#t,ms massf-Ar
0.003 1.000000000000000000e+00
0.005 1.000000000000000000e+00
0.008 1.000000000000000000e+00
0.01 1.000000000000000000e+00
0.0129324 1.000000000000000000e+00
0.0152784 1.000000000000000000e+00
0.0176291 1.000000000000000000e+00
0.0205694 1.000000000000000000e+00
0.0229245 1.000000000000000000e+00
0.0252824 1.000000000000000000e+00
0.0276402 1.000000000000000000e+00
0.0305804 1.000000000000000000e+00
0.0329326 1.000000000000000000e+00
0.0352671 1.000000000000000000e+00
0.0375956 1.000000000000000000e+00
0.040494 1.000000000000000000e+00
0.0427981 1.000000000000000000e+00
0.0451022 1.000000000000000000e+00
0.0479388 1.000000000000000000e+00
0.0502082 1.000000000000000000e+00
0.0530041 1.000000000000000000e+00
0.0552327 1.000000000000000000e+00
0.0579873 1.000000000000000000e+00
0.0601743 1.000000000000000000e+00
0.0628915 1.000000000000000000e+00
0.0650454 1.000000000000000000e+00
0.0677309 1.000000000000000000e+00
0.0703885 1.000000000000000000e+00
0.0725147 1.000000000000000000e+00
0.0751435 1.000000000000000000e+00
0.0777723 1.000000000000000000e+00
0.0803793 1.000000000000000000e+00
0.0829862 1.000000000000000000e+00
0.0850594 1.000000000000000000e+00
0.0876508 1.000000000000000000e+00
0.090234 1.000000000000000000e+00
0.0928152 1.000000000000000000e+00
0.0953792 1.000000000000000000e+00
0.0979388 1.000000000000000000e+00
0.100475 1.000000000000000000e+00
0.103006 1.000000000000000000e+00
0.105016 1.000000000000000000e+00
0.107524 1.000000000000000000e+00
0.11002 1.000000000000000000e+00
0.112509 1.000000000000000000e+00
0.115485 1.000000000000000000e+00
0.117961 1.000000000000000000e+00
0.120429 1.000000000000000000e+00
0.122896 1.000000000000000000e+00
0.125358 1.000000000000000000e+00
0.127819 1.000000000000000000e+00
0.130279 1.000000000000000000e+00
0.132739 1.000000000000000000e+00
0.135199 1.000000000000000000e+00
0.13766 1.000000000000000000e+00
0.140113 1.000000000000000000e+00
0.142564 1.000000000000000000e+00
0.145009 1.000000000000000000e+00
0.147941 1.000000000000000000e+00
0.150379 1.000000000000000000e+00
0.152817 1.000000000000000000e+00
0.155251 1.000000000000000000e+00
0.157686 1.000000000000000000e+00
0.160119 1.000000000000000000e+00
0.162553 1.000000000000000000e+00
0.165473 1.000000000000000000e+00
0.167908 1.000000000000000000e+00
0.170344 1.000000000000000000e+00
0.17278 1.000000000000000000e+00
0.175219 1.000000000000000000e+00
0.177658 1.000000000000000000e+00
0.180096 1.000000000000000000e+00
0.182534 1.000000000000000000e+00
0.185458 1.000000000000000000e+00
0.187895 1.000000000000000000e+00
0.190332 1.000000000000000000e+00
0.192769 1.000000000000000000e+00
0.195206 1.000000000000000000e+00
0.197644 1.000000000000000000e+00
0.200084 1.000000000000000000e+00
0.202524 1.000000000000000000e+00
0.205454 1.000000000000000000e+00
0.207897 1.000000000000000000e+00
0.210342 1.000000000000000000e+00
0.212788 1.000000000000000000e+00
0.215236 1.000000000000000000e+00
0.217684 1.000000000000000000e+00
0.220132 1.000000000000000000e+00
0.222581 1.000000000000000000e+00
0.225029 1.000000000000000000e+00
0.227969 1.000000000000000000e+00
0.23042 1.000000000000000000e+00
0.232872 1.000000000000000000e+00
0.235324 1.000000000000000000e+00
0.237778 1.000000000000000000e+00
0.240232 1.000000000000000000e+00
0.242687 1.000000000000000000e+00
0.245143 1.000000000000000000e+00
0.247601 1.000000000000000000e+00
0.250059 1.000000000000000000e+00
0.252517 1.000000000000000000e+00
0.255468 1.000000000000000000e+00
0.257927 1.000000000000000000e+00
0.260387 1.000000000000000000e+00
0.262847 1.000000000000000000e+00
0.265308 1.000000000000000000e+00
0.267769 1.000000000000000000e+00
0.27023 1.000000000000000000e+00
0.272692 1.000000000000000000e+00
0.275154 1.000000000000000000e+00
0.277616 1.000000000000000000e+00
0.280079 1.000000000000000000e+00
0.282542 1.000000000000000000e+00
0.285005 1.000000000000000000e+00
0.287961 1.000000000000000000e+00
0.290425 1.000000000000000000e+00
0.292888 1.000000000000000000e+00
0.295351 1.000000000000000000e+00
0.297815 1.000000000000000000e+00
0.300278 1.000000000000000000e+00
0.302742 1.000000000000000000e+00
0.305205 1.000000000000000000e+00
0.307668 1.000000000000000000e+00
0.310131 1.000000000000000000e+00
0.312594 1.000000000000000000e+00
0.315058 1.000000000000000000e+00
0.317521 1.000000000000000000e+00
0.320477 1.000000000000000000e+00
0.322941 1.000000000000000000e+00
0.325404 1.000000000000000000e+00
0.327867 1.000000000000000000e+00
0.33033 1.000000000000000000e+00
0.332793 1.000000000000000000e+00
0.335256 1.000000000000000000e+00
0.337719 1.000000000000000000e+00
0.340182 1.000000000000000000e+00
0.342644 1.000000000000000000e+00
0.345107 1.000000000000000000e+00
0.347569 1.000000000000000000e+00
0.350032 1.000000000000000000e+00
0.352987 1.000000000000000000e+00
0.355449 1.000000000000000000e+00
0.357912 1.000000000000000000e+00
0.360375 1.000000000000000000e+00
0.362838 1.000000000000000000e+00
0.365301 1.000000000000000000e+00
0.367764 1.000000000000000000e+00
0.370227 1.000000000000000000e+00
0.372691 1.000000000000000000e+00
0.375154 1.000000000000000000e+00
0.377618 1.000000000000000000e+00
0.380082 1.000000000000000000e+00
0.382546 1.000000000000000000e+00
0.38501 1.000000000000000000e+00
0.387967 1.000000000000000000e+00
0.390432 1.000000000000000000e+00
0.392896 1.000000000000000000e+00
0.395361 1.000000000000000000e+00
0.397825 1.000000000000000000e+00
0.40029 1.000000000000000000e+00
0.402754 1.000000000000000000e+00
0.405219 1.000000000000000000e+00
0.407684 1.000000000000000000e+00
0.410149 1.000000000000000000e+00
0.412614 1.000000000000000000e+00
0.41508 1.000000000000000000e+00
0.417545 1.000000000000000000e+00
0.42001 1.000000000000000000e+00
0.422969 1.000000000000000000e+00
0.425435 1.000000000000000000e+00
0.4279 1.000000000000000000e+00
0.430367 1.000000000000000000e+00
0.432833 1.000000000000000000e+00
0.4353 1.000000000000000000e+00
0.437766 1.000000000000000000e+00
0.440233 1.000000000000000000e+00
0.4427 1.000000000000000000e+00
0.445166 1.000000000000000000e+00
0.447633 1.000000000000000000e+00
0.4501 1.000000000000000000e+00
0.452567 1.000000000000000000e+00
0.455035 1.000000000000000000e+00
0.457502 1.000000000000000000e+00
0.460463 1.000000000000000000e+00
0.462931 1.000000000000000000e+00
0.465399 1.000000000000000000e+00
0.467867 1.000000000000000000e+00
0.470334 1.000000000000000000e+00
0.472802 1.000000000000000000e+00
0.475269 1.000000000000000000e+00
0.477736 1.000000000000000000e+00
0.480203 1.000000000000000000e+00
0.48267 1.000000000000000000e+00
0.485137 1.000000000000000000e+00
0.487604 1.000000000000000000e+00
0.490071 1.000000000000000000e+00
0.492538 1.000000000000000000e+00
0.495005 1.000000000000000000e+00
0.497965 1.000000000000000000e+00
0.500431 1.000000000000000000e+00
0.502898 1.000000000000000000e+00
0.505364 1.000000000000000000e+00
0.50783 1.000000000000000000e+00
0.510296 1.000000000000000000e+00
0.512761 1.000000000000000000e+00
0.515227 1.000000000000000000e+00
0.517693 1.000000000000000000e+00
0.520158 1.000000000000000000e+00
0.522624 1.000000000000000000e+00
0.525089 1.000000000000000000e+00
0.527554 1.000000000000000000e+00
0.530019 1.000000000000000000e+00
0.532976 1.000000000000000000e+00
0.53544 1.000000000000000000e+00
0.537904 1.000000000000000000e+00
0.540368 1.000000000000000000e+00
0.542831 1.000000000000000000e+00
0.545294 1.000000000000000000e+00
0.547757 1.000000000000000000e+00
0.55022 1.000000000000000000e+00
0.552682 1.000000000000000000e+00
0.555143 1.000000000000000000e+00
0.557605 1.000000000000000000e+00
0.560066 1.000000000000000000e+00
0.562527 1.000000000000000000e+00
0.56548 1.000000000000000000e+00
0.56794 1.000000000000000000e+00
0.5704 1.000000000000000000e+00
0.57286 1.000000000000000000e+00
0.57532 1.000000000000000000e+00
0.577779 1.000000000000000000e+00
0.580238 1.000000000000000000e+00
0.582696 1.000000000000000000e+00
0.585154 1.000000000000000000e+00
0.587611 1.000000000000000000e+00
0.590068 1.000000000000000000e+00
0.592525 1.000000000000000000e+00
0.595472 1.000000000000000000e+00
0.597928 1.000000000000000000e+00
0.600383 1.000000000000000000e+00
0.602838 1.000000000000000000e+00
0.605293 1.000000000000000000e+00
0.607747 1.000000000000000000e+00
0.6102 1.000000000000000000e+00
0.612653 1.000000000000000000e+00
0.615106 1.000000000000000000e+00
0.617558 1.000000000000000000e+00
0.62001 1.000000000000000000e+00
0.622952 1.000000000000000000e+00
0.625403 1.000000000000000000e+00
0.627854 1.000000000000000000e+00
0.630304 1.000000000000000000e+00
0.632754 1.000000000000000000e+00
0.635204 1.000000000000000000e+00
0.637652 1.000000000000000000e+00
0.640101 1.000000000000000000e+00
0.642549 1.000000000000000000e+00
0.645486 1.000000000000000000e+00
0.647933 1.000000000000000000e+00
0.650379 1.000000000000000000e+00
0.652825 1.000000000000000000e+00
0.65527 1.000000000000000000e+00
0.657715 1.000000000000000000e+00
0.660159 1.000000000000000000e+00
0.662603 1.000000000000000000e+00
0.665047 1.000000000000000000e+00
0.667978 1.000000000000000000e+00
0.67042 1.000000000000000000e+00
0.672862 1.000000000000000000e+00
0.675304 1.000000000000000000e+00
0.677745 1.000000000000000000e+00
0.680185 1.000000000000000000e+00
0.682625 1.000000000000000000e+00
0.685064 1.000000000000000000e+00
0.687503 1.000000000000000000e+00
0.690429 1.000000000000000000e+00
0.692867 1.000000000000000000e+00
0.695304 1.000000000000000000e+00
0.697741 1.000000000000000000e+00
0.700177 1.000000000000000000e+00
0.702612 1.000000000000000000e+00
0.705047 1.000000000000000000e+00
0.707968 1.000000000000000000e+00
0.710402 1.000000000000000000e+00
0.712835 1.000000000000000000e+00
0.715267 1.000000000000000000e+00
0.7177 1.000000000000000000e+00
0.720131 1.000000000000000000e+00
0.722562 1.000000000000000000e+00
0.725477 1.000000000000000000e+00
0.727907 1.000000000000000000e+00
0.730336 1.000000000000000000e+00
0.732764 1.000000000000000000e+00
0.735192 1.000000000000000000e+00
0.737619 1.000000000000000000e+00
0.740045 1.000000000000000000e+00
0.742957 1.000000000000000000e+00
0.745382 1.000000000000000000e+00
0.747807 1.000000000000000000e+00
0.75023 1.000000000000000000e+00
0.752654 1.000000000000000000e+00
0.755076 1.000000000000000000e+00
0.757982 1.000000000000000000e+00
0.760403 1.000000000000000000e+00
0.762822 1.000000000000000000e+00
0.765241 1.000000000000000000e+00
0.767658 1.000000000000000000e+00
0.770075 1.000000000000000000e+00
0.772973 1.000000000000000000e+00
0.775388 1.000000000000000000e+00
0.777801 1.000000000000000000e+00
0.780214 1.000000000000000000e+00
0.782625 1.000000000000000000e+00
0.785035 1.000000000000000000e+00
0.787926 1.000000000000000000e+00
0.790334 1.000000000000000000e+00
0.792739 1.000000000000000000e+00
0.795145 1.000000000000000000e+00
0.797548 1.000000000000000000e+00
0.800431 1.000000000000000000e+00
0.802831 1.000000000000000000e+00
0.805231 1.000000000000000000e+00
0.807629 1.000000000000000000e+00
0.810027 1.000000000000000000e+00
0.812902 1.000000000000000000e+00
0.815296 1.000000000000000000e+00
0.817689 1.000000000000000000e+00
0.820081 1.000000000000000000e+00
0.82295 1.000000000000000000e+00
0.825339 1.000000000000000000e+00
0.827728 1.000000000000000000e+00
0.830115 1.000000000000000000e+00
0.832501 1.000000000000000000e+00
0.835362 1.000000000000000000e+00
0.837745 1.000000000000000000e+00
0.840127 1.000000000000000000e+00
0.842508 1.000000000000000000e+00
0.845363 1.000000000000000000e+00
0.847741 1.000000000000000000e+00
0.850117 1.000000000000000000e+00
0.852968 1.000000000000000000e+00
0.855342 1.000000000000000000e+00
0.857715 1.000000000000000000e+00
0.860086 1.000000000000000000e+00
0.86293 1.000000000000000000e+00
0.865299 1.000000000000000000e+00
0.867666 1.000000000000000000e+00
0.870033 1.000000000000000000e+00
0.872871 1.000000000000000000e+00
0.875235 1.000000000000000000e+00
0.877597 1.000000000000000000e+00
0.880431 1.000000000000000000e+00
0.882791 1.000000000000000000e+00
0.88515 1.000000000000000000e+00
0.887508 1.000000000000000000e+00
0.890336 1.000000000000000000e+00
0.892691 1.000000000000000000e+00
0.895046 1.000000000000000000e+00
0.897869 1.000000000000000000e+00
0.900221 1.000000000000000000e+00
0.902572 1.000000000000000000e+00
0.905391 1.000000000000000000e+00
0.907739 1.000000000000000000e+00
0.910086 1.000000000000000000e+00
0.912901 1.000000000000000000e+00
0.915245 1.000000000000000000e+00
0.917589 1.000000000000000000e+00
0.920399 1.000000000000000000e+00
0.922741 1.000000000000000000e+00
0.92508 1.000000000000000000e+00
0.927887 1.000000000000000000e+00
0.930224 1.000000000000000000e+00
0.932562 1.000000000000000000e+00
0.935364 1.000000000000000000e+00
0.937699 1.000000000000000000e+00
0.940032 1.000000000000000000e+00
0.94283 1.000000000000000000e+00
0.945161 1.000000000000000000e+00
0.947956 1.000000000000000000e+00
0.950285 1.000000000000000000e+00
0.952612 1.000000000000000000e+00
0.955404 1.000000000000000000e+00
0.957728 1.000000000000000000e+00
0.960052 1.000000000000000000e+00
0.962839 1.000000000000000000e+00
0.965161 1.000000000000000000e+00
0.967945 1.000000000000000000e+00
0.970264 1.000000000000000000e+00
0.972582 1.000000000000000000e+00
0.975363 1.000000000000000000e+00
0.977678 1.000000000000000000e+00
0.980456 1.000000000000000000e+00
0.98277 1.000000000000000000e+00
0.985082 1.000000000000000000e+00
0.987856 1.000000000000000000e+00
0.990166 1.000000000000000000e+00
0.992938 1.000000000000000000e+00
0.995245 1.000000000000000000e+00
0.997553 1.000000000000000000e+00
1.00032 1.000000000000000000e+00
1.00262 1.000000000000000000e+00
1.00539 1.000000000000000000e+00
1.00769 1.000000000000000000e+00
1.01045 1.000000000000000000e+00
1.01275 1.000000000000000000e+00
1.01505 1.000000000000000000e+00
1.01781 1.000000000000000000e+00
1.02011 1.000000000000000000e+00
1.02286 1.000000000000000000e+00
1.02516 1.000000000000000000e+00
1.02791 1.000000000000000000e+00
1.0302 1.000000000000000000e+00
1.03295 1.000000000000000000e+00
1.03524 1.000000000000000222e+00
1.03753 1.000000000000000000e+00
1.04027 1.000000000000000000e+00
1.04256 1.000000000000000000e+00
1.0453 9.999999999999998890e-01
1.04759 1.000000000000000000e+00
1.05033 1.000000000000000000e+00
1.05261 1.000000000000000000e+00
1.05535 1.000000000000000000e+00
1.05763 1.000000000000000000e+00
1.06036 9.999999999999998890e-01
1.06264 9.999999999999998890e-01
1.06537 1.000000000000000000e+00
1.06765 1.000000000000000000e+00
1.07038 1.000000000000000000e+00
1.07265 1.000000000000000222e+00
1.07538 1.000000000000000000e+00
1.07765 1.000000000000000000e+00
1.08038 1.000000000000000000e+00
1.08264 1.000000000000000000e+00
1.08537 1.000000000000000000e+00
1.08763 1.000000000000000000e+00
1.09035 9.999999999999998890e-01
1.09262 1.000000000000000000e+00
1.09533 9.999999999999998890e-01
1.0976 1.000000000000000000e+00
1.10031 1.000000000000000000e+00
1.10257 9.999999998361480680e-01
1.10528 9.999999956608843776e-01
1.10754 9.999999473084922874e-01
1.11025 9.999997282501901230e-01
1.1125 9.999987708754731752e-01
1.11521 9.999970612201157794e-01
1.11791 9.999946753653157216e-01
1.12017 9.999921449283032393e-01
1.12287 9.999886231183809926e-01
1.12512 9.999854455774238593e-01
1.12782 9.999815070099946634e-01
1.13007 9.999781952019700659e-01
1.13276 9.999742348452305141e-01
1.13501 9.999709579550446481e-01
1.1377 9.999670585890563235e-01
1.14039 9.999631986633022995e-01
1.14264 9.999600143349772763e-01
1.14533 9.999562292936804431e-01
1.14757 9.999530967022050021e-01
1.15025 9.999493631005597072e-01
1.15294 9.999456561953071754e-01
1.15518 9.999425908957736420e-01
1.15786 9.999389435503746038e-01
1.1601 9.999359327660194419e-01
1.16278 9.999323585885662169e-01
1.16501 9.999294137327635612e-01
1.16769 9.999259246530790568e-01
1.17036 9.999224795813975719e-01
1.17259 9.999196415138893457e-01
1.17526 9.999162705822391972e-01
1.17794 9.999129345167223626e-01
1.18017 9.999101778677728092e-01
1.18284 9.999068960807770967e-01
1.18507 9.999041808132704823e-01
1.18775 9.999009462012139471e-01
1.19043 9.998977351677865721e-01
1.19267 9.998950787184262001e-01
1.19535 9.998919136066304336e-01
1.19758 9.998892964105022818e-01
1.20027 9.998861809891104180e-01
1.2025 9.998836067386719373e-01
1.20519 9.998805455160371114e-01
1.20788 9.998775150119275645e-01
1.21012 9.998750149020362299e-01
1.21281 9.998720436447088300e-01
1.21505 9.998695931387067137e-01
1.21774 9.998666815335399694e-01
1.22043 9.998638013023074533e-01
1.22268 9.998614241236946087e-01
1.22537 9.998585982257325311e-01
1.22762 9.998562657947774879e-01
1.23032 9.998534923949731201e-01
1.23257 9.998512033336950378e-01
1.23527 9.998484808608235630e-01
1.23752 9.998462333472200037e-01
1.24022 9.998435598491458576e-01
1.24292 9.998409117999317308e-01
1.24517 9.998387236432769720e-01
1.24788 9.998361186031009540e-01
1.25013 9.998339644993868847e-01
1.25284 9.998313971703615133e-01
1.2551 9.998292721481703005e-01
1.25781 9.998267359102057661e-01
1.26007 9.998246335877450930e-01
1.26278 9.998221209207222016e-01
1.26504 9.998200343638784515e-01
1.26776 9.998175366372985540e-01
1.27002 9.998154585627834212e-01
1.27274 9.998129671634795601e-01
1.275 9.998108906948730557e-01
1.27772 9.998083979743342953e-01
1.28044 9.998059010353864684e-01
1.28271 9.998038172052017281e-01
1.28543 9.998013109054797454e-01
1.2877 9.997992178120640450e-01
1.29043 9.997967000777403523e-01
1.2927 9.997945970007173777e-01
1.29543 9.997920680545853145e-01
1.2977 9.997899559198737407e-01
1.30043 9.997874175163631305e-01
1.30271 9.997852981021311258e-01
1.30544 9.997827521340090229e-01
1.30772 9.997806275079197391e-01
1.31045 9.997780756812133518e-01
1.31273 9.997759468602330779e-01
1.31501 9.997738163605345285e-01
1.31775 9.997712572850022683e-01
1.32003 9.997691227850787898e-01
1.32277 9.997665595668666638e-01
1.32506 9.997644216437827636e-01
1.3278 9.997618553506729677e-01
1.33008 9.997597151212351818e-01
1.33283 9.997571469406626443e-01
1.33512 9.997550060556508189e-01
1.33786 9.997524375842767874e-01
1.34015 9.997502976411087872e-01
1.3429 9.997477299780976878e-01
1.34519 9.997455889644484284e-01
1.34794 9.997430146011523355e-01
1.35024 9.997408619506338301e-01
1.35253 9.997386976759252697e-01
1.35528 9.997360792686313946e-01
1.35758 9.997338712938986793e-01
1.36033 9.997311817818224089e-01
1.36263 9.997288978720507702e-01
1.36539 9.997260967259312681e-01
1.36769 9.997237045262276078e-01
1.37045 9.997207573392281610e-01
1.37275 9.997182333091794160e-01
1.37505 9.997156450748327927e-01
1.37781 9.997124556089455050e-01
1.38012 9.997097315459124722e-01
1.38288 9.997063957228570219e-01
1.38518 9.997035725878042900e-01
1.38795 9.997001592121242952e-01
1.39026 9.996973153695761782e-01
1.39256 9.996944957861170211e-01
1.39533 9.996911719223273707e-01
1.39764 9.996884729223831645e-01
1.40041 9.996853388887853020e-01
1.40272 9.996828232622047006e-01
1.40504 9.996803979883729374e-01
1.40781 9.996776030152290105e-01
1.41012 9.996753614303941493e-01
1.4129 9.996727592080908442e-01
1.41521 9.996706524708872665e-01
1.41753 9.996685953901949251e-01
1.42031 9.996661941676714402e-01
1.42262 9.996642547610965490e-01
1.4254 9.996620154993528518e-01
1.42772 9.996602355529289330e-01
1.43004 9.996585458463687068e-01
1.43283 9.996566548292147303e-01
1.43515 9.996552047126745499e-01
1.43793 9.996536387007356472e-01
1.44025 9.996524923216922875e-01
1.44258 9.996515237456204961e-01
1.44536 9.996506025763732817e-01
1.44769 9.996500393018260544e-01
1.45001 9.996497414899010447e-01
1.4528 9.996496693696816926e-01
1.45513 9.996498272544827035e-01
1.45792 9.996505520993599347e-01
1.46025 9.996516705593025964e-01
1.46258 9.996533076180514898e-01
1.46538 9.996560433912250465e-01
1.46771 9.996590408364308677e-01
1.47004 9.996627358497751636e-01
1.47284 9.996681373662776871e-01
1.47517 9.996734911490209319e-01
1.4775 9.996796598866806161e-01
1.48031 9.996881731763921364e-01
1.48264 9.996962195165388643e-01
1.48545 9.997070213586832788e-01
1.48779 9.997169745339714586e-01
1.49013 9.997277640519607322e-01
1.49293 9.997417654247614527e-01
1.49528 9.997542389814567665e-01
1.49762 9.997673651552003715e-01
1.50043 9.997838396972262842e-01
1.50278 9.997980363335653431e-01
1.50513 9.998125230110923578e-01
1.50794 9.998300825716625040e-01
1.5103 9.998446928917510412e-01
1.51265 9.998591074197632489e-01
1.515 9.998731874438145928e-01
1.51783 9.998894210891000611e-01
1.52019 9.999022617898339904e-01
1.52255 9.999143365651831372e-01
1.52538 9.999277169371609819e-01
1.52775 9.999378471671681590e-01
1.53012 9.999470217207582223e-01
1.53297 9.999567361303208779e-01
1.53534 9.999637724947136874e-01
1.53772 9.999698773930185691e-01
1.5401 9.999751052630875270e-01
1.54297 9.999803116522721913e-01
1.54536 9.999838500840049216e-01
1.54775 9.999867496555732149e-01
1.55015 9.999890928037364901e-01
1.55255 9.999909685778913815e-01
1.55544 9.999927190951064526e-01
1.55785 9.999938563345602827e-01
1.56027 9.999947766342995870e-01
1.56269 9.999955415844675732e-01
1.56512 9.999961909312859998e-01
1.56755 9.999967528067136291e-01
1.57048 9.999973309502164787e-01
1.57293 9.999977452299442238e-01
1.57538 9.999981027983032567e-01
1.57784 9.999984107642765352e-01
1.58031 9.999986725640905849e-01
1.58278 9.999988946282211133e-01
1.58526 9.999990807596728093e-01
1.58775 9.999992366946067746e-01
1.59024 9.999993660109371962e-01
1.59274 9.999994734278040420e-01
1.59524 9.999995622040440679e-01
1.59776 9.999996360632907866e-01
1.60028 9.999996972643325766e-01
1.60281 9.999997485682046161e-01
1.60534 9.999997919591517848e-01
1.60789 9.999998294515125563e-01
1.61044 9.999998614490280824e-01
1.613 9.999998879641417426e-01
1.61505 9.999999052017348733e-01
1.61763 9.999999217563064757e-01
1.62021 9.999999347043341258e-01
1.62281 9.999999468770482958e-01
1.62541 9.999999594135067227e-01
1.6275 9.999999668137288245e-01
1.63012 9.999999709792699587e-01
1.63275 9.999999673613649831e-01
1.63539 9.999999653530226018e-01
1.6375 9.999999544229642989e-01
1.64016 9.999999469215593573e-01
1.64282 9.999999270651075411e-01
1.6455 9.999998896595738707e-01
1.64764 9.999999017426711712e-01
1.65034 9.999998139700645439e-01
1.65304 9.999997620494363026e-01
1.65521 9.999996934693686779e-01
1.65793 9.999995055679783418e-01
1.66011 9.999993936598245980e-01
1.66285 9.999992630134376670e-01
1.66505 9.999989950393168847e-01
1.6678 9.999985558593745827e-01
1.67001 9.999980863049547919e-01
1.67278 9.999973576889834570e-01
1.675 9.999964461362351731e-01
1.67779 9.999947338850192491e-01
1.68002 9.999926739098485839e-01
1.68282 9.999896798928290531e-01
1.68506 9.999881357302246032e-01
1.68788 9.999857808442220719e-01
1.69013 9.999849122806031554e-01
1.69296 9.999841962136634121e-01
1.69523 9.999822363662649316e-01
1.69807 9.999773300559439138e-01
1.70035 9.999705945702929144e-01
1.70263 9.999610793848050516e-01
1.7055 9.999456058600236785e-01
1.7078 9.999310052376794156e-01
1.7101 9.999146580687376940e-01
1.71299 9.998927158666065518e-01
1.7153 9.998746005483507560e-01
1.71763 9.998564433870980039e-01
1.72054 9.998335991405342682e-01
1.72287 9.998145663624575796e-01
1.72521 9.997944372434555138e-01
1.72756 9.997729327477331562e-01
1.7305 9.997443680401273403e-01
1.73285 9.997206146328507792e-01
1.7352 9.996964675861319538e-01
1.73755 9.996722937053237334e-01
1.74038 9.996433986202432065e-01
1.74265 9.996209113784944034e-01
1.74536 9.995940046928442069e-01
1.74803 9.995672974710946290e-01
1.7502 9.995458120944922253e-01
1.75291 9.995191631496398443e-01
1.75507 9.994983839940914105e-01
1.75774 9.994730496282207000e-01
1.76038 9.994483401453363447e-01
1.76298 9.994242947507059327e-01
1.76506 9.994051834327470907e-01
1.76768 9.993814315304331286e-01
1.77029 9.993581100522875849e-01
1.7729 9.993352396854326969e-01
1.77551 9.993126475327037683e-01
1.77758 9.992948203853587730e-01
1.78018 9.992727744978637805e-01
1.78281 9.992506572578336854e-01
1.78543 9.992285586476612469e-01
1.7875 9.992109615684870993e-01
1.7901 9.991886976484312122e-01
1.79275 9.991657002972382795e-01
1.79542 9.991425790261482254e-01
1.79754 9.991244626257576034e-01
1.80017 9.991021532348742795e-01
1.8028 9.990803030308058608e-01
1.80542 9.990588697735680590e-01
1.80752 9.990418958951694517e-01
1.81016 9.990208678420099409e-01
1.81279 9.990001731707346400e-01
1.81541 9.989798479685236821e-01
1.81751 9.989638213780890341e-01
1.82013 9.989440993023527282e-01
1.82276 9.989246528227353483e-01
1.82544 9.989052335689549977e-01
1.82759 9.988899588433409749e-01
1.83023 9.988713954311819743e-01
1.83288 9.988513236253891980e-01
1.83501 9.988350454502559206e-01
1.83768 9.988161942569505625e-01
1.84033 9.987982215525927909e-01
1.84297 9.987804044087752464e-01
1.84508 9.987664993233409394e-01
1.84771 9.987495962200100275e-01
1.85038 9.987330281764479345e-01
1.85253 9.987200942807805681e-01
1.85521 9.987045192419936601e-01
1.85789 9.986896176698394356e-01
1.86004 9.986781385369057906e-01
1.86273 9.986642979742779147e-01
1.86542 9.986510866856387336e-01
1.86754 9.986410179675123677e-01
1.8702 9.986288737088048206e-01
1.8729 9.986170208566037543e-01
1.87506 9.986078521789283347e-01
1.87775 9.985968644752687418e-01
1.88044 9.985863784889319472e-01
1.88259 9.985783041513225378e-01
1.88528 9.985685614268050569e-01
1.88798 9.985591260875219533e-01
1.89014 9.985517292573847792e-01
1.89283 9.985425736236458460e-01
1.89551 9.985334445431417461e-01
1.89765 9.985260571394101170e-01
1.90034 9.985166157115448193e-01
1.90302 9.985069126613422830e-01
1.90518 9.984989498402251362e-01
1.90787 9.984888048953562967e-01
1.91051 9.984786723154828181e-01
1.91263 9.984704910561498226e-01
1.91533 9.984600261428391299e-01
1.91803 9.984494918930403307e-01
1.92019 9.984410926549017740e-01
1.92288 9.984306086761494115e-01
1.92506 9.984221538435431587e-01
1.9278 9.984115168898197723e-01
1.93051 9.984010425964140456e-01
1.93263 9.983928415355729502e-01
1.9353 9.983826239000201941e-01
1.93798 9.983724086092232719e-01
1.94012 9.983642693795694578e-01
1.9428 9.983541177457633253e-01
1.94548 9.983440121299815839e-01
1.94764 9.983359244757835649e-01
1.95033 9.983258322657891926e-01
1.9525 9.983176993774061092e-01
1.95522 9.983075005842759753e-01
1.95793 9.982973378196328129e-01
1.96008 9.982892273918607673e-01
1.96278 9.982790866321390455e-01
1.96548 9.982689488594669314e-01
1.96763 9.982608594303830074e-01
1.9703 9.982508206137218343e-01
1.97298 9.982407965460532440e-01
1.97513 9.982327736847538269e-01
1.97782 9.982228203623810803e-01
1.9805 9.982130193226927961e-01
1.98264 9.982052617065517719e-01
1.98533 9.981956787391281782e-01
1.98801 9.981862577460117736e-01
1.99016 9.981788427465386748e-01
1.99285 9.981697389416771538e-01
1.995 9.981625692226181457e-01
1.9977 9.981537365452625155e-01
2.00039 9.981450913016531867e-01
2.00253 9.981383172644391344e-01
2.00521 9.981299312607626595e-01
2.00793 9.981215105413610011e-01
2.0101 9.981148226329976669e-01
2.0128 9.981065628014407221e-01
2.0155 9.980983324219261377e-01
2.01765 9.980917801825627267e-01
2.02033 9.980835816083406531e-01
2.02304 9.980753091767619045e-01
2.02521 9.980686737319863777e-01
2.02792 9.980603975289180640e-01
2.03009 9.980538022260190267e-01
2.03279 9.980456131527489783e-01
2.03549 9.980375161118815175e-01
2.03765 9.980311196812320373e-01
2.04033 9.980232420203334343e-01
2.04303 9.980153767447088597e-01
2.0452 9.980090526141589535e-01
2.04791 9.980011886572693891e-01
2.05008 9.979949378651059577e-01
2.0528 9.979871855224550226e-01
2.0555 9.979795463263435584e-01
2.05766 9.979735014884089095e-01
2.06037 9.979659848923742027e-01
2.06254 9.979600120800738994e-01
2.06525 9.979526451209955740e-01
2.06795 9.979453948675716113e-01
2.07011 9.979396401193617594e-01
2.07281 9.979324830193931906e-01
2.07552 9.979253871660797026e-01
2.07767 9.979197691536997317e-01
2.08036 9.979127800681573124e-01
2.08257 9.979070640487975874e-01
2.08533 9.978999377475190613e-01
2.08751 9.978943346514684842e-01
2.09022 9.978873813877184862e-01
2.09292 9.978804456058573136e-01
2.09508 9.978749078974140652e-01
2.09778 9.978680016383788542e-01
2.10048 9.978611204411033109e-01
2.10263 9.978556319149980425e-01
2.10533 9.978487983860128141e-01
2.10803 9.978419924997123935e-01
2.1102 9.978365447704414803e-01
2.11292 9.978297816516182861e-01
2.1151 9.978244110768679231e-01
2.11782 9.978177383546287249e-01
2.12053 9.978111137686338505e-01
2.12271 9.978058514917622634e-01
2.12542 9.977993483877045655e-01
2.12758 9.977942018267819124e-01
2.13028 9.977878239636613911e-01
2.13298 9.977814840294451093e-01
2.13514 9.977764340147374789e-01
2.13785 9.977701401571832385e-01
2.14002 9.977651374928504513e-01
2.14273 9.977589301996199200e-01
2.14543 9.977527551102718384e-01
2.1476 9.977478312296953478e-01
2.1503 9.977416739554293423e-01
2.153 9.977355009018125109e-01
2.15516 9.977305265269778012e-01
2.15786 9.977242453159630431e-01
2.16001 9.977191514380610027e-01
2.16271 9.977126643430178632e-01
2.16541 9.977060399340347274e-01
2.16758 9.977006789413984666e-01
2.17027 9.976939442208453412e-01
2.17297 9.976871727333700424e-01
2.17513 9.976817327735265639e-01
2.17784 9.976749339453427901e-01
2.1805 9.976682411065859180e-01
2.18263 9.976628920760878261e-01
2.18535 9.976560682420690940e-01
2.18754 9.976505507859461108e-01
2.19025 9.976436352749251668e-01
2.19296 9.976366803798798477e-01
2.19514 9.976310376338789476e-01
2.19787 9.976238829520462925e-01
2.20005 9.976181459995829837e-01
2.20272 9.976110486792724164e-01
2.20539 9.976039243972245618e-01
2.20753 9.975982223712620556e-01
2.21021 9.975910993470962218e-01
2.2129 9.975839313476436709e-01
2.21505 9.975782013945008186e-01
2.21773 9.975710726220272662e-01
2.22041 9.975639541618299688e-01
2.22257 9.975582158878821826e-01
2.22528 9.975510307929719156e-01
2.22797 9.975439113112852807e-01
2.23011 9.975382568443452724e-01
2.23279 9.975312093200735530e-01
2.23547 9.975242003916707789e-01
2.23763 9.975186315629998024e-01
2.24034 9.975117004629511230e-01
2.2425 9.975062228539429698e-01
2.24521 9.974994716952391149e-01
2.24791 9.974928202565289670e-01
2.25005 9.974876372439980265e-01
2.25272 9.974812306001953344e-01
2.2554 9.974748685725219888e-01
2.25754 9.974698090204922041e-01
2.26025 9.974634471906206334e-01
2.26297 9.974570357477333671e-01
2.26513 9.974519096353933190e-01
2.26782 9.974454922580576754e-01
2.2705 9.974390293362845883e-01
2.27264 9.974338353833879234e-01
2.27532 9.974272825722698688e-01
2.27801 9.974206413079559352e-01
2.28017 9.974153078803209560e-01
2.2829 9.974085393244120912e-01
2.28508 9.974031241020849814e-01
2.28777 9.973964696062791457e-01
2.29045 9.973898605663031880e-01
2.29259 9.973845828397596147e-01
2.29527 9.973780049619010990e-01
2.29797 9.973714195476168776e-01
2.30014 9.973661560518444213e-01
2.30283 9.973596294238391557e-01
2.30552 9.973531660787229303e-01
2.30767 9.973480116298105713e-01
2.31036 9.973415779130293535e-01
2.31252 9.973364494914808143e-01
2.31523 9.973300236127783380e-01
2.31794 9.973236391220134944e-01
2.3201 9.973185714565278026e-01
2.32281 9.973122870637209925e-01
2.32552 9.973060783636025217e-01
2.32767 9.973011545513201792e-01
2.3304 9.972949860879329886e-01
2.33259 9.972900536635321833e-01
2.33532 9.972839689326749024e-01
2.33802 9.972779933838986643e-01
2.34019 9.972732481977794050e-01
2.3429 9.972673476171893814e-01
2.34507 9.972626737555509990e-01
2.34778 9.972569001255854326e-01
2.35049 9.972511757983786307e-01
2.35264 9.972466564685806834e-01
2.35534 9.972410501124631121e-01
2.35803 9.972354895620487714e-01
2.36018 9.972310713215999378e-01
2.36288 9.972255830130565268e-01
2.36503 9.972212188510988229e-01
2.36775 9.972157453907096736e-01
2.37051 9.972102285178349179e-01
2.3727 9.972058656795541598e-01
2.3754 9.972005404257878736e-01
2.37756 9.971963069682211467e-01
2.38029 9.971909875086450992e-01
2.38301 9.971857010450283498e-01
2.38521 9.971814706761069624e-01
2.38795 9.971762100341948765e-01
2.39012 9.971720850028240601e-01
2.39282 9.971670023630957447e-01
2.39501 9.971629276146590781e-01
2.39777 9.971578192579821920e-01
2.40051 9.971528065686100506e-01
2.40267 9.971488863899959920e-01
2.40538 9.971440306374600437e-01
2.40755 9.971401732925968542e-01
2.41027 9.971353976104594397e-01
2.41298 9.971306771835302118e-01
2.41515 9.971269408687667424e-01
2.41786 9.971223198586064429e-01
2.42003 9.971186585555518178e-01
2.42276 9.971140987666584632e-01
2.4255 9.971095666493697829e-01
2.42768 9.971059912695244831e-01
2.43039 9.971015808545382608e-01
2.43256 9.970980654574854718e-01
2.4353 9.970936593647476975e-01
2.43805 9.970892900868898456e-01
2.44024 9.970858174287545728e-01
2.44299 9.970814870351966119e-01
2.44516 9.970780747242674602e-01
2.44787 9.970738331229221929e-01
2.45007 9.970704219430316373e-01
2.45283 9.970661685707333799e-01
2.45502 9.970628096046798561e-01
2.45773 9.970586613556698952e-01
2.46047 9.970545010570690536e-01
2.46268 9.970511474706488242e-01
2.46544 9.970469744336631912e-01
2.46762 9.970436727639409025e-01
2.47035 9.970395389698328836e-01
2.47255 9.970361947758101806e-01
2.4753 9.970319969909481328e-01
2.47804 9.970277945259775620e-01
2.48023 9.970244164652797281e-01
2.48296 9.970201679684167484e-01
2.48515 9.970167444136609491e-01
2.48788 9.970124257052735972e-01
2.49007 9.970089456083838231e-01
2.49282 9.970045825159338237e-01
2.49502 9.970010812793975719e-01
2.49777 9.969967154181785807e-01
2.50051 9.969923975805126126e-01
2.5027 9.969889766247392870e-01
2.50543 9.969847766983533921e-01
2.50761 9.969814671050294397e-01
2.51033 9.969773677097031328e-01
2.51252 9.969741044823127174e-01
2.51525 9.969700272692494369e-01
2.51799 9.969659327953470651e-01
2.52018 9.969626338996483428e-01
2.52293 9.969584666917117310e-01
2.52512 9.969551104768769045e-01
2.52787 9.969508983030167526e-01
2.53007 9.969475210216880434e-01
2.5328 9.969433186854920192e-01
2.53554 9.969391326608463277e-01
2.53771 9.969357994489755903e-01
2.54043 9.969316251182912536e-01
2.54261 9.969282640274819141e-01
2.54534 9.969240293985516255e-01
2.54752 9.969206196056877856e-01
2.55023 9.969163372033607029e-01
2.55296 9.969120188933906501e-01
2.55515 9.969085233792174261e-01
2.5579 9.969041456099346776e-01
2.56008 9.969006688735060351e-01
2.5628 9.968963326710102990e-01
2.56553 9.968920192768888633e-01
2.5677 9.968885824878472857e-01
2.57042 9.968843017398840711e-01
2.5726 9.968808839961853518e-01
2.57532 9.968765986406521451e-01
2.57751 9.968731442453654390e-01
2.58024 9.968687940898799393e-01
2.58297 9.968644051879226309e-01
2.58516 9.968608644334279179e-01
2.58792 9.968563504654884833e-01
2.59014 9.968527191308719226e-01
2.59288 9.968482087925890633e-01
2.59507 9.968446085848327032e-01
2.5978 9.968401222398148853e-01
2.60054 9.968356778440672361e-01
2.60273 9.968321765370081744e-01
2.60547 9.968278980156870528e-01
2.60767 9.968245481979626232e-01
2.61042 9.968203927586962720e-01
2.61262 9.968170912287027674e-01
2.61538 9.968129618321045493e-01
2.61759 9.968096599276489167e-01
2.62033 9.968055316445951775e-01
2.62252 9.968021774565348769e-01
2.62527 9.967978938925482479e-01
2.62804 9.967935580563738185e-01
2.63024 9.967901089183059948e-01
2.63298 9.967858383649571552e-01
2.63517 9.967824338832280695e-01
2.63792 9.967781673042338531e-01
2.64013 9.967747477339627959e-01
2.64287 9.967704699180588435e-01
2.64506 9.967670193864525130e-01
2.64782 9.967626276417954623e-01
2.65003 9.967590730113010666e-01
2.65279 9.967546203788945069e-01
2.65552 9.967501558234029835e-01
2.65772 9.967465677179248029e-01
2.66046 9.967420717874800884e-01
2.66266 9.967384792873750232e-01
2.66539 9.967340085694946783e-01
2.66758 9.967304465938222613e-01
2.67032 9.967260229240562097e-01
2.6725 9.967225003194394306e-01
2.67526 9.967180860747253401e-01
2.67801 9.967136919556138785e-01
2.68021 9.967102118059725235e-01
2.68296 9.967058972881175372e-01
2.68516 9.967024586142495535e-01
2.68792 9.966981748466140489e-01
2.69013 9.966947726106220040e-01
2.69287 9.966905607760406793e-01
2.69506 9.966871991871687486e-01
2.69782 9.966829741932566877e-01
2.70003 9.966795975964283238e-01
2.70278 9.966753924563259703e-01
2.70553 9.966711914589768684e-01
2.70773 9.966678281703192921e-01
2.71048 9.966636158883032115e-01
2.7127 9.966602091086279591e-01
2.71549 9.966558965641861834e-01
2.71772 9.966524339975995073e-01
2.72047 9.966481245777749631e-01
2.72267 9.966446500904375672e-01
2.72541 9.966402772963089962e-01
2.72761 9.966367475943573861e-01
2.73035 9.966322926459250109e-01
2.73254 9.966286893151278248e-01
2.73528 9.966241373831046246e-01
2.73802 9.966195368801311627e-01
2.74021 9.966158198645174160e-01
2.74296 9.966111494252319902e-01
2.74517 9.966074156394896244e-01
2.74792 9.966027702404163247e-01
2.75013 9.965990895616332335e-01
2.75287 9.965945696839142443e-01
2.75506 9.965909975201378002e-01
2.75779 9.965865857726692312e-01
2.76052 9.965822015019062396e-01
2.76272 9.965786755886724135e-01
2.76547 9.965742364616417825e-01
2.76767 9.965706555525235544e-01
2.77042 9.965661384870869721e-01
2.77263 9.965624888914267343e-01
2.7754 9.965578732026399988e-01
2.77761 9.965541720590359587e-01
2.78038 9.965495524328324972e-01
2.78259 9.965458623717444731e-01
2.78534 9.965412786021742297e-01
2.78754 9.965376166926355195e-01
2.79029 9.965330388199279410e-01
2.79304 9.965284622121780567e-01
2.79523 9.965248158816422119e-01
2.79796 9.965202815835859651e-01
2.80014 9.965166509927994021e-01
2.80289 9.965120982012778406e-01
2.80509 9.965084616728319133e-01
2.80783 9.965039344949162547e-01
2.81002 9.965003144374976474e-01
2.81277 9.964957682330454203e-01
2.81552 9.964912175058395771e-01
2.81773 9.964875783128728237e-01
2.82049 9.964830344325796840e-01
2.8227 9.964793986223500211e-01
2.82547 9.964748517629278268e-01
2.82767 9.964712260498929108e-01
2.83041 9.964667304332076592e-01
2.8326 9.964631346531206413e-01
2.83536 9.964586202720683294e-01
2.83756 9.964550063071327957e-01
2.84032 9.964504725573523070e-01
2.84252 9.964468373349386621e-01
2.84528 9.964422878848310239e-01
2.84804 9.964377277279975464e-01
2.85024 9.964340667485769298e-01
2.853 9.964294733348249000e-01
2.85521 9.964257822247427621e-01
2.85798 9.964211370191453643e-01
2.86019 9.964174098459716022e-01
2.86295 9.964127655076461254e-01
2.86515 9.964090423023732601e-01
2.8679 9.964043798411162944e-01
2.87011 9.964006494996084928e-01
2.87286 9.963960061766441445e-01
2.87505 9.963923042952538278e-01
2.8778 9.963876638581604661e-01
2.88001 9.963839315600512281e-01
2.88277 9.963792635033674738e-01
2.88553 9.963745910594193900e-01
2.88774 9.963708462289709855e-01
2.89052 9.963661354914068458e-01
2.89274 9.963623624282461622e-01
2.89551 9.963576529951672089e-01
2.89772 9.963538932542015392e-01
2.90048 9.963492254259028735e-01
2.90268 9.963455114769224075e-01
2.90544 9.963408673854718955e-01
2.90765 9.963371457801248887e-01
2.91042 9.963325039758558210e-01
2.91264 9.963287956279547330e-01
2.91541 9.963241677117441464e-01
2.91762 9.963204765278554920e-01
2.92039 9.963158673838985457e-01
2.92261 9.963121719657324071e-01
2.92538 9.963075526617207744e-01
2.9276 9.963038702665640844e-01
2.93036 9.962992842324481790e-01
2.93257 9.962956273056875478e-01
2.93531 9.962910874273404049e-01
2.93751 9.962874613789023392e-01
2.94028 9.962828957203083702e-01
2.94305 9.962783473798005884e-01
2.94526 9.962747345015300349e-01
2.94801 9.962702290097092961e-01
2.95022 9.962666292562353254e-01
2.95299 9.962621391958056405e-01
2.95519 9.962585618108343866e-01
2.95795 9.962541123183550340e-01
2.96016 9.962505608428433579e-01
2.96293 9.962461148734297334e-01
2.96515 9.962425603488807013e-01
2.96791 9.962381371712548672e-01
2.97012 9.962345980656920341e-01
2.97288 9.962301759833714909e-01
2.97508 9.962266379159719909e-01
2.97785 9.962221958868755500e-01
2.98007 9.962186347550533450e-01
2.98285 9.962141837264204547e-01
2.98508 9.962106242889270380e-01
2.98787 9.962061888211037886e-01
2.99008 9.962026601456559494e-01
2.99285 9.961982573788870088e-01
2.99507 9.961947361822035552e-01
2.99785 9.961903463238860335e-01
3.00006 9.961868602936698736e-01
3.00281 9.961825135090692784e-01
3.00502 9.961790316921239619e-01
3.00778 9.961746593845245412e-01
3.01054 9.961702551697163566e-01
3.01275 9.961667135648075710e-01
3.01552 9.961622608616355068e-01
3.01776 9.961586548260279450e-01
3.02055 9.961541393473261063e-01
3.02277 9.961505598094395619e-01
3.02554 9.961460799591589366e-01
3.02776 9.961424842210465647e-01
3.03054 9.961379849923828189e-01
3.03276 9.961344017588578126e-01
3.03553 9.961299455336765085e-01
3.03774 9.961263906790576161e-01
3.04051 9.961219567776355976e-01
3.04272 9.961184123740575158e-01
3.04549 9.961139783210783971e-01
3.04771 9.961104289296920378e-01
3.05048 9.961059827885541118e-01
3.0527 9.961024198129259100e-01
3.05548 9.960979464538977091e-01
3.05771 9.960943609813392996e-01
3.06049 9.960898978222966216e-01
3.06271 9.960863492285499943e-01
3.06548 9.960819286287053709e-01
3.0677 9.960784051004931694e-01
3.07047 9.960740210463565614e-01
3.0727 9.960705161068614810e-01
3.07548 9.960661543272695262e-01
3.0777 9.960626931619622759e-01
3.08047 9.960583861882926771e-01
3.08269 9.960549326032254180e-01
3.08549 9.960506064304095464e-01
3.08772 9.960471589518026247e-01
3.0905 9.960428787170166887e-01
3.09272 9.960394583274663205e-01
3.09548 9.960352051581106148e-01
3.09769 9.960317975487857911e-01
3.10047 9.960275111186609465e-01
3.10269 9.960240746000030843e-01
3.10547 9.960197605427223433e-01
3.1077 9.960162979291456997e-01
3.11048 9.960119818522019663e-01
3.11269 9.960085432380622050e-01
3.11546 9.960042299791881382e-01
3.11768 9.960007552158621769e-01
3.12046 9.959964032572498072e-01
3.1227 9.959928901068212381e-01
3.1255 9.959884993145782239e-01
3.12772 9.959850179429320383e-01
3.13049 9.959806704325327997e-01
3.1327 9.959771768009495485e-01
3.13549 9.959727921063286082e-01
3.13771 9.959692766002459230e-01
3.14049 9.959648707171694371e-01
3.14272 9.959613382317291652e-01
3.14549 9.959569375303634065e-01
3.1477 9.959534174666238027e-01
3.15048 9.959490088675220232e-01
3.1527 9.959454831406840958e-01
3.15548 9.959410711613543299e-01
3.15771 9.959375399889858205e-01
3.16049 9.959331348586614174e-01
3.16271 9.959296186361781267e-01
3.16549 9.959252218935832346e-01
3.16771 9.959216998138540333e-01
3.17049 9.959172972185157402e-01
3.17273 9.959137540090799989e-01
3.17552 9.959093265784171312e-01
3.17775 9.959058093802359846e-01
3.18052 9.959014079899505267e-01
3.18274 9.958978615870180962e-01
3.18553 9.958934021379254320e-01
3.18776 9.958898261694603127e-01
3.19054 9.958853501577815681e-01
3.19277 9.958817581882580816e-01
3.195 9.958781375099401423e-01
3.1978 9.958735999278246487e-01
3.20002 9.958699784467180960e-01
3.2028 9.958654432933383704e-01
3.20502 9.958618000450907282e-01
3.20781 9.958572292256676617e-01
3.21003 9.958535667936821989e-01
3.21281 9.958489866718684969e-01
3.21503 9.958453137829689217e-01
3.21781 9.958406967420670997e-01
3.22004 9.958369960288921963e-01
3.22282 9.958323617197675226e-01
3.22505 9.958286475308277819e-01
3.22784 9.958239859200829214e-01
3.23007 9.958202468800976259e-01
3.23286 9.958155717008558838e-01
3.23509 9.958118317466596592e-01
3.23788 9.958071542599736814e-01
3.24011 9.958034120371148656e-01
3.24289 9.957987329123630937e-01
3.24512 9.957949918786989096e-01
3.2479 9.957903156199702233e-01
3.25014 9.957865613088154877e-01
3.25294 9.957818665343948217e-01
3.25517 9.957781223150130590e-01
3.25795 9.957734533207173167e-01
3.26018 9.957697163358752990e-01
3.26298 9.957650383526593929e-01
3.26521 9.957612988861820336e-01
3.268 9.957566277128560017e-01
3.27024 9.957528946939536718e-01
3.27303 9.957482459173609968e-01
3.27525 9.957445331314139780e-01
3.27804 9.957398899442149176e-01
3.28028 9.957361778312633360e-01
3.28251 9.957324750409507486e-01
3.2853 9.957278640272588799e-01
3.28753 9.957241829582825776e-01
3.29031 9.957195849890463357e-01
3.29255 9.957159128856142294e-01
3.29533 9.957113339844519961e-01
3.29756 9.957076783232086115e-01
3.30036 9.957030996992340954e-01
3.3026 9.956994379220157620e-01
3.3054 9.956948821969103802e-01
3.30763 9.956912562038359171e-01
3.31042 9.956867366371254802e-01
3.31266 9.956831323448596116e-01
3.31545 9.956786401444476242e-01
3.31769 9.956750364845513568e-01
3.32049 9.956705478100970064e-01
3.32273 9.956669829011586259e-01
3.32552 9.956625580340233705e-01
3.32775 9.956590395588001963e-01
3.33055 9.956546683910417750e-01
3.33278 9.956511944642980616e-01
3.33502 9.956477408944468532e-01
3.33781 9.956434484275625829e-01
3.34005 9.956400309736892495e-01
3.34284 9.956357797876627114e-01
3.34507 9.956323968397492452e-01
3.34786 9.956281741156821630e-01
3.3501 9.956247846734208595e-01
3.3529 9.956205360983086949e-01
3.35514 9.956171333465030360e-01
3.35794 9.956128759288174201e-01
3.36017 9.956094642922932447e-01
3.36297 9.956051990860926848e-01
3.3652 9.956017814425285328e-01
3.368 9.955974986433037133e-01
3.37024 9.955940705190938766e-01
3.37304 9.955897922014822488e-01
3.37527 9.955863730958296465e-01
3.37751 9.955829545338634734e-01
3.3803 9.955786823897434523e-01
3.38254 9.955752670915551938e-01
3.38534 9.955709905789351666e-01
3.38758 9.955675620500457068e-01
3.39038 9.955632642054991210e-01
3.39262 9.955598204765474524e-01
3.39541 9.955555182527983105e-01
3.39765 9.955520786241901510e-01
3.40045 9.955477780272158350e-01
3.40269 9.955443371472493252e-01
3.40548 9.955400395556668336e-01
3.40772 9.955366024261842472e-01
3.41052 9.955323026588638324e-01
3.41276 9.955288568672222560e-01
3.41501 9.955254069400094608e-01
3.41781 9.955210874878015481e-01
3.42005 9.955176237499180347e-01
3.42284 9.955132836636152449e-01
3.42508 9.955098012200458424e-01
3.42788 9.955054264051625967e-01
3.43011 9.955019046408324357e-01
3.43291 9.954974755481160731e-01
3.43515 9.954939077982024598e-01
3.43796 9.954894325961795021e-01
3.4402 9.954858424723841415e-01
3.443 9.954813476434034580e-01
3.44524 9.954777567780266345e-01
3.44804 9.954732749898107524e-01
3.45028 9.954696925484635139e-01
3.45252 9.954661119742561626e-01
3.45532 9.954616374961414715e-01
3.45756 9.954580528770073933e-01
3.46037 9.954535741413543803e-01
3.46261 9.954499860469530059e-01
3.46542 9.954455004554327857e-01
3.46767 9.954419195011996457e-01
3.47047 9.954374507622263391e-01
3.47271 9.954338764696011310e-01
3.47551 9.954294092168782804e-01
3.47775 9.954258340647443859e-01
3.48056 9.954213470814436970e-01
3.4828 9.954177550645921801e-01
3.48505 9.954141615995647507e-01
3.48785 9.954096651626304082e-01
3.4901 9.954060657059918826e-01
3.4929 9.954015624460962330e-01
3.49514 9.953979550307001656e-01
3.49795 9.953934403776567574e-01
3.50019 9.953898227175852487e-01
3.50299 9.953852896487552782e-01
3.50523 9.953816568816283850e-01
3.50805 9.953770915529412955e-01
3.5103 9.953734298447716178e-01
3.51255 9.953697703713435541e-01
3.51535 9.953651962521102847e-01
3.5176 9.953615300248449538e-01
3.5204 9.953569390217734680e-01
3.52264 9.953532588935509740e-01
3.52546 9.953486237125406255e-01
3.52771 9.953449088246025811e-01
3.53052 9.953402725869321399e-01
3.53277 9.953365595847218916e-01
3.53501 9.953328392555212956e-01
3.53782 9.953281794768814583e-01
3.54007 9.953244474731997027e-01
3.54287 9.953197806548645943e-01
3.54512 9.953160429600450554e-01
3.54792 9.953113620657512151e-01
3.55017 9.953076140256916782e-01
3.55298 9.953029137418909489e-01
3.55524 9.952991485117504977e-01
3.55805 9.952944502657838921e-01
3.56029 9.952906947076837207e-01
3.56253 9.952869339357722778e-01
3.56535 9.952822203040556648e-01
3.5676 9.952784461732566701e-01
3.57041 9.952737206850835738e-01
3.57266 9.952699366098507472e-01
3.57547 9.952652101801637841e-01
3.57771 9.952614263879308032e-01
3.58053 9.952566731913317088e-01
3.58279 9.952528565513978354e-01
3.58505 9.952490412072594328e-01
3.58785 9.952442867572808272e-01
3.5901 9.952404775007746007e-01
3.59291 9.952356955546001194e-01
3.59517 9.952318641931581222e-01
3.59798 9.952270706878996176e-01
3.60023 9.952232307346238205e-01
3.60304 9.952184290244820986e-01
3.60528 9.952145850675683247e-01
3.60753 9.952107344804173028e-01
3.61034 9.952059073114887244e-01
3.6126 9.952020412128642635e-01
3.6154 9.951972142869842664e-01
3.61765 9.951933492501842116e-01
3.62046 9.951885097519340695e-01
3.62271 9.951846346623984818e-01
3.62552 9.951797873387049354e-01
3.62777 9.951759073126335009e-01
3.63002 9.951720269714351419e-01
3.63283 9.951671774346905197e-01
3.63507 9.951632955802141023e-01
3.63789 9.951584266524198252e-01
3.64014 9.951545303391967634e-01
3.64296 9.951496702932358662e-01
3.6452 9.951457836471068186e-01
3.64802 9.951409092682832469e-01
3.65028 9.951370007051039135e-01
3.65254 9.951330953149951641e-01
3.65535 9.951282280764442989e-01
3.6576 9.951243328872155791e-01
3.66042 9.951194453975850118e-01
3.66267 9.951155336167307741e-01
3.66549 9.951106510799933025e-01
3.66774 9.951067447869207383e-01
3.67056 9.951018507180171557e-01
3.67281 9.950979277156428715e-01
3.67507 9.950940029609920412e-01
3.67788 9.950890989789999974e-01
3.68014 9.950851702704042179e-01
3.68296 9.950802357886071592e-01
3.68522 9.950762816014440126e-01
3.68804 9.950713424466149926e-01
3.69029 9.950673861775144458e-01
3.69254 9.950634180230376602e-01
3.69537 9.950584425733632887e-01
3.69762 9.950544575638561318e-01
3.70044 9.950494758298108477e-01
3.70269 9.950454846742643467e-01
3.70551 9.950404832996533333e-01
3.70777 9.950364769199605552e-01
3.71002 9.950324653632989236e-01
3.71284 9.950274443406320612e-01
3.7151 9.950234244170333975e-01
3.71792 9.950183955833558080e-01
3.72017 9.950143640540564105e-01
3.723 9.950093058767189858e-01
3.72526 9.950052541105923742e-01
3.72751 9.950012144271664916e-01
3.73033 9.949961579388747479e-01
3.73259 9.949920929857759555e-01
3.73542 9.949869990251979379e-01
3.73767 9.949829287142781808e-01
3.74049 9.949778462435203696e-01
3.74274 9.949737661633647479e-01
3.74501 9.949696577599322911e-01
3.74785 9.949645141620234723e-01
3.7501 9.949604189087454253e-01
3.75292 9.949552913308726820e-01
3.75518 9.949511753928442781e-01
3.758 9.949460192324013352e-01
3.76026 9.949418914534375880e-01
3.76251 9.949377613863462644e-01
3.76533 9.949325908166939403e-01
3.76758 9.949284491250374174e-01
3.7704 9.949232633974587348e-01
3.77266 9.949191001540552692e-01
3.77548 9.949138875015436367e-01
3.77773 9.949097163833273694e-01
3.78055 9.949044960628860013e-01
3.78281 9.949003020456070878e-01
3.78508 9.948960914819447998e-01
3.7879 9.948908252931827345e-01
3.79016 9.948866231612465416e-01
3.79297 9.948813614964905350e-01
3.79523 9.948771338770091566e-01
3.79805 9.948718403121983300e-01
3.80031 9.948676014594722838e-01
3.80257 9.948633570083690314e-01
3.80539 9.948580393866998106e-01
3.80765 9.948537746410694993e-01
3.81047 9.948484335434609749e-01
3.81273 9.948441514815377085e-01
3.81555 9.948387889131024009e-01
3.81781 9.948345030456108296e-01
3.82006 9.948302097956972512e-01
3.82288 9.948248288883899670e-01
3.82514 9.948205137826378053e-01
3.82796 9.948151031821111934e-01
3.83022 9.948107590508853404e-01
3.83305 9.948053210238348987e-01
3.8353 9.948009704957260224e-01
3.83756 9.947966123175752129e-01
3.84038 9.947911583474049468e-01
3.84263 9.947867873731519595e-01
3.84546 9.947813035442425456e-01
3.84772 9.947769031218416380e-01
3.85054 9.947713918834060198e-01
3.8528 9.947669743475423543e-01
3.85506 9.947625491774988449e-01
3.85789 9.947570159652006083e-01
3.86014 9.947525806523234149e-01
3.86297 9.947470107188588484e-01
3.86524 9.947425430898713117e-01
3.86806 9.947369577300374521e-01
3.87032 9.947324856146619876e-01
3.87258 9.947280052171145748e-01
3.8754 9.947223928710200447e-01
3.87766 9.947178933961134950e-01
3.88049 9.947122306535697289e-01
3.88276 9.947076907324770012e-01
3.88502 9.947031564633737055e-01
3.88784 9.946974812914264330e-01
3.8901 9.946929328409600535e-01
3.89292 9.946872365763175239e-01
3.89518 9.946826626580183017e-01
3.89801 9.946769103645669574e-01
3.90028 9.946722975430184466e-01
3.90254 9.946676842906095883e-01
3.90537 9.946619037988896350e-01
3.90763 9.946572794527869243e-01
3.91045 9.946514894898900172e-01
3.91271 9.946468326505373270e-01
3.91555 9.946409813326292371e-01
3.91782 9.946362854466175296e-01
3.92009 9.946315697201841832e-01
3.92294 9.946256606717440718e-01
3.92519 9.946209617398504843e-01
3.92801 9.946150731802667622e-01
3.93028 9.946103306057847426e-01
3.93255 9.946055717748453207e-01
3.9354 9.945995886949597908e-01
3.93768 9.945947676697809436e-01
3.94054 9.945887438584574136e-01
3.9428 9.945839619167103907e-01
3.94506 9.945791709070155306e-01
3.94789 9.945731591156672380e-01
3.95015 9.945683379811794955e-01
3.95299 9.945622794348488727e-01
3.95527 9.945574129974759092e-01
3.95754 9.945525461200390716e-01
3.96037 9.945464779200259287e-01
3.96263 9.945416143906867790e-01
3.96546 9.945355327728493400e-01
3.96772 9.945306584166755393e-01
3.97055 9.945245347645499390e-01
3.97282 9.945196230708970297e-01
3.97509 9.945146984565288450e-01
3.97793 9.945085254248337003e-01
3.9802 9.945035855893507026e-01
3.98302 9.944974268869958278e-01
3.98528 9.944924902536957934e-01
3.98755 9.944875357547051653e-01
3.99038 9.944813308349517156e-01
3.99265 9.944763386069849220e-01
3.99549 9.944700796056743508e-01
3.99776 9.944650777871600900e-01
4.00002 9.944600816840735158e-01
4.00284 9.944538263462122663e-01
4.00511 9.944488144265591911e-01
4.00793 9.944425397801500699e-01
4.0102 9.944375034367927135e-01
4.01303 9.944311988925044199e-01
4.0153 9.944261470068439523e-01
4.01756 9.944210885941748845e-01
4.02039 9.944147598076277239e-01
4.02266 9.944096933019760387e-01
4.02548 9.944033526656387290e-01
4.02775 9.943982748511573933e-01
4.03001 9.943931915197626870e-01
4.03285 9.943868120386133436e-01
4.03512 9.943816978094391912e-01
4.03795 9.943753091499920593e-01
4.04021 9.943701970542927482e-01
4.04304 9.943637906640568902e-01
4.04531 9.943586504754781119e-01
4.04758 9.943535022845735316e-01
4.05041 9.943470657935096213e-01
4.05267 9.943419078113970855e-01
4.0555 9.943354481479804718e-01
4.05776 9.943302723358209416e-01
4.06003 9.943250919018274958e-01
4.06286 9.943186102144481175e-01
4.06512 9.943134164638546268e-01
4.06795 9.943069092918780383e-01
4.07022 9.943016991608671917e-01
4.07306 9.942951803565872604e-01
4.07532 9.942899621681162703e-01
4.07759 9.942847495925969392e-01
4.08042 9.942782333738091616e-01
4.08268 9.942730107643993342e-01
4.08552 9.942664699933967398e-01
4.08779 9.942612345340382518e-01
4.09005 9.942560005368237253e-01
4.09288 9.942494490896438553e-01
4.09515 9.942441908824002361e-01
4.09798 9.942376076030662313e-01
4.10025 9.942323411917992626e-01
4.10251 9.942270691057016885e-01
4.10535 9.942204522628254049e-01
4.10762 9.942151325469695822e-01
4.11046 9.942084753802136188e-01
4.11273 9.942031558854664830e-01
4.11556 9.941964940300459519e-01
4.11783 9.941911511649141886e-01
4.12009 9.941858014181225167e-01
4.12293 9.941791097337480121e-01
4.12519 9.941737530762295716e-01
4.12803 9.941670496410706104e-01
4.13029 9.941616811602157489e-01
4.13256 9.941563117618371637e-01
4.1354 9.941495824720920638e-01
4.13768 9.941441999829937481e-01
4.14051 9.941374922038233031e-01
4.14278 9.941321306452645112e-01
4.14505 9.941267571093540534e-01
4.14789 9.941200238009115786e-01
4.15017 9.941146411216876810e-01
4.153 9.941079315883842860e-01
4.15526 9.941025573841489882e-01
4.15754 9.940971555725591768e-01
4.16038 9.940903919715614601e-01
4.16264 9.940849842028389727e-01
4.16548 9.940782148707767440e-01
4.16774 9.940727769937000025e-01
4.17002 9.940673185875531503e-01
4.17286 9.940604788868547814e-01
4.17513 9.940549918513039707e-01
4.17798 9.940481160950589423e-01
4.18024 9.940426239474897674e-01
4.18251 9.940371220015301601e-01
4.18535 9.940302193003655029e-01
4.18762 9.940246837385547929e-01
4.19046 9.940177706924053780e-01
4.19273 9.940122513224909362e-01
4.19556 9.940053470919469891e-01
4.19784 9.939998065025820173e-01
4.20011 9.939942715422145358e-01
4.20295 9.939873852883785998e-01
4.20522 9.939818884953190992e-01
4.20805 9.939750262958483296e-01
4.21032 9.939695427562946772e-01
4.21259 9.939640592912620809e-01
4.21543 9.939571953501216139e-01
4.21771 9.939517032335534186e-01
4.22054 9.939448548834314279e-01
4.22281 9.939393704698925580e-01
4.22508 9.939338682482653509e-01
4.22792 9.939269744451257882e-01
4.23019 9.939214532658520174e-01
4.23302 9.939145415431966946e-01
4.23529 9.939089942541038392e-01
4.23757 9.939034236243257103e-01
4.24041 9.938964414442058581e-01
4.24268 9.938908479255723627e-01
4.24552 9.938838356833615828e-01
4.24778 9.938782187054955308e-01
4.25005 9.938725928020298861e-01
4.25289 9.938655434457421833e-01
4.25516 9.938598919613089722e-01
4.258 9.938528247930669135e-01
4.26026 9.938471746278788599e-01
4.26253 9.938415270536979929e-01
4.26537 9.938344628292820060e-01
4.26765 9.938288170165773261e-01
4.27049 9.938217743354600398e-01
4.27276 9.938161513097459876e-01
4.27503 9.938105386429175736e-01
4.27787 9.938035396210699313e-01
4.28013 9.937979444836667620e-01
4.28297 9.937909406698145487e-01
4.28525 9.937853373623874997e-01
4.28751 9.937797391929334978e-01
4.29035 9.937727378021974367e-01
4.29262 9.937671256028571820e-01
4.29546 9.937600938879392887e-01
4.29773 9.937544556269933826e-01
4.3 9.937488029348918728e-01
4.30284 9.937417176892707760e-01
4.30511 9.937360294418035034e-01
4.30796 9.937288975911465760e-01
4.31023 9.937231707938802838e-01
4.31251 9.937174276191511613e-01
4.31535 9.937102374608266508e-01
4.31761 9.937044791724792825e-01
4.32045 9.936972610033744102e-01
4.32272 9.936914688365638959e-01
4.32556 9.936842184568982494e-01
4.32783 9.936784141038902396e-01
4.3301 9.936726087269183161e-01
4.33294 9.936653497312092354e-01
4.33521 9.936595451332771445e-01
4.33806 9.936522962645197854e-01
4.34033 9.936465034405529417e-01
4.34261 9.936407190952096791e-01
4.34544 9.936335201642437776e-01
4.34771 9.936277682793631660e-01
4.35055 9.936205729347455939e-01
4.35283 9.936148176076499139e-01
4.3551 9.936090683447296179e-01
4.35793 9.936018869304696910e-01
4.3602 9.935961367999039950e-01
4.36304 9.935889349323370201e-01
4.36532 9.935831656197330330e-01
4.36759 9.935773858226167876e-01
4.37043 9.935701455245627978e-01
4.37271 9.935643382177639094e-01
4.37555 9.935570584996522570e-01
4.37782 9.935512136920083837e-01
4.3801 9.935453495228365739e-01
4.38294 9.935380018976344152e-01
4.38521 9.935321205057189298e-01
4.38805 9.935247478270278210e-01
4.39032 9.935188210836751743e-01
4.39259 9.935128818004107520e-01
4.39544 9.935054476159899117e-01
4.39771 9.934994920189664791e-01
4.40055 9.934920310281348810e-01
4.40282 9.934860505568994249e-01
4.4051 9.934800686203094644e-01
4.40794 9.934725937409224494e-01
4.41022 9.934666171680974767e-01
4.41306 9.934591659809178799e-01
4.41533 9.934532118440433379e-01
4.4176 9.934472533614493450e-01
4.42045 9.934398017414856064e-01
4.42272 9.934338493953237537e-01
4.42556 9.934264276691970874e-01
4.42783 9.934204919219598029e-01
4.43011 9.934145356158616824e-01
4.43295 9.934070875808321821e-01
4.43523 9.934011334779363489e-01
4.43807 9.933936835007777244e-01
4.44034 9.933877091428812145e-01
4.44262 9.933817195462375516e-01
4.44546 9.933742092235826604e-01
4.44774 9.933681757050426553e-01
4.45001 9.933621234584223414e-01
4.45285 9.933545511898141944e-01
4.45512 9.933484739448469325e-01
4.45797 9.933408291954469727e-01
4.46025 9.933346818466878281e-01
4.46253 9.933285220181578001e-01
4.46537 9.933208177196595212e-01
4.46764 9.933146355699195018e-01
4.47048 9.933068671028345564e-01
4.47276 9.933006384116951359e-01
4.47504 9.932944030239415634e-01
4.47788 9.932865985416281518e-01
4.48015 9.932803539876567944e-01
4.48299 9.932725491353531222e-01
4.48526 9.932662940851805233e-01
4.48755 9.932600163321314568e-01
4.4904 9.932521686044353260e-01
4.49267 9.932459224654045515e-01
4.49551 9.932381129174313594e-01
4.49779 9.932318415810131862e-01
4.50007 9.932255616287272160e-01
4.50292 9.932177167160013420e-01
4.50519 9.932114455701341882e-01
4.50803 9.932035932139415824e-01
4.51031 9.931972943602616066e-01
4.51258 9.931909817524801065e-01
4.51543 9.931830547483924132e-01
4.51771 9.931766895644377202e-01
4.52056 9.931687233223780442e-01
4.52283 9.931623343575953777e-01
4.5251 9.931559137530835413e-01
4.52795 9.931478282648069644e-01
4.53023 9.931413312528498682e-01
4.53251 9.931348311100851589e-01
4.53535 9.931266704131528344e-01
4.53763 9.931201058922914937e-01
4.54047 9.931118663478046837e-01
4.54275 9.931052487333235090e-01
4.54503 9.930986104979268037e-01
4.54788 9.930902987821952355e-01
4.55015 9.930836541097572967e-01
4.55299 9.930753358895237914e-01
4.55527 9.930686437507894038e-01
4.55756 9.930619485971253768e-01
4.5604 9.930535962683183504e-01
4.56268 9.930469228556197958e-01
4.56552 9.930385772722933879e-01
4.5678 9.930318969123396178e-01
4.57007 9.930252164511489399e-01
4.57292 9.930168465314747062e-01
4.5752 9.930101480495698851e-01
4.57805 9.930017834535574961e-01
4.58033 9.929950862322975969e-01
4.58261 9.929883625844236894e-01
4.58547 9.929799221599449055e-01
4.58775 9.929731621557759125e-01
4.59002 9.929664088854023296e-01
4.59287 9.929579370941991057e-01
4.59514 9.929511267879923553e-01
4.59799 9.929425772277109541e-01
4.60027 9.929356923293015669e-01
4.60255 9.929287745975619028e-01
4.6054 9.929200986103909887e-01
4.60767 9.929131386235807710e-01
4.61052 9.929043886532455954e-01
4.61281 9.928973296766782086e-01
4.61509 9.928902463356437114e-01
4.61794 9.928813978966322118e-01
4.62022 9.928743044360676118e-01
4.62306 9.928654132006242694e-01
4.62534 9.928582857380864324e-01
4.62762 9.928511446850257771e-01
4.63047 9.928421940005376367e-01
4.63275 9.928350315723279973e-01
4.63503 9.928279005772995269e-01
4.63787 9.928189894848253871e-01
4.64015 9.928118388742983580e-01
4.64301 9.928028984179870786e-01
4.64529 9.927957591354834577e-01
4.64757 9.927886305475451811e-01
4.65042 9.927797243459274279e-01
4.6527 9.927726025487940698e-01
4.65555 9.927636982063042792e-01
4.65783 9.927565504086576231e-01
4.66012 9.927493951276236128e-01
4.66296 9.927404609219976361e-01
4.66524 9.927333085696238291e-01
4.66752 9.927261284489055093e-01
4.67037 9.927170947371648513e-01
4.67265 9.927098387622493858e-01
4.6755 9.927007409264868576e-01
4.67778 9.926934305336496678e-01
4.68006 9.926861005474220123e-01
4.68291 9.926769000120689856e-01
4.68519 9.926694881055199149e-01
4.68805 9.926601637124384814e-01
4.69034 9.926526873312806476e-01
4.69261 9.926452181919219742e-01
4.69545 9.926358546078671852e-01
4.69774 9.926283206910165857e-01
4.70002 9.926207758026249772e-01
4.70287 9.926113353379797388e-01
4.70515 9.926037795372772976e-01
4.708 9.925943461293132986e-01
4.71028 9.925868152686594392e-01
4.71256 9.925792912870490259e-01
4.71542 9.925698444200746762e-01
4.71771 9.925623006407130466e-01
4.72056 9.925529183531616173e-01
4.72284 9.925454315206997391e-01
4.72512 9.925379572006196582e-01
4.72797 9.925286303204209348e-01
4.73025 9.925211754292221356e-01
4.73253 9.925137170994600133e-01
4.73539 9.925043990527825377e-01
4.73767 9.924969741646003651e-01
4.74051 9.924876854558373207e-01
4.74279 9.924802186111439939e-01
4.74508 9.924727321068647079e-01
4.74794 9.924633539460263609e-01
4.75022 9.924558325276199300e-01
4.7525 9.924482892053444472e-01
4.75535 9.924388529691851035e-01
4.75763 9.924312756094818555e-01
4.76049 9.924217296550600365e-01
4.76278 9.924140590999918077e-01
4.76506 9.924063894915480244e-01
4.76791 9.923968020124209755e-01
4.77019 9.923891085239313625e-01
4.77304 9.923794553472238267e-01
4.77532 9.923717225557695532e-01
4.77761 9.923639783910013223e-01
4.78046 9.923542961875364554e-01
4.78274 9.923465722558287849e-01
4.78502 9.923388593855206885e-01
4.78787 9.923292151892362245e-01
4.79016 9.923214962793382998e-01
4.79302 9.923118714206662361e-01
4.7953 9.923041992685832646e-01
4.79758 9.922965448314792214e-01
4.80043 9.922870042933712442e-01
4.80272 9.922793913472325311e-01
4.80557 9.922698835913202897e-01
4.80786 9.922622859181944310e-01
4.81014 9.922547069787803764e-01
4.81299 9.922452694981718224e-01
4.81527 9.922377230897942990e-01
4.81755 9.922301617795703521e-01
4.8204 9.922207043551372063e-01
4.82269 9.922131098466582255e-01
4.82555 9.922035931406185671e-01
4.82784 9.921959774815841682e-01
4.83012 9.921883571708252081e-01
4.83297 9.921788028524357594e-01
4.83526 9.921711311078770246e-01
4.83754 9.921634390847554608e-01
4.84039 9.921538027073798505e-01
4.84267 9.921460739339917900e-01
4.84552 9.921363964137324132e-01
4.8478 9.921286419534538492e-01
4.85008 9.921208698067119913e-01
4.85294 9.921111224522388694e-01
4.85523 9.921033204392846194e-01
4.85751 9.920955315756877502e-01
4.86037 9.920858001760890499e-01
4.86265 9.920780291405183471e-01
4.8655 9.920683318240288706e-01
4.86778 9.920605661627509564e-01
4.87008 9.920527958777951572e-01
4.87294 9.920431147296966401e-01
4.87522 9.920354140977616364e-01
4.8775 9.920277288334855559e-01
4.88036 9.920181359676961685e-01
4.88264 9.920104745310569516e-01
4.8855 9.920009010122322612e-01
4.88779 9.919932448015260640e-01
4.89008 9.919856004362039847e-01
4.89292 9.919760713581414757e-01
4.8952 9.919684435441332715e-01
4.89806 9.919588636596207154e-01
4.90035 9.919511879184002012e-01
4.90264 9.919434897717728239e-01
4.9055 9.919338413414033884e-01
4.90779 9.919261156722763983e-01
4.91007 9.919183828743636244e-01
4.91293 9.919086882285578222e-01
4.91521 9.919009054358074451e-01
4.91807 9.918911536455710110e-01
4.92035 9.918833467185358410e-01
4.92263 9.918755271173783639e-01
4.92549 9.918657426768664465e-01
4.92777 9.918579093684031234e-01
4.93005 9.918500625146660088e-01
4.93291 9.918402218747790489e-01
4.93521 9.918323526279216873e-01
4.93806 9.918225551645110105e-01
4.94035 9.918147263172152339e-01
4.94263 9.918069152715128789e-01
4.94548 9.917971713313178395e-01
4.94777 9.917893692406062334e-01
4.95006 9.917815617723028110e-01
4.95293 9.917718302451461465e-01
4.95521 9.917640832233237669e-01
4.95807 9.917544132885943720e-01
4.96036 9.917466787569185760e-01
4.96264 9.917389486193783910e-01
4.9655 9.917292839992581932e-01
4.96779 9.917215476185829992e-01
4.97008 9.917138105191458664e-01
4.97293 9.917041434975122360e-01
4.97521 9.916963953566865220e-01
4.97806 9.916866732598993428e-01
4.98035 9.916788764124127020e-01
4.98265 9.916710241137483006e-01
4.98552 9.916611695682284733e-01
4.98781 9.916532909517454808e-01
4.9901 9.916454177025085803e-01
4.99295 9.916355549368968125e-01
4.99524 9.916276504924661506e-01
4.99752 9.916197357840335069e-01
5.00038 9.916098134614581561e-01
5.00267 9.916018677090285838e-01
5.00553 9.915919578097717180e-01
5.00781 9.915840436514049561e-01
5.01009 9.915761281905477453e-01
5.01295 9.915662243596136127e-01
5.01524 9.915583129820241259e-01
5.01753 9.915503995840061480e-01
5.0204 9.915405273416451060e-01
5.02269 9.915326656808527428e-01
5.02554 9.915228646890000830e-01
5.02783 9.915150345857505210e-01
5.03011 9.915072122570168789e-01
5.03297 9.914974390432813589e-01
5.03527 9.914896077925841045e-01
5.03756 9.914817781129675600e-01
5.04042 9.914720169505327751e-01
5.0427 9.914642059780977013e-01
5.04556 9.914544136936606078e-01
5.04785 9.914465577774045357e-01
5.05014 9.914386858505666034e-01
5.05301 9.914288211759270109e-01
5.0553 9.914209065095884732e-01
5.05758 9.914129951064444279e-01
5.06043 9.914030752983731265e-01
5.06272 9.913951017555507894e-01
5.06501 9.913871052208774737e-01
5.06787 9.913770672117372396e-01
5.07017 9.913690006110948971e-01
5.07304 9.913589143176160245e-01
5.07533 9.913508709857784540e-01
5.07761 9.913428231337703123e-01
5.08047 9.913327557349523866e-01
5.08276 9.913247033107409623e-01
5.08505 9.913166473235457410e-01
5.08791 9.913065791854065445e-01
5.0902 9.912985456360347003e-01
5.09306 9.912885495267677038e-01
5.09534 9.912805678848983781e-01
5.09763 9.912725812135870784e-01
5.10049 9.912626174271322865e-01
5.10278 9.912546395852540604e-01
5.10508 9.912466659644036948e-01
5.10795 9.912367267921976532e-01
5.11023 9.912287985668351009e-01
5.11252 9.912208693356695521e-01
5.11538 9.912109479945353518e-01
5.11766 9.912029998810706344e-01
5.12053 9.911930079120802040e-01
5.12283 9.911849873052762661e-01
5.12512 9.911769611641191302e-01
5.12798 9.911669117631051185e-01
5.13027 9.911588413773129158e-01
5.13255 9.911507410222520909e-01
5.13542 9.911405761274413306e-01
5.13771 9.911323864154024665e-01
5.14001 9.911241713533566200e-01
5.14287 9.911138908871531816e-01
5.14516 9.911056531420165960e-01
5.14802 9.910953346567735744e-01
5.1503 9.910870678101060260e-01
5.15259 9.910787902330542298e-01
5.15546 9.910683827723386630e-01
5.15776 9.910600543156976583e-01
5.16005 9.910517419383044757e-01
5.16291 9.910413624426024359e-01
5.1652 9.910330770845426906e-01
5.16806 9.910227451312400015e-01
5.17035 9.910144874779709401e-01
5.17264 9.910062300801985025e-01
5.1755 9.909959251576960781e-01
5.17779 9.909876962387684785e-01
5.18008 9.909794761958710119e-01
5.18294 9.909692231027538156e-01
5.18522 9.909610297681716862e-01
5.18751 9.909528264375964124e-01
5.19038 9.909425372162328216e-01
5.19267 9.909342929643013553e-01
5.19554 9.909239673650942493e-01
5.19783 9.909156826502757420e-01
5.20012 9.909073884149409706e-01
5.20298 9.908969849187114765e-01
5.20526 9.908886222278190381e-01
5.20755 9.908802222516679414e-01
5.21041 9.908696666157896793e-01
5.21271 9.908611645908439458e-01
5.215 9.908526279095304368e-01
5.21787 9.908419339541628679e-01
5.22016 9.908333480725062259e-01
5.22302 9.908225720636205658e-01
5.22531 9.908139217948486177e-01
5.2276 9.908052367347000011e-01
5.23048 9.907943115695867498e-01
5.23279 9.907855583764623164e-01
5.23508 9.907768382159435339e-01
5.23795 9.907659331552904902e-01
5.24024 9.907572301200356923e-01
5.24252 9.907485379180891449e-01
5.24539 9.907376739467620430e-01
5.24768 9.907289833126959877e-01
5.25055 9.907181362520736112e-01
5.25284 9.907094701160983341e-01
5.25513 9.907008153065667289e-01
5.25799 9.906900350989431558e-01
5.26028 9.906814218604117483e-01
5.26257 9.906727985173608975e-01
5.26544 9.906620027612139667e-01
5.26773 9.906533564243732437e-01
5.27003 9.906446934146999617e-01
5.27289 9.906338393711693335e-01
5.27518 9.906251565517382174e-01
5.27804 9.906142614034429972e-01
5.28033 9.906055039072961810e-01
5.28262 9.905967078179810370e-01
5.28549 9.905856385133108288e-01
5.28778 9.905767162438522400e-01
5.29008 9.905677493744867723e-01
5.29294 9.905565244337490860e-01
5.29523 9.905474946027239547e-01
5.29752 9.905384136758493829e-01
5.30038 9.905270044578214916e-01
5.30268 9.905178345650212934e-01
5.30554 9.905063258435199414e-01
5.30784 9.904970878245701327e-01
5.31013 9.904878245098630574e-01
5.313 9.904762237021728088e-01
5.31529 9.904669483190982060e-01
5.31758 9.904576680768178987e-01
5.32044 9.904460523637726999e-01
5.32274 9.904367577171654391e-01
5.32504 9.904274541298258017e-01
5.32793 9.904157842945318091e-01
5.33024 9.904064631012828857e-01
5.33254 9.903971906486912502e-01
5.33542 9.903856160504584949e-01
5.33771 9.903764003484402112e-01
5.34 9.903672006563151164e-01
5.34287 9.903557053602332072e-01
5.34516 9.903465070410857329e-01
5.34803 9.903349951815496599e-01
5.35032 9.903257635987026131e-01
5.35261 9.903165108055933530e-01
5.35548 9.903049235022106656e-01
5.35776 9.902956186925705451e-01
5.36006 9.902862591458018171e-01
5.36293 9.902744801906362415e-01
5.36523 9.902649862409850234e-01
5.36754 9.902553990945137663e-01
5.37043 9.902433392779839139e-01
5.37272 9.902336965974356531e-01
5.37502 9.902239988099169610e-01
5.37788 9.902118259834201686e-01
5.38017 9.902020436904509504e-01
5.38303 9.901897341603366209e-01
5.38533 9.901798204053638974e-01
5.38763 9.901698714074216312e-01
5.39049 9.901574294215809147e-01
5.39278 9.901474500766457298e-01
5.39507 9.901374524755546247e-01
5.39794 9.901249429699882088e-01
5.40023 9.901149079449983459e-01
5.40254 9.901048545353861030e-01
5.40541 9.900923011898281612e-01
5.40772 9.900822737755926584e-01
5.41002 9.900722627133963227e-01
5.41289 9.900598167779187664e-01
5.41518 9.900498876490867461e-01
5.41804 9.900375092526604304e-01
5.42033 9.900276274115303865e-01
5.42263 9.900177482459785461e-01
5.4255 9.900053813721380047e-01
5.42779 9.899954893535591882e-01
5.43011 9.899855211160123458e-01
5.433 9.899730469455174653e-01
5.43531 9.899630636010549045e-01
5.43762 9.899530591649382538e-01
5.4405 9.899405159201614124e-01
5.44281 9.899304464385419999e-01
5.44511 9.899203319896673348e-01
5.44798 9.899076680632817871e-01
5.45028 9.898974764354604439e-01
5.45257 9.898872319961088406e-01
5.45544 9.898743479476030949e-01
5.45773 9.898639836945467563e-01
5.46003 9.898535701220689820e-01
5.46289 9.898404731007456325e-01
5.46519 9.898299230730235321e-01
5.46806 9.898166723119682375e-01
5.47037 9.898059933771673480e-01
5.47267 9.897952838396661956e-01
5.47555 9.897818522015140452e-01
5.47786 9.897710834571168403e-01
5.48017 9.897603164816615173e-01
5.48304 9.897468877509503216e-01
5.48534 9.897361495417691390e-01
5.48764 9.897254512985628194e-01
5.49051 9.897120988634279248e-01
5.4928 9.897014344933059427e-01
5.4951 9.896907917742329142e-01
5.49796 9.896775306326482946e-01
5.50026 9.896669577496465253e-01
5.50255 9.896564079595078223e-01
5.50542 9.896432346158626769e-01
5.50771 9.896327148682743102e-01
5.51002 9.896221691148340271e-01
5.5129 9.896089815881752294e-01
5.51521 9.895984009538834059e-01
5.51753 9.895877855838484116e-01
5.52042 9.895745132008798572e-01
5.52272 9.895639232839089638e-01
5.52503 9.895533021452823652e-01
5.5279 9.895400078143620215e-01
5.53019 9.895293286962051349e-01
5.53306 9.895159093274911166e-01
5.53535 9.895051128114245031e-01
5.53765 9.894942517318368047e-01
5.54053 9.894805682722255247e-01
5.54283 9.894695546344145498e-01
5.54513 9.894584580047277589e-01
5.54801 9.894445075367621634e-01
5.55033 9.894332490984738548e-01
5.55264 9.894219288567207560e-01
5.55554 9.894077052321273991e-01
5.55786 9.893962755235242712e-01
5.56018 9.893848173329872209e-01
5.56307 9.893704961211954307e-01
5.56538 9.893590212788769822e-01
5.56769 9.893475768232004031e-01
5.57057 9.893332827827280296e-01
5.57287 9.893218674179393712e-01
5.57517 9.893104756729204086e-01
5.57804 9.892962591175621379e-01
5.58034 9.892849121479876384e-01
5.58263 9.892735896217507152e-01
5.58551 9.892594423576334117e-01
5.58782 9.892481483790194208e-01
5.59012 9.892368478068385151e-01
5.59302 9.892227181955274284e-01
5.59534 9.892114296614511471e-01
5.59766 9.892001400442415049e-01
5.60056 9.891860389973029521e-01
5.60287 9.891747986826679995e-01
5.60518 9.891635514974042032e-01
5.60807 9.891494950448593837e-01
5.61037 9.891382369750676418e-01
5.61268 9.891269595529594838e-01
5.61555 9.891128421690770223e-01
5.61785 9.891015023015067298e-01
5.62015 9.890901216376042360e-01
5.62302 9.890758243962601837e-01
5.62532 9.890643353811081617e-01
5.62762 9.890527929880572611e-01
5.63049 9.890382798658351460e-01
5.63279 9.890265998325170616e-01
5.63509 9.890148637041846769e-01
5.63797 9.890000699812618867e-01
5.64027 9.889881771951868350e-01
5.64258 9.889762304712049756e-01
5.64546 9.889612344380530606e-01
5.64777 9.889491963585257395e-01
5.65008 9.889371284492125547e-01
5.65296 9.889220090715867828e-01
5.65527 9.889098835524133824e-01
5.65759 9.888977496028427128e-01
5.66047 9.888826232633527447e-01
5.66277 9.888705347520778677e-01
5.66507 9.888584659949866129e-01
5.66794 9.888434146707872907e-01
5.67024 9.888313958729773034e-01
5.67254 9.888193968413634405e-01
5.67542 9.888044336521887301e-01
5.67773 9.887924543955589618e-01
5.68004 9.887805007326460061e-01
5.68292 9.887655990204026191e-01
5.68522 9.887537034866716867e-01
5.68753 9.887418206647511365e-01
5.69041 9.887269736602403158e-01
5.69272 9.887151002541155753e-01
5.69503 9.887031975141482576e-01
5.69792 9.886883063086947532e-01
5.70024 9.886763402714651150e-01
5.70256 9.886643403409365316e-01
5.70546 9.886492968276034965e-01
5.70778 9.886372198768865749e-01
5.7101 9.886251001344608103e-01
5.713 9.886099245138001423e-01
5.71531 9.885977257085292180e-01
5.71762 9.885855032395918229e-01
5.7205 9.885701580132427724e-01
5.72281 9.885578302302721054e-01
5.72511 9.885454573011864809e-01
5.72799 9.885299151396740314e-01
5.73029 9.885174246043387791e-01
5.73259 9.885048847486844759e-01
5.73547 9.884891279432479472e-01
5.73778 9.884764721517786956e-01
5.74009 9.884637660754010957e-01
5.74298 9.884478265624498938e-01
5.74529 9.884350419131496812e-01
5.7476 9.884222174514428749e-01
5.7505 9.884061761037945537e-01
5.75282 9.883933239739407517e-01
5.75514 9.883804781669502937e-01
5.75804 9.883644113836606016e-01
5.76037 9.883515637918911523e-01
5.7627 9.883387361427181661e-01
5.76502 9.883259299284484767e-01
5.76793 9.883099569635758197e-01
5.77025 9.882972547204416092e-01
5.77256 9.882845759735783275e-01
5.77546 9.882687885509965353e-01
5.77777 9.882561955815494237e-01
5.78008 9.882436256414377507e-01
5.78296 9.882279517542701397e-01
5.78527 9.882154210016454998e-01
5.78757 9.882029020602932645e-01
5.79045 9.881872476622530765e-01
5.79276 9.881747163710646875e-01
5.79506 9.881621699654742352e-01
5.79794 9.881464601809804016e-01
5.80024 9.881338657247648039e-01
5.80255 9.881212375742790543e-01
5.80543 9.881053904085073114e-01
5.80773 9.880926638210657531e-01
5.81004 9.880798749069598097e-01
5.81292 9.880638117261871800e-01
5.81523 9.880508847894911018e-01
5.81754 9.880378877952220584e-01
5.82043 9.880215627509546517e-01
5.82275 9.880084387306253824e-01
5.82506 9.879952612554749880e-01
5.82795 9.879787234029177023e-01
5.83026 9.879654409375047130e-01
5.83257 9.879521114127678416e-01
5.83547 9.879353914106601131e-01
5.83778 9.879219731385846526e-01
5.8401 9.879085127217048790e-01
5.84299 9.878916586595717364e-01
5.84531 9.878781537498260157e-01
5.84763 9.878646425374641993e-01
5.85052 9.878477805584811033e-01
5.85284 9.878343114737397901e-01
5.85515 9.878208606201333009e-01
5.85803 9.878040914875578782e-01
5.86034 9.877906984105889743e-01
5.86265 9.877773402190649366e-01
5.86553 9.877606754654024712e-01
5.86784 9.877473706058742531e-01
5.87014 9.877340892897098490e-01
5.87303 9.877175062206006162e-01
5.87534 9.877042479156533661e-01
5.87765 9.876910060010299919e-01
5.88054 9.876744554182678160e-01
5.88285 9.876612237349144952e-01
5.88516 9.876479995968935333e-01
5.88805 9.876314666865082526e-01
5.89036 9.876182282301376736e-01
5.89268 9.876049728103606373e-01
5.89557 9.875883695945373297e-01
5.89788 9.875750454258159783e-01
5.9002 9.875616875432700059e-01
5.90251 9.875482731262972269e-01
5.90541 9.875314365631643332e-01
5.90773 9.875178958182246891e-01
5.91005 9.875042870928292249e-01
5.91296 9.874871978133301642e-01
5.91528 9.874734600352880198e-01
5.91761 9.874596645829477604e-01
5.92052 9.874423270437540090e-01
5.92284 9.874283915924888522e-01
5.92517 9.874143896550661159e-01
5.9275 9.874003251168678164e-01
5.93041 9.873826692396978633e-01
5.93275 9.873684697421505341e-01
5.93509 9.873542348612005526e-01
5.938 9.873364411036360533e-01
5.94033 9.873221902077943257e-01
5.94266 9.873079454488317142e-01
5.94556 9.872901542245272610e-01
5.94789 9.872759316804131657e-01
5.95021 9.872617397232645864e-01
5.95252 9.872475627726952085e-01
5.95542 9.872298934838374951e-01
5.95774 9.872157908772599688e-01
5.96005 9.872017258804968165e-01
5.96294 9.871841995758260380e-01
5.96525 9.871702194435399980e-01
5.96756 9.871562808206230111e-01
5.97045 9.871389065409885699e-01
5.97277 9.871250468597888572e-01
5.97508 9.871112185328100308e-01
5.97796 9.870939771306217470e-01
5.98027 9.870802134517875359e-01
5.98258 9.870664703616153224e-01
5.98547 9.870493149319178317e-01
5.98778 9.870355999105042688e-01
5.99009 9.870218861990017745e-01
5.99298 9.870047377037562963e-01
5.99529 9.869910026537948022e-01
5.9976 9.869772486635480790e-01
6.00049 9.869600176470076924e-01
6.0028 9.869461936569096094e-01
6.00511 9.869323335073972858e-01
6.008 9.869149355274207114e-01
6.01032 9.869009659491914110e-01
6.01263 9.868869359090413074e-01
6.01553 9.868693211201170490e-01
6.01785 9.868551599335740887e-01
6.02017 9.868409353809206586e-01
6.02306 9.868230760797284118e-01
6.02538 9.868087244220062892e-01
6.0277 9.867943200110715907e-01
6.03002 9.867798658936424161e-01
6.03292 9.867617326100793784e-01
6.03524 9.867471752803055329e-01
6.03756 9.867325782022159375e-01
6.04046 9.867142852863063363e-01
6.04279 9.866996137867224403e-01
6.04511 9.866849253097637051e-01
6.04802 9.866665304196049480e-01
6.05034 9.866518082171491510e-01
6.05267 9.866370778062079072e-01
6.055 9.866223460170430171e-01
6.05791 9.866039453503483436e-01
6.06025 9.865892213118470089e-01
6.06258 9.865745203904248140e-01
6.0655 9.865562001854616403e-01
6.06783 9.865415786147706534e-01
6.07016 9.865269996286247789e-01
6.07307 9.865088337629913662e-01
6.0754 9.864943412650583054e-01
6.07772 9.864798953350430999e-01
6.08005 9.864654785192271680e-01
6.08295 9.864475156054711702e-01
6.08527 9.864331770295616808e-01
6.08759 9.864188687142865231e-01
6.09049 9.864010187609808522e-01
6.09281 9.863867582923044885e-01
6.09512 9.863725168053383285e-01
6.09802 9.863547218566018904e-01
6.10034 9.863404954421185478e-01
6.10265 9.863262634647234073e-01
6.10554 9.863084637996244464e-01
6.10786 9.862942090198512091e-01
6.11017 9.862799348294567503e-01
6.11306 9.862620607064745970e-01
6.11538 9.862477285053034004e-01
6.11769 9.862333650956970343e-01
6.12 9.862189655105078057e-01
6.12289 9.862009108922947798e-01
6.12521 9.861864204057213534e-01
6.12752 9.861718861806217928e-01
6.13041 9.861536531303524145e-01
6.13272 9.861390145851914868e-01
6.13504 9.861243239069371613e-01
6.13793 9.861058936734033997e-01
6.14025 9.860910916790416314e-01
6.14256 9.860762427031287691e-01
6.14546 9.860576167038602735e-01
6.14777 9.860426662084609273e-01
6.15009 9.860276794851179361e-01
6.15299 9.860088884118024533e-01
6.1553 9.859938242335756220e-01
6.15762 9.859787276515384891e-01
6.16052 9.859598261557981358e-01
6.16284 9.859446810264034244e-01
6.16517 9.859295182125950019e-01
6.16807 9.859105545483458632e-01
6.17039 9.858953821092449887e-01
6.17271 9.858802105819269856e-01
6.17503 9.858650500649447368e-01
6.17793 9.858461072475184217e-01
6.18025 9.858309624015479944e-01
6.18257 9.858158268487222653e-01
6.18547 9.857969174001525170e-01
6.18778 9.857818039128100063e-01
6.1901 9.857666982584312176e-01
6.19299 9.857478363731608795e-01
6.19531 9.857327597893429383e-01
6.19763 9.857176976715679162e-01
6.20052 9.856988906562134112e-01
6.20283 9.856838605018019006e-01
6.20515 9.856688467808633058e-01
6.20804 9.856500975018688271e-01
6.21035 9.856351161841613306e-01
6.21267 9.856201468862805237e-01
6.21556 9.856014539564638133e-01
6.21787 9.855865134293150254e-01
6.22018 9.855715843823859013e-01
6.22308 9.855529399639831878e-01
6.22539 9.855380362339247746e-01
6.2277 9.855231441258742731e-01
6.23001 9.855082623887339022e-01
6.2329 9.854896751483872563e-01
6.23522 9.854748171929069711e-01
6.23753 9.854599694170456115e-01
6.24042 9.854414234036893427e-01
6.24273 9.854265971650498779e-01
6.24504 9.854117785726302925e-01
6.24793 9.853932655561616905e-01
6.25025 9.853784591302628959e-01
6.25256 9.853636539012318174e-01
6.25545 9.853451435423755678e-01
6.25776 9.853303276891653972e-01
6.26008 9.853155024787003669e-01
6.26297 9.852969485693821028e-01
6.26528 9.852820858062569798e-01
6.2676 9.852671986837787665e-01
6.27049 9.852485521046073780e-01
6.27281 9.852335985574791621e-01
6.27512 9.852186084231893126e-01
6.27801 9.851998150492753403e-01
6.28033 9.851847290093358467e-01
6.28264 9.851695970862311968e-01
6.28554 9.851506085271223290e-01
6.28786 9.851353593672715903e-01
6.29017 9.851200546601093233e-01
6.29307 9.851008450864033872e-01
6.29539 9.850854152791134188e-01
6.29771 9.850699276852922237e-01
6.30002 9.850543879226875132e-01
6.30292 9.850348906076878963e-01
6.30524 9.850192385396023820e-01
6.30756 9.850035440031572609e-01
6.31045 9.849838723898156623e-01
6.31277 9.849680955982734742e-01
6.31509 9.849522880796360846e-01
6.31799 9.849324885642269933e-01
6.3203 9.849166211599366116e-01
6.32262 9.849007328763258462e-01
6.32552 9.848808476575789950e-01
6.32784 9.848649247284162467e-01
6.33016 9.848489928447189401e-01
6.33305 9.848290700756499039e-01
6.33537 9.848131324729090252e-01
6.33769 9.847971951314632433e-01
6.34001 9.847812663431760871e-01
6.34291 9.847613682283935521e-01
6.34523 9.847454653168471461e-01
6.34755 9.847295795374915173e-01
6.35045 9.847097467662684345e-01
6.35277 9.846939083989529884e-01
6.35509 9.846780889112486390e-01
6.35799 9.846583566896184303e-01
6.36032 9.846425995937488906e-01
6.36264 9.846268747802605636e-01
6.36555 9.846072648788718462e-01
6.36787 9.845916145416624410e-01
6.3702 9.845760054233232417e-01
6.37252 9.845604369405904777e-01
6.37543 9.845410399393396128e-01
6.37775 9.845255838830100359e-01
6.38007 9.845101771492664744e-01
6.38298 9.844909903894420999e-01
6.3853 9.844757005060418287e-01
6.38762 9.844604574434644428e-01
6.39052 9.844414814138214842e-01
6.39284 9.844263522198264393e-01
6.39516 9.844112757493299615e-01
6.39806 9.843924969009915094e-01
6.40038 9.843775284245162016e-01
6.4027 9.843626069849762406e-01
6.40501 9.843477266954165916e-01
6.40791 9.843291882682499994e-01
6.41023 9.843143955917444954e-01
6.41254 9.842996360217449725e-01
6.41544 9.842812196399478575e-01
6.41775 9.842665059749312606e-01
6.42007 9.842518013930843246e-01
6.42296 9.842334181642860003e-01
6.42528 9.842187002227645864e-01
6.42759 9.842039588184838816e-01
6.43048 9.841854861851005998e-01
6.4328 9.841706569600131571e-01
6.43511 9.841557716526124766e-01
6.438 9.841370708383536670e-01
6.44032 9.841220229623506288e-01
6.44263 9.841068890968199812e-01
6.44552 9.840878389703281437e-01
6.44784 9.840724846948883942e-01
6.45015 9.840570232285699159e-01
6.45304 9.840375377276320279e-01
6.45536 9.840218187589534482e-01
6.45767 9.840059814826267459e-01
6.46056 9.839860167943793590e-01
6.46288 9.839699135636932326e-01
6.46519 9.839536922536664676e-01
6.46751 9.839373604258379036e-01
6.4704 9.839167942309047232e-01
6.47272 9.839002287059509522e-01
6.47503 9.838835709105723248e-01
6.47793 9.838626282206606177e-01
6.48024 9.838457927709183259e-01
6.48256 9.838288876222316404e-01
6.48546 9.838076839391277639e-01
6.48777 9.837906689381111791e-01
6.49009 9.837736249545657730e-01
6.49299 9.837522941281138245e-01
6.49531 9.837352198104177825e-01
6.49763 9.837181525386522463e-01
6.50053 9.836968257468643451e-01
6.50285 9.836797914509939345e-01
6.50518 9.836627775405181184e-01
6.5075 9.836457967625378274e-01
6.51041 9.836246211743642220e-01
6.51273 9.836077236776649135e-01
6.51506 9.835908759999352213e-01
6.51796 9.835698975873737870e-01
6.52029 9.835531773525524324e-01
6.52261 9.835365181951493119e-01
6.52552 9.835157806914894829e-01
6.52784 9.834992639175409446e-01
6.53016 9.834828155682799888e-01
6.53307 9.834623539261861946e-01
6.53539 9.834460664617801218e-01
6.53772 9.834298537806730467e-01
6.54004 9.834137181866500210e-01
6.54294 9.833936633094900737e-01
6.54527 9.833777145168780542e-01
6.54759 9.833618545890846496e-01
6.5505 9.833421613588757548e-01
6.55282 9.833265141854281577e-01
6.55515 9.833109694249646537e-01
6.55805 9.832916903443953416e-01
6.56038 9.832763885849866714e-01
6.5627 9.832612024126426986e-01
6.56502 9.832461311687955563e-01
6.56792 9.832274468612502982e-01
6.57024 9.832126275994017561e-01
6.57256 9.831979111975513996e-01
6.57546 9.831796640916882213e-01
6.57778 9.831651725584726886e-01
6.5801 9.831507713645705193e-01
6.583 9.831328847438555174e-01
6.58531 9.831186558031260736e-01
6.58763 9.831044928138502614e-01
6.59053 9.830868618800410186e-01
6.59284 9.830728078640628143e-01
6.59516 9.830587826160442910e-01
6.59805 9.830412761383198195e-01
6.60037 9.830272753984929945e-01
6.60268 9.830132644533180475e-01
6.60558 9.829957179677145662e-01
6.60789 9.829816383863410056e-01
6.61021 9.829675075533736983e-01
6.61252 9.829533140445926298e-01
6.61541 9.829354653428752364e-01
6.61773 9.829210886936395886e-01
6.62005 9.829066144943848782e-01
6.62294 9.828883697298279598e-01
6.62526 9.828736464063163591e-01
6.62757 9.828587974353220069e-01
6.63047 9.828400622108581786e-01
6.63279 9.828249283501138134e-01
6.63511 9.828096693989610833e-01
6.638 9.827904182925323306e-01
6.64032 9.827748751332112676e-01
6.64264 9.827592122506146888e-01
6.64554 9.827394531935829125e-01
6.64787 9.827235176366622138e-01
6.65019 9.827074606858445804e-01
6.65251 9.826912944161841912e-01
6.65542 9.826709368770071285e-01
6.65774 9.826545354993199144e-01
6.66007 9.826380463739513571e-01
6.66298 9.826172965994175446e-01
6.66531 9.826006121356214429e-01
6.66763 9.825838727263482841e-01
6.67054 9.825628644307101700e-01
6.67287 9.825460043963279988e-01
6.67519 9.825291032153243842e-01
6.67751 9.825121563271671521e-01
6.68041 9.824909409736491961e-01
6.68273 9.824739300723238644e-01
6.68505 9.824569037930450666e-01
6.68795 9.824355941131548420e-01
6.69027 9.824185352207801536e-01
6.69258 9.824014725640461965e-01
6.69548 9.823801415956130434e-01
6.69779 9.823630884816589859e-01
6.70011 9.823460444804630320e-01
6.703 9.823247716846799094e-01
6.70531 9.823077817374585852e-01
6.70762 9.822908266649167386e-01
6.71051 9.822696918768872854e-01
6.71283 9.822528381303075040e-01
6.71514 9.822360421238246486e-01
6.71803 9.822151346187096843e-01
6.72034 9.821984881840295500e-01
6.72265 9.821819175853986339e-01
6.72554 9.821613188487549051e-01
6.72785 9.821449378190624246e-01
6.73016 9.821286481095189425e-01
6.73305 9.821084186930792992e-01
6.73537 9.820923478061069911e-01
6.73768 9.820763786095607628e-01
6.74057 9.820565740105690056e-01
6.74288 9.820408504024008556e-01
6.7452 9.820252373611958463e-01
6.74751 9.820097335566244645e-01
6.75041 9.819905015306671370e-01
6.75272 9.819752396801834093e-01
6.75504 9.819600741580811754e-01
6.75794 9.819412669000694427e-01
6.76025 9.819263267046662857e-01
6.76257 9.819114833930348007e-01
6.76547 9.818930621828345640e-01
6.76779 9.818784257595524201e-01
6.77011 9.818638750361845524e-01
6.77301 9.818457999244295520e-01
6.77533 9.818314253187024887e-01
6.77765 9.818171204377611483e-01
6.78055 9.817993312080138812e-01
6.78287 9.817851642362583897e-01
6.78519 9.817710475775347501e-01
6.78751 9.817569764249817199e-01
6.79042 9.817394324723519583e-01
6.79274 9.817254313457748349e-01
6.79506 9.817114457416471485e-01
6.79797 9.816939811833668150e-01
6.80029 9.816800224680118925e-01
6.80261 9.816660671588161025e-01
6.80551 9.816486134416184672e-01
6.80783 9.816346423053204928e-01
6.81015 9.816206463218626332e-01
6.81305 9.816031192728941202e-01
6.81536 9.815890561520332902e-01
6.81768 9.815749531580575393e-01
6.82057 9.815572583052183386e-01
6.82289 9.815430409190988303e-01
6.8252 9.815287675021860947e-01
6.82752 9.815144287795959377e-01
6.83041 9.814964138005980443e-01
6.83272 9.814819220322180682e-01
6.83503 9.814673578123878084e-01
6.83792 9.814490483500116769e-01
6.84024 9.814343155982460098e-01
6.84255 9.814195075077885022e-01
6.84544 9.814008961374457440e-01
6.84775 9.813859278143090004e-01
6.85007 9.813708946464434479e-01
6.85296 9.813520111390492406e-01
6.85527 9.813368343699426788e-01
6.85759 9.813215969316222420e-01
6.86048 9.813024639343242983e-01
6.8628 9.812870969164914081e-01
6.86511 9.812716677751447403e-01
6.86801 9.812523139907245451e-01
6.87033 9.812367700718094277e-01
6.87265 9.812211843382098175e-01
6.87554 9.812016479780661937e-01
6.87787 9.811859791967780797e-01
6.88019 9.811702876163626019e-01
6.88251 9.811545578430858061e-01
6.88542 9.811348744349197570e-01
6.88774 9.811191252171959087e-01
6.89006 9.811033698355144939e-01
6.89296 9.810836771353156349e-01
6.89528 9.810679301841376265e-01
6.8976 9.810521824643931854e-01
6.90049 9.810325222215044993e-01
6.90281 9.810167988958501395e-01
6.90512 9.810010940255337042e-01
6.90802 9.809814812915034210e-01
6.91033 9.809658108893525297e-01
6.91264 9.809501576193809802e-01
6.91553 9.809306113706329766e-01
6.91784 9.809149965464040166e-01
6.92016 9.808993978590194729e-01
6.92304 9.808799306999418377e-01
6.92535 9.808643813269185552e-01
6.92767 9.808488568705168165e-01
6.93055 9.808294899134564204e-01
6.93286 9.808140293365079643e-01
6.93517 9.807986009194057386e-01
6.93806 9.807793649961397131e-01
6.94037 9.807640161627814157e-01
6.94268 9.807487082710222293e-01
6.94557 9.807296301746506462e-01
6.94788 9.807144170862128751e-01
6.9502 9.806992475522002817e-01
6.95251 9.806841193110923394e-01
6.9554 9.806652776668094429e-01
6.95771 9.806502515425230548e-01
6.96003 9.806352785842800124e-01
6.96292 9.806166294241345227e-01
6.96524 9.806017691557545879e-01
6.96755 9.805869859774150044e-01
6.97045 9.805686123073853455e-01
6.97277 9.805539944310639466e-01
6.97508 9.805394452759083057e-01
6.97798 9.805213495386625455e-01
6.9803 9.805069405509720948e-01
6.98261 9.804925901851712089e-01
6.98551 9.804747293664569652e-01
6.98783 9.804604994106616012e-01
6.99014 9.804463221865336031e-01
6.99304 9.804286624410092355e-01
6.99536 9.804145901337816271e-01
6.99768 9.804005566895469537e-01
7 9.803865659823511880e-01
7.0029 9.803691330388991654e-01
7.00523 9.803552274023168422e-01
7.00755 9.803413630646123922e-01
7.01046 9.803240764922369621e-01
7.01278 9.803102909174145063e-01
7.0151 9.802965578544037273e-01
7.018 9.802794448468107325e-01
7.02032 9.802657992392219688e-01
7.02264 9.802521904994402346e-01
7.02554 9.802352222624945988e-01
7.02785 9.802216885746051211e-01
7.03017 9.802081813589529347e-01
7.03306 9.801913434076956477e-01
7.03538 9.801779012977384076e-01
7.03769 9.801644849241760715e-01
7.04 9.801510918177043230e-01
7.04289 9.801343767488641667e-01
7.04521 9.801210255469332555e-01
7.04752 9.801076874361283053e-01
7.05041 9.800910317351503309e-01
7.05272 9.800777167353158514e-01
7.05503 9.800644072429589571e-01
7.05792 9.800477750531418897e-01
7.06023 9.800344700161730538e-01
7.06255 9.800211622529259037e-01
7.06544 9.800045244920697618e-01
7.06775 9.799912046053238512e-01
7.07006 9.799778800704112003e-01
7.07296 9.799612102488431953e-01
7.07527 9.799478641949681545e-01
7.07759 9.799345080952611697e-01
7.08048 9.799177935323289956e-01
7.0828 9.799044132433784027e-01
7.08512 9.798910122214755658e-01
7.08801 9.798742509202078566e-01
7.09034 9.798608218618962695e-01
7.09266 9.798473827232627720e-01
7.09556 9.798305655985364293e-01
7.09788 9.798170960568716170e-01
7.10021 9.798036227246833541e-01
7.10253 9.797901264128262566e-01
7.10544 9.797732545064429255e-01
7.10777 9.797597630796909263e-01
7.1101 9.797462735966250280e-01
7.113 9.797294172495567555e-01
7.11533 9.797159387723620716e-01
7.11765 9.797024630308661663e-01
7.12056 9.796856304485946909e-01
7.12288 9.796721697787609262e-01
7.1252 9.796587171283536177e-01
7.12753 9.796452722279928027e-01
7.13043 9.796284777728688775e-01
7.13275 9.796150528546133662e-01
7.13508 9.796016387356027977e-01
7.13798 9.795849009160083609e-01
7.1403 9.795715249305616545e-01
7.14262 9.795581730102406182e-01
7.14552 9.795415044428626983e-01
7.14784 9.795281890367534272e-01
7.15015 9.795148908865171089e-01
7.15305 9.794982874733372258e-01
7.15537 9.794850251305490252e-01
7.15768 9.794717755268943504e-01
7.16058 9.794552375214438111e-01
7.16289 9.794420235513496831e-01
7.16521 9.794288252783394100e-01
7.16752 9.794156431315149680e-01
7.17041 9.793991871813463312e-01
7.17273 9.793860404024756772e-01
7.17504 9.793729102364526762e-01
7.17793 9.793565187830352015e-01
7.18025 9.793434249339774134e-01
7.18256 9.793303463565085076e-01
7.18546 9.793140208824452353e-01
7.18778 9.793009796231757491e-01
7.19009 9.792879517300073777e-01
7.19299 9.792716943715057409e-01
7.19531 9.792587001528529900e-01
7.19763 9.792457262534424167e-01
7.20053 9.792295277348609384e-01
7.20285 9.792165872058300469e-01
7.20517 9.792036637279210032e-01
7.20808 9.791875252159705223e-01
7.2104 9.791746388377640109e-01
7.21273 9.791617566933366046e-01
7.21506 9.791488971465804880e-01
7.21796 9.791328680304837162e-01
7.22029 9.791200780193286546e-01
7.22261 9.791073168864585785e-01
7.22551 9.790914174444241835e-01
7.22783 9.790787265125620031e-01
7.23015 9.790660770300668725e-01
7.23305 9.790503022422301083e-01
7.23536 9.790377220964858740e-01
7.23768 9.790251722665987977e-01
7.24057 9.790095286217399551e-01
7.24289 9.789970509575435242e-01
7.2452 9.789846012855267787e-01
7.24751 9.789721872302672434e-01
7.2504 9.789567095255865548e-01
7.25272 9.789443630379540684e-01
7.25503 9.789320462726146532e-01
7.25792 9.789166915079690057e-01
7.26023 9.789044410542312447e-01
7.26254 9.788922187133173303e-01
7.26543 9.788769801447038121e-01
7.26774 9.788648202978775803e-01
7.27005 9.788526860254619377e-01
7.27294 9.788375551145119813e-01
7.27525 9.788254778026092007e-01
7.27757 9.788134239595709385e-01
7.28046 9.787983904919806966e-01
7.28277 9.787863859310645953e-01
7.28508 9.787744051843711990e-01
7.28798 9.787594532208141462e-01
7.29029 9.787475149264759366e-01
7.29261 9.787355930525212244e-01
7.29551 9.787207128382450216e-01
7.29782 9.787088280403634100e-01
7.30014 9.786969522878603556e-01
7.30304 9.786821326783426978e-01
7.30536 9.786702954828158108e-01
7.30768 9.786584740724491027e-01
7.31 9.786466675137742710e-01
7.3129 9.786319288423386276e-01
7.31522 9.786201519720740816e-01
7.31754 9.786083853493041662e-01
7.32044 9.785936931830860885e-01
7.32276 9.785819468625821527e-01
7.32509 9.785702107369216307e-01
7.32799 9.785555498758792270e-01
7.33031 9.785438303054674325e-01
7.33263 9.785321241897483313e-01
7.33554 9.785175202396939609e-01
7.33786 9.785058762684690770e-01
7.34017 9.784942823467955852e-01
7.34307 9.784798371057555899e-01
7.34539 9.784683219481620231e-01
7.34771 9.784568370709431084e-01
7.35002 9.784453792500988900e-01
7.35292 9.784310986006694577e-01
7.35523 9.784196997024690035e-01
7.35754 9.784083281927272724e-01
7.36044 9.783941443049615216e-01
7.36275 9.783828233402320773e-01
7.36506 9.783715244354681539e-01
7.36795 9.783574310631895088e-01
7.37027 9.783461811798825902e-01
7.37258 9.783349532093409406e-01
7.37547 9.783209481791741435e-01
7.37779 9.783097699853593454e-01
7.3801 9.782986129638934214e-01
7.38299 9.782846996669831707e-01
7.38531 9.782735946426842633e-01
7.38762 9.782625120947586739e-01
7.39051 9.782486893655056859e-01
7.39283 9.782376231256829646e-01
7.39515 9.782265547195857502e-01
7.39805 9.782127152993937980e-01
7.40036 9.782016515901585940e-01
7.40268 9.781905962174326508e-01
7.40501 9.781795515120514928e-01
7.40791 9.781657720989220817e-01
7.41023 9.781547636478906682e-01
7.41256 9.781437816694029674e-01
7.41546 9.781300996616345556e-01
7.41778 9.781191898953240926e-01
7.4201 9.781083190139031602e-01
7.423 9.780947884864701347e-01
7.42532 9.780840051677973657e-01
7.42764 9.780732675802497056e-01
7.43054 9.780598955319610432e-01
7.43285 9.780492316173955425e-01
7.43517 9.780385587597799635e-01
7.43806 9.780252139639690201e-01
7.44037 9.780145393445669466e-01
7.44268 9.780038668810420166e-01
7.44557 9.779905384711166105e-01
7.44788 9.779798829211877598e-01
7.45019 9.779692393297466646e-01
7.4525 9.779586058689828665e-01
7.45539 9.779453308949113133e-01
7.4577 9.779347254635988307e-01
7.46001 9.779241328885507345e-01
7.4629 9.779109108826217200e-01
7.46521 9.779003486023729597e-01
7.46752 9.778897984469605564e-01
7.47041 9.778766303895427559e-01
7.47272 9.778661092464389082e-01
7.47503 9.778556058988482347e-01
7.47792 9.778425584387772096e-01
7.48023 9.778321852722782204e-01
7.48255 9.778218660065077783e-01
7.48544 9.778090260457555916e-01
7.48775 9.777988015156755530e-01
7.49007 9.777886097661578901e-01
7.49297 9.777759146760903741e-01
7.49528 9.777657923869754741e-01
7.4976 9.777556962588609402e-01
7.5005 9.777431119503736667e-01
7.50281 9.777330690457626261e-01
7.50513 9.777230474427390794e-01
7.50803 9.777105442254253598e-01
7.51035 9.777005604915425252e-01
7.51267 9.776905907794378736e-01
7.51557 9.776781451162047665e-01
7.51789 9.776682031028809394e-01
7.52021 9.776582669145181814e-01
7.52253 9.776483427602247200e-01
7.52543 9.776359445331265219e-01
7.52776 9.776260350004847277e-01
7.53008 9.776161329425481217e-01
7.53299 9.776037636808087017e-01
7.53532 9.775938810919319044e-01
7.53764 9.775840214569513353e-01
7.54054 9.775717102200482955e-01
7.54286 9.775618834483549291e-01
7.54518 9.775520680513061222e-01
7.54808 9.775398197549357571e-01
7.55039 9.775300382153531142e-01
7.55271 9.775202682579889890e-01
7.55502 9.775105165325599366e-01
7.55792 9.774983434547211969e-01
7.56023 9.774886241015210420e-01
7.56254 9.774789183765040246e-01
7.56543 9.774668076609551726e-01
7.56775 9.774571369941857935e-01
7.57006 9.774474815666140959e-01
7.57295 9.774354364092933123e-01
7.57526 9.774258191374116667e-01
7.57757 9.774162193985144187e-01
7.58046 9.774042458875290551e-01
7.58278 9.773946878821087036e-01
7.58509 9.773851496485416179e-01
7.58798 9.773732554313020460e-01
7.59029 9.773637623606845626e-01
7.59261 9.773542923185052356e-01
7.5955 9.773424816212773480e-01
7.59781 9.773330600870637763e-01
7.60013 9.773236588716501805e-01
7.60303 9.773119400941868706e-01
7.60534 9.773025911839084978e-01
7.60766 9.772932633061905960e-01
7.61056 9.772816407144658823e-01
7.61289 9.772723639396944106e-01
7.61521 9.772631156192352897e-01
7.61753 9.772538879836937253e-01
7.62044 9.772423884496498347e-01
7.62276 9.772332216552382933e-01
7.62509 9.772240840173203047e-01
7.628 9.772127045282775759e-01
7.63032 9.772036382691091649e-01
7.63264 9.771946021398013604e-01
7.63555 9.771833510130251144e-01
7.63787 9.771743845386183791e-01
7.6402 9.771654480148326272e-01
7.64252 9.771565412553540053e-01
7.64543 9.771454491829885125e-01
7.64775 9.771366069206665061e-01
7.65008 9.771277918581210420e-01
7.65298 9.771168067893686304e-01
7.6553 9.771080406211970493e-01
7.65762 9.770992950781768327e-01
7.66052 9.770883952223747837e-01
7.66284 9.770796965271599799e-01
7.66515 9.770710223127859750e-01
7.66805 9.770602051457818460e-01
7.67037 9.770515760520350756e-01
7.67268 9.770429654287604571e-01
7.67558 9.770322286193068306e-01
7.67789 9.770236598810053685e-01
7.68021 9.770151078048339155e-01
7.68252 9.770065727581564996e-01
7.68542 9.769959255506882601e-01
7.68773 9.769874236856377347e-01
7.69005 9.769789356598642671e-01
7.69294 9.769683425367619023e-01
7.69526 9.769598805971518862e-01
7.69757 9.769514296142826071e-01
7.70047 9.769408759412961940e-01
7.70278 9.769324439647695257e-01
7.7051 9.769240155811927950e-01
7.708 9.769134905882593811e-01
7.71032 9.769050741766686086e-01
7.71264 9.768966616456099539e-01
7.71554 9.768861515357815106e-01
7.71787 9.768777433306724545e-01
7.72019 9.768693408893859287e-01
7.72252 9.768609340542051545e-01
7.72543 9.768504312439594273e-01
7.72775 9.768420353496503061e-01
7.73008 9.768336452163348671e-01
7.73299 9.768231708595100926e-01
7.73531 9.768148082336721716e-01
7.73763 9.768064524058723830e-01
7.74053 9.767960310449667061e-01
7.74285 9.767877043073072141e-01
7.74517 9.767793923120133837e-01
7.74806 9.767690205483071653e-01
7.75038 9.767607376873633784e-01
7.75269 9.767524711760239287e-01
7.75501 9.767442168484166132e-01
7.7579 9.767339240347083784e-01
7.76021 9.767257063559471320e-01
7.76252 9.767175063190806084e-01
7.76541 9.767072810177079845e-01
7.76773 9.766991209524412687e-01
7.77004 9.766909806235519742e-01
7.77292 9.766808324551407017e-01
7.77524 9.766727373599823903e-01
7.77755 9.766646638008332770e-01
7.78044 9.766546026435231065e-01
7.78275 9.766465801134947000e-01
7.78506 9.766385814958422618e-01
7.78795 9.766286175726061058e-01
7.79026 9.766206766773926073e-01
7.79257 9.766127600533763831e-01
7.79547 9.766029058842238264e-01
7.79778 9.765950517134974751e-01
7.8001 9.765872283543334254e-01
7.80299 9.765774904871465933e-01
7.80531 9.765697340447986319e-01
7.80763 9.765620112799651142e-01
7.81053 9.765523977123928834e-01
7.81285 9.765447471594904671e-01
7.81517 9.765371317457703926e-01
7.81807 9.765276633133332940e-01
7.82039 9.765201275863490959e-01
7.82271 9.765126266400041555e-01
7.82504 9.765051607421731950e-01
7.82794 9.764958720766967470e-01
7.83026 9.764884791952297416e-01
7.83259 9.764811186049866532e-01
7.83549 9.764719618957266034e-01
7.83781 9.764646760490401922e-01
7.84013 9.764574225508358962e-01
7.84303 9.764483959904968202e-01
7.84535 9.764412087208425017e-01
7.84767 9.764340448063816291e-01
7.85056 9.764251277846146548e-01
7.85287 9.764180187401730882e-01
7.85519 9.764109321048500822e-01
7.8575 9.764038657433276036e-01
7.8604 9.763950575252042796e-01
7.86271 9.763880301332732436e-01
7.86502 9.763810166778030819e-01
7.86791 9.763722683828328641e-01
7.87023 9.763652825187116857e-01
7.87254 9.763583062718173000e-01
7.87543 9.763495983270842338e-01
7.87774 9.763426404249249124e-01
7.88006 9.763356884291720661e-01
7.88295 9.763270076986659829e-01
7.88527 9.763200664237091653e-01
7.88758 9.763131308426918897e-01
7.89048 9.763044639909542743e-01
7.89279 9.762975339681622122e-01
7.89511 9.762906056539528699e-01
7.89801 9.762819442527391756e-01
7.90033 9.762750174318791663e-01
7.90265 9.762680693649202768e-01
7.90556 9.762593405334131225e-01
7.90788 9.762523198549074577e-01
7.91021 9.762452727337724845e-01
7.91253 9.762382064620290789e-01
7.91543 9.762293536362267599e-01
7.91775 9.762222509392937120e-01
7.92007 9.762151399327357870e-01
7.92297 9.762062293378008793e-01
7.92528 9.761990919614280671e-01
7.9276 9.761919434563522957e-01
7.93049 9.761829962430960128e-01
7.9328 9.761758312369340773e-01
7.93511 9.761686587195159692e-01
7.938 9.761596893490543936e-01
7.94032 9.761525082640901685e-01
7.94263 9.761453262332663305e-01
7.94551 9.761363462349366138e-01
7.94782 9.761291621469685431e-01
7.95013 9.761219791502235843e-01
7.95302 9.761130029423407128e-01
7.95533 9.761058255059398281e-01
7.95764 9.760986526802299945e-01
7.96053 9.760896940914138842e-01
7.96284 9.760825613605190743e-01
7.96515 9.760755029023044926e-01
7.96804 9.760667833180538544e-01
7.97035 9.760598876454215089e-01
7.97266 9.760530595526110131e-01
7.97556 9.760446204536684656e-01
7.97787 9.760379396124286844e-01
7.98019 9.760313243585286846e-01
7.9825 9.760247696084575209e-01
7.9854 9.760166611637788314e-01
7.98772 9.760102228355316267e-01
7.99003 9.760038015596528282e-01
7.99293 9.759958054246348214e-01
7.99525 9.759894298262354884e-01
7.99757 9.759830757201171103e-01
8.00047 9.759751588207925543e-01
8.00279 9.759688475812370312e-01
8.00511 9.759625547474323204e-01
8.00802 9.759547126607058809e-01
8.01034 9.759484602708622392e-01
8.01267 9.759422200298145667e-01
8.01557 9.759344201565245402e-01
8.0179 9.759281197078544245e-01
8.02022 9.759217677890750231e-01
8.02254 9.759153785472629572e-01
8.02545 9.759073537163296397e-01
8.02777 9.759009068251630614e-01
8.03008 9.758944475232540494e-01
8.03298 9.758863523010626873e-01
8.0353 9.758798693595142071e-01
8.03761 9.758733778934723935e-01
8.0405 9.758652566229425451e-01
8.04282 9.758587548739197093e-01
8.04513 9.758522480131696097e-01
8.04802 9.758441098255031809e-01
8.05033 9.758375927238561731e-01
8.05264 9.758310707422511721e-01
8.05553 9.758229084762873873e-01
8.05785 9.758163697948927240e-01
8.06016 9.758098222814721723e-01
8.06305 9.758016233699569053e-01
8.06536 9.757950510372569441e-01
8.06767 9.757884669888367002e-01
8.07056 9.757802151621005615e-01
8.07288 9.757735983740815078e-01
8.07519 9.757669638675713353e-01
8.07751 9.757603129298186850e-01
8.0804 9.757519746965880314e-01
8.08272 9.757452820080919631e-01
8.08504 9.757385732867632777e-01
8.08794 9.757301548024821525e-01
8.09026 9.757234014843759740e-01
8.09258 9.757166253997050509e-01
8.09549 9.757081294646465786e-01
8.09781 9.757013121839669401e-01
8.10014 9.756944759481148699e-01
8.10305 9.756859115356335543e-01
8.10537 9.756790481160096951e-01
8.1077 9.756721721436329986e-01
8.11002 9.756652858465050260e-01
8.11293 9.756566635031342916e-01
8.11525 9.756497546562665768e-01
8.11758 9.756428371444398895e-01
8.12048 9.756341794212468610e-01
8.12281 9.756272459005191910e-01
8.12513 9.756203071047141462e-01
8.12803 9.756116368151446228e-01
8.13036 9.756047001260808038e-01
8.13268 9.755977721261855917e-01
8.13557 9.755891477679093926e-01
8.13789 9.755822737840358361e-01
8.14021 9.755754251838414381e-01
8.14253 9.755685972531973338e-01
8.14542 9.755600947422644609e-01
8.14774 9.755533167506440506e-01
8.15005 9.755465604389520484e-01
8.15295 9.755381459797921595e-01
8.15526 9.755314385517267484e-01
8.15758 9.755247531077784195e-01
8.16047 9.755164275301880794e-01
8.16279 9.755097910484520352e-01
8.1651 9.755031774153213320e-01
8.168 9.754949405949566721e-01
8.17031 9.754883759932754250e-01
8.17263 9.754818338848171289e-01
8.17553 9.754736852287058113e-01
8.17785 9.754671931741771829e-01
8.18017 9.754607188090366199e-01
8.18307 9.754526589393854863e-01
8.18539 9.754462317161024520e-01
8.18771 9.754398257246352788e-01
8.19004 9.754334407274874996e-01
8.19295 9.754254833327825613e-01
8.19527 9.754191434547831996e-01
8.1976 9.754128267950932241e-01
8.20051 9.754049632589475438e-01
8.20283 9.753987058059766513e-01
8.20516 9.753924732895813410e-01
8.20806 9.753847175168776085e-01
8.21038 9.753785416957416743e-01
8.2127 9.753723857267631026e-01
8.21501 9.753662558608512390e-01
8.21791 9.753586180643909476e-01
8.22022 9.753525301982020057e-01
8.22254 9.753464581932109745e-01
8.22543 9.753388883810996113e-01
8.22774 9.753328475897895533e-01
8.23006 9.753268162107943118e-01
8.23295 9.753192914619950304e-01
8.23526 9.753132784583525838e-01
8.23757 9.753072710481609509e-01
8.24046 9.752997663795363037e-01
8.24277 9.752937644211108204e-01
8.24508 9.752877627368945479e-01
8.24797 9.752802589512017395e-01
8.25028 9.752742526707873782e-01
8.25259 9.752682435067172584e-01
8.25548 9.752607241912523151e-01
8.25779 9.752547035028925615e-01
8.26011 9.752486759858747245e-01
8.263 9.752411321922933585e-01
8.26532 9.752350897919963568e-01
8.26763 9.752290383281378983e-01
8.27053 9.752214666883345373e-01
8.27285 9.752153967307315430e-01
8.27516 9.752093222313804599e-01
8.27806 9.752017178857609325e-01
8.28039 9.751956274735368302e-01
8.28271 9.751895325634312162e-01
8.28503 9.751834326092402305e-01
8.28793 9.751758035425601712e-01
8.29026 9.751696934518624404e-01
8.29258 9.751635820464674698e-01
8.29549 9.751559380879269989e-01
8.29781 9.751498209253219862e-01
8.30013 9.751437075995730286e-01
8.30304 9.751360767878902713e-01
8.30536 9.751299723981801115e-01
8.30767 9.751238770152437230e-01
8.31057 9.751162581602984547e-01
8.31289 9.751101687672795171e-01
8.3152 9.751040820862688641e-01
8.31752 9.750979990267080177e-01
8.32041 9.750904029328361089e-01
8.32272 9.750843310405604702e-01
8.32504 9.750782669426452109e-01
8.32793 9.750706964245025032e-01
8.33024 9.750646497862591744e-01
8.33255 9.750586130014239350e-01
8.33544 9.750510820977936755e-01
8.33776 9.750450708537308220e-01
8.34007 9.750390732863905008e-01
8.34296 9.750315935260863709e-01
8.34528 9.750256260385981033e-01
8.34759 9.750196682497582756e-01
8.35049 9.750122372000082915e-01
8.35281 9.750063018659536063e-01
8.35512 9.750003752180271821e-01
8.35802 9.749929791638622945e-01
8.36034 9.749870685188137820e-01
8.36266 9.749811668838758161e-01
8.36557 9.749737926186862191e-01
8.36789 9.749679004952516159e-01
8.37022 9.749620143075856671e-01
8.37254 9.749561334291507730e-01
8.37545 9.749487927170269463e-01
8.37777 9.749429318919810017e-01
8.38009 9.749370744899930052e-01
8.38298 9.749297659177693642e-01
8.3853 9.749239225386764351e-01
8.38761 9.749180849768046553e-01
8.39051 9.749107930829435942e-01
8.39282 9.749049623217739269e-01
8.39513 9.748991351398247351e-01
8.39802 9.748918509415801514e-01
8.40033 9.748860265930059388e-01
8.40265 9.748802002377721099e-01
8.40553 9.748729153283060000e-01
8.40784 9.748670836656910810e-01
8.41015 9.748612469178299378e-01
8.41304 9.748539417945630836e-01
8.41535 9.748480880829779593e-01
8.41766 9.748422232349994720e-01
8.42055 9.748348753818866230e-01
8.42286 9.748289804208684073e-01
8.42517 9.748230705932792173e-01
8.42806 9.748156582247191615e-01
8.43037 9.748097059384871477e-01
8.43268 9.748037348945253200e-01
8.43557 9.747962400389204030e-01
8.43789 9.747902254699561952e-01
8.4402 9.747841894541725560e-01
8.44252 9.747781366017763682e-01
8.44542 9.747705454701054428e-01
8.44773 9.747644532570288733e-01
8.45005 9.747583474979293339e-01
8.45295 9.747506959288553263e-01
8.45527 9.747445902705419440e-01
8.45759 9.747385402030769308e-01
8.46049 9.747310568755394034e-01
8.46281 9.747251298088045468e-01
8.46513 9.747192555138597392e-01
8.46804 9.747119860880874009e-01
8.47036 9.747062259048752120e-01
8.47269 9.747005179191307045e-01
8.47501 9.746948537532649226e-01
8.47792 9.746878239557870138e-01
8.48025 9.746822315839700490e-01
8.48257 9.746766552817917040e-01
8.48547 9.746696933353140579e-01
8.4878 9.746641267629497785e-01
8.49012 9.746585523735774581e-01
8.49301 9.746515750908709697e-01
8.49533 9.746459774818603261e-01
8.49765 9.746403659759497184e-01
8.50054 9.746333285228594434e-01
8.50286 9.746276783807860111e-01
8.50517 9.746220115278516616e-01
8.50806 9.746149015287102202e-01
8.51037 9.746091959816375327e-01
8.51269 9.746034734510060638e-01
8.515 9.745977362025735058e-01
8.51789 9.745905460161821132e-01
8.5202 9.745847805038467815e-01
8.52252 9.745790050062139720e-01
8.52541 9.745717746093827127e-01
8.52772 9.745659819651019129e-01
8.53003 9.745601854892413929e-01
8.53292 9.745529343865129146e-01
8.53524 9.745471318838304642e-01
8.53755 9.745413289235618226e-01
8.54045 9.745340746668137433e-01
8.54276 9.745282749377693898e-01
8.54508 9.745224733741186807e-01
8.54798 9.745152286672970066e-01
8.5503 9.745094332257147052e-01
8.55262 9.745036421267703197e-01
8.55552 9.744964066615667830e-01
8.55785 9.744906202915004645e-01
8.56017 9.744848394413969661e-01
8.56308 9.744776123874637763e-01
8.56541 9.744718366033058299e-01
8.56773 9.744660668779946411e-01
8.57006 9.744603014561167287e-01
8.57297 9.744530996569079617e-01
8.57529 9.744473415085947998e-01
8.57762 9.744415853457334409e-01
8.58052 9.744343905162528019e-01
8.58285 9.744286351756055176e-01
8.58518 9.744228825119918280e-01
8.58808 9.744156907230605569e-01
8.5904 9.744099389648688270e-01
8.59273 9.744041873387742081e-01
8.59505 9.743984318672858080e-01
8.59795 9.743912405037183921e-01
8.60027 9.743854844762485090e-01
8.60258 9.743797302578374175e-01
8.60548 9.743725367435015494e-01
8.6078 9.743667823824624374e-01
8.61011 9.743610283617780699e-01
8.61301 9.743538349906891716e-01
8.61532 9.743480802420069198e-01
8.61764 9.743423244612136047e-01
8.62054 9.743351280470197162e-01
8.62285 9.743293695694101864e-01
8.62517 9.743236090208885480e-01
8.62806 9.743164057887033769e-01
8.63038 9.743106410238348003e-01
8.6327 9.743048731967085541e-01
8.63501 9.742991045082634027e-01
8.63791 9.742918882515304579e-01
8.64023 9.742861142251358908e-01
8.64255 9.742803371473056639e-01
8.64546 9.742731133579470848e-01
8.64778 9.742673333456516316e-01
8.6501 9.742615499912208321e-01
8.65301 9.742543237116262356e-01
8.65534 9.742485370967818303e-01
8.65766 9.742427541732472385e-01
8.66057 9.742355277560148519e-01
8.6629 9.742297502814164512e-01
8.66523 9.742239812141112454e-01
8.66756 9.742182254517760542e-01
8.67046 9.742110392759361082e-01
8.67278 9.742053073772338756e-01
8.6751 9.741995818193914802e-01
8.678 9.741924409737352519e-01
8.68032 9.741867392687689753e-01
8.68264 9.741810468084238783e-01
8.68553 9.741739472659666221e-01
8.68785 9.741682761430747739e-01
8.69016 9.741626175333624182e-01
8.69305 9.741555546534781396e-01
8.69537 9.741499154434052343e-01
8.69768 9.741442844126576572e-01
8.70057 9.741372571938428093e-01
8.70288 9.741316449209311834e-01
8.70519 9.741260401781620670e-01
8.7075 9.741204436000947542e-01
8.71039 9.741134586232463866e-01
8.7127 9.741078787810801831e-01
8.71502 9.741023066547789266e-01
8.71791 9.740953516373739296e-01
8.72022 9.740897956077015918e-01
8.72253 9.740842477658006038e-01
8.72542 9.740773204756449921e-01
8.72774 9.740717880813984930e-01
8.73005 9.740662605478838110e-01
8.73295 9.740593615724094656e-01
8.73526 9.740538485865468665e-01
8.73758 9.740483411265744573e-01
8.74048 9.740414659210219206e-01
8.7428 9.740359695094954473e-01
8.74512 9.740304806503295998e-01
8.74802 9.740236246922895358e-01
8.75034 9.740181471376828659e-01
8.75267 9.740126755195279706e-01
8.75557 9.740058442870279665e-01
8.75789 9.740003855475183325e-01
8.76022 9.739949307658669619e-01
8.76254 9.739894819284122818e-01
8.76545 9.739826745895026061e-01
8.76778 9.739772344267066950e-01
8.7701 9.739718009437092761e-01
8.77301 9.739650179728450707e-01
8.77533 9.739596000293134770e-01
8.77766 9.739541931300983446e-01
8.78056 9.739474413637373429e-01
8.78288 9.739420519746401217e-01
8.7852 9.739366663552717629e-01
8.78751 9.739312870176334291e-01
8.79041 9.739245707738262148e-01
8.79273 9.739192043577471480e-01
8.79504 9.739138468945996996e-01
8.79793 9.739071545592018486e-01
8.80024 9.739018086588149270e-01
8.80256 9.738964634276626731e-01
8.80545 9.738897803842679890e-01
8.80776 9.738844311383886287e-01
8.81007 9.738790772683448838e-01
8.81296 9.738723748826474402e-01
8.81527 9.738670051128637262e-01
8.81759 9.738616233420925861e-01
8.82048 9.738548828242167277e-01
8.8228 9.738494751208046640e-01
8.82511 9.738440551412653745e-01
8.82801 9.738372607253001911e-01
8.83033 9.738318081899429712e-01
8.83265 9.738263411223107013e-01
8.83555 9.738194769747886559e-01
8.83787 9.738139669669082510e-01
8.84019 9.738084346168498495e-01
8.84252 9.738028842472437052e-01
8.84542 9.737959198843969544e-01
8.84775 9.737903272816086364e-01
8.85008 9.737847212833720123e-01
8.85298 9.737777087726668945e-01
8.85531 9.737720896447535912e-01
8.85763 9.737664764255249406e-01
8.86053 9.737594716725730404e-01
8.86285 9.737538865602319849e-01
8.86516 9.737483235532730097e-01
8.86806 9.737414042280071458e-01
8.87038 9.737359036354680253e-01
8.87269 9.737304329175499040e-01
8.875 9.737249976486509473e-01
8.87789 9.737182540579745194e-01
8.88021 9.737129041569079213e-01
8.88252 9.737075957205333365e-01
8.88541 9.737010170745794557e-01
8.88772 9.736957999132489494e-01
8.89003 9.736906205364938005e-01
8.89292 9.736841978564905187e-01
8.89523 9.736790979730073348e-01
8.89754 9.736740296792931737e-01
8.90043 9.736677355752494378e-01
8.90274 9.736627305607280514e-01
8.90505 9.736577498313307988e-01
8.90793 9.736515564640428888e-01
8.91025 9.736466237273816438e-01
8.91256 9.736417106262303944e-01
8.91545 9.736355913744216828e-01
8.91776 9.736307124212859598e-01
8.92008 9.736258468044967085e-01
8.92297 9.736197803882771229e-01
8.92528 9.736149419069685118e-01
8.9276 9.736101115491622160e-01
8.9305 9.736040916544840274e-01
8.93282 9.735992861311580926e-01
8.93514 9.735944925446566867e-01
8.93804 9.735885164089355115e-01
8.94036 9.735837476388585765e-01
8.94268 9.735789932662123336e-01
8.94501 9.735742492449432905e-01
8.94791 9.735683407598616501e-01
8.95024 9.735636275271104534e-01
8.95257 9.735589290112244276e-01
8.95548 9.735530761880517581e-01
8.9578 9.735484094857093096e-01
8.96013 9.735437589456307217e-01
8.96304 9.735379786297919669e-01
8.96537 9.735333717262458775e-01
8.96769 9.735287851284858407e-01
8.97001 9.735242145330424979e-01
8.97291 9.735185233047276565e-01
8.97523 9.735139879619904013e-01
8.97755 9.735094643609104592e-01
8.98045 9.735038305715657536e-01
8.98276 9.734993344037519147e-01
8.98508 9.734948494368359517e-01
8.98797 9.734892549202718293e-01
8.99028 9.734847879549463068e-01
8.9926 9.734803278236124902e-01
8.99549 9.734747597611085324e-01
8.9978 9.734703108931791471e-01
9.00012 9.734658653972068088e-01
9.00301 9.734603131263289688e-01
9.00532 9.734558748020023522e-01
9.00763 9.734514393901267937e-01
9.01053 9.734458998833860344e-01
9.01284 9.734414725889484199e-01
9.01515 9.734370487957740847e-01
9.01805 9.734315265281142660e-01
9.02036 9.734271125774813793e-01
9.02268 9.734227048887794664e-01
9.02557 9.734172019065386872e-01
9.02789 9.734128059371623953e-01
9.03021 9.734084160798793794e-01
9.03253 9.734040304521018871e-01
9.03543 9.733985594026864918e-01
9.03775 9.733941865076086719e-01
9.04007 9.733898222248177357e-01
9.04298 9.733843751292373669e-01
9.0453 9.733800259701782531e-01
9.04763 9.733756857557169795e-01
9.05054 9.733702709442874079e-01
9.05287 9.733659524781534955e-01
9.0552 9.733616482669228409e-01
9.05752 9.733573575232886688e-01
9.06043 9.733520146388132677e-01
9.06276 9.733477575285404138e-01
9.06509 9.733435161432126836e-01
9.068 9.733382373332034598e-01
9.07032 9.733340336384047609e-01
9.07265 9.733298480815680831e-01
9.07556 9.733246417974639186e-01
9.07789 9.733205015859603959e-01
9.08021 9.733163813493277416e-01
9.08253 9.733122808435579199e-01
9.08544 9.733071852241467203e-01
9.08776 9.733031290652880418e-01
9.09008 9.732990938805936576e-01
9.09298 9.732940737516866392e-01
9.0953 9.732900777813336957e-01
9.09762 9.732860978786210815e-01
9.10051 9.732811443424883580e-01
9.10283 9.732771979198309165e-01
9.10515 9.732732643164614394e-01
9.10805 9.732683651118513302e-01
9.11036 9.732644582390798105e-01
9.11268 9.732605616434303331e-01
9.11558 9.732557042789851121e-01
9.11789 9.732518278720481142e-01
9.12021 9.732479591616532977e-01
9.12253 9.732440979595079478e-01
9.12543 9.732392792121301595e-01
9.12775 9.732354313049058625e-01
9.13007 9.732315872989190098e-01
9.13297 9.732267884504640643e-01
9.13529 9.732229528610737423e-01
9.13761 9.732191198939335042e-01
9.14051 9.732143322290613963e-01
9.14284 9.732105010354960006e-01
9.14516 9.732066699708620261e-01
9.14807 9.732018744933161880e-01
9.15039 9.731980336890997396e-01
9.15272 9.731941856991572770e-01
9.15505 9.731903292449651799e-01
9.15796 9.731854994279400817e-01
9.16029 9.731816285849025361e-01
9.16262 9.731777485780669368e-01
9.16553 9.731728903217583548e-01
9.16785 9.731689923624555760e-01
9.17018 9.731650847985868769e-01
9.17308 9.731601845646155047e-01
9.1754 9.731562485396516582e-01
9.17772 9.731522997838356615e-01
9.18004 9.731483342346364251e-01
9.18293 9.731433569938287009e-01
9.18525 9.731393566107977566e-01
9.18757 9.731353406216176616e-01
9.19046 9.731302988392818154e-01
9.19277 9.731262474483322045e-01
9.19509 9.731221818310733518e-01
9.19798 9.731170783057936369e-01
9.20029 9.731129806949628813e-01
9.20261 9.731088694482137313e-01
9.2055 9.731037131442288324e-01
9.20781 9.730995753151723271e-01
9.21012 9.730954269782914334e-01
9.21301 9.730902284086128118e-01
9.21532 9.730860603375390827e-01
9.21764 9.730818846973785519e-01
9.22053 9.730766575050908695e-01
9.22284 9.730724702905583223e-01
9.22515 9.730682804194059621e-01
9.22805 9.730630411944704017e-01
9.23036 9.730588498777670292e-01
9.23268 9.730546615728400406e-01
9.23557 9.730494294200652261e-01
9.23789 9.730452510040193959e-01
9.24021 9.730410780675882165e-01
9.24252 9.730369136486122228e-01
9.24542 9.730317210371804970e-01
9.24774 9.730275776178752833e-01
9.25006 9.730234467305584056e-01
9.25297 9.730182957709629932e-01
9.25529 9.730141903233255896e-01
9.25761 9.730100960917614783e-01
9.26052 9.730049968144877104e-01
9.26285 9.730009317788288481e-01
9.26517 9.729968791485038571e-01
9.26808 9.729918313811630748e-01
9.27041 9.729878054270595378e-01
9.27274 9.729837916550921895e-01
9.27506 9.729797935192466829e-01
9.27797 9.729748123519582625e-01
9.28029 9.729708403772923120e-01
9.28262 9.729668790802907807e-01
9.28552 9.729619384129581938e-01
9.28784 9.729579957246830002e-01
9.29016 9.729540578521405081e-01
9.29305 9.729491438315205354e-01
9.29537 9.729452162667803217e-01
9.29769 9.729412915262337647e-01
9.30001 9.729373687400660886e-01
9.3029 9.729324654727972144e-01
9.30522 9.729285429701065580e-01
9.30753 9.729246187236101351e-01
9.31043 9.729197106829056141e-01
9.31274 9.729157809371665744e-01
9.31506 9.729118475334729288e-01
9.31795 9.729069249533434105e-01
9.32027 9.729029815564793626e-01
9.32258 9.728990325572619557e-01
9.32548 9.728940887287532702e-01
9.32779 9.728901255752938626e-01
9.33011 9.728861562208436231e-01
9.33301 9.728811835507029659e-01
9.33533 9.728771966773258617e-01
9.33764 9.728732018089145672e-01
9.34054 9.728681948128795609e-01
9.34286 9.728641805119946362e-01
9.34519 9.728601545136372764e-01
9.34751 9.728561203510311950e-01
9.35041 9.728510626521297278e-01
9.35274 9.728470051684824371e-01
9.35506 9.728429378311310716e-01
9.35797 9.728378366607837169e-01
9.3603 9.728337460999645359e-01
9.36262 9.728296495747953410e-01
9.36553 9.728245179373338214e-01
9.36786 9.728204091742668203e-01
9.37018 9.728162955211179241e-01
9.37308 9.728111481958600093e-01
9.3754 9.728070283491869752e-01
9.37772 9.728029048705076898e-01
9.38004 9.727987834555142932e-01
9.38293 9.727936299794275321e-01
9.38525 9.727895102513893777e-01
9.38756 9.727853932810529569e-01
9.39045 9.727802534341101204e-01
9.39277 9.727761492829752887e-01
9.39508 9.727720522320717489e-01
9.39797 9.727669462083852192e-01
9.40028 9.727628736381009888e-01
9.40259 9.727588150951115287e-01
9.40548 9.727537635860903364e-01
9.40779 9.727497418374113636e-01
9.4101 9.727457391497551509e-01
9.41299 9.727407641854626252e-01
9.4153 9.727368082388045956e-01
9.41761 9.727328746284729100e-01
9.4205 9.727279891366681364e-01
9.42281 9.727241067553239473e-01
9.42512 9.727202469732842971e-01
9.42801 9.727154536947063557e-01
9.43033 9.727116438162712875e-01
9.43264 9.727078540458684586e-01
9.43553 9.727031456315119451e-01
9.43785 9.726993980301721354e-01
9.44016 9.726956680548376477e-01
9.44306 9.726910258562868616e-01
9.44537 9.726873268167771647e-01
9.44769 9.726836391939964743e-01
9.45001 9.726799594068120669e-01
9.45291 9.726753715205902484e-01
9.45523 9.726717046384636411e-01
9.45755 9.726680422298307205e-01
9.46045 9.726634647694425428e-01
9.46278 9.726598020755403695e-01
9.4651 9.726561379932284757e-01
9.46801 9.726515521164629252e-01
9.47033 9.726478796388031700e-01
9.47266 9.726441994111347800e-01
9.47557 9.726395917457444362e-01
9.4779 9.726358961198658948e-01
9.48023 9.726321932667553183e-01
9.48256 9.726284853686664178e-01
9.48547 9.726238467726092685e-01
9.4878 9.726201291470482069e-01
9.49012 9.726164110390299600e-01
9.49302 9.726117564150942307e-01
9.49535 9.726080310356682856e-01
9.49767 9.726043031720646992e-01
9.50057 9.725996410768442679e-01
9.50289 9.725959112286155506e-01
9.50521 9.725921800466464928e-01
9.50752 9.725884509741506978e-01
9.51042 9.725837895557691848e-01
9.51274 9.725800625886330542e-01
9.51505 9.725763371045544892e-01
9.51795 9.725716827887725957e-01
9.52026 9.725679620366139977e-01
9.52257 9.725642430629921620e-01
9.52547 9.725595982208260493e-01
9.52778 9.725558847946073060e-01
9.5301 9.725521738986704356e-01
9.53299 9.725475390437514633e-01
9.5353 9.725438342666112845e-01
9.53762 9.725401326236570165e-01
9.54051 9.725355107630895279e-01
9.54282 9.725318174901416146e-01
9.54514 9.725281294614062100e-01
9.54803 9.725235264171225857e-01
9.55035 9.725198516212930633e-01
9.55267 9.725161839253047003e-01
9.55556 9.725116110032815397e-01
9.55788 9.725079638397872150e-01
9.5602 9.725043263127415294e-01
9.56252 9.725007015922211284e-01
9.56542 9.724961871037726135e-01
9.56774 9.724925916825999384e-01
9.57006 9.724890103553962550e-01
9.57297 9.724845547591369765e-01
9.57529 9.724810087132450542e-01
9.57762 9.724774771800152040e-01
9.58053 9.724730878581927529e-01
9.58286 9.724695919985038017e-01
9.58519 9.724661136768270042e-01
9.58752 9.724626524712486342e-01
9.59043 9.724583491430880411e-01
9.59276 9.724549243215565575e-01
9.59509 9.724515147132162252e-01
9.598 9.724472719664579712e-01
9.60033 9.724438918041160562e-01
9.60266 9.724405229108401549e-01
9.60557 9.724363253390424511e-01
9.6079 9.724329767511776801e-01
9.61023 9.724296359700752568e-01
9.61255 9.724263028509525508e-01
9.61546 9.724221436060134227e-01
9.61779 9.724188243733415948e-01
9.62012 9.724155082735197464e-01
9.62302 9.724113685020582265e-01
9.62534 9.724080594206592210e-01
9.62767 9.724047514214606558e-01
9.63057 9.724006184946650810e-01
9.63289 9.723973112411515851e-01
9.63521 9.723940046636615486e-01
9.63753 9.723906965921431667e-01
9.64043 9.723865602624229831e-01
9.64275 9.723832500115617838e-01
9.64507 9.723799385989928545e-01
9.64797 9.723757987070610342e-01
9.65029 9.723724861308952194e-01
9.65261 9.723691737851588579e-01
9.6555 9.723650340401445158e-01
9.65782 9.723617232733686722e-01
9.66014 9.723584140932394204e-01
9.66304 9.723542803516747046e-01
9.66536 9.723509759818175224e-01
9.66768 9.723476748566844963e-01
9.67058 9.723435520765911777e-01
9.6729 9.723402585185469960e-01
9.67522 9.723369682359876975e-01
9.67754 9.723336825214941026e-01
9.68044 9.723295820718547144e-01
9.68277 9.723263072527242867e-01
9.68509 9.723230392687315371e-01
9.68799 9.723189614911623702e-01
9.69032 9.723157086850331421e-01
9.69265 9.723124628229390387e-01
9.69556 9.723084191310089608e-01
9.69788 9.723051955202512975e-01
9.70021 9.723019830896726390e-01
9.70254 9.722987850657673903e-01
9.70546 9.722948049265144332e-01
9.70779 9.722916404725771011e-01
9.71012 9.722884971585855629e-01
9.71304 9.722845976344781649e-01
9.71537 9.722815045679851220e-01
9.71769 9.722784365011734042e-01
9.72002 9.722753919646773824e-01
9.72293 9.722716251606265958e-01
9.72525 9.722686395411173077e-01
9.72757 9.722656814036693129e-01
9.73048 9.722620200071359076e-01
9.7328 9.722591201598966837e-01
9.73512 9.722562460256432004e-01
9.73802 9.722526869476204592e-01
9.74033 9.722498668738142058e-01
9.74265 9.722470680903595452e-01
9.74555 9.722435995144356191e-01
9.74786 9.722408458372898687e-01
9.75018 9.722381097993925136e-01
9.75307 9.722347122132437569e-01
9.75538 9.722320097614808310e-01
9.7577 9.722293200787177625e-01
9.76001 9.722266408431770035e-01
9.7629 9.722233047495044689e-01
9.76522 9.722206440114904424e-01
9.76753 9.722179888650478441e-01
9.77042 9.722146755483759284e-01
9.77273 9.722120275199879202e-01
9.77505 9.722093802963619469e-01
9.77794 9.722060707090173226e-01
9.78025 9.722034207080336721e-01
9.78257 9.722007680872934987e-01
9.78546 9.721974468216609822e-01
9.78777 9.721947849042782419e-01
9.79009 9.721921182610465673e-01
9.79298 9.721887772846713460e-01
9.7953 9.721860994042248461e-01
9.79762 9.721834155927139287e-01
9.80051 9.721800554052896226e-01
9.80283 9.721773621192794090e-01
9.80515 9.721746658160874688e-01
9.80805 9.721712919858001012e-01
9.81037 9.721685907165055207e-01
9.81269 9.721658897911725772e-01
9.81501 9.721631874687222119e-01
9.81792 9.721598128357199498e-01
9.82024 9.721571146629720550e-01
9.82257 9.721544200689479220e-01
9.82548 9.721510576510127288e-01
9.82781 9.721483727105562078e-01
9.83014 9.721456950050593182e-01
9.83305 9.721423581813544157e-01
9.83538 9.721396991020846423e-01
9.83771 9.721370527951227469e-01
9.84003 9.721344185992375486e-01
9.84294 9.721311445195721657e-01
9.84527 9.721285419348887347e-01
9.84759 9.721259535611481706e-01
9.85049 9.721227424240348469e-01
9.85281 9.721201916442692159e-01
9.85513 9.721176593630120877e-01
9.85803 9.721145199303806717e-01
9.86035 9.721120304286010594e-01
9.86267 9.721095616062036537e-01
9.86557 9.721065052026653941e-01
9.86789 9.721040856182923129e-01
9.87021 9.721016889374317627e-01
9.87252 9.720993296552151719e-01
9.87542 9.720964544547544550e-01
9.87774 9.720942092365681964e-01
9.88005 9.720920106719246334e-01
9.88295 9.720893266944999889e-01
9.88526 9.720872308423326169e-01
9.88758 9.720851808532533500e-01
9.89048 9.720826828004864861e-01
9.89279 9.720807359153857963e-01
9.89511 9.720788340929336080e-01
9.89801 9.720765187987795430e-01
9.90033 9.720747147109487507e-01
9.90264 9.720729513398863597e-01
9.90554 9.720708026398694468e-01
9.90786 9.720691250194811728e-01
9.91018 9.720674830655147147e-01
9.9125 9.720658745696494352e-01
9.9154 9.720639085764899434e-01
9.91773 9.720623699060100265e-01
9.92005 9.720608592334755160e-01
9.92295 9.720590093763693540e-01
9.92528 9.720575570729206305e-01
9.92761 9.720561286947930757e-01
9.93051 9.720543731629274209e-01
9.93284 9.720529905980010987e-01
9.93517 9.720516259647516977e-01
9.93808 9.720499425518492886e-01
9.94041 9.720486100872746116e-01
9.94273 9.720472892976941282e-01
