#t,ms massf-e
0.003 0.000000000000000000e+00
0.005 0.000000000000000000e+00
0.008 0.000000000000000000e+00
0.01 0.000000000000000000e+00
0.0129324 0.000000000000000000e+00
0.0152784 0.000000000000000000e+00
0.0176291 0.000000000000000000e+00
0.0205694 0.000000000000000000e+00
0.0229245 0.000000000000000000e+00
0.0252824 0.000000000000000000e+00
0.0276402 0.000000000000000000e+00
0.0305804 0.000000000000000000e+00
0.0329326 0.000000000000000000e+00
0.0352671 0.000000000000000000e+00
0.0375956 0.000000000000000000e+00
0.040494 0.000000000000000000e+00
0.0427981 0.000000000000000000e+00
0.0451022 0.000000000000000000e+00
0.0479388 0.000000000000000000e+00
0.0502082 0.000000000000000000e+00
0.0530041 0.000000000000000000e+00
0.0552327 0.000000000000000000e+00
0.0579873 0.000000000000000000e+00
0.0601743 0.000000000000000000e+00
0.0628915 0.000000000000000000e+00
0.0650454 0.000000000000000000e+00
0.0677309 0.000000000000000000e+00
0.0703885 0.000000000000000000e+00
0.0725147 0.000000000000000000e+00
0.0751435 0.000000000000000000e+00
0.0777723 0.000000000000000000e+00
0.0803793 0.000000000000000000e+00
0.0829862 0.000000000000000000e+00
0.0850594 0.000000000000000000e+00
0.0876508 0.000000000000000000e+00
0.090234 0.000000000000000000e+00
0.0928152 0.000000000000000000e+00
0.0953792 0.000000000000000000e+00
0.0979388 0.000000000000000000e+00
0.100475 0.000000000000000000e+00
0.103006 0.000000000000000000e+00
0.105016 0.000000000000000000e+00
0.107524 0.000000000000000000e+00
0.11002 0.000000000000000000e+00
0.112509 0.000000000000000000e+00
0.115485 0.000000000000000000e+00
0.117961 0.000000000000000000e+00
0.120429 0.000000000000000000e+00
0.122896 0.000000000000000000e+00
0.125358 0.000000000000000000e+00
0.127819 0.000000000000000000e+00
0.130279 0.000000000000000000e+00
0.132739 0.000000000000000000e+00
0.135199 0.000000000000000000e+00
0.13766 0.000000000000000000e+00
0.140113 0.000000000000000000e+00
0.142564 0.000000000000000000e+00
0.145009 0.000000000000000000e+00
0.147941 0.000000000000000000e+00
0.150379 0.000000000000000000e+00
0.152817 0.000000000000000000e+00
0.155251 0.000000000000000000e+00
0.157686 0.000000000000000000e+00
0.160119 0.000000000000000000e+00
0.162553 0.000000000000000000e+00
0.165473 0.000000000000000000e+00
0.167908 0.000000000000000000e+00
0.170344 0.000000000000000000e+00
0.17278 0.000000000000000000e+00
0.175219 0.000000000000000000e+00
0.177658 0.000000000000000000e+00
0.180096 0.000000000000000000e+00
0.182534 0.000000000000000000e+00
0.185458 0.000000000000000000e+00
0.187895 0.000000000000000000e+00
0.190332 0.000000000000000000e+00
0.192769 0.000000000000000000e+00
0.195206 0.000000000000000000e+00
0.197644 0.000000000000000000e+00
0.200084 0.000000000000000000e+00
0.202524 0.000000000000000000e+00
0.205454 0.000000000000000000e+00
0.207897 0.000000000000000000e+00
0.210342 0.000000000000000000e+00
0.212788 0.000000000000000000e+00
0.215236 0.000000000000000000e+00
0.217684 0.000000000000000000e+00
0.220132 0.000000000000000000e+00
0.222581 0.000000000000000000e+00
0.225029 0.000000000000000000e+00
0.227969 0.000000000000000000e+00
0.23042 0.000000000000000000e+00
0.232872 0.000000000000000000e+00
0.235324 0.000000000000000000e+00
0.237778 0.000000000000000000e+00
0.240232 0.000000000000000000e+00
0.242687 0.000000000000000000e+00
0.245143 0.000000000000000000e+00
0.247601 0.000000000000000000e+00
0.250059 0.000000000000000000e+00
0.252517 0.000000000000000000e+00
0.255468 0.000000000000000000e+00
0.257927 0.000000000000000000e+00
0.260387 0.000000000000000000e+00
0.262847 0.000000000000000000e+00
0.265308 0.000000000000000000e+00
0.267769 0.000000000000000000e+00
0.27023 0.000000000000000000e+00
0.272692 0.000000000000000000e+00
0.275154 0.000000000000000000e+00
0.277616 0.000000000000000000e+00
0.280079 0.000000000000000000e+00
0.282542 0.000000000000000000e+00
0.285005 0.000000000000000000e+00
0.287961 0.000000000000000000e+00
0.290425 0.000000000000000000e+00
0.292888 0.000000000000000000e+00
0.295351 0.000000000000000000e+00
0.297815 0.000000000000000000e+00
0.300278 0.000000000000000000e+00
0.302742 0.000000000000000000e+00
0.305205 0.000000000000000000e+00
0.307668 0.000000000000000000e+00
0.310131 0.000000000000000000e+00
0.312594 0.000000000000000000e+00
0.315058 0.000000000000000000e+00
0.317521 0.000000000000000000e+00
0.320477 0.000000000000000000e+00
0.322941 0.000000000000000000e+00
0.325404 0.000000000000000000e+00
0.327867 0.000000000000000000e+00
0.33033 0.000000000000000000e+00
0.332793 0.000000000000000000e+00
0.335256 0.000000000000000000e+00
0.337719 0.000000000000000000e+00
0.340182 0.000000000000000000e+00
0.342644 0.000000000000000000e+00
0.345107 0.000000000000000000e+00
0.347569 0.000000000000000000e+00
0.350032 0.000000000000000000e+00
0.352987 0.000000000000000000e+00
0.355449 0.000000000000000000e+00
0.357912 0.000000000000000000e+00
0.360375 0.000000000000000000e+00
0.362838 0.000000000000000000e+00
0.365301 0.000000000000000000e+00
0.367764 0.000000000000000000e+00
0.370227 0.000000000000000000e+00
0.372691 0.000000000000000000e+00
0.375154 0.000000000000000000e+00
0.377618 0.000000000000000000e+00
0.380082 0.000000000000000000e+00
0.382546 0.000000000000000000e+00
0.38501 0.000000000000000000e+00
0.387967 0.000000000000000000e+00
0.390432 0.000000000000000000e+00
0.392896 0.000000000000000000e+00
0.395361 0.000000000000000000e+00
0.397825 0.000000000000000000e+00
0.40029 0.000000000000000000e+00
0.402754 0.000000000000000000e+00
0.405219 0.000000000000000000e+00
0.407684 0.000000000000000000e+00
0.410149 0.000000000000000000e+00
0.412614 0.000000000000000000e+00
0.41508 0.000000000000000000e+00
0.417545 0.000000000000000000e+00
0.42001 0.000000000000000000e+00
0.422969 0.000000000000000000e+00
0.425435 0.000000000000000000e+00
0.4279 0.000000000000000000e+00
0.430367 0.000000000000000000e+00
0.432833 0.000000000000000000e+00
0.4353 0.000000000000000000e+00
0.437766 0.000000000000000000e+00
0.440233 0.000000000000000000e+00
0.4427 0.000000000000000000e+00
0.445166 0.000000000000000000e+00
0.447633 0.000000000000000000e+00
0.4501 0.000000000000000000e+00
0.452567 0.000000000000000000e+00
0.455035 0.000000000000000000e+00
0.457502 0.000000000000000000e+00
0.460463 0.000000000000000000e+00
0.462931 0.000000000000000000e+00
0.465399 0.000000000000000000e+00
0.467867 0.000000000000000000e+00
0.470334 0.000000000000000000e+00
0.472802 0.000000000000000000e+00
0.475269 0.000000000000000000e+00
0.477736 0.000000000000000000e+00
0.480203 0.000000000000000000e+00
0.48267 0.000000000000000000e+00
0.485137 0.000000000000000000e+00
0.487604 0.000000000000000000e+00
0.490071 0.000000000000000000e+00
0.492538 0.000000000000000000e+00
0.495005 0.000000000000000000e+00
0.497965 0.000000000000000000e+00
0.500431 0.000000000000000000e+00
0.502898 0.000000000000000000e+00
0.505364 0.000000000000000000e+00
0.50783 0.000000000000000000e+00
0.510296 0.000000000000000000e+00
0.512761 0.000000000000000000e+00
0.515227 0.000000000000000000e+00
0.517693 0.000000000000000000e+00
0.520158 0.000000000000000000e+00
0.522624 0.000000000000000000e+00
0.525089 0.000000000000000000e+00
0.527554 0.000000000000000000e+00
0.530019 0.000000000000000000e+00
0.532976 0.000000000000000000e+00
0.53544 0.000000000000000000e+00
0.537904 0.000000000000000000e+00
0.540368 0.000000000000000000e+00
0.542831 0.000000000000000000e+00
0.545294 0.000000000000000000e+00
0.547757 0.000000000000000000e+00
0.55022 0.000000000000000000e+00
0.552682 0.000000000000000000e+00
0.555143 0.000000000000000000e+00
0.557605 0.000000000000000000e+00
0.560066 0.000000000000000000e+00
0.562527 0.000000000000000000e+00
0.56548 0.000000000000000000e+00
0.56794 0.000000000000000000e+00
0.5704 0.000000000000000000e+00
0.57286 0.000000000000000000e+00
0.57532 0.000000000000000000e+00
0.577779 0.000000000000000000e+00
0.580238 0.000000000000000000e+00
0.582696 0.000000000000000000e+00
0.585154 0.000000000000000000e+00
0.587611 0.000000000000000000e+00
0.590068 0.000000000000000000e+00
0.592525 0.000000000000000000e+00
0.595472 0.000000000000000000e+00
0.597928 0.000000000000000000e+00
0.600383 0.000000000000000000e+00
0.602838 0.000000000000000000e+00
0.605293 0.000000000000000000e+00
0.607747 0.000000000000000000e+00
0.6102 0.000000000000000000e+00
0.612653 0.000000000000000000e+00
0.615106 0.000000000000000000e+00
0.617558 0.000000000000000000e+00
0.62001 0.000000000000000000e+00
0.622952 0.000000000000000000e+00
0.625403 0.000000000000000000e+00
0.627854 0.000000000000000000e+00
0.630304 0.000000000000000000e+00
0.632754 0.000000000000000000e+00
0.635204 0.000000000000000000e+00
0.637652 0.000000000000000000e+00
0.640101 0.000000000000000000e+00
0.642549 0.000000000000000000e+00
0.645486 0.000000000000000000e+00
0.647933 0.000000000000000000e+00
0.650379 0.000000000000000000e+00
0.652825 0.000000000000000000e+00
0.65527 0.000000000000000000e+00
0.657715 0.000000000000000000e+00
0.660159 0.000000000000000000e+00
0.662603 0.000000000000000000e+00
0.665047 0.000000000000000000e+00
0.667978 0.000000000000000000e+00
0.67042 0.000000000000000000e+00
0.672862 0.000000000000000000e+00
0.675304 0.000000000000000000e+00
0.677745 0.000000000000000000e+00
0.680185 0.000000000000000000e+00
0.682625 0.000000000000000000e+00
0.685064 0.000000000000000000e+00
0.687503 0.000000000000000000e+00
0.690429 0.000000000000000000e+00
0.692867 0.000000000000000000e+00
0.695304 0.000000000000000000e+00
0.697741 0.000000000000000000e+00
0.700177 0.000000000000000000e+00
0.702612 0.000000000000000000e+00
0.705047 0.000000000000000000e+00
0.707968 0.000000000000000000e+00
0.710402 0.000000000000000000e+00
0.712835 0.000000000000000000e+00
0.715267 0.000000000000000000e+00
0.7177 0.000000000000000000e+00
0.720131 0.000000000000000000e+00
0.722562 0.000000000000000000e+00
0.725477 0.000000000000000000e+00
0.727907 0.000000000000000000e+00
0.730336 0.000000000000000000e+00
0.732764 0.000000000000000000e+00
0.735192 0.000000000000000000e+00
0.737619 0.000000000000000000e+00
0.740045 0.000000000000000000e+00
0.742957 0.000000000000000000e+00
0.745382 0.000000000000000000e+00
0.747807 0.000000000000000000e+00
0.75023 0.000000000000000000e+00
0.752654 0.000000000000000000e+00
0.755076 0.000000000000000000e+00
0.757982 0.000000000000000000e+00
0.760403 0.000000000000000000e+00
0.762822 0.000000000000000000e+00
0.765241 0.000000000000000000e+00
0.767658 0.000000000000000000e+00
0.770075 0.000000000000000000e+00
0.772973 0.000000000000000000e+00
0.775388 0.000000000000000000e+00
0.777801 0.000000000000000000e+00
0.780214 0.000000000000000000e+00
0.782625 0.000000000000000000e+00
0.785035 0.000000000000000000e+00
0.787926 0.000000000000000000e+00
0.790334 0.000000000000000000e+00
0.792739 0.000000000000000000e+00
0.795145 0.000000000000000000e+00
0.797548 0.000000000000000000e+00
0.800431 0.000000000000000000e+00
0.802831 0.000000000000000000e+00
0.805231 0.000000000000000000e+00
0.807629 0.000000000000000000e+00
0.810027 0.000000000000000000e+00
0.812902 0.000000000000000000e+00
0.815296 0.000000000000000000e+00
0.817689 0.000000000000000000e+00
0.820081 0.000000000000000000e+00
0.82295 0.000000000000000000e+00
0.825339 0.000000000000000000e+00
0.827728 0.000000000000000000e+00
0.830115 0.000000000000000000e+00
0.832501 0.000000000000000000e+00
0.835362 0.000000000000000000e+00
0.837745 0.000000000000000000e+00
0.840127 0.000000000000000000e+00
0.842508 0.000000000000000000e+00
0.845363 0.000000000000000000e+00
0.847741 0.000000000000000000e+00
0.850117 0.000000000000000000e+00
0.852968 0.000000000000000000e+00
0.855342 0.000000000000000000e+00
0.857715 0.000000000000000000e+00
0.860086 0.000000000000000000e+00
0.86293 0.000000000000000000e+00
0.865299 0.000000000000000000e+00
0.867666 0.000000000000000000e+00
0.870033 0.000000000000000000e+00
0.872871 0.000000000000000000e+00
0.875235 0.000000000000000000e+00
0.877597 0.000000000000000000e+00
0.880431 0.000000000000000000e+00
0.882791 0.000000000000000000e+00
0.88515 0.000000000000000000e+00
0.887508 0.000000000000000000e+00
0.890336 0.000000000000000000e+00
0.892691 0.000000000000000000e+00
0.895046 0.000000000000000000e+00
0.897869 0.000000000000000000e+00
0.900221 0.000000000000000000e+00
0.902572 0.000000000000000000e+00
0.905391 0.000000000000000000e+00
0.907739 0.000000000000000000e+00
0.910086 0.000000000000000000e+00
0.912901 0.000000000000000000e+00
0.915245 0.000000000000000000e+00
0.917589 0.000000000000000000e+00
0.920399 0.000000000000000000e+00
0.922741 0.000000000000000000e+00
0.92508 0.000000000000000000e+00
0.927887 0.000000000000000000e+00
0.930224 0.000000000000000000e+00
0.932562 0.000000000000000000e+00
0.935364 0.000000000000000000e+00
0.937699 0.000000000000000000e+00
0.940032 0.000000000000000000e+00
0.94283 0.000000000000000000e+00
0.945161 0.000000000000000000e+00
0.947956 0.000000000000000000e+00
0.950285 0.000000000000000000e+00
0.952612 0.000000000000000000e+00
0.955404 0.000000000000000000e+00
0.957728 0.000000000000000000e+00
0.960052 0.000000000000000000e+00
0.962839 0.000000000000000000e+00
0.965161 0.000000000000000000e+00
0.967945 0.000000000000000000e+00
0.970264 0.000000000000000000e+00
0.972582 0.000000000000000000e+00
0.975363 0.000000000000000000e+00
0.977678 0.000000000000000000e+00
0.980456 0.000000000000000000e+00
0.98277 0.000000000000000000e+00
0.985082 0.000000000000000000e+00
0.987856 0.000000000000000000e+00
0.990166 0.000000000000000000e+00
0.992938 0.000000000000000000e+00
0.995245 0.000000000000000000e+00
0.997553 0.000000000000000000e+00
1.00032 0.000000000000000000e+00
1.00262 0.000000000000000000e+00
1.00539 0.000000000000000000e+00
1.00769 0.000000000000000000e+00
1.01045 0.000000000000000000e+00
1.01275 0.000000000000000000e+00
1.01505 0.000000000000000000e+00
1.01781 0.000000000000000000e+00
1.02011 0.000000000000000000e+00
1.02286 0.000000000000000000e+00
1.02516 0.000000000000000000e+00
1.02791 0.000000000000000000e+00
1.0302 0.000000000000000000e+00
1.03295 0.000000000000000000e+00
1.03524 0.000000000000000000e+00
1.03753 0.000000000000000000e+00
1.04027 0.000000000000000000e+00
1.04256 0.000000000000000000e+00
1.0453 0.000000000000000000e+00
1.04759 0.000000000000000000e+00
1.05033 0.000000000000000000e+00
1.05261 0.000000000000000000e+00
1.05535 0.000000000000000000e+00
1.05763 0.000000000000000000e+00
1.06036 0.000000000000000000e+00
1.06264 0.000000000000000000e+00
1.06537 0.000000000000000000e+00
1.06765 0.000000000000000000e+00
1.07038 0.000000000000000000e+00
1.07265 0.000000000000000000e+00
1.07538 0.000000000000000000e+00
1.07765 0.000000000000000000e+00
1.08038 0.000000000000000000e+00
1.08264 0.000000000000000000e+00
1.08537 0.000000000000000000e+00
1.08763 0.000000000000000000e+00
1.09035 0.000000000000000000e+00
1.09262 0.000000000000000000e+00
1.09533 0.000000000000000000e+00
1.0976 0.000000000000000000e+00
1.10031 0.000000000000000000e+00
1.10257 0.000000000000000000e+00
1.10528 0.000000000000000000e+00
1.10754 0.000000000000000000e+00
1.11025 2.993302581803489907e-12
1.1125 1.644197049769244110e-11
1.11521 4.058004317397068383e-11
1.11791 7.343578446256901756e-11
1.12017 1.080401528678444946e-10
1.12287 1.562792318735978309e-10
1.12512 1.998812390206810760e-10
1.12782 2.539608473021385744e-10
1.13007 2.994413351464468510e-10
1.13276 3.538290424730910724e-10
1.13501 3.988306900822568354e-10
1.1377 4.523807329003139530e-10
1.14039 5.053880016026859417e-10
1.14264 5.491162308010476193e-10
1.14533 6.010928735537070891e-10
1.14757 6.441099632072840401e-10
1.15025 6.953801967628397293e-10
1.15294 7.462837308671561852e-10
1.15518 7.883765960443844391e-10
1.15786 8.384620582313518751e-10
1.1601 8.798062032452086412e-10
1.16278 9.288868336470209443e-10
1.16501 9.693257059677783599e-10
1.16769 1.017238179622528384e-09
1.17036 1.064546820064810541e-09
1.17259 1.103520263322361884e-09
1.17526 1.149811471420830681e-09
1.17794 1.195624012221950361e-09
1.18017 1.233479723578534040e-09
1.18284 1.278546805505822423e-09
1.18507 1.315834030583288019e-09
1.18775 1.360252841038342005e-09
1.19043 1.404347497327030830e-09
1.19267 1.440826191956932998e-09
1.19535 1.484289635751767153e-09
1.19758 1.520228983809323303e-09
1.20027 1.563009987126698104e-09
1.2025 1.598359738340721527e-09
1.20519 1.640396749765590497e-09
1.20788 1.682011405515529169e-09
1.21012 1.716342798273294337e-09
1.21281 1.757144049885661763e-09
1.21505 1.790794430428537731e-09
1.21774 1.830777115609733886e-09
1.22043 1.870329650983652149e-09
1.22268 1.902973941072640535e-09
1.22537 1.941780146147002566e-09
1.22762 1.973809851908737652e-09
1.23032 2.011895063422251715e-09
1.23257 2.043329187458944301e-09
1.23527 2.080715091232358568e-09
1.23752 2.111578743147662148e-09
1.24022 2.148292237754744251e-09
1.24292 2.184656329370375936e-09
1.24517 2.214704970852832544e-09
1.24788 2.250478527263900086e-09
1.25013 2.280059698734509606e-09
1.25284 2.315315553851757890e-09
1.2551 2.344497479562735643e-09
1.25781 2.379326484163129638e-09
1.26007 2.408196750620975462e-09
1.26278 2.442702107304234454e-09
1.26504 2.471355877304147953e-09
1.26776 2.505656029897943806e-09
1.27002 2.534193250801230422e-09
1.27274 2.568406387641919493e-09
1.275 2.596921412842461044e-09
1.27772 2.631152482920821315e-09
1.28044 2.665441349688831059e-09
1.28271 2.694057151908816893e-09
1.28543 2.728474305895155664e-09
1.2877 2.757217111533474844e-09
1.29043 2.791791068349296922e-09
1.2927 2.820670810061273022e-09
1.29543 2.855398571446195767e-09
1.2977 2.884402596687528445e-09
1.30043 2.919260160614412799e-09
1.30271 2.948364138010856217e-09
1.30544 2.983325626627958578e-09
1.30772 3.012501253885652053e-09
1.31045 3.047543332306731019e-09
1.31273 3.076776700311545977e-09
1.31501 3.106033180446217594e-09
1.31775 3.141175021180682294e-09
1.32003 3.170486525338387188e-09
1.32277 3.205685331444694102e-09
1.32506 3.235043886869820956e-09
1.3278 3.270284961409175556e-09
1.33008 3.299675233767509050e-09
1.33283 3.334942312781037278e-09
1.33512 3.364341699569029916e-09
1.33786 3.399612968573552061e-09
1.34015 3.428999649794544817e-09
1.3429 3.464260169670477632e-09
1.34519 3.493661884232499777e-09
1.34794 3.529014805942279691e-09
1.35024 3.558576602357337857e-09
1.35253 3.588298132473235134e-09
1.35528 3.624256348364923383e-09
1.35758 3.654578399397744184e-09
1.36033 3.691513824217187064e-09
1.36263 3.722879451303042420e-09
1.36539 3.761348758451410257e-09
1.36769 3.794201753980565707e-09
1.37045 3.834675856785377617e-09
1.37275 3.869337379371389172e-09
1.37505 3.904878792811125800e-09
1.37781 3.948672910486634605e-09
1.38012 3.986074304992057945e-09
1.38288 4.031871720758786286e-09
1.38518 4.070628004263182396e-09
1.38795 4.117486604692055639e-09
1.39026 4.156528487567165050e-09
1.39256 4.195240578880367800e-09
1.39533 4.240881550916762637e-09
1.39764 4.277946261781404984e-09
1.40041 4.320988393029817051e-09
1.40272 4.355538430417287671e-09
1.40504 4.388847046239848371e-09
1.40781 4.427231129933634567e-09
1.41012 4.458013592538616122e-09
1.4129 4.493746289948061260e-09
1.41521 4.522673174569926295e-09
1.41753 4.550916946477186350e-09
1.42031 4.583881882464304008e-09
1.42262 4.610502409591005442e-09
1.4254 4.641233936852556555e-09
1.42772 4.665657006198978438e-09
1.43004 4.688830438524966284e-09
1.43283 4.714753924671188354e-09
1.43515 4.734604898019680477e-09
1.43793 4.756051308558765349e-09
1.44025 4.771726322709596947e-09
1.44258 4.785101863672431659e-09
1.44536 4.798014038029957562e-09
1.44769 4.805951240375882116e-09
1.45001 4.810119125363078586e-09
1.4528 4.811296804382474369e-09
1.45513 4.809152896994917538e-09
1.45792 4.799014170652566633e-09
1.46025 4.783598605584318104e-09
1.46258 4.761076311469601094e-09
1.46538 4.723485056935835265e-09
1.46771 4.682341186902151438e-09
1.47004 4.631616433389864109e-09
1.47284 4.557428518313930948e-09
1.47517 4.483892356105843035e-09
1.4775 4.399162823480932029e-09
1.48031 4.282232453200196729e-09
1.48264 4.171719387632835026e-09
1.48545 4.023366382460497885e-09
1.48779 3.886673998326256913e-09
1.49013 3.738498478913311856e-09
1.49293 3.546219946985354492e-09
1.49528 3.374928114160161897e-09
1.49762 3.194678883928561091e-09
1.50043 2.968455451633644591e-09
1.50278 2.773515621966068608e-09
1.50513 2.574596324128268524e-09
1.50794 2.333485665126559458e-09
1.5103 2.132873139786810974e-09
1.51265 1.934949976128481787e-09
1.515 1.741620588423104416e-09
1.51783 1.518719922957935997e-09
1.52019 1.342405777014591782e-09
1.52255 1.176607205744106028e-09
1.52538 9.928811300564973213e-10
1.52775 8.537822633538746823e-10
1.53012 7.278037625991809916e-10
1.53297 5.944099224690650311e-10
1.53534 4.977842526585963548e-10
1.53772 4.139413938077205589e-10
1.5401 3.421291856796143573e-10
1.54297 2.705891933654867929e-10
1.54536 2.219429512706184339e-10
1.54775 1.820537678092895658e-10
1.55015 1.498009431442677408e-10
1.55255 1.239853331584816957e-10
1.55544 9.992557784583063730e-11
1.55785 8.432302983245693580e-11
1.56027 7.170727538123635247e-11
1.56269 6.121726647528440403e-11
1.56512 5.230562007735916179e-11
1.56755 4.458983017620159712e-11
1.57048 3.664663814724547279e-11
1.57293 3.095158099720991519e-11
1.57538 2.603402018315344930e-11
1.57784 2.179755443655426022e-11
1.58031 1.819632409336036350e-11
1.58278 1.514227363702083941e-11
1.58526 1.258397511462411123e-11
1.58775 1.044288752872463792e-11
1.59024 8.671012992559890801e-12
1.59274 7.202756359120680651e-12
1.59524 5.992033213856763311e-12
1.59776 4.986012766731147231e-12
1.60028 4.152227152713353085e-12
1.60281 3.451411709361759869e-12
1.60534 2.856132642454971990e-12
1.60789 2.339342437865875757e-12
1.61044 1.898224907535125822e-12
1.613 1.533056972313534468e-12
1.61505 1.299489242473181411e-12
1.61763 1.077192788803679833e-12
1.62021 9.022097605059522035e-13
1.62281 7.282830481330665310e-13
1.62541 5.440004195360784035e-13
1.6275 4.331097146872069993e-13
1.63012 3.780212668782127698e-13
1.63275 3.918954791184954540e-13
1.63539 4.256840221171921209e-13
1.6375 5.377969595481785737e-13
1.64016 6.424309939331399163e-13
1.64282 8.557643672428448933e-13
1.6455 1.291606531404680355e-12
1.64764 1.058881732648423362e-12
1.65034 2.232960642310738831e-12
1.65304 2.793109212133261670e-12
1.65521 3.556951019726595450e-12
1.65793 5.779334216673948303e-12
1.66011 7.138682983311256069e-12
1.66285 8.607918843023312015e-12
1.66505 1.161508730514303463e-11
1.6678 1.662568059498543992e-11
1.67001 2.220512572737641222e-11
1.67278 3.003992514855446072e-11
1.675 4.064229666405826478e-11
1.67779 5.971170985283071196e-11
1.68002 8.291021237699281879e-11
1.68282 1.164365840099698332e-10
1.68506 1.315993244757598705e-10
1.68788 1.635297514121424766e-10
1.69013 1.809030958787840941e-10
1.69296 2.008720866102210922e-10
1.69523 2.340317281868655103e-10
1.69807 3.068721789299816881e-10
1.70035 4.035626132712661558e-10
1.70263 5.382788562724994922e-10
1.7055 7.556981646515656563e-10
1.7078 9.581417301136664194e-10
1.7101 1.182335166542757751e-09
1.71299 1.481373189232649120e-09
1.7153 1.728678414350361652e-09
1.71763 1.977075854800126904e-09
1.72054 2.289902190058471492e-09
1.72287 2.550515442590330928e-09
1.72521 2.826123905746913985e-09
1.72756 3.120601214153891316e-09
1.7305 3.511864296822611120e-09
1.73285 3.837476952816840871e-09
1.7352 4.168682505240381595e-09
1.73755 4.500374729411468045e-09
1.74038 4.896940035566536103e-09
1.74265 5.205791760829423982e-09
1.74536 5.575181720119961852e-09
1.74803 5.942098927295616507e-09
1.7502 6.237232245676544768e-09
1.75291 6.603370521365972105e-09
1.75507 6.888915806727914182e-09
1.75774 7.237081406396172459e-09
1.76038 7.576557972996092017e-09
1.76298 7.906849138795739327e-09
1.76506 8.169305112484995856e-09
1.76768 8.495361206238887643e-09
1.77029 8.815456990641829402e-09
1.7729 9.129428840411810815e-09
1.77551 9.439625045328337924e-09
1.77758 9.684428489828340501e-09
1.78018 9.987181199992434822e-09
1.78281 1.029083057437936256e-08
1.78543 1.059421973901642965e-08
1.7875 1.083584112327352809e-08
1.7901 1.114160035973069855e-08
1.79275 1.145751615075215157e-08
1.79542 1.177508630589292793e-08
1.79754 1.202388941175854627e-08
1.80017 1.233026993356307031e-08
1.8028 1.263033161413489152e-08
1.80542 1.292465396036538831e-08
1.80752 1.315774529020739681e-08
1.81016 1.344651032455692176e-08
1.81279 1.373068926337711528e-08
1.81541 1.400980123683502819e-08
1.81751 1.422989035310476419e-08
1.82013 1.450073196511884496e-08
1.82276 1.476783477967593965e-08
1.82544 1.503452172517034837e-08
1.82759 1.524425576748435684e-08
1.83023 1.549912985533318865e-08
1.83288 1.577474217788152578e-08
1.83501 1.599829153120025082e-08
1.83768 1.625712555714383029e-08
1.84033 1.650387632787688863e-08
1.84297 1.674856124155155762e-08
1.84508 1.693952211154543594e-08
1.84771 1.717167325093015045e-08
1.85038 1.739925771098222578e-08
1.85253 1.757692972078117077e-08
1.85521 1.779091206862357400e-08
1.85789 1.799569187058114668e-08
1.86004 1.815348261946152046e-08
1.86273 1.834376636337627761e-08
1.86542 1.852541222242191617e-08
1.86754 1.866387652833093225e-08
1.8702 1.883088555036969423e-08
1.8729 1.899391300361233407e-08
1.87506 1.911999184742715731e-08
1.87775 1.927106489219902854e-08
1.88044 1.941522917673310252e-08
1.88259 1.952621636148204868e-08
1.88528 1.966008408141116783e-08
1.88798 1.978962738895854920e-08
1.89014 1.989107620634387018e-08
1.89283 2.001649105084942902e-08
1.89551 2.014152629839966245e-08
1.89765 2.024269543719073206e-08
1.90034 2.037202155392790168e-08
1.90302 2.050500398277100766e-08
1.90518 2.061415340974722941e-08
1.90787 2.075314386267781772e-08
1.91051 2.089194547597239198e-08
1.91263 2.100403802889236948e-08
1.91533 2.114743960032134830e-08
1.91803 2.129184805469061208e-08
1.92019 2.140706586813091530e-08
1.92288 2.155092529635297381e-08
1.92506 2.166694668973081667e-08
1.9278 2.181297746653625541e-08
1.93051 2.195681307583688731e-08
1.93263 2.206940818839546503e-08
1.9353 2.220969973699704281e-08
1.93798 2.234998713484163734e-08
1.94012 2.246177757349880554e-08
1.9428 2.260122814468223529e-08
1.94548 2.274007687381208070e-08
1.94764 2.285120107892377567e-08
1.95033 2.298986998960356821e-08
1.9525 2.310160365412291059e-08
1.95522 2.324169755604701053e-08
1.95793 2.338125834286180009e-08
1.96008 2.349265528756242129e-08
1.96278 2.363194667074731748e-08
1.96548 2.377116877413620211e-08
1.96763 2.388224136489572790e-08
1.9703 2.402005209983450871e-08
1.97298 2.415768998673980586e-08
1.97513 2.426789680441204856e-08
1.97782 2.440466796345089481e-08
1.9805 2.453939240227904960e-08
1.98264 2.464605716692001449e-08
1.98533 2.477785387329723340e-08
1.98801 2.490745187989010052e-08
1.99016 2.500946768099774658e-08
1.99285 2.513471830026042717e-08
1.995 2.523336072773317808e-08
1.9977 2.535486815016512962e-08
2.00039 2.547377032486415742e-08
2.00253 2.556693016672498978e-08
2.00521 2.568220313228032785e-08
2.00793 2.579771158783175415e-08
2.0101 2.588943953606839060e-08
2.0128 2.600279507979023444e-08
2.0155 2.611585225106129302e-08
2.01765 2.620584133856030199e-08
2.02033 2.631842638060525640e-08
2.02304 2.643202352690109201e-08
2.02521 2.652312811191091921e-08
2.02792 2.663676005572384433e-08
2.03009 2.672732084588340225e-08
2.03279 2.683977089074427466e-08
2.03549 2.695096815435988690e-08
2.03765 2.703880859924844354e-08
2.04033 2.714700153429943815e-08
2.04303 2.725503873045315284e-08
2.0452 2.734189601180630672e-08
2.04791 2.744990805347533873e-08
2.05008 2.753577145898003483e-08
2.0528 2.764226867109831759e-08
2.0555 2.774720715188777432e-08
2.05766 2.783025265550804716e-08
2.06037 2.793352778090204298e-08
2.06254 2.801557598119893712e-08
2.06525 2.811674997483076269e-08
2.06795 2.821632099351218002e-08
2.07011 2.829534803472385231e-08
2.07281 2.839360987144836800e-08
2.07552 2.849100502621673025e-08
2.07767 2.856811328404879746e-08
2.08036 2.866402947413141750e-08
2.08257 2.874250850857397704e-08
2.08533 2.884029683672767366e-08
2.08751 2.891715792998468758e-08
2.09022 2.901258511446059434e-08
2.09292 2.910778430969409096e-08
2.09508 2.918380645242446354e-08
2.09778 2.927862536400858741e-08
2.10048 2.937311237636461810e-08
2.10263 2.944848242108209251e-08
2.10533 2.954233109260051747e-08
2.10803 2.963582279929872413e-08
2.1102 2.971065943445891605e-08
2.11292 2.980357930334422500e-08
2.1151 2.987737535471828106e-08
2.11782 2.996894547703729684e-08
2.12053 3.005983442459231717e-08
2.12271 3.013203067518861457e-08
2.12542 3.022124865086730593e-08
2.12758 3.029187083012629779e-08
2.13028 3.037940421964325990e-08
2.13298 3.046643890650167163e-08
2.13514 3.053578818535714118e-08
2.13785 3.062223313983245329e-08
2.14002 3.069095496434616860e-08
2.14273 3.077622670142178606e-08
2.14543 3.086104724239152014e-08
2.1476 3.092866595309233905e-08
2.1503 3.101318922099478554e-08
2.153 3.109788144244267381e-08
2.15516 3.116610047917237624e-08
2.15786 3.125220558551253398e-08
2.16001 3.132204585238048325e-08
2.16271 3.141103789192874183e-08
2.16541 3.150194423950335203e-08
2.16758 3.157550590298910381e-08
2.17027 3.166788980584501440e-08
2.17297 3.176075428392435533e-08
2.17513 3.183534323978875437e-08
2.17784 3.192855052033995259e-08
2.1805 3.202030356611448237e-08
2.18263 3.209363840083381122e-08
2.18535 3.218719614374749837e-08
2.18754 3.226286778477475151e-08
2.19025 3.235775106601371888e-08
2.19296 3.245320955982946261e-08
2.19514 3.253067970700465218e-08
2.19787 3.262895008351939197e-08
2.20005 3.270781836730398475e-08
2.20272 3.280542623533816341e-08
2.20539 3.290338954645146249e-08
2.20753 3.298177834200998630e-08
2.21021 3.307966552755954042e-08
2.2129 3.317813045945659389e-08
2.21505 3.325683262289722709e-08
2.21773 3.335473652207488326e-08
2.22041 3.345248927464516673e-08
2.22257 3.353128769567766864e-08
2.22528 3.362996544884219905e-08
2.22797 3.372776188502040550e-08
2.23011 3.380544376590341313e-08
2.23279 3.390224919567908125e-08
2.23547 3.399855506750881640e-08
2.23763 3.407509925374012205e-08
2.24034 3.417039945471251746e-08
2.2425 3.424575896201650850e-08
2.24521 3.433867081023485950e-08
2.24791 3.443021641195918614e-08
2.25005 3.450153719125678519e-08
2.25272 3.458968694059823803e-08
2.2554 3.467717900802590277e-08
2.25754 3.474670967127067580e-08
2.26025 3.483411092580185778e-08
2.26297 3.492212881810503940e-08
2.26513 3.499246401985159581e-08
2.26782 3.508052178665024264e-08
2.2705 3.516919630048500925e-08
2.27264 3.524047194556193510e-08
2.27532 3.533041372661470221e-08
2.27801 3.542157280729112788e-08
2.28017 3.549478700090580525e-08
2.2829 3.558771975728657109e-08
2.28508 3.566206408911014165e-08
2.28777 3.575340762460630728e-08
2.29045 3.584414697726160279e-08
2.29259 3.591661090856554787e-08
2.29527 3.600691953259247643e-08
2.29797 3.609733556349496779e-08
2.30014 3.616959846423291382e-08
2.30283 3.625920334079507965e-08
2.30552 3.634795139482666358e-08
2.30767 3.641872988586339234e-08
2.31036 3.650707194829847248e-08
2.31252 3.657748950649939573e-08
2.31523 3.666572326497322725e-08
2.31794 3.675337643480210143e-08
2.3201 3.682294353786714237e-08
2.32281 3.690920527058288729e-08
2.32552 3.699443359390921058e-08
2.32767 3.706203841446616165e-08
2.3304 3.714675402298546594e-08
2.33259 3.721449970944601917e-08
2.33532 3.729807994257558652e-08
2.33802 3.738018667875098026e-08
2.34019 3.744540092459209868e-08
2.3429 3.752649572223726401e-08
2.34507 3.759073125232789811e-08
2.34778 3.767007360378011891e-08
2.35049 3.774873182252080606e-08
2.35264 3.781081925432037064e-08
2.35534 3.788783811665469718e-08
2.35803 3.796421924156136437e-08
2.36018 3.802490531004088335e-08
2.36288 3.810028574887398349e-08
2.36503 3.816022439581172414e-08
2.36775 3.823542328453462978e-08
2.37051 3.831119274353154271e-08
2.3727 3.837108906946084274e-08
2.3754 3.844423016630552626e-08
2.37756 3.850237615689205188e-08
2.38029 3.857545779799543367e-08
2.38301 3.864808095438600431e-08
2.38521 3.870620551679534015e-08
2.38795 3.877847503528500444e-08
2.39012 3.883505990862558224e-08
2.39282 3.890478535911096451e-08
2.39501 3.896068907503602570e-08
2.39777 3.903071190475669852e-08
2.40051 3.909940215613931455e-08
2.40267 3.915314782183268192e-08
2.40538 3.921973237961407147e-08
2.40755 3.927262724039965063e-08
2.41027 3.933811277920875657e-08
2.41298 3.940284133318407368e-08
2.41515 3.945407143980339180e-08
2.41786 3.951743459668406320e-08
2.42003 3.956763663760549079e-08
2.42276 3.963015478357401404e-08
2.4255 3.969229405892692086e-08
2.42768 3.974132254301140352e-08
2.43039 3.980181149917884701e-08
2.43256 3.985003439419372865e-08
2.4353 3.991051129319410737e-08
2.43805 3.997053834388321307e-08
2.44024 4.001827132348017370e-08
2.44299 4.007783922255105940e-08
2.44516 4.012480971703716530e-08
2.44787 4.018319490687880832e-08
2.45007 4.023013384492900638e-08
2.45283 4.028861208632638824e-08
2.45502 4.033473979957282074e-08
2.45773 4.039169421555570096e-08
2.46047 4.044882549172483491e-08
2.46268 4.049488653400240872e-08
2.46544 4.055222308887007449e-08
2.46762 4.059759280778388193e-08
2.47035 4.065437285261736342e-08
2.47255 4.070028750277109921e-08
2.4753 4.075789143072217140e-08
2.47804 4.081552507651659271e-08
2.48023 4.086182010267947899e-08
2.48296 4.091999439419279837e-08
2.48515 4.096683988799482908e-08
2.48788 4.102592838750798778e-08
2.49007 4.107360671110391349e-08
2.49282 4.113347787157552671e-08
2.49502 4.118158421416961803e-08
2.49777 4.124160609972158571e-08
2.50051 4.130095799896484655e-08
2.5027 4.134794950492903975e-08
2.50543 4.140561321980493008e-08
2.50761 4.145103248355742671e-08
2.51033 4.150727336478076727e-08
2.51252 4.155203684346206017e-08
2.51525 4.160796392775961010e-08
2.51799 4.166413539529108100e-08
2.52018 4.170939864038145978e-08
2.52293 4.176659440495150559e-08
2.52512 4.181267402017045570e-08
2.52787 4.187054319476698892e-08
2.53007 4.191697638458275941e-08
2.5328 4.197478462160665688e-08
2.53554 4.203235973296982371e-08
2.53771 4.207818658895088988e-08
2.54043 4.213553298609049571e-08
2.54261 4.218167641733152118e-08
2.54534 4.223979865752614835e-08
2.54752 4.228661181066036499e-08
2.55023 4.234542419673080278e-08
2.55296 4.240474998802818315e-08
2.55515 4.245279602003161868e-08
2.5579 4.251299663277698593e-08
2.56008 4.256083232109414213e-08
2.5628 4.262051512596781090e-08
2.56553 4.267988676878661024e-08
2.5677 4.272717831707037903e-08
2.57042 4.278605307760244924e-08
2.5726 4.283303259886065228e-08
2.57532 4.289189945881380769e-08
2.57751 4.293930353894680059e-08
2.58024 4.299892530323062777e-08
2.58297 4.305898919251187654e-08
2.58516 4.310739054107580783e-08
2.58792 4.316907053459134187e-08
2.59014 4.321875137571764485e-08
2.59288 4.328061683585503619e-08
2.59507 4.333009785389771191e-08
2.5978 4.339183039058131250e-08
2.60054 4.345301366830742000e-08
2.60273 4.350121128837366853e-08
2.60547 4.356008233758486925e-08
2.60767 4.360614795036173950e-08
2.61042 4.366326221819160699e-08
2.61262 4.370861748600962960e-08
2.61538 4.376532331844035788e-08
2.61759 4.381065759976143886e-08
2.62033 4.386736181876145339e-08
2.62252 4.391346843685945393e-08
2.62527 4.397236466224032378e-08
2.62804 4.403197676973416882e-08
2.63024 4.407938514305755256e-08
2.63298 4.413806394852672940e-08
2.63517 4.418482586253655068e-08
2.63792 4.424340764605095664e-08
2.64013 4.429034521017132291e-08
2.64287 4.434905073520608757e-08
2.64506 4.439639918391760794e-08
2.64782 4.445666204752945102e-08
2.65003 4.450544031804993483e-08
2.65279 4.456654810020193251e-08
2.65552 4.462782674145162556e-08
2.65772 4.467707726769165220e-08
2.66046 4.473878469132030481e-08
2.66266 4.478809770010688842e-08
2.66539 4.484947961569035971e-08
2.66758 4.489840331405906008e-08
2.67032 4.495918849780167287e-08
2.6725 4.500759597231468710e-08
2.67526 4.506825118714788071e-08
2.67801 4.512863470658848134e-08
2.68021 4.517646608180394395e-08
2.68296 4.523577636180646755e-08
2.68516 4.528305705556431334e-08
2.68792 4.534196337613260493e-08
2.69013 4.538872259923692050e-08
2.69287 4.544657901264675583e-08
2.69506 4.549275769269534633e-08
2.69782 4.555080246409026349e-08
2.70003 4.559719769105187753e-08
2.70278 4.565498311594345675e-08
2.70553 4.571271597487126802e-08
2.70773 4.575893543727139744e-08
2.71048 4.581681611818775799e-08
2.7127 4.586362670118721401e-08
2.71549 4.592285795215688062e-08
2.71772 4.597032662898162495e-08
2.72047 4.602937071889107686e-08
2.72267 4.607697367769307911e-08
2.72541 4.613689070427062237e-08
2.72761 4.618526787178848641e-08
2.73035 4.624635191402985073e-08
2.73254 4.629578571504693079e-08
2.73528 4.635827378705890675e-08
2.73802 4.642144408331521798e-08
2.74021 4.647246318022035421e-08
2.74296 4.653661628595447008e-08
2.74517 4.658793605852629020e-08
2.74792 4.665181793000814688e-08
2.75013 4.670245112459908759e-08
2.75287 4.676464140497554801e-08
2.75506 4.681379596792151167e-08
2.75779 4.687449916537848156e-08
2.76052 4.693480498036891671e-08
2.76272 4.698327836468541697e-08
2.76547 4.704425657863655190e-08
2.76767 4.709341866480303780e-08
2.77042 4.715542239880875077e-08
2.77263 4.720553837249284103e-08
2.7754 4.726894127535625876e-08
2.77761 4.731978584004195139e-08
2.78038 4.738326270756412089e-08
2.78259 4.743398089879159696e-08
2.78534 4.749698599227278369e-08
2.78754 4.754732950047310728e-08
2.79029 4.761027556861772312e-08
2.79304 4.767321725656784060e-08
2.79523 4.772336763688438847e-08
2.79796 4.778574153229064017e-08
2.80014 4.783561184131234224e-08
2.80289 4.789812445547802739e-08
2.80509 4.794804864722086842e-08
2.80783 4.801018293990567248e-08
2.81002 4.805985839652062299e-08
2.81277 4.812223535894400663e-08
2.81552 4.818466045800301161e-08
2.81773 4.823457852449572409e-08
2.82049 4.829691421338238081e-08
2.8227 4.834680209952214853e-08
2.82547 4.840919717937464539e-08
2.82767 4.845895253998458444e-08
2.83041 4.852066013167534699e-08
2.8326 4.857002116611351153e-08
2.83536 4.863200004005715586e-08
2.83756 4.868162002356735841e-08
2.84032 4.874387725260704268e-08
2.84252 4.879380137962343753e-08
2.84528 4.885629013237551734e-08
2.84804 4.891894021920860981e-08
2.85024 4.896924894520355590e-08
2.853 4.903238627488474617e-08
2.85521 4.908313736315198657e-08
2.85798 4.914701700341959650e-08
2.86019 4.919828031132368228e-08
2.86295 4.926215758760204354e-08
2.86515 4.931336938731431335e-08
2.8679 4.937749146720103359e-08
2.87011 4.942877098948942150e-08
2.87286 4.949257941063318192e-08
2.87505 4.954344595923385825e-08
2.8778 4.960721031848852031e-08
2.88001 4.965847131243100265e-08
2.88277 4.972256370884243784e-08
2.88553 4.978669746588645174e-08
2.88774 4.983808726610791125e-08
2.89052 4.990272744433426962e-08
2.89274 4.995448978727858336e-08
2.89551 5.001908439487312119e-08
2.89772 5.007064262377020690e-08
2.90048 5.013463648562840873e-08
2.90268 5.018555404271796294e-08
2.90544 5.024922085901216976e-08
2.90765 5.030023055861721058e-08
2.91042 5.036384601703153375e-08
2.91264 5.041466256821649828e-08
2.91541 5.047807287082697647e-08
2.91762 5.052864348734221678e-08
2.92039 5.059178682136582925e-08
2.92261 5.064241015295504847e-08
2.92538 5.070568982798965576e-08
2.9276 5.075613815986234693e-08
2.93036 5.081897024252683800e-08
2.93257 5.086909366123040420e-08
2.93531 5.093132276493711573e-08
2.93751 5.098103500586177201e-08
2.94028 5.104363843749027469e-08
2.94305 5.110602370092727321e-08
2.94526 5.115558853662638736e-08
2.94801 5.121739378146094796e-08
2.95022 5.126677395603302028e-08
2.95299 5.132837244006702847e-08
2.95519 5.137744880979165607e-08
2.95795 5.143848602301756762e-08
2.96016 5.148720176670484665e-08
2.96293 5.154823693443280632e-08
2.96515 5.159704224989526219e-08
2.96791 5.165778546955358718e-08
2.97012 5.170638749217919526e-08
2.97288 5.176712450317826407e-08
2.97508 5.181572697931472873e-08
2.97785 5.187674943628402423e-08
2.98007 5.192568881123024534e-08
2.98285 5.198686409595271009e-08
2.98508 5.203579375418352532e-08
2.98787 5.209680311623554538e-08
2.99008 5.214533114832690835e-08
2.99285 5.220586389612260648e-08
2.99507 5.225425567518470375e-08
2.99785 5.231456004805515129e-08
3.00006 5.236243148397792797e-08
3.00281 5.242208795015676917e-08
3.00502 5.246985468419846571e-08
3.00778 5.252987410480910478e-08
3.01054 5.259032953322146655e-08
3.01275 5.263893532720727393e-08
3.01552 5.270002203392908507e-08
3.01776 5.274949745383796449e-08
3.02055 5.281144290610248802e-08
3.02277 5.286055786686055296e-08
3.02554 5.292200636856514262e-08
3.02776 5.297132177772786257e-08
3.03054 5.303301192132281497e-08
3.03276 5.308210928057304977e-08
3.03553 5.314316249054071522e-08
3.03774 5.319187214958474431e-08
3.04051 5.325263478348826714e-08
3.04272 5.330121647362896574e-08
3.04549 5.336200361320251012e-08
3.04771 5.341067530896450538e-08
3.05048 5.347165616222142089e-08
3.0527 5.352054042054447876e-08
3.05548 5.358193655818329954e-08
3.05771 5.363118183065735895e-08
3.06049 5.369251477816030824e-08
3.06271 5.374127870199618445e-08
3.06548 5.380203536148338264e-08
3.0677 5.385047400337388576e-08
3.07047 5.391074635758135500e-08
3.0727 5.395893132556054920e-08
3.07548 5.401890809510418364e-08
3.0777 5.406651118027682462e-08
3.08047 5.412573018952102563e-08
3.08269 5.417319260721060283e-08
3.08549 5.423266193618726225e-08
3.08772 5.428003867130445382e-08
3.0905 5.433883526895593461e-08
3.09272 5.438581437889093491e-08
3.09548 5.444423352503055250e-08
3.09769 5.449102475204996381e-08
3.10047 5.454984572265166035e-08
3.10269 5.459698757493719355e-08
3.10547 5.465613667818183956e-08
3.1077 5.470360136690250524e-08
3.11048 5.476276712820795304e-08
3.11269 5.480987203362724573e-08
3.11546 5.486892488576969831e-08
3.11768 5.491649635657200499e-08
3.12046 5.497606276286179633e-08
3.1227 5.502418034816783199e-08
3.1255 5.508440080195157135e-08
3.12772 5.513218769847132612e-08
3.13049 5.519182148022864612e-08
3.1327 5.523973058433161810e-08
3.13549 5.529988333972339319e-08
3.13771 5.534811387044199314e-08
3.14049 5.540856821964153736e-08
3.14272 5.545704277586265660e-08
3.14549 5.551743256679490790e-08
3.1477 5.556570177447848401e-08
3.15048 5.562614698478444457e-08
3.1527 5.567450025392544276e-08
3.15548 5.573500203130228431e-08
3.15771 5.578343448086082584e-08
3.16049 5.584386931934621928e-08
3.16271 5.589209910996739929e-08
3.16549 5.595239922488875808e-08
3.16771 5.600070896169119742e-08
3.17049 5.606109478096829329e-08
3.17273 5.610966967306222123e-08
3.17552 5.617039148932691844e-08
3.17775 5.621867499192536824e-08
3.18052 5.627908682081825511e-08
3.18274 5.632773779393149763e-08
3.18553 5.638894771300985806e-08
3.18776 5.643804369578429177e-08
3.19054 5.649948309476081206e-08
3.19277 5.654878887048864374e-08
3.195 5.659846880637443134e-08
3.1978 5.666075748852415351e-08
3.20002 5.671049976743722133e-08
3.2028 5.677275880844984593e-08
3.20502 5.682276504340021446e-08
3.20781 5.688551769061208644e-08
3.21003 5.693581465235532969e-08
3.21281 5.699869934717566361e-08
3.21503 5.704912962410511355e-08
3.21781 5.711251171789172621e-08
3.22004 5.716332757399980648e-08
3.22282 5.722696596760485032e-08
3.22505 5.727797018250047024e-08
3.22784 5.734197037451853121e-08
3.23007 5.739331873539873489e-08
3.23286 5.745753302201636898e-08
3.23509 5.750889606567533708e-08
3.23788 5.757313835559769899e-08
3.24011 5.762453381878171330e-08
3.24289 5.768879683960285607e-08
3.24512 5.774017883316941015e-08
3.2479 5.780440155980867870e-08
3.25014 5.785594178885198435e-08
3.25294 5.792041657258558241e-08
3.25517 5.797185596845479732e-08
3.25795 5.803597369425495030e-08
3.26018 5.808727702429364763e-08
3.26298 5.815151499570231143e-08
3.26521 5.820286382191024894e-08
3.268 5.826700394603102728e-08
3.27024 5.831826201092126956e-08
3.27303 5.838210648446307529e-08
3.27525 5.843308505103862056e-08
3.27804 5.849682489064001105e-08
3.28028 5.854779277965973067e-08
3.28251 5.859864459268434520e-08
3.2853 5.866195306175893345e-08
3.28753 5.871249302229408409e-08
3.29031 5.877562491999380664e-08
3.29255 5.882605133312290406e-08
3.29533 5.888893339150109050e-08
3.29756 5.893913339938401719e-08
3.30036 5.900197967197702966e-08
3.3026 5.905226302421745888e-08
3.3054 5.911484302268748288e-08
3.30763 5.916463459753267910e-08
3.31042 5.922669846686959310e-08
3.31266 5.927619211308510151e-08
3.31545 5.933787870909485521e-08
3.31769 5.938734036003987438e-08
3.32049 5.944897906673249987e-08
3.32273 5.949792799922831131e-08
3.32552 5.955863654772479003e-08
3.32775 5.960690443492568465e-08
3.33055 5.966687483779203657e-08
3.33278 5.971453785707424856e-08
3.33502 5.976191721138357634e-08
3.33781 5.982080191212481821e-08
3.34005 5.986767874584328157e-08
3.34284 5.992599215745289074e-08
3.34507 5.997240739121878639e-08
3.34786 6.003039883849896129e-08
3.3501 6.007693433705644716e-08
3.3529 6.013529517710298249e-08
3.35514 6.018204925218421589e-08
3.35794 6.024054783656260203e-08
3.36017 6.028743150484721820e-08
3.36297 6.034605899086470215e-08
3.3652 6.039303570809022675e-08
3.368 6.045196047987445078e-08
3.37024 6.049915228547535551e-08
3.37304 6.055804166755036673e-08
3.37527 6.060507686011170850e-08
3.37751 6.065208548783669807e-08
3.3803 6.071081593754811626e-08
3.38254 6.075776294737974018e-08
3.38534 6.081656436767798507e-08
3.38758 6.086371933189560113e-08
3.39038 6.092281220693210971e-08
3.39262 6.097014712403258284e-08
3.39541 6.102927288106538518e-08
3.39765 6.107652728042154954e-08
3.40045 6.113559123584263694e-08
3.40269 6.118284417549421780e-08
3.40548 6.124185401339181574e-08
3.40772 6.128906058299297128e-08
3.41052 6.134811780159484623e-08
3.41276 6.139544719675017128e-08
3.41501 6.144284226500963544e-08
3.41781 6.150219673942191119e-08
3.42005 6.154980359196253299e-08
3.42284 6.160948005272578939e-08
3.42508 6.165737470081581794e-08
3.42788 6.171756193013300003e-08
3.43011 6.176603537257448933e-08
3.43291 6.182699476880003771e-08
3.43515 6.187607527871102811e-08
3.43796 6.193762348299135929e-08
3.4402 6.198698915346623432e-08
3.443 6.204875843481860388e-08
3.44524 6.209809339890967463e-08
3.44804 6.215965921098332334e-08
3.45028 6.220887705659059072e-08
3.45252 6.225806529459772644e-08
3.45532 6.231953067666748401e-08
3.45756 6.236876619094219602e-08
3.46037 6.243028813646370103e-08
3.46261 6.247957026721725867e-08
3.46542 6.254118973437788425e-08
3.46767 6.259039290795461327e-08
3.47047 6.265178608374012767e-08
3.47271 6.270089611285740599e-08
3.47551 6.276227997297845755e-08
3.47775 6.281141085861545851e-08
3.48056 6.287307026155855863e-08
3.4828 6.292244274253238936e-08
3.48505 6.297184010755935876e-08
3.48785 6.303365211322177116e-08
3.4901 6.308313856320202109e-08
3.4929 6.314504905492494458e-08
3.49514 6.319464558668985391e-08
3.49795 6.325671390602746829e-08
3.50019 6.330644985514580111e-08
3.50299 6.336876851486481662e-08
3.50523 6.341871031272879980e-08
3.50805 6.348146254745808607e-08
3.5103 6.353179953481792789e-08
3.51255 6.358211237922368067e-08
3.51535 6.364498800860820522e-08
3.5176 6.369538253895752027e-08
3.5204 6.375848590456044055e-08
3.52264 6.380906752444639574e-08
3.52546 6.387276500291575224e-08
3.52771 6.392382114252833785e-08
3.53052 6.398754431570777830e-08
3.53277 6.403857118064356755e-08
3.53501 6.408969637312482513e-08
3.53782 6.415373154772163645e-08
3.54007 6.420501829423338223e-08
3.54287 6.426914925354737736e-08
3.54512 6.432051223634385845e-08
3.54792 6.438483581971419000e-08
3.55017 6.443634177225645673e-08
3.55298 6.450093121793769042e-08
3.55524 6.455267544216170171e-08
3.55805 6.461724782705032648e-08
3.56029 6.466886181730036393e-08
3.56253 6.472054644265570769e-08
3.56535 6.478533148007407159e-08
3.5676 6.483720543046609044e-08
3.57041 6.490215653356683674e-08
3.57266 6.495416966637028728e-08
3.57547 6.501913837775425379e-08
3.57771 6.507114894743538390e-08
3.58053 6.513648095927920162e-08
3.58279 6.518894305794283125e-08
3.58505 6.524138972411397765e-08
3.58785 6.530674065994500849e-08
3.5901 6.535909845658750651e-08
3.59291 6.542482311980472225e-08
3.59517 6.547748189128304269e-08
3.59798 6.554336245383351286e-08
3.60023 6.559613557007845271e-08
3.60304 6.566212401978078268e-08
3.60528 6.571494803611826552e-08
3.60753 6.576786127240863710e-08
3.61034 6.583419202444861415e-08
3.6126 6.588731483321069352e-08
3.6154 6.595363799547303895e-08
3.61765 6.600674322605562111e-08
3.62046 6.607323629493440516e-08
3.62271 6.612647794346551998e-08
3.62552 6.619307716640511887e-08
3.62777 6.624638627057333969e-08
3.63002 6.629969973354770932e-08
3.63283 6.636631236737888233e-08
3.63507 6.641961608212919322e-08
3.63789 6.648647402775633278e-08
3.64014 6.653997508648099278e-08
3.64296 6.660670780441662000e-08
3.6452 6.666007469748645455e-08
3.64802 6.672700418509792824e-08
3.65028 6.678067083094969899e-08
3.65254 6.683429256462610293e-08
3.65535 6.690112158194182372e-08
3.6576 6.695460363100608345e-08
3.66042 6.702171056105823591e-08
3.66267 6.707542007802729699e-08
3.66549 6.714245774762121331e-08
3.66774 6.719609149793917152e-08
3.67056 6.726328447519557772e-08
3.67281 6.731714174112137870e-08
3.67507 6.737101998709457423e-08
3.67788 6.743833749049548778e-08
3.68014 6.749226427103087399e-08
3.68296 6.755999307890906515e-08
3.68522 6.761426373979487064e-08
3.68804 6.768204961008466782e-08
3.69029 6.773634355003198014e-08
3.69254 6.779079819231993891e-08
3.69537 6.785907777543020862e-08
3.69762 6.791376844627671282e-08
3.70044 6.798214118448445237e-08
3.70269 6.803692082622389216e-08
3.70551 6.810556827075620823e-08
3.70777 6.816056076627483029e-08
3.71002 6.821562575360560667e-08
3.71284 6.828454921871504828e-08
3.7151 6.833973229378500910e-08
3.71792 6.840876616163213610e-08
3.72017 6.846410920270976284e-08
3.723 6.853354829314150480e-08
3.72526 6.858917212502581661e-08
3.72751 6.864463254881078369e-08
3.73033 6.871405122754219496e-08
3.73259 6.876985591443208991e-08
3.73542 6.883979039618076719e-08
3.73767 6.889567386068034406e-08
3.74049 6.896545049928889150e-08
3.74274 6.902146145885864326e-08
3.74501 6.907786527118201012e-08
3.74785 6.914848140283841679e-08
3.7501 6.920470877682630663e-08
3.75292 6.927510593950275357e-08
3.75518 6.933161323282754686e-08
3.758 6.940240393074817252e-08
3.76026 6.945907727481798836e-08
3.76251 6.951578136028484033e-08
3.76533 6.958677205821566767e-08
3.76758 6.964363674110959907e-08
3.7704 6.971483644740612460e-08
3.77266 6.977199673128471353e-08
3.77548 6.984356717545254276e-08
3.77773 6.990083893241456286e-08
3.78055 6.997251578917402075e-08
3.78281 7.003009821317864213e-08
3.78508 7.008791184527201217e-08
3.7879 7.016022447928138354e-08
3.79016 7.021792324517400334e-08
3.79297 7.029017082798893082e-08
3.79523 7.034821842381130630e-08
3.79805 7.042090477355959044e-08
3.80031 7.047910984365567172e-08
3.80257 7.053739120218221881e-08
3.80539 7.061040783604589994e-08
3.80765 7.066896825820927095e-08
3.81047 7.074230827776635437e-08
3.81273 7.080110678936653446e-08
3.81555 7.087474215124545679e-08
3.81781 7.093359465511141611e-08
3.82006 7.099254636970603224e-08
3.82288 7.106643200446084736e-08
3.82514 7.112568378613620103e-08
3.82796 7.119997578577090977e-08
3.83022 7.125962606000365259e-08
3.83305 7.133429888988740569e-08
3.8353 7.139403689691190723e-08
3.83756 7.145387992820888934e-08
3.84038 7.152877026429412288e-08
3.84263 7.158878886369717428e-08
3.84546 7.166408591175622002e-08
3.84772 7.172450913674979767e-08
3.85054 7.180018567619784050e-08
3.8528 7.186084456911636892e-08
3.85506 7.192160857916722935e-08
3.85789 7.199758941521183033e-08
3.86014 7.205849332286105780e-08
3.86297 7.213497483198592514e-08
3.86524 7.219632301137828670e-08
3.86806 7.227302255118952654e-08
3.87032 7.233443273929712912e-08
3.87258 7.239595676843483549e-08
3.8754 7.247302463989175226e-08
3.87766 7.253481079023621805e-08
3.88049 7.261256662063332614e-08
3.88276 7.267490815344417851e-08
3.88502 7.273717543727952583e-08
3.88784 7.281510454269427460e-08
3.8901 7.287756226893317103e-08
3.89292 7.295577964810125158e-08
3.89518 7.301858053482077059e-08
3.89801 7.309756637645285918e-08
3.90028 7.316090566086910990e-08
3.90254 7.322425262151285566e-08
3.90537 7.330362499594325023e-08
3.90763 7.336712518011606500e-08
3.91045 7.344662738444365711e-08
3.91271 7.351056486309444780e-08
3.91555 7.359090925421552617e-08
3.91782 7.365538547250068055e-08
3.92009 7.372013682033055590e-08
3.92294 7.380127338411902364e-08
3.92519 7.386580231597906743e-08
3.92801 7.394665712650244519e-08
3.93028 7.401177052420463076e-08
3.93255 7.407711286324769052e-08
3.9354 7.415925602157752714e-08
3.93768 7.422545209793310539e-08
3.94054 7.430817694145455134e-08
3.9428 7.437383642198016974e-08
3.94506 7.443962046903349122e-08
3.94789 7.452216442462290698e-08
3.95015 7.458836224598492794e-08
3.95299 7.467154467018356742e-08
3.95527 7.473836472659673469e-08
3.95754 7.480519779880478424e-08
3.96037 7.488851932585412271e-08
3.96263 7.495529979067687854e-08
3.96546 7.503880742432369849e-08
3.96772 7.510573663770601881e-08
3.97055 7.518981518084486038e-08
3.97282 7.525725702311168046e-08
3.97509 7.532487408525217279e-08
3.97793 7.540963510185082598e-08
3.9802 7.547747082105855529e-08
3.98302 7.556203504142109547e-08
3.98528 7.562981918869236645e-08
3.98755 7.569784635844171607e-08
3.99038 7.578304513664608358e-08
3.99265 7.585158653097422677e-08
3.99549 7.593752812338737863e-08
3.99776 7.600621472753479092e-08
4.00002 7.607481602219569654e-08
4.00284 7.616070827622791529e-08
4.00511 7.622952771369793724e-08
4.00793 7.631568671410786079e-08
4.0102 7.638484027565518035e-08
4.01303 7.647141032279799807e-08
4.0153 7.654077921188514880e-08
4.01756 7.661023792481198111e-08
4.02039 7.669714168493349641e-08
4.02266 7.676671119559562956e-08
4.02548 7.685377627553397047e-08
4.02775 7.692350100706451705e-08
4.03001 7.699330164026778433e-08
4.03285 7.708089608166541810e-08
4.03512 7.715112152033874781e-08
4.03795 7.723885163811876563e-08
4.04021 7.730904782935704323e-08
4.04304 7.739701347914038180e-08
4.04531 7.746759548652377629e-08
4.04758 7.753828757428429966e-08
4.05041 7.762667216297048790e-08
4.05267 7.769749892464680528e-08
4.0555 7.778619939540241754e-08
4.05776 7.785727138690136747e-08
4.06003 7.792840803365206884e-08
4.06286 7.801741248273452099e-08
4.06512 7.808872913414859316e-08
4.06795 7.817808425678509278e-08
4.07022 7.824962889329476648e-08
4.07306 7.833914384091194323e-08
4.07532 7.841079927228488050e-08
4.07759 7.848238048340833662e-08
4.08042 7.857186005594328902e-08
4.08268 7.864357237812536289e-08
4.08552 7.873338856581761065e-08
4.08779 7.880528301491658517e-08
4.09005 7.887715419869902854e-08
4.09288 7.896711531064132818e-08
4.09515 7.903931526736505153e-08
4.09798 7.912971233004491421e-08
4.10025 7.920203029021517944e-08
4.10251 7.927442280190621600e-08
4.10535 7.936527293342120589e-08
4.10762 7.943831992891953198e-08
4.11046 7.952973875313553404e-08
4.11273 7.960278364727271557e-08
4.11556 7.969426143466400221e-08
4.11783 7.976762630821867630e-08
4.12009 7.984108700570666411e-08
4.12293 7.993297626485006088e-08
4.12519 8.000653226580629022e-08
4.12803 8.009858033367898785e-08
4.13029 8.017229893158161268e-08
4.13256 8.024603006049441051e-08
4.1354 8.033843056527885829e-08
4.13768 8.041234062316278270e-08
4.14051 8.050445181475228235e-08
4.14278 8.057807063339156871e-08
4.14505 8.065184580638989113e-08
4.14789 8.074429818025113305e-08
4.15017 8.081821414613493976e-08
4.153 8.091034139853697644e-08
4.15526 8.098413444617472619e-08
4.15754 8.105830157650709171e-08
4.16038 8.115117516808370537e-08
4.16264 8.122543795965301664e-08
4.16548 8.131839321013722439e-08
4.16774 8.139305945784008360e-08
4.17002 8.146801310938430569e-08
4.17286 8.156193349453062523e-08
4.17513 8.163728038047801652e-08
4.17798 8.173169721601200280e-08
4.18024 8.180712057672078968e-08
4.18251 8.188267218264119543e-08
4.18535 8.197745257472145525e-08
4.18762 8.205346525872418179e-08
4.19046 8.214839899835124401e-08
4.19273 8.222418814329333395e-08
4.19556 8.231898211884605300e-08
4.19784 8.239505780169389336e-08
4.20011 8.247105413696775059e-08
4.20295 8.256560838523772504e-08
4.20522 8.264107675666285956e-08
4.20805 8.273528936584865293e-08
4.21032 8.281057354202634788e-08
4.21259 8.288585284685457832e-08
4.21543 8.298008991930133293e-08
4.21771 8.305549407140934114e-08
4.22054 8.314952616653991353e-08
4.22281 8.322482805342447618e-08
4.22508 8.330037138520470418e-08
4.22792 8.339502922034668698e-08
4.23019 8.347084516739448951e-08
4.23302 8.356575385255270297e-08
4.23529 8.364192353828501827e-08
4.23757 8.371841962901964362e-08
4.24041 8.381430037456571331e-08
4.24268 8.389111495327342765e-08
4.24552 8.398741046424846289e-08
4.24778 8.406454910637096383e-08
4.25005 8.414180671740089189e-08
4.25289 8.423860757446618331e-08
4.25516 8.431621389082149716e-08
4.258 8.441325949305739162e-08
4.26026 8.449084346399673230e-08
4.26253 8.456838972736926914e-08
4.26537 8.466538092985381661e-08
4.26765 8.474289812873641543e-08
4.27049 8.483959301684695921e-08
4.27276 8.491679317990521426e-08
4.27503 8.499385274208144150e-08
4.27787 8.508994179928404631e-08
4.28013 8.516675742329013338e-08
4.28297 8.526291068829637062e-08
4.28525 8.533984106904033283e-08
4.28751 8.541670623494192106e-08
4.29035 8.551283644627446898e-08
4.29262 8.558989264553953820e-08
4.29546 8.568644515840831995e-08
4.29773 8.576386529092286204e-08
4.3 8.584148589758153752e-08
4.30284 8.593877924389661748e-08
4.30511 8.601688869232208754e-08
4.30796 8.611482317769928719e-08
4.31023 8.619346156618136042e-08
4.31251 8.627232644997330741e-08
4.31535 8.637106762520362549e-08
4.31761 8.645013970946984463e-08
4.32045 8.654925559199119600e-08
4.32272 8.662879214977024903e-08
4.32556 8.672835128670905574e-08
4.32783 8.680805301480052352e-08
4.3301 8.688776702086623850e-08
4.33294 8.698743580562952649e-08
4.33521 8.706713485297304810e-08
4.33806 8.716665968645701651e-08
4.34033 8.724619274250286862e-08
4.34261 8.732560779383395877e-08
4.34544 8.742444863649942717e-08
4.34771 8.750341618781151660e-08
4.35055 8.760219757257169938e-08
4.35283 8.768121426701138528e-08
4.3551 8.776015307417982240e-08
4.35793 8.785875469677356449e-08
4.3602 8.793770423776453187e-08
4.36304 8.803659398438057256e-08
4.36532 8.811581545536268596e-08
4.36759 8.819518179628534859e-08
4.37043 8.829460501364267727e-08
4.37271 8.837435018166771578e-08
4.37555 8.847431359980795782e-08
4.37782 8.855456897109559570e-08
4.3801 8.863509132050231030e-08
4.38294 8.873598938157007306e-08
4.38521 8.881674742658405894e-08
4.38805 8.891798283023295212e-08
4.39032 8.899935885959808880e-08
4.39259 8.908091205881769040e-08
4.39544 8.918299458066451441e-08
4.39771 8.926477109075603539e-08
4.40055 8.936721257407948857e-08
4.40282 8.944932914351318743e-08
4.4051 8.953146475411365642e-08
4.40794 8.963409797030985930e-08
4.41022 8.971615700552448906e-08
4.41306 8.981846699860895084e-08
4.41533 8.990021590547228150e-08
4.4176 8.998201682087590460e-08
4.42045 9.008432452500930991e-08
4.42272 9.016605502855965062e-08
4.42556 9.026795258985760713e-08
4.42783 9.034944916872316433e-08
4.43011 9.043122090382793729e-08
4.43295 9.053348567202821765e-08
4.43523 9.061524586143372145e-08
4.43807 9.071754219678393676e-08
4.44034 9.079957566417816058e-08
4.44262 9.088182162085788407e-08
4.44546 9.098494615679497671e-08
4.44774 9.106779510826182483e-08
4.45001 9.115090037405381391e-08
4.45285 9.125488499417834118e-08
4.45512 9.133833064544987869e-08
4.45797 9.144328708518471631e-08
4.46025 9.152769514807296896e-08
4.46253 9.161228533230222348e-08
4.46537 9.171807208382661323e-08
4.46764 9.180295834050953252e-08
4.47048 9.190961870409822632e-08
4.47276 9.199514330721113418e-08
4.47504 9.208076157315303190e-08
4.47788 9.218792154235164520e-08
4.48015 9.227366709825619842e-08
4.48299 9.238083032578706014e-08
4.48526 9.246669963136383699e-08
4.48755 9.255289390700440587e-08
4.4904 9.266064343896634173e-08
4.49267 9.274641735387422480e-08
4.49551 9.285364224890886750e-08
4.49779 9.293973423684764222e-08
4.50007 9.302595841393152341e-08
4.50292 9.313368034961602132e-08
4.50519 9.321978559085596973e-08
4.50803 9.332760071579819390e-08
4.51031 9.341408968220962378e-08
4.51258 9.350076868361378566e-08
4.51543 9.360961016341427196e-08
4.51771 9.369701247046967946e-08
4.52056 9.380641178603037060e-08
4.52283 9.389414046616372078e-08
4.5251 9.398229056858877981e-08
4.52795 9.409331505903500554e-08
4.53023 9.418252762962009894e-08
4.53251 9.427179331159175241e-08
4.53535 9.438385011155388691e-08
4.53763 9.447398332779564335e-08
4.54047 9.458712206275482253e-08
4.54275 9.467798598725350212e-08
4.54503 9.476913606730085406e-08
4.54788 9.488327519568357144e-08
4.55015 9.497451256554201340e-08
4.55299 9.508872844122754013e-08
4.55527 9.518060210895807915e-08
4.55756 9.527253057417471465e-08
4.5604 9.538722425996782940e-08
4.56268 9.547885302380955383e-08
4.56552 9.559343733171298950e-08
4.5678 9.568516091295833968e-08
4.57007 9.577688597881186258e-08
4.57292 9.589180160905319296e-08
4.5752 9.598377523925401037e-08
4.57805 9.609863407134499114e-08
4.58033 9.619059273563184225e-08
4.58261 9.628290014313506571e-08
4.58547 9.639879795020181827e-08
4.58775 9.649164056600502350e-08
4.59002 9.658437361813889273e-08
4.59287 9.670070562539558195e-08
4.59514 9.679422039527279895e-08
4.59799 9.691162149741930697e-08
4.60027 9.700615521800642333e-08
4.60255 9.710114837917906137e-08
4.6054 9.722029669337346271e-08
4.60767 9.731586950104576718e-08
4.61052 9.743600313815749005e-08
4.61281 9.753293453687541182e-08
4.61509 9.763020017717821497e-08
4.61794 9.775171981551972224e-08
4.62022 9.784912368417459853e-08
4.62306 9.797121092516153755e-08
4.62534 9.806908063797791211e-08
4.62762 9.816712676934263730e-08
4.63047 9.829003011451856825e-08
4.63275 9.838837784085623580e-08
4.63503 9.848630762515114587e-08
4.63787 9.860866478351722071e-08
4.64015 9.870683205151717690e-08
4.64301 9.882959143712027692e-08
4.64529 9.892762649098952082e-08
4.64757 9.902550800452022254e-08
4.65042 9.914780020409290422e-08
4.6527 9.924559038939116635e-08
4.65555 9.936785918830872344e-08
4.65783 9.946600094303587202e-08
4.66012 9.956425638386047512e-08
4.66296 9.968695861821025670e-08
4.66524 9.978517640062296608e-08
4.66752 9.988376118848672409e-08
4.67037 1.000078147856669238e-07
4.67265 1.001074555074448859e-07
4.6755 1.002323926747505880e-07
4.67778 1.003327801915140553e-07
4.68006 1.004334427779436184e-07
4.68291 1.005597858952106157e-07
4.68519 1.006615498341187754e-07
4.68805 1.007895928020121868e-07
4.69034 1.008922783234089488e-07
4.69261 1.009948437848817972e-07
4.69545 1.011234228210362294e-07
4.69774 1.012268648251521342e-07
4.70002 1.013304686578218789e-07
4.70287 1.014601020277580731e-07
4.70515 1.015638544276232949e-07
4.708 1.016933980509416572e-07
4.71028 1.017968068921845738e-07
4.71256 1.019001209588485534e-07
4.71542 1.020298177089438582e-07
4.71771 1.021334033120836231e-07
4.72056 1.022622484326859154e-07
4.72284 1.023650526302180632e-07
4.72512 1.024676859017022903e-07
4.72797 1.025957603820927945e-07
4.73025 1.026981240352358268e-07
4.73253 1.028005436911569863e-07
4.73539 1.029285035401278487e-07
4.73767 1.030304812764189333e-07
4.74051 1.031580410588038259e-07
4.74279 1.032605655125004588e-07
4.74508 1.033633765772256347e-07
4.74794 1.034921674767159477e-07
4.75022 1.035954569641594012e-07
4.7525 1.036990463651184380e-07
4.75535 1.038286388236248145e-07
4.75763 1.039326931027554128e-07
4.76049 1.040637606481145000e-07
4.76278 1.041690920942362146e-07
4.76506 1.042744305230853646e-07
4.76791 1.044060842311195329e-07
4.77019 1.045117201365240225e-07
4.77304 1.046442762849723130e-07
4.77532 1.047504617814148265e-07
4.77761 1.048568004268139858e-07
4.78046 1.049897541316828755e-07
4.78274 1.050958287881159311e-07
4.78502 1.052017393990205959e-07
4.78787 1.053341558415434874e-07
4.79016 1.054401489909795303e-07
4.79302 1.055723197202494062e-07
4.7953 1.056776722189725915e-07
4.79758 1.057827826365254654e-07
4.80043 1.059137959843041411e-07
4.80272 1.060183396343547159e-07
4.80557 1.061488971566651129e-07
4.80786 1.062532340101278344e-07
4.81014 1.063573294279850949e-07
4.81299 1.064869344649914863e-07
4.81527 1.065905701071064889e-07
4.81755 1.066944039860315255e-07
4.8204 1.068242844022582780e-07
4.82269 1.069285688670969463e-07
4.82555 1.070592624790440925e-07
4.82784 1.071638614291053604e-07
4.83012 1.072685100235061190e-07
4.83297 1.073997130584407338e-07
4.83526 1.075050656343688282e-07
4.83754 1.076106955679014206e-07
4.84039 1.077430275466057061e-07
4.84267 1.078491597221772430e-07
4.84552 1.079820548131522028e-07
4.8478 1.080885377058503267e-07
4.85008 1.081952511384074676e-07
4.85294 1.083290985284484387e-07
4.85523 1.084362328029633055e-07
4.85751 1.085431924718598894e-07
4.86037 1.086768204460272839e-07
4.86265 1.087835335672670471e-07
4.8655 1.089166948153319023e-07
4.86778 1.090233119978463821e-07
4.87008 1.091300134688692176e-07
4.87294 1.092629730725678653e-07
4.87522 1.093687205242083043e-07
4.8775 1.094742581134438118e-07
4.88036 1.096059904128087321e-07
4.88264 1.097112032469298546e-07
4.8855 1.098426691260652800e-07
4.88779 1.099478120143239021e-07
4.89008 1.100528074489629854e-07
4.89292 1.101836713593299582e-07
4.8952 1.102884249758652068e-07
4.89806 1.104199733341397938e-07
4.90035 1.105253842676053379e-07
4.90264 1.106310970485737935e-07
4.9055 1.107635969148660079e-07
4.90779 1.108697026471682744e-07
4.91007 1.109758936089653340e-07
4.91293 1.111090202217648580e-07
4.91521 1.112158957457490862e-07
4.91807 1.113498089618278744e-07
4.92035 1.114570191919907174e-07
4.92263 1.115643977388494656e-07
4.92549 1.116987586943615935e-07
4.92777 1.118063242010117572e-07
4.93005 1.119140585306832053e-07
4.93291 1.120491874389041404e-07
4.93521 1.121572456357160990e-07
4.93806 1.122917930485066660e-07
4.94035 1.123992970463443140e-07
4.94263 1.125065613836471475e-07
4.94548 1.126403647390879734e-07
4.94777 1.127474838809386062e-07
4.95006 1.128546976697590626e-07
4.95293 1.129883499715816787e-07
4.95521 1.130947359639436899e-07
4.95807 1.132275296169616847e-07
4.96036 1.133337427616397886e-07
4.96264 1.134398992532787261e-07
4.9655 1.135726202340478346e-07
4.96779 1.136788628789126443e-07
4.97008 1.137851251019092069e-07
4.97293 1.139178802526009243e-07
4.97521 1.140242832471517832e-07
4.97806 1.141577875216599351e-07
4.98035 1.142648579129106653e-07
4.98265 1.143726665982731156e-07
4.98552 1.145079924857531520e-07
4.98781 1.146162061710612203e-07
4.9901 1.147243228379006935e-07
4.99295 1.148597591681766812e-07
4.99524 1.149683028921573019e-07
4.99752 1.150769870334260356e-07
5.00038 1.152132304199717876e-07
5.00267 1.153223398524083813e-07
5.00553 1.154584342384592432e-07
5.00781 1.155671093307003934e-07
5.01009 1.156757912728114907e-07
5.01295 1.158117882335089480e-07
5.01524 1.159204257145545738e-07
5.01753 1.160290848905932311e-07
5.0204 1.161646501839134936e-07
5.02269 1.162726196410814316e-07
5.02554 1.164072088067078310e-07
5.02783 1.165147312567171426e-07
5.03011 1.166221507378805082e-07
5.03297 1.167563499778770239e-07
5.03527 1.168638933049304737e-07
5.03756 1.169714153842758912e-07
5.04042 1.171054755710782071e-07
5.0427 1.172127408412430555e-07
5.04556 1.173472056800949172e-07
5.04785 1.174550875072913804e-07
5.05014 1.175631896701171222e-07
5.05301 1.176986556276998204e-07
5.0553 1.178073426340902545e-07
5.05758 1.179159954912670428e-07
5.06043 1.180522163867363508e-07
5.06272 1.181617011793620425e-07
5.06501 1.182715101530698099e-07
5.06787 1.184093356171256756e-07
5.07017 1.185201055758376564e-07
5.07304 1.186586301661533594e-07
5.07533 1.187690795872625586e-07
5.07761 1.188795907062904538e-07
5.08047 1.190178306178397609e-07
5.08276 1.191284040404483539e-07
5.08505 1.192390184649601933e-07
5.08791 1.193772712905108616e-07
5.0902 1.194876011203580080e-07
5.09306 1.196248660924458950e-07
5.09534 1.197344694398388375e-07
5.09763 1.198441338213166865e-07
5.10049 1.199809578235145451e-07
5.10278 1.200904989958457225e-07
5.10508 1.201999953362100211e-07
5.10795 1.203365006673231155e-07
5.11023 1.204453747779830838e-07
5.11252 1.205542629838135807e-07
5.11538 1.206905071855976410e-07
5.11766 1.207996547949976341e-07
5.12053 1.209368525652308681e-07
5.12283 1.210469951987876679e-07
5.12512 1.211572283069357134e-07
5.12798 1.212952302998612198e-07
5.13027 1.214060538642718965e-07
5.13255 1.215172899756660490e-07
5.13542 1.216568762645785387e-07
5.13771 1.217693262716841781e-07
5.14001 1.218821361351725314e-07
5.14287 1.220233208833056009e-07
5.14516 1.221364411889099342e-07
5.14802 1.222781368074982620e-07
5.1503 1.223916556569500926e-07
5.15259 1.225053214116688357e-07
5.15546 1.226482153186228382e-07
5.15776 1.227625790004090180e-07
5.16005 1.228767310071334991e-07
5.16291 1.230192588672229908e-07
5.1652 1.231330400914850452e-07
5.16806 1.232749160985431878e-07
5.17035 1.233883011839252895e-07
5.17264 1.235016912223086481e-07
5.1755 1.236431988024915553e-07
5.17779 1.237562007383562088e-07
5.18008 1.238690802606270960e-07
5.18294 1.240098871033975737e-07
5.18522 1.241224011408188868e-07
5.18751 1.242350390128481229e-07
5.19038 1.243763354181270138e-07
5.19267 1.244895494839563807e-07
5.19554 1.246313467807909578e-07
5.19783 1.247451162652297528e-07
5.20012 1.248590259269600130e-07
5.20298 1.250018901650314207e-07
5.20526 1.251167253276661489e-07
5.20755 1.252320753549991051e-07
5.21041 1.253770160621931593e-07
5.21271 1.254937666407004033e-07
5.215 1.256109928840289340e-07
5.21787 1.257578530887462654e-07
5.22016 1.258757545579339214e-07
5.22302 1.260237279329616932e-07
5.22531 1.261425132381935530e-07
5.2276 1.262617527755489744e-07
5.23048 1.264117763837369629e-07
5.23279 1.265319740362422859e-07
5.23508 1.266517351397929210e-07
5.23795 1.268014809826888133e-07
5.24024 1.269209999446216497e-07
5.24252 1.270403593138617422e-07
5.24539 1.271895321361352535e-07
5.24768 1.273088709016671781e-07
5.25055 1.274578210528665966e-07
5.25284 1.275768250172738128e-07
5.25513 1.276956742341538304e-07
5.25799 1.278437219857990829e-07
5.26028 1.279620012413535894e-07
5.26257 1.280804086605880953e-07
5.26544 1.282286587508067816e-07
5.26773 1.283473896353133689e-07
5.27003 1.284663519869789464e-07
5.27289 1.286154017794761829e-07
5.27518 1.287346474837618882e-07
5.27804 1.288842609907634747e-07
5.28033 1.290045175511844601e-07
5.28262 1.291253059524010743e-07
5.28549 1.292772956820135235e-07
5.28778 1.293998163036614720e-07
5.29008 1.295229492185881164e-07
5.29294 1.296771059218859775e-07
5.29523 1.298011032348320646e-07
5.29752 1.299257968203330884e-07
5.30038 1.300824676758989265e-07
5.30268 1.302083859409910470e-07
5.30554 1.303664230327089879e-07
5.30784 1.304932762051676037e-07
5.31013 1.306204793354199168e-07
5.313 1.307797806566532461e-07
5.31529 1.309071563148522106e-07
5.31758 1.310345918632000604e-07
5.32044 1.311940889412304010e-07
5.32274 1.313217226369520080e-07
5.32504 1.314494518085808770e-07
5.32793 1.316097022466855639e-07
5.33024 1.317377014829917511e-07
5.33254 1.318650469078931691e-07
5.33542 1.320239910700481543e-07
5.33771 1.321505613097521127e-07
5.34 1.322768936503825716e-07
5.34287 1.324347505798361401e-07
5.34516 1.325610646560815840e-07
5.34803 1.327191460393726712e-07
5.35032 1.328459171817513408e-07
5.35261 1.329729796015379561e-07
5.35548 1.331321076802069446e-07
5.35776 1.332598842066953550e-07
5.36006 1.333883996653499333e-07
5.36293 1.335501514358238557e-07
5.36523 1.336805000027119916e-07
5.36754 1.338121528246579925e-07
5.37043 1.339777606394724336e-07
5.37272 1.341102029578267553e-07
5.37502 1.342433746139336623e-07
5.37788 1.344105453273058812e-07
5.38017 1.345448771221233792e-07
5.38303 1.347138980783764070e-07
5.38533 1.348500346347327788e-07
5.38763 1.349866548862419752e-07
5.39049 1.351575200208210799e-07
5.39278 1.352945565884680657e-07
5.39507 1.354318422075144435e-07
5.39794 1.356036230690764733e-07
5.40023 1.357414045086318572e-07
5.40254 1.358794586001892714e-07
5.40541 1.360518424085387231e-07
5.40772 1.361895402119684097e-07
5.41002 1.363270138254338929e-07
5.41289 1.364979412958650418e-07
5.41518 1.366342906701837681e-07
5.41804 1.368042795078374834e-07
5.42033 1.369399804237300989e-07
5.42263 1.370756322750574767e-07
5.4255 1.372454595267519557e-07
5.42779 1.373813013436360103e-07
5.43011 1.375181611640335709e-07
5.433 1.376894628926667857e-07
5.43531 1.378265685964921177e-07
5.43762 1.379639548065793376e-07
5.4405 1.381362118401776827e-07
5.44281 1.382744910853975629e-07
5.44511 1.384133876609081618e-07
5.44798 1.385873101368315635e-07
5.45028 1.387272660428086026e-07
5.45257 1.388679482538941486e-07
5.45544 1.390448769791798929e-07
5.45773 1.391872073865284216e-07
5.46003 1.393302100114829990e-07
5.46289 1.395100538406721701e-07
5.46519 1.396549295255872221e-07
5.46806 1.398368918095174462e-07
5.47037 1.399835239179565063e-07
5.47267 1.401305891070241388e-07
5.47555 1.403150281820675798e-07
5.47786 1.404629070512026242e-07
5.48017 1.406107756332298856e-07
5.48304 1.407951822437260638e-07
5.48534 1.409426419596895616e-07
5.48764 1.410895641414968089e-07
5.49051 1.412729230942641617e-07
5.4928 1.414193665110401844e-07
5.4951 1.415655155881554847e-07
5.49796 1.417476278192779043e-07
5.50026 1.418928185724951830e-07
5.50255 1.420376925359278693e-07
5.50542 1.422185901199091136e-07
5.50771 1.423630522826178557e-07
5.51002 1.425078528927462174e-07
5.5129 1.426889510765239962e-07
5.51521 1.428342284071524856e-07
5.51753 1.429800048302276168e-07
5.52042 1.431622965821516728e-07
5.52272 1.433077236031974697e-07
5.52503 1.434535793561691918e-07
5.5279 1.436361582695721470e-07
5.53019 1.437828099096723901e-07
5.53306 1.439670918393937099e-07
5.53535 1.441153551437962648e-07
5.53765 1.442644947270686430e-07
5.54053 1.444524023707825626e-07
5.54283 1.446036464748268464e-07
5.54513 1.447560212241981327e-07
5.54801 1.449475943562900808e-07
5.55033 1.451021818461393732e-07
5.55264 1.452576348486699032e-07
5.55554 1.454529509354156765e-07
5.55786 1.456099071853252221e-07
5.56018 1.457672548388004545e-07
5.56307 1.459639278464836423e-07
5.56538 1.461215043828597033e-07
5.56769 1.462786817020585633e-07
5.57057 1.464749724495535227e-07
5.57287 1.466317422429902767e-07
5.57517 1.467881775718286976e-07
5.57804 1.469834051058608279e-07
5.58034 1.471392259175593726e-07
5.58263 1.472947113451279488e-07
5.58551 1.474889768593331597e-07
5.58782 1.476440709201006671e-07
5.59012 1.477992342109845920e-07
5.59302 1.479932693440980724e-07
5.59534 1.481482822525937231e-07
5.59766 1.483033177916375084e-07
5.60056 1.484969618667032761e-07
5.60287 1.486513348139872731e-07
5.60518 1.488057883067096916e-07
5.60807 1.489988304681309051e-07
5.61037 1.491534334930153893e-07
5.61268 1.493083134569992094e-07
5.61555 1.495021820833689889e-07
5.61785 1.496579079360693806e-07
5.62015 1.498141957043421872e-07
5.62302 1.500105333491447102e-07
5.62532 1.501683109305995350e-07
5.62762 1.503268169543088107e-07
5.63049 1.505261150895607914e-07
5.63279 1.506865108049774709e-07
5.63509 1.508476766572073228e-07
5.63797 1.510508177803506143e-07
5.64027 1.512141343604534708e-07
5.64258 1.513781889768827947e-07
5.64546 1.515841198503890482e-07
5.64777 1.517494294748827342e-07
5.65008 1.519151508383526154e-07
5.65296 1.521227706876447504e-07
5.65527 1.522892833886828150e-07
5.65759 1.524559118750248651e-07
5.66047 1.526636474243615078e-07
5.66277 1.528296519139832294e-07
5.66507 1.529953912547630426e-07
5.66794 1.532020826688650500e-07
5.67024 1.533671285097396504e-07
5.67254 1.535319051032078155e-07
5.67542 1.537373873817766187e-07
5.67773 1.539018807549044678e-07
5.68004 1.540660353523671280e-07
5.68292 1.542706785569413041e-07
5.68522 1.544340356063353927e-07
5.68753 1.545972157306548591e-07
5.69041 1.548011049424438677e-07
5.69272 1.549641588632818197e-07
5.69503 1.551276069432151378e-07
5.69792 1.553321035818939866e-07
5.70024 1.554964147814015236e-07
5.70256 1.556612062090224920e-07
5.70546 1.558677937480142862e-07
5.70778 1.560336424087800106e-07
5.7101 1.562000784648288653e-07
5.713 1.564084900355632713e-07
5.71531 1.565760112769046513e-07
5.71762 1.567438701191721843e-07
5.7205 1.569545993779507261e-07
5.72281 1.571238985524021701e-07
5.72511 1.572938103261321737e-07
5.72799 1.575072444617732664e-07
5.73029 1.576787711614023482e-07
5.73259 1.578509750919359937e-07
5.73547 1.580673503359229247e-07
5.73778 1.582411459469123101e-07
5.74009 1.584156237327430989e-07
5.74298 1.586345126350597964e-07
5.74529 1.588100666037138974e-07
5.7476 1.589861783772675504e-07
5.7505 1.592064659556280990e-07
5.75282 1.593829522730228095e-07
5.75514 1.595593571560902563e-07
5.75804 1.597799837268096004e-07
5.76037 1.599564134623178046e-07
5.7627 1.601325688127338468e-07
5.76502 1.603084307387596174e-07
5.76793 1.605277805570604185e-07
5.77025 1.607022297802125981e-07
5.77256 1.608763420767864621e-07
5.77546 1.610931566017033094e-07
5.77777 1.612660914873930766e-07
5.78008 1.614387175742722972e-07
5.78296 1.616539620539472842e-07
5.78527 1.618260429659463438e-07
5.78757 1.619979646850252643e-07
5.79045 1.622129415753041648e-07
5.79276 1.623850310785661319e-07
5.79506 1.625573265947009413e-07
5.79794 1.627730660827130045e-07
5.80024 1.629460209939008388e-07
5.80255 1.631194383982472776e-07
5.80543 1.633370592185686243e-07
5.80773 1.635118279785503465e-07
5.81004 1.636874466966456672e-07
5.81292 1.639080350634083924e-07
5.81523 1.640855452892305386e-07
5.81754 1.642640269504856432e-07
5.82043 1.644882103497237617e-07
5.82275 1.646684363990191650e-07
5.82506 1.648493965598023839e-07
5.82795 1.650765048832902361e-07
5.83026 1.652589069952324133e-07
5.83257 1.654419531346288145e-07
5.83547 1.656715616162934682e-07
5.83778 1.658558228435724893e-07
5.8401 1.660406689178065579e-07
5.84299 1.662721184130486546e-07
5.84531 1.664575736182437964e-07
5.84763 1.666431172210868419e-07
5.85052 1.668746853179412143e-07
5.85284 1.670596504950090878e-07
5.85515 1.672443721030609982e-07
5.85803 1.674746555835110729e-07
5.86034 1.676585771882634025e-07
5.86265 1.678420233135257571e-07
5.86553 1.680708736679731063e-07
5.86784 1.682535839245182922e-07
5.87014 1.684359709710352726e-07
5.87303 1.686636928940426159e-07
5.87534 1.688457639612521002e-07
5.87765 1.690276098974961603e-07
5.88054 1.692548888459846181e-07
5.88285 1.694365940742325051e-07
5.88516 1.696181974778178803e-07
5.88805 1.698452366890162831e-07
5.89036 1.700270334707313392e-07
5.89268 1.702090640004871560e-07
5.89557 1.704370643156181346e-07
5.89788 1.706200386628452961e-07
5.9002 1.708034758843390842e-07
5.90251 1.709876829463131299e-07
5.90541 1.712188911991294730e-07
5.90773 1.714048305934223202e-07
5.91005 1.715917125921367052e-07
5.91296 1.718263905992006407e-07
5.91528 1.720150449477924889e-07
5.91761 1.722044914309872040e-07
5.92052 1.724425764974950887e-07
5.92284 1.726339455101725713e-07
5.92517 1.728262209353695295e-07
5.9275 1.730193626028681946e-07
5.93041 1.732618129844035723e-07
5.93275 1.734568082206079124e-07
5.93509 1.736522895797790059e-07
5.938 1.738966540552098466e-07
5.94033 1.740923560096464504e-07
5.94266 1.742879835637932260e-07
5.94556 1.745323043617013409e-07
5.94789 1.747276257494415078e-07
5.95021 1.749225196999228983e-07
5.95252 1.751172078615639320e-07
5.95542 1.753598614891359327e-07
5.95774 1.755535288441731721e-07
5.96005 1.757466836678018677e-07
5.96294 1.759873672971025046e-07
5.96525 1.761793544070666893e-07
5.96756 1.763707688807987150e-07
5.97045 1.766093636253074984e-07
5.97277 1.767996937456718162e-07
5.97508 1.769895923956135152e-07
5.97796 1.772263622818532749e-07
5.98027 1.774153722037006013e-07
5.98258 1.776040999769758169e-07
5.98547 1.778396860271440266e-07
5.98778 1.780280263837498114e-07
5.99009 1.782163481787921158e-07
5.99298 1.784518374312346972e-07
5.99529 1.786404504216059459e-07
5.9976 1.788293245065130004e-07
6.00049 1.790659437005397655e-07
6.0028 1.792557786656719594e-07
6.00511 1.794461101258898015e-07
6.008 1.796850210379630182e-07
6.01032 1.798768553140731134e-07
6.01263 1.800695159771922234e-07
6.01553 1.803114071854726072e-07
6.01785 1.805058681477474667e-07
6.02017 1.807012028674578658e-07
6.02306 1.809464506607178355e-07
6.02538 1.811435322106167742e-07
6.0277 1.813413387031837415e-07
6.03002 1.815398285194827202e-07
6.03292 1.817888424950881869e-07
6.03524 1.819887489201591958e-07
6.03756 1.821892030924824317e-07
6.04046 1.824404075018569414e-07
6.04279 1.826418843028356179e-07
6.04511 1.828435944075382316e-07
6.04802 1.830961981258312880e-07
6.05034 1.832983722410425257e-07
6.05267 1.835006531492778127e-07
6.055 1.837029602838526796e-07
6.05791 1.839556434181797541e-07
6.06025 1.841578451093695763e-07
6.06258 1.843597296244183561e-07
6.0655 1.846113217580464560e-07
6.06783 1.848121161058004218e-07
6.07016 1.850123317712455467e-07
6.07307 1.852617978965464564e-07
6.0754 1.854608238622656060e-07
6.07772 1.856592040872354010e-07
6.08005 1.858571838213428317e-07
6.08295 1.861038643130074398e-07
6.08527 1.863007678952963257e-07
6.08759 1.864972590530254723e-07
6.09049 1.867423801297360604e-07
6.09281 1.869382114590018872e-07
6.09512 1.871337780820302196e-07
6.09802 1.873781402434672100e-07
6.10034 1.875735003926500061e-07
6.10265 1.877689337262615211e-07
6.10554 1.880133592150959266e-07
6.10786 1.882091040003924358e-07
6.11017 1.884051154773826791e-07
6.11306 1.886505583465079415e-07
6.11538 1.888473637013163772e-07
6.11769 1.890445975290874609e-07
6.12 1.892423272510112158e-07
6.12289 1.894902460847065277e-07
6.12521 1.896892240177551513e-07
6.12752 1.898888026862985560e-07
6.13041 1.901391741293842317e-07
6.13272 1.903401876236529014e-07
6.13504 1.905419166359209961e-07
6.13793 1.907949991211238902e-07
6.14025 1.909982583730494403e-07
6.14256 1.912021654173676862e-07
6.14546 1.914579382086646670e-07
6.14777 1.916632417222248538e-07
6.15009 1.918690437449427457e-07
6.15299 1.921270871124604404e-07
6.1553 1.923339549219117704e-07
6.15762 1.925412656317845229e-07
6.16052 1.928008309814020445e-07
6.16284 1.930088093604978047e-07
6.16517 1.932170341425079927e-07
6.16807 1.934774562586225505e-07
6.17039 1.936858158269876697e-07
6.17271 1.938941638543185271e-07
6.17503 1.941023641811838118e-07
6.17793 1.943625042921842059e-07
6.18025 1.945704895506231922e-07
6.18257 1.947783445078051219e-07
6.18547 1.950380275794736832e-07
6.18778 1.952455786717842173e-07
6.1901 1.954530216695262281e-07
6.19299 1.957120491695083044e-07
6.19531 1.959190914534467086e-07
6.19763 1.961259357560276955e-07
6.20052 1.963842046410703934e-07
6.20283 1.965906075584369574e-07
6.20515 1.967967824937206176e-07
6.20804 1.970542540942456838e-07
6.21035 1.972599823704346344e-07
6.21267 1.974655433670315648e-07
6.21556 1.977222367727704298e-07
6.21787 1.979273993643947263e-07
6.22018 1.981324032580718772e-07
6.22308 1.983884234588835024e-07
6.22539 1.985930759260183107e-07
6.2277 1.987975677824974230e-07
6.23001 1.990019157139907331e-07
6.2329 1.992571441709540541e-07
6.23522 1.994611632553271210e-07
6.23753 1.996650416682931116e-07
6.24042 1.999197005794660685e-07
6.24273 2.001232820921333241e-07
6.24504 2.003267587114852955e-07
6.24793 2.005809649572408702e-07
6.25025 2.007842752102400343e-07
6.25256 2.009875699931518724e-07
6.25545 2.012417412566786008e-07
6.25776 2.014451835263507372e-07
6.26008 2.016487551755598794e-07
6.26297 2.019035278750642692e-07
6.26528 2.021076174422990712e-07
6.2676 2.023120416563157320e-07
6.27049 2.025680919416542338e-07
6.27281 2.027734305639331587e-07
6.27512 2.029792737176324303e-07
6.27801 2.032373428391333114e-07
6.28033 2.034445051774865797e-07
6.28264 2.036522985154926035e-07
6.28554 2.039130514876461923e-07
6.28786 2.041224566247563805e-07
6.29017 2.043326238136838469e-07
6.29307 2.045964162677144391e-07
6.29539 2.048083027805980095e-07
6.29771 2.050209850309758544e-07
6.30002 2.052343842426146809e-07
6.30292 2.055021305956447433e-07
6.30524 2.057170731163562428e-07
6.30756 2.059326004857027474e-07
6.31045 2.062027437830304009e-07
6.31277 2.064194021485190409e-07
6.31509 2.066364825464604733e-07
6.31799 2.069083844278524938e-07
6.3203 2.071262878236862378e-07
6.32262 2.073444781994122755e-07
6.32552 2.076175570387801142e-07
6.32784 2.078362226066534873e-07
6.33016 2.080550098301946722e-07
6.33305 2.083286025127657919e-07
6.33537 2.085474673631880289e-07
6.33769 2.087663265277536678e-07
6.34001 2.089850680790703636e-07
6.34291 2.092583147435009647e-07
6.34523 2.094766974153120890e-07
6.34755 2.096948411903566573e-07
6.35045 2.099671844953534661e-07
6.35277 2.101846743155679291e-07
6.35509 2.104019004773717961e-07
6.35799 2.106728539605320727e-07
6.36032 2.108892177075520017e-07
6.36264 2.111051384446943961e-07
6.36555 2.113744001488380809e-07
6.36787 2.115892932824387758e-07
6.3702 2.118036183511361311e-07
6.37252 2.120173836341037121e-07
6.37543 2.122837168008910382e-07
6.37775 2.124959408390731336e-07
6.38007 2.127074834131048028e-07
6.38298 2.129709303867166169e-07
6.3853 2.131808682505362845e-07
6.38762 2.133901638723481310e-07
6.39052 2.136507188867016389e-07
6.39284 2.138584527353565039e-07
6.39516 2.140654666054601576e-07
6.39806 2.143233165263075623e-07
6.40038 2.145288511034400245e-07
6.4027 2.147337393752948368e-07
6.40501 2.149380644409426769e-07
6.40791 2.151926251482059135e-07
6.41023 2.153957516605750571e-07
6.41254 2.155984273027688927e-07
6.41544 2.158513178763399466e-07
6.41775 2.160533665470523247e-07
6.42007 2.162552904541296403e-07
6.42296 2.165077325214991037e-07
6.42528 2.167098422826972947e-07
6.42759 2.169122748840360762e-07
6.43048 2.171659471006058554e-07
6.4328 2.173695863518051826e-07
6.43511 2.175739962593599783e-07
6.438 2.178308008907692844e-07
6.44032 2.180374417780737125e-07
6.44263 2.182452626312152560e-07
6.44552 2.185068611753423162e-07
6.44784 2.187177068665700326e-07
6.45015 2.189300240509639574e-07
6.45304 2.191975975112679974e-07
6.45536 2.194134478629266612e-07
6.45767 2.196309199182835196e-07
6.46056 2.199050683602660531e-07
6.46288 2.201261918223679301e-07
6.46519 2.203489348877082457e-07
6.46751 2.205731959722419847e-07
6.4704 2.208555993322448127e-07
6.47272 2.210830683899766460e-07
6.47503 2.213118025597623186e-07
6.47793 2.215993761056416964e-07
6.48024 2.218305513139693936e-07
6.48256 2.220626814949156093e-07
6.48546 2.223538392556050085e-07
6.48777 2.225874803449365131e-07
6.49009 2.228215252951877586e-07
6.49299 2.231144343625097011e-07
6.49531 2.233488973368032431e-07
6.49763 2.235832639157389913e-07
6.50053 2.238761185440563728e-07
6.50285 2.241100322471516640e-07
6.50518 2.243436615807798679e-07
6.5075 2.245768392483609241e-07
6.51041 2.248676137490290363e-07
6.51273 2.250996455424487734e-07
6.51506 2.253309919463476811e-07
6.51796 2.256190602002902936e-07
6.52029 2.258486619247149881e-07
6.52261 2.260774250363557922e-07
6.52552 2.263621869898291880e-07
6.52784 2.265889894760786844e-07
6.53016 2.268148493469703358e-07
6.53307 2.270958163252367545e-07
6.53539 2.273194634035603353e-07
6.53772 2.275420814899616188e-07
6.54004 2.277636388819899020e-07
6.54294 2.280390098769042797e-07
6.54527 2.282579981723007398e-07
6.54759 2.284757660733783703e-07
6.5505 2.287461651489725734e-07
6.55282 2.289610102716422927e-07
6.55515 2.291744493276668859e-07
6.55805 2.294391649953458554e-07
6.56038 2.296492693476470347e-07
6.5627 2.298577927862006085e-07
6.56502 2.300647353067075670e-07
6.56792 2.303212963836242691e-07
6.57024 2.305247851659009804e-07
6.57256 2.307268643170389347e-07
6.57546 2.309774328453330808e-07
6.57778 2.311764297927705337e-07
6.5801 2.313741913557476927e-07
6.583 2.316198145318166693e-07
6.58531 2.318152134855229051e-07
6.58763 2.320097055519766297e-07
6.59053 2.322518220041790193e-07
6.59284 2.324448207237609834e-07
6.59516 2.326374224296217178e-07
6.59805 2.328778304625267295e-07
6.60037 2.330700938247978577e-07
6.60268 2.332624965092034785e-07
6.60558 2.335034474121302895e-07
6.60789 2.336967881659562570e-07
6.61021 2.338908305122410624e-07
6.61252 2.340857314719586050e-07
6.61541 2.343308205010165650e-07
6.61773 2.345282312900940258e-07
6.62005 2.347269779865466892e-07
6.62294 2.349774973918904901e-07
6.62526 2.351796613288015473e-07
6.62757 2.353835472611333058e-07
6.63047 2.356408004426591284e-07
6.63279 2.358485991324380856e-07
6.63511 2.360581172351913068e-07
6.638 2.363224457298300469e-07
6.64032 2.365358638201697215e-07
6.64264 2.367509248999383761e-07
6.64554 2.370222235730138495e-07
6.64787 2.372410273049678519e-07
6.65019 2.374614924034138102e-07
6.65251 2.376834633476230993e-07
6.65542 2.379629765633453777e-07
6.65774 2.381881763190880497e-07
6.66007 2.384145815345134940e-07
6.66298 2.386994824566986852e-07
6.66531 2.389285730662708465e-07
6.66763 2.391584255485716070e-07
6.67054 2.394468874121639296e-07
6.67287 2.396783987850585095e-07
6.67519 2.399104683758704328e-07
6.67751 2.401431663660542631e-07
6.68041 2.404344823593272538e-07
6.68273 2.406680603841200191e-07
6.68505 2.409018558270934729e-07
6.68795 2.411944612818112898e-07
6.69027 2.414287038775880913e-07
6.69258 2.416629930223749701e-07
6.69548 2.419558949247401325e-07
6.69779 2.421900529359361525e-07
6.70011 2.424240859020690898e-07
6.703 2.427161886634132324e-07
6.70531 2.429494803310164074e-07
6.70762 2.431822962975905753e-07
6.71051 2.434725035799564407e-07
6.71283 2.437039294531750182e-07
6.71514 2.439345620346601312e-07
6.71803 2.442216527661058938e-07
6.72034 2.444502345359541652e-07
6.72265 2.446777753346739076e-07
6.72554 2.449606297260781212e-07
6.72785 2.451855690804036571e-07
6.73016 2.454092536508979836e-07
6.73305 2.456870388930219399e-07
6.73537 2.459077157149337975e-07
6.73768 2.461269785867101729e-07
6.74057 2.463989057465786326e-07
6.74288 2.466147954246478839e-07
6.7452 2.468291699420169957e-07
6.74751 2.470420404251694674e-07
6.75041 2.473061054338290615e-07
6.75272 2.475156583677634493e-07
6.75504 2.477238841813662229e-07
6.75794 2.479821190860340744e-07
6.76025 2.481872518610810232e-07
6.76257 2.483910612000561592e-07
6.76547 2.486439975150534997e-07
6.76779 2.488449680398401605e-07
6.77011 2.490447631119962099e-07
6.77301 2.492929534083405508e-07
6.77533 2.494903334859482906e-07
6.77765 2.496867564895274910e-07
6.78055 2.499310265765257011e-07
6.78287 2.501255571491304805e-07
6.78519 2.503193996538473085e-07
6.78751 2.505126178954350585e-07
6.79042 2.507535204934932560e-07
6.79274 2.509457780689826193e-07
6.79506 2.511378185012765170e-07
6.79797 2.513776345174171286e-07
6.80029 2.515693152322546065e-07
6.80261 2.517609429616349714e-07
6.80551 2.520006156602315709e-07
6.80783 2.521924589240925701e-07
6.81015 2.523846423839008930e-07
6.81305 2.526253164849222417e-07
6.81536 2.528184188399017127e-07
6.81768 2.530120720443224937e-07
6.82057 2.532550377773226408e-07
6.82289 2.534502565858684022e-07
6.8252 2.536462390992417289e-07
6.82752 2.538431164224583997e-07
6.83041 2.540904702002546610e-07
6.83272 2.542894444778522383e-07
6.83503 2.544894127390854097e-07
6.83792 2.547407989478835483e-07
6.84024 2.549430751446783784e-07
6.84255 2.551463838992595828e-07
6.84544 2.554019080570287796e-07
6.84775 2.556074123033762646e-07
6.85007 2.558138066334489851e-07
6.85296 2.560730586115611411e-07
6.85527 2.562814212233589707e-07
6.85759 2.564906116666065472e-07
6.86048 2.567532868864015842e-07
6.8628 2.569642586752300289e-07
6.86511 2.571760779928644798e-07
6.86801 2.574417837626269780e-07
6.87033 2.576551769011278228e-07
6.87265 2.578691513243545478e-07
6.87554 2.581373594247208048e-07
6.87787 2.583524803425200370e-07
6.88019 2.585679158008086907e-07
6.88251 2.587838678119692147e-07
6.88542 2.590541123552632146e-07
6.88774 2.592703508338787545e-07
6.89006 2.594866685099297024e-07
6.89296 2.597570566220048334e-07
6.89528 2.599732611742318071e-07
6.8976 2.601894772345697452e-07
6.90049 2.604594221393293084e-07
6.90281 2.606753048740141636e-07
6.90512 2.608909420988881631e-07
6.90802 2.611602283525418067e-07
6.91033 2.613753941856369015e-07
6.91264 2.615903173061350584e-07
6.91553 2.618586939294233793e-07
6.91784 2.620730852775497583e-07
6.92016 2.622872533610952699e-07
6.92304 2.625545353113938934e-07
6.92535 2.627680221460195213e-07
6.92767 2.629811664688877777e-07
6.93055 2.632470627626508513e-07
6.93286 2.634593251528897030e-07
6.93517 2.636711450278691862e-07
6.93806 2.639352377122415240e-07
6.94037 2.641459617064893289e-07
6.94268 2.643561248960009159e-07
6.94557 2.646180461323194659e-07
6.94788 2.648269105876791192e-07
6.9502 2.650351816947613963e-07
6.95251 2.652428905082868026e-07
6.9554 2.655015837711945010e-07
6.95771 2.657078856286986832e-07
6.96003 2.659134638910727236e-07
6.96292 2.661695095579305168e-07
6.96524 2.663735429118074160e-07
6.96755 2.665765861614608901e-07
6.97045 2.668289572820591023e-07
6.97277 2.670297408481901922e-07
6.97508 2.672295810678076941e-07
6.97798 2.674781350167098107e-07
6.9803 2.676760484180001546e-07
6.98261 2.678731580725067052e-07
6.98551 2.681184826286558301e-07
6.98783 2.683139386748651261e-07
6.99014 2.685086705874516072e-07
6.99304 2.687512324016666136e-07
6.99536 2.689445236907935055e-07
6.99768 2.691372686128004143e-07
7 2.693294175424358692e-07
7.0029 2.695688356626884093e-07
7.00523 2.697598182304513835e-07
7.00755 2.699502344773015905e-07
7.01046 2.701876477927327359e-07
7.01278 2.703769841432165238e-07
7.0151 2.705656121094157301e-07
7.018 2.708006498326064819e-07
7.02032 2.709880752589922599e-07
7.02264 2.711749844182943959e-07
7.02554 2.714080404367729134e-07
7.02785 2.715939164534683821e-07
7.03017 2.717794293997755255e-07
7.03306 2.720106950084126171e-07
7.03538 2.721953157122828309e-07
7.03769 2.723795886889984059e-07
7.04 2.725635392371523110e-07
7.04289 2.727931210537776339e-07
7.04521 2.729764996157918465e-07
7.04752 2.731597000255743756e-07
7.05041 2.733884711295874653e-07
7.05272 2.735713573785550976e-07
7.05503 2.737541689311144715e-07
7.05792 2.739826213472323694e-07
7.06023 2.741653728733088288e-07
7.06255 2.743481649511687415e-07
7.06544 2.745766985495402596e-07
7.06775 2.747596565952908141e-07
7.07006 2.749426827959264602e-07
7.07296 2.751716574513835636e-07
7.07527 2.753549820308105659e-07
7.07759 2.755384401065974520e-07
7.08048 2.757680387683647791e-07
7.0828 2.759518376492549621e-07
7.08512 2.761359158379694180e-07
7.08801 2.763661617622657839e-07
7.09034 2.765506270695884909e-07
7.09266 2.767352402483174161e-07
7.09556 2.769662498412519705e-07
7.09788 2.771512845108527860e-07
7.10021 2.773363734260496770e-07
7.10253 2.775217703850964633e-07
7.10544 2.777535530450117344e-07
7.10777 2.779389022183875932e-07
7.1101 2.781242223222759930e-07
7.113 2.783558035799538054e-07
7.11533 2.785409770917706218e-07
7.11765 2.787261151155796548e-07
7.12056 2.789573769456684138e-07
7.12288 2.791423127949246112e-07
7.1252 2.793271418678583697e-07
7.12753 2.795118656386740473e-07
7.13043 2.797426130854204054e-07
7.13275 2.799270674832475371e-07
7.13508 2.801113756736882334e-07
7.13798 2.803413581514759446e-07
7.1403 2.805251469621099493e-07
7.14262 2.807086140499877869e-07
7.14552 2.809376506035841622e-07
7.14784 2.811206192101132334e-07
7.15015 2.813033483311325814e-07
7.15305 2.815315007498007072e-07
7.15537 2.817137419863019629e-07
7.15768 2.818958101028730489e-07
7.16058 2.821230698068692951e-07
7.16289 2.823046523199307703e-07
7.16521 2.824860217876443464e-07
7.16752 2.826671705862527651e-07
7.17041 2.828933104006163592e-07
7.17273 2.830739771343013951e-07
7.17504 2.832544172539448521e-07
7.17793 2.834796768163205225e-07
7.18025 2.836596213073340880e-07
7.18256 2.838393559178013543e-07
7.18546 2.840637151334675575e-07
7.18778 2.842429391394407641e-07
7.19009 2.844219824920438660e-07
7.19299 2.846454098196493979e-07
7.19531 2.848239900671009972e-07
7.19763 2.850022938667486754e-07
7.20053 2.852249129934146796e-07
7.20285 2.854027595529041484e-07
7.20517 2.855803698235407089e-07
7.20808 2.858021692238294735e-07
7.2104 2.859792734516644707e-07
7.21273 2.861563179518618474e-07
7.21506 2.863330548255459559e-07
7.21796 2.865533558784570514e-07
7.22029 2.867291390409557114e-07
7.22261 2.869045280520717431e-07
7.22551 2.871230495293523291e-07
7.22783 2.872974747072523217e-07
7.23015 2.874713318394245566e-07
7.23305 2.876881441986592375e-07
7.23536 2.878610498325702617e-07
7.23768 2.880335393224380655e-07
7.24057 2.882485523625904446e-07
7.24289 2.884200516493692436e-07
7.2452 2.885911669538021516e-07
7.24751 2.887617930899203216e-07
7.2504 2.889745291239731093e-07
7.25272 2.891442279164080040e-07
7.25503 2.893135190175525820e-07
7.25792 2.895245670520535738e-07
7.26023 2.896929474995864827e-07
7.26254 2.898609417455587724e-07
7.26543 2.900703937324144595e-07
7.26774 2.902375291794939777e-07
7.27005 2.904043134562951480e-07
7.27294 2.906122857036042330e-07
7.27525 2.907782874214829001e-07
7.27757 2.909439656585146673e-07
7.28046 2.911505996922992569e-07
7.28277 2.913156004362461258e-07
7.28508 2.914802738086420238e-07
7.28798 2.916857883441453116e-07
7.29029 2.918498784667149855e-07
7.29261 2.920137461502917179e-07
7.29551 2.922182733367722936e-07
7.29782 2.923816331690862217e-07
7.30014 2.925448652659229928e-07
7.30304 2.927485613642266477e-07
7.30536 2.929112649071076205e-07
7.30768 2.930737521035387347e-07
7.31 2.932360360383867566e-07
7.3129 2.934386241408533178e-07
7.31522 2.936005038365593916e-07
7.31754 2.937622433137560799e-07
7.32044 2.939641988309743686e-07
7.32276 2.941256659703371731e-07
7.32509 2.942869930993239514e-07
7.32799 2.944885310369619273e-07
7.33031 2.946496361773912096e-07
7.33263 2.948105549485950849e-07
7.33554 2.950112540167449831e-07
7.33786 2.951712124095561180e-07
7.34017 2.953304756778152072e-07
7.34307 2.955289156744475307e-07
7.34539 2.956870979234412753e-07
7.34771 2.958448702608394730e-07
7.35002 2.960022663835105959e-07
7.35292 2.961984457261722936e-07
7.35523 2.963550374536737427e-07
7.35754 2.965112497512478450e-07
7.36044 2.967061005615357829e-07
7.36275 2.968616202136993977e-07
7.36506 2.970168389368664161e-07
7.36795 2.972104460469476240e-07
7.37027 2.973649912380185445e-07
7.37258 2.975192353364341389e-07
7.37547 2.977116300257256285e-07
7.37779 2.978651902147772493e-07
7.3801 2.980184618620514703e-07
7.38299 2.982095954647155025e-07
7.38531 2.983621542891858473e-07
7.38762 2.985144000191455028e-07
7.39051 2.987043849841830025e-07
7.39283 2.988565576111436103e-07
7.39515 2.990087699412871837e-07
7.39805 2.991991089241984157e-07
7.40036 2.993512759951052748e-07
7.40268 2.995033450089030700e-07
7.40501 2.996552651767066906e-07
7.40791 2.998448215668126191e-07
7.41023 2.999962563203863053e-07
7.41256 3.001473321809535618e-07
7.41546 3.003355531799255375e-07
7.41778 3.004856456090020687e-07
7.4201 3.006351922269046153e-07
7.423 3.008213496639637557e-07
7.42532 3.009696996753907147e-07
7.42764 3.011174354822749891e-07
7.43054 3.013014198377361688e-07
7.43285 3.014480948528928376e-07
7.43517 3.015949052875706977e-07
7.43806 3.017784606322920611e-07
7.44037 3.019252959049563789e-07
7.44268 3.020720933172047065e-07
7.44557 3.022554306611153038e-07
7.44788 3.024019996961590747e-07
7.45019 3.025483965916744017e-07
7.4525 3.026946565529203650e-07
7.45539 3.028772427925747347e-07
7.4577 3.030231102341667862e-07
7.46001 3.031687978326922142e-07
7.4629 3.033506456925287216e-07
7.46521 3.034959101969063854e-07
7.46752 3.036410096128607283e-07
7.47041 3.038221093698713400e-07
7.47272 3.039668117447528858e-07
7.47503 3.041111472904531759e-07
7.47792 3.042903302769158886e-07
7.48023 3.044327796552426679e-07
7.48255 3.045744888475321754e-07
7.48544 3.047508249696750566e-07
7.48775 3.048912333122147546e-07
7.49007 3.050312055370448316e-07
7.49297 3.052055410513861961e-07
7.49528 3.053445511622434416e-07
7.4976 3.054831965497183537e-07
7.5005 3.056560142020747364e-07
7.50281 3.057939287136155655e-07
7.50513 3.059315506622956421e-07
7.50803 3.061032579046000367e-07
7.51035 3.062403594740911697e-07
7.51267 3.063772780962585120e-07
7.51557 3.065481873192842948e-07
7.51789 3.066847282813221831e-07
7.52021 3.068211753275472349e-07
7.52253 3.069574566781096167e-07
7.52543 3.071277286384947476e-07
7.52776 3.072638078564823466e-07
7.53008 3.073997956757324556e-07
7.53299 3.075696504021593269e-07
7.53532 3.077053313404255569e-07
7.53764 3.078407224181017701e-07
7.54054 3.080097772952390529e-07
7.54286 3.081446936633862340e-07
7.54518 3.082794746851762299e-07
7.54808 3.084476446673978155e-07
7.55039 3.085819594100771711e-07
7.55271 3.087161013005535664e-07
7.55502 3.088500061723651016e-07
7.55792 3.090171583802274364e-07
7.56023 3.091506068096062275e-07
7.56254 3.092838770841064632e-07
7.56543 3.094501629404450247e-07
7.56775 3.095829499632129926e-07
7.57006 3.097155242214706467e-07
7.57295 3.098809134387567629e-07
7.57526 3.100129653283752615e-07
7.57757 3.101447763214341376e-07
7.58046 3.103091799396702577e-07
7.58278 3.104404200559334574e-07
7.58509 3.105713852176675117e-07
7.58798 3.107347055752335192e-07
7.59029 3.108650501760783709e-07
7.59261 3.109950784252237793e-07
7.5955 3.111572547370063120e-07
7.59781 3.112866165951160149e-07
7.60013 3.114157125702029147e-07
7.60303 3.115766161264855719e-07
7.60534 3.117049966946878079e-07
7.60766 3.118330717778806248e-07
7.61056 3.119926734351336214e-07
7.61289 3.121200461986732981e-07
7.61521 3.122470281373883990e-07
7.61753 3.123737482571881351e-07
7.62044 3.125316392619332092e-07
7.62276 3.126575025684693671e-07
7.62509 3.127829636981038827e-07
7.628 3.129391984536105459e-07
7.63032 3.130636788614257046e-07
7.63264 3.131877452097071331e-07
7.63555 3.133422197694453923e-07
7.63787 3.134653289568000595e-07
7.6402 3.135880267590208543e-07
7.64252 3.137103152436548498e-07
7.64543 3.138626099299510875e-07
7.64775 3.139840115922182270e-07
7.65008 3.141050690727109011e-07
7.65298 3.142559301338432917e-07
7.6553 3.143763334234414309e-07
7.65762 3.144964365550042097e-07
7.66052 3.146461445982765927e-07
7.66284 3.147656064651971661e-07
7.66515 3.148847447651087425e-07
7.66805 3.150333153673524094e-07
7.67037 3.151518239702751907e-07
7.67268 3.152700876531139536e-07
7.67558 3.154175476907087787e-07
7.67789 3.155352355555076110e-07
7.68021 3.156526921916930011e-07
7.68252 3.157699170042723196e-07
7.68542 3.159161511666240861e-07
7.68773 3.160329213336146330e-07
7.69005 3.161495000525902323e-07
7.69294 3.162949959825003520e-07
7.69526 3.164112163619173024e-07
7.69757 3.165272946139997512e-07
7.70047 3.166722437938991790e-07
7.70278 3.167880526191154866e-07
7.7051 3.169038239260572929e-07
7.708 3.170483792215959880e-07
7.71032 3.171639896106223262e-07
7.71264 3.172795312669118729e-07
7.71554 3.174239008754117326e-07
7.71787 3.175393828936056821e-07
7.72019 3.176547855666168491e-07
7.72252 3.177702708399025107e-07
7.72543 3.179145201889965598e-07
7.72775 3.180298315442672327e-07
7.73008 3.181450637892325418e-07
7.73299 3.182888936956755524e-07
7.73531 3.184037468874709639e-07
7.73763 3.185185060524430420e-07
7.74053 3.186616091002287562e-07
7.74285 3.187759669592731020e-07
7.74517 3.188901020810213664e-07
7.74806 3.190325434307393141e-07
7.75038 3.191462799045265236e-07
7.75269 3.192598063151715885e-07
7.75501 3.193731642258882517e-07
7.7579 3.195145033164032908e-07
7.76021 3.196273550752321409e-07
7.76252 3.197399549581436273e-07
7.76541 3.198803733924097770e-07
7.76773 3.199924248555627812e-07
7.77004 3.201042085001797637e-07
7.77292 3.202435609089652543e-07
7.77524 3.203547201719242384e-07
7.77755 3.204655822683307979e-07
7.78044 3.206037376867469461e-07
7.78275 3.207138959471164134e-07
7.78506 3.208237307115324130e-07
7.78795 3.209605430171681877e-07
7.79026 3.210695859768516312e-07
7.79257 3.211782847635668404e-07
7.79547 3.213135855489768145e-07
7.79778 3.214214377572965302e-07
7.8001 3.215288530293782951e-07
7.80299 3.216625700726860033e-07
7.80531 3.217690651136055926e-07
7.80763 3.218751156526220864e-07
7.81053 3.220071075474505729e-07
7.81285 3.221121475071524770e-07
7.81517 3.222167073977868439e-07
7.81807 3.223467058377516199e-07
7.82039 3.224501750539898057e-07
7.82271 3.225531602963711252e-07
7.82504 3.226556742433504840e-07
7.82794 3.227832037955380634e-07
7.83026 3.228847048648413458e-07
7.83259 3.229857633746513994e-07
7.83549 3.231114803560934002e-07
7.83781 3.232114890892727151e-07
7.84013 3.233110751460270870e-07
7.84303 3.234349856112351305e-07
7.84535 3.235336611508050891e-07
7.84767 3.236320153111191163e-07
7.85056 3.237544231514604769e-07
7.85287 3.238520220486708382e-07
7.85519 3.239493027061306525e-07
7.8575 3.240463136763874258e-07
7.8604 3.241672307331560718e-07
7.86271 3.242637043498894145e-07
7.86502 3.243599855656984970e-07
7.86791 3.244800794423299488e-07
7.87023 3.245759794718135883e-07
7.87254 3.246717482588303950e-07
7.87543 3.247912856628522384e-07
7.87774 3.248868039012920145e-07
7.88006 3.249822345991319666e-07
7.88295 3.251014034260373231e-07
7.88527 3.251966846444864208e-07
7.88758 3.252918867315053647e-07
7.89048 3.254108641551025432e-07
7.89279 3.255059875178034787e-07
7.89511 3.256011016053185705e-07
7.89801 3.257199855529249823e-07
7.90033 3.258150895996552427e-07
7.90265 3.259105797398605359e-07
7.90556 3.260305467043748481e-07
7.90788 3.261270512516563133e-07
7.91021 3.262239021733747124e-07
7.91253 3.263209895600274408e-07
7.91543 3.264426534711140000e-07
7.91775 3.265402422524032605e-07
7.92007 3.266379661862450738e-07
7.92297 3.267604194448078977e-07
7.92528 3.268584850108948687e-07
7.9276 3.269567204847594679e-07
7.93049 3.270796580404636289e-07
7.9328 3.271781176733897049e-07
7.93511 3.272766685960950291e-07
7.938 3.273999201792747428e-07
7.94032 3.274985967432209898e-07
7.94263 3.275972780324565765e-07
7.94551 3.277206703901625604e-07
7.94782 3.278193805255467877e-07
7.95013 3.279180778849517006e-07
7.95302 3.280414129953003519e-07
7.95533 3.281400312810852155e-07
7.95764 3.282385851966375162e-07
7.96053 3.283616671946415758e-07
7.96284 3.284594304961117646e-07
7.96515 3.285561460151619106e-07
7.96804 3.286755909567608174e-07
7.97035 3.287700436089042941e-07
7.97266 3.288635461166036607e-07
7.97556 3.289791024165393011e-07
7.97787 3.290705584493680056e-07
7.98019 3.291611044259685797e-07
7.9825 3.292508246669536217e-07
7.9854 3.293617772099365533e-07
7.98772 3.294497250641864994e-07
7.99003 3.295373474746453770e-07
7.99293 3.296464605112134610e-07
7.99525 3.297334530892963383e-07
7.99757 3.298201532895731391e-07
8.00047 3.299281904245136852e-07
8.00279 3.300143139452446210e-07
8.00511 3.301002028287807796e-07
8.00802 3.302072328250529795e-07
8.01034 3.302925859672112342e-07
8.01267 3.303777686779251761e-07
8.01557 3.304845438971584455e-07
8.0179 3.305709073361569194e-07
8.02022 3.306579972281681876e-07
8.02254 3.307456001875592407e-07
8.02545 3.308556608106782590e-07
8.02777 3.309440813156826196e-07
8.03008 3.310326898666578342e-07
8.03298 3.311437498485638334e-07
8.0353 3.312326897305967235e-07
8.03761 3.313217587965153227e-07
8.0405 3.314331905834983673e-07
8.04282 3.315224088343267053e-07
8.04513 3.316116966213049145e-07
8.04802 3.317233765991327933e-07
8.05033 3.318128124339453957e-07
8.05264 3.319023150102722143e-07
8.05553 3.320143310679939889e-07
8.05785 3.321040665534867923e-07
8.06016 3.321939240010845782e-07
8.06305 3.323064474978639615e-07
8.06536 3.323966468260271603e-07
8.06767 3.324870074466568614e-07
8.07056 3.326002607407791662e-07
8.07288 3.326910717012173542e-07
8.07519 3.327821308420570953e-07
8.07751 3.328734112897851923e-07
8.0804 3.329878554111354662e-07
8.08272 3.330797097370682369e-07
8.08504 3.331717845388517863e-07
8.08794 3.332873328562367528e-07
8.09026 3.333800206791575861e-07
8.09258 3.334730295634782493e-07
8.09549 3.335896356414048574e-07
8.09781 3.336832089908169995e-07
8.10014 3.337770369098467499e-07
8.10305 3.338945821389696571e-07
8.10537 3.339887844520535143e-07
8.1077 3.340831597264275346e-07
8.11002 3.341776758427649355e-07
8.11293 3.342960225309596829e-07
8.11525 3.343908510345585027e-07
8.11758 3.344857993594290943e-07
8.12048 3.346046344327282414e-07
8.12281 3.346998040507877015e-07
8.12513 3.347950467689524271e-07
8.12803 3.349140512341391801e-07
8.13036 3.350092675389084815e-07
8.13268 3.351042867164394318e-07
8.13557 3.352225568787661508e-07
8.13789 3.353168159206699697e-07
8.14021 3.354107272993077216e-07
8.14253 3.355043526439608919e-07
8.14542 3.356209345138277455e-07
8.14774 3.357138701468025517e-07
8.15005 3.358065056507459409e-07
8.15295 3.359218751778425398e-07
8.15526 3.360138382858614982e-07
8.15758 3.361054990782544504e-07
8.16047 3.362196459054181988e-07
8.16279 3.363106347035118390e-07
8.1651 3.364013093506405697e-07
8.168 3.365142395409358981e-07
8.17031 3.366042422163341392e-07
8.17263 3.366939386016361972e-07
8.17553 3.368056609479455303e-07
8.17785 3.368946713587781668e-07
8.18017 3.369834419730787875e-07
8.18307 3.370939506253040654e-07
8.18539 3.371820770910029131e-07
8.18771 3.372699114864691765e-07
8.19004 3.373574606998784913e-07
8.19295 3.374665698350255788e-07
8.19527 3.375535013060514229e-07
8.1976 3.376401156633541089e-07
8.20051 3.377479426849517263e-07
8.20283 3.378337471028639341e-07
8.20516 3.379192118725107398e-07
8.20806 3.380255656298205817e-07
8.21038 3.381102551678178998e-07
8.2127 3.381946730486771275e-07
8.21501 3.382787334181947166e-07
8.21791 3.383834725910271766e-07
8.22022 3.384669572455727570e-07
8.22254 3.385502237011248375e-07
8.22543 3.386540291915919529e-07
8.22774 3.387368656733115564e-07
8.23006 3.388195717893330544e-07
8.23295 3.389227542653510217e-07
8.23526 3.390052047815970938e-07
8.23757 3.390875769609640626e-07
8.24046 3.391904758962562398e-07
8.24277 3.392727681854961677e-07
8.24508 3.393550543532741962e-07
8.24797 3.394579312660127708e-07
8.25028 3.395402749779980280e-07
8.25259 3.396226557275890882e-07
8.25548 3.397257350056345946e-07
8.25779 3.398082683122015086e-07
8.26011 3.398908912743789700e-07
8.263 3.399942978654951808e-07
8.26532 3.400771192020727228e-07
8.26763 3.401600658534131907e-07
8.27053 3.402638470934130529e-07
8.27285 3.403470402706763230e-07
8.27516 3.404302983648658021e-07
8.27806 3.405345200932250591e-07
8.28039 3.406179950794743700e-07
8.28271 3.407015300902849422e-07
8.28503 3.407851362899009513e-07
8.28793 3.408897014587997943e-07
8.29026 3.409734453912586713e-07
8.29258 3.410572111014058372e-07
8.29549 3.411619805868308860e-07
8.29781 3.412458278092814481e-07
8.30013 3.413296355025204535e-07
8.30304 3.414342352871949555e-07
8.30536 3.415179146561305214e-07
8.30767 3.416014809242666391e-07
8.31057 3.417059286419682886e-07
8.31289 3.417894177249976231e-07
8.3152 3.418728678236615620e-07
8.31752 3.419562755903947358e-07
8.32041 3.420604293708938651e-07
8.32272 3.421436880859923229e-07
8.32504 3.422268455724751101e-07
8.32793 3.423306627116932171e-07
8.33024 3.424135865013301002e-07
8.33255 3.424963777623329774e-07
8.33544 3.425996629349887447e-07
8.33776 3.426821103833525267e-07
8.34007 3.427643728472763740e-07
8.34296 3.428669660203705118e-07
8.34528 3.429488238100113630e-07
8.34759 3.430305464693202473e-07
8.35049 3.431324883802911664e-07
8.35281 3.432139075157350141e-07
8.35512 3.432952169828158961e-07
8.35802 3.433966794283566727e-07
8.36034 3.434777744491111898e-07
8.36266 3.435587477832068391e-07
8.36557 3.436599181941268905e-07
8.36789 3.437407659638760620e-07
8.37022 3.438215334525657001e-07
8.37254 3.439022316768774174e-07
8.37545 3.440029805475376814e-07
8.37777 3.440834089606823976e-07
8.38009 3.441637932939670468e-07
8.38298 3.442641088966010104e-07
8.3853 3.443443064911109480e-07
8.38761 3.444244368061891320e-07
8.39051 3.445245209054757346e-07
8.39282 3.446045608095880291e-07
8.39513 3.446845455398665170e-07
8.39802 3.447845323937472589e-07
8.40033 3.448644879775736450e-07
8.40265 3.449444672265761468e-07
8.40553 3.450444733658478743e-07
8.40784 3.451245283657120040e-07
8.41015 3.452046551855392772e-07
8.41304 3.453049398320220654e-07
8.41535 3.453853003582996964e-07
8.41766 3.454658131879578166e-07
8.42055 3.455666868388838939e-07
8.42286 3.456476112946487132e-07
8.42517 3.457287428488909691e-07
8.42806 3.458304960586939500e-07
8.43037 3.459122090290007384e-07
8.43268 3.459941763710897376e-07
8.43557 3.460970529185599121e-07
8.43789 3.461796152710280702e-07
8.4402 3.462624621320041711e-07
8.44252 3.463455484770302398e-07
8.44542 3.464497411758518175e-07
8.44773 3.465333668835049164e-07
8.45005 3.466171791727114476e-07
8.45295 3.467222082118447264e-07
8.45527 3.468061652610749087e-07
8.45759 3.468894168138744169e-07
8.46049 3.469924094465570561e-07
8.46281 3.470739845529275401e-07
8.46513 3.471548476025740919e-07
8.46804 3.472549141936280531e-07
8.47036 3.473342186059209708e-07
8.47269 3.474128077349861883e-07
8.47501 3.474907895387872817e-07
8.47792 3.475875754861429619e-07
8.48025 3.476645677026400622e-07
8.48257 3.477413115236963904e-07
8.48547 3.478371186146303976e-07
8.4878 3.479137009664887049e-07
8.49012 3.479903800503290400e-07
8.49301 3.480863512239881091e-07
8.49533 3.481633278647362673e-07
8.49765 3.482404934320449193e-07
8.50054 3.483372484236164010e-07
8.50286 3.484149260783059291e-07
8.50517 3.484928224014273751e-07
8.50806 3.485905476378752065e-07
8.51037 3.486689656760376572e-07
8.51269 3.487476093846539187e-07
8.515 3.488264522711444328e-07
8.51789 3.489252546632669566e-07
8.5202 3.490044761305396877e-07
8.52252 3.490838320503347513e-07
8.52541 3.491831748466903555e-07
8.52772 3.492627593628962262e-07
8.53003 3.493423964431315725e-07
8.53292 3.494420133181885428e-07
8.53524 3.495217302857312103e-07
8.53755 3.496014482817063951e-07
8.54045 3.497011080663071789e-07
8.54276 3.497807849773494273e-07
8.54508 3.498604812895822826e-07
8.54798 3.499600091725939988e-07
8.5503 3.500396203621739516e-07
8.55262 3.501191790021687757e-07
8.55552 3.502185729798623546e-07
8.55785 3.502980675137519880e-07
8.56017 3.503774866180716607e-07
8.56308 3.504767685312919676e-07
8.56541 3.505561189913599867e-07
8.56773 3.506353884632003054e-07
8.57006 3.507145971796626709e-07
8.57297 3.508135404292417608e-07
8.57529 3.508926495813540371e-07
8.57762 3.509717314830412951e-07
8.58052 3.510705776868292732e-07
8.58285 3.511496480708361591e-07
8.58518 3.512286849493037515e-07
8.58808 3.513274894095719360e-07
8.5904 3.514065163006154432e-07
8.59273 3.514855344072924892e-07
8.59505 3.515646046731797836e-07
8.59795 3.516634064688136590e-07
8.60027 3.517424851950751418e-07
8.60258 3.518215436447017325e-07
8.60548 3.519203731728786508e-07
8.6078 3.519994336837126965e-07
8.61011 3.520784875846327588e-07
8.61301 3.521773183250869899e-07
8.61532 3.522563831844441383e-07
8.61764 3.523354625942013349e-07
8.62054 3.524343354741259929e-07
8.62285 3.525134527521434460e-07
8.62517 3.525925975927122645e-07
8.62806 3.526915656830466569e-07
8.63038 3.527707681792459177e-07
8.6327 3.528500153468807851e-07
8.63501 3.529292746636215528e-07
8.63791 3.530284199926741887e-07
8.64023 3.531077531822444509e-07
8.64255 3.531871241600415793e-07
8.64546 3.532863768981744063e-07
8.64778 3.533657874420270130e-07
8.6501 3.534452487772859771e-07
8.65301 3.535445351051128325e-07
8.65534 3.536240346422252856e-07
8.65766 3.537034888353826949e-07
8.66057 3.538027719107272820e-07
8.6629 3.538821494582339221e-07
8.66523 3.539614179502501913e-07
8.66756 3.540404951229581694e-07
8.67046 3.541392224731653663e-07
8.67278 3.542179750248245946e-07
8.6751 3.542966325697352197e-07
8.678 3.543947362939136696e-07
8.68032 3.544730624814711168e-07
8.68264 3.545512639961505936e-07
8.68553 3.546487882190226694e-07
8.68785 3.547266886327433033e-07
8.69016 3.548044185152296669e-07
8.69305 3.549014320019459405e-07
8.69537 3.549788907658748194e-07
8.69768 3.550562335597367866e-07
8.70057 3.551527524463575419e-07
8.70288 3.552298346765764789e-07
8.70519 3.553068124236612628e-07
8.7075 3.553836774961583839e-07
8.71039 3.554796098079501740e-07
8.7127 3.555562428179715797e-07
8.71502 3.556327700324009211e-07
8.71791 3.557282883540001156e-07
8.72022 3.558045945000199981e-07
8.72253 3.558807884896842332e-07
8.72542 3.559759264469318329e-07
8.72774 3.560519095735284488e-07
8.73005 3.561278240108649921e-07
8.73295 3.562225784782057158e-07
8.73526 3.562982947804888607e-07
8.73758 3.563739398459497005e-07
8.74048 3.564683688068713806e-07
8.7428 3.565438649661332732e-07
8.74512 3.566192588998003816e-07
8.74802 3.567134298043574360e-07
8.75034 3.567886715072565369e-07
8.75267 3.568638318363717746e-07
8.75557 3.569576713650704693e-07
8.75789 3.570326565581127232e-07
8.76022 3.571075900541275152e-07
8.76254 3.571824427556209832e-07
8.76545 3.572759560136291059e-07
8.76778 3.573506908222200388e-07
8.7701 3.574253353422157734e-07
8.77301 3.575185176686211882e-07
8.77533 3.575929522545557701e-07
8.77766 3.576672304213211326e-07
8.78056 3.577599831073029675e-07
8.78288 3.578340232647220463e-07
8.7852 3.579080070840341156e-07
8.78751 3.579819065898815916e-07
8.79041 3.580741664045744883e-07
8.79273 3.581478874141339151e-07
8.79504 3.582214813393846745e-07
8.79793 3.583134107608388932e-07
8.80024 3.583868467223386485e-07
8.80256 3.584602695315015986e-07
8.80545 3.585520667102191480e-07
8.80776 3.586255420998776295e-07
8.81007 3.586990785183445051e-07
8.81296 3.587911370260356161e-07
8.81527 3.588648906413361070e-07
8.81759 3.589388062468296558e-07
8.82048 3.590313844917829325e-07
8.8228 3.591056539228617172e-07
8.82511 3.591800934906071318e-07
8.82801 3.592734066562318747e-07
8.83033 3.593482934528408603e-07
8.83265 3.594233788175565678e-07
8.83555 3.595176469869834531e-07
8.83787 3.595933194381838302e-07
8.84019 3.596692944625712807e-07
8.84252 3.597455198343246204e-07
8.84542 3.598411596752882230e-07
8.84775 3.599179644734583128e-07
8.85008 3.599949533633635323e-07
8.85298 3.600912641626103905e-07
8.85531 3.601684432147514313e-07
8.85763 3.602455482215136312e-07
8.86053 3.603417668063996748e-07
8.86285 3.604184911434720547e-07
8.86516 3.604949108645960075e-07
8.86806 3.605899678922949082e-07
8.87038 3.606655346612498877e-07
8.87269 3.607406925037581896e-07
8.875 3.608153663809532760e-07
8.87789 3.609080121238274905e-07
8.88021 3.609815141585524247e-07
8.88252 3.610544462787810967e-07
8.88541 3.611448315626341356e-07
8.88772 3.612165109959987727e-07
8.89003 3.612876714685261600e-07
8.89292 3.613759144077492450e-07
8.89523 3.614459827474002008e-07
8.89754 3.615156169569748619e-07
8.90043 3.616020926976297031e-07
8.90274 3.616708569145525543e-07
8.90505 3.617392877777346569e-07
8.90793 3.618243791642257087e-07
8.91025 3.618921498137980016e-07
8.91256 3.619596520616946521e-07
8.91545 3.620437248321202314e-07
8.91776 3.621107578372421441e-07
8.92008 3.621776064591132209e-07
8.92297 3.622609544789547625e-07
8.92528 3.623274318109135972e-07
8.9276 3.623937962829103909e-07
8.9305 3.624765058824035889e-07
8.93282 3.625425293456399779e-07
8.93514 3.626083905043595468e-07
8.93804 3.626904975428718632e-07
8.94036 3.627560177540791857e-07
8.94268 3.628213400193915018e-07
8.94501 3.628865187140892840e-07
8.94791 3.629676971475714407e-07
8.95024 3.630324519241804825e-07
8.95257 3.630970053214284666e-07
8.95548 3.631774159837996450e-07
8.9578 3.632415308894131358e-07
8.96013 3.633054229736035505e-07
8.96304 3.633848371715242633e-07
8.96537 3.634481277231666315e-07
8.96769 3.635111397200938962e-07
8.97001 3.635739294710135062e-07
8.97291 3.636521138327603287e-07
8.97523 3.637144169713329119e-07
8.97755 3.637765577991438716e-07
8.98045 3.638539486751326334e-07
8.98276 3.639157104662263047e-07
8.98508 3.639773180497214887e-07
8.98797 3.640541650895813591e-07
8.99028 3.641155234668725628e-07
8.9926 3.641767869583268401e-07
8.99549 3.642532682072026211e-07
8.9978 3.643143758974239955e-07
9.00012 3.643754369238578285e-07
9.00301 3.644516997430723386e-07
9.00532 3.645126618636006908e-07
9.00763 3.645735838763877894e-07
9.01053 3.646496712648010254e-07
9.01284 3.647104819329244034e-07
9.01515 3.647712449059861917e-07
9.01805 3.648470962963499767e-07
9.02036 3.649077243448341064e-07
9.02268 3.649682669338351647e-07
9.02557 3.650438541502383888e-07
9.02789 3.651042363778696768e-07
9.03021 3.651645345202564290e-07
9.03253 3.652247752251113348e-07
9.03543 3.652999255677501055e-07
9.03775 3.653599915178220558e-07
9.04007 3.654199398193159542e-07
9.04298 3.654947616314145544e-07
9.0453 3.655545026421176912e-07
9.04763 3.656141205951956187e-07
9.05054 3.656885000037098447e-07
9.05287 3.657478197734080815e-07
9.0552 3.658069438244908524e-07
9.05752 3.658658827647503907e-07
9.06043 3.659392741215413069e-07
9.06276 3.659977507903175393e-07
9.06509 3.660560112277948660e-07
9.068 3.661285215947550814e-07
9.07032 3.661862637259901080e-07
9.07265 3.662437563798645732e-07
9.07556 3.663152691429123034e-07
9.07789 3.663721380509500816e-07
9.08021 3.664287320206460963e-07
9.08253 3.664850544768328034e-07
9.08544 3.665550444674091815e-07
9.08776 3.666107564773790486e-07
9.09008 3.666661797873551318e-07
9.09298 3.667351304642648760e-07
9.0953 3.667900137641643375e-07
9.09762 3.668446757857171712e-07
9.10051 3.669127093133171443e-07
9.10283 3.669669101661015438e-07
9.10515 3.670209343936267061e-07
9.10805 3.670882194494874417e-07
9.11036 3.671418753920525509e-07
9.11268 3.671953897205261497e-07
9.11558 3.672620982546768750e-07
9.11789 3.673153343862393985e-07
9.12021 3.673684644134018680e-07
9.12253 3.674214909663724208e-07
9.12543 3.674876672218835343e-07
9.12775 3.675405104583358984e-07
9.13007 3.675932998981000616e-07
9.13297 3.676592015982356121e-07
9.13529 3.677118747919918169e-07
9.13761 3.677645115703624043e-07
9.14051 3.678302585639358636e-07
9.14284 3.678828702900341043e-07
9.14516 3.679354799002838533e-07
9.14807 3.680013328734517734e-07
9.15039 3.680540754871077655e-07
9.15272 3.681069166556912369e-07
9.15505 3.681598735964078609e-07
9.15796 3.682261963771616171e-07
9.16029 3.682793504356498343e-07
9.16262 3.683326302004631332e-07
9.16553 3.683993428081819137e-07
9.16785 3.684528688851736446e-07
9.17018 3.685065259282086175e-07
9.17308 3.685738141658192353e-07
9.1754 3.686278621479791038e-07
9.17772 3.686820851929972870e-07
9.18004 3.687365390831793206e-07
9.18293 3.688048856123519929e-07
9.18525 3.688598185836522449e-07
9.18757 3.689149661532128555e-07
9.19046 3.689842005827412520e-07
9.19277 3.690398352534934673e-07
9.19509 3.690956657690103478e-07
9.19798 3.691657498575366863e-07
9.20029 3.692220207249286369e-07
9.20261 3.692784793533113887e-07
9.2055 3.693492900966578683e-07
9.20781 3.694061148005989278e-07
9.21012 3.694630842496239891e-07
9.21301 3.695344772070840860e-07
9.21532 3.695917186462883104e-07
9.21764 3.696490645224884328e-07
9.22053 3.697208523873721202e-07
9.22284 3.697783581110895812e-07
9.22515 3.698359005426723421e-07
9.22805 3.699078548149946200e-07
9.23036 3.699654174263319268e-07
9.23268 3.700229387092160190e-07
9.23557 3.700947960427011353e-07
9.23789 3.701521813873358182e-07
9.24021 3.702094914818749105e-07
9.24252 3.702666842776691342e-07
9.24542 3.703379978032954543e-07
9.24774 3.703949016441161071e-07
9.25006 3.704516330740145657e-07
9.25297 3.705223734008558977e-07
9.25529 3.705787546919825143e-07
9.25761 3.706349817607743880e-07
9.26052 3.707050106114098414e-07
9.26285 3.707608358027266961e-07
9.26517 3.708164901111831401e-07
9.26808 3.708858101391449103e-07
9.27041 3.709410972880353211e-07
9.27274 3.709962167843038692e-07
9.27506 3.710511209076718410e-07
9.27797 3.711195243678896737e-07
9.28029 3.711740685728286299e-07
9.28262 3.712284661407453936e-07
9.28552 3.712963121368997001e-07
9.28784 3.713504536707440055e-07
9.29016 3.714045289310819268e-07
9.29305 3.714720084485703403e-07
9.29537 3.715259419978545606e-07
9.29769 3.715798366451311399e-07
9.30001 3.716337046198719351e-07
9.3029 3.717010366889565079e-07
9.30522 3.717549010443410837e-07
9.30753 3.718087895498178144e-07
9.31043 3.718761880236723553e-07
9.31274 3.719301526683169807e-07
9.31506 3.719841678910770735e-07
9.31795 3.720517674542380976e-07
9.32027 3.721059208535695911e-07
9.32258 3.721601516033150824e-07
9.32548 3.722280448055138708e-07
9.32779 3.722824711280400009e-07
9.33011 3.723369830471398968e-07
9.33301 3.724052745715478093e-07
9.33533 3.724600282858634391e-07
9.33764 3.725148925057211828e-07
9.34054 3.725836574985539539e-07
9.34286 3.726387896092259936e-07
9.34519 3.726940830967236703e-07
9.34751 3.727494889540486199e-07
9.35041 3.728189531374255764e-07
9.35274 3.728746802445408596e-07
9.35506 3.729305433935441624e-07
9.35797 3.730006058172672458e-07
9.3603 3.730567882404859699e-07
9.36262 3.731130526352633721e-07
9.36553 3.731835344494804873e-07
9.36786 3.732399670167439472e-07
9.37018 3.732964674020070079e-07
9.37308 3.733671648256473738e-07
9.3754 3.734237505367401243e-07
9.37772 3.734803862139646026e-07
9.38004 3.735369931625049048e-07
9.38293 3.736077758486091139e-07
9.38525 3.736643596436277345e-07
9.38756 3.737209058323665069e-07
9.39045 3.737915005939004356e-07
9.39277 3.738478702945840087e-07
9.39508 3.739041422258605113e-07
9.39797 3.739742714795597083e-07
9.40028 3.740302064732319882e-07
9.40259 3.740859483022924555e-07
9.40548 3.741553276966352058e-07
9.40779 3.742105634893580829e-07
9.4101 3.742655372049999585e-07
9.41299 3.743338638286553248e-07
9.4153 3.743881947029104694e-07
9.41761 3.744422183872238205e-07
9.4205 3.745093145781741378e-07
9.42281 3.745626337089316988e-07
9.42512 3.746156422205985304e-07
9.42801 3.746814700965372477e-07
9.43033 3.747337923678889205e-07
9.43264 3.747858377931695624e-07
9.43553 3.748504985099942013e-07
9.43785 3.749019643061125515e-07
9.44016 3.749531873220705397e-07
9.44306 3.750169377004454109e-07
9.44537 3.750677351698897412e-07
9.44769 3.751183761074510247e-07
9.45001 3.751689086808789641e-07
9.45291 3.752319114035773737e-07
9.45523 3.752822669279686631e-07
9.45755 3.753325602862390436e-07
9.46045 3.753954199620691721e-07
9.46278 3.754457170700591190e-07
9.4651 3.754960336922205801e-07
9.46801 3.755590082448870824e-07
9.47033 3.756094398429450500e-07
9.47266 3.756599785288640158e-07
9.47557 3.757232528515178508e-07
9.4779 3.757740035589935683e-07
9.48023 3.758248531756600366e-07
9.48256 3.758757715668787191e-07
9.48547 3.759394721946272143e-07
9.4878 3.759905257955073168e-07
9.49012 3.760415856148555552e-07
9.49302 3.761055079267369523e-07
9.49535 3.761566686274905154e-07
9.49767 3.762078645215547528e-07
9.50057 3.762718904928938129e-07
9.50289 3.763231145022872993e-07
9.50521 3.763743571859098655e-07
9.50752 3.764255707752172196e-07
9.51042 3.764895898327456683e-07
9.51274 3.765407752506932322e-07
9.51505 3.765919409117679785e-07
9.51795 3.766558631363849709e-07
9.52026 3.767069642274498808e-07
9.52257 3.767580410186129478e-07
9.52547 3.768218337542252287e-07
9.52778 3.768728344972287971e-07
9.5301 3.769238004500541580e-07
9.53299 3.769874561652055964e-07
9.5353 3.770383380482653663e-07
9.53762 3.770891766779052161e-07
9.54051 3.771526535966670555e-07
9.54282 3.772033768436262670e-07
9.54514 3.772540278146647112e-07
9.54803 3.773172454112587473e-07
9.55035 3.773677139475951464e-07
9.55267 3.774180850402562888e-07
9.55556 3.774808871481663424e-07
9.55788 3.775309754270384990e-07
9.5602 3.775809303518817943e-07
9.56252 3.776307089024154037e-07
9.56542 3.776927066206175579e-07
9.56774 3.777420815916505264e-07
9.57006 3.777912632068670176e-07
9.57297 3.778524491964241894e-07
9.57529 3.779011450782989714e-07
9.57762 3.779496402039593767e-07
9.58053 3.780099136668475295e-07
9.58286 3.780579185395045629e-07
9.58519 3.781056810522320669e-07
9.58752 3.781532080070447448e-07
9.59043 3.782122976381976797e-07
9.59276 3.782593236834305779e-07
9.59509 3.783061404924756802e-07
9.598 3.783643964053955467e-07
9.60033 3.784108080143081644e-07
9.60266 3.784570645619194396e-07
9.60557 3.785146990349377449e-07
9.6079 3.785606762452213191e-07
9.61023 3.786065457084053519e-07
9.61255 3.786523102075553993e-07
9.61546 3.787094174557593490e-07
9.61779 3.787549903598351826e-07
9.62012 3.788005208991739769e-07
9.62302 3.788573598990409233e-07
9.62534 3.789027940177758950e-07
9.62767 3.789482128643720965e-07
9.63057 3.790049587297439025e-07
9.63289 3.790503681433262408e-07
9.63521 3.790957681459736885e-07
9.63753 3.791411892806750252e-07
9.64043 3.791979828942285571e-07
9.64275 3.792434346473874033e-07
9.64507 3.792889025436350010e-07
9.64797 3.793457466974535389e-07
9.65029 3.793912315246727777e-07
9.65261 3.794367134961939678e-07
9.6555 3.794935570882101214e-07
9.65782 3.795390182533097099e-07
9.66014 3.795844579230987653e-07
9.66304 3.796412205444792456e-07
9.66536 3.796865948625275225e-07
9.66768 3.797319249241795078e-07
9.67058 3.797885383283821587e-07
9.6729 3.798337651424995618e-07
9.67522 3.798789475621586968e-07
9.67754 3.799240672596035407e-07
9.68044 3.799803757560163212e-07
9.68277 3.800253465116579290e-07
9.68509 3.800702237083777860e-07
9.68799 3.801262221629345264e-07
9.69032 3.801708915695753923e-07
9.69265 3.802154663923978761e-07
9.69556 3.802709972943810796e-07
9.69788 3.803152670460875295e-07
9.70021 3.803593827742619454e-07
9.70254 3.804033007378675508e-07
9.70546 3.804579601105842458e-07
9.70779 3.805014170966314287e-07
9.71012 3.805445832246728357e-07
9.71304 3.805981346595484124e-07
9.71537 3.806406102480529518e-07
9.71769 3.806827431729586112e-07
9.72002 3.807245527938357104e-07
9.72293 3.807762800861932830e-07
9.72525 3.808172801231310863e-07
9.72757 3.808579018495047413e-07
9.73048 3.809081811782240503e-07
9.7328 3.809480017512608192e-07
9.73512 3.809874693853316488e-07
9.73802 3.810363416660402087e-07
9.74033 3.810750660563422665e-07
9.74265 3.811134977030903212e-07
9.74555 3.811611257443249195e-07
9.74786 3.811989371822541279e-07
9.75018 3.812365057896757593e-07
9.75307 3.812831580382184486e-07
9.75538 3.813202648771726368e-07
9.7577 3.813571963297769928e-07
9.76001 3.813939841104321872e-07
9.7629 3.814397906349943282e-07
9.76522 3.814763240617917465e-07
9.76753 3.815127805731787837e-07
9.77042 3.815582740802374946e-07
9.77273 3.815946328796874821e-07
9.77505 3.816309806593712276e-07
9.77794 3.816764232074487004e-07
9.78025 3.817128095401790826e-07
9.78257 3.817492319627060464e-07
9.78546 3.817948358992105959e-07
9.78777 3.818313866100827035e-07
9.79009 3.818680027740732574e-07
9.79298 3.819138785721466108e-07
9.7953 3.819506496736377597e-07
9.79762 3.819875029055445927e-07
9.80051 3.820336441533838203e-07
9.80283 3.820706284931880911e-07
9.80515 3.821076543545313426e-07
9.80805 3.821539850645218022e-07
9.81037 3.821910800714449096e-07
9.81269 3.822281707703105370e-07
9.81501 3.822652815177865578e-07
9.81792 3.823116250468146693e-07
9.82024 3.823486797668016738e-07
9.82257 3.823856852182556570e-07
9.82548 3.824318631563012416e-07
9.82781 3.824687368858429682e-07
9.83014 3.825055116171191121e-07
9.83305 3.825513391285423131e-07
9.83538 3.825878588189862558e-07
9.83771 3.826242028008109586e-07
9.84003 3.826603813570697754e-07
9.84294 3.827053480615146327e-07
9.84527 3.827410930914008296e-07
9.84759 3.827766432019819834e-07
9.85049 3.828207465302100033e-07
9.85281 3.828557808039669003e-07
9.85513 3.828905607898620111e-07
9.85803 3.829336805196823578e-07
9.86035 3.829678733579386082e-07
9.86267 3.830017826190278052e-07
9.86557 3.830437621928255770e-07
9.86789 3.830769954027626491e-07
9.87021 3.831099142800514326e-07
9.87252 3.831423196961333624e-07
9.87542 3.831818120721101673e-07
9.87774 3.832126513894744143e-07
9.88005 3.832428499873249439e-07
9.88295 3.832797158812361377e-07
9.88526 3.833085033616501187e-07
9.88758 3.833366606678036848e-07
9.89048 3.833709720089715115e-07
9.89279 3.833977125403250341e-07
9.89511 3.834238340158905625e-07
9.89801 3.834556338504096522e-07
9.90033 3.834804123468192308e-07
9.90264 3.835046310244184016e-07
9.90554 3.835341414816081442e-07
9.90786 3.835571821036829967e-07
9.91018 3.835797322106461139e-07
9.9125 3.836018229757224634e-07
9.9154 3.836288225655203989e-07
9.91773 3.836499538284485274e-07
9.92005 3.836706997672471965e-07
9.92295 3.836961033174659633e-07
9.92528 3.837160477154082671e-07
9.92761 3.837356626758263142e-07
9.93051 3.837597705981161719e-07
9.93284 3.837787559315960014e-07
9.93517 3.837974943818353033e-07
9.93808 3.838206104843999257e-07
9.94041 3.838389073293441780e-07
9.94273 3.838570428936093444e-07
