#t,ms massf-Ar+
0.003 0.000000000000000000e+00
0.005 0.000000000000000000e+00
0.008 0.000000000000000000e+00
0.01 0.000000000000000000e+00
0.0129324 0.000000000000000000e+00
0.0152784 0.000000000000000000e+00
0.0176291 0.000000000000000000e+00
0.0205694 0.000000000000000000e+00
0.0229245 0.000000000000000000e+00
0.0252824 0.000000000000000000e+00
0.0276402 0.000000000000000000e+00
0.0305804 0.000000000000000000e+00
0.0329326 0.000000000000000000e+00
0.0352671 0.000000000000000000e+00
0.0375956 0.000000000000000000e+00
0.040494 0.000000000000000000e+00
0.0427981 0.000000000000000000e+00
0.0451022 0.000000000000000000e+00
0.0479388 0.000000000000000000e+00
0.0502082 0.000000000000000000e+00
0.0530041 0.000000000000000000e+00
0.0552327 0.000000000000000000e+00
0.0579873 0.000000000000000000e+00
0.0601743 0.000000000000000000e+00
0.0628915 0.000000000000000000e+00
0.0650454 0.000000000000000000e+00
0.0677309 0.000000000000000000e+00
0.0703885 0.000000000000000000e+00
0.0725147 0.000000000000000000e+00
0.0751435 0.000000000000000000e+00
0.0777723 0.000000000000000000e+00
0.0803793 0.000000000000000000e+00
0.0829862 0.000000000000000000e+00
0.0850594 0.000000000000000000e+00
0.0876508 0.000000000000000000e+00
0.090234 0.000000000000000000e+00
0.0928152 0.000000000000000000e+00
0.0953792 0.000000000000000000e+00
0.0979388 0.000000000000000000e+00
0.100475 0.000000000000000000e+00
0.103006 0.000000000000000000e+00
0.105016 0.000000000000000000e+00
0.107524 0.000000000000000000e+00
0.11002 0.000000000000000000e+00
0.112509 0.000000000000000000e+00
0.115485 0.000000000000000000e+00
0.117961 0.000000000000000000e+00
0.120429 0.000000000000000000e+00
0.122896 0.000000000000000000e+00
0.125358 0.000000000000000000e+00
0.127819 0.000000000000000000e+00
0.130279 0.000000000000000000e+00
0.132739 0.000000000000000000e+00
0.135199 0.000000000000000000e+00
0.13766 0.000000000000000000e+00
0.140113 0.000000000000000000e+00
0.142564 0.000000000000000000e+00
0.145009 0.000000000000000000e+00
0.147941 0.000000000000000000e+00
0.150379 0.000000000000000000e+00
0.152817 0.000000000000000000e+00
0.155251 0.000000000000000000e+00
0.157686 0.000000000000000000e+00
0.160119 0.000000000000000000e+00
0.162553 0.000000000000000000e+00
0.165473 0.000000000000000000e+00
0.167908 0.000000000000000000e+00
0.170344 0.000000000000000000e+00
0.17278 0.000000000000000000e+00
0.175219 0.000000000000000000e+00
0.177658 0.000000000000000000e+00
0.180096 0.000000000000000000e+00
0.182534 0.000000000000000000e+00
0.185458 0.000000000000000000e+00
0.187895 0.000000000000000000e+00
0.190332 0.000000000000000000e+00
0.192769 0.000000000000000000e+00
0.195206 0.000000000000000000e+00
0.197644 0.000000000000000000e+00
0.200084 0.000000000000000000e+00
0.202524 0.000000000000000000e+00
0.205454 0.000000000000000000e+00
0.207897 0.000000000000000000e+00
0.210342 0.000000000000000000e+00
0.212788 0.000000000000000000e+00
0.215236 0.000000000000000000e+00
0.217684 0.000000000000000000e+00
0.220132 0.000000000000000000e+00
0.222581 0.000000000000000000e+00
0.225029 0.000000000000000000e+00
0.227969 0.000000000000000000e+00
0.23042 0.000000000000000000e+00
0.232872 0.000000000000000000e+00
0.235324 0.000000000000000000e+00
0.237778 0.000000000000000000e+00
0.240232 0.000000000000000000e+00
0.242687 0.000000000000000000e+00
0.245143 0.000000000000000000e+00
0.247601 0.000000000000000000e+00
0.250059 0.000000000000000000e+00
0.252517 0.000000000000000000e+00
0.255468 0.000000000000000000e+00
0.257927 0.000000000000000000e+00
0.260387 0.000000000000000000e+00
0.262847 0.000000000000000000e+00
0.265308 0.000000000000000000e+00
0.267769 0.000000000000000000e+00
0.27023 0.000000000000000000e+00
0.272692 0.000000000000000000e+00
0.275154 0.000000000000000000e+00
0.277616 0.000000000000000000e+00
0.280079 0.000000000000000000e+00
0.282542 0.000000000000000000e+00
0.285005 0.000000000000000000e+00
0.287961 0.000000000000000000e+00
0.290425 0.000000000000000000e+00
0.292888 0.000000000000000000e+00
0.295351 0.000000000000000000e+00
0.297815 0.000000000000000000e+00
0.300278 0.000000000000000000e+00
0.302742 0.000000000000000000e+00
0.305205 0.000000000000000000e+00
0.307668 0.000000000000000000e+00
0.310131 0.000000000000000000e+00
0.312594 0.000000000000000000e+00
0.315058 0.000000000000000000e+00
0.317521 0.000000000000000000e+00
0.320477 0.000000000000000000e+00
0.322941 0.000000000000000000e+00
0.325404 0.000000000000000000e+00
0.327867 0.000000000000000000e+00
0.33033 0.000000000000000000e+00
0.332793 0.000000000000000000e+00
0.335256 0.000000000000000000e+00
0.337719 0.000000000000000000e+00
0.340182 0.000000000000000000e+00
0.342644 0.000000000000000000e+00
0.345107 0.000000000000000000e+00
0.347569 0.000000000000000000e+00
0.350032 0.000000000000000000e+00
0.352987 0.000000000000000000e+00
0.355449 0.000000000000000000e+00
0.357912 0.000000000000000000e+00
0.360375 0.000000000000000000e+00
0.362838 0.000000000000000000e+00
0.365301 0.000000000000000000e+00
0.367764 0.000000000000000000e+00
0.370227 0.000000000000000000e+00
0.372691 0.000000000000000000e+00
0.375154 0.000000000000000000e+00
0.377618 0.000000000000000000e+00
0.380082 0.000000000000000000e+00
0.382546 0.000000000000000000e+00
0.38501 0.000000000000000000e+00
0.387967 0.000000000000000000e+00
0.390432 0.000000000000000000e+00
0.392896 0.000000000000000000e+00
0.395361 0.000000000000000000e+00
0.397825 0.000000000000000000e+00
0.40029 0.000000000000000000e+00
0.402754 0.000000000000000000e+00
0.405219 0.000000000000000000e+00
0.407684 0.000000000000000000e+00
0.410149 0.000000000000000000e+00
0.412614 0.000000000000000000e+00
0.41508 0.000000000000000000e+00
0.417545 0.000000000000000000e+00
0.42001 0.000000000000000000e+00
0.422969 0.000000000000000000e+00
0.425435 0.000000000000000000e+00
0.4279 0.000000000000000000e+00
0.430367 0.000000000000000000e+00
0.432833 0.000000000000000000e+00
0.4353 0.000000000000000000e+00
0.437766 0.000000000000000000e+00
0.440233 0.000000000000000000e+00
0.4427 0.000000000000000000e+00
0.445166 0.000000000000000000e+00
0.447633 0.000000000000000000e+00
0.4501 0.000000000000000000e+00
0.452567 0.000000000000000000e+00
0.455035 0.000000000000000000e+00
0.457502 0.000000000000000000e+00
0.460463 0.000000000000000000e+00
0.462931 0.000000000000000000e+00
0.465399 0.000000000000000000e+00
0.467867 0.000000000000000000e+00
0.470334 0.000000000000000000e+00
0.472802 0.000000000000000000e+00
0.475269 0.000000000000000000e+00
0.477736 0.000000000000000000e+00
0.480203 0.000000000000000000e+00
0.48267 0.000000000000000000e+00
0.485137 0.000000000000000000e+00
0.487604 0.000000000000000000e+00
0.490071 0.000000000000000000e+00
0.492538 0.000000000000000000e+00
0.495005 0.000000000000000000e+00
0.497965 0.000000000000000000e+00
0.500431 0.000000000000000000e+00
0.502898 0.000000000000000000e+00
0.505364 0.000000000000000000e+00
0.50783 0.000000000000000000e+00
0.510296 0.000000000000000000e+00
0.512761 0.000000000000000000e+00
0.515227 0.000000000000000000e+00
0.517693 0.000000000000000000e+00
0.520158 0.000000000000000000e+00
0.522624 0.000000000000000000e+00
0.525089 0.000000000000000000e+00
0.527554 0.000000000000000000e+00
0.530019 0.000000000000000000e+00
0.532976 0.000000000000000000e+00
0.53544 0.000000000000000000e+00
0.537904 0.000000000000000000e+00
0.540368 0.000000000000000000e+00
0.542831 0.000000000000000000e+00
0.545294 0.000000000000000000e+00
0.547757 0.000000000000000000e+00
0.55022 0.000000000000000000e+00
0.552682 0.000000000000000000e+00
0.555143 0.000000000000000000e+00
0.557605 0.000000000000000000e+00
0.560066 0.000000000000000000e+00
0.562527 0.000000000000000000e+00
0.56548 0.000000000000000000e+00
0.56794 0.000000000000000000e+00
0.5704 0.000000000000000000e+00
0.57286 0.000000000000000000e+00
0.57532 0.000000000000000000e+00
0.577779 0.000000000000000000e+00
0.580238 0.000000000000000000e+00
0.582696 0.000000000000000000e+00
0.585154 0.000000000000000000e+00
0.587611 0.000000000000000000e+00
0.590068 0.000000000000000000e+00
0.592525 0.000000000000000000e+00
0.595472 0.000000000000000000e+00
0.597928 0.000000000000000000e+00
0.600383 0.000000000000000000e+00
0.602838 0.000000000000000000e+00
0.605293 0.000000000000000000e+00
0.607747 0.000000000000000000e+00
0.6102 0.000000000000000000e+00
0.612653 0.000000000000000000e+00
0.615106 0.000000000000000000e+00
0.617558 0.000000000000000000e+00
0.62001 0.000000000000000000e+00
0.622952 0.000000000000000000e+00
0.625403 0.000000000000000000e+00
0.627854 0.000000000000000000e+00
0.630304 0.000000000000000000e+00
0.632754 0.000000000000000000e+00
0.635204 0.000000000000000000e+00
0.637652 0.000000000000000000e+00
0.640101 0.000000000000000000e+00
0.642549 0.000000000000000000e+00
0.645486 0.000000000000000000e+00
0.647933 0.000000000000000000e+00
0.650379 0.000000000000000000e+00
0.652825 0.000000000000000000e+00
0.65527 0.000000000000000000e+00
0.657715 0.000000000000000000e+00
0.660159 0.000000000000000000e+00
0.662603 0.000000000000000000e+00
0.665047 0.000000000000000000e+00
0.667978 0.000000000000000000e+00
0.67042 0.000000000000000000e+00
0.672862 0.000000000000000000e+00
0.675304 0.000000000000000000e+00
0.677745 0.000000000000000000e+00
0.680185 0.000000000000000000e+00
0.682625 0.000000000000000000e+00
0.685064 0.000000000000000000e+00
0.687503 0.000000000000000000e+00
0.690429 0.000000000000000000e+00
0.692867 0.000000000000000000e+00
0.695304 0.000000000000000000e+00
0.697741 0.000000000000000000e+00
0.700177 0.000000000000000000e+00
0.702612 0.000000000000000000e+00
0.705047 0.000000000000000000e+00
0.707968 0.000000000000000000e+00
0.710402 0.000000000000000000e+00
0.712835 0.000000000000000000e+00
0.715267 0.000000000000000000e+00
0.7177 0.000000000000000000e+00
0.720131 0.000000000000000000e+00
0.722562 0.000000000000000000e+00
0.725477 0.000000000000000000e+00
0.727907 0.000000000000000000e+00
0.730336 0.000000000000000000e+00
0.732764 0.000000000000000000e+00
0.735192 0.000000000000000000e+00
0.737619 0.000000000000000000e+00
0.740045 0.000000000000000000e+00
0.742957 0.000000000000000000e+00
0.745382 0.000000000000000000e+00
0.747807 0.000000000000000000e+00
0.75023 0.000000000000000000e+00
0.752654 0.000000000000000000e+00
0.755076 0.000000000000000000e+00
0.757982 0.000000000000000000e+00
0.760403 0.000000000000000000e+00
0.762822 0.000000000000000000e+00
0.765241 0.000000000000000000e+00
0.767658 0.000000000000000000e+00
0.770075 0.000000000000000000e+00
0.772973 0.000000000000000000e+00
0.775388 0.000000000000000000e+00
0.777801 0.000000000000000000e+00
0.780214 0.000000000000000000e+00
0.782625 0.000000000000000000e+00
0.785035 0.000000000000000000e+00
0.787926 0.000000000000000000e+00
0.790334 0.000000000000000000e+00
0.792739 0.000000000000000000e+00
0.795145 0.000000000000000000e+00
0.797548 0.000000000000000000e+00
0.800431 0.000000000000000000e+00
0.802831 0.000000000000000000e+00
0.805231 0.000000000000000000e+00
0.807629 0.000000000000000000e+00
0.810027 0.000000000000000000e+00
0.812902 0.000000000000000000e+00
0.815296 0.000000000000000000e+00
0.817689 0.000000000000000000e+00
0.820081 0.000000000000000000e+00
0.82295 0.000000000000000000e+00
0.825339 0.000000000000000000e+00
0.827728 0.000000000000000000e+00
0.830115 0.000000000000000000e+00
0.832501 0.000000000000000000e+00
0.835362 0.000000000000000000e+00
0.837745 0.000000000000000000e+00
0.840127 0.000000000000000000e+00
0.842508 0.000000000000000000e+00
0.845363 0.000000000000000000e+00
0.847741 0.000000000000000000e+00
0.850117 0.000000000000000000e+00
0.852968 0.000000000000000000e+00
0.855342 0.000000000000000000e+00
0.857715 0.000000000000000000e+00
0.860086 0.000000000000000000e+00
0.86293 0.000000000000000000e+00
0.865299 0.000000000000000000e+00
0.867666 0.000000000000000000e+00
0.870033 0.000000000000000000e+00
0.872871 0.000000000000000000e+00
0.875235 0.000000000000000000e+00
0.877597 0.000000000000000000e+00
0.880431 0.000000000000000000e+00
0.882791 0.000000000000000000e+00
0.88515 0.000000000000000000e+00
0.887508 0.000000000000000000e+00
0.890336 0.000000000000000000e+00
0.892691 0.000000000000000000e+00
0.895046 0.000000000000000000e+00
0.897869 0.000000000000000000e+00
0.900221 0.000000000000000000e+00
0.902572 0.000000000000000000e+00
0.905391 0.000000000000000000e+00
0.907739 0.000000000000000000e+00
0.910086 0.000000000000000000e+00
0.912901 0.000000000000000000e+00
0.915245 0.000000000000000000e+00
0.917589 0.000000000000000000e+00
0.920399 0.000000000000000000e+00
0.922741 0.000000000000000000e+00
0.92508 0.000000000000000000e+00
0.927887 0.000000000000000000e+00
0.930224 0.000000000000000000e+00
0.932562 0.000000000000000000e+00
0.935364 0.000000000000000000e+00
0.937699 0.000000000000000000e+00
0.940032 0.000000000000000000e+00
0.94283 0.000000000000000000e+00
0.945161 0.000000000000000000e+00
0.947956 0.000000000000000000e+00
0.950285 0.000000000000000000e+00
0.952612 0.000000000000000000e+00
0.955404 0.000000000000000000e+00
0.957728 0.000000000000000000e+00
0.960052 0.000000000000000000e+00
0.962839 0.000000000000000000e+00
0.965161 0.000000000000000000e+00
0.967945 0.000000000000000000e+00
0.970264 0.000000000000000000e+00
0.972582 0.000000000000000000e+00
0.975363 0.000000000000000000e+00
0.977678 0.000000000000000000e+00
0.980456 0.000000000000000000e+00
0.98277 0.000000000000000000e+00
0.985082 0.000000000000000000e+00
0.987856 0.000000000000000000e+00
0.990166 5.312146252818246686e-10
0.992938 1.092022151520466887e-08
0.995245 1.084219330097710129e-07
0.997553 3.753297506162496684e-07
1.00032 1.838789327880181168e-06
1.00262 3.453628242361726285e-06
1.00539 5.933713857777854299e-06
1.00769 8.473794129407742458e-06
1.01045 1.193256718662338923e-05
1.01275 1.500319196707427967e-05
1.01505 1.814222243944843226e-05
1.01781 2.192482393508362823e-05
1.02011 2.506550249762124619e-05
1.02286 2.880875400238779455e-05
1.02516 3.190330276635828567e-05
1.02791 3.557317785471021394e-05
1.0302 3.859392816959707006e-05
1.03295 4.217907554866009843e-05
1.03524 4.513891506107644582e-05
1.03753 4.807281414411237287e-05
1.04027 5.155752005671281009e-05
1.04256 5.443061464677584430e-05
1.0453 5.784082167534046763e-05
1.04759 6.065159163416969417e-05
1.05033 6.398422139738290564e-05
1.05261 6.672887016029012495e-05
1.05535 6.998157100907390646e-05
1.05763 7.266100578810941342e-05
1.06036 7.583882774974357326e-05
1.06264 7.845827403614752014e-05
1.06537 8.156881523074257460e-05
1.06765 8.413530268594857791e-05
1.07038 8.718671453878816579e-05
1.07265 8.970610955500029639e-05
1.07538 9.270368291081432038e-05
1.07765 9.517869381293886637e-05
1.08038 9.812324410914521954e-05
1.08264 1.005539186637727093e-04
1.08537 1.034437251254773419e-04
1.08763 1.058281887206507236e-04
1.09035 1.086610781559116964e-04
1.09262 1.109980636138251553e-04
1.09533 1.137740229216518934e-04
1.0976 1.160651221220861600e-04
1.10031 1.187882882894434261e-04
1.10257 1.210387470656880952e-04
1.10528 1.237172223155842579e-04
1.10754 1.259347542346869579e-04
1.11025 1.285800045583040030e-04
1.1125 1.307743921404272858e-04
1.11521 1.333981322260514098e-04
1.11791 1.360142036221269476e-04
1.12017 1.381908832297970287e-04
1.12287 1.407995951496522082e-04
1.12512 1.429732906013365208e-04
1.12782 1.455805901546958084e-04
1.13007 1.477545874014931369e-04
1.13276 1.503637850076582798e-04
1.13501 1.525391285685817361e-04
1.1377 1.551500701152960598e-04
1.14039 1.577610793578856560e-04
1.14264 1.599370565882676516e-04
1.14533 1.625465214349174460e-04
1.14757 1.647203546843321788e-04
1.15025 1.673253223266411686e-04
1.15294 1.699272891912795671e-04
1.15518 1.720920544627561010e-04
1.15786 1.746854402720463581e-04
1.1601 1.768427592440900687e-04
1.16278 1.794265593333144735e-04
1.16501 1.815764164612380786e-04
1.16769 1.841501819736729776e-04
1.17036 1.867208937738293892e-04
1.17259 1.888608834610432043e-04
1.17526 1.914283840682798083e-04
1.17794 1.939957571840386424e-04
1.18017 1.961356650925334612e-04
1.18284 1.987035225502017564e-04
1.18507 2.008434583147158514e-04
1.18775 2.034097693434921690e-04
1.19043 2.059753427706314101e-04
1.19267 2.081129583760154720e-04
1.19535 2.106819124036566401e-04
1.19758 2.128292473755996237e-04
1.20027 2.154206385228149925e-04
1.2025 2.175985492074886227e-04
1.20519 2.202429061787170212e-04
1.20788 2.229323419771602529e-04
1.21012 2.252150810265410178e-04
1.21281 2.280152888064173710e-04
1.21505 2.304051600303324513e-04
1.21774 2.333499081928367086e-04
1.22043 2.363845780776904445e-04
1.22268 2.389851469703877808e-04
1.22537 2.421915290415863357e-04
1.22762 2.449294921253993636e-04
1.23032 2.482827285719697418e-04
1.23257 2.511165741336998506e-04
1.23527 2.545399952696240638e-04
1.23752 2.573855496923029636e-04
1.24022 2.607604033779886352e-04
1.24292 2.640587347273549231e-04
1.24517 2.667291851161952680e-04
1.24788 2.698244075037030875e-04
1.25013 2.723066090359626038e-04
1.25284 2.751680437244676826e-04
1.2551 2.774602818549318532e-04
1.25781 2.801142155845421158e-04
1.26007 2.822570594704502706e-04
1.26278 2.847555712412209181e-04
1.26504 2.867773038137451532e-04
1.26776 2.891233928926304473e-04
1.27002 2.910005919320731533e-04
1.27274 2.931408724290004097e-04
1.275 2.948142735612878395e-04
1.27772 2.966687394941785517e-04
1.28044 2.983315684129299924e-04
1.28271 2.995524145114908539e-04
1.28543 3.007904125382527432e-04
1.2877 3.016191647469101652e-04
1.29043 3.023478462261802312e-04
1.2927 3.026701355486571517e-04
1.29543 3.028067216665581915e-04
1.2977 3.026227941577400073e-04
1.30043 3.019467393606222448e-04
1.30271 3.008035564207014382e-04
1.30544 2.987041656032200527e-04
1.30772 2.962995438479753109e-04
1.31045 2.925624573398627666e-04
1.31273 2.886925281822356939e-04
1.31501 2.840948079020335563e-04
1.31775 2.775696820116226580e-04
1.32003 2.712610306121210910e-04
1.32277 2.626215486907868078e-04
1.32506 2.545238756622652350e-04
1.3278 2.437486454431961888e-04
1.33008 2.339136122352965664e-04
1.33283 2.211584439508689588e-04
1.33512 2.098044303869099072e-04
1.33786 1.954379219792886431e-04
1.34015 1.829630614463221682e-04
1.3429 1.675665027996072485e-04
1.34519 1.545335497325078800e-04
1.34794 1.388587668170205029e-04
1.35024 1.259398093510678157e-04
1.35253 1.133007946050500962e-04
1.35528 9.870363393336422406e-05
1.35758 8.715479464359732892e-05
1.36033 7.420339558520190517e-05
1.36263 6.426221517507982350e-05
1.36539 5.344928162458005691e-05
1.36769 4.540704459695454128e-05
1.37045 3.693189953123182580e-05
1.37275 3.083032830054274482e-05
1.37505 2.556387661619452284e-05
1.37781 2.027342146756917204e-05
1.38012 1.664567528427761024e-05
1.38288 1.312277090621529214e-05
1.38518 1.078735774894195811e-05
1.38795 8.590387154969644079e-06
1.39026 7.176187059727390991e-06
1.39256 6.060732002261311455e-06
1.39533 5.009218838880546843e-06
1.39764 4.299430152650143502e-06
1.40041 3.586041775930816446e-06
1.40272 3.078933412668269971e-06
1.40504 2.636550390867352970e-06
1.40781 2.179177960149246273e-06
1.41012 1.852214757946913045e-06
1.4129 1.517235634718125058e-06
1.41521 1.280663721834296622e-06
1.41753 1.078101907631868508e-06
1.42031 8.743942370005904885e-07
1.42262 7.329596518726185019e-07
1.4254 5.921135606794534834e-07
1.42772 4.951165807212520859e-07
1.43004 4.136847456008739923e-07
1.43283 3.331018189414679776e-07
1.43515 2.778093298006491306e-07
1.43793 2.231298111881400626e-07
1.44025 1.856275151953834891e-07
1.44258 1.542281651065005885e-07
1.44536 1.232505903923402527e-07
1.44769 1.020988246795613285e-07
1.45001 8.446565725070165847e-08
1.4528 6.717772328734197328e-08
1.45513 5.543736146014175604e-08
1.45792 4.396551640955024630e-08
1.46025 3.619806359024453431e-08
1.46258 2.977048921833861568e-08
1.46538 2.350823754727141232e-08
1.46771 1.928297280659619227e-08
1.47004 1.579843414000311086e-08
1.47284 1.241788417051323486e-08
1.47517 1.014698680015176835e-08
1.4775 8.280410789171753102e-09
1.48031 6.477016189843390949e-09
1.48264 5.269687811768906500e-09
1.48545 4.106685693433061803e-09
1.48779 3.330705883812204768e-09
1.49013 2.697636314323033760e-09
1.49293 2.090706493326132936e-09
1.49528 1.688118242405191387e-09
1.49762 1.361122748913326003e-09
1.50043 1.049206135044635480e-09
1.50278 8.432116988968272167e-10
1.50513 6.765378299580307929e-10
1.50794 5.182789909165368413e-10
1.5103 4.142304648058478671e-10
1.51265 3.304944573852648972e-10
1.515 2.631554756739913685e-10
1.51783 1.997048015082698564e-10
1.52019 1.582844687726957144e-10
1.52255 1.251939859522779826e-10
1.52538 9.414837079050941664e-11
1.52775 7.403530053455664146e-11
1.53012 5.803430254309359388e-11
1.53297 4.314776422120564370e-11
1.53534 3.356738301976223180e-11
1.53772 2.601049002772109482e-11
1.5401 2.006298860747690446e-11
1.54297 1.459275540775872057e-11
1.54536 1.111962601039268435e-11
1.54775 8.413825992215614916e-12
1.55015 6.314177109132620438e-12
1.55255 4.692043842310945109e-12
1.55544 3.233525564186603618e-12
1.55785 2.330837354108892341e-12
1.56027 1.650460193451294426e-12
1.56269 1.130935519895453160e-12
1.56512 7.523079606452222500e-13
1.56755 4.454834446370641217e-13
1.57048 1.086103493116866406e-13
1.57293 0.000000000000000000e+00
1.57538 0.000000000000000000e+00
1.57784 0.000000000000000000e+00
1.58031 0.000000000000000000e+00
1.58278 0.000000000000000000e+00
1.58526 0.000000000000000000e+00
1.58775 0.000000000000000000e+00
1.59024 0.000000000000000000e+00
1.59274 0.000000000000000000e+00
1.59524 0.000000000000000000e+00
1.59776 0.000000000000000000e+00
1.60028 0.000000000000000000e+00
1.60281 0.000000000000000000e+00
1.60534 0.000000000000000000e+00
1.60789 0.000000000000000000e+00
1.61044 0.000000000000000000e+00
1.613 0.000000000000000000e+00
1.61505 0.000000000000000000e+00
1.61763 0.000000000000000000e+00
1.62021 0.000000000000000000e+00
1.62281 0.000000000000000000e+00
1.62541 0.000000000000000000e+00
1.6275 0.000000000000000000e+00
1.63012 0.000000000000000000e+00
1.63275 0.000000000000000000e+00
1.63539 0.000000000000000000e+00
1.6375 0.000000000000000000e+00
1.64016 0.000000000000000000e+00
1.64282 0.000000000000000000e+00
1.6455 0.000000000000000000e+00
1.64764 0.000000000000000000e+00
1.65034 0.000000000000000000e+00
1.65304 0.000000000000000000e+00
1.65521 0.000000000000000000e+00
1.65793 0.000000000000000000e+00
1.66011 0.000000000000000000e+00
1.66285 0.000000000000000000e+00
1.66505 0.000000000000000000e+00
1.6678 0.000000000000000000e+00
1.67001 0.000000000000000000e+00
1.67278 0.000000000000000000e+00
1.675 0.000000000000000000e+00
1.67779 0.000000000000000000e+00
1.68002 0.000000000000000000e+00
1.68282 0.000000000000000000e+00
1.68506 0.000000000000000000e+00
1.68788 0.000000000000000000e+00
1.69013 0.000000000000000000e+00
1.69296 0.000000000000000000e+00
1.69523 0.000000000000000000e+00
1.69807 0.000000000000000000e+00
1.70035 0.000000000000000000e+00
1.70263 0.000000000000000000e+00
1.7055 0.000000000000000000e+00
1.7078 0.000000000000000000e+00
1.7101 0.000000000000000000e+00
1.71299 0.000000000000000000e+00
1.7153 0.000000000000000000e+00
1.71763 0.000000000000000000e+00
1.72054 0.000000000000000000e+00
1.72287 0.000000000000000000e+00
1.72521 0.000000000000000000e+00
1.72756 0.000000000000000000e+00
1.7305 0.000000000000000000e+00
1.73285 0.000000000000000000e+00
1.7352 0.000000000000000000e+00
1.73755 0.000000000000000000e+00
1.74038 0.000000000000000000e+00
1.74265 0.000000000000000000e+00
1.74536 0.000000000000000000e+00
1.74803 0.000000000000000000e+00
1.7502 0.000000000000000000e+00
1.75291 0.000000000000000000e+00
1.75507 0.000000000000000000e+00
1.75774 0.000000000000000000e+00
1.76038 0.000000000000000000e+00
1.76298 0.000000000000000000e+00
1.76506 0.000000000000000000e+00
1.76768 0.000000000000000000e+00
1.77029 0.000000000000000000e+00
1.7729 0.000000000000000000e+00
1.77551 0.000000000000000000e+00
1.77758 0.000000000000000000e+00
1.78018 0.000000000000000000e+00
1.78281 0.000000000000000000e+00
1.78543 0.000000000000000000e+00
1.7875 0.000000000000000000e+00
1.7901 0.000000000000000000e+00
1.79275 0.000000000000000000e+00
1.79542 0.000000000000000000e+00
1.79754 0.000000000000000000e+00
1.80017 0.000000000000000000e+00
1.8028 0.000000000000000000e+00
1.80542 0.000000000000000000e+00
1.80752 0.000000000000000000e+00
1.81016 0.000000000000000000e+00
1.81279 0.000000000000000000e+00
1.81541 0.000000000000000000e+00
1.81751 0.000000000000000000e+00
1.82013 0.000000000000000000e+00
1.82276 0.000000000000000000e+00
1.82544 0.000000000000000000e+00
1.82759 0.000000000000000000e+00
1.83023 0.000000000000000000e+00
1.83288 0.000000000000000000e+00
1.83501 0.000000000000000000e+00
1.83768 0.000000000000000000e+00
1.84033 0.000000000000000000e+00
1.84297 0.000000000000000000e+00
1.84508 0.000000000000000000e+00
1.84771 0.000000000000000000e+00
1.85038 0.000000000000000000e+00
1.85253 0.000000000000000000e+00
1.85521 0.000000000000000000e+00
1.85789 0.000000000000000000e+00
1.86004 0.000000000000000000e+00
1.86273 0.000000000000000000e+00
1.86542 0.000000000000000000e+00
1.86754 0.000000000000000000e+00
1.8702 0.000000000000000000e+00
1.8729 0.000000000000000000e+00
1.87506 0.000000000000000000e+00
1.87775 0.000000000000000000e+00
1.88044 0.000000000000000000e+00
1.88259 0.000000000000000000e+00
1.88528 0.000000000000000000e+00
1.88798 0.000000000000000000e+00
1.89014 0.000000000000000000e+00
1.89283 0.000000000000000000e+00
1.89551 0.000000000000000000e+00
1.89765 0.000000000000000000e+00
1.90034 0.000000000000000000e+00
1.90302 0.000000000000000000e+00
1.90518 0.000000000000000000e+00
1.90787 0.000000000000000000e+00
1.91051 0.000000000000000000e+00
1.91263 0.000000000000000000e+00
1.91533 0.000000000000000000e+00
1.91803 0.000000000000000000e+00
1.92019 0.000000000000000000e+00
1.92288 0.000000000000000000e+00
1.92506 0.000000000000000000e+00
1.9278 0.000000000000000000e+00
1.93051 0.000000000000000000e+00
1.93263 0.000000000000000000e+00
1.9353 0.000000000000000000e+00
1.93798 0.000000000000000000e+00
1.94012 0.000000000000000000e+00
1.9428 0.000000000000000000e+00
1.94548 0.000000000000000000e+00
1.94764 0.000000000000000000e+00
1.95033 0.000000000000000000e+00
1.9525 0.000000000000000000e+00
1.95522 0.000000000000000000e+00
1.95793 0.000000000000000000e+00
1.96008 0.000000000000000000e+00
1.96278 0.000000000000000000e+00
1.96548 0.000000000000000000e+00
1.96763 0.000000000000000000e+00
1.9703 0.000000000000000000e+00
1.97298 0.000000000000000000e+00
1.97513 0.000000000000000000e+00
1.97782 0.000000000000000000e+00
1.9805 0.000000000000000000e+00
1.98264 0.000000000000000000e+00
1.98533 0.000000000000000000e+00
1.98801 0.000000000000000000e+00
1.99016 0.000000000000000000e+00
1.99285 0.000000000000000000e+00
1.995 0.000000000000000000e+00
1.9977 0.000000000000000000e+00
2.00039 0.000000000000000000e+00
2.00253 0.000000000000000000e+00
2.00521 0.000000000000000000e+00
2.00793 0.000000000000000000e+00
2.0101 0.000000000000000000e+00
2.0128 0.000000000000000000e+00
2.0155 0.000000000000000000e+00
2.01765 0.000000000000000000e+00
2.02033 0.000000000000000000e+00
2.02304 0.000000000000000000e+00
2.02521 0.000000000000000000e+00
2.02792 0.000000000000000000e+00
2.03009 0.000000000000000000e+00
2.03279 0.000000000000000000e+00
2.03549 0.000000000000000000e+00
2.03765 0.000000000000000000e+00
2.04033 0.000000000000000000e+00
2.04303 0.000000000000000000e+00
2.0452 0.000000000000000000e+00
2.04791 0.000000000000000000e+00
2.05008 0.000000000000000000e+00
2.0528 0.000000000000000000e+00
2.0555 0.000000000000000000e+00
2.05766 0.000000000000000000e+00
2.06037 0.000000000000000000e+00
2.06254 0.000000000000000000e+00
2.06525 0.000000000000000000e+00
2.06795 0.000000000000000000e+00
2.07011 0.000000000000000000e+00
2.07281 0.000000000000000000e+00
2.07552 0.000000000000000000e+00
2.07767 0.000000000000000000e+00
2.08036 0.000000000000000000e+00
2.08257 0.000000000000000000e+00
2.08533 0.000000000000000000e+00
2.08751 0.000000000000000000e+00
2.09022 0.000000000000000000e+00
2.09292 0.000000000000000000e+00
2.09508 0.000000000000000000e+00
2.09778 0.000000000000000000e+00
2.10048 0.000000000000000000e+00
2.10263 0.000000000000000000e+00
2.10533 0.000000000000000000e+00
2.10803 0.000000000000000000e+00
2.1102 0.000000000000000000e+00
2.11292 0.000000000000000000e+00
2.1151 0.000000000000000000e+00
2.11782 0.000000000000000000e+00
2.12053 0.000000000000000000e+00
2.12271 0.000000000000000000e+00
2.12542 0.000000000000000000e+00
2.12758 0.000000000000000000e+00
2.13028 0.000000000000000000e+00
2.13298 0.000000000000000000e+00
2.13514 0.000000000000000000e+00
2.13785 0.000000000000000000e+00
2.14002 0.000000000000000000e+00
2.14273 0.000000000000000000e+00
2.14543 0.000000000000000000e+00
2.1476 0.000000000000000000e+00
2.1503 0.000000000000000000e+00
2.153 0.000000000000000000e+00
2.15516 0.000000000000000000e+00
2.15786 0.000000000000000000e+00
2.16001 0.000000000000000000e+00
2.16271 0.000000000000000000e+00
2.16541 0.000000000000000000e+00
2.16758 0.000000000000000000e+00
2.17027 0.000000000000000000e+00
2.17297 0.000000000000000000e+00
2.17513 0.000000000000000000e+00
2.17784 0.000000000000000000e+00
2.1805 0.000000000000000000e+00
2.18263 0.000000000000000000e+00
2.18535 0.000000000000000000e+00
2.18754 0.000000000000000000e+00
2.19025 0.000000000000000000e+00
2.19296 0.000000000000000000e+00
2.19514 0.000000000000000000e+00
2.19787 0.000000000000000000e+00
2.20005 0.000000000000000000e+00
2.20272 0.000000000000000000e+00
2.20539 0.000000000000000000e+00
2.20753 2.250380131508350559e-10
2.21021 8.241410008899592968e-10
2.2129 1.264310621368990760e-09
2.21505 1.548252601095329929e-09
2.21773 5.165413962939960073e-09
2.22041 4.339135527754718019e-09
2.22257 5.178648439501112668e-09
2.22528 9.168443133980139904e-09
2.22797 2.330194444525260811e-07
2.23011 1.178350614065498110e-06
2.23279 7.503300865438579751e-16
2.23547 9.206157442110928685e-10
2.23763 2.908802732820832059e-08
2.24034 4.128744393301267243e-10
2.2425 3.526650009021261027e-07
2.24521 6.707882797389897032e-07
2.24791 8.972098077842987013e-04
2.25005 8.317352216544104341e-04
2.25272 6.790685668649268630e-04
2.2554 5.717536174123349479e-04
2.25754 5.157158705638188734e-04
2.26025 4.686781797555483243e-04
2.26297 4.374181308968886706e-04
2.26513 4.195061757210338522e-04
2.26782 7.156371068546994382e-04
2.2705 6.835730699940428248e-04
2.27264 6.446800910594604420e-04
2.27532 5.996402222127998356e-04
2.27801 5.620384383161950272e-04
2.28017 5.716572577957536490e-04
2.2829 6.308227559423721341e-04
2.28508 6.645905169808616082e-04
2.28777 6.901529693794550453e-04
2.29045 7.052386864763847017e-04
2.29259 7.132704173188324920e-04
2.29527 7.209062855253321094e-04
2.29797 7.295439002468698123e-04
2.30014 7.445685937914013879e-04
2.30283 7.619660377977178524e-04
2.30552 7.772856542972467631e-04
2.30767 7.883344399244917103e-04
2.31036 8.006312732684934446e-04
2.31252 8.087259378464212297e-04
2.31523 8.197242974399091562e-04
2.31794 8.325541240554514564e-04
2.3201 8.433823134365633217e-04
2.32281 8.567698633172658295e-04
2.32552 8.702194416189168750e-04
2.32767 8.804856164196039154e-04
2.3304 8.904282111266395745e-04
2.33259 8.990761481250951525e-04
2.33532 9.110915919764930480e-04
2.33802 9.235170452981713565e-04
2.34019 9.337460683961541384e-04
2.3429 9.468954234253552232e-04
2.34507 9.575482347392028082e-04
2.34778 9.710114945915217406e-04
2.35049 9.843597399435384879e-04
2.35264 9.947205244866144484e-04
2.35534 1.007284756786952550e-03
2.35803 1.019583953243324674e-03
2.36018 1.029359424892549403e-03
2.36288 1.041459049683439225e-03
2.36503 1.050763199690095753e-03
2.36775 1.062032358489663165e-03
2.37051 1.073527383967276495e-03
2.3727 1.082762741280276879e-03
2.3754 1.094245139973025124e-03
2.37756 1.103408747783503688e-03
2.38029 1.115027323854775017e-03
2.38301 1.127109710122840358e-03
2.38521 1.137312402573204288e-03
2.38795 1.150559306454500665e-03
2.39012 1.160907641742795491e-03
2.39282 1.173477453213608163e-03
2.39501 1.183280936525736831e-03
2.39777 1.195362935168736446e-03
2.40051 1.207103943258880895e-03
2.40267 1.216335951288573984e-03
2.40538 1.227818465781857623e-03
2.40755 1.236868749475102331e-03
2.41027 1.247952737665430564e-03
2.41298 1.258991536079429431e-03
2.41515 1.267820153986456196e-03
2.41786 1.278930425256152078e-03
2.42003 1.287824353477573080e-03
2.42276 1.298910337455368028e-03
2.4255 1.310291379150045014e-03
2.42768 1.319651707683957469e-03
2.43039 1.331391343144430750e-03
2.43256 1.340665592952082832e-03
2.4353 1.352215497773426355e-03
2.43805 1.363440955704031590e-03
2.44024 1.372230919534776555e-03
2.44299 1.383116816372873372e-03
2.44516 1.391775843388633280e-03
2.44787 1.402686681487294541e-03
2.45007 1.411503056101974778e-03
2.45283 1.422376784057175240e-03
2.45502 1.430815695753172301e-03
2.45773 1.441058312849536911e-03
2.46047 1.451227632516857062e-03
2.46268 1.459362159819548727e-03
2.46544 1.469532641301030031e-03
2.46762 1.477730745332151265e-03
2.47035 1.488206639469924659e-03
2.47255 1.496874542012549677e-03
2.4753 1.507746299543898279e-03
2.47804 1.518441949723944168e-03
2.48023 1.526908214760205277e-03
2.48296 1.537253240052895674e-03
2.48515 1.545326515194646137e-03
2.48788 1.555274294971753773e-03
2.49007 1.563245616518777218e-03
2.49282 1.573346536189639119e-03
2.49502 1.581525720192146663e-03
2.49777 1.591730236246552670e-03
2.50051 1.601743571423373336e-03
2.5027 1.609673712076007150e-03
2.50543 1.619585833410602240e-03
2.50761 1.627566472783341552e-03
2.51033 1.637593908954220823e-03
2.51252 1.645613897970253691e-03
2.51525 1.655609481058171756e-03
2.51799 1.665579035536192409e-03
2.52018 1.673541898683029647e-03
2.52293 1.683487770498696100e-03
2.52512 1.691393271722844765e-03
2.52787 1.701203579392171266e-03
2.53007 1.709221180310651527e-03
2.5328 1.719419783420895022e-03
2.53554 1.729785945306333604e-03
2.53771 1.738099096895026402e-03
2.54043 1.748403944657780972e-03
2.54261 1.756606615253290772e-03
2.54534 1.766930481396673715e-03
2.54752 1.775249761355544376e-03
2.55023 1.785768528933498640e-03
2.55296 1.796428478212409429e-03
2.55515 1.805122939831330531e-03
2.5579 1.816023453818523719e-03
2.56008 1.824637368149480783e-03
2.5628 1.835262737590577639e-03
2.56553 1.845679696810427527e-03
2.5677 1.853893284943237746e-03
2.57042 1.864066099908037299e-03
2.5726 1.872223619165803380e-03
2.57532 1.882527952792699931e-03
2.57751 1.890862498004961369e-03
2.58024 1.901301092832282866e-03
2.58297 1.911673326932077782e-03
2.58516 1.919974951545041402e-03
2.58792 1.930569041310073669e-03
2.59014 1.939108990721350378e-03
2.59288 1.949712826088857622e-03
2.59507 1.958151493809718799e-03
2.5978 1.968709083373212324e-03
2.60054 1.979239832913993677e-03
2.60273 1.987602660219365061e-03
2.60547 1.997872903646120968e-03
2.60767 2.005957517567059142e-03
2.61042 2.016029932138319134e-03
2.61262 2.024124796308019933e-03
2.61538 2.034393988981387895e-03
2.61759 2.042699385810823210e-03
2.62033 2.053075174046286623e-03
2.62252 2.061391331552761899e-03
2.62527 2.071879343405328908e-03
2.62804 2.082427460693106035e-03
2.63024 2.090847953596684967e-03
2.63298 2.101394962990003629e-03
2.63517 2.109919579257150957e-03
2.63792 2.120708360429720586e-03
2.64013 2.129391469984312762e-03
2.64287 2.140270929266595637e-03
2.64506 2.149045209231960785e-03
2.64782 2.160165037987148932e-03
2.65003 2.169075682687261666e-03
2.65279 2.180096879810461321e-03
2.65552 2.191060161409782124e-03
2.65772 2.199887588485488835e-03
2.66046 2.211043667966783657e-03
2.66266 2.220053299773928381e-03
2.66539 2.231370870770035385e-03
2.66758 2.240462647808299981e-03
2.67032 2.251862862656133467e-03
2.6725 2.261051193285911181e-03
2.67526 2.272722156353905107e-03
2.67801 2.284508631357649953e-03
2.68021 2.293954077106700757e-03
2.68296 2.305806823799991852e-03
2.68516 2.315369018133874891e-03
2.68792 2.327396206357896288e-03
2.69013 2.336995960227275428e-03
2.69287 2.348909012738129281e-03
2.69506 2.358456946262574034e-03
2.69782 2.370556986391786185e-03
2.70003 2.380336388547583254e-03
2.70278 2.392644339307342834e-03
2.70553 2.405025503350354324e-03
2.70773 2.414948133746566868e-03
2.71048 2.427351329464484675e-03
2.7127 2.437368037897746226e-03
2.71549 2.450039231952718961e-03
2.71772 2.460187227430936027e-03
2.72047 2.472783270206859157e-03
2.72267 2.482906598249931367e-03
2.72541 2.495603326937486082e-03
2.72761 2.505804044019257354e-03
2.73035 2.518555320692072302e-03
2.73254 2.528737553985553697e-03
2.73528 2.541435051383588231e-03
2.73802 2.554140369113771982e-03
2.74021 2.564378646199046066e-03
2.74296 2.577306045308197426e-03
2.74517 2.587729539748549225e-03
2.74792 2.600831098812838183e-03
2.75013 2.611308166346119290e-03
2.75287 2.624288528225637938e-03
2.75506 2.634641294857257600e-03
2.75779 2.647543192308304295e-03
2.76052 2.660460329290544827e-03
2.76272 2.670873693689037893e-03
2.76547 2.683947716007691400e-03
2.76767 2.694438050399601981e-03
2.77042 2.707597793039123475e-03
2.77263 2.718178143138913830e-03
2.7754 2.731486053409643011e-03
2.77761 2.742116367087588363e-03
2.78038 2.755378361245821184e-03
2.78259 2.766008037368179219e-03
2.78534 2.779285584106781434e-03
2.78754 2.789941002827734783e-03
2.79029 2.803259540553652406e-03
2.79304 2.816513383639617125e-03
2.79523 2.827013228629094571e-03
2.79796 2.840030956634502415e-03
2.80014 2.850449224873450281e-03
2.80289 2.863560736582854409e-03
2.80509 2.874078695011347048e-03
2.80783 2.887221826577666701e-03
2.81002 2.897762634856465916e-03
2.81277 2.911012683451032462e-03
2.81552 2.924257066205722747e-03
2.81773 2.934838067498861912e-03
2.82049 2.948065754048240228e-03
2.8227 2.958701577742036282e-03
2.82547 2.972102628720371675e-03
2.82767 2.982860067780527223e-03
2.83041 2.996234521796271952e-03
2.8326 3.006901798966729340e-03
2.83536 3.020197017812980330e-03
2.83756 3.030732376358949605e-03
2.84032 3.043798778936744869e-03
2.84252 3.054179414243313011e-03
2.84528 3.067102787542639111e-03
2.84804 3.080023903270081437e-03
2.85024 3.090376436731372134e-03
2.853 3.103336854797029542e-03
2.85521 3.113723276347894753e-03
2.85798 3.126731079290181840e-03
2.86019 3.137094986227454731e-03
2.86295 3.149917293831955636e-03
2.86515 3.160153076212845243e-03
2.8679 3.172960973348014878e-03
2.87011 3.183224681773831090e-03
2.87286 3.196011604435113410e-03
2.87505 3.206184199321165853e-03
2.8778 3.218851117290615158e-03
2.88001 3.228938709903635650e-03
2.88277 3.241422504644183959e-03
2.88553 3.253787887294206163e-03
2.88774 3.263628620008776279e-03
2.89052 3.275956016428169162e-03
2.89274 3.285810933796229696e-03
2.89551 3.298115200263168796e-03
2.89772 3.307962608717805123e-03
2.90048 3.320226275130188070e-03
2.90268 3.330009676065711320e-03
2.90544 3.342269846016223366e-03
2.90765 3.352119777850326443e-03
2.91042 3.364445438429855550e-03
2.91264 3.374322032591667991e-03
2.91541 3.386666586935495847e-03
2.91762 3.396512728542442055e-03
2.92039 3.408780836581530756e-03
2.92261 3.418580773568248143e-03
2.92538 3.430782532907972367e-03
2.9276 3.440479659013544449e-03
2.93036 3.452537866202530590e-03
2.93257 3.462154196508246580e-03
2.93531 3.474113656801468275e-03
2.93751 3.483694044191156230e-03
2.94028 3.495803424798038777e-03
2.94305 3.507924425097704371e-03
2.94526 3.517582597496573919e-03
2.94801 3.529650529418784915e-03
2.95022 3.539308560894008013e-03
2.95299 3.551372236605497470e-03
2.95519 3.560993818496409682e-03
2.95795 3.572969390546009219e-03
2.96016 3.582525124782008543e-03
2.96293 3.594457190882032523e-03
2.96515 3.603946632027801855e-03
2.96791 3.615694286825884684e-03
2.97012 3.625049533638546092e-03
2.97288 3.636696651318892942e-03
2.97508 3.645991493802382567e-03
2.97785 3.657644056961745910e-03
2.98007 3.666985843329400446e-03
2.98285 3.678671872250874938e-03
2.98508 3.688033888145092910e-03
2.98787 3.699720619470607281e-03
2.99008 3.709026649676347692e-03
2.99285 3.720661515128370189e-03
2.99507 3.729991550717812708e-03
2.99785 3.741651879347916883e-03
3.00006 3.750920455198252391e-03
3.00281 3.762454293454288792e-03
3.00502 3.771649473078574327e-03
3.00778 3.783096926610778673e-03
3.01054 3.794496642068748930e-03
3.01275 3.803596332878580403e-03
3.01552 3.814987539629883899e-03
3.01776 3.824197817110618850e-03
3.02055 3.835730842097254210e-03
3.02277 3.844887202069518627e-03
3.02554 3.856369819240622505e-03
3.02776 3.865613838269933017e-03
3.03054 3.877224393043218059e-03
3.03276 3.886535037170553084e-03
3.03553 3.898200666602642112e-03
3.03774 3.907565679008187347e-03
3.04051 3.919299138732707834e-03
3.04272 3.928704413255624042e-03
3.04549 3.940483792575968230e-03
3.04771 3.949924256342695825e-03
3.05048 3.961768064831706904e-03
3.0527 3.971282821815868419e-03
3.05548 3.983280017220310748e-03
3.05771 3.992961707385689687e-03
3.06049 4.005121132521470735e-03
3.06271 4.014884222475580307e-03
3.06548 4.027179021159012565e-03
3.0677 4.037088463014875013e-03
3.07047 4.049553102478690471e-03
3.0727 4.059619994874601526e-03
3.07548 4.072265954625799676e-03
3.0777 4.082384869733050869e-03
3.08047 4.095057808454994827e-03
3.08269 4.105268516618053483e-03
3.08549 4.118110151419039980e-03
3.08772 4.128373811935218129e-03
3.0905 4.141146239985576613e-03
3.09272 4.151366266156971546e-03
3.09548 4.164079903455318588e-03
3.09769 4.174258712570777692e-03
3.10047 4.187047901988785910e-03
3.10269 4.197302005846378914e-03
3.10547 4.210169449298329161e-03
3.1077 4.220491272574255527e-03
3.11048 4.233345172072044450e-03
3.11269 4.243563145120629598e-03
3.11546 4.256346172418087881e-03
3.11768 4.266617452511981337e-03
3.12046 4.279438785668724515e-03
3.1227 4.289758376893849749e-03
3.1255 4.302624516746108262e-03
3.12772 4.312787993337486268e-03
3.13049 4.325403367560310547e-03
3.1327 4.335478956933804147e-03
3.13549 4.348053063469668918e-03
3.13771 4.358076550548081740e-03
3.14049 4.370574571515884431e-03
3.14272 4.380549504715695527e-03
3.14549 4.392932930301221908e-03
3.1477 4.402826669356110778e-03
3.15048 4.415216164642163203e-03
3.1527 4.425124735347080868e-03
3.15548 4.437516404412268287e-03
3.15771 4.447428892374388591e-03
3.16049 4.459786869685304113e-03
3.16271 4.469639198347363784e-03
3.16549 4.481942063003495694e-03
3.16771 4.491782894457019455e-03
3.17049 4.504058179091860285e-03
3.17273 4.513907832000407967e-03
3.17552 4.526186443875818664e-03
3.17775 4.535920536307466895e-03
3.18052 4.548034870633712104e-03
3.18274 4.557740133610510905e-03
3.18553 4.569896633653050544e-03
3.18776 4.579609941434795682e-03
3.19054 4.591724110193298215e-03
3.19277 4.601414616406499479e-03
3.195 4.611150653137351986e-03
3.1978 4.623316424584651869e-03
3.20002 4.632996802309276643e-03
3.2028 4.645066241403979050e-03
3.20502 4.654719954961966145e-03
3.20781 4.666779348765037923e-03
3.21003 4.676397594931767585e-03
3.21281 4.688359174395602576e-03
3.21503 4.697897819226336431e-03
3.21781 4.709816443104211658e-03
3.22004 4.719316597610215096e-03
3.22282 4.731147909162632115e-03
3.22505 4.740581272268485323e-03
3.22784 4.752362836734071345e-03
3.23007 4.761775098567675064e-03
3.23286 4.773499830100927724e-03
3.23509 4.782843845837744627e-03
3.23788 4.794490356590410188e-03
3.24011 4.803776578942279586e-03
3.24289 4.815349937561201436e-03
3.24512 4.824574287291217602e-03
3.2479 4.836068350759669364e-03
3.25014 4.845264407514356629e-03
3.25294 4.856731984720144384e-03
3.25517 4.865850434783809339e-03
3.25795 4.877176306488598817e-03
3.26018 4.886206718902237796e-03
3.26298 4.897477946466881338e-03
3.26521 4.906465398424727717e-03
3.268 4.917675812494733643e-03
3.27024 4.926631131572632889e-03
3.27303 4.937792141051559197e-03
3.27525 4.946716382998161271e-03
3.27804 4.957897716225639732e-03
3.28028 4.966861473801393451e-03
3.28251 4.975828213349294676e-03
3.2853 4.987027383480180549e-03
3.28753 4.995998122405402413e-03
3.29031 5.007238751945584584e-03
3.29255 5.016240016230149971e-03
3.29533 5.027492065813820264e-03
3.29756 5.036495845493788905e-03
3.30036 5.047793730499498636e-03
3.3026 5.056854459446635634e-03
3.3054 5.068159645235176952e-03
3.30763 5.077179784345603464e-03
3.31042 5.088457908949006563e-03
3.31266 5.097481577297868424e-03
3.31545 5.108766814156840731e-03
3.31769 5.117846517642062575e-03
3.32049 5.129198581886905590e-03
3.32273 5.138248846011987669e-03
3.32552 5.149543985028534783e-03
3.32775 5.158577060978996286e-03
3.33055 5.169859780376166204e-03
3.33278 5.178869550710803356e-03
3.33502 5.187858155560075291e-03
3.33781 5.199065855384151641e-03
3.34005 5.208009606167779589e-03
3.34284 5.219153684255486286e-03
3.34507 5.228032201993661893e-03
3.34786 5.239090312442616984e-03
3.3501 5.247923901559206454e-03
3.3529 5.258952084263767736e-03
3.35514 5.267747562945428695e-03
3.35794 5.278704543153218964e-03
3.36017 5.287448663105963516e-03
3.36297 5.298336996556075353e-03
3.3652 5.307026544935053956e-03
3.368 5.317886823521383866e-03
3.37024 5.326559521275332602e-03
3.37304 5.337356522817793096e-03
3.37527 5.345963452502642578e-03
3.37751 5.354552305263235099e-03
3.3803 5.365264174602284684e-03
3.38254 5.373807350042660198e-03
3.38534 5.384463174088726864e-03
3.38758 5.392958948374434319e-03
3.39038 5.403546728646480349e-03
3.39262 5.411992269796798635e-03
3.39541 5.422511865770188698e-03
3.39765 5.430904730682288399e-03
3.40045 5.441386464336152307e-03
3.40269 5.449770495201717788e-03
3.40548 5.460243016944084198e-03
3.40772 5.468617930353151559e-03
3.41052 5.479083996358178298e-03
3.41276 5.487461494265328220e-03
3.41501 5.495838873751174129e-03
3.41781 5.506307782398026790e-03
3.42005 5.514680861876116585e-03
3.42284 5.525137660874950528e-03
3.42508 5.533491137708663674e-03
3.42788 5.543929229061896578e-03
3.43011 5.552280459855634190e-03
3.43291 5.562713076828392986e-03
3.43515 5.571069545736819124e-03
3.43796 5.581512104750357972e-03
3.4402 5.589867338143442166e-03
3.443 5.600314043212500752e-03
3.44524 5.608669736363591785e-03
3.44804 5.619113733057805662e-03
3.45028 5.627472784767536228e-03
3.45252 5.635833143492589153e-03
3.45532 5.646289200920158631e-03
3.45756 5.654671532135782490e-03
3.46037 5.665152582818477195e-03
3.46261 5.673552334788441870e-03
3.46542 5.684056411307336978e-03
3.46767 5.692442508739705559e-03
3.47047 5.702900316529893772e-03
3.47271 5.711257083413543399e-03
3.47551 5.721686218966567233e-03
3.47775 5.730017174106960196e-03
3.48056 5.740448404653522921e-03
3.4828 5.748779767627075488e-03
3.48505 5.757095297229661290e-03
3.48785 5.767471192069524057e-03
3.4901 5.775753388559804781e-03
3.4929 5.786082670625192215e-03
3.49514 5.794330617901174985e-03
3.49795 5.804617565473397904e-03
3.50019 5.812831305270312575e-03
3.50299 5.823084565780321104e-03
3.50523 5.831269197798919640e-03
3.50805 5.841510512704048766e-03
3.5103 5.849689530990759972e-03
3.51255 5.857830905592815648e-03
3.51535 5.867955499607595098e-03
3.5176 5.876028818154166097e-03
3.5204 5.886084161283512348e-03
3.52264 5.894099821656575110e-03
3.52546 5.904137221586206255e-03
3.52771 5.912137221117855397e-03
3.53052 5.922066509094743927e-03
3.53277 5.929974250706036842e-03
3.53501 5.937859906907473791e-03
3.53782 5.947686065002227331e-03
3.54007 5.955517094655258907e-03
3.54287 5.965262694009995995e-03
3.54512 5.973031699814546763e-03
3.54792 5.982716290500391006e-03
3.55017 5.990435175921278096e-03
3.55298 6.000069205284571695e-03
3.55524 6.007749851156956276e-03
3.55805 6.017286035113821735e-03
3.56029 6.024868143641936950e-03
3.56253 6.032423310164491612e-03
3.56535 6.041838174235094130e-03
3.5676 6.049327017534172207e-03
3.57041 6.058638352068860047e-03
3.57266 6.066042016668309750e-03
3.57547 6.075223373921134762e-03
3.57771 6.082520102790689269e-03
3.58053 6.091617865027913574e-03
3.58279 6.098868153343277657e-03
3.58505 6.106066606275282853e-03
3.58785 6.114966064751429370e-03
3.5901 6.122039468754581285e-03
3.59291 6.130847441509153055e-03
3.59517 6.137847898339800212e-03
3.59798 6.146534915357732692e-03
3.60023 6.153435992250586885e-03
3.60304 6.161992232888435783e-03
3.60528 6.168782534287457417e-03
3.60753 6.175531580608263453e-03
3.61034 6.183918230226841985e-03
3.6126 6.190577187063477614e-03
3.6154 6.198821826835166499e-03
3.61765 6.205370948187563171e-03
3.62046 6.213509500548829688e-03
3.62271 6.219979778690876149e-03
3.62552 6.228019449982475329e-03
3.62777 6.234414527834671559e-03
3.63002 6.240776646157120827e-03
3.63283 6.248681439580535887e-03
3.63507 6.254972656958343764e-03
3.63789 6.262820404284294949e-03
3.64014 6.269065286476412785e-03
3.64296 6.276809888116723773e-03
3.6452 6.282966896749077844e-03
3.64802 6.290642110409484442e-03
3.65028 6.296759050233655640e-03
3.65254 6.302838791461600094e-03
3.65535 6.310374255880049459e-03
3.6576 6.316374722003454019e-03
3.66042 6.323871162795749977e-03
3.66267 6.329848501237789020e-03
3.66549 6.337285572677163296e-03
3.66774 6.343219595424936554e-03
3.67056 6.350636060185246325e-03
3.67281 6.356567397531498638e-03
3.67507 6.362489937918376463e-03
3.67788 6.369874722195273398e-03
3.68014 6.375778672702211124e-03
3.68296 6.383178701010212321e-03
3.68522 6.389095883988208172e-03
3.68804 6.396470123738232788e-03
3.69029 6.402362147197323758e-03
3.69254 6.408257041791025170e-03
3.69537 6.415626172766987143e-03
3.69762 6.421510093873277272e-03
3.70044 6.428843062993560079e-03
3.70269 6.434701487169302431e-03
3.70551 6.442026159031268191e-03
3.70777 6.447883987046668965e-03
3.71002 6.453743799302639333e-03
3.71284 6.461073443779286225e-03
3.7151 6.466939461767198805e-03
3.71792 6.474275792806637869e-03
3.72017 6.480155702941664542e-03
3.723 6.487531121088263922e-03
3.72526 6.493437090144135553e-03
3.72751 6.499323515501518635e-03
3.73033 6.506687992115171848e-03
3.73259 6.512605117535221443e-03
3.73542 6.520015605526426408e-03
3.73767 6.525931590914157455e-03
3.74049 6.533307687688759587e-03
3.74274 6.539216832115665907e-03
3.74501 6.545154292624596505e-03
3.74785 6.552568007927402592e-03
3.7501 6.558456730429239497e-03
3.75292 6.565816039620878987e-03
3.75518 6.571716706826496654e-03
3.758 6.579106078648395452e-03
3.76026 6.585022767009880360e-03
3.76251 6.590945190973693420e-03
3.76533 6.598364306702623160e-03
3.76758 6.604310773947918295e-03
3.7704 6.611759984729326765e-03
3.77266 6.617742177946893574e-03
3.77548 6.625232945990908867e-03
3.77773 6.631226434565033745e-03
3.78055 6.638725963507361404e-03
3.78281 6.644750143628457700e-03
3.78508 6.650798913536933900e-03
3.7879 6.658365850969487874e-03
3.79016 6.664402454226647440e-03
3.79297 6.671951294002897298e-03
3.79523 6.677998477765427141e-03
3.79805 6.685534764550785450e-03
3.80031 6.691535763320477330e-03
3.80257 6.697515737105536569e-03
3.80539 6.704975599491841756e-03
3.80765 6.710941875592060443e-03
3.81047 6.718403472133521910e-03
3.81273 6.724381839780425515e-03
3.81555 6.731867254417126141e-03
3.81781 6.737849725243857772e-03
3.82006 6.743841782758447888e-03
3.82288 6.751348150927726811e-03
3.82514 6.757360770167458036e-03
3.82796 6.764884976778612509e-03
3.83022 6.770912325429807692e-03
3.83305 6.778441359524097626e-03
3.8353 6.784455745533608806e-03
3.83756 6.790479747821761419e-03
3.84038 6.798028703817186186e-03
3.84263 6.804092846679148966e-03
3.84546 6.811712902768486851e-03
3.84772 6.817817252628988363e-03
3.85054 6.825410557702103753e-03
3.8528 6.831429061898003190e-03
3.85506 6.837384547262292077e-03
3.85789 6.844739788589385490e-03
3.86014 6.850589113675863671e-03
3.86297 6.857917447796240892e-03
3.86524 6.863799546476995889e-03
3.86806 6.871162560658024450e-03
3.87032 6.877063409773966594e-03
3.87258 6.882979083079950912e-03
3.8754 6.890392350169083358e-03
3.87766 6.896333345602940514e-03
3.88049 6.903799680668267803e-03
3.88276 6.909772070776503371e-03
3.88502 6.915719663562195502e-03
3.88784 6.923136228767280166e-03
3.8901 6.929061132347705092e-03
3.89292 6.936464670933592362e-03
3.89518 6.942404757824243572e-03
3.89801 6.949889345430721246e-03
3.90028 6.955910313860057780e-03
3.90254 6.961938572487447185e-03
3.90537 6.969466024749085276e-03
3.90763 6.975425376795746021e-03
3.91045 6.982716328118430786e-03
3.91271 6.988442989308994192e-03
3.91555 6.995508991540566775e-03
3.91782 7.001114652656304990e-03
3.92009 7.006727988433237089e-03
3.92294 7.013782372725313810e-03
3.92519 7.019416973919299051e-03
3.92801 7.026486613254623488e-03
3.93028 7.032175292044020795e-03
3.93255 7.037879846668398942e-03
3.9354 7.045042906115663896e-03
3.93768 7.050802624586276907e-03
3.94054 7.057973771018008491e-03
3.9428 7.063636276857149059e-03
3.94506 7.069280421204650854e-03
3.94789 7.076323783308561058e-03
3.95015 7.081948476447588216e-03
3.95299 7.089002336049038053e-03
3.95527 7.094675039124595864e-03
3.95754 7.100374444621601264e-03
3.96037 7.107519617392113638e-03
3.96263 7.113262690941811114e-03
3.96546 7.120413925233566761e-03
3.96772 7.126017645921476143e-03
3.97055 7.132834715995321415e-03
3.97282 7.138134575632982225e-03
3.97509 7.143318898722204359e-03
3.97793 7.149750660368302431e-03
3.9802 7.154912224120257326e-03
3.98302 7.161367309434615164e-03
3.98528 7.166542628696291779e-03
3.98755 7.171718546846108863e-03
3.99038 7.178251087595605325e-03
3.99265 7.183525418402249979e-03
3.99549 7.190128879024958349e-03
3.99776 7.195396160734653622e-03
4.00002 7.200636100914458056e-03
4.00284 7.207152671736756153e-03
4.00511 7.212334998847449129e-03
4.00793 7.218777840624598582e-03
4.0102 7.223922718374744915e-03
4.01303 7.230351694070108991e-03
4.0153 7.235503388176891572e-03
4.01756 7.240683808632289095e-03
4.02039 7.247226837890558861e-03
4.02266 7.252511030062985635e-03
4.02548 7.259142479635165464e-03
4.02775 7.264426774710639433e-03
4.03001 7.269618797025795449e-03
4.03285 7.275895779598939329e-03
4.03512 7.280740969205019147e-03
4.03795 7.286583632395985527e-03
4.04021 7.291142161408759211e-03
4.04304 7.296845321778900120e-03
4.04531 7.301436491175677078e-03
4.04758 7.306053541905709395e-03
4.05041 7.311849579294827858e-03
4.05267 7.316507067001432052e-03
4.0555 7.322289523912724023e-03
4.05776 7.326932425771557310e-03
4.06003 7.331600273737711067e-03
4.06286 7.337426237318461081e-03
4.06512 7.342069485396718158e-03
4.06795 7.347834938166304328e-03
4.07022 7.352407891040975418e-03
4.07306 7.358079713567937385e-03
4.07532 7.362588861962635588e-03
4.07759 7.367079976008319639e-03
4.08042 7.372704823248215147e-03
4.08268 7.377249592208713277e-03
4.08552 7.383004571261809861e-03
4.08779 7.387651138369516653e-03
4.09005 7.392304661621610512e-03
4.09288 7.398088761864275373e-03
4.09515 7.402637032776359857e-03
4.09798 7.408101345413152343e-03
4.10025 7.412291328044127992e-03
4.10251 7.416337740563516169e-03
4.10535 7.421235589153040574e-03
4.10762 7.425107241800818318e-03
4.11046 7.429937372440856107e-03
4.11273 7.433794102223826271e-03
4.11556 7.438627920453778908e-03
4.11783 7.442508075587082189e-03
4.12009 7.446398104920975460e-03
4.12293 7.451249981646384038e-03
4.12519 7.455074838613858813e-03
4.12803 7.459857140277035940e-03
4.13029 7.463723900454911388e-03
4.13256 7.467601922315701170e-03
4.1354 7.472423931405779499e-03
4.13768 7.476235979869359609e-03
4.14051 7.480930536086563380e-03
4.14278 7.484645413140322140e-03
4.14505 7.488347218715930148e-03
4.14789 7.492977943345365856e-03
4.15017 7.496691425119899992e-03
4.153 7.501348026333224360e-03
4.15526 7.505087710381323773e-03
4.15754 7.508835535143051562e-03
4.16038 7.513495634370364641e-03
4.16264 7.517165713018466450e-03
4.16548 7.521580525641778300e-03
4.16774 7.524965888948217767e-03
4.17002 7.528228416526668715e-03
4.17286 7.532136297973733401e-03
4.17513 7.535151389174807313e-03
4.17798 7.538873790561163163e-03
4.18024 7.541821393802037622e-03
4.18251 7.544758828484750789e-03
4.18535 7.548438705708944603e-03
4.18762 7.551401593902990275e-03
4.19046 7.555121048857070878e-03
4.19273 7.558094869072867067e-03
4.19556 7.561771010855469419e-03
4.19784 7.564657504000340399e-03
4.20011 7.567515475705204747e-03
4.20295 7.571122676096657400e-03
4.20522 7.574033955984061858e-03
4.20805 7.577655484699143650e-03
4.21032 7.580486961324992695e-03
4.21259 7.583275679255774455e-03
4.21543 7.586724803124591555e-03
4.21771 7.589468259899184027e-03
4.22054 7.592887160000303358e-03
4.22281 7.595626861143608098e-03
4.22508 7.598372000766865676e-03
4.22792 7.601791554937833637e-03
4.23019 7.604498626770208117e-03
4.23302 7.607774297690379599e-03
4.23529 7.610270181227951625e-03
4.23757 7.612655893534248618e-03
4.24041 7.615475988982411612e-03
4.24268 7.617600480889726890e-03
4.24552 7.620152020185544904e-03
4.24778 7.622160012947474042e-03
4.25005 7.624153093736148017e-03
4.25289 7.626641707978419789e-03
4.25516 7.628642636014869825e-03
4.258 7.631179668553645691e-03
4.26026 7.633249679768783734e-03
4.26253 7.635338114051683223e-03
4.26537 7.637948129231824333e-03
4.26765 7.640008938535332132e-03
4.27049 7.642522182255410100e-03
4.27276 7.644469681310587898e-03
4.27503 7.646355827348390831e-03
4.27787 7.648710171038756479e-03
4.28013 7.650628224755931343e-03
4.28297 7.653029788781889192e-03
4.28525 7.654871638996300909e-03
4.28751 7.656656242356493780e-03
4.29035 7.658825930844226533e-03
4.29262 7.660544931630514087e-03
4.29546 7.662694058590741909e-03
4.29773 7.664372879595689712e-03
4.3 7.665989349559168727e-03
4.30284 7.667904603301553372e-03
4.30511 7.669339886862795719e-03
4.30796 7.670993538911283736e-03
4.31023 7.672194012137356460e-03
4.31251 7.673317140377756973e-03
4.31535 7.674670098189623722e-03
4.31761 7.675724547420735566e-03
4.32045 7.677026670016119832e-03
4.32272 7.678069028504755887e-03
4.32556 7.679401891227578478e-03
4.32783 7.680522554624036324e-03
4.3301 7.681686389272053030e-03
4.33294 7.683186860655392275e-03
4.33521 7.684407023232080192e-03
4.33806 7.685915000485149876e-03
4.34033 7.687072946210343240e-03
4.34261 7.688176693460865678e-03
4.34544 7.689473690256147000e-03
4.34771 7.690454564097836364e-03
4.35055 7.691628205792789760e-03
4.35283 7.692537668283923151e-03
4.3551 7.693425621480283298e-03
4.35793 7.694499941871108493e-03
4.3602 7.695342800395612616e-03
4.36304 7.696366983798533581e-03
4.36532 7.697147277048738655e-03
4.36759 7.697868645322247967e-03
4.37043 7.698694890821029639e-03
4.37271 7.699284874741620099e-03
4.37555 7.699946219436419603e-03
4.37782 7.700439645734588091e-03
4.3801 7.700914905233537111e-03
4.38294 7.701485379529318664e-03
4.38521 7.701924150285461776e-03
4.38805 7.702448341136253554e-03
4.39032 7.702856917226843202e-03
4.39259 7.703271797729819084e-03
4.39544 7.703842633607341749e-03
4.39771 7.704343650319289520e-03
4.40055 7.705021897535701408e-03
4.40282 7.705602257570713653e-03
4.4051 7.706210235255432986e-03
4.40794 7.706972482687661843e-03
4.41022 7.707557334213194743e-03
4.41306 7.708246061697242128e-03
4.41533 7.708758585205975275e-03
4.4176 7.709232818177514344e-03
4.42045 7.709767691451703368e-03
4.42272 7.710150857672595955e-03
4.42556 7.710580636642335936e-03
4.42783 7.710891370588274576e-03
4.43011 7.711177046743187061e-03
4.43295 7.711500461541778359e-03
4.43523 7.711733910748762993e-03
4.43807 7.711997324080011908e-03
4.44034 7.712188847079228839e-03
4.44262 7.712368058780165458e-03
4.44546 7.712570639570468824e-03
4.44774 7.712698363979052230e-03
4.45001 7.712793817847661028e-03
4.45285 7.712911204948028412e-03
4.45512 7.713028588454087786e-03
4.45797 7.713197843641133276e-03
4.46025 7.713368925630356178e-03
4.46253 7.713589043201581064e-03
4.46537 7.713933954060990875e-03
4.46764 7.714264050387971763e-03
4.47048 7.714741002624950390e-03
4.47276 7.715167800756877678e-03
4.47504 7.715625306444837649e-03
4.47788 7.716228190006451000e-03
4.48015 7.716705623591551579e-03
4.48299 7.717291047084107701e-03
4.48526 7.717747977672935293e-03
4.48755 7.718190219574228364e-03
4.4904 7.718712098643045957e-03
4.49267 7.719097735745434480e-03
4.49551 7.719541298803789774e-03
4.49779 7.719867657406793114e-03
4.50007 7.720170924887110632e-03
4.50292 7.720524786498163781e-03
4.50519 7.720794395476015225e-03
4.50803 7.721123686360578491e-03
4.51031 7.721386577328288696e-03
4.51258 7.721653295567734547e-03
4.51543 7.721998014267232244e-03
4.51771 7.722285585490422377e-03
4.52056 7.722659949582218186e-03
4.52283 7.722969405549133873e-03
4.5251 7.723285503458164787e-03
4.52795 7.723698538778231426e-03
4.53023 7.724059721116409774e-03
4.53251 7.724465686008427819e-03
4.53535 7.725044002939319282e-03
4.53763 7.725547797670370871e-03
4.54047 7.726232713075095043e-03
4.54275 7.726828548765238801e-03
4.54503 7.727468387138644416e-03
4.54788 7.728327274663701618e-03
4.55015 7.729043499406585208e-03
4.55299 7.729964102219044619e-03
4.55527 7.730720263989773570e-03
4.55756 7.731487234662900651e-03
4.5604 7.732452875854477388e-03
4.56268 7.733226236310021193e-03
4.56552 7.734188635540170317e-03
4.5678 7.734950063716172948e-03
4.57007 7.735705976662524130e-03
4.57292 7.736650660853451253e-03
4.5752 7.737406288989615716e-03
4.57805 7.738352623394327903e-03
4.58033 7.739115550450138131e-03
4.58261 7.739888700993559530e-03
4.58547 7.740874715347295307e-03
4.58775 7.741681230385710766e-03
4.59002 7.742505072788722319e-03
4.59287 7.743567496308194006e-03
4.59514 7.744446998065902810e-03
4.59799 7.745586841886893149e-03
4.60027 7.746539260965372778e-03
4.60255 7.747536672823954716e-03
4.6054 7.748850131320695472e-03
4.60767 7.749957345838972070e-03
4.61052 7.751416788284829461e-03
4.61281 7.752645430232203878e-03
4.61509 7.753919498529854293e-03
4.61794 7.755563860958907506e-03
4.62022 7.756921518908914057e-03
4.62306 7.758669109481849090e-03
4.62534 7.760103640211482752e-03
4.62762 7.761567395665900683e-03
4.63047 7.763434289669860627e-03
4.63275 7.764949596662793115e-03
4.63503 7.766473824375165654e-03
4.63787 7.768394012127785402e-03
4.64015 7.769941318831027378e-03
4.64301 7.771880443677695385e-03
4.64529 7.773437518074708362e-03
4.64757 7.774999488824152483e-03
4.65042 7.776961658275478168e-03
4.6527 7.778540763939630759e-03
4.65555 7.780531419907445873e-03
4.65783 7.782144863155196143e-03
4.66012 7.783777327421932853e-03
4.66296 7.785845951364772123e-03
4.66524 7.787530403996953052e-03
4.66752 7.789250391985249981e-03
4.67037 7.791460375576332240e-03
4.67265 7.793273980258160101e-03
4.6755 7.795599242566545253e-03
4.67778 7.797510757640684249e-03
4.68006 7.799466824073200862e-03
4.68291 7.801977101620666613e-03
4.68519 7.804042141739639740e-03
4.68805 7.806693794252867434e-03
4.69034 7.808862414905966970e-03
4.69261 7.811062801465333029e-03
4.69545 7.813865768200402295e-03
4.69774 7.816153101760824756e-03
4.70002 7.818469306538632785e-03
4.70287 7.821399526966700891e-03
4.70515 7.823771645843004274e-03
4.708 7.826765265859143145e-03
4.71028 7.829177999091243428e-03
4.71256 7.831607190091040976e-03
4.71542 7.834681001957716565e-03
4.71771 7.837153984696816622e-03
4.72056 7.840251236959468878e-03
4.72284 7.842737999361805781e-03
4.72512 7.845233325919713160e-03
4.72797 7.848366870262073192e-03
4.73025 7.850889748504596630e-03
4.73253 7.853433496692810087e-03
4.73539 7.856644038313523662e-03
4.73767 7.859232643097084983e-03
4.74051 7.862513183973315542e-03
4.74279 7.865187349882066942e-03
4.74508 7.867904531555789185e-03
4.74794 7.871359809193923321e-03
4.75022 7.874172096752642819e-03
4.7525 7.877028202243769803e-03
4.75535 7.880648676499280719e-03
4.75763 7.883591079724083794e-03
4.76049 7.887337834458069824e-03
4.76278 7.890378182013818922e-03
4.76506 7.893443161856580209e-03
4.76791 7.897306795097378332e-03
4.77019 7.900431807716705446e-03
4.77304 7.904382770804322875e-03
4.77532 7.907570487206696044e-03
4.77761 7.910782979059449715e-03
4.78046 7.914828725618489394e-03
4.78274 7.918080523860879238e-03
4.78502 7.921347913316095085e-03
4.78787 7.925460949097304711e-03
4.79016 7.928775187275985403e-03
4.79302 7.932935041170950663e-03
4.7953 7.936272603345419924e-03
4.79758 7.939621983375069747e-03
4.80043 7.943825034227143533e-03
4.80272 7.947202883808247506e-03
4.80557 7.951454037770170832e-03
4.80786 7.954880088079853417e-03
4.81014 7.958325691125004916e-03
4.81299 7.962656111429315675e-03
4.81527 7.966151676046520289e-03
4.81755 7.969682608491164208e-03
4.8204 7.974137362416580319e-03
4.82269 7.977742135811420610e-03
4.82555 7.982290380472789951e-03
4.82784 7.985951327751920903e-03
4.83012 7.989629233795024835e-03
4.83297 7.994257643417610262e-03
4.83526 7.997985161982568841e-03
4.83754 8.001730491557388844e-03
4.84039 8.006432399495404598e-03
4.84267 8.010210866166204979e-03
4.84552 8.014951905695674034e-03
4.8478 8.018759422984160154e-03
4.85008 8.022584210300793411e-03
4.85294 8.027396502192375369e-03
4.85523 8.031262264314581456e-03
4.85751 8.035135612544304015e-03
4.86037 8.039995944449842419e-03
4.86265 8.043895215367495230e-03
4.8655 8.048783870249952288e-03
4.86778 8.052716678882491583e-03
4.87008 8.056669364413024739e-03
4.87294 8.061618649066890074e-03
4.87522 8.065574475343152694e-03
4.8775 8.069540345901333664e-03
4.88036 8.074516623965969503e-03
4.88264 8.078512411347753969e-03
4.8855 8.083531667257060072e-03
4.88779 8.087566049918070571e-03
4.89008 8.091610870257098104e-03
4.89292 8.096671122223470657e-03
4.8952 8.100733156879855179e-03
4.89806 8.105842847355056169e-03
4.90035 8.109939738169650442e-03
4.90264 8.114046760280577836e-03
4.9055 8.119187755302044798e-03
4.90779 8.123296685371343348e-03
4.91007 8.127400539142836181e-03
4.91293 8.132533154668226960e-03
4.91521 8.136644510721985704e-03
4.91807 8.141786351241984965e-03
4.92035 8.145897006852451799e-03
4.92263 8.150010761291806571e-03
4.92549 8.155156257229080261e-03
4.92777 8.159276129985329820e-03
4.93005 8.163404635380245786e-03
4.93291 8.168587902617320887e-03
4.93521 8.172737851559549668e-03
4.93806 8.177912119007467798e-03
4.94035 8.182052019033873858e-03
4.94263 8.186187413012623385e-03
4.94548 8.191351931520327381e-03
4.94777 8.195490704121009481e-03
4.95006 8.199636404479796609e-03
4.95293 8.204808400767477430e-03
4.95521 8.208927888087700145e-03
4.95807 8.214072117831781872e-03
4.96036 8.218187108288097301e-03
4.96264 8.222299647474852133e-03
4.9655 8.227440674581795732e-03
4.96779 8.231551463190139167e-03
4.97008 8.235654597312451475e-03
4.97293 8.240759416069760521e-03
4.97521 8.244829869850641563e-03
4.97806 8.249907211891102654e-03
4.98035 8.253953331261264584e-03
4.98265 8.258003050055875982e-03
4.98552 8.263051533285331249e-03
4.98781 8.267061057033134319e-03
4.9901 8.271043491459462160e-03
4.99295 8.276000937272485689e-03
4.99524 8.279951495489455693e-03
4.99752 8.283889841836550999e-03
5.00038 8.288805208568346405e-03
5.00267 8.292726427866065758e-03
5.00553 8.297600919911397518e-03
5.00781 8.301481471967343123e-03
5.01009 8.305352492362258823e-03
5.01295 8.310182842827897043e-03
5.01524 8.314030127096692577e-03
5.01753 8.317867214369686554e-03
5.0204 8.322637163029217647e-03
5.02269 8.326420575743866820e-03
5.02554 8.331114706120081384e-03
5.02783 8.334845150642285552e-03
5.03011 8.338552808800709509e-03
5.03297 8.343155277335284614e-03
5.03527 8.346817742344157798e-03
5.03756 8.350454469516937692e-03
5.04042 8.354950604286554700e-03
5.0427 8.358514850040370606e-03
5.04556 8.362937397302486892e-03
5.04785 8.366446306000519667e-03
5.05014 8.369925102455553004e-03
5.05301 8.374229451742242966e-03
5.0553 8.377637432844540002e-03
5.05758 8.381003410439171949e-03
5.06043 8.385165868130857111e-03
5.06272 8.388465748356329493e-03
5.06501 8.391735721355653155e-03
5.06787 8.395785878416313006e-03
5.07017 8.398999258122551853e-03
5.07304 8.402968234696899311e-03
5.07533 8.406095376553804344e-03
5.07761 8.409192673787764527e-03
5.08047 8.413024584751798915e-03
5.08276 8.416056704334918398e-03
5.08505 8.419061234523333298e-03
5.08791 8.422776015145509720e-03
5.0902 8.425707502519811515e-03
5.09306 8.429311787989885243e-03
5.09534 8.432153513798459898e-03
5.09763 8.434962361201964881e-03
5.10049 8.438414927397221502e-03
5.10278 8.441134511429290721e-03
5.10508 8.443810759978596925e-03
5.10795 8.447084541259071086e-03
5.11023 8.449643300434865958e-03
5.11252 8.452153890730619915e-03
5.11538 8.455224372025322774e-03
5.11766 8.457625585141214861e-03
5.12053 8.460567874137053107e-03
5.12283 8.462867415005598248e-03
5.12512 8.465112256952768421e-03
5.12798 8.467842147860921154e-03
5.13027 8.469969529404684089e-03
5.13255 8.472046990370855207e-03
5.13542 8.474572870820599318e-03
5.13771 8.476543207765314947e-03
5.14001 8.478463264208525169e-03
5.14287 8.480788429538532736e-03
5.14516 8.482590657052126171e-03
5.14802 8.484774158353044701e-03
5.1503 8.486465656559244800e-03
5.15259 8.488109032210417251e-03
5.15546 8.490104909486765467e-03
5.15776 8.491646769400026593e-03
5.16005 8.493136814143830565e-03
5.16291 8.494928322465103779e-03
5.1652 8.496302811602672936e-03
5.16806 8.497945676108805899e-03
5.17035 8.499200099736063316e-03
5.17264 8.500400482297170920e-03
5.1755 8.501819167187989884e-03
5.17779 8.502885750585055871e-03
5.18008 8.503889602654406132e-03
5.18294 8.505051793349835063e-03
5.18522 8.505905937618888149e-03
5.18751 8.506692723705756506e-03
5.19038 8.507580997254137606e-03
5.19267 8.508212431104337364e-03
5.19554 8.508901976002790010e-03
5.19783 8.509373942539916538e-03
5.20012 8.509774554869701732e-03
5.20298 8.510176545436615517e-03
5.20526 8.510419976769177663e-03
5.20755 8.510594396226346670e-03
5.21041 8.510716144328387550e-03
5.21271 8.510737196773048366e-03
5.215 8.510690920327308728e-03
5.21787 8.510540047529380203e-03
5.22016 8.510346038055564138e-03
5.22302 8.510013049536085603e-03
5.22531 8.509675220269276308e-03
5.2276 8.509274081489878044e-03
5.23048 8.508682282042268064e-03
5.23279 8.508138605376065408e-03
5.23508 8.507535346939095605e-03
5.23795 8.506693761654901542e-03
5.24024 8.505951149689433902e-03
5.24252 8.505145026618999085e-03
5.24539 8.504043896106396744e-03
5.24768 8.503085275874558077e-03
5.25055 8.501787872701352389e-03
5.25284 8.500667847299348684e-03
5.25513 8.499472841512733731e-03
5.25799 8.497874339905696350e-03
5.26028 8.496507550029092082e-03
5.26257 8.495057956889278186e-03
5.26544 8.493126829883733062e-03
5.26773 8.491486492393632290e-03
5.27003 8.489759478540517476e-03
5.27289 8.487478936716637973e-03
5.27518 8.485562605911380410e-03
5.27804 8.483046021999621905e-03
5.28033 8.480935625336263883e-03
5.28262 8.478740232818774911e-03
5.28549 8.475874426130939124e-03
5.28778 8.473484079375091446e-03
5.29008 8.471012829159622892e-03
5.29294 8.467825676908208310e-03
5.29523 8.465189901331198613e-03
5.29752 8.462476929887281785e-03
5.30038 8.458982557992024420e-03
5.30268 8.456106970409535406e-03
5.30554 8.452415470058479569e-03
5.30784 8.449387207924721754e-03
5.31013 8.446292758831377284e-03
5.313 8.442335278260163639e-03
5.31529 8.439101993310901481e-03
5.31758 8.435798802486588893e-03
5.32044 8.431566246671065232e-03
5.32274 8.428099404505168604e-03
5.32504 8.424557747146527859e-03
5.32793 8.420010348989037663e-03
5.33024 8.416293440465065501e-03
5.33254 8.412519659834158045e-03
5.33542 8.407701989003724466e-03
5.33771 8.403779562192020477e-03
5.34 8.399788248711107311e-03
5.34287 8.394694103592208884e-03
5.34516 8.390533142074513978e-03
5.34803 8.385221664867041624e-03
5.35032 8.380877874492769983e-03
5.35261 8.376448126823737156e-03
5.35548 8.370799288005872571e-03
5.35776 8.366187466998417990e-03
5.36006 8.361485836750627218e-03
5.36293 8.355485558091147250e-03
5.36523 8.350588929345764341e-03
5.36754 8.345592880950280373e-03
5.37043 8.339242978315761917e-03
5.37272 8.334117192029665000e-03
5.37502 8.328924340214467412e-03
5.37788 8.322355193279489666e-03
5.38017 8.317038842331340651e-03
5.38303 8.310305552029087842e-03
5.38533 8.304848739911272967e-03
5.38763 8.299343712319134925e-03
5.39049 8.292417000699603413e-03
5.39278 8.286820898420850165e-03
5.39507 8.281175760143840228e-03
5.39794 8.274055622503261390e-03
5.40023 8.268297678628598602e-03
5.40254 8.262484881089920269e-03
5.40541 8.255163708988226892e-03
5.40772 8.249264314139918147e-03
5.41002 8.243328419348976838e-03
5.41289 8.235884412558992784e-03
5.41518 8.229896589409606625e-03
5.41804 8.222370621202762520e-03
5.42033 8.216315410887518531e-03
5.42263 8.210222098907765317e-03
5.4255 8.202540152138299706e-03
5.42779 8.196355898364461601e-03
5.43011 8.190093234730041680e-03
5.433 8.182215186286206574e-03
5.43531 8.175884369563745507e-03
5.43762 8.169523007330311420e-03
5.4405 8.161528850449718819e-03
5.44281 8.155102407044104162e-03
5.44511 8.148643963040658189e-03
5.44798 8.140558714635788909e-03
5.45028 8.134058753598101890e-03
5.45257 8.127532353579125859e-03
5.45544 8.119337573771073097e-03
5.45773 8.112760451647460860e-03
5.46003 8.106169277187458624e-03
5.46289 8.097908092710029773e-03
5.46519 8.091278338374153709e-03
5.46806 8.082985371687490678e-03
5.47037 8.076330554040236920e-03
5.47267 8.069680437495492173e-03
5.47555 8.061368291631367672e-03
5.47786 8.054723058630045007e-03
5.48017 8.048094519950513628e-03
5.48304 8.039849381905741360e-03
5.48534 8.033272061662870278e-03
5.48764 8.026731786157896217e-03
5.49051 8.018586269810737410e-03
5.4928 8.012092880627421851e-03
5.4951 8.005624482341247919e-03
5.49796 7.997583466216862808e-03
5.50026 7.991189394539029156e-03
5.50255 7.984825757716943959e-03
5.50542 7.976905897990960517e-03
5.50771 7.970604926532981471e-03
5.51002 7.964313273254881170e-03
5.5129 7.956483086348463407e-03
5.51521 7.950236743156610317e-03
5.51753 7.944004092725937341e-03
5.52042 7.936265219542869634e-03
5.52272 7.930139455789802713e-03
5.52503 7.924042183513814452e-03
5.5279 7.916480376309258105e-03
5.53019 7.910466973232445700e-03
5.53306 7.902990930293889160e-03
5.53535 7.897044405457938690e-03
5.53765 7.891125673949582475e-03
5.54053 7.883758991729071519e-03
5.54283 7.877903056019335340e-03
5.54513 7.872066905032011619e-03
5.54801 7.864817451809575505e-03
5.55033 7.859039858754645475e-03
5.55264 7.853295007548211776e-03
5.55554 7.846167853984599427e-03
5.55786 7.840510608614553040e-03
5.56018 7.834900520781668334e-03
5.56307 7.827973288880846550e-03
5.56538 7.822490098668054281e-03
5.56769 7.817079185673061342e-03
5.57057 7.810402419114835862e-03
5.57287 7.805131900210008841e-03
5.57517 7.799922716484995397e-03
5.57804 7.793489594315176731e-03
5.58034 7.788407425893363774e-03
5.58263 7.783382454962112403e-03
5.58551 7.777170852169138990e-03
5.58782 7.772267291794743120e-03
5.59012 7.767412265762160990e-03
5.59302 7.761414266876820456e-03
5.59534 7.756682716073451389e-03
5.59766 7.752005524413778208e-03
5.60056 7.746243152500414085e-03
5.60287 7.741714599891070213e-03
5.60518 7.737243245403730742e-03
5.60807 7.731740758207004960e-03
5.61037 7.727404421213088931e-03
5.61268 7.723124334121364738e-03
5.61555 7.717858119026291611e-03
5.61785 7.713701875075113824e-03
5.62015 7.709596699981263908e-03
5.62302 7.704532641555918680e-03
5.62532 7.700537319084988820e-03
5.62762 7.696588995900001222e-03
5.63049 7.691715708865131534e-03
5.63279 7.687866310283594622e-03
5.63509 7.684063159341124154e-03
5.63797 7.679355039805047835e-03
5.64027 7.675637668659317930e-03
5.64258 7.671962970609401931e-03
5.64546 7.667431843283436729e-03
5.64777 7.663857086359986484e-03
5.65008 7.660327531563692130e-03
5.65296 7.655980272299010327e-03
5.65527 7.652552471065203303e-03
5.65759 7.649173634075408061e-03
5.66047 7.645031979492017925e-03
5.66277 7.641777935348486803e-03
5.66507 7.638577730751233523e-03
5.66794 7.634653733586419834e-03
5.67024 7.631573454333412040e-03
5.67254 7.628545239599071083e-03
5.67542 7.624835001993631768e-03
5.67773 7.621918036338625781e-03
5.68004 7.619053847907562502e-03
5.68292 7.615544611371824826e-03
5.68522 7.612793831709253195e-03
5.68753 7.610091859477969949e-03
5.69041 7.606782424168962407e-03
5.69272 7.604189939309662950e-03
5.69503 7.601639201835192101e-03
5.69792 7.598515055909118611e-03
5.70024 7.596057075788482937e-03
5.70256 7.593637888786741556e-03
5.70546 7.590670310632301881e-03
5.70778 7.588340283183462633e-03
5.7101 7.586048508943634382e-03
5.713 7.583243580955486771e-03
5.71531 7.581040245845955400e-03
5.71762 7.578876776324111782e-03
5.7205 7.576219155863104897e-03
5.72281 7.574129309921880451e-03
5.72511 7.572070853507051683e-03
5.72799 7.569537832610863382e-03
5.73029 7.567546200824832106e-03
5.73259 7.565584057416405162e-03
5.73547 7.563168964390377773e-03
5.73778 7.561267877377037330e-03
5.74009 7.559392391071755556e-03
5.74298 7.557083930514271568e-03
5.74529 7.555266305860626475e-03
5.7476 7.553471982778173048e-03
5.7505 7.551267417563832865e-03
5.75282 7.549532532809442691e-03
5.75514 7.547825855607820031e-03
5.75804 7.545729767446253400e-03
5.76037 7.544084473999849300e-03
5.7627 7.542469426967467888e-03
5.76502 7.540885020735359386e-03
5.76793 7.538948511633615859e-03
5.77025 7.537440241523351084e-03
5.77256 7.535963177899235831e-03
5.77546 7.534163225103801022e-03
5.77777 7.532758606489199649e-03
5.78008 7.531383666531389111e-03
5.78296 7.529706680204362179e-03
5.78527 7.528395755748775418e-03
5.78757 7.527113280859168594e-03
5.79045 7.525546862700067778e-03
5.79276 7.524321537607498063e-03
5.79506 7.523118836152164514e-03
5.79794 7.521644344381277041e-03
5.80024 7.520486701570804761e-03
5.80255 7.519348623435557002e-03
5.80543 7.517951515297723909e-03
5.80773 7.516853685510653006e-03
5.81004 7.515771454846120053e-03
5.81292 7.514440815362804886e-03
5.81523 7.513392478416918742e-03
5.81754 7.512359191487313556e-03
5.82043 7.511090488297900158e-03
5.82275 7.510092603743740228e-03
5.82506 7.509107146200350545e-03
5.82795 7.507891118901170203e-03
5.83026 7.506929871335138449e-03
5.83257 7.505978022643769627e-03
5.83547 7.504801202927672242e-03
5.83778 7.503870829696672635e-03
5.8401 7.502949042219182220e-03
5.84299 7.501809442466463550e-03
5.84531 7.500906868275542504e-03
5.84763 7.500012501199827646e-03
5.85052 7.498907684449015662e-03
5.85284 7.498033930964017983e-03
5.85515 7.497168868228850161e-03
5.85803 7.496100905962606482e-03
5.86034 7.495256386600954862e-03
5.86265 7.494421711804235588e-03
5.86553 7.493391680205957819e-03
5.86784 7.492579197450207305e-03
5.87014 7.491777974610766035e-03
5.87303 7.490792917885502437e-03
5.87534 7.490018694254874272e-03
5.87765 7.489258121515619988e-03
5.88054 7.488326294522527037e-03
5.88285 7.487596840068604966e-03
5.88516 7.486881791559086424e-03
5.88805 7.486007588500142099e-03
5.89036 7.485323251744476283e-03
5.89268 7.484651759329282762e-03
5.89557 7.483829781342422188e-03
5.89788 7.483185183608334103e-03
5.9002 7.482552566827386197e-03
5.90251 7.481930813588095683e-03
5.90541 7.481168561015465700e-03
5.90773 7.480569373692198994e-03
5.91005 7.479978833983874989e-03
5.91296 7.479252830324994127e-03
5.91528 7.478680959073009081e-03
5.91761 7.478116497398269204e-03
5.92052 7.477420020929473679e-03
5.92284 7.476869788111426517e-03
5.92517 7.476324802571489639e-03
5.9275 7.475784598335346622e-03
5.93041 7.475115671596822484e-03
5.93275 7.474584716181837188e-03
5.93509 7.474058176461706796e-03
5.938 7.473406781841564726e-03
5.94033 7.472889560929521502e-03
5.94266 7.472375563336571686e-03
5.94556 7.471736645946848616e-03
5.94789 7.471227632128881781e-03
5.95021 7.470720908692238781e-03
5.95252 7.470215623083412658e-03
5.95542 7.469586754822449617e-03
5.95774 7.469085305592259270e-03
5.96005 7.468585401795786553e-03
5.96294 7.467962615084591631e-03
5.96525 7.467465912783078676e-03
5.96756 7.466970915980395557e-03
5.97045 7.466355250522241013e-03
5.97277 7.465868622676031033e-03
5.97508 7.465390312998201709e-03
5.97796 7.464806859455118231e-03
5.98027 7.464352764076850888e-03
5.98258 7.463910456270980015e-03
5.98547 7.463374717568654719e-03
5.98778 7.462960113992423393e-03
5.99009 7.462558292726514247e-03
5.99298 7.462074616299884354e-03
5.99529 7.461702923557608606e-03
5.9976 7.461345157221094954e-03
6.00049 7.460917639179685812e-03
6.0028 7.460591220875080302e-03
6.00511 7.460278436422084110e-03
6.008 7.459905554280751687e-03
6.01032 7.459621217302820316e-03
6.01263 7.459348303560913579e-03
6.01553 7.459022289702534579e-03
6.01785 7.458772572943851015e-03
6.02017 7.458531942040907102e-03
6.02306 7.458243174017139925e-03
6.02538 7.458021111011735836e-03
6.0277 7.457806637281697015e-03
6.03002 7.457599520930440797e-03
6.03292 7.457350786408769444e-03
6.03524 7.457159893756903218e-03
6.03756 7.456976318784126409e-03
6.04046 7.456757475016164045e-03
6.04279 7.456591168567486619e-03
6.04511 7.456433141217152713e-03
6.04802 7.456247614866197068e-03
6.05034 7.456109340848573151e-03
6.05267 7.455980286811166903e-03
6.055 7.455860643042845452e-03
6.05791 7.455724477392755914e-03
6.06025 7.455626001696405089e-03
6.06258 7.455536753704940060e-03
6.0655 7.455437819577439423e-03
6.06783 7.455368325717978174e-03
6.07016 7.455307144677292275e-03
6.07307 7.455243529881297113e-03
6.0754 7.455204676126211440e-03
6.07772 7.455175721337836334e-03
6.08005 7.455156041407752336e-03
6.08295 7.455144042488013462e-03
6.08527 7.455144447998334964e-03
6.08759 7.455153928507579804e-03
6.09049 7.455179091048338286e-03
6.09281 7.455210518883419180e-03
6.09512 7.455252678554756540e-03
6.09802 7.455321632292342612e-03
6.10034 7.455390727504962629e-03
6.10265 7.455473150756353369e-03
6.10554 7.455596232626315878e-03
6.10786 7.455711859311840717e-03
6.11017 7.455843716565776526e-03
6.11306 7.456032553491184767e-03
6.11538 7.456203787222016530e-03
6.11769 7.456393650084562098e-03
6.12 7.456602686737664673e-03
6.12289 7.456891471072617759e-03
6.12521 7.457144644990152185e-03
6.12752 7.457417372149876059e-03
6.13041 7.457783364414345868e-03
6.13272 7.458081283792069791e-03
6.13504 7.458378537477899743e-03
6.13793 7.458748761027353402e-03
6.14025 7.459044323180108287e-03
6.14256 7.459340168353922884e-03
6.14546 7.459712301068317265e-03
6.14777 7.460013675142197070e-03
6.15009 7.460320014185534143e-03
6.15299 7.460712857218198754e-03
6.1553 7.461037021213950092e-03
6.15762 7.461372024728124899e-03
6.16052 7.461808332015680903e-03
6.16284 7.462173240921510069e-03
6.16517 7.462553439918765720e-03
6.16807 7.463051312555684519e-03
6.17039 7.463468477785005148e-03
6.17271 7.463902920740646610e-03
6.17503 7.464354654889190054e-03
6.17793 7.464944012628651863e-03
6.18025 7.465435107492773663e-03
6.18257 7.465943394089978591e-03
6.18547 7.466602600489936556e-03
6.18778 7.467148366003311701e-03
6.1901 7.467710199228997682e-03
6.19299 7.468434055677048398e-03
6.19531 7.469029940359275116e-03
6.19763 7.469640147944908541e-03
6.20052 7.470422331539916180e-03
6.20283 7.471063129430912178e-03
6.20515 7.471716704552932263e-03
6.20804 7.472551192303072791e-03
6.21035 7.473232062321102931e-03
6.21267 7.473924385576825521e-03
6.21556 7.474805037709247348e-03
6.21787 7.475521150038089320e-03
6.22018 7.476246477117180593e-03
6.22308 7.477160259152069652e-03
6.22539 7.477898076962911054e-03
6.2277 7.478644181772541033e-03
6.23001 7.479401081979491009e-03
6.2329 7.480366147948704081e-03
6.23522 7.481156080433178437e-03
6.23753 7.481963929929676994e-03
6.24042 7.483001349711432097e-03
6.24273 7.483855114261405220e-03
6.24504 7.484732416955213428e-03
6.24793 7.485861754635196250e-03
6.25025 7.486790955171256437e-03
6.25256 7.487744160548452307e-03
6.25545 7.488970196411559067e-03
6.25776 7.489978139845902654e-03
6.26008 7.491008251803358067e-03
6.26297 7.492325760893087452e-03
6.26528 7.493403108731818731e-03
6.2676 7.494501470681259360e-03
6.27049 7.495905709407066700e-03
6.27281 7.497057913674522872e-03
6.27512 7.498235742794900904e-03
6.27801 7.499743102074406774e-03
6.28033 7.500975998175434672e-03
6.28264 7.502230434083846482e-03
6.28554 7.503825508747703245e-03
6.28786 7.505119419282506484e-03
6.29017 7.506425429264509952e-03
6.29307 7.508074894788153292e-03
6.29539 7.509406062206379524e-03
6.29771 7.510745632437698660e-03
6.30002 7.512091200747166540e-03
6.30292 7.513772994100075854e-03
6.30524 7.515116316479686712e-03
6.30756 7.516459610193581067e-03
6.31045 7.518142111025736575e-03
6.31277 7.519493850611167797e-03
6.31509 7.520852976851719919e-03
6.31799 7.522565816548661306e-03
6.3203 7.523954590485331002e-03
6.32262 7.525370729005972752e-03
6.32552 7.527180662554615841e-03
6.32784 7.528660028011364448e-03
6.33016 7.530166440586689124e-03
6.33305 7.532085922333393684e-03
6.33537 7.533648940189883840e-03
6.33769 7.535235424889438240e-03
6.34001 7.536843748043103690e-03
6.34291 7.538883573898640111e-03
6.34523 7.540537533209749725e-03
6.34755 7.542209956576659269e-03
6.35045 7.544325325370677612e-03
6.35277 7.546035723553990576e-03
6.35509 7.547762114317685921e-03
6.35799 7.549940010733582202e-03
6.36032 7.551698129466266618e-03
6.36264 7.553469092807321879e-03
6.36555 7.555700166493145055e-03
6.36787 7.557498525795655446e-03
6.3702 7.559307706636441554e-03
6.37252 7.561127590458209188e-03
6.37543 7.563416479833062929e-03
6.37775 7.565257268322015359e-03
6.38007 7.567106988122147132e-03
6.38298 7.569431242187077413e-03
6.3853 7.571299894470172494e-03
6.38762 7.573177452850861358e-03
6.39052 7.575535403105440081e-03
6.39284 7.577431892895333983e-03
6.39516 7.579336643039235460e-03
6.39806 7.581730055249369382e-03
6.40038 7.583654482794658855e-03
6.4027 7.585587297339453812e-03
6.40501 7.587528714016347417e-03
6.40791 7.589966049253422595e-03
6.41023 7.591925061207586978e-03
6.41254 7.593891243747426939e-03
6.41544 7.596358819603546593e-03
6.41775 7.598339769453074134e-03
6.42007 7.600324899905358880e-03
6.42296 7.602807221399925791e-03
6.42528 7.604792630466301537e-03
6.42759 7.606777623805699266e-03
6.43048 7.609257570297622841e-03
6.4328 7.611240725091571006e-03
6.43511 7.613224039041268515e-03
6.438 7.615704901711374021e-03
6.44032 7.617691675296128263e-03
6.44263 7.619680658805643055e-03
6.44552 7.622170436698930650e-03
6.44784 7.624165096716698474e-03
6.45015 7.626161958250114899e-03
6.45304 7.628660577727932116e-03
6.45536 7.630660868681282336e-03
6.45767 7.632661928730324202e-03
6.46056 7.635163822065059620e-03
6.46288 7.637164743960351762e-03
6.46519 7.639164482843208495e-03
6.46751 7.641161244171240131e-03
6.4704 7.643651400010539020e-03
6.47272 7.645637977589462772e-03
6.47503 7.647619628130945292e-03
6.47793 7.650091134817166467e-03
6.48024 7.652065829082434212e-03
6.48256 7.654040935115588237e-03
6.48546 7.656509921918025138e-03
6.48777 7.658486330248965267e-03
6.49009 7.660463411302264984e-03
6.49299 7.662935632795843562e-03
6.49531 7.664913915794165956e-03
6.49763 7.666891499946156853e-03
6.50053 7.669363182651559897e-03
6.50285 7.671338020610016066e-03
6.50518 7.673311165570873352e-03
6.5075 7.675281251938624420e-03
6.51041 7.677739051335729335e-03
6.51273 7.679701210454967404e-03
6.51506 7.681658375188457621e-03
6.51796 7.684096672006038992e-03
6.52029 7.686040830674576753e-03
6.52261 7.687978160430338111e-03
6.52552 7.690389726563633642e-03
6.52784 7.692310249468748556e-03
6.53016 7.694222607950318253e-03
6.53307 7.696601424508007702e-03
6.53539 7.698494928032146960e-03
6.53772 7.700379919079998123e-03
6.54004 7.702256411814042275e-03
6.54294 7.704589880585590092e-03
6.54527 7.706446995157204514e-03
6.54759 7.708295492631311169e-03
6.5505 7.710593974892667422e-03
6.55282 7.712423607750677410e-03
6.55515 7.714245022227624038e-03
6.55805 7.716510139356268921e-03
6.56038 7.718313376046928055e-03
6.5627 7.720108177430289043e-03
6.56502 7.721894666571035327e-03
6.56792 7.724117006223228492e-03
6.57024 7.725885552190341239e-03
6.57256 7.727646879379171385e-03
6.57546 7.729837274944161875e-03
6.57778 7.731581280148034502e-03
6.5801 7.733317567229696342e-03
6.583 7.735476993018455469e-03
6.58531 7.737195907051088416e-03
6.58763 7.738906586283662500e-03
6.59053 7.741033923559354456e-03
6.59284 7.742726223728126425e-03
6.59516 7.744410344715938269e-03
6.59805 7.746503468028754710e-03
6.60037 7.748168204825644015e-03
6.60268 7.749824148447641108e-03
6.60558 7.751881297628591440e-03
6.60789 7.753516616725832956e-03
6.61021 7.755142430244381380e-03
6.61252 7.756758384686655676e-03
6.61541 7.758764102081121793e-03
6.61773 7.760356769386047432e-03
6.62005 7.761938410538278196e-03
6.62294 7.763899471990843432e-03
6.62526 7.765454559495913768e-03
6.62757 7.766997459356283356e-03
6.63047 7.768907344778178473e-03
6.63279 7.770420274174820972e-03
6.63511 7.771919061309468316e-03
6.638 7.773772214362588417e-03
6.64032 7.775238134507781070e-03
6.64264 7.776688319921577427e-03
6.64554 7.778479627814242035e-03
6.64787 7.779893875696461056e-03
6.65019 7.781291840583379887e-03
6.65251 7.782672378843990060e-03
6.65542 7.784372872174878666e-03
6.65774 7.785711612433671332e-03
6.66007 7.787028221716044488e-03
6.66298 7.788642510684513041e-03
6.66531 7.789906351965620798e-03
6.66763 7.791144525999523299e-03
6.67054 7.792658061535059216e-03
6.67287 7.793842414716396251e-03
6.67519 7.795004640486847929e-03
6.67751 7.796146683837569362e-03
6.68041 7.797539716865752556e-03
6.68273 7.798619077270674792e-03
6.68505 7.799664798707489459e-03
6.68795 7.800929287496743275e-03
6.69027 7.801909458288455897e-03
6.69258 7.802863611356686789e-03
6.69548 7.804022170725196002e-03
6.69779 7.804922752608508228e-03
6.70011 7.805801849323291616e-03
6.703 7.806873471346401777e-03
6.70531 7.807711199268792604e-03
6.70762 7.808532905535101737e-03
6.71051 7.809539561027746719e-03
6.71283 7.810330133155134365e-03
6.71514 7.811108736128222381e-03
6.71803 7.812066940797010930e-03
6.72034 7.812822523389356677e-03
6.72265 7.813569731095586224e-03
6.72554 7.814494052273307165e-03
6.72785 7.815226108226627083e-03
6.73016 7.815951838817402492e-03
6.73305 7.816850437037061242e-03
6.73537 7.817562467220092598e-03
6.73768 7.818268178486997497e-03
6.74057 7.819137070279116170e-03
6.74288 7.819822258871685083e-03
6.7452 7.820499164437253597e-03
6.74751 7.821168453487337829e-03
6.75041 7.821996673092738994e-03
6.75272 7.822652748249621368e-03
6.75504 7.823303680074686003e-03
6.75794 7.824109324783131911e-03
6.76025 7.824747321267840408e-03
6.76257 7.825378196830667238e-03
6.76547 7.826161393607018388e-03
6.76779 7.826786278344290831e-03
6.77011 7.827409087105439631e-03
6.77301 7.828184572737146088e-03
6.77533 7.828801627346202580e-03
6.77765 7.829415194461786243e-03
6.78055 7.830176257271755438e-03
6.78287 7.830776503293553764e-03
6.78519 7.831364701694447719e-03
6.78751 7.831940167825757540e-03
6.79042 7.832640834603004851e-03
6.79274 7.833185140953264139e-03
6.79506 7.833714169064462385e-03
6.79797 7.834351729758614463e-03
6.80029 7.834840349006066268e-03
6.80261 7.835307304060158684e-03
6.80551 7.835862358608364220e-03
6.80783 7.836297137444856592e-03
6.81015 7.836726106416610355e-03
6.81305 7.837253197277892561e-03
6.81536 7.837666374771769251e-03
6.81768 7.838075463363713621e-03
6.82057 7.838581503175885354e-03
6.82289 7.838978644424192746e-03
6.8252 7.839367267814928084e-03
6.82752 7.839746437770297310e-03
6.83041 7.840205463161765281e-03
6.83272 7.840559669806916945e-03
6.83503 7.840901324190751448e-03
6.83792 7.841309373382350512e-03
6.84024 7.841619471656027796e-03
6.84255 7.841914209392548615e-03
6.84544 7.842260311918584914e-03
6.84775 7.842519160409955337e-03
6.85007 7.842762019417427385e-03
6.85296 7.843043579096821774e-03
6.85527 7.843251636860401957e-03
6.85759 7.843445067333386367e-03
6.86048 7.843667365694168003e-03
6.8628 7.843830189422673280e-03
6.86511 7.843979899029384847e-03
6.86801 7.844147575181740009e-03
6.87033 7.844258795456349881e-03
6.87265 7.844345830239353792e-03
6.87554 7.844422151935068893e-03
6.87787 7.844458363393515266e-03
6.88019 7.844473365130159859e-03
6.88251 7.844467952587395182e-03
6.88542 7.844433622591644520e-03
6.88774 7.844385021636960179e-03
6.89006 7.844318341308272741e-03
6.89296 7.844210539195508453e-03
6.89528 7.844105659554756818e-03
6.8976 7.843985630282631141e-03
6.90049 7.843815965363546555e-03
6.90281 7.843665569994304892e-03
6.90512 7.843504108139099512e-03
6.90802 7.843293706336297924e-03
6.91033 7.843120923356625834e-03
6.91264 7.842945567060765136e-03
6.91553 7.842724385513024851e-03
6.91784 7.842547152939881305e-03
6.92016 7.842370699724078575e-03
6.92304 7.842152777497496743e-03
6.92535 7.841981642584202467e-03
6.92767 7.841814280470007364e-03
6.93055 7.841611569876007562e-03
6.93286 7.841455448972082382e-03
6.93517 7.841305372226511569e-03
6.93806 7.841127042291680393e-03
6.94037 7.840992287059325716e-03
6.94268 7.840865016678029431e-03
6.94557 7.840716877602299170e-03
6.94788 7.840607219844966322e-03
6.9502 7.840504595394554715e-03
6.95251 7.840410978159569749e-03
6.9554 7.840309586949083254e-03
6.95771 7.840244182855081456e-03
6.96003 7.840193704415908058e-03
6.96292 7.840150965949723577e-03
6.96524 7.840132478375448286e-03
6.96755 7.840127193298929500e-03
6.97045 7.840137773820938377e-03
6.97277 7.840158654134586624e-03
6.97508 7.840189247346545168e-03
6.97798 7.840234511769418255e-03
6.9803 7.840265362536711496e-03
6.98261 7.840289751053353476e-03
6.98551 7.840309844887372037e-03
6.98783 7.840316494530704533e-03
6.99014 7.840314329521015646e-03
6.99304 7.840298894172112107e-03
6.99536 7.840276148237649775e-03
6.99768 7.840243934567038553e-03
7 7.840202023478117996e-03
7.0029 7.840135558175016436e-03
7.00523 7.840070717160202082e-03
7.00755 7.839995152417719715e-03
7.01046 7.839884970703234895e-03
7.01278 7.839783816684021966e-03
7.0151 7.839670781126368421e-03
7.018 7.839512023329312310e-03
7.02032 7.839370521715783441e-03
7.02264 7.839215621271957563e-03
7.02554 7.839002261955895640e-03
7.02785 7.838815225550698623e-03
7.03017 7.838612928494881685e-03
7.03306 7.838337919740714921e-03
7.03538 7.838099498821237202e-03
7.03769 7.837844304259593275e-03
7.04 7.837572043383162629e-03
7.04289 7.837207328564575401e-03
7.04521 7.836895974352990624e-03
7.04752 7.836567150215956873e-03
7.05041 7.836131828243719788e-03
7.05272 7.835764478404956546e-03
7.05503 7.835380643418137642e-03
7.05792 7.834878715003570221e-03
7.06023 7.834460485211219849e-03
7.06255 7.834028312323923493e-03
7.06544 7.833469673864798186e-03
7.06775 7.833008608559075339e-03
7.07006 7.832534161321257071e-03
7.07296 7.831915879408266751e-03
7.07527 7.831401550819983362e-03
7.07759 7.830870703061713206e-03
7.08048 7.830185092266609206e-03
7.0828 7.829620199996629309e-03
7.08512 7.829040958996636226e-03
7.08801 7.828298635174646414e-03
7.09034 7.827690833837556289e-03
7.09266 7.827072580451756995e-03
7.09556 7.826286295665698528e-03
7.09788 7.825647224899402732e-03
7.10021 7.825000365582288758e-03
7.10253 7.824345394546711185e-03
7.10544 7.823517461808275966e-03
7.10777 7.822848736304897563e-03
7.1101 7.822174724318150044e-03
7.113 7.821325565423066506e-03
7.11533 7.820641576157427027e-03
7.11765 7.819954051611449977e-03
7.12056 7.819091653101056111e-03
7.12288 7.818399377238598180e-03
7.1252 7.817705314177171572e-03
7.12753 7.817009591600443744e-03
7.13043 7.816137832329213275e-03
7.13275 7.815438948828397001e-03
7.13508 7.814738940918448951e-03
7.13798 7.813863255101598584e-03
7.1403 7.813161820998162574e-03
7.14262 7.812460306414272665e-03
7.14552 7.811583010643554162e-03
7.14784 7.810881499588131702e-03
7.15015 7.810181295969651806e-03
7.15305 7.809307872478100758e-03
7.15537 7.808610907989840116e-03
7.15768 7.807915104550141455e-03
7.16058 7.807046812488390580e-03
7.16289 7.806352224887166090e-03
7.16521 7.805659149596617594e-03
7.16752 7.804969564615716303e-03
7.17041 7.804111749663300915e-03
7.17273 7.803427755545312879e-03
7.17504 7.802745525807365350e-03
7.17793 7.801895093393702157e-03
7.18025 7.801216672961675674e-03
7.18256 7.800539725513189020e-03
7.18546 7.799695443461207578e-03
7.18778 7.799021429456669610e-03
7.19009 7.798348335433052080e-03
7.19299 7.797508511110325807e-03
7.19531 7.796837179730325279e-03
7.19763 7.796166621847087051e-03
7.20053 7.795328733370924558e-03
7.20285 7.794658557136966218e-03
7.20517 7.793988303410903998e-03
7.20808 7.793149557140649671e-03
7.2104 7.792478103837955847e-03
7.21273 7.791805045119420958e-03
7.21506 7.791131015580733503e-03
7.21796 7.790287359967832358e-03
7.22029 7.789611008012374722e-03
7.22261 7.788932985681781135e-03
7.22551 7.788083220426765714e-03
7.22783 7.787400529393827264e-03
7.23015 7.786715770636190755e-03
7.23305 7.785855278788763288e-03
7.23536 7.785163376112565897e-03
7.23768 7.784467718096948867e-03
7.24057 7.783592396662544592e-03
7.24289 7.782887250360400432e-03
7.2452 7.782177101089657843e-03
7.24751 7.781462041242561724e-03
7.2504 7.780560218054260145e-03
7.25272 7.779832183251710227e-03
7.25503 7.779097845693309227e-03
7.25792 7.778170579854705967e-03
7.26023 7.777420978963948267e-03
7.26254 7.776664087960610990e-03
7.26543 7.775707362703629909e-03
7.26774 7.774933217940239137e-03
7.27005 7.774150969183180396e-03
7.27294 7.773161621537614564e-03
7.27525 7.772360646013812616e-03
7.27757 7.771551101777065748e-03
7.28046 7.770527116634630069e-03
7.28277 7.769697974325107462e-03
7.28508 7.768860303728824905e-03
7.28798 7.767800685028088126e-03
7.29029 7.766943427366185086e-03
7.29261 7.766077537467426170e-03
7.29551 7.764983360635223548e-03
7.29782 7.764098999444787874e-03
7.30014 7.763206427897035439e-03
7.30304 7.762080665294468149e-03
7.30536 7.761172470085889695e-03
7.30768 7.760258062944847164e-03
7.31 7.759337954627941632e-03
7.3129 7.758180539803670450e-03
7.31522 7.757249156836109119e-03
7.31754 7.756312963883329505e-03
7.32044 7.755133062014925305e-03
7.32276 7.754179976147575030e-03
7.32509 7.753219850229617176e-03
7.32799 7.752010368717018006e-03
7.33031 7.751036110547036145e-03
7.33263 7.750056810059874172e-03
7.33554 7.748826744319745052e-03
7.33786 7.747838091467128957e-03
7.34017 7.746847048816841476e-03
7.34307 7.745604196830574092e-03
7.34539 7.744608057335209544e-03
7.34771 7.743610494855605875e-03
7.35002 7.742612182016402229e-03
7.35292 7.741364832403529496e-03
7.35523 7.740367481416296318e-03
7.35754 7.739371583020933712e-03
7.36044 7.738128713532944035e-03
7.36275 7.737136718460491114e-03
7.36506 7.736147062811430178e-03
7.36795 7.734913790526688759e-03
7.37027 7.733930652485826625e-03
7.37258 7.732950914365124134e-03
7.37547 7.731731346692720039e-03
7.37779 7.730760250967171239e-03
7.3801 7.729793285789511408e-03
7.38299 7.728591020964602383e-03
7.38531 7.727634504083148205e-03
7.38762 7.726682933262943830e-03
7.39051 7.725500950802764374e-03
7.39283 7.724561217301046528e-03
7.39515 7.723627363434288143e-03
7.39805 7.722467771318965515e-03
7.40036 7.721547004820693803e-03
7.40268 7.720632446076408292e-03
7.40501 7.719723750875192268e-03
7.40791 7.718596832596413999e-03
7.41023 7.717702057971481677e-03
7.41256 7.716814197070019817e-03
7.41546 7.715714628337242732e-03
7.41778 7.714842940137521185e-03
7.4201 7.713978894752196620e-03
7.423 7.712909521650467178e-03
7.42532 7.712062239608104622e-03
7.42764 7.711222784770684416e-03
7.43054 7.710183388250633693e-03
7.43285 7.709360593641843319e-03
7.43517 7.708544794950524144e-03
7.43806 7.707535299023442893e-03
7.44037 7.706735715228182383e-03
7.44268 7.705943092778437531e-03
7.44557 7.704962290200929355e-03
7.44788 7.704185222530412179e-03
7.45019 7.703415118671619322e-03
7.4525 7.702651623163722476e-03
7.45539 7.701706552694728529e-03
7.4577 7.700957821449518244e-03
7.46001 7.700215468399316567e-03
7.4629 7.699296365587081879e-03
7.46521 7.698568044481667733e-03
7.46752 7.697845660229771063e-03
7.47041 7.696951051772306547e-03
7.47272 7.696241709879588638e-03
7.47503 7.695537969083450329e-03
7.47792 7.694665841189054882e-03
7.48023 7.693973904482270115e-03
7.48255 7.693287101970002796e-03
7.48544 7.692434938229026319e-03
7.48775 7.691758516963152770e-03
7.49007 7.691086162710861901e-03
7.49297 7.690251541426390211e-03
7.49528 7.689588263157816524e-03
7.4976 7.688928657863291008e-03
7.5005 7.688109095468571678e-03
7.50281 7.687457049119259846e-03
7.50513 7.686808052696195333e-03
7.50803 7.686000501708391969e-03
7.51035 7.685357314005545823e-03
7.51267 7.684716299794068332e-03
7.51557 7.683917835109517307e-03
7.51789 7.683281154318029847e-03
7.52021 7.682645885680585394e-03
7.52253 7.682012264701673990e-03
7.52543 7.681221709456047958e-03
7.52776 7.680590681163409691e-03
7.53008 7.679960681590811133e-03
7.53299 7.679174518845033326e-03
7.53532 7.678547021579491642e-03
7.53764 7.677921221312476903e-03
7.54054 7.677140196311002009e-03
7.54286 7.676517068782182096e-03
7.54518 7.675894617819433580e-03
7.54808 7.675117850709788601e-03
7.55039 7.674497207481263683e-03
7.55271 7.673877013486482719e-03
7.55502 7.673257399214732620e-03
7.55792 7.672482948312639786e-03
7.56023 7.671863646502526980e-03
7.56254 7.671244087492235485e-03
7.56543 7.670469240321912616e-03
7.56775 7.669848823187117373e-03
7.57006 7.669227717214538442e-03
7.57295 7.668450224575105306e-03
7.57526 7.667827105231492246e-03
7.57757 7.667202841176487538e-03
7.58046 7.666420740710946750e-03
7.58278 7.665793419786119667e-03
7.58509 7.665164586362776394e-03
7.58798 7.664376202339556222e-03
7.59029 7.663743479667948361e-03
7.59261 7.663109037489297670e-03
7.5955 7.662313010019087579e-03
7.59781 7.661674169731482603e-03
7.60013 7.661033131609341733e-03
7.60303 7.660229151137821178e-03
7.60534 7.659583657219909761e-03
7.60766 7.658936120145016201e-03
7.61056 7.658124183462540827e-03
7.61289 7.657472230864445853e-03
7.61521 7.656818791559993898e-03
7.61753 7.656163263752815279e-03
7.62044 7.655341736942501349e-03
7.62276 7.654683137060171172e-03
7.62509 7.654023416551534835e-03
7.628 7.653197464254594441e-03
7.63032 7.652535961511149586e-03
7.63264 7.651873717767185105e-03
7.63555 7.651045181469488289e-03
7.63787 7.650381826666605330e-03
7.6402 7.649718100921521803e-03
7.64252 7.649054112930454667e-03
7.64543 7.648223866036302568e-03
7.64775 7.647559425913563053e-03
7.65008 7.646894731174124285e-03
7.65298 7.646063081369073623e-03
7.6553 7.645395226428665023e-03
7.65762 7.644725246240860819e-03
7.66052 7.643884673290210138e-03
7.66284 7.643209448852010882e-03
7.66515 7.642531967087115401e-03
7.66805 7.641681200491607685e-03
7.67037 7.640997702623514992e-03
7.67268 7.640311148947872590e-03
7.67558 7.639448619408359745e-03
7.67789 7.638754881081575958e-03
7.68021 7.638057587304038915e-03
7.68252 7.637356598628413859e-03
7.68542 7.636474763551322729e-03
7.68773 7.635764507135083673e-03
7.69005 7.635049853561422586e-03
7.69294 7.634149940594253322e-03
7.69526 7.633424471463437500e-03
7.69757 7.632693777215804158e-03
7.70047 7.631772425061211264e-03
7.70278 7.631028909077098091e-03
7.7051 7.630278829140315321e-03
7.708 7.629332363811850391e-03
7.71032 7.628567245179744723e-03
7.71264 7.627795137068637404e-03
7.71554 7.626819747351364781e-03
7.71787 7.626030791546497406e-03
7.72019 7.625234424390633578e-03
7.72252 7.624429195386764335e-03
7.72543 7.623410311435342528e-03
7.72775 7.622585483296544576e-03
7.73008 7.621752047347700280e-03
7.73299 7.620698701661065590e-03
7.73531 7.619846946220723734e-03
7.73763 7.618986262003573685e-03
7.74053 7.617899231218404690e-03
7.74285 7.617019333084641512e-03
7.74517 7.616130993478751124e-03
7.74806 7.615007811350479015e-03
7.75038 7.614099136703118484e-03
7.75269 7.613181440638105979e-03
7.75501 7.612254224138045519e-03
7.7579 7.611082572718468053e-03
7.76021 7.610134400711389586e-03
7.76252 7.609176881037333848e-03
7.76541 7.607966396187141982e-03
7.76773 7.606987084991353315e-03
7.77004 7.605998016462644715e-03
7.77292 7.604747683465339254e-03
7.77524 7.603736175732760637e-03
7.77755 7.602714555578784367e-03
7.78044 7.601423031218242782e-03
7.78275 7.600378211576842499e-03
7.78506 7.599322818167656389e-03
7.78795 7.597988593302115734e-03
7.79026 7.596909149193023167e-03
7.79257 7.595818526305831223e-03
7.79547 7.594440037009020893e-03
7.79778 7.593324043667826553e-03
7.8001 7.592196971128617466e-03
7.80299 7.590771497739189771e-03
7.80531 7.589617871470476403e-03
7.80763 7.588452406016512816e-03
7.81053 7.586977923612097351e-03
7.81285 7.585785022154216233e-03
7.81517 7.584579932700601795e-03
7.81807 7.583056469574317275e-03
7.82039 7.581823464769151671e-03
7.82271 7.580577826406549764e-03
7.82504 7.579319312276952721e-03
7.82794 7.577727327076174552e-03
7.83026 7.576439026721811312e-03
7.83259 7.575137366127979513e-03
7.83549 7.573491323849601553e-03
7.83781 7.572160444974180421e-03
7.84013 7.570816134279912887e-03
7.84303 7.569116673159897481e-03
7.84535 7.567741917543958571e-03
7.84767 7.566352619035087226e-03
7.85056 7.564596738888658412e-03
7.85287 7.563175160392356620e-03
7.85519 7.561738996062860804e-03
7.8575 7.560287593752283188e-03
7.8604 7.558451520665248648e-03
7.86271 7.556965037488253510e-03
7.86502 7.555462355136955202e-03
7.86791 7.553561087599276226e-03
7.87023 7.552021278296749268e-03
7.87254 7.550464363848454624e-03
7.87543 7.548493933376714329e-03
7.87774 7.546897626090382991e-03
7.88006 7.545283267193204912e-03
7.88295 7.543239708976149684e-03
7.88527 7.541583480364461023e-03
7.88758 7.539908639950103006e-03
7.89048 7.537787151060925707e-03
7.89279 7.536068082966839062e-03
7.89511 7.534328633884240095e-03
7.89801 7.532125351829838458e-03
7.90033 7.530339554173293669e-03
7.90265 7.528531679629420215e-03
7.90556 7.526242680135784326e-03
7.90788 7.524385918225644579e-03
7.91021 7.522507820330786264e-03
7.91253 7.520609710359405127e-03
7.91543 7.518208400648367963e-03
7.91775 7.516263267037762152e-03
7.92007 7.514297971957221815e-03
7.92297 7.511809863941782198e-03
7.92528 7.509796295975781216e-03
7.9276 7.507760029204725918e-03
7.93049 7.505183977043037094e-03
7.9328 7.503098090635661882e-03
7.93511 7.500989548073873185e-03
7.938 7.498322777622187969e-03
7.94032 7.496163410693713544e-03
7.94263 7.493981925228735026e-03
7.94551 7.491222694446989135e-03
7.94782 7.488989831832752568e-03
7.95013 7.486734212761385863e-03
7.95302 7.483882673334186879e-03
7.95533 7.481575977145924795e-03
7.95764 7.479246797467962483e-03
7.96053 7.476303331661852611e-03
7.96284 7.473923666162862224e-03
7.96515 7.471521338583625611e-03
7.96804 7.468487593759223428e-03
7.97035 7.466035699306105416e-03
7.97266 7.463561824324223964e-03
7.97556 7.460439488418809870e-03
7.97787 7.457916720861533857e-03
7.98019 7.455373513846227235e-03
7.9825 7.452808266168515182e-03
7.9854 7.449572965176911275e-03
7.98772 7.446962262744017194e-03
7.99003 7.444331873674854029e-03
7.99293 7.441016985587973163e-03
7.99525 7.438343088799528532e-03
7.99757 7.435650922059024864e-03
8.00047 7.432257951045075431e-03
8.00279 7.429521143402068560e-03
8.00511 7.426762821020336733e-03
8.00802 7.423285086059906550e-03
8.01034 7.420479707664381745e-03
8.01267 7.417651883413136846e-03
8.01557 7.414089494891550058e-03
8.0179 7.411219369925984082e-03
8.02022 7.408329838897513044e-03
8.02254 7.405423422290614323e-03
8.02545 7.401766579099037548e-03
8.02777 7.398821105606761053e-03
8.03008 7.395860209299185382e-03
8.03298 7.392133297402329710e-03
8.0353 7.389134396393988273e-03
8.03761 7.386117250386336867e-03
8.0405 7.382321938139836497e-03
8.04282 7.379266104993367943e-03
8.04513 7.376192367205275033e-03
8.04802 7.372325858678222162e-03
8.05033 7.369211976535183090e-03
8.05264 7.366080429566809751e-03
8.05553 7.362140003071115935e-03
8.05785 7.358966831920955506e-03
8.06016 7.355775099530998187e-03
8.06305 7.351758877433937044e-03
8.06536 7.348524470856646583e-03
8.06767 7.345271458928815528e-03
8.07056 7.341176902451822944e-03
8.07288 7.337880362196056751e-03
8.07519 7.334563348677262083e-03
8.07751 7.331227210860608544e-03
8.0804 7.327029778361682927e-03
8.08272 7.323649404571958184e-03
8.08504 7.320250075689692729e-03
8.08794 7.315969458526748112e-03
8.09026 7.312524225419191060e-03
8.09258 7.309056749273479606e-03
8.09549 7.304694905712255659e-03
8.09781 7.301182733596305041e-03
8.10014 7.297650136911524796e-03
8.10305 7.293208944602677136e-03
8.10537 7.289636831211989375e-03
8.1077 7.286046267537117475e-03
8.11002 7.282438062887182893e-03
8.11293 7.277902187376857242e-03
8.11525 7.274252790179114997e-03
8.11758 7.270585010674725408e-03
8.12048 7.265974356794910154e-03
8.12281 7.262265129670869915e-03
8.12513 7.258537560166910922e-03
8.12803 7.253857417036097335e-03
8.13036 7.250093938258397180e-03
8.13268 7.246314559695887086e-03
8.13557 7.241567947981058205e-03
8.13789 7.237751724783520260e-03
8.14021 7.233920582158970790e-03
8.14253 7.230072421838431955e-03
8.14542 7.225240814280177969e-03
8.14774 7.221357493218771677e-03
8.15005 7.217458658348455125e-03
8.15295 7.212563683498064530e-03
8.15526 7.208630398937982200e-03
8.15758 7.204682137866441800e-03
8.16047 7.199726069876662658e-03
8.16279 7.195744092466674520e-03
8.1651 7.191747985381657417e-03
8.168 7.186731959134998876e-03
8.17031 7.182703105978154555e-03
8.17263 7.178660202347619465e-03
8.17553 7.173585411610817163e-03
8.17785 7.169511103518344877e-03
8.18017 7.165420134425148566e-03
8.18307 7.160288849742822009e-03
8.18539 7.156166168709540525e-03
8.18771 7.152030025773551021e-03
8.19004 7.147880282238476199e-03
8.19295 7.142670541953082507e-03
8.19527 7.138489356306123093e-03
8.1976 7.134296421084956007e-03
8.20051 7.129038684049637982e-03
8.20283 7.124824668210435856e-03
8.20516 7.120600734810178349e-03
8.20806 7.115307406553025155e-03
8.21038 7.111063227238478834e-03
8.2127 7.106807244108472726e-03
8.21501 7.102544536442980012e-03
8.21791 7.097199358752901734e-03
8.22022 7.092912760142939740e-03
8.22254 7.088615063028270470e-03
8.22543 7.083227295919382847e-03
8.22774 7.078905093852354627e-03
8.23006 7.074570507177022245e-03
8.23295 7.069137406212337715e-03
8.23526 7.064776916737486312e-03
8.23757 7.060404794553751077e-03
8.24046 7.054922554845142850e-03
8.24277 7.050522948176977077e-03
8.24508 7.046111189978046183e-03
8.24797 7.040579353149594571e-03
8.25028 7.036139807241588093e-03
8.25259 7.031688680428005954e-03
8.25548 7.026106838429435966e-03
8.25779 7.021628548399330531e-03
8.26011 7.017138011418829445e-03
8.263 7.011508307963934365e-03
8.26532 7.006992216364284209e-03
8.26763 7.002463371376247900e-03
8.27053 6.996789195585760048e-03
8.27285 6.992234703074516958e-03
8.27516 6.987671653500611250e-03
8.27806 6.981952882109146614e-03
8.28039 6.977367286519275263e-03
8.28271 6.972773913179012260e-03
8.28503 6.968172243072896788e-03
8.28793 6.962410989050764505e-03
8.29026 6.957792113541017703e-03
8.29258 6.953167550401460201e-03
8.29549 6.947376911175439686e-03
8.29781 6.942737581664542960e-03
8.30013 6.938096215249199041e-03
8.30304 6.932297903132773019e-03
8.30536 6.927655175108278149e-03
8.30767 6.923015409840946148e-03
8.31057 6.917211769042135895e-03
8.31289 6.912569249426533599e-03
8.3152 6.907925808009629347e-03
8.31752 6.903281525457940875e-03
8.32041 6.897477262021246662e-03
8.32272 6.892833182345989122e-03
8.32504 6.888190548217587410e-03
8.32793 6.882387842181557358e-03
8.33024 6.877746998313833196e-03
8.33255 6.873107732483277853e-03
8.33544 6.867311126310691148e-03
8.33776 6.862676313229494271e-03
8.34007 6.858044748277366924e-03
8.34296 6.852258268198913559e-03
8.34528 6.847634170574788681e-03
8.34759 6.843012836282425133e-03
8.35049 6.837242039302519024e-03
8.35281 6.832628062659529787e-03
8.35512 6.828016808263895170e-03
8.35802 6.822259022082465853e-03
8.36034 6.817655267692686316e-03
8.36266 6.813057982697510138e-03
8.36557 6.807314970022004634e-03
8.36789 6.802727768100124903e-03
8.37022 6.798148259473892410e-03
8.37254 6.793576999069346305e-03
8.37545 6.787877725338922058e-03
8.37777 6.783335319498859373e-03
8.38009 6.778802785671283679e-03
8.38298 6.773157971828401742e-03
8.3853 6.768655210948310193e-03
8.38761 6.764165801565072932e-03
8.39051 6.758572739769115774e-03
8.39282 6.754111880961883446e-03
8.39513 6.749665343784488902e-03
8.39802 6.744123430033888145e-03
8.40033 6.739705834604156100e-03
8.40265 6.735300340942825675e-03
8.40553 6.729811119134953244e-03
8.40784 6.725433988653920295e-03
8.41015 6.721069315591185651e-03
8.41304 6.715631539859144919e-03
8.41535 6.711295652705372324e-03
8.41766 6.706972160840925061e-03
8.42055 6.701586334730445446e-03
8.42286 6.697291619025591385e-03
8.42517 6.693010176452963457e-03
8.42806 6.687676689906972734e-03
8.43037 6.683424338522609559e-03
8.43268 6.679186338515703467e-03
8.43557 6.673905260595434062e-03
8.43789 6.669697082733808992e-03
8.4402 6.665500996689887291e-03
8.44252 6.661319340464178299e-03
8.44542 6.656112616193909752e-03
8.44773 6.651963229394677185e-03
8.45005 6.647830488975401374e-03
8.45295 6.642686964696861533e-03
8.45527 6.638591797816640987e-03
8.45759 6.634512799326746681e-03
8.46049 6.629438984153502266e-03
8.46281 6.625399215506816084e-03
8.46513 6.621376767327200909e-03
8.46804 6.616374760570790763e-03
8.47036 6.612391873489791363e-03
8.47269 6.608428976774455114e-03
8.47501 6.604482542007713078e-03
8.47792 6.599576998090014510e-03
8.48025 6.595679508028562919e-03
8.48257 6.591806603022271407e-03
8.48547 6.586997244335398086e-03
8.4878 6.583178835461707921e-03
8.49012 6.579382500941786255e-03
8.49301 6.574672932824902546e-03
8.49533 6.570931463476981094e-03
8.49765 6.567214366683542942e-03
8.50054 6.562602207546955162e-03
8.50286 6.558938902676070444e-03
8.50517 6.555300460168934223e-03
8.50806 6.550785052962356664e-03
8.51037 6.547200568583308455e-03
8.51269 6.543639609570066698e-03
8.515 6.540102700584107982e-03
8.51789 6.535715545279920276e-03
8.5202 6.532232771372862949e-03
8.52252 6.528774017955154933e-03
8.52541 6.524484634274090381e-03
8.52772 6.521079523520831658e-03
8.53003 6.517698801295581691e-03
8.53292 6.513506042172182917e-03
8.53524 6.510178833315208649e-03
8.53755 6.506875756278291366e-03
8.54045 6.502779634951859518e-03
8.54276 6.499531026943844089e-03
8.54508 6.496304782979886276e-03
8.54798 6.492308229959044448e-03
8.5503 6.489137574718112367e-03
8.55262 6.485992468898805520e-03
8.55552 6.482096601142513063e-03
8.55785 6.479007758558664835e-03
8.56017 6.475946228382624230e-03
8.56308 6.472153925404553788e-03
8.56541 6.469151335484860620e-03
8.56773 6.466177399949320226e-03
8.57006 6.463231616078957652e-03
8.57297 6.459589078301524942e-03
8.57529 6.456707248295685125e-03
8.57762 6.453854246139829193e-03
8.58052 6.450328246714903679e-03
8.58285 6.447540303414676932e-03
8.58518 6.444782961726184395e-03
8.58808 6.441377907109688446e-03
8.5904 6.438688348510686159e-03
8.59273 6.436029520006611784e-03
8.59505 6.433399659655354014e-03
8.59795 6.430156304815153392e-03
8.60027 6.427594066838448854e-03
8.60258 6.425062044230625720e-03
8.60548 6.421938049941101900e-03
8.6078 6.419471788040065005e-03
8.61011 6.417034826661424489e-03
8.61301 6.414029088952404381e-03
8.61532 6.411657164310903718e-03
8.61764 6.409313847214743488e-03
8.62054 6.406424843910485736e-03
8.62285 6.404145754779544397e-03
8.62517 6.401894904559510616e-03
8.62806 6.399121095441281416e-03
8.63038 6.396933860788166053e-03
8.6327 6.394774324491186296e-03
8.63501 6.392643324135934176e-03
8.63791 6.390018687642546984e-03
8.64023 6.387951506031049748e-03
8.64255 6.385912511569205065e-03
8.64546 6.383403333828586469e-03
8.64778 6.381427701826843449e-03
8.6501 6.379478688939719568e-03
8.65301 6.377081746719887034e-03
8.65534 6.375192504279403836e-03
8.65766 6.373330291621305196e-03
8.66057 6.371038749380671974e-03
8.6629 6.369234107246384176e-03
8.66523 6.367455596167099358e-03
8.66756 6.365704331429795741e-03
8.67046 6.363549387046981733e-03
8.67278 6.361854991515503502e-03
8.6751 6.360184001742175477e-03
8.678 6.358129206739966850e-03
8.68032 6.356511596922068651e-03
8.68264 6.354916664189335859e-03
8.68553 6.352955658923585373e-03
8.68785 6.351411669197946572e-03
8.69016 6.349891048620516336e-03
8.69305 6.348021521550306114e-03
8.69537 6.346551702675072397e-03
8.69768 6.345104614549089417e-03
8.70057 6.343327884892563037e-03
8.70288 6.341932461657189685e-03
8.70519 6.340560003049068236e-03
8.7075 6.339210762369346108e-03
8.71039 6.337556842919390802e-03
8.7127 6.336259813533921120e-03
8.71502 6.334986172975373524e-03
8.71791 6.333427004748782077e-03
8.72022 6.332206028214328389e-03
8.72253 6.331008848756271810e-03
8.72542 6.329545238269724920e-03
8.72774 6.328401496896632339e-03
8.73005 6.327281497215000647e-03
8.73295 6.325918750672726923e-03
8.73526 6.324866528957392812e-03
8.73758 6.323847671104739984e-03
8.74048 6.322619336387382168e-03
8.7428 6.321670923733679545e-03
8.74512 6.320752818788998202e-03
8.74802 6.319645844413214301e-03
8.75034 6.318792401842426680e-03
8.75267 6.317966712177621076e-03
8.75557 6.316972423628134867e-03
8.75789 6.316206219281835302e-03
8.76022 6.315464796122437739e-03
8.76254 6.314747513836263364e-03
8.76545 6.313882834928408357e-03
8.76778 6.313215771583540609e-03
8.7701 6.312569792468679733e-03
8.77301 6.311790485171307925e-03
8.77533 6.311188572956391227e-03
8.77766 6.310605317649435782e-03
8.78056 6.309900337864516109e-03
8.78288 6.309355431917486150e-03
8.7852 6.308826194087434509e-03
8.78751 6.308312332332046378e-03
8.79041 6.307690879979858424e-03
8.79273 6.307209283492025247e-03
8.79504 6.306739005692453895e-03
8.79793 6.306166161243242051e-03
8.80024 6.305720509973456595e-03
8.80256 6.305285813818032811e-03
8.80545 6.304757984340185126e-03
8.80776 6.304348322091692276e-03
8.81007 6.303949974626824222e-03
8.81296 6.303468038636060936e-03
8.81527 6.303095569652582796e-03
8.81759 6.302734598373728979e-03
8.82048 6.302299985697316226e-03
8.8228 6.301965404970424033e-03
8.82511 6.301642575981611892e-03
8.82801 6.301255441734922476e-03
8.83033 6.300958758347222424e-03
8.83265 6.300673778414580747e-03
8.83555 6.300333554277249941e-03
8.83787 6.300073509094641228e-03
8.84019 6.299823267939575443e-03
8.84252 6.299583138551396143e-03
8.84542 6.299297516684627084e-03
8.84775 6.299081040601490697e-03
8.85008 6.298875913190370331e-03
8.85298 6.298636641993015858e-03
8.85531 6.298459337227025126e-03
8.85763 6.298295471082577222e-03
8.86053 6.298110381779140413e-03
8.86285 6.297978983902608775e-03
8.86516 6.297863139392271062e-03
8.86806 6.297741104498796698e-03
8.87038 6.297662459432314987e-03
8.87269 6.297601191846827380e-03
8.875 6.297557767391930884e-03
8.87789 6.297529003956292386e-03
8.88021 6.297526698981628993e-03
8.88252 6.297542992963257348e-03
8.88541 6.297588933095150422e-03
8.88772 6.297644798118001187e-03
8.89003 6.297716892844877970e-03
8.89292 6.297830543328992829e-03
8.89523 6.297940668379337255e-03
8.89754 6.298068063056970652e-03
8.90043 6.298251730568160157e-03
8.90274 6.298418240573274915e-03
8.90505 6.298602138401049669e-03
8.90793 6.298856256696305084e-03
8.91025 6.299078809371626633e-03
8.91256 6.299318177851198110e-03
8.91545 6.299640853715335852e-03
8.91776 6.299917551667807286e-03
8.92008 6.300210610965199104e-03
8.92297 6.300599952263332033e-03
8.92528 6.300929579997889378e-03
8.9276 6.301275601875090844e-03
8.9305 6.301730661268297243e-03
8.93282 6.302112970774326715e-03
8.93514 6.302511279862443340e-03
8.93804 6.303031649086513442e-03
8.94036 6.303465938198248540e-03
8.94268 6.303915817803587215e-03
8.94501 6.304381586610513163e-03
8.94791 6.304985350036584717e-03
8.95024 6.305485831701231753e-03
8.95257 6.306001458791126932e-03
8.95548 6.306667092788246012e-03
8.9578 6.307216378532157046e-03
8.96013 6.307780099421156014e-03
8.96304 6.308503449589159331e-03
8.96537 6.309097826836916265e-03
8.96769 6.309705248513495894e-03
8.97001 6.310325954919986276e-03
8.97291 6.311120886106669735e-03
8.97523 6.311773575056797009e-03
8.97755 6.312441490279473502e-03
8.98045 6.313296695402596109e-03
8.98276 6.313997728608168603e-03
8.98508 6.314713404442669036e-03
8.98797 6.315629017642951024e-03
8.99028 6.316378226545961774e-03
8.9926 6.317142143921546972e-03
8.99549 6.318117612961025517e-03
8.9978 6.318913907926502864e-03
9.00012 6.319724068389513325e-03
9.00301 6.320755448556144435e-03
9.00532 6.321594835440169993e-03
9.00763 6.322446335334145663e-03
9.01053 6.323526766796387991e-03
9.01284 6.324403194003709941e-03
9.01515 6.325289875238213066e-03
9.01805 6.326411415877809287e-03
9.02036 6.327319110088995731e-03
9.02268 6.328235139265850351e-03
9.02557 6.329391881889194667e-03
9.02789 6.330326146846623238e-03
9.03021 6.331268034588376573e-03
9.03253 6.332217867316478413e-03
9.03543 6.333415187197577977e-03
9.03775 6.334382138707245723e-03
9.04007 6.335356144671264005e-03
9.04298 6.336584586434717767e-03
9.0453 6.337575865157918202e-03
9.04763 6.338574608207562036e-03
9.05054 6.339834371565593318e-03
9.05287 6.340850377311574651e-03
9.0552 6.341873367090538997e-03
9.05752 6.342903756768967366e-03
9.06043 6.344202121197618956e-03
9.06276 6.345249192788733616e-03
9.06509 6.346303817055587437e-03
9.068 6.347632789168220976e-03
9.07032 6.348704449860469341e-03
9.07265 6.349783532847958802e-03
9.07556 6.351142874716038909e-03
9.07789 6.352237637347372089e-03
9.08021 6.353339353150129314e-03
9.08253 6.354447939756567749e-03
9.08544 6.355842342987769698e-03
9.08776 6.356965396126431148e-03
9.09008 6.358093911452151158e-03
9.09298 6.359513108339171633e-03
9.0953 6.360654411869509292e-03
9.09762 6.361800955051420681e-03
9.10051 6.363241043619670759e-03
9.10283 6.364398176184475273e-03
9.10515 6.365559741974185018e-03
9.10805 6.367017208554889493e-03
9.11036 6.368187496541636780e-03
9.11268 6.369361349039924167e-03
9.11558 6.370833313249465654e-03
9.11789 6.372014458493770357e-03
9.12021 6.373198580138544032e-03
9.12253 6.374385379781306871e-03
9.12543 6.375873009881921454e-03
9.12775 6.377065767349145500e-03
9.13007 6.378261288166830328e-03
9.13297 6.379758878670672810e-03
9.13529 6.380959682740416569e-03
9.13761 6.382162876156010842e-03
9.14051 6.383669733547450882e-03
9.14284 6.384878135599550766e-03
9.14516 6.386088206462851857e-03
9.14807 6.387604448213953651e-03
9.15039 6.388819422364108540e-03
9.15272 6.390036638670714385e-03
9.15505 6.391256013902282644e-03
9.15796 6.392781759868929221e-03
9.16029 6.394002914363348250e-03
9.16262 6.395225020720059390e-03
9.16553 6.396751897737501524e-03
9.16785 6.397973799667864420e-03
9.17018 6.399195447869070706e-03
9.17308 6.400722106888691657e-03
9.1754 6.401943445328049827e-03
9.17772 6.403163914492932679e-03
9.18004 6.404384431169100368e-03
9.18293 6.405908764712961445e-03
9.18525 6.407127692265955805e-03
9.18757 6.408345721992740086e-03
9.19046 6.409866848986378769e-03
9.19277 6.411082756714830792e-03
9.19509 6.412297315498907344e-03
9.19798 6.413814259506885052e-03
9.20029 6.415026356420999373e-03
9.20261 6.416237632997042785e-03
9.2055 6.417750644292768286e-03
9.20781 6.418960534509863917e-03
9.21012 6.420170383779193538e-03
9.21301 6.421683170197521086e-03
9.21532 6.422894229015895830e-03
9.21764 6.424106598220703616e-03
9.22053 6.425624074834965921e-03
9.22284 6.426840276935476791e-03
9.22515 6.428058481448036335e-03
9.22805 6.429584398661478302e-03
9.23036 6.430807859420810749e-03
9.23268 6.432033419120743514e-03
9.23557 6.433569284129464841e-03
9.23789 6.434800180949667645e-03
9.24021 6.436033677664654284e-03
9.24252 6.437269114545910755e-03
9.24542 6.438816127793425999e-03
9.24774 6.440055925035514418e-03
9.25006 6.441296789237265820e-03
9.25297 6.442850808800377332e-03
9.25529 6.444094681582488403e-03
9.25761 6.445339701326181607e-03
9.26052 6.446896426867870615e-03
9.26285 6.448141990821262826e-03
9.26517 6.449387512485527975e-03
9.26808 6.450943693445156113e-03
9.27041 6.452188296104159615e-03
9.27274 6.453431787372108409e-03
9.27506 6.454672666995089209e-03
9.27797 6.456221117350780837e-03
9.28029 6.457457242540221194e-03
9.28262 6.458690775399417855e-03
9.28552 6.460229570375958762e-03
9.28784 6.461457215934177101e-03
9.29016 6.462682587556325617e-03
9.29305 6.464209965089460011e-03
9.29537 6.465428837467476070e-03
9.29769 6.466644731118964540e-03
9.30001 6.467857572452441819e-03
9.3029 6.469369633143280847e-03
9.30522 6.470575784716390069e-03
9.30753 6.471779158668722678e-03
9.31043 6.473279295927440724e-03
9.31274 6.474476281038868235e-03
9.31506 6.475670369522548188e-03
9.31795 6.477157078661514682e-03
9.32027 6.478341265608974359e-03
9.32258 6.479520880340984036e-03
9.32548 6.480988611601398892e-03
9.32779 6.482157797530472762e-03
9.33011 6.483322122134016138e-03
9.33301 6.484771234591857510e-03
9.33533 6.485925407728043192e-03
9.33764 6.487075081366757215e-03
9.34054 6.488506476202156488e-03
9.34286 6.489646494520140071e-03
9.34519 6.490783131124271133e-03
9.34751 6.491915383462700841e-03
9.35041 6.493325571566790737e-03
9.35274 6.494449471663909547e-03
9.35506 6.495569613390096177e-03
9.35797 6.496964774098051322e-03
9.3603 6.498075096643084886e-03
9.36262 6.499180060729923061e-03
9.36553 6.500555135225093151e-03
9.36786 6.501649322794577496e-03
9.37018 6.502739168659231982e-03
9.37308 6.504095389680143724e-03
9.3754 6.505175291356104367e-03
9.37772 6.506251490616166838e-03
9.38004 6.507322802683174548e-03
9.38293 6.508656790529106402e-03
9.38525 6.509719125094709513e-03
9.38756 6.510777553458838365e-03
9.39045 6.512095048402989812e-03
9.39277 6.513144453169656539e-03
9.39508 6.514190177894020259e-03
9.39797 6.515491457040229438e-03
9.40028 6.516528329453367963e-03
9.40259 6.517561239232325630e-03
9.40548 6.518847063678572321e-03
9.40779 6.519871474848187680e-03
9.4101 6.520892095949624469e-03
9.41299 6.522162651628519124e-03
9.4153 6.523174916642738783e-03
9.41761 6.524183429914169607e-03
9.4205 6.525438943813272052e-03
9.42281 6.526439084343710166e-03
9.42512 6.527435513034638911e-03
9.42801 6.528675693629028623e-03
9.43033 6.529663400779537816e-03
9.43264 6.530647322307624701e-03
9.43553 6.531871199325283567e-03
9.43785 6.532845968862069364e-03
9.44016 6.533816170558594608e-03
9.44306 6.535022853012619447e-03
9.44537 6.535983000546356780e-03
9.44769 6.536938307133308319e-03
9.45001 6.537889051371634230e-03
9.45291 6.539069893884927667e-03
9.45523 6.540009308457170670e-03
9.45755 6.540943006936759778e-03
9.46045 6.542102727700933526e-03
9.46278 6.543024225130612652e-03
9.4651 6.543939842621851119e-03
9.46801 6.545076426042334590e-03
9.47033 6.545978739241356537e-03
9.47266 6.546875685222810527e-03
9.47557 6.547988166900918679e-03
9.4779 6.548871964496516887e-03
9.48023 6.549749931716419837e-03
9.48256 6.550621616363870060e-03
9.48547 6.551701868301674538e-03
9.4878 6.552559733656446693e-03
9.49012 6.553410995026390240e-03
9.49302 6.554467552513031439e-03
9.49535 6.555305778026679527e-03
9.49767 6.556138418744764107e-03
9.50057 6.557171757270903630e-03
9.50289 6.557992663758191107e-03
9.50521 6.558809219068766246e-03
9.50752 6.559621069840886401e-03
9.51042 6.560630496140464236e-03
9.51274 6.561433648818179934e-03
9.51505 6.562233368580500971e-03
9.51795 6.563228535663428488e-03
9.52026 6.564021273786116786e-03
9.52257 6.564811388528007767e-03
9.52547 6.565795382893645747e-03
9.52778 6.566580046669098954e-03
9.5301 6.567362582726630170e-03
9.53299 6.568337981153821864e-03
9.5353 6.569116264997098761e-03
9.53762 6.569892835615935740e-03
9.54051 6.570861226637502057e-03
9.54282 6.571634264726480996e-03
9.54514 6.572405682282332975e-03
9.54803 6.573368020377056385e-03
9.55035 6.574136116459089289e-03
9.55267 6.574902766055950101e-03
9.55556 6.575858923927833943e-03
9.55788 6.576621954435425167e-03
9.5602 6.577383509288683289e-03
9.56252 6.578143062037250174e-03
9.56542 6.579090210006539180e-03
9.56774 6.579845551045795764e-03
9.57006 6.580598926245496104e-03
9.57297 6.581537635056736515e-03
9.57529 6.582285872587479922e-03
9.57762 6.583032006515652547e-03
9.58053 6.583960596109551290e-03
9.58286 6.584701011514868148e-03
9.58519 6.585438248882684309e-03
9.58752 6.586172205032493968e-03
9.59043 6.587084864129077316e-03
9.59276 6.587810993122801377e-03
9.59509 6.588533406990434126e-03
9.598 6.589431208240188742e-03
9.60033 6.590145206982894743e-03
9.60266 6.590855367006713712e-03
9.60557 6.591737707100774057e-03
9.6079 6.592439223111242440e-03
9.61023 6.593136694534902989e-03
9.61255 6.593829914256363160e-03
9.61546 6.594690872529195870e-03
9.61779 6.595374432934419419e-03
9.62012 6.596054056549519908e-03
9.62302 6.596897588642967707e-03
9.62534 6.597567771898862898e-03
9.62767 6.598233956159094832e-03
9.63057 6.599060817125556797e-03
9.63289 6.599718035763377580e-03
9.63521 6.600371115849663906e-03
9.63753 6.601020498569145148e-03
9.64043 6.601826902162686445e-03
9.64275 6.602467897580310309e-03
9.64507 6.603105355036871169e-03
9.64797 6.603897220244596064e-03
9.65029 6.604526972971775517e-03
9.65261 6.605153438674154186e-03
9.6555 6.605932125491412524e-03
9.65782 6.606551711444624136e-03
9.66014 6.607168400250938364e-03
9.66304 6.607935405670940961e-03
9.66536 6.608546088845150719e-03
9.66768 6.609154225862538638e-03
9.67058 6.609911302308705411e-03
9.6729 6.610514409408272535e-03
9.67522 6.611115645826534486e-03
9.67754 6.611714993255711492e-03
9.68044 6.612461851013860976e-03
9.68277 6.613057752874483552e-03
9.68509 6.613652196623281271e-03
9.68799 6.614394079393563775e-03
9.69032 6.614986325939962303e-03
9.69265 6.615578056995084430e-03
9.69556 6.616316755104382358e-03
9.69788 6.616907276696044546e-03
9.70021 6.617497558572930927e-03
9.70254 6.618087347993246126e-03
9.70546 6.618824946634659263e-03
9.70779 6.619414620681608220e-03
9.71012 6.620003564640867220e-03
9.71304 6.620739156244259335e-03
9.71537 6.621326874136027746e-03
9.71769 6.621913865862637770e-03
9.72002 6.622500541063471718e-03
9.72293 6.623232439610740770e-03
9.72525 6.623817515117123161e-03
9.72757 6.624401638692766457e-03
9.73048 6.625130855905469671e-03
9.7328 6.625713267124044327e-03
9.73512 6.626294696611178051e-03
9.73802 6.627020234294103175e-03
9.74033 6.627599240100017636e-03
9.74265 6.628177194827373706e-03
9.74555 6.628897572249617398e-03
9.74786 6.629472295675033038e-03
9.75018 6.630045384042550574e-03
9.75307 6.630759255315888182e-03
9.75538 6.631328285508151545e-03
9.7577 6.631895211490476671e-03
9.76001 6.632460057391430762e-03
9.7629 6.633162855208201737e-03
9.76522 6.633722410648252264e-03
9.76753 6.634279454509243480e-03
9.77042 6.634972072068814723e-03
9.77273 6.635523135842974832e-03
9.77505 6.636071437934038322e-03
9.77794 6.636752795308165781e-03
9.78025 6.637294714029593444e-03
9.78257 6.637833675395946736e-03
9.78546 6.638503326751525602e-03
9.78777 6.639035763877419380e-03
9.79009 6.639565295574654212e-03
9.79298 6.640223329851809714e-03
9.7953 6.640746531490394552e-03
9.79762 6.641267283407591843e-03
9.80051 6.641914483350597025e-03
9.80283 6.642429708976105296e-03
9.80515 6.642942686844159443e-03
9.80805 6.643581118317629965e-03
9.81037 6.644089972053564101e-03
9.81269 6.644597143622034754e-03
9.81501 6.645103373258917125e-03
9.81792 6.645734383978678210e-03
9.82024 6.646238160814893145e-03
9.82257 6.646739859910352592e-03
9.82548 6.647364213377322112e-03
9.82781 6.647861856464916917e-03
9.83014 6.648357746882962299e-03
9.83305 6.648975691404789869e-03
9.83538 6.649468569429676547e-03
9.83771 6.649959871551062648e-03
9.84003 6.650450106743338585e-03
9.84294 6.651061621701061070e-03
9.84527 6.651549906076467851e-03
9.84759 6.652037828830849840e-03
9.85049 6.652646854070929337e-03
9.85281 6.653133991521507570e-03
9.85513 6.653620885289639186e-03
9.85803 6.654229598301884818e-03
9.86035 6.654716687053120749e-03
9.86267 6.655203923840649106e-03
9.86557 6.655813162183193965e-03
9.86789 6.656299691359603317e-03
9.87021 6.656785647941878235e-03
9.87252 6.657271137229996659e-03
9.87542 6.657877622308922688e-03
9.87774 6.658362533947472309e-03
9.88005 6.658847159501861228e-03
9.88295 6.659452493903998162e-03
9.88526 6.659936304564370232e-03
9.88758 6.660419610652778231e-03
9.89048 6.661022956025698660e-03
9.89279 6.661504835082742056e-03
9.89511 6.661985952279398174e-03
9.89801 6.662586110235900992e-03
9.90033 6.663065105280330594e-03
9.90264 6.663543100115318016e-03
9.90554 6.664138825360882944e-03
9.90786 6.664614158444255240e-03
9.91018 6.665088049938074945e-03
9.9125 6.665560592352972290e-03
9.9154 6.666149240082426715e-03
9.91773 6.666618389800334395e-03
9.92005 6.667086116523896454e-03
9.92295 6.667668290583656822e-03
9.92528 6.668132448650239581e-03
9.92761 6.668594775861436640e-03
9.93051 6.669170469435885436e-03
9.93284 6.669629152842943866e-03
9.93517 6.670085932953876556e-03
9.93808 6.670654092396200753e-03
9.94041 6.671106654542350439e-03
9.94273 6.671556918061157838e-03
