#t,ms massf-Ar
0.003 1.000000000000000000e+00
0.005 1.000000000000000000e+00
0.008 1.000000000000000000e+00
0.01 1.000000000000000000e+00
0.0129324 1.000000000000000000e+00
0.0152784 1.000000000000000000e+00
0.0176291 1.000000000000000000e+00
0.0205694 1.000000000000000000e+00
0.0229245 1.000000000000000000e+00
0.0252824 1.000000000000000000e+00
0.0276402 1.000000000000000000e+00
0.0305804 1.000000000000000000e+00
0.0329326 1.000000000000000000e+00
0.0352671 1.000000000000000000e+00
0.0375956 1.000000000000000000e+00
0.040494 1.000000000000000000e+00
0.0427981 1.000000000000000000e+00
0.0451022 1.000000000000000000e+00
0.0479388 1.000000000000000000e+00
0.0502082 1.000000000000000000e+00
0.0530041 1.000000000000000000e+00
0.0552327 1.000000000000000000e+00
0.0579873 1.000000000000000000e+00
0.0601743 1.000000000000000000e+00
0.0628915 1.000000000000000000e+00
0.0650454 1.000000000000000000e+00
0.0677309 1.000000000000000000e+00
0.0703885 1.000000000000000000e+00
0.0725147 1.000000000000000000e+00
0.0751435 1.000000000000000000e+00
0.0777723 1.000000000000000000e+00
0.0803793 1.000000000000000000e+00
0.0829862 1.000000000000000000e+00
0.0850594 1.000000000000000000e+00
0.0876508 1.000000000000000000e+00
0.090234 1.000000000000000000e+00
0.0928152 1.000000000000000000e+00
0.0953792 1.000000000000000000e+00
0.0979388 1.000000000000000000e+00
0.100475 1.000000000000000000e+00
0.103006 1.000000000000000000e+00
0.105016 1.000000000000000000e+00
0.107524 1.000000000000000000e+00
0.11002 1.000000000000000000e+00
0.112509 1.000000000000000000e+00
0.115485 1.000000000000000000e+00
0.117961 1.000000000000000000e+00
0.120429 1.000000000000000000e+00
0.122896 1.000000000000000000e+00
0.125358 1.000000000000000000e+00
0.127819 1.000000000000000000e+00
0.130279 1.000000000000000000e+00
0.132739 1.000000000000000000e+00
0.135199 1.000000000000000000e+00
0.13766 1.000000000000000000e+00
0.140113 1.000000000000000000e+00
0.142564 1.000000000000000000e+00
0.145009 1.000000000000000000e+00
0.147941 1.000000000000000000e+00
0.150379 1.000000000000000000e+00
0.152817 1.000000000000000000e+00
0.155251 1.000000000000000000e+00
0.157686 1.000000000000000000e+00
0.160119 1.000000000000000000e+00
0.162553 1.000000000000000000e+00
0.165473 1.000000000000000000e+00
0.167908 1.000000000000000000e+00
0.170344 1.000000000000000000e+00
0.17278 1.000000000000000000e+00
0.175219 1.000000000000000000e+00
0.177658 1.000000000000000000e+00
0.180096 1.000000000000000000e+00
0.182534 1.000000000000000000e+00
0.185458 1.000000000000000000e+00
0.187895 1.000000000000000000e+00
0.190332 1.000000000000000000e+00
0.192769 1.000000000000000000e+00
0.195206 1.000000000000000000e+00
0.197644 1.000000000000000000e+00
0.200084 1.000000000000000000e+00
0.202524 1.000000000000000000e+00
0.205454 1.000000000000000000e+00
0.207897 1.000000000000000000e+00
0.210342 1.000000000000000000e+00
0.212788 1.000000000000000000e+00
0.215236 1.000000000000000000e+00
0.217684 1.000000000000000000e+00
0.220132 1.000000000000000000e+00
0.222581 1.000000000000000000e+00
0.225029 1.000000000000000000e+00
0.227969 1.000000000000000000e+00
0.23042 1.000000000000000000e+00
0.232872 1.000000000000000000e+00
0.235324 1.000000000000000000e+00
0.237778 1.000000000000000000e+00
0.240232 1.000000000000000000e+00
0.242687 1.000000000000000000e+00
0.245143 1.000000000000000000e+00
0.247601 1.000000000000000000e+00
0.250059 1.000000000000000000e+00
0.252517 1.000000000000000000e+00
0.255468 1.000000000000000000e+00
0.257927 1.000000000000000000e+00
0.260387 1.000000000000000000e+00
0.262847 1.000000000000000000e+00
0.265308 1.000000000000000000e+00
0.267769 1.000000000000000000e+00
0.27023 1.000000000000000000e+00
0.272692 1.000000000000000000e+00
0.275154 1.000000000000000000e+00
0.277616 1.000000000000000000e+00
0.280079 1.000000000000000000e+00
0.282542 1.000000000000000000e+00
0.285005 1.000000000000000000e+00
0.287961 1.000000000000000000e+00
0.290425 1.000000000000000000e+00
0.292888 1.000000000000000000e+00
0.295351 1.000000000000000000e+00
0.297815 1.000000000000000000e+00
0.300278 1.000000000000000000e+00
0.302742 1.000000000000000000e+00
0.305205 1.000000000000000000e+00
0.307668 1.000000000000000000e+00
0.310131 1.000000000000000000e+00
0.312594 1.000000000000000000e+00
0.315058 1.000000000000000000e+00
0.317521 1.000000000000000000e+00
0.320477 1.000000000000000000e+00
0.322941 1.000000000000000000e+00
0.325404 1.000000000000000000e+00
0.327867 1.000000000000000000e+00
0.33033 1.000000000000000000e+00
0.332793 1.000000000000000000e+00
0.335256 1.000000000000000000e+00
0.337719 1.000000000000000000e+00
0.340182 1.000000000000000000e+00
0.342644 1.000000000000000000e+00
0.345107 1.000000000000000000e+00
0.347569 1.000000000000000000e+00
0.350032 1.000000000000000000e+00
0.352987 1.000000000000000000e+00
0.355449 1.000000000000000000e+00
0.357912 1.000000000000000000e+00
0.360375 1.000000000000000000e+00
0.362838 1.000000000000000000e+00
0.365301 1.000000000000000000e+00
0.367764 1.000000000000000000e+00
0.370227 1.000000000000000000e+00
0.372691 1.000000000000000000e+00
0.375154 1.000000000000000000e+00
0.377618 1.000000000000000000e+00
0.380082 1.000000000000000000e+00
0.382546 1.000000000000000000e+00
0.38501 1.000000000000000000e+00
0.387967 1.000000000000000000e+00
0.390432 1.000000000000000000e+00
0.392896 1.000000000000000000e+00
0.395361 1.000000000000000000e+00
0.397825 1.000000000000000000e+00
0.40029 1.000000000000000000e+00
0.402754 1.000000000000000000e+00
0.405219 1.000000000000000000e+00
0.407684 1.000000000000000000e+00
0.410149 1.000000000000000000e+00
0.412614 1.000000000000000000e+00
0.41508 1.000000000000000000e+00
0.417545 1.000000000000000000e+00
0.42001 1.000000000000000000e+00
0.422969 1.000000000000000000e+00
0.425435 1.000000000000000000e+00
0.4279 1.000000000000000000e+00
0.430367 1.000000000000000000e+00
0.432833 1.000000000000000000e+00
0.4353 1.000000000000000000e+00
0.437766 1.000000000000000000e+00
0.440233 1.000000000000000000e+00
0.4427 1.000000000000000000e+00
0.445166 1.000000000000000000e+00
0.447633 1.000000000000000000e+00
0.4501 1.000000000000000000e+00
0.452567 1.000000000000000000e+00
0.455035 1.000000000000000000e+00
0.457502 1.000000000000000000e+00
0.460463 1.000000000000000000e+00
0.462931 1.000000000000000000e+00
0.465399 1.000000000000000000e+00
0.467867 1.000000000000000000e+00
0.470334 1.000000000000000000e+00
0.472802 1.000000000000000000e+00
0.475269 1.000000000000000000e+00
0.477736 1.000000000000000000e+00
0.480203 1.000000000000000000e+00
0.48267 1.000000000000000000e+00
0.485137 1.000000000000000000e+00
0.487604 1.000000000000000000e+00
0.490071 1.000000000000000000e+00
0.492538 1.000000000000000000e+00
0.495005 1.000000000000000000e+00
0.497965 1.000000000000000000e+00
0.500431 1.000000000000000000e+00
0.502898 1.000000000000000000e+00
0.505364 1.000000000000000000e+00
0.50783 1.000000000000000000e+00
0.510296 1.000000000000000000e+00
0.512761 1.000000000000000000e+00
0.515227 1.000000000000000000e+00
0.517693 1.000000000000000000e+00
0.520158 1.000000000000000000e+00
0.522624 1.000000000000000000e+00
0.525089 1.000000000000000000e+00
0.527554 1.000000000000000000e+00
0.530019 1.000000000000000000e+00
0.532976 1.000000000000000000e+00
0.53544 1.000000000000000000e+00
0.537904 1.000000000000000000e+00
0.540368 1.000000000000000000e+00
0.542831 1.000000000000000000e+00
0.545294 1.000000000000000000e+00
0.547757 1.000000000000000000e+00
0.55022 1.000000000000000000e+00
0.552682 1.000000000000000000e+00
0.555143 1.000000000000000000e+00
0.557605 1.000000000000000000e+00
0.560066 1.000000000000000000e+00
0.562527 1.000000000000000000e+00
0.56548 1.000000000000000000e+00
0.56794 1.000000000000000000e+00
0.5704 1.000000000000000000e+00
0.57286 1.000000000000000000e+00
0.57532 1.000000000000000000e+00
0.577779 1.000000000000000000e+00
0.580238 1.000000000000000000e+00
0.582696 1.000000000000000000e+00
0.585154 1.000000000000000000e+00
0.587611 1.000000000000000000e+00
0.590068 1.000000000000000000e+00
0.592525 1.000000000000000000e+00
0.595472 1.000000000000000000e+00
0.597928 1.000000000000000000e+00
0.600383 1.000000000000000000e+00
0.602838 1.000000000000000000e+00
0.605293 1.000000000000000000e+00
0.607747 1.000000000000000000e+00
0.6102 1.000000000000000000e+00
0.612653 1.000000000000000000e+00
0.615106 1.000000000000000000e+00
0.617558 1.000000000000000000e+00
0.62001 1.000000000000000000e+00
0.622952 1.000000000000000000e+00
0.625403 1.000000000000000000e+00
0.627854 1.000000000000000000e+00
0.630304 1.000000000000000000e+00
0.632754 1.000000000000000000e+00
0.635204 1.000000000000000000e+00
0.637652 1.000000000000000000e+00
0.640101 1.000000000000000000e+00
0.642549 1.000000000000000000e+00
0.645486 1.000000000000000000e+00
0.647933 1.000000000000000000e+00
0.650379 1.000000000000000000e+00
0.652825 1.000000000000000000e+00
0.65527 1.000000000000000000e+00
0.657715 1.000000000000000000e+00
0.660159 1.000000000000000000e+00
0.662603 1.000000000000000000e+00
0.665047 1.000000000000000000e+00
0.667978 1.000000000000000000e+00
0.67042 1.000000000000000000e+00
0.672862 1.000000000000000000e+00
0.675304 1.000000000000000000e+00
0.677745 1.000000000000000000e+00
0.680185 1.000000000000000000e+00
0.682625 1.000000000000000000e+00
0.685064 1.000000000000000000e+00
0.687503 1.000000000000000000e+00
0.690429 1.000000000000000000e+00
0.692867 1.000000000000000000e+00
0.695304 1.000000000000000000e+00
0.697741 1.000000000000000000e+00
0.700177 1.000000000000000000e+00
0.702612 1.000000000000000000e+00
0.705047 1.000000000000000000e+00
0.707968 1.000000000000000000e+00
0.710402 1.000000000000000000e+00
0.712835 1.000000000000000000e+00
0.715267 1.000000000000000000e+00
0.7177 1.000000000000000000e+00
0.720131 1.000000000000000000e+00
0.722562 1.000000000000000000e+00
0.725477 1.000000000000000000e+00
0.727907 1.000000000000000000e+00
0.730336 1.000000000000000000e+00
0.732764 1.000000000000000000e+00
0.735192 1.000000000000000000e+00
0.737619 1.000000000000000000e+00
0.740045 1.000000000000000000e+00
0.742957 1.000000000000000000e+00
0.745382 1.000000000000000000e+00
0.747807 1.000000000000000000e+00
0.75023 1.000000000000000000e+00
0.752654 1.000000000000000000e+00
0.755076 1.000000000000000000e+00
0.757982 1.000000000000000000e+00
0.760403 1.000000000000000000e+00
0.762822 1.000000000000000000e+00
0.765241 1.000000000000000000e+00
0.767658 1.000000000000000000e+00
0.770075 1.000000000000000000e+00
0.772973 1.000000000000000000e+00
0.775388 1.000000000000000000e+00
0.777801 1.000000000000000000e+00
0.780214 1.000000000000000000e+00
0.782625 1.000000000000000000e+00
0.785035 1.000000000000000000e+00
0.787926 1.000000000000000000e+00
0.790334 1.000000000000000000e+00
0.792739 1.000000000000000000e+00
0.795145 1.000000000000000000e+00
0.797548 1.000000000000000000e+00
0.800431 1.000000000000000000e+00
0.802831 1.000000000000000000e+00
0.805231 1.000000000000000000e+00
0.807629 1.000000000000000000e+00
0.810027 1.000000000000000000e+00
0.812902 1.000000000000000000e+00
0.815296 1.000000000000000000e+00
0.817689 1.000000000000000000e+00
0.820081 1.000000000000000000e+00
0.82295 1.000000000000000000e+00
0.825339 1.000000000000000000e+00
0.827728 1.000000000000000000e+00
0.830115 1.000000000000000000e+00
0.832501 1.000000000000000000e+00
0.835362 1.000000000000000000e+00
0.837745 1.000000000000000000e+00
0.840127 1.000000000000000000e+00
0.842508 1.000000000000000000e+00
0.845363 1.000000000000000000e+00
0.847741 1.000000000000000000e+00
0.850117 1.000000000000000000e+00
0.852968 1.000000000000000000e+00
0.855342 1.000000000000000000e+00
0.857715 1.000000000000000000e+00
0.860086 1.000000000000000000e+00
0.86293 1.000000000000000000e+00
0.865299 1.000000000000000000e+00
0.867666 1.000000000000000000e+00
0.870033 1.000000000000000000e+00
0.872871 1.000000000000000000e+00
0.875235 1.000000000000000000e+00
0.877597 1.000000000000000000e+00
0.880431 1.000000000000000000e+00
0.882791 1.000000000000000000e+00
0.88515 1.000000000000000000e+00
0.887508 1.000000000000000000e+00
0.890336 1.000000000000000000e+00
0.892691 1.000000000000000000e+00
0.895046 1.000000000000000000e+00
0.897869 1.000000000000000000e+00
0.900221 1.000000000000000000e+00
0.902572 1.000000000000000000e+00
0.905391 1.000000000000000000e+00
0.907739 1.000000000000000000e+00
0.910086 1.000000000000000000e+00
0.912901 1.000000000000000000e+00
0.915245 1.000000000000000000e+00
0.917589 1.000000000000000000e+00
0.920399 1.000000000000000000e+00
0.922741 1.000000000000000000e+00
0.92508 1.000000000000000000e+00
0.927887 1.000000000000000222e+00
0.930224 1.000000000000000000e+00
0.932562 1.000000000000000000e+00
0.935364 1.000000000000000000e+00
0.937699 1.000000000000000000e+00
0.940032 1.000000000000000000e+00
0.94283 1.000000000000000000e+00
0.945161 1.000000000000000000e+00
0.947956 1.000000000000000000e+00
0.950285 1.000000000000000000e+00
0.952612 1.000000000000000000e+00
0.955404 1.000000000000000000e+00
0.957728 9.999999999999998890e-01
0.960052 1.000000000000000000e+00
0.962839 1.000000000000000000e+00
0.965161 1.000000000000000000e+00
0.967945 1.000000000000000000e+00
0.970264 1.000000000000000000e+00
0.972582 1.000000000000000000e+00
0.975363 1.000000000000000000e+00
0.977678 1.000000000000000000e+00
0.980456 1.000000000000000000e+00
0.98277 9.999999999999998890e-01
0.985082 1.000000000000000000e+00
0.987856 1.000000000000000000e+00
0.990166 9.999999994687853722e-01
0.992938 9.999999890797784952e-01
0.995245 9.999998915780538011e-01
0.997553 9.999995748224613790e-01
1.00032 9.999981529354418086e-01
1.00262 9.999965651852649184e-01
1.00539 9.999940838140397581e-01
1.00769 9.999915340939533603e-01
1.01045 9.999880701517338544e-01
1.01275 9.999849988560373104e-01
1.01505 9.999818597904057693e-01
1.01781 9.999780770697063170e-01
1.02011 9.999749362536016761e-01
1.02286 9.999711929007865097e-01
1.02516 9.999680983389420685e-01
1.02791 9.999644284812047035e-01
1.0302 9.999614077481590035e-01
1.03295 9.999578226292877847e-01
1.03524 9.999548628066258216e-01
1.03753 9.999519289102410946e-01
1.04027 9.999484441815543745e-01
1.04256 9.999455710534979058e-01
1.0453 9.999421607844807269e-01
1.04759 9.999393499409758856e-01
1.05033 9.999360171862800017e-01
1.05261 9.999332724139152750e-01
1.05535 9.999300195563283200e-01
1.05763 9.999273399951638108e-01
1.06036 9.999241620315555412e-01
1.06264 9.999215424700288457e-01
1.06537 9.999184317948228706e-01
1.06765 9.999158651952280152e-01
1.07038 9.999128136519738197e-01
1.07265 9.999102941483070106e-01
1.07538 9.999072964501547478e-01
1.07765 9.999048213386252382e-01
1.08038 9.999018766751777143e-01
1.08264 9.998994459149602720e-01
1.08537 9.998965560145975928e-01
1.08763 9.998941714810660741e-01
1.09035 9.998913385126829700e-01
1.09262 9.998890014644884472e-01
1.09533 9.998862254288004570e-01
1.0976 9.998839342652925399e-01
1.10031 9.998812110190490321e-01
1.10257 9.998789604927434960e-01
1.10528 9.998762819348042674e-01
1.10754 9.998740643339480982e-01
1.11025 9.998714190028135107e-01
1.1125 9.998692245487553754e-01
1.11521 9.998666007320388127e-01
1.11791 9.998639845864168985e-01
1.12017 9.998618078479111215e-01
1.12287 9.998591990678250552e-01
1.12512 9.998570253186287449e-01
1.12782 9.998544179574586632e-01
1.13007 9.998522439103921799e-01
1.13276 9.998496346408342061e-01
1.13501 9.998474592178930864e-01
1.1377 9.998448481875656935e-01
1.14039 9.998422370952072535e-01
1.14264 9.998400610533727528e-01
1.14533 9.998374515158657827e-01
1.14757 9.998352776263242925e-01
1.15025 9.998326725955196670e-01
1.15294 9.998300705701025359e-01
1.15518 9.998279057592893704e-01
1.15786 9.998253123217787364e-01
1.1601 9.998231549618862291e-01
1.16278 9.998205711143878238e-01
1.16501 9.998184212189419329e-01
1.16769 9.998158474081738634e-01
1.17036 9.998132766518560421e-01
1.17259 9.998111366253821242e-01
1.17526 9.998085690805887937e-01
1.17794 9.998060016627161595e-01
1.18017 9.998038617165897479e-01
1.18284 9.998012938108568060e-01
1.18507 9.997991538312545057e-01
1.18775 9.997965874592246172e-01
1.19043 9.997940218107720378e-01
1.19267 9.997918841330398765e-01
1.19535 9.997893150928079953e-01
1.19758 9.997871676616771897e-01
1.20027 9.997845761368011619e-01
1.2025 9.997823981118348913e-01
1.20519 9.997797536390045092e-01
1.20788 9.997770641376576561e-01
1.21012 9.997747813995090382e-01
1.21281 9.997719812674087381e-01
1.21505 9.997695915168531844e-01
1.21774 9.997666469580938076e-01
1.22043 9.997636124740710839e-01
1.22268 9.997610119985407273e-01
1.22537 9.997578055766702665e-01
1.22762 9.997550673832079626e-01
1.23032 9.997517136444610264e-01
1.23257 9.997488792702569071e-01
1.23527 9.997454552536659822e-01
1.23752 9.997426093868598818e-01
1.24022 9.997392344964918243e-01
1.24292 9.997359364746033483e-01
1.24517 9.997332664392243329e-01
1.24788 9.997301717243896046e-01
1.25013 9.997276898280449409e-01
1.25284 9.997248285260118550e-01
1.2551 9.997225361968203883e-01
1.25781 9.997198819812274095e-01
1.26007 9.997177388012538080e-01
1.26278 9.997152397260474777e-01
1.26504 9.997132173384305487e-01
1.26776 9.997108702256439772e-01
1.27002 9.997089919669379654e-01
1.27274 9.997068497115750851e-01
1.275 9.997051744749051450e-01
1.27772 9.997033168022264604e-01
1.28044 9.997016528449808037e-01
1.28271 9.997004297896475711e-01
1.28543 9.996991992505599445e-01
1.2877 9.996983899058012879e-01
1.29043 9.996976779103573518e-01
1.2927 9.996973610221449036e-01
1.29543 9.996972315308781942e-01
1.2977 9.996974125397453115e-01
1.30043 9.996980715092838032e-01
1.30271 9.996991924940666907e-01
1.30544 9.997012885330196497e-01
1.30772 9.997036938118895044e-01
1.31045 9.997074317710714642e-01
1.31273 9.997113015762473243e-01
1.31501 9.997158988144303482e-01
1.31775 9.997224230383678911e-01
1.32003 9.997287308294962038e-01
1.32277 9.997373692876199147e-01
1.32506 9.997454663049739620e-01
1.3278 9.997562410279298151e-01
1.33008 9.997660759309479062e-01
1.33283 9.997788313549724748e-01
1.33512 9.997901859443955042e-01
1.33786 9.998045535645071480e-01
1.34015 9.998170296903409193e-01
1.3429 9.998324281147314974e-01
1.34519 9.998454628562113422e-01
1.34794 9.998611399640691122e-01
1.35024 9.998740609511037603e-01
1.35253 9.998867020163029196e-01
1.35528 9.999013015205795440e-01
1.35758 9.999128521621509780e-01
1.36033 9.999258054818546126e-01
1.36263 9.999357480117996300e-01
1.36539 9.999465622194696479e-01
1.36769 9.999546051375027833e-01
1.37045 9.999630805241508380e-01
1.37275 9.999691815657769656e-01
1.37505 9.999744466108297924e-01
1.37781 9.999797339554250541e-01
1.38012 9.999833578627476127e-01
1.38288 9.999868748567661836e-01
1.38518 9.999892051649645897e-01
1.38795 9.999913981850626632e-01
1.39026 9.999928124258974371e-01
1.39256 9.999939305947856960e-01
1.39533 9.999949864008204070e-01
1.39764 9.999956988021652116e-01
1.40041 9.999964137037751222e-01
1.40272 9.999969212744719282e-01
1.40504 9.999973638459912495e-01
1.40781 9.999978213074960376e-01
1.41012 9.999981482715468717e-01
1.4129 9.999984831795997176e-01
1.41521 9.999987196491728625e-01
1.41753 9.999989220896750020e-01
1.42031 9.999991256524710659e-01
1.42262 9.999992669844767201e-01
1.4254 9.999994077426209715e-01
1.42772 9.999995046978299440e-01
1.43004 9.999995861122437102e-01
1.43283 9.999996666966857184e-01
1.43515 9.999997220003550291e-01
1.43793 9.999997766973415247e-01
1.44025 9.999998142138971646e-01
1.44258 9.999998456263405888e-01
1.44536 9.999998766181330545e-01
1.44769 9.999998977812470935e-01
1.45001 9.999999154256323797e-01
1.4528 9.999999327270822080e-01
1.45513 9.999999444785701019e-01
1.45792 9.999999559629828561e-01
1.46025 9.999999637399795693e-01
1.46258 9.999999701760067250e-01
1.46538 9.999999764470590691e-01
1.46771 9.999999806786150636e-01
1.47004 9.999999841687151614e-01
1.47284 9.999999875551511819e-01
1.47517 9.999999898304970936e-01
1.4775 9.999999917011893613e-01
1.48031 9.999999935091574699e-01
1.48264 9.999999947199053052e-01
1.48545 9.999999958863912131e-01
1.48779 9.999999966646534455e-01
1.49013 9.999999972994105812e-01
1.49293 9.999999979076820145e-01
1.49528 9.999999983109468804e-01
1.49762 9.999999986383488748e-01
1.50043 9.999999989505318210e-01
1.50278 9.999999991566422830e-01
1.50513 9.999999993233806839e-01
1.50794 9.999999994816800575e-01
1.5103 9.999999995857458135e-01
1.51265 9.999999996694917126e-01
1.515 9.999999997368359539e-01
1.51783 9.999999998002900847e-01
1.52019 9.999999998417120617e-01
1.52255 9.999999998748035912e-01
1.52538 9.999999999058499789e-01
1.52775 9.999999999259636674e-01
1.53012 9.999999999419646457e-01
1.53297 9.999999999568516262e-01
1.53534 9.999999999664321848e-01
1.53772 9.999999999739892509e-01
1.5401 9.999999999799368267e-01
1.54297 9.999999999854071175e-01
1.54536 9.999999999888804503e-01
1.54775 9.999999999915862858e-01
1.55015 9.999999999936856065e-01
1.55255 9.999999999953078644e-01
1.55544 9.999999999967664754e-01
1.55785 9.999999999976690868e-01
1.56027 9.999999999983498755e-01
1.56269 9.999999999988690158e-01
1.56512 9.999999999992478239e-01
1.56755 9.999999999995544675e-01
1.57048 9.999999999998914202e-01
1.57293 9.999999999999998890e-01
1.57538 1.000000000000000000e+00
1.57784 1.000000000000000000e+00
1.58031 1.000000000000000000e+00
1.58278 1.000000000000000000e+00
1.58526 1.000000000000000000e+00
1.58775 9.999999999999998890e-01
1.59024 9.999999999999998890e-01
1.59274 1.000000000000000000e+00
1.59524 9.999999999999998890e-01
1.59776 9.999999999999998890e-01
1.60028 1.000000000000000000e+00
1.60281 1.000000000000000000e+00
1.60534 1.000000000000000000e+00
1.60789 1.000000000000000000e+00
1.61044 1.000000000000000000e+00
1.613 9.999999999999998890e-01
1.61505 1.000000000000000000e+00
1.61763 1.000000000000000000e+00
1.62021 9.999999999999998890e-01
1.62281 1.000000000000000000e+00
1.62541 1.000000000000000000e+00
1.6275 1.000000000000000000e+00
1.63012 1.000000000000000000e+00
1.63275 1.000000000000000222e+00
1.63539 1.000000000000000000e+00
1.6375 1.000000000000000000e+00
1.64016 1.000000000000000000e+00
1.64282 1.000000000000000000e+00
1.6455 9.999999999999998890e-01
1.64764 9.999999999999998890e-01
1.65034 1.000000000000000000e+00
1.65304 1.000000000000000000e+00
1.65521 1.000000000000000000e+00
1.65793 1.000000000000000000e+00
1.66011 1.000000000000000000e+00
1.66285 1.000000000000000000e+00
1.66505 1.000000000000000000e+00
1.6678 1.000000000000000000e+00
1.67001 1.000000000000000000e+00
1.67278 1.000000000000000000e+00
1.675 1.000000000000000000e+00
1.67779 1.000000000000000000e+00
1.68002 1.000000000000000000e+00
1.68282 1.000000000000000000e+00
1.68506 9.999999999999998890e-01
1.68788 1.000000000000000000e+00
1.69013 1.000000000000000000e+00
1.69296 1.000000000000000000e+00
1.69523 1.000000000000000000e+00
1.69807 9.999999999999998890e-01
1.70035 1.000000000000000222e+00
1.70263 1.000000000000000222e+00
1.7055 1.000000000000000222e+00
1.7078 9.999999999999998890e-01
1.7101 1.000000000000000000e+00
1.71299 1.000000000000000000e+00
1.7153 1.000000000000000000e+00
1.71763 1.000000000000000000e+00
1.72054 1.000000000000000000e+00
1.72287 1.000000000000000000e+00
1.72521 1.000000000000000000e+00
1.72756 9.999999999999998890e-01
1.7305 9.999999999999998890e-01
1.73285 1.000000000000000000e+00
1.7352 1.000000000000000000e+00
1.73755 1.000000000000000000e+00
1.74038 1.000000000000000222e+00
1.74265 1.000000000000000000e+00
1.74536 9.999999999999998890e-01
1.74803 1.000000000000000222e+00
1.7502 1.000000000000000000e+00
1.75291 9.999999999999998890e-01
1.75507 1.000000000000000000e+00
1.75774 1.000000000000000000e+00
1.76038 9.999999999999998890e-01
1.76298 1.000000000000000000e+00
1.76506 1.000000000000000000e+00
1.76768 1.000000000000000000e+00
1.77029 1.000000000000000000e+00
1.7729 1.000000000000000000e+00
1.77551 9.999999999999998890e-01
1.77758 1.000000000000000000e+00
1.78018 1.000000000000000000e+00
1.78281 1.000000000000000000e+00
1.78543 1.000000000000000000e+00
1.7875 1.000000000000000000e+00
1.7901 9.999999999999998890e-01
1.79275 1.000000000000000000e+00
1.79542 1.000000000000000000e+00
1.79754 9.999999999999998890e-01
1.80017 1.000000000000000000e+00
1.8028 1.000000000000000000e+00
1.80542 1.000000000000000000e+00
1.80752 1.000000000000000000e+00
1.81016 1.000000000000000000e+00
1.81279 1.000000000000000000e+00
1.81541 9.999999999999998890e-01
1.81751 9.999999999999998890e-01
1.82013 1.000000000000000000e+00
1.82276 1.000000000000000000e+00
1.82544 9.999999999999998890e-01
1.82759 9.999999999999998890e-01
1.83023 1.000000000000000222e+00
1.83288 1.000000000000000000e+00
1.83501 1.000000000000000222e+00
1.83768 1.000000000000000000e+00
1.84033 1.000000000000000000e+00
1.84297 1.000000000000000000e+00
1.84508 1.000000000000000000e+00
1.84771 1.000000000000000000e+00
1.85038 1.000000000000000000e+00
1.85253 9.999999999999998890e-01
1.85521 1.000000000000000000e+00
1.85789 1.000000000000000000e+00
1.86004 1.000000000000000000e+00
1.86273 1.000000000000000222e+00
1.86542 9.999999999999998890e-01
1.86754 1.000000000000000000e+00
1.8702 9.999999999999998890e-01
1.8729 1.000000000000000000e+00
1.87506 9.999999999999998890e-01
1.87775 1.000000000000000000e+00
1.88044 9.999999999999998890e-01
1.88259 1.000000000000000000e+00
1.88528 1.000000000000000222e+00
1.88798 1.000000000000000000e+00
1.89014 1.000000000000000222e+00
1.89283 1.000000000000000000e+00
1.89551 1.000000000000000222e+00
1.89765 1.000000000000000000e+00
1.90034 1.000000000000000000e+00
1.90302 1.000000000000000000e+00
1.90518 1.000000000000000222e+00
1.90787 1.000000000000000000e+00
1.91051 1.000000000000000000e+00
1.91263 1.000000000000000000e+00
1.91533 1.000000000000000000e+00
1.91803 1.000000000000000000e+00
1.92019 9.999999999999998890e-01
1.92288 1.000000000000000222e+00
1.92506 1.000000000000000000e+00
1.9278 1.000000000000000000e+00
1.93051 1.000000000000000000e+00
1.93263 9.999999999999998890e-01
1.9353 1.000000000000000000e+00
1.93798 1.000000000000000000e+00
1.94012 9.999999999999998890e-01
1.9428 1.000000000000000000e+00
1.94548 9.999999999999998890e-01
1.94764 9.999999999999998890e-01
1.95033 1.000000000000000000e+00
1.9525 1.000000000000000000e+00
1.95522 1.000000000000000000e+00
1.95793 1.000000000000000000e+00
1.96008 1.000000000000000000e+00
1.96278 9.999999999999998890e-01
1.96548 1.000000000000000000e+00
1.96763 1.000000000000000000e+00
1.9703 1.000000000000000000e+00
1.97298 1.000000000000000000e+00
1.97513 1.000000000000000000e+00
1.97782 9.999999999999998890e-01
1.9805 1.000000000000000000e+00
1.98264 9.999999999999998890e-01
1.98533 1.000000000000000000e+00
1.98801 1.000000000000000000e+00
1.99016 1.000000000000000000e+00
1.99285 9.999999999999998890e-01
1.995 1.000000000000000000e+00
1.9977 1.000000000000000000e+00
2.00039 9.999999999999998890e-01
2.00253 9.999999999999998890e-01
2.00521 1.000000000000000000e+00
2.00793 1.000000000000000000e+00
2.0101 9.999999999999998890e-01
2.0128 1.000000000000000000e+00
2.0155 9.999999999999998890e-01
2.01765 9.999999999999998890e-01
2.02033 1.000000000000000000e+00
2.02304 1.000000000000000000e+00
2.02521 1.000000000000000000e+00
2.02792 9.999999999999998890e-01
2.03009 1.000000000000000000e+00
2.03279 1.000000000000000000e+00
2.03549 1.000000000000000222e+00
2.03765 1.000000000000000000e+00
2.04033 1.000000000000000000e+00
2.04303 1.000000000000000000e+00
2.0452 1.000000000000000222e+00
2.04791 9.999999999999998890e-01
2.05008 9.999999999999998890e-01
2.0528 1.000000000000000000e+00
2.0555 1.000000000000000000e+00
2.05766 1.000000000000000000e+00
2.06037 1.000000000000000000e+00
2.06254 1.000000000000000000e+00
2.06525 1.000000000000000000e+00
2.06795 1.000000000000000000e+00
2.07011 1.000000000000000000e+00
2.07281 1.000000000000000000e+00
2.07552 9.999999999999998890e-01
2.07767 1.000000000000000000e+00
2.08036 1.000000000000000000e+00
2.08257 9.999999999999998890e-01
2.08533 1.000000000000000222e+00
2.08751 1.000000000000000222e+00
2.09022 9.999999999999998890e-01
2.09292 1.000000000000000000e+00
2.09508 1.000000000000000000e+00
2.09778 1.000000000000000000e+00
2.10048 1.000000000000000000e+00
2.10263 9.999999999999998890e-01
2.10533 9.999999999999998890e-01
2.10803 1.000000000000000000e+00
2.1102 1.000000000000000000e+00
2.11292 1.000000000000000000e+00
2.1151 1.000000000000000222e+00
2.11782 1.000000000000000000e+00
2.12053 9.999999999999998890e-01
2.12271 1.000000000000000000e+00
2.12542 9.999999999999998890e-01
2.12758 1.000000000000000000e+00
2.13028 1.000000000000000000e+00
2.13298 1.000000000000000000e+00
2.13514 1.000000000000000000e+00
2.13785 9.999999999999998890e-01
2.14002 1.000000000000000000e+00
2.14273 1.000000000000000000e+00
2.14543 1.000000000000000000e+00
2.1476 1.000000000000000000e+00
2.1503 1.000000000000000000e+00
2.153 1.000000000000000000e+00
2.15516 1.000000000000000222e+00
2.15786 1.000000000000000000e+00
2.16001 1.000000000000000000e+00
2.16271 9.999999999999998890e-01
2.16541 1.000000000000000000e+00
2.16758 1.000000000000000000e+00
2.17027 1.000000000000000000e+00
2.17297 1.000000000000000000e+00
2.17513 1.000000000000000000e+00
2.17784 1.000000000000000000e+00
2.1805 1.000000000000000000e+00
2.18263 1.000000000000000000e+00
2.18535 1.000000000000000000e+00
2.18754 1.000000000000000000e+00
2.19025 1.000000000000000000e+00
2.19296 1.000000000000000000e+00
2.19514 9.999999999999998890e-01
2.19787 1.000000000000000000e+00
2.20005 1.000000000000000000e+00
2.20272 1.000000000000000000e+00
2.20539 1.000000000000000000e+00
2.20753 9.999999997749621228e-01
2.21021 9.999999991758590223e-01
2.2129 9.999999987356893438e-01
2.21505 9.999999984517474738e-01
2.21773 9.999999948345860146e-01
2.22041 9.999999956608643936e-01
2.22257 9.999999948213514900e-01
2.22528 9.999999908315567732e-01
2.22797 9.999997669805555933e-01
2.23011 9.999988216493859161e-01
2.23279 9.999956339726817633e-01
2.23547 9.999945175425458688e-01
2.23763 9.999964038884993078e-01
2.24034 9.999937068260936757e-01
2.2425 9.999910828856386491e-01
2.24521 9.999893897855035574e-01
2.24791 9.991180468645513013e-01
2.25005 9.991828401880690214e-01
2.25272 9.993331738230211148e-01
2.2554 9.994386970368088763e-01
2.25754 9.994937138832403756e-01
2.26025 9.995398472866634521e-01
2.26297 9.995700434517191812e-01
2.26513 9.995870133209201480e-01
2.26782 9.992894697451113473e-01
2.2705 9.993210866211598153e-01
2.27264 9.993595067182308167e-01
2.27532 9.994038545372316840e-01
2.27801 9.994406363553824946e-01
2.28017 9.994286898920570206e-01
2.2829 9.993695761311492953e-01
2.28508 9.993358876101777755e-01
2.28777 9.993104379255887126e-01
2.29045 9.992954461085454820e-01
2.29259 9.992874619358986799e-01
2.29527 9.992798450998153781e-01
2.29797 9.992713402203823314e-01
2.30014 9.992564074564451726e-01
2.30283 9.992389628430740078e-01
2.30552 9.992236039649515789e-01
2.30767 9.992125783180063614e-01
2.31036 9.992003040126374858e-01
2.31252 9.991921981110245543e-01
2.31523 9.991813236546845944e-01
2.31794 9.991679146385001875e-01
2.3201 9.991571256886276897e-01
2.32281 9.991436928197854339e-01
2.32552 9.991301448996280365e-01
2.32767 9.991198818705465667e-01
2.3304 9.991100690565498654e-01
2.33259 9.991013220628827129e-01
2.33532 9.990893155573524753e-01
2.33802 9.990769207787788542e-01
2.34019 9.990667244268197633e-01
2.3429 9.990536922435800937e-01
2.34507 9.990429955880083535e-01
2.34778 9.990294351366234560e-01
2.35049 9.990160619263283026e-01
2.35264 9.990057612671831011e-01
2.35534 9.989931761413455291e-01
2.35803 9.989808482902914344e-01
2.36018 9.989711240565178896e-01
2.36288 9.989590648935020578e-01
2.36503 9.989497497905267531e-01
2.36775 9.989384709157762554e-01
2.37051 9.989269102989878357e-01
2.3727 9.989176035314556445e-01
2.3754 9.989060855347303702e-01
2.37756 9.988969152313392774e-01
2.38029 9.988852868663665729e-01
2.38301 9.988731645132372661e-01
2.38521 9.988628786772099089e-01
2.38795 9.988496334436383073e-01
2.39012 9.988392776171213239e-01
2.39282 9.988266957759439624e-01
2.39501 9.988168904390887226e-01
2.39777 9.988048047414602726e-01
2.40051 9.987930546227258288e-01
2.40267 9.987838128800717863e-01
2.40538 9.987723201498662773e-01
2.40755 9.987632618889504821e-01
2.41027 9.987521719110736829e-01
2.41298 9.987411278029481032e-01
2.41515 9.987322951352773925e-01
2.41786 9.987211802032908148e-01
2.42003 9.987122837826437616e-01
2.42276 9.987011979134408080e-01
2.4255 9.986898177920937592e-01
2.42768 9.986804574547661906e-01
2.43039 9.986687191195592339e-01
2.43256 9.986594454450276048e-01
2.4353 9.986478898782323865e-01
2.43805 9.986366558848550623e-01
2.44024 9.986278590865909077e-01
2.44299 9.986169659465595760e-01
2.44516 9.986083000406347221e-01
2.44787 9.985973806514938378e-01
2.45007 9.985885580323891064e-01
2.45283 9.985776751799873008e-01
2.45502 9.985692289664407362e-01
2.45773 9.985589794706519751e-01
2.46047 9.985488055370805860e-01
2.46268 9.985406670718303124e-01
2.46544 9.985304920947071228e-01
2.46762 9.985222898770136357e-01
2.47035 9.985118096969395340e-01
2.47255 9.985031414252431015e-01
2.4753 9.984922709645419614e-01
2.47804 9.984815748444220151e-01
2.48023 9.984731053524555922e-01
2.48296 9.984627509835067860e-01
2.48515 9.984546663642619446e-01
2.48788 9.984447091322905532e-01
2.49007 9.984367346093496742e-01
2.49282 9.984266296830711651e-01
2.49502 9.984184461779739284e-01
2.49777 9.984082284538570162e-01
2.50051 9.983981987011698589e-01
2.5027 9.983902554105593685e-01
2.50543 9.983803290571373612e-01
2.50761 9.983723385472242917e-01
2.51033 9.983623000043557738e-01
2.51252 9.983542718318251241e-01
2.51525 9.983442658915734347e-01
2.51799 9.983342856739862992e-01
2.52018 9.983263131856074946e-01
2.52293 9.983163553198339812e-01
2.52512 9.983084399972314005e-01
2.52787 9.982986177128274630e-01
2.53007 9.982905907775881937e-01
2.5328 9.982803843677053868e-01
2.53554 9.982700099722378040e-01
2.53771 9.982616899573079072e-01
2.54043 9.982513737783634822e-01
2.54261 9.982431617955949132e-01
2.54534 9.982328297635713055e-01
2.54752 9.982245077857493376e-01
2.55023 9.982139916526787671e-01
2.55296 9.982033380614330209e-01
2.55515 9.981946532820649143e-01
2.5579 9.981837657700322053e-01
2.56008 9.981751619349595872e-01
2.5628 9.981645439449507995e-01
2.56553 9.981541308676289415e-01
2.5677 9.981459186300039033e-01
2.57042 9.981357471223866185e-01
2.5726 9.981275905051175679e-01
2.57532 9.981172850623484250e-01
2.57751 9.981089475861619764e-01
2.58024 9.980985007846563395e-01
2.58297 9.980881167170893020e-01
2.58516 9.980798062556534012e-01
2.58792 9.980692040655074759e-01
2.59014 9.980606651898437098e-01
2.59288 9.980500703622678937e-01
2.59507 9.980416395988660483e-01
2.5978 9.980310916587636916e-01
2.60054 9.980205670700036391e-01
2.60273 9.980122050751869534e-01
2.60547 9.980019323003573861e-01
2.60767 9.979938433552852928e-01
2.61042 9.979837655736254476e-01
2.61262 9.979756667359641620e-01
2.61538 9.979653918532316315e-01
2.61759 9.979570821939159897e-01
2.62033 9.979467023842794049e-01
2.62252 9.979383807844179888e-01
2.62527 9.979278831968010355e-01
2.62804 9.979173294404218852e-01
2.63024 9.979089093691682066e-01
2.63298 9.978983634152898130e-01
2.63517 9.978898413541508194e-01
2.63792 9.978790608915024674e-01
2.64013 9.978703860667603731e-01
2.64287 9.978595183364348253e-01
2.64506 9.978507520737666114e-01
2.64782 9.978396387423356106e-01
2.65003 9.978307328452691305e-01
2.65279 9.978197170717016951e-01
2.65552 9.978087559616147795e-01
2.65772 9.977999293896737676e-01
2.66046 9.977887739951187829e-01
2.66266 9.977797644982577818e-01
2.66539 9.977684458798876665e-01
2.66758 9.977593534331231639e-01
2.67032 9.977479541943313768e-01
2.6725 9.977387683744066704e-01
2.67526 9.977271017766361494e-01
2.67801 9.977153231654881660e-01
2.68021 9.977058856353605565e-01
2.68296 9.976940427094732611e-01
2.68516 9.976844877065658146e-01
2.68792 9.976724697598721159e-01
2.69013 9.976628770196407370e-01
2.69287 9.976509701995854851e-01
2.69506 9.976414264421386013e-01
2.69782 9.976293306259005345e-01
2.70003 9.976195548236821420e-01
2.70278 9.976072512292291083e-01
2.70553 9.975948738307111041e-01
2.70773 9.975849544736830055e-01
2.71048 9.975725565486389668e-01
2.7127 9.975625447322271633e-01
2.71549 9.975498785823420089e-01
2.71772 9.975397352951840269e-01
2.72047 9.975271445395701431e-01
2.72267 9.975170257925058959e-01
2.72541 9.975043352544421538e-01
2.72761 9.974941395620317008e-01
2.73035 9.974813941310379795e-01
2.73254 9.974712157697710468e-01
2.73528 9.974585219756818555e-01
2.73802 9.974458193955212382e-01
2.74021 9.974355828688714620e-01
2.74296 9.974226571780602235e-01
2.74517 9.974122358028084667e-01
2.74792 9.973991371288888352e-01
2.75013 9.973886617493679108e-01
2.75287 9.973756834426155127e-01
2.75506 9.973653329966131187e-01
2.75779 9.973524351605407290e-01
2.76052 9.973395234031373624e-01
2.76272 9.973291155068222391e-01
2.76547 9.973160496318617119e-01
2.76767 9.973055669761169417e-01
2.77042 9.972924178371135318e-01
2.77263 9.972818465745255656e-01
2.7754 9.972685488956434252e-01
2.77761 9.972579258316855988e-01
2.78038 9.972446717525904614e-01
2.78259 9.972340479415184866e-01
2.78534 9.972207765670358937e-01
2.78754 9.972101244709368206e-01
2.79029 9.971968085110334279e-01
2.79304 9.971835575077591107e-01
2.79523 9.971730595936629804e-01
2.79796 9.971600457719854704e-01
2.80014 9.971496317713840485e-01
2.80289 9.971365247180582481e-01
2.80509 9.971260102279042581e-01
2.80783 9.971128708760698123e-01
2.81002 9.971023333216926243e-01
2.81277 9.970890878338152241e-01
2.81552 9.970758464719005065e-01
2.81773 9.970652674263554838e-01
2.82049 9.970520412717630565e-01
2.8227 9.970414067910481348e-01
2.82547 9.970280065520928936e-01
2.82767 9.970172480703827222e-01
2.83041 9.970038740501689922e-01
2.8326 9.969932072333925754e-01
2.83536 9.969799136155315100e-01
2.83756 9.969693795479367404e-01
2.84032 9.969563160700245508e-01
2.84252 9.969459380195384579e-01
2.84528 9.969330181485923648e-01
2.84804 9.969201010717650968e-01
2.85024 9.969097520089533759e-01
2.853 9.968967958184076217e-01
2.85521 9.968864134967162505e-01
2.85798 9.968734092526706503e-01
2.86019 9.968630475214346198e-01
2.86295 9.968502260704585893e-01
2.86515 9.968399914354939551e-01
2.8679 9.968271847015074405e-01
2.87011 9.968169216365873053e-01
2.87286 9.968041342223140644e-01
2.87505 9.967939618549401803e-01
2.8778 9.967812968078704206e-01
2.88001 9.967712095736207534e-01
2.88277 9.967587264707314931e-01
2.88553 9.967463624674099965e-01
2.88774 9.967365232411415921e-01
2.89052 9.967241991021354997e-01
2.89274 9.967143463228170797e-01
2.89551 9.967020444567679105e-01
2.89772 9.966921992161968946e-01
2.90048 9.966799364576364173e-01
2.90268 9.966701546058145400e-01
2.90544 9.966578973710201739e-01
2.90765 9.966480484202412393e-01
2.91042 9.966357239117182854e-01
2.91264 9.966258478804485010e-01
2.91541 9.966135038127336143e-01
2.91762 9.966036575815458987e-01
2.92039 9.965913898811288307e-01
2.92261 9.965815913857961617e-01
2.92538 9.965693906895484178e-01
2.9276 9.965596937683078860e-01
2.93036 9.965476375419486388e-01
2.93257 9.965380213676154897e-01
2.93531 9.965260644546085622e-01
2.93751 9.965164861361109905e-01
2.94028 9.965043814520553322e-01
2.94305 9.964922625681850166e-01
2.94526 9.964826048045082318e-01
2.94801 9.964705382456473526e-01
2.95022 9.964608814143586235e-01
2.95299 9.964488185382548435e-01
2.95519 9.964391968165583480e-01
2.95795 9.964272215300751245e-01
2.96016 9.964176672803103374e-01
2.96293 9.964057353410240570e-01
2.96515 9.963962461188796693e-01
2.96791 9.963844979852681805e-01
2.97012 9.963751433802053858e-01
2.97288 9.963634971028000331e-01
2.97508 9.963542032163754669e-01
2.97785 9.963425536289559625e-01
2.98007 9.963332127500512669e-01
2.98285 9.963215283298156866e-01
2.98508 9.963121668142831400e-01
2.98787 9.963004789739926537e-01
2.99008 9.962911730073217287e-01
2.99285 9.962795380129768619e-01
2.99507 9.962702082627361566e-01
2.99785 9.962585474918497219e-01
3.00006 9.962492767741504274e-01
3.00281 9.962377424381837487e-01
3.00502 9.962285472665410868e-01
3.00778 9.962170998055874804e-01
3.01054 9.962057008359167520e-01
3.01275 9.961966019405068540e-01
3.01552 9.961852154328455500e-01
3.01776 9.961760066481875064e-01
3.02055 9.961644757136571826e-01
3.02277 9.961553184070315314e-01
3.02554 9.961438378319484865e-01
3.02776 9.961345962589388536e-01
3.03054 9.961229874109656102e-01
3.03276 9.961136770802708762e-01
3.03553 9.961020127644495403e-01
3.03774 9.960926484731613684e-01
3.04051 9.960809160669229501e-01
3.04272 9.960715116065438357e-01
3.04549 9.960597335256632379e-01
3.04771 9.960502940925047843e-01
3.05048 9.960384521887010179e-01
3.0527 9.960289390230342432e-01
3.05548 9.960169457079365296e-01
3.05771 9.960072661596758303e-01
3.06049 9.959951077599284996e-01
3.06271 9.959853469092402323e-01
3.06548 9.959730550012144690e-01
3.0677 9.959631475388255328e-01
3.07047 9.959506851256647586e-01
3.0727 9.959406209479849670e-01
3.07548 9.959279767118692783e-01
3.0777 9.959178573880986818e-01
3.08047 9.959051856646540246e-01
3.08269 9.958949786625007627e-01
3.08549 9.958821379417915898e-01
3.08772 9.958718731038997962e-01
3.0905 9.958591016767521786e-01
3.09272 9.958488826093241375e-01
3.09548 9.958361687993143585e-01
3.09769 9.958259913252102136e-01
3.10047 9.958132055747268563e-01
3.10269 9.958029530580526645e-01
3.10547 9.957900890394755233e-01
3.1077 9.957797687492000449e-01
3.11048 9.957669132620535768e-01
3.11269 9.957566965296238415e-01
3.11546 9.957439170001323170e-01
3.11768 9.957336466897586114e-01
3.12046 9.957208263912378232e-01
3.1227 9.957105100764296335e-01
3.1255 9.956976446205435538e-01
3.12772 9.956874774916955051e-01
3.13049 9.956748625751810078e-01
3.1327 9.956647890127237055e-01
3.13549 9.956522154501915578e-01
3.13771 9.956421927331808863e-01
3.14049 9.956296955088549394e-01
3.14272 9.956197212962552001e-01
3.14549 9.956073371102601710e-01
3.1477 9.955974440938034631e-01
3.15048 9.955850566013757508e-01
3.1527 9.955751485549166890e-01
3.15548 9.955627582147977828e-01
3.15771 9.955528459670512920e-01
3.16049 9.955404869055923811e-01
3.16271 9.955306345992245287e-01
3.16549 9.955183323311661558e-01
3.16771 9.955084914402053675e-01
3.17049 9.954962161102591800e-01
3.17273 9.954863683316762524e-01
3.17552 9.954740899170512192e-01
3.17775 9.954643532525554450e-01
3.18052 9.954522395468587970e-01
3.18274 9.954425370634525372e-01
3.18553 9.954303816355013490e-01
3.18776 9.954206683528358246e-01
3.19054 9.954085554448818263e-01
3.19277 9.953988659303193431e-01
3.195 9.953891324905426163e-01
3.1978 9.953769677616012279e-01
3.20002 9.953672858903701570e-01
3.2028 9.953552171599764353e-01
3.20502 9.953455646948836666e-01
3.20781 9.953335057258637653e-01
3.21003 9.953238866502539528e-01
3.21281 9.953119253180039427e-01
3.21503 9.953023868444141886e-01
3.21781 9.952904695433589799e-01
3.22004 9.952809696028458442e-01
3.22282 9.952691385475422869e-01
3.22505 9.952597054813561162e-01
3.22784 9.952479255725276142e-01
3.23007 9.952385135937209526e-01
3.23286 9.952267884582917112e-01
3.23509 9.952174445385064683e-01
3.23788 9.952057977626919127e-01
3.24011 9.951965113440151001e-01
3.24289 9.951849375588497360e-01
3.24512 9.951757125139336635e-01
3.2479 9.951642177652021415e-01
3.25014 9.951550226965336643e-01
3.25294 9.951435543901928638e-01
3.25517 9.951344338304642934e-01
3.25795 9.951231074693224210e-01
3.26018 9.951140779549089155e-01
3.26298 9.951028067077808403e-01
3.26521 9.950938194626792743e-01
3.268 9.950826096494505002e-01
3.27024 9.950736549227084948e-01
3.27303 9.950624937490957223e-01
3.27525 9.950535702858106513e-01
3.27804 9.950423909555946578e-01
3.28028 9.950334279536923177e-01
3.28251 9.950244609109913929e-01
3.2853 9.950132624916824264e-01
3.28753 9.950042922586521676e-01
3.29031 9.949930526053198943e-01
3.29255 9.949840516958082803e-01
3.29533 9.949727997510463551e-01
3.29756 9.949637962761775922e-01
3.30036 9.949525010157493909e-01
3.3026 9.949434406676986864e-01
3.3054 9.949321343250209226e-01
3.30763 9.949231146979355955e-01
3.31042 9.949118371311428399e-01
3.31266 9.949028140671672960e-01
3.31545 9.948915295887689192e-01
3.31769 9.948824524003611058e-01
3.32049 9.948711009926325399e-01
3.32273 9.948620495037725497e-01
3.32552 9.948507548108064258e-01
3.32775 9.948417223569144818e-01
3.33055 9.948304398957615868e-01
3.33278 9.948214300360334050e-01
3.33502 9.948124415700203560e-01
3.33781 9.948012340504854834e-01
3.34005 9.947922906171681179e-01
3.34284 9.947811468355970410e-01
3.34507 9.947722682426199947e-01
3.34786 9.947612106250434127e-01
3.3501 9.947523788297838454e-01
3.3529 9.947413513088765313e-01
3.35514 9.947325559745097134e-01
3.35794 9.947215996778331348e-01
3.36017 9.947128560606303127e-01
3.36297 9.947019677475446020e-01
3.3652 9.946932785249792408e-01
3.368 9.946824195617104403e-01
3.37024 9.946737469616812044e-01
3.37304 9.946629488698588428e-01
3.37527 9.946543418388975599e-01
3.37751 9.946457531041386080e-01
3.3803 9.946350409807924731e-01
3.38254 9.946264975900316330e-01
3.38534 9.946158419480998214e-01
3.38758 9.946073460139062128e-01
3.39038 9.945967582281695085e-01
3.39262 9.945883126408925357e-01
3.39541 9.945777924102581213e-01
3.39765 9.945693995905952045e-01
3.40045 9.945589185334110516e-01
3.40269 9.945505345586873602e-01
3.40548 9.945400621190263468e-01
3.40772 9.945316871894313016e-01
3.41052 9.945212210372617045e-01
3.41276 9.945128436657092452e-01
3.41501 9.945044661241954076e-01
3.41781 9.944939968083762460e-01
3.42005 9.944856235246106735e-01
3.42284 9.944751658196552269e-01
3.42508 9.944668121863905474e-01
3.42788 9.944563743127436961e-01
3.43011 9.944480230587713354e-01
3.43291 9.944375905239358771e-01
3.43515 9.944292348743128951e-01
3.43796 9.944187926254796084e-01
3.4402 9.944104378179801085e-01
3.443 9.943999915907538734e-01
3.44524 9.943916358723352555e-01
3.44804 9.943811924063310492e-01
3.45028 9.943728335810203545e-01
3.45252 9.943644736102279502e-01
3.45532 9.943540179909486909e-01
3.45756 9.943456366022139781e-01
3.46037 9.943351558954517388e-01
3.46261 9.943267572442388014e-01
3.46542 9.943162534581371226e-01
3.46767 9.943078663276738727e-01
3.47047 9.942974088171390168e-01
3.47271 9.942890521472088627e-01
3.47551 9.942786233687583852e-01
3.47775 9.942702927275974822e-01
3.48056 9.942598631920998020e-01
3.4828 9.942515321785289073e-01
3.48505 9.942432167591631620e-01
3.48785 9.942328412588039566e-01
3.4901 9.942245588709105464e-01
3.4929 9.942142298384641919e-01
3.49514 9.942059817958642798e-01
3.49795 9.941956948814046902e-01
3.50019 9.941874810737512114e-01
3.50299 9.941772278877453184e-01
3.50523 9.941690430144272117e-01
3.50805 9.941588029727889131e-01
3.5103 9.941506235830624982e-01
3.51255 9.941424801113333265e-01
3.51535 9.941323549697932416e-01
3.5176 9.941242810901258498e-01
3.5204 9.941142251605225022e-01
3.52264 9.941062090236210125e-01
3.52546 9.940961731420555614e-01
3.52771 9.940881726448884681e-01
3.53052 9.940782410714024131e-01
3.53277 9.940703327960502822e-01
3.53501 9.940624468840340011e-01
3.53782 9.940526199724405432e-01
3.54007 9.940447878184573982e-01
3.54287 9.940350413543495023e-01
3.54512 9.940272716127174224e-01
3.54792 9.940175863851811178e-01
3.55017 9.940098666992999155e-01
3.55298 9.940002327790802283e-01
3.55524 9.939925513094313159e-01
3.55805 9.939830125291089225e-01
3.56029 9.939754296238286768e-01
3.56253 9.939678746518535446e-01
3.56535 9.939584588260375053e-01
3.5676 9.939509692256197626e-01
3.57041 9.939416572209274214e-01
3.57266 9.939342527863490595e-01
3.57547 9.939250695846134631e-01
3.57771 9.939177720177903019e-01
3.58053 9.939086754149344394e-01
3.58279 9.939014241553847384e-01
3.58505 9.938942223771830564e-01
3.58785 9.938853215618709269e-01
3.5901 9.938782470112891287e-01
3.59291 9.938694385534788678e-01
3.59517 9.938624368713055990e-01
3.59798 9.938537480295276394e-01
3.60023 9.938468457319954430e-01
3.60304 9.938382873511556470e-01
3.60528 9.938314958996649073e-01
3.60753 9.938247465473248887e-01
3.61034 9.938163585557862056e-01
3.6126 9.938096985603135369e-01
3.6154 9.938014518586799628e-01
3.61765 9.937949017146938679e-01
3.62046 9.937867622501665998e-01
3.62271 9.937802908599114859e-01
3.62552 9.937722497972781843e-01
3.62777 9.937658534414802736e-01
3.63002 9.937594896283404866e-01
3.63283 9.937515830378261805e-01
3.63507 9.937452903188391806e-01
3.63789 9.937374417244106972e-01
3.64014 9.937311952940144355e-01
3.64296 9.937234477730026994e-01
3.6452 9.937172893231966952e-01
3.64802 9.937096141583017239e-01
3.65028 9.937034959719009963e-01
3.65254 9.936974136145811931e-01
3.65535 9.936898768978777996e-01
3.6576 9.936838755388855970e-01
3.66042 9.936763792309294407e-01
3.66267 9.936704011451790164e-01
3.66549 9.936629623512007736e-01
3.66774 9.936570276157494774e-01
3.67056 9.936496110717046859e-01
3.67281 9.936436789444320627e-01
3.67507 9.936377548280072025e-01
3.67788 9.936303689250918225e-01
3.68014 9.936244640291707064e-01
3.68296 9.936170638441731429e-01
3.68522 9.936111456714907808e-01
3.68804 9.936037692051947756e-01
3.69029 9.935978762806422226e-01
3.69254 9.935919813797663425e-01
3.69537 9.935846113648129085e-01
3.69762 9.935787262536803777e-01
3.70044 9.935713927746484542e-01
3.70269 9.935655340991131901e-01
3.70551 9.935582096522409534e-01
3.70777 9.935523518339036686e-01
3.71002 9.935464921614928224e-01
3.71284 9.935391626390066566e-01
3.7151 9.935332963779895943e-01
3.71792 9.935259600116789214e-01
3.72017 9.935200810092866819e-01
3.723 9.935127051791652342e-01
3.72526 9.935067987008521229e-01
3.72751 9.935009102808245451e-01
3.73033 9.934935447800824493e-01
3.73259 9.934876281952162991e-01
3.73542 9.934802164154079573e-01
3.73767 9.934742977184757295e-01
3.74049 9.934669203517184632e-01
3.74274 9.934610126673744102e-01
3.74501 9.934550744146253276e-01
3.74785 9.934476599806014718e-01
3.7501 9.934417689417469610e-01
3.75292 9.934344095494633819e-01
3.75518 9.934285097889775651e-01
3.758 9.934211208874826893e-01
3.76026 9.934152041256028021e-01
3.76251 9.934092822695828051e-01
3.76533 9.934018637027249854e-01
3.76758 9.933959177370283999e-01
3.7704 9.933884690069245682e-01
3.77266 9.933824876282429939e-01
3.77548 9.933749969086724807e-01
3.77773 9.933690026503356751e-01
3.78055 9.933615026543475279e-01
3.78281 9.933554795106831481e-01
3.78508 9.933494300501050089e-01
3.7879 9.933418604098697147e-01
3.79016 9.933358230005414624e-01
3.79297 9.933282732093223766e-01
3.79523 9.933222262046444984e-01
3.79805 9.933146894033070273e-01
3.80031 9.933086879501625832e-01
3.80257 9.933027081463486896e-01
3.80539 9.932952492726848659e-01
3.80765 9.932892837759893512e-01
3.81047 9.932818235406724039e-01
3.81273 9.932758462885648010e-01
3.81555 9.932683623006998141e-01
3.81781 9.932623799942378318e-01
3.82006 9.932563888773507932e-01
3.82288 9.932488838091834138e-01
3.82514 9.932428716317950323e-01
3.82796 9.932353484807050492e-01
3.83022 9.932293208822013941e-01
3.83305 9.932217902582231028e-01
3.8353 9.932157748915233508e-01
3.83756 9.932097496403424763e-01
3.84038 9.932021985149350751e-01
3.84263 9.931961327706907428e-01
3.84546 9.931885115773445571e-01
3.84772 9.931824057279886597e-01
3.85054 9.931748108704867573e-01
3.8528 9.931687915134012057e-01
3.85506 9.931628356044449601e-01
3.85789 9.931554799748343321e-01
3.86014 9.931496312320532427e-01
3.86297 9.931423051794884271e-01
3.86524 9.931364243849702955e-01
3.86806 9.931290622345833041e-01
3.87032 9.931231629139117834e-01
3.87258 9.931172487287235340e-01
3.8754 9.931098371250282053e-01
3.87766 9.931038972157747446e-01
3.88049 9.930964333226469654e-01
3.88276 9.930904612888629135e-01
3.88502 9.930845122640006295e-01
3.88784 9.930770950625823490e-01
3.8901 9.930711688731749254e-01
3.89292 9.930637635985070100e-01
3.89518 9.930578234153051298e-01
3.89801 9.930503363788668603e-01
3.90028 9.930443133620119323e-01
3.90254 9.930382824768110295e-01
3.90537 9.930307527799623335e-01
3.90763 9.930247909907582438e-01
3.91045 9.930174987867852465e-01
3.91271 9.930117734355528025e-01
3.91555 9.930047075360455278e-01
3.91782 9.929991033626629493e-01
3.92009 9.929934910396980285e-01
3.92294 9.929864383364200853e-01
3.92519 9.929808026432381807e-01
3.92801 9.929737350014073982e-01
3.93028 9.929680497015338503e-01
3.93255 9.929623466057277970e-01
3.9354 9.929551877734497101e-01
3.93768 9.929494289247680072e-01
3.94054 9.929422541713852635e-01
3.9428 9.929365915543241217e-01
3.94506 9.929309468182936360e-01
3.94789 9.929239027320609923e-01
3.95015 9.929182763737434136e-01
3.95299 9.929112215995654633e-01
3.95527 9.929055464268243814e-01
3.95754 9.928998425118744642e-01
3.96037 9.928926940685253166e-01
3.96263 9.928869484833138248e-01
3.96546 9.928797939918391213e-01
3.96772 9.928741884128452488e-01
3.97055 9.928673708182306212e-01
3.97282 9.928620701766266432e-01
3.97509 9.928568861751113639e-01
3.97793 9.928504549236251142e-01
3.9802 9.928452924465132057e-01
3.98302 9.928388391175040351e-01
3.98528 9.928336654919008852e-01
3.98755 9.928284919680538945e-01
3.99038 9.928219617422741061e-01
3.99265 9.928166907129268859e-01
3.99549 9.928100891917203130e-01
3.99776 9.928048213712229453e-01
4.00002 9.927995822486793687e-01
4.00284 9.927930660202820556e-01
4.00511 9.927878834068156744e-01
4.00793 9.927814394451094371e-01
4.0102 9.927762936150421602e-01
4.01303 9.927698620633319537e-01
4.0153 9.927647079229560134e-01
4.01756 9.927595246762700443e-01
4.02039 9.927529775963211955e-01
4.02266 9.927476904107283007e-01
4.02548 9.927410553098051649e-01
4.02775 9.927357683732309646e-01
4.03001 9.927305740303741244e-01
4.03285 9.927242956663375750e-01
4.03512 9.927194491717892255e-01
4.03795 9.927136045990340163e-01
4.04021 9.927090459880943962e-01
4.04304 9.927033440808716858e-01
4.04531 9.926987539334370947e-01
4.04758 9.926941382609247855e-01
4.05041 9.926883438244326063e-01
4.05267 9.926836880891654058e-01
4.0555 9.926779078882496110e-01
4.05776 9.926732665502298047e-01
4.06003 9.926685998521417309e-01
4.06286 9.926627751381632558e-01
4.06512 9.926581330021104765e-01
4.06795 9.926523676083004455e-01
4.07022 9.926477941335323241e-01
4.07306 9.926421209780692534e-01
4.07532 9.926376101183199685e-01
4.07759 9.926331162187017609e-01
4.08042 9.926274880995584748e-01
4.08268 9.926229410804566777e-01
4.08552 9.926171821771008208e-01
4.08779 9.926125318909204687e-01
4.09005 9.926078752595504096e-01
4.09288 9.926020875096713825e-01
4.09515 9.925975370818798105e-01
4.09798 9.925920699766077604e-01
4.10025 9.925878776038519202e-01
4.10251 9.925838298653153480e-01
4.10535 9.925789323906614170e-01
4.10762 9.925750603845914233e-01
4.11046 9.925702292747394795e-01
4.11273 9.925663730219747016e-01
4.11556 9.925615401999892118e-01
4.11783 9.925576612928380671e-01
4.12009 9.925537724033833831e-01
4.12293 9.925489217098998340e-01
4.12519 9.925450978785350653e-01
4.12803 9.925403168766928630e-01
4.13029 9.925364506131081344e-01
4.13256 9.925325727736705739e-01
4.1354 9.925277511926861029e-01
4.13768 9.925239384568828038e-01
4.14051 9.925192414810389829e-01
4.14278 9.925155249274314473e-01
4.14505 9.925118222482961494e-01
4.14789 9.925071884104096354e-01
4.15017 9.925034707685328472e-01
4.153 9.924988104603391648e-01
4.15526 9.924950677153658862e-01
4.15754 9.924913177704346445e-01
4.16038 9.924866539406230759e-01
4.16264 9.924829802404782075e-01
4.16548 9.924785622809467744e-01
4.16774 9.924751755728459246e-01
4.17002 9.924719111390908344e-01
4.17286 9.924680014146125551e-01
4.17513 9.924649850868475509e-01
4.17798 9.924612615285981487e-01
4.18024 9.924583124125073708e-01
4.18251 9.924553745791324655e-01
4.18535 9.924516953220596793e-01
4.18762 9.924487324809683209e-01
4.19046 9.924450124167417675e-01
4.19273 9.924420389294421607e-01
4.19556 9.924383644233383261e-01
4.19784 9.924354781897409827e-01
4.20011 9.924326202864599544e-01
4.20295 9.924290118545838757e-01
4.20522 9.924261000559588819e-01
4.20805 9.924224775023078315e-01
4.21032 9.924196447735419424e-01
4.21259 9.924168549637247816e-01
4.21543 9.924134033410231259e-01
4.21771 9.924106575436743016e-01
4.22054 9.924072347201178257e-01
4.22281 9.924044922513904909e-01
4.22508 9.924017448312103529e-01
4.22792 9.923983216775822402e-01
4.23019 9.923956114014546026e-01
4.23302 9.923923323735265312e-01
4.23529 9.923898344946451289e-01
4.23757 9.923874464283369834e-01
4.24041 9.923846236594711101e-01
4.24268 9.923824969859168510e-01
4.24552 9.923799433374810297e-01
4.24778 9.923779335319663497e-01
4.25005 9.923759391683826259e-01
4.25289 9.923734495178243575e-01
4.25516 9.923714477126927003e-01
4.258 9.923689096838784751e-01
4.26026 9.923668392186596465e-01
4.26253 9.923647505049865147e-01
4.26537 9.923621407073741629e-01
4.26765 9.923600798223883857e-01
4.27049 9.923575662892936133e-01
4.27276 9.923556185327837564e-01
4.27503 9.923537316397458286e-01
4.27787 9.923513763371851759e-01
4.28013 9.923494571826824151e-01
4.28297 9.923470541350591922e-01
4.28525 9.923452105062658957e-01
4.28751 9.923434235176141760e-01
4.29035 9.923412509024891470e-01
4.29262 9.923395295583926634e-01
4.29546 9.923373770548035155e-01
4.29773 9.923356955378390687e-01
4.3 9.923340762567843809e-01
4.30284 9.923321574908307019e-01
4.30511 9.923307195417467863e-01
4.30796 9.923290625650592611e-01
4.31023 9.923278597077759278e-01
4.31251 9.923267342305164274e-01
4.31535 9.923253780516649858e-01
4.31761 9.923243215680517260e-01
4.32045 9.923230172669411653e-01
4.32272 9.923219731458862158e-01
4.32556 9.923206383029886668e-01
4.32783 9.923195162606803787e-01
4.3301 9.923183512916249338e-01
4.33294 9.923168498951060457e-01
4.33521 9.923156291194330514e-01
4.33806 9.923141207388499474e-01
4.34033 9.923129624849824637e-01
4.34261 9.923118584186585434e-01
4.34544 9.923105604981072858e-01
4.34771 9.923095789783495935e-01
4.35055 9.923084044339174348e-01
4.35283 9.923074937312788002e-01
4.3551 9.923066040323801351e-01
4.35793 9.923055273942082977e-01
4.3602 9.923046825380724689e-01
4.36304 9.923036552469084448e-01
4.36532 9.923028722342706054e-01
4.36759 9.923021480108680237e-01
4.37043 9.923013179113924220e-01
4.37271 9.923007247341248949e-01
4.37555 9.923000593089011945e-01
4.37782 9.922995627495941884e-01
4.3801 9.922990842908016029e-01
4.38294 9.922985096404696170e-01
4.38521 9.922980671339828307e-01
4.38805 9.922975364730444170e-01
4.39032 9.922971231401630510e-01
4.39259 9.922967035390328761e-01
4.39544 9.922961270923518207e-01
4.39771 9.922956220980876374e-01
4.40055 9.922949397290526941e-01
4.40282 9.922943566561096551e-01
4.4051 9.922937467030823466e-01
4.40794 9.922929831136156897e-01
4.41022 9.922923979815170270e-01
4.41306 9.922917094191966436e-01
4.41533 9.922911973908107308e-01
4.4176 9.922907238102876004e-01
4.42045 9.922901892512776545e-01
4.42272 9.922898057558778850e-01
4.42556 9.922893750772809884e-01
4.42783 9.922890629264383699e-01
4.43011 9.922887753200620997e-01
4.43295 9.922884482086608005e-01
4.43523 9.922882109813786489e-01
4.43807 9.922879420479231438e-01
4.44034 9.922877454374849915e-01
4.44262 9.922875605272734045e-01
4.44546 9.922873501967020005e-01
4.44774 9.922872157914334190e-01
4.45001 9.922871142655235177e-01
4.45285 9.922869937500115034e-01
4.45512 9.922868739447938680e-01
4.45797 9.922867018020391505e-01
4.46025 9.922865284659461160e-01
4.46253 9.922863061705083920e-01
4.46537 9.922859586984391633e-01
4.46764 9.922856266995533359e-01
4.47048 9.922851475970597690e-01
4.47276 9.922847185746362930e-01
4.47504 9.922842583373833181e-01
4.47788 9.922836528577801962e-01
4.48015 9.922831740337787476e-01
4.48299 9.922825875677382390e-01
4.48526 9.922821302028681512e-01
4.48755 9.922816879076238328e-01
4.4904 9.922811662231747487e-01
4.49267 9.922807809156938275e-01
4.49551 9.922803376128787045e-01
4.49779 9.922800111965737191e-01
4.50007 9.922797076252725113e-01
4.50292 9.922793528293768484e-01
4.50519 9.922790818513598232e-01
4.50803 9.922787500197517430e-01
4.51031 9.922784844393279791e-01
4.51258 9.922782144451984809e-01
4.51543 9.922778648586938477e-01
4.51771 9.922775729881497808e-01
4.52056 9.922771930220994907e-01
4.52283 9.922768787558238213e-01
4.5251 9.922765574876328820e-01
4.52795 9.922761456661991497e-01
4.53023 9.922757867997881176e-01
4.53251 9.922753827863348697e-01
4.53535 9.922748058072755617e-01
4.53763 9.922743023654186922e-01
4.54047 9.922736173879310728e-01
4.54275 9.922730211244300547e-01
4.54503 9.922723807769292526e-01
4.54788 9.922715214184484323e-01
4.55015 9.922708047847081936e-01
4.55299 9.922698838113223063e-01
4.55527 9.922691272589547751e-01
4.55756 9.922683602073066877e-01
4.5604 9.922673947973971176e-01
4.56268 9.922666216082995927e-01
4.56552 9.922656595078193087e-01
4.5678 9.922648984466370115e-01
4.57007 9.922641429500953514e-01
4.57292 9.922631986988413866e-01
4.5752 9.922624434245529423e-01
4.57805 9.922614974470338467e-01
4.58033 9.922607345267319134e-01
4.58261 9.922599609656586050e-01
4.58547 9.922589743601645251e-01
4.58775 9.922581673416306369e-01
4.59002 9.922573425262887215e-01
4.59287 9.922562785718886946e-01
4.59514 9.922553975749128785e-01
4.59799 9.922542556725718610e-01
4.60027 9.922533013191600082e-01
4.60255 9.922523020119675685e-01
4.6054 9.922509863278000664e-01
4.60767 9.922498772013756962e-01
4.61052 9.922484151164207011e-01
4.61281 9.922471847144415102e-01
4.61509 9.922459090093903589e-01
4.61794 9.922442631312047290e-01
4.62022 9.922429041678937356e-01
4.62306 9.922411551356081771e-01
4.62534 9.922397196658148122e-01
4.62762 9.922382549330831525e-01
4.63047 9.922363872860420209e-01
4.63275 9.922348715488993331e-01
4.63503 9.922333473330280373e-01
4.63787 9.922314269672432019e-01
4.64015 9.922298793061955502e-01
4.64301 9.922279402991165398e-01
4.64529 9.922263835347230332e-01
4.64757 9.922248217496966172e-01
4.65042 9.922228598123697951e-01
4.6527 9.922212807892517583e-01
4.65555 9.922192900761024337e-01
4.65783 9.922176762352439283e-01
4.66012 9.922160433868773000e-01
4.66296 9.922139743678988211e-01
4.66524 9.922122891173636994e-01
4.66752 9.922105678486455860e-01
4.67037 9.922083564267779598e-01
4.67265 9.922065415382316234e-01
4.6755 9.922042146621008474e-01
4.67778 9.922023017455057214e-01
4.68006 9.922003444269182904e-01
4.68291 9.921978324889858536e-01
4.68519 9.921957658101824284e-01
4.68805 9.921931127670671202e-01
4.69034 9.921909436685731887e-01
4.69261 9.921887424666121502e-01
4.69545 9.921859386850540030e-01
4.69774 9.921836505837162701e-01
4.70002 9.921813340669517478e-01
4.70287 9.921784037129862677e-01
4.70515 9.921760316444010463e-01
4.708 9.921730385238377581e-01
4.71028 9.921706261442478914e-01
4.71256 9.921681974169506146e-01
4.71542 9.921651238179389765e-01
4.71771 9.921626514773803640e-01
4.72056 9.921595554044586596e-01
4.72284 9.921570693136915198e-01
4.72512 9.921545746133755284e-01
4.72797 9.921514417618708670e-01
4.73025 9.921489191654774276e-01
4.73253 9.921463757340374112e-01
4.73539 9.921431653838563847e-01
4.73767 9.921405770771688504e-01
4.74051 9.921372962970808063e-01
4.74279 9.921346214099081573e-01
4.74508 9.921319037591300738e-01
4.74794 9.921284478285455899e-01
4.75022 9.921256349192355550e-01
4.7525 9.921227781809438540e-01
4.75535 9.921191571871892378e-01
4.75763 9.921162142537826023e-01
4.76049 9.921124665381331198e-01
4.76278 9.921094259030365237e-01
4.76506 9.921063612683539423e-01
4.76791 9.921024976610858248e-01
4.77019 9.920993726061633211e-01
4.77304 9.920954221063783551e-01
4.77532 9.920922349260130613e-01
4.77761 9.920890230393754061e-01
4.78046 9.920849782941156825e-01
4.78274 9.920817276761142445e-01
4.78502 9.920784612864196328e-01
4.78787 9.920743493021400017e-01
4.79016 9.920710362292324280e-01
4.79302 9.920668780059883618e-01
4.7953 9.920635416756531377e-01
4.79758 9.920601935214543587e-01
4.80043 9.920559919817255601e-01
4.80272 9.920526152503342798e-01
4.80557 9.920483652022544785e-01
4.80786 9.920449400216740932e-01
4.81014 9.920414954124625595e-01
4.81299 9.920371656606143951e-01
4.81527 9.920336704504141290e-01
4.81755 9.920301396009608697e-01
4.8204 9.920256849364788021e-01
4.82269 9.920220799176668880e-01
4.82555 9.920175315744491629e-01
4.82784 9.920138707801315903e-01
4.83012 9.920101928001576752e-01
4.83297 9.920055642938502283e-01
4.83526 9.920018368243417317e-01
4.83754 9.919980916266085691e-01
4.84039 9.919933900723141296e-01
4.84267 9.919896119628067721e-01
4.84552 9.919848715927626071e-01
4.8478 9.919810646760414130e-01
4.85008 9.919772403891169432e-01
4.85294 9.919724291232627778e-01
4.85523 9.919685642888873556e-01
4.85751 9.919646920603435447e-01
4.86037 9.919598331292116544e-01
4.86265 9.919559351395212943e-01
4.8655 9.919510481287325820e-01
4.86778 9.919471164226029147e-01
4.87008 9.919431652021262202e-01
4.87294 9.919382180164587615e-01
4.87522 9.919342636580757988e-01
4.8775 9.919302992079145342e-01
4.88036 9.919253245496794102e-01
4.88264 9.919213299582768650e-01
4.8855 9.919163119231758641e-01
4.88779 9.919122784124156933e-01
4.89008 9.919082344862371059e-01
4.89292 9.919031749382531959e-01
4.8952 9.918991133348694644e-01
4.89806 9.918940039088820493e-01
4.90035 9.918899072680702478e-01
4.90264 9.918858003937947032e-01
4.9055 9.918806596265253850e-01
4.90779 9.918765510097078408e-01
4.91007 9.918724473621538529e-01
4.91293 9.918673150081361856e-01
4.91521 9.918632039576922299e-01
4.91807 9.918580625923419936e-01
4.92035 9.918539524591328815e-01
4.92263 9.918498392605528124e-01
4.92549 9.918446946120668128e-01
4.92777 9.918405755113797184e-01
4.93005 9.918364477229735243e-01
4.93291 9.918312657191308279e-01
4.93521 9.918271169137787835e-01
4.93806 9.918219443347573439e-01
4.94035 9.918178058367621563e-01
4.94263 9.918136719874705021e-01
4.94548 9.918085094429104354e-01
4.94777 9.918043721812005442e-01
4.95006 9.918002281428638378e-01
4.95293 9.917950582672162563e-01
4.95521 9.917909403289901782e-01
4.95807 9.917857979213910991e-01
4.96036 9.917816842721243198e-01
4.96264 9.917775735852549790e-01
4.9655 9.917724350349457207e-01
4.96779 9.917683259745896374e-01
4.97008 9.917642241423222371e-01
4.97293 9.917591199379288680e-01
4.97521 9.917550498369808176e-01
4.97806 9.917499727969086853e-01
4.98035 9.917459268519995819e-01
4.98265 9.917418772246259229e-01
4.98552 9.917368288694625722e-01
4.98781 9.917328194782510931e-01
4.9901 9.917288371521303381e-01
4.99295 9.917238798882666018e-01
4.99524 9.917199299102135157e-01
4.99752 9.917159923677754119e-01
5.00038 9.917110783071593216e-01
5.00267 9.917071584201272438e-01
5.00553 9.917022859735145079e-01
5.00781 9.916984049449498739e-01
5.01009 9.916945334842659499e-01
5.01295 9.916897035041561947e-01
5.01524 9.916858570899484970e-01
5.01753 9.916820212186785444e-01
5.0204 9.916772530998060331e-01
5.02269 9.916734712755049808e-01
5.02554 9.916687792192429018e-01
5.02783 9.916650504389626919e-01
5.03011 9.916613443811922446e-01
5.03297 9.916567438130498013e-01
5.03527 9.916530826874457860e-01
5.03756 9.916494471380629117e-01
5.04042 9.916449521671470979e-01
5.0427 9.916413887003769911e-01
5.04556 9.916369669326927649e-01
5.04785 9.916334584356897297e-01
5.05014 9.916299799059842268e-01
5.05301 9.916256757315315973e-01
5.0553 9.916222677876591618e-01
5.05758 9.916189017230869762e-01
5.06043 9.916147391800135269e-01
5.06272 9.916114392666142141e-01
5.06501 9.916081692255676039e-01
5.06787 9.916041191242384034e-01
5.07017 9.916009057863081066e-01
5.07304 9.915969368646780913e-01
5.07533 9.915938099707420905e-01
5.07761 9.915907130407668468e-01
5.08047 9.915868817941527746e-01
5.08276 9.915838503588245700e-01
5.08505 9.915808467164206608e-01
5.08791 9.915771332059023502e-01
5.0902 9.915742027978726725e-01
5.09306 9.915706001599565722e-01
5.09534 9.915677598687439032e-01
5.09763 9.915649526001075742e-01
5.10049 9.915615019687765708e-01
5.10278 9.915587840363144778e-01
5.10508 9.915561092797423592e-01
5.10795 9.915528370630244392e-01
5.11023 9.915502795284526494e-01
5.11252 9.915477700043238141e-01
5.11538 9.915447006153561560e-01
5.11766 9.915423000580977364e-01
5.12053 9.915393585117919795e-01
5.12283 9.915370592118301074e-01
5.12512 9.915348142761954975e-01
5.12798 9.915320842668341461e-01
5.13027 9.915299566668932529e-01
5.13255 9.915278788734592785e-01
5.13542 9.915253524777671856e-01
5.13771 9.915233818097259899e-01
5.14001 9.915214612725919974e-01
5.14287 9.915191353817504050e-01
5.14516 9.915173327254630520e-01
5.14802 9.915151487363410565e-01
5.1503 9.915134569658548003e-01
5.15259 9.915118134169783604e-01
5.15546 9.915098176721311996e-01
5.15776 9.915082759178259764e-01
5.16005 9.915067860270673217e-01
5.16291 9.915049950358401087e-01
5.1652 9.915036210327262678e-01
5.16806 9.915019790927793730e-01
5.17035 9.915007256409671399e-01
5.17264 9.914995262612924520e-01
5.1755 9.914981089506117451e-01
5.17779 9.914970435110436187e-01
5.18008 9.914960408325745878e-01
5.18294 9.914948799718641403e-01
5.18522 9.914940268968677195e-01
5.18751 9.914932412590709010e-01
5.19038 9.914923540179937378e-01
5.19267 9.914917232323708918e-01
5.19554 9.914910342337203142e-01
5.19783 9.914905625106336107e-01
5.20012 9.914901618255284044e-01
5.20298 9.914897596644173250e-01
5.20526 9.914895159615633169e-01
5.20755 9.914893410829562770e-01
5.21041 9.914892187333389506e-01
5.21271 9.914891969749920486e-01
5.215 9.914892424740535670e-01
5.21787 9.914893921812281130e-01
5.22016 9.914895853407155180e-01
5.22302 9.914899173039998237e-01
5.22531 9.914902543143739866e-01
5.2276 9.914906549510744682e-01
5.23048 9.914912458658057259e-01
5.23279 9.914917889298534570e-01
5.23508 9.914923914848139397e-01
5.23795 9.914932325946442804e-01
5.24024 9.914939748476931936e-01
5.24252 9.914947808624409165e-01
5.24539 9.914958821467814154e-01
5.24768 9.914968409621505163e-01
5.25055 9.914981388047382493e-01
5.25284 9.914992593017745159e-01
5.25513 9.915004548795012251e-01
5.25799 9.915020540759945655e-01
5.26028 9.915034215802166484e-01
5.26257 9.915048720350877476e-01
5.26544 9.915068040770659286e-01
5.26773 9.915084451355846706e-01
5.27003 9.915101727703194978e-01
5.27289 9.915124539545233651e-01
5.27518 9.915143705184550349e-01
5.27804 9.915168873874560251e-01
5.28033 9.915189978754085365e-01
5.28262 9.915211931827363490e-01
5.28549 9.915240588513671849e-01
5.28778 9.915264487857996523e-01
5.29008 9.915289194943136541e-01
5.29294 9.915321056218858731e-01
5.29523 9.915347406286910692e-01
5.29752 9.915374528182171465e-01
5.30038 9.915409460617844450e-01
5.30268 9.915438207372183621e-01
5.30554 9.915475110564681005e-01
5.30784 9.915505384167838665e-01
5.31013 9.915536319685497313e-01
5.313 9.915575883999065976e-01
5.31529 9.915608208569486326e-01
5.31758 9.915641233685128508e-01
5.32044 9.915683552876685125e-01
5.32274 9.915718216653143235e-01
5.32504 9.915753632127746187e-01
5.32793 9.915799103207647569e-01
5.33024 9.915836271298354987e-01
5.33254 9.915874007954414981e-01
5.33542 9.915922186480191636e-01
5.33771 9.915961411762567179e-01
5.34 9.916001328489012501e-01
5.34287 9.916052275569612329e-01
5.34516 9.916093890490582652e-01
5.34803 9.916147012892243540e-01
5.35032 9.916190457006515135e-01
5.35261 9.916234760763774636e-01
5.35548 9.916291256021171341e-01
5.35776 9.916337379839498256e-01
5.36006 9.916384402384383900e-01
5.36293 9.916444410269538157e-01
5.36523 9.916493382046572824e-01
5.36754 9.916543344448518482e-01
5.37043 9.916606844263724518e-01
5.37272 9.916658098709382196e-01
5.37502 9.916710025503067127e-01
5.37788 9.916775712255591069e-01
5.38017 9.916828871926686162e-01
5.38303 9.916896200415417084e-01
5.38533 9.916950763132290625e-01
5.38763 9.917005807548970875e-01
5.39049 9.917075065918513621e-01
5.39278 9.917131020653450202e-01
5.39507 9.917187465915051625e-01
5.39794 9.917258659686701838e-01
5.40023 9.917316235029469684e-01
5.40254 9.917374357591383083e-01
5.40541 9.917447563273363853e-01
5.40772 9.917506553088992760e-01
5.41002 9.917565908609209391e-01
5.41289 9.917640344169735833e-01
5.41518 9.917700220823627566e-01
5.41804 9.917775479413802886e-01
5.42033 9.917836031975618694e-01
5.42263 9.917896967443243783e-01
5.4255 9.917973789907473803e-01
5.42779 9.918035635804206551e-01
5.43011 9.918098268872874712e-01
5.433 9.918177055577802603e-01
5.43531 9.918240368619211100e-01
5.43762 9.918303988264273174e-01
5.4405 9.918383937161592279e-01
5.44281 9.918448207968107999e-01
5.44511 9.918512798660027441e-01
5.44798 9.918593657122504181e-01
5.45028 9.918658662026629269e-01
5.45257 9.918723930539252720e-01
5.45544 9.918805883002446144e-01
5.45773 9.918871656497836309e-01
5.46003 9.918937569966657097e-01
5.46289 9.919020183294993132e-01
5.46519 9.919086480257139904e-01
5.46806 9.919169407796941673e-01
5.47037 9.919235954372705999e-01
5.47267 9.919302451934556286e-01
5.47555 9.919385568544671905e-01
5.47786 9.919452015825283020e-01
5.48017 9.919518294520919266e-01
5.48304 9.919600738531365591e-01
5.48534 9.919666505581008487e-01
5.48764 9.919731901226458426e-01
5.49051 9.919813348675238229e-01
5.4928 9.919878276760976110e-01
5.4951 9.919942954993189455e-01
5.49796 9.920023358065481744e-01
5.50026 9.920087293939647832e-01
5.50255 9.920150925968005406e-01
5.50542 9.920230120231608995e-01
5.50771 9.920293126914269122e-01
5.51002 9.920356042275946251e-01
5.5129 9.920434342046327014e-01
5.51521 9.920496805930284490e-01
5.51753 9.920559132132187319e-01
5.52042 9.920636519605914305e-01
5.52272 9.920697778249429888e-01
5.52503 9.920758752448058937e-01
5.5279 9.920834372036315685e-01
5.53019 9.920894508270465817e-01
5.53306 9.920969271675402767e-01
5.53535 9.921028739337497404e-01
5.53765 9.921087929631852154e-01
5.54053 9.921161599037267020e-01
5.54283 9.921220160059256443e-01
5.54513 9.921278523338262767e-01
5.54801 9.921351018531020527e-01
5.55033 9.921408795353509058e-01
5.55264 9.921466242852787776e-01
5.55554 9.921537512408442616e-01
5.55786 9.921594081984287383e-01
5.56018 9.921650179149607007e-01
5.56307 9.921719445127518133e-01
5.56538 9.921774271568729597e-01
5.56769 9.921828373466737849e-01
5.57057 9.921895132330137423e-01
5.57287 9.921947829420068032e-01
5.57517 9.921999913420198602e-01
5.57804 9.922064234531206006e-01
5.58034 9.922115048146462613e-01
5.58263 9.922165289956245138e-01
5.58551 9.922227397133578375e-01
5.58782 9.922276425927361032e-01
5.59012 9.922324970937308475e-01
5.59302 9.922384944547999464e-01
5.59534 9.922432256357358593e-01
5.59766 9.922479025132829866e-01
5.60056 9.922536645655287701e-01
5.60287 9.922581928143884289e-01
5.60518 9.922626636091591568e-01
5.60807 9.922681652445731748e-01
5.61037 9.922725011095357983e-01
5.61268 9.922767808503009102e-01
5.61555 9.922820468825633844e-01
5.61785 9.922862031407077010e-01
5.62015 9.922903080186737945e-01
5.62302 9.922953715838526145e-01
5.62532 9.922993665268766694e-01
5.62762 9.923033145427156976e-01
5.63049 9.923081875404063945e-01
5.63279 9.923120367644314710e-01
5.63509 9.923158397857546609e-01
5.63797 9.923205478126838619e-01
5.64027 9.923242651093339139e-01
5.64258 9.923279397432667182e-01
5.64546 9.923324707780231124e-01
5.64777 9.923360454500284034e-01
5.65008 9.923395748989415344e-01
5.65296 9.923439220103584812e-01
5.65527 9.923473496678922867e-01
5.65759 9.923507283522232658e-01
5.66047 9.923548697978199495e-01
5.66277 9.923581237185568060e-01
5.66507 9.923613238368974576e-01
5.66794 9.923652478298260471e-01
5.67024 9.923683281642400322e-01
5.67254 9.923713563725378162e-01
5.67542 9.923750649263222146e-01
5.67773 9.923779803992867077e-01
5.68004 9.923808430715219675e-01
5.68292 9.923843504345659650e-01
5.68522 9.923870997615942269e-01
5.68753 9.923898003648238264e-01
5.69041 9.923931088989106364e-01
5.69272 9.923957007676822428e-01
5.69503 9.923982509276624286e-01
5.69792 9.924013744385978830e-01
5.70024 9.924038316006214000e-01
5.70256 9.924062501526470514e-01
5.70546 9.924092171831122577e-01
5.70778 9.924115469621844765e-01
5.7101 9.924138386542032952e-01
5.713 9.924166437370536276e-01
5.71531 9.924188473755858331e-01
5.71762 9.924210110643864047e-01
5.7205 9.924236688140544160e-01
5.72281 9.924257588113347683e-01
5.72511 9.924278174346083947e-01
5.72799 9.924303507449927508e-01
5.73029 9.924323430805120916e-01
5.73259 9.924343059629660013e-01
5.73547 9.924367219858912792e-01
5.73778 9.924386238124539572e-01
5.74009 9.924405000017830769e-01
5.74298 9.924428092850694494e-01
5.74529 9.924446274896026043e-01
5.7476 9.924464223265301310e-01
5.7505 9.924486274079006298e-01
5.75282 9.924503625881921920e-01
5.75514 9.924520694484183503e-01
5.75804 9.924541655895172676e-01
5.76037 9.924558107837163634e-01
5.7627 9.924574256028877439e-01
5.76502 9.924590096565590880e-01
5.76793 9.924609455594267660e-01
5.77025 9.924624532383539144e-01
5.77256 9.924639296057723437e-01
5.77546 9.924657286048350624e-01
5.77777 9.924671323921943067e-01
5.78008 9.924685064775922161e-01
5.78296 9.924701823635859732e-01
5.78527 9.924714927301264700e-01
5.78757 9.924727748851770448e-01
5.79045 9.924743409287456464e-01
5.79276 9.924755659835561294e-01
5.79506 9.924767684554223202e-01
5.79794 9.924782422762600254e-01
5.80024 9.924793994395427754e-01
5.80255 9.924805371626761463e-01
5.80543 9.924819339991021172e-01
5.80773 9.924830317599406815e-01
5.81004 9.924841140341645884e-01
5.81292 9.924854449302294990e-01
5.81523 9.924864935881176908e-01
5.81754 9.924875273488766858e-01
5.82043 9.924887968271520755e-01
5.82275 9.924897951451312483e-01
5.82506 9.924907809503342726e-01
5.82795 9.924919974434304182e-01
5.83026 9.924929590888531550e-01
5.83257 9.924939113531353607e-01
5.83547 9.924950889488429739e-01
5.83778 9.924960202271843057e-01
5.8401 9.924969429397922926e-01
5.84299 9.924980836885299862e-01
5.84531 9.924989871561116228e-01
5.84763 9.924998823767127165e-01
5.85052 9.925009881789099708e-01
5.85284 9.925018626318208304e-01
5.85515 9.925027283079888019e-01
5.85803 9.925037969052334930e-01
5.86034 9.925046418218932409e-01
5.86265 9.925054767902816710e-01
5.86553 9.925065070440491910e-01
5.86784 9.925073195838958195e-01
5.87014 9.925081207553209106e-01
5.87303 9.925091056032476766e-01
5.87534 9.925098795502266258e-01
5.87765 9.925106397650648171e-01
5.88054 9.925115710569661909e-01
5.88285 9.925123000320280608e-01
5.88516 9.925130145785812097e-01
5.88805 9.925138881495018106e-01
5.89036 9.925145719926740107e-01
5.89268 9.925152430162059725e-01
5.89557 9.925160644526531684e-01
5.89788 9.925167086788451165e-01
5.9002 9.925173411803566159e-01
5.90251 9.925179628537899035e-01
5.90541 9.925187250504022840e-01
5.90773 9.925193242157520634e-01
5.91005 9.925199147726897486e-01
5.91296 9.925206408416894499e-01
5.91528 9.925212128014769819e-01
5.91761 9.925217773836113588e-01
5.92052 9.925224740520396383e-01
5.92284 9.925230244742615504e-01
5.92517 9.925235696726665280e-01
5.9275 9.925241101216454309e-01
5.93041 9.925247793994627088e-01
5.93275 9.925253108751282971e-01
5.93509 9.925258379749196669e-01
5.938 9.925264901109551730e-01
5.94033 9.925270079462098494e-01
5.94266 9.925275225698727555e-01
5.94556 9.925281622754642541e-01
5.94789 9.925286719060814056e-01
5.95021 9.925291792302387561e-01
5.95252 9.925296850903615464e-01
5.95542 9.925303146235650020e-01
5.95774 9.925308165655735149e-01
5.96005 9.925313169134911684e-01
5.96294 9.925319401936256725e-01
5.96525 9.925324372276423945e-01
5.96756 9.925329325014650150e-01
5.97045 9.925335484222986837e-01
5.97277 9.925340351597626842e-01
5.97508 9.925345134835561467e-01
5.97796 9.925350968305688415e-01
5.98027 9.925355507610089667e-01
5.98258 9.925359928420269817e-01
5.98547 9.925365282287614832e-01
5.98778 9.925369425044513472e-01
5.99009 9.925373439672492415e-01
5.99298 9.925378271668038321e-01
5.99529 9.925381984697303484e-01
5.9976 9.925385558488224458e-01
6.00049 9.925389829083242077e-01
6.0028 9.925393089908749467e-01
6.00511 9.925396214805047856e-01
6.008 9.925399940674846100e-01
6.01032 9.925402782336393281e-01
6.01263 9.925405510436118295e-01
6.01553 9.925408770218279164e-01
6.01785 9.925411267903543333e-01
6.02017 9.925413675399240576e-01
6.02306 9.925416565491516074e-01
6.02538 9.925418788733337827e-01
6.0277 9.925420936632806113e-01
6.03002 9.925423011436201870e-01
6.03292 9.925425503888251066e-01
6.03524 9.925427417255477947e-01
6.03756 9.925429257625504320e-01
6.04046 9.925431452003482535e-01
6.04279 9.925433119767581580e-01
6.04511 9.925434704631697080e-01
6.04802 9.925436565425270752e-01
6.05034 9.925437952170762523e-01
6.05267 9.925439246448979347e-01
6.055 9.925440446033111375e-01
6.05791 9.925441811057454933e-01
6.06025 9.925442797724394195e-01
6.06258 9.925443691514651556e-01
6.0655 9.925444681541860659e-01
6.06783 9.925445376479232751e-01
6.07016 9.925445987615949539e-01
6.07307 9.925446622435228905e-01
6.0754 9.925447009345583771e-01
6.07772 9.925447297102201194e-01
6.08005 9.925447491879049178e-01
6.08295 9.925447609018624995e-01
6.08527 9.925447602646766398e-01
6.08759 9.925447505389044522e-01
6.09049 9.925447250753038908e-01
6.09281 9.925446933988704146e-01
6.09512 9.925446509929043426e-01
6.09802 9.925445817248116365e-01
6.10034 9.925445123694188743e-01
6.10265 9.925444296852744541e-01
6.10554 9.925443062733678712e-01
6.10786 9.925441903864357096e-01
6.11017 9.925440582675832957e-01
6.11306 9.925438691170621608e-01
6.11538 9.925436976475361384e-01
6.11769 9.925435075646323879e-01
6.12 9.925432983272574061e-01
6.12289 9.925430093230117601e-01
6.12521 9.925427560022646034e-01
6.12752 9.925424831613245402e-01
6.13041 9.925421170716692831e-01
6.13272 9.925418191136717860e-01
6.13504 9.925415218529413108e-01
6.13793 9.925411516624603747e-01
6.14025 9.925408561720273637e-01
6.14256 9.925405604478905186e-01
6.14546 9.925401885565622306e-01
6.14777 9.925398874566893070e-01
6.15009 9.925395814733004585e-01
6.15299 9.925391892004196137e-01
6.1553 9.925388655888969236e-01
6.15762 9.925385312294223716e-01
6.16052 9.925380958472393989e-01
6.16284 9.925377310643096473e-01
6.16517 9.925373508298235281e-01
6.16807 9.925368531960928609e-01
6.17039 9.925364363836202131e-01
6.17271 9.925360023617443295e-01
6.17503 9.925355510894046107e-01
6.17793 9.925349623500671070e-01
6.18025 9.925344717535481420e-01
6.18257 9.925339639669680247e-01
6.18547 9.925333053638337732e-01
6.18778 9.925327600678384155e-01
6.1901 9.925321986856469048e-01
6.19299 9.925314753602714202e-01
6.19531 9.925308798848810898e-01
6.19763 9.925302700667019140e-01
6.20052 9.925294883618083208e-01
6.20283 9.925288479347097459e-01
6.20515 9.925281947256808790e-01
6.20804 9.925273606922863090e-01
6.21035 9.925266801937047134e-01
6.21267 9.925259882598287398e-01
6.21556 9.925251081085020299e-01
6.21787 9.925243924018500863e-01
6.22018 9.925236674634583256e-01
6.22308 9.925227538425280827e-01
6.22539 9.925220150148520437e-01
6.2277 9.925212678127751653e-01
6.23001 9.925205097306853963e-01
6.2329 9.925195430982048928e-01
6.23522 9.925187518813473053e-01
6.23753 9.925179427634361895e-01
6.24042 9.925169038221071105e-01
6.24273 9.925160489094325689e-01
6.24504 9.925151709140034306e-01
6.24793 9.925140409620448745e-01
6.25025 9.925131113116446580e-01
6.25256 9.925121576826922976e-01
6.25545 9.925109311344397778e-01
6.25776 9.925099227967084659e-01
6.26008 9.925088919706254176e-01
6.26297 9.925075736003396987e-01
6.26528 9.925064956151100626e-01
6.2676 9.925053966594487020e-01
6.27049 9.925039917518999610e-01
6.27281 9.925028390961415647e-01
6.27512 9.925016609114406529e-01
6.27801 9.925001532563109130e-01
6.28033 9.924989202594988180e-01
6.28264 9.924976658483565251e-01
6.28554 9.924960709800725311e-01
6.28786 9.924947771804464303e-01
6.29017 9.924934711889962236e-01
6.29307 9.924918217510689811e-01
6.29539 9.924904906158065199e-01
6.29771 9.924891510965351271e-01
6.30002 9.924878057621611127e-01
6.30292 9.924861244368285984e-01
6.30524 9.924847815111040861e-01
6.30756 9.924834381053920795e-01
6.31045 9.924817552275879695e-01
6.31277 9.924804036001622087e-01
6.31509 9.924790446792416398e-01
6.31799 9.924773320915026842e-01
6.3203 9.924759434815073611e-01
6.32262 9.924745274704701581e-01
6.32552 9.924727176549744678e-01
6.32784 9.924712383613607525e-01
6.33016 9.924697320139982404e-01
6.33305 9.924678126217286733e-01
6.33537 9.924662496913794207e-01
6.33769 9.924646633123295203e-01
6.34001 9.924630551104537401e-01
6.34291 9.924610154549744490e-01
6.34523 9.924593616405322782e-01
6.34755 9.924576893653225262e-01
6.35045 9.924555741752995042e-01
6.35277 9.924538639112113758e-01
6.35509 9.924521376445138987e-01
6.35799 9.924499598812354106e-01
6.36032 9.924482018566603836e-01
6.36264 9.924464309747518254e-01
6.36555 9.924441999962881900e-01
6.36787 9.924424017073204540e-01
6.3702 9.924405925992210165e-01
6.37252 9.924387727952708182e-01
6.37543 9.924364840175683433e-01
6.37775 9.924346433257603683e-01
6.38007 9.924327937151889989e-01
6.38298 9.924304696014749627e-01
6.3853 9.924286010639147282e-01
6.38762 9.924267236132309211e-01
6.39052 9.924243657729510115e-01
6.39284 9.924224693488794546e-01
6.39516 9.924205646321968555e-01
6.39806 9.924181712175619285e-01
6.40038 9.924162467438620849e-01
6.4027 9.924143138483388915e-01
6.40501 9.924123723144284703e-01
6.40791 9.924099348002958232e-01
6.41023 9.924079756437919064e-01
6.41254 9.924060093090246726e-01
6.41544 9.924035415182665965e-01
6.41775 9.924015603545143227e-01
6.42007 9.923995749668401700e-01
6.42296 9.923970922621710988e-01
6.42528 9.923951060673249502e-01
6.42759 9.923931201036544358e-01
6.43048 9.923906390299221947e-01
6.4328 9.923886550527876160e-01
6.43511 9.923866709941724373e-01
6.438 9.923841893212833609e-01
6.44032 9.923822020037077474e-01
6.44263 9.923802125769982663e-01
6.44552 9.923777223886531829e-01
6.44784 9.923757275127453870e-01
6.45015 9.923737305325442959e-01
6.45304 9.923712318977270241e-01
6.45536 9.923692317021731713e-01
6.45767 9.923672308269715359e-01
6.46056 9.923647292695250144e-01
6.46288 9.923627286859000307e-01
6.46519 9.923607288356974809e-01
6.46751 9.923587318908217991e-01
6.4704 9.923562417310646255e-01
6.47272 9.923542552919213389e-01
6.47503 9.923522738456668213e-01
6.47793 9.923498026315087372e-01
6.48024 9.923478281793178812e-01
6.48256 9.923458533177788032e-01
6.48546 9.923433846328451047e-01
6.48777 9.923414084592494522e-01
6.49009 9.923394316074435340e-01
6.49299 9.923369596634549206e-01
6.49531 9.923349815957063225e-01
6.49763 9.923330042208698965e-01
6.50053 9.923305327915126206e-01
6.50285 9.923285581472299777e-01
6.50518 9.923265851890875622e-01
6.5075 9.923246152788685048e-01
6.51041 9.923221576858651805e-01
6.51273 9.923201956762428555e-01
6.51506 9.923182386474519445e-01
6.51796 9.923158005017860273e-01
6.52029 9.923138564524243144e-01
6.52261 9.923119192230814845e-01
6.52552 9.923095077766315164e-01
6.52784 9.923075873457165574e-01
6.53016 9.923056750772543122e-01
6.53307 9.923032963679413454e-01
6.53539 9.923014029446466377e-01
6.53772 9.922995180280866911e-01
6.54004 9.922976416045383719e-01
6.54294 9.922953082154416515e-01
6.54527 9.922934511620216114e-01
6.54759 9.922916027253639859e-01
6.5505 9.922893043264739976e-01
6.55282 9.922874747679201191e-01
6.55515 9.922856534372698212e-01
6.55805 9.922833884392076031e-01
6.56038 9.922815853120394713e-01
6.5627 9.922797906278972846e-01
6.56502 9.922780042715007021e-01
6.56792 9.922757821098203701e-01
6.57024 9.922740137223478030e-01
6.57256 9.922722525652430958e-01
6.57546 9.922700623938747189e-01
6.57778 9.922683185827815278e-01
6.5801 9.922665824962999537e-01
6.583 9.922644233385528034e-01
6.58531 9.922627046462143552e-01
6.58763 9.922609942005313766e-01
6.59053 9.922588671676206840e-01
6.59284 9.922571751179368738e-01
6.59516 9.922554912579147901e-01
6.59805 9.922533984693489018e-01
6.60037 9.922517340090498683e-01
6.60268 9.922500783462642193e-01
6.60558 9.922480215534428272e-01
6.60789 9.922463865198941635e-01
6.61021 9.922447609899156529e-01
6.61252 9.922431453143677471e-01
6.61541 9.922411399377611962e-01
6.61773 9.922395475316302393e-01
6.62005 9.922379661421690811e-01
6.62294 9.922360053691500203e-01
6.62526 9.922344504912637975e-01
6.62757 9.922329077857511281e-01
6.63047 9.922309981088395237e-01
6.63279 9.922294853304293172e-01
6.63511 9.922279866693399786e-01
6.638 9.922261336568518608e-01
6.64032 9.922246678227475414e-01
6.64264 9.922232177053214031e-01
6.64554 9.922214264666423533e-01
6.64787 9.922200122450490767e-01
6.65019 9.922186142973392631e-01
6.65251 9.922172337441677037e-01
6.65542 9.922155332200749411e-01
6.65774 9.922141944319060602e-01
6.66007 9.922128777728216331e-01
6.66298 9.922112634454586244e-01
6.66531 9.922099995749675827e-01
6.66763 9.922087613705448117e-01
6.67054 9.922072478285223207e-01
6.67287 9.922060634675250457e-01
6.67519 9.922049012652819355e-01
6.67751 9.922037592710045706e-01
6.68041 9.922023663344546884e-01
6.68273 9.922012871117316113e-01
6.68505 9.922002415664415986e-01
6.68795 9.921989773913295618e-01
6.69027 9.921979975021175679e-01
6.69258 9.921970436267935067e-01
6.69548 9.921958848587684177e-01
6.69779 9.921949829557602518e-01
6.70011 9.921941025450362606e-01
6.703 9.921930292824276965e-01
6.70531 9.921921902733827903e-01
6.70762 9.921913673264787237e-01
6.71051 9.921903591984471138e-01
6.71283 9.921895675180620877e-01
6.71514 9.921887878805976113e-01
6.71803 9.921878284955986116e-01
6.72034 9.921870720681790212e-01
6.72265 9.921863243488303619e-01
6.72554 9.921853996155616251e-01
6.72785 9.921846672888019469e-01
6.73016 9.921839413456450263e-01
6.73305 9.921830425602115033e-01
6.73537 9.921823304467817239e-01
6.73768 9.921816247110073483e-01
6.74057 9.921807558681493555e-01
6.74288 9.921800707753561932e-01
6.7452 9.921793940075238627e-01
6.74751 9.921787250419834558e-01
6.75041 9.921778975975518167e-01
6.75272 9.921772422307514327e-01
6.75504 9.921765911456261744e-01
6.75794 9.921757853404585825e-01
6.76025 9.921751476196506436e-01
6.76257 9.921745171798075358e-01
6.76547 9.921737346316209516e-01
6.76779 9.921731103087141346e-01
6.77011 9.921724881018361142e-01
6.77301 9.921717134108373193e-01
6.77533 9.921710970186630174e-01
6.77765 9.921704841339142877e-01
6.78055 9.921697239439519755e-01
6.78287 9.921691244110411034e-01
6.78519 9.921685369236044050e-01
6.78751 9.921679621610003386e-01
6.79042 9.921672623575505945e-01
6.79274 9.921667187128463405e-01
6.79506 9.921661903245332370e-01
6.79797 9.921655535057020137e-01
6.80029 9.921650654231809474e-01
6.80261 9.921645989708678393e-01
6.80551 9.921640444642239043e-01
6.80783 9.921636100813892023e-01
6.81015 9.921631814584199738e-01
6.81305 9.921626547132128549e-01
6.81536 9.921622417637243618e-01
6.81768 9.921618328399265385e-01
6.82057 9.921613269540968671e-01
6.82289 9.921609298781790542e-01
6.8252 9.921605412870078133e-01
6.82752 9.921601621096278745e-01
6.83041 9.921597030163848974e-01
6.83272 9.921593487196787020e-01
6.83503 9.921590069385257671e-01
6.83792 9.921585986904427612e-01
6.84024 9.921582884025083038e-01
6.84255 9.921579934532672729e-01
6.84544 9.921576470631969791e-01
6.84775 9.921573879734641999e-01
6.85007 9.921571448649314506e-01
6.85296 9.921568630003879674e-01
6.85527 9.921566547033774386e-01
6.85759 9.921564610542399354e-01
6.86048 9.921562385053190880e-01
6.8628 9.921560755238397755e-01
6.86511 9.921559257182065439e-01
6.86801 9.921557580024072953e-01
6.87033 9.921556468474574952e-01
6.87265 9.921555599466975739e-01
6.87554 9.921554839171594642e-01
6.87787 9.921554480062927395e-01
6.88019 9.921554333555934191e-01
6.88251 9.921554391610875046e-01
6.88542 9.921554739349732754e-01
6.88774 9.921555227947932432e-01
6.89006 9.921555896586899959e-01
6.89296 9.921556967607869648e-01
6.89528 9.921558006773999461e-01
6.8976 9.921559197552710652e-01
6.90049 9.921560882456154085e-01
6.90281 9.921562377384902653e-01
6.90512 9.921563983175550883e-01
6.90802 9.921566076814430923e-01
6.91033 9.921567796865172761e-01
6.91264 9.921569543359187726e-01
6.91553 9.921571747361557225e-01
6.91784 9.921573514449048004e-01
6.92016 9.921575274665961341e-01
6.92304 9.921577449777997382e-01
6.92535 9.921579158886791872e-01
6.92767 9.921580831124868771e-01
6.93055 9.921582857617692319e-01
6.93286 9.921584419112483566e-01
6.93517 9.921585920733392294e-01
6.93806 9.921587705768513121e-01
6.94037 9.921589055182289396e-01
6.94268 9.921590330158116533e-01
6.94557 9.921591814938162113e-01
6.94788 9.921592911567558293e-01
6.9502 9.921593931836120150e-01
6.95251 9.921594861955836953e-01
6.9554 9.921595869997300587e-01
6.95771 9.921596521349648201e-01
6.96003 9.921597025273369841e-01
6.96292 9.921597453738945083e-01
6.96524 9.921597640912860339e-01
6.96755 9.921597697103102798e-01
6.97045 9.921597596551949838e-01
6.97277 9.921597392634359247e-01
6.97508 9.921597092080911562e-01
6.97798 9.921596646721702051e-01
6.9803 9.921596344354748354e-01
6.98261 9.921596106749664967e-01
6.98551 9.921595913714171822e-01
6.98783 9.921595853408090582e-01
6.99014 9.921595881058756783e-01
6.99304 9.921596042596250165e-01
6.99536 9.921596275387910557e-01
6.99768 9.921596602567348544e-01
7 9.921597026237610750e-01
7.0029 9.921597696120152410e-01
7.00523 9.921598348152913527e-01
7.00755 9.921599107008027829e-01
7.01046 9.921600212365875304e-01
7.01278 9.921601226224591175e-01
7.0151 9.921602358312869852e-01
7.018 9.921603947796131528e-01
7.02032 9.921605363758743135e-01
7.02264 9.921606913531976213e-01
7.02554 9.921609047460856479e-01
7.02785 9.921610917834875476e-01
7.03017 9.921612940501793876e-01
7.03306 9.921615689695121310e-01
7.03538 9.921618072986001513e-01
7.03769 9.921620623711143727e-01
7.04 9.921623344986783000e-01
7.04289 9.921626990225530518e-01
7.04521 9.921630102189993305e-01
7.04752 9.921633388857340474e-01
7.05041 9.921637740210077494e-01
7.05272 9.921641412398460869e-01
7.05503 9.921645249616801721e-01
7.05792 9.921650267820161240e-01
7.06023 9.921654449620087579e-01
7.06255 9.921658771146921740e-01
7.06544 9.921664357753049446e-01
7.06775 9.921668969106137714e-01
7.07006 9.921673714755302464e-01
7.07296 9.921679899972383199e-01
7.07527 9.921685045829469196e-01
7.07759 9.921690357463430754e-01
7.08048 9.921697217572241767e-01
7.0828 9.921702869465446328e-01
7.08512 9.921708653466428940e-01
7.08801 9.921716063267972396e-01
7.09034 9.921722130983117172e-01
7.09266 9.921728303338840371e-01
7.09556 9.921736153960181159e-01
7.09788 9.921742535084007164e-01
7.10021 9.921748994379423481e-01
7.10253 9.921755535175676988e-01
7.10544 9.921763803707378537e-01
7.10777 9.921770482749389108e-01
7.1101 9.921777215159585106e-01
7.113 9.921785697850541430e-01
7.11533 9.921792531322182196e-01
7.11765 9.921799402644106980e-01
7.12056 9.921808023600036108e-01
7.12288 9.921814944317508544e-01
7.1252 9.921821883260744102e-01
7.12753 9.921828839167632363e-01
7.13043 9.921837555640309336e-01
7.13275 9.921844544001133803e-01
7.13508 9.921851543978661425e-01
7.13798 9.921860301222342748e-01
7.1403 9.921867316278032423e-01
7.14262 9.921874332464427626e-01
7.14552 9.921883107145238467e-01
7.14784 9.921890125693603180e-01
7.15015 9.921897132577133238e-01
7.15305 9.921905873437287804e-01
7.15537 9.921912848770151339e-01
7.15768 9.921919812768698055e-01
7.16058 9.921928503428447677e-01
7.16289 9.921935455655244152e-01
7.16521 9.921942387222810744e-01
7.16752 9.921949279932115173e-01
7.17041 9.921957855347081079e-01
7.17273 9.921964694293912146e-01
7.17504 9.921971516558310000e-01
7.17793 9.921980021909732050e-01
7.18025 9.921986807525486896e-01
7.18256 9.921993578863023133e-01
7.18546 9.922002024363915096e-01
7.18778 9.922008766935891400e-01
7.19009 9.922015500487634254e-01
7.19299 9.922023902227877779e-01
7.19531 9.922030618532202695e-01
7.19763 9.922037327150166064e-01
7.20053 9.922045709999826046e-01
7.20285 9.922052414938885567e-01
7.20517 9.922059120791913989e-01
7.20808 9.922067512326983030e-01
7.2104 9.922074230122270855e-01
7.21273 9.922080964084613042e-01
7.21506 9.922087707634361653e-01
7.21796 9.922096148106956948e-01
7.22029 9.922102914820859487e-01
7.22261 9.922109698062944183e-01
7.22551 9.922118199583470632e-01
7.22783 9.922125029517954165e-01
7.23015 9.922131879921105568e-01
7.23305 9.922140488385001733e-01
7.23536 9.922147410012793767e-01
7.23768 9.922154369179229105e-01
7.24057 9.922163125338437917e-01
7.24289 9.922170179059073281e-01
7.2452 9.922177282647071106e-01
7.24751 9.922184435095822153e-01
7.2504 9.922193455482637425e-01
7.25272 9.922200737302013795e-01
7.25503 9.922208082016692465e-01
7.25792 9.922217356068406824e-01
7.26023 9.922224853020941149e-01
7.26254 9.922232422718759715e-01
7.26543 9.922241990761671016e-01
7.26774 9.922249732713552817e-01
7.27005 9.922257555644738991e-01
7.27294 9.922267449565529418e-01
7.27525 9.922275459690453880e-01
7.27757 9.922283555452151571e-01
7.28046 9.922293795774446146e-01
7.28277 9.922302087582158814e-01
7.28508 9.922310464767638560e-01
7.28798 9.922321061832418687e-01
7.29029 9.922329635216770027e-01
7.29261 9.922338295224877314e-01
7.29551 9.922349238504725166e-01
7.29782 9.922358083705536957e-01
7.30014 9.922367011075646781e-01
7.30304 9.922378271067853195e-01
7.30536 9.922387355144938192e-01
7.30768 9.922396501498633725e-01
7.31 9.922405704977389496e-01
7.3129 9.922417282180272524e-01
7.31522 9.922426598442096735e-01
7.31754 9.922435962620508310e-01
7.32044 9.922447763990636105e-01
7.32276 9.922457296345905675e-01
7.32509 9.922466898657262835e-01
7.32799 9.922478994331954683e-01
7.33031 9.922488737007689741e-01
7.33263 9.922498529511679655e-01
7.33554 9.922510823238589461e-01
7.33786 9.922520703602232262e-01
7.34017 9.922530607932632529e-01
7.34307 9.922543029452579599e-01
7.34539 9.922552985476426057e-01
7.34771 9.922562956181684157e-01
7.35002 9.922572934635367492e-01
7.35292 9.922585402877872607e-01
7.35523 9.922595372580906847e-01
7.35754 9.922605328069998842e-01
7.36044 9.922617752985181117e-01
7.36275 9.922627670306018999e-01
7.36506 9.922637564635981011e-01
7.36795 9.922649895076794957e-01
7.37027 9.922659725026655719e-01
7.37258 9.922669521312438290e-01
7.37547 9.922681716086768633e-01
7.37779 9.922691426655972924e-01
7.3801 9.922701096227375395e-01
7.38299 9.922713119084177746e-01
7.38531 9.922722684716296371e-01
7.38762 9.922732201040762590e-01
7.39051 9.922744021938502135e-01
7.39283 9.922753420235457256e-01
7.39515 9.922762759631840179e-01
7.39805 9.922774353080066057e-01
7.40036 9.922783558493063483e-01
7.40268 9.922792701900697843e-01
7.40501 9.922801786584365402e-01
7.40791 9.922813053085401958e-01
7.41023 9.922821998713250435e-01
7.41256 9.922830875339629930e-01
7.41546 9.922841868713733193e-01
7.41778 9.922850583934783586e-01
7.4201 9.922859222745812335e-01
7.423 9.922869914701849536e-01
7.42532 9.922878386133109352e-01
7.42764 9.922886779488397924e-01
7.43054 9.922897172110223263e-01
7.43285 9.922905399035206742e-01
7.43517 9.922913556167277660e-01
7.43806 9.922923650157937647e-01
7.44037 9.922931645382490062e-01
7.44268 9.922939571064088859e-01
7.44557 9.922949378605253612e-01
7.44788 9.922957149005929844e-01
7.45019 9.922964849836219958e-01
7.4525 9.922972484703322937e-01
7.45539 9.922981935414416643e-01
7.4577 9.922989422831612893e-01
7.46001 9.922996846541167759e-01
7.4629 9.923006037892003750e-01
7.46521 9.923013321431620737e-01
7.46752 9.923020545666351167e-01
7.47041 9.923029492289719977e-01
7.47272 9.923036586204263543e-01
7.47503 9.923043624116657524e-01
7.47792 9.923052346093726994e-01
7.48023 9.923059266015017421e-01
7.48255 9.923066134609528355e-01
7.48544 9.923074657020156675e-01
7.48775 9.923081421829017534e-01
7.49007 9.923088146032661427e-01
7.49297 9.923096493022319775e-01
7.49528 9.923103126465271373e-01
7.4976 9.923109723176426478e-01
7.5005 9.923117919671612386e-01
7.50281 9.923124440857937767e-01
7.50513 9.923130931584354109e-01
7.50803 9.923139008141105277e-01
7.51035 9.923145440896137259e-01
7.51267 9.923151852021058206e-01
7.51557 9.923159837942554518e-01
7.51789 9.923166205912375970e-01
7.52021 9.923172559781350266e-01
7.52253 9.923178897252390440e-01
7.52543 9.923186804567950547e-01
7.52776 9.923193116283359760e-01
7.53008 9.923199417835101288e-01
7.53299 9.923207281418782166e-01
7.53532 9.923213557878671764e-01
7.53764 9.923219817525792408e-01
7.54054 9.923227629857011012e-01
7.54286 9.923233862685103546e-01
7.54518 9.923240088848821472e-01
7.54808 9.923247858454256054e-01
7.55039 9.923254066466028478e-01
7.55271 9.923260269857246962e-01
7.55502 9.923266467467635188e-01
7.55792 9.923274213715693737e-01
7.56023 9.923280407981590612e-01
7.56254 9.923286604799147481e-01
7.56543 9.923294354651825966e-01
7.56775 9.923300559866617965e-01
7.57006 9.923306771871479581e-01
7.57295 9.923314547890824677e-01
7.57526 9.923320779873845421e-01
7.57757 9.923327023232724198e-01
7.58046 9.923334845034296192e-01
7.58278 9.923341118827260221e-01
7.58509 9.923347407661082809e-01
7.58798 9.923355292083497758e-01
7.59029 9.923361619675433731e-01
7.59261 9.923367964404683494e-01
7.5955 9.923375925049573443e-01
7.59781 9.923382313630085827e-01
7.60013 9.923388724217501178e-01
7.60303 9.923396764083317612e-01
7.60534 9.923403219111023299e-01
7.60766 9.923409694396364555e-01
7.61056 9.923417813696072676e-01
7.61289 9.923424332991070962e-01
7.61521 9.923430867091206364e-01
7.61753 9.923437422166027089e-01
7.62044 9.923445636918654111e-01
7.62276 9.923452222449627991e-01
7.62509 9.923458819137991327e-01
7.628 9.923467077930172575e-01
7.63032 9.923473692386083345e-01
7.63264 9.923480314239239153e-01
7.63555 9.923488598842339359e-01
7.63787 9.923495231797740956e-01
7.6402 9.923501868464760234e-01
7.64252 9.923508507748650675e-01
7.64543 9.923516809464332233e-01
7.64775 9.923523453216188672e-01
7.65008 9.923530099477623212e-01
7.65298 9.923538414943323671e-01
7.6553 9.923545092724921357e-01
7.65762 9.923551791632964081e-01
7.66052 9.923560196331211447e-01
7.66284 9.923566947644942848e-01
7.66515 9.923573721578264895e-01
7.66805 9.923582228087669543e-01
7.67037 9.923589062043426390e-01
7.67268 9.923595926561480374e-01
7.67558 9.923604550481665010e-01
7.67789 9.923611486730099518e-01
7.68021 9.923618458468163039e-01
7.68252 9.923625467115361198e-01
7.68542 9.923634283849320781e-01
7.68773 9.923641385078453281e-01
7.69005 9.923648530236806042e-01
7.69294 9.923657527630065367e-01
7.69526 9.923664780897083482e-01
7.69757 9.923672086452923757e-01
7.70047 9.923681298216345814e-01
7.70278 9.923688732010295110e-01
7.7051 9.923696231549473667e-01
7.708 9.923705694673087274e-01
7.71032 9.923713344799420799e-01
7.71264 9.923721064856795282e-01
7.71554 9.923730817700329165e-01
7.71787 9.923738706481163296e-01
7.72019 9.923746669515134400e-01
7.72252 9.923754721381611299e-01
7.72543 9.923764909762685660e-01
7.72775 9.923773157815267698e-01
7.73008 9.923781492067619281e-01
7.73299 9.923792025451879661e-01
7.73531 9.923800543141741981e-01
7.73763 9.923809150215558983e-01
7.74053 9.923820020849671852e-01
7.74285 9.923828820241941129e-01
7.74517 9.923837704041174046e-01
7.74806 9.923848936529165998e-01
7.75038 9.923858023801809258e-01
7.75269 9.923867201383436143e-01
7.75501 9.923876474201754894e-01
7.7579 9.923888191525207514e-01
7.76021 9.923897673954318321e-01
7.76252 9.923907249847273571e-01
7.76541 9.923919355628337824e-01
7.76773 9.923929149483288192e-01
7.77004 9.923939040941005540e-01
7.77292 9.923951545245913719e-01
7.77524 9.923961661115530131e-01
7.77755 9.923971878116243373e-01
7.78044 9.923984794377953556e-01
7.78275 9.923995243385662635e-01
7.78506 9.924005798161212866e-01
7.78795 9.924019141433142455e-01
7.79026 9.924029936737084334e-01
7.79257 9.924040843788041188e-01
7.79547 9.924054629708405351e-01
7.79778 9.924065790522024200e-01
7.8001 9.924077062067683253e-01
7.80299 9.924091317900053388e-01
7.80531 9.924102854979127697e-01
7.80763 9.924114510533385003e-01
7.81053 9.924129256372730135e-01
7.81285 9.924141186197199538e-01
7.81517 9.924153237913095893e-01
7.81807 9.924168473556083114e-01
7.82039 9.924180804447628734e-01
7.82271 9.924193261647967779e-01
7.82504 9.924205847662473934e-01
7.82794 9.924221768555894219e-01
7.83026 9.924234652404964052e-01
7.83259 9.924247669875312372e-01
7.83549 9.924264131395015287e-01
7.83781 9.924277440966017272e-01
7.84013 9.924290884992262862e-01
7.84303 9.924307880691406458e-01
7.84535 9.924321629226352526e-01
7.84767 9.924335523220529920e-01
7.85056 9.924353083249335405e-01
7.85287 9.924367300113398072e-01
7.85519 9.924381662812654659e-01
7.8575 9.924396177978973554e-01
7.8604 9.924414540150884312e-01
7.86271 9.924429406197391446e-01
7.86502 9.924444434266609383e-01
7.86791 9.924463448529630138e-01
7.87023 9.924478847933703163e-01
7.87254 9.924494418428012610e-01
7.87543 9.924514124441011775e-01
7.87774 9.924530088942590256e-01
7.88006 9.924546233946470730e-01
7.88295 9.924566671384457139e-01
7.88527 9.924583235126455127e-01
7.88758 9.924599985000045477e-01
7.89048 9.924621201828113248e-01
7.89279 9.924638394000037112e-01
7.89511 9.924655790098031449e-01
7.89801 9.924677824787908609e-01
7.90033 9.924695684393131101e-01
7.90265 9.924713764620426426e-01
7.90556 9.924736656446079275e-01
7.90788 9.924755225628349997e-01
7.91021 9.924774008023710126e-01
7.91253 9.924792990308660690e-01
7.91543 9.924817005075686760e-01
7.91775 9.924836457526684530e-01
7.92007 9.924856111709831064e-01
7.92297 9.924880994250191435e-01
7.92528 9.924901130882403111e-01
7.9276 9.924921494575291714e-01
7.93049 9.924947256158674902e-01
7.9328 9.924968115873273877e-01
7.93511 9.924989201982382658e-01
7.938 9.925015870526389117e-01
7.94032 9.925037464769164153e-01
7.94263 9.925059280053070143e-01
7.94551 9.925086872841353269e-01
7.94782 9.925109201724020558e-01
7.95013 9.925131758109837499e-01
7.95302 9.925160273624924478e-01
7.95533 9.925183340586531955e-01
7.95764 9.925206632299862219e-01
7.96053 9.925236066768942100e-01
7.96284 9.925259863168774954e-01
7.96515 9.925283886173976722e-01
7.96804 9.925314223136013636e-01
7.97035 9.925338741709833768e-01
7.97266 9.925363479971831548e-01
7.97556 9.925394702773902011e-01
7.97787 9.925419929901192484e-01
7.98019 9.925445361411722178e-01
7.9825 9.925471013438112999e-01
7.9854 9.925503365734621442e-01
7.98772 9.925529472231171546e-01
7.99003 9.925555775556371696e-01
7.99293 9.925588923795157781e-01
7.99525 9.925615662181546117e-01
7.99757 9.925642583259585150e-01
8.00047 9.925676512302494814e-01
8.00279 9.925703879757166170e-01
8.00511 9.925731462461447885e-01
8.00802 9.925766239005004987e-01
8.01034 9.925794292278019570e-01
8.01267 9.925822569859520383e-01
8.01557 9.925858192904927213e-01
8.0179 9.925886893409265888e-01
8.02022 9.925915788029679998e-01
8.02254 9.925944851325437801e-01
8.02545 9.925981418868273787e-01
8.02777 9.926010872740586022e-01
8.03008 9.926040480964488655e-01
8.03298 9.926077749142094842e-01
8.0353 9.926107737291669508e-01
8.03761 9.926137907998490162e-01
8.0405 9.926175860124447636e-01
8.04282 9.926206417743865806e-01
8.04513 9.926237154399363272e-01
8.04802 9.926275818705058152e-01
8.05033 9.926306956969450646e-01
8.05264 9.926338271932514390e-01
8.05553 9.926377675709106008e-01
8.05785 9.926409407135582397e-01
8.06016 9.926441324279596801e-01
8.06305 9.926481486455522862e-01
8.06536 9.926513830601727539e-01
8.06767 9.926546360924924928e-01
8.07056 9.926587306958326584e-01
8.07288 9.926620272834534298e-01
8.07519 9.926653443627865281e-01
8.07751 9.926686805715506656e-01
8.0804 9.926728781173382865e-01
8.08272 9.926762585859957300e-01
8.08504 9.926796580191059594e-01
8.08794 9.926839387904858869e-01
8.09026 9.926873841472263482e-01
8.09258 9.926908517668825427e-01
8.09549 9.926952137811970722e-01
8.09781 9.926987261046852362e-01
8.10014 9.927022588455025609e-01
8.10305 9.927067002155069986e-01
8.10537 9.927102724764433894e-01
8.1077 9.927138631882255204e-01
8.11002 9.927174715381381631e-01
8.11293 9.927220075982726710e-01
8.11525 9.927256571418634490e-01
8.11758 9.927293250669292357e-01
8.12048 9.927339359003870545e-01
8.12281 9.927376452686794694e-01
8.12513 9.927413729765718342e-01
8.12803 9.927460532740870480e-01
8.13036 9.927498168826289771e-01
8.13268 9.927535963749662962e-01
8.13557 9.927583431354621846e-01
8.13789 9.927621594625333223e-01
8.14021 9.927659907114316784e-01
8.14253 9.927698389715704508e-01
8.14542 9.927746706886925177e-01
8.14774 9.927785540945580633e-01
8.15005 9.927824530044991880e-01
8.15295 9.927873480681440599e-01
8.15526 9.927912814165602562e-01
8.15758 9.927952297362073741e-01
8.16047 9.928001858701477333e-01
8.16279 9.928041678975243478e-01
8.1651 9.928081640481372094e-01
8.168 9.928131801291371072e-01
8.17031 9.928172090189469889e-01
8.17263 9.928212519650337908e-01
8.17553 9.928263267973680417e-01
8.17785 9.928304011384235794e-01
8.18017 9.928344921517139321e-01
8.18307 9.928396234812553178e-01
8.18539 9.928437462144955594e-01
8.18771 9.928478824005482206e-01
8.19004 9.928520322075103932e-01
8.19295 9.928572420155490352e-01
8.19527 9.928614232625520009e-01
8.1976 9.928656162658382467e-01
8.20051 9.928708740987506332e-01
8.20283 9.928750881820955776e-01
8.20516 9.928793122097830937e-01
8.20806 9.928846056532317776e-01
8.21038 9.928888499480904573e-01
8.2127 9.928931060570669320e-01
8.21501 9.928973688878885984e-01
8.21791 9.929027142511610560e-01
8.22022 9.929070009997045254e-01
8.22254 9.929112988680500740e-01
8.22543 9.929166868555039382e-01
8.22774 9.929210092511305819e-01
8.23006 9.929253440401866193e-01
8.23295 9.929307773991649100e-01
8.23526 9.929351381068111104e-01
8.23757 9.929395104492103608e-01
8.24046 9.929449929729494695e-01
8.24277 9.929493928089755395e-01
8.24508 9.929538047972585879e-01
8.24797 9.929593369233669087e-01
8.25028 9.929637766959948930e-01
8.25259 9.929682280460558896e-01
8.25548 9.929738101667648920e-01
8.25779 9.929782886685810661e-01
8.26011 9.929827794200666302e-01
8.263 9.929884093696057512e-01
8.26532 9.929929256613929667e-01
8.26763 9.929974546850758310e-01
8.27053 9.930031290706294866e-01
8.27285 9.930076837357179054e-01
8.27516 9.930122469311887246e-01
8.27806 9.930179658844657808e-01
8.28039 9.930225516011563780e-01
8.28271 9.930271450901514418e-01
8.28503 9.930317468589467955e-01
8.28793 9.930375082210276538e-01
8.29026 9.930421271810437878e-01
8.29258 9.930467518093634149e-01
8.29549 9.930525425282659135e-01
8.29781 9.930571819037995462e-01
8.30013 9.930618232781237564e-01
8.30304 9.930676216296103753e-01
8.30536 9.930722643827575302e-01
8.30767 9.930769041489275750e-01
8.31057 9.930827078097248517e-01
8.31289 9.930873503290863491e-01
8.3152 9.930919937806378384e-01
8.31752 9.930966380628623025e-01
8.32041 9.931024423349125163e-01
8.32272 9.931070864204193382e-01
8.32504 9.931117290546374043e-01
8.32793 9.931175317654209467e-01
8.33024 9.931221726110258663e-01
8.33255 9.931268118780688381e-01
8.33544 9.931326084852353242e-01
8.33776 9.931372432969374220e-01
8.34007 9.931418748606755109e-01
8.34296 9.931476613465571868e-01
8.34528 9.931522854461447558e-01
8.34759 9.931569067929491013e-01
8.35049 9.931626775950469499e-01
8.35281 9.931672915890287223e-01
8.35512 9.931719028490402223e-01
8.35802 9.931776606572090271e-01
8.36034 9.931822644156280688e-01
8.36266 9.931868617020631618e-01
8.36557 9.931926047285692949e-01
8.36789 9.931971919206150634e-01
8.37022 9.932017714134874220e-01
8.37254 9.932063426475779000e-01
8.37545 9.932120418530010486e-01
8.37777 9.932165842113250820e-01
8.38009 9.932211166882064513e-01
8.38298 9.932267614010171775e-01
8.3853 9.932312640877571930e-01
8.38761 9.932357534043074754e-01
8.39051 9.932413463646201368e-01
8.39282 9.932458071326650817e-01
8.39513 9.932502535933135368e-01
8.39802 9.932557954207406059e-01
8.40033 9.932602129509032762e-01
8.40265 9.932646183983185884e-01
8.40553 9.932701075782582878e-01
8.40784 9.932744846960784857e-01
8.41015 9.932788493717887857e-01
8.41304 9.932842871750813263e-01
8.41535 9.932886231011964773e-01
8.41766 9.932929466465068025e-01
8.42055 9.932983325525367446e-01
8.42286 9.933026273452323363e-01
8.42517 9.933069088669341795e-01
8.42806 9.933122424636974257e-01
8.43037 9.933164948997446064e-01
8.43268 9.933207329838065203e-01
8.43557 9.933260141729922665e-01
8.43789 9.933302224306141959e-01
8.4402 9.933344186048611579e-01
8.44252 9.933386003362749683e-01
8.44542 9.933438071608442499e-01
8.44773 9.933479566160940966e-01
8.45005 9.933520894207780172e-01
8.45295 9.933572330216857704e-01
8.45527 9.933613282403710443e-01
8.45759 9.933654072901667575e-01
8.46049 9.933704811517812816e-01
8.46281 9.933745209583436653e-01
8.46513 9.933785434283446403e-01
8.46804 9.933835454644307505e-01
8.47036 9.933875283583472049e-01
8.47269 9.933914912559911325e-01
8.47501 9.933954377004622360e-01
8.47792 9.934003432316333981e-01
8.48025 9.934042406881091747e-01
8.48257 9.934081135734068591e-01
8.48547 9.934129228857404570e-01
8.4878 9.934167412655553475e-01
8.49012 9.934205375657192416e-01
8.49301 9.934252470708206939e-01
8.49533 9.934289884932183679e-01
8.49765 9.934327055283463936e-01
8.50054 9.934373176154311924e-01
8.50286 9.934409808517853380e-01
8.50517 9.934446192292548661e-01
8.50806 9.934491345517310057e-01
8.51037 9.934527189617795573e-01
8.51269 9.934562798487385216e-01
8.515 9.934598166825614474e-01
8.51789 9.934642037455871932e-01
8.5202 9.934676864452812728e-01
8.52252 9.934711451227978829e-01
8.52541 9.934754344058064346e-01
8.52772 9.934788394330480443e-01
8.53003 9.934822200647818180e-01
8.53292 9.934864127059066519e-01
8.53524 9.934897398102463528e-01
8.53755 9.934930427841162093e-01
8.54045 9.934971387658749764e-01
8.54276 9.935003872629013522e-01
8.54508 9.935036134066427271e-01
8.54798 9.935076098353164964e-01
8.5503 9.935107804109423180e-01
8.55262 9.935139254419104171e-01
8.55552 9.935178212427996369e-01
8.55785 9.935209100419394312e-01
8.56017 9.935239715465926658e-01
8.56308 9.935277638508861475e-01
8.56541 9.935307664566466190e-01
8.56773 9.935337404240851544e-01
8.57006 9.935366862627503792e-01
8.57297 9.935403288980600989e-01
8.57529 9.935432108272227447e-01
8.57762 9.935460639429537499e-01
8.58052 9.935495901000892527e-01
8.58285 9.935523781762859441e-01
8.58518 9.935551356509007004e-01
8.58808 9.935585408819529452e-01
8.5904 9.935612305735125327e-01
8.59273 9.935638895440449536e-01
8.59505 9.935665195456777621e-01
8.59795 9.935697630671592728e-01
8.60027 9.935723254418643569e-01
8.60258 9.935748575918098568e-01
8.60548 9.935779817454851726e-01
8.6078 9.935804481238370567e-01
8.61011 9.935828851976079568e-01
8.61301 9.935858910607564543e-01
8.61532 9.935882630751916578e-01
8.61764 9.935906064701545137e-01
8.62054 9.935934955528298307e-01
8.62285 9.935957746900346832e-01
8.62517 9.935980255764617075e-01
8.62806 9.936007994079809613e-01
8.63038 9.936029866485863726e-01
8.6327 9.936051461724464406e-01
8.63501 9.936072771464642406e-01
8.63791 9.936099017341138984e-01
8.64023 9.936119688533789907e-01
8.64255 9.936140077779787028e-01
8.64546 9.936165168408620518e-01
8.64778 9.936184923789316281e-01
8.6501 9.936204412818097076e-01
8.65301 9.936228380811226168e-01
8.65534 9.936247272158761357e-01
8.65766 9.936265893076146050e-01
8.66057 9.936288806988147204e-01
8.6629 9.936306852124220379e-01
8.66523 9.936324635800113381e-01
8.66756 9.936342147125557522e-01
8.67046 9.936363694911067856e-01
8.67278 9.936380637453972042e-01
8.6751 9.936397346046996759e-01
8.678 9.936417892297124688e-01
8.68032 9.936434067113104618e-01
8.68264 9.936450015127521462e-01
8.68553 9.936469623680470598e-01
8.68785 9.936485062448668915e-01
8.69016 9.936500267560992583e-01
8.69305 9.936518961632395674e-01
8.69537 9.936533658928649038e-01
8.69768 9.936548129024378451e-01
8.70057 9.936565895426303641e-01
8.70288 9.936579849027984412e-01
8.70519 9.936593573039345095e-01
8.7075 9.936607064914870779e-01
8.71039 9.936623603507824809e-01
8.7127 9.936636573367045866e-01
8.71502 9.936649309363982940e-01
8.71791 9.936664900586105187e-01
8.72022 9.936677109994376256e-01
8.72253 9.936689081441476556e-01
8.72542 9.936703717116952550e-01
8.72774 9.936715154133607397e-01
8.73005 9.936726353742351137e-01
8.73295 9.936739980650929338e-01
8.73526 9.936750502392643902e-01
8.73758 9.936760690460831880e-01
8.74048 9.936772973310946666e-01
8.7428 9.936782457152369963e-01
8.74512 9.936791638084107037e-01
8.74802 9.936802707970816551e-01
8.75034 9.936811242692042967e-01
8.75267 9.936819500063499566e-01
8.75557 9.936829443733125045e-01
8.75789 9.936837106556830612e-01
8.76022 9.936844521640836314e-01
8.76254 9.936851695384100180e-01
8.76545 9.936860343419344765e-01
8.76778 9.936867015057552210e-01
8.7701 9.936873475851389914e-01
8.77301 9.936881270196706861e-01
8.77533 9.936887290263148875e-01
8.77766 9.936893123807296613e-01
8.78056 9.936900174816949427e-01
8.78288 9.936905624763313627e-01
8.7852 9.936910918059558284e-01
8.78751 9.936916057526494761e-01
8.79041 9.936922273137573924e-01
8.79273 9.936927089891657294e-01
8.79504 9.936931793513551492e-01
8.79793 9.936937522998795513e-01
8.80024 9.936941980265806551e-01
8.80256 9.936946327985796135e-01
8.80545 9.936951607177465506e-01
8.80776 9.936955704491249319e-01
8.81007 9.936959688700007787e-01
8.81296 9.936964509016448233e-01
8.81527 9.936968234555891843e-01
8.81759 9.936971845235281764e-01
8.82048 9.936976192689648268e-01
8.8228 9.936979539772727854e-01
8.82511 9.936982769449759223e-01
8.82801 9.936986642807698056e-01
8.83033 9.936989611370009579e-01
8.83265 9.936992463010861920e-01
8.83555 9.936995867708489083e-01
8.83787 9.936998470056833677e-01
8.84019 9.937000974410107323e-01
8.84252 9.937003377478895727e-01
8.84542 9.937006235861014503e-01
8.84775 9.937008402057310175e-01
8.85008 9.937010454483878874e-01
8.85298 9.937012848066888449e-01
8.85531 9.937014621567715755e-01
8.85763 9.937016260267450551e-01
8.86053 9.937018110936304272e-01
8.86285 9.937019424300679304e-01
8.86516 9.937020581946051090e-01
8.86806 9.937021800843717223e-01
8.87038 9.937022585936040597e-01
8.87269 9.937023197068166613e-01
8.875 9.937023629578428663e-01
8.87789 9.937023915014202569e-01
8.88021 9.937023936252242784e-01
8.88252 9.937023771603041844e-01
8.88541 9.937023310186086089e-01
8.88772 9.937022750112594061e-01
8.89003 9.937022027927896461e-01
8.89292 9.937020890118906102e-01
8.89523 9.937019788021677069e-01
8.89754 9.937018513368258699e-01
8.90043 9.937016675965215651e-01
8.90274 9.937015010391034853e-01
8.90505 9.937013170990167676e-01
8.90793 9.937010629320287558e-01
8.91025 9.937008403408785773e-01
8.91256 9.937006009263229522e-01
8.91545 9.937002781853381261e-01
8.91776 9.937000014223323907e-01
8.92008 9.936997082907881307e-01
8.92297 9.936993188391392007e-01
8.92528 9.936989891117128382e-01
8.9276 9.936986429848574387e-01
8.9305 9.936981877749212488e-01
8.93282 9.936978053402133471e-01
8.93514 9.936974068923314363e-01
8.93804 9.936968863448788492e-01
8.94036 9.936964519009841013e-01
8.94268 9.936960018608592682e-01
8.94501 9.936955359301249402e-01
8.94791 9.936949319537223824e-01
8.95024 9.936944313020591446e-01
8.95257 9.936939154984192335e-01
8.95548 9.936932496452042241e-01
8.9578 9.936927001829632955e-01
8.96013 9.936921362900754673e-01
8.96304 9.936914127235801919e-01
8.96537 9.936908181755210734e-01
8.96769 9.936902105736933333e-01
8.97001 9.936895896821803520e-01
8.97291 9.936887945011684264e-01
8.97523 9.936881416019337498e-01
8.97755 9.936874734652839658e-01
8.98045 9.936866179646853814e-01
8.98276 9.936859166818390321e-01
8.98508 9.936852007448743196e-01
8.98797 9.936842847968168080e-01
8.99028 9.936835353182496000e-01
8.9926 9.936827711358153792e-01
8.99549 9.936817953493873867e-01
8.9978 9.936809988172006225e-01
9.00012 9.936801884381907257e-01
9.00301 9.936791568149136999e-01
9.00532 9.936783172592122959e-01
9.00763 9.936774656136488915e-01
9.01053 9.936763850325746050e-01
9.01284 9.936755085098090134e-01
9.01515 9.936746217542777870e-01
9.01805 9.936735001482703833e-01
9.02036 9.936725924217170158e-01
9.02268 9.936716763789966711e-01
9.02557 9.936705196424799880e-01
9.02789 9.936695854021784235e-01
9.03021 9.936686435540401652e-01
9.03253 9.936676937789287178e-01
9.03543 9.936664965541650574e-01
9.03775 9.936655296957320749e-01
9.04007 9.936645558002389356e-01
9.04298 9.936633275168006429e-01
9.0453 9.936623363819142574e-01
9.04763 9.936613377948357861e-01
9.05054 9.936600782434903412e-01
9.05287 9.936590624177171760e-01
9.0552 9.936580396150210825e-01
9.05752 9.936570094176073731e-01
9.06043 9.936557112978411377e-01
9.06276 9.936546644232703285e-01
9.06509 9.936536099953295897e-01
9.068 9.936522812649947189e-01
9.07032 9.936512097930559895e-01
9.07265 9.936501308930901777e-01
9.07556 9.936487717705553280e-01
9.07789 9.936476771718377732e-01
9.08021 9.936465756136054761e-01
9.08253 9.936454671737904309e-01
9.08544 9.936440729471286426e-01
9.08776 9.936429500289425398e-01
9.09008 9.936418216416160742e-01
9.09298 9.936404026024995284e-01
9.0953 9.936392614198782391e-01
9.09762 9.936381149968521731e-01
9.10051 9.936366750534471048e-01
9.10283 9.936355180349064620e-01
9.10515 9.936343565798118060e-01
9.10805 9.936328992451124442e-01
9.11036 9.936317290577281192e-01
9.11268 9.936305553000153168e-01
9.11558 9.936290834447182307e-01
9.11789 9.936279023789974518e-01
9.12021 9.936267183279771098e-01
9.12253 9.936255315903667062e-01
9.12543 9.936240440268616636e-01
9.12775 9.936228513106424298e-01
9.13007 9.936216558244900243e-01
9.13297 9.936201582610187932e-01
9.13529 9.936189574727369855e-01
9.13761 9.936177542836164278e-01
9.14051 9.936162474269367717e-01
9.14284 9.936150390155367162e-01
9.14516 9.936138289312649308e-01
9.14807 9.936123126747012924e-01
9.15039 9.936110976829378716e-01
9.15272 9.936098804558791686e-01
9.15505 9.936086610650792794e-01
9.15796 9.936071353005339057e-01
9.16029 9.936059141379565141e-01
9.16262 9.936046920270816818e-01
9.16553 9.936031651422343458e-01
9.16785 9.936019432451064226e-01
9.17018 9.936007216003686082e-01
9.17308 9.935991949628293352e-01
9.1754 9.935979736441405974e-01
9.17772 9.935967532088111343e-01
9.18004 9.935955327351851940e-01
9.18293 9.935940084643727355e-01
9.18525 9.935927896022888062e-01
9.18757 9.935915716440578693e-01
9.19046 9.935900506248402930e-01
9.19277 9.935888348100534451e-01
9.19509 9.935876203547553409e-01
9.19798 9.935861035481506898e-01
9.20029 9.935848915629086342e-01
9.20261 9.935836804015684143e-01
9.2055 9.935821675318298185e-01
9.20781 9.935809577521000913e-01
9.21012 9.935797480080776900e-01
9.21301 9.935782353442066395e-01
9.21532 9.935770243753498931e-01
9.21764 9.935758120898792178e-01
9.22053 9.935742947064203356e-01
9.22284 9.935730785737036941e-01
9.22515 9.935718604300842749e-01
9.22805 9.935703345849333790e-01
9.23036 9.935691111733311320e-01
9.23268 9.935678856581919849e-01
9.23557 9.935663498477145250e-01
9.23789 9.935651189855826404e-01
9.24021 9.935638855252489909e-01
9.24252 9.935626501136081146e-01
9.24542 9.935611031319838693e-01
9.24774 9.935598633475185570e-01
9.25006 9.935586224898194097e-01
9.25297 9.935570684777528250e-01
9.25529 9.935558245959198453e-01
9.25761 9.935545795664350033e-01
9.26052 9.935530228095005301e-01
9.26285 9.935517772163622308e-01
9.26517 9.935505316530214293e-01
9.26808 9.935489754142178276e-01
9.27041 9.935477307526913160e-01
9.27274 9.935464871953331167e-01
9.27506 9.935452462322666989e-01
9.27797 9.935436976820344324e-01
9.28029 9.935424614616766847e-01
9.28262 9.935412278377290241e-01
9.28552 9.935396889160060807e-01
9.28784 9.935384611714358494e-01
9.29016 9.935372356986377218e-01
9.29305 9.935357081879139240e-01
9.29537 9.935344892138543438e-01
9.29769 9.935332732162184266e-01
9.30001 9.935320602774864174e-01
9.3029 9.935305480976609482e-01
9.30522 9.935293418578874380e-01
9.30753 9.935281384007914607e-01
9.31043 9.935266381654322965e-01
9.31274 9.935254411082299342e-01
9.31506 9.935242469519158792e-01
9.31795 9.935227601615048698e-01
9.32027 9.935215759139627290e-01
9.32258 9.935203962391137011e-01
9.32548 9.935189284335451676e-01
9.32779 9.935177591898984861e-01
9.33011 9.935165948035640238e-01
9.33301 9.935151456142934379e-01
9.33533 9.935139913745251183e-01
9.33764 9.935128416371823423e-01
9.34054 9.935114101569425538e-01
9.34286 9.935102700724574021e-01
9.34519 9.935091333792138713e-01
9.34751 9.935080010715113819e-01
9.35041 9.935065908325146911e-01
9.35274 9.935054668986957882e-01
9.35506 9.935043467421332819e-01
9.35797 9.935029515710354087e-01
9.3603 9.935018412541816168e-01
9.36262 9.935007363050499807e-01
9.36553 9.934993612688995945e-01
9.36786 9.934982671137786436e-01
9.37018 9.934971773165021114e-01
9.37308 9.934958211566234931e-01
9.3754 9.934947413144153971e-01
9.37772 9.934936651769855631e-01
9.38004 9.934925939209600099e-01
9.38293 9.934912600115463066e-01
9.38525 9.934901977328226552e-01
9.38756 9.934891393641313018e-01
9.39045 9.934878219355666173e-01
9.39277 9.934867725840168529e-01
9.39508 9.934857269088337439e-01
9.39797 9.934844256822675801e-01
9.40028 9.934833888496642507e-01
9.40259 9.934823559726435604e-01
9.40548 9.934810701849442482e-01
9.40779 9.934800457960234477e-01
9.4101 9.934790251925028626e-01
9.41299 9.934777546504068857e-01
9.4153 9.934767423889948601e-01
9.41761 9.934757338727023823e-01
9.4205 9.934744783467394091e-01
9.42281 9.934734781876221055e-01
9.42512 9.934724817357017956e-01
9.42801 9.934712415129849372e-01
9.43033 9.934702537676552980e-01
9.43264 9.934692697974600861e-01
9.43553 9.934680458500648736e-01
9.43785 9.934670710211627176e-01
9.44016 9.934661007493604812e-01
9.44306 9.934648939759356256e-01
9.44537 9.934639337449783225e-01
9.44769 9.934629783555686267e-01
9.45001 9.934620275174211868e-01
9.45291 9.934608465513022901e-01
9.45523 9.934599070398921761e-01
9.45755 9.934589732346795765e-01
9.46045 9.934578133836072800e-01
9.46278 9.934568917737159888e-01
9.4651 9.934559760468307799e-01
9.46801 9.934548393193389781e-01
9.47033 9.934539368905321854e-01
9.47266 9.934530398341253621e-01
9.47557 9.934519272092007247e-01
9.4779 9.934510433041144895e-01
9.48023 9.934501652253524551e-01
9.48256 9.934492934241196949e-01
9.48547 9.934482130395747568e-01
9.4878 9.934473550717455304e-01
9.49012 9.934465037052825354e-01
9.49302 9.934454470309291851e-01
9.49535 9.934446087125035074e-01
9.49767 9.934437759902993159e-01
9.50057 9.934427425553511437e-01
9.50289 9.934419215835980088e-01
9.50521 9.934411049712268404e-01
9.50752 9.934402930691431655e-01
9.51042 9.934392835966088242e-01
9.51274 9.934384804165856675e-01
9.51505 9.934376806837417195e-01
9.51795 9.934366855162211074e-01
9.52026 9.934358927945661222e-01
9.52257 9.934351027109652454e-01
9.52547 9.934341187760895586e-01
9.52778 9.934333341782775051e-01
9.5301 9.934325517232660552e-01
9.53299 9.934315764468384380e-01
9.5353 9.934307982760595124e-01
9.53762 9.934300218296919782e-01
9.54051 9.934290536093370871e-01
9.54282 9.934282807156576967e-01
9.54514 9.934275094486065827e-01
9.54803 9.934265473072024788e-01
9.55035 9.934257793694882821e-01
9.55267 9.934250128828704396e-01
9.55556 9.934240569239273233e-01
9.55788 9.934232940554080793e-01
9.5602 9.934225326551526791e-01
9.56252 9.934217732532025780e-01
9.56542 9.934208262933849065e-01
9.56774 9.934200710919319777e-01
9.57006 9.934193178574453054e-01
9.57297 9.934183793056460265e-01
9.57529 9.934176311937963355e-01
9.57762 9.934168851688547353e-01
9.58053 9.934159567033890026e-01
9.58286 9.934152163875045183e-01
9.58519 9.934144792306086602e-01
9.58752 9.934137453461570066e-01
9.59043 9.934128327635098898e-01
9.59276 9.934121066841935521e-01
9.59509 9.934113843124435794e-01
9.598 9.934104865515347438e-01
9.60033 9.934097725755297592e-01
9.60266 9.934090624297089445e-01
9.60557 9.934081800974344789e-01
9.6079 9.934074785774719141e-01
9.61023 9.934067810899022133e-01
9.61255 9.934060878517397830e-01
9.61546 9.934052268610860104e-01
9.61779 9.934045432585258961e-01
9.62012 9.934038635958832852e-01
9.62302 9.934030199993649779e-01
9.62534 9.934023497651611745e-01
9.62767 9.934016835194541262e-01
9.63057 9.934008565844116845e-01
9.63289 9.934001993033594324e-01
9.63521 9.933995461542212135e-01
9.63753 9.933988967059981245e-01
9.64043 9.933980902167288685e-01
9.64275 9.933974491560160214e-01
9.64507 9.933968116326088449e-01
9.64797 9.933960196905302631e-01
9.65029 9.933953898795339077e-01
9.65261 9.933947633583757320e-01
9.6555 9.933939846088389869e-01
9.65782 9.933933649783347475e-01
9.66014 9.933927482494095962e-01
9.66304 9.933919812030260754e-01
9.66536 9.933913704920841470e-01
9.66768 9.933907623333101400e-01
9.67058 9.933900052414675885e-01
9.6729 9.933894021273309560e-01
9.67522 9.933888008949601778e-01
9.67754 9.933882015548818334e-01
9.68044 9.933874547221451801e-01
9.68277 9.933868588449741299e-01
9.68509 9.933862644338167236e-01
9.68799 9.933855226092076496e-01
9.69032 9.933849304125473845e-01
9.69265 9.933843387460761232e-01
9.69556 9.933836001281018957e-01
9.69788 9.933830096857254599e-01
9.70021 9.933824194787140849e-01
9.70254 9.933818297676331177e-01
9.70546 9.933810922807254640e-01
9.70779 9.933805026892288392e-01
9.71012 9.933799138201324652e-01
9.71304 9.933791783300041089e-01
9.71537 9.933785906784536879e-01
9.71769 9.933780037619986958e-01
9.72002 9.933774171580012080e-01
9.72293 9.933766853302605782e-01
9.72525 9.933761003144894186e-01
9.72757 9.933755162352020385e-01
9.73048 9.933747870782265732e-01
9.7328 9.933742047000179154e-01
9.73512 9.933736233063440446e-01
9.73802 9.933728977970416318e-01
9.74033 9.933723188122636216e-01
9.74265 9.933717408711453256e-01
9.74555 9.933710204934672605e-01
9.74786 9.933704457655850861e-01
9.75018 9.933698726596978945e-01
9.75307 9.933691587610963269e-01
9.75538 9.933685896967194839e-01
9.7577 9.933680227324693801e-01
9.76001 9.933674578411093581e-01
9.7629 9.933667549750555548e-01
9.76522 9.933661953599193239e-01
9.76753 9.933656382502599191e-01
9.77042 9.933649455442891130e-01
9.77273 9.933643944048282659e-01
9.77505 9.933638460217545374e-01
9.77794 9.933631645568467006e-01
9.78025 9.933626225491883899e-01
9.78257 9.933620834937576527e-01
9.78546 9.933614137240727171e-01
9.78777 9.933608811880993983e-01
9.79009 9.933603515609603640e-01
9.79298 9.933596934034497616e-01
9.7953 9.933591701054566014e-01
9.79762 9.933586492649570943e-01
9.80051 9.933580019528887028e-01
9.80283 9.933574866470556985e-01
9.80515 9.933569735866069061e-01
9.80805 9.933563350626876121e-01
9.81037 9.933558261318675697e-01
9.81269 9.933553188861909966e-01
9.81501 9.933548125923212790e-01
9.81792 9.933541814948591009e-01
9.82024 9.933536776582018168e-01
9.82257 9.933531758917364396e-01
9.82548 9.933525514619496732e-01
9.82781 9.933520537487333657e-01
9.83014 9.933515577856631973e-01
9.83305 9.933509397482287451e-01
9.83538 9.933504467894714862e-01
9.83771 9.933499553940514648e-01
9.84003 9.933494650701089057e-01
9.84294 9.933488534319891983e-01
9.84527 9.933483650520236186e-01
9.84759 9.933478770324184470e-01
9.85049 9.933472678811264833e-01
9.85281 9.933467806504769904e-01
9.85513 9.933462936636340279e-01
9.85803 9.933456848493291691e-01
9.86035 9.933451976845424358e-01
9.86267 9.933447103838252135e-01
9.86557 9.933441010755670320e-01
9.86789 9.933436145037576326e-01
9.87021 9.933431285151878010e-01
9.87252 9.933426430031748744e-01
9.87542 9.933420365058204249e-01
9.87774 9.933415515956365294e-01
9.88005 9.933410669826793216e-01
9.88295 9.933404616773987561e-01
9.88526 9.933399778995301022e-01
9.88758 9.933394946336121523e-01
9.89048 9.933388913481738802e-01
9.89279 9.933384095221456933e-01
9.89511 9.933379284636310036e-01
9.89801 9.933373283806986587e-01
9.90033 9.933368494500472989e-01
9.90264 9.933363715174154951e-01
9.90554 9.933357758690076755e-01
9.90786 9.933353005991873985e-01
9.91018 9.933348267648273167e-01
9.9125 9.933343542807178128e-01
9.9154 9.933337656943681537e-01
9.91773 9.933332965937120562e-01
9.92005 9.933328289050613602e-01
9.92295 9.933322467698000313e-01
9.92528 9.933317826413551321e-01
9.92761 9.933313203297493565e-01
9.93051 9.933307446513865990e-01
9.93284 9.933302859647233918e-01
9.93517 9.933298291679685255e-01
9.93808 9.933292609813170193e-01
9.94041 9.933288083878686336e-01
9.94273 9.933283580762033438e-01
