#t,ms massf-e
0.003 0.000000000000000000e+00
0.005 0.000000000000000000e+00
0.008 0.000000000000000000e+00
0.01 0.000000000000000000e+00
0.0129324 0.000000000000000000e+00
0.0152784 0.000000000000000000e+00
0.0176291 0.000000000000000000e+00
0.0205694 0.000000000000000000e+00
0.0229245 0.000000000000000000e+00
0.0252824 0.000000000000000000e+00
0.0276402 0.000000000000000000e+00
0.0305804 0.000000000000000000e+00
0.0329326 0.000000000000000000e+00
0.0352671 0.000000000000000000e+00
0.0375956 0.000000000000000000e+00
0.040494 0.000000000000000000e+00
0.0427981 0.000000000000000000e+00
0.0451022 0.000000000000000000e+00
0.0479388 0.000000000000000000e+00
0.0502082 0.000000000000000000e+00
0.0530041 0.000000000000000000e+00
0.0552327 0.000000000000000000e+00
0.0579873 0.000000000000000000e+00
0.0601743 0.000000000000000000e+00
0.0628915 0.000000000000000000e+00
0.0650454 0.000000000000000000e+00
0.0677309 0.000000000000000000e+00
0.0703885 0.000000000000000000e+00
0.0725147 0.000000000000000000e+00
0.0751435 0.000000000000000000e+00
0.0777723 0.000000000000000000e+00
0.0803793 0.000000000000000000e+00
0.0829862 0.000000000000000000e+00
0.0850594 0.000000000000000000e+00
0.0876508 0.000000000000000000e+00
0.090234 0.000000000000000000e+00
0.0928152 0.000000000000000000e+00
0.0953792 0.000000000000000000e+00
0.0979388 0.000000000000000000e+00
0.100475 0.000000000000000000e+00
0.103006 0.000000000000000000e+00
0.105016 0.000000000000000000e+00
0.107524 0.000000000000000000e+00
0.11002 0.000000000000000000e+00
0.112509 0.000000000000000000e+00
0.115485 0.000000000000000000e+00
0.117961 0.000000000000000000e+00
0.120429 0.000000000000000000e+00
0.122896 0.000000000000000000e+00
0.125358 0.000000000000000000e+00
0.127819 0.000000000000000000e+00
0.130279 0.000000000000000000e+00
0.132739 0.000000000000000000e+00
0.135199 0.000000000000000000e+00
0.13766 0.000000000000000000e+00
0.140113 0.000000000000000000e+00
0.142564 0.000000000000000000e+00
0.145009 0.000000000000000000e+00
0.147941 0.000000000000000000e+00
0.150379 0.000000000000000000e+00
0.152817 0.000000000000000000e+00
0.155251 0.000000000000000000e+00
0.157686 0.000000000000000000e+00
0.160119 0.000000000000000000e+00
0.162553 0.000000000000000000e+00
0.165473 0.000000000000000000e+00
0.167908 0.000000000000000000e+00
0.170344 0.000000000000000000e+00
0.17278 0.000000000000000000e+00
0.175219 0.000000000000000000e+00
0.177658 0.000000000000000000e+00
0.180096 0.000000000000000000e+00
0.182534 0.000000000000000000e+00
0.185458 0.000000000000000000e+00
0.187895 0.000000000000000000e+00
0.190332 0.000000000000000000e+00
0.192769 0.000000000000000000e+00
0.195206 0.000000000000000000e+00
0.197644 0.000000000000000000e+00
0.200084 0.000000000000000000e+00
0.202524 0.000000000000000000e+00
0.205454 0.000000000000000000e+00
0.207897 0.000000000000000000e+00
0.210342 0.000000000000000000e+00
0.212788 0.000000000000000000e+00
0.215236 0.000000000000000000e+00
0.217684 0.000000000000000000e+00
0.220132 0.000000000000000000e+00
0.222581 0.000000000000000000e+00
0.225029 0.000000000000000000e+00
0.227969 0.000000000000000000e+00
0.23042 0.000000000000000000e+00
0.232872 0.000000000000000000e+00
0.235324 0.000000000000000000e+00
0.237778 0.000000000000000000e+00
0.240232 0.000000000000000000e+00
0.242687 0.000000000000000000e+00
0.245143 0.000000000000000000e+00
0.247601 0.000000000000000000e+00
0.250059 0.000000000000000000e+00
0.252517 0.000000000000000000e+00
0.255468 0.000000000000000000e+00
0.257927 0.000000000000000000e+00
0.260387 0.000000000000000000e+00
0.262847 0.000000000000000000e+00
0.265308 0.000000000000000000e+00
0.267769 0.000000000000000000e+00
0.27023 0.000000000000000000e+00
0.272692 0.000000000000000000e+00
0.275154 0.000000000000000000e+00
0.277616 0.000000000000000000e+00
0.280079 0.000000000000000000e+00
0.282542 0.000000000000000000e+00
0.285005 0.000000000000000000e+00
0.287961 0.000000000000000000e+00
0.290425 0.000000000000000000e+00
0.292888 0.000000000000000000e+00
0.295351 0.000000000000000000e+00
0.297815 0.000000000000000000e+00
0.300278 0.000000000000000000e+00
0.302742 0.000000000000000000e+00
0.305205 0.000000000000000000e+00
0.307668 0.000000000000000000e+00
0.310131 0.000000000000000000e+00
0.312594 0.000000000000000000e+00
0.315058 0.000000000000000000e+00
0.317521 0.000000000000000000e+00
0.320477 0.000000000000000000e+00
0.322941 0.000000000000000000e+00
0.325404 0.000000000000000000e+00
0.327867 0.000000000000000000e+00
0.33033 0.000000000000000000e+00
0.332793 0.000000000000000000e+00
0.335256 0.000000000000000000e+00
0.337719 0.000000000000000000e+00
0.340182 0.000000000000000000e+00
0.342644 0.000000000000000000e+00
0.345107 0.000000000000000000e+00
0.347569 0.000000000000000000e+00
0.350032 0.000000000000000000e+00
0.352987 0.000000000000000000e+00
0.355449 0.000000000000000000e+00
0.357912 0.000000000000000000e+00
0.360375 0.000000000000000000e+00
0.362838 0.000000000000000000e+00
0.365301 0.000000000000000000e+00
0.367764 0.000000000000000000e+00
0.370227 0.000000000000000000e+00
0.372691 0.000000000000000000e+00
0.375154 0.000000000000000000e+00
0.377618 0.000000000000000000e+00
0.380082 0.000000000000000000e+00
0.382546 0.000000000000000000e+00
0.38501 0.000000000000000000e+00
0.387967 0.000000000000000000e+00
0.390432 0.000000000000000000e+00
0.392896 0.000000000000000000e+00
0.395361 0.000000000000000000e+00
0.397825 0.000000000000000000e+00
0.40029 0.000000000000000000e+00
0.402754 0.000000000000000000e+00
0.405219 0.000000000000000000e+00
0.407684 0.000000000000000000e+00
0.410149 0.000000000000000000e+00
0.412614 0.000000000000000000e+00
0.41508 0.000000000000000000e+00
0.417545 0.000000000000000000e+00
0.42001 0.000000000000000000e+00
0.422969 0.000000000000000000e+00
0.425435 0.000000000000000000e+00
0.4279 0.000000000000000000e+00
0.430367 0.000000000000000000e+00
0.432833 0.000000000000000000e+00
0.4353 0.000000000000000000e+00
0.437766 0.000000000000000000e+00
0.440233 0.000000000000000000e+00
0.4427 0.000000000000000000e+00
0.445166 0.000000000000000000e+00
0.447633 0.000000000000000000e+00
0.4501 0.000000000000000000e+00
0.452567 0.000000000000000000e+00
0.455035 0.000000000000000000e+00
0.457502 0.000000000000000000e+00
0.460463 0.000000000000000000e+00
0.462931 0.000000000000000000e+00
0.465399 0.000000000000000000e+00
0.467867 0.000000000000000000e+00
0.470334 0.000000000000000000e+00
0.472802 0.000000000000000000e+00
0.475269 0.000000000000000000e+00
0.477736 0.000000000000000000e+00
0.480203 0.000000000000000000e+00
0.48267 0.000000000000000000e+00
0.485137 0.000000000000000000e+00
0.487604 0.000000000000000000e+00
0.490071 0.000000000000000000e+00
0.492538 0.000000000000000000e+00
0.495005 0.000000000000000000e+00
0.497965 0.000000000000000000e+00
0.500431 0.000000000000000000e+00
0.502898 0.000000000000000000e+00
0.505364 0.000000000000000000e+00
0.50783 0.000000000000000000e+00
0.510296 0.000000000000000000e+00
0.512761 0.000000000000000000e+00
0.515227 0.000000000000000000e+00
0.517693 0.000000000000000000e+00
0.520158 0.000000000000000000e+00
0.522624 0.000000000000000000e+00
0.525089 0.000000000000000000e+00
0.527554 0.000000000000000000e+00
0.530019 0.000000000000000000e+00
0.532976 0.000000000000000000e+00
0.53544 0.000000000000000000e+00
0.537904 0.000000000000000000e+00
0.540368 0.000000000000000000e+00
0.542831 0.000000000000000000e+00
0.545294 0.000000000000000000e+00
0.547757 0.000000000000000000e+00
0.55022 0.000000000000000000e+00
0.552682 0.000000000000000000e+00
0.555143 0.000000000000000000e+00
0.557605 0.000000000000000000e+00
0.560066 0.000000000000000000e+00
0.562527 0.000000000000000000e+00
0.56548 0.000000000000000000e+00
0.56794 0.000000000000000000e+00
0.5704 0.000000000000000000e+00
0.57286 0.000000000000000000e+00
0.57532 0.000000000000000000e+00
0.577779 0.000000000000000000e+00
0.580238 0.000000000000000000e+00
0.582696 0.000000000000000000e+00
0.585154 0.000000000000000000e+00
0.587611 0.000000000000000000e+00
0.590068 0.000000000000000000e+00
0.592525 0.000000000000000000e+00
0.595472 0.000000000000000000e+00
0.597928 0.000000000000000000e+00
0.600383 0.000000000000000000e+00
0.602838 0.000000000000000000e+00
0.605293 0.000000000000000000e+00
0.607747 0.000000000000000000e+00
0.6102 0.000000000000000000e+00
0.612653 0.000000000000000000e+00
0.615106 0.000000000000000000e+00
0.617558 0.000000000000000000e+00
0.62001 0.000000000000000000e+00
0.622952 0.000000000000000000e+00
0.625403 0.000000000000000000e+00
0.627854 0.000000000000000000e+00
0.630304 0.000000000000000000e+00
0.632754 0.000000000000000000e+00
0.635204 0.000000000000000000e+00
0.637652 0.000000000000000000e+00
0.640101 0.000000000000000000e+00
0.642549 0.000000000000000000e+00
0.645486 0.000000000000000000e+00
0.647933 0.000000000000000000e+00
0.650379 0.000000000000000000e+00
0.652825 0.000000000000000000e+00
0.65527 0.000000000000000000e+00
0.657715 0.000000000000000000e+00
0.660159 0.000000000000000000e+00
0.662603 0.000000000000000000e+00
0.665047 0.000000000000000000e+00
0.667978 0.000000000000000000e+00
0.67042 0.000000000000000000e+00
0.672862 0.000000000000000000e+00
0.675304 0.000000000000000000e+00
0.677745 0.000000000000000000e+00
0.680185 0.000000000000000000e+00
0.682625 0.000000000000000000e+00
0.685064 0.000000000000000000e+00
0.687503 0.000000000000000000e+00
0.690429 0.000000000000000000e+00
0.692867 0.000000000000000000e+00
0.695304 0.000000000000000000e+00
0.697741 0.000000000000000000e+00
0.700177 0.000000000000000000e+00
0.702612 0.000000000000000000e+00
0.705047 0.000000000000000000e+00
0.707968 0.000000000000000000e+00
0.710402 0.000000000000000000e+00
0.712835 0.000000000000000000e+00
0.715267 0.000000000000000000e+00
0.7177 0.000000000000000000e+00
0.720131 0.000000000000000000e+00
0.722562 0.000000000000000000e+00
0.725477 0.000000000000000000e+00
0.727907 0.000000000000000000e+00
0.730336 0.000000000000000000e+00
0.732764 0.000000000000000000e+00
0.735192 0.000000000000000000e+00
0.737619 0.000000000000000000e+00
0.740045 0.000000000000000000e+00
0.742957 0.000000000000000000e+00
0.745382 0.000000000000000000e+00
0.747807 0.000000000000000000e+00
0.75023 0.000000000000000000e+00
0.752654 0.000000000000000000e+00
0.755076 0.000000000000000000e+00
0.757982 0.000000000000000000e+00
0.760403 0.000000000000000000e+00
0.762822 0.000000000000000000e+00
0.765241 0.000000000000000000e+00
0.767658 0.000000000000000000e+00
0.770075 0.000000000000000000e+00
0.772973 0.000000000000000000e+00
0.775388 0.000000000000000000e+00
0.777801 0.000000000000000000e+00
0.780214 0.000000000000000000e+00
0.782625 0.000000000000000000e+00
0.785035 0.000000000000000000e+00
0.787926 0.000000000000000000e+00
0.790334 0.000000000000000000e+00
0.792739 0.000000000000000000e+00
0.795145 0.000000000000000000e+00
0.797548 0.000000000000000000e+00
0.800431 0.000000000000000000e+00
0.802831 0.000000000000000000e+00
0.805231 0.000000000000000000e+00
0.807629 0.000000000000000000e+00
0.810027 0.000000000000000000e+00
0.812902 0.000000000000000000e+00
0.815296 0.000000000000000000e+00
0.817689 0.000000000000000000e+00
0.820081 0.000000000000000000e+00
0.82295 0.000000000000000000e+00
0.825339 0.000000000000000000e+00
0.827728 0.000000000000000000e+00
0.830115 0.000000000000000000e+00
0.832501 0.000000000000000000e+00
0.835362 0.000000000000000000e+00
0.837745 0.000000000000000000e+00
0.840127 0.000000000000000000e+00
0.842508 0.000000000000000000e+00
0.845363 0.000000000000000000e+00
0.847741 0.000000000000000000e+00
0.850117 0.000000000000000000e+00
0.852968 0.000000000000000000e+00
0.855342 0.000000000000000000e+00
0.857715 0.000000000000000000e+00
0.860086 0.000000000000000000e+00
0.86293 0.000000000000000000e+00
0.865299 0.000000000000000000e+00
0.867666 0.000000000000000000e+00
0.870033 0.000000000000000000e+00
0.872871 0.000000000000000000e+00
0.875235 0.000000000000000000e+00
0.877597 0.000000000000000000e+00
0.880431 0.000000000000000000e+00
0.882791 0.000000000000000000e+00
0.88515 0.000000000000000000e+00
0.887508 0.000000000000000000e+00
0.890336 0.000000000000000000e+00
0.892691 0.000000000000000000e+00
0.895046 0.000000000000000000e+00
0.897869 0.000000000000000000e+00
0.900221 0.000000000000000000e+00
0.902572 0.000000000000000000e+00
0.905391 0.000000000000000000e+00
0.907739 0.000000000000000000e+00
0.910086 0.000000000000000000e+00
0.912901 0.000000000000000000e+00
0.915245 0.000000000000000000e+00
0.917589 0.000000000000000000e+00
0.920399 0.000000000000000000e+00
0.922741 0.000000000000000000e+00
0.92508 0.000000000000000000e+00
0.927887 0.000000000000000000e+00
0.930224 0.000000000000000000e+00
0.932562 0.000000000000000000e+00
0.935364 0.000000000000000000e+00
0.937699 0.000000000000000000e+00
0.940032 0.000000000000000000e+00
0.94283 0.000000000000000000e+00
0.945161 0.000000000000000000e+00
0.947956 0.000000000000000000e+00
0.950285 0.000000000000000000e+00
0.952612 0.000000000000000000e+00
0.955404 0.000000000000000000e+00
0.957728 0.000000000000000000e+00
0.960052 0.000000000000000000e+00
0.962839 0.000000000000000000e+00
0.965161 0.000000000000000000e+00
0.967945 0.000000000000000000e+00
0.970264 0.000000000000000000e+00
0.972582 0.000000000000000000e+00
0.975363 0.000000000000000000e+00
0.977678 0.000000000000000000e+00
0.980456 0.000000000000000000e+00
0.98277 0.000000000000000000e+00
0.985082 0.000000000000000000e+00
0.987856 0.000000000000000000e+00
0.990166 0.000000000000000000e+00
0.992938 0.000000000000000000e+00
0.995245 1.317524639241889161e-14
0.997553 5.154230113325506869e-12
1.00032 2.525124456630609787e-11
1.00262 4.742708154039300964e-11
1.00539 8.148495183075789186e-11
1.00769 1.163667010254405180e-10
1.01045 1.638644339320096091e-10
1.01275 2.060319058260915706e-10
1.01505 2.491387614931221008e-10
1.01781 3.010834807793021076e-10
1.02011 3.442129689073514233e-10
1.02286 3.956173129433380953e-10
1.02516 4.381133218534305665e-10
1.02791 4.885100214528351997e-10
1.0302 5.299925903466245613e-10
1.03295 5.792257634471760521e-10
1.03524 6.198718724232401911e-10
1.03753 6.601617534636139459e-10
1.04027 7.080156102956895528e-10
1.04256 7.474704913175679341e-10
1.0453 7.943012893836489020e-10
1.04759 8.329002950303947095e-10
1.05033 8.786657603416720798e-10
1.05261 9.163567541439242596e-10
1.05535 9.610245925897557059e-10
1.05763 9.978200328715913103e-10
1.06036 1.041459594144176392e-09
1.06264 1.077431240163321862e-09
1.06537 1.120146865736828602e-09
1.06765 1.155391252586993576e-09
1.07038 1.197294882219978987e-09
1.07265 1.231892570355816750e-09
1.07538 1.273056860775298002e-09
1.07765 1.307045042371865113e-09
1.08038 1.347481191603279628e-09
1.08264 1.380860522617101816e-09
1.08537 1.420544900053596391e-09
1.08763 1.453289637304485876e-09
1.09035 1.492192399504844240e-09
1.09262 1.524285141425260090e-09
1.09533 1.562406108479629653e-09
1.0976 1.593868715619366126e-09
1.10031 1.631264698859002220e-09
1.10257 1.662169209823755373e-09
1.10528 1.698951473335093738e-09
1.10754 1.729403814978497833e-09
1.11025 1.765729815922694501e-09
1.1125 1.795864327075932556e-09
1.11521 1.831894937856610478e-09
1.11791 1.867820238065621699e-09
1.12017 1.897711573784397438e-09
1.12287 1.933535809705563068e-09
1.12512 1.963386165388465065e-09
1.12782 1.999191005932865995e-09
1.13007 2.029045506028665962e-09
1.13276 2.064876411655604417e-09
1.13501 2.094749400061482933e-09
1.1377 2.130604254418517358e-09
1.14039 2.166460038411740179e-09
1.14264 2.196341728707622875e-09
1.14533 2.232176304224707621e-09
1.14757 2.262028552220197688e-09
1.15025 2.297801369707174101e-09
1.15294 2.333532978900355962e-09
1.15518 2.363260700543007450e-09
1.15786 2.398874470066388552e-09
1.1601 2.428499935118117524e-09
1.16278 2.463982068375147537e-09
1.16501 2.493505063367944779e-09
1.16769 2.528849396416549594e-09
1.17036 2.564151794244838606e-09
1.17259 2.593539284231799578e-09
1.17526 2.628797584230860331e-09
1.17794 2.664054133448340726e-09
1.18017 2.693440500405924318e-09
1.18284 2.728703700867146917e-09
1.18507 2.758090450358577082e-09
1.18775 2.793332414426068192e-09
1.19043 2.828564249350949539e-09
1.19267 2.857919137168649567e-09
1.19535 2.893197396318841026e-09
1.19758 2.922685755708453494e-09
1.20027 2.958272133458824855e-09
1.2025 2.988180374989498146e-09
1.20519 3.024494107937950478e-09
1.20788 3.061426887600185929e-09
1.21012 3.092774688646770018e-09
1.21281 3.131228648768263274e-09
1.21505 3.164047646487065396e-09
1.21774 3.204486512924960617e-09
1.22043 3.246160232844135919e-09
1.22268 3.281872644334326460e-09
1.22537 3.325904408400628358e-09
1.22762 3.363503590859764377e-09
1.23032 3.409552038236068846e-09
1.23257 3.448467930479625650e-09
1.23527 3.495480191778934862e-09
1.23752 3.534556876401981885e-09
1.24022 3.580902183338798430e-09
1.24292 3.626196644373971923e-09
1.24517 3.662868706174837705e-09
1.24788 3.705373965645844609e-09
1.25013 3.739460892844950677e-09
1.25284 3.778755653824041234e-09
1.2551 3.810233901363846281e-09
1.25781 3.846679147511981271e-09
1.26007 3.876105832891354826e-09
1.26278 3.910416741062796993e-09
1.26504 3.938180260712614921e-09
1.26776 3.970398018455187400e-09
1.27002 3.996176725850259301e-09
1.27274 4.025568209392699995e-09
1.275 4.048548254256042262e-09
1.27772 4.074014778398473975e-09
1.28044 4.096849639936269478e-09
1.28271 4.113614955541032443e-09
1.28543 4.130615810653894235e-09
1.2877 4.141996681963279335e-09
1.29043 4.152003328165211948e-09
1.2927 4.156429178576447762e-09
1.29543 4.158304852649158716e-09
1.2977 4.155779061120339879e-09
1.30043 4.146495112837952492e-09
1.30271 4.130796309520855782e-09
1.30544 4.101966345060711133e-09
1.30772 4.068944785107921353e-09
1.31045 4.017625102123583977e-09
1.31273 3.964481152388910325e-09
1.31501 3.901342783309570382e-09
1.31775 3.811736243187514964e-09
1.32003 3.725102447267005435e-09
1.32277 3.606460432320523300e-09
1.32506 3.495258828656167489e-09
1.3278 3.347287568765489658e-09
1.33008 3.212227600184576090e-09
1.33283 3.037066765307542133e-09
1.33512 2.881147341061586085e-09
1.33786 2.683858716495250592e-09
1.34015 2.512547218504534377e-09
1.3429 2.301113389749461606e-09
1.34519 2.122137864751222718e-09
1.34794 1.906883310615306980e-09
1.35024 1.729473234556971641e-09
1.35253 1.555907482575601165e-09
1.35528 1.355451416997204949e-09
1.35758 1.196856541042023648e-09
1.36033 1.019000959578326932e-09
1.36263 8.824833204950306219e-10
1.36539 7.339942981676842988e-10
1.36769 6.235539714996543449e-10
1.37045 5.071687186897512890e-10
1.37275 4.233786590843438564e-10
1.37505 3.510569104958742145e-10
1.37781 2.784055334188603236e-10
1.38012 2.285873706147590573e-10
1.38288 1.802089518990514271e-10
1.38518 1.481378016571348796e-10
1.38795 1.179678191951784567e-10
1.39026 9.854726245754304676e-11
1.39256 8.322923334364210067e-11
1.39533 6.878928872865571631e-11
1.39764 5.904208852760640093e-11
1.40041 4.924545543964578917e-11
1.40272 4.228157050285212545e-11
1.40504 3.620652878594458230e-11
1.40781 2.992564443946909723e-11
1.41012 2.543560979666868234e-11
1.4129 2.083549621268985901e-11
1.41521 1.758676339747652077e-11
1.41753 1.480507555936140738e-11
1.42031 1.200765220414052293e-11
1.42262 1.006539637034269995e-11
1.4254 8.131222051946497883e-12
1.42772 6.799207325745498683e-12
1.43004 5.680941544597911127e-12
1.43283 4.574333431263264495e-12
1.43515 3.815027215589154625e-12
1.43793 3.064138641070342885e-12
1.44025 2.549136931220956011e-12
1.44258 2.117944158728906751e-12
1.44536 1.692543432654400954e-12
1.44769 1.402076003393036442e-12
1.45001 1.159927859245349296e-12
1.4528 9.225206468279242757e-13
1.45513 7.612956803238361284e-13
1.45792 6.037581306942623363e-13
1.46025 4.970912886457245054e-13
1.46258 4.088243784716115188e-13
1.46538 3.228277685912537947e-13
1.46771 2.648041594118490893e-13
1.47004 2.169525992919474168e-13
1.47284 1.705290679205657181e-13
1.47517 1.393438831826894863e-13
1.4775 1.137110569310854722e-13
1.48031 8.894587182437515267e-14
1.48264 7.236618883168213389e-14
1.48545 5.639521789120683663e-14
1.48779 4.573904556403705327e-14
1.49013 3.704539355927687330e-14
1.49293 2.871070664751132260e-14
1.49528 2.318214813926413493e-14
1.49762 1.869167005509880667e-14
1.50043 1.440826326038327493e-14
1.50278 1.157943681050213053e-14
1.50513 9.290581549286342888e-15
1.50794 7.117286007037664854e-15
1.5103 5.688435654390907664e-15
1.51265 4.538527739262447026e-15
1.515 3.613792604978383852e-15
1.51783 2.742453802342023827e-15
1.52019 2.173647503509778823e-15
1.52255 1.719231186291536600e-15
1.52538 1.292896092175566437e-15
1.52775 1.016692587885131249e-15
1.53012 7.969582727783521858e-16
1.53297 5.925283175833028176e-16
1.53534 4.609653673920598863e-16
1.53772 3.571900462010128063e-16
1.5401 2.755157561429050946e-16
1.54297 2.003955701235244960e-16
1.54536 1.527006882283692719e-16
1.54775 1.155431862945986144e-16
1.55015 8.670967793873821006e-17
1.55255 6.443367099297445996e-17
1.55544 4.440451311886193999e-17
1.55785 3.200831285046519155e-17
1.56027 2.266500754593633748e-17
1.56269 1.553061515455101853e-17
1.56512 1.033109775839929749e-17
1.56755 6.117618351146489222e-18
1.57048 1.491495635308091610e-18
1.57293 0.000000000000000000e+00
1.57538 0.000000000000000000e+00
1.57784 0.000000000000000000e+00
1.58031 0.000000000000000000e+00
1.58278 8.478981553922889077e-90
1.58526 1.780480587298397341e-89
1.58775 2.617529952343359476e-89
1.59024 3.226294698010176881e-89
1.59274 3.500519697571737305e-89
1.59524 3.433872336695236777e-89
1.59776 3.117688626671465816e-89
1.60028 2.627705391332980487e-89
1.60281 2.059055191589825012e-89
1.60534 1.512157405171107824e-89
1.60789 1.035158178972306455e-89
1.61044 6.611717361988813321e-90
1.613 3.909610028145269444e-90
1.61505 2.428229754331377652e-90
1.61763 1.247725943395433700e-90
1.62021 6.199828269215463055e-91
1.62281 3.938020940949283680e-91
1.62541 3.785050126847499077e-91
1.6275 4.817712783642394339e-91
1.63012 8.057980998958379607e-91
1.63275 1.310611330926183733e-90
1.63539 1.907362773356993920e-90
1.6375 2.358978741983402659e-90
1.64016 2.815468219484404670e-90
1.64282 3.032813148261952668e-90
1.6455 3.029366999822710612e-90
1.64764 2.840854008575792568e-90
1.65034 2.424200459980591349e-90
1.65304 1.851292005808159612e-90
1.65521 1.367683712009781754e-90
1.65793 8.151089593849210109e-91
1.66011 4.581538101926726974e-91
1.66285 1.603679622409940661e-91
1.66505 2.255076939876074060e-92
1.6678 0.000000000000000000e+00
1.67001 0.000000000000000000e+00
1.67278 1.167621751296176367e-92
1.675 3.169469730750958727e-92
1.67779 6.113167921383389562e-92
1.68002 8.425634296277868644e-92
1.68282 1.078263950611001767e-91
1.68506 1.200384320207585696e-91
1.68788 1.260774947900886956e-91
1.69013 1.238457640438810935e-91
1.69296 1.135371535119710161e-91
1.69523 9.903204882772841885e-92
1.69807 7.692839945869249065e-92
1.70035 5.821563990839723742e-92
1.70263 4.059367702029133227e-92
1.7055 2.203865131879533931e-92
1.7078 1.111430997389856550e-92
1.7101 3.929752462162892547e-93
1.71299 0.000000000000000000e+00
1.7153 1.018566141383267423e-94
1.71763 1.599084621255239044e-93
1.72054 5.524405789910497452e-93
1.72287 9.451688453593312542e-93
1.72521 1.344267849782521708e-92
1.72756 1.695411702026013208e-92
1.7305 2.017189877769520743e-92
1.73285 2.140511406850008542e-92
1.7352 2.169063151862118232e-92
1.73755 2.092325547897038116e-92
1.74038 1.871455487601308972e-92
1.74265 1.610212243585283846e-92
1.74536 1.250062811996556194e-92
1.74803 8.888137946682042967e-93
1.7502 6.218698805652108134e-93
1.75291 3.458876276552794735e-93
1.75507 1.840356173149623455e-93
1.75774 5.833113786345033036e-94
1.76038 0.000000000000000000e+00
1.76298 0.000000000000000000e+00
1.76506 0.000000000000000000e+00
1.76768 0.000000000000000000e+00
1.77029 1.389589822623040423e-97
1.7729 1.497871842542927742e-95
1.77551 7.393208331836560716e-95
1.77758 1.635336891375912404e-94
1.78018 3.315358791635690770e-94
1.78281 5.618609278755042793e-94
1.78543 8.393727176255749705e-94
1.7875 1.076369142710950127e-93
1.7901 1.368954988418176419e-93
1.79275 1.631528744560708521e-93
1.79542 1.828903190852056239e-93
1.79754 1.917770566958236830e-93
1.80017 1.950878656220580408e-93
1.8028 1.886858747684812259e-93
1.80542 1.719761372458847334e-93
1.80752 1.530264289429580649e-93
1.81016 1.244644437775683378e-93
1.81279 9.345282146319112451e-94
1.81541 6.381568863800570199e-94
1.81751 4.306080236874024574e-94
1.82013 2.249774592757539488e-94
1.82276 8.926431656720180059e-95
1.82544 1.366764363429213074e-95
1.82759 0.000000000000000000e+00
1.83023 3.222976666409895555e-97
1.83288 1.045925454490972294e-95
1.83501 2.296786613781543791e-95
1.83768 3.826079267935093498e-95
1.84033 4.916868860390184049e-95
1.84297 5.353346386391194859e-95
1.84508 5.247696729013842307e-95
1.84771 4.658365591349402072e-95
1.85038 3.611707038304287342e-95
1.85253 2.655655957996279234e-95
1.85521 1.537627145239829299e-95
1.85789 6.958572786898610052e-96
1.86004 2.554907446819218435e-96
1.86273 0.000000000000000000e+00
1.86542 0.000000000000000000e+00
1.86754 0.000000000000000000e+00
1.8702 1.248019605589877886e-101
1.8729 4.086387769601644035e-102
1.87506 0.000000000000000000e+00
1.87775 0.000000000000000000e+00
1.88044 0.000000000000000000e+00
1.88259 0.000000000000000000e+00
1.88528 0.000000000000000000e+00
1.88798 0.000000000000000000e+00
1.89014 0.000000000000000000e+00
1.89283 9.092301572987025844e-102
1.89551 4.890477753072914450e-101
1.89765 8.581633626137203096e-101
1.90034 1.198290069799179915e-100
1.90302 1.359495905327836092e-100
1.90518 1.348681647473105817e-100
1.90787 1.196030729986507734e-100
1.91051 9.812601528218305260e-101
1.91263 7.839979484698458298e-101
1.91533 5.631390162823965402e-101
1.91803 3.992761133697331464e-101
1.92019 3.131202987574081760e-101
1.92288 2.563548367056578376e-101
1.92506 2.378515565960720671e-101
1.9278 2.281998764466977673e-101
1.93051 2.253304997708638260e-101
1.93263 2.126823638280883572e-101
1.9353 1.817438540409386247e-101
1.93798 1.420757606276267535e-101
1.94012 1.036935529962444815e-101
1.9428 5.898904607779925320e-102
1.94548 2.238888073421550756e-102
1.94764 4.818758364986789441e-104
1.95033 0.000000000000000000e+00
1.9525 0.000000000000000000e+00
1.95522 0.000000000000000000e+00
1.95793 8.016580385065181327e-104
1.96008 3.554541308074458249e-103
1.96278 7.428664510373551929e-103
1.96548 9.448977594585474134e-103
1.96763 1.020289082961310254e-102
1.9703 9.956879904844185002e-103
1.97298 8.489685351572513239e-103
1.97513 6.772648652911385866e-103
1.97782 4.671188738816199961e-103
1.9805 2.695534791452806719e-103
1.98264 1.370458789252286172e-103
1.98533 6.756622840365032806e-105
1.98801 0.000000000000000000e+00
1.99016 0.000000000000000000e+00
1.99285 0.000000000000000000e+00
1.995 0.000000000000000000e+00
1.9977 0.000000000000000000e+00
2.00039 0.000000000000000000e+00
2.00253 0.000000000000000000e+00
2.00521 0.000000000000000000e+00
2.00793 0.000000000000000000e+00
2.0101 0.000000000000000000e+00
2.0128 0.000000000000000000e+00
2.0155 0.000000000000000000e+00
2.01765 0.000000000000000000e+00
2.02033 0.000000000000000000e+00
2.02304 0.000000000000000000e+00
2.02521 0.000000000000000000e+00
2.02792 0.000000000000000000e+00
2.03009 0.000000000000000000e+00
2.03279 0.000000000000000000e+00
2.03549 0.000000000000000000e+00
2.03765 0.000000000000000000e+00
2.04033 0.000000000000000000e+00
2.04303 0.000000000000000000e+00
2.0452 0.000000000000000000e+00
2.04791 0.000000000000000000e+00
2.05008 0.000000000000000000e+00
2.0528 0.000000000000000000e+00
2.0555 0.000000000000000000e+00
2.05766 0.000000000000000000e+00
2.06037 0.000000000000000000e+00
2.06254 0.000000000000000000e+00
2.06525 0.000000000000000000e+00
2.06795 0.000000000000000000e+00
2.07011 0.000000000000000000e+00
2.07281 0.000000000000000000e+00
2.07552 0.000000000000000000e+00
2.07767 0.000000000000000000e+00
2.08036 0.000000000000000000e+00
2.08257 0.000000000000000000e+00
2.08533 0.000000000000000000e+00
2.08751 0.000000000000000000e+00
2.09022 0.000000000000000000e+00
2.09292 0.000000000000000000e+00
2.09508 0.000000000000000000e+00
2.09778 0.000000000000000000e+00
2.10048 0.000000000000000000e+00
2.10263 0.000000000000000000e+00
2.10533 0.000000000000000000e+00
2.10803 0.000000000000000000e+00
2.1102 0.000000000000000000e+00
2.11292 0.000000000000000000e+00
2.1151 0.000000000000000000e+00
2.11782 0.000000000000000000e+00
2.12053 0.000000000000000000e+00
2.12271 0.000000000000000000e+00
2.12542 0.000000000000000000e+00
2.12758 3.428803735909924205e-112
2.13028 1.019070636686186683e-111
2.13298 1.352514973033125316e-111
2.13514 1.478166686434437083e-111
2.13785 1.475127863296754751e-111
2.14002 1.387427681005978796e-111
2.14273 1.221893415370956837e-111
2.14543 9.968382734450025247e-112
2.1476 7.872485616563556249e-112
2.1503 5.461670268851052416e-112
2.153 3.244562952155080764e-112
2.15516 1.859090123934803309e-112
2.15786 6.425800507006766098e-113
2.16001 2.705652475560037256e-114
2.16271 0.000000000000000000e+00
2.16541 0.000000000000000000e+00
2.16758 0.000000000000000000e+00
2.17027 0.000000000000000000e+00
2.17297 0.000000000000000000e+00
2.17513 0.000000000000000000e+00
2.17784 9.303180106166064511e-114
2.1805 2.754324674574823499e-113
2.18263 3.534928480170460907e-113
2.18535 4.007582148304769737e-113
2.18754 4.005470874756763724e-113
2.19025 3.664750411401189749e-113
2.19296 3.121651617767847575e-113
2.19514 2.666694627721657661e-113
2.19787 2.177753747054980501e-113
2.20005 1.849040077679953926e-113
2.20272 1.509581155353595236e-113
2.20539 0.000000000000000000e+00
2.20753 0.000000000000000000e+00
2.21021 0.000000000000000000e+00
2.2129 0.000000000000000000e+00
2.21505 0.000000000000000000e+00
2.21773 0.000000000000000000e+00
2.22041 0.000000000000000000e+00
2.22257 0.000000000000000000e+00
2.22528 0.000000000000000000e+00
2.22797 0.000000000000000000e+00
2.23011 0.000000000000000000e+00
2.23279 1.030393652687720188e-20
2.23547 1.264239081453979410e-14
2.23763 3.994524445400988251e-13
2.24034 5.669813982834302092e-15
2.2425 4.842985573568886276e-12
2.24521 9.211625631647512893e-12
2.24791 1.232096789998669031e-08
2.25005 1.142183564912167087e-08
2.25272 9.325334990368512471e-09
2.2554 7.851628354615864271e-09
2.25754 7.082087859050820871e-09
2.26025 6.436140976270498516e-09
2.26297 6.006861163234663185e-09
2.26513 5.760884555719952144e-09
2.26782 9.827513860298663426e-09
2.2705 9.387193251365777274e-09
2.27264 8.853093934984861285e-09
2.27532 8.234582218478159186e-09
2.27801 7.718214287195261170e-09
2.28017 7.850305092506543166e-09
2.2829 8.662797552047806740e-09
2.28508 9.126514618223340180e-09
2.28777 9.477551970596695523e-09
2.29045 9.684717155915574244e-09
2.29259 9.795013205995003335e-09
2.29527 9.899873057330277097e-09
2.29797 1.001848943088434784e-08
2.30014 1.022481660794282152e-08
2.30283 1.046372767120125647e-08
2.30552 1.067410488898595169e-08
2.30767 1.082583275895128793e-08
2.31036 1.099469949178057792e-08
2.31252 1.110585978178242760e-08
2.31523 1.125689517431622644e-08
2.31794 1.143308125757234630e-08
2.3201 1.158177978117534625e-08
2.32281 1.176562482043873837e-08
2.32552 1.195032166735822825e-08
2.32767 1.209130230430343455e-08
2.3304 1.222783936527303102e-08
2.33259 1.234659748988850984e-08
2.33532 1.251160003077999081e-08
2.33802 1.268223304235757874e-08
2.34019 1.282270349212863683e-08
2.3429 1.300327751151036197e-08
2.34507 1.314956764911670903e-08
2.34778 1.333445237845248348e-08
2.35049 1.351775766677684610e-08
2.35264 1.366003753561729696e-08
2.35534 1.383257633481158783e-08
2.35803 1.400147551917161814e-08
2.36018 1.413571755637668086e-08
2.36288 1.430187611522992685e-08
2.36503 1.442964571000483923e-08
2.36775 1.458439986296289892e-08
2.37051 1.474225573869052219e-08
2.3727 1.486908063517642950e-08
2.3754 1.502676311309937950e-08
2.37756 1.515260270680578483e-08
2.38029 1.531215524577234516e-08
2.38301 1.547807707595352322e-08
2.38521 1.561818593910205442e-08
2.38795 1.580009955181514562e-08
2.39012 1.594220846078957436e-08
2.39282 1.611482387615515977e-08
2.39501 1.624945058458926138e-08
2.39777 1.641536709169443958e-08
2.40051 1.657660093302905416e-08
2.40267 1.670337983535422155e-08
2.40538 1.686106390351244058e-08
2.40755 1.698534726945737439e-08
2.41027 1.713755855996268083e-08
2.41298 1.728914928014125608e-08
2.41515 1.741038861222385657e-08
2.41786 1.756296083611886849e-08
2.42003 1.768509704458445303e-08
2.42276 1.783733574231725880e-08
2.4255 1.799362633139900232e-08
2.42768 1.812216739994179180e-08
2.43039 1.828338239158710512e-08
2.43256 1.841074138073895601e-08
2.4353 1.856935088914714889e-08
2.43805 1.872350491825567638e-08
2.44024 1.884421343176167921e-08
2.44299 1.899370442521836745e-08
2.44516 1.911261484391939297e-08
2.44787 1.926244834418790196e-08
2.45007 1.938351954479146034e-08
2.45283 1.953284342859972003e-08
2.45502 1.964873110527812511e-08
2.45773 1.978938823515036256e-08
2.46047 1.992903880528309184e-08
2.46268 2.004074651167290895e-08
2.46544 2.018041303646291418e-08
2.46762 2.029299381270034565e-08
2.47035 2.043685442843962044e-08
2.47255 2.055588673065178394e-08
2.4753 2.070518355553935449e-08
2.47804 2.085206197950940640e-08
2.48023 2.096832528697609322e-08
2.48296 2.111038874130965284e-08
2.48515 2.122125530006352968e-08
2.48788 2.135786356520561494e-08
2.49007 2.146733004233195937e-08
2.49282 2.160604130690492984e-08
2.49502 2.171836226312792227e-08
2.49777 2.185849616898850478e-08
2.50051 2.199600467615706849e-08
2.5027 2.210490563508079737e-08
2.50543 2.224102421930126189e-08
2.50761 2.235061865382457987e-08
2.51033 2.248832080343178604e-08
2.51252 2.259845560843220760e-08
2.51525 2.273572033436295315e-08
2.51799 2.287262762141569231e-08
2.52018 2.298197794323892247e-08
2.52293 2.311856000722776072e-08
2.52512 2.322712260426020135e-08
2.52787 2.336184302843976376e-08
2.53007 2.347194503879947475e-08
2.5328 2.361199774492885515e-08
2.53554 2.375435145832836462e-08
2.53771 2.386851212953742374e-08
2.54043 2.401002384440899666e-08
2.54261 2.412266733116604311e-08
2.54534 2.426444021667484557e-08
2.54752 2.437868504596107475e-08
2.55023 2.452313442285258541e-08
2.55296 2.466952258283637145e-08
2.55515 2.478891960857657785e-08
2.5579 2.493861133259065079e-08
2.56008 2.505690223962727101e-08
2.5628 2.520281553066959048e-08
2.56553 2.534586682040103140e-08
2.5677 2.545866023265538733e-08
2.57042 2.559835880209404466e-08
2.5726 2.571038224638369890e-08
2.57532 2.585188690086499682e-08
2.57751 2.596634136082555206e-08
2.58024 2.610968976236165151e-08
2.58297 2.625212686267636818e-08
2.58516 2.636612923925165316e-08
2.58792 2.651161298094958231e-08
2.59014 2.662888816190608668e-08
2.59288 2.677450573546164261e-08
2.59507 2.689039006174219673e-08
2.5978 2.703537256303057522e-08
2.60054 2.717998648268353953e-08
2.60273 2.729482932756624133e-08
2.60547 2.743586583707409133e-08
2.60767 2.754688810604556283e-08
2.61042 2.768520792325122432e-08
2.61262 2.779637095415470439e-08
2.61538 2.793739303415159105e-08
2.61759 2.805144721283342709e-08
2.62033 2.819393312045174391e-08
2.62252 2.830813507054138142e-08
2.62527 2.845216209326116071e-08
2.62804 2.859701451616205127e-08
2.63024 2.871264925607118338e-08
2.63298 2.885748646476917614e-08
2.63517 2.897455108273919624e-08
2.63792 2.912270843161557934e-08
2.64013 2.924194956469949350e-08
2.64287 2.939135215417546929e-08
2.64506 2.951184528840205611e-08
2.64782 2.966454876083105880e-08
2.65003 2.978691452897775302e-08
2.65279 2.993826353875921132e-08
2.65552 3.008881722140043326e-08
2.65772 3.021004020034652260e-08
2.66046 3.036324148725418027e-08
2.66266 3.048696659962301697e-08
2.66539 3.064238557491622556e-08
2.66758 3.076723874980396414e-08
2.67032 3.092379263494259349e-08
2.6725 3.104997173570780152e-08
2.67526 3.121024368110462010e-08
2.67801 3.137210189856410280e-08
2.68021 3.150181184250967460e-08
2.68296 3.166458013847309621e-08
2.68516 3.179589333681201520e-08
2.68792 3.196105715774841088e-08
2.69013 3.209288614384085040e-08
2.69287 3.225648259174366490e-08
2.69506 3.238759995297315109e-08
2.69782 3.255376421547575101e-08
2.70003 3.268806022851220495e-08
2.70278 3.285707963167735130e-08
2.70553 3.302710443904669891e-08
2.70773 3.316336733935658868e-08
2.71048 3.333369469754175772e-08
2.7127 3.347124952808302750e-08
2.71549 3.364525718365176494e-08
2.71772 3.378461491854444877e-08
2.72047 3.395759055630778131e-08
2.72267 3.409660954470666079e-08
2.72541 3.427096785559107271e-08
2.72761 3.441104959191508258e-08
2.73035 3.458615698508724701e-08
2.73254 3.472598489208368257e-08
2.73528 3.490035375931408110e-08
2.73802 3.507483001955394103e-08
2.74021 3.521542755005837362e-08
2.74296 3.539295355130385396e-08
2.74517 3.553609458620005494e-08
2.74792 3.571601224567094540e-08
2.75013 3.585988897510877798e-08
2.75287 3.603814228961802854e-08
2.75506 3.618031205218364574e-08
2.75779 3.635748785093670933e-08
2.76052 3.653487292713304951e-08
2.76272 3.667787485084312526e-08
2.76547 3.685741436090448311e-08
2.76767 3.700147327798435829e-08
2.77042 3.718218994562094408e-08
2.77263 3.732748500684197456e-08
2.7754 3.751023639212439913e-08
2.77761 3.765621758008779699e-08
2.78038 3.783833842060436736e-08
2.78259 3.798431085331133818e-08
2.78534 3.816664527023093575e-08
2.78754 3.831297121415479184e-08
2.79029 3.849586854137086478e-08
2.79304 3.867787744697668675e-08
2.79523 3.882206696870034589e-08
2.79796 3.900083341495830684e-08
2.80014 3.914390268084442607e-08
2.80289 3.932395701539390214e-08
2.80509 3.946839528060957790e-08
2.80783 3.964888383604995308e-08
2.81002 3.979363588770632949e-08
2.81277 3.997559268531432900e-08
2.81552 4.015747167656016314e-08
2.81773 4.030277568031870303e-08
2.82049 4.048442539028838380e-08
2.8227 4.063048224475456606e-08
2.82547 4.081451268835605020e-08
2.82767 4.096223963047849875e-08
2.83041 4.114590483027695388e-08
2.8326 4.129239362081084827e-08
2.83536 4.147497072062264639e-08
2.83756 4.161964793361511467e-08
2.84032 4.179908280529456062e-08
2.84252 4.194163527550166693e-08
2.84528 4.211910599216019610e-08
2.84804 4.229654570662674301e-08
2.85024 4.243871226717192753e-08
2.853 4.261669170249678814e-08
2.85521 4.275932363252435442e-08
2.85798 4.293795378247452990e-08
2.86019 4.308027652971235052e-08
2.86295 4.325635935786261799e-08
2.86515 4.339692262974395889e-08
2.8679 4.357280756557459647e-08
2.87011 4.371375433293282261e-08
2.87286 4.388935123600095456e-08
2.87505 4.402904678319982122e-08
2.8778 4.420299571726104497e-08
2.88001 4.434152396750398605e-08
2.88277 4.451295815484102029e-08
2.88553 4.468276624362932914e-08
2.88774 4.481790448090294311e-08
2.89052 4.498719092233054208e-08
2.89274 4.512252395089914143e-08
2.89551 4.529149275937263706e-08
2.89772 4.542672267150128170e-08
2.90048 4.559513393817731049e-08
2.90268 4.572948486460884864e-08
2.90544 4.589784811598890957e-08
2.90765 4.603311268052230585e-08
2.91042 4.620237528446278986e-08
2.91264 4.633800599042821305e-08
2.91541 4.650752805370743134e-08
2.91762 4.664274056880187357e-08
2.92039 4.681121283028601682e-08
2.92261 4.694579083867117187e-08
2.92538 4.711335196411112745e-08
2.9276 4.724651811815032098e-08
2.93036 4.741210790820598335e-08
2.93257 4.754416453084254741e-08
2.93531 4.770839827538647228e-08
2.93751 4.783996131055801370e-08
2.94028 4.800625384152641695e-08
2.94305 4.817270594036906867e-08
2.94526 4.830533716114549001e-08
2.94801 4.847106049647101473e-08
2.95022 4.860368978200808056e-08
2.95299 4.876935466875757063e-08
2.95519 4.890148340898811229e-08
2.95795 4.906593840884090405e-08
2.96016 4.919716289363928654e-08
2.96293 4.936102044638046128e-08
2.96515 4.949133455878921375e-08
2.96791 4.965265967629406280e-08
2.97012 4.978113095990597961e-08
2.97288 4.994107544760759056e-08
2.97508 5.006871722646567585e-08
2.97785 5.022873649441554788e-08
2.98007 5.035702293195310154e-08
2.98285 5.051750176975735645e-08
2.98508 5.064606601003987842e-08
2.98787 5.080655449363440665e-08
2.99008 5.093434990831493405e-08
2.99285 5.109412614182384951e-08
2.99507 5.122225121135150643e-08
2.99785 5.138237711892444573e-08
3.00006 5.150965819024107822e-08
3.00281 5.166804706392850302e-08
3.00502 5.179432021877199043e-08
3.00778 5.195152281094514899e-08
3.01054 5.210806983819342851e-08
3.01275 5.223303168925100676e-08
3.01552 5.238946187036050414e-08
3.01776 5.251594235709342700e-08
3.02055 5.267432006252778867e-08
3.02277 5.280006012501951091e-08
3.02554 5.295774560320481047e-08
3.02776 5.308468944704025809e-08
3.03054 5.324413183322633892e-08
3.03276 5.337199060876112322e-08
3.03553 5.353218930979946476e-08
3.03774 5.366079469978807528e-08
3.04051 5.382192488290389861e-08
3.04272 5.395108317395467445e-08
3.04549 5.411284394967126712e-08
3.04771 5.424248547835460690e-08
3.05048 5.440513103008689668e-08
3.0527 5.453579279321175842e-08
3.05548 5.470054473660953827e-08
3.05771 5.483349891601139161e-08
3.06049 5.500047868538130475e-08
3.06271 5.513455069048603768e-08
3.06548 5.530338948226146154e-08
3.0677 5.543947127043805119e-08
3.07047 5.561064240720687987e-08
3.0727 5.574888639092897392e-08
3.07548 5.592254751545883790e-08
3.0777 5.606150590304826213e-08
3.08047 5.623553751732271506e-08
3.08269 5.637575645655150272e-08
3.08549 5.655210469616453660e-08
3.08772 5.669305080560183898e-08
3.0905 5.686844866087271508e-08
3.09272 5.700879556000631916e-08
3.09548 5.718338606903323207e-08
3.09769 5.732316695337440320e-08
3.10047 5.749879498476571050e-08
3.10269 5.763960985702455757e-08
3.10547 5.781631251492115543e-08
3.1077 5.795805734667471358e-08
3.11048 5.813457401170428866e-08
3.11269 5.827489271625060626e-08
3.11546 5.845043612608646973e-08
3.11768 5.859148687166532158e-08
3.12046 5.876755631817459708e-08
3.1227 5.890927049820540535e-08
3.1255 5.908595525436950576e-08
3.12772 5.922552558423904427e-08
3.13049 5.939876669183414392e-08
3.1327 5.953713010713255588e-08
3.13549 5.970980450464274858e-08
3.13771 5.984745242318707539e-08
3.14049 6.001908197273237754e-08
3.14272 6.015606312328723667e-08
3.14549 6.032611898737539931e-08
3.1477 6.046198513623881828e-08
3.15048 6.063212435272092691e-08
3.1527 6.076819417778395133e-08
3.15548 6.093836324577093021e-08
3.15771 6.107448686471786781e-08
3.16049 6.124419325940448960e-08
3.16271 6.137949073846922469e-08
3.16549 6.154844029652233024e-08
3.16771 6.168357988973238746e-08
3.17049 6.185215070409139112e-08
3.17273 6.198741143826896170e-08
3.17552 6.215602794408596533e-08
3.17775 6.228970173960768723e-08
3.18052 6.245606229771614628e-08
3.18274 6.258934019164973553e-08
3.18553 6.275627979206518340e-08
3.18776 6.288966816158948390e-08
3.19054 6.305602644603260186e-08
3.19277 6.318910169214736787e-08
3.195 6.332280218783205783e-08
3.1978 6.348986910816691073e-08
3.20002 6.362280526442605136e-08
3.2028 6.378854929705529648e-08
3.20502 6.392111928662926770e-08
3.20781 6.408672537190811116e-08
3.21003 6.421880830417909277e-08
3.21281 6.438307115031430238e-08
3.21503 6.451406095420316601e-08
3.21781 6.467773391111608791e-08
3.22004 6.480819514515278005e-08
3.22282 6.497066908222673941e-08
3.22505 6.510021310081383393e-08
3.22784 6.526200388412080428e-08
3.23007 6.539125812868204197e-08
3.23286 6.555226845157844655e-08
3.23509 6.568058550401303981e-08
3.23788 6.584052165705712545e-08
3.24011 6.596804505962900517e-08
3.24289 6.612697664820685157e-08
3.24512 6.625365038263966264e-08
3.2479 6.641149304753979023e-08
3.25014 6.653777824760995056e-08
3.25294 6.669525718889799070e-08
3.25517 6.682047665212422565e-08
3.25795 6.697600961721595135e-08
3.26018 6.710002010005591751e-08
3.26298 6.725480266240927736e-08
3.26521 6.737822318915179881e-08
3.268 6.753217062787097419e-08
3.27024 6.765514988861426167e-08
3.27303 6.780841887690238789e-08
3.27525 6.793097136975501648e-08
3.27804 6.808451945469520657e-08
3.28028 6.820761459743205810e-08
3.28251 6.833075069021517117e-08
3.2853 6.848454372111156426e-08
3.28753 6.860773473549624687e-08
3.29031 6.876209710931183694e-08
3.29255 6.888570731435775760e-08
3.29533 6.904022651435604632e-08
3.29756 6.916387126216529162e-08
3.30036 6.931901989884465856e-08
3.3026 6.944344670463697960e-08
3.3054 6.959869559959498819e-08
3.30763 6.972256500390683890e-08
3.31042 6.987744228010797189e-08
3.31266 7.000136014982121726e-08
3.31545 7.015633509534318719e-08
3.31769 7.028102246970334675e-08
3.32049 7.043691512485020141e-08
3.32273 7.056119822207459114e-08
3.32552 7.071630914935307645e-08
3.32775 7.084035620931402932e-08
3.33055 7.099529658369580032e-08
3.33278 7.111902359839870143e-08
3.33502 7.124245995726666967e-08
3.33781 7.139637012250010681e-08
3.34005 7.151919052120116475e-08
3.34284 7.167222699851371962e-08
3.34507 7.179415158193046075e-08
3.34786 7.194600750536553210e-08
3.3501 7.206731510477302296e-08
3.3529 7.221876004431691860e-08
3.35514 7.233954429072343734e-08
3.35794 7.249001143926516809e-08
3.36017 7.261009039996829124e-08
3.36297 7.275961485429240383e-08
3.3652 7.287894440877775193e-08
3.368 7.302808359861509191e-08
3.37024 7.314718175124962241e-08
3.37304 7.329545198666901897e-08
3.37527 7.341364697678661353e-08
3.37751 7.353159372485250001e-08
3.3803 7.367869487904206683e-08
3.38254 7.379601436156618357e-08
3.38534 7.394234587163263239e-08
3.38758 7.405901441599264999e-08
3.39038 7.420441151233754219e-08
3.39262 7.432039022825023798e-08
3.39541 7.446485098111365433e-08
3.39765 7.458010631857622259e-08
3.40045 7.472404712569288636e-08
3.40269 7.483918114927455599e-08
3.40548 7.498299545346528114e-08
3.40772 7.509800427122790701e-08
3.41052 7.524172992175942735e-08
3.41276 7.535677423124051588e-08
3.41501 7.547181691449652417e-08
3.41781 7.561558160171535346e-08
3.42005 7.573056523495087434e-08
3.42284 7.587416362596645761e-08
3.42508 7.598887806514056640e-08
3.42788 7.613221955269954304e-08
3.43011 7.624690314804400819e-08
3.43291 7.639016945846436686e-08
3.43515 7.650492498641854310e-08
3.43796 7.664832782629306185e-08
3.4402 7.676306638748568894e-08
3.443 7.690652616322572667e-08
3.44524 7.702127103806269833e-08
3.44804 7.716469362094190830e-08
3.45028 7.727948461731351785e-08
3.45252 7.739429356232284855e-08
3.45532 7.753788176968277962e-08
3.45756 7.765299245275680338e-08
3.46037 7.779692388094584725e-08
3.46261 7.791227379519316847e-08
3.46542 7.805652142655593714e-08
3.46767 7.817168382934501499e-08
3.47047 7.831529607362635226e-08
3.47271 7.843005569353664999e-08
3.47551 7.857327419522775312e-08
3.47775 7.868767935438944958e-08
3.48056 7.883092662565921477e-08
3.4828 7.894533738540535251e-08
3.48505 7.905953071278086905e-08
3.48785 7.920201808434817206e-08
3.4901 7.931575366348782711e-08
3.4929 7.945760092335209884e-08
3.49514 7.957086617385033134e-08
3.49795 7.971213207367281652e-08
3.50019 7.982492756866028241e-08
3.50299 7.996573085961624651e-08
3.50523 8.007812663092798014e-08
3.50805 8.021876587840942301e-08
3.5103 8.033108455893391404e-08
3.51255 8.044288629612336469e-08
3.51535 8.058192266952699715e-08
3.5176 8.069278982433920967e-08
3.5204 8.083087520731777330e-08
3.52264 8.094095056906356167e-08
3.52546 8.107878954636777304e-08
3.52771 8.118864984501161948e-08
3.53052 8.132500417080203314e-08
3.53277 8.143359753403634698e-08
3.53501 8.154188760853762932e-08
3.53782 8.167682569928882628e-08
3.54007 8.178436561263096562e-08
3.54287 8.191819742741280466e-08
3.54512 8.202488559589045907e-08
3.54792 8.215787960680021365e-08
3.55017 8.226387949519786676e-08
3.55298 8.239617917081755402e-08
3.55524 8.250165393315715803e-08
3.55805 8.263260994300180063e-08
3.56029 8.273673153750356206e-08
3.56253 8.284048314988655413e-08
3.56535 8.296977312976661707e-08
3.5676 8.307261395595401693e-08
3.57041 8.320048221253408459e-08
3.57266 8.330215331898060344e-08
3.57547 8.342823665758089311e-08
3.57771 8.352843926503867009e-08
3.58053 8.365337463189938488e-08
3.58279 8.375293949267576022e-08
3.58505 8.385179252207347055e-08
3.58785 8.397400467497294374e-08
3.5901 8.407114046518650150e-08
3.59291 8.419209628692572190e-08
3.59517 8.428823032731104782e-08
3.59798 8.440752511978428388e-08
3.60023 8.450229442138407379e-08
3.60304 8.461979332223072511e-08
3.60528 8.471304139513710004e-08
3.60753 8.480572293110863943e-08
3.61034 8.492089291681591728e-08
3.6126 8.501233729551057697e-08
3.6154 8.512555712557996503e-08
3.61765 8.521549318429879257e-08
3.62046 8.532725616495897418e-08
3.62271 8.541610950628503957e-08
3.62552 8.552651459888522814e-08
3.62777 8.561433524936319007e-08
3.63002 8.570170328184201089e-08
3.63283 8.581025615897389737e-08
3.63507 8.589665054152665803e-08
3.63789 8.600442003094967922e-08
3.64014 8.609017811379801201e-08
3.64296 8.619653115115957433e-08
3.6452 8.628108250699743014e-08
3.64802 8.638648267127888303e-08
3.65028 8.647048378068038095e-08
3.65254 8.655397405894059605e-08
3.65535 8.665745511142762340e-08
3.6576 8.673985674129167179e-08
3.66042 8.684280190034441835e-08
3.66267 8.692488592844212975e-08
3.66549 8.702701579559185931e-08
3.66774 8.710850498926624667e-08
3.67056 8.721035187440989992e-08
3.67281 8.729180419070549972e-08
3.67507 8.737313570242102151e-08
3.67788 8.747454753411809715e-08
3.68014 8.755562375959842349e-08
3.68296 8.765724493053395850e-08
3.68522 8.773850287142770370e-08
3.68804 8.783976990000738724e-08
3.69029 8.792068233684833525e-08
3.69254 8.800163420165480658e-08
3.69537 8.810283107379985045e-08
3.69762 8.818363224477198703e-08
3.70044 8.828433252285490774e-08
3.70269 8.836478355625597737e-08
3.70551 8.846536989192264303e-08
3.70777 8.854581273852909596e-08
3.71002 8.862628283379484753e-08
3.71284 8.872693745608225086e-08
3.7151 8.880749277179852175e-08
3.71792 8.890823921756446026e-08
3.72017 8.898898530772077207e-08
3.723 8.909026851867634220e-08
3.72526 8.917137246395689472e-08
3.72751 8.925220802465265327e-08
3.73033 8.935334098058981547e-08
3.73259 8.943459813106686471e-08
3.73542 8.953636294000086629e-08
3.73767 8.961760443494064026e-08
3.74049 8.971889696518114351e-08
3.74274 8.980004451636550973e-08
3.74501 8.988158091922610356e-08
3.74785 8.998339004733972287e-08
3.7501 9.006425715365930484e-08
3.75292 9.016531914777659017e-08
3.75518 9.024635028519633611e-08
3.758 9.034782511553008929e-08
3.76026 9.042907626408374316e-08
3.76251 9.051040617701510083e-08
3.76533 9.061228946668640163e-08
3.76758 9.069394955489758850e-08
3.7704 9.079624612602470539e-08
3.77266 9.087839682251251676e-08
3.77548 9.098126408033316455e-08
3.77773 9.106356989073562436e-08
3.78055 9.116655745792645200e-08
3.78281 9.124928474116809265e-08
3.78508 9.133234970460267197e-08
3.7879 9.143626296145609672e-08
3.79016 9.151916084588750577e-08
3.79297 9.162282557598558025e-08
3.79523 9.170586875761045978e-08
3.79805 9.180936110328243073e-08
3.80031 9.189177004773192061e-08
3.80257 9.197389026577817156e-08
3.80539 9.207633311047574158e-08
3.80765 9.215826522454255028e-08
3.81047 9.226073188359193320e-08
3.81273 9.234283004528471120e-08
3.81555 9.244562378723526836e-08
3.81781 9.252777829600149518e-08
3.82006 9.261006445432433313e-08
3.82288 9.271314594146004886e-08
3.82514 9.279571446445750746e-08
3.82796 9.289904091867654549e-08
3.83022 9.298181171387862120e-08
3.83305 9.308520446169390448e-08
3.8353 9.316779724692473763e-08
3.83756 9.325052208806872092e-08
3.84038 9.335418841415105241e-08
3.84263 9.343746448725563062e-08
3.84546 9.354210719808900024e-08
3.84772 9.362593541533423779e-08
3.85054 9.373021076681719370e-08
3.8528 9.381286010519964188e-08
3.85506 9.389464403507380830e-08
3.85789 9.399565016708609407e-08
3.86014 9.407597624689686304e-08
3.86297 9.417661287466682036e-08
3.86524 9.425738901911080019e-08
3.86806 9.435850189213616246e-08
3.87032 9.443953552764636109e-08
3.87258 9.452077273691165947e-08
3.8754 9.462257570991392350e-08
3.87766 9.470416065626587788e-08
3.88049 9.480669238727494239e-08
3.88276 9.488870846219000922e-08
3.88502 9.497038400692760393e-08
3.88784 9.507223227143296568e-08
3.8901 9.515359623579398437e-08
3.89292 9.525526561175445514e-08
3.89518 9.533683808150216857e-08
3.89801 9.543962046622863701e-08
3.90028 9.552230364479074240e-08
3.90254 9.560508693627557996e-08
3.90537 9.570845796151368777e-08
3.90763 9.579029499075096687e-08
3.91045 9.589041825782604397e-08
3.91271 9.596905985100843640e-08
3.91555 9.606609399611150164e-08
3.91782 9.614307395115209282e-08
3.92009 9.622015929877021751e-08
3.92294 9.631703390007609801e-08
3.92519 9.639441127584484698e-08
3.92801 9.649149536761388321e-08
3.93028 9.656961536602382466e-08
3.93255 9.664795337994305520e-08
3.9354 9.674632036696186481e-08
3.93768 9.682541592050316077e-08
3.94054 9.692389396234451590e-08
3.9428 9.700165453971699245e-08
3.94506 9.707916296720530723e-08
3.94789 9.717588620589189125e-08
3.95015 9.725312751891807391e-08
3.95299 9.734999491488993418e-08
3.95527 9.742789552620036563e-08
3.95754 9.750616282953159727e-08
3.96037 9.760428418707977595e-08
3.96263 9.768315116360984711e-08
3.96546 9.778135576122967228e-08
3.96772 9.785830906927110658e-08
3.97055 9.795192474402530180e-08
3.97282 9.802470526860662267e-08
3.97509 9.809589918313059905e-08
3.97793 9.818422359520723553e-08
3.9802 9.825510496626427823e-08
3.98302 9.834374967150471811e-08
3.98528 9.841481994062356645e-08
3.98755 9.848589843399664006e-08
3.99038 9.857560679895384396e-08
3.99265 9.864803674788973515e-08
3.99549 9.873871902271029801e-08
3.99776 9.881105216965350010e-08
4.00002 9.888300984799482495e-08
4.00284 9.897249890531777507e-08
4.00511 9.904366540999048153e-08
4.00793 9.913214198038932394e-08
4.0102 9.920279421029020844e-08
4.01303 9.929108036419215001e-08
4.0153 9.936182619997046714e-08
4.01756 9.943296652142662349e-08
4.02039 9.952281892023054224e-08
4.02266 9.959538429074807207e-08
4.02548 9.968645092488463342e-08
4.02775 9.975901770852217135e-08
4.03001 9.983031735295988615e-08
4.03285 9.991651625551475303e-08
4.03512 9.998305300654883163e-08
4.03795 1.000632876016254229e-07
4.04021 1.001258877751302855e-07
4.04304 1.002042066424000257e-07
4.04531 1.002672550512229202e-07
4.04758 1.003306588764417099e-07
4.05041 1.004102531809163925e-07
4.05267 1.004742123084579847e-07
4.0555 1.005536201185030324e-07
4.05776 1.006173789453339018e-07
4.06003 1.006814803455348428e-07
4.06286 1.007614856125773084e-07
4.06512 1.008252491938796290e-07
4.06795 1.009044234939002535e-07
4.07022 1.009672217436386408e-07
4.07306 1.010451102627818914e-07
4.07532 1.011070323150659124e-07
4.07759 1.011687067099643715e-07
4.08042 1.012459501391865941e-07
4.08268 1.013083613522488244e-07
4.08552 1.013873918215583474e-07
4.08779 1.014512009815591407e-07
4.09005 1.015151056670779950e-07
4.09288 1.015945360442338093e-07
4.09515 1.016569953479797463e-07
4.09798 1.017320342296429586e-07
4.10025 1.017895733259054554e-07
4.10251 1.018451408401356123e-07
4.10535 1.019124007326679365e-07
4.10762 1.019655683502968373e-07
4.11046 1.020318983035054548e-07
4.11273 1.020848609923242959e-07
4.11556 1.021512415855020619e-07
4.11783 1.022045259638376576e-07
4.12009 1.022579459400094118e-07
4.12293 1.023245745221646716e-07
4.12519 1.023770995163292809e-07
4.12803 1.024427726562892336e-07
4.13029 1.024958730878886111e-07
4.13256 1.025491281709780623e-07
4.1354 1.026153465946921647e-07
4.13768 1.026676956955885868e-07
4.14051 1.027321638678655823e-07
4.14278 1.027831785586710608e-07
4.14505 1.028340137449043852e-07
4.14789 1.028976053474681442e-07
4.15017 1.029486008775484829e-07
4.153 1.030125478312873147e-07
4.15526 1.030639031850885652e-07
4.15754 1.031153703315501752e-07
4.16038 1.031793653218995068e-07
4.16264 1.032297648168909451e-07
4.16548 1.032903913995969607e-07
4.16774 1.033368810303015574e-07
4.17002 1.033816838146872807e-07
4.17286 1.034353489456839277e-07
4.17513 1.034767538005814865e-07
4.17798 1.035278718195712996e-07
4.18024 1.035683498934817857e-07
4.18251 1.036086883272795462e-07
4.18535 1.036592223815908176e-07
4.18762 1.036999103567036264e-07
4.19046 1.037509879136998595e-07
4.19273 1.037918260132182251e-07
4.19556 1.038423087704353905e-07
4.19784 1.038819476476221311e-07
4.20011 1.039211948530463090e-07
4.20295 1.039707308699804843e-07
4.20522 1.040107101320542738e-07
4.20805 1.040604429132390760e-07
4.21032 1.040993262739803268e-07
4.21259 1.041376224493109507e-07
4.21543 1.041849876743698689e-07
4.21771 1.042226622991471531e-07
4.22054 1.042696124751635817e-07
4.22281 1.043072355255909725e-07
4.22508 1.043449332601517114e-07
4.22792 1.043918924182072890e-07
4.23019 1.044290673853780275e-07
4.23302 1.044740506612051243e-07
4.23529 1.045083254770639638e-07
4.23757 1.045410873622879765e-07
4.24041 1.045798144305726164e-07
4.24268 1.046089890967061159e-07
4.24552 1.046440282073874570e-07
4.24778 1.046716030445642976e-07
4.25005 1.046989731024997859e-07
4.25289 1.047331480924836726e-07
4.25516 1.047606259130484821e-07
4.258 1.047954658091355276e-07
4.26026 1.048238923170861136e-07
4.26253 1.048525718205173070e-07
4.26537 1.048884139535100265e-07
4.26765 1.049167140958582493e-07
4.27049 1.049512273110853709e-07
4.27276 1.049779714161273580e-07
4.27503 1.050038729885185819e-07
4.27787 1.050362041030281119e-07
4.28013 1.050625438488430988e-07
4.28297 1.050955234184118498e-07
4.28525 1.051208166967191816e-07
4.28751 1.051453238304178665e-07
4.29035 1.051751191603155126e-07
4.29262 1.051987254041663331e-07
4.29546 1.052282383721033844e-07
4.29773 1.052512928455747348e-07
4.3 1.052734910809913847e-07
4.30284 1.052997923760457791e-07
4.30511 1.053195024622842844e-07
4.30796 1.053422113021012248e-07
4.31023 1.053586968464576461e-07
4.31251 1.053741202478488016e-07
4.31535 1.053926997925945396e-07
4.31761 1.054071800568716085e-07
4.32045 1.054250615050684243e-07
4.32272 1.054393757327633909e-07
4.32556 1.054576793209325026e-07
4.32783 1.054730688737602408e-07
4.3301 1.054890512774463025e-07
4.33294 1.055096565579376305e-07
4.33521 1.055264124870522169e-07
4.33806 1.055471208421858515e-07
4.34033 1.055630223760146715e-07
4.34261 1.055781796272232470e-07
4.34544 1.055959906851746835e-07
4.34771 1.056094605726107670e-07
4.35055 1.056255776519428595e-07
4.35283 1.056380668802841890e-07
4.3551 1.056502607314148027e-07
4.35793 1.056650138771504157e-07
4.3602 1.056765884639800994e-07
4.36304 1.056906531016173533e-07
4.36532 1.057013685084318437e-07
4.36759 1.057112747257567823e-07
4.37043 1.057226211735772090e-07
4.37271 1.057307231502654282e-07
4.37555 1.057398050915067559e-07
4.37782 1.057465810869629033e-07
4.3801 1.057531076061559529e-07
4.38294 1.057609416661774908e-07
4.38521 1.057669671023185057e-07
4.38805 1.057741655731667155e-07
4.39032 1.057797763599115583e-07
4.39259 1.057854737222399132e-07
4.39544 1.057933127476965032e-07
4.39771 1.058001929787993011e-07
4.40055 1.058095070345632498e-07
4.40282 1.058174768508757703e-07
4.4051 1.058258259276160731e-07
4.40794 1.058362935195470205e-07
4.41022 1.058443250154243962e-07
4.41306 1.058537829918632921e-07
4.41533 1.058608212404917748e-07
4.4176 1.058673336628580286e-07
4.42045 1.058746788304929316e-07
4.42272 1.058799406752331587e-07
4.42556 1.058858426313245014e-07
4.42783 1.058901097970867518e-07
4.43011 1.058940328557781972e-07
4.43295 1.058984741618330944e-07
4.43523 1.059016800119704498e-07
4.43807 1.059052973455869673e-07
4.44034 1.059079274424773171e-07
4.44262 1.059103884739945862e-07
4.44546 1.059131704224227140e-07
4.44774 1.059149244027342768e-07
4.45001 1.059162352266250273e-07
4.45285 1.059178472494573275e-07
4.45512 1.059194592229306356e-07
4.45797 1.059217835262411826e-07
4.46025 1.059241329161823134e-07
4.46253 1.059271556891232147e-07
4.46537 1.059318921906530383e-07
4.46764 1.059364252510513504e-07
4.47048 1.059429750158339572e-07
4.47276 1.059488360374563581e-07
4.47504 1.059551187517629854e-07
4.47788 1.059633978732634580e-07
4.48015 1.059699542481775108e-07
4.48299 1.059779935986138396e-07
4.48526 1.059842684153496970e-07
4.48755 1.059903415191238528e-07
4.4904 1.059975082433379636e-07
4.49267 1.060028040195525546e-07
4.49551 1.060088952661664547e-07
4.49779 1.060133769981276887e-07
4.50007 1.060175416303660944e-07
4.50292 1.060224010484341845e-07
4.50519 1.060261034640039097e-07
4.50803 1.060306254636335103e-07
4.51031 1.060342356238727740e-07
4.51258 1.060378983422671148e-07
4.51543 1.060426322049536312e-07
4.51771 1.060465812877424510e-07
4.52056 1.060517222569092086e-07
4.52283 1.060559718727758080e-07
4.5251 1.060603126993657677e-07
4.52795 1.060659847226494543e-07
4.53023 1.060709446728819734e-07
4.53251 1.060765196012428520e-07
4.53535 1.060844613605501125e-07
4.53763 1.060913797409062225e-07
4.54047 1.061007853678204368e-07
4.54275 1.061089677041572166e-07
4.54503 1.061177543090198723e-07
4.54788 1.061295490147109141e-07
4.55015 1.061393845983053735e-07
4.55299 1.061520268115341520e-07
4.55527 1.061624108318865022e-07
4.55756 1.061729432859032118e-07
4.5604 1.061862039903906966e-07
4.56268 1.061968241923381186e-07
4.56552 1.062100403764667008e-07
4.5678 1.062204967179302833e-07
4.57007 1.062308773212923659e-07
4.57292 1.062438502329692853e-07
4.5752 1.062542269251646086e-07
4.57805 1.062672224984652369e-07
4.58033 1.062776994233529438e-07
4.58261 1.062883167426741339e-07
4.58547 1.063018572223879100e-07
4.58775 1.063129327209089724e-07
4.59002 1.063242461681250670e-07
4.59287 1.063388359396211200e-07
4.59514 1.063509137310481824e-07
4.59799 1.063665666797872210e-07
4.60027 1.063796458111024049e-07
4.60255 1.063933428074861188e-07
4.6054 1.064113799263806089e-07
4.60767 1.064265847919758491e-07
4.61052 1.064466266410185931e-07
4.61281 1.064634990134144893e-07
4.61509 1.064809952048978332e-07
4.61794 1.065035764746616556e-07
4.62022 1.065222205642336302e-07
4.62306 1.065462194184198303e-07
4.62534 1.065659191663695397e-07
4.62762 1.065860202439668288e-07
4.63047 1.066116574370691747e-07
4.63275 1.066324664481349779e-07
4.63503 1.066533979633206908e-07
4.63787 1.066797670148588123e-07
4.64015 1.067010154631667726e-07
4.64301 1.067276445690710589e-07
4.64529 1.067490271526061977e-07
4.64757 1.067704769754877986e-07
4.65042 1.067974225423043565e-07
4.6527 1.068191076710556349e-07
4.65555 1.068464444300461830e-07
4.65783 1.068686011009736569e-07
4.66012 1.068910189787697315e-07
4.66296 1.069194264359505893e-07
4.66524 1.069425582459576469e-07
4.66752 1.069661780465977080e-07
4.67037 1.069965267305387222e-07
4.67265 1.070214321259927178e-07
4.6755 1.070533638793151653e-07
4.67778 1.070796138329653338e-07
4.68006 1.071064755898433660e-07
4.68291 1.071409480719919404e-07
4.68519 1.071693063141748797e-07
4.68805 1.072057202334320537e-07
4.69034 1.072355008992498626e-07
4.69261 1.072657177915868537e-07
4.69545 1.073042096391657512e-07
4.69774 1.073356205345104141e-07
4.70002 1.073674279049488366e-07
4.70287 1.074076672687195624e-07
4.70515 1.074402424816478077e-07
4.708 1.074813524826794629e-07
4.71028 1.075144854337974864e-07
4.71256 1.075478443918380315e-07
4.71542 1.075900556305152325e-07
4.71771 1.076240159602857385e-07
4.72056 1.076665490950945616e-07
4.72284 1.077006986546159359e-07
4.72512 1.077349658217302702e-07
4.72797 1.077779973389076526e-07
4.73025 1.078126428605816353e-07
4.73253 1.078475749795806901e-07
4.73539 1.078916638648193349e-07
4.73767 1.079272119787245695e-07
4.74051 1.079722621314089625e-07
4.74279 1.080089852167287152e-07
4.74508 1.080462990176812829e-07
4.74794 1.080937487496120227e-07
4.75022 1.081323685957571459e-07
4.7525 1.081715901733300121e-07
4.75535 1.082213084741085528e-07
4.75763 1.082617151386000462e-07
4.76049 1.083131675908648744e-07
4.76278 1.083549192796161411e-07
4.76506 1.083970092321881229e-07
4.76791 1.084500667230048736e-07
4.77019 1.084929810779703635e-07
4.77304 1.085472378292388086e-07
4.77532 1.085910132662961640e-07
4.77761 1.086351289331706600e-07
4.78046 1.086906873020749179e-07
4.78274 1.087353427454440346e-07
4.78502 1.087802122957378346e-07
4.78787 1.088366947164515808e-07
4.79016 1.088822076186269313e-07
4.79302 1.089393329708732076e-07
4.7953 1.089851661707101594e-07
4.79758 1.090311616596940421e-07
4.80043 1.090888802158011315e-07
4.80272 1.091352666639860201e-07
4.80557 1.091936457978834643e-07
4.80786 1.092406941644116961e-07
4.81014 1.092880110396253453e-07
4.81299 1.093474787015924204e-07
4.81527 1.093954816759995705e-07
4.81755 1.094439703404457630e-07
4.8204 1.095051454186060616e-07
4.82269 1.095546481067166728e-07
4.82555 1.096171070499736990e-07
4.82784 1.096673811480924919e-07
4.83012 1.097178881330842889e-07
4.83297 1.097814479447282474e-07
4.83526 1.098326362355683508e-07
4.83754 1.098840691167805700e-07
4.84039 1.099486382468439937e-07
4.84267 1.100005261844904541e-07
4.84552 1.100656326906257356e-07
4.8478 1.101179195669873951e-07
4.85008 1.101704436046691655e-07
4.85294 1.102365285865843365e-07
4.85523 1.102896153123461753e-07
4.85751 1.103428062146187814e-07
4.86037 1.104095509078576316e-07
4.86265 1.104630977944307808e-07
4.8655 1.105302314340302191e-07
4.86778 1.105842388785519920e-07
4.87008 1.106385192833334650e-07
4.87294 1.107064855235808411e-07
4.87522 1.107608090587727876e-07
4.8775 1.108152705274492857e-07
4.88036 1.108836074557394393e-07
4.88264 1.109384797583368858e-07
4.8855 1.110074068815178950e-07
4.88779 1.110628091952591487e-07
4.89008 1.111183548448117785e-07
4.89292 1.111878449479098259e-07
4.8952 1.112436269937320326e-07
4.89806 1.113137960130378896e-07
4.90035 1.113700567223819131e-07
4.90264 1.114264565601391767e-07
4.9055 1.114970554703204273e-07
4.90779 1.115534815091887782e-07
4.91007 1.116098378376039709e-07
4.91293 1.116803216760357800e-07
4.91521 1.117367810298282681e-07
4.91807 1.118073915508503332e-07
4.92035 1.118638412857785872e-07
4.92263 1.119203335754927158e-07
4.92549 1.119909942946719145e-07
4.92777 1.120475706044061304e-07
4.93005 1.121042654621800379e-07
4.93291 1.121754448771741311e-07
4.93521 1.122324342092792706e-07
4.93806 1.123034900343255607e-07
4.94035 1.123603413693109321e-07
4.94263 1.124171308248250025e-07
4.94548 1.124880527721780628e-07
4.94777 1.125448886247466702e-07
4.95006 1.126018196130176591e-07
4.95293 1.126728442492693911e-07
4.95521 1.127294152659886607e-07
4.95807 1.128000585971215568e-07
4.96036 1.128565678604857564e-07
4.96264 1.129130434616972088e-07
4.9655 1.129836428124934842e-07
4.96779 1.130400943738201592e-07
4.97008 1.130964408196255058e-07
4.97293 1.131665429378796294e-07
4.97521 1.132224405996500276e-07
4.97806 1.132921653928422302e-07
4.98035 1.133477288813894734e-07
4.98265 1.134033417991702183e-07
4.98552 1.134726702876397434e-07
4.98781 1.135277312254073782e-07
4.9901 1.135824201580348205e-07
4.99295 1.136504984717115583e-07
4.99524 1.137047496630783957e-07
4.99752 1.137588331544765049e-07
5.00038 1.138263336155655970e-07
5.00267 1.138801819091049968e-07
5.00553 1.139471210570035141e-07
5.00781 1.140004108860944606e-07
5.01009 1.140535698212868332e-07
5.01295 1.141199027932588561e-07
5.01524 1.141727357711941212e-07
5.01753 1.142254287184956673e-07
5.0204 1.142909322203619664e-07
5.02269 1.143428880797441924e-07
5.02554 1.144073504041435719e-07
5.02783 1.144585788758031068e-07
5.03011 1.145094944328531343e-07
5.03297 1.145726980075167219e-07
5.03527 1.146229929479171033e-07
5.03756 1.146729344425018397e-07
5.04042 1.147346777846831772e-07
5.0427 1.147836239254179449e-07
5.04556 1.148443567243463131e-07
5.04785 1.148925429468522875e-07
5.05014 1.149403156518329605e-07
5.05301 1.149994252925563418e-07
5.0553 1.150462255230050913e-07
5.05758 1.150924489386830170e-07
5.06043 1.151496100476670672e-07
5.06272 1.151949257787024283e-07
5.06501 1.152398308076142147e-07
5.06787 1.152954497439001631e-07
5.07017 1.153395776032565209e-07
5.07304 1.153940817254184153e-07
5.07533 1.154370253202201453e-07
5.07761 1.154795590725991947e-07
5.08047 1.155321809360405553e-07
5.08276 1.155738196338439047e-07
5.08505 1.156150794592323742e-07
5.08791 1.156660928257874695e-07
5.0902 1.157063495879456851e-07
5.09306 1.157558455756108623e-07
5.09534 1.157948696836447256e-07
5.09763 1.158334422877271703e-07
5.10049 1.158808547846651870e-07
5.10278 1.159182015760953712e-07
5.10508 1.159549532613559565e-07
5.10795 1.159999105876338296e-07
5.11023 1.160350488455922982e-07
5.11252 1.160695256225686774e-07
5.11538 1.161116911240392452e-07
5.11766 1.161446658747221246e-07
5.12053 1.161850709705600305e-07
5.12283 1.162166495032290088e-07
5.12512 1.162474768808742840e-07
5.12798 1.162849652118733447e-07
5.13027 1.163141795600495615e-07
5.13255 1.163427083719903059e-07
5.13542 1.163773951215894494e-07
5.13771 1.164044528488204513e-07
5.14001 1.164308200971470700e-07
5.14287 1.164627505187102797e-07
5.14516 1.164874996767676249e-07
5.14802 1.165174846916490867e-07
5.1503 1.165407132552700701e-07
5.15259 1.165632809740689828e-07
5.15546 1.165906894348780955e-07
5.15776 1.166118630849348969e-07
5.16005 1.166323251812012018e-07
5.16291 1.166569271375412466e-07
5.1652 1.166758023620382947e-07
5.16806 1.166983630615184648e-07
5.17035 1.167155894818165097e-07
5.17264 1.167320737811128359e-07
5.1755 1.167515559254767339e-07
5.17779 1.167662028226505146e-07
5.18008 1.167799882594741971e-07
5.18294 1.167959480875186526e-07
5.18522 1.168076776562657245e-07
5.18751 1.168184822262073044e-07
5.19038 1.168306804765842521e-07
5.19267 1.168393516660114922e-07
5.19554 1.168488208676248858e-07
5.19783 1.168553021660941680e-07
5.20012 1.168608035901900617e-07
5.20298 1.168663239409799021e-07
5.20526 1.168696668710374173e-07
5.20755 1.168720620928843782e-07
5.21041 1.168737340033384408e-07
5.21271 1.168740231068375583e-07
5.215 1.168733876137817305e-07
5.21787 1.168713157473307299e-07
5.22016 1.168686515048331226e-07
5.22302 1.168640787272910347e-07
5.22531 1.168594394740016543e-07
5.2276 1.168539308204163592e-07
5.23048 1.168458039119341201e-07
5.23279 1.168383378513827082e-07
5.23508 1.168300535818921017e-07
5.23795 1.168184964798835187e-07
5.24024 1.168082985327486300e-07
5.24252 1.167972284169428661e-07
5.24539 1.167821071001875442e-07
5.24768 1.167689428112974011e-07
5.25055 1.167511261727455981e-07
5.25284 1.167357453812010455e-07
5.25513 1.167193349186655128e-07
5.25799 1.166973834343888850e-07
5.26028 1.166786139402866635e-07
5.26257 1.166587073472147483e-07
5.26544 1.166321880719686859e-07
5.26773 1.166096620748325168e-07
5.27003 1.165859457912359305e-07
5.27289 1.165546281636723494e-07
5.27518 1.165283120778109378e-07
5.27804 1.164937529932742157e-07
5.28033 1.164647718906158570e-07
5.28262 1.164346235791493733e-07
5.28549 1.163952687795227773e-07
5.28778 1.163624432515435586e-07
5.29008 1.163285067137199176e-07
5.29294 1.162847390238871148e-07
5.29523 1.162485431352620370e-07
5.29752 1.162112871514508042e-07
5.30038 1.161633005561432735e-07
5.30268 1.161238114400078386e-07
5.30554 1.160731177706636998e-07
5.30784 1.160315320454307968e-07
5.31013 1.159890374052513818e-07
5.313 1.159346911523908916e-07
5.31529 1.158902899435256604e-07
5.31758 1.158449287495654546e-07
5.32044 1.157868050154226804e-07
5.32274 1.157391964731734207e-07
5.32504 1.156905605284367827e-07
5.32793 1.156281132098266124e-07
5.33024 1.155770706217789402e-07
5.33254 1.155252470353540102e-07
5.33542 1.154590881869559508e-07
5.33771 1.154052233111846798e-07
5.34 1.153504124466015720e-07
5.34287 1.152804569044939522e-07
5.34516 1.152233163417762791e-07
5.34803 1.151503762784744920e-07
5.35032 1.150907250115118425e-07
5.35261 1.150298933327208951e-07
5.35548 1.149523204382392880e-07
5.35776 1.148889884303852360e-07
5.36006 1.148244231137134408e-07
5.36293 1.147420240582049050e-07
5.36523 1.146747809172287601e-07
5.36754 1.146061724921162849e-07
5.37043 1.145189722120378096e-07
5.37272 1.144485821563950388e-07
5.37502 1.143772711208163817e-07
5.37788 1.142870600600211009e-07
5.38017 1.142140530678895847e-07
5.38303 1.141215879020436659e-07
5.38533 1.140466520215433536e-07
5.38763 1.139710540202031975e-07
5.39049 1.138759326887417444e-07
5.39278 1.137990840007945689e-07
5.39507 1.137215619241313550e-07
5.39794 1.136237843624596880e-07
5.40023 1.135447131786249613e-07
5.40254 1.134648887147573122e-07
5.40541 1.133643504396820520e-07
5.40772 1.132833367749575478e-07
5.41002 1.132018218733789634e-07
5.41289 1.130995967662625230e-07
5.41518 1.130173687565213064e-07
5.41804 1.129140181111222923e-07
5.42033 1.128308647045561782e-07
5.42263 1.127471880654292096e-07
5.4255 1.126416954384708163e-07
5.42779 1.125567699376885699e-07
5.43011 1.124707676705057657e-07
5.433 1.123625820698258533e-07
5.43531 1.122756438877625474e-07
5.43762 1.121882862383049544e-07
5.4405 1.120785061740895851e-07
5.44281 1.119902547949531866e-07
5.44511 1.119015639663867664e-07
5.44798 1.117905329843405164e-07
5.45028 1.117012720215181403e-07
5.45257 1.116116479843769810e-07
5.45544 1.114991128581596058e-07
5.45773 1.114087922777822598e-07
5.46003 1.113182787231595740e-07
5.46289 1.112048316922876821e-07
5.46519 1.111137883380483182e-07
5.46806 1.109999048567761395e-07
5.47037 1.109085173196575013e-07
5.47267 1.108171943406083805e-07
5.47555 1.107030474805502796e-07
5.47786 1.106117915649474121e-07
5.48017 1.105207649047551771e-07
5.48304 1.104075382321316656e-07
5.48534 1.103172149310740374e-07
5.48764 1.102274003482922784e-07
5.49051 1.101155417344302475e-07
5.4928 1.100263710198486731e-07
5.4951 1.099375434937150551e-07
5.49796 1.098271199331473356e-07
5.50026 1.097393130999971873e-07
5.50255 1.096519242146641922e-07
5.50542 1.095431644389577680e-07
5.50771 1.094566361081270927e-07
5.51002 1.093702357395569316e-07
5.5129 1.092627073992647950e-07
5.51521 1.091769292531819259e-07
5.51753 1.090913391434640807e-07
5.52042 1.089850647723600712e-07
5.52272 1.089009424880185271e-07
5.52503 1.088172114639725129e-07
5.5279 1.087133686581706730e-07
5.53019 1.086307893711006230e-07
5.53306 1.085281243263522297e-07
5.53535 1.084464634472751811e-07
5.53765 1.083651842411291807e-07
5.54053 1.082640209966117682e-07
5.54283 1.081836041361650104e-07
5.54513 1.081034589701732528e-07
5.54801 1.080039055773423734e-07
5.55033 1.079245645603902897e-07
5.55264 1.078456731721212804e-07
5.55554 1.077477992640190234e-07
5.55786 1.076701109262390107e-07
5.56018 1.075930701811363862e-07
5.56307 1.074979417048922675e-07
5.56538 1.074226435861967319e-07
5.56769 1.073483380171509064e-07
5.57057 1.072566490657753404e-07
5.57287 1.071842714639265420e-07
5.57517 1.071127361497735267e-07
5.57804 1.070243930542530051e-07
5.58034 1.069546019825948554e-07
5.58263 1.068855963776569968e-07
5.58551 1.068002953054265430e-07
5.58782 1.067329569755906510e-07
5.59012 1.066662851454545477e-07
5.59302 1.065839173970313019e-07
5.59534 1.065189411951890152e-07
5.59766 1.064547114823605075e-07
5.60056 1.063755794903154445e-07
5.60287 1.063133909689138207e-07
5.60518 1.062519879229038687e-07
5.60807 1.061764248076405817e-07
5.61037 1.061168758945078798e-07
5.61268 1.060580994353020612e-07
5.61555 1.059857809356848345e-07
5.61785 1.059287051571292807e-07
5.62015 1.058723306836044543e-07
5.62302 1.058027883081633941e-07
5.62532 1.057479223899719936e-07
5.62762 1.056937018912670664e-07
5.63049 1.056267792912206765e-07
5.63279 1.055739172784050717e-07
5.63509 1.055216903630565959e-07
5.63797 1.054570359319859551e-07
5.64027 1.054059869909673632e-07
5.64258 1.053555240598643590e-07
5.64546 1.052933001810685704e-07
5.64777 1.052442096952959578e-07
5.65008 1.051957399494582530e-07
5.65296 1.051360410458257521e-07
5.65527 1.050889686346652291e-07
5.65759 1.050425686268528249e-07
5.66047 1.049856931973467613e-07
5.66277 1.049410069120545928e-07
5.66507 1.048970599803848300e-07
5.66794 1.048431735396796044e-07
5.67024 1.048008734873729664e-07
5.67254 1.047592884130543770e-07
5.67542 1.047083374336498516e-07
5.67773 1.046682800915556634e-07
5.68004 1.046289475147018829e-07
5.68292 1.045807567901521076e-07
5.68522 1.045429816035364081e-07
5.68753 1.045058766668321237e-07
5.69041 1.044604297202477370e-07
5.69272 1.044248283230544702e-07
5.69503 1.043898002234153684e-07
5.69792 1.043468977703480219e-07
5.70024 1.043131434646077145e-07
5.70256 1.042799218868519754e-07
5.70546 1.042391695066792161e-07
5.70778 1.042071723158837488e-07
5.7101 1.041757004387397762e-07
5.713 1.041371816581782128e-07
5.71531 1.041069242747636272e-07
5.71762 1.040772143470522104e-07
5.7205 1.040407184727245957e-07
5.72281 1.040120195836416413e-07
5.72511 1.039837517524269208e-07
5.72799 1.039489669463747140e-07
5.73029 1.039216167869232731e-07
5.73259 1.038946715777418265e-07
5.73547 1.038615062206637049e-07
5.73778 1.038353994707561044e-07
5.74009 1.038096442835482299e-07
5.74298 1.037779432609107345e-07
5.74529 1.037529826610404769e-07
5.7476 1.037283420508851840e-07
5.7505 1.036980677750094029e-07
5.75282 1.036742434039608921e-07
5.75514 1.036508063942064376e-07
5.75804 1.036220217835945832e-07
5.76037 1.035994277285995173e-07
5.7627 1.035772490336384361e-07
5.76502 1.035554911146355573e-07
5.76793 1.035288979295481809e-07
5.77025 1.035081855527419498e-07
5.77256 1.034879017201968092e-07
5.77546 1.034631837997933045e-07
5.77777 1.034438948211039542e-07
5.78008 1.034250134057007590e-07
5.78296 1.034019841270139370e-07
5.78527 1.033839818069362390e-07
5.78757 1.033663701716082591e-07
5.79045 1.033448592745039309e-07
5.79276 1.033280324509431299e-07
5.79506 1.033115163073434268e-07
5.79794 1.032912677928708125e-07
5.80024 1.032753704188299417e-07
5.80255 1.032597417174376736e-07
5.80543 1.032405558766569633e-07
5.80773 1.032254798872408899e-07
5.81004 1.032106181133699478e-07
5.81292 1.031923450559221435e-07
5.81523 1.031779487288350010e-07
5.81754 1.031637590766703874e-07
5.82043 1.031463365617405019e-07
5.82275 1.031326330740467268e-07
5.82506 1.031191002407522843e-07
5.82795 1.031024010994937650e-07
5.83026 1.030892007306365930e-07
5.83257 1.030761294321841691e-07
5.83547 1.030599687105555055e-07
5.83778 1.030471923246815372e-07
5.8401 1.030345338429950709e-07
5.84299 1.030188842459328468e-07
5.84531 1.030064896114368770e-07
5.84763 1.029942076814634556e-07
5.85052 1.029790357433013549e-07
5.85284 1.029670368902485249e-07
5.85515 1.029551573832491476e-07
5.85803 1.029404915507018340e-07
5.86034 1.029288941563626732e-07
5.86265 1.029174319528868890e-07
5.86553 1.029032870046838810e-07
5.86784 1.028921295542569460e-07
5.87014 1.028811267310601346e-07
5.87303 1.028675994020158720e-07
5.87534 1.028569673464836895e-07
5.87765 1.028465227523378873e-07
5.88054 1.028337264026205330e-07
5.88285 1.028237091415147057e-07
5.88516 1.028138897105897875e-07
5.88805 1.028018846837455876e-07
5.89036 1.027924870031516024e-07
5.89268 1.027832657079529792e-07
5.89557 1.027719778639027578e-07
5.89788 1.027631259009380134e-07
5.9002 1.027544384668691639e-07
5.90251 1.027459002168003926e-07
5.90541 1.027354325542786988e-07
5.90773 1.027272041915122728e-07
5.91005 1.027190945824478116e-07
5.91296 1.027091247095164699e-07
5.91528 1.027012714657405942e-07
5.91761 1.026935199742668070e-07
5.92052 1.026839555845993534e-07
5.92284 1.026763994914426832e-07
5.92517 1.026689154567328049e-07
5.9275 1.026614970814595803e-07
5.93041 1.026523110195136554e-07
5.93275 1.026450196540296806e-07
5.93509 1.026377889272437058e-07
5.938 1.026288436257820370e-07
5.94033 1.026217408698834747e-07
5.94266 1.026146823783372654e-07
5.94556 1.026059084209181434e-07
5.94789 1.025989183692519677e-07
5.95021 1.025919597703346498e-07
5.95252 1.025850209164426732e-07
5.95542 1.025763849590674622e-07
5.95774 1.025694987883913906e-07
5.96005 1.025626338404427749e-07
5.96294 1.025540813981816874e-07
5.96525 1.025472604148846936e-07
5.96756 1.025404628524154168e-07
5.97045 1.025320082030332652e-07
5.97277 1.025253255675779059e-07
5.97508 1.025187571616870471e-07
5.97796 1.025107448636569697e-07
5.98027 1.025045089815582491e-07
5.98258 1.024984349727469651e-07
5.98547 1.024910779205871997e-07
5.98778 1.024853843611659392e-07
5.99009 1.024798663353085855e-07
5.99298 1.024732242303351772e-07
5.99529 1.024681199455775905e-07
5.9976 1.024632069057181843e-07
6.00049 1.024573359979113790e-07
6.0028 1.024528534460956130e-07
6.00511 1.024485581216669832e-07
6.008 1.024434375034414800e-07
6.01032 1.024395328350490118e-07
6.01263 1.024357850366808602e-07
6.01553 1.024313080389383211e-07
6.01785 1.024278787940268992e-07
6.02017 1.024245743209758914e-07
6.02306 1.024206088030775044e-07
6.02538 1.024175593143875406e-07
6.0277 1.024146140457109505e-07
6.03002 1.024117698125190678e-07
6.03292 1.024083540562148635e-07
6.03524 1.024057326155935338e-07
6.03756 1.024032116652793355e-07
6.04046 1.024002063848903120e-07
6.04279 1.023979225752418556e-07
6.04511 1.023957524586271138e-07
6.04802 1.023932047109376569e-07
6.05034 1.023913058577176340e-07
6.05267 1.023895336182275428e-07
6.055 1.023878906056165414e-07
6.05791 1.023860207056340788e-07
6.06025 1.023846683843786281e-07
6.06258 1.023834427829324183e-07
6.0655 1.023820841662537047e-07
6.06783 1.023811298391785697e-07
6.07016 1.023802896682042251e-07
6.07307 1.023794160755923106e-07
6.0754 1.023788825149189273e-07
6.07772 1.023784848921833907e-07
6.08005 1.023782146367930441e-07
6.08295 1.023780498611701499e-07
6.08527 1.023780554298560980e-07
6.08759 1.023781856213108310e-07
6.09049 1.023785311668613605e-07
6.09281 1.023789627508050952e-07
6.09512 1.023795417100994803e-07
6.09802 1.023804886199303952e-07
6.10034 1.023814374725725910e-07
6.10265 1.023825693530154822e-07
6.10554 1.023842595794884045e-07
6.10786 1.023858474273567377e-07
6.11017 1.023876581621247070e-07
6.11306 1.023902513724040601e-07
6.11538 1.023926028461426044e-07
6.11769 1.023952101451428332e-07
6.12 1.023980807489530705e-07
6.12289 1.024020464908454426e-07
6.12521 1.024055232113226244e-07
6.12752 1.024092684474438244e-07
6.13041 1.024142944501725616e-07
6.13272 1.024183856393881320e-07
6.13504 1.024224676869643953e-07
6.13793 1.024275517959755299e-07
6.14025 1.024316106145093289e-07
6.14256 1.024356733196406244e-07
6.14546 1.024407836463321210e-07
6.14777 1.024449222772944168e-07
6.15009 1.024491290898891194e-07
6.15299 1.024545238218160254e-07
6.1553 1.024589754162494800e-07
6.15762 1.024635758647830822e-07
6.16052 1.024695674712477543e-07
6.16284 1.024745785967126626e-07
6.16517 1.024797996939411394e-07
6.16807 1.024866367489137090e-07
6.17039 1.024923654863337235e-07
6.17271 1.024983314907893047e-07
6.17503 1.025045349472108133e-07
6.17793 1.025126283248427734e-07
6.18025 1.025193723037919722e-07
6.18257 1.025263523688713018e-07
6.18547 1.025354049458971847e-07
6.18778 1.025428996916220665e-07
6.1901 1.025506150878189955e-07
6.19299 1.025605554740956975e-07
6.19531 1.025687384832181212e-07
6.19763 1.025771181821577545e-07
6.20052 1.025878595482043126e-07
6.20283 1.025966593296788775e-07
6.20515 1.026056345749657478e-07
6.20804 1.026170942098172693e-07
6.21035 1.026264442833044674e-07
6.21267 1.026359516388150312e-07
6.21556 1.026480452278066771e-07
6.21787 1.026578792676710434e-07
6.22018 1.026678398494445972e-07
6.22308 1.026803883960852801e-07
6.22539 1.026905205073089122e-07
6.2277 1.027007664200594534e-07
6.23001 1.027111605810153519e-07
6.2329 1.027244133862398141e-07
6.23522 1.027352611642065022e-07
6.23753 1.027463549882240480e-07
6.24042 1.027606013949384138e-07
6.24273 1.027723257491787412e-07
6.24504 1.027843733418769026e-07
6.24793 1.027998820146339263e-07
6.25025 1.028126422964299073e-07
6.25256 1.028257322256222117e-07
6.25545 1.028425688098664893e-07
6.25776 1.028564104315159683e-07
6.26008 1.028705564832544773e-07
6.26297 1.028886492270716392e-07
6.26528 1.029034439473510799e-07
6.2676 1.029185272447071713e-07
6.27049 1.029378110065591793e-07
6.27281 1.029536336956006637e-07
6.27512 1.029698082789121139e-07
6.27801 1.029905081477002196e-07
6.28033 1.030074389404233766e-07
6.28264 1.030246655293728546e-07
6.28554 1.030465699530215392e-07
6.28786 1.030643386287832592e-07
6.29017 1.030822734606650827e-07
6.29307 1.031049248088699420e-07
6.29539 1.031232051162040717e-07
6.29771 1.031416008154893903e-07
6.30002 1.031600788836116518e-07
6.30292 1.031831741749647145e-07
6.30524 1.032016214007695642e-07
6.30756 1.032200682329213705e-07
6.31045 1.032431732397601524e-07
6.31277 1.032617360551649236e-07
6.31509 1.032804003080928200e-07
6.31799 1.033039219445492443e-07
6.3203 1.033229933355946581e-07
6.32262 1.033424405118330069e-07
6.32552 1.033672954933105457e-07
6.32784 1.033876109358601018e-07
6.33016 1.034082978039969376e-07
6.33305 1.034346571602819263e-07
6.33537 1.034561213626009732e-07
6.33769 1.034779078242373074e-07
6.34001 1.034999941832775068e-07
6.34291 1.035280061696262697e-07
6.34523 1.035507192289388956e-07
6.34755 1.035736858466018939e-07
6.35045 1.036027352292341374e-07
6.35277 1.036262233375115598e-07
6.35509 1.036499310645089369e-07
6.35799 1.036798391100930785e-07
6.36032 1.037039825426345326e-07
6.36264 1.037283023642502511e-07
6.36555 1.037589406687215570e-07
6.36787 1.037836367064226999e-07
6.3702 1.038084813513108820e-07
6.37252 1.038334729752935405e-07
6.37543 1.038649052359192264e-07
6.37775 1.038901839340411920e-07
6.38007 1.039155852817345194e-07
6.38298 1.039475031893153007e-07
6.3853 1.039731645280528992e-07
6.38762 1.039989481701153446e-07
6.39052 1.040313288119054311e-07
6.39284 1.040573724302667202e-07
6.39516 1.040835294842544199e-07
6.39806 1.041163971087014999e-07
6.40038 1.041428243833541467e-07
6.4027 1.041693668327973298e-07
6.40501 1.041960274113475954e-07
6.40791 1.042294982104371497e-07
6.41023 1.042564004168035116e-07
6.41254 1.042834010935111208e-07
6.41544 1.043172871730548952e-07
6.41775 1.043444906424059356e-07
6.42007 1.043717515220437694e-07
6.42296 1.044058400966298402e-07
6.42528 1.044331048023462943e-07
6.42759 1.044603637990761688e-07
6.43048 1.044944197588478644e-07
6.4328 1.045216535076822463e-07
6.43511 1.045488894421290297e-07
6.438 1.045829579833525442e-07
6.44032 1.046102414273696620e-07
6.44263 1.046375552192628436e-07
6.44552 1.046717461891286839e-07
6.44784 1.046991379338879280e-07
6.45015 1.047265599110447462e-07
6.45304 1.047608722983073153e-07
6.45536 1.047883413701041554e-07
6.45767 1.048158210035369080e-07
6.46056 1.048501783491644638e-07
6.46288 1.048776560853956026e-07
6.46519 1.049051175758633294e-07
6.46751 1.049325381769458930e-07
6.4704 1.049667343369697481e-07
6.47272 1.049940150893293207e-07
6.47503 1.050212281809593689e-07
6.47793 1.050551682407773976e-07
6.48024 1.050822858050790372e-07
6.48256 1.051094090239988850e-07
6.48546 1.051433144794167618e-07
6.48777 1.051704555821906039e-07
6.49009 1.051976059231499185e-07
6.49299 1.052315557990872422e-07
6.49531 1.052587226458024172e-07
6.49763 1.052858798955836897e-07
6.50053 1.053198223725918426e-07
6.50285 1.053469419101656824e-07
6.50518 1.053740381985854253e-07
6.5075 1.054010924847586976e-07
6.51041 1.054348443087062207e-07
6.51273 1.054617897336370043e-07
6.51506 1.054886665729750188e-07
6.51796 1.055221505770055257e-07
6.52029 1.055488488100606264e-07
6.52261 1.055754532648105899e-07
6.52552 1.056085701886997813e-07
6.52784 1.056349438427323336e-07
6.53016 1.056612053785071924e-07
6.53307 1.056938725676004760e-07
6.53539 1.057198751769534077e-07
6.53772 1.057457608884010858e-07
6.54004 1.057715298964303482e-07
6.54294 1.058035743453211470e-07
6.54527 1.058290772419958462e-07
6.54759 1.058544618040504134e-07
6.5505 1.058860257993558159e-07
6.55282 1.059111513023504550e-07
6.55515 1.059361639461137383e-07
6.55805 1.059672697534618213e-07
6.56038 1.059920327700816955e-07
6.5627 1.060166799485224391e-07
6.56502 1.060412129787745006e-07
6.56792 1.060717313427958902e-07
6.57024 1.060960179677317753e-07
6.57256 1.061202054605196001e-07
6.57546 1.061502851511453358e-07
6.57778 1.061742347691141715e-07
6.5801 1.061980783976754183e-07
6.583 1.062277327946680310e-07
6.58531 1.062513378471709685e-07
6.58763 1.062748298149680837e-07
6.59053 1.063040435552313218e-07
6.59284 1.063272831318339192e-07
6.59516 1.063504103875220346e-07
6.59805 1.063791542832353556e-07
6.60037 1.064020153447824487e-07
6.60268 1.064247556537199908e-07
6.60558 1.064530055332956083e-07
6.60789 1.064754626151604446e-07
6.61021 1.064977891613033899e-07
6.61252 1.065199803173054346e-07
6.61541 1.065475239079118247e-07
6.61773 1.065693952724121847e-07
6.62005 1.065911152198501923e-07
6.62294 1.066180455710315363e-07
6.62526 1.066394008694972814e-07
6.62757 1.066605888006674149e-07
6.63047 1.066868163750560001e-07
6.63279 1.067075927356900766e-07
6.63511 1.067281748871720490e-07
6.638 1.067536233821429639e-07
6.64032 1.067737541864388419e-07
6.64264 1.067936689129357998e-07
6.64554 1.068182681168823312e-07
6.64787 1.068376893298564576e-07
6.65019 1.068568869359766728e-07
6.65251 1.068758452302865437e-07
6.65542 1.068991973198003430e-07
6.65774 1.069175816214563013e-07
6.66007 1.069356620086346442e-07
6.66298 1.069578302934541305e-07
6.66531 1.069751860420428275e-07
6.66763 1.069921893141804485e-07
6.67054 1.070129739986400142e-07
6.67287 1.070292381738673708e-07
6.67519 1.070451984835809235e-07
6.67751 1.070608816374458677e-07
6.68041 1.070800115166279370e-07
6.68273 1.070948338745493255e-07
6.68505 1.071091942840583871e-07
6.68795 1.071265589245773727e-07
6.69027 1.071400191573528156e-07
6.69258 1.071531221007483876e-07
6.69548 1.071690320614574502e-07
6.69779 1.071813993365132232e-07
6.70011 1.071934715656728356e-07
6.703 1.072081876559708947e-07
6.70531 1.072196917866114077e-07
6.70762 1.072309758992488139e-07
6.71051 1.072447998341898008e-07
6.71283 1.072556563960771727e-07
6.71514 1.072663485910966690e-07
6.71803 1.072795071732514078e-07
6.72034 1.072898832400145171e-07
6.72265 1.073001442983346465e-07
6.72554 1.073128375741561685e-07
6.72785 1.073228905604516834e-07
6.73016 1.073328566834648296e-07
6.73305 1.073451967177838282e-07
6.73537 1.073549746994251568e-07
6.73768 1.073646659063098461e-07
6.74057 1.073765979959798031e-07
6.74288 1.073860073744565422e-07
6.7452 1.073953030059491132e-07
6.74751 1.074044940433523428e-07
6.75041 1.074158676006672151e-07
6.75272 1.074248771777781747e-07
6.75504 1.074338161238887746e-07
6.75794 1.074448796705703266e-07
6.76025 1.074536409816262129e-07
6.76257 1.074623045043508302e-07
6.76547 1.074730597839488197e-07
6.76779 1.074816410374330368e-07
6.77011 1.074901937824959754e-07
6.77301 1.075008431685060781e-07
6.77533 1.075093168944559875e-07
6.77765 1.075177427282687777e-07
6.78055 1.075281940523293753e-07
6.78287 1.075364369537137667e-07
6.78519 1.075445144106846508e-07
6.78751 1.075524170212779703e-07
6.79042 1.075620389545160279e-07
6.79274 1.075695136622277720e-07
6.79506 1.075767785609389929e-07
6.79797 1.075855338874844562e-07
6.80029 1.075922438699332998e-07
6.80261 1.075986563480206842e-07
6.80551 1.076062786557706249e-07
6.80783 1.076122492727227989e-07
6.81015 1.076181401054859193e-07
6.81305 1.076253784008387619e-07
6.81536 1.076310523765297125e-07
6.81768 1.076366702012189436e-07
6.82057 1.076436194122371598e-07
6.82289 1.076490731695742888e-07
6.8252 1.076544099551074894e-07
6.82752 1.076596169209790253e-07
6.83041 1.076659205046720440e-07
6.83272 1.076707846609340473e-07
6.83503 1.076754764427888646e-07
6.83792 1.076810799938732342e-07
6.84024 1.076853384302419116e-07
6.84255 1.076893859274483488e-07
6.84544 1.076941387935855478e-07
6.84775 1.076976934403643434e-07
6.85007 1.077010285109457338e-07
6.85296 1.077048950399801406e-07
6.85527 1.077077522011526707e-07
6.85759 1.077104084924992875e-07
6.86048 1.077134612132159519e-07
6.8628 1.077156971962768395e-07
6.86511 1.077177530891600937e-07
6.86801 1.077200557083165473e-07
6.87033 1.077215830449789577e-07
6.87265 1.077227782534555710e-07
6.87554 1.077238263440524712e-07
6.87787 1.077243236192864865e-07
6.88019 1.077245296312070387e-07
6.88251 1.077244553032571331e-07
6.88542 1.077239838652813425e-07
6.88774 1.077233164508177477e-07
6.89006 1.077224007606612476e-07
6.89296 1.077209203640367248e-07
6.89528 1.077194801003705926e-07
6.8976 1.077178317938138617e-07
6.90049 1.077155018638424745e-07
6.90281 1.077134365536990979e-07
6.90512 1.077112192726152556e-07
6.90802 1.077083299218347210e-07
6.91033 1.077059571729773772e-07
6.91264 1.077035490859573812e-07
6.91553 1.077005117019183949e-07
6.91784 1.076980778488490163e-07
6.92016 1.076956546983340792e-07
6.92304 1.076926620730472231e-07
6.92535 1.076903119563242420e-07
6.92767 1.076880136497087991e-07
6.93055 1.076852299187464603e-07
6.93286 1.076830859824797254e-07
6.93517 1.076810250478480785e-07
6.93806 1.076785761252174941e-07
6.94037 1.076767255938503659e-07
6.94268 1.076749778484858327e-07
6.94557 1.076729435229791644e-07
6.94788 1.076714376436448737e-07
6.9502 1.076700283494660671e-07
6.95251 1.076687427472165995e-07
6.9554 1.076673503885520715e-07
6.95771 1.076664522243370512e-07
6.96003 1.076657590272461303e-07
6.96292 1.076651721196294478e-07
6.96524 1.076649182383107066e-07
6.96755 1.076648456607958778e-07
6.97045 1.076649909582178487e-07
6.97277 1.076652776979212843e-07
6.97508 1.076656978203711480e-07
6.97798 1.076663194157843848e-07
6.9803 1.076667430751227181e-07
6.98261 1.076670779913575365e-07
6.98551 1.076673539306994643e-07
6.98783 1.076674452471801158e-07
6.99014 1.076674155161019960e-07
6.99304 1.076672035495845850e-07
6.99536 1.076668911901721668e-07
6.99768 1.076664488147120394e-07
7 1.076658732690851970e-07
7.0029 1.076649605317757203e-07
7.00523 1.076640701000671154e-07
7.00755 1.076630324043593540e-07
7.01046 1.076615193297634826e-07
7.01278 1.076601302283371673e-07
7.0151 1.076585779632311493e-07
7.018 1.076563978157289443e-07
7.02032 1.076544546394250774e-07
7.02264 1.076523274631731915e-07
7.02554 1.076493974982290387e-07
7.02785 1.076468290136621380e-07
7.03017 1.076440509616286604e-07
7.03306 1.076402743934247590e-07
7.03538 1.076370002690559654e-07
7.03769 1.076334958000064893e-07
7.04 1.076297569671384141e-07
7.04289 1.076247485069839588e-07
7.04521 1.076204728234000515e-07
7.04752 1.076159572333987161e-07
7.05041 1.076099791578142011e-07
7.05272 1.076049345121447356e-07
7.05503 1.075996634835509056e-07
7.05792 1.075927707324570922e-07
7.06023 1.075870273758846887e-07
7.06255 1.075810925452292105e-07
7.06544 1.075734210212859363e-07
7.06775 1.075670894243926149e-07
7.07006 1.075605740596064986e-07
7.07296 1.075520834796585378e-07
7.07527 1.075450204427062905e-07
7.07759 1.075377305556222796e-07
7.08048 1.075283153792331275e-07
7.0828 1.075205579745937746e-07
7.08512 1.075126035254723543e-07
7.08801 1.075024095352787852e-07
7.09034 1.074940628802390305e-07
7.09266 1.074855726920418094e-07
7.09556 1.074747750062327387e-07
7.09788 1.074659989425639538e-07
7.10021 1.074571159223240657e-07
7.10253 1.074481215076010630e-07
7.10544 1.074367518896977399e-07
7.10777 1.074275685912211311e-07
7.1101 1.074183126959100764e-07
7.113 1.074066515890011101e-07
7.11533 1.073972586803272034e-07
7.11765 1.073878172232812000e-07
7.12056 1.073759743028501516e-07
7.12288 1.073664675981693966e-07
7.1252 1.073569363507106360e-07
7.12753 1.073473823138947378e-07
7.13043 1.073354108464585328e-07
7.13275 1.073258134021320293e-07
7.13508 1.073162005168142713e-07
7.13798 1.073041751279405866e-07
7.1403 1.072945426573663638e-07
7.14262 1.072849090815912410e-07
7.14552 1.072728615839646664e-07
7.14784 1.072632280566443280e-07
7.15015 1.072536124837517104e-07
7.15305 1.072416181623464564e-07
7.15537 1.072320470709330821e-07
7.15768 1.072224919236633429e-07
7.16058 1.072105680698135152e-07
7.16289 1.072010296190919946e-07
7.16521 1.071915119362345271e-07
7.16752 1.071820421841873475e-07
7.17041 1.071702622076410184e-07
7.17273 1.071608692323320091e-07
7.17504 1.071515004864391946e-07
7.17793 1.071398218908878177e-07
7.18025 1.071305054564338276e-07
7.18256 1.071212092497824861e-07
7.18546 1.071096151143074310e-07
7.18778 1.071003591912869640e-07
7.19009 1.070911159019395778e-07
7.19299 1.070795829824015267e-07
7.19531 1.070703638986248093e-07
7.19763 1.070611554369219096e-07
7.20053 1.070496491014705961e-07
7.20285 1.070404458807809738e-07
7.20517 1.070312415959280859e-07
7.20808 1.070197234807867030e-07
7.2104 1.070105027227019552e-07
7.21273 1.070012599181829666e-07
7.21506 1.069920037818391974e-07
7.21796 1.069804182489626932e-07
7.22029 1.069711302199420778e-07
7.22261 1.069618192524312175e-07
7.22551 1.069501498186613927e-07
7.22783 1.069407747380175225e-07
7.23015 1.069313712622654108e-07
7.23305 1.069195545251562358e-07
7.23536 1.069100529452700277e-07
7.23768 1.069004997950420464e-07
7.24057 1.068884794100642151e-07
7.24289 1.068787959615796590e-07
7.2452 1.068690438096380435e-07
7.24751 1.068592242230194036e-07
7.2504 1.068468399016955191e-07
7.25272 1.068368421360063085e-07
7.25503 1.068267578174820187e-07
7.25792 1.068140241039926442e-07
7.26023 1.068037301811747040e-07
7.26254 1.067933361466077679e-07
7.26543 1.067801978805320884e-07
7.26774 1.067695669080472680e-07
7.27005 1.067588246471603364e-07
7.27294 1.067452383928893872e-07
7.27525 1.067342389659640339e-07
7.27757 1.067231218688613943e-07
7.28046 1.067090599538437971e-07
7.28277 1.066976737254594054e-07
7.28508 1.066861703820518694e-07
7.28798 1.066716191278360370e-07
7.29029 1.066598468043029151e-07
7.29261 1.066479559382479918e-07
7.29551 1.066329301131739351e-07
7.29782 1.066207855894016823e-07
7.30014 1.066085283165844738e-07
7.30304 1.065930687387143893e-07
7.30536 1.065805969133790629e-07
7.30768 1.065680397824442905e-07
7.31 1.065554043598945849e-07
7.3129 1.065395101166829003e-07
7.31522 1.065267198645631259e-07
7.31754 1.065138635591378861e-07
7.32044 1.064976605117351297e-07
7.32276 1.064845722237163563e-07
7.32509 1.064713872579341472e-07
7.32799 1.064547780069394611e-07
7.33031 1.064413989694674118e-07
7.33263 1.064279506881823958e-07
7.33554 1.064110587634982116e-07
7.33786 1.063974820504979449e-07
7.34017 1.063838725195100232e-07
7.34307 1.063668050072131303e-07
7.34539 1.063531254836058409e-07
7.34771 1.063394264188131978e-07
7.35002 1.063257170496787481e-07
7.35292 1.063085877735529978e-07
7.35523 1.062948916130873986e-07
7.35754 1.062812154003950513e-07
7.36044 1.062641476477551139e-07
7.36275 1.062505250375934667e-07
7.36506 1.062369345536528016e-07
7.36795 1.062199985949724463e-07
7.37027 1.062064976143348859e-07
7.37258 1.061930433232305790e-07
7.37547 1.061762955636617627e-07
7.37779 1.061629599545784898e-07
7.3801 1.061496810684015916e-07
7.38299 1.061331709208458561e-07
7.38531 1.061200355162950442e-07
7.38762 1.061069680337189670e-07
7.39051 1.060907364145103317e-07
7.39283 1.060778314883617702e-07
7.39515 1.060650073045245335e-07
7.39805 1.060490831615804770e-07
7.40036 1.060364387005300473e-07
7.40268 1.060238794876979681e-07
7.40501 1.060114007961946822e-07
7.40791 1.059959253479569633e-07
7.41023 1.059836378212983638e-07
7.41256 1.059714452376109556e-07
7.41546 1.059563453680566672e-07
7.41778 1.059443748766126669e-07
7.4201 1.059325093404088090e-07
7.423 1.059178241335093656e-07
7.42532 1.059061888005520168e-07
7.42764 1.058946609549850138e-07
7.43054 1.058803874026366020e-07
7.43285 1.058690883442945887e-07
7.43517 1.058578853576560096e-07
7.43806 1.058440224163408126e-07
7.44037 1.058330421013807371e-07
7.44268 1.058221573833633863e-07
7.44557 1.058086884745654267e-07
7.44788 1.057980173631469938e-07
7.45019 1.057874418825386406e-07
7.4525 1.057769571513609870e-07
7.45539 1.057639789351057982e-07
7.4577 1.057536969547285188e-07
7.46001 1.057435025631574027e-07
7.4629 1.057308809487389167e-07
7.46521 1.057208792513846966e-07
7.46752 1.057109590820978177e-07
7.47041 1.056986738373403003e-07
7.47272 1.056889327727482032e-07
7.47503 1.056792686254284775e-07
7.47792 1.056672920958605744e-07
7.48023 1.056577900486480517e-07
7.48255 1.056483585069575130e-07
7.48544 1.056366561358877663e-07
7.48775 1.056273671550592191e-07
7.49007 1.056181340246497932e-07
7.49297 1.056066725560329670e-07
7.49528 1.055975640619160408e-07
7.4976 1.055885060070552962e-07
7.5005 1.055772513352162439e-07
7.50281 1.055682970838589234e-07
7.50513 1.055593847157300712e-07
7.50803 1.055482949909945554e-07
7.51035 1.055394623913376238e-07
7.51267 1.055306596392337963e-07
7.51557 1.055196946925041967e-07
7.51789 1.055109514492556396e-07
7.52021 1.055022275984663282e-07
7.52253 1.054935263742106520e-07
7.52543 1.054826700441527038e-07
7.52776 1.054740044240601331e-07
7.53008 1.054653529309047648e-07
7.53299 1.054545569210185002e-07
7.53532 1.054459397908901944e-07
7.53764 1.054373459648588704e-07
7.54054 1.054266205092421698e-07
7.54286 1.054180633866900370e-07
7.54518 1.054095155551072670e-07
7.54808 1.053988485711524974e-07
7.55039 1.053903255643488901e-07
7.55271 1.053818087266648160e-07
7.55502 1.053732998500493765e-07
7.55792 1.053626646735031344e-07
7.56023 1.053541600877790464e-07
7.56254 1.053456519700436780e-07
7.56543 1.053350113517288532e-07
7.56775 1.053264914497660319e-07
7.57006 1.053179620883120637e-07
7.57295 1.053072851409918033e-07
7.57526 1.052987281308433381e-07
7.57757 1.052901554009020223e-07
7.58046 1.052794151764340471e-07
7.58278 1.052708004679113159e-07
7.58509 1.052621649889450383e-07
7.58798 1.052513384752815844e-07
7.59029 1.052426495870652169e-07
7.59261 1.052339370856527898e-07
7.5955 1.052230056080620766e-07
7.59781 1.052142327094507351e-07
7.60013 1.052054296289927989e-07
7.60303 1.051943889365083198e-07
7.60534 1.051855246666650568e-07
7.60766 1.051766323390906132e-07
7.61056 1.051654823876357647e-07
7.61289 1.051565294237206006e-07
7.61521 1.051475560435536669e-07
7.61753 1.051385539829434128e-07
7.62044 1.051272723346922905e-07
7.62276 1.051182280866928777e-07
7.62509 1.051091684496499471e-07
7.628 1.050978260282349929e-07
7.63032 1.050887419165846050e-07
7.63264 1.050796476291163196e-07
7.63555 1.050682697228124368e-07
7.63787 1.050591601776851844e-07
7.6402 1.050500455385800187e-07
7.64252 1.050409272981718836e-07
7.64543 1.050295259010369413e-07
7.64775 1.050204014517133887e-07
7.65008 1.050112735058562792e-07
7.65298 1.049998528431939223e-07
7.6553 1.049906814997564909e-07
7.65762 1.049814809712781484e-07
7.66052 1.049699377711785687e-07
7.66284 1.049606652258317009e-07
7.66515 1.049513616816598862e-07
7.66805 1.049396784969435581e-07
7.67037 1.049302923364051844e-07
7.67268 1.049208642118730891e-07
7.67558 1.049090194920796542e-07
7.67789 1.048994927040517772e-07
7.68021 1.048899170906608463e-07
7.68252 1.048802907369410343e-07
7.68542 1.048681809031165878e-07
7.68773 1.048584272797953498e-07
7.69005 1.048486132723421497e-07
7.69294 1.048362551832028091e-07
7.69526 1.048262926506985341e-07
7.69757 1.048162583640782922e-07
7.70047 1.048036058604801112e-07
7.70278 1.047933954988746996e-07
7.7051 1.047830949975389522e-07
7.708 1.047700976263229079e-07
7.71032 1.047595906055301308e-07
7.71264 1.047489876014504478e-07
7.71554 1.047355930249620725e-07
7.71787 1.047247586592853436e-07
7.72019 1.047138225169484396e-07
7.72252 1.047027646789458487e-07
7.72543 1.046887728162283826e-07
7.72775 1.046774458323579735e-07
7.73008 1.046660006414078699e-07
7.73299 1.046515355315974115e-07
7.73531 1.046398387675317159e-07
7.73763 1.046280193886979982e-07
7.74053 1.046130916969873582e-07
7.74285 1.046010084623110332e-07
7.74517 1.045888093047968185e-07
7.74806 1.045733851633883936e-07
7.75038 1.045609067541417379e-07
7.75269 1.045483044579331380e-07
7.75501 1.045355714219871782e-07
7.7579 1.045194816741875584e-07
7.76021 1.045064608659423463e-07
7.76252 1.044933116905039300e-07
7.76541 1.044766886611374946e-07
7.76773 1.044632402327958461e-07
7.77004 1.044496578115077887e-07
7.77292 1.044324875659415546e-07
7.77524 1.044185969974306289e-07
7.77755 1.044045675597072535e-07
7.78044 1.043868316521745556e-07
7.78275 1.043724836266054158e-07
7.78506 1.043579903963669540e-07
7.78795 1.043396681025209967e-07
7.79026 1.043248445951289017e-07
7.79257 1.043098675747402365e-07
7.79547 1.042909374179038881e-07
7.79778 1.042756119967881525e-07
7.8001 1.042601344301631990e-07
7.80299 1.042405590624832533e-07
7.80531 1.042247168457552616e-07
7.80763 1.042087120469643550e-07
7.81053 1.041884636611171612e-07
7.81285 1.041720820963561861e-07
7.81517 1.041555331594790157e-07
7.81807 1.041346121440009160e-07
7.82039 1.041176798584940110e-07
7.82271 1.041005740821778959e-07
7.82504 1.040832914889004587e-07
7.82794 1.040614294914213206e-07
7.83026 1.040437378576764331e-07
7.83259 1.040258627539335545e-07
7.83549 1.040032584155748163e-07
7.83781 1.039849820706657902e-07
7.84013 1.039665212727922315e-07
7.84303 1.039431833581536362e-07
7.84535 1.039243044742322296e-07
7.84767 1.039052258794790326e-07
7.85056 1.038811131884087167e-07
7.85287 1.038615913074971458e-07
7.85519 1.038418691260750298e-07
7.8575 1.038219376884966208e-07
7.8604 1.037967237448113045e-07
7.86271 1.037763105578970349e-07
7.86502 1.037556749152038808e-07
7.86791 1.037295656862389492e-07
7.87023 1.037084201962722440e-07
7.87254 1.036870398092389756e-07
7.87543 1.036599807976445439e-07
7.87774 1.036380594469607378e-07
7.88006 1.036158902018425821e-07
7.88295 1.035878269606969122e-07
7.88527 1.035650827381275597e-07
7.88758 1.035420829282683117e-07
7.89048 1.035129495011958755e-07
7.89279 1.034893423330381522e-07
7.89511 1.034654552821784548e-07
7.89801 1.034351986273454792e-07
7.90033 1.034106750929265926e-07
7.90265 1.033858483868105669e-07
7.90556 1.033544146139745117e-07
7.90788 1.033289165602369597e-07
7.91021 1.033031255092756202e-07
7.91253 1.032770596417102628e-07
7.91543 1.032440835645308673e-07
7.91775 1.032173719430466592e-07
7.92007 1.031903834534077097e-07
7.92297 1.031562154152030965e-07
7.92528 1.031285640163237045e-07
7.9276 1.031006009052383079e-07
7.93049 1.030652251706916301e-07
7.9328 1.030365806560582353e-07
7.93511 1.030076250149204138e-07
7.938 1.029710034879968438e-07
7.94032 1.029413498993053395e-07
7.94263 1.029113925669678230e-07
7.94551 1.028735013250357794e-07
7.94782 1.028428384540368023e-07
7.95013 1.028118630791225259e-07
7.95302 1.027727042051966711e-07
7.95533 1.027410274118267956e-07
7.95764 1.027090418630772335e-07
7.96053 1.026686206066474211e-07
7.96284 1.026359417594353453e-07
7.96515 1.026029517043420581e-07
7.96804 1.025612906878508205e-07
7.97035 1.025276199537717620e-07
7.97266 1.024936473712432591e-07
7.97556 1.024507697743536470e-07
7.97787 1.024161257726690385e-07
7.98019 1.023812010853475923e-07
7.9825 1.023459737237891406e-07
7.9854 1.023015448295455537e-07
7.98772 1.022656932588281708e-07
7.99003 1.022295713406275120e-07
7.99293 1.021840495135630137e-07
7.99525 1.021473301239481583e-07
7.99757 1.021103598415199517e-07
8.00047 1.020637657376818419e-07
8.00279 1.020261824223576283e-07
8.00511 1.019883036550634387e-07
8.00802 1.019405455270978861e-07
8.01034 1.019020205612998172e-07
8.01267 1.018631873569321074e-07
8.01557 1.018142667207097620e-07
8.0179 1.017748526201695212e-07
8.02022 1.017351720251304147e-07
8.02254 1.016952595482416101e-07
8.02545 1.016450418096616529e-07
8.02777 1.016045929826049954e-07
8.03008 1.015639323611490939e-07
8.03298 1.015127524014018637e-07
8.0353 1.014715698789434133e-07
8.03761 1.014301368063361832e-07
8.0405 1.013780175361790207e-07
8.04282 1.013360531909626733e-07
8.04513 1.012938429695724390e-07
8.04802 1.012407459937775552e-07
8.05033 1.011979844885021504e-07
8.05264 1.011549804003391923e-07
8.05553 1.011008683432211358e-07
8.05785 1.010572926493944618e-07
8.06016 1.010134620626344743e-07
8.06305 1.009583091395302211e-07
8.06536 1.009138925278653260e-07
8.06767 1.008692204175146021e-07
8.07056 1.008129917645507165e-07
8.07288 1.007677218997766961e-07
8.07519 1.007221708851374141e-07
8.07751 1.006763572453484854e-07
8.0804 1.006187158434902793e-07
8.08272 1.005722947315142398e-07
8.08504 1.005256133180070540e-07
8.08794 1.004668295795779902e-07
8.09026 1.004195177845464434e-07
8.09258 1.003719005361452154e-07
8.09549 1.003120013531042746e-07
8.09781 1.002637703155872872e-07
8.10014 1.002152587968999628e-07
8.10305 1.001542699541563515e-07
8.10537 1.001052157707982162e-07
8.1077 1.000559082182089120e-07
8.11002 1.000063584102568517e-07
8.11293 9.994406932683823436e-08
8.11525 9.989395384065254842e-08
8.11758 9.984358591873981243e-08
8.12048 9.978026993851059362e-08
8.12281 9.972933283558041907e-08
8.12513 9.967814384521855324e-08
8.12803 9.961387360120004111e-08
8.13036 9.956219148536714345e-08
8.13268 9.951029102513299532e-08
8.13557 9.944510799874976228e-08
8.13789 9.939270156816003767e-08
8.14021 9.934009025596996561e-08
8.14253 9.928724524762074785e-08
8.14542 9.922089501257640291e-08
8.14774 9.916756715801240410e-08
8.15005 9.911402625947591565e-08
8.15295 9.904680583067582203e-08
8.15526 9.899279185046089089e-08
8.15758 9.893857220473127063e-08
8.16047 9.887051281206478254e-08
8.16279 9.881583015543167902e-08
8.1651 9.876095346249738809e-08
8.168 9.869207069078182211e-08
8.17031 9.863674431116739616e-08
8.17263 9.858122498288724450e-08
8.17553 9.851153522556984649e-08
8.17785 9.845558463431853404e-08
8.18017 9.839940524523941759e-08
8.18307 9.832893968266072159e-08
8.18539 9.827232480815508011e-08
8.18771 9.821552506755711939e-08
8.19004 9.815853855621358556e-08
8.19295 9.808699559907391708e-08
8.19527 9.802957730772990117e-08
8.1976 9.797199766491001209e-08
8.20051 9.789979559057166719e-08
8.20283 9.784192645736070055e-08
8.20516 9.778392113086435559e-08
8.20806 9.771123029871492484e-08
8.21038 9.765294694442853802e-08
8.2127 9.759450149379622447e-08
8.21501 9.753596369822388840e-08
8.21791 9.746256084175956760e-08
8.22022 9.740369496288125132e-08
8.22254 9.734467667336380191e-08
8.22543 9.727068895608154823e-08
8.22774 9.721133415137135550e-08
8.23006 9.715180927455535768e-08
8.23295 9.707719900836958243e-08
8.23526 9.701731842037137735e-08
8.23757 9.695727808575482181e-08
8.24046 9.688199301989425754e-08
8.24277 9.682157525354714846e-08
8.24508 9.676099061584041841e-08
8.24797 9.668502445564024075e-08
8.25028 9.662405822215897172e-08
8.25259 9.656293295345024326e-08
8.25548 9.648628009534449466e-08
8.25779 9.642478180672900654e-08
8.26011 9.636311533640020137e-08
8.263 9.628580521902030037e-08
8.26532 9.622378781890950474e-08
8.26763 9.616159528240634097e-08
8.27053 9.608367444698198349e-08
8.27285 9.602112970488833963e-08
8.27516 9.595846745260536316e-08
8.27806 9.587993420638997468e-08
8.28039 9.581696234008295882e-08
8.28271 9.575388366552210885e-08
8.28503 9.569069105530779431e-08
8.28793 9.561157441474667762e-08
8.29026 9.554814553067089236e-08
8.29258 9.548463854100180436e-08
8.29549 9.540511836700773353e-08
8.29781 9.534140859758113969e-08
8.30013 9.527767085628652604e-08
8.30304 9.519804531403235088e-08
8.30536 9.513428887438817662e-08
8.30767 9.507057312091971468e-08
8.31057 9.499087440233147776e-08
8.31289 9.492712082467036306e-08
8.3152 9.486335458833773709e-08
8.31752 9.479957680108956160e-08
8.32041 9.471986953210285995e-08
8.32272 9.465609453086304441e-08
8.32504 9.459233938065053478e-08
8.32793 9.451265349872783036e-08
8.33024 9.444892293333834774e-08
8.33255 9.438521403840446375e-08
8.33544 9.430561192308911021e-08
8.33776 9.424196417570560906e-08
8.34007 9.417836103337841582e-08
8.34296 9.409889797503689513e-08
8.34528 9.403539737807627162e-08
8.34759 9.397193472867440125e-08
8.35049 9.389268703908176458e-08
8.35281 9.382932542888052186e-08
8.35512 9.376600120204489740e-08
8.35802 9.368693218373849470e-08
8.36034 9.362371095101928980e-08
8.36266 9.356057855950814697e-08
8.36557 9.348171241893523348e-08
8.36789 9.341871849361267893e-08
8.37022 9.335583021676595950e-08
8.37254 9.329305520893810811e-08
8.37545 9.321478971509646840e-08
8.37777 9.315241095367573627e-08
8.38009 9.309016776004293363e-08
8.38298 9.301265013868377941e-08
8.3853 9.295081580318766341e-08
8.38761 9.288916481763127378e-08
8.39051 9.281235788323003553e-08
8.39282 9.275109896954738841e-08
8.39513 9.269003672819265284e-08
8.39802 9.261393218627476372e-08
8.40033 9.255326738857349001e-08
8.40265 9.249276877886823415e-08
8.40553 9.241738783106325334e-08
8.40784 9.235727871981308557e-08
8.41015 9.229734068053473649e-08
8.41304 9.222266621792798254e-08
8.41535 9.216312348224219329e-08
8.41766 9.210375096533976793e-08
8.42055 9.202978990289214940e-08
8.42286 9.197081255569869451e-08
8.42517 9.191201748229969150e-08
8.42806 9.183877517491736969e-08
8.43037 9.178037959737061173e-08
8.43268 9.172218110066201798e-08
8.43557 9.164965849673101740e-08
8.43789 9.159186953376975467e-08
8.4402 9.153424662215623136e-08
8.44252 9.147682186857158394e-08
8.44542 9.140532032897463943e-08
8.44773 9.134833871651964939e-08
8.45005 9.129158570111223675e-08
8.45295 9.122095205781180319e-08
8.45527 9.116471502246228926e-08
8.45759 9.110870002014950671e-08
8.46049 9.103902365979585388e-08
8.46281 9.098354738280093707e-08
8.46513 9.092830895978058725e-08
8.46804 9.085961871124950102e-08
8.47036 9.080492356252452970e-08
8.47269 9.075050293225834172e-08
8.47501 9.069630836632900372e-08
8.47792 9.062894279740905731e-08
8.48025 9.057542036651159663e-08
8.48257 9.052223555082166135e-08
8.48547 9.045619084925198878e-08
8.4878 9.040375440378117612e-08
8.49012 9.035162109521529351e-08
8.49301 9.028694677145346370e-08
8.49533 9.023556690095431239e-08
8.49765 9.018452172748903615e-08
8.50054 9.012118507626376238e-08
8.50286 9.007087860242627693e-08
8.50517 9.002091355194707459e-08
8.50806 8.995890555029025823e-08
8.51037 8.990968148186269374e-08
8.51269 8.986078047641819010e-08
8.515 8.981220973889049155e-08
8.51789 8.975196296137403372e-08
8.5202 8.970413563588176219e-08
8.52252 8.965663817267547867e-08
8.52541 8.959773404770204405e-08
8.52772 8.955097323443092684e-08
8.53003 8.950454733755077319e-08
8.53292 8.944697011300019441e-08
8.53524 8.940127909049055525e-08
8.53755 8.935591945912012073e-08
8.54045 8.929966931680164070e-08
8.54276 8.925505768344773316e-08
8.54508 8.921075316518168962e-08
8.54798 8.915587034841669221e-08
8.5503 8.911232920440943171e-08
8.55262 8.906913891880898331e-08
8.55552 8.901563876627896174e-08
8.55785 8.897322111770501490e-08
8.56017 8.893117853781279787e-08
8.56308 8.887910059254912791e-08
8.56541 8.883786741197488054e-08
8.56773 8.879702772882371878e-08
8.57006 8.875657463948815190e-08
8.57297 8.870655335055344725e-08
8.57529 8.866697851010128867e-08
8.57762 8.862779954919837865e-08
8.58052 8.857937862763358321e-08
8.58285 8.854109308994660575e-08
8.58518 8.850322779005969608e-08
8.58808 8.845646774768882840e-08
8.5904 8.841953328166323763e-08
8.59273 8.838302081783811489e-08
8.59505 8.834690616027622947e-08
8.59795 8.830236666624968265e-08
8.60027 8.826718063552509801e-08
8.60258 8.823240953850590145e-08
8.60548 8.818950916779325958e-08
8.6078 8.815564113218775671e-08
8.61011 8.812217546712343648e-08
8.61301 8.808089905941221171e-08
8.61532 8.804832651382080023e-08
8.61764 8.801614682243669768e-08
8.62054 8.797647347439046524e-08
8.62285 8.794517579598805242e-08
8.62517 8.791426590950653466e-08
8.62806 8.787617447001282004e-08
8.63038 8.784613818672995070e-08
8.6327 8.781648227217897476e-08
8.63501 8.778721822853598804e-08
8.63791 8.775117530780150502e-08
8.64023 8.772278765749082857e-08
8.64255 8.769478708828763412e-08
8.64546 8.766032970927851769e-08
8.64778 8.763319926747497404e-08
8.6501 8.760643437367805736e-08
8.65301 8.757351827323815039e-08
8.65534 8.754757417937902668e-08
8.65766 8.752200127303725704e-08
8.66057 8.749053258183109593e-08
8.6629 8.746575026490298004e-08
8.66523 8.744132679368419170e-08
8.66756 8.741727748389567556e-08
8.67046 8.738768462798108832e-08
8.67278 8.736441627673025728e-08
8.6751 8.734146934594577368e-08
8.678 8.731325179521949817e-08
8.68032 8.729103790670857482e-08
8.68264 8.726913543213447682e-08
8.68553 8.724220585254072319e-08
8.68785 8.722100295475422131e-08
8.69016 8.720012097468664751e-08
8.69305 8.717444762290161428e-08
8.69537 8.715426327914676383e-08
8.69768 8.713439108627281383e-08
8.70057 8.710999207851000282e-08
8.70288 8.709082937571654876e-08
8.70519 8.707198203554258902e-08
8.7075 8.705345353645577794e-08
8.71039 8.703074102453798240e-08
8.7127 8.701292951904052844e-08
8.71502 8.699543920150071756e-08
8.71791 8.697402786437105041e-08
8.72022 8.695726075755042054e-08
8.72253 8.694082044498888420e-08
8.72542 8.692072135816841940e-08
8.72774 8.690501488614651419e-08
8.73005 8.688963444780793758e-08
8.73295 8.687092047894859779e-08
8.73526 8.685647080411690259e-08
8.73758 8.684247929980177437e-08
8.74048 8.682561114645380097e-08
8.7428 8.681258703351964334e-08
8.74512 8.679997912235540440e-08
8.74802 8.678477755452611091e-08
8.75034 8.677305762187721727e-08
8.75267 8.676171880706806906e-08
8.75557 8.674806470164561568e-08
8.75789 8.673754277124128463e-08
8.76022 8.672736114943112286e-08
8.76254 8.671751104308305600e-08
8.76545 8.670563680700689378e-08
8.76778 8.669647633418541812e-08
8.7701 8.668760540135655473e-08
8.77301 8.667690353417694218e-08
8.77533 8.666863775173201318e-08
8.77766 8.666062817598714684e-08
8.78056 8.665094701420673351e-08
8.78288 8.664346407250945410e-08
8.7852 8.663619629382608642e-08
8.78751 8.662913966767439796e-08
8.79041 8.662060554954923392e-08
8.79273 8.661399200741465641e-08
8.79504 8.660753389959826718e-08
8.79793 8.659966729135437711e-08
8.80024 8.659354736829738885e-08
8.80256 8.658757788676613289e-08
8.80545 8.658032944833309707e-08
8.80776 8.657470374588343645e-08
8.81007 8.656923342413139040e-08
8.81296 8.656261521975987780e-08
8.81527 8.655750027524036447e-08
8.81759 8.655254322338806943e-08
8.82048 8.654657488823551886e-08
8.8228 8.654198024564442701e-08
8.82511 8.653754698424467260e-08
8.82801 8.653223064843885718e-08
8.83033 8.652815643250340294e-08
8.83265 8.652424293471086829e-08
8.83555 8.651957079377070663e-08
8.83787 8.651599971338385527e-08
8.84019 8.651256326717911766e-08
8.84252 8.650926568119875139e-08
8.84542 8.650534336802130305e-08
8.84775 8.650237060195444080e-08
8.85008 8.649955368195881894e-08
8.85298 8.649626788111666449e-08
8.85531 8.649383303665630024e-08
8.85763 8.649158273857872654e-08
8.86053 8.648904099266097990e-08
8.86285 8.648723656631073835e-08
8.86516 8.648564572715485609e-08
8.86806 8.648396987832650216e-08
8.87038 8.648288988195194859e-08
8.87269 8.648204852249784061e-08
8.875 8.648145219451499233e-08
8.87789 8.648105719953822509e-08
8.88021 8.648102554638575276e-08
8.88252 8.648124930410983729e-08
8.88541 8.648188017872295385e-08
8.88772 8.648264734727962811e-08
8.89003 8.648363739086576438e-08
8.89292 8.648519810047286455e-08
8.89523 8.648671039692627540e-08
8.89754 8.648845984919499622e-08
8.90043 8.649098207029645966e-08
8.90274 8.649326867529147018e-08
8.90505 8.649579405922421571e-08
8.90793 8.649928374840447726e-08
8.91025 8.650233996150525608e-08
8.91256 8.650562709827914579e-08
8.91545 8.651005825688848018e-08
8.91776 8.651385802207251795e-08
8.92008 8.651788247004959475e-08
8.92297 8.652322911427351615e-08
8.92528 8.652775573970848984e-08
8.9276 8.653250749833252120e-08
8.9305 8.653875661880315540e-08
8.93282 8.654400669867386180e-08
8.93514 8.654947649341571941e-08
8.93804 8.655662248362924124e-08
8.94036 8.656258637541750854e-08
8.94268 8.656876436425372416e-08
8.94501 8.657516055215666837e-08
8.94791 8.658345175642937650e-08
8.95024 8.659032463997471811e-08
8.95257 8.659740550864986706e-08
8.95548 8.660654635289887037e-08
8.9578 8.661408944032383321e-08
8.96013 8.662183075892918426e-08
8.96304 8.663176419269583510e-08
8.96537 8.663992650091689826e-08
8.96769 8.664826794225421914e-08
8.97001 8.665679181665163821e-08
8.97291 8.666770823948701687e-08
8.97523 8.667667131538456541e-08
8.97755 8.668584348665053663e-08
8.98045 8.669758762361658294e-08
8.98276 8.670721458884563723e-08
8.98508 8.671704263453477591e-08
8.98797 8.672961632772405491e-08
8.99028 8.673990486755530188e-08
8.9926 8.675039539204709141e-08
8.99549 8.676379105783067630e-08
8.9978 8.677472620881034359e-08
9.00012 8.678585176826365684e-08
9.00301 8.680001523573302579e-08
9.00532 8.681154214812745719e-08
9.00763 8.682323540289294333e-08
9.01053 8.683807246914981405e-08
9.01284 8.685010803919643127e-08
9.01515 8.686228442306233002e-08
9.01805 8.687768602266489896e-08
9.02036 8.689015096803443009e-08
9.02268 8.690273037363783406e-08
9.02557 8.691861538582462450e-08
9.02789 8.693144521498020349e-08
9.03021 8.694437972431217936e-08
9.03253 8.695742333847215704e-08
9.03543 8.697386557939848316e-08
9.03775 8.698714427787914033e-08
9.04007 8.700051985192320083e-08
9.04298 8.701738947528576335e-08
9.0453 8.703100224815395966e-08
9.04763 8.704471752516969373e-08
9.05054 8.706201727352422124e-08
9.05287 8.707596961117570826e-08
9.0552 8.709001785732647852e-08
9.05752 8.710416772287882229e-08
9.06043 8.712199756190767445e-08
9.06276 8.713637651246215366e-08
9.06509 8.715085918042420049e-08
9.068 8.716910934064053625e-08
9.07032 8.718382596196403760e-08
9.07265 8.719864451023993317e-08
9.07556 8.721731172428108732e-08
9.07789 8.723234559386402800e-08
9.08021 8.724747494813870335e-08
9.08253 8.726269865598695063e-08
9.08544 8.728184735153421204e-08
9.08776 8.729726972158785795e-08
9.09008 8.731276710133360632e-08
9.09298 8.733225627670489135e-08
9.0953 8.734792927095821941e-08
9.09762 8.736367421892657999e-08
9.10051 8.738345029010705087e-08
9.10283 8.739934065717981939e-08
9.10515 8.741529190368267193e-08
9.10805 8.743530661908186250e-08
9.11036 8.745137764348813526e-08
9.11268 8.746749761768506668e-08
9.11558 8.748771142232511467e-08
9.11789 8.750393154443484904e-08
9.12021 8.752019254007748534e-08
9.12253 8.753649031142969013e-08
9.12543 8.755691924851629543e-08
9.12775 8.757329883592008188e-08
9.13007 8.758971637113944451e-08
9.13297 8.761028208984322852e-08
9.13529 8.762677217752297946e-08
9.13761 8.764329507698573677e-08
9.14051 8.766398805357682527e-08
9.14284 8.768058248083901329e-08
9.14516 8.769719982511467434e-08
9.14807 8.771802167278269431e-08
9.15039 8.773470635163204653e-08
9.15272 8.775142182098037897e-08
9.15505 8.776816693784806327e-08
9.15796 8.778911930251849312e-08
9.16029 8.780588885318113882e-08
9.16262 8.782267147532901844e-08
9.16553 8.784363937219764882e-08
9.16785 8.786041918705289813e-08
9.17018 8.787719551756279915e-08
9.17308 8.789816042076803242e-08
9.1754 8.791493249746157137e-08
9.17772 8.793169263681023949e-08
9.18004 8.794845342860942128e-08
9.18293 8.796938639713008283e-08
9.18525 8.798612536623468737e-08
9.18757 8.800285200590662850e-08
9.19046 8.802374094035409194e-08
9.19277 8.804043843960301917e-08
9.19509 8.805711741442186090e-08
9.19798 8.807794890585922622e-08
9.20029 8.809459407295492657e-08
9.20261 8.811122797472679394e-08
9.2055 8.813200546004317095e-08
9.20781 8.814862032358789604e-08
9.21012 8.816523462481588922e-08
9.21301 8.818600902199482436e-08
9.21532 8.820263993340120417e-08
9.21764 8.821928883973924235e-08
9.22053 8.824012764521270860e-08
9.22284 8.825682918693714979e-08
9.22515 8.827355822686142809e-08
9.22805 8.829451294318500479e-08
9.23036 8.831131416471853006e-08
9.23268 8.832814421003386447e-08
9.23557 8.834923553483548710e-08
9.23789 8.836613887235847429e-08
9.24021 8.838307791303573256e-08
9.24252 8.840004359712026480e-08
9.24542 8.842128801553625907e-08
9.24774 8.843831357844221235e-08
9.25006 8.845535379341239043e-08
9.25297 8.847669442632450083e-08
9.25529 8.849377595673921455e-08
9.25761 8.851087323784761274e-08
9.26052 8.853225103071370470e-08
9.26285 8.854935578520253155e-08
9.26517 8.856645995895432010e-08
9.26808 8.858783027332649845e-08
9.27041 8.860492182680348067e-08
9.27274 8.862199811806042206e-08
9.27506 8.863903854480323651e-08
9.27797 8.866030269836205337e-08
9.28029 8.867727783466498858e-08
9.28262 8.869421737169398512e-08
9.28552 8.871534893239040526e-08
9.28784 8.873220762183421650e-08
9.29016 8.874903508436423411e-08
9.29305 8.877000985458366334e-08
9.29537 8.878674806599578986e-08
9.29769 8.880344537193226383e-08
9.30001 8.882010076179525683e-08
9.3029 8.884086519289378859e-08
9.30522 8.885742871536742315e-08
9.30753 8.887395409405781823e-08
9.31043 8.889455478617002981e-08
9.31274 8.891099242985907484e-08
9.31506 8.892739029549708996e-08
9.31795 8.894780658544276408e-08
9.32027 8.896406847785706197e-08
9.32258 8.898026758214832334e-08
9.32548 8.900042325765306474e-08
9.32779 8.901647914801032377e-08
9.33011 8.903246828002933363e-08
9.33301 8.905236827211773230e-08
9.33533 8.906821799872414064e-08
9.33764 8.908400593580995142e-08
9.34054 8.910366261997249757e-08
9.34286 8.911931796499814448e-08
9.34519 8.913492687050938521e-08
9.34751 8.915047556892466433e-08
9.35041 8.916984103084081638e-08
9.35274 8.918527503178379220e-08
9.35506 8.920065742075460922e-08
9.35797 8.921981651838026780e-08
9.3603 8.923506406507147832e-08
9.36262 8.925023802653116126e-08
9.36553 8.926912128947378007e-08
9.36786 8.928414726199794253e-08
9.37018 8.929911361189497062e-08
9.37308 8.931773796878335049e-08
9.3754 8.933256775972992401e-08
9.37772 8.934734670710896450e-08
9.38004 8.936205854092303716e-08
9.38293 8.938037757988816706e-08
9.38525 8.939496612982185117e-08
9.38756 8.940950103769480017e-08
9.39045 8.942759358725730380e-08
9.39277 8.944200457823400539e-08
9.39508 8.945636503288944662e-08
9.39797 8.947423489838830289e-08
9.40028 8.948847378834228141e-08
9.40259 8.950265826127125094e-08
9.40548 8.952031589451351284e-08
9.40779 8.953438365996560097e-08
9.4101 8.954839937816190291e-08
9.41299 8.956584733247424603e-08
9.4153 8.957974830038416545e-08
9.41761 8.959359774734317338e-08
9.4205 8.961083913984089697e-08
9.42281 8.962457360781494426e-08
9.42512 8.963825710281136780e-08
9.42801 8.965528793011740315e-08
9.43033 8.966885165622742954e-08
9.43264 8.968236339613318408e-08
9.43553 8.969917033395002788e-08
9.43785 8.971255639378623404e-08
9.44016 8.972587972558185937e-08
9.44306 8.974245053839789957e-08
9.44537 8.975563580101962868e-08
9.44769 8.976875458515502551e-08
9.45001 8.978181071666393765e-08
9.45291 8.979802668150849128e-08
9.45523 8.981092722794586615e-08
9.45755 8.982374927792289223e-08
9.46045 8.983967518754220153e-08
9.46278 8.985232968613605295e-08
9.4651 8.986490343825103182e-08
9.46801 8.988051161341579001e-08
9.47033 8.989290266383055834e-08
9.47266 8.990522000872541942e-08
9.47557 8.992049720579389744e-08
9.4779 8.993263398997855251e-08
9.48023 8.994469070830667484e-08
9.48256 8.995666115096897570e-08
9.48547 8.997149575189967369e-08
9.4878 8.998327642059830064e-08
9.49012 8.999496639982341553e-08
9.49302 9.000947561579993874e-08
9.49535 9.002098657963135397e-08
9.49767 9.003242085004474164e-08
9.50057 9.004661121076074037e-08
9.50289 9.005788434040221361e-08
9.50521 9.006909771734355258e-08
9.50752 9.008024648903116564e-08
9.51042 9.009410847418403301e-08
9.51274 9.010513779895852610e-08
9.51505 9.011611998109146807e-08
9.51795 9.012978615100790061e-08
9.52026 9.014067245750834351e-08
9.52257 9.015152273833193729e-08
9.52547 9.016503547848213064e-08
9.52778 9.017581090370124998e-08
9.5301 9.018655710995286373e-08
9.53299 9.019995180605054979e-08
9.5353 9.021063961860774935e-08
9.53762 9.022130390424501840e-08
9.54051 9.023460237087772944e-08
9.54282 9.024521814591399346e-08
9.54514 9.025581166691730732e-08
9.54803 9.026902701150132225e-08
9.55035 9.027957492023875071e-08
9.55267 9.029010296506338453e-08
9.55556 9.030323343950155651e-08
9.55788 9.031371178504479427e-08
9.5602 9.032416986610863178e-08
9.56252 9.033460045319342384e-08
9.56542 9.034760719880065755e-08
9.56774 9.035797994842674574e-08
9.57006 9.036832570208617453e-08
9.57297 9.038121655663366675e-08
9.57529 9.039149175705820873e-08
9.57762 9.040173806968023266e-08
9.58053 9.041448996168968797e-08
9.58286 9.042465774447852969e-08
9.58519 9.043478188474619107e-08
9.58752 9.044486096556245834e-08
9.59043 9.045739409141002267e-08
9.59276 9.046736568550684721e-08
9.59509 9.047728626149296942e-08
9.598 9.048961535139236397e-08
9.60033 9.049942036635451819e-08
9.60266 9.050917266596315940e-08
9.60557 9.052128943495238113e-08
9.6079 9.053092303031806577e-08
9.61023 9.054050108324115009e-08
9.61255 9.055002074950164951e-08
9.61546 9.056184389181547344e-08
9.61779 9.057123091114739695e-08
9.62012 9.058056386835883996e-08
9.62302 9.059214770499973499e-08
9.62534 9.060135102211836738e-08
9.62767 9.061049942287656570e-08
9.63057 9.062185432263036519e-08
9.63289 9.063087960263691354e-08
9.63521 9.063984804982668750e-08
9.63753 9.064876572278578818e-08
9.64043 9.065983969088584215e-08
9.64275 9.066864218490237016e-08
9.64507 9.067739609373367753e-08
9.64797 9.068827041289608126e-08
9.65029 9.069691851623734725e-08
9.65261 9.070552148038518167e-08
9.6555 9.071621482679793751e-08
9.65782 9.072472331452797782e-08
9.66014 9.073319201707777661e-08
9.66304 9.074372494825728858e-08
9.66536 9.075211117823518401e-08
9.66768 9.076046244301741716e-08
9.67058 9.077085902418508429e-08
9.6729 9.077914121542904309e-08
9.67522 9.078739771747063057e-08
9.67754 9.079562827889757719e-08
9.68044 9.080588453154235937e-08
9.68277 9.081406777656774693e-08
9.68509 9.082223099801689248e-08
9.68799 9.083241893145106641e-08
9.69032 9.084055197973447410e-08
9.69265 9.084867794901427285e-08
9.69556 9.085882214897003629e-08
9.69788 9.086693150924674633e-08
9.70021 9.087503757763115377e-08
9.70254 9.088313688333690934e-08
9.70546 9.089326598480801818e-08
9.70779 9.090136370614464132e-08
9.71012 9.090945140152422116e-08
9.71304 9.091955294126916005e-08
9.71537 9.092762379963016542e-08
9.71769 9.093568468590044661e-08
9.72002 9.094374122546840187e-08
9.72293 9.095379205017931200e-08
9.72525 9.096182662188224104e-08
9.72757 9.096984812115999429e-08
9.73048 9.097986212434172392e-08
9.7328 9.098786010861070925e-08
9.73512 9.099584461121527517e-08
9.73802 9.100580808511400589e-08
9.74033 9.101375930442379627e-08
9.74265 9.102169608975717149e-08
9.74555 9.103158870017932983e-08
9.74786 9.103948111153558782e-08
9.75018 9.104735106939694350e-08
9.75307 9.105715433388112656e-08
9.75538 9.106496856269602223e-08
9.7577 9.107275389536770613e-08
9.76001 9.108051066324264260e-08
9.7629 9.109016186106224024e-08
9.76522 9.109784597748107000e-08
9.76753 9.110549560354467409e-08
9.77042 9.111500700059407900e-08
9.77273 9.112257450488724092e-08
9.77505 9.113010408426195366e-08
9.77794 9.113946085038533898e-08
9.78025 9.114690276989310489e-08
9.78257 9.115430407740953485e-08
9.78546 9.116350009018679514e-08
9.78777 9.117081180332232046e-08
9.79009 9.117808361754798597e-08
9.79298 9.118712009835280028e-08
9.7953 9.119430498480666132e-08
9.79762 9.120145623036814323e-08
9.80051 9.121034392826607468e-08
9.80283 9.121741928381620317e-08
9.80515 9.122446377195138647e-08
9.80805 9.123323105650703494e-08
9.81037 9.124021890984061078e-08
9.81269 9.124718366274533741e-08
9.81501 9.125413548053860369e-08
9.81792 9.126280085931094506e-08
9.82024 9.126971899392551226e-08
9.82257 9.127660859588592953e-08
9.82548 9.128518255368046167e-08
9.82781 9.129201645635819055e-08
9.83014 9.129882629043450163e-08
9.83305 9.130731223714544725e-08
9.83538 9.131408070341784134e-08
9.83771 9.132082752853530639e-08
9.84003 9.132755970200806618e-08
9.84294 9.133595735448476505e-08
9.84527 9.134266273829049108e-08
9.84759 9.134936315612171098e-08
9.85049 9.135772661845592023e-08
9.85281 9.136441625207271402e-08
9.85513 9.137110253931099031e-08
9.85803 9.137946171396457938e-08
9.86035 9.138615067881578731e-08
9.86267 9.139284167658100877e-08
9.86557 9.140120806535297177e-08
9.86789 9.140788934582153085e-08
9.87021 9.141456276311929999e-08
9.87252 9.142122976328223907e-08
9.87542 9.142955834275655752e-08
9.87774 9.143621741032477457e-08
9.88005 9.144287254923133601e-08
9.88295 9.145118532699276682e-08
9.88526 9.145782927533618493e-08
9.88758 9.146446629462583971e-08
9.89048 9.147275175796770875e-08
9.89279 9.147936918049475029e-08
9.89511 9.148597614074494838e-08
9.89801 9.149421783276931436e-08
9.90033 9.150079565048315134e-08
9.90264 9.150735973278267375e-08
9.90554 9.151554055243504303e-08
9.90786 9.152206808212900185e-08
9.91018 9.152857581513947547e-08
9.9125 9.153506502187219357e-08
9.9154 9.154314864926467262e-08
9.91773 9.154959126565660542e-08
9.92005 9.155601434072440343e-08
9.92295 9.156400906820095359e-08
9.92528 9.157038313655070261e-08
9.92761 9.157673206260905637e-08
9.93051 9.158463779657392664e-08
9.93284 9.159093668395297477e-08
9.93517 9.159720943424541648e-08
9.93808 9.160501170545357941e-08
9.94041 9.161122653238377684e-08
9.94273 9.161740979332635382e-08
