#t,ms massf-Ar
0.003 1.000000000000000000e+00
0.005 1.000000000000000000e+00
0.008 1.000000000000000000e+00
0.01 1.000000000000000000e+00
0.0129324 1.000000000000000000e+00
0.0152784 1.000000000000000000e+00
0.0176291 1.000000000000000000e+00
0.0205694 1.000000000000000000e+00
0.0229245 1.000000000000000000e+00
0.0252824 1.000000000000000000e+00
0.0276402 1.000000000000000000e+00
0.0305804 1.000000000000000000e+00
0.0329326 1.000000000000000000e+00
0.0352671 1.000000000000000000e+00
0.0375956 1.000000000000000000e+00
0.040494 1.000000000000000000e+00
0.0427981 1.000000000000000000e+00
0.0451022 1.000000000000000000e+00
0.0479388 1.000000000000000000e+00
0.0502082 1.000000000000000000e+00
0.0530041 1.000000000000000000e+00
0.0552327 1.000000000000000000e+00
0.0579873 1.000000000000000000e+00
0.0601743 1.000000000000000000e+00
0.0628915 1.000000000000000000e+00
0.0650454 1.000000000000000000e+00
0.0677309 1.000000000000000000e+00
0.0703885 1.000000000000000000e+00
0.0725147 1.000000000000000000e+00
0.0751435 1.000000000000000000e+00
0.0777723 1.000000000000000000e+00
0.0803793 1.000000000000000000e+00
0.0829862 1.000000000000000000e+00
0.0850594 1.000000000000000000e+00
0.0876508 1.000000000000000000e+00
0.090234 1.000000000000000000e+00
0.0928152 1.000000000000000000e+00
0.0953792 1.000000000000000000e+00
0.0979388 1.000000000000000000e+00
0.100475 1.000000000000000000e+00
0.103006 1.000000000000000000e+00
0.105016 1.000000000000000000e+00
0.107524 1.000000000000000000e+00
0.11002 1.000000000000000000e+00
0.112509 1.000000000000000000e+00
0.115485 1.000000000000000000e+00
0.117961 1.000000000000000000e+00
0.120429 1.000000000000000000e+00
0.122896 1.000000000000000000e+00
0.125358 1.000000000000000000e+00
0.127819 1.000000000000000000e+00
0.130279 1.000000000000000000e+00
0.132739 1.000000000000000000e+00
0.135199 1.000000000000000000e+00
0.13766 1.000000000000000000e+00
0.140113 1.000000000000000000e+00
0.142564 1.000000000000000000e+00
0.145009 1.000000000000000000e+00
0.147941 1.000000000000000000e+00
0.150379 1.000000000000000000e+00
0.152817 1.000000000000000000e+00
0.155251 1.000000000000000000e+00
0.157686 1.000000000000000000e+00
0.160119 1.000000000000000000e+00
0.162553 1.000000000000000000e+00
0.165473 1.000000000000000000e+00
0.167908 1.000000000000000000e+00
0.170344 1.000000000000000000e+00
0.17278 1.000000000000000000e+00
0.175219 1.000000000000000000e+00
0.177658 1.000000000000000000e+00
0.180096 1.000000000000000000e+00
0.182534 1.000000000000000000e+00
0.185458 1.000000000000000000e+00
0.187895 1.000000000000000000e+00
0.190332 1.000000000000000000e+00
0.192769 1.000000000000000000e+00
0.195206 1.000000000000000000e+00
0.197644 1.000000000000000000e+00
0.200084 1.000000000000000000e+00
0.202524 1.000000000000000000e+00
0.205454 1.000000000000000000e+00
0.207897 1.000000000000000000e+00
0.210342 1.000000000000000000e+00
0.212788 1.000000000000000000e+00
0.215236 1.000000000000000000e+00
0.217684 1.000000000000000000e+00
0.220132 1.000000000000000000e+00
0.222581 1.000000000000000000e+00
0.225029 1.000000000000000000e+00
0.227969 1.000000000000000000e+00
0.23042 1.000000000000000000e+00
0.232872 1.000000000000000000e+00
0.235324 1.000000000000000000e+00
0.237778 1.000000000000000000e+00
0.240232 1.000000000000000000e+00
0.242687 1.000000000000000000e+00
0.245143 1.000000000000000000e+00
0.247601 1.000000000000000000e+00
0.250059 1.000000000000000000e+00
0.252517 1.000000000000000000e+00
0.255468 1.000000000000000000e+00
0.257927 1.000000000000000000e+00
0.260387 1.000000000000000000e+00
0.262847 1.000000000000000000e+00
0.265308 1.000000000000000000e+00
0.267769 1.000000000000000000e+00
0.27023 1.000000000000000000e+00
0.272692 1.000000000000000000e+00
0.275154 1.000000000000000000e+00
0.277616 1.000000000000000000e+00
0.280079 1.000000000000000000e+00
0.282542 1.000000000000000000e+00
0.285005 1.000000000000000000e+00
0.287961 1.000000000000000000e+00
0.290425 1.000000000000000000e+00
0.292888 1.000000000000000000e+00
0.295351 1.000000000000000000e+00
0.297815 1.000000000000000000e+00
0.300278 1.000000000000000000e+00
0.302742 1.000000000000000000e+00
0.305205 1.000000000000000000e+00
0.307668 1.000000000000000000e+00
0.310131 1.000000000000000000e+00
0.312594 1.000000000000000000e+00
0.315058 1.000000000000000000e+00
0.317521 1.000000000000000000e+00
0.320477 1.000000000000000000e+00
0.322941 1.000000000000000000e+00
0.325404 1.000000000000000000e+00
0.327867 1.000000000000000000e+00
0.33033 1.000000000000000000e+00
0.332793 1.000000000000000000e+00
0.335256 1.000000000000000000e+00
0.337719 1.000000000000000000e+00
0.340182 1.000000000000000000e+00
0.342644 1.000000000000000000e+00
0.345107 1.000000000000000000e+00
0.347569 1.000000000000000000e+00
0.350032 1.000000000000000000e+00
0.352987 1.000000000000000000e+00
0.355449 1.000000000000000000e+00
0.357912 1.000000000000000000e+00
0.360375 1.000000000000000000e+00
0.362838 1.000000000000000000e+00
0.365301 1.000000000000000000e+00
0.367764 1.000000000000000000e+00
0.370227 1.000000000000000000e+00
0.372691 1.000000000000000000e+00
0.375154 1.000000000000000000e+00
0.377618 1.000000000000000000e+00
0.380082 1.000000000000000000e+00
0.382546 1.000000000000000000e+00
0.38501 1.000000000000000000e+00
0.387967 1.000000000000000000e+00
0.390432 1.000000000000000000e+00
0.392896 1.000000000000000000e+00
0.395361 1.000000000000000000e+00
0.397825 1.000000000000000000e+00
0.40029 1.000000000000000000e+00
0.402754 1.000000000000000000e+00
0.405219 1.000000000000000000e+00
0.407684 1.000000000000000000e+00
0.410149 1.000000000000000000e+00
0.412614 1.000000000000000000e+00
0.41508 1.000000000000000000e+00
0.417545 9.999999999999998890e-01
0.42001 1.000000000000000000e+00
0.422969 1.000000000000000000e+00
0.425435 1.000000000000000000e+00
0.4279 1.000000000000000000e+00
0.430367 1.000000000000000000e+00
0.432833 1.000000000000000000e+00
0.4353 1.000000000000000000e+00
0.437766 1.000000000000000000e+00
0.440233 1.000000000000000000e+00
0.4427 1.000000000000000000e+00
0.445166 1.000000000000000000e+00
0.447633 1.000000000000000000e+00
0.4501 1.000000000000000000e+00
0.452567 1.000000000000000000e+00
0.455035 1.000000000000000000e+00
0.457502 1.000000000000000000e+00
0.460463 1.000000000000000000e+00
0.462931 1.000000000000000000e+00
0.465399 9.999999999999998890e-01
0.467867 1.000000000000000000e+00
0.470334 1.000000000000000000e+00
0.472802 1.000000000000000000e+00
0.475269 1.000000000000000000e+00
0.477736 1.000000000000000000e+00
0.480203 1.000000000000000000e+00
0.48267 1.000000000000000000e+00
0.485137 1.000000000000000000e+00
0.487604 1.000000000000000000e+00
0.490071 1.000000000000000000e+00
0.492538 1.000000000000000000e+00
0.495005 1.000000000000000000e+00
0.497965 1.000000000000000000e+00
0.500431 1.000000000000000000e+00
0.502898 1.000000000000000000e+00
0.505364 1.000000000000000000e+00
0.50783 1.000000000000000000e+00
0.510296 1.000000000000000000e+00
0.512761 1.000000000000000000e+00
0.515227 1.000000000000000000e+00
0.517693 1.000000000000000222e+00
0.520158 1.000000000000000000e+00
0.522624 1.000000000000000000e+00
0.525089 1.000000000000000000e+00
0.527554 1.000000000000000000e+00
0.530019 1.000000000000000000e+00
0.532976 1.000000000000000000e+00
0.53544 1.000000000000000000e+00
0.537904 1.000000000000000000e+00
0.540368 1.000000000000000000e+00
0.542831 1.000000000000000000e+00
0.545294 1.000000000000000000e+00
0.547757 1.000000000000000000e+00
0.55022 1.000000000000000000e+00
0.552682 1.000000000000000000e+00
0.555143 1.000000000000000000e+00
0.557605 1.000000000000000000e+00
0.560066 1.000000000000000000e+00
0.562527 1.000000000000000000e+00
0.56548 1.000000000000000000e+00
0.56794 1.000000000000000000e+00
0.5704 1.000000000000000000e+00
0.57286 1.000000000000000000e+00
0.57532 1.000000000000000000e+00
0.577779 1.000000000000000000e+00
0.580238 1.000000000000000000e+00
0.582696 1.000000000000000000e+00
0.585154 1.000000000000000000e+00
0.587611 1.000000000000000000e+00
0.590068 1.000000000000000000e+00
0.592525 1.000000000000000000e+00
0.595472 1.000000000000000000e+00
0.597928 1.000000000000000000e+00
0.600383 1.000000000000000000e+00
0.602838 1.000000000000000000e+00
0.605293 1.000000000000000000e+00
0.607747 1.000000000000000000e+00
0.6102 1.000000000000000000e+00
0.612653 1.000000000000000000e+00
0.615106 1.000000000000000000e+00
0.617558 1.000000000000000000e+00
0.62001 1.000000000000000000e+00
0.622952 1.000000000000000000e+00
0.625403 1.000000000000000000e+00
0.627854 1.000000000000000000e+00
0.630304 1.000000000000000000e+00
0.632754 1.000000000000000000e+00
0.635204 1.000000000000000000e+00
0.637652 1.000000000000000000e+00
0.640101 1.000000000000000000e+00
0.642549 1.000000000000000000e+00
0.645486 1.000000000000000000e+00
0.647933 1.000000000000000000e+00
0.650379 1.000000000000000000e+00
0.652825 1.000000000000000000e+00
0.65527 1.000000000000000000e+00
0.657715 1.000000000000000000e+00
0.660159 1.000000000000000000e+00
0.662603 1.000000000000000000e+00
0.665047 1.000000000000000000e+00
0.667978 1.000000000000000000e+00
0.67042 1.000000000000000000e+00
0.672862 1.000000000000000000e+00
0.675304 1.000000000000000000e+00
0.677745 1.000000000000000000e+00
0.680185 1.000000000000000000e+00
0.682625 1.000000000000000000e+00
0.685064 1.000000000000000000e+00
0.687503 1.000000000000000000e+00
0.690429 1.000000000000000000e+00
0.692867 1.000000000000000000e+00
0.695304 1.000000000000000000e+00
0.697741 1.000000000000000000e+00
0.700177 1.000000000000000000e+00
0.702612 1.000000000000000000e+00
0.705047 1.000000000000000000e+00
0.707968 1.000000000000000000e+00
0.710402 1.000000000000000000e+00
0.712835 1.000000000000000000e+00
0.715267 1.000000000000000000e+00
0.7177 1.000000000000000000e+00
0.720131 1.000000000000000000e+00
0.722562 1.000000000000000000e+00
0.725477 1.000000000000000000e+00
0.727907 1.000000000000000000e+00
0.730336 1.000000000000000000e+00
0.732764 1.000000000000000000e+00
0.735192 1.000000000000000000e+00
0.737619 1.000000000000000000e+00
0.740045 1.000000000000000000e+00
0.742957 1.000000000000000000e+00
0.745382 1.000000000000000000e+00
0.747807 1.000000000000000000e+00
0.75023 1.000000000000000000e+00
0.752654 1.000000000000000000e+00
0.755076 1.000000000000000000e+00
0.757982 1.000000000000000000e+00
0.760403 1.000000000000000000e+00
0.762822 1.000000000000000000e+00
0.765241 1.000000000000000000e+00
0.767658 1.000000000000000000e+00
0.770075 1.000000000000000000e+00
0.772973 1.000000000000000000e+00
0.775388 9.999999999999998890e-01
0.777801 1.000000000000000000e+00
0.780214 1.000000000000000000e+00
0.782625 1.000000000000000000e+00
0.785035 1.000000000000000000e+00
0.787926 1.000000000000000000e+00
0.790334 9.999999999999998890e-01
0.792739 1.000000000000000000e+00
0.795145 1.000000000000000000e+00
0.797548 1.000000000000000000e+00
0.800431 1.000000000000000000e+00
0.802831 1.000000000000000222e+00
0.805231 1.000000000000000000e+00
0.807629 1.000000000000000000e+00
0.810027 1.000000000000000000e+00
0.812902 1.000000000000000000e+00
0.815296 9.999999999999998890e-01
0.817689 1.000000000000000000e+00
0.820081 1.000000000000000000e+00
0.82295 1.000000000000000000e+00
0.825339 1.000000000000000000e+00
0.827728 9.999999999999998890e-01
0.830115 9.999999999999998890e-01
0.832501 9.999999999999998890e-01
0.835362 1.000000000000000000e+00
0.837745 1.000000000000000000e+00
0.840127 1.000000000000000000e+00
0.842508 1.000000000000000000e+00
0.845363 9.999999999999998890e-01
0.847741 1.000000000000000000e+00
0.850117 9.999999994118558000e-01
0.852968 9.999999882966218445e-01
0.855342 9.999998879052427458e-01
0.857715 9.999995599362090370e-01
0.860086 9.999985505236382854e-01
0.86293 9.999968421731848522e-01
0.865299 9.999949245982748813e-01
0.867666 9.999925651003851446e-01
0.870033 9.999898796854242988e-01
0.872871 9.999864092753254496e-01
0.875235 9.999834243757373953e-01
0.877597 9.999804171295623156e-01
0.880431 9.999768165255393804e-01
0.882791 9.999738390469434801e-01
0.88515 9.999708913892217943e-01
0.887508 9.999679852890399623e-01
0.890336 9.999645555810035003e-01
0.892691 9.999617428028728661e-01
0.895046 9.999589654750669077e-01
0.897869 9.999556820187944783e-01
0.900221 9.999529835063749594e-01
0.902572 9.999503185979222719e-01
0.905391 9.999471601656518827e-01
0.907739 9.999445602620352647e-01
0.910086 9.999419878649710158e-01
0.912901 9.999389356733624501e-01
0.915245 9.999364187275786575e-01
0.917589 9.999339230828542258e-01
0.920399 9.999309535637065371e-01
0.922741 9.999284964113300811e-01
0.92508 9.999260538226476536e-01
0.927887 9.999231375093816654e-01
0.930224 9.999207194338811666e-01
0.932562 9.999183093246438725e-01
0.935364 9.999154289216632963e-01
0.937699 9.999130359064430928e-01
0.940032 9.999106503967767345e-01
0.94283 9.999077956346843488e-01
0.945161 9.999054236947384489e-01
0.947956 9.999025851305073376e-01
0.950285 9.999002260862165370e-01
0.952612 9.998978731625249861e-01
0.955404 9.998950570420744866e-01
0.957728 9.998927173007854385e-01
0.960052 9.998903827850191828e-01
0.962839 9.998875898469764545e-01
0.965161 9.998852681485176364e-01
0.967945 9.998824912855510672e-01
0.970264 9.998801834203276950e-01
0.972582 9.998778826747287685e-01
0.975363 9.998751299636388090e-01
0.977678 9.998728436011429244e-01
0.980456 9.998701084177775700e-01
0.98277 9.998678358430618252e-01
0.985082 9.998655692807018047e-01
0.987856 9.998628560951667854e-01
0.990166 9.998606009778793213e-01
0.992938 9.998578998101751436e-01
0.995245 9.998556541492016336e-01
0.997553 9.998534109934359426e-01
1.00032 9.998507243593205418e-01
1.00262 9.998484870508089761e-01
1.00539 9.998458040753752663e-01
1.00769 9.998435669408191062e-01
1.01045 9.998408776611273918e-01
1.01275 9.998386278759752166e-01
1.01505 9.998363640666033669e-01
1.01781 9.998336201971538273e-01
1.02011 9.998313015039640428e-01
1.02286 9.998284697000793253e-01
1.02516 9.998260577215977163e-01
1.02791 9.998230909263106092e-01
1.0302 9.998205482126248933e-01
1.03295 9.998174055134817495e-01
1.03524 9.998147047939528465e-01
1.03753 9.998119287998921134e-01
1.04027 9.998085025366857392e-01
1.04256 9.998055808905531583e-01
1.0453 9.998020243105807392e-01
1.04759 9.997990457982645074e-01
1.05033 9.997954936791603187e-01
1.05261 9.997925783765974073e-01
1.05535 9.997891671264363955e-01
1.05763 9.997864118105814768e-01
1.06036 9.997832252478391357e-01
1.06264 9.997806718716110153e-01
1.06537 9.997777274099750588e-01
1.06765 9.997753658526650211e-01
1.07038 9.997726335340152426e-01
1.07265 9.997704386439226765e-01
1.07538 9.997679046285077309e-01
1.07765 9.997658856640025959e-01
1.08038 9.997635882883650904e-01
1.08264 9.997617976872220646e-01
1.08537 9.997598186584277791e-01
1.08763 9.997583345127246668e-01
1.09035 9.997567707287288163e-01
1.09262 9.997556814731037855e-01
1.09533 9.997546548650072529e-01
1.0976 9.997540252032991459e-01
1.10031 9.997536181944868261e-01
1.10257 9.997534993617176458e-01
1.10528 9.997537167351338017e-01
1.10754 9.997542747593181067e-01
1.11025 9.997556592969277789e-01
1.1125 9.997574646319098424e-01
1.11521 9.997604497722916150e-01
1.11791 9.997643903510889940e-01
1.12017 9.997684448534961410e-01
1.12287 9.997742747519033912e-01
1.12512 9.997799610665868419e-01
1.12782 9.997877836401807272e-01
1.13007 9.997951320122183683e-01
1.13276 9.998049076305771665e-01
1.13501 9.998138080874099387e-01
1.1377 9.998253045326096489e-01
1.14039 9.998375633714862154e-01
1.14264 9.998482448327327132e-01
1.14533 9.998614481897313278e-01
1.14757 9.998726331047562699e-01
1.15025 9.998860659600202760e-01
1.15294 9.998992998149603961e-01
1.15518 9.999100077539881948e-01
1.15786 9.999222907833994478e-01
1.1601 9.999319265611832375e-01
1.16278 9.999426330702702037e-01
1.16501 9.999507646199848887e-01
1.16769 9.999595002942750499e-01
1.17036 9.999671038098628673e-01
1.17259 9.999725814605873175e-01
1.17526 9.999781700673670004e-01
1.17794 9.999827575159883075e-01
1.18017 9.999858876789717854e-01
1.18284 9.999889095623571977e-01
1.18507 9.999908997425358548e-01
1.18775 9.999927605285174881e-01
1.19043 9.999941586860898735e-01
1.19267 9.999950575963411081e-01
1.19535 9.999959143739883816e-01
1.19758 9.999964991291624417e-01
1.20027 9.999970904619551737e-01
1.2025 9.999975114305564849e-01
1.20519 9.999979452522426149e-01
1.20788 9.999983116809219030e-01
1.21012 9.999985715562826893e-01
1.21281 9.999988355614151114e-01
1.21505 9.999990203957557222e-01
1.21774 9.999992059106587172e-01
1.22043 9.999993576424668351e-01
1.22268 9.999994623483270395e-01
1.22537 9.999995662334737467e-01
1.22762 9.999996375946137439e-01
1.23032 9.999997082196947495e-01
1.23257 9.999997566580034469e-01
1.23527 9.999998045633881061e-01
1.23752 9.999998373908536298e-01
1.24022 9.999998698063531366e-01
1.24292 9.999998959493553441e-01
1.24517 9.999999137971018470e-01
1.24788 9.999999313339215101e-01
1.25013 9.999999432608616123e-01
1.25284 9.999999549409586130e-01
1.2551 9.999999628587202816e-01
1.25781 9.999999705913409365e-01
1.26007 9.999999758198351296e-01
1.26278 9.999999809135237117e-01
1.26504 9.999999843500295693e-01
1.26776 9.999999876882851302e-01
1.27002 9.999999899339468978e-01
1.27274 9.999999921088875698e-01
1.275 9.999999935682951646e-01
1.27772 9.999999949778490826e-01
1.28044 9.999999960879885075e-01
1.28271 9.999999968288689756e-01
1.28543 9.999999975408203623e-01
1.2877 9.999999980141023315e-01
1.29043 9.999999984669931674e-01
1.2927 9.999999987669072610e-01
1.29543 9.999999990527654870e-01
1.2977 9.999999992413841632e-01
1.30043 9.999999994204659126e-01
1.30271 9.999999995381856355e-01
1.30544 9.999999996494874921e-01
1.30772 9.999999997223123493e-01
1.31045 9.999999997908454175e-01
1.31273 9.999999998354480724e-01
1.31501 9.999999998710100702e-01
1.31775 9.999999999042107346e-01
1.32003 9.999999999256292682e-01
1.32277 9.999999999454911581e-01
1.32506 9.999999999582107613e-01
1.3278 9.999999999699185071e-01
1.33008 9.999999999773485637e-01
1.33283 9.999999999841205911e-01
1.33512 9.999999999883637525e-01
1.33786 9.999999999921641569e-01
1.34015 9.999999999945465845e-01
1.3429 9.999999999965808462e-01
1.34519 9.999999999980473397e-01
1.34794 9.999999999995863309e-01
1.35024 1.000000000000000000e+00
1.35253 1.000000000000000000e+00
1.35528 1.000000000000000000e+00
1.35758 1.000000000000000000e+00
1.36033 1.000000000000000000e+00
1.36263 1.000000000000000000e+00
1.36539 9.999999999999998890e-01
1.36769 1.000000000000000000e+00
1.37045 9.999999999999998890e-01
1.37275 1.000000000000000000e+00
1.37505 1.000000000000000000e+00
1.37781 1.000000000000000000e+00
1.38012 9.999999999999998890e-01
1.38288 1.000000000000000000e+00
1.38518 1.000000000000000000e+00
1.38795 9.999999999999998890e-01
1.39026 1.000000000000000000e+00
1.39256 1.000000000000000000e+00
1.39533 1.000000000000000000e+00
1.39764 1.000000000000000000e+00
1.40041 1.000000000000000000e+00
1.40272 1.000000000000000000e+00
1.40504 1.000000000000000000e+00
1.40781 1.000000000000000000e+00
1.41012 1.000000000000000000e+00
1.4129 1.000000000000000000e+00
1.41521 1.000000000000000000e+00
1.41753 1.000000000000000000e+00
1.42031 9.999999999999998890e-01
1.42262 1.000000000000000000e+00
1.4254 1.000000000000000000e+00
1.42772 1.000000000000000000e+00
1.43004 1.000000000000000000e+00
1.43283 1.000000000000000000e+00
1.43515 1.000000000000000000e+00
1.43793 1.000000000000000000e+00
1.44025 1.000000000000000000e+00
1.44258 1.000000000000000000e+00
1.44536 1.000000000000000000e+00
1.44769 1.000000000000000000e+00
1.45001 1.000000000000000000e+00
1.4528 9.999999999999998890e-01
1.45513 1.000000000000000000e+00
1.45792 9.999999999999998890e-01
1.46025 1.000000000000000222e+00
1.46258 1.000000000000000000e+00
1.46538 1.000000000000000000e+00
1.46771 1.000000000000000000e+00
1.47004 1.000000000000000000e+00
1.47284 1.000000000000000222e+00
1.47517 1.000000000000000000e+00
1.4775 1.000000000000000000e+00
1.48031 1.000000000000000000e+00
1.48264 1.000000000000000000e+00
1.48545 1.000000000000000000e+00
1.48779 1.000000000000000000e+00
1.49013 9.999999999999998890e-01
1.49293 1.000000000000000000e+00
1.49528 1.000000000000000222e+00
1.49762 1.000000000000000000e+00
1.50043 1.000000000000000222e+00
1.50278 1.000000000000000222e+00
1.50513 9.999999999999998890e-01
1.50794 1.000000000000000222e+00
1.5103 9.999999999999998890e-01
1.51265 1.000000000000000000e+00
1.515 1.000000000000000222e+00
1.51783 1.000000000000000000e+00
1.52019 1.000000000000000000e+00
1.52255 1.000000000000000000e+00
1.52538 1.000000000000000000e+00
1.52775 1.000000000000000000e+00
1.53012 1.000000000000000000e+00
1.53297 1.000000000000000000e+00
1.53534 1.000000000000000000e+00
1.53772 1.000000000000000000e+00
1.5401 1.000000000000000000e+00
1.54297 1.000000000000000000e+00
1.54536 9.999999999999998890e-01
1.54775 1.000000000000000000e+00
1.55015 1.000000000000000000e+00
1.55255 1.000000000000000222e+00
1.55544 1.000000000000000000e+00
1.55785 1.000000000000000000e+00
1.56027 1.000000000000000222e+00
1.56269 1.000000000000000000e+00
1.56512 9.999999999999998890e-01
1.56755 1.000000000000000222e+00
1.57048 1.000000000000000000e+00
1.57293 9.999999999999998890e-01
1.57538 1.000000000000000000e+00
1.57784 1.000000000000000000e+00
1.58031 1.000000000000000222e+00
1.58278 1.000000000000000000e+00
1.58526 1.000000000000000000e+00
1.58775 1.000000000000000000e+00
1.59024 1.000000000000000000e+00
1.59274 1.000000000000000000e+00
1.59524 1.000000000000000222e+00
1.59776 1.000000000000000000e+00
1.60028 1.000000000000000000e+00
1.60281 1.000000000000000000e+00
1.60534 1.000000000000000000e+00
1.60789 1.000000000000000000e+00
1.61044 9.999999999999998890e-01
1.613 1.000000000000000000e+00
1.61505 1.000000000000000222e+00
1.61763 1.000000000000000000e+00
1.62021 9.999999999999998890e-01
1.62281 1.000000000000000000e+00
1.62541 1.000000000000000000e+00
1.6275 1.000000000000000000e+00
1.63012 1.000000000000000000e+00
1.63275 1.000000000000000000e+00
1.63539 1.000000000000000000e+00
1.6375 1.000000000000000000e+00
1.64016 9.999999999999998890e-01
1.64282 9.999999999999998890e-01
1.6455 1.000000000000000000e+00
1.64764 1.000000000000000000e+00
1.65034 1.000000000000000000e+00
1.65304 1.000000000000000000e+00
1.65521 9.999999999999998890e-01
1.65793 1.000000000000000000e+00
1.66011 1.000000000000000000e+00
1.66285 1.000000000000000000e+00
1.66505 1.000000000000000000e+00
1.6678 1.000000000000000000e+00
1.67001 1.000000000000000000e+00
1.67278 1.000000000000000000e+00
1.675 9.999999999999998890e-01
1.67779 1.000000000000000000e+00
1.68002 9.999999999999998890e-01
1.68282 1.000000000000000222e+00
1.68506 9.999999999999998890e-01
1.68788 1.000000000000000000e+00
1.69013 1.000000000000000222e+00
1.69296 1.000000000000000000e+00
1.69523 1.000000000000000222e+00
1.69807 1.000000000000000222e+00
1.70035 1.000000000000000000e+00
1.70263 1.000000000000000000e+00
1.7055 1.000000000000000000e+00
1.7078 1.000000000000000000e+00
1.7101 1.000000000000000000e+00
1.71299 9.999999999999998890e-01
1.7153 9.999999999999998890e-01
1.71763 1.000000000000000000e+00
1.72054 1.000000000000000000e+00
1.72287 1.000000000000000000e+00
1.72521 1.000000000000000000e+00
1.72756 1.000000000000000000e+00
1.7305 1.000000000000000000e+00
1.73285 1.000000000000000000e+00
1.7352 9.999999999999998890e-01
1.73755 1.000000000000000000e+00
1.74038 1.000000000000000000e+00
1.74265 1.000000000000000000e+00
1.74536 1.000000000000000000e+00
1.74803 1.000000000000000000e+00
1.7502 1.000000000000000222e+00
1.75291 1.000000000000000000e+00
1.75507 1.000000000000000000e+00
1.75774 1.000000000000000000e+00
1.76038 1.000000000000000000e+00
1.76298 9.999999999999998890e-01
1.76506 9.999999999999998890e-01
1.76768 1.000000000000000000e+00
1.77029 1.000000000000000000e+00
1.7729 1.000000000000000000e+00
1.77551 1.000000000000000000e+00
1.77758 1.000000000000000000e+00
1.78018 1.000000000000000000e+00
1.78281 1.000000000000000000e+00
1.78543 9.999999999999998890e-01
1.7875 9.999999999999998890e-01
1.7901 1.000000000000000000e+00
1.79275 1.000000000000000000e+00
1.79542 9.999999999999998890e-01
1.79754 1.000000000000000222e+00
1.80017 1.000000000000000000e+00
1.8028 1.000000000000000000e+00
1.80542 1.000000000000000222e+00
1.80752 1.000000000000000000e+00
1.81016 1.000000000000000000e+00
1.81279 1.000000000000000000e+00
1.81541 1.000000000000000000e+00
1.81751 1.000000000000000000e+00
1.82013 1.000000000000000000e+00
1.82276 1.000000000000000000e+00
1.82544 1.000000000000000000e+00
1.82759 1.000000000000000000e+00
1.83023 1.000000000000000000e+00
1.83288 1.000000000000000000e+00
1.83501 1.000000000000000000e+00
1.83768 1.000000000000000000e+00
1.84033 9.999999999999998890e-01
1.84297 1.000000000000000222e+00
1.84508 9.999999999999998890e-01
1.84771 1.000000000000000000e+00
1.85038 1.000000000000000000e+00
1.85253 1.000000000000000222e+00
1.85521 9.999999999999998890e-01
1.85789 9.999999999999998890e-01
1.86004 1.000000000000000000e+00
1.86273 1.000000000000000000e+00
1.86542 1.000000000000000000e+00
1.86754 1.000000000000000000e+00
1.8702 1.000000000000000000e+00
1.8729 9.999999999999998890e-01
1.87506 1.000000000000000000e+00
1.87775 1.000000000000000000e+00
1.88044 1.000000000000000222e+00
1.88259 1.000000000000000000e+00
1.88528 1.000000000000000000e+00
1.88798 1.000000000000000222e+00
1.89014 1.000000000000000000e+00
1.89283 1.000000000000000000e+00
1.89551 1.000000000000000222e+00
1.89765 9.999999999999998890e-01
1.90034 1.000000000000000000e+00
1.90302 9.999999999999998890e-01
1.90518 1.000000000000000000e+00
1.90787 9.999999999999998890e-01
1.91051 1.000000000000000000e+00
1.91263 1.000000000000000000e+00
1.91533 1.000000000000000000e+00
1.91803 9.999999999999998890e-01
1.92019 1.000000000000000000e+00
1.92288 9.999999999999998890e-01
1.92506 1.000000000000000000e+00
1.9278 9.999999999999998890e-01
1.93051 1.000000000000000000e+00
1.93263 1.000000000000000000e+00
1.9353 1.000000000000000222e+00
1.93798 1.000000000000000000e+00
1.94012 1.000000000000000000e+00
1.9428 9.999999999999998890e-01
1.94548 1.000000000000000000e+00
1.94764 1.000000000000000000e+00
1.95033 1.000000000000000000e+00
1.9525 1.000000000000000000e+00
1.95522 1.000000000000000000e+00
1.95793 1.000000000000000000e+00
1.96008 1.000000000000000000e+00
1.96278 1.000000000000000000e+00
1.96548 1.000000000000000000e+00
1.96763 9.999999999999998890e-01
1.9703 1.000000000000000000e+00
1.97298 1.000000000000000000e+00
1.97513 1.000000000000000000e+00
1.97782 1.000000000000000000e+00
1.9805 9.999999999999998890e-01
1.98264 1.000000000000000000e+00
1.98533 9.999999999999998890e-01
1.98801 9.999999999999998890e-01
1.99016 1.000000000000000000e+00
1.99285 1.000000000000000222e+00
1.995 1.000000000000000000e+00
1.9977 1.000000000000000222e+00
2.00039 9.999999999999998890e-01
2.00253 1.000000000000000222e+00
2.00521 1.000000000000000000e+00
2.00793 1.000000000000000000e+00
2.0101 1.000000000000000000e+00
2.0128 1.000000000000000000e+00
2.0155 1.000000000000000000e+00
2.01765 1.000000000000000222e+00
2.02033 1.000000000000000000e+00
2.02304 1.000000000000000000e+00
2.02521 1.000000000000000000e+00
2.02792 1.000000000000000000e+00
2.03009 1.000000000000000000e+00
2.03279 1.000000000000000000e+00
2.03549 1.000000000000000000e+00
2.03765 9.999999999999998890e-01
2.04033 1.000000000000000000e+00
2.04303 9.999999999999998890e-01
2.0452 1.000000000000000000e+00
2.04791 1.000000000000000000e+00
2.05008 1.000000000000000000e+00
2.0528 1.000000000000000222e+00
2.0555 9.999999999999998890e-01
2.05766 9.999999999999998890e-01
2.06037 1.000000000000000000e+00
2.06254 1.000000000000000000e+00
2.06525 1.000000000000000222e+00
2.06795 1.000000000000000000e+00
2.07011 1.000000000000000000e+00
2.07281 1.000000000000000000e+00
2.07552 1.000000000000000000e+00
2.07767 1.000000000000000000e+00
2.08036 1.000000000000000000e+00
2.08257 1.000000000000000222e+00
2.08533 1.000000000000000000e+00
2.08751 1.000000000000000000e+00
2.09022 9.999999999999998890e-01
2.09292 1.000000000000000000e+00
2.09508 1.000000000000000000e+00
2.09778 1.000000000000000222e+00
2.10048 1.000000000000000000e+00
2.10263 1.000000000000000000e+00
2.10533 1.000000000000000000e+00
2.10803 1.000000000000000000e+00
2.1102 1.000000000000000000e+00
2.11292 1.000000000000000000e+00
2.1151 1.000000000000000000e+00
2.11782 1.000000000000000000e+00
2.12053 9.999999999999998890e-01
2.12271 1.000000000000000000e+00
2.12542 1.000000000000000000e+00
2.12758 1.000000000000000000e+00
2.13028 9.999999999999998890e-01
2.13298 1.000000000000000222e+00
2.13514 1.000000000000000000e+00
2.13785 1.000000000000000000e+00
2.14002 1.000000000000000000e+00
2.14273 1.000000000000000000e+00
2.14543 1.000000000000000000e+00
2.1476 1.000000000000000000e+00
2.1503 1.000000000000000000e+00
2.153 1.000000000000000000e+00
2.15516 1.000000000000000000e+00
2.15786 1.000000000000000222e+00
2.16001 9.999999999999998890e-01
2.16271 1.000000000000000000e+00
2.16541 9.999999999999998890e-01
2.16758 1.000000000000000000e+00
2.17027 1.000000000000000000e+00
2.17297 1.000000000000000000e+00
2.17513 9.999999999999998890e-01
2.17784 9.999999999999998890e-01
2.1805 1.000000000000000000e+00
2.18263 1.000000000000000000e+00
2.18535 1.000000000000000000e+00
2.18754 1.000000000000000000e+00
2.19025 1.000000000000000000e+00
2.19296 1.000000000000000222e+00
2.19514 1.000000000000000000e+00
2.19787 1.000000000000000000e+00
2.20005 1.000000000000000222e+00
2.20272 1.000000000000000000e+00
2.20539 1.000000000000000000e+00
2.20753 1.000000000000000000e+00
2.21021 1.000000000000000000e+00
2.2129 9.999999999999998890e-01
2.21505 1.000000000000000000e+00
2.21773 1.000000000000000000e+00
2.22041 1.000000000000000000e+00
2.22257 1.000000000000000000e+00
2.22528 1.000000000000000000e+00
2.22797 1.000000000000000000e+00
2.23011 1.000000000000000000e+00
2.23279 9.999999999999998890e-01
2.23547 1.000000000000000000e+00
2.23763 1.000000000000000000e+00
2.24034 1.000000000000000000e+00
2.2425 1.000000000000000000e+00
2.24521 9.999999999999998890e-01
2.24791 9.999999999999998890e-01
2.25005 1.000000000000000000e+00
2.25272 1.000000000000000000e+00
2.2554 1.000000000000000000e+00
2.25754 1.000000000000000000e+00
2.26025 1.000000000000000000e+00
2.26297 1.000000000000000000e+00
2.26513 1.000000000000000000e+00
2.26782 1.000000000000000222e+00
2.2705 1.000000000000000000e+00
2.27264 9.999999999999998890e-01
2.27532 1.000000000000000222e+00
2.27801 1.000000000000000000e+00
2.28017 1.000000000000000222e+00
2.2829 1.000000000000000000e+00
2.28508 1.000000000000000000e+00
2.28777 1.000000000000000000e+00
2.29045 1.000000000000000000e+00
2.29259 1.000000000000000000e+00
2.29527 1.000000000000000000e+00
2.29797 1.000000000000000000e+00
2.30014 1.000000000000000000e+00
2.30283 1.000000000000000000e+00
2.30552 1.000000000000000000e+00
2.30767 1.000000000000000000e+00
2.31036 1.000000000000000000e+00
2.31252 1.000000000000000000e+00
2.31523 9.999999999999998890e-01
2.31794 1.000000000000000000e+00
2.3201 9.999999999999998890e-01
2.32281 1.000000000000000000e+00
2.32552 1.000000000000000000e+00
2.32767 1.000000000000000000e+00
2.3304 1.000000000000000000e+00
2.33259 1.000000000000000000e+00
2.33532 9.999999999999998890e-01
2.33802 1.000000000000000000e+00
2.34019 1.000000000000000222e+00
2.3429 9.999999999999998890e-01
2.34507 9.999999999999998890e-01
2.34778 9.999999999999998890e-01
2.35049 1.000000000000000000e+00
2.35264 1.000000000000000000e+00
2.35534 9.999999999999998890e-01
2.35803 9.999999999999998890e-01
2.36018 1.000000000000000000e+00
2.36288 1.000000000000000000e+00
2.36503 1.000000000000000000e+00
2.36775 1.000000000000000000e+00
2.37051 9.999999999999998890e-01
2.3727 9.999999999999998890e-01
2.3754 9.999999999999998890e-01
2.37756 1.000000000000000000e+00
2.38029 9.999999999999998890e-01
2.38301 1.000000000000000000e+00
2.38521 1.000000000000000000e+00
2.38795 1.000000000000000000e+00
2.39012 9.999999999999998890e-01
2.39282 1.000000000000000000e+00
2.39501 9.999999999999998890e-01
2.39777 1.000000000000000000e+00
2.40051 9.999999999999998890e-01
2.40267 1.000000000000000222e+00
2.40538 1.000000000000000000e+00
2.40755 1.000000000000000000e+00
2.41027 9.999999999999998890e-01
2.41298 1.000000000000000222e+00
2.41515 1.000000000000000000e+00
2.41786 1.000000000000000222e+00
2.42003 1.000000000000000000e+00
2.42276 1.000000000000000222e+00
2.4255 1.000000000000000000e+00
2.42768 9.999999999999998890e-01
2.43039 1.000000000000000000e+00
2.43256 1.000000000000000000e+00
2.4353 9.999999999999998890e-01
2.43805 1.000000000000000000e+00
2.44024 9.999999999999998890e-01
2.44299 1.000000000000000000e+00
2.44516 9.999999999999998890e-01
2.44787 9.999999999999998890e-01
2.45007 1.000000000000000000e+00
2.45283 1.000000000000000000e+00
2.45502 1.000000000000000000e+00
2.45773 9.999999999999998890e-01
2.46047 1.000000000000000000e+00
2.46268 1.000000000000000000e+00
2.46544 1.000000000000000000e+00
2.46762 1.000000000000000000e+00
2.47035 1.000000000000000000e+00
2.47255 1.000000000000000000e+00
2.4753 1.000000000000000000e+00
2.47804 1.000000000000000000e+00
2.48023 1.000000000000000000e+00
2.48296 1.000000000000000000e+00
2.48515 1.000000000000000000e+00
2.48788 1.000000000000000000e+00
2.49007 9.999999999999998890e-01
2.49282 1.000000000000000000e+00
2.49502 1.000000000000000000e+00
2.49777 1.000000000000000000e+00
2.50051 1.000000000000000000e+00
2.5027 1.000000000000000000e+00
2.50543 1.000000000000000000e+00
2.50761 9.999999999999998890e-01
2.51033 1.000000000000000000e+00
2.51252 1.000000000000000000e+00
2.51525 1.000000000000000000e+00
2.51799 1.000000000000000222e+00
2.52018 1.000000000000000000e+00
2.52293 1.000000000000000000e+00
2.52512 1.000000000000000000e+00
2.52787 1.000000000000000000e+00
2.53007 1.000000000000000000e+00
2.5328 1.000000000000000000e+00
2.53554 1.000000000000000000e+00
2.53771 1.000000000000000000e+00
2.54043 1.000000000000000000e+00
2.54261 1.000000000000000000e+00
2.54534 1.000000000000000222e+00
2.54752 1.000000000000000000e+00
2.55023 1.000000000000000000e+00
2.55296 1.000000000000000000e+00
2.55515 9.999999999999998890e-01
2.5579 1.000000000000000000e+00
2.56008 1.000000000000000000e+00
2.5628 1.000000000000000000e+00
2.56553 1.000000000000000000e+00
2.5677 1.000000000000000000e+00
2.57042 1.000000000000000222e+00
2.5726 1.000000000000000000e+00
2.57532 1.000000000000000000e+00
2.57751 9.999999999999998890e-01
2.58024 1.000000000000000222e+00
2.58297 1.000000000000000222e+00
2.58516 1.000000000000000000e+00
2.58792 1.000000000000000000e+00
2.59014 1.000000000000000222e+00
2.59288 1.000000000000000222e+00
2.59507 1.000000000000000000e+00
2.5978 1.000000000000000000e+00
2.60054 1.000000000000000000e+00
2.60273 1.000000000000000000e+00
2.60547 1.000000000000000000e+00
2.60767 1.000000000000000000e+00
2.61042 1.000000000000000000e+00
2.61262 9.999999999999998890e-01
2.61538 1.000000000000000000e+00
2.61759 1.000000000000000000e+00
2.62033 1.000000000000000000e+00
2.62252 1.000000000000000000e+00
2.62527 1.000000000000000000e+00
2.62804 1.000000000000000000e+00
2.63024 9.999999999999998890e-01
2.63298 9.999999999999998890e-01
2.63517 1.000000000000000000e+00
2.63792 9.999999999999998890e-01
2.64013 1.000000000000000222e+00
2.64287 1.000000000000000000e+00
2.64506 1.000000000000000000e+00
2.64782 1.000000000000000000e+00
2.65003 1.000000000000000000e+00
2.65279 9.999999999999998890e-01
2.65552 1.000000000000000000e+00
2.65772 9.999999999999998890e-01
2.66046 1.000000000000000000e+00
2.66266 1.000000000000000000e+00
2.66539 1.000000000000000222e+00
2.66758 9.999999999999998890e-01
2.67032 1.000000000000000000e+00
2.6725 1.000000000000000000e+00
2.67526 9.999999999999998890e-01
2.67801 1.000000000000000000e+00
2.68021 1.000000000000000000e+00
2.68296 1.000000000000000000e+00
2.68516 1.000000000000000000e+00
2.68792 9.999999999999998890e-01
2.69013 1.000000000000000000e+00
2.69287 1.000000000000000000e+00
2.69506 1.000000000000000222e+00
2.69782 1.000000000000000000e+00
2.70003 9.999999999999998890e-01
2.70278 9.999999999999998890e-01
2.70553 1.000000000000000222e+00
2.70773 1.000000000000000000e+00
2.71048 9.999999999999998890e-01
2.7127 1.000000000000000000e+00
2.71549 1.000000000000000222e+00
2.71772 9.999999999999998890e-01
2.72047 9.999999999999998890e-01
2.72267 9.999999999999998890e-01
2.72541 1.000000000000000222e+00
2.72761 9.999999999999998890e-01
2.73035 1.000000000000000000e+00
2.73254 9.999999999999998890e-01
2.73528 1.000000000000000222e+00
2.73802 1.000000000000000000e+00
2.74021 1.000000000000000000e+00
2.74296 9.999999999999998890e-01
2.74517 1.000000000000000000e+00
2.74792 1.000000000000000222e+00
2.75013 1.000000000000000222e+00
2.75287 1.000000000000000000e+00
2.75506 1.000000000000000000e+00
2.75779 1.000000000000000000e+00
2.76052 9.999999999999998890e-01
2.76272 1.000000000000000000e+00
2.76547 1.000000000000000000e+00
2.76767 9.999999999999998890e-01
2.77042 1.000000000000000000e+00
2.77263 1.000000000000000000e+00
2.7754 1.000000000000000000e+00
2.77761 9.999999999999998890e-01
2.78038 1.000000000000000222e+00
2.78259 1.000000000000000000e+00
2.78534 9.999999999999998890e-01
2.78754 1.000000000000000000e+00
2.79029 1.000000000000000000e+00
2.79304 1.000000000000000000e+00
2.79523 1.000000000000000000e+00
2.79796 1.000000000000000000e+00
2.80014 1.000000000000000000e+00
2.80289 9.999999999999998890e-01
2.80509 1.000000000000000000e+00
2.80783 1.000000000000000000e+00
2.81002 1.000000000000000000e+00
2.81277 9.999999999999998890e-01
2.81552 9.999999999999998890e-01
2.81773 1.000000000000000000e+00
2.82049 1.000000000000000000e+00
2.8227 9.999999999999998890e-01
2.82547 1.000000000000000000e+00
2.82767 9.999999999999998890e-01
2.83041 1.000000000000000000e+00
2.8326 1.000000000000000000e+00
2.83536 1.000000000000000222e+00
2.83756 1.000000000000000222e+00
2.84032 1.000000000000000000e+00
2.84252 1.000000000000000000e+00
2.84528 1.000000000000000000e+00
2.84804 1.000000000000000000e+00
2.85024 1.000000000000000000e+00
2.853 1.000000000000000000e+00
2.85521 1.000000000000000000e+00
2.85798 1.000000000000000000e+00
2.86019 1.000000000000000000e+00
2.86295 1.000000000000000000e+00
2.86515 9.999999999999998890e-01
2.8679 9.999999999999998890e-01
2.87011 1.000000000000000000e+00
2.87286 1.000000000000000000e+00
2.87505 1.000000000000000000e+00
2.8778 1.000000000000000000e+00
2.88001 9.999999999999998890e-01
2.88277 1.000000000000000222e+00
2.88553 1.000000000000000000e+00
2.88774 1.000000000000000000e+00
2.89052 1.000000000000000000e+00
2.89274 1.000000000000000000e+00
2.89551 9.999999999999998890e-01
2.89772 1.000000000000000000e+00
2.90048 1.000000000000000000e+00
2.90268 1.000000000000000000e+00
2.90544 1.000000000000000222e+00
2.90765 1.000000000000000000e+00
2.91042 1.000000000000000000e+00
2.91264 9.999999999999998890e-01
2.91541 1.000000000000000000e+00
2.91762 9.999999999999998890e-01
2.92039 1.000000000000000000e+00
2.92261 1.000000000000000000e+00
2.92538 1.000000000000000000e+00
2.9276 1.000000000000000000e+00
2.93036 1.000000000000000000e+00
2.93257 1.000000000000000000e+00
2.93531 1.000000000000000000e+00
2.93751 1.000000000000000000e+00
2.94028 1.000000000000000222e+00
2.94305 1.000000000000000000e+00
2.94526 1.000000000000000000e+00
2.94801 1.000000000000000000e+00
2.95022 1.000000000000000000e+00
2.95299 1.000000000000000000e+00
2.95519 1.000000000000000000e+00
2.95795 1.000000000000000000e+00
2.96016 1.000000000000000000e+00
2.96293 1.000000000000000000e+00
2.96515 1.000000000000000000e+00
2.96791 1.000000000000000000e+00
2.97012 1.000000000000000000e+00
2.97288 1.000000000000000222e+00
2.97508 1.000000000000000000e+00
2.97785 1.000000000000000000e+00
2.98007 1.000000000000000000e+00
2.98285 9.999999999999998890e-01
2.98508 1.000000000000000000e+00
2.98787 1.000000000000000000e+00
2.99008 1.000000000000000222e+00
2.99285 1.000000000000000000e+00
2.99507 1.000000000000000222e+00
2.99785 1.000000000000000000e+00
3.00006 1.000000000000000000e+00
3.00281 1.000000000000000000e+00
3.00502 1.000000000000000222e+00
3.00778 1.000000000000000000e+00
3.01054 1.000000000000000000e+00
3.01275 1.000000000000000000e+00
3.01552 1.000000000000000000e+00
3.01776 1.000000000000000000e+00
3.02055 1.000000000000000000e+00
3.02277 1.000000000000000000e+00
3.02554 1.000000000000000000e+00
3.02776 9.999999999999998890e-01
3.03054 1.000000000000000222e+00
3.03276 1.000000000000000000e+00
3.03553 1.000000000000000000e+00
3.03774 1.000000000000000000e+00
3.04051 9.999999999999998890e-01
3.04272 1.000000000000000000e+00
3.04549 1.000000000000000000e+00
3.04771 9.999999999999998890e-01
3.05048 1.000000000000000000e+00
3.0527 1.000000000000000222e+00
3.05548 1.000000000000000222e+00
3.05771 1.000000000000000000e+00
3.06049 9.999999999999998890e-01
3.06271 1.000000000000000000e+00
3.06548 1.000000000000000000e+00
3.0677 1.000000000000000000e+00
3.07047 1.000000000000000000e+00
3.0727 1.000000000000000000e+00
3.07548 1.000000000000000000e+00
3.0777 9.999999999999998890e-01
3.08047 1.000000000000000000e+00
3.08269 1.000000000000000000e+00
3.08549 1.000000000000000000e+00
3.08772 9.999999999999998890e-01
3.0905 9.999999999999998890e-01
3.09272 1.000000000000000000e+00
3.09548 9.999999999999998890e-01
3.09769 1.000000000000000000e+00
3.10047 1.000000000000000000e+00
3.10269 1.000000000000000000e+00
3.10547 1.000000000000000000e+00
3.1077 1.000000000000000000e+00
3.11048 9.999999999999998890e-01
3.11269 1.000000000000000000e+00
3.11546 1.000000000000000000e+00
3.11768 1.000000000000000000e+00
3.12046 1.000000000000000000e+00
3.1227 1.000000000000000000e+00
3.1255 1.000000000000000000e+00
3.12772 1.000000000000000000e+00
3.13049 1.000000000000000000e+00
3.1327 9.999999999999998890e-01
3.13549 1.000000000000000000e+00
3.13771 1.000000000000000000e+00
3.14049 1.000000000000000000e+00
3.14272 1.000000000000000000e+00
3.14549 1.000000000000000000e+00
3.1477 9.999999999999998890e-01
3.15048 1.000000000000000000e+00
3.1527 1.000000000000000000e+00
3.15548 1.000000000000000000e+00
3.15771 1.000000000000000000e+00
3.16049 1.000000000000000000e+00
3.16271 1.000000000000000000e+00
3.16549 1.000000000000000000e+00
3.16771 1.000000000000000000e+00
3.17049 9.999999997643717053e-01
3.17273 9.999999986491648896e-01
3.17552 9.999999969666534261e-01
3.17775 9.999999938800707699e-01
3.18052 9.999998891535226697e-01
3.18274 9.999995604957349071e-01
3.18553 9.999985644685521757e-01
3.18776 9.999974813290083420e-01
3.19054 9.999971646800839276e-01
3.19277 9.999970391539482195e-01
3.195 9.999969384096554226e-01
3.1978 9.998307126281370527e-01
3.20002 9.997381476779247933e-01
3.2028 9.997800141359868276e-01
3.20502 9.998098863174103013e-01
3.20781 9.998356620907827841e-01
3.21003 9.998498498781691612e-01
3.21281 9.998621930831642635e-01
3.21503 9.998691491703270984e-01
3.21781 9.998750656887575028e-01
3.22004 9.998779780011229912e-01
3.22282 9.998798320010477969e-01
3.22505 9.998802305590407391e-01
3.22784 9.998793078426283509e-01
3.23007 9.998777981397860559e-01
3.23286 9.998752556623896615e-01
3.23509 9.998728784510407808e-01
3.23788 9.998657306791375321e-01
3.24011 9.998281335293729422e-01
3.24289 9.997767668385073581e-01
3.24512 9.997459671605557485e-01
3.2479 9.997169790431903458e-01
3.25014 9.996996293036537473e-01
3.25294 9.996818597249437222e-01
3.25517 9.996691742320763518e-01
3.25795 9.996542202381579756e-01
3.26018 9.996429019163886043e-01
3.26298 9.996296679770717564e-01
3.26521 9.996199763433984975e-01
3.268 9.996091726503993913e-01
3.27024 9.996017190298115418e-01
3.27303 9.995938656443087433e-01
3.27525 9.995904538209370305e-01
3.27804 9.995847371283148597e-01
3.28028 9.995776540914402819e-01
3.28251 9.995697005343082697e-01
3.2853 9.995590911470646489e-01
3.28753 9.995504121024432198e-01
3.29031 9.995396317998059832e-01
3.29255 9.995311520612789602e-01
3.29533 9.995207992296176736e-01
3.29756 9.995127046924061620e-01
3.30036 9.995027255071703420e-01
3.3026 9.994949045484249339e-01
3.3054 9.994853706448820763e-01
3.30763 9.994780081521431603e-01
3.31042 9.994691928419512372e-01
3.31266 9.994625232543037363e-01
3.31545 9.994550848407334209e-01
3.31769 9.994499086079506878e-01
3.32049 9.994441048990337917e-01
3.32273 9.994397888235694305e-01
3.32552 9.994345645132315381e-01
3.32775 9.994304183373051709e-01
3.33055 9.994252115991132390e-01
3.33278 9.994209779789120507e-01
3.33502 9.994166228336046620e-01
3.33781 9.994109738986436398e-01
3.34005 9.994062069591158615e-01
3.34284 9.993998810576678604e-01
3.34507 9.993945151335819066e-01
3.34786 9.993874453810849268e-01
3.3501 9.993815099856893092e-01
3.3529 9.993737558436215362e-01
3.35514 9.993674595763559765e-01
3.35794 9.993597059596501797e-01
3.36017 9.993536240405177518e-01
3.36297 9.993461915816015395e-01
3.3652 9.993403744230039409e-01
3.368 9.993332620397380461e-01
3.37024 9.993277122743398078e-01
3.37304 9.993208935541265658e-01
3.37527 9.993155936713529197e-01
3.37751 9.993104719711891626e-01
3.3803 9.993040897689111635e-01
3.38254 9.992989473056458349e-01
3.38534 9.992924442824340225e-01
3.38758 9.992871988516763837e-01
3.39038 9.992806266084615086e-01
3.39262 9.992752778151012816e-01
3.39541 9.992683954897215726e-01
3.39765 9.992629306033989911e-01
3.40045 9.992562425774200729e-01
3.40269 9.992510505104108542e-01
3.40548 9.992447635331195288e-01
3.40772 9.992398764684589096e-01
3.41052 9.992339484254338933e-01
3.41276 9.992293511273313555e-01
3.41501 9.992248950097512017e-01
3.41781 9.992196616331091574e-01
3.42005 9.992157706637461168e-01
3.42284 9.992111241831046486e-01
3.42508 9.992074771524152021e-01
3.42788 9.992029500888446325e-01
3.43011 9.991993707344927200e-01
3.43291 9.991949944856248766e-01
3.43515 9.991914137048307776e-01
3.43796 9.991867530722809976e-01
3.4402 9.991829405185527202e-01
3.443 9.991782254383274609e-01
3.44524 9.991745168722412362e-01
3.44804 9.991699620563161410e-01
3.45028 9.991663373459600539e-01
3.45252 9.991626885005919778e-01
3.45532 9.991581008345334913e-01
3.45756 9.991543953942843004e-01
3.46037 9.991498278637025443e-01
3.46261 9.991462762641299955e-01
3.46542 9.991419522303500722e-01
3.46767 9.991384555935153289e-01
3.47047 9.991339478481743308e-01
3.47271 9.991301897917599373e-01
3.47551 9.991253387236564976e-01
3.47775 9.991213731022180466e-01
3.48056 9.991161370590621038e-01
3.4828 9.991116757912865687e-01
3.48505 9.991070285639560566e-01
3.48785 9.991011247144673257e-01
3.4901 9.990963627229156874e-01
3.4929 9.990903776832927852e-01
3.49514 9.990855168753576265e-01
3.49795 9.990793023833900444e-01
3.50019 9.990742196157565980e-01
3.50299 9.990677326453247797e-01
3.50523 9.990625407622398813e-01
3.50805 9.990560830952002203e-01
3.5103 9.990509449530412533e-01
3.51255 9.990457477093415140e-01
3.51535 9.990391060046743821e-01
3.5176 9.990336114028892656e-01
3.5204 9.990265129524222854e-01
3.52264 9.990207107064100756e-01
3.52546 9.990132866213881080e-01
3.52771 9.990071201056993644e-01
3.53052 9.989991140514391521e-01
3.53277 9.989926045172949909e-01
3.53501 9.989860899597566846e-01
3.53782 9.989779840665606869e-01
3.54007 9.989715130139507071e-01
3.54287 9.989633975206868577e-01
3.54512 9.989568532510979537e-01
3.54792 9.989486045956048610e-01
3.55017 9.989420250098086651e-01
3.55298 9.989339418583395025e-01
3.55524 9.989276045328671083e-01
3.55805 9.989197962801067421e-01
3.56029 9.989135303142021582e-01
3.56253 9.989072074893494690e-01
3.56535 9.988991821408684801e-01
3.5676 9.988926351384489477e-01
3.57041 9.988843397000576330e-01
3.57266 9.988776782652393216e-01
3.57547 9.988691903525059868e-01
3.57771 9.988621488842508445e-01
3.58053 9.988531027623791525e-01
3.58279 9.988458759020455435e-01
3.58505 9.988387221333517862e-01
3.58785 9.988299226209372828e-01
3.5901 9.988229294879803488e-01
3.59291 9.988141712274334338e-01
3.59517 9.988071274037352287e-01
3.59798 9.987983300389895458e-01
3.60023 9.987914224616423198e-01
3.60304 9.987830493341264271e-01
3.60528 9.987765514875175388e-01
3.60753 9.987701109306600378e-01
3.61034 9.987620347438012081e-01
3.6126 9.987555434385623210e-01
3.6154 9.987473841567331423e-01
3.61765 9.987408149771996868e-01
3.62046 9.987325611146958826e-01
3.62271 9.987259840792768184e-01
3.62552 9.987177891167587918e-01
3.62777 9.987111120129861241e-01
3.63002 9.987042550354429116e-01
3.63283 9.986955172921423429e-01
3.63507 9.986886140460277117e-01
3.63789 9.986801767761601667e-01
3.64014 9.986736189744523928e-01
3.64296 9.986656252316293836e-01
3.6452 9.986593300860721056e-01
3.64802 9.986514985034723457e-01
3.65028 9.986453225285152335e-01
3.65254 9.986393770106851697e-01
3.65535 9.986323402810712846e-01
3.6576 9.986269972173958953e-01
3.66042 9.986204882758120682e-01
3.66267 9.986153847599021915e-01
3.66549 9.986091209084111409e-01
3.66774 9.986041816378263825e-01
3.67056 9.985981048638264967e-01
3.67281 9.985933427014461738e-01
3.67507 9.985887023621772274e-01
3.67788 9.985831145008503551e-01
3.68014 9.985787726880293036e-01
3.68296 9.985733723638064996e-01
3.68522 9.985689871107260585e-01
3.68804 9.985635151773100127e-01
3.69029 9.985593431532024944e-01
3.69254 9.985553961193728290e-01
3.69537 9.985507704670599782e-01
3.69762 9.985472736864052790e-01
3.70044 9.985430872696656746e-01
3.70269 9.985398235388622812e-01
3.70551 9.985358731326232640e-01
3.70777 9.985329162557110561e-01
3.71002 9.985302292518127842e-01
3.71284 9.985272590124516512e-01
3.7151 9.985251290611527608e-01
3.71792 9.985226356492388211e-01
3.72017 9.985207514719863786e-01
3.723 9.985185101645864814e-01
3.72526 9.985168322994457668e-01
3.72751 9.985152809653298212e-01
3.73033 9.985135536822743463e-01
3.73259 9.985123272481820633e-01
3.73542 9.985109710508131009e-01
3.73767 9.985099869421131258e-01
3.74049 9.985088058901316899e-01
3.74274 9.985078139408738451e-01
3.74501 9.985067476004237941e-01
3.74785 9.985053648480267663e-01
3.7501 9.985043370318024136e-01
3.75292 9.985032411644499950e-01
3.75518 9.985025118026280566e-01
3.758 9.985017518725691765e-01
3.76026 9.985012212546737764e-01
3.76251 9.985007126340065264e-01
3.76533 9.985000658558871311e-01
3.76758 9.984996633815763634e-01
3.7704 9.984993897267882002e-01
3.77266 9.984993083512038181e-01
3.77548 9.984992423743160872e-01
3.77773 9.984991925125409340e-01
3.78055 9.984991020988165378e-01
3.78281 9.984990175891680364e-01
3.78508 9.984989413930063229e-01
3.7879 9.984989101060335326e-01
3.79016 9.984989445630143567e-01
3.79297 9.984990165238419868e-01
3.79523 9.984990680395778861e-01
3.79805 9.984990998096940906e-01
3.80031 9.984990733436099886e-01
3.80257 9.984989789561795615e-01
3.80539 9.984987378805180169e-01
3.80765 9.984984410129545962e-01
3.81047 9.984979203928736613e-01
3.81273 9.984973836786604773e-01
3.81555 9.984966073765934036e-01
3.81781 9.984959608040044898e-01
3.82006 9.984953284975870424e-01
3.82288 9.984945533201737833e-01
3.82514 9.984939093688436351e-01
3.82796 9.984930679219490290e-01
3.83022 9.984924093954845592e-01
3.83305 9.984916060557028628e-01
3.8353 9.984909504926769985e-01
3.83756 9.984902685388014065e-01
3.84038 9.984893609372639256e-01
3.84263 9.984885874626910907e-01
3.84546 9.984875762731207915e-01
3.84772 9.984867611861254488e-01
3.85054 9.984857666709361368e-01
3.8528 9.984850047647686466e-01
3.85506 9.984842652244483308e-01
3.85789 9.984833215742439094e-01
3.86014 9.984825400546499807e-01
3.86297 9.984815169272058810e-01
3.86524 9.984806549927638386e-01
3.86806 9.984795228024531122e-01
3.87032 9.984785735359059666e-01
3.87258 9.984775893308035499e-01
3.8754 9.984763139328328707e-01
3.87766 9.984752684818143376e-01
3.88049 9.984739410448035812e-01
3.88276 9.984728744595968708e-01
3.88502 9.984718262069008921e-01
3.88784 9.984705688498720644e-01
3.8901 9.984696113249342808e-01
3.89292 9.984684853998820886e-01
3.89518 9.984676453148026987e-01
3.89801 9.984666730013896929e-01
3.90028 9.984659606514012520e-01
3.90254 9.984653033119150756e-01
3.90537 9.984645503958244905e-01
3.90763 9.984640041314627457e-01
3.91045 9.984633929375491546e-01
3.91271 9.984629688364745626e-01
3.91555 9.984625439608755260e-01
3.91782 9.984623015594942252e-01
3.92009 9.984621507912758709e-01
3.92294 9.984620628881549775e-01
3.92519 9.984620440347889980e-01
3.92801 9.984620683219136428e-01
3.93028 9.984621193911664694e-01
3.93255 9.984621962915383175e-01
3.9354 9.984623217321875188e-01
3.93768 9.984624463157220076e-01
3.94054 9.984626286514434179e-01
3.9428 9.984627838686377377e-01
3.94506 9.984629406595304513e-01
3.94789 9.984628669027044712e-01
3.95015 9.984627237198365757e-01
3.95299 9.984626475410172119e-01
3.95527 9.984625527083571539e-01
3.95754 9.984624619602918694e-01
3.96037 9.984623531697217613e-01
3.96263 9.984622563999893119e-01
3.96546 9.984621193313570897e-01
3.96772 9.984620380528643757e-01
3.97055 9.984619967852800260e-01
3.97282 9.984619809327957007e-01
3.97509 9.984619645055742287e-01
3.97793 9.984619439263353602e-01
3.9802 9.984619321814016679e-01
3.98302 9.984619302739005109e-01
3.98528 9.984619478025379413e-01
3.98755 9.984619856225052104e-01
3.99038 9.984620417710473594e-01
3.99265 9.984620668285045797e-01
3.99549 9.984620617309495350e-01
3.99776 9.984620192010111861e-01
4.00002 9.984619340030629342e-01
4.00284 9.984617590866128323e-01
4.00511 9.984615557652799511e-01
4.00793 9.984612075704872858e-01
4.0102 9.984608488936231874e-01
4.01303 9.984602706905966185e-01
4.0153 9.984596935726721689e-01
4.01756 9.984590240882026402e-01
4.02039 9.984580732956038762e-01
4.02266 9.984572654966844540e-01
4.02548 9.984562205101333854e-01
4.02775 9.984553607643363859e-01
4.03001 9.984544804285523378e-01
4.03285 9.984533397473911442e-01
4.03512 9.984523688962604338e-01
4.03795 9.984510574102822833e-01
4.04021 9.984499464958502823e-01
4.04304 9.984485433051824010e-01
4.04531 9.984473997123439748e-01
4.04758 9.984461913953065482e-01
4.05041 9.984445979802488713e-01
4.05267 9.984432580630121512e-01
4.0555 9.984415071720620372e-01
4.05776 9.984400430645227198e-01
4.06003 9.984385108142211918e-01
4.06286 9.984364973183977865e-01
4.06512 9.984348026126824704e-01
4.06795 9.984325707963209728e-01
4.07022 9.984306913886000778e-01
4.07306 9.984282172723278892e-01
4.07532 9.984261348852360163e-01
4.07759 9.984239620349909528e-01
4.08042 9.984211199817850657e-01
4.08268 9.984187448818668820e-01
4.08552 9.984156266664554469e-01
4.08779 9.984130256790755276e-01
4.09005 9.984103421918246735e-01
4.09288 9.984068855124432762e-01
4.09515 9.984040750116554008e-01
4.09798 9.984005382997007683e-01
4.10025 9.983977052005357233e-01
4.10251 9.983948714925048318e-01
4.10535 9.983913212679640381e-01
4.10762 9.983884548823193095e-01
4.11046 9.983848159871649974e-01
4.11273 9.983819046106429118e-01
4.11556 9.983783085844603056e-01
4.11783 9.983754363690782174e-01
4.12009 9.983725366277881319e-01
4.12293 9.983688798650600660e-01
4.12519 9.983659334414073383e-01
4.12803 9.983622218380630020e-01
4.13029 9.983592256093879458e-01
4.13256 9.983562096873866976e-01
4.1354 9.983524015898084247e-01
4.13768 9.983493294783167826e-01
4.14051 9.983454622212556417e-01
4.14278 9.983423363695316244e-01
4.14505 9.983391721501728711e-01
4.14789 9.983351650703516933e-01
4.15017 9.983319303859329308e-01
4.153 9.983278690363645014e-01
4.15526 9.983245896694126209e-01
4.15754 9.983212605582887367e-01
4.16038 9.983170585818035292e-01
4.16264 9.983136789358171281e-01
4.16548 9.983094592623353858e-01
4.16774 9.983061108451498633e-01
4.17002 9.983027970687134989e-01
4.17286 9.982987214143402843e-01
4.17513 9.982955217481767063e-01
4.17798 9.982916026121174680e-01
4.18024 9.982885349421694032e-01
4.18251 9.982855018265648361e-01
4.18535 9.982817232075346103e-01
4.18762 9.982787286369794177e-01
4.19046 9.982751113294211498e-01
4.19273 9.982723115359607435e-01
4.19556 9.982688403533208632e-01
4.19784 9.982660715431126430e-01
4.20011 9.982633258891100425e-01
4.20295 9.982599469423502070e-01
4.20522 9.982572827922245873e-01
4.20805 9.982539983813299989e-01
4.21032 9.982514038247155552e-01
4.21259 9.982488322801363889e-01
4.21543 9.982456405234367836e-01
4.21771 9.982431029748709550e-01
4.22054 9.982399567585759081e-01
4.22281 9.982374539962071136e-01
4.22508 9.982349534376311340e-01
4.22792 9.982318238961680468e-01
4.23019 9.982293277482756633e-01
4.23302 9.982262217277898531e-01
4.23529 9.982237548854634435e-01
4.23757 9.982213314806044346e-01
4.24041 9.982183825164840929e-01
4.24268 9.982160975133159697e-01
4.24552 9.982133385691053240e-01
4.24778 9.982112165136380888e-01
4.25005 9.982091640601805649e-01
4.25289 9.982066866488614743e-01
4.25516 9.982047710557261366e-01
4.258 9.982024447941353351e-01
4.26026 9.982006236337432892e-01
4.26253 9.981988285035603425e-01
4.26537 9.981966228868732749e-01
4.26765 9.981949196408561598e-01
4.27049 9.981929152788053816e-01
4.27276 9.981913774577172438e-01
4.27503 9.981898447501980076e-01
4.27787 9.981879266144471075e-01
4.28013 9.981863982181387041e-01
4.28297 9.981845111427427586e-01
4.28525 9.981830220294607425e-01
4.28751 9.981815481802784884e-01
4.29035 9.981797142307559101e-01
4.29262 9.981782420655087584e-01
4.29546 9.981763830306950025e-01
4.29773 9.981748595975469263e-01
4.3 9.981732991027347790e-01
4.30284 9.981712975323683290e-01
4.30511 9.981696619499967893e-01
4.30796 9.981676092989917315e-01
4.31023 9.981659646703643363e-01
4.31251 9.981643231438080965e-01
4.31535 9.981622848086144639e-01
4.31761 9.981606677187478960e-01
4.32045 9.981586531311750221e-01
4.32272 9.981570412136279158e-01
4.32556 9.981550211375176396e-01
4.32783 9.981533887072220335e-01
4.3301 9.981517341568997281e-01
4.33294 9.981496310651336579e-01
4.33521 9.981479179077237252e-01
4.33806 9.981457315484739690e-01
4.34033 9.981439447201745363e-01
4.34261 9.981421298610321236e-01
4.34544 9.981398422129189596e-01
4.34771 9.981380049365642382e-01
4.35055 9.981357098309381337e-01
4.35283 9.981338564744438591e-01
4.3551 9.981319495017473287e-01
4.35793 9.981294713388685347e-01
4.3602 9.981274130566294422e-01
4.36304 9.981247592635740240e-01
4.36532 9.981225872614483130e-01
4.36759 9.981203708509059913e-01
4.37043 9.981175323116828757e-01
4.37271 9.981151958703811111e-01
4.37555 9.981121610548411294e-01
4.37782 9.981096379003239205e-01
4.3801 9.981070366363918867e-01
4.38294 9.981037177833195218e-01
4.38521 9.981010248290137499e-01
4.38805 9.980976171939253128e-01
4.39032 9.980948597760500585e-01
4.39259 9.980920811714169005e-01
4.39544 9.980885814062736561e-01
4.39771 9.980857575754201738e-01
4.40055 9.980821827687735848e-01
4.40282 9.980792851436721680e-01
4.4051 9.980763563772852009e-01
4.40794 9.980726527206719156e-01
4.41022 9.980696565977104084e-01
4.41306 9.980658754238144192e-01
4.41533 9.980628202787177328e-01
4.4176 9.980597440328028425e-01
4.42045 9.980558895235153161e-01
4.42272 9.980528329866183990e-01
4.42556 9.980490489124721476e-01
4.42783 9.980460266994969354e-01
4.43011 9.980429603171502295e-01
4.43295 9.980390610300946541e-01
4.43523 9.980358906948941788e-01
4.43807 9.980318648501436130e-01
4.44034 9.980286019147791565e-01
4.44262 9.980253178025755290e-01
4.44546 9.980211945423655973e-01
4.44774 9.980178766427479919e-01
4.45001 9.980145358455588811e-01
4.45285 9.980103025357307533e-01
4.45512 9.980068580784466903e-01
4.45797 9.980024905791488044e-01
4.46025 9.979989877890658168e-01
4.46253 9.979954963220837305e-01
4.46537 9.979911673944794614e-01
4.46764 9.979877253279293425e-01
4.47048 9.979834386558363857e-01
4.47276 9.979800248264313334e-01
4.47504 9.979766234295303073e-01
4.47788 9.979723861883932345e-01
4.48015 9.979690086799855031e-01
4.48299 9.979647999947636183e-01
4.48526 9.979614356988413260e-01
4.48755 9.979580696287276842e-01
4.4904 9.979538936473073552e-01
4.49267 9.979506210504786035e-01
4.49551 9.979466372995251522e-01
4.49779 9.979435152403334230e-01
4.50007 9.979404335677323212e-01
4.50292 9.979365843631641253e-01
4.50519 9.979334980282599243e-01
4.50803 9.979296169950873097e-01
4.51031 9.979264961228515585e-01
4.51258 9.979233722379814431e-01
4.51543 9.979194742692190090e-01
4.51771 9.979163799098113019e-01
4.52056 9.979125543044362612e-01
4.52283 9.979095176290370128e-01
4.5251 9.979064867202454003e-01
4.52795 9.979026791119007811e-01
4.53023 9.978996112775148086e-01
4.53251 9.978965406957123196e-01
4.53535 9.978927231201223380e-01
4.53763 9.978897074978511084e-01
4.54047 9.978860022177967748e-01
4.54275 9.978830931209144994e-01
4.54503 9.978802305506410120e-01
4.54788 9.978767134771157066e-01
4.55015 9.978739442661761494e-01
4.55299 9.978705239415760486e-01
4.55527 9.978678032890789806e-01
4.55756 9.978651049732901734e-01
4.5604 9.978617698147367321e-01
4.56268 9.978591390868779554e-01
4.56552 9.978559531626435275e-01
4.5678 9.978535065481413113e-01
4.57007 9.978511401315679485e-01
4.57292 9.978482128818559893e-01
4.5752 9.978458753024342931e-01
4.57805 9.978429508329380582e-01
4.58033 9.978406028511186410e-01
4.58261 9.978382498950093549e-01
4.58547 9.978353147364065201e-01
4.58775 9.978329950345947719e-01
4.59002 9.978307079665579282e-01
4.59287 9.978278776693466634e-01
4.59514 9.978256263290714578e-01
4.59799 9.978228205975363529e-01
4.60027 9.978205734970927443e-01
4.60255 9.978183052813246467e-01
4.6054 9.978154433189582173e-01
4.60767 9.978131364440483431e-01
4.61052 9.978102521421184923e-01
4.61281 9.978079651650094695e-01
4.61509 9.978057122547248081e-01
4.61794 9.978029642699063340e-01
4.62022 9.978008105952500539e-01
4.62306 9.977981608698283100e-01
4.62534 9.977960612164509246e-01
4.62762 9.977939723708942887e-01
4.63047 9.977913713122673611e-01
4.63275 9.977892936159767912e-01
4.63503 9.977872242485140708e-01
4.63787 9.977846478814558218e-01
4.64015 9.977826181561071373e-01
4.64301 9.977801706821718408e-01
4.64529 9.977782576117084634e-01
4.64757 9.977763327700039930e-01
4.65042 9.977738990604426705e-01
4.6527 9.977719322579996497e-01
4.65555 9.977694578402760417e-01
4.65783 9.977674627450245914e-01
4.66012 9.977654689981898528e-01
4.66296 9.977629831597587540e-01
4.66524 9.977609924471350089e-01
4.66752 9.977589886014480713e-01
4.67037 9.977564557637809139e-01
4.67265 9.977543937792084927e-01
4.6755 9.977517537401439096e-01
4.67778 9.977495904541603400e-01
4.68006 9.977473886293095617e-01
4.68291 9.977446241050977882e-01
4.68519 9.977424130157563908e-01
4.68805 9.977396622704415297e-01
4.69034 9.977374901490211334e-01
4.69261 9.977353506570436625e-01
4.69545 9.977327029831899452e-01
4.69774 9.977305921218120321e-01
4.70002 9.977284811696779387e-01
4.70287 9.977258382842644213e-01
4.70515 9.977237151526203718e-01
4.708 9.977210543637339279e-01
4.71028 9.977189234120513728e-01
4.71256 9.977167897793239870e-01
4.71542 9.977141062657723936e-01
4.71771 9.977119619980332477e-01
4.72056 9.977092988210953806e-01
4.72284 9.977071907878021229e-01
4.72512 9.977051036906564585e-01
4.72797 9.977024854943657983e-01
4.73025 9.977003617045501205e-01
4.73253 9.976982168760426539e-01
4.73539 9.976955249200079034e-01
4.73767 9.976933764691061635e-01
4.74051 9.976906815649153604e-01
4.74279 9.976884868459346967e-01
4.74508 9.976862496133752645e-01
4.74794 9.976833931528433785e-01
4.75022 9.976810620551903597e-01
4.7525 9.976787150010777427e-01
4.75535 9.976757827021042191e-01
4.75763 9.976734407446500308e-01
4.76049 9.976705229892408600e-01
4.76278 9.976682088425304906e-01
4.76506 9.976659212011412814e-01
4.76791 9.976630948005994481e-01
4.77019 9.976608426734655533e-01
4.77304 9.976580262652249287e-01
4.77532 9.976557743688075908e-01
4.77761 9.976535203665460871e-01
4.78046 9.976507032090810023e-01
4.78274 9.976484568002299547e-01
4.78502 9.976462152108480641e-01
4.78787 9.976434148218628062e-01
4.79016 9.976411744869414511e-01
4.79302 9.976383788638631955e-01
4.7953 9.976361453563089565e-01
4.79758 9.976339112596545045e-01
4.80043 9.976311207645229828e-01
4.80272 9.976288942338878973e-01
4.80557 9.976261203875657069e-01
4.80786 9.976239126316432948e-01
4.81014 9.976217134680968046e-01
4.81299 9.976189523716588736e-01
4.81527 9.976167143516005975e-01
4.81755 9.976144385230781841e-01
4.8204 9.976115521417641130e-01
4.82269 9.976092109669574270e-01
4.82555 9.976062596138337568e-01
4.82784 9.976038917959053620e-01
4.83012 9.976015219139479084e-01
4.83297 9.975985536007638821e-01
4.83526 9.975961758873472807e-01
4.83754 9.975937946611519447e-01
4.84039 9.975908124611101435e-01
4.84267 9.975884193079475049e-01
4.84552 9.975854183096821703e-01
4.8478 9.975830082794332476e-01
4.85008 9.975805864541077428e-01
4.85294 9.975775378670188598e-01
4.85523 9.975750868218001832e-01
4.85751 9.975726285044610453e-01
4.86037 9.975695390824789177e-01
4.86265 9.975670560779231755e-01
4.8655 9.975639355404409825e-01
4.86778 9.975614169260488273e-01
4.87008 9.975588766187456491e-01
4.87294 9.975556802070749685e-01
4.87522 9.975531120618581493e-01
4.8775 9.975505274604948847e-01
4.88036 9.975472751225099577e-01
4.88264 9.975446592188581540e-01
4.8855 9.975413661146582678e-01
4.88779 9.975387056052201773e-01
4.89008 9.975360147111449471e-01
4.89292 9.975326021016130973e-01
4.8952 9.975298193591634055e-01
4.89806 9.975262676904709247e-01
4.90035 9.975233804121539372e-01
4.90264 9.975204497911127621e-01
4.9055 9.975167315255339950e-01
4.90779 9.975137219146990031e-01
4.91007 9.975106833091265113e-01
4.91293 9.975068396123000225e-01
4.91521 9.975037275760991751e-01
4.91807 9.974997964788215876e-01
4.92035 9.974966243458338599e-01
4.92263 9.974934249447674484e-01
4.92549 9.974893899336613190e-01
4.92777 9.974861337373850390e-01
4.93005 9.974828486341544842e-01
4.93291 9.974786942124206357e-01
4.93521 9.974753438534407213e-01
4.93806 9.974711354992138457e-01
4.94035 9.974677422784660186e-01
4.94263 9.974643287200051223e-01
4.94548 9.974600310557371063e-01
4.94777 9.974565588012294093e-01
4.95006 9.974530560371335230e-01
4.95293 9.974486511892665108e-01
4.95521 9.974451156167828403e-01
4.95807 9.974406707985360443e-01
4.96036 9.974370953693383335e-01
4.96264 9.974335072418037962e-01
4.9655 9.974289996596753527e-01
4.96779 9.974253677798474715e-01
4.97008 9.974217073088567087e-01
4.97293 9.974170836414458785e-01
4.97521 9.974133388800853206e-01
4.97806 9.974085977892587218e-01
4.98035 9.974047650712654089e-01
4.98265 9.974008811051675583e-01
4.98552 9.973959759454373852e-01
4.98781 9.973920331617478485e-01
4.9901 9.973880781818563745e-01
4.99295 9.973831064344640396e-01
4.99524 9.973791105230468412e-01
4.99752 9.973751019023177067e-01
5.00038 9.973700694620731833e-01
5.00267 9.973660353749415064e-01
5.00553 9.973610000407719944e-01
5.00781 9.973569765352340299e-01
5.01009 9.973529505466146583e-01
5.01295 9.973479099673610015e-01
5.01524 9.973438814058098734e-01
5.01753 9.973398504950948817e-01
5.0204 9.973348217692873385e-01
5.02269 9.973308185994566033e-01
5.02554 9.973258289284402389e-01
5.02783 9.973218454716747949e-01
5.03011 9.973178708569366835e-01
5.03297 9.973129174212733705e-01
5.03527 9.973089623531630199e-01
5.03756 9.973050249133661449e-01
5.04042 9.973001456963056510e-01
5.0427 9.972962715067632544e-01
5.04556 9.972914588636045963e-01
5.04785 9.972876332223921114e-01
5.05014 9.972838257504795800e-01
5.05301 9.972790761201036913e-01
5.0553 9.972752786919621970e-01
5.05758 9.972714945355476424e-01
5.06043 9.972667697847376056e-01
5.06272 9.972629901660204910e-01
5.06501 9.972592168775522570e-01
5.06787 9.972545076002516939e-01
5.07017 9.972507462906902154e-01
5.07304 9.972460767215678423e-01
5.07533 9.972423833107773028e-01
5.07761 9.972387167777372330e-01
5.08047 9.972341744902545324e-01
5.08276 9.972305789711725099e-01
5.08505 9.972270169922392569e-01
5.08791 9.972226151283934970e-01
5.0902 9.972191426705304673e-01
5.09306 9.972148726116090156e-01
5.09534 9.972115033995160305e-01
5.09763 9.972081687821005014e-01
5.10049 9.972040610019335949e-01
5.10278 9.972008160165125590e-01
5.10508 9.971976129978534775e-01
5.10795 9.971936787743221897e-01
5.11023 9.971905918128228796e-01
5.11252 9.971875524965313486e-01
5.11538 9.971838140764395231e-01
5.11766 9.971808727293287600e-01
5.12053 9.971772490215119467e-01
5.12283 9.971744047988373438e-01
5.12512 9.971716219472045450e-01
5.12798 9.971682323692966365e-01
5.13027 9.971655852686877042e-01
5.13255 9.971629935625256902e-01
5.13542 9.971598302007901315e-01
5.13771 9.971573428824878071e-01
5.14001 9.971548942099662804e-01
5.14287 9.971518866725593844e-01
5.14516 9.971495133327156202e-01
5.14802 9.971465826876481087e-01
5.1503 9.971442732036912560e-01
5.15259 9.971419899877412840e-01
5.15546 9.971391600364168939e-01
5.15776 9.971369312081694858e-01
5.16005 9.971347429057507705e-01
5.16291 9.971320638336975684e-01
5.1652 9.971299690449695330e-01
5.16806 9.971274134210670326e-01
5.17035 9.971254172627451728e-01
5.17264 9.971234627494205416e-01
5.1755 9.971210814597655236e-01
5.17779 9.971192247139877285e-01
5.18008 9.971174081881466478e-01
5.18294 9.971151939267359765e-01
5.18522 9.971134646792508827e-01
5.18751 9.971117686593183871e-01
5.19038 9.971096909427737964e-01
5.19267 9.971080658903284100e-01
5.19554 9.971060797414148524e-01
5.19783 9.971045246141057028e-01
5.20012 9.971029999676830347e-01
5.20298 9.971011334084660671e-01
5.20526 9.970996714530443450e-01
5.20755 9.970982386154845223e-01
5.21041 9.970964932991898122e-01
5.21271 9.970951353346675372e-01
5.215 9.970938251924571505e-01
5.21787 9.970922562076034446e-01
5.22016 9.970910434748661011e-01
5.22302 9.970895595108540954e-01
5.22531 9.970883742072691458e-01
5.2276 9.970871834614650764e-01
5.23048 9.970856787803397125e-01
5.23279 9.970844623841119692e-01
5.23508 9.970832412181054316e-01
5.23795 9.970817056964647040e-01
5.24024 9.970804795005631105e-01
5.24252 9.970792644262976845e-01
5.24539 9.970777644396113804e-01
5.24768 9.970765730882518163e-01
5.25055 9.970750764203077932e-01
5.25284 9.970738520885140677e-01
5.25513 9.970726023739899802e-01
5.25799 9.970710262683023517e-01
5.26028 9.970697726171663389e-01
5.26257 9.970685251099623558e-01
5.26544 9.970669780048003750e-01
5.26773 9.970657466088010956e-01
5.27003 9.970645160417442865e-01
5.27289 9.970629680788807292e-01
5.27518 9.970617234236380799e-01
5.27804 9.970601542307218068e-01
5.28033 9.970588873947757724e-01
5.28262 9.970576103513720811e-01
5.28549 9.970559966339120894e-01
5.28778 9.970546897387355667e-01
5.29008 9.970533700120537413e-01
5.29294 9.970517082814139842e-01
5.29523 9.970503664205295768e-01
5.29752 9.970490188971020684e-01
5.30038 9.970473357071495402e-01
5.30268 9.970460051336788032e-01
5.30554 9.970443584525177094e-01
5.30784 9.970430458397492313e-01
5.31013 9.970417155921892371e-01
5.313 9.970400223666640027e-01
5.31529 9.970386435119193980e-01
5.31758 9.970372367777053935e-01
5.32044 9.970354352346065818e-01
5.32274 9.970339609579828011e-01
5.32504 9.970324572634881033e-01
5.32793 9.970305401606934792e-01
5.33024 9.970289873482997001e-01
5.33254 9.970274264953350452e-01
5.33542 9.970254609828064218e-01
5.33771 9.970238872811929554e-01
5.34 9.970223102268618298e-01
5.34287 9.970203290218102588e-01
5.34516 9.970187320337929870e-01
5.34803 9.970167133961410633e-01
5.35032 9.970150769463539397e-01
5.35261 9.970134189696577831e-01
5.35548 9.970113167721319503e-01
5.35776 9.970096195039428455e-01
5.36006 9.970079244103384752e-01
5.36293 9.970058167244225666e-01
5.36523 9.970041397031894626e-01
5.36754 9.970024625689711817e-01
5.37043 9.970003727704366270e-01
5.37272 9.969987130498173533e-01
5.37502 9.969970558709435604e-01
5.37788 9.969949929244328324e-01
5.38017 9.969933480672538151e-01
5.38303 9.969912923669053129e-01
5.38533 9.969896506596841457e-01
5.38763 9.969880190563318312e-01
5.39049 9.969860069669848057e-01
5.39278 9.969844290438689693e-01
5.39507 9.969828803618501212e-01
5.39794 9.969809808639248372e-01
5.40023 9.969794708781017922e-01
5.40254 9.969779661902409273e-01
5.40541 9.969760956947321118e-01
5.40772 9.969746056513691945e-01
5.41002 9.969731227062649248e-01
5.41289 9.969712868579932996e-01
5.41518 9.969698320936566382e-01
5.41804 9.969680379803669279e-01
5.42033 9.969666234374759961e-01
5.42263 9.969652267395034961e-01
5.4255 9.969635002555340408e-01
5.42779 9.969621374271692149e-01
5.43011 9.969607828810895800e-01
5.433 9.969591175686812745e-01
5.43531 9.969578132386156533e-01
5.43762 9.969565351729835490e-01
5.4405 9.969549747767771919e-01
5.44281 9.969537551132112707e-01
5.44511 9.969525576587014992e-01
5.44798 9.969510934331728969e-01
5.45028 9.969499405535673375e-01
5.45257 9.969488013778541324e-01
5.45544 9.969473927469365560e-01
5.45773 9.969462860997376774e-01
5.46003 9.969452127518358964e-01
5.46289 9.969439260058035046e-01
5.46519 9.969429381147001390e-01
5.46806 9.969417510624247747e-01
5.47037 9.969408317763999161e-01
5.47267 9.969399402563073886e-01
5.47555 9.969388633279285816e-01
5.47786 9.969380319116029066e-01
5.48017 9.969372279242816326e-01
5.48304 9.969362642487853421e-01
5.48534 9.969355314114844990e-01
5.48764 9.969348381550401372e-01
5.49051 9.969340235869286193e-01
5.4928 9.969334081012704019e-01
5.4951 9.969328161372403851e-01
5.49796 9.969321067697298755e-01
5.50026 9.969315611379565567e-01
5.50255 9.969310321135997910e-01
5.50542 9.969303925838873814e-01
5.50771 9.969298978607497030e-01
5.51002 9.969294176589091894e-01
5.5129 9.969288406447273099e-01
5.51521 9.969283958571951709e-01
5.51753 9.969279656018857905e-01
5.52042 9.969274496967287513e-01
5.52272 9.969270550927465946e-01
5.52503 9.969266743737127401e-01
5.5279 9.969262189033273325e-01
5.53019 9.969258699655133560e-01
5.53306 9.969254539235661294e-01
5.53535 9.969251362843514208e-01
5.53765 9.969248302751098079e-01
5.54053 9.969244658289996286e-01
5.54283 9.969241865626971011e-01
5.54513 9.969239136683553104e-01
5.54801 9.969235753262662980e-01
5.55033 9.969233013181605374e-01
5.55264 9.969230177643106927e-01
5.55554 9.969226524118439681e-01
5.55786 9.969223619363043465e-01
5.56018 9.969220890195662488e-01
5.56307 9.969217749584965427e-01
5.56538 9.969215439595799921e-01
5.56769 9.969213260666776044e-01
5.57057 9.969210644600315918e-01
5.57287 9.969208574145029811e-01
5.57517 9.969206514787314344e-01
5.57804 9.969203957014747264e-01
5.58034 9.969201934202766013e-01
5.58263 9.969199944010952441e-01
5.58551 9.969197533972697922e-01
5.58782 9.969195723568272660e-01
5.59012 9.969194009317341454e-01
5.59302 9.969191995008641616e-01
5.59534 9.969190411853700029e-01
5.59766 9.969188821976100456e-01
5.60056 9.969186815371239296e-01
5.60287 9.969185186196668491e-01
5.60518 9.969183522004667619e-01
5.60807 9.969181401564255474e-01
5.61037 9.969179670637524637e-01
5.61268 9.969177928837704705e-01
5.61555 9.969175752293237824e-01
5.61785 9.969174010377686024e-01
5.62015 9.969172270533662727e-01
5.62302 9.969170100419082470e-01
5.62532 9.969168372794307009e-01
5.62762 9.969166655333181470e-01
5.63049 9.969164532777329280e-01
5.63279 9.969162869342068634e-01
5.63509 9.969161256195030463e-01
5.63797 9.969159331474272134e-01
5.64027 9.969157890738840067e-01
5.64258 9.969156545284951765e-01
5.64546 9.969154983893402378e-01
5.64777 9.969153809206274808e-01
5.65008 9.969152664332932012e-01
5.65296 9.969151234074373757e-01
5.65527 9.969150045244716818e-01
5.65759 9.969148787186861149e-01
5.66047 9.969147210876169174e-01
5.66277 9.969146073306974776e-01
5.66507 9.969145177858047546e-01
5.66794 9.969144403378913388e-01
5.67024 9.969144051054507072e-01
5.67254 9.969143901709336397e-01
5.67542 9.969143965069536817e-01
5.67773 9.969144172689862193e-01
5.68004 9.969144519122687953e-01
5.68292 9.969145153237740642e-01
5.68522 9.969145826243259734e-01
5.68753 9.969146651094138445e-01
5.69041 9.969147897913501755e-01
5.69272 9.969149064898562562e-01
5.69503 9.969150387331701113e-01
5.69792 9.969152281080616573e-01
5.70024 9.969154051319788490e-01
5.70256 9.969156089218733641e-01
5.70546 9.969158981677287423e-01
5.70778 9.969161479045496321e-01
5.7101 9.969164108505057520e-01
5.713 9.969167563359006001e-01
5.71531 9.969170465225932753e-01
5.71762 9.969173493091626481e-01
5.7205 9.969177464018840196e-01
5.72281 9.969180809022699652e-01
5.72511 9.969184304955183151e-01
5.72799 9.969188882528363660e-01
5.73029 9.969192701124038880e-01
5.73259 9.969196650434604123e-01
5.73547 9.969201762359536367e-01
5.73778 9.969205979717657984e-01
5.74009 9.969210307539232430e-01
5.74298 9.969215874569361535e-01
5.74529 9.969220459882621732e-01
5.7476 9.969225183205744356e-01
5.7505 9.969231288570579164e-01
5.75282 9.969236330150728076e-01
5.75514 9.969241491035790714e-01
5.75804 9.969248108793068441e-01
5.76037 9.969253476594176488e-01
5.7627 9.969258862350096617e-01
5.76502 9.969264183665366152e-01
5.76793 9.969270687081042137e-01
5.77025 9.969275793387979423e-01
5.77256 9.969280917431325717e-01
5.77546 9.969287496256818981e-01
5.77777 9.969292894800623195e-01
5.78008 9.969298439910176945e-01
5.78296 9.969305560996737370e-01
5.78527 9.969311387443687833e-01
5.78757 9.969317280973766238e-01
5.79045 9.969324676042229383e-01
5.79276 9.969330593616611003e-01
5.79506 9.969336499101884019e-01
5.79794 9.969343849888341325e-01
5.80024 9.969349700722933694e-01
5.80255 9.969355528643735198e-01
5.80543 9.969362789661964097e-01
5.80773 9.969368580964165227e-01
5.81004 9.969374364713795567e-01
5.81292 9.969381577880590539e-01
5.81523 9.969387334623550645e-01
5.81754 9.969393074891496065e-01
5.82043 9.969400204649015995e-01
5.82275 9.969405863436240356e-01
5.82506 9.969411474061965484e-01
5.82795 9.969418410173073175e-01
5.83026 9.969423896041206268e-01
5.83257 9.969429330051988725e-01
5.83547 9.969436058729796990e-01
5.83778 9.969441389993903835e-01
5.8401 9.969446681851549252e-01
5.84299 9.969453235987475459e-01
5.84531 9.969458431012505617e-01
5.84763 9.969463579187916036e-01
5.85052 9.969469937095413181e-01
5.85284 9.969474961999585938e-01
5.85515 9.969479935747596056e-01
5.85803 9.969486075379191403e-01
5.86034 9.969490933277069811e-01
5.86265 9.969495740485737612e-01
5.86553 9.969501687091860687e-01
5.86784 9.969506399226844007e-01
5.87014 9.969511076106256642e-01
5.87303 9.969516860867621011e-01
5.87534 9.969521443640195768e-01
5.87765 9.969526003239408407e-01
5.88054 9.969531719815365456e-01
5.88285 9.969536347094407613e-01
5.88516 9.969541026782823279e-01
5.88805 9.969546933556322488e-01
5.89036 9.969551689155999874e-01
5.89268 9.969556379576247629e-01
5.89557 9.969562116248195105e-01
5.89788 9.969566616948962734e-01
5.9002 9.969571100490276505e-01
5.90251 9.969575687364091721e-01
5.90541 9.969581607621844643e-01
5.90773 9.969586532807901413e-01
5.91005 9.969591655406988551e-01
5.91296 9.969598321660221307e-01
5.91528 9.969603866568986783e-01
5.91761 9.969609581809776300e-01
5.92052 9.969616903062537006e-01
5.92284 9.969622880489894534e-01
5.92517 9.969628959224793308e-01
5.9275 9.969635136468817382e-01
5.93041 9.969642996507643851e-01
5.93275 9.969649416633091787e-01
5.93509 9.969655955154557159e-01
5.938 9.969664294043166786e-01
5.94033 9.969671116103375752e-01
5.94266 9.969678070014847959e-01
5.94556 9.969686942305848731e-01
5.94789 9.969694182223491907e-01
5.95021 9.969701530414007973e-01
5.95252 9.969708990433264750e-01
5.95542 9.969718451109514934e-01
5.95774 9.969726129257777680e-01
5.96005 9.969733900663878545e-01
5.96294 9.969743744648926764e-01
5.96525 9.969751726699079830e-01
5.96756 9.969759800181121623e-01
5.97045 9.969770024481842130e-01
5.97277 9.969778307127521444e-01
5.97508 9.969786681378727256e-01
5.97796 9.969797271982552278e-01
5.98027 9.969805826459142706e-01
5.98258 9.969814443606096477e-01
5.98547 9.969825296203631559e-01
5.98778 9.969834038451205194e-01
5.99009 9.969842824417701754e-01
5.99298 9.969853843169709240e-01
5.99529 9.969862661678760007e-01
5.9976 9.969871474713680737e-01
6.00049 9.969882483116840888e-01
6.0028 9.969891287182113260e-01
6.00511 9.969900091840268042e-01
6.008 9.969911125364304683e-01
6.01032 9.969919972282877962e-01
6.01263 9.969928840177038065e-01
6.01553 9.969939935741319870e-01
6.01785 9.969948802579359226e-01
6.02017 9.969957618982705494e-01
6.02306 9.969968510000102313e-01
6.02538 9.969977074261409111e-01
6.0277 9.969985463804248438e-01
6.03002 9.969993658518231383e-01
6.03292 9.970003625604625386e-01
6.03524 9.970011406924472741e-01
6.03756 9.970019065910169509e-01
6.04046 9.970028552608573014e-01
6.04279 9.970036151855217188e-01
6.04511 9.970043715749622448e-01
6.04802 9.970052921043294214e-01
6.05034 9.970059987904298371e-01
6.05267 9.970066790991783945e-01
6.055 9.970073375856702835e-01
6.05791 9.970081356647114701e-01
6.06025 9.970087596886654246e-01
6.06258 9.970093682739904484e-01
6.0655 9.970101003925455618e-01
6.06783 9.970106529853084432e-01
6.07016 9.970111726991899292e-01
6.07307 9.970117739811540369e-01
6.0754 9.970122188524364049e-01
6.07772 9.970126408693759101e-01
6.08005 9.970130428867288730e-01
6.08295 9.970135199234012591e-01
6.08527 9.970138851320519136e-01
6.08759 9.970142372226930005e-01
6.09049 9.970146567801498882e-01
6.09281 9.970149748929767464e-01
6.09512 9.970152740379323308e-01
6.09802 9.970156159520376926e-01
6.10034 9.970158618043970522e-01
6.10265 9.970160819867432966e-01
6.10554 9.970163204047869376e-01
6.10786 9.970164819016275048e-01
6.11017 9.970166182406656752e-01
6.11306 9.970167548780453082e-01
6.11538 9.970168386281885731e-01
6.11769 9.970169008467462124e-01
6.12 9.970169424263938263e-01
6.12289 9.970169663689558703e-01
6.12521 9.970169636163636051e-01
6.12752 9.970169416591192491e-01
6.13041 9.970168874456687425e-01
6.13272 9.970168228126268239e-01
6.13504 9.970167394227963387e-01
6.13793 9.970166092827921211e-01
6.14025 9.970164848665680202e-01
6.14256 9.970163430438565566e-01
6.14546 9.970161422859228351e-01
6.14777 9.970159639071126678e-01
6.15009 9.970157707514130108e-01
6.15299 9.970155098086935785e-01
6.1553 9.970152868417975212e-01
6.15762 9.970150521274956379e-01
6.16052 9.970147438012709751e-01
6.16284 9.970144860741341208e-01
6.16517 9.970142193759987670e-01
6.16807 9.970138746584973344e-01
6.17039 9.970135907513909546e-01
6.17271 9.970133004354577722e-01
6.17503 9.970130047067938817e-01
6.17793 9.970126285061076121e-01
6.18025 9.970123235172294596e-01
6.18257 9.970120159656520320e-01
6.18547 9.970116294192524764e-01
6.18778 9.970113198390767595e-01
6.1901 9.970110109943057797e-01
6.19299 9.970106277501031844e-01
6.19531 9.970103245599700736e-01
6.19763 9.970100255402070122e-01
6.20052 9.970096584378514981e-01
6.20283 9.970093703986356859e-01
6.20515 9.970090885989592033e-01
6.20804 9.970087468343763470e-01
6.21035 9.970084832794401386e-01
6.21267 9.970082296254042520e-01
6.21556 9.970079282074330029e-01
6.21787 9.970077008164907051e-01
6.22018 9.970074867803803143e-01
6.22308 9.970072393710538439e-01
6.22539 9.970070586918471367e-01
6.2277 9.970068943192699207e-01
6.23001 9.970067460497115119e-01
6.2329 9.970065817719385715e-01
6.23522 9.970064685408209781e-01
6.23753 9.970063726979871976e-01
6.24042 9.970062772511181226e-01
6.24273 9.970062200014053744e-01
6.24504 9.970061811969334054e-01
6.24793 9.970061604541520239e-01
6.25025 9.970061664257388045e-01
6.25256 9.970061929577394011e-01
6.25545 9.970062564241206626e-01
6.25776 9.970063320346953528e-01
6.26008 9.970064300909684540e-01
6.26297 9.970065844768587482e-01
6.26528 9.970067333669245802e-01
6.2676 9.970069038539434159e-01
6.27049 9.970071463923565469e-01
6.27281 9.970073636365635039e-01
6.27512 9.970076013248897473e-01
6.27801 9.970079269324870763e-01
6.28033 9.970082101421395837e-01
6.28264 9.970085133819033274e-01
6.28554 9.970089205512643327e-01
6.28786 9.970092685774096797e-01
6.29017 9.970096362444796911e-01
6.29307 9.970101230824592875e-01
6.29539 9.970105339180914683e-01
6.29771 9.970109634429517032e-01
6.30002 9.970114110712861022e-01
6.30292 9.970119953466600737e-01
6.30524 9.970124819485115530e-01
6.30756 9.970129850373232738e-01
6.31045 9.970136363643266053e-01
6.31277 9.970141748502374668e-01
6.31509 9.970147282871533179e-01
6.31799 9.970154410047605831e-01
6.3203 9.970160277081132616e-01
6.32262 9.970166287403728900e-01
6.32552 9.970173995210366291e-01
6.32784 9.970180312465147798e-01
6.33016 9.970186775950579117e-01
6.33305 9.970195058565557433e-01
6.33537 9.970201835467603635e-01
6.33769 9.970208739959336430e-01
6.34001 9.970215763407841436e-01
6.34291 9.970224701577166115e-01
6.34523 9.970231968599319039e-01
6.34755 9.970239311396926762e-01
6.35045 9.970248576625855286e-01
6.35277 9.970256044411965890e-01
6.35509 9.970263556057363807e-01
6.35799 9.970272989812355435e-01
6.36032 9.970280566056859417e-01
6.36264 9.970288157263407225e-01
6.36555 9.970297658796770657e-01
6.36787 9.970305268966266343e-01
6.3702 9.970312882718822545e-01
6.37252 9.970320504807967943e-01
6.37543 9.970330041397722498e-01
6.37775 9.970337670284437070e-01
6.38007 9.970345297722618128e-01
6.38298 9.970354824661574744e-01
6.3853 9.970362434481313541e-01
6.38762 9.970370033098108209e-01
6.39052 9.970379504183303210e-01
6.39284 9.970387060002533497e-01
6.39516 9.970394590836104687e-01
6.39806 9.970403968073595635e-01
6.40038 9.970411437540591670e-01
6.4027 9.970418875786702939e-01
6.40501 9.970426283393960531e-01
6.40791 9.970435494149763045e-01
6.41023 9.970442825982447355e-01
6.41254 9.970450122794964898e-01
6.41544 9.970459196288132819e-01
6.41775 9.970466417069857590e-01
6.42007 9.970473604298910608e-01
6.42296 9.970482543623094829e-01
6.42528 9.970489659281345229e-01
6.42759 9.970496745720756060e-01
6.43048 9.970505563530316362e-01
6.4328 9.970512588257720576e-01
6.43511 9.970519588601315375e-01
6.438 9.970528307858766981e-01
6.44032 9.970535261480475420e-01
6.44263 9.970542198232380526e-01
6.44552 9.970550850022995570e-01
6.44784 9.970557759832999745e-01
6.45015 9.970564662648134791e-01
6.45304 9.970573286858117612e-01
6.45536 9.970580187016354623e-01
6.45767 9.970587091904247190e-01
6.46056 9.970595736305305490e-01
6.46288 9.970602666523835644e-01
6.46519 9.970609615849586049e-01
6.46751 9.970616587096433614e-01
6.4704 9.970625339996244119e-01
6.47272 9.970632378618905500e-01
6.47503 9.970639454298810822e-01
6.47793 9.970648359888948375e-01
6.48024 9.970655537048505046e-01
6.48256 9.970662769400036041e-01
6.48546 9.970671890824218675e-01
6.48777 9.970679261555206452e-01
6.49009 9.970686701821506182e-01
6.49299 9.970696108332746110e-01
6.49531 9.970703725948931728e-01
6.49763 9.970711428670485654e-01
6.50053 9.970721191326549215e-01
6.50285 9.970729109910111410e-01
6.50518 9.970737134889419151e-01
6.5075 9.970745268582915655e-01
6.51041 9.970755597115412705e-01
6.51273 9.970763996944361773e-01
6.51506 9.970772519775120690e-01
6.51796 9.970783350289914582e-01
6.52029 9.970792164197217478e-01
6.52261 9.970801113860368048e-01
6.52552 9.970812500117511856e-01
6.52784 9.970821773457915205e-01
6.53016 9.970831197002734125e-01
6.53307 9.970843194584244618e-01
6.53539 9.970852971297325951e-01
6.53772 9.970862911010530683e-01
6.54004 9.970873017547990935e-01
6.54294 9.970885889762379772e-01
6.54527 9.970896383198356583e-01
6.54759 9.970907053868096614e-01
6.5505 9.970920644878931149e-01
6.55282 9.970931724976875854e-01
6.55515 9.970942989520940047e-01
6.55805 9.970957330104617267e-01
6.56038 9.970969014345081316e-01
6.5627 9.970980884202998995e-01
6.56502 9.970992940661604909e-01
6.56792 9.971008281016937591e-01
6.57024 9.971020764397720004e-01
6.57256 9.971033443440899813e-01
6.57546 9.971049560222381425e-01
6.57778 9.971062673655280983e-01
6.5801 9.971075981295277613e-01
6.583 9.971092889577506391e-01
6.58531 9.971106637741133927e-01
6.58763 9.971120579310696064e-01
6.59053 9.971138284553424658e-01
6.59284 9.971152666184318614e-01
6.59516 9.971167244512261219e-01
6.59805 9.971185740602462877e-01
6.60037 9.971200755339626465e-01
6.60268 9.971215963282678008e-01
6.60558 9.971235241875896493e-01
6.60789 9.971250878883803903e-01
6.61021 9.971266704713286355e-01
6.61252 9.971282717056216827e-01
6.61541 9.971302993266435433e-01
6.61773 9.971319419647933779e-01
6.62005 9.971336026091743854e-01
6.62294 9.971357036073705826e-01
6.62526 9.971374038634910342e-01
6.62757 9.971391217421829989e-01
6.63047 9.971412924482560003e-01
6.63279 9.971430479235138256e-01
6.63511 9.971448194494655359e-01
6.638 9.971470560322905907e-01
6.64032 9.971488627789768522e-01
6.64264 9.971506839396724331e-01
6.64554 9.971529816605947394e-01
6.64787 9.971548348508346704e-01
6.65019 9.971567019972047419e-01
6.65251 9.971585817408349373e-01
6.65542 9.971609485052431721e-01
6.65774 9.971628552270062062e-01
6.66007 9.971647719971519219e-01
6.66298 9.971671836907556319e-01
6.66531 9.971691226065528824e-01
6.66763 9.971710675329427120e-01
6.67054 9.971735074773209195e-01
6.67287 9.971754648527556553e-01
6.67519 9.971774259417889308e-01
6.67751 9.971793911847268710e-01
6.68041 9.971818495671370686e-01
6.68273 9.971838188462202046e-01
6.68505 9.971857880881883629e-01
6.68795 9.971882496137003393e-01
6.69027 9.971902174604259095e-01
6.69258 9.971921829942280713e-01
6.69548 9.971946361683007298e-01
6.69779 9.971965937900425514e-01
6.70011 9.971985470325717138e-01
6.703 9.972009800241986577e-01
6.70531 9.972029190702415002e-01
6.70762 9.972048504356990639e-01
6.71051 9.972072524962926066e-01
6.71283 9.972091636088835642e-01
6.71514 9.972110641278211229e-01
6.71803 9.972134240276495643e-01
6.72034 9.972152981036952468e-01
6.72265 9.972171590910693384e-01
6.72554 9.972194657031380194e-01
6.72785 9.972212942679462566e-01
6.73016 9.972231071407854364e-01
6.73305 9.972253501989567503e-01
6.73537 9.972271250270741128e-01
6.73768 9.972288822257828755e-01
6.74057 9.972310520598055561e-01
6.74288 9.972327664030435912e-01
6.7452 9.972344606249191612e-01
6.74751 9.972361341764863774e-01
6.75041 9.972381969029247006e-01
6.75272 9.972398223273745144e-01
6.75504 9.972414264854256860e-01
6.75794 9.972433995254624817e-01
6.76025 9.972449528331941426e-01
6.76257 9.972464829686640275e-01
6.76547 9.972483623250425477e-01
6.76779 9.972498390184991734e-01
6.77011 9.972512916079159240e-01
6.77301 9.972530732958615474e-01
6.77533 9.972544713534453598e-01
6.77765 9.972558453100035525e-01
6.78055 9.972575288357368173e-01
6.78287 9.972588488232919657e-01
6.78519 9.972601452166374170e-01
6.78751 9.972614180779000304e-01
6.79042 9.972629772737889864e-01
6.79274 9.972641990559362180e-01
6.79506 9.972653991154715181e-01
6.79797 9.972668689570184375e-01
6.80029 9.972680207238665551e-01
6.80261 9.972691516917738808e-01
6.80551 9.972705377268308302e-01
6.80783 9.972716246249629934e-01
6.81015 9.972726938050825440e-01
6.81305 9.972740058208678926e-01
6.81536 9.972750375357790631e-01
6.81768 9.972760542580773047e-01
6.82057 9.972773056379847789e-01
6.82289 9.972782926912298063e-01
6.8252 9.972792681443926055e-01
6.82752 9.972802335458399448e-01
6.83041 9.972814276212359497e-01
6.83272 9.972823743913936667e-01
6.83503 9.972833149375720518e-01
6.83792 9.972844837819592190e-01
6.84024 9.972854150387389094e-01
6.84255 9.972863443151168683e-01
6.84544 9.972875051487261056e-01
6.84775 9.972884350021187227e-01
6.85007 9.972893672487390671e-01
6.85296 9.972905382383723261e-01
6.85527 9.972914812082517289e-01
6.85759 9.972924311514627105e-01
6.86048 9.972936308203683708e-01
6.8628 9.972946015408377107e-01
6.86511 9.972955837824954983e-01
6.86801 9.972968289385218954e-01
6.87033 9.972978412290143257e-01
6.87265 9.972988690671796830e-01
6.87554 9.973001779679381285e-01
6.87787 9.973012462772468112e-01
6.88019 9.973023342729409046e-01
6.88251 9.973034445281138138e-01
6.88542 9.973048638844108638e-01
6.88774 9.973060252882605115e-01
6.89006 9.973072114096206420e-01
6.89296 9.973087302490601935e-01
6.89528 9.973099752380150118e-01
6.8976 9.973112487964763684e-01
6.90049 9.973128807443886190e-01
6.90281 9.973142207922716107e-01
6.90512 9.973155916151592582e-01
6.90802 9.973173505205868983e-01
6.91033 9.973187947425251609e-01
6.91264 9.973202726225224302e-01
6.91553 9.973221688406561647e-01
6.91784 9.973237251262669911e-01
6.92016 9.973253174651272035e-01
6.92304 9.973273587121344042e-01
6.92535 9.973290330959286853e-01
6.92767 9.973307445251515801e-01
6.93055 9.973329361708932472e-01
6.93286 9.973347316134824059e-01
6.93517 9.973365645007070679e-01
6.93806 9.973389080461881884e-01
6.94037 9.973408249099227074e-01
6.94268 9.973427784740621638e-01
6.94557 9.973452718742521483e-01
6.94788 9.973473069768753474e-01
6.9502 9.973493772746558905e-01
6.95251 9.973514825767488823e-01
6.9554 9.973541610520274547e-01
6.95771 9.973563415526174314e-01
6.96003 9.973585532695373734e-01
6.96292 9.973613613588174776e-01
6.96524 9.973636407817700889e-01
6.96755 9.973659475679871322e-01
6.97045 9.973688677325789342e-01
6.97277 9.973712308534700144e-01
6.97508 9.973736160914037363e-01
6.97798 9.973766263018548628e-01
6.9803 9.973790554910668682e-01
6.98261 9.973815012062625662e-01
6.98551 9.973845789266418960e-01
6.98783 9.973870553094306146e-01
6.99014 9.973895416200616593e-01
6.99304 9.973926618843028669e-01
6.99536 9.973951640666769425e-01
6.99768 9.973976704851365005e-01
7 9.974001776841976419e-01
7.0029 9.974033096498232664e-01
7.00523 9.974058113612327414e-01
7.00755 9.974083060053854366e-01
7.01046 9.974114131386100368e-01
7.01278 9.974138855081075006e-01
7.0151 9.974163410177203648e-01
7.018 9.974193860484062979e-01
7.02032 9.974217995387613112e-01
7.02264 9.974241906064741370e-01
7.02554 9.974271464323450909e-01
7.02785 9.974294809604773437e-01
7.03017 9.974317883540338991e-01
7.03306 9.974346300435520396e-01
7.03538 9.974368682945080611e-01
7.03769 9.974390733149814947e-01
7.04 9.974412435317207004e-01
7.04289 9.974439053430116386e-01
7.04521 9.974459917475712034e-01
7.04752 9.974480390347159053e-01
7.05041 9.974505410905739611e-01
7.05272 9.974524959634067933e-01
7.05503 9.974544083036678277e-01
7.05792 9.974567375921514767e-01
7.06023 9.974585512366287432e-01
7.06255 9.974603201396360364e-01
7.06544 9.974624670742129329e-01
7.06775 9.974641333981791869e-01
7.07006 9.974657532508693913e-01
7.07296 9.974677129811639897e-01
7.07527 9.974692282935614385e-01
7.07759 9.974706967493404131e-01
7.08048 9.974724670403848359e-01
7.0828 9.974738303264810702e-01
7.08512 9.974751479225864026e-01
7.08801 9.974767293492587950e-01
7.09034 9.974779433685719843e-01
7.09266 9.974791118431849402e-01
7.09556 9.974805092865520750e-01
7.09788 9.974815777136036843e-01
7.10021 9.974826020100051593e-01
7.10253 9.974835842072163894e-01
7.10544 9.974847519390509509e-01
7.10777 9.974856386222407112e-01
7.1101 9.974864842047822533e-01
7.113 9.974874847199383110e-01
7.11533 9.974882409328447164e-01
7.11765 9.974889591108841991e-01
7.12056 9.974898044699092026e-01
7.12288 9.974904403042008649e-01
7.1252 9.974910412047345298e-01
7.12753 9.974916082497279346e-01
7.13043 9.974922710360747402e-01
7.13275 9.974927652572005421e-01
7.13508 9.974932285899730244e-01
7.13798 9.974937657988401929e-01
7.1403 9.974941638100512931e-01
7.14262 9.974945347306015675e-01
7.14552 9.974949624205834420e-01
7.14784 9.974952773754206525e-01
7.15015 9.974955694548408580e-01
7.15305 9.974959045075370012e-01
7.15537 9.974961499196000059e-01
7.15768 9.974963767199358511e-01
7.16058 9.974966359189786358e-01
7.16289 9.974968254324309003e-01
7.16521 9.974970005134586870e-01
7.16752 9.974971624007532567e-01
7.17041 9.974973479984357017e-01
7.17273 9.974974844206135893e-01
7.17504 9.974976113144775614e-01
7.17793 9.974977582221007388e-01
7.18025 9.974978677285160078e-01
7.18256 9.974979713300875517e-01
7.18546 9.974980943167914837e-01
7.18778 9.974981888807872288e-01
7.19009 9.974982813769159851e-01
7.19299 9.974983949091433821e-01
7.19531 9.974984838256851782e-01
7.19763 9.974985711399136923e-01
7.20053 9.974986788478147348e-01
7.20285 9.974987648301212317e-01
7.20517 9.974988506952277012e-01
7.20808 9.974989506635012493e-01
7.2104 9.974990253178765975e-01
7.21273 9.974990973893760327e-01
7.21506 9.974991683766630812e-01
7.21796 9.974992573824171815e-01
7.22029 9.974993301582305572e-01
7.22261 9.974994086412546368e-01
7.22551 9.974995205867108750e-01
7.22783 9.974996229217053534e-01
7.23015 9.974997378179907281e-01
7.23305 9.974999008075881024e-01
7.23536 9.975000477645341590e-01
7.23768 9.975002102945120797e-01
7.24057 9.975004363479250680e-01
7.24289 9.975006360267848482e-01
7.2452 9.975008529288413861e-01
7.24751 9.975010871702437720e-01
7.2504 9.975014047218020430e-01
7.25272 9.975016785862531599e-01
7.25503 9.975019700872689299e-01
7.25792 9.975023591817090418e-01
7.26023 9.975026900497302451e-01
7.26254 9.975030381644039990e-01
7.26543 9.975034971572933618e-01
7.26774 9.975038830291669267e-01
7.27005 9.975042851247530873e-01
7.27294 9.975048098185822498e-01
7.27525 9.975052466469590540e-01
7.27757 9.975056980535066398e-01
7.28046 9.975062817579980479e-01
7.28277 9.975067635979452119e-01
7.28508 9.975072576496729626e-01
7.28798 9.975078914984567557e-01
7.29029 9.975084103815009540e-01
7.29261 9.975089389358287040e-01
7.29551 9.975096118660308209e-01
7.29782 9.975101587386514534e-01
7.30014 9.975107125372769667e-01
7.30304 9.975114124783213132e-01
7.30536 9.975119774941123563e-01
7.30768 9.975125460320382054e-01
7.31 9.975131172295625959e-01
7.3129 9.975138336914227688e-01
7.31522 9.975144078744500042e-01
7.31754 9.975149821853772636e-01
7.32044 9.975156989738629409e-01
7.32276 9.975162708571178038e-01
7.32509 9.975168403885751323e-01
7.32799 9.975175481433040670e-01
7.33031 9.975181100964838343e-01
7.33263 9.975186675420779636e-01
7.33554 9.975193560140199756e-01
7.33786 9.975198982604702724e-01
7.34017 9.975204308015644949e-01
7.34307 9.975210813148733813e-01
7.34539 9.975215873972773650e-01
7.34771 9.975220792904918587e-01
7.35002 9.975225556710758390e-01
7.35292 9.975231272130994364e-01
7.35523 9.975235639271230470e-01
7.35754 9.975239789300071047e-01
7.36044 9.975244655482276013e-01
7.36275 9.975248284947710875e-01
7.36506 9.975251677087101365e-01
7.36795 9.975255579629304092e-01
7.37027 9.975258427776811931e-01
7.37258 9.975261029029426352e-01
7.37547 9.975263928823430160e-01
7.37779 9.975265963134521963e-01
7.3801 9.975267740491527979e-01
7.38299 9.975269595677376255e-01
7.38531 9.975270782749576792e-01
7.38762 9.975271702684490593e-01
7.39051 9.975272472028232640e-01
7.39283 9.975272780347990143e-01
7.39515 9.975272812836287750e-01
7.39805 9.975272462316593369e-01
7.40036 9.975271867556831928e-01
7.40268 9.975270991336903093e-01
7.40501 9.975269833335828062e-01
7.40791 9.975267988649341167e-01
7.41023 9.975266194521331675e-01
7.41256 9.975264119115317962e-01
7.41546 9.975261132606926262e-01
7.41778 9.975258430860931558e-01
7.4201 9.975255456037210866e-01
7.423 9.975251356473849862e-01
7.42532 9.975247775312271470e-01
7.42764 9.975243931537377540e-01
7.43054 9.975238759100147901e-01
7.43285 9.975234336535440116e-01
7.43517 9.975229661436950668e-01
7.43806 9.975223473166049404e-01
7.44037 9.975218252241295769e-01
7.44268 9.975212796642970448e-01
7.44557 9.975205657400315618e-01
7.44788 9.975199695353944573e-01
7.45019 9.975193519772443951e-01
7.4525 9.975187134627961916e-01
7.45539 9.975178869815195526e-01
7.4577 9.975172039392677936e-01
7.46001 9.975165022014670368e-01
7.4629 9.975155998579325889e-01
7.46521 9.975148587669900868e-01
7.46752 9.975141012746362446e-01
7.47041 9.975131327524964231e-01
7.47272 9.975123413328554900e-01
7.47503 9.975115361541040393e-01
7.47792 9.975105114055006217e-01
7.48023 9.975096778990322210e-01
7.48255 9.975088333118212747e-01
7.48544 9.975077624625275918e-01
7.48775 9.975068952657791810e-01
7.49007 9.975060185167619053e-01
7.49297 9.975049108588375235e-01
7.49528 9.975040164665096576e-01
7.4976 9.975031157093732226e-01
7.5005 9.975019823458012302e-01
7.50281 9.975010707017805123e-01
7.50513 9.975001557126262908e-01
7.50803 9.974990082116595991e-01
7.51035 9.974980884900871425e-01
7.51267 9.974971679407947933e-01
7.51557 9.974960174655496115e-01
7.51789 9.974950983365199475e-01
7.52021 9.974941808575386037e-01
7.52253 9.974932663781548303e-01
7.52543 9.974921277621734417e-01
7.52776 9.974912219950331504e-01
7.53008 9.974903214147061714e-01
7.53299 9.974892042018015381e-01
7.53532 9.974883187990266631e-01
7.53764 9.974874422394613971e-01
7.54054 9.974863585686888356e-01
7.54286 9.974855031807590144e-01
7.54518 9.974846576633525919e-01
7.54808 9.974836162625880798e-01
7.55039 9.974827959970383739e-01
7.55271 9.974819876137358543e-01
7.55502 9.974811919115103009e-01
7.55792 9.974802151551465101e-01
7.56023 9.974794490674770975e-01
7.56254 9.974786966063227123e-01
7.56543 9.974777760184554420e-01
7.56775 9.974770558951283617e-01
7.57006 9.974763505286371457e-01
7.57295 9.974754891709128879e-01
7.57526 9.974748164116097326e-01
7.57757 9.974741584537902828e-01
7.58046 9.974733572016939442e-01
7.58278 9.974727332846067274e-01
7.58509 9.974721247661165746e-01
7.58798 9.974713858202927108e-01
7.59029 9.974708120616084805e-01
7.59261 9.974702539027647807e-01
7.5955 9.974695776572145567e-01
7.59781 9.974690540838990760e-01
7.60013 9.974685455219504115e-01
7.60303 9.974679310394490850e-01
7.60534 9.974674559974338051e-01
7.60766 9.974669954167841857e-01
7.61056 9.974664397381830527e-01
7.61289 9.974660105722013004e-01
7.61521 9.974655950614164102e-01
7.61753 9.974651923714404900e-01
7.62044 9.974647069344977357e-01
7.62276 9.974643324667660238e-01
7.62509 9.974639698187139913e-01
7.628 9.974635324243702472e-01
7.63032 9.974631946594938459e-01
7.63264 9.974628669914575863e-01
7.63555 9.974624707958449354e-01
7.63787 9.974621637765135329e-01
7.6402 9.974618649180388985e-01
7.64252 9.974615735963394680e-01
7.64543 9.974612190560401270e-01
7.64775 9.974609422955157401e-01
7.65008 9.974606709555806638e-01
7.65298 9.974603387392478870e-01
7.6553 9.974600774529245317e-01
7.65762 9.974598195463661998e-01
7.66052 9.974595007973977578e-01
7.66284 9.974592478543984342e-01
7.66515 9.974589960870292593e-01
7.66805 9.974586818354828077e-01
7.67037 9.974584301638200756e-01
7.67268 9.974581773961392894e-01
7.67558 9.974578590275664514e-01
7.67789 9.974576016130837219e-01
7.68021 9.974573411073327511e-01
7.68252 9.974570769254746949e-01
7.68542 9.974567406128198588e-01
7.68773 9.974564659855682525e-01
7.69005 9.974561858363055755e-01
7.69294 9.974558270096004486e-01
7.69526 9.974555324545513191e-01
7.69757 9.974552306954547198e-01
7.70047 9.974548426363624154e-01
7.70278 9.974545231055937933e-01
7.7051 9.974541948288004889e-01
7.708 9.974537720554825793e-01
7.71032 9.974534232180979343e-01
7.71264 9.974530648256765275e-01
7.71554 9.974526028239134590e-01
7.71787 9.974522216552497156e-01
7.72019 9.974518301365780104e-01
7.72252 9.974514274142356474e-01
7.72543 9.974509087543779184e-01
7.72775 9.974504812868258963e-01
7.73008 9.974500423961020212e-01
7.73299 9.974494777683807767e-01
7.73531 9.974490127166177889e-01
7.73763 9.974485348206747481e-01
7.74053 9.974479202426340674e-01
7.74285 9.974474140248108522e-01
7.74517 9.974468953765965873e-01
7.74806 9.974462290110726048e-01
7.75038 9.974456816291406014e-01
7.75269 9.974451215032954510e-01
7.75501 9.974445483852181216e-01
7.7579 9.974438142476580449e-01
7.76021 9.974432122611196494e-01
7.76252 9.974425974728197142e-01
7.76541 9.974418106848296217e-01
7.76773 9.974411666300194712e-01
7.77004 9.974405095513342312e-01
7.77292 9.974396697613147067e-01
7.77524 9.974389831785673843e-01
7.77755 9.974382834369446282e-01
7.78044 9.974373901081788896e-01
7.78275 9.974366605875346625e-01
7.78506 9.974359177177815061e-01
7.78795 9.974349704090237356e-01
7.79026 9.974341975795345538e-01
7.79257 9.974334112293283816e-01
7.79547 9.974324097446645165e-01
7.79778 9.974315929840250616e-01
7.8001 9.974307623958857949e-01
7.80299 9.974297037547099620e-01
7.80531 9.974288408041876997e-01
7.80763 9.974279637132347220e-01
7.81053 9.974268471976154293e-01
7.81285 9.974259387449836423e-01
7.81517 9.974250167251046406e-01
7.81807 9.974238454756070293e-01
7.82039 9.974228932657601687e-01
7.82271 9.974219277472704537e-01
7.82504 9.974209488412406621e-01
7.82794 9.974197060805203296e-01
7.83026 9.974186969977003603e-01
7.83259 9.974176746188930798e-01
7.83549 9.974163780355795872e-01
7.83781 9.974153270132377624e-01
7.84013 9.974142631130925585e-01
7.84303 9.974129153765707301e-01
7.84535 9.974118231386583933e-01
7.84767 9.974107178446370847e-01
7.85056 9.974093191961383997e-01
7.85287 9.974081857289770481e-01
7.85519 9.974070399804177978e-01
7.8575 9.974058816591000465e-01
7.8604 9.974044162336148656e-01
7.86271 9.974032300800493855e-01
7.86502 9.974020315704953399e-01
7.86791 9.974005164667334444e-01
7.87023 9.973992908759959919e-01
7.87254 9.973980533847890406e-01
7.87543 9.973964902600047644e-01
7.87774 9.973952268765012841e-01
7.88006 9.973939523578306821e-01
7.88295 9.973923441539483958e-01
7.88527 9.973910455617236437e-01
7.88758 9.973897372188125221e-01
7.89048 9.973880876261143058e-01
7.89279 9.973867578141205614e-01
7.89511 9.973854189457429520e-01
7.89801 9.973837335129526194e-01
7.90033 9.973823764946372350e-01
7.90265 9.973810115119905451e-01
7.90556 9.973792966482745159e-01
7.90788 9.973779171368754026e-01
7.91021 9.973765328468586766e-01
7.91253 9.973751456195684151e-01
7.91543 9.973734082868299655e-01
7.91775 9.973720161258933237e-01
7.92007 9.973706237573206623e-01
7.92297 9.973688822746573646e-01
7.92528 9.973674909347521877e-01
7.9276 9.973661007118719279e-01
7.93049 9.973643668406114715e-01
7.9328 9.973629836765641743e-01
7.93511 9.973616047951521235e-01
7.938 9.973598891015548196e-01
7.94032 9.973585233211750278e-01
7.94263 9.973571651601330634e-01
7.94551 9.973554787310668912e-01
7.94782 9.973541399620534653e-01
7.95013 9.973528112916208999e-01
7.95302 9.973511659725954326e-01
7.95533 9.973498632615916959e-01
7.95764 9.973485735909056737e-01
7.96053 9.973469809102536443e-01
7.96284 9.973457236844370799e-01
7.96515 9.973444820937378275e-01
7.96804 9.973429538731231059e-01
7.97035 9.973417511460136442e-01
7.97266 9.973405670035585535e-01
7.97556 9.973391145343636355e-01
7.97787 9.973379752387572239e-01
7.98019 9.973368576456054235e-01
7.9825 9.973357617430539390e-01
7.9854 9.973344244066946196e-01
7.98772 9.973333815379605838e-01
7.99003 9.973323634294037898e-01
7.99293 9.973311267371188782e-01
7.99525 9.973301666155838241e-01
7.99757 9.973292334740430087e-01
8.00047 9.973281050964059036e-01
8.00279 9.973272338956677974e-01
8.00511 9.973263908449113702e-01
8.00802 9.973253773765389241e-01
8.01034 9.973245994634877265e-01
8.01267 9.973238506463624198e-01
8.01557 9.973229569905602832e-01
8.0179 9.973222766441046661e-01
8.02022 9.973216268198825674e-01
8.02254 9.973210081959230644e-01
8.02545 9.973202786899015848e-01
8.02777 9.973197298647561437e-01
8.03008 9.973192122651416414e-01
8.03298 9.973186083502039168e-01
8.0353 9.973181600801431790e-01
8.03761 9.973177421674268572e-01
8.0405 9.973172624655211038e-01
8.04282 9.973169124785250528e-01
8.04513 9.973165921698691205e-01
8.04802 9.973162330733407188e-01
8.05033 9.973159782549410046e-01
8.05264 9.973157518806425870e-01
8.05553 9.973155080681680440e-01
8.05785 9.973153436903863245e-01
8.06016 9.973152059352631271e-01
8.06305 9.973150701823687569e-01
8.06536 9.973149899023073806e-01
8.06767 9.973149340132666518e-01
8.07056 9.973148972416110425e-01
8.07288 9.973148933442033126e-01
8.07519 9.973149111983975468e-01
8.07751 9.973149499588781497e-01
8.0804 9.973150264053532998e-01
8.08272 9.973151088789363738e-01
8.08504 9.973152092071522201e-01
8.08794 9.973153583877240047e-01
8.09026 9.973154954257804627e-01
8.09258 9.973156471979607307e-01
8.09549 9.973158559670141088e-01
8.09781 9.973160369162822336e-01
8.10014 9.973162291396360235e-01
8.10305 9.973164834050278760e-01
8.10537 9.973166965630785308e-01
8.1077 9.973169172709916985e-01
8.11002 9.973171443808318548e-01
8.11293 9.973174356415511754e-01
8.11525 9.973176732574430270e-01
8.11758 9.973179138235230834e-01
8.12048 9.973182171181947941e-01
8.12281 9.973184605996118224e-01
8.12513 9.973187037742602401e-01
8.12803 9.973190055762705120e-01
8.13036 9.973192443243017458e-01
8.13268 9.973194796922026928e-01
8.13557 9.973197678244632991e-01
8.13789 9.973199925859091985e-01
8.14021 9.973202112569721223e-01
8.14253 9.973204232375594280e-01
8.14542 9.973206776146829045e-01
8.14774 9.973208718652579741e-01
8.15005 9.973210572055829504e-01
8.15295 9.973212754260416535e-01
8.15526 9.973214385820597938e-01
8.15758 9.973215910098998105e-01
8.16047 9.973217657207132936e-01
8.16279 9.973218923034644634e-01
8.1651 9.973220067009360701e-01
8.168 9.973221320164062931e-01
8.17031 9.973222177224757568e-01
8.17263 9.973222901565966803e-01
8.17553 9.973223617185845713e-01
8.17785 9.973224034749456068e-01
8.18017 9.973224312774807698e-01
8.18307 9.973224462132501689e-01
8.18539 9.973224421363323655e-01
8.18771 9.973224237882014620e-01
8.19004 9.973223910673129078e-01
8.19295 9.973223299962226118e-01
8.19527 9.973222650497600705e-01
8.1976 9.973221858857562738e-01
8.20051 9.973220671005682547e-01
8.20283 9.973219565752488025e-01
8.20516 9.973218323392326612e-01
8.20806 9.973216582268467079e-01
8.21038 9.973215041932546043e-01
8.2127 9.973213372796455589e-01
8.21501 9.973211580522253206e-01
8.21791 9.973209168623431431e-01
8.22022 9.973207108330396364e-01
8.22254 9.973204934720288906e-01
8.22543 9.973202064920640986e-01
8.22774 9.973199651779405261e-01
8.23006 9.973197137933548229e-01
8.23295 9.973193861809990235e-01
8.23526 9.973191137256630645e-01
8.23757 9.973188325465658366e-01
8.24046 9.973184693345329421e-01
8.24277 9.973181698413243756e-01
8.24508 9.973178628383474464e-01
8.24797 9.973174690925349362e-01
8.25028 9.973171465422392412e-01
8.25259 9.973168177424617253e-01
8.25548 9.973163983732592497e-01
8.25779 9.973160567502074025e-01
8.26011 9.973157099621088317e-01
8.263 9.973152698243851200e-01
8.26532 9.973149128087577253e-01
8.26763 9.973145516696243496e-01
8.27053 9.973140952374602852e-01
8.27285 9.973137260102675761e-01
8.27516 9.973133538933555142e-01
8.27806 9.973128847362978666e-01
8.28039 9.973125066380676973e-01
8.28271 9.973121264029314315e-01
8.28503 9.973117442056600446e-01
8.28793 9.973112641621378893e-01
8.29026 9.973108782540699435e-01
8.29258 9.973104911343451118e-01
8.29549 9.973100055089640925e-01
8.29781 9.973096158915973897e-01
8.30013 9.973092257689559759e-01
8.30304 9.973087378537557335e-01
8.30536 9.973083468639832860e-01
8.30767 9.973079559175415110e-01
8.31057 9.973074664928018862e-01
8.31289 9.973070747027140692e-01
8.3152 9.973066824674733377e-01
8.31752 9.973062897691713502e-01
8.32041 9.973057982313104919e-01
8.32272 9.973054042142251996e-01
8.32504 9.973050095335200815e-01
8.32793 9.973045148564382290e-01
8.33024 9.973041179259096722e-01
8.33255 9.973037197545379096e-01
8.33544 9.973032199841264100e-01
8.33776 9.973028182911866102e-01
8.34007 9.973024147469484735e-01
8.34296 9.973019071561315396e-01
8.34528 9.973014984871820809e-01
8.34759 9.973010870179067622e-01
8.35049 9.973005686677004489e-01
8.35281 9.973001503139249380e-01
8.35512 9.972997284976620191e-01
8.35802 9.972991960695922753e-01
8.36034 9.972987655122317330e-01
8.36266 9.972983309333440793e-01
8.36557 9.972977810805726540e-01
8.36789 9.972973360867186665e-01
8.37022 9.972968863622382329e-01
8.37254 9.972964317232391185e-01
8.37545 9.972958565360915406e-01
8.37777 9.972953910349270368e-01
8.38009 9.972949200803955527e-01
8.38298 9.972943242271326003e-01
8.3853 9.972938411388450053e-01
8.38761 9.972933524595845034e-01
8.39051 9.972927333965171393e-01
8.39282 9.972922313442705855e-01
8.39513 9.972917233021565409e-01
8.39802 9.972910792642361022e-01
8.40033 9.972905570828858313e-01
8.40265 9.972900283117150932e-01
8.40553 9.972893581653151651e-01
8.40784 9.972888145708400653e-01
8.41015 9.972882642364122585e-01
8.41304 9.972875668028886587e-01
8.41535 9.972870011683242497e-01
8.41766 9.972864286010375556e-01
8.42055 9.972857032515695108e-01
8.42286 9.972851150927146691e-01
8.42517 9.972845200633729812e-01
8.42806 9.972837665284182140e-01
8.43037 9.972831559232029353e-01
8.43268 9.972825386401981129e-01
8.43557 9.972817571283578708e-01
8.43789 9.972811246259308815e-01
8.4402 9.972804852344235860e-01
8.44252 9.972798394436388492e-01
8.44542 9.972790232406274491e-01
8.44773 9.972783632125694631e-01
8.45005 9.972776973685095747e-01
8.45295 9.972768568829963876e-01
8.45527 9.972761784114027028e-01
8.45759 9.972754944517990827e-01
8.46049 9.972746324672268070e-01
8.46281 9.972739373272783148e-01
8.46513 9.972732375667114901e-01
8.46804 9.972723569475632210e-01
8.47036 9.972716477080475483e-01
8.47269 9.972709351131915367e-01
8.47501 9.972702187652170425e-01
8.47792 9.972693193989147220e-01
8.48025 9.972685980594542254e-01
8.48257 9.972678754453110361e-01
8.48547 9.972669704830021686e-01
8.4878 9.972662461732678674e-01
8.49012 9.972655212394231361e-01
8.49301 9.972646156619452418e-01
8.49533 9.972638915562644923e-01
8.49765 9.972631684179067424e-01
8.50054 9.972622663378351016e-01
8.50286 9.972615464788028294e-01
8.50517 9.972608288909827756e-01
8.50806 9.972599352916342585e-01
8.51037 9.972592239812452242e-01
8.51269 9.972585160370156521e-01
8.515 9.972578120071922125e-01
8.51789 9.972569381464441163e-01
8.5202 9.972562444808908966e-01
8.52252 9.972555561156557502e-01
8.52541 9.972547038194117253e-01
8.52772 9.972540288558321420e-01
8.53003 9.972533606542520745e-01
8.53292 9.972525352869233695e-01
8.53524 9.972518834991872527e-01
8.53755 9.972512396870839568e-01
8.54045 9.972504465080195279e-01
8.54276 9.972498220267778102e-01
8.54508 9.972492062675036850e-01
8.54798 9.972484502372006565e-01
8.5503 9.972478561615588655e-01
8.55262 9.972472723024645713e-01
8.55552 9.972465570312545324e-01
8.55785 9.972459966502495998e-01
8.56017 9.972454474179857087e-01
8.56308 9.972447760802005678e-01
8.56541 9.972442519963748975e-01
8.56773 9.972437397105026191e-01
8.57006 9.972432392120912370e-01
8.57297 9.972426302385758445e-01
8.57529 9.972421564339551958e-01
8.57762 9.972416945115956111e-01
8.58052 9.972411336839548390e-01
8.58285 9.972406983066055552e-01
8.58518 9.972402748662687610e-01
8.58808 9.972397619223541954e-01
8.5904 9.972393646927407707e-01
8.59273 9.972389789022082507e-01
8.59505 9.972386041183447514e-01
8.59795 9.972381512407182402e-01
8.60027 9.972378006855229238e-01
8.60258 9.972374604766629513e-01
8.60548 9.972370490414592670e-01
8.6078 9.972367305714232577e-01
8.61011 9.972364211741677753e-01
8.61301 9.972360465034078025e-01
8.61532 9.972357559405101712e-01
8.61764 9.972354729973903487e-01
8.62054 9.972351293025200070e-01
8.62285 9.972348617286912464e-01
8.62517 9.972346001115720560e-01
8.62806 9.972342806599475695e-01
8.63038 9.972340304541422729e-01
8.6327 9.972337843362195642e-01
8.63501 9.972335417941279312e-01
8.63791 9.972332425271246414e-01
8.64023 9.972330056240583662e-01
8.64255 9.972327701622999419e-01
8.64546 9.972324769841216519e-01
8.64778 9.972322425940065571e-01
8.6501 9.972320075689743435e-01
8.65301 9.972317122165139658e-01
8.65534 9.972314735760750004e-01
8.65766 9.972312325533865263e-01
8.66057 9.972309268705525920e-01
8.6629 9.972306781939779263e-01
8.66523 9.972304254975884463e-01
8.66756 9.972301684593414262e-01
8.67046 9.972298399349921461e-01
8.67278 9.972295713037104825e-01
8.6751 9.972292966562544825e-01
8.678 9.972289447464658396e-01
8.68032 9.972286558654153144e-01
8.68264 9.972283601658575858e-01
8.68553 9.972279807646468042e-01
8.68785 9.972276690023390566e-01
8.69016 9.972273500594804885e-01
8.69305 9.972269407465427227e-01
8.69537 9.972266049142188837e-01
8.69768 9.972262615254202656e-01
8.70057 9.972258217289559079e-01
8.70288 9.972254615129620969e-01
8.70519 9.972250938317228641e-01
8.7075 9.972247187571816607e-01
8.71039 9.972242395100167078e-01
8.7127 9.972238476204686730e-01
8.71502 9.972234481075167301e-01
8.71791 9.972229382910990925e-01
8.72022 9.972225224173578706e-01
8.72253 9.972220998166619887e-01
8.72542 9.972215622970029836e-01
8.72774 9.972211255672550623e-01
8.73005 9.972206830053427229e-01
8.73295 9.972201225253157775e-01
8.73526 9.972196686745891103e-01
8.73758 9.972192104748658359e-01
8.74048 9.972186324084665321e-01
8.7428 9.972181657111957032e-01
8.74512 9.972176960374180554e-01
8.74802 9.972171050940938919e-01
8.75034 9.972166302099586543e-01
8.75267 9.972161540273460911e-01
8.75557 9.972155579088036736e-01
8.75789 9.972150810353245243e-01
8.76022 9.972146047468056773e-01
8.76254 9.972141298633517836e-01
8.76545 9.972135388271348155e-01
8.76778 9.972130690870479874e-01
8.7701 9.972126029254880786e-01
8.77301 9.972120261745450742e-01
8.77533 9.972115704166916172e-01
8.77766 9.972111205990593641e-01
8.78056 9.972105668766044761e-01
8.78288 9.972101319644675055e-01
8.7852 9.972097042422212176e-01
8.78751 9.972092844531206257e-01
8.79041 9.972087714696783456e-01
8.79273 9.972083709979192578e-01
8.79504 9.972079799697118885e-01
8.79793 9.972075045084728417e-01
8.80024 9.972071355869666087e-01
8.80256 9.972067767801229277e-01
8.80545 9.972063428891353443e-01
8.80776 9.972060077671873746e-01
8.81007 9.972056834788656232e-01
8.81296 9.972052935455503198e-01
8.81527 9.972049941974203691e-01
8.81759 9.972047059454448581e-01
8.82048 9.972043616350892981e-01
8.8228 9.972040988234227576e-01
8.82511 9.972038473660487234e-01
8.82801 9.972035488431353345e-01
8.83033 9.972033225671516066e-01
8.83265 9.972031074129125150e-01
8.83555 9.972028535737994526e-01
8.83787 9.972026626370229518e-01
8.84019 9.972024820246915278e-01
8.84252 9.972023116752594118e-01
8.84542 9.972021126133889801e-01
8.84775 9.972019641009410851e-01
8.85008 9.972018248389911133e-01
8.85298 9.972016634536090551e-01
8.85531 9.972015436756980211e-01
8.85763 9.972014318766656560e-01
8.86053 9.972013023389485475e-01
8.86285 9.972012063184565456e-01
8.86516 9.972011163864266114e-01
8.86806 9.972010116370679800e-01
8.87038 9.972009332133037196e-01
8.87269 9.972008588214889002e-01
8.875 9.972007878523468927e-01
8.87789 9.972007027881709673e-01
8.88021 9.972006368227228634e-01
8.88252 9.972005718849983325e-01
8.88541 9.972004910205788386e-01
8.88772 9.972004256378184106e-01
8.89003 9.972003587843693007e-01
8.89292 9.972002719610243426e-01
8.89523 9.972001989061953786e-01
8.89754 9.972001217792083594e-01
8.90043 9.972000184040573645e-01
8.90274 9.971999291234386886e-01
8.90505 9.971998331031159957e-01
8.90793 9.971997023594486587e-01
8.91025 9.971995881306862097e-01
8.91256 9.971994645101306398e-01
8.91545 9.971992954495092487e-01
8.91776 9.971991476258300624e-01
8.92008 9.971989877290805548e-01
8.92297 9.971987696616478880e-01
8.92528 9.971985797940510210e-01
8.9276 9.971983752018754865e-01
8.9305 9.971980979699677228e-01
8.93282 9.971978578830738016e-01
8.93514 9.971976009397632845e-01
8.93804 9.971972549013329301e-01
8.94036 9.971969573793396657e-01
8.94268 9.971966409773465045e-01
8.94501 9.971963047909673250e-01
8.94791 9.971958563924049335e-01
8.95024 9.971954741487933926e-01
8.95257 9.971950706877954484e-01
8.95548 9.971945357068616733e-01
8.9578 9.971940826293052007e-01
8.96013 9.971936070484889170e-01
8.96304 9.971929816275005853e-01
8.96537 9.971924552665704100e-01
8.96769 9.971919062209777529e-01
8.97001 9.971913338318442177e-01
8.97291 9.971905854925208201e-01
8.97523 9.971899605635413666e-01
8.97755 9.971893119077095413e-01
8.98045 9.971884686467175074e-01
8.98276 9.971877675140559116e-01
8.98508 9.971870433988379023e-01
8.98797 9.971861057605153622e-01
8.99028 9.971853300325534963e-01
8.9926 9.971845318238278244e-01
8.99549 9.971835027225443016e-01
8.9978 9.971826549393615347e-01
9.00012 9.971817856617775089e-01
9.00301 9.971806696222982325e-01
9.00532 9.971797538416092843e-01
9.00763 9.971788181916072524e-01
9.01053 9.971776216591350384e-01
9.01284 9.971766436360834929e-01
9.01515 9.971756477117558193e-01
9.01805 9.971743791550384817e-01
9.02036 9.971733457098836961e-01
9.02268 9.971722971888660192e-01
9.02557 9.971709659474840004e-01
9.02789 9.971698857560242768e-01
9.03021 9.971687930268969824e-01
9.03253 9.971676882075236614e-01
9.03543 9.971662927609487026e-01
9.03775 9.971651647102020011e-01
9.04007 9.971640286080031279e-01
9.04298 9.971625974885431898e-01
9.0453 9.971614454574966313e-01
9.04763 9.971602883800742001e-01
9.05054 9.971588358331239244e-01
9.05287 9.971576712433621870e-01
9.0552 9.971565060137724812e-01
9.05752 9.971553408289266507e-01
9.06043 9.971538862460885833e-01
9.06276 9.971527254172635191e-01
9.06509 9.971515682312679374e-01
9.068 9.971501284963441014e-01
9.07032 9.971489834999999191e-01
9.07265 9.971478457999429779e-01
9.07556 9.971464354097668847e-01
9.07789 9.971453188336906193e-01
9.08021 9.971442131382468599e-01
9.08253 9.971431193021871309e-01
9.08544 9.971417707548118070e-01
9.08776 9.971407072071095667e-01
9.09008 9.971396591172719814e-01
9.09298 9.971383707707411892e-01
9.0953 9.971373590116294761e-01
9.09762 9.971363646292932259e-01
9.10051 9.971351472232244939e-01
9.10283 9.971341946623789587e-01
9.10515 9.971332615829948676e-01
9.10805 9.971321237630971224e-01
9.11036 9.971312367908204966e-01
9.11268 9.971303710395090780e-01
9.11558 9.971293193468735439e-01
9.11789 9.971285027599089412e-01
9.12021 9.971277085406244911e-01
9.12253 9.971269370412942923e-01
9.12543 9.971260045751977330e-01
9.12775 9.971252846664931946e-01
9.13007 9.971245877395643609e-01
9.13297 9.971237493864349988e-01
9.13529 9.971231048278340614e-01
9.13761 9.971224835116472285e-01
9.14051 9.971217396780104325e-01
9.14284 9.971211704722447999e-01
9.14516 9.971206245427390868e-01
9.14807 9.971199740175268333e-01
9.15039 9.971194793125444100e-01
9.15272 9.971190069938382639e-01
9.15505 9.971185568895657436e-01
9.15796 9.971180255628852018e-01
9.16029 9.971176252777042004e-01
9.16262 9.971172464078446041e-01
9.16553 9.971168028759759272e-01
9.16785 9.971164711454807428e-01
9.17018 9.971161595768209818e-01
9.17308 9.971157975853897071e-01
9.1754 9.971155292323043984e-01
9.17772 9.971152792856653457e-01
9.18004 9.971150469702810826e-01
9.18293 9.971147807086889747e-01
9.18525 9.971145861276353717e-01
9.18757 9.971144073212361292e-01
9.19046 9.971142049963562792e-01
9.19277 9.971140592752237852e-01
9.19509 9.971139272093167971e-01
9.19798 9.971137802050694665e-01
9.20029 9.971136762471416448e-01
9.20261 9.971135835902464883e-01
9.2055 9.971134825668646062e-01
9.20781 9.971134126770547779e-01
9.21012 9.971133516940738906e-01
9.21301 9.971132868615005806e-01
9.21532 9.971132432149677483e-01
9.21764 9.971132060803324926e-01
9.22053 9.971131677509997848e-01
9.22284 9.971131427007129400e-01
9.22515 9.971131219203107632e-01
9.22805 9.971131009444772486e-01
9.23036 9.971130874076509221e-01
9.23268 9.971130761056617997e-01
9.23557 9.971130642413396084e-01
9.23789 9.971130559258148951e-01
9.24021 9.971130480926871931e-01
9.24252 9.971130402953480854e-01
9.24542 9.971130299154108423e-01
9.24774 9.971130206342584401e-01
9.25006 9.971130100885804426e-01
9.25297 9.971129945991465959e-01
9.25529 9.971129800328170090e-01
9.25761 9.971129632143490573e-01
9.26052 9.971129386906794068e-01
9.26285 9.971129159851641610e-01
9.26517 9.971128903319059766e-01
9.26808 9.971128538374819383e-01
9.27041 9.971128209045567736e-01
9.27274 9.971127845052022431e-01
9.27506 9.971127445789276234e-01
9.27797 9.971126894726219936e-01
9.28029 9.971126411704251957e-01
9.28262 9.971125890203851316e-01
9.28552 9.971125183440989748e-01
9.28784 9.971124573775639321e-01
9.29016 9.971123924168016073e-01
9.29305 9.971123056452513289e-01
9.29537 9.971122317248367617e-01
9.29769 9.971121538453669997e-01
9.30001 9.971120720180146613e-01
9.3029 9.971119642346217837e-01
9.30522 9.971118736821096284e-01
9.30753 9.971117793329803414e-01
9.31043 9.971116561906441245e-01
9.31274 9.971115536004454549e-01
9.31506 9.971114474875235612e-01
9.31795 9.971113100542980945e-01
9.32027 9.971111964054185650e-01
9.32258 9.971110795931149573e-01
9.32548 9.971109293503569448e-01
9.32779 9.971108058862973023e-01
9.33011 9.971106797271905853e-01
9.33301 9.971105183857833509e-01
9.33533 9.971103866113938397e-01
9.33764 9.971102525775417114e-01
9.34054 9.971100820606187964e-01
9.34286 9.971099435077503959e-01
9.34519 9.971098030569367499e-01
9.34751 9.971096610113587833e-01
9.35041 9.971094812423311193e-01
9.35274 9.971093358734125500e-01
9.35506 9.971091892146125568e-01
9.35797 9.971090041991279573e-01
9.3603 9.971088550636446612e-01
9.36262 9.971087051243353594e-01
9.36553 9.971085165377702175e-01
9.36786 9.971083650478325122e-01
9.37018 9.971082129108329584e-01
9.37308 9.971080220128373250e-01
9.3754 9.971078687585284150e-01
9.37772 9.971077149818474705e-01
9.38004 9.971075609128253747e-01
9.38293 9.971073676229926797e-01
9.38525 9.971072125958116983e-01
9.38756 9.971070571057458753e-01
9.39045 9.971068621224619122e-01
9.39277 9.971067055909454968e-01
9.39508 9.971065484774160881e-01
9.39797 9.971063512953390884e-01
9.40028 9.971061927225585153e-01
9.40259 9.971060333878193349e-01
9.40548 9.971058329423210242e-01
9.40779 9.971056714574300095e-01
9.4101 9.971055088471102446e-01
9.41299 9.971053038162778215e-01
9.4153 9.971051382310054390e-01
9.41761 9.971049711249768688e-01
9.4205 9.971047598642006626e-01
9.42281 9.971045888136835789e-01
9.42512 9.971044157505773997e-01
9.42801 9.971041963969038413e-01
9.43033 9.971040182817492159e-01
9.43264 9.971038376327868713e-01
9.43553 9.971036080751789488e-01
9.43785 9.971034210774812889e-01
9.44016 9.971032310595646653e-01
9.44306 9.971029888431317545e-01
9.44537 9.971027911647954989e-01
9.44769 9.971025897715100061e-01
9.45001 9.971023844452316931e-01
9.45291 9.971021221222946540e-01
9.45523 9.971019072365288061e-01
9.45755 9.971016879462252236e-01
9.46045 9.971014070575319188e-01
9.46278 9.971011768151940569e-01
9.4651 9.971009414478430033e-01
9.46801 9.971006397303481261e-01
9.47033 9.971003922664151142e-01
9.47266 9.971001389590731234e-01
9.47557 9.970998143165640260e-01
9.4779 9.970995477584301270e-01
9.48023 9.970992751906112561e-01
9.48256 9.970989967101412388e-01
9.48547 9.970986402927587422e-01
9.4878 9.970983481838046059e-01
9.49012 9.970980502906412468e-01
9.49302 9.970976690318196223e-01
9.49535 9.970973572542490837e-01
9.49767 9.970970392260639636e-01
9.50057 9.970966330372088571e-01
9.50289 9.970963012073952303e-01
9.50521 9.970959631663792733e-01
9.50752 9.970956192631047488e-01
9.51042 9.970951808169633557e-01
9.51274 9.970948235274280647e-01
9.51505 9.970944604199092343e-01
9.51795 9.970939985923136240e-01
9.52026 9.970936229592727296e-01
9.52257 9.970932419400894142e-01
9.52547 9.970927584858951809e-01
9.52778 9.970923661107711222e-01
9.5301 9.970919690002035818e-01
9.53299 9.970914662787363492e-01
9.5353 9.970910593008480705e-01
9.53762 9.970906483409027743e-01
9.54051 9.970901294497912515e-01
9.54282 9.970897104799613109e-01
9.54514 9.970892884869773098e-01
9.54803 9.970887570224664653e-01
9.55035 9.970883292059000702e-01
9.55267 9.970878992792616691e-01
9.55556 9.970873595002198719e-01
9.55788 9.970869262176749181e-01
9.5602 9.970864918992178305e-01
9.56252 9.970860571308849396e-01
9.56542 9.970855131816609429e-01
9.56774 9.970850783594500388e-01
9.57006 9.970846440321077253e-01
9.57297 9.970841024955779952e-01
9.57529 9.970836708425222517e-01
9.57762 9.970832407764950167e-01
9.58053 9.970827064433697151e-01
9.58286 9.970822814026141234e-01
9.58519 9.970818594372142796e-01
9.58752 9.970814408167002485e-01
9.59043 9.970809227105321693e-01
9.59276 9.970805127418739255e-01
9.59509 9.970801071088930545e-01
9.598 9.970796064848135298e-01
9.60033 9.970792113992185124e-01
9.60266 9.970788213644603548e-01
9.60557 9.970783411540169450e-01
9.6079 9.970779630814829986e-01
9.61023 9.970775906741701222e-01
9.61255 9.970772241257321866e-01
9.61546 9.970767741236307158e-01
9.61779 9.970764211746735439e-01
9.62012 9.970760741386753834e-01
9.62302 9.970756489982933735e-01
9.62534 9.970753157011839063e-01
9.62767 9.970749884193436108e-01
9.63057 9.970745877981257443e-01
9.63289 9.970742738380757864e-01
9.63521 9.970739657951954715e-01
9.63753 9.970736633526647852e-01
9.64043 9.970732931222096029e-01
9.64275 9.970730029906735847e-01
9.64507 9.970727180674077150e-01
9.64797 9.970723690191811706e-01
9.65029 9.970720952039558993e-01
9.65261 9.970718260349934470e-01
9.6555 9.970714957594392081e-01
9.65782 9.970712362119422689e-01
9.66014 9.970709805790454183e-01
9.66304 9.970706661349253430e-01
9.66536 9.970704183319503144e-01
9.66768 9.970701735864915261e-01
9.67058 9.970698713698125104e-01
9.6729 9.970696322968521930e-01
9.67522 9.970693951623099682e-01
9.67754 9.970691597349798929e-01
9.68044 9.970688673010251746e-01
9.68277 9.970686344531113354e-01
9.68509 9.970684023476965585e-01
9.68799 9.970681125953424484e-01
9.69032 9.970678810438602380e-01
9.69265 9.970676492935065527e-01
9.69556 9.970673593156109682e-01
9.69788 9.970671268353619165e-01
9.70021 9.970668938523569169e-01
9.70254 9.970666604243230147e-01
9.70546 9.970663675638820056e-01
9.70779 9.970661327236277627e-01
9.71012 9.970658975139834457e-01
9.71304 9.970656026978075293e-01
9.71537 9.970653663000480504e-01
9.71769 9.970651293093745204e-01
9.72002 9.970648915087909625e-01
9.72293 9.970645934159640955e-01
9.72525 9.970643538216006352e-01
9.72757 9.970641134042127485e-01
9.73048 9.970638113677398051e-01
9.7328 9.970635685662643244e-01
9.73512 9.970633246646607439e-01
9.73802 9.970630181195789810e-01
9.74033 9.970627716598340351e-01
9.74265 9.970625240151290702e-01
9.74555 9.970622129844921577e-01
9.74786 9.970619628988575123e-01
9.75018 9.970617118035570714e-01
9.75307 9.970613965716539351e-01
9.75538 9.970611433656003664e-01
9.7577 9.970608893841322873e-01
9.76001 9.970606346624112382e-01
9.7629 9.970603154530102152e-01
9.76522 9.970600595452479009e-01
9.76753 9.970598033075338540e-01
9.77042 9.970594827623423528e-01
9.77273 9.970592263053116300e-01
9.77505 9.970589700053767990e-01
9.77794 9.970586501345679586e-01
9.78025 9.970583948037742283e-01
9.78257 9.970581402306064600e-01
9.78546 9.970578232785721751e-01
9.78777 9.970575709826575705e-01
9.79009 9.970573199917092122e-01
9.79298 9.970570083180428922e-01
9.7953 9.970567609237591666e-01
9.79762 9.970565152717785207e-01
9.80051 9.970562111631622315e-01
9.80283 9.970559702602213026e-01
9.80515 9.970557317503717654e-01
9.80805 9.970554371018275353e-01
9.81037 9.970552043287252975e-01
9.81269 9.970549744017672689e-01
9.81501 9.970547471739601431e-01
9.81792 9.970544674891680392e-01
9.82024 9.970542470867552742e-01
9.82257 9.970540299115204785e-01
9.82548 9.970537629660277679e-01
9.82781 9.970535531049287137e-01
9.83014 9.970533467034996544e-01
9.83305 9.970530935178002485e-01
9.83538 9.970528949504461336e-01
9.83771 9.970527001559903457e-01
9.84003 9.970525089410195996e-01
9.84294 9.970522750504680065e-01
9.84527 9.970520920177718960e-01
9.84759 9.970519125018054707e-01
9.85049 9.970516932489771333e-01
9.85281 9.970515217040153422e-01
9.85513 9.970513536817076083e-01
9.85803 9.970511483639190597e-01
9.86035 9.970509878558171390e-01
9.86267 9.970508305638550173e-01
9.86557 9.970506383174196907e-01
9.86789 9.970504879063528669e-01
9.87021 9.970503403310359003e-01
9.87252 9.970501954966244362e-01
9.87542 9.970500180120498435e-01
9.87774 9.970498786731444296e-01
9.88005 9.970497414737167219e-01
9.88295 9.970495726541843684e-01
9.88526 9.970494394650267767e-01
9.88758 9.970493076696599344e-01
9.89048 9.970491444615515730e-01
9.89279 9.970490148032417066e-01
9.89511 9.970488856051580306e-01
9.89801 9.970487243081671558e-01
9.90033 9.970485950166991795e-01
9.90264 9.970484651271070975e-01
9.90554 9.970483014259282628e-01
9.90786 9.970481688522674357e-01
9.91018 9.970480345353224250e-01
9.9125 9.970478979947786646e-01
9.9154 9.970477236427686130e-01
9.91773 9.970475806845926492e-01
9.92005 9.970474341602837409e-01
9.92295 9.970472454178268551e-01
9.92528 9.970470892339468039e-01
9.92761 9.970469281403527839e-01
9.93051 9.970467189666297747e-01
9.93284 9.970465449156185045e-01
9.93517 9.970463645026944599e-01
9.93808 9.970461293801060609e-01
9.94041 9.970459329861163233e-01
9.94273 9.970457290654818339e-01
