#t,ms t, T, K
0.003 1.112000000000000000e+03
0.005 1.112000000000000000e+03
0.008 1.112000000000000000e+03
0.01 1.112000000000000000e+03
0.0129324 1.112000000000000000e+03
0.0152784 1.112000000000000000e+03
0.0176291 1.112000000000000000e+03
0.0205694 1.112000000000000000e+03
0.0229245 1.112000000000000000e+03
0.0252824 1.112000000000000000e+03
0.0276402 1.112000000000000000e+03
0.0305804 1.112000000000000000e+03
0.0329326 1.112000000000000000e+03
0.0352671 1.112000000000000000e+03
0.0375956 1.112000000000000000e+03
0.040494 1.112000000000000000e+03
0.0427981 1.112000000000000000e+03
0.0451022 1.112000000000000000e+03
0.0479388 1.112000000000000000e+03
0.0502082 1.112000000000000000e+03
0.0530041 1.112000000000000000e+03
0.0552327 1.112000000000000000e+03
0.0579873 1.112000000000000000e+03
0.0601743 1.112000000000000000e+03
0.0628915 1.112000000000000000e+03
0.0650454 1.112000000000000000e+03
0.0677309 1.112000000000000000e+03
0.0703885 1.112000000000000000e+03
0.0725147 1.112000000000000000e+03
0.0751435 1.112000000000000000e+03
0.0777723 1.112000000000000000e+03
0.0803793 1.112000000000000000e+03
0.0829862 1.112000000000000000e+03
0.0850594 1.112000000000000000e+03
0.0876508 1.112000000000000000e+03
0.090234 1.112000000000000000e+03
0.0928152 1.112000000000000000e+03
0.0953792 1.112000000000000000e+03
0.0979388 1.112000000000000000e+03
0.100475 1.112000000000000000e+03
0.103006 1.112000000000000000e+03
0.105016 1.112000000000000000e+03
0.107524 1.112000000000000000e+03
0.11002 1.112000000000000000e+03
0.112509 1.112000000000000000e+03
0.115485 1.112000000000000000e+03
0.117961 1.112000000000000000e+03
0.120429 1.112000000000000000e+03
0.122896 1.112000000000000000e+03
0.125358 1.112000000000000000e+03
0.127819 1.112000000000000000e+03
0.130279 1.112000000000000000e+03
0.132739 1.112000000000000000e+03
0.135199 1.112000000000000000e+03
0.13766 1.112000000000000000e+03
0.140113 1.112000000000000000e+03
0.142564 1.112000000000000000e+03
0.145009 1.112000000000000000e+03
0.147941 1.112000000000000000e+03
0.150379 1.112000000000000000e+03
0.152817 1.112000000000000000e+03
0.155251 1.112000000000000000e+03
0.157686 1.112000000000000000e+03
0.160119 1.112000000000000000e+03
0.162553 1.112000000000000000e+03
0.165473 1.112000000000000000e+03
0.167908 1.112000000000000000e+03
0.170344 1.112000000000000000e+03
0.17278 1.112000000000000000e+03
0.175219 1.112000000000000000e+03
0.177658 1.112000000000000000e+03
0.180096 1.112000000000000000e+03
0.182534 1.112000000000000000e+03
0.185458 1.112000000000000000e+03
0.187895 1.112000000000000000e+03
0.190332 1.112000000000000000e+03
0.192769 1.112000000000000000e+03
0.195206 1.112000000000000000e+03
0.197644 1.112000000000000000e+03
0.200084 1.112000000000000000e+03
0.202524 1.112000000000000000e+03
0.205454 1.112000000000000000e+03
0.207897 1.112000000000000000e+03
0.210342 1.112000000000000000e+03
0.212788 1.112000000000000000e+03
0.215236 1.112000000000000000e+03
0.217684 1.112000000000000000e+03
0.220132 1.112000000000000000e+03
0.222581 1.112000000000000000e+03
0.225029 1.112000000000000000e+03
0.227969 1.112000000000000000e+03
0.23042 1.112000000000000000e+03
0.232872 1.112000000000000000e+03
0.235324 1.112000000000000000e+03
0.237778 1.112000000000000000e+03
0.240232 1.112000000000000000e+03
0.242687 1.112000000000000000e+03
0.245143 1.112000000000000000e+03
0.247601 1.112000000000000000e+03
0.250059 1.112000000000000000e+03
0.252517 1.112000000000000000e+03
0.255468 1.112000000000000000e+03
0.257927 1.112000000000000000e+03
0.260387 1.112000000000000000e+03
0.262847 1.112000000000000000e+03
0.265308 1.112000000000000000e+03
0.267769 1.112000000000000000e+03
0.27023 1.112000000000000000e+03
0.272692 1.112000000000000000e+03
0.275154 1.112000000000000000e+03
0.277616 1.112000000000000000e+03
0.280079 1.112000000000000000e+03
0.282542 1.112000000000000227e+03
0.285005 1.112000000000000455e+03
0.287961 1.112000000000000455e+03
0.290425 1.112000000000000455e+03
0.292888 1.112000000000000455e+03
0.295351 1.112000000000000455e+03
0.297815 1.112000000000000455e+03
0.300278 1.112000000000000682e+03
0.302742 1.112000000000000682e+03
0.305205 1.112000000000000682e+03
0.307668 1.112000000000001137e+03
0.310131 1.112000000000001137e+03
0.312594 1.112000000000001137e+03
0.315058 1.112000000000001137e+03
0.317521 1.112000000000001137e+03
0.320477 1.112000000000001137e+03
0.322941 1.112000000000001137e+03
0.325404 1.112000000000001137e+03
0.327867 1.112000000000001137e+03
0.33033 1.112000000000001137e+03
0.332793 1.112000000000001137e+03
0.335256 1.112000000000001137e+03
0.337719 1.112000000000001137e+03
0.340182 1.112000000000001364e+03
0.342644 1.112000000000001364e+03
0.345107 1.112000000000001364e+03
0.347569 1.112000000000001364e+03
0.350032 1.112000000000001364e+03
0.352987 1.112000000000001364e+03
0.355449 1.112000000000001364e+03
0.357912 1.112000000000001364e+03
0.360375 1.112000000000001364e+03
0.362838 1.112000000000001364e+03
0.365301 1.112000000000001364e+03
0.367764 1.112000000000001364e+03
0.370227 1.112000000000001364e+03
0.372691 1.112000000000001364e+03
0.375154 1.112000000000001364e+03
0.377618 1.112000000000001364e+03
0.380082 1.112000000000001364e+03
0.382546 1.112000000000001364e+03
0.38501 1.112000000000001364e+03
0.387967 1.112000000000001364e+03
0.390432 1.112000000000001364e+03
0.392896 1.112000000000001364e+03
0.395361 1.112000000000001364e+03
0.397825 1.112000000000001364e+03
0.40029 1.112000000000001364e+03
0.402754 1.112000000000001364e+03
0.405219 1.112000000000001364e+03
0.407684 1.112000000000001364e+03
0.410149 1.112000000000001819e+03
0.412614 1.112000000000001819e+03
0.41508 1.112000000000001592e+03
0.417545 1.112000000000001592e+03
0.42001 1.112000000000002046e+03
0.422969 1.112000000000002046e+03
0.425435 1.112000000000002046e+03
0.4279 1.112000000000002046e+03
0.430367 1.112000000000002274e+03
0.432833 1.112000000000002274e+03
0.4353 1.112000000000002274e+03
0.437766 1.112000000000002274e+03
0.440233 1.112000000000002274e+03
0.4427 1.112000000000002274e+03
0.445166 1.112000000000002274e+03
0.447633 1.112000000000002501e+03
0.4501 1.112000000000002501e+03
0.452567 1.112000000000002501e+03
0.455035 1.112000000000002501e+03
0.457502 1.112000000000002501e+03
0.460463 1.112000000000002501e+03
0.462931 1.112000000000002501e+03
0.465399 1.112000000000002501e+03
0.467867 1.112000000000002728e+03
0.470334 1.112000000000002728e+03
0.472802 1.112000000000002728e+03
0.475269 1.112000000000002728e+03
0.477736 1.112000000000002728e+03
0.480203 1.112000000000002728e+03
0.48267 1.112000000000002728e+03
0.485137 1.112000000000002728e+03
0.487604 1.112000000000002728e+03
0.490071 1.112000000000002956e+03
0.492538 1.112000000000002956e+03
0.495005 1.112000000000002956e+03
0.497965 1.112000000000002956e+03
0.500431 1.112000000000002956e+03
0.502898 1.112000000000002956e+03
0.505364 1.112000000000002956e+03
0.50783 1.112000000000002956e+03
0.510296 1.112000000000002956e+03
0.512761 1.112000000000002956e+03
0.515227 1.112000000000002956e+03
0.517693 1.112000000000002956e+03
0.520158 1.112000000000002956e+03
0.522624 1.112000000000002956e+03
0.525089 1.112000000000002956e+03
0.527554 1.112000000000002956e+03
0.530019 1.112000000000003183e+03
0.532976 1.112000000000003183e+03
0.53544 1.112000000000003183e+03
0.537904 1.112000000000003183e+03
0.540368 1.112000000000003183e+03
0.542831 1.112000000000003183e+03
0.545294 1.112000000000003183e+03
0.547757 1.112000000000003183e+03
0.55022 1.112000000000003183e+03
0.552682 1.112000000000003183e+03
0.555143 1.112000000000003183e+03
0.557605 1.112000000000003183e+03
0.560066 1.112000000000003183e+03
0.562527 1.112000000000003183e+03
0.56548 1.112000000000003183e+03
0.56794 1.112000000000003183e+03
0.5704 1.112000000000003183e+03
0.57286 1.112000000000003183e+03
0.57532 1.112000000000003183e+03
0.577779 1.112000000000003183e+03
0.580238 1.112000000000003183e+03
0.582696 1.112000000000003183e+03
0.585154 1.112000000000003183e+03
0.587611 1.112000000000003183e+03
0.590068 1.112000000000003183e+03
0.592525 1.112000000000003183e+03
0.595472 1.112000000000003183e+03
0.597928 1.112000000000003183e+03
0.600383 1.112000000000003183e+03
0.602838 1.112000000000003183e+03
0.605293 1.112000000000003183e+03
0.607747 1.112000000000003183e+03
0.6102 1.112000000000003183e+03
0.612653 1.112000000000003183e+03
0.615106 1.112000000000003183e+03
0.617558 1.112000000000003183e+03
0.62001 1.112000000000003183e+03
0.622952 1.112000000000003183e+03
0.625403 1.112000000000003183e+03
0.627854 1.112000000000003183e+03
0.630304 1.112000000000003183e+03
0.632754 1.112000000000003183e+03
0.635204 1.112000000000003183e+03
0.637652 1.112000000000003183e+03
0.640101 1.112000000000003183e+03
0.642549 1.112000000000003183e+03
0.645486 1.112000000000003183e+03
0.647933 1.112000000000003183e+03
0.650379 1.112000000000003183e+03
0.652825 1.112000000000003183e+03
0.65527 1.112000000000003183e+03
0.657715 1.112000000000003183e+03
0.660159 1.112000000000003183e+03
0.662603 1.112000000000003183e+03
0.665047 1.112000000000003183e+03
0.667978 1.112000000000003183e+03
0.67042 1.112000000000003183e+03
0.672862 1.112000000000003183e+03
0.675304 1.112000000000003183e+03
0.677745 1.112000000000003183e+03
0.680185 1.112000000000003183e+03
0.682625 1.112000000000003183e+03
0.685064 1.112000000000003183e+03
0.687503 1.112000000000003183e+03
0.690429 1.112000000000003183e+03
0.692867 1.112000000000003183e+03
0.695304 1.112000000000003183e+03
0.697741 1.112000000000003183e+03
0.700177 1.112000000000003183e+03
0.702612 1.112000000000003183e+03
0.705047 1.112000000000003183e+03
0.707968 1.112000000000003183e+03
0.710402 1.112000000000003183e+03
0.712835 1.112000000000003183e+03
0.715267 1.112000000000003183e+03
0.7177 1.112000000000003183e+03
0.720131 1.112000000000003183e+03
0.722562 1.112000000000003183e+03
0.725477 1.112000000000003183e+03
0.727907 1.112000000000003183e+03
0.730336 1.112000000000003183e+03
0.732764 1.112000000000003183e+03
0.735192 1.112000000000003183e+03
0.737619 1.112000000000003183e+03
0.740045 1.112000000000003183e+03
0.742957 1.112000000000003183e+03
0.745382 1.112000000000003183e+03
0.747807 1.112000000000003183e+03
0.75023 1.112000000000003183e+03
0.752654 1.112000000000003183e+03
0.755076 1.112000000000003183e+03
0.757982 1.112000000000003183e+03
0.760403 1.112000000000003183e+03
0.762822 1.112000000000003183e+03
0.765241 1.112000000000003183e+03
0.767658 1.112000000000003183e+03
0.770075 1.112000000000003183e+03
0.772973 1.112000000000003411e+03
0.775388 1.112000000000003865e+03
0.777801 1.112000000000003865e+03
0.780214 1.112000000000003411e+03
0.782625 1.111999999999998863e+03
0.785035 1.111999999999969987e+03
0.787926 1.111999999999678721e+03
0.790334 1.111999999997825853e+03
0.792739 1.111999999985945351e+03
0.795145 1.111999999905173581e+03
0.797548 1.111999999393760390e+03
0.800431 1.111999993840414390e+03
0.802831 1.111999963547455764e+03
0.805231 1.111999759746638802e+03
0.807629 1.111998643245757421e+03
0.810027 1.111991012076075549e+03
0.812902 1.111910472774350637e+03
0.815296 1.111565382061600985e+03
0.817689 1.106825421141415745e+03
0.820081 1.096117781433293430e+03
0.82295 2.000000000000000000e+02
0.825339 2.000000000000000000e+02
0.827728 2.032151807668131482e+02
0.830115 2.031592829653633316e+02
0.832501 2.031270404982718389e+02
0.835362 2.031323514030996193e+02
0.837745 2.031357889675651904e+02
0.840127 2.031397117272049968e+02
0.842508 2.031519282603849490e+02
0.845363 2.033360336034186560e+02
0.847741 2.057917422978636921e+02
0.850117 2.366782482113889898e+02
0.852968 6.831614460365683499e+02
0.855342 2.811575958082406487e+03
0.857715 1.062579850125616213e+04
0.860086 2.256081803242793831e+04
0.86293 3.278899921761175210e+04
0.865299 3.727720625996645686e+04
0.867666 3.952074095739433687e+04
0.870033 4.055572817213075177e+04
0.872871 4.104576983978629869e+04
0.875235 4.118400746932232869e+04
0.877597 4.122995817197495489e+04
0.880431 4.124744177491101436e+04
0.882791 4.124922734832331480e+04
0.88515 4.123536982415561215e+04
0.887508 4.120161180909360701e+04
0.890336 4.114364918362088065e+04
0.892691 4.109580594840476260e+04
0.895046 4.105554699480868294e+04
0.897869 4.101589743682300468e+04
0.900221 4.098668488044679543e+04
0.902572 4.095842792566843855e+04
0.905391 4.092354322574154503e+04
0.907739 4.089276896801551629e+04
0.910086 4.086057144874264486e+04
0.912901 4.082118938607364544e+04
0.915245 4.078882822296610539e+04
0.917589 4.075755026879711659e+04
0.920399 4.072178671585560369e+04
0.922741 4.069344643841974903e+04
0.92508 4.066637314496230829e+04
0.927887 4.063551727265481168e+04
0.930224 4.061127534027960064e+04
0.932562 4.058851221511273616e+04
0.935364 4.056339558353647590e+04
0.937699 4.054441208403285418e+04
0.940032 4.052724442988789815e+04
0.94283 4.050896227909092704e+04
0.945161 4.049554532475280575e+04
0.947956 4.048142930419819459e+04
0.950285 4.047116371763576171e+04
0.952612 4.046212671752228925e+04
0.955404 4.045272665766282444e+04
0.957728 4.044594577255139302e+04
0.960052 4.043996803217288107e+04
0.962839 4.043365149954589288e+04
0.965161 4.042892905574605538e+04
0.967945 4.042372072364531050e+04
0.970264 4.041963528824561217e+04
0.972582 4.041570641612976760e+04
0.975363 4.041115374715447251e+04
0.977678 4.040751853641358321e+04
0.980456 4.040345939308766538e+04
0.98277 4.040047436312191712e+04
0.985082 4.039801765176816843e+04
0.987856 4.039598270464666712e+04
0.990166 4.039519145672178274e+04
0.992938 4.039543680459219468e+04
0.995245 4.039664786844216724e+04
0.997553 4.039872818820151588e+04
1.00032 4.040223520369430480e+04
1.00262 4.040585518731082993e+04
1.00539 4.041079812244915229e+04
1.00769 4.041527687893613620e+04
1.01045 4.042088777820031828e+04
1.01275 4.042568412395707855e+04
1.01505 4.043051507925136684e+04
1.01781 4.043636917238333263e+04
1.02011 4.044138928165198740e+04
1.02286 4.044777756604603928e+04
1.02516 4.045364241186113941e+04
1.02791 4.046162876639080059e+04
1.0302 4.046929423745063104e+04
1.03295 4.047993347283719049e+04
1.03524 4.049020050981015811e+04
1.03753 4.050188131793821231e+04
1.04027 4.051740392321917898e+04
1.04256 4.053070490961287578e+04
1.0453 4.054559382981158706e+04
1.04759 4.055631578315504157e+04
1.05033 4.056695246803117334e+04
1.05261 4.057402205523833982e+04
1.05535 4.058087411336004152e+04
1.05763 4.058556097224510449e+04
1.06036 4.059041781814453861e+04
1.06264 4.059359945057069126e+04
1.06537 4.059589584990681033e+04
1.06765 4.059607463635689055e+04
1.07038 4.059383803646139131e+04
1.07265 4.058977448179558269e+04
1.07538 4.058213141757131962e+04
1.07765 4.057323619294004311e+04
1.08038 4.055886549139166891e+04
1.08264 4.054296189661468816e+04
1.08537 4.051763672695919377e+04
1.08763 4.048992507036327879e+04
1.09035 4.044679218877474341e+04
1.09262 4.040105763053953706e+04
1.09533 4.033249610667975503e+04
1.0976 4.026243269254824554e+04
1.10031 4.016081668145726871e+04
1.10257 4.005959083585529152e+04
1.10528 3.991547510779599543e+04
1.10754 3.977374083574862016e+04
1.11025 3.957386734291923494e+04
1.1125 3.937904253065607918e+04
1.11521 3.910678344039563672e+04
1.11791 3.878741312869096146e+04
1.12017 3.848122400447271502e+04
1.12287 3.806113121648329980e+04
1.12512 3.766320455199974094e+04
1.12782 3.712388575375352957e+04
1.13007 3.661893272712152248e+04
1.13276 3.594215520126459160e+04
1.13501 3.531569433970785758e+04
1.1377 3.448560719343207165e+04
1.14039 3.356747854963174905e+04
1.14264 3.273406036390975351e+04
1.14533 3.165324133052187972e+04
1.14757 3.068693790225451812e+04
1.15025 2.945446034218097702e+04
1.15294 2.814954013095793562e+04
1.15518 2.701494041509117596e+04
1.15786 2.560815679836611525e+04
1.1601 2.440845328519780014e+04
1.16278 2.295067402433824464e+04
1.16501 2.173222029973504686e+04
1.16769 2.028234851577662266e+04
1.17036 1.886025075125800504e+04
1.17259 1.770776704479538967e+04
1.17526 1.637479294226709862e+04
1.17794 1.510704292233114575e+04
1.18017 1.410682038768268467e+04
1.18284 1.297993244070296532e+04
1.18507 1.210450280991152795e+04
1.18775 1.113219902644767353e+04
1.19043 1.024421421570769598e+04
1.19267 9.567640126332657019e+03
1.19535 8.829277637981567750e+03
1.19758 8.273520022647211590e+03
1.20027 7.675076237866744123e+03
1.2025 7.230723364618514097e+03
1.20519 6.758716156821524237e+03
1.20788 6.348440894088780624e+03
1.21012 6.049850201799797105e+03
1.21281 5.738408018456116224e+03
1.21505 5.514319940207167747e+03
1.21774 5.283239098764664050e+03
1.22043 5.088732556193102937e+03
1.22268 4.951181486777713872e+03
1.22537 4.811785867919508746e+03
1.22762 4.714321760724847991e+03
1.23032 4.616589631314654980e+03
1.23257 4.548957041740216482e+03
1.23527 4.481760013538557359e+03
1.23752 4.435663862399067511e+03
1.24022 4.390245342708509270e+03
1.24292 4.353818946998789215e+03
1.24517 4.329147440223934609e+03
1.24788 4.305169055834936444e+03
1.25013 4.289091479179787711e+03
1.25284 4.273625793219576735e+03
1.2551 4.263377395178791630e+03
1.25781 4.253638411250695754e+03
1.26007 4.247289657063005507e+03
1.26278 4.241379043490510412e+03
1.26504 4.237673325953271160e+03
1.26776 4.234456660664533047e+03
1.27002 4.232646954910310342e+03
1.27274 4.231462456366324659e+03
1.275 4.231111705704084670e+03
1.27772 4.231315645797008983e+03
1.28044 4.231902289537270008e+03
1.28271 4.232770061014574821e+03
1.28543 4.234449282145674260e+03
1.2877 4.236693688358906002e+03
1.29043 4.241093999975988481e+03
1.2927 4.246403136949781583e+03
1.29543 4.253958215147591545e+03
1.2977 4.260230800289508807e+03
1.30043 4.266427534949809342e+03
1.30271 4.270283657561308246e+03
1.30544 4.273604275240966672e+03
1.30772 4.275519331517041792e+03
1.31045 4.277241958217821775e+03
1.31273 4.277795609563904691e+03
1.31501 4.276962405695350753e+03
1.31775 4.272732342360181974e+03
1.32003 4.265018579322797450e+03
1.32277 4.248228798544807432e+03
1.32506 4.225399643251469570e+03
1.3278 4.182848019662481420e+03
1.33008 4.130124967481484418e+03
1.33283 4.039409045145664550e+03
1.33512 3.934148538482136246e+03
1.33786 3.763679150333592133e+03
1.34015 3.572626942499298821e+03
1.3429 3.228507291054898815e+03
1.34519 2.803105229036222227e+03
1.34794 2.125888357032555177e+03
1.35024 1.509532375141913917e+03
1.35253 1.004875093644261256e+03
1.35528 6.183749433900097756e+02
1.35758 4.354010840652929346e+02
1.36033 3.157723435893084911e+02
1.36263 2.634646010012501165e+02
1.36539 2.306854566843653345e+02
1.36769 2.167356372685920860e+02
1.37045 2.081191437945289806e+02
1.37275 2.044804605088984033e+02
1.37505 2.025064279440298947e+02
1.37781 2.012857357182903684e+02
1.38012 2.007644581100896346e+02
1.38288 2.004354527982032437e+02
1.38518 2.002894528460302865e+02
1.38795 2.001910114190004890e+02
1.39026 2.001428623174237771e+02
1.39256 2.001101447075755573e+02
1.39533 2.000830059554061222e+02
1.39764 2.000666287508549601e+02
1.40041 2.000498111087540281e+02
1.40272 2.000383843564045208e+02
1.40504 2.000261595935727428e+02
1.40781 2.000160252934870471e+02
1.41012 2.000107533798719999e+02
1.4129 2.000000000000000000e+02
1.41521 2.000000000000000000e+02
1.41753 2.000000000000000000e+02
1.42031 2.000000000000000000e+02
1.42262 4.675341008280475421e+02
1.4254 7.606619675082679350e+02
1.42772 9.180277350288815796e+02
1.43004 1.004500372863159782e+03
1.43283 1.058076950199687190e+03
1.43515 1.081328850766500636e+03
1.43793 1.096282088021580648e+03
1.44025 1.102945926589676446e+03
1.44258 1.106761453111656010e+03
1.44536 1.109270000934063546e+03
1.44769 1.110408020302199475e+03
1.45001 1.111069029278109838e+03
1.4528 1.111509162565896077e+03
1.45513 1.111711339675319778e+03
1.45792 1.111846888523262351e+03
1.46025 1.111909542755044640e+03
1.46258 1.111946462391111481e+03
1.46538 1.111971409787220864e+03
1.46771 1.111983023353995577e+03
1.47004 1.111989906268218192e+03
1.47284 1.111994583606755896e+03
1.47517 1.111996772021664128e+03
1.4775 1.111998074829936513e+03
1.48031 1.111998963427634408e+03
1.48264 1.111999380923019544e+03
1.48545 1.111999666219851633e+03
1.48779 1.111999800473833602e+03
1.49013 1.111999880684515801e+03
1.49293 1.111999935622923886e+03
1.49528 1.111999961504127441e+03
1.49762 1.111999976990601226e+03
1.50043 1.111999987606102422e+03
1.50278 1.111999992611805965e+03
1.50513 1.111999995607882738e+03
1.50794 1.111999997660063855e+03
1.5103 1.111999998625642320e+03
1.51265 1.111999999199993908e+03
1.515 1.111999999539819100e+03
1.51783 1.111999999766679821e+03
1.52019 1.111999999868289478e+03
1.52255 1.111999999923965788e+03
1.52538 1.111999999957469527e+03
1.52775 1.111999999970197678e+03
1.53012 1.111999999976358822e+03
1.53297 1.111999999979236236e+03
1.53534 1.111999999980836265e+03
1.53772 1.111999999981707788e+03
1.5401 1.111999999982782356e+03
1.54297 1.111999999986304601e+03
1.54536 1.111999999991283630e+03
1.54775 1.111999999996835868e+03
1.55015 1.112000000000489536e+03
1.55255 1.112000000002364231e+03
1.55544 1.112000000003390824e+03
1.55785 1.112000000003569994e+03
1.56027 1.112000000003008836e+03
1.56269 1.112000000001719400e+03
1.56512 1.112000000000167120e+03
1.56755 1.111999999999235797e+03
1.57048 1.111999999998722387e+03
1.57293 1.111999999998590965e+03
1.57538 1.111999999998722387e+03
1.57784 1.111999999999259671e+03
1.58031 1.111999999999916326e+03
1.58278 1.112000000000381988e+03
1.58526 1.112000000000549107e+03
1.58775 1.112000000000680529e+03
1.59024 1.112000000000644832e+03
1.59274 1.112000000000501586e+03
1.59524 1.112000000000262617e+03
1.59776 1.112000000000011823e+03
1.60028 1.111999999999940201e+03
1.60281 1.111999999999892452e+03
1.60534 1.111999999999868578e+03
1.60789 1.111999999999904503e+03
1.61044 1.112000000000011823e+03
1.613 1.112000000000107548e+03
1.61505 1.112000000000143245e+03
1.61763 1.112000000000167120e+03
1.62021 1.112000000000190994e+03
1.62281 1.112000000000131195e+03
1.62541 1.112000000000095497e+03
1.6275 1.112000000000071623e+03
1.63012 1.112000000000047748e+03
1.63275 1.112000000000023874e+03
1.63539 1.112000000000011823e+03
1.6375 1.111999999999976126e+03
1.64016 1.112000000000000000e+03
1.64282 1.111999999999987949e+03
1.6455 1.112000000000011823e+03
1.64764 1.111999999999987949e+03
1.65034 1.111999999999976126e+03
1.65304 1.111999999999976126e+03
1.65521 1.112000000000000000e+03
1.65793 1.111999999999987949e+03
1.66011 1.111999999999987949e+03
1.66285 1.111999999999976126e+03
1.66505 1.111999999999976126e+03
1.6678 1.111999999999964075e+03
1.67001 1.111999999999976126e+03
1.67278 1.111999999999976126e+03
1.675 1.112000000000011823e+03
1.67779 1.112000000000035925e+03
1.68002 1.112000000000035925e+03
1.68282 1.112000000000011823e+03
1.68506 1.112000000000035925e+03
1.68788 1.112000000000047748e+03
1.69013 1.112000000000023874e+03
1.69296 1.112000000000023874e+03
1.69523 1.112000000000011823e+03
1.69807 1.112000000000000000e+03
1.70035 1.111999999999976126e+03
1.70263 1.112000000000011823e+03
1.7055 1.112000000000000000e+03
1.7078 1.111999999999976126e+03
1.7101 1.111999999999952252e+03
1.71299 1.111999999999964075e+03
1.7153 1.111999999999976126e+03
1.71763 1.111999999999976126e+03
1.72054 1.111999999999987949e+03
1.72287 1.111999999999976126e+03
1.72521 1.112000000000000000e+03
1.72756 1.112000000000000000e+03
1.7305 1.112000000000000000e+03
1.73285 1.112000000000000000e+03
1.7352 1.111999999999987949e+03
1.73755 1.111999999999976126e+03
1.74038 1.111999999999976126e+03
1.74265 1.112000000000000000e+03
1.74536 1.112000000000035925e+03
1.74803 1.112000000000059572e+03
1.7502 1.112000000000035925e+03
1.75291 1.112000000000059572e+03
1.75507 1.112000000000047748e+03
1.75774 1.112000000000047748e+03
1.76038 1.112000000000035925e+03
1.76298 1.112000000000059572e+03
1.76506 1.112000000000035925e+03
1.76768 1.112000000000023874e+03
1.77029 1.112000000000011823e+03
1.7729 1.112000000000000000e+03
1.77551 1.112000000000011823e+03
1.77758 1.112000000000035925e+03
1.78018 1.112000000000047748e+03
1.78281 1.112000000000023874e+03
1.78543 1.112000000000023874e+03
1.7875 1.111999999999976126e+03
1.7901 1.111999999999964075e+03
1.79275 1.111999999999928377e+03
1.79542 1.111999999999964075e+03
1.79754 1.111999999999964075e+03
1.80017 1.111999999999976126e+03
1.8028 1.111999999999976126e+03
1.80542 1.111999999999987949e+03
1.80752 1.111999999999964075e+03
1.81016 1.111999999999976126e+03
1.81279 1.111999999999987949e+03
1.81541 1.111999999999964075e+03
1.81751 1.111999999999940201e+03
1.82013 1.111999999999928377e+03
1.82276 1.111999999999892452e+03
1.82544 1.111999999999892452e+03
1.82759 1.111999999999892452e+03
1.83023 1.111999999999880401e+03
1.83288 1.111999999999892452e+03
1.83501 1.111999999999904503e+03
1.83768 1.111999999999904503e+03
1.84033 1.111999999999892452e+03
1.84297 1.111999999999868578e+03
1.84508 1.111999999999892452e+03
1.84771 1.111999999999916326e+03
1.85038 1.111999999999928377e+03
1.85253 1.111999999999940201e+03
1.85521 1.111999999999964075e+03
1.85789 1.111999999999987949e+03
1.86004 1.111999999999964075e+03
1.86273 1.111999999999952252e+03
1.86542 1.111999999999976126e+03
1.86754 1.111999999999976126e+03
1.8702 1.111999999999952252e+03
1.8729 1.111999999999928377e+03
1.87506 1.111999999999904503e+03
1.87775 1.111999999999880401e+03
1.88044 1.111999999999880401e+03
1.88259 1.111999999999904503e+03
1.88528 1.111999999999952252e+03
1.88798 1.111999999999987949e+03
1.89014 1.112000000000000000e+03
1.89283 1.111999999999976126e+03
1.89551 1.111999999999964075e+03
1.89765 1.111999999999940201e+03
1.90034 1.111999999999952252e+03
1.90302 1.111999999999964075e+03
1.90518 1.111999999999964075e+03
1.90787 1.111999999999952252e+03
1.91051 1.111999999999928377e+03
1.91263 1.111999999999928377e+03
1.91533 1.111999999999928377e+03
1.91803 1.111999999999928377e+03
1.92019 1.111999999999916326e+03
1.92288 1.111999999999904503e+03
1.92506 1.111999999999904503e+03
1.9278 1.111999999999904503e+03
1.93051 1.111999999999928377e+03
1.93263 1.111999999999928377e+03
1.9353 1.111999999999928377e+03
1.93798 1.111999999999928377e+03
1.94012 1.111999999999928377e+03
1.9428 1.111999999999976126e+03
1.94548 1.111999999999976126e+03
1.94764 1.111999999999964075e+03
1.95033 1.111999999999952252e+03
1.9525 1.111999999999940201e+03
1.95522 1.111999999999952252e+03
1.95793 1.111999999999964075e+03
1.96008 1.111999999999940201e+03
1.96278 1.111999999999964075e+03
1.96548 1.111999999999964075e+03
1.96763 1.111999999999976126e+03
1.9703 1.111999999999964075e+03
1.97298 1.111999999999976126e+03
1.97513 1.111999999999976126e+03
1.97782 1.111999999999940201e+03
1.9805 1.111999999999964075e+03
1.98264 1.111999999999952252e+03
1.98533 1.111999999999928377e+03
1.98801 1.111999999999940201e+03
1.99016 1.111999999999964075e+03
1.99285 1.111999999999964075e+03
1.995 1.112000000000011823e+03
1.9977 1.111999999999987949e+03
2.00039 1.111999999999976126e+03
2.00253 1.111999999999987949e+03
2.00521 1.112000000000000000e+03
2.00793 1.111999999999964075e+03
2.0101 1.111999999999952252e+03
2.0128 1.111999999999976126e+03
2.0155 1.112000000000000000e+03
2.01765 1.112000000000023874e+03
2.02033 1.112000000000059572e+03
2.02304 1.112000000000071623e+03
2.02521 1.112000000000083446e+03
2.02792 1.112000000000107548e+03
2.03009 1.112000000000083446e+03
2.03279 1.112000000000059572e+03
2.03549 1.112000000000071623e+03
2.03765 1.112000000000095497e+03
2.04033 1.112000000000095497e+03
2.04303 1.112000000000059572e+03
2.0452 1.112000000000047748e+03
2.04791 1.112000000000047748e+03
2.05008 1.112000000000011823e+03
2.0528 1.111999999999987949e+03
2.0555 1.112000000000023874e+03
2.05766 1.112000000000035925e+03
2.06037 1.112000000000047748e+03
2.06254 1.112000000000035925e+03
2.06525 1.112000000000000000e+03
2.06795 1.112000000000011823e+03
2.07011 1.111999999999987949e+03
2.07281 1.112000000000000000e+03
2.07552 1.111999999999987949e+03
2.07767 1.112000000000000000e+03
2.08036 1.111999999999976126e+03
2.08257 1.112000000000000000e+03
2.08533 1.112000000000000000e+03
2.08751 1.112000000000023874e+03
2.09022 1.112000000000071623e+03
2.09292 1.112000000000035925e+03
2.09508 1.112000000000023874e+03
2.09778 1.112000000000035925e+03
2.10048 1.112000000000000000e+03
2.10263 1.112000000000000000e+03
2.10533 1.111999999999987949e+03
2.10803 1.111999999999952252e+03
2.1102 1.111999999999952252e+03
2.11292 1.111999999999964075e+03
2.1151 1.111999999999952252e+03
2.11782 1.111999999999952252e+03
2.12053 1.111999999999940201e+03
2.12271 1.111999999999940201e+03
2.12542 1.111999999999940201e+03
2.12758 1.111999999999916326e+03
2.13028 1.111999999999928377e+03
2.13298 1.111999999999916326e+03
2.13514 1.111999999999928377e+03
2.13785 1.111999999999916326e+03
2.14002 1.111999999999904503e+03
2.14273 1.111999999999904503e+03
2.14543 1.111999999999940201e+03
2.1476 1.111999999999952252e+03
2.1503 1.111999999999987949e+03
2.153 1.112000000000000000e+03
2.15516 1.111999999999987949e+03
2.15786 1.112000000000023874e+03
2.16001 1.112000000000023874e+03
2.16271 1.112000000000023874e+03
2.16541 1.112000000000059572e+03
2.16758 1.112000000000059572e+03
2.17027 1.112000000000083446e+03
2.17297 1.112000000000071623e+03
2.17513 1.112000000000035925e+03
2.17784 1.112000000000023874e+03
2.1805 1.112000000000023874e+03
2.18263 1.112000000000023874e+03
2.18535 1.112000000000035925e+03
2.18754 1.112000000000011823e+03
2.19025 1.112000000000035925e+03
2.19296 1.111999999999987949e+03
2.19514 1.111999999999987949e+03
2.19787 1.111999999999976126e+03
2.20005 1.111999999999976126e+03
2.20272 1.111999999999976126e+03
2.20539 1.111999999999976126e+03
2.20753 1.111999999999952252e+03
2.21021 1.111999999999952252e+03
2.2129 1.111999999999976126e+03
2.21505 1.111999999999987949e+03
2.21773 1.112000000000000000e+03
2.22041 1.111999999999987949e+03
2.22257 1.111999999999964075e+03
2.22528 1.111999999999964075e+03
2.22797 1.111999999999964075e+03
2.23011 1.111999999999940201e+03
2.23279 1.111999999999928377e+03
2.23547 1.111999999999928377e+03
2.23763 1.111999999999928377e+03
2.24034 1.111999999999940201e+03
2.2425 1.111999999999987949e+03
2.24521 1.111999999999976126e+03
2.24791 1.112000000000011823e+03
2.25005 1.112000000000023874e+03
2.25272 1.112000000000000000e+03
2.2554 1.111999999999976126e+03
2.25754 1.111999999999976126e+03
2.26025 1.111999999999952252e+03
2.26297 1.112000000000000000e+03
2.26513 1.111999999999987949e+03
2.26782 1.112000000000000000e+03
2.2705 1.111999999999987949e+03
2.27264 1.112000000000000000e+03
2.27532 1.112000000000000000e+03
2.27801 1.112000000000000000e+03
2.28017 1.112000000000000000e+03
2.2829 1.112000000000023874e+03
2.28508 1.112000000000035925e+03
2.28777 1.112000000000011823e+03
2.29045 1.112000000000023874e+03
2.29259 1.112000000000035925e+03
2.29527 1.112000000000035925e+03
2.29797 1.112000000000023874e+03
2.30014 1.112000000000023874e+03
2.30283 1.112000000000035925e+03
2.30552 1.112000000000047748e+03
2.30767 1.112000000000059572e+03
2.31036 1.112000000000083446e+03
2.31252 1.112000000000083446e+03
2.31523 1.112000000000095497e+03
2.31794 1.112000000000107548e+03
2.3201 1.112000000000107548e+03
2.32281 1.112000000000107548e+03
2.32552 1.112000000000083446e+03
2.32767 1.112000000000083446e+03
2.3304 1.112000000000083446e+03
2.33259 1.112000000000083446e+03
2.33532 1.112000000000071623e+03
2.33802 1.112000000000095497e+03
2.34019 1.112000000000083446e+03
2.3429 1.112000000000119371e+03
2.34507 1.112000000000095497e+03
2.34778 1.112000000000071623e+03
2.35049 1.112000000000095497e+03
2.35264 1.112000000000095497e+03
2.35534 1.112000000000083446e+03
2.35803 1.112000000000071623e+03
2.36018 1.112000000000059572e+03
2.36288 1.112000000000047748e+03
2.36503 1.112000000000047748e+03
2.36775 1.112000000000059572e+03
2.37051 1.112000000000047748e+03
2.3727 1.112000000000035925e+03
2.3754 1.112000000000000000e+03
2.37756 1.111999999999964075e+03
2.38029 1.111999999999987949e+03
2.38301 1.111999999999964075e+03
2.38521 1.111999999999976126e+03
2.38795 1.111999999999976126e+03
2.39012 1.111999999999987949e+03
2.39282 1.111999999999940201e+03
2.39501 1.111999999999940201e+03
2.39777 1.111999999999987949e+03
2.40051 1.111999999999964075e+03
2.40267 1.111999999999964075e+03
2.40538 1.111999999999987949e+03
2.40755 1.112000000000011823e+03
2.41027 1.112000000000011823e+03
2.41298 1.111999999999987949e+03
2.41515 1.112000000000000000e+03
2.41786 1.111999999999987949e+03
2.42003 1.111999999999987949e+03
2.42276 1.111999999999987949e+03
2.4255 1.112000000000000000e+03
2.42768 1.112000000000035925e+03
2.43039 1.112000000000035925e+03
2.43256 1.112000000000047748e+03
2.4353 1.112000000000059572e+03
2.43805 1.112000000000059572e+03
2.44024 1.112000000000059572e+03
2.44299 1.112000000000059572e+03
2.44516 1.112000000000107548e+03
2.44787 1.112000000000107548e+03
2.45007 1.112000000000071623e+03
2.45283 1.112000000000035925e+03
2.45502 1.112000000000035925e+03
2.45773 1.112000000000035925e+03
2.46047 1.112000000000047748e+03
2.46268 1.112000000000047748e+03
2.46544 1.112000000000071623e+03
2.46762 1.112000000000095497e+03
2.47035 1.112000000000095497e+03
2.47255 1.112000000000083446e+03
2.4753 1.112000000000083446e+03
2.47804 1.112000000000083446e+03
2.48023 1.112000000000071623e+03
2.48296 1.112000000000059572e+03
2.48515 1.112000000000059572e+03
2.48788 1.112000000000071623e+03
2.49007 1.112000000000059572e+03
2.49282 1.112000000000035925e+03
2.49502 1.112000000000023874e+03
2.49777 1.112000000000011823e+03
2.50051 1.112000000000023874e+03
2.5027 1.112000000000047748e+03
2.50543 1.112000000000023874e+03
2.50761 1.112000000000035925e+03
2.51033 1.112000000000000000e+03
2.51252 1.112000000000035925e+03
2.51525 1.112000000000023874e+03
2.51799 1.112000000000011823e+03
2.52018 1.112000000000035925e+03
2.52293 1.112000000000023874e+03
2.52512 1.112000000000023874e+03
2.52787 1.111999999999987949e+03
2.53007 1.112000000000000000e+03
2.5328 1.112000000000011823e+03
2.53554 1.112000000000011823e+03
2.53771 1.111999999999987949e+03
2.54043 1.112000000000000000e+03
2.54261 1.112000000000023874e+03
2.54534 1.112000000000023874e+03
2.54752 1.112000000000035925e+03
2.55023 1.112000000000059572e+03
2.55296 1.112000000000047748e+03
2.55515 1.112000000000047748e+03
2.5579 1.112000000000083446e+03
2.56008 1.112000000000047748e+03
2.5628 1.112000000000035925e+03
2.56553 1.112000000000035925e+03
2.5677 1.112000000000011823e+03
2.57042 1.111999999999987949e+03
2.5726 1.112000000000000000e+03
2.57532 1.112000000000011823e+03
2.57751 1.112000000000011823e+03
2.58024 1.112000000000000000e+03
2.58297 1.112000000000023874e+03
2.58516 1.112000000000011823e+03
2.58792 1.112000000000011823e+03
2.59014 1.112000000000035925e+03
2.59288 1.112000000000047748e+03
2.59507 1.112000000000083446e+03
2.5978 1.112000000000071623e+03
2.60054 1.112000000000083446e+03
2.60273 1.112000000000083446e+03
2.60547 1.112000000000119371e+03
2.60767 1.112000000000119371e+03
2.61042 1.112000000000107548e+03
2.61262 1.112000000000095497e+03
2.61538 1.112000000000071623e+03
2.61759 1.112000000000071623e+03
2.62033 1.112000000000071623e+03
2.62252 1.112000000000047748e+03
2.62527 1.112000000000023874e+03
2.62804 1.112000000000011823e+03
2.63024 1.112000000000000000e+03
2.63298 1.112000000000011823e+03
2.63517 1.111999999999964075e+03
2.63792 1.111999999999976126e+03
2.64013 1.111999999999976126e+03
2.64287 1.112000000000023874e+03
2.64506 1.112000000000000000e+03
2.64782 1.112000000000000000e+03
2.65003 1.112000000000023874e+03
2.65279 1.112000000000059572e+03
2.65552 1.112000000000011823e+03
2.65772 1.112000000000023874e+03
2.66046 1.112000000000047748e+03
2.66266 1.112000000000047748e+03
2.66539 1.112000000000059572e+03
2.66758 1.112000000000071623e+03
2.67032 1.112000000000059572e+03
2.6725 1.112000000000071623e+03
2.67526 1.112000000000059572e+03
2.67801 1.112000000000047748e+03
2.68021 1.112000000000035925e+03
2.68296 1.112000000000023874e+03
2.68516 1.112000000000000000e+03
2.68792 1.111999999999976126e+03
2.69013 1.111999999999952252e+03
2.69287 1.111999999999940201e+03
2.69506 1.111999999999928377e+03
2.69782 1.111999999999892452e+03
2.70003 1.111999999999916326e+03
2.70278 1.111999999999964075e+03
2.70553 1.111999999999976126e+03
2.70773 1.111999999999952252e+03
2.71048 1.111999999999964075e+03
2.7127 1.111999999999976126e+03
2.71549 1.111999999999952252e+03
2.71772 1.111999999999964075e+03
2.72047 1.111999999999952252e+03
2.72267 1.111999999999940201e+03
2.72541 1.111999999999928377e+03
2.72761 1.111999999999940201e+03
2.73035 1.111999999999964075e+03
2.73254 1.112000000000000000e+03
2.73528 1.112000000000023874e+03
2.73802 1.112000000000000000e+03
2.74021 1.112000000000023874e+03
2.74296 1.111999999999987949e+03
2.74517 1.112000000000000000e+03
2.74792 1.112000000000011823e+03
2.75013 1.112000000000023874e+03
2.75287 1.112000000000000000e+03
2.75506 1.111999999999987949e+03
2.75779 1.111999999999940201e+03
2.76052 1.111999999999952252e+03
2.76272 1.111999999999940201e+03
2.76547 1.111999999999952252e+03
2.76767 1.111999999999952252e+03
2.77042 1.111999999999928377e+03
2.77263 1.111999999999904503e+03
2.7754 1.111999999999916326e+03
2.77761 1.111999999999928377e+03
2.78038 1.111999999999904503e+03
2.78259 1.111999999999892452e+03
2.78534 1.111999999999940201e+03
2.78754 1.111999999999916326e+03
2.79029 1.111999999999904503e+03
2.79304 1.111999999999928377e+03
2.79523 1.111999999999916326e+03
2.79796 1.111999999999952252e+03
2.80014 1.111999999999964075e+03
2.80289 1.111999999999952252e+03
2.80509 1.111999999999940201e+03
2.80783 1.111999999999964075e+03
2.81002 1.111999999999987949e+03
2.81277 1.112000000000000000e+03
2.81552 1.112000000000011823e+03
2.81773 1.112000000000000000e+03
2.82049 1.112000000000000000e+03
2.8227 1.111999999999987949e+03
2.82547 1.111999999999976126e+03
2.82767 1.111999999999976126e+03
2.83041 1.111999999999916326e+03
2.8326 1.111999999999904503e+03
2.83536 1.111999999999892452e+03
2.83756 1.111999999999892452e+03
2.84032 1.111999999999904503e+03
2.84252 1.111999999999916326e+03
2.84528 1.111999999999928377e+03
2.84804 1.111999999999940201e+03
2.85024 1.111999999999987949e+03
2.853 1.112000000000023874e+03
2.85521 1.112000000000011823e+03
2.85798 1.112000000000035925e+03
2.86019 1.112000000000023874e+03
2.86295 1.112000000000023874e+03
2.86515 1.112000000000023874e+03
2.8679 1.112000000000023874e+03
2.87011 1.112000000000011823e+03
2.87286 1.112000000000011823e+03
2.87505 1.112000000000023874e+03
2.8778 1.112000000000011823e+03
2.88001 1.111999999999987949e+03
2.88277 1.111999999999987949e+03
2.88553 1.111999999999987949e+03
2.88774 1.111999999999987949e+03
2.89052 1.112000000000000000e+03
2.89274 1.112000000000000000e+03
2.89551 1.112000000000000000e+03
2.89772 1.111999999999976126e+03
2.90048 1.111999999999976126e+03
2.90268 1.111999999999964075e+03
2.90544 1.111999999999964075e+03
2.90765 1.111999999999940201e+03
2.91042 1.111999999999928377e+03
2.91264 1.111999999999987949e+03
2.91541 1.111999999999987949e+03
2.91762 1.111999999999964075e+03
2.92039 1.111999999999976126e+03
2.92261 1.112000000000000000e+03
2.92538 1.111999999999964075e+03
2.9276 1.111999999999976126e+03
2.93036 1.111999999999952252e+03
2.93257 1.111999999999964075e+03
2.93531 1.111999999999940201e+03
2.93751 1.111999999999964075e+03
2.94028 1.111999999999928377e+03
2.94305 1.111999999999940201e+03
2.94526 1.111999999999904503e+03
2.94801 1.111999999999952252e+03
2.95022 1.111999999999952252e+03
2.95299 1.111999999999952252e+03
2.95519 1.111999999999964075e+03
2.95795 1.111999999999976126e+03
2.96016 1.111999999999964075e+03
2.96293 1.111999999999940201e+03
2.96515 1.111999999999952252e+03
2.96791 1.111999999999904503e+03
2.97012 1.111999999999892452e+03
2.97288 1.111999999999904503e+03
2.97508 1.111999999999916326e+03
2.97785 1.111999999999904503e+03
2.98007 1.111999999999916326e+03
2.98285 1.111999999999928377e+03
2.98508 1.111999999999928377e+03
2.98787 1.111999999999904503e+03
2.99008 1.111999999999892452e+03
2.99285 1.111999999999892452e+03
2.99507 1.111999999999880401e+03
2.99785 1.111999999999868578e+03
3.00006 1.111999999999868578e+03
3.00281 1.111999999999880401e+03
3.00502 1.111999999999868578e+03
3.00778 1.111999999999856755e+03
3.01054 1.111999999999868578e+03
3.01275 1.111999999999856755e+03
3.01552 1.111999999999928377e+03
3.01776 1.111999999999976126e+03
3.02055 1.112000000000000000e+03
3.02277 1.112000000000023874e+03
3.02554 1.112000000000059572e+03
3.02776 1.112000000000071623e+03
3.03054 1.112000000000047748e+03
3.03276 1.112000000000047748e+03
3.03553 1.112000000000011823e+03
3.03774 1.112000000000035925e+03
3.04051 1.112000000000047748e+03
3.04272 1.111999999999987949e+03
3.04549 1.111999999999928377e+03
3.04771 1.111999999999868578e+03
3.05048 1.111999999999820830e+03
3.0527 1.111999999999796955e+03
3.05548 1.111999999999773081e+03
3.05771 1.111999999999796955e+03
3.06049 1.111999999999844704e+03
3.06271 1.111999999999868578e+03
3.06548 1.111999999999904503e+03
3.0677 1.111999999999904503e+03
3.07047 1.111999999999892452e+03
3.0727 1.111999999999868578e+03
3.07548 1.111999999999916326e+03
3.0777 1.112000000000143245e+03
3.08047 1.112000000000561158e+03
3.08269 1.112000000000979071e+03
3.08549 1.112000000000967248e+03
3.08772 1.112000000000835826e+03
3.0905 1.112000000000537284e+03
3.09272 1.112000000000310365e+03
3.09548 1.112000000000083446e+03
3.09769 1.111999999999976126e+03
3.10047 1.111999999999904503e+03
3.10269 1.111999999998590965e+03
3.10547 1.111999999990734523e+03
3.1077 1.111999999979510903e+03
3.11048 1.111999999962878292e+03
3.11269 1.111999999949744506e+03
3.11546 1.111996107788422023e+03
3.11768 1.111990437202597377e+03
3.12046 2.000000000000000000e+02
3.1227 2.000000000000000000e+02
3.1255 2.000000000000000000e+02
3.12772 2.000000000000000000e+02
3.13049 2.000000000000000000e+02
3.1327 2.000000000000000000e+02
3.13549 2.000000000000000000e+02
3.13771 2.000000000000000000e+02
3.14049 2.000000000000000000e+02
3.14272 2.000000000000000000e+02
3.14549 2.000000000000000000e+02
3.1477 2.000000000000000000e+02
3.15048 2.000000000000000000e+02
3.1527 2.000000000000000000e+02
3.15548 2.691409313333314230e+02
3.15771 2.343579819437073013e+02
3.16049 2.143812725099044769e+02
3.16271 2.072153362041416074e+02
3.16549 2.030838677153832066e+02
3.16771 2.016319330637763017e+02
3.17049 2.016876121775125910e+02
3.17273 2.047490514679778357e+02
3.17552 2.156941917027458544e+02
3.17775 2.324397936645370351e+02
3.18052 4.376616668352654074e+02
3.18274 1.083504828722968796e+03
3.18553 2.687629805756441783e+03
3.18776 4.618218995872491178e+03
3.19054 7.602705094102255316e+03
3.19277 1.037829863922395634e+04
3.195 1.349311535935957727e+04
3.1978 1.778691899861364072e+04
3.20002 2.160956859043341319e+04
3.2028 2.678582845991014983e+04
3.20502 3.083805811929311312e+04
3.20781 3.506037079208846262e+04
3.21003 3.767615163918949111e+04
3.21281 4.011271194053308864e+04
3.21503 4.151181838180292834e+04
3.21781 4.272555289822801569e+04
3.22004 4.338452123409986234e+04
3.22282 4.400744933138247870e+04
3.22505 4.445949218872017809e+04
3.22784 4.499422100892243179e+04
3.23007 4.541510738392861822e+04
3.23286 4.594183438126318651e+04
3.23509 4.635452047960297205e+04
3.23788 4.679395352595683653e+04
3.24011 4.699591948425085866e+04
3.24289 4.703128254761049175e+04
3.24512 4.699494237656500627e+04
3.2479 4.700798939196557330e+04
3.25014 4.709737884970436426e+04
3.25294 4.727455415515182540e+04
3.25517 4.743132371825954760e+04
3.25795 4.758760364201183256e+04
3.26018 4.765066205218806863e+04
3.26298 4.765713156719550898e+04
3.26521 4.761356246293325239e+04
3.268 4.751616715610160463e+04
3.27024 4.742285344042990619e+04
3.27303 4.730337822301530105e+04
3.27525 4.721433918734266626e+04
3.27804 4.712642474572352512e+04
3.28028 4.708015487120715261e+04
3.28251 4.704516079926513339e+04
3.2853 4.701830637524378108e+04
3.28753 4.702867690212587331e+04
3.29031 4.710971504967889632e+04
3.29255 4.722561745832503948e+04
3.29533 4.741094528664752579e+04
3.29756 4.757042782414800604e+04
3.30036 4.774451958151625877e+04
3.3026 4.785495116314598272e+04
3.3054 4.793812080558926391e+04
3.30763 4.795807573926517216e+04
3.31042 4.792445202468828211e+04
3.31266 4.785861930824800947e+04
3.31545 4.774057517837458727e+04
3.31769 4.762771598405345867e+04
3.32049 4.747808259158372675e+04
3.32273 4.737093500175468216e+04
3.32552 4.726783151046164858e+04
3.32775 4.722115652796253562e+04
3.33055 4.721276348129745747e+04
3.33278 4.724442464970354922e+04
3.33502 4.731434818805048417e+04
3.33781 4.744904567346247495e+04
3.34005 4.757176972758506599e+04
3.34284 4.772557823632321379e+04
3.34507 4.783554925694323902e+04
3.34786 4.793548177893678076e+04
3.3501 4.797563017566107737e+04
3.3529 4.798092114052882243e+04
3.35514 4.794225894149718079e+04
3.35794 4.786434711995007092e+04
3.36017 4.779367963641141978e+04
3.36297 4.768945219799299230e+04
3.3652 4.758653900799488474e+04
3.368 4.746035590668643272e+04
3.37024 4.738982332965735259e+04
3.37304 4.734043670542389737e+04
3.37527 4.733061043928581785e+04
3.37751 4.734985390552914760e+04
3.3803 4.740793674352154630e+04
3.38254 4.746850745167531568e+04
3.38534 4.755971483021606400e+04
3.38758 4.764536530079900695e+04
3.39038 4.774935548375057988e+04
3.39262 4.780413903342271806e+04
3.39541 4.781766455004496675e+04
3.39765 4.779528807288603275e+04
3.40045 4.773526539069646969e+04
3.40269 4.767599323902616743e+04
3.40548 4.759472654600376700e+04
3.40772 4.751862823245278560e+04
3.41052 4.740785047515988845e+04
3.41276 4.732912697789714002e+04
3.41501 4.727435369850761344e+04
3.41781 4.723703206546596630e+04
3.42005 4.722837243087520619e+04
3.42284 4.724726145373141480e+04
3.42508 4.727755336797329801e+04
3.42788 4.732982233105025080e+04
3.43011 4.738822892351922201e+04
3.43291 4.747708041168913041e+04
3.43515 4.753340231595835212e+04
3.43796 4.756510999169480056e+04
3.4402 4.755717392512713559e+04
3.443 4.751821607455715275e+04
3.44524 4.746943551803308947e+04
3.44804 4.740193452731686557e+04
3.45028 4.734123312102564523e+04
3.45252 4.727162859956420289e+04
3.45532 4.717877738838558435e+04
3.45756 4.711549780096850009e+04
3.46037 4.705965440983588633e+04
3.46261 4.703481839021527412e+04
3.46542 4.702967112747784267e+04
3.46767 4.704311812520363310e+04
3.47047 4.707330459519270516e+04
3.47271 4.711002884145890857e+04
3.47551 4.717525731916406949e+04
3.47775 4.723308517969845707e+04
3.48056 4.728396137508327229e+04
3.4828 4.729737149621166463e+04
3.48505 4.728752915705733176e+04
3.48785 4.724891390983197925e+04
3.4901 4.720091256258971407e+04
3.4929 4.713443419390694908e+04
3.49514 4.707601827902805235e+04
3.49795 4.699419015901963576e+04
3.50019 4.692434276088055049e+04
3.50299 4.684450528835723526e+04
3.50523 4.679443913926964160e+04
3.50805 4.675595103829052823e+04
3.5103 4.674618824673670315e+04
3.51255 4.675141338290733256e+04
3.51535 4.677254070412025612e+04
3.5176 4.680006536562438851e+04
3.5204 4.685219531742644904e+04
3.52264 4.690393498423196434e+04
3.52546 4.696018277942923305e+04
3.52771 4.698460596931717737e+04
3.53052 4.698715908695093094e+04
3.53277 4.696891400132053968e+04
3.53501 4.693437201563111012e+04
3.53782 4.687693508500012103e+04
3.54007 4.682620542507471691e+04
3.54287 4.675549657659775403e+04
3.54512 4.669318940259080409e+04
3.54792 4.661394356263810187e+04
3.55017 4.655400098637864721e+04
3.55298 4.649286637917222106e+04
3.55524 4.646419394165591075e+04
3.55805 4.645689997028528887e+04
3.56029 4.646831442241606419e+04
3.56253 4.649077029135349585e+04
3.56535 4.653159133046190254e+04
3.5676 4.657582852784871648e+04
3.57041 4.663878568467454897e+04
3.57266 4.668657595832346851e+04
3.57547 4.672799887247340666e+04
3.57771 4.674390110045058827e+04
3.58053 4.673887693003658205e+04
3.58279 4.671563517156868329e+04
3.58505 4.667767987672344316e+04
3.58785 4.661767611905838567e+04
3.5901 4.656336603081081557e+04
3.59291 4.648694040665581269e+04
3.59517 4.642078674941843201e+04
3.59798 4.633781720423686784e+04
3.60023 4.627672667826118413e+04
3.60304 4.621374564853365882e+04
3.60528 4.617920707033873623e+04
3.60753 4.616286790200023097e+04
3.61034 4.616807951469412365e+04
3.6126 4.618820822043747467e+04
3.6154 4.622795674811454955e+04
3.61765 4.627196770044298319e+04
3.62046 4.633473383869894315e+04
3.62271 4.638471592081977724e+04
3.62552 4.643401091783485026e+04
3.62777 4.645805595440026082e+04
3.63002 4.646490455553137872e+04
3.63283 4.644943185646835627e+04
3.63507 4.642068776896155032e+04
3.63789 4.636616866935261351e+04
3.64014 4.631287417369602917e+04
3.64296 4.623773933222836058e+04
3.6452 4.617190758350589749e+04
3.64802 4.608491643945383839e+04
3.65028 4.601549998286031769e+04
3.65254 4.595090533887631318e+04
3.65535 4.588200923584163684e+04
3.6576 4.584080110751643952e+04
3.66042 4.580842964068330912e+04
3.66267 4.580185760264804412e+04
3.66549 4.581948240305783111e+04
3.66774 4.585147511273980490e+04
3.67056 4.590903002449516498e+04
3.67281 4.596327992142221774e+04
3.67507 4.601967619599154568e+04
3.67788 4.608554084075518040e+04
3.68014 4.612918850660113094e+04
3.68296 4.616487960511547135e+04
3.68522 4.617550857750330033e+04
3.68804 4.616758579176195053e+04
3.69029 4.614585381381744082e+04
3.69254 4.611043497101550747e+04
3.69537 4.605177938990042458e+04
3.69762 4.599719036706619954e+04
3.70044 4.592222318103603175e+04
3.70269 4.585812980859023082e+04
3.70551 4.577716339781755232e+04
3.70777 4.571586948669275444e+04
3.71002 4.566181221221312444e+04
3.71284 4.560918661967011576e+04
3.7151 4.557987829762705951e+04
3.71792 4.555884040213283151e+04
3.72017 4.555716537149850774e+04
3.723 4.557712298941052723e+04
3.72526 4.561146229688645690e+04
3.72751 4.565828414446279930e+04
3.73033 4.572717510802092147e+04
3.73259 4.578482263360876095e+04
3.73542 4.585177701834225445e+04
3.73767 4.589517180369557900e+04
3.74049 4.593237517059683887e+04
3.74274 4.594610288851658697e+04
3.74501 4.594570980428306939e+04
3.74785 4.592678387574241060e+04
3.7501 4.589794538893360004e+04
3.75292 4.584662888674888382e+04
3.75518 4.579526240643252822e+04
3.758 4.572247061854779167e+04
3.76026 4.565962502953391231e+04
3.76251 4.559381946337382396e+04
3.76533 4.550984930755011737e+04
3.76758 4.544577505268467212e+04
3.7704 4.537501055878257466e+04
3.77266 4.532851844904226164e+04
3.77548 4.528312377674228628e+04
3.77773 4.525778502697166550e+04
3.78055 4.524328943457644345e+04
3.78281 4.524895616467641230e+04
3.78508 4.527037960301651037e+04
3.7879 4.531523874690350203e+04
3.79016 4.535945147165538219e+04
3.79297 4.541759595083364547e+04
3.79523 4.546244843141489400e+04
3.79805 4.551037934651850082e+04
3.80031 4.553931494712306448e+04
3.80257 4.555837093517831090e+04
3.80539 4.556549255075299152e+04
3.80765 4.555716613060547388e+04
3.81047 4.552996449980181205e+04
3.81273 4.549642031338345259e+04
3.81555 4.544256176959507138e+04
3.81781 4.539205292981728417e+04
3.82006 4.533629620094307029e+04
3.82288 4.526117794020736619e+04
3.82514 4.519888240215893893e+04
3.82796 4.512144714811498125e+04
3.83022 4.506145764617616805e+04
3.83305 4.499183918360718963e+04
3.8353 4.494211933926297934e+04
3.83756 4.489875744049495552e+04
3.84038 4.485586383735189884e+04
3.84263 4.483351805265490839e+04
3.84546 4.482418749744545494e+04
3.84772 4.483241118829844345e+04
3.85054 4.485964621352452377e+04
3.8528 4.489135960767639335e+04
3.85506 4.492770625771639607e+04
3.85789 4.497324686688174552e+04
3.86014 4.500658204950664367e+04
3.86297 4.504087518970105884e+04
3.86524 4.506069167074096913e+04
3.86806 4.507441273255064152e+04
3.87032 4.507536696595198737e+04
3.87258 4.506676581163561059e+04
3.8754 4.504258354327052075e+04
3.87766 4.501330760930560791e+04
3.88049 4.496571537986840849e+04
3.88276 4.492043413078044978e+04
3.88502 4.487052250105169514e+04
3.88784 4.480374050570732652e+04
3.8901 4.474906699581827706e+04
3.89292 4.468101751518415404e+04
3.89518 4.462801747653574421e+04
3.89801 4.456522289758692204e+04
3.90028 4.451919171590859332e+04
3.90254 4.447807449853971775e+04
3.90537 4.443538195460918359e+04
3.90763 4.440988319900979695e+04
3.91045 4.439122371520849993e+04
3.91271 4.438816827408250538e+04
3.91555 4.439936323512924719e+04
3.91782 4.441877825155947357e+04
3.92009 4.444511255786100810e+04
3.92294 4.448322845484838763e+04
3.92519 4.451354691790493234e+04
3.92801 4.454840704651820124e+04
3.93028 4.457228621369734901e+04
3.93255 4.459139669812628563e+04
3.9354 4.460778481816837302e+04
3.93768 4.461400192520835844e+04
3.94054 4.461203984059522190e+04
3.9428 4.460238595676651312e+04
3.94506 4.458576542614169011e+04
3.94789 4.455583294984872919e+04
3.95015 4.452573746709599800e+04
3.95299 4.448215760169627174e+04
3.95527 4.444437214424984995e+04
3.95754 4.440505651826501708e+04
3.96037 4.435495739521299402e+04
3.96263 4.431516484353401756e+04
3.96546 4.426767071188706177e+04
3.96772 4.423280102845693909e+04
3.97055 4.419431766001914366e+04
3.97282 4.416846046252768429e+04
3.97509 4.414769483008463430e+04
3.97793 4.413039900168559689e+04
3.9802 4.412485529363450041e+04
3.98302 4.412926952597919444e+04
3.98528 4.414169908382403082e+04
3.98755 4.416111935698742309e+04
3.99038 4.419251111700384354e+04
3.99265 4.422085769011377852e+04
3.99549 4.425662593642817228e+04
3.99776 4.428335901146652759e+04
4.00002 4.430709402215945011e+04
4.00284 4.433120867257424834e+04
4.00511 4.434539825134738931e+04
4.00793 4.435568289073708729e+04
4.0102 4.435754086529044434e+04
4.01303 4.435168497085996933e+04
4.0153 4.434092759452979953e+04
4.01756 4.432538362102433166e+04
4.02039 4.430007568387447100e+04
4.02266 4.427626322457124479e+04
4.02548 4.424266163527426397e+04
4.02775 4.421313351596926077e+04
4.03001 4.418183524671859050e+04
4.03285 4.414147899766631599e+04
4.03512 4.410928857081256137e+04
4.03795 4.407116882884095685e+04
4.04021 4.404395096104618278e+04
4.04304 4.401576811437543074e+04
4.04531 4.399860182308223011e+04
4.04758 4.398659473017971322e+04
4.05041 4.397980941415123380e+04
4.05267 4.398148710496767308e+04
4.0555 4.399248702438521286e+04
4.05776 4.400759032329200272e+04
4.06003 4.402689544931294222e+04
4.06286 4.405484260776756855e+04
4.06512 4.407840244325735694e+04
4.06795 4.410654673193312919e+04
4.07022 4.412651018134775222e+04
4.07306 4.414693893494326039e+04
4.07532 4.415913856280363689e+04
4.07759 4.416707582046571770e+04
4.08042 4.417061931312645902e+04
4.08268 4.416827638199726061e+04
4.08552 4.415891536808422825e+04
4.08779 4.414679267445779988e+04
4.09005 4.413105496315496566e+04
4.09288 4.410707880587370892e+04
4.09515 4.408492282704199170e+04
4.09798 4.405393383754332172e+04
4.10025 4.402692374131233373e+04
4.10251 4.399839369896214339e+04
4.10535 4.396162634258250182e+04
4.10762 4.393228121111797373e+04
4.11046 4.389735076859658147e+04
4.11273 4.387250639430374576e+04
4.11556 4.384668587393395137e+04
4.11783 4.383086999468317663e+04
4.12009 4.381987946599365387e+04
4.12293 4.381387340337000205e+04
4.12519 4.381574163267310360e+04
4.12803 4.382605085031159979e+04
4.13029 4.383961164330904285e+04
4.13256 4.385660845986170898e+04
4.1354 4.388066341720228957e+04
4.13768 4.390048212232445803e+04
4.14051 4.392378805760634714e+04
4.14278 4.393996059750935819e+04
4.14505 4.395336158667261770e+04
4.14789 4.396581387346991687e+04
4.15017 4.397188264510060253e+04
4.153 4.397443142578510015e+04
4.15526 4.397245170657554991e+04
4.15754 4.396701239414188603e+04
4.16038 4.395588527220804826e+04
4.16264 4.394397899577708449e+04
4.16548 4.392567599829354731e+04
4.16774 4.390840542483895842e+04
4.17002 4.388879012602116563e+04
4.17286 4.386124651196663763e+04
4.17513 4.383730526186276984e+04
4.17798 4.380591672605831263e+04
4.18024 4.378039071785550914e+04
4.18251 4.375514057631087053e+04
4.18535 4.372517793258736492e+04
4.18762 4.370381718105419714e+04
4.19046 4.368243465347021993e+04
4.19273 4.367054716487678525e+04
4.19556 4.366250379036309459e+04
4.19784 4.366164853465377382e+04
4.20011 4.366588439617927361e+04
4.20295 4.367771411640114093e+04
4.20522 4.369125735062976310e+04
4.20805 4.371130577262635052e+04
4.21032 4.372834879176284448e+04
4.21259 4.374517306581131561e+04
4.21543 4.376467707098742540e+04
4.21771 4.377804580014399835e+04
4.22054 4.379138794870188576e+04
4.22281 4.379926777108952956e+04
4.22508 4.380445581463530834e+04
4.22792 4.380705611248608329e+04
4.23019 4.380618384367701219e+04
4.23302 4.380154013656020834e+04
4.23529 4.379515967292571440e+04
4.23757 4.378662864993431140e+04
4.24041 4.377279457699455816e+04
4.24268 4.375909441359403718e+04
4.24552 4.373876782681362965e+04
4.24778 4.372036763096172945e+04
4.25005 4.370039255440670240e+04
4.25289 4.367383925267891027e+04
4.25516 4.365200182782686898e+04
4.258 4.362479996820796805e+04
4.26026 4.360385460448598315e+04
4.26253 4.358446700003189471e+04
4.26537 4.356389328252209089e+04
4.26765 4.355189079350298562e+04
4.27049 4.354395022150610748e+04
4.27276 4.354305892611299350e+04
4.27503 4.354616863324234146e+04
4.27787 4.355467383329082804e+04
4.28013 4.356483584089520446e+04
4.28297 4.358122000193138956e+04
4.28525 4.359611614045384340e+04
4.28751 4.361153738501213229e+04
4.29035 4.363040771039966057e+04
4.29262 4.364444035435677506e+04
4.29546 4.365977147564958432e+04
4.29773 4.366994681021240103e+04
4.3 4.367813704907743522e+04
4.30284 4.368544233097014512e+04
4.30511 4.368884052303976932e+04
4.30796 4.368997954142717936e+04
4.31023 4.368818931646613055e+04
4.31251 4.368385127785173972e+04
4.31535 4.367495766734036442e+04
4.31761 4.366525087148533203e+04
4.32045 4.364992010661676613e+04
4.32272 4.363529731401214667e+04
4.32556 4.361456859678624460e+04
4.32783 4.359634640454652981e+04
4.3301 4.357713991321856156e+04
4.33294 4.355265342339534254e+04
4.33521 4.353345089367443870e+04
4.33806 4.351104670983363030e+04
4.34033 4.349525023734722345e+04
4.34261 4.348222680584505724e+04
4.34544 4.347107063579602982e+04
4.34771 4.346679674488910678e+04
4.35055 4.346724059258667694e+04
4.35283 4.347149048992534517e+04
4.3551 4.347827643961332069e+04
4.35793 4.348947643350713042e+04
4.3602 4.350021710968871776e+04
4.36304 4.351546196906022669e+04
4.36532 4.352848091034152458e+04
4.36759 4.354149871996980073e+04
4.37043 4.355675279937390587e+04
4.37271 4.356764329202422959e+04
4.37555 4.357892924091764144e+04
4.37782 4.358585095320750406e+04
4.3801 4.359074535820787423e+04
4.38294 4.359394498202969407e+04
4.38521 4.359393997412315366e+04
4.38805 4.359047613721920061e+04
4.39032 4.358488295868222485e+04
4.39259 4.357673821939345362e+04
4.39544 4.356320406119566906e+04
4.39771 4.354983157606687746e+04
4.40055 4.353017393154638557e+04
4.40282 4.351257488675977947e+04
4.4051 4.349385768284888763e+04
4.40794 4.346977274636727088e+04
4.41022 4.345073024831583461e+04
4.41306 4.342831047615582793e+04
4.41533 4.341228197377674951e+04
4.4176 4.339874978180763719e+04
4.42045 4.338638524772787059e+04
4.42272 4.338075626901321084e+04
4.42556 4.337881715742620145e+04
4.42783 4.338074850703263655e+04
4.43011 4.338505396234202635e+04
4.43295 4.339312847582456743e+04
4.43523 4.340140489106084715e+04
4.43807 4.341346043367741368e+04
4.44034 4.342408946690447192e+04
4.44262 4.343528042984311469e+04
4.44546 4.344905956870014779e+04
4.44774 4.345923348638497555e+04
4.45001 4.346798265868738963e+04
4.45285 4.347603690952942270e+04
4.45512 4.348000018224818632e+04
4.45797 4.348181815317978180e+04
4.46025 4.348076690197907010e+04
4.46253 4.347732353829879867e+04
4.46537 4.346966507291654125e+04
4.46764 4.346080589536667685e+04
4.47048 4.344642627007010014e+04
4.47276 4.343233912135042920e+04
4.47504 4.341622764487517270e+04
4.47788 4.339386599741671671e+04
4.48015 4.337482048130771727e+04
4.48299 4.335055735501088202e+04
4.48526 4.333155879587708478e+04
4.48755 4.331368209743333136e+04
4.4904 4.329408475601425016e+04
4.49267 4.328154903896767064e+04
4.49551 4.327060486766113900e+04
4.49779 4.326559237603902147e+04
4.50007 4.326361678995885450e+04
4.50292 4.326459187663403281e+04
4.50519 4.326782470755252143e+04
4.50803 4.327456270590933127e+04
4.51031 4.328181046362442430e+04
4.51258 4.329037680360941886e+04
4.51543 4.330241954244557564e+04
4.51771 4.331254142829664488e+04
4.52056 4.332454731395817362e+04
4.52283 4.333279431252642098e+04
4.5251 4.333921638786920084e+04
4.52795 4.334412989824725810e+04
4.53023 4.334536367870841059e+04
4.53251 4.334421900127035042e+04
4.53535 4.333958300562608929e+04
4.53763 4.333331680573072663e+04
4.54047 4.332224809418242512e+04
4.54275 4.331098551955263247e+04
4.54503 4.329759850374896632e+04
4.54788 4.327800408948736003e+04
4.55015 4.326035029668573407e+04
4.55299 4.323648129177650844e+04
4.55527 4.321647714696466574e+04
4.55756 4.319640881675756827e+04
4.5604 4.317236147689488280e+04
4.56268 4.315477015744803066e+04
4.56552 4.313627519249745819e+04
4.5678 4.312495299114245427e+04
4.57007 4.311690083660231903e+04
4.57292 4.311090920346692292e+04
4.5752 4.310915185306499188e+04
4.57805 4.311051999095523934e+04
4.58033 4.311420504385132517e+04
4.58261 4.312002028081090248e+04
4.58547 4.312958356651745999e+04
4.58775 4.313840114574268955e+04
4.59002 4.314746508969390561e+04
4.59287 4.315821040479043586e+04
4.59514 4.316554133355307567e+04
4.59799 4.317240749185578170e+04
4.60027 4.317576036190598825e+04
4.60255 4.317694417113798409e+04
4.6054 4.317540005850683519e+04
4.60767 4.317177966604998073e+04
4.61052 4.316438038787008554e+04
4.61281 4.315620680012353114e+04
4.61509 4.314594761176670727e+04
4.61794 4.313037868179321958e+04
4.62022 4.311583124353965832e+04
4.62306 4.309526804161397740e+04
4.62534 4.307717605455443845e+04
4.62762 4.305807360211530613e+04
4.63047 4.303351612140594807e+04
4.63275 4.301390172621693637e+04
4.63503 4.299499557102180552e+04
4.63787 4.297353941620379192e+04
4.64015 4.295934107910158491e+04
4.64301 4.294675468881807319e+04
4.64529 4.294089739228795224e+04
4.64757 4.293819336645350268e+04
4.65042 4.293867130163910042e+04
4.6527 4.294176273664414475e+04
4.65555 4.294875062793990946e+04
4.65783 4.295636798050165817e+04
4.66012 4.296514110890172014e+04
4.66296 4.297647042772616987e+04
4.66524 4.298511057533610438e+04
4.66752 4.299294031311556319e+04
4.67037 4.300106243464392173e+04
4.67265 4.300585413909842464e+04
4.6755 4.300953464842043468e+04
4.67778 4.301062582217693125e+04
4.68006 4.301001359238160512e+04
4.68291 4.300687825513183634e+04
4.68519 4.300225887427429552e+04
4.68805 4.299348587875542580e+04
4.69034 4.298405617241599975e+04
4.69261 4.297265232877984818e+04
4.69545 4.295583173531747161e+04
4.69774 4.294061195867026981e+04
4.70002 4.292414102440309216e+04
4.70287 4.290246580913297657e+04
4.70515 4.288478531635142281e+04
4.708 4.286306013000158418e+04
4.71028 4.284666750667974702e+04
4.71256 4.283199463743205706e+04
4.71542 4.281722685023218219e+04
4.71771 4.280919941422341799e+04
4.72056 4.280479826383074396e+04
4.72284 4.280556841333703051e+04
4.72512 4.280940078131668997e+04
4.72797 4.281720606660489284e+04
4.73025 4.282508276277955883e+04
4.73253 4.283392422113541397e+04
4.73539 4.284600612491794891e+04
4.73767 4.285607986452510522e+04
4.74051 4.286856609734108497e+04
4.74279 4.287790689104288322e+04
4.74508 4.288616552565394522e+04
4.74794 4.289485523303081573e+04
4.75022 4.290040486031568435e+04
4.7525 4.290463765470004728e+04
4.75535 4.290772794665655965e+04
4.75763 4.290812982759356237e+04
4.76049 4.290581143589653948e+04
4.76278 4.290159469985718897e+04
4.76506 4.289528620965278242e+04
4.76791 4.288460743476389325e+04
4.77019 4.287393299223747454e+04
4.77304 4.285834266756619036e+04
4.77532 4.284455318308315327e+04
4.77761 4.283000362276488158e+04
4.78046 4.281140069482871331e+04
4.78274 4.279675782289555355e+04
4.78502 4.278287032915227610e+04
4.78787 4.276755606402515696e+04
4.79016 4.275771098011075082e+04
4.79302 4.274963004359517072e+04
4.7953 4.274695943643664941e+04
4.79758 4.274744245034509368e+04
4.80043 4.275203436258958391e+04
4.80272 4.275809378559875768e+04
4.80557 4.276791743419048726e+04
4.80786 4.277732482707954478e+04
4.81014 4.278780943014192599e+04
4.81299 4.280178528544504661e+04
4.81527 4.281334465484700922e+04
4.81755 4.282499275056621991e+04
4.8204 4.283919834441931744e+04
4.82269 4.284984468694598763e+04
4.82555 4.286109451763235120e+04
4.82784 4.286817659309807641e+04
4.83012 4.287384183772761753e+04
4.83297 4.287873271351046424e+04
4.83526 4.288068753459410800e+04
4.83754 4.288072395640651666e+04
4.84039 4.287796720653664670e+04
4.84267 4.287353971849565278e+04
4.84552 4.286539747167858877e+04
4.8478 4.285703716821585112e+04
4.85008 4.284735261106548569e+04
4.85294 4.283375491283493466e+04
4.85523 4.282205213821578218e+04
4.85751 4.280998045376866503e+04
4.86037 4.279489342542843951e+04
4.86265 4.278337632218537328e+04
4.8655 4.277057754473144450e+04
4.86778 4.276237462324483204e+04
4.87008 4.275696996786120144e+04
4.87294 4.275452805030324089e+04
4.87522 4.275591492028679204e+04
4.8775 4.275973628048015235e+04
4.88036 4.276710258117237390e+04
4.88264 4.277487753320478805e+04
4.8855 4.278662809013303195e+04
4.88779 4.279733011700212955e+04
4.89008 4.280896325872348098e+04
4.89292 4.282422145939719485e+04
4.8952 4.283666197834406921e+04
4.89806 4.285226804889620689e+04
4.90035 4.286416304375682375e+04
4.90264 4.287501330437450088e+04
4.9055 4.288622842647318612e+04
4.90779 4.289314473175046442e+04
4.91007 4.289837040322426037e+04
4.91293 4.290298045293180621e+04
4.91521 4.290511627628597489e+04
4.91807 4.290580200354608678e+04
4.92035 4.290454141816566698e+04
4.92263 4.290149016528241918e+04
4.92549 4.289525423878501897e+04
4.92777 4.288848789189125819e+04
4.93005 4.288032868894137937e+04
4.93291 4.286848746803597896e+04
4.93521 4.285805229056905955e+04
4.93806 4.284433839496377914e+04
4.94035 4.283326283384179260e+04
4.94263 4.282247898289002478e+04
4.94548 4.281007926780545677e+04
4.94777 4.280167689312808216e+04
4.95006 4.279554645155734761e+04
4.95293 4.279205956533221615e+04
4.95521 4.279257546126065427e+04
4.95807 4.279632354222427239e+04
4.96036 4.280135217985657800e+04
4.96264 4.280795220703783707e+04
4.9655 4.281800654620379646e+04
4.96779 4.282739456507804425e+04
4.97008 4.283771819597011927e+04
4.97293 4.285159914200554340e+04
4.97521 4.286312745405135502e+04
4.97806 4.287733749817633361e+04
4.98035 4.288805255095336179e+04
4.98265 4.289791274174313003e+04
4.98552 4.290834749588381965e+04
4.98781 4.291499439944032201e+04
4.9901 4.292009647263900843e+04
4.99295 4.292448639373476180e+04
4.99524 4.292665285526222578e+04
4.99752 4.292755142313639226e+04
5.00038 4.292681997688436968e+04
5.00267 4.292468491948321025e+04
5.00553 4.291995000457296555e+04
5.00781 4.291444976440009486e+04
5.01009 4.290745180695516319e+04
5.01295 4.289688139743257489e+04
5.01524 4.288725624349177087e+04
5.01753 4.287684372501361941e+04
5.0204 4.286319352024559339e+04
5.02269 4.285215916239901708e+04
5.02554 4.283865945098724478e+04
5.02783 4.282846942496627162e+04
5.03011 4.281919768588832085e+04
5.03297 4.280967484059154231e+04
5.03527 4.280451478116468934e+04
5.03756 4.280214978477718978e+04
5.04042 4.280282478643920331e+04
5.0427 4.280540743938555534e+04
5.04556 4.281071111942870630e+04
5.04785 4.281637204420835042e+04
5.05014 4.282321711965905706e+04
5.05301 4.283314253503102373e+04
5.0553 4.284188403072509391e+04
5.05758 4.285082323599857773e+04
5.06043 4.286176083139614639e+04
5.06272 4.286998863492358214e+04
5.06501 4.287735018818087701e+04
5.06787 4.288515215922208881e+04
5.07017 4.289018299858974206e+04
5.07304 4.289481899123755284e+04
5.07533 4.289734791781136300e+04
5.07761 4.289885783543184516e+04
5.08047 4.289912362690832379e+04
5.08276 4.289789969970061793e+04
5.08505 4.289537603795339237e+04
5.08791 4.289028519671751565e+04
5.0902 4.288463631472762791e+04
5.09306 4.287569703405688779e+04
5.09534 4.286704460369254957e+04
5.09763 4.285720291194898164e+04
5.10049 4.284358583624555467e+04
5.10278 4.283189616922207642e+04
5.10508 4.281976521709709050e+04
5.10795 4.280439261004220316e+04
5.11023 4.279228468049974617e+04
5.11252 4.278063125641438819e+04
5.11538 4.276710088095143146e+04
5.11766 4.275750715170807234e+04
5.12053 4.274760187807035982e+04
5.12283 4.274175259057165385e+04
5.12512 4.273797136084098020e+04
5.12798 4.273611068164041353e+04
5.13027 4.273667514146243047e+04
5.13255 4.273850457601183007e+04
5.13542 4.274210095777869719e+04
5.13771 4.274585333321449434e+04
5.14001 4.275027291797089129e+04
5.14287 4.275634105114053091e+04
5.14516 4.276115631508127262e+04
5.14802 4.276672431513791526e+04
5.1503 4.277065730801446625e+04
5.15259 4.277396863968191610e+04
5.15546 4.277712161295188707e+04
5.15776 4.277886651418644033e+04
5.16005 4.277993554017865972e+04
5.16291 4.278013323106818279e+04
5.1652 4.277921538353831420e+04
5.16806 4.277654196343306830e+04
5.17035 4.277312983402691316e+04
5.17264 4.276848218229785562e+04
5.1755 4.276084615623631544e+04
5.17779 4.275327313942967885e+04
5.18008 4.274441833970657171e+04
5.18294 4.273157553078345518e+04
5.18522 4.272006702826311812e+04
5.18751 4.270764802342800249e+04
5.19038 4.269112773924089561e+04
5.19267 4.267740081175568776e+04
5.19554 4.265994687395458459e+04
5.19783 4.264601434921992040e+04
5.20012 4.263238560361606505e+04
5.20298 4.261616565233830624e+04
5.20526 4.260417712134437897e+04
5.20755 4.259334891342250194e+04
5.21041 4.258176480272291519e+04
5.21271 4.257416648383613938e+04
5.215 4.256809684180020849e+04
5.21787 4.256240292635333753e+04
5.22016 4.255907364607494674e+04
5.22302 4.255611945136555732e+04
5.22531 4.255449221089947241e+04
5.2276 4.255345411907695234e+04
5.23048 4.255295116606001829e+04
5.23279 4.255311363042536686e+04
5.23508 4.255376436758047930e+04
5.23795 4.255507738219058956e+04
5.24024 4.255624821247688669e+04
5.24252 4.255722649051897315e+04
5.24539 4.255785408898527385e+04
5.24768 4.255759992216181126e+04
5.25055 4.255593079771050543e+04
5.25284 4.255333531871670857e+04
5.25513 4.254967517622916057e+04
5.25799 4.254372858269062999e+04
5.26028 4.253788998684893886e+04
5.26257 4.253105634160788759e+04
5.26544 4.252118947324731562e+04
5.26773 4.251211384662026830e+04
5.27003 4.250192905438270827e+04
5.27289 4.248763748954600305e+04
5.27518 4.247513725286148838e+04
5.27804 4.245836359567927866e+04
5.28033 4.244417993291359744e+04
5.28262 4.242947746476217435e+04
5.28549 4.241060426894920965e+04
5.28778 4.239532735301674256e+04
5.29008 4.238014942650070589e+04
5.29294 4.236172857000029762e+04
5.29523 4.234765752974067436e+04
5.29752 4.233441124662545917e+04
5.30038 4.231922574794170941e+04
5.30268 4.230827858141071920e+04
5.30554 4.229598711553142493e+04
5.30784 4.228715591873986705e+04
5.31013 4.227905743898848596e+04
5.313 4.226994857388689707e+04
5.31529 4.226353489826638543e+04
5.31758 4.225791245376415463e+04
5.32044 4.225213737725314422e+04
5.32274 4.224860757634328183e+04
5.32504 4.224602616292487801e+04
5.32793 4.224396691397345421e+04
5.33024 4.224301122873025452e+04
5.33254 4.224244294079524116e+04
5.33542 4.224179523036976752e+04
5.33771 4.224101684138046403e+04
5.34 4.223973582976485341e+04
5.34287 4.223696978737281461e+04
5.34516 4.223364131295299740e+04
5.34803 4.222783377080107311e+04
5.35032 4.222177352510330093e+04
5.35261 4.221446169064752758e+04
5.35548 4.220362862165458500e+04
5.35776 4.219371711678636348e+04
5.36006 4.218290356664243882e+04
5.36293 4.216831004414132622e+04
5.36523 4.215590899231774529e+04
5.36754 4.214284723004850821e+04
5.37043 4.212566834615239350e+04
5.37272 4.211137753164186142e+04
5.37502 4.209665311863644456e+04
5.37788 4.207783509459024935e+04
5.38017 4.206257699392241921e+04
5.38303 4.204342651657986426e+04
5.38533 4.202826470573889674e+04
5.38763 4.201346707924424845e+04
5.39049 4.199573347286751232e+04
5.39278 4.198227188172833121e+04
5.39507 4.196949230748266564e+04
5.39794 4.195450692558853916e+04
5.40023 4.194323975396031892e+04
5.40254 4.193263987736438867e+04
5.40541 4.192044149103683594e+04
5.40772 4.191157675232784095e+04
5.41002 4.190362485555047897e+04
5.41289 4.189512504320902372e+04
5.41518 4.188952731515256164e+04
5.41804 4.188401401249782066e+04
5.42033 4.188065348987038305e+04
5.42263 4.187807385158157558e+04
5.4255 4.187565798293474654e+04
5.42779 4.187415410631395207e+04
5.43011 4.187282523610145290e+04
5.433 4.187111837995765381e+04
5.43531 4.186946768314803194e+04
5.43762 4.186733145934355707e+04
5.4405 4.186365231640888669e+04
5.44281 4.185966267775325832e+04
5.44511 4.185456222552234976e+04
5.44798 4.184649000625182816e+04
5.45028 4.183860984501909115e+04
5.45257 4.182950176274838304e+04
5.45544 4.181655697011471784e+04
5.45773 4.180517746396280563e+04
5.46003 4.179310848330800945e+04
5.46289 4.177725060626325285e+04
5.46519 4.176405303720533266e+04
5.46806 4.174708055539467750e+04
5.47037 4.173312644318304228e+04
5.47267 4.171895384342264879e+04
5.47555 4.170111130969859369e+04
5.47786 4.168689501354381355e+04
5.48017 4.167287165244039352e+04
5.48304 4.165579757960994903e+04
5.48534 4.164262308380485774e+04
5.48764 4.162997639742982574e+04
5.49051 4.161485292325144837e+04
5.4928 4.160331306875219161e+04
5.4951 4.159227653600117628e+04
5.49796 4.157926852807837713e+04
5.50026 4.156955605968017335e+04
5.50255 4.156050312827224843e+04
5.50542 4.155023815345047478e+04
5.50771 4.154296763615163218e+04
5.51002 4.153659378278107761e+04
5.5129 4.152994053403101861e+04
5.51521 4.152562789610242180e+04
5.51753 4.152215793248063710e+04
5.52042 4.151888570888608228e+04
5.52272 4.151696970778463583e+04
5.52503 4.151553252029530995e+04
5.5279 4.151424209547921055e+04
5.53019 4.151342497652657039e+04
5.53306 4.151239295939372823e+04
5.53535 4.151132605570649321e+04
5.53765 4.150981677498835052e+04
5.54053 4.150701973933931004e+04
5.54283 4.150381207673110475e+04
5.54513 4.149954497455642559e+04
5.54801 4.149254962206096388e+04
5.55033 4.148556414970211335e+04
5.55264 4.147739056886023172e+04
5.55554 4.146573220816759567e+04
5.55786 4.145547126489904622e+04
5.56018 4.144459563283271564e+04
5.56307 4.143035888819795946e+04
5.56538 4.141859601744226529e+04
5.56769 4.140660615927616163e+04
5.57057 4.139137830269286496e+04
5.57287 4.137910485189800966e+04
5.57517 4.136687616093748511e+04
5.57804 4.135179788208434184e+04
5.58034 4.134001275218989031e+04
5.58263 4.132853871928625449e+04
5.58551 4.131467919700292987e+04
5.58782 4.130404531497014978e+04
5.59012 4.129379915156161587e+04
5.59302 4.128155948786722001e+04
5.59534 4.127223927776794881e+04
5.59766 4.126335224276741064e+04
5.60056 4.125293322886347596e+04
5.60287 4.124521709400136751e+04
5.60518 4.123806767208144447e+04
5.60807 4.123003095105139801e+04
5.61037 4.122437344321895216e+04
5.61268 4.121945521610505966e+04
5.61555 4.121437040823361167e+04
5.61785 4.121112581782342022e+04
5.62015 4.120858853578288108e+04
5.62302 4.120635796089504584e+04
5.62532 4.120526328238897986e+04
5.62762 4.120470025076380261e+04
5.63049 4.120460631936374557e+04
5.63279 4.120485764460190694e+04
5.63509 4.120525632274105010e+04
5.63797 4.120577523871491576e+04
5.64027 4.120596741208708409e+04
5.64258 4.120573308231413102e+04
5.64546 4.120451297629902547e+04
5.64777 4.120257207526724960e+04
5.65008 4.119962240181273955e+04
5.65296 4.119442871075733274e+04
5.65527 4.118907592587363615e+04
5.65759 4.118275190424842003e+04
5.66047 4.117373103473323135e+04
5.66277 4.116579894772778061e+04
5.66507 4.115739346672434476e+04
5.66794 4.114635699382900202e+04
5.67024 4.113723670580295584e+04
5.67254 4.112788340191297902e+04
5.67542 4.111590190418573184e+04
5.67773 4.110609085243198933e+04
5.68004 4.109620126793470990e+04
5.68292 4.108386553874226956e+04
5.68522 4.107408776811999269e+04
5.68753 4.106444958052961738e+04
5.69041 4.105269064083955891e+04
5.69272 4.104359449622531974e+04
5.69503 4.103482493445573346e+04
5.69792 4.102445020998054679e+04
5.70024 4.101667281631212973e+04
5.70256 4.100939826543861273e+04
5.70546 4.100099773929400544e+04
5.70778 4.099478343207487342e+04
5.7101 4.098900694829515851e+04
5.713 4.098242199864533904e+04
5.71531 4.097764560123778210e+04
5.71762 4.097334221804269328e+04
5.7205 4.096863747225231054e+04
5.72281 4.096543615498801955e+04
5.72511 4.096272531471159891e+04
5.72799 4.095999920113884582e+04
5.73029 4.095833731071806687e+04
5.73259 4.095713517406860774e+04
5.73547 4.095627414719050284e+04
5.73778 4.095608779844024684e+04
5.74009 4.095632305406009255e+04
5.74298 4.095714839577275416e+04
5.74529 4.095811527411375573e+04
5.7476 4.095924854848657560e+04
5.7505 4.096072518384437717e+04
5.75282 4.096171805976369069e+04
5.75514 4.096232296215330280e+04
5.75804 4.096228011104511825e+04
5.76037 4.096141460447730788e+04
5.7627 4.095971927010834042e+04
5.76502 4.095715224070593831e+04
5.76793 4.095278855562434183e+04
5.77025 4.094850209078138869e+04
5.77256 4.094360326002047805e+04
5.77546 4.093676771894458216e+04
5.77777 4.093075999465776113e+04
5.78008 4.092437592481954198e+04
5.78296 4.091594100588432775e+04
5.78527 4.090880900352945901e+04
5.78757 4.090134183085327095e+04
5.79045 4.089158393004384561e+04
5.79276 4.088355689639716002e+04
5.79506 4.087543408003013610e+04
5.79794 4.086529095026270079e+04
5.80024 4.085731877767793776e+04
5.80255 4.084958943845699832e+04
5.80543 4.084041486408160563e+04
5.80773 4.083356270331000997e+04
5.81004 4.082719280445469485e+04
5.81292 4.081995792290265672e+04
5.81523 4.081475246965482074e+04
5.81754 4.081004645210142189e+04
5.82043 4.080482327892581088e+04
5.82275 4.080112019899372535e+04
5.82506 4.079779136305375869e+04
5.82795 4.079409135224754573e+04
5.83026 4.079145012837422837e+04
5.83257 4.078905252226411540e+04
5.83547 4.078635125701087964e+04
5.83778 4.078439934855636238e+04
5.8401 4.078262363481563079e+04
5.84299 4.078062173728596827e+04
5.84531 4.077917472647169052e+04
5.84763 4.077785702856304124e+04
5.85052 4.077638467201913591e+04
5.85284 4.077534214268722280e+04
5.85515 4.077442188691840420e+04
5.85803 4.077345575439888489e+04
5.86034 4.077284619755186577e+04
5.86265 4.077240322019656014e+04
5.86553 4.077211641538298136e+04
5.86784 4.077212542753713933e+04
5.87014 4.077235866859855014e+04
5.87303 4.077293429537291377e+04
5.87534 4.077358562203271140e+04
5.87765 4.077436228392513294e+04
5.88054 4.077541442544281017e+04
5.88285 4.077623345176554722e+04
5.88516 4.077691904528901068e+04
5.88805 4.077743345159640012e+04
5.89036 4.077747548660997563e+04
5.89268 4.077709565569952974e+04
5.89557 4.077599844861339807e+04
5.89788 4.077461225878126425e+04
5.9002 4.077277291010664339e+04
5.90251 4.077048224350168312e+04
5.90541 4.076691111037795781e+04
5.90773 4.076343243747692759e+04
5.91005 4.075938327074173867e+04
5.91296 4.075348707310894679e+04
5.91528 4.074812848826467234e+04
5.91761 4.074221882912027650e+04
5.92052 4.073413203094060736e+04
5.92284 4.072724767059809528e+04
5.92517 4.072012495399972249e+04
5.9275 4.071289833280841412e+04
5.93041 4.070395829429741570e+04
5.93275 4.069706163645492779e+04
5.93509 4.069055534988302679e+04
5.938 4.068315043896668067e+04
5.94033 4.067788506853628496e+04
5.94266 4.067324339469959523e+04
5.94556 4.066830496957784635e+04
5.94789 4.066499968593195808e+04
5.95021 4.066221507999730966e+04
5.95252 4.065988643761111598e+04
5.95542 4.065752762492372131e+04
5.95774 4.065601092456220067e+04
5.96005 4.065477011481341469e+04
5.96294 4.065354493654223916e+04
5.96525 4.065278677735167730e+04
5.96756 4.065220256684852939e+04
5.97045 4.065169681191536074e+04
5.97277 4.065146744063747610e+04
5.97508 4.065139889517732809e+04
5.97796 4.065154922007465211e+04
5.98027 4.065185073705596005e+04
5.98258 4.065231517266566516e+04
5.98547 4.065309769385137770e+04
5.98778 4.065382511276211881e+04
5.99009 4.065461288378803147e+04
5.99298 4.065561972380045336e+04
5.99529 4.065637433968182449e+04
5.9976 4.065702931447501760e+04
6.00049 4.065762518778805679e+04
6.0028 4.065785266948514618e+04
6.00511 4.065779851810052787e+04
6.008 4.065726354032317613e+04
6.01032 4.065639803467957972e+04
6.01263 4.065508701047048089e+04
6.01553 4.065277291416585649e+04
6.01785 4.065036595214402769e+04
6.02017 4.064746602901555161e+04
6.02306 4.064323826943226595e+04
6.02538 4.063948309218709619e+04
6.0277 4.063553047870627779e+04
6.03002 4.063154243661363580e+04
6.03292 4.062678547386515856e+04
6.03524 4.062339727079994918e+04
6.03756 4.062057393551074347e+04
6.04046 4.061802840546400694e+04
6.04279 4.061684292067498609e+04
6.04511 4.061635664454870130e+04
6.04802 4.061653947027160029e+04
6.05034 4.061719275894924795e+04
6.05267 4.061820750428509928e+04
6.055 4.061954375384640298e+04
6.05791 4.062161696016236237e+04
6.06025 4.062352454064797348e+04
6.06258 4.062550733243632567e+04
6.0655 4.062789000191862579e+04
6.06783 4.062958021918847226e+04
6.07016 4.063101150265355682e+04
6.07307 4.063235806924411008e+04
6.0754 4.063303262718937185e+04
6.07772 4.063333048543411860e+04
6.08005 4.063319287245067244e+04
6.08295 4.063230993297194800e+04
6.08527 4.063098657688032108e+04
6.08759 4.062907715142813686e+04
6.09049 4.062578738176262414e+04
6.09281 4.062242154020912130e+04
6.09512 4.061841508716349199e+04
6.09802 4.061258727151827043e+04
6.10034 4.060742382619177806e+04
6.10265 4.060195061389555485e+04
6.10554 4.059485310282270802e+04
6.10786 4.058913118872290943e+04
6.11017 4.058352053412617533e+04
6.11306 4.057686130262140068e+04
6.11538 4.057195048727400717e+04
6.11769 4.056750260573213745e+04
6.12 4.056357227529165539e+04
6.12289 4.055942534047243680e+04
6.12521 4.055671886316454766e+04
6.12752 4.055453127989645145e+04
6.13041 4.055246806878004281e+04
6.13272 4.055129609797894955e+04
6.13504 4.055049125726374041e+04
6.13793 4.054991753643709671e+04
6.14025 4.054973783286689286e+04
6.14256 4.054974997471652750e+04
6.14546 4.054996059129983769e+04
6.14777 4.055023014574720582e+04
6.15009 4.055054398989248148e+04
6.15299 4.055094062926954939e+04
6.1553 4.055121929008750158e+04
6.15762 4.055143057547701028e+04
6.16052 4.055155962046056811e+04
6.16284 4.055152740159306268e+04
6.16517 4.055135247936173982e+04
6.16807 4.055088778868832742e+04
6.17039 4.055030829750940029e+04
6.17271 4.054955104325337743e+04
6.17503 4.054862509015501564e+04
6.17793 4.054723923060861853e+04
6.18025 4.054596014242173260e+04
6.18257 4.054454550791346992e+04
6.18547 4.054261488804703549e+04
6.18778 4.054096775379109022e+04
6.1901 4.053925628420469729e+04
6.19299 4.053707158309755323e+04
6.19531 4.053532567085449409e+04
6.19763 4.053361689310052316e+04
6.20052 4.053157694704548339e+04
6.20283 4.053005221661309042e+04
6.20515 4.052865517051192728e+04
6.20804 4.052712613980922470e+04
6.21035 4.052609976396202546e+04
6.21267 4.052526157623517065e+04
6.21556 4.052448545308104804e+04
6.21787 4.052407727019454614e+04
6.22018 4.052384744152212079e+04
6.22308 4.052378335689781670e+04
6.22539 4.052388223297526565e+04
6.2277 4.052408568958294927e+04
6.23001 4.052436443201273505e+04
6.2329 4.052477648017944011e+04
6.23522 4.052513362898160267e+04
6.23753 4.052549483748948842e+04
6.24042 4.052593100867769681e+04
6.24273 4.052623420695501409e+04
6.24504 4.052647354125354468e+04
6.24793 4.052664767363401188e+04
6.25025 4.052664760334510356e+04
6.25256 4.052649078503475903e+04
6.25545 4.052604567444379791e+04
6.25776 4.052546454317479947e+04
6.26008 4.052466676752776402e+04
6.26297 4.052335312967354548e+04
6.26528 4.052204869750926446e+04
6.2676 4.052051723169897741e+04
6.27049 4.051830610374922981e+04
6.27281 4.051632855238647608e+04
6.27512 4.051419434972065937e+04
6.27801 4.051134810820229177e+04
6.28033 4.050895906246091909e+04
6.28264 4.050649376285894687e+04
6.28554 4.050333221910046996e+04
6.28786 4.050075880045188387e+04
6.29017 4.049815952090296923e+04
6.29307 4.049488857537638978e+04
6.29539 4.049226257049142441e+04
6.29771 4.048963242206873110e+04
6.30002 4.048700206452065322e+04
6.30292 4.048371955653862096e+04
6.30524 4.048110531338900910e+04
6.30756 4.047850902304318151e+04
6.31045 4.047529839677092241e+04
6.31277 4.047276402686531219e+04
6.31509 4.047026613664608885e+04
6.31799 4.046720846933405119e+04
6.3203 4.046482061843650445e+04
6.32262 4.046248592834745068e+04
6.32552 4.045964050708958530e+04
6.32784 4.045742098973692191e+04
6.33016 4.045525703536440415e+04
6.33305 4.045262069817707379e+04
6.33537 4.045055784062502062e+04
6.33769 4.044853172259629355e+04
6.34001 4.044654253090918064e+04
6.34291 4.044410989420804253e+04
6.34523 4.044220952040176780e+04
6.34755 4.044034406676889921e+04
6.35045 4.043806019864717382e+04
6.35277 4.043627419048186130e+04
6.35509 4.043452435932437220e+04
6.35799 4.043238685067740153e+04
6.36032 4.043071095821820199e+04
6.36264 4.042905533200733771e+04
6.36555 4.042700030677753239e+04
6.36787 4.042536484547179862e+04
6.3702 4.042373378834814503e+04
6.37252 4.042210621721339703e+04
6.37543 4.042006347970616480e+04
6.37775 4.041841304961563583e+04
6.38007 4.041673956105617253e+04
6.38298 4.041460611902784149e+04
6.3853 4.041286102556811238e+04
6.38762 4.041107837501710310e+04
6.39052 4.040879750293307734e+04
6.39284 4.040693020292017172e+04
6.39516 4.040502742828557530e+04
6.39806 4.040260127530492173e+04
6.40038 4.040062495767499058e+04
6.4027 4.039861929072590283e+04
6.40501 4.039658525527150778e+04
6.40791 4.039400547812887817e+04
6.41023 4.039191151170618832e+04
6.41254 4.038979130725528375e+04
6.41544 4.038710279646421259e+04
6.41775 4.038492049683184450e+04
6.42007 4.038270906062793074e+04
6.42296 4.037990147223904205e+04
6.42528 4.037761937841776671e+04
6.42759 4.037530319009760569e+04
6.43048 4.037235793266510154e+04
6.4328 4.036995930274462444e+04
6.43511 4.036752098494811798e+04
6.438 4.036441417103556159e+04
6.44032 4.036187883412977681e+04
6.44263 4.035929674362007790e+04
6.44552 4.035599960305591958e+04
6.44784 4.035330326156792580e+04
6.45015 4.035055221848793735e+04
6.45304 4.034703276066091348e+04
6.45536 4.034415004480726930e+04
6.45767 4.034120548801112454e+04
6.46056 4.033743507307603431e+04
6.46288 4.033434579016453063e+04
6.46519 4.033119005045256927e+04
6.46751 4.032796821137234656e+04
6.4704 4.032384747856569447e+04
6.47272 4.032047705858826521e+04
6.47503 4.031704221639797470e+04
6.47793 4.031265971986589284e+04
6.48024 4.030908589169397601e+04
6.48256 4.030545271249861253e+04
6.48546 4.030083406910527992e+04
6.48777 4.029707948156862403e+04
6.49009 4.029327600808740681e+04
6.49299 4.028845731561918365e+04
6.49531 4.028455433096678462e+04
6.49763 4.028061343674428645e+04
6.50053 4.027563531794987648e+04
6.50285 4.027161776646670478e+04
6.50518 4.026756985933653050e+04
6.5075 4.026349600472614111e+04
6.51041 4.025837059885386407e+04
6.51273 4.025424611187505070e+04
6.51506 4.025010457572803716e+04
6.51796 4.024490838856532355e+04
6.52029 4.024073708814518614e+04
6.52261 4.023655573260682286e+04
6.52552 4.023131599902426387e+04
6.52784 4.022711509485417628e+04
6.53016 4.022290688681677420e+04
6.53307 4.021763638098631782e+04
6.53539 4.021341184868074197e+04
6.53772 4.020917944965899369e+04
6.54004 4.020493820049786882e+04
6.54294 4.019962272089254839e+04
6.54527 4.019535722007138247e+04
6.54759 4.019107829874047457e+04
6.5505 4.018570832215940754e+04
6.55282 4.018139223105934798e+04
6.55515 4.017705706182001450e+04
6.55805 4.017160925856736139e+04
6.56038 4.016722482243427658e+04
6.5627 4.016281653768240358e+04
6.56502 4.015838217658940994e+04
6.56792 4.015279697589670104e+04
6.57024 4.014829380843744730e+04
6.57256 4.014375370120325533e+04
6.57546 4.013802427679173707e+04
6.57778 4.013339058491247124e+04
6.5801 4.012870813981218089e+04
6.583 4.012277869349433604e+04
6.58531 4.011796666891447239e+04
6.58763 4.011308883168340253e+04
6.59053 4.010688807912782795e+04
6.59284 4.010183977596314071e+04
6.59516 4.009670674839783896e+04
6.59805 4.009016608139275922e+04
6.60037 4.008483042720581579e+04
6.60268 4.007940142100533558e+04
6.60558 4.007248505719113746e+04
6.60789 4.006685058500744344e+04
6.61021 4.006113088220909412e+04
6.61252 4.005533285657739907e+04
6.61541 4.004798798188054934e+04
6.61773 4.004204739788878942e+04
6.62005 4.003606250736687070e+04
6.62294 4.002853868795614108e+04
6.62526 4.002250391349042184e+04
6.62757 4.001646822229345707e+04
6.63047 4.000894647732927115e+04
6.63279 4.000296026871065988e+04
6.63511 3.999701469375383749e+04
6.638 3.998965158613904350e+04
6.64032 3.998382206907557702e+04
6.64264 3.997805124546054867e+04
6.64554 3.997091295552666270e+04
6.64787 3.996526148963958985e+04
6.65019 3.995965068006837100e+04
6.65251 3.995407279667384864e+04
6.65542 3.994712677341311064e+04
6.65774 3.994157296973717894e+04
6.66007 3.993600898661362589e+04
6.66298 3.992900961803051177e+04
6.66531 3.992336418678907648e+04
6.66763 3.991766962684495957e+04
6.67054 3.991046254119702644e+04
6.67287 3.990461876644739095e+04
6.67519 3.989870085143639881e+04
6.67751 3.989270284655909200e+04
6.68041 3.988510149258975434e+04
6.68273 3.987893331363990728e+04
6.68505 3.987269642732369539e+04
6.68795 3.986480689158586028e+04
6.69027 3.985842841647128807e+04
6.69258 3.985199700974347797e+04
6.69548 3.984388880390946724e+04
6.69779 3.983735542553670530e+04
6.70011 3.983078133417566278e+04
6.703 3.982251406427529582e+04
6.70531 3.981586044688658149e+04
6.70762 3.980917299992511107e+04
6.71051 3.980076620904753509e+04
6.71283 3.979400180210879626e+04
6.71514 3.978720364076749684e+04
6.71803 3.977865745401428285e+04
6.72034 3.977178386900002806e+04
6.72265 3.976487957341509173e+04
6.72554 3.975621107328560174e+04
6.72785 3.974925167197694827e+04
6.73016 3.974227679363764764e+04
6.73305 3.973354669245317200e+04
6.73537 3.972656426096701034e+04
6.73768 3.971959006093550124e+04
6.74057 3.971090005902719713e+04
6.74288 3.970397730386188050e+04
6.7452 3.969708936945541063e+04
6.74751 3.969024135905472212e+04
6.75041 3.968174019934992975e+04
6.75272 3.967499094520413200e+04
6.75504 3.966828090356244502e+04
6.75794 3.965994911806383607e+04
6.76025 3.965331518503209372e+04
6.76257 3.964670135533484427e+04
6.76547 3.963844546632289712e+04
6.76779 3.963183290049427160e+04
6.77011 3.962519807935251447e+04
6.77301 3.961685010961993248e+04
6.77533 3.961011057801183779e+04
6.77765 3.960330208059276629e+04
6.78055 3.959467922636524600e+04
6.78287 3.958768062311334506e+04
6.78519 3.958058698998176988e+04
6.78751 3.957339707259477291e+04
6.79042 3.956427080537036818e+04
6.79274 3.955686548922980000e+04
6.79506 3.954936942541667668e+04
6.79797 3.953988522829409339e+04
6.80029 3.953222063961184904e+04
6.80261 3.952449733635493612e+04
6.80551 3.951477251801072271e+04
6.80783 3.950695330412516341e+04
6.81015 3.949910345272762061e+04
6.81305 3.948926812078942021e+04
6.81536 3.948138737444560684e+04
6.81768 3.947351310311751877e+04
6.82057 3.946369237397274992e+04
6.82289 3.945585580497399496e+04
6.8252 3.944804190623299655e+04
6.82752 3.944024946144804562e+04
6.83041 3.943054412629203580e+04
6.83272 3.942280784007960756e+04
6.83503 3.941509745454585936e+04
6.83792 3.940549660597061302e+04
6.84024 3.939784471708961064e+04
6.84255 3.939021851523814985e+04
6.84544 3.938072398953577067e+04
6.84775 3.937315962250631856e+04
6.85007 3.936562611152364116e+04
6.85296 3.935625328354720841e+04
6.85527 3.934879268736719678e+04
6.85759 3.934136685480031156e+04
6.86048 3.933213233768676582e+04
6.8628 3.932478517033460957e+04
6.86511 3.931746528797349310e+04
6.86801 3.930836008523209603e+04
6.87033 3.930110614442839869e+04
6.87265 3.929388042685902474e+04
6.87554 3.928488417554675107e+04
6.87787 3.927771226388355717e+04
6.88019 3.927056436896866217e+04
6.88251 3.926343017695470189e+04
6.88542 3.925454046612000820e+04
6.88774 3.924745385541103315e+04
6.89006 3.924038525640107400e+04
6.89296 3.923157536439916294e+04
6.89528 3.922454926207030076e+04
6.8976 3.921753794554674823e+04
6.90049 3.920880466113088914e+04
6.90281 3.920183606277310173e+04
6.90512 3.919488980527684180e+04
6.90802 3.918623663600294822e+04
6.91033 3.917934073797443853e+04
6.91264 3.917247021712030255e+04
6.91553 3.916391634025809617e+04
6.91784 3.915710262755848817e+04
6.92016 3.915031159810059762e+04
6.92304 3.914185423359323613e+04
6.92535 3.913510892597808561e+04
6.92767 3.912837815852383210e+04
6.93055 3.911997810416248831e+04
6.93286 3.911326163665527565e+04
6.93517 3.910654197718774230e+04
6.93806 3.909812937714329746e+04
6.94037 3.909138107902115007e+04
6.94268 3.908461252217790025e+04
6.94557 3.907611602678257623e+04
6.94788 3.906928751457239559e+04
6.9502 3.906242976575805369e+04
6.95251 3.905554133027965872e+04
6.9554 3.904689415561155329e+04
6.95771 3.903994709355947271e+04
6.96003 3.903298365267093322e+04
6.96292 3.902426316435764602e+04
6.96524 3.901728560601315257e+04
6.96755 3.901031987413497700e+04
6.97045 3.900164531493798131e+04
6.97277 3.899474719342285243e+04
6.97508 3.898789891982294648e+04
6.97798 3.897942462620707374e+04
6.9803 3.897272508590438520e+04
6.98261 3.896610725828443537e+04
6.98551 3.895796163758829061e+04
6.98783 3.895155454537003970e+04
6.99014 3.894525205521262251e+04
6.99304 3.893752367746247182e+04
6.99536 3.893146823483234766e+04
6.99768 3.892552502048706083e+04
7 3.891969383163398015e+04
7.0029 3.891255998539768916e+04
7.00523 3.890697550498340570e+04
7.00755 3.890150120840161253e+04
7.01046 3.889480505650128180e+04
7.01278 3.888956566445053613e+04
7.0151 3.888443254671645991e+04
7.018 3.887815400220164156e+04
7.02032 3.887323756765320286e+04
7.02264 3.886841122237184754e+04
7.02554 3.886249513918077719e+04
7.02785 3.885785269520442671e+04
7.03017 3.885328182252584520e+04
7.03306 3.884766371495457861e+04
7.03538 3.884323607398419699e+04
7.03769 3.883886161694115435e+04
7.04 3.883453364331035118e+04
7.04289 3.882917119038852252e+04
7.04521 3.882490766845489998e+04
7.04752 3.882065617390218540e+04
7.05041 3.881534287651285558e+04
7.05272 3.881107789115358901e+04
7.05503 3.880678781954679289e+04
7.05792 3.880137459135383688e+04
7.06023 3.879699844191309967e+04
7.06255 3.879257406599944807e+04
7.06544 3.878696078262376977e+04
7.06775 3.878239142701162928e+04
7.07006 3.877774513201998343e+04
7.07296 3.877181632893522328e+04
7.07527 3.876696855408813281e+04
7.07759 3.876202114874320978e+04
7.08048 3.875568839148627740e+04
7.0828 3.875050253576712566e+04
7.08512 3.874520240983051917e+04
7.08801 3.873841994343243277e+04
7.09034 3.873286247296811052e+04
7.09266 3.872719160404656577e+04
7.09556 3.871994694127867842e+04
7.09788 3.871403096240858576e+04
7.10021 3.870801935746899107e+04
7.10253 3.870191142939101701e+04
7.10544 3.869416698873342102e+04
7.10777 3.868789866586039716e+04
7.1101 3.868157470172517060e+04
7.113 3.867360714538643515e+04
7.11533 3.866719635719725920e+04
7.11765 3.866076233575866354e+04
7.12056 3.865270680212022125e+04
7.12288 3.864626346527846181e+04
7.1252 3.863984213816287229e+04
7.12753 3.863345920260025741e+04
7.13043 3.862555038324875932e+04
7.13275 3.861928851020223374e+04
7.13508 3.861309797991198866e+04
7.13798 3.860548776810029085e+04
7.1403 3.859951470984777552e+04
7.14262 3.859366346390246326e+04
7.14552 3.858653714058892365e+04
7.14784 3.858100218991821021e+04
7.15015 3.857562629937538441e+04
7.15305 3.856913898969568982e+04
7.15537 3.856414249956176354e+04
7.15768 3.855931835131870321e+04
7.16058 3.855353354961510922e+04
7.16289 3.854909929739533982e+04
7.16521 3.854483313372446719e+04
7.16752 3.854072768122270645e+04
7.17041 3.853580548603730858e+04
7.17273 3.853202288724201208e+04
7.17504 3.852836918554097792e+04
7.17793 3.852397390146624093e+04
7.18025 3.852059182834055537e+04
7.18256 3.851732662181505293e+04
7.18546 3.851340730126200651e+04
7.18778 3.851039888585140579e+04
7.19009 3.850749819985999784e+04
7.19299 3.850400244917036616e+04
7.19531 3.850128007849313144e+04
7.19763 3.849861868556845002e+04
7.20053 3.849538436517258378e+04
7.20285 3.849288294724024308e+04
7.20517 3.849046220126931439e+04
7.20808 3.848752456561164581e+04
7.2104 3.848527805238081783e+04
7.21273 3.848314277409277565e+04
7.21506 3.848112502093869989e+04
7.21796 3.847875278713354783e+04
7.22029 3.847694908722110267e+04
7.22261 3.847521305912416574e+04
7.22551 3.847311833993731125e+04
7.22783 3.847147000031689822e+04
7.23015 3.846982281343117938e+04
7.23305 3.846773300657425716e+04
7.23536 3.846602066161801486e+04
7.23768 3.846426182196444279e+04
7.24057 3.846199385169575544e+04
7.24289 3.846012537815156975e+04
7.2452 3.845821322282400797e+04
7.24751 3.845626767373001348e+04
7.2504 3.845378253839234821e+04
7.25272 3.845175065988490678e+04
7.25503 3.844967753060949326e+04
7.25792 3.844702331685752870e+04
7.26023 3.844484520093332685e+04
7.26254 3.844261405565627501e+04
7.26543 3.843974568349366746e+04
7.26774 3.843738403258584003e+04
7.27005 3.843496053101970756e+04
7.27294 3.843184679379092995e+04
7.27525 3.842929238324023754e+04
7.27757 3.842668663050536998e+04
7.28046 3.842336676759370312e+04
7.28277 3.842066857127154071e+04
7.28508 3.841794246369467874e+04
7.28798 3.841450644920727063e+04
7.29029 3.841174574744096026e+04
7.29261 3.840898107608316059e+04
7.29551 3.840552830971138610e+04
7.29782 3.840277366753035312e+04
7.30014 3.840002598979075992e+04
7.30304 3.839660263071404916e+04
7.30536 3.839386742971317290e+04
7.30768 3.839112625927867339e+04
7.31 3.838837684842875024e+04
7.3129 3.838492253691364749e+04
7.31522 3.838213402724359912e+04
7.31754 3.837931353003451659e+04
7.32044 3.837573179151392833e+04
7.32276 3.837281298495718511e+04
7.32509 3.836984391222117847e+04
7.32799 3.836606048923551862e+04
7.33031 3.836298162580712960e+04
7.33263 3.835987773566094984e+04
7.33554 3.835597829975275818e+04
7.33786 3.835285011857732025e+04
7.34017 3.834973848934013222e+04
7.34307 3.834590431176139100e+04
7.34539 3.834291651191718120e+04
7.34771 3.834003021553517465e+04
7.35002 3.833727548616629065e+04
7.35292 3.833406257111200102e+04
7.35523 3.833170348929389729e+04
7.35754 3.832953398741561978e+04
7.36044 3.832713229462473100e+04
7.36275 3.832549204642544646e+04
7.36506 3.832411762454732525e+04
7.36795 3.832277660258630931e+04
7.37027 3.832199211313352134e+04
7.37258 3.832143936876992666e+04
7.37547 3.832103382668979611e+04
7.37779 3.832090349743166735e+04
7.3801 3.832091502240042610e+04
7.38299 3.832108732882382901e+04
7.38531 3.832132137468645669e+04
7.38762 3.832161781727126800e+04
7.39051 3.832204974239608418e+04
7.39283 3.832242883809639898e+04
7.39515 3.832282853650220204e+04
7.39805 3.832335081451042061e+04
7.40036 3.832378527558488713e+04
7.40268 3.832423725541427120e+04
7.40501 3.832471200417359069e+04
7.40791 3.832534829056996386e+04
7.41023 3.832590216658671852e+04
7.41256 3.832650489962386928e+04
7.41546 3.832733932350205578e+04
7.41778 3.832808055607047572e+04
7.4201 3.832889267932397343e+04
7.423 3.833001234547686909e+04
7.42532 3.833099342807687208e+04
7.42764 3.833204850864487526e+04
7.43054 3.833346784676534298e+04
7.43285 3.833468468513088737e+04
7.43517 3.833596836699021515e+04
7.43806 3.833764509866666049e+04
7.44037 3.833903277272875130e+04
7.44268 3.834045341875246959e+04
7.44557 3.834226543553385272e+04
7.44788 3.834373799332732597e+04
7.45019 3.834522548898469540e+04
7.4525 3.834672518076242704e+04
7.45539 3.834861521772792184e+04
7.4577 3.835013957417440542e+04
7.46001 3.835167557240137830e+04
7.4629 3.835361388450754748e+04
7.46521 3.835518151850636059e+04
7.46752 3.835676701228627644e+04
7.47041 3.835877651988573780e+04
7.47272 3.836040758287802601e+04
7.47503 3.836205799875502271e+04
7.47792 3.836414515734633460e+04
7.48023 3.836583054801948310e+04
7.48255 3.836752464720277203e+04
7.48544 3.836964713251228386e+04
7.48775 3.837133840246684122e+04
7.49007 3.837301020449664065e+04
7.49297 3.837505568232644146e+04
7.49528 3.837664492750260251e+04
7.4976 3.837818102176323009e+04
7.5005 3.838000916474911355e+04
7.50281 3.838138354708351835e+04
7.50513 3.838266587774481013e+04
7.50803 3.838412211572613887e+04
7.51035 3.838515654109531897e+04
7.51267 3.838606477102865028e+04
7.51557 3.838701013874707860e+04
7.51789 3.838760663465504331e+04
7.52021 3.838805648768608808e+04
7.52253 3.838835711146549147e+04
7.52543 3.838852304192580777e+04
7.52776 3.838849007153857383e+04
7.53008 3.838831399705936929e+04
7.53299 3.838790137396165665e+04
7.53532 3.838742647500239400e+04
7.53764 3.838683277321552305e+04
7.54054 3.838593718196365080e+04
7.54286 3.838511112160441553e+04
7.54518 3.838419777180600067e+04
7.54808 3.838294934700959857e+04
7.55039 3.838187686806964484e+04
7.55271 3.838074863516516780e+04
7.55502 3.837957377479237039e+04
7.55792 3.837805060942274577e+04
7.56023 3.837679767690955487e+04
7.56254 3.837551998111260036e+04
7.56543 3.837389657058951707e+04
7.56775 3.837258305955724063e+04
7.57006 3.837126137848610961e+04
7.57295 3.836959775837758934e+04
7.57526 3.836826325984358846e+04
7.57757 3.836694091508996644e+04
7.58046 3.836531822092967923e+04
7.58278 3.836404420463876158e+04
7.58509 3.836279367725655175e+04
7.58798 3.836126774860270962e+04
7.59029 3.836008227233810612e+04
7.59261 3.835893498278429615e+04
7.5955 3.835756473024436855e+04
7.59781 3.835652943384733226e+04
7.60013 3.835555548036969412e+04
7.60303 3.835443514803527796e+04
7.60534 3.835362393565273669e+04
7.60766 3.835289784449829313e+04
7.61056 3.835212339965441060e+04
7.61289 3.835161176065730979e+04
7.61521 3.835119840318308707e+04
7.61753 3.835088316338743607e+04
7.62044 3.835063201854878571e+04
7.62276 3.835056136623254861e+04
7.62509 3.835060766949407844e+04
7.628 3.835083369373457390e+04
7.63032 3.835114990557699639e+04
7.63264 3.835158657424092962e+04
7.63555 3.835230148989783629e+04
7.63787 3.835300742761066067e+04
7.6402 3.835383138920085912e+04
7.64252 3.835477268686591560e+04
7.64543 3.835611534228601522e+04
7.64775 3.835732670686516212e+04
7.65008 3.835866066642019723e+04
7.65298 3.836049674553894147e+04
7.6553 3.836210003478924773e+04
7.65762 3.836382187899058044e+04
7.66052 3.836614135919473483e+04
7.66284 3.836813207488336775e+04
7.66515 3.837024300954821229e+04
7.66805 3.837305369288184738e+04
7.67037 3.837543905456343782e+04
7.67268 3.837794725115141046e+04
7.67558 3.838125361472834629e+04
7.67789 3.838403372033152118e+04
7.68021 3.838693098320740683e+04
7.68252 3.838994134381590993e+04
7.68542 3.839385502656496101e+04
7.68773 3.839710165069791401e+04
7.69005 3.840044458617521741e+04
7.69294 3.840474277905692725e+04
7.69526 3.840826008579741028e+04
7.69757 3.841183099628474884e+04
7.70047 3.841634714596677804e+04
7.70278 3.841998175652920327e+04
7.7051 3.842362223242484470e+04
7.708 3.842815615807152062e+04
7.71032 3.843175682034886268e+04
7.71264 3.843531936941213644e+04
7.71554 3.843970155296134180e+04
7.71787 3.844313623141012795e+04
7.72019 3.844649239874327031e+04
7.72252 3.844976252109638881e+04
7.72543 3.845370486036489456e+04
7.72775 3.845672893704718444e+04
7.73008 3.845962490756929765e+04
7.73299 3.846303501219442842e+04
7.73531 3.846557110174462287e+04
7.73763 3.846793110837743006e+04
7.74053 3.847063111202826258e+04
7.74285 3.847259788321774977e+04
7.74517 3.847439621616357908e+04
7.74806 3.847641861012369191e+04
7.75038 3.847786512068598677e+04
7.75269 3.847916862722500809e+04
7.75501 3.848033910394100531e+04
7.7579 3.848163305851690529e+04
7.76021 3.848254754585214687e+04
7.76252 3.848336478467570851e+04
7.76541 3.848426285823050421e+04
7.76773 3.848489198036731977e+04
7.77004 3.848544924654507486e+04
7.77292 3.848605411414757691e+04
7.77524 3.848647086102530011e+04
7.77755 3.848684367111173196e+04
7.78044 3.848725213141235872e+04
7.78275 3.848752288952958770e+04
7.78506 3.848773777220072952e+04
7.78795 3.848792222102524829e+04
7.79026 3.848800014927623124e+04
7.79257 3.848801607185691682e+04
7.79547 3.848795161872083554e+04
7.79778 3.848783652940222964e+04
7.8001 3.848766563148659770e+04
7.80299 3.848738483395545336e+04
7.80531 3.848711958418174618e+04
7.80763 3.848683128702889371e+04
7.81053 3.848644554737136059e+04
7.81285 3.848612776025800849e+04
7.81517 3.848582184011900245e+04
7.81807 3.848547735242924682e+04
7.82039 3.848524420728822588e+04
7.82271 3.848505629437753669e+04
7.82504 3.848491775356264407e+04
7.82794 3.848481643945010001e+04
7.83026 3.848479180638313119e+04
7.83259 3.848481330287511082e+04
7.83549 3.848489585874583281e+04
7.83781 3.848499695909344155e+04
7.84013 3.848511949907355302e+04
7.84303 3.848528802715947677e+04
7.84535 3.848542370006204146e+04
7.84767 3.848555116075261321e+04
7.85056 3.848568874762814085e+04
7.85287 3.848577561946976493e+04
7.85519 3.848583529494024697e+04
7.8575 3.848587318588059861e+04
7.8604 3.848590410694256570e+04
7.86271 3.848592820159258554e+04
7.86502 3.848596393938377878e+04
7.86791 3.848604353006938618e+04
7.87023 3.848615073517183919e+04
7.87254 3.848631061377386504e+04
7.87543 3.848660304257739335e+04
7.87774 3.848692418467004609e+04
7.88006 3.848733232228603447e+04
7.88295 3.848797390577849001e+04
7.88527 3.848859598135209671e+04
7.88758 3.848931385045804927e+04
7.89048 3.849033943953865673e+04
7.89279 3.849125084487984714e+04
7.89511 3.849223150774983515e+04
7.89801 3.849356198293030320e+04
7.90033 3.849470027472433139e+04
7.90265 3.849588938297513232e+04
7.90556 3.849742242756456108e+04
7.90788 3.849867322980334575e+04
7.91021 3.849993053615146346e+04
7.91253 3.850117430647839501e+04
7.91543 3.850268677503900108e+04
7.91775 3.850384892763959215e+04
7.92007 3.850495245382587746e+04
7.92297 3.850623089147220162e+04
7.92528 3.850717156421809341e+04
7.9276 3.850804277844252647e+04
7.93049 3.850903967588154774e+04
7.9328 3.850976998716085654e+04
7.93511 3.851044680634950782e+04
7.938 3.851122400254365493e+04
7.94032 3.851179652483091922e+04
7.94263 3.851233037404839706e+04
7.94551 3.851295068475436710e+04
7.94782 3.851341418383079872e+04
7.95013 3.851385236961826740e+04
7.95302 3.851436916305540944e+04
7.95533 3.851476144916049088e+04
7.95764 3.851513809944599052e+04
7.96053 3.851559192751803494e+04
7.96284 3.851594611231657473e+04
7.96515 3.851629782838031679e+04
7.96804 3.851674320627561247e+04
7.97035 3.851711307117053366e+04
7.97266 3.851750415926606365e+04
7.97556 3.851803725826535083e+04
7.97787 3.851851195219984220e+04
7.98019 3.851904083996998088e+04
7.9825 3.851963495448989124e+04
7.9854 3.852048437510331132e+04
7.98772 3.852126050234817376e+04
7.99003 3.852213102856941259e+04
7.99293 3.852336087256093015e+04
7.99525 3.852446289769365103e+04
7.99757 3.852567115043020021e+04
8.00047 3.852733051490786602e+04
8.00279 3.852877276838722173e+04
8.00511 3.853031165413372946e+04
8.00802 3.853235914732072706e+04
8.01034 3.853408365224715817e+04
8.01267 3.853587297440008842e+04
8.01557 3.853817677416900551e+04
8.0179 3.854005337289687304e+04
8.02022 3.854194270208184025e+04
8.02254 3.854382562701046845e+04
8.02545 3.854614257739410823e+04
8.02777 3.854794372923179617e+04
8.03008 3.854967637121913867e+04
8.03298 3.855172343731184083e+04
8.0353 3.855324751345354889e+04
8.03761 3.855465971840335988e+04
8.0405 3.855625300130318647e+04
8.04282 3.855738193176674395e+04
8.04513 3.855837639581871190e+04
8.04802 3.855942620254050416e+04
8.05033 3.856011095228691556e+04
8.05264 3.856065887284936616e+04
8.05553 3.856115420620008808e+04
8.05785 3.856140164728574018e+04
8.06016 3.856152113183260371e+04
8.06305 3.856149924429949897e+04
8.06536 3.856135298701880674e+04
8.06767 3.856110040280486282e+04
8.07056 3.856064679652931227e+04
8.07288 3.856018324216462497e+04
8.07519 3.855963802684455004e+04
8.07751 3.855901846289029345e+04
8.0804 3.855814886068527994e+04
8.08272 3.855738299362218822e+04
8.08504 3.855655960233605583e+04
8.08794 3.855545329673970264e+04
8.09026 3.855451124195796729e+04
8.09258 3.855352023835731234e+04
8.09549 3.855221720177200768e+04
8.09781 3.855112577466117364e+04
8.10014 3.854999298123825429e+04
8.10305 3.854852321761038911e+04
8.10537 3.854730763923179620e+04
8.1077 3.854605885351050529e+04
8.11002 3.854477969937547459e+04
8.11293 3.854314200847221946e+04
8.11525 3.854180453264388052e+04
8.11758 3.854044646885881957e+04
8.12048 3.853872564624778897e+04
8.12281 3.853733537336281734e+04
8.12513 3.853593771285530238e+04
8.12803 3.853418906458710990e+04
8.13036 3.853279350377684023e+04
8.13268 3.853140653561419458e+04
8.13557 3.852969208408290433e+04
8.13789 3.852834098971507046e+04
8.14021 3.852701330696391960e+04
8.14253 3.852571282177599642e+04
8.14542 3.852413391140135354e+04
8.14774 3.852291454264898493e+04
8.15005 3.852174078911544348e+04
8.15295 3.852034794701218925e+04
8.15526 3.851930182611382770e+04
8.15758 3.851832466400576232e+04
8.16047 3.851721250857513223e+04
8.16279 3.851642023859251640e+04
8.1651 3.851572391841501667e+04
8.168 3.851500086111636483e+04
8.17031 3.851455000046137138e+04
8.17263 3.851422037447855109e+04
8.17553 3.851398821286179009e+04
8.17785 3.851395248238719068e+04
8.18017 3.851405377068587404e+04
8.18307 3.851437516454646538e+04
8.18539 3.851478756299794622e+04
8.18771 3.851533471765588183e+04
8.19004 3.851601137842723983e+04
8.19295 3.851702846363409481e+04
8.19527 3.851796622012287116e+04
8.1976 3.851900106844700349e+04
8.20051 3.852040960170425387e+04
8.20283 3.852160768623655167e+04
8.20516 3.852285148980300437e+04
8.20806 3.852444317218507058e+04
8.21038 3.852572332481166086e+04
8.2127 3.852699043797698687e+04
8.21501 3.852822432150791428e+04
8.21791 3.852969450186499307e+04
8.22022 3.853079230348073179e+04
8.22254 3.853180646396186785e+04
8.22543 3.853294122736759891e+04
8.22774 3.853373297887637455e+04
8.23006 3.853441566440850875e+04
8.23295 3.853510977254989848e+04
8.23526 3.853553565193114628e+04
8.23757 3.853584614386121393e+04
8.24046 3.853607431917190115e+04
8.24277 3.853613241664430097e+04
8.24508 3.853608436506140424e+04
8.24797 3.853588314215213177e+04
8.25028 3.853561695496075845e+04
8.25259 3.853526518820199999e+04
8.25548 3.853471732860560587e+04
8.25779 3.853420330314960302e+04
8.26011 3.853363182337766921e+04
8.263 3.853285117129895661e+04
8.26532 3.853218530244958674e+04
8.26763 3.853149248055822682e+04
8.27053 3.853060281428931921e+04
8.27285 3.852988157601049170e+04
8.27516 3.852916095397398021e+04
8.27806 3.852827109509825823e+04
8.28039 3.852757573033920198e+04
8.28271 3.852690135794277739e+04
8.28503 3.852625300595496083e+04
8.28793 3.852548670879703423e+04
8.29026 3.852491413041172200e+04
8.29258 3.852438261728967336e+04
8.29549 3.852378221491420845e+04
8.29781 3.852335831398556911e+04
8.30013 3.852298945499292313e+04
8.30304 3.852261220491269341e+04
8.30536 3.852238181915843597e+04
8.30767 3.852222004104329244e+04
8.31057 3.852212258045708586e+04
8.31289 3.852213209915913467e+04
8.3152 3.852222060323568439e+04
8.31752 3.852238920600653364e+04
8.32041 3.852271199129777233e+04
8.32272 3.852305767139315140e+04
8.32504 3.852347368994734279e+04
8.32793 3.852408349449885282e+04
8.33024 3.852464218145173800e+04
8.33255 3.852526189413937391e+04
8.33544 3.852611831474724022e+04
8.33776 3.852686493716871337e+04
8.34007 3.852766235806331679e+04
8.34296 3.852872586608371785e+04
8.34528 3.852962606737245369e+04
8.34759 3.853056722508249368e+04
8.35049 3.853179526027057727e+04
8.35281 3.853280813537356880e+04
8.35512 3.853384454856149387e+04
8.35802 3.853517282921010337e+04
8.36034 3.853626306476471655e+04
8.36266 3.853737775897128449e+04
8.36557 3.853880822951842856e+04
8.36789 3.853998158929276542e+04
8.37022 3.854118303588240815e+04
8.37254 3.854241183526092209e+04
8.37545 3.854397849955857237e+04
8.37777 3.854524646876020415e+04
8.38009 3.854651936442117585e+04
8.38298 3.854809983526735596e+04
8.3853 3.854934311007505312e+04
8.38761 3.855055455889103905e+04
8.39051 3.855200637073655525e+04
8.39282 3.855310435665169643e+04
8.39513 3.855413383014025749e+04
8.39802 3.855531051772536011e+04
8.40033 3.855615283389080287e+04
8.40265 3.855689990843858686e+04
8.40553 3.855769122635028907e+04
8.40784 3.855820555277860694e+04
8.41015 3.855861187636273098e+04
8.41304 3.855896681873172929e+04
8.41535 3.855912934123539162e+04
8.41766 3.855918617274348799e+04
8.42055 3.855911362809436832e+04
8.42286 3.855894599792010558e+04
8.42517 3.855868662931272411e+04
8.42806 3.855824256131402217e+04
8.43037 3.855779951355287631e+04
8.43268 3.855728647565722349e+04
8.43557 3.855655830073085235e+04
8.43789 3.855591711717468570e+04
8.4402 3.855523334984765097e+04
8.44252 3.855451731741263939e+04
8.44542 3.855359334640308953e+04
8.44773 3.855284514847609535e+04
8.45005 3.855210293986523175e+04
8.45295 3.855120393949868594e+04
8.45527 3.855052541082933749e+04
8.45759 3.854989888989296014e+04
8.46049 3.854921227947502484e+04
8.46281 3.854875844812160358e+04
8.46513 3.854840523753099114e+04
8.46804 3.854812571984712849e+04
8.47036 3.854804592743530520e+04
8.47269 3.854810448892873683e+04
8.47501 3.854830847497944342e+04
8.47792 3.854877383661782369e+04
8.48025 3.854931428676752694e+04
8.48257 3.855000035143989953e+04
8.48547 3.855105247435143247e+04
8.4878 3.855203633877463290e+04
8.49012 3.855313305840930843e+04
8.49301 3.855463675611712097e+04
8.49533 3.855592456807383132e+04
8.49765 3.855726594586193823e+04
8.50054 3.855898631112679868e+04
8.50286 3.856037238856194017e+04
8.50517 3.856174443393944239e+04
8.50806 3.856341120067386510e+04
8.51037 3.856468366884216084e+04
8.51269 3.856588508034793631e+04
8.515 3.856700127850095305e+04
8.51789 3.856825902894908359e+04
8.5202 3.856914420087345206e+04
8.52252 3.856991417759274191e+04
8.52541 3.857070718463999947e+04
8.52772 3.857120253807267000e+04
8.53003 3.857157281118139508e+04
8.53292 3.857186052251864749e+04
8.53524 3.857195265986901359e+04
8.53755 3.857192510583048715e+04
8.54045 3.857172760090119846e+04
8.54276 3.857144395435230399e+04
8.54508 3.857105260743875260e+04
8.54798 3.857041833626305743e+04
8.5503 3.856979880296654301e+04
8.55262 3.856908338363547955e+04
8.55552 3.856805833003663429e+04
8.55785 3.856713616752938105e+04
8.56017 3.856612584661463188e+04
8.56308 3.856473961516647250e+04
8.56541 3.856353447645794222e+04
8.56773 3.856224536019525112e+04
8.57006 3.856087314628781314e+04
8.57297 3.855904231146383972e+04
8.57529 3.855748654979229468e+04
8.57762 3.855585150425747270e+04
8.58052 3.855369888935638301e+04
8.58285 3.855189324749073421e+04
8.58518 3.855001790635647922e+04
8.58808 3.854758111201113206e+04
8.5904 3.854556443284770648e+04
8.59273 3.854349421111267293e+04
8.59505 3.854137538119656529e+04
8.59795 3.853867173213566275e+04
8.60027 3.853647172371224588e+04
8.60258 3.853424912004569342e+04
8.60548 3.853145203735303949e+04
8.6078 3.852921123115016962e+04
8.61011 3.852697855578126473e+04
8.61301 3.852421430094563402e+04
8.61532 3.852203734452283243e+04
8.61764 3.851990231866900285e+04
8.62054 3.851730930604486639e+04
8.62285 3.851530967632505053e+04
8.62517 3.851338988547113695e+04
8.62806 3.851112179691425990e+04
8.63038 3.850942819262469857e+04
8.6327 3.850785485107043496e+04
8.63501 3.850641470556677814e+04
8.63791 3.850481885038254404e+04
8.64023 3.850372006536361732e+04
8.64255 3.850279082843483047e+04
8.64546 3.850188312658287759e+04
8.64778 3.850137094550020993e+04
8.6501 3.850105667981490842e+04
8.65301 3.850095107981972978e+04
8.65534 3.850110581585272303e+04
8.65766 3.850147331103019678e+04
8.66057 3.850222646652554977e+04
8.6629 3.850305721741236630e+04
8.66523 3.850408070884344488e+04
8.66756 3.850528285513931041e+04
8.67046 3.850701298677276645e+04
8.67278 3.850855271349733812e+04
8.6751 3.851020992787017894e+04
8.678 3.851241167799144023e+04
8.68032 3.851425132798957202e+04
8.68264 3.851613753011201334e+04
8.68553 3.851852641277472139e+04
8.68785 3.852043766467709065e+04
8.69016 3.852232465119897824e+04
8.69305 3.852462085814175225e+04
8.69537 3.852638405600138503e+04
8.69768 3.852806326275077299e+04
8.70057 3.853002023769752122e+04
8.70288 3.853145500487257232e+04
8.70519 3.853276050980707078e+04
8.7075 3.853392698353594460e+04
8.71039 3.853517947278060456e+04
8.7127 3.853601094380976429e+04
8.71502 3.853668881283311930e+04
8.71791 3.853732689712689898e+04
8.72022 3.853767862774823152e+04
8.72253 3.853789913591618097e+04
8.72542 3.853800689542738110e+04
8.72774 3.853797330463713297e+04
8.73005 3.853784673632257181e+04
8.73295 3.853757684016264102e+04
8.73526 3.853728616875593434e+04
8.73758 3.853694113804294466e+04
8.74048 3.853644833096017101e+04
8.7428 3.853601214102537779e+04
8.74512 3.853554633545399702e+04
8.74802 3.853493195401036064e+04
8.75034 3.853442186115653749e+04
8.75267 3.853390049221739901e+04
8.75557 3.853323908513280912e+04
8.75789 3.853270550718008599e+04
8.76022 3.853216991398421669e+04
8.76254 3.853163501280537457e+04
8.76545 3.853097284678068536e+04
8.76778 3.853045370099211868e+04
8.7701 3.852994891157009260e+04
8.77301 3.852934537325835117e+04
8.77533 3.852889085715538386e+04
8.77766 3.852846777966976515e+04
8.78056 3.852799132124211610e+04
8.78288 3.852765987175486225e+04
8.7852 3.852737892741303222e+04
8.78751 3.852715449579835695e+04
8.79041 3.852696142079278070e+04
8.79273 3.852688339843227004e+04
8.79504 3.852687603003425465e+04
8.79793 3.852696673789993656e+04
8.80024 3.852711823842029116e+04
8.80256 3.852733809320074215e+04
8.80545 3.852770502315035264e+04
8.80776 3.852806815891998122e+04
8.81007 3.852848904679313273e+04
8.81296 3.852909034601661551e+04
8.81527 3.852962649927025632e+04
8.81759 3.853020796680187777e+04
8.82048 3.853099328451315523e+04
8.8228 3.853166567357418535e+04
8.82511 3.853237539366138662e+04
8.82801 3.853331622626299213e+04
8.83033 3.853411084360794484e+04
8.83265 3.853494056405992887e+04
8.83555 3.853602504798048903e+04
8.83787 3.853692655428253784e+04
8.84019 3.853785598508015391e+04
8.84252 3.853880959675664053e+04
8.84542 3.854003050880425872e+04
8.84775 3.854102592394261592e+04
8.85008 3.854203260438983853e+04
8.85298 3.854329770268870925e+04
8.85531 3.854431073300527351e+04
8.85763 3.854531774879793375e+04
8.86053 3.854656063661828375e+04
8.86285 3.854753489950930816e+04
8.86516 3.854848483501965529e+04
8.86806 3.854962940465023712e+04
8.87038 3.855050276930366090e+04
8.87269 3.855133256606501527e+04
8.875 3.855211223494252772e+04
8.87789 3.855300780359189957e+04
8.88021 3.855365398116319557e+04
8.88252 3.855423171060995082e+04
8.88541 3.855484986787626258e+04
8.88772 3.855525513653898088e+04
8.89003 3.855557629893683770e+04
8.89292 3.855585329107598227e+04
8.89523 3.855597130548825953e+04
8.89754 3.855599415668525762e+04
8.90043 3.855588662212857889e+04
8.90274 3.855569114513737441e+04
8.90505 3.855539915587089490e+04
8.90793 3.855490206934060552e+04
8.91025 3.855440337225655821e+04
8.91256 3.855382130514429446e+04
8.91545 3.855298822155415837e+04
8.91776 3.855224942722390551e+04
8.92008 3.855145924488666060e+04
8.92297 3.855042031449026399e+04
8.92528 3.854956809624894231e+04
8.9276 3.854871528017180390e+04
8.9305 3.854767790673224226e+04
8.93282 3.854689360879444575e+04
8.93514 3.854617100217041298e+04
8.93804 3.854538255669651699e+04
8.94036 3.854486458370619948e+04
8.94268 3.854446381638017920e+04
8.94501 3.854419273014210921e+04
8.94791 3.854405141515369905e+04
8.95024 3.854410418599352124e+04
8.95257 3.854431059682316118e+04
8.95548 3.854479748452263448e+04
8.9578 3.854534721966235520e+04
8.96013 3.854601963604202319e+04
8.96304 3.854702463474772230e+04
8.96537 3.854794196275182912e+04
8.96769 3.854893743409492890e+04
8.97001 3.854999918896698364e+04
8.97291 3.855138417696457327e+04
8.97523 3.855250436458511103e+04
8.97755 3.855360967796776094e+04
8.98045 3.855493725988272490e+04
8.98276 3.855593568076376687e+04
8.98508 3.855688440614613501e+04
8.98797 3.855800949146477069e+04
8.99028 3.855885051228979137e+04
8.9926 3.855963322897917533e+04
8.99549 3.856053940563804645e+04
8.9978 3.856118643011496897e+04
9.00012 3.856174339046224486e+04
9.00301 3.856231324905544898e+04
9.00532 3.856267246607154811e+04
9.00763 3.856295233533604915e+04
9.01053 3.856320246502174268e+04
9.01284 3.856333342090150836e+04
9.01515 3.856341284671855828e+04
9.01805 3.856345303137652809e+04
9.02036 3.856344756202358258e+04
9.02268 3.856341597051882854e+04
9.02557 3.856334797668042302e+04
9.02789 3.856327574918909522e+04
9.03021 3.856319067163642467e+04
9.03253 3.856309424420875439e+04
9.03543 3.856295856338150770e+04
9.03775 3.856283720598944637e+04
9.04007 3.856270325174462778e+04
9.04298 3.856251512605466996e+04
9.0453 3.856234531287609570e+04
9.04763 3.856215556464297697e+04
9.05054 3.856188598807674134e+04
9.05287 3.856164116732802358e+04
9.0552 3.856136751920443930e+04
9.05752 3.856106231144502090e+04
9.06043 3.856063278568659734e+04
9.06276 3.856024824448693107e+04
9.06509 3.855982559125085390e+04
9.068 3.855924204056445160e+04
9.07032 3.855873046460706246e+04
9.07265 3.855817948113039165e+04
9.07556 3.855743665233701904e+04
9.07789 3.855680163640125829e+04
9.08021 3.855613325927044934e+04
9.08253 3.855543581434699445e+04
9.08544 3.855453274142166629e+04
9.08776 3.855379388205990836e+04
9.09008 3.855305007582711551e+04
9.09298 3.855212610191632120e+04
9.0953 3.855140321192688134e+04
9.09762 3.855070478333613573e+04
9.10051 3.854988012669990712e+04
9.10283 3.854926972521227435e+04
9.10515 3.854871157746446261e+04
9.10805 3.854809783504484949e+04
9.11036 3.854768060967373458e+04
9.11268 3.854733347029030847e+04
9.11558 3.854700228718818835e+04
9.11789 3.854682129638346669e+04
9.12021 3.854671525430878683e+04
9.12253 3.854668341823804076e+04
9.12543 3.854674550661204557e+04
9.12775 3.854687382046101266e+04
9.13007 3.854706898696724238e+04
9.13297 3.854740194658029213e+04
9.13529 3.854773540467472776e+04
9.13761 3.854812479636430362e+04
9.14051 3.854868500505405973e+04
9.14284 3.854918834187449829e+04
9.14516 3.854973661603871005e+04
9.14807 3.855047927312965476e+04
9.15039 3.855111395854345756e+04
9.15272 3.855178132945172547e+04
9.15505 3.855247917919325118e+04
9.15796 3.855339175847087608e+04
9.16029 3.855415204392385203e+04
9.16262 3.855493750580647611e+04
9.16553 3.855594936952071293e+04
9.16785 3.855677926183505042e+04
9.17018 3.855762169020327565e+04
9.17308 3.855868305271909048e+04
9.1754 3.855953040046368551e+04
9.17772 3.856036691419360432e+04
9.18004 3.856118451405676024e+04
9.18293 3.856216514195584023e+04
9.18525 3.856290574305918562e+04
9.18757 3.856359747584754223e+04
9.19046 3.856438090144493617e+04
9.19277 3.856493397901549179e+04
9.19509 3.856541490649501793e+04
9.19798 3.856590791263895517e+04
9.20029 3.856621239402600622e+04
9.20261 3.856643636247267568e+04
9.2055 3.856660525851149578e+04
9.20781 3.856665550582577271e+04
9.21012 3.856663550362327805e+04
9.21301 3.856652085317169258e+04
9.21532 3.856636559884959570e+04
9.21764 3.856616137988313858e+04
9.22053 3.856584753390242986e+04
9.22284 3.856555692247219122e+04
9.22515 3.856523680506842356e+04
9.22805 3.856480135415155382e+04
9.23036 3.856442833255686128e+04
9.23268 3.856403551822654117e+04
9.23557 3.856351808740405249e+04
9.23789 3.856308416924883932e+04
9.24021 3.856263242483735667e+04
9.24252 3.856216243790720910e+04
9.24542 3.856154884728947218e+04
9.24774 3.856103799521921610e+04
9.25006 3.856051243262973730e+04
9.25297 3.855983921324984840e+04
9.25529 3.855929295716872002e+04
9.25761 3.855874442541685130e+04
9.26052 3.855806395725970651e+04
9.26285 3.855753081516445673e+04
9.26517 3.855701444242928119e+04
9.26808 3.855640262711274409e+04
9.27041 3.855594777008884557e+04
9.27274 3.855553052032751293e+04
9.27506 3.855515673872649495e+04
9.27797 3.855475678262629663e+04
9.28029 3.855449436721768143e+04
9.28262 3.855428491156078235e+04
9.28552 3.855409855532051733e+04
9.28784 3.855400743674974365e+04
9.29016 3.855396402159031277e+04
9.29305 3.855397017696830153e+04
9.29537 3.855401733313655131e+04
9.29769 3.855409626294909685e+04
9.30001 3.855420163257714739e+04
9.3029 3.855436297419765469e+04
9.30522 3.855451054180577921e+04
9.30753 3.855467148810702929e+04
9.31043 3.855488971458277956e+04
9.31274 3.855507627081162354e+04
9.31506 3.855527252716068324e+04
9.31795 3.855553085075726267e+04
9.32027 3.855574787276010466e+04
9.32258 3.855597445087031520e+04
9.32548 3.855627195928026049e+04
9.32779 3.855652246110507258e+04
9.33011 3.855678497653463273e+04
9.33301 3.855713156736712699e+04
9.33533 3.855742462718290335e+04
9.33764 3.855773246789327823e+04
9.34054 3.855813882501818443e+04
9.34286 3.855848103007004102e+04
9.34519 3.855883835832189652e+04
9.34751 3.855920959805831808e+04
9.35041 3.855969133165311359e+04
9.35274 3.856008833246662107e+04
9.35506 3.856049278762606991e+04
9.35797 3.856100413973244576e+04
9.3603 3.856141269287191972e+04
9.36262 3.856181562195745937e+04
9.36553 3.856230383133220312e+04
9.36786 3.856267466352240444e+04
9.37018 3.856302156622484472e+04
9.37308 3.856341160464962741e+04
9.3754 3.856368049779088324e+04
9.37772 3.856390382550338109e+04
9.38004 3.856407458386623330e+04
9.38293 3.856420446212767274e+04
9.38525 3.856423407517936721e+04
9.38756 3.856419166407232115e+04
9.39045 3.856403051408602187e+04
9.39277 3.856381069823876169e+04
9.39508 3.856350730092082813e+04
9.39797 3.856300898035139835e+04
9.40028 3.856251526924051723e+04
9.40259 3.856193928445250640e+04
9.40548 3.856110909477061068e+04
9.40779 3.856036328705967753e+04
9.4101 3.855955247807590786e+04
9.41299 3.855846063840103307e+04
9.4153 3.855753671924132505e+04
9.41761 3.855658022695051477e+04
9.4205 3.855535765437982627e+04
9.42281 3.855437445805831521e+04
9.42512 3.855340175248435844e+04
9.42801 3.855222254612210963e+04
9.43033 3.855132594566277112e+04
9.43264 3.855048574837416527e+04
9.43553 3.854953534758288879e+04
9.43785 3.854886919039295026e+04
9.44016 3.854829870172008668e+04
9.44306 3.854773310711064551e+04
9.44537 3.854740680064622575e+04
9.44769 3.854719721312731417e+04
9.45001 3.854710595127791748e+04
9.45291 3.854715684083729866e+04
9.45523 3.854732522336317197e+04
9.45755 3.854760040772577486e+04
9.46045 3.854808206638712727e+04
9.46278 3.854856512772715359e+04
9.4651 3.854912251772130548e+04
9.46801 3.854990512652364123e+04
9.47033 3.855058342193579301e+04
9.47266 3.855129400691796036e+04
9.47557 3.855220642334206059e+04
9.4779 3.855294078593899758e+04
9.48023 3.855366608070224174e+04
9.48256 3.855437155696647824e+04
9.48547 3.855521192717640224e+04
9.4878 3.855584401231219817e+04
9.49012 3.855643462915029522e+04
9.49302 3.855711146163209924e+04
9.49535 3.855760168656241876e+04
9.49767 3.855804670363118930e+04
9.50057 3.855854148226150573e+04
9.50289 3.855889102585324144e+04
9.50521 3.855920309607190575e+04
9.50752 3.855948116643433605e+04
9.51042 3.855978715393094899e+04
9.51274 3.856000311634071841e+04
9.51505 3.856019725052713329e+04
9.51795 3.856041370875160646e+04
9.52026 3.856056875114778086e+04
9.52257 3.856070952059180854e+04
9.52547 3.856086674586435402e+04
9.52778 3.856097779451563838e+04
9.5301 3.856107519981217774e+04
9.53299 3.856117599824511854e+04
9.5353 3.856123778391282394e+04
9.53762 3.856128045213520090e+04
9.54051 3.856130297499476001e+04
9.54282 3.856129288353337324e+04
9.54514 3.856125459064298047e+04
9.54803 3.856116246119138668e+04
9.55035 3.856104976066712698e+04
9.55267 3.856089931480283849e+04
9.55556 3.856065421416940080e+04
9.55788 3.856040964213824191e+04
9.5602 3.856011982296766655e+04
9.56252 3.855978308211568219e+04
9.56542 3.855929399502288288e+04
9.56774 3.855884730455645331e+04
9.57006 3.855835064429666818e+04
9.57297 3.855765940654805308e+04
9.57529 3.855705056517575576e+04
9.57762 3.855639241120747465e+04
9.58053 3.855550269484364253e+04
9.58286 3.855473794403501961e+04
9.58519 3.855392870943814341e+04
9.58752 3.855307665485878533e+04
9.59043 3.855195468893220095e+04
9.59276 3.855101516359792731e+04
9.59509 3.855004226099122025e+04
9.598 3.854878537188343762e+04
9.60033 3.854775288902853208e+04
9.60266 3.854670201676939905e+04
9.60557 3.854537090931490093e+04
9.6079 3.854429879351652198e+04
9.61023 3.854322630687235505e+04
9.61255 3.854215894195162400e+04
9.61546 3.854083891575066809e+04
9.61779 3.853980120316483954e+04
9.62012 3.853878362068876595e+04
9.62302 3.853754717796724435e+04
9.62534 3.853659119208044285e+04
9.62767 3.853566876137462532e+04
9.63057 3.853456911092506925e+04
9.63289 3.853373625643202831e+04
9.63521 3.853294979328197223e+04
9.63753 3.853221331499392545e+04
9.64043 3.853136979288190196e+04
9.64275 3.853076209579327406e+04
9.64507 3.853021919216762035e+04
9.64797 3.852963938203216094e+04
9.65029 3.852926073054660083e+04
9.65261 3.852896335940373683e+04
9.6555 3.852871331207397452e+04
9.65782 3.852861601125333254e+04
9.66014 3.852861413286151947e+04
9.66304 3.852875023717230215e+04
9.66536 3.852897185121993971e+04
9.66768 3.852929358063949621e+04
9.67058 3.852983316134422057e+04
9.6729 3.853036955096462771e+04
9.67522 3.853099287316594564e+04
9.67754 3.853169540185519872e+04
9.68044 3.853267145660122333e+04
9.68277 3.853351816753108142e+04
9.68509 3.853441037129636970e+04
9.68799 3.853557072397721640e+04
9.69032 3.853651726761435566e+04
9.69265 3.853746489987336827e+04
9.69556 3.853862743223317375e+04
9.69788 3.853952190317404165e+04
9.70021 3.854036891920802736e+04
9.70254 3.854115403116470407e+04
9.70546 3.854202975276017969e+04
9.70779 3.854263019170080224e+04
9.71012 3.854312989245244535e+04
9.71304 3.854360082824240817e+04
9.71537 3.854384748730895080e+04
9.71769 3.854397519828193617e+04
9.72002 3.854398354124615435e+04
9.72293 3.854382935096175061e+04
9.72525 3.854357959384588321e+04
9.72757 3.854322461315610417e+04
9.73048 3.854264493909815064e+04
9.7328 3.854208365876009339e+04
9.73512 3.854144623555579165e+04
9.73802 3.854055687760322326e+04
9.74033 3.853978353142256674e+04
9.74265 3.853896443080600147e+04
9.74555 3.853788767843313690e+04
9.74786 3.853699138311691786e+04
9.75018 3.853607004801330186e+04
9.75307 3.853488992123355274e+04
9.75538 3.853392733226822747e+04
9.7577 3.853295137828065344e+04
9.76001 3.853196377031890006e+04
9.7629 3.853071560827690701e+04
9.76522 3.852970802699684282e+04
9.76753 3.852869467147052637e+04
9.77042 3.852742435047546314e+04
9.77273 3.852641004834978958e+04
9.77505 3.852540315003594878e+04
9.77794 3.852416511197517684e+04
9.78025 3.852320056011721317e+04
9.78257 3.852226893863276928e+04
9.78546 3.852116559359912208e+04
9.78777 3.852034470019287983e+04
9.79009 3.851959026689576422e+04
9.79298 3.851875630324208760e+04
9.7953 3.851818840098782675e+04
9.79762 3.851771761587517540e+04
9.80051 3.851727654766596970e+04
9.80283 3.851704737072778516e+04
9.80515 3.851693110973936564e+04
9.80805 3.851694468718271673e+04
9.81037 3.851707983066891029e+04
9.81269 3.851732022561292979e+04
9.81501 3.851765950270384928e+04
9.81792 3.851820827479608852e+04
9.82024 3.851873446841952682e+04
9.82257 3.851932545972836670e+04
9.82548 3.852013752742162615e+04
9.82781 3.852083222995178221e+04
9.83014 3.852155414883070625e+04
9.83305 3.852247861908769119e+04
9.83538 3.852322324956169177e+04
9.83771 3.852396168350469816e+04
9.84003 3.852468622597915237e+04
9.84294 3.852556147647161561e+04
9.84527 3.852622986857091018e+04
9.84759 3.852686510758569057e+04
9.85049 3.852760566478224791e+04
9.85281 3.852815230629115104e+04
9.85513 3.852865554810516915e+04
9.85803 3.852922158674024104e+04
9.86035 3.852962285245692328e+04
9.86267 3.852997785726211441e+04
9.86557 3.853035680320721440e+04
9.86789 3.853060863221447653e+04
9.87021 3.853081586652826081e+04
9.87252 3.853097966973412258e+04
9.87542 3.853112570638769830e+04
9.87774 3.853119771885614318e+04
9.88005 3.853123202272061462e+04
9.88295 3.853122504048034898e+04
9.88526 3.853118209046195989e+04
9.88758 3.853110804683905735e+04
9.89048 3.853097433496780286e+04
9.89279 3.853083606449892250e+04
9.89511 3.853067087505670497e+04
9.89801 3.853042691652997019e+04
9.90033 3.853020133557885856e+04
9.90264 3.852994758815111709e+04
9.90554 3.852958844256791781e+04
9.90786 3.852926476642525085e+04
9.91018 3.852890614699280559e+04
9.9125 3.852850960746176133e+04
9.9154 3.852795608580541739e+04
9.91773 3.852746350978676492e+04
9.92005 3.852692358996432449e+04
9.92295 3.852617927965744457e+04
9.92528 3.852552584475252661e+04
9.92761 3.852482062159579073e+04
9.93051 3.852386610142268910e+04
9.93284 3.852304579202127206e+04
9.93517 3.852217810731859208e+04
9.93808 3.852103259152534156e+04
9.94041 3.852007238956259971e+04
9.94273 3.851908024548029789e+04
