#t,ms t, Tev, K
0.003 1.000000000000000000e+04
0.005 1.000000000000000000e+04
0.008 1.000000000000000000e+04
0.01 1.000000000000000000e+04
0.0129324 1.000000000000000000e+04
0.0152784 1.000000000000000000e+04
0.0176291 1.000000000000000000e+04
0.0205694 1.000000000000000000e+04
0.0229245 1.000000000000000000e+04
0.0252824 1.000000000000000000e+04
0.0276402 1.000000000000000000e+04
0.0305804 1.000000000000000000e+04
0.0329326 1.000000000000000000e+04
0.0352671 1.000000000000000000e+04
0.0375956 1.000000000000000000e+04
0.040494 1.000000000000000000e+04
0.0427981 1.000000000000000000e+04
0.0451022 1.000000000000000000e+04
0.0479388 1.000000000000000000e+04
0.0502082 1.000000000000000000e+04
0.0530041 1.000000000000000000e+04
0.0552327 1.000000000000000000e+04
0.0579873 1.000000000000000000e+04
0.0601743 1.000000000000000000e+04
0.0628915 1.000000000000000000e+04
0.0650454 1.000000000000000000e+04
0.0677309 1.000000000000000000e+04
0.0703885 1.000000000000000000e+04
0.0725147 1.000000000000000000e+04
0.0751435 1.000000000000000000e+04
0.0777723 1.000000000000000000e+04
0.0803793 1.000000000000000000e+04
0.0829862 1.000000000000000000e+04
0.0850594 1.000000000000000000e+04
0.0876508 1.000000000000000000e+04
0.090234 1.000000000000000000e+04
0.0928152 1.000000000000000000e+04
0.0953792 1.000000000000000000e+04
0.0979388 1.000000000000000000e+04
0.100475 1.000000000000000000e+04
0.103006 1.000000000000000000e+04
0.105016 1.000000000000000000e+04
0.107524 1.000000000000000000e+04
0.11002 1.000000000000000000e+04
0.112509 1.000000000000000000e+04
0.115485 1.000000000000000000e+04
0.117961 1.000000000000000000e+04
0.120429 1.000000000000000000e+04
0.122896 1.000000000000000000e+04
0.125358 1.000000000000000000e+04
0.127819 1.000000000000000000e+04
0.130279 1.000000000000000000e+04
0.132739 1.000000000000000000e+04
0.135199 1.000000000000000000e+04
0.13766 1.000000000000000000e+04
0.140113 1.000000000000000000e+04
0.142564 1.000000000000000000e+04
0.145009 1.000000000000000000e+04
0.147941 1.000000000000000000e+04
0.150379 1.000000000000000000e+04
0.152817 1.000000000000000000e+04
0.155251 1.000000000000000000e+04
0.157686 1.000000000000000000e+04
0.160119 1.000000000000000000e+04
0.162553 1.000000000000000000e+04
0.165473 1.000000000000000000e+04
0.167908 1.000000000000000000e+04
0.170344 1.000000000000000000e+04
0.17278 1.000000000000000000e+04
0.175219 1.000000000000000000e+04
0.177658 1.000000000000000000e+04
0.180096 1.000000000000000000e+04
0.182534 1.000000000000000000e+04
0.185458 1.000000000000000000e+04
0.187895 1.000000000000000000e+04
0.190332 1.000000000000000000e+04
0.192769 1.000000000000000000e+04
0.195206 1.000000000000000000e+04
0.197644 1.000000000000000000e+04
0.200084 1.000000000000000000e+04
0.202524 1.000000000000000000e+04
0.205454 1.000000000000000000e+04
0.207897 1.000000000000000000e+04
0.210342 1.000000000000000000e+04
0.212788 1.000000000000000000e+04
0.215236 1.000000000000000000e+04
0.217684 1.000000000000000000e+04
0.220132 1.000000000000000000e+04
0.222581 1.000000000000000000e+04
0.225029 1.000000000000000000e+04
0.227969 1.000000000000000000e+04
0.23042 1.000000000000000000e+04
0.232872 1.000000000000000000e+04
0.235324 1.000000000000000000e+04
0.237778 1.000000000000000000e+04
0.240232 1.000000000000000000e+04
0.242687 1.000000000000000000e+04
0.245143 1.000000000000000000e+04
0.247601 1.000000000000000000e+04
0.250059 1.000000000000000000e+04
0.252517 1.000000000000000000e+04
0.255468 1.000000000000000000e+04
0.257927 1.000000000000000000e+04
0.260387 1.000000000000000000e+04
0.262847 1.000000000000000000e+04
0.265308 1.000000000000000000e+04
0.267769 1.000000000000000000e+04
0.27023 1.000000000000000000e+04
0.272692 1.000000000000000000e+04
0.275154 1.000000000000000000e+04
0.277616 1.000000000000000000e+04
0.280079 1.000000000000000000e+04
0.282542 1.000000000000000000e+04
0.285005 1.000000000000000000e+04
0.287961 1.000000000000000000e+04
0.290425 1.000000000000000000e+04
0.292888 1.000000000000000000e+04
0.295351 1.000000000000000000e+04
0.297815 1.000000000000000000e+04
0.300278 1.000000000000000000e+04
0.302742 1.000000000000000000e+04
0.305205 1.000000000000000000e+04
0.307668 1.000000000000000000e+04
0.310131 1.000000000000000000e+04
0.312594 1.000000000000000000e+04
0.315058 1.000000000000000000e+04
0.317521 1.000000000000000000e+04
0.320477 1.000000000000000000e+04
0.322941 1.000000000000000000e+04
0.325404 1.000000000000000000e+04
0.327867 1.000000000000000000e+04
0.33033 1.000000000000000000e+04
0.332793 1.000000000000000000e+04
0.335256 1.000000000000000000e+04
0.337719 1.000000000000000000e+04
0.340182 1.000000000000000000e+04
0.342644 1.000000000000000000e+04
0.345107 1.000000000000000000e+04
0.347569 1.000000000000000000e+04
0.350032 1.000000000000000000e+04
0.352987 1.000000000000000000e+04
0.355449 1.000000000000000000e+04
0.357912 1.000000000000000000e+04
0.360375 1.000000000000000000e+04
0.362838 1.000000000000000000e+04
0.365301 1.000000000000000000e+04
0.367764 1.000000000000000000e+04
0.370227 1.000000000000000000e+04
0.372691 1.000000000000000000e+04
0.375154 1.000000000000000000e+04
0.377618 1.000000000000000000e+04
0.380082 1.000000000000000000e+04
0.382546 1.000000000000000000e+04
0.38501 1.000000000000000000e+04
0.387967 1.000000000000000000e+04
0.390432 1.000000000000000000e+04
0.392896 1.000000000000000000e+04
0.395361 1.000000000000000000e+04
0.397825 1.000000000000000000e+04
0.40029 1.000000000000000000e+04
0.402754 1.000000000000000000e+04
0.405219 1.000000000000000000e+04
0.407684 1.000000000000000000e+04
0.410149 1.000000000000000000e+04
0.412614 1.000000000000000000e+04
0.41508 1.000000000000000000e+04
0.417545 1.000000000000000000e+04
0.42001 1.000000000000000000e+04
0.422969 1.000000000000000000e+04
0.425435 1.000000000000000000e+04
0.4279 1.000000000000000000e+04
0.430367 1.000000000000000000e+04
0.432833 1.000000000000000000e+04
0.4353 1.000000000000000000e+04
0.437766 1.000000000000000000e+04
0.440233 1.000000000000000000e+04
0.4427 1.000000000000000000e+04
0.445166 1.000000000000000000e+04
0.447633 1.000000000000000000e+04
0.4501 1.000000000000000000e+04
0.452567 1.000000000000000000e+04
0.455035 1.000000000000000000e+04
0.457502 1.000000000000000000e+04
0.460463 1.000000000000000000e+04
0.462931 1.000000000000000000e+04
0.465399 1.000000000000000000e+04
0.467867 1.000000000000000000e+04
0.470334 1.000000000000000000e+04
0.472802 1.000000000000000000e+04
0.475269 1.000000000000000000e+04
0.477736 1.000000000000000000e+04
0.480203 1.000000000000000000e+04
0.48267 1.000000000000000000e+04
0.485137 1.000000000000000000e+04
0.487604 1.000000000000000000e+04
0.490071 1.000000000000000000e+04
0.492538 1.000000000000000000e+04
0.495005 1.000000000000000000e+04
0.497965 1.000000000000000000e+04
0.500431 1.000000000000000000e+04
0.502898 1.000000000000000000e+04
0.505364 1.000000000000000000e+04
0.50783 1.000000000000000000e+04
0.510296 1.000000000000000000e+04
0.512761 1.000000000000000000e+04
0.515227 1.000000000000000000e+04
0.517693 1.000000000000000000e+04
0.520158 1.000000000000000000e+04
0.522624 1.000000000000000000e+04
0.525089 1.000000000000000000e+04
0.527554 1.000000000000000000e+04
0.530019 1.000000000000000000e+04
0.532976 1.000000000000000000e+04
0.53544 1.000000000000000000e+04
0.537904 1.000000000000000000e+04
0.540368 1.000000000000000000e+04
0.542831 1.000000000000000000e+04
0.545294 1.000000000000000000e+04
0.547757 1.000000000000000000e+04
0.55022 1.000000000000000000e+04
0.552682 1.000000000000000000e+04
0.555143 1.000000000000000000e+04
0.557605 1.000000000000000000e+04
0.560066 1.000000000000000000e+04
0.562527 1.000000000000000000e+04
0.56548 1.000000000000000000e+04
0.56794 1.000000000000000000e+04
0.5704 1.000000000000000000e+04
0.57286 1.000000000000000000e+04
0.57532 1.000000000000000000e+04
0.577779 1.000000000000000000e+04
0.580238 1.000000000000000000e+04
0.582696 1.000000000000000000e+04
0.585154 1.000000000000000000e+04
0.587611 1.000000000000000000e+04
0.590068 1.000000000000000000e+04
0.592525 1.000000000000000000e+04
0.595472 1.000000000000000000e+04
0.597928 1.000000000000000000e+04
0.600383 1.000000000000000000e+04
0.602838 1.000000000000000000e+04
0.605293 1.000000000000000000e+04
0.607747 1.000000000000000000e+04
0.6102 1.000000000000000000e+04
0.612653 1.000000000000000000e+04
0.615106 1.000000000000000000e+04
0.617558 1.000000000000000000e+04
0.62001 1.000000000000000000e+04
0.622952 1.000000000000000000e+04
0.625403 1.000000000000000000e+04
0.627854 1.000000000000000000e+04
0.630304 1.000000000000000000e+04
0.632754 1.000000000000000000e+04
0.635204 1.000000000000000000e+04
0.637652 1.000000000000000000e+04
0.640101 1.000000000000000000e+04
0.642549 1.000000000000000000e+04
0.645486 1.000000000000000000e+04
0.647933 1.000000000000000000e+04
0.650379 1.000000000000000000e+04
0.652825 1.000000000000000000e+04
0.65527 1.000000000000000000e+04
0.657715 1.000000000000000000e+04
0.660159 1.000000000000000000e+04
0.662603 1.000000000000000000e+04
0.665047 1.000000000000000000e+04
0.667978 1.000000000000000000e+04
0.67042 1.000000000000000000e+04
0.672862 1.000000000000000000e+04
0.675304 1.000000000000000000e+04
0.677745 1.000000000000000000e+04
0.680185 1.000000000000000000e+04
0.682625 1.000000000000000000e+04
0.685064 1.000000000000000000e+04
0.687503 1.000000000000000000e+04
0.690429 1.000000000000000000e+04
0.692867 1.000000000000000000e+04
0.695304 1.000000000000000000e+04
0.697741 1.000000000000000000e+04
0.700177 1.000000000000000000e+04
0.702612 1.000000000000000000e+04
0.705047 1.000000000000000000e+04
0.707968 1.000000000000000000e+04
0.710402 1.000000000000000000e+04
0.712835 1.000000000000000000e+04
0.715267 1.000000000000000000e+04
0.7177 1.000000000000000000e+04
0.720131 1.000000000000000000e+04
0.722562 1.000000000000000000e+04
0.725477 1.000000000000000000e+04
0.727907 1.000000000000000000e+04
0.730336 1.000000000000000000e+04
0.732764 1.000000000000000000e+04
0.735192 1.000000000000000000e+04
0.737619 1.000000000000000000e+04
0.740045 1.000000000000000000e+04
0.742957 1.000000000000000000e+04
0.745382 1.000000000000000000e+04
0.747807 1.000000000000000000e+04
0.75023 1.000000000000000000e+04
0.752654 1.000000000000000000e+04
0.755076 1.000000000000000000e+04
0.757982 1.000000000000000000e+04
0.760403 1.000000000000000000e+04
0.762822 1.000000000000000000e+04
0.765241 1.000000000000000000e+04
0.767658 1.000000000000000000e+04
0.770075 1.000000000000000000e+04
0.772973 1.000000000000000000e+04
0.775388 1.000000000000000000e+04
0.777801 1.000000000000000000e+04
0.780214 1.000000000000000000e+04
0.782625 1.000000000000000000e+04
0.785035 1.000000000000000000e+04
0.787926 1.000000000000000000e+04
0.790334 1.000000000000000000e+04
0.792739 1.000000000000000000e+04
0.795145 1.000000000000000000e+04
0.797548 1.000000000000000000e+04
0.800431 1.000000000000000000e+04
0.802831 1.000000000000000000e+04
0.805231 1.000000000000000000e+04
0.807629 1.000000000000000000e+04
0.810027 1.000000000000000000e+04
0.812902 1.000000000000000000e+04
0.815296 1.000000000000000000e+04
0.817689 1.000000000000000000e+04
0.820081 1.000000000000000000e+04
0.82295 1.000000000000000000e+04
0.825339 1.000000000000000000e+04
0.827728 1.000000000000000000e+04
0.830115 1.000000000000000000e+04
0.832501 1.000000000000000000e+04
0.835362 1.000000000000000000e+04
0.837745 1.000000000000000000e+04
0.840127 1.000000000000000000e+04
0.842508 1.000000000000000000e+04
0.845363 1.000000000000000000e+04
0.847741 1.000000000000000000e+04
0.850117 1.000000000000000000e+04
0.852968 1.000000000000000000e+04
0.855342 1.000000000000000000e+04
0.857715 1.000000000000000000e+04
0.860086 1.000000000000000000e+04
0.86293 1.000000000000000000e+04
0.865299 1.000000000000000000e+04
0.867666 1.000000000000000000e+04
0.870033 1.000000000000000000e+04
0.872871 1.000000000000000000e+04
0.875235 1.000000000000000000e+04
0.877597 1.000000000000000000e+04
0.880431 1.000000000000000000e+04
0.882791 1.000000000000000000e+04
0.88515 1.000000000000000000e+04
0.887508 1.000000000000000000e+04
0.890336 1.000000000000000000e+04
0.892691 1.000000000000000000e+04
0.895046 1.000000000000000000e+04
0.897869 1.000000000000000000e+04
0.900221 1.000000000000000000e+04
0.902572 1.000000000000000000e+04
0.905391 1.000000000000000000e+04
0.907739 1.000000000000000000e+04
0.910086 1.000000000000000000e+04
0.912901 1.000000000000000000e+04
0.915245 1.000000000000000000e+04
0.917589 1.000000000000000000e+04
0.920399 1.000000000000000000e+04
0.922741 1.000000000000000000e+04
0.92508 1.000000000000000000e+04
0.927887 1.000000000000000000e+04
0.930224 1.000000000000000000e+04
0.932562 1.000000000000000000e+04
0.935364 1.000000000000000000e+04
0.937699 1.000000000000000000e+04
0.940032 1.000000000000000000e+04
0.94283 1.000000000000000000e+04
0.945161 1.000000000000000000e+04
0.947956 1.000000000000000000e+04
0.950285 1.000000000000000000e+04
0.952612 1.000000000000000000e+04
0.955404 1.000000000000000000e+04
0.957728 1.000000000000000000e+04
0.960052 1.000000000000000000e+04
0.962839 2.000000000000000000e+02
0.965161 2.000000000000000000e+02
0.967945 1.000000000000000000e+04
0.970264 1.000000000000000000e+04
0.972582 1.000000000000000000e+04
0.975363 1.000000000000000000e+04
0.977678 1.000000000000000000e+04
0.980456 1.000000000000000000e+04
0.98277 1.000000000000000000e+04
0.985082 1.000000000000000000e+04
0.987856 1.000000000000000000e+04
0.990166 1.707907712101347570e+05
0.992938 2.201935648691931856e+05
0.995245 8.710012892795747030e+04
0.997553 3.564111083648689673e+05
1.00032 1.453533994851798052e+05
1.00262 9.027007086612712010e+04
1.00539 5.941037049506844050e+04
1.00769 4.539304608024928893e+04
1.01045 3.583848985081299907e+04
1.01275 3.120504726404582107e+04
1.01505 2.823960648483780824e+04
1.01781 2.593928008337648498e+04
1.02011 2.462293917978139507e+04
1.02286 2.345031623290287826e+04
1.02516 2.269144479296996360e+04
1.02791 2.198356864466742627e+04
1.0302 2.151742667809312843e+04
1.03295 2.104057555117925949e+04
1.03524 2.068529343902262190e+04
1.03753 2.036371659315413126e+04
1.04027 2.002222579300023790e+04
1.04256 1.976978005922399461e+04
1.0453 1.949555797368572166e+04
1.04759 1.928553352523917420e+04
1.05033 1.905257289842991304e+04
1.05261 1.887232442382118825e+04
1.05535 1.867064649659283168e+04
1.05763 1.851384914121413749e+04
1.06036 1.833939289719551743e+04
1.06264 1.820544101248648076e+04
1.06537 1.805811643298887429e+04
1.06765 1.794552205738558769e+04
1.07038 1.782111313514662106e+04
1.07265 1.772523813206771592e+04
1.07538 1.761811229310943963e+04
1.07765 1.753456185337595525e+04
1.08038 1.744009456322308688e+04
1.08264 1.736562443463012460e+04
1.08537 1.728069490794257217e+04
1.08763 1.721327990628673797e+04
1.09035 1.713612656854773741e+04
1.09262 1.707487029759827055e+04
1.09533 1.700503453349546544e+04
1.0976 1.694993491161124985e+04
1.10031 1.688760215266459636e+04
1.10257 1.683875045342088924e+04
1.10528 1.678371150816064619e+04
1.10754 1.674055869953537331e+04
1.11025 1.669164350432572974e+04
1.1125 1.665287689605166452e+04
1.11521 1.660825615816854770e+04
1.11791 1.656518380092877123e+04
1.12017 1.653010742508190015e+04
1.12287 1.648866883842828611e+04
1.12512 1.645446098775137216e+04
1.12782 1.641367801345813132e+04
1.13007 1.637985700583591642e+04
1.13276 1.633961543708958379e+04
1.13501 1.630660807812970779e+04
1.1377 1.626782374462535518e+04
1.14039 1.623008743160514132e+04
1.14264 1.619955789556867603e+04
1.14533 1.616418167086253743e+04
1.14757 1.613582336083252630e+04
1.15025 1.610322979577036131e+04
1.15294 1.607216427216320699e+04
1.15518 1.604735929739210223e+04
1.15786 1.601866104047215413e+04
1.1601 1.599536903657117000e+04
1.16278 1.596771532517664491e+04
1.16501 1.594448131921576896e+04
1.16769 1.591580416180081193e+04
1.17036 1.588567711113655969e+04
1.17259 1.585924057186738719e+04
1.17526 1.582605879696210286e+04
1.17794 1.579193969848221968e+04
1.18017 1.576382031102581277e+04
1.18284 1.573191946069915321e+04
1.18507 1.570857051617444449e+04
1.18775 1.568684133876580745e+04
1.19043 1.567487031987548289e+04
1.19267 1.567395727878856633e+04
1.19535 1.568514573641548850e+04
1.19758 1.570537722173017937e+04
1.20027 1.574349524269403446e+04
1.2025 1.578724729669898989e+04
1.20519 1.585490812401272888e+04
1.20788 1.594078583628591150e+04
1.21012 1.602846584067711046e+04
1.21281 1.615722261309072019e+04
1.21505 1.628846959786878870e+04
1.21774 1.648182170760056033e+04
1.22043 1.672319645331928768e+04
1.22268 1.696754570393832546e+04
1.22537 1.731525602527741285e+04
1.22762 1.764126673241561366e+04
1.23032 1.804015613036110881e+04
1.23257 1.833104548340343536e+04
1.23527 1.856063357707304021e+04
1.23752 1.860918486057950213e+04
1.24022 1.847183392370143702e+04
1.24292 1.812962337750738516e+04
1.24517 1.771115786071756884e+04
1.24788 1.708645358229638805e+04
1.25013 1.649232129444024395e+04
1.25284 1.572514622143355155e+04
1.2551 1.506258123623295614e+04
1.25781 1.425652452143752089e+04
1.26007 1.358899436928623072e+04
1.26278 1.280532714257004955e+04
1.26504 1.217786727086557403e+04
1.26776 1.145675685951536434e+04
1.27002 1.088170168704611206e+04
1.27274 1.021894370270659056e+04
1.275 9.687939402442378196e+03
1.27772 9.073130262016175038e+03
1.28044 8.479134860482519798e+03
1.28271 7.996547852194366897e+03
1.28543 7.430500903613196897e+03
1.2877 6.963587508006546159e+03
1.29043 6.402424249431381213e+03
1.2927 5.947503127720971861e+03
1.29543 5.359692900898149674e+03
1.2977 4.857058593546924385e+03
1.30043 4.258612816844755798e+03
1.30271 3.829047541282115617e+03
1.30544 3.386201633801588287e+03
1.30772 3.077777300379048029e+03
1.31045 2.782461839753131244e+03
1.31273 2.596842585594798948e+03
1.31501 2.463936264115528957e+03
1.31775 2.366949630951222389e+03
1.32003 2.328456086138072351e+03
1.32277 2.313094661851819637e+03
1.32506 2.302269247297245329e+03
1.3278 2.248162562066665487e+03
1.33008 2.121857255051724223e+03
1.33283 1.794450759547046118e+03
1.33512 1.299949196323417937e+03
1.33786 3.378348021016766438e+02
1.34015 2.000000000000000000e+02
1.3429 2.000000000000000000e+02
1.34519 2.000000000000000000e+02
1.34794 2.000000000000000000e+02
1.35024 2.000000000000000000e+02
1.35253 2.000000000000000000e+02
1.35528 2.000000000000000000e+02
1.35758 2.000000000000000000e+02
1.36033 2.000000000000000000e+02
1.36263 2.000000000000000000e+02
1.36539 2.000000000000000000e+02
1.36769 2.000000000000000000e+02
1.37045 2.000000000000000000e+02
1.37275 2.000000000000000000e+02
1.37505 2.000000000000000000e+02
1.37781 2.000000000000000000e+02
1.38012 1.849432969931942807e+03
1.38288 8.342289474716051700e+03
1.38518 1.375705812883565886e+04
1.38795 1.954912007708281453e+04
1.39026 2.313308584056085238e+04
1.39256 2.516806002784592056e+04
1.39533 2.567538209621288115e+04
1.39764 2.497470876619955379e+04
1.40041 2.349595915848530421e+04
1.40272 2.215927016982858913e+04
1.40504 2.096872158218650293e+04
1.40781 1.988646930881142907e+04
1.41012 1.931487783373194907e+04
1.4129 1.900935105452963398e+04
1.41521 1.902968036030968506e+04
1.41753 1.924744511157775560e+04
1.42031 1.968914197077303834e+04
1.42262 2.013783967808817761e+04
1.4254 2.068914760172619935e+04
1.42772 2.110659370955569102e+04
1.43004 2.145598855797399665e+04
1.43283 2.177507374218471523e+04
1.43515 2.196920631015345862e+04
1.43793 2.214809306026830382e+04
1.44025 2.228035275047692994e+04
1.44258 2.241872934757094117e+04
1.44536 2.260733980012364918e+04
1.44769 2.278522355331907966e+04
1.45001 2.297422480489765076e+04
1.4528 2.320137664691626196e+04
1.45513 2.338108742736647400e+04
1.45792 2.357362472129675371e+04
1.46025 2.371775353510025889e+04
1.46258 2.384912608465282392e+04
1.46538 2.400857025815785164e+04
1.46771 2.414183309703091072e+04
1.47004 2.427273922324207160e+04
1.47284 2.441897546572797000e+04
1.47517 2.452979705271325292e+04
1.4775 2.463287385484387778e+04
1.48031 2.475130161973294526e+04
1.48264 2.485147400522289536e+04
1.48545 2.498068553335069009e+04
1.48779 2.509880851086343682e+04
1.49013 2.522478768919618233e+04
1.49293 2.537877122978767875e+04
1.49528 2.550251815343576527e+04
1.49762 2.561864180197951282e+04
1.50043 2.574933582614521947e+04
1.50278 2.585566927994327125e+04
1.50513 2.596457510009456018e+04
1.50794 2.610323002623711727e+04
1.5103 2.622631955311774800e+04
1.51265 2.635480259697210931e+04
1.515 2.648592327771273631e+04
1.51783 2.664469431150097807e+04
1.52019 2.677803208577871555e+04
1.52255 2.691425721945417899e+04
1.52538 2.708597001792435549e+04
1.52775 2.724210198213747572e+04
1.53012 2.741314523238172842e+04
1.53297 2.764344173990863419e+04
1.53534 2.785911081097320130e+04
1.53772 2.810069534860761269e+04
1.5401 2.837488346454142811e+04
1.54297 2.875193034744897886e+04
1.54536 2.912956025510422478e+04
1.54775 2.957388824536735046e+04
1.55015 3.011346493221592391e+04
1.55255 3.081779904728497422e+04
1.55544 3.191710090239503552e+04
1.55785 3.322905539436280378e+04
1.56027 3.480478730370113772e+04
1.56269 3.767249873770778504e+04
1.56512 4.206363008719500795e+04
1.56755 5.858642602595636708e+04
1.57048 2.834355365192483878e+05
1.57293 1.000000000000000000e+04
1.57538 1.000000000000000000e+04
1.57784 1.000000000000000000e+04
1.58031 1.000000000000000000e+04
1.58278 1.000000000000000000e+04
1.58526 1.000000000000000000e+04
1.58775 1.000000000000000000e+04
1.59024 1.000000000000000000e+04
1.59274 1.000000000000000000e+04
1.59524 1.000000000000000000e+04
1.59776 1.000000000000000000e+04
1.60028 1.000000000000000000e+04
1.60281 1.000000000000000000e+04
1.60534 1.000000000000000000e+04
1.60789 1.000000000000000000e+04
1.61044 1.000000000000000000e+04
1.613 1.000000000000000000e+04
1.61505 1.000000000000000000e+04
1.61763 1.000000000000000000e+04
1.62021 1.000000000000000000e+04
1.62281 1.000000000000000000e+04
1.62541 1.000000000000000000e+04
1.6275 1.000000000000000000e+04
1.63012 2.000000000000000000e+02
1.63275 2.000000000000000000e+02
1.63539 2.000000000000000000e+02
1.6375 1.000000000000000000e+04
1.64016 1.000000000000000000e+04
1.64282 1.000000000000000000e+04
1.6455 1.000000000000000000e+04
1.64764 1.000000000000000000e+04
1.65034 1.000000000000000000e+04
1.65304 1.000000000000000000e+04
1.65521 1.000000000000000000e+04
1.65793 1.000000000000000000e+04
1.66011 1.000000000000000000e+04
1.66285 1.000000000000000000e+04
1.66505 1.000000000000000000e+04
1.6678 1.000000000000000000e+04
1.67001 1.000000000000000000e+04
1.67278 1.000000000000000000e+04
1.675 1.000000000000000000e+04
1.67779 1.000000000000000000e+04
1.68002 1.000000000000000000e+04
1.68282 1.000000000000000000e+04
1.68506 1.000000000000000000e+04
1.68788 1.000000000000000000e+04
1.69013 1.000000000000000000e+04
1.69296 1.000000000000000000e+04
1.69523 1.000000000000000000e+04
1.69807 1.000000000000000000e+04
1.70035 1.000000000000000000e+04
1.70263 1.000000000000000000e+04
1.7055 1.000000000000000000e+04
1.7078 1.000000000000000000e+04
1.7101 1.000000000000000000e+04
1.71299 1.000000000000000000e+04
1.7153 1.000000000000000000e+04
1.71763 1.000000000000000000e+04
1.72054 1.000000000000000000e+04
1.72287 1.000000000000000000e+04
1.72521 1.000000000000000000e+04
1.72756 1.000000000000000000e+04
1.7305 1.000000000000000000e+04
1.73285 1.000000000000000000e+04
1.7352 1.000000000000000000e+04
1.73755 1.000000000000000000e+04
1.74038 1.000000000000000000e+04
1.74265 1.000000000000000000e+04
1.74536 1.000000000000000000e+04
1.74803 1.000000000000000000e+04
1.7502 1.000000000000000000e+04
1.75291 1.000000000000000000e+04
1.75507 1.000000000000000000e+04
1.75774 1.000000000000000000e+04
1.76038 1.000000000000000000e+04
1.76298 1.000000000000000000e+04
1.76506 1.000000000000000000e+04
1.76768 1.000000000000000000e+04
1.77029 1.000000000000000000e+04
1.7729 1.000000000000000000e+04
1.77551 1.000000000000000000e+04
1.77758 1.000000000000000000e+04
1.78018 1.000000000000000000e+04
1.78281 1.000000000000000000e+04
1.78543 1.000000000000000000e+04
1.7875 1.000000000000000000e+04
1.7901 1.000000000000000000e+04
1.79275 1.000000000000000000e+04
1.79542 1.000000000000000000e+04
1.79754 1.000000000000000000e+04
1.80017 1.000000000000000000e+04
1.8028 1.000000000000000000e+04
1.80542 1.000000000000000000e+04
1.80752 1.000000000000000000e+04
1.81016 1.000000000000000000e+04
1.81279 1.000000000000000000e+04
1.81541 1.000000000000000000e+04
1.81751 1.000000000000000000e+04
1.82013 1.000000000000000000e+04
1.82276 1.000000000000000000e+04
1.82544 1.000000000000000000e+04
1.82759 1.000000000000000000e+04
1.83023 1.000000000000000000e+04
1.83288 1.000000000000000000e+04
1.83501 1.000000000000000000e+04
1.83768 1.000000000000000000e+04
1.84033 1.000000000000000000e+04
1.84297 1.000000000000000000e+04
1.84508 1.000000000000000000e+04
1.84771 1.000000000000000000e+04
1.85038 1.000000000000000000e+04
1.85253 1.000000000000000000e+04
1.85521 1.000000000000000000e+04
1.85789 1.000000000000000000e+04
1.86004 1.000000000000000000e+04
1.86273 1.000000000000000000e+04
1.86542 1.000000000000000000e+04
1.86754 1.000000000000000000e+04
1.8702 1.000000000000000000e+04
1.8729 1.000000000000000000e+04
1.87506 1.000000000000000000e+04
1.87775 1.000000000000000000e+04
1.88044 1.000000000000000000e+04
1.88259 1.000000000000000000e+04
1.88528 1.000000000000000000e+04
1.88798 1.000000000000000000e+04
1.89014 1.000000000000000000e+04
1.89283 1.000000000000000000e+04
1.89551 1.000000000000000000e+04
1.89765 1.000000000000000000e+04
1.90034 1.000000000000000000e+04
1.90302 1.000000000000000000e+04
1.90518 1.000000000000000000e+04
1.90787 1.000000000000000000e+04
1.91051 1.000000000000000000e+04
1.91263 1.000000000000000000e+04
1.91533 1.000000000000000000e+04
1.91803 1.000000000000000000e+04
1.92019 1.000000000000000000e+04
1.92288 1.000000000000000000e+04
1.92506 1.000000000000000000e+04
1.9278 1.000000000000000000e+04
1.93051 1.000000000000000000e+04
1.93263 1.000000000000000000e+04
1.9353 1.000000000000000000e+04
1.93798 1.000000000000000000e+04
1.94012 1.000000000000000000e+04
1.9428 1.000000000000000000e+04
1.94548 1.000000000000000000e+04
1.94764 1.000000000000000000e+04
1.95033 1.000000000000000000e+04
1.9525 1.000000000000000000e+04
1.95522 1.000000000000000000e+04
1.95793 1.000000000000000000e+04
1.96008 1.000000000000000000e+04
1.96278 1.000000000000000000e+04
1.96548 1.000000000000000000e+04
1.96763 1.000000000000000000e+04
1.9703 1.000000000000000000e+04
1.97298 1.000000000000000000e+04
1.97513 1.000000000000000000e+04
1.97782 1.000000000000000000e+04
1.9805 1.000000000000000000e+04
1.98264 1.000000000000000000e+04
1.98533 1.000000000000000000e+04
1.98801 1.000000000000000000e+04
1.99016 1.000000000000000000e+04
1.99285 1.000000000000000000e+04
1.995 1.000000000000000000e+04
1.9977 1.000000000000000000e+04
2.00039 1.000000000000000000e+04
2.00253 1.000000000000000000e+04
2.00521 1.000000000000000000e+04
2.00793 1.000000000000000000e+04
2.0101 1.000000000000000000e+04
2.0128 1.000000000000000000e+04
2.0155 1.000000000000000000e+04
2.01765 1.000000000000000000e+04
2.02033 1.000000000000000000e+04
2.02304 1.000000000000000000e+04
2.02521 1.000000000000000000e+04
2.02792 1.000000000000000000e+04
2.03009 1.000000000000000000e+04
2.03279 1.000000000000000000e+04
2.03549 1.000000000000000000e+04
2.03765 1.000000000000000000e+04
2.04033 1.000000000000000000e+04
2.04303 1.000000000000000000e+04
2.0452 1.000000000000000000e+04
2.04791 1.000000000000000000e+04
2.05008 1.000000000000000000e+04
2.0528 1.000000000000000000e+04
2.0555 1.000000000000000000e+04
2.05766 1.000000000000000000e+04
2.06037 1.000000000000000000e+04
2.06254 1.000000000000000000e+04
2.06525 1.000000000000000000e+04
2.06795 1.000000000000000000e+04
2.07011 1.000000000000000000e+04
2.07281 1.000000000000000000e+04
2.07552 1.000000000000000000e+04
2.07767 1.000000000000000000e+04
2.08036 1.000000000000000000e+04
2.08257 1.000000000000000000e+04
2.08533 1.000000000000000000e+04
2.08751 1.000000000000000000e+04
2.09022 1.000000000000000000e+04
2.09292 1.000000000000000000e+04
2.09508 1.000000000000000000e+04
2.09778 1.000000000000000000e+04
2.10048 1.000000000000000000e+04
2.10263 1.000000000000000000e+04
2.10533 1.000000000000000000e+04
2.10803 1.000000000000000000e+04
2.1102 1.000000000000000000e+04
2.11292 1.000000000000000000e+04
2.1151 1.000000000000000000e+04
2.11782 1.000000000000000000e+04
2.12053 1.000000000000000000e+04
2.12271 1.000000000000000000e+04
2.12542 1.000000000000000000e+04
2.12758 1.000000000000000000e+04
2.13028 1.000000000000000000e+04
2.13298 1.000000000000000000e+04
2.13514 1.000000000000000000e+04
2.13785 1.000000000000000000e+04
2.14002 1.000000000000000000e+04
2.14273 1.000000000000000000e+04
2.14543 1.000000000000000000e+04
2.1476 1.000000000000000000e+04
2.1503 1.000000000000000000e+04
2.153 1.000000000000000000e+04
2.15516 1.000000000000000000e+04
2.15786 1.000000000000000000e+04
2.16001 1.000000000000000000e+04
2.16271 1.000000000000000000e+04
2.16541 1.000000000000000000e+04
2.16758 1.000000000000000000e+04
2.17027 1.000000000000000000e+04
2.17297 1.000000000000000000e+04
2.17513 2.000000000000000000e+02
2.17784 2.000000000000000000e+02
2.1805 2.000000000000000000e+02
2.18263 2.000000000000000000e+02
2.18535 2.000000000000000000e+02
2.18754 2.000000000000000000e+02
2.19025 2.000000000000000000e+02
2.19296 2.000000000000000000e+02
2.19514 2.000000000000000000e+02
2.19787 2.000000000000000000e+02
2.20005 2.000000000000000000e+02
2.20272 2.000000000000000000e+02
2.20539 1.000000000000000000e+04
2.20753 2.000000000000000000e+02
2.21021 2.000000000000000000e+02
2.2129 2.000000000000000000e+02
2.21505 2.000000000000000000e+02
2.21773 2.000000000000000000e+02
2.22041 2.000000000000000000e+02
2.22257 4.956414101080378896e+04
2.22528 1.398106533233125811e+05
2.22797 1.120267888947070060e+04
2.23011 2.000000000000000000e+02
2.23279 5.000000000000000000e+05
2.23547 5.000000000000000000e+05
2.23763 5.000000000000000000e+05
2.24034 5.000000000000000000e+05
2.2425 5.000000000000000000e+05
2.24521 5.000000000000000000e+05
2.24791 7.398042770182623644e+04
2.25005 4.339258536400048615e+04
2.25272 2.848167906607553596e+04
2.2554 1.751129917214767920e+04
2.25754 7.967836403264019282e+03
2.26025 2.000000000000000000e+02
2.26297 2.000000000000000000e+02
2.26513 2.000000000000000000e+02
2.26782 3.768916687250485847e+04
2.2705 2.640332522795648038e+04
2.27264 2.221809314351887224e+04
2.27532 1.912692604515161656e+04
2.27801 1.763944050343714480e+04
2.28017 2.475959582360282366e+04
2.2829 2.549685349115273129e+04
2.28508 2.358575205821008785e+04
2.28777 2.059195254395273878e+04
2.29045 1.841856125867614901e+04
2.29259 1.713757954384998084e+04
2.29527 1.556472875282910900e+04
2.29797 1.698897328174888025e+04
2.30014 1.725766797950794717e+04
2.30283 1.591101303486325378e+04
2.30552 1.421034623175030902e+04
2.30767 1.289736680019525011e+04
2.31036 1.149464546057706139e+04
2.31252 9.078985845515026085e+03
2.31523 6.762813820875584497e+03
2.31794 5.063203654743969309e+03
2.3201 4.709321315212151603e+03
2.32281 4.364841790668977410e+03
2.32552 4.140664982513309951e+03
2.32767 3.731179297703437442e+03
2.3304 2.907665923242361714e+03
2.33259 2.553818672526078899e+03
2.33532 2.632346092907664115e+03
2.33802 2.778591734405296393e+03
2.34019 2.841985076484342244e+03
2.3429 2.799843291191789831e+03
2.34507 2.661090080579337155e+03
2.34778 2.298388106905664245e+03
2.35049 1.800496630107219744e+03
2.35264 1.372276394513149171e+03
2.35534 9.668175502800836512e+02
2.35803 6.640317491034331852e+02
2.36018 4.450815304661504115e+02
2.36288 2.000000000000000000e+02
2.36503 2.000000000000000000e+02
2.36775 2.000000000000000000e+02
2.37051 2.000000000000000000e+02
2.3727 2.000000000000000000e+02
2.3754 2.000000000000000000e+02
2.37756 2.000000000000000000e+02
2.38029 2.000000000000000000e+02
2.38301 2.000000000000000000e+02
2.38521 2.000000000000000000e+02
2.38795 2.000000000000000000e+02
2.39012 2.000000000000000000e+02
2.39282 2.000000000000000000e+02
2.39501 2.000000000000000000e+02
2.39777 2.000000000000000000e+02
2.40051 2.000000000000000000e+02
2.40267 2.000000000000000000e+02
2.40538 2.000000000000000000e+02
2.40755 2.000000000000000000e+02
2.41027 2.000000000000000000e+02
2.41298 2.000000000000000000e+02
2.41515 2.000000000000000000e+02
2.41786 2.000000000000000000e+02
2.42003 2.235788491097493704e+02
2.42276 2.971029711824913306e+02
2.4255 3.503198227820536204e+02
2.42768 3.624314833382287588e+02
2.43039 3.667875257357000010e+02
2.43256 3.837510033991330829e+02
2.4353 4.169438627518904923e+02
2.43805 4.717858256935738837e+02
2.44024 5.281103146206587553e+02
2.44299 6.038094787091638409e+02
2.44516 6.569337023196932250e+02
2.44787 7.120698267758991733e+02
2.45007 7.554314897430297151e+02
2.45283 8.248859148430996129e+02
2.45502 8.973044531816043445e+02
2.45773 1.005511792309582233e+03
2.46047 1.120543438993275004e+03
2.46268 1.212241767039904744e+03
2.46544 1.311513402886067752e+03
2.46762 1.367850794412171808e+03
2.47035 1.407731359240694474e+03
2.47255 1.412907433952562997e+03
2.4753 1.407503502385786305e+03
2.47804 1.405659372668378865e+03
2.48023 1.407710047011621782e+03
2.48296 1.426686932769150417e+03
2.48515 1.457124196500326207e+03
2.48788 1.509578226306093711e+03
2.49007 1.555157827944733526e+03
2.49282 1.606286340388541021e+03
2.49502 1.644823188613956972e+03
2.49777 1.698454990163755838e+03
2.50051 1.767630761535169768e+03
2.5027 1.833704440553505492e+03
2.50543 1.919985500413757336e+03
2.50761 1.990683760353220805e+03
2.51033 2.084785386040663525e+03
2.51252 2.167585825276441483e+03
2.51525 2.281464518181573567e+03
2.51799 2.405517128088893514e+03
2.52018 2.511215658364865249e+03
2.52293 2.651603640395144794e+03
2.52512 2.770283060039059364e+03
2.52787 2.925421398926430811e+03
2.53007 3.038376388384434904e+03
2.5328 3.164320015361532569e+03
2.53554 3.276924659218639135e+03
2.53771 3.361486765071917034e+03
2.54043 3.469679946118583302e+03
2.54261 3.557768804688770615e+03
2.54534 3.661605278498946973e+03
2.54752 3.738065882428549230e+03
2.55023 3.821240931424574683e+03
2.55296 3.894445836266670085e+03
2.55515 3.945298902381426615e+03
2.5579 4.005210510968970993e+03
2.56008 4.054724018632529805e+03
2.5628 4.123815586657502536e+03
2.56553 4.202670340653676249e+03
2.5677 4.271257350323196079e+03
2.57042 4.360352933233985823e+03
2.5726 4.427802404836393180e+03
2.57532 4.502957536182413605e+03
2.57751 4.555695778231734039e+03
2.58024 4.615989822488063510e+03
2.58297 4.675840065675190090e+03
2.58516 4.720600556819007579e+03
2.58792 4.768124009663310972e+03
2.59014 4.799683626516913137e+03
2.59288 4.835389736271917172e+03
2.59507 4.864980390201059890e+03
2.5978 4.900826657075029289e+03
2.60054 4.936787666021177756e+03
2.60273 4.968496884214978309e+03
2.60547 5.018900974625076742e+03
2.60767 5.067125194748385184e+03
2.61042 5.130731668665050165e+03
2.61262 5.179632373074260613e+03
2.61538 5.234966410884180732e+03
2.61759 5.273930223591577487e+03
2.62033 5.317409153987963691e+03
2.62252 5.350234020669896381e+03
2.62527 5.391311487069448958e+03
2.62804 5.433600536137269955e+03
2.63024 5.466611144400345438e+03
2.63298 5.504394945678373006e+03
2.63517 5.532087843699070618e+03
2.63792 5.565033586920812013e+03
2.64013 5.591110556794020340e+03
2.64287 5.622549028960176656e+03
2.64506 5.646118465053180444e+03
2.64782 5.674973037614773602e+03
2.65003 5.700160780963177785e+03
2.65279 5.736439422001226376e+03
2.65552 5.775934586129652416e+03
2.65772 5.806733794755135932e+03
2.66046 5.841068625140648692e+03
2.66266 5.864807434011751866e+03
2.66539 5.891470262963491223e+03
2.66758 5.911606999877649287e+03
2.67032 5.934985991907257812e+03
2.6725 5.951278612990362490e+03
2.67526 5.968484198670714250e+03
2.67801 5.983762233481049407e+03
2.68021 5.995839198684582698e+03
2.68296 6.010866939764780000e+03
2.68516 6.022567979523816575e+03
2.68792 6.037564194932149803e+03
2.69013 6.051088831213016419e+03
2.69287 6.070417925206179461e+03
2.69506 6.086601337678157506e+03
2.69782 6.104753736225219654e+03
2.70003 6.115706709397526538e+03
2.70278 6.124844071016933412e+03
2.70553 6.131340984266179476e+03
2.70773 6.136712226260860007e+03
2.71048 6.144906560507865834e+03
2.7127 6.152172368862929034e+03
2.71549 6.161059182567187236e+03
2.71772 6.167861118046232150e+03
2.72047 6.176399544534846427e+03
2.72267 6.183606283852592242e+03
2.72541 6.192741558035405433e+03
2.72761 6.200116163643243453e+03
2.73035 6.210548804580878823e+03
2.73254 6.221170101078178959e+03
2.73528 6.237802913205698133e+03
2.73802 6.256157345570241887e+03
2.74021 6.269665728467946792e+03
2.74296 6.282874141838998185e+03
2.74517 6.290366554246642409e+03
2.74792 6.297359968122405007e+03
2.75013 6.303093160867882034e+03
2.75287 6.312275629167611442e+03
2.75506 6.321329328335296850e+03
2.75779 6.333459291803029373e+03
2.76052 6.345017728328919475e+03
2.76272 6.353446700912518281e+03
2.76547 6.362866788769427330e+03
2.76767 6.369235405031901792e+03
2.77042 6.375138503182082786e+03
2.77263 6.378224663883209359e+03
2.7754 6.381135677679823857e+03
2.77761 6.383681840095860025e+03
2.78038 6.387031711728908704e+03
2.78259 6.388433609819971025e+03
2.78534 6.386586091826431584e+03
2.78754 6.382295399496976643e+03
2.79029 6.375868660412872487e+03
2.79304 6.370985072586470778e+03
2.79523 6.369244248977671305e+03
2.79796 6.369087752868731513e+03
2.80014 6.369195692602807867e+03
2.80289 6.368203984760583808e+03
2.80509 6.366236307325749294e+03
2.80783 6.362365519930464870e+03
2.81002 6.358233918200557127e+03
2.81277 6.352460768279643162e+03
2.81552 6.347440007873882678e+03
2.81773 6.344439633817363756e+03
2.82049 6.340764915107940396e+03
2.8227 6.336140336820497396e+03
2.82547 6.326367496985727485e+03
2.82767 6.315421264919428722e+03
2.83041 6.299818430325111876e+03
2.8326 6.287739021084486012e+03
2.83536 6.275299294169920358e+03
2.83756 6.268647998938623459e+03
2.84032 6.264725449371223476e+03
2.84252 6.263867064486520576e+03
2.84528 6.263247050318079346e+03
2.84804 6.261185977682901466e+03
2.85024 6.258275772248681278e+03
2.853 6.252974563557009787e+03
2.85521 6.247451940375428421e+03
2.85798 6.239839310388008926e+03
2.86019 6.234222459517682182e+03
2.86295 6.228143064067292471e+03
2.86515 6.223076411270226345e+03
2.8679 6.214907184916883125e+03
2.87011 6.206492063576808505e+03
2.87286 6.194545773516480949e+03
2.87505 6.185115768469320756e+03
2.8778 6.175190658408145282e+03
2.88001 6.169674359348101461e+03
2.88277 6.166103819220827972e+03
2.88553 6.165341496765112424e+03
2.88774 6.165722897245285822e+03
2.89052 6.166259310903910773e+03
2.89274 6.166155371988406841e+03
2.89551 6.164965009388633916e+03
2.89772 6.163120786227142162e+03
2.90048 6.159980701848816352e+03
2.90268 6.157104811083860113e+03
2.90544 6.153257379862790003e+03
2.90765 6.149902748531112593e+03
2.91042 6.145170413559422741e+03
2.91264 6.140967956504950962e+03
2.91541 6.135649941066446445e+03
2.91762 6.131760492063390302e+03
2.92039 6.128241292957598489e+03
2.92261 6.127027308985376294e+03
2.92538 6.127677111638065071e+03
2.9276 6.129644780916352829e+03
2.93036 6.133238439744791322e+03
2.93257 6.136395760316854648e+03
2.93531 6.139817416048107589e+03
2.93751 6.141915896676504417e+03
2.94028 6.143683527492536086e+03
2.94305 6.144624318485268304e+03
2.94526 6.144956909195161643e+03
2.94801 6.145001846696512985e+03
2.95022 6.144776113792632714e+03
2.95299 6.144234541020738106e+03
2.95519 6.143780398377121855e+03
2.95795 6.143607427926590390e+03
2.96016 6.144026840700051252e+03
2.96293 6.145760025856133325e+03
2.96515 6.148284956819927174e+03
2.96791 6.152687455208422762e+03
2.97012 6.156909662434281927e+03
2.97288 6.162576284951005618e+03
2.97508 6.167100810297669341e+03
2.97785 6.172438658211786787e+03
2.98007 6.176291494584833345e+03
2.98285 6.180511289213115560e+03
2.98508 6.183447733242517643e+03
2.98787 6.186628397032784960e+03
2.99008 6.188786107172926677e+03
2.99285 6.190982985306889532e+03
2.99507 6.192362715500502418e+03
2.99785 6.193841536515105872e+03
3.00006 6.195184890213732615e+03
3.00281 6.197706500434698683e+03
3.00502 6.200830255367721293e+03
3.00778 6.206408675069324090e+03
3.01054 6.213725455808333209e+03
3.01275 6.220508883706818779e+03
3.01552 6.229643520928178987e+03
3.01776 6.237179513565312845e+03
3.02055 6.246437259919344797e+03
3.02277 6.253491047422115116e+03
3.02554 6.261890360301384135e+03
3.02776 6.268293134127599842e+03
3.03054 6.275920196000462965e+03
3.03276 6.281750402588993893e+03
3.03553 6.288818823203086140e+03
3.03774 6.294478381038667067e+03
3.04051 6.301922980415801248e+03
3.04272 6.308510260068811476e+03
3.04549 6.317908894632035299e+03
3.04771 6.326212623432063992e+03
3.05048 6.337280429091209044e+03
3.0527 6.346379296261721720e+03
3.05548 6.357620890691638124e+03
3.05771 6.366209859610773492e+03
3.06049 6.376162095035163475e+03
3.06271 6.383435608413500631e+03
3.06548 6.391751032905987813e+03
3.0677 6.397872926430323787e+03
3.07047 6.405004526863447609e+03
3.0727 6.410420533551452536e+03
3.07548 6.416937977783978567e+03
3.0777 6.422041540735138369e+03
3.08047 6.428485874809849520e+03
3.08269 6.433887877409704743e+03
3.08549 6.441160251978736596e+03
3.08772 6.447453957260061543e+03
3.0905 6.455879323100192778e+03
3.09272 6.462987283307509642e+03
3.09548 6.472044748189118764e+03
3.09769 6.479270108569795411e+03
3.10047 6.488076932702953854e+03
3.10269 6.494790669185730621e+03
3.10547 6.502688405358614546e+03
3.1077 6.508595233158781411e+03
3.11048 6.515476220951822143e+03
3.11269 6.520638716966725042e+03
3.11546 6.526810978196346696e+03
3.11768 6.531609228912334402e+03
3.12046 6.537501616723500774e+03
3.1227 6.542274625486359582e+03
3.1255 6.548467922424611061e+03
3.12772 6.553726998067484601e+03
3.13049 6.560914657848122260e+03
3.1327 6.567266702015096598e+03
3.13549 6.575933136514244325e+03
3.13771 6.583311184533178675e+03
3.14049 6.592850935808549366e+03
3.14272 6.600547444587143218e+03
3.14549 6.610005142257955413e+03
3.1477 6.617395623957976568e+03
3.15048 6.626401828414187548e+03
3.1527 6.633419937878847122e+03
3.15548 6.642018927438280116e+03
3.15771 6.648801983518024826e+03
3.16049 6.657200039149858640e+03
3.16271 6.663896984508977766e+03
3.16549 6.672351891860174874e+03
3.16771 6.679287447212143888e+03
3.17049 6.688321704339832650e+03
3.17273 6.695999280365565937e+03
3.17552 6.706199912566238709e+03
3.17775 6.714771886348245971e+03
3.18052 6.725912457028666722e+03
3.18274 6.735064952880574310e+03
3.18553 6.746591795073870344e+03
3.18776 6.755710534240668494e+03
3.19054 6.766842190748367102e+03
3.19277 6.775510155847606256e+03
3.195 6.784003213506502107e+03
3.1978 6.794343078120826249e+03
3.20002 6.802394814062600744e+03
3.2028 6.812282320561412234e+03
3.20502 6.820126687458119704e+03
3.20781 6.829935469092084531e+03
3.21003 6.837844288989018423e+03
3.21281 6.847897960569327552e+03
3.21503 6.856161983861253248e+03
3.21781 6.866853172652399735e+03
3.22004 6.875661345066622744e+03
3.22282 6.886917230522928548e+03
3.22505 6.896037756060774882e+03
3.22784 6.907494381558866735e+03
3.23007 6.916632961137363964e+03
3.23286 6.927950884445332122e+03
3.23509 6.936911701945444293e+03
3.23788 6.948028271272874008e+03
3.24011 6.956880416418855930e+03
3.24289 6.967943111525728455e+03
3.24512 6.976816808206243877e+03
3.2479 6.987994016604259741e+03
3.25014 6.997078336471739931e+03
3.25294 7.008680085202512601e+03
3.25517 7.018219896962986240e+03
3.25795 7.030580898785819954e+03
3.26018 7.040892181212799187e+03
3.26298 7.054297474027158387e+03
3.26521 7.065309165790438783e+03
3.268 7.079231961499182944e+03
3.27024 7.090337474217137242e+03
3.27303 7.103970129540213748e+03
3.27525 7.114606409845945564e+03
3.27804 7.127525762545279576e+03
3.28028 7.137536318513134574e+03
3.28251 7.147246963578944815e+03
3.2853 7.158982241853546839e+03
3.28753 7.168111350851491807e+03
3.29031 7.179293338285042410e+03
3.29255 7.188119521448841624e+03
3.29533 7.199109417663624299e+03
3.29756 7.207951273501349533e+03
3.30036 7.219189192440647275e+03
3.3026 7.228344298631740457e+03
3.3054 7.239929610900962871e+03
3.30763 7.249259828558119807e+03
3.31042 7.260955766321590090e+03
3.31266 7.270281923775036375e+03
3.31545 7.281850506509272236e+03
3.31769 7.291060279063880444e+03
3.32049 7.302449340438684885e+03
3.32273 7.311442364346235991e+03
3.32552 7.322589584647868833e+03
3.32775 7.331472707787528634e+03
3.33055 7.342573747980001826e+03
3.33278 7.351481593309495111e+03
3.33502 7.360445234217919278e+03
3.33781 7.371783984149471507e+03
3.34005 7.380999375479344053e+03
3.34284 7.392718788408794353e+03
3.34507 7.402240941454418135e+03
3.34786 7.414289312437655099e+03
3.3501 7.424010509110867133e+03
3.3529 7.436178549451848994e+03
3.35514 7.445843487717163043e+03
3.35794 7.457762815333951039e+03
3.36017 7.467146650925302310e+03
3.36297 7.478680637023197050e+03
3.3652 7.487760463300685842e+03
3.368 7.498948962495757769e+03
3.37024 7.507760574461391116e+03
3.37304 7.518598324395263262e+03
3.37527 7.527165115201511071e+03
3.37751 7.535695962396020150e+03
3.3803 7.546398399208982482e+03
3.38254 7.555062095233525724e+03
3.38534 7.566121278410084415e+03
3.38758 7.575183988307889194e+03
3.39038 7.586792521576803665e+03
3.39262 7.596272326129512294e+03
3.39541 7.608278422458120986e+03
3.39765 7.617949613210673306e+03
3.40045 7.630061085356948752e+03
3.40269 7.639727041216185171e+03
3.40548 7.651729062277728190e+03
3.40772 7.661250342949842889e+03
3.41052 7.673042403548693073e+03
3.41276 7.682398259306016371e+03
3.41501 7.691691090205898945e+03
3.41781 7.703245687561133309e+03
3.42005 7.712476052629354854e+03
3.42284 7.724050900107536108e+03
3.42508 7.733384685997516499e+03
3.42788 7.745214940961378488e+03
3.43011 7.754841432899356732e+03
3.43291 7.767075926108595922e+03
3.43515 7.777025664458265965e+03
3.43796 7.789599875399007033e+03
3.4402 7.799729176776674649e+03
3.443 7.812420044040952234e+03
3.44524 7.822553379736674287e+03
3.44804 7.835159718358244390e+03
3.45028 7.845184401751686892e+03
3.45252 7.855145682779450908e+03
3.45532 7.867511700094486514e+03
3.45756 7.877355836309802726e+03
3.46037 7.889590921856821296e+03
3.46261 7.899353217047186263e+03
3.46542 7.911538284631302304e+03
3.46767 7.921277641438592582e+03
3.47047 7.933480339285869377e+03
3.47271 7.943306493035947824e+03
3.47551 7.955690618261981399e+03
3.47775 7.965687409242233116e+03
3.48056 7.978324655579594037e+03
3.4828 7.988494732157088947e+03
3.48505 7.998691755620571712e+03
3.48785 8.011450025769858257e+03
3.4901 8.021641457438325233e+03
3.4929 8.034341959641864378e+03
3.49514 8.044466854228589909e+03
3.49795 8.057069865019012468e+03
3.50019 8.067114599283067946e+03
3.50299 8.079638770454084806e+03
3.50523 8.089634790962610168e+03
3.50805 8.102161367164399962e+03
3.5103 8.112200285720232387e+03
3.51255 8.122245026302261067e+03
3.51535 8.134842514679790838e+03
3.5176 8.144998682434002149e+03
3.5204 8.157817208723285148e+03
3.52264 8.168185773860783229e+03
3.52546 8.181365344919168820e+03
3.52771 8.192020440301523195e+03
3.53052 8.205411986828661611e+03
3.53277 8.216189241556021443e+03
3.53501 8.227015562658820272e+03
3.53782 8.240589932516408226e+03
3.54007 8.251456810686284371e+03
3.54287 8.265023429447952367e+03
3.54512 8.275864990061339995e+03
3.54792 8.289409037072140563e+03
3.55017 8.300230107185430825e+03
3.55298 8.313776128124087336e+03
3.55524 8.324615450564986531e+03
3.55805 8.338143687858340854e+03
3.56029 8.348973542737583557e+03
3.56253 8.359844060862962579e+03
3.56535 8.373529932932091469e+03
3.5676 8.384625123114419694e+03
3.57041 8.398717823048027640e+03
3.57266 8.410145311381882493e+03
3.57547 8.424567960670408866e+03
3.57771 8.436211934854276478e+03
3.58053 8.450937471116822053e+03
3.58279 8.462829469769214484e+03
3.58505 8.474770576017406711e+03
3.58785 8.489718319410960248e+03
3.5901 8.501748253244239095e+03
3.59291 8.516906415657977050e+03
3.59517 8.529078254390029542e+03
3.59798 8.544348366424535925e+03
3.60023 8.556629925350300255e+03
3.60304 8.572078709409213843e+03
3.60528 8.584542149925007834e+03
3.60753 8.597128745985670321e+03
3.61034 8.613058961615897715e+03
3.6126 8.625930620566750804e+03
3.6154 8.642113087174935572e+03
3.61765 8.655130785103599919e+03
3.62046 8.671464251500172395e+03
3.62271 8.684541589334439777e+03
3.62552 8.700863173165478656e+03
3.62777 8.713875804735611382e+03
3.63002 8.726829460933231530e+03
3.63283 8.742921675238449097e+03
3.63507 8.755727710259076048e+03
3.63789 8.771730726619800407e+03
3.64014 8.784528289361307543e+03
3.64296 8.800542172274672339e+03
3.6452 8.813431376480999461e+03
3.64802 8.829750083037388322e+03
3.65028 8.842981589316295867e+03
3.65254 8.856331022915477661e+03
3.65535 8.873116112230298313e+03
3.6576 8.886624371096491814e+03
3.66042 8.903602110589257791e+03
3.66267 8.917165850122150005e+03
3.66549 8.934013488421504007e+03
3.66774 8.947399189206818846e+03
3.67056 8.964027906428185815e+03
3.67281 8.977234731688473403e+03
3.67507 8.990337228327178309e+03
3.67788 9.006558469903320656e+03
3.68014 9.019439550176310149e+03
3.68296 9.035486574861268309e+03
3.68522 9.048252723139376030e+03
3.68804 9.064106417869576035e+03
3.69029 9.076755371855500925e+03
3.69254 9.089428468642039661e+03
3.69537 9.105351467159647655e+03
3.69762 9.118164321970934907e+03
3.70044 9.134268737536138360e+03
3.70269 9.147217551375500989e+03
3.70551 9.163434207316464381e+03
3.70777 9.176354843211527623e+03
3.71002 9.189180359600995871e+03
3.71284 9.205030408195219934e+03
3.7151 9.217541399766523682e+03
3.71792 9.232968163370011098e+03
3.72017 9.245165975749516292e+03
3.723 9.260279418083027849e+03
3.72526 9.272251037578742398e+03
3.72751 9.284083107569469576e+03
3.73033 9.298762792673678632e+03
3.73259 9.310469442630688718e+03
3.73542 9.325043247379482636e+03
3.73767 9.336642265658420001e+03
3.74049 9.351130712118190786e+03
3.74274 9.362820758639740234e+03
3.74501 9.374687544431704737e+03
3.74785 9.389692017148487139e+03
3.7501 9.401721420797901374e+03
3.75292 9.416791391700218810e+03
3.75518 9.428812223255299614e+03
3.758 9.443674129989403809e+03
3.76026 9.455360662027596845e+03
3.76251 9.466841670794650781e+03
3.76533 9.480911022866861458e+03
3.76758 9.491948087344733722e+03
3.7704 9.505508351234624570e+03
3.77266 9.516219916566369648e+03
3.77548 9.529461594608706946e+03
3.77773 9.539950032898104837e+03
3.78055 9.552953658248679858e+03
3.78281 9.563286774200554646e+03
3.78508 9.573531180765001409e+03
3.7879 9.586127762525844446e+03
3.79016 9.596022272037007497e+03
3.79297 9.608338801327470719e+03
3.79523 9.618332420263892345e+03
3.79805 9.631173337454525608e+03
3.80031 9.641776542535577391e+03
3.80257 9.652622853833107001e+03
3.80539 9.666327813230956963e+03
3.80765 9.677215402499819902e+03
3.81047 9.690506579105049241e+03
3.81273 9.700795858954843425e+03
3.81555 9.713167086412580829e+03
3.81781 9.722637114548791942e+03
3.82006 9.731774747456614932e+03
3.82288 9.742819377154995891e+03
3.82514 9.751452399756879458e+03
3.82796 9.762146938884201518e+03
3.83022 9.770703548478870289e+03
3.83305 9.781394043126907491e+03
3.8353 9.789870745737129255e+03
3.83756 9.798174955557338762e+03
3.84038 9.808091367327035186e+03
3.84263 9.815539555043746077e+03
3.84546 9.824346106768371101e+03
3.84772 9.831343920467588759e+03
3.85054 9.840718814006195316e+03
3.8528 9.849181077838969941e+03
3.85506 9.858706963967819320e+03
3.85789 9.871817805275823048e+03
3.86014 9.882740195586131449e+03
3.86297 9.896162543110836850e+03
3.86524 9.906356094622506134e+03
3.86806 9.918316365731401675e+03
3.87032 9.927312661934141943e+03
3.87258 9.935847917216471615e+03
3.8754 9.945933560590236084e+03
3.87766 9.953638841406895153e+03
3.88049 9.963026223805207337e+03
3.88276 9.970439643999729014e+03
3.88502 9.977872730151486394e+03
3.88784 9.987291320908312628e+03
3.8901 9.994911963888467653e+03
3.89292 1.000441268431672324e+04
3.89518 1.001176642835787425e+04
3.89801 1.002051850887643559e+04
3.90028 1.002685635879019719e+04
3.90254 1.003273484007500701e+04
3.90537 1.004010135086871742e+04
3.90763 1.004673604680600147e+04
3.91045 1.005759621028614129e+04
3.91271 1.006831974683353292e+04
3.91555 1.008342765860734835e+04
3.91782 1.009606721067450053e+04
3.92009 1.010840997564737700e+04
3.92294 1.012255218995197720e+04
3.92519 1.013261104112486282e+04
3.92801 1.014415183462030654e+04
3.93028 1.015285771323668814e+04
3.93255 1.016109938007860728e+04
3.9354 1.017084239540344788e+04
3.93768 1.017834781953176571e+04
3.94054 1.018756554613238404e+04
3.9428 1.019496400926909337e+04
3.94506 1.020255946179837520e+04
3.94789 1.021238026075268135e+04
3.95015 1.022040537328597929e+04
3.95299 1.023041429687038180e+04
3.95527 1.023807635545178891e+04
3.95754 1.024504047950775202e+04
3.96037 1.025267463480275364e+04
3.96263 1.025822145394393374e+04
3.96546 1.026532549811732497e+04
3.96772 1.027298890725425372e+04
3.97055 1.028612617364308426e+04
3.97282 1.029921535252517060e+04
3.97509 1.031415900713525298e+04
3.97793 1.033321659140140764e+04
3.9802 1.034742919632952544e+04
3.98302 1.036377268252204158e+04
3.98528 1.037606387058977452e+04
3.98755 1.038804461579800954e+04
3.99038 1.040123440545510857e+04
3.99265 1.041081010959342893e+04
3.99549 1.042216190727122012e+04
3.99776 1.043079597990945513e+04
4.00002 1.043929641081056070e+04
4.00284 1.045012212151188760e+04
4.00511 1.045907890627669258e+04
4.00793 1.047067603390704426e+04
4.0102 1.048017625840170513e+04
4.01303 1.049199530490129655e+04
4.0153 1.050127696422523331e+04
4.01756 1.051003440751398011e+04
4.02039 1.051970354475150089e+04
4.02266 1.052646059900507862e+04
4.02548 1.053437954700143564e+04
4.02775 1.054099621472171020e+04
4.03001 1.054915345271039223e+04
4.03285 1.056324649358932402e+04
4.03512 1.057746724858225571e+04
4.03795 1.059833159057626472e+04
4.04021 1.061646748826786461e+04
4.04304 1.063840209843208686e+04
4.04531 1.065491102312118346e+04
4.04758 1.067034871989221028e+04
4.05041 1.068815211106980132e+04
4.05267 1.070135757151707003e+04
4.0555 1.071781170496146478e+04
4.05776 1.073007513571807431e+04
4.06003 1.074135171106539019e+04
4.06286 1.075489386728814316e+04
4.06512 1.076558413464196383e+04
4.06795 1.077926038965477892e+04
4.07022 1.079054775257953042e+04
4.07306 1.080512587610512855e+04
4.07532 1.081708050041810566e+04
4.07759 1.082907849180612357e+04
4.08042 1.084368715760821033e+04
4.08268 1.085461547163666182e+04
4.08552 1.086703753750637588e+04
4.08779 1.087612174916028562e+04
4.09005 1.088488277455930438e+04
4.09288 1.089626445362045888e+04
4.09515 1.090675329329997658e+04
4.09798 1.092346850161610200e+04
4.10025 1.093958047143845215e+04
4.10251 1.095782704821974039e+04
4.10535 1.098309076780455871e+04
4.10762 1.100379662055140034e+04
4.11046 1.102887867695764180e+04
4.11273 1.104803642551309713e+04
4.11556 1.107075637006578108e+04
4.11783 1.108794428326172783e+04
4.12009 1.110422766669474186e+04
4.12293 1.112370619314371652e+04
4.12519 1.113946913131839756e+04
4.12803 1.115827281664557995e+04
4.13029 1.117196103659685286e+04
4.13256 1.118487180107452332e+04
4.1354 1.120097209147672038e+04
4.13768 1.121412921521884346e+04
4.14051 1.123098875734785543e+04
4.14278 1.124476728125554109e+04
4.14505 1.125867643421816683e+04
4.14789 1.127589918889141154e+04
4.15017 1.128921056223925734e+04
4.153 1.130499755770894626e+04
4.15526 1.131721352106784070e+04
4.15754 1.132942837752504602e+04
4.16038 1.134489498772620209e+04
4.16264 1.135787053038261183e+04
4.16548 1.137668108516831307e+04
4.16774 1.139408465755910038e+04
4.17002 1.141341202733789942e+04
4.17286 1.143996808074639193e+04
4.17513 1.146262614066390233e+04
4.17798 1.149092403810834185e+04
4.18024 1.151308860049277428e+04
4.18251 1.153473699422046957e+04
4.18535 1.156080955823678050e+04
4.18762 1.158056712223811519e+04
4.19046 1.160373822786253186e+04
4.19273 1.162125214229736594e+04
4.19556 1.164283595449140739e+04
4.19784 1.166045987286399577e+04
4.20011 1.167785690025868098e+04
4.20295 1.169779113423776653e+04
4.20522 1.171254038696955649e+04
4.20805 1.173052605447954011e+04
4.21032 1.174551152286575780e+04
4.21259 1.176081882642395794e+04
4.21543 1.178015581751063110e+04
4.21771 1.179550794395809135e+04
4.22054 1.181422643019593306e+04
4.22281 1.182882577631288223e+04
4.22508 1.184321227498044391e+04
4.22792 1.186112962707373299e+04
4.23019 1.187564428687664076e+04
4.23302 1.189523872932586346e+04
4.23529 1.191279093173724141e+04
4.23757 1.193204249626983074e+04
4.24041 1.195839443107582156e+04
4.24268 1.198120149649710766e+04
4.24552 1.201079623067488865e+04
4.24778 1.203431645266568376e+04
4.25005 1.205744171560362338e+04
4.25289 1.208548889421005333e+04
4.25516 1.210698705097084894e+04
4.258 1.213213529935930455e+04
4.26026 1.215061678418550400e+04
4.26253 1.216795769587302493e+04
4.26537 1.218858054099360925e+04
4.26765 1.220463841972638693e+04
4.27049 1.222463018783033840e+04
4.27276 1.224082484159582782e+04
4.27503 1.225732897063805649e+04
4.27787 1.227700186391313400e+04
4.28013 1.229144707842457683e+04
4.28297 1.230879207325275456e+04
4.28525 1.232354743919387874e+04
4.28751 1.233884599191845882e+04
4.29035 1.235849636857889709e+04
4.29262 1.237414900112574833e+04
4.29546 1.239331238779165324e+04
4.29773 1.240902530462550203e+04
4.3 1.242555713580398333e+04
4.30284 1.244766281476225231e+04
4.30511 1.246673541840803409e+04
4.30796 1.249258380558623685e+04
4.31023 1.251503680186979000e+04
4.31251 1.253844324619991676e+04
4.31535 1.256787967574376853e+04
4.31761 1.259127559988026223e+04
4.32045 1.262003927401298097e+04
4.32272 1.264240007212624369e+04
4.32556 1.266889296965773792e+04
4.32783 1.268834723570818642e+04
4.3301 1.270631119630311332e+04
4.33294 1.272691783537758602e+04
4.33521 1.274218161641347797e+04
4.33806 1.276045553975793518e+04
4.34033 1.277505595440670731e+04
4.34261 1.278983284377889504e+04
4.34544 1.280859298980556014e+04
4.34771 1.282380562414477208e+04
4.35055 1.284289072509730795e+04
4.35283 1.285802765098894815e+04
4.3551 1.287299697706282495e+04
4.35793 1.289167058008751701e+04
4.3602 1.290650459879440859e+04
4.36304 1.292522531641076603e+04
4.36532 1.294062841069454771e+04
4.36759 1.295686511338241871e+04
4.37043 1.297823433801013562e+04
4.37271 1.299641727155189074e+04
4.37555 1.302026236519461054e+04
4.37782 1.303977005524059314e+04
4.3801 1.305941197453307905e+04
4.38294 1.308405911497800480e+04
4.38521 1.310375838097371161e+04
4.38805 1.312843908577278671e+04
4.39032 1.314808854908130706e+04
4.39259 1.316727525168358807e+04
4.39544 1.318976550762348234e+04
4.39771 1.320646732591469845e+04
4.40055 1.322575158367048061e+04
4.40282 1.323992436970361996e+04
4.4051 1.325301654892336046e+04
4.40794 1.326847307983336941e+04
4.41022 1.328058057752466630e+04
4.41306 1.329553644066843663e+04
4.41533 1.330748108083647276e+04
4.4176 1.331953663360442079e+04
4.42045 1.333487687127440222e+04
4.42272 1.334735217889517662e+04
4.42556 1.336314336159607956e+04
4.42783 1.337594348221169457e+04
4.43011 1.338894883307033706e+04
4.43295 1.340548611590101427e+04
4.43523 1.341896611073472377e+04
4.43807 1.343619832694762226e+04
4.44034 1.345030841096579024e+04
4.44262 1.346466166292235903e+04
4.44546 1.348304538624005363e+04
4.44774 1.349845530253632023e+04
4.45001 1.351453366801677475e+04
4.45285 1.353474405054172530e+04
4.45512 1.355057670830724965e+04
4.45797 1.357012989533195832e+04
4.46025 1.358523801712952081e+04
4.46253 1.359949499980644396e+04
4.46537 1.361601097889886842e+04
4.46764 1.362821318816233543e+04
4.47048 1.364225395763983033e+04
4.47276 1.365253354815212151e+04
4.47504 1.366208266981834458e+04
4.47788 1.367316748742503842e+04
4.48015 1.368184071511173534e+04
4.48299 1.369248832263675649e+04
4.48526 1.370089339330759140e+04
4.48755 1.370929437236748163e+04
4.4904 1.371987143592111352e+04
4.49267 1.372845275787378705e+04
4.49551 1.373944493661276465e+04
4.49779 1.374850612470381202e+04
4.50007 1.375778682711720467e+04
4.50292 1.376960498106489285e+04
4.50519 1.377917926926137079e+04
4.50803 1.379127732130364529e+04
4.51031 1.380104712790014310e+04
4.51258 1.381089830727323533e+04
4.51543 1.382334533826006373e+04
4.51771 1.383339885950912321e+04
4.52056 1.384609316499318811e+04
4.52283 1.385643711572021130e+04
4.5251 1.386705825879687472e+04
4.52795 1.388064961472808136e+04
4.53023 1.389144089875069403e+04
4.53251 1.390178053892160278e+04
4.53535 1.391398687468000935e+04
4.53763 1.392346806608811494e+04
4.54047 1.393484642001126849e+04
4.54275 1.394347299771891994e+04
4.54503 1.395161942866692880e+04
4.54788 1.396094601560408046e+04
4.55015 1.396785800114245285e+04
4.55299 1.397608503488195856e+04
4.55527 1.398244090220974431e+04
4.55756 1.398863669847677920e+04
4.5604 1.399623700309895867e+04
4.56268 1.400228896813084975e+04
4.56552 1.400995140269711374e+04
4.5678 1.401625505432830323e+04
4.57007 1.402267729936790784e+04
4.57292 1.403081746444268356e+04
4.5752 1.403740810362254342e+04
4.57805 1.404571699960333899e+04
4.58033 1.405241426199903799e+04
4.58261 1.405916915307487761e+04
4.58547 1.406766957846016339e+04
4.58775 1.407446480879266346e+04
4.59002 1.408121813690672025e+04
4.59287 1.408964051391685825e+04
4.59514 1.409637001198539838e+04
4.59799 1.410474379324404435e+04
4.60027 1.411134675082411377e+04
4.60255 1.411770236482301698e+04
4.6054 1.412518996347666143e+04
4.60767 1.413074434193952038e+04
4.61052 1.413715195230752761e+04
4.61281 1.414192047498028842e+04
4.61509 1.414642248886611196e+04
4.61794 1.415173251400923800e+04
4.62022 1.415576708109418905e+04
4.62306 1.416059160933755811e+04
4.62534 1.416431021330307522e+04
4.62762 1.416794159792112987e+04
4.63047 1.417242903925805513e+04
4.63275 1.417601702243345062e+04
4.63503 1.417962609833366696e+04
4.63787 1.418425754035770478e+04
4.64015 1.418815679879849449e+04
4.64301 1.419332223509352298e+04
4.64529 1.419758120514908478e+04
4.64757 1.420195323537887089e+04
4.65042 1.420757831318177523e+04
4.6527 1.421218502741966040e+04
4.65555 1.421803427636871675e+04
4.65783 1.422277239994284537e+04
4.66012 1.422751406339025925e+04
4.66296 1.423335347234653636e+04
4.66524 1.423789921224057434e+04
4.66752 1.424229686022583155e+04
4.67037 1.424754087181835894e+04
4.67265 1.425149885444347819e+04
4.6755 1.425610592793778233e+04
4.67778 1.425949727214956329e+04
4.68006 1.426260904878387555e+04
4.68291 1.426611344013198323e+04
4.68519 1.426863703348282252e+04
4.68805 1.427145348872385148e+04
4.69034 1.427343438359887296e+04
4.69261 1.427521502462258650e+04
4.69545 1.427722741961139945e+04
4.69774 1.427872545050564622e+04
4.70002 1.428017721862792496e+04
4.70287 1.428198252305488677e+04
4.70515 1.428339249379529247e+04
4.708 1.428513345786145874e+04
4.71028 1.428654431780124287e+04
4.71256 1.428800095699235681e+04
4.71542 1.428993044485094470e+04
4.71771 1.429157500105293911e+04
4.72056 1.429376521991391382e+04
4.72284 1.429565163719587144e+04
4.72512 1.429768269812179642e+04
4.72797 1.430039679591995264e+04
4.73025 1.430266693536963430e+04
4.73253 1.430497905460630500e+04
4.73539 1.430784486338018723e+04
4.73767 1.431004357493795214e+04
4.74051 1.431260089359181802e+04
4.74279 1.431444399375232024e+04
4.74508 1.431606269245021576e+04
4.74794 1.431773271095743075e+04
4.75022 1.431877587696847877e+04
4.7525 1.431956491495081355e+04
4.75535 1.432022002338589300e+04
4.75763 1.432051186069948926e+04
4.76049 1.432064022643262433e+04
4.76278 1.432059856822341681e+04
4.76506 1.432045243550975647e+04
4.76791 1.432015426812523947e+04
4.77019 1.431984560108129881e+04
4.77304 1.431939986295682866e+04
4.77532 1.431901491526724567e+04
4.77761 1.431861008391646465e+04
4.78046 1.431806995788698987e+04
4.78274 1.431760678389954955e+04
4.78502 1.431713284616788405e+04
4.78787 1.431655198711383673e+04
4.79016 1.431611129618199629e+04
4.79302 1.431561148300181958e+04
4.7953 1.431526235593244019e+04
4.79758 1.431495837533051235e+04
4.80043 1.431463118390309137e+04
4.80272 1.431439157523369977e+04
4.80557 1.431407522520234124e+04
4.80786 1.431376763750820464e+04
4.81014 1.431337510089965508e+04
4.81299 1.431272422173564337e+04
4.81527 1.431205407492649283e+04
4.81755 1.431124556567343279e+04
4.8204 1.431005510153313298e+04
4.82269 1.430897707843388889e+04
4.82555 1.430751261306143351e+04
4.82784 1.430628398561071845e+04
4.83012 1.430503545675734858e+04
4.83297 1.430348176806393894e+04
4.83526 1.430226774214129364e+04
4.83754 1.430109346488879964e+04
4.84039 1.429968750060037019e+04
4.84267 1.429860685737813219e+04
4.84552 1.429729567807091371e+04
4.8478 1.429626065915794243e+04
4.85008 1.429521721058680305e+04
4.85294 1.429386766997624545e+04
4.85523 1.429272981617652295e+04
4.85751 1.429152438506584258e+04
4.86037 1.428990458904970910e+04
4.86265 1.428851549725695440e+04
4.8655 1.428666683707407719e+04
4.86778 1.428510129112052891e+04
4.87008 1.428346475823147193e+04
4.87294 1.428133190530550382e+04
4.87522 1.427955851587770303e+04
4.8775 1.427771225871181559e+04
4.88036 1.427528383929681149e+04
4.88264 1.427323242092607870e+04
4.8855 1.427051960318210695e+04
4.88779 1.426823313721615705e+04
4.89008 1.426585899178994259e+04
4.89292 1.426280576224135439e+04
4.8952 1.426032247111516517e+04
4.89806 1.425721311054469334e+04
4.90035 1.425477500008161223e+04
4.90264 1.425241543312201247e+04
4.9055 1.424961931403981725e+04
4.90779 1.424752782637528071e+04
4.91007 1.424556829395880595e+04
4.91293 1.424328388463008378e+04
4.91521 1.424156303612443662e+04
4.91807 1.423950216145565173e+04
4.92035 1.423788973442928182e+04
4.92263 1.423627162593918365e+04
4.92549 1.423419243926151285e+04
4.92777 1.423244873701797769e+04
4.93005 1.423060520006317529e+04
4.93291 1.422812752191302206e+04
4.93521 1.422600016636680812e+04
4.93806 1.422316439125884972e+04
4.94035 1.422075357224770778e+04
4.94263 1.421822760735695738e+04
4.94548 1.421492154986891364e+04
4.94777 1.421216006189166728e+04
4.95006 1.420929943882000589e+04
4.95293 1.420560115424801552e+04
4.95521 1.420255303856446335e+04
4.95807 1.419862084114475147e+04
4.96036 1.419538052675918516e+04
4.96264 1.419205265654095820e+04
4.9655 1.418774568188042394e+04
4.96779 1.418422646134430215e+04
4.97008 1.418069452193441430e+04
4.97293 1.417639393933105566e+04
4.97521 1.417308146309649601e+04
4.97806 1.416912541624619553e+04
4.98035 1.416612952383562151e+04
4.98265 1.416327839094292904e+04
4.98552 1.415993160424035159e+04
4.98781 1.415742773847024000e+04
4.9901 1.415505639200569203e+04
4.99295 1.415222944200805432e+04
4.99524 1.415002998169955754e+04
4.99752 1.414783632829276758e+04
5.00038 1.414504518351338447e+04
5.00267 1.414273622099759086e+04
5.00553 1.413971704631499415e+04
5.00781 1.413716824684282437e+04
5.01009 1.413447934702279963e+04
5.01295 1.413090555662234328e+04
5.01524 1.412788329744974180e+04
5.01753 1.412471801855243211e+04
5.0204 1.412058579756503241e+04
5.02269 1.411716610829264573e+04
5.02554 1.411276899054935529e+04
5.02783 1.410916683075806213e+04
5.03011 1.410550332294301734e+04
5.03297 1.410085728324302545e+04
5.03527 1.409709987069733324e+04
5.03756 1.409333740064516132e+04
5.04042 1.408868515244938317e+04
5.0427 1.408504012725358916e+04
5.04556 1.408059944686957351e+04
5.04785 1.407708417129607187e+04
5.05014 1.407362051537711704e+04
5.05301 1.406939888344640713e+04
5.0553 1.406612806140340217e+04
5.05758 1.406297220636030215e+04
5.06043 1.405917906311577099e+04
5.06272 1.405625559607974537e+04
5.06501 1.405342433558834273e+04
5.06787 1.405000428220620051e+04
5.07017 1.404734082877767287e+04
5.07304 1.404407615887430984e+04
5.07533 1.404149236492108139e+04
5.07761 1.403889334702670931e+04
5.08047 1.403558090432308200e+04
5.08276 1.403285210799872402e+04
5.08505 1.403002959525040751e+04
5.08791 1.402634961342735187e+04
5.0902 1.402328227786223033e+04
5.09306 1.401930367401440344e+04
5.09534 1.401600490927670035e+04
5.09763 1.401260790385530345e+04
5.10049 1.400825660152769160e+04
5.10278 1.400470178723738900e+04
5.10508 1.400110199325247595e+04
5.10795 1.399657250415006092e+04
5.11023 1.399294487039410524e+04
5.11252 1.398931966215257489e+04
5.11538 1.398481164830555281e+04
5.11766 1.398124302146461923e+04
5.12053 1.397684075066843798e+04
5.12283 1.397339656023463795e+04
5.12512 1.397004935121615017e+04
5.12798 1.396602420961080679e+04
5.13027 1.396294070133922651e+04
5.13255 1.395998886839030638e+04
5.13542 1.395649366247990656e+04
5.13771 1.395384563823376266e+04
5.14001 1.395133283092389684e+04
5.14287 1.394837389756209086e+04
5.14516 1.394613385862023642e+04
5.14802 1.394346145060367235e+04
5.1503 1.394140168976172390e+04
5.15259 1.393938687851232316e+04
5.15546 1.393688544710178576e+04
5.15776 1.393488043732960250e+04
5.16005 1.393285258961261206e+04
5.16291 1.393025327592987924e+04
5.1652 1.392810415529906277e+04
5.16806 1.392531167689001632e+04
5.17035 1.392298059518035916e+04
5.17264 1.392055815748156419e+04
5.1755 1.391741117937191848e+04
5.17779 1.391480844223152963e+04
5.18008 1.391214128823418287e+04
5.18294 1.390874178810830745e+04
5.18522 1.390598677290546220e+04
5.18751 1.390321203119078564e+04
5.19038 1.389973226199724195e+04
5.19267 1.389696402888623197e+04
5.19554 1.389354680419961551e+04
5.19783 1.389086311290957565e+04
5.20012 1.388824345060280393e+04
5.20298 1.388507393591681466e+04
5.20526 1.388263505956862537e+04
5.20755 1.388029450715545681e+04
5.21041 1.387752121672256362e+04
5.21271 1.387542918210419339e+04
5.215 1.387345750610678442e+04
5.21787 1.387116533664451708e+04
5.22016 1.386945989523847129e+04
5.22302 1.386747110725944003e+04
5.22531 1.386597880718529996e+04
5.2276 1.386455512765260210e+04
5.23048 1.386283953164596642e+04
5.23279 1.386150105745502879e+04
5.23508 1.386017804530444482e+04
5.23795 1.385851170027251283e+04
5.24024 1.385715426070099784e+04
5.24252 1.385576217233344141e+04
5.24539 1.385395926675078590e+04
5.24768 1.385246022747645839e+04
5.25055 1.385051318829141201e+04
5.25284 1.384889381533615051e+04
5.25513 1.384721807107530003e+04
5.25799 1.384504887214185874e+04
5.26028 1.384325349924947295e+04
5.26257 1.384140608977593365e+04
5.26544 1.383903414678619083e+04
5.26773 1.383709911889504110e+04
5.27003 1.383514055393311355e+04
5.27289 1.383267596177646919e+04
5.27518 1.383070922590581904e+04
5.27804 1.382826542650683768e+04
5.28033 1.382633268067617973e+04
5.28262 1.382443002973733383e+04
5.28549 1.382210429832437148e+04
5.28778 1.382029439272963282e+04
5.29008 1.381854058021438323e+04
5.29294 1.381644303762664458e+04
5.29523 1.381483652562648058e+04
5.29752 1.381329138302681167e+04
5.30038 1.381144187947128739e+04
5.30268 1.381001903440273236e+04
5.30554 1.380829248427666607e+04
5.30784 1.380693462871717202e+04
5.31013 1.380558102572592179e+04
5.313 1.380387771440321376e+04
5.31529 1.380252916443381218e+04
5.31758 1.380127186779568001e+04
5.32044 1.379980306377663146e+04
5.32274 1.379868078475469520e+04
5.32504 1.379757835024148699e+04
5.32793 1.379619065484745988e+04
5.33024 1.379505606762940624e+04
5.33254 1.379388681064044613e+04
5.33542 1.379235058782359556e+04
5.33771 1.379105385721513085e+04
5.34 1.378968743831635584e+04
5.34287 1.378787762976932208e+04
5.34516 1.378635103775155039e+04
5.34803 1.378435145496681980e+04
5.35032 1.378273569036310982e+04
5.35261 1.378117051544732931e+04
5.35548 1.377928072872574194e+04
5.35776 1.377781321915953049e+04
5.36006 1.377637995282990414e+04
5.36293 1.377463734942884912e+04
5.36523 1.377328366688405004e+04
5.36754 1.377196324807560632e+04
5.37043 1.377037069587949190e+04
5.37272 1.376915271974961433e+04
5.37502 1.376797757718771936e+04
5.37788 1.376657025525265090e+04
5.38017 1.376548977947476305e+04
5.38303 1.376418379282621754e+04
5.38533 1.376316424212554557e+04
5.38763 1.376216002936556288e+04
5.39049 1.376094635551473039e+04
5.39278 1.376010850173008112e+04
5.39507 1.375940709266892918e+04
5.39794 1.375871093940882929e+04
5.40023 1.375828781298834474e+04
5.40254 1.375797574601909946e+04
5.40541 1.375772968680586018e+04
5.40772 1.375763556335312387e+04
5.41002 1.375761983510758728e+04
5.41289 1.375767696440788313e+04
5.41518 1.375776045735655680e+04
5.41804 1.375789944175699929e+04
5.42033 1.375803269936397555e+04
5.42263 1.375818172562924701e+04
5.4255 1.375838668080001298e+04
5.42779 1.375856417352780227e+04
5.43011 1.375875473067589519e+04
5.433 1.375900739879079811e+04
5.43531 1.375920668255139026e+04
5.43762 1.375940299213904473e+04
5.4405 1.375965654945882125e+04
5.44281 1.375987476865113786e+04
5.44511 1.376011373713020475e+04
5.44798 1.376044948409495191e+04
5.45028 1.376075596167111325e+04
5.45257 1.376113826240002163e+04
5.45544 1.376176359724735812e+04
5.45773 1.376236493057912776e+04
5.46003 1.376304267951347174e+04
5.46289 1.376398259730083009e+04
5.46519 1.376479875957151671e+04
5.46806 1.376588384649814179e+04
5.47037 1.376679662847165491e+04
5.47267 1.376773898777174691e+04
5.47555 1.376901097272195693e+04
5.47786 1.377014029058033157e+04
5.48017 1.377136916765097885e+04
5.48304 1.377304349620064750e+04
5.48534 1.377449593489875042e+04
5.48764 1.377604280606454267e+04
5.49051 1.377810951594666949e+04
5.4928 1.377986227479001536e+04
5.4951 1.378167920751640486e+04
5.49796 1.378400553296434737e+04
5.50026 1.378589923256279872e+04
5.50255 1.378781690792094560e+04
5.50542 1.379024426545155075e+04
5.50771 1.379220494527372284e+04
5.51002 1.379418727980840595e+04
5.5129 1.379668774456344545e+04
5.51521 1.379870890052384857e+04
5.51753 1.380074968231593630e+04
5.52042 1.380331742715940527e+04
5.52272 1.380537643162204040e+04
5.52503 1.380744858640119674e+04
5.5279 1.381004626078648289e+04
5.53019 1.381212983076618184e+04
5.53306 1.381473619670962944e+04
5.53535 1.381680199895801707e+04
5.53765 1.381884870507520463e+04
5.54053 1.382138956140550181e+04
5.54283 1.382341002356917670e+04
5.54513 1.382546870131255855e+04
5.54801 1.382812663916266683e+04
5.55033 1.383030599761751728e+04
5.55264 1.383251445784068710e+04
5.55554 1.383530025001070862e+04
5.55786 1.383754080498567055e+04
5.56018 1.383978305944840940e+04
5.56307 1.384257254750668471e+04
5.56538 1.384479084847762533e+04
5.56769 1.384698164267914399e+04
5.57057 1.384967388261286214e+04
5.57287 1.385180462881748281e+04
5.57517 1.385397585109499414e+04
5.57804 1.385676026884967905e+04
5.58034 1.385904313137635472e+04
5.58263 1.386137137946784969e+04
5.58551 1.386432371701288321e+04
5.58782 1.386668262263389988e+04
5.59012 1.386903341335294681e+04
5.59302 1.387195359940611888e+04
5.59534 1.387426916263326530e+04
5.59766 1.387656973344639300e+04
5.60056 1.387942346657229791e+04
5.60287 1.388168315487803920e+04
5.60518 1.388392977069815061e+04
5.60807 1.388671558622445264e+04
5.61037 1.388892663138433818e+04
5.61268 1.389112125634289805e+04
5.61555 1.389383799807856303e+04
5.61785 1.389599582394384379e+04
5.62015 1.389813972374514924e+04
5.62302 1.390080245339772591e+04
5.62532 1.390291765589369788e+04
5.62762 1.390501942295526169e+04
5.63049 1.390762701462854056e+04
5.63279 1.390968366894512837e+04
5.63509 1.391168978118893938e+04
5.63797 1.391420821949051606e+04
5.64027 1.391621477440825947e+04
5.64258 1.391820573888246327e+04
5.64546 1.392066582315408050e+04
5.64777 1.392260694158225306e+04
5.65008 1.392452029305428914e+04
5.65296 1.392686647155369792e+04
5.65527 1.392870236461029344e+04
5.65759 1.393049360961041930e+04
5.66047 1.393265524291402289e+04
5.66277 1.393432042297047519e+04
5.66507 1.393592394227522709e+04
5.66794 1.393783470745874365e+04
5.67024 1.393928446481651554e+04
5.67254 1.394066129828700468e+04
5.67542 1.394227700293603812e+04
5.67773 1.394348884578636716e+04
5.68004 1.394464102657662261e+04
5.68292 1.394610118628434066e+04
5.68522 1.394727384045295003e+04
5.68753 1.394844081754803301e+04
5.69041 1.394986439971551772e+04
5.69272 1.395096730420810127e+04
5.69503 1.395205108382103936e+04
5.69792 1.395338905111392160e+04
5.70024 1.395448225475413165e+04
5.70256 1.395560476344752169e+04
5.70546 1.395703432455709117e+04
5.70778 1.395818804698287022e+04
5.7101 1.395934078108653011e+04
5.713 1.396076269687294189e+04
5.71531 1.396187845868672230e+04
5.71762 1.396297203377815822e+04
5.7205 1.396434719340001720e+04
5.72281 1.396545106963338003e+04
5.72511 1.396655452034653536e+04
5.72799 1.396793471380428127e+04
5.73029 1.396897546368125586e+04
5.73259 1.396996561812540313e+04
5.73547 1.397113962489906226e+04
5.73778 1.397202870781375896e+04
5.74009 1.397287525283146533e+04
5.74298 1.397387542318540909e+04
5.74529 1.397463016664628412e+04
5.7476 1.397534576156470393e+04
5.7505 1.397618106346180866e+04
5.75282 1.397679937459456778e+04
5.75514 1.397736817119089028e+04
5.75804 1.397800341454038426e+04
5.76037 1.397844485427661311e+04
5.7627 1.397882211737869511e+04
5.76502 1.397913239424546737e+04
5.76793 1.397942468748435022e+04
5.77025 1.397958362151025722e+04
5.77256 1.397968262054971819e+04
5.77546 1.397973745010898165e+04
5.77777 1.397974067470963928e+04
5.78008 1.397972117988547870e+04
5.78296 1.397968486127063989e+04
5.78527 1.397965286665199528e+04
5.78757 1.397960581007449400e+04
5.79045 1.397954480806205538e+04
5.79276 1.397951322452599743e+04
5.79506 1.397951649191380966e+04
5.79794 1.397960343192348228e+04
5.80024 1.397974223169918332e+04
5.80255 1.397991430317066079e+04
5.80543 1.398017274584317784e+04
5.80773 1.398040958798263637e+04
5.81004 1.398066753306287501e+04
5.81292 1.398100845517103517e+04
5.81523 1.398128515792583130e+04
5.81754 1.398153126315311602e+04
5.82043 1.398176781165446846e+04
5.82275 1.398189942746425731e+04
5.82506 1.398201495373201396e+04
5.82795 1.398215207505739454e+04
5.83026 1.398225493578440910e+04
5.83257 1.398234909860627522e+04
5.83547 1.398244493149801201e+04
5.83778 1.398248020738946070e+04
5.8401 1.398248070637774254e+04
5.84299 1.398244304953983738e+04
5.84531 1.398238914863321043e+04
5.84763 1.398231805091441856e+04
5.85052 1.398220838510708199e+04
5.85284 1.398210590045139725e+04
5.85515 1.398199193048247980e+04
5.85803 1.398183605953778715e+04
5.86034 1.398170232944352756e+04
5.86265 1.398156222376650112e+04
5.86553 1.398137878180720327e+04
5.86784 1.398121811683965643e+04
5.87014 1.398103585257087434e+04
5.87303 1.398076540184006626e+04
5.87534 1.398050757890039495e+04
5.87765 1.398020922173834333e+04
5.88054 1.397977699891344128e+04
5.88285 1.397938544135323355e+04
5.88516 1.397895767370348767e+04
5.88805 1.397837973480010078e+04
5.89036 1.397789052377875123e+04
5.89268 1.397738409061791936e+04
5.89557 1.397673238934980145e+04
5.89788 1.397619930710008339e+04
5.9002 1.397564947267177558e+04
5.90251 1.397508009354894421e+04
5.90541 1.397434902309898644e+04
5.90773 1.397375242931049434e+04
5.91005 1.397314750106623069e+04
5.91296 1.397238185285686268e+04
5.91528 1.397176165478750590e+04
5.91761 1.397113420128134567e+04
5.92052 1.397033807392781273e+04
5.92284 1.396969127897459657e+04
5.92517 1.396903474743339393e+04
5.9275 1.396836826556452797e+04
5.93041 1.396752230117625186e+04
5.93275 1.396682664128586293e+04
5.93509 1.396611312085163263e+04
5.938 1.396520465890743253e+04
5.94033 1.396446957553930224e+04
5.94266 1.396373494313086667e+04
5.94556 1.396282794091260621e+04
5.94789 1.396211505750304059e+04
5.95021 1.396141603847063016e+04
5.95252 1.396073107122969122e+04
5.95542 1.395989840166256363e+04
5.95774 1.395925343143990176e+04
5.96005 1.395863072546920012e+04
5.96294 1.395788846823169479e+04
5.96525 1.395732656533070440e+04
5.96756 1.395679433606775274e+04
5.97045 1.395615991209877211e+04
5.97277 1.395562466262656017e+04
5.97508 1.395501635987939517e+04
5.97796 1.395411780293933043e+04
5.98027 1.395327621612637995e+04
5.98258 1.395232305883425215e+04
5.98547 1.395097662611759552e+04
5.98778 1.394977726045176860e+04
5.99009 1.394846996842143199e+04
5.99298 1.394668355562141369e+04
5.99529 1.394513159549432203e+04
5.9976 1.394347154727654561e+04
6.00049 1.394124958855326804e+04
6.0028 1.393936245075859370e+04
6.00511 1.393738920772046913e+04
6.008 1.393481845547062949e+04
6.01032 1.393269739999997182e+04
6.01263 1.393053359402154820e+04
6.01553 1.392779330477911208e+04
6.01785 1.392558944842054552e+04
6.02017 1.392338931546322056e+04
6.02306 1.392066318182102805e+04
6.02538 1.391851210663001984e+04
6.0277 1.391639507046059953e+04
6.03002 1.391431625800563052e+04
6.03292 1.391177440556623515e+04
6.03524 1.390978591391589907e+04
6.03756 1.390783574259061606e+04
6.04046 1.390544765315231052e+04
6.04279 1.390357098588552799e+04
6.04511 1.390172046094220605e+04
6.04802 1.389943408088061187e+04
6.05034 1.389762293362144737e+04
6.05267 1.389582360398358651e+04
6.055 1.389403496896286742e+04
6.05791 1.389181722512803026e+04
6.06025 1.389005926907668982e+04
6.06258 1.388832416633738649e+04
6.0655 1.388619853257313844e+04
6.06783 1.388453786930781098e+04
6.07016 1.388291876628218779e+04
6.07307 1.388093035568736377e+04
6.0754 1.387933401218087783e+04
6.07772 1.387774730200802878e+04
6.08005 1.387617731207948418e+04
6.08295 1.387424625320474661e+04
6.08527 1.387272452167273514e+04
6.08759 1.387121910973263221e+04
6.09049 1.386934881331033648e+04
6.09281 1.386784932718977689e+04
6.09512 1.386633533701604028e+04
6.09802 1.386440266170729956e+04
6.10034 1.386281049965651619e+04
6.10265 1.386116335140591400e+04
6.10554 1.385900948764159330e+04
6.10786 1.385719608085884465e+04
6.11017 1.385529098008802248e+04
6.11306 1.385276915326356357e+04
6.11538 1.385063138450302540e+04
6.11769 1.384838270927284975e+04
6.12 1.384602228148467839e+04
6.12289 1.384291945214562475e+04
6.12521 1.384032444322947413e+04
6.12752 1.383764207559993520e+04
6.13041 1.383422595655564692e+04
6.13272 1.383172944929455480e+04
6.13504 1.382954896277127227e+04
6.13793 1.382728512550131018e+04
6.14025 1.382584477180856265e+04
6.14256 1.382472487517794798e+04
6.14546 1.382374899790801464e+04
6.14777 1.382328039612062275e+04
6.15009 1.382306025912115911e+04
6.15299 1.382308907144476143e+04
6.1553 1.382331774141157075e+04
6.15762 1.382369591662789207e+04
6.16052 1.382433299403807177e+04
6.16284 1.382494151323190817e+04
6.16517 1.382561548972397395e+04
6.16807 1.382652250689974971e+04
6.17039 1.382728264476399454e+04
6.17271 1.382806223999632493e+04
6.17503 1.382885345283470633e+04
6.17793 1.382985252093043709e+04
6.18025 1.383065782464591757e+04
6.18257 1.383146966748610612e+04
6.18547 1.383249937992201558e+04
6.18778 1.383334149070162857e+04
6.1901 1.383420772349036815e+04
6.19299 1.383533607253857372e+04
6.19531 1.383628579404212178e+04
6.19763 1.383728675429905161e+04
6.20052 1.383862368984806926e+04
6.20283 1.383977299574368590e+04
6.20515 1.384100301912183386e+04
6.20804 1.384266922467896802e+04
6.21035 1.384411723795927173e+04
6.21267 1.384567963345043245e+04
6.21556 1.384781087482376824e+04
6.21787 1.384967342590428416e+04
6.22018 1.385169917197095674e+04
6.22308 1.385456722049066593e+04
6.22539 1.385711490525823501e+04
6.2277 1.385984798983730616e+04
6.23001 1.386272327626823608e+04
6.2329 1.386644875919869082e+04
6.23522 1.386948367360499287e+04
6.23753 1.387252876223700150e+04
6.24042 1.387630244003537155e+04
6.24273 1.387925971780301916e+04
6.24504 1.388211674308984584e+04
6.24793 1.388554587340309445e+04
6.25025 1.388817974200510434e+04
6.25256 1.389068906438704107e+04
6.25545 1.389362771444206373e+04
6.25776 1.389582177487039735e+04
6.26008 1.389790201725416773e+04
6.26297 1.390035999104576513e+04
6.26528 1.390220932052158059e+04
6.2676 1.390394524733392609e+04
6.27049 1.390590971436709697e+04
6.27281 1.390724194629072372e+04
6.27512 1.390835427654959676e+04
6.27801 1.390944477958642892e+04
6.28033 1.391009749346696844e+04
6.28264 1.391059332540476134e+04
6.28554 1.391105917962650165e+04
6.28786 1.391137386625603904e+04
6.29017 1.391171062950749365e+04
6.29307 1.391216619433025699e+04
6.29539 1.391259394753239576e+04
6.29771 1.391312107722644942e+04
6.30002 1.391378849627825184e+04
6.30292 1.391498383831937281e+04
6.30524 1.391626833082962366e+04
6.30756 1.391781370167140449e+04
6.31045 1.392005927380288995e+04
6.31277 1.392206070998578616e+04
6.31509 1.392420661848195959e+04
6.31799 1.392703732449747622e+04
6.3203 1.392928947932442679e+04
6.32262 1.393133204931593900e+04
6.32552 1.393357020246046523e+04
6.32784 1.393511553074696349e+04
6.33016 1.393645864646666814e+04
6.33305 1.393788273289252720e+04
6.33537 1.393884302399472290e+04
6.33769 1.393966568759716574e+04
6.34001 1.394036814897545628e+04
6.34291 1.394110123654132622e+04
6.34523 1.394158880106125798e+04
6.34755 1.394200243667522773e+04
6.35045 1.394243332026905955e+04
6.35277 1.394272157861230335e+04
6.35509 1.394296965478117090e+04
6.35799 1.394323468103821142e+04
6.36032 1.394341822004795722e+04
6.36264 1.394358144932373943e+04
6.36555 1.394376232354791864e+04
6.36787 1.394389564308406989e+04
6.3702 1.394402426467205441e+04
6.37252 1.394414928856198276e+04
6.37543 1.394430127144284961e+04
6.37775 1.394441918243274449e+04
6.38007 1.394453276902346624e+04
6.38298 1.394466535485607528e+04
6.3853 1.394475983047010050e+04
6.38762 1.394483911617716331e+04
6.39052 1.394490811960754945e+04
6.39284 1.394493142397169140e+04
6.39516 1.394491924620293321e+04
6.39806 1.394484582276916990e+04
6.40038 1.394473569846771898e+04
6.4027 1.394457769059659586e+04
6.40501 1.394437184223594704e+04
6.40791 1.394404755977235618e+04
6.41023 1.394373139404894755e+04
6.41254 1.394336650351929347e+04
6.41544 1.394284819996729493e+04
6.41775 1.394239273958306876e+04
6.42007 1.394192942895515807e+04
6.42296 1.394142672444753589e+04
6.42528 1.394109599145279753e+04
6.42759 1.394083085128958737e+04
6.43048 1.394059140615590331e+04
6.4328 1.394046815521374992e+04
6.43511 1.394038468887926683e+04
6.438 1.394030360386339089e+04
6.44032 1.394024121123019722e+04
6.44263 1.394016936543801239e+04
6.44552 1.394005487713797993e+04
6.44784 1.393994006152212205e+04
6.45015 1.393980651293054871e+04
6.45304 1.393962089093387658e+04
6.45536 1.393946488010396206e+04
6.45767 1.393930835345299056e+04
6.46056 1.393912036585301576e+04
6.46288 1.393898672326902488e+04
6.46519 1.393888387763954051e+04
6.46751 1.393883191794524828e+04
6.4704 1.393886841752380133e+04
6.47272 1.393898687902706661e+04
6.47503 1.393917868775303759e+04
6.47793 1.393949705309091223e+04
6.48024 1.393976492028322718e+04
6.48256 1.394000756338742576e+04
6.48546 1.394025398510849664e+04
6.48777 1.394039307070821997e+04
6.49009 1.394047412732298471e+04
6.49299 1.394049101299845097e+04
6.49531 1.394043768507504865e+04
6.49763 1.394032731851703647e+04
6.50053 1.394011863265387183e+04
6.50285 1.393990311285815187e+04
6.50518 1.393964879042490429e+04
6.5075 1.393935978793431605e+04
6.51041 1.393895512286585472e+04
6.51273 1.393859977264215195e+04
6.51506 1.393821832145452026e+04
6.51796 1.393770368708094611e+04
6.52029 1.393726389640646084e+04
6.52261 1.393680464811761703e+04
6.52552 1.393621233973160270e+04
6.52784 1.393573023977799312e+04
6.53016 1.393524439965649435e+04
6.53307 1.393463456652898458e+04
6.53539 1.393414555519222267e+04
6.53772 1.393365574036354883e+04
6.54004 1.393316550334144267e+04
6.54294 1.393255349722339815e+04
6.54527 1.393206609271724665e+04
6.54759 1.393158168271976683e+04
6.5505 1.393097972226849743e+04
6.55282 1.393049791253931289e+04
6.55515 1.393001235083516804e+04
6.55805 1.392939761513330814e+04
6.56038 1.392889887020705828e+04
6.5627 1.392839429739423213e+04
6.56502 1.392788443770718186e+04
6.56792 1.392724057326867114e+04
6.57024 1.392672156817979339e+04
6.57256 1.392620003981169430e+04
6.57546 1.392554745164095584e+04
6.57778 1.392502732151744203e+04
6.5801 1.392451195422517048e+04
6.583 1.392387906034837761e+04
6.58531 1.392338541538306526e+04
6.58763 1.392290617094487425e+04
6.59053 1.392233071571585970e+04
6.59284 1.392189162646706791e+04
6.59516 1.392147273226934885e+04
6.59805 1.392097876188784721e+04
6.60037 1.392060767135391870e+04
6.60268 1.392025792592147809e+04
6.60558 1.391985039003176644e+04
6.60789 1.391954765828909149e+04
6.61021 1.391926531101352521e+04
6.61252 1.391900313151434420e+04
6.61541 1.391870356396559509e+04
6.61773 1.391848647222847103e+04
6.62005 1.391828960449038277e+04
6.62294 1.391807233695449395e+04
6.62526 1.391792189626211984e+04
6.62757 1.391779166526765403e+04
6.63047 1.391765564071781046e+04
6.63279 1.391756630906964165e+04
6.63511 1.391749219054057721e+04
6.638 1.391741745871040439e+04
6.64032 1.391736952532214127e+04
6.64264 1.391732988757355997e+04
6.64554 1.391728879100086851e+04
6.64787 1.391726036138128075e+04
6.65019 1.391723442004496792e+04
6.65251 1.391721064252886390e+04
6.65542 1.391718692066804579e+04
6.65774 1.391719306070539096e+04
6.66007 1.391725018593790810e+04
6.66298 1.391742056288737331e+04
6.66531 1.391764469545200882e+04
6.66763 1.391794293472798745e+04
6.67054 1.391839987097484664e+04
6.67287 1.391880693145435544e+04
6.67519 1.391922362850186255e+04
6.67751 1.391962910041446958e+04
6.68041 1.392019988496145561e+04
6.68273 1.392086204367510618e+04
6.68505 1.392174002470205050e+04
6.68795 1.392308203592299469e+04
6.69027 1.392430880351612905e+04
6.69258 1.392564601368808144e+04
6.69548 1.392744952431402453e+04
6.69779 1.392898187249960938e+04
6.70011 1.393057848578037010e+04
6.703 1.393261641750162380e+04
6.70531 1.393425733210062936e+04
6.70762 1.393589147306988343e+04
6.71051 1.393790302378323577e+04
6.71283 1.393947224645340611e+04
6.71514 1.394099414590514425e+04
6.71803 1.394281729894422642e+04
6.72034 1.394420428567971794e+04
6.72265 1.394551520186600646e+04
6.72554 1.394702550447307112e+04
6.72785 1.394813624449169947e+04
6.73016 1.394916629481315613e+04
6.73305 1.395034976885131073e+04
6.73537 1.395122162782861778e+04
6.73768 1.395204408140645319e+04
6.74057 1.395308263888007059e+04
6.74288 1.395392363302280683e+04
6.7452 1.395476892494854474e+04
6.74751 1.395561347135717733e+04
6.75041 1.395664041717665714e+04
6.75272 1.395743486663059048e+04
6.75504 1.395820700908528670e+04
6.75794 1.395914523847288910e+04
6.76025 1.395988622958688393e+04
6.76257 1.396063818699985859e+04
6.76547 1.396151069739365266e+04
6.76779 1.396210798383587644e+04
6.77011 1.396262301248240328e+04
6.77301 1.396314975057728589e+04
6.77533 1.396349031992280652e+04
6.77765 1.396376577254757285e+04
6.78055 1.396402796617967033e+04
6.78287 1.396423336132701843e+04
6.78519 1.396450349196610114e+04
6.78751 1.396484166027149513e+04
6.79042 1.396536762298345093e+04
6.79274 1.396587904089462427e+04
6.79506 1.396648142475197892e+04
6.79797 1.396738385449111047e+04
6.80029 1.396825213633155363e+04
6.80261 1.396928617416069028e+04
6.80551 1.397076754306082330e+04
6.80783 1.397184774450430086e+04
6.81015 1.397279053925679909e+04
6.81305 1.397377251622794756e+04
6.81536 1.397441639204466628e+04
6.81768 1.397486261507512972e+04
6.82057 1.397512594355903093e+04
6.82289 1.397515510064860246e+04
6.8252 1.397504206596558470e+04
6.82752 1.397479840503652122e+04
6.83041 1.397432584948455587e+04
6.83272 1.397382545208188458e+04
6.83503 1.397322715452532975e+04
6.83792 1.397235859639130649e+04
6.84024 1.397158335682668439e+04
6.84255 1.397074891322638723e+04
6.84544 1.396963371094672038e+04
6.84775 1.396868771643800574e+04
6.85007 1.396769378031919223e+04
6.85296 1.396637933581076322e+04
6.85527 1.396526569075125553e+04
6.85759 1.396408935456049585e+04
6.86048 1.396251965785485118e+04
6.8628 1.396118089867139679e+04
6.86511 1.395977299607929490e+04
6.86801 1.395794540379986938e+04
6.87033 1.395657030863388900e+04
6.87265 1.395535050145395871e+04
6.87554 1.395403495533238856e+04
6.87787 1.395314458206138443e+04
6.88019 1.395239689980385265e+04
6.88251 1.395179031187897635e+04
6.88542 1.395123129931940093e+04
6.88774 1.395094440978135026e+04
6.89006 1.395080178425152917e+04
6.89296 1.395082998593306729e+04
6.89528 1.395101831878989287e+04
6.8976 1.395134257366773272e+04
6.90049 1.395193213320948598e+04
6.90281 1.395254682121750739e+04
6.90512 1.395326969434609964e+04
6.90802 1.395422245524594473e+04
6.91033 1.395499579542581523e+04
6.91264 1.395576622775077703e+04
6.91553 1.395671166983421244e+04
6.91784 1.395744438824353711e+04
6.92016 1.395814793612874928e+04
6.92304 1.395897455992735922e+04
6.92535 1.395958506650107665e+04
6.92767 1.396014321153228775e+04
6.93055 1.396075782914763113e+04
6.93286 1.396117587325705244e+04
6.93517 1.396152274825985296e+04
6.93806 1.396185001115947489e+04
6.94037 1.396202288388188572e+04
6.94268 1.396211307672064868e+04
6.94557 1.396210587490822763e+04
6.94788 1.396200508601877482e+04
6.9502 1.396183569315512796e+04
6.95251 1.396156352712345324e+04
6.9554 1.396102760171904629e+04
6.95771 1.396038528810085700e+04
6.96003 1.395953571913183623e+04
6.96292 1.395818769630675160e+04
6.96524 1.395688635637166954e+04
6.96755 1.395539542621216606e+04
6.97045 1.395328058691131810e+04
6.97277 1.395140369645785540e+04
6.97508 1.394937791060491509e+04
6.97798 1.394674118779812125e+04
6.9803 1.394473148121125996e+04
6.98261 1.394282903007277127e+04
6.98551 1.394060608878906169e+04
6.98783 1.393895591324106863e+04
6.99014 1.393741340217216384e+04
6.99304 1.393562088176228463e+04
6.99536 1.393428341076176730e+04
6.99768 1.393302017304346737e+04
7 1.393182261970018408e+04
7.0029 1.393040584336689426e+04
7.00523 1.392932814818209954e+04
7.00755 1.392829433269135006e+04
7.01046 1.392705613204932524e+04
7.01278 1.392610507053516449e+04
7.0151 1.392518681970233956e+04
7.018 1.392408058212138712e+04
7.02032 1.392322721553015981e+04
7.02264 1.392240132843781794e+04
7.02554 1.392140761905521686e+04
7.02785 1.392064546351657737e+04
7.03017 1.391991392617443489e+04
7.03306 1.391904659133244422e+04
7.03538 1.391839276065493686e+04
7.03769 1.391777588027968886e+04
7.04 1.391719595945074798e+04
7.04289 1.391652166923092591e+04
7.04521 1.391602103138175335e+04
7.04752 1.391555209106670009e+04
7.05041 1.391500473517965111e+04
7.05272 1.391459128693813545e+04
7.05503 1.391419180182145465e+04
7.05792 1.391369722026357340e+04
7.06023 1.391329161949682566e+04
7.06255 1.391286598551638781e+04
7.06544 1.391229688433154115e+04
7.06775 1.391180783441087260e+04
7.07006 1.391131523084356377e+04
7.07296 1.391081764631286023e+04
7.07527 1.391052025400063940e+04
7.07759 1.391030742605147680e+04
7.08048 1.391015293181766356e+04
7.0828 1.391011630500638057e+04
7.08512 1.391015558546475950e+04
7.08801 1.391030760935734543e+04
7.09034 1.391050372381954912e+04
7.09266 1.391074769985726016e+04
7.09556 1.391111017913158867e+04
7.09788 1.391144127883332294e+04
7.10021 1.391180546545831930e+04
7.10253 1.391220059678653342e+04
7.10544 1.391273370938686094e+04
7.10777 1.391318885200492150e+04
7.1101 1.391366823621175536e+04
7.113 1.391430042845412027e+04
7.11533 1.391483156510710069e+04
7.11765 1.391537870410805772e+04
7.12056 1.391606625740650270e+04
7.12288 1.391662175107410621e+04
7.1252 1.391718478015110668e+04
7.12753 1.391775789457948849e+04
7.13043 1.391849231341822633e+04
7.13275 1.391909766741027852e+04
7.13508 1.391973263202999260e+04
7.13798 1.392057951185042839e+04
7.1403 1.392129916739950932e+04
7.14262 1.392205440552310574e+04
7.14552 1.392304597033421669e+04
7.14784 1.392386817562367651e+04
7.15015 1.392469869941160323e+04
7.15305 1.392574293737173321e+04
7.15537 1.392658080833632084e+04
7.15768 1.392742140787271455e+04
7.16058 1.392848063715769422e+04
7.16289 1.392934929304474281e+04
7.16521 1.393020914770128002e+04
7.16752 1.393102333241397719e+04
7.17041 1.393198438355895087e+04
7.17273 1.393272346551107330e+04
7.17504 1.393343764756058590e+04
7.17793 1.393429142376202617e+04
7.18025 1.393494095832381754e+04
7.18256 1.393556032723131102e+04
7.18546 1.393629158499024925e+04
7.18778 1.393684159161494244e+04
7.19009 1.393735980556315371e+04
7.19299 1.393796128283856524e+04
7.19531 1.393840495990448471e+04
7.19763 1.393881439591342496e+04
7.20053 1.393927776815603647e+04
7.20285 1.393960928602139393e+04
7.20517 1.393990572070970484e+04
7.20808 1.394022688265001489e+04
7.2104 1.394044404987427333e+04
7.21273 1.394062621561177548e+04
7.21506 1.394077327092603264e+04
7.21796 1.394090805894150799e+04
7.22029 1.394097717933562126e+04
7.22261 1.394101236936454734e+04
7.22551 1.394100945298388069e+04
7.22783 1.394097034732670363e+04
7.23015 1.394089942411607990e+04
7.23305 1.394076719610032342e+04
7.23536 1.394062779985645102e+04
7.23768 1.394045968892539895e+04
7.24057 1.394021111293397371e+04
7.24289 1.393998327245539258e+04
7.2452 1.393973125193377928e+04
7.24751 1.393945688408455680e+04
7.2504 1.393908498950935427e+04
7.25272 1.393876669234161636e+04
7.25503 1.393843732833231843e+04
7.25792 1.393802150589898702e+04
7.26023 1.393768678733940396e+04
7.26254 1.393735107857929870e+04
7.26543 1.393693115013262286e+04
7.26774 1.393659581017097662e+04
7.27005 1.393626167437133336e+04
7.27294 1.393584663455080772e+04
7.27525 1.393551734129726356e+04
7.27757 1.393519103239495780e+04
7.28046 1.393478805817663670e+04
7.28277 1.393446991355385217e+04
7.28508 1.393415584721098639e+04
7.28798 1.393376867930397748e+04
7.29029 1.393346299944648490e+04
7.29261 1.393316005427526397e+04
7.29551 1.393278349137910482e+04
7.29782 1.393248209527075051e+04
7.30014 1.393217835708191706e+04
7.30304 1.393179189605573993e+04
7.30536 1.393147331091045271e+04
7.30768 1.393114190278811293e+04
7.31 1.393079301317146019e+04
7.3129 1.393032641729072384e+04
7.31522 1.392992747602747841e+04
7.31754 1.392950912995686667e+04
7.32044 1.392902241188879816e+04
7.32276 1.392868795927668907e+04
7.32509 1.392839648322135326e+04
7.32799 1.392808521678477882e+04
7.33031 1.392787554071260820e+04
7.33263 1.392769958502541340e+04
7.33554 1.392752452581994476e+04
7.33786 1.392741768704466995e+04
7.34017 1.392733776376191054e+04
7.34307 1.392727104330810471e+04
7.34539 1.392724034180176932e+04
7.34771 1.392722665631553718e+04
7.35002 1.392722411068750989e+04
7.35292 1.392722589983117723e+04
7.35523 1.392722838883679833e+04
7.35754 1.392723000575735750e+04
7.36044 1.392722900487117113e+04
7.36275 1.392722500110338842e+04
7.36506 1.392722409031017196e+04
7.36795 1.392723018788787522e+04
7.37027 1.392723911919048260e+04
7.37258 1.392725034416419294e+04
7.37547 1.392726596908218744e+04
7.37779 1.392727845476436414e+04
7.3801 1.392728990170116049e+04
7.38299 1.392730149156831976e+04
7.38531 1.392730769626691290e+04
7.38762 1.392731046347427582e+04
7.39051 1.392730828499228119e+04
7.39283 1.392730152935417573e+04
7.39515 1.392729003472865043e+04
7.39805 1.392726865884444305e+04
7.40036 1.392724531986729198e+04
7.40268 1.392721202201221786e+04
7.40501 1.392717734848519103e+04
7.40791 1.392713015985020684e+04
7.41023 1.392708720321451801e+04
7.41256 1.392703963755360201e+04
7.41546 1.392697419766429812e+04
7.41778 1.392691811812802734e+04
7.4201 1.392685924289781360e+04
7.423 1.392678206373646208e+04
7.42532 1.392671771994600931e+04
7.42764 1.392665144964985666e+04
7.43054 1.392656628314771115e+04
7.43285 1.392649666175222228e+04
7.43517 1.392642577263743988e+04
7.43806 1.392633561607753654e+04
7.44037 1.392626236567269007e+04
7.44268 1.392618807427673528e+04
7.44557 1.392609356624695101e+04
7.44788 1.392601635249861647e+04
7.45019 1.392593747548727879e+04
7.4525 1.392585663676445620e+04
7.45539 1.392575240625808874e+04
7.4577 1.392566609818268807e+04
7.46001 1.392557686605240087e+04
7.4629 1.392546082153885254e+04
7.46521 1.392536412398030006e+04
7.46752 1.392526380053057619e+04
7.47041 1.392513318882488602e+04
7.47272 1.392502447670046240e+04
7.47503 1.392491206438337940e+04
7.47792 1.392476646271589198e+04
7.48023 1.392464604138028881e+04
7.48255 1.392452229481178620e+04
7.48544 1.392436300510586079e+04
7.48775 1.392423209483186110e+04
7.49007 1.392409805912161573e+04
7.49297 1.392392617805614827e+04
7.49528 1.392378515833570782e+04
7.4976 1.392364088918607922e+04
7.5005 1.392345565421031461e+04
7.50281 1.392330309942799249e+04
7.50513 1.392314618174290081e+04
7.50803 1.392294295818767023e+04
7.51035 1.392277636876575889e+04
7.51267 1.392261353593759122e+04
7.51557 1.392241408089259312e+04
7.51789 1.392225572531894795e+04
7.52021 1.392209641585661302e+04
7.52253 1.392193478702827815e+04
7.52543 1.392172733606773181e+04
7.52776 1.392155559395853015e+04
7.53008 1.392137738182653629e+04
7.53299 1.392114380549763700e+04
7.53532 1.392094729729042228e+04
7.53764 1.392074166292513473e+04
7.54054 1.392047085480384885e+04
7.54286 1.392024337701831428e+04
7.54518 1.392000621363618484e+04
7.54808 1.391969703842026138e+04
7.55039 1.391944031247938256e+04
7.55271 1.391917612948328497e+04
7.55502 1.391890558757489634e+04
7.55792 1.391855979977352217e+04
7.56023 1.391827850567413407e+04
7.56254 1.391799396139982673e+04
7.56543 1.391763509349830565e+04
7.56775 1.391734629985522952e+04
7.57006 1.391705657904810141e+04
7.57295 1.391669377691052614e+04
7.57526 1.391640331717344088e+04
7.57757 1.391611285899035101e+04
7.58046 1.391574997785892810e+04
7.58278 1.391545988308189408e+04
7.58509 1.391517008073747274e+04
7.58798 1.391480835422037853e+04
7.59029 1.391451954390192077e+04
7.59261 1.391423151775726365e+04
7.5955 1.391387274971838269e+04
7.59781 1.391358729306245550e+04
7.60013 1.391330342162574925e+04
7.60303 1.391295160502090403e+04
7.60534 1.391267303765558063e+04
7.60766 1.391239755869642431e+04
7.61056 1.391205850294853190e+04
7.61289 1.391179199343005166e+04
7.61521 1.391153057852678648e+04
7.61753 1.391127456773564336e+04
7.62044 1.391096325548520872e+04
7.62276 1.391072179461265841e+04
7.62509 1.391048741423386309e+04
7.628 1.391020457619550507e+04
7.63032 1.390998624940433911e+04
7.63264 1.390977435386489014e+04
7.63555 1.390951717809368165e+04
7.63787 1.390931595998264493e+04
7.6402 1.390911691519806845e+04
7.64252 1.390891807019619955e+04
7.64543 1.390866676524821196e+04
7.64775 1.390846170249318675e+04
7.65008 1.390825383805450292e+04
7.65298 1.390800995288380909e+04
7.6553 1.390784993508009211e+04
7.65762 1.390771965150110009e+04
7.66052 1.390759506375356978e+04
7.66284 1.390752324236267850e+04
7.66515 1.390747380584910752e+04
7.66805 1.390743999271309804e+04
7.67037 1.390743256091433977e+04
7.67268 1.390744005322434896e+04
7.67558 1.390746681105140124e+04
7.67789 1.390749927151850352e+04
7.68021 1.390753905060923171e+04
7.68252 1.390758386322426122e+04
7.68542 1.390764352810645505e+04
7.68773 1.390769142683664541e+04
7.69005 1.390773638709488841e+04
7.69294 1.390778364320113724e+04
7.69526 1.390781225540431660e+04
7.69757 1.390783116796171089e+04
7.70047 1.390783929707014249e+04
7.70278 1.390783207513198613e+04
7.7051 1.390781159801043214e+04
7.708 1.390776605460704377e+04
7.71032 1.390771257636240080e+04
7.71264 1.390764238671172825e+04
7.71554 1.390752782464557458e+04
7.71787 1.390741360518754300e+04
7.72019 1.390727870317971247e+04
7.72252 1.390712512333168161e+04
7.72543 1.390692749698355146e+04
7.72775 1.390675877964766369e+04
7.73008 1.390657700786020723e+04
7.73299 1.390633048960349151e+04
7.73531 1.390611795540103776e+04
7.73763 1.390589197423497899e+04
7.74053 1.390559173999091581e+04
7.74285 1.390533765998091076e+04
7.74517 1.390507206440652590e+04
7.74806 1.390472450450514043e+04
7.75038 1.390443471689350372e+04
7.75269 1.390413507675288929e+04
7.75501 1.390382591502143987e+04
7.7579 1.390342703131211238e+04
7.76021 1.390309822728413201e+04
7.76252 1.390276130868633118e+04
7.76541 1.390232909351092894e+04
7.76773 1.390197480230525252e+04
7.77004 1.390161320746372439e+04
7.77292 1.390115120623788425e+04
7.77524 1.390077386096317969e+04
7.77755 1.390038982874902649e+04
7.78044 1.389990062616841897e+04
7.78275 1.389950222930744530e+04
7.78506 1.389909776177200001e+04
7.78795 1.389858402660732645e+04
7.79026 1.389816686028951335e+04
7.79257 1.389774437017349555e+04
7.79547 1.389720948830382986e+04
7.79778 1.389677618001031442e+04
7.8001 1.389633869785927709e+04
7.80299 1.389578607118258697e+04
7.80531 1.389533975814297264e+04
7.80763 1.389488999851205517e+04
7.81053 1.389432295494827486e+04
7.81285 1.389386604117138995e+04
7.81517 1.389340627767601654e+04
7.81807 1.389282778339646757e+04
7.82039 1.389236184523853990e+04
7.82271 1.389189316531127406e+04
7.82504 1.389142165865684728e+04
7.82794 1.389082797949125961e+04
7.83026 1.389034967599150150e+04
7.83259 1.388986820020350024e+04
7.83549 1.388926169262322583e+04
7.83781 1.388877305618799983e+04
7.84013 1.388828091038627463e+04
7.84303 1.388766057043462752e+04
7.84535 1.388716008864398100e+04
7.84767 1.388665537955378022e+04
7.85056 1.388601884772893573e+04
7.85287 1.388550444669398348e+04
7.85519 1.388498547762517774e+04
7.8575 1.388446157964431222e+04
7.8604 1.388379941229834913e+04
7.86271 1.388326357825398918e+04
7.86502 1.388272191501704947e+04
7.86791 1.388203624289380059e+04
7.87023 1.388148034632733652e+04
7.87254 1.388091745060130597e+04
7.87543 1.388020342207676003e+04
7.87774 1.387962326907333227e+04
7.88006 1.387903468829483973e+04
7.88295 1.387828649931749533e+04
7.88527 1.387767723037407450e+04
7.88758 1.387705823789088026e+04
7.89048 1.387626972958233091e+04
7.89279 1.387562699066747336e+04
7.89511 1.387497309241030780e+04
7.89801 1.387413972377679238e+04
7.90033 1.387346018582651595e+04
7.90265 1.387276869539214385e+04
7.90556 1.387188845674710319e+04
7.90788 1.387117097130907496e+04
7.91021 1.387044255930951840e+04
7.91253 1.386970417234552224e+04
7.91543 1.386876777293420855e+04
7.91775 1.386800822264280941e+04
7.92007 1.386724066180179580e+04
7.92297 1.386626989611627505e+04
7.92528 1.386548609865356593e+04
7.9276 1.386469604489097401e+04
7.93049 1.386370159728696126e+04
7.9328 1.386290153014571479e+04
7.93511 1.386209833965847065e+04
7.938 1.386109168223033703e+04
7.94032 1.386028490611929919e+04
7.94263 1.385947812360336320e+04
7.94551 1.385847037355983957e+04
7.94782 1.385766580170880115e+04
7.95013 1.385686334911201266e+04
7.95302 1.385586412718400243e+04
7.95533 1.385506846653870707e+04
7.95764 1.385427659700946970e+04
7.96053 1.385329240331259098e+04
7.96284 1.385250999537855387e+04
7.96515 1.385173183321828583e+04
7.96804 1.385076523270954749e+04
7.97035 1.384999639966135874e+04
7.97266 1.384923105888286045e+04
7.97556 1.384827856981033256e+04
7.97787 1.384751859101091759e+04
7.98019 1.384675973726613120e+04
7.9825 1.384600015869536037e+04
7.9854 1.384504778932710906e+04
7.98772 1.384428129841131886e+04
7.99003 1.384350825629710380e+04
7.99293 1.384252891523894868e+04
7.99525 1.384173158039288683e+04
7.99757 1.384092011327107684e+04
8.00047 1.383988845964647589e+04
8.00279 1.383907942023725263e+04
8.00511 1.383829643555436814e+04
8.00802 1.383735299802490226e+04
8.01034 1.383662580848943799e+04
8.01267 1.383592196134246115e+04
8.01557 1.383507461083116868e+04
8.0179 1.383442167581355170e+04
8.02022 1.383378895136277060e+04
8.02254 1.383317500042129723e+04
8.02545 1.383242891409962067e+04
8.02777 1.383183946752190059e+04
8.03008 1.383125223535194345e+04
8.03298 1.383051623041333187e+04
8.0353 1.382992373315829900e+04
8.03761 1.382932523200221476e+04
8.0405 1.382856633860183319e+04
8.04282 1.382794866272441686e+04
8.04513 1.382732007835296827e+04
8.04802 1.382651750611745592e+04
8.05033 1.382586057412571790e+04
8.05264 1.382518970141583850e+04
8.05553 1.382433018866178827e+04
8.05785 1.382362503381854367e+04
8.06016 1.382290358878600455e+04
8.06305 1.382197782569022820e+04
8.06536 1.382121723794602804e+04
8.06767 1.382043829906731844e+04
8.07056 1.381943724305550495e+04
8.07288 1.381861400620144923e+04
8.07519 1.381776945587109003e+04
8.07751 1.381690260309599580e+04
8.0804 1.381577934762632503e+04
8.08272 1.381484722249823608e+04
8.08504 1.381390195232051883e+04
8.08794 1.381268993298169698e+04
8.09026 1.381169470825230019e+04
8.09258 1.381067509493537364e+04
8.09549 1.380936734045507183e+04
8.09781 1.380829456197219770e+04
8.10014 1.380719843936885991e+04
8.10305 1.380579725819706800e+04
8.10537 1.380465268377930988e+04
8.1077 1.380348750468159778e+04
8.11002 1.380230290794840766e+04
8.11293 1.380079620202566366e+04
8.11525 1.379957144969038018e+04
8.11758 1.379833089303566703e+04
8.12048 1.379676012523228746e+04
8.12281 1.379548931454303602e+04
8.12513 1.379420760551622698e+04
8.12803 1.379259433058816467e+04
8.13036 1.379129571592206048e+04
8.13268 1.378999204431116050e+04
8.13557 1.378835740614816132e+04
8.13789 1.378704677638043722e+04
8.14021 1.378573535976303538e+04
8.14253 1.378442331457276669e+04
8.14542 1.378278433578260774e+04
8.14774 1.378147438784459519e+04
8.15005 1.378016616728937697e+04
8.15295 1.377853390339621183e+04
8.15526 1.377723070008959621e+04
8.15758 1.377593011115658555e+04
8.16047 1.377430833115583846e+04
8.16279 1.377301403081242643e+04
8.1651 1.377172299649253728e+04
8.168 1.377011369454094165e+04
8.17031 1.376883028182456474e+04
8.17263 1.376755072924914930e+04
8.17553 1.376595657722565920e+04
8.17785 1.376468650538457587e+04
8.18017 1.376342009951883483e+04
8.18307 1.376184427167649665e+04
8.18539 1.376058832513421657e+04
8.18771 1.375933723918680516e+04
8.19004 1.375809087110783548e+04
8.19295 1.375653819532771195e+04
8.19527 1.375530133364791254e+04
8.1976 1.375406879761058190e+04
8.20051 1.375253352411932065e+04
8.20283 1.375131062732646569e+04
8.20516 1.375009106607833019e+04
8.20806 1.374857074230565559e+04
8.21038 1.374735763272514123e+04
8.2127 1.374614598069683780e+04
8.21501 1.374493698534952273e+04
8.21791 1.374342715534080708e+04
8.22022 1.374222123199906673e+04
8.22254 1.374101662857639531e+04
8.22543 1.373951305249447978e+04
8.22774 1.373831247632544728e+04
8.23006 1.373711387146942434e+04
8.23295 1.373561975513711332e+04
8.23526 1.373442771527347759e+04
8.23757 1.373323922730203958e+04
8.24046 1.373175893032729982e+04
8.24277 1.373057923805408063e+04
8.24508 1.372940383801716780e+04
8.24797 1.372794078888949480e+04
8.25028 1.372677527828600614e+04
8.25259 1.372561440908283112e+04
8.25548 1.372416941467171091e+04
8.25779 1.372301870999203311e+04
8.26011 1.372187255043073310e+04
8.263 1.372044659075253185e+04
8.26532 1.371931165844686802e+04
8.26763 1.371818170798249957e+04
8.27053 1.371677794036503110e+04
8.27285 1.371566112912193057e+04
8.27516 1.371455147664876858e+04
8.27806 1.371317443889905007e+04
8.28039 1.371208176259357242e+04
8.28271 1.371099800939079614e+04
8.28503 1.370992361789894130e+04
8.28793 1.370859532160901836e+04
8.29026 1.370754463926062635e+04
8.29258 1.370650601680743966e+04
8.29549 1.370522530666860621e+04
8.29781 1.370421590002793346e+04
8.30013 1.370322160205987529e+04
8.30304 1.370200234646192621e+04
8.30536 1.370104518575092334e+04
8.30767 1.370010631811516032e+04
8.31057 1.369895773898337393e+04
8.31289 1.369806027892645034e+04
8.3152 1.369718211704093846e+04
8.31752 1.369632364357902952e+04
8.32041 1.369527903017638164e+04
8.32272 1.369446590845914761e+04
8.32504 1.369367305359810234e+04
8.32793 1.369270970287059390e+04
8.33024 1.369196065699032260e+04
8.33255 1.369123002324895606e+04
8.33544 1.369034089597455386e+04
8.33776 1.368964707104837726e+04
8.34007 1.368896666083895616e+04
8.34296 1.368813067938685890e+04
8.34528 1.368747031992745542e+04
8.34759 1.368681501492151074e+04
8.35049 1.368602281753255738e+04
8.35281 1.368543480530421766e+04
8.35512 1.368488479318842292e+04
8.35802 1.368424707592820778e+04
8.36034 1.368377398860156063e+04
8.36266 1.368333188010518279e+04
8.36557 1.368281865370111336e+04
8.36789 1.368243716461359509e+04
8.37022 1.368207894816696171e+04
8.37254 1.368173922998343551e+04
8.37545 1.368133407116041235e+04
8.37777 1.368102313146902452e+04
8.38009 1.368072141103616013e+04
8.38298 1.368035506059926774e+04
8.3853 1.368006845630027237e+04
8.38761 1.367978611634497247e+04
8.39051 1.367943699735209702e+04
8.39282 1.367915914068870006e+04
8.39513 1.367888192910612634e+04
8.39802 1.367853458666471852e+04
8.40033 1.367825436793470726e+04
8.40265 1.367796748849632422e+04
8.40553 1.367761397938626214e+04
8.40784 1.367732934308608310e+04
8.41015 1.367704149817460348e+04
8.41304 1.367667639341224458e+04
8.41535 1.367637973931625129e+04
8.41766 1.367607891026547622e+04
8.42055 1.367569718255236330e+04
8.42286 1.367538758305708507e+04
8.42517 1.367507493633000740e+04
8.42806 1.367468128553472343e+04
8.43037 1.367436569725227673e+04
8.43268 1.367405160908329344e+04
8.43557 1.367366416509179726e+04
8.43789 1.367336129649905160e+04
8.4402 1.367306664447753974e+04
8.44252 1.367278197364306106e+04
8.44542 1.367244213624714030e+04
8.44773 1.367218868088918134e+04
8.45005 1.367195828054214871e+04
8.45295 1.367170305627302514e+04
8.45527 1.367152566854729776e+04
8.45759 1.367137274176257415e+04
8.46049 1.367121733786452205e+04
8.46281 1.367112266386307419e+04
8.46513 1.367105518759335791e+04
8.46804 1.367100989650392876e+04
8.47036 1.367100507370726336e+04
8.47269 1.367102791013021670e+04
8.47501 1.367107776343263686e+04
8.47792 1.367117649690976396e+04
8.48025 1.367128289744883659e+04
8.48257 1.367141196646770550e+04
8.48547 1.367160274341492186e+04
8.4878 1.367177673790988229e+04
8.49012 1.367196809724460400e+04
8.49301 1.367222902545724537e+04
8.49533 1.367245336510749621e+04
8.49765 1.367268984613104476e+04
8.50054 1.367300022707263452e+04
8.50286 1.367325883797947790e+04
8.50517 1.367352518151215736e+04
8.50806 1.367386677819301622e+04
8.51037 1.367414460834478632e+04
8.51269 1.367442435577638207e+04
8.515 1.367470384802714761e+04
8.51789 1.367504986290134730e+04
8.5202 1.367532197310701486e+04
8.52252 1.367558843081996201e+04
8.52541 1.367591211479056983e+04
8.52772 1.367616310368738596e+04
8.53003 1.367640665109152178e+04
8.53292 1.367670001791405775e+04
8.53524 1.367692499571933695e+04
8.53755 1.367714034113101661e+04
8.54045 1.367739500351727656e+04
8.54276 1.367758340454911013e+04
8.54508 1.367775460182844290e+04
8.54798 1.367793862646118578e+04
8.5503 1.367805741898720225e+04
8.55262 1.367814671762075159e+04
8.55552 1.367821208252652832e+04
8.55785 1.367822552391924910e+04
8.56017 1.367820202183193396e+04
8.56308 1.367811797564737026e+04
8.56541 1.367800562904187609e+04
8.56773 1.367785316803936803e+04
8.57006 1.367766223057741627e+04
8.57297 1.367736550065698430e+04
8.57529 1.367707568270693992e+04
8.57762 1.367673402769283348e+04
8.58052 1.367622861254709642e+04
8.58285 1.367575910613805172e+04
8.58518 1.367523087956336167e+04
8.58808 1.367448732121811736e+04
8.5904 1.367382594951825013e+04
8.59273 1.367310517577432984e+04
8.59505 1.367232383005203883e+04
8.59795 1.367126135257717578e+04
8.60027 1.367034015548501520e+04
8.60258 1.366935442475740638e+04
8.60548 1.366802849015087304e+04
8.6078 1.366689087776015913e+04
8.61011 1.366568348285871070e+04
8.61301 1.366407400845251505e+04
8.61532 1.366270532392853784e+04
8.61764 1.366126359953645260e+04
8.62054 1.365935800000784002e+04
8.62285 1.365775037847222848e+04
8.62517 1.365606834753024850e+04
8.62806 1.365386089593396537e+04
8.63038 1.365201097017834763e+04
8.6327 1.365008612300634741e+04
8.63501 1.364808676961236233e+04
8.63791 1.364547070148286366e+04
8.64023 1.364327962401626428e+04
8.64255 1.364100095187800980e+04
8.64546 1.363803515483396041e+04
8.64778 1.363557578968242342e+04
8.6501 1.363304504531034399e+04
8.65301 1.362979559199313917e+04
8.65534 1.362713324297945474e+04
8.65766 1.362442817495758572e+04
8.66057 1.362100023294381026e+04
8.6629 1.361823267067481720e+04
8.66523 1.361545427403935719e+04
8.66756 1.361267539176039281e+04
8.67046 1.360920544715125470e+04
8.67278 1.360644342283988044e+04
8.6751 1.360369523397341254e+04
8.678 1.360029097859234389e+04
8.68032 1.359759744369857253e+04
8.68264 1.359493267818170352e+04
8.68553 1.359164386186462252e+04
8.68785 1.358904189712262996e+04
8.69016 1.358646416643221346e+04
8.69305 1.358326650427174354e+04
8.69537 1.358072349393451259e+04
8.69768 1.357818845474844238e+04
8.70057 1.357502451197241680e+04
8.70288 1.357249300488476183e+04
8.70519 1.356995741261372314e+04
8.7075 1.356741549391409353e+04
8.71039 1.356422592491630348e+04
8.7127 1.356166261583569212e+04
8.71502 1.355908816460066191e+04
8.71791 1.355585347802017532e+04
8.72022 1.355325205974674827e+04
8.72253 1.355063883843738586e+04
8.72542 1.354735350213386118e+04
8.72774 1.354471163735541268e+04
8.73005 1.354205435230571129e+04
8.73295 1.353865063989121882e+04
8.73526 1.353568804693819038e+04
8.73758 1.353252428224052346e+04
8.74048 1.352833769064306034e+04
8.7428 1.352483203356249942e+04
8.74512 1.352121333494545979e+04
8.74802 1.351655637419448249e+04
8.75034 1.351274776387727979e+04
8.75267 1.350888482514852330e+04
8.75557 1.350400804256867377e+04
8.75789 1.350009154257627233e+04
8.76022 1.349618182045854155e+04
8.76254 1.349230043605755600e+04
8.76545 1.348751584489295055e+04
8.76778 1.348376737996018892e+04
8.7701 1.348011063624015878e+04
8.77301 1.347569492579433063e+04
8.77533 1.347230644520095302e+04
8.77766 1.346906373595694640e+04
8.78056 1.346522829157173874e+04
8.78288 1.346235001219281367e+04
8.7852 1.345964591377273973e+04
8.78751 1.345712308182022934e+04
8.79041 1.345422986568835404e+04
8.79273 1.345213849299088361e+04
8.79504 1.345030163179548254e+04
8.79793 1.344835645916749854e+04
8.80024 1.344707070468263373e+04
8.80256 1.344601462383370199e+04
8.80545 1.344500707246527963e+04
8.80776 1.344444109892183587e+04
8.81007 1.344407955163055703e+04
8.81296 1.344390305501320472e+04
8.81527 1.344397325685436590e+04
8.81759 1.344422413202547068e+04
8.82048 1.344478269341545092e+04
8.8228 1.344542020825989130e+04
8.82511 1.344622350006674787e+04
8.82801 1.344745726779506913e+04
8.83033 1.344862557364472559e+04
8.83265 1.344995181465051064e+04
8.83555 1.345183132151729296e+04
8.83787 1.345352845080127736e+04
8.84019 1.345541265603670763e+04
8.84252 1.345747765235946645e+04
8.84542 1.346030239730789253e+04
8.84775 1.346274609461861291e+04
8.85008 1.346533888987728642e+04
8.85298 1.346876309596933424e+04
8.85531 1.347163442151516028e+04
8.85763 1.347460171911168072e+04
8.86053 1.347842226062724694e+04
8.86285 1.348154545691705061e+04
8.86516 1.348470890494163723e+04
8.86806 1.348869653857033700e+04
8.87038 1.349189252001037494e+04
8.87269 1.349508082419622042e+04
8.875 1.349824741619810993e+04
8.87789 1.350216261146690340e+04
8.88021 1.350525015921704471e+04
8.88252 1.350829052745259651e+04
8.88541 1.351203398985792956e+04
8.88772 1.351500761823009816e+04
8.89003 1.351797661784102456e+04
8.89292 1.352166201771592750e+04
8.89523 1.352457954659692587e+04
8.89754 1.352746359306822160e+04
8.90043 1.353101589432392029e+04
8.90274 1.353381303789703088e+04
8.90505 1.353656997034555388e+04
8.90793 1.353996082009152997e+04
8.91025 1.354263394033404984e+04
8.91256 1.354527464099431381e+04
8.91545 1.354853578048044255e+04
8.91776 1.355111546127056499e+04
8.92008 1.355367081755736399e+04
8.92297 1.355683323969188132e+04
8.92528 1.355933672241131171e+04
8.9276 1.356181899094175787e+04
8.9305 1.356488836760570666e+04
8.93282 1.356731866937694213e+04
8.93514 1.356972502127757980e+04
8.93804 1.357269928140778211e+04
8.94036 1.357505187240147279e+04
8.94268 1.357737865667374717e+04
8.94501 1.357968136197653439e+04
8.94791 1.358252221265437765e+04
8.95024 1.358476604572850738e+04
8.95257 1.358698246751042643e+04
8.95548 1.358971350747793440e+04
8.9578 1.359186616624397357e+04
8.96013 1.359398824741421595e+04
8.96304 1.359659226593437234e+04
8.96537 1.359863945574764693e+04
8.96769 1.360065114320852808e+04
8.97001 1.360262730091392223e+04
8.97291 1.360502873521140646e+04
8.97523 1.360685016818977419e+04
8.97755 1.360857923726111767e+04
8.98045 1.361060488126340897e+04
8.98276 1.361211164879185162e+04
8.98508 1.361350896987328633e+04
8.98797 1.361509254628606141e+04
8.99028 1.361622264375298801e+04
8.9926 1.361722795945252983e+04
8.99549 1.361830889288675280e+04
8.9978 1.361903559202793986e+04
9.00012 1.361964473134508444e+04
9.00301 1.362025122578585433e+04
9.00532 1.362062301189406935e+04
9.00763 1.362090484452190321e+04
9.01053 1.362114731045339613e+04
9.01284 1.362126729587974114e+04
9.01515 1.362133380015953844e+04
9.01805 1.362135813167351989e+04
9.02036 1.362134261025803607e+04
9.02268 1.362130551757952526e+04
9.02557 1.362124007264751526e+04
9.02789 1.362117963799483186e+04
9.03021 1.362111685869088069e+04
9.03253 1.362105499362895353e+04
9.03543 1.362098253471731368e+04
9.03775 1.362093020104306379e+04
9.04007 1.362088379772673761e+04
9.04298 1.362083439362015815e+04
9.0453 1.362080144904279223e+04
9.04763 1.362077365434613966e+04
9.05054 1.362074462112032234e+04
9.05287 1.362072448363670992e+04
9.0552 1.362070554003635334e+04
9.05752 1.362068618032211998e+04
9.06043 1.362065878667252582e+04
9.06276 1.362063215321679672e+04
9.06509 1.362059939111002677e+04
9.068 1.362054717459582207e+04
9.07032 1.362049440197785225e+04
9.07265 1.362043025379730716e+04
9.07556 1.362033200105668948e+04
9.07789 1.362023701883508693e+04
9.08021 1.362012595997961034e+04
9.08253 1.361999817144660483e+04
9.08544 1.361981551812732505e+04
9.08776 1.361965237975297168e+04
9.09008 1.361947619682044206e+04
9.09298 1.361924078832158375e+04
9.0953 1.361904336589823106e+04
9.09762 1.361884053801757000e+04
9.10051 1.361858320601482592e+04
9.10283 1.361837725415821114e+04
9.10515 1.361817363376934554e+04
9.10805 1.361792560014520313e+04
9.11036 1.361773459950536017e+04
9.11268 1.361755197218927424e+04
9.11558 1.361733754872201098e+04
9.11789 1.361717840565272854e+04
9.12021 1.361703111603058460e+04
9.12253 1.361689611409229474e+04
9.12543 1.361674466826241223e+04
9.12775 1.361663710312433068e+04
9.13007 1.361654099773018606e+04
9.13297 1.361643582234414498e+04
9.13529 1.361636239922337882e+04
9.13761 1.361629721824103763e+04
9.14051 1.361622534285650545e+04
9.14284 1.361617377945690168e+04
9.14516 1.361612598273509138e+04
9.14807 1.361606931851742229e+04
9.15039 1.361602483644097629e+04
9.15272 1.361597972723480962e+04
9.15505 1.361593286464399171e+04
9.15796 1.361587049878185644e+04
9.16029 1.361581742700588075e+04
9.16262 1.361576162069422207e+04
9.16553 1.361568783939987952e+04
9.16785 1.361562519362518651e+04
9.17018 1.361555912036329391e+04
9.17308 1.361547176104117716e+04
9.1754 1.361539854065665531e+04
9.17772 1.361532339320374740e+04
9.18004 1.361524772389978170e+04
9.18293 1.361515561560651258e+04
9.18525 1.361508704877580385e+04
9.18757 1.361502635975335033e+04
9.19046 1.361496665223943273e+04
9.19277 1.361493587951758673e+04
9.19509 1.361492356410068533e+04
9.19798 1.361493791252326992e+04
9.20029 1.361497518869969463e+04
9.20261 1.361503598565488937e+04
9.2055 1.361514327806535221e+04
9.20781 1.361525058799755243e+04
9.21012 1.361537230657411055e+04
9.21301 1.361553674972747467e+04
9.21532 1.361567145317255563e+04
9.21764 1.361580330919247535e+04
9.22053 1.361595719917132919e+04
9.22284 1.361606720508599210e+04
9.22515 1.361616275076346028e+04
9.22805 1.361625956233137003e+04
9.23036 1.361631818620681406e+04
9.23268 1.361636023946913519e+04
9.23557 1.361639072698454947e+04
9.23789 1.361639890962433310e+04
9.24021 1.361639429948042016e+04
9.24252 1.361637853968835952e+04
9.24542 1.361634575410581238e+04
9.24774 1.361631110213364991e+04
9.25006 1.361627073184575238e+04
9.25297 1.361621441942185811e+04
9.25529 1.361616635611216407e+04
9.25761 1.361611680891987999e+04
9.26052 1.361605419590438760e+04
9.26285 1.361600436933326819e+04
9.26517 1.361595522478187013e+04
9.26808 1.361589499389189223e+04
9.27041 1.361584762428371323e+04
9.27274 1.361580063978346152e+04
9.27506 1.361575354040280399e+04
9.27797 1.361569332120450417e+04
9.28029 1.361564298040976064e+04
9.28262 1.361558960289422066e+04
9.28552 1.361551683311962006e+04
9.28784 1.361545233070962604e+04
9.29016 1.361538082106003094e+04
9.29305 1.361527999030313913e+04
9.29537 1.361518891754414472e+04
9.29769 1.361508734633064341e+04
9.30001 1.361497384115506611e+04
9.3029 1.361481241361173670e+04
9.30522 1.361466497504092513e+04
9.30753 1.361449832690492804e+04
9.31043 1.361425848303470229e+04
9.31274 1.361403851197877339e+04
9.31506 1.361379494518920364e+04
9.31795 1.361349305623404325e+04
9.32027 1.361326262538013179e+04
9.32258 1.361304282239810163e+04
9.32548 1.361278374797416291e+04
9.32779 1.361258890690059889e+04
9.33011 1.361240483741581556e+04
9.33301 1.361218892235055682e+04
9.33533 1.361202655096421222e+04
9.33764 1.361187228440627041e+04
9.34054 1.361168894462117896e+04
9.34286 1.361154832672048360e+04
9.34519 1.361141186059290339e+04
9.34751 1.361127923226709936e+04
9.35041 1.361111776991553961e+04
9.35274 1.361099095378140191e+04
9.35506 1.361086498081177888e+04
9.35797 1.361072156038586581e+04
9.3603 1.361063485013726859e+04
9.36262 1.361056534511452628e+04
9.36553 1.361049339540508117e+04
9.36786 1.361044307939402643e+04
9.37018 1.361039658877578404e+04
9.37308 1.361034201089061025e+04
9.3754 1.361030050251422654e+04
9.37772 1.361026067898938345e+04
9.38004 1.361022263004735760e+04
9.38293 1.361017775807075850e+04
9.38525 1.361014431590613094e+04
9.38756 1.361011329792809920e+04
9.39045 1.361007825794899509e+04
9.39277 1.361005338906740326e+04
9.39508 1.361003136153910782e+04
9.39797 1.361000775769126085e+04
9.40028 1.360999187685671131e+04
9.40259 1.360997849929225231e+04
9.40548 1.360996497101229215e+04
9.40779 1.360995639104269685e+04
9.4101 1.360994949894501224e+04
9.41299 1.360994283505854037e+04
9.4153 1.360993878465945818e+04
9.41761 1.360993571802784936e+04
9.4205 1.360993324965188367e+04
9.42281 1.360993253824348722e+04
9.42512 1.360993329179700049e+04
9.42801 1.360993708625901490e+04
9.43033 1.360994326974126670e+04
9.43264 1.360995321245059131e+04
9.43553 1.360997252662179017e+04
9.43785 1.360999495446872970e+04
9.44016 1.361002500629255519e+04
9.44306 1.361007548180267986e+04
9.44537 1.361012800775747746e+04
9.44769 1.361019297912291768e+04
9.45001 1.361027196253905277e+04
9.45291 1.361039261943223755e+04
9.45523 1.361050851051373320e+04
9.45755 1.361064288362970547e+04
9.46045 1.361083856887093498e+04
9.46278 1.361101828200071577e+04
9.4651 1.361121918736672887e+04
9.46801 1.361150071111703619e+04
9.47033 1.361175017193241729e+04
9.47266 1.361202115834996221e+04
9.47557 1.361238898059124040e+04
9.4779 1.361270569659946159e+04
9.48023 1.361304093745200407e+04
9.48256 1.361339295018060693e+04
9.48547 1.361385335943184145e+04
9.4878 1.361423560273551630e+04
9.49012 1.361462680088537672e+04
9.49302 1.361512988424179275e+04
9.49535 1.361555112833639578e+04
9.49767 1.361598668002716840e+04
9.50057 1.361654567444056920e+04
9.50289 1.361700008800547039e+04
9.50521 1.361745680103491577e+04
9.50752 1.361791275846318058e+04
9.51042 1.361847937821993401e+04
9.51274 1.361892758044323637e+04
9.51505 1.361936929194435834e+04
9.51795 1.361990991507100625e+04
9.52026 1.362033158732881566e+04
9.52257 1.362074255772159449e+04
9.52547 1.362123978578311107e+04
9.52778 1.362162369158312322e+04
9.5301 1.362199478737451136e+04
9.53299 1.362244033528725777e+04
9.5353 1.362278208579123020e+04
9.53762 1.362311088397573440e+04
9.54051 1.362350400526711746e+04
9.54282 1.362380467206779394e+04
9.54514 1.362409346178873602e+04
9.54803 1.362443866788657942e+04
9.55035 1.362470285135166159e+04
9.55267 1.362495713986277224e+04
9.55556 1.362526211928729208e+04
9.55788 1.362549665651661417e+04
9.5602 1.362572369350545523e+04
9.56252 1.362594385085658541e+04
9.56542 1.362621066512571088e+04
9.56774 1.362641814820377840e+04
9.57006 1.362662116345125651e+04
9.57297 1.362686975257060476e+04
9.57529 1.362706539501512452e+04
9.57762 1.362725919040218469e+04
9.58053 1.362749995379462598e+04
9.58286 1.362769274550614318e+04
9.58519 1.362788649116487613e+04
9.58752 1.362808212219374582e+04
9.59043 1.362833067904505879e+04
9.59276 1.362853376353171370e+04
9.59509 1.362874145061572926e+04
9.598 1.362900864795681446e+04
9.60033 1.362922925911062885e+04
9.60266 1.362945658582556462e+04
9.60557 1.362975103041204784e+04
9.6079 1.362999542373065378e+04
9.61023 1.363024814593416886e+04
9.61255 1.363050956601599319e+04
9.61546 1.363084934043955946e+04
9.61779 1.363113171915827115e+04
9.62012 1.363142416329994558e+04
9.62302 1.363180423439052902e+04
9.62534 1.363212037497438905e+04
9.62767 1.363244761175554777e+04
9.63057 1.363287241946454560e+04
9.63289 1.363322519506325261e+04
9.63521 1.363358926313544907e+04
9.63753 1.363396474289149046e+04
9.64043 1.363444971313036331e+04
9.64275 1.363484983214759995e+04
9.64507 1.363526030653313865e+04
9.64797 1.363578702040484859e+04
9.65029 1.363621851382908426e+04
9.65261 1.363665808414932872e+04
9.6555 1.363721757681780036e+04
9.65782 1.363767202164562332e+04
9.66014 1.363813141291387910e+04
9.66304 1.363871096895666233e+04
9.66536 1.363917746571336829e+04
9.66768 1.363964509096388247e+04
9.67058 1.364022938931656972e+04
9.6729 1.364069469135223517e+04
9.67522 1.364115659576040707e+04
9.67754 1.364161332760388359e+04
9.68044 1.364217445398580639e+04
9.68277 1.364261349468986373e+04
9.68509 1.364304179802768704e+04
9.68799 1.364356016218991863e+04
9.69032 1.364395921353484664e+04
9.69265 1.364434343153245391e+04
9.69556 1.364480127343256027e+04
9.69788 1.364514907359549215e+04
9.70021 1.364548022838290308e+04
9.70254 1.364579463535435025e+04
9.70546 1.364616511359674769e+04
9.70779 1.364644379520096300e+04
9.71012 1.364670742056614472e+04
9.71304 1.364701739731106136e+04
9.71537 1.364725084585593686e+04
9.71769 1.364747248570663942e+04
9.72002 1.364768347538212402e+04
9.72293 1.364793332385197755e+04
9.72525 1.364812338232619004e+04
9.72757 1.364830538972617614e+04
9.73048 1.364852286098606237e+04
9.7328 1.364868965530161586e+04
9.73512 1.364885084284438381e+04
9.73802 1.364904563707963280e+04
9.74033 1.364919694911958322e+04
9.74265 1.364934510028684599e+04
9.74555 1.364952675455077951e+04
9.74786 1.364967006188382766e+04
9.75018 1.364981218934957178e+04
9.75307 1.364998905481018483e+04
9.75538 1.365013060995621163e+04
9.7577 1.365027278914271483e+04
9.76001 1.365041617555782614e+04
9.7629 1.365059788328139439e+04
9.76522 1.365074586936640480e+04
9.76753 1.365089670492202458e+04
9.77042 1.365108992565860171e+04
9.77273 1.365124872337869238e+04
9.77505 1.365141163695481737e+04
9.77794 1.365162146627449147e+04
9.78025 1.365179458337969663e+04
9.78257 1.365197252356332683e+04
9.78546 1.365220189975369249e+04
9.78777 1.365239092024243837e+04
9.79009 1.365258468485733465e+04
9.79298 1.365283310724345938e+04
9.7953 1.365303607035939422e+04
9.79762 1.365324204727140386e+04
9.80051 1.365350191297391757e+04
9.80283 1.365371015008689392e+04
9.80515 1.365391680067980633e+04
9.80805 1.365416981349192974e+04
9.81037 1.365436514159693252e+04
9.81269 1.365455132234476150e+04
9.81501 1.365472612433548602e+04
9.81792 1.365492607075689921e+04
9.82024 1.365507504156573304e+04
9.82257 1.365523543321269608e+04
9.82548 1.365545489397014535e+04
9.82781 1.365564344052686283e+04
9.83014 1.365584142145968326e+04
9.83305 1.365609940418307269e+04
9.83538 1.365631180123466584e+04
9.83771 1.365652725269533221e+04
9.84003 1.365674397633532863e+04
9.84294 1.365701376983036243e+04
9.84527 1.365722642526429263e+04
9.84759 1.365743444129519048e+04
9.85049 1.365768507869448513e+04
9.85281 1.365787627434692331e+04
9.85513 1.365805736962034825e+04
9.85803 1.365826714997700401e+04
9.86035 1.365841980282339136e+04
9.86267 1.365855749116706647e+04
9.86557 1.365871136208005009e+04
9.86789 1.365883683193393699e+04
9.87021 1.365896280185441356e+04
9.87252 1.365908354842999506e+04
9.87542 1.365922156692112549e+04
9.87774 1.365931916800184263e+04
9.88005 1.365940418867434892e+04
9.88295 1.365949190651606295e+04
9.88526 1.365954684644854024e+04
9.88758 1.365958808136619155e+04
9.89048 1.365962032266049573e+04
9.89279 1.365963075405552627e+04
9.89511 1.365962768832228721e+04
9.89801 1.365960518988706644e+04
9.90033 1.365957259381261611e+04
9.90264 1.365952741108872942e+04
9.90554 1.365945398617719547e+04
9.90786 1.365938236987151322e+04
9.91018 1.365930010911289719e+04
9.9125 1.365920800224653431e+04
9.9154 1.365908045906026564e+04
9.91773 1.365896979691002161e+04
9.92005 1.365885267270079567e+04
9.92295 1.365869922278047670e+04
9.92528 1.365857233527933204e+04
9.92761 1.365844336583816403e+04
9.93051 1.365828116012054124e+04
9.93284 1.365815218408721012e+04
9.93517 1.365802527939162792e+04
9.93808 1.365787128257472068e+04
9.94041 1.365775294055672566e+04
9.94273 1.365764005401885697e+04
