#t,ms massf-e
0.003 0.000000000000000000e+00
0.005 0.000000000000000000e+00
0.008 0.000000000000000000e+00
0.01 0.000000000000000000e+00
0.0129324 0.000000000000000000e+00
0.0152784 0.000000000000000000e+00
0.0176291 0.000000000000000000e+00
0.0205694 0.000000000000000000e+00
0.0229245 0.000000000000000000e+00
0.0252824 0.000000000000000000e+00
0.0276402 0.000000000000000000e+00
0.0305804 0.000000000000000000e+00
0.0329326 0.000000000000000000e+00
0.0352671 0.000000000000000000e+00
0.0375956 0.000000000000000000e+00
0.040494 0.000000000000000000e+00
0.0427981 0.000000000000000000e+00
0.0451022 0.000000000000000000e+00
0.0479388 0.000000000000000000e+00
0.0502082 0.000000000000000000e+00
0.0530041 0.000000000000000000e+00
0.0552327 0.000000000000000000e+00
0.0579873 0.000000000000000000e+00
0.0601743 0.000000000000000000e+00
0.0628915 0.000000000000000000e+00
0.0650454 0.000000000000000000e+00
0.0677309 0.000000000000000000e+00
0.0703885 0.000000000000000000e+00
0.0725147 0.000000000000000000e+00
0.0751435 0.000000000000000000e+00
0.0777723 0.000000000000000000e+00
0.0803793 0.000000000000000000e+00
0.0829862 0.000000000000000000e+00
0.0850594 0.000000000000000000e+00
0.0876508 0.000000000000000000e+00
0.090234 0.000000000000000000e+00
0.0928152 0.000000000000000000e+00
0.0953792 0.000000000000000000e+00
0.0979388 0.000000000000000000e+00
0.100475 0.000000000000000000e+00
0.103006 0.000000000000000000e+00
0.105016 0.000000000000000000e+00
0.107524 0.000000000000000000e+00
0.11002 0.000000000000000000e+00
0.112509 0.000000000000000000e+00
0.115485 0.000000000000000000e+00
0.117961 0.000000000000000000e+00
0.120429 0.000000000000000000e+00
0.122896 0.000000000000000000e+00
0.125358 0.000000000000000000e+00
0.127819 0.000000000000000000e+00
0.130279 0.000000000000000000e+00
0.132739 0.000000000000000000e+00
0.135199 0.000000000000000000e+00
0.13766 0.000000000000000000e+00
0.140113 0.000000000000000000e+00
0.142564 0.000000000000000000e+00
0.145009 0.000000000000000000e+00
0.147941 0.000000000000000000e+00
0.150379 0.000000000000000000e+00
0.152817 0.000000000000000000e+00
0.155251 0.000000000000000000e+00
0.157686 0.000000000000000000e+00
0.160119 0.000000000000000000e+00
0.162553 0.000000000000000000e+00
0.165473 0.000000000000000000e+00
0.167908 0.000000000000000000e+00
0.170344 0.000000000000000000e+00
0.17278 0.000000000000000000e+00
0.175219 0.000000000000000000e+00
0.177658 0.000000000000000000e+00
0.180096 0.000000000000000000e+00
0.182534 0.000000000000000000e+00
0.185458 0.000000000000000000e+00
0.187895 0.000000000000000000e+00
0.190332 0.000000000000000000e+00
0.192769 0.000000000000000000e+00
0.195206 0.000000000000000000e+00
0.197644 0.000000000000000000e+00
0.200084 0.000000000000000000e+00
0.202524 0.000000000000000000e+00
0.205454 0.000000000000000000e+00
0.207897 0.000000000000000000e+00
0.210342 0.000000000000000000e+00
0.212788 0.000000000000000000e+00
0.215236 0.000000000000000000e+00
0.217684 0.000000000000000000e+00
0.220132 0.000000000000000000e+00
0.222581 0.000000000000000000e+00
0.225029 0.000000000000000000e+00
0.227969 0.000000000000000000e+00
0.23042 0.000000000000000000e+00
0.232872 0.000000000000000000e+00
0.235324 0.000000000000000000e+00
0.237778 0.000000000000000000e+00
0.240232 0.000000000000000000e+00
0.242687 0.000000000000000000e+00
0.245143 0.000000000000000000e+00
0.247601 0.000000000000000000e+00
0.250059 0.000000000000000000e+00
0.252517 0.000000000000000000e+00
0.255468 0.000000000000000000e+00
0.257927 0.000000000000000000e+00
0.260387 0.000000000000000000e+00
0.262847 0.000000000000000000e+00
0.265308 0.000000000000000000e+00
0.267769 0.000000000000000000e+00
0.27023 0.000000000000000000e+00
0.272692 0.000000000000000000e+00
0.275154 0.000000000000000000e+00
0.277616 0.000000000000000000e+00
0.280079 0.000000000000000000e+00
0.282542 0.000000000000000000e+00
0.285005 0.000000000000000000e+00
0.287961 0.000000000000000000e+00
0.290425 0.000000000000000000e+00
0.292888 0.000000000000000000e+00
0.295351 0.000000000000000000e+00
0.297815 0.000000000000000000e+00
0.300278 0.000000000000000000e+00
0.302742 0.000000000000000000e+00
0.305205 0.000000000000000000e+00
0.307668 0.000000000000000000e+00
0.310131 0.000000000000000000e+00
0.312594 0.000000000000000000e+00
0.315058 0.000000000000000000e+00
0.317521 0.000000000000000000e+00
0.320477 0.000000000000000000e+00
0.322941 0.000000000000000000e+00
0.325404 0.000000000000000000e+00
0.327867 0.000000000000000000e+00
0.33033 0.000000000000000000e+00
0.332793 0.000000000000000000e+00
0.335256 0.000000000000000000e+00
0.337719 0.000000000000000000e+00
0.340182 0.000000000000000000e+00
0.342644 0.000000000000000000e+00
0.345107 0.000000000000000000e+00
0.347569 0.000000000000000000e+00
0.350032 0.000000000000000000e+00
0.352987 0.000000000000000000e+00
0.355449 0.000000000000000000e+00
0.357912 0.000000000000000000e+00
0.360375 0.000000000000000000e+00
0.362838 0.000000000000000000e+00
0.365301 0.000000000000000000e+00
0.367764 0.000000000000000000e+00
0.370227 0.000000000000000000e+00
0.372691 0.000000000000000000e+00
0.375154 0.000000000000000000e+00
0.377618 0.000000000000000000e+00
0.380082 0.000000000000000000e+00
0.382546 0.000000000000000000e+00
0.38501 0.000000000000000000e+00
0.387967 0.000000000000000000e+00
0.390432 0.000000000000000000e+00
0.392896 0.000000000000000000e+00
0.395361 0.000000000000000000e+00
0.397825 0.000000000000000000e+00
0.40029 0.000000000000000000e+00
0.402754 0.000000000000000000e+00
0.405219 0.000000000000000000e+00
0.407684 0.000000000000000000e+00
0.410149 0.000000000000000000e+00
0.412614 0.000000000000000000e+00
0.41508 0.000000000000000000e+00
0.417545 0.000000000000000000e+00
0.42001 0.000000000000000000e+00
0.422969 0.000000000000000000e+00
0.425435 0.000000000000000000e+00
0.4279 0.000000000000000000e+00
0.430367 0.000000000000000000e+00
0.432833 0.000000000000000000e+00
0.4353 0.000000000000000000e+00
0.437766 0.000000000000000000e+00
0.440233 0.000000000000000000e+00
0.4427 0.000000000000000000e+00
0.445166 0.000000000000000000e+00
0.447633 0.000000000000000000e+00
0.4501 0.000000000000000000e+00
0.452567 0.000000000000000000e+00
0.455035 0.000000000000000000e+00
0.457502 0.000000000000000000e+00
0.460463 0.000000000000000000e+00
0.462931 0.000000000000000000e+00
0.465399 0.000000000000000000e+00
0.467867 0.000000000000000000e+00
0.470334 0.000000000000000000e+00
0.472802 0.000000000000000000e+00
0.475269 0.000000000000000000e+00
0.477736 0.000000000000000000e+00
0.480203 0.000000000000000000e+00
0.48267 0.000000000000000000e+00
0.485137 0.000000000000000000e+00
0.487604 0.000000000000000000e+00
0.490071 0.000000000000000000e+00
0.492538 0.000000000000000000e+00
0.495005 0.000000000000000000e+00
0.497965 0.000000000000000000e+00
0.500431 0.000000000000000000e+00
0.502898 0.000000000000000000e+00
0.505364 0.000000000000000000e+00
0.50783 0.000000000000000000e+00
0.510296 0.000000000000000000e+00
0.512761 0.000000000000000000e+00
0.515227 0.000000000000000000e+00
0.517693 0.000000000000000000e+00
0.520158 0.000000000000000000e+00
0.522624 0.000000000000000000e+00
0.525089 0.000000000000000000e+00
0.527554 0.000000000000000000e+00
0.530019 0.000000000000000000e+00
0.532976 0.000000000000000000e+00
0.53544 0.000000000000000000e+00
0.537904 0.000000000000000000e+00
0.540368 0.000000000000000000e+00
0.542831 0.000000000000000000e+00
0.545294 0.000000000000000000e+00
0.547757 0.000000000000000000e+00
0.55022 0.000000000000000000e+00
0.552682 0.000000000000000000e+00
0.555143 0.000000000000000000e+00
0.557605 0.000000000000000000e+00
0.560066 0.000000000000000000e+00
0.562527 0.000000000000000000e+00
0.56548 0.000000000000000000e+00
0.56794 0.000000000000000000e+00
0.5704 0.000000000000000000e+00
0.57286 0.000000000000000000e+00
0.57532 0.000000000000000000e+00
0.577779 0.000000000000000000e+00
0.580238 0.000000000000000000e+00
0.582696 0.000000000000000000e+00
0.585154 0.000000000000000000e+00
0.587611 0.000000000000000000e+00
0.590068 0.000000000000000000e+00
0.592525 0.000000000000000000e+00
0.595472 0.000000000000000000e+00
0.597928 0.000000000000000000e+00
0.600383 0.000000000000000000e+00
0.602838 0.000000000000000000e+00
0.605293 0.000000000000000000e+00
0.607747 0.000000000000000000e+00
0.6102 0.000000000000000000e+00
0.612653 0.000000000000000000e+00
0.615106 0.000000000000000000e+00
0.617558 0.000000000000000000e+00
0.62001 0.000000000000000000e+00
0.622952 0.000000000000000000e+00
0.625403 0.000000000000000000e+00
0.627854 0.000000000000000000e+00
0.630304 0.000000000000000000e+00
0.632754 0.000000000000000000e+00
0.635204 0.000000000000000000e+00
0.637652 0.000000000000000000e+00
0.640101 0.000000000000000000e+00
0.642549 0.000000000000000000e+00
0.645486 0.000000000000000000e+00
0.647933 0.000000000000000000e+00
0.650379 0.000000000000000000e+00
0.652825 0.000000000000000000e+00
0.65527 0.000000000000000000e+00
0.657715 0.000000000000000000e+00
0.660159 0.000000000000000000e+00
0.662603 0.000000000000000000e+00
0.665047 0.000000000000000000e+00
0.667978 0.000000000000000000e+00
0.67042 0.000000000000000000e+00
0.672862 0.000000000000000000e+00
0.675304 0.000000000000000000e+00
0.677745 0.000000000000000000e+00
0.680185 0.000000000000000000e+00
0.682625 0.000000000000000000e+00
0.685064 0.000000000000000000e+00
0.687503 0.000000000000000000e+00
0.690429 0.000000000000000000e+00
0.692867 0.000000000000000000e+00
0.695304 0.000000000000000000e+00
0.697741 0.000000000000000000e+00
0.700177 0.000000000000000000e+00
0.702612 0.000000000000000000e+00
0.705047 0.000000000000000000e+00
0.707968 0.000000000000000000e+00
0.710402 0.000000000000000000e+00
0.712835 0.000000000000000000e+00
0.715267 0.000000000000000000e+00
0.7177 0.000000000000000000e+00
0.720131 0.000000000000000000e+00
0.722562 0.000000000000000000e+00
0.725477 0.000000000000000000e+00
0.727907 0.000000000000000000e+00
0.730336 0.000000000000000000e+00
0.732764 0.000000000000000000e+00
0.735192 0.000000000000000000e+00
0.737619 0.000000000000000000e+00
0.740045 0.000000000000000000e+00
0.742957 0.000000000000000000e+00
0.745382 0.000000000000000000e+00
0.747807 0.000000000000000000e+00
0.75023 0.000000000000000000e+00
0.752654 0.000000000000000000e+00
0.755076 0.000000000000000000e+00
0.757982 0.000000000000000000e+00
0.760403 0.000000000000000000e+00
0.762822 0.000000000000000000e+00
0.765241 0.000000000000000000e+00
0.767658 0.000000000000000000e+00
0.770075 0.000000000000000000e+00
0.772973 0.000000000000000000e+00
0.775388 0.000000000000000000e+00
0.777801 0.000000000000000000e+00
0.780214 0.000000000000000000e+00
0.782625 0.000000000000000000e+00
0.785035 0.000000000000000000e+00
0.787926 0.000000000000000000e+00
0.790334 0.000000000000000000e+00
0.792739 0.000000000000000000e+00
0.795145 0.000000000000000000e+00
0.797548 0.000000000000000000e+00
0.800431 0.000000000000000000e+00
0.802831 0.000000000000000000e+00
0.805231 0.000000000000000000e+00
0.807629 0.000000000000000000e+00
0.810027 0.000000000000000000e+00
0.812902 0.000000000000000000e+00
0.815296 0.000000000000000000e+00
0.817689 0.000000000000000000e+00
0.820081 0.000000000000000000e+00
0.82295 0.000000000000000000e+00
0.825339 0.000000000000000000e+00
0.827728 0.000000000000000000e+00
0.830115 0.000000000000000000e+00
0.832501 0.000000000000000000e+00
0.835362 0.000000000000000000e+00
0.837745 0.000000000000000000e+00
0.840127 0.000000000000000000e+00
0.842508 0.000000000000000000e+00
0.845363 0.000000000000000000e+00
0.847741 0.000000000000000000e+00
0.850117 0.000000000000000000e+00
0.852968 0.000000000000000000e+00
0.855342 2.507970695776512037e-14
0.857715 5.401651422023587390e-12
0.860086 1.971568150593164019e-11
0.86293 4.364868444802974697e-11
0.865299 6.997898158343519819e-11
0.867666 1.022492538956934729e-10
0.870033 1.390440349831772935e-10
0.872871 1.866724874108135719e-10
0.875235 2.276592992971656251e-10
0.877597 2.689563326775506159e-10
0.880431 3.184027042429601784e-10
0.882791 3.592929850408314107e-10
0.88515 3.997740938682577914e-10
0.887508 4.396830794057399495e-10
0.890336 4.867805446549209241e-10
0.892691 5.254055047609923477e-10
0.895046 5.635438554656773611e-10
0.897869 6.086326481336869916e-10
0.900221 6.456891042092055267e-10
0.902572 6.822842451799602085e-10
0.905391 7.256565150172129462e-10
0.907739 7.613588446112829828e-10
0.910086 7.966832605168313682e-10
0.912901 8.385962055794763419e-10
0.915245 8.731590697884877513e-10
0.917589 9.074294764706128505e-10
0.920399 9.482071113087896965e-10
0.922741 9.819488672261267820e-10
0.92508 1.015490538937320345e-09
0.927887 1.055537374333820010e-09
0.930224 1.088742344433695722e-09
0.932562 1.121837950936547634e-09
0.935364 1.161391632695268848e-09
0.937699 1.194252545710689544e-09
0.940032 1.227010471770523553e-09
0.94283 1.266212229875171747e-09
0.945161 1.298783921354170582e-09
0.947956 1.337763362835791671e-09
0.950285 1.370158045873405357e-09
0.952612 1.402468677657320208e-09
0.955404 1.441140037383664347e-09
0.957728 1.473269682182764244e-09
0.960052 1.505327604706532028e-09
0.962839 1.543680638334393198e-09
0.965161 1.575562566796063299e-09
0.967945 1.613694870190432920e-09
0.970264 1.645386826860929175e-09
0.972582 1.676981042467910743e-09
0.975363 1.714781708973331046e-09
0.977678 1.746178426757159692e-09
0.980456 1.783738420472085291e-09
0.98277 1.814945820230371884e-09
0.985082 1.846070649152214542e-09
0.987856 1.883328622338843260e-09
0.990166 1.914296310437142826e-09
0.992938 1.951389279560176403e-09
0.995245 1.982227121091994298e-09
0.997553 2.013030558505608928e-09
1.00032 2.049923832543584717e-09
1.00262 2.080646775528642084e-09
1.00539 2.117489442101396804e-09
1.00769 2.148209531542878934e-09
1.01045 2.185138092329047509e-09
1.01275 2.216031368572961191e-09
1.01505 2.247117173580249448e-09
1.01781 2.284795248488240933e-09
1.02011 2.316635505850039862e-09
1.02286 2.355522891936989815e-09
1.02516 2.388646182919239041e-09
1.02791 2.429389862847272942e-09
1.0302 2.464310087699512624e-09
1.03295 2.507470145095488439e-09
1.03524 2.544558369934231001e-09
1.03753 2.582678542096330163e-09
1.04027 2.629724865937468969e-09
1.04256 2.669839232542640332e-09
1.0453 2.718669169047626745e-09
1.04759 2.759563288003333969e-09
1.05033 2.808336997922631553e-09
1.05261 2.848371241255624085e-09
1.05535 2.895221292757057930e-09
1.05763 2.933064226763432749e-09
1.06036 2.976829005108070692e-09
1.06264 3.011894983650142368e-09
1.06537 3.052329024543552685e-09
1.06765 3.084756198150845221e-09
1.07038 3.122271671438699531e-09
1.07265 3.152404990734792903e-09
1.07538 3.187189833132147410e-09
1.07765 3.214900207917435121e-09
1.08038 3.246417822823186302e-09
1.08264 3.270977464473369661e-09
1.08537 3.298103369583191479e-09
1.08763 3.318469930411641796e-09
1.09035 3.339911051177890946e-09
1.09262 3.354956374039482263e-09
1.09533 3.369397704162976331e-09
1.0976 3.378250577717067630e-09
1.10031 3.383930551321107617e-09
1.10257 3.385669105840917185e-09
1.10528 3.382616523893419053e-09
1.10754 3.374752134232531749e-09
1.11025 3.355357866279291256e-09
1.1125 3.330509995284191949e-09
1.11521 3.289509775773756819e-09
1.11791 3.235394546643826886e-09
1.12017 3.179703884447758019e-09
1.12287 3.099626393969343447e-09
1.12512 3.021522778083292759e-09
1.12782 2.914080971809312741e-09
1.13007 2.813156212542605659e-09
1.13276 2.678901287893370000e-09
1.13501 2.556672031921809571e-09
1.1377 2.398800106473733911e-09
1.14039 2.230467771565066917e-09
1.14264 2.083801192623621593e-09
1.14533 1.902513159452342631e-09
1.14757 1.748943254239009227e-09
1.15025 1.564512389748855460e-09
1.15294 1.382816338714831423e-09
1.15518 1.235801552774841565e-09
1.15786 1.067162587311151008e-09
1.1601 9.348692972270824298e-10
1.16278 7.878751470498994063e-10
1.16501 6.762326160506830736e-10
1.16769 5.562923033390405410e-10
1.17036 4.518895520650336405e-10
1.17259 3.766664657919893747e-10
1.17526 2.999007860320874162e-10
1.17794 2.368594487007808893e-10
1.18017 1.938188863053669314e-10
1.18284 1.522375304054417419e-10
1.18507 1.248422340083568142e-10
1.18775 9.925086024260491200e-11
1.19043 8.007302160679058469e-11
1.19267 6.777614993214686362e-11
1.19535 5.606473994135288252e-11
1.19758 4.806168465988172083e-11
1.20027 3.995500007568726444e-11
1.2025 3.417808375236808789e-11
1.20519 2.822240790251847850e-11
1.20788 2.319066774092850297e-11
1.21012 1.962128111969096865e-11
1.21281 1.599436801047743061e-11
1.21505 1.345463956647125561e-11
1.21774 1.090529489429579387e-11
1.22043 8.820188007374683776e-12
1.22268 7.381457710458517264e-12
1.22537 5.954258494378160325e-12
1.22762 4.974100127892970540e-12
1.23032 4.004258830111104852e-12
1.23257 3.339213780272846683e-12
1.23527 2.681566943534222491e-12
1.23752 2.230948227010953300e-12
1.24022 1.786013283244983393e-12
1.24292 1.427198755447176086e-12
1.24517 1.182259778027637476e-12
1.24788 9.416151174764259878e-13
1.25013 7.779746731154305721e-13
1.25284 6.177439725178404261e-13
1.2551 5.091421048153500358e-13
1.25781 4.030918275968608270e-13
1.26007 3.313922530518436424e-13
1.26278 2.615490259944195525e-13
1.26504 2.144344954157327322e-13
1.26776 1.686760851047361269e-13
1.27002 1.379020462937751542e-13
1.27274 1.081072580353503538e-13
1.275 8.812159927126989420e-14
1.27772 6.882438998744929452e-14
1.28044 5.362807285764625760e-14
1.28271 4.348506538769560441e-14
1.28543 3.373462317308453224e-14
1.2877 2.724955496282393144e-14
1.29043 2.104064201117074600e-14
1.2927 1.692699895854915002e-14
1.29543 1.300469567129247767e-14
1.2977 1.041591525961755068e-14
1.30043 7.957579734985347177e-15
1.30271 6.341378221452258251e-15
1.30544 4.813170838700057335e-15
1.30772 3.813202849850771179e-15
1.31045 2.872136684131192746e-15
1.31273 2.259659312022662087e-15
1.31501 1.771323622438214931e-15
1.31775 1.315408781812933344e-15
1.32003 1.021283852643066431e-15
1.32277 7.485292439641228771e-16
1.32506 5.738629971096883610e-16
1.3278 4.130874343258729394e-16
1.33008 3.110548107473237966e-16
1.33283 2.180613241715148042e-16
1.33512 1.597931043576169691e-16
1.33786 1.076026929928014780e-16
1.34015 7.489149892775724135e-17
1.3429 4.695440412136562616e-17
1.34519 2.681447996134292429e-17
1.34794 5.681439060219244772e-18
1.35024 0.000000000000000000e+00
1.35253 0.000000000000000000e+00
1.35528 0.000000000000000000e+00
1.35758 3.714203128329898531e-91
1.36033 6.479947743571521774e-90
1.36263 1.817670463087832062e-89
1.36539 4.032438211633862358e-89
1.36769 6.486502490997133423e-89
1.37045 9.879663201764690719e-89
1.37275 1.282751201121060411e-88
1.37505 1.561613261687822488e-88
1.37781 1.837912917989635175e-88
1.38012 1.998610690567040788e-88
1.38288 2.074241521238757304e-88
1.38518 2.056028475593618887e-88
1.38795 1.928497682051244153e-88
1.39026 1.711595923733803675e-88
1.39256 1.429798228292918113e-88
1.39533 1.050914992809285810e-88
1.39764 7.401381965992885227e-89
1.40041 4.139647045204395640e-89
1.40272 2.053173168277793156e-89
1.40504 6.489318152897583052e-90
1.40781 0.000000000000000000e+00
1.41012 4.643171146685018719e-91
1.4129 5.816136236069566236e-90
1.41521 1.476760008154909475e-89
1.41753 2.580782326973181861e-89
1.42031 3.987806567989453930e-89
1.42262 5.056898863764579730e-89
1.4254 6.061019061489931484e-89
1.42772 6.583381490687407952e-89
1.43004 6.759386159027273678e-89
1.43283 6.620323380262460731e-89
1.43515 6.245798844749834434e-89
1.43793 5.443909954019159782e-89
1.44025 4.593058352097170538e-89
1.44258 3.655557279647971917e-89
1.44536 2.538336946242836647e-89
1.44769 1.700557803055826378e-89
1.45001 1.009189551125807406e-89
1.4528 4.188717415020817101e-90
1.45513 1.257770047778651790e-90
1.45792 0.000000000000000000e+00
1.46025 1.514007719868559538e-93
1.46258 3.693145874911355236e-91
1.46538 1.355616777861602915e-90
1.46771 2.375499842135469212e-90
1.47004 3.423874088003225939e-90
1.47284 4.513657983624125196e-90
1.47517 5.183288901077446398e-90
1.4775 5.534481462033647477e-90
1.48031 5.620183649548869808e-90
1.48264 5.392534627819741278e-90
1.48545 4.783234396287408218e-90
1.48779 4.054418980178257170e-90
1.49013 3.228410163041246079e-90
1.49293 2.231401231599695651e-90
1.49528 1.484026466647300405e-90
1.49762 8.715166061457394804e-91
1.50043 3.545330931447260802e-91
1.50278 1.041651782122439796e-91
1.50513 0.000000000000000000e+00
1.50794 0.000000000000000000e+00
1.5103 4.547476867160000805e-93
1.51265 2.538811729426107176e-92
1.515 5.349601042327642564e-92
1.51783 9.094427611075925779e-92
1.52019 1.194189532716631143e-91
1.52255 1.420367287978041710e-91
1.52538 1.573868483579819287e-91
1.52775 1.612919541740540221e-91
1.53012 1.563616648978718514e-91
1.53297 1.404781614358187706e-91
1.53534 1.194606918421748332e-91
1.53772 9.498763200863211349e-92
1.5401 6.980514195204065399e-92
1.54297 4.229983606600871132e-92
1.54536 2.383965787232590045e-92
1.54775 1.068147581301981737e-92
1.55015 2.655422278781860727e-93
1.55255 0.000000000000000000e+00
1.55544 2.505029965606526131e-94
1.55785 2.202570686080597800e-93
1.56027 5.634391049105607823e-93
1.56269 9.822451819875467092e-93
1.56512 1.422189115521211361e-92
1.56755 1.832542736767271925e-92
1.57048 2.228554267925197303e-92
1.57293 2.455069077895544144e-92
1.57538 2.560542760148521306e-92
1.57784 2.571383402180822149e-92
1.58031 2.477899801840852293e-92
1.58278 2.259187237173950226e-92
1.58526 1.930797558581807776e-92
1.58775 1.509771255796753544e-92
1.59024 1.062352898377465156e-92
1.59274 5.893613895505366543e-93
1.59524 2.077755261494707248e-93
1.59776 0.000000000000000000e+00
1.60028 0.000000000000000000e+00
1.60281 0.000000000000000000e+00
1.60534 0.000000000000000000e+00
1.60789 0.000000000000000000e+00
1.61044 2.249723064653797563e-94
1.613 1.080768085626646834e-93
1.61505 1.983221231698753381e-93
1.61763 3.071067727793494079e-93
1.62021 3.942413296017149922e-93
1.62281 4.303740131653063160e-93
1.62541 4.127548167675756487e-93
1.6275 3.708279553969930132e-93
1.63012 3.058037073150228834e-93
1.63275 2.393333369449530004e-93
1.63539 1.929714909907333536e-93
1.6375 1.743931521279559385e-93
1.64016 1.705644451706381983e-93
1.64282 1.810020018463637917e-93
1.6455 1.937011436044079863e-93
1.64764 1.970997440660781976e-93
1.65034 1.937422103885796353e-93
1.65304 1.765066970659729783e-93
1.65521 1.516618037206218971e-93
1.65793 1.110317473610642179e-93
1.66011 7.764014540147462852e-94
1.66285 4.137000764100096097e-94
1.66505 2.044112848433894739e-94
1.6678 3.801531318553957935e-95
1.67001 0.000000000000000000e+00
1.67278 0.000000000000000000e+00
1.675 0.000000000000000000e+00
1.67779 3.953677998639592017e-99
1.68002 1.321442226378804463e-98
1.68282 2.439525190450057002e-98
1.68506 3.140852383548566960e-98
1.68788 3.550439323260326262e-98
1.69013 3.493684651712168439e-98
1.69296 3.012042332395646200e-98
1.69523 2.371296382711907659e-98
1.69807 1.470816819333290207e-98
1.70035 8.304984308634660779e-99
1.70263 3.554404618224042200e-99
1.7055 0.000000000000000000e+00
1.7078 0.000000000000000000e+00
1.7101 0.000000000000000000e+00
1.71299 0.000000000000000000e+00
1.7153 1.671882779429937583e-101
1.71763 6.616022516545110759e-101
1.72054 1.505321928303964114e-100
1.72287 2.188660050621903341e-100
1.72521 2.756722227901997521e-100
1.72756 3.115375055955116558e-100
1.7305 3.264077184227180751e-100
1.73285 3.133485675901887142e-100
1.7352 2.831007472908138781e-100
1.73755 2.361965503494345314e-100
1.74038 1.712940710446574249e-100
1.74265 1.200904948064644936e-100
1.74536 6.775937135589185614e-101
1.74803 3.015756601122111724e-101
1.7502 1.124622220787352448e-101
1.75291 0.000000000000000000e+00
1.75507 0.000000000000000000e+00
1.75774 6.428841084535539627e-104
1.76038 1.146596110221799827e-102
1.76298 2.606900262051066941e-102
1.76506 3.821227421556619937e-102
1.76768 5.115023928272667024e-102
1.77029 5.881546218450167067e-102
1.7729 6.122153513933794994e-102
1.77551 5.803930744347217064e-102
1.77758 5.242040594782926753e-102
1.78018 4.166958208416040265e-102
1.78281 2.946663881307449258e-102
1.78543 1.802005925419425355e-102
1.7875 1.058628388669083423e-102
1.7901 4.151370532063954936e-103
1.79275 4.527429330596763689e-104
1.79542 0.000000000000000000e+00
1.79754 0.000000000000000000e+00
1.80017 0.000000000000000000e+00
1.8028 0.000000000000000000e+00
1.80542 0.000000000000000000e+00
1.80752 0.000000000000000000e+00
1.81016 0.000000000000000000e+00
1.81279 0.000000000000000000e+00
1.81541 0.000000000000000000e+00
1.81751 0.000000000000000000e+00
1.82013 0.000000000000000000e+00
1.82276 0.000000000000000000e+00
1.82544 0.000000000000000000e+00
1.82759 0.000000000000000000e+00
1.83023 0.000000000000000000e+00
1.83288 0.000000000000000000e+00
1.83501 0.000000000000000000e+00
1.83768 1.869637806480028727e-106
1.84033 5.064362955958831052e-106
1.84297 7.408043359207462377e-106
1.84508 8.288678475155454202e-106
1.84771 8.134987568900657608e-106
1.85038 6.682498635641242915e-106
1.85253 5.022182843222802225e-106
1.85521 2.777597021513667668e-106
1.85789 1.031446530718579677e-106
1.86004 4.894554213301402931e-108
1.86273 0.000000000000000000e+00
1.86542 0.000000000000000000e+00
1.86754 0.000000000000000000e+00
1.8702 0.000000000000000000e+00
1.8729 2.684301181635776321e-109
1.87506 5.477443149465931605e-109
1.87775 8.315705120139630037e-109
1.88044 9.812546496843307190e-109
1.88259 9.911983612519401818e-109
1.88528 8.694137761850137422e-109
1.88798 6.651183254624008253e-109
1.89014 4.639600374912448682e-109
1.89283 2.427786234264465418e-109
1.89551 8.263506836749425844e-110
1.89765 2.612185894448144357e-111
1.90034 0.000000000000000000e+00
1.90302 2.292135801313655669e-111
1.90518 1.800794219385448525e-110
1.90787 4.469810062519831435e-110
1.91051 6.533290536991690506e-110
1.91263 7.429437945397018530e-110
1.91533 7.564411785222088644e-110
1.91803 6.573988800734850418e-110
1.92019 5.338001976804767182e-110
1.92288 3.430427520047523073e-110
1.92506 2.044914887612734110e-110
1.9278 7.266530177225299293e-111
1.93051 0.000000000000000000e+00
1.93263 0.000000000000000000e+00
1.9353 4.679110080620212489e-112
1.93798 2.781078390836488116e-111
1.94012 5.053871525789172349e-111
1.9428 7.268459632354164372e-111
1.94548 8.334122668160045694e-111
1.94764 8.289653910138542835e-111
1.95033 7.190371170545088375e-111
1.9525 5.832561976989807042e-111
1.95522 3.749518927417772314e-111
1.95793 1.945159235203977235e-111
1.96008 8.767767916748243489e-112
1.96278 8.850269759015836057e-114
1.96548 0.000000000000000000e+00
1.96763 0.000000000000000000e+00
1.9703 0.000000000000000000e+00
1.97298 5.812325480814729338e-116
1.97513 1.187176036381386399e-115
1.97782 1.802965466036323548e-115
1.9805 2.126943799597275824e-115
1.98264 2.153925026126002407e-115
1.98533 1.900903135993202092e-115
1.98801 1.472688726004603631e-115
1.99016 1.046396899879935385e-115
1.99285 5.660995380460526653e-116
1.995 2.750196718829199411e-116
1.9977 3.179614538709576934e-117
2.00039 0.000000000000000000e+00
2.00253 0.000000000000000000e+00
2.00521 0.000000000000000000e+00
2.00793 6.558460417881378984e-121
2.0101 1.582289807525153586e-120
2.0128 2.531394020880555044e-120
2.0155 3.060196682717325920e-120
2.01765 3.143170161207613014e-120
2.02033 2.808000983055713692e-120
2.02304 2.198154952866517882e-120
2.02521 1.571751418833335578e-120
2.02792 8.564461963835207038e-121
2.03009 4.213209331037794005e-121
2.03279 5.358313546033656636e-122
2.03549 0.000000000000000000e+00
2.03765 0.000000000000000000e+00
2.04033 0.000000000000000000e+00
2.04303 1.556638438066777182e-123
2.0452 3.737924555268035528e-123
2.04791 5.915418739139186765e-123
2.05008 6.895732140238158297e-123
2.0528 7.103760970405791529e-123
2.0555 6.156790206027868176e-123
2.05766 4.984685643112892723e-123
2.06037 3.135170222656180694e-123
2.06254 1.824675691548579115e-123
2.06525 5.992835427324345796e-124
2.06795 0.000000000000000000e+00
2.07011 0.000000000000000000e+00
2.07281 1.263948267562326875e-124
2.07552 4.449318773043040931e-124
2.07767 7.215227271649035788e-124
2.08036 9.642094712879588911e-124
2.08257 1.056858097100010708e-123
2.08533 1.016287379021470989e-123
2.08751 8.875038751494367395e-124
2.09022 6.558424073754145768e-124
2.09292 3.982875025880474195e-124
2.09508 2.275687485765204815e-124
2.09778 7.321725617177893290e-125
2.10048 0.000000000000000000e+00
2.10263 0.000000000000000000e+00
2.10533 0.000000000000000000e+00
2.10803 1.505479037355048125e-129
2.1102 8.488761674398713906e-129
2.11292 1.676171080798485374e-128
2.1151 2.167468369818580306e-128
2.11782 2.468146899486294101e-128
2.12053 2.374139689773291927e-128
2.12271 2.072107251837091045e-128
2.12542 1.529918855933417420e-128
2.12758 1.041245513810435279e-128
2.13028 5.267603471759385049e-129
2.13298 1.649199658031612995e-129
2.13514 0.000000000000000000e+00
2.13785 0.000000000000000000e+00
2.14002 0.000000000000000000e+00
2.14273 0.000000000000000000e+00
2.14543 1.477600254316449596e-131
2.1476 2.648667039226103222e-131
2.1503 3.758736478967594951e-131
2.153 4.277879213160491306e-131
2.15516 4.200178905580121366e-131
2.15786 3.594679899734512775e-131
2.16001 2.872104265380705026e-131
2.16271 1.811848980200232390e-131
2.16541 9.123194813850278136e-132
2.16758 3.839519217503806367e-132
2.17027 0.000000000000000000e+00
2.17297 0.000000000000000000e+00
2.17513 0.000000000000000000e+00
2.17784 6.146817885503808170e-135
2.1805 9.913931826419443805e-134
2.18263 1.705688229020657882e-133
2.18535 2.367484057020973449e-133
2.18754 2.619228586680372080e-133
2.19025 2.548227023492449885e-133
2.19296 2.150277142711539399e-133
2.19514 1.669521428242871067e-133
2.19787 1.003873653586808446e-133
2.20005 5.535997447012431809e-134
2.20272 1.480043104011701163e-134
2.20539 0.000000000000000000e+00
2.20753 0.000000000000000000e+00
2.21021 0.000000000000000000e+00
2.2129 0.000000000000000000e+00
2.21505 8.791372784325520383e-137
2.21773 3.081806920207535068e-136
2.22041 4.735662857810020969e-136
2.22257 5.375430709597471046e-136
2.22528 5.404811126649392854e-136
2.22797 4.665979884931507522e-136
2.23011 3.761092972662014060e-136
2.23279 2.434466352770835552e-136
2.23547 1.278519224447306699e-136
2.23763 5.968459121921869988e-137
2.24034 5.245064096295809772e-138
2.2425 0.000000000000000000e+00
2.24521 0.000000000000000000e+00
2.24791 0.000000000000000000e+00
2.25005 1.308544924832064908e-142
2.25272 5.242150175719679443e-142
2.2554 9.004534598574568956e-142
2.25754 1.132492131576699017e-141
2.26025 1.318653356225814973e-141
2.26297 1.369842149756175233e-141
2.26513 1.314265438302860651e-141
2.26782 1.156461185514102383e-141
2.2705 9.658724389254365403e-142
2.27264 8.357115458719984987e-142
2.27532 6.971783597417144751e-142
2.27801 5.809002112489895717e-142
2.28017 5.020029151050718722e-142
2.2829 4.172294438160575415e-142
2.28508 3.598394053073589758e-142
2.28777 2.999393874531813225e-142
2.29045 2.501915133809267377e-142
2.29259 2.163628896025541275e-142
2.29527 1.804208735473977948e-142
2.29797 1.502986496230162429e-142
2.30014 1.297948240809747931e-142
2.30283 1.081157037688426623e-142
2.30552 9.013645267565889606e-143
2.30767 7.792330571830890413e-143
2.31036 6.493316239025607503e-143
2.31252 5.611849607953864539e-143
2.31523 4.670467056401301365e-143
2.31794 3.887002034008902478e-143
2.3201 3.356228574662879276e-143
2.32281 2.793493253258690023e-143
2.32552 2.325461456218882698e-143
2.32767 1.988530881894721759e-143
2.3304 1.533614423151808399e-143
2.33259 1.195866025851553535e-143
2.33532 7.741574317023195389e-144
2.33802 4.089013809243850119e-144
2.34019 1.697963806364456914e-144
2.3429 0.000000000000000000e+00
2.34507 0.000000000000000000e+00
2.34778 0.000000000000000000e+00
2.35049 0.000000000000000000e+00
2.35264 0.000000000000000000e+00
2.35534 0.000000000000000000e+00
2.35803 0.000000000000000000e+00
2.36018 2.463808726073782394e-148
2.36288 4.661001207640348127e-148
2.36503 5.537480274897831704e-148
2.36775 6.171339791928422378e-148
2.37051 6.007614845005798826e-148
2.3727 5.489304677344535112e-148
2.3754 4.618108833140930286e-148
2.37756 3.951664213552697420e-148
2.38029 3.232332207927950761e-148
2.38301 2.606749096731313879e-148
2.38521 2.092019721234278504e-148
2.38795 1.504937658770371392e-148
2.39012 1.073497753839180864e-148
2.39282 6.006955635445846025e-149
2.39501 3.056891823901992674e-149
2.39777 5.061033011585076797e-150
2.40051 0.000000000000000000e+00
2.40267 0.000000000000000000e+00
2.40538 0.000000000000000000e+00
2.40755 0.000000000000000000e+00
2.41027 0.000000000000000000e+00
2.41298 0.000000000000000000e+00
2.41515 0.000000000000000000e+00
2.41786 0.000000000000000000e+00
2.42003 0.000000000000000000e+00
2.42276 0.000000000000000000e+00
2.4255 0.000000000000000000e+00
2.42768 0.000000000000000000e+00
2.43039 0.000000000000000000e+00
2.43256 0.000000000000000000e+00
2.4353 0.000000000000000000e+00
2.43805 0.000000000000000000e+00
2.44024 0.000000000000000000e+00
2.44299 0.000000000000000000e+00
2.44516 0.000000000000000000e+00
2.44787 6.404936781753296433e-154
2.45007 7.439916991213687965e-153
2.45283 2.000125962252516856e-152
2.45502 2.870933453964960370e-152
2.45773 3.466236165818308437e-152
2.46047 3.429259130193643554e-152
2.46268 3.015906081111595413e-152
2.46544 2.217138674524032965e-152
2.46762 1.516421815732982500e-152
2.47035 7.326451105098266726e-153
2.47255 2.648088849088832238e-153
2.4753 0.000000000000000000e+00
2.47804 0.000000000000000000e+00
2.48023 6.800815975550380426e-154
2.48296 2.901905109110230228e-153
2.48515 6.237834803500171988e-153
2.48788 1.199730604774132456e-152
2.49007 1.745761564134813199e-152
2.49282 2.442060864787515334e-152
2.49502 2.899467294155212320e-152
2.49777 3.243379650821115408e-152
2.50051 3.430877865148996714e-152
2.5027 3.353808235597361487e-152
2.50543 3.035650045702728692e-152
2.50761 2.685023264315195513e-152
2.51033 2.212014572119304640e-152
2.51252 1.874783275969035142e-152
2.51525 1.516341405914832084e-152
2.51799 1.221137198954243031e-152
2.52018 1.024789137811923839e-152
2.52293 8.214148003848099189e-153
2.52512 6.881313506989982791e-153
2.52787 5.526220709651320356e-153
2.53007 4.655337504318657660e-153
2.5328 3.788069133225413524e-153
2.53554 3.103877969092381694e-153
2.53771 2.660308016257317393e-153
2.54043 2.206009466264729826e-153
2.54261 1.905131369027985796e-153
2.54534 1.586350647447765989e-153
2.54752 1.362140529689733664e-153
2.55023 1.106628000613484072e-153
2.55296 8.688283493660126816e-154
2.55515 6.899695202687993184e-154
2.5579 5.027137411702119330e-154
2.56008 3.588426972740569436e-154
2.5628 2.091385664698134112e-154
2.56553 9.889001548538364911e-155
2.5677 3.806479083219217295e-155
2.57042 0.000000000000000000e+00
2.5726 0.000000000000000000e+00
2.57532 0.000000000000000000e+00
2.57751 1.946024858339010060e-156
2.58024 9.415838335292667882e-156
2.58297 2.005067242795458881e-155
2.58516 2.872986523176174685e-155
2.58792 3.700704653354643793e-155
2.59014 4.137072260603227938e-155
2.59288 4.193496437648637315e-155
2.59507 3.935385655887598160e-155
2.5978 3.374011437448343737e-155
2.60054 2.805806945584946159e-155
2.60273 2.419951890824987090e-155
2.60547 2.007065520852851963e-155
2.60767 1.723058676875136880e-155
2.61042 1.416473511465895841e-155
2.61262 1.205639281556320876e-155
2.61538 9.792956589477925424e-156
2.61759 8.259556521575307195e-156
2.62033 6.664093483771556791e-156
2.62252 5.605869172077232274e-156
2.62527 4.508240065097222563e-156
2.62804 3.628219223056103560e-156
2.63024 3.060022380913977499e-156
2.63298 2.484955204476958002e-156
2.63517 2.108514495572375771e-156
2.63792 1.719256587799096000e-156
2.64013 1.461533145545987071e-156
2.64287 1.193898822103935173e-156
2.64506 1.014564577770616149e-156
2.64782 8.250281897115114074e-157
2.65003 6.982642061565603579e-157
2.65279 5.674311998853289635e-157
2.65552 4.619886116198580746e-157
2.65772 3.925099702573260996e-157
2.66046 3.210469152347831303e-157
2.66266 2.741364094850670853e-157
2.66539 2.258713052798234430e-157
2.66758 1.939204982619328427e-157
2.67032 1.606542181922623615e-157
2.6725 1.383128804186936694e-157
2.67526 1.144975392300298056e-157
2.67801 9.450535737499919766e-158
2.68021 8.078504153961261949e-158
2.68296 6.585190704615353047e-158
2.68516 5.529159233476966291e-158
2.68792 4.353722083336966499e-158
2.69013 3.515604172937040707e-158
2.69287 2.603380949059575451e-158
2.69506 2.017494361423793876e-158
2.69782 1.283431768486636874e-158
2.70003 7.776995097021273007e-159
2.70278 2.631633701257563113e-159
2.70553 0.000000000000000000e+00
2.70773 0.000000000000000000e+00
2.71048 0.000000000000000000e+00
2.7127 0.000000000000000000e+00
2.71549 0.000000000000000000e+00
2.71772 0.000000000000000000e+00
2.72047 0.000000000000000000e+00
2.72267 0.000000000000000000e+00
2.72541 0.000000000000000000e+00
2.72761 1.562290264155936884e-163
2.73035 2.865669965196714909e-163
2.73254 3.371902514026450354e-163
2.73528 3.627015369061311429e-163
2.73802 3.462772904509638127e-163
2.74021 3.126948232605310381e-163
2.74296 2.607320773980395303e-163
2.74517 2.246169404530511021e-163
2.74792 1.863792691427315971e-163
2.75013 1.605318944674645692e-163
2.75287 1.333381792914158858e-163
2.75506 1.149393878367739934e-163
2.75779 9.551265872340062328e-164
2.76052 7.937848060545095165e-164
2.76272 6.761766137223095254e-164
2.76547 5.161347044037238421e-164
2.76767 4.008297856270667452e-164
2.77042 2.532937907819506014e-164
2.77263 1.499472483670657938e-164
2.7754 4.463153996035788040e-165
2.77761 0.000000000000000000e+00
2.78038 0.000000000000000000e+00
2.78259 0.000000000000000000e+00
2.78534 0.000000000000000000e+00
2.78754 0.000000000000000000e+00
2.79029 0.000000000000000000e+00
2.79304 0.000000000000000000e+00
2.79523 0.000000000000000000e+00
2.79796 0.000000000000000000e+00
2.80014 0.000000000000000000e+00
2.80289 0.000000000000000000e+00
2.80509 0.000000000000000000e+00
2.80783 0.000000000000000000e+00
2.81002 0.000000000000000000e+00
2.81277 0.000000000000000000e+00
2.81552 0.000000000000000000e+00
2.81773 0.000000000000000000e+00
2.82049 0.000000000000000000e+00
2.8227 0.000000000000000000e+00
2.82547 0.000000000000000000e+00
2.82767 0.000000000000000000e+00
2.83041 0.000000000000000000e+00
2.8326 0.000000000000000000e+00
2.83536 0.000000000000000000e+00
2.83756 0.000000000000000000e+00
2.84032 0.000000000000000000e+00
2.84252 0.000000000000000000e+00
2.84528 0.000000000000000000e+00
2.84804 3.737247753854181634e-171
2.85024 1.077991640298606516e-170
2.853 1.579874194867685266e-170
2.85521 1.777999727210484416e-170
2.85798 1.813910617482616346e-170
2.86019 1.704947279294859121e-170
2.86295 1.461684430467370233e-170
2.86515 1.258602328469869330e-170
2.8679 1.043563571995088607e-170
2.87011 8.983618840529145715e-171
2.87286 7.450333435922899659e-171
2.87505 6.414711751783855586e-171
2.8778 5.315931389915412938e-171
2.88001 4.570440891384936642e-171
2.88277 3.783912049414912488e-171
2.88553 3.133052920297732898e-171
2.88774 2.693771401586852022e-171
2.89052 2.227899808669104606e-171
2.89274 1.913769573985076345e-171
2.89551 1.582915209600844590e-171
2.89772 1.359880670610694116e-171
2.90048 1.125567149181106755e-171
2.90268 9.679242666261120203e-172
2.90544 8.011368867608734931e-172
2.90765 6.882327253347197751e-172
2.91042 5.691820825077273249e-172
2.91264 4.888971486384966344e-172
2.91541 4.042907082845393811e-172
2.91762 3.453621211759330411e-172
2.92039 2.658087504821426853e-172
2.92261 2.064872470190025090e-172
2.92538 1.327290870813996995e-172
2.9276 8.020413659585315552e-173
2.93036 2.670517412563285553e-173
2.93257 0.000000000000000000e+00
2.93531 0.000000000000000000e+00
2.93751 0.000000000000000000e+00
2.94028 0.000000000000000000e+00
2.94305 0.000000000000000000e+00
2.94526 0.000000000000000000e+00
2.94801 0.000000000000000000e+00
2.95022 0.000000000000000000e+00
2.95299 0.000000000000000000e+00
2.95519 0.000000000000000000e+00
2.95795 3.252061772622744647e-175
2.96016 7.188123098786995639e-175
2.96293 9.838867790770743049e-175
2.96515 1.089223287418128355e-174
2.96791 1.090588481247698345e-174
2.97012 1.014667392048818955e-174
2.97288 8.620210753574142908e-175
2.97508 7.399271240493731878e-175
2.97785 5.744690671314945111e-175
2.98007 4.483789003002249557e-175
2.98285 2.934525445383714578e-175
2.98508 1.805344033697540242e-175
2.98787 6.467548893110408412e-176
2.99008 0.000000000000000000e+00
2.99285 0.000000000000000000e+00
2.99507 0.000000000000000000e+00
2.99785 0.000000000000000000e+00
3.00006 0.000000000000000000e+00
3.00281 0.000000000000000000e+00
3.00502 0.000000000000000000e+00
3.00778 0.000000000000000000e+00
3.01054 0.000000000000000000e+00
3.01275 4.605773369656656161e-182
3.01552 8.436670251203159850e-182
3.01776 9.929716711954731979e-182
3.02055 1.062487841844141989e-181
3.02277 1.026261167395905694e-181
3.02554 9.047797459681587372e-182
3.02776 7.805702411933514319e-182
3.03054 6.466519121936193246e-182
3.03276 5.428471057168589949e-182
3.03553 4.061299845570106280e-182
3.03774 3.072147835696705895e-182
3.04051 1.843005164432226928e-182
3.04272 1.008163481685883622e-182
3.04549 1.786555468947801800e-183
3.04771 0.000000000000000000e+00
3.05048 0.000000000000000000e+00
3.0527 0.000000000000000000e+00
3.05548 0.000000000000000000e+00
3.05771 0.000000000000000000e+00
3.06049 0.000000000000000000e+00
3.06271 0.000000000000000000e+00
3.06548 0.000000000000000000e+00
3.0677 3.046869341489140636e-188
3.07047 1.741774288480211135e-187
3.0727 2.504826012106843093e-187
3.07548 2.905598277471021645e-187
3.0777 2.869675590023827890e-187
3.08047 2.526418933986231777e-187
3.08269 2.183447016293029210e-187
3.08549 1.797200746532061698e-187
3.08772 1.497153628320195411e-187
3.0905 1.119793838856715412e-187
3.09272 8.205472286273216232e-188
3.09548 5.037253844551258796e-188
3.09769 3.103404716253245427e-188
3.10047 1.415545645135763328e-188
3.10269 5.800555419101517332e-189
3.10547 4.848913001263597739e-191
3.1077 8.214031793285913689e-191
3.11048 1.173932472194401888e-189
3.11269 2.420718905273876187e-189
3.11546 4.252061769636125977e-189
3.11768 4.845994443149433309e-189
3.12046 0.000000000000000000e+00
3.1227 0.000000000000000000e+00
3.1255 0.000000000000000000e+00
3.12772 0.000000000000000000e+00
3.13049 0.000000000000000000e+00
3.1327 0.000000000000000000e+00
3.13549 0.000000000000000000e+00
3.13771 0.000000000000000000e+00
3.14049 0.000000000000000000e+00
3.14272 0.000000000000000000e+00
3.14549 0.000000000000000000e+00
3.1477 0.000000000000000000e+00
3.15048 6.798565868029959333e-190
3.1527 1.155979144956235292e-189
3.15548 1.444309109539737183e-189
3.15771 1.524786188682698504e-189
3.16049 1.451357399058373059e-189
3.16271 0.000000000000000000e+00
3.16549 0.000000000000000000e+00
3.16771 0.000000000000000000e+00
3.17049 0.000000000000000000e+00
3.17273 0.000000000000000000e+00
3.17552 0.000000000000000000e+00
3.17775 0.000000000000000000e+00
3.18052 0.000000000000000000e+00
3.18274 0.000000000000000000e+00
3.18553 0.000000000000000000e+00
3.18776 3.939154843558013321e-22
3.19054 4.056671750168861680e-17
3.19277 1.615678319129264913e-13
3.195 3.049050332897830828e-13
3.1978 2.224661393908541136e-09
3.20002 3.694374892292299457e-09
3.2028 3.117495939907494889e-09
3.20502 2.695509237944436591e-09
3.20781 2.327930537678669161e-09
3.21003 2.124672806690223899e-09
3.21281 1.947810443143446401e-09
3.21503 1.849641275749636801e-09
3.21781 1.765791681870157962e-09
3.22004 1.723840770084066606e-09
3.22282 1.695990015139228577e-09
3.22505 1.689287584887011224e-09
3.22784 1.696701513984950510e-09
3.23007 1.713776907634398628e-09
3.23286 1.743897223883037846e-09
3.23509 1.772362121413191757e-09
3.23788 1.844781268100062690e-09
3.24011 2.341874633710053989e-09
3.24289 3.050870164446243983e-09
3.24512 3.483854639414360790e-09
3.2479 3.888755767243866145e-09
3.25014 4.123803727804702398e-09
3.25294 4.366048316408176842e-09
3.25517 4.541538540350293333e-09
3.25795 4.748605416128716639e-09
3.26018 4.905106165933534955e-09
3.26298 5.087561634498669923e-09
3.26521 5.220435793184115010e-09
3.268 5.367494571573273878e-09
3.27024 5.468552030809447357e-09
3.27303 5.574517853981211640e-09
3.27525 5.628670737721240405e-09
3.27804 5.702020572897879188e-09
3.28028 5.795348600981691559e-09
3.28251 5.905021382601731481e-09
3.2853 6.052298038541459136e-09
3.28753 6.172548327795228200e-09
3.29031 6.321558750950340620e-09
3.29255 6.438537488687326163e-09
3.29533 6.581114687354309794e-09
3.29756 6.692413537895885066e-09
3.30036 6.829439478736945769e-09
3.3026 6.936709204565232423e-09
3.3054 7.067356680421886495e-09
3.30763 7.168184803603840882e-09
3.31042 7.288870290696070963e-09
3.31266 7.380001693895509936e-09
3.31545 7.480888523657451691e-09
3.31769 7.551566297596214246e-09
3.32049 7.631432434754232824e-09
3.32273 7.691016491607653291e-09
3.32552 7.763107966562320030e-09
3.32775 7.820248073374762940e-09
3.33055 7.891854126770440173e-09
3.33278 7.949945094643031863e-09
3.33502 8.009620230429324405e-09
3.33781 8.086976098898669112e-09
3.34005 8.152269732920584751e-09
3.34284 8.239031701332174745e-09
3.34507 8.312740742158785028e-09
3.34786 8.409930758822044149e-09
3.3501 8.491545216912159084e-09
3.3529 8.598164897681157892e-09
3.35514 8.684736722669475418e-09
3.35794 8.791317658502750269e-09
3.36017 8.874897619311124168e-09
3.36297 8.977001603141763087e-09
3.3652 9.056875342905709074e-09
3.368 9.154488274252505171e-09
3.37024 9.230649437140719678e-09
3.37304 9.324237577448177201e-09
3.37527 9.396966752059082362e-09
3.37751 9.467246328543344811e-09
3.3803 9.554848113737787239e-09
3.38254 9.625471632241400839e-09
3.38534 9.714835998084274820e-09
3.38758 9.786958389259440444e-09
3.39038 9.877350228773264690e-09
3.39262 9.950902306508379012e-09
3.39541 1.004550310601009235e-08
3.39765 1.012059689079245141e-08
3.40045 1.021247739016176926e-08
3.40269 1.028377984998267365e-08
3.40548 1.037006962283599195e-08
3.40772 1.043711985764322206e-08
3.41052 1.051842830367222978e-08
3.41276 1.058147333201685535e-08
3.41501 1.064258864125731484e-08
3.41781 1.071436953631101984e-08
3.42005 1.076773387290707257e-08
3.42284 1.083147526780586634e-08
3.42508 1.088152613988694584e-08
3.42788 1.094369312563803464e-08
3.43011 1.099288739650995963e-08
3.43291 1.105308590435188888e-08
3.43515 1.110236343847843614e-08
3.43796 1.116652553812007189e-08
3.4402 1.121905883991924332e-08
3.443 1.128402009525686211e-08
3.44524 1.133510707718254505e-08
3.44804 1.139784381393897640e-08
3.45028 1.144773856905605214e-08
3.45252 1.149791852395302000e-08
3.45532 1.156096893654323484e-08
3.45756 1.161189056108017268e-08
3.46037 1.167463655162736811e-08
3.46261 1.172340233084287110e-08
3.46542 1.178274985527733045e-08
3.46767 1.183071164006936100e-08
3.47047 1.189248485247772994e-08
3.47271 1.194396770999882912e-08
3.47551 1.201047914411028649e-08
3.47775 1.206491473912942496e-08
3.48056 1.213687209131058878e-08
3.4828 1.219821143956734319e-08
3.48505 1.226209102331557956e-08
3.48785 1.234317439685439037e-08
3.4901 1.240854732250849611e-08
3.4929 1.249070094075677011e-08
3.49514 1.255739571324336008e-08
3.49795 1.264261613040070185e-08
3.50019 1.271229977120905851e-08
3.50299 1.280124681877001275e-08
3.50523 1.287240862173663785e-08
3.50805 1.296088253146095432e-08
3.5103 1.303127391485362335e-08
3.51255 1.310245670111754463e-08
3.51535 1.319333759931707092e-08
3.5176 1.326850656858236292e-08
3.5204 1.336569973793224032e-08
3.52264 1.344526833680679775e-08
3.52546 1.354720644529517628e-08
3.52771 1.363196355797749861e-08
3.53052 1.374204001041016669e-08
3.53277 1.383150578799603503e-08
3.53501 1.392100241248000162e-08
3.53782 1.403231474241179224e-08
3.54007 1.412116211386238727e-08
3.54287 1.423256759506865220e-08
3.54512 1.432240002080013736e-08
3.54792 1.443562012806896195e-08
3.55017 1.452591443638497657e-08
3.55298 1.463680154249851516e-08
3.55524 1.472371909517049919e-08
3.55805 1.483078678718998039e-08
3.56029 1.491665409024267121e-08
3.56253 1.500325280111355047e-08
3.56535 1.511330087058164514e-08
3.5676 1.520324652004955578e-08
3.57041 1.531732106777888213e-08
3.57266 1.540899931108318191e-08
3.57547 1.552585325995769276e-08
3.57771 1.562277301348733947e-08
3.58053 1.574722454073710240e-08
3.58279 1.584661692620016325e-08
3.58505 1.594497431546718384e-08
3.58785 1.606588853466468995e-08
3.5901 1.616194738958121269e-08
3.59291 1.628221394943989717e-08
3.59517 1.637892186435807834e-08
3.59798 1.649968667083401848e-08
3.60023 1.659449801648182466e-08
3.60304 1.670942273656487875e-08
3.60528 1.679860939831674533e-08
3.60753 1.688701523599953469e-08
3.61034 1.699790098124277892e-08
3.6126 1.708705920965483400e-08
3.6154 1.719921189505288131e-08
3.61765 1.728958741808821866e-08
3.62046 1.740321995662158762e-08
3.62271 1.749379420985831034e-08
3.62552 1.760663575938419758e-08
3.62777 1.769854486006242702e-08
3.63002 1.779288435886972331e-08
3.63283 1.791303054301727079e-08
3.63507 1.800791392706441215e-08
3.63789 1.812385621005101324e-08
3.64014 1.821395348989293842e-08
3.64296 1.832374989842489312e-08
3.6452 1.841018803822915897e-08
3.64802 1.851769159933812489e-08
3.65028 1.860245873330814696e-08
3.65254 1.868405673899191794e-08
3.65535 1.878061666656486313e-08
3.6576 1.885392797966045740e-08
3.66042 1.894323800687873410e-08
3.66267 1.901327998718468880e-08
3.66549 1.909927856380942938e-08
3.66774 1.916712746175747303e-08
3.67056 1.925066277728557721e-08
3.67281 1.931616983077482811e-08
3.67507 1.938001003174402749e-08
3.67788 1.945685816011878172e-08
3.68014 1.951654498512026739e-08
3.68296 1.959067749203339834e-08
3.68522 1.965085381840444582e-08
3.68804 1.972593117558580590e-08
3.69029 1.978317408254242276e-08
3.69254 1.983734197501308132e-08
3.69537 1.990084240325262311e-08
3.69762 1.994885642347658954e-08
3.70044 2.000633847319694369e-08
3.70269 2.005114420000797567e-08
3.70551 2.010536420086587347e-08
3.70777 2.014594029751135073e-08
3.71002 2.018280396849159845e-08
3.71284 2.022348806413715466e-08
3.7151 2.025263504166893439e-08
3.71792 2.028674880174652331e-08
3.72017 2.031252297689916636e-08
3.723 2.034319758005719395e-08
3.72526 2.036618330628869261e-08
3.72751 2.038747247003834618e-08
3.73033 2.041122204463363805e-08
3.73259 2.042811534347681619e-08
3.73542 2.044682956977356939e-08
3.73767 2.046042579360975446e-08
3.74049 2.047674059780308640e-08
3.74274 2.049040127435701129e-08
3.74501 2.050508942733593632e-08
3.74785 2.052415248636293134e-08
3.7501 2.053833903083783971e-08
3.75292 2.055346790650940592e-08
3.75518 2.056353717012220261e-08
3.758 2.057402581853279080e-08
3.76026 2.058131801915885584e-08
3.76251 2.058827075270266863e-08
3.76533 2.059708583753496138e-08
3.76758 2.060253412907522116e-08
3.7704 2.060622982441658810e-08
3.77266 2.060738143855741587e-08
3.77548 2.060825901533812371e-08
3.77773 2.060886091121175469e-08
3.78055 2.060992732540807235e-08
3.78281 2.061090356223349164e-08
3.78508 2.061175856190368935e-08
3.7879 2.061197708337807081e-08
3.79016 2.061137516371504304e-08
3.79297 2.061039173257665030e-08
3.79523 2.060972429361195583e-08
3.79805 2.060937300554096453e-08
3.80031 2.060981560205791423e-08
3.80257 2.061118547776668841e-08
3.80539 2.061456672763428330e-08
3.80765 2.061867912248435011e-08
3.81047 2.062584375193077639e-08
3.81273 2.063320654882936311e-08
3.81555 2.064383459950103107e-08
3.81781 2.065267250258188501e-08
3.82006 2.066132579836446555e-08
3.82288 2.067198880098574897e-08
3.82514 2.068084725159975090e-08
3.82796 2.069240529941851462e-08
3.83022 2.070143256798882512e-08
3.83305 2.071241515123720041e-08
3.8353 2.072134581147585890e-08
3.83756 2.073060767698071284e-08
3.84038 2.074289937737002610e-08
3.84263 2.075335161396654117e-08
3.84546 2.076699533242088429e-08
3.84772 2.077799180124002633e-08
3.85054 2.079141755504061427e-08
3.8528 2.080172058667011697e-08
3.85506 2.081175187435073063e-08
3.85789 2.082462124912053039e-08
3.86014 2.083536184350822831e-08
3.86297 2.084951091369427218e-08
3.86524 2.086144065570818448e-08
3.86806 2.087710725595637626e-08
3.87032 2.089021885173291185e-08
3.87258 2.090379524359771291e-08
3.8754 2.092136142792287315e-08
3.87766 2.093573899001397043e-08
3.88049 2.095395882217307626e-08
3.88276 2.096858920355047304e-08
3.88502 2.098296897533830163e-08
3.88784 2.100027950942385451e-08
3.8901 2.101347033155405880e-08
3.89292 2.102897875208669701e-08
3.89518 2.104053396900329579e-08
3.89801 2.105390752204082275e-08
3.90028 2.106368607144011043e-08
3.90254 2.107269225652638373e-08
3.90537 2.108296939561064658e-08
3.90763 2.109040620506008156e-08
3.91045 2.109868676129235980e-08
3.91271 2.110439274008899011e-08
3.91555 2.111009104163613381e-08
3.91782 2.111330577651725568e-08
3.92009 2.111528153318962240e-08
3.92294 2.111640050825404713e-08
3.92519 2.111664709867867635e-08
3.92801 2.111631054922078017e-08
3.93028 2.111562252987575440e-08
3.93255 2.111462199121509317e-08
3.9354 2.111297056760116422e-08
3.93768 2.111135172080958866e-08
3.94054 2.110900700527626373e-08
3.9428 2.110697581726316069e-08
3.94506 2.110492226644590758e-08
3.94789 2.110605308563909496e-08
3.95015 2.110812215539158098e-08
3.95299 2.110926585403773674e-08
3.95527 2.111064774377397262e-08
3.95754 2.111197576091122243e-08
3.96037 2.111353882183895277e-08
3.96263 2.111490906275162353e-08
3.96546 2.111682897422340587e-08
3.96772 2.111795995678056215e-08
3.97055 2.111852223599009437e-08
3.97282 2.111873060146109431e-08
3.97509 2.111893399606232666e-08
3.97793 2.111918180329605047e-08
3.9802 2.111932137982560610e-08
3.98302 2.111930343764595862e-08
3.98528 2.111903063824468094e-08
3.98755 2.111848268049728568e-08
3.99038 2.111769644393851734e-08
3.99265 2.111734609257251623e-08
3.99549 2.111744389500914687e-08
3.99776 2.111807886521631202e-08
4.00002 2.111930161619574532e-08
4.00284 2.112178260729033548e-08
4.00511 2.112464165177961423e-08
4.00793 2.112950243438892371e-08
4.0102 2.113448005017148531e-08
4.01303 2.114247580052860923e-08
4.0153 2.115043590921593596e-08
4.01756 2.115965885887213096e-08
4.02039 2.117274767695026254e-08
4.02266 2.118386083917504048e-08
4.02548 2.119822980280114401e-08
4.02775 2.121004374957070241e-08
4.03001 2.122213244148265664e-08
4.03285 2.123777976067657874e-08
4.03512 2.125109430996548304e-08
4.03795 2.126908053133195808e-08
4.04021 2.128430725565586733e-08
4.04304 2.130353013818859042e-08
4.04531 2.131919614885164436e-08
4.04758 2.133574811127675878e-08
4.05041 2.135757785572856687e-08
4.05267 2.137593526435253225e-08
4.0555 2.139993092327251067e-08
4.05776 2.142000717736583527e-08
4.06003 2.144103062626488999e-08
4.06286 2.146867264777318438e-08
4.06512 2.149194730128146446e-08
4.06795 2.152261644299772873e-08
4.07022 2.154845089024631495e-08
4.07306 2.158245720843445080e-08
4.07532 2.161107688490977431e-08
4.07759 2.164094097832217306e-08
4.08042 2.167999195446888246e-08
4.08268 2.171261721373075911e-08
4.08552 2.175545070362975289e-08
4.08779 2.179118150742176853e-08
4.09005 2.182804324106230359e-08
4.09288 2.187552762906608624e-08
4.09515 2.191413303039164101e-08
4.09798 2.196271523309194744e-08
4.10025 2.200163222889511878e-08
4.10251 2.204054901687970281e-08
4.10535 2.208929001880610336e-08
4.10762 2.212864460288771236e-08
4.11046 2.217860881452241692e-08
4.11273 2.221857655809195901e-08
4.11556 2.226794196464044351e-08
4.11783 2.230737046936052517e-08
4.12009 2.234718028461404465e-08
4.12293 2.239738998017858917e-08
4.12519 2.243785186726654700e-08
4.12803 2.248883065947310417e-08
4.13029 2.252999440782388992e-08
4.13256 2.257143604111521494e-08
4.1354 2.262376738544622358e-08
4.13768 2.266599389411111492e-08
4.14051 2.271916088068433659e-08
4.14278 2.276213419104255250e-08
4.14505 2.280563058956547117e-08
4.14789 2.286072309476244268e-08
4.15017 2.290520295244432530e-08
4.153 2.296104014296429122e-08
4.15526 2.300612456511754643e-08
4.15754 2.305188633592960109e-08
4.16038 2.310964786746436441e-08
4.16264 2.315610404756074027e-08
4.16548 2.321409479746508092e-08
4.16774 2.326010271001192859e-08
4.17002 2.330563066637166052e-08
4.17286 2.336161421111413482e-08
4.17513 2.340555721858310786e-08
4.17798 2.345937255246297723e-08
4.18024 2.350149370411791356e-08
4.18251 2.354313298363193251e-08
4.18535 2.359499991586434690e-08
4.18762 2.363610699190626110e-08
4.19046 2.368576840510645733e-08
4.19273 2.372420746402927965e-08
4.19556 2.377186734396645126e-08
4.19784 2.380989032088021834e-08
4.20011 2.384759639447579001e-08
4.20295 2.389400516604376312e-08
4.20522 2.393059422771931933e-08
4.20805 2.397570291081109378e-08
4.21032 2.401133870063514518e-08
4.21259 2.404665839965008655e-08
4.21543 2.409050325711942286e-08
4.21771 2.412536477360228416e-08
4.22054 2.416859493305920737e-08
4.22281 2.420298392738228710e-08
4.22508 2.423734172011642566e-08
4.22792 2.428034535020114694e-08
4.23019 2.431464619612227264e-08
4.23302 2.435732237490653101e-08
4.23529 2.439120981034616719e-08
4.23757 2.442449778062083649e-08
4.24041 2.446499667893596975e-08
4.24268 2.449637140446732692e-08
4.24552 2.453424405741928970e-08
4.24778 2.456336920590177970e-08
4.25005 2.459153277572005144e-08
4.25289 2.462552013506503899e-08
4.25516 2.465179689248819528e-08
4.258 2.468370384264530252e-08
4.26026 2.470868028479529415e-08
4.26253 2.473329868324183177e-08
4.26537 2.476354335955641608e-08
4.26765 2.478690007452850675e-08
4.27049 2.481438600824204451e-08
4.27276 2.483547403716450619e-08
4.27503 2.485649498330375638e-08
4.27787 2.488280156080962004e-08
4.28013 2.490376446897257953e-08
4.28297 2.492964702616667303e-08
4.28525 2.495007520388687461e-08
4.28751 2.497029873268776130e-08
4.29035 2.499546434613013619e-08
4.29262 2.501566653816464277e-08
4.29546 2.504118227979560986e-08
4.29773 2.506209302556951879e-08
4.3 2.508351492058364247e-08
4.30284 2.511099465015694076e-08
4.30511 2.513345130450336719e-08
4.30796 2.516163779806924558e-08
4.31023 2.518422126097373959e-08
4.31251 2.520676316186558008e-08
4.31535 2.523475656900561770e-08
4.31761 2.525695829888470317e-08
4.32045 2.528461046544345889e-08
4.32272 2.530673249515002367e-08
4.32556 2.533445028481286471e-08
4.32783 2.535684474517383059e-08
4.3301 2.537953870186829641e-08
4.33294 2.540837810279306272e-08
4.33521 2.543186781896023355e-08
4.33806 2.546183992844197030e-08
4.34033 2.548633295553919195e-08
4.34261 2.551120887022759065e-08
4.34544 2.554257144328780887e-08
4.34771 2.556775975495759093e-08
4.35055 2.559922792541715719e-08
4.35283 2.562464698959533792e-08
4.3551 2.565080790330605811e-08
4.35793 2.568480385042314181e-08
4.3602 2.571303988411232659e-08
4.36304 2.574945542566065872e-08
4.36532 2.577926595818839985e-08
4.36759 2.580969066330072576e-08
4.37043 2.584866147725669389e-08
4.37271 2.588074171457411572e-08
4.37555 2.592241451623006470e-08
4.37782 2.595706231773057385e-08
4.3801 2.599278845168645859e-08
4.38294 2.603838098498263886e-08
4.38521 2.607537323272933992e-08
4.38805 2.612218472784511120e-08
4.39032 2.616005965339344293e-08
4.39259 2.619822796701064151e-08
4.39544 2.624630053735830582e-08
4.39771 2.628508217175360504e-08
4.40055 2.633416767667339583e-08
4.40282 2.637395331478962386e-08
4.4051 2.641416255831105967e-08
4.40794 2.646500568857539752e-08
4.41022 2.650613239942101503e-08
4.41306 2.655803705193859178e-08
4.41533 2.659997070256858991e-08
4.4176 2.664218952001820142e-08
4.42045 2.669510152533565815e-08
4.42272 2.673707172562531868e-08
4.42556 2.678903349347973389e-08
4.42783 2.683053975393608455e-08
4.43011 2.687264951212789145e-08
4.43295 2.692620969793605339e-08
4.43523 2.696976395777677095e-08
4.43807 2.702507057000750778e-08
4.44034 2.706990043352762361e-08
4.44262 2.711502910785498911e-08
4.44546 2.717169350905710158e-08
4.44774 2.721729558473019930e-08
4.45001 2.726321316493519094e-08
4.45285 2.732140287745112399e-08
4.45512 2.736874283362337568e-08
4.45797 2.742875976645395810e-08
4.46025 2.747689857854783107e-08
4.46253 2.752488600316374750e-08
4.46537 2.758437175773192776e-08
4.46764 2.763166666999961850e-08
4.47048 2.769055671841366139e-08
4.47276 2.773745371144150882e-08
4.47504 2.778417663166183272e-08
4.47788 2.784237391279016823e-08
4.48015 2.788876197626525275e-08
4.48299 2.794655932457151807e-08
4.48526 2.799275229250264012e-08
4.48755 2.803897713000928358e-08
4.4904 2.809632616271769297e-08
4.49267 2.814127930707113860e-08
4.49551 2.819599669592993763e-08
4.49779 2.823887606596977718e-08
4.50007 2.828121109397989503e-08
4.50292 2.833409933151850396e-08
4.50519 2.837650505879457614e-08
4.50803 2.842983218192652043e-08
4.51031 2.847271829349389109e-08
4.51258 2.851564813708184250e-08
4.51543 2.856921568555993140e-08
4.51771 2.861174277431053869e-08
4.52056 2.866432426866417850e-08
4.52283 2.870605700857300316e-08
4.5251 2.874770396770039571e-08
4.52795 2.880002683348278401e-08
4.53023 2.884218114081200710e-08
4.53251 2.888437392822355223e-08
4.53535 2.893682258254587961e-08
4.53763 2.897824805500005233e-08
4.54047 2.902914521843906821e-08
4.54275 2.906910117570871926e-08
4.54503 2.910841638972469498e-08
4.54788 2.915672080792627091e-08
4.55015 2.919474901234782505e-08
4.55299 2.924171686029327801e-08
4.55527 2.927907170594905486e-08
4.55756 2.931612420451342414e-08
4.5604 2.936192626844657661e-08
4.56268 2.939805268864363227e-08
4.56552 2.944180457169907127e-08
4.5678 2.947540677593937553e-08
4.57007 2.950790988638761275e-08
4.57292 2.954811737643172050e-08
4.5752 2.958022948035889038e-08
4.57805 2.962040885702298707e-08
4.58033 2.965266841955083836e-08
4.58261 2.968499407520967884e-08
4.58547 2.972532577883890124e-08
4.58775 2.975720636339940458e-08
4.59002 2.978863416754733101e-08
4.59287 2.982752644962818520e-08
4.59514 2.985846145399127627e-08
4.59799 2.989701313227991162e-08
4.60027 2.992788514408804156e-08
4.60255 2.995904718978193612e-08
4.6054 2.999836605399328727e-08
4.60767 3.003005465820118140e-08
4.61052 3.006966858324369067e-08
4.61281 3.010107941593269124e-08
4.61509 3.013202011267528181e-08
4.61794 3.016976034353222553e-08
4.62022 3.019933345117189577e-08
4.62306 3.023571515401690610e-08
4.62534 3.026454292416330382e-08
4.62762 3.029321925507957710e-08
4.63047 3.032892891828651353e-08
4.63275 3.035745283612587963e-08
4.63503 3.038586501658931718e-08
4.63787 3.042123399087680007e-08
4.64015 3.044909524972485158e-08
4.64301 3.048269702161124006e-08
4.64529 3.050896603827205330e-08
4.64757 3.053539742944743732e-08
4.65042 3.056881947527180054e-08
4.6527 3.059583130550106107e-08
4.65555 3.062981762904553904e-08
4.65783 3.065722087036695643e-08
4.66012 3.068460926498825312e-08
4.66296 3.071876227895223114e-08
4.66524 3.074610984196047837e-08
4.66752 3.077363389861537467e-08
4.67037 3.080842552694318695e-08
4.67265 3.083674719671102956e-08
4.6755 3.087300694633625425e-08
4.67778 3.090271660177090882e-08
4.68006 3.093295574265562355e-08
4.68291 3.097091999852304007e-08
4.68519 3.100127924592172295e-08
4.68805 3.103904953590407072e-08
4.69034 3.106887595771891973e-08
4.69261 3.109824780868641008e-08
4.69545 3.113459242203752384e-08
4.69774 3.116356300708461996e-08
4.70002 3.119253511944558269e-08
4.70287 3.122880573861307606e-08
4.70515 3.125794182813394029e-08
4.708 3.129445739430202167e-08
4.71028 3.132369962888478962e-08
4.71256 3.135297898611091571e-08
4.71542 3.138980105606852333e-08
4.71771 3.141923052356683952e-08
4.72056 3.145579045893364733e-08
4.72284 3.148473080744868920e-08
4.72512 3.151338684767361152e-08
4.72797 3.154933857125901955e-08
4.73025 3.157850174036918268e-08
4.73253 3.160795748355482114e-08
4.73539 3.164492969570309010e-08
4.73767 3.167444241875628566e-08
4.74051 3.171145840197576299e-08
4.74279 3.174160026962293410e-08
4.74508 3.177233017020298656e-08
4.74794 3.181156612605387607e-08
4.75022 3.184358515778478178e-08
4.7525 3.187582304050264741e-08
4.75535 3.191610073868309148e-08
4.75763 3.194826613772478587e-08
4.76049 3.198833276791785471e-08
4.76278 3.202011132404370082e-08
4.76506 3.205152807983504879e-08
4.76791 3.209033397678152865e-08
4.77019 3.212124997477614682e-08
4.77304 3.215991205240153763e-08
4.77532 3.219082293722246416e-08
4.77761 3.222176081252328828e-08
4.78046 3.226042812670660290e-08
4.78274 3.229126419670994134e-08
4.78502 3.232203138572610841e-08
4.78787 3.236046603504961082e-08
4.79016 3.239121885798126368e-08
4.79302 3.242959882890458015e-08
4.7953 3.246026369254857226e-08
4.79758 3.249093953585583951e-08
4.80043 3.252925947855962541e-08
4.80272 3.255983757646971216e-08
4.80557 3.259793325212295692e-08
4.80786 3.262825829125003784e-08
4.81014 3.265847096343731488e-08
4.81299 3.269640093181980596e-08
4.81527 3.272714715801521032e-08
4.81755 3.275841258300643830e-08
4.8204 3.279806928398146631e-08
4.82269 3.283023225468156987e-08
4.82555 3.287078041378968957e-08
4.82784 3.290331338080693903e-08
4.83012 3.293587010775249340e-08
4.83297 3.297664472767562595e-08
4.83526 3.300930503151932938e-08
4.83754 3.304201150345486313e-08
4.84039 3.308297011387771956e-08
4.84267 3.311583573099456255e-08
4.84552 3.315704743109884338e-08
4.8478 3.319014133680505902e-08
4.85008 3.322339362715117675e-08
4.85294 3.326525379065483630e-08
4.85523 3.329890838087447566e-08
4.85751 3.333266353479653206e-08
4.86037 3.337508190563184667e-08
4.86265 3.340917460740095467e-08
4.8655 3.345202023940375154e-08
4.86778 3.348659768117414994e-08
4.87008 3.352147903236008314e-08
4.87294 3.356537583105844872e-08
4.87522 3.360064338125083280e-08
4.8775 3.363613841284896241e-08
4.88036 3.368080448126168686e-08
4.88264 3.371673167255885122e-08
4.8855 3.376195971026359440e-08
4.88779 3.379850263081631001e-08
4.89008 3.383546852725294463e-08
4.89292 3.388234848912633912e-08
4.8952 3.392057860172824282e-08
4.89806 3.396937181185071293e-08
4.90035 3.400903958775721380e-08
4.90264 3.404930007741014819e-08
4.9055 3.410037887686666759e-08
4.90779 3.414172213499388377e-08
4.91007 3.418345927110480601e-08
4.91293 3.423625177839585609e-08
4.91521 3.427899425289598356e-08
4.91807 3.433298434250099689e-08
4.92035 3.437654988765400296e-08
4.92263 3.442048722131159674e-08
4.92549 3.447589787406049878e-08
4.92777 3.452061133874593933e-08
4.93005 3.456571731562700763e-08
4.93291 3.462276181786097206e-08
4.93521 3.466876479643702415e-08
4.93806 3.472654982656436535e-08
4.94035 3.477313963553001583e-08
4.94263 3.482000862151931163e-08
4.94548 3.487901477286820022e-08
4.94777 3.492668455910442979e-08
4.95006 3.497477827446933607e-08
4.95293 3.503526376452805724e-08
4.95521 3.508381306539876036e-08
4.95807 3.514485142684052558e-08
4.96036 3.519395319230671969e-08
4.96264 3.524323293974591904e-08
4.9655 3.530514524461776899e-08
4.96779 3.535503444501481721e-08
4.97008 3.540532188509912884e-08
4.97293 3.546884303007128205e-08
4.97521 3.552029114473615917e-08
4.97806 3.558542680816832359e-08
4.98035 3.563808273589071442e-08
4.98265 3.569143805833569420e-08
4.98552 3.575882434104080236e-08
4.98781 3.581299137640982641e-08
4.9901 3.586732153136705385e-08
4.99295 3.593561761100084256e-08
4.99524 3.599050727032085682e-08
4.99752 3.604556982328835941e-08
5.00038 3.611469175945918383e-08
5.00267 3.617009927561376182e-08
5.00553 3.623925690703089818e-08
5.00781 3.629451366014416226e-08
5.01009 3.634980106725886030e-08
5.01295 3.641902010435593131e-08
5.01524 3.647433979860632510e-08
5.01753 3.652968967619342323e-08
5.0204 3.659874047406618118e-08
5.02269 3.665370993516063909e-08
5.02554 3.672222392245705344e-08
5.02783 3.677692182580783386e-08
5.03011 3.683149997995532393e-08
5.03297 3.689952044037501544e-08
5.03527 3.695383522443244200e-08
5.03756 3.700791077346695856e-08
5.04042 3.707492613184220921e-08
5.0427 3.712813972417368491e-08
5.04556 3.719424621820345053e-08
5.04785 3.724679820624300452e-08
5.05014 3.729910165352108832e-08
5.05301 3.736434758797069076e-08
5.0553 3.741651276125817579e-08
5.05758 3.746849623565166746e-08
5.06043 3.753339932754762164e-08
5.06272 3.758531843427436531e-08
5.06501 3.763715091820317305e-08
5.06787 3.770183893687654449e-08
5.07017 3.775350498050597957e-08
5.07304 3.781764550946563228e-08
5.07533 3.786837378868129267e-08
5.07761 3.791872961078798708e-08
5.08047 3.798110774520101063e-08
5.08276 3.803048021128298968e-08
5.08505 3.807938848793623861e-08
5.08791 3.813982559349750679e-08
5.0902 3.818750047281093605e-08
5.09306 3.824612280094107669e-08
5.09534 3.829237625718737039e-08
5.09763 3.833815313248205561e-08
5.10049 3.839454311087566379e-08
5.10278 3.843908708790449915e-08
5.10508 3.848305512573140237e-08
5.10795 3.853706120059576449e-08
5.11023 3.857943554182816355e-08
5.11252 3.862115618487517359e-08
5.11538 3.867247447952500130e-08
5.11766 3.871285262455181904e-08
5.12053 3.876259844295994816e-08
5.12283 3.880164668321208212e-08
5.12512 3.883985534123355485e-08
5.12798 3.888639385874687472e-08
5.13027 3.892273899465262480e-08
5.13255 3.895832449495269252e-08
5.13542 3.900176042411616339e-08
5.13771 3.903591334932912769e-08
5.14001 3.906953805836081831e-08
5.14287 3.911083981697406762e-08
5.14516 3.914343194737270536e-08
5.14802 3.918367888527567611e-08
5.1503 3.921539601021829240e-08
5.15259 3.924675311495007828e-08
5.15546 3.928561745643538230e-08
5.15776 3.931622814982488114e-08
5.16005 3.934628287328311137e-08
5.16291 3.938307545370817234e-08
5.1652 3.941184346270852470e-08
5.16806 3.944693686806582940e-08
5.17035 3.947434520501154735e-08
5.17264 3.950118118131227836e-08
5.1755 3.953387531578071031e-08
5.17779 3.955936685507900712e-08
5.18008 3.958430547522477803e-08
5.18294 3.961470491089940947e-08
5.18522 3.963844457455152385e-08
5.18751 3.966172616388827575e-08
5.19038 3.969024909290841356e-08
5.19267 3.971255763554877264e-08
5.19554 3.973982324793314488e-08
5.19783 3.976117168269256715e-08
5.20012 3.978210302760837871e-08
5.20298 3.980772707008205403e-08
5.20526 3.982779665762307804e-08
5.20755 3.984746756863814478e-08
5.21041 3.987142834394886301e-08
5.21271 3.989007406180224256e-08
5.215 3.990806488956976690e-08
5.21787 3.992961413574856094e-08
5.22016 3.994627126717764662e-08
5.22302 3.996665552061614419e-08
5.22531 3.998293877004589919e-08
5.2276 3.999929437548080583e-08
5.23048 4.001996656171876579e-08
5.23279 4.003667848549424466e-08
5.23508 4.005345874706367877e-08
5.23795 4.007455736555931715e-08
5.24024 4.009140868841801001e-08
5.24252 4.010810731530486661e-08
5.24539 4.012872173203251016e-08
5.24768 4.014509531494047543e-08
5.25055 4.016566330648218831e-08
5.25284 4.018248687027211490e-08
5.25513 4.019965751211180781e-08
5.25799 4.022131166413801640e-08
5.26028 4.023853330009021462e-08
5.26257 4.025566833897856208e-08
5.26544 4.027691797142115231e-08
5.26773 4.029382950060807728e-08
5.27003 4.031072843050815697e-08
5.27289 4.033198407243555935e-08
5.27518 4.034907463416139478e-08
5.27804 4.037061875625861202e-08
5.28033 4.038801057734608809e-08
5.28262 4.040554204633254759e-08
5.28549 4.042769318487858046e-08
5.28778 4.044563306887995410e-08
5.29008 4.046374849166284508e-08
5.29294 4.048655959600102749e-08
5.29523 4.050497857096448566e-08
5.29752 4.052347554760631154e-08
5.30038 4.054658285320701488e-08
5.30268 4.056485103175949548e-08
5.30554 4.058746176800610615e-08
5.30784 4.060548648289415957e-08
5.31013 4.062375439353551879e-08
5.313 4.064700740893149159e-08
5.31529 4.066594405509449407e-08
5.31758 4.068526303248269889e-08
5.32044 4.071000398676222486e-08
5.32274 4.073025266562617306e-08
5.32504 4.075090416906007481e-08
5.32793 4.077724006186655080e-08
5.33024 4.079857421192612481e-08
5.33254 4.082002268754577335e-08
5.33542 4.084703292147947240e-08
5.33771 4.086866228385735538e-08
5.34 4.089033671232502819e-08
5.34287 4.091756511016317265e-08
5.34516 4.093951149182895385e-08
5.34803 4.096724889939263810e-08
5.35032 4.098973193479007573e-08
5.35261 4.101250799566893530e-08
5.35548 4.104138361319650851e-08
5.35776 4.106469480857383899e-08
5.36006 4.108797415996104253e-08
5.36293 4.111691952421730988e-08
5.36523 4.113994812312631040e-08
5.36754 4.116297903238429898e-08
5.37043 4.119167564414563504e-08
5.37272 4.121446736538091750e-08
5.37502 4.123722183193514902e-08
5.37788 4.126554768008930289e-08
5.38017 4.128813164624974042e-08
5.38303 4.131635500999291241e-08
5.38533 4.133889512958753758e-08
5.38763 4.136129661975694507e-08
5.39049 4.138892324070071686e-08
5.39278 4.141058836678985036e-08
5.39507 4.143185216171695552e-08
5.39794 4.145793317672859524e-08
5.40023 4.147866476828470689e-08
5.40254 4.149932521061576235e-08
5.40541 4.152500885292830865e-08
5.40772 4.154546911562896367e-08
5.41002 4.156583278074993492e-08
5.41289 4.159104546823162361e-08
5.41518 4.161102525650414113e-08
5.41804 4.163566845785928860e-08
5.42033 4.165509973602039881e-08
5.42263 4.167428668368241672e-08
5.4255 4.169800712944590382e-08
5.42779 4.171673247986427126e-08
5.43011 4.173534298265702983e-08
5.433 4.175822567403291783e-08
5.43531 4.177614826251378495e-08
5.43762 4.179370855264644439e-08
5.4405 4.181514647220838207e-08
5.44281 4.183190105643333702e-08
5.44511 4.184834876881444777e-08
5.44798 4.186845893362155386e-08
5.45028 4.188429046669388498e-08
5.45257 4.189993227794732640e-08
5.45544 4.191927182998943672e-08
5.45773 4.193446412014165025e-08
5.46003 4.194919779058473991e-08
5.46289 4.196685855528947088e-08
5.46519 4.198041648389193288e-08
5.46806 4.199670623743919155e-08
5.47037 4.200931967054848592e-08
5.47267 4.202155208264135198e-08
5.47555 4.203632713817935833e-08
5.47786 4.204773365524553510e-08
5.48017 4.205876448350421764e-08
5.48304 4.207198473209799049e-08
5.48534 4.208203786805318267e-08
5.48764 4.209154858483052899e-08
5.49051 4.210272212418407671e-08
5.4928 4.211116437475516088e-08
5.4951 4.211928422189680366e-08
5.49796 4.212901524123503076e-08
5.50026 4.213650022100565431e-08
5.50255 4.214375804033828876e-08
5.50542 4.215253279577212467e-08
5.50771 4.215932238297877107e-08
5.51002 4.216591225715889864e-08
5.5129 4.217383497072868010e-08
5.51521 4.217994173865442874e-08
5.51753 4.218585246546522166e-08
5.52042 4.219294423492250479e-08
5.52272 4.219836776132314538e-08
5.52503 4.220360131812324157e-08
5.5279 4.220986457187569238e-08
5.53019 4.221466241427674966e-08
5.53306 4.222038328294139995e-08
5.53535 4.222475113131259219e-08
5.53765 4.222895802205814117e-08
5.54053 4.223396870596102859e-08
5.54283 4.223780740033044765e-08
5.54513 4.224155666016264881e-08
5.54801 4.224620397020543617e-08
5.55033 4.224996445715975499e-08
5.55264 4.225385596416219760e-08
5.55554 4.225886795730528348e-08
5.55786 4.226285216027195301e-08
5.56018 4.226659452796547634e-08
5.56307 4.227090056474996277e-08
5.56538 4.227406618250038846e-08
5.56769 4.227705311635940644e-08
5.57057 4.228063662713534221e-08
5.57287 4.228347342783057529e-08
5.57517 4.228629402163551112e-08
5.57804 4.228979743754550477e-08
5.58034 4.229256822435969307e-08
5.58263 4.229529457469216480e-08
5.58551 4.229859528736206211e-08
5.58782 4.230107567481106198e-08
5.59012 4.230342204850307248e-08
5.59302 4.230618177699585917e-08
5.59534 4.230835017901673059e-08
5.59766 4.231052889051449942e-08
5.60056 4.231327924538073589e-08
5.60287 4.231551450723908002e-08
5.60518 4.231779703649456703e-08
5.60807 4.232070793509578126e-08
5.61037 4.232308459681774854e-08
5.61268 4.232547885391553695e-08
5.61555 4.232847108477794100e-08
5.61785 4.233086737380730382e-08
5.62015 4.233326234389084042e-08
5.62302 4.233625103801578496e-08
5.62532 4.233863201793602321e-08
5.62762 4.234099945995406890e-08
5.63049 4.234392615599160068e-08
5.63279 4.234622092487806581e-08
5.63509 4.234844703506579749e-08
5.63797 4.235110270256890981e-08
5.64027 4.235309183502411914e-08
5.64258 4.235494909949385785e-08
5.64546 4.235710377395892830e-08
5.64777 4.235872333482691285e-08
5.65008 4.236030031974319805e-08
5.65296 4.236226741739448493e-08
5.65527 4.236390089845011951e-08
5.65759 4.236562806276216108e-08
5.66047 4.236779183825152722e-08
5.66277 4.236935146744852215e-08
5.66507 4.237057855724864974e-08
5.66794 4.237163766321782835e-08
5.67024 4.237211742907793785e-08
5.67254 4.237231838027308516e-08
5.67542 4.237222594447917713e-08
5.67773 4.237193522489228301e-08
5.68004 4.237145492629665777e-08
5.68292 4.237057880016275682e-08
5.68522 4.236965012388970817e-08
5.68753 4.236851278352232128e-08
5.69041 4.236679534237484884e-08
5.69272 4.236518879255045423e-08
5.69503 4.236336811198770668e-08
5.69792 4.236076310747263735e-08
5.70024 4.235832734691496586e-08
5.70256 4.235552571575726284e-08
5.70546 4.235155001787701729e-08
5.70778 4.234811782459853584e-08
5.7101 4.234450446147046527e-08
5.713 4.233975857341555308e-08
5.71531 4.233577198794194617e-08
5.71762 4.233161431978636468e-08
5.7205 4.232616097018621340e-08
5.72281 4.232156887504534722e-08
5.72511 4.231676954576685640e-08
5.72799 4.231048639491635563e-08
5.73029 4.230524564020842853e-08
5.73259 4.229982600635784159e-08
5.73547 4.229281094858503681e-08
5.73778 4.228702429472489011e-08
5.74009 4.228108546249468375e-08
5.74298 4.227344735305689583e-08
5.74529 4.226715513914204633e-08
5.7476 4.226067454430468780e-08
5.7505 4.225229731087620470e-08
5.75282 4.224537865713334871e-08
5.75514 4.223829606605373274e-08
5.75804 4.222921183325077317e-08
5.76037 4.222184292589726841e-08
5.7627 4.221444804161324032e-08
5.76502 4.220714040470274721e-08
5.76793 4.219820771131679041e-08
5.77025 4.219119415451621284e-08
5.77256 4.218415413020782226e-08
5.77546 4.217511573410073015e-08
5.77777 4.216769765269232520e-08
5.78008 4.216007873700030357e-08
5.78296 4.215029346530929200e-08
5.78527 4.214228711521691874e-08
5.78757 4.213418878121564738e-08
5.79045 4.212402663556744194e-08
5.79276 4.211589488249554068e-08
5.79506 4.210777957074965424e-08
5.79794 4.209767847284512551e-08
5.80024 4.208963847854386195e-08
5.80255 4.208163025298157052e-08
5.80543 4.207165318680168127e-08
5.80773 4.206369636818891781e-08
5.81004 4.205574990387062380e-08
5.81292 4.204584131031658548e-08
5.81523 4.203793307626475292e-08
5.81754 4.203004922107995903e-08
5.82043 4.202025774951651327e-08
5.82275 4.201248706311853842e-08
5.82506 4.200478297292988405e-08
5.82795 4.199525958499818280e-08
5.83026 4.198772768189118938e-08
5.83257 4.198026705029464435e-08
5.83547 4.197102965028804359e-08
5.83778 4.196371030750754060e-08
5.8401 4.195644607294725019e-08
5.84299 4.194744953768464243e-08
5.84531 4.194031878206453334e-08
5.84763 4.193325294522636326e-08
5.85052 4.192452848147570389e-08
5.85284 4.191763290414835278e-08
5.85515 4.191080880556793384e-08
5.85803 4.190238501997063533e-08
5.86034 4.189572051343242581e-08
5.86265 4.188912652427657411e-08
5.86553 4.188097002508609170e-08
5.86784 4.187450737095358710e-08
5.87014 4.186809355440929681e-08
5.87303 4.186016031898130237e-08
5.87534 4.185387629350691414e-08
5.87765 4.184762409989671445e-08
5.88054 4.183978488291019248e-08
5.88285 4.183343915801121608e-08
5.88516 4.182702102463318520e-08
5.88805 4.181891856765082837e-08
5.89036 4.181239407125207137e-08
5.89268 4.180595820965208653e-08
5.89557 4.179808538348795186e-08
5.89788 4.179190819186412459e-08
5.9002 4.178575385300800875e-08
5.90251 4.177945646323281574e-08
5.90541 4.177132797449382886e-08
5.90773 4.176456416755185571e-08
5.91005 4.175752911210004056e-08
5.91296 4.174837291124023881e-08
5.91528 4.174075608772805400e-08
5.91761 4.173290459914497970e-08
5.92052 4.172284572562738671e-08
5.92284 4.171463288561222929e-08
5.92517 4.170628009601241504e-08
5.9275 4.169779240045573737e-08
5.93041 4.168699194515290813e-08
5.93275 4.167817109160267186e-08
5.93509 4.166918809968808294e-08
5.938 4.165773344609428155e-08
5.94033 4.164836248760400520e-08
5.94266 4.163881197634070165e-08
5.94556 4.162662671727444740e-08
5.94789 4.161668476421729842e-08
5.95021 4.160659402016598791e-08
5.95252 4.159635020676483509e-08
5.95542 4.158336027085651117e-08
5.95774 4.157281781344136327e-08
5.96005 4.156214795819247806e-08
5.96294 4.154863241455097283e-08
5.96525 4.153767366249079499e-08
5.96756 4.152658930416947501e-08
5.97045 4.151255209405102991e-08
5.97277 4.150118065897231663e-08
5.97508 4.148968332705993285e-08
5.97796 4.147514297254296552e-08
5.98027 4.146339776057231354e-08
5.98258 4.145156630086082231e-08
5.98547 4.143666496469696195e-08
5.98778 4.142466087512181000e-08
5.99009 4.141259637673086546e-08
5.99298 4.139746543496676034e-08
5.99529 4.138535538276493802e-08
5.9976 4.137325263724852573e-08
6.00049 4.135813448440020449e-08
6.0028 4.134604350666760919e-08
6.00511 4.133395154874974465e-08
6.008 4.131879815097285898e-08
6.01032 4.130664793266680416e-08
6.01263 4.129446852001999876e-08
6.01553 4.127922983571510357e-08
6.01785 4.126705159666745949e-08
6.02017 4.125494283222320073e-08
6.02306 4.123998432843588600e-08
6.02538 4.122822129116940663e-08
6.0277 4.121669783776242025e-08
6.03002 4.120544153548210180e-08
6.03292 4.119174998419617399e-08
6.03524 4.118106044107494639e-08
6.03756 4.117053902567952482e-08
6.04046 4.115750679187768722e-08
6.04279 4.114706792587065394e-08
6.04511 4.113667766562199443e-08
6.04802 4.112403187765892377e-08
6.05034 4.111432370952435515e-08
6.05267 4.110497696408477643e-08
6.055 4.109593056007330266e-08
6.05791 4.108496566949646185e-08
6.06025 4.107639265429237613e-08
6.06258 4.106803130786319141e-08
6.0655 4.105797225525285634e-08
6.06783 4.105037846191062594e-08
6.07016 4.104323633438994781e-08
6.07307 4.103497147550540100e-08
6.0754 4.102885661128545036e-08
6.07772 4.102305512568919126e-08
6.08005 4.101752852116513718e-08
6.08295 4.101097112906280370e-08
6.08527 4.100595042582323617e-08
6.08759 4.100111026927447352e-08
6.09049 4.099534134453015200e-08
6.09281 4.099096680522810135e-08
6.09512 4.098685174304621013e-08
6.09802 4.098214675092617653e-08
6.10034 4.097876261427619733e-08
6.10265 4.097573031250826871e-08
6.10554 4.097244535170921329e-08
6.10786 4.097021862801975969e-08
6.11017 4.096833763244810015e-08
6.11306 4.096645058286806950e-08
6.11538 4.096529247209573584e-08
6.11769 4.096443074632468722e-08
6.12 4.096385313594717159e-08
6.12289 4.096351725127474277e-08
6.12521 4.096355039132945744e-08
6.12752 4.096384806444152540e-08
6.13041 4.096458910048157422e-08
6.13272 4.096547485950838146e-08
6.13504 4.096661880181473144e-08
6.13793 4.096840567412700666e-08
6.14025 4.097011450428339337e-08
6.14256 4.097206322485379774e-08
6.14546 4.097482205797162062e-08
6.14777 4.097727403245586558e-08
6.15009 4.097992943347835620e-08
6.15299 4.098351675079579959e-08
6.1553 4.098658256026314762e-08
6.15762 4.098980969282997760e-08
6.16052 4.099404970189419130e-08
6.16284 4.099759361116009954e-08
6.16517 4.100126145861326873e-08
6.16807 4.100600249839286667e-08
6.17039 4.100990725547471375e-08
6.17271 4.101390024396941790e-08
6.17503 4.101796812020753451e-08
6.17793 4.102314254536578456e-08
6.18025 4.102733785919974730e-08
6.18257 4.103156813700798389e-08
6.18547 4.103688523456463055e-08
6.18778 4.104114339480824994e-08
6.1901 4.104539139257366209e-08
6.19299 4.105066283014804648e-08
6.19531 4.105483287439053525e-08
6.19763 4.105894563673781057e-08
6.20052 4.106399444498535851e-08
6.20283 4.106795588861103823e-08
6.20515 4.107183127153059359e-08
6.20804 4.107653118299068567e-08
6.21035 4.108015560133067343e-08
6.21267 4.108364373743311868e-08
6.21556 4.108778882231235254e-08
6.21787 4.109091591560258360e-08
6.22018 4.109385951018008248e-08
6.22308 4.109726216950128325e-08
6.22539 4.109974718672082915e-08
6.2277 4.110200803591740869e-08
6.23001 4.110404741949840783e-08
6.2329 4.110630699867962738e-08
6.23522 4.110786446080458738e-08
6.23753 4.110918279124478928e-08
6.24042 4.111049578259930100e-08
6.24273 4.111128344073156881e-08
6.24504 4.111181750331988363e-08
6.24793 4.111210352346581303e-08
6.25025 4.111202217432239632e-08
6.25256 4.111165832162207082e-08
6.25545 4.111078707700441864e-08
6.25776 4.110974885227786916e-08
6.26008 4.110840224102688029e-08
6.26297 4.110628181937256808e-08
6.26528 4.110423685952820966e-08
6.2676 4.110189514154499178e-08
6.27049 4.109856382921464897e-08
6.27281 4.109557982961087680e-08
6.27512 4.109231512144798710e-08
6.27801 4.108784274697995934e-08
6.28033 4.108395285700822638e-08
6.28264 4.107978789468338410e-08
6.28554 4.107419541971026526e-08
6.28786 4.106941543266852429e-08
6.29017 4.106436560652612454e-08
6.29307 4.105767923350671072e-08
6.29539 4.105203660536603083e-08
6.29771 4.104613748043852010e-08
6.30002 4.103998976078572524e-08
6.30292 4.103196534809704896e-08
6.30524 4.102528246246534710e-08
6.30756 4.101837327225401171e-08
6.31045 4.100942820635239075e-08
6.31277 4.100203294715070878e-08
6.31509 4.099443236848833805e-08
6.31799 4.098464440829075041e-08
6.3203 4.097658711867009110e-08
6.32262 4.096833311513380394e-08
6.32552 4.095774801147566288e-08
6.32784 4.094907264523098855e-08
6.33016 4.094019644538653107e-08
6.33305 4.092882218377119448e-08
6.33537 4.091951566372470688e-08
6.33769 4.091003379399975218e-08
6.34001 4.090038861069029406e-08
6.34291 4.088811374310886845e-08
6.34523 4.087813389485122271e-08
6.34755 4.086804973266597454e-08
6.35045 4.085532551181094843e-08
6.35277 4.084506969870523422e-08
6.35509 4.083475341115774550e-08
6.35799 4.082179756953851297e-08
6.36032 4.081139251219796432e-08
6.36264 4.080096716784797796e-08
6.36555 4.078791810157617914e-08
6.36787 4.077746686170290751e-08
6.3702 4.076701079221622431e-08
6.37252 4.075654330245040074e-08
6.37543 4.074344680355972852e-08
6.37775 4.073297051951977870e-08
6.38007 4.072249596329839814e-08
6.38298 4.070941320414806275e-08
6.3853 4.069896290962970162e-08
6.38762 4.068852801522937745e-08
6.39052 4.067552199782696302e-08
6.39284 4.066514590589193375e-08
6.39516 4.065480436686174799e-08
6.39806 4.064192706334536636e-08
6.40038 4.063166984790193673e-08
6.4027 4.062145536383682812e-08
6.40501 4.061128301629199023e-08
6.40791 4.059863480133385306e-08
6.41023 4.058856667896131579e-08
6.41254 4.057854687599018780e-08
6.41544 4.056608732188943284e-08
6.41775 4.055617209729010297e-08
6.42007 4.054630291428203115e-08
6.42296 4.053402805029882796e-08
6.42528 4.052425733898206798e-08
6.42759 4.051452683282726201e-08
6.43048 4.050241913925824389e-08
6.4328 4.049277355442979749e-08
6.43511 4.048316157578504642e-08
6.438 4.047118946211646276e-08
6.44032 4.046164179244172342e-08
6.44263 4.045211734738867753e-08
6.44552 4.044023819736307061e-08
6.44784 4.043075092019040163e-08
6.45015 4.042127333165886015e-08
6.45304 4.040943234098871698e-08
6.45536 4.039995857124231938e-08
6.45767 4.039047832388010041e-08
6.46056 4.037860992874504263e-08
6.46288 4.036909510236908291e-08
6.46519 4.035955401859645833e-08
6.46751 4.034998296876615493e-08
6.4704 4.033796579520762587e-08
6.47272 4.032830233221621419e-08
6.47503 4.031858790150195278e-08
6.47793 4.030636130664811818e-08
6.48024 4.029650770892242374e-08
6.48256 4.028657819546646451e-08
6.48546 4.027405529729515904e-08
6.48777 4.026393575703528456e-08
6.49009 4.025372090599255598e-08
6.49299 4.024080632980811407e-08
6.49531 4.023034792195858831e-08
6.49763 4.021977262710069586e-08
6.50053 4.020636889219229809e-08
6.50285 4.019549710938195025e-08
6.50518 4.018447893838081630e-08
6.5075 4.017331168081721861e-08
6.51041 4.015913060943253351e-08
6.51273 4.014759776782294954e-08
6.51506 4.013589595246461305e-08
6.51796 4.012102564210211075e-08
6.52029 4.010892394725040873e-08
6.52261 4.009663583639014149e-08
6.52552 4.008100194868291985e-08
6.52784 4.006826912015193615e-08
6.53016 4.005532988078724262e-08
6.53307 4.003885614059160639e-08
6.53539 4.002543169791965039e-08
6.53772 4.001178331552463819e-08
6.54004 3.999790572188243770e-08
6.54294 3.998023034079489704e-08
6.54527 3.996582116995164971e-08
6.54759 3.995116855734765827e-08
6.5505 3.993250557309583034e-08
6.55282 3.991729047181476790e-08
6.55515 3.990182197256471374e-08
6.55805 3.988212935261559150e-08
6.56038 3.986608426719191902e-08
6.5627 3.984978442346045046e-08
6.56502 3.983322798436623675e-08
6.56792 3.981216203588166372e-08
6.57024 3.979501910459045978e-08
6.57256 3.977760738455101686e-08
6.57546 3.975547478999564103e-08
6.57778 3.973746633498927850e-08
6.5801 3.971919124869665991e-08
6.583 3.969597116500354767e-08
6.58531 3.967709089398358062e-08
6.58763 3.965794480793438833e-08
6.59053 3.963362991602620306e-08
6.59284 3.961387939215139718e-08
6.59516 3.959385855618378797e-08
6.59805 3.956845727916630736e-08
6.60037 3.954783690005966333e-08
6.60268 3.952695111362999408e-08
6.60558 3.950047473362944514e-08
6.60789 3.947899943148156319e-08
6.61021 3.945726469537210038e-08
6.61252 3.943527370733638229e-08
6.61541 3.940742662562566206e-08
6.61773 3.938486676562907277e-08
6.62005 3.936205942429118548e-08
6.62294 3.933320422011583587e-08
6.62526 3.930985272728893687e-08
6.62757 3.928625900141805728e-08
6.63047 3.925644611214867843e-08
6.63279 3.923233585726552986e-08
6.63511 3.920800529610556697e-08
6.638 3.917728729933576862e-08
6.64032 3.915247300173465137e-08
6.64264 3.912746076726288950e-08
6.64554 3.909590314794546820e-08
6.64787 3.907045114076132479e-08
6.65019 3.904480722617601267e-08
6.65251 3.901899070851758684e-08
6.65542 3.898648520058602601e-08
6.65774 3.896029840777340859e-08
6.66007 3.893397372540391733e-08
6.66298 3.890085156326320607e-08
6.66531 3.887422297650614774e-08
6.66763 3.884751236499340704e-08
6.67054 3.881400301367613802e-08
6.67287 3.878712165644053254e-08
6.67519 3.876018886719719327e-08
6.67751 3.873319906532157357e-08
6.68041 3.869943716209815590e-08
6.68273 3.867239196007996885e-08
6.68505 3.864534764461843119e-08
6.68795 3.861154211824761411e-08
6.69027 3.858451686495829753e-08
6.69258 3.855752301763629506e-08
6.69548 3.852383234575718886e-08
6.69779 3.849694708779516039e-08
6.70011 3.847012194141695695e-08
6.703 3.843670827167188967e-08
6.70531 3.841007803818378490e-08
6.70762 3.838355343026186145e-08
6.71051 3.835056425632272177e-08
6.71283 3.832431769997006594e-08
6.71514 3.829821651694998400e-08
6.71803 3.826580630696475104e-08
6.72034 3.824006828719763689e-08
6.72265 3.821450996159686724e-08
6.72554 3.818283147916579140e-08
6.72785 3.815771836864747203e-08
6.73016 3.813282063984161788e-08
6.73305 3.810201485077949027e-08
6.73537 3.807763959639067631e-08
6.73768 3.805350624981871519e-08
6.74057 3.802370588095225472e-08
6.74288 3.800016090407389377e-08
6.7452 3.797689243686764038e-08
6.74751 3.795390751050318758e-08
6.75041 3.792557786193267941e-08
6.75272 3.790325411313663589e-08
6.75504 3.788122205394284143e-08
6.75794 3.785412407630398616e-08
6.76025 3.783279033199264917e-08
6.76257 3.781177529461169011e-08
6.76547 3.778596398689258215e-08
6.76779 3.776568303072568045e-08
6.77011 3.774573318258622051e-08
6.77301 3.772126359846756725e-08
6.77533 3.770206285265055144e-08
6.77765 3.768319311694768768e-08
6.78055 3.766007202167082595e-08
6.78287 3.764194363056518628e-08
6.78519 3.762413954918525415e-08
6.78751 3.760665878944469656e-08
6.79042 3.758524567357850389e-08
6.79274 3.756846681016328286e-08
6.79506 3.755198618821832419e-08
6.79797 3.753180134479761981e-08
6.80029 3.751598527465815083e-08
6.80261 3.750045472985737139e-08
6.80551 3.748142263845701201e-08
6.80783 3.746649811971397162e-08
6.81015 3.745181732836016502e-08
6.81305 3.743380328330866129e-08
6.81536 3.741963797743204192e-08
6.81768 3.740567936865000495e-08
6.82057 3.738849941810168376e-08
6.82289 3.737494918379398912e-08
6.8252 3.736155843701494159e-08
6.82752 3.734830616472899187e-08
6.83041 3.733191565874330912e-08
6.83272 3.731892015918295389e-08
6.83503 3.730601058466986509e-08
6.83792 3.728996790612302226e-08
6.84024 3.727718655891524275e-08
6.84255 3.726443269042912259e-08
6.84544 3.724850116943849345e-08
6.84775 3.723573983064453681e-08
6.85007 3.722294588159307688e-08
6.85296 3.720687549093282524e-08
6.85527 3.719393456896961408e-08
6.85759 3.718089775265456838e-08
6.86048 3.716443393832049065e-08
6.8628 3.715111200844504644e-08
6.86511 3.713763156445254162e-08
6.86801 3.712054286184151004e-08
6.87033 3.710664945923528387e-08
6.87265 3.709254265769964924e-08
6.87554 3.707457752318637097e-08
6.87787 3.705991441741217323e-08
6.88019 3.704498067013738095e-08
6.88251 3.702974057400579771e-08
6.88542 3.701025731307396297e-08
6.88774 3.699431460655193017e-08
6.89006 3.697803179371607650e-08
6.89296 3.695718108446924839e-08
6.89528 3.694008891339025628e-08
6.8976 3.692260397993214039e-08
6.90049 3.690019818001756619e-08
6.90281 3.688179920157805001e-08
6.90512 3.686297740333285629e-08
6.90802 3.683882614756758594e-08
6.91033 3.681899541644862102e-08
6.91264 3.679870190630385090e-08
6.91553 3.677266353050361328e-08
6.91784 3.675129247915488803e-08
6.92016 3.672942598158040268e-08
6.92304 3.670139455189620047e-08
6.92535 3.667840066422562266e-08
6.92767 3.665489780823719376e-08
6.93055 3.662479980578736363e-08
6.93286 3.660014264519471937e-08
6.93517 3.657497107848725308e-08
6.93806 3.654278629451065220e-08
6.94037 3.651646111950806937e-08
6.94268 3.648963189470283922e-08
6.94557 3.645538869437942125e-08
6.94788 3.642743960244183755e-08
6.9502 3.639900704331472330e-08
6.95251 3.637009393052254365e-08
6.9554 3.633330925624838534e-08
6.95771 3.630336341071051747e-08
6.96003 3.627298914354359953e-08
6.96292 3.623442464051275712e-08
6.96524 3.620312082770806446e-08
6.96755 3.617144128693989362e-08
6.97045 3.613133839994747378e-08
6.97277 3.609888560144821569e-08
6.97508 3.606612921835319390e-08
6.97798 3.602479027225262106e-08
6.9803 3.599143052730662936e-08
6.98261 3.595784398377953745e-08
6.98551 3.591557826074827324e-08
6.98783 3.588157075901677949e-08
6.99014 3.584742698159270063e-08
6.99304 3.580457720246972926e-08
6.99536 3.577021552893347044e-08
6.99768 3.573579546057801048e-08
7 3.570136486172049203e-08
7.0029 3.565835418475985680e-08
7.00523 3.562399879872638821e-08
7.00755 3.558974036069862385e-08
7.01046 3.554707033282384508e-08
7.01278 3.551311745494849914e-08
7.0151 3.547939637454925089e-08
7.018 3.543757863783423281e-08
7.02032 3.540443401603945886e-08
7.02264 3.537159667402424857e-08
7.02554 3.533100320300964857e-08
7.02785 3.529894163325206361e-08
7.03017 3.526725236626974031e-08
7.03306 3.522822490812401551e-08
7.03538 3.519748436773704080e-08
7.03769 3.516719998618314305e-08
7.04 3.513739300549849629e-08
7.04289 3.510083369725366049e-08
7.04521 3.507217687782488569e-08
7.04752 3.504405690538043859e-08
7.05041 3.500969003112774706e-08
7.05272 3.498283845510261442e-08
7.05503 3.495657066551686561e-08
7.05792 3.492457515343996239e-08
7.06023 3.489966207228139736e-08
7.06255 3.487536326884588793e-08
7.06544 3.484587101635988722e-08
7.06775 3.482298026295149908e-08
7.07006 3.480072769526672956e-08
7.07296 3.477380537978827690e-08
7.07527 3.475298823298722808e-08
7.07759 3.473281419980610330e-08
7.08048 3.470849357818195397e-08
7.0828 3.468976428821190625e-08
7.08512 3.467166213721960794e-08
7.08801 3.464993572254632656e-08
7.09034 3.463325633203985218e-08
7.09266 3.461720320469042854e-08
7.09556 3.459800373473564263e-08
7.09788 3.458332516198392103e-08
7.10021 3.456925293635143100e-08
7.10253 3.455575839358157900e-08
7.10544 3.453971585178739156e-08
7.10777 3.452753495919423132e-08
7.1101 3.451591855209944645e-08
7.113 3.450217440022258059e-08
7.11533 3.449178632827626112e-08
7.11765 3.448192107842764280e-08
7.12056 3.447030955932558016e-08
7.12288 3.446157629134003118e-08
7.1252 3.445332339773618341e-08
7.12753 3.444553586480685852e-08
7.13043 3.443643416210600337e-08
7.13275 3.442964789505487262e-08
7.13508 3.442328633725905388e-08
7.13798 3.441591174487920881e-08
7.1403 3.441044840789697328e-08
7.14262 3.440535820487194267e-08
7.14552 3.439948928490084493e-08
7.14784 3.439516868588965909e-08
7.15015 3.439116226980758057e-08
7.15305 3.438656789698571584e-08
7.15537 3.438320341067957625e-08
7.15768 3.438009494493264240e-08
7.16058 3.437654384836151905e-08
7.16289 3.437394827591714835e-08
7.16521 3.437155131782400437e-08
7.16752 3.436933571511205813e-08
7.17041 3.436679667621874169e-08
7.17273 3.436493116357712162e-08
7.17504 3.436319657655821879e-08
7.17793 3.436118908833807503e-08
7.18025 3.435969329778824590e-08
7.18256 3.435827837703883444e-08
7.18546 3.435659934853347995e-08
7.18778 3.435530828877637960e-08
7.19009 3.435404577094795690e-08
7.19299 3.435249606191224021e-08
7.19531 3.435128196610559768e-08
7.19763 3.435009000468091792e-08
7.20053 3.434861909779665033e-08
7.20285 3.434744501744044414e-08
7.20517 3.434627192515275020e-08
7.20808 3.434490703355370900e-08
7.2104 3.434388800705208237e-08
7.21273 3.434290379719490248e-08
7.21506 3.434193478022580058e-08
7.21796 3.434071989865322222e-08
7.22029 3.433972569289853734e-08
7.22261 3.433865325147223602e-08
7.22551 3.433712147615141253e-08
7.22783 3.433572014010764102e-08
7.23015 3.433414631313832167e-08
7.23305 3.433191202588835539e-08
7.23536 3.432989704641243642e-08
7.23768 3.432766757645023545e-08
7.24057 3.432456624703887160e-08
7.24289 3.432182603775057631e-08
7.2452 3.431884909672821050e-08
7.24751 3.431563403931295984e-08
7.2504 3.431127488655309250e-08
7.25272 3.430751531556753043e-08
7.25503 3.430351332119399455e-08
7.25792 3.429817132925357702e-08
7.26023 3.429362855987148322e-08
7.26254 3.428884890299673970e-08
7.26543 3.428254677224654640e-08
7.26774 3.427724854630999573e-08
7.27005 3.427172745355293668e-08
7.27294 3.426452299310108167e-08
7.27525 3.425852483621753731e-08
7.27757 3.425232657464485237e-08
7.28046 3.424431150771965693e-08
7.28277 3.423769526377974860e-08
7.28508 3.423091128806300004e-08
7.28798 3.422220742947892727e-08
7.29029 3.421508236310136426e-08
7.29261 3.420782417117696885e-08
7.29551 3.419858362938646508e-08
7.29782 3.419107369691058984e-08
7.30014 3.418346889829058959e-08
7.30304 3.417385716197429511e-08
7.30536 3.416609815622452124e-08
7.30768 3.415829072339808632e-08
7.31 3.415044669903684399e-08
7.3129 3.414060772309920734e-08
7.31522 3.413272248808749195e-08
7.31754 3.412483549356652174e-08
7.32044 3.411499176685849139e-08
7.32276 3.410713783640530720e-08
7.32509 3.409931625111155426e-08
7.32799 3.408959608784862563e-08
7.33031 3.408187836507709099e-08
7.33263 3.407422261413412056e-08
7.33554 3.406476686116412281e-08
7.33786 3.405731912019598454e-08
7.34017 3.405000468236027121e-08
7.34307 3.404106891020548707e-08
7.34539 3.403411686805323730e-08
7.34771 3.402735893433437578e-08
7.35002 3.402081375710185185e-08
7.35292 3.401295997237379747e-08
7.35523 3.400695817190374306e-08
7.35754 3.400125425570988583e-08
7.36044 3.399456505074821017e-08
7.36275 3.398957544096177443e-08
7.36506 3.398491162560145952e-08
7.36795 3.397954567046707759e-08
7.37027 3.397562918422658576e-08
7.37258 3.397205194240983098e-08
7.37547 3.396806371068220277e-08
7.37779 3.396526549132920529e-08
7.3801 3.396282021129578989e-08
7.38299 3.396026731815570309e-08
7.38531 3.395863293418780848e-08
7.38762 3.395736572214043874e-08
7.39051 3.395630420701378764e-08
7.39283 3.395587712459335213e-08
7.39515 3.395582891757813380e-08
7.39805 3.395630553134991979e-08
7.40036 3.395711887795337097e-08
7.40268 3.395831837938527707e-08
7.40501 3.395990537296322512e-08
7.40791 3.396243417429244359e-08
7.41023 3.396489499224376200e-08
7.41256 3.396774223211446411e-08
7.41546 3.397184042032909859e-08
7.41778 3.397554824256507737e-08
7.4201 3.397963193899748026e-08
7.423 3.398525944475228057e-08
7.42532 3.399017637625738056e-08
7.42764 3.399545374374623587e-08
7.43054 3.400255590419370564e-08
7.43285 3.400862931107975967e-08
7.43517 3.401504941611649230e-08
7.43806 3.402354831207116653e-08
7.44037 3.403071871779811118e-08
7.44268 3.403821195497734496e-08
7.44557 3.404801768670030116e-08
7.44788 3.405620679678106016e-08
7.45019 3.406468957482939816e-08
7.4525 3.407346022418293745e-08
7.45539 3.408481311803189096e-08
7.4577 3.409419579492582959e-08
7.46001 3.410383544101782458e-08
7.4629 3.411623099028886329e-08
7.46521 3.412641156711774705e-08
7.46752 3.413681751682490952e-08
7.47041 3.415012275838217848e-08
7.47272 3.416099502541016027e-08
7.47503 3.417205659203045696e-08
7.47792 3.418613457143456072e-08
7.48023 3.419758556950091096e-08
7.48255 3.420918890008051558e-08
7.48544 3.422390058907825859e-08
7.48775 3.423581473445583301e-08
7.49007 3.424785986420433143e-08
7.49297 3.426307776894876690e-08
7.49528 3.427536556520766999e-08
7.4976 3.428774093123490325e-08
7.5005 3.430331195439307239e-08
7.50281 3.431583683708531460e-08
7.50513 3.432840762103945698e-08
7.50803 3.434417258379519277e-08
7.51035 3.435680819251834619e-08
7.51267 3.436945487332006623e-08
7.51557 3.438526037157208882e-08
7.51789 3.439788717686321413e-08
7.52021 3.441049140092754365e-08
7.52253 3.442305424915598612e-08
7.52543 3.443869568763274870e-08
7.52776 3.445113845352624833e-08
7.53008 3.446350958228743525e-08
7.53299 3.447885653732152515e-08
7.53532 3.449101935288376304e-08
7.53764 3.450306007477581771e-08
7.54054 3.451794546715801068e-08
7.54286 3.452969525277996061e-08
7.54518 3.454130891681974393e-08
7.54808 3.455561312257399312e-08
7.55039 3.456687946663177966e-08
7.55271 3.457798259516670236e-08
7.55502 3.458891112873857986e-08
7.55792 3.460232602864434390e-08
7.56023 3.461284746634455172e-08
7.56254 3.462318138402699016e-08
7.56543 3.463582403090400707e-08
7.56775 3.464571331160224134e-08
7.57006 3.465539973970678532e-08
7.57295 3.466722792195886612e-08
7.57526 3.467646599302715391e-08
7.57757 3.468550056863226561e-08
7.58046 3.469650241744424300e-08
7.58278 3.470506899263386159e-08
7.58509 3.471342394486572951e-08
7.58798 3.472356922435922704e-08
7.59029 3.473144639099711689e-08
7.59261 3.473910915002422164e-08
7.5955 3.474839259667909213e-08
7.59781 3.475558003276553276e-08
7.60013 3.476256096264580800e-08
7.60303 3.477099578844607632e-08
7.60534 3.477751604568987042e-08
7.60766 3.478383786326076839e-08
7.61056 3.479146436244711138e-08
7.61289 3.479735455158412056e-08
7.61521 3.480305713927890369e-08
7.61753 3.480858319643965288e-08
7.62044 3.481524500347551490e-08
7.62276 3.482038372892453568e-08
7.62509 3.482536012354709884e-08
7.628 3.483136212733170243e-08
7.63032 3.483599673516752319e-08
7.63264 3.484049265841024175e-08
7.63555 3.484592871900497940e-08
7.63787 3.485014102700012777e-08
7.6402 3.485424123792883149e-08
7.64252 3.485823793247384188e-08
7.64543 3.486310171899186195e-08
7.64775 3.486689841264464466e-08
7.65008 3.487062065878312357e-08
7.65298 3.487517832768892657e-08
7.6553 3.487876250916634198e-08
7.65762 3.488230063427360083e-08
7.66052 3.488667294128960364e-08
7.66284 3.489014284230300511e-08
7.66515 3.489359631850875847e-08
7.66805 3.489790688739885395e-08
7.67037 3.490135927758783217e-08
7.67268 3.490482652112622576e-08
7.67558 3.490919380868246228e-08
7.67789 3.491272489714699088e-08
7.68021 3.491629850488214965e-08
7.68252 3.491992256004365212e-08
7.68542 3.492453621919396952e-08
7.68773 3.492830371512630049e-08
7.69005 3.493214708622700965e-08
7.69294 3.493706985063508317e-08
7.69526 3.494111108445944915e-08
7.69757 3.494525105128667716e-08
7.70047 3.495057543027883390e-08
7.70278 3.495495968691015108e-08
7.7051 3.495946374562637548e-08
7.708 3.496526487691765983e-08
7.71032 3.497005120297263358e-08
7.71264 3.497496916615921127e-08
7.71554 3.498130854456394665e-08
7.71787 3.498653933236723452e-08
7.72019 3.499191229140510054e-08
7.72252 3.499743852779060321e-08
7.72543 3.500455669771415330e-08
7.72775 3.501042352598561573e-08
7.73008 3.501644728524761692e-08
7.73299 3.502419777485128409e-08
7.73531 3.503058097717016574e-08
7.73763 3.503714065151697381e-08
7.74053 3.504557736397990000e-08
7.74285 3.505252619363000200e-08
7.74517 3.505964639213710306e-08
7.74806 3.506879402216443859e-08
7.75038 3.507630893216940815e-08
7.75269 3.508399849281202502e-08
7.75501 3.509186657441584760e-08
7.7579 3.510194580145748382e-08
7.76021 3.511021056870731309e-08
7.76252 3.511865149898127555e-08
7.76541 3.512945385576261298e-08
7.76773 3.513829684710636295e-08
7.77004 3.514731867426549563e-08
7.77292 3.515884942336318602e-08
7.77524 3.516827671437800197e-08
7.77755 3.517788484693393224e-08
7.78044 3.519015126178539692e-08
7.78275 3.520016864373420533e-08
7.78506 3.521036928414797284e-08
7.78795 3.522337759068873067e-08
7.79026 3.523398981240492633e-08
7.79257 3.524478811086959916e-08
7.79547 3.525854081112805165e-08
7.79778 3.526975651589915350e-08
7.8001 3.528116258834170218e-08
7.80299 3.529569999460235289e-08
7.80531 3.530755064184551202e-08
7.80763 3.531959497327749478e-08
7.81053 3.533492793483670515e-08
7.81285 3.534740368764212359e-08
7.81517 3.536006577934827609e-08
7.81807 3.537615080016666732e-08
7.82039 3.538922763878708775e-08
7.82271 3.540248756646427640e-08
7.82504 3.541593116241104241e-08
7.82794 3.543299891144042240e-08
7.83026 3.544685752196006264e-08
7.83259 3.546089882405168900e-08
7.83549 3.547870624360459958e-08
7.83781 3.549314190750044646e-08
7.84013 3.550775389615509447e-08
7.84303 3.552626493122163115e-08
7.84535 3.554126643565467994e-08
7.84767 3.555644741585085633e-08
7.85056 3.557565820220104221e-08
7.85287 3.559122651664095348e-08
7.85519 3.560696398439935140e-08
7.8575 3.562287404387406365e-08
7.8604 3.564300274464822778e-08
7.86271 3.565929550517889356e-08
7.86502 3.567575814938560611e-08
7.86791 3.569656976928124883e-08
7.87023 3.571340471308428854e-08
7.87254 3.573040318860606267e-08
7.87543 3.575187486028554632e-08
7.87774 3.576922913494264301e-08
7.88006 3.578673661715178209e-08
7.88295 3.580882768402899483e-08
7.88527 3.582666609633994572e-08
7.88758 3.584463856936188686e-08
7.89048 3.586729859600618544e-08
7.89279 3.588556629264076625e-08
7.89511 3.590395815139659932e-08
7.89801 3.592711141745220776e-08
7.90033 3.594575286336706122e-08
7.90265 3.596450429667686203e-08
7.90556 3.598806234649470659e-08
7.90788 3.600701318972861080e-08
7.91021 3.602603006754777141e-08
7.91253 3.604508783174444669e-08
7.91543 3.606895460639541540e-08
7.91775 3.608807991656465170e-08
7.92007 3.610720754839813114e-08
7.92297 3.613113099743604432e-08
7.92528 3.615024461327852986e-08
7.9276 3.616934244035204852e-08
7.93049 3.619316114316452963e-08
7.9328 3.621216174881587909e-08
7.93511 3.623110358039307514e-08
7.938 3.625467184025062250e-08
7.94032 3.627343324080685356e-08
7.94263 3.629208993876616239e-08
7.94551 3.631525561610848218e-08
7.94782 3.633364550882543228e-08
7.95013 3.635189644711772335e-08
7.95302 3.637449666266145412e-08
7.95533 3.639239054598479630e-08
7.95764 3.641010507785980139e-08
7.96053 3.643198128194431540e-08
7.96284 3.644924961273888368e-08
7.96515 3.646630285592503370e-08
7.96804 3.648729270197598898e-08
7.97035 3.650381154919874239e-08
7.97266 3.652007500951108104e-08
7.97556 3.654002327712390734e-08
7.97787 3.655567025389720009e-08
7.98019 3.657101893676404045e-08
7.9825 3.658606932251895135e-08
7.9854 3.660443530064763233e-08
7.98772 3.661875697193258772e-08
7.99003 3.663273845858996762e-08
7.99293 3.664972131866369547e-08
7.99525 3.666290600722544113e-08
7.99757 3.667571998368165921e-08
8.00047 3.669121451530426873e-08
8.00279 3.670317743581957558e-08
8.00511 3.671475340398962347e-08
8.00802 3.672866929632990517e-08
8.01034 3.673935029709238053e-08
8.01267 3.674963180338511418e-08
8.01557 3.676190167935783884e-08
8.0179 3.677124269025457670e-08
8.02022 3.678016430833174055e-08
8.02254 3.678865767496502587e-08
8.02545 3.679867271683070089e-08
8.02777 3.680620731507374579e-08
8.03008 3.681331277622498354e-08
8.03298 3.682160287351905470e-08
8.0353 3.682775639764205787e-08
8.03761 3.683349280552867795e-08
8.0405 3.684007725857827983e-08
8.04282 3.684488090287492260e-08
8.04513 3.684927713193397122e-08
8.04802 3.685420535062137686e-08
8.05033 3.685770225613688285e-08
8.05264 3.686080868461815818e-08
8.05553 3.686415406967464842e-08
8.05785 3.686640927513180798e-08
8.06016 3.686829897626225470e-08
8.06305 3.687016074673948504e-08
8.06536 3.687126137794577704e-08
8.06767 3.687202714860095844e-08
8.07056 3.687252995276443124e-08
8.07288 3.687258193662567099e-08
8.07519 3.687233510543325331e-08
8.07751 3.687180144276880491e-08
8.0804 3.687074976087498840e-08
8.08272 3.686961596422645877e-08
8.08504 3.686823704054685418e-08
8.08794 3.686618671905980865e-08
8.09026 3.686430378359035724e-08
8.09258 3.686221816918157595e-08
8.09549 3.685934998697312141e-08
8.09781 3.685686381059565096e-08
8.10014 3.685422309241060826e-08
8.10305 3.685073024371337881e-08
8.10537 3.684780197838036072e-08
8.1077 3.684476998708711790e-08
8.11002 3.684165010180074829e-08
8.11293 3.683764879295918017e-08
8.11525 3.683438439628026235e-08
8.11758 3.683107938558687700e-08
8.12048 3.682691245790310744e-08
8.12281 3.682356718593929318e-08
8.12513 3.682022601812972188e-08
8.12803 3.681607951577728644e-08
8.13036 3.681279888972622215e-08
8.13268 3.680956487131596246e-08
8.13557 3.680560528718178464e-08
8.13789 3.680251662156167051e-08
8.14021 3.679951126966641016e-08
8.14253 3.679659770779277030e-08
8.14542 3.679310135263226972e-08
8.14774 3.679043110951594267e-08
8.15005 3.678788325809594581e-08
8.15295 3.678488304595761942e-08
8.15526 3.678263968112077233e-08
8.15758 3.678054361158621664e-08
8.16047 3.677814081794718429e-08
8.16279 3.677639959475509876e-08
8.1651 3.677482579277507115e-08
8.168 3.677310124058095837e-08
8.17031 3.677192152329803143e-08
8.17263 3.677092388279100969e-08
8.17553 3.676993786871470187e-08
8.17785 3.676936190765487277e-08
8.18017 3.676897733112302551e-08
8.18307 3.676876929604809910e-08
8.18539 3.676882264549678948e-08
8.18771 3.676907249948361581e-08
8.19004 3.676951934654989172e-08
8.19295 3.677035568310762220e-08
8.19527 3.677124584257096383e-08
8.1976 3.677233137353195723e-08
8.20051 3.677396076153071791e-08
8.20283 3.677547780977419130e-08
8.20516 3.677718264492420654e-08
8.20806 3.677957273743212987e-08
8.21038 3.678168695569920498e-08
8.2127 3.678397810738085485e-08
8.21501 3.678643882607101591e-08
8.21791 3.678974979500181429e-08
8.22022 3.679257848051295185e-08
8.22254 3.679556239615591985e-08
8.22543 3.679950228033535967e-08
8.22774 3.680281498265323441e-08
8.23006 3.680626589020747449e-08
8.23295 3.681076332673524191e-08
8.23526 3.681450336256450503e-08
8.23757 3.681836317753187785e-08
8.24046 3.682334886776729803e-08
8.24277 3.682745983639107699e-08
8.24508 3.683167380966843154e-08
8.24797 3.683707824070055121e-08
8.25028 3.684150544440464127e-08
8.25259 3.684601834583368936e-08
8.25548 3.685177405762017605e-08
8.25779 3.685646277023865490e-08
8.26011 3.686122202156275854e-08
8.263 3.686726258744964799e-08
8.26532 3.687216190543671196e-08
8.26763 3.687711807041746650e-08
8.27053 3.688338187162608481e-08
8.27285 3.688844835985475088e-08
8.27516 3.689355484981118501e-08
8.27806 3.689999243364863242e-08
8.28039 3.690518075774074208e-08
8.28271 3.691039812629643611e-08
8.28503 3.691564246744817776e-08
8.28793 3.692222924461606251e-08
8.29026 3.692752395052947614e-08
8.29258 3.693283544106994859e-08
8.29549 3.693949799075236959e-08
8.29781 3.694484348152482741e-08
8.30013 3.695019674409894216e-08
8.30304 3.695689060134534593e-08
8.30536 3.696225460969817864e-08
8.30767 3.696761857723060765e-08
8.31057 3.697433285985609040e-08
8.31289 3.697970810514510198e-08
8.3152 3.698508902348062206e-08
8.31752 3.699047659929271301e-08
8.32041 3.699721988155446722e-08
8.32272 3.700262537611887244e-08
8.32504 3.700804024044371805e-08
8.32793 3.701482698476478104e-08
8.33024 3.702027290783480919e-08
8.33255 3.702573600680852895e-08
8.33544 3.703259330359456550e-08
8.33776 3.703810523949833513e-08
8.34007 3.704364284349621651e-08
8.34296 3.705060838177610561e-08
8.34528 3.705621695830133309e-08
8.34759 3.706186389587158712e-08
8.35049 3.706897854031498380e-08
8.35281 3.707472050547995049e-08
8.35512 3.708051079845901798e-08
8.35802 3.708781922424587764e-08
8.36034 3.709373014120063165e-08
8.36266 3.709969653275008443e-08
8.36557 3.710724511988956417e-08
8.36789 3.711335506025028092e-08
8.37022 3.711953010318863067e-08
8.37254 3.712577292429048273e-08
8.37545 3.713367231453472137e-08
8.37777 3.714006473528628034e-08
8.38009 3.714653222258141677e-08
8.38298 3.715471596391611816e-08
8.3853 3.716135044413376190e-08
8.38761 3.716806251002061229e-08
8.39051 3.717656476819572887e-08
8.39282 3.718346063031063801e-08
8.39513 3.719043837856742437e-08
8.39802 3.719928412879151744e-08
8.40033 3.720645665784643338e-08
8.40265 3.721371945205051024e-08
8.40553 3.722292439010090883e-08
8.40784 3.723039098243655884e-08
8.41015 3.723795028928465738e-08
8.41304 3.724753015564082785e-08
8.41535 3.725529972566811221e-08
8.41766 3.726316451995824232e-08
8.42055 3.727312811348663903e-08
8.42286 3.728120709870249073e-08
8.42517 3.728938071487248690e-08
8.42806 3.729973142504161610e-08
8.43037 3.730811914272757336e-08
8.43268 3.731659865574251398e-08
8.43557 3.732733383946620765e-08
8.43789 3.733602257273369993e-08
8.4402 3.734480551112318084e-08
8.44252 3.735367693203009040e-08
8.44542 3.736488899501374047e-08
8.44773 3.737395616959733090e-08
8.45005 3.738310331946598128e-08
8.45295 3.739464959393170292e-08
8.45527 3.740397040223974614e-08
8.45759 3.741336641976519940e-08
8.46049 3.742520856531151557e-08
8.46281 3.743475828487897768e-08
8.46513 3.744437198644993498e-08
8.46804 3.745647008748528077e-08
8.47036 3.746621430095778906e-08
8.47269 3.747600474959322722e-08
8.47501 3.748584630597859472e-08
8.47792 3.749820323931249440e-08
8.48025 3.750811508927327672e-08
8.48257 3.751804383870705278e-08
8.48547 3.753047891525057148e-08
8.4878 3.754043128115203875e-08
8.49012 3.755039235393351239e-08
8.49301 3.756283624551863174e-08
8.49533 3.757278616237074961e-08
8.49765 3.758272322677352451e-08
8.50054 3.759511882249808675e-08
8.50286 3.760501076784504945e-08
8.50517 3.761487123427508395e-08
8.50806 3.762715025020210251e-08
8.51037 3.763692451670817376e-08
8.51269 3.764665229347182399e-08
8.515 3.765632626988321379e-08
8.51789 3.766833363697806109e-08
8.5202 3.767786488164922301e-08
8.52252 3.768732319579259118e-08
8.52541 3.769903379570619128e-08
8.52772 3.770830760445151682e-08
8.53003 3.771748846890998462e-08
8.53292 3.772882839256455763e-08
8.53524 3.773778344321387788e-08
8.53755 3.774662855073515875e-08
8.54045 3.775752584417038995e-08
8.54276 3.776610527553351715e-08
8.54508 3.777456444752720318e-08
8.54798 3.778495076545592653e-08
8.5503 3.779311163668785784e-08
8.55262 3.780113233013427206e-08
8.55552 3.781095764804094924e-08
8.55785 3.781865542514338758e-08
8.56017 3.782619987049791513e-08
8.56308 3.783542103139530218e-08
8.56541 3.784261960369467959e-08
8.56773 3.784965601967790644e-08
8.57006 3.785653023889906686e-08
8.57297 3.786489407375780383e-08
8.57529 3.787140120957377281e-08
8.57762 3.787774495214396019e-08
8.58052 3.788544666165247579e-08
8.58285 3.789142540131906677e-08
8.58518 3.789724019388984738e-08
8.58808 3.790428357971920977e-08
8.5904 3.790973818178860560e-08
8.59273 3.791503518429743555e-08
8.59505 3.792018087707855838e-08
8.59795 3.792639880691266203e-08
8.60027 3.793121146063127535e-08
8.60258 3.793588211454704326e-08
8.60548 3.794153016203189604e-08
8.6078 3.794590199265726624e-08
8.61011 3.795014901798027628e-08
8.61301 3.795529194467814591e-08
8.61532 3.795928020140370163e-08
8.61764 3.796316378595551525e-08
8.62054 3.796788112924150275e-08
8.62285 3.797155363028784757e-08
8.62517 3.797514426496733165e-08
8.62806 3.797952873953299329e-08
8.63038 3.798296267062968485e-08
8.6327 3.798634066520948610e-08
8.63501 3.798966961713126644e-08
8.63791 3.799377697981472278e-08
8.64023 3.799702865812062670e-08
8.64255 3.800026032867672864e-08
8.64546 3.800428462241385045e-08
8.64778 3.800750168955873760e-08
8.6501 3.801072792187819232e-08
8.65301 3.801478239712755582e-08
8.65534 3.801805800422968085e-08
8.65766 3.802136682606310246e-08
8.66057 3.802556318894977913e-08
8.6629 3.802897722198030838e-08
8.66523 3.803244708746896275e-08
8.66756 3.803597601193510737e-08
8.67046 3.804048643188078955e-08
8.67278 3.804417510382663773e-08
8.6751 3.804794587679621261e-08
8.678 3.805277786639020615e-08
8.68032 3.805674407542459046e-08
8.68264 3.806080425165011659e-08
8.68553 3.806601327641185044e-08
8.68785 3.807029365524185139e-08
8.69016 3.807467289876638760e-08
8.69305 3.808029264757938068e-08
8.69537 3.808490373842149123e-08
8.69768 3.808961841459581009e-08
8.70057 3.809565690106396995e-08
8.70288 3.810060267635446871e-08
8.70519 3.810565097887411997e-08
8.7075 3.811080085342928880e-08
8.71039 3.811738104470308575e-08
8.7127 3.812276178136177799e-08
8.71502 3.812824726463380368e-08
8.71791 3.813524719145006571e-08
8.72022 3.814095739734880030e-08
8.72253 3.814676001184650386e-08
8.72542 3.815414042616864994e-08
8.72774 3.816013716119481636e-08
8.73005 3.816621378028439934e-08
8.73295 3.817390990275646786e-08
8.73526 3.818014162090603101e-08
8.73758 3.818643345608307495e-08
8.74048 3.819437097156256309e-08
8.7428 3.820077965439905815e-08
8.74512 3.820722927468851271e-08
8.74802 3.821534395484927821e-08
8.75034 3.822186524007948788e-08
8.75267 3.822840428381987549e-08
8.75557 3.823659047575707369e-08
8.75789 3.824313895319824174e-08
8.76022 3.824967957199836677e-08
8.76254 3.825620086746017196e-08
8.76545 3.826431689789000237e-08
8.76778 3.827076745577670368e-08
8.7701 3.827716893017708579e-08
8.77301 3.828508879881445519e-08
8.77533 3.829134763005515776e-08
8.77766 3.829752429394571500e-08
8.78056 3.830512760455951767e-08
8.78288 3.831109982262143111e-08
8.7852 3.831697281574719236e-08
8.78751 3.832273712820489253e-08
8.79041 3.832978064302505773e-08
8.79273 3.833527970193961642e-08
8.79504 3.834064859670095506e-08
8.79793 3.834717671775064176e-08
8.80024 3.835224234820915917e-08
8.80256 3.835716874563060765e-08
8.80545 3.836312598348642890e-08
8.80776 3.836772718500286700e-08
8.81007 3.837217948517482940e-08
8.81296 3.837753328625327704e-08
8.81527 3.838164337809997770e-08
8.81759 3.838560092028154606e-08
8.82048 3.839032842874691563e-08
8.8228 3.839393668326668303e-08
8.82511 3.839738934492238210e-08
8.82801 3.840148794046111208e-08
8.83033 3.840459488308420646e-08
8.83265 3.840754912047884369e-08
8.83555 3.841103413717904704e-08
8.83787 3.841365583182718544e-08
8.84019 3.841613529608349482e-08
8.84252 3.841847426842922681e-08
8.84542 3.842120692141689572e-08
8.84775 3.842324599450743969e-08
8.85008 3.842515802474048148e-08
8.85298 3.842737433743694627e-08
8.85531 3.842901878957369170e-08
8.85763 3.843055420474045495e-08
8.86053 3.843233258883255197e-08
8.86285 3.843365125865074493e-08
8.86516 3.843488587586518062e-08
8.86806 3.843632427153581185e-08
8.87038 3.843740088171404007e-08
8.87269 3.843842213655299914e-08
8.875 3.843939669671777713e-08
8.87789 3.844056445237929325e-08
8.88021 3.844147023315919674e-08
8.88252 3.844236167848929941e-08
8.88541 3.844347188471178197e-08
8.88772 3.844436940499697026e-08
8.89003 3.844528709239502885e-08
8.89292 3.844647893619784820e-08
8.89523 3.844748168715036109e-08
8.89754 3.844854029543832367e-08
8.90043 3.844995913601048283e-08
8.90274 3.845118441026591745e-08
8.90505 3.845250223156538796e-08
8.90793 3.845429656484304389e-08
8.91025 3.845586406208993706e-08
8.91256 3.845756057241684346e-08
8.91545 3.845988042409110251e-08
8.91776 3.846190902685536952e-08
8.92008 3.846410300025011553e-08
8.92297 3.846709550652757201e-08
8.92528 3.846970101074896095e-08
8.9276 3.847250820604089525e-08
8.9305 3.847631255105886341e-08
8.93282 3.847960673874480554e-08
8.93514 3.848313266274737402e-08
8.93804 3.848788071821063294e-08
8.94036 3.849196351458475405e-08
8.94268 3.849630542514724104e-08
8.94501 3.850091850588120513e-08
8.94791 3.850707191065246177e-08
8.95024 3.851231710324759167e-08
8.95257 3.851785402356762071e-08
8.95548 3.852519564836365431e-08
8.9578 3.853141380205845445e-08
8.96013 3.853794096324323201e-08
8.96304 3.854652570666663603e-08
8.96537 3.855375038704492440e-08
8.96769 3.856128739041071945e-08
8.97001 3.856914447519465424e-08
8.97291 3.857941778162978939e-08
8.97523 3.858799677483048229e-08
8.97755 3.859690178866821117e-08
8.98045 3.860847929846775010e-08
8.98276 3.861810546646400784e-08
8.98508 3.862804785690486343e-08
8.98797 3.864092208429323483e-08
8.99028 3.865157387121270098e-08
8.9926 3.866253447844663027e-08
8.99549 3.867666623752983850e-08
8.9978 3.868830836012434354e-08
9.00012 3.870024594722197407e-08
9.00301 3.871557268717885453e-08
9.00532 3.872814953845114744e-08
9.00763 3.874099948083508626e-08
9.01053 3.875743283219746260e-08
9.01284 3.877086532979683432e-08
9.01515 3.878454420159457576e-08
9.01805 3.880196812413732588e-08
9.02036 3.881616286833522401e-08
9.02268 3.883056530415840982e-08
9.02557 3.884885131555844667e-08
9.02789 3.886368954675735862e-08
9.03021 3.887869989748755690e-08
9.03253 3.889387705172365787e-08
9.03543 3.891304699175335095e-08
9.03775 3.892854337291634063e-08
9.04007 3.894415105386467768e-08
9.04298 3.896381137163205278e-08
9.0453 3.897963824629183564e-08
9.04763 3.899553408031263089e-08
9.05054 3.901548976831277827e-08
9.05287 3.903148943042629141e-08
9.0552 3.904749802169292284e-08
9.05752 3.906350585610262794e-08
9.06043 3.908348955663744251e-08
9.06276 3.909943741839675032e-08
9.06509 3.911533511153152885e-08
9.068 3.913511439166493386e-08
9.07032 3.915084435009733947e-08
9.07265 3.916647393294972588e-08
9.07556 3.918584941200895447e-08
9.07789 3.920118871369001817e-08
9.08021 3.921637796318774955e-08
9.08253 3.923140438041345389e-08
9.08544 3.924992918187284775e-08
9.08776 3.926453874389088298e-08
9.09008 3.927893597848048276e-08
9.09298 3.929663297889667365e-08
9.0953 3.931053066363522920e-08
9.09762 3.932418933094407670e-08
9.10051 3.934091130200533847e-08
9.10283 3.935399519851803778e-08
9.10515 3.936681139639332097e-08
9.10805 3.938243970632509056e-08
9.11036 3.939462243410442020e-08
9.11268 3.940651364451103268e-08
9.11558 3.942095875877928011e-08
9.11789 3.943217462806408559e-08
9.12021 3.944308334845312311e-08
9.12253 3.945368005147230724e-08
9.12543 3.946648766432429156e-08
9.12775 3.947637591555664149e-08
9.13007 3.948594846220211969e-08
9.13297 3.949746384780940343e-08
9.13529 3.950631727568748105e-08
9.13761 3.951485172752674521e-08
9.14051 3.952506903857437380e-08
9.14284 3.953288793679160699e-08
9.14516 3.954038719981355320e-08
9.14807 3.954932315688728305e-08
9.15039 3.955611896198614917e-08
9.15272 3.956260706212928973e-08
9.15505 3.956879034011352772e-08
9.15796 3.957608964039934090e-08
9.16029 3.958158868634069665e-08
9.16262 3.958679360273799043e-08
9.16553 3.959288723234869086e-08
9.16785 3.959744470303373614e-08
9.17018 3.960172550291964617e-08
9.17308 3.960669892131232523e-08
9.1754 3.961038614374407124e-08
9.17772 3.961382037114720790e-08
9.18004 3.961701246013099529e-08
9.18293 3.962067131112819710e-08
9.18525 3.962334518823831328e-08
9.18757 3.962580255862332747e-08
9.19046 3.962858321096163520e-08
9.19277 3.963058619037935653e-08
9.19509 3.963240154615430357e-08
9.19798 3.963442245663125806e-08
9.20029 3.963585182354086616e-08
9.20261 3.963712589960900655e-08
9.2055 3.963851523731055006e-08
9.20781 3.963947652577254888e-08
9.21012 3.964031541943239914e-08
9.21301 3.964120739919069378e-08
9.21532 3.964180798263000476e-08
9.21764 3.964231899307436513e-08
9.22053 3.964284651334602191e-08
9.22284 3.964319123374641574e-08
9.22515 3.964347721067393823e-08
9.22805 3.964376572146983072e-08
9.23036 3.964395184841314949e-08
9.23268 3.964410710643620654e-08
9.23557 3.964426974426698981e-08
9.23789 3.964438356624379552e-08
9.24021 3.964449044851755586e-08
9.24252 3.964459675486182516e-08
9.24542 3.964473789928775395e-08
9.24774 3.964486410896996641e-08
9.25006 3.964500747244790028e-08
9.25297 3.964521789581222638e-08
9.25529 3.964541600258776728e-08
9.25761 3.964564470093398685e-08
9.26052 3.964597853767211910e-08
9.26285 3.964628768926360974e-08
9.26517 3.964663724298860398e-08
9.26808 3.964713466056600314e-08
9.27041 3.964758384616610315e-08
9.27274 3.964808051573818277e-08
9.27506 3.964862576923644135e-08
9.27797 3.964937831583592254e-08
9.28029 3.965003842536402443e-08
9.28262 3.965075112724825638e-08
9.28552 3.965171754795740827e-08
9.28784 3.965255131649568410e-08
9.29016 3.965343995397905794e-08
9.29305 3.965462745231745030e-08
9.29537 3.965563921199354185e-08
9.29769 3.965670550422153886e-08
9.30001 3.965782593808677617e-08
9.3029 3.965930213882935679e-08
9.30522 3.966054248191781361e-08
9.30753 3.966183499026804646e-08
9.31043 3.966352218141245778e-08
9.31274 3.966492788517459408e-08
9.31506 3.966638195043813222e-08
9.31795 3.966826530692689163e-08
9.32027 3.966982273693035055e-08
9.32258 3.967142360020864907e-08
9.32548 3.967348263287254031e-08
9.32779 3.967517456945637142e-08
9.33011 3.967690352225575681e-08
9.33301 3.967911444496745473e-08
9.33533 3.968092027956779432e-08
9.33764 3.968275683574032421e-08
9.34054 3.968509347717257724e-08
9.34286 3.968699205349338050e-08
9.34519 3.968891633051197669e-08
9.34751 3.969086266773892587e-08
9.35041 3.969332551811635359e-08
9.35274 3.969531728533679029e-08
9.35506 3.969732630969464065e-08
9.35797 3.969986117487389943e-08
9.3603 3.970190441172767049e-08
9.36262 3.970395880235182285e-08
9.36553 3.970654244845217636e-08
9.36786 3.970861832506697807e-08
9.37018 3.971070254574557950e-08
9.37308 3.971331817446908877e-08
9.3754 3.971541763492964297e-08
9.37772 3.971752421981089881e-08
9.38004 3.971963517194492925e-08
9.38293 3.972228297596060027e-08
9.38525 3.972440693879580096e-08
9.38756 3.972653689343351795e-08
9.39045 3.972920808799184528e-08
9.39277 3.973135228720876192e-08
9.39508 3.973350446051888726e-08
9.39797 3.973620572551788032e-08
9.40028 3.973837793246060002e-08
9.40259 3.974056075311412961e-08
9.40548 3.974330667834907430e-08
9.40779 3.974551902150455143e-08
9.4101 3.974774680293678068e-08
9.41299 3.975055588540269619e-08
9.4153 3.975282467319909079e-08
9.41761 3.975511443256997626e-08
9.4205 3.975800934624182721e-08
9.42281 3.976035351151568278e-08
9.42512 3.976272527791536643e-08
9.42801 3.976573191159513238e-08
9.43033 3.976817329342738148e-08
9.43264 3.977064985530355879e-08
9.43553 3.977379723302742021e-08
9.43785 3.977636103979066729e-08
9.44016 3.977896680560800436e-08
9.44306 3.978228834783663839e-08
9.44537 3.978499972346193597e-08
9.44769 3.978776185678444573e-08
9.45001 3.979057864539582762e-08
9.45291 3.979417771245870082e-08
9.45523 3.979712571034281258e-08
9.45755 3.980013492749851835e-08
9.46045 3.980398920513898212e-08
9.46278 3.980714930474762958e-08
9.4651 3.981037959551966459e-08
9.46801 3.981452138519036260e-08
9.47033 3.981791869184804092e-08
9.47266 3.982139598429108929e-08
9.47557 3.982585344971837727e-08
9.4779 3.982951307599288460e-08
9.48023 3.983325597268931416e-08
9.48256 3.983708098241700287e-08
9.48547 3.984197577545713027e-08
9.4878 3.984598758397436256e-08
9.49012 3.985007969415957887e-08
9.49302 3.985531629056562969e-08
9.49535 3.985959931664922062e-08
9.49767 3.986396774557265900e-08
9.50057 3.986954782306923724e-08
9.50289 3.987410614291483756e-08
9.50521 3.987874992113684756e-08
9.50752 3.988347474489153319e-08
9.51042 3.988949817874635255e-08
9.51274 3.989440711819874986e-08
9.51505 3.989939581986360015e-08
9.51795 3.990574121420698950e-08
9.52026 3.991090228683761701e-08
9.52257 3.991613748228827708e-08
9.52547 3.992278040581361298e-08
9.52778 3.992817188096006135e-08
9.5301 3.993362855026065982e-08
9.53299 3.994053650700162026e-08
9.5353 3.994612887923871512e-08
9.53762 3.995177609833869950e-08
9.54051 3.995890641874503495e-08
9.54282 3.996466384100725675e-08
9.54514 3.997046285069878833e-08
9.54803 3.997776606603540381e-08
9.55035 3.998364517016091718e-08
9.55267 3.998955302654755033e-08
9.55556 3.999697075876498827e-08
9.55788 4.000292467577559730e-08
9.5602 4.000889313625945731e-08
9.56252 4.001486775693272778e-08
9.56542 4.002234234245801045e-08
9.56774 4.002831763332908698e-08
9.57006 4.003428566531989010e-08
9.57297 4.004172729853247199e-08
9.57529 4.004765842526294887e-08
9.57762 4.005356815080149468e-08
9.58053 4.006091056765455648e-08
9.58286 4.006675060131910223e-08
9.58519 4.007254880583266160e-08
9.58752 4.007830096164020380e-08
9.59043 4.008542003978447528e-08
9.59276 4.009105322280296261e-08
9.59509 4.009662669641064836e-08
9.598 4.010350526384455328e-08
9.60033 4.010893365014035093e-08
9.60266 4.011429257829487506e-08
9.60557 4.012089033230184183e-08
9.6079 4.012608477422354202e-08
9.61023 4.013120152502143287e-08
9.61255 4.013623753753811544e-08
9.61546 4.014242006521064919e-08
9.61779 4.014726952520844198e-08
9.62012 4.015203734319811928e-08
9.62302 4.015787849311269303e-08
9.62534 4.016245750485585244e-08
9.62767 4.016695410843665847e-08
9.63057 4.017245801388765218e-08
9.63289 4.017677132029433164e-08
9.63521 4.018100351779550087e-08
9.63753 4.018515857764629076e-08
9.64043 4.019024506154422933e-08
9.64275 4.019423097851610777e-08
9.64507 4.019814542096756315e-08
9.64797 4.020294074237404612e-08
9.65029 4.020670248583506482e-08
9.65261 4.021040041940906779e-08
9.6555 4.021493780633606764e-08
9.65782 4.021850348231075243e-08
9.66014 4.022201538430758577e-08
9.66304 4.022633514096345793e-08
9.66536 4.022973942655976020e-08
9.66768 4.023310168062039042e-08
9.67058 4.023725329865213360e-08
9.6729 4.024053754843764456e-08
9.67522 4.024379496599506534e-08
9.67754 4.024702904806150538e-08
9.68044 4.025104595918154416e-08
9.68277 4.025424449489775595e-08
9.68509 4.025743277652431652e-08
9.68799 4.026141258800074747e-08
9.69032 4.026459313000612021e-08
9.69265 4.026777605154370356e-08
9.69556 4.027175895971845236e-08
9.69788 4.027495172045345130e-08
9.70021 4.027815164820690863e-08
9.70254 4.028135761617884216e-08
9.70546 4.028537937161464704e-08
9.70779 4.028860456099054679e-08
9.71012 4.029183500511172944e-08
9.71304 4.029588364873923028e-08
9.71537 4.029913036104828097e-08
9.71769 4.030238470766116258e-08
9.72002 4.030565008454929818e-08
9.72293 4.030974361409328420e-08
9.72525 4.031303342325297921e-08
9.72757 4.031633477808460010e-08
9.73048 4.032048175222668445e-08
9.7328 4.032381563147997129e-08
9.73512 4.032716426771327340e-08
9.73802 4.033137312537762701e-08
9.74033 4.033475676263423880e-08
9.74265 4.033815662338196128e-08
9.74555 4.034242683681626249e-08
9.74786 4.034586011925893469e-08
9.75018 4.034930738112327677e-08
9.75307 4.035363492112980232e-08
9.75538 4.035711103264943517e-08
9.7577 4.036059763512655956e-08
9.76001 4.036409435294726053e-08
9.7629 4.036847632571472172e-08
9.76522 4.037198919487622722e-08
9.76753 4.037550654763637216e-08
9.77042 4.037990649969250710e-08
9.77273 4.038342662938519292e-08
9.77505 4.038694452653306234e-08
9.77794 4.039133483639720594e-08
9.78025 4.039483913489704810e-08
9.78257 4.039833299262652437e-08
9.78546 4.040268270237885661e-08
9.78777 4.040614507291177011e-08
9.79009 4.040958928222820882e-08
9.79298 4.041386627871064992e-08
9.7953 4.041726110476270022e-08
9.79762 4.042063175244258760e-08
9.80051 4.042480467997644747e-08
9.80283 4.042811001375010265e-08
9.80515 4.043138274042429777e-08
9.80805 4.043542545871766498e-08
9.81037 4.043861945633306778e-08
9.81269 4.044177441227462573e-08
9.81501 4.044489199484131905e-08
9.81792 4.044872976461567871e-08
9.82024 4.045175370385104167e-08
9.82257 4.045473379928391152e-08
9.82548 4.045839643650453063e-08
9.82781 4.046127623799122713e-08
9.83014 4.046410859079002790e-08
9.83305 4.046758282957673763e-08
9.83538 4.047030770834171106e-08
9.83771 4.047298128818235862e-08
9.84003 4.047560525806990325e-08
9.84294 4.047881523223755320e-08
9.84527 4.048132684689956770e-08
9.84759 4.048379015151883481e-08
9.85049 4.048679899588882893e-08
9.85281 4.048915277134322288e-08
9.85513 4.049145843391336183e-08
9.85803 4.049427538690044053e-08
9.86035 4.049647769511760534e-08
9.86267 4.049863554554938747e-08
9.86557 4.050127298757030518e-08
9.86789 4.050333624829377548e-08
9.87021 4.050536053171308742e-08
9.87252 4.050734727337549780e-08
9.87542 4.050978165184720431e-08
9.87774 4.051169283284633006e-08
9.88005 4.051357457030342330e-08
9.88295 4.051588995485298672e-08
9.88526 4.051771664973190986e-08
9.88758 4.051952422854642520e-08
9.89048 4.052176258750438227e-08
9.89279 4.052354089196441052e-08
9.89511 4.052531279008236356e-08
9.89801 4.052752511910690914e-08
9.90033 4.052929832851726266e-08
9.90264 4.053107997780471240e-08
9.90554 4.053332548614357256e-08
9.90786 4.053514383199229696e-08
9.91018 4.053698640148369393e-08
9.9125 4.053885922855519922e-08
9.9154 4.054125117565029707e-08
9.91773 4.054321213418954285e-08
9.92005 4.054522245681033584e-08
9.92295 4.054781211328460816e-08
9.92528 4.054995469528979496e-08
9.92761 4.055216514486464467e-08
9.93051 4.055503493931912488e-08
9.93284 4.055742334905210289e-08
9.93517 4.055989944996534024e-08
9.93808 4.056312611645866360e-08
9.94041 4.056582138477694526e-08
9.94273 4.056862064552448621e-08
