#t,ms t, T, K
0.003 1.112000000000000000e+03
0.005 1.112000000000000000e+03
0.008 1.112000000000000000e+03
0.01 1.112000000000000000e+03
0.0129324 1.112000000000000000e+03
0.0152784 1.112000000000000000e+03
0.0176291 1.112000000000000000e+03
0.0205694 1.112000000000000000e+03
0.0229245 1.112000000000000000e+03
0.0252824 1.112000000000000000e+03
0.0276402 1.112000000000000000e+03
0.0305804 1.112000000000000000e+03
0.0329326 1.112000000000000000e+03
0.0352671 1.112000000000000000e+03
0.0375956 1.112000000000000000e+03
0.040494 1.112000000000000000e+03
0.0427981 1.112000000000000000e+03
0.0451022 1.112000000000000000e+03
0.0479388 1.112000000000000000e+03
0.0502082 1.112000000000000000e+03
0.0530041 1.112000000000000000e+03
0.0552327 1.112000000000000000e+03
0.0579873 1.112000000000000000e+03
0.0601743 1.112000000000000000e+03
0.0628915 1.112000000000000000e+03
0.0650454 1.112000000000000000e+03
0.0677309 1.112000000000000000e+03
0.0703885 1.112000000000000000e+03
0.0725147 1.112000000000000000e+03
0.0751435 1.112000000000000000e+03
0.0777723 1.112000000000000000e+03
0.0803793 1.112000000000000000e+03
0.0829862 1.112000000000000000e+03
0.0850594 1.112000000000000000e+03
0.0876508 1.112000000000000000e+03
0.090234 1.112000000000000000e+03
0.0928152 1.112000000000000000e+03
0.0953792 1.112000000000000000e+03
0.0979388 1.112000000000000000e+03
0.100475 1.112000000000000000e+03
0.103006 1.112000000000000000e+03
0.105016 1.112000000000000000e+03
0.107524 1.112000000000000000e+03
0.11002 1.112000000000000000e+03
0.112509 1.112000000000000000e+03
0.115485 1.112000000000000000e+03
0.117961 1.112000000000000000e+03
0.120429 1.112000000000000000e+03
0.122896 1.112000000000000000e+03
0.125358 1.112000000000000000e+03
0.127819 1.112000000000000000e+03
0.130279 1.112000000000000000e+03
0.132739 1.112000000000000000e+03
0.135199 1.112000000000000000e+03
0.13766 1.112000000000000000e+03
0.140113 1.112000000000000000e+03
0.142564 1.112000000000000000e+03
0.145009 1.112000000000000000e+03
0.147941 1.112000000000000000e+03
0.150379 1.112000000000000000e+03
0.152817 1.112000000000000000e+03
0.155251 1.112000000000000000e+03
0.157686 1.112000000000000000e+03
0.160119 1.112000000000000000e+03
0.162553 1.112000000000000000e+03
0.165473 1.112000000000000000e+03
0.167908 1.112000000000000000e+03
0.170344 1.112000000000000000e+03
0.17278 1.112000000000000000e+03
0.175219 1.112000000000000000e+03
0.177658 1.112000000000000000e+03
0.180096 1.112000000000000000e+03
0.182534 1.112000000000000000e+03
0.185458 1.112000000000000000e+03
0.187895 1.112000000000000000e+03
0.190332 1.112000000000000000e+03
0.192769 1.112000000000000000e+03
0.195206 1.112000000000000000e+03
0.197644 1.112000000000000000e+03
0.200084 1.112000000000000000e+03
0.202524 1.112000000000000000e+03
0.205454 1.112000000000000000e+03
0.207897 1.112000000000000000e+03
0.210342 1.112000000000000000e+03
0.212788 1.112000000000000000e+03
0.215236 1.112000000000000000e+03
0.217684 1.112000000000000000e+03
0.220132 1.112000000000000000e+03
0.222581 1.112000000000000000e+03
0.225029 1.112000000000000000e+03
0.227969 1.112000000000000000e+03
0.23042 1.112000000000000000e+03
0.232872 1.112000000000000000e+03
0.235324 1.112000000000000000e+03
0.237778 1.112000000000000000e+03
0.240232 1.112000000000000000e+03
0.242687 1.112000000000000000e+03
0.245143 1.112000000000000000e+03
0.247601 1.112000000000000000e+03
0.250059 1.112000000000000000e+03
0.252517 1.112000000000000000e+03
0.255468 1.112000000000000000e+03
0.257927 1.112000000000000000e+03
0.260387 1.112000000000000000e+03
0.262847 1.112000000000000000e+03
0.265308 1.112000000000000000e+03
0.267769 1.112000000000000000e+03
0.27023 1.112000000000000000e+03
0.272692 1.112000000000000000e+03
0.275154 1.112000000000000000e+03
0.277616 1.112000000000000000e+03
0.280079 1.112000000000000000e+03
0.282542 1.112000000000000000e+03
0.285005 1.112000000000000000e+03
0.287961 1.112000000000000000e+03
0.290425 1.112000000000000000e+03
0.292888 1.112000000000000000e+03
0.295351 1.112000000000000000e+03
0.297815 1.112000000000000000e+03
0.300278 1.112000000000000000e+03
0.302742 1.112000000000000000e+03
0.305205 1.112000000000000000e+03
0.307668 1.112000000000000000e+03
0.310131 1.112000000000000000e+03
0.312594 1.112000000000000000e+03
0.315058 1.112000000000000000e+03
0.317521 1.112000000000000000e+03
0.320477 1.112000000000000000e+03
0.322941 1.112000000000000000e+03
0.325404 1.112000000000000000e+03
0.327867 1.112000000000000000e+03
0.33033 1.112000000000000000e+03
0.332793 1.112000000000000000e+03
0.335256 1.112000000000000000e+03
0.337719 1.112000000000000000e+03
0.340182 1.112000000000000000e+03
0.342644 1.112000000000000000e+03
0.345107 1.112000000000000000e+03
0.347569 1.112000000000000000e+03
0.350032 1.112000000000000000e+03
0.352987 1.112000000000000000e+03
0.355449 1.112000000000000000e+03
0.357912 1.112000000000000000e+03
0.360375 1.112000000000000000e+03
0.362838 1.112000000000000000e+03
0.365301 1.112000000000000000e+03
0.367764 1.112000000000000000e+03
0.370227 1.112000000000000000e+03
0.372691 1.112000000000000000e+03
0.375154 1.112000000000000000e+03
0.377618 1.112000000000000000e+03
0.380082 1.112000000000000000e+03
0.382546 1.112000000000000000e+03
0.38501 1.112000000000000000e+03
0.387967 1.112000000000000000e+03
0.390432 1.112000000000000000e+03
0.392896 1.112000000000000000e+03
0.395361 1.112000000000000000e+03
0.397825 1.112000000000000000e+03
0.40029 1.112000000000000000e+03
0.402754 1.112000000000000000e+03
0.405219 1.112000000000000000e+03
0.407684 1.112000000000000000e+03
0.410149 1.112000000000000000e+03
0.412614 1.112000000000000000e+03
0.41508 1.112000000000000000e+03
0.417545 1.112000000000000000e+03
0.42001 1.112000000000000000e+03
0.422969 1.112000000000000000e+03
0.425435 1.112000000000000000e+03
0.4279 1.112000000000000000e+03
0.430367 1.112000000000000000e+03
0.432833 1.112000000000000000e+03
0.4353 1.112000000000000000e+03
0.437766 1.112000000000000000e+03
0.440233 1.112000000000000000e+03
0.4427 1.112000000000000000e+03
0.445166 1.112000000000000000e+03
0.447633 1.112000000000000000e+03
0.4501 1.112000000000000000e+03
0.452567 1.112000000000000000e+03
0.455035 1.112000000000000000e+03
0.457502 1.112000000000000000e+03
0.460463 1.112000000000000000e+03
0.462931 1.112000000000000000e+03
0.465399 1.112000000000000000e+03
0.467867 1.112000000000000000e+03
0.470334 1.112000000000000000e+03
0.472802 1.112000000000000000e+03
0.475269 1.112000000000000000e+03
0.477736 1.112000000000000000e+03
0.480203 1.112000000000000000e+03
0.48267 1.112000000000000000e+03
0.485137 1.112000000000000000e+03
0.487604 1.112000000000000000e+03
0.490071 1.112000000000000000e+03
0.492538 1.112000000000000000e+03
0.495005 1.112000000000000000e+03
0.497965 1.112000000000000000e+03
0.500431 1.112000000000000000e+03
0.502898 1.112000000000000000e+03
0.505364 1.112000000000000000e+03
0.50783 1.112000000000000000e+03
0.510296 1.112000000000000000e+03
0.512761 1.112000000000000000e+03
0.515227 1.112000000000000000e+03
0.517693 1.112000000000000000e+03
0.520158 1.112000000000000000e+03
0.522624 1.112000000000000000e+03
0.525089 1.112000000000000000e+03
0.527554 1.112000000000000000e+03
0.530019 1.112000000000000000e+03
0.532976 1.112000000000000000e+03
0.53544 1.112000000000000000e+03
0.537904 1.112000000000000000e+03
0.540368 1.112000000000000000e+03
0.542831 1.112000000000000000e+03
0.545294 1.112000000000000000e+03
0.547757 1.112000000000000000e+03
0.55022 1.112000000000000000e+03
0.552682 1.112000000000000000e+03
0.555143 1.112000000000000000e+03
0.557605 1.112000000000000000e+03
0.560066 1.112000000000000000e+03
0.562527 1.112000000000000000e+03
0.56548 1.112000000000000000e+03
0.56794 1.112000000000000000e+03
0.5704 1.112000000000000000e+03
0.57286 1.112000000000000000e+03
0.57532 1.112000000000000000e+03
0.577779 1.112000000000000000e+03
0.580238 1.112000000000000000e+03
0.582696 1.112000000000000000e+03
0.585154 1.112000000000000000e+03
0.587611 1.112000000000000000e+03
0.590068 1.112000000000000000e+03
0.592525 1.112000000000000000e+03
0.595472 1.112000000000000000e+03
0.597928 1.112000000000000000e+03
0.600383 1.112000000000000000e+03
0.602838 1.112000000000000000e+03
0.605293 1.112000000000000000e+03
0.607747 1.112000000000000000e+03
0.6102 1.112000000000000000e+03
0.612653 1.112000000000000000e+03
0.615106 1.112000000000000000e+03
0.617558 1.112000000000000000e+03
0.62001 1.112000000000000000e+03
0.622952 1.112000000000000000e+03
0.625403 1.112000000000000000e+03
0.627854 1.112000000000000000e+03
0.630304 1.112000000000000000e+03
0.632754 1.112000000000000000e+03
0.635204 1.112000000000000000e+03
0.637652 1.112000000000000000e+03
0.640101 1.112000000000000000e+03
0.642549 1.112000000000000000e+03
0.645486 1.112000000000000000e+03
0.647933 1.112000000000000000e+03
0.650379 1.112000000000000000e+03
0.652825 1.112000000000000000e+03
0.65527 1.112000000000000000e+03
0.657715 1.112000000000000000e+03
0.660159 1.112000000000000000e+03
0.662603 1.112000000000000000e+03
0.665047 1.112000000000000000e+03
0.667978 1.112000000000000000e+03
0.67042 1.112000000000000000e+03
0.672862 1.112000000000000000e+03
0.675304 1.112000000000000000e+03
0.677745 1.112000000000000000e+03
0.680185 1.112000000000000000e+03
0.682625 1.112000000000000000e+03
0.685064 1.112000000000000000e+03
0.687503 1.112000000000000000e+03
0.690429 1.112000000000000000e+03
0.692867 1.112000000000000000e+03
0.695304 1.112000000000000000e+03
0.697741 1.112000000000000000e+03
0.700177 1.112000000000000000e+03
0.702612 1.112000000000000000e+03
0.705047 1.112000000000000000e+03
0.707968 1.112000000000000000e+03
0.710402 1.112000000000000000e+03
0.712835 1.112000000000000000e+03
0.715267 1.112000000000000000e+03
0.7177 1.112000000000000000e+03
0.720131 1.112000000000000000e+03
0.722562 1.112000000000000000e+03
0.725477 1.112000000000000000e+03
0.727907 1.112000000000000000e+03
0.730336 1.112000000000000000e+03
0.732764 1.112000000000000000e+03
0.735192 1.112000000000000000e+03
0.737619 1.112000000000000000e+03
0.740045 1.112000000000000000e+03
0.742957 1.112000000000000000e+03
0.745382 1.112000000000000000e+03
0.747807 1.112000000000000000e+03
0.75023 1.112000000000000000e+03
0.752654 1.112000000000000000e+03
0.755076 1.112000000000000000e+03
0.757982 1.112000000000000000e+03
0.760403 1.112000000000000000e+03
0.762822 1.112000000000000000e+03
0.765241 1.112000000000000000e+03
0.767658 1.112000000000000000e+03
0.770075 1.112000000000000000e+03
0.772973 1.112000000000000000e+03
0.775388 1.112000000000000000e+03
0.777801 1.112000000000000000e+03
0.780214 1.112000000000000000e+03
0.782625 1.112000000000000000e+03
0.785035 1.112000000000000000e+03
0.787926 1.112000000000000000e+03
0.790334 1.112000000000000000e+03
0.792739 1.111999999999999773e+03
0.795145 1.111999999999999773e+03
0.797548 1.111999999999999773e+03
0.800431 1.111999999999999773e+03
0.802831 1.111999999999999773e+03
0.805231 1.111999999999999773e+03
0.807629 1.111999999999999091e+03
0.810027 1.111999999999999091e+03
0.812902 1.111999999999999091e+03
0.815296 1.111999999999999091e+03
0.817689 1.111999999999999091e+03
0.820081 1.111999999999999091e+03
0.82295 1.111999999999998863e+03
0.825339 1.111999999999998863e+03
0.827728 1.111999999999998863e+03
0.830115 1.111999999999998408e+03
0.832501 1.111999999999998408e+03
0.835362 1.111999999999998408e+03
0.837745 1.111999999999998408e+03
0.840127 1.111999999999998408e+03
0.842508 1.111999999999997954e+03
0.845363 1.111999999999997954e+03
0.847741 1.111999999999997954e+03
0.850117 1.111999999999997954e+03
0.852968 1.111999999999997954e+03
0.855342 1.111999999999997954e+03
0.857715 1.111999999999997954e+03
0.860086 1.111999999999997954e+03
0.86293 1.111999999999997954e+03
0.865299 1.111999999999997726e+03
0.867666 1.111999999999997726e+03
0.870033 1.111999999999997726e+03
0.872871 1.111999999999997726e+03
0.875235 1.111999999999997726e+03
0.877597 1.111999999999997726e+03
0.880431 1.111999999999997726e+03
0.882791 1.111999999999997726e+03
0.88515 1.111999999999997726e+03
0.887508 1.111999999999997726e+03
0.890336 1.111999999999997726e+03
0.892691 1.111999999999997726e+03
0.895046 1.111999999999997726e+03
0.897869 1.111999999999997726e+03
0.900221 1.111999999999997726e+03
0.902572 1.111999999999997499e+03
0.905391 1.111999999999997499e+03
0.907739 1.111999999999997499e+03
0.910086 1.111999999999997499e+03
0.912901 1.111999999999997499e+03
0.915245 1.111999999999997499e+03
0.917589 1.111999999999997499e+03
0.920399 1.111999999999997499e+03
0.922741 1.111999999999997499e+03
0.92508 1.111999999999997499e+03
0.927887 1.111999999999997499e+03
0.930224 1.111999999999997499e+03
0.932562 1.111999999999997499e+03
0.935364 1.111999999999997499e+03
0.937699 1.111999999999997499e+03
0.940032 1.111999999999997499e+03
0.94283 1.111999999999997499e+03
0.945161 1.111999999999997499e+03
0.947956 1.111999999999997499e+03
0.950285 1.111999999999997499e+03
0.952612 1.111999999999997499e+03
0.955404 1.111999999999997499e+03
0.957728 1.111999999999997499e+03
0.960052 1.111999999999997272e+03
0.962839 1.111999999999997272e+03
0.965161 1.111999999999997272e+03
0.967945 1.111999999999997272e+03
0.970264 1.111999999999997272e+03
0.972582 1.111999999999997272e+03
0.975363 1.111999999999996817e+03
0.977678 1.111999999999996817e+03
0.980456 1.111999999999996817e+03
0.98277 1.111999999999996589e+03
0.985082 1.111999999999996589e+03
0.987856 1.111999999999996589e+03
0.990166 1.111999999999996589e+03
0.992938 1.111999999999996589e+03
0.995245 1.111999999999996589e+03
0.997553 1.111999999999996589e+03
1.00032 1.111999999999996589e+03
1.00262 1.111999999999996589e+03
1.00539 1.111999999999996589e+03
1.00769 1.111999999999996589e+03
1.01045 1.111999999999996589e+03
1.01275 1.111999999999996589e+03
1.01505 1.111999999999996589e+03
1.01781 1.111999999999996589e+03
1.02011 1.111999999999996589e+03
1.02286 1.111999999999996362e+03
1.02516 1.111999999999996362e+03
1.02791 1.111999999999996362e+03
1.0302 1.111999999999996362e+03
1.03295 1.111999999999995907e+03
1.03524 1.111999999999994770e+03
1.03753 1.111999999999990450e+03
1.04027 1.111999999999952706e+03
1.04256 1.111999999999739430e+03
1.0453 1.111999999997664418e+03
1.04759 1.111999999985284148e+03
1.05033 1.111999999855835767e+03
1.05261 1.111999999023237024e+03
1.05535 1.111999990459917399e+03
1.05763 1.111999947311915321e+03
1.06036 1.111999599779623395e+03
1.06264 1.111997672169097314e+03
1.06537 1.111984169426349581e+03
1.06765 1.111856140237270210e+03
1.07038 1.111353260361646335e+03
1.07265 1.101926796411686382e+03
1.07538 1.089914476873997046e+03
1.07765 2.000000000000000000e+02
1.08038 2.000000000000000000e+02
1.08264 2.030330910207273405e+02
1.08537 2.029875088856358047e+02
1.08763 2.029972862137743164e+02
1.09035 2.030182314069591598e+02
1.09262 2.030343942161238715e+02
1.09533 2.030576365582341793e+02
1.0976 2.031203201135781740e+02
1.10031 2.041213955931605994e+02
1.10257 2.160236886046502889e+02
1.10528 4.178775718864356463e+02
1.10754 1.468002191337823433e+03
1.11025 7.834602819728557733e+03
1.1125 1.939664356579949526e+04
1.11521 3.131508861268826513e+04
1.11791 3.778265110380796250e+04
1.12017 4.042623873576272308e+04
1.12287 4.187034428113371541e+04
1.12512 4.237022409450331907e+04
1.12782 4.260624999595965346e+04
1.13007 4.267477930923373060e+04
1.13276 4.270312149609191692e+04
1.13501 4.271372589756249363e+04
1.1377 4.271920283708105853e+04
1.14039 4.271204671279763716e+04
1.14264 4.269424935577538417e+04
1.14533 4.266620401371740445e+04
1.14757 4.264554373020191269e+04
1.15025 4.262756660725796246e+04
1.15294 4.261484566905337124e+04
1.15518 4.260594630465844239e+04
1.15786 4.259507797740818933e+04
1.1601 4.258455892521145870e+04
1.16278 4.256928111605283630e+04
1.16501 4.255446295203299815e+04
1.16769 4.253526934258027904e+04
1.17036 4.251586409614631702e+04
1.17259 4.250011839491822320e+04
1.17526 4.248171710886002984e+04
1.17794 4.246338285284837912e+04
1.18017 4.244770017695806746e+04
1.18284 4.242796624410178629e+04
1.18507 4.241059164818598947e+04
1.18775 4.238867674532633100e+04
1.19043 4.236581439206498180e+04
1.19267 4.234623127601540909e+04
1.19535 4.232219489638700907e+04
1.19758 4.230169944114993996e+04
1.20027 4.227641150570479658e+04
1.2025 4.225463104722341814e+04
1.20519 4.222752124788712536e+04
1.20788 4.219928826903340814e+04
1.21012 4.217493882753599610e+04
1.21281 4.214480329770332173e+04
1.21505 4.211902626512466668e+04
1.21774 4.208738265731122374e+04
1.22043 4.205505644204047712e+04
1.22268 4.202764576072029740e+04
1.22537 4.199423717949769343e+04
1.22762 4.196602469032122463e+04
1.23032 4.193179095557915571e+04
1.23257 4.190303756752490153e+04
1.23527 4.186833826225907978e+04
1.23752 4.183932119723025971e+04
1.24022 4.180440608039487415e+04
1.24292 4.176944221323529928e+04
1.24517 4.174031032629106630e+04
1.24788 4.170542220416205964e+04
1.25013 4.167648422194847808e+04
1.25284 4.164201589293497091e+04
1.2551 4.161361884906049090e+04
1.25781 4.158004897406891541e+04
1.26007 4.155262665465147438e+04
1.26278 4.152051425084493530e+04
1.26504 4.149453698258890654e+04
1.26776 4.146443287680241338e+04
1.27002 4.144032806192539283e+04
1.27274 4.141267548922225251e+04
1.275 4.139073039340591640e+04
1.27772 4.136574651663815894e+04
1.28044 4.134219923884799209e+04
1.28271 4.132364276163582690e+04
1.28543 4.130257017500465736e+04
1.2877 4.128594505311286048e+04
1.29043 4.126702858651952556e+04
1.2927 4.125206410547091218e+04
1.29543 4.123499964347039349e+04
1.2977 4.122147469251520670e+04
1.30043 4.120604415186068945e+04
1.30271 4.119382142779545393e+04
1.30544 4.117991458622058417e+04
1.30772 4.116895577445290110e+04
1.31045 4.115658499851111992e+04
1.31273 4.114694767393157235e+04
1.31501 4.113794719557330973e+04
1.31775 4.112801248961146484e+04
1.32003 4.112046277536373236e+04
1.32277 4.111225393776672718e+04
1.32506 4.110607618352794816e+04
1.3278 4.109937702641356736e+04
1.33008 4.109430581107444596e+04
1.33283 4.108873548459824087e+04
1.33512 4.108444604650068504e+04
1.33786 4.107963899227447837e+04
1.34015 4.107585817538647825e+04
1.3429 4.107154502568041062e+04
1.34519 4.106814608640005463e+04
1.34794 4.106439379254591768e+04
1.35024 4.106167183149547054e+04
1.35253 4.105946316622111044e+04
1.35528 4.105766317420767882e+04
1.35758 4.105695250577139086e+04
1.36033 4.105704754839955422e+04
1.36263 4.105784603708742361e+04
1.36539 4.105952266625322227e+04
1.36769 4.106137747547049366e+04
1.37045 4.106395457817505667e+04
1.37275 4.106627772733335587e+04
1.37505 4.106866603627662698e+04
1.37781 4.107156523219704104e+04
1.38012 4.107397397552782786e+04
1.38288 4.107682336495361960e+04
1.38518 4.107915081581279810e+04
1.38795 4.108188158928548364e+04
1.39026 4.108408766653904604e+04
1.39256 4.108619184394153126e+04
1.39533 4.108850075458271021e+04
1.39764 4.109011951138605946e+04
1.40041 4.109146693732467975e+04
1.40272 4.109183708695750101e+04
1.40504 4.109124512884691649e+04
1.40781 4.108885659921723709e+04
1.41012 4.108519913979763078e+04
1.4129 4.107868233295279060e+04
1.41521 4.107158595684208558e+04
1.41753 4.106315411591167504e+04
1.42031 4.105141722422815656e+04
1.42262 4.104018750014450779e+04
1.4254 4.102451451843384712e+04
1.42772 4.100902759777638857e+04
1.43004 4.099065544797498296e+04
1.43283 4.096381546744932712e+04
1.43515 4.093664595131235546e+04
1.43793 4.089733274115106178e+04
1.44025 4.085827318278444000e+04
1.44258 4.081283556596587005e+04
1.44536 4.074882299662115111e+04
1.44769 4.068650854555572005e+04
1.45001 4.061479750257073465e+04
1.4528 4.051451035457335820e+04
1.45513 4.041729168528415903e+04
1.45792 4.028187096314462542e+04
1.46025 4.015135655756255437e+04
1.46258 4.000288466633098869e+04
1.46538 3.979832060781737528e+04
1.46771 3.960346244680777454e+04
1.47004 3.938411084194225259e+04
1.47284 3.908515201577331754e+04
1.47517 3.880329946911061415e+04
1.4775 3.848870611727704090e+04
1.48031 3.806421817340107373e+04
1.48264 3.766775683949977247e+04
1.48545 3.713681010239199531e+04
1.48779 3.664490460181057279e+04
1.49013 3.610551721518670092e+04
1.49293 3.539195295808130322e+04
1.49528 3.473989960236390471e+04
1.49762 3.403383248265893781e+04
1.50043 3.311398451592925994e+04
1.50278 3.228673410892189713e+04
1.50513 3.140480463832773239e+04
1.50794 3.027715920209543037e+04
1.5103 2.928252146792799249e+04
1.51265 2.824294684812953710e+04
1.515 2.716261141832308931e+04
1.51783 2.582261278204789414e+04
1.52019 2.467668241519091680e+04
1.52255 2.351466967044456032e+04
1.52538 2.210852451551825652e+04
1.52775 2.093918103692379736e+04
1.53012 1.977966229049025424e+04
1.53297 1.841510899351329135e+04
1.53534 1.730855342656510402e+04
1.53772 1.623764968751674496e+04
1.5401 1.520808065193004586e+04
1.54297 1.403475728803490165e+04
1.54536 1.311323444043206655e+04
1.54775 1.224493125850829529e+04
1.55015 1.143184130496081343e+04
1.55255 1.067389915634842146e+04
1.55544 9.837541925568511942e+03
1.55785 9.199423819733650816e+03
1.56027 8.615041470581845715e+03
1.56269 8.081497205724873311e+03
1.56512 7.598528206754281200e+03
1.56755 7.162792049663562466e+03
1.57048 6.700744738185108872e+03
1.57293 6.361803518073035775e+03
1.57538 6.063308996870872761e+03
1.57784 5.800686411116952513e+03
1.58031 5.572262895874596325e+03
1.58278 5.373755629586201394e+03
1.58526 5.203249209070157121e+03
1.58775 5.056907882817280552e+03
1.59024 4.932731996569523290e+03
1.59274 4.827403918823648382e+03
1.59524 4.739036840649338046e+03
1.59776 4.664868896778336421e+03
1.60028 4.603278179826704218e+03
1.60281 4.552073595429455054e+03
1.60534 4.509927431494145821e+03
1.60789 4.475160943920029240e+03
1.61044 4.446740146772936896e+03
1.613 4.423397247161656196e+03
1.61505 4.407877267742853292e+03
1.61763 4.391647067867248552e+03
1.62021 4.378382309413557778e+03
1.62281 4.367473278880846919e+03
1.62541 4.358519820371130663e+03
1.6275 4.352507415639838655e+03
1.63012 4.346260825561821548e+03
1.63275 4.341248204109749167e+03
1.63539 4.337423506845846532e+03
1.6375 4.335130502029165655e+03
1.64016 4.333199822742340075e+03
1.64282 4.332225313050714249e+03
1.6455 4.332002648812806910e+03
1.64764 4.332173356286401031e+03
1.65034 4.332687237887791525e+03
1.65304 4.333684365174476625e+03
1.65521 4.335025366787787789e+03
1.65793 4.337416482326750156e+03
1.66011 4.340279708006533838e+03
1.66285 4.344644052624391406e+03
1.66505 4.348798404494125862e+03
1.6678 4.354661998064826548e+03
1.67001 4.359632050835337395e+03
1.67278 4.365819450929034247e+03
1.675 4.370517419732445887e+03
1.67779 4.386761977946105617e+03
1.68002 4.670558509864600637e+03
1.68282 6.121576527917234671e+03
1.68506 8.468592011434331653e+03
1.68788 1.283251173539701449e+04
1.69013 1.725816861606891689e+04
1.69296 2.354351075444688104e+04
1.69523 2.808889617017087585e+04
1.69807 3.248226180564497554e+04
1.70035 3.498633126156254730e+04
1.70263 3.673054980425820395e+04
1.7055 3.822091661428816587e+04
1.7078 3.912719663068924274e+04
1.7101 3.990401876057256595e+04
1.71299 4.058769964563404938e+04
1.7153 4.085289764382963040e+04
1.71763 4.100077438746912230e+04
1.72054 4.121301110208826867e+04
1.72287 4.141678790520704933e+04
1.72521 4.159478211518436729e+04
1.72756 4.170623099442979583e+04
1.7305 4.172282276208449912e+04
1.73285 4.163097180497788941e+04
1.7352 4.148253067559613555e+04
1.73755 4.125724816448739148e+04
1.74038 4.098292166080003517e+04
1.74265 4.088048640697215887e+04
1.74536 4.080667153215053986e+04
1.74803 4.064288788777163427e+04
1.7502 4.044616581986929668e+04
1.75291 4.012298758436072239e+04
1.75507 3.986513279965955007e+04
1.75774 3.957921809600098641e+04
1.76038 3.934782530014117219e+04
1.76298 3.916792403856436431e+04
1.76506 3.902254753408326360e+04
1.76768 3.882208988096574467e+04
1.77029 3.864663487239258393e+04
1.7729 3.853630909429611347e+04
1.77551 3.846514469744668168e+04
1.77758 3.841998216889922332e+04
1.78018 3.838599133661207452e+04
1.78281 3.838191999863919773e+04
1.78543 3.842440944142652734e+04
1.7875 3.847713841671436967e+04
1.7901 3.852458200879975630e+04
1.79275 3.853063326907219016e+04
1.79542 3.848418589755357243e+04
1.79754 3.842762724908356904e+04
1.80017 3.834820993613354949e+04
1.8028 3.826684184635549173e+04
1.80542 3.818920709004257515e+04
1.80752 3.812871453106223635e+04
1.81016 3.805146568670879060e+04
1.81279 3.797033826949671493e+04
1.81541 3.788612751711493183e+04
1.81751 3.781620971417692635e+04
1.82013 3.772439925287527876e+04
1.82276 3.762869273856891959e+04
1.82544 3.753009667895460007e+04
1.82759 3.745215717480470630e+04
1.83023 3.735761119109960418e+04
1.83288 3.726477590139153472e+04
1.83501 3.718969495699954859e+04
1.83768 3.709279817537961935e+04
1.84033 3.698761988543545885e+04
1.84297 3.686802435012155183e+04
1.84508 3.676225559609166521e+04
1.84771 3.661777776886891661e+04
1.85038 3.645846960260438937e+04
1.85253 3.632213101172131428e+04
1.85521 3.614481030190232559e+04
1.85789 3.596370665709639434e+04
1.86004 3.581877624524651765e+04
1.86273 3.564171404878742032e+04
1.86542 3.547564213375360123e+04
1.86754 3.535205587096387171e+04
1.8702 3.520676574744742538e+04
1.8729 3.506911956402257056e+04
1.87506 3.496561145552339440e+04
1.87775 3.484492886288577574e+04
1.88044 3.473192837643148960e+04
1.88259 3.464589687103986216e+04
1.88528 3.454360637379113905e+04
1.88798 3.444762031895284599e+04
1.89014 3.437621837955625961e+04
1.89283 3.429626491241349140e+04
1.89551 3.422996936603238282e+04
1.89765 3.418860744884069572e+04
1.90034 3.415323446766575944e+04
1.90302 3.413530174990600790e+04
1.90518 3.412868666430716985e+04
1.90787 3.412168598898933851e+04
1.91051 3.411629408366885764e+04
1.91263 3.411275862683905871e+04
1.91533 3.410866295551855001e+04
1.91803 3.410813103646831587e+04
1.92019 3.411070689032343944e+04
1.92288 3.411397043250368733e+04
1.92506 3.411476477386661281e+04
1.9278 3.411209916199764120e+04
1.93051 3.410513563359441468e+04
1.93263 3.409706674880438368e+04
1.9353 3.408526829118136811e+04
1.93798 3.407182238081309333e+04
1.94012 3.405956068466159923e+04
1.9428 3.404128871950259781e+04
1.94548 3.401886362201131851e+04
1.94764 3.399756438345548668e+04
1.95033 3.396785092298422387e+04
1.9525 3.394179218402057450e+04
1.95522 3.390659110788170074e+04
1.95793 3.386862197000813467e+04
1.96008 3.383607996175674634e+04
1.96278 3.379235600843392604e+04
1.96548 3.374498920431129955e+04
1.96763 3.370461415427613974e+04
1.9703 3.365122407073793147e+04
1.97298 3.359455815662114765e+04
1.97513 3.354589567914918734e+04
1.97782 3.348053238038626296e+04
1.9805 3.341069431277849071e+04
1.98264 3.335176534706186067e+04
1.98533 3.327501603250864719e+04
1.98801 3.319578440133939148e+04
1.99016 3.313105610491780681e+04
1.99285 3.304907165756752511e+04
1.995 3.298285415869622375e+04
1.9977 3.290021668981103721e+04
2.00039 3.281894234083677293e+04
2.00253 3.275550341386295258e+04
2.00521 3.267814383822391756e+04
2.00793 3.260312290954629134e+04
2.0101 3.254620403414734028e+04
2.0128 3.248010940368349839e+04
2.0155 3.241972431188782866e+04
2.01765 3.237595248175057714e+04
2.02033 3.232656806353271895e+04
2.02304 3.228243649564378211e+04
2.02521 3.225075395278684664e+04
2.02792 3.221523390717305665e+04
2.03009 3.218963780774408224e+04
2.03279 3.216062766385223586e+04
2.03549 3.213513532496197513e+04
2.03765 3.211731905988161816e+04
2.04033 3.209725193584627050e+04
2.04303 3.207774423758029297e+04
2.0452 3.206201827949792641e+04
2.04791 3.204247665649560076e+04
2.05008 3.202715866635869679e+04
2.0528 3.200846164879934076e+04
2.0555 3.199013022365166762e+04
2.05766 3.197547021244874486e+04
2.06037 3.195679577992369377e+04
2.06254 3.194143181816758806e+04
2.06525 3.192161429162120112e+04
2.06795 3.190095848435101288e+04
2.07011 3.188364586294521723e+04
2.07281 3.186091957752305461e+04
2.07552 3.183712436751959103e+04
2.07767 3.181749596752558136e+04
2.08036 3.179229829490258271e+04
2.08257 3.177119468316906932e+04
2.08533 3.174450466601230437e+04
2.08751 3.172339133582115392e+04
2.09022 3.169718905751634520e+04
2.09292 3.167115315207206731e+04
2.09508 3.165044640469119622e+04
2.09778 3.162471068622076200e+04
2.10048 3.159919464252504258e+04
2.10263 3.157904589034277524e+04
2.10533 3.155447466603487919e+04
2.10803 3.153092728365129369e+04
2.1102 3.151300923839423558e+04
2.11292 3.149220103877577640e+04
2.1151 3.147696568744897377e+04
2.11782 3.145978037485147797e+04
2.12053 3.144479512999364670e+04
2.12271 3.143437588701106870e+04
2.12542 3.142316692238469841e+04
2.12758 3.141549120661189954e+04
2.13028 3.140729847367078037e+04
2.13298 3.140035368723260035e+04
2.13514 3.139568751285174221e+04
2.13785 3.139089413041523221e+04
2.14002 3.138782116725197193e+04
2.14273 3.138482470151417510e+04
2.14543 3.138269026824297180e+04
2.1476 3.138157602228736505e+04
2.1503 3.138096193745224446e+04
2.153 3.138148933798196958e+04
2.15516 3.138318192920185902e+04
2.15786 3.138806229493026331e+04
2.16001 3.139531797984812511e+04
2.16271 3.140874568530404213e+04
2.16541 3.142526701814028638e+04
2.16758 3.143896243458786557e+04
2.17027 3.145594791866568994e+04
2.17297 3.147335667509558698e+04
2.17513 3.148811811353982921e+04
2.17784 3.150815567525895676e+04
2.1805 3.152870611154622020e+04
2.18263 3.154551174241661647e+04
2.18535 3.156696456205614231e+04
2.18754 3.158373489301046357e+04
2.19025 3.160371171183866682e+04
2.19296 3.162258011609278765e+04
2.19514 3.163692837772594430e+04
2.19787 3.165391112759511452e+04
2.20005 3.166642565716488025e+04
2.20272 3.167998326972326322e+04
2.20539 3.169130027821884505e+04
2.20753 3.169884496089464301e+04
2.21021 3.170685069087708689e+04
2.2129 3.171389842868848791e+04
2.21505 3.171893086493558076e+04
2.21773 3.172419440901695998e+04
2.22041 3.172810592647436351e+04
2.22257 3.173014098412898602e+04
2.22528 3.173104785878442635e+04
2.22797 3.172985665882267858e+04
2.23011 3.172694132588531647e+04
2.23279 3.172061246811063393e+04
2.23547 3.171114078540457194e+04
2.23763 3.170118627306882627e+04
2.24034 3.168557321798593694e+04
2.2425 3.167038792576097330e+04
2.24521 3.164804281896655812e+04
2.24791 3.162200180224609358e+04
2.25005 3.159890452587670006e+04
2.25272 3.156706291460380453e+04
2.2554 3.153242303760637151e+04
2.25754 3.150326958078126700e+04
2.26025 3.146555484110516772e+04
2.26297 3.142789930877344159e+04
2.26513 3.139871999048508223e+04
2.26782 3.136396657529069489e+04
2.2705 3.133146792515189009e+04
2.27264 3.130729933414993138e+04
2.27532 3.127919884030169851e+04
2.27801 3.125318048555933274e+04
2.28017 3.123385400475240021e+04
2.2829 3.121108242853718548e+04
2.28508 3.119412066704686731e+04
2.28777 3.117464426836122948e+04
2.29045 3.115668206870914219e+04
2.29259 3.114327713363630755e+04
2.29527 3.112761042042161716e+04
2.29797 3.111289126338283677e+04
2.30014 3.110208731007413007e+04
2.30283 3.108970742677725138e+04
2.30552 3.107778964833732971e+04
2.30767 3.106796586670105171e+04
2.31036 3.105489214563684072e+04
2.31252 3.104362858685487663e+04
2.31523 3.102826524880717261e+04
2.31794 3.101142101220113909e+04
2.3201 3.099675077281502672e+04
2.32281 3.097674743641196619e+04
2.32552 3.095543017699331176e+04
2.32767 3.093742948484117369e+04
2.3304 3.091304260682225504e+04
2.33259 3.089193611525070810e+04
2.33532 3.086373921114794211e+04
2.33802 3.083357237616599014e+04
2.34019 3.080780382240093604e+04
2.3429 3.077346873099366348e+04
2.34507 3.074444360989249981e+04
2.34778 3.070637867837433441e+04
2.35049 3.066637310414269814e+04
2.35264 3.063333730483252657e+04
2.35534 3.059075193479385416e+04
2.35803 3.054697162085736636e+04
2.36018 3.051123291111867002e+04
2.36288 3.046583031251893044e+04
2.36503 3.042904707061311274e+04
2.36775 3.038221211755824334e+04
2.37051 3.033447680784142358e+04
2.3727 3.029655993867733559e+04
2.3754 3.025036082192813774e+04
2.37756 3.021401821012084838e+04
2.38029 3.016926917920389315e+04
2.38301 3.012631864412172945e+04
2.38521 3.009341325853939634e+04
2.38795 3.005468550007545127e+04
2.39012 3.002618615507928189e+04
2.39282 2.999326670569482667e+04
2.39501 2.996854824969262336e+04
2.39777 2.993974859455197293e+04
2.40051 2.991415093586345029e+04
2.40267 2.989580549031962437e+04
2.40538 2.987500037854571565e+04
2.40755 2.985979016809296081e+04
2.41027 2.984210070247639305e+04
2.41298 2.982546505641879776e+04
2.41515 2.981267713287115112e+04
2.41786 2.979710453877132386e+04
2.42003 2.978481790654110591e+04
2.42276 2.976938985348314600e+04
2.4255 2.975372564902144586e+04
2.42768 2.974100222233882232e+04
2.43039 2.972469084883285905e+04
2.43256 2.971107333735586872e+04
2.4353 2.969323400091786971e+04
2.43805 2.967478425476766643e+04
2.44024 2.965946204414566455e+04
2.44299 2.963951670953142821e+04
2.44516 2.962332215436596380e+04
2.44787 2.960285344873514623e+04
2.45007 2.958614035152604993e+04
2.45283 2.956498120526291677e+04
2.45502 2.954809798388571653e+04
2.45773 2.952764455379370338e+04
2.46047 2.950831910625062665e+04
2.46268 2.949385068711701751e+04
2.46544 2.947758123053680174e+04
2.46762 2.946564289055978588e+04
2.47035 2.945138438058477186e+04
2.47255 2.944046013255919388e+04
2.4753 2.942786263049793342e+04
2.47804 2.941693361691640894e+04
2.48023 2.940957122210817033e+04
2.48296 2.940231417247102218e+04
2.48515 2.939824672122862830e+04
2.48788 2.939565134034012954e+04
2.49007 2.939569832874693384e+04
2.49282 2.939799842052168970e+04
2.49502 2.940092605607560836e+04
2.49777 2.940472500805733944e+04
2.50051 2.940743923938189255e+04
2.5027 2.940867930049320421e+04
2.50543 2.940954895938759728e+04
2.50761 2.941008062835389137e+04
2.51033 2.941077246710851978e+04
2.51252 2.941126512226305204e+04
2.51525 2.941148707712032046e+04
2.51799 2.941084868356541119e+04
2.52018 2.940945013793631369e+04
2.52293 2.940631861994073552e+04
2.52512 2.940270465137899373e+04
2.52787 2.939718937149393605e+04
2.53007 2.939201426621208520e+04
2.5328 2.938423304367091259e+04
2.53554 2.937484667433959839e+04
2.53771 2.936621974192581547e+04
2.54043 2.935381166471843972e+04
2.54261 2.934294419848215330e+04
2.54534 2.932916003554549752e+04
2.54752 2.931861752646803143e+04
2.55023 2.930633940428662027e+04
2.55296 2.929494822321429820e+04
2.55515 2.928632661036606441e+04
2.5579 2.927627114511730906e+04
2.56008 2.926900465104501927e+04
2.5628 2.926097032390028107e+04
2.56553 2.925409956780173161e+04
2.5677 2.924960225737762084e+04
2.57042 2.924541323626874510e+04
2.5726 2.924352534707918676e+04
2.57532 2.924294272200765772e+04
2.57751 2.924384863725316973e+04
2.58024 2.924664217716538406e+04
2.58297 2.925187655637558782e+04
2.58516 2.925818062730585007e+04
2.58792 2.926911220919361585e+04
2.59014 2.928028598152878476e+04
2.59288 2.929665356401681856e+04
2.59507 2.931076375886107053e+04
2.5978 2.932809127921205072e+04
2.60054 2.934348148754226713e+04
2.60273 2.935376132867692286e+04
2.60547 2.936391830805215068e+04
2.60767 2.937022283823937687e+04
2.61042 2.937617949486916405e+04
2.61262 2.937972203409585927e+04
2.61538 2.938277560174953396e+04
2.61759 2.938395691582423387e+04
2.62033 2.938378797251098877e+04
2.62252 2.938216272422240581e+04
2.62527 2.937777562423370182e+04
2.62804 2.937123112251970088e+04
2.63024 2.936492201803419448e+04
2.63298 2.935617659008308328e+04
2.63517 2.934882415069717536e+04
2.63792 2.933961878437506311e+04
2.64013 2.933228799556035301e+04
2.64287 2.932326457696032230e+04
2.64506 2.931610580114052209e+04
2.64782 2.930707667022637543e+04
2.65003 2.929977434810853083e+04
2.65279 2.929055198724565344e+04
2.65552 2.928124153949507308e+04
2.65772 2.927381217975656546e+04
2.66046 2.926483434430609123e+04
2.66266 2.925811066549814859e+04
2.66539 2.925057078066092072e+04
2.66758 2.924542853864915378e+04
2.67032 2.924014486082002259e+04
2.6725 2.923644988182221641e+04
2.67526 2.923196613881456869e+04
2.67801 2.922775829913292182e+04
2.68021 2.922473793162549555e+04
2.68296 2.922148760041195419e+04
2.68516 2.921935939244521796e+04
2.68792 2.921737940713905482e+04
2.69013 2.921644353693921221e+04
2.69287 2.921652678609998475e+04
2.69506 2.921807514181023726e+04
2.69782 2.922182818208432582e+04
2.70003 2.922633465725540373e+04
2.70278 2.923378719851130154e+04
2.70553 2.924317391582791606e+04
2.70773 2.925197172983931523e+04
2.71048 2.926440804255945477e+04
2.7127 2.927546438315846535e+04
2.71549 2.929053527743018276e+04
2.71772 2.930335904513320929e+04
2.72047 2.932009744237191990e+04
2.72267 2.933414762228609470e+04
2.72541 2.935244537610933548e+04
2.72761 2.936763629530025355e+04
2.73035 2.938712931898078750e+04
2.73254 2.940303052576816845e+04
2.73528 2.942309690664937079e+04
2.73802 2.944306541869035937e+04
2.74021 2.945871785987620024e+04
2.74296 2.947746544778682437e+04
2.74517 2.949147482260442848e+04
2.74792 2.950737186577791363e+04
2.75013 2.951856334580935800e+04
2.75287 2.953054768641433475e+04
2.75506 2.953871957751399896e+04
2.75779 2.954727026550078517e+04
2.76052 2.955391975878462472e+04
2.76272 2.955772157308162787e+04
2.76547 2.956077272796768011e+04
2.76767 2.956200910784453663e+04
2.77042 2.956244196015029229e+04
2.77263 2.956216013801815279e+04
2.7754 2.956116599863511874e+04
2.77761 2.955997487361193998e+04
2.78038 2.955810147378346664e+04
2.78259 2.955630028989710627e+04
2.78534 2.955356528370720844e+04
2.78754 2.955091800820963908e+04
2.79029 2.954702455958242354e+04
2.79304 2.954256535640062066e+04
2.79523 2.953870969286140098e+04
2.79796 2.953368557377840989e+04
2.80014 2.952957420636386087e+04
2.80289 2.952443612516514258e+04
2.80509 2.952039219391483130e+04
2.80783 2.951550673799156721e+04
2.81002 2.951180983356401339e+04
2.81277 2.950765874005787919e+04
2.81552 2.950463256171660760e+04
2.81773 2.950328703697334640e+04
2.82049 2.950304071622748961e+04
2.8227 2.950403835523270027e+04
2.82547 2.950684687843270513e+04
2.82767 2.951036784729503415e+04
2.83041 2.951634650776950002e+04
2.8326 2.952242393879043084e+04
2.83536 2.953168148440190635e+04
2.83756 2.954038227178067609e+04
2.84032 2.955287623050319962e+04
2.84252 2.956410720052248507e+04
2.84528 2.957956782038032179e+04
2.84804 2.959644264773729446e+04
2.85024 2.961081647998979679e+04
2.853 2.962961089629400885e+04
2.85521 2.964505887691391763e+04
2.85798 2.966450011026640641e+04
2.86019 2.967973761356932300e+04
2.86295 2.969777463323919437e+04
2.86515 2.971112336659590073e+04
2.8679 2.972602940732987554e+04
2.87011 2.973626451885025017e+04
2.87286 2.974667800193155563e+04
2.87505 2.975303294807422208e+04
2.8778 2.975850765813520047e+04
2.88001 2.976092080325988718e+04
2.88277 2.976152511894176496e+04
2.88553 2.975958108286760034e+04
2.88774 2.975630975874809519e+04
2.89052 2.975019788939481805e+04
2.89274 2.974377011084236074e+04
2.89551 2.973379831606033622e+04
2.89772 2.972437071519071833e+04
2.90048 2.971140961857176808e+04
2.90268 2.970038557812837462e+04
2.90544 2.968575571610455154e+04
2.90765 2.967346244563691653e+04
2.91042 2.965757350142539144e+04
2.91264 2.964454901617411087e+04
2.91541 2.962804013755906635e+04
2.91762 2.961479434547204437e+04
2.92039 2.959833565352035657e+04
2.92261 2.958534500768198632e+04
2.92538 2.956953527478410251e+04
2.9276 2.955738099844546741e+04
2.93036 2.954294078021613313e+04
2.93257 2.953207431169207848e+04
2.93531 2.951950065280796116e+04
2.93751 2.951032000077257908e+04
2.94028 2.949994681628186663e+04
2.94305 2.949104551509483281e+04
2.94526 2.948498634326654064e+04
2.94801 2.947848862543205905e+04
2.95022 2.947421168919648335e+04
2.95299 2.947012034230087011e+04
2.95519 2.946792726788873188e+04
2.95795 2.946661224720007522e+04
2.96016 2.946672016083610288e+04
2.96293 2.946825931545836283e+04
2.96515 2.947051025393863165e+04
2.96791 2.947439230088669865e+04
2.97012 2.947820324581048772e+04
2.97288 2.948361158904976401e+04
2.97508 2.948826277601724360e+04
2.97785 2.949421905768705983e+04
2.98007 2.949885013069552588e+04
2.98285 2.950411164176937018e+04
2.98508 2.950763737312715239e+04
2.98787 2.951083751547235443e+04
2.99008 2.951221594749359429e+04
2.99285 2.951226981873230034e+04
2.99507 2.951088841134008908e+04
2.99785 2.950736000984082420e+04
3.00006 2.950317731091210590e+04
3.00281 2.949638534805372547e+04
3.00502 2.948977080418778860e+04
3.00778 2.948057688804752615e+04
3.01054 2.946998292076106009e+04
3.01275 2.946027339845339520e+04
3.01552 2.944690523239337199e+04
3.01776 2.943535999468016234e+04
3.02055 2.942030783000287920e+04
3.02277 2.940812204062871024e+04
3.02554 2.939283131879903522e+04
3.02776 2.938067993485021361e+04
3.03054 2.936577181995205683e+04
3.03276 2.935418242852768526e+04
3.03553 2.934020248063331746e+04
3.03774 2.932945908125269489e+04
3.04051 2.931663948762414293e+04
3.04272 2.930689951667741116e+04
3.04549 2.929539328254801512e+04
3.04771 2.928673766314177556e+04
3.05048 2.927662818302186497e+04
3.0527 2.926907228412149561e+04
3.05548 2.926033985253291394e+04
3.05771 2.925389410989767202e+04
3.06049 2.924654399742834721e+04
3.06271 2.924131501622598807e+04
3.06548 2.923570584607941055e+04
3.0677 2.923204451469817286e+04
3.07047 2.922848756277343273e+04
3.0727 2.922649840708944248e+04
3.07548 2.922512976545402489e+04
3.0777 2.922491106816720276e+04
3.08047 2.922565237088033973e+04
3.08269 2.922698491861190269e+04
3.08549 2.922945417402088424e+04
3.08772 2.923195028894337156e+04
3.0905 2.923554624180248720e+04
3.09272 2.923869526725051037e+04
3.09548 2.924279395441122688e+04
3.09769 2.924611215787205947e+04
3.10047 2.925019690894903397e+04
3.10269 2.925332192955716528e+04
3.10547 2.925696728852523665e+04
3.1077 2.925962189900538942e+04
3.11048 2.926255054730029951e+04
3.11269 2.926456253725116403e+04
3.11546 2.926667423129047529e+04
3.11768 2.926804354150049403e+04
3.12046 2.926935236556837481e+04
3.1227 2.927009951070431998e+04
3.1255 2.927068551589913113e+04
3.12772 2.927090934609421674e+04
3.13049 2.927094050623707881e+04
3.1327 2.927080502662801518e+04
3.13549 2.927048357696919993e+04
3.13771 2.927013921662699431e+04
3.14049 2.926963885396206024e+04
3.14272 2.926920560329153523e+04
3.14549 2.926864785103532631e+04
3.1477 2.926819750783705240e+04
3.15048 2.926763826852769853e+04
3.1527 2.926720196100874091e+04
3.15548 2.926668223344864236e+04
3.15771 2.926630024354448324e+04
3.16049 2.926589041645254474e+04
3.16271 2.926563919111934229e+04
3.16549 2.926545074989946806e+04
3.16771 2.926542285593189445e+04
3.17049 2.926557217003049300e+04
3.17273 2.926586287968869874e+04
3.17552 2.926646812659423085e+04
3.17775 2.926715924598187121e+04
3.18052 2.926830262247808059e+04
3.18274 2.926945820631506649e+04
3.18553 2.927121863979513000e+04
3.18776 2.927288092226719527e+04
3.19054 2.927527541603187274e+04
3.19277 2.927744733405328225e+04
3.195 2.927985690374783371e+04
3.1978 2.928318266272638357e+04
3.20002 2.928607267944137129e+04
3.2028 2.928996776594902258e+04
3.20502 2.929330676826573472e+04
3.20781 2.929774169216486916e+04
3.21003 2.930147591075584569e+04
3.21281 2.930634371147183992e+04
3.21503 2.931038587137047216e+04
3.21781 2.931560865145356729e+04
3.22004 2.931988385649615157e+04
3.22282 2.932530818972420457e+04
3.22505 2.932967967422993024e+04
3.22784 2.933515048466161534e+04
3.23007 2.933949217184320514e+04
3.23286 2.934480900912780271e+04
3.23509 2.934893005046773033e+04
3.23788 2.935386262549302410e+04
3.24011 2.935758793012703245e+04
3.24289 2.936191050098155029e+04
3.24512 2.936505508965098488e+04
3.2479 2.936854092063361531e+04
3.25014 2.937094309617192994e+04
3.25294 2.937340654073703990e+04
3.25517 2.937491112693557807e+04
3.25795 2.937618175221790807e+04
3.26018 2.937669689665452825e+04
3.26298 2.937669644511576917e+04
3.26521 2.937617290693519681e+04
3.268 2.937486348917135547e+04
3.27024 2.937329573136039835e+04
3.27303 2.937070113769130694e+04
3.27525 2.936812585917210163e+04
3.27804 2.936429243931819656e+04
3.28028 2.936075159140798860e+04
3.28251 2.935681350661755641e+04
3.2853 2.935137091768625396e+04
3.28753 2.934661947461103045e+04
3.29031 2.934021421324427502e+04
3.29255 2.933475451572784368e+04
3.29533 2.932756031235574847e+04
3.29756 2.932154151306757922e+04
3.30036 2.931370612067880211e+04
3.3026 2.930723107141567016e+04
3.3054 2.929896555100394471e+04
3.30763 2.929226221564511434e+04
3.31042 2.928379868454475945e+04
3.31266 2.927699872081710782e+04
3.31545 2.926850574397276068e+04
3.31769 2.926171356153910892e+04
3.32049 2.925331189072219058e+04
3.32273 2.924671146893128753e+04
3.32552 2.923862564509745425e+04
3.32775 2.923230252259234112e+04
3.33055 2.922461325347751335e+04
3.33278 2.921863927520837387e+04
3.33502 2.921280887760743644e+04
3.33781 2.920565691214162871e+04
3.34005 2.919999407711743697e+04
3.34284 2.919295533713622353e+04
3.34507 2.918734347320869711e+04
3.34786 2.918032950846097447e+04
3.3501 2.917469239424794432e+04
3.3529 2.916758957084685971e+04
3.35514 2.916185295318003045e+04
3.35794 2.915458613445068113e+04
3.36017 2.914866395624980578e+04
3.36297 2.914109445945709740e+04
3.3652 2.913486344685405857e+04
3.368 2.912679048224963481e+04
3.37024 2.912007921209121923e+04
3.37304 2.911134567843896002e+04
3.37527 2.910404677667321084e+04
3.37751 2.909643410765811859e+04
3.3803 2.908646984249723391e+04
3.38254 2.907821399660019961e+04
3.38534 2.906764082660025451e+04
3.38758 2.905888664401949427e+04
3.39038 2.904743603316952795e+04
3.39262 2.903794544889414829e+04
3.39541 2.902577601725058412e+04
3.39765 2.901584354032469128e+04
3.40045 2.900322714777090732e+04
3.40269 2.899301830518269344e+04
3.40548 2.898019550195697957e+04
3.40772 2.896994320312128184e+04
3.41052 2.895721298253196437e+04
3.41276 2.894714545035883566e+04
3.41501 2.893723392024953137e+04
3.41781 2.892512803646728571e+04
3.42005 2.891571474998075792e+04
3.42284 2.890434891838874682e+04
3.42508 2.889561691483385948e+04
3.42788 2.888518575530731323e+04
3.43011 2.887724165566880038e+04
3.43291 2.886762430337068872e+04
3.43515 2.886013113825696928e+04
3.43796 2.885112356798390101e+04
3.4402 2.884434532157151261e+04
3.443 2.883649541088786646e+04
3.44524 2.883070491302005030e+04
3.44804 2.882406477113509027e+04
3.45028 2.881922108339508122e+04
3.45252 2.881478782331766706e+04
3.45532 2.880980680182961805e+04
3.45756 2.880624878083880321e+04
3.46037 2.880231363795111974e+04
3.46261 2.879954317606054610e+04
3.46542 2.879651904829356863e+04
3.46767 2.879438702084094257e+04
3.47047 2.879202384430317034e+04
3.47271 2.879035270172927994e+04
3.47551 2.878850547015934717e+04
3.47775 2.878719178125836333e+04
3.48056 2.878570955642596527e+04
3.4828 2.878462701821374139e+04
3.48505 2.878361359039825402e+04
3.48785 2.878241663253681691e+04
3.4901 2.878149872162495012e+04
3.4929 2.878038711438296741e+04
3.49514 2.877952157229493605e+04
3.49795 2.877847034347545559e+04
3.50019 2.877765851570390078e+04
3.50299 2.877669118197217904e+04
3.50523 2.877596754563304785e+04
3.50805 2.877514195494697924e+04
3.5103 2.877456241862427851e+04
3.51255 2.877407103274926340e+04
3.51535 2.877360060568628978e+04
3.5176 2.877335450144957576e+04
3.5204 2.877322989169032371e+04
3.52264 2.877328978400704727e+04
3.52546 2.877358235049193900e+04
3.52771 2.877400075692431710e+04
3.53052 2.877476100668221625e+04
3.53277 2.877556330424663975e+04
3.53501 2.877653939147917117e+04
3.53782 2.877800008083270222e+04
3.54007 2.877935352431254432e+04
3.54287 2.878126095276444175e+04
3.54512 2.878294679668735989e+04
3.54792 2.878523346547118126e+04
3.55017 2.878718560431091828e+04
3.55298 2.878975688985981105e+04
3.55524 2.879189275816641748e+04
3.55805 2.879462121074111928e+04
3.56029 2.879683002381416009e+04
3.56253 2.879904686712284820e+04
3.56535 2.880180491320821602e+04
3.5676 2.880397535270897060e+04
3.57041 2.880661869969805048e+04
3.57266 2.880865840965248935e+04
3.57547 2.881109023352515214e+04
3.57771 2.881293283325041921e+04
3.58053 2.881510503021305340e+04
3.58279 2.881672959098986394e+04
3.58505 2.881824530258593950e+04
3.58785 2.881998351046575408e+04
3.5901 2.882125913715645584e+04
3.59291 2.882272102426718629e+04
3.59517 2.882378837711828237e+04
3.59798 2.882500695132846522e+04
3.60023 2.882590105185200082e+04
3.60304 2.882693386600866870e+04
3.60528 2.882770653220221357e+04
3.60753 2.882844557450583306e+04
3.61034 2.882934218968106143e+04
3.6126 2.883005227073033529e+04
3.6154 2.883095005048342500e+04
3.61765 2.883169313669815892e+04
3.62046 2.883267314382417317e+04
3.62271 2.883351047557856145e+04
3.62552 2.883463867309046691e+04
3.62777 2.883561535554988222e+04
3.63002 2.883666349034747327e+04
3.63283 2.883807834745990840e+04
3.63507 2.883929588656979831e+04
3.63789 2.884092882143978204e+04
3.64014 2.884231688745347128e+04
3.64296 2.884414201539180431e+04
3.6452 2.884566899231412026e+04
3.64802 2.884765653500326152e+04
3.65028 2.884929828773179543e+04
3.65254 2.885097168452319966e+04
3.65535 2.885308943072302282e+04
3.6576 2.885479876314443754e+04
3.66042 2.885694716258513654e+04
3.66267 2.885865926435302390e+04
3.66549 2.886077445485690623e+04
3.66774 2.886244110029616058e+04
3.67056 2.886448735330200725e+04
3.67281 2.886608818626286666e+04
3.67507 2.886765080887720978e+04
3.67788 2.886954516619768037e+04
3.68014 2.887101477473736304e+04
3.68296 2.887280011185339390e+04
3.68522 2.887418360654991920e+04
3.68804 2.887585667232521155e+04
3.69029 2.887715691505748691e+04
3.69254 2.887843022153451238e+04
3.69537 2.887999165288733275e+04
3.69762 2.888122176051820861e+04
3.70044 2.888274472682180203e+04
3.70269 2.888396125110531648e+04
3.70551 2.888549225851501251e+04
3.70777 2.888673193263273424e+04
3.71002 2.888799166481346401e+04
3.71284 2.888960285443038811e+04
3.7151 2.889092630753720005e+04
3.71792 2.889263038914025674e+04
3.72017 2.889403918940850781e+04
3.723 2.889586418942677847e+04
3.72526 2.889737384420877788e+04
3.72751 2.889892205396503414e+04
3.73033 2.890092040360796091e+04
3.73259 2.890257500906741916e+04
3.73542 2.890470775402773143e+04
3.73767 2.890645800035093271e+04
3.74049 2.890869890066288644e+04
3.74274 2.891054108947017448e+04
3.74501 2.891243434243232696e+04
3.74785 2.891485778510921955e+04
3.7501 2.891682941352672788e+04
3.75292 2.891935060097592941e+04
3.75518 2.892141727898216050e+04
3.758 2.892406150898052510e+04
3.76026 2.892622377697124466e+04
3.76251 2.892842874153972662e+04
3.76533 2.893124949409863621e+04
3.76758 2.893355859901836811e+04
3.7704 2.893651366892840451e+04
3.77266 2.893893840361075490e+04
3.77548 2.894203851906202908e+04
3.77773 2.894457179953134982e+04
3.78055 2.894781078735806295e+04
3.78281 2.895046907854235178e+04
3.78508 2.895318878661562485e+04
3.7879 2.895666218616901460e+04
3.79016 2.895949065607520242e+04
3.79297 2.896310365176825144e+04
3.79523 2.896606411070367540e+04
3.79805 2.896984396825270960e+04
3.80031 2.897292974791079905e+04
3.80257 2.897607288370991591e+04
3.80539 2.898008732198422513e+04
3.80765 2.898336978076058949e+04
3.81047 2.898756133787555154e+04
3.81273 2.899098794469085260e+04
3.81555 2.899536388156343310e+04
3.81781 2.899893001894029658e+04
3.82006 2.900256397299354285e+04
3.82288 2.900720622647025448e+04
3.82514 2.901099833142204807e+04
3.82796 2.901584007325784478e+04
3.83022 2.901979789476583755e+04
3.83305 2.902483953346231283e+04
3.8353 2.902894085837512102e+04
3.83756 2.903310811637543156e+04
3.84038 2.903840295545188928e+04
3.84263 2.904270776424560609e+04
3.84546 2.904818224679861669e+04
3.84772 2.905263232591575434e+04
3.85054 2.905827431626687030e+04
3.8528 2.906284959114879166e+04
3.85506 2.906747825522804851e+04
3.85789 2.907332777612990321e+04
3.86014 2.907806431889031228e+04
3.86297 2.908407005205525638e+04
3.86524 2.908893187149371079e+04
3.86806 2.909506287206687921e+04
3.87032 2.910001128996489933e+04
3.87258 2.910500162603401623e+04
3.8754 2.911129487684952983e+04
3.87766 2.911637035072355866e+04
3.88049 2.912279013489015415e+04
3.88276 2.912795892552463556e+04
3.88502 2.913313668177589352e+04
3.88784 2.913963254230843813e+04
3.8901 2.914484754823329422e+04
3.89292 2.915138537297263611e+04
3.89518 2.915663824290545017e+04
3.89801 2.916324853005358818e+04
3.90028 2.916855295487235708e+04
3.90254 2.917386288868364500e+04
3.90537 2.918052676812547725e+04
3.90763 2.918587043139950038e+04
3.91045 2.919258209520273158e+04
3.91271 2.919800159508463548e+04
3.91555 2.920484520201374107e+04
3.91782 2.921036775761330500e+04
3.92009 2.921594360504711949e+04
3.92294 2.922297389555232803e+04
3.92519 2.922859904182303944e+04
3.92801 2.923568251702478301e+04
3.93028 2.924141131776059046e+04
3.93255 2.924717833315708776e+04
3.9354 2.925444686640952932e+04
3.93768 2.926031309707297260e+04
3.94054 2.926764636990462895e+04
3.9428 2.927346275261607661e+04
3.94506 2.927928216400716701e+04
3.94789 2.928656858152599671e+04
3.95015 2.929239781048994337e+04
3.95299 2.929970511212805650e+04
3.95527 2.930556331170737030e+04
3.95754 2.931141604499385357e+04
3.96037 2.931871091704431092e+04
3.96263 2.932456326395025098e+04
3.96546 2.933189901037913660e+04
3.96772 2.933780020242723549e+04
3.97055 2.934525040788258048e+04
3.97282 2.935126175410777796e+04
3.97509 2.935732343129013680e+04
3.97793 2.936497211911895283e+04
3.9802 2.937113155348796499e+04
3.98302 2.937885030224663205e+04
3.98528 2.938506165896922539e+04
3.98755 2.939130766716720245e+04
3.99038 2.939913245111987635e+04
3.99265 2.940541587903037725e+04
3.99549 2.941326208831174517e+04
3.99776 2.941949498026263609e+04
4.00002 2.942567750323049768e+04
4.00284 2.943335021080718434e+04
4.00511 2.943946018212052513e+04
4.00793 2.944707011948441868e+04
4.0102 2.945314075368448175e+04
4.01303 2.946069068118717041e+04
4.0153 2.946670141764952132e+04
4.01756 2.947268700947516118e+04
4.02039 2.948013218495348701e+04
4.02266 2.948605834288667756e+04
4.02548 2.949343400330611257e+04
4.02775 2.949931542286562035e+04
4.03001 2.950519770372211497e+04
4.03285 2.951261785261270779e+04
4.03512 2.951861387893543724e+04
4.03795 2.952615561725688895e+04
4.04021 2.953222379001742956e+04
4.04304 2.953985787565472492e+04
4.04531 2.954600131736209369e+04
4.04758 2.955217402233581379e+04
4.05041 2.955988818205987991e+04
4.05267 2.956603947042079380e+04
4.0555 2.957367311918898849e+04
4.05776 2.957971360568320597e+04
4.06003 2.958567651037777978e+04
4.06286 2.959300193600729835e+04
4.06512 2.959875158600509167e+04
4.06795 2.960579461903959964e+04
4.07022 2.961130220230407213e+04
4.07306 2.961803334891476334e+04
4.07532 2.962330495971433265e+04
4.07759 2.962848506191415800e+04
4.08042 2.963487471134900261e+04
4.08268 2.963996152862834060e+04
4.08552 2.964635197896192039e+04
4.08779 2.965153875942207742e+04
4.09005 2.965679152480543780e+04
4.09288 2.966346056792206582e+04
4.09515 2.966888635981001426e+04
4.09798 2.967576450344066689e+04
4.10025 2.968132537073040294e+04
4.10251 2.968693146905615504e+04
4.10535 2.969399940392912686e+04
4.10762 2.969968788958831647e+04
4.11046 2.970683024746113369e+04
4.11273 2.971252275951204865e+04
4.11556 2.971956732015140369e+04
4.11783 2.972510458313087292e+04
4.12009 2.973051571034112567e+04
4.12293 2.973705968346717054e+04
4.12519 2.974209560535966739e+04
4.12803 2.974812429870402775e+04
4.13029 2.975272778704294251e+04
4.13256 2.975713576074517550e+04
4.1354 2.976240238218434024e+04
4.13768 2.976643098477612511e+04
4.14051 2.977121868900249683e+04
4.14278 2.977491917067754184e+04
4.14505 2.977858579953955268e+04
4.14789 2.978328135547221973e+04
4.15017 2.978717805548239630e+04
4.153 2.979223462639498757e+04
4.15526 2.979645176797030581e+04
4.15754 2.980083780034883966e+04
4.16038 2.980652285607367230e+04
4.16264 2.981120043968754908e+04
4.16548 2.981717190190580732e+04
4.16774 2.982198876184044639e+04
4.17002 2.982680544898664812e+04
4.17286 2.983277891494876530e+04
4.17513 2.983753228532517824e+04
4.17798 2.984343302313560707e+04
4.18024 2.984803781280181283e+04
4.18251 2.985250241663161796e+04
4.18535 2.985783581184030481e+04
4.18762 2.986186158857341434e+04
4.19046 2.986654061122642452e+04
4.19273 2.986995344943131568e+04
4.19556 2.987375801372892602e+04
4.19784 2.987645397135172243e+04
4.20011 2.987885777256634174e+04
4.20295 2.988150742950105996e+04
4.20522 2.988341844818653408e+04
4.20805 2.988566045474834027e+04
4.21032 2.988742972298821769e+04
4.21259 2.988931488768652343e+04
4.21543 2.989194757539967031e+04
4.21771 2.989429718462154051e+04
4.22054 2.989754725667995444e+04
4.22281 2.990040743204712271e+04
4.22508 2.990349811768759537e+04
4.22792 2.990765581971482243e+04
4.23019 2.991118056743625129e+04
4.23302 2.991577693993234789e+04
4.23529 2.991956188276491230e+04
4.23757 2.992340056870813714e+04
4.24041 2.992819780084377999e+04
4.24268 2.993200176051551898e+04
4.24552 2.993674632514557015e+04
4.24778 2.994045154931289289e+04
4.25005 2.994399919955642690e+04
4.25289 2.994811300846359882e+04
4.25516 2.995108125136736271e+04
4.258 2.995432212941171747e+04
4.26026 2.995651444558746152e+04
4.26253 2.995834928883423345e+04
4.26537 2.996016500032247131e+04
4.26765 2.996127056516129232e+04
4.27049 2.996229727865890891e+04
4.27276 2.996291200104856034e+04
4.27503 2.996342361316653114e+04
4.27787 2.996406139414165227e+04
4.28013 2.996474151112691834e+04
4.28297 2.996589424192443403e+04
4.28525 2.996709073901162992e+04
4.28751 2.996854981967405547e+04
4.29035 2.997075792161447680e+04
4.29262 2.997283091443890953e+04
4.29546 2.997578192219825723e+04
4.29773 2.997838616715385069e+04
4.3 2.998115532297748359e+04
4.30284 2.998477156096612816e+04
4.30511 2.998771806040080264e+04
4.30796 2.999137176496666143e+04
4.31023 2.999421254583034897e+04
4.31251 2.999693676306707130e+04
4.31535 3.000015016629140882e+04
4.31761 3.000261126224361578e+04
4.32045 3.000550663902770248e+04
4.32272 3.000762708730734084e+04
4.32556 3.000996044291868384e+04
4.32783 3.001152828703603882e+04
4.3301 3.001280207849851286e+04
4.33294 3.001396451110023918e+04
4.33521 3.001455665815561224e+04
4.33806 3.001491355614373242e+04
4.34033 3.001494380971373903e+04
4.34261 3.001481036658970697e+04
4.34544 3.001452608514686290e+04
4.34771 3.001432903464308765e+04
4.35055 3.001433831954502966e+04
4.35283 3.001460212344818137e+04
4.3551 3.001512817167584217e+04
4.35793 3.001620091862446861e+04
4.3602 3.001738212872281292e+04
4.36304 3.001923681897924689e+04
4.36532 3.002098820609463291e+04
4.36759 3.002293683591863373e+04
4.37043 3.002558122834302776e+04
4.37271 3.002780765516234896e+04
4.37555 3.003065944813937313e+04
4.37782 3.003295453218306648e+04
4.3801 3.003523470590044235e+04
4.38294 3.003806884183010334e+04
4.38521 3.004031200726805764e+04
4.38805 3.004302726336909473e+04
4.39032 3.004509464842975649e+04
4.39259 3.004704054529932546e+04
4.39544 3.004927998096868760e+04
4.39771 3.005093974074469224e+04
4.40055 3.005284044137073943e+04
4.40282 3.005419254948445814e+04
4.4051 3.005537732555131515e+04
4.40794 3.005661847253905944e+04
4.41022 3.005743258034649261e+04
4.41306 3.005831333228695075e+04
4.41533 3.005898357951831713e+04
4.4176 3.005965971282450482e+04
4.42045 3.006056670355263486e+04
4.42272 3.006138532942405072e+04
4.42556 3.006258340006542494e+04
4.42783 3.006373685061614742e+04
4.43011 3.006510803658658551e+04
4.43295 3.006713364369134433e+04
4.43523 3.006900171430896444e+04
4.43807 3.007163079254544937e+04
4.44034 3.007394397338276394e+04
4.44262 3.007641071536505115e+04
4.44546 3.007965625684458428e+04
4.44774 3.008234267237162931e+04
4.45001 3.008507392881003761e+04
4.45285 3.008850732263113605e+04
4.45512 3.009125783046554352e+04
4.45797 3.009473973635038419e+04
4.46025 3.009754153021613456e+04
4.46253 3.010031154191086171e+04
4.46537 3.010368357774319884e+04
4.46764 3.010629662016954535e+04
4.47048 3.010945191362771220e+04
4.47276 3.011187903949565225e+04
4.47504 3.011422243695022553e+04
4.47788 3.011704758079346357e+04
4.48015 3.011923736061452291e+04
4.48299 3.012191288636053650e+04
4.48526 3.012403283186056433e+04
4.48755 3.012616604514214487e+04
4.4904 3.012888363193085388e+04
4.49267 3.013112563199223951e+04
4.49551 3.013408101736100434e+04
4.49779 3.013661785333591979e+04
4.50007 3.013933952642575969e+04
4.50292 3.014303512770426823e+04
4.50519 3.014625206861559491e+04
4.50803 3.015063358449552470e+04
4.51031 3.015441444186825538e+04
4.51258 3.015841465967673139e+04
4.51543 3.016368715279641765e+04
4.51771 3.016807673150114715e+04
4.52056 3.017370457139803693e+04
4.52283 3.017829909933769159e+04
4.5251 3.018296499327422134e+04
4.52795 3.018885258773705937e+04
4.53023 3.019355197739266077e+04
4.53251 3.019819914630367930e+04
4.53535 3.020393136134185261e+04
4.53763 3.020845073511014562e+04
4.54047 3.021400553343913271e+04
4.54275 3.021837389081573201e+04
4.54503 3.022267709478041070e+04
4.54788 3.022796207056574713e+04
4.55015 3.023211189504906724e+04
4.55299 3.023722777699197468e+04
4.55527 3.024129379084366155e+04
4.55756 3.024533558127929427e+04
4.5604 3.025037202401189643e+04
4.56268 3.025442098941588119e+04
4.56552 3.025956439773672173e+04
4.5678 3.026378644439236086e+04
4.57007 3.026814035986582530e+04
4.57292 3.027383557798353286e+04
4.5752 3.027862649945542580e+04
4.57805 3.028494235154490161e+04
4.58033 3.029028405021659273e+04
4.58261 3.029590558004030754e+04
4.58547 3.030332048909273362e+04
4.58775 3.030950952627268998e+04
4.59002 3.031587351640074485e+04
4.59287 3.032407147555646225e+04
4.59514 3.033078721416586632e+04
4.59799 3.033930851816158611e+04
4.60027 3.034619428466795216e+04
4.60255 3.035309667316420382e+04
4.6054 3.036168728585896679e+04
4.60767 3.036850051142931625e+04
4.61052 3.037694978567299404e+04
4.61281 3.038367024298553224e+04
4.61509 3.039032770840670491e+04
4.61794 3.039852627134233990e+04
4.62022 3.040500270295207883e+04
4.62306 3.041299861932012209e+04
4.62534 3.041930831386432692e+04
4.62762 3.042553912134876737e+04
4.63047 3.043322541907714913e+04
4.63275 3.043928496316026212e+04
4.63503 3.044525218691527334e+04
4.63787 3.045264485313672776e+04
4.64015 3.045855829352577712e+04
4.64301 3.046598641491523813e+04
4.64529 3.047199203541137831e+04
4.64757 3.047809657427973434e+04
4.65042 3.048593179684298957e+04
4.6527 3.049240303134961505e+04
4.65555 3.050080735028921117e+04
4.65783 3.050779679245918305e+04
4.66012 3.051498851100806860e+04
4.66296 3.052419843490086714e+04
4.66524 3.053171434360022977e+04
4.66752 3.053935218737832474e+04
4.67037 3.054905285811141584e+04
4.67265 3.055688740729114943e+04
4.6755 3.056675715468672206e+04
4.67778 3.057472913871885612e+04
4.68006 3.058271892970326735e+04
4.68291 3.059268369019452439e+04
4.68519 3.060062058074300512e+04
4.68805 3.061045792804332814e+04
4.69034 3.061821198620932410e+04
4.69261 3.062583134255201730e+04
4.69545 3.063520470039822249e+04
4.69774 3.064260252713581212e+04
4.70002 3.064988519618026476e+04
4.70287 3.065882044517707254e+04
4.70515 3.066583213378607979e+04
4.708 3.067441943463275675e+04
4.71028 3.068115094478330866e+04
4.71256 3.068778124664754796e+04
4.71542 3.069599949851723431e+04
4.71771 3.070250880905058875e+04
4.72056 3.071058371985820122e+04
4.72284 3.071704734580044169e+04
4.72512 3.072357983576072002e+04
4.72797 3.073185995910993734e+04
4.73025 3.073857618468688088e+04
4.73253 3.074537540731013723e+04
4.73539 3.075396270854772956e+04
4.73767 3.076086187016515032e+04
4.74051 3.076953672531308621e+04
4.74279 3.077652938508848092e+04
4.74508 3.078354841321968343e+04
4.74794 3.079233871660492878e+04
4.75022 3.079937921359757456e+04
4.7525 3.080642658676784049e+04
4.75535 3.081521739767443796e+04
4.75763 3.082225055865636386e+04
4.76049 3.083107219448406249e+04
4.76278 3.083812835660012934e+04
4.76506 3.084516085253056735e+04
4.76791 3.085394792228674487e+04
4.77019 3.086094087475756896e+04
4.77304 3.086957022210642026e+04
4.77532 3.087632738504540976e+04
4.77761 3.088293444226145948e+04
4.78046 3.089095699811501254e+04
4.78274 3.089716776839628437e+04
4.78502 3.090320824097025616e+04
4.78787 3.091055392641448634e+04
4.79016 3.091628914291553519e+04
4.79302 3.092331668075133348e+04
4.7953 3.092886628380518960e+04
4.79758 3.093436340935853514e+04
4.80043 3.094116905727438643e+04
4.80272 3.094656874154324032e+04
4.80557 3.095327728295736961e+04
4.80786 3.095861114793288652e+04
4.81014 3.096390761559325983e+04
4.81299 3.097046528918304102e+04
4.81527 3.097567825800057835e+04
4.81755 3.098087278363338919e+04
4.8204 3.098732913269509663e+04
4.82269 3.099247907955772462e+04
4.82555 3.099888886491367157e+04
4.82784 3.100398149020851997e+04
4.83012 3.100904078043427580e+04
4.83297 3.101532801073106384e+04
4.83526 3.102032564002068466e+04
4.83754 3.102528417541651288e+04
4.84039 3.103141056066836245e+04
4.84267 3.103624442305869161e+04
4.84552 3.104218185911277760e+04
4.8478 3.104683550118599305e+04
4.85008 3.105139776236907710e+04
4.85294 3.105696664258963210e+04
4.85523 3.106129574169001717e+04
4.85751 3.106550177411420009e+04
4.86037 3.107059486223888962e+04
4.86265 3.107453759558970341e+04
4.8655 3.107931309134669573e+04
4.86778 3.108303192563630000e+04
4.87008 3.108667174439275550e+04
4.87294 3.109110925852828950e+04
4.87522 3.109457370706465736e+04
4.8775 3.109798415952170762e+04
4.88036 3.110218702055419999e+04
4.88264 3.110550829903355771e+04
4.8855 3.110962161993502741e+04
4.88779 3.111288584250372878e+04
4.89008 3.111612495482031591e+04
4.89292 3.112013464397062125e+04
4.8952 3.112332224805682563e+04
4.89806 3.112729584457335295e+04
4.90035 3.113045400971314302e+04
4.90264 3.113359482930312151e+04
4.9055 3.113748740466521485e+04
4.90779 3.114056164276308846e+04
4.91007 3.114359121729422623e+04
4.91293 3.114730651569548354e+04
4.91521 3.115020703508641236e+04
4.91807 3.115371415538536166e+04
4.92035 3.115640129462084951e+04
4.92263 3.115896922057345728e+04
4.92549 3.116198980941519403e+04
4.92777 3.116424359382656621e+04
4.93005 3.116635095390050992e+04
4.93291 3.116878649129884070e+04
4.93521 3.117057833749324345e+04
4.93806 3.117263837508923461e+04
4.94035 3.117416913487959755e+04
4.94263 3.117561532522346170e+04
4.94548 3.117733549467559351e+04
4.94777 3.117866807290719953e+04
4.95006 3.117997983736840251e+04
4.95293 3.118160417724994477e+04
4.95521 3.118290024220639316e+04
4.95807 3.118453219291792630e+04
4.96036 3.118585311884883413e+04
4.96264 3.118718900402148574e+04
4.9655 3.118888177154308869e+04
4.96779 3.119025450313028705e+04
4.97008 3.119164224989457944e+04
4.97293 3.119339416818358950e+04
4.97521 3.119480927400871224e+04
4.97806 3.119659009304916981e+04
4.98035 3.119801259368839237e+04
4.98265 3.119942719407866753e+04
4.98552 3.120115431122115479e+04
4.98781 3.120247419307268137e+04
4.9901 3.120371662547623055e+04
4.99295 3.120513354865669316e+04
4.99524 3.120613280814202881e+04
4.99752 3.120699301374666175e+04
5.00038 3.120785334284240525e+04
5.00267 3.120835858785867822e+04
5.00553 3.120875892095631207e+04
5.00781 3.120890297210931749e+04
5.01009 3.120890399974119282e+04
5.01295 3.120872934523028380e+04
5.01524 3.120847341260242320e+04
5.01753 3.120813707922026879e+04
5.0204 3.120763719402423885e+04
5.02269 3.120719956976484173e+04
5.02554 3.120663387349954064e+04
5.02783 3.120618407039800150e+04
5.03011 3.120575010769664368e+04
5.03297 3.120524515754254753e+04
5.03527 3.120488077177881132e+04
5.03756 3.120456017891426745e+04
5.04042 3.120423104129957937e+04
5.0427 3.120403011925416286e+04
5.04556 3.120386181003485763e+04
5.04785 3.120379458623873870e+04
5.05014 3.120378455630240205e+04
5.05301 3.120384155054542498e+04
5.0553 3.120392828630616714e+04
5.05758 3.120403324881148001e+04
5.06043 3.120415858842886519e+04
5.06272 3.120422509280383383e+04
5.06501 3.120423356462297670e+04
5.06787 3.120412312999925780e+04
5.07017 3.120390825498351842e+04
5.07304 3.120344978518018252e+04
5.07533 3.120291674985610371e+04
5.07761 3.120222712351409064e+04
5.08047 3.120114470160393103e+04
5.08276 3.120011132638919298e+04
5.08505 3.119894204707897734e+04
5.08791 3.119731615021902689e+04
5.0902 3.119591188331740341e+04
5.09306 3.119406735895212842e+04
5.09534 3.119254290794841290e+04
5.09763 3.119099392829872886e+04
5.10049 3.118905718678830453e+04
5.10278 3.118752480726029171e+04
5.10508 3.118602682603138601e+04
5.10795 3.118422947098246732e+04
5.11023 3.118286878654455722e+04
5.11252 3.118158681852184236e+04
5.11538 3.118011218056665166e+04
5.11766 3.117904718329699972e+04
5.12053 3.117786780527905648e+04
5.12283 3.117705383194290698e+04
5.12512 3.117635625069232992e+04
5.12798 3.117563692174355674e+04
5.13027 3.117516707562249576e+04
5.13255 3.117477149916953204e+04
5.13542 3.117434591760969124e+04
5.13771 3.117402612329458134e+04
5.14001 3.117369301560933673e+04
5.14287 3.117321192337101820e+04
5.14516 3.117273959189213565e+04
5.14802 3.117199770875004833e+04
5.1503 3.117125933816696488e+04
5.15259 3.117037836045872609e+04
5.15546 3.116906353024220516e+04
5.15776 3.116784932220571864e+04
5.16005 3.116650517241638954e+04
5.16291 3.116466578680185557e+04
5.1652 3.116309235417750460e+04
5.16806 3.116103381060906031e+04
5.17035 3.115933706440541937e+04
5.17264 3.115761634909138593e+04
5.1755 3.115546452887191481e+04
5.17779 3.115376462843680929e+04
5.18008 3.115210160642209667e+04
5.18294 3.115010181038264636e+04
5.18522 3.114858376627623511e+04
5.18751 3.114715327132101083e+04
5.19038 3.114550921498918615e+04
5.19267 3.114433062718024667e+04
5.19554 3.114305020916435024e+04
5.19783 3.114219256116172983e+04
5.20012 3.114148415704129729e+04
5.20298 3.114076312680431874e+04
5.20526 3.114032854126743769e+04
5.20755 3.114002525944347508e+04
5.21041 3.113982163645515902e+04
5.21271 3.113978200277737051e+04
5.215 3.113983015985348902e+04
5.21787 3.113997524634424917e+04
5.22016 3.114012586705157810e+04
5.22302 3.114031156840623953e+04
5.22531 3.114042519433144480e+04
5.2276 3.114048127687210217e+04
5.23048 3.114041717161077395e+04
5.23279 3.114020599286177458e+04
5.23508 3.113985322635327611e+04
5.23795 3.113922545777632331e+04
5.24024 3.113859301174766006e+04
5.24252 3.113786477269055467e+04
5.24539 3.113684975393351851e+04
5.24768 3.113597881903591770e+04
5.25055 3.113485040261570612e+04
5.25284 3.113393804663142146e+04
5.25513 3.113303583393982990e+04
5.25799 3.113192720915592872e+04
5.26028 3.113102831350962151e+04
5.26257 3.113014405749526850e+04
5.26544 3.112910686941094900e+04
5.26773 3.112837066155753200e+04
5.27003 3.112775005951646017e+04
5.27289 3.112717965713772719e+04
5.27518 3.112691761027575558e+04
5.27804 3.112686220141184094e+04
5.28033 3.112705183933477383e+04
5.28262 3.112745708713322165e+04
5.28549 3.112826786628543778e+04
5.28778 3.112915280176539818e+04
5.29008 3.113023164496302707e+04
5.29294 3.113181463885392441e+04
5.29523 3.113324131562149341e+04
5.29752 3.113477974202233599e+04
5.30038 3.113680857303112498e+04
5.30268 3.113847463367251476e+04
5.30554 3.114055613298876415e+04
5.30784 3.114218307878334963e+04
5.31013 3.114374851395849691e+04
5.313 3.114558769533053419e+04
5.31529 3.114694624833850685e+04
5.31758 3.114819833636561452e+04
5.32044 3.114961118612112841e+04
5.32274 3.115062019292366313e+04
5.32504 3.115152716327207963e+04
5.32793 3.115253281045434778e+04
5.33024 3.115324517308730719e+04
5.33254 3.115389071542159218e+04
5.33542 3.115463727195923639e+04
5.33771 3.115521184606333554e+04
5.34 3.115579457321250811e+04
5.34287 3.115657659170529587e+04
5.34516 3.115727961360674453e+04
5.34803 3.115830254789032551e+04
5.35032 3.115927112230091370e+04
5.35261 3.116040173474023322e+04
5.35548 3.116207664844019746e+04
5.35776 3.116365144609491836e+04
5.36006 3.116545528069099601e+04
5.36293 3.116804820241588459e+04
5.36523 3.117039840144010304e+04
5.36754 3.117299969770756798e+04
5.37043 3.117657301800791538e+04
5.37272 3.117964520810949762e+04
5.37502 3.118289618600583344e+04
5.37788 3.118715642876311176e+04
5.38017 3.119067977695423542e+04
5.38303 3.119517647895930349e+04
5.38533 3.119880447834649385e+04
5.38763 3.120241612786638507e+04
5.39049 3.120685507046675411e+04
5.39278 3.121033209450872891e+04
5.39507 3.121372801579057341e+04
5.39794 3.121783821710045595e+04
5.40023 3.122101212619416037e+04
5.40254 3.122407507384033670e+04
5.40541 3.122772965328742066e+04
5.40772 3.123051418463152368e+04
5.41002 3.123318073512884803e+04
5.41289 3.123635383676368656e+04
5.41518 3.123878984778164158e+04
5.41804 3.124173961960463930e+04
5.42033 3.124405242268829170e+04
5.42263 3.124635464332422998e+04
5.4255 3.124926522205269066e+04
5.42779 3.125165110536380234e+04
5.43011 3.125413853883786214e+04
5.433 3.125741372227464672e+04
5.43531 3.126019689037882199e+04
5.43762 3.126315520395934800e+04
5.4405 3.126713312557302925e+04
5.44281 3.127056023912602905e+04
5.44511 3.127422191029740497e+04
5.44798 3.127912047088470354e+04
5.45028 3.128331054875794507e+04
5.45257 3.128773377898049876e+04
5.45544 3.129357029707807669e+04
5.45773 3.129845698911207000e+04
5.46003 3.130350549331364891e+04
5.46289 3.130999686351372293e+04
5.46519 3.131529448789299931e+04
5.46806 3.132197794263512696e+04
5.47037 3.132735672146358047e+04
5.47267 3.133272994857716549e+04
5.47555 3.133943000643258347e+04
5.47786 3.134470915235358552e+04
5.48017 3.134986437231659511e+04
5.48304 3.135608725090678490e+04
5.48534 3.136088480245370738e+04
5.48764 3.136550303102118050e+04
5.49051 3.137105992492619771e+04
5.4928 3.137535509449171877e+04
5.4951 3.137951489447989297e+04
5.49796 3.138453300815092371e+04
5.50026 3.138841870584682692e+04
5.50255 3.139221328270740560e+04
5.50542 3.139686789793396383e+04
5.50771 3.140054773886389376e+04
5.51002 3.140423158433301796e+04
5.5129 3.140887501226837412e+04
5.51521 3.141266401756137566e+04
5.51753 3.141655426859725776e+04
5.52042 3.142158474277810456e+04
5.52272 3.142576001379774243e+04
5.52503 3.143011516905598546e+04
5.5279 3.143582961083209739e+04
5.53019 3.144064658181322739e+04
5.53306 3.144699788545849515e+04
5.53535 3.145234997147206013e+04
5.53765 3.145794550473714480e+04
5.54053 3.146527858426850071e+04
5.54283 3.147138611332485743e+04
5.54513 3.147769542669598013e+04
5.54801 3.148579834390978431e+04
5.55033 3.149242878109902813e+04
5.55264 3.149914113030821682e+04
5.55554 3.150761030637408476e+04
5.55786 3.151445044495441471e+04
5.56018 3.152127900091510674e+04
5.56307 3.152969773641465144e+04
5.56538 3.153630913756897644e+04
5.56769 3.154276161661466904e+04
5.57057 3.155059953457336087e+04
5.57287 3.155667401598416473e+04
5.57517 3.156256811961174026e+04
5.57804 3.156970584221453464e+04
5.58034 3.157525227132189320e+04
5.58263 3.158064824457175200e+04
5.58551 3.158719997915814020e+04
5.58782 3.159228997631817037e+04
5.59012 3.159727190672369034e+04
5.59302 3.160337341382012528e+04
5.59534 3.160817084051858546e+04
5.59766 3.161292651680952258e+04
5.60056 3.161884716452050998e+04
5.60287 3.162358572063507745e+04
5.60518 3.162837436703266576e+04
5.60807 3.163446996690769083e+04
5.61037 3.163947412837795491e+04
5.61268 3.164462437526202120e+04
5.61555 3.165129937295857599e+04
5.61785 3.165686815126138026e+04
5.62015 3.166265807125449646e+04
5.62302 3.167023012414349432e+04
5.62532 3.167655869058896133e+04
5.62762 3.168313033414065285e+04
5.63049 3.169167939898925033e+04
5.63279 3.169876823989495824e+04
5.63509 3.170605043819480852e+04
5.63797 3.171540601345900359e+04
5.64027 3.172302328385181681e+04
5.64258 3.173072100609286645e+04
5.64546 3.174041865364215118e+04
5.64777 3.174823616801737808e+04
5.65008 3.175604984974777472e+04
5.65296 3.176573472523111195e+04
5.65527 3.177337882273436480e+04
5.65759 3.178089394007735245e+04
5.66047 3.179005148502560041e+04
5.66277 3.179718818330220165e+04
5.66507 3.180414974122494459e+04
5.66794 3.181262883148407127e+04
5.67024 3.181922850003459826e+04
5.67254 3.182566031859998111e+04
5.67542 3.183346358729078929e+04
5.67773 3.183954399987301076e+04
5.68004 3.184547567156589503e+04
5.68292 3.185270172029117384e+04
5.68522 3.185835748704277648e+04
5.68753 3.186393053550674449e+04
5.69041 3.187082356362609426e+04
5.69272 3.187631259073605543e+04
5.69503 3.188182525846885255e+04
5.69792 3.188878291543536398e+04
5.70024 3.189445932471006381e+04
5.70256 3.190026167150358378e+04
5.70546 3.190773279316604385e+04
5.70778 3.191391950040923257e+04
5.7101 3.192031931780535160e+04
5.713 3.192862508795871690e+04
5.71531 3.193554594326318693e+04
5.71762 3.194269996010118484e+04
5.7205 3.195198064474868806e+04
5.72281 3.195966087282845183e+04
5.72511 3.196754730703734094e+04
5.72799 3.197766653076664079e+04
5.73029 3.198593217522937994e+04
5.73259 3.199431085758079644e+04
5.73547 3.200489149514233213e+04
5.73778 3.201338560660527583e+04
5.74009 3.202188042431810391e+04
5.74298 3.203247283463131680e+04
5.74529 3.204090345314444494e+04
5.7476 3.204926306487343027e+04
5.7505 3.205953727568641261e+04
5.75282 3.206759968252176623e+04
5.75514 3.207550882310041561e+04
5.75804 3.208517157713760753e+04
5.76037 3.209270097137863195e+04
5.7627 3.210003549476724584e+04
5.76502 3.210717182095805401e+04
5.76793 3.211581291125161806e+04
5.77025 3.212248425523655897e+04
5.77256 3.212897405659361175e+04
5.77546 3.213683899072945133e+04
5.77777 3.214296027408274313e+04
5.78008 3.214895860461081975e+04
5.78296 3.215631878022328965e+04
5.78527 3.216214240448060809e+04
5.78757 3.216794060829454611e+04
5.79045 3.217521338541485238e+04
5.79276 3.218109480807297223e+04
5.79506 3.218707294771987290e+04
5.79794 3.219473356259781212e+04
5.80024 3.220105025543765805e+04
5.80255 3.220756613244734763e+04
5.80543 3.221602776761548739e+04
5.80773 3.222306599960564927e+04
5.81004 3.223036053038428872e+04
5.81292 3.223983307465492544e+04
5.81523 3.224769433912717068e+04
5.81754 3.225579583450748760e+04
5.82043 3.226621932263308918e+04
5.82275 3.227476763186399694e+04
5.82506 3.228347073088844627e+04
5.82795 3.229451579904485698e+04
5.83026 3.230344559026098068e+04
5.83257 3.231242339275177437e+04
5.83547 3.232365613749097611e+04
5.83778 3.233260565696443518e+04
5.8401 3.234149159635476099e+04
5.84299 3.235244950208617593e+04
5.84531 3.236107056705985815e+04
5.84763 3.236953569852670626e+04
5.85052 3.237985270359546121e+04
5.85284 3.238787864045240349e+04
5.85515 3.239569059962240135e+04
5.85803 3.240513086019305774e+04
5.86034 3.241242576896633909e+04
5.86265 3.241948367722662806e+04
5.86553 3.242798828421777580e+04
5.86784 3.243454924046151791e+04
5.87014 3.244091053403798287e+04
5.87303 3.244861826251418461e+04
5.87534 3.245462247705835762e+04
5.87765 3.246050947143367011e+04
5.88054 3.246776191912420472e+04
5.88285 3.247351831706306984e+04
5.88516 3.247927373601894215e+04
5.88805 3.248652797575379009e+04
5.89036 3.249242708722448151e+04
5.89268 3.249845040628102652e+04
5.89557 3.250620472779154079e+04
5.89788 3.251262748333419950e+04
5.9002 3.251926706391238986e+04
5.90251 3.252615133564135613e+04
5.90541 3.253511296776718518e+04
5.90773 3.254258218282709277e+04
5.91005 3.255032085711767286e+04
5.91296 3.256035235136013580e+04
5.91528 3.256865062889954788e+04
5.91761 3.257717112359434032e+04
5.92052 3.258810602739416572e+04
5.92284 3.259704206333918410e+04
5.92517 3.260611617377858784e+04
5.9275 3.261529209506619009e+04
5.93041 3.262684062786916911e+04
5.93275 3.263610769088449888e+04
5.93509 3.264534033721448941e+04
5.938 3.265675065466649176e+04
5.94033 3.266574609951473030e+04
5.94266 3.267457917796790571e+04
5.94556 3.268534553846534982e+04
5.94789 3.269371118491541347e+04
5.95021 3.270182331298379722e+04
5.95252 3.270967733106015294e+04
5.95542 3.271910150887236887e+04
5.95774 3.272632586498651654e+04
5.96005 3.273326741471241985e+04
5.96294 3.274155534775966953e+04
5.96525 3.274789025677709287e+04
5.96756 3.275397797565819565e+04
5.97045 3.276127691421736745e+04
5.97277 3.276689863879165569e+04
5.97508 3.277236080459177902e+04
5.97796 3.277901478096422215e+04
5.98027 3.278424475864944543e+04
5.98258 3.278943467513839278e+04
5.98547 3.279592634935455862e+04
5.98778 3.280117372283475561e+04
5.99009 3.280651276447264536e+04
5.99298 3.281337341646962159e+04
5.99529 3.281905634157263557e+04
5.9976 3.282494620229370776e+04
6.00049 3.283264294113993674e+04
6.0028 3.283909660156223981e+04
6.00511 3.284583040482387150e+04
6.008 3.285466599967698858e+04
6.01032 3.286206943575829064e+04
6.01263 3.286977498358506273e+04
6.01553 3.287981349036488245e+04
6.01785 3.288815449073694617e+04
6.02017 3.289676737674765172e+04
6.02306 3.290790487531293184e+04
6.02538 3.291704652594716026e+04
6.0277 3.292633620801287907e+04
6.03002 3.293572393612983433e+04
6.03292 3.294752255784731824e+04
6.03524 3.295695566102397424e+04
6.03756 3.296633200344166835e+04
6.04046 3.297790135174516763e+04
6.04279 3.298698726065312076e+04
6.04511 3.299587282546174538e+04
6.04802 3.300667102204544790e+04
6.05034 3.301509026244879351e+04
6.05267 3.302329748960246070e+04
6.055 3.303125888899900019e+04
6.05791 3.304081585684872698e+04
6.06025 3.304812960399857548e+04
6.06258 3.305512212499290035e+04
6.0655 3.306339644252354628e+04
6.06783 3.306965360041821259e+04
6.07016 3.307559702352575550e+04
6.07307 3.308261407995863556e+04
6.0754 3.308792990247035050e+04
6.07772 3.309300798243477038e+04
6.08005 3.309788744525465154e+04
6.08295 3.310375672034524905e+04
6.08527 3.310831987055419449e+04
6.08759 3.311280868769514927e+04
6.09049 3.311838019620090199e+04
6.09281 3.312285926226147421e+04
6.09512 3.312740129511359555e+04
6.09802 3.313323372328968253e+04
6.10034 3.313806748284811329e+04
6.10265 3.314309203616971354e+04
6.10554 3.314968849474777380e+04
6.10786 3.315525349243638630e+04
6.11017 3.316110111053868604e+04
6.11306 3.316883593486525933e+04
6.11538 3.317538204040624260e+04
6.11769 3.318225451153599715e+04
6.12 3.318945648717490258e+04
6.12289 3.319891781473738956e+04
6.12521 3.320688982831295289e+04
6.12752 3.321522043129993835e+04
6.13041 3.322606736411391466e+04
6.13272 3.323503993614876526e+04
6.13504 3.324423393735243008e+04
6.13793 3.325597090563022357e+04
6.14025 3.326550677090421232e+04
6.14256 3.327512257312118891e+04
6.14546 3.328718589866242110e+04
6.14777 3.329681601087033778e+04
6.15009 3.330637550913908490e+04
6.15299 3.331816649988075369e+04
6.1553 3.332741642236305051e+04
6.15762 3.333646887120217434e+04
6.16052 3.334745317797183088e+04
6.16284 3.335594578360488231e+04
6.16517 3.336415707585625933e+04
6.16807 3.337411026558991580e+04
6.17039 3.338183466655841767e+04
6.17271 3.338931582178162353e+04
6.17503 3.339652807356871926e+04
6.17793 3.340514924212018377e+04
6.18025 3.341172413738942851e+04
6.18257 3.341801589306494134e+04
6.18547 3.342549976149029681e+04
6.18778 3.343119965674327250e+04
6.1901 3.343666915698280354e+04
6.19299 3.344321745989747433e+04
6.19531 3.344826084222439385e+04
6.19763 3.345316264795537427e+04
6.20052 3.345913903729458980e+04
6.20283 3.346383927221020713e+04
6.20515 3.346850174182995397e+04
6.20804 3.347432672349568747e+04
6.21035 3.347902043629227410e+04
6.21267 3.348377703372445103e+04
6.21556 3.348985238869265595e+04
6.21787 3.349484764366927266e+04
6.22018 3.349998823618321330e+04
6.22308 3.350664931667181372e+04
6.22539 3.351218893314536399e+04
6.2277 3.351793201258696354e+04
6.23001 3.352389158112544101e+04
6.2329 3.353166038436721283e+04
6.23522 3.353813967037939437e+04
6.23753 3.354485885201701603e+04
6.24042 3.355359911076685239e+04
6.24273 3.356088421560589632e+04
6.24504 3.356846428317734535e+04
6.24793 3.357831296060656314e+04
6.25025 3.358646454034314957e+04
6.25256 3.359483867862270563e+04
6.25545 3.360559495789215725e+04
6.25776 3.361441167904526083e+04
6.26008 3.362339803108866909e+04
6.26297 3.363484537097348220e+04
6.26528 3.364415074181943783e+04
6.2676 3.365356788522388524e+04
6.27049 3.366546412252951995e+04
6.27281 3.367505644817058055e+04
6.27512 3.368469305695446383e+04
6.27801 3.369676739476066723e+04
6.28033 3.370642508493419155e+04
6.28264 3.371605563563993928e+04
6.28554 3.372802604000655992e+04
6.28786 3.373752045261888270e+04
6.29017 3.374692108082376217e+04
6.29307 3.375851016167200578e+04
6.29539 3.376762931414525519e+04
6.29771 3.377659743695297220e+04
6.30002 3.378539747831084969e+04
6.30292 3.379614401898175129e+04
6.30524 3.380453706118946138e+04
6.30756 3.381280059297289699e+04
6.31045 3.382292599686313042e+04
6.31277 3.383083969247902860e+04
6.31509 3.383857288545170013e+04
6.31799 3.384797565191350441e+04
6.3203 3.385528427122769790e+04
6.32262 3.386240568582843116e+04
6.32552 3.387105470407159737e+04
6.32784 3.387778412694705912e+04
6.33016 3.388435957857030735e+04
6.33305 3.389238797503342357e+04
6.33537 3.389867988332133973e+04
6.33769 3.390487941213446175e+04
6.34001 3.391100650160081568e+04
6.34291 3.391859935840940307e+04
6.34523 3.392464824622826563e+04
6.34755 3.393069927882978664e+04
6.35045 3.393830211144304485e+04
6.35277 3.394444031240604818e+04
6.35509 3.395065422463247523e+04
6.35799 3.395855333088630869e+04
6.36032 3.396500280434463639e+04
6.36264 3.397158358945354121e+04
6.36555 3.398001554584594851e+04
6.36787 3.398694048800937890e+04
6.3702 3.399404025813272892e+04
6.37252 3.400136855174922675e+04
6.37543 3.401083417828533129e+04
6.37775 3.401862599209732434e+04
6.38007 3.402660057309614785e+04
6.38298 3.403680511747831770e+04
6.3853 3.404513944732038362e+04
6.38762 3.405361235498377937e+04
6.39052 3.406436913710104272e+04
6.39284 3.407309393241790531e+04
6.39516 3.408190244488279859e+04
6.39806 3.409300742985184479e+04
6.40038 3.410194192356386338e+04
6.4027 3.411089718783816352e+04
6.40501 3.411985639543155412e+04
6.40791 3.413103269404044113e+04
6.41023 3.413994607185121276e+04
6.41254 3.414882517846721021e+04
6.41544 3.415987570331100869e+04
6.41775 3.416867941416329268e+04
6.42007 3.417745692788907763e+04
6.42296 3.418840996634163457e+04
6.42528 3.419717397191304190e+04
6.42759 3.420596016403568501e+04
6.43048 3.421700248251509765e+04
6.4328 3.422590991333013517e+04
6.43511 3.423490435004540632e+04
6.438 3.424629844090574625e+04
6.44032 3.425555521193509048e+04
6.44263 3.426495238283028448e+04
6.44552 3.427691196927268174e+04
6.44784 3.428665748463223281e+04
6.45015 3.429656267171514628e+04
6.45304 3.430916454062229604e+04
6.45536 3.431941294833419670e+04
6.45767 3.432979682392305403e+04
6.46056 3.434294316675519076e+04
6.46288 3.435356760803420912e+04
6.46519 3.436426443559538893e+04
6.46751 3.437500485165427381e+04
6.4704 3.438845045704646327e+04
6.47272 3.439918590914657398e+04
6.47503 3.440986944679490261e+04
6.47793 3.442310688599758578e+04
6.48024 3.443356450134093029e+04
6.48256 3.444387898691960436e+04
6.48546 3.445653221150409809e+04
6.48777 3.446644559489574749e+04
6.49009 3.447615567834210378e+04
6.49299 3.448799524800299696e+04
6.49531 3.449722554670745012e+04
6.49763 3.450624074467496393e+04
6.50053 3.451722749562407989e+04
6.50285 3.452580169581074733e+04
6.50518 3.453421043249154172e+04
6.5075 3.454247336776139855e+04
6.51041 3.455263818827820069e+04
6.51273 3.456067511412847671e+04
6.51506 3.456865650871690741e+04
6.51796 3.457859929480937717e+04
6.52029 3.458656598645985650e+04
6.52261 3.459457387996744365e+04
6.52552 3.460468502004125912e+04
6.52784 3.461288448126929143e+04
6.53016 3.462120444537663570e+04
6.53307 3.463179909855151345e+04
6.53539 3.464044374669218087e+04
6.53772 3.464924522801591229e+04
6.54004 3.465820443731351406e+04
6.54294 3.466961736893645138e+04
6.54527 3.467890711654723418e+04
6.54759 3.468832222416145669e+04
6.5505 3.470023664855175593e+04
6.55282 3.470985764651261707e+04
6.55515 3.471952774274178955e+04
6.55805 3.473164070468011050e+04
6.56038 3.474131913851440913e+04
6.5627 3.475095401327994477e+04
6.56502 3.476052218473707035e+04
6.56792 3.477236528297306359e+04
6.57024 3.478171968145176652e+04
6.57256 3.479094943074972252e+04
6.57546 3.480227788185668760e+04
6.57778 3.481116285068447905e+04
6.5801 3.481988189282435633e+04
6.583 3.483054824803793599e+04
6.58531 3.483890638298587874e+04
6.58763 3.484712739363324363e+04
6.59053 3.485724218652256968e+04
6.59284 3.486522420889734349e+04
6.59516 3.487313363006572763e+04
6.59805 3.488295389013551903e+04
6.60037 3.489078993845268997e+04
6.60268 3.489863963148629409e+04
6.60558 3.490851607425890688e+04
6.60789 3.491650601197210199e+04
6.61021 3.492460703477062634e+04
6.61252 3.493284686254038388e+04
6.61541 3.494338137454214302e+04
6.61773 3.495202330896435888e+04
6.62005 3.496087534389209759e+04
6.62294 3.497225787389215839e+04
6.62526 3.498162751679674693e+04
6.62757 3.499124076034971222e+04
6.63047 3.500361032179557515e+04
6.63279 3.501380369484844414e+04
6.63511 3.502424889302001975e+04
6.638 3.503762983340631035e+04
6.64032 3.504856592076253582e+04
6.64264 3.505967637696422753e+04
6.64554 3.507378246670227236e+04
6.64787 3.508520418296547723e+04
6.65019 3.509673108508706355e+04
6.65251 3.510833743799782678e+04
6.65542 3.512293019492882013e+04
6.65774 3.513465302473457996e+04
6.66007 3.514639499487092689e+04
6.66298 3.516109315537416114e+04
6.66531 3.517283823617919552e+04
6.66763 3.518454721930990490e+04
6.67054 3.519912778817921208e+04
6.67287 3.521073767844974645e+04
6.67519 3.522229389180243015e+04
6.67751 3.523379974877562199e+04
6.68041 3.524808971938008472e+04
6.68273 3.525946107378035958e+04
6.68505 3.527077479185330594e+04
6.68795 3.528485507849299756e+04
6.69027 3.529607929238051292e+04
6.69258 3.530727796865003620e+04
6.69548 3.532125961767978879e+04
6.69779 3.533243808934227127e+04
6.70011 3.534362446529756562e+04
6.703 3.535762163363702712e+04
6.70531 3.536883908270636311e+04
6.70762 3.538007502851530444e+04
6.71051 3.539414656170520902e+04
6.71283 3.540542522498530889e+04
6.71514 3.541671940002979682e+04
6.71803 3.543085825931025465e+04
6.72034 3.544218221652496868e+04
6.72265 3.545351600209164462e+04
6.72554 3.546769411280845088e+04
6.72785 3.547904257714578125e+04
6.73016 3.549039427799565601e+04
6.73305 3.550458574032411707e+04
6.73537 3.551593462938674202e+04
6.73768 3.552727906484141567e+04
6.74057 3.554143970667658868e+04
6.74288 3.555274845510757586e+04
6.7452 3.556402893790158851e+04
6.74751 3.557527260401976673e+04
6.75041 3.558926409960728779e+04
6.75272 3.560038799039543665e+04
6.75504 3.561144591722175392e+04
6.75794 3.562514500843814312e+04
6.76025 3.563599861298924952e+04
6.76257 3.564674332583808427e+04
6.76547 3.566000826500194671e+04
6.76779 3.567048407540351036e+04
6.77011 3.568083642852004414e+04
6.77301 3.569359538911315030e+04
6.77533 3.570365257774680504e+04
6.77765 3.571357059385930188e+04
6.78055 3.572575568504779949e+04
6.78287 3.573532347210370062e+04
6.78519 3.574472366503813100e+04
6.78751 3.575395109336401219e+04
6.79042 3.576524710763712210e+04
6.79274 3.577409287228779431e+04
6.79506 3.578277970567767625e+04
6.79797 3.579342443994323548e+04
6.80029 3.580177753893375484e+04
6.80261 3.580999909620518883e+04
6.80551 3.582011431810018257e+04
6.80783 3.582808946074629785e+04
6.81015 3.583598283561871358e+04
6.81305 3.584575111549552821e+04
6.81536 3.585351059764676029e+04
6.81768 3.586123719609156979e+04
6.82057 3.587087483881251683e+04
6.82289 3.587859044158372853e+04
6.8252 3.588632671533720713e+04
6.82752 3.589410313297432731e+04
6.83041 3.590390190053788683e+04
6.83272 3.591182425439063809e+04
6.83503 3.591983684191673819e+04
6.83792 3.593000170535451616e+04
6.84024 3.593826993308064266e+04
6.84255 3.594667354371798137e+04
6.84544 3.595740160082006332e+04
6.84775 3.596617698910595936e+04
6.85007 3.597512097122212435e+04
6.85296 3.598653214098494209e+04
6.85527 3.599583861778149731e+04
6.85759 3.600529809890459728e+04
6.86048 3.601733592936713831e+04
6.8628 3.602713096075240173e+04
6.86511 3.603707801287151233e+04
6.86801 3.604971475326899235e+04
6.87033 3.605999132117015688e+04
6.87265 3.607041113068650884e+04
6.87554 3.608363644665007450e+04
6.87787 3.609437635329756449e+04
6.88019 3.610524923574209970e+04
6.88251 3.611626459887778037e+04
6.88542 3.613021069926935161e+04
6.88774 3.614149631186000624e+04
6.89006 3.615289593318633706e+04
6.89296 3.616729541764812893e+04
6.89528 3.617892589673962357e+04
6.8976 3.619065654095719947e+04
6.90049 3.620543633179666358e+04
6.90281 3.621735903790520388e+04
6.90512 3.622935614343576890e+04
6.90802 3.624445741651453136e+04
6.91033 3.625661586669526878e+04
6.91264 3.626883620842689561e+04
6.91553 3.628419165833770967e+04
6.91784 3.629652650340093533e+04
6.92016 3.630890270339330891e+04
6.92304 3.632441602168587997e+04
6.92535 3.633685381578270608e+04
6.92767 3.634930574628520117e+04
6.93055 3.636487582868123718e+04
6.93286 3.637732452920632932e+04
6.93517 3.638975526656678994e+04
6.93806 3.640525188549431186e+04
6.94037 3.641760527344878938e+04
6.94268 3.642990698045377212e+04
6.94557 3.644520141037792928e+04
6.94788 3.645736096506914328e+04
6.9502 3.646944647475403326e+04
6.95251 3.648145611823365471e+04
6.9554 3.649634934132267517e+04
6.95771 3.650817261059327575e+04
6.96003 3.651990499016388640e+04
6.96292 3.653444557643491135e+04
6.96524 3.654597318327581161e+04
6.96755 3.655740361522719468e+04
6.97045 3.657155265665520710e+04
6.97277 3.658275394455877540e+04
6.97508 3.659384622747913818e+04
6.97798 3.660755446665015916e+04
6.9803 3.661839341162793426e+04
6.98261 3.662911625656460819e+04
6.98551 3.664235676930411864e+04
6.98783 3.665282061206988146e+04
6.99014 3.666317054765568173e+04
6.99304 3.667595992166972428e+04
6.99536 3.668607334501824516e+04
6.99768 3.669609129897210369e+04
7 3.670601292315768660e+04
7.0029 3.671828526184547081e+04
7.00523 3.672800267505583179e+04
7.00755 3.673763222291627608e+04
7.01046 3.674956292192190449e+04
7.01278 3.675902056665973942e+04
7.0151 3.676839531775023352e+04
7.018 3.678001529625533294e+04
7.02032 3.678923798848614388e+04
7.02264 3.679840314824367670e+04
7.02554 3.680979750043279637e+04
7.02785 3.681886920448228921e+04
7.03017 3.682791782158148999e+04
7.03306 3.683920090842420905e+04
7.03538 3.684821635620491725e+04
7.03769 3.685722457581035269e+04
7.04 3.686622653028356581e+04
7.04289 3.687747109900567011e+04
7.04521 3.688645573320428957e+04
7.04752 3.689542937872073526e+04
7.05041 3.690662481037505495e+04
7.05272 3.691556097357017279e+04
7.05503 3.692447695499111433e+04
7.05792 3.693559084602361690e+04
7.06023 3.694445614299879526e+04
7.06255 3.695329919702655025e+04
7.06544 3.696431989020472975e+04
7.06775 3.697311430757108610e+04
7.07006 3.698188708016979217e+04
7.07296 3.699282833039772959e+04
7.07527 3.700156246055270458e+04
7.07759 3.701028157068431028e+04
7.08048 3.702116605006405734e+04
7.0828 3.702985991518770606e+04
7.08512 3.703855233330908231e+04
7.08801 3.704940884395314788e+04
7.09034 3.705809803724198719e+04
7.09266 3.706679081212670280e+04
7.09556 3.707767030893259653e+04
7.09788 3.708639505392375577e+04
7.10021 3.709513958246631955e+04
7.10253 3.710391941591881186e+04
7.10544 3.711492915091924806e+04
7.10777 3.712376318163143878e+04
7.1101 3.713262595459321892e+04
7.113 3.714374953613113030e+04
7.11533 3.715268818735360401e+04
7.11765 3.716166943369423097e+04
7.12056 3.717295757450525707e+04
7.12288 3.718204521376312186e+04
7.1252 3.719118570279236155e+04
7.12753 3.720038220945109788e+04
7.13043 3.721195973713526473e+04
7.13275 3.722128837788524834e+04
7.13508 3.723067631034553051e+04
7.13798 3.724248493092552962e+04
7.1403 3.725199665593287500e+04
7.14262 3.726155693028448150e+04
7.14552 3.727357983676657750e+04
7.14784 3.728325199349434115e+04
7.15015 3.729296887649249402e+04
7.15305 3.730517793815520417e+04
7.15537 3.731498826970269874e+04
7.15768 3.732483758186287741e+04
7.16058 3.733719431724542665e+04
7.16289 3.734711283009218459e+04
7.16521 3.735705520583882026e+04
7.16752 3.736701595515297231e+04
7.17041 3.737948494673863024e+04
7.17273 3.738946669899927656e+04
7.17504 3.739944669644929672e+04
7.17793 3.741191014716450445e+04
7.18025 3.742186115087431244e+04
7.18256 3.743178788912013988e+04
7.18546 3.744415011371157016e+04
7.18778 3.745399312083446421e+04
7.19009 3.746378984347431833e+04
7.19299 3.747595440658809093e+04
7.19531 3.748562168590141664e+04
7.19763 3.749521946866328653e+04
7.20053 3.750711997364032140e+04
7.20285 3.751655732138082385e+04
7.20517 3.752591806252124661e+04
7.20808 3.753751616362838831e+04
7.2104 3.754670422179261368e+04
7.21273 3.755582534333620424e+04
7.21506 3.756486878194548626e+04
7.21796 3.757605857545639446e+04
7.22029 3.758492678797950794e+04
7.22261 3.759372659484948963e+04
7.22551 3.760462781964602618e+04
7.22783 3.761328265589335933e+04
7.23015 3.762187126316723152e+04
7.23305 3.763253274306079402e+04
7.23536 3.764099965210231312e+04
7.23768 3.764941796674267971e+04
7.24057 3.765987672144834505e+04
7.24289 3.766819474014107982e+04
7.2452 3.767647585144267214e+04
7.24751 3.768471788643683976e+04
7.2504 3.769497624635784450e+04
7.25272 3.770314799519407097e+04
7.25503 3.771129228518069431e+04
7.25792 3.772143716678016062e+04
7.26023 3.772952652394611505e+04
7.26254 3.773759505325414648e+04
7.26543 3.774765398027830815e+04
7.26774 3.775568196132204321e+04
7.27005 3.776369588617374393e+04
7.27294 3.777369511053238966e+04
7.27525 3.778168312184915703e+04
7.27757 3.778966298532889778e+04
7.28046 3.779962783266518818e+04
7.28277 3.780759616635939165e+04
7.28508 3.781555991914813058e+04
7.28798 3.782551612547266268e+04
7.29029 3.783348051228311670e+04
7.29261 3.784144803224271163e+04
7.29551 3.785141238291237823e+04
7.29782 3.785938698398751148e+04
7.30014 3.786736914147041534e+04
7.30304 3.787734914306327119e+04
7.30536 3.788533573298475676e+04
7.30768 3.789332484618732269e+04
7.31 3.790131698704613518e+04
7.3129 3.791131223080583732e+04
7.31522 3.791931347925100999e+04
7.31754 3.792732044606433919e+04
7.32044 3.793733553645874781e+04
7.32276 3.794535564001718740e+04
7.32509 3.795337850382847682e+04
7.32799 3.796341094686149154e+04
7.33031 3.797143694320713257e+04
7.33263 3.797945846375011752e+04
7.33554 3.798947371590704279e+04
7.33786 3.799747801091278961e+04
7.34017 3.800546317442978034e+04
7.34307 3.801542519179345982e+04
7.34539 3.802336941607920744e+04
7.34771 3.803128999388201919e+04
7.35002 3.803918350310048845e+04
7.35292 3.804900342006851861e+04
7.35523 3.805682160671723250e+04
7.35754 3.806459903605634463e+04
7.36044 3.807426487130203168e+04
7.36275 3.808194863976410852e+04
7.36506 3.808958830504479556e+04
7.36795 3.809907509022459271e+04
7.37027 3.810661386539186060e+04
7.37258 3.811410823815499316e+04
7.37547 3.812341593498302973e+04
7.37779 3.813081431874612463e+04
7.3801 3.813817341913552082e+04
7.38299 3.814731767721013603e+04
7.38531 3.815459266879019560e+04
7.38762 3.816183374151681346e+04
7.39051 3.817083867899907636e+04
7.39283 3.817801100797257823e+04
7.39515 3.818515412649972859e+04
7.39805 3.819405114518204937e+04
7.40036 3.820114140925782704e+04
7.40268 3.820821140578066115e+04
7.40501 3.821526216270185978e+04
7.40791 3.822404678951474489e+04
7.41023 3.823105745462761843e+04
7.41256 3.823804738760223700e+04
7.41546 3.824675279946652154e+04
7.41778 3.825369383094731893e+04
7.4201 3.826060999678564258e+04
7.423 3.826922072691309586e+04
7.42532 3.827608391828996537e+04
7.42764 3.828292032420007308e+04
7.43054 3.829143765354219795e+04
7.43285 3.829822155862616637e+04
7.43517 3.830498208545820671e+04
7.43806 3.831339392885078996e+04
7.44037 3.832009056528354995e+04
7.44268 3.832675544815158355e+04
7.44557 3.833503423599569942e+04
7.44788 3.834161413814960542e+04
7.45019 3.834815018345111457e+04
7.4525 3.835464295186994423e+04
7.45539 3.836269587232635240e+04
7.4577 3.836908835309951974e+04
7.46001 3.837543838800857338e+04
7.4629 3.838331976091962861e+04
7.46521 3.838958355113754806e+04
7.46752 3.839581561885705014e+04
7.47041 3.840356504382234561e+04
7.47272 3.840973814651330758e+04
7.47503 3.841589027919450018e+04
7.47792 3.842355517558418796e+04
7.48023 3.842966919796515140e+04
7.48255 3.843576663274759630e+04
7.48544 3.844337129969563830e+04
7.48775 3.844943736859906494e+04
7.49007 3.845549154104555055e+04
7.49297 3.846303832859168324e+04
7.49528 3.846905837793142564e+04
7.4976 3.847506279258024006e+04
7.5005 3.848254498762993171e+04
7.50281 3.848851285547185398e+04
7.50513 3.849446435136200307e+04
7.50803 3.850188404310206533e+04
7.51035 3.850780376223736675e+04
7.51267 3.851371191829967574e+04
7.51557 3.852108290789348393e+04
7.51789 3.852696993557500537e+04
7.52021 3.853285293426905264e+04
7.52253 3.853873050058175431e+04
7.52543 3.854607922000558756e+04
7.52776 3.855195887403524830e+04
7.53008 3.855784274666187412e+04
7.53299 3.856520672296374687e+04
7.53532 3.857110352315422642e+04
7.53764 3.857700276685650169e+04
7.54054 3.858439295188441611e+04
7.54286 3.859031239802607161e+04
7.54518 3.859624687075892871e+04
7.54808 3.860368320204543124e+04
7.55039 3.860964749161699729e+04
7.55271 3.861561610155939707e+04
7.55502 3.862159433062534663e+04
7.55792 3.862909498847547366e+04
7.56023 3.863511568088442436e+04
7.56254 3.864115610463870689e+04
7.56543 3.864872853533901798e+04
7.56775 3.865480041263915336e+04
7.57006 3.866088123348601221e+04
7.57295 3.866848810921372205e+04
7.57526 3.867457384796833503e+04
7.57757 3.868065496067725326e+04
7.58046 3.868824230562956654e+04
7.58278 3.869429567578281421e+04
7.58509 3.870032824534169777e+04
7.58798 3.870783256456918025e+04
7.59029 3.871380115278840822e+04
7.59261 3.871973215842904756e+04
7.5955 3.872709067422062799e+04
7.59781 3.873292458294394601e+04
7.60013 3.873871104881142674e+04
7.60303 3.874586897863910417e+04
7.60534 3.875153366800102958e+04
7.60766 3.875714147117560788e+04
7.61056 3.876406639486857603e+04
7.61289 3.876954109582082310e+04
7.61521 3.877495238486135349e+04
7.61753 3.878030581973897642e+04
7.62044 3.878691123701791366e+04
7.62276 3.879212603011914325e+04
7.62509 3.879728056579905387e+04
7.628 3.880364093715495255e+04
7.63032 3.880866449278844811e+04
7.63264 3.881363492411386687e+04
7.63555 3.881977682538551016e+04
7.63787 3.882463810686289798e+04
7.6402 3.882945706848715054e+04
7.64252 3.883423755106724275e+04
7.64543 3.884016537778303609e+04
7.64775 3.884487507744436880e+04
7.65008 3.884955995343103132e+04
7.65298 3.885538226442820451e+04
7.6553 3.886002224078960717e+04
7.65762 3.886464982161913213e+04
7.66052 3.887042380789323943e+04
7.66284 3.887504104188554629e+04
7.66515 3.887965870119411557e+04
7.66805 3.888544070818020555e+04
7.67037 3.889007542125489272e+04
7.67268 3.889472348551746836e+04
7.67558 3.890055431090850470e+04
7.67789 3.890523775522263168e+04
7.68021 3.890993929840305645e+04
7.68252 3.891465884894353803e+04
7.68542 3.892058355260228564e+04
7.68773 3.892534229304226756e+04
7.69005 3.893011508925106318e+04
7.69294 3.893609695435031608e+04
7.69526 3.894088979189514066e+04
7.69757 3.894568384535659425e+04
7.70047 3.895167072412433481e+04
7.70278 3.895644589702533995e+04
7.7051 3.896120418675875408e+04
7.708 3.896711223914329457e+04
7.71032 3.897180120089691627e+04
7.71264 3.897644697035602439e+04
7.71554 3.898218356602101994e+04
7.71787 3.898670889091309800e+04
7.72019 3.899116743707906426e+04
7.72252 3.899555934081308806e+04
7.72543 3.900093913602946850e+04
7.72775 3.900515000231475278e+04
7.73008 3.900927530078930431e+04
7.73299 3.901430628728071315e+04
7.73531 3.901822947064019536e+04
7.73763 3.902206737653128221e+04
7.74053 3.902674250770330400e+04
7.74285 3.903039514222118305e+04
7.74517 3.903397241283898620e+04
7.74806 3.903835064171254635e+04
7.75038 3.904178634623558173e+04
7.75269 3.904517054954404739e+04
7.75501 3.904851268329147570e+04
7.7579 3.905264026744173316e+04
7.76021 3.905591421667052782e+04
7.76252 3.905917004211040330e+04
7.76541 3.906322605364171613e+04
7.76773 3.906646725246600545e+04
7.77004 3.906971080531986809e+04
7.77292 3.907377530858150567e+04
7.77524 3.907703832820811658e+04
7.77755 3.908031339783476142e+04
7.78044 3.908442514659347216e+04
7.78275 3.908772741636478895e+04
7.78506 3.909103936967617483e+04
7.78795 3.909518788803178177e+04
7.79026 3.909850833314037300e+04
7.79257 3.910182588469873008e+04
7.79547 3.910595813234450179e+04
7.79778 3.910924736846618907e+04
7.8001 3.911251260610137979e+04
7.80299 3.911655324305155955e+04
7.80531 3.911974504457916191e+04
7.80763 3.912289445324190456e+04
7.81053 3.912676626209377719e+04
7.81285 3.912980415214724781e+04
7.81517 3.913278612290190358e+04
7.81807 3.913643091315576021e+04
7.82039 3.913927998123283032e+04
7.82271 3.914206905709366401e+04
7.82504 3.914479922100262775e+04
7.82794 3.914813299497371918e+04
7.83026 3.915073918963284814e+04
7.83259 3.915329573995881947e+04
7.83549 3.915642895087285433e+04
7.83781 3.915889021123648854e+04
7.84013 3.916131991494054091e+04
7.84303 3.916432376505764842e+04
7.84535 3.916670930053037591e+04
7.84767 3.916908915089684888e+04
7.85056 3.917206392052264709e+04
7.85287 3.917445890616026009e+04
7.85519 3.917687746501460060e+04
7.8575 3.917932919734200550e+04
7.8604 3.918245221721608686e+04
7.86271 3.918500514468417532e+04
7.86502 3.918761316077131778e+04
7.86791 3.919095760803614394e+04
7.87023 3.919370593733858550e+04
7.87254 3.919652272007906868e+04
7.87543 3.920014330491081637e+04
7.87774 3.920312166103655181e+04
7.88006 3.920617339553219790e+04
7.88295 3.921008998704633996e+04
7.88527 3.921330383682283718e+04
7.88758 3.921658493975038436e+04
7.89048 3.922077747203595209e+04
7.89279 3.922419663337036764e+04
7.89511 3.922766831499966065e+04
7.89801 3.923207066807072988e+04
7.90033 3.923563239495113521e+04
7.90265 3.923922268586744758e+04
7.90556 3.924373295799281914e+04
7.90788 3.924735192219632154e+04
7.91021 3.925096716549237317e+04
7.91253 3.925456649054079026e+04
7.91543 3.925903004424537357e+04
7.91775 3.926256370044263895e+04
7.92007 3.926605320906324050e+04
7.92297 3.927034761409338535e+04
7.92528 3.927371810124454350e+04
7.9276 3.927702917285745207e+04
7.93049 3.928107705261609954e+04
7.9328 3.928424061321406771e+04
7.93511 3.928733728402631095e+04
7.938 3.929111351593575091e+04
7.94032 3.929406222437872202e+04
7.94263 3.929694823785853077e+04
7.94551 3.930047483714704867e+04
7.94782 3.930323627036506514e+04
7.95013 3.930595021869055927e+04
7.95302 3.930928456015819393e+04
7.95533 3.931191275046677038e+04
7.95764 3.931451264156408433e+04
7.96053 3.931773281166805828e+04
7.96284 3.932029188097848964e+04
7.96515 3.932284200117148430e+04
7.96804 3.932602318123448640e+04
7.97035 3.932856875396741816e+04
7.97266 3.933111938475603529e+04
7.97556 3.933431978722201166e+04
7.97787 3.933689490781246423e+04
7.98019 3.933948456456865824e+04
7.9825 3.934209260869965510e+04
7.9854 3.934537844261893042e+04
7.98772 3.934802678328737238e+04
7.99003 3.935069044512972323e+04
7.99293 3.935404159359718324e+04
7.99525 3.935673875623955973e+04
7.99757 3.935944640489604353e+04
8.00047 3.936284248650910740e+04
8.00279 3.936556242636522074e+04
8.00511 3.936828142992780340e+04
8.00802 3.937167161504877004e+04
8.01034 3.937437049423423014e+04
8.01267 3.937705404778577213e+04
8.01557 3.938037591067940957e+04
8.0179 3.938300107945991476e+04
8.02022 3.938559524538005644e+04
8.02254 3.938815258696788078e+04
8.02545 3.939129221066086029e+04
8.02777 3.939375511332981841e+04
8.03008 3.939616918372044165e+04
8.03298 3.939911690767419350e+04
8.0353 3.940141340981713438e+04
8.03761 3.940365498222378665e+04
8.0405 3.940637614318849228e+04
8.04282 3.940848787100713525e+04
8.04513 3.941054195618113590e+04
8.04802 3.941302913181217446e+04
8.05033 3.941495705392948003e+04
8.05264 3.941683178566849529e+04
8.05553 3.941910515630127338e+04
8.05785 3.942087170941571821e+04
8.06016 3.942259584324910975e+04
8.06305 3.942469737471268309e+04
8.06536 3.942634104802778893e+04
8.06767 3.942795622871303203e+04
8.07056 3.942994332507823128e+04
8.07288 3.943151204422175942e+04
8.07519 3.943306740566297958e+04
8.07751 3.943461253238117206e+04
8.0804 3.943653525080800318e+04
8.08272 3.943807069454666635e+04
8.08504 3.943960594121523172e+04
8.08794 3.944153079262152460e+04
8.09026 3.944307564419951814e+04
8.09258 3.944462805984671286e+04
8.09549 3.944657847251573548e+04
8.09781 3.944814697428180807e+04
8.10014 3.944972203754710790e+04
8.10305 3.945169631957540696e+04
8.10537 3.945327688716397097e+04
8.1077 3.945485598907039821e+04
8.11002 3.945642977725351375e+04
8.11293 3.945838380635691283e+04
8.11525 3.945993117685194011e+04
8.11758 3.946145934380807739e+04
8.12048 3.946333511243678367e+04
8.12281 3.946480212701462733e+04
8.12513 3.946623398117100442e+04
8.12803 3.946796543346659018e+04
8.13036 3.946929983882192755e+04
8.13268 3.947058451114606578e+04
8.13557 3.947211512573181972e+04
8.13789 3.947327626293306821e+04
8.14021 3.947437828654067562e+04
8.14253 3.947542063102273096e+04
8.14542 3.947663847746827378e+04
8.14774 3.947754563315816631e+04
8.15005 3.947839454857307283e+04
8.15295 3.947937721811253141e+04
8.15526 3.948010420720872935e+04
8.15758 3.948078256542004237e+04
8.16047 3.948156945104471379e+04
8.16279 3.948215682066979207e+04
8.1651 3.948271302326909790e+04
8.168 3.948337418003364292e+04
8.17031 3.948388465208769776e+04
8.17263 3.948438758718174358e+04
8.17553 3.948501686046231771e+04
8.17785 3.948552756019703520e+04
8.18017 3.948605037323526631e+04
8.18307 3.948672652958847902e+04
8.18539 3.948729123826270370e+04
8.18771 3.948788181846504449e+04
8.19004 3.948850341425840452e+04
8.19295 3.948933296161328326e+04
8.19527 3.949004469890565088e+04
8.1976 3.949080489443812985e+04
8.20051 3.949183035093078797e+04
8.20283 3.949271423778410826e+04
8.20516 3.949365791625159909e+04
8.20806 3.949492342279421428e+04
8.21038 3.949600428561816079e+04
8.2127 3.949714563574441854e+04
8.21501 3.949834379307926429e+04
8.21791 3.949991837917553494e+04
8.22022 3.950123350706564088e+04
8.22254 3.950259297587136098e+04
8.22543 3.950434582565085293e+04
8.22774 3.950578294213568006e+04
8.23006 3.950724419167885208e+04
8.23295 3.950909287871263950e+04
8.23526 3.951058127102444996e+04
8.23757 3.951206978474133211e+04
8.24046 3.951391978203819599e+04
8.24277 3.951538272345279984e+04
8.24508 3.951682320786394848e+04
8.24797 3.951858286398246855e+04
8.25028 3.951995122292788437e+04
8.25259 3.952127916361594544e+04
8.25548 3.952287693075920106e+04
8.25779 3.952410149296261807e+04
8.26011 3.952527661586723116e+04
8.263 3.952667471078942617e+04
8.26532 3.952773677128431882e+04
8.26763 3.952875068633775663e+04
8.27053 3.952995306697773049e+04
8.27285 3.953086812157656095e+04
8.27516 3.953174516601440700e+04
8.27806 3.953279636259712424e+04
8.28039 3.953360791249220347e+04
8.28271 3.953439970366509078e+04
8.28503 3.953517824236087472e+04
8.28793 3.953614217520545208e+04
8.29026 3.953691316335816373e+04
8.29258 3.953768568449770828e+04
8.29549 3.953866000580385298e+04
8.29781 3.953945374573351000e+04
8.30013 3.954026660137801082e+04
8.30304 3.954131726189015171e+04
8.30536 3.954219234715175844e+04
8.30767 3.954310038657923724e+04
8.31057 3.954428610933697928e+04
8.31289 3.954527503214373428e+04
8.3152 3.954629912148712174e+04
8.31752 3.954735626553218026e+04
8.32041 3.954871879722837184e+04
8.32272 3.954983709350826393e+04
8.32504 3.955097477601709397e+04
8.32793 3.955241620768744906e+04
8.33024 3.955357756285935466e+04
8.33255 3.955473973088200000e+04
8.33544 3.955618471971332474e+04
8.33776 3.955732774899121432e+04
8.34007 3.955845358938619029e+04
8.34296 3.955983049178023066e+04
8.34528 3.956090255133220489e+04
8.34759 3.956194563632325298e+04
8.35049 3.956320504082278057e+04
8.35281 3.956417533413301862e+04
8.35512 3.956510951897512859e+04
8.35802 3.956622553715523827e+04
8.36034 3.956708035839672084e+04
8.36266 3.956790517778150388e+04
8.36557 3.956890345766718383e+04
8.36789 3.956968284942441824e+04
8.37022 3.957045238377246278e+04
8.37254 3.957121918122065836e+04
8.37545 3.957218444510305562e+04
8.37777 3.957296998456901929e+04
8.38009 3.957377589457881550e+04
8.38298 3.957482069417994353e+04
8.3853 3.957569450582056015e+04
8.38761 3.957660763946218503e+04
8.39051 3.957781159936748008e+04
8.39282 3.957883012117919134e+04
8.39513 3.957990089377405093e+04
8.39802 3.958131735727522755e+04
8.40033 3.958251379607405397e+04
8.40265 3.958376707079426706e+04
8.40553 3.958541085970549466e+04
8.40784 3.958678421741450438e+04
8.41015 3.958820515365050233e+04
8.41304 3.959003990203911235e+04
8.41535 3.959154735150765191e+04
8.41766 3.959308291959907365e+04
8.42055 3.959502840573455615e+04
8.42286 3.959658758594403480e+04
8.42517 3.959813423607927689e+04
8.42806 3.960003609328857419e+04
8.43037 3.960152385520682583e+04
8.43268 3.960297463353343483e+04
8.43557 3.960473020843714767e+04
8.43789 3.960608336377792875e+04
8.4402 3.960738483535368141e+04
8.44252 3.960862725681260054e+04
8.44542 3.961008834483275132e+04
8.44773 3.961117786950858135e+04
8.45005 3.961219250079447374e+04
8.45295 3.961335161598217383e+04
8.45527 3.961419024605392769e+04
8.45759 3.961495082725930843e+04
8.46049 3.961578731879520637e+04
8.46281 3.961636469990322075e+04
8.46513 3.961686175677963183e+04
8.46804 3.961737390614944161e+04
8.47036 3.961770108719145355e+04
8.47269 3.961795968435808754e+04
8.47501 3.961815548615704029e+04
8.47792 3.961832075259993871e+04
8.48025 3.961839788754098117e+04
8.48257 3.961843510902764683e+04
8.48547 3.961843932034661702e+04
8.4878 3.961842054187768372e+04
8.49012 3.961839268325889134e+04
8.49301 3.961835926391446264e+04
8.49533 3.961834416483176028e+04
8.49765 3.961834796256908885e+04
8.50054 3.961838987202741555e+04
8.50286 3.961846043471182202e+04
8.50517 3.961856922492704325e+04
8.50806 3.961876472426969121e+04
8.51037 3.961897174102528516e+04
8.51269 3.961922522069866682e+04
8.515 3.961952520750348776e+04
8.51789 3.961996387526216859e+04
8.5202 3.962036306887526007e+04
8.52252 3.962080165260056674e+04
8.52541 3.962139888917488861e+04
8.52772 3.962191003065861878e+04
8.53003 3.962244472384719120e+04
8.53292 3.962313734058477712e+04
8.53524 3.962370323963343981e+04
8.53755 3.962427288015860540e+04
8.54045 3.962498118629943929e+04
8.54276 3.962553746178231086e+04
8.54508 3.962607919881150883e+04
8.54798 3.962672778903545259e+04
8.5503 3.962721905130265804e+04
8.55262 3.962768163223889860e+04
8.55552 3.962821536820897745e+04
8.55785 3.962860439491119905e+04
8.56017 3.962895807687118213e+04
8.56308 3.962935040611337172e+04
8.56541 3.962962463177212339e+04
8.56773 3.962986489747410087e+04
8.57006 3.963007319504041516e+04
8.57297 3.963029252132199326e+04
8.57529 3.963043886028063571e+04
8.57762 3.963056302184436208e+04
8.58052 3.963069263403263903e+04
8.58285 3.963078040404759668e+04
8.58518 3.963085801306537905e+04
8.58808 3.963094617088190716e+04
8.5904 3.963101355298436829e+04
8.59273 3.963108124034090724e+04
8.59505 3.963115167294606363e+04
8.59795 3.963124637498189986e+04
8.60027 3.963132911661989783e+04
8.60258 3.963141865790050360e+04
8.60548 3.963154002769770159e+04
8.6078 3.963164386235518032e+04
8.61011 3.963175221469647659e+04
8.61301 3.963189094845540967e+04
8.61532 3.963200147815133823e+04
8.61764 3.963210862493047898e+04
8.62054 3.963223319929771242e+04
8.62285 3.963232141395999497e+04
8.62517 3.963239584182245744e+04
8.62806 3.963246442532088986e+04
8.63038 3.963249586386962619e+04
8.6327 3.963250333657925512e+04
8.63501 3.963248432906543167e+04
8.63791 3.963242024772079458e+04
8.64023 3.963233502847993805e+04
8.64255 3.963221880507248716e+04
8.64546 3.963203000203771080e+04
8.64778 3.963184517962333484e+04
8.6501 3.963163199670820904e+04
8.65301 3.963132959915483661e+04
8.65534 3.963106252625072375e+04
8.65766 3.963077765533799538e+04
8.66057 3.963040334224826074e+04
8.6629 3.963009622215923446e+04
8.66523 3.962978945847140858e+04
8.66756 3.962949008744966704e+04
8.67046 3.962913620560244453e+04
8.67278 3.962887843342029373e+04
8.6751 3.962865052913181717e+04
8.678 3.962841872913414409e+04
8.68032 3.962828414817694284e+04
8.68264 3.962820198925259319e+04
8.68553 3.962818255579239485e+04
8.68785 3.962824058202813467e+04
8.69016 3.962836943980450451e+04
8.69305 3.962863666809092683e+04
8.69537 3.962893939958031115e+04
8.69768 3.962932391537333751e+04
8.70057 3.962992182014948048e+04
8.70288 3.963049446392126265e+04
8.70519 3.963115037675191707e+04
8.7075 3.963188775157409691e+04
8.71039 3.963291966751463769e+04
8.7127 3.963382844806811772e+04
8.71502 3.963480550442281674e+04
8.71791 3.963611328959431557e+04
8.72022 3.963721985751145257e+04
8.72253 3.963837098318550125e+04
8.72542 3.963985968328951276e+04
8.72774 3.964107806345758581e+04
8.73005 3.964231053549699573e+04
8.73295 3.964385438331981277e+04
8.73526 3.964507965355055785e+04
8.73758 3.964628508064179186e+04
8.74048 3.964774846635478025e+04
8.7428 3.964887409046217363e+04
8.74512 3.964994982661247923e+04
8.74802 3.965121418419038673e+04
8.75034 3.965215303749980376e+04
8.75267 3.965302148390550428e+04
8.75557 3.965400169323432056e+04
8.75789 3.965469821056022192e+04
8.76022 3.965531574278015614e+04
8.76254 3.965585416051238280e+04
8.76545 3.965641864801311749e+04
8.76778 3.965678672122066928e+04
8.7701 3.965708496733676293e+04
8.77301 3.965736763741383038e+04
8.77533 3.965752903503020934e+04
8.77766 3.965764005261495913e+04
8.78056 3.965771894234536740e+04
8.78288 3.965774294425289554e+04
8.7852 3.965774009584642045e+04
8.78751 3.965771752897928673e+04
8.79041 3.965767204647070321e+04
8.79273 3.965762966899753519e+04
8.79504 3.965758834797741292e+04
8.79793 3.965754608610517607e+04
8.80024 3.965752546710038587e+04
8.80256 3.965752088320903567e+04
8.80545 3.965754285191829695e+04
8.80776 3.965758590026979073e+04
8.81007 3.965765368474755087e+04
8.81296 3.965777552236116753e+04
8.81527 3.965790400031565514e+04
8.81759 3.965806084632479906e+04
8.82048 3.965829688339435234e+04
8.8228 3.965851748412595043e+04
8.82511 3.965876564095789217e+04
8.82801 3.965911339320117986e+04
8.83033 3.965942058640806499e+04
8.83265 3.965975241294646548e+04
8.83555 3.966020118946586445e+04
8.83787 3.966058634122300282e+04
8.84019 3.966099459838186885e+04
8.84252 3.966142544108409493e+04
8.84542 3.966199570971413777e+04
8.84775 3.966247761533723678e+04
8.85008 3.966298245586064877e+04
8.85298 3.966364579866261192e+04
8.85531 3.966420529151301162e+04
8.85763 3.966479228413484816e+04
8.86053 3.966556711126513255e+04
8.86285 3.966622089781075192e+04
8.86516 3.966690617401452619e+04
8.86806 3.966781002476447611e+04
8.87038 3.966857274717109249e+04
8.87269 3.966937333606005268e+04
8.875 3.967021289859268290e+04
8.87789 3.967131901812881551e+04
8.88021 3.967224922736238659e+04
8.88252 3.967321877545087773e+04
8.88541 3.967448344459106011e+04
8.88772 3.967553372637579014e+04
8.89003 3.967661469721420144e+04
8.89292 3.967800245519735472e+04
8.89523 3.967913686250562751e+04
8.89754 3.968028642446612503e+04
8.90043 3.968173186727924622e+04
8.90274 3.968288495446152956e+04
8.90505 3.968402557356414036e+04
8.90793 3.968541912250866153e+04
8.91025 3.968649674114750815e+04
8.91256 3.968753020657853631e+04
8.91545 3.968874562560704362e+04
8.91776 3.968964540793649940e+04
8.92008 3.969047132348564628e+04
8.92297 3.969138837222351140e+04
8.92528 3.969202118381607579e+04
8.9276 3.969255902110516763e+04
8.9305 3.969309097855610162e+04
8.93282 3.969340159149175452e+04
8.93514 3.969360883141896193e+04
8.93804 3.969372366129175498e+04
8.94036 3.969370284762079973e+04
8.94268 3.969358591734764195e+04
8.94501 3.969337783762218896e+04
8.94791 3.969299982602715318e+04
8.95024 3.969261135257436399e+04
8.95257 3.969215522385014629e+04
8.95548 3.969150431416205538e+04
8.9578 3.969093064835872065e+04
8.96013 3.969032108573839650e+04
8.96304 3.968952569704469352e+04
8.96537 3.968887398200061580e+04
8.96769 3.968822017361419421e+04
8.97001 3.968757344424766052e+04
8.97291 3.968678903413670196e+04
8.97523 3.968619132578713470e+04
8.97755 3.968562829986270663e+04
8.98045 3.968498460809479002e+04
8.98276 3.968452445808624179e+04
8.98508 3.968411852906209970e+04
8.98797 3.968369256249414320e+04
8.99028 3.968341981553994992e+04
8.9926 3.968320871771979728e+04
8.99549 3.968303174257386127e+04
8.9978 3.968296033551392611e+04
9.00012 3.968294859821358114e+04
9.00301 3.968301075298973592e+04
9.00532 3.968311562423255964e+04
9.00763 3.968326307663154148e+04
9.01053 3.968349691473042185e+04
9.01284 3.968371448207880894e+04
9.01515 3.968395062023813807e+04
9.01805 3.968425923167156725e+04
9.02036 3.968450692879761482e+04
9.02268 3.968474676512127917e+04
9.02557 3.968502480782783823e+04
9.02789 3.968522208989055798e+04
9.03021 3.968539113030407316e+04
9.03253 3.968552756556926033e+04
9.03543 3.968564703101514169e+04
9.03775 3.968569914621197677e+04
9.04007 3.968571135105314897e+04
9.04298 3.968567046182807098e+04
9.0453 3.968559394922239881e+04
9.04763 3.968548039933363907e+04
9.05054 3.968528997066114971e+04
9.05287 3.968510254585243820e+04
9.0552 3.968488758158772544e+04
9.05752 3.968464849732340372e+04
9.06043 3.968432116846399731e+04
9.06276 3.968404072905005887e+04
9.06509 3.968374721927868086e+04
9.068 3.968336619044786494e+04
9.07032 3.968305287130201759e+04
9.07265 3.968273389567936829e+04
9.07556 3.968232882614344999e+04
9.07789 3.968200054961336718e+04
9.08021 3.968166815078112268e+04
9.08253 3.968133082202481455e+04
9.08544 3.968090036679168406e+04
9.08776 3.968054640049947920e+04
9.09008 3.968018166010497225e+04
9.09298 3.967970592831241811e+04
9.0953 3.967930594525171909e+04
9.09762 3.967888514281148673e+04
9.10051 3.967832494668926665e+04
9.10283 3.967784573158507555e+04
9.10515 3.967733586664498580e+04
9.10805 3.967665225093387562e+04
9.11036 3.967606629582469759e+04
9.11268 3.967544464217307541e+04
9.11558 3.967461724657176819e+04
9.11789 3.967391573341861658e+04
9.12021 3.967317966729745240e+04
9.12253 3.967241118484034087e+04
9.12543 3.967141002375217795e+04
9.12775 3.967058424463079427e+04
9.13007 3.966974313042664289e+04
9.13297 3.966868125301047985e+04
9.13529 3.966783391319831571e+04
9.13761 3.966699798277087393e+04
9.14051 3.966597953698893980e+04
9.14284 3.966519298163415078e+04
9.14516 3.966443934332766366e+04
9.14807 3.966355477042460552e+04
9.15039 3.966290451069462870e+04
9.15272 3.966231540714541188e+04
9.15505 3.966179742207541858e+04
9.15796 3.966126525729356217e+04
9.16029 3.966094276904123399e+04
9.16262 3.966072037809638277e+04
9.16553 3.966059306147045572e+04
9.16785 3.966061742937764211e+04
9.17018 3.966075744182012568e+04
9.17308 3.966109724573814310e+04
9.1754 3.966150090692475351e+04
9.17772 3.966201935361138021e+04
9.18004 3.966264914222327934e+04
9.18293 3.966358361834625248e+04
9.18525 3.966444034024095890e+04
9.18757 3.966538435587839194e+04
9.19046 3.966667180532393104e+04
9.19277 3.966777443558939558e+04
9.19509 3.966892846376542002e+04
9.19798 3.967042508467658627e+04
9.20029 3.967164977922278922e+04
9.20261 3.967288540985170403e+04
9.2055 3.967442582700648927e+04
9.20781 3.967563988864133717e+04
9.21012 3.967682538576958905e+04
9.21301 3.967825078649404168e+04
9.21532 3.967933318162276555e+04
9.21764 3.968035332665757596e+04
9.22053 3.968152699974465213e+04
9.22284 3.968237594111626095e+04
9.22515 3.968313842117833701e+04
9.22805 3.968396422901938058e+04
9.23036 3.968452106619191181e+04
9.23268 3.968498593447497842e+04
9.23557 3.968544152724881133e+04
9.23789 3.968570993242813711e+04
9.24021 3.968589849033793871e+04
9.24252 3.968601304778275517e+04
9.24542 3.968606241914752900e+04
9.24774 3.968603572807438468e+04
9.25006 3.968595868045156385e+04
9.25297 3.968580390686121245e+04
9.25529 3.968564369389195053e+04
9.25761 3.968546020816487726e+04
9.26052 3.968521098801404878e+04
9.26285 3.968500559317925945e+04
9.26517 3.968480317520887183e+04
9.26808 3.968456516195976292e+04
9.27041 3.968439458555785677e+04
9.27274 3.968424787985168223e+04
9.27506 3.968412977917078388e+04
9.27797 3.968402759043168771e+04
9.28029 3.968398533864898491e+04
9.28262 3.968397991099514184e+04
9.28552 3.968402588333872700e+04
9.28784 3.968410478797963151e+04
9.29016 3.968422030264154455e+04
9.29305 3.968441366538676812e+04
9.29537 3.968460477837693907e+04
9.29769 3.968482514851023006e+04
9.30001 3.968507150161681784e+04
9.3029 3.968541068934194482e+04
9.30522 3.968570254507070058e+04
9.30753 3.968600881229958759e+04
9.31043 3.968640669656935643e+04
9.31274 3.968673334332203376e+04
9.31506 3.968706466790718696e+04
9.31795 3.968748266005080950e+04
9.32027 3.968781888207807788e+04
9.32258 3.968815650570549042e+04
9.32548 3.968858131186359969e+04
9.32779 3.968892510948692507e+04
9.33011 3.968927444228706008e+04
9.33301 3.968972299056172778e+04
9.33533 3.969009504054397985e+04
9.33764 3.969048254229549639e+04
9.34054 3.969099453450672445e+04
9.34286 3.969143033064855990e+04
9.34519 3.969189318853610166e+04
9.34751 3.969238554335364461e+04
9.35041 3.969304713671840000e+04
9.35274 3.969361622547067964e+04
9.35506 3.969422216615702928e+04
9.35797 3.969503239294846571e+04
9.3603 3.969572144256696629e+04
9.36262 3.969644505128162564e+04
9.36553 3.969739436282950192e+04
9.36786 3.969818518683667207e+04
9.37018 3.969900062568172871e+04
9.37308 3.970004718265181873e+04
9.3754 3.970089870896135108e+04
9.37772 3.970175582404602028e+04
9.38004 3.970261178432279848e+04
9.38293 3.970367544079495565e+04
9.38525 3.970450639481535472e+04
9.38756 3.970530693842191977e+04
9.39045 3.970624775687523652e+04
9.39277 3.970693969904543337e+04
9.39508 3.970756746211241261e+04
9.39797 3.970824800605029304e+04
9.40028 3.970869847671558819e+04
9.40259 3.970905785966562689e+04
9.40548 3.970937388774447027e+04
9.40779 3.970951682925217756e+04
9.4101 3.970956008019589353e+04
9.41299 3.970947318167102640e+04
9.4153 3.970929209504894970e+04
9.41761 3.970901452967179648e+04
9.4205 3.970853796861847513e+04
9.42281 3.970805966722072480e+04
9.42512 3.970750224872132821e+04
9.42801 3.970670614492255845e+04
9.43033 3.970600047909285786e+04
9.43264 3.970524371133821842e+04
9.43553 3.970424155260089174e+04
9.43785 3.970340692284547549e+04
9.44016 3.970255478688840958e+04
9.44306 3.970148010938199150e+04
9.44537 3.970062500776298839e+04
9.44769 3.969978432618889201e+04
9.45001 3.969896655783163442e+04
9.45291 3.969798978654738312e+04
9.45523 3.969725287197822763e+04
9.45755 3.969656323988168151e+04
9.46045 3.969577540341804706e+04
9.46278 3.969521013301106723e+04
9.4651 3.969470647268457833e+04
9.46801 3.969416682706193387e+04
9.47033 3.969380879420284327e+04
9.47266 3.969351610638834973e+04
9.47557 3.969324103927060060e+04
9.4779 3.969309095335389429e+04
9.48023 3.969299985230960010e+04
9.48256 3.969296370258881507e+04
9.48547 3.969298811368898896e+04
9.4878 3.969305631218193594e+04
9.49012 3.969316071930836915e+04
9.49302 3.969333171192290320e+04
9.49535 3.969349182782718708e+04
9.49767 3.969366453025645751e+04
9.50057 3.969388647405927622e+04
9.50289 3.969405964201957249e+04
9.50521 3.969422100559469982e+04
9.50752 3.969436332195318391e+04
9.51042 3.969450424511112942e+04
9.51274 3.969457955953248165e+04
9.51505 3.969461519881216373e+04
9.51795 3.969459571943054470e+04
9.52026 3.969452300553941313e+04
9.52257 3.969439487182555604e+04
9.52547 3.969415131166411447e+04
9.52778 3.969388609224370884e+04
9.5301 3.969355582589137339e+04
9.53299 3.969304907627142529e+04
9.5353 3.969256739122512226e+04
9.53762 3.969201764245995582e+04
9.54051 3.969123551404922182e+04
9.54282 3.969053512612589111e+04
9.54514 3.968977038495897432e+04
9.54803 3.968872721789752541e+04
9.55035 3.968782665552019171e+04
9.55267 3.968687089660191123e+04
9.55556 3.968560450969623344e+04
9.55788 3.968453933197000879e+04
9.5602 3.968343237599112035e+04
9.56252 3.968228906848652696e+04
9.56542 3.968081525351900927e+04
9.56774 3.967960701989537483e+04
9.57006 3.967837756048152369e+04
9.57297 3.967681792619386397e+04
9.57529 3.967555749020043731e+04
9.57762 3.967428926110511384e+04
9.58053 3.967269998510090227e+04
9.58286 3.967142752702842699e+04
9.58519 3.967015850524200505e+04
9.58752 3.966889509788356372e+04
9.59043 3.966732641327313468e+04
9.59276 3.966608162301139964e+04
9.59509 3.966484699056767568e+04
9.598 3.966331863471437828e+04
9.60033 3.966210819353464467e+04
9.60266 3.966090874797246943e+04
9.60557 3.965942635433922260e+04
9.6079 3.965826173431190546e+04
9.61023 3.965711832347623567e+04
9.61255 3.965599639550429129e+04
9.61546 3.965462390847502684e+04
9.61779 3.965355108825864590e+04
9.62012 3.965249964079893834e+04
9.62302 3.965121850334872579e+04
9.62534 3.965022175034130487e+04
9.62767 3.964925194151992036e+04
9.63057 3.964808179776622273e+04
9.63289 3.964718156917348824e+04
9.63521 3.964631574547274795e+04
9.63753 3.964548533226495783e+04
9.64043 3.964449948195079924e+04
9.64275 3.964375403032714530e+04
9.64507 3.964304830215592665e+04
9.64797 3.964222402008873905e+04
9.65029 3.964161230840841017e+04
9.65261 3.964104444124245492e+04
9.6555 3.964039806860560930e+04
9.65782 3.963993309219304501e+04
9.66014 3.963951549950432673e+04
9.66304 3.963906116951580043e+04
9.66536 3.963875228063734539e+04
9.66768 3.963849187796314072e+04
9.67058 3.963823346082495118e+04
9.6729 3.963807886050002708e+04
9.67522 3.963796826335553487e+04
9.67754 3.963789877153652196e+04
9.68044 3.963786398313005338e+04
9.68277 3.963787249768239417e+04
9.68509 3.963790794005139469e+04
9.68799 3.963798121748756239e+04
9.69032 3.963805450901721633e+04
9.69265 3.963813263187614939e+04
9.69556 3.963822482305837184e+04
9.69788 3.963828433249459340e+04
9.70021 3.963832254362096137e+04
9.70254 3.963833186546304933e+04
9.70546 3.963829239619549480e+04
9.70779 3.963821234221348277e+04
9.71012 3.963808327345403086e+04
9.71304 3.963784636891460104e+04
9.71537 3.963759266725296038e+04
9.71769 3.963727983444673737e+04
9.72002 3.963690679280123732e+04
9.72293 3.963635673022685660e+04
9.72525 3.963585028724715085e+04
9.72757 3.963528740892849601e+04
9.73048 3.963450902949238662e+04
9.7328 3.963383213245130901e+04
9.73512 3.963311314678918279e+04
9.73802 3.963216466770325496e+04
9.74033 3.963137499009467138e+04
9.74265 3.963056536682342994e+04
9.74555 3.962953737204847130e+04
9.74786 3.962871116661820270e+04
9.75018 3.962788987262774754e+04
9.75307 3.962688148032897152e+04
9.75538 3.962609787788842368e+04
9.7577 3.962534217210782663e+04
9.76001 3.962462024468371237e+04
9.7629 3.962377380516491394e+04
9.76522 3.962314705762702215e+04
9.76753 3.962256930564541835e+04
9.77042 3.962192041460584733e+04
9.77273 3.962146219976273278e+04
9.77505 3.962105904805277532e+04
9.77794 3.962063225834351761e+04
9.78025 3.962035063648948562e+04
9.78257 3.962011935568947229e+04
9.78546 3.961989559829435893e+04
9.78777 3.961976356601486623e+04
9.79009 3.961966775922588567e+04
9.79298 3.961959025142897008e+04
9.7953 3.961955466720313416e+04
9.79762 3.961953578737715725e+04
9.80051 3.961952622742465610e+04
9.80283 3.961952251585566410e+04
9.80515 3.961951623208048113e+04
9.80805 3.961949712644046667e+04
9.81037 3.961946764487172186e+04
9.81269 3.961942184206812090e+04
9.81501 3.961935708729409089e+04
9.81792 3.961924690185869258e+04
9.82024 3.961913420043011138e+04
9.82257 3.961899965986143798e+04
9.82548 3.961880164911755855e+04
9.82781 3.961862104941800499e+04
9.83014 3.961842369658752432e+04
9.83305 3.961815751073386491e+04
9.83538 3.961793255660237628e+04
9.83771 3.961770092101039336e+04
9.84003 3.961746616732754046e+04
9.84294 3.961717307044627523e+04
9.84527 3.961694410169661569e+04
9.84759 3.961672781766366097e+04
9.85049 3.961647796567732439e+04
9.85281 3.961629689243852044e+04
9.85513 3.961613507061074051e+04
9.85803 3.961596223489697149e+04
9.86035 3.961584863228089671e+04
9.86267 3.961575709981516411e+04
9.86557 3.961567261389991472e+04
9.86789 3.961562710541494016e+04
9.87021 3.961559865866582550e+04
9.87252 3.961559435353412118e+04
9.87542 3.961561075261524820e+04
9.87774 3.961561410992540914e+04
9.88005 3.961559554563457641e+04
9.88295 3.961553458172273531e+04
9.88526 3.961545507046131388e+04
9.88758 3.961534961131534510e+04
9.89048 3.961518317145261972e+04
9.89279 3.961502258410359354e+04
9.89511 3.961483623852104938e+04
9.89801 3.961456283851271291e+04
9.90033 3.961430691577446851e+04
9.90264 3.961401271725008701e+04
9.90554 3.961358356707142229e+04
9.90786 3.961318500096899515e+04
9.91018 3.961273300090459816e+04
9.9125 3.961222411260235094e+04
9.9154 3.961150460258373641e+04
9.91773 3.961086112023854366e+04
9.92005 3.961015730001313204e+04
9.92295 3.960919578712787188e+04
9.92528 3.960836389971784956e+04
9.92761 3.960748124529912457e+04
9.93051 3.960631329371013999e+04
9.93284 3.960533423944857350e+04
9.93517 3.960432263751978462e+04
9.93808 3.960302259029618290e+04
9.94041 3.960196147940824449e+04
9.94273 3.960088994065346924e+04
