#t,ms massf-Ar+
0.003 0.000000000000000000e+00
0.005 0.000000000000000000e+00
0.008 0.000000000000000000e+00
0.01 0.000000000000000000e+00
0.0129324 0.000000000000000000e+00
0.0152784 0.000000000000000000e+00
0.0176291 0.000000000000000000e+00
0.0205694 0.000000000000000000e+00
0.0229245 0.000000000000000000e+00
0.0252824 0.000000000000000000e+00
0.0276402 0.000000000000000000e+00
0.0305804 0.000000000000000000e+00
0.0329326 0.000000000000000000e+00
0.0352671 0.000000000000000000e+00
0.0375956 0.000000000000000000e+00
0.040494 0.000000000000000000e+00
0.0427981 0.000000000000000000e+00
0.0451022 0.000000000000000000e+00
0.0479388 0.000000000000000000e+00
0.0502082 0.000000000000000000e+00
0.0530041 0.000000000000000000e+00
0.0552327 0.000000000000000000e+00
0.0579873 0.000000000000000000e+00
0.0601743 0.000000000000000000e+00
0.0628915 0.000000000000000000e+00
0.0650454 0.000000000000000000e+00
0.0677309 0.000000000000000000e+00
0.0703885 0.000000000000000000e+00
0.0725147 0.000000000000000000e+00
0.0751435 0.000000000000000000e+00
0.0777723 0.000000000000000000e+00
0.0803793 0.000000000000000000e+00
0.0829862 0.000000000000000000e+00
0.0850594 0.000000000000000000e+00
0.0876508 0.000000000000000000e+00
0.090234 0.000000000000000000e+00
0.0928152 0.000000000000000000e+00
0.0953792 0.000000000000000000e+00
0.0979388 0.000000000000000000e+00
0.100475 0.000000000000000000e+00
0.103006 0.000000000000000000e+00
0.105016 0.000000000000000000e+00
0.107524 0.000000000000000000e+00
0.11002 0.000000000000000000e+00
0.112509 0.000000000000000000e+00
0.115485 0.000000000000000000e+00
0.117961 0.000000000000000000e+00
0.120429 0.000000000000000000e+00
0.122896 0.000000000000000000e+00
0.125358 0.000000000000000000e+00
0.127819 0.000000000000000000e+00
0.130279 0.000000000000000000e+00
0.132739 0.000000000000000000e+00
0.135199 0.000000000000000000e+00
0.13766 0.000000000000000000e+00
0.140113 0.000000000000000000e+00
0.142564 0.000000000000000000e+00
0.145009 0.000000000000000000e+00
0.147941 0.000000000000000000e+00
0.150379 0.000000000000000000e+00
0.152817 0.000000000000000000e+00
0.155251 0.000000000000000000e+00
0.157686 0.000000000000000000e+00
0.160119 0.000000000000000000e+00
0.162553 0.000000000000000000e+00
0.165473 0.000000000000000000e+00
0.167908 0.000000000000000000e+00
0.170344 0.000000000000000000e+00
0.17278 0.000000000000000000e+00
0.175219 0.000000000000000000e+00
0.177658 0.000000000000000000e+00
0.180096 0.000000000000000000e+00
0.182534 0.000000000000000000e+00
0.185458 0.000000000000000000e+00
0.187895 0.000000000000000000e+00
0.190332 0.000000000000000000e+00
0.192769 0.000000000000000000e+00
0.195206 0.000000000000000000e+00
0.197644 0.000000000000000000e+00
0.200084 0.000000000000000000e+00
0.202524 0.000000000000000000e+00
0.205454 0.000000000000000000e+00
0.207897 0.000000000000000000e+00
0.210342 0.000000000000000000e+00
0.212788 0.000000000000000000e+00
0.215236 0.000000000000000000e+00
0.217684 0.000000000000000000e+00
0.220132 0.000000000000000000e+00
0.222581 0.000000000000000000e+00
0.225029 0.000000000000000000e+00
0.227969 0.000000000000000000e+00
0.23042 0.000000000000000000e+00
0.232872 0.000000000000000000e+00
0.235324 0.000000000000000000e+00
0.237778 0.000000000000000000e+00
0.240232 0.000000000000000000e+00
0.242687 0.000000000000000000e+00
0.245143 0.000000000000000000e+00
0.247601 0.000000000000000000e+00
0.250059 0.000000000000000000e+00
0.252517 0.000000000000000000e+00
0.255468 0.000000000000000000e+00
0.257927 0.000000000000000000e+00
0.260387 0.000000000000000000e+00
0.262847 0.000000000000000000e+00
0.265308 0.000000000000000000e+00
0.267769 0.000000000000000000e+00
0.27023 0.000000000000000000e+00
0.272692 0.000000000000000000e+00
0.275154 0.000000000000000000e+00
0.277616 0.000000000000000000e+00
0.280079 0.000000000000000000e+00
0.282542 0.000000000000000000e+00
0.285005 0.000000000000000000e+00
0.287961 0.000000000000000000e+00
0.290425 0.000000000000000000e+00
0.292888 0.000000000000000000e+00
0.295351 0.000000000000000000e+00
0.297815 0.000000000000000000e+00
0.300278 0.000000000000000000e+00
0.302742 0.000000000000000000e+00
0.305205 0.000000000000000000e+00
0.307668 0.000000000000000000e+00
0.310131 0.000000000000000000e+00
0.312594 0.000000000000000000e+00
0.315058 0.000000000000000000e+00
0.317521 0.000000000000000000e+00
0.320477 0.000000000000000000e+00
0.322941 0.000000000000000000e+00
0.325404 0.000000000000000000e+00
0.327867 0.000000000000000000e+00
0.33033 0.000000000000000000e+00
0.332793 0.000000000000000000e+00
0.335256 0.000000000000000000e+00
0.337719 0.000000000000000000e+00
0.340182 0.000000000000000000e+00
0.342644 0.000000000000000000e+00
0.345107 0.000000000000000000e+00
0.347569 0.000000000000000000e+00
0.350032 0.000000000000000000e+00
0.352987 0.000000000000000000e+00
0.355449 0.000000000000000000e+00
0.357912 0.000000000000000000e+00
0.360375 0.000000000000000000e+00
0.362838 0.000000000000000000e+00
0.365301 0.000000000000000000e+00
0.367764 0.000000000000000000e+00
0.370227 0.000000000000000000e+00
0.372691 0.000000000000000000e+00
0.375154 0.000000000000000000e+00
0.377618 0.000000000000000000e+00
0.380082 0.000000000000000000e+00
0.382546 0.000000000000000000e+00
0.38501 0.000000000000000000e+00
0.387967 0.000000000000000000e+00
0.390432 0.000000000000000000e+00
0.392896 0.000000000000000000e+00
0.395361 0.000000000000000000e+00
0.397825 0.000000000000000000e+00
0.40029 0.000000000000000000e+00
0.402754 0.000000000000000000e+00
0.405219 0.000000000000000000e+00
0.407684 0.000000000000000000e+00
0.410149 0.000000000000000000e+00
0.412614 0.000000000000000000e+00
0.41508 0.000000000000000000e+00
0.417545 0.000000000000000000e+00
0.42001 0.000000000000000000e+00
0.422969 0.000000000000000000e+00
0.425435 0.000000000000000000e+00
0.4279 0.000000000000000000e+00
0.430367 0.000000000000000000e+00
0.432833 0.000000000000000000e+00
0.4353 0.000000000000000000e+00
0.437766 0.000000000000000000e+00
0.440233 0.000000000000000000e+00
0.4427 0.000000000000000000e+00
0.445166 0.000000000000000000e+00
0.447633 0.000000000000000000e+00
0.4501 0.000000000000000000e+00
0.452567 0.000000000000000000e+00
0.455035 0.000000000000000000e+00
0.457502 0.000000000000000000e+00
0.460463 0.000000000000000000e+00
0.462931 0.000000000000000000e+00
0.465399 0.000000000000000000e+00
0.467867 0.000000000000000000e+00
0.470334 0.000000000000000000e+00
0.472802 0.000000000000000000e+00
0.475269 0.000000000000000000e+00
0.477736 0.000000000000000000e+00
0.480203 0.000000000000000000e+00
0.48267 0.000000000000000000e+00
0.485137 0.000000000000000000e+00
0.487604 0.000000000000000000e+00
0.490071 0.000000000000000000e+00
0.492538 0.000000000000000000e+00
0.495005 0.000000000000000000e+00
0.497965 0.000000000000000000e+00
0.500431 0.000000000000000000e+00
0.502898 0.000000000000000000e+00
0.505364 0.000000000000000000e+00
0.50783 0.000000000000000000e+00
0.510296 0.000000000000000000e+00
0.512761 0.000000000000000000e+00
0.515227 0.000000000000000000e+00
0.517693 0.000000000000000000e+00
0.520158 0.000000000000000000e+00
0.522624 0.000000000000000000e+00
0.525089 0.000000000000000000e+00
0.527554 0.000000000000000000e+00
0.530019 0.000000000000000000e+00
0.532976 0.000000000000000000e+00
0.53544 0.000000000000000000e+00
0.537904 0.000000000000000000e+00
0.540368 0.000000000000000000e+00
0.542831 0.000000000000000000e+00
0.545294 0.000000000000000000e+00
0.547757 0.000000000000000000e+00
0.55022 0.000000000000000000e+00
0.552682 0.000000000000000000e+00
0.555143 0.000000000000000000e+00
0.557605 0.000000000000000000e+00
0.560066 0.000000000000000000e+00
0.562527 0.000000000000000000e+00
0.56548 0.000000000000000000e+00
0.56794 0.000000000000000000e+00
0.5704 0.000000000000000000e+00
0.57286 0.000000000000000000e+00
0.57532 0.000000000000000000e+00
0.577779 0.000000000000000000e+00
0.580238 0.000000000000000000e+00
0.582696 0.000000000000000000e+00
0.585154 0.000000000000000000e+00
0.587611 0.000000000000000000e+00
0.590068 0.000000000000000000e+00
0.592525 0.000000000000000000e+00
0.595472 0.000000000000000000e+00
0.597928 0.000000000000000000e+00
0.600383 0.000000000000000000e+00
0.602838 0.000000000000000000e+00
0.605293 0.000000000000000000e+00
0.607747 0.000000000000000000e+00
0.6102 0.000000000000000000e+00
0.612653 0.000000000000000000e+00
0.615106 0.000000000000000000e+00
0.617558 0.000000000000000000e+00
0.62001 0.000000000000000000e+00
0.622952 0.000000000000000000e+00
0.625403 0.000000000000000000e+00
0.627854 0.000000000000000000e+00
0.630304 0.000000000000000000e+00
0.632754 0.000000000000000000e+00
0.635204 0.000000000000000000e+00
0.637652 0.000000000000000000e+00
0.640101 0.000000000000000000e+00
0.642549 0.000000000000000000e+00
0.645486 0.000000000000000000e+00
0.647933 0.000000000000000000e+00
0.650379 0.000000000000000000e+00
0.652825 0.000000000000000000e+00
0.65527 0.000000000000000000e+00
0.657715 0.000000000000000000e+00
0.660159 0.000000000000000000e+00
0.662603 0.000000000000000000e+00
0.665047 0.000000000000000000e+00
0.667978 0.000000000000000000e+00
0.67042 0.000000000000000000e+00
0.672862 0.000000000000000000e+00
0.675304 0.000000000000000000e+00
0.677745 0.000000000000000000e+00
0.680185 0.000000000000000000e+00
0.682625 0.000000000000000000e+00
0.685064 0.000000000000000000e+00
0.687503 0.000000000000000000e+00
0.690429 0.000000000000000000e+00
0.692867 0.000000000000000000e+00
0.695304 0.000000000000000000e+00
0.697741 0.000000000000000000e+00
0.700177 0.000000000000000000e+00
0.702612 0.000000000000000000e+00
0.705047 0.000000000000000000e+00
0.707968 0.000000000000000000e+00
0.710402 0.000000000000000000e+00
0.712835 0.000000000000000000e+00
0.715267 0.000000000000000000e+00
0.7177 0.000000000000000000e+00
0.720131 0.000000000000000000e+00
0.722562 0.000000000000000000e+00
0.725477 0.000000000000000000e+00
0.727907 0.000000000000000000e+00
0.730336 0.000000000000000000e+00
0.732764 0.000000000000000000e+00
0.735192 0.000000000000000000e+00
0.737619 0.000000000000000000e+00
0.740045 0.000000000000000000e+00
0.742957 0.000000000000000000e+00
0.745382 0.000000000000000000e+00
0.747807 0.000000000000000000e+00
0.75023 0.000000000000000000e+00
0.752654 0.000000000000000000e+00
0.755076 0.000000000000000000e+00
0.757982 0.000000000000000000e+00
0.760403 0.000000000000000000e+00
0.762822 0.000000000000000000e+00
0.765241 0.000000000000000000e+00
0.767658 0.000000000000000000e+00
0.770075 0.000000000000000000e+00
0.772973 0.000000000000000000e+00
0.775388 0.000000000000000000e+00
0.777801 0.000000000000000000e+00
0.780214 0.000000000000000000e+00
0.782625 0.000000000000000000e+00
0.785035 0.000000000000000000e+00
0.787926 0.000000000000000000e+00
0.790334 0.000000000000000000e+00
0.792739 0.000000000000000000e+00
0.795145 0.000000000000000000e+00
0.797548 0.000000000000000000e+00
0.800431 0.000000000000000000e+00
0.802831 0.000000000000000000e+00
0.805231 0.000000000000000000e+00
0.807629 0.000000000000000000e+00
0.810027 0.000000000000000000e+00
0.812902 0.000000000000000000e+00
0.815296 0.000000000000000000e+00
0.817689 0.000000000000000000e+00
0.820081 0.000000000000000000e+00
0.82295 0.000000000000000000e+00
0.825339 0.000000000000000000e+00
0.827728 0.000000000000000000e+00
0.830115 0.000000000000000000e+00
0.832501 0.000000000000000000e+00
0.835362 0.000000000000000000e+00
0.837745 0.000000000000000000e+00
0.840127 0.000000000000000000e+00
0.842508 0.000000000000000000e+00
0.845363 0.000000000000000000e+00
0.847741 0.000000000000000000e+00
0.850117 5.881442250273090580e-10
0.852968 1.170337816910406009e-08
0.855342 1.120947324314941272e-07
0.857715 3.933469085717528697e-07
0.860086 1.435691007221315058e-06
0.86293 3.178486308993352836e-06
0.865299 5.095851975678201233e-06
0.867666 7.445765152422985111e-06
0.870033 1.012515192909029251e-05
0.872871 1.359344394920904458e-05
0.875235 1.657809336253029175e-05
0.877597 1.958533302763135715e-05
0.880431 2.318600546570174841e-05
0.882791 2.616362550924911302e-05
0.88515 2.911144975201739014e-05
0.887508 3.201761211958506969e-05
0.890336 3.544723778587635150e-05
0.892691 3.825989774195674953e-05
0.895046 4.103712292286138382e-05
0.897869 4.432047755305522195e-05
0.900221 4.701891943705032204e-05
0.902572 4.968376847023752964e-05
0.905391 5.284212633625326027e-05
0.907739 5.544196106779102366e-05
0.910086 5.801427621883884156e-05
0.912901 6.106636641894157649e-05
0.915245 6.358322556549250389e-05
0.917589 6.607878802791824200e-05
0.920399 6.904820522079141735e-05
0.922741 7.150527146644987874e-05
0.92508 7.394776763014789792e-05
0.927887 7.686396819004885736e-05
0.930224 7.928194582643448198e-05
0.932562 8.169195963297646375e-05
0.935364 8.457224886804069362e-05
0.937699 8.696517235339561224e-05
0.940032 8.935059635434504626e-05
0.94283 9.220525859674211244e-05
0.945161 9.457712104198989344e-05
0.947956 9.741559424337713625e-05
0.950285 9.977456697809562790e-05
0.952612 1.021274191214947597e-04
0.955404 1.049434578863444153e-04
0.957728 1.072831306026745450e-04
0.960052 1.096175805208132552e-04
0.962839 1.124104388586095305e-04
0.965161 1.147320729330655371e-04
0.967945 1.175088577503420812e-04
0.970264 1.198166581263722125e-04
0.972582 1.221173410225484264e-04
0.975363 1.248699761243315649e-04
0.977678 1.271562772783113007e-04
0.980456 1.298913866475504095e-04
0.98277 1.321639017101544080e-04
0.985082 1.344304039850540669e-04
0.987856 1.371435202947917048e-04
0.990166 1.393985796141354106e-04
0.992938 1.420996803691387366e-04
0.995245 1.443452842939143795e-04
0.997553 1.465883829193879973e-04
1.00032 1.492749419281312715e-04
1.00262 1.515121789694047212e-04
1.00539 1.541950527551596531e-04
1.00769 1.564320820021020445e-04
1.01045 1.591212105830428891e-04
1.01275 1.613708512497196747e-04
1.01505 1.636345118128998812e-04
1.01781 1.663782198251509057e-04
1.02011 1.686968194205133481e-04
1.02286 1.715285891710330074e-04
1.02516 1.739406189544560530e-04
1.02791 1.769075635592460552e-04
1.0302 1.794504456186576675e-04
1.03295 1.825933502276571154e-04
1.03524 1.852941055050623333e-04
1.03753 1.880700069290323060e-04
1.04027 1.914959084907522677e-04
1.04256 1.944170266564162835e-04
1.0453 1.979728104472178347e-04
1.04759 2.009507099844610122e-04
1.05033 2.045023993693239489e-04
1.05261 2.074176829783027070e-04
1.05535 2.108292920372250201e-04
1.05763 2.135850050478798072e-04
1.06036 2.167719452854530106e-04
1.06264 2.193254410921853786e-04
1.06537 2.222698378597444304e-04
1.06765 2.246311765496389334e-04
1.07038 2.273630439524887414e-04
1.07265 2.295573447438722004e-04
1.07538 2.320903682867037142e-04
1.07765 2.341082308634551319e-04
1.08038 2.364033357156834357e-04
1.08264 2.381917626918008118e-04
1.08537 2.401670643326389945e-04
1.08763 2.416501522096994262e-04
1.09035 2.432114892732743609e-04
1.09262 2.443070859295010133e-04
1.09533 2.453586999852654885e-04
1.0976 2.460033640282433226e-04
1.10031 2.464169782886543023e-04
1.10257 2.465435793949312848e-04
1.10528 2.463212911392850726e-04
1.10754 2.457486082467346148e-04
1.11025 2.443363224942116736e-04
1.1125 2.425269067291250125e-04
1.11521 2.395412809759639200e-04
1.11791 2.356006234951567703e-04
1.12017 2.315452433716220560e-04
1.12287 2.257140204982903897e-04
1.12512 2.200265346801950136e-04
1.12782 2.122026491593846523e-04
1.13007 2.048533333753173812e-04
1.13276 1.950769232656240828e-04
1.13501 1.861762193480381877e-04
1.1377 1.746800251337867090e-04
1.14039 1.624221065130060815e-04
1.14264 1.517418828350775538e-04
1.14533 1.385405334999029853e-04
1.14757 1.273576113255779759e-04
1.15025 1.139274017980552447e-04
1.15294 1.006963407039362544e-04
1.15518 8.999076067926864929e-05
1.15786 7.771051329799074075e-05
1.1601 6.807694892780779465e-05
1.16278 5.737287159423813410e-05
1.16501 4.924309034722525505e-05
1.16769 4.050906670662168655e-05
1.17036 3.290648441251435287e-05
1.17259 2.742875804200309582e-05
1.17526 2.183870039873246727e-05
1.17794 1.724804594620785880e-05
1.18017 1.411384293332936883e-05
1.18284 1.108589897330795620e-05
1.18507 9.090980326157756358e-06
1.18775 7.227422874853042015e-06
1.19043 5.830897451215191803e-06
1.19267 4.935442324547163810e-06
1.19535 4.082620371595339630e-06
1.19758 3.499839883157932976e-06
1.20027 2.909513134756867823e-06
1.2025 2.488839529719979623e-06
1.20519 2.055148700570515308e-06
1.20788 1.688738637672327636e-06
1.21012 1.428816794652848867e-06
1.21281 1.164705887134670100e-06
1.21505 9.797634956303828360e-07
1.21774 7.941208527905338248e-07
1.22043 6.422838896225487587e-07
1.22268 5.375159084356976983e-07
1.22537 4.335876176777336579e-07
1.22762 3.622127300284200355e-07
1.23032 2.915891287474619933e-07
1.23257 2.431607141799727539e-07
1.23527 1.952710356441776057e-07
1.23752 1.624570931586780735e-07
1.24022 1.300570415869817103e-07
1.24292 1.039282572147708105e-07
1.24517 8.609186200350625641e-08
1.24788 6.856817787494817779e-08
1.25013 5.665192155298953063e-08
1.25284 4.498396192098182710e-08
1.2551 3.707560101644019065e-08
1.25781 2.935304629419510593e-08
1.26007 2.413190116842780533e-08
1.26278 1.904593480345624814e-08
1.26504 1.561506644412899300e-08
1.26776 1.228295042427566047e-08
1.27002 1.004199259771086118e-08
1.27274 7.872343552010151898e-09
1.275 6.416992868223159331e-09
1.27772 5.011774903786389334e-09
1.28044 3.905182882629143904e-09
1.28271 3.166571609850893345e-09
1.28543 2.456546841001965682e-09
1.2877 1.984305792277029918e-09
1.29043 1.532174300569449352e-09
1.2927 1.232619840035563741e-09
1.29543 9.469986934667876628e-10
1.2977 7.584843499177610748e-10
1.30043 5.794689704907150013e-10
1.30271 4.617775795976925466e-10
1.30544 3.504938993492333845e-10
1.30772 2.776764799428498344e-10
1.31045 2.091482765978445902e-10
1.31273 1.645478272043906254e-10
1.31501 1.289873441528319873e-10
1.31775 9.578773923186954990e-11
1.32003 7.436963528848115158e-11
1.32277 5.450771275028665742e-11
1.32506 4.178856024224048964e-11
1.3278 3.008092388180200840e-11
1.33008 2.265093369501346124e-11
1.33283 1.587917120905134385e-11
1.33512 1.163609398301482379e-11
1.33786 7.835601251525751774e-12
1.34015 5.453580262774946700e-12
1.3429 3.419207990664617306e-12
1.34519 1.952624249922424195e-12
1.34794 4.137221875046802335e-13
1.35024 0.000000000000000000e+00
1.35253 0.000000000000000000e+00
1.35528 0.000000000000000000e+00
1.35758 0.000000000000000000e+00
1.36033 0.000000000000000000e+00
1.36263 0.000000000000000000e+00
1.36539 0.000000000000000000e+00
1.36769 0.000000000000000000e+00
1.37045 0.000000000000000000e+00
1.37275 0.000000000000000000e+00
1.37505 0.000000000000000000e+00
1.37781 0.000000000000000000e+00
1.38012 0.000000000000000000e+00
1.38288 0.000000000000000000e+00
1.38518 0.000000000000000000e+00
1.38795 0.000000000000000000e+00
1.39026 0.000000000000000000e+00
1.39256 0.000000000000000000e+00
1.39533 0.000000000000000000e+00
1.39764 0.000000000000000000e+00
1.40041 0.000000000000000000e+00
1.40272 0.000000000000000000e+00
1.40504 0.000000000000000000e+00
1.40781 0.000000000000000000e+00
1.41012 0.000000000000000000e+00
1.4129 0.000000000000000000e+00
1.41521 0.000000000000000000e+00
1.41753 0.000000000000000000e+00
1.42031 0.000000000000000000e+00
1.42262 0.000000000000000000e+00
1.4254 0.000000000000000000e+00
1.42772 0.000000000000000000e+00
1.43004 0.000000000000000000e+00
1.43283 0.000000000000000000e+00
1.43515 0.000000000000000000e+00
1.43793 0.000000000000000000e+00
1.44025 0.000000000000000000e+00
1.44258 0.000000000000000000e+00
1.44536 0.000000000000000000e+00
1.44769 0.000000000000000000e+00
1.45001 0.000000000000000000e+00
1.4528 0.000000000000000000e+00
1.45513 0.000000000000000000e+00
1.45792 0.000000000000000000e+00
1.46025 0.000000000000000000e+00
1.46258 0.000000000000000000e+00
1.46538 0.000000000000000000e+00
1.46771 0.000000000000000000e+00
1.47004 0.000000000000000000e+00
1.47284 0.000000000000000000e+00
1.47517 0.000000000000000000e+00
1.4775 0.000000000000000000e+00
1.48031 0.000000000000000000e+00
1.48264 0.000000000000000000e+00
1.48545 0.000000000000000000e+00
1.48779 0.000000000000000000e+00
1.49013 0.000000000000000000e+00
1.49293 0.000000000000000000e+00
1.49528 0.000000000000000000e+00
1.49762 0.000000000000000000e+00
1.50043 0.000000000000000000e+00
1.50278 0.000000000000000000e+00
1.50513 0.000000000000000000e+00
1.50794 0.000000000000000000e+00
1.5103 0.000000000000000000e+00
1.51265 0.000000000000000000e+00
1.515 0.000000000000000000e+00
1.51783 0.000000000000000000e+00
1.52019 0.000000000000000000e+00
1.52255 0.000000000000000000e+00
1.52538 0.000000000000000000e+00
1.52775 0.000000000000000000e+00
1.53012 0.000000000000000000e+00
1.53297 0.000000000000000000e+00
1.53534 0.000000000000000000e+00
1.53772 0.000000000000000000e+00
1.5401 0.000000000000000000e+00
1.54297 0.000000000000000000e+00
1.54536 0.000000000000000000e+00
1.54775 0.000000000000000000e+00
1.55015 0.000000000000000000e+00
1.55255 0.000000000000000000e+00
1.55544 0.000000000000000000e+00
1.55785 0.000000000000000000e+00
1.56027 0.000000000000000000e+00
1.56269 0.000000000000000000e+00
1.56512 0.000000000000000000e+00
1.56755 0.000000000000000000e+00
1.57048 0.000000000000000000e+00
1.57293 0.000000000000000000e+00
1.57538 0.000000000000000000e+00
1.57784 0.000000000000000000e+00
1.58031 0.000000000000000000e+00
1.58278 0.000000000000000000e+00
1.58526 0.000000000000000000e+00
1.58775 0.000000000000000000e+00
1.59024 0.000000000000000000e+00
1.59274 0.000000000000000000e+00
1.59524 0.000000000000000000e+00
1.59776 0.000000000000000000e+00
1.60028 0.000000000000000000e+00
1.60281 0.000000000000000000e+00
1.60534 0.000000000000000000e+00
1.60789 0.000000000000000000e+00
1.61044 0.000000000000000000e+00
1.613 0.000000000000000000e+00
1.61505 0.000000000000000000e+00
1.61763 0.000000000000000000e+00
1.62021 0.000000000000000000e+00
1.62281 0.000000000000000000e+00
1.62541 0.000000000000000000e+00
1.6275 0.000000000000000000e+00
1.63012 0.000000000000000000e+00
1.63275 0.000000000000000000e+00
1.63539 0.000000000000000000e+00
1.6375 0.000000000000000000e+00
1.64016 0.000000000000000000e+00
1.64282 0.000000000000000000e+00
1.6455 0.000000000000000000e+00
1.64764 0.000000000000000000e+00
1.65034 0.000000000000000000e+00
1.65304 0.000000000000000000e+00
1.65521 0.000000000000000000e+00
1.65793 0.000000000000000000e+00
1.66011 0.000000000000000000e+00
1.66285 0.000000000000000000e+00
1.66505 0.000000000000000000e+00
1.6678 0.000000000000000000e+00
1.67001 0.000000000000000000e+00
1.67278 0.000000000000000000e+00
1.675 0.000000000000000000e+00
1.67779 0.000000000000000000e+00
1.68002 0.000000000000000000e+00
1.68282 0.000000000000000000e+00
1.68506 0.000000000000000000e+00
1.68788 0.000000000000000000e+00
1.69013 0.000000000000000000e+00
1.69296 0.000000000000000000e+00
1.69523 0.000000000000000000e+00
1.69807 0.000000000000000000e+00
1.70035 0.000000000000000000e+00
1.70263 0.000000000000000000e+00
1.7055 0.000000000000000000e+00
1.7078 0.000000000000000000e+00
1.7101 0.000000000000000000e+00
1.71299 0.000000000000000000e+00
1.7153 0.000000000000000000e+00
1.71763 0.000000000000000000e+00
1.72054 0.000000000000000000e+00
1.72287 0.000000000000000000e+00
1.72521 0.000000000000000000e+00
1.72756 0.000000000000000000e+00
1.7305 0.000000000000000000e+00
1.73285 0.000000000000000000e+00
1.7352 0.000000000000000000e+00
1.73755 0.000000000000000000e+00
1.74038 0.000000000000000000e+00
1.74265 0.000000000000000000e+00
1.74536 0.000000000000000000e+00
1.74803 0.000000000000000000e+00
1.7502 0.000000000000000000e+00
1.75291 0.000000000000000000e+00
1.75507 0.000000000000000000e+00
1.75774 0.000000000000000000e+00
1.76038 0.000000000000000000e+00
1.76298 0.000000000000000000e+00
1.76506 0.000000000000000000e+00
1.76768 0.000000000000000000e+00
1.77029 0.000000000000000000e+00
1.7729 0.000000000000000000e+00
1.77551 0.000000000000000000e+00
1.77758 0.000000000000000000e+00
1.78018 0.000000000000000000e+00
1.78281 0.000000000000000000e+00
1.78543 0.000000000000000000e+00
1.7875 0.000000000000000000e+00
1.7901 0.000000000000000000e+00
1.79275 0.000000000000000000e+00
1.79542 0.000000000000000000e+00
1.79754 0.000000000000000000e+00
1.80017 0.000000000000000000e+00
1.8028 0.000000000000000000e+00
1.80542 0.000000000000000000e+00
1.80752 0.000000000000000000e+00
1.81016 0.000000000000000000e+00
1.81279 0.000000000000000000e+00
1.81541 0.000000000000000000e+00
1.81751 0.000000000000000000e+00
1.82013 0.000000000000000000e+00
1.82276 0.000000000000000000e+00
1.82544 0.000000000000000000e+00
1.82759 0.000000000000000000e+00
1.83023 0.000000000000000000e+00
1.83288 0.000000000000000000e+00
1.83501 0.000000000000000000e+00
1.83768 0.000000000000000000e+00
1.84033 0.000000000000000000e+00
1.84297 0.000000000000000000e+00
1.84508 0.000000000000000000e+00
1.84771 0.000000000000000000e+00
1.85038 0.000000000000000000e+00
1.85253 0.000000000000000000e+00
1.85521 0.000000000000000000e+00
1.85789 0.000000000000000000e+00
1.86004 0.000000000000000000e+00
1.86273 0.000000000000000000e+00
1.86542 0.000000000000000000e+00
1.86754 0.000000000000000000e+00
1.8702 0.000000000000000000e+00
1.8729 0.000000000000000000e+00
1.87506 0.000000000000000000e+00
1.87775 0.000000000000000000e+00
1.88044 0.000000000000000000e+00
1.88259 0.000000000000000000e+00
1.88528 0.000000000000000000e+00
1.88798 0.000000000000000000e+00
1.89014 0.000000000000000000e+00
1.89283 0.000000000000000000e+00
1.89551 0.000000000000000000e+00
1.89765 0.000000000000000000e+00
1.90034 0.000000000000000000e+00
1.90302 0.000000000000000000e+00
1.90518 0.000000000000000000e+00
1.90787 0.000000000000000000e+00
1.91051 0.000000000000000000e+00
1.91263 0.000000000000000000e+00
1.91533 0.000000000000000000e+00
1.91803 0.000000000000000000e+00
1.92019 0.000000000000000000e+00
1.92288 0.000000000000000000e+00
1.92506 0.000000000000000000e+00
1.9278 0.000000000000000000e+00
1.93051 0.000000000000000000e+00
1.93263 0.000000000000000000e+00
1.9353 0.000000000000000000e+00
1.93798 0.000000000000000000e+00
1.94012 0.000000000000000000e+00
1.9428 0.000000000000000000e+00
1.94548 0.000000000000000000e+00
1.94764 0.000000000000000000e+00
1.95033 0.000000000000000000e+00
1.9525 0.000000000000000000e+00
1.95522 0.000000000000000000e+00
1.95793 0.000000000000000000e+00
1.96008 0.000000000000000000e+00
1.96278 0.000000000000000000e+00
1.96548 0.000000000000000000e+00
1.96763 0.000000000000000000e+00
1.9703 0.000000000000000000e+00
1.97298 0.000000000000000000e+00
1.97513 0.000000000000000000e+00
1.97782 0.000000000000000000e+00
1.9805 0.000000000000000000e+00
1.98264 0.000000000000000000e+00
1.98533 0.000000000000000000e+00
1.98801 0.000000000000000000e+00
1.99016 0.000000000000000000e+00
1.99285 0.000000000000000000e+00
1.995 0.000000000000000000e+00
1.9977 0.000000000000000000e+00
2.00039 0.000000000000000000e+00
2.00253 0.000000000000000000e+00
2.00521 0.000000000000000000e+00
2.00793 0.000000000000000000e+00
2.0101 0.000000000000000000e+00
2.0128 0.000000000000000000e+00
2.0155 0.000000000000000000e+00
2.01765 0.000000000000000000e+00
2.02033 0.000000000000000000e+00
2.02304 0.000000000000000000e+00
2.02521 0.000000000000000000e+00
2.02792 0.000000000000000000e+00
2.03009 0.000000000000000000e+00
2.03279 0.000000000000000000e+00
2.03549 0.000000000000000000e+00
2.03765 0.000000000000000000e+00
2.04033 0.000000000000000000e+00
2.04303 0.000000000000000000e+00
2.0452 0.000000000000000000e+00
2.04791 0.000000000000000000e+00
2.05008 0.000000000000000000e+00
2.0528 0.000000000000000000e+00
2.0555 0.000000000000000000e+00
2.05766 0.000000000000000000e+00
2.06037 0.000000000000000000e+00
2.06254 0.000000000000000000e+00
2.06525 0.000000000000000000e+00
2.06795 0.000000000000000000e+00
2.07011 0.000000000000000000e+00
2.07281 0.000000000000000000e+00
2.07552 0.000000000000000000e+00
2.07767 0.000000000000000000e+00
2.08036 0.000000000000000000e+00
2.08257 0.000000000000000000e+00
2.08533 0.000000000000000000e+00
2.08751 0.000000000000000000e+00
2.09022 0.000000000000000000e+00
2.09292 0.000000000000000000e+00
2.09508 0.000000000000000000e+00
2.09778 0.000000000000000000e+00
2.10048 0.000000000000000000e+00
2.10263 0.000000000000000000e+00
2.10533 0.000000000000000000e+00
2.10803 0.000000000000000000e+00
2.1102 0.000000000000000000e+00
2.11292 0.000000000000000000e+00
2.1151 0.000000000000000000e+00
2.11782 0.000000000000000000e+00
2.12053 0.000000000000000000e+00
2.12271 0.000000000000000000e+00
2.12542 0.000000000000000000e+00
2.12758 0.000000000000000000e+00
2.13028 0.000000000000000000e+00
2.13298 0.000000000000000000e+00
2.13514 0.000000000000000000e+00
2.13785 0.000000000000000000e+00
2.14002 0.000000000000000000e+00
2.14273 0.000000000000000000e+00
2.14543 0.000000000000000000e+00
2.1476 0.000000000000000000e+00
2.1503 0.000000000000000000e+00
2.153 0.000000000000000000e+00
2.15516 0.000000000000000000e+00
2.15786 0.000000000000000000e+00
2.16001 0.000000000000000000e+00
2.16271 0.000000000000000000e+00
2.16541 0.000000000000000000e+00
2.16758 0.000000000000000000e+00
2.17027 0.000000000000000000e+00
2.17297 0.000000000000000000e+00
2.17513 0.000000000000000000e+00
2.17784 0.000000000000000000e+00
2.1805 0.000000000000000000e+00
2.18263 0.000000000000000000e+00
2.18535 0.000000000000000000e+00
2.18754 0.000000000000000000e+00
2.19025 0.000000000000000000e+00
2.19296 0.000000000000000000e+00
2.19514 0.000000000000000000e+00
2.19787 0.000000000000000000e+00
2.20005 0.000000000000000000e+00
2.20272 0.000000000000000000e+00
2.20539 0.000000000000000000e+00
2.20753 0.000000000000000000e+00
2.21021 0.000000000000000000e+00
2.2129 0.000000000000000000e+00
2.21505 0.000000000000000000e+00
2.21773 0.000000000000000000e+00
2.22041 0.000000000000000000e+00
2.22257 0.000000000000000000e+00
2.22528 0.000000000000000000e+00
2.22797 0.000000000000000000e+00
2.23011 0.000000000000000000e+00
2.23279 0.000000000000000000e+00
2.23547 0.000000000000000000e+00
2.23763 0.000000000000000000e+00
2.24034 0.000000000000000000e+00
2.2425 0.000000000000000000e+00
2.24521 0.000000000000000000e+00
2.24791 0.000000000000000000e+00
2.25005 0.000000000000000000e+00
2.25272 0.000000000000000000e+00
2.2554 0.000000000000000000e+00
2.25754 0.000000000000000000e+00
2.26025 0.000000000000000000e+00
2.26297 0.000000000000000000e+00
2.26513 0.000000000000000000e+00
2.26782 0.000000000000000000e+00
2.2705 0.000000000000000000e+00
2.27264 0.000000000000000000e+00
2.27532 0.000000000000000000e+00
2.27801 0.000000000000000000e+00
2.28017 0.000000000000000000e+00
2.2829 0.000000000000000000e+00
2.28508 0.000000000000000000e+00
2.28777 0.000000000000000000e+00
2.29045 0.000000000000000000e+00
2.29259 0.000000000000000000e+00
2.29527 0.000000000000000000e+00
2.29797 0.000000000000000000e+00
2.30014 0.000000000000000000e+00
2.30283 0.000000000000000000e+00
2.30552 0.000000000000000000e+00
2.30767 0.000000000000000000e+00
2.31036 0.000000000000000000e+00
2.31252 0.000000000000000000e+00
2.31523 0.000000000000000000e+00
2.31794 0.000000000000000000e+00
2.3201 0.000000000000000000e+00
2.32281 0.000000000000000000e+00
2.32552 0.000000000000000000e+00
2.32767 0.000000000000000000e+00
2.3304 0.000000000000000000e+00
2.33259 0.000000000000000000e+00
2.33532 0.000000000000000000e+00
2.33802 0.000000000000000000e+00
2.34019 0.000000000000000000e+00
2.3429 0.000000000000000000e+00
2.34507 0.000000000000000000e+00
2.34778 0.000000000000000000e+00
2.35049 0.000000000000000000e+00
2.35264 0.000000000000000000e+00
2.35534 0.000000000000000000e+00
2.35803 0.000000000000000000e+00
2.36018 0.000000000000000000e+00
2.36288 0.000000000000000000e+00
2.36503 0.000000000000000000e+00
2.36775 0.000000000000000000e+00
2.37051 0.000000000000000000e+00
2.3727 0.000000000000000000e+00
2.3754 0.000000000000000000e+00
2.37756 0.000000000000000000e+00
2.38029 0.000000000000000000e+00
2.38301 0.000000000000000000e+00
2.38521 0.000000000000000000e+00
2.38795 0.000000000000000000e+00
2.39012 0.000000000000000000e+00
2.39282 0.000000000000000000e+00
2.39501 0.000000000000000000e+00
2.39777 0.000000000000000000e+00
2.40051 0.000000000000000000e+00
2.40267 0.000000000000000000e+00
2.40538 0.000000000000000000e+00
2.40755 0.000000000000000000e+00
2.41027 0.000000000000000000e+00
2.41298 0.000000000000000000e+00
2.41515 0.000000000000000000e+00
2.41786 0.000000000000000000e+00
2.42003 0.000000000000000000e+00
2.42276 0.000000000000000000e+00
2.4255 0.000000000000000000e+00
2.42768 0.000000000000000000e+00
2.43039 0.000000000000000000e+00
2.43256 0.000000000000000000e+00
2.4353 0.000000000000000000e+00
2.43805 0.000000000000000000e+00
2.44024 0.000000000000000000e+00
2.44299 0.000000000000000000e+00
2.44516 0.000000000000000000e+00
2.44787 0.000000000000000000e+00
2.45007 0.000000000000000000e+00
2.45283 0.000000000000000000e+00
2.45502 0.000000000000000000e+00
2.45773 0.000000000000000000e+00
2.46047 0.000000000000000000e+00
2.46268 0.000000000000000000e+00
2.46544 0.000000000000000000e+00
2.46762 0.000000000000000000e+00
2.47035 0.000000000000000000e+00
2.47255 0.000000000000000000e+00
2.4753 0.000000000000000000e+00
2.47804 0.000000000000000000e+00
2.48023 0.000000000000000000e+00
2.48296 0.000000000000000000e+00
2.48515 0.000000000000000000e+00
2.48788 0.000000000000000000e+00
2.49007 0.000000000000000000e+00
2.49282 0.000000000000000000e+00
2.49502 0.000000000000000000e+00
2.49777 0.000000000000000000e+00
2.50051 0.000000000000000000e+00
2.5027 0.000000000000000000e+00
2.50543 0.000000000000000000e+00
2.50761 0.000000000000000000e+00
2.51033 0.000000000000000000e+00
2.51252 0.000000000000000000e+00
2.51525 0.000000000000000000e+00
2.51799 0.000000000000000000e+00
2.52018 0.000000000000000000e+00
2.52293 0.000000000000000000e+00
2.52512 0.000000000000000000e+00
2.52787 0.000000000000000000e+00
2.53007 0.000000000000000000e+00
2.5328 0.000000000000000000e+00
2.53554 0.000000000000000000e+00
2.53771 0.000000000000000000e+00
2.54043 0.000000000000000000e+00
2.54261 0.000000000000000000e+00
2.54534 0.000000000000000000e+00
2.54752 0.000000000000000000e+00
2.55023 0.000000000000000000e+00
2.55296 0.000000000000000000e+00
2.55515 0.000000000000000000e+00
2.5579 0.000000000000000000e+00
2.56008 0.000000000000000000e+00
2.5628 0.000000000000000000e+00
2.56553 0.000000000000000000e+00
2.5677 0.000000000000000000e+00
2.57042 0.000000000000000000e+00
2.5726 0.000000000000000000e+00
2.57532 0.000000000000000000e+00
2.57751 0.000000000000000000e+00
2.58024 0.000000000000000000e+00
2.58297 0.000000000000000000e+00
2.58516 0.000000000000000000e+00
2.58792 0.000000000000000000e+00
2.59014 0.000000000000000000e+00
2.59288 0.000000000000000000e+00
2.59507 0.000000000000000000e+00
2.5978 0.000000000000000000e+00
2.60054 0.000000000000000000e+00
2.60273 0.000000000000000000e+00
2.60547 0.000000000000000000e+00
2.60767 0.000000000000000000e+00
2.61042 0.000000000000000000e+00
2.61262 0.000000000000000000e+00
2.61538 0.000000000000000000e+00
2.61759 0.000000000000000000e+00
2.62033 0.000000000000000000e+00
2.62252 0.000000000000000000e+00
2.62527 0.000000000000000000e+00
2.62804 0.000000000000000000e+00
2.63024 0.000000000000000000e+00
2.63298 0.000000000000000000e+00
2.63517 0.000000000000000000e+00
2.63792 0.000000000000000000e+00
2.64013 0.000000000000000000e+00
2.64287 0.000000000000000000e+00
2.64506 0.000000000000000000e+00
2.64782 0.000000000000000000e+00
2.65003 0.000000000000000000e+00
2.65279 0.000000000000000000e+00
2.65552 0.000000000000000000e+00
2.65772 0.000000000000000000e+00
2.66046 0.000000000000000000e+00
2.66266 0.000000000000000000e+00
2.66539 0.000000000000000000e+00
2.66758 0.000000000000000000e+00
2.67032 0.000000000000000000e+00
2.6725 0.000000000000000000e+00
2.67526 0.000000000000000000e+00
2.67801 0.000000000000000000e+00
2.68021 0.000000000000000000e+00
2.68296 0.000000000000000000e+00
2.68516 0.000000000000000000e+00
2.68792 0.000000000000000000e+00
2.69013 0.000000000000000000e+00
2.69287 0.000000000000000000e+00
2.69506 0.000000000000000000e+00
2.69782 0.000000000000000000e+00
2.70003 0.000000000000000000e+00
2.70278 0.000000000000000000e+00
2.70553 0.000000000000000000e+00
2.70773 0.000000000000000000e+00
2.71048 0.000000000000000000e+00
2.7127 0.000000000000000000e+00
2.71549 0.000000000000000000e+00
2.71772 0.000000000000000000e+00
2.72047 0.000000000000000000e+00
2.72267 0.000000000000000000e+00
2.72541 0.000000000000000000e+00
2.72761 0.000000000000000000e+00
2.73035 0.000000000000000000e+00
2.73254 0.000000000000000000e+00
2.73528 0.000000000000000000e+00
2.73802 0.000000000000000000e+00
2.74021 0.000000000000000000e+00
2.74296 0.000000000000000000e+00
2.74517 0.000000000000000000e+00
2.74792 0.000000000000000000e+00
2.75013 0.000000000000000000e+00
2.75287 0.000000000000000000e+00
2.75506 0.000000000000000000e+00
2.75779 0.000000000000000000e+00
2.76052 0.000000000000000000e+00
2.76272 0.000000000000000000e+00
2.76547 0.000000000000000000e+00
2.76767 0.000000000000000000e+00
2.77042 0.000000000000000000e+00
2.77263 0.000000000000000000e+00
2.7754 0.000000000000000000e+00
2.77761 0.000000000000000000e+00
2.78038 0.000000000000000000e+00
2.78259 0.000000000000000000e+00
2.78534 0.000000000000000000e+00
2.78754 0.000000000000000000e+00
2.79029 0.000000000000000000e+00
2.79304 0.000000000000000000e+00
2.79523 0.000000000000000000e+00
2.79796 0.000000000000000000e+00
2.80014 0.000000000000000000e+00
2.80289 0.000000000000000000e+00
2.80509 0.000000000000000000e+00
2.80783 0.000000000000000000e+00
2.81002 0.000000000000000000e+00
2.81277 0.000000000000000000e+00
2.81552 0.000000000000000000e+00
2.81773 0.000000000000000000e+00
2.82049 0.000000000000000000e+00
2.8227 0.000000000000000000e+00
2.82547 0.000000000000000000e+00
2.82767 0.000000000000000000e+00
2.83041 0.000000000000000000e+00
2.8326 0.000000000000000000e+00
2.83536 0.000000000000000000e+00
2.83756 0.000000000000000000e+00
2.84032 0.000000000000000000e+00
2.84252 0.000000000000000000e+00
2.84528 0.000000000000000000e+00
2.84804 0.000000000000000000e+00
2.85024 0.000000000000000000e+00
2.853 0.000000000000000000e+00
2.85521 0.000000000000000000e+00
2.85798 0.000000000000000000e+00
2.86019 0.000000000000000000e+00
2.86295 0.000000000000000000e+00
2.86515 0.000000000000000000e+00
2.8679 0.000000000000000000e+00
2.87011 0.000000000000000000e+00
2.87286 0.000000000000000000e+00
2.87505 0.000000000000000000e+00
2.8778 0.000000000000000000e+00
2.88001 0.000000000000000000e+00
2.88277 0.000000000000000000e+00
2.88553 0.000000000000000000e+00
2.88774 0.000000000000000000e+00
2.89052 0.000000000000000000e+00
2.89274 0.000000000000000000e+00
2.89551 0.000000000000000000e+00
2.89772 0.000000000000000000e+00
2.90048 0.000000000000000000e+00
2.90268 0.000000000000000000e+00
2.90544 0.000000000000000000e+00
2.90765 0.000000000000000000e+00
2.91042 0.000000000000000000e+00
2.91264 0.000000000000000000e+00
2.91541 0.000000000000000000e+00
2.91762 0.000000000000000000e+00
2.92039 0.000000000000000000e+00
2.92261 0.000000000000000000e+00
2.92538 0.000000000000000000e+00
2.9276 0.000000000000000000e+00
2.93036 0.000000000000000000e+00
2.93257 0.000000000000000000e+00
2.93531 0.000000000000000000e+00
2.93751 0.000000000000000000e+00
2.94028 0.000000000000000000e+00
2.94305 0.000000000000000000e+00
2.94526 0.000000000000000000e+00
2.94801 0.000000000000000000e+00
2.95022 0.000000000000000000e+00
2.95299 0.000000000000000000e+00
2.95519 0.000000000000000000e+00
2.95795 0.000000000000000000e+00
2.96016 0.000000000000000000e+00
2.96293 0.000000000000000000e+00
2.96515 0.000000000000000000e+00
2.96791 0.000000000000000000e+00
2.97012 0.000000000000000000e+00
2.97288 0.000000000000000000e+00
2.97508 0.000000000000000000e+00
2.97785 0.000000000000000000e+00
2.98007 0.000000000000000000e+00
2.98285 0.000000000000000000e+00
2.98508 0.000000000000000000e+00
2.98787 0.000000000000000000e+00
2.99008 0.000000000000000000e+00
2.99285 0.000000000000000000e+00
2.99507 0.000000000000000000e+00
2.99785 0.000000000000000000e+00
3.00006 0.000000000000000000e+00
3.00281 0.000000000000000000e+00
3.00502 0.000000000000000000e+00
3.00778 0.000000000000000000e+00
3.01054 0.000000000000000000e+00
3.01275 0.000000000000000000e+00
3.01552 0.000000000000000000e+00
3.01776 0.000000000000000000e+00
3.02055 0.000000000000000000e+00
3.02277 0.000000000000000000e+00
3.02554 0.000000000000000000e+00
3.02776 0.000000000000000000e+00
3.03054 0.000000000000000000e+00
3.03276 0.000000000000000000e+00
3.03553 0.000000000000000000e+00
3.03774 0.000000000000000000e+00
3.04051 0.000000000000000000e+00
3.04272 0.000000000000000000e+00
3.04549 0.000000000000000000e+00
3.04771 0.000000000000000000e+00
3.05048 0.000000000000000000e+00
3.0527 0.000000000000000000e+00
3.05548 0.000000000000000000e+00
3.05771 0.000000000000000000e+00
3.06049 0.000000000000000000e+00
3.06271 0.000000000000000000e+00
3.06548 0.000000000000000000e+00
3.0677 0.000000000000000000e+00
3.07047 0.000000000000000000e+00
3.0727 0.000000000000000000e+00
3.07548 0.000000000000000000e+00
3.0777 0.000000000000000000e+00
3.08047 0.000000000000000000e+00
3.08269 0.000000000000000000e+00
3.08549 0.000000000000000000e+00
3.08772 0.000000000000000000e+00
3.0905 0.000000000000000000e+00
3.09272 0.000000000000000000e+00
3.09548 0.000000000000000000e+00
3.09769 0.000000000000000000e+00
3.10047 0.000000000000000000e+00
3.10269 0.000000000000000000e+00
3.10547 0.000000000000000000e+00
3.1077 0.000000000000000000e+00
3.11048 0.000000000000000000e+00
3.11269 0.000000000000000000e+00
3.11546 0.000000000000000000e+00
3.11768 0.000000000000000000e+00
3.12046 0.000000000000000000e+00
3.1227 0.000000000000000000e+00
3.1255 0.000000000000000000e+00
3.12772 0.000000000000000000e+00
3.13049 0.000000000000000000e+00
3.1327 0.000000000000000000e+00
3.13549 0.000000000000000000e+00
3.13771 0.000000000000000000e+00
3.14049 0.000000000000000000e+00
3.14272 0.000000000000000000e+00
3.14549 0.000000000000000000e+00
3.1477 0.000000000000000000e+00
3.15048 0.000000000000000000e+00
3.1527 0.000000000000000000e+00
3.15548 0.000000000000000000e+00
3.15771 0.000000000000000000e+00
3.16049 0.000000000000000000e+00
3.16271 0.000000000000000000e+00
3.16549 0.000000000000000000e+00
3.16771 0.000000000000000000e+00
3.17049 2.356283400582882024e-10
3.17273 1.350835056950273773e-09
3.17552 3.033346585784276059e-09
3.17775 6.119929072302409024e-09
3.18052 1.108464773046260112e-07
3.18274 4.395042650139013437e-07
3.18553 1.435531447853697507e-06
3.18776 2.868482726933403118e-17
3.19054 2.954058245064440917e-12
3.19277 1.176532920070989354e-08
3.195 2.220310843522991528e-08
3.1978 1.619992875410371420e-04
3.20002 2.690234577269123785e-04
3.2028 2.270152763741684044e-04
3.20502 1.962863100438352751e-04
3.20781 1.695193208196033334e-04
3.21003 1.547181435719122307e-04
3.21281 1.418390703943696633e-04
3.21503 1.346904161228298783e-04
3.21781 1.285845096211596719e-04
3.22004 1.255296546937301747e-04
3.22282 1.235015696687921010e-04
3.22505 1.230135003704144778e-04
3.22784 1.235533808371833098e-04
3.23007 1.247968067415782879e-04
3.23286 1.269901606542910065e-04
3.23509 1.290629673890327769e-04
3.23788 1.343365115786009155e-04
3.24011 1.705347264128650444e-04
3.24289 2.221636040315163403e-04
3.24512 2.536934254475878433e-04
3.2479 2.831782245332138855e-04
3.25014 3.002943583651271732e-04
3.25294 3.179345488551896183e-04
3.25517 3.307137031691376660e-04
3.25795 3.457922613898643826e-04
3.26018 3.571886069359502111e-04
3.26298 3.704749686251723436e-04
3.26521 3.801508317019519894e-04
3.268 3.908596152457898269e-04
3.27024 3.982185942085184234e-04
3.27303 4.059349990081564117e-04
3.27525 4.098783984882743551e-04
3.27804 4.152197151814143988e-04
3.28028 4.220158388965047024e-04
3.28251 4.300021834852760932e-04
3.2853 4.407268328179750187e-04
3.28753 4.494834288730217647e-04
3.29031 4.603343307016840961e-04
3.29255 4.688526931916930278e-04
3.29533 4.792351292185384861e-04
3.29756 4.873398837403912411e-04
3.30036 4.973180785576671644e-04
3.3026 5.051294332233648371e-04
3.3054 5.146431498122197709e-04
3.30763 5.219854285807109433e-04
3.31042 5.307737156337508349e-04
3.31266 5.374098816729278938e-04
3.31545 5.447564354399235661e-04
3.31769 5.499031733005333442e-04
3.32049 5.557190054778168593e-04
3.32273 5.600579016287047292e-04
3.32552 5.653075848445041247e-04
3.32775 5.694685131632947926e-04
3.33055 5.746828481023053686e-04
3.33278 5.789130178862091341e-04
3.33502 5.832585463822600926e-04
3.33781 5.888915814200708582e-04
3.34005 5.936462475555461318e-04
3.34284 5.999642324438625831e-04
3.34507 6.053317064027939750e-04
3.34786 6.124090591624818366e-04
3.3501 6.183522036337477405e-04
3.3529 6.261162221804464790e-04
3.35514 6.324203608721307547e-04
3.35794 6.401815580222789672e-04
3.36017 6.462678299109980620e-04
3.36297 6.537030165335356614e-04
3.3652 6.595194023306858149e-04
3.368 6.666275516320904152e-04
3.37024 6.721735885076219512e-04
3.37304 6.789886535299269506e-04
3.37527 6.842847738755558238e-04
3.37751 6.894025150968991454e-04
3.3803 6.957816552337671174e-04
3.38254 7.009244422271287359e-04
3.38534 7.074319330469641372e-04
3.38758 7.126838675742252225e-04
3.39038 7.192661787703733770e-04
3.39262 7.246222227161523395e-04
3.39541 7.315110293282743028e-04
3.39765 7.369793399965012416e-04
3.40045 7.436700550318319424e-04
3.40269 7.488622823624891713e-04
3.40548 7.551458820880888045e-04
3.40772 7.600284634543914494e-04
3.41052 7.659493242037326887e-04
3.41276 7.705402474349260693e-04
3.41501 7.749906490025147395e-04
3.41781 7.802177158674312388e-04
3.42005 7.841036935413064944e-04
3.42284 7.887453260111964301e-04
3.42508 7.923900180259648568e-04
3.42788 7.969170024146120896e-04
3.43011 8.004993169430947965e-04
3.43291 8.048829572616298094e-04
3.43515 8.084713349995355496e-04
3.43796 8.131436030838126022e-04
3.4402 8.169690650111631914e-04
3.443 8.216995274137927144e-04
3.44524 8.254196686888844083e-04
3.44804 8.299881422035597280e-04
3.45028 8.336214658199684203e-04
3.45252 8.372755576131774837e-04
3.45532 8.418668729237912271e-04
3.45756 8.455749729150994825e-04
3.46037 8.501441202885088059e-04
3.46261 8.536952321615003288e-04
3.46542 8.580169040806663074e-04
3.46767 8.615094692803772474e-04
3.47047 8.660077791924736907e-04
3.47271 8.697567480296330934e-04
3.47551 8.746000940637268682e-04
3.47775 8.785640805086390075e-04
3.48056 8.838039969375422389e-04
3.4828 8.882707129703887056e-04
3.48505 8.929224083178099970e-04
3.48785 8.988268793445819893e-04
3.4901 9.035873194769258919e-04
3.4929 9.095697254563619126e-04
3.49514 9.144264221451809836e-04
3.49795 9.206321516558568221e-04
3.50019 9.257064969899959136e-04
3.50299 9.321835987966835182e-04
3.50523 9.373655835303130535e-04
3.50805 9.438082315578080576e-04
3.5103 9.489341145303200340e-04
3.51255 9.541176272624222196e-04
3.51535 9.607355515900189904e-04
3.5176 9.662093371735306236e-04
3.5204 9.732869195110710903e-04
3.52264 9.790810850248035224e-04
3.52546 9.865041926463121238e-04
3.52771 9.926761844407344486e-04
3.53052 1.000691924237345461e-03
3.53277 1.007206799834998870e-03
3.53501 1.013723921696073425e-03
3.53782 1.021829657783757941e-03
3.54007 1.028299501200963207e-03
3.54287 1.036412020541209152e-03
3.54512 1.042953595365329195e-03
3.54792 1.051198255322611293e-03
3.55017 1.057773464321274054e-03
3.55298 1.065848235716627956e-03
3.55524 1.072177550211960524e-03
3.55805 1.079974192826118392e-03
3.56029 1.086227028406263175e-03
3.56253 1.092533124921206108e-03
3.56535 1.100546797877420156e-03
3.5676 1.107096617625771828e-03
3.57041 1.115403497724162286e-03
3.57266 1.122079484523311448e-03
3.57547 1.130588759919496115e-03
3.57771 1.137646432185238088e-03
3.58053 1.146708961342736074e-03
3.58279 1.153946690048825033e-03
3.58505 1.161109050590201312e-03
3.58785 1.169913993858067531e-03
3.5901 1.176908975701638788e-03
3.59291 1.185666756578075296e-03
3.59517 1.192709002808994920e-03
3.59798 1.201503065879762615e-03
3.60023 1.208407204409701072e-03
3.60304 1.216775993846729974e-03
3.60528 1.223270544299004349e-03
3.60753 1.229708235337423090e-03
3.61034 1.237782907634541732e-03
3.6126 1.244275387578106093e-03
3.6154 1.252442318141133541e-03
3.61765 1.259023441175389797e-03
3.62046 1.267298134274434272e-03
3.62271 1.273893728792362730e-03
3.62552 1.282110822269273438e-03
3.62777 1.288803620044781618e-03
3.63002 1.295673398805543934e-03
3.63283 1.304422413952734897e-03
3.63507 1.311331798300936205e-03
3.63789 1.319774686414669149e-03
3.64014 1.326335547849017121e-03
3.64296 1.334330894918663154e-03
3.6452 1.340625298688605553e-03
3.64802 1.348453681181088857e-03
3.65028 1.354626402723180592e-03
3.65254 1.360568349134322081e-03
3.65535 1.367599818963691942e-03
3.6576 1.372938330488503731e-03
3.66042 1.379441864383256292e-03
3.66267 1.384542303910187054e-03
3.66549 1.390804698799089382e-03
3.66774 1.395745438615999959e-03
3.67056 1.401828459446551045e-03
3.67281 1.406598666734378434e-03
3.67507 1.411247494237658417e-03
3.67788 1.416843555768487316e-03
3.68014 1.421189935470271778e-03
3.68296 1.426588246123947513e-03
3.68522 1.430970271193308854e-03
3.68804 1.436437385607730252e-03
3.69029 1.440605799807366137e-03
3.69254 1.444550292219502893e-03
3.69537 1.449174377557399095e-03
3.69762 1.452670746528228430e-03
3.70044 1.456856575044241688e-03
3.70269 1.460119316889369303e-03
3.70551 1.464067603821261323e-03
3.70777 1.467022345053236101e-03
3.71002 1.469706748374702797e-03
3.71284 1.472669354066911875e-03
3.7151 1.474791829697159537e-03
3.71792 1.477275985192934077e-03
3.72017 1.479152854195614052e-03
3.723 1.481386571142746496e-03
3.72526 1.483060385990844993e-03
3.72751 1.484610657582392107e-03
3.73033 1.486340095677724264e-03
3.73259 1.487570261483768573e-03
3.73542 1.488933026772570282e-03
3.73767 1.489923100399388441e-03
3.74049 1.491111140369394319e-03
3.74274 1.492105907427034635e-03
3.74501 1.493175495061536918e-03
3.74785 1.494563662262703846e-03
3.7501 1.495596722891120306e-03
3.75292 1.496698403842118465e-03
3.75518 1.497431645105621505e-03
3.758 1.498195425865442429e-03
3.76026 1.498726442095266783e-03
3.76251 1.499232738416875037e-03
3.76533 1.499874650694561816e-03
3.76758 1.500271393924904485e-03
3.7704 1.500540513537403434e-03
3.77266 1.500624373791753507e-03
3.77548 1.500688278713925876e-03
3.77773 1.500732108621240972e-03
3.78055 1.500809764636893383e-03
3.78281 1.500880853958900998e-03
3.78508 1.500943114821519939e-03
3.7879 1.500959027500752170e-03
3.79016 1.500915195861099493e-03
3.79297 1.500843582651016596e-03
3.79523 1.500794979912166774e-03
3.79805 1.500769399202500805e-03
3.80031 1.500801628970415205e-03
3.80257 1.500901382977676496e-03
3.80539 1.501147604749244807e-03
3.80765 1.501447068315980632e-03
3.81047 1.501968794844338794e-03
3.81273 1.502504951877110763e-03
3.81555 1.503278883874795656e-03
3.81781 1.503922457771648263e-03
3.82006 1.504552588611109219e-03
3.82288 1.505329065801042912e-03
3.82514 1.505974135964131648e-03
3.82796 1.506815790121987476e-03
3.83022 1.507473153566526308e-03
3.83305 1.508272902537973565e-03
3.8353 1.508923230987909911e-03
3.83756 1.509597677722678650e-03
3.84038 1.510492756277638819e-03
3.84263 1.511253885538245759e-03
3.84546 1.512247417711306717e-03
3.84772 1.513048177826552005e-03
3.85054 1.514025837867919366e-03
3.8528 1.514776102060062021e-03
3.85506 1.515506577925660684e-03
3.85789 1.516443722584849725e-03
3.86014 1.517225849987850804e-03
3.86297 1.518256181747903348e-03
3.86524 1.519124902584293932e-03
3.86806 1.520265740504773413e-03
3.87032 1.521220523637227106e-03
3.87258 1.522209153104838331e-03
3.8754 1.523488318263762275e-03
3.87766 1.524535288747321232e-03
3.88049 1.525862052378395249e-03
3.88276 1.526927433099291428e-03
3.88502 1.527974564492414703e-03
3.88784 1.529235113264687659e-03
3.8901 1.530195665640444276e-03
3.89292 1.531324984953510819e-03
3.89518 1.532166432965777550e-03
3.89801 1.533140291760605369e-03
3.90028 1.533852363287628324e-03
3.90254 1.534508191438121181e-03
3.90537 1.535256570141580899e-03
3.90763 1.535798116749835605e-03
3.91045 1.536401104788260490e-03
3.91271 1.536816612740306504e-03
3.91555 1.537231561636960694e-03
3.91782 1.537465657828767816e-03
3.92009 1.537609531936600347e-03
3.92294 1.537691015421551941e-03
3.92519 1.537708972074736937e-03
3.92801 1.537684464627198794e-03
3.93028 1.537634363230188945e-03
3.93255 1.537561504254603790e-03
3.9354 1.537441247999149713e-03
3.93768 1.537323363979769663e-03
3.94054 1.537152622379755768e-03
3.9428 1.537004711775523738e-03
3.94506 1.536855172717474169e-03
3.94789 1.536937518688926601e-03
3.95015 1.537088187831967033e-03
3.95299 1.537171471681970545e-03
3.95527 1.537272100547713068e-03
3.95754 1.537368806424241514e-03
3.96037 1.537482628130937843e-03
3.96263 1.537582408732255301e-03
3.96546 1.537722216206517580e-03
3.96772 1.537804574074093204e-03
3.97055 1.537845519105814898e-03
3.97282 1.537860692227415631e-03
3.97509 1.537875503371520210e-03
3.97793 1.537893548632439855e-03
3.9802 1.537903712560490833e-03
3.98302 1.537902406015446153e-03
3.98528 1.537882540831122039e-03
3.98755 1.537842638684699297e-03
3.99038 1.537785385134695032e-03
3.99265 1.537759872635652844e-03
3.99549 1.537766994584681846e-03
3.99776 1.537813232956710850e-03
4.00002 1.537902273377896121e-03
4.00284 1.538082938530273757e-03
4.00511 1.538291133436509679e-03
4.00793 1.538645094413113338e-03
4.0102 1.539007563152237305e-03
4.01303 1.539589811697906867e-03
4.0153 1.540169464826075720e-03
4.01756 1.540841077718456496e-03
4.02039 1.541794202184596299e-03
4.02266 1.542603459884519168e-03
4.02548 1.543649804230003359e-03
4.02775 1.544510092885596590e-03
4.03001 1.545390388413896750e-03
4.03285 1.546529822292815699e-03
4.03512 1.547499384449393250e-03
4.03795 1.548809136600845602e-03
4.04021 1.549917942866289432e-03
4.04304 1.551317748375259306e-03
4.04531 1.552458543362296179e-03
4.04758 1.553663853135557257e-03
4.05041 1.555253489678933834e-03
4.05267 1.556590271593846645e-03
4.0555 1.558337629488292355e-03
4.05776 1.559799577301346652e-03
4.06003 1.561330499603782486e-03
4.06286 1.563343384711960663e-03
4.06512 1.565038239172253116e-03
4.06795 1.567271558418559078e-03
4.07022 1.569152816420224918e-03
4.07306 1.571629148024421448e-03
4.07532 1.573713225723325469e-03
4.07759 1.575887921553043502e-03
4.08042 1.578731603890890954e-03
4.08268 1.581107367128720218e-03
4.08552 1.584226491174084038e-03
4.08779 1.586828399389610556e-03
4.09005 1.589512661634482835e-03
4.09288 1.592970462919207934e-03
4.09515 1.595781698609772137e-03
4.09798 1.599319442486738527e-03
4.10025 1.602153368409404369e-03
4.10251 1.604987279198772385e-03
4.10535 1.608536586795755036e-03
4.10762 1.611402377787656904e-03
4.11046 1.615040759210346595e-03
4.11273 1.617951200323145943e-03
4.11556 1.621545976908888480e-03
4.11783 1.624417150783236770e-03
4.12009 1.627316091595474223e-03
4.12293 1.630972349096674375e-03
4.12519 1.633918773617171454e-03
4.12803 1.637631036543915099e-03
4.13029 1.640628570426421904e-03
4.13256 1.643646339820952753e-03
4.1354 1.647457095255870207e-03
4.13768 1.650532019079238967e-03
4.14051 1.654403625773700256e-03
4.14278 1.657532931510012544e-03
4.14505 1.660700328395942147e-03
4.14789 1.664712150876072536e-03
4.15017 1.667951163012536394e-03
4.153 1.672017213292051156e-03
4.15526 1.675300249662451096e-03
4.15754 1.678632610393152903e-03
4.16038 1.682838790705146626e-03
4.16264 1.686221718146642965e-03
4.16548 1.690444590083108392e-03
4.16774 1.693794874793513004e-03
4.17002 1.697110209214144861e-03
4.17286 1.701186916971620311e-03
4.17513 1.704386835809550268e-03
4.17798 1.708305654993086701e-03
4.18024 1.711372906745282658e-03
4.18251 1.714405068688427567e-03
4.18535 1.718182005750219050e-03
4.18762 1.721175412769336208e-03
4.19046 1.724791744485588670e-03
4.19273 1.727590867163896447e-03
4.19556 1.731061447727416658e-03
4.19784 1.733830271417658320e-03
4.20011 1.736576018287351759e-03
4.20295 1.739955493451640503e-03
4.20522 1.742619899792068701e-03
4.20805 1.745904702837957267e-03
4.21032 1.748499692160047306e-03
4.21259 1.751071663828298198e-03
4.21543 1.754264435407748221e-03
4.21771 1.756803042338352366e-03
4.22054 1.759951051761936150e-03
4.22281 1.762455249746782294e-03
4.22508 1.764957175639709098e-03
4.22792 1.768088689250939000e-03
4.23019 1.770586468291153025e-03
4.23302 1.773694136980398517e-03
4.23529 1.776161811572516715e-03
4.23757 1.778585833260918009e-03
4.24041 1.781534952929741608e-03
4.24268 1.783819652613384630e-03
4.24552 1.786577529750240983e-03
4.24778 1.788698415794566553e-03
4.25005 1.790749279920525244e-03
4.25289 1.793224230946494947e-03
4.25516 1.795137697864694669e-03
4.258 1.797461154012768014e-03
4.26026 1.799279932297268882e-03
4.26253 1.801072637928634096e-03
4.26537 1.803275047710315099e-03
4.26765 1.804975877865923730e-03
4.27049 1.806977396699839620e-03
4.27276 1.808513021703463336e-03
4.27503 1.810043761755554797e-03
4.27787 1.811959400164735688e-03
4.28013 1.813485913905877071e-03
4.28297 1.815370675261768988e-03
4.28525 1.816858250065510154e-03
4.28751 1.818330922386017122e-03
4.29035 1.820163476076821921e-03
4.29262 1.821634594659325181e-03
4.29546 1.823492644597449110e-03
4.29773 1.825015359886436551e-03
4.3 1.826575296935539511e-03
4.30284 1.828576363985511162e-03
4.30511 1.830211651950968679e-03
4.30796 1.832264185378507581e-03
4.31023 1.833908707511518318e-03
4.31251 1.835550203109139562e-03
4.31535 1.837588676031333369e-03
4.31761 1.839205400460695427e-03
4.32045 1.841219024328916544e-03
4.32272 1.842829945011604815e-03
4.32556 1.844848347537889370e-03
4.32783 1.846479106552845802e-03
4.3301 1.848131674816068945e-03
4.33294 1.850231752794549277e-03
4.33521 1.851942268063993180e-03
4.33806 1.854124829596924973e-03
4.34033 1.855908405717919193e-03
4.34261 1.857719863617753563e-03
4.34544 1.860003678361480750e-03
4.34771 1.861837884931540890e-03
4.35055 1.864129389251537212e-03
4.35283 1.865980399161674573e-03
4.3551 1.867885430369643470e-03
4.35793 1.870361006755033887e-03
4.3602 1.872417147681989386e-03
4.36304 1.875068918330054712e-03
4.36532 1.877239713869518134e-03
4.36759 1.879455233303324287e-03
4.37043 1.882293078250446648e-03
4.37271 1.884629153126290155e-03
4.37555 1.887663756143445094e-03
4.37782 1.890186800402366644e-03
4.3801 1.892788368561591685e-03
4.38294 1.896108405458620753e-03
4.38521 1.898802171708134472e-03
4.38805 1.902210973100674791e-03
4.39032 1.904969015727431140e-03
4.39259 1.907748422800147666e-03
4.39544 1.911249055376373690e-03
4.39771 1.914073124315097572e-03
4.40055 1.917647518534088252e-03
4.40282 1.920544698773221518e-03
4.4051 1.923472725852251423e-03
4.40794 1.927175109910217151e-03
4.41022 1.930169946730840233e-03
4.41306 1.933949630574384286e-03
4.41533 1.937003228548735134e-03
4.4176 1.940077592299726096e-03
4.42045 1.943930631322772886e-03
4.42272 1.946986890834219051e-03
4.42556 1.950770733802338446e-03
4.42783 1.953793209330898645e-03
4.43011 1.956859631413952402e-03
4.43295 1.960759870778579304e-03
4.43523 1.963931481111231940e-03
4.43807 1.967958894812130762e-03
4.44034 1.971223394286390675e-03
4.44262 1.974509653089066494e-03
4.44546 1.978635940644024767e-03
4.44774 1.981956672414559358e-03
4.45001 1.985300379146372890e-03
4.45285 1.989537739490562958e-03
4.45512 1.992985023285358953e-03
4.45797 1.997355441356880000e-03
4.46025 2.000860897640534090e-03
4.46253 2.004355329925821671e-03
4.46537 2.008687067728829809e-03
4.46764 2.012131071437735837e-03
4.47048 2.016419430067258045e-03
4.47276 2.019834457396419650e-03
4.47504 2.023236808787176860e-03
4.47788 2.027474720275833798e-03
4.48015 2.030852687481966411e-03
4.48299 2.035061475962322407e-03
4.48526 2.038425236359629744e-03
4.48755 2.041791317491473481e-03
4.4904 2.045967459741871407e-03
4.49267 2.049240936495649607e-03
4.49551 2.053225443097644182e-03
4.49779 2.056347908123415044e-03
4.50007 2.059430734298422095e-03
4.50292 2.063282042557744705e-03
4.50519 2.066370017035655971e-03
4.50803 2.070253284834360722e-03
4.51031 2.073376240776484726e-03
4.51258 2.076502381273433433e-03
4.51543 2.080403156785847092e-03
4.51771 2.083499968776047605e-03
4.52056 2.087328940073188404e-03
4.52283 2.090367907778960168e-03
4.5251 2.093400628949634596e-03
4.52795 2.097210766978756941e-03
4.53023 2.100280433118880113e-03
4.53251 2.103352901368995675e-03
4.53535 2.107172199288206201e-03
4.53763 2.110188791854608614e-03
4.54047 2.113895110594870251e-03
4.54275 2.116804693432252932e-03
4.54503 2.119667617505799524e-03
4.54788 2.123185133184889856e-03
4.55015 2.125954337540943758e-03
4.55299 2.129374524507523635e-03
4.55527 2.132094695046290230e-03
4.55756 2.134792848745310952e-03
4.5604 2.138128143611035814e-03
4.56268 2.140758860514451346e-03
4.56552 2.143944861720283295e-03
4.5678 2.146391765847645381e-03
4.57007 2.148758634239347418e-03
4.57292 2.151686533630595751e-03
4.5752 2.154024929025008875e-03
4.57805 2.156950781206940643e-03
4.58033 2.159299914499857725e-03
4.58261 2.161653860678079946e-03
4.58547 2.164590805271599059e-03
4.58775 2.166912341483507275e-03
4.59002 2.169200906338763189e-03
4.59287 2.172033032614336875e-03
4.59514 2.174285711912238989e-03
4.59799 2.177093035504661014e-03
4.60027 2.179341127700430963e-03
4.60255 2.181610340091383934e-03
4.6054 2.184473529971247587e-03
4.60767 2.186781086221787143e-03
4.61052 2.189665762357743267e-03
4.61281 2.191953091355595355e-03
4.61509 2.194206185171151610e-03
4.61794 2.196954419364094760e-03
4.62022 2.199107925682457394e-03
4.62306 2.201757232204591859e-03
4.62534 2.203856463232694088e-03
4.62762 2.205944666493849307e-03
4.63047 2.208545035257246034e-03
4.63275 2.210622139836176253e-03
4.63503 2.212691107727275154e-03
4.63787 2.215266667608576084e-03
4.64015 2.217295517525124954e-03
4.64301 2.219742390168582581e-03
4.64529 2.221655293406400201e-03
4.64757 2.223580020715847615e-03
4.65042 2.226013805752320111e-03
4.6527 2.227980800488822861e-03
4.65555 2.230455676088058479e-03
4.65783 2.232451173282615133e-03
4.66012 2.234445589344175292e-03
4.66296 2.236932603298160630e-03
4.66524 2.238924046011847319e-03
4.66752 2.240928340948839578e-03
4.67037 2.243461858641433108e-03
4.67265 2.245524235566266191e-03
4.6755 2.248164661485368629e-03
4.67778 2.250328111180087062e-03
4.68006 2.252530117873146557e-03
4.68291 2.255294665511446434e-03
4.68519 2.257505418330880281e-03
4.68805 2.260255841421833761e-03
4.69034 2.262427794015219040e-03
4.69261 2.264566644872937577e-03
4.69545 2.267213250547381147e-03
4.69774 2.269322881320912783e-03
4.70002 2.271432623313059031e-03
4.70287 2.274073840749517034e-03
4.70515 2.276195523517526593e-03
4.708 2.278854577933440984e-03
4.71028 2.280983990158369674e-03
4.71256 2.283116105644924197e-03
4.71542 2.285797479590303671e-03
4.71771 2.287940526069419389e-03
4.72056 2.290602811439312967e-03
4.72284 2.292710240396125202e-03
4.72512 2.294796966094200721e-03
4.72797 2.297414961633951515e-03
4.73025 2.299538616330896318e-03
4.73253 2.301683576199004856e-03
4.73539 2.304375883461240362e-03
4.73767 2.306524992589085912e-03
4.74051 2.309220487249804155e-03
4.74279 2.311415410529980060e-03
4.74508 2.313653154221584872e-03
4.74794 2.316510306735328900e-03
4.75022 2.318841924635636591e-03
4.7525 2.321189479210200579e-03
4.75535 2.324122491140416611e-03
4.75763 2.326464767471770039e-03
4.76049 2.329382409483817147e-03
4.76278 2.331696516010575270e-03
4.76506 2.333984276327261739e-03
4.76791 2.336810112058908522e-03
4.77019 2.339061407317800934e-03
4.77304 2.341876770162375828e-03
4.77532 2.344127693081236169e-03
4.77761 2.346380581440107339e-03
4.78046 2.349196325609522861e-03
4.78274 2.351441800532037482e-03
4.78502 2.353682259558253966e-03
4.78787 2.356481061130640160e-03
4.79016 2.358720474022167786e-03
4.79302 2.361515293927097300e-03
4.7953 2.363748301645247994e-03
4.79758 2.365982108899738600e-03
4.80043 2.368772557564701332e-03
4.80272 2.370999247023761625e-03
4.80557 2.373773364618069707e-03
4.80786 2.375981626399702173e-03
4.81014 2.378181705648819370e-03
4.81299 2.380943756481023604e-03
4.81527 2.383182688999863855e-03
4.81755 2.385459429445450485e-03
4.8204 2.388347220514138065e-03
4.82269 2.390689320014262580e-03
4.82555 2.393642026841738546e-03
4.82784 2.396011069381345261e-03
4.83012 2.398381842113002371e-03
4.83297 2.401351039760513811e-03
4.83526 2.403729354936046114e-03
4.83754 2.406111032060504699e-03
4.84039 2.409093627850291894e-03
4.84267 2.411486893887138366e-03
4.84552 2.414487919604368666e-03
4.8478 2.416897809559323974e-03
4.85008 2.419319233044232419e-03
4.85294 2.422367479704381609e-03
4.85523 2.424818198565685621e-03
4.85751 2.427276240450703965e-03
4.86037 2.430365135629443743e-03
4.86265 2.432847757664449977e-03
4.8655 2.435967765894782745e-03
4.86778 2.438485686575716203e-03
4.87008 2.441025737864447806e-03
4.87294 2.444222291791234639e-03
4.87522 2.446790465995240128e-03
4.8775 2.449375205338445195e-03
4.88036 2.452627777293859244e-03
4.88264 2.455243986398502557e-03
4.8855 2.458537480817522304e-03
4.88779 2.461198527172899896e-03
4.89008 2.463890374526590994e-03
4.89292 2.467304161651334704e-03
4.8952 2.470088068910695350e-03
4.89806 2.473641178295487263e-03
4.90035 2.476529775837921134e-03
4.90264 2.479461534647458328e-03
4.9055 2.483181080077187606e-03
4.90779 2.486191685816816974e-03
4.91007 2.489230973652928943e-03
4.91293 2.493075310859513456e-03
4.91521 2.496187807186244900e-03
4.91807 2.500119352038075640e-03
4.92035 2.503291784164353179e-03
4.92263 2.506491289836754437e-03
4.92549 2.510526279742222779e-03
4.92777 2.513782303082388609e-03
4.93005 2.517066909062689369e-03
4.93291 2.521220875479933572e-03
4.93521 2.524570800899816371e-03
4.93806 2.528778692373457801e-03
4.94035 2.532171350635867724e-03
4.94263 2.535584338499470222e-03
4.94548 2.539881151715734937e-03
4.94777 2.543352453653480692e-03
4.95006 2.546854626004585280e-03
4.95293 2.551259164296530973e-03
4.95521 2.554794512270476027e-03
4.95807 2.559239310518567068e-03
4.96036 2.562814888826488603e-03
4.96264 2.566403427737269302e-03
4.9655 2.570911866327845775e-03
4.96779 2.574544785450928047e-03
4.97008 2.578206704288656895e-03
4.97293 2.582832298213852233e-03
4.97521 2.586578737084891354e-03
4.97806 2.591321899841441973e-03
4.98035 2.595156291357920801e-03
4.98265 2.599041612623563709e-03
4.98552 2.603948664913929498e-03
4.98781 2.607893094912139362e-03
4.9901 2.611849403238055214e-03
4.99295 2.616822706713727454e-03
4.99524 2.620819758007718586e-03
4.99752 2.624829399373973526e-03
5.00038 2.629862841516580983e-03
5.00267 2.633897603016033435e-03
5.00553 2.638933644477568525e-03
5.00781 2.642957427449975187e-03
5.01009 2.646983442639116654e-03
5.01295 2.652023955646941669e-03
5.01524 2.656052321977247273e-03
5.01753 2.660082886250600062e-03
5.0204 2.665111148120094271e-03
5.02269 2.669114010559384739e-03
5.02554 2.674103182016670990e-03
5.02783 2.678086269688834727e-03
5.03011 2.682060637253897654e-03
5.03297 2.687013870207180435e-03
5.03527 2.690969059228008869e-03
5.03756 2.694906827214170377e-03
5.04042 2.699786868887399556e-03
5.0427 2.703661869401545979e-03
5.04556 2.708475727799944128e-03
5.04785 2.712302550454656451e-03
5.05014 2.716111274433141796e-03
5.05301 2.720862467097664474e-03
5.0553 2.724661121998660056e-03
5.05758 2.728446545631538472e-03
5.06043 2.733172772586860231e-03
5.06272 2.736953508982309293e-03
5.06501 2.740727937527228254e-03
5.06787 2.745438502904153869e-03
5.07017 2.749200811308007576e-03
5.07304 2.753871508620605885e-03
5.07533 2.757565529253868612e-03
5.07761 2.761232427653402457e-03
5.08047 2.765774787834919621e-03
5.08276 2.769370078494129330e-03
5.08505 2.772931566994977191e-03
5.08791 2.777332581939893387e-03
5.0902 2.780804254754249381e-03
5.09306 2.785073118059507372e-03
5.09534 2.788441283200830418e-03
5.09763 2.791774743836187862e-03
5.10049 2.795881047990713894e-03
5.10278 2.799124729282021114e-03
5.10508 2.802326470824369458e-03
5.10795 2.806259179718796886e-03
5.11023 2.809344868672840334e-03
5.11252 2.812382955488153431e-03
5.11538 2.816119940898093119e-03
5.11766 2.819060267342595946e-03
5.12053 2.822682745425026361e-03
5.12283 2.825526228535713870e-03
5.12512 2.828308573477881366e-03
5.12798 2.831697496709532653e-03
5.13027 2.834344140436274948e-03
5.13255 2.836935467687777893e-03
5.13542 2.840098461210043349e-03
5.13771 2.842585468701201885e-03
5.14001 2.845034011621856446e-03
5.14287 2.848041595377235734e-03
5.14516 2.850414946179510942e-03
5.14802 2.853345718153997828e-03
5.1503 2.855655351277322680e-03
5.15259 2.857938767818738249e-03
5.15546 2.860768859467116912e-03
5.15776 2.862997922520853049e-03
5.16005 2.865186499982937465e-03
5.16291 2.867865726507916584e-03
5.1652 2.869960605744276746e-03
5.16806 2.872516098764849903e-03
5.17035 2.874511967021496899e-03
5.17264 2.876466156118808685e-03
5.1755 2.878846934831991774e-03
5.17779 2.880703222362289689e-03
5.18008 2.882519246457882801e-03
5.18294 2.884732925777541094e-03
5.18522 2.886461642160464448e-03
5.18751 2.888157001686055513e-03
5.19038 2.890234034259415823e-03
5.19267 2.891858536767398513e-03
5.19554 2.893844011857106026e-03
5.19783 2.895398599548793406e-03
5.20012 2.896922814862153573e-03
5.20298 2.898788751240616822e-03
5.20526 2.900250213596996911e-03
5.20755 2.901682644428245621e-03
5.21041 2.903427462106970402e-03
5.21271 2.904785238628021429e-03
5.215 2.906095326216448851e-03
5.21787 2.907664536945582089e-03
5.22016 2.908877505099468144e-03
5.22302 2.910361881347977003e-03
5.22531 2.911547623507972256e-03
5.2276 2.912738634614208191e-03
5.23048 2.914243978057319984e-03
5.23279 2.915460936176196387e-03
5.23508 2.916682870636175002e-03
5.23795 2.918219266769875395e-03
5.24024 2.919446375895203873e-03
5.24252 2.920662365737969508e-03
5.24539 2.922163502419756597e-03
5.24768 2.923355822641093577e-03
5.25055 2.924853578652427018e-03
5.25284 2.926078666369295606e-03
5.25513 2.927329028223134982e-03
5.25799 2.928905878169897788e-03
5.26028 2.930159953402284960e-03
5.26257 2.931407722658092244e-03
5.26544 2.932955115589724101e-03
5.26773 2.934186608924850299e-03
5.27003 2.935417184783052635e-03
5.27289 2.936965015323869058e-03
5.27518 2.938209545763801559e-03
5.27804 2.939778383358593664e-03
5.28033 2.941044851430061301e-03
5.28262 2.942321488626684165e-03
5.28549 2.943934529007798118e-03
5.28778 2.945240906883887441e-03
5.29008 2.946560067450240249e-03
5.29294 2.948221166375645033e-03
5.29523 2.949562431536035829e-03
5.29752 2.950909376759180535e-03
5.30038 2.952592044986604696e-03
5.30268 2.953922329189979414e-03
5.30554 2.955568837360957480e-03
5.30784 2.956881392601044302e-03
5.31013 2.958211657295198391e-03
5.313 2.959904936073551752e-03
5.31529 2.961283897921509600e-03
5.31758 2.962690701033875076e-03
5.32044 2.964492331150414377e-03
5.32274 2.965966834892236944e-03
5.32504 2.967470672218719754e-03
5.32793 2.969388445360775057e-03
5.33024 2.970941992844184851e-03
5.33254 2.972503865486348859e-03
5.33542 2.974470743981007335e-03
5.33771 2.976045788751766237e-03
5.34 2.977624115223936191e-03
5.34287 2.979606880359674144e-03
5.34516 2.981205010395865818e-03
5.34803 2.983224841492793881e-03
5.35032 2.984862050519802336e-03
5.35261 2.986520597589244035e-03
5.35548 2.988623312851702157e-03
5.35776 2.990320828281779839e-03
5.36006 2.992016024840443190e-03
5.36293 2.994123819042280189e-03
5.36523 2.995800755868055932e-03
5.36754 2.997477860932868093e-03
5.37043 2.999567541040100167e-03
5.37272 3.001227228492788900e-03
5.37502 3.002884203068899305e-03
5.37788 3.004946884262780712e-03
5.38017 3.006591443042763798e-03
5.38303 3.008646661347411967e-03
5.38533 3.010288027231414459e-03
5.38763 3.011919298155267891e-03
5.39049 3.013931061798180797e-03
5.39278 3.015508710873467373e-03
5.39507 3.017057135113688105e-03
5.39794 3.018956348118328158e-03
5.40023 3.020466017441883304e-03
5.40254 3.021970505696625758e-03
5.40541 3.023840782120482389e-03
5.40772 3.025330693344493484e-03
5.41002 3.026813570356858690e-03
5.41289 3.028649551967458296e-03
5.41518 3.030104475163514915e-03
5.41804 3.031898986936495521e-03
5.42033 3.033313967763119363e-03
5.42263 3.034711156503772447e-03
5.4255 3.036438473444841735e-03
5.42779 3.037802048789403110e-03
5.43011 3.039157260958528020e-03
5.433 3.040823572834153599e-03
5.43531 3.042128691254755105e-03
5.43762 3.043407427200051953e-03
5.4405 3.044968531152728031e-03
5.44281 3.046188595794889573e-03
5.44511 3.047386314105961311e-03
5.44798 3.048850731288731044e-03
5.45028 3.050003579576304833e-03
5.45257 3.051142612368372767e-03
5.45544 3.052550913721901755e-03
5.45773 3.053657212499556132e-03
5.46003 3.054730114704439815e-03
5.46289 3.056016167183001325e-03
5.46519 3.057003452160457057e-03
5.46806 3.058189667948667083e-03
5.47037 3.059108175000008461e-03
5.47267 3.059998936196016515e-03
5.47555 3.061074852053185386e-03
5.47786 3.061905471779452492e-03
5.48017 3.062708733940510721e-03
5.48304 3.063671429144002034e-03
5.48534 3.064403495995502748e-03
5.48764 3.065096064017832928e-03
5.49051 3.065909718365206205e-03
5.4928 3.066524480945032223e-03
5.4951 3.067115766187581728e-03
5.49796 3.067824376587419480e-03
5.50026 3.068369430946442204e-03
5.50255 3.068897943539058634e-03
5.50542 3.069536919040014109e-03
5.50771 3.070031335086063472e-03
5.51002 3.070511208079359459e-03
5.5129 3.071088138104401209e-03
5.51521 3.071532831420812487e-03
5.51753 3.071963249072154865e-03
5.52042 3.072479669954286414e-03
5.52272 3.072874609793341868e-03
5.52503 3.073255716093492226e-03
5.5279 3.073711804668753309e-03
5.53019 3.074061182355098364e-03
5.53306 3.074477774583618105e-03
5.53535 3.074795840212013204e-03
5.53765 3.075102184946276740e-03
5.54053 3.075467061697670108e-03
5.54283 3.075746594463707288e-03
5.54513 3.076019614629061337e-03
5.54801 3.076358030586642985e-03
5.55033 3.076631868308228081e-03
5.55264 3.076915246877022243e-03
5.55554 3.077280218966960395e-03
5.55786 3.077570347632737225e-03
5.56018 3.077842865914272915e-03
5.56307 3.078156430438350188e-03
5.56538 3.078386949932956310e-03
5.56769 3.078604457711182733e-03
5.57057 3.078865408071622574e-03
5.57287 3.079071983190326961e-03
5.57517 3.079277378127323779e-03
5.57804 3.079532495999614053e-03
5.58034 3.079734264003974702e-03
5.58263 3.079932796154825295e-03
5.58551 3.080173153227755856e-03
5.58782 3.080353774422811986e-03
5.59012 3.080524636769527581e-03
5.59302 3.080725599509683086e-03
5.59534 3.080883502003719382e-03
5.59766 3.081042155231290044e-03
5.60056 3.081242435386299591e-03
5.60287 3.081405206597014838e-03
5.60518 3.081571419807795694e-03
5.60807 3.081783390717521970e-03
5.61037 3.081956458631021460e-03
5.61268 3.082130807835395999e-03
5.61555 3.082348701340086646e-03
5.61785 3.082523198509211880e-03
5.62015 3.082697599633030857e-03
5.62302 3.082915235593381917e-03
5.62532 3.083088617957000562e-03
5.62762 3.083261014493961054e-03
5.63049 3.083474135769057566e-03
5.63279 3.083641240266712154e-03
5.63509 3.083803345055056988e-03
5.63797 3.083996730099913992e-03
5.64027 3.084141578228914715e-03
5.64258 3.084276823764121097e-03
5.64546 3.084433726620969696e-03
5.64777 3.084551662639215246e-03
5.65008 3.084666498287283194e-03
5.65296 3.084809741847361307e-03
5.65527 3.084928691530198358e-03
5.65759 3.085054463204388309e-03
5.66047 3.085212028795554420e-03
5.66277 3.085325600604474881e-03
5.66507 3.085414956977500581e-03
5.66794 3.085492080809875727e-03
5.67024 3.085527017240084161e-03
5.67254 3.085541650455967105e-03
5.67542 3.085534919304521850e-03
5.67773 3.085513749176753417e-03
5.68004 3.085478773952878354e-03
5.68292 3.085414974666445074e-03
5.68522 3.085347348691991516e-03
5.68753 3.085264527850261652e-03
5.69041 3.085139464214489528e-03
5.69272 3.085022475657191350e-03
5.69503 3.084889894152961689e-03
5.69792 3.084700198374252470e-03
5.70024 3.084522826898285653e-03
5.70256 3.084318812816528015e-03
5.70546 3.084029303489022392e-03
5.70778 3.083779372030985479e-03
5.7101 3.083516247829712602e-03
5.713 3.083170653445888639e-03
5.71531 3.082880351286552013e-03
5.71762 3.082577590929006656e-03
5.7205 3.082180479372004667e-03
5.72281 3.081846084149802642e-03
5.72511 3.081496598189413343e-03
5.72799 3.081039060712437942e-03
5.73029 3.080657430262435156e-03
5.73259 3.080262773877903010e-03
5.73547 3.079751939121492307e-03
5.73778 3.079330556431453345e-03
5.74009 3.078898092150483042e-03
5.74298 3.078341886927310304e-03
5.74529 3.077883689480251112e-03
5.7476 3.077411774181424645e-03
5.7505 3.076801746133697463e-03
5.75282 3.076297931494689948e-03
5.75514 3.075782178979730337e-03
5.75804 3.075120667413985386e-03
5.76037 3.074584065419411639e-03
5.7627 3.074045571791238999e-03
5.76502 3.073513431495034521e-03
5.76793 3.072862954991819554e-03
5.77025 3.072352229535831297e-03
5.77256 3.071839576722529795e-03
5.77546 3.071181402973539604e-03
5.77777 3.070641220136558977e-03
5.78008 3.070086412597163115e-03
5.78296 3.069373851554534592e-03
5.78527 3.068790831138789362e-03
5.78757 3.068201112477753241e-03
5.79045 3.067461107567610694e-03
5.79276 3.066868955338190438e-03
5.79506 3.066278000362028088e-03
5.79794 3.065542440933344617e-03
5.80024 3.064956970554704504e-03
5.80255 3.064373813567708004e-03
5.80543 3.063647286098261473e-03
5.80773 3.063067872552501219e-03
5.81004 3.062489213003879995e-03
5.81292 3.061767671693960396e-03
5.81523 3.061191796063802550e-03
5.81754 3.060617695696658987e-03
5.82043 3.059904683180866922e-03
5.82275 3.059338823736538170e-03
5.82506 3.058777813811552806e-03
5.82795 3.058084323078923833e-03
5.83026 3.057535851774256710e-03
5.83257 3.056992570443193679e-03
5.83547 3.056319905279902740e-03
5.83778 3.055786912565165801e-03
5.8401 3.055257932817271802e-03
5.84299 3.054602807364530711e-03
5.84531 3.054083547519751730e-03
5.84763 3.053569015044472514e-03
5.85052 3.052933701771336217e-03
5.85284 3.052431567551147553e-03
5.85515 3.051934638395472407e-03
5.85803 3.051321220430429186e-03
5.86034 3.050835912727442242e-03
5.86265 3.050355740082639957e-03
5.86553 3.049761785847040444e-03
5.86784 3.049291176985864747e-03
5.87014 3.048824124465674638e-03
5.87303 3.048246428241543470e-03
5.87534 3.047788827074674866e-03
5.87765 3.047333543896212950e-03
5.88054 3.046762694071527850e-03
5.88285 3.046300599967957743e-03
5.88516 3.045833233097011705e-03
5.88805 3.045243214201521966e-03
5.89036 3.044768102001949635e-03
5.89268 3.044299444166306042e-03
5.89557 3.043726146929694610e-03
5.89788 3.043276325377162854e-03
5.9002 3.042828167957473042e-03
5.90251 3.042369593605554964e-03
5.90541 3.041777679084043187e-03
5.90773 3.041285140350434308e-03
5.91005 3.040772849368028347e-03
5.91296 3.040106097106343684e-03
5.91528 3.039551441918961205e-03
5.91761 3.038979698479677988e-03
5.92052 3.038247213820314749e-03
5.92284 3.037649156859922091e-03
5.92517 3.037040908805699064e-03
5.9275 3.036422836933362884e-03
5.93041 3.035636350473460560e-03
5.93275 3.034994018119173322e-03
5.93509 3.034339878889654677e-03
5.938 3.033505753873458593e-03
5.94033 3.032823363014715105e-03
5.94266 3.032127897167847738e-03
5.94556 3.031240569643470131e-03
5.94789 3.030516599102858928e-03
5.95021 3.029781793639183072e-03
5.95252 3.029035841703651023e-03
5.95542 3.028089917812440499e-03
5.95774 3.027322218694335904e-03
5.96005 3.026545242497769971e-03
5.96294 3.025561043982594438e-03
5.96525 3.024763030392325133e-03
5.96756 3.023955870185463229e-03
5.97045 3.022933684047618679e-03
5.97277 3.022105618982923701e-03
5.97508 3.021268386142218158e-03
5.97796 3.020209561154832932e-03
5.98027 3.019354277750143332e-03
5.98258 3.018492713806488099e-03
5.98547 3.017407602225658826e-03
5.98778 3.016533467418412631e-03
5.99009 3.015654933656274246e-03
5.99298 3.014553102252932361e-03
5.99529 3.013671251273654979e-03
5.9976 3.012789932365385077e-03
6.00049 3.011689032247699422e-03
6.0028 3.010808570266510897e-03
6.00511 3.009928036908474797e-03
6.008 3.008824570263886680e-03
6.01032 3.007939794398921916e-03
6.01263 3.007052892609349357e-03
6.01553 3.005943215421074712e-03
6.01785 3.005056399092700167e-03
6.02017 3.004174641887606950e-03
6.02306 3.003085367374703531e-03
6.02538 3.002228785936419259e-03
6.0277 3.001389650934996149e-03
6.03002 3.000569969811948869e-03
6.03292 2.999572954464028909e-03
6.03524 2.998794544601512697e-03
6.03756 2.998028377758033425e-03
6.04046 2.997079373744772259e-03
6.04279 2.996319218127155119e-03
6.04511 2.995562601968732898e-03
6.04802 2.994641738845013525e-03
6.05034 2.993934792464123581e-03
6.05267 2.993254164793690726e-03
6.055 2.992595407911101402e-03
6.05791 2.991796947315580272e-03
6.06025 2.991172662487811412e-03
6.06258 2.990563791327408450e-03
6.0655 2.989831293626557182e-03
6.06783 2.989278315490403494e-03
6.07016 2.988758227546663582e-03
6.07307 2.988156382585182777e-03
6.0754 2.987711099698647874e-03
6.07772 2.987288636965287209e-03
6.08005 2.986886191003007042e-03
6.08295 2.986408683346510311e-03
6.08527 2.986043076989518784e-03
6.08759 2.985690617997497406e-03
6.09049 2.985270526337248896e-03
6.09281 2.984951973476937526e-03
6.09512 2.984652315675765007e-03
6.09802 2.984309699323712747e-03
6.10034 2.984063267337371331e-03
6.10265 2.983842455879340359e-03
6.10554 2.983603245853714159e-03
6.10786 2.983441096390326147e-03
6.11017 2.983304122762199268e-03
6.11306 2.983166708282694417e-03
6.11538 2.983082374945258616e-03
6.11769 2.983019624289654208e-03
6.12 2.982977562846106465e-03
6.12289 2.982953103808079747e-03
6.12521 2.982955517058594099e-03
6.12752 2.982977193540330401e-03
6.13041 2.983031155599841742e-03
6.13272 2.983095656351133444e-03
6.13504 2.983178957944411253e-03
6.13793 2.983309077540277545e-03
6.14025 2.983433514125827593e-03
6.14256 2.983575419471462369e-03
6.14546 2.983776317010636107e-03
6.14777 2.983954869180689695e-03
6.15009 2.984148234820493614e-03
6.15299 2.984409462372336098e-03
6.1553 2.984632713852677140e-03
6.15762 2.984867712840863583e-03
6.16052 2.985176469242826862e-03
6.16284 2.985434535831188799e-03
6.16517 2.985701627567418932e-03
6.16807 2.986046868901045311e-03
6.17039 2.986331212337314453e-03
6.17271 2.986621980763049834e-03
6.17503 2.986918202495572692e-03
6.17793 2.987295002844320320e-03
6.18025 2.987600504550770933e-03
6.18257 2.987908552325102378e-03
6.18547 2.988295742042297587e-03
6.18778 2.988605820208615951e-03
6.1901 2.988915158345807361e-03
6.19299 2.989299023114488571e-03
6.19531 2.989602684695593683e-03
6.19763 2.989902175023384252e-03
6.20052 2.990269827980042427e-03
6.20283 2.990558299316287399e-03
6.20515 2.990840503733389454e-03
6.20804 2.991182750113052183e-03
6.21035 2.991446679352098049e-03
6.21267 2.991700684552615463e-03
6.21556 2.992002528599116851e-03
6.21787 2.992230242752146312e-03
6.22018 2.992444594574706664e-03
6.22308 2.992692375377344581e-03
6.22539 2.992873333711136910e-03
6.2277 2.993037968185437245e-03
6.23001 2.993186475588878286e-03
6.2329 2.993351017580977904e-03
6.23522 2.993464431584253512e-03
6.23753 2.993560432077920462e-03
6.24042 2.993656043780699473e-03
6.24273 2.993713400849331435e-03
6.24504 2.993752291153737102e-03
6.24793 2.993773119069387083e-03
6.25025 2.993767195245064950e-03
6.25256 2.993740699582226293e-03
6.25545 2.993677255766587306e-03
6.25776 2.993601652501088565e-03
6.26008 2.993503592605837888e-03
6.26297 2.993349184030121186e-03
6.26528 2.993200270564573898e-03
6.2676 2.993029747245410863e-03
6.27049 2.992787161912843167e-03
6.27281 2.992569867806351997e-03
6.27512 2.992332132572637655e-03
6.27801 2.992006455379955278e-03
6.28033 2.991723194562933424e-03
6.28264 2.991419903045803436e-03
6.28554 2.991012660413860675e-03
6.28786 2.990664582950324814e-03
6.29017 2.990296855870817720e-03
6.29307 2.989809955856125544e-03
6.29539 2.989399061083037289e-03
6.29771 2.988969488277940390e-03
6.30002 2.988521812866984720e-03
6.30292 2.987937477137484442e-03
6.30524 2.987450831073495180e-03
6.30756 2.986947705566491730e-03
6.31045 2.986296328099773308e-03
6.31277 2.985757807170190837e-03
6.31509 2.985204334928718423e-03
6.31799 2.984491578109711718e-03
6.3203 2.983904848290229190e-03
6.32262 2.983303793812499757e-03
6.32552 2.982532989205622341e-03
6.32784 2.981901251200619243e-03
6.33016 2.981254888542997881e-03
6.33305 2.980426617650612075e-03
6.33537 2.979748919183265472e-03
6.33769 2.979058451796091130e-03
6.34001 2.978356091954448108e-03
6.34291 2.977462239160357047e-03
6.34523 2.976735509100702452e-03
6.34755 2.976001182926871387e-03
6.35045 2.975074608339532689e-03
6.35277 2.974327782588508454e-03
6.35509 2.973576553103725924e-03
6.35799 2.972633111950138962e-03
6.36032 2.971875418271178668e-03
6.36264 2.971116247297253196e-03
6.36555 2.970166017547729975e-03
6.36787 2.969404960868260966e-03
6.3702 2.968643552497548990e-03
6.37252 2.967881312504959748e-03
6.37543 2.966927628723966832e-03
6.37775 2.966164748334530494e-03
6.38007 2.965401993764410927e-03
6.38298 2.964449310507881203e-03
6.3853 2.963688322668921009e-03
6.38762 2.962928456262713030e-03
6.39052 2.961981361321115638e-03
6.39284 2.961225776895756549e-03
6.39516 2.960472708604305458e-03
6.39806 2.959534986575768772e-03
6.40038 2.958788058706862678e-03
6.4027 2.958044242526261178e-03
6.40501 2.957303494716551680e-03
6.40791 2.956382454859657338e-03
6.41023 2.955649296700985258e-03
6.41254 2.954919657149065494e-03
6.41544 2.954012355528725167e-03
6.41775 2.953290331347742988e-03
6.42007 2.952571659903945912e-03
6.42296 2.951677807371876593e-03
6.42528 2.950966306612067078e-03
6.42759 2.950257733582118194e-03
6.43048 2.949376054357892400e-03
6.4328 2.948673665277736725e-03
6.43511 2.947973723391492107e-03
6.438 2.947101917061781262e-03
6.44032 2.946406658138684548e-03
6.44263 2.945713090426742894e-03
6.44552 2.944848053686315286e-03
6.44784 2.944157192530148705e-03
6.45015 2.943467036898410067e-03
6.45304 2.942604778912724824e-03
6.45536 2.941914901363966873e-03
6.45767 2.941224552116843225e-03
6.46056 2.940360298544861077e-03
6.46288 2.939667431262584646e-03
6.46519 2.938972651923236080e-03
6.46751 2.938275690463045854e-03
6.4704 2.937400602883394416e-03
6.47272 2.936696911919872872e-03
6.47503 2.935989509499492903e-03
6.47793 2.935099171913378539e-03
6.48024 2.934381635385955017e-03
6.48256 2.933658570693998581e-03
6.48546 2.932746656374248320e-03
6.48777 2.932009753977851685e-03
6.49009 2.931265911074032362e-03
6.49299 2.930325474859108749e-03
6.49531 2.929563896209397538e-03
6.49763 2.928793805876906287e-03
6.50053 2.927817749245774023e-03
6.50285 2.927026068734573262e-03
6.50518 2.926223728271851177e-03
6.5075 2.925410531362854574e-03
6.51041 2.924377869283502525e-03
6.51273 2.923538050635509072e-03
6.51506 2.922685927361298383e-03
6.51796 2.921603075071581377e-03
6.52029 2.920721832672453378e-03
6.52261 2.919827015506102318e-03
6.52552 2.918688559704692761e-03
6.52784 2.917761358308539141e-03
6.53016 2.916819126126984473e-03
6.53307 2.915619512476953605e-03
6.53539 2.914641947911645811e-03
6.53772 2.913648076111589706e-03
6.54004 2.912637513205712774e-03
6.54294 2.911350396365802642e-03
6.54527 2.910301124140800191e-03
6.54759 2.909234124547531702e-03
6.5505 2.907875090691653275e-03
6.55282 2.906767130813288792e-03
6.55515 2.905640718558058239e-03
6.55805 2.904206706887648565e-03
6.56038 2.903038307771142051e-03
6.5627 2.901851357218235457e-03
6.56502 2.900645721455047919e-03
6.56792 2.899111704343400667e-03
6.57024 2.897863360364786710e-03
6.57256 2.896595443256602502e-03
6.57546 2.894983753244260646e-03
6.57778 2.893672382044700040e-03
6.5801 2.892341594821411840e-03
6.583 2.890650714121442786e-03
6.58531 2.889275857497332865e-03
6.58763 2.887881644289129121e-03
6.59053 2.886111039928146958e-03
6.59284 2.884672811708319067e-03
6.59516 2.883214899429349404e-03
6.59805 2.881365184775815189e-03
6.60037 2.879863613915077496e-03
6.60268 2.878342716159308819e-03
6.60558 2.876414712774838598e-03
6.60789 2.874850886631583231e-03
6.61021 2.873268168571987101e-03
6.61252 2.871666790311068473e-03
6.61541 2.869638972770121709e-03
6.61773 2.867996169394974437e-03
6.62005 2.866335344490312815e-03
6.62294 2.864234115723069806e-03
6.62526 2.862533665842770247e-03
6.62757 2.860815576612657854e-03
6.63047 2.858644609455856904e-03
6.63279 2.856888906711970832e-03
6.63511 2.855117161319983745e-03
6.638 2.852880284460871003e-03
6.64032 2.851073313501956141e-03
6.64264 2.849251928829516032e-03
6.64554 2.846953910866013415e-03
6.64787 2.845100502054401671e-03
6.65019 2.843233118593728719e-03
6.65251 2.841353166220343500e-03
6.65542 2.838986123244504819e-03
6.65774 2.837079207526793656e-03
6.66007 2.835162250725961272e-03
6.66298 2.832750303144497116e-03
6.66531 2.830811216102001662e-03
6.66763 2.828866156037267501e-03
6.67054 2.826426013436588586e-03
6.67287 2.824468519710924153e-03
6.67519 2.822507280719291269e-03
6.67751 2.820541890082003088e-03
6.68041 2.818083356714543627e-03
6.68273 2.816113931852699034e-03
6.68505 2.814144571549687980e-03
6.68795 2.811682861555521180e-03
6.69027 2.809714889355134290e-03
6.69258 2.807749204129450765e-03
6.69548 2.805295857810708501e-03
6.69779 2.803338080035118994e-03
6.70011 2.801384679570062628e-03
6.703 2.798951504477595158e-03
6.70531 2.797012297520555697e-03
6.70762 2.795080782190886848e-03
6.71051 2.792678518777073644e-03
6.71283 2.790767251093291979e-03
6.71514 2.788866569459308789e-03
6.71803 2.786506466056140087e-03
6.72034 2.784632229879611866e-03
6.72265 2.782771078987433637e-03
6.72554 2.780464259802155336e-03
6.72785 2.778635529361178375e-03
6.73016 2.776822482962754395e-03
6.73305 2.774579213090822873e-03
6.73537 2.772804213149065479e-03
6.73768 2.771046828874161681e-03
6.74057 2.768876773449976784e-03
6.74288 2.767162234109334876e-03
6.7452 2.765467830134012064e-03
6.74751 2.763794073532031999e-03
6.75041 2.761731115592779614e-03
6.75272 2.760105505776334987e-03
6.75504 2.758501136723935133e-03
6.75794 2.756527868754563449e-03
6.76025 2.754974350817638706e-03
6.76257 2.753444041039852363e-03
6.76547 2.751564468052948142e-03
6.76779 2.750087613885979828e-03
6.77011 2.748634870922940336e-03
6.77301 2.746853001913794699e-03
6.77533 2.745454808394938700e-03
6.77765 2.744080718949991424e-03
6.78055 2.742397046561791032e-03
6.78287 2.741076941645411227e-03
6.78519 2.739780452882326078e-03
6.78751 2.738507508320335744e-03
6.79042 2.736948210566594007e-03
6.79274 2.735726377919855956e-03
6.79506 2.734526263142557801e-03
6.79797 2.733056407881781502e-03
6.80029 2.731904685601119556e-03
6.80261 2.730773755204367933e-03
6.80551 2.729387843058045035e-03
6.80783 2.728301043327584392e-03
6.81015 2.727231991764786281e-03
6.81305 2.725920213499533323e-03
6.81536 2.724888699460544569e-03
6.81768 2.723872237052402025e-03
6.82057 2.722621197340723345e-03
6.82289 2.721634472659892248e-03
6.8252 2.720659361821098094e-03
6.82752 2.719694334660334532e-03
6.83041 2.718500782104701311e-03
6.83272 2.717554453069738040e-03
6.83503 2.716614381075274209e-03
6.83792 2.715446157226937465e-03
6.84024 2.714515422712846741e-03
6.84255 2.713586689192410643e-03
6.84544 2.712426559809578020e-03
6.84775 2.711497282303188851e-03
6.85007 2.710565630125986395e-03
6.85296 2.709395388288467210e-03
6.85527 2.708453033580507721e-03
6.85759 2.707503695869778893e-03
6.86048 2.706304805018509407e-03
6.8628 2.705334705409462390e-03
6.86511 2.704353062841967359e-03
6.86801 2.703108667782311292e-03
6.87033 2.702096953671619291e-03
6.87265 2.701069699904140673e-03
6.87554 2.699761483292076238e-03
6.87787 2.698693719588771654e-03
6.88019 2.697606247838932499e-03
6.88251 2.696496467841790097e-03
6.88542 2.695077701642773979e-03
6.88774 2.693916757732336270e-03
6.89006 2.692731047364998499e-03
6.89296 2.691212703920930777e-03
6.89528 2.689968056288303492e-03
6.8976 2.688694807797241577e-03
6.90049 2.687063223038820871e-03
6.90281 2.685723414020313362e-03
6.90512 2.684352815369070965e-03
6.90802 2.682594126951179988e-03
6.91033 2.681150058059848795e-03
6.91264 2.679672289715343426e-03
6.91553 2.677776181687436998e-03
6.91784 2.676219947061360405e-03
6.92016 2.674627634164762104e-03
6.92304 2.672586392450390994e-03
6.92535 2.670911983288335075e-03
6.92767 2.669200511180386259e-03
6.93055 2.667008782152934659e-03
6.93286 2.665213253871763065e-03
6.93517 2.663380266665680337e-03
6.93806 2.661036578728204118e-03
6.94037 2.659119586053953349e-03
6.94268 2.657165888598858952e-03
6.94557 2.654672307296685341e-03
6.94788 2.652637061396475367e-03
6.9502 2.650566609536172871e-03
6.95251 2.648461163877902091e-03
6.9554 2.645782513076859379e-03
6.95771 2.643601864077765266e-03
6.96003 2.641390017522557161e-03
6.96292 2.638581760035608320e-03
6.96524 2.636302224199024453e-03
6.96755 2.633995327945903592e-03
6.97045 2.631075045722775039e-03
6.97277 2.628711841034642258e-03
6.97508 2.626326529392005501e-03
6.97798 2.623316237653079610e-03
6.9803 2.620886989351023637e-03
6.98261 2.618441225632889540e-03
6.98551 2.615363446229147272e-03
6.98783 2.612887028439619518e-03
6.99014 2.610400687088164275e-03
6.99304 2.607280376865575219e-03
6.99536 2.604778168373607025e-03
6.99768 2.602271707585476941e-03
7 2.599764479968815194e-03
7.0029 2.596632453205839370e-03
7.00523 2.594130702568255790e-03
7.00755 2.591636011660253952e-03
7.01046 2.588528790878700733e-03
7.01278 2.586056350784745207e-03
7.0151 2.583600790125154673e-03
7.018 2.580555632973166504e-03
7.02032 2.578142049885298864e-03
7.02264 2.575750842834297494e-03
7.02554 2.572794836405098602e-03
7.02785 2.570460120896303491e-03
7.03017 2.568152516382695046e-03
7.03306 2.565310546619810513e-03
7.03538 2.563072028140120449e-03
7.03769 2.560866727032821283e-03
7.04 2.558696190137686038e-03
7.04289 2.556033950434658582e-03
7.04521 2.553947167995152933e-03
7.04752 2.551899478619076497e-03
7.05041 2.549396891412235473e-03
7.05272 2.547441566346885736e-03
7.05503 2.545528752464368185e-03
7.05792 2.543198847259395441e-03
7.06023 2.541384682906478593e-03
7.06255 2.539615250104061434e-03
7.06544 2.537467631637811347e-03
7.06775 2.535800732686990886e-03
7.07006 2.534180306261305839e-03
7.07296 2.532219829966618051e-03
7.07527 2.530703930531476124e-03
7.07759 2.529234862469649080e-03
7.08048 2.527463840872180238e-03
7.0828 2.526099978650448406e-03
7.08512 2.524781784532573702e-03
7.08801 2.523199672437883862e-03
7.09034 2.521985083383537513e-03
7.09266 2.520816098656004315e-03
7.09556 2.519417998045116961e-03
7.09788 2.518349108040368340e-03
7.10021 2.517324372081529253e-03
7.10253 2.516341702844586414e-03
7.10544 2.515173488954543408e-03
7.10777 2.514286479395647003e-03
7.1101 2.513440575529874224e-03
7.113 2.512439729820049004e-03
7.11533 2.511683273013257632e-03
7.11765 2.510964887981149626e-03
7.12056 2.510119340057787810e-03
7.12288 2.509483385662464056e-03
7.1252 2.508882412009737998e-03
7.12753 2.508315325805199770e-03
7.13043 2.507652542085850571e-03
7.13275 2.507158367812697183e-03
7.13508 2.506695120761530306e-03
7.13798 2.506158104784756042e-03
7.1403 2.505760265949083174e-03
7.14262 2.505389598635059285e-03
7.14552 2.504962225347350489e-03
7.14784 2.504647600405559942e-03
7.15015 2.504355854186262730e-03
7.15305 2.504021293103898295e-03
7.15537 2.503776292050691014e-03
7.15768 2.503549934350716034e-03
7.16058 2.503291344384581552e-03
7.16289 2.503102335446906902e-03
7.16521 2.502927789556724097e-03
7.16752 2.502766449920142394e-03
7.17041 2.502581557741547641e-03
7.17273 2.502445711576522375e-03
7.17504 2.502319399382671710e-03
7.17793 2.502173214591448674e-03
7.18025 2.502064291496883513e-03
7.18256 2.501961257321004811e-03
7.18546 2.501838990884245901e-03
7.18778 2.501744976234917314e-03
7.19009 2.501653040001711962e-03
7.19299 2.501540190576460442e-03
7.19531 2.501451780422798022e-03
7.19763 2.501364982089306424e-03
7.20053 2.501257871017058178e-03
7.20285 2.501172374778511034e-03
7.20517 2.501086950490865723e-03
7.20808 2.500987559425231922e-03
7.2104 2.500913354169681004e-03
7.21273 2.500841684253490415e-03
7.21506 2.500771120679617932e-03
7.21796 2.500682653306676717e-03
7.22029 2.500610255491723596e-03
7.22261 2.500532160574687850e-03
7.22551 2.500420617078079333e-03
7.22783 2.500318572137074334e-03
7.23015 2.500203966449916510e-03
7.23305 2.500041266209939231e-03
7.23536 2.499894535907340107e-03
7.23768 2.499732186461056400e-03
7.24057 2.499506348427256094e-03
7.24289 2.499306807070700819e-03
7.2452 2.499090026968346645e-03
7.24751 2.498855907289684267e-03
7.2504 2.498538474873536128e-03
7.25272 2.498264703852566982e-03
7.25503 2.497973279620981871e-03
7.25792 2.497584277100972985e-03
7.26023 2.497253473768215257e-03
7.26254 2.496905420347357834e-03
7.26543 2.496446500758823552e-03
7.26774 2.496060685268293097e-03
7.27005 2.495658640671510626e-03
7.27294 2.495134013659277249e-03
7.27525 2.494697229371855857e-03
7.27757 2.494245873510906372e-03
7.28046 2.493662218337570034e-03
7.28277 2.493180425104947126e-03
7.28508 2.492686417686191657e-03
7.28798 2.492052604876144207e-03
7.29029 2.491533759320587946e-03
7.29261 2.491005219595932279e-03
7.29551 2.490332325648721579e-03
7.29782 2.489785454239929093e-03
7.30014 2.489231674702194891e-03
7.30304 2.488531750462247456e-03
7.30536 2.487966741599805746e-03
7.30768 2.487398206289726226e-03
7.31 2.486827006393213697e-03
7.3129 2.486110534620747988e-03
7.31522 2.485536333774952117e-03
7.31754 2.484962004802132064e-03
7.32044 2.484245187079750505e-03
7.32276 2.483673265824095418e-03
7.32509 2.483103699934877812e-03
7.32799 2.482395880071734760e-03
7.33031 2.481833877425465747e-03
7.33263 2.481276387552288146e-03
7.33554 2.480587821980692522e-03
7.33786 2.480045479341974266e-03
7.34017 2.479512843804092259e-03
7.34307 2.478862143105699245e-03
7.34539 2.478355897131051967e-03
7.34771 2.477863786084083964e-03
7.35002 2.477387167911358160e-03
7.35292 2.476815257267370000e-03
7.35523 2.476378207654888076e-03
7.35754 2.475962849901060941e-03
7.36044 2.475475743665040557e-03
7.36275 2.475112401525547418e-03
7.36506 2.474772783654862439e-03
7.36795 2.474382036141049152e-03
7.37027 2.474096838590373638e-03
7.37258 2.473836344733976698e-03
7.37547 2.473545922694832602e-03
7.37779 2.473342157059842030e-03
7.3801 2.473164092378027454e-03
7.38299 2.472978191336639483e-03
7.38531 2.472859175903957193e-03
7.38762 2.472766897838900822e-03
7.39051 2.472689598572278252e-03
7.39283 2.472658498537000718e-03
7.39515 2.472654988114182401e-03
7.39805 2.472689695010104726e-03
7.40036 2.472748922706797560e-03
7.40268 2.472836270101734339e-03
7.40501 2.472951834578047004e-03
7.40791 2.473135981259779164e-03
7.41023 2.473315177408897704e-03
7.41256 2.473522512705755155e-03
7.41546 2.473820941748843243e-03
7.41778 2.474090944438781491e-03
7.4201 2.474388318193904493e-03
7.423 2.474798111758626934e-03
7.42532 2.475156161483809888e-03
7.42764 2.475540458067383102e-03
7.43054 2.476057635618826927e-03
7.43285 2.476499899592653469e-03
7.43517 2.476967410039292942e-03
7.43806 2.477586297521816149e-03
7.44037 2.478108444677480735e-03
7.44268 2.478654100338937953e-03
7.44557 2.479368151275986986e-03
7.44788 2.479964480228479245e-03
7.45019 2.480582194009084678e-03
7.4525 2.481220870506297381e-03
7.45539 2.482047585403267774e-03
7.4577 2.482730829593241158e-03
7.46001 2.483432786216090322e-03
7.4629 2.484335427020702928e-03
7.46521 2.485076774084822842e-03
7.46752 2.485834532745698384e-03
7.47041 2.486803417115580461e-03
7.47272 2.487595132887388157e-03
7.47503 2.488400633408268531e-03
7.47792 2.489425788355321099e-03
7.48023 2.490259647176920870e-03
7.48255 2.491104598814121180e-03
7.48544 2.492175900335640796e-03
7.48775 2.493043485428864982e-03
7.49007 2.493920608771293523e-03
7.49297 2.495028772797160729e-03
7.49528 2.495923567054319451e-03
7.4976 2.496824738120154326e-03
7.5005 2.497958616140790074e-03
7.50281 2.498870674972858679e-03
7.50513 2.499786076323365532e-03
7.50803 2.500934076977098536e-03
7.51035 2.501854198851106992e-03
7.51267 2.502775126991113857e-03
7.51557 2.503926079429569761e-03
7.51789 2.504845560239855277e-03
7.52021 2.505763396690841027e-03
7.52253 2.506678220163782635e-03
7.52543 2.507817225810345541e-03
7.52776 2.508723304917622431e-03
7.53008 2.509624167426801819e-03
7.53299 2.510741728862557910e-03
7.53532 2.511627422056573935e-03
7.53764 2.512504224419996081e-03
7.54054 2.513588174978623364e-03
7.54286 2.514443791435459589e-03
7.54518 2.515289495552651411e-03
7.54808 2.516331124246066250e-03
7.55039 2.517151536608842454e-03
7.55271 2.517960063657974368e-03
7.55502 2.518755876745467151e-03
7.55792 2.519732746408921871e-03
7.56023 2.520498914876630539e-03
7.56254 2.521251428183440488e-03
7.56543 2.522172062574056656e-03
7.56775 2.522892197526636644e-03
7.57006 2.523597560803965151e-03
7.57295 2.524458886083843709e-03
7.57526 2.525131600113679139e-03
7.57757 2.525789495654668423e-03
7.58046 2.526590647539649504e-03
7.58278 2.527214463407172294e-03
7.58509 2.527822868943721546e-03
7.58798 2.528561645664687430e-03
7.59029 2.529135258973514572e-03
7.59261 2.529693259173629999e-03
7.5955 2.530369277442357043e-03
7.59781 2.530892664744549634e-03
7.60013 2.531401014316343213e-03
7.60303 2.532015236226211208e-03
7.60534 2.532490039731576624e-03
7.60766 2.532950392909482252e-03
7.61056 2.533505752677041919e-03
7.61289 2.533934674780104462e-03
7.61521 2.534349935792960026e-03
7.61753 2.534752341896380490e-03
7.62044 2.535237453022280794e-03
7.62276 2.535611653727111621e-03
7.62509 2.535974033541668875e-03
7.628 2.536411097959466628e-03
7.63032 2.536748588945506207e-03
7.63264 2.537075980954085069e-03
7.63555 2.537471833530027029e-03
7.63787 2.537778572747053860e-03
7.6402 2.538077149083676522e-03
7.64252 2.538368187383070046e-03
7.64543 2.538722367103556522e-03
7.64775 2.538998841387888825e-03
7.65008 2.539269894422807768e-03
7.65298 2.539601782735163415e-03
7.6553 2.539862781935917860e-03
7.65762 2.540120427323291213e-03
7.66052 2.540438817629088464e-03
7.66284 2.540691494954971843e-03
7.66515 2.540942976230461080e-03
7.66805 2.541256870781337211e-03
7.67037 2.541508272973356207e-03
7.67268 2.541760756782572919e-03
7.67558 2.542078781572562445e-03
7.67789 2.542335914553368100e-03
7.68021 2.542596143776850066e-03
7.68252 2.542860046569329208e-03
7.68542 2.543196012077318484e-03
7.68773 2.543470360190933435e-03
7.69005 2.543750233515375443e-03
7.69294 2.544108707991097392e-03
7.69526 2.544402989629699664e-03
7.69757 2.544704460980931008e-03
7.70047 2.545092180930443038e-03
7.70278 2.545411441404246515e-03
7.7051 2.545739425835975411e-03
7.708 2.546161862768936933e-03
7.71032 2.546510401837834801e-03
7.71264 2.546868526689805359e-03
7.71554 2.547330158643248271e-03
7.71787 2.547711063305743272e-03
7.72019 2.548102320842060391e-03
7.72252 2.548504739996582721e-03
7.72543 2.549023083354078501e-03
7.72775 2.549450304324741602e-03
7.73008 2.549888952970973989e-03
7.73299 2.550453341689781338e-03
7.73531 2.550918164889716573e-03
7.73763 2.551395838738687149e-03
7.74053 2.552010198034859300e-03
7.74285 2.552516210075901886e-03
7.74517 2.553034701154346421e-03
7.74806 2.553700829290149465e-03
7.75038 2.554248063161368345e-03
7.75269 2.554808015048436881e-03
7.75501 2.555380966787350588e-03
7.7579 2.556114933585255499e-03
7.76021 2.556716771873918190e-03
7.76252 2.557331438310037931e-03
7.76541 2.558118063235130524e-03
7.76773 2.558762007658017465e-03
7.77004 2.559418974860352101e-03
7.77292 2.560258641132151861e-03
7.77524 2.560945134111274404e-03
7.77755 2.561644795926291095e-03
7.78044 2.562538033194695745e-03
7.78275 2.563267496448374313e-03
7.78506 2.564010304537739024e-03
7.78795 2.564957566173819287e-03
7.79026 2.565730345510916759e-03
7.79257 2.566516674910403195e-03
7.79547 2.567518143111242879e-03
7.79778 2.568334867933799292e-03
7.8001 2.569165455282685240e-03
7.80299 2.570224065578780980e-03
7.80531 2.571087026753703965e-03
7.80763 2.571964091962922888e-03
7.81053 2.573080634397329966e-03
7.81285 2.573989115603300855e-03
7.81517 2.574911165961523210e-03
7.81807 2.576082473163507879e-03
7.82039 2.577034725288526902e-03
7.82271 2.578000309912970283e-03
7.82504 2.578979269214969235e-03
7.82794 2.580222138440038584e-03
7.83026 2.581231318999667630e-03
7.83259 2.582253803113979031e-03
7.83549 2.583550534961987031e-03
7.83781 2.584601736404467959e-03
7.84013 2.585665777771883802e-03
7.84303 2.587013746726007403e-03
7.84535 2.588106152535202958e-03
7.84767 2.589211627724680078e-03
7.85056 2.590610552392656491e-03
7.85287 2.591744233165103970e-03
7.85519 2.592890231639991515e-03
7.8575 2.594048798200590967e-03
7.8604 2.595514565167856679e-03
7.86271 2.596700999923847245e-03
7.86502 2.597899805566733413e-03
7.86791 2.599415302534002943e-03
7.87023 2.600641218940586905e-03
7.87254 2.601879043686119043e-03
7.87543 2.603442605459571884e-03
7.87774 2.604706339409349185e-03
7.88006 2.605981229894833474e-03
7.88295 2.607589895872014594e-03
7.88527 2.608888884604929417e-03
7.88758 2.610197635605363345e-03
7.89048 2.611847733090799911e-03
7.89279 2.613177982201033995e-03
7.89511 2.614517272765952850e-03
7.89801 2.616203287822233166e-03
7.90033 2.617560753261787693e-03
7.90265 2.618926227955994512e-03
7.90556 2.620641719264827762e-03
7.90788 2.622021714939944907e-03
7.91021 2.623406519237082152e-03
7.91253 2.624794300870026548e-03
7.91543 2.626532273444165313e-03
7.91775 2.627924973757975961e-03
7.92007 2.629317843134796728e-03
7.92297 2.631059942723649406e-03
7.92528 2.632451791459504767e-03
7.9276 2.633842490461142574e-03
7.93049 2.635576962455999598e-03
7.9328 2.636960581817937403e-03
7.93511 2.638339921266461951e-03
7.938 2.640056156067838340e-03
7.94032 2.641422356574443190e-03
7.94263 2.642780932664068327e-03
7.94551 2.644467851507149685e-03
7.94782 2.645806998905608082e-03
7.95013 2.647136027677538233e-03
7.95302 2.648781769733557934e-03
7.95533 2.650084797851752147e-03
7.95764 2.651374765642235121e-03
7.96053 2.652967785364470938e-03
7.96284 2.654225260903626468e-03
7.96515 2.655467073816811935e-03
7.96804 2.656995549168234428e-03
7.97035 2.658198447500723614e-03
7.97266 2.659382748622128329e-03
7.97556 2.660835376491611608e-03
7.97787 2.661974785435545707e-03
7.98019 2.663092472691650728e-03
7.9825 2.664188438026505752e-03
7.9854 2.665525843970614067e-03
7.98772 2.666568744499617141e-03
7.99003 2.667586872868932951e-03
7.99293 2.668823560501435051e-03
7.99525 2.669783666232267930e-03
7.99757 2.670716776800086990e-03
8.00047 2.671845084726190856e-03
8.00279 2.672716221612773165e-03
8.00511 2.673559180726137879e-03
8.00802 2.674572532533651785e-03
8.01034 2.675350320343735430e-03
8.01267 2.676099017066226830e-03
8.01557 2.676992506372617448e-03
8.0179 2.677672716455072217e-03
8.02022 2.678322386457064608e-03
8.02254 2.678940871295784534e-03
8.02545 2.679670164145192979e-03
8.02777 2.680218831708996649e-03
8.03008 2.680736249616863607e-03
8.03298 2.681339932433027956e-03
8.0353 2.681788030524054692e-03
8.03761 2.682205754314840197e-03
8.0405 2.682685232542764749e-03
8.04282 2.683035032721698895e-03
8.04513 2.683355165024701484e-03
8.04802 2.683714036679683401e-03
8.05033 2.683968680466671409e-03
8.05264 2.684194889813469858e-03
8.05553 2.684438499918443809e-03
8.05785 2.684602723417048396e-03
8.06016 2.684740330981793318e-03
8.06305 2.684875904643341336e-03
8.06536 2.684956052333121405e-03
8.06767 2.685011815561133552e-03
8.07056 2.685048429634843536e-03
8.07288 2.685052215086645815e-03
8.07519 2.685034240900810790e-03
8.07751 2.684995379718761125e-03
8.0804 2.684918796505700051e-03
8.08272 2.684836233716692607e-03
8.08504 2.684735820838453357e-03
8.08794 2.684586516939424083e-03
8.09026 2.684449402048424277e-03
8.09258 2.684297528127641431e-03
8.09549 2.684088667814975467e-03
8.09781 2.683907625071592275e-03
8.10014 2.683715328632347175e-03
8.10305 2.683460980261854253e-03
8.10537 2.683247744711051656e-03
8.1077 2.683026955861709910e-03
8.11002 2.682799766593722129e-03
8.11293 2.682508392282404591e-03
8.11525 2.682270679730874505e-03
8.11758 2.682030009676946922e-03
8.12048 2.681726575042870254e-03
8.12281 2.681482973173276128e-03
8.12513 2.681239670167170214e-03
8.12803 2.680937722900623901e-03
8.13036 2.680698828530264383e-03
8.13268 2.680463328116677608e-03
8.13557 2.680174992188138951e-03
8.13789 2.679950076328457397e-03
8.14021 2.679731227353429352e-03
8.14253 2.679519062504868900e-03
8.14542 2.679264458794595408e-03
8.14774 2.679070012357221992e-03
8.15005 2.678884478452633281e-03
8.15295 2.678666003753422606e-03
8.15526 2.678502642485834206e-03
8.15758 2.678350007225401182e-03
8.16047 2.678175036392222656e-03
8.16279 2.678048240953897173e-03
8.1651 2.677933637086453000e-03
8.168 2.677808055626038769e-03
8.17031 2.677722148907894697e-03
8.17263 2.677649500975133601e-03
8.17553 2.677577699676156851e-03
8.17785 2.677535758335510257e-03
8.18017 2.677507753568432458e-03
8.18307 2.677492604506191264e-03
8.18539 2.677496489399731807e-03
8.18771 2.677514683704701123e-03
8.19004 2.677547222996557157e-03
8.19295 2.677608124815983228e-03
8.19527 2.677672946005964835e-03
8.1976 2.677751994099650604e-03
8.20051 2.677870645727107365e-03
8.20283 2.677981116801618575e-03
8.20516 2.678105262471801307e-03
8.20806 2.678279308411781780e-03
8.21038 2.678433265258387767e-03
8.2127 2.678600106352089626e-03
8.21501 2.678779295273035679e-03
8.21791 2.679020399204325251e-03
8.22022 2.679226383377348794e-03
8.22254 2.679443671369835262e-03
8.22543 2.679730572752584902e-03
8.22774 2.679971802908689797e-03
8.23006 2.680223097135616198e-03
8.23295 2.680550599341234921e-03
8.23526 2.680822947816997870e-03
8.23757 2.681104018579705608e-03
8.24046 2.681467075298472631e-03
8.24277 2.681766435007765844e-03
8.24508 2.682073295490227001e-03
8.24797 2.682466844809312453e-03
8.25028 2.682789232678237015e-03
8.25259 2.683117861034107782e-03
8.25548 2.683536990530064042e-03
8.25779 2.683878421412875300e-03
8.26011 2.684224988906627838e-03
8.263 2.684664861407089990e-03
8.26532 2.685021628520284972e-03
8.26763 2.685382535217374373e-03
8.27053 2.685838663658257110e-03
8.27285 2.686207604066727980e-03
8.27516 2.686579457391032304e-03
8.27806 2.687048240639579484e-03
8.28039 2.687426053105222614e-03
8.28271 2.687805980581456020e-03
8.28503 2.688187872195402575e-03
8.28793 2.688667519665040220e-03
8.29026 2.689053078828362951e-03
8.29258 2.689439860244040130e-03
8.29549 2.689925025449276929e-03
8.29781 2.690314282753362464e-03
8.30013 2.690704105998104750e-03
8.30304 2.691191551012338517e-03
8.30536 2.691582156762005809e-03
8.30767 2.691972759539141159e-03
8.31057 2.692461691924382099e-03
8.31289 2.692853115944937505e-03
8.3152 2.693244953075324410e-03
8.31752 2.693637275001492960e-03
8.32041 2.694128319133010444e-03
8.32272 2.694521945898251721e-03
8.32504 2.694916254967109383e-03
8.32793 2.695410463994939772e-03
8.33024 2.695807034753871373e-03
8.33255 2.696204856257823548e-03
8.33544 2.696704202898547210e-03
8.33776 2.697105580695557600e-03
8.34007 2.697508827636776758e-03
8.34296 2.698016056396071102e-03
8.34528 2.698424471539019685e-03
8.34759 2.698835680123694465e-03
8.35049 2.699353766756605946e-03
8.35281 2.699771895227013729e-03
8.35512 2.700193542916783616e-03
8.35802 2.700725740658768866e-03
8.36034 2.701156172156346600e-03
8.36266 2.701590643300067103e-03
8.36557 2.702140329531816775e-03
8.36789 2.702585253864151025e-03
8.37022 2.703034918949942175e-03
8.37254 2.703489519624685620e-03
8.37545 2.704064751250981509e-03
8.37777 2.704530245734883525e-03
8.38009 2.705001206545756907e-03
8.38298 2.705597144547500395e-03
8.3853 2.706080265741317003e-03
8.38761 2.706569036704203728e-03
8.39051 2.707188169022780710e-03
8.39282 2.707690323981128393e-03
8.39513 2.708198441867893172e-03
8.39802 2.708842587191758258e-03
8.40033 2.709364888967635745e-03
8.40265 2.709893763829148913e-03
8.40553 2.710564065120889959e-03
8.40784 2.711107780511487399e-03
8.41015 2.711658247349743589e-03
8.41304 2.712355850827147946e-03
8.41535 2.712921628977642188e-03
8.41766 2.713494341335192638e-03
8.42055 2.714219887729519588e-03
8.42286 2.714808197416830691e-03
8.42517 2.715403398106607490e-03
8.42806 2.716157134238107035e-03
8.43037 2.716767925746846508e-03
8.43268 2.717385401768536088e-03
8.43557 2.718167135168333623e-03
8.43789 2.718799846556603072e-03
8.4402 2.719439417938345968e-03
8.44252 2.720085432594927886e-03
8.44542 2.720901892223430950e-03
8.44773 2.721562161613897898e-03
8.45005 2.722228254784665735e-03
8.45295 2.723069051609891544e-03
8.45527 2.723747790544878578e-03
8.45759 2.724432006196309680e-03
8.46049 2.725294348279789624e-03
8.46281 2.725989756475563457e-03
8.46513 2.726689823824865119e-03
8.46804 2.727570804523182357e-03
8.47036 2.728280375716585909e-03
8.47269 2.728993313743016680e-03
8.47501 2.729709973423042127e-03
8.47792 2.730609802224748597e-03
8.48025 2.731331580665394710e-03
8.48257 2.732054589721446842e-03
8.48547 2.732960108892176949e-03
8.4878 2.733684837693512761e-03
8.49012 2.734410200527677848e-03
8.49301 2.735316361607538407e-03
8.49533 2.736040912069710902e-03
8.49765 2.736764526619730933e-03
8.50054 2.737667170807077301e-03
8.50286 2.738387499798712512e-03
8.50517 2.739105536503471782e-03
8.50806 2.739999691379053741e-03
8.51037 2.740711451026861534e-03
8.51269 2.741419825303227382e-03
8.515 2.742124281851367629e-03
8.51789 2.742998655326780652e-03
8.5202 2.743692718185216425e-03
8.52252 2.744381470260817864e-03
8.52541 2.745234233224150538e-03
8.52772 2.745909549662709816e-03
8.53003 2.746578097921494217e-03
8.53292 2.747403868332147329e-03
8.53524 2.748055972885700936e-03
8.53755 2.748700071408107914e-03
8.54045 2.749493609596645721e-03
8.54276 2.750118361647514633e-03
8.54508 2.750734356441111774e-03
8.54798 2.751490685520780431e-03
8.5503 2.752084958127347554e-03
8.55262 2.752669023022554472e-03
8.55552 2.753384500220614275e-03
8.55785 2.753945050428236504e-03
8.56017 2.754494435056239424e-03
8.56308 2.755165917691650059e-03
8.56541 2.755690115930090056e-03
8.56773 2.756202505986054402e-03
8.57006 2.756703084914280139e-03
8.57297 2.757312137281501315e-03
8.57529 2.757785985287766750e-03
8.57762 2.758247935038649502e-03
8.58052 2.758808771603101038e-03
8.58285 2.759244141933629886e-03
8.58518 2.759667573677555049e-03
8.58808 2.760180471275974941e-03
8.5904 2.760577674037474442e-03
8.59273 2.760963400438302268e-03
8.59505 2.761338108502518502e-03
8.59795 2.761790896601355738e-03
8.60027 2.762141352844149807e-03
8.60258 2.762481468696736595e-03
8.60548 2.762892758105115008e-03
8.6078 2.763211113720266069e-03
8.61011 2.763520381044443606e-03
8.61301 2.763894887683167236e-03
8.61532 2.764185311542654688e-03
8.61764 2.764468113200570405e-03
8.62054 2.764811628961444823e-03
8.62285 2.765079059571168025e-03
8.62517 2.765340528692486737e-03
8.62806 2.765659805036214513e-03
8.63038 2.765909863041739625e-03
8.6327 2.766155847764063119e-03
8.63501 2.766398261212268603e-03
8.63791 2.766697358337886960e-03
8.64023 2.766934144740667775e-03
8.64255 2.767169474184101585e-03
8.64546 2.767462522249777325e-03
8.64778 2.767696788276450669e-03
8.6501 2.767931721708848450e-03
8.65301 2.768226967584714107e-03
8.65534 2.768465496476464009e-03
8.65766 2.768706444056659183e-03
8.66057 2.769012022154865998e-03
8.6629 2.769260631188178064e-03
8.66523 2.769513305927158962e-03
8.66756 2.769770281326142027e-03
8.67046 2.770098728981012191e-03
8.67278 2.770367337151602785e-03
8.6751 2.770641923898252076e-03
8.678 2.770993788174665965e-03
8.68032 2.771282606526784004e-03
8.68264 2.771578267546311296e-03
8.68553 2.771957587429550555e-03
8.68785 2.772269283547784159e-03
8.69016 2.772588178968402040e-03
8.69305 2.772997407674558743e-03
8.69537 2.773333186158985584e-03
8.69768 2.773676507701453454e-03
8.70057 2.774116228779162363e-03
8.70288 2.774476378901600745e-03
8.70519 2.774843995031279521e-03
8.7075 2.775219007611237805e-03
8.71039 2.775698175497711469e-03
8.7127 2.776089999398437085e-03
8.71502 2.776489450921405724e-03
8.71791 2.776999183845336571e-03
8.72022 2.777414999613903122e-03
8.72253 2.777837544553585399e-03
8.72542 2.778374984482744146e-03
8.72774 2.778811665230866874e-03
8.73005 2.779254163116552483e-03
8.73295 2.779814592834404206e-03
8.73526 2.780268384994932437e-03
8.73758 2.780726554862399807e-03
8.74048 2.781304562758812708e-03
8.7428 2.781771241443682478e-03
8.74512 2.782240901183660308e-03
8.74802 2.782831810167951322e-03
8.75034 2.783306688531031383e-03
8.75267 2.783782860064390637e-03
8.75557 2.784378976518395773e-03
8.75789 2.784855835011492385e-03
8.76022 2.785332121240308330e-03
8.76254 2.785807000348449955e-03
8.76545 2.786398007658998262e-03
8.76778 2.786867735674573941e-03
8.7701 2.787333889442923738e-03
8.77301 2.787910612300697338e-03
8.77533 2.788366378829756215e-03
8.77766 2.788816161952882480e-03
8.78056 2.789369833134376035e-03
8.78288 2.789804728563280347e-03
8.7852 2.790232398457095139e-03
8.78751 2.790652154251782591e-03
8.79041 2.791165061243281245e-03
8.79273 2.791565501341151511e-03
8.79504 2.791956462917866318e-03
8.79793 2.792431839063613894e-03
8.80024 2.792800717009477195e-03
8.80256 2.793159456040326949e-03
8.80545 2.793593260614360852e-03
8.80776 2.793928318960559997e-03
8.81007 2.794252534348012993e-03
8.81296 2.794642396806506449e-03
8.81527 2.794941692669111310e-03
8.81759 2.795229879903170060e-03
8.82048 2.795574135889870426e-03
8.8228 2.795836888083561012e-03
8.82511 2.796088310043718956e-03
8.82801 2.796386768748046654e-03
8.83033 2.796613015534523197e-03
8.83265 2.796828142364372362e-03
8.83555 2.797081920410796931e-03
8.83787 2.797272831560830997e-03
8.84019 2.797453385529226257e-03
8.84252 2.797623708911752601e-03
8.84542 2.797822700020382528e-03
8.84775 2.797971184813985521e-03
8.85008 2.798110418378409094e-03
8.85298 2.798271809715886099e-03
8.85531 2.798391558310111583e-03
8.85763 2.798503366859393052e-03
8.86053 2.798632868345184935e-03
8.86285 2.798728893552271998e-03
8.86516 2.798818798069729018e-03
8.86806 2.798923541683513184e-03
8.87038 2.799001940168023908e-03
8.87269 2.799076307690542918e-03
8.875 2.799147274918541584e-03
8.87789 2.799232310594400048e-03
8.88021 2.799298269324754750e-03
8.88252 2.799363184151233350e-03
8.88541 2.799444029091303042e-03
8.88772 2.799509386294494594e-03
8.89003 2.799576212061812789e-03
8.89292 2.799663001830109826e-03
8.89523 2.799736021904235955e-03
8.89754 2.799813109495589633e-03
8.90043 2.799916429111983310e-03
8.90274 2.800005653277497578e-03
8.90505 2.800101616695663004e-03
8.90793 2.800232279597166321e-03
8.91025 2.800346424355517304e-03
8.91256 2.800469963814159000e-03
8.91545 2.800638894834160588e-03
8.91776 2.800786617181217578e-03
8.92008 2.800946381776317929e-03
8.92297 2.801164295336663196e-03
8.92528 2.801354027503862292e-03
8.9276 2.801558446764486517e-03
8.9305 2.801835478219322131e-03
8.93282 2.802075360144548957e-03
8.93514 2.802332117050523180e-03
8.93804 2.802677869264482390e-03
8.94036 2.802975177477585664e-03
8.94268 2.803291354321223693e-03
8.94501 2.803627277709079199e-03
8.94791 2.804075367108941827e-03
8.95024 2.804457320724783320e-03
8.95257 2.804860517880751469e-03
8.95548 2.805395133166299192e-03
8.9578 2.805847937566616993e-03
8.96013 2.806323243815241324e-03
8.96304 2.806948382689014674e-03
8.96537 2.807474482111245364e-03
8.96769 2.808023324815486343e-03
8.97001 2.808595475768719662e-03
8.97291 2.809343575379626493e-03
8.97523 2.809968295523617224e-03
8.97755 2.810616756409037558e-03
8.98045 2.811459827783476407e-03
8.98276 2.812160802934757925e-03
8.98508 2.812884805325540933e-03
8.98797 2.813822303351204510e-03
8.99028 2.814597963816530771e-03
8.9926 2.815396112500089931e-03
8.99549 2.816425183669953817e-03
8.9978 2.817272960131999085e-03
9.00012 2.818142252245427713e-03
9.00301 2.819258341624305934e-03
9.00532 2.820174184795405919e-03
9.00763 2.821109914393106835e-03
9.01053 2.822306586938378228e-03
9.01284 2.823284738061490086e-03
9.01515 2.824280830092244701e-03
9.01805 2.825549635783674522e-03
9.02036 2.826583293513872629e-03
9.02268 2.827632075296395049e-03
9.02557 2.828963658083278720e-03
9.02789 2.830044174376308407e-03
9.03021 2.831137224370654064e-03
9.03253 2.832242420954674336e-03
9.03543 2.833638371203785460e-03
9.03775 2.834766813812958711e-03
9.04007 2.835903361244725834e-03
9.04298 2.837335020678321326e-03
9.0453 2.838487529741456211e-03
9.04763 2.839645060408051841e-03
9.05054 2.841098228628287977e-03
9.05287 2.842263320030684499e-03
9.0552 2.843429061651783687e-03
9.05752 2.844594748158749131e-03
9.06043 2.846049956244769367e-03
9.06276 2.847211275558299368e-03
9.06509 2.848368941605111150e-03
9.068 2.849809263848513807e-03
9.07032 2.850954715496157275e-03
9.07265 2.852092857819110532e-03
9.07556 2.853503775369060913e-03
9.07789 2.854620779489559692e-03
9.08021 2.855726856847513352e-03
9.08253 2.856821076800051835e-03
9.08544 2.858170048219467636e-03
9.08776 2.859233912879810893e-03
9.09008 2.860282315909801372e-03
9.09298 2.861571007063828942e-03
9.0953 2.862583032998328603e-03
9.09762 2.863577653743243964e-03
9.10051 2.864795343502963328e-03
9.10283 2.865748109581936834e-03
9.10515 2.866681381912938170e-03
9.10805 2.867819431542130773e-03
9.11036 2.868706574738826356e-03
9.11268 2.869572489713188759e-03
9.11558 2.870624379329430285e-03
9.11789 2.871441116131834368e-03
9.12021 2.872235486428296840e-03
9.12253 2.873007135697751117e-03
9.12543 2.873939782869497361e-03
9.12775 2.874659842856628136e-03
9.13007 2.875356913314526790e-03
9.13297 2.876195460820788873e-03
9.13529 2.876840165229500954e-03
9.13761 2.877461641882666371e-03
9.14051 2.878205663923428820e-03
9.14284 2.878775034140404997e-03
9.14516 2.879321128602225447e-03
9.14807 2.879971842766369979e-03
9.15039 2.880466711597778028e-03
9.15272 2.880939173431099672e-03
9.15505 2.881389438190877072e-03
9.15796 2.881920971416152433e-03
9.16029 2.882321410569317014e-03
9.16262 2.882700431282483010e-03
9.16553 2.883144167870071387e-03
9.16785 2.883476041748041490e-03
9.17018 2.883787768527461357e-03
9.17308 2.884149931613701461e-03
9.1754 2.884418434231036249e-03
9.17772 2.884668513813522933e-03
9.18004 2.884900960936737872e-03
9.18293 2.885167397553289013e-03
9.18525 2.885362108617182345e-03
9.18757 2.885541053715383417e-03
9.19046 2.885743540124747954e-03
9.19277 2.885889396586103790e-03
9.19509 2.886021590340614399e-03
9.19798 2.886168752537228432e-03
9.20029 2.886272838678888113e-03
9.20261 2.886365616580225356e-03
9.2055 2.886466787804942667e-03
9.20781 2.886536788590856988e-03
9.21012 2.886597876617821162e-03
9.21301 2.886662830361226735e-03
9.21532 2.886706564697402288e-03
9.21764 2.886743776350438571e-03
9.22053 2.886782190244977821e-03
9.22284 2.886807292698509875e-03
9.22515 2.886828117467006745e-03
9.22805 2.886849126751165479e-03
9.23036 2.886862680468730430e-03
9.23268 2.886873986319224514e-03
9.23557 2.886885829565476267e-03
9.23789 2.886894118053423032e-03
9.24021 2.886901901193925351e-03
9.24252 2.886909642395386888e-03
9.24542 2.886919920497260390e-03
9.24774 2.886929111054823208e-03
9.25006 2.886939550747510356e-03
9.25297 2.886954873724389449e-03
9.25529 2.886969299810346768e-03
9.25761 2.886985953566846477e-03
9.26052 2.887010263474808561e-03
9.26285 2.887032775816552807e-03
9.26517 2.887058230231575196e-03
9.26808 2.887094452055431488e-03
9.27041 2.887127161638736866e-03
9.27274 2.887163328993031484e-03
9.27506 2.887203034216707237e-03
9.27797 2.887257834472283652e-03
9.28029 2.887305903483390265e-03
9.28262 2.887357802256745095e-03
9.28552 2.887428176771615618e-03
9.28784 2.887488891588506704e-03
9.29016 2.887553601948286957e-03
9.29305 2.887640075280948487e-03
9.29537 2.887713751368077651e-03
9.29769 2.887791398502026746e-03
9.30001 2.887872988216490071e-03
9.3029 2.887980484786179577e-03
9.30522 2.888070806260354013e-03
9.30753 2.888164926395872262e-03
9.31043 2.888287787233970953e-03
9.31274 2.888390150231136787e-03
9.31506 2.888496034900766250e-03
9.31795 2.888633180450286917e-03
9.32027 2.888746592114482641e-03
9.32258 2.888863166578913618e-03
9.32548 2.889013104823667279e-03
9.32779 2.889136311223479761e-03
9.33011 2.889262213134870944e-03
9.33301 2.889423211975002560e-03
9.33533 2.889554712399953606e-03
9.33764 2.889688449962125351e-03
9.34054 2.889858603608114369e-03
9.34286 2.889996857462006057e-03
9.34519 2.890136982834298068e-03
9.34751 2.890278714625456498e-03
9.35041 2.890458058775336857e-03
9.35274 2.890603098767284551e-03
9.35506 2.890749395419672449e-03
9.35797 2.890933983669451059e-03
9.3603 2.891082771667254081e-03
9.36262 2.891232371879833007e-03
9.36553 2.891420512344112462e-03
9.36786 2.891571677161168183e-03
9.37018 2.891723449590866829e-03
9.37308 2.891913919021784317e-03
9.3754 2.892066801208602496e-03
9.37772 2.892220202193957791e-03
9.38004 2.892373921201570486e-03
9.38293 2.892566733629232945e-03
9.38525 2.892721400072858096e-03
9.38756 2.892876502838048064e-03
9.39045 2.893071018559189439e-03
9.39277 2.893227158611081686e-03
9.39508 2.893383879334450546e-03
9.39797 2.893580584777577687e-03
9.40028 2.893738764345073211e-03
9.40259 2.893897716800340747e-03
9.40548 2.894097674390705161e-03
9.40779 2.894258776667196949e-03
9.4101 2.894421003155150506e-03
9.41299 2.894625559839312991e-03
9.4153 2.894790772400471657e-03
9.41761 2.894957512106450213e-03
9.4205 2.895168318997610492e-03
9.42281 2.895339020527866979e-03
9.42512 2.895511731965218823e-03
9.42801 2.895730674279475142e-03
9.43033 2.895908455095253138e-03
9.43264 2.896088797713051652e-03
9.43553 2.896317988973476278e-03
9.43785 2.896504684742179023e-03
9.44016 2.896694435958729625e-03
9.44306 2.896936309834929110e-03
9.44537 2.897133751531340284e-03
9.44769 2.897334889390596867e-03
9.45001 2.897540007234348635e-03
9.45291 2.897802090399721666e-03
9.45523 2.898016762869970106e-03
9.45755 2.898235893312300308e-03
9.46045 2.898516560848245736e-03
9.46278 2.898746678513145197e-03
9.4651 2.898981907481047032e-03
9.46801 2.899283511571285228e-03
9.47033 2.899530902594301372e-03
9.47266 2.899784118162246783e-03
9.47557 2.900108709682303141e-03
9.4779 2.900375202754354714e-03
9.48023 2.900647759557749717e-03
9.48256 2.900926295811591220e-03
9.48547 2.901282733419279121e-03
9.4878 2.901574872314358847e-03
9.49012 2.901872858756861847e-03
9.49302 2.902254186400359936e-03
9.49535 2.902566075290939369e-03
9.49767 2.902884183195004412e-03
9.50057 2.903290523045798724e-03
9.50289 2.903622458759428683e-03
9.50521 2.903960617530702490e-03
9.50752 2.904304678017441150e-03
9.51042 2.904743302967602823e-03
9.51274 2.905100770713502437e-03
9.51505 2.905464046723808813e-03
9.51795 2.905926116756403672e-03
9.52026 2.906301944777422118e-03
9.52257 2.906683170403698280e-03
9.52547 2.907166906437074361e-03
9.52778 2.907559512311798117e-03
9.5301 2.907956865608558091e-03
9.53299 2.908459901294556740e-03
9.5353 2.908867136445287670e-03
9.53762 2.909278365530887193e-03
9.54051 2.909797593683508161e-03
9.54282 2.910216847735880383e-03
9.54514 2.910639130174477122e-03
9.54803 2.911170948492775024e-03
9.55035 2.911599063388066455e-03
9.55267 2.912029272015838246e-03
9.55556 2.912569429424819757e-03
9.55788 2.913002992175734406e-03
9.5602 2.913437613978742038e-03
9.56252 2.913872684365205641e-03
9.56542 2.914416981817876968e-03
9.56774 2.914852101007977050e-03
9.57006 2.915286691608227291e-03
9.57297 2.915828589481710923e-03
9.57529 2.916260492650113792e-03
9.57762 2.916690837389060865e-03
9.58053 2.917225510352004000e-03
9.58286 2.917650780146077878e-03
9.58519 2.918073003951815632e-03
9.58752 2.918491874502272734e-03
9.59043 2.919010283996175195e-03
9.59276 2.919420490977822462e-03
9.59509 2.919826349935076507e-03
9.598 2.920327245499069763e-03
9.60033 2.920722539234477978e-03
9.60266 2.921112775045372079e-03
9.60557 2.921593221845692097e-03
9.6079 2.921971479810159256e-03
9.61023 2.922344080326378692e-03
9.61255 2.922710801501108777e-03
9.61546 2.923161011623375081e-03
9.61779 2.923514148090233539e-03
9.62012 2.923861339406434636e-03
9.62302 2.924286690485557519e-03
9.62534 2.924620132978003779e-03
9.62767 2.924947574528632358e-03
9.63057 2.925348367550075802e-03
9.63289 2.925662461446226596e-03
9.63521 2.925970649012118313e-03
9.63753 2.926273219433559499e-03
9.64043 2.926643615921677415e-03
9.64275 2.926933869400885103e-03
9.64507 2.927218918123353046e-03
9.64797 2.927568112231502487e-03
9.65029 2.927842041451592103e-03
9.65261 2.928111324051632918e-03
9.6555 2.928441735435354052e-03
9.65782 2.928701387070017665e-03
9.66014 2.928957122897033090e-03
9.66304 2.929271686498720068e-03
9.66536 2.929519585726304918e-03
9.66768 2.929764424227950144e-03
9.67058 2.930066744016987610e-03
9.6729 2.930305902266785393e-03
9.67522 2.930543106600429302e-03
9.67754 2.930778611649443536e-03
9.68044 2.931071122114785668e-03
9.68277 2.931304038687447371e-03
9.68509 2.931536208559859264e-03
9.68799 2.931826017438412483e-03
9.69032 2.932057623713540083e-03
9.69265 2.932289403265610824e-03
9.69556 2.932579437644962199e-03
9.69788 2.932811933684932766e-03
9.70021 2.933044951625398810e-03
9.70254 2.933278409413067351e-03
9.70546 2.933571272640274775e-03
9.70779 2.933806130125783153e-03
9.71012 2.934041370260531516e-03
9.71304 2.934336191479149005e-03
9.71537 2.934572616259278292e-03
9.71769 2.934809596967507140e-03
9.72002 2.935047380897628198e-03
9.72293 2.935345470697482088e-03
9.72525 2.935585033779520951e-03
9.72757 2.935825437614507545e-03
9.73048 2.936127419236658591e-03
9.7328 2.936370191491914552e-03
9.73512 2.936614038346772090e-03
9.73802 2.936920526311571997e-03
9.74033 2.937166921932213466e-03
9.74265 2.937414498943427977e-03
9.74555 2.937725454820083910e-03
9.74786 2.937975465590784898e-03
9.75018 2.938226494339483356e-03
9.75307 2.938541624722823195e-03
9.75538 2.938794754296220318e-03
9.7577 2.939048647818524179e-03
9.76001 2.939303277937622885e-03
9.7629 2.939622372101029918e-03
9.76522 2.939878178356736000e-03
9.76753 2.940134311106975748e-03
9.77042 2.940454714517697077e-03
9.77273 2.940711049483471506e-03
9.77505 2.940967221875888816e-03
9.77794 2.941286923144595909e-03
9.78025 2.941542105286857906e-03
9.78257 2.941796527134827970e-03
9.78546 2.942113271913524356e-03
9.78777 2.942365400871698421e-03
9.79009 2.942616207334620287e-03
9.79298 2.942927657151148298e-03
9.7953 2.943174867537081026e-03
9.79762 2.943420317259987356e-03
9.80051 2.943724188801650089e-03
9.80283 2.943964882382203198e-03
9.80515 2.944203201521910108e-03
9.80805 2.944497591259174346e-03
9.81037 2.944730177368467140e-03
9.81269 2.944959920472813453e-03
9.81501 2.945186942057328224e-03
9.81792 2.945466407494583532e-03
9.82024 2.945686609995079933e-03
9.82257 2.945903619800819325e-03
9.82548 2.946170332129215315e-03
9.82781 2.946380038554823142e-03
9.83014 2.946586289778819166e-03
9.83305 2.946839282980272170e-03
9.83538 2.947037707971945832e-03
9.83771 2.947232397388750529e-03
9.84003 2.947423474221150860e-03
9.84294 2.947657223738991538e-03
9.84527 2.947840118891906919e-03
9.84759 2.948019496119565208e-03
9.85049 2.948238599415732054e-03
9.85281 2.948410000756937314e-03
9.85513 2.948577898529917973e-03
9.85803 2.948783028343467290e-03
9.86035 2.948943399878256252e-03
9.86267 2.949100534008207951e-03
9.86557 2.949292591877998929e-03
9.86789 2.949442838008995132e-03
9.87021 2.949590245822430751e-03
9.87252 2.949734919854497123e-03
9.87542 2.949912190687308672e-03
9.87774 2.950051362410730307e-03
9.88005 2.950188390062769266e-03
9.88295 2.950356995787864825e-03
9.88526 2.950490015253097020e-03
9.88758 2.950621642691289136e-03
9.89048 2.950784639432025690e-03
9.89279 2.950914135119030342e-03
9.89511 2.951043164297803209e-03
9.89801 2.951204265545284353e-03
9.90033 2.951333390212043228e-03
9.90264 2.951463129468545350e-03
9.90554 2.951626646825415007e-03
9.90786 2.951759058316351728e-03
9.91018 2.951893233766902675e-03
9.9125 2.952029612566887083e-03
9.9154 2.952203793557442446e-03
9.91773 2.952346590068913226e-03
9.92005 2.952492981260484463e-03
9.92295 2.952681559398693568e-03
9.92528 2.952837581685630909e-03
9.92761 2.952998546072054410e-03
9.93051 2.953207523788073472e-03
9.93284 2.953381447188802196e-03
9.93517 2.953561756239394404e-03
9.93808 2.953796721288224313e-03
9.94041 2.953992990054558638e-03
9.94273 2.954196831523639953e-03
