#t,ms t, T, K
0.003 1.112000000000000000e+03
0.005 1.112000000000000000e+03
0.008 1.112000000000000000e+03
0.01 1.112000000000000000e+03
0.0129324 1.112000000000000000e+03
0.0152784 1.112000000000000000e+03
0.0176291 1.112000000000000000e+03
0.0205694 1.112000000000000000e+03
0.0229245 1.112000000000000000e+03
0.0252824 1.112000000000000000e+03
0.0276402 1.112000000000000000e+03
0.0305804 1.112000000000000000e+03
0.0329326 1.112000000000000000e+03
0.0352671 1.112000000000000000e+03
0.0375956 1.112000000000000000e+03
0.040494 1.112000000000000000e+03
0.0427981 1.112000000000000000e+03
0.0451022 1.112000000000000000e+03
0.0479388 1.112000000000000000e+03
0.0502082 1.112000000000000000e+03
0.0530041 1.112000000000000000e+03
0.0552327 1.112000000000000000e+03
0.0579873 1.112000000000000000e+03
0.0601743 1.112000000000000000e+03
0.0628915 1.112000000000000000e+03
0.0650454 1.112000000000000000e+03
0.0677309 1.112000000000000000e+03
0.0703885 1.112000000000000000e+03
0.0725147 1.112000000000000000e+03
0.0751435 1.112000000000000000e+03
0.0777723 1.112000000000000000e+03
0.0803793 1.112000000000000000e+03
0.0829862 1.112000000000000000e+03
0.0850594 1.112000000000000000e+03
0.0876508 1.112000000000000000e+03
0.090234 1.112000000000000000e+03
0.0928152 1.112000000000000000e+03
0.0953792 1.112000000000000000e+03
0.0979388 1.112000000000000000e+03
0.100475 1.112000000000000000e+03
0.103006 1.112000000000000000e+03
0.105016 1.112000000000000000e+03
0.107524 1.112000000000000000e+03
0.11002 1.112000000000000000e+03
0.112509 1.112000000000000000e+03
0.115485 1.112000000000000000e+03
0.117961 1.112000000000000000e+03
0.120429 1.112000000000000000e+03
0.122896 1.112000000000000000e+03
0.125358 1.112000000000000000e+03
0.127819 1.112000000000000000e+03
0.130279 1.112000000000000000e+03
0.132739 1.112000000000000000e+03
0.135199 1.112000000000000000e+03
0.13766 1.112000000000000000e+03
0.140113 1.112000000000000000e+03
0.142564 1.112000000000000000e+03
0.145009 1.112000000000000000e+03
0.147941 1.112000000000000000e+03
0.150379 1.112000000000000000e+03
0.152817 1.112000000000000000e+03
0.155251 1.112000000000000000e+03
0.157686 1.112000000000000000e+03
0.160119 1.112000000000000000e+03
0.162553 1.112000000000000000e+03
0.165473 1.112000000000000000e+03
0.167908 1.112000000000000000e+03
0.170344 1.112000000000000000e+03
0.17278 1.112000000000000000e+03
0.175219 1.112000000000000000e+03
0.177658 1.112000000000000000e+03
0.180096 1.112000000000000000e+03
0.182534 1.112000000000000000e+03
0.185458 1.112000000000000000e+03
0.187895 1.112000000000000000e+03
0.190332 1.112000000000000000e+03
0.192769 1.112000000000000000e+03
0.195206 1.112000000000000000e+03
0.197644 1.112000000000000000e+03
0.200084 1.112000000000000000e+03
0.202524 1.112000000000000000e+03
0.205454 1.112000000000000000e+03
0.207897 1.112000000000000000e+03
0.210342 1.112000000000000000e+03
0.212788 1.112000000000000000e+03
0.215236 1.112000000000000000e+03
0.217684 1.112000000000000000e+03
0.220132 1.112000000000000000e+03
0.222581 1.112000000000000000e+03
0.225029 1.112000000000000000e+03
0.227969 1.112000000000000000e+03
0.23042 1.112000000000000000e+03
0.232872 1.112000000000000000e+03
0.235324 1.112000000000000000e+03
0.237778 1.112000000000000000e+03
0.240232 1.112000000000000000e+03
0.242687 1.112000000000000000e+03
0.245143 1.112000000000000000e+03
0.247601 1.112000000000000000e+03
0.250059 1.112000000000000000e+03
0.252517 1.112000000000000000e+03
0.255468 1.112000000000000000e+03
0.257927 1.112000000000000000e+03
0.260387 1.112000000000000000e+03
0.262847 1.112000000000000000e+03
0.265308 1.112000000000000000e+03
0.267769 1.112000000000000000e+03
0.27023 1.112000000000000000e+03
0.272692 1.112000000000000000e+03
0.275154 1.112000000000000000e+03
0.277616 1.112000000000000000e+03
0.280079 1.112000000000000000e+03
0.282542 1.112000000000000000e+03
0.285005 1.112000000000000000e+03
0.287961 1.112000000000000000e+03
0.290425 1.112000000000000000e+03
0.292888 1.112000000000000000e+03
0.295351 1.112000000000000000e+03
0.297815 1.112000000000000000e+03
0.300278 1.112000000000000000e+03
0.302742 1.112000000000000000e+03
0.305205 1.112000000000000000e+03
0.307668 1.112000000000000000e+03
0.310131 1.112000000000000000e+03
0.312594 1.112000000000000000e+03
0.315058 1.112000000000000000e+03
0.317521 1.112000000000000000e+03
0.320477 1.112000000000000000e+03
0.322941 1.112000000000000000e+03
0.325404 1.112000000000000000e+03
0.327867 1.112000000000000000e+03
0.33033 1.112000000000000000e+03
0.332793 1.112000000000000000e+03
0.335256 1.112000000000000000e+03
0.337719 1.112000000000000000e+03
0.340182 1.112000000000000000e+03
0.342644 1.112000000000000000e+03
0.345107 1.112000000000000000e+03
0.347569 1.112000000000000000e+03
0.350032 1.112000000000000000e+03
0.352987 1.112000000000000000e+03
0.355449 1.112000000000000000e+03
0.357912 1.112000000000000000e+03
0.360375 1.112000000000000000e+03
0.362838 1.112000000000000000e+03
0.365301 1.112000000000000000e+03
0.367764 1.112000000000000000e+03
0.370227 1.112000000000000000e+03
0.372691 1.112000000000000000e+03
0.375154 1.112000000000000000e+03
0.377618 1.112000000000000000e+03
0.380082 1.112000000000000000e+03
0.382546 1.112000000000000000e+03
0.38501 1.112000000000000000e+03
0.387967 1.112000000000000000e+03
0.390432 1.112000000000000000e+03
0.392896 1.112000000000000000e+03
0.395361 1.112000000000000000e+03
0.397825 1.112000000000000000e+03
0.40029 1.112000000000000000e+03
0.402754 1.112000000000000000e+03
0.405219 1.112000000000000000e+03
0.407684 1.112000000000000000e+03
0.410149 1.112000000000000000e+03
0.412614 1.112000000000000000e+03
0.41508 1.112000000000000000e+03
0.417545 1.112000000000000000e+03
0.42001 1.112000000000000000e+03
0.422969 1.112000000000000000e+03
0.425435 1.112000000000000000e+03
0.4279 1.112000000000000000e+03
0.430367 1.112000000000000000e+03
0.432833 1.112000000000000000e+03
0.4353 1.112000000000000000e+03
0.437766 1.112000000000000000e+03
0.440233 1.112000000000000000e+03
0.4427 1.112000000000000000e+03
0.445166 1.112000000000000000e+03
0.447633 1.112000000000000000e+03
0.4501 1.112000000000000000e+03
0.452567 1.112000000000000000e+03
0.455035 1.112000000000000000e+03
0.457502 1.112000000000000000e+03
0.460463 1.112000000000000000e+03
0.462931 1.112000000000000000e+03
0.465399 1.112000000000000000e+03
0.467867 1.112000000000000000e+03
0.470334 1.112000000000000000e+03
0.472802 1.112000000000000000e+03
0.475269 1.112000000000000000e+03
0.477736 1.112000000000000000e+03
0.480203 1.112000000000000000e+03
0.48267 1.112000000000000000e+03
0.485137 1.112000000000000000e+03
0.487604 1.112000000000000000e+03
0.490071 1.112000000000000000e+03
0.492538 1.112000000000000000e+03
0.495005 1.112000000000000000e+03
0.497965 1.112000000000000000e+03
0.500431 1.112000000000000000e+03
0.502898 1.112000000000000000e+03
0.505364 1.112000000000000000e+03
0.50783 1.112000000000000000e+03
0.510296 1.112000000000000000e+03
0.512761 1.112000000000000000e+03
0.515227 1.112000000000000000e+03
0.517693 1.112000000000000000e+03
0.520158 1.112000000000000000e+03
0.522624 1.112000000000000000e+03
0.525089 1.112000000000000000e+03
0.527554 1.112000000000000000e+03
0.530019 1.112000000000000000e+03
0.532976 1.112000000000000000e+03
0.53544 1.112000000000000000e+03
0.537904 1.112000000000000000e+03
0.540368 1.112000000000000000e+03
0.542831 1.112000000000000000e+03
0.545294 1.112000000000000000e+03
0.547757 1.112000000000000000e+03
0.55022 1.112000000000000000e+03
0.552682 1.112000000000000000e+03
0.555143 1.112000000000000000e+03
0.557605 1.112000000000000000e+03
0.560066 1.112000000000000000e+03
0.562527 1.112000000000000000e+03
0.56548 1.112000000000000000e+03
0.56794 1.112000000000000000e+03
0.5704 1.112000000000000000e+03
0.57286 1.112000000000000000e+03
0.57532 1.112000000000000000e+03
0.577779 1.112000000000000000e+03
0.580238 1.112000000000000000e+03
0.582696 1.112000000000000000e+03
0.585154 1.112000000000000000e+03
0.587611 1.112000000000000000e+03
0.590068 1.112000000000000000e+03
0.592525 1.112000000000000000e+03
0.595472 1.112000000000000000e+03
0.597928 1.112000000000000000e+03
0.600383 1.112000000000000000e+03
0.602838 1.112000000000000000e+03
0.605293 1.112000000000000000e+03
0.607747 1.112000000000000000e+03
0.6102 1.112000000000000000e+03
0.612653 1.112000000000000000e+03
0.615106 1.112000000000000000e+03
0.617558 1.112000000000000000e+03
0.62001 1.112000000000000000e+03
0.622952 1.112000000000000000e+03
0.625403 1.112000000000000000e+03
0.627854 1.112000000000000000e+03
0.630304 1.112000000000000000e+03
0.632754 1.112000000000000000e+03
0.635204 1.112000000000000000e+03
0.637652 1.112000000000000000e+03
0.640101 1.112000000000000000e+03
0.642549 1.112000000000000000e+03
0.645486 1.112000000000000000e+03
0.647933 1.112000000000000000e+03
0.650379 1.112000000000000000e+03
0.652825 1.112000000000000000e+03
0.65527 1.112000000000000000e+03
0.657715 1.112000000000000000e+03
0.660159 1.112000000000000000e+03
0.662603 1.112000000000000000e+03
0.665047 1.112000000000000000e+03
0.667978 1.112000000000000000e+03
0.67042 1.112000000000000000e+03
0.672862 1.112000000000000000e+03
0.675304 1.112000000000000000e+03
0.677745 1.112000000000000000e+03
0.680185 1.112000000000000000e+03
0.682625 1.112000000000000000e+03
0.685064 1.112000000000000000e+03
0.687503 1.112000000000000000e+03
0.690429 1.112000000000000000e+03
0.692867 1.112000000000000000e+03
0.695304 1.112000000000000000e+03
0.697741 1.112000000000000000e+03
0.700177 1.112000000000000000e+03
0.702612 1.112000000000000000e+03
0.705047 1.112000000000000000e+03
0.707968 1.112000000000000000e+03
0.710402 1.112000000000000000e+03
0.712835 1.112000000000000000e+03
0.715267 1.112000000000000000e+03
0.7177 1.112000000000000000e+03
0.720131 1.112000000000000000e+03
0.722562 1.112000000000000000e+03
0.725477 1.112000000000000000e+03
0.727907 1.112000000000000000e+03
0.730336 1.112000000000000000e+03
0.732764 1.112000000000000000e+03
0.735192 1.112000000000000000e+03
0.737619 1.112000000000000000e+03
0.740045 1.112000000000000000e+03
0.742957 1.112000000000000000e+03
0.745382 1.112000000000000000e+03
0.747807 1.112000000000000000e+03
0.75023 1.112000000000000000e+03
0.752654 1.112000000000000000e+03
0.755076 1.112000000000000000e+03
0.757982 1.112000000000000000e+03
0.760403 1.112000000000000000e+03
0.762822 1.112000000000000000e+03
0.765241 1.112000000000000000e+03
0.767658 1.112000000000000000e+03
0.770075 1.112000000000000000e+03
0.772973 1.112000000000000000e+03
0.775388 1.112000000000000000e+03
0.777801 1.112000000000000000e+03
0.780214 1.112000000000000000e+03
0.782625 1.112000000000000000e+03
0.785035 1.112000000000000000e+03
0.787926 1.112000000000000000e+03
0.790334 1.112000000000000000e+03
0.792739 1.112000000000000000e+03
0.795145 1.112000000000000000e+03
0.797548 1.112000000000000000e+03
0.800431 1.112000000000000000e+03
0.802831 1.112000000000000000e+03
0.805231 1.112000000000000000e+03
0.807629 1.112000000000000000e+03
0.810027 1.112000000000000000e+03
0.812902 1.112000000000000000e+03
0.815296 1.112000000000000000e+03
0.817689 1.112000000000000000e+03
0.820081 1.112000000000000000e+03
0.82295 1.112000000000000000e+03
0.825339 1.112000000000000000e+03
0.827728 1.112000000000000000e+03
0.830115 1.112000000000000000e+03
0.832501 1.112000000000000000e+03
0.835362 1.112000000000000000e+03
0.837745 1.112000000000000000e+03
0.840127 1.112000000000000000e+03
0.842508 1.112000000000000000e+03
0.845363 1.112000000000000000e+03
0.847741 1.112000000000000000e+03
0.850117 1.112000000000000000e+03
0.852968 1.112000000000000000e+03
0.855342 1.112000000000000000e+03
0.857715 1.112000000000000000e+03
0.860086 1.112000000000000000e+03
0.86293 1.112000000000000000e+03
0.865299 1.112000000000000000e+03
0.867666 1.112000000000000000e+03
0.870033 1.112000000000000000e+03
0.872871 1.112000000000000000e+03
0.875235 1.112000000000000000e+03
0.877597 1.112000000000000000e+03
0.880431 1.112000000000000000e+03
0.882791 1.112000000000000000e+03
0.88515 1.112000000000000000e+03
0.887508 1.112000000000000000e+03
0.890336 1.112000000000000000e+03
0.892691 1.112000000000000000e+03
0.895046 1.112000000000000000e+03
0.897869 1.112000000000000000e+03
0.900221 1.112000000000000000e+03
0.902572 1.112000000000000000e+03
0.905391 1.112000000000000000e+03
0.907739 1.112000000000000000e+03
0.910086 1.112000000000000000e+03
0.912901 1.112000000000000000e+03
0.915245 1.112000000000000000e+03
0.917589 1.112000000000000000e+03
0.920399 1.111999999999999545e+03
0.922741 1.111999999999997726e+03
0.92508 1.111999999999987267e+03
0.927887 1.111999999999879719e+03
0.930224 1.111999999999195779e+03
0.932562 1.111999999994658310e+03
0.935364 1.111999999946779099e+03
0.937699 1.111999999660699359e+03
0.940032 1.111999997777163799e+03
0.94283 1.111999981459838182e+03
0.945161 1.111999875615249721e+03
0.947956 1.111999105928081690e+03
0.950285 1.111993853026208171e+03
0.952612 1.111970234817348455e+03
0.955404 1.111676790411694583e+03
0.957728 1.109115454665965672e+03
0.960052 1.098602090444372607e+03
0.962839 2.000000000000000000e+02
0.965161 2.000000000000000000e+02
0.967945 2.031274440269314994e+02
0.970264 2.030755267425938939e+02
0.972582 2.030459151020158970e+02
0.975363 2.030519943012407680e+02
0.977678 2.030559305664424983e+02
0.980456 2.030611025719119311e+02
0.98277 2.030734448369843221e+02
0.985082 2.031736411982704169e+02
0.987856 2.053874875169170195e+02
0.990166 2.316478655160340168e+02
0.992938 6.180885060902087389e+02
0.995245 2.442424968704355251e+03
0.997553 9.487603043384904595e+03
1.00032 2.366803219705853189e+04
1.00262 3.241632034988555097e+04
1.00539 3.810353063203360944e+04
1.00769 4.034711506551213824e+04
1.01045 4.152891222671050491e+04
1.01275 4.191725860386695422e+04
1.01505 4.206935010527238046e+04
1.01781 4.212691694449733768e+04
1.02011 4.214148498778701469e+04
1.02286 4.214699826533927990e+04
1.02516 4.214034481494210195e+04
1.02791 4.211243215971175960e+04
1.0302 4.207555966230501508e+04
1.03295 4.202964543473054073e+04
1.03524 4.199806466928317241e+04
1.03753 4.197265723296942451e+04
1.04027 4.194670157299152925e+04
1.04256 4.192603870788223139e+04
1.0453 4.189973916369002836e+04
1.04759 4.187516471991144499e+04
1.05033 4.184208007395234017e+04
1.05261 4.181240831970873114e+04
1.05535 4.177624040786593105e+04
1.05763 4.174679347961086023e+04
1.06036 4.171280326718495053e+04
1.06264 4.168534797052395879e+04
1.06537 4.165281566395320988e+04
1.06765 4.162558057058380655e+04
1.07038 4.159240502953848772e+04
1.07265 4.156434061698806909e+04
1.07538 4.153033669876887870e+04
1.07765 4.150198466170186293e+04
1.08038 4.146814320407325431e+04
1.08264 4.144018246834621823e+04
1.08537 4.140689039950107690e+04
1.08763 4.137933527061180212e+04
1.09035 4.134647907150867104e+04
1.09262 4.131932251898250979e+04
1.09533 4.128713733240694273e+04
1.0976 4.126077319423410518e+04
1.10031 4.122985847290918900e+04
1.10257 4.120478930781281815e+04
1.10528 4.117566392071118753e+04
1.10754 4.115223657236780127e+04
1.11025 4.112522179366061027e+04
1.1125 4.110366993025394913e+04
1.11521 4.107903059797731112e+04
1.11791 4.105579194561504846e+04
1.12017 4.103753228279938048e+04
1.12287 4.101701679155389866e+04
1.12512 4.100110112104460859e+04
1.12782 4.098343342261206271e+04
1.13007 4.096986515631523798e+04
1.13276 4.095491630231599265e+04
1.13501 4.094350114556320477e+04
1.1377 4.093096234980356530e+04
1.14039 4.091957720963778411e+04
1.14264 4.091087967498502258e+04
1.14533 4.090127823381374037e+04
1.14757 4.089386793101525109e+04
1.15025 4.088555742513171572e+04
1.15294 4.087774038644790562e+04
1.15518 4.087152656509664666e+04
1.15786 4.086438609118219028e+04
1.1601 4.085871308184100781e+04
1.16278 4.085231586025180877e+04
1.16501 4.084741087791621248e+04
1.16769 4.084215427840955090e+04
1.17036 4.083768057533733372e+04
1.17259 4.083460000510774989e+04
1.17526 4.083168915529098740e+04
1.17794 4.082959503328906430e+04
1.18017 4.082841125143891259e+04
1.18284 4.082756296412286611e+04
1.18507 4.082723860002763104e+04
1.18775 4.082718707120119507e+04
1.19043 4.082740024299461220e+04
1.19267 4.082773751059672213e+04
1.19535 4.082836297585998545e+04
1.19758 4.082914740600127698e+04
1.20027 4.083052800896349800e+04
1.2025 4.083215278062313882e+04
1.20519 4.083470721220815176e+04
1.20788 4.083790098793455400e+04
1.21012 4.084099829032954585e+04
1.21281 4.084510045503114816e+04
1.21505 4.084875526868201268e+04
1.21774 4.085327903575298842e+04
1.22043 4.085796697403282451e+04
1.22268 4.086202096355155663e+04
1.22537 4.086716904769949906e+04
1.22762 4.087175576776389789e+04
1.23032 4.087745823546615429e+04
1.23257 4.088213440463237202e+04
1.23527 4.088729191872730735e+04
1.23752 4.089120824235421605e+04
1.24022 4.089555155372368608e+04
1.24292 4.089961617675830348e+04
1.24517 4.090265022455657163e+04
1.24788 4.090553774599902681e+04
1.25013 4.090698011470825440e+04
1.25284 4.090708489213500434e+04
1.2551 4.090545902306203061e+04
1.25781 4.090116626157927385e+04
1.26007 4.089562133193876798e+04
1.26278 4.088681301590968360e+04
1.26504 4.087784232496329787e+04
1.26776 4.086507773429223744e+04
1.27002 4.085242630419041234e+04
1.27274 4.083398755698445166e+04
1.275 4.081498579296258686e+04
1.27772 4.078645753943132877e+04
1.28044 4.075007598713220068e+04
1.28271 4.071261453853465355e+04
1.28543 4.065786993657561106e+04
1.2877 4.060317212505654607e+04
1.29043 4.052531128256887314e+04
1.2927 4.044895594683798845e+04
1.29543 4.034150777004790143e+04
1.2977 4.023677853928429977e+04
1.30043 4.009003515419951145e+04
1.30271 3.994760136372234410e+04
1.30544 3.974921290212633903e+04
1.30772 3.955814493470946763e+04
1.31045 3.929441230991656630e+04
1.31273 3.904289681685210962e+04
1.31501 3.875972381252443301e+04
1.31775 3.837410542557345616e+04
1.32003 3.801108976121708838e+04
1.32277 3.752094586815487128e+04
1.32506 3.706332155771887483e+04
1.3278 3.645097580450324313e+04
1.33008 3.588453010934252961e+04
1.33283 3.513428990848006652e+04
1.33512 3.444787363804517372e+04
1.33786 3.354915267922394560e+04
1.34015 3.273696223722423747e+04
1.3429 3.168714306552267590e+04
1.34519 3.075134980692881436e+04
1.34794 2.955912642134388443e+04
1.35024 2.851277297563719185e+04
1.35253 2.742368324670953734e+04
1.35528 2.607022095888177500e+04
1.35758 2.491196855335015789e+04
1.36033 2.349919118696064834e+04
1.36263 2.231300359715610466e+04
1.36539 2.089333933050175256e+04
1.36769 1.972378689577713885e+04
1.37045 1.834966548289437560e+04
1.37275 1.723812581442569717e+04
1.37505 1.616444469550296344e+04
1.37781 1.493432719863196508e+04
1.38012 1.396315294141213599e+04
1.38288 1.286821254582850452e+04
1.38518 1.201665073880554883e+04
1.38795 1.106986488048691899e+04
1.39026 1.034290726709883711e+04
1.39256 9.671601899089773724e+03
1.39533 8.937136260508277701e+03
1.39764 8.382572336455830737e+03
1.40041 7.783304503974034560e+03
1.40272 7.336691746353723829e+03
1.40504 6.935581822636532706e+03
1.40781 6.510510312136711946e+03
1.41012 6.199883332080446962e+03
1.4129 5.874850890122095734e+03
1.41521 5.640357673451127994e+03
1.41753 5.435649556937509260e+03
1.42031 5.225422267779013055e+03
1.42262 5.076452700866406303e+03
1.4254 4.925321783344374126e+03
1.42772 4.819527556005516089e+03
1.43004 4.729660085291472569e+03
1.43283 4.639939683592766414e+03
1.43515 4.578098070231082602e+03
1.43793 4.516945678833772035e+03
1.44025 4.475166357662466908e+03
1.44258 4.440407037892792687e+03
1.44536 4.406428946500848724e+03
1.44769 4.383479775129218069e+03
1.45001 4.364552028940597665e+03
1.4528 4.346218288600584856e+03
1.45513 4.333919216719741598e+03
1.45792 4.322048984016155373e+03
1.46025 4.314114909061789149e+03
1.46258 4.307655292892062789e+03
1.46538 4.301518052756491670e+03
1.46771 4.297593921831672560e+03
1.47004 4.294636135714608827e+03
1.47284 4.292212997314709355e+03
1.47517 4.291099565323537718e+03
1.4775 4.290626961116229722e+03
1.48031 4.290752488819558494e+03
1.48264 4.291180236605625396e+03
1.48545 4.292107108487551159e+03
1.48779 4.293344990837869773e+03
1.49013 4.295205811181936042e+03
1.49293 4.298565839077702549e+03
1.49528 4.302618614840543160e+03
1.49762 4.307928553629134512e+03
1.50043 4.315483794996840516e+03
1.50278 4.321932778566900197e+03
1.50513 4.327796596779138781e+03
1.50794 4.333655967618822615e+03
1.5103 4.337521184625075875e+03
1.51265 4.340642123417983385e+03
1.515 4.343148173310918537e+03
1.51783 4.345441465397829234e+03
1.52019 4.346925840575056100e+03
1.52255 4.348063964290423428e+03
1.52538 4.349211556309824118e+03
1.52775 4.349832932439180695e+03
1.53012 4.349878723821139829e+03
1.53297 4.348512869085254351e+03
1.53534 4.345433214114313159e+03
1.53772 4.339683196764162858e+03
1.5401 4.330147112790275969e+03
1.54297 4.311686375085831060e+03
1.54536 4.288307829797042359e+03
1.54775 4.255172368850199746e+03
1.55015 4.209051724505835409e+03
1.55255 4.145724529436747616e+03
1.55544 4.040308497214468844e+03
1.55785 3.920632185407651377e+03
1.56027 3.765560893260968896e+03
1.56269 3.563921761974204401e+03
1.56512 3.275982425779318419e+03
1.56755 2.853090430856075727e+03
1.57048 2.157756810883141952e+03
1.57293 1.504468966542522821e+03
1.57538 9.736448998269653430e+02
1.57784 6.301344832031898022e+02
1.58031 4.318515928403922999e+02
1.58278 3.223725782928088393e+02
1.58526 2.639241383894662931e+02
1.58775 2.331026141943783330e+02
1.59024 2.171215557357847388e+02
1.59274 2.088469363007752690e+02
1.59524 2.046023939250196975e+02
1.59776 2.024147889091230752e+02
1.60028 2.012927025269572994e+02
1.60281 2.007102860072291719e+02
1.60534 2.004065639391516527e+02
1.60789 2.002447060308609537e+02
1.61044 2.001552642481986197e+02
1.613 2.001039207586654243e+02
1.61505 2.000769846932242615e+02
1.61763 2.000533058899333412e+02
1.62021 2.000374749778195849e+02
1.62281 2.000219975337266192e+02
1.62541 2.000148139607328233e+02
1.6275 2.000114241187604023e+02
1.63012 2.000000000000000000e+02
1.63275 2.000000000000000000e+02
1.63539 2.000000000000000000e+02
1.6375 2.608051765037294558e+02
1.64016 5.613718343846833250e+02
1.64282 8.173269526541041614e+02
1.6455 9.635457399027923202e+02
1.64764 1.025447194621611743e+03
1.65034 1.067450819690305707e+03
1.65304 1.088854505370717106e+03
1.65521 1.098261971956632351e+03
1.65793 1.104802803994144369e+03
1.66011 1.107707713399536033e+03
1.66285 1.109740441844631505e+03
1.66505 1.110646888861874459e+03
1.6678 1.111285333542833769e+03
1.67001 1.111570584605662816e+03
1.67278 1.111772527745936713e+03
1.675 1.111862957822696217e+03
1.67779 1.111927273332869618e+03
1.68002 1.111956103857475227e+03
1.68282 1.111976667852224409e+03
1.68506 1.111985903855329525e+03
1.68788 1.111992499573072564e+03
1.69013 1.111995468715528204e+03
1.69296 1.111997587793267940e+03
1.69523 1.111998543271591871e+03
1.69807 1.111999224923539032e+03
1.70035 1.111999532728408212e+03
1.70263 1.111999718092656394e+03
1.7055 1.111999850463456369e+03
1.7078 1.111999909904415290e+03
1.7101 1.111999945822243490e+03
1.71299 1.111999971333998701e+03
1.7153 1.111999982807044944e+03
1.71763 1.111999989713578088e+03
1.72054 1.111999994604298990e+03
1.72287 1.111999996798578650e+03
1.72521 1.111999998109689614e+03
1.72756 1.111999998894018518e+03
1.7305 1.111999999442448143e+03
1.73285 1.111999999681953341e+03
1.7352 1.111999999820254743e+03
1.73755 1.111999999897828957e+03
1.74038 1.111999999945911668e+03
1.74265 1.111999999964335075e+03
1.74536 1.111999999974746743e+03
1.74803 1.111999999978794449e+03
1.7502 1.111999999980430175e+03
1.75291 1.111999999981886958e+03
1.75507 1.111999999982436066e+03
1.75774 1.111999999984454007e+03
1.76038 1.111999999988621084e+03
1.76298 1.111999999994591235e+03
1.76506 1.111999999998722387e+03
1.76768 1.112000000001683475e+03
1.77029 1.112000000002961087e+03
1.7729 1.112000000003569994e+03
1.77551 1.112000000003390824e+03
1.77758 1.112000000002555225e+03
1.78018 1.112000000000979071e+03
1.78281 1.111999999999605961e+03
1.78543 1.111999999998937255e+03
1.7875 1.111999999998674639e+03
1.7901 1.111999999998603016e+03
1.79275 1.111999999998913381e+03
1.79542 1.111999999999534339e+03
1.79754 1.112000000000000000e+03
1.80017 1.112000000000370164e+03
1.8028 1.112000000000525233e+03
1.80542 1.112000000000585032e+03
1.80752 1.112000000000489536e+03
1.81016 1.112000000000274440e+03
1.81279 1.112000000000023874e+03
1.81541 1.111999999999856755e+03
1.81751 1.111999999999785132e+03
1.82013 1.111999999999773081e+03
1.82276 1.111999999999785132e+03
1.82544 1.111999999999880401e+03
1.82759 1.111999999999976126e+03
1.83023 1.112000000000011823e+03
1.83288 1.112000000000059572e+03
1.83501 1.112000000000071623e+03
1.83768 1.112000000000083446e+03
1.84033 1.112000000000071623e+03
1.84297 1.112000000000035925e+03
1.84508 1.112000000000023874e+03
1.84771 1.111999999999964075e+03
1.85038 1.111999999999964075e+03
1.85253 1.111999999999964075e+03
1.85521 1.112000000000000000e+03
1.85789 1.112000000000011823e+03
1.86004 1.112000000000035925e+03
1.86273 1.112000000000035925e+03
1.86542 1.112000000000035925e+03
1.86754 1.112000000000035925e+03
1.8702 1.112000000000035925e+03
1.8729 1.112000000000011823e+03
1.87506 1.112000000000047748e+03
1.87775 1.112000000000047748e+03
1.88044 1.112000000000011823e+03
1.88259 1.112000000000035925e+03
1.88528 1.112000000000011823e+03
1.88798 1.112000000000023874e+03
1.89014 1.111999999999987949e+03
1.89283 1.112000000000047748e+03
1.89551 1.112000000000035925e+03
1.89765 1.112000000000047748e+03
1.90034 1.112000000000035925e+03
1.90302 1.112000000000059572e+03
1.90518 1.112000000000059572e+03
1.90787 1.112000000000107548e+03
1.91051 1.112000000000071623e+03
1.91263 1.112000000000023874e+03
1.91533 1.111999999999987949e+03
1.91803 1.111999999999976126e+03
1.92019 1.111999999999987949e+03
1.92288 1.111999999999964075e+03
1.92506 1.111999999999952252e+03
1.9278 1.111999999999928377e+03
1.93051 1.111999999999916326e+03
1.93263 1.111999999999940201e+03
1.9353 1.112000000000000000e+03
1.93798 1.112000000000023874e+03
1.94012 1.112000000000011823e+03
1.9428 1.112000000000047748e+03
1.94548 1.112000000000000000e+03
1.94764 1.112000000000023874e+03
1.95033 1.112000000000035925e+03
1.9525 1.112000000000035925e+03
1.95522 1.112000000000035925e+03
1.95793 1.112000000000071623e+03
1.96008 1.112000000000071623e+03
1.96278 1.112000000000095497e+03
1.96548 1.112000000000059572e+03
1.96763 1.112000000000083446e+03
1.9703 1.112000000000071623e+03
1.97298 1.112000000000083446e+03
1.97513 1.112000000000059572e+03
1.97782 1.112000000000047748e+03
1.9805 1.112000000000000000e+03
1.98264 1.112000000000000000e+03
1.98533 1.111999999999940201e+03
1.98801 1.111999999999952252e+03
1.99016 1.111999999999916326e+03
1.99285 1.111999999999916326e+03
1.995 1.111999999999892452e+03
1.9977 1.111999999999904503e+03
2.00039 1.111999999999928377e+03
2.00253 1.111999999999940201e+03
2.00521 1.111999999999928377e+03
2.00793 1.111999999999964075e+03
2.0101 1.111999999999952252e+03
2.0128 1.111999999999940201e+03
2.0155 1.111999999999928377e+03
2.01765 1.111999999999952252e+03
2.02033 1.111999999999928377e+03
2.02304 1.111999999999916326e+03
2.02521 1.111999999999940201e+03
2.02792 1.111999999999928377e+03
2.03009 1.111999999999952252e+03
2.03279 1.111999999999964075e+03
2.03549 1.111999999999964075e+03
2.03765 1.111999999999964075e+03
2.04033 1.111999999999940201e+03
2.04303 1.111999999999964075e+03
2.0452 1.111999999999976126e+03
2.04791 1.112000000000000000e+03
2.05008 1.112000000000023874e+03
2.0528 1.112000000000000000e+03
2.0555 1.111999999999987949e+03
2.05766 1.111999999999952252e+03
2.06037 1.111999999999976126e+03
2.06254 1.111999999999987949e+03
2.06525 1.111999999999952252e+03
2.06795 1.111999999999940201e+03
2.07011 1.111999999999892452e+03
2.07281 1.111999999999916326e+03
2.07552 1.111999999999928377e+03
2.07767 1.111999999999940201e+03
2.08036 1.111999999999892452e+03
2.08257 1.111999999999940201e+03
2.08533 1.111999999999928377e+03
2.08751 1.111999999999928377e+03
2.09022 1.111999999999964075e+03
2.09292 1.111999999999976126e+03
2.09508 1.112000000000011823e+03
2.09778 1.111999999999940201e+03
2.10048 1.111999999999880401e+03
2.10263 1.111999999999880401e+03
2.10533 1.111999999999868578e+03
2.10803 1.111999999999868578e+03
2.1102 1.111999999999856755e+03
2.11292 1.111999999999892452e+03
2.1151 1.111999999999880401e+03
2.11782 1.111999999999904503e+03
2.12053 1.111999999999928377e+03
2.12271 1.111999999999964075e+03
2.12542 1.112000000000000000e+03
2.12758 1.112000000000000000e+03
2.13028 1.112000000000047748e+03
2.13298 1.112000000000035925e+03
2.13514 1.112000000000000000e+03
2.13785 1.111999999999987949e+03
2.14002 1.111999999999976126e+03
2.14273 1.111999999999964075e+03
2.14543 1.111999999999976126e+03
2.1476 1.111999999999976126e+03
2.1503 1.111999999999976126e+03
2.153 1.111999999999928377e+03
2.15516 1.111999999998853809e+03
2.15786 1.111999999995164217e+03
2.16001 1.111999999990817969e+03
2.16271 1.111999999984848046e+03
2.16541 1.111999999979439281e+03
2.16758 1.111999999975928858e+03
2.17027 1.111999999972621481e+03
2.17297 1.111999998241280764e+03
2.17513 2.000000000000000000e+02
2.17784 2.000000000000000000e+02
2.1805 2.000000000000000000e+02
2.18263 2.000000000000000000e+02
2.18535 2.000000000000000000e+02
2.18754 2.000000000000000000e+02
2.19025 2.000000000000000000e+02
2.19296 2.000000000000000000e+02
2.19514 2.000000000000000000e+02
2.19787 2.000000000000000000e+02
2.20005 2.000000000000000000e+02
2.20272 2.000000000000000000e+02
2.20539 2.709060441223912790e+02
2.20753 2.373235135340503916e+02
2.21021 2.186576734468273742e+02
2.2129 2.118199575698007209e+02
2.21505 2.090396605410616360e+02
2.21773 2.125381103553506250e+02
2.22041 2.305066030809993549e+02
2.22257 2.617871596603275748e+02
2.22528 3.313559581135478425e+02
2.22797 6.666214316093003163e+02
2.23011 1.845475995252481425e+03
2.23279 5.288388535389342906e+03
2.23547 1.105432911712285386e+04
2.23763 1.254855174471507053e+04
2.24034 9.970234881168273205e+03
2.2425 1.194624343964743821e+04
2.24521 1.723941296791411878e+04
2.24791 2.386645244001464016e+04
2.25005 3.004150345882228794e+04
2.25272 3.699595361025785678e+04
2.2554 4.240594824006699491e+04
2.25754 4.541419100803981564e+04
2.26025 4.779645564098299656e+04
2.26297 4.919266129656835255e+04
2.26513 4.998803989134816948e+04
2.26782 3.844564932496078109e+04
2.2705 4.105883209769170207e+04
2.27264 4.251828133403486572e+04
2.27532 4.405249112494431029e+04
2.27801 4.532688275912595418e+04
2.28017 4.598013012587751291e+04
2.2829 4.635517402014256368e+04
2.28508 4.656096663227822137e+04
2.28777 4.709306291094636254e+04
2.29045 4.775667965060401184e+04
2.29259 4.835000826838814100e+04
2.29527 4.897607327435632033e+04
2.29797 4.885657637944969611e+04
2.30014 4.870037583054924471e+04
2.30283 4.865242779509086540e+04
2.30552 4.865757385259734292e+04
2.30767 4.864951593948536174e+04
2.31036 4.857679723477316293e+04
2.31252 4.847566877092718642e+04
2.31523 4.829958951165016333e+04
2.31794 4.809789305750751373e+04
2.3201 4.797059061490019667e+04
2.32281 4.790277533918176050e+04
2.32552 4.791470677261124365e+04
2.32767 4.802916215439626103e+04
2.3304 4.824902773853003600e+04
2.33259 4.842301612907259550e+04
2.33532 4.860155303643007937e+04
2.33802 4.876533194265094062e+04
2.34019 4.887758715019362717e+04
2.3429 4.894271507632794965e+04
2.34507 4.893254463055307860e+04
2.34778 4.883534598906868632e+04
2.35049 4.864679181261952908e+04
2.35264 4.844682013055427524e+04
2.35534 4.816188251799326827e+04
2.35803 4.790854055909234012e+04
2.36018 4.773926414011833549e+04
2.36288 4.759901805734055961e+04
2.36503 4.756709483880747575e+04
2.36775 4.761714257896606432e+04
2.37051 4.774359398332910496e+04
2.3727 4.787909756705014297e+04
2.3754 4.805409264266107493e+04
2.37756 4.819569636856531724e+04
2.38029 4.836685284299210616e+04
2.38301 4.848325480624030752e+04
2.38521 4.851492590316182032e+04
2.38795 4.845241510667034891e+04
2.39012 4.834352852892592637e+04
2.39282 4.817993853822875826e+04
2.39501 4.804701895309507381e+04
2.39777 4.789422910987943033e+04
2.40051 4.775305785974061291e+04
2.40267 4.765593996129131119e+04
2.40538 4.757108457742572500e+04
2.40755 4.754789156174491654e+04
2.41027 4.757468869958801952e+04
2.41298 4.762777592251093301e+04
2.41515 4.767870342666346551e+04
2.41786 4.775232403470218560e+04
2.42003 4.782563796703751723e+04
2.42276 4.793483208699895476e+04
2.4255 4.802951375343884138e+04
2.42768 4.807607000684955710e+04
2.43039 4.808414933881237084e+04
2.43256 4.805092569253199326e+04
2.4353 4.796356763871262228e+04
2.43805 4.786036893867626350e+04
2.44024 4.777432068813469232e+04
2.44299 4.766526088511426497e+04
2.44516 4.757942023061934742e+04
2.44787 4.748068686481878831e+04
2.45007 4.742216011134756991e+04
2.45283 4.738348132297045959e+04
2.45502 4.737941051150070416e+04
2.45773 4.740260323863879603e+04
2.46047 4.744765616794233210e+04
2.46268 4.749555748175232293e+04
2.46544 4.756875403746341181e+04
2.46762 4.763376292844494310e+04
2.47035 4.771779868883029121e+04
2.47255 4.777405814614344854e+04
2.4753 4.781466365287290682e+04
2.47804 4.781762351710678922e+04
2.48023 4.779372760722957901e+04
2.48296 4.774369523065863905e+04
2.48515 4.769433606782705465e+04
2.48788 4.762809468491710140e+04
2.49007 4.757563438451370894e+04
2.49282 4.751118284430893982e+04
2.49502 4.746338713770843606e+04
2.49777 4.741333209796908341e+04
2.50051 4.738152749995636259e+04
2.5027 4.737244815666770592e+04
2.50543 4.737677480966622534e+04
2.50761 4.738477021694690484e+04
2.51033 4.739328426828915690e+04
2.51252 4.739498701910259842e+04
2.51525 4.738694653257175378e+04
2.51799 4.736885308683729090e+04
2.52018 4.734890967626583006e+04
2.52293 4.731928147793165408e+04
2.52512 4.729399998965910345e+04
2.52787 4.726353249696138664e+04
2.53007 4.724191838995844591e+04
2.5328 4.722031726406548114e+04
2.53554 4.720651394548457756e+04
2.53771 4.720325706779554457e+04
2.54043 4.721280064154629508e+04
2.54261 4.723285284948258777e+04
2.54534 4.727278044798038172e+04
2.54752 4.731527142251476471e+04
2.55023 4.737467832678894774e+04
2.55296 4.743117611879250035e+04
2.55515 4.746648674294407829e+04
2.5579 4.749153482574909867e+04
2.56008 4.749431856482278818e+04
2.5628 4.747879929025160527e+04
2.56553 4.744855273535681044e+04
2.5677 4.741868002230727870e+04
2.57042 4.737885883939341147e+04
2.5726 4.734635830829834595e+04
2.57532 4.730638942525698803e+04
2.57751 4.727656107635605440e+04
2.58024 4.724682048515353381e+04
2.58297 4.723227142578641360e+04
2.58516 4.723438633010427293e+04
2.58792 4.725495343930537638e+04
2.59014 4.728394239483537240e+04
2.59288 4.732822365117954905e+04
2.59507 4.736167432375101635e+04
2.5978 4.738799043180268927e+04
2.60054 4.738957243699066748e+04
2.60273 4.737408729782871524e+04
2.60547 4.734149737768281193e+04
2.60767 4.731037477805112576e+04
2.61042 4.726951708849921852e+04
2.61262 4.723689824957544624e+04
2.61538 4.719750511164296768e+04
2.61759 4.716791480959582987e+04
2.62033 4.713581759013925330e+04
2.62252 4.711706904967028095e+04
2.62527 4.710708905926368607e+04
2.62804 4.711629129702585487e+04
2.63024 4.713755354118669493e+04
2.63298 4.717901339869992080e+04
2.63517 4.722225003727094008e+04
2.63792 4.728451968012044381e+04
2.64013 4.733522638746241137e+04
2.64287 4.739115433114419284e+04
2.64506 4.742604889536886913e+04
2.64782 4.745657043897487893e+04
2.65003 4.747234327324574406e+04
2.65279 4.748552621573089709e+04
2.65552 4.749565788935095043e+04
2.65772 4.750359940002021904e+04
2.66046 4.751457504748558131e+04
2.66266 4.752505939560580737e+04
2.66539 4.754286268671834114e+04
2.66758 4.756357870508650376e+04
2.67032 4.760052690174418240e+04
2.6725 4.763974128239709535e+04
2.67526 4.769933546719525475e+04
2.67801 4.776432059932876291e+04
2.68021 4.781371314529616211e+04
2.68296 4.786479336079686618e+04
2.68516 4.789375802902565920e+04
2.68792 4.791458448105865682e+04
2.69013 4.792134268647455610e+04
2.69287 4.792204567267552193e+04
2.69506 4.791918292156478128e+04
2.69782 4.791382038443430793e+04
2.70003 4.790922271498128976e+04
2.70278 4.790421588839757169e+04
2.70553 4.790304073935163615e+04
2.70773 4.790823669851967861e+04
2.71048 4.792641660680908535e+04
2.7127 4.795217301310806943e+04
2.71549 4.799783697434518399e+04
2.71772 4.804179819228259294e+04
2.72047 4.809938762891151418e+04
2.72267 4.814288414442854264e+04
2.72541 4.818751985540353780e+04
2.72761 4.821258576405073109e+04
2.73035 4.823032019621497602e+04
2.73254 4.823554338891272346e+04
2.73528 4.823410746188698249e+04
2.73802 4.822670872682560730e+04
2.74021 4.821773301300562161e+04
2.74296 4.820299810847245681e+04
2.74517 4.818913687642948207e+04
2.74792 4.817298950312884699e+04
2.75013 4.816482089668014669e+04
2.75287 4.816524770708617871e+04
2.75506 4.817618316701144067e+04
2.75779 4.820221483479619928e+04
2.76052 4.823853191133122164e+04
2.76272 4.827215097859138041e+04
2.76547 4.831558108376496966e+04
2.76767 4.834780162273025053e+04
2.77042 4.838044142586916860e+04
2.77263 4.839867709515278693e+04
2.7754 4.841204579338800977e+04
2.77761 4.841695850155688822e+04
2.78038 4.841877913468174665e+04
2.78259 4.841844193526330491e+04
2.78534 4.841700944589688879e+04
2.78754 4.841578333998781454e+04
2.79029 4.841659754076456738e+04
2.79304 4.842419331929569307e+04
2.79523 4.843778003150445875e+04
2.79796 4.846557962131967361e+04
2.80014 4.849560861998384644e+04
2.80289 4.853876506438808428e+04
2.80509 4.857299234859575517e+04
2.80783 4.860866556826214219e+04
2.81002 4.862783027487507934e+04
2.81277 4.863828545897154982e+04
2.81552 4.863522361007662403e+04
2.81773 4.862552862639384693e+04
2.82049 4.860699203158396267e+04
2.8227 4.858814946536770003e+04
2.82547 4.856034926082140737e+04
2.82767 4.853551076204326091e+04
2.83041 4.850568295452492021e+04
2.8326 4.848614680399733334e+04
2.83536 4.847170924497451051e+04
2.83756 4.847001150639622210e+04
2.84032 4.848036373048776295e+04
2.84252 4.849777462309555995e+04
2.84528 4.852779966070564114e+04
2.84804 4.856113906997899903e+04
2.85024 4.858538505770092161e+04
2.853 4.860701281104773079e+04
2.85521 4.861481926338354970e+04
2.85798 4.861261864948801667e+04
2.86019 4.860307903703239572e+04
2.86295 4.858444703992782888e+04
2.86515 4.856564146450045519e+04
2.8679 4.853866793905907252e+04
2.87011 4.851531707048923272e+04
2.87286 4.848572263539674168e+04
2.87505 4.846389668790508586e+04
2.8778 4.844186049789375102e+04
2.88001 4.843039651034637791e+04
2.88277 4.842508191962334240e+04
2.88553 4.842894574448987260e+04
2.88774 4.843698231982524885e+04
2.89052 4.845020339835501363e+04
2.89274 4.846067739642527886e+04
2.89551 4.847044456440443173e+04
2.89772 4.847402990852642688e+04
2.90048 4.847265582166046079e+04
2.90268 4.846749126001061813e+04
2.90544 4.845723923460480000e+04
2.90765 4.844701190654052334e+04
2.91042 4.843304142144144862e+04
2.91264 4.842186698185699788e+04
2.91541 4.840931701256804081e+04
2.91762 4.840157791841923608e+04
2.92039 4.839644650099461433e+04
2.92261 4.839690613500619656e+04
2.92538 4.840339236288392567e+04
2.9276 4.841252061901823618e+04
2.93036 4.842695912580000731e+04
2.93257 4.843921832594279113e+04
2.93531 4.845300324754450412e+04
2.93751 4.846136951565049094e+04
2.94028 4.846709889748022397e+04
2.94305 4.846683722176879382e+04
2.94526 4.846259687876915996e+04
2.94801 4.845319615912741574e+04
2.95022 4.844325331665498379e+04
2.95299 4.842903720764846366e+04
2.95519 4.841721659458246722e+04
2.95795 4.840328610947293782e+04
2.96016 4.839384685255364457e+04
2.96293 4.838547527987472131e+04
2.96515 4.838209971350807609e+04
2.96791 4.838184350327077846e+04
2.97012 4.838403435811492818e+04
2.97288 4.838816779697380116e+04
2.97508 4.839121233140227559e+04
2.97785 4.839297168986930774e+04
2.98007 4.839180516858120973e+04
2.98285 4.838662737788974482e+04
2.98508 4.837966748077889497e+04
2.98787 4.836820147114030988e+04
2.99008 4.835762025723925763e+04
2.99285 4.834369270504466840e+04
2.99507 4.833280468357093196e+04
2.99785 4.832071064165768621e+04
3.00006 4.831317965308064595e+04
3.00281 4.830754222394157114e+04
3.00502 4.830673153900503530e+04
3.00778 4.831080125863492140e+04
3.01054 4.832027068292579497e+04
3.01275 4.833105361454466765e+04
3.01552 4.834723704880596051e+04
3.01776 4.836131476289615966e+04
3.02055 4.837867552377010725e+04
3.02277 4.839141249884021818e+04
3.02554 4.840550603592036350e+04
3.02776 4.841531854579889477e+04
3.03054 4.842614401507806906e+04
3.03276 4.843418315641639492e+04
3.03553 4.844438508189038839e+04
3.03774 4.845342651765899063e+04
3.04051 4.846680672475680331e+04
3.04272 4.847981542334046389e+04
3.04549 4.849957046340667148e+04
3.04771 4.851825141143809014e+04
3.05048 4.854489939657940704e+04
3.0527 4.856821674665943283e+04
3.05548 4.859860797597919009e+04
3.05771 4.862268082274030894e+04
3.06049 4.865073308875333169e+04
3.06271 4.867054862469624641e+04
3.06548 4.869128208817444829e+04
3.0677 4.870438424833383760e+04
3.07047 4.871651330614706239e+04
3.0727 4.872314763499405672e+04
3.07548 4.872817529492222820e+04
3.0777 4.873022523120183905e+04
3.08047 4.873126433315698523e+04
3.08269 4.873156540511018102e+04
3.08549 4.873211951713478629e+04
3.08772 4.873317564116381982e+04
3.0905 4.873553352040285245e+04
3.09272 4.873815065122577653e+04
3.09548 4.874175918504667061e+04
3.09769 4.874430878027107974e+04
3.10047 4.874614881493222492e+04
3.10269 4.874586818867588590e+04
3.10547 4.874253516035625216e+04
3.1077 4.873711315978717903e+04
3.11048 4.872686562246630638e+04
3.11269 4.871616681274662551e+04
3.11546 4.870014301508373319e+04
3.11768 4.868566064269398339e+04
3.12046 4.866633814254325262e+04
3.1227 4.865037443564733985e+04
3.1255 4.863075915868272568e+04
3.12772 4.861605002048350434e+04
3.13049 4.859938097827907768e+04
3.1327 4.858763144490937702e+04
3.13549 4.857501965822336206e+04
3.13771 4.856643646753225039e+04
3.14049 4.855707237018267915e+04
3.14272 4.855017273427794862e+04
3.14549 4.854162165531680512e+04
3.1477 4.853435009888469358e+04
3.15048 4.852426606827088108e+04
3.1527 4.851527018480741390e+04
3.15548 4.850288536751583888e+04
3.15771 4.849223802116862498e+04
3.16049 4.847842347267328296e+04
3.16271 4.846742717103398900e+04
3.16549 4.845428297719232796e+04
3.16771 4.844459878828499495e+04
3.17049 4.843395554782593535e+04
3.17273 4.842681652896595187e+04
3.17552 4.841983113066587975e+04
3.17775 4.841576430568021169e+04
3.18052 4.841223801784499665e+04
3.18274 4.841027913136097777e+04
3.18553 4.840828081562921579e+04
3.18776 4.840653710092086840e+04
3.19054 4.840350889938401815e+04
3.19277 4.839993596742200316e+04
3.195 4.839507099302489223e+04
3.1978 4.838706668376979360e+04
3.20002 4.837921000137447845e+04
3.2028 4.836779286694254552e+04
3.20502 4.835761237612552213e+04
3.20781 4.834398540690630762e+04
3.21003 4.833271240182612382e+04
3.21281 4.831859550111232966e+04
3.21503 4.830749262578506750e+04
3.21781 4.829401281298374670e+04
3.22004 4.828364962984594604e+04
3.22282 4.827113714416821313e+04
3.22505 4.826130205351175391e+04
3.22784 4.824885468033467623e+04
3.23007 4.823849845454469323e+04
3.23286 4.822476582363126363e+04
3.23509 4.821301835339652462e+04
3.23788 4.819734166328008723e+04
3.24011 4.818411318147478596e+04
3.24289 4.816697532339014288e+04
3.24512 4.815308160536891955e+04
3.2479 4.813595623722601158e+04
3.25014 4.812278276923934754e+04
3.25294 4.810751494177579298e+04
3.25517 4.809662462884341949e+04
3.25795 4.808497773678290832e+04
3.26018 4.807732500402384903e+04
3.26298 4.806981484996314248e+04
3.26521 4.806531330419715960e+04
3.268 4.806120483914297074e+04
3.27024 4.805879731531542348e+04
3.27303 4.805642069628635363e+04
3.27525 4.805470721333738038e+04
3.27804 4.805247433471876866e+04
3.28028 4.805047712211900216e+04
3.28251 4.804826237262350332e+04
3.2853 4.804526887037848792e+04
3.28753 4.804282304702672991e+04
3.29031 4.803994093240505754e+04
3.29255 4.803797203397518024e+04
3.29533 4.803616474389578798e+04
3.29756 4.803536321743725421e+04
3.30036 4.803523519926556764e+04
3.3026 4.803580138341915881e+04
3.3054 4.803716924166936224e+04
3.30763 4.803857481624012144e+04
3.31042 4.804035409551559860e+04
3.31266 4.804148907457528549e+04
3.31545 4.804214658198344114e+04
3.31769 4.804180657331025577e+04
3.32049 4.804004445086647320e+04
3.32273 4.803747801601434185e+04
3.32552 4.803286171333385573e+04
3.32775 4.802815874928495032e+04
3.33055 4.802127130676937668e+04
3.33278 4.801518983946916705e+04
3.33502 4.800882054191870702e+04
3.33781 4.800073689533153811e+04
3.34005 4.799436121812181955e+04
3.34284 4.798668788871154538e+04
3.34507 4.798085583383659105e+04
3.34786 4.797392288446231396e+04
3.3501 4.796856908938494598e+04
3.3529 4.796196220843183983e+04
3.35514 4.795657801575698977e+04
3.35794 4.794949910634666594e+04
3.36017 4.794341390465914446e+04
3.36297 4.793518201621294429e+04
3.3652 4.792806751136692765e+04
3.368 4.791855837933730072e+04
3.37024 4.791058750026359485e+04
3.37304 4.790042757567942317e+04
3.37527 4.789235091734236630e+04
3.37751 4.788451287058403977e+04
3.3803 4.787532587832985882e+04
3.38254 4.786866490981315292e+04
3.38534 4.786139062624853977e+04
3.38758 4.785651157505041192e+04
3.39038 4.785158063015001244e+04
3.39262 4.784848434812256164e+04
3.39541 4.784547927734127734e+04
3.39765 4.784357944599502662e+04
3.40045 4.784156464973792026e+04
3.40269 4.784005402929195407e+04
3.40548 4.783808903238787752e+04
3.40772 4.783635435041570599e+04
3.41052 4.783392926341450948e+04
3.41276 4.783180562506569549e+04
3.41501 4.782958828027277195e+04
3.41781 4.782683556403383409e+04
3.42005 4.782479123616514698e+04
3.42284 4.782263098738851113e+04
3.42508 4.782134781942308473e+04
3.42788 4.782042351170865732e+04
3.43011 4.782027346278993355e+04
3.43291 4.782083775978628546e+04
3.43515 4.782182349111679650e+04
3.43796 4.782353148371521820e+04
3.4402 4.782509958663221187e+04
3.443 4.782703453107208770e+04
3.44524 4.782834424290525203e+04
3.44804 4.782940696823490725e+04
3.45028 4.782962639123111876e+04
3.45252 4.782917660560447985e+04
3.45532 4.782759918350770022e+04
3.45756 4.782552264519714663e+04
3.46037 4.782199132806578564e+04
3.46261 4.781852107998709107e+04
3.46542 4.781356981226964854e+04
3.46767 4.780928191444432014e+04
3.47047 4.780371134269500908e+04
3.47271 4.779919879755649163e+04
3.47551 4.779359544234276109e+04
3.47775 4.778916880518633843e+04
3.48056 4.778364906101437373e+04
3.4828 4.777917907571029355e+04
3.48505 4.777456037077245128e+04
3.48785 4.776840651401202922e+04
3.4901 4.776304560507251881e+04
3.4929 4.775563462874692777e+04
3.49514 4.774904276330007997e+04
3.49795 4.773990790782659315e+04
3.50019 4.773187922168996010e+04
3.50299 4.772099716867657116e+04
3.50523 4.771170848934201786e+04
3.50805 4.769948646427087078e+04
3.5103 4.768937958167183388e+04
3.51255 4.767913545325713494e+04
3.51535 4.766630021297888015e+04
3.5176 4.765609960423296434e+04
3.5204 4.764354810024663311e+04
3.52264 4.763371274818766688e+04
3.52546 4.762162348936939088e+04
3.52771 4.761214184215319256e+04
3.53052 4.760048396330182732e+04
3.53277 4.759120108561038796e+04
3.53501 4.758185352310126473e+04
3.53782 4.756994148190091801e+04
3.54007 4.756013469433014689e+04
3.54287 4.754742918921134697e+04
3.54512 4.753684644116066193e+04
3.54792 4.752305711961852649e+04
3.55017 4.751159923597975285e+04
3.55298 4.749675967106269673e+04
3.55524 4.748455017256471911e+04
3.55805 4.746900689675965987e+04
3.56029 4.745640658122612513e+04
3.56253 4.744368345226788369e+04
3.56535 4.742765477685151563e+04
3.5676 4.741481753593722533e+04
3.57041 4.739873660345977260e+04
3.57266 4.738581891629938036e+04
3.57547 4.736956307635705889e+04
3.57771 4.735639848974753841e+04
3.58053 4.733960471807300928e+04
3.58279 4.732587516438892635e+04
3.58505 4.731191666202226770e+04
3.58785 4.729420764610262995e+04
3.5901 4.727980081974517816e+04
3.59291 4.726151976120579639e+04
3.59517 4.724679814443346550e+04
3.59798 4.722842373062983097e+04
3.60023 4.721384661900626088e+04
3.60304 4.719593065030626894e+04
3.60528 4.718191999253193353e+04
3.60753 4.716823074951919261e+04
3.61034 4.715158712457544607e+04
3.6126 4.713866301340070640e+04
3.6154 4.712298181740702421e+04
3.61765 4.711073162482747284e+04
3.62046 4.709568649939386523e+04
3.62271 4.708380967355458415e+04
3.62552 4.706909774022069178e+04
3.62777 4.705741725986851816e+04
3.63002 4.704583880017421325e+04
3.63283 4.703159647448873875e+04
3.63507 4.702048000431687979e+04
3.63789 4.700706478875569155e+04
3.64014 4.699688940476984135e+04
3.64296 4.698506164479386644e+04
3.6452 4.697639295595178555e+04
3.64802 4.696661136019322294e+04
3.65028 4.695967724559373892e+04
3.65254 4.695354567001981195e+04
3.65535 4.694694645090789709e+04
3.6576 4.694240698393547791e+04
3.66042 4.693748727600416169e+04
3.66267 4.693404362314243917e+04
3.66549 4.693018955508581712e+04
3.66774 4.692734515334639582e+04
3.67056 4.692395805821342219e+04
3.67281 4.692132622315522167e+04
3.67507 4.691874626174032164e+04
3.67788 4.691561337846257811e+04
3.68014 4.691322073137416010e+04
3.68296 4.691046136171837861e+04
3.68522 4.690854270329560677e+04
3.68804 4.690665497982857778e+04
3.69029 4.690565987729746121e+04
3.69254 4.690521692464834632e+04
3.69537 4.690555164756988233e+04
3.69762 4.690658100763611583e+04
3.70044 4.690881824189356121e+04
3.70269 4.691131338502679137e+04
3.70551 4.691516007382796670e+04
3.70777 4.691864324815430155e+04
3.71002 4.692228623729102401e+04
3.71284 4.692674332670688455e+04
3.7151 4.692998343312736688e+04
3.71792 4.693335084647782060e+04
3.72017 4.693536282754417334e+04
3.723 4.693694724841240532e+04
3.72526 4.693750546130312432e+04
3.72751 4.693755261086983228e+04
3.73033 4.693715518863189209e+04
3.73259 4.693672138251718570e+04
3.73542 4.693641028494485363e+04
3.73767 4.693662863223928434e+04
3.74049 4.693782214101744466e+04
3.74274 4.693972152923890826e+04
3.74501 4.694260689869841008e+04
3.74785 4.694767164603667334e+04
3.7501 4.695282047384209727e+04
3.75292 4.696048459967626695e+04
3.75518 4.696741195437544957e+04
3.758 4.697669436085378402e+04
3.76026 4.698421704797498387e+04
3.76251 4.699147361801847001e+04
3.76533 4.699975386994548899e+04
3.76758 4.700545095993125142e+04
3.7704 4.701109450815361924e+04
3.77266 4.701422547005674278e+04
3.77548 4.701630770919688803e+04
3.77773 4.701669600480487134e+04
3.78055 4.701578324384627194e+04
3.78281 4.701426325180505955e+04
3.78508 4.701244065464487358e+04
3.7879 4.701032873468226171e+04
3.79016 4.700918885482804762e+04
3.79297 4.700892066283019813e+04
3.79523 4.700993894157516479e+04
3.79805 4.701305075279793527e+04
3.80031 4.701708808072370448e+04
3.80257 4.702244562018815486e+04
3.80539 4.703075592770813091e+04
3.80765 4.703839895881479606e+04
3.81047 4.704852674945114268e+04
3.81273 4.705648260917719745e+04
3.81555 4.706564474380419415e+04
3.81781 4.707191782120379503e+04
3.82006 4.707692464335742989e+04
3.82288 4.708080662369253696e+04
3.82514 4.708178247573375120e+04
3.82796 4.708051845121412043e+04
3.83022 4.707772331356853829e+04
3.83305 4.707244697658887890e+04
3.8353 4.706723894371543429e+04
3.83756 4.706155814081767312e+04
3.84038 4.705478791617408569e+04
3.84263 4.705010906523015001e+04
3.84546 4.704576708710223465e+04
3.84772 4.704405827764182322e+04
3.85054 4.704463158860473777e+04
3.8528 4.704750061866220494e+04
3.85506 4.705256636509350938e+04
3.85789 4.706166481885035319e+04
3.86014 4.707069682932004798e+04
3.86297 4.708349163456369570e+04
3.86524 4.709424050306370918e+04
3.86806 4.710730232410779718e+04
3.87032 4.711689126025396399e+04
3.87258 4.712522592075806460e+04
3.8754 4.713284641706548427e+04
3.87766 4.713634854748866928e+04
3.88049 4.713750797567466361e+04
3.88276 4.713589983715234121e+04
3.88502 4.713218467903693090e+04
3.88784 4.712502008424552332e+04
3.8901 4.711789128090548911e+04
3.89292 4.710793569023466262e+04
3.89518 4.709958145312406123e+04
3.89801 4.708977193275310856e+04
3.90028 4.708287248912161886e+04
3.90254 4.707722544233283406e+04
3.90537 4.707260283505493135e+04
3.90763 4.707134449023506022e+04
3.91045 4.707342290930209856e+04
3.91271 4.707799623547629744e+04
3.91555 4.708697345691492956e+04
3.91782 4.709629188199336932e+04
3.92009 4.710696858632788644e+04
3.92294 4.712129210826433700e+04
3.92519 4.713258400399266247e+04
3.92801 4.714581615622709069e+04
3.93028 4.715521110710328503e+04
3.93255 4.716277668665702367e+04
3.9354 4.716867526599259872e+04
3.93768 4.717046465812684619e+04
3.94054 4.716899433624070662e+04
3.9428 4.716497625819627137e+04
3.94506 4.715890847942711116e+04
3.94789 4.714901361388096848e+04
3.95015 4.713951204283639527e+04
3.95299 4.712616696021667303e+04
3.95527 4.711471745238911535e+04
3.95754 4.710372760079852742e+04
3.96037 4.709199900352241093e+04
3.96263 4.708442118160252721e+04
3.96546 4.707761863081336196e+04
3.96772 4.707505636795346800e+04
3.97055 4.707592674592902767e+04
3.97282 4.707987917636641214e+04
3.97509 4.708659290717674594e+04
3.97793 4.709825884982934804e+04
3.9802 4.710972186847047124e+04
3.98302 4.712619165543395502e+04
3.98528 4.714045918719046313e+04
3.98755 4.715481020706501295e+04
3.99038 4.717137375713142683e+04
3.99265 4.718282818383893027e+04
3.99549 4.719353993337959400e+04
3.99776 4.719896064681580174e+04
4.00002 4.720149619159718713e+04
4.00284 4.720055819134946069e+04
4.00511 4.719709449168795254e+04
4.00793 4.718985865696572728e+04
4.0102 4.718185295924021193e+04
4.01303 4.716947012466184970e+04
4.0153 4.715818704260414961e+04
4.01756 4.714621104705170001e+04
4.02039 4.713059043227822258e+04
4.02266 4.711890061886105104e+04
4.02548 4.710693119707565347e+04
4.02775 4.710004876462386164e+04
4.03001 4.709550359836223652e+04
4.03285 4.709366780280716193e+04
4.03512 4.709548268232609553e+04
4.03795 4.710181639954168350e+04
4.04021 4.710991427777233912e+04
4.04304 4.712318992754851206e+04
4.04531 4.713606140387439518e+04
4.04758 4.715054724638917105e+04
4.05041 4.717006283121731394e+04
4.05267 4.718574277672499011e+04
4.0555 4.720412369302146544e+04
4.05776 4.721629150077176018e+04
4.06003 4.722580650841835450e+04
4.06286 4.723385158146174217e+04
4.06512 4.723707874500287289e+04
4.06795 4.723734167486669321e+04
4.07022 4.723509371769527934e+04
4.07306 4.722928926412419241e+04
4.07532 4.722237900955725490e+04
4.07759 4.721373315181621001e+04
4.08042 4.720123522064309509e+04
4.08268 4.719032962804185809e+04
4.08552 4.717603214623803797e+04
4.08779 4.716466046621703572e+04
4.09005 4.715395088950772333e+04
4.09288 4.714270027029394259e+04
4.09515 4.713666570682562451e+04
4.09798 4.713260001812905830e+04
4.10025 4.713211873245942115e+04
4.10251 4.713405410639950424e+04
4.10535 4.713995901337912801e+04
4.10762 4.714717972212349559e+04
4.11046 4.715888728032667859e+04
4.11273 4.717004017242613918e+04
4.11556 4.718576695256656967e+04
4.11783 4.719939053966674692e+04
4.12009 4.721327817567507009e+04
4.12293 4.722916684934779914e+04
4.12519 4.724004515963968151e+04
4.12803 4.725041863346658647e+04
4.13029 4.725582464544699178e+04
4.13256 4.725865363598204567e+04
4.1354 4.725929784815201128e+04
4.13768 4.725773440906559699e+04
4.14051 4.725314583214683807e+04
4.14278 4.724743576445221697e+04
4.14505 4.724009747696783597e+04
4.14789 4.722927453628759395e+04
4.15017 4.721973840524700063e+04
4.153 4.720714340714472928e+04
4.15526 4.719697708295495977e+04
4.15754 4.718714493372366269e+04
4.16038 4.717593209092960751e+04
4.16264 4.716828150947536051e+04
4.16548 4.716102013865824847e+04
4.16774 4.715734471327428037e+04
4.17002 4.715580415655174875e+04
4.17286 4.715636900067136594e+04
4.17513 4.715877438025273295e+04
4.17798 4.716388621788878663e+04
4.18024 4.716951674512332829e+04
4.18251 4.717645182360262697e+04
4.18535 4.718677270902360033e+04
4.18762 4.719587102317772224e+04
4.19046 4.720729142897341808e+04
4.19273 4.721607335756417888e+04
4.19556 4.722604950438574451e+04
4.19784 4.723259416206775495e+04
4.20011 4.723716537387644348e+04
4.20295 4.724018585461582552e+04
4.20522 4.724072966845496558e+04
4.20805 4.723912566628689819e+04
4.21032 4.723608396786609228e+04
4.21259 4.723146034254627011e+04
4.21543 4.722366461543588230e+04
4.21771 4.721626083162237046e+04
4.22054 4.720593191341869533e+04
4.22281 4.719706958488859527e+04
4.22508 4.718794519494212727e+04
4.22792 4.717661253879177821e+04
4.23019 4.716795519800815237e+04
4.23302 4.715818897351933992e+04
4.23529 4.715141402223194018e+04
4.23757 4.714572189197805710e+04
4.24041 4.714033458598246216e+04
4.24268 4.713748231110427150e+04
4.24552 4.713546374855694012e+04
4.24778 4.713506619193667575e+04
4.25005 4.713592848505878646e+04
4.25289 4.713882982250459463e+04
4.25516 4.714238510482951824e+04
4.258 4.714795374261737743e+04
4.26026 4.715298062482381647e+04
4.26253 4.715827039801984938e+04
4.26537 4.716473645392523031e+04
4.26765 4.716927216843823408e+04
4.27049 4.717363580226546037e+04
4.27276 4.717600396536716289e+04
4.27503 4.717713405977085495e+04
4.27787 4.717626183701487753e+04
4.28013 4.717358973029418121e+04
4.28297 4.716801114563446754e+04
4.28525 4.716218780031840288e+04
4.28751 4.715537299089416774e+04
4.29035 4.714561269262596761e+04
4.29262 4.713696411949535104e+04
4.29546 4.712539490174467937e+04
4.29773 4.711590490242536180e+04
4.3 4.710643600356929528e+04
4.30284 4.709486315524660313e+04
4.30511 4.708595427157821541e+04
4.30796 4.707569459806491795e+04
4.31023 4.706847428105840663e+04
4.31251 4.706222193611266266e+04
4.31535 4.705582159565496841e+04
4.31761 4.705193238141688926e+04
4.32045 4.704864038908423390e+04
4.32272 4.704711079649433668e+04
4.32556 4.704653529430420895e+04
4.32783 4.704719758656017075e+04
4.3301 4.704880534663207072e+04
4.33294 4.705187391427861439e+04
4.33521 4.705485023893108882e+04
4.33806 4.705876125362161838e+04
4.34033 4.706164101810479042e+04
4.34261 4.706387964229686622e+04
4.34544 4.706526345981741906e+04
4.34771 4.706492334490427311e+04
4.35055 4.706241127428419713e+04
4.35283 4.705867036917775840e+04
4.3551 4.705356612351886724e+04
4.35793 4.704557735312818113e+04
4.3602 4.703787165193206602e+04
4.36304 4.702683395925568038e+04
4.36532 4.701719065298217902e+04
4.36759 4.700716299961001641e+04
4.37043 4.699425419599729503e+04
4.37271 4.698365397681861941e+04
4.37555 4.697033042921406741e+04
4.37782 4.695986990864030668e+04
4.3801 4.694984212611051771e+04
4.38294 4.693824749708661693e+04
4.38521 4.692992589107380627e+04
4.38805 4.692090342610520747e+04
4.39032 4.691483798646291689e+04
4.39259 4.690980312411413615e+04
4.39544 4.690485835853886965e+04
4.39771 4.690206327478825551e+04
4.40055 4.690009467790892813e+04
4.40282 4.689968016080684902e+04
4.4051 4.690003276182555419e+04
4.40794 4.690141558395903849e+04
4.41022 4.690315703849583952e+04
4.41306 4.690555565162238781e+04
4.41533 4.690719434924907546e+04
4.4176 4.690823161819173401e+04
4.42045 4.690830091491730855e+04
4.42272 4.690715762017194356e+04
4.42556 4.690421046775649302e+04
4.42783 4.690056078591019468e+04
4.43011 4.689568155469735211e+04
4.43295 4.688788669019735244e+04
4.43523 4.688039390656629985e+04
4.43807 4.686964896593484445e+04
4.44034 4.686011112178827170e+04
4.44262 4.684973124949067278e+04
4.44546 4.683604744922809186e+04
4.44774 4.682494728159029910e+04
4.45001 4.681394070889514114e+04
4.45285 4.680052264871200168e+04
4.45512 4.679018144797859713e+04
4.45797 4.677805691108308383e+04
4.46025 4.676907172703059041e+04
4.46253 4.676074300922813563e+04
4.46537 4.675140182602634741e+04
4.46764 4.674489489154671901e+04
4.47048 4.673812595709571178e+04
4.47276 4.673391646040380874e+04
4.47504 4.673082500411070214e+04
4.47788 4.672853480957977445e+04
4.48015 4.672793783529317443e+04
4.48299 4.672840840414217382e+04
4.48526 4.672947853625420976e+04
4.48755 4.673089552459218976e+04
4.4904 4.673262816694335925e+04
4.49267 4.673372027227158833e+04
4.49551 4.673449705036593514e+04
4.49779 4.673444123923592269e+04
4.50007 4.673360594835155644e+04
4.50292 4.673126285676824773e+04
4.50519 4.672824388153525797e+04
4.50803 4.672297776390201761e+04
4.51031 4.671759420611930545e+04
4.51258 4.671114543110422528e+04
4.51543 4.670162092425431183e+04
4.51771 4.669305025465879589e+04
4.52056 4.668148977965331142e+04
4.52283 4.667180166826563072e+04
4.5251 4.666190529147697089e+04
4.52795 4.664943898594379425e+04
4.53023 4.663952748790528130e+04
4.53251 4.662977057367529051e+04
4.53535 4.661800546300065616e+04
4.53763 4.660920161747450038e+04
4.54047 4.659914715844771854e+04
4.54275 4.659195505068536295e+04
4.54503 4.658561170057854906e+04
4.54788 4.657902767403889447e+04
4.55015 4.657495690984772955e+04
4.55299 4.657132894459245290e+04
4.55527 4.656950428657415614e+04
4.55756 4.656854925372711295e+04
4.5604 4.656840136725811317e+04
4.56268 4.656895277168862958e+04
4.56552 4.657023403100280120e+04
4.5678 4.657155660681765585e+04
4.57007 4.657295441670090804e+04
4.57292 4.657450273874420236e+04
4.5752 4.657531847534649569e+04
4.57805 4.657544747733294207e+04
4.58033 4.657463442098687665e+04
4.58261 4.657288885250605381e+04
4.58547 4.656932084554104222e+04
4.58775 4.656537055586607312e+04
4.59002 4.656051327906777442e+04
4.59287 4.655327430587629351e+04
4.59514 4.654667715211642644e+04
4.59799 4.653763589428845444e+04
4.60027 4.652989107100456022e+04
4.60255 4.652180004702115548e+04
4.6054 4.651143498470206396e+04
4.60767 4.650314039878197946e+04
4.61052 4.649301818461965013e+04
4.61281 4.648530193835309910e+04
4.61509 4.647812305220450799e+04
4.61794 4.647011016898966773e+04
4.62022 4.646454405235378363e+04
4.62306 4.645876002815374522e+04
4.62534 4.645513583169516642e+04
4.62762 4.645242926001800515e+04
4.63047 4.645033062912070454e+04
4.63275 4.644962977190258243e+04
4.63503 4.644970931323833793e+04
4.63787 4.645074526726662589e+04
4.64015 4.645220004395737487e+04
4.64301 4.645457979387408704e+04
4.64529 4.645668968209574086e+04
4.64757 4.645877165893575147e+04
4.65042 4.646103325991566817e+04
4.6527 4.646233644051055308e+04
4.65555 4.646306028448627330e+04
4.65783 4.646276710465928045e+04
4.66012 4.646161231162674812e+04
4.66296 4.645890001505174587e+04
4.66524 4.645571403031215596e+04
4.66752 4.645165608634761884e+04
4.67037 4.644545606937895354e+04
4.67265 4.643973901864998334e+04
4.6755 4.643187302648690093e+04
4.67778 4.642517923094067373e+04
4.68006 4.641830860030549957e+04
4.68291 4.640970715056455811e+04
4.68519 4.640298575748274743e+04
4.68805 4.639501434842668095e+04
4.69034 4.638915086653910112e+04
4.69261 4.638386979569039249e+04
4.69545 4.637819093856249674e+04
4.69774 4.637448769372613606e+04
4.70002 4.637163435368220235e+04
4.70287 4.636932602472180588e+04
4.70515 4.636847524694500316e+04
4.708 4.636860794424383494e+04
4.71028 4.636959976831702079e+04
4.71256 4.637127832726396446e+04
4.71542 4.637416387329401186e+04
4.71771 4.637689487554442894e+04
4.72056 4.638050846272119816e+04
4.72284 4.638332004269651225e+04
4.72512 4.638585138891471433e+04
4.72797 4.638834079288346402e+04
4.73025 4.638960847319847380e+04
4.73253 4.639011075726959825e+04
4.73539 4.638955130874911993e+04
4.73767 4.638812283034115535e+04
4.74051 4.638512514341057249e+04
4.74279 4.638179744029625726e+04
4.74508 4.637772276716689521e+04
4.74794 4.637173994547707116e+04
4.75022 4.636639387396688835e+04
4.7525 4.636069912563699472e+04
4.75535 4.635333575964253396e+04
4.75763 4.634741475956785143e+04
4.76049 4.634018289227799687e+04
4.76278 4.633471569721285778e+04
4.76506 4.632968077435010491e+04
4.76791 4.632415237674579839e+04
4.77019 4.632044236764846573e+04
4.77304 4.631682609343637159e+04
4.77532 4.631482898009613564e+04
4.77761 4.631365674319257232e+04
4.78046 4.631334994550817646e+04
4.78274 4.631399441884814587e+04
4.78502 4.631536583121582953e+04
4.78787 4.631796273892899626e+04
4.79016 4.632058909358565143e+04
4.79302 4.632427529856736510e+04
4.7953 4.632730777819898503e+04
4.79758 4.633019121308428294e+04
4.80043 4.633329773720384401e+04
4.80272 4.633518799082485202e+04
4.80557 4.633658257652070461e+04
4.80786 4.633679327017977630e+04
4.81014 4.633612797741858958e+04
4.81299 4.633404856941224716e+04
4.81527 4.633139808839684702e+04
4.81755 4.632791054436413833e+04
4.8204 4.632251738992780884e+04
4.82269 4.631750347315186809e+04
4.82555 4.631057040099403093e+04
4.82784 4.630466576873094891e+04
4.83012 4.629858974330969795e+04
4.83297 4.629093691356948693e+04
4.83526 4.628491645002427686e+04
4.83754 4.627912007951388659e+04
4.84039 4.627237460956977156e+04
4.84267 4.626750802468656912e+04
4.84552 4.626224481692427798e+04
4.8478 4.625878069749350834e+04
4.85008 4.625603277357768820e+04
4.85294 4.625364003569686611e+04
4.85523 4.625255962389219349e+04
4.85751 4.625218046312138176e+04
4.86037 4.625258675639835565e+04
4.86265 4.625349403554359742e+04
4.8655 4.625514494628879766e+04
4.86778 4.625669757458391541e+04
4.87008 4.625827383798671508e+04
4.87294 4.626000032694901165e+04
4.87522 4.626097500242913520e+04
4.8775 4.626142296026111580e+04
4.88036 4.626103854254927137e+04
4.88264 4.625984838775292155e+04
4.8855 4.625714473695283232e+04
4.88779 4.625397562708264013e+04
4.89008 4.624992984685978445e+04
4.89292 4.624372689908541361e+04
4.8952 4.623792614251751365e+04
4.89806 4.622975270079381880e+04
4.90035 4.622263039260590449e+04
4.90264 4.621511253123350616e+04
4.9055 4.620535967257736775e+04
4.90779 4.619744559971445415e+04
4.91007 4.618957109609952022e+04
4.91293 4.617994866067380644e+04
4.91521 4.617256187182741996e+04
4.91807 4.616389664072369487e+04
4.92035 4.615753639824111451e+04
4.92263 4.615175423148011760e+04
4.92549 4.614541975029894820e+04
4.92777 4.614110079136452987e+04
4.93005 4.613744711183740583e+04
4.93291 4.613377612253430561e+04
4.93521 4.613150624108663033e+04
4.93806 4.612937253541055543e+04
4.94035 4.612808563895866246e+04
4.94263 4.612702717325032427e+04
4.94548 4.612579033736183192e+04
4.94777 4.612466696045715071e+04
4.95006 4.612324249864803278e+04
4.95293 4.612080395412690268e+04
4.95521 4.611816681174674886e+04
4.95807 4.611382757509982184e+04
4.96036 4.610942687327683234e+04
4.96264 4.610415869240972097e+04
4.9655 4.609634476978056045e+04
4.96779 4.608914420394914487e+04
4.97008 4.608116654704987741e+04
4.97293 4.607023955265986297e+04
4.97521 4.606083637595738401e+04
4.97806 4.604841569243068079e+04
4.98035 4.603810345534177759e+04
4.98265 4.602754132472258061e+04
4.98552 4.601422088441959932e+04
4.98781 4.600366614874226798e+04
4.9901 4.599332865425528144e+04
4.99295 4.598082795701972645e+04
4.99524 4.597128089894152799e+04
4.99752 4.596222583445188502e+04
5.00038 4.595167982148845476e+04
5.00267 4.594393085718221118e+04
5.00553 4.593516461704248650e+04
5.00781 4.592887303841045650e+04
5.01009 4.592317528758318804e+04
5.01295 4.591679066584723478e+04
5.01524 4.591217876348275604e+04
5.01753 4.590787667418492492e+04
5.0204 4.590273701599283231e+04
5.02269 4.589863976679068583e+04
5.02554 4.589326701914084697e+04
5.02783 4.588857202700737980e+04
5.03011 4.588336662795593293e+04
5.03297 4.587595111102097871e+04
5.03527 4.586915836758770456e+04
5.03756 4.586153975970593456e+04
5.04042 4.585083731103803439e+04
5.0427 4.584131643162079126e+04
5.04556 4.582823737621183682e+04
5.04785 4.581690130983330891e+04
5.05014 4.580488258658935229e+04
5.05301 4.578904746493308630e+04
5.0553 4.577586029856816458e+04
5.05758 4.576237917518805625e+04
5.06043 4.574524372766189481e+04
5.06272 4.573143089996401977e+04
5.06501 4.571766741394074052e+04
5.06787 4.570068664829606860e+04
5.07017 4.568739841610426811e+04
5.07304 4.567137429927021731e+04
5.07533 4.565915864721286198e+04
5.07761 4.564749582568202459e+04
5.08047 4.563375435560708138e+04
5.08276 4.562346646611503820e+04
5.08505 4.561380082599117304e+04
5.08791 4.560256542948423885e+04
5.0902 4.559421622004415258e+04
5.09306 4.558447571914079163e+04
5.09534 4.557709679930869606e+04
5.09763 4.556994225853378157e+04
5.10049 4.556113345022220892e+04
5.10278 4.555400026666415215e+04
5.10508 4.554663930628009257e+04
5.10795 4.553692638619593345e+04
5.11023 4.552860072093954659e+04
5.11252 4.551964784701575991e+04
5.11538 4.550744784788636025e+04
5.11766 4.549681686238809198e+04
5.12053 4.548234751098901324e+04
5.12283 4.546985967933230859e+04
5.12512 4.545663066843349225e+04
5.12798 4.543913969748686941e+04
5.13027 4.542444808425252995e+04
5.13255 4.540922932419875724e+04
5.13542 4.538962459207283246e+04
5.13771 4.537355678757873102e+04
5.14001 4.535731458192130958e+04
5.14287 4.533698345408822934e+04
5.14516 4.532082138467877667e+04
5.14802 4.530090159642708750e+04
5.1503 4.528531555813019077e+04
5.15259 4.527013038339443301e+04
5.15546 4.525174588084128482e+04
5.15776 4.523766843503837299e+04
5.16005 4.522422744079820404e+04
5.16291 4.520833915513721877e+04
5.1652 4.519637599157490331e+04
5.16806 4.518233230047910911e+04
5.17035 4.517176188062659639e+04
5.17264 4.516170877840433241e+04
5.1755 4.514976683305809274e+04
5.17779 4.514059039408019453e+04
5.18008 4.513161665624842863e+04
5.18294 4.512049599006741482e+04
5.18522 4.511150353953198646e+04
5.18751 4.510226044811699103e+04
5.19038 4.509013102477468055e+04
5.19267 4.507984591908834409e+04
5.19554 4.506610615174357372e+04
5.19783 4.505431658558861091e+04
5.20012 4.504179313843568525e+04
5.20298 4.502506327423704352e+04
5.20526 4.501081744377236464e+04
5.20755 4.499584055171092768e+04
5.21041 4.497617360420562909e+04
5.21271 4.495974359313426976e+04
5.215 4.494281823121899652e+04
5.21787 4.492115927443544206e+04
5.22016 4.490352943870459421e+04
5.22302 4.488126738548582944e+04
5.22531 4.486341138576028607e+04
5.2276 4.484560756648808456e+04
5.23048 4.482352377140313911e+04
5.23279 4.480619364483634854e+04
5.23508 4.478933517735452187e+04
5.23795 4.476893677498189209e+04
5.24024 4.475327044508597464e+04
5.24252 4.473821882531046140e+04
5.24539 4.472028730853924935e+04
5.24768 4.470666157308279799e+04
5.25055 4.469054122041158553e+04
5.25284 4.467833512384992355e+04
5.25513 4.466668945205782802e+04
5.25799 4.465283877122125705e+04
5.26028 4.464218986923881312e+04
5.26257 4.463178796263887489e+04
5.26544 4.461895047828753013e+04
5.26773 4.460866620394374331e+04
5.27003 4.459822209258021030e+04
5.27289 4.458475384119560476e+04
5.27518 4.457353858554212638e+04
5.27804 4.455876362587192853e+04
5.28033 4.454623605152483651e+04
5.28262 4.453301932250883692e+04
5.28549 4.451545662040481693e+04
5.28778 4.450054832272351632e+04
5.29008 4.448491764979225991e+04
5.29294 4.446450018721215019e+04
5.29523 4.444746345483903860e+04
5.29752 4.442985439497006882e+04
5.30038 4.440717141639986949e+04
5.30268 4.438859290828234225e+04
5.30554 4.436498027017716231e+04
5.30784 4.434589789001620375e+04
5.31013 4.432674677143743611e+04
5.313 4.430288081518476247e+04
5.31529 4.428401157442882686e+04
5.31758 4.426543349510696135e+04
5.32044 4.424270544520695694e+04
5.32274 4.422500932354523684e+04
5.32504 4.420779340166087786e+04
5.32793 4.418695929321342555e+04
5.33024 4.417097135407901078e+04
5.33254 4.415566220090998831e+04
5.33542 4.413739428060517093e+04
5.33771 4.412349631461984973e+04
5.34 4.411016351099165331e+04
5.34287 4.409418594320696866e+04
5.34516 4.408186648569449608e+04
5.34803 4.406690548933627724e+04
5.35032 4.405517219820641913e+04
5.35261 4.404354370828643732e+04
5.35548 4.402898925737301761e+04
5.35776 4.401716984723193309e+04
5.36006 4.400504987481579155e+04
5.36293 4.398932611206116417e+04
5.36523 4.397618295663048775e+04
5.36754 4.396241916016554751e+04
5.37043 4.394435215786606568e+04
5.37272 4.392927840033936809e+04
5.37502 4.391356154301820061e+04
5.37788 4.389306188313759048e+04
5.38017 4.387600373468659382e+04
5.38303 4.385386781490388967e+04
5.38533 4.383555590596079855e+04
5.38763 4.381680968448363274e+04
5.39049 4.379295199099618185e+04
5.39278 4.377359533272314729e+04
5.39507 4.375408562170773075e+04
5.39794 4.372962015071601490e+04
5.40023 4.371004011498403997e+04
5.40254 4.369053500129556778e+04
5.40541 4.366644583124941710e+04
5.40772 4.364749964491729042e+04
5.41002 4.362890522295856499e+04
5.41289 4.360631425378673885e+04
5.41518 4.358878914797250764e+04
5.41804 4.356764600621887075e+04
5.42033 4.355138108358532918e+04
5.42263 4.353569697660527163e+04
5.4255 4.351689072727447638e+04
5.42779 4.350250693068334658e+04
5.43011 4.348858290339932864e+04
5.433 4.347186691677811905e+04
5.43531 4.345897548940652632e+04
5.43762 4.344641307122178114e+04
5.4405 4.343103793009253422e+04
5.44281 4.341888928123979713e+04
5.44511 4.340676822870033357e+04
5.44798 4.339157367466219875e+04
5.45028 4.337922843243697571e+04
5.45257 4.336663693130671891e+04
5.45544 4.335044663041668537e+04
5.45773 4.333706413717588293e+04
5.46003 4.332324953232867119e+04
5.46289 4.330530958179471054e+04
5.46519 4.329038360589529475e+04
5.46806 4.327103930281171779e+04
5.47037 4.325498593786646961e+04
5.47267 4.323849565070819517e+04
5.47555 4.321732368047610362e+04
5.47786 4.320001410047880927e+04
5.48017 4.318246554768336500e+04
5.48304 4.316034412478741433e+04
5.48534 4.314252213995577767e+04
5.48764 4.312471911244522198e+04
5.49051 4.310253664981829934e+04
5.4928 4.308492498802501359e+04
5.4951 4.306750866937094543e+04
5.49796 4.304612470960799692e+04
5.50026 4.302940514003211138e+04
5.50255 4.301307863184782764e+04
5.50542 4.299328054480052378e+04
5.50771 4.297800387537246570e+04
5.51002 4.296321767746081605e+04
5.5129 4.294552322663392988e+04
5.51521 4.293200185708441131e+04
5.51753 4.291905116547934449e+04
5.52042 4.290372358376372722e+04
5.52272 4.289216679769953771e+04
5.52503 4.288114081175206229e+04
5.5279 4.286806590345047152e+04
5.53019 4.285807867334713228e+04
5.53306 4.284606795087723731e+04
5.53535 4.283674419208900508e+04
5.53765 4.282758230436169833e+04
5.54053 4.281622182658742531e+04
5.54283 4.280712493932407233e+04
5.54513 4.279792232689126104e+04
5.54801 4.278618400879440742e+04
5.55033 4.277649267490360944e+04
5.55264 4.276649137252289802e+04
5.55554 4.275349947692798014e+04
5.55786 4.274267830485888408e+04
5.56018 4.273147295956111338e+04
5.56307 4.271696290692791081e+04
5.56538 4.270494657791755162e+04
5.56769 4.269263742383071803e+04
5.57057 4.267685099897234613e+04
5.57287 4.266396352073365415e+04
5.57517 4.265092170374724083e+04
5.57804 4.263447245565589401e+04
5.58034 4.262127137035321357e+04
5.58263 4.260809796718895814e+04
5.58551 4.259172597177182615e+04
5.58782 4.257879540270277357e+04
5.59012 4.256605062197598454e+04
5.59302 4.255047615250757372e+04
5.59534 4.253839554310984386e+04
5.59766 4.252669417773400346e+04
5.60056 4.251268938474357128e+04
5.60287 4.250206236618938419e+04
5.60518 4.249194461399723514e+04
5.60807 4.248006170934694819e+04
5.61037 4.247117533297846967e+04
5.61268 4.246284127002470632e+04
5.61555 4.245320174206354568e+04
5.61785 4.244607618189662026e+04
5.62015 4.243944750150560139e+04
5.62302 4.243180201647726790e+04
5.62532 4.242614834875123051e+04
5.62762 4.242084567062003043e+04
5.63049 4.241461662541885016e+04
5.63279 4.240987074931443931e+04
5.63509 4.240525884304079227e+04
5.63797 4.239957220220918680e+04
5.64027 4.239500841567893804e+04
5.64258 4.239034872456946323e+04
5.64546 4.238428749772994342e+04
5.64777 4.237917972248047590e+04
5.65008 4.237378968382669700e+04
5.65296 4.236659714491703198e+04
5.65527 4.236044033964559640e+04
5.65759 4.235391402082150307e+04
5.66047 4.234525661248590768e+04
5.66277 4.233792821703468508e+04
5.66507 4.233026395324651821e+04
5.66794 4.232025495704772038e+04
5.67024 4.231193919543160882e+04
5.67254 4.230339394562591769e+04
5.67542 4.229247315132696531e+04
5.67773 4.228358790337081155e+04
5.68004 4.227466255334292509e+04
5.68292 4.226356651530030649e+04
5.68522 4.225480523480218835e+04
5.68753 4.224620389779710968e+04
5.69041 4.223576106237668137e+04
5.69272 4.222772216202616983e+04
5.69503 4.221999782630753180e+04
5.69792 4.221087138584865170e+04
5.70024 4.220401581706550496e+04
5.70256 4.219759795037889853e+04
5.70546 4.219022851476896903e+04
5.70778 4.218486854125643731e+04
5.7101 4.217998785735018464e+04
5.713 4.217456480740073312e+04
5.71531 4.217073711771606031e+04
5.71762 4.216734544962873042e+04
5.7205 4.216365952977011329e+04
5.72281 4.216110479231066711e+04
5.72511 4.215885164359638293e+04
5.72799 4.215638348484336893e+04
5.73029 4.215461676465445635e+04
5.73259 4.215297947899145947e+04
5.73547 4.215102470152787282e+04
5.73778 4.214946149634223548e+04
5.74009 4.214783458940183482e+04
5.74298 4.214563411409950641e+04
5.74529 4.214368143986853829e+04
5.7476 4.214150440294868895e+04
5.7505 4.213840879990223766e+04
5.75282 4.213558653434951702e+04
5.75514 4.213243199652333715e+04
5.75804 4.212797631418600940e+04
5.76037 4.212398363106301258e+04
5.7627 4.211960850604173902e+04
5.76502 4.211486082640589302e+04
5.76793 4.210844018456146296e+04
5.77025 4.210296934263511503e+04
5.77256 4.209722425523804850e+04
5.77546 4.208973734656957822e+04
5.77777 4.208355535270815744e+04
5.78008 4.207725166906683444e+04
5.78296 4.206929179172176373e+04
5.78527 4.206292045984350989e+04
5.78757 4.205661205710687500e+04
5.79045 4.204889098384571844e+04
5.79276 4.204291042123371153e+04
5.79506 4.203715609774756740e+04
5.79794 4.203034457054327504e+04
5.80024 4.202524235954216419e+04
5.80255 4.202047592689015437e+04
5.80543 4.201502669483756472e+04
5.80773 4.201109814665966405e+04
5.81004 4.200755842093446699e+04
5.81292 4.200368491997864476e+04
5.81523 4.200101562291170558e+04
5.81754 4.199870961246600928e+04
5.82043 4.199631341506206081e+04
5.82275 4.199475883725650056e+04
5.82506 4.199349997645498661e+04
5.82795 4.199229675713736651e+04
5.83026 4.199158536371683294e+04
5.83257 4.199105323347213562e+04
5.83547 4.199057493709348637e+04
5.83778 4.199028788996479852e+04
5.8401 4.199004351253555069e+04
5.84299 4.198973686306484160e+04
5.84531 4.198943826675687887e+04
5.84763 4.198905248176474561e+04
5.85052 4.198839101024887350e+04
5.85284 4.198765944329319609e+04
5.85515 4.198670173324214556e+04
5.85803 4.198513388758570363e+04
5.86034 4.198354566751338280e+04
5.86265 4.198163641145212750e+04
5.86553 4.197876604691167449e+04
5.86784 4.197606226341650472e+04
5.87014 4.197298724878710345e+04
5.87303 4.196862273533381813e+04
5.87534 4.196472948517437180e+04
5.87765 4.196050891188519745e+04
5.88054 4.195481673700362444e+04
5.88285 4.194997954092961299e+04
5.88516 4.194493703940996056e+04
5.88805 4.193841485745587124e+04
5.89036 4.193308497444917157e+04
5.89268 4.192769978183178318e+04
5.89557 4.192095757528215472e+04
5.89788 4.191560657580353291e+04
5.9002 4.191034565014558029e+04
5.90251 4.190521126143423317e+04
5.90541 4.189903916462083725e+04
5.90773 4.189433828544756398e+04
5.91005 4.188988104846501665e+04
5.91296 4.188469716821923794e+04
5.91528 4.188088220751473273e+04
5.91761 4.187737675343663432e+04
5.92052 4.187343767638407735e+04
5.92284 4.187064438267925289e+04
5.92517 4.186816394535555446e+04
5.9275 4.186598926557740924e+04
5.93041 4.186368558663724252e+04
5.93275 4.186215509348252817e+04
5.93509 4.186088743238059396e+04
5.938 4.185964420983148739e+04
5.94033 4.185889283425643953e+04
5.94266 4.185833361710071040e+04
5.94556 4.185786210715088237e+04
5.94789 4.185762671162094921e+04
5.95021 4.185748107171629817e+04
5.95252 4.185739247383068141e+04
5.95542 4.185731596676883782e+04
5.95774 4.185724747778166056e+04
5.96005 4.185714293308985361e+04
5.96294 4.185692015533505764e+04
5.96525 4.185663424761232454e+04
5.96756 4.185622177300059411e+04
5.97045 4.185548420354568952e+04
5.97277 4.185465974455684773e+04
5.97508 4.185358672006283450e+04
5.97796 4.185187045347880485e+04
5.98027 4.185018956562202948e+04
5.98258 4.184823426619759266e+04
5.98547 4.184540926231245248e+04
5.98778 4.184285065892400598e+04
5.99009 4.184003462582200882e+04
5.99298 4.183616965797640296e+04
5.99529 4.183282431151606579e+04
5.9976 4.182927940847300488e+04
6.00049 4.182460715802467894e+04
6.0028 4.182071433382928808e+04
6.00511 4.181672384572059673e+04
6.008 4.181165403366235114e+04
6.01032 4.180758595343482739e+04
6.01263 4.180354797717803740e+04
6.01553 4.179860555745212332e+04
6.01785 4.179477820671625523e+04
6.02017 4.179109750225722382e+04
6.02306 4.178674517770398961e+04
6.02538 4.178348646491508407e+04
6.0277 4.178044236690033722e+04
6.03002 4.177762081288969785e+04
6.03292 4.177441276978165115e+04
6.03524 4.177209801022722968e+04
6.03756 4.176999614045953786e+04
6.04046 4.176764544462858612e+04
6.04279 4.176596295606892818e+04
6.04511 4.176443546615257219e+04
6.04802 4.176271000631681090e+04
6.05034 4.176145334805915627e+04
6.05267 4.176028591788689664e+04
6.055 4.175919172244291258e+04
6.05791 4.175790865382774064e+04
6.06025 4.175693852681126737e+04
6.06258 4.175601535975765000e+04
6.0655 4.175492737662133732e+04
6.06783 4.175411721986040357e+04
6.07016 4.175336716600503860e+04
6.07307 4.175251205366465001e+04
6.0754 4.175189434287502809e+04
6.07772 4.175134370030461287e+04
6.08005 4.175086393751329160e+04
6.08295 4.175036789095333370e+04
6.08527 4.175005336907975288e+04
6.08759 4.174980907811648649e+04
6.09049 4.174959371651337278e+04
6.09281 4.174948298086125578e+04
6.09512 4.174941501663081726e+04
6.09802 4.174936975244475616e+04
6.10034 4.174934670371997345e+04
6.10265 4.174931579386919475e+04
6.10554 4.174923939171829261e+04
6.10786 4.174912784576346166e+04
6.11017 4.174895443799598434e+04
6.11306 4.174862872102755500e+04
6.11538 4.174826463946191507e+04
6.11769 4.174779528718528309e+04
6.12 4.174721049546795984e+04
6.12289 4.174630567768999026e+04
6.12521 4.174543721093016939e+04
6.12752 4.174443899879597302e+04
6.13041 4.174301643265208259e+04
6.13272 4.174177997075498570e+04
6.13504 4.174046786226315453e+04
6.13793 4.173872429870533233e+04
6.14025 4.173725295177545922e+04
6.14256 4.173571866337920801e+04
6.14546 4.173372507683314325e+04
6.14777 4.173209619199282315e+04
6.15009 4.173046643370560196e+04
6.15299 4.172847155264026514e+04
6.1553 4.172694660328711325e+04
6.15762 4.172551320520566514e+04
6.16052 4.172388509232982324e+04
6.16284 4.172273478442581836e+04
6.16517 4.172173123447941180e+04
6.16807 4.172068200974869978e+04
6.17039 4.171999661162587290e+04
6.17271 4.171943378115951054e+04
6.17503 4.171897880168679694e+04
6.17793 4.171853637415294361e+04
6.18025 4.171826184472176828e+04
6.18257 4.171803719761117100e+04
6.18547 4.171779610345193942e+04
6.18778 4.171761088304244913e+04
6.1901 4.171741190765699866e+04
6.19299 4.171711761517045670e+04
6.19531 4.171682677531564696e+04
6.19763 4.171647181330678723e+04
6.20052 4.171591970957323065e+04
6.20283 4.171537870804380509e+04
6.20515 4.171474036666660686e+04
6.20804 4.171379580696816265e+04
6.21035 4.171291773064989684e+04
6.21267 4.171192815480455465e+04
6.21556 4.171053505247677094e+04
6.21787 4.170929926883173175e+04
6.22018 4.170796530274744146e+04
6.22308 4.170619584317127737e+04
6.22539 4.170469562862267776e+04
6.2277 4.170312133526121761e+04
6.23001 4.170149268368212506e+04
6.2329 4.169943867789291107e+04
6.23522 4.169787212957716110e+04
6.23753 4.169645426581958600e+04
6.24042 4.169495991374222649e+04
6.24273 4.169402431069732120e+04
6.24504 4.169334149291126232e+04
6.24793 4.169294012787979591e+04
6.25025 4.169301109871688823e+04
6.25256 4.169341947713916306e+04
6.25545 4.169440077810912044e+04
6.25776 4.169556495523670310e+04
6.26008 4.169706449703188991e+04
6.26297 4.169938024419071735e+04
6.26528 4.170149505160321860e+04
6.2676 4.170381238532540738e+04
6.27049 4.170696529045002535e+04
6.27281 4.170965974078388535e+04
6.27512 4.171249050162846106e+04
6.27801 4.171616998123087978e+04
6.28033 4.171917302681315778e+04
6.28264 4.172217213353513216e+04
6.28554 4.172583250163366756e+04
6.28786 4.172861861423360097e+04
6.29017 4.173120746518874512e+04
6.29307 4.173399007480235014e+04
6.29539 4.173578377109218127e+04
6.29771 4.173721579536279751e+04
6.30002 4.173830759818606020e+04
6.30292 4.173922982048630365e+04
6.30524 4.173960951799141185e+04
6.30756 4.173965845278579945e+04
6.31045 4.173925818200487993e+04
6.31277 4.173858988432672049e+04
6.31509 4.173764356515739200e+04
6.31799 4.173612998046625580e+04
6.3203 4.173469367240183055e+04
6.32262 4.173309520697499829e+04
6.32552 4.173099605692407204e+04
6.32784 4.172933475107362756e+04
6.33016 4.172777848293085844e+04
6.33305 4.172608354898761900e+04
6.33537 4.172498344881770026e+04
6.33769 4.172413795041837147e+04
6.34001 4.172355519294308760e+04
6.34291 4.172318767799156922e+04
6.34523 4.172316298751133581e+04
6.34755 4.172333726989563002e+04
6.35045 4.172377320712885557e+04
6.35277 4.172425693818250875e+04
6.35509 4.172481904832751752e+04
6.35799 4.172556764596720313e+04
6.36032 4.172615011354478338e+04
6.36264 4.172667160478091682e+04
6.36555 4.172718330282485113e+04
6.36787 4.172744524170725344e+04
6.3702 4.172754871755799104e+04
6.37252 4.172747049717690243e+04
6.37543 4.172708481359009602e+04
6.37775 4.172652394321580505e+04
6.38007 4.172572314402826305e+04
6.38298 4.172437102336239332e+04
6.3853 4.172300520489640621e+04
6.38762 4.172139097409439273e+04
6.39052 4.171904488707087876e+04
6.39284 4.171693066875822842e+04
6.39516 4.171463892394169670e+04
6.39806 4.171158200914289773e+04
6.40038 4.170903626881768287e+04
6.4027 4.170645193609700073e+04
6.40501 4.170387460550318065e+04
6.40791 4.170074564052444475e+04
6.41023 4.169843403343707905e+04
6.41254 4.169634279438039812e+04
6.41544 4.169405808168290241e+04
6.41775 4.169248181346653291e+04
6.42007 4.169116820721772092e+04
6.42296 4.168998592985835421e+04
6.42528 4.168944239437976648e+04
6.42759 4.168927405726048892e+04
6.43048 4.168959372499120946e+04
6.4328 4.169027274161267997e+04
6.43511 4.169131781234207301e+04
6.438 4.169309535204038548e+04
6.44032 4.169486905578280130e+04
6.44263 4.169693607138737570e+04
6.44552 4.169989345416353171e+04
6.44784 4.170252158098051586e+04
6.45015 4.170534701342259359e+04
6.45304 4.170910483961214049e+04
6.45536 4.171225894024898298e+04
6.45767 4.171552797254714096e+04
6.46056 4.171969040511806088e+04
6.46288 4.172301894996956980e+04
6.46519 4.172629530600732687e+04
6.46751 4.172947103718778089e+04
6.4704 4.173320717728695308e+04
6.47272 4.173594498251887126e+04
6.47503 4.173845207581565774e+04
6.47793 4.174125837749316270e+04
6.48024 4.174323170802498498e+04
6.48256 4.174495950051234831e+04
6.48546 4.174677316389008774e+04
6.48777 4.174794835346932814e+04
6.49009 4.174888140892867523e+04
6.49299 4.174971902086337650e+04
6.49531 4.175013657757938927e+04
6.49763 4.175034086094136001e+04
6.50053 4.175031582759153389e+04
6.50285 4.175008845694909542e+04
6.50518 4.174969269598108804e+04
6.5075 4.174914491717662168e+04
6.51041 4.174827609601757285e+04
6.51273 4.174745697573040525e+04
6.51506 4.174654519972496200e+04
6.51796 4.174528794456993637e+04
6.52029 4.174419847959768958e+04
6.52261 4.174304909640888945e+04
6.52552 4.174155904151153663e+04
6.52784 4.174037276337447838e+04
6.53016 4.173922117348108441e+04
6.53307 4.173784679188203154e+04
6.53539 4.173681433608940279e+04
6.53772 4.173585524922679178e+04
6.54004 4.173498260694754572e+04
6.54294 4.173403685807930742e+04
6.54527 4.173341114161711448e+04
6.54759 4.173289589996160066e+04
6.5505 4.173241508936925675e+04
6.55282 4.173216562002463615e+04
6.55515 4.173204880875171511e+04
6.55805 4.173209954083279445e+04
6.56038 4.173230116629895929e+04
6.5627 4.173264531250328582e+04
6.56502 4.173312922908536711e+04
6.56792 4.173392540502050542e+04
6.57024 4.173470908164164575e+04
6.57256 4.173561608581424662e+04
6.57546 4.173690930150428903e+04
6.57778 4.173805980610202823e+04
6.5801 4.173930158309160470e+04
6.583 4.174096509552831412e+04
6.58531 4.174237186169273627e+04
6.58763 4.174383367846024339e+04
6.59053 4.174572093178263458e+04
6.59284 4.174726289395304048e+04
6.59516 4.174881957568401413e+04
6.59805 4.175076491964914749e+04
6.60037 4.175230378052949527e+04
6.60268 4.175381197160210286e+04
6.60558 4.175563277300447953e+04
6.60789 4.175702153271753923e+04
6.61021 4.175833612937023281e+04
6.61252 4.175956459484539664e+04
6.61541 4.176096230072154140e+04
6.61773 4.176195750988860527e+04
6.62005 4.176283263258752413e+04
6.62294 4.176372691211292113e+04
6.62526 4.176423115397616493e+04
6.62757 4.176454209628549143e+04
6.63047 4.176465987487291568e+04
6.63279 4.176453696032643347e+04
6.63511 4.176422142996665207e+04
6.638 4.176359390459134738e+04
6.64032 4.176291412154619320e+04
6.64264 4.176207317883178621e+04
6.64554 4.176079162367657409e+04
6.64787 4.175958405849061091e+04
6.65019 4.175821834160636354e+04
6.65251 4.175670244335527968e+04
6.65542 4.175461204709533195e+04
6.65774 4.175280591226521938e+04
6.66007 4.175090356551150035e+04
6.66298 4.174840533747138397e+04
6.66531 4.174632073875475180e+04
6.66763 4.174417233412704081e+04
6.67054 4.174140292811801919e+04
6.67287 4.173912607556705188e+04
6.67519 4.173680821417261905e+04
6.67751 4.173447572307985683e+04
6.68041 4.173160089840182627e+04
6.68273 4.172938411937005731e+04
6.68505 4.172726821970808669e+04
6.68795 4.172481992791910307e+04
6.69027 4.172306645161187771e+04
6.69258 4.172151941017685749e+04
6.69548 4.171982852428211481e+04
6.69779 4.171866271637738100e+04
6.70011 4.171767892229824793e+04
6.703 4.171671648185877712e+04
6.70531 4.171616902187396772e+04
6.70762 4.171582592602998193e+04
6.71051 4.171569004255089385e+04
6.71283 4.171581800215722615e+04
6.71514 4.171615663705842599e+04
6.71803 4.171687460520491004e+04
6.72034 4.171768158120924636e+04
6.72265 4.171869107417637861e+04
6.72554 4.172023020016157534e+04
6.72785 4.172167602822548361e+04
6.73016 4.172330519923913380e+04
6.73305 4.172558812286627654e+04
6.73537 4.172760126689179742e+04
6.73768 4.172977301576000173e+04
6.74057 4.173270126242837432e+04
6.74288 4.173519600733172410e+04
6.7452 4.173780988878303469e+04
6.74751 4.174053018463739863e+04
6.75041 4.174405897210786497e+04
6.75272 4.174695586061454378e+04
6.75504 4.174987499381979433e+04
6.75794 4.175352785082720220e+04
6.76025 4.175643758520174015e+04
6.76257 4.175931889011168096e+04
6.76547 4.176283452175713319e+04
6.76779 4.176555032013526215e+04
6.77011 4.176816792771387554e+04
6.77301 4.177129240204428061e+04
6.77533 4.177366493488212291e+04
6.77765 4.177590976791750290e+04
6.78055 4.177850963005269296e+04
6.78287 4.178040283469488350e+04
6.78519 4.178210468023891008e+04
6.78751 4.178358730876655318e+04
6.79042 4.178510099855599401e+04
6.79274 4.178601992181639071e+04
6.79506 4.178666631519476505e+04
6.79797 4.178707798064550298e+04
6.80029 4.178708528738839959e+04
6.80261 4.178679336343983596e+04
6.80551 4.178599836568499450e+04
6.80783 4.178500892186987767e+04
6.81015 4.178371877038237290e+04
6.81305 4.178171121830779884e+04
6.81536 4.177981469473797915e+04
6.81768 4.177766776051906345e+04
6.82057 4.177467226665999624e+04
6.82289 4.177206144044967368e+04
6.8252 4.176928377240896953e+04
6.82752 4.176635736275544332e+04
6.83041 4.176251994465354073e+04
6.83272 4.175932947521675669e+04
6.83503 4.175605456806882285e+04
6.83792 4.175187886977241578e+04
6.84024 4.174850173225890467e+04
6.84255 4.174510684161310928e+04
6.84544 4.174087394163457793e+04
6.84775 4.173752133531904838e+04
6.85007 4.173421918762491259e+04
6.85296 4.173017913578676962e+04
6.85527 4.172703381490023457e+04
6.85759 4.172398195915397082e+04
6.86048 4.172031971673048974e+04
6.8628 4.171753088518577715e+04
6.86511 4.171488190151211893e+04
6.86801 4.171178988195626152e+04
6.87033 4.170952318437207578e+04
6.87265 4.170744448910134088e+04
6.87554 4.170508336771729955e+04
6.87787 4.170337404491355119e+04
6.88019 4.170183535795502394e+04
6.88251 4.170045379703103390e+04
6.88542 4.169892898158572643e+04
6.88774 4.169785208947677165e+04
6.89006 4.169689121748034813e+04
6.89296 4.169584673255503003e+04
6.89528 4.169513456776380190e+04
6.8976 4.169452975213517493e+04
6.90049 4.169392644644947723e+04
6.90281 4.169356732311618543e+04
6.90512 4.169331655639161181e+04
6.90802 4.169313685863590217e+04
6.91033 4.169310896140064870e+04
6.91264 4.169319438420803635e+04
6.91553 4.169347244040407531e+04
6.91784 4.169383836309553590e+04
6.92016 4.169433430886011774e+04
6.92304 4.169513545014002011e+04
6.92535 4.169591676488915982e+04
6.92767 4.169681450681687420e+04
6.93055 4.169808575902062876e+04
6.93286 4.169920936366276146e+04
6.93517 4.170041254356269201e+04
6.93806 4.170198838106201583e+04
6.94037 4.170329577477505518e+04
6.94268 4.170463760909332632e+04
6.94557 4.170635411808112985e+04
6.94788 4.170775071089956327e+04
6.9502 4.170916278038208839e+04
6.95251 4.171057522794310353e+04
6.9554 4.171231967391562648e+04
6.95771 4.171367854149799678e+04
6.96003 4.171499882869925932e+04
6.96292 4.171659042285769829e+04
6.96524 4.171780732673917373e+04
6.96755 4.171896340174802754e+04
6.97045 4.172030636885214335e+04
6.97277 4.172128463508929417e+04
6.97508 4.172216351046181808e+04
6.97798 4.172311424122769677e+04
6.9803 4.172374801472656691e+04
6.98261 4.172422030346647080e+04
6.98551 4.172452896563705144e+04
6.98783 4.172452297093790548e+04
6.99014 4.172426768064295902e+04
6.99304 4.172356856187319499e+04
6.99536 4.172268860114331619e+04
6.99768 4.172151429234774696e+04
7 4.172004316553381796e+04
7.0029 4.171778885311353952e+04
7.00523 4.171565819811595429e+04
7.00755 4.171324481007588474e+04
7.01046 4.170983988293552102e+04
7.01278 4.170681697360617545e+04
7.0151 4.170354098829018767e+04
7.018 4.169909999636044813e+04
7.02032 4.169528198018760304e+04
7.02264 4.169123862829064456e+04
7.02554 4.168588048492414237e+04
7.02785 4.168136695816326392e+04
7.03017 4.167666188111277734e+04
7.03306 4.167053545111756102e+04
7.03538 4.166545473885527463e+04
7.03769 4.166023161391388567e+04
7.04 4.165488096024641709e+04
7.04289 4.164803686757225660e+04
7.04521 4.164246056381239032e+04
7.04752 4.163681434463049663e+04
7.05041 4.162968968804008910e+04
7.05272 4.162396021126106643e+04
7.05503 4.161822580062957422e+04
7.05792 4.161108313846482633e+04
7.06023 4.160541680760366580e+04
7.06255 4.159981939250662981e+04
7.06544 4.159296251475150348e+04
7.06775 4.158761669489027554e+04
7.07006 4.158242611573588511e+04
7.07296 4.157620493090011587e+04
7.07527 4.157145444452119409e+04
7.07759 4.156690632707627083e+04
7.08048 4.156152082888611039e+04
7.0828 4.155746947916912177e+04
7.08512 4.155363246436463669e+04
7.08801 4.154913577962801355e+04
7.09034 4.154577219858590252e+04
7.09266 4.154261293973691500e+04
7.09556 4.153894674654760456e+04
7.09788 4.153623802460810839e+04
7.10021 4.153372895741435786e+04
7.10253 4.153141495890881197e+04
7.10544 4.152880084298858856e+04
7.10777 4.152693312297897501e+04
7.1101 4.152526313143053267e+04
7.113 4.152345211493391253e+04
7.11533 4.152222228070154961e+04
7.11765 4.152118378616605332e+04
7.12056 4.152014945178214839e+04
7.12288 4.151952666191593744e+04
7.1252 4.151907930484809913e+04
7.12753 4.151879992692840460e+04
7.13043 4.151867295629932050e+04
7.13275 4.151873632653753157e+04
7.13508 4.151893381949948525e+04
7.13798 4.151934981689485721e+04
7.1403 4.151980121641343430e+04
7.14262 4.152034107127948664e+04
7.14552 4.152111540977370896e+04
7.14784 4.152179294378550549e+04
7.15015 4.152250252113111492e+04
7.15305 4.152340953063724737e+04
7.15537 4.152411472954601049e+04
7.15768 4.152477480591040512e+04
7.16058 4.152551752092627430e+04
7.16289 4.152603262145088229e+04
7.16521 4.152645724778204021e+04
7.16752 4.152677314121030213e+04
7.17041 4.152701008635719336e+04
7.17273 4.152707229823723173e+04
7.17504 4.152701550556443544e+04
7.17793 4.152676964442378812e+04
7.18025 4.152642951973233721e+04
7.18256 4.152596021246362216e+04
7.18546 4.152519046437374345e+04
7.18778 4.152442738958373957e+04
7.19009 4.152353250158221636e+04
7.19299 4.152222870343198156e+04
7.19531 4.152103667686222616e+04
7.19763 4.151971323023382138e+04
7.20053 4.151787359925903729e+04
7.20285 4.151625430630534538e+04
7.20517 4.151450439390269457e+04
7.20808 4.151213289952715422e+04
7.2104 4.151009105766751600e+04
7.21273 4.150791881006227050e+04
7.21506 4.150562004938135942e+04
7.21796 4.150257305399191682e+04
7.22029 4.149999762109442236e+04
7.22261 4.149730066919211822e+04
7.22551 4.149376277227879473e+04
7.22783 4.149079756125895801e+04
7.23015 4.148771744190916070e+04
7.23305 4.148370269427145104e+04
7.23536 4.148036353623922332e+04
7.23768 4.147691182509704231e+04
7.24057 4.147244239406690031e+04
7.24289 4.146874681192186836e+04
7.2452 4.146494634982424759e+04
7.24751 4.146104698505769193e+04
7.2504 4.145603704472600657e+04
7.25272 4.145192769885972666e+04
7.25503 4.144773358411721711e+04
7.25792 4.144238091559278109e+04
7.26023 4.143801895078737289e+04
7.26254 4.143359309541810217e+04
7.26543 4.142798204589860688e+04
7.26774 4.142343924446749588e+04
7.27005 4.141885602082365222e+04
7.27294 4.141308222429470334e+04
7.27525 4.140843582125434477e+04
7.27757 4.140377291917383263e+04
7.28046 4.139793248522740760e+04
7.28277 4.139325756947370246e+04
7.28508 4.138858937419066206e+04
7.28798 4.138276998009341332e+04
7.29029 4.137813663389864814e+04
7.29261 4.137352792674848752e+04
7.29551 4.136781063994306896e+04
7.29782 4.136327913276384788e+04
7.30014 4.135878843886499817e+04
7.30304 4.135324511748334771e+04
7.30536 4.134887224294342741e+04
7.30768 4.134455979449298320e+04
7.31 4.134031330070469267e+04
7.3129 4.133510816944548424e+04
7.31522 4.133103647827990062e+04
7.31754 4.132705603565009369e+04
7.32044 4.132223343231959734e+04
7.32276 4.131850638990322477e+04
7.32509 4.131491347539864364e+04
7.32799 4.131061696055220091e+04
7.33031 4.130733267786806391e+04
7.33263 4.130418797817388986e+04
7.33554 4.130045904314185464e+04
7.33786 4.129763928449231025e+04
7.34017 4.129496904448797432e+04
7.34307 4.129183659170664032e+04
7.34539 4.128949538727148320e+04
7.34771 4.128729820925135573e+04
7.35002 4.128524249691127625e+04
7.35292 4.128286782904046413e+04
7.35523 4.128111968383653584e+04
7.35754 4.127950354612685624e+04
7.36044 4.127766174939266057e+04
7.36275 4.127632540658523794e+04
7.36506 4.127510441529225500e+04
7.36795 4.127372941946949140e+04
7.37027 4.127274104110956250e+04
7.37258 4.127184359040354320e+04
7.37547 4.127083699251385406e+04
7.37779 4.127011246007016598e+04
7.3801 4.126944857700952707e+04
7.38299 4.126868813831220177e+04
7.38531 4.126812206022621103e+04
7.38762 4.126758156499220058e+04
7.39051 4.126692406369069067e+04
7.39283 4.126639171425385575e+04
7.39515 4.126583361900755699e+04
7.39805 4.126508221642453282e+04
7.40036 4.126442564385499281e+04
7.40268 4.126370840670492908e+04
7.40501 4.126292390842032182e+04
7.40791 4.126183734420644032e+04
7.41023 4.126087466833554936e+04
7.41256 4.125982444598960865e+04
7.41546 4.125838446767155256e+04
7.41778 4.125712945163418044e+04
7.4201 4.125578508014090767e+04
7.423 4.125398051366283471e+04
7.42532 4.125243900059563020e+04
7.42764 4.125081423369208642e+04
7.43054 4.124866919847652753e+04
7.43285 4.124686840795438184e+04
7.43517 4.124499547716509551e+04
7.43806 4.124256124240630743e+04
7.44037 4.124054519553101272e+04
7.44268 4.123847329999623616e+04
7.44557 4.123581318509283301e+04
7.44788 4.123363383721047285e+04
7.45019 4.123141473080823198e+04
7.4525 4.122915940792151378e+04
7.45539 4.122629596504545771e+04
7.4577 4.122397450623253098e+04
7.46001 4.122162967079978262e+04
7.4629 4.121867123515579442e+04
7.46521 4.121628686587979610e+04
7.46752 4.121389013304856780e+04
7.47041 4.121088281098080915e+04
7.47272 4.120847148689551250e+04
7.47503 4.120605958274306613e+04
7.47792 4.120304912415906438e+04
7.48023 4.120064854219475819e+04
7.48255 4.119825958850206371e+04
7.48544 4.119529326627492264e+04
7.48775 4.119294211681246088e+04
7.49007 4.119061259750626050e+04
7.49297 4.118773721602329897e+04
7.49528 4.118546934196574875e+04
7.4976 4.118323235764037236e+04
7.5005 4.118048167668771202e+04
7.50281 4.117831750802764145e+04
7.50513 4.117618494624680170e+04
7.50803 4.117355941186345444e+04
7.51035 4.117148728977395513e+04
7.51267 4.116943455323563830e+04
7.51557 4.116688633011133788e+04
7.51789 4.116485287307007820e+04
7.52021 4.116281373746168538e+04
7.52253 4.116076068104644219e+04
7.52543 4.115815742881326878e+04
7.52776 4.115603407151586725e+04
7.53008 4.115386320288587012e+04
7.53299 4.115106848568568967e+04
7.53532 4.114875917723484599e+04
7.53764 4.114637883480516757e+04
7.54054 4.114329150274806307e+04
7.54286 4.114073116456084972e+04
7.54518 4.113808586247080530e+04
7.54808 4.113466286877318635e+04
7.55039 4.113183409884625144e+04
7.55271 4.112892946105908050e+04
7.55502 4.112595648007038108e+04
7.55792 4.112215333703301440e+04
7.56023 4.111905397203137545e+04
7.56254 4.111591292361454543e+04
7.56543 4.111194436176696763e+04
7.56775 4.110874787224803003e+04
7.57006 4.110554249831757625e+04
7.57295 4.110153745043813251e+04
7.57526 4.109834413511383173e+04
7.57757 4.109516759256969090e+04
7.58046 4.109122837881813757e+04
7.58278 4.108810589367252396e+04
7.58509 4.108501115652146837e+04
7.58798 4.108118107067567325e+04
7.59029 4.107814519154428126e+04
7.59261 4.107513142307061207e+04
7.5955 4.107138591232153703e+04
7.59781 4.106840190992581483e+04
7.60013 4.106542036840882065e+04
7.60303 4.106168888152716681e+04
7.60534 4.105869140155636705e+04
7.60766 4.105567645881576027e+04
7.61056 4.105187680826982978e+04
7.61289 4.104880522992946499e+04
7.61521 4.104570505201746710e+04
7.61753 4.104257168192040263e+04
7.62044 4.103861174190732709e+04
7.62276 4.103541213657481421e+04
7.62509 4.103218764469774032e+04
7.628 4.102812922335146868e+04
7.63032 4.102486768221287639e+04
7.63264 4.102159878466588998e+04
7.63555 4.101751356421427045e+04
7.63787 4.101425464399628254e+04
7.6402 4.101101197286707611e+04
7.64252 4.100779313225296210e+04
7.64543 4.100381446684097318e+04
7.64775 4.100067636426601530e+04
7.65008 4.099758768228816916e+04
7.65298 4.099381794263753545e+04
7.6553 4.099088701087298978e+04
7.65762 4.098803729644539271e+04
7.66052 4.098459416909221181e+04
7.66284 4.098193742191433557e+04
7.66515 4.097937105547505053e+04
7.66805 4.097629021561541595e+04
7.67037 4.097392974910582416e+04
7.67268 4.097166112686915585e+04
7.67558 4.096895508946300833e+04
7.67789 4.096689343513399945e+04
7.68021 4.096492250358321326e+04
7.68252 4.096304125140387623e+04
7.68542 4.096081292207421939e+04
7.68773 4.095912587703431200e+04
7.69005 4.095752057075571793e+04
7.69294 4.095562254344197572e+04
7.69526 4.095418572163538192e+04
7.69757 4.095281570344067586e+04
7.70047 4.095118726404313929e+04
7.70278 4.094994357497426245e+04
7.7051 4.094874274435797270e+04
7.708 4.094728951921156113e+04
7.71032 4.094615240654662193e+04
7.71264 4.094502690628749406e+04
7.71554 4.094361892007694405e+04
7.71787 4.094247759468389268e+04
7.72019 4.094131147450224671e+04
7.72252 4.094010855311680643e+04
7.72543 4.093854362029283948e+04
7.72775 4.093723047605936881e+04
7.73008 4.093585278447731980e+04
7.73299 4.093402847744669270e+04
7.73531 4.093247927465467365e+04
7.73763 4.093084264391904435e+04
7.74053 4.092867013014783151e+04
7.74285 4.092682453467390587e+04
7.74517 4.092488298210210633e+04
7.74806 4.092231876888973056e+04
7.75038 4.092015885145278298e+04
7.75269 4.091790460585891560e+04
7.75501 4.091555778451518563e+04
7.7579 4.091250186677801685e+04
7.76021 4.090996284009457304e+04
7.76252 4.090734633518067858e+04
7.76541 4.090397403580106038e+04
7.76773 4.090120181776191021e+04
7.77004 4.089836983138187497e+04
7.77292 4.089475414562741207e+04
7.77524 4.089180810234506498e+04
7.77755 4.088882035069206177e+04
7.78044 4.088503446744250687e+04
7.78275 4.088197102132016153e+04
7.78506 4.087888104826034396e+04
7.78795 4.087498750025135814e+04
7.79026 4.087185230399377178e+04
7.79257 4.086870145177406812e+04
7.79547 4.086474697492171254e+04
7.79778 4.086157094938924274e+04
7.8001 4.085838823691308062e+04
7.80299 4.085440046914485720e+04
7.80531 4.085120498665301420e+04
7.80763 4.084800620371867262e+04
7.81053 4.084400220760393131e+04
7.81285 4.084079804065833741e+04
7.81517 4.083759297560533014e+04
7.81807 4.083358652526920923e+04
7.82039 4.083038049008192320e+04
7.82271 4.082717419593983504e+04
7.82504 4.082396732283974416e+04
7.82794 4.081995633894157800e+04
7.83026 4.081674662325192185e+04
7.83259 4.081353528460201051e+04
7.83549 4.080951805248591700e+04
7.83781 4.080630410185135406e+04
7.84013 4.080308715196996491e+04
7.84303 4.079906038865776645e+04
7.84535 4.079583385504950274e+04
7.84767 4.079259956477512605e+04
7.85056 4.078854754281851638e+04
7.85287 4.078529447140145930e+04
7.85519 4.078203165814074600e+04
7.8575 4.077875731700902543e+04
7.8604 4.077464718273120525e+04
7.86271 4.077134515100931458e+04
7.86502 4.076803006321041175e+04
7.86791 4.076386874110238568e+04
7.87023 4.076052601407737529e+04
7.87254 4.075717174919150420e+04
7.87543 4.075296466181861615e+04
7.87774 4.074958866270696308e+04
7.88006 4.074620494798423897e+04
7.88295 4.074196703908522613e+04
7.88527 4.073857066104849218e+04
7.88758 4.073517172429923085e+04
7.89048 4.073091835947556683e+04
7.89279 4.072751447270586505e+04
7.89511 4.072410865532152093e+04
7.89801 4.071984867052450136e+04
7.90033 4.071643828382351785e+04
7.90265 4.071302204874134623e+04
7.90556 4.070874469208607479e+04
7.90788 4.070531014464573673e+04
7.91021 4.070186357623290678e+04
7.91253 4.069840352872937365e+04
7.91543 4.069405153771954792e+04
7.91775 4.069053996656288655e+04
7.92007 4.068699776639594347e+04
7.92297 4.068251183694532665e+04
7.92528 4.067887244967713195e+04
7.9276 4.067517691651463247e+04
7.93049 4.067047062947852100e+04
7.9328 4.066662738950519270e+04
7.93511 4.066270726551203552e+04
7.938 4.065769189307511988e+04
7.94032 4.065357934669545648e+04
7.94263 4.064937496668384847e+04
7.94551 4.064398299617032899e+04
7.94782 4.063955833691509179e+04
7.95013 4.063503350801361375e+04
7.95302 4.062923673073295504e+04
7.95533 4.062448859485430148e+04
7.95764 4.061964507316130039e+04
7.96053 4.061346146736395895e+04
7.96284 4.060841863796455436e+04
7.96515 4.060329580972382246e+04
7.96804 4.059679251856185147e+04
7.97035 4.059151900426392967e+04
7.97266 4.058619189128604194e+04
7.97556 4.057947316528557712e+04
7.97787 4.057405959930729296e+04
7.98019 4.056862549344907166e+04
7.9825 4.056317673811958230e+04
7.9854 4.055636385631792655e+04
7.98772 4.055092374237530748e+04
7.99003 4.054550217637360765e+04
7.99293 4.053876451432049362e+04
7.99525 4.053341352850578551e+04
7.99757 4.052810726715104829e+04
8.00047 4.052154556193686585e+04
8.00279 4.051637065891396924e+04
8.00511 4.051126955277942761e+04
8.00802 4.050500756290621939e+04
8.01034 4.050009544648903830e+04
8.01267 4.049526955196668132e+04
8.01557 4.048936701918482140e+04
8.0179 4.048475165738874784e+04
8.02022 4.048022714040915889e+04
8.02254 4.047579436190698470e+04
8.02545 4.047037488231859606e+04
8.02777 4.046612687191557052e+04
8.03008 4.046195146125680185e+04
8.03298 4.045681852327330125e+04
8.0353 4.045277814608287736e+04
8.03761 4.044878472461012279e+04
8.0405 4.044384870832941670e+04
8.04282 4.043993269978622993e+04
8.04513 4.043603439304291533e+04
8.04802 4.043116824746980274e+04
8.05033 4.042726391314994544e+04
8.05264 4.042333784354857926e+04
8.05553 4.041838044361039647e+04
8.05785 4.041436070677335374e+04
8.06016 4.041028150138793717e+04
8.06305 4.040508350277253339e+04
8.06536 4.040083521363923501e+04
8.06767 4.039649977097239753e+04
8.07056 4.039094644191201951e+04
8.07288 4.038639395589412015e+04
8.07519 4.038173957931277255e+04
8.07751 4.037698616309226782e+04
8.0804 4.037090435650028667e+04
8.08272 4.036592868142409134e+04
8.08504 4.036086511700585834e+04
8.08794 4.035440845837595407e+04
8.09026 4.034915331615239847e+04
8.09258 4.034381816425259603e+04
8.09549 4.033705090671063226e+04
8.09781 4.033156411737564486e+04
8.10014 4.032601779522753350e+04
8.10305 4.031901362243920448e+04
8.10537 4.031336013669265958e+04
8.1077 4.030766322796932945e+04
8.11002 4.030192620116351463e+04
8.11293 4.029469839920868981e+04
8.11525 4.028886997644537769e+04
8.11758 4.028299853470044036e+04
8.12048 4.027559381987198140e+04
8.12281 4.026961263866008085e+04
8.12513 4.026357503019888827e+04
8.12803 4.025594840558439319e+04
8.13036 4.024977175088656804e+04
8.13268 4.024352412239310797e+04
8.13557 4.023560692947480857e+04
8.13789 4.022918008573224506e+04
8.14021 4.022267024674139248e+04
8.14253 4.021607194801363221e+04
8.14542 4.020770332189671171e+04
8.14774 4.020091157468906022e+04
8.15005 4.019403747101991758e+04
8.15295 4.018533605042996351e+04
8.15526 4.017829429017634538e+04
8.15758 4.017118880228519265e+04
8.16047 4.016222960762899311e+04
8.16279 4.015500970585919276e+04
8.1651 4.014775481707307335e+04
8.168 4.013864944342033414e+04
8.17031 4.013134865228108538e+04
8.17263 4.012404402176466829e+04
8.17553 4.011491996736550209e+04
8.17785 4.010764209924687748e+04
8.18017 4.010038658366619347e+04
8.18307 4.009137288762558455e+04
8.18539 4.008421094105966040e+04
8.18771 4.007710568864581001e+04
8.19004 4.007006498391310743e+04
8.19295 4.006136077421317168e+04
8.19527 4.005449110101423867e+04
8.1976 4.004771161909887451e+04
8.20051 4.003937189331500849e+04
8.20283 4.003282113954350643e+04
8.20516 4.002637608084909880e+04
8.20806 4.001847090485334047e+04
8.21038 4.001226884853719821e+04
8.2127 4.000616807951037481e+04
8.21501 4.000017181221955252e+04
8.21791 3.999280396782394382e+04
8.22022 3.998700611404156371e+04
8.22254 3.998128067365648894e+04
8.22543 3.997420727038177574e+04
8.22774 3.996859897784345958e+04
8.23006 3.996301642375288793e+04
8.23295 3.995605189313158917e+04
8.23526 3.995046669791098975e+04
8.23757 3.994485056767021888e+04
8.24046 3.993775785469708353e+04
8.24277 3.993200343726162100e+04
8.24508 3.992615913844360330e+04
8.24797 3.991870285026822239e+04
8.25028 3.991259880985529162e+04
8.25259 3.990635853161482373e+04
8.25548 3.989834760290244594e+04
8.25779 3.989176154438725644e+04
8.26011 3.988500880978806526e+04
8.263 3.987632632963576907e+04
8.26532 3.986918394548328070e+04
8.26763 3.986186168218583771e+04
8.27053 3.985246262858276168e+04
8.27285 3.984473944169852621e+04
8.27516 3.983684545190590143e+04
8.27806 3.982673817455430981e+04
8.28039 3.981846898312046687e+04
8.28271 3.981004668776068866e+04
8.28503 3.980147812365747086e+04
8.28793 3.979058015170068393e+04
8.29026 3.978171939752804610e+04
8.29258 3.977274980045918346e+04
8.29549 3.976139855750014249e+04
8.29781 3.975222275166367763e+04
8.30013 3.974298350745481730e+04
8.30304 3.973137558662419178e+04
8.30536 3.972204214409503038e+04
8.30767 3.971269131753436523e+04
8.31057 3.970097629919566680e+04
8.31289 3.969160033808818844e+04
8.3152 3.968222606533803628e+04
8.31752 3.967285974269011786e+04
8.32041 3.966117545951360808e+04
8.32272 3.965184919265488134e+04
8.32504 3.964255003917311114e+04
8.32793 3.963096682037827850e+04
8.33024 3.962173889017295005e+04
8.33255 3.961255011902077968e+04
8.33544 3.960112554102268041e+04
8.33776 3.959204065772882313e+04
8.34007 3.958301070025488298e+04
8.34296 3.957180333747426630e+04
8.34528 3.956291101724970213e+04
8.34759 3.955408451168498868e+04
8.35049 3.954315990097037138e+04
8.35281 3.953451594084296812e+04
8.35512 3.952596125145210681e+04
8.35802 3.951540188987195143e+04
8.36034 3.950706058327547362e+04
8.36266 3.949882401508376643e+04
8.36557 3.948866680127047584e+04
8.36789 3.948066104088867723e+04
8.37022 3.947276532805036550e+04
8.37254 3.946498100695410540e+04
8.37545 3.945541354917515127e+04
8.37777 3.944789974299271853e+04
8.38009 3.944050276618214411e+04
8.38298 3.943143317333850428e+04
8.3853 3.942431340340007591e+04
8.38761 3.941731707901578193e+04
8.39051 3.940874398452370224e+04
8.39282 3.940201953747989319e+04
8.39513 3.939541545790547389e+04
8.39802 3.938731936439551646e+04
8.40033 3.938096924804982700e+04
8.40265 3.937472379350577830e+04
8.40553 3.936705253119637928e+04
8.40784 3.936101040780301264e+04
8.41015 3.935504331468892633e+04
8.41304 3.934767384491662960e+04
8.41535 3.934183513419156225e+04
8.41766 3.933603336368582677e+04
8.42055 3.932881621807112242e+04
8.42286 3.932305540176716750e+04
8.42517 3.931729561726808606e+04
8.42806 3.931008152236107708e+04
8.43037 3.930428686767660838e+04
8.43268 3.929846381026887684e+04
8.43557 3.929112603906408185e+04
8.43789 3.928520150006173935e+04
8.4402 3.927921294235523237e+04
8.44252 3.927315204948174505e+04
8.44542 3.926545688954956859e+04
8.44773 3.925919252339471859e+04
8.45005 3.925282660859501630e+04
8.45295 3.924471635826396960e+04
8.45527 3.923810524949234241e+04
8.45759 3.923138276326865889e+04
8.46049 3.922283049374251277e+04
8.46281 3.921587371068361972e+04
8.46513 3.920882146902562090e+04
8.46804 3.919988567817943840e+04
8.47036 3.919264627636378282e+04
8.47269 3.918534126240898331e+04
8.47501 3.917797288903733715e+04
8.47792 3.916869554788831010e+04
8.48025 3.916124178634460986e+04
8.48257 3.915377258464894840e+04
8.48547 3.914442633310730889e+04
8.4878 3.913696326833859348e+04
8.49012 3.912951871177647263e+04
8.49301 3.912026784194813081e+04
8.49533 3.911292167578591761e+04
8.49765 3.910563989892137033e+04
8.50054 3.909664683358072944e+04
8.50286 3.908955212687882158e+04
8.50517 3.908256017313586199e+04
8.50806 3.907397425887150894e+04
8.51037 3.906724102243660309e+04
8.51269 3.906063205079613545e+04
8.515 3.905415266334779881e+04
8.51789 3.904624910783118685e+04
8.5202 3.904008498784135008e+04
8.52252 3.903406479581070016e+04
8.52541 3.902674632759111410e+04
8.52772 3.902105761275282566e+04
8.53003 3.901551845319637505e+04
8.53292 3.900880091001342953e+04
8.53524 3.900358918173542042e+04
8.53755 3.899851694057264103e+04
8.54045 3.899236149526562804e+04
8.54276 3.898757806074839755e+04
8.54508 3.898290526894196955e+04
8.54798 3.897721009248994960e+04
8.5503 3.897275273351710348e+04
8.55262 3.896837258524999925e+04
8.55552 3.896298656170156755e+04
8.55785 3.895873372682524496e+04
8.56017 3.895452165413543116e+04
8.56308 3.894929178234928258e+04
8.56541 3.894512576449474727e+04
8.56773 3.894096916737189895e+04
8.57006 3.893681280659931508e+04
8.57297 3.893160042595084087e+04
8.57529 3.892740492327391985e+04
8.57762 3.892317967179096013e+04
8.58052 3.891785237200400297e+04
8.58285 3.891355632361824246e+04
8.58518 3.890923561390057876e+04
8.58808 3.890380403150397615e+04
8.5904 3.889944051391871471e+04
8.59273 3.889506360322776891e+04
8.59505 3.889067133077232575e+04
8.59795 3.888516391219460638e+04
8.60027 3.888073732239468518e+04
8.60258 3.887629149340446020e+04
8.60548 3.887069898633939738e+04
8.6078 3.886619211203985469e+04
8.61011 3.886165175477488810e+04
8.61301 3.885592217267681553e+04
8.61532 3.885129177598645038e+04
8.61764 3.884661610533664498e+04
8.62054 3.884070467814198491e+04
8.62285 3.883592054087996075e+04
8.62517 3.883108630498094863e+04
8.62806 3.882497366277341644e+04
8.63038 3.882002930296159320e+04
8.6327 3.881503801931231283e+04
8.63501 3.881000484177207545e+04
8.63791 3.880365278116334957e+04
8.64023 3.879853093737357267e+04
8.64255 3.879338109703493683e+04
8.64546 3.878692114523459895e+04
8.64778 3.878175012466296175e+04
8.6501 3.877658605115601677e+04
8.65301 3.877016478934331826e+04
8.65534 3.876506160686544899e+04
8.65766 3.876000833100494492e+04
8.66057 3.875377950297386269e+04
8.6629 3.874888345239970658e+04
8.66523 3.874408142942919221e+04
8.66756 3.873938835816088249e+04
8.67046 3.873367959908745979e+04
8.67278 3.872925531243372097e+04
8.6751 3.872495876146853698e+04
8.678 3.871978609237931232e+04
8.68032 3.871581833439176262e+04
8.68264 3.871201199608506431e+04
8.68553 3.870749571286328865e+04
8.68785 3.870408086500025092e+04
8.69016 3.870085045186952630e+04
8.69305 3.869707423001391726e+04
8.69537 3.869426809761569893e+04
8.69768 3.869165494159460650e+04
8.70057 3.868866183082530915e+04
8.70288 3.868648594297916134e+04
8.70519 3.868450174183896888e+04
8.7075 3.868270513346778171e+04
8.71039 3.868071258929715987e+04
8.7127 3.867930957465141546e+04
8.71502 3.867806350766689138e+04
8.71791 3.867670437687673257e+04
8.72022 3.867575547681590979e+04
8.72253 3.867490975338002318e+04
8.72542 3.867396656505068677e+04
8.72774 3.867327946252524271e+04
8.73005 3.867263117786005023e+04
8.73295 3.867183854346552107e+04
8.73526 3.867118370798195974e+04
8.73758 3.867051213702789391e+04
8.74048 3.866964648077832680e+04
8.7428 3.866892189233770478e+04
8.74512 3.866815540385968052e+04
8.74802 3.866711558689930098e+04
8.75034 3.866620187727588200e+04
8.75267 3.866520248170354898e+04
8.75557 3.866381880343140074e+04
8.75789 3.866259655062851380e+04
8.76022 3.866126729317487479e+04
8.76254 3.865983000201182585e+04
8.76545 3.865788065768584784e+04
8.76778 3.865620166306452302e+04
8.7701 3.865441995570449217e+04
8.77301 3.865205387007714307e+04
8.77533 3.865005536214198219e+04
8.77766 3.864796971260049759e+04
8.78056 3.864524454383337434e+04
8.78288 3.864297911851975368e+04
8.7852 3.864064148267942073e+04
8.78751 3.863823845999255718e+04
8.79041 3.863515158190672082e+04
8.79273 3.863262429998408334e+04
8.79504 3.863006077582658327e+04
8.79793 3.862680833508595970e+04
8.80024 3.862417411636239558e+04
8.80256 3.862151347457365773e+04
8.80545 3.861816141566080478e+04
8.80776 3.861546928775266861e+04
8.81007 3.861277690616578911e+04
8.81296 3.860942240896742442e+04
8.81527 3.860675759918770927e+04
8.81759 3.860411848464320792e+04
8.82048 3.860088185849873844e+04
8.8228 3.859835417017038708e+04
8.82511 3.859588975549953466e+04
8.82801 3.859290724773222610e+04
8.83033 3.859060544033077895e+04
8.83265 3.858838542766784667e+04
8.83555 3.858572777882419905e+04
8.83787 3.858370883653256169e+04
8.84019 3.858180208060615405e+04
8.84252 3.858002181849757471e+04
8.84542 3.857799929379531386e+04
8.84775 3.857656919625819137e+04
8.85008 3.857530497774881951e+04
8.85298 3.857395763786463067e+04
8.85531 3.857306470770071610e+04
8.85763 3.857233851701155800e+04
8.86053 3.857166623466930469e+04
8.86285 3.857131765249139426e+04
8.86516 3.857113653967587015e+04
8.86806 3.857114147527204477e+04
8.87038 3.857132580624508410e+04
8.87269 3.857166545526594564e+04
8.875 3.857215233801526483e+04
8.87789 3.857294459961095708e+04
8.88021 3.857371392263378220e+04
8.88252 3.857459294747696549e+04
8.88541 3.857583205237293441e+04
8.88772 3.857692665635452431e+04
8.89003 3.857810277346724615e+04
8.89292 3.857965705591494770e+04
8.89523 3.858094583996462461e+04
8.89754 3.858225656862633332e+04
8.90043 3.858390056994376937e+04
8.90274 3.858520020226844645e+04
8.90505 3.858647861003254366e+04
8.90793 3.858803514672803431e+04
8.91025 3.858921771538530447e+04
8.91256 3.859032255028744112e+04
8.91545 3.859157110973668750e+04
8.91776 3.859244884676828224e+04
8.92008 3.859320839724769030e+04
8.92297 3.859398053397639887e+04
8.92528 3.859444922434505133e+04
8.9276 3.859478163859139022e+04
8.9305 3.859500184659998922e+04
8.93282 3.859502140299403254e+04
8.93514 3.859490304515958996e+04
8.93804 3.859456578160334175e+04
8.94036 3.859415013772267412e+04
8.94268 3.859361209244134807e+04
8.94501 3.859295917858844768e+04
8.94791 3.859199699177931325e+04
8.95024 3.859112335972316941e+04
8.95257 3.859017142224183044e+04
8.95548 3.858889304155170976e+04
8.9578 3.858781908381361427e+04
8.96013 3.858673628915418522e+04
8.96304 3.858540465645153017e+04
8.96537 3.858435713138960273e+04
8.96769 3.858333214339601545e+04
8.97001 3.858233675696824503e+04
8.97291 3.858114577918330178e+04
8.97523 3.858024332593294821e+04
8.97755 3.857938792410564201e+04
8.98045 3.857835421484424296e+04
8.98276 3.857756900487381790e+04
8.98508 3.857683754809526727e+04
8.98797 3.857601973469188670e+04
8.99028 3.857545772260418744e+04
8.9926 3.857498890415114147e+04
8.99549 3.857454350719023205e+04
8.9978 3.857430401088625513e+04
9.00012 3.857416930312477780e+04
9.00301 3.857414588074846688e+04
9.00532 3.857423867818420695e+04
9.00763 3.857442493716008175e+04
9.01053 3.857477933671374194e+04
9.01284 3.857515137307273108e+04
9.01515 3.857559401849820279e+04
9.01805 3.857623479089961620e+04
9.02036 3.857680718189274194e+04
9.02268 3.857742506488035724e+04
9.02557 3.857825397623310710e+04
9.02789 3.857895450939111470e+04
9.03021 3.857967986300937628e+04
9.03253 3.858042457539812312e+04
9.03543 3.858137391598768590e+04
9.03775 3.858214430052584066e+04
9.04007 3.858291908398972009e+04
9.04298 3.858388814236321923e+04
9.0453 3.858465885835474182e+04
9.04763 3.858542140078512602e+04
9.05054 3.858635827795971272e+04
9.05287 3.858708990419291513e+04
9.0552 3.858780182805543154e+04
9.05752 3.858849103789013316e+04
9.06043 3.858931546651706594e+04
9.06276 3.858994115934304864e+04
9.06509 3.859053288170380984e+04
9.068 3.859121892282774934e+04
9.07032 3.859171985176824091e+04
9.07265 3.859217347216993949e+04
9.07556 3.859266669768428255e+04
9.07789 3.859299430572315032e+04
9.08021 3.859325391237790609e+04
9.08253 3.859343357615144487e+04
9.08544 3.859354338410431956e+04
9.08776 3.859353856088285829e+04
9.09008 3.859344999516868120e+04
9.09298 3.859321879192697088e+04
9.0953 3.859293504804317490e+04
9.09762 3.859256121294643526e+04
9.10051 3.859196439447058947e+04
9.10283 3.859138167151167727e+04
9.10515 3.859070447991169203e+04
9.10805 3.858972568385307386e+04
9.11036 3.858883825183613226e+04
9.11268 3.858786072918757418e+04
9.11558 3.858651803085194115e+04
9.11789 3.858535347942687076e+04
9.12021 3.858411748333232390e+04
9.12253 3.858281962628888141e+04
9.12543 3.858112060164392460e+04
9.12775 3.857971154015039065e+04
9.13007 3.857826906261526165e+04
9.13297 3.857643797559296218e+04
9.13529 3.857496634563163389e+04
9.13761 3.857350375184746372e+04
9.14051 3.857171086669434590e+04
9.14284 3.857032221300536912e+04
9.14516 3.856899145126204530e+04
9.14807 3.856743072076413227e+04
9.15039 3.856628309835345135e+04
9.15272 3.856523996017682657e+04
9.15505 3.856431466279948654e+04
9.15796 3.856334334156797559e+04
9.16029 3.856272818165969511e+04
9.16262 3.856226507825298904e+04
9.16553 3.856190734357277688e+04
9.16785 3.856180055139429896e+04
9.17018 3.856185414097689500e+04
9.17308 3.856214545272571559e+04
9.1754 3.856255533806916355e+04
9.17772 3.856311785739756306e+04
9.18004 3.856382769686502434e+04
9.18293 3.856490965518690791e+04
9.18525 3.856591945598631719e+04
9.18757 3.856704454167445510e+04
9.19046 3.856859232215213706e+04
9.19277 3.856992566742007330e+04
9.19509 3.857132577776196558e+04
9.19798 3.857314535420131142e+04
9.20029 3.857463580794009613e+04
9.20261 3.857614145098759036e+04
9.2055 3.857802561585249350e+04
9.20781 3.857951865229836403e+04
9.21012 3.858098502679166268e+04
9.21301 3.858276252069706243e+04
9.21532 3.858412773535923043e+04
9.21764 3.858543357040350384e+04
9.22053 3.858697191187633871e+04
9.22284 3.858812135967448557e+04
9.22515 3.858919400155940821e+04
9.22805 3.859042205688016111e+04
9.23036 3.859131119312211376e+04
9.23268 3.859211478087966680e+04
9.23557 3.859299678648895497e+04
9.23789 3.859360205845958990e+04
9.24021 3.859411726298386202e+04
9.24252 3.859454144034703495e+04
9.24542 3.859494348515835009e+04
9.24774 3.859516312597509386e+04
9.25006 3.859529314588978013e+04
9.25297 3.859533232529381348e+04
9.25529 3.859526762560495990e+04
9.25761 3.859512043041372817e+04
9.26052 3.859482514916949731e+04
9.26285 3.859450394365245302e+04
9.26517 3.859411100877887657e+04
9.26808 3.859352474460158555e+04
9.27041 3.859298420188804448e+04
9.27274 3.859238477737556968e+04
9.27506 3.859173161174244160e+04
9.27797 3.859084631430764421e+04
9.28029 3.859008957588097837e+04
9.28262 3.858929600625671446e+04
9.28552 3.858826137856638525e+04
9.28784 3.858740843412606773e+04
9.29016 3.858654061121069390e+04
9.29305 3.858544858917293459e+04
9.29537 3.858457965193710697e+04
9.29769 3.858372442278519156e+04
9.30001 3.858289124866483326e+04
9.3029 3.858189294556476671e+04
9.30522 3.858113890454075590e+04
9.30753 3.858043322465785604e+04
9.31043 3.857963238136443397e+04
9.31274 3.857906865727834520e+04
9.31506 3.857858405897626653e+04
9.31795 3.857810843079689948e+04
9.32027 3.857784175932567450e+04
9.32258 3.857768345787957514e+04
9.32548 3.857764109098452900e+04
9.32779 3.857773696519390796e+04
9.33011 3.857795308160717832e+04
9.33301 3.857839579514905927e+04
9.33533 3.857888833028894442e+04
9.33764 3.857950232636975852e+04
9.34054 3.858043660532315698e+04
9.34286 3.858131216966457578e+04
9.34519 3.858229734798963909e+04
9.34751 3.858338509925949620e+04
9.35041 3.858487311777099967e+04
9.35274 3.858615644428363157e+04
9.35506 3.858751451274948340e+04
9.35797 3.858931008677473437e+04
9.3603 3.859081823203078966e+04
9.36262 3.859237967723932525e+04
9.36553 3.859439600267021160e+04
9.36786 3.859605149884569255e+04
9.37018 3.859773847519441915e+04
9.37308 3.859988123395531147e+04
9.3754 3.860161455555826979e+04
9.37772 3.860335956988470571e+04
9.38004 3.860510827697288914e+04
9.38293 3.860729283872259839e+04
9.38525 3.860903061808578059e+04
9.38756 3.861075328328997421e+04
9.39045 3.861287493040702248e+04
9.39277 3.861453793242904794e+04
9.39508 3.861616285747255461e+04
9.39797 3.861812738497652754e+04
9.40028 3.861963686429316294e+04
9.40259 3.862108212117161020e+04
9.40548 3.862278682291469886e+04
9.40779 3.862405978624006821e+04
9.4101 3.862524414799341321e+04
9.41299 3.862658998177088506e+04
9.4153 3.862755184553606523e+04
9.41761 3.862840650805526820e+04
9.4205 3.862931913767257356e+04
9.42281 3.862992232145492744e+04
9.42512 3.863041248892642034e+04
9.42801 3.863086850426190358e+04
9.43033 3.863111173793081252e+04
9.43264 3.863125199037874700e+04
9.43553 3.863129185532949487e+04
9.43785 3.863122454100126924e+04
9.44016 3.863107847649444739e+04
9.44306 3.863079993302092043e+04
9.44537 3.863051320629245311e+04
9.44769 3.863018176827677235e+04
9.45001 3.862981703498476418e+04
9.45291 3.862933278872282972e+04
9.45523 3.862893699105444830e+04
9.45755 3.862854708949238557e+04
9.46045 3.862808562874044583e+04
9.46278 3.862775131510356005e+04
9.4651 3.862746008425526816e+04
9.46801 3.862717260504946171e+04
9.47033 3.862701614983790205e+04
9.47266 3.862693489457997202e+04
9.47557 3.862695199048639915e+04
9.4779 3.862706999331091356e+04
9.48023 3.862728639766966808e+04
9.48256 3.862760482682882866e+04
9.48547 3.862814965953807405e+04
9.4878 3.862870475213332247e+04
9.49012 3.862936465078653418e+04
9.49302 3.863033650884450617e+04
9.49535 3.863122926345624001e+04
9.49767 3.863221995231459005e+04
9.50057 3.863358677081802307e+04
9.50289 3.863477404648162337e+04
9.50521 3.863603654415364872e+04
9.50752 3.863736471229117888e+04
9.51042 3.863910489738031174e+04
9.51274 3.864054847765967133e+04
9.51505 3.864202698904441058e+04
9.51795 3.864390839759574010e+04
9.52026 3.864542723913668306e+04
9.52257 3.864694739156037394e+04
9.52547 3.864883381514866778e+04
9.52778 3.865032199676534219e+04
9.5301 3.865178218159973767e+04
9.53299 3.865355522544874111e+04
9.5353 3.865492257433314080e+04
9.53762 3.865623705593011255e+04
9.54051 3.865779677715709840e+04
9.54282 3.865897192800376069e+04
9.54514 3.866007775396901707e+04
9.54803 3.866135789066971483e+04
9.55035 3.866229673163151165e+04
9.55267 3.866315776876066229e+04
9.55556 3.866412242796100327e+04
9.55788 3.866480378294148977e+04
9.5602 3.866540475152018189e+04
9.56252 3.866592511181219743e+04
9.56542 3.866646252150710643e+04
9.56774 3.866680094492199714e+04
9.57006 3.866705694039252558e+04
9.57297 3.866725913992145070e+04
9.57529 3.866732561308326694e+04
9.57762 3.866730717503104097e+04
9.58053 3.866716569780329155e+04
9.58286 3.866695925426677422e+04
9.58519 3.866667225415733265e+04
9.58752 3.866630720366194873e+04
9.59043 3.866574526814704586e+04
9.59276 3.866521461338610970e+04
9.59509 3.866461483476847934e+04
9.598 3.866377168401273957e+04
9.60033 3.866302533415597281e+04
9.60266 3.866221766811313137e+04
9.60557 3.866112538523986586e+04
9.6079 3.866018881747437263e+04
9.61023 3.865920025514239387e+04
9.61255 3.865816341685679799e+04
9.61546 3.865680464318937447e+04
9.61779 3.865567449414519797e+04
9.62012 3.865451169246361678e+04
9.62302 3.865302513735047978e+04
9.62534 3.865182049980867305e+04
9.62767 3.865061320385910221e+04
9.63057 3.864911804552803369e+04
9.63289 3.864794697308762989e+04
9.63521 3.864681233605915622e+04
9.63753 3.864572611998094362e+04
9.64043 3.864445601962036744e+04
9.64275 3.864352493175635027e+04
9.64507 3.864268195209787518e+04
9.64797 3.864176866075251746e+04
9.65029 3.864116208668143372e+04
9.65261 3.864067508964273293e+04
9.6555 3.864024526538606005e+04
9.65782 3.864005144071791437e+04
9.66014 3.863999545367728570e+04
9.66304 3.864012295846023335e+04
9.66536 3.864038384443826362e+04
9.66768 3.864078481639493839e+04
9.67058 3.864147890714885580e+04
9.6729 3.864218267425322847e+04
9.67522 3.864301191525875038e+04
9.67754 3.864395851056505489e+04
9.68044 3.864529253167846764e+04
9.68277 3.864646732485065877e+04
9.68509 3.864772418893529539e+04
9.68799 3.864939197533099650e+04
9.69032 3.865078537842246442e+04
9.69265 3.865221661414331902e+04
9.69556 3.865403497934625193e+04
9.69788 3.865549515778967907e+04
9.70021 3.865694398386273679e+04
9.70254 3.865836583971566142e+04
9.70546 3.866008566772533231e+04
9.70779 3.866139712195691391e+04
9.71012 3.866263675540959957e+04
9.71304 3.866406880584646569e+04
9.71537 3.866510759317253542e+04
9.71769 3.866604204673908680e+04
9.72002 3.866686583148951468e+04
9.72293 3.866773079625769606e+04
9.72525 3.866828763332684321e+04
9.72757 3.866872109587413433e+04
9.73048 3.866908699525209522e+04
9.7328 3.866923746222240152e+04
9.73512 3.866926129515399953e+04
9.73802 3.866911431295615330e+04
9.74033 3.866885711166013789e+04
9.74265 3.866847850573426695e+04
9.74555 3.866784135741565115e+04
9.74786 3.866720743992652569e+04
9.75018 3.866647075153038895e+04
9.75307 3.866541708082758851e+04
9.75538 3.866447744457251974e+04
9.7577 3.866346062961507414e+04
9.76001 3.866237405297912483e+04
9.7629 3.866092924970715831e+04
9.76522 3.865971271449123014e+04
9.76753 3.865844951615524042e+04
9.77042 3.865681395412202983e+04
9.77273 3.865546743537144357e+04
9.77505 3.865409396425452724e+04
9.77794 3.865234998358708253e+04
9.78025 3.865094192474050942e+04
9.78257 3.864953114304681367e+04
9.78546 3.864777554541992140e+04
9.78777 3.864638705602362461e+04
9.79009 3.864502116801773082e+04
9.79298 3.864335608945587592e+04
9.7953 3.864206600626565341e+04
9.79762 3.864081849342344503e+04
9.80051 3.863932796116865211e+04
9.80283 3.863819598137188586e+04
9.80515 3.863712324743633508e+04
9.80805 3.863587230992616969e+04
9.81037 3.863494901127273624e+04
9.81269 3.863410013498079934e+04
9.81501 3.863332748767109297e+04
9.81792 3.863247309731107089e+04
9.82024 3.863187970147545275e+04
9.82257 3.863136705517541850e+04
9.82548 3.863084159552406345e+04
9.82781 3.863051357240010111e+04
9.83014 3.863026706244186062e+04
9.83305 3.863007105528336979e+04
9.83538 3.863000136165873118e+04
9.83771 3.863000613614856411e+04
9.84003 3.863008215701594600e+04
9.84294 3.863027217917048256e+04
9.84527 3.863049584340101865e+04
9.84759 3.863077953867353062e+04
9.85049 3.863121300184194843e+04
9.85281 3.863161919287226192e+04
9.85513 3.863207460485551564e+04
9.85803 3.863270801893618773e+04
9.86035 3.863325781164948421e+04
9.86267 3.863383731832484773e+04
9.86557 3.863459985852063983e+04
9.86789 3.863524052413427853e+04
9.87021 3.863590594693192543e+04
9.87252 3.863659276285596570e+04
9.87542 3.863747720383349224e+04
9.87774 3.863820246354379196e+04
9.88005 3.863894139222263766e+04
9.88295 3.863988320649066009e+04
9.88526 3.864064872080665373e+04
9.88758 3.864142214905125002e+04
9.89048 3.864239554365255026e+04
9.89279 3.864317525345597824e+04
9.89511 3.864395172510122939e+04
9.89801 3.864491112290181627e+04
9.90033 3.864566384959997959e+04
9.90264 3.864639799606764427e+04
9.90554 3.864728073227794812e+04
9.90786 3.864795218052550626e+04
9.91018 3.864858573994739709e+04
9.9125 3.864917535787491215e+04
9.9154 3.864984108992890106e+04
9.91773 3.865030925535975985e+04
9.92005 3.865071383500102093e+04
9.92295 3.865112065429199720e+04
9.92528 3.865136033373745886e+04
9.92761 3.865151814212922909e+04
9.93051 3.865159480206262378e+04
9.93284 3.865155707255461311e+04
9.93517 3.865143089570461598e+04
9.93808 3.865115122263851663e+04
9.94041 3.865083386212112964e+04
9.94273 3.865043927956285916e+04
