#t,ms massf-Ar+
0.003 0.000000000000000000e+00
0.005 0.000000000000000000e+00
0.008 0.000000000000000000e+00
0.01 0.000000000000000000e+00
0.0129324 0.000000000000000000e+00
0.0152784 0.000000000000000000e+00
0.0176291 0.000000000000000000e+00
0.0205694 0.000000000000000000e+00
0.0229245 0.000000000000000000e+00
0.0252824 0.000000000000000000e+00
0.0276402 0.000000000000000000e+00
0.0305804 0.000000000000000000e+00
0.0329326 0.000000000000000000e+00
0.0352671 0.000000000000000000e+00
0.0375956 0.000000000000000000e+00
0.040494 0.000000000000000000e+00
0.0427981 0.000000000000000000e+00
0.0451022 0.000000000000000000e+00
0.0479388 0.000000000000000000e+00
0.0502082 0.000000000000000000e+00
0.0530041 0.000000000000000000e+00
0.0552327 0.000000000000000000e+00
0.0579873 0.000000000000000000e+00
0.0601743 0.000000000000000000e+00
0.0628915 0.000000000000000000e+00
0.0650454 0.000000000000000000e+00
0.0677309 0.000000000000000000e+00
0.0703885 0.000000000000000000e+00
0.0725147 0.000000000000000000e+00
0.0751435 0.000000000000000000e+00
0.0777723 0.000000000000000000e+00
0.0803793 0.000000000000000000e+00
0.0829862 0.000000000000000000e+00
0.0850594 0.000000000000000000e+00
0.0876508 0.000000000000000000e+00
0.090234 0.000000000000000000e+00
0.0928152 0.000000000000000000e+00
0.0953792 0.000000000000000000e+00
0.0979388 0.000000000000000000e+00
0.100475 0.000000000000000000e+00
0.103006 0.000000000000000000e+00
0.105016 0.000000000000000000e+00
0.107524 0.000000000000000000e+00
0.11002 0.000000000000000000e+00
0.112509 0.000000000000000000e+00
0.115485 0.000000000000000000e+00
0.117961 0.000000000000000000e+00
0.120429 0.000000000000000000e+00
0.122896 0.000000000000000000e+00
0.125358 0.000000000000000000e+00
0.127819 0.000000000000000000e+00
0.130279 0.000000000000000000e+00
0.132739 0.000000000000000000e+00
0.135199 0.000000000000000000e+00
0.13766 0.000000000000000000e+00
0.140113 0.000000000000000000e+00
0.142564 0.000000000000000000e+00
0.145009 0.000000000000000000e+00
0.147941 0.000000000000000000e+00
0.150379 0.000000000000000000e+00
0.152817 0.000000000000000000e+00
0.155251 0.000000000000000000e+00
0.157686 0.000000000000000000e+00
0.160119 0.000000000000000000e+00
0.162553 0.000000000000000000e+00
0.165473 0.000000000000000000e+00
0.167908 0.000000000000000000e+00
0.170344 0.000000000000000000e+00
0.17278 0.000000000000000000e+00
0.175219 0.000000000000000000e+00
0.177658 0.000000000000000000e+00
0.180096 0.000000000000000000e+00
0.182534 0.000000000000000000e+00
0.185458 0.000000000000000000e+00
0.187895 0.000000000000000000e+00
0.190332 0.000000000000000000e+00
0.192769 0.000000000000000000e+00
0.195206 0.000000000000000000e+00
0.197644 0.000000000000000000e+00
0.200084 0.000000000000000000e+00
0.202524 0.000000000000000000e+00
0.205454 0.000000000000000000e+00
0.207897 0.000000000000000000e+00
0.210342 0.000000000000000000e+00
0.212788 0.000000000000000000e+00
0.215236 0.000000000000000000e+00
0.217684 0.000000000000000000e+00
0.220132 0.000000000000000000e+00
0.222581 0.000000000000000000e+00
0.225029 0.000000000000000000e+00
0.227969 0.000000000000000000e+00
0.23042 0.000000000000000000e+00
0.232872 0.000000000000000000e+00
0.235324 0.000000000000000000e+00
0.237778 0.000000000000000000e+00
0.240232 0.000000000000000000e+00
0.242687 0.000000000000000000e+00
0.245143 0.000000000000000000e+00
0.247601 0.000000000000000000e+00
0.250059 0.000000000000000000e+00
0.252517 0.000000000000000000e+00
0.255468 0.000000000000000000e+00
0.257927 0.000000000000000000e+00
0.260387 0.000000000000000000e+00
0.262847 0.000000000000000000e+00
0.265308 0.000000000000000000e+00
0.267769 0.000000000000000000e+00
0.27023 0.000000000000000000e+00
0.272692 0.000000000000000000e+00
0.275154 0.000000000000000000e+00
0.277616 0.000000000000000000e+00
0.280079 0.000000000000000000e+00
0.282542 0.000000000000000000e+00
0.285005 0.000000000000000000e+00
0.287961 0.000000000000000000e+00
0.290425 0.000000000000000000e+00
0.292888 0.000000000000000000e+00
0.295351 0.000000000000000000e+00
0.297815 0.000000000000000000e+00
0.300278 0.000000000000000000e+00
0.302742 0.000000000000000000e+00
0.305205 0.000000000000000000e+00
0.307668 0.000000000000000000e+00
0.310131 0.000000000000000000e+00
0.312594 0.000000000000000000e+00
0.315058 0.000000000000000000e+00
0.317521 0.000000000000000000e+00
0.320477 0.000000000000000000e+00
0.322941 0.000000000000000000e+00
0.325404 0.000000000000000000e+00
0.327867 0.000000000000000000e+00
0.33033 0.000000000000000000e+00
0.332793 0.000000000000000000e+00
0.335256 0.000000000000000000e+00
0.337719 0.000000000000000000e+00
0.340182 0.000000000000000000e+00
0.342644 0.000000000000000000e+00
0.345107 0.000000000000000000e+00
0.347569 0.000000000000000000e+00
0.350032 0.000000000000000000e+00
0.352987 0.000000000000000000e+00
0.355449 0.000000000000000000e+00
0.357912 0.000000000000000000e+00
0.360375 0.000000000000000000e+00
0.362838 0.000000000000000000e+00
0.365301 0.000000000000000000e+00
0.367764 0.000000000000000000e+00
0.370227 0.000000000000000000e+00
0.372691 0.000000000000000000e+00
0.375154 0.000000000000000000e+00
0.377618 0.000000000000000000e+00
0.380082 0.000000000000000000e+00
0.382546 0.000000000000000000e+00
0.38501 0.000000000000000000e+00
0.387967 0.000000000000000000e+00
0.390432 0.000000000000000000e+00
0.392896 0.000000000000000000e+00
0.395361 0.000000000000000000e+00
0.397825 0.000000000000000000e+00
0.40029 0.000000000000000000e+00
0.402754 0.000000000000000000e+00
0.405219 0.000000000000000000e+00
0.407684 0.000000000000000000e+00
0.410149 0.000000000000000000e+00
0.412614 0.000000000000000000e+00
0.41508 0.000000000000000000e+00
0.417545 0.000000000000000000e+00
0.42001 0.000000000000000000e+00
0.422969 0.000000000000000000e+00
0.425435 0.000000000000000000e+00
0.4279 0.000000000000000000e+00
0.430367 0.000000000000000000e+00
0.432833 0.000000000000000000e+00
0.4353 0.000000000000000000e+00
0.437766 0.000000000000000000e+00
0.440233 0.000000000000000000e+00
0.4427 0.000000000000000000e+00
0.445166 0.000000000000000000e+00
0.447633 0.000000000000000000e+00
0.4501 0.000000000000000000e+00
0.452567 0.000000000000000000e+00
0.455035 0.000000000000000000e+00
0.457502 0.000000000000000000e+00
0.460463 0.000000000000000000e+00
0.462931 0.000000000000000000e+00
0.465399 0.000000000000000000e+00
0.467867 0.000000000000000000e+00
0.470334 0.000000000000000000e+00
0.472802 0.000000000000000000e+00
0.475269 0.000000000000000000e+00
0.477736 0.000000000000000000e+00
0.480203 0.000000000000000000e+00
0.48267 0.000000000000000000e+00
0.485137 0.000000000000000000e+00
0.487604 0.000000000000000000e+00
0.490071 0.000000000000000000e+00
0.492538 0.000000000000000000e+00
0.495005 0.000000000000000000e+00
0.497965 0.000000000000000000e+00
0.500431 0.000000000000000000e+00
0.502898 0.000000000000000000e+00
0.505364 0.000000000000000000e+00
0.50783 0.000000000000000000e+00
0.510296 0.000000000000000000e+00
0.512761 0.000000000000000000e+00
0.515227 0.000000000000000000e+00
0.517693 0.000000000000000000e+00
0.520158 0.000000000000000000e+00
0.522624 0.000000000000000000e+00
0.525089 0.000000000000000000e+00
0.527554 0.000000000000000000e+00
0.530019 0.000000000000000000e+00
0.532976 0.000000000000000000e+00
0.53544 0.000000000000000000e+00
0.537904 0.000000000000000000e+00
0.540368 0.000000000000000000e+00
0.542831 0.000000000000000000e+00
0.545294 0.000000000000000000e+00
0.547757 0.000000000000000000e+00
0.55022 0.000000000000000000e+00
0.552682 0.000000000000000000e+00
0.555143 0.000000000000000000e+00
0.557605 0.000000000000000000e+00
0.560066 0.000000000000000000e+00
0.562527 0.000000000000000000e+00
0.56548 0.000000000000000000e+00
0.56794 0.000000000000000000e+00
0.5704 0.000000000000000000e+00
0.57286 0.000000000000000000e+00
0.57532 0.000000000000000000e+00
0.577779 0.000000000000000000e+00
0.580238 0.000000000000000000e+00
0.582696 0.000000000000000000e+00
0.585154 0.000000000000000000e+00
0.587611 0.000000000000000000e+00
0.590068 0.000000000000000000e+00
0.592525 0.000000000000000000e+00
0.595472 0.000000000000000000e+00
0.597928 0.000000000000000000e+00
0.600383 0.000000000000000000e+00
0.602838 0.000000000000000000e+00
0.605293 0.000000000000000000e+00
0.607747 0.000000000000000000e+00
0.6102 0.000000000000000000e+00
0.612653 0.000000000000000000e+00
0.615106 0.000000000000000000e+00
0.617558 0.000000000000000000e+00
0.62001 0.000000000000000000e+00
0.622952 0.000000000000000000e+00
0.625403 0.000000000000000000e+00
0.627854 0.000000000000000000e+00
0.630304 0.000000000000000000e+00
0.632754 0.000000000000000000e+00
0.635204 0.000000000000000000e+00
0.637652 0.000000000000000000e+00
0.640101 0.000000000000000000e+00
0.642549 0.000000000000000000e+00
0.645486 0.000000000000000000e+00
0.647933 0.000000000000000000e+00
0.650379 0.000000000000000000e+00
0.652825 0.000000000000000000e+00
0.65527 0.000000000000000000e+00
0.657715 0.000000000000000000e+00
0.660159 0.000000000000000000e+00
0.662603 0.000000000000000000e+00
0.665047 0.000000000000000000e+00
0.667978 0.000000000000000000e+00
0.67042 0.000000000000000000e+00
0.672862 0.000000000000000000e+00
0.675304 0.000000000000000000e+00
0.677745 0.000000000000000000e+00
0.680185 0.000000000000000000e+00
0.682625 0.000000000000000000e+00
0.685064 0.000000000000000000e+00
0.687503 0.000000000000000000e+00
0.690429 0.000000000000000000e+00
0.692867 0.000000000000000000e+00
0.695304 0.000000000000000000e+00
0.697741 0.000000000000000000e+00
0.700177 0.000000000000000000e+00
0.702612 0.000000000000000000e+00
0.705047 0.000000000000000000e+00
0.707968 0.000000000000000000e+00
0.710402 0.000000000000000000e+00
0.712835 0.000000000000000000e+00
0.715267 0.000000000000000000e+00
0.7177 0.000000000000000000e+00
0.720131 0.000000000000000000e+00
0.722562 0.000000000000000000e+00
0.725477 0.000000000000000000e+00
0.727907 0.000000000000000000e+00
0.730336 0.000000000000000000e+00
0.732764 0.000000000000000000e+00
0.735192 0.000000000000000000e+00
0.737619 0.000000000000000000e+00
0.740045 0.000000000000000000e+00
0.742957 0.000000000000000000e+00
0.745382 0.000000000000000000e+00
0.747807 0.000000000000000000e+00
0.75023 0.000000000000000000e+00
0.752654 0.000000000000000000e+00
0.755076 0.000000000000000000e+00
0.757982 0.000000000000000000e+00
0.760403 0.000000000000000000e+00
0.762822 0.000000000000000000e+00
0.765241 0.000000000000000000e+00
0.767658 0.000000000000000000e+00
0.770075 0.000000000000000000e+00
0.772973 0.000000000000000000e+00
0.775388 0.000000000000000000e+00
0.777801 0.000000000000000000e+00
0.780214 0.000000000000000000e+00
0.782625 0.000000000000000000e+00
0.785035 0.000000000000000000e+00
0.787926 0.000000000000000000e+00
0.790334 0.000000000000000000e+00
0.792739 0.000000000000000000e+00
0.795145 0.000000000000000000e+00
0.797548 0.000000000000000000e+00
0.800431 0.000000000000000000e+00
0.802831 0.000000000000000000e+00
0.805231 0.000000000000000000e+00
0.807629 0.000000000000000000e+00
0.810027 0.000000000000000000e+00
0.812902 0.000000000000000000e+00
0.815296 0.000000000000000000e+00
0.817689 0.000000000000000000e+00
0.820081 0.000000000000000000e+00
0.82295 0.000000000000000000e+00
0.825339 0.000000000000000000e+00
0.827728 0.000000000000000000e+00
0.830115 0.000000000000000000e+00
0.832501 0.000000000000000000e+00
0.835362 0.000000000000000000e+00
0.837745 0.000000000000000000e+00
0.840127 0.000000000000000000e+00
0.842508 0.000000000000000000e+00
0.845363 0.000000000000000000e+00
0.847741 0.000000000000000000e+00
0.850117 0.000000000000000000e+00
0.852968 0.000000000000000000e+00
0.855342 0.000000000000000000e+00
0.857715 0.000000000000000000e+00
0.860086 0.000000000000000000e+00
0.86293 0.000000000000000000e+00
0.865299 0.000000000000000000e+00
0.867666 0.000000000000000000e+00
0.870033 0.000000000000000000e+00
0.872871 0.000000000000000000e+00
0.875235 0.000000000000000000e+00
0.877597 0.000000000000000000e+00
0.880431 0.000000000000000000e+00
0.882791 0.000000000000000000e+00
0.88515 0.000000000000000000e+00
0.887508 0.000000000000000000e+00
0.890336 0.000000000000000000e+00
0.892691 0.000000000000000000e+00
0.895046 0.000000000000000000e+00
0.897869 0.000000000000000000e+00
0.900221 0.000000000000000000e+00
0.902572 0.000000000000000000e+00
0.905391 0.000000000000000000e+00
0.907739 0.000000000000000000e+00
0.910086 0.000000000000000000e+00
0.912901 0.000000000000000000e+00
0.915245 0.000000000000000000e+00
0.917589 0.000000000000000000e+00
0.920399 0.000000000000000000e+00
0.922741 0.000000000000000000e+00
0.92508 0.000000000000000000e+00
0.927887 0.000000000000000000e+00
0.930224 0.000000000000000000e+00
0.932562 0.000000000000000000e+00
0.935364 0.000000000000000000e+00
0.937699 0.000000000000000000e+00
0.940032 0.000000000000000000e+00
0.94283 0.000000000000000000e+00
0.945161 0.000000000000000000e+00
0.947956 0.000000000000000000e+00
0.950285 0.000000000000000000e+00
0.952612 0.000000000000000000e+00
0.955404 0.000000000000000000e+00
0.957728 0.000000000000000000e+00
0.960052 0.000000000000000000e+00
0.962839 0.000000000000000000e+00
0.965161 0.000000000000000000e+00
0.967945 0.000000000000000000e+00
0.970264 0.000000000000000000e+00
0.972582 0.000000000000000000e+00
0.975363 0.000000000000000000e+00
0.977678 0.000000000000000000e+00
0.980456 0.000000000000000000e+00
0.98277 0.000000000000000000e+00
0.985082 0.000000000000000000e+00
0.987856 0.000000000000000000e+00
0.990166 0.000000000000000000e+00
0.992938 0.000000000000000000e+00
0.995245 0.000000000000000000e+00
0.997553 0.000000000000000000e+00
1.00032 0.000000000000000000e+00
1.00262 0.000000000000000000e+00
1.00539 0.000000000000000000e+00
1.00769 0.000000000000000000e+00
1.01045 0.000000000000000000e+00
1.01275 0.000000000000000000e+00
1.01505 0.000000000000000000e+00
1.01781 0.000000000000000000e+00
1.02011 0.000000000000000000e+00
1.02286 0.000000000000000000e+00
1.02516 0.000000000000000000e+00
1.02791 0.000000000000000000e+00
1.0302 0.000000000000000000e+00
1.03295 0.000000000000000000e+00
1.03524 0.000000000000000000e+00
1.03753 0.000000000000000000e+00
1.04027 0.000000000000000000e+00
1.04256 0.000000000000000000e+00
1.0453 0.000000000000000000e+00
1.04759 0.000000000000000000e+00
1.05033 0.000000000000000000e+00
1.05261 0.000000000000000000e+00
1.05535 0.000000000000000000e+00
1.05763 0.000000000000000000e+00
1.06036 0.000000000000000000e+00
1.06264 0.000000000000000000e+00
1.06537 0.000000000000000000e+00
1.06765 0.000000000000000000e+00
1.07038 0.000000000000000000e+00
1.07265 0.000000000000000000e+00
1.07538 0.000000000000000000e+00
1.07765 0.000000000000000000e+00
1.08038 0.000000000000000000e+00
1.08264 0.000000000000000000e+00
1.08537 0.000000000000000000e+00
1.08763 0.000000000000000000e+00
1.09035 0.000000000000000000e+00
1.09262 0.000000000000000000e+00
1.09533 0.000000000000000000e+00
1.0976 0.000000000000000000e+00
1.10031 0.000000000000000000e+00
1.10257 1.638519534226999346e-10
1.10528 4.339115601130207940e-09
1.10754 5.269150769969974982e-08
1.11025 2.179715470294388013e-07
1.1125 1.197300188554641199e-06
1.11521 2.955028617194604997e-06
1.11791 5.347575498692916261e-06
1.12017 7.867456970458443064e-06
1.12287 1.138021466561405828e-05
1.12512 1.455530194520078659e-05
1.12782 1.849336552471137694e-05
1.13007 2.180524329989590811e-05
1.13276 2.576574257499100073e-05
1.13501 2.904275132374684984e-05
1.1377 3.294225207836547578e-05
1.14039 3.680222815732898522e-05
1.14264 3.998650689519115168e-05
1.14533 4.377143304968890018e-05
1.14757 4.690392678336442940e-05
1.15025 5.063741239641321185e-05
1.15294 5.434419504693245595e-05
1.15518 5.740938698488013396e-05
1.15786 6.105659784252756475e-05
1.1601 6.406726816502135229e-05
1.16278 6.764130742282916211e-05
1.16501 7.058605601372191813e-05
1.16769 7.407503038872171556e-05
1.17036 7.752003377987592655e-05
1.17259 8.035807019208325748e-05
1.17526 8.372898441386084729e-05
1.17794 8.706504220249668602e-05
1.18017 8.982168565660509382e-05
1.18284 9.310345931607752891e-05
1.18507 9.581870574120611276e-05
1.18775 9.905327243384631742e-05
1.19043 1.022642343009843712e-04
1.19267 1.049206037406898525e-04
1.19535 1.080856008715442315e-04
1.19758 1.107026952284451783e-04
1.20027 1.138179972140337454e-04
1.2025 1.163921572759222861e-04
1.20519 1.194532819575614481e-04
1.20788 1.224836508043508935e-04
1.21012 1.249836542575856956e-04
1.21281 1.279547912180618548e-04
1.21505 1.304052035317547595e-04
1.21774 1.333167326889859484e-04
1.22043 1.361969384445949234e-04
1.22268 1.385740875025051925e-04
1.22537 1.413999456719468978e-04
1.22762 1.437323408525158751e-04
1.23032 1.465056964507803006e-04
1.23257 1.487947215187588820e-04
1.23527 1.515171537019011886e-04
1.23752 1.537646371323613285e-04
1.24022 1.564381046478107438e-04
1.24292 1.590861287246161861e-04
1.24517 1.612742632987419007e-04
1.24788 1.638792847493188176e-04
1.25013 1.660333782738388213e-04
1.25284 1.686007008453919260e-04
1.2551 1.707257213933271436e-04
1.25781 1.732619608167633842e-04
1.26007 1.753642864156599440e-04
1.26278 1.778769578785365966e-04
1.26504 1.799635182593931353e-04
1.26776 1.824612468116836939e-04
1.27002 1.845393201164086713e-04
1.27274 1.870307122032727057e-04
1.275 1.891071692224626931e-04
1.27772 1.915998672032187197e-04
1.28044 1.940967739244918412e-04
1.28271 1.961805695010889828e-04
1.28543 1.986868180655867902e-04
1.2877 2.007798619994132785e-04
1.29043 2.032975289068239793e-04
1.2927 2.054005444913618069e-04
1.29543 2.079294114091126227e-04
1.2977 2.100414772892432609e-04
1.30043 2.125797963957075040e-04
1.30271 2.146991407668303199e-04
1.30544 2.172450276433018706e-04
1.30772 2.193695895394406957e-04
1.31045 2.219213449453266750e-04
1.31273 2.240501115082617150e-04
1.31501 2.261805610907253203e-04
1.31775 2.287395811633763680e-04
1.32003 2.308740375814660143e-04
1.32277 2.334372058582789584e-04
1.32506 2.355750885379206678e-04
1.3278 2.381413347914800569e-04
1.33008 2.402815270902829180e-04
1.33283 2.428496669831622283e-04
1.33512 2.449905229924583113e-04
1.33786 2.475589679994362404e-04
1.34015 2.496988987925140681e-04
1.3429 2.522665610506305556e-04
1.34519 2.544075865678506118e-04
1.34794 2.569819775044489512e-04
1.35024 2.591346601422587310e-04
1.35253 2.612989745483021149e-04
1.35528 2.639174428561761156e-04
1.35758 2.661254870455301313e-04
1.36033 2.688151154636610868e-04
1.36263 2.710991526007730697e-04
1.36539 2.739004779473166421e-04
1.36769 2.762928248832975490e-04
1.37045 2.792401389492473883e-04
1.37275 2.817641823741912641e-04
1.37505 2.843522992315270664e-04
1.37781 2.875413759518525929e-04
1.38012 2.902649361662341444e-04
1.38288 2.935998925536400660e-04
1.38518 2.964221154468147756e-04
1.38795 2.998343470364998680e-04
1.39026 3.026773672045787039e-04
1.39256 3.054963720334188731e-04
1.39533 3.088199362274223012e-04
1.39764 3.115189792231014168e-04
1.40041 3.146532964794637797e-04
1.40272 3.171692215800710354e-04
1.40504 3.195947466721178287e-04
1.40781 3.223898660679661693e-04
1.41012 3.246314373131093658e-04
1.4129 3.272334834213845361e-04
1.41521 3.293399319408559737e-04
1.41753 3.313966363629203900e-04
1.42031 3.337971347751154277e-04
1.42262 3.357356349173396611e-04
1.4254 3.379734970634851372e-04
1.42772 3.397519788785241979e-04
1.43004 3.414394624375816307e-04
1.43283 3.433272042295537206e-04
1.43515 3.447727471549881322e-04
1.43793 3.463344694185009317e-04
1.44025 3.474759200372708450e-04
1.44258 3.484499235923234134e-04
1.44536 3.493901849068104448e-04
1.44769 3.499681700009148557e-04
1.45001 3.502716743455884106e-04
1.4528 3.503574326378915290e-04
1.45513 3.502013138369409356e-04
1.45792 3.494630143148060660e-04
1.46025 3.483404567134844570e-04
1.46258 3.467003888764805752e-04
1.46538 3.439630031022145300e-04
1.46771 3.409669167537983641e-04
1.47004 3.372731528613761394e-04
1.47284 3.318708073991118754e-04
1.47517 3.265159224180395610e-04
1.4775 3.203459389965153457e-04
1.48031 3.118310986126004969e-04
1.48264 3.037835647564775471e-04
1.48545 2.929805359412625374e-04
1.48779 2.830266306401382249e-04
1.49013 2.722365262936306653e-04
1.49293 2.582348515816694197e-04
1.49528 2.457614230611489324e-04
1.49762 2.326357190968088707e-04
1.50043 2.161621852110622748e-04
1.50278 2.019667154618278414e-04
1.50513 1.874814618335124080e-04
1.50794 1.699238438140787970e-04
1.5103 1.553152897816157492e-04
1.51265 1.409025743956644826e-04
1.515 1.268243766282321728e-04
1.51783 1.105928057938327150e-04
1.52019 9.775365368536470545e-05
1.52255 8.568024310041668864e-05
1.52538 7.230135611761553743e-05
1.52775 6.217221135639847487e-05
1.53012 5.299848836932738298e-05
1.53297 4.328478221943309404e-05
1.53534 3.624852505673296444e-05
1.53772 3.014310899816490048e-05
1.5401 2.491376192298472319e-05
1.54297 1.970423753544712207e-05
1.54536 1.616183032574954262e-05
1.54775 1.325710994042574305e-05
1.55015 1.090846729699866602e-05
1.55255 9.028581020109124544e-06
1.55544 7.276555642344425359e-06
1.55785 6.140381989620320660e-06
1.56027 5.221705898739038284e-06
1.56269 4.457826067985247253e-06
1.56512 3.808882201186212770e-06
1.56755 3.247020306056277894e-06
1.57048 2.668599044728164241e-06
1.57293 2.253886404261864841e-06
1.57538 1.895790852957655640e-06
1.57784 1.587292474498676508e-06
1.58031 1.325051779592924034e-06
1.58278 1.102656587499379718e-06
1.58526 9.163619275208478484e-07
1.58775 7.604484638232198797e-07
1.59024 6.314210022703021437e-07
1.59274 5.245029206261288947e-07
1.59524 4.363383633234989746e-07
1.59776 3.630802054158216510e-07
1.60028 3.023641450739205290e-07
1.60281 2.513309393772779835e-07
1.60534 2.079828662767845663e-07
1.60789 1.703503325434004613e-07
1.61044 1.382282640654228298e-07
1.613 1.116368261501023113e-07
1.61505 9.462848234986365693e-08
1.61763 7.844091006764381147e-08
1.62021 6.569868961394973782e-08
1.62281 5.303338982229941718e-08
1.62541 3.961397479552478593e-08
1.6275 3.153894134116210691e-08
1.63012 2.752741431901180039e-08
1.63275 2.853773099204493535e-08
1.63539 3.099820426129230953e-08
1.6375 3.916224038727695046e-08
1.64016 4.678166465980737902e-08
1.64282 6.231654766696002853e-08
1.6455 9.405446529698287602e-08
1.64764 7.710750352793495160e-08
1.65034 1.626036367386109775e-07
1.65304 2.033935158082300393e-07
1.65521 2.590162856207516122e-07
1.65793 4.208496754275981125e-07
1.66011 5.198371133891726073e-07
1.66285 6.268265020461689853e-07
1.66505 8.458077590200106224e-07
1.6678 1.210677911994734031e-06
1.67001 1.616971714187088855e-06
1.67278 2.187499852866136623e-06
1.675 2.959561900807447997e-06
1.67779 4.348191810449237346e-06
1.68002 6.037500975081469370e-06
1.68282 8.478882990901893325e-06
1.68506 9.583029967764758469e-06
1.68788 1.190819568904655600e-05
1.69013 1.317331829759606675e-05
1.69296 1.462745521940546578e-05
1.69523 1.704213204404109682e-05
1.69807 2.234635548984875226e-05
1.70035 2.938732878952092354e-05
1.70263 3.919733198648485661e-05
1.7055 5.502975176574487464e-05
1.7078 6.977164168298228273e-05
1.7101 8.609735177636412720e-05
1.71299 1.078732259638201535e-04
1.7153 1.258819307419695220e-04
1.71763 1.439701703680370799e-04
1.72054 1.667501060358598218e-04
1.72287 1.857278980492943585e-04
1.72521 2.057976375583722749e-04
1.72756 2.272414016698709634e-04
1.7305 2.557330817102575508e-04
1.73285 2.794441140632461019e-04
1.7352 3.035624197385119105e-04
1.73755 3.277161647289853668e-04
1.74038 3.565939513604799707e-04
1.74265 3.790844569202959967e-04
1.74536 4.059833415747126392e-04
1.74803 4.327021610371979861e-04
1.7502 4.541936956312927283e-04
1.75291 4.808557934973329748e-04
1.75507 5.016491299196750150e-04
1.75774 5.270024620029280411e-04
1.76038 5.517230608664894231e-04
1.76298 5.757747811359882834e-04
1.76506 5.948867596442540583e-04
1.76768 6.186300830242415661e-04
1.77029 6.419393781646857717e-04
1.7729 6.648027299133831350e-04
1.77551 6.873911401460625938e-04
1.77758 7.052176658839488452e-04
1.78018 7.272640426862775082e-04
1.78281 7.493757143535506376e-04
1.78543 7.714684376117741634e-04
1.7875 7.890632465168539176e-04
1.7901 8.113285578135669791e-04
1.79275 8.343334668790867515e-04
1.79542 8.574588463269299399e-04
1.79754 8.755766264073460044e-04
1.80017 8.978871795480118656e-04
1.8028 9.197375962469767118e-04
1.80542 9.411700760514547012e-04
1.80752 9.581437285226992572e-04
1.81016 9.791715262628300064e-04
1.81279 9.998653656709734910e-04
1.81541 1.020190229925894542e-03
1.81751 1.036217064449503761e-03
1.82013 1.055939683047950545e-03
1.82276 1.075390043348594966e-03
1.82544 1.094810120167874230e-03
1.82759 1.110082900790132238e-03
1.83023 1.128642768263555000e-03
1.83288 1.148712788812577407e-03
1.83501 1.164991596934592888e-03
1.83768 1.183839826111874119e-03
1.84033 1.201808155660096964e-03
1.84297 1.219626050012861604e-03
1.84508 1.233531772911605328e-03
1.84771 1.250436960948373777e-03
1.85038 1.267009604535752768e-03
1.85253 1.279947635951331122e-03
1.85521 1.295529777122003592e-03
1.85789 1.310441791197834542e-03
1.86004 1.321932074154683317e-03
1.86273 1.335788488901321850e-03
1.86542 1.349015895027371945e-03
1.86754 1.359098831229953348e-03
1.8702 1.371260386537779662e-03
1.8729 1.383132004999471131e-03
1.87506 1.392313034943140236e-03
1.87775 1.403314136363208826e-03
1.88044 1.413812143586839001e-03
1.88259 1.421894202683448303e-03
1.88528 1.431642416642049751e-03
1.88798 1.441075727970168082e-03
1.89014 1.448463205535654346e-03
1.89283 1.457595883215323908e-03
1.89551 1.466700918739434608e-03
1.89765 1.474068030179481129e-03
1.90034 1.483485525726999576e-03
1.90302 1.493169273009641506e-03
1.90518 1.501117507043853248e-03
1.90787 1.511238757141245134e-03
1.91051 1.521346255983467956e-03
1.91263 1.529508807714447579e-03
1.91533 1.539951274360099650e-03
1.91803 1.550467061970196153e-03
1.92019 1.558857194392358411e-03
1.92288 1.569333002055424853e-03
1.92506 1.577781650968105697e-03
1.9278 1.588415575693154528e-03
1.93051 1.598889648868306347e-03
1.93263 1.607088796866755530e-03
1.9353 1.617304792426221393e-03
1.93798 1.627520485728598974e-03
1.94012 1.635661037574353627e-03
1.9428 1.645815793368095520e-03
1.94548 1.655926723173684620e-03
1.94764 1.664018760058916160e-03
1.95033 1.674116595529846156e-03
1.9525 1.682253013097052396e-03
1.95522 1.692454616074786809e-03
1.95793 1.702617397743299904e-03
1.96008 1.710729295457334839e-03
1.96278 1.720872459220748694e-03
1.96548 1.731010578046705828e-03
1.96763 1.739098856387692868e-03
1.9703 1.749134199715319648e-03
1.97298 1.759156956292282125e-03
1.97513 1.767182189253106630e-03
1.97782 1.777141830923126189e-03
1.9805 1.786952430938161312e-03
1.98264 1.794719732481165741e-03
1.98533 1.804317135749738434e-03
1.98801 1.813754430248699185e-03
1.99016 1.821183195427354294e-03
1.99285 1.830303914265819657e-03
1.995 1.837487031218205816e-03
1.9977 1.846335171397570779e-03
2.00039 1.854993598087162571e-03
2.00253 1.861777474523466534e-03
2.00521 1.870171623108882533e-03
2.00793 1.878582920017047306e-03
2.0101 1.885262526316965667e-03
2.0128 1.893517048722958554e-03
2.0155 1.901749843721544124e-03
2.01765 1.908302826616480301e-03
2.02033 1.916501241282640277e-03
2.02304 1.924773357127779671e-03
2.02521 1.931407570273081797e-03
2.02792 1.939682220064731493e-03
2.03009 1.946276834204740914e-03
2.03279 1.954465418409644887e-03
2.03549 1.962562775396900060e-03
2.03765 1.968959294673135445e-03
2.04033 1.976837877204044597e-03
2.04303 1.984705118867318135e-03
2.0452 1.991030044420253470e-03
2.04791 1.998895454340229600e-03
2.05008 2.005148006101902403e-03
2.0528 2.012903106512017870e-03
2.0555 2.020544700495749500e-03
2.05766 2.026592053345405153e-03
2.06037 2.034112522204328203e-03
2.06254 2.040087251674851422e-03
2.06525 2.047454716643190304e-03
2.06795 2.054705453375662520e-03
2.07011 2.060460182795529217e-03
2.07281 2.067615585224605833e-03
2.07552 2.074707876089914877e-03
2.07767 2.080322880182909964e-03
2.08036 2.087307473208878817e-03
2.08257 2.093022296912573459e-03
2.08533 2.100143218565686445e-03
2.08751 2.105740224196006420e-03
2.09022 2.112689207955725183e-03
2.09292 2.119621589595706377e-03
2.09508 2.125157503058036114e-03
2.09778 2.132062192537569761e-03
2.10048 2.138942713198139015e-03
2.10263 2.144431141045900248e-03
2.10533 2.151265177885972307e-03
2.10803 2.158073220636917092e-03
2.1102 2.163522805733828804e-03
2.11292 2.170289207397940127e-03
2.1151 2.175663017443223071e-03
2.11782 2.182331130899205999e-03
2.12053 2.188949641378860542e-03
2.12271 2.194206954330737026e-03
2.12542 2.200703785055348020e-03
2.12758 2.205846474525251146e-03
2.13028 2.212220634105953061e-03
2.13298 2.218558478283510268e-03
2.13514 2.223608475463679460e-03
2.13785 2.229903375476267793e-03
2.14002 2.234907681587851649e-03
2.14273 2.241117148202169222e-03
2.14543 2.247293758828652292e-03
2.1476 2.252217736467663697e-03
2.1503 2.258372699743570623e-03
2.153 2.264539966174495319e-03
2.15516 2.269507659405118217e-03
2.15786 2.275777811761312778e-03
2.16001 2.280863562566025609e-03
2.16271 2.287343940678001047e-03
2.16541 2.293963718222740387e-03
2.16758 2.299320460200488490e-03
2.17027 2.306047832952089552e-03
2.17297 2.312810201071532467e-03
2.17513 2.318241750223933289e-03
2.17784 2.325029081133831148e-03
2.1805 2.331710515030195434e-03
2.18263 2.337050739393777780e-03
2.18535 2.343863590885453697e-03
2.18754 2.349373980901229685e-03
2.19025 2.356283357762965769e-03
2.19296 2.363234621460999062e-03
2.19514 2.368875978245651038e-03
2.19787 2.376032002540119734e-03
2.20005 2.381775171283764553e-03
2.20272 2.388882951876007861e-03
2.20539 2.396016615744572895e-03
2.20753 2.401724868275251223e-03
2.21021 2.408852988699260438e-03
2.2129 2.416023180468118529e-03
2.21505 2.421754252369771269e-03
2.21773 2.428883589876008019e-03
2.22041 2.436001920924014703e-03
2.22257 2.441740002279486465e-03
2.22528 2.448925691639933060e-03
2.22797 2.456047203717367459e-03
2.23011 2.461703978897784861e-03
2.23279 2.468753326136292198e-03
2.23547 2.475766295689841006e-03
2.23763 2.481340224229632973e-03
2.24034 2.488279961082314352e-03
2.2425 2.493767621598255105e-03
2.24521 2.500533439199400468e-03
2.24791 2.507199767071796592e-03
2.25005 2.512393328422175224e-03
2.25272 2.518812371171484654e-03
2.2554 2.525183521687955276e-03
2.25754 2.530246727234090106e-03
2.26025 2.536611264778101602e-03
2.26297 2.543020705730788047e-03
2.26513 2.548142497569850107e-03
2.26782 2.554554842173346798e-03
2.2705 2.561012098142103916e-03
2.27264 2.566202372829796182e-03
2.27532 2.572751910881122123e-03
2.27801 2.579390092387266655e-03
2.28017 2.584721531695714260e-03
2.2829 2.591488871824028199e-03
2.28508 2.596902607514821760e-03
2.28777 2.603554220974909055e-03
2.29045 2.610161837991297178e-03
2.29259 2.615438643385504906e-03
2.29527 2.622014894850663823e-03
2.29797 2.628598967657698546e-03
2.30014 2.633861134056256475e-03
2.30283 2.640386138806651711e-03
2.30552 2.646848749954189717e-03
2.30767 2.652002822008739380e-03
2.31036 2.658435868949534514e-03
2.31252 2.663563657965051668e-03
2.31523 2.669988818238415700e-03
2.31794 2.676371700191540470e-03
2.3201 2.681437559276293302e-03
2.32281 2.687719117126072168e-03
2.32552 2.693925422361999767e-03
2.32767 2.698848388524200444e-03
2.3304 2.705017357995829260e-03
2.33259 2.709950581977977127e-03
2.33532 2.716036873697057642e-03
2.33802 2.722015865735645870e-03
2.34019 2.726764750843606484e-03
2.3429 2.732670053770952512e-03
2.34507 2.737347669042200764e-03
2.34778 2.743125359275098724e-03
2.35049 2.748853231134668149e-03
2.35264 2.753374422424416899e-03
2.35534 2.758982916759575906e-03
2.35803 2.764544971214399991e-03
2.36018 2.768964115576893169e-03
2.36288 2.774453300321561532e-03
2.36503 2.778818017633901023e-03
2.36775 2.784293981944850269e-03
2.37051 2.789811495040765872e-03
2.3727 2.794173130547833450e-03
2.3754 2.799499246967730552e-03
2.37756 2.803733423491932154e-03
2.38029 2.809055210359585192e-03
2.38301 2.814343610484866618e-03
2.38521 2.818576226614552364e-03
2.38795 2.823838874916139493e-03
2.39012 2.827959371272067458e-03
2.39282 2.833036761176454046e-03
2.39501 2.837107655819366431e-03
2.39777 2.842206700805456100e-03
2.40051 2.847208707769512646e-03
2.40267 2.851122453733093837e-03
2.40538 2.855971124614583960e-03
2.40755 2.859822915177098312e-03
2.41027 2.864591555771286730e-03
2.41298 2.869305072918784238e-03
2.41515 2.873035636498349164e-03
2.41786 2.877649725770148759e-03
2.42003 2.881305425862147867e-03
2.42276 2.885857981650196812e-03
2.4255 2.890382948174563104e-03
2.42768 2.893953190150555781e-03
2.43039 2.898357980843674353e-03
2.43256 2.901869560024653016e-03
2.4353 2.906273472717873976e-03
2.43805 2.910644627569327660e-03
2.44024 2.914120531231831606e-03
2.44299 2.918458250777027259e-03
2.44516 2.921878630464037896e-03
2.44787 2.926130225418304559e-03
2.45007 2.929548307173526767e-03
2.45283 2.933806678118861151e-03
2.45502 2.937165686686313542e-03
2.45773 2.941313093045234365e-03
2.46047 2.945473378318783520e-03
2.46268 2.948827531922921293e-03
2.46544 2.953002765540069848e-03
2.46762 2.956306577149377460e-03
2.47035 2.960441285844713638e-03
2.47255 2.963784779210925941e-03
2.4753 2.967979482869284851e-03
2.47804 2.972176350573581434e-03
2.48023 2.975547542825857008e-03
2.48296 2.979783780216484906e-03
2.48515 2.983195057384873446e-03
2.48788 2.987497867173909919e-03
2.49007 2.990969790800058255e-03
2.49282 2.995329593764777063e-03
2.49502 2.998832685627559388e-03
2.49777 3.003203464355015673e-03
2.50051 3.007525454846666450e-03
2.5027 3.010947364584266785e-03
2.50543 3.015146421911571884e-03
2.50761 3.018453841363669208e-03
2.51033 3.022549288299462671e-03
2.51252 3.025808953646326460e-03
2.51525 3.029881549968291288e-03
2.51799 3.033971942216364716e-03
2.52018 3.037268000428421707e-03
2.52293 3.041432981731232062e-03
2.52512 3.044788487812325351e-03
2.52787 3.049002506665215301e-03
2.53007 3.052383759960215510e-03
2.5328 3.056593341354271916e-03
2.53554 3.060785946595891410e-03
2.53771 3.064123046812358437e-03
2.54043 3.068298997141294133e-03
2.54261 3.071659150289189968e-03
2.54534 3.075891597315780473e-03
2.54752 3.079300519444810175e-03
2.55023 3.083583222721851362e-03
2.55296 3.087903312039398142e-03
2.55515 3.091402012100020243e-03
2.5579 3.095785805697098651e-03
2.56008 3.099269188582976040e-03
2.5628 3.103615275540055722e-03
2.56553 3.107938703753950708e-03
2.5677 3.111382462498387454e-03
2.57042 3.115669707868159218e-03
2.5726 3.119090744882460110e-03
2.57532 3.123377414934046855e-03
2.57751 3.126829368219661599e-03
2.58024 3.131171010216222701e-03
2.58297 3.135544847644762198e-03
2.58516 3.139069421768650361e-03
2.58792 3.143560943504233179e-03
2.59014 3.147178689957216401e-03
2.59288 3.151683717325919759e-03
2.59507 3.155286912711818218e-03
2.5978 3.159782260627787883e-03
2.60054 3.164237611643539935e-03
2.60273 3.167747350309066748e-03
2.60547 3.172034325421379305e-03
2.60767 3.175388811848135068e-03
2.61042 3.179547858578663042e-03
2.61262 3.182850617862781860e-03
2.61538 3.186979922429469120e-03
2.61759 3.190281153482117747e-03
2.62033 3.194410340559183676e-03
2.62252 3.197767812983190981e-03
2.62527 3.202056621417896307e-03
2.62804 3.206397560209420239e-03
2.63024 3.209849826124087403e-03
2.63298 3.214122802095079837e-03
2.63517 3.217527993003857934e-03
2.63792 3.221793903860315725e-03
2.64013 3.225211885566310350e-03
2.64287 3.229486807249400734e-03
2.64506 3.232934709468786479e-03
2.64782 3.237323036158426797e-03
2.65003 3.240875057645129821e-03
2.65279 3.245324911092015152e-03
2.65552 3.249787206455757513e-03
2.65772 3.253373617486106460e-03
2.66046 3.257867136675680984e-03
2.66266 3.261458097669478039e-03
2.66539 3.265927913444433440e-03
2.66758 3.269490524950752468e-03
2.67032 3.273916886861970126e-03
2.6725 3.277441907075941564e-03
2.67526 3.281858804683609587e-03
2.67801 3.286255917500590772e-03
2.68021 3.289738986307480084e-03
2.68296 3.294057946096406488e-03
2.68516 3.297500914416973648e-03
2.68792 3.301790457980706937e-03
2.69013 3.305195452938418030e-03
2.69287 3.309408542524876380e-03
2.69506 3.312771262482143604e-03
2.69782 3.316998068250071215e-03
2.70003 3.320376557099505299e-03
2.70278 3.324584477319779841e-03
2.70553 3.328788569699690694e-03
2.70773 3.332154259417619262e-03
2.71048 3.336369116157847283e-03
2.7127 3.339777851130304627e-03
2.71549 3.344091056044780786e-03
2.71772 3.347547713245368779e-03
2.72047 3.351847289138145097e-03
2.72267 3.355313724718807060e-03
2.72541 3.359676867641912985e-03
2.72761 3.363199680908060714e-03
2.73035 3.367647805620578149e-03
2.73254 3.371247562674456032e-03
2.73528 3.375797928484493976e-03
2.73802 3.380397973693755661e-03
2.74021 3.384113171598592765e-03
2.74296 3.388784784748768292e-03
2.74517 3.392521877780618929e-03
2.74792 3.397173739720231109e-03
2.75013 3.400860836314849745e-03
2.75287 3.405389517012303614e-03
2.75506 3.408968940019526696e-03
2.75779 3.413389331709884133e-03
2.76052 3.417780786108195069e-03
2.76272 3.421310605857607896e-03
2.76547 3.425751024180440519e-03
2.76767 3.429330995026704659e-03
2.77042 3.433846091463992577e-03
2.77263 3.437495524161247006e-03
2.7754 3.442112507725590947e-03
2.77761 3.445814996237761725e-03
2.78038 3.450437365890098376e-03
2.78259 3.454130651918579150e-03
2.78534 3.458718667102983046e-03
2.78754 3.462384668806927149e-03
2.79029 3.466968385781050727e-03
2.79304 3.471551783790505392e-03
2.79523 3.475203721970148221e-03
2.79796 3.479745773468250186e-03
2.80014 3.483377316926094050e-03
2.80289 3.487929469889640942e-03
2.80509 3.491564937073792212e-03
2.80783 3.496089540761511058e-03
2.81002 3.499706895115721125e-03
2.81277 3.504249169953245133e-03
2.81552 3.508794950088562487e-03
2.81773 3.512429971233528136e-03
2.82049 3.516969240542408039e-03
2.8227 3.520602063961602787e-03
2.82547 3.525145658105794180e-03
2.82767 3.528768831048979034e-03
2.83041 3.533262362476795228e-03
2.8326 3.536856820686555287e-03
2.83536 3.541370106820327171e-03
2.83756 3.544983421636892749e-03
2.84032 3.549516977519295499e-03
2.84252 3.553152439990083390e-03
2.84528 3.557702855371445375e-03
2.84804 3.562265019060326457e-03
2.85024 3.565928487932755291e-03
2.853 3.570526132524243831e-03
2.85521 3.574221814106950511e-03
2.85798 3.578873513570098117e-03
2.86019 3.582606494858935411e-03
2.86295 3.587258022176975820e-03
2.86515 3.590987252652139139e-03
2.8679 3.595656606507850045e-03
2.87011 3.599390768524105520e-03
2.87286 3.604037281828427388e-03
2.87505 3.607741371203801450e-03
2.8778 3.612384675932354960e-03
2.88001 3.616117488719085022e-03
2.88277 3.620784681031533406e-03
2.88553 3.625454885214924542e-03
2.88774 3.629197077642746204e-03
2.89052 3.633904159290258801e-03
2.89274 3.637673480186191712e-03
2.89551 3.642377243391666658e-03
2.89772 3.646131700753616964e-03
2.90048 3.650791717804487743e-03
2.90268 3.654499521605291800e-03
2.90544 3.659135723279807566e-03
2.90765 3.662850236875596008e-03
2.91042 3.667482698682113587e-03
2.91264 3.671183147258152459e-03
2.91541 3.675800669670231495e-03
2.91762 3.679483209344993483e-03
2.92039 3.684081291171198338e-03
2.92261 3.687767669544492546e-03
2.92538 3.692375679689094414e-03
2.9276 3.696049314626702158e-03
2.93036 3.700624731206609164e-03
2.93257 3.704274706048323561e-03
2.93531 3.708806213850997929e-03
2.93751 3.712426246829460524e-03
2.94028 3.716985013097985711e-03
2.94305 3.721527892413250150e-03
2.94526 3.725137191379974261e-03
2.94801 3.729637833885351885e-03
2.95022 3.733233685874887131e-03
2.95299 3.737719272110365948e-03
2.95519 3.741293001106724657e-03
2.95795 3.745737715742022359e-03
2.96016 3.749285184040335259e-03
2.96293 3.753729749722982834e-03
2.96515 3.757283740615611090e-03
2.96791 3.761707046712684053e-03
2.97012 3.765246233871665394e-03
2.97288 3.769669087855720326e-03
2.97508 3.773208308039247873e-03
2.97785 3.777651948127622346e-03
2.98007 3.781215701198404559e-03
2.98285 3.785670470165626144e-03
2.98508 3.789233515667616604e-03
2.98787 3.793676202187382454e-03
2.99008 3.797210001374123987e-03
2.99285 3.801617980962682369e-03
2.99507 3.805141858237834698e-03
2.99785 3.809533207621328479e-03
3.00006 3.813019193638926899e-03
3.00281 3.817363362618821955e-03
3.00502 3.820841724271568669e-03
3.00778 3.825212323502612428e-03
3.01054 3.829614672712971981e-03
3.01275 3.833154134501461693e-03
3.01552 3.837602453240780264e-03
3.01776 3.841205240971972724e-03
3.02055 3.845716093347411723e-03
3.02277 3.849292632533195344e-03
3.02554 3.853767297092873870e-03
3.02776 3.857358432881461980e-03
3.03054 3.861850693743295020e-03
3.03276 3.865425951191670591e-03
3.03553 3.869871830705710804e-03
3.03774 3.873418855921820832e-03
3.04051 3.877843575759383488e-03
3.04272 3.881381282311887563e-03
3.04549 3.885807786646225826e-03
3.04771 3.889352047385611928e-03
3.05048 3.893792657902032418e-03
3.0527 3.897352397394070102e-03
3.05548 3.901823248815546302e-03
3.05771 3.905409277267968878e-03
3.06049 3.909875527199521174e-03
3.06271 3.913426503964230821e-03
3.06548 3.917850788746288400e-03
3.0677 3.921378078560910918e-03
3.07047 3.925767096353355128e-03
3.0727 3.929275913697061022e-03
3.07548 3.933643407088048723e-03
3.0777 3.937109851870988948e-03
3.08047 3.941422165346071017e-03
3.08269 3.944878366757998724e-03
3.08549 3.949208908453531210e-03
3.08772 3.952658870481919572e-03
3.0905 3.956940424050231497e-03
3.09272 3.960361431112079979e-03
3.09548 3.964615498755492094e-03
3.09769 3.968022824230312343e-03
3.10047 3.972306152630777909e-03
3.10269 3.975739010549979996e-03
3.10547 3.980046233487619101e-03
3.1077 3.983502600275462893e-03
3.11048 3.987811036248934370e-03
3.11269 3.991241203706555503e-03
3.11546 3.995541417662953725e-03
3.11768 3.999005560295335222e-03
3.12046 4.003343171136584423e-03
3.1227 4.006847081690845074e-03
3.1255 4.011232320107385903e-03
3.12772 4.014712149986753194e-03
3.13049 4.019054667092733686e-03
3.1327 4.022543396097815090e-03
3.13549 4.026923704734347229e-03
3.13771 4.030435839945364744e-03
3.14049 4.034838110567717101e-03
3.14272 4.038368015654931857e-03
3.14549 4.042765585160370059e-03
3.1477 4.046280536818326092e-03
3.15048 4.050682141948727839e-03
3.1527 4.054203214941035603e-03
3.15548 4.058608939271421932e-03
3.15771 4.062135778161976400e-03
3.16049 4.066536628018991781e-03
3.16271 4.070048709336301224e-03
3.16549 4.074439748657004458e-03
3.16771 4.077957651635281434e-03
3.17049 4.082354931925782915e-03
3.17273 4.085892143446216533e-03
3.17552 4.090313890953507087e-03
3.17775 4.093829883563596637e-03
3.18052 4.098229057867828692e-03
3.18274 4.101771809589103805e-03
3.18553 4.106229100621478466e-03
3.18776 4.109804257835228750e-03
3.19054 4.114278259536520606e-03
3.19277 4.117868693820784902e-03
3.195 4.121486374354378819e-03
3.1978 4.126022220644405547e-03
3.20002 4.129644440981688688e-03
3.2028 4.134178128811508840e-03
3.20502 4.137819570361558376e-03
3.20781 4.142389202471627799e-03
3.21003 4.146051814674184439e-03
3.21281 4.150631062458149875e-03
3.21503 4.154303382639296799e-03
3.21781 4.158918850891860607e-03
3.22004 4.162619248852573312e-03
3.22282 4.167253380793957233e-03
3.22505 4.170967494994574226e-03
3.22784 4.175627973006106573e-03
3.23007 4.179367147831439602e-03
3.23286 4.184043216158285852e-03
3.23509 4.187783460179903341e-03
3.23788 4.192461567700411611e-03
3.24011 4.196204172503753722e-03
3.24289 4.200883789643138078e-03
3.24512 4.204625413592298459e-03
3.2479 4.209302096519412957e-03
3.25014 4.213055243136502523e-03
3.25294 4.217750280798325709e-03
3.25517 4.221496084768841181e-03
3.25795 4.226165121561055102e-03
3.26018 4.229901017251746359e-03
3.26298 4.234578810299164699e-03
3.26521 4.238318019009547875e-03
3.268 4.242988686841878999e-03
3.27024 4.246721286335756497e-03
3.27303 4.251370424966707633e-03
3.27525 4.255082671463057339e-03
3.27804 4.259724190676578148e-03
3.28028 4.263435659635977232e-03
3.28251 4.267138675970379678e-03
3.2853 4.271748782889787412e-03
3.28753 4.275429090203729764e-03
3.29031 4.280026339239683363e-03
3.29255 4.283698378059852367e-03
3.29533 4.288277433858758876e-03
3.29756 4.291932985905401628e-03
3.30036 4.296509435792361838e-03
3.3026 4.300171056954318199e-03
3.3054 4.304728116826092056e-03
3.30763 4.308353926880850726e-03
3.31042 4.312873402357950831e-03
3.31266 4.316477517324244194e-03
3.31545 4.320969519851808327e-03
3.31769 4.324571304930488989e-03
3.32049 4.329059820169930788e-03
3.32273 4.332624269219088192e-03
3.32552 4.337045050570807400e-03
3.32775 4.340559906071544093e-03
3.33055 4.344926935842680950e-03
3.33278 4.348397745012524268e-03
3.33502 4.351847897769829665e-03
3.33781 4.356135866983152499e-03
3.34005 4.359549426316436035e-03
3.34284 4.363795794397757818e-03
3.34507 4.367175740137688167e-03
3.34786 4.371398662856886864e-03
3.3501 4.374787366248928527e-03
3.3529 4.379037188057191901e-03
3.35514 4.382441808137145685e-03
3.35794 4.386701660453280402e-03
3.36017 4.390115717477965050e-03
3.36297 4.394384956379292911e-03
3.3652 4.397805789204633359e-03
3.368 4.402096676381306306e-03
3.37024 4.405533171888468408e-03
3.37304 4.409821481995347681e-03
3.37527 4.413246572980051435e-03
3.37751 4.416669729520000635e-03
3.3803 4.420946466211824605e-03
3.38254 4.424365135752156460e-03
3.38534 4.428647040504402749e-03
3.38758 4.432080853231226691e-03
3.39038 4.436383981644781427e-03
3.39262 4.439830898495628238e-03
3.39541 4.444136421367947051e-03
3.39765 4.447577474936744747e-03
3.40045 4.451878497431121726e-03
3.40269 4.455319444704597051e-03
3.40548 4.459616526374417592e-03
3.40772 4.463054096992394304e-03
3.41052 4.467354628913277129e-03
3.41276 4.470801143657454797e-03
3.41501 4.474252440700688359e-03
3.41781 4.478574618715504101e-03
3.42005 4.482041337837240798e-03
3.42284 4.486386962817784027e-03
3.42508 4.489874639139608027e-03
3.42788 4.494257458158786717e-03
3.43011 4.497787282140846762e-03
3.43291 4.502226330161598379e-03
3.43515 4.505800360645293920e-03
3.43796 4.510282285521657539e-03
3.4402 4.513877081326454592e-03
3.443 4.518375104980034036e-03
3.44524 4.521967664753624543e-03
3.44804 4.526450871825103001e-03
3.45028 4.530034903059929410e-03
3.45252 4.533616778276703362e-03
3.45532 4.538092672060361869e-03
3.45756 4.541677989923143498e-03
3.46037 4.546158002643241325e-03
3.46261 4.549746715106378105e-03
3.46542 4.554233829327901904e-03
3.46767 4.557816792149126800e-03
3.47047 4.562287427889184094e-03
3.47271 4.565863607954115735e-03
3.47551 4.570333565329813552e-03
3.47775 4.573911264161305626e-03
3.48056 4.578401286496542807e-03
3.4828 4.581996578240173264e-03
3.48505 4.585593682034343720e-03
3.48785 4.590094816861519690e-03
3.4901 4.593698407799756862e-03
3.4929 4.598206714357281309e-03
3.49514 4.601818321423606188e-03
3.49795 4.606338120948647551e-03
3.50019 4.609959880351856797e-03
3.50299 4.614497909600998211e-03
3.50523 4.618134658858498443e-03
3.50805 4.622704260931688632e-03
3.5103 4.626369787789656393e-03
3.51255 4.630033556563733013e-03
3.51535 4.634612144204924671e-03
3.5176 4.638281861329027374e-03
3.5204 4.642877032664811075e-03
3.52264 4.646560373602282891e-03
3.52546 4.651198808088740505e-03
3.52771 4.654916703434289378e-03
3.53052 4.659557009003122835e-03
3.53277 4.663272772574013000e-03
3.53501 4.666995696332226426e-03
3.53782 4.671658721766413537e-03
3.54007 4.675393409848811917e-03
3.54287 4.680063410302200133e-03
3.54512 4.683803649891828125e-03
3.54792 4.688487677180930117e-03
3.55017 4.692238327791767305e-03
3.55298 4.696941715108003679e-03
3.55524 4.700709716603245457e-03
3.55805 4.705411861556822034e-03
3.56029 4.709170379446578694e-03
3.56253 4.712934040967077173e-03
3.56535 4.717651671224802092e-03
3.5676 4.721429119347224021e-03
3.57041 4.726158842466497874e-03
3.57266 4.729946425817387924e-03
3.57547 4.734677431167452072e-03
3.57771 4.738464827872414242e-03
3.58053 4.743222288671303070e-03
3.58279 4.747042565604092136e-03
3.58505 4.750861718746630241e-03
3.58785 4.755620557585544909e-03
3.5901 4.759433239271184009e-03
3.59291 4.764219292845098090e-03
3.59517 4.768053891443174014e-03
3.59798 4.772851297567630088e-03
3.60023 4.776694222723075825e-03
3.60304 4.781499485163007677e-03
3.60528 4.785346116850491306e-03
3.60753 4.789199245512677956e-03
3.61034 4.794029434323415773e-03
3.6126 4.797897824000694686e-03
3.6154 4.802727460125718467e-03
3.61765 4.806594569764352856e-03
3.62046 4.811436578446787529e-03
3.62271 4.815313622006389856e-03
3.62552 4.820163360801041526e-03
3.62777 4.824045316463305109e-03
3.63002 4.827927589532744757e-03
3.63283 4.832778304905174273e-03
3.63507 4.836659868111370213e-03
3.63789 4.841528447027564595e-03
3.64014 4.845424380772725068e-03
3.64296 4.850283840639674562e-03
3.6452 4.854170004475332964e-03
3.64802 4.859043793060973185e-03
3.65028 4.862951784819408152e-03
3.65254 4.866856506084440981e-03
3.65535 4.871722978448216751e-03
3.6576 4.875617527914651722e-03
3.66042 4.880504237814540548e-03
3.66267 4.884415351437039650e-03
3.66549 4.889297017807644162e-03
3.66774 4.893202614121515935e-03
3.67056 4.898095589957345876e-03
3.67281 4.902017462622003906e-03
3.67507 4.905940863048475695e-03
3.67788 4.910842906847073461e-03
3.68014 4.914769841548254081e-03
3.68296 4.919701836436246069e-03
3.68522 4.923653812418727835e-03
3.68804 4.928589962577294495e-03
3.69029 4.932543633735225058e-03
3.69254 4.936509007197499924e-03
3.69537 4.941481109400447207e-03
3.69762 4.945463670403453006e-03
3.70044 4.950442556137349924e-03
3.70269 4.954431595978577713e-03
3.70551 4.959430485758479362e-03
3.70777 4.963435025558789009e-03
3.71002 4.967444844194770191e-03
3.71284 4.972463833724216284e-03
3.7151 4.976482251479895889e-03
3.71792 4.981509280509148312e-03
3.72017 4.985539346949586885e-03
3.723 4.990595884186328768e-03
3.72526 4.994646397743237806e-03
3.72751 4.998685011963132849e-03
3.73033 5.003740062824950548e-03
3.73259 5.007803746198234186e-03
3.73542 5.012896357707049937e-03
3.73767 5.016965777646212148e-03
3.74049 5.022046895056953529e-03
3.74274 5.026125599155310646e-03
3.74501 5.030232910693148429e-03
3.74785 5.035375159778140292e-03
3.7501 5.039469623120419392e-03
3.75292 5.044595926938933404e-03
3.75518 5.048710773937471058e-03
3.758 5.053865734894260296e-03
3.76026 5.057992673666612815e-03
3.76251 5.062121851019827680e-03
3.76533 5.067291375927448702e-03
3.76758 5.071432247945226700e-03
3.7704 5.076616992789879761e-03
3.77266 5.080779390397592403e-03
3.77548 5.085991132281517113e-03
3.77773 5.090161647331347544e-03
3.78055 5.095381138153639092e-03
3.78281 5.099574275899984230e-03
3.78508 5.103784250161653643e-03
3.7879 5.109050038124627116e-03
3.79016 5.113251647858222879e-03
3.79297 5.118512698809449951e-03
3.79523 5.122739710251480311e-03
3.79805 5.128032712101300052e-03
3.80031 5.132271190780644636e-03
3.80257 5.136515224764456530e-03
3.80539 5.141832277821138317e-03
3.80765 5.146096633149343028e-03
3.81047 5.151437235071517837e-03
3.81273 5.155718928013097030e-03
3.81555 5.161081036689444540e-03
3.81781 5.165366661334345154e-03
3.82006 5.169659510479746208e-03
3.82288 5.175039843964461019e-03
3.82514 5.179354543919801289e-03
3.82796 5.184764468793661568e-03
3.83022 5.189108186877586758e-03
3.83305 5.194545843715145557e-03
3.8353 5.198895950479073304e-03
3.83756 5.203253705084315284e-03
3.84038 5.208707200669187784e-03
3.84263 5.213077740100099250e-03
3.84546 5.218560852349411229e-03
3.84772 5.222960856514850814e-03
3.85054 5.228471603232406895e-03
3.8528 5.232888768677329897e-03
3.85506 5.237313588725599038e-03
3.85789 5.242846494245378790e-03
3.86014 5.247281501601849807e-03
3.86297 5.252850866010390883e-03
3.86524 5.257318225124329308e-03
3.86806 5.262903466473043551e-03
3.87032 5.267375341046150010e-03
3.87258 5.271855505494660657e-03
3.8754 5.277467568661896313e-03
3.87766 5.281966820711269696e-03
3.88049 5.287628980876851043e-03
3.88276 5.292168675738831950e-03
3.88502 5.296702963808945334e-03
3.88784 5.302377741818070124e-03
3.8901 5.306925897856484137e-03
3.89292 5.312621667888387834e-03
3.89518 5.317194812787366838e-03
3.89801 5.322946542064129101e-03
3.90028 5.327558892949026820e-03
3.90254 5.332171802814896291e-03
3.90537 5.337951679313572041e-03
3.90763 5.342575746878589805e-03
3.91045 5.348365077557979894e-03
3.91271 5.353020988797758950e-03
3.91555 5.358871647309283726e-03
3.91782 5.363566789434793744e-03
3.92009 5.368281966425091783e-03
3.92294 5.374190310752570421e-03
3.92519 5.378889291467448680e-03
3.92801 5.384777118592474696e-03
3.93028 5.389518659964125276e-03
3.93255 5.394276872787085592e-03
3.9354 5.400258517077870767e-03
3.93768 5.405078898838878119e-03
3.94054 5.411102901300157871e-03
3.9428 5.415884208286736966e-03
3.94506 5.420674586176775847e-03
3.94789 5.426685416423984373e-03
3.95015 5.431505925255927097e-03
3.95299 5.437563248627929301e-03
3.95527 5.442429068461018468e-03
3.95754 5.447295836101042135e-03
3.96037 5.453363288907919423e-03
3.96263 5.458226225691274747e-03
3.96546 5.464307230734138238e-03
3.96772 5.469180999350480542e-03
3.97055 5.475303577880082269e-03
3.97282 5.480214676003867212e-03
3.97509 5.485138533595126063e-03
3.97793 5.491310809671760308e-03
3.9802 5.496250589816089466e-03
3.98302 5.502408535239922127e-03
3.98528 5.507344559928709256e-03
3.98755 5.512298281453703770e-03
3.99038 5.518502435221222559e-03
3.99265 5.523493602451719567e-03
3.99549 5.529751847764555889e-03
3.99776 5.534753589137855583e-03
4.00002 5.539749118295635502e-03
4.00284 5.546003770799882993e-03
4.00511 5.551015185062585337e-03
4.00793 5.557289261971491354e-03
4.0102 5.562325007066124503e-03
4.01303 5.568629016295541592e-03
4.0153 5.573680441487889776e-03
4.01756 5.578738407629826347e-03
4.02039 5.585066717755075502e-03
4.02266 5.590132752160447902e-03
4.02548 5.596472809554501465e-03
4.02775 5.601550147104776556e-03
4.03001 5.606633011795917297e-03
4.03285 5.613011617159333402e-03
4.03512 5.618125416078794537e-03
4.03795 5.624513901362519601e-03
4.04021 5.629625570491058120e-03
4.04304 5.636031207156488691e-03
4.04531 5.641170971320434713e-03
4.04758 5.646318751509973172e-03
4.05041 5.652754895201760228e-03
4.05267 5.657912482312240678e-03
4.0555 5.664371628457496623e-03
4.05776 5.669547073142461313e-03
4.06003 5.674727226006725557e-03
4.06286 5.681208507777884067e-03
4.06512 5.686401768536813832e-03
4.06795 5.692908586268667290e-03
4.07022 5.698118448845365669e-03
4.07306 5.704636904992428127e-03
4.07532 5.709854835623421471e-03
4.07759 5.715067361554367065e-03
4.08042 5.721583241696770808e-03
4.08268 5.726805315102287755e-03
4.08552 5.733345707476441948e-03
4.08779 5.738581043318598252e-03
4.09005 5.743814684986209111e-03
4.09288 5.750365630708087657e-03
4.09515 5.755623213539238017e-03
4.09798 5.762205905085034108e-03
4.10025 5.767472080897713925e-03
4.10251 5.772743685533532169e-03
4.10535 5.779359369438838434e-03
4.10762 5.784678633422177252e-03
4.11046 5.791335729388055048e-03
4.11273 5.796654840350800274e-03
4.11556 5.803316230000386995e-03
4.11783 5.808658641784462777e-03
4.12009 5.814008031443450124e-03
4.12293 5.820699384363342728e-03
4.12519 5.826055713997103751e-03
4.12803 5.832758631329034577e-03
4.13029 5.838126801231856809e-03
4.13256 5.843495883639712382e-03
4.1354 5.850224465339604746e-03
4.13768 5.855606577310486921e-03
4.14051 5.862314091295722264e-03
4.14278 5.867674995297487463e-03
4.14505 5.873047284984659298e-03
4.14789 5.879779643777781860e-03
4.15017 5.885162185967740545e-03
4.153 5.891870869497335683e-03
4.15526 5.897244460811291306e-03
4.15754 5.902645292733716374e-03
4.16038 5.909408324495755462e-03
4.16264 5.914816122445582143e-03
4.16548 5.921585100588896630e-03
4.16774 5.927022278113684532e-03
4.17002 5.932480384314481672e-03
4.17286 5.939319643323040868e-03
4.17513 5.944806384754943579e-03
4.17798 5.951681795156844347e-03
4.18024 5.957174105461787716e-03
4.18251 5.962675754551038584e-03
4.18535 5.969577639049912163e-03
4.18762 5.975112863730053930e-03
4.19046 5.982025914959020196e-03
4.19273 5.987544861580553456e-03
4.19556 5.994447735224501909e-03
4.19784 5.999987547464823504e-03
4.20011 6.005521581634611777e-03
4.20295 6.012406998397653267e-03
4.20522 6.017902586371730138e-03
4.20805 6.024763125061919841e-03
4.21032 6.030245299984041997e-03
4.21259 6.035727120175711675e-03
4.21543 6.042589440274461106e-03
4.21771 6.048080351813889602e-03
4.22054 6.054927745515625674e-03
4.22281 6.060411210127002526e-03
4.22508 6.065912256695430230e-03
4.22792 6.072805216628643539e-03
4.23019 6.078326114972824878e-03
4.23302 6.085237341741618795e-03
4.23529 6.090783999248531796e-03
4.23757 6.096354425486257347e-03
4.24041 6.103336437449919175e-03
4.24268 6.108930055902367200e-03
4.24552 6.115942270981062322e-03
4.24778 6.121559487650505421e-03
4.25005 6.127185367606096875e-03
4.25289 6.134234381860975693e-03
4.25516 6.139885654451343253e-03
4.258 6.146952490988470165e-03
4.26026 6.152602136391222172e-03
4.26253 6.158249035938370523e-03
4.26537 6.165311911099178449e-03
4.26765 6.170956694177423020e-03
4.27049 6.177997991799461311e-03
4.27276 6.183619688408093125e-03
4.27503 6.189231146495582925e-03
4.27787 6.196228327662089107e-03
4.28013 6.201822022232903082e-03
4.28297 6.208823878995647569e-03
4.28525 6.214425930123476487e-03
4.28751 6.220023232322757258e-03
4.29035 6.227023410322736659e-03
4.29262 6.232634623523875678e-03
4.29546 6.239665553416338072e-03
4.29773 6.245303268145883761e-03
4.3 6.250955581352575334e-03
4.30284 6.258040458551722938e-03
4.30511 6.263728369093882718e-03
4.30796 6.270859933879538960e-03
4.31023 6.276586361704624382e-03
4.31251 6.282329282861652195e-03
4.31535 6.289519590601102238e-03
4.31761 6.295277600044960932e-03
4.32045 6.302495193875835497e-03
4.32272 6.308287026164989542e-03
4.32556 6.315536897671929911e-03
4.32783 6.321340757622015416e-03
4.3301 6.327145511651120942e-03
4.33294 6.334403367685277793e-03
4.33521 6.340207032423966771e-03
4.33806 6.347454405961886273e-03
4.34033 6.353245983255702972e-03
4.34261 6.359028967475636139e-03
4.34544 6.366226532972843813e-03
4.34771 6.371976930353067704e-03
4.35055 6.379170166140447733e-03
4.35283 6.384924142110960307e-03
4.3551 6.390672446349818236e-03
4.35793 6.397852591901097459e-03
4.3602 6.403601677774230921e-03
4.36304 6.410802804444914495e-03
4.36532 6.416571692192145869e-03
4.36759 6.422351129332293761e-03
4.37043 6.429591103209230350e-03
4.37271 6.435398126444436678e-03
4.37555 6.442677437607578599e-03
4.37782 6.448521613717046394e-03
4.3801 6.454385231106522791e-03
4.38294 6.461732602734407069e-03
4.38521 6.467613383419186686e-03
4.38805 6.474985320249642719e-03
4.39032 6.480911102400655453e-03
4.39259 6.486849786016259285e-03
4.39544 6.494283409782490059e-03
4.39771 6.500238354840058574e-03
4.40055 6.507698118091440401e-03
4.40282 6.513677826185442811e-03
4.4051 6.519658920852461348e-03
4.40794 6.527132646043790239e-03
4.41022 6.533108164510317839e-03
4.41306 6.540558352675309231e-03
4.41533 6.546511287672689139e-03
4.4176 6.552468009918994973e-03
4.42045 6.559918031403142759e-03
4.42272 6.565869626275862118e-03
4.42556 6.573289781261083126e-03
4.42783 6.579224341796633367e-03
4.43011 6.585178939140858521e-03
4.43295 6.592625834041069242e-03
4.43523 6.598579590630356505e-03
4.43807 6.606028784242547539e-03
4.44034 6.612002440866774147e-03
4.44262 6.617991570907745709e-03
4.44546 6.625501073879997392e-03
4.44774 6.631534113850889346e-03
4.45001 6.637585818566976888e-03
4.45285 6.645157952655122817e-03
4.45512 6.651234444156886409e-03
4.45797 6.658877345906538334e-03
4.46025 6.665023919982062707e-03
4.46253 6.671183756088188387e-03
4.46537 6.678887120935152188e-03
4.46764 6.685068516963470035e-03
4.47048 6.692835498022947811e-03
4.47276 6.699063378278996561e-03
4.47504 6.705298079038881504e-03
4.47788 6.713101441254196340e-03
4.48015 6.719345411237396398e-03
4.48299 6.727149010723651110e-03
4.48526 6.733401992127100930e-03
4.48755 6.739678637769498486e-03
4.4904 6.747524931798114765e-03
4.49267 6.753770966876858177e-03
4.49551 6.761579056975350853e-03
4.49779 6.767848254052829908e-03
4.50007 6.774127077110868485e-03
4.50292 6.781971361585445966e-03
4.50519 6.788241523765010076e-03
4.50803 6.796092594258080349e-03
4.51031 6.802390699208873265e-03
4.51258 6.808702642460413672e-03
4.51543 6.816628451858135901e-03
4.51771 6.822993066046698779e-03
4.52056 6.830959496905273168e-03
4.52283 6.837347877499924849e-03
4.5251 6.843766945960694584e-03
4.52795 6.851851721648869083e-03
4.53023 6.858348158775913646e-03
4.53251 6.864848463460873629e-03
4.53535 6.873008411670386043e-03
4.53763 6.879571889984401403e-03
4.54047 6.887810624430400902e-03
4.54275 6.894427312737340212e-03
4.54503 6.901064838819919930e-03
4.54788 6.909376421665374551e-03
4.55015 6.916020304170215210e-03
4.55299 6.924337475735108452e-03
4.55527 6.931027693292209427e-03
4.55756 6.937721901188571676e-03
4.5604 6.946073866766262588e-03
4.56268 6.952746250483293061e-03
4.56552 6.961090251190352879e-03
4.5678 6.967769539487054381e-03
4.57007 6.974448935892553839e-03
4.57292 6.982817063409576738e-03
4.5752 6.989514560208817326e-03
4.57805 6.997878551698705728e-03
4.58033 7.004574958683825424e-03
4.58261 7.011296761062932488e-03
4.58547 7.019736410451280981e-03
4.58775 7.026497186565232485e-03
4.59002 7.033249984280122782e-03
4.59287 7.041721252017948095e-03
4.59514 7.048530974223833449e-03
4.59799 7.057080093184742338e-03
4.60027 7.063964015127043548e-03
4.60255 7.070881393418128151e-03
4.6054 7.079557743924349417e-03
4.60767 7.086517331928888531e-03
4.61052 7.095265433404063411e-03
4.61281 7.102323953669508610e-03
4.61509 7.109406813323757707e-03
4.61794 7.118255843062607120e-03
4.62022 7.125348768470957973e-03
4.62306 7.134239130892804093e-03
4.62534 7.141365978956743139e-03
4.62762 7.148505673775348325e-03
4.63047 7.157455464700578432e-03
4.63275 7.164617121589850895e-03
4.63503 7.171748344043866671e-03
4.63787 7.180658361781902532e-03
4.64015 7.187806877740056562e-03
4.64301 7.196746185565116617e-03
4.64529 7.203885073723264622e-03
4.64757 7.211012781112277441e-03
4.65042 7.219918068567189769e-03
4.6527 7.227039125457107582e-03
4.65555 7.235942708882151311e-03
4.65783 7.243089366970147276e-03
4.66012 7.250244303651387327e-03
4.66296 7.259179449736443551e-03
4.66524 7.266331644141528316e-03
4.66752 7.273510563791970099e-03
4.67037 7.282544115781106227e-03
4.67265 7.289799928275675529e-03
4.6755 7.298897821620855056e-03
4.67778 7.306208015539904232e-03
4.68006 7.313538239963396879e-03
4.68291 7.322738514233904233e-03
4.68519 7.330148938870044949e-03
4.68805 7.339472995838970844e-03
4.69034 7.346950529881950478e-03
4.69261 7.354419321191232525e-03
4.69545 7.363782414517149044e-03
4.69774 7.371315035442958276e-03
4.70002 7.378859440683672478e-03
4.70287 7.388299310332469005e-03
4.70515 7.395854534199284951e-03
4.708 7.405287868521767507e-03
4.71028 7.412818074535439290e-03
4.71256 7.420341379087926417e-03
4.71542 7.429785864064093227e-03
4.71771 7.437328941834983262e-03
4.72056 7.446711411363993172e-03
4.72284 7.454197587373535307e-03
4.72512 7.461671316590925800e-03
4.72797 7.470997668292024205e-03
4.73025 7.478451763969090789e-03
4.73253 7.485909937754484100e-03
4.73539 7.495227942024213115e-03
4.73767 7.502653935332424112e-03
4.74051 7.511942806853199456e-03
4.74279 7.519408611986449359e-03
4.74508 7.526895288063276818e-03
4.74794 7.536273809224443114e-03
4.75022 7.543795323924222355e-03
4.7525 7.551338678251365115e-03
4.75535 7.560775568740052931e-03
4.75763 7.568352775379638513e-03
4.76049 7.577897081324833257e-03
4.76278 7.585567290945993517e-03
4.76506 7.593238009047625914e-03
4.76791 7.602824999212541048e-03
4.77019 7.610517379482698540e-03
4.77304 7.620170085133368132e-03
4.77532 7.627902486485761170e-03
4.77761 7.635646040106961428e-03
4.78046 7.645327695716968783e-03
4.78274 7.653052025727533417e-03
4.78502 7.660764409983660331e-03
4.78787 7.670406942283705329e-03
4.79016 7.678125336975089379e-03
4.79302 7.687749976497367140e-03
4.7953 7.695421719163714723e-03
4.79758 7.703075833539652431e-03
4.80043 7.712616192830566014e-03
4.80272 7.720229035338421752e-03
4.80557 7.729736201532485217e-03
4.80786 7.737333985164419545e-03
4.81014 7.744914187515813953e-03
4.81299 7.754351993967734114e-03
4.81527 7.761898715564314113e-03
4.81755 7.769459872715931033e-03
4.8204 7.778917732213955910e-03
4.82269 7.786511700919360179e-03
4.82555 7.796028777126812540e-03
4.82784 7.803645646567645457e-03
4.83012 7.811266131096892759e-03
4.83297 7.820820303359165074e-03
4.83526 7.828492051647555419e-03
4.83754 7.836183997047489747e-03
4.84039 7.845820378713343549e-03
4.84267 7.853548897253219765e-03
4.84552 7.863226284614097117e-03
4.8478 7.870980342287609358e-03
4.85008 7.878751187816125309e-03
4.85294 7.888497921357345843e-03
4.85523 7.896299412492202574e-03
4.85751 7.904088188889506553e-03
4.86037 7.913818944621569748e-03
4.86265 7.921589767480030631e-03
4.8655 7.931286536333775200e-03
4.86778 7.939050372958202095e-03
4.87008 7.946820347450776756e-03
4.87294 7.956502432612092696e-03
4.87522 7.964202935651315193e-03
4.8775 7.971888156562580499e-03
4.88036 7.981480869728590360e-03
4.88264 7.989142442053467907e-03
4.8855 7.998715754564851566e-03
4.88779 8.006372233449477946e-03
4.89008 8.014017974798327143e-03
4.89292 8.023547452094209956e-03
4.8952 8.031175584309085264e-03
4.89806 8.040754902930798489e-03
4.90035 8.048430900800502413e-03
4.90264 8.056128879130042275e-03
4.9055 8.065777486328149296e-03
4.90779 8.073504079275756543e-03
4.91007 8.081236878613905911e-03
4.91293 8.090931125336273469e-03
4.91521 8.098713774322060036e-03
4.91807 8.108465301298925509e-03
4.92035 8.116272323505114086e-03
4.92263 8.124091602491093425e-03
4.92549 8.133875733741762273e-03
4.92777 8.141708627093095438e-03
4.93005 8.149553814094712134e-03
4.93291 8.159393867469994302e-03
4.93521 8.167262638395960880e-03
4.93806 8.177060347419114195e-03
4.94035 8.184888761714071564e-03
4.94263 8.192699723988689647e-03
4.94548 8.202443250941316572e-03
4.94777 8.210243640119338493e-03
4.95006 8.218050921466085040e-03
4.95293 8.227783448731929017e-03
4.95521 8.235530450147146575e-03
4.95807 8.245200450821313712e-03
4.96036 8.252934865511324034e-03
4.96264 8.260665154741159491e-03
4.9655 8.270329863440298301e-03
4.96779 8.278066426326542368e-03
4.97008 8.285804414887455033e-03
4.97293 8.295471611831830433e-03
4.97521 8.303219851342198699e-03
4.97806 8.312941599295943507e-03
4.98035 8.320738438467445777e-03
4.98265 8.328589040031924781e-03
4.98552 8.338443437387698179e-03
4.98781 8.346323530947150071e-03
4.9901 8.354196559645928055e-03
4.99295 8.364058999418541585e-03
4.99524 8.371963126311766229e-03
4.99752 8.379877478356870593e-03
5.00038 8.389798687765648647e-03
5.00267 8.397744009407464780e-03
5.00553 8.407654368637388492e-03
5.00781 8.415568061734561914e-03
5.01009 8.423482253637554901e-03
5.01295 8.433385518377555998e-03
5.01524 8.441296472636857645e-03
5.01753 8.449209006720137527e-03
5.0204 8.459080837549452433e-03
5.02269 8.466943146476686027e-03
5.02554 8.476743895930926795e-03
5.02783 8.484573653908419194e-03
5.03011 8.492395913720246839e-03
5.03297 8.502168268887425398e-03
5.03527 8.509999547126062200e-03
5.03756 8.517829278111902630e-03
5.04042 8.527591507460179077e-03
5.0427 8.535402537665576217e-03
5.04556 8.545194233675121667e-03
5.04785 8.553050161409699384e-03
5.05014 8.560922133929817213e-03
5.05301 8.570786731155513247e-03
5.0553 8.578701291838063472e-03
5.05758 8.586613365783401716e-03
5.06043 8.596532937397602728e-03
5.06272 8.604505592674718470e-03
5.06501 8.612501854737332832e-03
5.06787 8.622538270635589364e-03
5.07017 8.630604511386396824e-03
5.07304 8.640691837484427984e-03
5.07533 8.648734736766989367e-03
5.07761 8.656782128876593443e-03
5.08047 8.666848724737899468e-03
5.08276 8.674900653778702328e-03
5.08505 8.682955568567869015e-03
5.08791 8.693023104823527705e-03
5.0902 8.701057295500233546e-03
5.09306 8.711052896513252902e-03
5.09534 8.719034184918933103e-03
5.09763 8.727019917811445690e-03
5.10049 8.736983407507118576e-03
5.10278 8.744960168340316919e-03
5.10508 8.752933664520876761e-03
5.10795 8.762873948667680019e-03
5.11023 8.770802134236447764e-03
5.11252 8.778731346212013606e-03
5.11538 8.788652614986241715e-03
5.11766 8.796600716665008493e-03
5.12053 8.806591424055742676e-03
5.12283 8.814611983145296051e-03
5.12512 8.822639130572008243e-03
5.12798 8.832688401258500382e-03
5.13027 8.840758545562909729e-03
5.13255 8.848858731435703048e-03
5.13542 8.859023370160605884e-03
5.13771 8.867211951616183266e-03
5.14001 8.875426737723747170e-03
5.14287 8.885707775850199691e-03
5.14516 8.893945168275177102e-03
5.14802 8.904263407860695673e-03
5.1503 8.912529822149191372e-03
5.15259 8.920806934042567124e-03
5.15546 8.931212432687836086e-03
5.15776 8.939540367456094358e-03
5.16005 8.947852888099183666e-03
5.16291 8.958231731303126222e-03
5.1652 8.966517251659828630e-03
5.16806 8.976848627088702959e-03
5.17035 8.985105300711023965e-03
5.17264 8.993362335009661909e-03
5.1755 9.003666881685417830e-03
5.17779 9.011895654455492205e-03
5.18008 9.020115513098218851e-03
5.18294 9.030369032250473021e-03
5.18522 9.038562276377656857e-03
5.18751 9.046764538110088280e-03
5.19038 9.057053707082035957e-03
5.19267 9.065297927103203174e-03
5.19554 9.075623570873235513e-03
5.19783 9.083908236338937917e-03
5.20012 9.092203109480025830e-03
5.20298 9.102606447644672263e-03
5.20526 9.110968715530661302e-03
5.20755 9.119368475735493626e-03
5.21041 9.129923021863469226e-03
5.21271 9.138424769855303664e-03
5.215 9.146961155640724594e-03
5.21787 9.157655479099333778e-03
5.22016 9.166241034663310736e-03
5.22302 9.177016418906136855e-03
5.22531 9.185666335190294240e-03
5.2276 9.194349328544336800e-03
5.23048 9.205274010254253444e-03
5.23279 9.214026773314412666e-03
5.23508 9.222747746988634032e-03
5.23795 9.233652201899297807e-03
5.24024 9.242355542881336081e-03
5.24252 9.251047262363313456e-03
5.24539 9.261909990055250050e-03
5.24768 9.270600209180343554e-03
5.25055 9.281446722020232284e-03
5.25284 9.290112561010975198e-03
5.25513 9.298767131325399657e-03
5.25799 9.309547931654950717e-03
5.26028 9.318160997527887360e-03
5.26257 9.326783396248018720e-03
5.26544 9.337578930821991557e-03
5.26773 9.346224884202513489e-03
5.27003 9.354887692963794951e-03
5.27289 9.365741461658125266e-03
5.27518 9.374424904086490692e-03
5.27804 9.385319722330353123e-03
5.28033 9.394076775050233530e-03
5.28262 9.402872556284127756e-03
5.28549 9.413940410465530470e-03
5.28778 9.422862331558957971e-03
5.29008 9.431828839696147423e-03
5.29294 9.443054492360552707e-03
5.29523 9.452083945745804600e-03
5.29752 9.461164101524753220e-03
5.30038 9.472572834129906055e-03
5.30268 9.481742170771061823e-03
5.30554 9.493250392351867961e-03
5.30784 9.502487808714142961e-03
5.31013 9.511750708915625227e-03
5.313 9.523350991374253394e-03
5.31529 9.532626455017758488e-03
5.31758 9.541906279846957412e-03
5.32044 9.553520817266691195e-03
5.32274 9.562815071138200049e-03
5.32504 9.572116277541450197e-03
5.32793 9.583785674453801015e-03
5.33024 9.593106546899456827e-03
5.33254 9.602379808961775468e-03
5.33542 9.613954083185449057e-03
5.33771 9.623170896455136153e-03
5.34 9.632370385973662227e-03
5.34287 9.643865488183333765e-03
5.34516 9.653063647693900171e-03
5.34803 9.664575094576008385e-03
5.35032 9.673806537528334415e-03
5.35261 9.683059191228818308e-03
5.35548 9.694646858207145446e-03
5.35776 9.703951512979447705e-03
5.36006 9.713309976607690382e-03
5.36293 9.725088700168511499e-03
5.36523 9.734580650280872174e-03
5.36754 9.744167575921069274e-03
5.37043 9.756227095668491486e-03
5.37272 9.765871512240125937e-03
5.37502 9.775569039004892644e-03
5.37788 9.787742368635273665e-03
5.38017 9.797524376411435171e-03
5.38303 9.809832440266666106e-03
5.38533 9.819745870327715662e-03
5.38763 9.829694522949083274e-03
5.39049 9.842136879409804986e-03
5.39278 9.852115848068436488e-03
5.39507 9.862112952587822126e-03
5.39794 9.874621992058922951e-03
5.40023 9.884655202104040972e-03
5.40254 9.894708266599907404e-03
5.40541 9.907261212505600462e-03
5.40772 9.917288332188918532e-03
5.41002 9.927299126414990127e-03
5.41289 9.939746022156900618e-03
5.41518 9.949674949568857937e-03
5.41804 9.962053494306151794e-03
5.42033 9.971935201137344107e-03
5.42263 9.981813335099135043e-03
5.4255 9.994180113187202744e-03
5.42779 1.000407208039342556e-02
5.43011 1.001403817836146390e-02
5.433 1.002651232749225511e-02
5.43531 1.003649633063014024e-02
5.43762 1.004650076016401494e-02
5.4405 1.005904447436397307e-02
5.44281 1.006911393449335182e-02
5.44511 1.007922834846044710e-02
5.44798 1.009189333975490412e-02
5.45028 1.010208489390220996e-02
5.45257 1.011232933740626935e-02
5.45544 1.012521324302908393e-02
5.45773 1.013557770777370574e-02
5.46003 1.014599112323664662e-02
5.46289 1.015908730599824651e-02
5.46519 1.016963711722009001e-02
5.46806 1.018288756532727095e-02
5.47037 1.019356527887181792e-02
5.47267 1.020427452923966180e-02
5.47555 1.021770533665762766e-02
5.47786 1.022847383900492638e-02
5.48017 1.023924159224760475e-02
5.48304 1.025267003560533831e-02
5.48534 1.026340801532328595e-02
5.48764 1.027410685193811714e-02
5.49051 1.028745900512148016e-02
5.4928 1.029812297818621242e-02
5.4951 1.030876551751030469e-02
5.49796 1.032202688473460132e-02
5.50026 1.033259963915158890e-02
5.50255 1.034314932501551564e-02
5.50542 1.035632224193810957e-02
5.50771 1.036684194057608220e-02
5.51002 1.037738628487069360e-02
5.5129 1.039057380942040934e-02
5.51521 1.040115286838287460e-02
5.51753 1.041176827113275694e-02
5.52042 1.042504271101703239e-02
5.52272 1.043563267039833084e-02
5.52503 1.044625384993148540e-02
5.5279 1.045954920084299182e-02
5.53019 1.047022833667823026e-02
5.53306 1.048364770081305561e-02
5.53535 1.049444419764059867e-02
5.53765 1.050530450487676890e-02
5.54053 1.051898789259973765e-02
5.54283 1.053000145051333561e-02
5.54513 1.054109734173749348e-02
5.54801 1.055504764940942870e-02
5.55033 1.056630467184300516e-02
5.55264 1.057762472069404165e-02
5.55554 1.059184758938981792e-02
5.55786 1.060327710433985916e-02
5.56018 1.061473512119987840e-02
5.56307 1.062905680053969834e-02
5.56538 1.064053148459543838e-02
5.56769 1.065197709775596129e-02
5.57057 1.066627094100426436e-02
5.57287 1.067768687824048948e-02
5.57517 1.068907845984812775e-02
5.57804 1.070329488015739176e-02
5.58034 1.071464171278025540e-02
5.58263 1.072596412281447142e-02
5.58551 1.074011048908001496e-02
5.58782 1.075140439988144132e-02
5.59012 1.076270335200266680e-02
5.59302 1.077683294197460083e-02
5.59534 1.078812094328784367e-02
5.59766 1.079941059255195603e-02
5.60056 1.081351170577444024e-02
5.60287 1.082475310527195207e-02
5.60518 1.083600037006818978e-02
5.60807 1.085005765208928510e-02
5.61037 1.086131580578024967e-02
5.61268 1.087259412610731661e-02
5.61555 1.088671159109972329e-02
5.61785 1.089805150883203962e-02
5.62015 1.090943234511611640e-02
5.62302 1.092372960341465339e-02
5.62532 1.093521892752285889e-02
5.62762 1.094676129661425155e-02
5.63049 1.096127413708852978e-02
5.63279 1.097295411305848449e-02
5.63509 1.098469017019898519e-02
5.63797 1.099948285609249170e-02
5.64027 1.101137552869999384e-02
5.64258 1.102332194492861017e-02
5.64546 1.103831777974736625e-02
5.64777 1.105035558535004403e-02
5.65008 1.106242337368222063e-02
5.65296 1.107754219929622287e-02
5.65527 1.108966761263263309e-02
5.65759 1.110180145742598913e-02
5.66047 1.111692870828835666e-02
5.66277 1.112901711379625513e-02
5.66507 1.114108621123165339e-02
5.66794 1.115613742842679924e-02
5.67024 1.116815602537216297e-02
5.67254 1.118015501578857943e-02
5.67542 1.119511818403593796e-02
5.67773 1.120709655041784991e-02
5.68004 1.121905024724036484e-02
5.68292 1.123395231432882529e-02
5.68522 1.124584793390001614e-02
5.68753 1.125773066983142175e-02
5.69041 1.127257783135342598e-02
5.69272 1.128445137717880298e-02
5.69503 1.129635362557114206e-02
5.69792 1.131124501976767983e-02
5.70024 1.132321012031202272e-02
5.70256 1.133521019094774554e-02
5.70546 1.135025384398328889e-02
5.70778 1.136233090207277967e-02
5.7101 1.137445073414020298e-02
5.713 1.138962721271205743e-02
5.71531 1.140182606770167618e-02
5.71762 1.141404950670649003e-02
5.7205 1.142939475874333796e-02
5.72281 1.144172308237835153e-02
5.72511 1.145409601533995021e-02
5.72799 1.146963823583493046e-02
5.73029 1.148212876729749927e-02
5.73259 1.149466861454553554e-02
5.73547 1.151042500581630698e-02
5.73778 1.152308075883792630e-02
5.74009 1.153578618766126079e-02
5.74298 1.155172562290432241e-02
5.74529 1.156450941909229098e-02
5.7476 1.157733383449384250e-02
5.7505 1.159337512097737694e-02
5.75282 1.160622681056796938e-02
5.75514 1.161907257013117256e-02
5.75804 1.163513854195368132e-02
5.76037 1.164798611126541435e-02
5.7627 1.166081369992321391e-02
5.76502 1.167361992149013386e-02
5.76793 1.168959292052013620e-02
5.77025 1.170229626941634259e-02
5.77256 1.171497508340319481e-02
5.77546 1.173076346300166127e-02
5.77777 1.174335653822175529e-02
5.78008 1.175592712678952961e-02
5.78296 1.177160117608528483e-02
5.78527 1.178413206515433256e-02
5.78757 1.179665136183466120e-02
5.79045 1.181230592533737134e-02
5.79276 1.182483744002004074e-02
5.79506 1.183738395650869857e-02
5.79794 1.185309405218803146e-02
5.80024 1.186568858565990002e-02
5.80255 1.187831679776816217e-02
5.80543 1.189416389159676964e-02
5.80773 1.190689050908516275e-02
5.81004 1.191967902031128117e-02
5.81292 1.193574221013120155e-02
5.81523 1.194866846047796562e-02
5.81754 1.196166545051053319e-02
5.82043 1.197799042969817200e-02
5.82275 1.199111444563252457e-02
5.82506 1.200429191938221819e-02
5.82795 1.202082989082381079e-02
5.83026 1.203411236709706414e-02
5.83257 1.204744174128881753e-02
5.83547 1.206416177362493181e-02
5.83778 1.207757963021307245e-02
5.8401 1.209104007521053133e-02
5.84299 1.210789416969593017e-02
5.84531 1.212139897145796640e-02
5.84763 1.213491021031466201e-02
5.85052 1.215177294133987056e-02
5.85284 1.216524205937596394e-02
5.85515 1.217869344077709970e-02
5.85803 1.219546262635631990e-02
5.86034 1.220885575171682356e-02
5.86265 1.222221425277951641e-02
5.86553 1.223887907848085488e-02
5.86784 1.225218399376720377e-02
5.87014 1.226546537297995218e-02
5.87303 1.228204802658543031e-02
5.87534 1.229530639626386090e-02
5.87765 1.230854837196157167e-02
5.88054 1.232509876827312875e-02
5.88285 1.233833049764966952e-02
5.88516 1.235155481217970093e-02
5.88805 1.236808775088162060e-02
5.89036 1.238132614715879536e-02
5.89268 1.239458156490996603e-02
5.89557 1.241118449096041340e-02
5.89788 1.242450863726432021e-02
5.9002 1.243786648995681005e-02
5.90251 1.245128040224095789e-02
5.90541 1.246811692951311536e-02
5.90773 1.248165698980441794e-02
5.91005 1.249526569031446724e-02
5.91296 1.251235488422506106e-02
5.91528 1.252609264681090080e-02
5.91761 1.253988809244084394e-02
5.92052 1.255722538756991018e-02
5.92284 1.257116083131702353e-02
5.92517 1.258516227979760739e-02
5.9275 1.259922680782643405e-02
5.93041 1.261688198410644210e-02
5.93275 1.263108148854585541e-02
5.93509 1.264531639233839981e-02
5.938 1.266311095245821298e-02
5.94033 1.267736191994293937e-02
5.94266 1.269160746961713049e-02
5.94556 1.270939884915063718e-02
5.94789 1.272362210386350154e-02
5.95021 1.273781423270184746e-02
5.95252 1.275199137604818983e-02
5.95542 1.276966135265386604e-02
5.95774 1.278376416111806461e-02
5.96005 1.279782964717299590e-02
5.96294 1.281535616899616079e-02
5.96525 1.282933662243344528e-02
5.96756 1.284327537664320569e-02
5.97045 1.286064978639711066e-02
5.97277 1.287450957826523010e-02
5.97508 1.288833795056485050e-02
5.97796 1.290557947459499734e-02
5.98027 1.291934312993656825e-02
5.98258 1.293308623928952905e-02
5.98547 1.295024155667237088e-02
5.98778 1.296395645444014047e-02
5.99009 1.297767000055949187e-02
5.99298 1.299481826915610712e-02
5.99529 1.300855302004664572e-02
5.9976 1.302230678377612298e-02
6.00049 1.303953733443692468e-02
6.0028 1.305336106922460812e-02
6.00511 1.306722095866053035e-02
6.008 1.308461839165757541e-02
6.01032 1.309858771577174577e-02
6.01263 1.311261721718168412e-02
6.01553 1.313023167460480693e-02
6.01785 1.314439227335000536e-02
6.02017 1.315861649889361364e-02
6.02306 1.317647538199731051e-02
6.02538 1.319082681127932942e-02
6.0277 1.320523103070552276e-02
6.03002 1.321968500959535935e-02
6.03292 1.323781814515760831e-02
6.03524 1.325237528114471021e-02
6.03756 1.326697230395002501e-02
6.04046 1.328526494635271643e-02
6.04279 1.329993643672152705e-02
6.04511 1.331462491620929132e-02
6.04802 1.333301945593823486e-02
6.05034 1.334774172455544319e-02
6.05267 1.336247176981401538e-02
6.055 1.337720372486808987e-02
6.05791 1.339560404765281244e-02
6.06025 1.341032832434589997e-02
6.06258 1.342502950435154989e-02
6.0655 1.344335038073762867e-02
6.06783 1.345797217503292252e-02
6.07016 1.347255182982689745e-02
6.07307 1.349071789081713116e-02
6.0754 1.350521091197394961e-02
6.07772 1.351965691045054277e-02
6.08005 1.353407374528248219e-02
6.08295 1.355203695712647698e-02
6.08527 1.356637542685154053e-02
6.08759 1.358068386392308723e-02
6.09049 1.359853351955928220e-02
6.09281 1.361279390808678783e-02
6.09512 1.362703502077213663e-02
6.09802 1.364482941238749636e-02
6.10034 1.365905548969893746e-02
6.10265 1.367328689628221836e-02
6.10554 1.369108589938285159e-02
6.10786 1.370533998580011209e-02
6.11017 1.371961349263995343e-02
6.11306 1.373748658111948254e-02
6.11538 1.375181789794393400e-02
6.11769 1.376618041606259869e-02
6.12 1.378057904506971125e-02
6.12289 1.379863243267135525e-02
6.12521 1.381312195610109178e-02
6.12752 1.382765522493964276e-02
6.13041 1.384588721094504558e-02
6.13272 1.386052496343484833e-02
6.13504 1.387521481976681723e-02
6.13793 1.389364422318265478e-02
6.14025 1.390844551118460871e-02
6.14256 1.392329397126693992e-02
6.14546 1.394191928210118496e-02
6.14777 1.395686943272522740e-02
6.15009 1.397185588466172759e-02
6.15299 1.399064653828974505e-02
6.1553 1.400571060055020960e-02
6.15762 1.402080691470883669e-02
6.16052 1.403970839869355357e-02
6.16284 1.405485333235838123e-02
6.16517 1.407001620902195195e-02
6.16807 1.408898008252917715e-02
6.17039 1.410415277430147538e-02
6.17271 1.411932462565853967e-02
6.17503 1.413448572150456141e-02
6.17793 1.415342905946974372e-02
6.18025 1.416857449408663247e-02
6.18257 1.418371044019849612e-02
6.18547 1.420262049667359201e-02
6.18778 1.421773431542135147e-02
6.1901 1.423284026274960513e-02
6.19299 1.425170258065808736e-02
6.19531 1.426677934810716142e-02
6.19763 1.428184169860319264e-02
6.20052 1.430064877436110216e-02
6.20283 1.431567898329596904e-02
6.20515 1.433069259063244998e-02
6.20804 1.434944160833074960e-02
6.21035 1.436442269006341609e-02
6.21267 1.437939159053793804e-02
6.21556 1.439808394028610147e-02
6.21787 1.441302382900993759e-02
6.22018 1.442795216138886838e-02
6.22308 1.444659548852223092e-02
6.22539 1.446149823010804344e-02
6.2277 1.447638927606599048e-02
6.23001 1.449126984144238559e-02
6.2329 1.450985551398629309e-02
6.23522 1.452471213279745745e-02
6.23753 1.453955850795186217e-02
6.24042 1.455810270631344508e-02
6.24273 1.457292746126218758e-02
6.24504 1.458774457790588605e-02
6.24793 1.460625581328473845e-02
6.25025 1.462106081517214329e-02
6.25256 1.463586469053164939e-02
6.25545 1.465437337851332490e-02
6.25776 1.466918799382191212e-02
6.26008 1.468401203051609635e-02
6.26297 1.470256451491557675e-02
6.26528 1.471742626627114622e-02
6.2676 1.473231238652185707e-02
6.27049 1.475095790440295734e-02
6.27281 1.476591061163513331e-02
6.27512 1.478090005871943516e-02
6.27801 1.479969258774608241e-02
6.28033 1.481477809752768278e-02
6.28264 1.482990955654654025e-02
6.28554 1.484889752290796151e-02
6.28786 1.486414635273535477e-02
6.29017 1.487945067498591331e-02
6.29307 1.489865997565911759e-02
6.29539 1.491408949865110321e-02
6.29771 1.492957696704884374e-02
6.30002 1.494511664438669118e-02
6.30292 1.496461386699834278e-02
6.30524 1.498026592771773378e-02
6.30756 1.499596057696877399e-02
6.31045 1.501563234446601919e-02
6.31277 1.503140935257389274e-02
6.31509 1.504721709297965858e-02
6.31799 1.506701692012961565e-02
6.3203 1.508288459103652134e-02
6.32262 1.509877315974757044e-02
6.32552 1.511865869268361716e-02
6.32784 1.513458186476825118e-02
6.33016 1.515051389578825174e-02
6.33305 1.517043684665813491e-02
6.33537 1.518637453044824163e-02
6.33769 1.520231180019569403e-02
6.34001 1.521824050537570576e-02
6.34291 1.523813825929094291e-02
6.34523 1.525404083095491942e-02
6.34755 1.526992600621597009e-02
6.35045 1.528975797772267470e-02
6.35277 1.530559553215619061e-02
6.35509 1.532141388705004353e-02
6.35799 1.534114465207744166e-02
6.36032 1.535690020614194524e-02
6.36264 1.537262350033771589e-02
6.36555 1.539223107043930644e-02
6.36787 1.540787953480160857e-02
6.3702 1.542348663281941680e-02
6.37252 1.543905296738007013e-02
6.37543 1.545844728212218862e-02
6.37775 1.547390138362218261e-02
6.38007 1.548930586107279822e-02
6.38298 1.550849000394812285e-02
6.3853 1.552377762680155933e-02
6.38762 1.553901848175225781e-02
6.39052 1.555799203287607999e-02
6.39284 1.557311915989522712e-02
6.39516 1.558819385825594393e-02
6.39806 1.560697042514570462e-02
6.40038 1.562193740176141474e-02
6.4027 1.563685731458809569e-02
6.40501 1.565173621487932903e-02
6.40791 1.567027326205671159e-02
6.41023 1.568506488399729407e-02
6.41254 1.569982367368422116e-02
6.41544 1.571823910214292103e-02
6.41775 1.573295223592302908e-02
6.42007 1.574765628444636800e-02
6.42296 1.576603905279538864e-02
6.42528 1.578075663516943089e-02
6.42759 1.579549772668194241e-02
6.43048 1.581397007418875594e-02
6.4328 1.582879903364298874e-02
6.43511 1.584368411210072478e-02
6.438 1.586238456127445073e-02
6.44032 1.587743209912080566e-02
6.44263 1.589256556178495969e-02
6.44552 1.591161510248647812e-02
6.44784 1.592696883310521991e-02
6.45015 1.594242971748911775e-02
6.45304 1.596191435009560594e-02
6.45536 1.597763251883801625e-02
6.45767 1.599346877963903762e-02
6.46056 1.601343220077056442e-02
6.46288 1.602953435609955068e-02
6.46519 1.604575445053218682e-02
6.46751 1.606208508674367152e-02
6.4704 1.608264962894542793e-02
6.47272 1.609921386896464787e-02
6.47503 1.611587023412791586e-02
6.47793 1.613681126797498686e-02
6.48024 1.615364538895572646e-02
6.48256 1.617054905080423169e-02
6.48546 1.619175108627932819e-02
6.48777 1.620876477209940575e-02
6.49009 1.622580786697087538e-02
6.49299 1.624713743215791539e-02
6.49531 1.626421096743583053e-02
6.49763 1.628127748322783994e-02
6.50053 1.630260308418015822e-02
6.50285 1.631963662166648066e-02
6.50518 1.633664945143917940e-02
6.5075 1.635362939100303351e-02
6.51041 1.637480351757902158e-02
6.51273 1.639170001487240402e-02
6.51506 1.640854660227191592e-02
6.51796 1.642952366063669956e-02
6.52029 1.644624320091228609e-02
6.52261 1.646290167361422196e-02
6.52552 1.648363796800391898e-02
6.52784 1.650015366845413584e-02
6.53016 1.651660072788922393e-02
6.53307 1.653706067313138323e-02
6.53539 1.655334659756386648e-02
6.53772 1.656955759106135476e-02
6.54004 1.658569134505928980e-02
6.54294 1.660574379219022928e-02
6.54527 1.662169046521255744e-02
6.54759 1.663754826942513698e-02
6.5505 1.665723866263192285e-02
6.55282 1.667288363085021527e-02
6.55515 1.668842620964629264e-02
6.55805 1.670770273850697915e-02
6.56038 1.672300248501009529e-02
6.5627 1.673818710976862634e-02
6.56502 1.675325661246951717e-02
6.56792 1.677193932606587182e-02
6.57024 1.678675732841071813e-02
6.57256 1.680147268176781020e-02
6.57546 1.681971901946890946e-02
6.57778 1.683420992752169762e-02
6.5801 1.684861087518637127e-02
6.583 1.686649709357254667e-02
6.58531 1.688072599661969916e-02
6.58763 1.689488886036344395e-02
6.59053 1.691251971999275724e-02
6.59284 1.692657383858995820e-02
6.59516 1.694059904674705477e-02
6.59805 1.695810549970946934e-02
6.60037 1.697210606977080441e-02
6.60268 1.698611678523520921e-02
6.60558 1.700366276985713562e-02
6.60789 1.701774179530263220e-02
6.61021 1.703187191053590066e-02
6.61252 1.704606454978507130e-02
6.61541 1.706391187171920135e-02
6.61773 1.707828727611603731e-02
6.62005 1.709275996095456149e-02
6.62294 1.711100272153467244e-02
6.62526 1.712572424897060991e-02
6.62757 1.714057117168334837e-02
6.63047 1.715930428416462955e-02
6.63279 1.717443613289825269e-02
6.63511 1.718969318885557943e-02
6.638 1.720894152387209691e-02
6.64032 1.722448257595223312e-02
6.64264 1.724014327011258105e-02
6.64554 1.725989917178345767e-02
6.64787 1.727583240494196329e-02
6.65019 1.729188661839382163e-02
6.65251 1.730805048715837458e-02
6.65542 1.732840456977485788e-02
6.65774 1.734480355978952615e-02
6.66007 1.736129033107747244e-02
6.66298 1.738203674513408639e-02
6.66531 1.739871906615366240e-02
6.66763 1.741545686655520189e-02
6.67054 1.743646258747645270e-02
6.67287 1.745332118787706194e-02
6.67519 1.747022043756710913e-02
6.67751 1.748716544714260315e-02
6.68041 1.750837900507494840e-02
6.68273 1.752538809855105559e-02
6.68505 1.754241302436482242e-02
6.68795 1.756372048055779289e-02
6.69027 1.758077796792711228e-02
6.69258 1.759783884498372988e-02
6.69548 1.761916788842040477e-02
6.69779 1.763621921636165935e-02
6.70011 1.765326143855262125e-02
6.703 1.767453228873957366e-02
6.70531 1.769152052975659153e-02
6.70762 1.770847413034338722e-02
6.71051 1.772960695222415908e-02
6.71283 1.774645932655970204e-02
6.71514 1.776325393358917440e-02
6.71803 1.778415980900967600e-02
6.72034 1.780080507644753521e-02
6.72265 1.781737454062759171e-02
6.72554 1.783797192682344199e-02
6.72785 1.785435195447189829e-02
6.73016 1.787064060907489482e-02
6.73305 1.789086886108516572e-02
6.73537 1.790693849218696898e-02
6.73768 1.792290515979276175e-02
6.74057 1.794270682771506933e-02
6.74288 1.795842786019688844e-02
6.7452 1.797403855905462672e-02
6.74751 1.798953973451604404e-02
6.75041 1.800876888254931626e-02
6.75272 1.802402847490456456e-02
6.75504 1.803919142668844802e-02
6.75794 1.805799602800394268e-02
6.76025 1.807293374549205286e-02
6.76257 1.808777509069568398e-02
6.76547 1.810619385003363335e-02
6.76779 1.812082847349648015e-02
6.77011 1.813537750079209990e-02
6.77301 1.815345065623610518e-02
6.77533 1.816782382423138067e-02
6.77765 1.818212729833473124e-02
6.78055 1.819991498511243713e-02
6.78287 1.821408065286449218e-02
6.78519 1.822819621568464929e-02
6.78751 1.824226631981953201e-02
6.79042 1.825980878689298023e-02
6.79274 1.827380893556231067e-02
6.79506 1.828779327191834211e-02
6.79797 1.830525661436770840e-02
6.80029 1.831921475618832063e-02
6.80261 1.833316903962117425e-02
6.80551 1.835062194572275110e-02
6.80783 1.836459192432269780e-02
6.81015 1.837858667590663159e-02
6.81305 1.839611250388288252e-02
6.81536 1.841017416918386967e-02
6.81768 1.842427594720370820e-02
6.82057 1.844196865124876974e-02
6.82289 1.845618443617029827e-02
6.8252 1.847045583388678275e-02
6.82752 1.848479239143275762e-02
6.83041 1.850280463180484572e-02
6.83272 1.851729388904554616e-02
6.83503 1.853185552792654955e-02
6.83792 1.855016140891789858e-02
6.84024 1.856489111109055345e-02
6.84255 1.857969600386353420e-02
6.84544 1.859830320926633349e-02
6.84775 1.861326797720185347e-02
6.85007 1.862829756081212443e-02
6.85296 1.864717622516201892e-02
6.85527 1.866234913855633129e-02
6.85759 1.867758233443022817e-02
6.86048 1.869671027838520211e-02
6.8628 1.871207319139975983e-02
6.86511 1.872749782125047308e-02
6.86801 1.874684644909780859e-02
6.87033 1.876238568419126215e-02
6.87265 1.877796724829339930e-02
6.87554 1.879749809523084333e-02
6.87787 1.881316314678164320e-02
6.88019 1.882885110309238941e-02
6.88251 1.884457667465435499e-02
6.88542 1.886425581485760838e-02
6.88774 1.888000224690816048e-02
6.89006 1.889575444609620236e-02
6.89296 1.891544404094226348e-02
6.89528 1.893118800248167269e-02
6.8976 1.894693280203884125e-02
6.90049 1.896659012263879340e-02
6.90281 1.898231064950508737e-02
6.90512 1.899801329840822978e-02
6.90802 1.901762265619900971e-02
6.91033 1.903329097847044488e-02
6.91264 1.904894162647113864e-02
6.91553 1.906848474520570977e-02
6.91784 1.908409666967500126e-02
6.92016 1.909969233607322278e-02
6.92304 1.911915574099385881e-02
6.92535 1.913470179901574295e-02
6.92767 1.915022291541693122e-02
6.93055 1.916958541717443676e-02
6.93286 1.918504231146163364e-02
6.93517 1.920046698189806916e-02
6.93806 1.921969814526983816e-02
6.94037 1.923504301394487678e-02
6.94268 1.925034704495896462e-02
6.94557 1.926942008402534115e-02
6.94788 1.928462954154258613e-02
6.9502 1.929979579158634662e-02
6.95251 1.931492109555360895e-02
6.9554 1.933375907440174762e-02
6.95771 1.934878192418265294e-02
6.96003 1.936375208194675637e-02
6.96292 1.938239726351124667e-02
6.96524 1.939725492142411675e-02
6.96755 1.941204048019451803e-02
6.97045 1.943041808221736624e-02
6.97277 1.944503909139756737e-02
6.97508 1.945959140632006965e-02
6.97798 1.947769104285258096e-02
6.9803 1.949210304734533272e-02
6.98261 1.950645652319786191e-02
6.98551 1.952432099615599229e-02
6.98783 1.953855405666497097e-02
6.99014 1.955273438594424748e-02
6.99304 1.957039767672417649e-02
6.99536 1.958447310016263321e-02
6.99768 1.959850873728375548e-02
7 1.961250097438911946e-02
7.0029 1.962993534215921182e-02
7.00523 1.964384264508408848e-02
7.00755 1.965770870866141717e-02
7.01046 1.967499708704471481e-02
7.01278 1.968878451283813044e-02
7.0151 1.970252035426471940e-02
7.018 1.971963574261390018e-02
7.02032 1.973328401539137245e-02
7.02264 1.974689469372864492e-02
7.02554 1.976386577483521187e-02
7.02785 1.977740121998568593e-02
7.03017 1.979091022644109341e-02
7.03306 1.980775093034979617e-02
7.03538 1.982119496393359992e-02
7.03769 1.983461367611278128e-02
7.04 1.984800890912456414e-02
7.04289 1.986472699971916778e-02
7.04521 1.987808058084299459e-02
7.04752 1.989142118896576605e-02
7.05041 1.990808024367026266e-02
7.05272 1.992139797468089196e-02
7.05503 1.993471026631771226e-02
7.05792 1.995134611424920906e-02
7.06023 1.996465403477252348e-02
7.06255 1.997796490826658777e-02
7.06544 1.999460666786953555e-02
7.06775 2.000792962710398401e-02
7.07006 2.002125754936015523e-02
7.07296 2.003793142663000057e-02
7.07527 2.005128107675529722e-02
7.07759 2.006464044805220809e-02
7.08048 2.008135976530584649e-02
7.0828 2.009474395394532723e-02
7.08512 2.010814848171087882e-02
7.08801 2.012491493246036309e-02
7.09034 2.013834765010635505e-02
7.09266 2.015179113571124656e-02
7.09556 2.016861319662038854e-02
7.09788 2.018208737508539116e-02
7.10021 2.019556550370115930e-02
7.10253 2.020906606399321126e-02
7.10544 2.022594441944696245e-02
7.10777 2.023944149999838335e-02
7.1101 2.025293646371697370e-02
7.113 2.026980015311006036e-02
7.11533 2.028328444203058439e-02
7.11765 2.029676614672323506e-02
7.12056 2.031360657547899920e-02
7.12288 2.032707355787116699e-02
7.1252 2.034053276483818382e-02
7.12753 2.035398430373123665e-02
7.13043 2.037078727522036864e-02
7.13275 2.038421919843962093e-02
7.13508 2.039764047487347201e-02
7.13798 2.041438774151393618e-02
7.1403 2.042777119683987855e-02
7.14262 2.044113122439500038e-02
7.14552 2.045780960907190790e-02
7.14784 2.047113333733961010e-02
7.15015 2.048443962633225701e-02
7.15305 2.050105362852432112e-02
7.15537 2.051432438988811530e-02
7.15768 2.052758254470179664e-02
7.16058 2.054413153963422639e-02
7.16289 2.055735433292152012e-02
7.16521 2.057056161229974672e-02
7.16752 2.058375282260880082e-02
7.17041 2.060022026745765220e-02
7.17273 2.061337637391928365e-02
7.17504 2.062651597840295392e-02
7.17793 2.064291932352171899e-02
7.18025 2.065602283645225079e-02
7.18256 2.066911106593377623e-02
7.18546 2.068544884802982903e-02
7.18778 2.069849989541952193e-02
7.19009 2.071153778767588147e-02
7.19299 2.072780770991590818e-02
7.19531 2.074081187897070314e-02
7.19763 2.075379591716540809e-02
7.20053 2.077000698641471091e-02
7.20285 2.078295772849519246e-02
7.20517 2.079589126408037253e-02
7.20808 2.081204264105944793e-02
7.2104 2.082493932673410222e-02
7.21273 2.083783166305708950e-02
7.21506 2.085070159809414639e-02
7.21796 2.086674386579109516e-02
7.22029 2.087954435181762700e-02
7.22261 2.089231613583883776e-02
7.22551 2.090822881528245705e-02
7.22783 2.092093041320939456e-02
7.23015 2.093359064618819862e-02
7.23305 2.094937886808222877e-02
7.23536 2.096196981319510197e-02
7.23768 2.097453045480258960e-02
7.24057 2.099018765073006401e-02
7.24289 2.100267618599571673e-02
7.2452 2.101513675976276335e-02
7.24751 2.102756171241520339e-02
7.2504 2.104305309732673254e-02
7.25272 2.105541052104357297e-02
7.25503 2.106773825678239301e-02
7.25792 2.108310672198780364e-02
7.26023 2.109536814415787290e-02
7.26254 2.110760144322667772e-02
7.26543 2.112285368464084448e-02
7.26774 2.113502444618858486e-02
7.27005 2.114716963560430221e-02
7.27294 2.116231412275395088e-02
7.27525 2.117440232642421247e-02
7.27757 2.118646697429992648e-02
7.28046 2.120151401307468139e-02
7.28277 2.121352932607302108e-02
7.28508 2.122552079995671664e-02
7.28798 2.124048631714598942e-02
7.29029 2.125243531892288817e-02
7.29261 2.126436812274783150e-02
7.29551 2.127926174142766302e-02
7.29782 2.129115756365038137e-02
7.30014 2.130304408420752998e-02
7.30304 2.131787718325372019e-02
7.30536 2.132972521464370635e-02
7.30768 2.134155749173920549e-02
7.31 2.135337496737694726e-02
7.3129 2.136812738244277601e-02
7.31522 2.137991542148708068e-02
7.31754 2.139169324985451884e-02
7.32044 2.140639960022043542e-02
7.32276 2.141815759701477459e-02
7.32509 2.142990539828846380e-02
7.32799 2.144458134061355201e-02
7.33031 2.145631297673588830e-02
7.33263 2.146803104149773087e-02
7.33554 2.148264589755603457e-02
7.33786 2.149429402780299314e-02
7.34017 2.150589153925353339e-02
7.34307 2.152034189028767530e-02
7.34539 2.153186068218507568e-02
7.34771 2.154334962442239210e-02
7.35002 2.155481117079716125e-02
7.35292 2.156909690157330500e-02
7.35523 2.158049987209255394e-02
7.35754 2.159187521261918610e-02
7.36044 2.160606419999940714e-02
7.36275 2.161738910226010044e-02
7.36506 2.162869209094634218e-02
7.36795 2.164279051238788068e-02
7.37027 2.165404445463497279e-02
7.37258 2.166527647139004226e-02
7.37547 2.167928660465222659e-02
7.37779 2.169046881929808518e-02
7.3801 2.170163002240371383e-02
7.38299 2.171554832365239079e-02
7.38531 2.172665761917932231e-02
7.38762 2.173774411524212816e-02
7.39051 2.175157877298547829e-02
7.39283 2.176265994570613510e-02
7.39515 2.177374400960266007e-02
7.39805 2.178760444683924130e-02
7.40036 2.179868521496943976e-02
7.40268 2.180975884260543882e-02
7.40501 2.182082163131327662e-02
7.40791 2.183462508033706673e-02
7.41023 2.184565252130182128e-02
7.41256 2.185665382776740343e-02
7.41546 2.187036003394206979e-02
7.41778 2.188128972717191117e-02
7.4201 2.189217967456827743e-02
7.423 2.190573561267940630e-02
7.42532 2.191653842349083198e-02
7.42764 2.192729650808072916e-02
7.43054 2.194069420293219205e-02
7.43285 2.195137504093320688e-02
7.43517 2.196206574014995805e-02
7.43806 2.197543219454640290e-02
7.44037 2.198612470245913525e-02
7.44268 2.199681445338582189e-02
7.44557 2.201016503301763197e-02
7.44788 2.202083815357326960e-02
7.45019 2.203149873897141189e-02
7.4525 2.204214935285022867e-02
7.45539 2.205544523725752951e-02
7.4577 2.206606726795310239e-02
7.46001 2.207667620252144053e-02
7.4629 2.208991831829466845e-02
7.46521 2.210049644325275120e-02
7.46752 2.211106254651304739e-02
7.47041 2.212425018562518345e-02
7.47272 2.213478737645363861e-02
7.47503 2.214529785487265659e-02
7.47792 2.215834591523182726e-02
7.48023 2.216871904341338739e-02
7.48255 2.217903827143244064e-02
7.48544 2.219187902384226960e-02
7.48775 2.220210352430717141e-02
7.49007 2.221229626678928107e-02
7.49297 2.222499133543826000e-02
7.49528 2.223511401702096477e-02
7.4976 2.224521013953798670e-02
7.5005 2.225779467785599791e-02
7.50281 2.226783757816988910e-02
7.50513 2.227785917412927405e-02
7.50803 2.229036285266440542e-02
7.51035 2.230034655474110242e-02
7.51267 2.231031693463933485e-02
7.51557 2.232276250160974973e-02
7.51789 2.233270538039160494e-02
7.52021 2.234264142024740621e-02
7.52253 2.235256539418639665e-02
7.52543 2.236496455585033905e-02
7.52776 2.237487381054568611e-02
7.53008 2.238477640960776990e-02
7.53299 2.239714518839899457e-02
7.53532 2.240702544046441549e-02
7.53764 2.241688458495400341e-02
7.54054 2.242919511891956416e-02
7.54286 2.243901969517971343e-02
7.54518 2.244883441555190970e-02
7.54808 2.246108051169053155e-02
7.55039 2.247086127773425743e-02
7.55271 2.248062945672368862e-02
7.55502 2.249038037607309706e-02
7.55792 2.250255235813686250e-02
7.56023 2.251227003946222258e-02
7.56254 2.252197474759378218e-02
7.56543 2.253408364215578330e-02
7.56775 2.254375316001680160e-02
7.57006 2.255340718441927253e-02
7.57295 2.256545078594923009e-02
7.57526 2.257506677159774877e-02
7.57757 2.258466521521891590e-02
7.58046 2.259663704567201406e-02
7.58278 2.260619391818737695e-02
7.58509 2.261573076858254885e-02
7.58798 2.262762371626397123e-02
7.59029 2.263711537757005093e-02
7.59261 2.264658400222431880e-02
7.5955 2.265839364077728776e-02
7.59781 2.266781373900263533e-02
7.60013 2.267721447569261140e-02
7.60303 2.268893143250769531e-02
7.60534 2.269828007344686441e-02
7.60766 2.270760646904387836e-02
7.61056 2.271922862189651449e-02
7.61289 2.272850387475164671e-02
7.61521 2.273775066784058593e-02
7.61753 2.274697839534144464e-02
7.62044 2.275847597890534244e-02
7.62276 2.276764131347816869e-02
7.62509 2.277677736162937380e-02
7.628 2.278815433753705183e-02
7.63032 2.279721896977011594e-02
7.63264 2.280625345029125770e-02
7.63555 2.281750224918232747e-02
7.63787 2.282646702948364428e-02
7.6402 2.283540185282217916e-02
7.64252 2.284430686975618199e-02
7.64543 2.285539693080719525e-02
7.64775 2.286423736955774805e-02
7.65008 2.287305274507737962e-02
7.65298 2.288403840990172258e-02
7.6553 2.289280614740366385e-02
7.65762 2.290155202747237717e-02
7.66052 2.291245372982388465e-02
7.66284 2.292115291316137657e-02
7.66515 2.292982853443002039e-02
7.66805 2.294064740860966845e-02
7.67037 2.294927717550073604e-02
7.67268 2.295788910737239785e-02
7.67558 2.296862711051145950e-02
7.67789 2.297719711145715035e-02
7.68021 2.298575027439290694e-02
7.68252 2.299428655599152979e-02
7.68542 2.300493529120130679e-02
7.68773 2.301343846562160789e-02
7.69005 2.302192769884523968e-02
7.69294 2.303252267615283830e-02
7.69526 2.304098581517923308e-02
7.69757 2.304943860452859233e-02
7.70047 2.305999376763685771e-02
7.70278 2.306842693738906172e-02
7.7051 2.307685737506988410e-02
7.708 2.308738385561729181e-02
7.71032 2.309580257529566041e-02
7.71264 2.310421628987329237e-02
7.71554 2.311472924873687190e-02
7.71787 2.312313862048325994e-02
7.72019 2.313154221433324706e-02
7.72252 2.313995182311459967e-02
7.72543 2.315045602471826197e-02
7.72775 2.315885296883316707e-02
7.73008 2.316724415215537861e-02
7.73299 2.317771781004986445e-02
7.73531 2.318608139081483263e-02
7.73763 2.319443812456999793e-02
7.74053 2.320485885279844132e-02
7.74285 2.321318636355609519e-02
7.74517 2.322149765463942667e-02
7.74806 2.323187019817970350e-02
7.75038 2.324015245981799968e-02
7.75269 2.324841942471069997e-02
7.75501 2.325667411948066296e-02
7.7579 2.326696639678085474e-02
7.76021 2.327518423369665662e-02
7.76252 2.328338372907101661e-02
7.76541 2.329360896441291101e-02
7.76773 2.330176852399731477e-02
7.77004 2.330990858110276037e-02
7.77292 2.332005618873517552e-02
7.77524 2.332815077852410171e-02
7.77755 2.333622372871883496e-02
7.78044 2.334628417181126500e-02
7.78275 2.335430586884141776e-02
7.78506 2.336230400897697235e-02
7.78795 2.337226664693190653e-02
7.79026 2.338020712804442930e-02
7.79257 2.338812254656728873e-02
7.79547 2.339797511599659222e-02
7.79778 2.340582888689195229e-02
7.8001 2.341365084019950832e-02
7.80299 2.342338808192414093e-02
7.80531 2.343114302422810713e-02
7.80763 2.343886559801442240e-02
7.81053 2.344847721485730438e-02
7.81285 2.345612619851011535e-02
7.81517 2.346374022365322817e-02
7.81807 2.347320667761040869e-02
7.82039 2.348074128011616926e-02
7.82271 2.348824063976644519e-02
7.82504 2.349570567980317076e-02
7.82794 2.350499234996851483e-02
7.83026 2.351238363250563249e-02
7.83259 2.351974268797089179e-02
7.83549 2.352889736718686772e-02
7.83781 2.353617997817984697e-02
7.84013 2.354343180998104065e-02
7.84303 2.355245493913567939e-02
7.84535 2.355964046730272404e-02
7.84767 2.356680259271255046e-02
7.85056 2.357571630109937810e-02
7.85287 2.358282342843847149e-02
7.85519 2.358990738163834269e-02
7.8575 2.359697169628339336e-02
7.8604 2.360577684618248018e-02
7.86271 2.361280203087804883e-02
7.86502 2.361981320498632644e-02
7.86791 2.362855841111324851e-02
7.87023 2.363554182732842748e-02
7.87254 2.364251568649993265e-02
7.87543 2.365122037043029118e-02
7.87774 2.365817598471693997e-02
7.88006 2.366512522431894749e-02
7.88295 2.367380306855566482e-02
7.88527 2.368074142310573268e-02
7.88758 2.368767401532480624e-02
7.89048 2.369633792162038899e-02
7.89279 2.370326478115427141e-02
7.89511 2.371019096527143821e-02
7.89801 2.371884806466869125e-02
7.90033 2.372577351761840855e-02
7.90265 2.373272708579863416e-02
7.90556 2.374146305021685582e-02
7.90788 2.374849048726722367e-02
7.91021 2.375554314721764135e-02
7.91253 2.376261302648557949e-02
7.91543 2.377147256212971613e-02
7.91775 2.377857895282996237e-02
7.92007 2.378569518530534999e-02
7.92297 2.379461220103573291e-02
7.92528 2.380175331108596443e-02
7.9276 2.380890679377816246e-02
7.93049 2.381785907590551823e-02
7.9328 2.382502888180463088e-02
7.93511 2.383220533540269040e-02
7.938 2.384118048493245184e-02
7.94032 2.384836608769431987e-02
7.94263 2.385555203455057977e-02
7.94551 2.386453743524621571e-02
7.94782 2.387172548267181907e-02
7.95013 2.387891259975379737e-02
7.95302 2.388789383171115513e-02
7.95533 2.389507519067185504e-02
7.95764 2.390225186220828330e-02
7.96053 2.391121466258787007e-02
7.96284 2.391833376180413362e-02
7.96515 2.392537656176605201e-02
7.96804 2.393407451260584282e-02
7.97035 2.394095253116430844e-02
7.97266 2.394776136044146284e-02
7.97556 2.395617614136574466e-02
7.97787 2.396283594685351404e-02
7.98019 2.396942948227385323e-02
7.9825 2.397596288783273438e-02
7.9854 2.398404242432458991e-02
7.98772 2.399044676512371646e-02
7.99003 2.399682740718719551e-02
7.99293 2.400477299128096417e-02
7.99525 2.401110776910799632e-02
7.99757 2.401742125605614911e-02
8.00047 2.402528849326189542e-02
8.00279 2.403155998654943684e-02
8.00511 2.403781439361500280e-02
8.00802 2.404560829123424809e-02
8.01034 2.405182368574636589e-02
8.01267 2.405802666948324287e-02
8.01557 2.406580201430209842e-02
8.0179 2.407209097837800446e-02
8.02022 2.407843284258101568e-02
8.02254 2.408481206822258788e-02
8.02545 2.409282665533252904e-02
8.02777 2.409926541444164586e-02
8.03008 2.410571786701143013e-02
8.03298 2.411380522717885069e-02
8.0353 2.412028180719357276e-02
8.03761 2.412676779434661314e-02
8.0405 2.413488222926695945e-02
8.04282 2.414137908002789851e-02
8.04513 2.414788099439392141e-02
8.04802 2.415601350250965243e-02
8.05033 2.416252619768202714e-02
8.05264 2.416904375295481425e-02
8.05553 2.417720073432454847e-02
8.05785 2.418373524998468360e-02
8.06016 2.419027864689485968e-02
8.06305 2.419847257985014224e-02
8.06536 2.420504087241777749e-02
8.06767 2.421162091026257679e-02
8.07056 2.421986798687824488e-02
8.07288 2.422648081835551692e-02
8.07519 2.423311172226769519e-02
8.07751 2.423975874169225289e-02
8.0804 2.424809253404949100e-02
8.08272 2.425478134314170905e-02
8.08504 2.426148620723035318e-02
8.08794 2.426990040686729383e-02
8.09026 2.427664991100217731e-02
8.09258 2.428342279474807533e-02
8.09549 2.429191402024368993e-02
8.09781 2.429872800819668846e-02
8.10014 2.430556053384571452e-02
8.10305 2.431412014809707783e-02
8.10537 2.432097993702769453e-02
8.1077 2.432785232095629677e-02
8.11002 2.433473496096152586e-02
8.11293 2.434335293726249544e-02
8.11525 2.435025832523014799e-02
8.11758 2.435717243855290912e-02
8.12048 2.436582597893530155e-02
8.12281 2.437275620677285121e-02
8.12513 2.437969175774182262e-02
8.12803 2.438835763319920774e-02
8.13036 2.439529126075131588e-02
8.13268 2.440221053354712025e-02
8.13557 2.441082293725347838e-02
8.13789 2.441768685716260920e-02
8.14021 2.442452546031946212e-02
8.14253 2.443134323455293730e-02
8.14542 2.443983269722367971e-02
8.14774 2.444660024682485458e-02
8.15005 2.445334594110486204e-02
8.15295 2.446174712127761539e-02
8.15526 2.446844385185419427e-02
8.15758 2.447511856788233547e-02
8.16047 2.448343071135110349e-02
8.16279 2.449005649292206391e-02
8.1651 2.449665939809815562e-02
8.168 2.450488294637377662e-02
8.17031 2.451143691873614722e-02
8.17263 2.451796858713014074e-02
8.17553 2.452610418050811883e-02
8.17785 2.453258589641243992e-02
8.18017 2.453905015039313867e-02
8.18307 2.454709736287079280e-02
8.18539 2.455351471011105527e-02
8.18771 2.455991078886986950e-02
8.19004 2.456628610074246266e-02
8.19295 2.457423140073573473e-02
8.19527 2.458056172876212087e-02
8.1976 2.458686896464632246e-02
8.20051 2.459472090145087275e-02
8.20283 2.460096915775078150e-02
8.20516 2.460719268094875914e-02
8.20806 2.461493733501552220e-02
8.21038 2.462110440603824599e-02
8.2127 2.462725169505596348e-02
8.21501 2.463337295018700260e-02
8.21791 2.464100003061504493e-02
8.22022 2.464707936232549135e-02
8.22254 2.465314280483968390e-02
8.22543 2.466070189475087771e-02
8.22774 2.466673402667789172e-02
8.23006 2.467275666540729231e-02
8.23295 2.468027038756177849e-02
8.23526 2.468627441357932467e-02
8.23757 2.469227273512487886e-02
8.24046 2.469976580991446388e-02
8.24277 2.470575831388090865e-02
8.24508 2.471175037208402439e-02
8.24797 2.471924184319674797e-02
8.25028 2.472523809175467685e-02
8.25259 2.473123703738181606e-02
8.25548 2.473874324468569585e-02
8.25779 2.474475329947374916e-02
8.26011 2.475076988296097749e-02
8.263 2.475829992512098773e-02
8.26532 2.476433095418253266e-02
8.26763 2.477037110863383740e-02
8.27053 2.477792843263206327e-02
8.27285 2.478398653903955001e-02
8.27516 2.479004937268140460e-02
8.27806 2.479763877293203120e-02
8.28039 2.480371740059955296e-02
8.28271 2.480980039924065086e-02
8.28503 2.481588858183279844e-02
8.28793 2.482350299133781121e-02
8.29026 2.482960120360120163e-02
8.29258 2.483570100171041475e-02
8.29549 2.484333028949388400e-02
8.29781 2.484943602330869777e-02
8.30013 2.485553887861617975e-02
8.30304 2.486315580883334195e-02
8.30536 2.486924931959707749e-02
8.30767 2.487533459438881489e-02
8.31057 2.488294045112696487e-02
8.31289 2.488902010531849479e-02
8.3152 2.489509692067826824e-02
8.31752 2.490117065343739819e-02
8.32041 2.490875510574180884e-02
8.32272 2.491481798459809632e-02
8.32504 2.492087349201185797e-02
8.32793 2.492843343018219526e-02
8.33024 2.493447191984994940e-02
8.33255 2.494050075881565701e-02
8.33544 2.494802195931367095e-02
8.33776 2.495402576192879210e-02
8.34007 2.496001609402316232e-02
8.34296 2.496748690328578699e-02
8.34528 2.497344776709985864e-02
8.34759 2.497939879075687306e-02
8.35049 2.498682217527421409e-02
8.35281 2.499275109639911840e-02
8.35512 2.499867203150120745e-02
8.35802 2.500606050146557055e-02
8.36034 2.501196582063967833e-02
8.36266 2.501786227862166576e-02
8.36557 2.502522948269782915e-02
8.36789 2.503111679711543178e-02
8.37022 2.503699826548631824e-02
8.37254 2.504287469004248118e-02
8.37545 2.505021119766212209e-02
8.37777 2.505606797463644231e-02
8.38009 2.506192154172634870e-02
8.38298 2.506922649887643323e-02
8.3853 2.507506646769537204e-02
8.38761 2.508090153724287438e-02
8.39051 2.508818963637697574e-02
8.39282 2.509401812222050721e-02
8.39513 2.509984259031923168e-02
8.39802 2.510712360806714380e-02
8.40033 2.511294595372850005e-02
8.40265 2.511877002268207010e-02
8.40553 2.512605244478734526e-02
8.40784 2.513188202989975403e-02
8.41015 2.513771684492396505e-02
8.41304 2.514501954785484245e-02
8.41535 2.515087138132444250e-02
8.41766 2.515673430548820075e-02
8.42055 2.516407989957566288e-02
8.42286 2.516997279824978451e-02
8.42517 2.517588077778336320e-02
8.42806 2.518329042112873659e-02
8.43037 2.518924073923503940e-02
8.43268 2.519520958063104291e-02
8.43557 2.520270102514501551e-02
8.43789 2.520871319504834618e-02
8.4402 2.521474608279022228e-02
8.44252 2.522079640970086023e-02
8.44542 2.522838369602779449e-02
8.44773 2.523447329919033255e-02
8.45005 2.524057648917503102e-02
8.45295 2.524822467759476122e-02
8.45527 2.525433840896824933e-02
8.45759 2.526040076626771824e-02
8.46049 2.526790066407789970e-02
8.46281 2.527384094296675904e-02
8.46513 2.527972937006267920e-02
8.46804 2.528701619425164845e-02
8.47036 2.529279112176443731e-02
8.47269 2.529851396253107731e-02
8.47501 2.530419257802354535e-02
8.47792 2.531124050655709362e-02
8.48025 2.531684706054903103e-02
8.48257 2.532243552644695972e-02
8.48547 2.532941217490015592e-02
8.4878 2.533498888265137833e-02
8.49012 2.534057263440140165e-02
8.49301 2.534756123131768138e-02
8.49533 2.535316665108747550e-02
8.49765 2.535878582844225404e-02
8.50054 2.536583150278331686e-02
8.50286 2.537148797021338345e-02
8.50517 2.537716036102408493e-02
8.50806 2.538427668835491896e-02
8.51037 2.538998707032472102e-02
8.51269 2.539571388556064943e-02
8.515 2.540145520487967906e-02
8.51789 2.540864997041794582e-02
8.5202 2.541441885789505820e-02
8.52252 2.542019753617129688e-02
8.52541 2.542743165381095710e-02
8.52772 2.543322697842077817e-02
8.53003 2.543902613073011423e-02
8.53292 2.544628020671241275e-02
8.53524 2.545208517639552942e-02
8.53755 2.545789022096884777e-02
8.54045 2.546514742161342174e-02
8.54276 2.547094947439217105e-02
8.54508 2.547675293996078463e-02
8.54798 2.548400053556455075e-02
8.5503 2.548979780252282751e-02
8.55262 2.549559124283342151e-02
8.55552 2.550282908748533958e-02
8.55785 2.550861785960535297e-02
8.56017 2.551440113896290274e-02
8.56308 2.552163082310784578e-02
8.56541 2.552740910380812273e-02
8.56773 2.553318148696586548e-02
8.57006 2.553894944593215408e-02
8.57297 2.554615446867525286e-02
8.57529 2.555191517739040935e-02
8.57762 2.555767390173642115e-02
8.58052 2.556487185762922748e-02
8.58285 2.557062974326063109e-02
8.58518 2.557638518902700941e-02
8.58808 2.558358010516712661e-02
8.5904 2.558933482365178397e-02
8.59273 2.559508890246107310e-02
8.59505 2.560084677949103077e-02
8.59795 2.560804150159313661e-02
8.60027 2.561379999470543220e-02
8.60258 2.561955701127823989e-02
8.60548 2.562675375285721271e-02
8.6078 2.563251091952662916e-02
8.61011 2.563826760486375214e-02
8.61301 2.564546443472046078e-02
8.61532 2.565122191804824342e-02
8.61764 2.565698046093252763e-02
8.62054 2.566418035937495512e-02
8.62285 2.566994165981649478e-02
8.62517 2.567570496735615063e-02
8.62806 2.568291179899685750e-02
8.63038 2.568867930500513125e-02
8.6327 2.569445006397620690e-02
8.63501 2.570022170764213812e-02
8.63791 2.570744144576207063e-02
8.64023 2.571321846882900983e-02
8.64255 2.571899824362519973e-02
8.64546 2.572622580324755368e-02
8.64778 2.573200845923402647e-02
8.6501 2.573779481383804343e-02
8.65301 2.574502481945352417e-02
8.65534 2.575081395590697944e-02
8.65766 2.575659979042493192e-02
8.66057 2.576382955919548010e-02
8.6629 2.576960981239627760e-02
8.66523 2.577538212420348029e-02
8.66756 2.578114050418639849e-02
8.67046 2.578832980519111043e-02
8.67278 2.579406454635026907e-02
8.6751 2.579979236914170179e-02
8.678 2.580693625785462908e-02
8.68032 2.581263995128629113e-02
8.68264 2.581833456607009539e-02
8.68553 2.582543625564250739e-02
8.68785 2.583110894432962684e-02
8.69016 2.583676921497481821e-02
8.69305 2.584383371286782388e-02
8.69537 2.584947424072732078e-02
8.69768 2.585510632367548495e-02
8.70057 2.586213480491295416e-02
8.70288 2.586774791368165807e-02
8.70519 2.587335341401460556e-02
8.7075 2.587895070941219691e-02
8.71039 2.588593647641700829e-02
8.7127 2.589151687308302932e-02
8.71502 2.589708956574043527e-02
8.71791 2.590404518608272963e-02
8.72022 2.590960178059372593e-02
8.72253 2.591515020790689794e-02
8.72542 2.592207813021202636e-02
8.72774 2.592761120252923615e-02
8.73005 2.593313927291166290e-02
8.73295 2.594003926957747300e-02
8.73526 2.594555291181475584e-02
8.73758 2.595106136660442139e-02
8.74048 2.595793765997402719e-02
8.7428 2.596343527145143770e-02
8.74512 2.596892543888655591e-02
8.74802 2.597578294065608709e-02
8.75034 2.598126202268466120e-02
8.75267 2.598673517909460065e-02
8.75557 2.599356855015682102e-02
8.75789 2.599902895320163262e-02
8.76022 2.600448559168180504e-02
8.76254 2.600993634672509741e-02
8.76545 2.601674595883705227e-02
8.76778 2.602218812894859998e-02
8.7701 2.602762372426717721e-02
8.77301 2.603440923802240875e-02
8.77533 2.603982954599504129e-02
8.77766 2.604523846356280800e-02
8.78056 2.605199269100960668e-02
8.78288 2.605738427679617567e-02
8.7852 2.606277176005584659e-02
8.78751 2.606815310363006649e-02
8.79041 2.607487144031260182e-02
8.79273 2.608023978583167216e-02
8.79504 2.608559887710309652e-02
8.79793 2.609229315463244478e-02
8.80024 2.609764074302293665e-02
8.80256 2.610298737366355259e-02
8.80545 2.610967202130980852e-02
8.80776 2.611502248084898725e-02
8.81007 2.612037738449076232e-02
8.81296 2.612708106204766206e-02
8.81527 2.613245178190866033e-02
8.81759 2.613783429785508997e-02
8.82048 2.614457582254971907e-02
8.8228 2.614998410398696946e-02
8.82511 2.615540477473382586e-02
8.82801 2.616219981616835222e-02
8.83033 2.616765305400944874e-02
8.83265 2.617312075153052642e-02
8.83555 2.617998533610360612e-02
8.83787 2.618549578511598572e-02
8.84019 2.619102826743234524e-02
8.84252 2.619657897998141013e-02
8.84542 2.620354344933350024e-02
8.84775 2.620913635556963370e-02
8.85008 2.621474266731998320e-02
8.85298 2.622175599568681709e-02
8.85531 2.622737615500372876e-02
8.85763 2.623299092235462440e-02
8.86053 2.623999753569471530e-02
8.86285 2.624558458277380033e-02
8.86516 2.625114944779553469e-02
8.86806 2.625807147683112408e-02
8.87038 2.626357423008876535e-02
8.87269 2.626904720542461158e-02
8.875 2.627448493852712133e-02
8.87789 2.628123137840351203e-02
8.88021 2.628658377822977801e-02
8.88252 2.629189467702464783e-02
8.88541 2.629847651083921586e-02
8.88772 2.630369618928925582e-02
8.89003 2.630887807714062804e-02
8.89292 2.631530390595386223e-02
8.89523 2.632040626496172028e-02
8.89754 2.632547701072575352e-02
8.90043 2.633177415258024928e-02
8.90274 2.633678154569648808e-02
8.90505 2.634176466407651962e-02
8.90793 2.634796099760627203e-02
8.91025 2.635289603939598713e-02
8.91256 2.635781153624265974e-02
8.91545 2.636393369440472381e-02
8.91776 2.636881502110964559e-02
8.92008 2.637368292107225218e-02
8.92297 2.637975230307764221e-02
8.92528 2.638459316580149538e-02
8.9276 2.638942581009107169e-02
8.9305 2.639544870248601571e-02
8.93282 2.640025651460276707e-02
8.93514 2.640505250774509774e-02
8.93804 2.641103152179977848e-02
8.94036 2.641580268722935887e-02
8.94268 2.642055943828825262e-02
8.94501 2.642530573457082740e-02
8.94791 2.643121712783895461e-02
8.95024 2.643593255451209129e-02
8.95257 2.644063331679041839e-02
8.95548 2.644648880115783862e-02
8.9578 2.645115763258475833e-02
8.96013 2.645581023821126296e-02
8.96304 2.646159316028606767e-02
8.96537 2.646620196246253498e-02
8.96769 2.647079048035415327e-02
8.97001 2.647536281434696367e-02
8.97291 2.648105618005848830e-02
8.97523 2.648559307906162008e-02
8.97755 2.649011815863559771e-02
8.98045 2.649575374291223556e-02
8.98276 2.650025122112704967e-02
8.98508 2.650473746998301475e-02
8.98797 2.651033345224846141e-02
8.99028 2.651480155397085287e-02
8.9926 2.651926274613027046e-02
8.99549 2.652483209158753782e-02
8.9978 2.652928193834005674e-02
9.00012 2.653372838704721667e-02
9.00301 2.653928182651105888e-02
9.00532 2.654372107291486094e-02
9.00763 2.654815739868294708e-02
9.01053 2.655369806331962443e-02
9.01284 2.655812628099708805e-02
9.01515 2.656255102553207320e-02
9.01805 2.656807450484968344e-02
9.02036 2.657248942421059149e-02
9.02268 2.657689812043326910e-02
9.02557 2.658240236266899356e-02
9.02789 2.658679938141673624e-02
9.03021 2.659119027709796329e-02
9.03253 2.659557699019245505e-02
9.03543 2.660104941938967044e-02
9.03775 2.660542340688447707e-02
9.04007 2.660978882723918568e-02
9.04298 2.661523733292444835e-02
9.0453 2.661958765841551319e-02
9.04763 2.662392902288100716e-02
9.05054 2.662934531284765968e-02
9.05287 2.663366496367386080e-02
9.0552 2.663797036231932425e-02
9.05752 2.664226228124083259e-02
9.06043 2.664760662152756629e-02
9.06276 2.665186487795501852e-02
9.06509 2.665610738847324843e-02
9.068 2.666138757530035763e-02
9.07032 2.666559234288736618e-02
9.07265 2.666977894359523829e-02
9.07556 2.667498648515439011e-02
9.07789 2.667912766484608830e-02
9.08021 2.668324882359634706e-02
9.08253 2.668735021080061512e-02
9.08544 2.669244686444841724e-02
9.08776 2.669650379911150603e-02
9.09008 2.670053971071310525e-02
9.09298 2.670556068179905443e-02
9.0953 2.670955727000162358e-02
9.09762 2.671353774477021673e-02
9.10051 2.671849192927230887e-02
9.10283 2.672243882184626926e-02
9.10515 2.672637285261292642e-02
9.10805 2.673127253358974220e-02
9.11036 2.673517974593751442e-02
9.11268 2.673907664598248329e-02
9.11558 2.674393434479225423e-02
9.11789 2.674781098660757722e-02
9.12021 2.675167990192696757e-02
9.12253 2.675554128228153222e-02
9.12543 2.676036022069358880e-02
9.12775 2.676420825198504161e-02
9.13007 2.676805236581508360e-02
9.13297 2.677285131117321249e-02
9.13529 2.677668695999796400e-02
9.13761 2.678051995706342420e-02
9.14051 2.678530763672830328e-02
9.14284 2.678913880949354565e-02
9.14516 2.679296982818321973e-02
9.14807 2.679776522525572496e-02
9.15039 2.680160592922025548e-02
9.15272 2.680545380993001534e-02
9.15505 2.680931012113761322e-02
9.15796 2.681413972948127819e-02
9.16029 2.681801039475581808e-02
9.16262 2.682189021393357672e-02
9.16553 2.682674820937955285e-02
9.16785 2.683064596494867671e-02
9.17018 2.683455325743239195e-02
9.17308 2.683945317010344098e-02
9.1754 2.684338893067667042e-02
9.17772 2.684733743928355287e-02
9.18004 2.685130275797766725e-02
9.18293 2.685627973517616673e-02
9.18525 2.686027994043775277e-02
9.18757 2.686429577269109845e-02
9.19046 2.686933740657193245e-02
9.19277 2.687338870941249902e-02
9.19509 2.687745427361995509e-02
9.19798 2.688255777945698297e-02
9.20029 2.688665540997809550e-02
9.20261 2.689076671320769774e-02
9.2055 2.689592313386739847e-02
9.20781 2.690006109462779807e-02
9.21012 2.690420959568910406e-02
9.21301 2.690940841303526149e-02
9.21532 2.691357672035353532e-02
9.21764 2.691775263274778784e-02
9.22053 2.692298020715398407e-02
9.22284 2.692716775960455819e-02
9.22515 2.693135798511272702e-02
9.22805 2.693659767726707191e-02
9.23036 2.694078937225993092e-02
9.23268 2.694497805772512813e-02
9.23557 2.695021069081754775e-02
9.23789 2.695438947729335982e-02
9.24021 2.695856278407597964e-02
9.24252 2.696272754919327649e-02
9.24542 2.696792058233312209e-02
9.24774 2.697206430582135134e-02
9.25006 2.697619547438925153e-02
9.25297 2.698134676733661766e-02
9.25529 2.698545243888652093e-02
9.25761 2.698954688000450644e-02
9.26052 2.699464636343211141e-02
9.26285 2.699871153993264536e-02
9.26517 2.700276427278593475e-02
9.26808 2.700781213992332203e-02
9.27041 2.701183813630863781e-02
9.27274 2.701585192427186435e-02
9.27506 2.701985002883421777e-02
9.27797 2.702483115173722611e-02
9.28029 2.702880304712939816e-02
9.28262 2.703276426445020211e-02
9.28552 2.703770479295921486e-02
9.28784 2.704164736594276072e-02
9.29016 2.704558511290610506e-02
9.29305 2.705049895453012429e-02
9.29537 2.705442638212990358e-02
9.29769 2.705835097689520199e-02
9.30001 2.706227362937308964e-02
9.3029 2.706717673384113551e-02
9.30522 2.707109912275841579e-02
9.30753 2.707502327027937195e-02
9.31043 2.707993121032619896e-02
9.31274 2.708386090228236467e-02
9.31506 2.708779427732427303e-02
9.31795 2.709271686064421841e-02
9.32027 2.709666029766957807e-02
9.32258 2.710060936733277998e-02
9.32548 2.710555333337417300e-02
9.32779 2.710951664459846158e-02
9.33011 2.711348618894388746e-02
9.33301 2.711845916070914839e-02
9.33533 2.712244631252184318e-02
9.33764 2.712644151132054260e-02
9.34054 2.713144896093834871e-02
9.34286 2.713546366747928568e-02
9.34519 2.713949012544039988e-02
9.34751 2.714352476614429258e-02
9.35041 2.714858313064303849e-02
9.35274 2.715264116467649633e-02
9.35506 2.715670910524629542e-02
9.35797 2.716181103345775838e-02
9.3603 2.716590222349624453e-02
9.36262 2.716999938268317358e-02
9.36553 2.717513185080575738e-02
9.36786 2.717924125627115689e-02
9.37018 2.718335560022636099e-02
9.37308 2.718850376897334262e-02
9.3754 2.719262432633417353e-02
9.37772 2.719674852221624570e-02
9.38004 2.720087062608270850e-02
9.38293 2.720602500362103229e-02
9.38525 2.721014542145381784e-02
9.38756 2.721426310080669875e-02
9.39045 2.721940379372470367e-02
9.39277 2.722350862126144896e-02
9.39508 2.722760632925436131e-02
9.39797 2.723271312400801086e-02
9.40028 2.723678629628866962e-02
9.40259 2.724084540237049767e-02
9.40548 2.724589759255294230e-02
9.40779 2.724991984919494445e-02
9.4101 2.725392302144932083e-02
9.41299 2.725889854913302046e-02
9.4153 2.726285490983803086e-02
9.41761 2.726678890104814248e-02
9.4205 2.727167482892931330e-02
9.42281 2.727555751472531334e-02
9.42512 2.727941758131663744e-02
9.42801 2.728421115081517204e-02
9.43033 2.728802124555800013e-02
9.43264 2.729181118043902052e-02
9.43553 2.729651975770213540e-02
9.43785 2.730026748413220267e-02
9.44016 2.730399753137158214e-02
9.44306 2.730863981801595966e-02
9.44537 2.731233887706440572e-02
9.44769 2.731602653750019039e-02
9.45001 2.731970630688683108e-02
9.45291 2.732429414943142107e-02
9.45523 2.732796102615139486e-02
9.45755 2.733162337594995800e-02
9.46045 2.733620080185730078e-02
9.46278 2.733986342470950265e-02
9.4651 2.734352746857880365e-02
9.46801 2.734811325978870819e-02
9.47033 2.735178567617410281e-02
9.47266 2.735546589067081036e-02
9.47557 2.736007351105637989e-02
9.4779 2.736376916490994293e-02
9.48023 2.736747202130609610e-02
9.48256 2.737117988584797379e-02
9.48547 2.737581854966415415e-02
9.4878 2.737953626013983621e-02
9.49012 2.738325442344281477e-02
9.49302 2.738790923024223001e-02
9.49535 2.739163473970396973e-02
9.49767 2.739536281193381481e-02
9.50057 2.740002516718906961e-02
9.50289 2.740375528677017197e-02
9.50521 2.740748676620397353e-02
9.50752 2.741121612699700880e-02
9.51042 2.741587797879029703e-02
9.51274 2.741960528815193601e-02
9.51505 2.742333115882302982e-02
9.51795 2.742798595926786848e-02
9.52026 2.743170712796695956e-02
9.52257 2.743542652715326088e-02
9.52547 2.744007189824109252e-02
9.52778 2.744378575961940042e-02
9.5301 2.744749708758561363e-02
9.53299 2.745213248087767857e-02
9.5353 2.745583768690453702e-02
9.53762 2.745953974322815072e-02
9.54051 2.746416211661174486e-02
9.54282 2.746785577079735238e-02
9.54514 2.747154416186843931e-02
9.54803 2.747614765147649366e-02
9.55035 2.747982275769810662e-02
9.55267 2.748349076809560379e-02
9.55556 2.748806400192136887e-02
9.55788 2.749171141788932932e-02
9.5602 2.749534912305019035e-02
9.56252 2.749897398467782486e-02
9.56542 2.750348864304580018e-02
9.56774 2.750708411611492085e-02
9.57006 2.751066550906172692e-02
9.57297 2.751512105755234486e-02
9.57529 2.751866707951842669e-02
9.57762 2.752219848246707790e-02
9.58053 2.752658758099337660e-02
9.58286 2.753008328384065964e-02
9.58519 2.753356133809836334e-02
9.58752 2.753702223908748720e-02
9.59043 2.754132513128224741e-02
9.59276 2.754474955616078094e-02
9.59509 2.754815874451232993e-02
9.598 2.755240092555341289e-02
9.60033 2.755578060733243281e-02
9.60266 2.755914899758617892e-02
9.60557 2.756334592552870874e-02
9.6079 2.756669397450797060e-02
9.61023 2.757003417737032350e-02
9.61255 2.757336673677791838e-02
9.61546 2.757752527234103024e-02
9.61779 2.758084387984314004e-02
9.62012 2.758415940235566313e-02
9.62302 2.758829840414181792e-02
9.62534 2.759160690533003432e-02
9.62767 2.759491429440491528e-02
9.63057 2.759904651416038301e-02
9.63289 2.760235321632554389e-02
9.63521 2.760565923318878193e-02
9.63753 2.760896678888290559e-02
9.64043 2.761310248564904923e-02
9.64275 2.761641227097160270e-02
9.64507 2.761972323182986661e-02
9.64797 2.762386260892548892e-02
9.65029 2.762717480269287484e-02
9.65261 2.763048678850903855e-02
9.6555 2.763462612469436142e-02
9.65782 2.763793659539209510e-02
9.66014 2.764124550080668610e-02
9.66304 2.764537894073051949e-02
9.66536 2.764868308724765036e-02
9.66768 2.765198401102505338e-02
9.67058 2.765610658499123922e-02
9.6729 2.765939999030892979e-02
9.67522 2.766269016283325402e-02
9.67754 2.766597576794158422e-02
9.68044 2.767007613859859619e-02
9.68277 2.767335089780198834e-02
9.68509 2.767661884406804121e-02
9.68799 2.768069663755447218e-02
9.69032 2.768394945259882584e-02
9.69265 2.768719538007313047e-02
9.69556 2.769123912649782901e-02
9.69788 2.769446283876959500e-02
9.70021 2.769767533508619289e-02
9.70254 2.770087343023624332e-02
9.70546 2.770485371211724862e-02
9.70779 2.770801823899652835e-02
9.71012 2.771116158566841112e-02
9.71304 2.771506118779231212e-02
9.71537 2.771815424954745047e-02
9.71769 2.772122235862482104e-02
9.72002 2.772426692478351801e-02
9.72293 2.772803369330447201e-02
9.72525 2.773101930576273716e-02
9.72757 2.773397736974013081e-02
9.73048 2.773763869791029055e-02
9.7328 2.774053842210161269e-02
9.73512 2.774341244536552079e-02
9.73802 2.774697131265065758e-02
9.74033 2.774979121308879942e-02
9.74265 2.775258979601438747e-02
9.74555 2.775605805809153170e-02
9.74786 2.775881147756570702e-02
9.75018 2.776154721418291893e-02
9.75307 2.776494441927974607e-02
9.75538 2.776764653003239644e-02
9.7577 2.777033586919481697e-02
9.76001 2.777301474620175181e-02
9.7629 2.777635036588936568e-02
9.76522 2.777901072091185086e-02
9.76753 2.778166547497334590e-02
9.77042 2.778497830080447345e-02
9.77273 2.778762593950710041e-02
9.77505 2.779027277575309499e-02
9.77794 2.779358189076392566e-02
9.78025 2.779623153443315856e-02
9.78257 2.779888380615237395e-02
9.78546 2.780220467342818524e-02
9.78777 2.780486628707267566e-02
9.79009 2.780753266699691889e-02
9.79298 2.781087333116433538e-02
9.7953 2.781355099359870270e-02
9.79762 2.781623463674945049e-02
9.80051 2.781959463090257628e-02
9.80283 2.782228782129769415e-02
9.80515 2.782498403528092107e-02
9.80805 2.782835782602061450e-02
9.81037 2.783105907516771060e-02
9.81269 2.783376001060313895e-02
9.81501 2.783646240597336882e-02
9.81792 2.783983713019218612e-02
9.82024 2.784253544565464325e-02
9.82257 2.784523017339482834e-02
9.82548 2.784859283931962609e-02
9.82781 2.785127797510302677e-02
9.83014 2.785395590185743911e-02
9.83305 2.785729304980303841e-02
9.83538 2.785995240454768734e-02
9.83771 2.786259896423453827e-02
9.84003 2.786523347767295988e-02
9.84294 2.786850794186921179e-02
9.84527 2.787111088602536521e-02
9.84759 2.787369963620637062e-02
9.85049 2.787691122956196393e-02
9.85281 2.787946241663415148e-02
9.85513 2.788199508652770484e-02
9.85803 2.788513505449270735e-02
9.86035 2.788762496844171546e-02
9.86267 2.789009423237219509e-02
9.86557 2.789315117446015610e-02
9.86789 2.789557120851444277e-02
9.87021 2.789796835294372154e-02
9.87252 2.790032810725604287e-02
9.87542 2.790320393221936909e-02
9.87774 2.790544964361389713e-02
9.88005 2.790764869797332515e-02
9.88295 2.791033326316806271e-02
9.88526 2.791242956030791020e-02
9.88758 2.791447996831536438e-02
9.89048 2.791697851161682384e-02
9.89279 2.791892575043690081e-02
9.89511 2.792082790976897419e-02
9.89801 2.792314356578301862e-02
9.90033 2.792494792970810422e-02
9.90264 2.792671152776711116e-02
9.90554 2.792886047189534551e-02
9.90786 2.793053828424506280e-02
9.91018 2.793218037740674564e-02
9.9125 2.793378902140686293e-02
9.9154 2.793575512479820958e-02
9.91773 2.793729389809133587e-02
9.92005 2.793880461217751812e-02
9.92295 2.794065449236499826e-02
9.92528 2.794210683844603610e-02
9.92761 2.794353519496877575e-02
9.93051 2.794529072785380264e-02
9.93284 2.794667323510002452e-02
9.93517 2.794803776437027737e-02
9.93808 2.794972107319041582e-02
9.94041 2.795105344487328752e-02
9.94273 2.795237407213735023e-02
