#t,ms t, Tev, K
0.003 1.000000000000000000e+04
0.005 1.000000000000000000e+04
0.008 1.000000000000000000e+04
0.01 1.000000000000000000e+04
0.0129324 1.000000000000000000e+04
0.0152784 1.000000000000000000e+04
0.0176291 1.000000000000000000e+04
0.0205694 1.000000000000000000e+04
0.0229245 1.000000000000000000e+04
0.0252824 1.000000000000000000e+04
0.0276402 1.000000000000000000e+04
0.0305804 1.000000000000000000e+04
0.0329326 1.000000000000000000e+04
0.0352671 1.000000000000000000e+04
0.0375956 1.000000000000000000e+04
0.040494 1.000000000000000000e+04
0.0427981 1.000000000000000000e+04
0.0451022 1.000000000000000000e+04
0.0479388 1.000000000000000000e+04
0.0502082 1.000000000000000000e+04
0.0530041 1.000000000000000000e+04
0.0552327 1.000000000000000000e+04
0.0579873 1.000000000000000000e+04
0.0601743 1.000000000000000000e+04
0.0628915 1.000000000000000000e+04
0.0650454 1.000000000000000000e+04
0.0677309 1.000000000000000000e+04
0.0703885 1.000000000000000000e+04
0.0725147 1.000000000000000000e+04
0.0751435 1.000000000000000000e+04
0.0777723 1.000000000000000000e+04
0.0803793 1.000000000000000000e+04
0.0829862 1.000000000000000000e+04
0.0850594 1.000000000000000000e+04
0.0876508 1.000000000000000000e+04
0.090234 1.000000000000000000e+04
0.0928152 1.000000000000000000e+04
0.0953792 1.000000000000000000e+04
0.0979388 1.000000000000000000e+04
0.100475 1.000000000000000000e+04
0.103006 1.000000000000000000e+04
0.105016 1.000000000000000000e+04
0.107524 1.000000000000000000e+04
0.11002 1.000000000000000000e+04
0.112509 1.000000000000000000e+04
0.115485 1.000000000000000000e+04
0.117961 1.000000000000000000e+04
0.120429 1.000000000000000000e+04
0.122896 1.000000000000000000e+04
0.125358 1.000000000000000000e+04
0.127819 1.000000000000000000e+04
0.130279 1.000000000000000000e+04
0.132739 1.000000000000000000e+04
0.135199 1.000000000000000000e+04
0.13766 1.000000000000000000e+04
0.140113 1.000000000000000000e+04
0.142564 1.000000000000000000e+04
0.145009 1.000000000000000000e+04
0.147941 1.000000000000000000e+04
0.150379 1.000000000000000000e+04
0.152817 1.000000000000000000e+04
0.155251 1.000000000000000000e+04
0.157686 1.000000000000000000e+04
0.160119 1.000000000000000000e+04
0.162553 1.000000000000000000e+04
0.165473 1.000000000000000000e+04
0.167908 1.000000000000000000e+04
0.170344 1.000000000000000000e+04
0.17278 1.000000000000000000e+04
0.175219 1.000000000000000000e+04
0.177658 1.000000000000000000e+04
0.180096 1.000000000000000000e+04
0.182534 1.000000000000000000e+04
0.185458 1.000000000000000000e+04
0.187895 1.000000000000000000e+04
0.190332 1.000000000000000000e+04
0.192769 1.000000000000000000e+04
0.195206 1.000000000000000000e+04
0.197644 1.000000000000000000e+04
0.200084 1.000000000000000000e+04
0.202524 1.000000000000000000e+04
0.205454 1.000000000000000000e+04
0.207897 1.000000000000000000e+04
0.210342 1.000000000000000000e+04
0.212788 1.000000000000000000e+04
0.215236 1.000000000000000000e+04
0.217684 1.000000000000000000e+04
0.220132 1.000000000000000000e+04
0.222581 1.000000000000000000e+04
0.225029 1.000000000000000000e+04
0.227969 1.000000000000000000e+04
0.23042 1.000000000000000000e+04
0.232872 1.000000000000000000e+04
0.235324 1.000000000000000000e+04
0.237778 1.000000000000000000e+04
0.240232 1.000000000000000000e+04
0.242687 1.000000000000000000e+04
0.245143 1.000000000000000000e+04
0.247601 1.000000000000000000e+04
0.250059 1.000000000000000000e+04
0.252517 1.000000000000000000e+04
0.255468 1.000000000000000000e+04
0.257927 1.000000000000000000e+04
0.260387 1.000000000000000000e+04
0.262847 1.000000000000000000e+04
0.265308 1.000000000000000000e+04
0.267769 1.000000000000000000e+04
0.27023 1.000000000000000000e+04
0.272692 1.000000000000000000e+04
0.275154 1.000000000000000000e+04
0.277616 1.000000000000000000e+04
0.280079 1.000000000000000000e+04
0.282542 1.000000000000000000e+04
0.285005 1.000000000000000000e+04
0.287961 1.000000000000000000e+04
0.290425 1.000000000000000000e+04
0.292888 1.000000000000000000e+04
0.295351 1.000000000000000000e+04
0.297815 1.000000000000000000e+04
0.300278 1.000000000000000000e+04
0.302742 1.000000000000000000e+04
0.305205 1.000000000000000000e+04
0.307668 1.000000000000000000e+04
0.310131 1.000000000000000000e+04
0.312594 1.000000000000000000e+04
0.315058 1.000000000000000000e+04
0.317521 1.000000000000000000e+04
0.320477 1.000000000000000000e+04
0.322941 1.000000000000000000e+04
0.325404 1.000000000000000000e+04
0.327867 1.000000000000000000e+04
0.33033 1.000000000000000000e+04
0.332793 1.000000000000000000e+04
0.335256 1.000000000000000000e+04
0.337719 1.000000000000000000e+04
0.340182 1.000000000000000000e+04
0.342644 1.000000000000000000e+04
0.345107 1.000000000000000000e+04
0.347569 1.000000000000000000e+04
0.350032 1.000000000000000000e+04
0.352987 1.000000000000000000e+04
0.355449 1.000000000000000000e+04
0.357912 1.000000000000000000e+04
0.360375 1.000000000000000000e+04
0.362838 1.000000000000000000e+04
0.365301 1.000000000000000000e+04
0.367764 1.000000000000000000e+04
0.370227 1.000000000000000000e+04
0.372691 1.000000000000000000e+04
0.375154 1.000000000000000000e+04
0.377618 1.000000000000000000e+04
0.380082 1.000000000000000000e+04
0.382546 1.000000000000000000e+04
0.38501 1.000000000000000000e+04
0.387967 1.000000000000000000e+04
0.390432 1.000000000000000000e+04
0.392896 1.000000000000000000e+04
0.395361 1.000000000000000000e+04
0.397825 1.000000000000000000e+04
0.40029 1.000000000000000000e+04
0.402754 1.000000000000000000e+04
0.405219 1.000000000000000000e+04
0.407684 1.000000000000000000e+04
0.410149 1.000000000000000000e+04
0.412614 1.000000000000000000e+04
0.41508 1.000000000000000000e+04
0.417545 1.000000000000000000e+04
0.42001 1.000000000000000000e+04
0.422969 1.000000000000000000e+04
0.425435 1.000000000000000000e+04
0.4279 1.000000000000000000e+04
0.430367 1.000000000000000000e+04
0.432833 1.000000000000000000e+04
0.4353 1.000000000000000000e+04
0.437766 1.000000000000000000e+04
0.440233 1.000000000000000000e+04
0.4427 1.000000000000000000e+04
0.445166 1.000000000000000000e+04
0.447633 1.000000000000000000e+04
0.4501 1.000000000000000000e+04
0.452567 1.000000000000000000e+04
0.455035 1.000000000000000000e+04
0.457502 1.000000000000000000e+04
0.460463 1.000000000000000000e+04
0.462931 1.000000000000000000e+04
0.465399 1.000000000000000000e+04
0.467867 1.000000000000000000e+04
0.470334 1.000000000000000000e+04
0.472802 1.000000000000000000e+04
0.475269 1.000000000000000000e+04
0.477736 1.000000000000000000e+04
0.480203 1.000000000000000000e+04
0.48267 1.000000000000000000e+04
0.485137 1.000000000000000000e+04
0.487604 1.000000000000000000e+04
0.490071 1.000000000000000000e+04
0.492538 1.000000000000000000e+04
0.495005 1.000000000000000000e+04
0.497965 1.000000000000000000e+04
0.500431 1.000000000000000000e+04
0.502898 1.000000000000000000e+04
0.505364 1.000000000000000000e+04
0.50783 1.000000000000000000e+04
0.510296 1.000000000000000000e+04
0.512761 1.000000000000000000e+04
0.515227 1.000000000000000000e+04
0.517693 1.000000000000000000e+04
0.520158 1.000000000000000000e+04
0.522624 1.000000000000000000e+04
0.525089 1.000000000000000000e+04
0.527554 1.000000000000000000e+04
0.530019 1.000000000000000000e+04
0.532976 1.000000000000000000e+04
0.53544 1.000000000000000000e+04
0.537904 1.000000000000000000e+04
0.540368 1.000000000000000000e+04
0.542831 1.000000000000000000e+04
0.545294 1.000000000000000000e+04
0.547757 1.000000000000000000e+04
0.55022 1.000000000000000000e+04
0.552682 1.000000000000000000e+04
0.555143 1.000000000000000000e+04
0.557605 1.000000000000000000e+04
0.560066 1.000000000000000000e+04
0.562527 1.000000000000000000e+04
0.56548 1.000000000000000000e+04
0.56794 1.000000000000000000e+04
0.5704 1.000000000000000000e+04
0.57286 1.000000000000000000e+04
0.57532 1.000000000000000000e+04
0.577779 1.000000000000000000e+04
0.580238 1.000000000000000000e+04
0.582696 1.000000000000000000e+04
0.585154 1.000000000000000000e+04
0.587611 1.000000000000000000e+04
0.590068 1.000000000000000000e+04
0.592525 1.000000000000000000e+04
0.595472 1.000000000000000000e+04
0.597928 1.000000000000000000e+04
0.600383 1.000000000000000000e+04
0.602838 1.000000000000000000e+04
0.605293 1.000000000000000000e+04
0.607747 1.000000000000000000e+04
0.6102 1.000000000000000000e+04
0.612653 1.000000000000000000e+04
0.615106 1.000000000000000000e+04
0.617558 1.000000000000000000e+04
0.62001 1.000000000000000000e+04
0.622952 1.000000000000000000e+04
0.625403 1.000000000000000000e+04
0.627854 1.000000000000000000e+04
0.630304 1.000000000000000000e+04
0.632754 1.000000000000000000e+04
0.635204 1.000000000000000000e+04
0.637652 1.000000000000000000e+04
0.640101 1.000000000000000000e+04
0.642549 1.000000000000000000e+04
0.645486 1.000000000000000000e+04
0.647933 1.000000000000000000e+04
0.650379 1.000000000000000000e+04
0.652825 1.000000000000000000e+04
0.65527 1.000000000000000000e+04
0.657715 1.000000000000000000e+04
0.660159 1.000000000000000000e+04
0.662603 1.000000000000000000e+04
0.665047 1.000000000000000000e+04
0.667978 1.000000000000000000e+04
0.67042 1.000000000000000000e+04
0.672862 1.000000000000000000e+04
0.675304 1.000000000000000000e+04
0.677745 1.000000000000000000e+04
0.680185 1.000000000000000000e+04
0.682625 1.000000000000000000e+04
0.685064 1.000000000000000000e+04
0.687503 1.000000000000000000e+04
0.690429 1.000000000000000000e+04
0.692867 1.000000000000000000e+04
0.695304 1.000000000000000000e+04
0.697741 1.000000000000000000e+04
0.700177 1.000000000000000000e+04
0.702612 1.000000000000000000e+04
0.705047 1.000000000000000000e+04
0.707968 1.000000000000000000e+04
0.710402 1.000000000000000000e+04
0.712835 1.000000000000000000e+04
0.715267 1.000000000000000000e+04
0.7177 1.000000000000000000e+04
0.720131 1.000000000000000000e+04
0.722562 1.000000000000000000e+04
0.725477 1.000000000000000000e+04
0.727907 1.000000000000000000e+04
0.730336 1.000000000000000000e+04
0.732764 1.000000000000000000e+04
0.735192 1.000000000000000000e+04
0.737619 1.000000000000000000e+04
0.740045 1.000000000000000000e+04
0.742957 1.000000000000000000e+04
0.745382 1.000000000000000000e+04
0.747807 1.000000000000000000e+04
0.75023 1.000000000000000000e+04
0.752654 1.000000000000000000e+04
0.755076 1.000000000000000000e+04
0.757982 1.000000000000000000e+04
0.760403 1.000000000000000000e+04
0.762822 1.000000000000000000e+04
0.765241 1.000000000000000000e+04
0.767658 1.000000000000000000e+04
0.770075 1.000000000000000000e+04
0.772973 1.000000000000000000e+04
0.775388 1.000000000000000000e+04
0.777801 1.000000000000000000e+04
0.780214 1.000000000000000000e+04
0.782625 1.000000000000000000e+04
0.785035 1.000000000000000000e+04
0.787926 1.000000000000000000e+04
0.790334 1.000000000000000000e+04
0.792739 1.000000000000000000e+04
0.795145 1.000000000000000000e+04
0.797548 1.000000000000000000e+04
0.800431 1.000000000000000000e+04
0.802831 1.000000000000000000e+04
0.805231 1.000000000000000000e+04
0.807629 1.000000000000000000e+04
0.810027 1.000000000000000000e+04
0.812902 1.000000000000000000e+04
0.815296 1.000000000000000000e+04
0.817689 1.000000000000000000e+04
0.820081 1.000000000000000000e+04
0.82295 1.000000000000000000e+04
0.825339 1.000000000000000000e+04
0.827728 1.000000000000000000e+04
0.830115 1.000000000000000000e+04
0.832501 1.000000000000000000e+04
0.835362 1.000000000000000000e+04
0.837745 1.000000000000000000e+04
0.840127 1.000000000000000000e+04
0.842508 1.000000000000000000e+04
0.845363 1.000000000000000000e+04
0.847741 1.000000000000000000e+04
0.850117 1.000000000000000000e+04
0.852968 1.000000000000000000e+04
0.855342 1.000000000000000000e+04
0.857715 1.000000000000000000e+04
0.860086 1.000000000000000000e+04
0.86293 1.000000000000000000e+04
0.865299 1.000000000000000000e+04
0.867666 1.000000000000000000e+04
0.870033 1.000000000000000000e+04
0.872871 1.000000000000000000e+04
0.875235 1.000000000000000000e+04
0.877597 1.000000000000000000e+04
0.880431 1.000000000000000000e+04
0.882791 1.000000000000000000e+04
0.88515 1.000000000000000000e+04
0.887508 1.000000000000000000e+04
0.890336 1.000000000000000000e+04
0.892691 1.000000000000000000e+04
0.895046 1.000000000000000000e+04
0.897869 1.000000000000000000e+04
0.900221 1.000000000000000000e+04
0.902572 1.000000000000000000e+04
0.905391 1.000000000000000000e+04
0.907739 1.000000000000000000e+04
0.910086 1.000000000000000000e+04
0.912901 1.000000000000000000e+04
0.915245 1.000000000000000000e+04
0.917589 1.000000000000000000e+04
0.920399 1.000000000000000000e+04
0.922741 1.000000000000000000e+04
0.92508 1.000000000000000000e+04
0.927887 1.000000000000000000e+04
0.930224 1.000000000000000000e+04
0.932562 1.000000000000000000e+04
0.935364 1.000000000000000000e+04
0.937699 1.000000000000000000e+04
0.940032 1.000000000000000000e+04
0.94283 1.000000000000000000e+04
0.945161 1.000000000000000000e+04
0.947956 1.000000000000000000e+04
0.950285 1.000000000000000000e+04
0.952612 1.000000000000000000e+04
0.955404 1.000000000000000000e+04
0.957728 1.000000000000000000e+04
0.960052 1.000000000000000000e+04
0.962839 1.000000000000000000e+04
0.965161 1.000000000000000000e+04
0.967945 1.000000000000000000e+04
0.970264 1.000000000000000000e+04
0.972582 1.000000000000000000e+04
0.975363 1.000000000000000000e+04
0.977678 1.000000000000000000e+04
0.980456 1.000000000000000000e+04
0.98277 1.000000000000000000e+04
0.985082 1.000000000000000000e+04
0.987856 1.000000000000000000e+04
0.990166 1.000000000000000000e+04
0.992938 1.000000000000000000e+04
0.995245 1.000000000000000000e+04
0.997553 1.000000000000000000e+04
1.00032 1.000000000000000000e+04
1.00262 1.000000000000000000e+04
1.00539 1.000000000000000000e+04
1.00769 1.000000000000000000e+04
1.01045 1.000000000000000000e+04
1.01275 1.000000000000000000e+04
1.01505 1.000000000000000000e+04
1.01781 1.000000000000000000e+04
1.02011 1.000000000000000000e+04
1.02286 1.000000000000000000e+04
1.02516 1.000000000000000000e+04
1.02791 1.000000000000000000e+04
1.0302 1.000000000000000000e+04
1.03295 1.000000000000000000e+04
1.03524 1.000000000000000000e+04
1.03753 1.000000000000000000e+04
1.04027 1.000000000000000000e+04
1.04256 1.000000000000000000e+04
1.0453 1.000000000000000000e+04
1.04759 1.000000000000000000e+04
1.05033 1.000000000000000000e+04
1.05261 1.000000000000000000e+04
1.05535 1.000000000000000000e+04
1.05763 1.000000000000000000e+04
1.06036 1.000000000000000000e+04
1.06264 1.000000000000000000e+04
1.06537 1.000000000000000000e+04
1.06765 1.000000000000000000e+04
1.07038 1.000000000000000000e+04
1.07265 1.000000000000000000e+04
1.07538 1.000000000000000000e+04
1.07765 2.000000000000000000e+02
1.08038 2.000000000000000000e+02
1.08264 1.000000000000000000e+04
1.08537 1.000000000000000000e+04
1.08763 1.000000000000000000e+04
1.09035 1.000000000000000000e+04
1.09262 1.000000000000000000e+04
1.09533 1.000000000000000000e+04
1.0976 1.000000000000000000e+04
1.10031 1.000000000000000000e+04
1.10257 2.898816077246469213e+05
1.10528 2.276021944625735632e+05
1.10754 1.184504140004976944e+05
1.11025 4.521275041490596486e+05
1.1125 1.795867175267055281e+05
1.11521 9.487329405435289664e+04
1.11791 6.163398804838456272e+04
1.12017 4.655363543140840920e+04
1.12287 3.652047030554730736e+04
1.12512 3.189949831985799028e+04
1.12782 2.866793683763925219e+04
1.13007 2.698544121637842181e+04
1.13276 2.558181059049741089e+04
1.13501 2.468926263828587616e+04
1.1377 2.380683395829207075e+04
1.14039 2.307215680033032913e+04
1.14264 2.255738182361178042e+04
1.14533 2.202487969049687308e+04
1.14757 2.162709140717505579e+04
1.15025 2.119549763859856466e+04
1.15294 2.081368249082615512e+04
1.15518 2.053258959970842989e+04
1.15786 2.023492272145630704e+04
1.1601 2.001622136183780458e+04
1.16278 1.978564625725682708e+04
1.16501 1.961734086144660614e+04
1.16769 1.943924343803386364e+04
1.17036 1.928161019089008551e+04
1.17259 1.916268953004354989e+04
1.17526 1.903178995284328266e+04
1.17794 1.891068935771193355e+04
1.18017 1.881491158085077404e+04
1.18284 1.870371871020695107e+04
1.18507 1.861269053508477373e+04
1.18775 1.850430406276602298e+04
1.19043 1.839634183683222363e+04
1.19267 1.830698148105023574e+04
1.19535 1.820128569516794960e+04
1.19758 1.811538834256671544e+04
1.20027 1.801601667269608151e+04
1.2025 1.793700515493175044e+04
1.20519 1.784744130236337878e+04
1.20788 1.776427836389276126e+04
1.21012 1.770010387682504006e+04
1.21281 1.762889985422190875e+04
1.21505 1.757396522731809091e+04
1.21774 1.751235649868110340e+04
1.22043 1.745385233686405991e+04
1.22268 1.740636031923958944e+04
1.22537 1.735016330276606459e+04
1.22762 1.730364189560947852e+04
1.23032 1.724791091888870869e+04
1.23257 1.720149792029699165e+04
1.23527 1.714572511114225563e+04
1.23752 1.709914254468810759e+04
1.24022 1.704330641874307912e+04
1.24292 1.698786343727853091e+04
1.24517 1.694222046387988303e+04
1.24788 1.688834963848551706e+04
1.25013 1.684435380593362424e+04
1.25284 1.679273547991171654e+04
1.2551 1.675076496820354805e+04
1.25781 1.670160714980382181e+04
1.26007 1.666161265859282503e+04
1.26278 1.661463365809882089e+04
1.26504 1.657621834001761817e+04
1.26776 1.653082877953847492e+04
1.27002 1.649347890489935162e+04
1.27274 1.644912455150282040e+04
1.275 1.641249086149258801e+04
1.27772 1.636894099683357490e+04
1.28044 1.632587356885747067e+04
1.28271 1.629046424174399363e+04
1.28543 1.624868422035285403e+04
1.2877 1.621461556031667169e+04
1.29043 1.617481622145680740e+04
1.2927 1.614269065090025288e+04
1.29543 1.610552607233662275e+04
1.2977 1.607574917861134054e+04
1.30043 1.604143478814806258e+04
1.30271 1.601389498002920300e+04
1.30544 1.598188519885472306e+04
1.30772 1.595578240729844401e+04
1.31045 1.592471334318212394e+04
1.31273 1.589865700092699262e+04
1.31501 1.587213019225309472e+04
1.31775 1.583933588138638152e+04
1.32003 1.581107355482838102e+04
1.32277 1.577603597857547720e+04
1.32506 1.574610637168927678e+04
1.3278 1.570987393822227205e+04
1.33008 1.567995859546634529e+04
1.33283 1.564553936224693462e+04
1.33512 1.561903902348410338e+04
1.33786 1.559159860280557405e+04
1.34015 1.557398295631975998e+04
1.3429 1.556097084547617487e+04
1.34519 1.555808048348510965e+04
1.34794 1.556541260368133408e+04
1.35024 1.558143953115612385e+04
1.35253 1.560720180975497715e+04
1.35528 1.565174561882014314e+04
1.35758 1.570087180668760448e+04
1.36033 1.577522415576832282e+04
1.36263 1.585139498689952234e+04
1.36539 1.596279880473199228e+04
1.36769 1.607591832888307908e+04
1.37045 1.624222094649109749e+04
1.37275 1.641214756034777747e+04
1.37505 1.661594288048052476e+04
1.37781 1.690890131014423241e+04
1.38012 1.718847448331413761e+04
1.38288 1.754032689800779553e+04
1.38518 1.780937215486909190e+04
1.38795 1.804318386538503546e+04
1.39026 1.812345038712607493e+04
1.39256 1.807941293582499202e+04
1.39533 1.786186898418895726e+04
1.39764 1.755858119269329109e+04
1.40041 1.707805427250055800e+04
1.40272 1.660628839253106707e+04
1.40504 1.609026772687113771e+04
1.40781 1.543779797846074143e+04
1.41012 1.488049209662397880e+04
1.4129 1.420897847121808263e+04
1.41521 1.365539569091305020e+04
1.41753 1.311565671939195090e+04
1.42031 1.249168055341177751e+04
1.42262 1.199105492391107691e+04
1.4254 1.141082368920717272e+04
1.42772 1.094205091314758101e+04
1.43004 1.048472921616882559e+04
1.43283 9.948012036746296872e+03
1.43515 9.507541684493351568e+03
1.43793 8.983493076503635166e+03
1.44025 8.547394713632618732e+03
1.44258 8.111399095672827571e+03
1.44536 7.578947247076731401e+03
1.44769 7.122503439945192440e+03
1.45001 6.676212646242231131e+03
1.4528 6.108397119278947685e+03
1.45513 5.593180424073567337e+03
1.45792 5.007351861602817735e+03
1.46025 4.547542427641817085e+03
1.46258 4.118798753765530819e+03
1.46538 3.655559195107541200e+03
1.46771 3.321448756499550200e+03
1.47004 3.035827238908992967e+03
1.47284 2.752708382050411274e+03
1.47517 2.564829014550368811e+03
1.4775 2.417047463758633512e+03
1.48031 2.283469536824748957e+03
1.48264 2.195847710451588682e+03
1.48545 2.094224014944659757e+03
1.48779 1.983762485983399529e+03
1.49013 1.813902121557997361e+03
1.49293 1.467810146584629138e+03
1.49528 9.946657216877987366e+02
1.49762 2.845302226194061177e+02
1.50043 2.000000000000000000e+02
1.50278 2.000000000000000000e+02
1.50513 2.000000000000000000e+02
1.50794 2.000000000000000000e+02
1.5103 2.000000000000000000e+02
1.51265 2.000000000000000000e+02
1.515 2.000000000000000000e+02
1.51783 2.000000000000000000e+02
1.52019 2.000000000000000000e+02
1.52255 2.000000000000000000e+02
1.52538 2.000000000000000000e+02
1.52775 2.000000000000000000e+02
1.53012 2.000000000000000000e+02
1.53297 2.000000000000000000e+02
1.53534 2.000000000000000000e+02
1.53772 2.000000000000000000e+02
1.5401 2.000000000000000000e+02
1.54297 2.000000000000000000e+02
1.54536 2.205650768328099730e+03
1.54775 7.531389144805380056e+03
1.55015 1.267802266810051151e+04
1.55255 1.719093955794977228e+04
1.55544 2.112840598667436643e+04
1.55785 2.287736274264253734e+04
1.56027 2.334692300635795982e+04
1.56269 2.294267272372080333e+04
1.56512 2.213202487935328827e+04
1.56755 2.129245430634249715e+04
1.57048 2.059783972680358784e+04
1.57293 2.041703196263074642e+04
1.57538 2.061566425544188314e+04
1.57784 2.114707407822698588e+04
1.58031 2.192279386632488240e+04
1.58278 2.284323188139880222e+04
1.58526 2.379187707238503208e+04
1.58775 2.464220051281512497e+04
1.59024 2.522429940102967885e+04
1.59274 2.537127222829288439e+04
1.59524 2.501652911365223554e+04
1.59776 2.415226241719717655e+04
1.60028 2.285324028289062335e+04
1.60281 2.138041571309132996e+04
1.60534 2.031520532502585047e+04
1.60789 2.038343095470243497e+04
1.61044 2.173058617286510707e+04
1.613 2.358577965137395950e+04
1.61505 2.425094376204444416e+04
1.61763 2.188720452903872501e+04
1.62021 1.722272767554395614e+04
1.62281 1.639401871148284408e+04
1.62541 2.681916208075213945e+04
1.6275 3.889870249717740080e+04
1.63012 4.166824534676450276e+04
1.63275 4.650923129343380424e+04
1.63539 4.567095652543906181e+04
1.6375 4.540631888797817373e+04
1.64016 4.488405998026923771e+04
1.64282 4.149021075926931371e+04
1.6455 3.668402818251200370e+04
1.64764 8.509704968235149863e+04
1.65034 5.633767818360636738e+04
1.65304 5.863553706198787404e+04
1.65521 6.060342212352655770e+04
1.65793 7.568147430052640266e+04
1.66011 6.100498301639720739e+04
1.66285 6.021838060431437771e+04
1.66505 6.381221478341128386e+04
1.6678 6.656606602906578337e+04
1.67001 6.377835483828392171e+04
1.67278 7.167695690004856442e+04
1.675 6.840824066981486976e+04
1.67779 7.176045691982656717e+04
1.68002 7.239380731805409596e+04
1.68282 7.295208819213892275e+04
1.68506 8.040777957429346861e+04
1.68788 7.104248321230873989e+04
1.69013 6.061089753265783656e+04
1.69296 4.663617386403431738e+04
1.69523 3.495492019612043805e+04
1.69807 2.481281292335046601e+04
1.70035 1.807695846342140430e+04
1.70263 1.197181939736142340e+04
1.7055 5.108028769698017641e+03
1.7078 1.404951276139427819e+03
1.7101 2.000000000000000000e+02
1.71299 2.000000000000000000e+02
1.7153 2.000000000000000000e+02
1.71763 2.000000000000000000e+02
1.72054 2.000000000000000000e+02
1.72287 4.844701394092721216e+02
1.72521 9.293349237302556958e+02
1.72756 1.219081610905985599e+03
1.7305 1.557165318625668760e+03
1.73285 1.833466031738748143e+03
1.7352 2.077387516715993570e+03
1.73755 2.276223644464467725e+03
1.74038 2.473159986477130133e+03
1.74265 2.318051448267669457e+03
1.74536 2.244303503923165863e+03
1.74803 2.074948777965293630e+03
1.7502 1.818492276880603640e+03
1.75291 1.583071862928975406e+03
1.75507 1.454948398002494969e+03
1.75774 1.329093517324170762e+03
1.76038 1.214235897489751778e+03
1.76298 1.112526472334964865e+03
1.76506 1.029659106201325130e+03
1.76768 9.368852725955059668e+02
1.77029 8.544357360067945137e+02
1.7729 7.768739611507894551e+02
1.77551 7.037826737207479937e+02
1.77758 6.513880695598199964e+02
1.78018 5.980523253111168742e+02
1.78281 5.570964182271884511e+02
1.78543 5.288667136635392581e+02
1.7875 5.109906407794078973e+02
1.7901 4.922033247667101818e+02
1.79275 4.799901507953420605e+02
1.79542 4.867477173613241348e+02
1.79754 5.212045405418970176e+02
1.80017 5.931649314677342772e+02
1.8028 7.021060663669680935e+02
1.80542 8.456906443336405346e+02
1.80752 9.811008895236568605e+02
1.81016 1.169550285106142610e+03
1.81279 1.374097163198491899e+03
1.81541 1.591963832187752814e+03
1.81751 1.774875309864250312e+03
1.82013 2.012672882816658785e+03
1.82276 2.260129802255198683e+03
1.82544 2.517859549535772658e+03
1.82759 2.725078223538656857e+03
1.83023 2.978795230190054554e+03
1.83288 3.030445076931721815e+03
1.83501 3.034467599962384156e+03
1.83768 3.165582440184883126e+03
1.84033 3.335347668748993783e+03
1.84297 3.473549263413756307e+03
1.84508 3.580140654725619697e+03
1.84771 3.715951790796210389e+03
1.85038 3.859101674865262339e+03
1.85253 3.980479250138530006e+03
1.85521 4.140731668502474349e+03
1.85789 4.311527526192987352e+03
1.86004 4.457226538033844918e+03
1.86273 4.652775110046809459e+03
1.86542 4.860984199870377779e+03
1.86754 5.034029177881085161e+03
1.8702 5.259180025104505148e+03
1.8729 5.496231045520959924e+03
1.87506 5.691926073327970698e+03
1.87775 5.950642297630412941e+03
1.88044 6.226785508113005562e+03
1.88259 6.458318996089725260e+03
1.88528 6.757974914228090711e+03
1.88798 7.065758889329571502e+03
1.89014 7.312594446386186974e+03
1.89283 7.609548306453232726e+03
1.89551 7.887471334368325188e+03
1.89765 8.093973373908429494e+03
1.90034 8.327062491555101587e+03
1.90302 8.530673915956456767e+03
1.90518 8.674591589831174133e+03
1.90787 8.834922250406076273e+03
1.91051 8.976233385377634477e+03
1.91263 9.080599888036336779e+03
1.91533 9.205999325217511796e+03
1.91803 9.327566183603034006e+03
1.92019 9.422699926284261892e+03
1.92288 9.540192858481756048e+03
1.92506 9.634455271950062524e+03
1.9278 9.753109315121355394e+03
1.93051 9.870723020487728718e+03
1.93263 9.963601299296611614e+03
1.9353 1.008056552861948512e+04
1.93798 1.019874817061269096e+04
1.94012 1.029308756408496629e+04
1.9428 1.041054579426042619e+04
1.94548 1.052672413663530278e+04
1.94764 1.061813855637261440e+04
1.95033 1.072871232232721195e+04
1.9525 1.081388752807082165e+04
1.95522 1.091459669622012370e+04
1.95793 1.100746720478332645e+04
1.96008 1.107608206867696390e+04
1.96278 1.115512245470782182e+04
1.96548 1.122696296335097759e+04
1.96763 1.127939463153992619e+04
1.9703 1.133863651592912356e+04
1.97298 1.139190280685934522e+04
1.97513 1.143136694952807375e+04
1.97782 1.147802143877085655e+04
1.9805 1.152289010403546490e+04
1.98264 1.155782702336677721e+04
1.98533 1.160185460312170107e+04
1.98801 1.164786247753368662e+04
1.99016 1.168691122137888851e+04
1.99285 1.173896958804894712e+04
1.995 1.178272639621918461e+04
1.9977 1.183929859414980820e+04
2.00039 1.189732806668917692e+04
2.00253 1.194432080543924894e+04
2.00521 1.200345771339850944e+04
2.00793 1.206154896954349169e+04
2.0101 1.210570708349213419e+04
2.0128 1.215665367432676612e+04
2.0155 1.220235635038844885e+04
2.01765 1.223453462382322505e+04
2.02033 1.226909007675840803e+04
2.02304 1.229756621180496222e+04
2.02521 1.231646368533356144e+04
2.02792 1.233647708478180721e+04
2.03009 1.235083937118061658e+04
2.03279 1.236859143668811885e+04
2.03549 1.238837742067852014e+04
2.03765 1.240712450734783852e+04
2.04033 1.243411001379484514e+04
2.04303 1.246021633544038741e+04
2.0452 1.248054046002400355e+04
2.04791 1.250619434061097309e+04
2.05008 1.252755728279921095e+04
2.0528 1.255587589227842727e+04
2.0555 1.258635038650773822e+04
2.05766 1.261263133207543797e+04
2.06037 1.264821659236697451e+04
2.06254 1.267880383377579528e+04
2.06525 1.271921283822062469e+04
2.06795 1.276156689033717157e+04
2.07011 1.279667520582936231e+04
2.07281 1.284165204021468344e+04
2.07552 1.288703968152812195e+04
2.07767 1.292307096768559859e+04
2.08036 1.296743966454403562e+04
2.08257 1.300295999479570673e+04
2.08533 1.304572111758052415e+04
2.08751 1.307782649702258823e+04
2.09022 1.311549470368493348e+04
2.09292 1.315042717810032445e+04
2.09508 1.317639336070191530e+04
2.09778 1.320652273074377445e+04
2.10048 1.323442442808357555e+04
2.10263 1.325551940551729786e+04
2.10533 1.328085283849670304e+04
2.10803 1.330565811359268628e+04
2.1102 1.332564737560196409e+04
2.11292 1.335113873023019187e+04
2.1151 1.337222328316928906e+04
2.11782 1.339962350615474679e+04
2.12053 1.342813013990870604e+04
2.12271 1.345193712631565359e+04
2.12542 1.348311425679630884e+04
2.12758 1.350944106641813050e+04
2.13028 1.354436471177267595e+04
2.13298 1.358011443255569429e+04
2.13514 1.360949294032039325e+04
2.13785 1.364773352004506341e+04
2.14002 1.367959027734489428e+04
2.14273 1.372087701170325636e+04
2.14543 1.376347651726664117e+04
2.1476 1.379796916656649955e+04
2.1503 1.384069553084590189e+04
2.153 1.388160192610005834e+04
2.15516 1.391202357637779460e+04
2.15786 1.394571559967260691e+04
2.16001 1.396830283107064133e+04
2.16271 1.399062094803773107e+04
2.16541 1.400679240731734899e+04
2.16758 1.401632635655230115e+04
2.17027 1.402577572954775678e+04
2.17297 1.403427522563545062e+04
2.17513 1.404134440054293191e+04
2.17784 1.405121695932492730e+04
2.1805 1.406247480877581984e+04
2.18263 1.407249556151378783e+04
2.18535 1.408586125366986744e+04
2.18754 1.409533156007363505e+04
2.19025 1.410452832899216446e+04
2.19296 1.411062275962689091e+04
2.19514 1.411288637740071863e+04
2.19787 1.411218413624026653e+04
2.20005 1.410923571947116761e+04
2.20272 1.410351398241104471e+04
2.20539 1.409659095618763968e+04
2.20753 1.409096421062270383e+04
2.21021 1.408443934892335346e+04
2.2129 1.407848905498410204e+04
2.21505 1.407401628983705996e+04
2.21773 1.406857467002693920e+04
2.22041 1.406316672879046746e+04
2.22257 1.405889352814222730e+04
2.22528 1.405358636277056758e+04
2.22797 1.404835765782153794e+04
2.23011 1.404434633251819287e+04
2.23279 1.404041115949202685e+04
2.23547 1.403840541193438366e+04
2.23763 1.403857771771718762e+04
2.24034 1.404153915329339543e+04
2.2425 1.404619893782678992e+04
2.24521 1.405458038850038065e+04
2.24791 1.406629655880163409e+04
2.25005 1.407808879956593410e+04
2.25272 1.409466399825426379e+04
2.2554 1.411225219393199222e+04
2.25754 1.412650425120543332e+04
2.26025 1.414341628288974425e+04
2.26297 1.415756119293158190e+04
2.26513 1.416576164666842669e+04
2.26782 1.417135362501306372e+04
2.2705 1.417153260210168264e+04
2.27264 1.416790687599164448e+04
2.27532 1.415910647022869853e+04
2.27801 1.414628226174846532e+04
2.28017 1.413387005727802534e+04
2.2829 1.411630099446732311e+04
2.28508 1.410134934772548513e+04
2.28777 1.408244345545262513e+04
2.29045 1.406351457321056296e+04
2.29259 1.404852414153088830e+04
2.29527 1.403019330375125719e+04
2.29797 1.401245144020699081e+04
2.30014 1.399893693442766926e+04
2.30283 1.398311930024349203e+04
2.30552 1.396830887311790138e+04
2.30767 1.395694822514620682e+04
2.31036 1.394319448372430452e+04
2.31252 1.393256151700330338e+04
2.31523 1.391984703603413072e+04
2.31794 1.390832383360524909e+04
2.3201 1.390027538879492568e+04
2.32281 1.389174893062673982e+04
2.32552 1.388484548859458300e+04
2.32767 1.388031337018647719e+04
2.3304 1.387554743580011564e+04
2.33259 1.387228790745093647e+04
2.33532 1.386891065537573741e+04
2.33802 1.386642037406427698e+04
2.34019 1.386515689931762245e+04
2.3429 1.386460095060294407e+04
2.34507 1.386500938745012536e+04
2.34778 1.386617301341573693e+04
2.35049 1.386760724989907612e+04
2.35264 1.386889815044278839e+04
2.35534 1.387057540511359002e+04
2.35803 1.387214414732986734e+04
2.36018 1.387318921447913090e+04
2.36288 1.387409254942179905e+04
2.36503 1.387441978083307367e+04
2.36775 1.387428557230825936e+04
2.37051 1.387354139843425583e+04
2.3727 1.387255929562996425e+04
2.3754 1.387095508217307724e+04
2.37756 1.386937359328529783e+04
2.38029 1.386699687037046351e+04
2.38301 1.386417370197236778e+04
2.38521 1.386156291280600817e+04
2.38795 1.385802190306851844e+04
2.39012 1.385586900691738265e+04
2.39282 1.385434451325061127e+04
2.39501 1.385404358001693436e+04
2.39777 1.385491212449050909e+04
2.40051 1.385714431139614317e+04
2.40267 1.385985483474253306e+04
2.40538 1.386465409728414306e+04
2.40755 1.386971097693816773e+04
2.41027 1.387749346702856383e+04
2.41298 1.388702717307243256e+04
2.41515 1.389602025280403177e+04
2.41786 1.390889761972009364e+04
2.42003 1.392034862461635930e+04
2.42276 1.393609534212973085e+04
2.4255 1.395324539640178045e+04
2.42768 1.396769756212928405e+04
2.43039 1.398647226525890801e+04
2.43256 1.400208358984875122e+04
2.4353 1.402238801588003480e+04
2.43805 1.404336827969606020e+04
2.44024 1.406055392068796391e+04
2.44299 1.408151399927151760e+04
2.44516 1.409800999265892460e+04
2.44787 1.411890264141547777e+04
2.45007 1.413617830612176112e+04
2.45283 1.415844134319229852e+04
2.45502 1.417653002707127598e+04
2.45773 1.419895024011563510e+04
2.46047 1.422125666536354947e+04
2.46268 1.423903091971499816e+04
2.46544 1.426061852845045723e+04
2.46762 1.427705937979862210e+04
2.47035 1.429667411448773237e+04
2.47255 1.431156003167740528e+04
2.4753 1.432882902876650587e+04
2.47804 1.434450713946885298e+04
2.48023 1.435585552472029121e+04
2.48296 1.436839681055277470e+04
2.48515 1.437702993737122961e+04
2.48788 1.438610206526864204e+04
2.49007 1.439223143684966817e+04
2.49282 1.439906991533180371e+04
2.49502 1.440433595606297786e+04
2.49777 1.441127592257479409e+04
2.50051 1.441944679691790589e+04
2.5027 1.442755248552097692e+04
2.50543 1.444019702778310057e+04
2.50761 1.445240387058200758e+04
2.51033 1.446975662116044805e+04
2.51252 1.448455179287743886e+04
2.51525 1.450310269971688649e+04
2.51799 1.452080618534741006e+04
2.52018 1.453397609742062195e+04
2.52293 1.454897186170929126e+04
2.52512 1.455970759968610037e+04
2.52787 1.457176444405696930e+04
2.53007 1.458070166364393481e+04
2.5328 1.459160767482884876e+04
2.53554 1.460265755282060491e+04
2.53771 1.461125332769009037e+04
2.54043 1.462103582306564385e+04
2.54261 1.462776033725345951e+04
2.54534 1.463442966978631557e+04
2.54752 1.463824876929120001e+04
2.55023 1.464124055271010729e+04
2.55296 1.464247104529143326e+04
2.55515 1.464242790136168696e+04
2.5579 1.464153388906188957e+04
2.56008 1.464052089577452352e+04
2.5628 1.463931268485530563e+04
2.56553 1.463854354632612558e+04
2.5677 1.463836353470141512e+04
2.57042 1.463868927622705814e+04
2.5726 1.463922208284911540e+04
2.57532 1.463975799602633015e+04
2.57751 1.463964565356061394e+04
2.58024 1.463840679930198166e+04
2.58297 1.463593038321193308e+04
2.58516 1.463301354121997065e+04
2.58792 1.462813481749496350e+04
2.59014 1.462348665834597887e+04
2.59288 1.461733712261614346e+04
2.59507 1.461253733117689626e+04
2.5978 1.460733997905698561e+04
2.60054 1.460430195933783398e+04
2.60273 1.460472042807900834e+04
2.60547 1.461009460396596478e+04
2.60767 1.461786379540088456e+04
2.61042 1.462949933829495239e+04
2.61262 1.463990433967870376e+04
2.61538 1.465374458575122298e+04
2.61759 1.466487635310104088e+04
2.62033 1.467694747869200000e+04
2.62252 1.468382336974769714e+04
2.62527 1.468967857540981640e+04
2.62804 1.469391800268775296e+04
2.63024 1.469697210569722665e+04
2.63298 1.470106509749746510e+04
2.63517 1.470485283795366922e+04
2.63792 1.470976552184912362e+04
2.64013 1.471317294591777500e+04
2.64287 1.471604261499440327e+04
2.64506 1.471686151663794226e+04
2.64782 1.471575013777635104e+04
2.65003 1.471312766854262009e+04
2.65279 1.470790037335061425e+04
2.65552 1.470097086747946014e+04
2.65772 1.469457306392784631e+04
2.66046 1.468595232011224834e+04
2.66266 1.467887462518311622e+04
2.66539 1.467020326334560377e+04
2.66758 1.466361667894381026e+04
2.67032 1.465599522112725390e+04
2.6725 1.465042304966135634e+04
2.67526 1.464412688148499183e+04
2.67801 1.463879281504664687e+04
2.68021 1.463533867120566174e+04
2.68296 1.463213441550297102e+04
2.68516 1.463048995982375527e+04
2.68792 1.462956283479124068e+04
2.69013 1.462959905403811899e+04
2.69287 1.463034468149228996e+04
2.69506 1.463130266509479770e+04
2.69782 1.463283577968970712e+04
2.70003 1.463431818173355350e+04
2.70278 1.463650146623779619e+04
2.70553 1.463902753124923402e+04
2.70773 1.464122501786065004e+04
2.71048 1.464404307834727661e+04
2.7127 1.464623325186093825e+04
2.71549 1.464868750815449312e+04
2.71772 1.465025224137504301e+04
2.72047 1.465151017852347104e+04
2.72267 1.465187391331682011e+04
2.72541 1.465141820479879243e+04
2.72761 1.465022916790143427e+04
2.73035 1.464728669935101971e+04
2.73254 1.464371731993684989e+04
2.73528 1.463784594894104885e+04
2.73802 1.463067938361679808e+04
2.74021 1.462432562400197639e+04
2.74296 1.461624863068546983e+04
2.74517 1.461032174925940672e+04
2.74792 1.460446529209219807e+04
2.75013 1.460154716836056832e+04
2.75287 1.460055314613367591e+04
2.75506 1.460179401584437801e+04
2.75779 1.460536581989597289e+04
2.76052 1.461026431060042705e+04
2.76272 1.461441825388386314e+04
2.76547 1.461893148044128975e+04
2.76767 1.462147252273026970e+04
2.77042 1.462305325527570494e+04
2.77263 1.462311962236836553e+04
2.7754 1.462201507860011407e+04
2.77761 1.462076965500875303e+04
2.78038 1.461927557706386324e+04
2.78259 1.461823429303329794e+04
2.78534 1.461696626028246646e+04
2.78754 1.461586265567250666e+04
2.79029 1.461432083041459737e+04
2.79304 1.461266015599116326e+04
2.79523 1.461135269723273814e+04
2.79796 1.460991274795721802e+04
2.80014 1.460898575433181395e+04
2.80289 1.460810155372823101e+04
2.80509 1.460754654649193799e+04
2.80783 1.460695421009245729e+04
2.81002 1.460649241352745048e+04
2.81277 1.460585361017570904e+04
2.81552 1.460523069412344739e+04
2.81773 1.460492864893758997e+04
2.82049 1.460481900248485545e+04
2.8227 1.460495772753920937e+04
2.82547 1.460542995889587655e+04
2.82767 1.460604772376971232e+04
2.83041 1.460703473123153344e+04
2.8326 1.460783702128717232e+04
2.83536 1.460883571837223826e+04
2.83756 1.460961699280637185e+04
2.84032 1.461055061007895347e+04
2.84252 1.461123108464505640e+04
2.84528 1.461194147664253614e+04
2.84804 1.461243226479423720e+04
2.85024 1.461263415975376847e+04
2.853 1.461262999346439210e+04
2.85521 1.461242892986251900e+04
2.85798 1.461195625896513047e+04
2.86019 1.461143053149174011e+04
2.86295 1.461064005371992607e+04
2.86515 1.460993318699837619e+04
2.8679 1.460901641347041914e+04
2.87011 1.460847325606639424e+04
2.87286 1.460814516234856455e+04
2.87505 1.460810840143511632e+04
2.8778 1.460810614218536648e+04
2.88001 1.460803335725907709e+04
2.88277 1.460768714345860280e+04
2.88553 1.460685018271709305e+04
2.88774 1.460570692824209436e+04
2.89052 1.460362627467166749e+04
2.89274 1.460149306840459212e+04
2.89551 1.459837615585661479e+04
2.89772 1.459574228832440895e+04
2.90048 1.459243309510542167e+04
2.90268 1.458972660604639896e+04
2.90544 1.458618567493054070e+04
2.90765 1.458322778581560306e+04
2.91042 1.457938428839847802e+04
2.91264 1.457615249953944476e+04
2.91541 1.457183676425109661e+04
2.91762 1.456812446842562167e+04
2.92039 1.456312074227977428e+04
2.92261 1.455881476899795234e+04
2.92538 1.455308976262268152e+04
2.9276 1.454828659513122329e+04
2.93036 1.454206347387308051e+04
2.93257 1.453688204722648516e+04
2.93531 1.453023430727267078e+04
2.93751 1.452483850770691970e+04
2.94028 1.451812774343831552e+04
2.94305 1.451171393859415184e+04
2.94526 1.450680136537976978e+04
2.94801 1.450089679442207489e+04
2.95022 1.449637795897683100e+04
2.95299 1.449103706806542323e+04
2.95519 1.448711672898661345e+04
2.95795 1.448284786163234639e+04
2.96016 1.447994880368699160e+04
2.96293 1.447671597312230733e+04
2.96515 1.447428574853306964e+04
2.96791 1.447144060897523741e+04
2.97012 1.446928644853285914e+04
2.97288 1.446672682823816285e+04
2.97508 1.446478977430415944e+04
2.97785 1.446254222475207280e+04
2.98007 1.446094537926976409e+04
2.98285 1.445930489098006001e+04
2.98508 1.445835414997841690e+04
2.98787 1.445749065508048625e+04
2.99008 1.445699499940177338e+04
2.99285 1.445671371976754381e+04
2.99507 1.445680829671299944e+04
2.99785 1.445731038809593883e+04
3.00006 1.445791415599922402e+04
3.00281 1.445868728135915444e+04
3.00502 1.445908405343168488e+04
3.00778 1.445860783168226953e+04
3.01054 1.445675640526115421e+04
3.01275 1.445447509859858110e+04
3.01552 1.445082596531634590e+04
3.01776 1.444731586193126168e+04
3.02055 1.444229226381503577e+04
3.02277 1.443785341516533663e+04
3.02554 1.443180216722720434e+04
3.02776 1.442660135609085955e+04
3.03054 1.441977970392533825e+04
3.03276 1.441451816902173596e+04
3.03553 1.440820680800524497e+04
3.03774 1.440325097855851527e+04
3.04051 1.439702726025709853e+04
3.04272 1.439192690414722892e+04
3.04549 1.438528820844792244e+04
3.04771 1.437970413884334266e+04
3.05048 1.437230525478326672e+04
3.0527 1.436602642465869940e+04
3.05548 1.435778286562902940e+04
3.05771 1.435102516242362799e+04
3.06049 1.434267241568450299e+04
3.06271 1.433624222731619011e+04
3.06548 1.432866209128527771e+04
3.0677 1.432305085350446643e+04
3.07047 1.431669656187124019e+04
3.0727 1.431212763687130064e+04
3.07548 1.430705557733953356e+04
3.0777 1.430350099393421988e+04
3.08047 1.429961603693313009e+04
3.08269 1.429688760398357044e+04
3.08549 1.429388478575680165e+04
3.08772 1.429185845566192438e+04
3.0905 1.428978922026625878e+04
3.09272 1.428834933028465821e+04
3.09548 1.428663913099692218e+04
3.09769 1.428520482813141825e+04
3.10047 1.428326647661948664e+04
3.10269 1.428170753791209427e+04
3.10547 1.427991511753554914e+04
3.1077 1.427860206311659203e+04
3.11048 1.427706315253020512e+04
3.11269 1.427588218605847942e+04
3.11546 1.427442383934091777e+04
3.11768 1.427324642588876304e+04
3.12046 1.427174297628203203e+04
3.1227 1.427049542505788486e+04
3.1255 1.426895801311626383e+04
3.12772 1.426774472678875463e+04
3.13049 1.426620099058451160e+04
3.1327 1.426491032925088075e+04
3.13549 1.426319328980587306e+04
3.13771 1.426171866238867005e+04
3.14049 1.425972703379055929e+04
3.14272 1.425800576620006905e+04
3.14549 1.425578193750249193e+04
3.1477 1.425425225554399549e+04
3.15048 1.425267918508110597e+04
3.1527 1.425165890361526181e+04
3.15548 1.425064343826969525e+04
3.15771 1.425002038418769189e+04
3.16049 1.424946313121262938e+04
3.16271 1.424918718774719491e+04
3.16549 1.424904085314949771e+04
3.16771 1.424907178585123802e+04
3.17049 1.424928374878300383e+04
3.17273 1.424958738218527287e+04
3.17552 1.425012885664826172e+04
3.17775 1.425065057420049925e+04
3.18052 1.425101419166915002e+04
3.18274 1.425102574381112936e+04
3.18553 1.425071028772696081e+04
3.18776 1.425020833922285055e+04
3.19054 1.424928758892046972e+04
3.19277 1.424832627242560011e+04
3.195 1.424716795804255889e+04
3.1978 1.424546095612470708e+04
3.20002 1.424390539349133178e+04
3.2028 1.424173247940697547e+04
3.20502 1.423981657384620121e+04
3.20781 1.423721297894757481e+04
3.21003 1.423497814629804816e+04
3.21281 1.423201548891268430e+04
3.21503 1.422951684260404181e+04
3.21781 1.422623828779294672e+04
3.22004 1.422351051918677513e+04
3.22282 1.421998421330069323e+04
3.22505 1.421707884552926771e+04
3.22784 1.421335086704164860e+04
3.23007 1.421030812835008146e+04
3.23286 1.420645569700621309e+04
3.23509 1.420334772446677562e+04
3.23788 1.419943968907832095e+04
3.24011 1.419630161165899881e+04
3.24289 1.419236565563104159e+04
3.24512 1.418920767454857923e+04
3.2479 1.418524053916569028e+04
3.25014 1.418203279512628797e+04
3.25294 1.417797544010387173e+04
3.25517 1.417468992133806387e+04
3.25795 1.417051451376780096e+04
3.26018 1.416709341533935913e+04
3.26298 1.416269001109675992e+04
3.26521 1.415906545238674335e+04
3.268 1.415439981316734520e+04
3.27024 1.415055466586262992e+04
3.27303 1.414561471373552013e+04
3.27525 1.414154902473500442e+04
3.27804 1.413631642421363722e+04
3.28028 1.413201747806979256e+04
3.28251 1.412763724466781059e+04
3.2853 1.412209666805618690e+04
3.28753 1.411763475667857165e+04
3.29031 1.411199923906363074e+04
3.29255 1.410741278975060413e+04
3.29533 1.410161871756916662e+04
3.29756 1.409695632087916783e+04
3.30036 1.409110151031940404e+04
3.3026 1.408642220748411819e+04
3.3054 1.408062858645429151e+04
3.30763 1.407605817937726715e+04
3.31042 1.407042856919330916e+04
3.31266 1.406600513236334518e+04
3.31545 1.406058925065744552e+04
3.31769 1.405633538528324061e+04
3.32049 1.405115892677551165e+04
3.32273 1.404725289273670387e+04
3.32552 1.404303950208554488e+04
3.32775 1.404019549922325132e+04
3.33055 1.403728931788534283e+04
3.33278 1.403547480767325214e+04
3.33502 1.403409853393042431e+04
3.33781 1.403295219433835337e+04
3.34005 1.403245718049329662e+04
3.34284 1.403232333933516566e+04
3.34507 1.403255876504476873e+04
3.34786 1.403276692192466726e+04
3.3501 1.403272203256063403e+04
3.3529 1.403239287195115867e+04
3.35514 1.403190973421577837e+04
3.35794 1.403103689526353446e+04
3.36017 1.403013315475044328e+04
3.36297 1.402877223608334680e+04
3.3652 1.402752359373857871e+04
3.368 1.402581648660711471e+04
3.37024 1.402441581358018084e+04
3.37304 1.402270267943834915e+04
3.37527 1.402141528268003276e+04
3.37751 1.402023528804923808e+04
3.3803 1.401893924223316390e+04
3.38254 1.401801366911460718e+04
3.38534 1.401677410090667036e+04
3.38758 1.401555597257890986e+04
3.39038 1.401376753545800784e+04
3.39262 1.401223282714381457e+04
3.39541 1.401030678416354021e+04
3.39765 1.400882252949089343e+04
3.40045 1.400709275434118535e+04
3.40269 1.400583595678334495e+04
3.40548 1.400444273090761271e+04
3.40772 1.400338924657976168e+04
3.41052 1.400203652978552418e+04
3.41276 1.400090635948157797e+04
3.41501 1.399970355195029151e+04
3.41781 1.399803920965090037e+04
3.42005 1.399652185695322260e+04
3.42284 1.399430996486941149e+04
3.42508 1.399222334751854578e+04
3.42788 1.398911944114980361e+04
3.43011 1.398616188007137134e+04
3.43291 1.398187885350753095e+04
3.43515 1.397813846185786679e+04
3.43796 1.397329296831858301e+04
3.4402 1.396938757195820472e+04
3.443 1.396468551293101518e+04
3.44524 1.396129516837640949e+04
3.44804 1.395753232571236549e+04
3.45028 1.395484732638722198e+04
3.45252 1.395242035711179415e+04
3.45532 1.394975156151591727e+04
3.45756 1.394790401134811873e+04
3.46037 1.394595033457056161e+04
3.46261 1.394465987349370698e+04
3.46542 1.394336958227036848e+04
3.46767 1.394257701562142029e+04
3.47047 1.394185288325658985e+04
3.47271 1.394145591533126753e+04
3.47551 1.394114405527395684e+04
3.47775 1.394101005197829727e+04
3.48056 1.394094767793069877e+04
3.4828 1.394095728966634306e+04
3.48505 1.394100136814784673e+04
3.48785 1.394108404351068748e+04
3.4901 1.394115803183713069e+04
3.4929 1.394124746955238697e+04
3.49514 1.394131072499591210e+04
3.49795 1.394137498719101859e+04
3.50019 1.394141333356771975e+04
3.50299 1.394144538697096505e+04
3.50523 1.394145981513040169e+04
3.50805 1.394146707670724936e+04
3.5103 1.394146719047494116e+04
3.51255 1.394146504626005117e+04
3.51535 1.394146396473444111e+04
3.5176 1.394146932206708698e+04
3.5204 1.394149093826884200e+04
3.52264 1.394152462749156985e+04
3.52546 1.394159517394474460e+04
3.52771 1.394168132151422105e+04
3.53052 1.394183563011285332e+04
3.53277 1.394200353419792555e+04
3.53501 1.394221713829465625e+04
3.53782 1.394255893264899714e+04
3.54007 1.394290524031451059e+04
3.54287 1.394344425234793198e+04
3.54512 1.394396889218991419e+04
3.54792 1.394474848163259230e+04
3.55017 1.394547189114464891e+04
3.55298 1.394650022750288008e+04
3.55524 1.394741515174491360e+04
3.55805 1.394865798051504862e+04
3.56029 1.394972340136315142e+04
3.56253 1.395084623938999539e+04
3.56535 1.395231966590852608e+04
3.5676 1.395354125385203770e+04
3.57041 1.395510787714205799e+04
3.57266 1.395638087774350060e+04
3.57547 1.395798006452130358e+04
3.57771 1.395925766655134066e+04
3.58053 1.396084346946063852e+04
3.58279 1.396209121570356547e+04
3.58505 1.396330847628469564e+04
3.58785 1.396477566610933354e+04
3.5901 1.396590749803732433e+04
3.59291 1.396727048548289531e+04
3.59517 1.396831573484632645e+04
3.59798 1.396956652868708625e+04
3.60023 1.397052558162333116e+04
3.60304 1.397167655199348155e+04
3.60528 1.397256440076819490e+04
3.60753 1.397342920250448151e+04
3.61034 1.397448696975233361e+04
3.6126 1.397532009737222324e+04
3.6154 1.397635255607470754e+04
3.61765 1.397718033406076393e+04
3.62046 1.397822754135897412e+04
3.62271 1.397908110606617811e+04
3.62552 1.398017536647593806e+04
3.62777 1.398107739821785617e+04
3.63002 1.398200627987437838e+04
3.63283 1.398320819454862249e+04
3.63507 1.398419982592995439e+04
3.63789 1.398546658515080162e+04
3.64014 1.398649736941758783e+04
3.64296 1.398780168442537979e+04
3.6452 1.398885672124379562e+04
3.64802 1.399018998513439874e+04
3.65028 1.399126290075872566e+04
3.65254 1.399233433253253679e+04
3.65535 1.399366320701211043e+04
3.6576 1.399471730574141657e+04
3.66042 1.399602271395542084e+04
3.66267 1.399704983907770838e+04
3.66549 1.399830508843253119e+04
3.66774 1.399928372858340481e+04
3.67056 1.400046029732729767e+04
3.67281 1.400134808713742132e+04
3.67507 1.400217461614864806e+04
3.67788 1.400310538556149913e+04
3.68014 1.400375851835692629e+04
3.68296 1.400444950655133835e+04
3.68522 1.400489110683033687e+04
3.68804 1.400529333915468305e+04
3.69029 1.400549017240501053e+04
3.69254 1.400557247163646571e+04
3.69537 1.400552928835354214e+04
3.69762 1.400539799984427373e+04
3.70044 1.400513737168306398e+04
3.70269 1.400486701876966254e+04
3.70551 1.400446950301329889e+04
3.70777 1.400411592196415222e+04
3.71002 1.400373987135618154e+04
3.71284 1.400324946534590708e+04
3.7151 1.400284886167910190e+04
3.71792 1.400234675387804236e+04
3.72017 1.400194917496367816e+04
3.723 1.400146313677038052e+04
3.72526 1.400108817541358076e+04
3.72751 1.400073009919692777e+04
3.73033 1.400030766241667880e+04
3.73259 1.399999119791378871e+04
3.73542 1.399962610496922025e+04
3.73767 1.399935952242530766e+04
3.74049 1.399905697522830633e+04
3.74274 1.399883805454001777e+04
3.74501 1.399863901729865029e+04
3.74785 1.399842012902705028e+04
3.7501 1.399827009745512805e+04
3.75292 1.399811294096715392e+04
3.75518 1.399801180970270070e+04
3.758 1.399791702361204261e+04
3.76026 1.399786706479139866e+04
3.76251 1.399784044857710069e+04
3.76533 1.399784047865526190e+04
3.76758 1.399786752875901402e+04
3.7704 1.399793560191752476e+04
3.77266 1.399801794775181406e+04
3.77548 1.399815599544002544e+04
3.77773 1.399829449613368342e+04
3.78055 1.399850274510208874e+04
3.78281 1.399869842139371212e+04
3.78508 1.399892062411478764e+04
3.7879 1.399923505808780828e+04
3.79016 1.399951509037542201e+04
3.79297 1.399990216638587299e+04
3.79523 1.400024237572198763e+04
3.79805 1.400070478032018218e+04
3.80031 1.400110393791992101e+04
3.80257 1.400152902172455651e+04
3.80539 1.400209691073738395e+04
3.80765 1.400258028055054092e+04
3.81047 1.400321998271921620e+04
3.81273 1.400375988440127185e+04
3.81555 1.400446921036848471e+04
3.81781 1.400506212708456769e+04
3.82006 1.400567862855098610e+04
3.82288 1.400648222290922604e+04
3.82514 1.400715074039162209e+04
3.82796 1.400801826059820814e+04
3.83022 1.400873761214311162e+04
3.83305 1.400966566344357670e+04
3.8353 1.401042935663953540e+04
3.83756 1.401121265830190168e+04
3.84038 1.401221770477581413e+04
3.84263 1.401304225351195782e+04
3.84546 1.401409992129276907e+04
3.84772 1.401496804817168959e+04
3.85054 1.401608056109052268e+04
3.8528 1.401699267676443924e+04
3.85506 1.401792423071287158e+04
3.85789 1.401911320714774411e+04
3.86014 1.402008444615587177e+04
3.86297 1.402132498604785178e+04
3.86524 1.402233505955221335e+04
3.86806 1.402361393642053008e+04
3.87032 1.402464862312866171e+04
3.87258 1.402569295758835324e+04
3.8754 1.402700949938642952e+04
3.87766 1.402806970669439033e+04
3.88049 1.402940729477984860e+04
3.88276 1.403048023010642282e+04
3.88502 1.403154788099895632e+04
3.88784 1.403287143023015960e+04
3.8901 1.403391766418456791e+04
3.89292 1.403520509188968572e+04
3.89518 1.403621789605337653e+04
3.89801 1.403746285524376799e+04
3.90028 1.403843668629596868e+04
3.90254 1.403938805138923999e+04
3.90537 1.404054748859688880e+04
3.90763 1.404144864499764844e+04
3.91045 1.404254367051500412e+04
3.91271 1.404339768276036557e+04
3.91555 1.404443775665091380e+04
3.91782 1.404524641143222470e+04
3.92009 1.404603597688359696e+04
3.92294 1.404699477146336721e+04
3.92519 1.404773425961617795e+04
3.92801 1.404863375692797854e+04
3.93028 1.404933765385278457e+04
3.93255 1.405002683727292788e+04
3.9354 1.405087029699064260e+04
3.93768 1.405153260554277585e+04
3.94054 1.405234002068925292e+04
3.9428 1.405296593520525312e+04
3.94506 1.405358063764480903e+04
3.94789 1.405433555103945946e+04
3.95015 1.405492866687839523e+04
3.95299 1.405565952343775643e+04
3.95527 1.405623577448322067e+04
3.95754 1.405680318864623769e+04
3.96037 1.405749904855636851e+04
3.96263 1.405804829305720887e+04
3.96546 1.405872561640328240e+04
3.96772 1.405926167256079498e+04
3.97055 1.405992760232609180e+04
3.97282 1.406045657240847686e+04
3.97509 1.406098293887432192e+04
3.97793 1.406163796820314928e+04
3.9802 1.406215895839181212e+04
3.98302 1.406280509476834050e+04
3.98528 1.406332076043895904e+04
3.98755 1.406383660499395774e+04
3.99038 1.406448076972389390e+04
3.99265 1.406499771568532560e+04
3.99549 1.406564455113915756e+04
3.99776 1.406616052616471097e+04
4.00002 1.406667492648890038e+04
4.00284 1.406731739207555256e+04
4.00511 1.406782989106635432e+04
4.00793 1.406846566790485667e+04
4.0102 1.406897057244458483e+04
4.01303 1.406959696342098687e+04
4.0153 1.407009596166019401e+04
4.01756 1.407059472842605101e+04
4.02039 1.407122011542585278e+04
4.02266 1.407172393740164443e+04
4.02548 1.407236124006620594e+04
4.02775 1.407287895948723963e+04
4.03001 1.407340501011767265e+04
4.03285 1.407407666576032898e+04
4.03512 1.407462372411345859e+04
4.03795 1.407531759415469060e+04
4.04021 1.407588129095131444e+04
4.04304 1.407659867255676181e+04
4.04531 1.407718305268771473e+04
4.04758 1.407777528424546654e+04
4.05041 1.407852338448493902e+04
4.05267 1.407912751608676263e+04
4.0555 1.407988800951291523e+04
4.05776 1.408049898031430348e+04
4.06003 1.408111059629296324e+04
4.06286 1.408187429245210296e+04
4.06512 1.408248403467796743e+04
4.06795 1.408324481956832642e+04
4.07022 1.408385189993099266e+04
4.07306 1.408461059460664728e+04
4.07532 1.408521907108635241e+04
4.07759 1.408582978088673735e+04
4.08042 1.408659968671393653e+04
4.08268 1.408722357186185400e+04
4.08552 1.408801508130106959e+04
4.08779 1.408865650993991403e+04
4.09005 1.408930390496805194e+04
4.09288 1.409012240200370434e+04
4.09515 1.409078526572773262e+04
4.09798 1.409162133000951144e+04
4.10025 1.409229358385128216e+04
4.10251 1.409296779298982983e+04
4.10535 1.409381270601648066e+04
4.10762 1.409448849495655486e+04
4.11046 1.409532600257471677e+04
4.11273 1.409598501071324245e+04
4.11556 1.409679395882350764e+04
4.11783 1.409742760236434879e+04
4.12009 1.409804710205914125e+04
4.12293 1.409879907018927770e+04
4.12519 1.409938140065411790e+04
4.12803 1.410008474733226649e+04
4.13029 1.410062808436351224e+04
4.13256 1.410115517251105121e+04
4.1354 1.410179614090229370e+04
4.13768 1.410229725024335858e+04
4.14051 1.410291839509509919e+04
4.14278 1.410342129253051644e+04
4.14505 1.410393531590315797e+04
4.14789 1.410459401522851476e+04
4.15017 1.410512759978085342e+04
4.153 1.410579359826584187e+04
4.15526 1.410632182442774138e+04
4.15754 1.410684270508976624e+04
4.16038 1.410747374249376116e+04
4.16264 1.410795610868949916e+04
4.16548 1.410852596654731133e+04
4.16774 1.410895500323152373e+04
4.17002 1.410936120340013076e+04
4.17286 1.410983635386838978e+04
4.17513 1.411019074335314690e+04
4.17798 1.411060140973907437e+04
4.18024 1.411090404288881473e+04
4.18251 1.411118648019650391e+04
4.18535 1.411151478083199981e+04
4.18762 1.411175967013415720e+04
4.19046 1.411204593312981524e+04
4.19273 1.411226297871063980e+04
4.19556 1.411253350856498946e+04
4.19784 1.411276094036580434e+04
4.20011 1.411300655835066937e+04
4.20295 1.411334880866685853e+04
4.20522 1.411365757364755700e+04
4.20805 1.411409159950002140e+04
4.21032 1.411447642062078921e+04
4.21259 1.411489116719955018e+04
4.21543 1.411544194488774338e+04
4.21771 1.411589846573621980e+04
4.22054 1.411647468404285610e+04
4.22281 1.411693207060216082e+04
4.22508 1.411737898785338984e+04
4.22792 1.411791121939123150e+04
4.23019 1.411830737047284310e+04
4.23302 1.411875646798047637e+04
4.23529 1.411907391674873907e+04
4.23757 1.411935082513213274e+04
4.24041 1.411963629726759973e+04
4.24268 1.411981597255781708e+04
4.24552 1.411998654985401663e+04
4.24778 1.412008753948570302e+04
4.25005 1.412016559210090054e+04
4.25289 1.412024364685971705e+04
4.25516 1.412030055399430057e+04
4.258 1.412037770039784118e+04
4.26026 1.412045319383240349e+04
4.26253 1.412054835218843073e+04
4.26537 1.412070448668267818e+04
4.26765 1.412086531397965337e+04
4.27049 1.412111686475102215e+04
4.27276 1.412136001116882653e+04
4.27503 1.412163883151135451e+04
4.27787 1.412203097469042041e+04
4.28013 1.412237412014374422e+04
4.28297 1.412283185455747480e+04
4.28525 1.412321335654880204e+04
4.28751 1.412360116979730446e+04
4.29035 1.412408527341649824e+04
4.29262 1.412446438674475758e+04
4.29546 1.412491743928872165e+04
4.29773 1.412525576991177149e+04
4.3 1.412556828231768122e+04
4.30284 1.412591707166542255e+04
4.30511 1.412615905207947253e+04
4.30796 1.412641139751226183e+04
4.31023 1.412657157420075782e+04
4.31251 1.412669416513043325e+04
4.31535 1.412679646274889092e+04
4.31761 1.412684611093608692e+04
4.32045 1.412688694909458536e+04
4.32272 1.412691755140525129e+04
4.32556 1.412697221518002334e+04
4.32783 1.412704108040428764e+04
4.3301 1.412714063907591299e+04
4.33294 1.412731643308918683e+04
4.33521 1.412750197310100884e+04
4.33806 1.412779156193438030e+04
4.34033 1.412806795320717174e+04
4.34261 1.412838057421362828e+04
4.34544 1.412881333792947589e+04
4.34771 1.412918626750986550e+04
4.35055 1.412968215466290712e+04
4.35283 1.413010100470917860e+04
4.3551 1.413053689747506724e+04
4.35793 1.413109626768593807e+04
4.3602 1.413154721189180418e+04
4.36304 1.413210679977716791e+04
4.36532 1.413254604681380624e+04
4.36759 1.413297511476946966e+04
4.37043 1.413349499907664540e+04
4.37271 1.413389736549522968e+04
4.37555 1.413438398698371020e+04
4.37782 1.413476131687948509e+04
4.3801 1.413512885876276778e+04
4.38294 1.413557227816917475e+04
4.38521 1.413590560359228402e+04
4.38805 1.413628659397678894e+04
4.39032 1.413655951890335018e+04
4.39259 1.413680350905212617e+04
4.39544 1.413707224902345843e+04
4.39771 1.413726682918074584e+04
4.40055 1.413750386357517709e+04
4.40282 1.413770191101858836e+04
4.4051 1.413791676321587511e+04
4.40794 1.413821778878865734e+04
4.41022 1.413848823466125759e+04
4.41306 1.413886550669632379e+04
4.41533 1.413920477803364156e+04
4.4176 1.413958275897435487e+04
4.42045 1.414011434556653694e+04
4.42272 1.414058787402830603e+04
4.42556 1.414123841746414109e+04
4.42783 1.414180297612019240e+04
4.43011 1.414240031411446216e+04
4.43295 1.414317726337482236e+04
4.43523 1.414381192891770115e+04
4.43807 1.414460965792994830e+04
4.44034 1.414524342779084509e+04
4.44262 1.414586675729182389e+04
4.44546 1.414662354889676863e+04
4.44774 1.414720671241541640e+04
4.45001 1.414776634860578451e+04
4.45285 1.414842812499728825e+04
4.45512 1.414892672282865715e+04
4.45797 1.414950786684930972e+04
4.46025 1.414992977434392014e+04
4.46253 1.415030696920226728e+04
4.46537 1.415071268894444620e+04
4.46764 1.415098751915929279e+04
4.47048 1.415127707247166290e+04
4.47276 1.415147376066228935e+04
4.47504 1.415164908354994441e+04
4.47788 1.415185363703225812e+04
4.48015 1.415201813805380152e+04
4.48299 1.415224126941118629e+04
4.48526 1.415244525458845237e+04
4.48755 1.415268113046344843e+04
4.4904 1.415303009865566673e+04
4.49267 1.415335689126528268e+04
4.49551 1.415383066019864782e+04
4.49779 1.415426395565407438e+04
4.50007 1.415474335832652650e+04
4.50292 1.415540022553462950e+04
4.50519 1.415596404869436446e+04
4.50803 1.415670281532569061e+04
4.51031 1.415730844975914806e+04
4.51258 1.415791551442255513e+04
4.51543 1.415866242942161443e+04
4.51771 1.415923855427148737e+04
4.52056 1.415991676533867030e+04
4.52283 1.416041676207053933e+04
4.5251 1.416086938023846596e+04
4.52795 1.416135494560368716e+04
4.53023 1.416166874762235238e+04
4.53251 1.416191001407233671e+04
4.53535 1.416210738741857131e+04
4.53763 1.416218250669133158e+04
4.54047 1.416217853698108229e+04
4.54275 1.416210500727369435e+04
4.54503 1.416197862609072217e+04
4.54788 1.416176347406893728e+04
4.55015 1.416156125632387011e+04
4.55299 1.416129109773942400e+04
4.55527 1.416107538154768918e+04
4.55756 1.416087420999435381e+04
4.5604 1.416066041006136038e+04
4.56268 1.416053045866968023e+04
4.56552 1.416043064459766720e+04
4.5678 1.416040689936638410e+04
4.57007 1.416043584318967623e+04
4.57292 1.416054605394714054e+04
4.5752 1.416069018027893253e+04
4.57805 1.416093100042357037e+04
4.58033 1.416116260938329651e+04
4.58261 1.416141858970927933e+04
4.58547 1.416175408100150526e+04
4.58775 1.416201804445576454e+04
4.59002 1.416226370081642199e+04
4.59287 1.416252604665117542e+04
4.59514 1.416268360821508759e+04
4.59799 1.416279354226419673e+04
4.60027 1.416279754719128505e+04
4.60255 1.416271609109403653e+04
4.6054 1.416248357101491638e+04
4.60767 1.416218827332632645e+04
4.61052 1.416167904255684880e+04
4.61281 1.416115934054763784e+04
4.61509 1.416054682670046532e+04
4.61794 1.415966726461234430e+04
4.62022 1.415888417361378197e+04
4.62306 1.415782602383057747e+04
4.62534 1.415693378850461886e+04
4.62762 1.415601685170284873e+04
4.63047 1.415485726704883018e+04
4.63275 1.415393855266411629e+04
4.63503 1.415304596498797400e+04
4.63787 1.415197854747355632e+04
4.64015 1.415117156342140152e+04
4.64301 1.415023555197356472e+04
4.64529 1.414955150426382170e+04
4.64757 1.414892612842835842e+04
4.65042 1.414822279359882668e+04
4.6527 1.414771689433955544e+04
4.65555 1.414713995088909178e+04
4.65783 1.414670614987017143e+04
4.66012 1.414628302153271579e+04
4.66296 1.414574869132266394e+04
4.66524 1.414529934577514905e+04
4.66752 1.414481472187654072e+04
4.67037 1.414413877509145095e+04
4.67265 1.414352983120353565e+04
4.6755 1.414266782175033222e+04
4.67778 1.414188245555405047e+04
4.68006 1.414100131627800147e+04
4.68291 1.413975222798186223e+04
4.68519 1.413862580940557200e+04
4.68805 1.413705611075040724e+04
4.69034 1.413567931364187643e+04
4.69261 1.413420697155255584e+04
4.69545 1.413223867990890722e+04
4.69774 1.413057103029645623e+04
4.70002 1.412884097835163629e+04
4.70287 1.412661552285742255e+04
4.70515 1.412480522843323888e+04
4.708 1.412253473341670360e+04
4.71028 1.412073274005760686e+04
4.71256 1.411895658546378036e+04
4.71542 1.411677969584552011e+04
4.71771 1.411509649156762316e+04
4.72056 1.411308531419113751e+04
4.72284 1.411155284848723204e+04
4.72512 1.411008696269924621e+04
4.72797 1.410833848264436165e+04
4.73025 1.410699575489577910e+04
4.73253 1.410569047424003838e+04
4.73539 1.410409689660239019e+04
4.73767 1.410284262976835998e+04
4.74051 1.410127389611557010e+04
4.74279 1.409999869526870134e+04
4.74508 1.409869463146468297e+04
4.74794 1.409700858767827413e+04
4.75022 1.409560173516866234e+04
4.7525 1.409413198541983547e+04
4.75535 1.409219900823258104e+04
4.75763 1.409056407292285076e+04
4.76049 1.408839384325328683e+04
4.76278 1.408655916574370531e+04
4.76506 1.408464509599543635e+04
4.76791 1.408214242373017623e+04
4.77019 1.408004818358616103e+04
4.77304 1.407732123137270173e+04
4.77532 1.407506853477683035e+04
4.77761 1.407276438307797980e+04
4.78046 1.406983643823558668e+04
4.78274 1.406748078659241219e+04
4.78502 1.406512749574994996e+04
4.78787 1.406220557410685433e+04
4.79016 1.405989971144272931e+04
4.79302 1.405708471256303528e+04
4.7953 1.405489665818324283e+04
4.79758 1.405276664856503703e+04
4.80043 1.405018789130031291e+04
4.80272 1.404818983668454348e+04
4.80557 1.404576434221945055e+04
4.80786 1.404387609954030268e+04
4.81014 1.404203023648639282e+04
4.81299 1.403977444538390591e+04
4.81527 1.403799462378151475e+04
4.81755 1.403622318467851255e+04
4.8204 1.403400970580440662e+04
4.82269 1.403222215814403717e+04
4.82555 1.402995248584102956e+04
4.82784 1.402810048827739229e+04
4.83012 1.402620614217541697e+04
4.83297 1.402376028456414679e+04
4.83526 1.402173161421312579e+04
4.83754 1.401963526940379052e+04
4.84039 1.401691863977479261e+04
4.84267 1.401466868919991430e+04
4.84552 1.401176876259311030e+04
4.8478 1.400938713734981320e+04
4.85008 1.400695821605364836e+04
4.85294 1.400386838994151185e+04
4.85523 1.400137515114340931e+04
4.85751 1.399888169585228206e+04
4.86037 1.399577932658652935e+04
4.86265 1.399332646105887397e+04
4.8655 1.399031403623144070e+04
4.86778 1.398795218219264279e+04
4.87008 1.398564148436852156e+04
4.87294 1.398284551645884494e+04
4.87522 1.398069261871345225e+04
4.8775 1.397860832235687485e+04
4.88036 1.397609622439890154e+04
4.88264 1.397415834765757063e+04
4.8855 1.397181514335872635e+04
4.88779 1.396999594222873566e+04
4.89008 1.396821934106936351e+04
4.89292 1.396604678971781323e+04
4.8952 1.396432804411432335e+04
4.89806 1.396217614757396041e+04
4.90035 1.396044248489923302e+04
4.90264 1.395868257708764031e+04
4.9055 1.395642965565079794e+04
4.90779 1.395457596289944377e+04
4.91007 1.395266827924079189e+04
4.91293 1.395019452127957629e+04
4.91521 1.394813942747403053e+04
4.91807 1.394547868171651862e+04
4.92035 1.394328432490361411e+04
4.92263 1.394103617966939237e+04
4.92549 1.393816559096134552e+04
4.92777 1.393583442445882611e+04
4.93005 1.393348322179910974e+04
4.93291 1.393053081967949220e+04
4.93521 1.392818372782374718e+04
4.93806 1.392530004715229370e+04
4.94035 1.392304165065632333e+04
4.94263 1.392084059477339542e+04
4.94548 1.391818219719263652e+04
4.94777 1.391613252545570867e+04
4.95006 1.391415645604344172e+04
4.95293 1.391180273564279196e+04
4.95521 1.391001619933853726e+04
4.95807 1.390788965658585585e+04
4.96036 1.390626474904180577e+04
4.96264 1.390469962792604747e+04
4.9655 1.390281005563204781e+04
4.96779 1.390133643351779392e+04
4.97008 1.389988238889313288e+04
4.97293 1.389807152907590898e+04
4.97521 1.389660665933202836e+04
4.97806 1.389472862817339956e+04
4.98035 1.389317509806514317e+04
4.98265 1.389155696815080410e+04
4.98552 1.388943811890103279e+04
4.98781 1.388766853041309332e+04
4.9901 1.388583277898155393e+04
4.99295 1.388344113458853099e+04
4.99524 1.388145706899199104e+04
4.99752 1.387941910983868183e+04
5.00038 1.387680759058403055e+04
5.00267 1.387468544077149636e+04
5.00553 1.387202212957395568e+04
5.00781 1.386989938908055956e+04
5.01009 1.386779515542242916e+04
5.01295 1.386520890025651170e+04
5.01524 1.386319579355698079e+04
5.01753 1.386124134244913148e+04
5.0204 1.385889995217163232e+04
5.02269 1.385712091844968381e+04
5.02554 1.385501696515995536e+04
5.02783 1.385342874904545351e+04
5.03011 1.385192299973573063e+04
5.03297 1.385014932881403183e+04
5.03527 1.384880561583302915e+04
5.03756 1.384752089337233338e+04
5.04042 1.384598297243904562e+04
5.0427 1.384478638874581884e+04
5.04556 1.384330367803010085e+04
5.04785 1.384210853949456759e+04
5.05014 1.384088908409680698e+04
5.05301 1.383930815387244911e+04
5.0553 1.383798221011844180e+04
5.05758 1.383659505710356825e+04
5.06043 1.383475891544624392e+04
5.06272 1.383320090066992634e+04
5.06501 1.383156472837320689e+04
5.06787 1.382941210112983390e+04
5.07017 1.382760995874520631e+04
5.07304 1.382528112679918013e+04
5.07533 1.382337850184530907e+04
5.07761 1.382144814646805389e+04
5.08047 1.381901755590450375e+04
5.08276 1.381707878461933979e+04
5.08505 1.381516020158642459e+04
5.08791 1.381281357792884228e+04
5.0902 1.381099817524764330e+04
5.09306 1.380882982520412770e+04
5.09534 1.380718192468509551e+04
5.09763 1.380561522936555957e+04
5.10049 1.380378285982459784e+04
5.10278 1.380241590259577606e+04
5.10508 1.380113708714954555e+04
5.10795 1.379965858249471239e+04
5.11023 1.379856212737819624e+04
5.11252 1.379752741506416351e+04
5.11538 1.379629951725532374e+04
5.11766 1.379535050352350117e+04
5.12053 1.379417324317616658e+04
5.12283 1.379321923809180953e+04
5.12512 1.379223790468230072e+04
5.12798 1.379094795933867317e+04
5.13027 1.378984604568320901e+04
5.13255 1.378866923043883980e+04
5.13542 1.378708093894072408e+04
5.13771 1.378570626061732037e+04
5.14001 1.378424147356827052e+04
5.14287 1.378229217935640008e+04
5.14516 1.378064485475480797e+04
5.14802 1.377848903547179725e+04
5.1503 1.377670193990487132e+04
5.15259 1.377487361791209332e+04
5.15546 1.377254254264317569e+04
5.15776 1.377067000463306431e+04
5.16005 1.376881203472251400e+04
5.16291 1.376653104918533609e+04
5.1652 1.376475842675893728e+04
5.16806 1.376262887502972808e+04
5.17035 1.376100426856521517e+04
5.17264 1.375945730989631738e+04
5.1755 1.375764460141512609e+04
5.17779 1.375629474232587017e+04
5.18008 1.375503316325398191e+04
5.18294 1.375357666305311795e+04
5.18522 1.375249913847990865e+04
5.18751 1.375148760238633622e+04
5.19038 1.375029533150178395e+04
5.19267 1.374938375281444678e+04
5.19554 1.374826960980565127e+04
5.19783 1.374737621962047342e+04
5.20012 1.374646277500562610e+04
5.20298 1.374526042832527310e+04
5.20526 1.374422577870570240e+04
5.20755 1.374310971064335536e+04
5.21041 1.374158283027397556e+04
5.21271 1.374024474581264076e+04
5.215 1.373880227972841749e+04
5.21787 1.373685944393095633e+04
5.22016 1.373519849169113513e+04
5.22302 1.373300322592537850e+04
5.22531 1.373116819904816293e+04
5.2276 1.372927794735642237e+04
5.23048 1.372685678394298884e+04
5.23279 1.372490104314603559e+04
5.23508 1.372295481431594089e+04
5.23795 1.372054847115858502e+04
5.24024 1.371866802789294888e+04
5.24252 1.371684065760316298e+04
5.24539 1.371464585296912446e+04
5.24768 1.371297281238885625e+04
5.25055 1.371099919385701833e+04
5.25284 1.370951869147590878e+04
5.25513 1.370812701315243976e+04
5.25799 1.370651231203588941e+04
5.26028 1.370530817952828511e+04
5.26257 1.370416773102883781e+04
5.26544 1.370281289463055691e+04
5.26773 1.370176918131311140e+04
5.27003 1.370074293844604836e+04
5.27289 1.369945792448625616e+04
5.27518 1.369840823733684738e+04
5.27804 1.369703400069723466e+04
5.28033 1.369586213005123864e+04
5.28262 1.369460789118688081e+04
5.28549 1.369290022291589412e+04
5.28778 1.369140704242087486e+04
5.29008 1.368979548417210935e+04
5.29294 1.368761950297763542e+04
5.29523 1.368574521575548169e+04
5.29752 1.368375687188315896e+04
5.30038 1.368112905733311345e+04
5.30268 1.367893074510112820e+04
5.30554 1.367609234483456567e+04
5.30784 1.367377464049015725e+04
5.31013 1.367143831499064254e+04
5.313 1.366852760198516444e+04
5.31529 1.366623697539129898e+04
5.31758 1.366399766102555077e+04
5.32044 1.366129228936166874e+04
5.32274 1.365922036914290948e+04
5.32504 1.365723938390397598e+04
5.32793 1.365489285016363283e+04
5.33024 1.365313188776622155e+04
5.33254 1.365147809637306818e+04
5.33542 1.364954359663428295e+04
5.33771 1.364809651679770104e+04
5.34 1.364672335521100649e+04
5.34287 1.364508789153294310e+04
5.34516 1.364382560366685902e+04
5.34803 1.364227729093207017e+04
5.35032 1.364103974534922236e+04
5.35261 1.363978366084738263e+04
5.35548 1.363816129666977577e+04
5.35776 1.363679793716881068e+04
5.36006 1.363535489010681886e+04
5.36293 1.363341498196015164e+04
5.36523 1.363173750809119156e+04
5.36754 1.362993074073647222e+04
5.37043 1.362749097174862072e+04
5.37272 1.362540576656458870e+04
5.37502 1.362319328480990043e+04
5.37788 1.362026467995352687e+04
5.38017 1.361780477506118223e+04
5.38303 1.361460212608173606e+04
5.38533 1.361196024289727211e+04
5.38763 1.360927777682010856e+04
5.39049 1.360591517234755884e+04
5.39278 1.360324017199377158e+04
5.39507 1.360060270568745182e+04
5.39794 1.359738987000427369e+04
5.40023 1.359490118441078812e+04
5.40254 1.359249890340365710e+04
5.40541 1.358963996843227142e+04
5.40772 1.358747440830840242e+04
5.41002 1.358541875438043644e+04
5.41289 1.358300862973632320e+04
5.41518 1.358119629244783209e+04
5.41804 1.357906163875046877e+04
5.42033 1.357744483040106024e+04
5.42263 1.357589294642599270e+04
5.4255 1.357401944618965899e+04
5.42779 1.357255774660176758e+04
5.43011 1.357110027403585082e+04
5.433 1.356927155502940514e+04
5.43531 1.356778340934634980e+04
5.43762 1.356625221999842142e+04
5.4405 1.356425177264586091e+04
5.44281 1.356256353182047133e+04
5.44511 1.356078038578501946e+04
5.44798 1.355840923871042651e+04
5.45028 1.355638099941315159e+04
5.45257 1.355423019431010835e+04
5.45544 1.355136581341377860e+04
5.45773 1.354893745163505810e+04
5.46003 1.354639492151881495e+04
5.46289 1.354307043251514551e+04
5.46519 1.354031003309432890e+04
5.46806 1.353677287038279610e+04
5.47037 1.353389349848308848e+04
5.47267 1.353100431645993558e+04
5.47555 1.352740755348447237e+04
5.47786 1.352456480548581021e+04
5.48017 1.352177695087658685e+04
5.48304 1.351840337961840487e+04
5.48534 1.351580885855089400e+04
5.48764 1.351333180271206220e+04
5.49051 1.351041028659437325e+04
5.4928 1.350821937619582059e+04
5.4951 1.350615935458868626e+04
5.49796 1.350376391486362627e+04
5.50026 1.350198238045189646e+04
5.50255 1.350030800741958592e+04
5.50542 1.349834415911493852e+04
5.50771 1.349686047170597703e+04
5.51002 1.349543232808135690e+04
5.5129 1.349370483402415994e+04
5.51521 1.349234575950089311e+04
5.51753 1.349098755754850390e+04
5.52042 1.348927160375168751e+04
5.52272 1.348786930954628224e+04
5.52503 1.348641684990954127e+04
5.5279 1.348451318532510413e+04
5.53019 1.348290077113427105e+04
5.53306 1.348075327459641449e+04
5.53535 1.347891851679534193e+04
5.53765 1.347697168747820433e+04
5.54053 1.347437221880195102e+04
5.54283 1.347216383829516963e+04
5.54513 1.346984035647569908e+04
5.54801 1.346679366875984306e+04
5.55033 1.346425034765247256e+04
5.55264 1.346163590294151436e+04
5.55554 1.345830104927252978e+04
5.55786 1.345560203411121984e+04
5.56018 1.345289429963774091e+04
5.56307 1.344953115074570451e+04
5.56538 1.344687612421144331e+04
5.56769 1.344428473661450698e+04
5.57057 1.344115922144308570e+04
5.57287 1.343877462300395564e+04
5.57517 1.343651208552534445e+04
5.57804 1.343387201372335949e+04
5.58034 1.343191787525457403e+04
5.58263 1.343010268056741188e+04
5.58551 1.342801706806832954e+04
5.58782 1.342648853753643198e+04
5.59012 1.342507019872249475e+04
5.59302 1.342343491233758868e+04
5.59534 1.342222315588349920e+04
5.59766 1.342108005380215036e+04
5.60056 1.341972648588080847e+04
5.60287 1.341868813146939829e+04
5.60518 1.341766892406153420e+04
5.60807 1.341639988947014899e+04
5.61037 1.341536942158830425e+04
5.61268 1.341430901614614777e+04
5.61555 1.341292150885399315e+04
5.61785 1.341174338629915837e+04
5.62015 1.341049191737294313e+04
5.62302 1.340880686081317981e+04
5.62532 1.340735196482454558e+04
5.62762 1.340579362043802757e+04
5.63049 1.340369189297446064e+04
5.63279 1.340188512153598640e+04
5.63509 1.339996970964593129e+04
5.63797 1.339742414991817895e+04
5.64027 1.339528609472496464e+04
5.64258 1.339307389966919072e+04
5.64546 1.339023458068416585e+04
5.64777 1.338792542783414501e+04
5.65008 1.338559834698948362e+04
5.65296 1.338268897780893167e+04
5.65527 1.338038237481373289e+04
5.65759 1.337811949115136667e+04
5.66047 1.337539272974027881e+04
5.66277 1.337331250256854037e+04
5.66507 1.337134170530220581e+04
5.66794 1.336904983837916916e+04
5.67024 1.336735772588455075e+04
5.67254 1.336579156214442992e+04
5.67542 1.336400767335768433e+04
5.67773 1.336270945345115979e+04
5.68004 1.336152205317792323e+04
5.68292 1.336018082595922169e+04
5.68522 1.335920970619572654e+04
5.68753 1.335831687301846250e+04
5.69041 1.335729317321148301e+04
5.69272 1.335653391633712818e+04
5.69503 1.335581269209678976e+04
5.69792 1.335494720568801677e+04
5.70024 1.335426520204114240e+04
5.70256 1.335357807945185414e+04
5.70546 1.335269028169179364e+04
5.70778 1.335193856977210453e+04
5.7101 1.335113379430484383e+04
5.713 1.335003430281402871e+04
5.71531 1.334906171163637191e+04
5.71762 1.334799665158707649e+04
5.7205 1.334651970310834076e+04
5.72281 1.334521477710517684e+04
5.72511 1.334379793489010444e+04
5.72799 1.334187052515340110e+04
5.73029 1.334021102149170838e+04
5.73259 1.333845826727858730e+04
5.73547 1.333615775829813902e+04
5.73778 1.333425626766082314e+04
5.74009 1.333232506636088510e+04
5.74298 1.332990732526487955e+04
5.74529 1.332799756660279127e+04
5.7476 1.332612780052060589e+04
5.7505 1.332388174824044108e+04
5.75282 1.332217883310362049e+04
5.75514 1.332057980705967202e+04
5.75804 1.331874214023043533e+04
5.76037 1.331741213493156647e+04
5.7627 1.331621361836673896e+04
5.76502 1.331514894202931828e+04
5.76793 1.331400680956478391e+04
5.77025 1.331324456201665635e+04
5.77256 1.331261033541257893e+04
5.77546 1.331199195870503900e+04
5.77777 1.331162953953855686e+04
5.78008 1.331137764372586025e+04
5.78296 1.331120732985685208e+04
5.78527 1.331117648044312045e+04
5.78757 1.331122913389096720e+04
5.79045 1.331139571434753816e+04
5.79276 1.331159424054269221e+04
5.79506 1.331183533897000234e+04
5.79794 1.331217221123395575e+04
5.80024 1.331244903313645409e+04
5.80255 1.331271290330500415e+04
5.80543 1.331299687798970626e+04
5.80773 1.331316573240796788e+04
5.81004 1.331326523051788172e+04
5.81292 1.331327058599301745e+04
5.81523 1.331316643703220325e+04
5.81754 1.331295772465519076e+04
5.82043 1.331254488438277258e+04
5.82275 1.331209397243237981e+04
5.82506 1.331154121552610741e+04
5.82795 1.331072128989449629e+04
5.83026 1.330997770026386024e+04
5.83257 1.330917337105220213e+04
5.83547 1.330811177771813163e+04
5.83778 1.330724394633109841e+04
5.8401 1.330638465367415120e+04
5.84299 1.330536145803143518e+04
5.84531 1.330461238093588145e+04
5.84763 1.330394900699929349e+04
5.85052 1.330326949299348962e+04
5.85284 1.330286338594620247e+04
5.85515 1.330259190990140632e+04
5.85803 1.330245470094807206e+04
5.86034 1.330251345849170866e+04
5.86265 1.330272555386043314e+04
5.86553 1.330320830816734997e+04
5.86784 1.330376786647670087e+04
5.87014 1.330447878675807624e+04
5.87303 1.330557390712492816e+04
5.87534 1.330660723396125650e+04
5.87765 1.330776949327773400e+04
5.88054 1.330938772770638207e+04
5.88285 1.331079687701908188e+04
5.88516 1.331229009917726944e+04
5.88805 1.331424826468023457e+04
5.89036 1.331586551738399066e+04
5.89268 1.331750619731969891e+04
5.89557 1.331955818247126444e+04
5.89788 1.332117588699683074e+04
5.9002 1.332274868717822937e+04
5.90251 1.332425894108842112e+04
5.90541 1.332602939986107958e+04
5.90773 1.332733392172562162e+04
5.91005 1.332852533363405200e+04
5.91296 1.332983955313659317e+04
5.91528 1.333074467073574306e+04
5.91761 1.333151814742680108e+04
5.92052 1.333230353144396213e+04
5.92284 1.333279279776151452e+04
5.92517 1.333316862134418079e+04
5.9275 1.333344353413235513e+04
5.93041 1.333366964654825097e+04
5.93275 1.333378124524430859e+04
5.93509 1.333385677013589157e+04
5.938 1.333394072481075273e+04
5.94033 1.333403334831926441e+04
5.94266 1.333417817750059839e+04
5.94556 1.333447253477432605e+04
5.94789 1.333482894573014346e+04
5.95021 1.333531623381598365e+04
5.95252 1.333595451789738581e+04
5.95542 1.333698766697692554e+04
5.95774 1.333801855821527897e+04
5.96005 1.333924070370617483e+04
5.96294 1.334104489888812168e+04
5.96525 1.334271169843961616e+04
5.96756 1.334457408587001737e+04
5.97045 1.334716976455128679e+04
5.97277 1.334944960729410013e+04
5.97508 1.335189801416971204e+04
5.97796 1.335517316688334540e+04
5.98027 1.335794512757448683e+04
5.98258 1.336083232128187774e+04
5.98547 1.336457212339291436e+04
5.98778 1.336764319629780948e+04
5.99009 1.337076083867779562e+04
5.99298 1.337468884005622022e+04
5.99529 1.337782960539884334e+04
5.9976 1.338094497649918594e+04
6.00049 1.338477298348091426e+04
6.0028 1.338776005168113443e+04
6.00511 1.339066127157839219e+04
6.008 1.339414927927483404e+04
6.01032 1.339681328822877731e+04
6.01263 1.339935937104261939e+04
6.01553 1.340236902180531433e+04
6.01785 1.340463909108461485e+04
6.02017 1.340678840141645560e+04
6.02306 1.340931199528346042e+04
6.02538 1.341121156560667805e+04
6.0277 1.341301912982047907e+04
6.03002 1.341475366339173524e+04
6.03292 1.341685646483485834e+04
6.03524 1.341852183967174278e+04
6.03756 1.342020651556448684e+04
6.04046 1.342238952466792944e+04
6.04279 1.342423869237272629e+04
6.04511 1.342621183404345538e+04
6.04802 1.342889997992728968e+04
6.05034 1.343125968929458941e+04
6.05267 1.343382575518554404e+04
6.055 1.343660441751257531e+04
6.05791 1.344037405652973030e+04
6.06025 1.344362804663799943e+04
6.06258 1.344708457633535363e+04
6.0655 1.345167982524800573e+04
6.06783 1.345557569624352254e+04
6.07016 1.345966121106317951e+04
6.07307 1.346502911913022399e+04
6.0754 1.346952790071275558e+04
6.07772 1.347419592955667940e+04
6.08005 1.347902878644209886e+04
6.08295 1.348527546023243121e+04
6.08527 1.349042283510118250e+04
6.08759 1.349568320389459768e+04
6.09049 1.350238875044865563e+04
6.09281 1.350783444501261511e+04
6.09512 1.351332689448393467e+04
6.09802 1.352023141990800104e+04
6.10034 1.352575703498838266e+04
6.10265 1.353126621653208713e+04
6.10554 1.353809912286818144e+04
6.10786 1.354350253225760207e+04
6.11017 1.354883507211231699e+04
6.11306 1.355538173430945608e+04
6.11538 1.356051298843477161e+04
6.11769 1.356554097455023657e+04
6.12 1.357046105515262025e+04
6.12289 1.357645506511217900e+04
6.12521 1.358112692574865468e+04
6.12752 1.358569421460455487e+04
6.13041 1.359126049900205362e+04
6.13272 1.359560433731633930e+04
6.13504 1.359986254303813985e+04
6.13793 1.360508500185663797e+04
6.14025 1.360920747601059338e+04
6.14256 1.361330482987538926e+04
6.14546 1.361843214572178113e+04
6.14777 1.362257355826534331e+04
6.15009 1.362677979115499511e+04
6.15299 1.363217434718118420e+04
6.1553 1.363662641790903217e+04
6.15762 1.364122550544097248e+04
6.16052 1.364720562035638068e+04
6.16284 1.365219304347618527e+04
6.16517 1.365737277893753162e+04
6.16807 1.366412843908035211e+04
6.17039 1.366975869221806170e+04
6.17271 1.367557707849624967e+04
6.17503 1.368156235054225908e+04
6.17793 1.368925427690205652e+04
6.18025 1.369555679577316732e+04
6.18257 1.370197926185148754e+04
6.18547 1.371016572810009893e+04
6.18778 1.371683146022568326e+04
6.1901 1.372359764831257780e+04
6.19299 1.373218419228639868e+04
6.19531 1.373914981253247061e+04
6.19763 1.374619065348560434e+04
6.20052 1.375508108524930503e+04
6.20283 1.376225057611853299e+04
6.20515 1.376945448452690289e+04
6.20804 1.377848831661950680e+04
6.21035 1.378571868011651532e+04
6.21267 1.379293856238693115e+04
6.21556 1.380192814631495094e+04
6.21787 1.380907913601288601e+04
6.22018 1.381618514090119788e+04
6.22308 1.382499410214303862e+04
6.22539 1.383197806521939674e+04
6.2277 1.383890288448226238e+04
6.23001 1.384576885996028250e+04
6.2329 1.385427048751112488e+04
6.23522 1.386101041557489407e+04
6.23753 1.386769990672667882e+04
6.24042 1.387599779276499612e+04
6.24273 1.388259123875484875e+04
6.24504 1.388915271122856393e+04
6.24793 1.389731316448917642e+04
6.25025 1.390381059625680427e+04
6.25256 1.391028293334289083e+04
6.25545 1.391834577597866519e+04
6.25776 1.392478296862807656e+04
6.26008 1.393121773013465463e+04
6.26297 1.393927522584516555e+04
6.26528 1.394574456975312933e+04
6.2676 1.395224796946544848e+04
6.27049 1.396044065084554495e+04
6.27281 1.396705890169188024e+04
6.27512 1.397374521962789731e+04
6.27801 1.398221270546128289e+04
6.28033 1.398908702735774750e+04
6.28264 1.399605857151352757e+04
6.28554 1.400492516749693641e+04
6.28786 1.401214852563270324e+04
6.29017 1.401949663447361854e+04
6.29307 1.402886753614657573e+04
6.29539 1.403651951672538053e+04
6.29771 1.404431678814584302e+04
6.30002 1.405226054174460114e+04
6.30292 1.406240054657592191e+04
6.30524 1.407068100915894684e+04
6.30756 1.407911193727819045e+04
6.31045 1.408985830724344305e+04
6.31277 1.409860975013322241e+04
6.31509 1.410748274274753203e+04
6.31799 1.411872423053735838e+04
6.3203 1.412782154543554498e+04
6.32262 1.413699807859673092e+04
6.32552 1.414856169242333090e+04
6.32784 1.415787329420428250e+04
6.33016 1.416722818120566444e+04
6.33305 1.417896878014982394e+04
6.33537 1.418838550394322192e+04
6.33769 1.419781581642672063e+04
6.34001 1.420724653921001664e+04
6.34291 1.421902117042723512e+04
6.34523 1.422841495006918376e+04
6.34755 1.423777286563975940e+04
6.35045 1.424940580150544884e+04
6.35277 1.425864513463364710e+04
6.35509 1.426782101360249908e+04
6.35799 1.427918455557568086e+04
6.36032 1.428818933332714005e+04
6.36264 1.429711236141099107e+04
6.36555 1.430815154238167088e+04
6.36787 1.431689443249620854e+04
6.3702 1.432555910798778314e+04
6.37252 1.433415369742358962e+04
6.37543 1.434480066448614889e+04
6.37775 1.435323595412027862e+04
6.38007 1.436160371825017683e+04
6.38298 1.437197668412667008e+04
6.3853 1.438021482461884261e+04
6.38762 1.438841129425048712e+04
6.39052 1.439860745702017630e+04
6.39284 1.440675087074584371e+04
6.39516 1.441489985031835204e+04
6.39806 1.442512932572838690e+04
6.40038 1.443337113927383507e+04
6.4027 1.444168367210811448e+04
6.40501 1.445008456752676102e+04
6.40791 1.446072598740909780e+04
6.41023 1.446936766129304669e+04
6.41254 1.447812723274743985e+04
6.41544 1.448924767305470232e+04
6.41775 1.449827891489507601e+04
6.42007 1.450742493694913173e+04
6.42296 1.451900693659011631e+04
6.42528 1.452837606982697980e+04
6.42759 1.453782436489896645e+04
6.43048 1.454972268587090548e+04
6.4328 1.455929644110724803e+04
6.43511 1.456890608040716143e+04
6.438 1.458095455675424091e+04
6.44032 1.459061715272876063e+04
6.44263 1.460030329974057713e+04
6.44552 1.461245539887139603e+04
6.44784 1.462222504388920606e+04
6.45015 1.463204875067982175e+04
6.45304 1.464442107071737155e+04
6.45536 1.465440836972561738e+04
6.45767 1.466449073313482222e+04
6.46056 1.467725149160327419e+04
6.46288 1.468760396145845516e+04
6.46519 1.469810347145160631e+04
6.46751 1.470876209155919059e+04
6.4704 1.472233171967684575e+04
6.47272 1.473339777375122503e+04
6.47503 1.474466015073444578e+04
6.47793 1.475902520914328124e+04
6.48024 1.477074615516597078e+04
6.48256 1.478267386798914049e+04
6.48546 1.479785633594437786e+04
6.48777 1.481021595352424993e+04
6.49009 1.482276604049894013e+04
6.49299 1.483871904274919143e+04
6.49531 1.485167918693589490e+04
6.49763 1.486478612682717721e+04
6.50053 1.488134262073904392e+04
6.50285 1.489467295804316382e+04
6.50518 1.490804456187791766e+04
6.5075 1.492141071672546605e+04
6.51041 1.493805044438073855e+04
6.51273 1.495126268020324824e+04
6.51506 1.496434075553827461e+04
6.51796 1.498044636938269650e+04
6.52029 1.499309595976528726e+04
6.52261 1.500550359118636698e+04
6.52552 1.502065827542108855e+04
6.52784 1.503249100708567494e+04
6.53016 1.504406485552620143e+04
6.53307 1.505817306353158892e+04
6.53539 1.506917163154719310e+04
6.53772 1.507992255041700628e+04
6.54004 1.509044120954772370e+04
6.54294 1.510329394236930602e+04
6.54527 1.511337064711090534e+04
6.54759 1.512329422086231170e+04
6.5505 1.513552533478323130e+04
6.55282 1.514520664251595736e+04
6.55515 1.515482070155804649e+04
6.55805 1.516677339416302857e+04
6.56038 1.517630530780895242e+04
6.5627 1.518581943450832296e+04
6.56502 1.519532370495344912e+04
6.56792 1.520720329702108211e+04
6.57024 1.521670508222422723e+04
6.57256 1.522621027945910828e+04
6.57546 1.523808291698977882e+04
6.57778 1.524756870267857812e+04
6.5801 1.525703117862016734e+04
6.583 1.526880888239196429e+04
6.58531 1.527817810974126769e+04
6.58763 1.528748974316010936e+04
6.59053 1.529904061085398826e+04
6.59284 1.530819491934609141e+04
6.59516 1.531726390005939356e+04
6.59805 1.532846350388138308e+04
6.60037 1.533730404517563147e+04
6.60268 1.534603238108295591e+04
6.60558 1.535677894158006893e+04
6.60789 1.536524464658650322e+04
6.61021 1.537359562178476699e+04
6.61252 1.538183628580258301e+04
6.61541 1.539199426947025495e+04
6.61773 1.540001857163680688e+04
6.62005 1.540796622296917121e+04
6.62294 1.541781864408429828e+04
6.62526 1.542565616193807728e+04
6.62757 1.543347958073366317e+04
6.63047 1.544326757864790125e+04
6.63279 1.545115585429417297e+04
6.63511 1.545913401404512842e+04
6.638 1.546928035482050291e+04
6.64032 1.547756796695444973e+04
6.64264 1.548602661903274202e+04
6.64554 1.549687558981699840e+04
6.64787 1.550578592975857828e+04
6.65019 1.551492045472734208e+04
6.65251 1.552428363565090513e+04
6.65542 1.553632420929103318e+04
6.65774 1.554623419348577954e+04
6.66007 1.555638365809301831e+04
6.66298 1.556941062111947213e+04
6.66531 1.558007351743506297e+04
6.66763 1.559092120893767787e+04
6.67054 1.560471706237598482e+04
6.67287 1.561590916099661990e+04
6.67519 1.562721033461406296e+04
6.67751 1.563860142859038206e+04
6.68041 1.565290863600506964e+04
6.68273 1.566438899892781046e+04
6.68505 1.567586313785982566e+04
6.68795 1.569016822765301913e+04
6.69027 1.570155214811348196e+04
6.69258 1.571285905618748257e+04
6.69548 1.572686076514434717e+04
6.69779 1.573793193561719818e+04
6.70011 1.574887848336101524e+04
6.703 1.576236508200028584e+04
6.70531 1.577299216153647103e+04
6.70762 1.578346924265321104e+04
6.71051 1.579635169940926608e+04
6.71283 1.580648730747659647e+04
6.71514 1.581647058599788579e+04
6.71803 1.582873956112031010e+04
6.72034 1.583838695608600028e+04
6.72265 1.584788712209969344e+04
6.72554 1.585955704476058600e+04
6.72785 1.586872976285971345e+04
6.73016 1.587775880564634645e+04
6.73305 1.588884616171107700e+04
6.73537 1.589756102638185439e+04
6.73768 1.590618211869859624e+04
6.74057 1.591683329547936955e+04
6.74288 1.592525174098543175e+04
6.7452 1.593357412645130171e+04
6.74751 1.594179917359882165e+04
6.75041 1.595194615695148059e+04
6.75272 1.595995312264673885e+04
6.75504 1.596786946924759104e+04
6.75794 1.597763142549253644e+04
6.76025 1.598534154910154757e+04
6.76257 1.599296158778192148e+04
6.76547 1.600235954787465016e+04
6.76779 1.600977856958783923e+04
6.77011 1.601711317031923681e+04
6.77301 1.602617253253326999e+04
6.77533 1.603334753545168314e+04
6.77765 1.604047284736083020e+04
6.78055 1.604932159489582045e+04
6.78287 1.605636121182561692e+04
6.78519 1.606336868281855823e+04
6.78751 1.607034374837333780e+04
6.79042 1.607902044047895288e+04
6.79274 1.608592336407721814e+04
6.79506 1.609279359321821721e+04
6.79797 1.610132975608848392e+04
6.80029 1.610811140423573670e+04
6.80261 1.611484883429690308e+04
6.80551 1.612320779014419350e+04
6.80783 1.612983794673486773e+04
6.81015 1.613642011600983460e+04
6.81305 1.614457100830592572e+04
6.81536 1.615103106859536638e+04
6.81768 1.615743375336412100e+04
6.82057 1.616535436358013794e+04
6.82289 1.617162480922473151e+04
6.8252 1.617783452639052848e+04
6.82752 1.618398658503181287e+04
6.83041 1.619159585935225914e+04
6.83272 1.619762321641945528e+04
6.83503 1.620360118768450229e+04
6.83792 1.621101217407143304e+04
6.84024 1.621690021538796464e+04
6.84255 1.622276135796499511e+04
6.84544 1.623008090972757054e+04
6.84775 1.623595830565910546e+04
6.85007 1.624187050290546540e+04
6.85296 1.624932582163400002e+04
6.85527 1.625534915110148904e+04
6.85759 1.626142939189606477e+04
6.86048 1.626911603642333830e+04
6.8628 1.627533543646930229e+04
6.86511 1.628162550056613509e+04
6.86801 1.628959525965371540e+04
6.87033 1.629606922826624759e+04
6.87265 1.630264664902122604e+04
6.87554 1.631103804525670967e+04
6.87787 1.631789394089218877e+04
6.88019 1.632487014741321582e+04
6.88251 1.633196637232415378e+04
6.88542 1.634097619169575410e+04
6.88774 1.634827352079316734e+04
6.89006 1.635563639855021938e+04
6.89296 1.636490590374066778e+04
6.89528 1.637235360970087822e+04
6.8976 1.637981836090296747e+04
6.90049 1.638914209002604912e+04
6.90281 1.639658642634388889e+04
6.90512 1.640399958105201586e+04
6.90802 1.641321024149035657e+04
6.91033 1.642051322049157898e+04
6.91264 1.642772737774895359e+04
6.91553 1.643658759466229094e+04
6.91784 1.644352657173318585e+04
6.92016 1.645032097867520497e+04
6.92304 1.645859382189767348e+04
6.92535 1.646502875555110950e+04
6.92767 1.647129544022466871e+04
6.93055 1.647888765428516126e+04
6.93286 1.648476682599414198e+04
6.93517 1.649047227793065031e+04
6.93806 1.649735978092570804e+04
6.94037 1.650267584181304846e+04
6.94268 1.650781950397314358e+04
6.94557 1.651400917395798751e+04
6.94788 1.651876773779552605e+04
6.9502 1.652333835934690069e+04
6.95251 1.652772131794509551e+04
6.9554 1.653294133209272331e+04
6.95771 1.653691883949209296e+04
6.96003 1.654072359772769050e+04
6.96292 1.654524595573446641e+04
6.96524 1.654868663633027245e+04
6.96755 1.655208822395454263e+04
6.97045 1.655632112280018919e+04
6.97277 1.655965209912733189e+04
6.97508 1.656290555062252315e+04
6.97798 1.656683218694724201e+04
6.9803 1.656984166574160554e+04
6.98261 1.657271986913597357e+04
6.98551 1.657611840300488620e+04
6.98783 1.657866887285288249e+04
6.99014 1.658106383448772249e+04
6.99304 1.658383534543345013e+04
6.99536 1.658587289412940299e+04
6.99768 1.658775227630654263e+04
7 1.658947506099015300e+04
7.0029 1.659141314393289213e+04
7.00523 1.659279552793689072e+04
7.00755 1.659403564459441259e+04
7.01046 1.659539875551370642e+04
7.01278 1.659634831521230080e+04
7.0151 1.659717987527426158e+04
7.018 1.659806324356935147e+04
7.02032 1.659865235318231498e+04
7.02264 1.659914421202598169e+04
7.02554 1.659964207504859223e+04
7.02785 1.659997336256640119e+04
7.03017 1.660026469045149133e+04
7.03306 1.660059710928714048e+04
7.03538 1.660085391876027279e+04
7.03769 1.660111503299294418e+04
7.04 1.660138995304959099e+04
7.04289 1.660176367394062618e+04
7.04521 1.660209308412971950e+04
7.04752 1.660245259862684543e+04
7.05041 1.660294604464613076e+04
7.05272 1.660337540679919402e+04
7.05503 1.660383357880937911e+04
7.05792 1.660444254377704056e+04
7.06023 1.660495450252516457e+04
7.06255 1.660548415893359197e+04
7.06544 1.660616501020379656e+04
7.06775 1.660671948094133404e+04
7.07006 1.660727832888742705e+04
7.07296 1.660797693470643571e+04
7.07527 1.660853114056704362e+04
7.07759 1.660907729096939875e+04
7.08048 1.660974272846791064e+04
7.0828 1.661025751310849591e+04
7.08512 1.661075279773700095e+04
7.08801 1.661134045880820486e+04
7.09034 1.661178195147204315e+04
7.09266 1.661219562556510937e+04
7.09556 1.661267108875059421e+04
7.09788 1.661301822491482017e+04
7.10021 1.661333888139000192e+04
7.10253 1.661363338724612186e+04
7.10544 1.661396650352648794e+04
7.10777 1.661420531263221346e+04
7.1101 1.661441902795121132e+04
7.113 1.661465032888600399e+04
7.11533 1.661480686885376417e+04
7.11765 1.661493806352917818e+04
7.12056 1.661506793639138050e+04
7.12288 1.661514554558479358e+04
7.1252 1.661520134794439946e+04
7.12753 1.661523679825649378e+04
7.13043 1.661525443523417562e+04
7.13275 1.661524883882785070e+04
7.13508 1.661522716395356474e+04
7.13798 1.661518010011150545e+04
7.1403 1.661512672783666130e+04
7.14262 1.661505542318152948e+04
7.14552 1.661492643095574385e+04
7.14784 1.661478264011698047e+04
7.15015 1.661459739728711429e+04
7.15305 1.661430134635334980e+04
7.15537 1.661401067022451753e+04
7.15768 1.661366995551819127e+04
7.16058 1.661317332750040441e+04
7.16289 1.661271915029094453e+04
7.16521 1.661221485233576823e+04
7.16752 1.661166114546365861e+04
7.17041 1.661090047143352058e+04
7.17273 1.661023805448670828e+04
7.17504 1.660952850055766248e+04
7.17793 1.660857563557604590e+04
7.18025 1.660776100659062286e+04
7.18256 1.660689944077240216e+04
7.18546 1.660575564884833875e+04
7.18778 1.660478634562890147e+04
7.19009 1.660376670424313124e+04
7.19299 1.660242053481124458e+04
7.19531 1.660128251929891849e+04
7.19763 1.660008951605350376e+04
7.20053 1.659851639027382407e+04
7.20285 1.659719017951369460e+04
7.20517 1.659580201649190712e+04
7.20808 1.659397482989310447e+04
7.2104 1.659243999629458267e+04
7.21273 1.659083543358095994e+04
7.21506 1.658916355518972705e+04
7.21796 1.658698139914368949e+04
7.22029 1.658516263957582123e+04
7.22261 1.658328048419827974e+04
7.22551 1.658084457402623593e+04
7.22783 1.657882818459122427e+04
7.23015 1.657675722786100960e+04
7.23305 1.657408956753097300e+04
7.23536 1.657189645752604338e+04
7.23768 1.656965155998471528e+04
7.24057 1.656677490300900172e+04
7.24289 1.656441968042233930e+04
7.2452 1.656201660947045457e+04
7.24751 1.655956904830439817e+04
7.2504 1.655644625802490918e+04
7.25272 1.655389970658521270e+04
7.25503 1.655131077326194281e+04
7.25792 1.654801600102855809e+04
7.26023 1.654533427282150660e+04
7.26254 1.654261187133169005e+04
7.26543 1.653915233311644624e+04
7.26774 1.653633981600324842e+04
7.27005 1.653348716848926415e+04
7.27294 1.652986567889894286e+04
7.27525 1.652692364801929580e+04
7.27757 1.652394172989340586e+04
7.28046 1.652015898491785993e+04
7.28277 1.651708717596043789e+04
7.28508 1.651397657550245640e+04
7.28798 1.651003126484033783e+04
7.29029 1.650683142724494610e+04
7.29261 1.650359189970573789e+04
7.29551 1.649948677696705636e+04
7.29782 1.649615895134848324e+04
7.30014 1.649278930406150539e+04
7.30304 1.648852290445554172e+04
7.30536 1.648506552034981723e+04
7.30768 1.648156811264625503e+04
7.31 1.647802980333241794e+04
7.3129 1.647354844039284581e+04
7.31522 1.646991593686741908e+04
7.31754 1.646624064692403408e+04
7.32044 1.646158764091879129e+04
7.32276 1.645781612644843699e+04
7.32509 1.645398851981551343e+04
7.32799 1.644906055909311544e+04
7.33031 1.644496522978812573e+04
7.33263 1.644071360023033048e+04
7.33554 1.643521167743592741e+04
7.33786 1.643079469811508170e+04
7.34017 1.642635328773772198e+04
7.34307 1.642071354922217870e+04
7.34539 1.641610913965507279e+04
7.34771 1.641140429430662698e+04
7.35002 1.640658843477450137e+04
7.35292 1.640040552007359292e+04
7.35523 1.639532095363432745e+04
7.35754 1.639011490510389922e+04
7.36044 1.638343263161079631e+04
7.36275 1.637795015578929451e+04
7.36506 1.637234822999229982e+04
7.36795 1.636518279658305619e+04
7.37027 1.635932559658164246e+04
7.37258 1.635336223638637966e+04
7.37547 1.634576549204718322e+04
7.37779 1.633958146446322462e+04
7.3801 1.633330707512552362e+04
7.38299 1.632534746783849914e+04
7.38531 1.631889181373877364e+04
7.38762 1.631236269177608665e+04
7.39051 1.630403422133653294e+04
7.39283 1.629706040605145790e+04
7.39515 1.628983649063970006e+04
7.39805 1.628050352783061680e+04
7.40036 1.627283734831099355e+04
7.40268 1.626502034794364772e+04
7.40501 1.625707623391099514e+04
7.40791 1.624700335929965513e+04
7.41023 1.623884731918454054e+04
7.41256 1.623063015042293046e+04
7.41546 1.622029899876433410e+04
7.41778 1.621199907418452676e+04
7.4201 1.620368517590755800e+04
7.423 1.619328652572412284e+04
7.42532 1.618496795044376267e+04
7.42764 1.617666138152181156e+04
7.43054 1.616629124797290751e+04
7.43285 1.615793311175818599e+04
7.43517 1.614930377896973005e+04
7.43806 1.613817333951267574e+04
7.44037 1.612902662798241727e+04
7.44268 1.611968919748543158e+04
7.44557 1.610778364999026417e+04
7.44788 1.609808919617481115e+04
7.45019 1.608826367038333228e+04
7.4525 1.607831682527433077e+04
7.45539 1.606573230121306187e+04
7.4577 1.605555649621849079e+04
7.46001 1.604529389260678181e+04
7.4629 1.603235553090656504e+04
7.46521 1.602192492969202794e+04
7.46752 1.601142854155633358e+04
7.47041 1.599822782247912255e+04
7.47272 1.598760590769811461e+04
7.47503 1.597702029074496750e+04
7.47792 1.596418244500687433e+04
7.48023 1.595419832097502513e+04
7.48255 1.594443207066315153e+04
7.48544 1.593247614100561077e+04
7.48775 1.592308914597571311e+04
7.49007 1.591383095363360371e+04
7.49297 1.590241806376749446e+04
7.49528 1.589339726223784783e+04
7.4976 1.588445907244277259e+04
7.5005 1.587338652838635244e+04
7.50281 1.586459503284297352e+04
7.50513 1.585585407287875751e+04
7.50803 1.584498306429615332e+04
7.51035 1.583632386849627255e+04
7.51267 1.582768924079281351e+04
7.51557 1.581692245940419889e+04
7.51789 1.580832529226093538e+04
7.52021 1.579973423812012879e+04
7.52253 1.579115121180384995e+04
7.52543 1.578042032203192866e+04
7.52776 1.577183644193962573e+04
7.53008 1.576324981737203780e+04
7.53299 1.575251109740455649e+04
7.53532 1.574392125316816782e+04
7.53764 1.573533938843389114e+04
7.54054 1.572460874617704030e+04
7.54286 1.571603375421199416e+04
7.54518 1.570745788852631631e+04
7.54808 1.569674554302932665e+04
7.55039 1.568818146837053791e+04
7.55271 1.567962312747913165e+04
7.55502 1.567107689053047034e+04
7.55792 1.566040568600427832e+04
7.56023 1.565188440067676856e+04
7.56254 1.564337318302953645e+04
7.56543 1.563275207071920886e+04
7.56775 1.562426996838876948e+04
7.57006 1.561580128305792277e+04
7.57295 1.560523684474642141e+04
7.57526 1.559680264186830391e+04
7.57757 1.558838482935724096e+04
7.58046 1.557788721215407350e+04
7.58278 1.556950846247948175e+04
7.58509 1.556114818262201334e+04
7.58798 1.555072311719690697e+04
7.59029 1.554240265014729448e+04
7.59261 1.553410123860344174e+04
7.5955 1.552374415461389435e+04
7.59781 1.551547875687071610e+04
7.60013 1.550722543938956915e+04
7.60303 1.549692969875599010e+04
7.60534 1.548870626940931652e+04
7.60766 1.548049312223307788e+04
7.61056 1.547024342666642769e+04
7.61289 1.546205002423946462e+04
7.61521 1.545386879781982134e+04
7.61753 1.544569050335471002e+04
7.62044 1.543548061580053400e+04
7.62276 1.542732629152810114e+04
7.62509 1.541918447234593805e+04
7.628 1.540902689597758217e+04
7.63032 1.540091923113363191e+04
7.63264 1.539282575593931688e+04
7.63555 1.538273094543145999e+04
7.63787 1.537467194261834265e+04
7.6402 1.536662771127965061e+04
7.64252 1.535859834933405182e+04
7.64543 1.534858194499319507e+04
7.64775 1.534058372645010968e+04
7.65008 1.533257707524636317e+04
7.65298 1.532249390812084494e+04
7.6553 1.531436850547504037e+04
7.65762 1.530620090323259137e+04
7.66052 1.529594065049223718e+04
7.66284 1.528769564179469671e+04
7.66515 1.527942632823723943e+04
7.66805 1.526905426329632246e+04
7.67037 1.526073704377430477e+04
7.67268 1.525240128308092972e+04
7.67558 1.524196133234165609e+04
7.67789 1.523359497428181567e+04
7.68021 1.522521677008388360e+04
7.68252 1.521682851550014129e+04
7.68542 1.520632917914728387e+04
7.68773 1.519791834224696140e+04
7.69005 1.518949798638982611e+04
7.69294 1.517895644851687939e+04
7.69526 1.517050961104183443e+04
7.69757 1.516204887740717641e+04
7.70047 1.515144795654293921e+04
7.70278 1.514294771595848397e+04
7.7051 1.513442126775413635e+04
7.708 1.512373122097150554e+04
7.71032 1.511514437840738174e+04
7.71264 1.510652713505792417e+04
7.71554 1.509570664374059925e+04
7.71787 1.508700590106099844e+04
7.72019 1.507826832720761558e+04
7.72252 1.506947957675872931e+04
7.72543 1.505843529815625516e+04
7.72775 1.504955125630921611e+04
7.73008 1.504062243474234310e+04
7.73299 1.502940428210479695e+04
7.73531 1.502038647332639448e+04
7.73763 1.501132243533742985e+04
7.74053 1.499994396178782517e+04
7.74285 1.499079082974113408e+04
7.74517 1.498160235471034866e+04
7.74806 1.497006162047042380e+04
7.75038 1.496078899556455690e+04
7.75269 1.495148368005058001e+04
7.75501 1.494214380075168810e+04
7.7579 1.493043277766608117e+04
7.76021 1.492103173132362645e+04
7.76252 1.491160871181348011e+04
7.76541 1.489980011767172982e+04
7.76773 1.489033325450060329e+04
7.77004 1.488085209196672258e+04
7.77292 1.486898354127993480e+04
7.77524 1.485947914200163905e+04
7.77755 1.484996920007183144e+04
7.78044 1.483807725142255185e+04
7.78275 1.482856477899739548e+04
7.78506 1.481905513572998461e+04
7.78795 1.480717707586641882e+04
7.79026 1.479768591222434588e+04
7.79257 1.478820515868595430e+04
7.79547 1.477637904737127974e+04
7.79778 1.476693282623245250e+04
7.8001 1.475750862743731705e+04
7.80299 1.474575683890498112e+04
7.80531 1.473638359263644270e+04
7.80763 1.472703896120567879e+04
7.81053 1.471539603893160347e+04
7.81285 1.470612192951140241e+04
7.81517 1.469688354414935384e+04
7.81807 1.468538883839593109e+04
7.82039 1.467623299630079418e+04
7.82271 1.466711330928357347e+04
7.82504 1.465802773805581273e+04
7.82794 1.464671213176118181e+04
7.83026 1.463769313000226066e+04
7.83259 1.462869936019413944e+04
7.83549 1.461748700031521003e+04
7.83781 1.460854437656645678e+04
7.84013 1.459961565800008611e+04
7.84303 1.458846738637338967e+04
7.84535 1.457955331832000957e+04
7.84767 1.457060197229547339e+04
7.85056 1.455907075036720744e+04
7.85287 1.454955724347910473e+04
7.85519 1.453984047340986035e+04
7.8575 1.452995511640319273e+04
7.8604 1.451740882574838542e+04
7.86271 1.450725294743540326e+04
7.86502 1.449701368828206250e+04
7.86791 1.448412747761958235e+04
7.87023 1.447376727213987397e+04
7.87254 1.446337567763388688e+04
7.87543 1.445036126305805192e+04
7.87774 1.443994132899457145e+04
7.88006 1.442952384598197386e+04
7.88295 1.441651855057458852e+04
7.88527 1.440613230770444170e+04
7.88758 1.439577240286330562e+04
7.89048 1.438285843967237997e+04
7.89279 1.437256538023618123e+04
7.89511 1.436230502032736877e+04
7.89801 1.434952761464663854e+04
7.90033 1.433934135547089318e+04
7.90265 1.432904710657780015e+04
7.90556 1.431596661761033101e+04
7.90788 1.430534531457411686e+04
7.91021 1.429461120679012129e+04
7.91253 1.428378640415051268e+04
7.91543 1.427014403317804317e+04
7.91775 1.425914833021340564e+04
7.92007 1.424809671320293455e+04
7.92297 1.423419961415556099e+04
7.92528 1.422303626612616790e+04
7.9276 1.421182801708345141e+04
7.93049 1.419777060147305747e+04
7.9328 1.418649158326970974e+04
7.93511 1.417518719935656009e+04
7.938 1.416103277011144019e+04
7.94032 1.414969072382176091e+04
7.94263 1.413834195019782237e+04
7.94551 1.412414589646754757e+04
7.94782 1.411278750388959452e+04
7.95013 1.410143100938274983e+04
7.95302 1.408724329350055268e+04
7.95533 1.407590427952510436e+04
7.95764 1.406458031046815631e+04
7.96053 1.405045789562151367e+04
7.96284 1.403942806972111975e+04
7.96515 1.402881817042058537e+04
7.96804 1.401612085585967179e+04
7.97035 1.400639285265033504e+04
7.97266 1.399703098678545939e+04
7.97556 1.398582589251454920e+04
7.97787 1.397724105255365612e+04
7.98019 1.396898652996851160e+04
7.9825 1.396104613700836126e+04
7.9854 1.395155245203644154e+04
7.98772 1.394423777004582007e+04
7.99003 1.393700733133551148e+04
7.99293 1.392806685945869140e+04
7.99525 1.392098660058888890e+04
7.99757 1.391397067654161583e+04
8.00047 1.390528296496688017e+04
8.00279 1.389839957491671339e+04
8.00511 1.389157110203726188e+04
8.00802 1.388311084794663839e+04
8.01034 1.387640044292833772e+04
8.01267 1.386973209427347319e+04
8.01557 1.386120144880367116e+04
8.0179 1.385391552153435077e+04
8.02022 1.384628342138593689e+04
8.02254 1.383837228414793572e+04
8.02545 1.382816667615295228e+04
8.02777 1.381979560633803703e+04
8.03008 1.381128227508564851e+04
8.03298 1.380046963394160957e+04
8.0353 1.379171638961773897e+04
8.03761 1.378288079695790475e+04
8.0405 1.377174278401569063e+04
8.04282 1.376276593439906719e+04
8.04513 1.375373440039167508e+04
8.04802 1.374237441832001605e+04
8.05033 1.373322782930879839e+04
8.05264 1.372403042597211424e+04
8.05553 1.371245628149329968e+04
8.05785 1.370313175809586392e+04
8.06016 1.369374566075934126e+04
8.06305 1.368191977188356577e+04
8.06536 1.367237950474494210e+04
8.06767 1.366276569223754996e+04
8.07056 1.365063346934244510e+04
8.07288 1.364083620606446311e+04
8.07519 1.363094866446952619e+04
8.07751 1.362097166236394332e+04
8.0804 1.360836861374104956e+04
8.08272 1.359817665081585801e+04
8.08504 1.358789109804610234e+04
8.08794 1.357488621231650905e+04
8.09026 1.356437611922602628e+04
8.09258 1.355376095892493686e+04
8.09549 1.354035675494637871e+04
8.09781 1.352952471579253142e+04
8.10014 1.351859752504405697e+04
8.10305 1.350481765165292200e+04
8.10537 1.349370378242858169e+04
8.1077 1.348250909797957138e+04
8.11002 1.347123915967918401e+04
8.11293 1.345704842465115507e+04
8.11525 1.344561688179916746e+04
8.11758 1.343411924748127421e+04
8.12048 1.341966010906855445e+04
8.12281 1.340802836772625051e+04
8.12513 1.339634434514552595e+04
8.12803 1.338168881872303427e+04
8.13036 1.336992221172526479e+04
8.13268 1.335819126125203002e+04
8.13557 1.334366871770191938e+04
8.13789 1.333215104169114420e+04
8.14021 1.332072092996530591e+04
8.14253 1.330936760273219988e+04
8.14542 1.329528563675150690e+04
8.14774 1.328410212149129620e+04
8.15005 1.327299114242246287e+04
8.15295 1.325920375650930146e+04
8.15526 1.324825375882419030e+04
8.15758 1.323737561752148213e+04
8.16047 1.322387979975696180e+04
8.16279 1.321316327856915632e+04
8.1651 1.320252079123196563e+04
8.168 1.318931842494428929e+04
8.17031 1.317883843045932372e+04
8.17263 1.316843231824888244e+04
8.17553 1.315552601241922093e+04
8.17785 1.314528771186156882e+04
8.18017 1.313511654500605982e+04
8.18307 1.312250934917971608e+04
8.18539 1.311249917020070825e+04
8.18771 1.310256074746683771e+04
8.19004 1.309269334657987019e+04
8.19295 1.308045182841445603e+04
8.19527 1.307074374584600446e+04
8.1976 1.306111214952457340e+04
8.20051 1.304918045734896077e+04
8.20283 1.303973275932270917e+04
8.20516 1.303036426444552308e+04
8.20806 1.301876373627798603e+04
8.21038 1.300957060904628997e+04
8.2127 1.300044452554761301e+04
8.21501 1.299139162910906271e+04
8.21791 1.298015570770204067e+04
8.22022 1.297123028666891514e+04
8.22254 1.296235066309803005e+04
8.22543 1.295130531222623904e+04
8.22774 1.294250472919005369e+04
8.23006 1.293372467820680686e+04
8.23295 1.292277222162965154e+04
8.23526 1.291401530392252971e+04
8.23757 1.290525668322617275e+04
8.24046 1.289429394980916550e+04
8.24277 1.288550375842501126e+04
8.24508 1.287668913474621695e+04
8.24797 1.286562735474238616e+04
8.25028 1.285673578852651553e+04
8.25259 1.284780317840044518e+04
8.25548 1.283656984453135010e+04
8.25779 1.282752744603472274e+04
8.26011 1.281843027259354494e+04
8.263 1.280697907947381100e+04
8.26532 1.279775443242413894e+04
8.26763 1.278847173707383081e+04
8.27053 1.277679459935472187e+04
8.27285 1.276738295599565026e+04
8.27516 1.275791792719780096e+04
8.27806 1.274600458763816641e+04
8.28039 1.273641055060235340e+04
8.28271 1.272676316901410974e+04
8.28503 1.271706141619284062e+04
8.28793 1.270486305973932031e+04
8.29026 1.269504304701531510e+04
8.29258 1.268517771405831627e+04
8.29549 1.267278076807564685e+04
8.29781 1.266281348654107205e+04
8.30013 1.265280958767567245e+04
8.30304 1.264026442932877217e+04
8.30536 1.263018074993970731e+04
8.30767 1.262006792755479910e+04
8.31057 1.260736858039509389e+04
8.31289 1.259717070668813903e+04
8.3152 1.258693743624447598e+04
8.31752 1.257667123488389370e+04
8.32041 1.256380177051456849e+04
8.32272 1.255347846153715182e+04
8.32504 1.254314010815678193e+04
8.32793 1.253020117585630760e+04
8.33024 1.251984620039637775e+04
8.33255 1.250949518639486814e+04
8.33544 1.249657156698620747e+04
8.33776 1.248625271101861836e+04
8.34007 1.247595940512151174e+04
8.34296 1.246313110305402188e+04
8.34528 1.245290166432322076e+04
8.34759 1.244269084513653070e+04
8.35049 1.242995229675310293e+04
8.35281 1.241977512088787989e+04
8.35512 1.240960871345611849e+04
8.35802 1.239691763799463115e+04
8.36034 1.238676943214755920e+04
8.36266 1.237663062581114355e+04
8.36557 1.236395258556729095e+04
8.36789 1.235381089792114108e+04
8.37022 1.234366823007051789e+04
8.37254 1.233352174897530131e+04
8.37545 1.232083468920489213e+04
8.37777 1.231068933972606465e+04
8.38009 1.230053384870424452e+04
8.38298 1.228783727860350518e+04
8.3853 1.227766827370531973e+04
8.38761 1.226749104652016467e+04
8.39051 1.225475570038947262e+04
8.39282 1.224455197512527957e+04
8.39513 1.223433813003751493e+04
8.39802 1.222154565663774338e+04
8.40033 1.221129540531886414e+04
8.40265 1.220102229528074167e+04
8.40553 1.218814553591852564e+04
8.40784 1.217780903990996558e+04
8.41015 1.216743389710323027e+04
8.41304 1.215440092636549161e+04
8.41535 1.214391341504402044e+04
8.41766 1.213336050958129090e+04
8.42055 1.212006547007463632e+04
8.42286 1.210933593833343730e+04
8.42517 1.209851698482265783e+04
8.42806 1.208485064600517944e+04
8.43037 1.207378894899138322e+04
8.43268 1.206261696032929103e+04
8.43557 1.204858143527184984e+04
8.43789 1.203754506588407276e+04
8.4402 1.202669612393050738e+04
8.44252 1.201602878935133594e+04
8.44542 1.200293461163724169e+04
8.44773 1.199264058041037788e+04
8.45005 1.198250724209367581e+04
8.45295 1.197006039909428546e+04
8.45527 1.196036947603440240e+04
8.45759 1.195116324233930027e+04
8.46049 1.194034196660756061e+04
8.46281 1.193221341353633397e+04
8.46513 1.192453978180195190e+04
8.46804 1.191557376252585163e+04
8.47036 1.190889015731268046e+04
8.47269 1.190263354474881635e+04
8.47501 1.189677736893917063e+04
8.47792 1.188992271845582400e+04
8.48025 1.188472971485741436e+04
8.48257 1.187973224974490586e+04
8.48547 1.187368578650702148e+04
8.4878 1.186896792672982883e+04
8.49012 1.186431891103564158e+04
8.49301 1.185857469902173216e+04
8.49533 1.185400762527218649e+04
8.49765 1.184945211959002336e+04
8.50054 1.184375921319515692e+04
8.50286 1.183919724952095203e+04
8.50517 1.183462676948762783e+04
8.50806 1.182889802644007796e+04
8.51037 1.182430693675651673e+04
8.51269 1.181971106883582615e+04
8.515 1.181511634834640790e+04
8.51789 1.180938460245659371e+04
8.5202 1.180481713071704326e+04
8.52252 1.180027419979383194e+04
8.52541 1.179464278414941145e+04
8.52772 1.179018414337025752e+04
8.53003 1.178577645854673392e+04
8.53292 1.178034788685346939e+04
8.53524 1.177607836688610769e+04
8.53755 1.177188033060373709e+04
8.54045 1.176673890832864163e+04
8.54276 1.176271787940092145e+04
8.54508 1.175877811283152550e+04
8.54798 1.175397630855159150e+04
8.5503 1.175023118162021456e+04
8.55262 1.174657399574609917e+04
8.55552 1.174212453423550323e+04
8.55785 1.173866029830083608e+04
8.56017 1.173528170561279330e+04
8.56308 1.173117084009864084e+04
8.56541 1.172797263634013871e+04
8.56773 1.172485234001455501e+04
8.57006 1.172180593795157438e+04
8.57297 1.171809595593256017e+04
8.57529 1.171520162961944698e+04
8.57762 1.171236809892388919e+04
8.58052 1.170890431597518364e+04
8.58285 1.170619071095162144e+04
8.58518 1.170352435076525762e+04
8.58808 1.170024893839857941e+04
8.5904 1.169766981666186621e+04
8.59273 1.169512216767630525e+04
8.59505 1.169259970055840495e+04
8.59795 1.168948728757597746e+04
8.60027 1.168703196625855708e+04
8.60258 1.168461151513889672e+04
8.60548 1.168163538477326256e+04
8.6078 1.167929446592817112e+04
8.61011 1.167698868464521001e+04
8.61301 1.167415365489030228e+04
8.61532 1.167192220141198959e+04
8.61764 1.166972130126372394e+04
8.62054 1.166701089450289510e+04
8.62285 1.166487349582938805e+04
8.62517 1.166276196026988328e+04
8.62806 1.166015738875915667e+04
8.63038 1.165810068875756588e+04
8.6327 1.165606676854732905e+04
8.63501 1.165405627605082555e+04
8.63791 1.165157463051256855e+04
8.64023 1.164961594963066636e+04
8.64255 1.164768100554464945e+04
8.64546 1.164529740198797299e+04
8.64778 1.164342059887128926e+04
8.6501 1.164157077173731159e+04
8.65301 1.163930166159988221e+04
8.65534 1.163752038533952327e+04
8.65766 1.163577395292039546e+04
8.66057 1.163364217594772163e+04
8.6629 1.163198064836157573e+04
8.66523 1.163036156790018322e+04
8.66756 1.162878833178564491e+04
8.67046 1.162688454016551259e+04
8.67278 1.162541577471336677e+04
8.6751 1.162399378019442338e+04
8.678 1.162228456375836322e+04
8.68032 1.162097186941968721e+04
8.68264 1.161970759318826276e+04
8.68553 1.161819633104370223e+04
8.68785 1.161704117518787643e+04
8.69016 1.161593467888365012e+04
8.69305 1.161461785089582736e+04
8.69537 1.161361738722876362e+04
8.69768 1.161266329985546508e+04
8.70057 1.161153536420812270e+04
8.70288 1.161068462937824188e+04
8.70519 1.160987953974977609e+04
8.7075 1.160912030476580003e+04
8.71039 1.160823594019282609e+04
8.7127 1.160758046338511303e+04
8.71502 1.160697163572857244e+04
8.71791 1.160627665164381506e+04
8.72022 1.160577383481904508e+04
8.72253 1.160531867429509111e+04
8.72542 1.160481641433667392e+04
8.72774 1.160446811261508083e+04
8.73005 1.160416663471764514e+04
8.73295 1.160385487771707631e+04
8.73526 1.160365634477838103e+04
8.73758 1.160350178062569466e+04
8.74048 1.160336883600206602e+04
8.7428 1.160330898987857654e+04
8.74512 1.160328948129582204e+04
8.74802 1.160331945781999639e+04
8.75034 1.160338499910279461e+04
8.75267 1.160348546796435403e+04
8.75557 1.160365715089848709e+04
8.75789 1.160382911285674527e+04
8.76022 1.160402992122314754e+04
8.76254 1.160425807155998336e+04
8.76545 1.160457974071585704e+04
8.76778 1.160486487455085808e+04
8.7701 1.160517358647069523e+04
8.77301 1.160559103793748727e+04
8.77533 1.160594869639497665e+04
8.77766 1.160632581173031576e+04
8.78056 1.160682195240252076e+04
8.78288 1.160723577534982905e+04
8.7852 1.160766209118576808e+04
8.78751 1.160809784934115669e+04
8.79041 1.160865599774679140e+04
8.79273 1.160911541631927685e+04
8.79504 1.160958536848172662e+04
8.79793 1.161018314193492552e+04
8.80024 1.161066358070104252e+04
8.80256 1.161113984771249488e+04
8.80545 1.161171903653375921e+04
8.80776 1.161216073862754456e+04
8.81007 1.161257543300849102e+04
8.81296 1.161304532085254141e+04
8.81527 1.161337464935079333e+04
8.81759 1.161365650196012757e+04
8.82048 1.161393467043337660e+04
8.8228 1.161409334229494198e+04
8.82511 1.161419231254005717e+04
8.82801 1.161422982483075248e+04
8.83033 1.161418801034509488e+04
8.83265 1.161407380921694494e+04
8.83555 1.161381974095151600e+04
8.83787 1.161352493613487968e+04
8.84019 1.161314883739463039e+04
8.84252 1.161269438962437744e+04
8.84542 1.161202273365236579e+04
8.84775 1.161140968116673685e+04
8.85008 1.161073820782708208e+04
8.85298 1.160982965405653158e+04
8.85531 1.160906636442392119e+04
8.85763 1.160831004600950473e+04
8.86053 1.160742573003241705e+04
8.86285 1.160680340005037215e+04
8.86516 1.160628363887664818e+04
8.86806 1.160580776231580785e+04
8.87038 1.160558537878576135e+04
8.87269 1.160551599461210208e+04
8.875 1.160560836802656922e+04
8.87789 1.160597084923747570e+04
8.88021 1.160647433682772316e+04
8.88252 1.160717297097706250e+04
8.88541 1.160831839688179571e+04
8.88772 1.160944514893547057e+04
8.89003 1.161074975223359252e+04
8.89292 1.161261447932993906e+04
8.89523 1.161427969536813180e+04
8.89754 1.161608626159175583e+04
8.90043 1.161852512641828980e+04
8.90274 1.162060680447380219e+04
8.90505 1.162279300531630361e+04
8.90793 1.162565710012216005e+04
8.91025 1.162804327624169309e+04
8.91256 1.163050295336067029e+04
8.91545 1.163366549265298636e+04
8.91776 1.163625515992540750e+04
8.92008 1.163889109531613394e+04
8.92297 1.164224577585877523e+04
8.92528 1.164497273122442857e+04
8.9276 1.164773905854887198e+04
8.9305 1.165124850497688567e+04
8.93282 1.165410018415493687e+04
8.93514 1.165699112289396362e+04
8.93804 1.166066332399486964e+04
8.94036 1.166365104703896395e+04
8.94268 1.166668372107452342e+04
8.94501 1.166976628664866621e+04
8.94791 1.167368925370060970e+04
8.95024 1.167688845682390274e+04
8.95257 1.168014225283434644e+04
8.95548 1.168428871307440750e+04
8.9578 1.168767093169455256e+04
8.96013 1.169110970488109342e+04
8.96304 1.169547962859607287e+04
8.96537 1.169903742150878861e+04
8.96769 1.170264456876391341e+04
8.97001 1.170630158194262003e+04
8.97291 1.171093865703106167e+04
8.97523 1.171469653310490685e+04
8.97755 1.171849620581637828e+04
8.98045 1.172329449446492254e+04
8.98276 1.172716960746601580e+04
8.98508 1.173106931415954932e+04
8.98797 1.173597290996958873e+04
8.99028 1.173991267062341467e+04
8.9926 1.174386345102759879e+04
8.99549 1.174884410065933116e+04
8.9978 1.175302865326161009e+04
9.00012 1.175748018902891272e+04
9.00301 1.176339559920003194e+04
9.00532 1.176839292998160636e+04
9.00763 1.177361465481093182e+04
9.01053 1.178044390216001557e+04
9.01284 1.178613994630657908e+04
9.01515 1.179203683414962143e+04
9.01805 1.179967888460286849e+04
9.02036 1.180600603295045948e+04
9.02268 1.181251375771087078e+04
9.02557 1.182089809456515286e+04
9.02789 1.182779790588341893e+04
9.03021 1.183486297025760723e+04
9.03253 1.184209195772353087e+04
9.03543 1.185134492433214473e+04
9.03775 1.185892666638759692e+04
9.04007 1.186665638799151202e+04
9.04298 1.187652897768486764e+04
9.0453 1.188458971376091358e+04
9.04763 1.189279121354583003e+04
9.05054 1.190324445725910482e+04
9.05287 1.191175879412478753e+04
9.0552 1.192040377567985342e+04
9.05752 1.192918158578920338e+04
9.06043 1.194033874612733962e+04
9.06276 1.194941188342198257e+04
9.06509 1.195861598470668469e+04
9.068 1.197030496215471794e+04
9.07032 1.197980210080814504e+04
9.07265 1.198942748408817170e+04
9.07556 1.200163911223401919e+04
9.07789 1.201154115959899173e+04
9.08021 1.202156402329708908e+04
9.08253 1.203170554489501592e+04
9.08544 1.204453821041802803e+04
9.08776 1.205493263378127995e+04
9.09008 1.206542809267334997e+04
9.09298 1.207869509353362264e+04
9.0953 1.208941638816823979e+04
9.09762 1.210023103491766051e+04
9.10051 1.211387346799490115e+04
9.10283 1.212488005754057849e+04
9.10515 1.213596643586502250e+04
9.10805 1.214992721135935790e+04
9.11036 1.216117533734978133e+04
9.11268 1.217249003645837547e+04
9.11558 1.218672159556368570e+04
9.11789 1.219817455876532586e+04
9.12021 1.220968456041387799e+04
9.12253 1.222124761133992070e+04
9.12543 1.223577794339254615e+04
9.12775 1.224745554361494942e+04
9.13007 1.225918266259761731e+04
9.13297 1.227390105242609206e+04
9.13529 1.228572390377507145e+04
9.13761 1.229758862699611200e+04
9.14051 1.231246796551246553e+04
9.14284 1.232440921810639338e+04
9.14516 1.233636761623530401e+04
9.14807 1.235134199311588964e+04
9.15039 1.236332519212326952e+04
9.15272 1.237530976748507055e+04
9.15505 1.238728930131135712e+04
9.15796 1.240223436291759390e+04
9.16029 1.241415547728574347e+04
9.16262 1.242604588804680498e+04
9.16553 1.244083939726617427e+04
9.16785 1.245262344904812380e+04
9.17018 1.246435206467302487e+04
9.17308 1.247892536659108919e+04
9.1754 1.249050955308756420e+04
9.17772 1.250201445168689133e+04
9.18004 1.251344601993804827e+04
9.18293 1.252761796065553608e+04
9.18525 1.253886639802871832e+04
9.18757 1.255003264920907895e+04
9.19046 1.256387571289483458e+04
9.19277 1.257486171743151863e+04
9.19509 1.258576712458814654e+04
9.19798 1.259929462870389580e+04
9.20029 1.261003187614726994e+04
9.20261 1.262070020708558877e+04
9.2055 1.263394165993429306e+04
9.20781 1.264446473587485889e+04
9.21012 1.265493143714467624e+04
9.21301 1.266794102382516576e+04
9.21532 1.267829441606174623e+04
9.21764 1.268860615277865872e+04
9.22053 1.270144262567059741e+04
9.22284 1.271167862985906322e+04
9.22515 1.272189018713167025e+04
9.22805 1.273463153183512804e+04
9.23036 1.274481554603672339e+04
9.23268 1.275499642783183845e+04
9.23557 1.276773736674333850e+04
9.23789 1.277794339268057593e+04
9.24021 1.278817441234599028e+04
9.24252 1.279843189952919056e+04
9.24542 1.281130069879728944e+04
9.24774 1.282164053299160878e+04
9.25006 1.283201856885217603e+04
9.25297 1.284506384516175422e+04
9.25529 1.285554888720827148e+04
9.25761 1.286608566735715976e+04
9.26052 1.287932369353689137e+04
9.26285 1.288996882961267693e+04
9.26517 1.290066259520945096e+04
9.26808 1.291409427710820637e+04
9.27041 1.292489412417811945e+04
9.27274 1.293573559369039322e+04
9.27506 1.294660495520175391e+04
9.27797 1.296023783079300847e+04
9.28029 1.297117438203101119e+04
9.28262 1.298213334394432604e+04
9.28552 1.299586482764780521e+04
9.28784 1.300686550528176485e+04
9.29016 1.301788414688957528e+04
9.29305 1.303166929899960996e+04
9.29537 1.304270843157131640e+04
9.29769 1.305375258201969700e+04
9.30001 1.306479889861095580e+04
9.3029 1.307860901458683293e+04
9.30522 1.308965306875880924e+04
9.30753 1.310069368839199524e+04
9.31043 1.311448385034756939e+04
9.31274 1.312550574299525942e+04
9.31506 1.313651641857313552e+04
9.31795 1.315026035839687029e+04
9.32027 1.316123744677014292e+04
9.32258 1.317219678590219883e+04
9.32548 1.318586409980865756e+04
9.32779 1.319677289243966698e+04
9.33011 1.320765179108935808e+04
9.33301 1.322120752304274174e+04
9.33533 1.323201191355665287e+04
9.33764 1.324277627886874689e+04
9.34054 1.325617456630650668e+04
9.34286 1.326683674258917927e+04
9.34519 1.327745446341945717e+04
9.34751 1.328801402685036555e+04
9.35041 1.330113476206608357e+04
9.35274 1.331156155503916307e+04
9.35506 1.332192171211161076e+04
9.35797 1.333478111087444813e+04
9.3603 1.334498342378162852e+04
9.36262 1.335510282349574663e+04
9.36553 1.336764304859059848e+04
9.36786 1.337757716445195001e+04
9.37018 1.338743193279844309e+04
9.37308 1.339964081049173183e+04
9.3754 1.340932118677651306e+04
9.37772 1.341893529246145772e+04
9.38004 1.342847677175918034e+04
9.38293 1.344032477913928233e+04
9.38525 1.344974152710023736e+04
9.38756 1.345911607768537033e+04
9.39045 1.347078804453295197e+04
9.39277 1.348009805274993596e+04
9.39508 1.348939668154599349e+04
9.39797 1.350100463310096529e+04
9.40028 1.351019362662823187e+04
9.40259 1.351918156908266246e+04
9.40548 1.353016939791881850e+04
9.40779 1.353881134758077678e+04
9.4101 1.354735950887181752e+04
9.41299 1.355795978595832275e+04
9.4153 1.356640370463823456e+04
9.41761 1.357483901867439999e+04
9.4205 1.358540040753784342e+04
9.42281 1.359388059028987846e+04
9.42512 1.360240264407786526e+04
9.42801 1.361312792698205521e+04
9.43033 1.362177419590434147e+04
9.43264 1.363048656499168465e+04
9.43553 1.364146927741862419e+04
9.43785 1.365033611407579883e+04
9.44016 1.365926891837997391e+04
9.44306 1.367053006737130090e+04
9.44537 1.367961014865374636e+04
9.44769 1.368874895400668538e+04
9.45001 1.369794640420831092e+04
9.45291 1.370950945594078257e+04
9.45523 1.371881658320644783e+04
9.45755 1.372815991928585936e+04
9.46045 1.373989067627888289e+04
9.46278 1.374930859067130950e+04
9.4651 1.375874925578361581e+04
9.46801 1.377058057861161433e+04
9.47033 1.378006012534338333e+04
9.47266 1.378955823331612737e+04
9.47557 1.380144133528510793e+04
9.4779 1.381096200057730493e+04
9.48023 1.382048994134502573e+04
9.48256 1.383001870156437690e+04
9.48547 1.384192273134217612e+04
9.4878 1.385145126703670576e+04
9.49012 1.386097202989989091e+04
9.49302 1.387288190785107690e+04
9.49535 1.388240962308516282e+04
9.49767 1.389194259868213703e+04
9.50057 1.390386636602954968e+04
9.50289 1.391340967164620997e+04
9.50521 1.392296124429766860e+04
9.50752 1.393251282826775241e+04
9.51042 1.394446021019844011e+04
9.51274 1.395401751470620729e+04
9.51505 1.396357378634965607e+04
9.51795 1.397551287475001482e+04
9.52026 1.398505404185133739e+04
9.52257 1.399458436839965543e+04
9.52547 1.400647340890633859e+04
9.52778 1.401596331818363615e+04
9.5301 1.402543015560316780e+04
9.53299 1.403722710787693723e+04
9.5353 1.404663313186330925e+04
9.53762 1.405600930893019904e+04
9.54051 1.406768606896433448e+04
9.54282 1.407699423405692869e+04
9.54514 1.408627186138772777e+04
9.54803 1.409783275225725265e+04
9.55035 1.410705325261715916e+04
9.55267 1.411625435574808762e+04
9.55556 1.412773424442458781e+04
9.55788 1.413690551834880534e+04
9.5602 1.414607462734385263e+04
9.56252 1.415524158121931941e+04
9.56542 1.416671348790862612e+04
9.56774 1.417590290621350505e+04
9.57006 1.418511146163584635e+04
9.57297 1.419665514490431087e+04
9.57529 1.420591913887392730e+04
9.57762 1.421521834797660449e+04
9.58053 1.422688429209341666e+04
9.58286 1.423626508443575767e+04
9.58519 1.424567904493800233e+04
9.58752 1.425512679264584585e+04
9.59043 1.426698366340863504e+04
9.59276 1.427650537642330346e+04
9.59509 1.428605705679160383e+04
9.598 1.429803787745974842e+04
9.60033 1.430765318278180348e+04
9.60266 1.431729312923180623e+04
9.60557 1.432937532228004602e+04
9.6079 1.433906335976741320e+04
9.61023 1.434876643002076162e+04
9.61255 1.435847938289810918e+04
9.61546 1.437063633523905446e+04
9.61779 1.438034800106509101e+04
9.62012 1.439002361259215468e+04
9.62302 1.440202066482627561e+04
9.62534 1.441151849671890159e+04
9.62767 1.442091387571375344e+04
9.63057 1.443249543796837861e+04
9.63289 1.444162861046672515e+04
9.63521 1.445063549677929768e+04
9.63753 1.445952063663695480e+04
9.64043 1.447045433255975149e+04
9.64275 1.447906663950250731e+04
9.64507 1.448756355014156907e+04
9.64797 1.449802708148683996e+04
9.65029 1.450627867628414424e+04
9.65261 1.451442820522342117e+04
9.6555 1.452447908145506881e+04
9.65782 1.453241613378757938e+04
9.66014 1.454026460783393850e+04
9.66304 1.454995592335666515e+04
9.66536 1.455761696353843763e+04
9.66768 1.456519744077546966e+04
9.67058 1.457456583510754717e+04
9.6729 1.458197332169246874e+04
9.67522 1.458930746686835846e+04
9.67754 1.459656726807854830e+04
9.68044 1.460554047427359728e+04
9.68277 1.461264070367920613e+04
9.68509 1.461967064799502077e+04
9.68799 1.462837023860058616e+04
9.69032 1.463525705495338116e+04
9.69265 1.464208822055729433e+04
9.69556 1.465055059536689805e+04
9.69788 1.465726789170248230e+04
9.70021 1.466394550629077276e+04
9.70254 1.467058638006749607e+04
9.70546 1.467885777615445295e+04
9.70779 1.468545188304882140e+04
9.71012 1.469202932730235807e+04
9.71304 1.470024382505895483e+04
9.71537 1.470681499092896956e+04
9.71769 1.471339213649916746e+04
9.72002 1.471998631899932843e+04
9.72293 1.472825523126810549e+04
9.72525 1.473490711638352877e+04
9.72757 1.474158804028595841e+04
9.73048 1.474998392993173547e+04
9.7328 1.475673092064786943e+04
9.73512 1.476349894091740134e+04
9.73802 1.477198237545766824e+04
9.74033 1.477877586594283821e+04
9.74265 1.478557149196251339e+04
9.74555 1.479405304035038171e+04
9.74786 1.480082184986474022e+04
9.75018 1.480756767663374012e+04
9.75307 1.481595888368381748e+04
9.75538 1.482263398335854981e+04
9.7577 1.482926928546998533e+04
9.76001 1.483586285837835385e+04
9.7629 1.484403933751869590e+04
9.76522 1.485052527103948159e+04
9.76753 1.485695907572153010e+04
9.77042 1.486492436824168362e+04
9.77273 1.487123290958043071e+04
9.77505 1.487748329114906846e+04
9.77794 1.488521232518952456e+04
9.78025 1.489132896657397941e+04
9.78257 1.489738537041023847e+04
9.78546 1.490487406042738803e+04
9.78777 1.491080098876550437e+04
9.79009 1.491667334988758739e+04
9.79298 1.492394310859232610e+04
9.7953 1.492970428717239156e+04
9.79762 1.493542469363748023e+04
9.80051 1.494251905051379981e+04
9.80283 1.494815814698193753e+04
9.80515 1.495376776923922262e+04
9.80805 1.496074571310883948e+04
9.81037 1.496630660769947644e+04
9.81269 1.497184951434348841e+04
9.81501 1.497738313340109198e+04
9.81792 1.498428247455669771e+04
9.82024 1.498979449181442396e+04
9.82257 1.499529802446592839e+04
9.82548 1.500216660936714106e+04
9.82781 1.500765346420405876e+04
9.83014 1.501312820292736978e+04
9.83305 1.501995499784881576e+04
9.83538 1.502539900278371715e+04
9.83771 1.503082020396240296e+04
9.84003 1.503622014460533501e+04
9.84294 1.504293625288695512e+04
9.84527 1.504827788868725656e+04
9.84759 1.505359230292664870e+04
9.85049 1.506018682374950913e+04
9.85281 1.506542596064331337e+04
9.85513 1.507062725042057355e+04
9.85803 1.507707605692125617e+04
9.86035 1.508219061430834881e+04
9.86267 1.508726449638165650e+04
9.86557 1.509355092725554277e+04
9.86789 1.509853423741371444e+04
9.87021 1.510347943108141953e+04
9.87252 1.510844866880332847e+04
9.87542 1.511479706425862059e+04
9.87774 1.511996523012022772e+04
9.88005 1.512520254600067165e+04
9.88295 1.513184228579719093e+04
9.88526 1.513722895564205828e+04
9.88758 1.514268404886190910e+04
9.89048 1.514960245984295943e+04
9.89279 1.515521708741607472e+04
9.89511 1.516090243526679478e+04
9.89801 1.516810460798277563e+04
9.90033 1.517393792681329069e+04
9.90264 1.517983136124968769e+04
9.90554 1.518727253766431932e+04
9.90786 1.519328276825201829e+04
9.91018 1.519933626449392250e+04
9.9125 1.520543166043394376e+04
9.9154 1.521310527422391351e+04
9.91773 1.521928412713910438e+04
9.92005 1.522549954868821987e+04
9.92295 1.523331252096077515e+04
9.92528 1.523960226157259967e+04
9.92761 1.524591972742891267e+04
9.93051 1.525385734735684673e+04
9.93284 1.526023521620744395e+04
9.93517 1.526663025323803049e+04
9.93808 1.527463888260320891e+04
9.94041 1.528105500304899579e+04
9.94273 1.528746472018868735e+04
