<VTKFile type="UnstructuredGrid" byte_order="BigEndian">
<UnstructuredGrid><Piece NumberOfPoints="753" NumberOfCells="500">
<Points>
 <DataArray type="Float32" NumberOfComponents="3" format="ascii">
 -2.000000000000000000e+00 0.000000000000000000e+00 0.000000000000000000e+00
 -1.994500041007995605e+00 0.000000000000000000e+00 0.000000000000000000e+00
 -1.988999962806701660e+00 0.000000000000000000e+00 0.000000000000000000e+00
 -1.983500003814697266e+00 0.000000000000000000e+00 0.000000000000000000e+00
 -1.978000044822692871e+00 0.000000000000000000e+00 0.000000000000000000e+00
 -1.972499966621398926e+00 0.000000000000000000e+00 0.000000000000000000e+00
 -1.967000007629394531e+00 0.000000000000000000e+00 0.000000000000000000e+00
 -1.961500048637390137e+00 0.000000000000000000e+00 0.000000000000000000e+00
 -1.955999970436096191e+00 0.000000000000000000e+00 0.000000000000000000e+00
 -1.950500011444091797e+00 0.000000000000000000e+00 0.000000000000000000e+00
 -1.945000052452087402e+00 0.000000000000000000e+00 0.000000000000000000e+00
 -1.939499974250793457e+00 0.000000000000000000e+00 0.000000000000000000e+00
 -1.934000015258789062e+00 0.000000000000000000e+00 0.000000000000000000e+00
 -1.928500056266784668e+00 0.000000000000000000e+00 0.000000000000000000e+00
 -1.922999978065490723e+00 0.000000000000000000e+00 0.000000000000000000e+00
 -1.917500019073486328e+00 0.000000000000000000e+00 0.000000000000000000e+00
 -1.911999940872192383e+00 0.000000000000000000e+00 0.000000000000000000e+00
 -1.906499981880187988e+00 0.000000000000000000e+00 0.000000000000000000e+00
 -1.901000022888183594e+00 0.000000000000000000e+00 0.000000000000000000e+00
 -1.895499944686889648e+00 0.000000000000000000e+00 0.000000000000000000e+00
 -1.889999985694885254e+00 0.000000000000000000e+00 0.000000000000000000e+00
 -1.884500026702880859e+00 0.000000000000000000e+00 0.000000000000000000e+00
 -1.878999948501586914e+00 0.000000000000000000e+00 0.000000000000000000e+00
 -1.873499989509582520e+00 0.000000000000000000e+00 0.000000000000000000e+00
 -1.868000030517578125e+00 0.000000000000000000e+00 0.000000000000000000e+00
 -1.862499952316284180e+00 0.000000000000000000e+00 0.000000000000000000e+00
 -1.856999993324279785e+00 0.000000000000000000e+00 0.000000000000000000e+00
 -1.851500034332275391e+00 0.000000000000000000e+00 0.000000000000000000e+00
 -1.845999956130981445e+00 0.000000000000000000e+00 0.000000000000000000e+00
 -1.840499997138977051e+00 0.000000000000000000e+00 0.000000000000000000e+00
 -1.835000038146972656e+00 0.000000000000000000e+00 0.000000000000000000e+00
 -1.829499959945678711e+00 0.000000000000000000e+00 0.000000000000000000e+00
 -1.824000000953674316e+00 0.000000000000000000e+00 0.000000000000000000e+00
 -1.818500041961669922e+00 0.000000000000000000e+00 0.000000000000000000e+00
 -1.812999963760375977e+00 0.000000000000000000e+00 0.000000000000000000e+00
 -1.807500004768371582e+00 0.000000000000000000e+00 0.000000000000000000e+00
 -1.802000045776367188e+00 0.000000000000000000e+00 0.000000000000000000e+00
 -1.796499967575073242e+00 0.000000000000000000e+00 0.000000000000000000e+00
 -1.791000008583068848e+00 0.000000000000000000e+00 0.000000000000000000e+00
 -1.785500049591064453e+00 0.000000000000000000e+00 0.000000000000000000e+00
 -1.779999971389770508e+00 0.000000000000000000e+00 0.000000000000000000e+00
 -1.774500012397766113e+00 0.000000000000000000e+00 0.000000000000000000e+00
 -1.769000053405761719e+00 0.000000000000000000e+00 0.000000000000000000e+00
 -1.763499975204467773e+00 0.000000000000000000e+00 0.000000000000000000e+00
 -1.758000016212463379e+00 0.000000000000000000e+00 0.000000000000000000e+00
 -1.752500057220458984e+00 0.000000000000000000e+00 0.000000000000000000e+00
 -1.746999979019165039e+00 0.000000000000000000e+00 0.000000000000000000e+00
 -1.741500020027160645e+00 0.000000000000000000e+00 0.000000000000000000e+00
 -1.735999941825866699e+00 0.000000000000000000e+00 0.000000000000000000e+00
 -1.730499982833862305e+00 0.000000000000000000e+00 0.000000000000000000e+00
 -1.725000023841857910e+00 0.000000000000000000e+00 0.000000000000000000e+00
 -1.719499945640563965e+00 0.000000000000000000e+00 0.000000000000000000e+00
 -1.713999986648559570e+00 0.000000000000000000e+00 0.000000000000000000e+00
 -1.708500027656555176e+00 0.000000000000000000e+00 0.000000000000000000e+00
 -1.702999949455261230e+00 0.000000000000000000e+00 0.000000000000000000e+00
 -1.697499990463256836e+00 0.000000000000000000e+00 0.000000000000000000e+00
 -1.692000031471252441e+00 0.000000000000000000e+00 0.000000000000000000e+00
 -1.686499953269958496e+00 0.000000000000000000e+00 0.000000000000000000e+00
 -1.680999994277954102e+00 0.000000000000000000e+00 0.000000000000000000e+00
 -1.675500035285949707e+00 0.000000000000000000e+00 0.000000000000000000e+00
 -1.669999957084655762e+00 0.000000000000000000e+00 0.000000000000000000e+00
 -1.664499998092651367e+00 0.000000000000000000e+00 0.000000000000000000e+00
 -1.659000039100646973e+00 0.000000000000000000e+00 0.000000000000000000e+00
 -1.653499960899353027e+00 0.000000000000000000e+00 0.000000000000000000e+00
 -1.648000001907348633e+00 0.000000000000000000e+00 0.000000000000000000e+00
 -1.642500042915344238e+00 0.000000000000000000e+00 0.000000000000000000e+00
 -1.636999964714050293e+00 0.000000000000000000e+00 0.000000000000000000e+00
 -1.631500005722045898e+00 0.000000000000000000e+00 0.000000000000000000e+00
 -1.626000046730041504e+00 0.000000000000000000e+00 0.000000000000000000e+00
 -1.620499968528747559e+00 0.000000000000000000e+00 0.000000000000000000e+00
 -1.615000009536743164e+00 0.000000000000000000e+00 0.000000000000000000e+00
 -1.609500050544738770e+00 0.000000000000000000e+00 0.000000000000000000e+00
 -1.603999972343444824e+00 0.000000000000000000e+00 0.000000000000000000e+00
 -1.598500013351440430e+00 0.000000000000000000e+00 0.000000000000000000e+00
 -1.593000054359436035e+00 0.000000000000000000e+00 0.000000000000000000e+00
 -1.587499976158142090e+00 0.000000000000000000e+00 0.000000000000000000e+00
 -1.582000017166137695e+00 0.000000000000000000e+00 0.000000000000000000e+00
 -1.576500058174133301e+00 0.000000000000000000e+00 0.000000000000000000e+00
 -1.570999979972839355e+00 0.000000000000000000e+00 0.000000000000000000e+00
 -1.565500020980834961e+00 0.000000000000000000e+00 0.000000000000000000e+00
 -1.559999942779541016e+00 0.000000000000000000e+00 0.000000000000000000e+00
 -1.554499983787536621e+00 0.000000000000000000e+00 0.000000000000000000e+00
 -1.549000024795532227e+00 0.000000000000000000e+00 0.000000000000000000e+00
 -1.543499946594238281e+00 0.000000000000000000e+00 0.000000000000000000e+00
 -1.537999987602233887e+00 0.000000000000000000e+00 0.000000000000000000e+00
 -1.532500028610229492e+00 0.000000000000000000e+00 0.000000000000000000e+00
 -1.526999950408935547e+00 0.000000000000000000e+00 0.000000000000000000e+00
 -1.521499991416931152e+00 0.000000000000000000e+00 0.000000000000000000e+00
 -1.516000032424926758e+00 0.000000000000000000e+00 0.000000000000000000e+00
 -1.510499954223632812e+00 0.000000000000000000e+00 0.000000000000000000e+00
 -1.504999995231628418e+00 0.000000000000000000e+00 0.000000000000000000e+00
 -1.499500036239624023e+00 0.000000000000000000e+00 0.000000000000000000e+00
 -1.493999958038330078e+00 0.000000000000000000e+00 0.000000000000000000e+00
 -1.488499999046325684e+00 0.000000000000000000e+00 0.000000000000000000e+00
 -1.483000040054321289e+00 0.000000000000000000e+00 0.000000000000000000e+00
 -1.477499961853027344e+00 0.000000000000000000e+00 0.000000000000000000e+00
 -1.472000002861022949e+00 0.000000000000000000e+00 0.000000000000000000e+00
 -1.466500043869018555e+00 0.000000000000000000e+00 0.000000000000000000e+00
 -1.460999965667724609e+00 0.000000000000000000e+00 0.000000000000000000e+00
 -1.455500006675720215e+00 0.000000000000000000e+00 0.000000000000000000e+00
 -1.450000047683715820e+00 0.000000000000000000e+00 0.000000000000000000e+00
 -1.444499969482421875e+00 0.000000000000000000e+00 0.000000000000000000e+00
 -1.439000010490417480e+00 0.000000000000000000e+00 0.000000000000000000e+00
 -1.433500051498413086e+00 0.000000000000000000e+00 0.000000000000000000e+00
 -1.427999973297119141e+00 0.000000000000000000e+00 0.000000000000000000e+00
 -1.422500014305114746e+00 0.000000000000000000e+00 0.000000000000000000e+00
 -1.417000055313110352e+00 0.000000000000000000e+00 0.000000000000000000e+00
 -1.411499977111816406e+00 0.000000000000000000e+00 0.000000000000000000e+00
 -1.406000018119812012e+00 0.000000000000000000e+00 0.000000000000000000e+00
 -1.400500059127807617e+00 0.000000000000000000e+00 0.000000000000000000e+00
 -1.394999980926513672e+00 0.000000000000000000e+00 0.000000000000000000e+00
 -1.389500021934509277e+00 0.000000000000000000e+00 0.000000000000000000e+00
 -1.383999943733215332e+00 0.000000000000000000e+00 0.000000000000000000e+00
 -1.378499984741210938e+00 0.000000000000000000e+00 0.000000000000000000e+00
 -1.373000025749206543e+00 0.000000000000000000e+00 0.000000000000000000e+00
 -1.367499947547912598e+00 0.000000000000000000e+00 0.000000000000000000e+00
 -1.361999988555908203e+00 0.000000000000000000e+00 0.000000000000000000e+00
 -1.356500029563903809e+00 0.000000000000000000e+00 0.000000000000000000e+00
 -1.350999951362609863e+00 0.000000000000000000e+00 0.000000000000000000e+00
 -1.345499992370605469e+00 0.000000000000000000e+00 0.000000000000000000e+00
 -1.340000033378601074e+00 0.000000000000000000e+00 0.000000000000000000e+00
 -1.334499955177307129e+00 0.000000000000000000e+00 0.000000000000000000e+00
 -1.328999996185302734e+00 0.000000000000000000e+00 0.000000000000000000e+00
 -1.323500037193298340e+00 0.000000000000000000e+00 0.000000000000000000e+00
 -1.317999958992004395e+00 0.000000000000000000e+00 0.000000000000000000e+00
 -1.312500000000000000e+00 0.000000000000000000e+00 0.000000000000000000e+00
 -1.307000041007995605e+00 0.000000000000000000e+00 0.000000000000000000e+00
 -1.301499962806701660e+00 0.000000000000000000e+00 0.000000000000000000e+00
 -1.296000003814697266e+00 0.000000000000000000e+00 0.000000000000000000e+00
 -1.290500044822692871e+00 0.000000000000000000e+00 0.000000000000000000e+00
 -1.284999966621398926e+00 0.000000000000000000e+00 0.000000000000000000e+00
 -1.279500007629394531e+00 0.000000000000000000e+00 0.000000000000000000e+00
 -1.274000048637390137e+00 0.000000000000000000e+00 0.000000000000000000e+00
 -1.268499970436096191e+00 0.000000000000000000e+00 0.000000000000000000e+00
 -1.263000011444091797e+00 0.000000000000000000e+00 0.000000000000000000e+00
 -1.257500052452087402e+00 0.000000000000000000e+00 0.000000000000000000e+00
 -1.251999974250793457e+00 0.000000000000000000e+00 0.000000000000000000e+00
 -1.246500015258789062e+00 0.000000000000000000e+00 0.000000000000000000e+00
 -1.241000056266784668e+00 0.000000000000000000e+00 0.000000000000000000e+00
 -1.235499978065490723e+00 0.000000000000000000e+00 0.000000000000000000e+00
 -1.230000019073486328e+00 0.000000000000000000e+00 0.000000000000000000e+00
 -1.224499940872192383e+00 0.000000000000000000e+00 0.000000000000000000e+00
 -1.218999981880187988e+00 0.000000000000000000e+00 0.000000000000000000e+00
 -1.213500022888183594e+00 0.000000000000000000e+00 0.000000000000000000e+00
 -1.207999944686889648e+00 0.000000000000000000e+00 0.000000000000000000e+00
 -1.202499985694885254e+00 0.000000000000000000e+00 0.000000000000000000e+00
 -1.197000026702880859e+00 0.000000000000000000e+00 0.000000000000000000e+00
 -1.191499948501586914e+00 0.000000000000000000e+00 0.000000000000000000e+00
 -1.185999989509582520e+00 0.000000000000000000e+00 0.000000000000000000e+00
 -1.180500030517578125e+00 0.000000000000000000e+00 0.000000000000000000e+00
 -1.174999952316284180e+00 0.000000000000000000e+00 0.000000000000000000e+00
 -1.169499993324279785e+00 0.000000000000000000e+00 0.000000000000000000e+00
 -1.164000034332275391e+00 0.000000000000000000e+00 0.000000000000000000e+00
 -1.158499956130981445e+00 0.000000000000000000e+00 0.000000000000000000e+00
 -1.152999997138977051e+00 0.000000000000000000e+00 0.000000000000000000e+00
 -1.147500038146972656e+00 0.000000000000000000e+00 0.000000000000000000e+00
 -1.141999959945678711e+00 0.000000000000000000e+00 0.000000000000000000e+00
 -1.136500000953674316e+00 0.000000000000000000e+00 0.000000000000000000e+00
 -1.131000041961669922e+00 0.000000000000000000e+00 0.000000000000000000e+00
 -1.125499963760375977e+00 0.000000000000000000e+00 0.000000000000000000e+00
 -1.120000004768371582e+00 0.000000000000000000e+00 0.000000000000000000e+00
 -1.114500045776367188e+00 0.000000000000000000e+00 0.000000000000000000e+00
 -1.108999967575073242e+00 0.000000000000000000e+00 0.000000000000000000e+00
 -1.103500008583068848e+00 0.000000000000000000e+00 0.000000000000000000e+00
 -1.098000049591064453e+00 0.000000000000000000e+00 0.000000000000000000e+00
 -1.092499971389770508e+00 0.000000000000000000e+00 0.000000000000000000e+00
 -1.087000012397766113e+00 0.000000000000000000e+00 0.000000000000000000e+00
 -1.081500053405761719e+00 0.000000000000000000e+00 0.000000000000000000e+00
 -1.075999975204467773e+00 0.000000000000000000e+00 0.000000000000000000e+00
 -1.070500016212463379e+00 0.000000000000000000e+00 0.000000000000000000e+00
 -1.065000057220458984e+00 0.000000000000000000e+00 0.000000000000000000e+00
 -1.059499979019165039e+00 0.000000000000000000e+00 0.000000000000000000e+00
 -1.054000020027160645e+00 0.000000000000000000e+00 0.000000000000000000e+00
 -1.048499941825866699e+00 0.000000000000000000e+00 0.000000000000000000e+00
 -1.042999982833862305e+00 0.000000000000000000e+00 0.000000000000000000e+00
 -1.037500023841857910e+00 0.000000000000000000e+00 0.000000000000000000e+00
 -1.031999945640563965e+00 0.000000000000000000e+00 0.000000000000000000e+00
 -1.026499986648559570e+00 0.000000000000000000e+00 0.000000000000000000e+00
 -1.021000027656555176e+00 0.000000000000000000e+00 0.000000000000000000e+00
 -1.015499949455261230e+00 0.000000000000000000e+00 0.000000000000000000e+00
 -1.009999990463256836e+00 0.000000000000000000e+00 0.000000000000000000e+00
 -1.004500031471252441e+00 0.000000000000000000e+00 0.000000000000000000e+00
 -9.990000128746032715e-01 0.000000000000000000e+00 0.000000000000000000e+00
 -9.934999942779541016e-01 0.000000000000000000e+00 0.000000000000000000e+00
 -9.879999756813049316e-01 0.000000000000000000e+00 0.000000000000000000e+00
 -9.825000166893005371e-01 0.000000000000000000e+00 0.000000000000000000e+00
 -9.769999980926513672e-01 0.000000000000000000e+00 0.000000000000000000e+00
 -9.714999794960021973e-01 0.000000000000000000e+00 0.000000000000000000e+00
 -9.660000205039978027e-01 0.000000000000000000e+00 0.000000000000000000e+00
 -9.605000019073486328e-01 0.000000000000000000e+00 0.000000000000000000e+00
 -9.549999833106994629e-01 0.000000000000000000e+00 0.000000000000000000e+00
 -9.495000243186950684e-01 0.000000000000000000e+00 0.000000000000000000e+00
 -9.440000057220458984e-01 0.000000000000000000e+00 0.000000000000000000e+00
 -9.384999871253967285e-01 0.000000000000000000e+00 0.000000000000000000e+00
 -9.330000281333923340e-01 0.000000000000000000e+00 0.000000000000000000e+00
 -9.275000095367431641e-01 0.000000000000000000e+00 0.000000000000000000e+00
 -9.219999909400939941e-01 0.000000000000000000e+00 0.000000000000000000e+00
 -9.164999723434448242e-01 0.000000000000000000e+00 0.000000000000000000e+00
 -9.110000133514404297e-01 0.000000000000000000e+00 0.000000000000000000e+00
 -9.054999947547912598e-01 0.000000000000000000e+00 0.000000000000000000e+00
 -8.999999761581420898e-01 0.000000000000000000e+00 0.000000000000000000e+00
 -8.945000171661376953e-01 0.000000000000000000e+00 0.000000000000000000e+00
 -8.889999985694885254e-01 0.000000000000000000e+00 0.000000000000000000e+00
 -8.834999799728393555e-01 0.000000000000000000e+00 0.000000000000000000e+00
 -8.780000209808349609e-01 0.000000000000000000e+00 0.000000000000000000e+00
 -8.725000023841857910e-01 0.000000000000000000e+00 0.000000000000000000e+00
 -8.669999837875366211e-01 0.000000000000000000e+00 0.000000000000000000e+00
 -8.615000247955322266e-01 0.000000000000000000e+00 0.000000000000000000e+00
 -8.560000061988830566e-01 0.000000000000000000e+00 0.000000000000000000e+00
 -8.504999876022338867e-01 0.000000000000000000e+00 0.000000000000000000e+00
 -8.450000286102294922e-01 0.000000000000000000e+00 0.000000000000000000e+00
 -8.395000100135803223e-01 0.000000000000000000e+00 0.000000000000000000e+00
 -8.339999914169311523e-01 0.000000000000000000e+00 0.000000000000000000e+00
 -8.284999728202819824e-01 0.000000000000000000e+00 0.000000000000000000e+00
 -8.230000138282775879e-01 0.000000000000000000e+00 0.000000000000000000e+00
 -8.174999952316284180e-01 0.000000000000000000e+00 0.000000000000000000e+00
 -8.119999766349792480e-01 0.000000000000000000e+00 0.000000000000000000e+00
 -8.065000176429748535e-01 0.000000000000000000e+00 0.000000000000000000e+00
 -8.009999990463256836e-01 0.000000000000000000e+00 0.000000000000000000e+00
 -7.954999804496765137e-01 0.000000000000000000e+00 0.000000000000000000e+00
 -7.900000214576721191e-01 0.000000000000000000e+00 0.000000000000000000e+00
 -7.845000028610229492e-01 0.000000000000000000e+00 0.000000000000000000e+00
 -7.789999842643737793e-01 0.000000000000000000e+00 0.000000000000000000e+00
 -7.735000252723693848e-01 0.000000000000000000e+00 0.000000000000000000e+00
 -7.680000066757202148e-01 0.000000000000000000e+00 0.000000000000000000e+00
 -7.624999880790710449e-01 0.000000000000000000e+00 0.000000000000000000e+00
 -7.570000290870666504e-01 0.000000000000000000e+00 0.000000000000000000e+00
 -7.515000104904174805e-01 0.000000000000000000e+00 0.000000000000000000e+00
 -7.459999918937683105e-01 0.000000000000000000e+00 0.000000000000000000e+00
 -7.404999732971191406e-01 0.000000000000000000e+00 0.000000000000000000e+00
 -7.350000143051147461e-01 0.000000000000000000e+00 0.000000000000000000e+00
 -7.294999957084655762e-01 0.000000000000000000e+00 0.000000000000000000e+00
 -7.239999771118164062e-01 0.000000000000000000e+00 0.000000000000000000e+00
 -7.185000181198120117e-01 0.000000000000000000e+00 0.000000000000000000e+00
 -7.129999995231628418e-01 0.000000000000000000e+00 0.000000000000000000e+00
 -7.074999809265136719e-01 0.000000000000000000e+00 0.000000000000000000e+00
 -7.020000219345092773e-01 0.000000000000000000e+00 0.000000000000000000e+00
 -6.965000033378601074e-01 0.000000000000000000e+00 0.000000000000000000e+00
 -6.909999847412109375e-01 0.000000000000000000e+00 0.000000000000000000e+00
 -6.855000257492065430e-01 0.000000000000000000e+00 0.000000000000000000e+00
 -6.800000071525573730e-01 0.000000000000000000e+00 0.000000000000000000e+00
 -6.744999885559082031e-01 0.000000000000000000e+00 0.000000000000000000e+00
 -6.690000295639038086e-01 0.000000000000000000e+00 0.000000000000000000e+00
 -6.635000109672546387e-01 0.000000000000000000e+00 0.000000000000000000e+00
 -6.579999923706054688e-01 0.000000000000000000e+00 0.000000000000000000e+00
 -6.524999737739562988e-01 0.000000000000000000e+00 0.000000000000000000e+00
 -6.470000147819519043e-01 0.000000000000000000e+00 0.000000000000000000e+00
 -6.414999961853027344e-01 0.000000000000000000e+00 0.000000000000000000e+00
 -6.359999775886535645e-01 0.000000000000000000e+00 0.000000000000000000e+00
 -6.305000185966491699e-01 0.000000000000000000e+00 0.000000000000000000e+00
 -6.250000000000000000e-01 0.000000000000000000e+00 0.000000000000000000e+00
 -2.000000000000000000e+00 5.000000074505805969e-02 0.000000000000000000e+00
 -1.994500041007995605e+00 5.000000074505805969e-02 0.000000000000000000e+00
 -1.988999962806701660e+00 5.000000074505805969e-02 0.000000000000000000e+00
 -1.983500003814697266e+00 5.000000074505805969e-02 0.000000000000000000e+00
 -1.978000044822692871e+00 5.000000074505805969e-02 0.000000000000000000e+00
 -1.972499966621398926e+00 5.000000074505805969e-02 0.000000000000000000e+00
 -1.967000007629394531e+00 5.000000074505805969e-02 0.000000000000000000e+00
 -1.961500048637390137e+00 5.000000074505805969e-02 0.000000000000000000e+00
 -1.955999970436096191e+00 5.000000074505805969e-02 0.000000000000000000e+00
 -1.950500011444091797e+00 5.000000074505805969e-02 0.000000000000000000e+00
 -1.945000052452087402e+00 5.000000074505805969e-02 0.000000000000000000e+00
 -1.939499974250793457e+00 5.000000074505805969e-02 0.000000000000000000e+00
 -1.934000015258789062e+00 5.000000074505805969e-02 0.000000000000000000e+00
 -1.928500056266784668e+00 5.000000074505805969e-02 0.000000000000000000e+00
 -1.922999978065490723e+00 5.000000074505805969e-02 0.000000000000000000e+00
 -1.917500019073486328e+00 5.000000074505805969e-02 0.000000000000000000e+00
 -1.911999940872192383e+00 5.000000074505805969e-02 0.000000000000000000e+00
 -1.906499981880187988e+00 5.000000074505805969e-02 0.000000000000000000e+00
 -1.901000022888183594e+00 5.000000074505805969e-02 0.000000000000000000e+00
 -1.895499944686889648e+00 5.000000074505805969e-02 0.000000000000000000e+00
 -1.889999985694885254e+00 5.000000074505805969e-02 0.000000000000000000e+00
 -1.884500026702880859e+00 5.000000074505805969e-02 0.000000000000000000e+00
 -1.878999948501586914e+00 5.000000074505805969e-02 0.000000000000000000e+00
 -1.873499989509582520e+00 5.000000074505805969e-02 0.000000000000000000e+00
 -1.868000030517578125e+00 5.000000074505805969e-02 0.000000000000000000e+00
 -1.862499952316284180e+00 5.000000074505805969e-02 0.000000000000000000e+00
 -1.856999993324279785e+00 5.000000074505805969e-02 0.000000000000000000e+00
 -1.851500034332275391e+00 5.000000074505805969e-02 0.000000000000000000e+00
 -1.845999956130981445e+00 5.000000074505805969e-02 0.000000000000000000e+00
 -1.840499997138977051e+00 5.000000074505805969e-02 0.000000000000000000e+00
 -1.835000038146972656e+00 5.000000074505805969e-02 0.000000000000000000e+00
 -1.829499959945678711e+00 5.000000074505805969e-02 0.000000000000000000e+00
 -1.824000000953674316e+00 5.000000074505805969e-02 0.000000000000000000e+00
 -1.818500041961669922e+00 5.000000074505805969e-02 0.000000000000000000e+00
 -1.812999963760375977e+00 5.000000074505805969e-02 0.000000000000000000e+00
 -1.807500004768371582e+00 5.000000074505805969e-02 0.000000000000000000e+00
 -1.802000045776367188e+00 5.000000074505805969e-02 0.000000000000000000e+00
 -1.796499967575073242e+00 5.000000074505805969e-02 0.000000000000000000e+00
 -1.791000008583068848e+00 5.000000074505805969e-02 0.000000000000000000e+00
 -1.785500049591064453e+00 5.000000074505805969e-02 0.000000000000000000e+00
 -1.779999971389770508e+00 5.000000074505805969e-02 0.000000000000000000e+00
 -1.774500012397766113e+00 5.000000074505805969e-02 0.000000000000000000e+00
 -1.769000053405761719e+00 5.000000074505805969e-02 0.000000000000000000e+00
 -1.763499975204467773e+00 5.000000074505805969e-02 0.000000000000000000e+00
 -1.758000016212463379e+00 5.000000074505805969e-02 0.000000000000000000e+00
 -1.752500057220458984e+00 5.000000074505805969e-02 0.000000000000000000e+00
 -1.746999979019165039e+00 5.000000074505805969e-02 0.000000000000000000e+00
 -1.741500020027160645e+00 5.000000074505805969e-02 0.000000000000000000e+00
 -1.735999941825866699e+00 5.000000074505805969e-02 0.000000000000000000e+00
 -1.730499982833862305e+00 5.000000074505805969e-02 0.000000000000000000e+00
 -1.725000023841857910e+00 5.000000074505805969e-02 0.000000000000000000e+00
 -1.719499945640563965e+00 5.000000074505805969e-02 0.000000000000000000e+00
 -1.713999986648559570e+00 5.000000074505805969e-02 0.000000000000000000e+00
 -1.708500027656555176e+00 5.000000074505805969e-02 0.000000000000000000e+00
 -1.702999949455261230e+00 5.000000074505805969e-02 0.000000000000000000e+00
 -1.697499990463256836e+00 5.000000074505805969e-02 0.000000000000000000e+00
 -1.692000031471252441e+00 5.000000074505805969e-02 0.000000000000000000e+00
 -1.686499953269958496e+00 5.000000074505805969e-02 0.000000000000000000e+00
 -1.680999994277954102e+00 5.000000074505805969e-02 0.000000000000000000e+00
 -1.675500035285949707e+00 5.000000074505805969e-02 0.000000000000000000e+00
 -1.669999957084655762e+00 5.000000074505805969e-02 0.000000000000000000e+00
 -1.664499998092651367e+00 5.000000074505805969e-02 0.000000000000000000e+00
 -1.659000039100646973e+00 5.000000074505805969e-02 0.000000000000000000e+00
 -1.653499960899353027e+00 5.000000074505805969e-02 0.000000000000000000e+00
 -1.648000001907348633e+00 5.000000074505805969e-02 0.000000000000000000e+00
 -1.642500042915344238e+00 5.000000074505805969e-02 0.000000000000000000e+00
 -1.636999964714050293e+00 5.000000074505805969e-02 0.000000000000000000e+00
 -1.631500005722045898e+00 5.000000074505805969e-02 0.000000000000000000e+00
 -1.626000046730041504e+00 5.000000074505805969e-02 0.000000000000000000e+00
 -1.620499968528747559e+00 5.000000074505805969e-02 0.000000000000000000e+00
 -1.615000009536743164e+00 5.000000074505805969e-02 0.000000000000000000e+00
 -1.609500050544738770e+00 5.000000074505805969e-02 0.000000000000000000e+00
 -1.603999972343444824e+00 5.000000074505805969e-02 0.000000000000000000e+00
 -1.598500013351440430e+00 5.000000074505805969e-02 0.000000000000000000e+00
 -1.593000054359436035e+00 5.000000074505805969e-02 0.000000000000000000e+00
 -1.587499976158142090e+00 5.000000074505805969e-02 0.000000000000000000e+00
 -1.582000017166137695e+00 5.000000074505805969e-02 0.000000000000000000e+00
 -1.576500058174133301e+00 5.000000074505805969e-02 0.000000000000000000e+00
 -1.570999979972839355e+00 5.000000074505805969e-02 0.000000000000000000e+00
 -1.565500020980834961e+00 5.000000074505805969e-02 0.000000000000000000e+00
 -1.559999942779541016e+00 5.000000074505805969e-02 0.000000000000000000e+00
 -1.554499983787536621e+00 5.000000074505805969e-02 0.000000000000000000e+00
 -1.549000024795532227e+00 5.000000074505805969e-02 0.000000000000000000e+00
 -1.543499946594238281e+00 5.000000074505805969e-02 0.000000000000000000e+00
 -1.537999987602233887e+00 5.000000074505805969e-02 0.000000000000000000e+00
 -1.532500028610229492e+00 5.000000074505805969e-02 0.000000000000000000e+00
 -1.526999950408935547e+00 5.000000074505805969e-02 0.000000000000000000e+00
 -1.521499991416931152e+00 5.000000074505805969e-02 0.000000000000000000e+00
 -1.516000032424926758e+00 5.000000074505805969e-02 0.000000000000000000e+00
 -1.510499954223632812e+00 5.000000074505805969e-02 0.000000000000000000e+00
 -1.504999995231628418e+00 5.000000074505805969e-02 0.000000000000000000e+00
 -1.499500036239624023e+00 5.000000074505805969e-02 0.000000000000000000e+00
 -1.493999958038330078e+00 5.000000074505805969e-02 0.000000000000000000e+00
 -1.488499999046325684e+00 5.000000074505805969e-02 0.000000000000000000e+00
 -1.483000040054321289e+00 5.000000074505805969e-02 0.000000000000000000e+00
 -1.477499961853027344e+00 5.000000074505805969e-02 0.000000000000000000e+00
 -1.472000002861022949e+00 5.000000074505805969e-02 0.000000000000000000e+00
 -1.466500043869018555e+00 5.000000074505805969e-02 0.000000000000000000e+00
 -1.460999965667724609e+00 5.000000074505805969e-02 0.000000000000000000e+00
 -1.455500006675720215e+00 5.000000074505805969e-02 0.000000000000000000e+00
 -1.450000047683715820e+00 5.000000074505805969e-02 0.000000000000000000e+00
 -1.444499969482421875e+00 5.000000074505805969e-02 0.000000000000000000e+00
 -1.439000010490417480e+00 5.000000074505805969e-02 0.000000000000000000e+00
 -1.433500051498413086e+00 5.000000074505805969e-02 0.000000000000000000e+00
 -1.427999973297119141e+00 5.000000074505805969e-02 0.000000000000000000e+00
 -1.422500014305114746e+00 5.000000074505805969e-02 0.000000000000000000e+00
 -1.417000055313110352e+00 5.000000074505805969e-02 0.000000000000000000e+00
 -1.411499977111816406e+00 5.000000074505805969e-02 0.000000000000000000e+00
 -1.406000018119812012e+00 5.000000074505805969e-02 0.000000000000000000e+00
 -1.400500059127807617e+00 5.000000074505805969e-02 0.000000000000000000e+00
 -1.394999980926513672e+00 5.000000074505805969e-02 0.000000000000000000e+00
 -1.389500021934509277e+00 5.000000074505805969e-02 0.000000000000000000e+00
 -1.383999943733215332e+00 5.000000074505805969e-02 0.000000000000000000e+00
 -1.378499984741210938e+00 5.000000074505805969e-02 0.000000000000000000e+00
 -1.373000025749206543e+00 5.000000074505805969e-02 0.000000000000000000e+00
 -1.367499947547912598e+00 5.000000074505805969e-02 0.000000000000000000e+00
 -1.361999988555908203e+00 5.000000074505805969e-02 0.000000000000000000e+00
 -1.356500029563903809e+00 5.000000074505805969e-02 0.000000000000000000e+00
 -1.350999951362609863e+00 5.000000074505805969e-02 0.000000000000000000e+00
 -1.345499992370605469e+00 5.000000074505805969e-02 0.000000000000000000e+00
 -1.340000033378601074e+00 5.000000074505805969e-02 0.000000000000000000e+00
 -1.334499955177307129e+00 5.000000074505805969e-02 0.000000000000000000e+00
 -1.328999996185302734e+00 5.000000074505805969e-02 0.000000000000000000e+00
 -1.323500037193298340e+00 5.000000074505805969e-02 0.000000000000000000e+00
 -1.317999958992004395e+00 5.000000074505805969e-02 0.000000000000000000e+00
 -1.312500000000000000e+00 5.000000074505805969e-02 0.000000000000000000e+00
 -1.307000041007995605e+00 5.000000074505805969e-02 0.000000000000000000e+00
 -1.301499962806701660e+00 5.000000074505805969e-02 0.000000000000000000e+00
 -1.296000003814697266e+00 5.000000074505805969e-02 0.000000000000000000e+00
 -1.290500044822692871e+00 5.000000074505805969e-02 0.000000000000000000e+00
 -1.284999966621398926e+00 5.000000074505805969e-02 0.000000000000000000e+00
 -1.279500007629394531e+00 5.000000074505805969e-02 0.000000000000000000e+00
 -1.274000048637390137e+00 5.000000074505805969e-02 0.000000000000000000e+00
 -1.268499970436096191e+00 5.000000074505805969e-02 0.000000000000000000e+00
 -1.263000011444091797e+00 5.000000074505805969e-02 0.000000000000000000e+00
 -1.257500052452087402e+00 5.000000074505805969e-02 0.000000000000000000e+00
 -1.251999974250793457e+00 5.000000074505805969e-02 0.000000000000000000e+00
 -1.246500015258789062e+00 5.000000074505805969e-02 0.000000000000000000e+00
 -1.241000056266784668e+00 5.000000074505805969e-02 0.000000000000000000e+00
 -1.235499978065490723e+00 5.000000074505805969e-02 0.000000000000000000e+00
 -1.230000019073486328e+00 5.000000074505805969e-02 0.000000000000000000e+00
 -1.224499940872192383e+00 5.000000074505805969e-02 0.000000000000000000e+00
 -1.218999981880187988e+00 5.000000074505805969e-02 0.000000000000000000e+00
 -1.213500022888183594e+00 5.000000074505805969e-02 0.000000000000000000e+00
 -1.207999944686889648e+00 5.000000074505805969e-02 0.000000000000000000e+00
 -1.202499985694885254e+00 5.000000074505805969e-02 0.000000000000000000e+00
 -1.197000026702880859e+00 5.000000074505805969e-02 0.000000000000000000e+00
 -1.191499948501586914e+00 5.000000074505805969e-02 0.000000000000000000e+00
 -1.185999989509582520e+00 5.000000074505805969e-02 0.000000000000000000e+00
 -1.180500030517578125e+00 5.000000074505805969e-02 0.000000000000000000e+00
 -1.174999952316284180e+00 5.000000074505805969e-02 0.000000000000000000e+00
 -1.169499993324279785e+00 5.000000074505805969e-02 0.000000000000000000e+00
 -1.164000034332275391e+00 5.000000074505805969e-02 0.000000000000000000e+00
 -1.158499956130981445e+00 5.000000074505805969e-02 0.000000000000000000e+00
 -1.152999997138977051e+00 5.000000074505805969e-02 0.000000000000000000e+00
 -1.147500038146972656e+00 5.000000074505805969e-02 0.000000000000000000e+00
 -1.141999959945678711e+00 5.000000074505805969e-02 0.000000000000000000e+00
 -1.136500000953674316e+00 5.000000074505805969e-02 0.000000000000000000e+00
 -1.131000041961669922e+00 5.000000074505805969e-02 0.000000000000000000e+00
 -1.125499963760375977e+00 5.000000074505805969e-02 0.000000000000000000e+00
 -1.120000004768371582e+00 5.000000074505805969e-02 0.000000000000000000e+00
 -1.114500045776367188e+00 5.000000074505805969e-02 0.000000000000000000e+00
 -1.108999967575073242e+00 5.000000074505805969e-02 0.000000000000000000e+00
 -1.103500008583068848e+00 5.000000074505805969e-02 0.000000000000000000e+00
 -1.098000049591064453e+00 5.000000074505805969e-02 0.000000000000000000e+00
 -1.092499971389770508e+00 5.000000074505805969e-02 0.000000000000000000e+00
 -1.087000012397766113e+00 5.000000074505805969e-02 0.000000000000000000e+00
 -1.081500053405761719e+00 5.000000074505805969e-02 0.000000000000000000e+00
 -1.075999975204467773e+00 5.000000074505805969e-02 0.000000000000000000e+00
 -1.070500016212463379e+00 5.000000074505805969e-02 0.000000000000000000e+00
 -1.065000057220458984e+00 5.000000074505805969e-02 0.000000000000000000e+00
 -1.059499979019165039e+00 5.000000074505805969e-02 0.000000000000000000e+00
 -1.054000020027160645e+00 5.000000074505805969e-02 0.000000000000000000e+00
 -1.048499941825866699e+00 5.000000074505805969e-02 0.000000000000000000e+00
 -1.042999982833862305e+00 5.000000074505805969e-02 0.000000000000000000e+00
 -1.037500023841857910e+00 5.000000074505805969e-02 0.000000000000000000e+00
 -1.031999945640563965e+00 5.000000074505805969e-02 0.000000000000000000e+00
 -1.026499986648559570e+00 5.000000074505805969e-02 0.000000000000000000e+00
 -1.021000027656555176e+00 5.000000074505805969e-02 0.000000000000000000e+00
 -1.015499949455261230e+00 5.000000074505805969e-02 0.000000000000000000e+00
 -1.009999990463256836e+00 5.000000074505805969e-02 0.000000000000000000e+00
 -1.004500031471252441e+00 5.000000074505805969e-02 0.000000000000000000e+00
 -9.990000128746032715e-01 5.000000074505805969e-02 0.000000000000000000e+00
 -9.934999942779541016e-01 5.000000074505805969e-02 0.000000000000000000e+00
 -9.879999756813049316e-01 5.000000074505805969e-02 0.000000000000000000e+00
 -9.825000166893005371e-01 5.000000074505805969e-02 0.000000000000000000e+00
 -9.769999980926513672e-01 5.000000074505805969e-02 0.000000000000000000e+00
 -9.714999794960021973e-01 5.000000074505805969e-02 0.000000000000000000e+00
 -9.660000205039978027e-01 5.000000074505805969e-02 0.000000000000000000e+00
 -9.605000019073486328e-01 5.000000074505805969e-02 0.000000000000000000e+00
 -9.549999833106994629e-01 5.000000074505805969e-02 0.000000000000000000e+00
 -9.495000243186950684e-01 5.000000074505805969e-02 0.000000000000000000e+00
 -9.440000057220458984e-01 5.000000074505805969e-02 0.000000000000000000e+00
 -9.384999871253967285e-01 5.000000074505805969e-02 0.000000000000000000e+00
 -9.330000281333923340e-01 5.000000074505805969e-02 0.000000000000000000e+00
 -9.275000095367431641e-01 5.000000074505805969e-02 0.000000000000000000e+00
 -9.219999909400939941e-01 5.000000074505805969e-02 0.000000000000000000e+00
 -9.164999723434448242e-01 5.000000074505805969e-02 0.000000000000000000e+00
 -9.110000133514404297e-01 5.000000074505805969e-02 0.000000000000000000e+00
 -9.054999947547912598e-01 5.000000074505805969e-02 0.000000000000000000e+00
 -8.999999761581420898e-01 5.000000074505805969e-02 0.000000000000000000e+00
 -8.945000171661376953e-01 5.000000074505805969e-02 0.000000000000000000e+00
 -8.889999985694885254e-01 5.000000074505805969e-02 0.000000000000000000e+00
 -8.834999799728393555e-01 5.000000074505805969e-02 0.000000000000000000e+00
 -8.780000209808349609e-01 5.000000074505805969e-02 0.000000000000000000e+00
 -8.725000023841857910e-01 5.000000074505805969e-02 0.000000000000000000e+00
 -8.669999837875366211e-01 5.000000074505805969e-02 0.000000000000000000e+00
 -8.615000247955322266e-01 5.000000074505805969e-02 0.000000000000000000e+00
 -8.560000061988830566e-01 5.000000074505805969e-02 0.000000000000000000e+00
 -8.504999876022338867e-01 5.000000074505805969e-02 0.000000000000000000e+00
 -8.450000286102294922e-01 5.000000074505805969e-02 0.000000000000000000e+00
 -8.395000100135803223e-01 5.000000074505805969e-02 0.000000000000000000e+00
 -8.339999914169311523e-01 5.000000074505805969e-02 0.000000000000000000e+00
 -8.284999728202819824e-01 5.000000074505805969e-02 0.000000000000000000e+00
 -8.230000138282775879e-01 5.000000074505805969e-02 0.000000000000000000e+00
 -8.174999952316284180e-01 5.000000074505805969e-02 0.000000000000000000e+00
 -8.119999766349792480e-01 5.000000074505805969e-02 0.000000000000000000e+00
 -8.065000176429748535e-01 5.000000074505805969e-02 0.000000000000000000e+00
 -8.009999990463256836e-01 5.000000074505805969e-02 0.000000000000000000e+00
 -7.954999804496765137e-01 5.000000074505805969e-02 0.000000000000000000e+00
 -7.900000214576721191e-01 5.000000074505805969e-02 0.000000000000000000e+00
 -7.845000028610229492e-01 5.000000074505805969e-02 0.000000000000000000e+00
 -7.789999842643737793e-01 5.000000074505805969e-02 0.000000000000000000e+00
 -7.735000252723693848e-01 5.000000074505805969e-02 0.000000000000000000e+00
 -7.680000066757202148e-01 5.000000074505805969e-02 0.000000000000000000e+00
 -7.624999880790710449e-01 5.000000074505805969e-02 0.000000000000000000e+00
 -7.570000290870666504e-01 5.000000074505805969e-02 0.000000000000000000e+00
 -7.515000104904174805e-01 5.000000074505805969e-02 0.000000000000000000e+00
 -7.459999918937683105e-01 5.000000074505805969e-02 0.000000000000000000e+00
 -7.404999732971191406e-01 5.000000074505805969e-02 0.000000000000000000e+00
 -7.350000143051147461e-01 5.000000074505805969e-02 0.000000000000000000e+00
 -7.294999957084655762e-01 5.000000074505805969e-02 0.000000000000000000e+00
 -7.239999771118164062e-01 5.000000074505805969e-02 0.000000000000000000e+00
 -7.185000181198120117e-01 5.000000074505805969e-02 0.000000000000000000e+00
 -7.129999995231628418e-01 5.000000074505805969e-02 0.000000000000000000e+00
 -7.074999809265136719e-01 5.000000074505805969e-02 0.000000000000000000e+00
 -7.020000219345092773e-01 5.000000074505805969e-02 0.000000000000000000e+00
 -6.965000033378601074e-01 5.000000074505805969e-02 0.000000000000000000e+00
 -6.909999847412109375e-01 5.000000074505805969e-02 0.000000000000000000e+00
 -6.855000257492065430e-01 5.000000074505805969e-02 0.000000000000000000e+00
 -6.800000071525573730e-01 5.000000074505805969e-02 0.000000000000000000e+00
 -6.744999885559082031e-01 5.000000074505805969e-02 0.000000000000000000e+00
 -6.690000295639038086e-01 5.000000074505805969e-02 0.000000000000000000e+00
 -6.635000109672546387e-01 5.000000074505805969e-02 0.000000000000000000e+00
 -6.579999923706054688e-01 5.000000074505805969e-02 0.000000000000000000e+00
 -6.524999737739562988e-01 5.000000074505805969e-02 0.000000000000000000e+00
 -6.470000147819519043e-01 5.000000074505805969e-02 0.000000000000000000e+00
 -6.414999961853027344e-01 5.000000074505805969e-02 0.000000000000000000e+00
 -6.359999775886535645e-01 5.000000074505805969e-02 0.000000000000000000e+00
 -6.305000185966491699e-01 5.000000074505805969e-02 0.000000000000000000e+00
 -6.250000000000000000e-01 5.000000074505805969e-02 0.000000000000000000e+00
 -2.000000000000000000e+00 1.000000014901161194e-01 0.000000000000000000e+00
 -1.994500041007995605e+00 1.000000014901161194e-01 0.000000000000000000e+00
 -1.988999962806701660e+00 1.000000014901161194e-01 0.000000000000000000e+00
 -1.983500003814697266e+00 1.000000014901161194e-01 0.000000000000000000e+00
 -1.978000044822692871e+00 1.000000014901161194e-01 0.000000000000000000e+00
 -1.972499966621398926e+00 1.000000014901161194e-01 0.000000000000000000e+00
 -1.967000007629394531e+00 1.000000014901161194e-01 0.000000000000000000e+00
 -1.961500048637390137e+00 1.000000014901161194e-01 0.000000000000000000e+00
 -1.955999970436096191e+00 1.000000014901161194e-01 0.000000000000000000e+00
 -1.950500011444091797e+00 1.000000014901161194e-01 0.000000000000000000e+00
 -1.945000052452087402e+00 1.000000014901161194e-01 0.000000000000000000e+00
 -1.939499974250793457e+00 1.000000014901161194e-01 0.000000000000000000e+00
 -1.934000015258789062e+00 1.000000014901161194e-01 0.000000000000000000e+00
 -1.928500056266784668e+00 1.000000014901161194e-01 0.000000000000000000e+00
 -1.922999978065490723e+00 1.000000014901161194e-01 0.000000000000000000e+00
 -1.917500019073486328e+00 1.000000014901161194e-01 0.000000000000000000e+00
 -1.911999940872192383e+00 1.000000014901161194e-01 0.000000000000000000e+00
 -1.906499981880187988e+00 1.000000014901161194e-01 0.000000000000000000e+00
 -1.901000022888183594e+00 1.000000014901161194e-01 0.000000000000000000e+00
 -1.895499944686889648e+00 1.000000014901161194e-01 0.000000000000000000e+00
 -1.889999985694885254e+00 1.000000014901161194e-01 0.000000000000000000e+00
 -1.884500026702880859e+00 1.000000014901161194e-01 0.000000000000000000e+00
 -1.878999948501586914e+00 1.000000014901161194e-01 0.000000000000000000e+00
 -1.873499989509582520e+00 1.000000014901161194e-01 0.000000000000000000e+00
 -1.868000030517578125e+00 1.000000014901161194e-01 0.000000000000000000e+00
 -1.862499952316284180e+00 1.000000014901161194e-01 0.000000000000000000e+00
 -1.856999993324279785e+00 1.000000014901161194e-01 0.000000000000000000e+00
 -1.851500034332275391e+00 1.000000014901161194e-01 0.000000000000000000e+00
 -1.845999956130981445e+00 1.000000014901161194e-01 0.000000000000000000e+00
 -1.840499997138977051e+00 1.000000014901161194e-01 0.000000000000000000e+00
 -1.835000038146972656e+00 1.000000014901161194e-01 0.000000000000000000e+00
 -1.829499959945678711e+00 1.000000014901161194e-01 0.000000000000000000e+00
 -1.824000000953674316e+00 1.000000014901161194e-01 0.000000000000000000e+00
 -1.818500041961669922e+00 1.000000014901161194e-01 0.000000000000000000e+00
 -1.812999963760375977e+00 1.000000014901161194e-01 0.000000000000000000e+00
 -1.807500004768371582e+00 1.000000014901161194e-01 0.000000000000000000e+00
 -1.802000045776367188e+00 1.000000014901161194e-01 0.000000000000000000e+00
 -1.796499967575073242e+00 1.000000014901161194e-01 0.000000000000000000e+00
 -1.791000008583068848e+00 1.000000014901161194e-01 0.000000000000000000e+00
 -1.785500049591064453e+00 1.000000014901161194e-01 0.000000000000000000e+00
 -1.779999971389770508e+00 1.000000014901161194e-01 0.000000000000000000e+00
 -1.774500012397766113e+00 1.000000014901161194e-01 0.000000000000000000e+00
 -1.769000053405761719e+00 1.000000014901161194e-01 0.000000000000000000e+00
 -1.763499975204467773e+00 1.000000014901161194e-01 0.000000000000000000e+00
 -1.758000016212463379e+00 1.000000014901161194e-01 0.000000000000000000e+00
 -1.752500057220458984e+00 1.000000014901161194e-01 0.000000000000000000e+00
 -1.746999979019165039e+00 1.000000014901161194e-01 0.000000000000000000e+00
 -1.741500020027160645e+00 1.000000014901161194e-01 0.000000000000000000e+00
 -1.735999941825866699e+00 1.000000014901161194e-01 0.000000000000000000e+00
 -1.730499982833862305e+00 1.000000014901161194e-01 0.000000000000000000e+00
 -1.725000023841857910e+00 1.000000014901161194e-01 0.000000000000000000e+00
 -1.719499945640563965e+00 1.000000014901161194e-01 0.000000000000000000e+00
 -1.713999986648559570e+00 1.000000014901161194e-01 0.000000000000000000e+00
 -1.708500027656555176e+00 1.000000014901161194e-01 0.000000000000000000e+00
 -1.702999949455261230e+00 1.000000014901161194e-01 0.000000000000000000e+00
 -1.697499990463256836e+00 1.000000014901161194e-01 0.000000000000000000e+00
 -1.692000031471252441e+00 1.000000014901161194e-01 0.000000000000000000e+00
 -1.686499953269958496e+00 1.000000014901161194e-01 0.000000000000000000e+00
 -1.680999994277954102e+00 1.000000014901161194e-01 0.000000000000000000e+00
 -1.675500035285949707e+00 1.000000014901161194e-01 0.000000000000000000e+00
 -1.669999957084655762e+00 1.000000014901161194e-01 0.000000000000000000e+00
 -1.664499998092651367e+00 1.000000014901161194e-01 0.000000000000000000e+00
 -1.659000039100646973e+00 1.000000014901161194e-01 0.000000000000000000e+00
 -1.653499960899353027e+00 1.000000014901161194e-01 0.000000000000000000e+00
 -1.648000001907348633e+00 1.000000014901161194e-01 0.000000000000000000e+00
 -1.642500042915344238e+00 1.000000014901161194e-01 0.000000000000000000e+00
 -1.636999964714050293e+00 1.000000014901161194e-01 0.000000000000000000e+00
 -1.631500005722045898e+00 1.000000014901161194e-01 0.000000000000000000e+00
 -1.626000046730041504e+00 1.000000014901161194e-01 0.000000000000000000e+00
 -1.620499968528747559e+00 1.000000014901161194e-01 0.000000000000000000e+00
 -1.615000009536743164e+00 1.000000014901161194e-01 0.000000000000000000e+00
 -1.609500050544738770e+00 1.000000014901161194e-01 0.000000000000000000e+00
 -1.603999972343444824e+00 1.000000014901161194e-01 0.000000000000000000e+00
 -1.598500013351440430e+00 1.000000014901161194e-01 0.000000000000000000e+00
 -1.593000054359436035e+00 1.000000014901161194e-01 0.000000000000000000e+00
 -1.587499976158142090e+00 1.000000014901161194e-01 0.000000000000000000e+00
 -1.582000017166137695e+00 1.000000014901161194e-01 0.000000000000000000e+00
 -1.576500058174133301e+00 1.000000014901161194e-01 0.000000000000000000e+00
 -1.570999979972839355e+00 1.000000014901161194e-01 0.000000000000000000e+00
 -1.565500020980834961e+00 1.000000014901161194e-01 0.000000000000000000e+00
 -1.559999942779541016e+00 1.000000014901161194e-01 0.000000000000000000e+00
 -1.554499983787536621e+00 1.000000014901161194e-01 0.000000000000000000e+00
 -1.549000024795532227e+00 1.000000014901161194e-01 0.000000000000000000e+00
 -1.543499946594238281e+00 1.000000014901161194e-01 0.000000000000000000e+00
 -1.537999987602233887e+00 1.000000014901161194e-01 0.000000000000000000e+00
 -1.532500028610229492e+00 1.000000014901161194e-01 0.000000000000000000e+00
 -1.526999950408935547e+00 1.000000014901161194e-01 0.000000000000000000e+00
 -1.521499991416931152e+00 1.000000014901161194e-01 0.000000000000000000e+00
 -1.516000032424926758e+00 1.000000014901161194e-01 0.000000000000000000e+00
 -1.510499954223632812e+00 1.000000014901161194e-01 0.000000000000000000e+00
 -1.504999995231628418e+00 1.000000014901161194e-01 0.000000000000000000e+00
 -1.499500036239624023e+00 1.000000014901161194e-01 0.000000000000000000e+00
 -1.493999958038330078e+00 1.000000014901161194e-01 0.000000000000000000e+00
 -1.488499999046325684e+00 1.000000014901161194e-01 0.000000000000000000e+00
 -1.483000040054321289e+00 1.000000014901161194e-01 0.000000000000000000e+00
 -1.477499961853027344e+00 1.000000014901161194e-01 0.000000000000000000e+00
 -1.472000002861022949e+00 1.000000014901161194e-01 0.000000000000000000e+00
 -1.466500043869018555e+00 1.000000014901161194e-01 0.000000000000000000e+00
 -1.460999965667724609e+00 1.000000014901161194e-01 0.000000000000000000e+00
 -1.455500006675720215e+00 1.000000014901161194e-01 0.000000000000000000e+00
 -1.450000047683715820e+00 1.000000014901161194e-01 0.000000000000000000e+00
 -1.444499969482421875e+00 1.000000014901161194e-01 0.000000000000000000e+00
 -1.439000010490417480e+00 1.000000014901161194e-01 0.000000000000000000e+00
 -1.433500051498413086e+00 1.000000014901161194e-01 0.000000000000000000e+00
 -1.427999973297119141e+00 1.000000014901161194e-01 0.000000000000000000e+00
 -1.422500014305114746e+00 1.000000014901161194e-01 0.000000000000000000e+00
 -1.417000055313110352e+00 1.000000014901161194e-01 0.000000000000000000e+00
 -1.411499977111816406e+00 1.000000014901161194e-01 0.000000000000000000e+00
 -1.406000018119812012e+00 1.000000014901161194e-01 0.000000000000000000e+00
 -1.400500059127807617e+00 1.000000014901161194e-01 0.000000000000000000e+00
 -1.394999980926513672e+00 1.000000014901161194e-01 0.000000000000000000e+00
 -1.389500021934509277e+00 1.000000014901161194e-01 0.000000000000000000e+00
 -1.383999943733215332e+00 1.000000014901161194e-01 0.000000000000000000e+00
 -1.378499984741210938e+00 1.000000014901161194e-01 0.000000000000000000e+00
 -1.373000025749206543e+00 1.000000014901161194e-01 0.000000000000000000e+00
 -1.367499947547912598e+00 1.000000014901161194e-01 0.000000000000000000e+00
 -1.361999988555908203e+00 1.000000014901161194e-01 0.000000000000000000e+00
 -1.356500029563903809e+00 1.000000014901161194e-01 0.000000000000000000e+00
 -1.350999951362609863e+00 1.000000014901161194e-01 0.000000000000000000e+00
 -1.345499992370605469e+00 1.000000014901161194e-01 0.000000000000000000e+00
 -1.340000033378601074e+00 1.000000014901161194e-01 0.000000000000000000e+00
 -1.334499955177307129e+00 1.000000014901161194e-01 0.000000000000000000e+00
 -1.328999996185302734e+00 1.000000014901161194e-01 0.000000000000000000e+00
 -1.323500037193298340e+00 1.000000014901161194e-01 0.000000000000000000e+00
 -1.317999958992004395e+00 1.000000014901161194e-01 0.000000000000000000e+00
 -1.312500000000000000e+00 1.000000014901161194e-01 0.000000000000000000e+00
 -1.307000041007995605e+00 1.000000014901161194e-01 0.000000000000000000e+00
 -1.301499962806701660e+00 1.000000014901161194e-01 0.000000000000000000e+00
 -1.296000003814697266e+00 1.000000014901161194e-01 0.000000000000000000e+00
 -1.290500044822692871e+00 1.000000014901161194e-01 0.000000000000000000e+00
 -1.284999966621398926e+00 1.000000014901161194e-01 0.000000000000000000e+00
 -1.279500007629394531e+00 1.000000014901161194e-01 0.000000000000000000e+00
 -1.274000048637390137e+00 1.000000014901161194e-01 0.000000000000000000e+00
 -1.268499970436096191e+00 1.000000014901161194e-01 0.000000000000000000e+00
 -1.263000011444091797e+00 1.000000014901161194e-01 0.000000000000000000e+00
 -1.257500052452087402e+00 1.000000014901161194e-01 0.000000000000000000e+00
 -1.251999974250793457e+00 1.000000014901161194e-01 0.000000000000000000e+00
 -1.246500015258789062e+00 1.000000014901161194e-01 0.000000000000000000e+00
 -1.241000056266784668e+00 1.000000014901161194e-01 0.000000000000000000e+00
 -1.235499978065490723e+00 1.000000014901161194e-01 0.000000000000000000e+00
 -1.230000019073486328e+00 1.000000014901161194e-01 0.000000000000000000e+00
 -1.224499940872192383e+00 1.000000014901161194e-01 0.000000000000000000e+00
 -1.218999981880187988e+00 1.000000014901161194e-01 0.000000000000000000e+00
 -1.213500022888183594e+00 1.000000014901161194e-01 0.000000000000000000e+00
 -1.207999944686889648e+00 1.000000014901161194e-01 0.000000000000000000e+00
 -1.202499985694885254e+00 1.000000014901161194e-01 0.000000000000000000e+00
 -1.197000026702880859e+00 1.000000014901161194e-01 0.000000000000000000e+00
 -1.191499948501586914e+00 1.000000014901161194e-01 0.000000000000000000e+00
 -1.185999989509582520e+00 1.000000014901161194e-01 0.000000000000000000e+00
 -1.180500030517578125e+00 1.000000014901161194e-01 0.000000000000000000e+00
 -1.174999952316284180e+00 1.000000014901161194e-01 0.000000000000000000e+00
 -1.169499993324279785e+00 1.000000014901161194e-01 0.000000000000000000e+00
 -1.164000034332275391e+00 1.000000014901161194e-01 0.000000000000000000e+00
 -1.158499956130981445e+00 1.000000014901161194e-01 0.000000000000000000e+00
 -1.152999997138977051e+00 1.000000014901161194e-01 0.000000000000000000e+00
 -1.147500038146972656e+00 1.000000014901161194e-01 0.000000000000000000e+00
 -1.141999959945678711e+00 1.000000014901161194e-01 0.000000000000000000e+00
 -1.136500000953674316e+00 1.000000014901161194e-01 0.000000000000000000e+00
 -1.131000041961669922e+00 1.000000014901161194e-01 0.000000000000000000e+00
 -1.125499963760375977e+00 1.000000014901161194e-01 0.000000000000000000e+00
 -1.120000004768371582e+00 1.000000014901161194e-01 0.000000000000000000e+00
 -1.114500045776367188e+00 1.000000014901161194e-01 0.000000000000000000e+00
 -1.108999967575073242e+00 1.000000014901161194e-01 0.000000000000000000e+00
 -1.103500008583068848e+00 1.000000014901161194e-01 0.000000000000000000e+00
 -1.098000049591064453e+00 1.000000014901161194e-01 0.000000000000000000e+00
 -1.092499971389770508e+00 1.000000014901161194e-01 0.000000000000000000e+00
 -1.087000012397766113e+00 1.000000014901161194e-01 0.000000000000000000e+00
 -1.081500053405761719e+00 1.000000014901161194e-01 0.000000000000000000e+00
 -1.075999975204467773e+00 1.000000014901161194e-01 0.000000000000000000e+00
 -1.070500016212463379e+00 1.000000014901161194e-01 0.000000000000000000e+00
 -1.065000057220458984e+00 1.000000014901161194e-01 0.000000000000000000e+00
 -1.059499979019165039e+00 1.000000014901161194e-01 0.000000000000000000e+00
 -1.054000020027160645e+00 1.000000014901161194e-01 0.000000000000000000e+00
 -1.048499941825866699e+00 1.000000014901161194e-01 0.000000000000000000e+00
 -1.042999982833862305e+00 1.000000014901161194e-01 0.000000000000000000e+00
 -1.037500023841857910e+00 1.000000014901161194e-01 0.000000000000000000e+00
 -1.031999945640563965e+00 1.000000014901161194e-01 0.000000000000000000e+00
 -1.026499986648559570e+00 1.000000014901161194e-01 0.000000000000000000e+00
 -1.021000027656555176e+00 1.000000014901161194e-01 0.000000000000000000e+00
 -1.015499949455261230e+00 1.000000014901161194e-01 0.000000000000000000e+00
 -1.009999990463256836e+00 1.000000014901161194e-01 0.000000000000000000e+00
 -1.004500031471252441e+00 1.000000014901161194e-01 0.000000000000000000e+00
 -9.990000128746032715e-01 1.000000014901161194e-01 0.000000000000000000e+00
 -9.934999942779541016e-01 1.000000014901161194e-01 0.000000000000000000e+00
 -9.879999756813049316e-01 1.000000014901161194e-01 0.000000000000000000e+00
 -9.825000166893005371e-01 1.000000014901161194e-01 0.000000000000000000e+00
 -9.769999980926513672e-01 1.000000014901161194e-01 0.000000000000000000e+00
 -9.714999794960021973e-01 1.000000014901161194e-01 0.000000000000000000e+00
 -9.660000205039978027e-01 1.000000014901161194e-01 0.000000000000000000e+00
 -9.605000019073486328e-01 1.000000014901161194e-01 0.000000000000000000e+00
 -9.549999833106994629e-01 1.000000014901161194e-01 0.000000000000000000e+00
 -9.495000243186950684e-01 1.000000014901161194e-01 0.000000000000000000e+00
 -9.440000057220458984e-01 1.000000014901161194e-01 0.000000000000000000e+00
 -9.384999871253967285e-01 1.000000014901161194e-01 0.000000000000000000e+00
 -9.330000281333923340e-01 1.000000014901161194e-01 0.000000000000000000e+00
 -9.275000095367431641e-01 1.000000014901161194e-01 0.000000000000000000e+00
 -9.219999909400939941e-01 1.000000014901161194e-01 0.000000000000000000e+00
 -9.164999723434448242e-01 1.000000014901161194e-01 0.000000000000000000e+00
 -9.110000133514404297e-01 1.000000014901161194e-01 0.000000000000000000e+00
 -9.054999947547912598e-01 1.000000014901161194e-01 0.000000000000000000e+00
 -8.999999761581420898e-01 1.000000014901161194e-01 0.000000000000000000e+00
 -8.945000171661376953e-01 1.000000014901161194e-01 0.000000000000000000e+00
 -8.889999985694885254e-01 1.000000014901161194e-01 0.000000000000000000e+00
 -8.834999799728393555e-01 1.000000014901161194e-01 0.000000000000000000e+00
 -8.780000209808349609e-01 1.000000014901161194e-01 0.000000000000000000e+00
 -8.725000023841857910e-01 1.000000014901161194e-01 0.000000000000000000e+00
 -8.669999837875366211e-01 1.000000014901161194e-01 0.000000000000000000e+00
 -8.615000247955322266e-01 1.000000014901161194e-01 0.000000000000000000e+00
 -8.560000061988830566e-01 1.000000014901161194e-01 0.000000000000000000e+00
 -8.504999876022338867e-01 1.000000014901161194e-01 0.000000000000000000e+00
 -8.450000286102294922e-01 1.000000014901161194e-01 0.000000000000000000e+00
 -8.395000100135803223e-01 1.000000014901161194e-01 0.000000000000000000e+00
 -8.339999914169311523e-01 1.000000014901161194e-01 0.000000000000000000e+00
 -8.284999728202819824e-01 1.000000014901161194e-01 0.000000000000000000e+00
 -8.230000138282775879e-01 1.000000014901161194e-01 0.000000000000000000e+00
 -8.174999952316284180e-01 1.000000014901161194e-01 0.000000000000000000e+00
 -8.119999766349792480e-01 1.000000014901161194e-01 0.000000000000000000e+00
 -8.065000176429748535e-01 1.000000014901161194e-01 0.000000000000000000e+00
 -8.009999990463256836e-01 1.000000014901161194e-01 0.000000000000000000e+00
 -7.954999804496765137e-01 1.000000014901161194e-01 0.000000000000000000e+00
 -7.900000214576721191e-01 1.000000014901161194e-01 0.000000000000000000e+00
 -7.845000028610229492e-01 1.000000014901161194e-01 0.000000000000000000e+00
 -7.789999842643737793e-01 1.000000014901161194e-01 0.000000000000000000e+00
 -7.735000252723693848e-01 1.000000014901161194e-01 0.000000000000000000e+00
 -7.680000066757202148e-01 1.000000014901161194e-01 0.000000000000000000e+00
 -7.624999880790710449e-01 1.000000014901161194e-01 0.000000000000000000e+00
 -7.570000290870666504e-01 1.000000014901161194e-01 0.000000000000000000e+00
 -7.515000104904174805e-01 1.000000014901161194e-01 0.000000000000000000e+00
 -7.459999918937683105e-01 1.000000014901161194e-01 0.000000000000000000e+00
 -7.404999732971191406e-01 1.000000014901161194e-01 0.000000000000000000e+00
 -7.350000143051147461e-01 1.000000014901161194e-01 0.000000000000000000e+00
 -7.294999957084655762e-01 1.000000014901161194e-01 0.000000000000000000e+00
 -7.239999771118164062e-01 1.000000014901161194e-01 0.000000000000000000e+00
 -7.185000181198120117e-01 1.000000014901161194e-01 0.000000000000000000e+00
 -7.129999995231628418e-01 1.000000014901161194e-01 0.000000000000000000e+00
 -7.074999809265136719e-01 1.000000014901161194e-01 0.000000000000000000e+00
 -7.020000219345092773e-01 1.000000014901161194e-01 0.000000000000000000e+00
 -6.965000033378601074e-01 1.000000014901161194e-01 0.000000000000000000e+00
 -6.909999847412109375e-01 1.000000014901161194e-01 0.000000000000000000e+00
 -6.855000257492065430e-01 1.000000014901161194e-01 0.000000000000000000e+00
 -6.800000071525573730e-01 1.000000014901161194e-01 0.000000000000000000e+00
 -6.744999885559082031e-01 1.000000014901161194e-01 0.000000000000000000e+00
 -6.690000295639038086e-01 1.000000014901161194e-01 0.000000000000000000e+00
 -6.635000109672546387e-01 1.000000014901161194e-01 0.000000000000000000e+00
 -6.579999923706054688e-01 1.000000014901161194e-01 0.000000000000000000e+00
 -6.524999737739562988e-01 1.000000014901161194e-01 0.000000000000000000e+00
 -6.470000147819519043e-01 1.000000014901161194e-01 0.000000000000000000e+00
 -6.414999961853027344e-01 1.000000014901161194e-01 0.000000000000000000e+00
 -6.359999775886535645e-01 1.000000014901161194e-01 0.000000000000000000e+00
 -6.305000185966491699e-01 1.000000014901161194e-01 0.000000000000000000e+00
 -6.250000000000000000e-01 1.000000014901161194e-01 0.000000000000000000e+00
 </DataArray>
</Points>
<Cells>
 <DataArray type="Int32" Name="connectivity" format="ascii">
 0 1 252 251
 1 2 253 252
 2 3 254 253
 3 4 255 254
 4 5 256 255
 5 6 257 256
 6 7 258 257
 7 8 259 258
 8 9 260 259
 9 10 261 260
 10 11 262 261
 11 12 263 262
 12 13 264 263
 13 14 265 264
 14 15 266 265
 15 16 267 266
 16 17 268 267
 17 18 269 268
 18 19 270 269
 19 20 271 270
 20 21 272 271
 21 22 273 272
 22 23 274 273
 23 24 275 274
 24 25 276 275
 25 26 277 276
 26 27 278 277
 27 28 279 278
 28 29 280 279
 29 30 281 280
 30 31 282 281
 31 32 283 282
 32 33 284 283
 33 34 285 284
 34 35 286 285
 35 36 287 286
 36 37 288 287
 37 38 289 288
 38 39 290 289
 39 40 291 290
 40 41 292 291
 41 42 293 292
 42 43 294 293
 43 44 295 294
 44 45 296 295
 45 46 297 296
 46 47 298 297
 47 48 299 298
 48 49 300 299
 49 50 301 300
 50 51 302 301
 51 52 303 302
 52 53 304 303
 53 54 305 304
 54 55 306 305
 55 56 307 306
 56 57 308 307
 57 58 309 308
 58 59 310 309
 59 60 311 310
 60 61 312 311
 61 62 313 312
 62 63 314 313
 63 64 315 314
 64 65 316 315
 65 66 317 316
 66 67 318 317
 67 68 319 318
 68 69 320 319
 69 70 321 320
 70 71 322 321
 71 72 323 322
 72 73 324 323
 73 74 325 324
 74 75 326 325
 75 76 327 326
 76 77 328 327
 77 78 329 328
 78 79 330 329
 79 80 331 330
 80 81 332 331
 81 82 333 332
 82 83 334 333
 83 84 335 334
 84 85 336 335
 85 86 337 336
 86 87 338 337
 87 88 339 338
 88 89 340 339
 89 90 341 340
 90 91 342 341
 91 92 343 342
 92 93 344 343
 93 94 345 344
 94 95 346 345
 95 96 347 346
 96 97 348 347
 97 98 349 348
 98 99 350 349
 99 100 351 350
 100 101 352 351
 101 102 353 352
 102 103 354 353
 103 104 355 354
 104 105 356 355
 105 106 357 356
 106 107 358 357
 107 108 359 358
 108 109 360 359
 109 110 361 360
 110 111 362 361
 111 112 363 362
 112 113 364 363
 113 114 365 364
 114 115 366 365
 115 116 367 366
 116 117 368 367
 117 118 369 368
 118 119 370 369
 119 120 371 370
 120 121 372 371
 121 122 373 372
 122 123 374 373
 123 124 375 374
 124 125 376 375
 125 126 377 376
 126 127 378 377
 127 128 379 378
 128 129 380 379
 129 130 381 380
 130 131 382 381
 131 132 383 382
 132 133 384 383
 133 134 385 384
 134 135 386 385
 135 136 387 386
 136 137 388 387
 137 138 389 388
 138 139 390 389
 139 140 391 390
 140 141 392 391
 141 142 393 392
 142 143 394 393
 143 144 395 394
 144 145 396 395
 145 146 397 396
 146 147 398 397
 147 148 399 398
 148 149 400 399
 149 150 401 400
 150 151 402 401
 151 152 403 402
 152 153 404 403
 153 154 405 404
 154 155 406 405
 155 156 407 406
 156 157 408 407
 157 158 409 408
 158 159 410 409
 159 160 411 410
 160 161 412 411
 161 162 413 412
 162 163 414 413
 163 164 415 414
 164 165 416 415
 165 166 417 416
 166 167 418 417
 167 168 419 418
 168 169 420 419
 169 170 421 420
 170 171 422 421
 171 172 423 422
 172 173 424 423
 173 174 425 424
 174 175 426 425
 175 176 427 426
 176 177 428 427
 177 178 429 428
 178 179 430 429
 179 180 431 430
 180 181 432 431
 181 182 433 432
 182 183 434 433
 183 184 435 434
 184 185 436 435
 185 186 437 436
 186 187 438 437
 187 188 439 438
 188 189 440 439
 189 190 441 440
 190 191 442 441
 191 192 443 442
 192 193 444 443
 193 194 445 444
 194 195 446 445
 195 196 447 446
 196 197 448 447
 197 198 449 448
 198 199 450 449
 199 200 451 450
 200 201 452 451
 201 202 453 452
 202 203 454 453
 203 204 455 454
 204 205 456 455
 205 206 457 456
 206 207 458 457
 207 208 459 458
 208 209 460 459
 209 210 461 460
 210 211 462 461
 211 212 463 462
 212 213 464 463
 213 214 465 464
 214 215 466 465
 215 216 467 466
 216 217 468 467
 217 218 469 468
 218 219 470 469
 219 220 471 470
 220 221 472 471
 221 222 473 472
 222 223 474 473
 223 224 475 474
 224 225 476 475
 225 226 477 476
 226 227 478 477
 227 228 479 478
 228 229 480 479
 229 230 481 480
 230 231 482 481
 231 232 483 482
 232 233 484 483
 233 234 485 484
 234 235 486 485
 235 236 487 486
 236 237 488 487
 237 238 489 488
 238 239 490 489
 239 240 491 490
 240 241 492 491
 241 242 493 492
 242 243 494 493
 243 244 495 494
 244 245 496 495
 245 246 497 496
 246 247 498 497
 247 248 499 498
 248 249 500 499
 249 250 501 500
 251 252 503 502
 252 253 504 503
 253 254 505 504
 254 255 506 505
 255 256 507 506
 256 257 508 507
 257 258 509 508
 258 259 510 509
 259 260 511 510
 260 261 512 511
 261 262 513 512
 262 263 514 513
 263 264 515 514
 264 265 516 515
 265 266 517 516
 266 267 518 517
 267 268 519 518
 268 269 520 519
 269 270 521 520
 270 271 522 521
 271 272 523 522
 272 273 524 523
 273 274 525 524
 274 275 526 525
 275 276 527 526
 276 277 528 527
 277 278 529 528
 278 279 530 529
 279 280 531 530
 280 281 532 531
 281 282 533 532
 282 283 534 533
 283 284 535 534
 284 285 536 535
 285 286 537 536
 286 287 538 537
 287 288 539 538
 288 289 540 539
 289 290 541 540
 290 291 542 541
 291 292 543 542
 292 293 544 543
 293 294 545 544
 294 295 546 545
 295 296 547 546
 296 297 548 547
 297 298 549 548
 298 299 550 549
 299 300 551 550
 300 301 552 551
 301 302 553 552
 302 303 554 553
 303 304 555 554
 304 305 556 555
 305 306 557 556
 306 307 558 557
 307 308 559 558
 308 309 560 559
 309 310 561 560
 310 311 562 561
 311 312 563 562
 312 313 564 563
 313 314 565 564
 314 315 566 565
 315 316 567 566
 316 317 568 567
 317 318 569 568
 318 319 570 569
 319 320 571 570
 320 321 572 571
 321 322 573 572
 322 323 574 573
 323 324 575 574
 324 325 576 575
 325 326 577 576
 326 327 578 577
 327 328 579 578
 328 329 580 579
 329 330 581 580
 330 331 582 581
 331 332 583 582
 332 333 584 583
 333 334 585 584
 334 335 586 585
 335 336 587 586
 336 337 588 587
 337 338 589 588
 338 339 590 589
 339 340 591 590
 340 341 592 591
 341 342 593 592
 342 343 594 593
 343 344 595 594
 344 345 596 595
 345 346 597 596
 346 347 598 597
 347 348 599 598
 348 349 600 599
 349 350 601 600
 350 351 602 601
 351 352 603 602
 352 353 604 603
 353 354 605 604
 354 355 606 605
 355 356 607 606
 356 357 608 607
 357 358 609 608
 358 359 610 609
 359 360 611 610
 360 361 612 611
 361 362 613 612
 362 363 614 613
 363 364 615 614
 364 365 616 615
 365 366 617 616
 366 367 618 617
 367 368 619 618
 368 369 620 619
 369 370 621 620
 370 371 622 621
 371 372 623 622
 372 373 624 623
 373 374 625 624
 374 375 626 625
 375 376 627 626
 376 377 628 627
 377 378 629 628
 378 379 630 629
 379 380 631 630
 380 381 632 631
 381 382 633 632
 382 383 634 633
 383 384 635 634
 384 385 636 635
 385 386 637 636
 386 387 638 637
 387 388 639 638
 388 389 640 639
 389 390 641 640
 390 391 642 641
 391 392 643 642
 392 393 644 643
 393 394 645 644
 394 395 646 645
 395 396 647 646
 396 397 648 647
 397 398 649 648
 398 399 650 649
 399 400 651 650
 400 401 652 651
 401 402 653 652
 402 403 654 653
 403 404 655 654
 404 405 656 655
 405 406 657 656
 406 407 658 657
 407 408 659 658
 408 409 660 659
 409 410 661 660
 410 411 662 661
 411 412 663 662
 412 413 664 663
 413 414 665 664
 414 415 666 665
 415 416 667 666
 416 417 668 667
 417 418 669 668
 418 419 670 669
 419 420 671 670
 420 421 672 671
 421 422 673 672
 422 423 674 673
 423 424 675 674
 424 425 676 675
 425 426 677 676
 426 427 678 677
 427 428 679 678
 428 429 680 679
 429 430 681 680
 430 431 682 681
 431 432 683 682
 432 433 684 683
 433 434 685 684
 434 435 686 685
 435 436 687 686
 436 437 688 687
 437 438 689 688
 438 439 690 689
 439 440 691 690
 440 441 692 691
 441 442 693 692
 442 443 694 693
 443 444 695 694
 444 445 696 695
 445 446 697 696
 446 447 698 697
 447 448 699 698
 448 449 700 699
 449 450 701 700
 450 451 702 701
 451 452 703 702
 452 453 704 703
 453 454 705 704
 454 455 706 705
 455 456 707 706
 456 457 708 707
 457 458 709 708
 458 459 710 709
 459 460 711 710
 460 461 712 711
 461 462 713 712
 462 463 714 713
 463 464 715 714
 464 465 716 715
 465 466 717 716
 466 467 718 717
 467 468 719 718
 468 469 720 719
 469 470 721 720
 470 471 722 721
 471 472 723 722
 472 473 724 723
 473 474 725 724
 474 475 726 725
 475 476 727 726
 476 477 728 727
 477 478 729 728
 478 479 730 729
 479 480 731 730
 480 481 732 731
 481 482 733 732
 482 483 734 733
 483 484 735 734
 484 485 736 735
 485 486 737 736
 486 487 738 737
 487 488 739 738
 488 489 740 739
 489 490 741 740
 490 491 742 741
 491 492 743 742
 492 493 744 743
 493 494 745 744
 494 495 746 745
 495 496 747 746
 496 497 748 747
 497 498 749 748
 498 499 750 749
 499 500 751 750
 500 501 752 751
 </DataArray>
 <DataArray type="Int32" Name="offsets" format="ascii">
 4
 8
 12
 16
 20
 24
 28
 32
 36
 40
 44
 48
 52
 56
 60
 64
 68
 72
 76
 80
 84
 88
 92
 96
 100
 104
 108
 112
 116
 120
 124
 128
 132
 136
 140
 144
 148
 152
 156
 160
 164
 168
 172
 176
 180
 184
 188
 192
 196
 200
 204
 208
 212
 216
 220
 224
 228
 232
 236
 240
 244
 248
 252
 256
 260
 264
 268
 272
 276
 280
 284
 288
 292
 296
 300
 304
 308
 312
 316
 320
 324
 328
 332
 336
 340
 344
 348
 352
 356
 360
 364
 368
 372
 376
 380
 384
 388
 392
 396
 400
 404
 408
 412
 416
 420
 424
 428
 432
 436
 440
 444
 448
 452
 456
 460
 464
 468
 472
 476
 480
 484
 488
 492
 496
 500
 504
 508
 512
 516
 520
 524
 528
 532
 536
 540
 544
 548
 552
 556
 560
 564
 568
 572
 576
 580
 584
 588
 592
 596
 600
 604
 608
 612
 616
 620
 624
 628
 632
 636
 640
 644
 648
 652
 656
 660
 664
 668
 672
 676
 680
 684
 688
 692
 696
 700
 704
 708
 712
 716
 720
 724
 728
 732
 736
 740
 744
 748
 752
 756
 760
 764
 768
 772
 776
 780
 784
 788
 792
 796
 800
 804
 808
 812
 816
 820
 824
 828
 832
 836
 840
 844
 848
 852
 856
 860
 864
 868
 872
 876
 880
 884
 888
 892
 896
 900
 904
 908
 912
 916
 920
 924
 928
 932
 936
 940
 944
 948
 952
 956
 960
 964
 968
 972
 976
 980
 984
 988
 992
 996
 1000
 1004
 1008
 1012
 1016
 1020
 1024
 1028
 1032
 1036
 1040
 1044
 1048
 1052
 1056
 1060
 1064
 1068
 1072
 1076
 1080
 1084
 1088
 1092
 1096
 1100
 1104
 1108
 1112
 1116
 1120
 1124
 1128
 1132
 1136
 1140
 1144
 1148
 1152
 1156
 1160
 1164
 1168
 1172
 1176
 1180
 1184
 1188
 1192
 1196
 1200
 1204
 1208
 1212
 1216
 1220
 1224
 1228
 1232
 1236
 1240
 1244
 1248
 1252
 1256
 1260
 1264
 1268
 1272
 1276
 1280
 1284
 1288
 1292
 1296
 1300
 1304
 1308
 1312
 1316
 1320
 1324
 1328
 1332
 1336
 1340
 1344
 1348
 1352
 1356
 1360
 1364
 1368
 1372
 1376
 1380
 1384
 1388
 1392
 1396
 1400
 1404
 1408
 1412
 1416
 1420
 1424
 1428
 1432
 1436
 1440
 1444
 1448
 1452
 1456
 1460
 1464
 1468
 1472
 1476
 1480
 1484
 1488
 1492
 1496
 1500
 1504
 1508
 1512
 1516
 1520
 1524
 1528
 1532
 1536
 1540
 1544
 1548
 1552
 1556
 1560
 1564
 1568
 1572
 1576
 1580
 1584
 1588
 1592
 1596
 1600
 1604
 1608
 1612
 1616
 1620
 1624
 1628
 1632
 1636
 1640
 1644
 1648
 1652
 1656
 1660
 1664
 1668
 1672
 1676
 1680
 1684
 1688
 1692
 1696
 1700
 1704
 1708
 1712
 1716
 1720
 1724
 1728
 1732
 1736
 1740
 1744
 1748
 1752
 1756
 1760
 1764
 1768
 1772
 1776
 1780
 1784
 1788
 1792
 1796
 1800
 1804
 1808
 1812
 1816
 1820
 1824
 1828
 1832
 1836
 1840
 1844
 1848
 1852
 1856
 1860
 1864
 1868
 1872
 1876
 1880
 1884
 1888
 1892
 1896
 1900
 1904
 1908
 1912
 1916
 1920
 1924
 1928
 1932
 1936
 1940
 1944
 1948
 1952
 1956
 1960
 1964
 1968
 1972
 1976
 1980
 1984
 1988
 1992
 1996
 2000
 </DataArray>
 <DataArray type="UInt8" Name="types" format="ascii">
 9
 9
 9
 9
 9
 9
 9
 9
 9
 9
 9
 9
 9
 9
 9
 9
 9
 9
 9
 9
 9
 9
 9
 9
 9
 9
 9
 9
 9
 9
 9
 9
 9
 9
 9
 9
 9
 9
 9
 9
 9
 9
 9
 9
 9
 9
 9
 9
 9
 9
 9
 9
 9
 9
 9
 9
 9
 9
 9
 9
 9
 9
 9
 9
 9
 9
 9
 9
 9
 9
 9
 9
 9
 9
 9
 9
 9
 9
 9
 9
 9
 9
 9
 9
 9
 9
 9
 9
 9
 9
 9
 9
 9
 9
 9
 9
 9
 9
 9
 9
 9
 9
 9
 9
 9
 9
 9
 9
 9
 9
 9
 9
 9
 9
 9
 9
 9
 9
 9
 9
 9
 9
 9
 9
 9
 9
 9
 9
 9
 9
 9
 9
 9
 9
 9
 9
 9
 9
 9
 9
 9
 9
 9
 9
 9
 9
 9
 9
 9
 9
 9
 9
 9
 9
 9
 9
 9
 9
 9
 9
 9
 9
 9
 9
 9
 9
 9
 9
 9
 9
 9
 9
 9
 9
 9
 9
 9
 9
 9
 9
 9
 9
 9
 9
 9
 9
 9
 9
 9
 9
 9
 9
 9
 9
 9
 9
 9
 9
 9
 9
 9
 9
 9
 9
 9
 9
 9
 9
 9
 9
 9
 9
 9
 9
 9
 9
 9
 9
 9
 9
 9
 9
 9
 9
 9
 9
 9
 9
 9
 9
 9
 9
 9
 9
 9
 9
 9
 9
 9
 9
 9
 9
 9
 9
 9
 9
 9
 9
 9
 9
 9
 9
 9
 9
 9
 9
 9
 9
 9
 9
 9
 9
 9
 9
 9
 9
 9
 9
 9
 9
 9
 9
 9
 9
 9
 9
 9
 9
 9
 9
 9
 9
 9
 9
 9
 9
 9
 9
 9
 9
 9
 9
 9
 9
 9
 9
 9
 9
 9
 9
 9
 9
 9
 9
 9
 9
 9
 9
 9
 9
 9
 9
 9
 9
 9
 9
 9
 9
 9
 9
 9
 9
 9
 9
 9
 9
 9
 9
 9
 9
 9
 9
 9
 9
 9
 9
 9
 9
 9
 9
 9
 9
 9
 9
 9
 9
 9
 9
 9
 9
 9
 9
 9
 9
 9
 9
 9
 9
 9
 9
 9
 9
 9
 9
 9
 9
 9
 9
 9
 9
 9
 9
 9
 9
 9
 9
 9
 9
 9
 9
 9
 9
 9
 9
 9
 9
 9
 9
 9
 9
 9
 9
 9
 9
 9
 9
 9
 9
 9
 9
 9
 9
 9
 9
 9
 9
 9
 9
 9
 9
 9
 9
 9
 9
 9
 9
 9
 9
 9
 9
 9
 9
 9
 9
 9
 9
 9
 9
 9
 9
 9
 9
 9
 9
 9
 9
 9
 9
 9
 9
 9
 9
 9
 9
 9
 9
 9
 9
 9
 9
 9
 9
 9
 9
 9
 9
 9
 9
 9
 9
 9
 9
 9
 9
 9
 9
 9
 9
 9
 9
 9
 9
 9
 9
 9
 9
 9
 9
 9
 9
 9
 9
 9
 9
 9
 9
 9
 9
 9
 9
 9
 9
 9
 9
 9
 9
 9
 9
 9
 9
 </DataArray>
</Cells>
<CellData>
 <DataArray Name="pos.x" type="Float32" NumberOfComponents="1" format="ascii">
 -1.997250000000160730e+00
 -1.991749999999943732e+00
 -1.986249999999995852e+00
 -1.980749999999913191e+00
 -1.975250000000167150e+00
 -1.969749999999850676e+00
 -1.964250000000101304e+00
 -1.958749999999991109e+00
 -1.953250000000168907e+00
 -1.947749999999827120e+00
 -1.942250000000075749e+00
 -1.936749999999962890e+00
 -1.931250000000008349e+00
 -1.925750000000037598e+00
 -1.920250000000111923e+00
 -1.914749999999999730e+00
 -1.909250000000022762e+00
 -1.903749999999998055e+00
 -1.898250000000060167e+00
 -1.892749999999967070e+00
 -1.887249999999963013e+00
 -1.881750000000042888e+00
 -1.876249999999960449e+00
 -1.870750000000052760e+00
 -1.865249999999889496e+00
 -1.859750000000022663e+00
 -1.854250000000034149e+00
 -1.848750000000086047e+00
 -1.843250000000070887e+00
 -1.837749999999828354e+00
 -1.832250000000065659e+00
 -1.826750000000034069e+00
 -1.821249999999918101e+00
 -1.815750000000153630e+00
 -1.810249999999897774e+00
 -1.804750000000146404e+00
 -1.799249999999925631e+00
 -1.793750000000024380e+00
 -1.788249999999996565e+00
 -1.782750000000060675e+00
 -1.777249999999933161e+00
 -1.771749999999985503e+00
 -1.766249999999958797e+00
 -1.760750000000077975e+00
 -1.755249999999983102e+00
 -1.749750000000072969e+00
 -1.744249999999965217e+00
 -1.738750000000030438e+00
 -1.733249999999941338e+00
 -1.727749999999946828e+00
 -1.722250000000091985e+00
 -1.716749999999936938e+00
 -1.711250000000041904e+00
 -1.705749999999978339e+00
 -1.700249999999959405e+00
 -1.694749999999928924e+00
 -1.689250000000082075e+00
 -1.683750000000066693e+00
 -1.678250000000069075e+00
 -1.672749999999934900e+00
 -1.667249999999970589e+00
 -1.661750000000073779e+00
 -1.656249999999939604e+00
 -1.650750000000078099e+00
 -1.645249999999908619e+00
 -1.639749999999981389e+00
 -1.634250000000045944e+00
 -1.628750000000015463e+00
 -1.623250000000067583e+00
 -1.617749999999965826e+00
 -1.612249999999908034e+00
 -1.606749999999968370e+00
 -1.601250000000074003e+00
 -1.595749999999991342e+00
 -1.590250000000009933e+00
 -1.584749999999981895e+00
 -1.579249999999991827e+00
 -1.573749999999940030e+00
 -1.568249999999982602e+00
 -1.562750000000068251e+00
 -1.557249999999907208e+00
 -1.551750000000071461e+00
 -1.546249999999989022e+00
 -1.540749999999996955e+00
 -1.535249999999992232e+00
 -1.529749999999976851e+00
 -1.524249999999976124e+00
 -1.518750000000023137e+00
 -1.513249999999998652e+00
 -1.507750000000059432e+00
 -1.502249999999917485e+00
 -1.496750000000095726e+00
 -1.491249999999929798e+00
 -1.485750000000090720e+00
 -1.480249999999974531e+00
 -1.474749999999952266e+00
 -1.469250000000045020e+00
 -1.463749999999955920e+00
 -1.458250000000020918e+00
 -1.452750000000060604e+00
 -1.447249999999989933e+00
 -1.441749999999996978e+00
 -1.436249999999987370e+00
 -1.430750000000039268e+00
 -1.425249999999985917e+00
 -1.419749999999979639e+00
 -1.414249999999989571e+00
 -1.408749999999944880e+00
 -1.403250000000030528e+00
 -1.397749999999981618e+00
 -1.392250000000036625e+00
 -1.386749999999945748e+00
 -1.381250000000036948e+00
 -1.375750000000021789e+00
 -1.370249999999972879e+00
 -1.364749999999954388e+00
 -1.359250000000045810e+00
 -1.353749999999890097e+00
 -1.348250000000047910e+00
 -1.342749999999963473e+00
 -1.337250000000083316e+00
 -1.331749999999967127e+00
 -1.326249999999952633e+00
 -1.320750000000036284e+00
 -1.315249999999989816e+00
 -1.309750000000040826e+00
 -1.304249999999956833e+00
 -1.298749999999946558e+00
 -1.293249999999976252e+00
 -1.287749999999982187e+00
 -1.282250000000032086e+00
 -1.276750000000137497e+00
 -1.271249999999883862e+00
 -1.265750000000029907e+00
 -1.260250000000062709e+00
 -1.254749999999942967e+00
 -1.249250000000041716e+00
 -1.243749999999971489e+00
 -1.238249999999970319e+00
 -1.232750000000024437e+00
 -1.227250000000031260e+00
 -1.221750000000035419e+00
 -1.216250000000011600e+00
 -1.210749999999964244e+00
 -1.205250000000011035e+00
 -1.199750000000025629e+00
 -1.194249999999960066e+00
 -1.188750000000021734e+00
 -1.183249999999987923e+00
 -1.177750000000000075e+00
 -1.172250000000008674e+00
 -1.166749999999993959e+00
 -1.161249999999987237e+00
 -1.155750000000035138e+00
 -1.150250000000007544e+00
 -1.144749999999983059e+00
 -1.139249999999987217e+00
 -1.133750000000026237e+00
 -1.128249999999974440e+00
 -1.122750000000022563e+00
 -1.117249999999984311e+00
 -1.111749999999986027e+00
 -1.106250000000015943e+00
 -1.100750000000028317e+00
 -1.095249999999952983e+00
 -1.089750000000025087e+00
 -1.084249999999984393e+00
 -1.078750000000017417e+00
 -1.073249999999998261e+00
 -1.067749999999999977e+00
 -1.062249999999984817e+00
 -1.056750000000006295e+00
 -1.051250000000012452e+00
 -1.045749999999985302e+00
 -1.040249999999999453e+00
 -1.034750000000062675e+00
 -1.029249999999978460e+00
 -1.023750000000030802e+00
 -1.018249999999958133e+00
 -1.012749999999940753e+00
 -1.007250000000003087e+00
 -1.001750000000004137e+00
 -9.962500000000144018e-01
 -9.907499999999648255e-01
 -9.852500000000181668e-01
 -9.797500000000011200e-01
 -9.742500000000050564e-01
 -9.687500000000144329e-01
 -9.632499999999676321e-01
 -9.577500000000136460e-01
 -9.522499999999883835e-01
 -9.467499999999992033e-01
 -9.412499999999924816e-01
 -9.357499999999980833e-01
 -9.302499999999829239e-01
 -9.247500000000349329e-01
 -9.192499999999860227e-01
 -9.137499999999897371e-01
 -9.082500000000107709e-01
 -9.027499999999918368e-01
 -8.972499999999917764e-01
 -8.917500000000362359e-01
 -8.862499999999705613e-01
 -8.807500000000085816e-01
 -8.752499999999883151e-01
 -8.697500000000022435e-01
 -8.642500000000257199e-01
 -8.587499999999712585e-01
 -8.532500000000379226e-01
 -8.477499999999823510e-01
 -8.422499999999996101e-01
 -8.367499999999972182e-01
 -8.312500000000072609e-01
 -8.257500000000090878e-01
 -8.202500000000018110e-01
 -8.147499999999874287e-01
 -8.092500000000107940e-01
 -8.037499999999845324e-01
 -7.982500000000229967e-01
 -7.927499999999955138e-01
 -7.872500000000015596e-01
 -7.817500000000145999e-01
 -7.762499999999884492e-01
 -7.707500000000008233e-01
 -7.652499999999922142e-01
 -7.597500000000046994e-01
 -7.542500000000108562e-01
 -7.487499999999830402e-01
 -7.432500000000035190e-01
 -7.377500000000135616e-01
 -7.322499999999899645e-01
 -7.267499999999998961e-01
 -7.212500000000015010e-01
 -7.157500000000199813e-01
 -7.102500000000024905e-01
 -7.047499999999998765e-01
 -6.992499999999801652e-01
 -6.937500000000003109e-01
 -6.882500000000015827e-01
 -6.827500000000050751e-01
 -6.772500000000053477e-01
 -6.717500000000077298e-01
 -6.662500000000090017e-01
 -6.607499999999858487e-01
 -6.552500000000044400e-01
 -6.497499999999890585e-01
 -6.442500000000095373e-01
 -6.387499999999981526e-01
 -6.332500000000009788e-01
 -6.277499999999797131e-01
 -1.997250000000093451e+00
 -1.991749999999876453e+00
 -1.986250000000028937e+00
 -1.980749999999879662e+00
 -1.975250000000167150e+00
 -1.969749999999850676e+00
 -1.964249999999983176e+00
 -1.958749999999974012e+00
 -1.953250000000118058e+00
 -1.947749999999877524e+00
 -1.942250000000075749e+00
 -1.936749999999962890e+00
 -1.931250000000041878e+00
 -1.925749999999936124e+00
 -1.920249999999977142e+00
 -1.914749999999932450e+00
 -1.909249999999972136e+00
 -1.903750000000048015e+00
 -1.898249999999942261e+00
 -1.892749999999949972e+00
 -1.887249999999963013e+00
 -1.881750000000042888e+00
 -1.876249999999994200e+00
 -1.870750000000018565e+00
 -1.865249999999956776e+00
 -1.859750000000089942e+00
 -1.854249999999916465e+00
 -1.848750000000068505e+00
 -1.843250000000020927e+00
 -1.837749999999878536e+00
 -1.832250000000065659e+00
 -1.826750000000034069e+00
 -1.821249999999851488e+00
 -1.815750000000085462e+00
 -1.810249999999864245e+00
 -1.804750000000112875e+00
 -1.799249999999908978e+00
 -1.793750000000040368e+00
 -1.788249999999996565e+00
 -1.782750000000060675e+00
 -1.777249999999933161e+00
 -1.771749999999985503e+00
 -1.766249999999960130e+00
 -1.760750000000003590e+00
 -1.755249999999967114e+00
 -1.749750000000005690e+00
 -1.744249999999881728e+00
 -1.738750000000113483e+00
 -1.733250000000008617e+00
 -1.727749999999946828e+00
 -1.722250000000091985e+00
 -1.716749999999936938e+00
 -1.711250000000096749e+00
 -1.705749999999973010e+00
 -1.700250000000010919e+00
 -1.694749999999895396e+00
 -1.689250000000032781e+00
 -1.683750000000014957e+00
 -1.678250000000001574e+00
 -1.672749999999934900e+00
 -1.667249999999970589e+00
 -1.661750000000040028e+00
 -1.656249999999906075e+00
 -1.650750000000093420e+00
 -1.645249999999893298e+00
 -1.639749999999981389e+00
 -1.634250000000030845e+00
 -1.628750000000030562e+00
 -1.623250000000067583e+00
 -1.617749999999999355e+00
 -1.612249999999975314e+00
 -1.606750000000002121e+00
 -1.601250000000074003e+00
 -1.595750000000005997e+00
 -1.590249999999995278e+00
 -1.584749999999981895e+00
 -1.579249999999943421e+00
 -1.573749999999950022e+00
 -1.568250000000032562e+00
 -1.562750000000068251e+00
 -1.557249999999907208e+00
 -1.551750000000071461e+00
 -1.546249999999989022e+00
 -1.540750000000010944e+00
 -1.535249999999978243e+00
 -1.529749999999976851e+00
 -1.524249999999928162e+00
 -1.518750000000064659e+00
 -1.513250000000013307e+00
 -1.507750000000025681e+00
 -1.502249999999883734e+00
 -1.496750000000061975e+00
 -1.491249999999896048e+00
 -1.485750000000029214e+00
 -1.480250000000035815e+00
 -1.474749999999952266e+00
 -1.469250000000045020e+00
 -1.463750000000015872e+00
 -1.458249999999960966e+00
 -1.452750000000026853e+00
 -1.447249999999956183e+00
 -1.441749999999996978e+00
 -1.436249999999987370e+00
 -1.430749999999979982e+00
 -1.425250000000044759e+00
 -1.419749999999979639e+00
 -1.414249999999989571e+00
 -1.408750000000003055e+00
 -1.403250000000039188e+00
 -1.397749999999981618e+00
 -1.392250000000070376e+00
 -1.386749999999979499e+00
 -1.381250000000036948e+00
 -1.375749999999997808e+00
 -1.370249999999996193e+00
 -1.364749999999954388e+00
 -1.359250000000045810e+00
 -1.353749999999946940e+00
 -1.348250000000058346e+00
 -1.342749999999963473e+00
 -1.337250000000083316e+00
 -1.331749999999967127e+00
 -1.326249999999952633e+00
 -1.320750000000014301e+00
 -1.315250000000011354e+00
 -1.309750000000074577e+00
 -1.304250000000024112e+00
 -1.298750000000001625e+00
 -1.293249999999921407e+00
 -1.287750000000019934e+00
 -1.282249999999960810e+00
 -1.276750000000066443e+00
 -1.271249999999920721e+00
 -1.265749999999993047e+00
 -1.260250000000098902e+00
 -1.254749999999942967e+00
 -1.249250000000041716e+00
 -1.243749999999976152e+00
 -1.238249999999931905e+00
 -1.232749999999990909e+00
 -1.227250000000031260e+00
 -1.221750000000001890e+00
 -1.216249999999978071e+00
 -1.210749999999959137e+00
 -1.205250000000015476e+00
 -1.199750000000025629e+00
 -1.194249999999960066e+00
 -1.188750000000026397e+00
 -1.183249999999983482e+00
 -1.177750000000000075e+00
 -1.172250000000008674e+00
 -1.166749999999993959e+00
 -1.161249999999987237e+00
 -1.155750000000014932e+00
 -1.150250000000027750e+00
 -1.144749999999983059e+00
 -1.139249999999987217e+00
 -1.133750000000030678e+00
 -1.128249999999969999e+00
 -1.122750000000022563e+00
 -1.117249999999984311e+00
 -1.111749999999986027e+00
 -1.106250000000015943e+00
 -1.100750000000036977e+00
 -1.095249999999944324e+00
 -1.089750000000025087e+00
 -1.084249999999984393e+00
 -1.078750000000021636e+00
 -1.073249999999994042e+00
 -1.067749999999999977e+00
 -1.062249999999984817e+00
 -1.056750000000006295e+00
 -1.051250000000012452e+00
 -1.045749999999976865e+00
 -1.040250000000007669e+00
 -1.034750000000028924e+00
 -1.029249999999944931e+00
 -1.023750000000034799e+00
 -1.018249999999970790e+00
 -1.012749999999991379e+00
 -1.007250000000053491e+00
 -1.001750000000020790e+00
 -9.962500000000144018e-01
 -9.907499999999648255e-01
 -9.852500000000307123e-01
 -9.797499999999884635e-01
 -9.742500000000050564e-01
 -9.687500000000018874e-01
 -9.632499999999803997e-01
 -9.577500000000136460e-01
 -9.522500000000052589e-01
 -9.467500000000159677e-01
 -9.412499999999924816e-01
 -9.357499999999980833e-01
 -9.302499999999996882e-01
 -9.247500000000349329e-01
 -9.192499999999692584e-01
 -9.137499999999941780e-01
 -9.082500000000232054e-01
 -9.027500000000002744e-01
 -8.972499999999917764e-01
 -8.917500000000194715e-01
 -8.862499999999621236e-01
 -8.807500000000170193e-01
 -8.752499999999883151e-01
 -8.697500000000022435e-01
 -8.642500000000257199e-01
 -8.587499999999504974e-01
 -8.532500000000249329e-01
 -8.477499999999823510e-01
 -8.422499999999996101e-01
 -8.367499999999972182e-01
 -8.312500000000072609e-01
 -8.257500000000090878e-01
 -8.202500000000055858e-01
 -8.147499999999835429e-01
 -8.092500000000192317e-01
 -8.037499999999760947e-01
 -7.982500000000061213e-01
 -7.927499999999955138e-01
 -7.872499999999931219e-01
 -7.817500000000061622e-01
 -7.762499999999968869e-01
 -7.707500000000092610e-01
 -7.652499999999955449e-01
 -7.597499999999929310e-01
 -7.542500000000025295e-01
 -7.487499999999830402e-01
 -7.432500000000035190e-01
 -7.377500000000135616e-01
 -7.322499999999982911e-01
 -7.267500000000083338e-01
 -7.212499999999847367e-01
 -7.157500000000031060e-01
 -7.102499999999876135e-01
 -7.047500000000059828e-01
 -6.992499999999801652e-01
 -6.937500000000003109e-01
 -6.882499999999932561e-01
 -6.827499999999967484e-01
 -6.772499999999969100e-01
 -6.717499999999992921e-01
 -6.662500000000090017e-01
 -6.607499999999858487e-01
 -6.552499999999988889e-01
 -6.497500000000026033e-01
 -6.442500000000179750e-01
 -6.387499999999981526e-01
 -6.332500000000186313e-01
 -6.277499999999948121e-01
 </DataArray>
 <DataArray Name="pos.y" type="Float32" NumberOfComponents="1" format="ascii">
 2.500000000000084793e-02
 2.499999999999916525e-02
 2.500000000000051487e-02
 2.499999999999917219e-02
 2.500000000000084793e-02
 2.499999999999857545e-02
 2.500000000000109773e-02
 2.499999999999933525e-02
 2.500000000000135447e-02
 2.499999999999866218e-02
 2.500000000000051140e-02
 2.499999999999992506e-02
 2.500000000000009853e-02
 2.499999999999933872e-02
 2.500000000000109773e-02
 2.499999999999983832e-02
 2.499999999999958505e-02
 2.500000000000042466e-02
 2.499999999999958505e-02
 2.500000000000008812e-02
 2.499999999999958505e-02
 2.499999999999983832e-02
 2.500000000000017833e-02
 2.500000000000026507e-02
 2.499999999999941852e-02
 2.500000000000059813e-02
 2.499999999999883218e-02
 2.500000000000118447e-02
 2.500000000000051140e-02
 2.499999999999924852e-02
 2.500000000000076120e-02
 2.500000000000026160e-02
 2.499999999999891545e-02
 2.500000000000110814e-02
 2.499999999999832564e-02
 2.500000000000168754e-02
 2.499999999999924852e-02
 2.500000000000042466e-02
 2.499999999999958505e-02
 2.500000000000109773e-02
 2.499999999999891198e-02
 2.500000000000026160e-02
 2.499999999999950873e-02
 2.500000000000051140e-02
 2.500000000000008812e-02
 2.500000000000034139e-02
 2.499999999999883218e-02
 2.500000000000059813e-02
 2.500000000000068140e-02
 2.499999999999899872e-02
 2.500000000000143774e-02
 2.499999999999857545e-02
 2.500000000000085140e-02
 2.500000000000008812e-02
 2.499999999999958158e-02
 2.499999999999916525e-02
 2.500000000000084793e-02
 2.499999999999983832e-02
 2.500000000000109773e-02
 2.499999999999933525e-02
 2.499999999999941852e-02
 2.500000000000101447e-02
 2.499999999999840891e-02
 2.500000000000101100e-02
 2.499999999999941505e-02
 2.499999999999933525e-02
 2.500000000000109773e-02
 2.499999999999983832e-02
 2.500000000000084793e-02
 2.500000000000008812e-02
 2.499999999999866218e-02
 2.500000000000008812e-02
 2.500000000000084793e-02
 2.500000000000050793e-02
 2.499999999999950179e-02
 2.500000000000026160e-02
 2.499999999999941852e-02
 2.499999999999932832e-02
 2.499999999999881831e-02
 2.500000000000118447e-02
 2.499999999999924852e-02
 2.500000000000051140e-02
 2.499999999999950179e-02
 2.500000000000025119e-02
 2.500000000000017139e-02
 2.499999999999983832e-02
 2.499999999999832564e-02
 2.500000000000042119e-02
 2.500000000000050446e-02
 2.500000000000042466e-02
 2.499999999999832564e-02
 2.500000000000109773e-02
 2.499999999999891198e-02
 2.500000000000151407e-02
 2.499999999999950179e-02
 2.499999999999924852e-02
 2.500000000000051140e-02
 2.499999999999991465e-02
 2.500000000000008119e-02
 2.500000000000059813e-02
 2.499999999999941852e-02
 2.500000000000026160e-02
 2.499999999999950179e-02
 2.500000000000050793e-02
 2.499999999999958158e-02
 2.500000000000008812e-02
 2.499999999999958505e-02
 2.499999999999915484e-02
 2.500000000000084099e-02
 2.499999999999983832e-02
 2.500000000000109773e-02
 2.499999999999933525e-02
 2.500000000000051140e-02
 2.500000000000117753e-02
 2.499999999999882871e-02
 2.499999999999933525e-02
 2.500000000000068140e-02
 2.499999999999806197e-02
 2.500000000000168060e-02
 2.499999999999924852e-02
 2.500000000000084793e-02
 2.499999999999941852e-02
 2.499999999999933525e-02
 2.500000000000134753e-02
 2.499999999999958158e-02
 2.500000000000084793e-02
 2.500000000000008812e-02
 2.499999999999932832e-02
 2.499999999999940811e-02
 2.499999999999958505e-02
 2.499999999999983832e-02
 2.500000000000227388e-02
 2.499999999999815564e-02
 2.500000000000068487e-02
 2.500000000000102487e-02
 2.499999999999857545e-02
 2.500000000000084793e-02
 2.499999999999941852e-02
 2.499999999999933525e-02
 2.500000000000008812e-02
 2.500000000000084793e-02
 2.500000000000021649e-02
 2.500000000000008812e-02
 2.499999999999932832e-02
 2.500000000000037956e-02
 2.499999999999987996e-02
 2.499999999999987996e-02
 2.500000000000012976e-02
 2.499999999999962669e-02
 2.500000000000038650e-02
 2.499999999999962669e-02
 2.500000000000012976e-02
 2.499999999999987996e-02
 2.500000000000051487e-02
 2.499999999999988343e-02
 2.500000000000012976e-02
 2.499999999999962669e-02
 2.500000000000038650e-02
 2.499999999999962669e-02
 2.500000000000012976e-02
 2.499999999999987996e-02
 2.499999999999987996e-02
 2.500000000000051140e-02
 2.500000000000013670e-02
 2.499999999999963016e-02
 2.499999999999975506e-02
 2.500000000000026160e-02
 2.500000000000012976e-02
 2.499999999999987996e-02
 2.499999999999987996e-02
 2.499999999999987996e-02
 2.500000000000012976e-02
 2.500000000000026160e-02
 2.499999999999976200e-02
 2.500000000000026507e-02
 2.500000000000080283e-02
 2.499999999999920341e-02
 2.500000000000021649e-02
 2.500000000000008812e-02
 2.499999999999866218e-02
 2.500000000000071609e-02
 2.500000000000021649e-02
 2.500000000000042813e-02
 2.499999999999941852e-02
 2.500000000000042119e-02
 2.500000000000008812e-02
 2.499999999999975506e-02
 2.500000000000021649e-02
 2.499999999999912015e-02
 2.500000000000071609e-02
 2.499999999999979669e-02
 2.500000000000004649e-02
 2.499999999999979669e-02
 2.500000000000017486e-02
 2.499999999999966832e-02
 2.500000000000084793e-02
 2.499999999999966832e-02
 2.499999999999953995e-02
 2.500000000000042813e-02
 2.500000000000004649e-02
 2.499999999999979669e-02
 2.500000000000071609e-02
 2.499999999999912015e-02
 2.500000000000021649e-02
 2.499999999999975506e-02
 2.500000000000008812e-02
 2.500000000000042813e-02
 2.499999999999941852e-02
 2.500000000000059813e-02
 2.499999999999941852e-02
 2.500000000000042813e-02
 2.499999999999953995e-02
 2.500000000000029629e-02
 2.500000000000021649e-02
 2.500000000000029282e-02
 2.499999999999953648e-02
 2.500000000000042813e-02
 2.499999999999941852e-02
 2.500000000000042813e-02
 2.500000000000008812e-02
 2.499999999999975506e-02
 2.500000000000021649e-02
 2.499999999999975506e-02
 2.500000000000008812e-02
 2.499999999999991812e-02
 2.499999999999987302e-02
 2.500000000000046629e-02
 2.499999999999953995e-02
 2.499999999999983832e-02
 2.500000000000051140e-02
 2.499999999999983832e-02
 2.500000000000017486e-02
 2.499999999999983832e-02
 2.500000000000051140e-02
 2.499999999999991812e-02
 2.500000000000008812e-02
 2.499999999999929015e-02
 2.499999999999987996e-02
 2.499999999999992506e-02
 2.500000000000008812e-02
 2.499999999999992506e-02
 2.500000000000008812e-02
 2.500000000000071609e-02
 2.499999999999929015e-02
 2.500000000000025119e-02
 2.499999999999953648e-02
 2.500000000000071609e-02
 2.499999999999962669e-02
 2.500000000000045935e-02
 2.499999999999922076e-02
 7.500000000000323075e-02
 7.499999999999681921e-02
 7.500000000000148215e-02
 7.499999999999690248e-02
 7.500000000000323075e-02
 7.499999999999641676e-02
 7.500000000000187073e-02
 7.499999999999874822e-02
 7.500000000000463241e-02
 7.499999999999538980e-02
 7.500000000000153766e-02
 7.499999999999908129e-02
 7.500000000000069111e-02
 7.499999999999897027e-02
 7.500000000000195399e-02
 7.500000000000020539e-02
 7.499999999999926170e-02
 7.500000000000077438e-02
 7.499999999999924782e-02
 7.499999999999912292e-02
 7.499999999999944211e-02
 7.500000000000020539e-02
 7.499999999999940048e-02
 7.500000000000128786e-02
 7.499999999999758249e-02
 7.500000000000246747e-02
 7.499999999999688860e-02
 7.500000000000313360e-02
 7.500000000000123235e-02
 7.499999999999805433e-02
 7.500000000000227318e-02
 7.500000000000078826e-02
 7.499999999999540368e-02
 7.500000000000467404e-02
 7.499999999999565348e-02
 7.500000000000438261e-02
 7.499999999999736044e-02
 7.500000000000098255e-02
 7.499999999999944211e-02
 7.500000000000399403e-02
 7.499999999999605593e-02
 7.500000000000078826e-02
 7.499999999999763800e-02
 7.499999999999909517e-02
 7.500000000000048295e-02
 7.499999999999967804e-02
 7.499999999999666656e-02
 7.500000000000295319e-02
 7.500000000000137113e-02
 7.499999999999699962e-02
 7.500000000000363320e-02
 7.499999999999641676e-02
 7.500000000000592304e-02
 7.499999999999680533e-02
 7.499999999999885925e-02
 7.499999999999681921e-02
 7.500000000000263400e-02
 7.500000000000078826e-02
 7.500000000000195399e-02
 7.499999999999867883e-02
 7.499999999999758249e-02
 7.500000000000305034e-02
 7.499999999999659717e-02
 7.500000000000368872e-02
 7.499999999999688860e-02
 7.499999999999867883e-02
 7.500000000000126010e-02
 7.500000000000091316e-02
 7.500000000000323075e-02
 7.499999999999892863e-02
 7.499999999999734657e-02
 7.499999999999892863e-02
 7.500000000000323075e-02
 7.500000000000227318e-02
 7.499999999999773515e-02
 7.500000000000078826e-02
 7.499999999999677758e-02
 7.500000000000107969e-02
 7.499999999999928946e-02
 7.500000000000286993e-02
 7.499999999999774902e-02
 7.500000000000153766e-02
 7.499999999999849842e-02
 7.500000000000160705e-02
 7.499999999999897027e-02
 7.500000000000020539e-02
 7.499999999999473754e-02
 7.500000000000331402e-02
 7.500000000000343892e-02
 7.500000000000060785e-02
 7.499999999999565348e-02
 7.500000000000399403e-02
 7.499999999999605593e-02
 7.500000000000173195e-02
 7.500000000000131561e-02
 7.499999999999774902e-02
 7.500000000000153766e-02
 7.500000000000109357e-02
 7.499999999999887312e-02
 7.500000000000246747e-02
 7.499999999999758249e-02
 7.500000000000078826e-02
 7.499999999999849842e-02
 7.499999999999881761e-02
 7.500000000000210665e-02
 7.499999999999892863e-02
 7.499999999999944211e-02
 7.499999999999901190e-02
 7.500000000000091316e-02
 7.500000000000020539e-02
 7.500000000000195399e-02
 7.499999999999867883e-02
 7.500000000000153766e-02
 7.500000000000026090e-02
 7.499999999999973355e-02
 7.499999999999867883e-02
 7.500000000000137113e-02
 7.499999999999729106e-02
 7.500000000000188460e-02
 7.499999999999774902e-02
 7.500000000000323075e-02
 7.499999999999758249e-02
 7.499999999999867883e-02
 7.500000000000017764e-02
 7.500000000000189848e-02
 7.500000000000323075e-02
 7.499999999999892863e-02
 7.500000000000130174e-02
 7.499999999999486244e-02
 7.500000000000187073e-02
 7.499999999999776290e-02
 7.500000000000441036e-02
 7.499999999999616696e-02
 7.499999999999858169e-02
 7.500000000000585365e-02
 7.499999999999641676e-02
 7.500000000000323075e-02
 7.499999999999802658e-02
 7.499999999999823475e-02
 7.499999999999892863e-02
 7.500000000000323075e-02
 7.500000000000132949e-02
 7.499999999999892863e-02
 7.499999999999824862e-02
 7.500000000000152378e-02
 7.499999999999963640e-02
 7.499999999999963640e-02
 7.500000000000073275e-02
 7.499999999999855393e-02
 7.500000000000116296e-02
 7.499999999999888700e-02
 7.500000000000038580e-02
 7.499999999999963640e-02
 7.500000000000024702e-02
 7.500000000000098255e-02
 7.500000000000038580e-02
 7.499999999999888700e-02
 7.500000000000141276e-02
 7.499999999999865108e-02
 7.500000000000038580e-02
 7.499999999999963640e-02
 7.499999999999963640e-02
 7.500000000000153766e-02
 7.500000000000078826e-02
 7.499999999999854006e-02
 7.499999999999927558e-02
 7.500000000000078826e-02
 7.500000000000053846e-02
 7.499999999999949762e-02
 7.499999999999963640e-02
 7.499999999999963640e-02
 7.500000000000038580e-02
 7.500000000000078826e-02
 7.499999999999945599e-02
 7.500000000000063560e-02
 7.500000000000173195e-02
 7.499999999999830413e-02
 7.500000000000137113e-02
 7.499999999999888700e-02
 7.499999999999734657e-02
 7.500000000000081601e-02
 7.500000000000132949e-02
 7.500000000000160705e-02
 7.499999999999759637e-02
 7.500000000000162093e-02
 7.499999999999990008e-02
 7.499999999999926170e-02
 7.500000000000126010e-02
 7.499999999999744371e-02
 7.500000000000182909e-02
 7.499999999999970579e-02
 7.499999999999948375e-02
 7.499999999999970579e-02
 7.500000000000085765e-02
 7.499999999999834577e-02
 7.500000000000320299e-02
 7.499999999999834577e-02
 7.499999999999880373e-02
 7.500000000000177358e-02
 7.499999999999948375e-02
 7.499999999999970579e-02
 7.500000000000182909e-02
 7.499999999999736044e-02
 7.500000000000131561e-02
 7.499999999999926170e-02
 7.499999999999994171e-02
 7.500000000000160705e-02
 7.499999999999733269e-02
 7.500000000000273115e-02
 7.499999999999759637e-02
 7.500000000000160705e-02
 7.499999999999895639e-02
 7.500000000000023315e-02
 7.500000000000131561e-02
 7.500000000000055234e-02
 7.499999999999859557e-02
 7.500000000000160705e-02
 7.499999999999759637e-02
 7.500000000000160705e-02
 7.499999999999994171e-02
 7.499999999999926170e-02
 7.500000000000131561e-02
 7.499999999999926170e-02
 7.499999999999994171e-02
 7.500000000000049682e-02
 7.499999999999916456e-02
 7.500000000000106581e-02
 7.499999999999895639e-02
 7.499999999999917843e-02
 7.500000000000153766e-02
 7.499999999999917843e-02
 7.500000000000085765e-02
 7.499999999999917843e-02
 7.500000000000153766e-02
 7.499999999999872047e-02
 7.500000000000127398e-02
 7.499999999999819311e-02
 7.499999999999963640e-02
 7.500000000000009437e-02
 7.499999999999994171e-02
 7.500000000000009437e-02
 7.499999999999994171e-02
 7.500000000000182909e-02
 7.499999999999819311e-02
 7.499999999999949762e-02
 7.500000000000016376e-02
 7.500000000000182909e-02
 7.499999999999888700e-02
 7.500000000000242584e-02
 7.499999999999848455e-02
 </DataArray>
 <DataArray Name="pos.z" type="Float32" NumberOfComponents="1" format="ascii">
 0.000000000000000000e+00
 0.000000000000000000e+00
 0.000000000000000000e+00
 0.000000000000000000e+00
 0.000000000000000000e+00
 0.000000000000000000e+00
 0.000000000000000000e+00
 0.000000000000000000e+00
 0.000000000000000000e+00
 0.000000000000000000e+00
 0.000000000000000000e+00
 0.000000000000000000e+00
 0.000000000000000000e+00
 0.000000000000000000e+00
 0.000000000000000000e+00
 0.000000000000000000e+00
 0.000000000000000000e+00
 0.000000000000000000e+00
 0.000000000000000000e+00
 0.000000000000000000e+00
 0.000000000000000000e+00
 0.000000000000000000e+00
 0.000000000000000000e+00
 0.000000000000000000e+00
 0.000000000000000000e+00
 0.000000000000000000e+00
 0.000000000000000000e+00
 0.000000000000000000e+00
 0.000000000000000000e+00
 0.000000000000000000e+00
 0.000000000000000000e+00
 0.000000000000000000e+00
 0.000000000000000000e+00
 0.000000000000000000e+00
 0.000000000000000000e+00
 0.000000000000000000e+00
 0.000000000000000000e+00
 0.000000000000000000e+00
 0.000000000000000000e+00
 0.000000000000000000e+00
 0.000000000000000000e+00
 0.000000000000000000e+00
 0.000000000000000000e+00
 0.000000000000000000e+00
 0.000000000000000000e+00
 0.000000000000000000e+00
 0.000000000000000000e+00
 0.000000000000000000e+00
 0.000000000000000000e+00
 0.000000000000000000e+00
 0.000000000000000000e+00
 0.000000000000000000e+00
 0.000000000000000000e+00
 0.000000000000000000e+00
 0.000000000000000000e+00
 0.000000000000000000e+00
 0.000000000000000000e+00
 0.000000000000000000e+00
 0.000000000000000000e+00
 0.000000000000000000e+00
 0.000000000000000000e+00
 0.000000000000000000e+00
 0.000000000000000000e+00
 0.000000000000000000e+00
 0.000000000000000000e+00
 0.000000000000000000e+00
 0.000000000000000000e+00
 0.000000000000000000e+00
 0.000000000000000000e+00
 0.000000000000000000e+00
 0.000000000000000000e+00
 0.000000000000000000e+00
 0.000000000000000000e+00
 0.000000000000000000e+00
 0.000000000000000000e+00
 0.000000000000000000e+00
 0.000000000000000000e+00
 0.000000000000000000e+00
 0.000000000000000000e+00
 0.000000000000000000e+00
 0.000000000000000000e+00
 0.000000000000000000e+00
 0.000000000000000000e+00
 0.000000000000000000e+00
 0.000000000000000000e+00
 0.000000000000000000e+00
 0.000000000000000000e+00
 0.000000000000000000e+00
 0.000000000000000000e+00
 0.000000000000000000e+00
 0.000000000000000000e+00
 0.000000000000000000e+00
 0.000000000000000000e+00
 0.000000000000000000e+00
 0.000000000000000000e+00
 0.000000000000000000e+00
 0.000000000000000000e+00
 0.000000000000000000e+00
 0.000000000000000000e+00
 0.000000000000000000e+00
 0.000000000000000000e+00
 0.000000000000000000e+00
 0.000000000000000000e+00
 0.000000000000000000e+00
 0.000000000000000000e+00
 0.000000000000000000e+00
 0.000000000000000000e+00
 0.000000000000000000e+00
 0.000000000000000000e+00
 0.000000000000000000e+00
 0.000000000000000000e+00
 0.000000000000000000e+00
 0.000000000000000000e+00
 0.000000000000000000e+00
 0.000000000000000000e+00
 0.000000000000000000e+00
 0.000000000000000000e+00
 0.000000000000000000e+00
 0.000000000000000000e+00
 0.000000000000000000e+00
 0.000000000000000000e+00
 0.000000000000000000e+00
 0.000000000000000000e+00
 0.000000000000000000e+00
 0.000000000000000000e+00
 0.000000000000000000e+00
 0.000000000000000000e+00
 0.000000000000000000e+00
 0.000000000000000000e+00
 0.000000000000000000e+00
 0.000000000000000000e+00
 0.000000000000000000e+00
 0.000000000000000000e+00
 0.000000000000000000e+00
 0.000000000000000000e+00
 0.000000000000000000e+00
 0.000000000000000000e+00
 0.000000000000000000e+00
 0.000000000000000000e+00
 0.000000000000000000e+00
 0.000000000000000000e+00
 0.000000000000000000e+00
 0.000000000000000000e+00
 0.000000000000000000e+00
 0.000000000000000000e+00
 0.000000000000000000e+00
 0.000000000000000000e+00
 0.000000000000000000e+00
 0.000000000000000000e+00
 0.000000000000000000e+00
 0.000000000000000000e+00
 0.000000000000000000e+00
 0.000000000000000000e+00
 0.000000000000000000e+00
 0.000000000000000000e+00
 0.000000000000000000e+00
 0.000000000000000000e+00
 0.000000000000000000e+00
 0.000000000000000000e+00
 0.000000000000000000e+00
 0.000000000000000000e+00
 0.000000000000000000e+00
 0.000000000000000000e+00
 0.000000000000000000e+00
 0.000000000000000000e+00
 0.000000000000000000e+00
 0.000000000000000000e+00
 0.000000000000000000e+00
 0.000000000000000000e+00
 0.000000000000000000e+00
 0.000000000000000000e+00
 0.000000000000000000e+00
 0.000000000000000000e+00
 0.000000000000000000e+00
 0.000000000000000000e+00
 0.000000000000000000e+00
 0.000000000000000000e+00
 0.000000000000000000e+00
 0.000000000000000000e+00
 0.000000000000000000e+00
 0.000000000000000000e+00
 0.000000000000000000e+00
 0.000000000000000000e+00
 0.000000000000000000e+00
 0.000000000000000000e+00
 0.000000000000000000e+00
 0.000000000000000000e+00
 0.000000000000000000e+00
 0.000000000000000000e+00
 0.000000000000000000e+00
 0.000000000000000000e+00
 0.000000000000000000e+00
 0.000000000000000000e+00
 0.000000000000000000e+00
 0.000000000000000000e+00
 0.000000000000000000e+00
 0.000000000000000000e+00
 0.000000000000000000e+00
 0.000000000000000000e+00
 0.000000000000000000e+00
 0.000000000000000000e+00
 0.000000000000000000e+00
 0.000000000000000000e+00
 0.000000000000000000e+00
 0.000000000000000000e+00
 0.000000000000000000e+00
 0.000000000000000000e+00
 0.000000000000000000e+00
 0.000000000000000000e+00
 0.000000000000000000e+00
 0.000000000000000000e+00
 0.000000000000000000e+00
 0.000000000000000000e+00
 0.000000000000000000e+00
 0.000000000000000000e+00
 0.000000000000000000e+00
 0.000000000000000000e+00
 0.000000000000000000e+00
 0.000000000000000000e+00
 0.000000000000000000e+00
 0.000000000000000000e+00
 0.000000000000000000e+00
 0.000000000000000000e+00
 0.000000000000000000e+00
 0.000000000000000000e+00
 0.000000000000000000e+00
 0.000000000000000000e+00
 0.000000000000000000e+00
 0.000000000000000000e+00
 0.000000000000000000e+00
 0.000000000000000000e+00
 0.000000000000000000e+00
 0.000000000000000000e+00
 0.000000000000000000e+00
 0.000000000000000000e+00
 0.000000000000000000e+00
 0.000000000000000000e+00
 0.000000000000000000e+00
 0.000000000000000000e+00
 0.000000000000000000e+00
 0.000000000000000000e+00
 0.000000000000000000e+00
 0.000000000000000000e+00
 0.000000000000000000e+00
 0.000000000000000000e+00
 0.000000000000000000e+00
 0.000000000000000000e+00
 0.000000000000000000e+00
 0.000000000000000000e+00
 0.000000000000000000e+00
 0.000000000000000000e+00
 0.000000000000000000e+00
 0.000000000000000000e+00
 0.000000000000000000e+00
 0.000000000000000000e+00
 0.000000000000000000e+00
 0.000000000000000000e+00
 0.000000000000000000e+00
 0.000000000000000000e+00
 0.000000000000000000e+00
 0.000000000000000000e+00
 0.000000000000000000e+00
 0.000000000000000000e+00
 0.000000000000000000e+00
 0.000000000000000000e+00
 0.000000000000000000e+00
 0.000000000000000000e+00
 0.000000000000000000e+00
 0.000000000000000000e+00
 0.000000000000000000e+00
 0.000000000000000000e+00
 0.000000000000000000e+00
 0.000000000000000000e+00
 0.000000000000000000e+00
 0.000000000000000000e+00
 0.000000000000000000e+00
 0.000000000000000000e+00
 0.000000000000000000e+00
 0.000000000000000000e+00
 0.000000000000000000e+00
 0.000000000000000000e+00
 0.000000000000000000e+00
 0.000000000000000000e+00
 0.000000000000000000e+00
 0.000000000000000000e+00
 0.000000000000000000e+00
 0.000000000000000000e+00
 0.000000000000000000e+00
 0.000000000000000000e+00
 0.000000000000000000e+00
 0.000000000000000000e+00
 0.000000000000000000e+00
 0.000000000000000000e+00
 0.000000000000000000e+00
 0.000000000000000000e+00
 0.000000000000000000e+00
 0.000000000000000000e+00
 0.000000000000000000e+00
 0.000000000000000000e+00
 0.000000000000000000e+00
 0.000000000000000000e+00
 0.000000000000000000e+00
 0.000000000000000000e+00
 0.000000000000000000e+00
 0.000000000000000000e+00
 0.000000000000000000e+00
 0.000000000000000000e+00
 0.000000000000000000e+00
 0.000000000000000000e+00
 0.000000000000000000e+00
 0.000000000000000000e+00
 0.000000000000000000e+00
 0.000000000000000000e+00
 0.000000000000000000e+00
 0.000000000000000000e+00
 0.000000000000000000e+00
 0.000000000000000000e+00
 0.000000000000000000e+00
 0.000000000000000000e+00
 0.000000000000000000e+00
 0.000000000000000000e+00
 0.000000000000000000e+00
 0.000000000000000000e+00
 0.000000000000000000e+00
 0.000000000000000000e+00
 0.000000000000000000e+00
 0.000000000000000000e+00
 0.000000000000000000e+00
 0.000000000000000000e+00
 0.000000000000000000e+00
 0.000000000000000000e+00
 0.000000000000000000e+00
 0.000000000000000000e+00
 0.000000000000000000e+00
 0.000000000000000000e+00
 0.000000000000000000e+00
 0.000000000000000000e+00
 0.000000000000000000e+00
 0.000000000000000000e+00
 0.000000000000000000e+00
 0.000000000000000000e+00
 0.000000000000000000e+00
 0.000000000000000000e+00
 0.000000000000000000e+00
 0.000000000000000000e+00
 0.000000000000000000e+00
 0.000000000000000000e+00
 0.000000000000000000e+00
 0.000000000000000000e+00
 0.000000000000000000e+00
 0.000000000000000000e+00
 0.000000000000000000e+00
 0.000000000000000000e+00
 0.000000000000000000e+00
 0.000000000000000000e+00
 0.000000000000000000e+00
 0.000000000000000000e+00
 0.000000000000000000e+00
 0.000000000000000000e+00
 0.000000000000000000e+00
 0.000000000000000000e+00
 0.000000000000000000e+00
 0.000000000000000000e+00
 0.000000000000000000e+00
 0.000000000000000000e+00
 0.000000000000000000e+00
 0.000000000000000000e+00
 0.000000000000000000e+00
 0.000000000000000000e+00
 0.000000000000000000e+00
 0.000000000000000000e+00
 0.000000000000000000e+00
 0.000000000000000000e+00
 0.000000000000000000e+00
 0.000000000000000000e+00
 0.000000000000000000e+00
 0.000000000000000000e+00
 0.000000000000000000e+00
 0.000000000000000000e+00
 0.000000000000000000e+00
 0.000000000000000000e+00
 0.000000000000000000e+00
 0.000000000000000000e+00
 0.000000000000000000e+00
 0.000000000000000000e+00
 0.000000000000000000e+00
 0.000000000000000000e+00
 0.000000000000000000e+00
 0.000000000000000000e+00
 0.000000000000000000e+00
 0.000000000000000000e+00
 0.000000000000000000e+00
 0.000000000000000000e+00
 0.000000000000000000e+00
 0.000000000000000000e+00
 0.000000000000000000e+00
 0.000000000000000000e+00
 0.000000000000000000e+00
 0.000000000000000000e+00
 0.000000000000000000e+00
 0.000000000000000000e+00
 0.000000000000000000e+00
 0.000000000000000000e+00
 0.000000000000000000e+00
 0.000000000000000000e+00
 0.000000000000000000e+00
 0.000000000000000000e+00
 0.000000000000000000e+00
 0.000000000000000000e+00
 0.000000000000000000e+00
 0.000000000000000000e+00
 0.000000000000000000e+00
 0.000000000000000000e+00
 0.000000000000000000e+00
 0.000000000000000000e+00
 0.000000000000000000e+00
 0.000000000000000000e+00
 0.000000000000000000e+00
 0.000000000000000000e+00
 0.000000000000000000e+00
 0.000000000000000000e+00
 0.000000000000000000e+00
 0.000000000000000000e+00
 0.000000000000000000e+00
 0.000000000000000000e+00
 0.000000000000000000e+00
 0.000000000000000000e+00
 0.000000000000000000e+00
 0.000000000000000000e+00
 0.000000000000000000e+00
 0.000000000000000000e+00
 0.000000000000000000e+00
 0.000000000000000000e+00
 0.000000000000000000e+00
 0.000000000000000000e+00
 0.000000000000000000e+00
 0.000000000000000000e+00
 0.000000000000000000e+00
 0.000000000000000000e+00
 0.000000000000000000e+00
 0.000000000000000000e+00
 0.000000000000000000e+00
 0.000000000000000000e+00
 0.000000000000000000e+00
 0.000000000000000000e+00
 0.000000000000000000e+00
 0.000000000000000000e+00
 0.000000000000000000e+00
 0.000000000000000000e+00
 0.000000000000000000e+00
 0.000000000000000000e+00
 0.000000000000000000e+00
 0.000000000000000000e+00
 0.000000000000000000e+00
 0.000000000000000000e+00
 0.000000000000000000e+00
 0.000000000000000000e+00
 0.000000000000000000e+00
 0.000000000000000000e+00
 0.000000000000000000e+00
 0.000000000000000000e+00
 0.000000000000000000e+00
 0.000000000000000000e+00
 0.000000000000000000e+00
 0.000000000000000000e+00
 0.000000000000000000e+00
 0.000000000000000000e+00
 0.000000000000000000e+00
 0.000000000000000000e+00
 0.000000000000000000e+00
 0.000000000000000000e+00
 0.000000000000000000e+00
 0.000000000000000000e+00
 0.000000000000000000e+00
 0.000000000000000000e+00
 0.000000000000000000e+00
 0.000000000000000000e+00
 0.000000000000000000e+00
 0.000000000000000000e+00
 0.000000000000000000e+00
 0.000000000000000000e+00
 0.000000000000000000e+00
 0.000000000000000000e+00
 0.000000000000000000e+00
 0.000000000000000000e+00
 0.000000000000000000e+00
 0.000000000000000000e+00
 0.000000000000000000e+00
 0.000000000000000000e+00
 0.000000000000000000e+00
 0.000000000000000000e+00
 0.000000000000000000e+00
 0.000000000000000000e+00
 0.000000000000000000e+00
 0.000000000000000000e+00
 0.000000000000000000e+00
 0.000000000000000000e+00
 0.000000000000000000e+00
 0.000000000000000000e+00
 0.000000000000000000e+00
 </DataArray>
 <DataArray Name="volume" type="Float32" NumberOfComponents="1" format="ascii">
 2.749999999999974687e-04
 2.749999999999974687e-04
 2.749999999999974687e-04
 2.749999999999974687e-04
 2.749999999999974687e-04
 2.750000000000113465e-04
 2.749999999999835909e-04
 2.750000000000252243e-04
 2.749999999999697131e-04
 2.750000000000252243e-04
 2.749999999999974687e-04
 2.750000000000113465e-04
 2.749999999999835909e-04
 2.750000000000252243e-04
 2.749999999999835909e-04
 2.749999999999974687e-04
 2.750000000000113465e-04
 2.749999999999835909e-04
 2.750000000000113465e-04
 2.749999999999835909e-04
 2.750000000000113465e-04
 2.749999999999974687e-04
 2.749999999999974687e-04
 2.750000000000113465e-04
 2.749999999999835909e-04
 2.750000000000113465e-04
 2.749999999999974687e-04
 2.749999999999974687e-04
 2.749999999999974687e-04
 2.750000000000113465e-04
 2.749999999999835909e-04
 2.750000000000113465e-04
 2.750000000000113465e-04
 2.749999999999835909e-04
 2.750000000000252243e-04
 2.749999999999697131e-04
 2.750000000000113465e-04
 2.749999999999835909e-04
 2.750000000000113465e-04
 2.749999999999835909e-04
 2.750000000000113465e-04
 2.750000000000113465e-04
 2.749999999999974687e-04
 2.749999999999974687e-04
 2.749999999999835909e-04
 2.750000000000252243e-04
 2.749999999999974687e-04
 2.750000000000113465e-04
 2.749999999999697131e-04
 2.750000000000252243e-04
 2.749999999999835909e-04
 2.750000000000113465e-04
 2.749999999999974687e-04
 2.749999999999835909e-04
 2.750000000000113465e-04
 2.749999999999974687e-04
 2.749999999999974687e-04
 2.749999999999974687e-04
 2.749999999999835909e-04
 2.750000000000252243e-04
 2.749999999999835909e-04
 2.750000000000252243e-04
 2.749999999999835909e-04
 2.750000000000252243e-04
 2.749999999999835909e-04
 2.750000000000252243e-04
 2.749999999999835909e-04
 2.749999999999974687e-04
 2.749999999999974687e-04
 2.749999999999835909e-04
 2.750000000000252243e-04
 2.749999999999835909e-04
 2.749999999999974687e-04
 2.749999999999974687e-04
 2.749999999999974687e-04
 2.750000000000113465e-04
 2.749999999999835909e-04
 2.750000000000252243e-04
 2.749999999999974687e-04
 2.749999999999974687e-04
 2.750000000000113465e-04
 2.749999999999974687e-04
 2.749999999999974687e-04
 2.750000000000113465e-04
 2.749999999999974687e-04
 2.749999999999974687e-04
 2.750000000000252243e-04
 2.749999999999835909e-04
 2.749999999999974687e-04
 2.749999999999835909e-04
 2.750000000000252243e-04
 2.749999999999835909e-04
 2.750000000000113465e-04
 2.749999999999974687e-04
 2.749999999999974687e-04
 2.750000000000113465e-04
 2.749999999999974687e-04
 2.750000000000113465e-04
 2.749999999999835909e-04
 2.750000000000113465e-04
 2.749999999999835909e-04
 2.750000000000113465e-04
 2.749999999999974687e-04
 2.749999999999974687e-04
 2.750000000000113465e-04
 2.749999999999835909e-04
 2.750000000000113465e-04
 2.749999999999974687e-04
 2.749999999999974687e-04
 2.749999999999974687e-04
 2.749999999999835909e-04
 2.750000000000252243e-04
 2.749999999999974687e-04
 2.749999999999974687e-04
 2.749999999999974687e-04
 2.750000000000252243e-04
 2.749999999999697131e-04
 2.750000000000391021e-04
 2.749999999999697131e-04
 2.750000000000113465e-04
 2.749999999999974687e-04
 2.749999999999835909e-04
 2.750000000000252243e-04
 2.749999999999697131e-04
 2.750000000000113465e-04
 2.749999999999974687e-04
 2.749999999999835909e-04
 2.750000000000252243e-04
 2.749999999999835909e-04
 2.750000000000113465e-04
 2.749999999999974687e-04
 2.750000000000113465e-04
 2.749999999999974687e-04
 2.749999999999697131e-04
 2.750000000000252243e-04
 2.750000000000113465e-04
 2.749999999999974687e-04
 2.749999999999835909e-04
 2.750000000000252243e-04
 2.749999999999835909e-04
 2.749999999999974687e-04
 2.750000000000044076e-04
 2.749999999999835909e-04
 2.750000000000252243e-04
 2.749999999999766520e-04
 2.750000000000044076e-04
 2.750000000000044076e-04
 2.749999999999905298e-04
 2.750000000000182854e-04
 2.749999999999766520e-04
 2.750000000000182854e-04
 2.749999999999905298e-04
 2.750000000000044076e-04
 2.749999999999974687e-04
 2.750000000000044076e-04
 2.749999999999905298e-04
 2.750000000000182854e-04
 2.749999999999766520e-04
 2.750000000000182854e-04
 2.749999999999905298e-04
 2.750000000000044076e-04
 2.750000000000044076e-04
 2.749999999999974687e-04
 2.749999999999905298e-04
 2.750000000000182854e-04
 2.749999999999835909e-04
 2.750000000000113465e-04
 2.749999999999905298e-04
 2.750000000000044076e-04
 2.750000000000044076e-04
 2.750000000000044076e-04
 2.749999999999905298e-04
 2.750000000000113465e-04
 2.749999999999835909e-04
 2.750000000000113465e-04
 2.749999999999905298e-04
 2.750000000000044076e-04
 2.750000000000044076e-04
 2.749999999999835909e-04
 2.750000000000252243e-04
 2.749999999999766520e-04
 2.750000000000044076e-04
 2.750000000000113465e-04
 2.749999999999835909e-04
 2.750000000000113465e-04
 2.749999999999835909e-04
 2.750000000000113465e-04
 2.750000000000044076e-04
 2.750000000000182854e-04
 2.749999999999766520e-04
 2.750000000000182854e-04
 2.749999999999766520e-04
 2.750000000000182854e-04
 2.749999999999974687e-04
 2.749999999999974687e-04
 2.749999999999974687e-04
 2.749999999999974687e-04
 2.750000000000044076e-04
 2.750000000000113465e-04
 2.749999999999766520e-04
 2.750000000000182854e-04
 2.749999999999766520e-04
 2.750000000000182854e-04
 2.750000000000044076e-04
 2.750000000000113465e-04
 2.749999999999835909e-04
 2.750000000000113465e-04
 2.749999999999835909e-04
 2.750000000000113465e-04
 2.749999999999835909e-04
 2.750000000000113465e-04
 2.750000000000044076e-04
 2.749999999999905298e-04
 2.750000000000044076e-04
 2.749999999999905298e-04
 2.750000000000044076e-04
 2.750000000000113465e-04
 2.749999999999835909e-04
 2.750000000000113465e-04
 2.749999999999835909e-04
 2.750000000000113465e-04
 2.750000000000044076e-04
 2.750000000000113465e-04
 2.749999999999835909e-04
 2.750000000000113465e-04
 2.750000000000044076e-04
 2.749999999999905298e-04
 2.750000000000044076e-04
 2.749999999999974687e-04
 2.749999999999974687e-04
 2.749999999999974687e-04
 2.749999999999974687e-04
 2.749999999999974687e-04
 2.749999999999974687e-04
 2.750000000000113465e-04
 2.749999999999835909e-04
 2.750000000000182854e-04
 2.750000000000044076e-04
 2.750000000000113465e-04
 2.749999999999835909e-04
 2.750000000000113465e-04
 2.749999999999835909e-04
 2.749999999999766520e-04
 2.750000000000182854e-04
 2.750000000000113465e-04
 2.750000000000044076e-04
 2.749999999999766520e-04
 2.750000000000182854e-04
 2.749999999999905298e-04
 2.750000000000078770e-04
 2.749999999999974687e-04
 2.749999999999974687e-04
 2.749999999999976855e-04
 2.749999999999971976e-04
 2.749999999999974687e-04
 2.750000000000113465e-04
 2.749999999999838620e-04
 2.750000000000249532e-04
 2.749999999999700384e-04
 2.750000000000248448e-04
 2.749999999999974687e-04
 2.750000000000113465e-04
 2.749999999999845667e-04
 2.750000000000241943e-04
 2.749999999999835909e-04
 2.749999999999974687e-04
 2.750000000000119970e-04
 2.749999999999829404e-04
 2.750000000000120512e-04
 2.749999999999828320e-04
 2.750000000000113465e-04
 2.749999999999974687e-04
 2.749999999999992034e-04
 2.750000000000095575e-04
 2.749999999999835909e-04
 2.750000000000113465e-04
 2.749999999999984987e-04
 2.749999999999964387e-04
 2.749999999999985529e-04
 2.750000000000102081e-04
 2.749999999999835909e-04
 2.750000000000113465e-04
 2.750000000000138401e-04
 2.749999999999810430e-04
 2.750000000000252243e-04
 2.749999999999697131e-04
 2.750000000000127559e-04
 2.749999999999821814e-04
 2.750000000000113465e-04
 2.749999999999835909e-04
 2.750000000000113465e-04
 2.750000000000113465e-04
 2.750000000000007213e-04
 2.750000000000063591e-04
 2.749999999999852714e-04
 2.750000000000252243e-04
 2.749999999999992576e-04
 2.750000000000095575e-04
 2.749999999999697131e-04
 2.750000000000252243e-04
 2.749999999999835909e-04
 2.750000000000113465e-04
 2.749999999999876025e-04
 2.749999999999913429e-04
 2.750000000000134065e-04
 2.749999999999974687e-04
 2.749999999999996371e-04
 2.749999999999953003e-04
 2.749999999999835909e-04
 2.750000000000252243e-04
 2.749999999999835909e-04
 2.750000000000252243e-04
 2.749999999999835909e-04
 2.750000000000227848e-04
 2.749999999999860304e-04
 2.750000000000252243e-04
 2.749999999999861388e-04
 2.749999999999948666e-04
 2.749999999999974687e-04
 2.749999999999835909e-04
 2.750000000000252243e-04
 2.749999999999835909e-04
 2.749999999999974687e-04
 2.749999999999946498e-04
 2.750000000000002876e-04
 2.750000000000113465e-04
 2.749999999999865182e-04
 2.750000000000163338e-04
 2.749999999999896082e-04
 2.749999999999974687e-04
 2.750000000000113465e-04
 2.749999999999974687e-04
 2.749999999999974687e-04
 2.750000000000081481e-04
 2.750000000000006671e-04
 2.749999999999974687e-04
 2.750000000000285311e-04
 2.749999999999735620e-04
 2.749999999999903672e-04
 2.749999999999835909e-04
 2.750000000000252243e-04
 2.749999999999835909e-04
 2.750000000000113465e-04
 2.750000000000077686e-04
 2.749999999999872230e-04
 2.750000000000113465e-04
 2.749999999999974687e-04
 2.750000000000039197e-04
 2.749999999999911261e-04
 2.750000000000113465e-04
 2.749999999999835909e-04
 2.750000000000113465e-04
 2.749999999999974687e-04
 2.750000000000073891e-04
 2.750000000000014802e-04
 2.749999999999835909e-04
 2.750000000000113465e-04
 2.749999999999892830e-04
 2.750000000000057628e-04
 2.749999999999974687e-04
 2.749999999999835909e-04
 2.750000000000252243e-04
 2.749999999999974687e-04
 2.750000000000070097e-04
 2.749999999999879819e-04
 2.750000000000252243e-04
 2.749999999999697131e-04
 2.750000000000301574e-04
 2.749999999999787662e-04
 2.750000000000113465e-04
 2.749999999999974687e-04
 2.749999999999835909e-04
 2.750000000000252243e-04
 2.749999999999788746e-04
 2.750000000000022392e-04
 2.749999999999974687e-04
 2.749999999999835909e-04
 2.750000000000154664e-04
 2.749999999999934029e-04
 2.750000000000024018e-04
 2.750000000000063591e-04
 2.750000000000201827e-04
 2.749999999999886324e-04
 2.749999999999799046e-04
 2.750000000000149786e-04
 2.750000000000113465e-04
 2.749999999999974687e-04
 2.749999999999819104e-04
 2.750000000000268506e-04
 2.749999999999835909e-04
 2.749999999999974687e-04
 2.750000000000044076e-04
 2.749999999999835909e-04
 2.750000000000266879e-04
 2.749999999999752425e-04
 2.750000000000044076e-04
 2.750000000000044076e-04
 2.749999999999892288e-04
 2.750000000000195322e-04
 2.749999999999766520e-04
 2.750000000000182854e-04
 2.749999999999905298e-04
 2.750000000000044076e-04
 2.750000000000022392e-04
 2.749999999999995287e-04
 2.749999999999905298e-04
 2.750000000000182854e-04
 2.749999999999757304e-04
 2.750000000000191527e-04
 2.749999999999905298e-04
 2.750000000000044076e-04
 2.750000000000044076e-04
 2.749999999999974687e-04
 2.749999999999891203e-04
 2.750000000000195864e-04
 2.749999999999835909e-04
 2.750000000000113465e-04
 2.749999999999899877e-04
 2.750000000000048955e-04
 2.750000000000044076e-04
 2.750000000000044076e-04
 2.749999999999905298e-04
 2.750000000000113465e-04
 2.749999999999829404e-04
 2.750000000000118886e-04
 2.749999999999905298e-04
 2.750000000000044076e-04
 2.750000000000042450e-04
 2.749999999999836993e-04
 2.750000000000252243e-04
 2.749999999999766520e-04
 2.750000000000044076e-04
 2.750000000000113465e-04
 2.749999999999835909e-04
 2.750000000000112381e-04
 2.749999999999837535e-04
 2.750000000000113465e-04
 2.750000000000046244e-04
 2.750000000000180143e-04
 2.749999999999766520e-04
 2.750000000000182854e-04
 2.749999999999766520e-04
 2.750000000000182854e-04
 2.749999999999974687e-04
 2.749999999999974687e-04
 2.749999999999974687e-04
 2.749999999999974687e-04
 2.750000000000050039e-04
 2.750000000000106960e-04
 2.749999999999766520e-04
 2.750000000000182854e-04
 2.749999999999766520e-04
 2.750000000000182854e-04
 2.750000000000044076e-04
 2.750000000000113465e-04
 2.749999999999835909e-04
 2.750000000000113465e-04
 2.749999999999845667e-04
 2.750000000000103165e-04
 2.749999999999835909e-04
 2.750000000000113465e-04
 2.750000000000044076e-04
 2.749999999999905298e-04
 2.750000000000044076e-04
 2.749999999999892830e-04
 2.750000000000057086e-04
 2.750000000000113465e-04
 2.749999999999835909e-04
 2.750000000000113465e-04
 2.749999999999835909e-04
 2.750000000000113465e-04
 2.750000000000044076e-04
 2.750000000000113465e-04
 2.749999999999835909e-04
 2.750000000000097202e-04
 2.750000000000060881e-04
 2.749999999999905298e-04
 2.750000000000044076e-04
 2.749999999999974687e-04
 2.749999999999974687e-04
 2.749999999999974687e-04
 2.749999999999974687e-04
 2.749999999999974687e-04
 2.749999999999974687e-04
 2.750000000000162796e-04
 2.749999999999787120e-04
 2.750000000000182854e-04
 2.750000000000044076e-04
 2.750000000000113465e-04
 2.749999999999835909e-04
 2.750000000000113465e-04
 2.749999999999835909e-04
 2.749999999999766520e-04
 2.750000000000182854e-04
 2.750000000000159001e-04
 2.749999999999999081e-04
 2.749999999999766520e-04
 2.750000000000182854e-04
 2.749999999999854340e-04
 2.750000000000060881e-04
 </DataArray>
 <DataArray Name="rho" type="Float32" NumberOfComponents="1" format="ascii">
 4.813996254740207648e-01
 4.813996254740207648e-01
 4.813996254740207648e-01
 4.813996254740207648e-01
 4.813996254740207648e-01
 4.813996254740208203e-01
 4.813996254740207648e-01
 4.813996254740207648e-01
 4.813996254740207648e-01
 4.813996254740207648e-01
 4.813996254740207648e-01
 4.813996254740207648e-01
 4.813996254740207648e-01
 4.813996254740207648e-01
 4.813996254740207648e-01
 4.813996254740207092e-01
 4.813996254740207648e-01
 4.813996254740207648e-01
 4.813996254740207648e-01
 4.813996254740207648e-01
 4.813996254740207648e-01
 4.813996254740207648e-01
 4.813996254740207648e-01
 4.813996254740207648e-01
 4.813996254740207648e-01
 4.813996254740207648e-01
 4.813996254740207648e-01
 4.813996254740207648e-01
 4.813996254740207648e-01
 4.813996254740207648e-01
 4.813996254740207648e-01
 4.813996254740207648e-01
 4.813996254740207648e-01
 4.813996254740207648e-01
 4.813996254740207648e-01
 4.813996254740207648e-01
 4.813996254740207648e-01
 4.813996254740207648e-01
 4.813996254740207648e-01
 4.813996254740207648e-01
 4.813996254740207648e-01
 4.813996254740207648e-01
 4.813996254740207648e-01
 4.813996254740207648e-01
 4.813996254740207648e-01
 4.813996254740207092e-01
 4.813996254740207648e-01
 4.813996254740207648e-01
 4.813996254740207648e-01
 4.813996254740207648e-01
 4.813996254740207648e-01
 4.813996254740207648e-01
 4.813996254740207648e-01
 4.813996254740207648e-01
 4.813996254740207648e-01
 4.813996254740207648e-01
 4.813996254740207648e-01
 4.813996254740207648e-01
 4.813996254740207648e-01
 4.813996254740207648e-01
 4.813996254740207648e-01
 4.813996254740207648e-01
 4.813996254740207648e-01
 4.813996254740207648e-01
 4.813996254740207648e-01
 4.813996254740207092e-01
 4.813996254740207648e-01
 4.813996254740207648e-01
 4.813996254740207648e-01
 4.813996254740207648e-01
 4.813996254740207648e-01
 4.813996254740207648e-01
 4.813996254740207648e-01
 4.813996254740207648e-01
 4.813996254740207648e-01
 4.813996254740207648e-01
 4.813996254740207648e-01
 4.813996254740207648e-01
 4.813996254740207648e-01
 4.813996254740207648e-01
 4.813996254740207648e-01
 4.813996254740207648e-01
 4.813996254740207648e-01
 4.813996254740207648e-01
 4.813996254740207648e-01
 4.813996254740207648e-01
 4.813996254740207648e-01
 4.813996254740207648e-01
 4.813996254740207648e-01
 4.813996254740207648e-01
 4.813996254740207648e-01
 4.813996254740207648e-01
 4.813996254740207648e-01
 4.813996254740207648e-01
 4.813996254740207648e-01
 4.813996254740207648e-01
 4.813996254740207648e-01
 4.813996254740207648e-01
 4.813996254740207648e-01
 4.813996254740207648e-01
 4.813996254740207648e-01
 4.813996254740207648e-01
 4.813996254740207648e-01
 4.813996254740208203e-01
 4.813996254740207092e-01
 4.813996254740207092e-01
 4.813996254740207648e-01
 4.813996254740207648e-01
 4.813996254740207648e-01
 4.813996254740207648e-01
 4.813996254740207648e-01
 4.813996254740207648e-01
 4.813996254740207648e-01
 4.813996254740207648e-01
 4.813996254740207648e-01
 4.813996254740209868e-01
 4.813996254740207648e-01
 4.813996254740207648e-01
 4.813996254740207648e-01
 4.813996254740207648e-01
 4.813996254740207648e-01
 4.813996254740207648e-01
 4.813996254740207648e-01
 4.813996254740207648e-01
 4.813996254740207648e-01
 4.813996254740207648e-01
 4.813996254740207648e-01
 4.813996254740207092e-01
 4.813996254740207648e-01
 4.813996254740207648e-01
 4.813996254740207648e-01
 4.813996254740207648e-01
 4.813996254740207648e-01
 4.813996254740207648e-01
 4.813996254740207648e-01
 4.813996254740207648e-01
 4.813996254740207648e-01
 4.813996254740207648e-01
 4.813996254740207648e-01
 4.813996254740207648e-01
 4.813996254740207648e-01
 4.813996254740207648e-01
 4.813996254740207648e-01
 4.813996254740207648e-01
 4.813996254740207648e-01
 4.813996254740207648e-01
 4.813996254740207648e-01
 4.813996254740207648e-01
 4.813996254740207648e-01
 4.813996254740207648e-01
 4.813996254740207648e-01
 4.813996254740207648e-01
 4.813996254740207648e-01
 4.813996254740205982e-01
 4.813996254740183223e-01
 4.813996254739764669e-01
 4.813996254737585301e-01
 4.813996254731589541e-01
 4.813996254718240775e-01
 4.813996254690117160e-01
 4.813996254631348060e-01
 4.813996254508732253e-01
 4.813996254254039875e-01
 4.813996253728576868e-01
 4.813996252653199859e-01
 4.813996250472026839e-01
 4.813996246093929510e-01
 4.813996237433960657e-01
 4.813996220713981922e-01
 4.813996189508707446e-01
 4.813996133030595259e-01
 4.813996032592524066e-01
 4.813995855543241054e-01
 4.813995545527922082e-01
 4.813995006536378463e-01
 4.813994076786072829e-01
 4.813992486483942845e-01
 4.813989790439742178e-01
 4.813985262043074531e-01
 4.813977728889589636e-01
 4.813965321928463936e-01
 4.813945099147052264e-01
 4.813912491574796060e-01
 4.813860504622387015e-01
 4.813778593605628764e-01
 4.813651122955147632e-01
 4.813455321282282817e-01
 4.813158670024643704e-01
 4.812715726557846296e-01
 4.812064500294689906e-01
 4.811122687016190502e-01
 4.809784325615265033e-01
 4.807917750048014693e-01
 4.805366001803044185e-01
 4.801951021662018704e-01
 4.797482777989660607e-01
 4.791773823779508779e-01
 4.784658498303997476e-01
 4.776014213799681940e-01
 4.765780472994613493e-01
 4.753970343402605381e-01
 4.740670107905931019e-01
 4.726026114463474093e-01
 4.710222310905395893e-01
 4.693455106390389542e-01
 4.675912153386926895e-01
 4.657758791405423593e-01
 4.639132389590208128e-01
 4.620142554070482688e-01
 4.600874582062430829e-01
 4.581394054127842508e-01
 4.561751293131416918e-01
 4.541985123560794979e-01
 4.522125803408275080e-01
 4.502197211968815838e-01
 4.482218445993498834e-01
 4.462204975348316172e-01
 4.442169481970462130e-01
 4.422122474585313268e-01
 4.402072744982565844e-01
 4.382027711592644814e-01
 4.361993681942712420e-01
 4.341976055874884333e-01
 4.321979484853438747e-01
 4.302007998246967224e-01
 4.282065104438735892e-01
 4.262153872517099873e-01
 4.242276998820085909e-01
 4.222436861551224774e-01
 4.202635565917151594e-01
 4.182874981672698445e-01
 4.163156774538692151e-01
 4.143482432640299695e-01
 4.123853288872424416e-01
 4.104270539913146831e-01
 4.084735262462572125e-01
 4.065248427172620249e-01
 4.045810910645343261e-01
 4.026423505807858461e-01
 4.007086930916760603e-01
 3.987801837400546390e-01
 3.968568816712890746e-01
 3.949388406340717528e-01
 3.930261095087419498e-01
 3.911187327732264518e-01
 3.892167509151202576e-01
 3.873202007971076610e-01
 3.854291159818568624e-01
 3.835435270216013826e-01
 3.816634617168748189e-01
 4.813996254740207648e-01
 4.813996254740207648e-01
 4.813996254740207648e-01
 4.813996254740207648e-01
 4.813996254740207648e-01
 4.813996254740208203e-01
 4.813996254740207648e-01
 4.813996254740207648e-01
 4.813996254740207648e-01
 4.813996254740207648e-01
 4.813996254740207648e-01
 4.813996254740207648e-01
 4.813996254740207648e-01
 4.813996254740207648e-01
 4.813996254740207648e-01
 4.813996254740207092e-01
 4.813996254740207648e-01
 4.813996254740207648e-01
 4.813996254740207648e-01
 4.813996254740207648e-01
 4.813996254740207648e-01
 4.813996254740207648e-01
 4.813996254740207648e-01
 4.813996254740207648e-01
 4.813996254740207648e-01
 4.813996254740207648e-01
 4.813996254740207648e-01
 4.813996254740207648e-01
 4.813996254740207648e-01
 4.813996254740207648e-01
 4.813996254740207648e-01
 4.813996254740207648e-01
 4.813996254740207648e-01
 4.813996254740207648e-01
 4.813996254740207648e-01
 4.813996254740207648e-01
 4.813996254740207648e-01
 4.813996254740207648e-01
 4.813996254740207648e-01
 4.813996254740207648e-01
 4.813996254740207648e-01
 4.813996254740207648e-01
 4.813996254740207648e-01
 4.813996254740207648e-01
 4.813996254740207648e-01
 4.813996254740207092e-01
 4.813996254740207648e-01
 4.813996254740207648e-01
 4.813996254740207648e-01
 4.813996254740207648e-01
 4.813996254740207648e-01
 4.813996254740207648e-01
 4.813996254740207648e-01
 4.813996254740207648e-01
 4.813996254740207648e-01
 4.813996254740207648e-01
 4.813996254740207648e-01
 4.813996254740207648e-01
 4.813996254740207648e-01
 4.813996254740207648e-01
 4.813996254740207648e-01
 4.813996254740207648e-01
 4.813996254740207648e-01
 4.813996254740207648e-01
 4.813996254740207648e-01
 4.813996254740207092e-01
 4.813996254740207648e-01
 4.813996254740207648e-01
 4.813996254740207648e-01
 4.813996254740207648e-01
 4.813996254740207648e-01
 4.813996254740207648e-01
 4.813996254740207648e-01
 4.813996254740207648e-01
 4.813996254740207648e-01
 4.813996254740207648e-01
 4.813996254740207648e-01
 4.813996254740207648e-01
 4.813996254740207648e-01
 4.813996254740207648e-01
 4.813996254740207648e-01
 4.813996254740207648e-01
 4.813996254740207648e-01
 4.813996254740207648e-01
 4.813996254740207648e-01
 4.813996254740207648e-01
 4.813996254740207648e-01
 4.813996254740207648e-01
 4.813996254740207648e-01
 4.813996254740207648e-01
 4.813996254740207648e-01
 4.813996254740207648e-01
 4.813996254740207648e-01
 4.813996254740207648e-01
 4.813996254740207648e-01
 4.813996254740207648e-01
 4.813996254740207648e-01
 4.813996254740207648e-01
 4.813996254740207648e-01
 4.813996254740207648e-01
 4.813996254740207648e-01
 4.813996254740207648e-01
 4.813996254740207648e-01
 4.813996254740208203e-01
 4.813996254740207092e-01
 4.813996254740207092e-01
 4.813996254740207648e-01
 4.813996254740207648e-01
 4.813996254740207648e-01
 4.813996254740207648e-01
 4.813996254740207648e-01
 4.813996254740207648e-01
 4.813996254740207648e-01
 4.813996254740207648e-01
 4.813996254740207648e-01
 4.813996254740209868e-01
 4.813996254740207648e-01
 4.813996254740207648e-01
 4.813996254740207648e-01
 4.813996254740207648e-01
 4.813996254740207648e-01
 4.813996254740207648e-01
 4.813996254740207648e-01
 4.813996254740207648e-01
 4.813996254740207648e-01
 4.813996254740207648e-01
 4.813996254740207648e-01
 4.813996254740207092e-01
 4.813996254740207648e-01
 4.813996254740207648e-01
 4.813996254740207648e-01
 4.813996254740207648e-01
 4.813996254740207648e-01
 4.813996254740207648e-01
 4.813996254740207648e-01
 4.813996254740207648e-01
 4.813996254740207648e-01
 4.813996254740207648e-01
 4.813996254740207648e-01
 4.813996254740207648e-01
 4.813996254740207648e-01
 4.813996254740207648e-01
 4.813996254740207648e-01
 4.813996254740207648e-01
 4.813996254740207648e-01
 4.813996254740207648e-01
 4.813996254740207648e-01
 4.813996254740207648e-01
 4.813996254740207648e-01
 4.813996254740207648e-01
 4.813996254740207648e-01
 4.813996254740207648e-01
 4.813996254740207648e-01
 4.813996254740205982e-01
 4.813996254740183223e-01
 4.813996254739764669e-01
 4.813996254737585301e-01
 4.813996254731589541e-01
 4.813996254718240775e-01
 4.813996254690117160e-01
 4.813996254631348060e-01
 4.813996254508732253e-01
 4.813996254254039875e-01
 4.813996253728576868e-01
 4.813996252653199859e-01
 4.813996250472026839e-01
 4.813996246093929510e-01
 4.813996237433960657e-01
 4.813996220713981922e-01
 4.813996189508707446e-01
 4.813996133030595259e-01
 4.813996032592524066e-01
 4.813995855543241054e-01
 4.813995545527922082e-01
 4.813995006536379018e-01
 4.813994076786072274e-01
 4.813992486483942845e-01
 4.813989790439741623e-01
 4.813985262043072866e-01
 4.813977728889589636e-01
 4.813965321928465602e-01
 4.813945099147053930e-01
 4.813912491574794394e-01
 4.813860504622385905e-01
 4.813778593605628764e-01
 4.813651122955148742e-01
 4.813455321282280597e-01
 4.813158670024646479e-01
 4.812715726557844631e-01
 4.812064500294691016e-01
 4.811122687016193833e-01
 4.809784325615263367e-01
 4.807917750048016359e-01
 4.805366001803041409e-01
 4.801951021662016483e-01
 4.797482777989662828e-01
 4.791773823779507668e-01
 4.784658498303999696e-01
 4.776014213799683605e-01
 4.765780472994612382e-01
 4.753970343402607601e-01
 4.740670107905932129e-01
 4.726026114463475203e-01
 4.710222310905395893e-01
 4.693455106390386766e-01
 4.675912153386930226e-01
 4.657758791405425258e-01
 4.639132389590206462e-01
 4.620142554070483243e-01
 4.600874582062430274e-01
 4.581394054127845283e-01
 4.561751293131421359e-01
 4.541985123560796644e-01
 4.522125803408277300e-01
 4.502197211968813617e-01
 4.482218445993498834e-01
 4.462204975348318392e-01
 4.442169481970463796e-01
 4.422122474585311602e-01
 4.402072744982564734e-01
 4.382027711592645369e-01
 4.361993681942713530e-01
 4.341976055874884888e-01
 4.321979484853438191e-01
 4.302007998246967779e-01
 4.282065104438733116e-01
 4.262153872517098208e-01
 4.242276998820087575e-01
 4.222436861551226994e-01
 4.202635565917151039e-01
 4.182874981672699000e-01
 4.163156774538692706e-01
 4.143482432640299140e-01
 4.123853288872424416e-01
 4.104270539913146831e-01
 4.084735262462571570e-01
 4.065248427172618584e-01
 4.045810910645339931e-01
 4.026423505807854575e-01
 4.007086930916758938e-01
 3.987801837400546390e-01
 3.968568816712890746e-01
 3.949388406340718083e-01
 3.930261095087420609e-01
 3.911187327732266739e-01
 3.892167509151202021e-01
 3.873202007971076610e-01
 3.854291159818566959e-01
 3.835435270216012715e-01
 3.816634617168747079e-01
 </DataArray>
 <DataArray Name="vel.x" type="Float32" NumberOfComponents="1" format="ascii">
 7.331095601264929973e-14
 -2.468035379274434898e-14
 -6.170271081830689564e-14
 -1.282816548758684536e-13
 -5.204427247072403614e-14
 7.343087661824329431e-14
 -1.745644342540258709e-13
 1.773484562023870458e-13
 -1.790038420179352357e-13
 9.630414424105451360e-14
 1.832992523757446818e-15
 -4.252943934509833823e-14
 -9.837880094467512826e-14
 -5.579851909582635577e-14
 -1.484630194423445498e-13
 1.124102022824310854e-13
 3.492028360821013974e-14
 2.390800720599685893e-14
 -8.210895176594956614e-14
 -5.523063159681708036e-14
 -1.313906907007183315e-13
 -6.142757995454718847e-14
 -1.585879785117275885e-13
 -1.097870838589872127e-13
 -5.139020910345522286e-14
 -7.278117716434309225e-14
 -1.354566015271372134e-13
 -2.247781287878489279e-13
 -3.310071454074163380e-13
 -1.498857562715524669e-13
 -3.287838324198704018e-13
 -1.949358201273378725e-13
 -2.310456043184816195e-13
 -2.433087102976162853e-13
 -1.327713862637836151e-13
 -1.563676220088488541e-13
 -1.755098609252105284e-13
 -1.097098258734642370e-13
 -7.525641771000893845e-14
 1.063018917423404453e-13
 1.644903389742415050e-14
 1.178545891133056930e-13
 7.927398246888285023e-15
 -5.949618457770584213e-14
 -3.986019139512046330e-14
 8.298948394820671228e-14
 9.036639702012138936e-14
 8.029573937160230702e-14
 -4.776437048645760773e-14
 1.126887067065557180e-13
 6.841337969448523378e-14
 8.650854177407361878e-14
 -2.374454826824349167e-13
 -1.873173532534011506e-13
 -1.887631694726834341e-13
 -1.933435098125640224e-13
 -1.633118560566946451e-13
 -6.502337100048807373e-14
 -1.793063158005619552e-13
 -1.476442402646265173e-13
 -1.211230879647717866e-13
 -1.099748946103022013e-13
 -2.492558561622763663e-13
 -5.906243981134867566e-13
 -5.440754298481911579e-14
 -2.370957958105053052e-13
 -1.847489669342339016e-13
 -1.463230786657205916e-13
 -1.944637618371911787e-13
 -1.560699100552883593e-13
 1.507038484765602058e-13
 9.856100356689308643e-15
 5.140696975877639001e-14
 -1.724096676701890732e-13
 -5.444325007297790229e-14
 -1.778860424864635910e-13
 -1.745719139912707844e-13
 -1.588006526209303148e-13
 -1.121384529694386671e-13
 -1.763509910644784161e-13
 -1.128677989767107828e-13
 -1.006278543068522675e-13
 -1.262356163160668349e-13
 -1.509341243015661343e-13
 7.891771624553839745e-14
 -2.140949286076968863e-14
 -1.561061519487475826e-13
 8.282695700564807777e-14
 -2.480737668380960879e-13
 -1.185312401805343444e-13
 -1.410499691401906440e-13
 -7.027831605719334175e-14
 1.166904380851506205e-13
 1.111727831450734692e-13
 1.684899055413142657e-13
 2.007051374209150460e-13
 1.665612854085431250e-13
 1.535761360512150228e-13
 2.452720950423821332e-13
 2.260270801642552978e-13
 2.250874603393683714e-13
 2.665234082485253666e-13
 5.557182726308503110e-13
 1.189306290734737077e-13
 -6.409682775679999155e-14
 9.907057639546235662e-14
 1.047044638816284825e-13
 8.298415778224677315e-14
 7.515976227709020486e-14
 2.827163242247819490e-15
 3.038342527666983397e-14
 1.221164600072523655e-13
 1.287341977392738591e-13
 1.172528179635801628e-13
 1.139825963575057261e-13
 1.002325258017592976e-13
 1.715374216980794463e-13
 -6.530109191712360084e-14
 1.229278851430510098e-13
 2.348820437852955536e-13
 1.569339890006994243e-13
 3.552170128178104927e-13
 2.988977341663539125e-13
 1.371598840608485191e-14
 4.552774807842681485e-13
 8.739035214852567753e-14
 8.575781340350237958e-14
 1.266566656664117202e-13
 7.079986073324867133e-14
 -3.779943046763138250e-14
 -3.483862838917711292e-14
 -2.330158535731139189e-13
 -6.347437569352988688e-14
 -1.095138267202588449e-13
 1.873023458933645231e-13
 1.299311806256370236e-13
 1.792139315474874478e-14
 4.712797567251551675e-14
 9.915451685837663467e-14
 3.875353677420816706e-14
 -2.485259851356552848e-14
 -8.957202517398477333e-14
 -4.694836241772027351e-14
 -3.799907236669308598e-14
 -5.739142418239757044e-14
 -1.380716927910574824e-13
 -2.043665279444734217e-15
 -4.056451472147558727e-14
 -1.144571747429512103e-13
 -1.308369611648947610e-13
 -3.089101698727756440e-13
 -2.855698430267083798e-13
 -3.406429330462035416e-13
 2.795440551911892343e-13
 5.579336307247035792e-12
 1.283542241299736071e-10
 8.678953029643656334e-10
 2.973750369950204335e-09
 7.728088230263952621e-09
 1.775154073947578513e-08
 3.865751024538096856e-08
 8.220921906276072638e-08
 1.725795567597248194e-07
 3.588597371831659225e-07
 7.397557723712019887e-07
 1.511554264420043389e-06
 3.058365637576805281e-06
 6.108622661357548052e-06
 1.196492071065011340e-05
 2.282711059067519795e-05
 4.242718861858210997e-05
 7.727716369591771392e-05
 1.387335862746027462e-04
 2.463611433586555756e-04
 4.334725936389002571e-04
 7.561899340371556642e-04
 1.308086887060867657e-03
 2.243540891397474962e-03
 3.814464528933550654e-03
 6.427238810698875267e-03
 1.072957834813101016e-02
 1.774080974848156814e-02
 2.904361541511359807e-02
 4.706039371194092880e-02
 7.544227873437783782e-02
 1.196020980383687010e-01
 1.874216556050575522e-01
 2.901549899479874961e-01
 4.435276487441450199e-01
 6.689918048588784361e-01
 9.950332673860489141e-01
 1.458338087123876248e+00
 2.104521172966947962e+00
 2.988019331261202893e+00
 4.170697786301951204e+00
 5.718771692073608470e+00
 7.697866021399889291e+00
 1.016646602969481705e+01
 1.316861143673215651e+01
 1.672730333408800618e+01
 2.084042432983002513e+01
 2.548066242271097792e+01
 3.059982624675669527e+01
 3.613641543730022931e+01
 4.202420207715012168e+01
 4.819955423851978082e+01
 5.460618152843905193e+01
 6.119718030330133018e+01
 6.793504936810698780e+01
 7.479056487087260052e+01
 8.174124018632717537e+01
 8.876981403908122559e+01
 9.586296818548751730e+01
 1.030103236354304954e+02
 1.102036899214941741e+02
 1.174365167102713485e+02
 1.247034965767096679e+02
 1.320002766764201851e+02
 1.393232475960126635e+02
 1.466693867458236014e+02
 1.540361405351256394e+02
 1.614213344440626372e+02
 1.688231034496432983e+02
 1.762398375264438641e+02
 1.836701384751643502e+02
 1.911127853786875335e+02
 1.985667067095345431e+02
 2.060309576216086214e+02
 2.135047013226434274e+02
 2.209871936873688583e+02
 2.284777704653101864e+02
 2.359758365815512491e+02
 2.434808571375984911e+02
 2.509923498022811259e+02
 2.585098783461529024e+02
 2.660330471220559616e+02
 2.735614963328066551e+02
 2.810948979570536039e+02
 2.886329522281218374e+02
 2.961753845795680036e+02
 3.037219429863076243e+02
 3.112723956423595837e+02
 3.188265289261430553e+02
 3.263841456122910358e+02
 3.339450632955414449e+02
 3.415091129976640332e+02
 3.490761379328792486e+02
 3.566459924108989981e+02
 3.642185408598365939e+02
 3.717936569538100002e+02
 7.331095601264929973e-14
 -2.468035379274434898e-14
 -6.170271081830406836e-14
 -1.282816548758786267e-13
 -5.204427247072403614e-14
 7.343087661824329431e-14
 -1.745644342540275370e-13
 1.773484562023975976e-13
 -1.790038420179359425e-13
 9.630414424106044583e-14
 1.832992523757446818e-15
 -4.252943934509833823e-14
 -9.837880094468263821e-14
 -5.579851909580539731e-14
 -1.484630194423445498e-13
 1.124102022824310854e-13
 3.492028360821771912e-14
 2.390800720599258646e-14
 -8.210895176594290184e-14
 -5.523063159682024842e-14
 -1.313906907007183315e-13
 -6.142757995454718847e-14
 -1.585879785117227417e-13
 -1.097870838589872506e-13
 -5.139020910345522286e-14
 -7.278117716434309225e-14
 -1.354566015271392077e-13
 -2.247781287878446365e-13
 -3.310071454074138641e-13
 -1.498857562715545873e-13
 -3.287838324198704018e-13
 -1.949358201273378725e-13
 -2.310456043184751571e-13
 -2.433087102976232021e-13
 -1.327713862637836151e-13
 -1.563676220088488541e-13
 -1.755098609252077011e-13
 -1.097098258734668749e-13
 -7.525641771000893845e-14
 1.063018917423404453e-13
 1.644903389742415050e-14
 1.178545891133056930e-13
 7.927398246892126776e-15
 -5.949618457770794997e-14
 -3.986019139512223035e-14
 8.298948394820671228e-14
 9.036639702011866305e-14
 8.029573937161361613e-14
 -4.776437048645760773e-14
 1.126887067065557180e-13
 6.841337969448523378e-14
 8.650854177407361878e-14
 -2.374454826824281009e-13
 -1.873173532533882259e-13
 -1.887631694726749522e-13
 -1.933435098125640224e-13
 -1.633118560566855574e-13
 -6.502337100049018156e-14
 -1.793063158005619552e-13
 -1.476442402646265173e-13
 -1.211230879647717866e-13
 -1.099748946103022013e-13
 -2.492558561622763663e-13
 -5.906243981134928151e-13
 -5.440754298481188352e-14
 -2.370957958105053052e-13
 -1.847489669342324627e-13
 -1.463230786657232169e-13
 -1.944637618371911787e-13
 -1.560699100552883593e-13
 1.507038484765602058e-13
 9.856100356689308643e-15
 5.140696975877639001e-14
 -1.724096676701924306e-13
 -5.444325007297551677e-14
 -1.778860424864635910e-13
 -1.745719139912618229e-13
 -1.588006526209416239e-13
 -1.121384529694471615e-13
 -1.763509910644784161e-13
 -1.128677989767107828e-13
 -1.006278543068522675e-13
 -1.262356163160668349e-13
 -1.509341243015679014e-13
 7.891771624553933146e-14
 -2.140949286076968863e-14
 -1.561061519487361473e-13
 8.282695700565489353e-14
 -2.480737668380982588e-13
 -1.185312401805343444e-13
 -1.410499691401906440e-13
 -7.027831605719334175e-14
 1.166904380851506205e-13
 1.111727831450687991e-13
 1.684899055413224699e-13
 2.007051374209150460e-13
 1.665612854085431250e-13
 1.535761360512275941e-13
 2.452720950423728940e-13
 2.260270801642552978e-13
 2.250874603393683714e-13
 2.665234082485253666e-13
 5.557182726308503110e-13
 1.189306290734700474e-13
 -6.409682775679600307e-14
 9.907057639546235662e-14
 1.047044638816284825e-13
 8.298415778224163609e-14
 7.515976227710054209e-14
 2.827163242247819490e-15
 3.038342527666983397e-14
 1.221164600072523655e-13
 1.287341977392738591e-13
 1.172528179635791278e-13
 1.139825963575052970e-13
 1.002325258017592976e-13
 1.715374216980794463e-13
 -6.530109191710412544e-14
 1.229278851430549477e-13
 2.348820437852955536e-13
 1.569339890006994243e-13
 3.552170128178104927e-13
 2.988977341663539125e-13
 1.371598840608286714e-14
 4.552774807842889492e-13
 8.739035214852567753e-14
 8.575781340350237958e-14
 1.266566656664369890e-13
 7.079986073325678713e-14
 -3.779943046762548182e-14
 -3.483862838917822994e-14
 -2.330158535731060429e-13
 -6.347437569352823343e-14
 -1.095138267202447968e-13
 1.873023458933722981e-13
 1.299311806256370236e-13
 1.792139315474874478e-14
 4.712797567252154996e-14
 9.915451685838684568e-14
 3.875353677420816706e-14
 -2.485259851356552848e-14
 -8.957202517398477333e-14
 -4.694836241772027351e-14
 -3.799907236668334828e-14
 -5.739142418239799958e-14
 -1.380716927910574824e-13
 -2.043665279444734217e-15
 -4.056451472147395906e-14
 -1.144571747429507307e-13
 -1.308369611648947610e-13
 -3.089101698727756440e-13
 -2.855698430267083798e-13
 -3.406429330462035416e-13
 2.795440551911870129e-13
 5.579336307247131112e-12
 1.283542241299736071e-10
 8.678953029643656334e-10
 2.973750369950213847e-09
 7.728088230263926152e-09
 1.775154073947578513e-08
 3.865751024538096856e-08
 8.220921906276072638e-08
 1.725795567597248194e-07
 3.588597371831677754e-07
 7.397557723711983888e-07
 1.511554264420043389e-06
 3.058365637576805281e-06
 6.108622661357560758e-06
 1.196492071065009138e-05
 2.282711059067519795e-05
 4.242718861858210997e-05
 7.727716369591771392e-05
 1.387335862746027462e-04
 2.463611433395889046e-04
 4.334725935435747627e-04
 7.561899340753026671e-04
 1.308086887060849876e-03
 2.243540891149627212e-03
 3.814464529048010744e-03
 6.427238810737083419e-03
 1.072957834813095812e-02
 1.774080974790962287e-02
 2.904361541564759799e-02
 4.706039371194101206e-02
 7.544227873435849219e-02
 1.196020980380257392e-01
 1.874216556057630156e-01
 2.901549899470908245e-01
 4.435276487446990767e-01
 6.689918048593166411e-01
 9.950332673849034970e-01
 1.458338087124297022e+00
 2.104521172966680176e+00
 2.988019331261721145e+00
 4.170697786302583587e+00
 5.718771692073527646e+00
 7.697866021400104231e+00
 1.016646602969461455e+01
 1.316861143673189538e+01
 1.672730333408852843e+01
 2.084042432983018500e+01
 2.548066242271110937e+01
 3.059982624675655316e+01
 3.613641543730008721e+01
 4.202420207714988720e+01
 4.819955423851950371e+01
 5.460618152843911588e+01
 6.119718030330116676e+01
 6.793504936810691675e+01
 7.479056487087248684e+01
 8.174124018632713273e+01
 8.876981403908116874e+01
 9.586296818548748888e+01
 1.030103236354304812e+02
 1.102036899214941741e+02
 1.174365167102710785e+02
 1.247034965767097106e+02
 1.320002766764204694e+02
 1.393232475960128625e+02
 1.466693867458234308e+02
 1.540361405351254405e+02
 1.614213344440626088e+02
 1.688231034496433267e+02
 1.762398375264438641e+02
 1.836701384751643786e+02
 1.911127853786875335e+02
 1.985667067095346852e+02
 2.060309576216088487e+02
 2.135047013226435979e+02
 2.209871936873690572e+02
 2.284777704653103569e+02
 2.359758365815514196e+02
 2.434808571375986617e+02
 2.509923498022810691e+02
 2.585098783461526182e+02
 2.660330471220559616e+02
 2.735614963328068825e+02
 2.810948979570540018e+02
 2.886329522281219511e+02
 2.961753845795683446e+02
 3.037219429863077380e+02
 3.112723956423596974e+02
 3.188265289261431121e+02
 3.263841456122912064e+02
 3.339450632955415585e+02
 3.415091129976646016e+02
 3.490761379328797602e+02
 3.566459924108993391e+02
 3.642185408598368781e+02
 3.717936569538102276e+02
 </DataArray>
 <DataArray Name="vel.y" type="Float32" NumberOfComponents="1" format="ascii">
 0.000000000000000000e+00
 -1.867035735882380611e-13
 0.000000000000000000e+00
 -1.843301363195992676e-13
 5.468374777290707153e-14
 1.822633964790969800e-13
 0.000000000000000000e+00
 1.845190811435762824e-13
 1.843309477404054793e-13
 0.000000000000000000e+00
 0.000000000000000000e+00
 0.000000000000000000e+00
 1.843292109187910790e-13
 1.844067508995438062e-13
 2.371906147860371682e-14
 1.842865064950787298e-13
 1.190457131369187283e-14
 -1.867040050251856471e-13
 4.737841492173386951e-15
 1.802664395269303469e-13
 1.661111493008937256e-14
 1.816168822792044367e-13
 -1.848523703104147516e-13
 0.000000000000000000e+00
 -3.807632400953230437e-14
 1.847286312170662350e-13
 1.866966575192209948e-13
 -6.433947638134817261e-14
 0.000000000000000000e+00
 0.000000000000000000e+00
 0.000000000000000000e+00
 0.000000000000000000e+00
 -1.069959250928231486e-13
 1.640296866791384083e-13
 3.565463154672692679e-14
 -1.867097661523835904e-13
 0.000000000000000000e+00
 -1.867007231551036648e-13
 3.329952173906903218e-14
 1.822759226413399743e-13
 -1.846563212798402322e-13
 0.000000000000000000e+00
 0.000000000000000000e+00
 0.000000000000000000e+00
 1.867035090105445033e-13
 1.837336092729596723e-13
 1.867056392096505044e-13
 1.845107009359338994e-13
 -9.509863238452543315e-15
 0.000000000000000000e+00
 -1.794985986638118913e-13
 1.815552289018005299e-13
 7.365472603963752311e-14
 1.827687262302557779e-13
 1.424906128485345826e-14
 -1.843248891142671844e-13
 3.559413132888072842e-14
 1.802520803001205723e-13
 0.000000000000000000e+00
 1.812296227035543766e-13
 -1.092105331721983718e-13
 0.000000000000000000e+00
 -1.843226904781731233e-13
 0.000000000000000000e+00
 -1.826950951578906236e-13
 1.831420278183649695e-13
 4.268502991610862896e-14
 1.801844999642593183e-13
 4.742624942314248538e-15
 1.846081496958309620e-13
 -1.842731401441509352e-13
 1.847517089739566944e-13
 1.897655174363682939e-14
 0.000000000000000000e+00
 0.000000000000000000e+00
 0.000000000000000000e+00
 -9.948692422659446288e-14
 1.830415899150085295e-13
 1.843266265142192938e-13
 -6.634163531613999652e-14
 0.000000000000000000e+00
 0.000000000000000000e+00
 0.000000000000000000e+00
 0.000000000000000000e+00
 -1.826448036144764668e-13
 1.849703235600007871e-13
 0.000000000000000000e+00
 -1.843270624453827079e-13
 0.000000000000000000e+00
 -1.843282201498933923e-13
 9.291554306931648612e-14
 1.844260618034927718e-13
 -1.823104432053291693e-13
 0.000000000000000000e+00
 0.000000000000000000e+00
 0.000000000000000000e+00
 0.000000000000000000e+00
 -1.781931531682172322e-13
 1.866131237320700376e-13
 1.818861273473595816e-13
 -5.478237256335284494e-14
 0.000000000000000000e+00
 0.000000000000000000e+00
 0.000000000000000000e+00
 1.806286910343669194e-13
 1.806253909552615769e-13
 6.663820357460341413e-14
 -1.866927181652492829e-13
 1.808400393726352877e-13
 1.841543546884908522e-13
 9.990277068429059114e-14
 1.842990709677487703e-13
 0.000000000000000000e+00
 -8.560815801402424716e-14
 1.863164119901640758e-13
 1.840513534383654469e-13
 -1.829720111194828413e-13
 1.841932210263760404e-13
 -1.867112804079896118e-13
 0.000000000000000000e+00
 7.373742515833446818e-14
 -6.897503940771901346e-14
 1.826204776751365129e-13
 1.816750694960908058e-13
 1.141807101392275481e-13
 1.191628077386669037e-14
 1.841576458521018857e-13
 1.844138890217737415e-13
 -3.571662564001532276e-14
 2.381045547744048873e-14
 1.846648939534519889e-13
 0.000000000000000000e+00
 0.000000000000000000e+00
 -1.804786652997634697e-13
 0.000000000000000000e+00
 1.815252215018209587e-13
 0.000000000000000000e+00
 0.000000000000000000e+00
 1.827142882281054759e-13
 1.822707746139064141e-13
 1.804051543540719119e-13
 3.322762390049296493e-14
 1.822428300397306166e-13
 1.834015898511379436e-13
 0.000000000000000000e+00
 0.000000000000000000e+00
 0.000000000000000000e+00
 0.000000000000000000e+00
 0.000000000000000000e+00
 0.000000000000000000e+00
 0.000000000000000000e+00
 0.000000000000000000e+00
 0.000000000000000000e+00
 0.000000000000000000e+00
 0.000000000000000000e+00
 0.000000000000000000e+00
 0.000000000000000000e+00
 0.000000000000000000e+00
 0.000000000000000000e+00
 0.000000000000000000e+00
 0.000000000000000000e+00
 0.000000000000000000e+00
 0.000000000000000000e+00
 0.000000000000000000e+00
 0.000000000000000000e+00
 0.000000000000000000e+00
 0.000000000000000000e+00
 0.000000000000000000e+00
 0.000000000000000000e+00
 0.000000000000000000e+00
 0.000000000000000000e+00
 0.000000000000000000e+00
 0.000000000000000000e+00
 0.000000000000000000e+00
 0.000000000000000000e+00
 -1.775573482809552985e-13
 1.871276453486118916e-13
 1.690582026106822650e-13
 1.823049124009066749e-13
 -1.724162131200832902e-13
 1.847207722555662015e-13
 1.142195754683725174e-13
 -1.570989095455562297e-13
 -1.665232791826643175e-13
 -3.080627737577546191e-14
 1.165636096617021923e-13
 5.961574897371118295e-14
 1.380148784554650145e-13
 -6.194717447613448804e-14
 2.452455062872976172e-13
 -1.976924971308709511e-13
 -1.428149449829707386e-13
 -1.691711537411379136e-13
 -1.546359126295252037e-13
 -3.318355303067306524e-14
 2.101106186731203466e-13
 1.936689896951879977e-14
 -2.355011476545237260e-14
 1.131509114653622719e-13
 3.635663816340067384e-14
 -1.180037362813850298e-13
 7.470380632146537145e-14
 -2.230425927502052463e-13
 2.405971138116679349e-13
 -2.610816370270503167e-13
 2.668560733803734863e-13
 -5.434618059261504308e-13
 3.338306100374421719e-13
 -1.819541365639627042e-13
 3.408483632696173646e-13
 -4.347372828672371221e-13
 2.824393647504158329e-13
 -4.220518932968592489e-13
 2.173014622187568036e-13
 -3.340811527822842244e-13
 7.759870095395978586e-14
 -2.688887898045982769e-13
 1.739976359687587729e-13
 -2.739644718466330490e-13
 -9.044416687651311957e-14
 -2.064656974416466315e-13
 -8.734094434103848217e-14
 1.767985889460935212e-13
 1.825790003738654610e-13
 1.176267677214038136e-13
 2.141663725762017333e-13
 2.106946986959781087e-13
 1.652267851904345422e-13
 1.721024772224182047e-13
 1.608568087918278829e-13
 3.008290130943137599e-14
 -4.668190037880261471e-14
 -1.245151304817354832e-13
 -3.777484734338219475e-14
 -7.627542869639018240e-14
 4.268316805475783161e-14
 1.367579374221324218e-13
 1.173471148414102768e-13
 6.987461150694374557e-14
 1.637346332727160991e-13
 1.790207115383358554e-13
 1.725167848882468319e-13
 1.593896173117668694e-13
 5.203310380587221421e-14
 -6.752386498497203938e-14
 1.615937967094798334e-13
 2.612974859949624661e-13
 3.382299749255410215e-13
 2.033685718075426277e-13
 1.715913942258061384e-13
 0.000000000000000000e+00
 1.867035735882380611e-13
 0.000000000000000000e+00
 1.843301363195994695e-13
 -5.468374777290707153e-14
 -1.822633964790969800e-13
 0.000000000000000000e+00
 -1.845190811435765096e-13
 -1.843309477404053026e-13
 0.000000000000000000e+00
 0.000000000000000000e+00
 0.000000000000000000e+00
 -1.843292109187902459e-13
 -1.844067508995444120e-13
 -2.371906147860371682e-14
 -1.842865064950787298e-13
 -1.190457131369184444e-14
 1.867040050251858238e-13
 -4.737841492173375118e-15
 -1.802664395269307508e-13
 -1.661111493008937256e-14
 -1.816168822792044367e-13
 1.848523703104136662e-13
 0.000000000000000000e+00
 3.807632400953230437e-14
 -1.847286312170662350e-13
 -1.866966575192205404e-13
 6.433947638134842504e-14
 0.000000000000000000e+00
 0.000000000000000000e+00
 0.000000000000000000e+00
 0.000000000000000000e+00
 1.069959250928221010e-13
 -1.640296866791398220e-13
 -3.565463154672692679e-14
 1.867097661523835904e-13
 0.000000000000000000e+00
 1.867007231551045988e-13
 -3.329952173906903218e-14
 -1.822759226413399743e-13
 1.846563212798402322e-13
 0.000000000000000000e+00
 0.000000000000000000e+00
 0.000000000000000000e+00
 -1.867035090105433673e-13
 -1.837336092729596723e-13
 -1.867056392096493432e-13
 -1.845107009359350354e-13
 9.509863238452543315e-15
 0.000000000000000000e+00
 1.794985986638118913e-13
 -1.815552289018005299e-13
 -7.365472603964017369e-14
 -1.827687262302504767e-13
 -1.424906128485334466e-14
 1.843248891142671844e-13
 -3.559413132888044443e-14
 -1.802520803001219355e-13
 0.000000000000000000e+00
 -1.812296227035543766e-13
 1.092105331721983718e-13
 0.000000000000000000e+00
 1.843226904781731233e-13
 0.000000000000000000e+00
 1.826950951578890333e-13
 -1.831420278183649695e-13
 -4.268502991610823138e-14
 -1.801844999642608329e-13
 -4.742624942314248538e-15
 -1.846081496958309620e-13
 1.842731401441509352e-13
 -1.847517089739566944e-13
 -1.897655174363682939e-14
 0.000000000000000000e+00
 0.000000000000000000e+00
 0.000000000000000000e+00
 9.948692422659346576e-14
 -1.830415899150146132e-13
 -1.843266265142246202e-13
 6.634163531613999652e-14
 0.000000000000000000e+00
 0.000000000000000000e+00
 0.000000000000000000e+00
 0.000000000000000000e+00
 1.826448036144743211e-13
 -1.849703235600007871e-13
 0.000000000000000000e+00
 1.843270624453893217e-13
 0.000000000000000000e+00
 1.843282201498933923e-13
 -9.291554306931648612e-14
 -1.844260618034927718e-13
 1.823104432053291693e-13
 0.000000000000000000e+00
 0.000000000000000000e+00
 0.000000000000000000e+00
 0.000000000000000000e+00
 1.781931531682220285e-13
 -1.866131237320647365e-13
 -1.818861273473595816e-13
 5.478237256335284494e-14
 0.000000000000000000e+00
 0.000000000000000000e+00
 0.000000000000000000e+00
 -1.806286910343733817e-13
 -1.806253909552615769e-13
 -6.663820357460341413e-14
 1.866927181652547608e-13
 -1.808400393726296079e-13
 -1.841543546884908522e-13
 -9.990277068429059114e-14
 -1.842990709677487703e-13
 0.000000000000000000e+00
 8.560815801402124318e-14
 -1.863164119901706391e-13
 -1.840513534383654469e-13
 1.829720111194828413e-13
 -1.841932210263819474e-13
 1.867112804079836039e-13
 0.000000000000000000e+00
 -7.373742515833446818e-14
 6.897503940771901346e-14
 -1.826204776751365129e-13
 -1.816750694960847473e-13
 -1.141807101392313094e-13
 -1.191628077386669037e-14
 -1.841576458521018857e-13
 -1.844138890217804058e-13
 3.571662564001404165e-14
 -2.381045547744126181e-14
 -1.846648939534459809e-13
 0.000000000000000000e+00
 0.000000000000000000e+00
 1.804786652997566540e-13
 0.000000000000000000e+00
 -1.815252215018209587e-13
 0.000000000000000000e+00
 0.000000000000000000e+00
 -1.827142882281043652e-13
 -1.822707746139064141e-13
 -1.804051543540719119e-13
 -3.322762390049296493e-14
 -1.822428300397306166e-13
 -1.834015898511370853e-13
 0.000000000000000000e+00
 0.000000000000000000e+00
 0.000000000000000000e+00
 0.000000000000000000e+00
 0.000000000000000000e+00
 0.000000000000000000e+00
 0.000000000000000000e+00
 0.000000000000000000e+00
 0.000000000000000000e+00
 0.000000000000000000e+00
 0.000000000000000000e+00
 0.000000000000000000e+00
 0.000000000000000000e+00
 0.000000000000000000e+00
 0.000000000000000000e+00
 0.000000000000000000e+00
 0.000000000000000000e+00
 0.000000000000000000e+00
 0.000000000000000000e+00
 0.000000000000000000e+00
 0.000000000000000000e+00
 0.000000000000000000e+00
 0.000000000000000000e+00
 0.000000000000000000e+00
 0.000000000000000000e+00
 0.000000000000000000e+00
 0.000000000000000000e+00
 0.000000000000000000e+00
 0.000000000000000000e+00
 0.000000000000000000e+00
 -4.814263144666606244e-19
 1.704085875773822519e-13
 -1.847483327772640873e-13
 -1.881191750782278786e-13
 -1.846858475559577281e-13
 1.485933728777755002e-13
 -1.799576741561777226e-13
 -2.119260755223647767e-13
 1.404218739878421008e-13
 8.556320692653852133e-14
 2.094839820273223143e-13
 -2.261828403529950806e-13
 5.722640208524681210e-14
 -2.166925224558819057e-13
 -1.000794379869054531e-13
 -7.836365826656606258e-14
 8.557336157547668333e-14
 7.131970512533076416e-14
 1.238786464951114973e-13
 -3.393480574651435308e-14
 1.073520629161287053e-13
 -1.049702302016155833e-13
 8.113960589438567718e-14
 5.245344145571459395e-14
 -7.782716228931692481e-15
 5.031845182209617844e-14
 4.565128229024443420e-14
 4.365330778517181918e-14
 -2.084604503503624959e-13
 2.262889822105212596e-13
 -3.319862048308406584e-13
 8.095250681223216699e-14
 -3.768090643074948545e-13
 4.716468131133010012e-13
 -3.639255236088621830e-13
 3.812904370513378558e-13
 -2.876460465998381785e-13
 3.887048914570815927e-13
 -3.253173333838862126e-13
 2.555544197481185492e-13
 -3.650726524948122637e-13
 2.356391142636711299e-13
 -3.250451327622253324e-13
 1.076683034509075857e-13
 -1.089298233166650713e-13
 1.276060726306967160e-13
 -3.107259617967916394e-14
 -3.409899047628635825e-14
 -1.675122976021758429e-13
 -1.693940116381152299e-13
 -3.473790878296005845e-13
 4.039913606806459868e-14
 -6.878473615743740494e-14
 -1.757970693143390679e-13
 -1.763060117923126834e-13
 -1.458980281554347707e-13
 -1.041481076531286616e-13
 3.524518798497065030e-14
 9.957475668808679054e-14
 1.442923521343313393e-13
 -1.603320929588342264e-14
 2.261084688955775349e-13
 1.397942690205285444e-13
 1.202001523076240781e-13
 1.129936649374573431e-14
 -1.224619002143566577e-13
 -1.544182031405770974e-13
 -1.527242920494271862e-13
 -1.401549693154356849e-13
 6.545170249978156214e-15
 -2.080108635285660553e-13
 1.758004549908474649e-13
 1.145542024528720350e-13
 3.237867039779557824e-13
 -7.016741446743137974e-14
 3.761910693722189832e-14
 </DataArray>
 <DataArray Name="vel.z" type="Float32" NumberOfComponents="1" format="ascii">
 0.000000000000000000e+00
 0.000000000000000000e+00
 0.000000000000000000e+00
 0.000000000000000000e+00
 0.000000000000000000e+00
 0.000000000000000000e+00
 0.000000000000000000e+00
 0.000000000000000000e+00
 0.000000000000000000e+00
 0.000000000000000000e+00
 0.000000000000000000e+00
 0.000000000000000000e+00
 0.000000000000000000e+00
 0.000000000000000000e+00
 0.000000000000000000e+00
 0.000000000000000000e+00
 0.000000000000000000e+00
 0.000000000000000000e+00
 0.000000000000000000e+00
 0.000000000000000000e+00
 0.000000000000000000e+00
 0.000000000000000000e+00
 0.000000000000000000e+00
 0.000000000000000000e+00
 0.000000000000000000e+00
 0.000000000000000000e+00
 0.000000000000000000e+00
 0.000000000000000000e+00
 0.000000000000000000e+00
 0.000000000000000000e+00
 0.000000000000000000e+00
 0.000000000000000000e+00
 0.000000000000000000e+00
 0.000000000000000000e+00
 0.000000000000000000e+00
 0.000000000000000000e+00
 0.000000000000000000e+00
 0.000000000000000000e+00
 0.000000000000000000e+00
 0.000000000000000000e+00
 0.000000000000000000e+00
 0.000000000000000000e+00
 0.000000000000000000e+00
 0.000000000000000000e+00
 0.000000000000000000e+00
 0.000000000000000000e+00
 0.000000000000000000e+00
 0.000000000000000000e+00
 0.000000000000000000e+00
 0.000000000000000000e+00
 0.000000000000000000e+00
 0.000000000000000000e+00
 0.000000000000000000e+00
 0.000000000000000000e+00
 0.000000000000000000e+00
 0.000000000000000000e+00
 0.000000000000000000e+00
 0.000000000000000000e+00
 0.000000000000000000e+00
 0.000000000000000000e+00
 0.000000000000000000e+00
 0.000000000000000000e+00
 0.000000000000000000e+00
 0.000000000000000000e+00
 0.000000000000000000e+00
 0.000000000000000000e+00
 0.000000000000000000e+00
 0.000000000000000000e+00
 0.000000000000000000e+00
 0.000000000000000000e+00
 0.000000000000000000e+00
 0.000000000000000000e+00
 0.000000000000000000e+00
 0.000000000000000000e+00
 0.000000000000000000e+00
 0.000000000000000000e+00
 0.000000000000000000e+00
 0.000000000000000000e+00
 0.000000000000000000e+00
 0.000000000000000000e+00
 0.000000000000000000e+00
 0.000000000000000000e+00
 0.000000000000000000e+00
 0.000000000000000000e+00
 0.000000000000000000e+00
 0.000000000000000000e+00
 0.000000000000000000e+00
 0.000000000000000000e+00
 0.000000000000000000e+00
 0.000000000000000000e+00
 0.000000000000000000e+00
 0.000000000000000000e+00
 0.000000000000000000e+00
 0.000000000000000000e+00
 0.000000000000000000e+00
 0.000000000000000000e+00
 0.000000000000000000e+00
 0.000000000000000000e+00
 0.000000000000000000e+00
 0.000000000000000000e+00
 0.000000000000000000e+00
 0.000000000000000000e+00
 0.000000000000000000e+00
 0.000000000000000000e+00
 0.000000000000000000e+00
 0.000000000000000000e+00
 0.000000000000000000e+00
 0.000000000000000000e+00
 0.000000000000000000e+00
 0.000000000000000000e+00
 0.000000000000000000e+00
 0.000000000000000000e+00
 0.000000000000000000e+00
 0.000000000000000000e+00
 0.000000000000000000e+00
 0.000000000000000000e+00
 0.000000000000000000e+00
 0.000000000000000000e+00
 0.000000000000000000e+00
 0.000000000000000000e+00
 0.000000000000000000e+00
 0.000000000000000000e+00
 0.000000000000000000e+00
 0.000000000000000000e+00
 0.000000000000000000e+00
 0.000000000000000000e+00
 0.000000000000000000e+00
 0.000000000000000000e+00
 0.000000000000000000e+00
 0.000000000000000000e+00
 0.000000000000000000e+00
 0.000000000000000000e+00
 0.000000000000000000e+00
 0.000000000000000000e+00
 0.000000000000000000e+00
 0.000000000000000000e+00
 0.000000000000000000e+00
 0.000000000000000000e+00
 0.000000000000000000e+00
 0.000000000000000000e+00
 0.000000000000000000e+00
 0.000000000000000000e+00
 0.000000000000000000e+00
 0.000000000000000000e+00
 0.000000000000000000e+00
 0.000000000000000000e+00
 0.000000000000000000e+00
 0.000000000000000000e+00
 0.000000000000000000e+00
 0.000000000000000000e+00
 0.000000000000000000e+00
 0.000000000000000000e+00
 0.000000000000000000e+00
 0.000000000000000000e+00
 0.000000000000000000e+00
 0.000000000000000000e+00
 0.000000000000000000e+00
 0.000000000000000000e+00
 0.000000000000000000e+00
 0.000000000000000000e+00
 0.000000000000000000e+00
 0.000000000000000000e+00
 0.000000000000000000e+00
 0.000000000000000000e+00
 0.000000000000000000e+00
 0.000000000000000000e+00
 0.000000000000000000e+00
 0.000000000000000000e+00
 0.000000000000000000e+00
 0.000000000000000000e+00
 0.000000000000000000e+00
 0.000000000000000000e+00
 0.000000000000000000e+00
 0.000000000000000000e+00
 0.000000000000000000e+00
 0.000000000000000000e+00
 0.000000000000000000e+00
 0.000000000000000000e+00
 0.000000000000000000e+00
 0.000000000000000000e+00
 0.000000000000000000e+00
 0.000000000000000000e+00
 0.000000000000000000e+00
 0.000000000000000000e+00
 0.000000000000000000e+00
 0.000000000000000000e+00
 0.000000000000000000e+00
 0.000000000000000000e+00
 0.000000000000000000e+00
 0.000000000000000000e+00
 0.000000000000000000e+00
 0.000000000000000000e+00
 0.000000000000000000e+00
 0.000000000000000000e+00
 0.000000000000000000e+00
 0.000000000000000000e+00
 0.000000000000000000e+00
 0.000000000000000000e+00
 0.000000000000000000e+00
 0.000000000000000000e+00
 0.000000000000000000e+00
 0.000000000000000000e+00
 0.000000000000000000e+00
 0.000000000000000000e+00
 0.000000000000000000e+00
 0.000000000000000000e+00
 0.000000000000000000e+00
 0.000000000000000000e+00
 0.000000000000000000e+00
 0.000000000000000000e+00
 0.000000000000000000e+00
 0.000000000000000000e+00
 0.000000000000000000e+00
 0.000000000000000000e+00
 0.000000000000000000e+00
 0.000000000000000000e+00
 0.000000000000000000e+00
 0.000000000000000000e+00
 0.000000000000000000e+00
 0.000000000000000000e+00
 0.000000000000000000e+00
 0.000000000000000000e+00
 0.000000000000000000e+00
 0.000000000000000000e+00
 0.000000000000000000e+00
 0.000000000000000000e+00
 0.000000000000000000e+00
 0.000000000000000000e+00
 0.000000000000000000e+00
 0.000000000000000000e+00
 0.000000000000000000e+00
 0.000000000000000000e+00
 0.000000000000000000e+00
 0.000000000000000000e+00
 0.000000000000000000e+00
 0.000000000000000000e+00
 0.000000000000000000e+00
 0.000000000000000000e+00
 0.000000000000000000e+00
 0.000000000000000000e+00
 0.000000000000000000e+00
 0.000000000000000000e+00
 0.000000000000000000e+00
 0.000000000000000000e+00
 0.000000000000000000e+00
 0.000000000000000000e+00
 0.000000000000000000e+00
 0.000000000000000000e+00
 0.000000000000000000e+00
 0.000000000000000000e+00
 0.000000000000000000e+00
 0.000000000000000000e+00
 0.000000000000000000e+00
 0.000000000000000000e+00
 0.000000000000000000e+00
 0.000000000000000000e+00
 0.000000000000000000e+00
 0.000000000000000000e+00
 0.000000000000000000e+00
 0.000000000000000000e+00
 0.000000000000000000e+00
 0.000000000000000000e+00
 0.000000000000000000e+00
 0.000000000000000000e+00
 0.000000000000000000e+00
 0.000000000000000000e+00
 0.000000000000000000e+00
 0.000000000000000000e+00
 0.000000000000000000e+00
 0.000000000000000000e+00
 0.000000000000000000e+00
 0.000000000000000000e+00
 0.000000000000000000e+00
 0.000000000000000000e+00
 0.000000000000000000e+00
 0.000000000000000000e+00
 0.000000000000000000e+00
 0.000000000000000000e+00
 0.000000000000000000e+00
 0.000000000000000000e+00
 0.000000000000000000e+00
 0.000000000000000000e+00
 0.000000000000000000e+00
 0.000000000000000000e+00
 0.000000000000000000e+00
 0.000000000000000000e+00
 0.000000000000000000e+00
 0.000000000000000000e+00
 0.000000000000000000e+00
 0.000000000000000000e+00
 0.000000000000000000e+00
 0.000000000000000000e+00
 0.000000000000000000e+00
 0.000000000000000000e+00
 0.000000000000000000e+00
 0.000000000000000000e+00
 0.000000000000000000e+00
 0.000000000000000000e+00
 0.000000000000000000e+00
 0.000000000000000000e+00
 0.000000000000000000e+00
 0.000000000000000000e+00
 0.000000000000000000e+00
 0.000000000000000000e+00
 0.000000000000000000e+00
 0.000000000000000000e+00
 0.000000000000000000e+00
 0.000000000000000000e+00
 0.000000000000000000e+00
 0.000000000000000000e+00
 0.000000000000000000e+00
 0.000000000000000000e+00
 0.000000000000000000e+00
 0.000000000000000000e+00
 0.000000000000000000e+00
 0.000000000000000000e+00
 0.000000000000000000e+00
 0.000000000000000000e+00
 0.000000000000000000e+00
 0.000000000000000000e+00
 0.000000000000000000e+00
 0.000000000000000000e+00
 0.000000000000000000e+00
 0.000000000000000000e+00
 0.000000000000000000e+00
 0.000000000000000000e+00
 0.000000000000000000e+00
 0.000000000000000000e+00
 0.000000000000000000e+00
 0.000000000000000000e+00
 0.000000000000000000e+00
 0.000000000000000000e+00
 0.000000000000000000e+00
 0.000000000000000000e+00
 0.000000000000000000e+00
 0.000000000000000000e+00
 0.000000000000000000e+00
 0.000000000000000000e+00
 0.000000000000000000e+00
 0.000000000000000000e+00
 0.000000000000000000e+00
 0.000000000000000000e+00
 0.000000000000000000e+00
 0.000000000000000000e+00
 0.000000000000000000e+00
 0.000000000000000000e+00
 0.000000000000000000e+00
 0.000000000000000000e+00
 0.000000000000000000e+00
 0.000000000000000000e+00
 0.000000000000000000e+00
 0.000000000000000000e+00
 0.000000000000000000e+00
 0.000000000000000000e+00
 0.000000000000000000e+00
 0.000000000000000000e+00
 0.000000000000000000e+00
 0.000000000000000000e+00
 0.000000000000000000e+00
 0.000000000000000000e+00
 0.000000000000000000e+00
 0.000000000000000000e+00
 0.000000000000000000e+00
 0.000000000000000000e+00
 0.000000000000000000e+00
 0.000000000000000000e+00
 0.000000000000000000e+00
 0.000000000000000000e+00
 0.000000000000000000e+00
 0.000000000000000000e+00
 0.000000000000000000e+00
 0.000000000000000000e+00
 0.000000000000000000e+00
 0.000000000000000000e+00
 0.000000000000000000e+00
 0.000000000000000000e+00
 0.000000000000000000e+00
 0.000000000000000000e+00
 0.000000000000000000e+00
 0.000000000000000000e+00
 0.000000000000000000e+00
 0.000000000000000000e+00
 0.000000000000000000e+00
 0.000000000000000000e+00
 0.000000000000000000e+00
 0.000000000000000000e+00
 0.000000000000000000e+00
 0.000000000000000000e+00
 0.000000000000000000e+00
 0.000000000000000000e+00
 0.000000000000000000e+00
 0.000000000000000000e+00
 0.000000000000000000e+00
 0.000000000000000000e+00
 0.000000000000000000e+00
 0.000000000000000000e+00
 0.000000000000000000e+00
 0.000000000000000000e+00
 0.000000000000000000e+00
 0.000000000000000000e+00
 0.000000000000000000e+00
 0.000000000000000000e+00
 0.000000000000000000e+00
 0.000000000000000000e+00
 0.000000000000000000e+00
 0.000000000000000000e+00
 0.000000000000000000e+00
 0.000000000000000000e+00
 0.000000000000000000e+00
 0.000000000000000000e+00
 0.000000000000000000e+00
 0.000000000000000000e+00
 0.000000000000000000e+00
 0.000000000000000000e+00
 0.000000000000000000e+00
 0.000000000000000000e+00
 0.000000000000000000e+00
 0.000000000000000000e+00
 0.000000000000000000e+00
 0.000000000000000000e+00
 0.000000000000000000e+00
 0.000000000000000000e+00
 0.000000000000000000e+00
 0.000000000000000000e+00
 0.000000000000000000e+00
 0.000000000000000000e+00
 0.000000000000000000e+00
 0.000000000000000000e+00
 0.000000000000000000e+00
 0.000000000000000000e+00
 0.000000000000000000e+00
 0.000000000000000000e+00
 0.000000000000000000e+00
 0.000000000000000000e+00
 0.000000000000000000e+00
 0.000000000000000000e+00
 0.000000000000000000e+00
 0.000000000000000000e+00
 0.000000000000000000e+00
 0.000000000000000000e+00
 0.000000000000000000e+00
 0.000000000000000000e+00
 0.000000000000000000e+00
 0.000000000000000000e+00
 0.000000000000000000e+00
 0.000000000000000000e+00
 0.000000000000000000e+00
 0.000000000000000000e+00
 0.000000000000000000e+00
 0.000000000000000000e+00
 0.000000000000000000e+00
 0.000000000000000000e+00
 0.000000000000000000e+00
 0.000000000000000000e+00
 0.000000000000000000e+00
 0.000000000000000000e+00
 0.000000000000000000e+00
 0.000000000000000000e+00
 0.000000000000000000e+00
 0.000000000000000000e+00
 0.000000000000000000e+00
 0.000000000000000000e+00
 0.000000000000000000e+00
 0.000000000000000000e+00
 0.000000000000000000e+00
 0.000000000000000000e+00
 0.000000000000000000e+00
 0.000000000000000000e+00
 0.000000000000000000e+00
 0.000000000000000000e+00
 0.000000000000000000e+00
 0.000000000000000000e+00
 0.000000000000000000e+00
 0.000000000000000000e+00
 0.000000000000000000e+00
 0.000000000000000000e+00
 0.000000000000000000e+00
 0.000000000000000000e+00
 0.000000000000000000e+00
 0.000000000000000000e+00
 0.000000000000000000e+00
 0.000000000000000000e+00
 0.000000000000000000e+00
 0.000000000000000000e+00
 0.000000000000000000e+00
 0.000000000000000000e+00
 0.000000000000000000e+00
 0.000000000000000000e+00
 0.000000000000000000e+00
 0.000000000000000000e+00
 0.000000000000000000e+00
 0.000000000000000000e+00
 0.000000000000000000e+00
 0.000000000000000000e+00
 0.000000000000000000e+00
 0.000000000000000000e+00
 0.000000000000000000e+00
 0.000000000000000000e+00
 0.000000000000000000e+00
 0.000000000000000000e+00
 </DataArray>
 <DataArray Name="p" type="Float32" NumberOfComponents="1" format="ascii">
 8.000000000000001164e+05
 8.000000000000001164e+05
 8.000000000000001164e+05
 8.000000000000002328e+05
 8.000000000000001164e+05
 8.000000000000001164e+05
 8.000000000000000000e+05
 8.000000000000000000e+05
 8.000000000000001164e+05
 8.000000000000001164e+05
 8.000000000000001164e+05
 8.000000000000001164e+05
 8.000000000000001164e+05
 8.000000000000002328e+05
 8.000000000000001164e+05
 8.000000000000001164e+05
 8.000000000000001164e+05
 8.000000000000001164e+05
 8.000000000000001164e+05
 8.000000000000001164e+05
 8.000000000000002328e+05
 8.000000000000002328e+05
 8.000000000000002328e+05
 8.000000000000001164e+05
 8.000000000000001164e+05
 8.000000000000001164e+05
 8.000000000000000000e+05
 7.999999999999998836e+05
 8.000000000000000000e+05
 7.999999999999998836e+05
 8.000000000000000000e+05
 8.000000000000001164e+05
 8.000000000000000000e+05
 8.000000000000000000e+05
 8.000000000000001164e+05
 8.000000000000001164e+05
 8.000000000000001164e+05
 8.000000000000000000e+05
 8.000000000000001164e+05
 8.000000000000000000e+05
 8.000000000000001164e+05
 8.000000000000000000e+05
 8.000000000000000000e+05
 8.000000000000000000e+05
 8.000000000000000000e+05
 8.000000000000000000e+05
 8.000000000000000000e+05
 8.000000000000000000e+05
 8.000000000000001164e+05
 8.000000000000001164e+05
 8.000000000000001164e+05
 8.000000000000001164e+05
 8.000000000000000000e+05
 8.000000000000000000e+05
 8.000000000000000000e+05
 8.000000000000001164e+05
 8.000000000000000000e+05
 8.000000000000001164e+05
 8.000000000000001164e+05
 8.000000000000000000e+05
 8.000000000000000000e+05
 8.000000000000001164e+05
 8.000000000000002328e+05
 8.000000000000000000e+05
 7.999999999999998836e+05
 8.000000000000001164e+05
 8.000000000000001164e+05
 8.000000000000001164e+05
 8.000000000000002328e+05
 8.000000000000001164e+05
 8.000000000000001164e+05
 8.000000000000001164e+05
 8.000000000000001164e+05
 8.000000000000001164e+05
 8.000000000000001164e+05
 8.000000000000001164e+05
 8.000000000000002328e+05
 8.000000000000001164e+05
 8.000000000000002328e+05
 8.000000000000002328e+05
 8.000000000000001164e+05
 8.000000000000002328e+05
 8.000000000000002328e+05
 8.000000000000002328e+05
 8.000000000000003492e+05
 8.000000000000002328e+05
 8.000000000000001164e+05
 8.000000000000002328e+05
 8.000000000000003492e+05
 8.000000000000002328e+05
 8.000000000000003492e+05
 8.000000000000002328e+05
 8.000000000000001164e+05
 8.000000000000001164e+05
 8.000000000000001164e+05
 8.000000000000001164e+05
 8.000000000000002328e+05
 8.000000000000001164e+05
 8.000000000000000000e+05
 8.000000000000000000e+05
 8.000000000000001164e+05
 8.000000000000001164e+05
 8.000000000000001164e+05
 8.000000000000000000e+05
 8.000000000000001164e+05
 8.000000000000001164e+05
 8.000000000000001164e+05
 8.000000000000001164e+05
 8.000000000000001164e+05
 8.000000000000001164e+05
 8.000000000000001164e+05
 8.000000000000001164e+05
 8.000000000000000000e+05
 8.000000000000000000e+05
 8.000000000000000000e+05
 8.000000000000002328e+05
 8.000000000000000000e+05
 8.000000000000001164e+05
 8.000000000000001164e+05
 8.000000000000001164e+05
 8.000000000000000000e+05
 8.000000000000000000e+05
 8.000000000000001164e+05
 8.000000000000000000e+05
 8.000000000000000000e+05
 8.000000000000003492e+05
 8.000000000000002328e+05
 8.000000000000001164e+05
 8.000000000000001164e+05
 8.000000000000001164e+05
 8.000000000000001164e+05
 8.000000000000000000e+05
 8.000000000000001164e+05
 8.000000000000001164e+05
 8.000000000000001164e+05
 8.000000000000001164e+05
 8.000000000000001164e+05
 8.000000000000001164e+05
 8.000000000000001164e+05
 8.000000000000001164e+05
 8.000000000000001164e+05
 8.000000000000001164e+05
 8.000000000000001164e+05
 8.000000000000001164e+05
 8.000000000000001164e+05
 8.000000000000001164e+05
 8.000000000000001164e+05
 8.000000000000001164e+05
 8.000000000000001164e+05
 8.000000000000002328e+05
 8.000000000000002328e+05
 8.000000000000002328e+05
 8.000000000000002328e+05
 7.999999999999997672e+05
 7.999999999999934807e+05
 7.999999999998775311e+05
 7.999999999992738012e+05
 7.999999999976133695e+05
 7.999999999939161353e+05
 7.999999999861266697e+05
 7.999999999698490137e+05
 7.999999999358884525e+05
 7.999999998653458897e+05
 7.999999997198081110e+05
 7.999999994219618384e+05
 7.999999988178409403e+05
 7.999999976052385755e+05
 7.999999952066859696e+05
 7.999999905757508241e+05
 7.999999819328211015e+05
 7.999999662900691619e+05
 7.999999384717211360e+05
 7.999998894343540305e+05
 7.999998035693666898e+05
 7.999996542848109966e+05
 7.999993967717783526e+05
 7.999989563057216583e+05
 7.999982095824556891e+05
 7.999969553532333812e+05
 7.999948688988278154e+05
 7.999914325527772307e+05
 7.999858314781868830e+05
 7.999768002396813827e+05
 7.999624016283956589e+05
 7.999397152875283500e+05
 7.999044111254550517e+05
 7.998501833015453303e+05
 7.997680277618283872e+05
 7.996453640064109350e+05
 7.994650347106958507e+05
 7.992042690955147846e+05
 7.988337684112611460e+05
 7.983171581819392741e+05
 7.976111333088903921e+05
 7.966666639062892646e+05
 7.954315820139297284e+05
 7.938546790787874488e+05
 7.918910819940142101e+05
 7.895081758833870990e+05
 7.866908436524129938e+05
 7.834445491337307030e+05
 7.797950899721760070e+05
 7.757847871142681688e+05
 7.714661244004960172e+05
 7.668947120093153790e+05
 7.621234052945146104e+05
 7.571985954246522160e+05
 7.521587089135624701e+05
 7.470343298299433663e+05
 7.418492079747158568e+05
 7.366215667113944655e+05
 7.313653609002367593e+05
 7.260913320173855172e+05
 7.208078284920264268e+05
 7.155214167308097240e+05
 7.102373264935946791e+05
 7.049597732790712034e+05
 6.996921924180827336e+05
 6.944374106921727071e+05
 6.891977738094419474e+05
 6.839752424688523170e+05
 6.787714657996495953e+05
 6.735878382667100523e+05
 6.684255443100776756e+05
 6.632855937528124778e+05
 6.581688501676283777e+05
 6.530760538079880644e+05
 6.480078402975677745e+05
 6.429647559773885878e+05
 6.379472705959195737e+05
 6.329557878698313143e+05
 6.279906543255336583e+05
 6.230521667429665104e+05
 6.181405784555915743e+05
 6.132561047086804174e+05
 6.083989272377924062e+05
 6.035691981980464188e+05
 5.987670435501436004e+05
 5.939925659896528814e+05
 5.892458474905601470e+05
 5.845269515216571745e+05
 5.798359249843463767e+05
 5.751727999123125337e+05
 5.705375949668991379e+05
 5.659303167566166958e+05
 5.613509610047498718e+05
 5.567995135853459360e+05
 5.522759514448192203e+05
 5.477802434238522546e+05
 5.433123509921497898e+05
 8.000000000000001164e+05
 8.000000000000001164e+05
 8.000000000000001164e+05
 8.000000000000002328e+05
 8.000000000000001164e+05
 8.000000000000001164e+05
 8.000000000000000000e+05
 8.000000000000000000e+05
 8.000000000000001164e+05
 8.000000000000001164e+05
 8.000000000000001164e+05
 8.000000000000001164e+05
 8.000000000000001164e+05
 8.000000000000002328e+05
 8.000000000000001164e+05
 8.000000000000001164e+05
 8.000000000000001164e+05
 8.000000000000001164e+05
 8.000000000000001164e+05
 8.000000000000001164e+05
 8.000000000000002328e+05
 8.000000000000002328e+05
 8.000000000000002328e+05
 8.000000000000001164e+05
 8.000000000000001164e+05
 8.000000000000001164e+05
 8.000000000000000000e+05
 7.999999999999998836e+05
 8.000000000000000000e+05
 7.999999999999998836e+05
 8.000000000000000000e+05
 8.000000000000001164e+05
 8.000000000000000000e+05
 8.000000000000000000e+05
 8.000000000000001164e+05
 8.000000000000001164e+05
 8.000000000000001164e+05
 8.000000000000000000e+05
 8.000000000000001164e+05
 8.000000000000000000e+05
 8.000000000000001164e+05
 8.000000000000000000e+05
 8.000000000000000000e+05
 8.000000000000000000e+05
 8.000000000000000000e+05
 8.000000000000000000e+05
 8.000000000000000000e+05
 8.000000000000000000e+05
 8.000000000000001164e+05
 8.000000000000001164e+05
 8.000000000000001164e+05
 8.000000000000001164e+05
 8.000000000000000000e+05
 8.000000000000000000e+05
 8.000000000000000000e+05
 8.000000000000001164e+05
 8.000000000000000000e+05
 8.000000000000001164e+05
 8.000000000000001164e+05
 8.000000000000000000e+05
 8.000000000000000000e+05
 8.000000000000001164e+05
 8.000000000000002328e+05
 8.000000000000000000e+05
 7.999999999999998836e+05
 8.000000000000001164e+05
 8.000000000000001164e+05
 8.000000000000001164e+05
 8.000000000000002328e+05
 8.000000000000001164e+05
 8.000000000000001164e+05
 8.000000000000001164e+05
 8.000000000000001164e+05
 8.000000000000001164e+05
 8.000000000000001164e+05
 8.000000000000001164e+05
 8.000000000000002328e+05
 8.000000000000001164e+05
 8.000000000000002328e+05
 8.000000000000002328e+05
 8.000000000000001164e+05
 8.000000000000002328e+05
 8.000000000000002328e+05
 8.000000000000002328e+05
 8.000000000000003492e+05
 8.000000000000002328e+05
 8.000000000000001164e+05
 8.000000000000002328e+05
 8.000000000000003492e+05
 8.000000000000002328e+05
 8.000000000000003492e+05
 8.000000000000002328e+05
 8.000000000000001164e+05
 8.000000000000001164e+05
 8.000000000000001164e+05
 8.000000000000001164e+05
 8.000000000000002328e+05
 8.000000000000001164e+05
 8.000000000000000000e+05
 8.000000000000000000e+05
 8.000000000000001164e+05
 8.000000000000001164e+05
 8.000000000000001164e+05
 8.000000000000000000e+05
 8.000000000000001164e+05
 8.000000000000001164e+05
 8.000000000000001164e+05
 8.000000000000001164e+05
 8.000000000000001164e+05
 8.000000000000001164e+05
 8.000000000000001164e+05
 8.000000000000001164e+05
 8.000000000000000000e+05
 8.000000000000000000e+05
 8.000000000000000000e+05
 8.000000000000002328e+05
 8.000000000000000000e+05
 8.000000000000001164e+05
 8.000000000000001164e+05
 8.000000000000001164e+05
 8.000000000000000000e+05
 8.000000000000000000e+05
 8.000000000000001164e+05
 8.000000000000000000e+05
 8.000000000000000000e+05
 8.000000000000003492e+05
 8.000000000000002328e+05
 8.000000000000001164e+05
 8.000000000000001164e+05
 8.000000000000001164e+05
 8.000000000000001164e+05
 8.000000000000000000e+05
 8.000000000000001164e+05
 8.000000000000001164e+05
 8.000000000000001164e+05
 8.000000000000001164e+05
 8.000000000000001164e+05
 8.000000000000001164e+05
 8.000000000000001164e+05
 8.000000000000001164e+05
 8.000000000000001164e+05
 8.000000000000001164e+05
 8.000000000000001164e+05
 8.000000000000001164e+05
 8.000000000000001164e+05
 8.000000000000001164e+05
 8.000000000000001164e+05
 8.000000000000001164e+05
 8.000000000000001164e+05
 8.000000000000002328e+05
 8.000000000000002328e+05
 8.000000000000002328e+05
 8.000000000000002328e+05
 7.999999999999997672e+05
 7.999999999999934807e+05
 7.999999999998775311e+05
 7.999999999992738012e+05
 7.999999999976133695e+05
 7.999999999939161353e+05
 7.999999999861266697e+05
 7.999999999698490137e+05
 7.999999999358884525e+05
 7.999999998653458897e+05
 7.999999997198081110e+05
 7.999999994219618384e+05
 7.999999988178409403e+05
 7.999999976052385755e+05
 7.999999952066859696e+05
 7.999999905757508241e+05
 7.999999819328211015e+05
 7.999999662900691619e+05
 7.999999384717211360e+05
 7.999998894343540305e+05
 7.999998035693666898e+05
 7.999996542848109966e+05
 7.999993967717784690e+05
 7.999989563057216583e+05
 7.999982095824556891e+05
 7.999969553532332648e+05
 7.999948688988278154e+05
 7.999914325527774636e+05
 7.999858314781874651e+05
 7.999768002396808006e+05
 7.999624016283956589e+05
 7.999397152875283500e+05
 7.999044111254554009e+05
 7.998501833015448647e+05
 7.997680277618292021e+05
 7.996453640064104693e+05
 7.994650347106956178e+05
 7.992042690955157159e+05
 7.988337684112607967e+05
 7.983171581819393905e+05
 7.976111333088900428e+05
 7.966666639062885661e+05
 7.954315820139299612e+05
 7.938546790787874488e+05
 7.918910819940144429e+05
 7.895081758833873319e+05
 7.866908436524127610e+05
 7.834445491337305866e+05
 7.797950899721760070e+05
 7.757847871142686345e+05
 7.714661244004961336e+05
 7.668947120093153790e+05
 7.621234052945146104e+05
 7.571985954246520996e+05
 7.521587089135623537e+05
 7.470343298299432499e+05
 7.418492079747160897e+05
 7.366215667113948148e+05
 7.313653609002369922e+05
 7.260913320173857501e+05
 7.208078284920265432e+05
 7.155214167308099568e+05
 7.102373264935950283e+05
 7.049597732790714363e+05
 6.996921924180827336e+05
 6.944374106921727071e+05
 6.891977738094419474e+05
 6.839752424688523170e+05
 6.787714657996495953e+05
 6.735878382667099359e+05
 6.684255443100774428e+05
 6.632855937528124778e+05
 6.581688501676284941e+05
 6.530760538079880644e+05
 6.480078402975676581e+05
 6.429647559773888206e+05
 6.379472705959194573e+05
 6.329557878698311979e+05
 6.279906543255337747e+05
 6.230521667429666268e+05
 6.181405784555919236e+05
 6.132561047086805338e+05
 6.083989272377924062e+05
 6.035691981980464188e+05
 5.987670435501431348e+05
 5.939925659896527650e+05
 5.892458474905601470e+05
 5.845269515216570580e+05
 5.798359249843463767e+05
 5.751727999123125337e+05
 5.705375949668993708e+05
 5.659303167566165794e+05
 5.613509610047496390e+05
 5.567995135853460524e+05
 5.522759514448189875e+05
 5.477802434238522546e+05
 5.433123509921496734e+05
 </DataArray>
 <DataArray Name="a" type="Float32" NumberOfComponents="1" format="ascii">
 1.664242062446128102e+03
 1.664242062446128102e+03
 1.664242062446128102e+03
 1.664242062446128102e+03
 1.664242062446128102e+03
 1.664242062446127875e+03
 1.664242062446127875e+03
 1.664242062446127875e+03
 1.664242062446128102e+03
 1.664242062446128102e+03
 1.664242062446128102e+03
 1.664242062446128102e+03
 1.664242062446128102e+03
 1.664242062446128102e+03
 1.664242062446128102e+03
 1.664242062446128102e+03
 1.664242062446128102e+03
 1.664242062446128102e+03
 1.664242062446128102e+03
 1.664242062446128102e+03
 1.664242062446128102e+03
 1.664242062446128102e+03
 1.664242062446128102e+03
 1.664242062446128102e+03
 1.664242062446128102e+03
 1.664242062446128102e+03
 1.664242062446127875e+03
 1.664242062446127647e+03
 1.664242062446127875e+03
 1.664242062446127647e+03
 1.664242062446127875e+03
 1.664242062446128102e+03
 1.664242062446127875e+03
 1.664242062446127875e+03
 1.664242062446128102e+03
 1.664242062446128102e+03
 1.664242062446128102e+03
 1.664242062446127875e+03
 1.664242062446128102e+03
 1.664242062446127875e+03
 1.664242062446128102e+03
 1.664242062446127875e+03
 1.664242062446127875e+03
 1.664242062446127875e+03
 1.664242062446127875e+03
 1.664242062446128102e+03
 1.664242062446127875e+03
 1.664242062446127875e+03
 1.664242062446128102e+03
 1.664242062446128102e+03
 1.664242062446128102e+03
 1.664242062446128102e+03
 1.664242062446127875e+03
 1.664242062446127875e+03
 1.664242062446127875e+03
 1.664242062446128102e+03
 1.664242062446127875e+03
 1.664242062446128102e+03
 1.664242062446128102e+03
 1.664242062446127875e+03
 1.664242062446127875e+03
 1.664242062446128102e+03
 1.664242062446128102e+03
 1.664242062446127875e+03
 1.664242062446127647e+03
 1.664242062446128102e+03
 1.664242062446128102e+03
 1.664242062446128102e+03
 1.664242062446128102e+03
 1.664242062446128102e+03
 1.664242062446128102e+03
 1.664242062446128102e+03
 1.664242062446128102e+03
 1.664242062446128102e+03
 1.664242062446128102e+03
 1.664242062446128102e+03
 1.664242062446128102e+03
 1.664242062446128102e+03
 1.664242062446128102e+03
 1.664242062446128102e+03
 1.664242062446128102e+03
 1.664242062446128102e+03
 1.664242062446128102e+03
 1.664242062446128102e+03
 1.664242062446128330e+03
 1.664242062446128102e+03
 1.664242062446128102e+03
 1.664242062446128102e+03
 1.664242062446128330e+03
 1.664242062446128102e+03
 1.664242062446128330e+03
 1.664242062446128102e+03
 1.664242062446128102e+03
 1.664242062446128102e+03
 1.664242062446128102e+03
 1.664242062446128102e+03
 1.664242062446128102e+03
 1.664242062446128102e+03
 1.664242062446127875e+03
 1.664242062446127875e+03
 1.664242062446128102e+03
 1.664242062446128102e+03
 1.664242062446128102e+03
 1.664242062446128102e+03
 1.664242062446128102e+03
 1.664242062446128102e+03
 1.664242062446128102e+03
 1.664242062446128102e+03
 1.664242062446128102e+03
 1.664242062446128102e+03
 1.664242062446128102e+03
 1.664242062446128102e+03
 1.664242062446127875e+03
 1.664242062446127875e+03
 1.664242062446127875e+03
 1.664242062446127647e+03
 1.664242062446127875e+03
 1.664242062446128102e+03
 1.664242062446128102e+03
 1.664242062446128102e+03
 1.664242062446127875e+03
 1.664242062446127875e+03
 1.664242062446128102e+03
 1.664242062446127875e+03
 1.664242062446127875e+03
 1.664242062446128330e+03
 1.664242062446128102e+03
 1.664242062446128102e+03
 1.664242062446128102e+03
 1.664242062446128102e+03
 1.664242062446128102e+03
 1.664242062446127875e+03
 1.664242062446128102e+03
 1.664242062446128102e+03
 1.664242062446128102e+03
 1.664242062446128102e+03
 1.664242062446128102e+03
 1.664242062446128102e+03
 1.664242062446128102e+03
 1.664242062446128102e+03
 1.664242062446128102e+03
 1.664242062446128102e+03
 1.664242062446128102e+03
 1.664242062446128102e+03
 1.664242062446128102e+03
 1.664242062446128102e+03
 1.664242062446128102e+03
 1.664242062446128102e+03
 1.664242062446128102e+03
 1.664242062446128102e+03
 1.664242062446128102e+03
 1.664242062446128102e+03
 1.664242062446128102e+03
 1.664242062446128102e+03
 1.664242062446125601e+03
 1.664242062446077398e+03
 1.664242062445825923e+03
 1.664242062445135161e+03
 1.664242062443596978e+03
 1.664242062440355767e+03
 1.664242062433583442e+03
 1.664242062419453760e+03
 1.664242062390103683e+03
 1.664242062329550890e+03
 1.664242062205629509e+03
 1.664242061954277915e+03
 1.664242061449762105e+03
 1.664242060451819270e+03
 1.664242058525070206e+03
 1.664242054929088454e+03
 1.664242048420756873e+03
 1.664242036846640303e+03
 1.664242016444125966e+03
 1.664241980719089725e+03
 1.664241918607663820e+03
 1.664241811466608397e+03
 1.664241628205925508e+03
 1.664241317523424414e+03
 1.664240795686924912e+03
 1.664239927592135018e+03
 1.664238497854584011e+03
 1.664236167442522856e+03
 1.664232409831667610e+03
 1.664226418958787463e+03
 1.664216979613443982e+03
 1.664202289818831332e+03
 1.664179725037496155e+03
 1.664145536937745419e+03
 1.664094486653027843e+03
 1.664019425880941526e+03
 1.663910860463683548e+03
 1.663756560623139649e+03
 1.663541317241358684e+03
 1.663246977052388957e+03
 1.662852907480609701e+03
 1.662337024293114837e+03
 1.661677440918105958e+03
 1.660854654737338706e+03
 1.659853984756469345e+03
 1.658667769696136929e+03
 1.657296725854049555e+03
 1.655749968812299585e+03
 1.654043571606286832e+03
 1.652198039578265252e+03
 1.650235450124929685e+03
 1.648177012822672168e+03
 1.646041488978747338e+03
 1.643844510868755151e+03
 1.641598576998866292e+03
 1.639313427298702209e+03
 1.636996556465981939e+03
 1.634653717819335498e+03
 1.632289350615168360e+03
 1.629906914533537247e+03
 1.627509139841949263e+03
 1.625098210138701006e+03
 1.622675894729896982e+03
 1.620243644721827650e+03
 1.617802663396560547e+03
 1.615353958411790700e+03
 1.612898381075945281e+03
 1.610436656325473223e+03
 1.607969405917942822e+03
 1.605497166600228411e+03
 1.603020404500632822e+03
 1.600539526644972284e+03
 1.598054890255335067e+03
 1.595566810320540299e+03
 1.593075565806221675e+03
 1.590581404784525148e+03
 1.588084548698835761e+03
 1.585585195930753343e+03
 1.583083524800301575e+03
 1.580579696102708567e+03
 1.578073855263958421e+03
 1.575566134180889321e+03
 1.573056652798870346e+03
 1.570545520470035399e+03
 1.568032837127164385e+03
 1.565518694301965752e+03
 1.563003176011470487e+03
 1.560486359532207643e+03
 1.557968316078508451e+03
 1.555449111398625291e+03
 1.552928806300151109e+03
 1.550407457114430144e+03
 1.547885116108152260e+03
 1.545361831849076225e+03
 1.542837649531801844e+03
 1.540312611268646151e+03
 1.664242062446128102e+03
 1.664242062446128102e+03
 1.664242062446128102e+03
 1.664242062446128102e+03
 1.664242062446128102e+03
 1.664242062446127875e+03
 1.664242062446127875e+03
 1.664242062446127875e+03
 1.664242062446128102e+03
 1.664242062446128102e+03
 1.664242062446128102e+03
 1.664242062446128102e+03
 1.664242062446128102e+03
 1.664242062446128102e+03
 1.664242062446128102e+03
 1.664242062446128102e+03
 1.664242062446128102e+03
 1.664242062446128102e+03
 1.664242062446128102e+03
 1.664242062446128102e+03
 1.664242062446128102e+03
 1.664242062446128102e+03
 1.664242062446128102e+03
 1.664242062446128102e+03
 1.664242062446128102e+03
 1.664242062446128102e+03
 1.664242062446127875e+03
 1.664242062446127647e+03
 1.664242062446127875e+03
 1.664242062446127647e+03
 1.664242062446127875e+03
 1.664242062446128102e+03
 1.664242062446127875e+03
 1.664242062446127875e+03
 1.664242062446128102e+03
 1.664242062446128102e+03
 1.664242062446128102e+03
 1.664242062446127875e+03
 1.664242062446128102e+03
 1.664242062446127875e+03
 1.664242062446128102e+03
 1.664242062446127875e+03
 1.664242062446127875e+03
 1.664242062446127875e+03
 1.664242062446127875e+03
 1.664242062446128102e+03
 1.664242062446127875e+03
 1.664242062446127875e+03
 1.664242062446128102e+03
 1.664242062446128102e+03
 1.664242062446128102e+03
 1.664242062446128102e+03
 1.664242062446127875e+03
 1.664242062446127875e+03
 1.664242062446127875e+03
 1.664242062446128102e+03
 1.664242062446127875e+03
 1.664242062446128102e+03
 1.664242062446128102e+03
 1.664242062446127875e+03
 1.664242062446127875e+03
 1.664242062446128102e+03
 1.664242062446128102e+03
 1.664242062446127875e+03
 1.664242062446127647e+03
 1.664242062446128102e+03
 1.664242062446128102e+03
 1.664242062446128102e+03
 1.664242062446128102e+03
 1.664242062446128102e+03
 1.664242062446128102e+03
 1.664242062446128102e+03
 1.664242062446128102e+03
 1.664242062446128102e+03
 1.664242062446128102e+03
 1.664242062446128102e+03
 1.664242062446128102e+03
 1.664242062446128102e+03
 1.664242062446128102e+03
 1.664242062446128102e+03
 1.664242062446128102e+03
 1.664242062446128102e+03
 1.664242062446128102e+03
 1.664242062446128102e+03
 1.664242062446128330e+03
 1.664242062446128102e+03
 1.664242062446128102e+03
 1.664242062446128102e+03
 1.664242062446128330e+03
 1.664242062446128102e+03
 1.664242062446128330e+03
 1.664242062446128102e+03
 1.664242062446128102e+03
 1.664242062446128102e+03
 1.664242062446128102e+03
 1.664242062446128102e+03
 1.664242062446128102e+03
 1.664242062446128102e+03
 1.664242062446127875e+03
 1.664242062446127875e+03
 1.664242062446128102e+03
 1.664242062446128102e+03
 1.664242062446128102e+03
 1.664242062446128102e+03
 1.664242062446128102e+03
 1.664242062446128102e+03
 1.664242062446128102e+03
 1.664242062446128102e+03
 1.664242062446128102e+03
 1.664242062446128102e+03
 1.664242062446128102e+03
 1.664242062446128102e+03
 1.664242062446127875e+03
 1.664242062446127875e+03
 1.664242062446127875e+03
 1.664242062446127647e+03
 1.664242062446127875e+03
 1.664242062446128102e+03
 1.664242062446128102e+03
 1.664242062446128102e+03
 1.664242062446127875e+03
 1.664242062446127875e+03
 1.664242062446128102e+03
 1.664242062446127875e+03
 1.664242062446127875e+03
 1.664242062446128330e+03
 1.664242062446128102e+03
 1.664242062446128102e+03
 1.664242062446128102e+03
 1.664242062446128102e+03
 1.664242062446128102e+03
 1.664242062446127875e+03
 1.664242062446128102e+03
 1.664242062446128102e+03
 1.664242062446128102e+03
 1.664242062446128102e+03
 1.664242062446128102e+03
 1.664242062446128102e+03
 1.664242062446128102e+03
 1.664242062446128102e+03
 1.664242062446128102e+03
 1.664242062446128102e+03
 1.664242062446128102e+03
 1.664242062446128102e+03
 1.664242062446128102e+03
 1.664242062446128102e+03
 1.664242062446128102e+03
 1.664242062446128102e+03
 1.664242062446128102e+03
 1.664242062446128102e+03
 1.664242062446128102e+03
 1.664242062446128102e+03
 1.664242062446128102e+03
 1.664242062446128102e+03
 1.664242062446125601e+03
 1.664242062446077398e+03
 1.664242062445825923e+03
 1.664242062445135161e+03
 1.664242062443596978e+03
 1.664242062440355767e+03
 1.664242062433583442e+03
 1.664242062419453760e+03
 1.664242062390103683e+03
 1.664242062329550890e+03
 1.664242062205629509e+03
 1.664242061954277915e+03
 1.664242061449762105e+03
 1.664242060451819270e+03
 1.664242058525070206e+03
 1.664242054929088454e+03
 1.664242048420756873e+03
 1.664242036846640303e+03
 1.664242016444125966e+03
 1.664241980719089725e+03
 1.664241918607663592e+03
 1.664241811466608851e+03
 1.664241628205925508e+03
 1.664241317523424414e+03
 1.664240795686924912e+03
 1.664239927592135018e+03
 1.664238497854583557e+03
 1.664236167442523310e+03
 1.664232409831667383e+03
 1.664226418958787463e+03
 1.664216979613444209e+03
 1.664202289818831332e+03
 1.664179725037496155e+03
 1.664145536937745646e+03
 1.664094486653027616e+03
 1.664019425880941071e+03
 1.663910860463684003e+03
 1.663756560623139649e+03
 1.663541317241358456e+03
 1.663246977052389184e+03
 1.662852907480609247e+03
 1.662337024293114382e+03
 1.661677440918106186e+03
 1.660854654737338478e+03
 1.659853984756469117e+03
 1.658667769696137157e+03
 1.657296725854049100e+03
 1.655749968812299130e+03
 1.654043571606287060e+03
 1.652198039578265707e+03
 1.650235450124930139e+03
 1.648177012822671486e+03
 1.646041488978746656e+03
 1.643844510868755606e+03
 1.641598576998866292e+03
 1.639313427298702663e+03
 1.636996556465981712e+03
 1.634653717819335043e+03
 1.632289350615168360e+03
 1.629906914533536792e+03
 1.627509139841950173e+03
 1.625098210138701461e+03
 1.622675894729897209e+03
 1.620243644721827422e+03
 1.617802663396560774e+03
 1.615353958411790927e+03
 1.612898381075945281e+03
 1.610436656325472995e+03
 1.607969405917942822e+03
 1.605497166600228184e+03
 1.603020404500632822e+03
 1.600539526644972739e+03
 1.598054890255335067e+03
 1.595566810320539844e+03
 1.593075565806221448e+03
 1.590581404784525375e+03
 1.588084548698835761e+03
 1.585585195930753343e+03
 1.583083524800301802e+03
 1.580579696102708795e+03
 1.578073855263958649e+03
 1.575566134180889776e+03
 1.573056652798870800e+03
 1.570545520470035399e+03
 1.568032837127165067e+03
 1.565518694301965979e+03
 1.563003176011470487e+03
 1.560486359532207643e+03
 1.557968316078508678e+03
 1.555449111398625291e+03
 1.552928806300150427e+03
 1.550407457114429917e+03
 1.547885116108152488e+03
 1.545361831849076225e+03
 1.542837649531802072e+03
 1.540312611268646378e+03
 </DataArray>
 <DataArray Name="mu" type="Float32" NumberOfComponents="1" format="ascii">
 3.942699047786300175e-05
 3.942699047786300175e-05
 3.942699047786300175e-05
 3.942699047786300175e-05
 3.942699047786300175e-05
 3.942699047786300175e-05
 3.942699047786300175e-05
 3.942699047786300175e-05
 3.942699047786300175e-05
 3.942699047786300175e-05
 3.942699047786300175e-05
 3.942699047786300175e-05
 3.942699047786300175e-05
 3.942699047786300175e-05
 3.942699047786300175e-05
 3.942699047786300175e-05
 3.942699047786300175e-05
 3.942699047786300175e-05
 3.942699047786300175e-05
 3.942699047786300175e-05
 3.942699047786300175e-05
 3.942699047786300175e-05
 3.942699047786300175e-05
 3.942699047786300175e-05
 3.942699047786300175e-05
 3.942699047786300175e-05
 3.942699047786300175e-05
 3.942699047786300175e-05
 3.942699047786300175e-05
 3.942699047786300175e-05
 3.942699047786300175e-05
 3.942699047786300175e-05
 3.942699047786300175e-05
 3.942699047786300175e-05
 3.942699047786300175e-05
 3.942699047786300175e-05
 3.942699047786300175e-05
 3.942699047786300175e-05
 3.942699047786300175e-05
 3.942699047786300175e-05
 3.942699047786300175e-05
 3.942699047786300175e-05
 3.942699047786300175e-05
 3.942699047786300175e-05
 3.942699047786300175e-05
 3.942699047786300175e-05
 3.942699047786300175e-05
 3.942699047786300175e-05
 3.942699047786300175e-05
 3.942699047786300175e-05
 3.942699047786300175e-05
 3.942699047786300175e-05
 3.942699047786300175e-05
 3.942699047786300175e-05
 3.942699047786300175e-05
 3.942699047786300175e-05
 3.942699047786300175e-05
 3.942699047786300175e-05
 3.942699047786300175e-05
 3.942699047786300175e-05
 3.942699047786300175e-05
 3.942699047786300175e-05
 3.942699047786300175e-05
 3.942699047786300175e-05
 3.942699047786300175e-05
 3.942699047786300175e-05
 3.942699047786300175e-05
 3.942699047786300175e-05
 3.942699047786300175e-05
 3.942699047786300175e-05
 3.942699047786300175e-05
 3.942699047786300175e-05
 3.942699047786300175e-05
 3.942699047786300175e-05
 3.942699047786300175e-05
 3.942699047786300175e-05
 3.942699047786300175e-05
 3.942699047786300175e-05
 3.942699047786300175e-05
 3.942699047786300175e-05
 3.942699047786300175e-05
 3.942699047786300175e-05
 3.942699047786300175e-05
 3.942699047786300175e-05
 3.942699047786300175e-05
 3.942699047786300175e-05
 3.942699047786300175e-05
 3.942699047786300175e-05
 3.942699047786300175e-05
 3.942699047786300175e-05
 3.942699047786300175e-05
 3.942699047786300175e-05
 3.942699047786300175e-05
 3.942699047786300175e-05
 3.942699047786300175e-05
 3.942699047786300175e-05
 3.942699047786300175e-05
 3.942699047786300175e-05
 3.942699047786300175e-05
 3.942699047786300175e-05
 3.942699047786300175e-05
 3.942699047786300175e-05
 3.942699047786300175e-05
 3.942699047786300175e-05
 3.942699047786300175e-05
 3.942699047786300175e-05
 3.942699047786300175e-05
 3.942699047786300175e-05
 3.942699047786300175e-05
 3.942699047786300175e-05
 3.942699047786300175e-05
 3.942699047786300175e-05
 3.942699047786300175e-05
 3.942699047786300175e-05
 3.942699047786300175e-05
 3.942699047786300175e-05
 3.942699047786300175e-05
 3.942699047786300175e-05
 3.942699047786300175e-05
 3.942699047786300175e-05
 3.942699047786300175e-05
 3.942699047786300175e-05
 3.942699047786300175e-05
 3.942699047786300175e-05
 3.942699047786300175e-05
 3.942699047786300175e-05
 3.942699047786300175e-05
 3.942699047786300175e-05
 3.942699047786300175e-05
 3.942699047786300175e-05
 3.942699047786300175e-05
 3.942699047786300175e-05
 3.942699047786300175e-05
 3.942699047786300175e-05
 3.942699047786300175e-05
 3.942699047786300175e-05
 3.942699047786300175e-05
 3.942699047786300175e-05
 3.942699047786300175e-05
 3.942699047786300175e-05
 3.942699047786300175e-05
 3.942699047786300175e-05
 3.942699047786300175e-05
 3.942699047786300175e-05
 3.942699047786300175e-05
 3.942699047786300175e-05
 3.942699047786300175e-05
 3.942699047786300175e-05
 3.942699047786300175e-05
 3.942699047786300175e-05
 3.942699047786300175e-05
 3.942699047786300175e-05
 3.942699047786300175e-05
 3.942699047786300175e-05
 3.942699047786300175e-05
 3.942699047786300175e-05
 3.942699047786300175e-05
 3.942699047786300175e-05
 3.942699047786300175e-05
 3.942699047786300175e-05
 3.942699047786300175e-05
 3.942699047786300175e-05
 3.942699047786300175e-05
 3.942699047786300175e-05
 3.942699047786300175e-05
 3.942699047786300175e-05
 3.942699047786300175e-05
 3.942699047786300175e-05
 3.942699047786300175e-05
 3.942699047786300175e-05
 3.942699047786300175e-05
 3.942699047786300175e-05
 3.942699047786300175e-05
 3.942699047786300175e-05
 3.942699047786300175e-05
 3.942699047786300175e-05
 3.942699047786300175e-05
 3.942699047786300175e-05
 3.942699047786300175e-05
 3.942699047786300175e-05
 3.942699047786300175e-05
 3.942699047786300175e-05
 3.942699047786300175e-05
 3.942699047786300175e-05
 3.942699047786300175e-05
 3.942699047786300175e-05
 3.942699047786300175e-05
 3.942699047786300175e-05
 3.942699047786300175e-05
 3.942699047786300175e-05
 3.942699047786300175e-05
 3.942699047786300175e-05
 3.942699047786300175e-05
 3.942699047786300175e-05
 3.942699047786300175e-05
 3.942699047786300175e-05
 3.942699047786300175e-05
 3.942699047786300175e-05
 3.942699047786300175e-05
 3.942699047786300175e-05
 3.942699047786300175e-05
 3.942699047786300175e-05
 3.942699047786300175e-05
 3.942699047786300175e-05
 3.942699047786300175e-05
 3.942699047786300175e-05
 3.942699047786300175e-05
 3.942699047786300175e-05
 3.942699047786300175e-05
 3.942699047786300175e-05
 3.942699047786300175e-05
 3.942699047786300175e-05
 3.942699047786300175e-05
 3.942699047786300175e-05
 3.942699047786300175e-05
 3.942699047786300175e-05
 3.942699047786300175e-05
 3.942699047786300175e-05
 3.942699047786300175e-05
 3.942699047786300175e-05
 3.942699047786300175e-05
 3.942699047786300175e-05
 3.942699047786300175e-05
 3.942699047786300175e-05
 3.942699047786300175e-05
 3.942699047786300175e-05
 3.942699047786300175e-05
 3.942699047786300175e-05
 3.942699047786300175e-05
 3.942699047786300175e-05
 3.942699047786300175e-05
 3.942699047786300175e-05
 3.942699047786300175e-05
 3.942699047786300175e-05
 3.942699047786300175e-05
 3.942699047786300175e-05
 3.942699047786300175e-05
 3.942699047786300175e-05
 3.942699047786300175e-05
 3.942699047786300175e-05
 3.942699047786300175e-05
 3.942699047786300175e-05
 3.942699047786300175e-05
 3.942699047786300175e-05
 3.942699047786300175e-05
 3.942699047786300175e-05
 3.942699047786300175e-05
 3.942699047786300175e-05
 3.942699047786300175e-05
 3.942699047786300175e-05
 3.942699047786300175e-05
 3.942699047786300175e-05
 3.942699047786300175e-05
 3.942699047786300175e-05
 3.942699047786300175e-05
 3.942699047786300175e-05
 3.942699047786300175e-05
 3.942699047786300175e-05
 3.942699047786300175e-05
 3.942699047786300175e-05
 3.942699047786300175e-05
 3.942699047786300175e-05
 3.942699047786300175e-05
 3.942699047786300175e-05
 3.942699047786300175e-05
 3.942699047786300175e-05
 3.942699047786300175e-05
 3.942699047786300175e-05
 3.942699047786300175e-05
 3.942699047786300175e-05
 3.942699047786300175e-05
 3.942699047786300175e-05
 3.942699047786300175e-05
 3.942699047786300175e-05
 3.942699047786300175e-05
 3.942699047786300175e-05
 3.942699047786300175e-05
 3.942699047786300175e-05
 3.942699047786300175e-05
 3.942699047786300175e-05
 3.942699047786300175e-05
 3.942699047786300175e-05
 3.942699047786300175e-05
 3.942699047786300175e-05
 3.942699047786300175e-05
 3.942699047786300175e-05
 3.942699047786300175e-05
 3.942699047786300175e-05
 3.942699047786300175e-05
 3.942699047786300175e-05
 3.942699047786300175e-05
 3.942699047786300175e-05
 3.942699047786300175e-05
 3.942699047786300175e-05
 3.942699047786300175e-05
 3.942699047786300175e-05
 3.942699047786300175e-05
 3.942699047786300175e-05
 3.942699047786300175e-05
 3.942699047786300175e-05
 3.942699047786300175e-05
 3.942699047786300175e-05
 3.942699047786300175e-05
 3.942699047786300175e-05
 3.942699047786300175e-05
 3.942699047786300175e-05
 3.942699047786300175e-05
 3.942699047786300175e-05
 3.942699047786300175e-05
 3.942699047786300175e-05
 3.942699047786300175e-05
 3.942699047786300175e-05
 3.942699047786300175e-05
 3.942699047786300175e-05
 3.942699047786300175e-05
 3.942699047786300175e-05
 3.942699047786300175e-05
 3.942699047786300175e-05
 3.942699047786300175e-05
 3.942699047786300175e-05
 3.942699047786300175e-05
 3.942699047786300175e-05
 3.942699047786300175e-05
 3.942699047786300175e-05
 3.942699047786300175e-05
 3.942699047786300175e-05
 3.942699047786300175e-05
 3.942699047786300175e-05
 3.942699047786300175e-05
 3.942699047786300175e-05
 3.942699047786300175e-05
 3.942699047786300175e-05
 3.942699047786300175e-05
 3.942699047786300175e-05
 3.942699047786300175e-05
 3.942699047786300175e-05
 3.942699047786300175e-05
 3.942699047786300175e-05
 3.942699047786300175e-05
 3.942699047786300175e-05
 3.942699047786300175e-05
 3.942699047786300175e-05
 3.942699047786300175e-05
 3.942699047786300175e-05
 3.942699047786300175e-05
 3.942699047786300175e-05
 3.942699047786300175e-05
 3.942699047786300175e-05
 3.942699047786300175e-05
 3.942699047786300175e-05
 3.942699047786300175e-05
 3.942699047786300175e-05
 3.942699047786300175e-05
 3.942699047786300175e-05
 3.942699047786300175e-05
 3.942699047786300175e-05
 3.942699047786300175e-05
 3.942699047786300175e-05
 3.942699047786300175e-05
 3.942699047786300175e-05
 3.942699047786300175e-05
 3.942699047786300175e-05
 3.942699047786300175e-05
 3.942699047786300175e-05
 3.942699047786300175e-05
 3.942699047786300175e-05
 3.942699047786300175e-05
 3.942699047786300175e-05
 3.942699047786300175e-05
 3.942699047786300175e-05
 3.942699047786300175e-05
 3.942699047786300175e-05
 3.942699047786300175e-05
 3.942699047786300175e-05
 3.942699047786300175e-05
 3.942699047786300175e-05
 3.942699047786300175e-05
 3.942699047786300175e-05
 3.942699047786300175e-05
 3.942699047786300175e-05
 3.942699047786300175e-05
 3.942699047786300175e-05
 3.942699047786300175e-05
 3.942699047786300175e-05
 3.942699047786300175e-05
 3.942699047786300175e-05
 3.942699047786300175e-05
 3.942699047786300175e-05
 3.942699047786300175e-05
 3.942699047786300175e-05
 3.942699047786300175e-05
 3.942699047786300175e-05
 3.942699047786300175e-05
 3.942699047786300175e-05
 3.942699047786300175e-05
 3.942699047786300175e-05
 3.942699047786300175e-05
 3.942699047786300175e-05
 3.942699047786300175e-05
 3.942699047786300175e-05
 3.942699047786300175e-05
 3.942699047786300175e-05
 3.942699047786300175e-05
 3.942699047786300175e-05
 3.942699047786300175e-05
 3.942699047786300175e-05
 3.942699047786300175e-05
 3.942699047786300175e-05
 3.942699047786300175e-05
 3.942699047786300175e-05
 3.942699047786300175e-05
 3.942699047786300175e-05
 3.942699047786300175e-05
 3.942699047786300175e-05
 3.942699047786300175e-05
 3.942699047786300175e-05
 3.942699047786300175e-05
 3.942699047786300175e-05
 3.942699047786300175e-05
 3.942699047786300175e-05
 3.942699047786300175e-05
 3.942699047786300175e-05
 3.942699047786300175e-05
 3.942699047786300175e-05
 3.942699047786300175e-05
 3.942699047786300175e-05
 3.942699047786300175e-05
 3.942699047786300175e-05
 3.942699047786300175e-05
 3.942699047786300175e-05
 3.942699047786300175e-05
 3.942699047786300175e-05
 3.942699047786300175e-05
 3.942699047786300175e-05
 3.942699047786300175e-05
 3.942699047786300175e-05
 3.942699047786300175e-05
 3.942699047786300175e-05
 3.942699047786300175e-05
 3.942699047786300175e-05
 3.942699047786300175e-05
 3.942699047786300175e-05
 3.942699047786300175e-05
 3.942699047786300175e-05
 3.942699047786300175e-05
 3.942699047786300175e-05
 3.942699047786300175e-05
 3.942699047786300175e-05
 3.942699047786300175e-05
 3.942699047786300175e-05
 3.942699047786300175e-05
 3.942699047786300175e-05
 3.942699047786300175e-05
 3.942699047786300175e-05
 3.942699047786300175e-05
 3.942699047786300175e-05
 3.942699047786300175e-05
 3.942699047786300175e-05
 3.942699047786300175e-05
 3.942699047786300175e-05
 3.942699047786300175e-05
 3.942699047786300175e-05
 3.942699047786300175e-05
 3.942699047786300175e-05
 3.942699047786300175e-05
 3.942699047786300175e-05
 3.942699047786300175e-05
 3.942699047786300175e-05
 3.942699047786300175e-05
 3.942699047786300175e-05
 3.942699047786300175e-05
 3.942699047786300175e-05
 3.942699047786300175e-05
 3.942699047786300175e-05
 3.942699047786300175e-05
 3.942699047786300175e-05
 3.942699047786300175e-05
 3.942699047786300175e-05
 3.942699047786300175e-05
 3.942699047786300175e-05
 3.942699047786300175e-05
 3.942699047786300175e-05
 3.942699047786300175e-05
 3.942699047786300175e-05
 3.942699047786300175e-05
 3.942699047786300175e-05
 3.942699047786300175e-05
 3.942699047786300175e-05
 3.942699047786300175e-05
 3.942699047786300175e-05
 3.942699047786300175e-05
 3.942699047786300175e-05
 3.942699047786300175e-05
 3.942699047786300175e-05
 3.942699047786300175e-05
 3.942699047786300175e-05
 3.942699047786300175e-05
 3.942699047786300175e-05
 3.942699047786300175e-05
 3.942699047786300175e-05
 </DataArray>
 <DataArray Name="k" type="Float32" NumberOfComponents="1" format="ascii">
 3.079920815511358878e-01
 3.079920815511358878e-01
 3.079920815511358878e-01
 3.079920815511358878e-01
 3.079920815511358878e-01
 3.079920815511358878e-01
 3.079920815511358878e-01
 3.079920815511358878e-01
 3.079920815511358878e-01
 3.079920815511358878e-01
 3.079920815511358878e-01
 3.079920815511358878e-01
 3.079920815511358878e-01
 3.079920815511358878e-01
 3.079920815511358878e-01
 3.079920815511358878e-01
 3.079920815511358878e-01
 3.079920815511358878e-01
 3.079920815511358878e-01
 3.079920815511358878e-01
 3.079920815511358878e-01
 3.079920815511358878e-01
 3.079920815511358878e-01
 3.079920815511358878e-01
 3.079920815511358878e-01
 3.079920815511358878e-01
 3.079920815511358878e-01
 3.079920815511358878e-01
 3.079920815511358878e-01
 3.079920815511358878e-01
 3.079920815511358878e-01
 3.079920815511358878e-01
 3.079920815511358878e-01
 3.079920815511358878e-01
 3.079920815511358878e-01
 3.079920815511358878e-01
 3.079920815511358878e-01
 3.079920815511358878e-01
 3.079920815511358878e-01
 3.079920815511358878e-01
 3.079920815511358878e-01
 3.079920815511358878e-01
 3.079920815511358878e-01
 3.079920815511358878e-01
 3.079920815511358878e-01
 3.079920815511358878e-01
 3.079920815511358878e-01
 3.079920815511358878e-01
 3.079920815511358878e-01
 3.079920815511358878e-01
 3.079920815511358878e-01
 3.079920815511358878e-01
 3.079920815511358878e-01
 3.079920815511358878e-01
 3.079920815511358878e-01
 3.079920815511358878e-01
 3.079920815511358878e-01
 3.079920815511358878e-01
 3.079920815511358878e-01
 3.079920815511358878e-01
 3.079920815511358878e-01
 3.079920815511358878e-01
 3.079920815511358878e-01
 3.079920815511358878e-01
 3.079920815511358878e-01
 3.079920815511358878e-01
 3.079920815511358878e-01
 3.079920815511358878e-01
 3.079920815511358878e-01
 3.079920815511358878e-01
 3.079920815511358878e-01
 3.079920815511358878e-01
 3.079920815511358878e-01
 3.079920815511358878e-01
 3.079920815511358878e-01
 3.079920815511358878e-01
 3.079920815511358878e-01
 3.079920815511358878e-01
 3.079920815511358878e-01
 3.079920815511358878e-01
 3.079920815511358878e-01
 3.079920815511358878e-01
 3.079920815511358878e-01
 3.079920815511358878e-01
 3.079920815511358878e-01
 3.079920815511358878e-01
 3.079920815511358878e-01
 3.079920815511358878e-01
 3.079920815511358878e-01
 3.079920815511358878e-01
 3.079920815511358878e-01
 3.079920815511358878e-01
 3.079920815511358878e-01
 3.079920815511358878e-01
 3.079920815511358878e-01
 3.079920815511358878e-01
 3.079920815511358878e-01
 3.079920815511358878e-01
 3.079920815511358878e-01
 3.079920815511358878e-01
 3.079920815511358878e-01
 3.079920815511358878e-01
 3.079920815511358878e-01
 3.079920815511358878e-01
 3.079920815511358878e-01
 3.079920815511358878e-01
 3.079920815511358878e-01
 3.079920815511358878e-01
 3.079920815511358878e-01
 3.079920815511358878e-01
 3.079920815511358878e-01
 3.079920815511358878e-01
 3.079920815511358878e-01
 3.079920815511358878e-01
 3.079920815511358878e-01
 3.079920815511358878e-01
 3.079920815511358878e-01
 3.079920815511358878e-01
 3.079920815511358878e-01
 3.079920815511358878e-01
 3.079920815511358878e-01
 3.079920815511358878e-01
 3.079920815511358878e-01
 3.079920815511358878e-01
 3.079920815511358878e-01
 3.079920815511358878e-01
 3.079920815511358878e-01
 3.079920815511358878e-01
 3.079920815511358878e-01
 3.079920815511358878e-01
 3.079920815511358878e-01
 3.079920815511358878e-01
 3.079920815511358878e-01
 3.079920815511358878e-01
 3.079920815511358878e-01
 3.079920815511358878e-01
 3.079920815511358878e-01
 3.079920815511358878e-01
 3.079920815511358878e-01
 3.079920815511358878e-01
 3.079920815511358878e-01
 3.079920815511358878e-01
 3.079920815511358878e-01
 3.079920815511358878e-01
 3.079920815511358878e-01
 3.079920815511358878e-01
 3.079920815511358878e-01
 3.079920815511358878e-01
 3.079920815511358878e-01
 3.079920815511358878e-01
 3.079920815511358878e-01
 3.079920815511358878e-01
 3.079920815511358878e-01
 3.079920815511358878e-01
 3.079920815511358878e-01
 3.079920815511358878e-01
 3.079920815511358878e-01
 3.079920815511358878e-01
 3.079920815511358878e-01
 3.079920815511358878e-01
 3.079920815511358878e-01
 3.079920815511358878e-01
 3.079920815511358878e-01
 3.079920815511358878e-01
 3.079920815511358878e-01
 3.079920815511358878e-01
 3.079920815511358878e-01
 3.079920815511358878e-01
 3.079920815511358878e-01
 3.079920815511358878e-01
 3.079920815511358878e-01
 3.079920815511358878e-01
 3.079920815511358878e-01
 3.079920815511358878e-01
 3.079920815511358878e-01
 3.079920815511358878e-01
 3.079920815511358878e-01
 3.079920815511358878e-01
 3.079920815511358878e-01
 3.079920815511358878e-01
 3.079920815511358878e-01
 3.079920815511358878e-01
 3.079920815511358878e-01
 3.079920815511358878e-01
 3.079920815511358878e-01
 3.079920815511358878e-01
 3.079920815511358878e-01
 3.079920815511358878e-01
 3.079920815511358878e-01
 3.079920815511358878e-01
 3.079920815511358878e-01
 3.079920815511358878e-01
 3.079920815511358878e-01
 3.079920815511358878e-01
 3.079920815511358878e-01
 3.079920815511358878e-01
 3.079920815511358878e-01
 3.079920815511358878e-01
 3.079920815511358878e-01
 3.079920815511358878e-01
 3.079920815511358878e-01
 3.079920815511358878e-01
 3.079920815511358878e-01
 3.079920815511358878e-01
 3.079920815511358878e-01
 3.079920815511358878e-01
 3.079920815511358878e-01
 3.079920815511358878e-01
 3.079920815511358878e-01
 3.079920815511358878e-01
 3.079920815511358878e-01
 3.079920815511358878e-01
 3.079920815511358878e-01
 3.079920815511358878e-01
 3.079920815511358878e-01
 3.079920815511358878e-01
 3.079920815511358878e-01
 3.079920815511358878e-01
 3.079920815511358878e-01
 3.079920815511358878e-01
 3.079920815511358878e-01
 3.079920815511358878e-01
 3.079920815511358878e-01
 3.079920815511358878e-01
 3.079920815511358878e-01
 3.079920815511358878e-01
 3.079920815511358878e-01
 3.079920815511358878e-01
 3.079920815511358878e-01
 3.079920815511358878e-01
 3.079920815511358878e-01
 3.079920815511358878e-01
 3.079920815511358878e-01
 3.079920815511358878e-01
 3.079920815511358878e-01
 3.079920815511358878e-01
 3.079920815511358878e-01
 3.079920815511358878e-01
 3.079920815511358878e-01
 3.079920815511358878e-01
 3.079920815511358878e-01
 3.079920815511358878e-01
 3.079920815511358878e-01
 3.079920815511358878e-01
 3.079920815511358878e-01
 3.079920815511358878e-01
 3.079920815511358878e-01
 3.079920815511358878e-01
 3.079920815511358878e-01
 3.079920815511358878e-01
 3.079920815511358878e-01
 3.079920815511358878e-01
 3.079920815511358878e-01
 3.079920815511358878e-01
 3.079920815511358878e-01
 3.079920815511358878e-01
 3.079920815511358878e-01
 3.079920815511358878e-01
 3.079920815511358878e-01
 3.079920815511358878e-01
 3.079920815511358878e-01
 3.079920815511358878e-01
 3.079920815511358878e-01
 3.079920815511358878e-01
 3.079920815511358878e-01
 3.079920815511358878e-01
 3.079920815511358878e-01
 3.079920815511358878e-01
 3.079920815511358878e-01
 3.079920815511358878e-01
 3.079920815511358878e-01
 3.079920815511358878e-01
 3.079920815511358878e-01
 3.079920815511358878e-01
 3.079920815511358878e-01
 3.079920815511358878e-01
 3.079920815511358878e-01
 3.079920815511358878e-01
 3.079920815511358878e-01
 3.079920815511358878e-01
 3.079920815511358878e-01
 3.079920815511358878e-01
 3.079920815511358878e-01
 3.079920815511358878e-01
 3.079920815511358878e-01
 3.079920815511358878e-01
 3.079920815511358878e-01
 3.079920815511358878e-01
 3.079920815511358878e-01
 3.079920815511358878e-01
 3.079920815511358878e-01
 3.079920815511358878e-01
 3.079920815511358878e-01
 3.079920815511358878e-01
 3.079920815511358878e-01
 3.079920815511358878e-01
 3.079920815511358878e-01
 3.079920815511358878e-01
 3.079920815511358878e-01
 3.079920815511358878e-01
 3.079920815511358878e-01
 3.079920815511358878e-01
 3.079920815511358878e-01
 3.079920815511358878e-01
 3.079920815511358878e-01
 3.079920815511358878e-01
 3.079920815511358878e-01
 3.079920815511358878e-01
 3.079920815511358878e-01
 3.079920815511358878e-01
 3.079920815511358878e-01
 3.079920815511358878e-01
 3.079920815511358878e-01
 3.079920815511358878e-01
 3.079920815511358878e-01
 3.079920815511358878e-01
 3.079920815511358878e-01
 3.079920815511358878e-01
 3.079920815511358878e-01
 3.079920815511358878e-01
 3.079920815511358878e-01
 3.079920815511358878e-01
 3.079920815511358878e-01
 3.079920815511358878e-01
 3.079920815511358878e-01
 3.079920815511358878e-01
 3.079920815511358878e-01
 3.079920815511358878e-01
 3.079920815511358878e-01
 3.079920815511358878e-01
 3.079920815511358878e-01
 3.079920815511358878e-01
 3.079920815511358878e-01
 3.079920815511358878e-01
 3.079920815511358878e-01
 3.079920815511358878e-01
 3.079920815511358878e-01
 3.079920815511358878e-01
 3.079920815511358878e-01
 3.079920815511358878e-01
 3.079920815511358878e-01
 3.079920815511358878e-01
 3.079920815511358878e-01
 3.079920815511358878e-01
 3.079920815511358878e-01
 3.079920815511358878e-01
 3.079920815511358878e-01
 3.079920815511358878e-01
 3.079920815511358878e-01
 3.079920815511358878e-01
 3.079920815511358878e-01
 3.079920815511358878e-01
 3.079920815511358878e-01
 3.079920815511358878e-01
 3.079920815511358878e-01
 3.079920815511358878e-01
 3.079920815511358878e-01
 3.079920815511358878e-01
 3.079920815511358878e-01
 3.079920815511358878e-01
 3.079920815511358878e-01
 3.079920815511358878e-01
 3.079920815511358878e-01
 3.079920815511358878e-01
 3.079920815511358878e-01
 3.079920815511358878e-01
 3.079920815511358878e-01
 3.079920815511358878e-01
 3.079920815511358878e-01
 3.079920815511358878e-01
 3.079920815511358878e-01
 3.079920815511358878e-01
 3.079920815511358878e-01
 3.079920815511358878e-01
 3.079920815511358878e-01
 3.079920815511358878e-01
 3.079920815511358878e-01
 3.079920815511358878e-01
 3.079920815511358878e-01
 3.079920815511358878e-01
 3.079920815511358878e-01
 3.079920815511358878e-01
 3.079920815511358878e-01
 3.079920815511358878e-01
 3.079920815511358878e-01
 3.079920815511358878e-01
 3.079920815511358878e-01
 3.079920815511358878e-01
 3.079920815511358878e-01
 3.079920815511358878e-01
 3.079920815511358878e-01
 3.079920815511358878e-01
 3.079920815511358878e-01
 3.079920815511358878e-01
 3.079920815511358878e-01
 3.079920815511358878e-01
 3.079920815511358878e-01
 3.079920815511358878e-01
 3.079920815511358878e-01
 3.079920815511358878e-01
 3.079920815511358878e-01
 3.079920815511358878e-01
 3.079920815511358878e-01
 3.079920815511358878e-01
 3.079920815511358878e-01
 3.079920815511358878e-01
 3.079920815511358878e-01
 3.079920815511358878e-01
 3.079920815511358878e-01
 3.079920815511358878e-01
 3.079920815511358878e-01
 3.079920815511358878e-01
 3.079920815511358878e-01
 3.079920815511358878e-01
 3.079920815511358878e-01
 3.079920815511358878e-01
 3.079920815511358878e-01
 3.079920815511358878e-01
 3.079920815511358878e-01
 3.079920815511358878e-01
 3.079920815511358878e-01
 3.079920815511358878e-01
 3.079920815511358878e-01
 3.079920815511358878e-01
 3.079920815511358878e-01
 3.079920815511358878e-01
 3.079920815511358878e-01
 3.079920815511358878e-01
 3.079920815511358878e-01
 3.079920815511358878e-01
 3.079920815511358878e-01
 3.079920815511358878e-01
 3.079920815511358878e-01
 3.079920815511358878e-01
 3.079920815511358878e-01
 3.079920815511358878e-01
 3.079920815511358878e-01
 3.079920815511358878e-01
 3.079920815511358878e-01
 3.079920815511358878e-01
 3.079920815511358878e-01
 3.079920815511358878e-01
 3.079920815511358878e-01
 3.079920815511358878e-01
 3.079920815511358878e-01
 3.079920815511358878e-01
 3.079920815511358878e-01
 3.079920815511358878e-01
 3.079920815511358878e-01
 3.079920815511358878e-01
 3.079920815511358878e-01
 3.079920815511358878e-01
 3.079920815511358878e-01
 3.079920815511358878e-01
 3.079920815511358878e-01
 3.079920815511358878e-01
 3.079920815511358878e-01
 3.079920815511358878e-01
 3.079920815511358878e-01
 3.079920815511358878e-01
 3.079920815511358878e-01
 3.079920815511358878e-01
 3.079920815511358878e-01
 3.079920815511358878e-01
 3.079920815511358878e-01
 3.079920815511358878e-01
 3.079920815511358878e-01
 3.079920815511358878e-01
 3.079920815511358878e-01
 3.079920815511358878e-01
 3.079920815511358878e-01
 3.079920815511358878e-01
 3.079920815511358878e-01
 3.079920815511358878e-01
 3.079920815511358878e-01
 3.079920815511358878e-01
 3.079920815511358878e-01
 3.079920815511358878e-01
 3.079920815511358878e-01
 3.079920815511358878e-01
 3.079920815511358878e-01
 3.079920815511358878e-01
 3.079920815511358878e-01
 3.079920815511358878e-01
 3.079920815511358878e-01
 3.079920815511358878e-01
 3.079920815511358878e-01
 3.079920815511358878e-01
 3.079920815511358878e-01
 3.079920815511358878e-01
 3.079920815511358878e-01
 3.079920815511358878e-01
 3.079920815511358878e-01
 3.079920815511358878e-01
 3.079920815511358878e-01
 3.079920815511358878e-01
 3.079920815511358878e-01
 3.079920815511358878e-01
 3.079920815511358878e-01
 3.079920815511358878e-01
 </DataArray>
 <DataArray Name="mu_t" type="Float32" NumberOfComponents="1" format="ascii">
 0.000000000000000000e+00
 0.000000000000000000e+00
 0.000000000000000000e+00
 0.000000000000000000e+00
 0.000000000000000000e+00
 0.000000000000000000e+00
 0.000000000000000000e+00
 0.000000000000000000e+00
 0.000000000000000000e+00
 0.000000000000000000e+00
 0.000000000000000000e+00
 0.000000000000000000e+00
 0.000000000000000000e+00
 0.000000000000000000e+00
 0.000000000000000000e+00
 0.000000000000000000e+00
 0.000000000000000000e+00
 0.000000000000000000e+00
 0.000000000000000000e+00
 0.000000000000000000e+00
 0.000000000000000000e+00
 0.000000000000000000e+00
 0.000000000000000000e+00
 0.000000000000000000e+00
 0.000000000000000000e+00
 0.000000000000000000e+00
 0.000000000000000000e+00
 0.000000000000000000e+00
 0.000000000000000000e+00
 0.000000000000000000e+00
 0.000000000000000000e+00
 0.000000000000000000e+00
 0.000000000000000000e+00
 0.000000000000000000e+00
 0.000000000000000000e+00
 0.000000000000000000e+00
 0.000000000000000000e+00
 0.000000000000000000e+00
 0.000000000000000000e+00
 0.000000000000000000e+00
 0.000000000000000000e+00
 0.000000000000000000e+00
 0.000000000000000000e+00
 0.000000000000000000e+00
 0.000000000000000000e+00
 0.000000000000000000e+00
 0.000000000000000000e+00
 0.000000000000000000e+00
 0.000000000000000000e+00
 0.000000000000000000e+00
 0.000000000000000000e+00
 0.000000000000000000e+00
 0.000000000000000000e+00
 0.000000000000000000e+00
 0.000000000000000000e+00
 0.000000000000000000e+00
 0.000000000000000000e+00
 0.000000000000000000e+00
 0.000000000000000000e+00
 0.000000000000000000e+00
 0.000000000000000000e+00
 0.000000000000000000e+00
 0.000000000000000000e+00
 0.000000000000000000e+00
 0.000000000000000000e+00
 0.000000000000000000e+00
 0.000000000000000000e+00
 0.000000000000000000e+00
 0.000000000000000000e+00
 0.000000000000000000e+00
 0.000000000000000000e+00
 0.000000000000000000e+00
 0.000000000000000000e+00
 0.000000000000000000e+00
 0.000000000000000000e+00
 0.000000000000000000e+00
 0.000000000000000000e+00
 0.000000000000000000e+00
 0.000000000000000000e+00
 0.000000000000000000e+00
 0.000000000000000000e+00
 0.000000000000000000e+00
 0.000000000000000000e+00
 0.000000000000000000e+00
 0.000000000000000000e+00
 0.000000000000000000e+00
 0.000000000000000000e+00
 0.000000000000000000e+00
 0.000000000000000000e+00
 0.000000000000000000e+00
 0.000000000000000000e+00
 0.000000000000000000e+00
 0.000000000000000000e+00
 0.000000000000000000e+00
 0.000000000000000000e+00
 0.000000000000000000e+00
 0.000000000000000000e+00
 0.000000000000000000e+00
 0.000000000000000000e+00
 0.000000000000000000e+00
 0.000000000000000000e+00
 0.000000000000000000e+00
 0.000000000000000000e+00
 0.000000000000000000e+00
 0.000000000000000000e+00
 0.000000000000000000e+00
 0.000000000000000000e+00
 0.000000000000000000e+00
 0.000000000000000000e+00
 0.000000000000000000e+00
 0.000000000000000000e+00
 0.000000000000000000e+00
 0.000000000000000000e+00
 0.000000000000000000e+00
 0.000000000000000000e+00
 0.000000000000000000e+00
 0.000000000000000000e+00
 0.000000000000000000e+00
 0.000000000000000000e+00
 0.000000000000000000e+00
 0.000000000000000000e+00
 0.000000000000000000e+00
 0.000000000000000000e+00
 0.000000000000000000e+00
 0.000000000000000000e+00
 0.000000000000000000e+00
 0.000000000000000000e+00
 0.000000000000000000e+00
 0.000000000000000000e+00
 0.000000000000000000e+00
 0.000000000000000000e+00
 0.000000000000000000e+00
 0.000000000000000000e+00
 0.000000000000000000e+00
 0.000000000000000000e+00
 0.000000000000000000e+00
 0.000000000000000000e+00
 0.000000000000000000e+00
 0.000000000000000000e+00
 0.000000000000000000e+00
 0.000000000000000000e+00
 0.000000000000000000e+00
 0.000000000000000000e+00
 0.000000000000000000e+00
 0.000000000000000000e+00
 0.000000000000000000e+00
 0.000000000000000000e+00
 0.000000000000000000e+00
 0.000000000000000000e+00
 0.000000000000000000e+00
 0.000000000000000000e+00
 0.000000000000000000e+00
 0.000000000000000000e+00
 0.000000000000000000e+00
 0.000000000000000000e+00
 0.000000000000000000e+00
 0.000000000000000000e+00
 0.000000000000000000e+00
 0.000000000000000000e+00
 0.000000000000000000e+00
 0.000000000000000000e+00
 0.000000000000000000e+00
 0.000000000000000000e+00
 0.000000000000000000e+00
 0.000000000000000000e+00
 0.000000000000000000e+00
 0.000000000000000000e+00
 0.000000000000000000e+00
 0.000000000000000000e+00
 0.000000000000000000e+00
 0.000000000000000000e+00
 0.000000000000000000e+00
 0.000000000000000000e+00
 0.000000000000000000e+00
 0.000000000000000000e+00
 0.000000000000000000e+00
 0.000000000000000000e+00
 0.000000000000000000e+00
 0.000000000000000000e+00
 0.000000000000000000e+00
 0.000000000000000000e+00
 0.000000000000000000e+00
 0.000000000000000000e+00
 0.000000000000000000e+00
 0.000000000000000000e+00
 0.000000000000000000e+00
 0.000000000000000000e+00
 0.000000000000000000e+00
 0.000000000000000000e+00
 0.000000000000000000e+00
 0.000000000000000000e+00
 0.000000000000000000e+00
 0.000000000000000000e+00
 0.000000000000000000e+00
 0.000000000000000000e+00
 0.000000000000000000e+00
 0.000000000000000000e+00
 0.000000000000000000e+00
 0.000000000000000000e+00
 0.000000000000000000e+00
 0.000000000000000000e+00
 0.000000000000000000e+00
 0.000000000000000000e+00
 0.000000000000000000e+00
 0.000000000000000000e+00
 0.000000000000000000e+00
 0.000000000000000000e+00
 0.000000000000000000e+00
 0.000000000000000000e+00
 0.000000000000000000e+00
 0.000000000000000000e+00
 0.000000000000000000e+00
 0.000000000000000000e+00
 0.000000000000000000e+00
 0.000000000000000000e+00
 0.000000000000000000e+00
 0.000000000000000000e+00
 0.000000000000000000e+00
 0.000000000000000000e+00
 0.000000000000000000e+00
 0.000000000000000000e+00
 0.000000000000000000e+00
 0.000000000000000000e+00
 0.000000000000000000e+00
 0.000000000000000000e+00
 0.000000000000000000e+00
 0.000000000000000000e+00
 0.000000000000000000e+00
 0.000000000000000000e+00
 0.000000000000000000e+00
 0.000000000000000000e+00
 0.000000000000000000e+00
 0.000000000000000000e+00
 0.000000000000000000e+00
 0.000000000000000000e+00
 0.000000000000000000e+00
 0.000000000000000000e+00
 0.000000000000000000e+00
 0.000000000000000000e+00
 0.000000000000000000e+00
 0.000000000000000000e+00
 0.000000000000000000e+00
 0.000000000000000000e+00
 0.000000000000000000e+00
 0.000000000000000000e+00
 0.000000000000000000e+00
 0.000000000000000000e+00
 0.000000000000000000e+00
 0.000000000000000000e+00
 0.000000000000000000e+00
 0.000000000000000000e+00
 0.000000000000000000e+00
 0.000000000000000000e+00
 0.000000000000000000e+00
 0.000000000000000000e+00
 0.000000000000000000e+00
 0.000000000000000000e+00
 0.000000000000000000e+00
 0.000000000000000000e+00
 0.000000000000000000e+00
 0.000000000000000000e+00
 0.000000000000000000e+00
 0.000000000000000000e+00
 0.000000000000000000e+00
 0.000000000000000000e+00
 0.000000000000000000e+00
 0.000000000000000000e+00
 0.000000000000000000e+00
 0.000000000000000000e+00
 0.000000000000000000e+00
 0.000000000000000000e+00
 0.000000000000000000e+00
 0.000000000000000000e+00
 0.000000000000000000e+00
 0.000000000000000000e+00
 0.000000000000000000e+00
 0.000000000000000000e+00
 0.000000000000000000e+00
 0.000000000000000000e+00
 0.000000000000000000e+00
 0.000000000000000000e+00
 0.000000000000000000e+00
 0.000000000000000000e+00
 0.000000000000000000e+00
 0.000000000000000000e+00
 0.000000000000000000e+00
 0.000000000000000000e+00
 0.000000000000000000e+00
 0.000000000000000000e+00
 0.000000000000000000e+00
 0.000000000000000000e+00
 0.000000000000000000e+00
 0.000000000000000000e+00
 0.000000000000000000e+00
 0.000000000000000000e+00
 0.000000000000000000e+00
 0.000000000000000000e+00
 0.000000000000000000e+00
 0.000000000000000000e+00
 0.000000000000000000e+00
 0.000000000000000000e+00
 0.000000000000000000e+00
 0.000000000000000000e+00
 0.000000000000000000e+00
 0.000000000000000000e+00
 0.000000000000000000e+00
 0.000000000000000000e+00
 0.000000000000000000e+00
 0.000000000000000000e+00
 0.000000000000000000e+00
 0.000000000000000000e+00
 0.000000000000000000e+00
 0.000000000000000000e+00
 0.000000000000000000e+00
 0.000000000000000000e+00
 0.000000000000000000e+00
 0.000000000000000000e+00
 0.000000000000000000e+00
 0.000000000000000000e+00
 0.000000000000000000e+00
 0.000000000000000000e+00
 0.000000000000000000e+00
 0.000000000000000000e+00
 0.000000000000000000e+00
 0.000000000000000000e+00
 0.000000000000000000e+00
 0.000000000000000000e+00
 0.000000000000000000e+00
 0.000000000000000000e+00
 0.000000000000000000e+00
 0.000000000000000000e+00
 0.000000000000000000e+00
 0.000000000000000000e+00
 0.000000000000000000e+00
 0.000000000000000000e+00
 0.000000000000000000e+00
 0.000000000000000000e+00
 0.000000000000000000e+00
 0.000000000000000000e+00
 0.000000000000000000e+00
 0.000000000000000000e+00
 0.000000000000000000e+00
 0.000000000000000000e+00
 0.000000000000000000e+00
 0.000000000000000000e+00
 0.000000000000000000e+00
 0.000000000000000000e+00
 0.000000000000000000e+00
 0.000000000000000000e+00
 0.000000000000000000e+00
 0.000000000000000000e+00
 0.000000000000000000e+00
 0.000000000000000000e+00
 0.000000000000000000e+00
 0.000000000000000000e+00
 0.000000000000000000e+00
 0.000000000000000000e+00
 0.000000000000000000e+00
 0.000000000000000000e+00
 0.000000000000000000e+00
 0.000000000000000000e+00
 0.000000000000000000e+00
 0.000000000000000000e+00
 0.000000000000000000e+00
 0.000000000000000000e+00
 0.000000000000000000e+00
 0.000000000000000000e+00
 0.000000000000000000e+00
 0.000000000000000000e+00
 0.000000000000000000e+00
 0.000000000000000000e+00
 0.000000000000000000e+00
 0.000000000000000000e+00
 0.000000000000000000e+00
 0.000000000000000000e+00
 0.000000000000000000e+00
 0.000000000000000000e+00
 0.000000000000000000e+00
 0.000000000000000000e+00
 0.000000000000000000e+00
 0.000000000000000000e+00
 0.000000000000000000e+00
 0.000000000000000000e+00
 0.000000000000000000e+00
 0.000000000000000000e+00
 0.000000000000000000e+00
 0.000000000000000000e+00
 0.000000000000000000e+00
 0.000000000000000000e+00
 0.000000000000000000e+00
 0.000000000000000000e+00
 0.000000000000000000e+00
 0.000000000000000000e+00
 0.000000000000000000e+00
 0.000000000000000000e+00
 0.000000000000000000e+00
 0.000000000000000000e+00
 0.000000000000000000e+00
 0.000000000000000000e+00
 0.000000000000000000e+00
 0.000000000000000000e+00
 0.000000000000000000e+00
 0.000000000000000000e+00
 0.000000000000000000e+00
 0.000000000000000000e+00
 0.000000000000000000e+00
 0.000000000000000000e+00
 0.000000000000000000e+00
 0.000000000000000000e+00
 0.000000000000000000e+00
 0.000000000000000000e+00
 0.000000000000000000e+00
 0.000000000000000000e+00
 0.000000000000000000e+00
 0.000000000000000000e+00
 0.000000000000000000e+00
 0.000000000000000000e+00
 0.000000000000000000e+00
 0.000000000000000000e+00
 0.000000000000000000e+00
 0.000000000000000000e+00
 0.000000000000000000e+00
 0.000000000000000000e+00
 0.000000000000000000e+00
 0.000000000000000000e+00
 0.000000000000000000e+00
 0.000000000000000000e+00
 0.000000000000000000e+00
 0.000000000000000000e+00
 0.000000000000000000e+00
 0.000000000000000000e+00
 0.000000000000000000e+00
 0.000000000000000000e+00
 0.000000000000000000e+00
 0.000000000000000000e+00
 0.000000000000000000e+00
 0.000000000000000000e+00
 0.000000000000000000e+00
 0.000000000000000000e+00
 0.000000000000000000e+00
 0.000000000000000000e+00
 0.000000000000000000e+00
 0.000000000000000000e+00
 0.000000000000000000e+00
 0.000000000000000000e+00
 0.000000000000000000e+00
 0.000000000000000000e+00
 0.000000000000000000e+00
 0.000000000000000000e+00
 0.000000000000000000e+00
 0.000000000000000000e+00
 0.000000000000000000e+00
 0.000000000000000000e+00
 0.000000000000000000e+00
 0.000000000000000000e+00
 0.000000000000000000e+00
 0.000000000000000000e+00
 0.000000000000000000e+00
 0.000000000000000000e+00
 0.000000000000000000e+00
 0.000000000000000000e+00
 0.000000000000000000e+00
 0.000000000000000000e+00
 0.000000000000000000e+00
 0.000000000000000000e+00
 0.000000000000000000e+00
 0.000000000000000000e+00
 0.000000000000000000e+00
 0.000000000000000000e+00
 0.000000000000000000e+00
 0.000000000000000000e+00
 0.000000000000000000e+00
 0.000000000000000000e+00
 0.000000000000000000e+00
 0.000000000000000000e+00
 0.000000000000000000e+00
 0.000000000000000000e+00
 0.000000000000000000e+00
 0.000000000000000000e+00
 0.000000000000000000e+00
 0.000000000000000000e+00
 0.000000000000000000e+00
 0.000000000000000000e+00
 0.000000000000000000e+00
 0.000000000000000000e+00
 0.000000000000000000e+00
 0.000000000000000000e+00
 0.000000000000000000e+00
 0.000000000000000000e+00
 0.000000000000000000e+00
 0.000000000000000000e+00
 0.000000000000000000e+00
 0.000000000000000000e+00
 0.000000000000000000e+00
 0.000000000000000000e+00
 0.000000000000000000e+00
 0.000000000000000000e+00
 0.000000000000000000e+00
 0.000000000000000000e+00
 0.000000000000000000e+00
 </DataArray>
 <DataArray Name="k_t" type="Float32" NumberOfComponents="1" format="ascii">
 0.000000000000000000e+00
 0.000000000000000000e+00
 0.000000000000000000e+00
 0.000000000000000000e+00
 0.000000000000000000e+00
 0.000000000000000000e+00
 0.000000000000000000e+00
 0.000000000000000000e+00
 0.000000000000000000e+00
 0.000000000000000000e+00
 0.000000000000000000e+00
 0.000000000000000000e+00
 0.000000000000000000e+00
 0.000000000000000000e+00
 0.000000000000000000e+00
 0.000000000000000000e+00
 0.000000000000000000e+00
 0.000000000000000000e+00
 0.000000000000000000e+00
 0.000000000000000000e+00
 0.000000000000000000e+00
 0.000000000000000000e+00
 0.000000000000000000e+00
 0.000000000000000000e+00
 0.000000000000000000e+00
 0.000000000000000000e+00
 0.000000000000000000e+00
 0.000000000000000000e+00
 0.000000000000000000e+00
 0.000000000000000000e+00
 0.000000000000000000e+00
 0.000000000000000000e+00
 0.000000000000000000e+00
 0.000000000000000000e+00
 0.000000000000000000e+00
 0.000000000000000000e+00
 0.000000000000000000e+00
 0.000000000000000000e+00
 0.000000000000000000e+00
 0.000000000000000000e+00
 0.000000000000000000e+00
 0.000000000000000000e+00
 0.000000000000000000e+00
 0.000000000000000000e+00
 0.000000000000000000e+00
 0.000000000000000000e+00
 0.000000000000000000e+00
 0.000000000000000000e+00
 0.000000000000000000e+00
 0.000000000000000000e+00
 0.000000000000000000e+00
 0.000000000000000000e+00
 0.000000000000000000e+00
 0.000000000000000000e+00
 0.000000000000000000e+00
 0.000000000000000000e+00
 0.000000000000000000e+00
 0.000000000000000000e+00
 0.000000000000000000e+00
 0.000000000000000000e+00
 0.000000000000000000e+00
 0.000000000000000000e+00
 0.000000000000000000e+00
 0.000000000000000000e+00
 0.000000000000000000e+00
 0.000000000000000000e+00
 0.000000000000000000e+00
 0.000000000000000000e+00
 0.000000000000000000e+00
 0.000000000000000000e+00
 0.000000000000000000e+00
 0.000000000000000000e+00
 0.000000000000000000e+00
 0.000000000000000000e+00
 0.000000000000000000e+00
 0.000000000000000000e+00
 0.000000000000000000e+00
 0.000000000000000000e+00
 0.000000000000000000e+00
 0.000000000000000000e+00
 0.000000000000000000e+00
 0.000000000000000000e+00
 0.000000000000000000e+00
 0.000000000000000000e+00
 0.000000000000000000e+00
 0.000000000000000000e+00
 0.000000000000000000e+00
 0.000000000000000000e+00
 0.000000000000000000e+00
 0.000000000000000000e+00
 0.000000000000000000e+00
 0.000000000000000000e+00
 0.000000000000000000e+00
 0.000000000000000000e+00
 0.000000000000000000e+00
 0.000000000000000000e+00
 0.000000000000000000e+00
 0.000000000000000000e+00
 0.000000000000000000e+00
 0.000000000000000000e+00
 0.000000000000000000e+00
 0.000000000000000000e+00
 0.000000000000000000e+00
 0.000000000000000000e+00
 0.000000000000000000e+00
 0.000000000000000000e+00
 0.000000000000000000e+00
 0.000000000000000000e+00
 0.000000000000000000e+00
 0.000000000000000000e+00
 0.000000000000000000e+00
 0.000000000000000000e+00
 0.000000000000000000e+00
 0.000000000000000000e+00
 0.000000000000000000e+00
 0.000000000000000000e+00
 0.000000000000000000e+00
 0.000000000000000000e+00
 0.000000000000000000e+00
 0.000000000000000000e+00
 0.000000000000000000e+00
 0.000000000000000000e+00
 0.000000000000000000e+00
 0.000000000000000000e+00
 0.000000000000000000e+00
 0.000000000000000000e+00
 0.000000000000000000e+00
 0.000000000000000000e+00
 0.000000000000000000e+00
 0.000000000000000000e+00
 0.000000000000000000e+00
 0.000000000000000000e+00
 0.000000000000000000e+00
 0.000000000000000000e+00
 0.000000000000000000e+00
 0.000000000000000000e+00
 0.000000000000000000e+00
 0.000000000000000000e+00
 0.000000000000000000e+00
 0.000000000000000000e+00
 0.000000000000000000e+00
 0.000000000000000000e+00
 0.000000000000000000e+00
 0.000000000000000000e+00
 0.000000000000000000e+00
 0.000000000000000000e+00
 0.000000000000000000e+00
 0.000000000000000000e+00
 0.000000000000000000e+00
 0.000000000000000000e+00
 0.000000000000000000e+00
 0.000000000000000000e+00
 0.000000000000000000e+00
 0.000000000000000000e+00
 0.000000000000000000e+00
 0.000000000000000000e+00
 0.000000000000000000e+00
 0.000000000000000000e+00
 0.000000000000000000e+00
 0.000000000000000000e+00
 0.000000000000000000e+00
 0.000000000000000000e+00
 0.000000000000000000e+00
 0.000000000000000000e+00
 0.000000000000000000e+00
 0.000000000000000000e+00
 0.000000000000000000e+00
 0.000000000000000000e+00
 0.000000000000000000e+00
 0.000000000000000000e+00
 0.000000000000000000e+00
 0.000000000000000000e+00
 0.000000000000000000e+00
 0.000000000000000000e+00
 0.000000000000000000e+00
 0.000000000000000000e+00
 0.000000000000000000e+00
 0.000000000000000000e+00
 0.000000000000000000e+00
 0.000000000000000000e+00
 0.000000000000000000e+00
 0.000000000000000000e+00
 0.000000000000000000e+00
 0.000000000000000000e+00
 0.000000000000000000e+00
 0.000000000000000000e+00
 0.000000000000000000e+00
 0.000000000000000000e+00
 0.000000000000000000e+00
 0.000000000000000000e+00
 0.000000000000000000e+00
 0.000000000000000000e+00
 0.000000000000000000e+00
 0.000000000000000000e+00
 0.000000000000000000e+00
 0.000000000000000000e+00
 0.000000000000000000e+00
 0.000000000000000000e+00
 0.000000000000000000e+00
 0.000000000000000000e+00
 0.000000000000000000e+00
 0.000000000000000000e+00
 0.000000000000000000e+00
 0.000000000000000000e+00
 0.000000000000000000e+00
 0.000000000000000000e+00
 0.000000000000000000e+00
 0.000000000000000000e+00
 0.000000000000000000e+00
 0.000000000000000000e+00
 0.000000000000000000e+00
 0.000000000000000000e+00
 0.000000000000000000e+00
 0.000000000000000000e+00
 0.000000000000000000e+00
 0.000000000000000000e+00
 0.000000000000000000e+00
 0.000000000000000000e+00
 0.000000000000000000e+00
 0.000000000000000000e+00
 0.000000000000000000e+00
 0.000000000000000000e+00
 0.000000000000000000e+00
 0.000000000000000000e+00
 0.000000000000000000e+00
 0.000000000000000000e+00
 0.000000000000000000e+00
 0.000000000000000000e+00
 0.000000000000000000e+00
 0.000000000000000000e+00
 0.000000000000000000e+00
 0.000000000000000000e+00
 0.000000000000000000e+00
 0.000000000000000000e+00
 0.000000000000000000e+00
 0.000000000000000000e+00
 0.000000000000000000e+00
 0.000000000000000000e+00
 0.000000000000000000e+00
 0.000000000000000000e+00
 0.000000000000000000e+00
 0.000000000000000000e+00
 0.000000000000000000e+00
 0.000000000000000000e+00
 0.000000000000000000e+00
 0.000000000000000000e+00
 0.000000000000000000e+00
 0.000000000000000000e+00
 0.000000000000000000e+00
 0.000000000000000000e+00
 0.000000000000000000e+00
 0.000000000000000000e+00
 0.000000000000000000e+00
 0.000000000000000000e+00
 0.000000000000000000e+00
 0.000000000000000000e+00
 0.000000000000000000e+00
 0.000000000000000000e+00
 0.000000000000000000e+00
 0.000000000000000000e+00
 0.000000000000000000e+00
 0.000000000000000000e+00
 0.000000000000000000e+00
 0.000000000000000000e+00
 0.000000000000000000e+00
 0.000000000000000000e+00
 0.000000000000000000e+00
 0.000000000000000000e+00
 0.000000000000000000e+00
 0.000000000000000000e+00
 0.000000000000000000e+00
 0.000000000000000000e+00
 0.000000000000000000e+00
 0.000000000000000000e+00
 0.000000000000000000e+00
 0.000000000000000000e+00
 0.000000000000000000e+00
 0.000000000000000000e+00
 0.000000000000000000e+00
 0.000000000000000000e+00
 0.000000000000000000e+00
 0.000000000000000000e+00
 0.000000000000000000e+00
 0.000000000000000000e+00
 0.000000000000000000e+00
 0.000000000000000000e+00
 0.000000000000000000e+00
 0.000000000000000000e+00
 0.000000000000000000e+00
 0.000000000000000000e+00
 0.000000000000000000e+00
 0.000000000000000000e+00
 0.000000000000000000e+00
 0.000000000000000000e+00
 0.000000000000000000e+00
 0.000000000000000000e+00
 0.000000000000000000e+00
 0.000000000000000000e+00
 0.000000000000000000e+00
 0.000000000000000000e+00
 0.000000000000000000e+00
 0.000000000000000000e+00
 0.000000000000000000e+00
 0.000000000000000000e+00
 0.000000000000000000e+00
 0.000000000000000000e+00
 0.000000000000000000e+00
 0.000000000000000000e+00
 0.000000000000000000e+00
 0.000000000000000000e+00
 0.000000000000000000e+00
 0.000000000000000000e+00
 0.000000000000000000e+00
 0.000000000000000000e+00
 0.000000000000000000e+00
 0.000000000000000000e+00
 0.000000000000000000e+00
 0.000000000000000000e+00
 0.000000000000000000e+00
 0.000000000000000000e+00
 0.000000000000000000e+00
 0.000000000000000000e+00
 0.000000000000000000e+00
 0.000000000000000000e+00
 0.000000000000000000e+00
 0.000000000000000000e+00
 0.000000000000000000e+00
 0.000000000000000000e+00
 0.000000000000000000e+00
 0.000000000000000000e+00
 0.000000000000000000e+00
 0.000000000000000000e+00
 0.000000000000000000e+00
 0.000000000000000000e+00
 0.000000000000000000e+00
 0.000000000000000000e+00
 0.000000000000000000e+00
 0.000000000000000000e+00
 0.000000000000000000e+00
 0.000000000000000000e+00
 0.000000000000000000e+00
 0.000000000000000000e+00
 0.000000000000000000e+00
 0.000000000000000000e+00
 0.000000000000000000e+00
 0.000000000000000000e+00
 0.000000000000000000e+00
 0.000000000000000000e+00
 0.000000000000000000e+00
 0.000000000000000000e+00
 0.000000000000000000e+00
 0.000000000000000000e+00
 0.000000000000000000e+00
 0.000000000000000000e+00
 0.000000000000000000e+00
 0.000000000000000000e+00
 0.000000000000000000e+00
 0.000000000000000000e+00
 0.000000000000000000e+00
 0.000000000000000000e+00
 0.000000000000000000e+00
 0.000000000000000000e+00
 0.000000000000000000e+00
 0.000000000000000000e+00
 0.000000000000000000e+00
 0.000000000000000000e+00
 0.000000000000000000e+00
 0.000000000000000000e+00
 0.000000000000000000e+00
 0.000000000000000000e+00
 0.000000000000000000e+00
 0.000000000000000000e+00
 0.000000000000000000e+00
 0.000000000000000000e+00
 0.000000000000000000e+00
 0.000000000000000000e+00
 0.000000000000000000e+00
 0.000000000000000000e+00
 0.000000000000000000e+00
 0.000000000000000000e+00
 0.000000000000000000e+00
 0.000000000000000000e+00
 0.000000000000000000e+00
 0.000000000000000000e+00
 0.000000000000000000e+00
 0.000000000000000000e+00
 0.000000000000000000e+00
 0.000000000000000000e+00
 0.000000000000000000e+00
 0.000000000000000000e+00
 0.000000000000000000e+00
 0.000000000000000000e+00
 0.000000000000000000e+00
 0.000000000000000000e+00
 0.000000000000000000e+00
 0.000000000000000000e+00
 0.000000000000000000e+00
 0.000000000000000000e+00
 0.000000000000000000e+00
 0.000000000000000000e+00
 0.000000000000000000e+00
 0.000000000000000000e+00
 0.000000000000000000e+00
 0.000000000000000000e+00
 0.000000000000000000e+00
 0.000000000000000000e+00
 0.000000000000000000e+00
 0.000000000000000000e+00
 0.000000000000000000e+00
 0.000000000000000000e+00
 0.000000000000000000e+00
 0.000000000000000000e+00
 0.000000000000000000e+00
 0.000000000000000000e+00
 0.000000000000000000e+00
 0.000000000000000000e+00
 0.000000000000000000e+00
 0.000000000000000000e+00
 0.000000000000000000e+00
 0.000000000000000000e+00
 0.000000000000000000e+00
 0.000000000000000000e+00
 0.000000000000000000e+00
 0.000000000000000000e+00
 0.000000000000000000e+00
 0.000000000000000000e+00
 0.000000000000000000e+00
 0.000000000000000000e+00
 0.000000000000000000e+00
 0.000000000000000000e+00
 0.000000000000000000e+00
 0.000000000000000000e+00
 0.000000000000000000e+00
 0.000000000000000000e+00
 0.000000000000000000e+00
 0.000000000000000000e+00
 0.000000000000000000e+00
 0.000000000000000000e+00
 0.000000000000000000e+00
 0.000000000000000000e+00
 0.000000000000000000e+00
 0.000000000000000000e+00
 0.000000000000000000e+00
 0.000000000000000000e+00
 0.000000000000000000e+00
 0.000000000000000000e+00
 0.000000000000000000e+00
 0.000000000000000000e+00
 0.000000000000000000e+00
 0.000000000000000000e+00
 0.000000000000000000e+00
 0.000000000000000000e+00
 0.000000000000000000e+00
 0.000000000000000000e+00
 0.000000000000000000e+00
 0.000000000000000000e+00
 0.000000000000000000e+00
 0.000000000000000000e+00
 0.000000000000000000e+00
 0.000000000000000000e+00
 0.000000000000000000e+00
 0.000000000000000000e+00
 0.000000000000000000e+00
 0.000000000000000000e+00
 0.000000000000000000e+00
 0.000000000000000000e+00
 0.000000000000000000e+00
 0.000000000000000000e+00
 0.000000000000000000e+00
 0.000000000000000000e+00
 0.000000000000000000e+00
 0.000000000000000000e+00
 0.000000000000000000e+00
 0.000000000000000000e+00
 0.000000000000000000e+00
 0.000000000000000000e+00
 0.000000000000000000e+00
 0.000000000000000000e+00
 0.000000000000000000e+00
 0.000000000000000000e+00
 0.000000000000000000e+00
 0.000000000000000000e+00
 0.000000000000000000e+00
 0.000000000000000000e+00
 0.000000000000000000e+00
 0.000000000000000000e+00
 0.000000000000000000e+00
 0.000000000000000000e+00
 0.000000000000000000e+00
 0.000000000000000000e+00
 0.000000000000000000e+00
 0.000000000000000000e+00
 0.000000000000000000e+00
 0.000000000000000000e+00
 0.000000000000000000e+00
 0.000000000000000000e+00
 0.000000000000000000e+00
 0.000000000000000000e+00
 0.000000000000000000e+00
 0.000000000000000000e+00
 </DataArray>
 <DataArray Name="S" type="Float32" NumberOfComponents="1" format="ascii">
 0.000000000000000000e+00
 0.000000000000000000e+00
 0.000000000000000000e+00
 0.000000000000000000e+00
 0.000000000000000000e+00
 0.000000000000000000e+00
 0.000000000000000000e+00
 0.000000000000000000e+00
 0.000000000000000000e+00
 0.000000000000000000e+00
 0.000000000000000000e+00
 0.000000000000000000e+00
 0.000000000000000000e+00
 0.000000000000000000e+00
 0.000000000000000000e+00
 0.000000000000000000e+00
 0.000000000000000000e+00
 0.000000000000000000e+00
 0.000000000000000000e+00
 0.000000000000000000e+00
 0.000000000000000000e+00
 0.000000000000000000e+00
 0.000000000000000000e+00
 0.000000000000000000e+00
 0.000000000000000000e+00
 0.000000000000000000e+00
 0.000000000000000000e+00
 0.000000000000000000e+00
 0.000000000000000000e+00
 0.000000000000000000e+00
 0.000000000000000000e+00
 0.000000000000000000e+00
 0.000000000000000000e+00
 0.000000000000000000e+00
 0.000000000000000000e+00
 0.000000000000000000e+00
 0.000000000000000000e+00
 0.000000000000000000e+00
 0.000000000000000000e+00
 0.000000000000000000e+00
 0.000000000000000000e+00
 0.000000000000000000e+00
 0.000000000000000000e+00
 0.000000000000000000e+00
 0.000000000000000000e+00
 0.000000000000000000e+00
 0.000000000000000000e+00
 0.000000000000000000e+00
 0.000000000000000000e+00
 0.000000000000000000e+00
 0.000000000000000000e+00
 0.000000000000000000e+00
 0.000000000000000000e+00
 0.000000000000000000e+00
 0.000000000000000000e+00
 0.000000000000000000e+00
 0.000000000000000000e+00
 0.000000000000000000e+00
 0.000000000000000000e+00
 0.000000000000000000e+00
 0.000000000000000000e+00
 0.000000000000000000e+00
 0.000000000000000000e+00
 0.000000000000000000e+00
 0.000000000000000000e+00
 0.000000000000000000e+00
 0.000000000000000000e+00
 0.000000000000000000e+00
 0.000000000000000000e+00
 0.000000000000000000e+00
 0.000000000000000000e+00
 0.000000000000000000e+00
 0.000000000000000000e+00
 0.000000000000000000e+00
 0.000000000000000000e+00
 0.000000000000000000e+00
 0.000000000000000000e+00
 0.000000000000000000e+00
 0.000000000000000000e+00
 0.000000000000000000e+00
 0.000000000000000000e+00
 0.000000000000000000e+00
 0.000000000000000000e+00
 0.000000000000000000e+00
 0.000000000000000000e+00
 0.000000000000000000e+00
 0.000000000000000000e+00
 0.000000000000000000e+00
 0.000000000000000000e+00
 0.000000000000000000e+00
 0.000000000000000000e+00
 0.000000000000000000e+00
 0.000000000000000000e+00
 0.000000000000000000e+00
 0.000000000000000000e+00
 0.000000000000000000e+00
 0.000000000000000000e+00
 0.000000000000000000e+00
 0.000000000000000000e+00
 0.000000000000000000e+00
 0.000000000000000000e+00
 0.000000000000000000e+00
 0.000000000000000000e+00
 0.000000000000000000e+00
 0.000000000000000000e+00
 0.000000000000000000e+00
 0.000000000000000000e+00
 0.000000000000000000e+00
 0.000000000000000000e+00
 0.000000000000000000e+00
 0.000000000000000000e+00
 0.000000000000000000e+00
 0.000000000000000000e+00
 0.000000000000000000e+00
 0.000000000000000000e+00
 0.000000000000000000e+00
 0.000000000000000000e+00
 0.000000000000000000e+00
 0.000000000000000000e+00
 0.000000000000000000e+00
 0.000000000000000000e+00
 0.000000000000000000e+00
 0.000000000000000000e+00
 0.000000000000000000e+00
 0.000000000000000000e+00
 0.000000000000000000e+00
 0.000000000000000000e+00
 0.000000000000000000e+00
 0.000000000000000000e+00
 0.000000000000000000e+00
 0.000000000000000000e+00
 0.000000000000000000e+00
 0.000000000000000000e+00
 0.000000000000000000e+00
 0.000000000000000000e+00
 0.000000000000000000e+00
 0.000000000000000000e+00
 0.000000000000000000e+00
 0.000000000000000000e+00
 0.000000000000000000e+00
 0.000000000000000000e+00
 0.000000000000000000e+00
 0.000000000000000000e+00
 0.000000000000000000e+00
 0.000000000000000000e+00
 0.000000000000000000e+00
 0.000000000000000000e+00
 0.000000000000000000e+00
 0.000000000000000000e+00
 0.000000000000000000e+00
 0.000000000000000000e+00
 0.000000000000000000e+00
 0.000000000000000000e+00
 0.000000000000000000e+00
 0.000000000000000000e+00
 0.000000000000000000e+00
 0.000000000000000000e+00
 0.000000000000000000e+00
 0.000000000000000000e+00
 0.000000000000000000e+00
 0.000000000000000000e+00
 0.000000000000000000e+00
 0.000000000000000000e+00
 0.000000000000000000e+00
 0.000000000000000000e+00
 0.000000000000000000e+00
 0.000000000000000000e+00
 0.000000000000000000e+00
 0.000000000000000000e+00
 0.000000000000000000e+00
 0.000000000000000000e+00
 0.000000000000000000e+00
 0.000000000000000000e+00
 0.000000000000000000e+00
 0.000000000000000000e+00
 0.000000000000000000e+00
 0.000000000000000000e+00
 0.000000000000000000e+00
 0.000000000000000000e+00
 0.000000000000000000e+00
 0.000000000000000000e+00
 0.000000000000000000e+00
 0.000000000000000000e+00
 0.000000000000000000e+00
 0.000000000000000000e+00
 0.000000000000000000e+00
 0.000000000000000000e+00
 0.000000000000000000e+00
 0.000000000000000000e+00
 0.000000000000000000e+00
 0.000000000000000000e+00
 0.000000000000000000e+00
 0.000000000000000000e+00
 0.000000000000000000e+00
 0.000000000000000000e+00
 0.000000000000000000e+00
 0.000000000000000000e+00
 0.000000000000000000e+00
 0.000000000000000000e+00
 0.000000000000000000e+00
 0.000000000000000000e+00
 0.000000000000000000e+00
 0.000000000000000000e+00
 0.000000000000000000e+00
 0.000000000000000000e+00
 0.000000000000000000e+00
 0.000000000000000000e+00
 0.000000000000000000e+00
 0.000000000000000000e+00
 0.000000000000000000e+00
 0.000000000000000000e+00
 0.000000000000000000e+00
 0.000000000000000000e+00
 0.000000000000000000e+00
 0.000000000000000000e+00
 0.000000000000000000e+00
 0.000000000000000000e+00
 0.000000000000000000e+00
 0.000000000000000000e+00
 0.000000000000000000e+00
 0.000000000000000000e+00
 0.000000000000000000e+00
 0.000000000000000000e+00
 0.000000000000000000e+00
 0.000000000000000000e+00
 0.000000000000000000e+00
 0.000000000000000000e+00
 0.000000000000000000e+00
 0.000000000000000000e+00
 0.000000000000000000e+00
 0.000000000000000000e+00
 0.000000000000000000e+00
 0.000000000000000000e+00
 0.000000000000000000e+00
 0.000000000000000000e+00
 0.000000000000000000e+00
 0.000000000000000000e+00
 0.000000000000000000e+00
 0.000000000000000000e+00
 0.000000000000000000e+00
 0.000000000000000000e+00
 0.000000000000000000e+00
 0.000000000000000000e+00
 0.000000000000000000e+00
 0.000000000000000000e+00
 0.000000000000000000e+00
 0.000000000000000000e+00
 0.000000000000000000e+00
 0.000000000000000000e+00
 0.000000000000000000e+00
 0.000000000000000000e+00
 0.000000000000000000e+00
 0.000000000000000000e+00
 0.000000000000000000e+00
 0.000000000000000000e+00
 0.000000000000000000e+00
 0.000000000000000000e+00
 0.000000000000000000e+00
 0.000000000000000000e+00
 0.000000000000000000e+00
 0.000000000000000000e+00
 0.000000000000000000e+00
 0.000000000000000000e+00
 0.000000000000000000e+00
 0.000000000000000000e+00
 0.000000000000000000e+00
 0.000000000000000000e+00
 0.000000000000000000e+00
 0.000000000000000000e+00
 0.000000000000000000e+00
 0.000000000000000000e+00
 0.000000000000000000e+00
 0.000000000000000000e+00
 0.000000000000000000e+00
 0.000000000000000000e+00
 0.000000000000000000e+00
 0.000000000000000000e+00
 0.000000000000000000e+00
 0.000000000000000000e+00
 0.000000000000000000e+00
 0.000000000000000000e+00
 0.000000000000000000e+00
 0.000000000000000000e+00
 0.000000000000000000e+00
 0.000000000000000000e+00
 0.000000000000000000e+00
 0.000000000000000000e+00
 0.000000000000000000e+00
 0.000000000000000000e+00
 0.000000000000000000e+00
 0.000000000000000000e+00
 0.000000000000000000e+00
 0.000000000000000000e+00
 0.000000000000000000e+00
 0.000000000000000000e+00
 0.000000000000000000e+00
 0.000000000000000000e+00
 0.000000000000000000e+00
 0.000000000000000000e+00
 0.000000000000000000e+00
 0.000000000000000000e+00
 0.000000000000000000e+00
 0.000000000000000000e+00
 0.000000000000000000e+00
 0.000000000000000000e+00
 0.000000000000000000e+00
 0.000000000000000000e+00
 0.000000000000000000e+00
 0.000000000000000000e+00
 0.000000000000000000e+00
 0.000000000000000000e+00
 0.000000000000000000e+00
 0.000000000000000000e+00
 0.000000000000000000e+00
 0.000000000000000000e+00
 0.000000000000000000e+00
 0.000000000000000000e+00
 0.000000000000000000e+00
 0.000000000000000000e+00
 0.000000000000000000e+00
 0.000000000000000000e+00
 0.000000000000000000e+00
 0.000000000000000000e+00
 0.000000000000000000e+00
 0.000000000000000000e+00
 0.000000000000000000e+00
 0.000000000000000000e+00
 0.000000000000000000e+00
 0.000000000000000000e+00
 0.000000000000000000e+00
 0.000000000000000000e+00
 0.000000000000000000e+00
 0.000000000000000000e+00
 0.000000000000000000e+00
 0.000000000000000000e+00
 0.000000000000000000e+00
 0.000000000000000000e+00
 0.000000000000000000e+00
 0.000000000000000000e+00
 0.000000000000000000e+00
 0.000000000000000000e+00
 0.000000000000000000e+00
 0.000000000000000000e+00
 0.000000000000000000e+00
 0.000000000000000000e+00
 0.000000000000000000e+00
 0.000000000000000000e+00
 0.000000000000000000e+00
 0.000000000000000000e+00
 0.000000000000000000e+00
 0.000000000000000000e+00
 0.000000000000000000e+00
 0.000000000000000000e+00
 0.000000000000000000e+00
 0.000000000000000000e+00
 0.000000000000000000e+00
 0.000000000000000000e+00
 0.000000000000000000e+00
 0.000000000000000000e+00
 0.000000000000000000e+00
 0.000000000000000000e+00
 0.000000000000000000e+00
 0.000000000000000000e+00
 0.000000000000000000e+00
 0.000000000000000000e+00
 0.000000000000000000e+00
 0.000000000000000000e+00
 0.000000000000000000e+00
 0.000000000000000000e+00
 0.000000000000000000e+00
 0.000000000000000000e+00
 0.000000000000000000e+00
 0.000000000000000000e+00
 0.000000000000000000e+00
 0.000000000000000000e+00
 0.000000000000000000e+00
 0.000000000000000000e+00
 0.000000000000000000e+00
 0.000000000000000000e+00
 0.000000000000000000e+00
 0.000000000000000000e+00
 0.000000000000000000e+00
 0.000000000000000000e+00
 0.000000000000000000e+00
 0.000000000000000000e+00
 0.000000000000000000e+00
 0.000000000000000000e+00
 0.000000000000000000e+00
 0.000000000000000000e+00
 0.000000000000000000e+00
 0.000000000000000000e+00
 0.000000000000000000e+00
 0.000000000000000000e+00
 0.000000000000000000e+00
 0.000000000000000000e+00
 0.000000000000000000e+00
 0.000000000000000000e+00
 0.000000000000000000e+00
 0.000000000000000000e+00
 0.000000000000000000e+00
 0.000000000000000000e+00
 0.000000000000000000e+00
 0.000000000000000000e+00
 0.000000000000000000e+00
 0.000000000000000000e+00
 0.000000000000000000e+00
 0.000000000000000000e+00
 0.000000000000000000e+00
 0.000000000000000000e+00
 0.000000000000000000e+00
 0.000000000000000000e+00
 0.000000000000000000e+00
 0.000000000000000000e+00
 0.000000000000000000e+00
 0.000000000000000000e+00
 0.000000000000000000e+00
 0.000000000000000000e+00
 0.000000000000000000e+00
 0.000000000000000000e+00
 0.000000000000000000e+00
 0.000000000000000000e+00
 0.000000000000000000e+00
 0.000000000000000000e+00
 0.000000000000000000e+00
 0.000000000000000000e+00
 0.000000000000000000e+00
 0.000000000000000000e+00
 0.000000000000000000e+00
 0.000000000000000000e+00
 0.000000000000000000e+00
 0.000000000000000000e+00
 0.000000000000000000e+00
 0.000000000000000000e+00
 0.000000000000000000e+00
 0.000000000000000000e+00
 0.000000000000000000e+00
 0.000000000000000000e+00
 0.000000000000000000e+00
 0.000000000000000000e+00
 0.000000000000000000e+00
 0.000000000000000000e+00
 0.000000000000000000e+00
 0.000000000000000000e+00
 0.000000000000000000e+00
 0.000000000000000000e+00
 0.000000000000000000e+00
 0.000000000000000000e+00
 0.000000000000000000e+00
 0.000000000000000000e+00
 0.000000000000000000e+00
 0.000000000000000000e+00
 0.000000000000000000e+00
 0.000000000000000000e+00
 0.000000000000000000e+00
 0.000000000000000000e+00
 0.000000000000000000e+00
 0.000000000000000000e+00
 0.000000000000000000e+00
 0.000000000000000000e+00
 0.000000000000000000e+00
 0.000000000000000000e+00
 0.000000000000000000e+00
 0.000000000000000000e+00
 0.000000000000000000e+00
 0.000000000000000000e+00
 0.000000000000000000e+00
 0.000000000000000000e+00
 0.000000000000000000e+00
 0.000000000000000000e+00
 0.000000000000000000e+00
 0.000000000000000000e+00
 0.000000000000000000e+00
 0.000000000000000000e+00
 0.000000000000000000e+00
 0.000000000000000000e+00
 0.000000000000000000e+00
 0.000000000000000000e+00
 0.000000000000000000e+00
 0.000000000000000000e+00
 0.000000000000000000e+00
 0.000000000000000000e+00
 0.000000000000000000e+00
 0.000000000000000000e+00
 0.000000000000000000e+00
 0.000000000000000000e+00
 0.000000000000000000e+00
 0.000000000000000000e+00
 0.000000000000000000e+00
 0.000000000000000000e+00
 0.000000000000000000e+00
 0.000000000000000000e+00
 0.000000000000000000e+00
 0.000000000000000000e+00
 0.000000000000000000e+00
 0.000000000000000000e+00
 0.000000000000000000e+00
 0.000000000000000000e+00
 0.000000000000000000e+00
 0.000000000000000000e+00
 0.000000000000000000e+00
 </DataArray>
 <DataArray Name="massf[0]-He" type="Float32" NumberOfComponents="1" format="ascii">
 1.000000000000000000e+00
 1.000000000000000000e+00
 1.000000000000000000e+00
 1.000000000000000000e+00
 1.000000000000000000e+00
 1.000000000000000000e+00
 1.000000000000000000e+00
 1.000000000000000000e+00
 1.000000000000000000e+00
 1.000000000000000000e+00
 1.000000000000000000e+00
 1.000000000000000000e+00
 1.000000000000000000e+00
 1.000000000000000000e+00
 1.000000000000000000e+00
 1.000000000000000000e+00
 1.000000000000000000e+00
 1.000000000000000000e+00
 1.000000000000000000e+00
 1.000000000000000000e+00
 1.000000000000000000e+00
 1.000000000000000000e+00
 1.000000000000000000e+00
 1.000000000000000000e+00
 1.000000000000000000e+00
 1.000000000000000000e+00
 1.000000000000000000e+00
 1.000000000000000000e+00
 1.000000000000000000e+00
 1.000000000000000000e+00
 1.000000000000000000e+00
 1.000000000000000000e+00
 1.000000000000000000e+00
 1.000000000000000000e+00
 1.000000000000000000e+00
 1.000000000000000000e+00
 1.000000000000000000e+00
 1.000000000000000000e+00
 1.000000000000000000e+00
 1.000000000000000000e+00
 1.000000000000000000e+00
 1.000000000000000000e+00
 1.000000000000000000e+00
 1.000000000000000000e+00
 1.000000000000000000e+00
 1.000000000000000000e+00
 1.000000000000000000e+00
 1.000000000000000000e+00
 1.000000000000000000e+00
 1.000000000000000000e+00
 1.000000000000000000e+00
 1.000000000000000000e+00
 1.000000000000000000e+00
 1.000000000000000000e+00
 1.000000000000000000e+00
 1.000000000000000000e+00
 1.000000000000000000e+00
 1.000000000000000000e+00
 1.000000000000000000e+00
 1.000000000000000000e+00
 1.000000000000000000e+00
 1.000000000000000000e+00
 1.000000000000000000e+00
 1.000000000000000000e+00
 1.000000000000000000e+00
 1.000000000000000000e+00
 1.000000000000000000e+00
 1.000000000000000000e+00
 1.000000000000000000e+00
 1.000000000000000000e+00
 1.000000000000000000e+00
 1.000000000000000000e+00
 1.000000000000000000e+00
 1.000000000000000000e+00
 1.000000000000000000e+00
 1.000000000000000000e+00
 1.000000000000000000e+00
 1.000000000000000000e+00
 1.000000000000000000e+00
 1.000000000000000000e+00
 1.000000000000000000e+00
 1.000000000000000000e+00
 1.000000000000000000e+00
 1.000000000000000000e+00
 1.000000000000000000e+00
 1.000000000000000000e+00
 1.000000000000000000e+00
 1.000000000000000000e+00
 1.000000000000000000e+00
 1.000000000000000000e+00
 1.000000000000000000e+00
 1.000000000000000000e+00
 1.000000000000000000e+00
 1.000000000000000000e+00
 1.000000000000000000e+00
 1.000000000000000000e+00
 1.000000000000000000e+00
 1.000000000000000000e+00
 1.000000000000000000e+00
 1.000000000000000000e+00
 1.000000000000000000e+00
 1.000000000000000000e+00
 1.000000000000000000e+00
 1.000000000000000000e+00
 1.000000000000000000e+00
 1.000000000000000000e+00
 1.000000000000000000e+00
 1.000000000000000000e+00
 1.000000000000000000e+00
 1.000000000000000000e+00
 1.000000000000000000e+00
 1.000000000000000000e+00
 1.000000000000000000e+00
 1.000000000000000000e+00
 1.000000000000000000e+00
 1.000000000000000000e+00
 1.000000000000000000e+00
 1.000000000000000000e+00
 1.000000000000000000e+00
 1.000000000000000000e+00
 1.000000000000000000e+00
 1.000000000000000000e+00
 1.000000000000000000e+00
 1.000000000000000000e+00
 1.000000000000000000e+00
 1.000000000000000000e+00
 1.000000000000000000e+00
 1.000000000000000000e+00
 1.000000000000000000e+00
 1.000000000000000000e+00
 1.000000000000000000e+00
 1.000000000000000000e+00
 1.000000000000000000e+00
 1.000000000000000000e+00
 1.000000000000000000e+00
 1.000000000000000000e+00
 1.000000000000000000e+00
 1.000000000000000000e+00
 1.000000000000000000e+00
 1.000000000000000000e+00
 1.000000000000000000e+00
 1.000000000000000000e+00
 1.000000000000000000e+00
 1.000000000000000000e+00
 1.000000000000000000e+00
 1.000000000000000000e+00
 1.000000000000000000e+00
 1.000000000000000000e+00
 1.000000000000000000e+00
 1.000000000000000000e+00
 1.000000000000000000e+00
 1.000000000000000000e+00
 1.000000000000000000e+00
 1.000000000000000000e+00
 1.000000000000000000e+00
 1.000000000000000000e+00
 1.000000000000000000e+00
 1.000000000000000000e+00
 1.000000000000000000e+00
 1.000000000000000000e+00
 1.000000000000000000e+00
 1.000000000000000000e+00
 1.000000000000000000e+00
 1.000000000000000000e+00
 1.000000000000000000e+00
 1.000000000000000000e+00
 1.000000000000000000e+00
 1.000000000000000000e+00
 1.000000000000000000e+00
 1.000000000000000000e+00
 1.000000000000000000e+00
 1.000000000000000000e+00
 1.000000000000000000e+00
 1.000000000000000000e+00
 1.000000000000000000e+00
 1.000000000000000000e+00
 1.000000000000000000e+00
 1.000000000000000000e+00
 1.000000000000000000e+00
 1.000000000000000000e+00
 1.000000000000000000e+00
 1.000000000000000000e+00
 1.000000000000000000e+00
 1.000000000000000000e+00
 1.000000000000000000e+00
 1.000000000000000000e+00
 1.000000000000000000e+00
 1.000000000000000000e+00
 1.000000000000000000e+00
 1.000000000000000000e+00
 1.000000000000000000e+00
 1.000000000000000000e+00
 1.000000000000000000e+00
 1.000000000000000000e+00
 1.000000000000000000e+00
 1.000000000000000000e+00
 1.000000000000000000e+00
 1.000000000000000000e+00
 1.000000000000000000e+00
 1.000000000000000000e+00
 1.000000000000000000e+00
 1.000000000000000000e+00
 1.000000000000000000e+00
 1.000000000000000000e+00
 1.000000000000000000e+00
 1.000000000000000000e+00
 1.000000000000000000e+00
 1.000000000000000000e+00
 1.000000000000000000e+00
 1.000000000000000000e+00
 1.000000000000000000e+00
 1.000000000000000000e+00
 1.000000000000000000e+00
 1.000000000000000000e+00
 1.000000000000000000e+00
 1.000000000000000000e+00
 1.000000000000000000e+00
 1.000000000000000000e+00
 1.000000000000000000e+00
 1.000000000000000000e+00
 1.000000000000000000e+00
 1.000000000000000000e+00
 1.000000000000000000e+00
 1.000000000000000000e+00
 1.000000000000000000e+00
 1.000000000000000000e+00
 1.000000000000000000e+00
 1.000000000000000000e+00
 1.000000000000000000e+00
 1.000000000000000000e+00
 1.000000000000000000e+00
 1.000000000000000000e+00
 1.000000000000000000e+00
 1.000000000000000000e+00
 1.000000000000000000e+00
 1.000000000000000000e+00
 1.000000000000000000e+00
 1.000000000000000000e+00
 1.000000000000000000e+00
 1.000000000000000000e+00
 1.000000000000000000e+00
 1.000000000000000000e+00
 1.000000000000000000e+00
 1.000000000000000000e+00
 1.000000000000000000e+00
 1.000000000000000000e+00
 1.000000000000000000e+00
 1.000000000000000000e+00
 1.000000000000000000e+00
 1.000000000000000000e+00
 1.000000000000000000e+00
 1.000000000000000000e+00
 1.000000000000000000e+00
 1.000000000000000000e+00
 1.000000000000000000e+00
 1.000000000000000000e+00
 1.000000000000000000e+00
 1.000000000000000000e+00
 1.000000000000000000e+00
 1.000000000000000000e+00
 1.000000000000000000e+00
 1.000000000000000000e+00
 1.000000000000000000e+00
 1.000000000000000000e+00
 1.000000000000000000e+00
 1.000000000000000000e+00
 1.000000000000000000e+00
 1.000000000000000000e+00
 1.000000000000000000e+00
 1.000000000000000000e+00
 1.000000000000000000e+00
 1.000000000000000000e+00
 1.000000000000000000e+00
 1.000000000000000000e+00
 1.000000000000000000e+00
 1.000000000000000000e+00
 1.000000000000000000e+00
 1.000000000000000000e+00
 1.000000000000000000e+00
 1.000000000000000000e+00
 1.000000000000000000e+00
 1.000000000000000000e+00
 1.000000000000000000e+00
 1.000000000000000000e+00
 1.000000000000000000e+00
 1.000000000000000000e+00
 1.000000000000000000e+00
 1.000000000000000000e+00
 1.000000000000000000e+00
 1.000000000000000000e+00
 1.000000000000000000e+00
 1.000000000000000000e+00
 1.000000000000000000e+00
 1.000000000000000000e+00
 1.000000000000000000e+00
 1.000000000000000000e+00
 1.000000000000000000e+00
 1.000000000000000000e+00
 1.000000000000000000e+00
 1.000000000000000000e+00
 1.000000000000000000e+00
 1.000000000000000000e+00
 1.000000000000000000e+00
 1.000000000000000000e+00
 1.000000000000000000e+00
 1.000000000000000000e+00
 1.000000000000000000e+00
 1.000000000000000000e+00
 1.000000000000000000e+00
 1.000000000000000000e+00
 1.000000000000000000e+00
 1.000000000000000000e+00
 1.000000000000000000e+00
 1.000000000000000000e+00
 1.000000000000000000e+00
 1.000000000000000000e+00
 1.000000000000000000e+00
 1.000000000000000000e+00
 1.000000000000000000e+00
 1.000000000000000000e+00
 1.000000000000000000e+00
 1.000000000000000000e+00
 1.000000000000000000e+00
 1.000000000000000000e+00
 1.000000000000000000e+00
 1.000000000000000000e+00
 1.000000000000000000e+00
 1.000000000000000000e+00
 1.000000000000000000e+00
 1.000000000000000000e+00
 1.000000000000000000e+00
 1.000000000000000000e+00
 1.000000000000000000e+00
 1.000000000000000000e+00
 1.000000000000000000e+00
 1.000000000000000000e+00
 1.000000000000000000e+00
 1.000000000000000000e+00
 1.000000000000000000e+00
 1.000000000000000000e+00
 1.000000000000000000e+00
 1.000000000000000000e+00
 1.000000000000000000e+00
 1.000000000000000000e+00
 1.000000000000000000e+00
 1.000000000000000000e+00
 1.000000000000000000e+00
 1.000000000000000000e+00
 1.000000000000000000e+00
 1.000000000000000000e+00
 1.000000000000000000e+00
 1.000000000000000000e+00
 1.000000000000000000e+00
 1.000000000000000000e+00
 1.000000000000000000e+00
 1.000000000000000000e+00
 1.000000000000000000e+00
 1.000000000000000000e+00
 1.000000000000000000e+00
 1.000000000000000000e+00
 1.000000000000000000e+00
 1.000000000000000000e+00
 1.000000000000000000e+00
 1.000000000000000000e+00
 1.000000000000000000e+00
 1.000000000000000000e+00
 1.000000000000000000e+00
 1.000000000000000000e+00
 1.000000000000000000e+00
 1.000000000000000000e+00
 1.000000000000000000e+00
 1.000000000000000000e+00
 1.000000000000000000e+00
 1.000000000000000000e+00
 1.000000000000000000e+00
 1.000000000000000000e+00
 1.000000000000000000e+00
 1.000000000000000000e+00
 1.000000000000000000e+00
 1.000000000000000000e+00
 1.000000000000000000e+00
 1.000000000000000000e+00
 1.000000000000000000e+00
 1.000000000000000000e+00
 1.000000000000000000e+00
 1.000000000000000000e+00
 1.000000000000000000e+00
 1.000000000000000000e+00
 1.000000000000000000e+00
 1.000000000000000000e+00
 1.000000000000000000e+00
 1.000000000000000000e+00
 1.000000000000000000e+00
 1.000000000000000000e+00
 1.000000000000000000e+00
 1.000000000000000000e+00
 1.000000000000000000e+00
 1.000000000000000000e+00
 1.000000000000000000e+00
 1.000000000000000000e+00
 1.000000000000000000e+00
 1.000000000000000000e+00
 1.000000000000000000e+00
 1.000000000000000000e+00
 1.000000000000000000e+00
 1.000000000000000000e+00
 1.000000000000000000e+00
 1.000000000000000000e+00
 1.000000000000000000e+00
 1.000000000000000000e+00
 1.000000000000000000e+00
 1.000000000000000000e+00
 1.000000000000000000e+00
 1.000000000000000000e+00
 1.000000000000000000e+00
 1.000000000000000000e+00
 1.000000000000000000e+00
 1.000000000000000000e+00
 1.000000000000000000e+00
 1.000000000000000000e+00
 1.000000000000000000e+00
 1.000000000000000000e+00
 1.000000000000000000e+00
 1.000000000000000000e+00
 1.000000000000000000e+00
 1.000000000000000000e+00
 1.000000000000000000e+00
 1.000000000000000000e+00
 1.000000000000000000e+00
 1.000000000000000000e+00
 1.000000000000000000e+00
 1.000000000000000000e+00
 1.000000000000000000e+00
 1.000000000000000000e+00
 1.000000000000000000e+00
 1.000000000000000000e+00
 1.000000000000000000e+00
 1.000000000000000000e+00
 1.000000000000000000e+00
 1.000000000000000000e+00
 1.000000000000000000e+00
 1.000000000000000000e+00
 1.000000000000000000e+00
 1.000000000000000000e+00
 1.000000000000000000e+00
 1.000000000000000000e+00
 1.000000000000000000e+00
 1.000000000000000000e+00
 1.000000000000000000e+00
 1.000000000000000000e+00
 1.000000000000000000e+00
 1.000000000000000000e+00
 1.000000000000000000e+00
 1.000000000000000000e+00
 1.000000000000000000e+00
 1.000000000000000000e+00
 1.000000000000000000e+00
 1.000000000000000000e+00
 1.000000000000000000e+00
 1.000000000000000000e+00
 1.000000000000000000e+00
 1.000000000000000000e+00
 1.000000000000000000e+00
 1.000000000000000000e+00
 1.000000000000000000e+00
 1.000000000000000000e+00
 1.000000000000000000e+00
 1.000000000000000000e+00
 1.000000000000000000e+00
 1.000000000000000000e+00
 1.000000000000000000e+00
 1.000000000000000000e+00
 1.000000000000000000e+00
 1.000000000000000000e+00
 1.000000000000000000e+00
 1.000000000000000000e+00
 1.000000000000000000e+00
 1.000000000000000000e+00
 1.000000000000000000e+00
 1.000000000000000000e+00
 1.000000000000000000e+00
 1.000000000000000000e+00
 1.000000000000000000e+00
 1.000000000000000000e+00
 1.000000000000000000e+00
 1.000000000000000000e+00
 1.000000000000000000e+00
 1.000000000000000000e+00
 1.000000000000000000e+00
 1.000000000000000000e+00
 1.000000000000000000e+00
 1.000000000000000000e+00
 1.000000000000000000e+00
 1.000000000000000000e+00
 1.000000000000000000e+00
 1.000000000000000000e+00
 1.000000000000000000e+00
 1.000000000000000000e+00
 1.000000000000000000e+00
 1.000000000000000000e+00
 </DataArray>
 <DataArray Name="massf[1]-N2" type="Float32" NumberOfComponents="1" format="ascii">
 0.000000000000000000e+00
 0.000000000000000000e+00
 0.000000000000000000e+00
 0.000000000000000000e+00
 0.000000000000000000e+00
 0.000000000000000000e+00
 0.000000000000000000e+00
 0.000000000000000000e+00
 0.000000000000000000e+00
 0.000000000000000000e+00
 0.000000000000000000e+00
 0.000000000000000000e+00
 0.000000000000000000e+00
 0.000000000000000000e+00
 0.000000000000000000e+00
 0.000000000000000000e+00
 0.000000000000000000e+00
 0.000000000000000000e+00
 0.000000000000000000e+00
 0.000000000000000000e+00
 0.000000000000000000e+00
 0.000000000000000000e+00
 0.000000000000000000e+00
 0.000000000000000000e+00
 0.000000000000000000e+00
 0.000000000000000000e+00
 0.000000000000000000e+00
 0.000000000000000000e+00
 0.000000000000000000e+00
 0.000000000000000000e+00
 0.000000000000000000e+00
 0.000000000000000000e+00
 0.000000000000000000e+00
 0.000000000000000000e+00
 0.000000000000000000e+00
 0.000000000000000000e+00
 0.000000000000000000e+00
 0.000000000000000000e+00
 0.000000000000000000e+00
 0.000000000000000000e+00
 0.000000000000000000e+00
 0.000000000000000000e+00
 0.000000000000000000e+00
 0.000000000000000000e+00
 0.000000000000000000e+00
 0.000000000000000000e+00
 0.000000000000000000e+00
 0.000000000000000000e+00
 0.000000000000000000e+00
 0.000000000000000000e+00
 0.000000000000000000e+00
 0.000000000000000000e+00
 0.000000000000000000e+00
 0.000000000000000000e+00
 0.000000000000000000e+00
 0.000000000000000000e+00
 0.000000000000000000e+00
 0.000000000000000000e+00
 0.000000000000000000e+00
 0.000000000000000000e+00
 0.000000000000000000e+00
 0.000000000000000000e+00
 0.000000000000000000e+00
 0.000000000000000000e+00
 0.000000000000000000e+00
 0.000000000000000000e+00
 0.000000000000000000e+00
 0.000000000000000000e+00
 0.000000000000000000e+00
 0.000000000000000000e+00
 0.000000000000000000e+00
 0.000000000000000000e+00
 0.000000000000000000e+00
 0.000000000000000000e+00
 0.000000000000000000e+00
 0.000000000000000000e+00
 0.000000000000000000e+00
 0.000000000000000000e+00
 0.000000000000000000e+00
 0.000000000000000000e+00
 0.000000000000000000e+00
 0.000000000000000000e+00
 0.000000000000000000e+00
 0.000000000000000000e+00
 0.000000000000000000e+00
 0.000000000000000000e+00
 0.000000000000000000e+00
 0.000000000000000000e+00
 0.000000000000000000e+00
 0.000000000000000000e+00
 0.000000000000000000e+00
 0.000000000000000000e+00
 0.000000000000000000e+00
 0.000000000000000000e+00
 0.000000000000000000e+00
 0.000000000000000000e+00
 0.000000000000000000e+00
 0.000000000000000000e+00
 0.000000000000000000e+00
 0.000000000000000000e+00
 0.000000000000000000e+00
 0.000000000000000000e+00
 0.000000000000000000e+00
 0.000000000000000000e+00
 0.000000000000000000e+00
 0.000000000000000000e+00
 0.000000000000000000e+00
 0.000000000000000000e+00
 0.000000000000000000e+00
 0.000000000000000000e+00
 0.000000000000000000e+00
 0.000000000000000000e+00
 0.000000000000000000e+00
 0.000000000000000000e+00
 0.000000000000000000e+00
 0.000000000000000000e+00
 0.000000000000000000e+00
 0.000000000000000000e+00
 0.000000000000000000e+00
 0.000000000000000000e+00
 0.000000000000000000e+00
 0.000000000000000000e+00
 0.000000000000000000e+00
 0.000000000000000000e+00
 0.000000000000000000e+00
 0.000000000000000000e+00
 0.000000000000000000e+00
 0.000000000000000000e+00
 0.000000000000000000e+00
 0.000000000000000000e+00
 0.000000000000000000e+00
 0.000000000000000000e+00
 0.000000000000000000e+00
 0.000000000000000000e+00
 0.000000000000000000e+00
 0.000000000000000000e+00
 0.000000000000000000e+00
 0.000000000000000000e+00
 0.000000000000000000e+00
 0.000000000000000000e+00
 0.000000000000000000e+00
 0.000000000000000000e+00
 0.000000000000000000e+00
 0.000000000000000000e+00
 0.000000000000000000e+00
 0.000000000000000000e+00
 0.000000000000000000e+00
 0.000000000000000000e+00
 0.000000000000000000e+00
 0.000000000000000000e+00
 0.000000000000000000e+00
 0.000000000000000000e+00
 0.000000000000000000e+00
 0.000000000000000000e+00
 0.000000000000000000e+00
 0.000000000000000000e+00
 0.000000000000000000e+00
 0.000000000000000000e+00
 0.000000000000000000e+00
 0.000000000000000000e+00
 0.000000000000000000e+00
 0.000000000000000000e+00
 0.000000000000000000e+00
 0.000000000000000000e+00
 0.000000000000000000e+00
 0.000000000000000000e+00
 0.000000000000000000e+00
 0.000000000000000000e+00
 0.000000000000000000e+00
 0.000000000000000000e+00
 0.000000000000000000e+00
 0.000000000000000000e+00
 0.000000000000000000e+00
 0.000000000000000000e+00
 0.000000000000000000e+00
 0.000000000000000000e+00
 0.000000000000000000e+00
 0.000000000000000000e+00
 0.000000000000000000e+00
 0.000000000000000000e+00
 0.000000000000000000e+00
 0.000000000000000000e+00
 0.000000000000000000e+00
 0.000000000000000000e+00
 0.000000000000000000e+00
 0.000000000000000000e+00
 0.000000000000000000e+00
 0.000000000000000000e+00
 0.000000000000000000e+00
 0.000000000000000000e+00
 0.000000000000000000e+00
 0.000000000000000000e+00
 0.000000000000000000e+00
 0.000000000000000000e+00
 0.000000000000000000e+00
 0.000000000000000000e+00
 0.000000000000000000e+00
 0.000000000000000000e+00
 0.000000000000000000e+00
 0.000000000000000000e+00
 0.000000000000000000e+00
 0.000000000000000000e+00
 0.000000000000000000e+00
 0.000000000000000000e+00
 0.000000000000000000e+00
 0.000000000000000000e+00
 0.000000000000000000e+00
 0.000000000000000000e+00
 0.000000000000000000e+00
 0.000000000000000000e+00
 0.000000000000000000e+00
 0.000000000000000000e+00
 0.000000000000000000e+00
 0.000000000000000000e+00
 0.000000000000000000e+00
 0.000000000000000000e+00
 0.000000000000000000e+00
 0.000000000000000000e+00
 0.000000000000000000e+00
 0.000000000000000000e+00
 0.000000000000000000e+00
 0.000000000000000000e+00
 0.000000000000000000e+00
 0.000000000000000000e+00
 0.000000000000000000e+00
 0.000000000000000000e+00
 0.000000000000000000e+00
 0.000000000000000000e+00
 0.000000000000000000e+00
 0.000000000000000000e+00
 0.000000000000000000e+00
 0.000000000000000000e+00
 0.000000000000000000e+00
 0.000000000000000000e+00
 0.000000000000000000e+00
 0.000000000000000000e+00
 0.000000000000000000e+00
 0.000000000000000000e+00
 0.000000000000000000e+00
 0.000000000000000000e+00
 0.000000000000000000e+00
 0.000000000000000000e+00
 0.000000000000000000e+00
 0.000000000000000000e+00
 0.000000000000000000e+00
 0.000000000000000000e+00
 0.000000000000000000e+00
 0.000000000000000000e+00
 0.000000000000000000e+00
 0.000000000000000000e+00
 0.000000000000000000e+00
 0.000000000000000000e+00
 0.000000000000000000e+00
 0.000000000000000000e+00
 0.000000000000000000e+00
 0.000000000000000000e+00
 0.000000000000000000e+00
 0.000000000000000000e+00
 0.000000000000000000e+00
 0.000000000000000000e+00
 0.000000000000000000e+00
 0.000000000000000000e+00
 0.000000000000000000e+00
 0.000000000000000000e+00
 0.000000000000000000e+00
 0.000000000000000000e+00
 0.000000000000000000e+00
 0.000000000000000000e+00
 0.000000000000000000e+00
 0.000000000000000000e+00
 0.000000000000000000e+00
 0.000000000000000000e+00
 0.000000000000000000e+00
 0.000000000000000000e+00
 0.000000000000000000e+00
 0.000000000000000000e+00
 0.000000000000000000e+00
 0.000000000000000000e+00
 0.000000000000000000e+00
 0.000000000000000000e+00
 0.000000000000000000e+00
 0.000000000000000000e+00
 0.000000000000000000e+00
 0.000000000000000000e+00
 0.000000000000000000e+00
 0.000000000000000000e+00
 0.000000000000000000e+00
 0.000000000000000000e+00
 0.000000000000000000e+00
 0.000000000000000000e+00
 0.000000000000000000e+00
 0.000000000000000000e+00
 0.000000000000000000e+00
 0.000000000000000000e+00
 0.000000000000000000e+00
 0.000000000000000000e+00
 0.000000000000000000e+00
 0.000000000000000000e+00
 0.000000000000000000e+00
 0.000000000000000000e+00
 0.000000000000000000e+00
 0.000000000000000000e+00
 0.000000000000000000e+00
 0.000000000000000000e+00
 0.000000000000000000e+00
 0.000000000000000000e+00
 0.000000000000000000e+00
 0.000000000000000000e+00
 0.000000000000000000e+00
 0.000000000000000000e+00
 0.000000000000000000e+00
 0.000000000000000000e+00
 0.000000000000000000e+00
 0.000000000000000000e+00
 0.000000000000000000e+00
 0.000000000000000000e+00
 0.000000000000000000e+00
 0.000000000000000000e+00
 0.000000000000000000e+00
 0.000000000000000000e+00
 0.000000000000000000e+00
 0.000000000000000000e+00
 0.000000000000000000e+00
 0.000000000000000000e+00
 0.000000000000000000e+00
 0.000000000000000000e+00
 0.000000000000000000e+00
 0.000000000000000000e+00
 0.000000000000000000e+00
 0.000000000000000000e+00
 0.000000000000000000e+00
 0.000000000000000000e+00
 0.000000000000000000e+00
 0.000000000000000000e+00
 0.000000000000000000e+00
 0.000000000000000000e+00
 0.000000000000000000e+00
 0.000000000000000000e+00
 0.000000000000000000e+00
 0.000000000000000000e+00
 0.000000000000000000e+00
 0.000000000000000000e+00
 0.000000000000000000e+00
 0.000000000000000000e+00
 0.000000000000000000e+00
 0.000000000000000000e+00
 0.000000000000000000e+00
 0.000000000000000000e+00
 0.000000000000000000e+00
 0.000000000000000000e+00
 0.000000000000000000e+00
 0.000000000000000000e+00
 0.000000000000000000e+00
 0.000000000000000000e+00
 0.000000000000000000e+00
 0.000000000000000000e+00
 0.000000000000000000e+00
 0.000000000000000000e+00
 0.000000000000000000e+00
 0.000000000000000000e+00
 0.000000000000000000e+00
 0.000000000000000000e+00
 0.000000000000000000e+00
 0.000000000000000000e+00
 0.000000000000000000e+00
 0.000000000000000000e+00
 0.000000000000000000e+00
 0.000000000000000000e+00
 0.000000000000000000e+00
 0.000000000000000000e+00
 0.000000000000000000e+00
 0.000000000000000000e+00
 0.000000000000000000e+00
 0.000000000000000000e+00
 0.000000000000000000e+00
 0.000000000000000000e+00
 0.000000000000000000e+00
 0.000000000000000000e+00
 0.000000000000000000e+00
 0.000000000000000000e+00
 0.000000000000000000e+00
 0.000000000000000000e+00
 0.000000000000000000e+00
 0.000000000000000000e+00
 0.000000000000000000e+00
 0.000000000000000000e+00
 0.000000000000000000e+00
 0.000000000000000000e+00
 0.000000000000000000e+00
 0.000000000000000000e+00
 0.000000000000000000e+00
 0.000000000000000000e+00
 0.000000000000000000e+00
 0.000000000000000000e+00
 0.000000000000000000e+00
 0.000000000000000000e+00
 0.000000000000000000e+00
 0.000000000000000000e+00
 0.000000000000000000e+00
 0.000000000000000000e+00
 0.000000000000000000e+00
 0.000000000000000000e+00
 0.000000000000000000e+00
 0.000000000000000000e+00
 0.000000000000000000e+00
 0.000000000000000000e+00
 0.000000000000000000e+00
 0.000000000000000000e+00
 0.000000000000000000e+00
 0.000000000000000000e+00
 0.000000000000000000e+00
 0.000000000000000000e+00
 0.000000000000000000e+00
 0.000000000000000000e+00
 0.000000000000000000e+00
 0.000000000000000000e+00
 0.000000000000000000e+00
 0.000000000000000000e+00
 0.000000000000000000e+00
 0.000000000000000000e+00
 0.000000000000000000e+00
 0.000000000000000000e+00
 0.000000000000000000e+00
 0.000000000000000000e+00
 0.000000000000000000e+00
 0.000000000000000000e+00
 0.000000000000000000e+00
 0.000000000000000000e+00
 0.000000000000000000e+00
 0.000000000000000000e+00
 0.000000000000000000e+00
 0.000000000000000000e+00
 0.000000000000000000e+00
 0.000000000000000000e+00
 0.000000000000000000e+00
 0.000000000000000000e+00
 0.000000000000000000e+00
 0.000000000000000000e+00
 0.000000000000000000e+00
 0.000000000000000000e+00
 0.000000000000000000e+00
 0.000000000000000000e+00
 0.000000000000000000e+00
 0.000000000000000000e+00
 0.000000000000000000e+00
 0.000000000000000000e+00
 0.000000000000000000e+00
 0.000000000000000000e+00
 0.000000000000000000e+00
 0.000000000000000000e+00
 0.000000000000000000e+00
 0.000000000000000000e+00
 0.000000000000000000e+00
 0.000000000000000000e+00
 0.000000000000000000e+00
 0.000000000000000000e+00
 0.000000000000000000e+00
 0.000000000000000000e+00
 0.000000000000000000e+00
 0.000000000000000000e+00
 0.000000000000000000e+00
 0.000000000000000000e+00
 0.000000000000000000e+00
 0.000000000000000000e+00
 0.000000000000000000e+00
 0.000000000000000000e+00
 0.000000000000000000e+00
 0.000000000000000000e+00
 0.000000000000000000e+00
 0.000000000000000000e+00
 0.000000000000000000e+00
 0.000000000000000000e+00
 0.000000000000000000e+00
 0.000000000000000000e+00
 0.000000000000000000e+00
 0.000000000000000000e+00
 0.000000000000000000e+00
 0.000000000000000000e+00
 0.000000000000000000e+00
 0.000000000000000000e+00
 0.000000000000000000e+00
 0.000000000000000000e+00
 0.000000000000000000e+00
 0.000000000000000000e+00
 0.000000000000000000e+00
 0.000000000000000000e+00
 0.000000000000000000e+00
 0.000000000000000000e+00
 0.000000000000000000e+00
 0.000000000000000000e+00
 0.000000000000000000e+00
 0.000000000000000000e+00
 0.000000000000000000e+00
 0.000000000000000000e+00
 0.000000000000000000e+00
 0.000000000000000000e+00
 0.000000000000000000e+00
 0.000000000000000000e+00
 0.000000000000000000e+00
 0.000000000000000000e+00
 </DataArray>
 <DataArray Name="massf[2]-O2" type="Float32" NumberOfComponents="1" format="ascii">
 0.000000000000000000e+00
 0.000000000000000000e+00
 0.000000000000000000e+00
 0.000000000000000000e+00
 0.000000000000000000e+00
 0.000000000000000000e+00
 0.000000000000000000e+00
 0.000000000000000000e+00
 0.000000000000000000e+00
 0.000000000000000000e+00
 0.000000000000000000e+00
 0.000000000000000000e+00
 0.000000000000000000e+00
 0.000000000000000000e+00
 0.000000000000000000e+00
 0.000000000000000000e+00
 0.000000000000000000e+00
 0.000000000000000000e+00
 0.000000000000000000e+00
 0.000000000000000000e+00
 0.000000000000000000e+00
 0.000000000000000000e+00
 0.000000000000000000e+00
 0.000000000000000000e+00
 0.000000000000000000e+00
 0.000000000000000000e+00
 0.000000000000000000e+00
 0.000000000000000000e+00
 0.000000000000000000e+00
 0.000000000000000000e+00
 0.000000000000000000e+00
 0.000000000000000000e+00
 0.000000000000000000e+00
 0.000000000000000000e+00
 0.000000000000000000e+00
 0.000000000000000000e+00
 0.000000000000000000e+00
 0.000000000000000000e+00
 0.000000000000000000e+00
 0.000000000000000000e+00
 0.000000000000000000e+00
 0.000000000000000000e+00
 0.000000000000000000e+00
 0.000000000000000000e+00
 0.000000000000000000e+00
 0.000000000000000000e+00
 0.000000000000000000e+00
 0.000000000000000000e+00
 0.000000000000000000e+00
 0.000000000000000000e+00
 0.000000000000000000e+00
 0.000000000000000000e+00
 0.000000000000000000e+00
 0.000000000000000000e+00
 0.000000000000000000e+00
 0.000000000000000000e+00
 0.000000000000000000e+00
 0.000000000000000000e+00
 0.000000000000000000e+00
 0.000000000000000000e+00
 0.000000000000000000e+00
 0.000000000000000000e+00
 0.000000000000000000e+00
 0.000000000000000000e+00
 0.000000000000000000e+00
 0.000000000000000000e+00
 0.000000000000000000e+00
 0.000000000000000000e+00
 0.000000000000000000e+00
 0.000000000000000000e+00
 0.000000000000000000e+00
 0.000000000000000000e+00
 0.000000000000000000e+00
 0.000000000000000000e+00
 0.000000000000000000e+00
 0.000000000000000000e+00
 0.000000000000000000e+00
 0.000000000000000000e+00
 0.000000000000000000e+00
 0.000000000000000000e+00
 0.000000000000000000e+00
 0.000000000000000000e+00
 0.000000000000000000e+00
 0.000000000000000000e+00
 0.000000000000000000e+00
 0.000000000000000000e+00
 0.000000000000000000e+00
 0.000000000000000000e+00
 0.000000000000000000e+00
 0.000000000000000000e+00
 0.000000000000000000e+00
 0.000000000000000000e+00
 0.000000000000000000e+00
 0.000000000000000000e+00
 0.000000000000000000e+00
 0.000000000000000000e+00
 0.000000000000000000e+00
 0.000000000000000000e+00
 0.000000000000000000e+00
 0.000000000000000000e+00
 0.000000000000000000e+00
 0.000000000000000000e+00
 0.000000000000000000e+00
 0.000000000000000000e+00
 0.000000000000000000e+00
 0.000000000000000000e+00
 0.000000000000000000e+00
 0.000000000000000000e+00
 0.000000000000000000e+00
 0.000000000000000000e+00
 0.000000000000000000e+00
 0.000000000000000000e+00
 0.000000000000000000e+00
 0.000000000000000000e+00
 0.000000000000000000e+00
 0.000000000000000000e+00
 0.000000000000000000e+00
 0.000000000000000000e+00
 0.000000000000000000e+00
 0.000000000000000000e+00
 0.000000000000000000e+00
 0.000000000000000000e+00
 0.000000000000000000e+00
 0.000000000000000000e+00
 0.000000000000000000e+00
 0.000000000000000000e+00
 0.000000000000000000e+00
 0.000000000000000000e+00
 0.000000000000000000e+00
 0.000000000000000000e+00
 0.000000000000000000e+00
 0.000000000000000000e+00
 0.000000000000000000e+00
 0.000000000000000000e+00
 0.000000000000000000e+00
 0.000000000000000000e+00
 0.000000000000000000e+00
 0.000000000000000000e+00
 0.000000000000000000e+00
 0.000000000000000000e+00
 0.000000000000000000e+00
 0.000000000000000000e+00
 0.000000000000000000e+00
 0.000000000000000000e+00
 0.000000000000000000e+00
 0.000000000000000000e+00
 0.000000000000000000e+00
 0.000000000000000000e+00
 0.000000000000000000e+00
 0.000000000000000000e+00
 0.000000000000000000e+00
 0.000000000000000000e+00
 0.000000000000000000e+00
 0.000000000000000000e+00
 0.000000000000000000e+00
 0.000000000000000000e+00
 0.000000000000000000e+00
 0.000000000000000000e+00
 0.000000000000000000e+00
 0.000000000000000000e+00
 0.000000000000000000e+00
 0.000000000000000000e+00
 0.000000000000000000e+00
 0.000000000000000000e+00
 0.000000000000000000e+00
 0.000000000000000000e+00
 0.000000000000000000e+00
 0.000000000000000000e+00
 0.000000000000000000e+00
 0.000000000000000000e+00
 0.000000000000000000e+00
 0.000000000000000000e+00
 0.000000000000000000e+00
 0.000000000000000000e+00
 0.000000000000000000e+00
 0.000000000000000000e+00
 0.000000000000000000e+00
 0.000000000000000000e+00
 0.000000000000000000e+00
 0.000000000000000000e+00
 0.000000000000000000e+00
 0.000000000000000000e+00
 0.000000000000000000e+00
 0.000000000000000000e+00
 0.000000000000000000e+00
 0.000000000000000000e+00
 0.000000000000000000e+00
 0.000000000000000000e+00
 0.000000000000000000e+00
 0.000000000000000000e+00
 0.000000000000000000e+00
 0.000000000000000000e+00
 0.000000000000000000e+00
 0.000000000000000000e+00
 0.000000000000000000e+00
 0.000000000000000000e+00
 0.000000000000000000e+00
 0.000000000000000000e+00
 0.000000000000000000e+00
 0.000000000000000000e+00
 0.000000000000000000e+00
 0.000000000000000000e+00
 0.000000000000000000e+00
 0.000000000000000000e+00
 0.000000000000000000e+00
 0.000000000000000000e+00
 0.000000000000000000e+00
 0.000000000000000000e+00
 0.000000000000000000e+00
 0.000000000000000000e+00
 0.000000000000000000e+00
 0.000000000000000000e+00
 0.000000000000000000e+00
 0.000000000000000000e+00
 0.000000000000000000e+00
 0.000000000000000000e+00
 0.000000000000000000e+00
 0.000000000000000000e+00
 0.000000000000000000e+00
 0.000000000000000000e+00
 0.000000000000000000e+00
 0.000000000000000000e+00
 0.000000000000000000e+00
 0.000000000000000000e+00
 0.000000000000000000e+00
 0.000000000000000000e+00
 0.000000000000000000e+00
 0.000000000000000000e+00
 0.000000000000000000e+00
 0.000000000000000000e+00
 0.000000000000000000e+00
 0.000000000000000000e+00
 0.000000000000000000e+00
 0.000000000000000000e+00
 0.000000000000000000e+00
 0.000000000000000000e+00
 0.000000000000000000e+00
 0.000000000000000000e+00
 0.000000000000000000e+00
 0.000000000000000000e+00
 0.000000000000000000e+00
 0.000000000000000000e+00
 0.000000000000000000e+00
 0.000000000000000000e+00
 0.000000000000000000e+00
 0.000000000000000000e+00
 0.000000000000000000e+00
 0.000000000000000000e+00
 0.000000000000000000e+00
 0.000000000000000000e+00
 0.000000000000000000e+00
 0.000000000000000000e+00
 0.000000000000000000e+00
 0.000000000000000000e+00
 0.000000000000000000e+00
 0.000000000000000000e+00
 0.000000000000000000e+00
 0.000000000000000000e+00
 0.000000000000000000e+00
 0.000000000000000000e+00
 0.000000000000000000e+00
 0.000000000000000000e+00
 0.000000000000000000e+00
 0.000000000000000000e+00
 0.000000000000000000e+00
 0.000000000000000000e+00
 0.000000000000000000e+00
 0.000000000000000000e+00
 0.000000000000000000e+00
 0.000000000000000000e+00
 0.000000000000000000e+00
 0.000000000000000000e+00
 0.000000000000000000e+00
 0.000000000000000000e+00
 0.000000000000000000e+00
 0.000000000000000000e+00
 0.000000000000000000e+00
 0.000000000000000000e+00
 0.000000000000000000e+00
 0.000000000000000000e+00
 0.000000000000000000e+00
 0.000000000000000000e+00
 0.000000000000000000e+00
 0.000000000000000000e+00
 0.000000000000000000e+00
 0.000000000000000000e+00
 0.000000000000000000e+00
 0.000000000000000000e+00
 0.000000000000000000e+00
 0.000000000000000000e+00
 0.000000000000000000e+00
 0.000000000000000000e+00
 0.000000000000000000e+00
 0.000000000000000000e+00
 0.000000000000000000e+00
 0.000000000000000000e+00
 0.000000000000000000e+00
 0.000000000000000000e+00
 0.000000000000000000e+00
 0.000000000000000000e+00
 0.000000000000000000e+00
 0.000000000000000000e+00
 0.000000000000000000e+00
 0.000000000000000000e+00
 0.000000000000000000e+00
 0.000000000000000000e+00
 0.000000000000000000e+00
 0.000000000000000000e+00
 0.000000000000000000e+00
 0.000000000000000000e+00
 0.000000000000000000e+00
 0.000000000000000000e+00
 0.000000000000000000e+00
 0.000000000000000000e+00
 0.000000000000000000e+00
 0.000000000000000000e+00
 0.000000000000000000e+00
 0.000000000000000000e+00
 0.000000000000000000e+00
 0.000000000000000000e+00
 0.000000000000000000e+00
 0.000000000000000000e+00
 0.000000000000000000e+00
 0.000000000000000000e+00
 0.000000000000000000e+00
 0.000000000000000000e+00
 0.000000000000000000e+00
 0.000000000000000000e+00
 0.000000000000000000e+00
 0.000000000000000000e+00
 0.000000000000000000e+00
 0.000000000000000000e+00
 0.000000000000000000e+00
 0.000000000000000000e+00
 0.000000000000000000e+00
 0.000000000000000000e+00
 0.000000000000000000e+00
 0.000000000000000000e+00
 0.000000000000000000e+00
 0.000000000000000000e+00
 0.000000000000000000e+00
 0.000000000000000000e+00
 0.000000000000000000e+00
 0.000000000000000000e+00
 0.000000000000000000e+00
 0.000000000000000000e+00
 0.000000000000000000e+00
 0.000000000000000000e+00
 0.000000000000000000e+00
 0.000000000000000000e+00
 0.000000000000000000e+00
 0.000000000000000000e+00
 0.000000000000000000e+00
 0.000000000000000000e+00
 0.000000000000000000e+00
 0.000000000000000000e+00
 0.000000000000000000e+00
 0.000000000000000000e+00
 0.000000000000000000e+00
 0.000000000000000000e+00
 0.000000000000000000e+00
 0.000000000000000000e+00
 0.000000000000000000e+00
 0.000000000000000000e+00
 0.000000000000000000e+00
 0.000000000000000000e+00
 0.000000000000000000e+00
 0.000000000000000000e+00
 0.000000000000000000e+00
 0.000000000000000000e+00
 0.000000000000000000e+00
 0.000000000000000000e+00
 0.000000000000000000e+00
 0.000000000000000000e+00
 0.000000000000000000e+00
 0.000000000000000000e+00
 0.000000000000000000e+00
 0.000000000000000000e+00
 0.000000000000000000e+00
 0.000000000000000000e+00
 0.000000000000000000e+00
 0.000000000000000000e+00
 0.000000000000000000e+00
 0.000000000000000000e+00
 0.000000000000000000e+00
 0.000000000000000000e+00
 0.000000000000000000e+00
 0.000000000000000000e+00
 0.000000000000000000e+00
 0.000000000000000000e+00
 0.000000000000000000e+00
 0.000000000000000000e+00
 0.000000000000000000e+00
 0.000000000000000000e+00
 0.000000000000000000e+00
 0.000000000000000000e+00
 0.000000000000000000e+00
 0.000000000000000000e+00
 0.000000000000000000e+00
 0.000000000000000000e+00
 0.000000000000000000e+00
 0.000000000000000000e+00
 0.000000000000000000e+00
 0.000000000000000000e+00
 0.000000000000000000e+00
 0.000000000000000000e+00
 0.000000000000000000e+00
 0.000000000000000000e+00
 0.000000000000000000e+00
 0.000000000000000000e+00
 0.000000000000000000e+00
 0.000000000000000000e+00
 0.000000000000000000e+00
 0.000000000000000000e+00
 0.000000000000000000e+00
 0.000000000000000000e+00
 0.000000000000000000e+00
 0.000000000000000000e+00
 0.000000000000000000e+00
 0.000000000000000000e+00
 0.000000000000000000e+00
 0.000000000000000000e+00
 0.000000000000000000e+00
 0.000000000000000000e+00
 0.000000000000000000e+00
 0.000000000000000000e+00
 0.000000000000000000e+00
 0.000000000000000000e+00
 0.000000000000000000e+00
 0.000000000000000000e+00
 0.000000000000000000e+00
 0.000000000000000000e+00
 0.000000000000000000e+00
 0.000000000000000000e+00
 0.000000000000000000e+00
 0.000000000000000000e+00
 0.000000000000000000e+00
 0.000000000000000000e+00
 0.000000000000000000e+00
 0.000000000000000000e+00
 0.000000000000000000e+00
 0.000000000000000000e+00
 0.000000000000000000e+00
 0.000000000000000000e+00
 0.000000000000000000e+00
 0.000000000000000000e+00
 0.000000000000000000e+00
 0.000000000000000000e+00
 0.000000000000000000e+00
 0.000000000000000000e+00
 0.000000000000000000e+00
 0.000000000000000000e+00
 0.000000000000000000e+00
 0.000000000000000000e+00
 0.000000000000000000e+00
 0.000000000000000000e+00
 0.000000000000000000e+00
 0.000000000000000000e+00
 0.000000000000000000e+00
 0.000000000000000000e+00
 0.000000000000000000e+00
 0.000000000000000000e+00
 0.000000000000000000e+00
 0.000000000000000000e+00
 0.000000000000000000e+00
 0.000000000000000000e+00
 0.000000000000000000e+00
 0.000000000000000000e+00
 0.000000000000000000e+00
 0.000000000000000000e+00
 0.000000000000000000e+00
 0.000000000000000000e+00
 0.000000000000000000e+00
 0.000000000000000000e+00
 0.000000000000000000e+00
 0.000000000000000000e+00
 0.000000000000000000e+00
 0.000000000000000000e+00
 0.000000000000000000e+00
 0.000000000000000000e+00
 0.000000000000000000e+00
 0.000000000000000000e+00
 0.000000000000000000e+00
 0.000000000000000000e+00
 0.000000000000000000e+00
 0.000000000000000000e+00
 0.000000000000000000e+00
 0.000000000000000000e+00
 0.000000000000000000e+00
 0.000000000000000000e+00
 0.000000000000000000e+00
 0.000000000000000000e+00
 0.000000000000000000e+00
 0.000000000000000000e+00
 0.000000000000000000e+00
 0.000000000000000000e+00
 0.000000000000000000e+00
 0.000000000000000000e+00
 0.000000000000000000e+00
 0.000000000000000000e+00
 </DataArray>
 <DataArray Name="massf[3]-N" type="Float32" NumberOfComponents="1" format="ascii">
 0.000000000000000000e+00
 0.000000000000000000e+00
 0.000000000000000000e+00
 0.000000000000000000e+00
 0.000000000000000000e+00
 0.000000000000000000e+00
 0.000000000000000000e+00
 0.000000000000000000e+00
 0.000000000000000000e+00
 0.000000000000000000e+00
 0.000000000000000000e+00
 0.000000000000000000e+00
 0.000000000000000000e+00
 0.000000000000000000e+00
 0.000000000000000000e+00
 0.000000000000000000e+00
 0.000000000000000000e+00
 0.000000000000000000e+00
 0.000000000000000000e+00
 0.000000000000000000e+00
 0.000000000000000000e+00
 0.000000000000000000e+00
 0.000000000000000000e+00
 0.000000000000000000e+00
 0.000000000000000000e+00
 0.000000000000000000e+00
 0.000000000000000000e+00
 0.000000000000000000e+00
 0.000000000000000000e+00
 0.000000000000000000e+00
 0.000000000000000000e+00
 0.000000000000000000e+00
 0.000000000000000000e+00
 0.000000000000000000e+00
 0.000000000000000000e+00
 0.000000000000000000e+00
 0.000000000000000000e+00
 0.000000000000000000e+00
 0.000000000000000000e+00
 0.000000000000000000e+00
 0.000000000000000000e+00
 0.000000000000000000e+00
 0.000000000000000000e+00
 0.000000000000000000e+00
 0.000000000000000000e+00
 0.000000000000000000e+00
 0.000000000000000000e+00
 0.000000000000000000e+00
 0.000000000000000000e+00
 0.000000000000000000e+00
 0.000000000000000000e+00
 0.000000000000000000e+00
 0.000000000000000000e+00
 0.000000000000000000e+00
 0.000000000000000000e+00
 0.000000000000000000e+00
 0.000000000000000000e+00
 0.000000000000000000e+00
 0.000000000000000000e+00
 0.000000000000000000e+00
 0.000000000000000000e+00
 0.000000000000000000e+00
 0.000000000000000000e+00
 0.000000000000000000e+00
 0.000000000000000000e+00
 0.000000000000000000e+00
 0.000000000000000000e+00
 0.000000000000000000e+00
 0.000000000000000000e+00
 0.000000000000000000e+00
 0.000000000000000000e+00
 0.000000000000000000e+00
 0.000000000000000000e+00
 0.000000000000000000e+00
 0.000000000000000000e+00
 0.000000000000000000e+00
 0.000000000000000000e+00
 0.000000000000000000e+00
 0.000000000000000000e+00
 0.000000000000000000e+00
 0.000000000000000000e+00
 0.000000000000000000e+00
 0.000000000000000000e+00
 0.000000000000000000e+00
 0.000000000000000000e+00
 0.000000000000000000e+00
 0.000000000000000000e+00
 0.000000000000000000e+00
 0.000000000000000000e+00
 0.000000000000000000e+00
 0.000000000000000000e+00
 0.000000000000000000e+00
 0.000000000000000000e+00
 0.000000000000000000e+00
 0.000000000000000000e+00
 0.000000000000000000e+00
 0.000000000000000000e+00
 0.000000000000000000e+00
 0.000000000000000000e+00
 0.000000000000000000e+00
 0.000000000000000000e+00
 0.000000000000000000e+00
 0.000000000000000000e+00
 0.000000000000000000e+00
 0.000000000000000000e+00
 0.000000000000000000e+00
 0.000000000000000000e+00
 0.000000000000000000e+00
 0.000000000000000000e+00
 0.000000000000000000e+00
 0.000000000000000000e+00
 0.000000000000000000e+00
 0.000000000000000000e+00
 0.000000000000000000e+00
 0.000000000000000000e+00
 0.000000000000000000e+00
 0.000000000000000000e+00
 0.000000000000000000e+00
 0.000000000000000000e+00
 0.000000000000000000e+00
 0.000000000000000000e+00
 0.000000000000000000e+00
 0.000000000000000000e+00
 0.000000000000000000e+00
 0.000000000000000000e+00
 0.000000000000000000e+00
 0.000000000000000000e+00
 0.000000000000000000e+00
 0.000000000000000000e+00
 0.000000000000000000e+00
 0.000000000000000000e+00
 0.000000000000000000e+00
 0.000000000000000000e+00
 0.000000000000000000e+00
 0.000000000000000000e+00
 0.000000000000000000e+00
 0.000000000000000000e+00
 0.000000000000000000e+00
 0.000000000000000000e+00
 0.000000000000000000e+00
 0.000000000000000000e+00
 0.000000000000000000e+00
 0.000000000000000000e+00
 0.000000000000000000e+00
 0.000000000000000000e+00
 0.000000000000000000e+00
 0.000000000000000000e+00
 0.000000000000000000e+00
 0.000000000000000000e+00
 0.000000000000000000e+00
 0.000000000000000000e+00
 0.000000000000000000e+00
 0.000000000000000000e+00
 0.000000000000000000e+00
 0.000000000000000000e+00
 0.000000000000000000e+00
 0.000000000000000000e+00
 0.000000000000000000e+00
 0.000000000000000000e+00
 0.000000000000000000e+00
 0.000000000000000000e+00
 0.000000000000000000e+00
 0.000000000000000000e+00
 0.000000000000000000e+00
 0.000000000000000000e+00
 0.000000000000000000e+00
 0.000000000000000000e+00
 0.000000000000000000e+00
 0.000000000000000000e+00
 0.000000000000000000e+00
 0.000000000000000000e+00
 0.000000000000000000e+00
 0.000000000000000000e+00
 0.000000000000000000e+00
 0.000000000000000000e+00
 0.000000000000000000e+00
 0.000000000000000000e+00
 0.000000000000000000e+00
 0.000000000000000000e+00
 0.000000000000000000e+00
 0.000000000000000000e+00
 0.000000000000000000e+00
 0.000000000000000000e+00
 0.000000000000000000e+00
 0.000000000000000000e+00
 0.000000000000000000e+00
 0.000000000000000000e+00
 0.000000000000000000e+00
 0.000000000000000000e+00
 0.000000000000000000e+00
 0.000000000000000000e+00
 0.000000000000000000e+00
 0.000000000000000000e+00
 0.000000000000000000e+00
 0.000000000000000000e+00
 0.000000000000000000e+00
 0.000000000000000000e+00
 0.000000000000000000e+00
 0.000000000000000000e+00
 0.000000000000000000e+00
 0.000000000000000000e+00
 0.000000000000000000e+00
 0.000000000000000000e+00
 0.000000000000000000e+00
 0.000000000000000000e+00
 0.000000000000000000e+00
 0.000000000000000000e+00
 0.000000000000000000e+00
 0.000000000000000000e+00
 0.000000000000000000e+00
 0.000000000000000000e+00
 0.000000000000000000e+00
 0.000000000000000000e+00
 0.000000000000000000e+00
 0.000000000000000000e+00
 0.000000000000000000e+00
 0.000000000000000000e+00
 0.000000000000000000e+00
 0.000000000000000000e+00
 0.000000000000000000e+00
 0.000000000000000000e+00
 0.000000000000000000e+00
 0.000000000000000000e+00
 0.000000000000000000e+00
 0.000000000000000000e+00
 0.000000000000000000e+00
 0.000000000000000000e+00
 0.000000000000000000e+00
 0.000000000000000000e+00
 0.000000000000000000e+00
 0.000000000000000000e+00
 0.000000000000000000e+00
 0.000000000000000000e+00
 0.000000000000000000e+00
 0.000000000000000000e+00
 0.000000000000000000e+00
 0.000000000000000000e+00
 0.000000000000000000e+00
 0.000000000000000000e+00
 0.000000000000000000e+00
 0.000000000000000000e+00
 0.000000000000000000e+00
 0.000000000000000000e+00
 0.000000000000000000e+00
 0.000000000000000000e+00
 0.000000000000000000e+00
 0.000000000000000000e+00
 0.000000000000000000e+00
 0.000000000000000000e+00
 0.000000000000000000e+00
 0.000000000000000000e+00
 0.000000000000000000e+00
 0.000000000000000000e+00
 0.000000000000000000e+00
 0.000000000000000000e+00
 0.000000000000000000e+00
 0.000000000000000000e+00
 0.000000000000000000e+00
 0.000000000000000000e+00
 0.000000000000000000e+00
 0.000000000000000000e+00
 0.000000000000000000e+00
 0.000000000000000000e+00
 0.000000000000000000e+00
 0.000000000000000000e+00
 0.000000000000000000e+00
 0.000000000000000000e+00
 0.000000000000000000e+00
 0.000000000000000000e+00
 0.000000000000000000e+00
 0.000000000000000000e+00
 0.000000000000000000e+00
 0.000000000000000000e+00
 0.000000000000000000e+00
 0.000000000000000000e+00
 0.000000000000000000e+00
 0.000000000000000000e+00
 0.000000000000000000e+00
 0.000000000000000000e+00
 0.000000000000000000e+00
 0.000000000000000000e+00
 0.000000000000000000e+00
 0.000000000000000000e+00
 0.000000000000000000e+00
 0.000000000000000000e+00
 0.000000000000000000e+00
 0.000000000000000000e+00
 0.000000000000000000e+00
 0.000000000000000000e+00
 0.000000000000000000e+00
 0.000000000000000000e+00
 0.000000000000000000e+00
 0.000000000000000000e+00
 0.000000000000000000e+00
 0.000000000000000000e+00
 0.000000000000000000e+00
 0.000000000000000000e+00
 0.000000000000000000e+00
 0.000000000000000000e+00
 0.000000000000000000e+00
 0.000000000000000000e+00
 0.000000000000000000e+00
 0.000000000000000000e+00
 0.000000000000000000e+00
 0.000000000000000000e+00
 0.000000000000000000e+00
 0.000000000000000000e+00
 0.000000000000000000e+00
 0.000000000000000000e+00
 0.000000000000000000e+00
 0.000000000000000000e+00
 0.000000000000000000e+00
 0.000000000000000000e+00
 0.000000000000000000e+00
 0.000000000000000000e+00
 0.000000000000000000e+00
 0.000000000000000000e+00
 0.000000000000000000e+00
 0.000000000000000000e+00
 0.000000000000000000e+00
 0.000000000000000000e+00
 0.000000000000000000e+00
 0.000000000000000000e+00
 0.000000000000000000e+00
 0.000000000000000000e+00
 0.000000000000000000e+00
 0.000000000000000000e+00
 0.000000000000000000e+00
 0.000000000000000000e+00
 0.000000000000000000e+00
 0.000000000000000000e+00
 0.000000000000000000e+00
 0.000000000000000000e+00
 0.000000000000000000e+00
 0.000000000000000000e+00
 0.000000000000000000e+00
 0.000000000000000000e+00
 0.000000000000000000e+00
 0.000000000000000000e+00
 0.000000000000000000e+00
 0.000000000000000000e+00
 0.000000000000000000e+00
 0.000000000000000000e+00
 0.000000000000000000e+00
 0.000000000000000000e+00
 0.000000000000000000e+00
 0.000000000000000000e+00
 0.000000000000000000e+00
 0.000000000000000000e+00
 0.000000000000000000e+00
 0.000000000000000000e+00
 0.000000000000000000e+00
 0.000000000000000000e+00
 0.000000000000000000e+00
 0.000000000000000000e+00
 0.000000000000000000e+00
 0.000000000000000000e+00
 0.000000000000000000e+00
 0.000000000000000000e+00
 0.000000000000000000e+00
 0.000000000000000000e+00
 0.000000000000000000e+00
 0.000000000000000000e+00
 0.000000000000000000e+00
 0.000000000000000000e+00
 0.000000000000000000e+00
 0.000000000000000000e+00
 0.000000000000000000e+00
 0.000000000000000000e+00
 0.000000000000000000e+00
 0.000000000000000000e+00
 0.000000000000000000e+00
 0.000000000000000000e+00
 0.000000000000000000e+00
 0.000000000000000000e+00
 0.000000000000000000e+00
 0.000000000000000000e+00
 0.000000000000000000e+00
 0.000000000000000000e+00
 0.000000000000000000e+00
 0.000000000000000000e+00
 0.000000000000000000e+00
 0.000000000000000000e+00
 0.000000000000000000e+00
 0.000000000000000000e+00
 0.000000000000000000e+00
 0.000000000000000000e+00
 0.000000000000000000e+00
 0.000000000000000000e+00
 0.000000000000000000e+00
 0.000000000000000000e+00
 0.000000000000000000e+00
 0.000000000000000000e+00
 0.000000000000000000e+00
 0.000000000000000000e+00
 0.000000000000000000e+00
 0.000000000000000000e+00
 0.000000000000000000e+00
 0.000000000000000000e+00
 0.000000000000000000e+00
 0.000000000000000000e+00
 0.000000000000000000e+00
 0.000000000000000000e+00
 0.000000000000000000e+00
 0.000000000000000000e+00
 0.000000000000000000e+00
 0.000000000000000000e+00
 0.000000000000000000e+00
 0.000000000000000000e+00
 0.000000000000000000e+00
 0.000000000000000000e+00
 0.000000000000000000e+00
 0.000000000000000000e+00
 0.000000000000000000e+00
 0.000000000000000000e+00
 0.000000000000000000e+00
 0.000000000000000000e+00
 0.000000000000000000e+00
 0.000000000000000000e+00
 0.000000000000000000e+00
 0.000000000000000000e+00
 0.000000000000000000e+00
 0.000000000000000000e+00
 0.000000000000000000e+00
 0.000000000000000000e+00
 0.000000000000000000e+00
 0.000000000000000000e+00
 0.000000000000000000e+00
 0.000000000000000000e+00
 0.000000000000000000e+00
 0.000000000000000000e+00
 0.000000000000000000e+00
 0.000000000000000000e+00
 0.000000000000000000e+00
 0.000000000000000000e+00
 0.000000000000000000e+00
 0.000000000000000000e+00
 0.000000000000000000e+00
 0.000000000000000000e+00
 0.000000000000000000e+00
 0.000000000000000000e+00
 0.000000000000000000e+00
 0.000000000000000000e+00
 0.000000000000000000e+00
 0.000000000000000000e+00
 0.000000000000000000e+00
 0.000000000000000000e+00
 0.000000000000000000e+00
 0.000000000000000000e+00
 0.000000000000000000e+00
 0.000000000000000000e+00
 0.000000000000000000e+00
 0.000000000000000000e+00
 0.000000000000000000e+00
 0.000000000000000000e+00
 0.000000000000000000e+00
 0.000000000000000000e+00
 0.000000000000000000e+00
 0.000000000000000000e+00
 0.000000000000000000e+00
 0.000000000000000000e+00
 0.000000000000000000e+00
 0.000000000000000000e+00
 0.000000000000000000e+00
 0.000000000000000000e+00
 0.000000000000000000e+00
 0.000000000000000000e+00
 0.000000000000000000e+00
 0.000000000000000000e+00
 0.000000000000000000e+00
 0.000000000000000000e+00
 0.000000000000000000e+00
 0.000000000000000000e+00
 0.000000000000000000e+00
 0.000000000000000000e+00
 0.000000000000000000e+00
 0.000000000000000000e+00
 0.000000000000000000e+00
 0.000000000000000000e+00
 0.000000000000000000e+00
 0.000000000000000000e+00
 0.000000000000000000e+00
 0.000000000000000000e+00
 0.000000000000000000e+00
 0.000000000000000000e+00
 0.000000000000000000e+00
 0.000000000000000000e+00
 0.000000000000000000e+00
 0.000000000000000000e+00
 0.000000000000000000e+00
 0.000000000000000000e+00
 0.000000000000000000e+00
 0.000000000000000000e+00
 0.000000000000000000e+00
 0.000000000000000000e+00
 0.000000000000000000e+00
 0.000000000000000000e+00
 0.000000000000000000e+00
 0.000000000000000000e+00
 0.000000000000000000e+00
 </DataArray>
 <DataArray Name="massf[4]-O" type="Float32" NumberOfComponents="1" format="ascii">
 0.000000000000000000e+00
 0.000000000000000000e+00
 0.000000000000000000e+00
 0.000000000000000000e+00
 0.000000000000000000e+00
 0.000000000000000000e+00
 0.000000000000000000e+00
 0.000000000000000000e+00
 0.000000000000000000e+00
 0.000000000000000000e+00
 0.000000000000000000e+00
 0.000000000000000000e+00
 0.000000000000000000e+00
 0.000000000000000000e+00
 0.000000000000000000e+00
 0.000000000000000000e+00
 0.000000000000000000e+00
 0.000000000000000000e+00
 0.000000000000000000e+00
 0.000000000000000000e+00
 0.000000000000000000e+00
 0.000000000000000000e+00
 0.000000000000000000e+00
 0.000000000000000000e+00
 0.000000000000000000e+00
 0.000000000000000000e+00
 0.000000000000000000e+00
 0.000000000000000000e+00
 0.000000000000000000e+00
 0.000000000000000000e+00
 0.000000000000000000e+00
 0.000000000000000000e+00
 0.000000000000000000e+00
 0.000000000000000000e+00
 0.000000000000000000e+00
 0.000000000000000000e+00
 0.000000000000000000e+00
 0.000000000000000000e+00
 0.000000000000000000e+00
 0.000000000000000000e+00
 0.000000000000000000e+00
 0.000000000000000000e+00
 0.000000000000000000e+00
 0.000000000000000000e+00
 0.000000000000000000e+00
 0.000000000000000000e+00
 0.000000000000000000e+00
 0.000000000000000000e+00
 0.000000000000000000e+00
 0.000000000000000000e+00
 0.000000000000000000e+00
 0.000000000000000000e+00
 0.000000000000000000e+00
 0.000000000000000000e+00
 0.000000000000000000e+00
 0.000000000000000000e+00
 0.000000000000000000e+00
 0.000000000000000000e+00
 0.000000000000000000e+00
 0.000000000000000000e+00
 0.000000000000000000e+00
 0.000000000000000000e+00
 0.000000000000000000e+00
 0.000000000000000000e+00
 0.000000000000000000e+00
 0.000000000000000000e+00
 0.000000000000000000e+00
 0.000000000000000000e+00
 0.000000000000000000e+00
 0.000000000000000000e+00
 0.000000000000000000e+00
 0.000000000000000000e+00
 0.000000000000000000e+00
 0.000000000000000000e+00
 0.000000000000000000e+00
 0.000000000000000000e+00
 0.000000000000000000e+00
 0.000000000000000000e+00
 0.000000000000000000e+00
 0.000000000000000000e+00
 0.000000000000000000e+00
 0.000000000000000000e+00
 0.000000000000000000e+00
 0.000000000000000000e+00
 0.000000000000000000e+00
 0.000000000000000000e+00
 0.000000000000000000e+00
 0.000000000000000000e+00
 0.000000000000000000e+00
 0.000000000000000000e+00
 0.000000000000000000e+00
 0.000000000000000000e+00
 0.000000000000000000e+00
 0.000000000000000000e+00
 0.000000000000000000e+00
 0.000000000000000000e+00
 0.000000000000000000e+00
 0.000000000000000000e+00
 0.000000000000000000e+00
 0.000000000000000000e+00
 0.000000000000000000e+00
 0.000000000000000000e+00
 0.000000000000000000e+00
 0.000000000000000000e+00
 0.000000000000000000e+00
 0.000000000000000000e+00
 0.000000000000000000e+00
 0.000000000000000000e+00
 0.000000000000000000e+00
 0.000000000000000000e+00
 0.000000000000000000e+00
 0.000000000000000000e+00
 0.000000000000000000e+00
 0.000000000000000000e+00
 0.000000000000000000e+00
 0.000000000000000000e+00
 0.000000000000000000e+00
 0.000000000000000000e+00
 0.000000000000000000e+00
 0.000000000000000000e+00
 0.000000000000000000e+00
 0.000000000000000000e+00
 0.000000000000000000e+00
 0.000000000000000000e+00
 0.000000000000000000e+00
 0.000000000000000000e+00
 0.000000000000000000e+00
 0.000000000000000000e+00
 0.000000000000000000e+00
 0.000000000000000000e+00
 0.000000000000000000e+00
 0.000000000000000000e+00
 0.000000000000000000e+00
 0.000000000000000000e+00
 0.000000000000000000e+00
 0.000000000000000000e+00
 0.000000000000000000e+00
 0.000000000000000000e+00
 0.000000000000000000e+00
 0.000000000000000000e+00
 0.000000000000000000e+00
 0.000000000000000000e+00
 0.000000000000000000e+00
 0.000000000000000000e+00
 0.000000000000000000e+00
 0.000000000000000000e+00
 0.000000000000000000e+00
 0.000000000000000000e+00
 0.000000000000000000e+00
 0.000000000000000000e+00
 0.000000000000000000e+00
 0.000000000000000000e+00
 0.000000000000000000e+00
 0.000000000000000000e+00
 0.000000000000000000e+00
 0.000000000000000000e+00
 0.000000000000000000e+00
 0.000000000000000000e+00
 0.000000000000000000e+00
 0.000000000000000000e+00
 0.000000000000000000e+00
 0.000000000000000000e+00
 0.000000000000000000e+00
 0.000000000000000000e+00
 0.000000000000000000e+00
 0.000000000000000000e+00
 0.000000000000000000e+00
 0.000000000000000000e+00
 0.000000000000000000e+00
 0.000000000000000000e+00
 0.000000000000000000e+00
 0.000000000000000000e+00
 0.000000000000000000e+00
 0.000000000000000000e+00
 0.000000000000000000e+00
 0.000000000000000000e+00
 0.000000000000000000e+00
 0.000000000000000000e+00
 0.000000000000000000e+00
 0.000000000000000000e+00
 0.000000000000000000e+00
 0.000000000000000000e+00
 0.000000000000000000e+00
 0.000000000000000000e+00
 0.000000000000000000e+00
 0.000000000000000000e+00
 0.000000000000000000e+00
 0.000000000000000000e+00
 0.000000000000000000e+00
 0.000000000000000000e+00
 0.000000000000000000e+00
 0.000000000000000000e+00
 0.000000000000000000e+00
 0.000000000000000000e+00
 0.000000000000000000e+00
 0.000000000000000000e+00
 0.000000000000000000e+00
 0.000000000000000000e+00
 0.000000000000000000e+00
 0.000000000000000000e+00
 0.000000000000000000e+00
 0.000000000000000000e+00
 0.000000000000000000e+00
 0.000000000000000000e+00
 0.000000000000000000e+00
 0.000000000000000000e+00
 0.000000000000000000e+00
 0.000000000000000000e+00
 0.000000000000000000e+00
 0.000000000000000000e+00
 0.000000000000000000e+00
 0.000000000000000000e+00
 0.000000000000000000e+00
 0.000000000000000000e+00
 0.000000000000000000e+00
 0.000000000000000000e+00
 0.000000000000000000e+00
 0.000000000000000000e+00
 0.000000000000000000e+00
 0.000000000000000000e+00
 0.000000000000000000e+00
 0.000000000000000000e+00
 0.000000000000000000e+00
 0.000000000000000000e+00
 0.000000000000000000e+00
 0.000000000000000000e+00
 0.000000000000000000e+00
 0.000000000000000000e+00
 0.000000000000000000e+00
 0.000000000000000000e+00
 0.000000000000000000e+00
 0.000000000000000000e+00
 0.000000000000000000e+00
 0.000000000000000000e+00
 0.000000000000000000e+00
 0.000000000000000000e+00
 0.000000000000000000e+00
 0.000000000000000000e+00
 0.000000000000000000e+00
 0.000000000000000000e+00
 0.000000000000000000e+00
 0.000000000000000000e+00
 0.000000000000000000e+00
 0.000000000000000000e+00
 0.000000000000000000e+00
 0.000000000000000000e+00
 0.000000000000000000e+00
 0.000000000000000000e+00
 0.000000000000000000e+00
 0.000000000000000000e+00
 0.000000000000000000e+00
 0.000000000000000000e+00
 0.000000000000000000e+00
 0.000000000000000000e+00
 0.000000000000000000e+00
 0.000000000000000000e+00
 0.000000000000000000e+00
 0.000000000000000000e+00
 0.000000000000000000e+00
 0.000000000000000000e+00
 0.000000000000000000e+00
 0.000000000000000000e+00
 0.000000000000000000e+00
 0.000000000000000000e+00
 0.000000000000000000e+00
 0.000000000000000000e+00
 0.000000000000000000e+00
 0.000000000000000000e+00
 0.000000000000000000e+00
 0.000000000000000000e+00
 0.000000000000000000e+00
 0.000000000000000000e+00
 0.000000000000000000e+00
 0.000000000000000000e+00
 0.000000000000000000e+00
 0.000000000000000000e+00
 0.000000000000000000e+00
 0.000000000000000000e+00
 0.000000000000000000e+00
 0.000000000000000000e+00
 0.000000000000000000e+00
 0.000000000000000000e+00
 0.000000000000000000e+00
 0.000000000000000000e+00
 0.000000000000000000e+00
 0.000000000000000000e+00
 0.000000000000000000e+00
 0.000000000000000000e+00
 0.000000000000000000e+00
 0.000000000000000000e+00
 0.000000000000000000e+00
 0.000000000000000000e+00
 0.000000000000000000e+00
 0.000000000000000000e+00
 0.000000000000000000e+00
 0.000000000000000000e+00
 0.000000000000000000e+00
 0.000000000000000000e+00
 0.000000000000000000e+00
 0.000000000000000000e+00
 0.000000000000000000e+00
 0.000000000000000000e+00
 0.000000000000000000e+00
 0.000000000000000000e+00
 0.000000000000000000e+00
 0.000000000000000000e+00
 0.000000000000000000e+00
 0.000000000000000000e+00
 0.000000000000000000e+00
 0.000000000000000000e+00
 0.000000000000000000e+00
 0.000000000000000000e+00
 0.000000000000000000e+00
 0.000000000000000000e+00
 0.000000000000000000e+00
 0.000000000000000000e+00
 0.000000000000000000e+00
 0.000000000000000000e+00
 0.000000000000000000e+00
 0.000000000000000000e+00
 0.000000000000000000e+00
 0.000000000000000000e+00
 0.000000000000000000e+00
 0.000000000000000000e+00
 0.000000000000000000e+00
 0.000000000000000000e+00
 0.000000000000000000e+00
 0.000000000000000000e+00
 0.000000000000000000e+00
 0.000000000000000000e+00
 0.000000000000000000e+00
 0.000000000000000000e+00
 0.000000000000000000e+00
 0.000000000000000000e+00
 0.000000000000000000e+00
 0.000000000000000000e+00
 0.000000000000000000e+00
 0.000000000000000000e+00
 0.000000000000000000e+00
 0.000000000000000000e+00
 0.000000000000000000e+00
 0.000000000000000000e+00
 0.000000000000000000e+00
 0.000000000000000000e+00
 0.000000000000000000e+00
 0.000000000000000000e+00
 0.000000000000000000e+00
 0.000000000000000000e+00
 0.000000000000000000e+00
 0.000000000000000000e+00
 0.000000000000000000e+00
 0.000000000000000000e+00
 0.000000000000000000e+00
 0.000000000000000000e+00
 0.000000000000000000e+00
 0.000000000000000000e+00
 0.000000000000000000e+00
 0.000000000000000000e+00
 0.000000000000000000e+00
 0.000000000000000000e+00
 0.000000000000000000e+00
 0.000000000000000000e+00
 0.000000000000000000e+00
 0.000000000000000000e+00
 0.000000000000000000e+00
 0.000000000000000000e+00
 0.000000000000000000e+00
 0.000000000000000000e+00
 0.000000000000000000e+00
 0.000000000000000000e+00
 0.000000000000000000e+00
 0.000000000000000000e+00
 0.000000000000000000e+00
 0.000000000000000000e+00
 0.000000000000000000e+00
 0.000000000000000000e+00
 0.000000000000000000e+00
 0.000000000000000000e+00
 0.000000000000000000e+00
 0.000000000000000000e+00
 0.000000000000000000e+00
 0.000000000000000000e+00
 0.000000000000000000e+00
 0.000000000000000000e+00
 0.000000000000000000e+00
 0.000000000000000000e+00
 0.000000000000000000e+00
 0.000000000000000000e+00
 0.000000000000000000e+00
 0.000000000000000000e+00
 0.000000000000000000e+00
 0.000000000000000000e+00
 0.000000000000000000e+00
 0.000000000000000000e+00
 0.000000000000000000e+00
 0.000000000000000000e+00
 0.000000000000000000e+00
 0.000000000000000000e+00
 0.000000000000000000e+00
 0.000000000000000000e+00
 0.000000000000000000e+00
 0.000000000000000000e+00
 0.000000000000000000e+00
 0.000000000000000000e+00
 0.000000000000000000e+00
 0.000000000000000000e+00
 0.000000000000000000e+00
 0.000000000000000000e+00
 0.000000000000000000e+00
 0.000000000000000000e+00
 0.000000000000000000e+00
 0.000000000000000000e+00
 0.000000000000000000e+00
 0.000000000000000000e+00
 0.000000000000000000e+00
 0.000000000000000000e+00
 0.000000000000000000e+00
 0.000000000000000000e+00
 0.000000000000000000e+00
 0.000000000000000000e+00
 0.000000000000000000e+00
 0.000000000000000000e+00
 0.000000000000000000e+00
 0.000000000000000000e+00
 0.000000000000000000e+00
 0.000000000000000000e+00
 0.000000000000000000e+00
 0.000000000000000000e+00
 0.000000000000000000e+00
 0.000000000000000000e+00
 0.000000000000000000e+00
 0.000000000000000000e+00
 0.000000000000000000e+00
 0.000000000000000000e+00
 0.000000000000000000e+00
 0.000000000000000000e+00
 0.000000000000000000e+00
 0.000000000000000000e+00
 0.000000000000000000e+00
 0.000000000000000000e+00
 0.000000000000000000e+00
 0.000000000000000000e+00
 0.000000000000000000e+00
 0.000000000000000000e+00
 0.000000000000000000e+00
 0.000000000000000000e+00
 0.000000000000000000e+00
 0.000000000000000000e+00
 0.000000000000000000e+00
 0.000000000000000000e+00
 0.000000000000000000e+00
 0.000000000000000000e+00
 0.000000000000000000e+00
 0.000000000000000000e+00
 0.000000000000000000e+00
 0.000000000000000000e+00
 0.000000000000000000e+00
 0.000000000000000000e+00
 0.000000000000000000e+00
 0.000000000000000000e+00
 0.000000000000000000e+00
 0.000000000000000000e+00
 0.000000000000000000e+00
 0.000000000000000000e+00
 0.000000000000000000e+00
 0.000000000000000000e+00
 0.000000000000000000e+00
 0.000000000000000000e+00
 0.000000000000000000e+00
 0.000000000000000000e+00
 0.000000000000000000e+00
 0.000000000000000000e+00
 0.000000000000000000e+00
 0.000000000000000000e+00
 0.000000000000000000e+00
 0.000000000000000000e+00
 0.000000000000000000e+00
 0.000000000000000000e+00
 0.000000000000000000e+00
 0.000000000000000000e+00
 0.000000000000000000e+00
 0.000000000000000000e+00
 0.000000000000000000e+00
 0.000000000000000000e+00
 0.000000000000000000e+00
 0.000000000000000000e+00
 0.000000000000000000e+00
 0.000000000000000000e+00
 0.000000000000000000e+00
 0.000000000000000000e+00
 0.000000000000000000e+00
 0.000000000000000000e+00
 0.000000000000000000e+00
 0.000000000000000000e+00
 0.000000000000000000e+00
 0.000000000000000000e+00
 0.000000000000000000e+00
 0.000000000000000000e+00
 0.000000000000000000e+00
 0.000000000000000000e+00
 </DataArray>
 <DataArray Name="massf[5]-NO" type="Float32" NumberOfComponents="1" format="ascii">
 0.000000000000000000e+00
 0.000000000000000000e+00
 0.000000000000000000e+00
 0.000000000000000000e+00
 0.000000000000000000e+00
 0.000000000000000000e+00
 0.000000000000000000e+00
 0.000000000000000000e+00
 0.000000000000000000e+00
 0.000000000000000000e+00
 0.000000000000000000e+00
 0.000000000000000000e+00
 0.000000000000000000e+00
 0.000000000000000000e+00
 0.000000000000000000e+00
 0.000000000000000000e+00
 0.000000000000000000e+00
 0.000000000000000000e+00
 0.000000000000000000e+00
 0.000000000000000000e+00
 0.000000000000000000e+00
 0.000000000000000000e+00
 0.000000000000000000e+00
 0.000000000000000000e+00
 0.000000000000000000e+00
 0.000000000000000000e+00
 0.000000000000000000e+00
 0.000000000000000000e+00
 0.000000000000000000e+00
 0.000000000000000000e+00
 0.000000000000000000e+00
 0.000000000000000000e+00
 0.000000000000000000e+00
 0.000000000000000000e+00
 0.000000000000000000e+00
 0.000000000000000000e+00
 0.000000000000000000e+00
 0.000000000000000000e+00
 0.000000000000000000e+00
 0.000000000000000000e+00
 0.000000000000000000e+00
 0.000000000000000000e+00
 0.000000000000000000e+00
 0.000000000000000000e+00
 0.000000000000000000e+00
 0.000000000000000000e+00
 0.000000000000000000e+00
 0.000000000000000000e+00
 0.000000000000000000e+00
 0.000000000000000000e+00
 0.000000000000000000e+00
 0.000000000000000000e+00
 0.000000000000000000e+00
 0.000000000000000000e+00
 0.000000000000000000e+00
 0.000000000000000000e+00
 0.000000000000000000e+00
 0.000000000000000000e+00
 0.000000000000000000e+00
 0.000000000000000000e+00
 0.000000000000000000e+00
 0.000000000000000000e+00
 0.000000000000000000e+00
 0.000000000000000000e+00
 0.000000000000000000e+00
 0.000000000000000000e+00
 0.000000000000000000e+00
 0.000000000000000000e+00
 0.000000000000000000e+00
 0.000000000000000000e+00
 0.000000000000000000e+00
 0.000000000000000000e+00
 0.000000000000000000e+00
 0.000000000000000000e+00
 0.000000000000000000e+00
 0.000000000000000000e+00
 0.000000000000000000e+00
 0.000000000000000000e+00
 0.000000000000000000e+00
 0.000000000000000000e+00
 0.000000000000000000e+00
 0.000000000000000000e+00
 0.000000000000000000e+00
 0.000000000000000000e+00
 0.000000000000000000e+00
 0.000000000000000000e+00
 0.000000000000000000e+00
 0.000000000000000000e+00
 0.000000000000000000e+00
 0.000000000000000000e+00
 0.000000000000000000e+00
 0.000000000000000000e+00
 0.000000000000000000e+00
 0.000000000000000000e+00
 0.000000000000000000e+00
 0.000000000000000000e+00
 0.000000000000000000e+00
 0.000000000000000000e+00
 0.000000000000000000e+00
 0.000000000000000000e+00
 0.000000000000000000e+00
 0.000000000000000000e+00
 0.000000000000000000e+00
 0.000000000000000000e+00
 0.000000000000000000e+00
 0.000000000000000000e+00
 0.000000000000000000e+00
 0.000000000000000000e+00
 0.000000000000000000e+00
 0.000000000000000000e+00
 0.000000000000000000e+00
 0.000000000000000000e+00
 0.000000000000000000e+00
 0.000000000000000000e+00
 0.000000000000000000e+00
 0.000000000000000000e+00
 0.000000000000000000e+00
 0.000000000000000000e+00
 0.000000000000000000e+00
 0.000000000000000000e+00
 0.000000000000000000e+00
 0.000000000000000000e+00
 0.000000000000000000e+00
 0.000000000000000000e+00
 0.000000000000000000e+00
 0.000000000000000000e+00
 0.000000000000000000e+00
 0.000000000000000000e+00
 0.000000000000000000e+00
 0.000000000000000000e+00
 0.000000000000000000e+00
 0.000000000000000000e+00
 0.000000000000000000e+00
 0.000000000000000000e+00
 0.000000000000000000e+00
 0.000000000000000000e+00
 0.000000000000000000e+00
 0.000000000000000000e+00
 0.000000000000000000e+00
 0.000000000000000000e+00
 0.000000000000000000e+00
 0.000000000000000000e+00
 0.000000000000000000e+00
 0.000000000000000000e+00
 0.000000000000000000e+00
 0.000000000000000000e+00
 0.000000000000000000e+00
 0.000000000000000000e+00
 0.000000000000000000e+00
 0.000000000000000000e+00
 0.000000000000000000e+00
 0.000000000000000000e+00
 0.000000000000000000e+00
 0.000000000000000000e+00
 0.000000000000000000e+00
 0.000000000000000000e+00
 0.000000000000000000e+00
 0.000000000000000000e+00
 0.000000000000000000e+00
 0.000000000000000000e+00
 0.000000000000000000e+00
 0.000000000000000000e+00
 0.000000000000000000e+00
 0.000000000000000000e+00
 0.000000000000000000e+00
 0.000000000000000000e+00
 0.000000000000000000e+00
 0.000000000000000000e+00
 0.000000000000000000e+00
 0.000000000000000000e+00
 0.000000000000000000e+00
 0.000000000000000000e+00
 0.000000000000000000e+00
 0.000000000000000000e+00
 0.000000000000000000e+00
 0.000000000000000000e+00
 0.000000000000000000e+00
 0.000000000000000000e+00
 0.000000000000000000e+00
 0.000000000000000000e+00
 0.000000000000000000e+00
 0.000000000000000000e+00
 0.000000000000000000e+00
 0.000000000000000000e+00
 0.000000000000000000e+00
 0.000000000000000000e+00
 0.000000000000000000e+00
 0.000000000000000000e+00
 0.000000000000000000e+00
 0.000000000000000000e+00
 0.000000000000000000e+00
 0.000000000000000000e+00
 0.000000000000000000e+00
 0.000000000000000000e+00
 0.000000000000000000e+00
 0.000000000000000000e+00
 0.000000000000000000e+00
 0.000000000000000000e+00
 0.000000000000000000e+00
 0.000000000000000000e+00
 0.000000000000000000e+00
 0.000000000000000000e+00
 0.000000000000000000e+00
 0.000000000000000000e+00
 0.000000000000000000e+00
 0.000000000000000000e+00
 0.000000000000000000e+00
 0.000000000000000000e+00
 0.000000000000000000e+00
 0.000000000000000000e+00
 0.000000000000000000e+00
 0.000000000000000000e+00
 0.000000000000000000e+00
 0.000000000000000000e+00
 0.000000000000000000e+00
 0.000000000000000000e+00
 0.000000000000000000e+00
 0.000000000000000000e+00
 0.000000000000000000e+00
 0.000000000000000000e+00
 0.000000000000000000e+00
 0.000000000000000000e+00
 0.000000000000000000e+00
 0.000000000000000000e+00
 0.000000000000000000e+00
 0.000000000000000000e+00
 0.000000000000000000e+00
 0.000000000000000000e+00
 0.000000000000000000e+00
 0.000000000000000000e+00
 0.000000000000000000e+00
 0.000000000000000000e+00
 0.000000000000000000e+00
 0.000000000000000000e+00
 0.000000000000000000e+00
 0.000000000000000000e+00
 0.000000000000000000e+00
 0.000000000000000000e+00
 0.000000000000000000e+00
 0.000000000000000000e+00
 0.000000000000000000e+00
 0.000000000000000000e+00
 0.000000000000000000e+00
 0.000000000000000000e+00
 0.000000000000000000e+00
 0.000000000000000000e+00
 0.000000000000000000e+00
 0.000000000000000000e+00
 0.000000000000000000e+00
 0.000000000000000000e+00
 0.000000000000000000e+00
 0.000000000000000000e+00
 0.000000000000000000e+00
 0.000000000000000000e+00
 0.000000000000000000e+00
 0.000000000000000000e+00
 0.000000000000000000e+00
 0.000000000000000000e+00
 0.000000000000000000e+00
 0.000000000000000000e+00
 0.000000000000000000e+00
 0.000000000000000000e+00
 0.000000000000000000e+00
 0.000000000000000000e+00
 0.000000000000000000e+00
 0.000000000000000000e+00
 0.000000000000000000e+00
 0.000000000000000000e+00
 0.000000000000000000e+00
 0.000000000000000000e+00
 0.000000000000000000e+00
 0.000000000000000000e+00
 0.000000000000000000e+00
 0.000000000000000000e+00
 0.000000000000000000e+00
 0.000000000000000000e+00
 0.000000000000000000e+00
 0.000000000000000000e+00
 0.000000000000000000e+00
 0.000000000000000000e+00
 0.000000000000000000e+00
 0.000000000000000000e+00
 0.000000000000000000e+00
 0.000000000000000000e+00
 0.000000000000000000e+00
 0.000000000000000000e+00
 0.000000000000000000e+00
 0.000000000000000000e+00
 0.000000000000000000e+00
 0.000000000000000000e+00
 0.000000000000000000e+00
 0.000000000000000000e+00
 0.000000000000000000e+00
 0.000000000000000000e+00
 0.000000000000000000e+00
 0.000000000000000000e+00
 0.000000000000000000e+00
 0.000000000000000000e+00
 0.000000000000000000e+00
 0.000000000000000000e+00
 0.000000000000000000e+00
 0.000000000000000000e+00
 0.000000000000000000e+00
 0.000000000000000000e+00
 0.000000000000000000e+00
 0.000000000000000000e+00
 0.000000000000000000e+00
 0.000000000000000000e+00
 0.000000000000000000e+00
 0.000000000000000000e+00
 0.000000000000000000e+00
 0.000000000000000000e+00
 0.000000000000000000e+00
 0.000000000000000000e+00
 0.000000000000000000e+00
 0.000000000000000000e+00
 0.000000000000000000e+00
 0.000000000000000000e+00
 0.000000000000000000e+00
 0.000000000000000000e+00
 0.000000000000000000e+00
 0.000000000000000000e+00
 0.000000000000000000e+00
 0.000000000000000000e+00
 0.000000000000000000e+00
 0.000000000000000000e+00
 0.000000000000000000e+00
 0.000000000000000000e+00
 0.000000000000000000e+00
 0.000000000000000000e+00
 0.000000000000000000e+00
 0.000000000000000000e+00
 0.000000000000000000e+00
 0.000000000000000000e+00
 0.000000000000000000e+00
 0.000000000000000000e+00
 0.000000000000000000e+00
 0.000000000000000000e+00
 0.000000000000000000e+00
 0.000000000000000000e+00
 0.000000000000000000e+00
 0.000000000000000000e+00
 0.000000000000000000e+00
 0.000000000000000000e+00
 0.000000000000000000e+00
 0.000000000000000000e+00
 0.000000000000000000e+00
 0.000000000000000000e+00
 0.000000000000000000e+00
 0.000000000000000000e+00
 0.000000000000000000e+00
 0.000000000000000000e+00
 0.000000000000000000e+00
 0.000000000000000000e+00
 0.000000000000000000e+00
 0.000000000000000000e+00
 0.000000000000000000e+00
 0.000000000000000000e+00
 0.000000000000000000e+00
 0.000000000000000000e+00
 0.000000000000000000e+00
 0.000000000000000000e+00
 0.000000000000000000e+00
 0.000000000000000000e+00
 0.000000000000000000e+00
 0.000000000000000000e+00
 0.000000000000000000e+00
 0.000000000000000000e+00
 0.000000000000000000e+00
 0.000000000000000000e+00
 0.000000000000000000e+00
 0.000000000000000000e+00
 0.000000000000000000e+00
 0.000000000000000000e+00
 0.000000000000000000e+00
 0.000000000000000000e+00
 0.000000000000000000e+00
 0.000000000000000000e+00
 0.000000000000000000e+00
 0.000000000000000000e+00
 0.000000000000000000e+00
 0.000000000000000000e+00
 0.000000000000000000e+00
 0.000000000000000000e+00
 0.000000000000000000e+00
 0.000000000000000000e+00
 0.000000000000000000e+00
 0.000000000000000000e+00
 0.000000000000000000e+00
 0.000000000000000000e+00
 0.000000000000000000e+00
 0.000000000000000000e+00
 0.000000000000000000e+00
 0.000000000000000000e+00
 0.000000000000000000e+00
 0.000000000000000000e+00
 0.000000000000000000e+00
 0.000000000000000000e+00
 0.000000000000000000e+00
 0.000000000000000000e+00
 0.000000000000000000e+00
 0.000000000000000000e+00
 0.000000000000000000e+00
 0.000000000000000000e+00
 0.000000000000000000e+00
 0.000000000000000000e+00
 0.000000000000000000e+00
 0.000000000000000000e+00
 0.000000000000000000e+00
 0.000000000000000000e+00
 0.000000000000000000e+00
 0.000000000000000000e+00
 0.000000000000000000e+00
 0.000000000000000000e+00
 0.000000000000000000e+00
 0.000000000000000000e+00
 0.000000000000000000e+00
 0.000000000000000000e+00
 0.000000000000000000e+00
 0.000000000000000000e+00
 0.000000000000000000e+00
 0.000000000000000000e+00
 0.000000000000000000e+00
 0.000000000000000000e+00
 0.000000000000000000e+00
 0.000000000000000000e+00
 0.000000000000000000e+00
 0.000000000000000000e+00
 0.000000000000000000e+00
 0.000000000000000000e+00
 0.000000000000000000e+00
 0.000000000000000000e+00
 0.000000000000000000e+00
 0.000000000000000000e+00
 0.000000000000000000e+00
 0.000000000000000000e+00
 0.000000000000000000e+00
 0.000000000000000000e+00
 0.000000000000000000e+00
 0.000000000000000000e+00
 0.000000000000000000e+00
 0.000000000000000000e+00
 0.000000000000000000e+00
 0.000000000000000000e+00
 0.000000000000000000e+00
 0.000000000000000000e+00
 0.000000000000000000e+00
 0.000000000000000000e+00
 0.000000000000000000e+00
 0.000000000000000000e+00
 0.000000000000000000e+00
 0.000000000000000000e+00
 0.000000000000000000e+00
 0.000000000000000000e+00
 0.000000000000000000e+00
 0.000000000000000000e+00
 0.000000000000000000e+00
 0.000000000000000000e+00
 0.000000000000000000e+00
 0.000000000000000000e+00
 0.000000000000000000e+00
 0.000000000000000000e+00
 0.000000000000000000e+00
 0.000000000000000000e+00
 0.000000000000000000e+00
 0.000000000000000000e+00
 0.000000000000000000e+00
 0.000000000000000000e+00
 0.000000000000000000e+00
 0.000000000000000000e+00
 0.000000000000000000e+00
 0.000000000000000000e+00
 0.000000000000000000e+00
 0.000000000000000000e+00
 0.000000000000000000e+00
 0.000000000000000000e+00
 0.000000000000000000e+00
 0.000000000000000000e+00
 0.000000000000000000e+00
 0.000000000000000000e+00
 0.000000000000000000e+00
 0.000000000000000000e+00
 0.000000000000000000e+00
 0.000000000000000000e+00
 0.000000000000000000e+00
 0.000000000000000000e+00
 0.000000000000000000e+00
 0.000000000000000000e+00
 0.000000000000000000e+00
 0.000000000000000000e+00
 0.000000000000000000e+00
 0.000000000000000000e+00
 0.000000000000000000e+00
 0.000000000000000000e+00
 0.000000000000000000e+00
 0.000000000000000000e+00
 0.000000000000000000e+00
 0.000000000000000000e+00
 0.000000000000000000e+00
 0.000000000000000000e+00
 </DataArray>
 <DataArray Name="dt_chem" type="Float32" NumberOfComponents="1" format="ascii">
 6.938495409350536441e-06
 6.938495409350536441e-06
 6.938495409350536441e-06
 6.938495409350536441e-06
 6.938495409350536441e-06
 6.938495409350536441e-06
 6.938495409350536441e-06
 6.938495409350536441e-06
 6.938495409350536441e-06
 6.938495409350536441e-06
 6.938495409350536441e-06
 6.938495409350536441e-06
 6.938495409350536441e-06
 6.938495409350536441e-06
 6.938495409350536441e-06
 6.938495409350536441e-06
 6.938495409350536441e-06
 6.938495409350536441e-06
 6.938495409350536441e-06
 6.938495409350536441e-06
 6.938495409350536441e-06
 6.938495409350536441e-06
 6.938495409350536441e-06
 6.938495409350536441e-06
 6.938495409350536441e-06
 6.938495409350536441e-06
 6.938495409350536441e-06
 6.938495409350536441e-06
 6.938495409350536441e-06
 6.938495409350536441e-06
 6.938495409350536441e-06
 6.938495409350536441e-06
 6.938495409350536441e-06
 6.938495409350536441e-06
 6.938495409350536441e-06
 6.938495409350536441e-06
 6.938495409350536441e-06
 6.938495409350536441e-06
 6.938495409350536441e-06
 6.938495409350536441e-06
 6.938495409350536441e-06
 6.938495409350536441e-06
 6.938495409350536441e-06
 6.938495409350536441e-06
 6.938495409350536441e-06
 6.938495409350536441e-06
 6.938495409350536441e-06
 6.938495409350536441e-06
 6.938495409350536441e-06
 6.938495409350536441e-06
 6.938495409350536441e-06
 6.938495409350536441e-06
 6.938495409350536441e-06
 6.938495409350536441e-06
 6.938495409350536441e-06
 6.938495409350536441e-06
 6.938495409350536441e-06
 6.938495409350536441e-06
 6.938495409350536441e-06
 6.938495409350536441e-06
 6.938495409350536441e-06
 6.938495409350536441e-06
 6.938495409350536441e-06
 6.938495409350536441e-06
 6.938495409350536441e-06
 6.938495409350536441e-06
 6.938495409350536441e-06
 6.938495409350536441e-06
 6.938495409350536441e-06
 6.938495409350536441e-06
 6.938495409350536441e-06
 6.938495409350536441e-06
 6.938495409350536441e-06
 6.938495409350536441e-06
 6.938495409350536441e-06
 6.938495409350536441e-06
 6.938495409350536441e-06
 6.938495409350536441e-06
 6.938495409350536441e-06
 6.938495409350536441e-06
 6.938495409350536441e-06
 6.938495409350536441e-06
 6.938495409350536441e-06
 6.938495409350536441e-06
 6.938495409350536441e-06
 6.938495409350536441e-06
 6.938495409350536441e-06
 6.938495409350536441e-06
 6.938495409350536441e-06
 6.938495409350536441e-06
 6.938495409350536441e-06
 6.938495409350536441e-06
 6.938495409350536441e-06
 6.938495409350536441e-06
 6.938495409350536441e-06
 6.938495409350536441e-06
 6.938495409350536441e-06
 6.938495409350536441e-06
 6.938495409350536441e-06
 6.938495409350536441e-06
 6.938495409350536441e-06
 6.938495409350536441e-06
 6.938495409350536441e-06
 6.938495409350536441e-06
 6.938495409350536441e-06
 6.938495409350536441e-06
 6.938495409350536441e-06
 6.938495409350536441e-06
 6.938495409350536441e-06
 6.938495409350536441e-06
 6.938495409350536441e-06
 6.938495409350536441e-06
 6.938495409350536441e-06
 6.938495409350536441e-06
 6.938495409350536441e-06
 6.938495409350536441e-06
 6.938495409350536441e-06
 6.938495409350536441e-06
 6.938495409350536441e-06
 6.938495409350536441e-06
 6.938495409350536441e-06
 6.938495409350536441e-06
 6.938495409350536441e-06
 6.938495409350536441e-06
 6.938495409350536441e-06
 6.938495409350536441e-06
 6.938495409350536441e-06
 6.938495409350536441e-06
 6.938495409350536441e-06
 6.938495409350536441e-06
 6.938495409350536441e-06
 6.938495409350536441e-06
 6.938495409350536441e-06
 6.938495409350536441e-06
 6.938495409350536441e-06
 6.938495409350536441e-06
 6.938495409350536441e-06
 6.938495409350536441e-06
 6.938495409350536441e-06
 6.938495409350536441e-06
 6.938495409350536441e-06
 6.938495409350536441e-06
 6.938495409350536441e-06
 6.938495409350536441e-06
 6.938495409350536441e-06
 6.938495409350536441e-06
 6.938495409350536441e-06
 6.938495409350536441e-06
 6.938495409350536441e-06
 6.938495409350536441e-06
 6.938495409350536441e-06
 6.938495409350536441e-06
 6.938495409350536441e-06
 6.938495409350536441e-06
 6.938495409350536441e-06
 6.938495409350536441e-06
 6.938495409350536441e-06
 6.938495409350536441e-06
 6.938495409350536441e-06
 6.938495409350536441e-06
 6.938495409350536441e-06
 6.938495409350536441e-06
 6.938495409350536441e-06
 6.938495409350536441e-06
 6.938495409350536441e-06
 6.938495409350536441e-06
 6.938495409350536441e-06
 6.938495409350536441e-06
 6.938495409350536441e-06
 6.938495409350536441e-06
 6.938495409350536441e-06
 6.938495409350536441e-06
 6.938495409350536441e-06
 6.938495409350536441e-06
 6.938495409350536441e-06
 6.938495409350536441e-06
 6.938495409350536441e-06
 6.938495409350536441e-06
 6.938495409350536441e-06
 6.938495409350536441e-06
 6.938495409350536441e-06
 6.938495409350536441e-06
 6.938495409350536441e-06
 6.938495409350536441e-06
 6.938495409350536441e-06
 6.938495409350536441e-06
 6.938495409350536441e-06
 6.938495409350536441e-06
 6.938495409350536441e-06
 6.938495409350536441e-06
 6.938495409350536441e-06
 6.938495409350536441e-06
 6.938495409350536441e-06
 6.938495409350536441e-06
 6.938495409350536441e-06
 6.938495409350536441e-06
 6.938495409350536441e-06
 6.938495409350536441e-06
 6.938495409350536441e-06
 6.938495409350536441e-06
 6.938495409350536441e-06
 6.938495409350536441e-06
 6.938495409350536441e-06
 6.938495409350536441e-06
 6.938495409350536441e-06
 6.938495409350536441e-06
 6.938495409350536441e-06
 6.938495409350536441e-06
 6.938495409350536441e-06
 6.938495409350536441e-06
 6.938495409350536441e-06
 6.938495409350536441e-06
 6.938495409350536441e-06
 6.938495409350536441e-06
 6.938495409350536441e-06
 6.938495409350536441e-06
 6.938495409350536441e-06
 6.938495409350536441e-06
 6.938495409350536441e-06
 6.938495409350536441e-06
 6.938495409350536441e-06
 6.938495409350536441e-06
 6.938495409350536441e-06
 6.938495409350536441e-06
 6.938495409350536441e-06
 6.938495409350536441e-06
 6.938495409350536441e-06
 6.938495409350536441e-06
 6.938495409350536441e-06
 6.938495409350536441e-06
 6.938495409350536441e-06
 6.938495409350536441e-06
 6.938495409350536441e-06
 6.938495409350536441e-06
 6.938495409350536441e-06
 6.938495409350536441e-06
 6.938495409350536441e-06
 6.938495409350536441e-06
 6.938495409350536441e-06
 6.938495409350536441e-06
 6.938495409350536441e-06
 6.938495409350536441e-06
 6.938495409350536441e-06
 6.938495409350536441e-06
 6.938495409350536441e-06
 6.938495409350536441e-06
 6.938495409350536441e-06
 6.938495409350536441e-06
 6.938495409350536441e-06
 6.938495409350536441e-06
 6.938495409350536441e-06
 6.938495409350536441e-06
 6.938495409350536441e-06
 6.938495409350536441e-06
 6.938495409350536441e-06
 6.938495409350536441e-06
 6.938495409350536441e-06
 6.938495409350536441e-06
 6.938495409350536441e-06
 6.938495409350536441e-06
 6.938495409350536441e-06
 6.938495409350536441e-06
 6.938495409350536441e-06
 6.938495409350536441e-06
 6.938495409350536441e-06
 6.938495409350536441e-06
 6.938495409350536441e-06
 6.938495409350536441e-06
 6.938495409350536441e-06
 6.938495409350536441e-06
 6.938495409350536441e-06
 6.938495409350536441e-06
 6.938495409350536441e-06
 6.938495409350536441e-06
 6.938495409350536441e-06
 6.938495409350536441e-06
 6.938495409350536441e-06
 6.938495409350536441e-06
 6.938495409350536441e-06
 6.938495409350536441e-06
 6.938495409350536441e-06
 6.938495409350536441e-06
 6.938495409350536441e-06
 6.938495409350536441e-06
 6.938495409350536441e-06
 6.938495409350536441e-06
 6.938495409350536441e-06
 6.938495409350536441e-06
 6.938495409350536441e-06
 6.938495409350536441e-06
 6.938495409350536441e-06
 6.938495409350536441e-06
 6.938495409350536441e-06
 6.938495409350536441e-06
 6.938495409350536441e-06
 6.938495409350536441e-06
 6.938495409350536441e-06
 6.938495409350536441e-06
 6.938495409350536441e-06
 6.938495409350536441e-06
 6.938495409350536441e-06
 6.938495409350536441e-06
 6.938495409350536441e-06
 6.938495409350536441e-06
 6.938495409350536441e-06
 6.938495409350536441e-06
 6.938495409350536441e-06
 6.938495409350536441e-06
 6.938495409350536441e-06
 6.938495409350536441e-06
 6.938495409350536441e-06
 6.938495409350536441e-06
 6.938495409350536441e-06
 6.938495409350536441e-06
 6.938495409350536441e-06
 6.938495409350536441e-06
 6.938495409350536441e-06
 6.938495409350536441e-06
 6.938495409350536441e-06
 6.938495409350536441e-06
 6.938495409350536441e-06
 6.938495409350536441e-06
 6.938495409350536441e-06
 6.938495409350536441e-06
 6.938495409350536441e-06
 6.938495409350536441e-06
 6.938495409350536441e-06
 6.938495409350536441e-06
 6.938495409350536441e-06
 6.938495409350536441e-06
 6.938495409350536441e-06
 6.938495409350536441e-06
 6.938495409350536441e-06
 6.938495409350536441e-06
 6.938495409350536441e-06
 6.938495409350536441e-06
 6.938495409350536441e-06
 6.938495409350536441e-06
 6.938495409350536441e-06
 6.938495409350536441e-06
 6.938495409350536441e-06
 6.938495409350536441e-06
 6.938495409350536441e-06
 6.938495409350536441e-06
 6.938495409350536441e-06
 6.938495409350536441e-06
 6.938495409350536441e-06
 6.938495409350536441e-06
 6.938495409350536441e-06
 6.938495409350536441e-06
 6.938495409350536441e-06
 6.938495409350536441e-06
 6.938495409350536441e-06
 6.938495409350536441e-06
 6.938495409350536441e-06
 6.938495409350536441e-06
 6.938495409350536441e-06
 6.938495409350536441e-06
 6.938495409350536441e-06
 6.938495409350536441e-06
 6.938495409350536441e-06
 6.938495409350536441e-06
 6.938495409350536441e-06
 6.938495409350536441e-06
 6.938495409350536441e-06
 6.938495409350536441e-06
 6.938495409350536441e-06
 6.938495409350536441e-06
 6.938495409350536441e-06
 6.938495409350536441e-06
 6.938495409350536441e-06
 6.938495409350536441e-06
 6.938495409350536441e-06
 6.938495409350536441e-06
 6.938495409350536441e-06
 6.938495409350536441e-06
 6.938495409350536441e-06
 6.938495409350536441e-06
 6.938495409350536441e-06
 6.938495409350536441e-06
 6.938495409350536441e-06
 6.938495409350536441e-06
 6.938495409350536441e-06
 6.938495409350536441e-06
 6.938495409350536441e-06
 6.938495409350536441e-06
 6.938495409350536441e-06
 6.938495409350536441e-06
 6.938495409350536441e-06
 6.938495409350536441e-06
 6.938495409350536441e-06
 6.938495409350536441e-06
 6.938495409350536441e-06
 6.938495409350536441e-06
 6.938495409350536441e-06
 6.938495409350536441e-06
 6.938495409350536441e-06
 6.938495409350536441e-06
 6.938495409350536441e-06
 6.938495409350536441e-06
 6.938495409350536441e-06
 6.938495409350536441e-06
 6.938495409350536441e-06
 6.938495409350536441e-06
 6.938495409350536441e-06
 6.938495409350536441e-06
 6.938495409350536441e-06
 6.938495409350536441e-06
 6.938495409350536441e-06
 6.938495409350536441e-06
 6.938495409350536441e-06
 6.938495409350536441e-06
 6.938495409350536441e-06
 6.938495409350536441e-06
 6.938495409350536441e-06
 6.938495409350536441e-06
 6.938495409350536441e-06
 6.938495409350536441e-06
 6.938495409350536441e-06
 6.938495409350536441e-06
 6.938495409350536441e-06
 6.938495409350536441e-06
 6.938495409350536441e-06
 6.938495409350536441e-06
 6.938495409350536441e-06
 6.938495409350536441e-06
 6.938495409350536441e-06
 6.938495409350536441e-06
 6.938495409350536441e-06
 6.938495409350536441e-06
 6.938495409350536441e-06
 6.938495409350536441e-06
 6.938495409350536441e-06
 6.938495409350536441e-06
 6.938495409350536441e-06
 6.938495409350536441e-06
 6.938495409350536441e-06
 6.938495409350536441e-06
 6.938495409350536441e-06
 6.938495409350536441e-06
 6.938495409350536441e-06
 6.938495409350536441e-06
 6.938495409350536441e-06
 6.938495409350536441e-06
 6.938495409350536441e-06
 6.938495409350536441e-06
 6.938495409350536441e-06
 6.938495409350536441e-06
 6.938495409350536441e-06
 6.938495409350536441e-06
 6.938495409350536441e-06
 6.938495409350536441e-06
 6.938495409350536441e-06
 6.938495409350536441e-06
 6.938495409350536441e-06
 6.938495409350536441e-06
 6.938495409350536441e-06
 6.938495409350536441e-06
 6.938495409350536441e-06
 6.938495409350536441e-06
 6.938495409350536441e-06
 6.938495409350536441e-06
 6.938495409350536441e-06
 6.938495409350536441e-06
 6.938495409350536441e-06
 6.938495409350536441e-06
 6.938495409350536441e-06
 6.938495409350536441e-06
 6.938495409350536441e-06
 6.938495409350536441e-06
 6.938495409350536441e-06
 6.938495409350536441e-06
 6.938495409350536441e-06
 6.938495409350536441e-06
 6.938495409350536441e-06
 6.938495409350536441e-06
 6.938495409350536441e-06
 6.938495409350536441e-06
 6.938495409350536441e-06
 6.938495409350536441e-06
 6.938495409350536441e-06
 6.938495409350536441e-06
 6.938495409350536441e-06
 6.938495409350536441e-06
 6.938495409350536441e-06
 6.938495409350536441e-06
 6.938495409350536441e-06
 6.938495409350536441e-06
 6.938495409350536441e-06
 6.938495409350536441e-06
 6.938495409350536441e-06
 6.938495409350536441e-06
 6.938495409350536441e-06
 6.938495409350536441e-06
 6.938495409350536441e-06
 6.938495409350536441e-06
 6.938495409350536441e-06
 6.938495409350536441e-06
 6.938495409350536441e-06
 6.938495409350536441e-06
 </DataArray>
 <DataArray Name="u" type="Float32" NumberOfComponents="1" format="ascii">
 9.443817068871702068e+05
 9.443817068871702068e+05
 9.443817068871702068e+05
 9.443817068871703232e+05
 9.443817068871702068e+05
 9.443817068871699739e+05
 9.443817068871699739e+05
 9.443817068871699739e+05
 9.443817068871702068e+05
 9.443817068871702068e+05
 9.443817068871703232e+05
 9.443817068871702068e+05
 9.443817068871702068e+05
 9.443817068871704396e+05
 9.443817068871702068e+05
 9.443817068871704396e+05
 9.443817068871702068e+05
 9.443817068871702068e+05
 9.443817068871702068e+05
 9.443817068871702068e+05
 9.443817068871703232e+05
 9.443817068871705560e+05
 9.443817068871704396e+05
 9.443817068871702068e+05
 9.443817068871702068e+05
 9.443817068871702068e+05
 9.443817068871699739e+05
 9.443817068871698575e+05
 9.443817068871699739e+05
 9.443817068871697411e+05
 9.443817068871699739e+05
 9.443817068871702068e+05
 9.443817068871699739e+05
 9.443817068871699739e+05
 9.443817068871702068e+05
 9.443817068871703232e+05
 9.443817068871702068e+05
 9.443817068871699739e+05
 9.443817068871702068e+05
 9.443817068871699739e+05
 9.443817068871702068e+05
 9.443817068871699739e+05
 9.443817068871699739e+05
 9.443817068871699739e+05
 9.443817068871698575e+05
 9.443817068871702068e+05
 9.443817068871699739e+05
 9.443817068871699739e+05
 9.443817068871702068e+05
 9.443817068871702068e+05
 9.443817068871703232e+05
 9.443817068871702068e+05
 9.443817068871699739e+05
 9.443817068871699739e+05
 9.443817068871699739e+05
 9.443817068871702068e+05
 9.443817068871699739e+05
 9.443817068871702068e+05
 9.443817068871702068e+05
 9.443817068871699739e+05
 9.443817068871699739e+05
 9.443817068871702068e+05
 9.443817068871705560e+05
 9.443817068871699739e+05
 9.443817068871698575e+05
 9.443817068871704396e+05
 9.443817068871702068e+05
 9.443817068871702068e+05
 9.443817068871704396e+05
 9.443817068871702068e+05
 9.443817068871702068e+05
 9.443817068871702068e+05
 9.443817068871703232e+05
 9.443817068871702068e+05
 9.443817068871702068e+05
 9.443817068871702068e+05
 9.443817068871704396e+05
 9.443817068871703232e+05
 9.443817068871703232e+05
 9.443817068871704396e+05
 9.443817068871703232e+05
 9.443817068871704396e+05
 9.443817068871703232e+05
 9.443817068871704396e+05
 9.443817068871705560e+05
 9.443817068871705560e+05
 9.443817068871702068e+05
 9.443817068871704396e+05
 9.443817068871706724e+05
 9.443817068871704396e+05
 9.443817068871706724e+05
 9.443817068871703232e+05
 9.443817068871703232e+05
 9.443817068871702068e+05
 9.443817068871703232e+05
 9.443817068871702068e+05
 9.443817068871704396e+05
 9.443817068871702068e+05
 9.443817068871699739e+05
 9.443817068871699739e+05
 9.443817068871702068e+05
 9.443817068871702068e+05
 9.443817068871703232e+05
 9.443817068871696247e+05
 9.443817068871705560e+05
 9.443817068871704396e+05
 9.443817068871703232e+05
 9.443817068871702068e+05
 9.443817068871702068e+05
 9.443817068871702068e+05
 9.443817068871702068e+05
 9.443817068871702068e+05
 9.443817068871699739e+05
 9.443817068871699739e+05
 9.443817068871698575e+05
 9.443817068871697411e+05
 9.443817068871698575e+05
 9.443817068871702068e+05
 9.443817068871702068e+05
 9.443817068871702068e+05
 9.443817068871699739e+05
 9.443817068871699739e+05
 9.443817068871702068e+05
 9.443817068871699739e+05
 9.443817068871699739e+05
 9.443817068871706724e+05
 9.443817068871703232e+05
 9.443817068871704396e+05
 9.443817068871702068e+05
 9.443817068871702068e+05
 9.443817068871702068e+05
 9.443817068871699739e+05
 9.443817068871702068e+05
 9.443817068871702068e+05
 9.443817068871702068e+05
 9.443817068871702068e+05
 9.443817068871703232e+05
 9.443817068871703232e+05
 9.443817068871702068e+05
 9.443817068871702068e+05
 9.443817068871702068e+05
 9.443817068871702068e+05
 9.443817068871702068e+05
 9.443817068871703232e+05
 9.443817068871702068e+05
 9.443817068871702068e+05
 9.443817068871703232e+05
 9.443817068871702068e+05
 9.443817068871702068e+05
 9.443817068871704396e+05
 9.443817068871704396e+05
 9.443817068871704396e+05
 9.443817068871705560e+05
 9.443817068871702068e+05
 9.443817068871620577e+05
 9.443817068870174699e+05
 9.443817068862648448e+05
 9.443817068841954460e+05
 9.443817068795871455e+05
 9.443817068698786898e+05
 9.443817068495905260e+05
 9.443817068072636612e+05
 9.443817067193411058e+05
 9.443817065379476408e+05
 9.443817061667239759e+05
 9.443817054137663217e+05
 9.443817039024207043e+05
 9.443817009129471844e+05
 9.443816951411087066e+05
 9.443816843688577646e+05
 9.443816648722664686e+05
 9.443816302004297031e+05
 9.443815690819317242e+05
 9.443814620627411641e+05
 9.443812759995482629e+05
 9.443809550440153107e+05
 9.443804060618812218e+05
 9.443794753706147894e+05
 9.443779121395063121e+05
 9.443753116464097984e+05
 9.443710286808758974e+05
 9.443640476351211546e+05
 9.443527912544299616e+05
 9.443348449180723401e+05
 9.443065684240473201e+05
 9.442625640081388410e+05
 9.441949702170109376e+05
 9.440925600125574274e+05
 9.439396431718253298e+05
 9.437148134519463638e+05
 9.433896451258186717e+05
 9.429275324286072282e+05
 9.422829714659251040e+05
 9.414016847202408826e+05
 9.402220414387675701e+05
 9.386781728158406913e+05
 9.367049546042529400e+05
 9.342445944601374213e+05
 9.312539543544581393e+05
 9.277111219196037855e+05
 9.236194224876197986e+05
 9.190073920134595828e+05
 9.139243518085953547e+05
 9.084327545013596537e+05
 9.025995654778485186e+05
 8.964889477510815486e+05
 8.901575538091562921e+05
 8.836525270357255358e+05
 8.770115279179546051e+05
 8.702638903433580417e+05
 8.634321820070568938e+05
 8.565337281762403436e+05
 8.495819004322413821e+05
 8.425871237535335822e+05
 8.355576289558960125e+05
 8.285000020501308609e+05
 8.214195821174476296e+05
 8.143207501490472350e+05
 8.072071406374264043e+05
 8.000817985746990889e+05
 7.929472976233867230e+05
 7.858058303468150552e+05
 7.786592780450145947e+05
 7.715092654789474327e+05
 7.643572042345573427e+05
 7.572043274313429138e+05
 7.500517177558139665e+05
 7.429003302905391902e+05
 7.357510112456541974e+05
 7.286045134354040492e+05
 7.214615091481081909e+05
 7.143226009130115854e+05
 7.071883305584541522e+05
 7.000591868726396933e+05
 6.929356121146096848e+05
 6.858180075736636063e+05
 6.787067383370294701e+05
 6.716021373953664443e+05
 6.645045091918807011e+05
 6.574141327017606236e+05
 6.503312641134711448e+05
 6.432561391711956821e+05
 6.361889752277755179e+05
 6.291299730494180694e+05
 6.220793184068528935e+05
 6.150371834821525263e+05
 6.080037281159554841e+05
 6.009791009160601534e+05
 5.939634402452552458e+05
 5.869568751036340836e+05
 9.443817068871702068e+05
 9.443817068871702068e+05
 9.443817068871702068e+05
 9.443817068871703232e+05
 9.443817068871702068e+05
 9.443817068871699739e+05
 9.443817068871699739e+05
 9.443817068871699739e+05
 9.443817068871702068e+05
 9.443817068871702068e+05
 9.443817068871703232e+05
 9.443817068871702068e+05
 9.443817068871702068e+05
 9.443817068871704396e+05
 9.443817068871702068e+05
 9.443817068871704396e+05
 9.443817068871702068e+05
 9.443817068871702068e+05
 9.443817068871702068e+05
 9.443817068871702068e+05
 9.443817068871703232e+05
 9.443817068871705560e+05
 9.443817068871704396e+05
 9.443817068871702068e+05
 9.443817068871702068e+05
 9.443817068871702068e+05
 9.443817068871699739e+05
 9.443817068871698575e+05
 9.443817068871699739e+05
 9.443817068871697411e+05
 9.443817068871699739e+05
 9.443817068871702068e+05
 9.443817068871699739e+05
 9.443817068871699739e+05
 9.443817068871702068e+05
 9.443817068871703232e+05
 9.443817068871702068e+05
 9.443817068871699739e+05
 9.443817068871702068e+05
 9.443817068871699739e+05
 9.443817068871702068e+05
 9.443817068871699739e+05
 9.443817068871699739e+05
 9.443817068871699739e+05
 9.443817068871698575e+05
 9.443817068871702068e+05
 9.443817068871699739e+05
 9.443817068871699739e+05
 9.443817068871702068e+05
 9.443817068871702068e+05
 9.443817068871703232e+05
 9.443817068871702068e+05
 9.443817068871699739e+05
 9.443817068871699739e+05
 9.443817068871699739e+05
 9.443817068871702068e+05
 9.443817068871699739e+05
 9.443817068871702068e+05
 9.443817068871702068e+05
 9.443817068871699739e+05
 9.443817068871699739e+05
 9.443817068871702068e+05
 9.443817068871705560e+05
 9.443817068871699739e+05
 9.443817068871698575e+05
 9.443817068871704396e+05
 9.443817068871702068e+05
 9.443817068871702068e+05
 9.443817068871704396e+05
 9.443817068871702068e+05
 9.443817068871702068e+05
 9.443817068871702068e+05
 9.443817068871703232e+05
 9.443817068871702068e+05
 9.443817068871702068e+05
 9.443817068871702068e+05
 9.443817068871704396e+05
 9.443817068871703232e+05
 9.443817068871703232e+05
 9.443817068871704396e+05
 9.443817068871703232e+05
 9.443817068871704396e+05
 9.443817068871703232e+05
 9.443817068871704396e+05
 9.443817068871705560e+05
 9.443817068871705560e+05
 9.443817068871702068e+05
 9.443817068871704396e+05
 9.443817068871706724e+05
 9.443817068871704396e+05
 9.443817068871706724e+05
 9.443817068871703232e+05
 9.443817068871703232e+05
 9.443817068871702068e+05
 9.443817068871703232e+05
 9.443817068871702068e+05
 9.443817068871704396e+05
 9.443817068871702068e+05
 9.443817068871699739e+05
 9.443817068871699739e+05
 9.443817068871702068e+05
 9.443817068871702068e+05
 9.443817068871703232e+05
 9.443817068871696247e+05
 9.443817068871705560e+05
 9.443817068871704396e+05
 9.443817068871703232e+05
 9.443817068871702068e+05
 9.443817068871702068e+05
 9.443817068871702068e+05
 9.443817068871702068e+05
 9.443817068871702068e+05
 9.443817068871699739e+05
 9.443817068871699739e+05
 9.443817068871698575e+05
 9.443817068871697411e+05
 9.443817068871698575e+05
 9.443817068871702068e+05
 9.443817068871702068e+05
 9.443817068871702068e+05
 9.443817068871699739e+05
 9.443817068871699739e+05
 9.443817068871702068e+05
 9.443817068871699739e+05
 9.443817068871699739e+05
 9.443817068871706724e+05
 9.443817068871703232e+05
 9.443817068871704396e+05
 9.443817068871702068e+05
 9.443817068871702068e+05
 9.443817068871702068e+05
 9.443817068871699739e+05
 9.443817068871702068e+05
 9.443817068871702068e+05
 9.443817068871702068e+05
 9.443817068871702068e+05
 9.443817068871703232e+05
 9.443817068871703232e+05
 9.443817068871702068e+05
 9.443817068871702068e+05
 9.443817068871702068e+05
 9.443817068871702068e+05
 9.443817068871702068e+05
 9.443817068871703232e+05
 9.443817068871702068e+05
 9.443817068871702068e+05
 9.443817068871703232e+05
 9.443817068871702068e+05
 9.443817068871702068e+05
 9.443817068871704396e+05
 9.443817068871704396e+05
 9.443817068871704396e+05
 9.443817068871705560e+05
 9.443817068871702068e+05
 9.443817068871620577e+05
 9.443817068870174699e+05
 9.443817068862648448e+05
 9.443817068841954460e+05
 9.443817068795871455e+05
 9.443817068698786898e+05
 9.443817068495905260e+05
 9.443817068072636612e+05
 9.443817067193411058e+05
 9.443817065379476408e+05
 9.443817061667239759e+05
 9.443817054137663217e+05
 9.443817039024207043e+05
 9.443817009129471844e+05
 9.443816951411087066e+05
 9.443816843688577646e+05
 9.443816648722664686e+05
 9.443816302004297031e+05
 9.443815690819317242e+05
 9.443814620627411641e+05
 9.443812759995479137e+05
 9.443809550440151943e+05
 9.443804060618812218e+05
 9.443794753706156043e+05
 9.443779121395068942e+05
 9.443753116464099148e+05
 9.443710286808750825e+05
 9.443640476351217367e+05
 9.443527912544292631e+05
 9.443348449180725729e+05
 9.443065684240472037e+05
 9.442625640081394231e+05
 9.441949702170103556e+05
 9.440925600125587080e+05
 9.439396431718247477e+05
 9.437148134519446176e+05
 9.433896451258198358e+05
 9.429275324286066461e+05
 9.422829714659249876e+05
 9.414016847202415811e+05
 9.402220414387669880e+05
 9.386781728158403421e+05
 9.367049546042536385e+05
 9.342445944601373048e+05
 9.312539543544588378e+05
 9.277111219196039019e+05
 9.236194224876184016e+05
 9.190073920134588843e+05
 9.139243518085957039e+05
 9.084327545013600029e+05
 9.025995654778501485e+05
 8.964889477510800352e+05
 8.901575538091546623e+05
 8.836525270357262343e+05
 8.770115279179539066e+05
 8.702638903433587402e+05
 8.634321820070559625e+05
 8.565337281762387138e+05
 8.495819004322410328e+05
 8.425871237535331165e+05
 8.355576289558976423e+05
 8.285000020501323743e+05
 8.214195821174471639e+05
 8.143207501490463037e+05
 8.072071406374269864e+05
 8.000817985746994382e+05
 7.929472976233862573e+05
 7.858058303468142403e+05
 7.786592780450140126e+05
 7.715092654789471999e+05
 7.643572042345571099e+05
 7.572043274313445436e+05
 7.500517177558145486e+05
 7.429003302905376768e+05
 7.357510112456531497e+05
 7.286045134354040492e+05
 7.214615091481077252e+05
 7.143226009130113525e+05
 7.071883305584548507e+05
 7.000591868726403918e+05
 6.929356121146101505e+05
 6.858180075736640720e+05
 6.787067383370305179e+05
 6.716021373953672592e+05
 6.645045091918822145e+05
 6.574141327017614385e+05
 6.503312641134707956e+05
 6.432561391711960314e+05
 6.361889752277754014e+05
 6.291299730494176038e+05
 6.220793184068514965e+05
 6.150371834821517114e+05
 6.080037281159556005e+05
 6.009791009160606191e+05
 5.939634402452561771e+05
 5.869568751036347821e+05
 </DataArray>
 <DataArray Name="T" type="Float32" NumberOfComponents="1" format="ascii">
 8.000000000000000000e+02
 8.000000000000000000e+02
 8.000000000000000000e+02
 8.000000000000001137e+02
 8.000000000000000000e+02
 7.999999999999998863e+02
 7.999999999999998863e+02
 7.999999999999998863e+02
 8.000000000000000000e+02
 8.000000000000000000e+02
 8.000000000000000000e+02
 8.000000000000000000e+02
 8.000000000000000000e+02
 8.000000000000001137e+02
 8.000000000000000000e+02
 8.000000000000001137e+02
 8.000000000000000000e+02
 8.000000000000000000e+02
 8.000000000000000000e+02
 8.000000000000000000e+02
 8.000000000000001137e+02
 8.000000000000001137e+02
 8.000000000000001137e+02
 8.000000000000000000e+02
 8.000000000000000000e+02
 8.000000000000000000e+02
 7.999999999999998863e+02
 7.999999999999997726e+02
 7.999999999999998863e+02
 7.999999999999997726e+02
 7.999999999999998863e+02
 8.000000000000000000e+02
 7.999999999999998863e+02
 7.999999999999998863e+02
 8.000000000000000000e+02
 8.000000000000000000e+02
 8.000000000000000000e+02
 7.999999999999998863e+02
 8.000000000000000000e+02
 7.999999999999998863e+02
 8.000000000000000000e+02
 7.999999999999998863e+02
 7.999999999999998863e+02
 7.999999999999998863e+02
 7.999999999999998863e+02
 8.000000000000000000e+02
 7.999999999999998863e+02
 7.999999999999998863e+02
 8.000000000000000000e+02
 8.000000000000000000e+02
 8.000000000000000000e+02
 8.000000000000000000e+02
 7.999999999999998863e+02
 7.999999999999998863e+02
 7.999999999999998863e+02
 8.000000000000000000e+02
 7.999999999999998863e+02
 8.000000000000000000e+02
 8.000000000000000000e+02
 7.999999999999998863e+02
 7.999999999999998863e+02
 8.000000000000000000e+02
 8.000000000000001137e+02
 7.999999999999998863e+02
 7.999999999999997726e+02
 8.000000000000001137e+02
 8.000000000000000000e+02
 8.000000000000000000e+02
 8.000000000000001137e+02
 8.000000000000000000e+02
 8.000000000000000000e+02
 8.000000000000000000e+02
 8.000000000000000000e+02
 8.000000000000000000e+02
 8.000000000000000000e+02
 8.000000000000000000e+02
 8.000000000000001137e+02
 8.000000000000000000e+02
 8.000000000000001137e+02
 8.000000000000001137e+02
 8.000000000000000000e+02
 8.000000000000001137e+02
 8.000000000000001137e+02
 8.000000000000001137e+02
 8.000000000000002274e+02
 8.000000000000001137e+02
 8.000000000000000000e+02
 8.000000000000001137e+02
 8.000000000000002274e+02
 8.000000000000001137e+02
 8.000000000000002274e+02
 8.000000000000001137e+02
 8.000000000000000000e+02
 8.000000000000000000e+02
 8.000000000000000000e+02
 8.000000000000000000e+02
 8.000000000000001137e+02
 8.000000000000000000e+02
 7.999999999999998863e+02
 7.999999999999998863e+02
 8.000000000000000000e+02
 8.000000000000000000e+02
 8.000000000000000000e+02
 7.999999999999997726e+02
 8.000000000000001137e+02
 8.000000000000001137e+02
 8.000000000000000000e+02
 8.000000000000000000e+02
 8.000000000000000000e+02
 8.000000000000000000e+02
 8.000000000000000000e+02
 8.000000000000000000e+02
 7.999999999999998863e+02
 7.999999999999998863e+02
 7.999999999999998863e+02
 7.999999999999997726e+02
 7.999999999999998863e+02
 8.000000000000000000e+02
 8.000000000000000000e+02
 8.000000000000000000e+02
 7.999999999999998863e+02
 7.999999999999998863e+02
 8.000000000000000000e+02
 7.999999999999998863e+02
 7.999999999999998863e+02
 8.000000000000002274e+02
 8.000000000000001137e+02
 8.000000000000001137e+02
 8.000000000000000000e+02
 8.000000000000000000e+02
 8.000000000000000000e+02
 7.999999999999998863e+02
 8.000000000000000000e+02
 8.000000000000000000e+02
 8.000000000000000000e+02
 8.000000000000000000e+02
 8.000000000000000000e+02
 8.000000000000000000e+02
 8.000000000000000000e+02
 8.000000000000000000e+02
 8.000000000000000000e+02
 8.000000000000000000e+02
 8.000000000000000000e+02
 8.000000000000000000e+02
 8.000000000000000000e+02
 8.000000000000000000e+02
 8.000000000000000000e+02
 8.000000000000000000e+02
 8.000000000000000000e+02
 8.000000000000001137e+02
 8.000000000000001137e+02
 8.000000000000001137e+02
 8.000000000000001137e+02
 8.000000000000000000e+02
 7.999999999999974989e+02
 7.999999999999511147e+02
 7.999999999997095301e+02
 7.999999999990454853e+02
 7.999999999975665332e+02
 7.999999999944507181e+02
 7.999999999879395318e+02
 7.999999999743554326e+02
 7.999999999461382458e+02
 7.999999998879229679e+02
 7.999999997687850737e+02
 7.999999995271360831e+02
 7.999999990420951690e+02
 7.999999980826743240e+02
 7.999999962303003258e+02
 7.999999927731286107e+02
 7.999999865160275476e+02
 7.999999753886881990e+02
 7.999999557737398845e+02
 7.999999214277410147e+02
 7.999998617139068529e+02
 7.999997587086578505e+02
 7.999995825221287760e+02
 7.999992838325108551e+02
 7.999987821399306540e+02
 7.999979475556623356e+02
 7.999965730103261876e+02
 7.999943325617850860e+02
 7.999907200168191821e+02
 7.999849604437515609e+02
 7.999758855813294076e+02
 7.999617631084378218e+02
 7.999400700246154656e+02
 7.999072032019030303e+02
 7.998581271286651599e+02
 7.997859718333681940e+02
 7.996816145597589411e+02
 7.995333073068494514e+02
 7.993264463694957840e+02
 7.990436122966241328e+02
 7.986650257406947730e+02
 7.981695472227891059e+02
 7.975362762174313502e+02
 7.967466652494924801e+02
 7.957868698982914566e+02
 7.946498577601206534e+02
 7.933366960440476987e+02
 7.918565428820907073e+02
 7.902252271148299769e+02
 7.884627918568581890e+02
 7.865907285160334368e+02
 7.846296291259798181e+02
 7.825976753443989082e+02
 7.805099970427802418e+02
 7.783786807174013802e+02
 7.762131405832378732e+02
 7.740206193602756457e+02
 7.718066772999392242e+02
 7.695756057850584284e+02
 7.673307505361223093e+02
 7.650747530942194317e+02
 7.628097271281055782e+02
 7.605373861255771999e+02
 7.582591360916499070e+02
 7.559761434552081028e+02
 7.536893854549606431e+02
 7.513996880643567238e+02
 7.491077549495057610e+02
 7.468141898818275877e+02
 7.445195143008680816e+02
 7.422241812312570346e+02
 7.399285864218373945e+02
 7.376330773425297593e+02
 7.353379605109278145e+02
 7.330435075038599280e+02
 7.307499599243232069e+02
 7.284575335318808129e+02
 7.261664216981013169e+02
 7.238767983136252724e+02
 7.215888202467574501e+02
 7.193026294330562678e+02
 7.170183546595337702e+02
 7.147361130947600714e+02
 7.124560116064542399e+02
 7.101781479005127267e+02
 7.079026115093038243e+02
 7.056294846521810769e+02
 7.033588429872521601e+02
 7.010907562702348059e+02
 6.988252889336470162e+02
 6.965625005974620763e+02
 6.943024465206030982e+02
 6.920451780012194831e+02
 6.897907427324701075e+02
 6.875391851195512345e+02
 6.852905465628606407e+02
 8.000000000000000000e+02
 8.000000000000000000e+02
 8.000000000000000000e+02
 8.000000000000001137e+02
 8.000000000000000000e+02
 7.999999999999998863e+02
 7.999999999999998863e+02
 7.999999999999998863e+02
 8.000000000000000000e+02
 8.000000000000000000e+02
 8.000000000000000000e+02
 8.000000000000000000e+02
 8.000000000000000000e+02
 8.000000000000001137e+02
 8.000000000000000000e+02
 8.000000000000001137e+02
 8.000000000000000000e+02
 8.000000000000000000e+02
 8.000000000000000000e+02
 8.000000000000000000e+02
 8.000000000000001137e+02
 8.000000000000001137e+02
 8.000000000000001137e+02
 8.000000000000000000e+02
 8.000000000000000000e+02
 8.000000000000000000e+02
 7.999999999999998863e+02
 7.999999999999997726e+02
 7.999999999999998863e+02
 7.999999999999997726e+02
 7.999999999999998863e+02
 8.000000000000000000e+02
 7.999999999999998863e+02
 7.999999999999998863e+02
 8.000000000000000000e+02
 8.000000000000000000e+02
 8.000000000000000000e+02
 7.999999999999998863e+02
 8.000000000000000000e+02
 7.999999999999998863e+02
 8.000000000000000000e+02
 7.999999999999998863e+02
 7.999999999999998863e+02
 7.999999999999998863e+02
 7.999999999999998863e+02
 8.000000000000000000e+02
 7.999999999999998863e+02
 7.999999999999998863e+02
 8.000000000000000000e+02
 8.000000000000000000e+02
 8.000000000000000000e+02
 8.000000000000000000e+02
 7.999999999999998863e+02
 7.999999999999998863e+02
 7.999999999999998863e+02
 8.000000000000000000e+02
 7.999999999999998863e+02
 8.000000000000000000e+02
 8.000000000000000000e+02
 7.999999999999998863e+02
 7.999999999999998863e+02
 8.000000000000000000e+02
 8.000000000000001137e+02
 7.999999999999998863e+02
 7.999999999999997726e+02
 8.000000000000001137e+02
 8.000000000000000000e+02
 8.000000000000000000e+02
 8.000000000000001137e+02
 8.000000000000000000e+02
 8.000000000000000000e+02
 8.000000000000000000e+02
 8.000000000000000000e+02
 8.000000000000000000e+02
 8.000000000000000000e+02
 8.000000000000000000e+02
 8.000000000000001137e+02
 8.000000000000000000e+02
 8.000000000000001137e+02
 8.000000000000001137e+02
 8.000000000000000000e+02
 8.000000000000001137e+02
 8.000000000000001137e+02
 8.000000000000001137e+02
 8.000000000000002274e+02
 8.000000000000001137e+02
 8.000000000000000000e+02
 8.000000000000001137e+02
 8.000000000000002274e+02
 8.000000000000001137e+02
 8.000000000000002274e+02
 8.000000000000001137e+02
 8.000000000000000000e+02
 8.000000000000000000e+02
 8.000000000000000000e+02
 8.000000000000000000e+02
 8.000000000000001137e+02
 8.000000000000000000e+02
 7.999999999999998863e+02
 7.999999999999998863e+02
 8.000000000000000000e+02
 8.000000000000000000e+02
 8.000000000000000000e+02
 7.999999999999997726e+02
 8.000000000000001137e+02
 8.000000000000001137e+02
 8.000000000000000000e+02
 8.000000000000000000e+02
 8.000000000000000000e+02
 8.000000000000000000e+02
 8.000000000000000000e+02
 8.000000000000000000e+02
 7.999999999999998863e+02
 7.999999999999998863e+02
 7.999999999999998863e+02
 7.999999999999997726e+02
 7.999999999999998863e+02
 8.000000000000000000e+02
 8.000000000000000000e+02
 8.000000000000000000e+02
 7.999999999999998863e+02
 7.999999999999998863e+02
 8.000000000000000000e+02
 7.999999999999998863e+02
 7.999999999999998863e+02
 8.000000000000002274e+02
 8.000000000000001137e+02
 8.000000000000001137e+02
 8.000000000000000000e+02
 8.000000000000000000e+02
 8.000000000000000000e+02
 7.999999999999998863e+02
 8.000000000000000000e+02
 8.000000000000000000e+02
 8.000000000000000000e+02
 8.000000000000000000e+02
 8.000000000000000000e+02
 8.000000000000000000e+02
 8.000000000000000000e+02
 8.000000000000000000e+02
 8.000000000000000000e+02
 8.000000000000000000e+02
 8.000000000000000000e+02
 8.000000000000000000e+02
 8.000000000000000000e+02
 8.000000000000000000e+02
 8.000000000000000000e+02
 8.000000000000000000e+02
 8.000000000000000000e+02
 8.000000000000001137e+02
 8.000000000000001137e+02
 8.000000000000001137e+02
 8.000000000000001137e+02
 8.000000000000000000e+02
 7.999999999999974989e+02
 7.999999999999511147e+02
 7.999999999997095301e+02
 7.999999999990454853e+02
 7.999999999975665332e+02
 7.999999999944507181e+02
 7.999999999879395318e+02
 7.999999999743554326e+02
 7.999999999461382458e+02
 7.999999998879229679e+02
 7.999999997687850737e+02
 7.999999995271360831e+02
 7.999999990420951690e+02
 7.999999980826743240e+02
 7.999999962303003258e+02
 7.999999927731286107e+02
 7.999999865160275476e+02
 7.999999753886881990e+02
 7.999999557737398845e+02
 7.999999214277410147e+02
 7.999998617139067392e+02
 7.999997587086579642e+02
 7.999995825221287760e+02
 7.999992838325109688e+02
 7.999987821399307677e+02
 7.999979475556623356e+02
 7.999965730103260739e+02
 7.999943325617854271e+02
 7.999907200168188410e+02
 7.999849604437516746e+02
 7.999758855813294076e+02
 7.999617631084379354e+02
 7.999400700246153519e+02
 7.999072032019033713e+02
 7.998581271286649326e+02
 7.997859718333677392e+02
 7.996816145597592822e+02
 7.995333073068493377e+02
 7.993264463694956703e+02
 7.990436122966242465e+02
 7.986650257406944320e+02
 7.981695472227889923e+02
 7.975362762174315776e+02
 7.967466652494923665e+02
 7.957868698982914566e+02
 7.946498577601206534e+02
 7.933366960440472440e+02
 7.918565428820904799e+02
 7.902252271148302043e+02
 7.884627918568583027e+02
 7.865907285160340052e+02
 7.846296291259792497e+02
 7.825976753443983398e+02
 7.805099970427803555e+02
 7.783786807174012665e+02
 7.762131405832382143e+02
 7.740206193602755320e+02
 7.718066772999386558e+02
 7.695756057850583147e+02
 7.673307505361220819e+02
 7.650747530942200001e+02
 7.628097271281060330e+02
 7.605373861255770862e+02
 7.582591360916496797e+02
 7.559761434552083301e+02
 7.536893854549608704e+02
 7.513996880643566101e+02
 7.491077549495055337e+02
 7.468141898818273603e+02
 7.445195143008679679e+02
 7.422241812312569209e+02
 7.399285864218379629e+02
 7.376330773425299867e+02
 7.353379605109273598e+02
 7.330435075038597006e+02
 7.307499599243232069e+02
 7.284575335318805855e+02
 7.261664216981013169e+02
 7.238767983136254998e+02
 7.215888202467577912e+02
 7.193026294330563815e+02
 7.170183546595339976e+02
 7.147361130947604124e+02
 7.124560116064542399e+02
 7.101781479005132951e+02
 7.079026115093040517e+02
 7.056294846521809632e+02
 7.033588429872521601e+02
 7.010907562702346922e+02
 6.988252889336470162e+02
 6.965625005974616215e+02
 6.943024465206029845e+02
 6.920451780012195968e+02
 6.897907427324701075e+02
 6.875391851195514619e+02
 6.852905465628607544e+02
 </DataArray>
 <DataArray Name="vel.vector" type="Float32" NumberOfComponents="3" format="ascii">
 7.331095908287565965e-14 0.000000000000000000e+00 0.000000000000000000e+00
 -2.468035304392050128e-14 -1.867035714399334356e-13 0.000000000000000000e+00
 -6.170271135393437523e-14 0.000000000000000000e+00 0.000000000000000000e+00
 -1.282816490836766188e-13 -1.843301309116182618e-13 0.000000000000000000e+00
 -5.204427248320028787e-14 5.468374911958909235e-14 0.000000000000000000e+00
 7.343087861941613448e-14 1.822633976253720811e-13 0.000000000000000000e+00
 -1.745644373409710459e-13 0.000000000000000000e+00 0.000000000000000000e+00
 1.773484516794793242e-13 1.845190802452281731e-13 0.000000000000000000e+00
 -1.790038386614845045e-13 1.843309440632476259e-13 0.000000000000000000e+00
 9.630414277454410477e-14 0.000000000000000000e+00 0.000000000000000000e+00
 1.832992426868988375e-15 0.000000000000000000e+00 0.000000000000000000e+00
 -4.252943957834369459e-14 0.000000000000000000e+00 0.000000000000000000e+00
 -9.837880428917658571e-14 1.843292093397716491e-13 0.000000000000000000e+00
 -5.579851901707510997e-14 1.844067569001586748e-13 0.000000000000000000e+00
 -1.484630154273761105e-13 2.371906212834517386e-14 0.000000000000000000e+00
 1.124102032160415043e-13 1.842865053267028763e-13 0.000000000000000000e+00
 3.492028511514234934e-14 1.190457119410988709e-14 0.000000000000000000e+00
 2.390800637975740162e-14 -1.867040051208024298e-13 0.000000000000000000e+00
 -8.210895478073451659e-14 4.737841521017249757e-15 0.000000000000000000e+00
 -5.523063085978614783e-14 1.802664463014524987e-13 0.000000000000000000e+00
 -1.313906936809688952e-13 1.661111569475903771e-14 0.000000000000000000e+00
 -6.142758150013902241e-14 1.816168878699189748e-13 0.000000000000000000e+00
 -1.585879729404035543e-13 -1.848523639930502172e-13 0.000000000000000000e+00
 -1.097870844799300749e-13 0.000000000000000000e+00 0.000000000000000000e+00
 -5.139021058198946224e-14 -3.807632310034829437e-14 0.000000000000000000e+00
 -7.278117724381777398e-14 1.847286294201153090e-13 0.000000000000000000e+00
 -1.354566009055882536e-13 1.866966596510838405e-13 0.000000000000000000e+00
 -2.247781225473560740e-13 -6.433947748489196594e-14 0.000000000000000000e+00
 -3.310071401002590008e-13 0.000000000000000000e+00 0.000000000000000000e+00
 -1.498857597282202136e-13 0.000000000000000000e+00 0.000000000000000000e+00
 -3.287838209152516011e-13 0.000000000000000000e+00 0.000000000000000000e+00
 -1.949358236679257783e-13 0.000000000000000000e+00 0.000000000000000000e+00
 -2.310455971508973416e-13 -1.069959279596105484e-13 0.000000000000000000e+00
 -2.433087097682834488e-13 1.640296920643255496e-13 0.000000000000000000e+00
 -1.327713844900477169e-13 3.565463218722572658e-14 0.000000000000000000e+00
 -1.563676217588433337e-13 -1.867097649448437591e-13 0.000000000000000000e+00
 -1.755098616353784058e-13 0.000000000000000000e+00 0.000000000000000000e+00
 -1.097098282988769047e-13 -1.867007254092306612e-13 0.000000000000000000e+00
 -7.525641757986575864e-14 3.329952145188913581e-14 0.000000000000000000e+00
 1.063018894914211088e-13 1.822759201604642887e-13 0.000000000000000000e+00
 1.644903424623603283e-14 -1.846563266877376819e-13 0.000000000000000000e+00
 1.178545921878132452e-13 0.000000000000000000e+00 0.000000000000000000e+00
 7.927398294011941959e-15 0.000000000000000000e+00 0.000000000000000000e+00
 -5.949618375007334481e-14 0.000000000000000000e+00 0.000000000000000000e+00
 -3.986019142792479597e-14 1.867035036772976553e-13 0.000000000000000000e+00
 8.298948279885504098e-14 1.837336028763167373e-13 0.000000000000000000e+00
 9.036639438044641315e-14 1.867056449765883142e-13 0.000000000000000000e+00
 8.029574184373333701e-14 1.845107047834457226e-13 0.000000000000000000e+00
 -4.776437085478660305e-14 -9.509863362555052296e-15 0.000000000000000000e+00
 1.126887076490987183e-13 0.000000000000000000e+00 0.000000000000000000e+00
 6.841338070053340492e-14 -1.794986007703711084e-13 0.000000000000000000e+00
 8.650853877646344503e-14 1.815552238713588618e-13 0.000000000000000000e+00
 -2.374454799447534015e-13 7.365472571045292294e-14 0.000000000000000000e+00
 -1.873173518423046358e-13 1.827687307054404187e-13 0.000000000000000000e+00
 -1.887631760968955241e-13 1.424906098332085619e-14 0.000000000000000000e+00
 -1.933435101473049422e-13 -1.843248860836088632e-13 0.000000000000000000e+00
 -1.633118553584500532e-13 3.559413031786924642e-14 0.000000000000000000e+00
 -6.502337188650508804e-14 1.802520806226670658e-13 0.000000000000000000e+00
 -1.793063175150808042e-13 0.000000000000000000e+00 0.000000000000000000e+00
 -1.476442394992422136e-13 1.812296244064343087e-13 0.000000000000000000e+00
 -1.211230822670966711e-13 -1.092105328696565958e-13 0.000000000000000000e+00
 -1.099748954012588764e-13 0.000000000000000000e+00 0.000000000000000000e+00
 -2.492558568399638741e-13 -1.843226905742095800e-13 0.000000000000000000e+00
 -5.906243918420150951e-13 0.000000000000000000e+00 0.000000000000000000e+00
 -5.440754183988483206e-14 -1.826950998254014968e-13 0.000000000000000000e+00
 -2.370957976390725142e-13 1.831420215134271778e-13 0.000000000000000000e+00
 -1.847489717633765682e-13 4.268502936635894252e-14 0.000000000000000000e+00
 -1.463230849419600021e-13 1.801844941697397506e-13 0.000000000000000000e+00
 -1.944637620420255897e-13 4.742625139586868419e-15 0.000000000000000000e+00
 -1.560699133948059703e-13 1.846081474536978573e-13 0.000000000000000000e+00
 1.507038444774691510e-13 -1.842731425349269925e-13 0.000000000000000000e+00
 9.856099938206509120e-15 1.847517093738620941e-13 0.000000000000000000e+00
 5.140696828181794131e-14 1.897655176172265840e-14 0.000000000000000000e+00
 -1.724096668383190423e-13 0.000000000000000000e+00 0.000000000000000000e+00
 -5.444324936080928434e-14 0.000000000000000000e+00 0.000000000000000000e+00
 -1.778860397741791055e-13 0.000000000000000000e+00 0.000000000000000000e+00
 -1.745719183359611959e-13 -9.948692667209255158e-14 0.000000000000000000e+00
 -1.588006527490637421e-13 1.830415837346735519e-13 0.000000000000000000e+00
 -1.121384547177715907e-13 1.843266208070848400e-13 0.000000000000000000e+00
 -1.763509856807926601e-13 -6.634163297923947877e-14 0.000000000000000000e+00
 -1.128677975192025895e-13 0.000000000000000000e+00 0.000000000000000000e+00
 -1.006278529469897820e-13 0.000000000000000000e+00 0.000000000000000000e+00
 -1.262356105063977552e-13 0.000000000000000000e+00 0.000000000000000000e+00
 -1.509341290189050722e-13 0.000000000000000000e+00 0.000000000000000000e+00
 7.891771410624068284e-14 -1.826448063971253255e-13 0.000000000000000000e+00
 -2.140949296645065780e-14 1.849703251894166400e-13 0.000000000000000000e+00
 -1.561061528524212982e-13 0.000000000000000000e+00 0.000000000000000000e+00
 8.282695411693588583e-14 -1.843270680404809903e-13 0.000000000000000000e+00
 -2.480737783163572407e-13 0.000000000000000000e+00 0.000000000000000000e+00
 -1.185312427636614485e-13 -1.843282200052892561e-13 0.000000000000000000e+00
 -1.410499728083866589e-13 9.291554342334001904e-14 0.000000000000000000e+00
 -7.027831685742572110e-14 1.844260556988289168e-13 0.000000000000000000e+00
 1.166904436576340909e-13 -1.823104384471307959e-13 0.000000000000000000e+00
 1.111727829477930640e-13 0.000000000000000000e+00 0.000000000000000000e+00
 1.684899100665507299e-13 0.000000000000000000e+00 0.000000000000000000e+00
 2.007051344782642688e-13 0.000000000000000000e+00 0.000000000000000000e+00
 1.665612905845520464e-13 0.000000000000000000e+00 0.000000000000000000e+00
 1.535761399778720615e-13 -1.781931535920627807e-13 0.000000000000000000e+00
 2.452720914824374487e-13 1.866131218736938324e-13 0.000000000000000000e+00
 2.260270827924779069e-13 1.818861223744014377e-13 0.000000000000000000e+00
 2.250874589796933445e-13 -5.478237424783559406e-14 0.000000000000000000e+00
 2.665234027400542605e-13 0.000000000000000000e+00 0.000000000000000000e+00
 5.557182860584097828e-13 0.000000000000000000e+00 0.000000000000000000e+00
 1.189306357389507962e-13 0.000000000000000000e+00 0.000000000000000000e+00
 -6.409682626242613201e-14 1.806286917998070618e-13 0.000000000000000000e+00
 9.907057948533096181e-14 1.806253849831809810e-13 0.000000000000000000e+00
 1.047044666680624347e-13 6.663820293099573244e-14 0.000000000000000000e+00
 8.298415665568270594e-14 -1.866927158656814245e-13 0.000000000000000000e+00
 7.515976095618867592e-14 1.808400434608059548e-13 0.000000000000000000e+00
 2.827163255632596413e-15 1.841543546344040494e-13 0.000000000000000000e+00
 3.038342418371781095e-14 9.990277241534936681e-14 0.000000000000000000e+00
 1.221164554025822024e-13 1.842990685193765521e-13 0.000000000000000000e+00
 1.287341950704720683e-13 0.000000000000000000e+00 0.000000000000000000e+00
 1.172528193245023220e-13 -8.560815630605927984e-14 0.000000000000000000e+00
 1.139825945217429193e-13 1.863164163966660181e-13 0.000000000000000000e+00
 1.002325257298472549e-13 1.840513554280179265e-13 0.000000000000000000e+00
 1.715374261905544540e-13 -1.829720050602542947e-13 0.000000000000000000e+00
 -6.530109027298725000e-14 1.841932232822876547e-13 0.000000000000000000e+00
 1.229278858609975100e-13 -1.867112828278852388e-13 0.000000000000000000e+00
 2.348820465382372991e-13 0.000000000000000000e+00 0.000000000000000000e+00
 1.569339954212226051e-13 7.373742323115925479e-14 0.000000000000000000e+00
 3.552170222461542570e-13 -6.897503808346236442e-14 0.000000000000000000e+00
 2.988977338205800471e-13 1.826204796108801820e-13 0.000000000000000000e+00
 1.371598842126288756e-14 1.816750688689999782e-13 0.000000000000000000e+00
 4.552774715387009064e-13 1.141807053637103331e-13 0.000000000000000000e+00
 8.739035428466379596e-14 1.191628057757273054e-14 0.000000000000000000e+00
 8.575781008718016962e-14 1.841576478985029741e-13 0.000000000000000000e+00
 1.266566604200825008e-13 1.844138855294427670e-13 0.000000000000000000e+00
 7.079985875997271694e-14 -3.571662483456937431e-14 0.000000000000000000e+00
 -3.779943141802265261e-14 2.381045528928801835e-14 0.000000000000000000e+00
 -3.483862775089524577e-14 1.846648918849003174e-13 0.000000000000000000e+00
 -2.330158635488466246e-13 0.000000000000000000e+00 0.000000000000000000e+00
 -6.347437901893862588e-14 0.000000000000000000e+00 0.000000000000000000e+00
 -1.095138248748822596e-13 -1.804786653241893801e-13 0.000000000000000000e+00
 1.873023491947428676e-13 0.000000000000000000e+00 0.000000000000000000e+00
 1.299311813739503774e-13 1.815252185762353254e-13 0.000000000000000000e+00
 1.792139265493260941e-14 0.000000000000000000e+00 0.000000000000000000e+00
 4.712797467272371310e-14 0.000000000000000000e+00 0.000000000000000000e+00
 9.915451706227207396e-14 1.827142902038544903e-13 0.000000000000000000e+00
 3.875353610607347454e-14 1.822707702001449825e-13 0.000000000000000000e+00
 -2.485259888781055776e-14 1.804051564168948629e-13 0.000000000000000000e+00
 -8.957202655372059619e-14 3.322762529532619080e-14 0.000000000000000000e+00
 -4.694836303032433322e-14 1.822428248891491687e-13 0.000000000000000000e+00
 -3.799907369555870218e-14 1.834015930660473637e-13 0.000000000000000000e+00
 -5.739142207262723505e-14 0.000000000000000000e+00 0.000000000000000000e+00
 -1.380716965456232903e-13 0.000000000000000000e+00 0.000000000000000000e+00
 -2.043665190960657074e-15 0.000000000000000000e+00 0.000000000000000000e+00
 -4.056451626422569179e-14 0.000000000000000000e+00 0.000000000000000000e+00
 -1.144571769176941367e-13 0.000000000000000000e+00 0.000000000000000000e+00
 -1.308369645264262360e-13 0.000000000000000000e+00 0.000000000000000000e+00
 -3.089101782531578078e-13 0.000000000000000000e+00 0.000000000000000000e+00
 -2.855698533546502382e-13 0.000000000000000000e+00 0.000000000000000000e+00
 -3.406429326981152972e-13 0.000000000000000000e+00 0.000000000000000000e+00
 2.795440474153559895e-13 0.000000000000000000e+00 0.000000000000000000e+00
 5.579336471994711388e-12 0.000000000000000000e+00 0.000000000000000000e+00
 1.283542300223317056e-10 0.000000000000000000e+00 0.000000000000000000e+00
 8.678953111740383974e-10 0.000000000000000000e+00 0.000000000000000000e+00
 2.973750357071480721e-09 0.000000000000000000e+00 0.000000000000000000e+00
 7.728088391445453453e-09 0.000000000000000000e+00 0.000000000000000000e+00
 1.775154068184292555e-08 0.000000000000000000e+00 0.000000000000000000e+00
 3.865751097009706427e-08 0.000000000000000000e+00 0.000000000000000000e+00
 8.220921898782762582e-08 0.000000000000000000e+00 0.000000000000000000e+00
 1.725795613083391800e-07 0.000000000000000000e+00 0.000000000000000000e+00
 3.588597508041857509e-07 0.000000000000000000e+00 0.000000000000000000e+00
 7.397557624244655017e-07 0.000000000000000000e+00 0.000000000000000000e+00
 1.511554273747606203e-06 0.000000000000000000e+00 0.000000000000000000e+00
 3.058365564356790856e-06 0.000000000000000000e+00 0.000000000000000000e+00
 6.108622528699925169e-06 0.000000000000000000e+00 0.000000000000000000e+00
 1.196492030430817977e-05 0.000000000000000000e+00 0.000000000000000000e+00
 2.282711102452594787e-05 0.000000000000000000e+00 0.000000000000000000e+00
 4.242718932800926268e-05 0.000000000000000000e+00 0.000000000000000000e+00
 7.727716729277744889e-05 0.000000000000000000e+00 0.000000000000000000e+00
 1.387335796607658267e-04 0.000000000000000000e+00 0.000000000000000000e+00
 2.463611308485269547e-04 0.000000000000000000e+00 0.000000000000000000e+00
 4.334725963417440653e-04 0.000000000000000000e+00 0.000000000000000000e+00
 7.561899255961179733e-04 -1.775573503330629688e-13 0.000000000000000000e+00
 1.308086910285055637e-03 1.871276435671739846e-13 0.000000000000000000e+00
 2.243540948256850243e-03 1.690582081877861631e-13 0.000000000000000000e+00
 3.814464434981346130e-03 1.823049090160511199e-13 0.000000000000000000e+00
 6.427238695323467255e-03 -1.724162127089354235e-13 0.000000000000000000e+00
 1.072957832366228104e-02 1.847207689543647890e-13 0.000000000000000000e+00
 1.774081028997898102e-02 1.142195740115939384e-13 0.000000000000000000e+00
 2.904361486434936523e-02 -1.570989161241848064e-13 0.000000000000000000e+00
 4.706039279699325562e-02 -1.665232757458792734e-13 0.000000000000000000e+00
 7.544227689504623413e-02 -3.080627658351431375e-14 0.000000000000000000e+00
 1.196020990610122681e-01 1.165636055559804429e-13 0.000000000000000000e+00
 1.874216496944427490e-01 5.961575092090776185e-14 0.000000000000000000e+00
 2.901549935340881348e-01 1.380148843517850499e-13 0.000000000000000000e+00
 4.435276389122009277e-01 -6.194717183877554434e-14 0.000000000000000000e+00
 6.689918041229248047e-01 2.452455014241572417e-13 0.000000000000000000e+00
 9.950332641601562500e-01 -1.976925025591602658e-13 0.000000000000000000e+00
 1.458338141441345215e+00 -1.428149455249758115e-13 0.000000000000000000e+00
 2.104521274566650391e+00 -1.691711549491048405e-13 0.000000000000000000e+00
 2.988019227981567383e+00 -1.546359069438951739e-13 0.000000000000000000e+00
 4.170697689056396484e+00 -3.318355247701465505e-14 0.000000000000000000e+00
 5.718771457672119141e+00 2.101106154296303319e-13 0.000000000000000000e+00
 7.697865962982177734e+00 1.936689842513533016e-14 0.000000000000000000e+00
 1.016646575927734375e+01 -2.355011463075172562e-14 0.000000000000000000e+00
 1.316861152648925781e+01 1.131509098114928669e-13 0.000000000000000000e+00
 1.672730255126953125e+01 3.635663954138293463e-14 0.000000000000000000e+00
 2.084042358398437500e+01 -1.180037377491657824e-13 0.000000000000000000e+00
 2.548066329956054688e+01 7.470380650881347506e-14 0.000000000000000000e+00
 3.059982681274414062e+01 -2.230425994722770588e-13 0.000000000000000000e+00
 3.613641357421875000e+01 2.405971201348972022e-13 0.000000000000000000e+00
 4.202420043945312500e+01 -2.610816294060236409e-13 0.000000000000000000e+00
 4.819955444335937500e+01 2.668560630716271254e-13 0.000000000000000000e+00
 5.460618209838867188e+01 -5.434618141793301493e-13 0.000000000000000000e+00
 6.119718170166015625e+01 3.338306193978457515e-13 0.000000000000000000e+00
 6.793505096435546875e+01 -1.819541425081977470e-13 0.000000000000000000e+00
 7.479056549072265625e+01 3.408483619047469881e-13 0.000000000000000000e+00
 8.174124145507812500e+01 -4.347372884860173370e-13 0.000000000000000000e+00
 8.876981353759765625e+01 2.824393551068699049e-13 0.000000000000000000e+00
 9.586296844482421875e+01 -4.220519062275024380e-13 0.000000000000000000e+00
 1.030103225708007812e+02 2.173014643658960354e-13 0.000000000000000000e+00
 1.102036895751953125e+02 -3.340811514148528394e-13 0.000000000000000000e+00
 1.174365158081054688e+02 7.759870084824913028e-14 0.000000000000000000e+00
 1.247034988403320312e+02 -2.688887795147115733e-13 0.000000000000000000e+00
 1.320002746582031250e+02 1.739976299977227803e-13 0.000000000000000000e+00
 1.393232421875000000e+02 -2.739644719852024624e-13 0.000000000000000000e+00
 1.466693878173828125e+02 -9.044416555753151399e-14 0.000000000000000000e+00
 1.540361480712890625e+02 -2.064657039085870949e-13 0.000000000000000000e+00
 1.614213409423828125e+02 -8.734094177065276909e-14 0.000000000000000000e+00
 1.688231048583984375e+02 1.767985849951761446e-13 0.000000000000000000e+00
 1.762398376464843750e+02 1.825789953252554554e-13 0.000000000000000000e+00
 1.836701354980468750e+02 1.176267742063197286e-13 0.000000000000000000e+00
 1.911127929687500000e+02 2.141663718114097947e-13 0.000000000000000000e+00
 1.985667114257812500e+02 2.106947022450025853e-13 0.000000000000000000e+00
 2.060309600830078125e+02 1.652267867880211072e-13 0.000000000000000000e+00
 2.135046997070312500e+02 1.721024717052724307e-13 0.000000000000000000e+00
 2.209871978759765625e+02 1.608568150641281891e-13 0.000000000000000000e+00
 2.284777679443359375e+02 3.008290028216377421e-14 0.000000000000000000e+00
 2.359758300781250000e+02 -4.668190001764528640e-14 0.000000000000000000e+00
 2.434808502197265625e+02 -1.245151307364619764e-13 0.000000000000000000e+00
 2.509923553466796875e+02 -3.777484713376154379e-14 0.000000000000000000e+00
 2.585098876953125000e+02 -7.627542532046699408e-14 0.000000000000000000e+00
 2.660330505371093750e+02 4.268316928200677207e-14 0.000000000000000000e+00
 2.735614929199218750e+02 1.367579416681682924e-13 0.000000000000000000e+00
 2.810949096679687500e+02 1.173471178084542488e-13 0.000000000000000000e+00
 2.886329650878906250e+02 6.987461417850074352e-14 0.000000000000000000e+00
 2.961753845214843750e+02 1.637346399956107756e-13 0.000000000000000000e+00
 3.037219543457031250e+02 1.790207115577938102e-13 0.000000000000000000e+00
 3.112723999023437500e+02 1.725167860129606101e-13 0.000000000000000000e+00
 3.188265380859375000e+02 1.593896184742121802e-13 0.000000000000000000e+00
 3.263841552734375000e+02 5.203310520082368718e-14 0.000000000000000000e+00
 3.339450683593750000e+02 -6.752386735690840691e-14 0.000000000000000000e+00
 3.415091247558593750e+02 1.615938014908752107e-13 0.000000000000000000e+00
 3.490761413574218750e+02 2.612974940585655048e-13 0.000000000000000000e+00
 3.566459960937500000e+02 3.382299865531401828e-13 0.000000000000000000e+00
 3.642185363769531250e+02 2.033685719826650029e-13 0.000000000000000000e+00
 3.717936706542968750e+02 1.715913923536899199e-13 0.000000000000000000e+00
 7.331095908287565965e-14 0.000000000000000000e+00 0.000000000000000000e+00
 -2.468035304392050128e-14 1.867035714399334356e-13 0.000000000000000000e+00
 -6.170271135393437523e-14 0.000000000000000000e+00 0.000000000000000000e+00
 -1.282816490836766188e-13 1.843301309116182618e-13 0.000000000000000000e+00
 -5.204427248320028787e-14 -5.468374911958909235e-14 0.000000000000000000e+00
 7.343087861941613448e-14 -1.822633976253720811e-13 0.000000000000000000e+00
 -1.745644373409710459e-13 0.000000000000000000e+00 0.000000000000000000e+00
 1.773484516794793242e-13 -1.845190802452281731e-13 0.000000000000000000e+00
 -1.790038386614845045e-13 -1.843309440632476259e-13 0.000000000000000000e+00
 9.630414277454410477e-14 0.000000000000000000e+00 0.000000000000000000e+00
 1.832992426868988375e-15 0.000000000000000000e+00 0.000000000000000000e+00
 -4.252943957834369459e-14 0.000000000000000000e+00 0.000000000000000000e+00
 -9.837880428917658571e-14 -1.843292093397716491e-13 0.000000000000000000e+00
 -5.579851901707510997e-14 -1.844067569001586748e-13 0.000000000000000000e+00
 -1.484630154273761105e-13 -2.371906212834517386e-14 0.000000000000000000e+00
 1.124102032160415043e-13 -1.842865053267028763e-13 0.000000000000000000e+00
 3.492028511514234934e-14 -1.190457119410988709e-14 0.000000000000000000e+00
 2.390800637975740162e-14 1.867040051208024298e-13 0.000000000000000000e+00
 -8.210895478073451659e-14 -4.737841521017249757e-15 0.000000000000000000e+00
 -5.523063085978614783e-14 -1.802664463014524987e-13 0.000000000000000000e+00
 -1.313906936809688952e-13 -1.661111569475903771e-14 0.000000000000000000e+00
 -6.142758150013902241e-14 -1.816168878699189748e-13 0.000000000000000000e+00
 -1.585879729404035543e-13 1.848523639930502172e-13 0.000000000000000000e+00
 -1.097870844799300749e-13 0.000000000000000000e+00 0.000000000000000000e+00
 -5.139021058198946224e-14 3.807632310034829437e-14 0.000000000000000000e+00
 -7.278117724381777398e-14 -1.847286294201153090e-13 0.000000000000000000e+00
 -1.354566009055882536e-13 -1.866966596510838405e-13 0.000000000000000000e+00
 -2.247781225473560740e-13 6.433947748489196594e-14 0.000000000000000000e+00
 -3.310071401002590008e-13 0.000000000000000000e+00 0.000000000000000000e+00
 -1.498857597282202136e-13 0.000000000000000000e+00 0.000000000000000000e+00
 -3.287838209152516011e-13 0.000000000000000000e+00 0.000000000000000000e+00
 -1.949358236679257783e-13 0.000000000000000000e+00 0.000000000000000000e+00
 -2.310455971508973416e-13 1.069959279596105484e-13 0.000000000000000000e+00
 -2.433087097682834488e-13 -1.640296920643255496e-13 0.000000000000000000e+00
 -1.327713844900477169e-13 -3.565463218722572658e-14 0.000000000000000000e+00
 -1.563676217588433337e-13 1.867097649448437591e-13 0.000000000000000000e+00
 -1.755098616353784058e-13 0.000000000000000000e+00 0.000000000000000000e+00
 -1.097098282988769047e-13 1.867007254092306612e-13 0.000000000000000000e+00
 -7.525641757986575864e-14 -3.329952145188913581e-14 0.000000000000000000e+00
 1.063018894914211088e-13 -1.822759201604642887e-13 0.000000000000000000e+00
 1.644903424623603283e-14 1.846563266877376819e-13 0.000000000000000000e+00
 1.178545921878132452e-13 0.000000000000000000e+00 0.000000000000000000e+00
 7.927398294011941959e-15 0.000000000000000000e+00 0.000000000000000000e+00
 -5.949618375007334481e-14 0.000000000000000000e+00 0.000000000000000000e+00
 -3.986019142792479597e-14 -1.867035036772976553e-13 0.000000000000000000e+00
 8.298948279885504098e-14 -1.837336028763167373e-13 0.000000000000000000e+00
 9.036639438044641315e-14 -1.867056449765883142e-13 0.000000000000000000e+00
 8.029574184373333701e-14 -1.845107047834457226e-13 0.000000000000000000e+00
 -4.776437085478660305e-14 9.509863362555052296e-15 0.000000000000000000e+00
 1.126887076490987183e-13 0.000000000000000000e+00 0.000000000000000000e+00
 6.841338070053340492e-14 1.794986007703711084e-13 0.000000000000000000e+00
 8.650853877646344503e-14 -1.815552238713588618e-13 0.000000000000000000e+00
 -2.374454799447534015e-13 -7.365472571045292294e-14 0.000000000000000000e+00
 -1.873173518423046358e-13 -1.827687307054404187e-13 0.000000000000000000e+00
 -1.887631760968955241e-13 -1.424906098332085619e-14 0.000000000000000000e+00
 -1.933435101473049422e-13 1.843248860836088632e-13 0.000000000000000000e+00
 -1.633118553584500532e-13 -3.559413031786924642e-14 0.000000000000000000e+00
 -6.502337188650508804e-14 -1.802520806226670658e-13 0.000000000000000000e+00
 -1.793063175150808042e-13 0.000000000000000000e+00 0.000000000000000000e+00
 -1.476442394992422136e-13 -1.812296244064343087e-13 0.000000000000000000e+00
 -1.211230822670966711e-13 1.092105328696565958e-13 0.000000000000000000e+00
 -1.099748954012588764e-13 0.000000000000000000e+00 0.000000000000000000e+00
 -2.492558568399638741e-13 1.843226905742095800e-13 0.000000000000000000e+00
 -5.906243918420150951e-13 0.000000000000000000e+00 0.000000000000000000e+00
 -5.440754183988483206e-14 1.826950998254014968e-13 0.000000000000000000e+00
 -2.370957976390725142e-13 -1.831420215134271778e-13 0.000000000000000000e+00
 -1.847489717633765682e-13 -4.268502936635894252e-14 0.000000000000000000e+00
 -1.463230849419600021e-13 -1.801844941697397506e-13 0.000000000000000000e+00
 -1.944637620420255897e-13 -4.742625139586868419e-15 0.000000000000000000e+00
 -1.560699133948059703e-13 -1.846081474536978573e-13 0.000000000000000000e+00
 1.507038444774691510e-13 1.842731425349269925e-13 0.000000000000000000e+00
 9.856099938206509120e-15 -1.847517093738620941e-13 0.000000000000000000e+00
 5.140696828181794131e-14 -1.897655176172265840e-14 0.000000000000000000e+00
 -1.724096668383190423e-13 0.000000000000000000e+00 0.000000000000000000e+00
 -5.444324936080928434e-14 0.000000000000000000e+00 0.000000000000000000e+00
 -1.778860397741791055e-13 0.000000000000000000e+00 0.000000000000000000e+00
 -1.745719183359611959e-13 9.948692667209255158e-14 0.000000000000000000e+00
 -1.588006527490637421e-13 -1.830415837346735519e-13 0.000000000000000000e+00
 -1.121384547177715907e-13 -1.843266208070848400e-13 0.000000000000000000e+00
 -1.763509856807926601e-13 6.634163297923947877e-14 0.000000000000000000e+00
 -1.128677975192025895e-13 0.000000000000000000e+00 0.000000000000000000e+00
 -1.006278529469897820e-13 0.000000000000000000e+00 0.000000000000000000e+00
 -1.262356105063977552e-13 0.000000000000000000e+00 0.000000000000000000e+00
 -1.509341290189050722e-13 0.000000000000000000e+00 0.000000000000000000e+00
 7.891771410624068284e-14 1.826448063971253255e-13 0.000000000000000000e+00
 -2.140949296645065780e-14 -1.849703251894166400e-13 0.000000000000000000e+00
 -1.561061528524212982e-13 0.000000000000000000e+00 0.000000000000000000e+00
 8.282695411693588583e-14 1.843270680404809903e-13 0.000000000000000000e+00
 -2.480737783163572407e-13 0.000000000000000000e+00 0.000000000000000000e+00
 -1.185312427636614485e-13 1.843282200052892561e-13 0.000000000000000000e+00
 -1.410499728083866589e-13 -9.291554342334001904e-14 0.000000000000000000e+00
 -7.027831685742572110e-14 -1.844260556988289168e-13 0.000000000000000000e+00
 1.166904436576340909e-13 1.823104384471307959e-13 0.000000000000000000e+00
 1.111727829477930640e-13 0.000000000000000000e+00 0.000000000000000000e+00
 1.684899100665507299e-13 0.000000000000000000e+00 0.000000000000000000e+00
 2.007051344782642688e-13 0.000000000000000000e+00 0.000000000000000000e+00
 1.665612905845520464e-13 0.000000000000000000e+00 0.000000000000000000e+00
 1.535761399778720615e-13 1.781931535920627807e-13 0.000000000000000000e+00
 2.452720914824374487e-13 -1.866131218736938324e-13 0.000000000000000000e+00
 2.260270827924779069e-13 -1.818861223744014377e-13 0.000000000000000000e+00
 2.250874589796933445e-13 5.478237424783559406e-14 0.000000000000000000e+00
 2.665234027400542605e-13 0.000000000000000000e+00 0.000000000000000000e+00
 5.557182860584097828e-13 0.000000000000000000e+00 0.000000000000000000e+00
 1.189306357389507962e-13 0.000000000000000000e+00 0.000000000000000000e+00
 -6.409682626242613201e-14 -1.806286917998070618e-13 0.000000000000000000e+00
 9.907057948533096181e-14 -1.806253849831809810e-13 0.000000000000000000e+00
 1.047044666680624347e-13 -6.663820293099573244e-14 0.000000000000000000e+00
 8.298415665568270594e-14 1.866927158656814245e-13 0.000000000000000000e+00
 7.515976095618867592e-14 -1.808400434608059548e-13 0.000000000000000000e+00
 2.827163255632596413e-15 -1.841543546344040494e-13 0.000000000000000000e+00
 3.038342418371781095e-14 -9.990277241534936681e-14 0.000000000000000000e+00
 1.221164554025822024e-13 -1.842990685193765521e-13 0.000000000000000000e+00
 1.287341950704720683e-13 0.000000000000000000e+00 0.000000000000000000e+00
 1.172528193245023220e-13 8.560815630605927984e-14 0.000000000000000000e+00
 1.139825945217429193e-13 -1.863164163966660181e-13 0.000000000000000000e+00
 1.002325257298472549e-13 -1.840513554280179265e-13 0.000000000000000000e+00
 1.715374261905544540e-13 1.829720050602542947e-13 0.000000000000000000e+00
 -6.530109027298725000e-14 -1.841932232822876547e-13 0.000000000000000000e+00
 1.229278858609975100e-13 1.867112828278852388e-13 0.000000000000000000e+00
 2.348820465382372991e-13 0.000000000000000000e+00 0.000000000000000000e+00
 1.569339954212226051e-13 -7.373742323115925479e-14 0.000000000000000000e+00
 3.552170222461542570e-13 6.897503808346236442e-14 0.000000000000000000e+00
 2.988977338205800471e-13 -1.826204796108801820e-13 0.000000000000000000e+00
 1.371598842126288756e-14 -1.816750688689999782e-13 0.000000000000000000e+00
 4.552774715387009064e-13 -1.141807053637103331e-13 0.000000000000000000e+00
 8.739035428466379596e-14 -1.191628057757273054e-14 0.000000000000000000e+00
 8.575781008718016962e-14 -1.841576478985029741e-13 0.000000000000000000e+00
 1.266566604200825008e-13 -1.844138855294427670e-13 0.000000000000000000e+00
 7.079985875997271694e-14 3.571662483456937431e-14 0.000000000000000000e+00
 -3.779943141802265261e-14 -2.381045528928801835e-14 0.000000000000000000e+00
 -3.483862775089524577e-14 -1.846648918849003174e-13 0.000000000000000000e+00
 -2.330158635488466246e-13 0.000000000000000000e+00 0.000000000000000000e+00
 -6.347437901893862588e-14 0.000000000000000000e+00 0.000000000000000000e+00
 -1.095138248748822596e-13 1.804786653241893801e-13 0.000000000000000000e+00
 1.873023491947428676e-13 0.000000000000000000e+00 0.000000000000000000e+00
 1.299311813739503774e-13 -1.815252185762353254e-13 0.000000000000000000e+00
 1.792139265493260941e-14 0.000000000000000000e+00 0.000000000000000000e+00
 4.712797467272371310e-14 0.000000000000000000e+00 0.000000000000000000e+00
 9.915451706227207396e-14 -1.827142902038544903e-13 0.000000000000000000e+00
 3.875353610607347454e-14 -1.822707702001449825e-13 0.000000000000000000e+00
 -2.485259888781055776e-14 -1.804051564168948629e-13 0.000000000000000000e+00
 -8.957202655372059619e-14 -3.322762529532619080e-14 0.000000000000000000e+00
 -4.694836303032433322e-14 -1.822428248891491687e-13 0.000000000000000000e+00
 -3.799907369555870218e-14 -1.834015930660473637e-13 0.000000000000000000e+00
 -5.739142207262723505e-14 0.000000000000000000e+00 0.000000000000000000e+00
 -1.380716965456232903e-13 0.000000000000000000e+00 0.000000000000000000e+00
 -2.043665190960657074e-15 0.000000000000000000e+00 0.000000000000000000e+00
 -4.056451626422569179e-14 0.000000000000000000e+00 0.000000000000000000e+00
 -1.144571769176941367e-13 0.000000000000000000e+00 0.000000000000000000e+00
 -1.308369645264262360e-13 0.000000000000000000e+00 0.000000000000000000e+00
 -3.089101782531578078e-13 0.000000000000000000e+00 0.000000000000000000e+00
 -2.855698533546502382e-13 0.000000000000000000e+00 0.000000000000000000e+00
 -3.406429326981152972e-13 0.000000000000000000e+00 0.000000000000000000e+00
 2.795440474153559895e-13 0.000000000000000000e+00 0.000000000000000000e+00
 5.579336471994711388e-12 0.000000000000000000e+00 0.000000000000000000e+00
 1.283542300223317056e-10 0.000000000000000000e+00 0.000000000000000000e+00
 8.678953111740383974e-10 0.000000000000000000e+00 0.000000000000000000e+00
 2.973750357071480721e-09 0.000000000000000000e+00 0.000000000000000000e+00
 7.728088391445453453e-09 0.000000000000000000e+00 0.000000000000000000e+00
 1.775154068184292555e-08 0.000000000000000000e+00 0.000000000000000000e+00
 3.865751097009706427e-08 0.000000000000000000e+00 0.000000000000000000e+00
 8.220921898782762582e-08 0.000000000000000000e+00 0.000000000000000000e+00
 1.725795613083391800e-07 0.000000000000000000e+00 0.000000000000000000e+00
 3.588597508041857509e-07 0.000000000000000000e+00 0.000000000000000000e+00
 7.397557624244655017e-07 0.000000000000000000e+00 0.000000000000000000e+00
 1.511554273747606203e-06 0.000000000000000000e+00 0.000000000000000000e+00
 3.058365564356790856e-06 0.000000000000000000e+00 0.000000000000000000e+00
 6.108622528699925169e-06 0.000000000000000000e+00 0.000000000000000000e+00
 1.196492030430817977e-05 0.000000000000000000e+00 0.000000000000000000e+00
 2.282711102452594787e-05 0.000000000000000000e+00 0.000000000000000000e+00
 4.242718932800926268e-05 0.000000000000000000e+00 0.000000000000000000e+00
 7.727716729277744889e-05 0.000000000000000000e+00 0.000000000000000000e+00
 1.387335796607658267e-04 0.000000000000000000e+00 0.000000000000000000e+00
 2.463611308485269547e-04 0.000000000000000000e+00 0.000000000000000000e+00
 4.334725963417440653e-04 -4.814263026374336612e-19 0.000000000000000000e+00
 7.561899255961179733e-04 1.704085819936168589e-13 0.000000000000000000e+00
 1.308086910285055637e-03 -1.847483347946002330e-13 0.000000000000000000e+00
 2.243540948256850243e-03 -1.881191735589662906e-13 0.000000000000000000e+00
 3.814464434981346130e-03 -1.846858440918835997e-13 0.000000000000000000e+00
 6.427238695323467255e-03 1.485933771860903363e-13 0.000000000000000000e+00
 1.072957832366228104e-02 -1.799576790752557831e-13 0.000000000000000000e+00
 1.774081028997898102e-02 -2.119260713098758409e-13 0.000000000000000000e+00
 2.904361486434936523e-02 1.404218673848114940e-13 0.000000000000000000e+00
 4.706039279699325562e-02 8.556320934974617765e-14 0.000000000000000000e+00
 7.544227689504623413e-02 2.094839872315151785e-13 0.000000000000000000e+00
 1.196020990610122681e-01 -2.261828419870826057e-13 0.000000000000000000e+00
 1.874216496944427490e-01 5.722639972571136324e-14 0.000000000000000000e+00
 2.901549935340881348e-01 -2.166925222157195519e-13 0.000000000000000000e+00
 4.435276389122009277e-01 -1.000794363830923017e-13 0.000000000000000000e+00
 6.689918041229248047e-01 -7.836365969104627793e-14 0.000000000000000000e+00
 9.950332641601562500e-01 8.557336019258607318e-14 0.000000000000000000e+00
 1.458338141441345215e+00 7.131970659662520418e-14 0.000000000000000000e+00
 2.104521274566650391e+00 1.238786498511043610e-13 0.000000000000000000e+00
 2.988019227981567383e+00 -3.393480632672522812e-14 0.000000000000000000e+00
 4.170697689056396484e+00 1.073520612682177244e-13 0.000000000000000000e+00
 5.718771457672119141e+00 -1.049702317255929440e-13 0.000000000000000000e+00
 7.697865962982177734e+00 8.113960349963311725e-14 0.000000000000000000e+00
 1.016646575927734375e+01 5.245344021870095019e-14 0.000000000000000000e+00
 1.316861152648925781e+01 -7.782716596291434918e-15 0.000000000000000000e+00
 1.672730255126953125e+01 5.031845301756501798e-14 0.000000000000000000e+00
 2.084042358398437500e+01 4.565128114940308901e-14 0.000000000000000000e+00
 2.548066329956054688e+01 4.365330660968322340e-14 0.000000000000000000e+00
 3.059982681274414062e+01 -2.084604461705802381e-13 0.000000000000000000e+00
 3.613641357421875000e+01 2.262889853797689366e-13 0.000000000000000000e+00
 4.202420043945312500e+01 -3.319862017670677234e-13 0.000000000000000000e+00
 4.819955444335937500e+01 8.095250408598000935e-14 0.000000000000000000e+00
 5.460618209838867188e+01 -3.768090711415289507e-13 0.000000000000000000e+00
 6.119718170166015625e+01 4.716468101489956766e-13 0.000000000000000000e+00
 6.793505096435546875e+01 -3.639255238309380136e-13 0.000000000000000000e+00
 7.479056549072265625e+01 3.812904310861175983e-13 0.000000000000000000e+00
 8.174124145507812500e+01 -2.876460463048513549e-13 0.000000000000000000e+00
 8.876981353759765625e+01 3.887048831679312810e-13 0.000000000000000000e+00
 9.586296844482421875e+01 -3.253173284142180099e-13 0.000000000000000000e+00
 1.030103225708007812e+02 2.555544209408011636e-13 0.000000000000000000e+00
 1.102036895751953125e+02 -3.650726639395363016e-13 0.000000000000000000e+00
 1.174365158081054688e+02 2.356391178102296147e-13 0.000000000000000000e+00
 1.247034988403320312e+02 -3.250451394588155241e-13 0.000000000000000000e+00
 1.320002746582031250e+02 1.076683027131410120e-13 0.000000000000000000e+00
 1.393232421875000000e+02 -1.089298261509365207e-13 0.000000000000000000e+00
 1.466693878173828125e+02 1.276060691574737449e-13 0.000000000000000000e+00
 1.540361480712890625e+02 -3.107259729465822184e-14 0.000000000000000000e+00
 1.614213409423828125e+02 -3.409899180508921268e-14 0.000000000000000000e+00
 1.688231048583984375e+02 -1.675122985201477066e-13 0.000000000000000000e+00
 1.762398376464843750e+02 -1.693940127056592360e-13 0.000000000000000000e+00
 1.836701354980468750e+02 -3.473790807957677362e-13 0.000000000000000000e+00
 1.911127929687500000e+02 4.039913477534018416e-14 0.000000000000000000e+00
 1.985667114257812500e+02 -6.878473349713684626e-14 0.000000000000000000e+00
 2.060309600830078125e+02 -1.757970667908698159e-13 0.000000000000000000e+00
 2.135046997070312500e+02 -1.763060183956888238e-13 0.000000000000000000e+00
 2.209871978759765625e+02 -1.458980234802370601e-13 0.000000000000000000e+00
 2.284777679443359375e+02 -1.041481083232514981e-13 0.000000000000000000e+00
 2.359758300781250000e+02 3.524518662491836485e-14 0.000000000000000000e+00
 2.434808502197265625e+02 9.957475382432745548e-14 0.000000000000000000e+00
 2.509923553466796875e+02 1.442923471678403402e-13 0.000000000000000000e+00
 2.585098876953125000e+02 -1.603320883176995171e-14 0.000000000000000000e+00
 2.660330505371093750e+02 2.261084657180501001e-13 0.000000000000000000e+00
 2.735614929199218750e+02 1.397942634047411037e-13 0.000000000000000000e+00
 2.810949096679687500e+02 1.202001551677683855e-13 0.000000000000000000e+00
 2.886329650878906250e+02 1.129936615329668950e-14 0.000000000000000000e+00
 2.961753845214843750e+02 -1.224618957672632402e-13 0.000000000000000000e+00
 3.037219543457031250e+02 -1.544181991476600846e-13 0.000000000000000000e+00
 3.112723999023437500e+02 -1.527242958834773567e-13 0.000000000000000000e+00
 3.188265380859375000e+02 -1.401549639149998749e-13 0.000000000000000000e+00
 3.263841552734375000e+02 6.545170120133853714e-15 0.000000000000000000e+00
 3.339450683593750000e+02 -2.080108681872319676e-13 0.000000000000000000e+00
 3.415091247558593750e+02 1.758004549226588331e-13 0.000000000000000000e+00
 3.490761413574218750e+02 1.145541994596044333e-13 0.000000000000000000e+00
 3.566459960937500000e+02 3.237867059972115991e-13 0.000000000000000000e+00
 3.642185363769531250e+02 -7.016741652770761006e-14 0.000000000000000000e+00
 3.717936706542968750e+02 3.761910826794757912e-14 0.000000000000000000e+00
 </DataArray>
</CellData>
</Piece>
</UnstructuredGrid>
</VTKFile>
