<VTKFile type="UnstructuredGrid" byte_order="BigEndian">
<UnstructuredGrid><Piece NumberOfPoints="753" NumberOfCells="500">
<Points>
 <DataArray type="Float32" NumberOfComponents="3" format="ascii">
 7.500000000000000000e-01 0.000000000000000000e+00 0.000000000000000000e+00
 7.555000185966491699e-01 0.000000000000000000e+00 0.000000000000000000e+00
 7.609999775886535645e-01 0.000000000000000000e+00 0.000000000000000000e+00
 7.664999961853027344e-01 0.000000000000000000e+00 0.000000000000000000e+00
 7.720000147819519043e-01 0.000000000000000000e+00 0.000000000000000000e+00
 7.774999737739562988e-01 0.000000000000000000e+00 0.000000000000000000e+00
 7.829999923706054688e-01 0.000000000000000000e+00 0.000000000000000000e+00
 7.885000109672546387e-01 0.000000000000000000e+00 0.000000000000000000e+00
 7.940000295639038086e-01 0.000000000000000000e+00 0.000000000000000000e+00
 7.994999885559082031e-01 0.000000000000000000e+00 0.000000000000000000e+00
 8.050000071525573730e-01 0.000000000000000000e+00 0.000000000000000000e+00
 8.105000257492065430e-01 0.000000000000000000e+00 0.000000000000000000e+00
 8.159999847412109375e-01 0.000000000000000000e+00 0.000000000000000000e+00
 8.215000033378601074e-01 0.000000000000000000e+00 0.000000000000000000e+00
 8.270000219345092773e-01 0.000000000000000000e+00 0.000000000000000000e+00
 8.324999809265136719e-01 0.000000000000000000e+00 0.000000000000000000e+00
 8.379999995231628418e-01 0.000000000000000000e+00 0.000000000000000000e+00
 8.435000181198120117e-01 0.000000000000000000e+00 0.000000000000000000e+00
 8.489999771118164062e-01 0.000000000000000000e+00 0.000000000000000000e+00
 8.544999957084655762e-01 0.000000000000000000e+00 0.000000000000000000e+00
 8.600000143051147461e-01 0.000000000000000000e+00 0.000000000000000000e+00
 8.654999732971191406e-01 0.000000000000000000e+00 0.000000000000000000e+00
 8.709999918937683105e-01 0.000000000000000000e+00 0.000000000000000000e+00
 8.765000104904174805e-01 0.000000000000000000e+00 0.000000000000000000e+00
 8.820000290870666504e-01 0.000000000000000000e+00 0.000000000000000000e+00
 8.874999880790710449e-01 0.000000000000000000e+00 0.000000000000000000e+00
 8.930000066757202148e-01 0.000000000000000000e+00 0.000000000000000000e+00
 8.985000252723693848e-01 0.000000000000000000e+00 0.000000000000000000e+00
 9.039999842643737793e-01 0.000000000000000000e+00 0.000000000000000000e+00
 9.095000028610229492e-01 0.000000000000000000e+00 0.000000000000000000e+00
 9.150000214576721191e-01 0.000000000000000000e+00 0.000000000000000000e+00
 9.204999804496765137e-01 0.000000000000000000e+00 0.000000000000000000e+00
 9.259999990463256836e-01 0.000000000000000000e+00 0.000000000000000000e+00
 9.315000176429748535e-01 0.000000000000000000e+00 0.000000000000000000e+00
 9.369999766349792480e-01 0.000000000000000000e+00 0.000000000000000000e+00
 9.424999952316284180e-01 0.000000000000000000e+00 0.000000000000000000e+00
 9.480000138282775879e-01 0.000000000000000000e+00 0.000000000000000000e+00
 9.534999728202819824e-01 0.000000000000000000e+00 0.000000000000000000e+00
 9.589999914169311523e-01 0.000000000000000000e+00 0.000000000000000000e+00
 9.645000100135803223e-01 0.000000000000000000e+00 0.000000000000000000e+00
 9.700000286102294922e-01 0.000000000000000000e+00 0.000000000000000000e+00
 9.754999876022338867e-01 0.000000000000000000e+00 0.000000000000000000e+00
 9.810000061988830566e-01 0.000000000000000000e+00 0.000000000000000000e+00
 9.865000247955322266e-01 0.000000000000000000e+00 0.000000000000000000e+00
 9.919999837875366211e-01 0.000000000000000000e+00 0.000000000000000000e+00
 9.975000023841857910e-01 0.000000000000000000e+00 0.000000000000000000e+00
 1.003000020980834961e+00 0.000000000000000000e+00 0.000000000000000000e+00
 1.008499979972839355e+00 0.000000000000000000e+00 0.000000000000000000e+00
 1.014000058174133301e+00 0.000000000000000000e+00 0.000000000000000000e+00
 1.019500017166137695e+00 0.000000000000000000e+00 0.000000000000000000e+00
 1.024999976158142090e+00 0.000000000000000000e+00 0.000000000000000000e+00
 1.030500054359436035e+00 0.000000000000000000e+00 0.000000000000000000e+00
 1.036000013351440430e+00 0.000000000000000000e+00 0.000000000000000000e+00
 1.041499972343444824e+00 0.000000000000000000e+00 0.000000000000000000e+00
 1.047000050544738770e+00 0.000000000000000000e+00 0.000000000000000000e+00
 1.052500009536743164e+00 0.000000000000000000e+00 0.000000000000000000e+00
 1.057999968528747559e+00 0.000000000000000000e+00 0.000000000000000000e+00
 1.063500046730041504e+00 0.000000000000000000e+00 0.000000000000000000e+00
 1.069000005722045898e+00 0.000000000000000000e+00 0.000000000000000000e+00
 1.074499964714050293e+00 0.000000000000000000e+00 0.000000000000000000e+00
 1.080000042915344238e+00 0.000000000000000000e+00 0.000000000000000000e+00
 1.085500001907348633e+00 0.000000000000000000e+00 0.000000000000000000e+00
 1.090999960899353027e+00 0.000000000000000000e+00 0.000000000000000000e+00
 1.096500039100646973e+00 0.000000000000000000e+00 0.000000000000000000e+00
 1.101999998092651367e+00 0.000000000000000000e+00 0.000000000000000000e+00
 1.107499957084655762e+00 0.000000000000000000e+00 0.000000000000000000e+00
 1.113000035285949707e+00 0.000000000000000000e+00 0.000000000000000000e+00
 1.118499994277954102e+00 0.000000000000000000e+00 0.000000000000000000e+00
 1.123999953269958496e+00 0.000000000000000000e+00 0.000000000000000000e+00
 1.129500031471252441e+00 0.000000000000000000e+00 0.000000000000000000e+00
 1.134999990463256836e+00 0.000000000000000000e+00 0.000000000000000000e+00
 1.140499949455261230e+00 0.000000000000000000e+00 0.000000000000000000e+00
 1.146000027656555176e+00 0.000000000000000000e+00 0.000000000000000000e+00
 1.151499986648559570e+00 0.000000000000000000e+00 0.000000000000000000e+00
 1.156999945640563965e+00 0.000000000000000000e+00 0.000000000000000000e+00
 1.162500023841857910e+00 0.000000000000000000e+00 0.000000000000000000e+00
 1.167999982833862305e+00 0.000000000000000000e+00 0.000000000000000000e+00
 1.173499941825866699e+00 0.000000000000000000e+00 0.000000000000000000e+00
 1.179000020027160645e+00 0.000000000000000000e+00 0.000000000000000000e+00
 1.184499979019165039e+00 0.000000000000000000e+00 0.000000000000000000e+00
 1.190000057220458984e+00 0.000000000000000000e+00 0.000000000000000000e+00
 1.195500016212463379e+00 0.000000000000000000e+00 0.000000000000000000e+00
 1.200999975204467773e+00 0.000000000000000000e+00 0.000000000000000000e+00
 1.206500053405761719e+00 0.000000000000000000e+00 0.000000000000000000e+00
 1.212000012397766113e+00 0.000000000000000000e+00 0.000000000000000000e+00
 1.217499971389770508e+00 0.000000000000000000e+00 0.000000000000000000e+00
 1.223000049591064453e+00 0.000000000000000000e+00 0.000000000000000000e+00
 1.228500008583068848e+00 0.000000000000000000e+00 0.000000000000000000e+00
 1.233999967575073242e+00 0.000000000000000000e+00 0.000000000000000000e+00
 1.239500045776367188e+00 0.000000000000000000e+00 0.000000000000000000e+00
 1.245000004768371582e+00 0.000000000000000000e+00 0.000000000000000000e+00
 1.250499963760375977e+00 0.000000000000000000e+00 0.000000000000000000e+00
 1.256000041961669922e+00 0.000000000000000000e+00 0.000000000000000000e+00
 1.261500000953674316e+00 0.000000000000000000e+00 0.000000000000000000e+00
 1.266999959945678711e+00 0.000000000000000000e+00 0.000000000000000000e+00
 1.272500038146972656e+00 0.000000000000000000e+00 0.000000000000000000e+00
 1.277999997138977051e+00 0.000000000000000000e+00 0.000000000000000000e+00
 1.283499956130981445e+00 0.000000000000000000e+00 0.000000000000000000e+00
 1.289000034332275391e+00 0.000000000000000000e+00 0.000000000000000000e+00
 1.294499993324279785e+00 0.000000000000000000e+00 0.000000000000000000e+00
 1.299999952316284180e+00 0.000000000000000000e+00 0.000000000000000000e+00
 1.305500030517578125e+00 0.000000000000000000e+00 0.000000000000000000e+00
 1.310999989509582520e+00 0.000000000000000000e+00 0.000000000000000000e+00
 1.316499948501586914e+00 0.000000000000000000e+00 0.000000000000000000e+00
 1.322000026702880859e+00 0.000000000000000000e+00 0.000000000000000000e+00
 1.327499985694885254e+00 0.000000000000000000e+00 0.000000000000000000e+00
 1.332999944686889648e+00 0.000000000000000000e+00 0.000000000000000000e+00
 1.338500022888183594e+00 0.000000000000000000e+00 0.000000000000000000e+00
 1.343999981880187988e+00 0.000000000000000000e+00 0.000000000000000000e+00
 1.349499940872192383e+00 0.000000000000000000e+00 0.000000000000000000e+00
 1.355000019073486328e+00 0.000000000000000000e+00 0.000000000000000000e+00
 1.360499978065490723e+00 0.000000000000000000e+00 0.000000000000000000e+00
 1.366000056266784668e+00 0.000000000000000000e+00 0.000000000000000000e+00
 1.371500015258789062e+00 0.000000000000000000e+00 0.000000000000000000e+00
 1.376999974250793457e+00 0.000000000000000000e+00 0.000000000000000000e+00
 1.382500052452087402e+00 0.000000000000000000e+00 0.000000000000000000e+00
 1.388000011444091797e+00 0.000000000000000000e+00 0.000000000000000000e+00
 1.393499970436096191e+00 0.000000000000000000e+00 0.000000000000000000e+00
 1.399000048637390137e+00 0.000000000000000000e+00 0.000000000000000000e+00
 1.404500007629394531e+00 0.000000000000000000e+00 0.000000000000000000e+00
 1.409999966621398926e+00 0.000000000000000000e+00 0.000000000000000000e+00
 1.415500044822692871e+00 0.000000000000000000e+00 0.000000000000000000e+00
 1.421000003814697266e+00 0.000000000000000000e+00 0.000000000000000000e+00
 1.426499962806701660e+00 0.000000000000000000e+00 0.000000000000000000e+00
 1.432000041007995605e+00 0.000000000000000000e+00 0.000000000000000000e+00
 1.437500000000000000e+00 0.000000000000000000e+00 0.000000000000000000e+00
 1.442999958992004395e+00 0.000000000000000000e+00 0.000000000000000000e+00
 1.448500037193298340e+00 0.000000000000000000e+00 0.000000000000000000e+00
 1.453999996185302734e+00 0.000000000000000000e+00 0.000000000000000000e+00
 1.459499955177307129e+00 0.000000000000000000e+00 0.000000000000000000e+00
 1.465000033378601074e+00 0.000000000000000000e+00 0.000000000000000000e+00
 1.470499992370605469e+00 0.000000000000000000e+00 0.000000000000000000e+00
 1.475999951362609863e+00 0.000000000000000000e+00 0.000000000000000000e+00
 1.481500029563903809e+00 0.000000000000000000e+00 0.000000000000000000e+00
 1.486999988555908203e+00 0.000000000000000000e+00 0.000000000000000000e+00
 1.492499947547912598e+00 0.000000000000000000e+00 0.000000000000000000e+00
 1.498000025749206543e+00 0.000000000000000000e+00 0.000000000000000000e+00
 1.503499984741210938e+00 0.000000000000000000e+00 0.000000000000000000e+00
 1.508999943733215332e+00 0.000000000000000000e+00 0.000000000000000000e+00
 1.514500021934509277e+00 0.000000000000000000e+00 0.000000000000000000e+00
 1.519999980926513672e+00 0.000000000000000000e+00 0.000000000000000000e+00
 1.525500059127807617e+00 0.000000000000000000e+00 0.000000000000000000e+00
 1.531000018119812012e+00 0.000000000000000000e+00 0.000000000000000000e+00
 1.536499977111816406e+00 0.000000000000000000e+00 0.000000000000000000e+00
 1.542000055313110352e+00 0.000000000000000000e+00 0.000000000000000000e+00
 1.547500014305114746e+00 0.000000000000000000e+00 0.000000000000000000e+00
 1.552999973297119141e+00 0.000000000000000000e+00 0.000000000000000000e+00
 1.558500051498413086e+00 0.000000000000000000e+00 0.000000000000000000e+00
 1.564000010490417480e+00 0.000000000000000000e+00 0.000000000000000000e+00
 1.569499969482421875e+00 0.000000000000000000e+00 0.000000000000000000e+00
 1.575000047683715820e+00 0.000000000000000000e+00 0.000000000000000000e+00
 1.580500006675720215e+00 0.000000000000000000e+00 0.000000000000000000e+00
 1.585999965667724609e+00 0.000000000000000000e+00 0.000000000000000000e+00
 1.591500043869018555e+00 0.000000000000000000e+00 0.000000000000000000e+00
 1.597000002861022949e+00 0.000000000000000000e+00 0.000000000000000000e+00
 1.602499961853027344e+00 0.000000000000000000e+00 0.000000000000000000e+00
 1.608000040054321289e+00 0.000000000000000000e+00 0.000000000000000000e+00
 1.613499999046325684e+00 0.000000000000000000e+00 0.000000000000000000e+00
 1.618999958038330078e+00 0.000000000000000000e+00 0.000000000000000000e+00
 1.624500036239624023e+00 0.000000000000000000e+00 0.000000000000000000e+00
 1.629999995231628418e+00 0.000000000000000000e+00 0.000000000000000000e+00
 1.635499954223632812e+00 0.000000000000000000e+00 0.000000000000000000e+00
 1.641000032424926758e+00 0.000000000000000000e+00 0.000000000000000000e+00
 1.646499991416931152e+00 0.000000000000000000e+00 0.000000000000000000e+00
 1.651999950408935547e+00 0.000000000000000000e+00 0.000000000000000000e+00
 1.657500028610229492e+00 0.000000000000000000e+00 0.000000000000000000e+00
 1.662999987602233887e+00 0.000000000000000000e+00 0.000000000000000000e+00
 1.668499946594238281e+00 0.000000000000000000e+00 0.000000000000000000e+00
 1.674000024795532227e+00 0.000000000000000000e+00 0.000000000000000000e+00
 1.679499983787536621e+00 0.000000000000000000e+00 0.000000000000000000e+00
 1.684999942779541016e+00 0.000000000000000000e+00 0.000000000000000000e+00
 1.690500020980834961e+00 0.000000000000000000e+00 0.000000000000000000e+00
 1.695999979972839355e+00 0.000000000000000000e+00 0.000000000000000000e+00
 1.701500058174133301e+00 0.000000000000000000e+00 0.000000000000000000e+00
 1.707000017166137695e+00 0.000000000000000000e+00 0.000000000000000000e+00
 1.712499976158142090e+00 0.000000000000000000e+00 0.000000000000000000e+00
 1.718000054359436035e+00 0.000000000000000000e+00 0.000000000000000000e+00
 1.723500013351440430e+00 0.000000000000000000e+00 0.000000000000000000e+00
 1.728999972343444824e+00 0.000000000000000000e+00 0.000000000000000000e+00
 1.734500050544738770e+00 0.000000000000000000e+00 0.000000000000000000e+00
 1.740000009536743164e+00 0.000000000000000000e+00 0.000000000000000000e+00
 1.745499968528747559e+00 0.000000000000000000e+00 0.000000000000000000e+00
 1.751000046730041504e+00 0.000000000000000000e+00 0.000000000000000000e+00
 1.756500005722045898e+00 0.000000000000000000e+00 0.000000000000000000e+00
 1.761999964714050293e+00 0.000000000000000000e+00 0.000000000000000000e+00
 1.767500042915344238e+00 0.000000000000000000e+00 0.000000000000000000e+00
 1.773000001907348633e+00 0.000000000000000000e+00 0.000000000000000000e+00
 1.778499960899353027e+00 0.000000000000000000e+00 0.000000000000000000e+00
 1.784000039100646973e+00 0.000000000000000000e+00 0.000000000000000000e+00
 1.789499998092651367e+00 0.000000000000000000e+00 0.000000000000000000e+00
 1.794999957084655762e+00 0.000000000000000000e+00 0.000000000000000000e+00
 1.800500035285949707e+00 0.000000000000000000e+00 0.000000000000000000e+00
 1.805999994277954102e+00 0.000000000000000000e+00 0.000000000000000000e+00
 1.811499953269958496e+00 0.000000000000000000e+00 0.000000000000000000e+00
 1.817000031471252441e+00 0.000000000000000000e+00 0.000000000000000000e+00
 1.822499990463256836e+00 0.000000000000000000e+00 0.000000000000000000e+00
 1.827999949455261230e+00 0.000000000000000000e+00 0.000000000000000000e+00
 1.833500027656555176e+00 0.000000000000000000e+00 0.000000000000000000e+00
 1.838999986648559570e+00 0.000000000000000000e+00 0.000000000000000000e+00
 1.844499945640563965e+00 0.000000000000000000e+00 0.000000000000000000e+00
 1.850000023841857910e+00 0.000000000000000000e+00 0.000000000000000000e+00
 1.855499982833862305e+00 0.000000000000000000e+00 0.000000000000000000e+00
 1.860999941825866699e+00 0.000000000000000000e+00 0.000000000000000000e+00
 1.866500020027160645e+00 0.000000000000000000e+00 0.000000000000000000e+00
 1.871999979019165039e+00 0.000000000000000000e+00 0.000000000000000000e+00
 1.877500057220458984e+00 0.000000000000000000e+00 0.000000000000000000e+00
 1.883000016212463379e+00 0.000000000000000000e+00 0.000000000000000000e+00
 1.888499975204467773e+00 0.000000000000000000e+00 0.000000000000000000e+00
 1.894000053405761719e+00 0.000000000000000000e+00 0.000000000000000000e+00
 1.899500012397766113e+00 0.000000000000000000e+00 0.000000000000000000e+00
 1.904999971389770508e+00 0.000000000000000000e+00 0.000000000000000000e+00
 1.910500049591064453e+00 0.000000000000000000e+00 0.000000000000000000e+00
 1.916000008583068848e+00 0.000000000000000000e+00 0.000000000000000000e+00
 1.921499967575073242e+00 0.000000000000000000e+00 0.000000000000000000e+00
 1.927000045776367188e+00 0.000000000000000000e+00 0.000000000000000000e+00
 1.932500004768371582e+00 0.000000000000000000e+00 0.000000000000000000e+00
 1.937999963760375977e+00 0.000000000000000000e+00 0.000000000000000000e+00
 1.943500041961669922e+00 0.000000000000000000e+00 0.000000000000000000e+00
 1.949000000953674316e+00 0.000000000000000000e+00 0.000000000000000000e+00
 1.954499959945678711e+00 0.000000000000000000e+00 0.000000000000000000e+00
 1.960000038146972656e+00 0.000000000000000000e+00 0.000000000000000000e+00
 1.965499997138977051e+00 0.000000000000000000e+00 0.000000000000000000e+00
 1.970999956130981445e+00 0.000000000000000000e+00 0.000000000000000000e+00
 1.976500034332275391e+00 0.000000000000000000e+00 0.000000000000000000e+00
 1.981999993324279785e+00 0.000000000000000000e+00 0.000000000000000000e+00
 1.987499952316284180e+00 0.000000000000000000e+00 0.000000000000000000e+00
 1.993000030517578125e+00 0.000000000000000000e+00 0.000000000000000000e+00
 1.998499989509582520e+00 0.000000000000000000e+00 0.000000000000000000e+00
 2.003999948501586914e+00 0.000000000000000000e+00 0.000000000000000000e+00
 2.009500026702880859e+00 0.000000000000000000e+00 0.000000000000000000e+00
 2.015000104904174805e+00 0.000000000000000000e+00 0.000000000000000000e+00
 2.020499944686889648e+00 0.000000000000000000e+00 0.000000000000000000e+00
 2.026000022888183594e+00 0.000000000000000000e+00 0.000000000000000000e+00
 2.031500101089477539e+00 0.000000000000000000e+00 0.000000000000000000e+00
 2.036999940872192383e+00 0.000000000000000000e+00 0.000000000000000000e+00
 2.042500019073486328e+00 0.000000000000000000e+00 0.000000000000000000e+00
 2.048000097274780273e+00 0.000000000000000000e+00 0.000000000000000000e+00
 2.053499937057495117e+00 0.000000000000000000e+00 0.000000000000000000e+00
 2.059000015258789062e+00 0.000000000000000000e+00 0.000000000000000000e+00
 2.064500093460083008e+00 0.000000000000000000e+00 0.000000000000000000e+00
 2.069999933242797852e+00 0.000000000000000000e+00 0.000000000000000000e+00
 2.075500011444091797e+00 0.000000000000000000e+00 0.000000000000000000e+00
 2.081000089645385742e+00 0.000000000000000000e+00 0.000000000000000000e+00
 2.086499929428100586e+00 0.000000000000000000e+00 0.000000000000000000e+00
 2.092000007629394531e+00 0.000000000000000000e+00 0.000000000000000000e+00
 2.097500085830688477e+00 0.000000000000000000e+00 0.000000000000000000e+00
 2.102999925613403320e+00 0.000000000000000000e+00 0.000000000000000000e+00
 2.108500003814697266e+00 0.000000000000000000e+00 0.000000000000000000e+00
 2.114000082015991211e+00 0.000000000000000000e+00 0.000000000000000000e+00
 2.119499921798706055e+00 0.000000000000000000e+00 0.000000000000000000e+00
 2.125000000000000000e+00 0.000000000000000000e+00 0.000000000000000000e+00
 7.500000000000000000e-01 5.000000074505805969e-02 0.000000000000000000e+00
 7.555000185966491699e-01 5.000000074505805969e-02 0.000000000000000000e+00
 7.609999775886535645e-01 5.000000074505805969e-02 0.000000000000000000e+00
 7.664999961853027344e-01 5.000000074505805969e-02 0.000000000000000000e+00
 7.720000147819519043e-01 5.000000074505805969e-02 0.000000000000000000e+00
 7.774999737739562988e-01 5.000000074505805969e-02 0.000000000000000000e+00
 7.829999923706054688e-01 5.000000074505805969e-02 0.000000000000000000e+00
 7.885000109672546387e-01 5.000000074505805969e-02 0.000000000000000000e+00
 7.940000295639038086e-01 5.000000074505805969e-02 0.000000000000000000e+00
 7.994999885559082031e-01 5.000000074505805969e-02 0.000000000000000000e+00
 8.050000071525573730e-01 5.000000074505805969e-02 0.000000000000000000e+00
 8.105000257492065430e-01 5.000000074505805969e-02 0.000000000000000000e+00
 8.159999847412109375e-01 5.000000074505805969e-02 0.000000000000000000e+00
 8.215000033378601074e-01 5.000000074505805969e-02 0.000000000000000000e+00
 8.270000219345092773e-01 5.000000074505805969e-02 0.000000000000000000e+00
 8.324999809265136719e-01 5.000000074505805969e-02 0.000000000000000000e+00
 8.379999995231628418e-01 5.000000074505805969e-02 0.000000000000000000e+00
 8.435000181198120117e-01 5.000000074505805969e-02 0.000000000000000000e+00
 8.489999771118164062e-01 5.000000074505805969e-02 0.000000000000000000e+00
 8.544999957084655762e-01 5.000000074505805969e-02 0.000000000000000000e+00
 8.600000143051147461e-01 5.000000074505805969e-02 0.000000000000000000e+00
 8.654999732971191406e-01 5.000000074505805969e-02 0.000000000000000000e+00
 8.709999918937683105e-01 5.000000074505805969e-02 0.000000000000000000e+00
 8.765000104904174805e-01 5.000000074505805969e-02 0.000000000000000000e+00
 8.820000290870666504e-01 5.000000074505805969e-02 0.000000000000000000e+00
 8.874999880790710449e-01 5.000000074505805969e-02 0.000000000000000000e+00
 8.930000066757202148e-01 5.000000074505805969e-02 0.000000000000000000e+00
 8.985000252723693848e-01 5.000000074505805969e-02 0.000000000000000000e+00
 9.039999842643737793e-01 5.000000074505805969e-02 0.000000000000000000e+00
 9.095000028610229492e-01 5.000000074505805969e-02 0.000000000000000000e+00
 9.150000214576721191e-01 5.000000074505805969e-02 0.000000000000000000e+00
 9.204999804496765137e-01 5.000000074505805969e-02 0.000000000000000000e+00
 9.259999990463256836e-01 5.000000074505805969e-02 0.000000000000000000e+00
 9.315000176429748535e-01 5.000000074505805969e-02 0.000000000000000000e+00
 9.369999766349792480e-01 5.000000074505805969e-02 0.000000000000000000e+00
 9.424999952316284180e-01 5.000000074505805969e-02 0.000000000000000000e+00
 9.480000138282775879e-01 5.000000074505805969e-02 0.000000000000000000e+00
 9.534999728202819824e-01 5.000000074505805969e-02 0.000000000000000000e+00
 9.589999914169311523e-01 5.000000074505805969e-02 0.000000000000000000e+00
 9.645000100135803223e-01 5.000000074505805969e-02 0.000000000000000000e+00
 9.700000286102294922e-01 5.000000074505805969e-02 0.000000000000000000e+00
 9.754999876022338867e-01 5.000000074505805969e-02 0.000000000000000000e+00
 9.810000061988830566e-01 5.000000074505805969e-02 0.000000000000000000e+00
 9.865000247955322266e-01 5.000000074505805969e-02 0.000000000000000000e+00
 9.919999837875366211e-01 5.000000074505805969e-02 0.000000000000000000e+00
 9.975000023841857910e-01 5.000000074505805969e-02 0.000000000000000000e+00
 1.003000020980834961e+00 5.000000074505805969e-02 0.000000000000000000e+00
 1.008499979972839355e+00 5.000000074505805969e-02 0.000000000000000000e+00
 1.014000058174133301e+00 5.000000074505805969e-02 0.000000000000000000e+00
 1.019500017166137695e+00 5.000000074505805969e-02 0.000000000000000000e+00
 1.024999976158142090e+00 5.000000074505805969e-02 0.000000000000000000e+00
 1.030500054359436035e+00 5.000000074505805969e-02 0.000000000000000000e+00
 1.036000013351440430e+00 5.000000074505805969e-02 0.000000000000000000e+00
 1.041499972343444824e+00 5.000000074505805969e-02 0.000000000000000000e+00
 1.047000050544738770e+00 5.000000074505805969e-02 0.000000000000000000e+00
 1.052500009536743164e+00 5.000000074505805969e-02 0.000000000000000000e+00
 1.057999968528747559e+00 5.000000074505805969e-02 0.000000000000000000e+00
 1.063500046730041504e+00 5.000000074505805969e-02 0.000000000000000000e+00
 1.069000005722045898e+00 5.000000074505805969e-02 0.000000000000000000e+00
 1.074499964714050293e+00 5.000000074505805969e-02 0.000000000000000000e+00
 1.080000042915344238e+00 5.000000074505805969e-02 0.000000000000000000e+00
 1.085500001907348633e+00 5.000000074505805969e-02 0.000000000000000000e+00
 1.090999960899353027e+00 5.000000074505805969e-02 0.000000000000000000e+00
 1.096500039100646973e+00 5.000000074505805969e-02 0.000000000000000000e+00
 1.101999998092651367e+00 5.000000074505805969e-02 0.000000000000000000e+00
 1.107499957084655762e+00 5.000000074505805969e-02 0.000000000000000000e+00
 1.113000035285949707e+00 5.000000074505805969e-02 0.000000000000000000e+00
 1.118499994277954102e+00 5.000000074505805969e-02 0.000000000000000000e+00
 1.123999953269958496e+00 5.000000074505805969e-02 0.000000000000000000e+00
 1.129500031471252441e+00 5.000000074505805969e-02 0.000000000000000000e+00
 1.134999990463256836e+00 5.000000074505805969e-02 0.000000000000000000e+00
 1.140499949455261230e+00 5.000000074505805969e-02 0.000000000000000000e+00
 1.146000027656555176e+00 5.000000074505805969e-02 0.000000000000000000e+00
 1.151499986648559570e+00 5.000000074505805969e-02 0.000000000000000000e+00
 1.156999945640563965e+00 5.000000074505805969e-02 0.000000000000000000e+00
 1.162500023841857910e+00 5.000000074505805969e-02 0.000000000000000000e+00
 1.167999982833862305e+00 5.000000074505805969e-02 0.000000000000000000e+00
 1.173499941825866699e+00 5.000000074505805969e-02 0.000000000000000000e+00
 1.179000020027160645e+00 5.000000074505805969e-02 0.000000000000000000e+00
 1.184499979019165039e+00 5.000000074505805969e-02 0.000000000000000000e+00
 1.190000057220458984e+00 5.000000074505805969e-02 0.000000000000000000e+00
 1.195500016212463379e+00 5.000000074505805969e-02 0.000000000000000000e+00
 1.200999975204467773e+00 5.000000074505805969e-02 0.000000000000000000e+00
 1.206500053405761719e+00 5.000000074505805969e-02 0.000000000000000000e+00
 1.212000012397766113e+00 5.000000074505805969e-02 0.000000000000000000e+00
 1.217499971389770508e+00 5.000000074505805969e-02 0.000000000000000000e+00
 1.223000049591064453e+00 5.000000074505805969e-02 0.000000000000000000e+00
 1.228500008583068848e+00 5.000000074505805969e-02 0.000000000000000000e+00
 1.233999967575073242e+00 5.000000074505805969e-02 0.000000000000000000e+00
 1.239500045776367188e+00 5.000000074505805969e-02 0.000000000000000000e+00
 1.245000004768371582e+00 5.000000074505805969e-02 0.000000000000000000e+00
 1.250499963760375977e+00 5.000000074505805969e-02 0.000000000000000000e+00
 1.256000041961669922e+00 5.000000074505805969e-02 0.000000000000000000e+00
 1.261500000953674316e+00 5.000000074505805969e-02 0.000000000000000000e+00
 1.266999959945678711e+00 5.000000074505805969e-02 0.000000000000000000e+00
 1.272500038146972656e+00 5.000000074505805969e-02 0.000000000000000000e+00
 1.277999997138977051e+00 5.000000074505805969e-02 0.000000000000000000e+00
 1.283499956130981445e+00 5.000000074505805969e-02 0.000000000000000000e+00
 1.289000034332275391e+00 5.000000074505805969e-02 0.000000000000000000e+00
 1.294499993324279785e+00 5.000000074505805969e-02 0.000000000000000000e+00
 1.299999952316284180e+00 5.000000074505805969e-02 0.000000000000000000e+00
 1.305500030517578125e+00 5.000000074505805969e-02 0.000000000000000000e+00
 1.310999989509582520e+00 5.000000074505805969e-02 0.000000000000000000e+00
 1.316499948501586914e+00 5.000000074505805969e-02 0.000000000000000000e+00
 1.322000026702880859e+00 5.000000074505805969e-02 0.000000000000000000e+00
 1.327499985694885254e+00 5.000000074505805969e-02 0.000000000000000000e+00
 1.332999944686889648e+00 5.000000074505805969e-02 0.000000000000000000e+00
 1.338500022888183594e+00 5.000000074505805969e-02 0.000000000000000000e+00
 1.343999981880187988e+00 5.000000074505805969e-02 0.000000000000000000e+00
 1.349499940872192383e+00 5.000000074505805969e-02 0.000000000000000000e+00
 1.355000019073486328e+00 5.000000074505805969e-02 0.000000000000000000e+00
 1.360499978065490723e+00 5.000000074505805969e-02 0.000000000000000000e+00
 1.366000056266784668e+00 5.000000074505805969e-02 0.000000000000000000e+00
 1.371500015258789062e+00 5.000000074505805969e-02 0.000000000000000000e+00
 1.376999974250793457e+00 5.000000074505805969e-02 0.000000000000000000e+00
 1.382500052452087402e+00 5.000000074505805969e-02 0.000000000000000000e+00
 1.388000011444091797e+00 5.000000074505805969e-02 0.000000000000000000e+00
 1.393499970436096191e+00 5.000000074505805969e-02 0.000000000000000000e+00
 1.399000048637390137e+00 5.000000074505805969e-02 0.000000000000000000e+00
 1.404500007629394531e+00 5.000000074505805969e-02 0.000000000000000000e+00
 1.409999966621398926e+00 5.000000074505805969e-02 0.000000000000000000e+00
 1.415500044822692871e+00 5.000000074505805969e-02 0.000000000000000000e+00
 1.421000003814697266e+00 5.000000074505805969e-02 0.000000000000000000e+00
 1.426499962806701660e+00 5.000000074505805969e-02 0.000000000000000000e+00
 1.432000041007995605e+00 5.000000074505805969e-02 0.000000000000000000e+00
 1.437500000000000000e+00 5.000000074505805969e-02 0.000000000000000000e+00
 1.442999958992004395e+00 5.000000074505805969e-02 0.000000000000000000e+00
 1.448500037193298340e+00 5.000000074505805969e-02 0.000000000000000000e+00
 1.453999996185302734e+00 5.000000074505805969e-02 0.000000000000000000e+00
 1.459499955177307129e+00 5.000000074505805969e-02 0.000000000000000000e+00
 1.465000033378601074e+00 5.000000074505805969e-02 0.000000000000000000e+00
 1.470499992370605469e+00 5.000000074505805969e-02 0.000000000000000000e+00
 1.475999951362609863e+00 5.000000074505805969e-02 0.000000000000000000e+00
 1.481500029563903809e+00 5.000000074505805969e-02 0.000000000000000000e+00
 1.486999988555908203e+00 5.000000074505805969e-02 0.000000000000000000e+00
 1.492499947547912598e+00 5.000000074505805969e-02 0.000000000000000000e+00
 1.498000025749206543e+00 5.000000074505805969e-02 0.000000000000000000e+00
 1.503499984741210938e+00 5.000000074505805969e-02 0.000000000000000000e+00
 1.508999943733215332e+00 5.000000074505805969e-02 0.000000000000000000e+00
 1.514500021934509277e+00 5.000000074505805969e-02 0.000000000000000000e+00
 1.519999980926513672e+00 5.000000074505805969e-02 0.000000000000000000e+00
 1.525500059127807617e+00 5.000000074505805969e-02 0.000000000000000000e+00
 1.531000018119812012e+00 5.000000074505805969e-02 0.000000000000000000e+00
 1.536499977111816406e+00 5.000000074505805969e-02 0.000000000000000000e+00
 1.542000055313110352e+00 5.000000074505805969e-02 0.000000000000000000e+00
 1.547500014305114746e+00 5.000000074505805969e-02 0.000000000000000000e+00
 1.552999973297119141e+00 5.000000074505805969e-02 0.000000000000000000e+00
 1.558500051498413086e+00 5.000000074505805969e-02 0.000000000000000000e+00
 1.564000010490417480e+00 5.000000074505805969e-02 0.000000000000000000e+00
 1.569499969482421875e+00 5.000000074505805969e-02 0.000000000000000000e+00
 1.575000047683715820e+00 5.000000074505805969e-02 0.000000000000000000e+00
 1.580500006675720215e+00 5.000000074505805969e-02 0.000000000000000000e+00
 1.585999965667724609e+00 5.000000074505805969e-02 0.000000000000000000e+00
 1.591500043869018555e+00 5.000000074505805969e-02 0.000000000000000000e+00
 1.597000002861022949e+00 5.000000074505805969e-02 0.000000000000000000e+00
 1.602499961853027344e+00 5.000000074505805969e-02 0.000000000000000000e+00
 1.608000040054321289e+00 5.000000074505805969e-02 0.000000000000000000e+00
 1.613499999046325684e+00 5.000000074505805969e-02 0.000000000000000000e+00
 1.618999958038330078e+00 5.000000074505805969e-02 0.000000000000000000e+00
 1.624500036239624023e+00 5.000000074505805969e-02 0.000000000000000000e+00
 1.629999995231628418e+00 5.000000074505805969e-02 0.000000000000000000e+00
 1.635499954223632812e+00 5.000000074505805969e-02 0.000000000000000000e+00
 1.641000032424926758e+00 5.000000074505805969e-02 0.000000000000000000e+00
 1.646499991416931152e+00 5.000000074505805969e-02 0.000000000000000000e+00
 1.651999950408935547e+00 5.000000074505805969e-02 0.000000000000000000e+00
 1.657500028610229492e+00 5.000000074505805969e-02 0.000000000000000000e+00
 1.662999987602233887e+00 5.000000074505805969e-02 0.000000000000000000e+00
 1.668499946594238281e+00 5.000000074505805969e-02 0.000000000000000000e+00
 1.674000024795532227e+00 5.000000074505805969e-02 0.000000000000000000e+00
 1.679499983787536621e+00 5.000000074505805969e-02 0.000000000000000000e+00
 1.684999942779541016e+00 5.000000074505805969e-02 0.000000000000000000e+00
 1.690500020980834961e+00 5.000000074505805969e-02 0.000000000000000000e+00
 1.695999979972839355e+00 5.000000074505805969e-02 0.000000000000000000e+00
 1.701500058174133301e+00 5.000000074505805969e-02 0.000000000000000000e+00
 1.707000017166137695e+00 5.000000074505805969e-02 0.000000000000000000e+00
 1.712499976158142090e+00 5.000000074505805969e-02 0.000000000000000000e+00
 1.718000054359436035e+00 5.000000074505805969e-02 0.000000000000000000e+00
 1.723500013351440430e+00 5.000000074505805969e-02 0.000000000000000000e+00
 1.728999972343444824e+00 5.000000074505805969e-02 0.000000000000000000e+00
 1.734500050544738770e+00 5.000000074505805969e-02 0.000000000000000000e+00
 1.740000009536743164e+00 5.000000074505805969e-02 0.000000000000000000e+00
 1.745499968528747559e+00 5.000000074505805969e-02 0.000000000000000000e+00
 1.751000046730041504e+00 5.000000074505805969e-02 0.000000000000000000e+00
 1.756500005722045898e+00 5.000000074505805969e-02 0.000000000000000000e+00
 1.761999964714050293e+00 5.000000074505805969e-02 0.000000000000000000e+00
 1.767500042915344238e+00 5.000000074505805969e-02 0.000000000000000000e+00
 1.773000001907348633e+00 5.000000074505805969e-02 0.000000000000000000e+00
 1.778499960899353027e+00 5.000000074505805969e-02 0.000000000000000000e+00
 1.784000039100646973e+00 5.000000074505805969e-02 0.000000000000000000e+00
 1.789499998092651367e+00 5.000000074505805969e-02 0.000000000000000000e+00
 1.794999957084655762e+00 5.000000074505805969e-02 0.000000000000000000e+00
 1.800500035285949707e+00 5.000000074505805969e-02 0.000000000000000000e+00
 1.805999994277954102e+00 5.000000074505805969e-02 0.000000000000000000e+00
 1.811499953269958496e+00 5.000000074505805969e-02 0.000000000000000000e+00
 1.817000031471252441e+00 5.000000074505805969e-02 0.000000000000000000e+00
 1.822499990463256836e+00 5.000000074505805969e-02 0.000000000000000000e+00
 1.827999949455261230e+00 5.000000074505805969e-02 0.000000000000000000e+00
 1.833500027656555176e+00 5.000000074505805969e-02 0.000000000000000000e+00
 1.838999986648559570e+00 5.000000074505805969e-02 0.000000000000000000e+00
 1.844499945640563965e+00 5.000000074505805969e-02 0.000000000000000000e+00
 1.850000023841857910e+00 5.000000074505805969e-02 0.000000000000000000e+00
 1.855499982833862305e+00 5.000000074505805969e-02 0.000000000000000000e+00
 1.860999941825866699e+00 5.000000074505805969e-02 0.000000000000000000e+00
 1.866500020027160645e+00 5.000000074505805969e-02 0.000000000000000000e+00
 1.871999979019165039e+00 5.000000074505805969e-02 0.000000000000000000e+00
 1.877500057220458984e+00 5.000000074505805969e-02 0.000000000000000000e+00
 1.883000016212463379e+00 5.000000074505805969e-02 0.000000000000000000e+00
 1.888499975204467773e+00 5.000000074505805969e-02 0.000000000000000000e+00
 1.894000053405761719e+00 5.000000074505805969e-02 0.000000000000000000e+00
 1.899500012397766113e+00 5.000000074505805969e-02 0.000000000000000000e+00
 1.904999971389770508e+00 5.000000074505805969e-02 0.000000000000000000e+00
 1.910500049591064453e+00 5.000000074505805969e-02 0.000000000000000000e+00
 1.916000008583068848e+00 5.000000074505805969e-02 0.000000000000000000e+00
 1.921499967575073242e+00 5.000000074505805969e-02 0.000000000000000000e+00
 1.927000045776367188e+00 5.000000074505805969e-02 0.000000000000000000e+00
 1.932500004768371582e+00 5.000000074505805969e-02 0.000000000000000000e+00
 1.937999963760375977e+00 5.000000074505805969e-02 0.000000000000000000e+00
 1.943500041961669922e+00 5.000000074505805969e-02 0.000000000000000000e+00
 1.949000000953674316e+00 5.000000074505805969e-02 0.000000000000000000e+00
 1.954499959945678711e+00 5.000000074505805969e-02 0.000000000000000000e+00
 1.960000038146972656e+00 5.000000074505805969e-02 0.000000000000000000e+00
 1.965499997138977051e+00 5.000000074505805969e-02 0.000000000000000000e+00
 1.970999956130981445e+00 5.000000074505805969e-02 0.000000000000000000e+00
 1.976500034332275391e+00 5.000000074505805969e-02 0.000000000000000000e+00
 1.981999993324279785e+00 5.000000074505805969e-02 0.000000000000000000e+00
 1.987499952316284180e+00 5.000000074505805969e-02 0.000000000000000000e+00
 1.993000030517578125e+00 5.000000074505805969e-02 0.000000000000000000e+00
 1.998499989509582520e+00 5.000000074505805969e-02 0.000000000000000000e+00
 2.003999948501586914e+00 5.000000074505805969e-02 0.000000000000000000e+00
 2.009500026702880859e+00 5.000000074505805969e-02 0.000000000000000000e+00
 2.015000104904174805e+00 5.000000074505805969e-02 0.000000000000000000e+00
 2.020499944686889648e+00 5.000000074505805969e-02 0.000000000000000000e+00
 2.026000022888183594e+00 5.000000074505805969e-02 0.000000000000000000e+00
 2.031500101089477539e+00 5.000000074505805969e-02 0.000000000000000000e+00
 2.036999940872192383e+00 5.000000074505805969e-02 0.000000000000000000e+00
 2.042500019073486328e+00 5.000000074505805969e-02 0.000000000000000000e+00
 2.048000097274780273e+00 5.000000074505805969e-02 0.000000000000000000e+00
 2.053499937057495117e+00 5.000000074505805969e-02 0.000000000000000000e+00
 2.059000015258789062e+00 5.000000074505805969e-02 0.000000000000000000e+00
 2.064500093460083008e+00 5.000000074505805969e-02 0.000000000000000000e+00
 2.069999933242797852e+00 5.000000074505805969e-02 0.000000000000000000e+00
 2.075500011444091797e+00 5.000000074505805969e-02 0.000000000000000000e+00
 2.081000089645385742e+00 5.000000074505805969e-02 0.000000000000000000e+00
 2.086499929428100586e+00 5.000000074505805969e-02 0.000000000000000000e+00
 2.092000007629394531e+00 5.000000074505805969e-02 0.000000000000000000e+00
 2.097500085830688477e+00 5.000000074505805969e-02 0.000000000000000000e+00
 2.102999925613403320e+00 5.000000074505805969e-02 0.000000000000000000e+00
 2.108500003814697266e+00 5.000000074505805969e-02 0.000000000000000000e+00
 2.114000082015991211e+00 5.000000074505805969e-02 0.000000000000000000e+00
 2.119499921798706055e+00 5.000000074505805969e-02 0.000000000000000000e+00
 2.125000000000000000e+00 5.000000074505805969e-02 0.000000000000000000e+00
 7.500000000000000000e-01 1.000000014901161194e-01 0.000000000000000000e+00
 7.555000185966491699e-01 1.000000014901161194e-01 0.000000000000000000e+00
 7.609999775886535645e-01 1.000000014901161194e-01 0.000000000000000000e+00
 7.664999961853027344e-01 1.000000014901161194e-01 0.000000000000000000e+00
 7.720000147819519043e-01 1.000000014901161194e-01 0.000000000000000000e+00
 7.774999737739562988e-01 1.000000014901161194e-01 0.000000000000000000e+00
 7.829999923706054688e-01 1.000000014901161194e-01 0.000000000000000000e+00
 7.885000109672546387e-01 1.000000014901161194e-01 0.000000000000000000e+00
 7.940000295639038086e-01 1.000000014901161194e-01 0.000000000000000000e+00
 7.994999885559082031e-01 1.000000014901161194e-01 0.000000000000000000e+00
 8.050000071525573730e-01 1.000000014901161194e-01 0.000000000000000000e+00
 8.105000257492065430e-01 1.000000014901161194e-01 0.000000000000000000e+00
 8.159999847412109375e-01 1.000000014901161194e-01 0.000000000000000000e+00
 8.215000033378601074e-01 1.000000014901161194e-01 0.000000000000000000e+00
 8.270000219345092773e-01 1.000000014901161194e-01 0.000000000000000000e+00
 8.324999809265136719e-01 1.000000014901161194e-01 0.000000000000000000e+00
 8.379999995231628418e-01 1.000000014901161194e-01 0.000000000000000000e+00
 8.435000181198120117e-01 1.000000014901161194e-01 0.000000000000000000e+00
 8.489999771118164062e-01 1.000000014901161194e-01 0.000000000000000000e+00
 8.544999957084655762e-01 1.000000014901161194e-01 0.000000000000000000e+00
 8.600000143051147461e-01 1.000000014901161194e-01 0.000000000000000000e+00
 8.654999732971191406e-01 1.000000014901161194e-01 0.000000000000000000e+00
 8.709999918937683105e-01 1.000000014901161194e-01 0.000000000000000000e+00
 8.765000104904174805e-01 1.000000014901161194e-01 0.000000000000000000e+00
 8.820000290870666504e-01 1.000000014901161194e-01 0.000000000000000000e+00
 8.874999880790710449e-01 1.000000014901161194e-01 0.000000000000000000e+00
 8.930000066757202148e-01 1.000000014901161194e-01 0.000000000000000000e+00
 8.985000252723693848e-01 1.000000014901161194e-01 0.000000000000000000e+00
 9.039999842643737793e-01 1.000000014901161194e-01 0.000000000000000000e+00
 9.095000028610229492e-01 1.000000014901161194e-01 0.000000000000000000e+00
 9.150000214576721191e-01 1.000000014901161194e-01 0.000000000000000000e+00
 9.204999804496765137e-01 1.000000014901161194e-01 0.000000000000000000e+00
 9.259999990463256836e-01 1.000000014901161194e-01 0.000000000000000000e+00
 9.315000176429748535e-01 1.000000014901161194e-01 0.000000000000000000e+00
 9.369999766349792480e-01 1.000000014901161194e-01 0.000000000000000000e+00
 9.424999952316284180e-01 1.000000014901161194e-01 0.000000000000000000e+00
 9.480000138282775879e-01 1.000000014901161194e-01 0.000000000000000000e+00
 9.534999728202819824e-01 1.000000014901161194e-01 0.000000000000000000e+00
 9.589999914169311523e-01 1.000000014901161194e-01 0.000000000000000000e+00
 9.645000100135803223e-01 1.000000014901161194e-01 0.000000000000000000e+00
 9.700000286102294922e-01 1.000000014901161194e-01 0.000000000000000000e+00
 9.754999876022338867e-01 1.000000014901161194e-01 0.000000000000000000e+00
 9.810000061988830566e-01 1.000000014901161194e-01 0.000000000000000000e+00
 9.865000247955322266e-01 1.000000014901161194e-01 0.000000000000000000e+00
 9.919999837875366211e-01 1.000000014901161194e-01 0.000000000000000000e+00
 9.975000023841857910e-01 1.000000014901161194e-01 0.000000000000000000e+00
 1.003000020980834961e+00 1.000000014901161194e-01 0.000000000000000000e+00
 1.008499979972839355e+00 1.000000014901161194e-01 0.000000000000000000e+00
 1.014000058174133301e+00 1.000000014901161194e-01 0.000000000000000000e+00
 1.019500017166137695e+00 1.000000014901161194e-01 0.000000000000000000e+00
 1.024999976158142090e+00 1.000000014901161194e-01 0.000000000000000000e+00
 1.030500054359436035e+00 1.000000014901161194e-01 0.000000000000000000e+00
 1.036000013351440430e+00 1.000000014901161194e-01 0.000000000000000000e+00
 1.041499972343444824e+00 1.000000014901161194e-01 0.000000000000000000e+00
 1.047000050544738770e+00 1.000000014901161194e-01 0.000000000000000000e+00
 1.052500009536743164e+00 1.000000014901161194e-01 0.000000000000000000e+00
 1.057999968528747559e+00 1.000000014901161194e-01 0.000000000000000000e+00
 1.063500046730041504e+00 1.000000014901161194e-01 0.000000000000000000e+00
 1.069000005722045898e+00 1.000000014901161194e-01 0.000000000000000000e+00
 1.074499964714050293e+00 1.000000014901161194e-01 0.000000000000000000e+00
 1.080000042915344238e+00 1.000000014901161194e-01 0.000000000000000000e+00
 1.085500001907348633e+00 1.000000014901161194e-01 0.000000000000000000e+00
 1.090999960899353027e+00 1.000000014901161194e-01 0.000000000000000000e+00
 1.096500039100646973e+00 1.000000014901161194e-01 0.000000000000000000e+00
 1.101999998092651367e+00 1.000000014901161194e-01 0.000000000000000000e+00
 1.107499957084655762e+00 1.000000014901161194e-01 0.000000000000000000e+00
 1.113000035285949707e+00 1.000000014901161194e-01 0.000000000000000000e+00
 1.118499994277954102e+00 1.000000014901161194e-01 0.000000000000000000e+00
 1.123999953269958496e+00 1.000000014901161194e-01 0.000000000000000000e+00
 1.129500031471252441e+00 1.000000014901161194e-01 0.000000000000000000e+00
 1.134999990463256836e+00 1.000000014901161194e-01 0.000000000000000000e+00
 1.140499949455261230e+00 1.000000014901161194e-01 0.000000000000000000e+00
 1.146000027656555176e+00 1.000000014901161194e-01 0.000000000000000000e+00
 1.151499986648559570e+00 1.000000014901161194e-01 0.000000000000000000e+00
 1.156999945640563965e+00 1.000000014901161194e-01 0.000000000000000000e+00
 1.162500023841857910e+00 1.000000014901161194e-01 0.000000000000000000e+00
 1.167999982833862305e+00 1.000000014901161194e-01 0.000000000000000000e+00
 1.173499941825866699e+00 1.000000014901161194e-01 0.000000000000000000e+00
 1.179000020027160645e+00 1.000000014901161194e-01 0.000000000000000000e+00
 1.184499979019165039e+00 1.000000014901161194e-01 0.000000000000000000e+00
 1.190000057220458984e+00 1.000000014901161194e-01 0.000000000000000000e+00
 1.195500016212463379e+00 1.000000014901161194e-01 0.000000000000000000e+00
 1.200999975204467773e+00 1.000000014901161194e-01 0.000000000000000000e+00
 1.206500053405761719e+00 1.000000014901161194e-01 0.000000000000000000e+00
 1.212000012397766113e+00 1.000000014901161194e-01 0.000000000000000000e+00
 1.217499971389770508e+00 1.000000014901161194e-01 0.000000000000000000e+00
 1.223000049591064453e+00 1.000000014901161194e-01 0.000000000000000000e+00
 1.228500008583068848e+00 1.000000014901161194e-01 0.000000000000000000e+00
 1.233999967575073242e+00 1.000000014901161194e-01 0.000000000000000000e+00
 1.239500045776367188e+00 1.000000014901161194e-01 0.000000000000000000e+00
 1.245000004768371582e+00 1.000000014901161194e-01 0.000000000000000000e+00
 1.250499963760375977e+00 1.000000014901161194e-01 0.000000000000000000e+00
 1.256000041961669922e+00 1.000000014901161194e-01 0.000000000000000000e+00
 1.261500000953674316e+00 1.000000014901161194e-01 0.000000000000000000e+00
 1.266999959945678711e+00 1.000000014901161194e-01 0.000000000000000000e+00
 1.272500038146972656e+00 1.000000014901161194e-01 0.000000000000000000e+00
 1.277999997138977051e+00 1.000000014901161194e-01 0.000000000000000000e+00
 1.283499956130981445e+00 1.000000014901161194e-01 0.000000000000000000e+00
 1.289000034332275391e+00 1.000000014901161194e-01 0.000000000000000000e+00
 1.294499993324279785e+00 1.000000014901161194e-01 0.000000000000000000e+00
 1.299999952316284180e+00 1.000000014901161194e-01 0.000000000000000000e+00
 1.305500030517578125e+00 1.000000014901161194e-01 0.000000000000000000e+00
 1.310999989509582520e+00 1.000000014901161194e-01 0.000000000000000000e+00
 1.316499948501586914e+00 1.000000014901161194e-01 0.000000000000000000e+00
 1.322000026702880859e+00 1.000000014901161194e-01 0.000000000000000000e+00
 1.327499985694885254e+00 1.000000014901161194e-01 0.000000000000000000e+00
 1.332999944686889648e+00 1.000000014901161194e-01 0.000000000000000000e+00
 1.338500022888183594e+00 1.000000014901161194e-01 0.000000000000000000e+00
 1.343999981880187988e+00 1.000000014901161194e-01 0.000000000000000000e+00
 1.349499940872192383e+00 1.000000014901161194e-01 0.000000000000000000e+00
 1.355000019073486328e+00 1.000000014901161194e-01 0.000000000000000000e+00
 1.360499978065490723e+00 1.000000014901161194e-01 0.000000000000000000e+00
 1.366000056266784668e+00 1.000000014901161194e-01 0.000000000000000000e+00
 1.371500015258789062e+00 1.000000014901161194e-01 0.000000000000000000e+00
 1.376999974250793457e+00 1.000000014901161194e-01 0.000000000000000000e+00
 1.382500052452087402e+00 1.000000014901161194e-01 0.000000000000000000e+00
 1.388000011444091797e+00 1.000000014901161194e-01 0.000000000000000000e+00
 1.393499970436096191e+00 1.000000014901161194e-01 0.000000000000000000e+00
 1.399000048637390137e+00 1.000000014901161194e-01 0.000000000000000000e+00
 1.404500007629394531e+00 1.000000014901161194e-01 0.000000000000000000e+00
 1.409999966621398926e+00 1.000000014901161194e-01 0.000000000000000000e+00
 1.415500044822692871e+00 1.000000014901161194e-01 0.000000000000000000e+00
 1.421000003814697266e+00 1.000000014901161194e-01 0.000000000000000000e+00
 1.426499962806701660e+00 1.000000014901161194e-01 0.000000000000000000e+00
 1.432000041007995605e+00 1.000000014901161194e-01 0.000000000000000000e+00
 1.437500000000000000e+00 1.000000014901161194e-01 0.000000000000000000e+00
 1.442999958992004395e+00 1.000000014901161194e-01 0.000000000000000000e+00
 1.448500037193298340e+00 1.000000014901161194e-01 0.000000000000000000e+00
 1.453999996185302734e+00 1.000000014901161194e-01 0.000000000000000000e+00
 1.459499955177307129e+00 1.000000014901161194e-01 0.000000000000000000e+00
 1.465000033378601074e+00 1.000000014901161194e-01 0.000000000000000000e+00
 1.470499992370605469e+00 1.000000014901161194e-01 0.000000000000000000e+00
 1.475999951362609863e+00 1.000000014901161194e-01 0.000000000000000000e+00
 1.481500029563903809e+00 1.000000014901161194e-01 0.000000000000000000e+00
 1.486999988555908203e+00 1.000000014901161194e-01 0.000000000000000000e+00
 1.492499947547912598e+00 1.000000014901161194e-01 0.000000000000000000e+00
 1.498000025749206543e+00 1.000000014901161194e-01 0.000000000000000000e+00
 1.503499984741210938e+00 1.000000014901161194e-01 0.000000000000000000e+00
 1.508999943733215332e+00 1.000000014901161194e-01 0.000000000000000000e+00
 1.514500021934509277e+00 1.000000014901161194e-01 0.000000000000000000e+00
 1.519999980926513672e+00 1.000000014901161194e-01 0.000000000000000000e+00
 1.525500059127807617e+00 1.000000014901161194e-01 0.000000000000000000e+00
 1.531000018119812012e+00 1.000000014901161194e-01 0.000000000000000000e+00
 1.536499977111816406e+00 1.000000014901161194e-01 0.000000000000000000e+00
 1.542000055313110352e+00 1.000000014901161194e-01 0.000000000000000000e+00
 1.547500014305114746e+00 1.000000014901161194e-01 0.000000000000000000e+00
 1.552999973297119141e+00 1.000000014901161194e-01 0.000000000000000000e+00
 1.558500051498413086e+00 1.000000014901161194e-01 0.000000000000000000e+00
 1.564000010490417480e+00 1.000000014901161194e-01 0.000000000000000000e+00
 1.569499969482421875e+00 1.000000014901161194e-01 0.000000000000000000e+00
 1.575000047683715820e+00 1.000000014901161194e-01 0.000000000000000000e+00
 1.580500006675720215e+00 1.000000014901161194e-01 0.000000000000000000e+00
 1.585999965667724609e+00 1.000000014901161194e-01 0.000000000000000000e+00
 1.591500043869018555e+00 1.000000014901161194e-01 0.000000000000000000e+00
 1.597000002861022949e+00 1.000000014901161194e-01 0.000000000000000000e+00
 1.602499961853027344e+00 1.000000014901161194e-01 0.000000000000000000e+00
 1.608000040054321289e+00 1.000000014901161194e-01 0.000000000000000000e+00
 1.613499999046325684e+00 1.000000014901161194e-01 0.000000000000000000e+00
 1.618999958038330078e+00 1.000000014901161194e-01 0.000000000000000000e+00
 1.624500036239624023e+00 1.000000014901161194e-01 0.000000000000000000e+00
 1.629999995231628418e+00 1.000000014901161194e-01 0.000000000000000000e+00
 1.635499954223632812e+00 1.000000014901161194e-01 0.000000000000000000e+00
 1.641000032424926758e+00 1.000000014901161194e-01 0.000000000000000000e+00
 1.646499991416931152e+00 1.000000014901161194e-01 0.000000000000000000e+00
 1.651999950408935547e+00 1.000000014901161194e-01 0.000000000000000000e+00
 1.657500028610229492e+00 1.000000014901161194e-01 0.000000000000000000e+00
 1.662999987602233887e+00 1.000000014901161194e-01 0.000000000000000000e+00
 1.668499946594238281e+00 1.000000014901161194e-01 0.000000000000000000e+00
 1.674000024795532227e+00 1.000000014901161194e-01 0.000000000000000000e+00
 1.679499983787536621e+00 1.000000014901161194e-01 0.000000000000000000e+00
 1.684999942779541016e+00 1.000000014901161194e-01 0.000000000000000000e+00
 1.690500020980834961e+00 1.000000014901161194e-01 0.000000000000000000e+00
 1.695999979972839355e+00 1.000000014901161194e-01 0.000000000000000000e+00
 1.701500058174133301e+00 1.000000014901161194e-01 0.000000000000000000e+00
 1.707000017166137695e+00 1.000000014901161194e-01 0.000000000000000000e+00
 1.712499976158142090e+00 1.000000014901161194e-01 0.000000000000000000e+00
 1.718000054359436035e+00 1.000000014901161194e-01 0.000000000000000000e+00
 1.723500013351440430e+00 1.000000014901161194e-01 0.000000000000000000e+00
 1.728999972343444824e+00 1.000000014901161194e-01 0.000000000000000000e+00
 1.734500050544738770e+00 1.000000014901161194e-01 0.000000000000000000e+00
 1.740000009536743164e+00 1.000000014901161194e-01 0.000000000000000000e+00
 1.745499968528747559e+00 1.000000014901161194e-01 0.000000000000000000e+00
 1.751000046730041504e+00 1.000000014901161194e-01 0.000000000000000000e+00
 1.756500005722045898e+00 1.000000014901161194e-01 0.000000000000000000e+00
 1.761999964714050293e+00 1.000000014901161194e-01 0.000000000000000000e+00
 1.767500042915344238e+00 1.000000014901161194e-01 0.000000000000000000e+00
 1.773000001907348633e+00 1.000000014901161194e-01 0.000000000000000000e+00
 1.778499960899353027e+00 1.000000014901161194e-01 0.000000000000000000e+00
 1.784000039100646973e+00 1.000000014901161194e-01 0.000000000000000000e+00
 1.789499998092651367e+00 1.000000014901161194e-01 0.000000000000000000e+00
 1.794999957084655762e+00 1.000000014901161194e-01 0.000000000000000000e+00
 1.800500035285949707e+00 1.000000014901161194e-01 0.000000000000000000e+00
 1.805999994277954102e+00 1.000000014901161194e-01 0.000000000000000000e+00
 1.811499953269958496e+00 1.000000014901161194e-01 0.000000000000000000e+00
 1.817000031471252441e+00 1.000000014901161194e-01 0.000000000000000000e+00
 1.822499990463256836e+00 1.000000014901161194e-01 0.000000000000000000e+00
 1.827999949455261230e+00 1.000000014901161194e-01 0.000000000000000000e+00
 1.833500027656555176e+00 1.000000014901161194e-01 0.000000000000000000e+00
 1.838999986648559570e+00 1.000000014901161194e-01 0.000000000000000000e+00
 1.844499945640563965e+00 1.000000014901161194e-01 0.000000000000000000e+00
 1.850000023841857910e+00 1.000000014901161194e-01 0.000000000000000000e+00
 1.855499982833862305e+00 1.000000014901161194e-01 0.000000000000000000e+00
 1.860999941825866699e+00 1.000000014901161194e-01 0.000000000000000000e+00
 1.866500020027160645e+00 1.000000014901161194e-01 0.000000000000000000e+00
 1.871999979019165039e+00 1.000000014901161194e-01 0.000000000000000000e+00
 1.877500057220458984e+00 1.000000014901161194e-01 0.000000000000000000e+00
 1.883000016212463379e+00 1.000000014901161194e-01 0.000000000000000000e+00
 1.888499975204467773e+00 1.000000014901161194e-01 0.000000000000000000e+00
 1.894000053405761719e+00 1.000000014901161194e-01 0.000000000000000000e+00
 1.899500012397766113e+00 1.000000014901161194e-01 0.000000000000000000e+00
 1.904999971389770508e+00 1.000000014901161194e-01 0.000000000000000000e+00
 1.910500049591064453e+00 1.000000014901161194e-01 0.000000000000000000e+00
 1.916000008583068848e+00 1.000000014901161194e-01 0.000000000000000000e+00
 1.921499967575073242e+00 1.000000014901161194e-01 0.000000000000000000e+00
 1.927000045776367188e+00 1.000000014901161194e-01 0.000000000000000000e+00
 1.932500004768371582e+00 1.000000014901161194e-01 0.000000000000000000e+00
 1.937999963760375977e+00 1.000000014901161194e-01 0.000000000000000000e+00
 1.943500041961669922e+00 1.000000014901161194e-01 0.000000000000000000e+00
 1.949000000953674316e+00 1.000000014901161194e-01 0.000000000000000000e+00
 1.954499959945678711e+00 1.000000014901161194e-01 0.000000000000000000e+00
 1.960000038146972656e+00 1.000000014901161194e-01 0.000000000000000000e+00
 1.965499997138977051e+00 1.000000014901161194e-01 0.000000000000000000e+00
 1.970999956130981445e+00 1.000000014901161194e-01 0.000000000000000000e+00
 1.976500034332275391e+00 1.000000014901161194e-01 0.000000000000000000e+00
 1.981999993324279785e+00 1.000000014901161194e-01 0.000000000000000000e+00
 1.987499952316284180e+00 1.000000014901161194e-01 0.000000000000000000e+00
 1.993000030517578125e+00 1.000000014901161194e-01 0.000000000000000000e+00
 1.998499989509582520e+00 1.000000014901161194e-01 0.000000000000000000e+00
 2.003999948501586914e+00 1.000000014901161194e-01 0.000000000000000000e+00
 2.009500026702880859e+00 1.000000014901161194e-01 0.000000000000000000e+00
 2.015000104904174805e+00 1.000000014901161194e-01 0.000000000000000000e+00
 2.020499944686889648e+00 1.000000014901161194e-01 0.000000000000000000e+00
 2.026000022888183594e+00 1.000000014901161194e-01 0.000000000000000000e+00
 2.031500101089477539e+00 1.000000014901161194e-01 0.000000000000000000e+00
 2.036999940872192383e+00 1.000000014901161194e-01 0.000000000000000000e+00
 2.042500019073486328e+00 1.000000014901161194e-01 0.000000000000000000e+00
 2.048000097274780273e+00 1.000000014901161194e-01 0.000000000000000000e+00
 2.053499937057495117e+00 1.000000014901161194e-01 0.000000000000000000e+00
 2.059000015258789062e+00 1.000000014901161194e-01 0.000000000000000000e+00
 2.064500093460083008e+00 1.000000014901161194e-01 0.000000000000000000e+00
 2.069999933242797852e+00 1.000000014901161194e-01 0.000000000000000000e+00
 2.075500011444091797e+00 1.000000014901161194e-01 0.000000000000000000e+00
 2.081000089645385742e+00 1.000000014901161194e-01 0.000000000000000000e+00
 2.086499929428100586e+00 1.000000014901161194e-01 0.000000000000000000e+00
 2.092000007629394531e+00 1.000000014901161194e-01 0.000000000000000000e+00
 2.097500085830688477e+00 1.000000014901161194e-01 0.000000000000000000e+00
 2.102999925613403320e+00 1.000000014901161194e-01 0.000000000000000000e+00
 2.108500003814697266e+00 1.000000014901161194e-01 0.000000000000000000e+00
 2.114000082015991211e+00 1.000000014901161194e-01 0.000000000000000000e+00
 2.119499921798706055e+00 1.000000014901161194e-01 0.000000000000000000e+00
 2.125000000000000000e+00 1.000000014901161194e-01 0.000000000000000000e+00
 </DataArray>
</Points>
<Cells>
 <DataArray type="Int32" Name="connectivity" format="ascii">
 0 1 252 251
 1 2 253 252
 2 3 254 253
 3 4 255 254
 4 5 256 255
 5 6 257 256
 6 7 258 257
 7 8 259 258
 8 9 260 259
 9 10 261 260
 10 11 262 261
 11 12 263 262
 12 13 264 263
 13 14 265 264
 14 15 266 265
 15 16 267 266
 16 17 268 267
 17 18 269 268
 18 19 270 269
 19 20 271 270
 20 21 272 271
 21 22 273 272
 22 23 274 273
 23 24 275 274
 24 25 276 275
 25 26 277 276
 26 27 278 277
 27 28 279 278
 28 29 280 279
 29 30 281 280
 30 31 282 281
 31 32 283 282
 32 33 284 283
 33 34 285 284
 34 35 286 285
 35 36 287 286
 36 37 288 287
 37 38 289 288
 38 39 290 289
 39 40 291 290
 40 41 292 291
 41 42 293 292
 42 43 294 293
 43 44 295 294
 44 45 296 295
 45 46 297 296
 46 47 298 297
 47 48 299 298
 48 49 300 299
 49 50 301 300
 50 51 302 301
 51 52 303 302
 52 53 304 303
 53 54 305 304
 54 55 306 305
 55 56 307 306
 56 57 308 307
 57 58 309 308
 58 59 310 309
 59 60 311 310
 60 61 312 311
 61 62 313 312
 62 63 314 313
 63 64 315 314
 64 65 316 315
 65 66 317 316
 66 67 318 317
 67 68 319 318
 68 69 320 319
 69 70 321 320
 70 71 322 321
 71 72 323 322
 72 73 324 323
 73 74 325 324
 74 75 326 325
 75 76 327 326
 76 77 328 327
 77 78 329 328
 78 79 330 329
 79 80 331 330
 80 81 332 331
 81 82 333 332
 82 83 334 333
 83 84 335 334
 84 85 336 335
 85 86 337 336
 86 87 338 337
 87 88 339 338
 88 89 340 339
 89 90 341 340
 90 91 342 341
 91 92 343 342
 92 93 344 343
 93 94 345 344
 94 95 346 345
 95 96 347 346
 96 97 348 347
 97 98 349 348
 98 99 350 349
 99 100 351 350
 100 101 352 351
 101 102 353 352
 102 103 354 353
 103 104 355 354
 104 105 356 355
 105 106 357 356
 106 107 358 357
 107 108 359 358
 108 109 360 359
 109 110 361 360
 110 111 362 361
 111 112 363 362
 112 113 364 363
 113 114 365 364
 114 115 366 365
 115 116 367 366
 116 117 368 367
 117 118 369 368
 118 119 370 369
 119 120 371 370
 120 121 372 371
 121 122 373 372
 122 123 374 373
 123 124 375 374
 124 125 376 375
 125 126 377 376
 126 127 378 377
 127 128 379 378
 128 129 380 379
 129 130 381 380
 130 131 382 381
 131 132 383 382
 132 133 384 383
 133 134 385 384
 134 135 386 385
 135 136 387 386
 136 137 388 387
 137 138 389 388
 138 139 390 389
 139 140 391 390
 140 141 392 391
 141 142 393 392
 142 143 394 393
 143 144 395 394
 144 145 396 395
 145 146 397 396
 146 147 398 397
 147 148 399 398
 148 149 400 399
 149 150 401 400
 150 151 402 401
 151 152 403 402
 152 153 404 403
 153 154 405 404
 154 155 406 405
 155 156 407 406
 156 157 408 407
 157 158 409 408
 158 159 410 409
 159 160 411 410
 160 161 412 411
 161 162 413 412
 162 163 414 413
 163 164 415 414
 164 165 416 415
 165 166 417 416
 166 167 418 417
 167 168 419 418
 168 169 420 419
 169 170 421 420
 170 171 422 421
 171 172 423 422
 172 173 424 423
 173 174 425 424
 174 175 426 425
 175 176 427 426
 176 177 428 427
 177 178 429 428
 178 179 430 429
 179 180 431 430
 180 181 432 431
 181 182 433 432
 182 183 434 433
 183 184 435 434
 184 185 436 435
 185 186 437 436
 186 187 438 437
 187 188 439 438
 188 189 440 439
 189 190 441 440
 190 191 442 441
 191 192 443 442
 192 193 444 443
 193 194 445 444
 194 195 446 445
 195 196 447 446
 196 197 448 447
 197 198 449 448
 198 199 450 449
 199 200 451 450
 200 201 452 451
 201 202 453 452
 202 203 454 453
 203 204 455 454
 204 205 456 455
 205 206 457 456
 206 207 458 457
 207 208 459 458
 208 209 460 459
 209 210 461 460
 210 211 462 461
 211 212 463 462
 212 213 464 463
 213 214 465 464
 214 215 466 465
 215 216 467 466
 216 217 468 467
 217 218 469 468
 218 219 470 469
 219 220 471 470
 220 221 472 471
 221 222 473 472
 222 223 474 473
 223 224 475 474
 224 225 476 475
 225 226 477 476
 226 227 478 477
 227 228 479 478
 228 229 480 479
 229 230 481 480
 230 231 482 481
 231 232 483 482
 232 233 484 483
 233 234 485 484
 234 235 486 485
 235 236 487 486
 236 237 488 487
 237 238 489 488
 238 239 490 489
 239 240 491 490
 240 241 492 491
 241 242 493 492
 242 243 494 493
 243 244 495 494
 244 245 496 495
 245 246 497 496
 246 247 498 497
 247 248 499 498
 248 249 500 499
 249 250 501 500
 251 252 503 502
 252 253 504 503
 253 254 505 504
 254 255 506 505
 255 256 507 506
 256 257 508 507
 257 258 509 508
 258 259 510 509
 259 260 511 510
 260 261 512 511
 261 262 513 512
 262 263 514 513
 263 264 515 514
 264 265 516 515
 265 266 517 516
 266 267 518 517
 267 268 519 518
 268 269 520 519
 269 270 521 520
 270 271 522 521
 271 272 523 522
 272 273 524 523
 273 274 525 524
 274 275 526 525
 275 276 527 526
 276 277 528 527
 277 278 529 528
 278 279 530 529
 279 280 531 530
 280 281 532 531
 281 282 533 532
 282 283 534 533
 283 284 535 534
 284 285 536 535
 285 286 537 536
 286 287 538 537
 287 288 539 538
 288 289 540 539
 289 290 541 540
 290 291 542 541
 291 292 543 542
 292 293 544 543
 293 294 545 544
 294 295 546 545
 295 296 547 546
 296 297 548 547
 297 298 549 548
 298 299 550 549
 299 300 551 550
 300 301 552 551
 301 302 553 552
 302 303 554 553
 303 304 555 554
 304 305 556 555
 305 306 557 556
 306 307 558 557
 307 308 559 558
 308 309 560 559
 309 310 561 560
 310 311 562 561
 311 312 563 562
 312 313 564 563
 313 314 565 564
 314 315 566 565
 315 316 567 566
 316 317 568 567
 317 318 569 568
 318 319 570 569
 319 320 571 570
 320 321 572 571
 321 322 573 572
 322 323 574 573
 323 324 575 574
 324 325 576 575
 325 326 577 576
 326 327 578 577
 327 328 579 578
 328 329 580 579
 329 330 581 580
 330 331 582 581
 331 332 583 582
 332 333 584 583
 333 334 585 584
 334 335 586 585
 335 336 587 586
 336 337 588 587
 337 338 589 588
 338 339 590 589
 339 340 591 590
 340 341 592 591
 341 342 593 592
 342 343 594 593
 343 344 595 594
 344 345 596 595
 345 346 597 596
 346 347 598 597
 347 348 599 598
 348 349 600 599
 349 350 601 600
 350 351 602 601
 351 352 603 602
 352 353 604 603
 353 354 605 604
 354 355 606 605
 355 356 607 606
 356 357 608 607
 357 358 609 608
 358 359 610 609
 359 360 611 610
 360 361 612 611
 361 362 613 612
 362 363 614 613
 363 364 615 614
 364 365 616 615
 365 366 617 616
 366 367 618 617
 367 368 619 618
 368 369 620 619
 369 370 621 620
 370 371 622 621
 371 372 623 622
 372 373 624 623
 373 374 625 624
 374 375 626 625
 375 376 627 626
 376 377 628 627
 377 378 629 628
 378 379 630 629
 379 380 631 630
 380 381 632 631
 381 382 633 632
 382 383 634 633
 383 384 635 634
 384 385 636 635
 385 386 637 636
 386 387 638 637
 387 388 639 638
 388 389 640 639
 389 390 641 640
 390 391 642 641
 391 392 643 642
 392 393 644 643
 393 394 645 644
 394 395 646 645
 395 396 647 646
 396 397 648 647
 397 398 649 648
 398 399 650 649
 399 400 651 650
 400 401 652 651
 401 402 653 652
 402 403 654 653
 403 404 655 654
 404 405 656 655
 405 406 657 656
 406 407 658 657
 407 408 659 658
 408 409 660 659
 409 410 661 660
 410 411 662 661
 411 412 663 662
 412 413 664 663
 413 414 665 664
 414 415 666 665
 415 416 667 666
 416 417 668 667
 417 418 669 668
 418 419 670 669
 419 420 671 670
 420 421 672 671
 421 422 673 672
 422 423 674 673
 423 424 675 674
 424 425 676 675
 425 426 677 676
 426 427 678 677
 427 428 679 678
 428 429 680 679
 429 430 681 680
 430 431 682 681
 431 432 683 682
 432 433 684 683
 433 434 685 684
 434 435 686 685
 435 436 687 686
 436 437 688 687
 437 438 689 688
 438 439 690 689
 439 440 691 690
 440 441 692 691
 441 442 693 692
 442 443 694 693
 443 444 695 694
 444 445 696 695
 445 446 697 696
 446 447 698 697
 447 448 699 698
 448 449 700 699
 449 450 701 700
 450 451 702 701
 451 452 703 702
 452 453 704 703
 453 454 705 704
 454 455 706 705
 455 456 707 706
 456 457 708 707
 457 458 709 708
 458 459 710 709
 459 460 711 710
 460 461 712 711
 461 462 713 712
 462 463 714 713
 463 464 715 714
 464 465 716 715
 465 466 717 716
 466 467 718 717
 467 468 719 718
 468 469 720 719
 469 470 721 720
 470 471 722 721
 471 472 723 722
 472 473 724 723
 473 474 725 724
 474 475 726 725
 475 476 727 726
 476 477 728 727
 477 478 729 728
 478 479 730 729
 479 480 731 730
 480 481 732 731
 481 482 733 732
 482 483 734 733
 483 484 735 734
 484 485 736 735
 485 486 737 736
 486 487 738 737
 487 488 739 738
 488 489 740 739
 489 490 741 740
 490 491 742 741
 491 492 743 742
 492 493 744 743
 493 494 745 744
 494 495 746 745
 495 496 747 746
 496 497 748 747
 497 498 749 748
 498 499 750 749
 499 500 751 750
 500 501 752 751
 </DataArray>
 <DataArray type="Int32" Name="offsets" format="ascii">
 4
 8
 12
 16
 20
 24
 28
 32
 36
 40
 44
 48
 52
 56
 60
 64
 68
 72
 76
 80
 84
 88
 92
 96
 100
 104
 108
 112
 116
 120
 124
 128
 132
 136
 140
 144
 148
 152
 156
 160
 164
 168
 172
 176
 180
 184
 188
 192
 196
 200
 204
 208
 212
 216
 220
 224
 228
 232
 236
 240
 244
 248
 252
 256
 260
 264
 268
 272
 276
 280
 284
 288
 292
 296
 300
 304
 308
 312
 316
 320
 324
 328
 332
 336
 340
 344
 348
 352
 356
 360
 364
 368
 372
 376
 380
 384
 388
 392
 396
 400
 404
 408
 412
 416
 420
 424
 428
 432
 436
 440
 444
 448
 452
 456
 460
 464
 468
 472
 476
 480
 484
 488
 492
 496
 500
 504
 508
 512
 516
 520
 524
 528
 532
 536
 540
 544
 548
 552
 556
 560
 564
 568
 572
 576
 580
 584
 588
 592
 596
 600
 604
 608
 612
 616
 620
 624
 628
 632
 636
 640
 644
 648
 652
 656
 660
 664
 668
 672
 676
 680
 684
 688
 692
 696
 700
 704
 708
 712
 716
 720
 724
 728
 732
 736
 740
 744
 748
 752
 756
 760
 764
 768
 772
 776
 780
 784
 788
 792
 796
 800
 804
 808
 812
 816
 820
 824
 828
 832
 836
 840
 844
 848
 852
 856
 860
 864
 868
 872
 876
 880
 884
 888
 892
 896
 900
 904
 908
 912
 916
 920
 924
 928
 932
 936
 940
 944
 948
 952
 956
 960
 964
 968
 972
 976
 980
 984
 988
 992
 996
 1000
 1004
 1008
 1012
 1016
 1020
 1024
 1028
 1032
 1036
 1040
 1044
 1048
 1052
 1056
 1060
 1064
 1068
 1072
 1076
 1080
 1084
 1088
 1092
 1096
 1100
 1104
 1108
 1112
 1116
 1120
 1124
 1128
 1132
 1136
 1140
 1144
 1148
 1152
 1156
 1160
 1164
 1168
 1172
 1176
 1180
 1184
 1188
 1192
 1196
 1200
 1204
 1208
 1212
 1216
 1220
 1224
 1228
 1232
 1236
 1240
 1244
 1248
 1252
 1256
 1260
 1264
 1268
 1272
 1276
 1280
 1284
 1288
 1292
 1296
 1300
 1304
 1308
 1312
 1316
 1320
 1324
 1328
 1332
 1336
 1340
 1344
 1348
 1352
 1356
 1360
 1364
 1368
 1372
 1376
 1380
 1384
 1388
 1392
 1396
 1400
 1404
 1408
 1412
 1416
 1420
 1424
 1428
 1432
 1436
 1440
 1444
 1448
 1452
 1456
 1460
 1464
 1468
 1472
 1476
 1480
 1484
 1488
 1492
 1496
 1500
 1504
 1508
 1512
 1516
 1520
 1524
 1528
 1532
 1536
 1540
 1544
 1548
 1552
 1556
 1560
 1564
 1568
 1572
 1576
 1580
 1584
 1588
 1592
 1596
 1600
 1604
 1608
 1612
 1616
 1620
 1624
 1628
 1632
 1636
 1640
 1644
 1648
 1652
 1656
 1660
 1664
 1668
 1672
 1676
 1680
 1684
 1688
 1692
 1696
 1700
 1704
 1708
 1712
 1716
 1720
 1724
 1728
 1732
 1736
 1740
 1744
 1748
 1752
 1756
 1760
 1764
 1768
 1772
 1776
 1780
 1784
 1788
 1792
 1796
 1800
 1804
 1808
 1812
 1816
 1820
 1824
 1828
 1832
 1836
 1840
 1844
 1848
 1852
 1856
 1860
 1864
 1868
 1872
 1876
 1880
 1884
 1888
 1892
 1896
 1900
 1904
 1908
 1912
 1916
 1920
 1924
 1928
 1932
 1936
 1940
 1944
 1948
 1952
 1956
 1960
 1964
 1968
 1972
 1976
 1980
 1984
 1988
 1992
 1996
 2000
 </DataArray>
 <DataArray type="UInt8" Name="types" format="ascii">
 9
 9
 9
 9
 9
 9
 9
 9
 9
 9
 9
 9
 9
 9
 9
 9
 9
 9
 9
 9
 9
 9
 9
 9
 9
 9
 9
 9
 9
 9
 9
 9
 9
 9
 9
 9
 9
 9
 9
 9
 9
 9
 9
 9
 9
 9
 9
 9
 9
 9
 9
 9
 9
 9
 9
 9
 9
 9
 9
 9
 9
 9
 9
 9
 9
 9
 9
 9
 9
 9
 9
 9
 9
 9
 9
 9
 9
 9
 9
 9
 9
 9
 9
 9
 9
 9
 9
 9
 9
 9
 9
 9
 9
 9
 9
 9
 9
 9
 9
 9
 9
 9
 9
 9
 9
 9
 9
 9
 9
 9
 9
 9
 9
 9
 9
 9
 9
 9
 9
 9
 9
 9
 9
 9
 9
 9
 9
 9
 9
 9
 9
 9
 9
 9
 9
 9
 9
 9
 9
 9
 9
 9
 9
 9
 9
 9
 9
 9
 9
 9
 9
 9
 9
 9
 9
 9
 9
 9
 9
 9
 9
 9
 9
 9
 9
 9
 9
 9
 9
 9
 9
 9
 9
 9
 9
 9
 9
 9
 9
 9
 9
 9
 9
 9
 9
 9
 9
 9
 9
 9
 9
 9
 9
 9
 9
 9
 9
 9
 9
 9
 9
 9
 9
 9
 9
 9
 9
 9
 9
 9
 9
 9
 9
 9
 9
 9
 9
 9
 9
 9
 9
 9
 9
 9
 9
 9
 9
 9
 9
 9
 9
 9
 9
 9
 9
 9
 9
 9
 9
 9
 9
 9
 9
 9
 9
 9
 9
 9
 9
 9
 9
 9
 9
 9
 9
 9
 9
 9
 9
 9
 9
 9
 9
 9
 9
 9
 9
 9
 9
 9
 9
 9
 9
 9
 9
 9
 9
 9
 9
 9
 9
 9
 9
 9
 9
 9
 9
 9
 9
 9
 9
 9
 9
 9
 9
 9
 9
 9
 9
 9
 9
 9
 9
 9
 9
 9
 9
 9
 9
 9
 9
 9
 9
 9
 9
 9
 9
 9
 9
 9
 9
 9
 9
 9
 9
 9
 9
 9
 9
 9
 9
 9
 9
 9
 9
 9
 9
 9
 9
 9
 9
 9
 9
 9
 9
 9
 9
 9
 9
 9
 9
 9
 9
 9
 9
 9
 9
 9
 9
 9
 9
 9
 9
 9
 9
 9
 9
 9
 9
 9
 9
 9
 9
 9
 9
 9
 9
 9
 9
 9
 9
 9
 9
 9
 9
 9
 9
 9
 9
 9
 9
 9
 9
 9
 9
 9
 9
 9
 9
 9
 9
 9
 9
 9
 9
 9
 9
 9
 9
 9
 9
 9
 9
 9
 9
 9
 9
 9
 9
 9
 9
 9
 9
 9
 9
 9
 9
 9
 9
 9
 9
 9
 9
 9
 9
 9
 9
 9
 9
 9
 9
 9
 9
 9
 9
 9
 9
 9
 9
 9
 9
 9
 9
 9
 9
 9
 9
 9
 9
 9
 9
 9
 9
 9
 9
 9
 9
 9
 9
 9
 9
 9
 9
 9
 9
 9
 9
 9
 9
 9
 9
 9
 9
 9
 9
 9
 9
 9
 9
 9
 9
 9
 9
 9
 9
 9
 9
 9
 9
 9
 </DataArray>
</Cells>
<CellData>
 <DataArray Name="pos.x" type="Float32" NumberOfComponents="1" format="ascii">
 7.527500000000161284e-01
 7.582499999999892104e-01
 7.637499999999995959e-01
 7.692499999999996563e-01
 7.747500000000097087e-01
 7.802499999999910063e-01
 7.857500000000010587e-01
 7.912500000000016742e-01
 7.967499999999915206e-01
 8.022499999999966880e-01
 8.077500000000181757e-01
 8.132499999999946994e-01
 8.187500000000167422e-01
 8.242499999999832738e-01
 8.297499999999977671e-01
 8.352499999999878355e-01
 8.407500000000409646e-01
 8.462499999999720801e-01
 8.517500000000116644e-01
 8.572499999999869669e-01
 8.627499999999874714e-01
 8.682500000000143991e-01
 8.737500000000029132e-01
 8.792499999999990878e-01
 8.847499999999889342e-01
 8.902500000000153069e-01
 8.957499999999823936e-01
 9.012500000000149836e-01
 9.067499999999835136e-01
 9.122499999999846843e-01
 9.177500000000248237e-01
 9.232500000000170015e-01
 9.287499999999918598e-01
 9.342500000000036886e-01
 9.397499999999914255e-01
 9.452500000000148006e-01
 9.507500000000017604e-01
 9.562499999999686251e-01
 9.617500000000132054e-01
 9.672499999999966125e-01
 9.727500000000363078e-01
 9.782499999999841878e-01
 9.837500000000002354e-01
 9.892499999999896376e-01
 9.947500000000210063e-01
 1.000249999999986095e+00
 1.005750000000018352e+00
 1.011249999999999538e+00
 1.016749999999997822e+00
 1.022250000000013870e+00
 1.027750000000002162e+00
 1.033249999999970026e+00
 1.038749999999990736e+00
 1.044250000000030099e+00
 1.049749999999989747e+00
 1.055249999999985588e+00
 1.060750000000017401e+00
 1.066250000000002363e+00
 1.071750000000003977e+00
 1.077250000000012253e+00
 1.082749999999974788e+00
 1.088250000000015039e+00
 1.093750000000011768e+00
 1.099249999999988514e+00
 1.104750000000003674e+00
 1.110249999999990633e+00
 1.115749999999994246e+00
 1.121250000000027391e+00
 1.126749999999979934e+00
 1.132250000000016854e+00
 1.137749999999988271e+00
 1.143250000000003652e+00
 1.148749999999989724e+00
 1.154250000000029308e+00
 1.159749999999978298e+00
 1.165249999999967701e+00
 1.170750000000038149e+00
 1.176249999999981144e+00
 1.181750000000005185e+00
 1.187250000000015016e+00
 1.192749999999982213e+00
 1.198249999999990933e+00
 1.203750000000026299e+00
 1.209249999999997938e+00
 1.214749999999985786e+00
 1.220250000000000723e+00
 1.225750000000027207e+00
 1.231249999999983080e+00
 1.236750000000012450e+00
 1.242249999999986976e+00
 1.247749999999994364e+00
 1.253249999999971553e+00
 1.258750000000037339e+00
 1.264250000000018970e+00
 1.269749999999983725e+00
 1.275250000000001771e+00
 1.280749999999977851e+00
 1.286249999999998117e+00
 1.291749999999996179e+00
 1.297249999999975589e+00
 1.302749999999992525e+00
 1.308250000000006130e+00
 1.313750000000021290e+00
 1.319249999999970058e+00
 1.324750000000051831e+00
 1.330249999999999488e+00
 1.335749999999981119e+00
 1.341249999999996501e+00
 1.346750000000011660e+00
 1.352249999999958652e+00
 1.357750000000009782e+00
 1.363249999999987194e+00
 1.368750000000042544e+00
 1.374249999999951344e+00
 1.379750000000033561e+00
 1.385249999999983661e+00
 1.390749999999999043e+00
 1.396249999999977343e+00
 1.401750000000032914e+00
 1.407249999999969914e+00
 1.412750000000026152e+00
 1.418249999999978472e+00
 1.423749999999946558e+00
 1.429250000000042986e+00
 1.434749999999947345e+00
 1.440250000000001362e+00
 1.445749999999982993e+00
 1.451250000000025908e+00
 1.456749999999986001e+00
 1.462249999999994943e+00
 1.467750000000070720e+00
 1.473249999999958204e+00
 1.478750000000007114e+00
 1.484249999999980973e+00
 1.489750000000045427e+00
 1.495250000000010848e+00
 1.500749999999958506e+00
 1.506250000000066924e+00
 1.511749999999945748e+00
 1.517249999999945365e+00
 1.522750000000028026e+00
 1.528250000000076714e+00
 1.533749999999957536e+00
 1.539249999999996010e+00
 1.544749999999964984e+00
 1.550250000000036765e+00
 1.555749999999928690e+00
 1.561250000000045102e+00
 1.566749999999969667e+00
 1.572250000000030346e+00
 1.577749999999978225e+00
 1.583249999999980950e+00
 1.588750000000042295e+00
 1.594249999999969747e+00
 1.599750000000025763e+00
 1.605249999999987187e+00
 1.610750000000036097e+00
 1.616250000000017506e+00
 1.621749999999965608e+00
 1.627249999999951013e+00
 1.632750000000093404e+00
 1.638249999999894957e+00
 1.643750000000044453e+00
 1.649250000000057614e+00
 1.654749999999939769e+00
 1.660250000000038417e+00
 1.665749999999952768e+00
 1.671250000000051861e+00
 1.676750000000016838e+00
 1.682249999999982482e+00
 1.687749999999944350e+00
 1.693250000000046995e+00
 1.698750000000010418e+00
 1.704249999999939647e+00
 1.709750000000059833e+00
 1.715249999999950203e+00
 1.720750000000043078e+00
 1.726250000000086660e+00
 1.731749999999893319e+00
 1.737249999999982419e+00
 1.742750000000031330e+00
 1.748250000000012960e+00
 1.753749999999994369e+00
 1.759249999999988212e+00
 1.764749999999969621e+00
 1.770250000000050505e+00
 1.775749999999977069e+00
 1.781250000000025979e+00
 1.786749999999962091e+00
 1.792249999999966370e+00
 1.797749999999981751e+00
 1.803250000000040432e+00
 1.808749999999968772e+00
 1.814250000000060981e+00
 1.819749999999984436e+00
 1.825249999999990491e+00
 1.830750000000072930e+00
 1.836250000000021032e+00
 1.841749999999968912e+00
 1.847250000000025594e+00
 1.852749999999973252e+00
 1.858250000000041036e+00
 1.863749999999935847e+00
 1.869250000000058920e+00
 1.874749999999965722e+00
 1.880250000000035726e+00
 1.885750000000090632e+00
 1.891249999999847775e+00
 1.896750000000082315e+00
 1.902249999999905850e+00
 1.907750000000084212e+00
 1.913249999999897755e+00
 1.918750000000085221e+00
 1.924250000000062633e+00
 1.929749999999973431e+00
 1.935249999999995474e+00
 1.940749999999973774e+00
 1.946249999999988933e+00
 1.951749999999973006e+00
 1.957249999999983725e+00
 1.962750000000137440e+00
 1.968249999999947430e+00
 1.973750000000032756e+00
 1.979249999999980414e+00
 1.984750000000061076e+00
 1.990249999999943009e+00
 1.995750000000058755e+00
 2.001249999999973106e+00
 2.006750000000088630e+00
 2.012249999999969674e+00
 2.017750000000019472e+00
 2.023249999999965354e+00
 2.028749999999948095e+00
 2.034250000000097813e+00
 2.039749999999875829e+00
 2.045250000000061075e+00
 2.050749999999905704e+00
 2.056250000000097167e+00
 2.061749999999935579e+00
 2.067250000000047994e+00
 2.072749999999972559e+00
 2.078250000000017916e+00
 2.083750000000033076e+00
 2.089250000000019369e+00
 2.094749999999987011e+00
 2.100249999999838302e+00
 2.105750000000171873e+00
 2.111249999999935678e+00
 2.116749999999989917e+00
 2.122249999999965553e+00
 7.527500000000161284e-01
 7.582499999999892104e-01
 7.637499999999995959e-01
 7.692499999999996563e-01
 7.747500000000097087e-01
 7.802499999999910063e-01
 7.857499999999975060e-01
 7.912500000000053380e-01
 7.967499999999915206e-01
 8.022500000000093445e-01
 8.077500000000052971e-01
 8.132499999999946994e-01
 8.187500000000204059e-01
 8.242499999999796101e-01
 8.297499999999977671e-01
 8.352499999999878355e-01
 8.407500000000275309e-01
 8.462499999999857359e-01
 8.517500000000076676e-01
 8.572499999999829701e-01
 8.627499999999735936e-01
 8.682500000000143991e-01
 8.737500000000029132e-01
 8.792499999999990878e-01
 8.847499999999889342e-01
 8.902500000000153069e-01
 8.957499999999782858e-01
 9.012500000000192024e-01
 9.067499999999835136e-01
 9.122499999999765796e-01
 9.177500000000162750e-01
 9.232500000000170015e-01
 9.287500000000045164e-01
 9.342499999999912541e-01
 9.397499999999914255e-01
 9.452500000000148006e-01
 9.507499999999935447e-01
 9.562499999999771738e-01
 9.617500000000004379e-01
 9.672499999999840670e-01
 9.727500000000278702e-01
 9.782499999999841878e-01
 9.837500000000002354e-01
 9.892499999999896376e-01
 9.947500000000210063e-01
 1.000249999999986095e+00
 1.005750000000022570e+00
 1.011249999999995319e+00
 1.016749999999997822e+00
 1.022250000000005432e+00
 1.027750000000010600e+00
 1.033249999999970026e+00
 1.038749999999986517e+00
 1.044250000000034317e+00
 1.049749999999989747e+00
 1.055249999999985588e+00
 1.060750000000025617e+00
 1.066249999999994147e+00
 1.071750000000008196e+00
 1.077250000000016694e+00
 1.082749999999966128e+00
 1.088250000000015039e+00
 1.093750000000011768e+00
 1.099249999999988514e+00
 1.104750000000003674e+00
 1.110249999999990633e+00
 1.115749999999998465e+00
 1.121250000000022951e+00
 1.126749999999979934e+00
 1.132249999999997314e+00
 1.137750000000008255e+00
 1.143250000000003652e+00
 1.148749999999985283e+00
 1.154250000000033971e+00
 1.159749999999978298e+00
 1.165249999999967701e+00
 1.170750000000038149e+00
 1.176250000000001572e+00
 1.181749999999984757e+00
 1.187250000000019456e+00
 1.192749999999986876e+00
 1.198250000000011806e+00
 1.203750000000026299e+00
 1.209249999999997938e+00
 1.214749999999985786e+00
 1.220250000000000723e+00
 1.225750000000027207e+00
 1.231249999999987965e+00
 1.236750000000007566e+00
 1.242249999999986976e+00
 1.247750000000020787e+00
 1.253250000000007969e+00
 1.258750000000037339e+00
 1.264249999999981666e+00
 1.269750000000020806e+00
 1.275250000000001771e+00
 1.280749999999977851e+00
 1.286250000000035421e+00
 1.291749999999975085e+00
 1.297249999999996684e+00
 1.302750000000013841e+00
 1.308250000000027669e+00
 1.313750000000021290e+00
 1.319249999999970058e+00
 1.324750000000051831e+00
 1.330249999999999488e+00
 1.335749999999981119e+00
 1.341250000000019149e+00
 1.346749999999989011e+00
 1.352249999999958652e+00
 1.357749999999986468e+00
 1.363250000000010065e+00
 1.368750000000042544e+00
 1.374249999999927585e+00
 1.379750000000057764e+00
 1.385249999999983661e+00
 1.390749999999999043e+00
 1.396250000000001767e+00
 1.401750000000007823e+00
 1.407249999999994783e+00
 1.412750000000051243e+00
 1.418250000000037314e+00
 1.423749999999946558e+00
 1.429250000000042986e+00
 1.434749999999947345e+00
 1.440250000000001362e+00
 1.445749999999982993e+00
 1.451250000000025908e+00
 1.456749999999986001e+00
 1.462249999999994943e+00
 1.467750000000010546e+00
 1.473250000000018156e+00
 1.478750000000007114e+00
 1.484249999999980973e+00
 1.489750000000045427e+00
 1.495250000000010848e+00
 1.500749999999958506e+00
 1.506250000000051825e+00
 1.511749999999960847e+00
 1.517249999999931376e+00
 1.522750000000013815e+00
 1.528250000000027642e+00
 1.533749999999957536e+00
 1.539249999999996010e+00
 1.544749999999964984e+00
 1.550250000000036765e+00
 1.555749999999928690e+00
 1.561250000000045102e+00
 1.566749999999969667e+00
 1.572250000000030346e+00
 1.577750000000028630e+00
 1.583249999999930324e+00
 1.588750000000042295e+00
 1.594249999999969747e+00
 1.599750000000025763e+00
 1.605249999999987187e+00
 1.610750000000036097e+00
 1.616249999999965992e+00
 1.621750000000017122e+00
 1.627249999999935692e+00
 1.632750000000078527e+00
 1.638249999999842776e+00
 1.643750000000044453e+00
 1.649250000000057614e+00
 1.654749999999939769e+00
 1.660250000000038417e+00
 1.665749999999952768e+00
 1.671250000000051861e+00
 1.676750000000016838e+00
 1.682249999999982482e+00
 1.687749999999998085e+00
 1.693249999999992594e+00
 1.698750000000010418e+00
 1.704249999999939647e+00
 1.709750000000059833e+00
 1.715249999999950203e+00
 1.720750000000043078e+00
 1.726250000000030926e+00
 1.731749999999948608e+00
 1.737249999999966210e+00
 1.742750000000015120e+00
 1.748249999999922810e+00
 1.753749999999994369e+00
 1.759249999999988212e+00
 1.764749999999969621e+00
 1.770250000000050505e+00
 1.775749999999977069e+00
 1.781250000000025979e+00
 1.786749999999962091e+00
 1.792249999999966370e+00
 1.797749999999982640e+00
 1.803250000000039099e+00
 1.808749999999968772e+00
 1.814250000000060981e+00
 1.819749999999984436e+00
 1.825249999999990491e+00
 1.830750000000072930e+00
 1.836249999999986615e+00
 1.841750000000002663e+00
 1.847249999999975190e+00
 1.852749999999922847e+00
 1.858250000000006397e+00
 1.863749999999935847e+00
 1.869250000000058920e+00
 1.874749999999965722e+00
 1.880250000000035726e+00
 1.885750000000090632e+00
 1.891249999999847775e+00
 1.896750000000082315e+00
 1.902249999999905850e+00
 1.907750000000084212e+00
 1.913249999999931283e+00
 1.918750000000051248e+00
 1.924250000000062633e+00
 1.929749999999973431e+00
 1.935249999999995474e+00
 1.940749999999973774e+00
 1.946249999999988933e+00
 1.951749999999939034e+00
 1.957250000000017032e+00
 1.962750000000086592e+00
 1.968249999999896582e+00
 1.973749999999999227e+00
 1.979249999999980414e+00
 1.984750000000061076e+00
 1.990249999999943009e+00
 1.995750000000058755e+00
 2.001249999999973106e+00
 2.006750000000088630e+00
 2.012249999999969674e+00
 2.017750000000019472e+00
 2.023249999999931603e+00
 2.028749999999982290e+00
 2.034250000000097813e+00
 2.039749999999875829e+00
 2.045250000000061075e+00
 2.050749999999905704e+00
 2.056250000000097167e+00
 2.061749999999968885e+00
 2.067250000000014687e+00
 2.072749999999989434e+00
 2.078250000000034792e+00
 2.083750000000066382e+00
 2.089250000000019369e+00
 2.094749999999987011e+00
 2.100249999999838302e+00
 2.105750000000171873e+00
 2.111249999999935678e+00
 2.116749999999989917e+00
 2.122249999999965553e+00
 </DataArray>
 <DataArray Name="pos.y" type="Float32" NumberOfComponents="1" format="ascii">
 2.500000000000051140e-02
 2.499999999999950179e-02
 2.500000000000026160e-02
 2.499999999999975506e-02
 2.500000000000051140e-02
 2.499999999999962669e-02
 2.500000000000012629e-02
 2.499999999999987302e-02
 2.499999999999987996e-02
 2.500000000000012282e-02
 2.500000000000025119e-02
 2.499999999999987996e-02
 2.500000000000038650e-02
 2.499999999999962669e-02
 2.500000000000012976e-02
 2.499999999999987996e-02
 2.500000000000051487e-02
 2.499999999999950873e-02
 2.500000000000025119e-02
 2.499999999999974118e-02
 2.499999999999986955e-02
 2.500000000000026160e-02
 2.500000000000012976e-02
 2.499999999999987996e-02
 2.499999999999987996e-02
 2.500000000000012976e-02
 2.499999999999961975e-02
 2.500000000000050793e-02
 2.499999999999975506e-02
 2.499999999999961975e-02
 2.500000000000012282e-02
 2.500000000000051140e-02
 2.499999999999987996e-02
 2.500000000000012976e-02
 2.499999999999962669e-02
 2.500000000000038650e-02
 2.499999999999988343e-02
 2.499999999999963016e-02
 2.500000000000012629e-02
 2.499999999999986608e-02
 2.500000000000050446e-02
 2.499999999999950179e-02
 2.500000000000026160e-02
 2.499999999999987996e-02
 2.500000000000038650e-02
 2.499999999999962669e-02
 2.500000000000012629e-02
 2.499999999999987302e-02
 2.499999999999987996e-02
 2.500000000000012282e-02
 2.500000000000025119e-02
 2.499999999999975506e-02
 2.499999999999987996e-02
 2.500000000000026160e-02
 2.500000000000012976e-02
 2.499999999999987996e-02
 2.499999999999988343e-02
 2.500000000000013670e-02
 2.500000000000025119e-02
 2.499999999999986608e-02
 2.499999999999974465e-02
 2.500000000000026160e-02
 2.500000000000012976e-02
 2.499999999999987996e-02
 2.499999999999987996e-02
 2.500000000000012976e-02
 2.499999999999961975e-02
 2.500000000000037956e-02
 2.499999999999987996e-02
 2.500000000000025119e-02
 2.499999999999949138e-02
 2.500000000000051140e-02
 2.499999999999987996e-02
 2.500000000000012976e-02
 2.499999999999962669e-02
 2.499999999999987996e-02
 2.500000000000025813e-02
 2.499999999999988343e-02
 2.500000000000013670e-02
 2.500000000000025119e-02
 2.499999999999974118e-02
 2.499999999999986955e-02
 2.500000000000026160e-02
 2.500000000000012976e-02
 2.499999999999987996e-02
 2.499999999999987996e-02
 2.500000000000012976e-02
 2.500000000000025119e-02
 2.499999999999987302e-02
 2.499999999999975506e-02
 2.500000000000025119e-02
 2.499999999999949138e-02
 2.500000000000051140e-02
 2.500000000000051140e-02
 2.499999999999950179e-02
 2.500000000000026160e-02
 2.499999999999975506e-02
 2.499999999999925546e-02
 2.500000000000026507e-02
 2.499999999999949832e-02
 2.499999999999923811e-02
 2.500000000000050446e-02
 2.499999999999950179e-02
 2.500000000000026160e-02
 2.500000000000051140e-02
 2.499999999999975506e-02
 2.500000000000026160e-02
 2.499999999999949832e-02
 2.500000000000050793e-02
 2.499999999999924852e-02
 2.500000000000075426e-02
 2.499999999999899178e-02
 2.500000000000101794e-02
 2.499999999999924852e-02
 2.500000000000026160e-02
 2.499999999999950179e-02
 2.500000000000051140e-02
 2.499999999999925546e-02
 2.500000000000077161e-02
 2.499999999999899178e-02
 2.500000000000049752e-02
 2.499999999999974465e-02
 2.499999999999899872e-02
 2.500000000000076120e-02
 2.499999999999924852e-02
 2.500000000000051140e-02
 2.499999999999950179e-02
 2.500000000000026160e-02
 2.499999999999975506e-02
 2.500000000000051140e-02
 2.500000000000025119e-02
 2.499999999999949138e-02
 2.500000000000051140e-02
 2.499999999999924852e-02
 2.500000000000076120e-02
 2.500000000000026160e-02
 2.499999999999924852e-02
 2.500000000000102141e-02
 2.499999999999900219e-02
 2.499999999999949832e-02
 2.500000000000049752e-02
 2.500000000000050446e-02
 2.499999999999950179e-02
 2.500000000000026160e-02
 2.499999999999975506e-02
 2.500000000000051140e-02
 2.499999999999899872e-02
 2.500000000000076120e-02
 2.499999999999924852e-02
 2.500000000000051140e-02
 2.499999999999949138e-02
 2.500000000000025119e-02
 2.500000000000051140e-02
 2.499999999999975506e-02
 2.500000000000026160e-02
 2.499999999999950179e-02
 2.500000000000051140e-02
 2.500000000000051487e-02
 2.499999999999950873e-02
 2.499999999999899178e-02
 2.500000000000100059e-02
 2.499999999999924158e-02
 2.500000000000026160e-02
 2.500000000000076120e-02
 2.499999999999924852e-02
 2.500000000000051140e-02
 2.499999999999950179e-02
 2.500000000000026160e-02
 2.500000000000051140e-02
 2.499999999999975506e-02
 2.499999999999899178e-02
 2.500000000000075426e-02
 2.500000000000051140e-02
 2.499999999999924852e-02
 2.500000000000076120e-02
 2.499999999999899872e-02
 2.500000000000101794e-02
 2.500000000000051487e-02
 2.499999999999900219e-02
 2.499999999999949832e-02
 2.500000000000049752e-02
 2.500000000000050446e-02
 2.499999999999950179e-02
 2.500000000000026160e-02
 2.499999999999924852e-02
 2.500000000000101794e-02
 2.499999999999899872e-02
 2.500000000000076120e-02
 2.499999999999924852e-02
 2.500000000000051140e-02
 2.499999999999949138e-02
 2.500000000000025119e-02
 2.499999999999975506e-02
 2.500000000000051140e-02
 2.500000000000026160e-02
 2.499999999999950179e-02
 2.500000000000051140e-02
 2.500000000000051487e-02
 2.499999999999950873e-02
 2.500000000000025119e-02
 2.499999999999923811e-02
 2.499999999999974465e-02
 2.500000000000026160e-02
 2.500000000000025813e-02
 2.500000000000026160e-02
 2.499999999999975506e-02
 2.500000000000051140e-02
 2.499999999999899872e-02
 2.500000000000076120e-02
 2.499999999999924852e-02
 2.500000000000051140e-02
 2.499999999999949138e-02
 2.500000000000025119e-02
 2.500000000000051140e-02
 2.499999999999975506e-02
 2.500000000000026160e-02
 2.499999999999950179e-02
 2.500000000000051140e-02
 2.499999999999925546e-02
 2.500000000000077161e-02
 2.500000000000025119e-02
 2.499999999999974118e-02
 2.499999999999924158e-02
 2.500000000000026160e-02
 2.500000000000076120e-02
 2.499999999999924852e-02
 2.500000000000051140e-02
 2.499999999999975506e-02
 2.500000000000000833e-02
 2.500000000000051140e-02
 2.499999999999975506e-02
 2.499999999999924158e-02
 2.500000000000050446e-02
 2.500000000000051140e-02
 2.499999999999924852e-02
 2.500000000000051140e-02
 2.499999999999924852e-02
 2.500000000000101794e-02
 2.499999999999925546e-02
 2.500000000000001180e-02
 2.499999999999974812e-02
 2.500000000000049752e-02
 2.500000000000050446e-02
 2.499999999999975506e-02
 2.500000000000000833e-02
 2.499999999999924852e-02
 2.500000000000101794e-02
 2.499999999999924852e-02
 2.500000000000051140e-02
 2.499999999999924852e-02
 7.500000000000153766e-02
 7.499999999999849842e-02
 7.500000000000078826e-02
 7.499999999999927558e-02
 7.500000000000153766e-02
 7.499999999999888700e-02
 7.499999999999998335e-02
 7.500000000000001110e-02
 7.499999999999963640e-02
 7.500000000000150990e-02
 7.499999999999959477e-02
 7.499999999999963640e-02
 7.500000000000149603e-02
 7.499999999999856781e-02
 7.500000000000038580e-02
 7.499999999999963640e-02
 7.500000000000026090e-02
 7.499999999999983069e-02
 7.500000000000046907e-02
 7.499999999999895639e-02
 7.499999999999823475e-02
 7.500000000000078826e-02
 7.500000000000038580e-02
 7.499999999999963640e-02
 7.499999999999963640e-02
 7.500000000000038580e-02
 7.499999999999866496e-02
 7.500000000000171807e-02
 7.499999999999927558e-02
 7.499999999999852618e-02
 7.500000000000067724e-02
 7.500000000000153766e-02
 7.499999999999977518e-02
 7.500000000000026090e-02
 7.499999999999888700e-02
 7.500000000000116296e-02
 7.499999999999984457e-02
 7.499999999999873435e-02
 7.500000000000030254e-02
 7.499999999999953926e-02
 7.500000000000162093e-02
 7.499999999999849842e-02
 7.500000000000078826e-02
 7.499999999999963640e-02
 7.500000000000116296e-02
 7.499999999999888700e-02
 7.500000000000039968e-02
 7.499999999999960865e-02
 7.499999999999963640e-02
 7.500000000000044131e-02
 7.500000000000066336e-02
 7.499999999999927558e-02
 7.499999999999955314e-02
 7.500000000000087153e-02
 7.500000000000038580e-02
 7.499999999999963640e-02
 7.499999999999941436e-02
 7.500000000000066336e-02
 7.500000000000088540e-02
 7.499999999999976130e-02
 7.499999999999890088e-02
 7.500000000000078826e-02
 7.500000000000038580e-02
 7.499999999999963640e-02
 7.499999999999963640e-02
 7.500000000000038580e-02
 7.499999999999906741e-02
 7.500000000000089928e-02
 7.499999999999963640e-02
 7.499999999999935885e-02
 7.499999999999985845e-02
 7.500000000000153766e-02
 7.499999999999935885e-02
 7.500000000000067724e-02
 7.499999999999888700e-02
 7.499999999999963640e-02
 7.500000000000077438e-02
 7.500000000000087153e-02
 7.499999999999922007e-02
 7.500000000000110745e-02
 7.499999999999959477e-02
 7.500000000000076050e-02
 7.500000000000078826e-02
 7.500000000000038580e-02
 7.499999999999963640e-02
 7.499999999999963640e-02
 7.500000000000038580e-02
 7.500000000000119071e-02
 7.499999999999917843e-02
 7.499999999999927558e-02
 7.500000000000167644e-02
 7.500000000000128786e-02
 7.500000000000153766e-02
 7.499999999999912292e-02
 7.500000000000088540e-02
 7.500000000000078826e-02
 7.499999999999927558e-02
 7.500000000000045519e-02
 7.499999999999809597e-02
 7.500000000000094091e-02
 7.500000000000017764e-02
 7.500000000000413281e-02
 7.499999999999849842e-02
 7.500000000000078826e-02
 7.500000000000153766e-02
 7.499999999999927558e-02
 7.500000000000078826e-02
 7.500000000000102418e-02
 7.499999999999897027e-02
 7.499999999999774902e-02
 7.499999999999983069e-02
 7.499999999999935885e-02
 7.500000000000306422e-02
 7.499999999999514000e-02
 7.500000000000341116e-02
 7.499999999999849842e-02
 7.500000000000153766e-02
 7.500000000000003886e-02
 7.500000000000003886e-02
 7.499999999999963640e-02
 7.500000000000417444e-02
 7.500000000000142664e-02
 7.499999999999699962e-02
 7.500000000000227318e-02
 7.499999999999774902e-02
 7.500000000000153766e-02
 7.499999999999849842e-02
 7.500000000000078826e-02
 7.499999999999927558e-02
 7.500000000000153766e-02
 7.499999999999874822e-02
 7.500000000000046907e-02
 7.500000000000153766e-02
 7.499999999999774902e-02
 7.500000000000227318e-02
 7.500000000000078826e-02
 7.499999999999774902e-02
 7.500000000000114908e-02
 7.499999999999892863e-02
 7.499999999999756861e-02
 7.500000000000058009e-02
 7.499999999999952538e-02
 7.499999999999849842e-02
 7.500000000000078826e-02
 7.499999999999927558e-02
 7.500000000000153766e-02
 7.499999999999699962e-02
 7.500000000000227318e-02
 7.499999999999774902e-02
 7.500000000000153766e-02
 7.500000000000066336e-02
 7.499999999999854006e-02
 7.500000000000153766e-02
 7.499999999999927558e-02
 7.500000000000078826e-02
 7.499999999999849842e-02
 7.500000000000153766e-02
 7.499999999999922007e-02
 7.500000000000085765e-02
 7.499999999999625022e-02
 7.500000000000231482e-02
 7.499999999999532041e-02
 7.500000000000078826e-02
 7.500000000000227318e-02
 7.499999999999774902e-02
 7.500000000000153766e-02
 7.499999999999849842e-02
 7.500000000000078826e-02
 7.500000000000153766e-02
 7.499999999999927558e-02
 7.499999999999955314e-02
 7.499999999999963640e-02
 7.500000000000153766e-02
 7.499999999999774902e-02
 7.500000000000227318e-02
 7.499999999999699962e-02
 7.500000000000306422e-02
 7.499999999999878986e-02
 7.499999999999976130e-02
 7.499999999999798495e-02
 7.500000000000101030e-02
 7.499999999999867883e-02
 7.499999999999849842e-02
 7.500000000000078826e-02
 7.499999999999774902e-02
 7.500000000000306422e-02
 7.499999999999699962e-02
 7.500000000000227318e-02
 7.499999999999774902e-02
 7.500000000000153766e-02
 7.499999999999770739e-02
 7.500000000000148215e-02
 7.499999999999927558e-02
 7.500000000000153766e-02
 7.500000000000078826e-02
 7.499999999999849842e-02
 7.500000000000153766e-02
 7.500000000000217604e-02
 7.499999999999791556e-02
 7.500000000000045519e-02
 7.499999999999742983e-02
 7.499999999999974742e-02
 7.500000000000078826e-02
 7.500000000000077438e-02
 7.500000000000078826e-02
 7.499999999999927558e-02
 7.500000000000153766e-02
 7.499999999999699962e-02
 7.500000000000227318e-02
 7.499999999999774902e-02
 7.500000000000153766e-02
 7.499999999999813760e-02
 7.500000000000106581e-02
 7.500000000000153766e-02
 7.499999999999927558e-02
 7.500000000000078826e-02
 7.499999999999849842e-02
 7.500000000000153766e-02
 7.499999999999792943e-02
 7.500000000000214828e-02
 7.500000000000067724e-02
 7.499999999999915068e-02
 7.499999999999783229e-02
 7.500000000000078826e-02
 7.500000000000227318e-02
 7.499999999999774902e-02
 7.500000000000153766e-02
 7.499999999999927558e-02
 7.500000000000002498e-02
 7.500000000000153766e-02
 7.499999999999927558e-02
 7.499999999999781841e-02
 7.500000000000141276e-02
 7.500000000000153766e-02
 7.499999999999774902e-02
 7.500000000000153766e-02
 7.499999999999774902e-02
 7.500000000000306422e-02
 7.499999999999752698e-02
 7.500000000000030254e-02
 7.499999999999937272e-02
 7.500000000000164868e-02
 7.500000000000119071e-02
 7.499999999999927558e-02
 7.500000000000002498e-02
 7.499999999999774902e-02
 7.500000000000306422e-02
 7.499999999999774902e-02
 7.500000000000153766e-02
 7.499999999999774902e-02
 </DataArray>
 <DataArray Name="pos.z" type="Float32" NumberOfComponents="1" format="ascii">
 0.000000000000000000e+00
 0.000000000000000000e+00
 0.000000000000000000e+00
 0.000000000000000000e+00
 0.000000000000000000e+00
 0.000000000000000000e+00
 0.000000000000000000e+00
 0.000000000000000000e+00
 0.000000000000000000e+00
 0.000000000000000000e+00
 0.000000000000000000e+00
 0.000000000000000000e+00
 0.000000000000000000e+00
 0.000000000000000000e+00
 0.000000000000000000e+00
 0.000000000000000000e+00
 0.000000000000000000e+00
 0.000000000000000000e+00
 0.000000000000000000e+00
 0.000000000000000000e+00
 0.000000000000000000e+00
 0.000000000000000000e+00
 0.000000000000000000e+00
 0.000000000000000000e+00
 0.000000000000000000e+00
 0.000000000000000000e+00
 0.000000000000000000e+00
 0.000000000000000000e+00
 0.000000000000000000e+00
 0.000000000000000000e+00
 0.000000000000000000e+00
 0.000000000000000000e+00
 0.000000000000000000e+00
 0.000000000000000000e+00
 0.000000000000000000e+00
 0.000000000000000000e+00
 0.000000000000000000e+00
 0.000000000000000000e+00
 0.000000000000000000e+00
 0.000000000000000000e+00
 0.000000000000000000e+00
 0.000000000000000000e+00
 0.000000000000000000e+00
 0.000000000000000000e+00
 0.000000000000000000e+00
 0.000000000000000000e+00
 0.000000000000000000e+00
 0.000000000000000000e+00
 0.000000000000000000e+00
 0.000000000000000000e+00
 0.000000000000000000e+00
 0.000000000000000000e+00
 0.000000000000000000e+00
 0.000000000000000000e+00
 0.000000000000000000e+00
 0.000000000000000000e+00
 0.000000000000000000e+00
 0.000000000000000000e+00
 0.000000000000000000e+00
 0.000000000000000000e+00
 0.000000000000000000e+00
 0.000000000000000000e+00
 0.000000000000000000e+00
 0.000000000000000000e+00
 0.000000000000000000e+00
 0.000000000000000000e+00
 0.000000000000000000e+00
 0.000000000000000000e+00
 0.000000000000000000e+00
 0.000000000000000000e+00
 0.000000000000000000e+00
 0.000000000000000000e+00
 0.000000000000000000e+00
 0.000000000000000000e+00
 0.000000000000000000e+00
 0.000000000000000000e+00
 0.000000000000000000e+00
 0.000000000000000000e+00
 0.000000000000000000e+00
 0.000000000000000000e+00
 0.000000000000000000e+00
 0.000000000000000000e+00
 0.000000000000000000e+00
 0.000000000000000000e+00
 0.000000000000000000e+00
 0.000000000000000000e+00
 0.000000000000000000e+00
 0.000000000000000000e+00
 0.000000000000000000e+00
 0.000000000000000000e+00
 0.000000000000000000e+00
 0.000000000000000000e+00
 0.000000000000000000e+00
 0.000000000000000000e+00
 0.000000000000000000e+00
 0.000000000000000000e+00
 0.000000000000000000e+00
 0.000000000000000000e+00
 0.000000000000000000e+00
 0.000000000000000000e+00
 0.000000000000000000e+00
 0.000000000000000000e+00
 0.000000000000000000e+00
 0.000000000000000000e+00
 0.000000000000000000e+00
 0.000000000000000000e+00
 0.000000000000000000e+00
 0.000000000000000000e+00
 0.000000000000000000e+00
 0.000000000000000000e+00
 0.000000000000000000e+00
 0.000000000000000000e+00
 0.000000000000000000e+00
 0.000000000000000000e+00
 0.000000000000000000e+00
 0.000000000000000000e+00
 0.000000000000000000e+00
 0.000000000000000000e+00
 0.000000000000000000e+00
 0.000000000000000000e+00
 0.000000000000000000e+00
 0.000000000000000000e+00
 0.000000000000000000e+00
 0.000000000000000000e+00
 0.000000000000000000e+00
 0.000000000000000000e+00
 0.000000000000000000e+00
 0.000000000000000000e+00
 0.000000000000000000e+00
 0.000000000000000000e+00
 0.000000000000000000e+00
 0.000000000000000000e+00
 0.000000000000000000e+00
 0.000000000000000000e+00
 0.000000000000000000e+00
 0.000000000000000000e+00
 0.000000000000000000e+00
 0.000000000000000000e+00
 0.000000000000000000e+00
 0.000000000000000000e+00
 0.000000000000000000e+00
 0.000000000000000000e+00
 0.000000000000000000e+00
 0.000000000000000000e+00
 0.000000000000000000e+00
 0.000000000000000000e+00
 0.000000000000000000e+00
 0.000000000000000000e+00
 0.000000000000000000e+00
 0.000000000000000000e+00
 0.000000000000000000e+00
 0.000000000000000000e+00
 0.000000000000000000e+00
 0.000000000000000000e+00
 0.000000000000000000e+00
 0.000000000000000000e+00
 0.000000000000000000e+00
 0.000000000000000000e+00
 0.000000000000000000e+00
 0.000000000000000000e+00
 0.000000000000000000e+00
 0.000000000000000000e+00
 0.000000000000000000e+00
 0.000000000000000000e+00
 0.000000000000000000e+00
 0.000000000000000000e+00
 0.000000000000000000e+00
 0.000000000000000000e+00
 0.000000000000000000e+00
 0.000000000000000000e+00
 0.000000000000000000e+00
 0.000000000000000000e+00
 0.000000000000000000e+00
 0.000000000000000000e+00
 0.000000000000000000e+00
 0.000000000000000000e+00
 0.000000000000000000e+00
 0.000000000000000000e+00
 0.000000000000000000e+00
 0.000000000000000000e+00
 0.000000000000000000e+00
 0.000000000000000000e+00
 0.000000000000000000e+00
 0.000000000000000000e+00
 0.000000000000000000e+00
 0.000000000000000000e+00
 0.000000000000000000e+00
 0.000000000000000000e+00
 0.000000000000000000e+00
 0.000000000000000000e+00
 0.000000000000000000e+00
 0.000000000000000000e+00
 0.000000000000000000e+00
 0.000000000000000000e+00
 0.000000000000000000e+00
 0.000000000000000000e+00
 0.000000000000000000e+00
 0.000000000000000000e+00
 0.000000000000000000e+00
 0.000000000000000000e+00
 0.000000000000000000e+00
 0.000000000000000000e+00
 0.000000000000000000e+00
 0.000000000000000000e+00
 0.000000000000000000e+00
 0.000000000000000000e+00
 0.000000000000000000e+00
 0.000000000000000000e+00
 0.000000000000000000e+00
 0.000000000000000000e+00
 0.000000000000000000e+00
 0.000000000000000000e+00
 0.000000000000000000e+00
 0.000000000000000000e+00
 0.000000000000000000e+00
 0.000000000000000000e+00
 0.000000000000000000e+00
 0.000000000000000000e+00
 0.000000000000000000e+00
 0.000000000000000000e+00
 0.000000000000000000e+00
 0.000000000000000000e+00
 0.000000000000000000e+00
 0.000000000000000000e+00
 0.000000000000000000e+00
 0.000000000000000000e+00
 0.000000000000000000e+00
 0.000000000000000000e+00
 0.000000000000000000e+00
 0.000000000000000000e+00
 0.000000000000000000e+00
 0.000000000000000000e+00
 0.000000000000000000e+00
 0.000000000000000000e+00
 0.000000000000000000e+00
 0.000000000000000000e+00
 0.000000000000000000e+00
 0.000000000000000000e+00
 0.000000000000000000e+00
 0.000000000000000000e+00
 0.000000000000000000e+00
 0.000000000000000000e+00
 0.000000000000000000e+00
 0.000000000000000000e+00
 0.000000000000000000e+00
 0.000000000000000000e+00
 0.000000000000000000e+00
 0.000000000000000000e+00
 0.000000000000000000e+00
 0.000000000000000000e+00
 0.000000000000000000e+00
 0.000000000000000000e+00
 0.000000000000000000e+00
 0.000000000000000000e+00
 0.000000000000000000e+00
 0.000000000000000000e+00
 0.000000000000000000e+00
 0.000000000000000000e+00
 0.000000000000000000e+00
 0.000000000000000000e+00
 0.000000000000000000e+00
 0.000000000000000000e+00
 0.000000000000000000e+00
 0.000000000000000000e+00
 0.000000000000000000e+00
 0.000000000000000000e+00
 0.000000000000000000e+00
 0.000000000000000000e+00
 0.000000000000000000e+00
 0.000000000000000000e+00
 0.000000000000000000e+00
 0.000000000000000000e+00
 0.000000000000000000e+00
 0.000000000000000000e+00
 0.000000000000000000e+00
 0.000000000000000000e+00
 0.000000000000000000e+00
 0.000000000000000000e+00
 0.000000000000000000e+00
 0.000000000000000000e+00
 0.000000000000000000e+00
 0.000000000000000000e+00
 0.000000000000000000e+00
 0.000000000000000000e+00
 0.000000000000000000e+00
 0.000000000000000000e+00
 0.000000000000000000e+00
 0.000000000000000000e+00
 0.000000000000000000e+00
 0.000000000000000000e+00
 0.000000000000000000e+00
 0.000000000000000000e+00
 0.000000000000000000e+00
 0.000000000000000000e+00
 0.000000000000000000e+00
 0.000000000000000000e+00
 0.000000000000000000e+00
 0.000000000000000000e+00
 0.000000000000000000e+00
 0.000000000000000000e+00
 0.000000000000000000e+00
 0.000000000000000000e+00
 0.000000000000000000e+00
 0.000000000000000000e+00
 0.000000000000000000e+00
 0.000000000000000000e+00
 0.000000000000000000e+00
 0.000000000000000000e+00
 0.000000000000000000e+00
 0.000000000000000000e+00
 0.000000000000000000e+00
 0.000000000000000000e+00
 0.000000000000000000e+00
 0.000000000000000000e+00
 0.000000000000000000e+00
 0.000000000000000000e+00
 0.000000000000000000e+00
 0.000000000000000000e+00
 0.000000000000000000e+00
 0.000000000000000000e+00
 0.000000000000000000e+00
 0.000000000000000000e+00
 0.000000000000000000e+00
 0.000000000000000000e+00
 0.000000000000000000e+00
 0.000000000000000000e+00
 0.000000000000000000e+00
 0.000000000000000000e+00
 0.000000000000000000e+00
 0.000000000000000000e+00
 0.000000000000000000e+00
 0.000000000000000000e+00
 0.000000000000000000e+00
 0.000000000000000000e+00
 0.000000000000000000e+00
 0.000000000000000000e+00
 0.000000000000000000e+00
 0.000000000000000000e+00
 0.000000000000000000e+00
 0.000000000000000000e+00
 0.000000000000000000e+00
 0.000000000000000000e+00
 0.000000000000000000e+00
 0.000000000000000000e+00
 0.000000000000000000e+00
 0.000000000000000000e+00
 0.000000000000000000e+00
 0.000000000000000000e+00
 0.000000000000000000e+00
 0.000000000000000000e+00
 0.000000000000000000e+00
 0.000000000000000000e+00
 0.000000000000000000e+00
 0.000000000000000000e+00
 0.000000000000000000e+00
 0.000000000000000000e+00
 0.000000000000000000e+00
 0.000000000000000000e+00
 0.000000000000000000e+00
 0.000000000000000000e+00
 0.000000000000000000e+00
 0.000000000000000000e+00
 0.000000000000000000e+00
 0.000000000000000000e+00
 0.000000000000000000e+00
 0.000000000000000000e+00
 0.000000000000000000e+00
 0.000000000000000000e+00
 0.000000000000000000e+00
 0.000000000000000000e+00
 0.000000000000000000e+00
 0.000000000000000000e+00
 0.000000000000000000e+00
 0.000000000000000000e+00
 0.000000000000000000e+00
 0.000000000000000000e+00
 0.000000000000000000e+00
 0.000000000000000000e+00
 0.000000000000000000e+00
 0.000000000000000000e+00
 0.000000000000000000e+00
 0.000000000000000000e+00
 0.000000000000000000e+00
 0.000000000000000000e+00
 0.000000000000000000e+00
 0.000000000000000000e+00
 0.000000000000000000e+00
 0.000000000000000000e+00
 0.000000000000000000e+00
 0.000000000000000000e+00
 0.000000000000000000e+00
 0.000000000000000000e+00
 0.000000000000000000e+00
 0.000000000000000000e+00
 0.000000000000000000e+00
 0.000000000000000000e+00
 0.000000000000000000e+00
 0.000000000000000000e+00
 0.000000000000000000e+00
 0.000000000000000000e+00
 0.000000000000000000e+00
 0.000000000000000000e+00
 0.000000000000000000e+00
 0.000000000000000000e+00
 0.000000000000000000e+00
 0.000000000000000000e+00
 0.000000000000000000e+00
 0.000000000000000000e+00
 0.000000000000000000e+00
 0.000000000000000000e+00
 0.000000000000000000e+00
 0.000000000000000000e+00
 0.000000000000000000e+00
 0.000000000000000000e+00
 0.000000000000000000e+00
 0.000000000000000000e+00
 0.000000000000000000e+00
 0.000000000000000000e+00
 0.000000000000000000e+00
 0.000000000000000000e+00
 0.000000000000000000e+00
 0.000000000000000000e+00
 0.000000000000000000e+00
 0.000000000000000000e+00
 0.000000000000000000e+00
 0.000000000000000000e+00
 0.000000000000000000e+00
 0.000000000000000000e+00
 0.000000000000000000e+00
 0.000000000000000000e+00
 0.000000000000000000e+00
 0.000000000000000000e+00
 0.000000000000000000e+00
 0.000000000000000000e+00
 0.000000000000000000e+00
 0.000000000000000000e+00
 0.000000000000000000e+00
 0.000000000000000000e+00
 0.000000000000000000e+00
 0.000000000000000000e+00
 0.000000000000000000e+00
 0.000000000000000000e+00
 0.000000000000000000e+00
 0.000000000000000000e+00
 0.000000000000000000e+00
 0.000000000000000000e+00
 0.000000000000000000e+00
 0.000000000000000000e+00
 0.000000000000000000e+00
 0.000000000000000000e+00
 0.000000000000000000e+00
 0.000000000000000000e+00
 0.000000000000000000e+00
 0.000000000000000000e+00
 0.000000000000000000e+00
 0.000000000000000000e+00
 0.000000000000000000e+00
 0.000000000000000000e+00
 0.000000000000000000e+00
 0.000000000000000000e+00
 0.000000000000000000e+00
 0.000000000000000000e+00
 0.000000000000000000e+00
 0.000000000000000000e+00
 0.000000000000000000e+00
 0.000000000000000000e+00
 0.000000000000000000e+00
 0.000000000000000000e+00
 0.000000000000000000e+00
 0.000000000000000000e+00
 0.000000000000000000e+00
 0.000000000000000000e+00
 0.000000000000000000e+00
 0.000000000000000000e+00
 0.000000000000000000e+00
 0.000000000000000000e+00
 0.000000000000000000e+00
 0.000000000000000000e+00
 0.000000000000000000e+00
 0.000000000000000000e+00
 0.000000000000000000e+00
 0.000000000000000000e+00
 0.000000000000000000e+00
 0.000000000000000000e+00
 0.000000000000000000e+00
 0.000000000000000000e+00
 0.000000000000000000e+00
 0.000000000000000000e+00
 0.000000000000000000e+00
 0.000000000000000000e+00
 0.000000000000000000e+00
 0.000000000000000000e+00
 0.000000000000000000e+00
 0.000000000000000000e+00
 0.000000000000000000e+00
 0.000000000000000000e+00
 0.000000000000000000e+00
 0.000000000000000000e+00
 0.000000000000000000e+00
 0.000000000000000000e+00
 </DataArray>
 <DataArray Name="volume" type="Float32" NumberOfComponents="1" format="ascii">
 2.749999999999974687e-04
 2.749999999999974687e-04
 2.750000000000113465e-04
 2.749999999999835909e-04
 2.749999999999974687e-04
 2.750000000000182854e-04
 2.749999999999905298e-04
 2.750000000000044076e-04
 2.750000000000044076e-04
 2.749999999999905298e-04
 2.750000000000113465e-04
 2.750000000000044076e-04
 2.749999999999766520e-04
 2.750000000000182854e-04
 2.749999999999905298e-04
 2.750000000000044076e-04
 2.749999999999974687e-04
 2.749999999999974687e-04
 2.750000000000113465e-04
 2.749999999999835909e-04
 2.750000000000044076e-04
 2.750000000000113465e-04
 2.749999999999905298e-04
 2.750000000000044076e-04
 2.750000000000044076e-04
 2.749999999999905298e-04
 2.750000000000182854e-04
 2.749999999999974687e-04
 2.749999999999835909e-04
 2.750000000000182854e-04
 2.749999999999905298e-04
 2.749999999999974687e-04
 2.750000000000044076e-04
 2.749999999999905298e-04
 2.750000000000182854e-04
 2.749999999999766520e-04
 2.750000000000044076e-04
 2.750000000000182854e-04
 2.749999999999905298e-04
 2.750000000000044076e-04
 2.749999999999974687e-04
 2.749999999999974687e-04
 2.750000000000113465e-04
 2.750000000000044076e-04
 2.749999999999766520e-04
 2.750000000000182854e-04
 2.749999999999905298e-04
 2.750000000000044076e-04
 2.750000000000044076e-04
 2.749999999999905298e-04
 2.750000000000113465e-04
 2.749999999999835909e-04
 2.750000000000044076e-04
 2.750000000000113465e-04
 2.749999999999905298e-04
 2.750000000000044076e-04
 2.750000000000044076e-04
 2.749999999999905298e-04
 2.750000000000113465e-04
 2.750000000000044076e-04
 2.749999999999835909e-04
 2.750000000000113465e-04
 2.749999999999905298e-04
 2.750000000000044076e-04
 2.750000000000044076e-04
 2.749999999999905298e-04
 2.750000000000182854e-04
 2.749999999999766520e-04
 2.750000000000044076e-04
 2.750000000000113465e-04
 2.749999999999974687e-04
 2.749999999999974687e-04
 2.750000000000044076e-04
 2.749999999999905298e-04
 2.750000000000182854e-04
 2.750000000000044076e-04
 2.749999999999558353e-04
 2.750000000000044076e-04
 2.749999999999905298e-04
 2.750000000000113465e-04
 2.749999999999835909e-04
 2.750000000000044076e-04
 2.750000000000113465e-04
 2.749999999999905298e-04
 2.750000000000044076e-04
 2.750000000000044076e-04
 2.749999999999905298e-04
 2.750000000000113465e-04
 2.750000000000044076e-04
 2.749999999999835909e-04
 2.750000000000113465e-04
 2.749999999999974687e-04
 2.749999999999974687e-04
 2.749999999999974687e-04
 2.749999999999974687e-04
 2.750000000000113465e-04
 2.749999999999835909e-04
 2.750000000000113465e-04
 2.750000000000113465e-04
 2.749999999999974687e-04
 2.750000000000113465e-04
 2.749999999999974687e-04
 2.749999999999974687e-04
 2.750000000000113465e-04
 2.749999999999974687e-04
 2.749999999999835909e-04
 2.750000000000113465e-04
 2.749999999999974687e-04
 2.749999999999974687e-04
 2.750000000000113465e-04
 2.749999999999835909e-04
 2.750000000000252243e-04
 2.749999999999697131e-04
 2.750000000000113465e-04
 2.750000000000113465e-04
 2.749999999999974687e-04
 2.749999999999974687e-04
 2.750000000000113465e-04
 2.749999999999835909e-04
 2.750000000000252243e-04
 2.749999999999974687e-04
 2.749999999999835909e-04
 2.750000000000252243e-04
 2.749999999999835909e-04
 2.750000000000113465e-04
 2.749999999999974687e-04
 2.749999999999974687e-04
 2.750000000000113465e-04
 2.749999999999835909e-04
 2.749999999999974687e-04
 2.750000000000113465e-04
 2.749999999999974687e-04
 2.749999999999974687e-04
 2.750000000000113465e-04
 2.749999999999835909e-04
 2.750000000000113465e-04
 2.750000000000113465e-04
 2.749999999999697131e-04
 2.750000000000252243e-04
 2.749999999999974687e-04
 2.749999999999974687e-04
 2.749999999999974687e-04
 2.749999999999974687e-04
 2.750000000000113465e-04
 2.749999999999835909e-04
 2.749999999999974687e-04
 2.750000000000252243e-04
 2.749999999999835909e-04
 2.750000000000113465e-04
 2.749999999999974687e-04
 2.749999999999974687e-04
 2.750000000000113465e-04
 2.749999999999974687e-04
 2.749999999999835909e-04
 2.750000000000113465e-04
 2.749999999999974687e-04
 2.749999999999974687e-04
 2.749999999999974687e-04
 2.749999999999974687e-04
 2.750000000000252243e-04
 2.749999999999697131e-04
 2.750000000000113465e-04
 2.750000000000113465e-04
 2.749999999999835909e-04
 2.750000000000113465e-04
 2.749999999999974687e-04
 2.749999999999974687e-04
 2.750000000000113465e-04
 2.749999999999974687e-04
 2.749999999999835909e-04
 2.750000000000252243e-04
 2.749999999999835909e-04
 2.749999999999974687e-04
 2.750000000000113465e-04
 2.749999999999835909e-04
 2.750000000000252243e-04
 2.749999999999697131e-04
 2.749999999999974687e-04
 2.750000000000252243e-04
 2.749999999999974687e-04
 2.749999999999974687e-04
 2.749999999999974687e-04
 2.749999999999974687e-04
 2.750000000000113465e-04
 2.750000000000113465e-04
 2.749999999999697131e-04
 2.750000000000252243e-04
 2.749999999999835909e-04
 2.750000000000113465e-04
 2.749999999999974687e-04
 2.749999999999974687e-04
 2.750000000000113465e-04
 2.749999999999835909e-04
 2.749999999999974687e-04
 2.750000000000113465e-04
 2.749999999999974687e-04
 2.749999999999974687e-04
 2.749999999999974687e-04
 2.749999999999974687e-04
 2.750000000000113465e-04
 2.750000000000113465e-04
 2.749999999999835909e-04
 2.750000000000113465e-04
 2.749999999999558353e-04
 2.750000000000113465e-04
 2.749999999999835909e-04
 2.749999999999974687e-04
 2.750000000000252243e-04
 2.749999999999835909e-04
 2.750000000000113465e-04
 2.749999999999974687e-04
 2.749999999999974687e-04
 2.750000000000113465e-04
 2.749999999999974687e-04
 2.749999999999835909e-04
 2.750000000000113465e-04
 2.749999999999974687e-04
 2.749999999999974687e-04
 2.750000000000113465e-04
 2.749999999999835909e-04
 2.750000000000113465e-04
 2.749999999999835909e-04
 2.750000000000113465e-04
 2.750000000000113465e-04
 2.749999999999835909e-04
 2.750000000000113465e-04
 2.749999999999974687e-04
 2.749999999999835909e-04
 2.750000000000252243e-04
 2.749999999999974687e-04
 2.749999999999835909e-04
 2.750000000000113465e-04
 2.749999999999974687e-04
 2.749999999999974687e-04
 2.750000000000113465e-04
 2.749999999999974687e-04
 2.750000000000113465e-04
 2.749999999999697131e-04
 2.750000000000113465e-04
 2.750000000000252243e-04
 2.749999999999835909e-04
 2.749999999999974687e-04
 2.749999999999974687e-04
 2.749999999999835909e-04
 2.750000000000252243e-04
 2.750000000000113465e-04
 2.749999999999697131e-04
 2.750000000000113465e-04
 2.749999999999974687e-04
 2.750000000000113465e-04
 2.749999999999974687e-04
 2.749999999999974687e-04
 2.750000000000113465e-04
 2.749999999999835909e-04
 2.749999999999974687e-04
 2.750000000000182854e-04
 2.749999999999919935e-04
 2.750000000000029439e-04
 2.750000000000044076e-04
 2.749999999999863556e-04
 2.750000000000156291e-04
 2.750000000000044076e-04
 2.749999999999754052e-04
 2.750000000000194780e-04
 2.749999999999905298e-04
 2.750000000000044076e-04
 2.750000000000021850e-04
 2.749999999999926440e-04
 2.750000000000123765e-04
 2.749999999999845667e-04
 2.750000000000094491e-04
 2.750000000000113465e-04
 2.749999999999905298e-04
 2.750000000000044076e-04
 2.750000000000044076e-04
 2.749999999999905298e-04
 2.750000000000189901e-04
 2.749999999999967640e-04
 2.749999999999835909e-04
 2.750000000000194780e-04
 2.749999999999893914e-04
 2.749999999999974687e-04
 2.750000000000039197e-04
 2.749999999999909635e-04
 2.750000000000182854e-04
 2.749999999999766520e-04
 2.750000000000037029e-04
 2.750000000000188817e-04
 2.749999999999908008e-04
 2.750000000000046244e-04
 2.749999999999970892e-04
 2.749999999999974687e-04
 2.750000000000113465e-04
 2.750000000000044076e-04
 2.749999999999766520e-04
 2.750000000000182854e-04
 2.749999999999904756e-04
 2.750000000000044618e-04
 2.750000000000044076e-04
 2.749999999999902045e-04
 2.750000000000117260e-04
 2.749999999999835909e-04
 2.750000000000046786e-04
 2.750000000000110212e-04
 2.749999999999905298e-04
 2.750000000000044076e-04
 2.750000000000052749e-04
 2.749999999999896082e-04
 2.750000000000108586e-04
 2.750000000000038655e-04
 2.749999999999847293e-04
 2.750000000000113465e-04
 2.749999999999905298e-04
 2.750000000000044076e-04
 2.750000000000044076e-04
 2.749999999999905298e-04
 2.750000000000174722e-04
 2.749999999999775194e-04
 2.750000000000044076e-04
 2.750000000000164422e-04
 2.749999999999924272e-04
 2.749999999999974687e-04
 2.750000000000054376e-04
 2.749999999999894456e-04
 2.750000000000182854e-04
 2.750000000000044076e-04
 2.749999999999558353e-04
 2.749999999999999081e-04
 2.749999999999949208e-04
 2.750000000000100454e-04
 2.749999999999822357e-04
 2.750000000000002334e-04
 2.750000000000113465e-04
 2.749999999999905298e-04
 2.750000000000044076e-04
 2.750000000000044076e-04
 2.749999999999905298e-04
 2.750000000000097202e-04
 2.750000000000060339e-04
 2.749999999999835909e-04
 2.750000000000079312e-04
 2.749999999999871146e-04
 2.749999999999974687e-04
 2.750000000000062507e-04
 2.749999999999886324e-04
 2.750000000000113465e-04
 2.749999999999835909e-04
 2.750000000000014260e-04
 2.750000000000211585e-04
 2.749999999999884698e-04
 2.750000000000022934e-04
 2.749999999999878735e-04
 2.749999999999974687e-04
 2.750000000000113465e-04
 2.749999999999974687e-04
 2.749999999999835909e-04
 2.750000000000113465e-04
 2.749999999999881446e-04
 2.750000000000067928e-04
 2.750000000000113465e-04
 2.749999999999924814e-04
 2.750000000000163880e-04
 2.749999999999697131e-04
 2.750000000000208875e-04
 2.750000000000017513e-04
 2.749999999999974687e-04
 2.749999999999974687e-04
 2.750000000000029439e-04
 2.749999999999918851e-04
 2.750000000000154664e-04
 2.749999999999876567e-04
 2.749999999999755136e-04
 2.750000000000252243e-04
 2.749999999999835909e-04
 2.750000000000113465e-04
 2.749999999999974687e-04
 2.749999999999974687e-04
 2.750000000000113465e-04
 2.749999999999835909e-04
 2.749999999999974687e-04
 2.750000000000187191e-04
 2.749999999999901503e-04
 2.749999999999974687e-04
 2.750000000000113465e-04
 2.749999999999835909e-04
 2.750000000000113465e-04
 2.750000000000113465e-04
 2.749999999999767604e-04
 2.750000000000181227e-04
 2.750000000000008297e-04
 2.750000000000007755e-04
 2.750000000000047871e-04
 2.749999999999974687e-04
 2.750000000000113465e-04
 2.749999999999835909e-04
 2.749999999999974687e-04
 2.750000000000252243e-04
 2.749999999999835909e-04
 2.750000000000113465e-04
 2.749999999999974687e-04
 2.749999999999894456e-04
 2.750000000000194238e-04
 2.749999999999974687e-04
 2.749999999999835909e-04
 2.750000000000113465e-04
 2.749999999999974687e-04
 2.749999999999974687e-04
 2.750000000000060339e-04
 2.749999999999888493e-04
 2.750000000000278264e-04
 2.749999999999722610e-04
 2.750000000000201827e-04
 2.750000000000113465e-04
 2.749999999999835909e-04
 2.750000000000113465e-04
 2.749999999999974687e-04
 2.749999999999974687e-04
 2.750000000000113465e-04
 2.749999999999974687e-04
 2.749999999999835909e-04
 2.750000000000156833e-04
 2.749999999999931861e-04
 2.749999999999974687e-04
 2.750000000000113465e-04
 2.749999999999835909e-04
 2.750000000000252243e-04
 2.749999999999697131e-04
 2.750000000000075518e-04
 2.750000000000150870e-04
 2.749999999999993118e-04
 2.749999999999992576e-04
 2.750000000000078770e-04
 2.749999999999974687e-04
 2.750000000000113465e-04
 2.750000000000113465e-04
 2.749999999999697131e-04
 2.750000000000252243e-04
 2.749999999999835909e-04
 2.750000000000113465e-04
 2.749999999999974687e-04
 2.750000000000002876e-04
 2.750000000000086360e-04
 2.749999999999835909e-04
 2.749999999999974687e-04
 2.750000000000113465e-04
 2.749999999999974687e-04
 2.749999999999974687e-04
 2.749999999999951919e-04
 2.749999999999996913e-04
 2.750000000000124307e-04
 2.750000000000123765e-04
 2.749999999999816393e-04
 2.750000000000113465e-04
 2.749999999999558353e-04
 2.750000000000113465e-04
 2.749999999999835909e-04
 2.749999999999974687e-04
 2.750000000000252243e-04
 2.749999999999835909e-04
 2.750000000000113465e-04
 2.749999999999974687e-04
 2.749999999999986613e-04
 2.750000000000102081e-04
 2.749999999999974687e-04
 2.749999999999835909e-04
 2.750000000000113465e-04
 2.749999999999974687e-04
 2.749999999999974687e-04
 2.750000000000106960e-04
 2.749999999999841872e-04
 2.750000000000116175e-04
 2.749999999999838077e-04
 2.750000000000109670e-04
 2.750000000000113465e-04
 2.749999999999835909e-04
 2.750000000000113465e-04
 2.749999999999974687e-04
 2.749999999999835909e-04
 2.750000000000252243e-04
 2.749999999999974687e-04
 2.749999999999835909e-04
 2.750000000000110212e-04
 2.749999999999978482e-04
 2.749999999999974687e-04
 2.750000000000113465e-04
 2.749999999999974687e-04
 2.750000000000113465e-04
 2.749999999999697131e-04
 2.750000000000122138e-04
 2.750000000000243027e-04
 2.749999999999831030e-04
 2.749999999999969266e-04
 2.749999999999986071e-04
 2.749999999999835909e-04
 2.750000000000252243e-04
 2.750000000000113465e-04
 2.749999999999697131e-04
 2.750000000000113465e-04
 2.749999999999974687e-04
 2.750000000000113465e-04
 </DataArray>
 <DataArray Name="rho" type="Float32" NumberOfComponents="1" format="ascii">
 1.670876893057831603e-01
 1.668723932409660049e-01
 1.666530721459769382e-01
 1.664301446328157741e-01
 1.662040251992204232e-01
 1.659751160854213703e-01
 1.657438004433794687e-01
 1.655104369555589483e-01
 1.652753559430334140e-01
 1.650388569172283604e-01
 1.648012074597885734e-01
 1.645626432632528446e-01
 1.643233691322009693e-01
 1.640835607296604881e-01
 1.638433668548779643e-01
 1.636029120531162506e-01
 1.633622993823637959e-01
 1.631216131919765444e-01
 1.628809218007764015e-01
 1.626402799940240007e-01
 1.623997312877203114e-01
 1.621593099334475152e-01
 1.619190426567258811e-01
 1.616789501366007464e-01
 1.614390482442485952e-01
 1.611993490644720028e-01
 1.609598617268354626e-01
 1.607205930736848032e-01
 1.604815481911121833e-01
 1.602427308267174999e-01
 1.600041437152537882e-01
 1.597657888302999596e-01
 1.595276675772203390e-01
 1.592897809400050657e-01
 1.590521295922204537e-01
 1.588147139802655594e-01
 1.585775343854265163e-01
 1.583405909698127056e-01
 1.581038838101294086e-01
 1.578674129223312794e-01
 1.576311782794865557e-01
 1.573951798246244482e-01
 1.571594174799011145e-01
 1.569238911530856095e-01
 1.566886007421155191e-01
 1.564535461382687009e-01
 1.562187272283568074e-01
 1.559841438962320248e-01
 1.557497960238172219e-01
 1.555156834918076658e-01
 1.552818061801475580e-01
 1.550481639683524426e-01
 1.548147567357300580e-01
 1.545815843615282181e-01
 1.543486467250340111e-01
 1.541159437056396908e-01
 1.538834751828835334e-01
 1.536512410364736236e-01
 1.534192411463004002e-01
 1.531874753924397370e-01
 1.529559436551518881e-01
 1.527246458148739938e-01
 1.524935817522137249e-01
 1.522627513479402894e-01
 1.520321544829748017e-01
 1.518017910383830660e-01
 1.515716608953672495e-01
 1.513417639352592770e-01
 1.511121000395146963e-01
 1.508826690897078493e-01
 1.506534709675264039e-01
 1.504245055547671350e-01
 1.501957727333316228e-01
 1.499672723852223666e-01
 1.497390043925387049e-01
 1.495109686374716529e-01
 1.492831650023004608e-01
 1.490555933693882285e-01
 1.488282536211765483e-01
 1.486011456401808983e-01
 1.483742693089862286e-01
 1.481476245102417710e-01
 1.479212111266559049e-01
 1.476950290409914379e-01
 1.474690781360600278e-01
 1.472433582947170472e-01
 1.470178693998564490e-01
 1.467926113344053818e-01
 1.465675839813191661e-01
 1.463427872235754934e-01
 1.461182209441701241e-01
 1.458938850261105868e-01
 1.456697793524105444e-01
 1.454459038060856024e-01
 1.452222582701475084e-01
 1.449988426275983788e-01
 1.447756567614257028e-01
 1.445527005545972909e-01
 1.443299738900551132e-01
 1.441074766507111082e-01
 1.438852087194408269e-01
 1.436631699790786587e-01
 1.434413603124126690e-01
 1.432197796021786873e-01
 1.429984277310556440e-01
 1.427773045816601027e-01
 1.425564100365409870e-01
 1.423357439781738065e-01
 1.421153062889564667e-01
 1.418950968512033561e-01
 1.416751155471405177e-01
 1.414553622589000970e-01
 1.412358368685151799e-01
 1.410165392579151300e-01
 1.407974693089198981e-01
 1.405786269032355540e-01
 1.403600119224488463e-01
 1.401416242480222618e-01
 1.399234637612895571e-01
 1.397055303434500684e-01
 1.394878238755651312e-01
 1.392703442385523072e-01
 1.390530913131811097e-01
 1.388360649800687852e-01
 1.386192651196757331e-01
 1.384026916123013151e-01
 1.381863443380797196e-01
 1.379702231769757981e-01
 1.377543280087817346e-01
 1.375386587131131599e-01
 1.373232151694057379e-01
 1.371079972569121952e-01
 1.368930048546991018e-01
 1.366782378416442345e-01
 1.364636960964343559e-01
 1.362493794975624395e-01
 1.360352879233258927e-01
 1.358214212518254471e-01
 1.356077793609639925e-01
 1.353943621284445786e-01
 1.351811694317703039e-01
 1.349682011482439548e-01
 1.347554571549681446e-01
 1.345429373288457020e-01
 1.343306415465793380e-01
 1.341185696846744768e-01
 1.339067216194392562e-01
 1.336950972269873583e-01
 1.334836963832393142e-01
 1.332725189639249741e-01
 1.330615648445874766e-01
 1.328508339005859962e-01
 1.326403260070993240e-01
 1.324300410391302252e-01
 1.322199788715092139e-01
 1.320101393788999100e-01
 1.318005224358042293e-01
 1.315911279165677406e-01
 1.313819556953856604e-01
 1.311730056463084604e-01
 1.309642776432491940e-01
 1.307557715599899639e-01
 1.305474872701887223e-01
 1.303394246473871809e-01
 1.301315835650184438e-01
 1.299239638964149735e-01
 1.297165655148168617e-01
 1.295093882933801843e-01
 1.293024321051858272e-01
 1.290956968232483681e-01
 1.288891823205250142e-01
 1.286828884699250108e-01
 1.284768151443197171e-01
 1.282709622165514318e-01
 1.280653295594430807e-01
 1.278599170458082079e-01
 1.276547245484619120e-01
 1.274497519402297552e-01
 1.272449990939580056e-01
 1.270404658825235178e-01
 1.268361521788447521e-01
 1.266320578558913779e-01
 1.264281827866945429e-01
 1.262245268443567825e-01
 1.260210899020622610e-01
 1.258178718330871804e-01
 1.256148725108093556e-01
 1.254120918087180125e-01
 1.252095296004234193e-01
 1.250071857596671276e-01
 1.248050601603315074e-01
 1.246031526764482256e-01
 1.244014631822085715e-01
 1.241999915519716863e-01
 1.239987376602739028e-01
 1.237977013818375854e-01
 1.235968825915793740e-01
 1.233962811646184959e-01
 1.231958969762853295e-01
 1.229957299021291195e-01
 1.227957798179256377e-01
 1.225960465996846216e-01
 1.223965301236572406e-01
 1.221972302663438398e-01
 1.219981469045002681e-01
 1.217992799151443872e-01
 1.216006291755630381e-01
 1.214021945633182997e-01
 1.212039759562539565e-01
 1.210059732325012016e-01
 1.208081862704841331e-01
 1.206106149489256513e-01
 1.204132591468531355e-01
 1.202161187436036616e-01
 1.200191936188288039e-01
 1.198224836524996034e-01
 1.196259887249118692e-01
 1.194297087166904248e-01
 1.192336435087931884e-01
 1.190377929825157943e-01
 1.188421570194958671e-01
 1.186467355017167824e-01
 1.184515283115117890e-01
 1.182565353315672418e-01
 1.180617564449260998e-01
 1.178671915349916166e-01
 1.176728404855303944e-01
 1.174787031806753673e-01
 1.172847795049282993e-01
 1.170910693431628236e-01
 1.168975725806268295e-01
 1.167042891029449331e-01
 1.165112187961202111e-01
 1.163183615465367138e-01
 1.161257172409604632e-01
 1.159332857665414385e-01
 1.157410670108146300e-01
 1.155490608617011361e-01
 1.153572672075088845e-01
 1.151656859369328406e-01
 1.149743169390556319e-01
 1.147831601033467014e-01
 1.145922153196619470e-01
 1.144014824782432771e-01
 1.142109614697173342e-01
 1.140206521850930660e-01
 1.138305545157606152e-01
 1.136406683534885442e-01
 1.134509935904210037e-01
 1.132615301190749574e-01
 1.670876893057831325e-01
 1.668723932409659216e-01
 1.666530721459769937e-01
 1.664301446328159406e-01
 1.662040251992205897e-01
 1.659751160854212870e-01
 1.657438004433795242e-01
 1.655104369555589205e-01
 1.652753559430333308e-01
 1.650388569172285547e-01
 1.648012074597884069e-01
 1.645626432632526503e-01
 1.643233691322004142e-01
 1.640835607296601550e-01
 1.638433668548777700e-01
 1.636029120531163339e-01
 1.633622993823636016e-01
 1.631216131919765167e-01
 1.628809218007765958e-01
 1.626402799940241672e-01
 1.623997312877202559e-01
 1.621593099334472099e-01
 1.619190426567253815e-01
 1.616789501366002191e-01
 1.614390482442484009e-01
 1.611993490644720028e-01
 1.609598617268354348e-01
 1.607205930736845256e-01
 1.604815481911118780e-01
 1.602427308267177219e-01
 1.600041437152538437e-01
 1.597657888302999596e-01
 1.595276675772202279e-01
 1.592897809400051490e-01
 1.590521295922203981e-01
 1.588147139802655594e-01
 1.585775343854260999e-01
 1.583405909698124281e-01
 1.581038838101291311e-01
 1.578674129223312517e-01
 1.576311782794866667e-01
 1.573951798246248923e-01
 1.571594174799013643e-01
 1.569238911530856928e-01
 1.566886007421156302e-01
 1.564535461382688397e-01
 1.562187272283570849e-01
 1.559841438962323579e-01
 1.557497960238175272e-01
 1.555156834918083597e-01
 1.552818061801477800e-01
 1.550481639683525814e-01
 1.548147567357299470e-01
 1.545815843615281071e-01
 1.543486467250341221e-01
 1.541159437056401904e-01
 1.538834751828837555e-01
 1.536512410364739845e-01
 1.534192411463007055e-01
 1.531874753924402921e-01
 1.529559436551520546e-01
 1.527246458148740216e-01
 1.524935817522138082e-01
 1.522627513479402062e-01
 1.520321544829747740e-01
 1.518017910383830382e-01
 1.515716608953672218e-01
 1.513417639352593047e-01
 1.511121000395147518e-01
 1.508826690897081824e-01
 1.506534709675265704e-01
 1.504245055547672461e-01
 1.501957727333315396e-01
 1.499672723852225886e-01
 1.497390043925390379e-01
 1.495109686374717084e-01
 1.492831650023005996e-01
 1.490555933693882007e-01
 1.488282536211765206e-01
 1.486011456401808706e-01
 1.483742693089863673e-01
 1.481476245102417710e-01
 1.479212111266559881e-01
 1.476950290409916877e-01
 1.474690781360604164e-01
 1.472433582947174358e-01
 1.470178693998565322e-01
 1.467926113344052985e-01
 1.465675839813190273e-01
 1.463427872235754101e-01
 1.461182209441702351e-01
 1.458938850261102538e-01
 1.456697793524104612e-01
 1.454459038060857967e-01
 1.452222582701479525e-01
 1.449988426275987674e-01
 1.447756567614260637e-01
 1.445527005545973465e-01
 1.443299738900553353e-01
 1.441074766507113025e-01
 1.438852087194409657e-01
 1.436631699790787697e-01
 1.434413603124129744e-01
 1.432197796021789926e-01
 1.429984277310556440e-01
 1.427773045816600472e-01
 1.425564100365407094e-01
 1.423357439781737510e-01
 1.421153062889565499e-01
 1.418950968512034394e-01
 1.416751155471407120e-01
 1.414553622589000415e-01
 1.412358368685151799e-01
 1.410165392579149357e-01
 1.407974693089199258e-01
 1.405786269032354985e-01
 1.403600119224487353e-01
 1.401416242480218455e-01
 1.399234637612890852e-01
 1.397055303434498463e-01
 1.394878238755652422e-01
 1.392703442385523627e-01
 1.390530913131811930e-01
 1.388360649800690072e-01
 1.386192651196760106e-01
 1.384026916123016482e-01
 1.381863443380798029e-01
 1.379702231769756871e-01
 1.377543280087815958e-01
 1.375386587131129379e-01
 1.373232151694058767e-01
 1.371079972569123340e-01
 1.368930048546992961e-01
 1.366782378416442623e-01
 1.364636960964340784e-01
 1.362493794975618289e-01
 1.360352879233255319e-01
 1.358214212518252528e-01
 1.356077793609639648e-01
 1.353943621284444399e-01
 1.351811694317701651e-01
 1.349682011482437050e-01
 1.347554571549680891e-01
 1.345429373288453689e-01
 1.343306415465790604e-01
 1.341185696846742548e-01
 1.339067216194390897e-01
 1.336950972269873306e-01
 1.334836963832392309e-01
 1.332725189639245578e-01
 1.330615648445872823e-01
 1.328508339005856076e-01
 1.326403260070990464e-01
 1.324300410391298921e-01
 1.322199788715088531e-01
 1.320101393788996325e-01
 1.318005224358042016e-01
 1.315911279165676573e-01
 1.313819556953855494e-01
 1.311730056463085992e-01
 1.309642776432498879e-01
 1.307557715599904080e-01
 1.305474872701889999e-01
 1.303394246473874307e-01
 1.301315835650186936e-01
 1.299239638964151955e-01
 1.297165655148168895e-01
 1.295093882933801566e-01
 1.293024321051857994e-01
 1.290956968232483959e-01
 1.288891823205250420e-01
 1.286828884699248998e-01
 1.284768151443196338e-01
 1.282709622165513763e-01
 1.280653295594431362e-01
 1.278599170458084022e-01
 1.276547245484622450e-01
 1.274497519402298384e-01
 1.272449990939580056e-01
 1.270404658825235178e-01
 1.268361521788450852e-01
 1.266320578558916554e-01
 1.264281827866945707e-01
 1.262245268443567270e-01
 1.260210899020623720e-01
 1.258178718330874857e-01
 1.256148725108095221e-01
 1.254120918087179015e-01
 1.252095296004232527e-01
 1.250071857596670721e-01
 1.248050601603316323e-01
 1.246031526764483921e-01
 1.244014631822086131e-01
 1.241999915519717140e-01
 1.239987376602739999e-01
 1.237977013818376548e-01
 1.235968825915793878e-01
 1.233962811646183433e-01
 1.231958969762852879e-01
 1.229957299021290779e-01
 1.227957798179255683e-01
 1.225960465996842746e-01
 1.223965301236569214e-01
 1.221972302663436039e-01
 1.219981469045001155e-01
 1.217992799151442207e-01
 1.216006291755630103e-01
 1.214021945633186328e-01
 1.212039759562545532e-01
 1.210059732325016457e-01
 1.208081862704842857e-01
 1.206106149489258594e-01
 1.204132591468531355e-01
 1.202161187436035089e-01
 1.200191936188285818e-01
 1.198224836524995340e-01
 1.196259887249119525e-01
 1.194297087166907162e-01
 1.192336435087934243e-01
 1.190377929825160719e-01
 1.188421570194960059e-01
 1.186467355017170600e-01
 1.184515283115120110e-01
 1.182565353315674361e-01
 1.180617564449263773e-01
 1.178671915349919497e-01
 1.176728404855307969e-01
 1.174787031806757143e-01
 1.172847795049285907e-01
 1.170910693431630595e-01
 1.168975725806268989e-01
 1.167042891029450857e-01
 1.165112187961203638e-01
 1.163183615465367970e-01
 1.161257172409604355e-01
 1.159332857665414523e-01
 1.157410670108146300e-01
 1.155490608617012471e-01
 1.153572672075087041e-01
 1.151656859369327435e-01
 1.149743169390554515e-01
 1.147831601033465071e-01
 1.145922153196617110e-01
 1.144014824782431383e-01
 1.142109614697171260e-01
 1.140206521850928717e-01
 1.138305545157605875e-01
 1.136406683534884610e-01
 1.134509935904209482e-01
 1.132615301190749157e-01
 </DataArray>
 <DataArray Name="vel.x" type="Float32" NumberOfComponents="1" format="ascii">
 1.481497826487380962e+03
 1.483425852851757099e+03
 1.485324537809019830e+03
 1.487196714910488481e+03
 1.489045200565867617e+03
 1.490872737061160024e+03
 1.492681944387142948e+03
 1.494475281904081612e+03
 1.496255020197589602e+03
 1.498023222884671441e+03
 1.499781737636570142e+03
 1.501532195313629700e+03
 1.503276015864328201e+03
 1.505014419522905200e+03
 1.506748441835560470e+03
 1.508478951134553199e+03
 1.510206667238491036e+03
 1.511932180359721997e+03
 1.513655969421494092e+03
 1.515378419207195066e+03
 1.517099835965674629e+03
 1.518820461269721136e+03
 1.520540484064165867e+03
 1.522260050944774775e+03
 1.523979274781535651e+03
 1.525698241844525228e+03
 1.527417017612606287e+03
 1.529135651450243131e+03
 1.530854180330960389e+03
 1.532572631771585293e+03
 1.534291026122997664e+03
 1.536009378343144135e+03
 1.537727699358392783e+03
 1.539445997100979184e+03
 1.541164277293984242e+03
 1.542882544041204483e+03
 1.544600800267389559e+03
 1.546319048044601914e+03
 1.548037288832461627e+03
 1.549755523653767341e+03
 1.551473753221923289e+03
 1.553191978032692759e+03
 1.554910198429743559e+03
 1.556628414651106596e+03
 1.558346626861818777e+03
 1.560064835176691531e+03
 1.561783039676076669e+03
 1.563501240416706423e+03
 1.565219437439112198e+03
 1.566937630772683178e+03
 1.568655820439108084e+03
 1.570374006454731216e+03
 1.572092188832137481e+03
 1.573810367581241735e+03
 1.575528542710025704e+03
 1.577246714225021606e+03
 1.578964882131633658e+03
 1.580683046434337712e+03
 1.582401207136784933e+03
 1.584119364241860922e+03
 1.585837517751686164e+03
 1.587555667667618764e+03
 1.589273813990216695e+03
 1.590991956719210521e+03
 1.592710095853483153e+03
 1.594428231391038707e+03
 1.596146363328994312e+03
 1.597864491663573972e+03
 1.599582616390110616e+03
 1.601300737503054052e+03
 1.603018854995990523e+03
 1.604736968861661808e+03
 1.606455079091992729e+03
 1.608173185678114123e+03
 1.609891288610395350e+03
 1.611609387878477946e+03
 1.613327483471303822e+03
 1.615045575377145497e+03
 1.616763663583645666e+03
 1.618481748077850398e+03
 1.620199828846238916e+03
 1.621917905874762710e+03
 1.623635979148877595e+03
 1.625354048653581913e+03
 1.627072114373453132e+03
 1.628790176292685373e+03
 1.630508234395126692e+03
 1.632226288664317053e+03
 1.633944339083527211e+03
 1.635662385635798501e+03
 1.637380428303978533e+03
 1.639098467070763490e+03
 1.640816501918744507e+03
 1.642534532830439048e+03
 1.644252559788332746e+03
 1.645970582774925560e+03
 1.647688601772767470e+03
 1.649406616764502132e+03
 1.651124627732911449e+03
 1.652842634660949670e+03
 1.654560637531795010e+03
 1.656278636328887387e+03
 1.657996631035967539e+03
 1.659714621637127493e+03
 1.661432608116847177e+03
 1.663150590460039894e+03
 1.664868568652095519e+03
 1.666586542678928481e+03
 1.668304512527011411e+03
 1.670022478183426983e+03
 1.671740439635909752e+03
 1.673458396872889807e+03
 1.675176349883538251e+03
 1.676894298657809031e+03
 1.678612243186485557e+03
 1.680330183461224124e+03
 1.682048119474596660e+03
 1.683766051220140298e+03
 1.685483978692390565e+03
 1.687201901886938231e+03
 1.688919820800459547e+03
 1.690637735430769226e+03
 1.692355645776858637e+03
 1.694073551838936055e+03
 1.695791453618470314e+03
 1.697509351118228096e+03
 1.699227244342316681e+03
 1.700945133296221684e+03
 1.702663017986839577e+03
 1.704380898422519067e+03
 1.706098774613093383e+03
 1.707816646569911654e+03
 1.709534514305873699e+03
 1.711252377835456628e+03
 1.712970237174742579e+03
 1.714688092341449646e+03
 1.716405943354951887e+03
 1.718123790236299101e+03
 1.719841633008233657e+03
 1.721559471695217326e+03
 1.723277306323437188e+03
 1.724995136920820187e+03
 1.726712963517042681e+03
 1.728430786143532259e+03
 1.730148604833480704e+03
 1.731866419621831710e+03
 1.733584230545289529e+03
 1.735302037642303958e+03
 1.737019840953069433e+03
 1.738737640519515480e+03
 1.740455436385279427e+03
 1.742173228595696401e+03
 1.743891017197779320e+03
 1.745608802240187970e+03
 1.747326583773209904e+03
 1.749044361848723383e+03
 1.750762136520164631e+03
 1.752479907842494185e+03
 1.754197675872148920e+03
 1.755915440667010444e+03
 1.757633202286346886e+03
 1.759350960790769477e+03
 1.761068716242183427e+03
 1.762786468703729952e+03
 1.764504218239727152e+03
 1.766221964915611352e+03
 1.767939708797874346e+03
 1.769657449953999503e+03
 1.771375188452393786e+03
 1.773092924362318172e+03
 1.774810657753815349e+03
 1.776528388697637411e+03
 1.778246117265166276e+03
 1.779963843528341613e+03
 1.781681567559577843e+03
 1.783399289431691159e+03
 1.785117009217804025e+03
 1.786834726991273783e+03
 1.788552442825604658e+03
 1.790270156794368859e+03
 1.791987868971109492e+03
 1.793705579429262116e+03
 1.795423288242067883e+03
 1.797140995482481912e+03
 1.798858701223091884e+03
 1.800576405536026414e+03
 1.802294108492867053e+03
 1.804011810164564395e+03
 1.805729510621351437e+03
 1.807447209932654459e+03
 1.809164908167004569e+03
 1.810882605391963352e+03
 1.812600301674023740e+03
 1.814317997078538383e+03
 1.816035691669631433e+03
 1.817753385510118051e+03
 1.819471078661423235e+03
 1.821188771183504969e+03
 1.822906463134772821e+03
 1.824624154572009502e+03
 1.826341845550301286e+03
 1.828059536122956843e+03
 1.829777226341440837e+03
 1.831494916255294811e+03
 1.833212605912070330e+03
 1.834930295357260320e+03
 1.836647984634229942e+03
 1.838365673784148385e+03
 1.840083362845924285e+03
 1.841801051856139111e+03
 1.843518740848987591e+03
 1.845236429856217228e+03
 1.846954118907061684e+03
 1.848671808028182340e+03
 1.850389497243610094e+03
 1.852107186574694651e+03
 1.853824876040036770e+03
 1.855542565655437329e+03
 1.857260255433846851e+03
 1.858977945385311614e+03
 1.860695635516914535e+03
 1.862413325832732880e+03
 1.864131016333780281e+03
 1.865848707017961942e+03
 1.867566397880028944e+03
 1.869284088911529579e+03
 1.871001780100759106e+03
 1.872719471432720184e+03
 1.874437162889082629e+03
 1.876154854448134301e+03
 1.877872546084744954e+03
 1.879590237770323938e+03
 1.881307929472786100e+03
 1.883025621156512443e+03
 1.884743312782314661e+03
 1.886461004307405346e+03
 1.888178695685364573e+03
 1.889896386866113744e+03
 1.891614077795885350e+03
 1.893331768417202056e+03
 1.895049458668851912e+03
 1.896767148485872667e+03
 1.898484837799536081e+03
 1.900202526537332687e+03
 1.901920214622961566e+03
 1.903637901976327385e+03
 1.905355588513536532e+03
 1.907073274146895756e+03
 1.908790958784922850e+03
 1.910508642332345516e+03
 1.481497826487381417e+03
 1.483425852851758464e+03
 1.485324537809019830e+03
 1.487196714910487799e+03
 1.489045200565865798e+03
 1.490872737061160251e+03
 1.492681944387142266e+03
 1.494475281904081385e+03
 1.496255020197589602e+03
 1.498023222884670076e+03
 1.499781737636570824e+03
 1.501532195313631519e+03
 1.503276015864332294e+03
 1.505014419522907019e+03
 1.506748441835560698e+03
 1.508478951134552517e+03
 1.510206667238491491e+03
 1.511932180359721542e+03
 1.513655969421491818e+03
 1.515378419207193247e+03
 1.517099835965674174e+03
 1.518820461269722045e+03
 1.520540484064168140e+03
 1.522260050944777277e+03
 1.523979274781536560e+03
 1.525698241844524546e+03
 1.527417017612605150e+03
 1.529135651450243358e+03
 1.530854180330961299e+03
 1.532572631771583929e+03
 1.534291026122996527e+03
 1.536009378343143908e+03
 1.537727699358393920e+03
 1.539445997100980094e+03
 1.541164277293986061e+03
 1.542882544041206074e+03
 1.544600800267393879e+03
 1.546319048044604642e+03
 1.548037288832463901e+03
 1.549755523653767796e+03
 1.551473753221923744e+03
 1.553191978032690940e+03
 1.554910198429742650e+03
 1.556628414651107505e+03
 1.558346626861819459e+03
 1.560064835176692668e+03
 1.561783039676076669e+03
 1.563501240416706423e+03
 1.565219437439112426e+03
 1.566937630772680677e+03
 1.568655820439108538e+03
 1.570374006454732125e+03
 1.572092188832139527e+03
 1.573810367581244464e+03
 1.575528542710027750e+03
 1.577246714225021606e+03
 1.578964882131635022e+03
 1.580683046434337939e+03
 1.582401207136785160e+03
 1.584119364241859557e+03
 1.585837517751687074e+03
 1.587555667667620810e+03
 1.589273813990217604e+03
 1.590991956719211657e+03
 1.592710095853484063e+03
 1.594428231391038707e+03
 1.596146363328994767e+03
 1.597864491663573745e+03
 1.599582616390110388e+03
 1.601300737503053597e+03
 1.603018854995991205e+03
 1.604736968861662262e+03
 1.606455079091994548e+03
 1.608173185678114578e+03
 1.609891288610394440e+03
 1.611609387878478628e+03
 1.613327483471303367e+03
 1.615045575377145497e+03
 1.616763663583646803e+03
 1.618481748077851762e+03
 1.620199828846240280e+03
 1.621917905874764074e+03
 1.623635979148879187e+03
 1.625354048653583050e+03
 1.627072114373453587e+03
 1.628790176292686056e+03
 1.630508234395128056e+03
 1.632226288664319100e+03
 1.633944339083528575e+03
 1.635662385635798728e+03
 1.637380428303976714e+03
 1.639098467070765309e+03
 1.640816501918746553e+03
 1.642534532830440639e+03
 1.644252559788334111e+03
 1.645970582774926470e+03
 1.647688601772768379e+03
 1.649406616764502814e+03
 1.651124627732910085e+03
 1.652842634660948761e+03
 1.654560637531795464e+03
 1.656278636328888069e+03
 1.657996631035967084e+03
 1.659714621637126129e+03
 1.661432608116847632e+03
 1.663150590460041030e+03
 1.664868568652098475e+03
 1.666586542678929845e+03
 1.668304512527012321e+03
 1.670022478183428120e+03
 1.671740439635910889e+03
 1.673458396872892081e+03
 1.675176349883538933e+03
 1.676894298657809713e+03
 1.678612243186485330e+03
 1.680330183461224124e+03
 1.682048119474597343e+03
 1.683766051220141890e+03
 1.685483978692392611e+03
 1.687201901886939822e+03
 1.688919820800460684e+03
 1.690637735430770817e+03
 1.692355645776859774e+03
 1.694073551838936282e+03
 1.695791453618470314e+03
 1.697509351118226732e+03
 1.699227244342316453e+03
 1.700945133296221684e+03
 1.702663017986839805e+03
 1.704380898422519749e+03
 1.706098774613091564e+03
 1.707816646569909835e+03
 1.709534514305870516e+03
 1.711252377835454126e+03
 1.712970237174742579e+03
 1.714688092341452602e+03
 1.716405943354953251e+03
 1.718123790236299101e+03
 1.719841633008233430e+03
 1.721559471695218008e+03
 1.723277306323437870e+03
 1.724995136920822461e+03
 1.726712963517042681e+03
 1.728430786143534306e+03
 1.730148604833481158e+03
 1.731866419621831255e+03
 1.733584230545288847e+03
 1.735302037642303276e+03
 1.737019840953069888e+03
 1.738737640519517299e+03
 1.740455436385280336e+03
 1.742173228595699356e+03
 1.743891017197780911e+03
 1.745608802240189334e+03
 1.747326583773211723e+03
 1.749044361848725430e+03
 1.750762136520166678e+03
 1.752479907842495777e+03
 1.754197675872151649e+03
 1.755915440667011808e+03
 1.757633202286344385e+03
 1.759350960790768795e+03
 1.761068716242184564e+03
 1.762786468703730634e+03
 1.764504218239727152e+03
 1.766221964915610442e+03
 1.767939708797874346e+03
 1.769657449953999958e+03
 1.771375188452395150e+03
 1.773092924362318399e+03
 1.774810657753815349e+03
 1.776528388697638093e+03
 1.778246117265167186e+03
 1.779963843528342295e+03
 1.781681567559578298e+03
 1.783399289431690931e+03
 1.785117009217803570e+03
 1.786834726991274010e+03
 1.788552442825606022e+03
 1.790270156794369996e+03
 1.791987868971107901e+03
 1.793705579429261206e+03
 1.795423288242068338e+03
 1.797140995482482822e+03
 1.798858701223092339e+03
 1.800576405536024822e+03
 1.802294108492866144e+03
 1.804011810164565077e+03
 1.805729510621353029e+03
 1.807447209932655596e+03
 1.809164908167005933e+03
 1.810882605391963125e+03
 1.812600301674024195e+03
 1.814317997078539065e+03
 1.816035691669631888e+03
 1.817753385510117823e+03
 1.819471078661423462e+03
 1.821188771183505878e+03
 1.822906463134772366e+03
 1.824624154572009047e+03
 1.826341845550299695e+03
 1.828059536122957070e+03
 1.829777226341441519e+03
 1.831494916255296857e+03
 1.833212605912072831e+03
 1.834930295357264185e+03
 1.836647984634233353e+03
 1.838365673784150658e+03
 1.840083362845923148e+03
 1.841801051856137292e+03
 1.843518740848986226e+03
 1.845236429856216091e+03
 1.846954118907061002e+03
 1.848671808028182113e+03
 1.850389497243611231e+03
 1.852107186574695334e+03
 1.853824876040036543e+03
 1.855542565655436420e+03
 1.857260255433847988e+03
 1.858977945385312978e+03
 1.860695635516917037e+03
 1.862413325832734472e+03
 1.864131016333780963e+03
 1.865848707017963306e+03
 1.867566397880030081e+03
 1.869284088911529579e+03
 1.871001780100758424e+03
 1.872719471432720638e+03
 1.874437162889082629e+03
 1.876154854448133847e+03
 1.877872546084745181e+03
 1.879590237770323938e+03
 1.881307929472786327e+03
 1.883025621156511534e+03
 1.884743312782313751e+03
 1.886461004307403300e+03
 1.888178695685364119e+03
 1.889896386866113289e+03
 1.891614077795886715e+03
 1.893331768417203421e+03
 1.895049458668855095e+03
 1.896767148485876078e+03
 1.898484837799539946e+03
 1.900202526537335416e+03
 1.901920214622962476e+03
 1.903637901976328294e+03
 1.905355588513534940e+03
 1.907073274146894391e+03
 1.908790958784921713e+03
 1.910508642332346426e+03
 </DataArray>
 <DataArray Name="vel.y" type="Float32" NumberOfComponents="1" format="ascii">
 -1.048687146802662532e-13
 5.549370741985812839e-14
 1.073745041902812125e-13
 4.524859218579749727e-14
 -4.041285965973401600e-14
 -3.883830235859637466e-14
 -4.981054335429307216e-14
 -1.240388663431187583e-13
 -6.126281777423692598e-14
 -1.585427313415146156e-13
 -7.390145443812956921e-14
 -2.099951049079440209e-14
 2.190227634132615579e-13
 3.684362714051538005e-13
 4.948252848219454425e-13
 3.474589018983739390e-13
 3.482873331786974600e-13
 2.910337046500008502e-13
 1.398896050603952281e-13
 -3.623576693173436639e-14
 -1.192426932308318266e-13
 -7.969602815964285363e-14
 1.783195270240102762e-14
 2.056296687573255910e-13
 2.382838930024338518e-13
 1.797397725509599848e-13
 1.098103067325053350e-13
 8.312175774430838512e-14
 1.679947507502851926e-13
 4.672278729752205712e-14
 3.341436241648946489e-15
 -4.960074145275980342e-14
 -2.007144601493670408e-14
 -6.201428819053333791e-14
 2.738614903999125910e-14
 2.157101313423508069e-14
 1.541747721193078661e-13
 2.421126277684653325e-13
 4.037164591305147098e-13
 4.263826673564531765e-13
 4.342674202229716348e-13
 2.566433879244460841e-13
 1.323436213970241946e-13
 1.460500743450498481e-13
 1.728553551207939331e-13
 1.719006455949277526e-13
 1.980620175726215601e-13
 7.051988920144051673e-14
 4.576188221039557194e-14
 -1.787854596905790393e-13
 -1.753191727521340929e-13
 -1.500890164766031473e-13
 -4.302370386832364519e-14
 1.011157213823043569e-13
 2.640909230976799937e-13
 1.252961564868420030e-13
 1.329027606839806509e-13
 2.125561711030441293e-14
 2.566273556617611290e-14
 -1.258934199467180090e-13
 -1.702177993040355296e-13
 -7.582861610128915991e-14
 -4.426925284277427780e-14
 6.303741343921207378e-14
 1.226397833155657337e-13
 9.545395390467789250e-14
 1.072744425513288300e-13
 7.495325630362703980e-14
 8.460135459546641281e-14
 -3.033299687232374463e-14
 -5.919656307893253538e-14
 -1.595012401110358765e-13
 -7.415603054323984032e-14
 -7.183052485952685251e-14
 -2.395480166185382151e-13
 -2.390611741977591706e-13
 -2.583952230035347255e-13
 -2.947282723884860062e-13
 -3.284884399658985654e-13
 -2.763934105183397013e-13
 -2.709568209090001353e-13
 -2.332985452679785523e-13
 -1.357771419013396027e-13
 -5.848770662037861357e-14
 -9.025318570783988699e-14
 -1.890010528561502253e-13
 -1.782184416465776293e-13
 -4.854301132676236305e-14
 1.338966317030905676e-13
 2.822233238074956393e-13
 1.742367453510545097e-13
 2.845549083068581923e-13
 3.580495187874698064e-13
 3.663190711724440296e-13
 2.907903891373196459e-13
 2.156933713377895005e-13
 1.231274963140379512e-13
 1.526874310285764981e-13
 7.994842329245518852e-14
 -7.243993912512725829e-14
 -2.269521989859768768e-13
 -3.367312413519679432e-13
 -4.548158737492326524e-13
 -6.199942790278865334e-13
 -5.955252247982262513e-13
 -5.955943788164327137e-13
 -4.750646047223429434e-13
 -3.949497038352118805e-13
 -4.285301023637352431e-13
 -4.222019476036217915e-13
 -4.597437489950283267e-13
 -3.738640109240845455e-13
 -4.022581433662566394e-13
 -3.260533509315135376e-13
 -3.511760409320895508e-13
 -3.708794571997576520e-13
 -4.036518227653572823e-13
 -3.172939612938786990e-13
 -1.528274630186644487e-13
 -2.045793741144944292e-14
 -3.270054703551733082e-14
 -2.095971641162862106e-14
 7.777553704689483974e-14
 1.536045578600713696e-13
 1.288985569068499281e-13
 -1.903132710855667690e-15
 -1.195392965794336467e-13
 -1.174114313387661326e-13
 -1.109675093294767121e-13
 -2.189550082230128945e-14
 -1.016916391087998933e-13
 -1.856275662682587108e-13
 -3.623083997234885092e-13
 -4.893249502457176855e-13
 -5.161461620222498647e-13
 -2.623192101209947186e-13
 -5.389276299731217968e-14
 -5.608538107611430708e-14
 -9.298414214893250624e-14
 2.008260254169497150e-14
 1.672663544054351917e-13
 3.329308322052643618e-13
 2.829918849203375153e-13
 3.963296186213055304e-13
 4.510304985137342382e-13
 4.372552213267377482e-13
 3.571758190124921746e-13
 3.100805880658050830e-13
 2.441472777516888746e-13
 3.717910042224161339e-13
 4.344907097281728052e-13
 5.567543531467411724e-13
 6.346257037860963734e-13
 6.941513043381798922e-13
 7.593151944825072994e-13
 8.505699690439023222e-13
 8.803916131017983008e-13
 9.089413701581852721e-13
 9.936358177927412017e-13
 1.062252157263057219e-12
 8.320939983556571604e-13
 6.354722990752848092e-13
 5.530392635061252776e-13
 4.494717073485207716e-13
 3.725613911021568188e-13
 2.867173763968837034e-13
 2.651227009987983034e-13
 2.929218803691376713e-13
 2.906036196845195780e-13
 2.591443662453877215e-13
 1.955131235518900846e-13
 2.395237798356913799e-13
 2.672893026607122834e-13
 2.810291679908193387e-13
 2.710270242137879574e-13
 2.553199795573871301e-13
 1.878962979883888608e-13
 1.913177558885056175e-13
 2.206814032431633381e-13
 2.839823063420535155e-13
 1.921660204057928140e-13
 3.845750786447218342e-14
 -4.258810422548242588e-15
 6.859143205395337368e-14
 7.730737829966910387e-14
 -9.043183810824278213e-14
 -3.212164076572693040e-13
 -3.635012061028098699e-13
 -3.303837701998430465e-13
 -2.792924322331539427e-13
 -2.217049612404544102e-13
 -2.502791483194473649e-13
 -2.386086074687584263e-13
 -1.990373551832900324e-13
 -1.841708773015846535e-13
 -1.414371920335963382e-13
 -9.964431968982582153e-14
 -3.712730049326356839e-14
 -6.879096435611021631e-15
 -4.835845606498968132e-15
 -2.447305709473490947e-14
 2.464427279045036256e-14
 9.330262149479822795e-14
 1.877321470546041918e-13
 2.418743393463055863e-13
 3.348097748430043464e-13
 4.857491739380761456e-13
 5.369543492379087031e-13
 4.010482865255973575e-13
 2.338255220677169411e-13
 1.419122676391696893e-13
 6.457697518068604993e-14
 3.508255682052240109e-15
 -5.350180577336557162e-14
 -5.298154975143985307e-14
 -5.924653462710615596e-14
 -5.737967672746690194e-14
 -1.573135320254601976e-13
 -1.889421090479357258e-13
 -2.331248148700509486e-13
 -1.573408902088894265e-13
 -1.372938408486646943e-13
 -2.350952110267584528e-13
 -2.388616082542000312e-13
 -2.380141769839804808e-13
 -2.521999978062714012e-13
 -2.891870618515784223e-13
 -3.235101756520783331e-13
 -3.242802679363891695e-13
 -3.086346304543764149e-13
 -2.605252978873378163e-13
 -2.015650512471994546e-13
 -1.963731716365984480e-13
 -2.011642825550950366e-13
 -1.637623835462368079e-13
 -2.145079826129879476e-13
 -1.950229789585996317e-13
 -2.359254829208537465e-13
 -1.402003344324856089e-13
 -7.647335213492410970e-14
 5.141841609389376984e-14
 2.035399862961724869e-13
 3.556970083554422178e-13
 4.011018387861423387e-13
 4.335094904877756603e-13
 4.779558339869157085e-13
 3.863986976599858735e-13
 3.173043357344740115e-13
 2.487370834322995976e-13
 2.263705632251188189e-13
 -1.720834282269690388e-13
 -2.325826641433486781e-14
 1.041839260217788126e-14
 -2.612752104002615509e-14
 -1.521877627520464630e-13
 -1.199616427493328351e-13
 -2.484150065478584396e-13
 -2.891135299136099869e-13
 -6.290771111434308692e-14
 -5.051961066672475735e-13
 -9.861825060928954373e-14
 -1.419143264408363142e-13
 3.438717257094878808e-13
 3.008754701833925622e-13
 4.736244077147819446e-13
 2.188843631081091342e-13
 5.385188626895724502e-13
 3.396721466379095922e-13
 1.160149675474503821e-13
 -3.070736687496771053e-13
 -2.031830146237729404e-13
 -1.489300991329887373e-13
 -4.668197718903856338e-14
 1.485164952116094902e-13
 1.566116896791222185e-13
 1.901348863651740225e-13
 -4.611801063437933610e-14
 -2.109140530621846129e-15
 2.449670489145505970e-13
 -1.872910936713859369e-13
 -1.662755559922007447e-14
 -1.205345155440642332e-13
 7.888768401955206828e-14
 -8.701437014678985706e-14
 3.024075548074631486e-14
 -1.354526563075153937e-13
 3.289968558746330862e-13
 2.264622246389517916e-13
 2.963351701357139905e-13
 1.269776202167788046e-13
 3.566658508677449877e-13
 2.321850589105699622e-13
 1.222944618376536312e-13
 1.452360920755857913e-13
 1.546362392034629413e-13
 2.115719160082904455e-13
 1.175534252867349821e-13
 3.198856318797323913e-14
 1.704965441603798616e-13
 -4.234622069269568144e-13
 -2.150165279809287216e-13
 -2.512773150598957732e-13
 8.300288618741745790e-14
 6.782971801398108915e-14
 2.785296616228894476e-13
 3.766710990139691434e-16
 3.121641218561533291e-13
 -3.143840971642899121e-15
 -4.213080921664494509e-14
 -3.573877509409355350e-13
 -2.076774126322420424e-13
 -7.661638674488907898e-14
 -4.130910343423017040e-14
 9.233698962127959244e-14
 1.091770110533945206e-13
 1.491334192901894520e-13
 3.876194030389447815e-14
 6.193416563924537759e-14
 2.221734088073364505e-13
 -2.287286471092868948e-13
 -7.389716121538228209e-14
 -2.160505438286710500e-13
 -5.264202100015214212e-15
 -7.567592111711174815e-14
 -2.463551046619340139e-13
 -1.970148468918542408e-13
 -3.700522382629737493e-13
 -7.193617471922200794e-14
 -2.723986182760258532e-13
 -2.404623071340048366e-13
 -4.716571198876444423e-13
 -2.391925227503703005e-13
 -9.797319275982704134e-14
 -3.273387966695073093e-14
 -5.054405632339935963e-14
 -1.637047639234062002e-13
 -1.112926263679410892e-13
 -1.410854750986372447e-13
 8.842909033845364775e-14
 4.055622507973727542e-13
 1.341206639104976254e-14
 3.751413330844989543e-13
 3.959270333406725561e-13
 5.916143472620970255e-13
 3.534741593496113867e-13
 3.679901973041969211e-13
 1.282944926924811117e-13
 4.364122659014913808e-13
 1.623346926990634819e-13
 -1.649066605032626274e-14
 -4.130952859977902603e-13
 -3.008084051296461073e-13
 -3.957833855389379777e-13
 -5.720369521266492555e-13
 -5.537838356888644037e-13
 -6.114449668507256693e-13
 -4.264229927754660532e-13
 -4.702855782780425300e-13
 -4.650186098672048536e-13
 -2.874091500393824085e-13
 -7.082893173468483516e-13
 -3.716602918897981526e-13
 -4.256086109102444865e-13
 -1.524638768379930532e-13
 -2.898154710621403883e-13
 -2.282665956323836769e-13
 -4.240165439754712079e-13
 3.165675539891096621e-14
 -2.296671108768471160e-14
 8.803705278858517965e-14
 -1.440422656942171856e-13
 7.398415985311750689e-14
 1.892270449984968356e-13
 2.214026352949897338e-13
 1.729024782270449940e-13
 5.634229796407945774e-14
 -7.051598916069733568e-14
 -4.526622775221724656e-14
 -1.179012299259383310e-13
 9.457462141828221338e-14
 -2.874790507304603684e-13
 -1.840705458731607664e-13
 -3.126523522970830643e-13
 -4.297536267033010287e-13
 -4.660700254543807174e-13
 -1.323288327599450619e-13
 -1.413465330140629392e-13
 2.107163361489017879e-13
 6.442789096375645230e-14
 1.377462775944483452e-13
 4.402508160178099389e-14
 4.050261765587667376e-13
 3.670312302502056718e-13
 4.968416314122929613e-13
 5.506631908701197298e-13
 5.485793752131788566e-13
 4.768320001894191522e-13
 4.397369584875611822e-13
 2.610120156917473946e-13
 5.089427191728345995e-13
 2.706969712300051767e-13
 5.589002686652665192e-13
 6.809292312642249095e-13
 7.901957945217252820e-13
 8.638071104534508390e-13
 1.016818651261927771e-12
 8.842934718680585756e-13
 1.177718736794439204e-12
 1.067294779336246489e-12
 1.160578657302951160e-12
 6.836813456129313422e-13
 7.214870931249857086e-13
 6.997916350007415592e-13
 6.055465420828849299e-13
 4.940272760048461323e-13
 3.959569065587637857e-13
 3.806861153758567193e-13
 4.353488918990735956e-13
 3.870716967553578520e-13
 4.494594159019501576e-13
 1.050435110189184168e-13
 3.392516404819290372e-13
 3.313165944548295216e-13
 3.733396826635453110e-13
 3.331238764762018123e-13
 3.702404818255397603e-13
 1.357654327603442530e-13
 4.361115670978398543e-13
 3.027741236852081693e-13
 3.462756499726899413e-13
 1.217279700043015309e-14
 7.284764127989105707e-14
 3.100083180524506257e-14
 7.440662278802431917e-14
 7.287702440233903596e-14
 -1.059261852471206073e-13
 -2.847999266342467263e-13
 -2.526105271899375195e-13
 -2.716034367061937715e-13
 -8.414839371923183128e-14
 -3.462715146625771892e-13
 -2.148012815361286967e-13
 -1.879192771390597881e-13
 -1.304104441135785447e-13
 -1.692480358133377242e-13
 -9.955765585851245745e-14
 -2.029153721863606092e-13
 1.605092952574905069e-13
 3.260215165412178280e-14
 -1.588913430034778384e-14
 -2.711666639337176495e-13
 -2.428259595782165974e-14
 5.222144269629959185e-14
 1.343172695130937705e-13
 1.864496425849868644e-13
 2.874168410909627893e-13
 4.730689608738899711e-13
 5.138162021861190613e-13
 4.448381879786923736e-13
 2.258707500336116891e-13
 2.825047881929243573e-13
 -1.057946310101474544e-13
 1.712415429131176723e-14
 -1.225420911900272929e-14
 1.553256515481108119e-14
 -2.272930698761946539e-14
 -8.371713160988591743e-15
 -2.442983674797511758e-13
 -1.148659435877675240e-14
 -2.136401259642208554e-13
 -1.490735183840201899e-13
 -2.855189202273105568e-13
 -1.756895031018376277e-13
 -1.538025550727813286e-13
 -1.343091970202481002e-13
 -1.418742008401177612e-13
 -1.862912157106259685e-13
 -2.607441367349240948e-13
 -2.564309940364536629e-13
 -3.339681685210558468e-13
 -2.002774975854035509e-13
 -4.725909361521198392e-13
 -2.973334261580597888e-13
 -2.464458067456807901e-13
 -1.974864884761443263e-13
 -2.477323365653298638e-13
 -1.581946730184704937e-13
 -3.238162387430872936e-13
 6.878823917763570920e-14
 -2.181595243666173805e-14
 4.420215181230418015e-14
 -1.650185425641281886e-14
 2.991807793309811061e-13
 3.977896008884364426e-13
 4.470985585353344428e-13
 4.863059993481144164e-13
 4.011432895877800611e-13
 3.195694605498786537e-13
 2.423024711459837246e-13
 1.827643206087336688e-13
 </DataArray>
 <DataArray Name="vel.z" type="Float32" NumberOfComponents="1" format="ascii">
 0.000000000000000000e+00
 0.000000000000000000e+00
 0.000000000000000000e+00
 0.000000000000000000e+00
 0.000000000000000000e+00
 0.000000000000000000e+00
 0.000000000000000000e+00
 0.000000000000000000e+00
 0.000000000000000000e+00
 0.000000000000000000e+00
 0.000000000000000000e+00
 0.000000000000000000e+00
 0.000000000000000000e+00
 0.000000000000000000e+00
 0.000000000000000000e+00
 0.000000000000000000e+00
 0.000000000000000000e+00
 0.000000000000000000e+00
 0.000000000000000000e+00
 0.000000000000000000e+00
 0.000000000000000000e+00
 0.000000000000000000e+00
 0.000000000000000000e+00
 0.000000000000000000e+00
 0.000000000000000000e+00
 0.000000000000000000e+00
 0.000000000000000000e+00
 0.000000000000000000e+00
 0.000000000000000000e+00
 0.000000000000000000e+00
 0.000000000000000000e+00
 0.000000000000000000e+00
 0.000000000000000000e+00
 0.000000000000000000e+00
 0.000000000000000000e+00
 0.000000000000000000e+00
 0.000000000000000000e+00
 0.000000000000000000e+00
 0.000000000000000000e+00
 0.000000000000000000e+00
 0.000000000000000000e+00
 0.000000000000000000e+00
 0.000000000000000000e+00
 0.000000000000000000e+00
 0.000000000000000000e+00
 0.000000000000000000e+00
 0.000000000000000000e+00
 0.000000000000000000e+00
 0.000000000000000000e+00
 0.000000000000000000e+00
 0.000000000000000000e+00
 0.000000000000000000e+00
 0.000000000000000000e+00
 0.000000000000000000e+00
 0.000000000000000000e+00
 0.000000000000000000e+00
 0.000000000000000000e+00
 0.000000000000000000e+00
 0.000000000000000000e+00
 0.000000000000000000e+00
 0.000000000000000000e+00
 0.000000000000000000e+00
 0.000000000000000000e+00
 0.000000000000000000e+00
 0.000000000000000000e+00
 0.000000000000000000e+00
 0.000000000000000000e+00
 0.000000000000000000e+00
 0.000000000000000000e+00
 0.000000000000000000e+00
 0.000000000000000000e+00
 0.000000000000000000e+00
 0.000000000000000000e+00
 0.000000000000000000e+00
 0.000000000000000000e+00
 0.000000000000000000e+00
 0.000000000000000000e+00
 0.000000000000000000e+00
 0.000000000000000000e+00
 0.000000000000000000e+00
 0.000000000000000000e+00
 0.000000000000000000e+00
 0.000000000000000000e+00
 0.000000000000000000e+00
 0.000000000000000000e+00
 0.000000000000000000e+00
 0.000000000000000000e+00
 0.000000000000000000e+00
 0.000000000000000000e+00
 0.000000000000000000e+00
 0.000000000000000000e+00
 0.000000000000000000e+00
 0.000000000000000000e+00
 0.000000000000000000e+00
 0.000000000000000000e+00
 0.000000000000000000e+00
 0.000000000000000000e+00
 0.000000000000000000e+00
 0.000000000000000000e+00
 0.000000000000000000e+00
 0.000000000000000000e+00
 0.000000000000000000e+00
 0.000000000000000000e+00
 0.000000000000000000e+00
 0.000000000000000000e+00
 0.000000000000000000e+00
 0.000000000000000000e+00
 0.000000000000000000e+00
 0.000000000000000000e+00
 0.000000000000000000e+00
 0.000000000000000000e+00
 0.000000000000000000e+00
 0.000000000000000000e+00
 0.000000000000000000e+00
 0.000000000000000000e+00
 0.000000000000000000e+00
 0.000000000000000000e+00
 0.000000000000000000e+00
 0.000000000000000000e+00
 0.000000000000000000e+00
 0.000000000000000000e+00
 0.000000000000000000e+00
 0.000000000000000000e+00
 0.000000000000000000e+00
 0.000000000000000000e+00
 0.000000000000000000e+00
 0.000000000000000000e+00
 0.000000000000000000e+00
 0.000000000000000000e+00
 0.000000000000000000e+00
 0.000000000000000000e+00
 0.000000000000000000e+00
 0.000000000000000000e+00
 0.000000000000000000e+00
 0.000000000000000000e+00
 0.000000000000000000e+00
 0.000000000000000000e+00
 0.000000000000000000e+00
 0.000000000000000000e+00
 0.000000000000000000e+00
 0.000000000000000000e+00
 0.000000000000000000e+00
 0.000000000000000000e+00
 0.000000000000000000e+00
 0.000000000000000000e+00
 0.000000000000000000e+00
 0.000000000000000000e+00
 0.000000000000000000e+00
 0.000000000000000000e+00
 0.000000000000000000e+00
 0.000000000000000000e+00
 0.000000000000000000e+00
 0.000000000000000000e+00
 0.000000000000000000e+00
 0.000000000000000000e+00
 0.000000000000000000e+00
 0.000000000000000000e+00
 0.000000000000000000e+00
 0.000000000000000000e+00
 0.000000000000000000e+00
 0.000000000000000000e+00
 0.000000000000000000e+00
 0.000000000000000000e+00
 0.000000000000000000e+00
 0.000000000000000000e+00
 0.000000000000000000e+00
 0.000000000000000000e+00
 0.000000000000000000e+00
 0.000000000000000000e+00
 0.000000000000000000e+00
 0.000000000000000000e+00
 0.000000000000000000e+00
 0.000000000000000000e+00
 0.000000000000000000e+00
 0.000000000000000000e+00
 0.000000000000000000e+00
 0.000000000000000000e+00
 0.000000000000000000e+00
 0.000000000000000000e+00
 0.000000000000000000e+00
 0.000000000000000000e+00
 0.000000000000000000e+00
 0.000000000000000000e+00
 0.000000000000000000e+00
 0.000000000000000000e+00
 0.000000000000000000e+00
 0.000000000000000000e+00
 0.000000000000000000e+00
 0.000000000000000000e+00
 0.000000000000000000e+00
 0.000000000000000000e+00
 0.000000000000000000e+00
 0.000000000000000000e+00
 0.000000000000000000e+00
 0.000000000000000000e+00
 0.000000000000000000e+00
 0.000000000000000000e+00
 0.000000000000000000e+00
 0.000000000000000000e+00
 0.000000000000000000e+00
 0.000000000000000000e+00
 0.000000000000000000e+00
 0.000000000000000000e+00
 0.000000000000000000e+00
 0.000000000000000000e+00
 0.000000000000000000e+00
 0.000000000000000000e+00
 0.000000000000000000e+00
 0.000000000000000000e+00
 0.000000000000000000e+00
 0.000000000000000000e+00
 0.000000000000000000e+00
 0.000000000000000000e+00
 0.000000000000000000e+00
 0.000000000000000000e+00
 0.000000000000000000e+00
 0.000000000000000000e+00
 0.000000000000000000e+00
 0.000000000000000000e+00
 0.000000000000000000e+00
 0.000000000000000000e+00
 0.000000000000000000e+00
 0.000000000000000000e+00
 0.000000000000000000e+00
 0.000000000000000000e+00
 0.000000000000000000e+00
 0.000000000000000000e+00
 0.000000000000000000e+00
 0.000000000000000000e+00
 0.000000000000000000e+00
 0.000000000000000000e+00
 0.000000000000000000e+00
 0.000000000000000000e+00
 0.000000000000000000e+00
 0.000000000000000000e+00
 0.000000000000000000e+00
 0.000000000000000000e+00
 0.000000000000000000e+00
 0.000000000000000000e+00
 0.000000000000000000e+00
 0.000000000000000000e+00
 0.000000000000000000e+00
 0.000000000000000000e+00
 0.000000000000000000e+00
 0.000000000000000000e+00
 0.000000000000000000e+00
 0.000000000000000000e+00
 0.000000000000000000e+00
 0.000000000000000000e+00
 0.000000000000000000e+00
 0.000000000000000000e+00
 0.000000000000000000e+00
 0.000000000000000000e+00
 0.000000000000000000e+00
 0.000000000000000000e+00
 0.000000000000000000e+00
 0.000000000000000000e+00
 0.000000000000000000e+00
 0.000000000000000000e+00
 0.000000000000000000e+00
 0.000000000000000000e+00
 0.000000000000000000e+00
 0.000000000000000000e+00
 0.000000000000000000e+00
 0.000000000000000000e+00
 0.000000000000000000e+00
 0.000000000000000000e+00
 0.000000000000000000e+00
 0.000000000000000000e+00
 0.000000000000000000e+00
 0.000000000000000000e+00
 0.000000000000000000e+00
 0.000000000000000000e+00
 0.000000000000000000e+00
 0.000000000000000000e+00
 0.000000000000000000e+00
 0.000000000000000000e+00
 0.000000000000000000e+00
 0.000000000000000000e+00
 0.000000000000000000e+00
 0.000000000000000000e+00
 0.000000000000000000e+00
 0.000000000000000000e+00
 0.000000000000000000e+00
 0.000000000000000000e+00
 0.000000000000000000e+00
 0.000000000000000000e+00
 0.000000000000000000e+00
 0.000000000000000000e+00
 0.000000000000000000e+00
 0.000000000000000000e+00
 0.000000000000000000e+00
 0.000000000000000000e+00
 0.000000000000000000e+00
 0.000000000000000000e+00
 0.000000000000000000e+00
 0.000000000000000000e+00
 0.000000000000000000e+00
 0.000000000000000000e+00
 0.000000000000000000e+00
 0.000000000000000000e+00
 0.000000000000000000e+00
 0.000000000000000000e+00
 0.000000000000000000e+00
 0.000000000000000000e+00
 0.000000000000000000e+00
 0.000000000000000000e+00
 0.000000000000000000e+00
 0.000000000000000000e+00
 0.000000000000000000e+00
 0.000000000000000000e+00
 0.000000000000000000e+00
 0.000000000000000000e+00
 0.000000000000000000e+00
 0.000000000000000000e+00
 0.000000000000000000e+00
 0.000000000000000000e+00
 0.000000000000000000e+00
 0.000000000000000000e+00
 0.000000000000000000e+00
 0.000000000000000000e+00
 0.000000000000000000e+00
 0.000000000000000000e+00
 0.000000000000000000e+00
 0.000000000000000000e+00
 0.000000000000000000e+00
 0.000000000000000000e+00
 0.000000000000000000e+00
 0.000000000000000000e+00
 0.000000000000000000e+00
 0.000000000000000000e+00
 0.000000000000000000e+00
 0.000000000000000000e+00
 0.000000000000000000e+00
 0.000000000000000000e+00
 0.000000000000000000e+00
 0.000000000000000000e+00
 0.000000000000000000e+00
 0.000000000000000000e+00
 0.000000000000000000e+00
 0.000000000000000000e+00
 0.000000000000000000e+00
 0.000000000000000000e+00
 0.000000000000000000e+00
 0.000000000000000000e+00
 0.000000000000000000e+00
 0.000000000000000000e+00
 0.000000000000000000e+00
 0.000000000000000000e+00
 0.000000000000000000e+00
 0.000000000000000000e+00
 0.000000000000000000e+00
 0.000000000000000000e+00
 0.000000000000000000e+00
 0.000000000000000000e+00
 0.000000000000000000e+00
 0.000000000000000000e+00
 0.000000000000000000e+00
 0.000000000000000000e+00
 0.000000000000000000e+00
 0.000000000000000000e+00
 0.000000000000000000e+00
 0.000000000000000000e+00
 0.000000000000000000e+00
 0.000000000000000000e+00
 0.000000000000000000e+00
 0.000000000000000000e+00
 0.000000000000000000e+00
 0.000000000000000000e+00
 0.000000000000000000e+00
 0.000000000000000000e+00
 0.000000000000000000e+00
 0.000000000000000000e+00
 0.000000000000000000e+00
 0.000000000000000000e+00
 0.000000000000000000e+00
 0.000000000000000000e+00
 0.000000000000000000e+00
 0.000000000000000000e+00
 0.000000000000000000e+00
 0.000000000000000000e+00
 0.000000000000000000e+00
 0.000000000000000000e+00
 0.000000000000000000e+00
 0.000000000000000000e+00
 0.000000000000000000e+00
 0.000000000000000000e+00
 0.000000000000000000e+00
 0.000000000000000000e+00
 0.000000000000000000e+00
 0.000000000000000000e+00
 0.000000000000000000e+00
 0.000000000000000000e+00
 0.000000000000000000e+00
 0.000000000000000000e+00
 0.000000000000000000e+00
 0.000000000000000000e+00
 0.000000000000000000e+00
 0.000000000000000000e+00
 0.000000000000000000e+00
 0.000000000000000000e+00
 0.000000000000000000e+00
 0.000000000000000000e+00
 0.000000000000000000e+00
 0.000000000000000000e+00
 0.000000000000000000e+00
 0.000000000000000000e+00
 0.000000000000000000e+00
 0.000000000000000000e+00
 0.000000000000000000e+00
 0.000000000000000000e+00
 0.000000000000000000e+00
 0.000000000000000000e+00
 0.000000000000000000e+00
 0.000000000000000000e+00
 0.000000000000000000e+00
 0.000000000000000000e+00
 0.000000000000000000e+00
 0.000000000000000000e+00
 0.000000000000000000e+00
 0.000000000000000000e+00
 0.000000000000000000e+00
 0.000000000000000000e+00
 0.000000000000000000e+00
 0.000000000000000000e+00
 0.000000000000000000e+00
 0.000000000000000000e+00
 0.000000000000000000e+00
 0.000000000000000000e+00
 0.000000000000000000e+00
 0.000000000000000000e+00
 0.000000000000000000e+00
 0.000000000000000000e+00
 0.000000000000000000e+00
 0.000000000000000000e+00
 0.000000000000000000e+00
 0.000000000000000000e+00
 0.000000000000000000e+00
 0.000000000000000000e+00
 0.000000000000000000e+00
 0.000000000000000000e+00
 0.000000000000000000e+00
 0.000000000000000000e+00
 0.000000000000000000e+00
 0.000000000000000000e+00
 0.000000000000000000e+00
 0.000000000000000000e+00
 0.000000000000000000e+00
 0.000000000000000000e+00
 0.000000000000000000e+00
 0.000000000000000000e+00
 0.000000000000000000e+00
 0.000000000000000000e+00
 0.000000000000000000e+00
 0.000000000000000000e+00
 0.000000000000000000e+00
 0.000000000000000000e+00
 0.000000000000000000e+00
 0.000000000000000000e+00
 0.000000000000000000e+00
 0.000000000000000000e+00
 0.000000000000000000e+00
 0.000000000000000000e+00
 0.000000000000000000e+00
 0.000000000000000000e+00
 0.000000000000000000e+00
 0.000000000000000000e+00
 0.000000000000000000e+00
 0.000000000000000000e+00
 0.000000000000000000e+00
 0.000000000000000000e+00
 0.000000000000000000e+00
 0.000000000000000000e+00
 0.000000000000000000e+00
 0.000000000000000000e+00
 0.000000000000000000e+00
 0.000000000000000000e+00
 0.000000000000000000e+00
 0.000000000000000000e+00
 0.000000000000000000e+00
 0.000000000000000000e+00
 0.000000000000000000e+00
 0.000000000000000000e+00
 0.000000000000000000e+00
 0.000000000000000000e+00
 0.000000000000000000e+00
 0.000000000000000000e+00
 0.000000000000000000e+00
 0.000000000000000000e+00
 0.000000000000000000e+00
 0.000000000000000000e+00
 0.000000000000000000e+00
 0.000000000000000000e+00
 0.000000000000000000e+00
 0.000000000000000000e+00
 0.000000000000000000e+00
 0.000000000000000000e+00
 0.000000000000000000e+00
 0.000000000000000000e+00
 0.000000000000000000e+00
 </DataArray>
 <DataArray Name="p" type="Float32" NumberOfComponents="1" format="ascii">
 1.371369650403318228e+05
 1.368425846945889061e+05
 1.365429611178739287e+05
 1.362386800002978998e+05
 1.359303196279252297e+05
 1.356184397395212727e+05
 1.353035722409258888e+05
 1.349862139533285226e+05
 1.346668214369869384e+05
 1.343458078145537584e+05
 1.340235414233346819e+05
 1.337003460564457055e+05
 1.333765025097519101e+05
 1.330522511334651208e+05
 1.327277950914407265e+05
 1.324033040532875748e+05
 1.320789180793584092e+05
 1.317547515013121010e+05
 1.314308966463577235e+05
 1.311074272974872147e+05
 1.307844018219411082e+05
 1.304618659339810692e+05
 1.301398550848651357e+05
 1.298183964927612978e+05
 1.294975108387454820e+05
 1.291772136629851157e+05
 1.288575164988066390e+05
 1.285384277827240294e+05
 1.282199535766453482e+05
 1.279020981352590024e+05
 1.275848643476761645e+05
 1.272682540782725700e+05
 1.269522684276543732e+05
 1.266369079309832014e+05
 1.263221727076267416e+05
 1.260080625733062916e+05
 1.256945771235745342e+05
 1.253817157955286093e+05
 1.250694779131235409e+05
 1.247578627202057251e+05
 1.244468694044188014e+05
 1.241364971143731527e+05
 1.238267449718799180e+05
 1.235176120805966348e+05
 1.232090975320911093e+05
 1.229012004100589256e+05
 1.225939197932350362e+05
 1.222872547573919001e+05
 1.219812043767026043e+05
 1.216757677246681124e+05
 1.213709438747459062e+05
 1.210667319007737533e+05
 1.207631308772594639e+05
 1.204601398795734422e+05
 1.201577579840776889e+05
 1.198559842682100716e+05
 1.195548178105363913e+05
 1.192542576907794864e+05
 1.189543029898342356e+05
 1.186549527897694643e+05
 1.183562061738249031e+05
 1.180580622264001431e+05
 1.177605200330443622e+05
 1.174635786804436502e+05
 1.171672372564068064e+05
 1.168714948498545855e+05
 1.165763505508077651e+05
 1.162818034503769450e+05
 1.159878526407539903e+05
 1.156944972152037953e+05
 1.154017362680566875e+05
 1.151095688947015879e+05
 1.148179941915788950e+05
 1.145270112561753776e+05
 1.142366191870166513e+05
 1.139468170836604695e+05
 1.136576040466909908e+05
 1.133689791777121573e+05
 1.130809415793398221e+05
 1.127934903551950119e+05
 1.125066246098975680e+05
 1.122203434490582295e+05
 1.119346459792722017e+05
 1.116495313081116910e+05
 1.113649985441179597e+05
 1.110810467967947188e+05
 1.107976751766005036e+05
 1.105148827949416736e+05
 1.102326687641648459e+05
 1.099510321975497354e+05
 1.096699722093023447e+05
 1.093894879145475570e+05
 1.091095784293208126e+05
 1.088302428705623752e+05
 1.085514803561102599e+05
 1.082732900046919240e+05
 1.079956709359184752e+05
 1.077186222702771920e+05
 1.074421431291241024e+05
 1.071662326346783957e+05
 1.068908899100140407e+05
 1.066161140790537611e+05
 1.063419042665627494e+05
 1.060682595981408376e+05
 1.057951792002167640e+05
 1.055226622000412317e+05
 1.052507077256803168e+05
 1.049793149060084543e+05
 1.047084828707034176e+05
 1.044382107502386352e+05
 1.041684976758776465e+05
 1.038993427796671167e+05
 1.036307451944309869e+05
 1.033627040537647408e+05
 1.030952184920287691e+05
 1.028282876443424175e+05
 1.025619106465788500e+05
 1.022960866353578604e+05
 1.020308147480421612e+05
 1.017660941227297008e+05
 1.015019238982503884e+05
 1.012383032141589647e+05
 1.009752312107307662e+05
 1.007127070289569674e+05
 1.004507298105390510e+05
 1.001892986978850968e+05
 9.992841283410452888e+04
 9.966807136300425918e+04
 9.940827342908535502e+04
 9.914901817753833893e+04
 9.889030475424033648e+04
 9.863213230575191847e+04
 9.837449997931398684e+04
 9.811740692284551915e+04
 9.786085228494134208e+04
 9.760483521486959944e+04
 9.734935486257054436e+04
 9.709441037865588441e+04
 9.684000091440814140e+04
 9.658612562177865766e+04
 9.633278365338915319e+04
 9.607997416253133269e+04
 9.582769630316772964e+04
 9.557594922993323416e+04
 9.532473209813563153e+04
 9.507404406375940016e+04
 9.482388428346617729e+04
 9.457425191459935741e+04
 9.432514611518618767e+04
 9.407656604394088208e+04
 9.382851086027092242e+04
 9.358097972427992499e+04
 9.333397179677295208e+04
 9.308748623926231812e+04
 9.284152221397234825e+04
 9.259607888384637772e+04
 9.235115541255315475e+04
 9.210675096449322882e+04
 9.186286470480717253e+04
 9.161949579938169336e+04
 9.137664341485923796e+04
 9.113430671864534088e+04
 9.089248487891689001e+04
 9.065117706463143986e+04
 9.041038244553639379e+04
 9.017010019217843364e+04
 8.993032947591283300e+04
 8.969106946891341067e+04
 8.945231934418236779e+04
 8.921407827556077973e+04
 8.897634543773875339e+04
 8.873912000626591907e+04
 8.850240115756266459e+04
 8.826618806893007422e+04
 8.803047991856120643e+04
 8.779527588555119291e+04
 8.756057514990981144e+04
 8.732637689257106103e+04
 8.709268029540452699e+04
 8.685948454122536350e+04
 8.662678881380702660e+04
 8.639459229789076198e+04
 8.616289417919638800e+04
 8.593169364443352970e+04
 8.570098988131154329e+04
 8.547078207854984794e+04
 8.524106942588879610e+04
 8.501185111409907404e+04
 8.478312633499136427e+04
 8.455489428142677934e+04
 8.432715414732608770e+04
 8.409990512767770269e+04
 8.387314641854878573e+04
 8.364687721709208563e+04
 8.342109672155535372e+04
 8.319580413128918735e+04
 8.297099864675519348e+04
 8.274667946953298815e+04
 8.252284580232857843e+04
 8.229949684898098349e+04
 8.207663181446857925e+04
 8.185424990491627250e+04
 8.163235032760105969e+04
 8.141093229095907009e+04
 8.118999500459016417e+04
 8.096953767926398723e+04
 8.074955952692459687e+04
 8.053005976069603639e+04
 8.031103759488659853e+04
 8.009249224499354023e+04
 7.987442292770669155e+04
 7.965682886091241380e+04
 7.943970926369792141e+04
 7.922306335635436699e+04
 7.900689036038031918e+04
 7.879118949848377088e+04
 7.857595999458643200e+04
 7.836120107382570859e+04
 7.814691196255674004e+04
 7.793309188835459645e+04
 7.771974008001713082e+04
 7.750685576756559021e+04
 7.729443818224752613e+04
 7.708248655653726018e+04
 7.687100012413713557e+04
 7.665997811997869576e+04
 7.644941978022399417e+04
 7.623932434226576879e+04
 7.602969104472742765e+04
 7.582051912746409653e+04
 7.561180783156224061e+04
 7.540355639933967905e+04
 7.519576407434506109e+04
 7.498843010135715303e+04
 7.478155372638444533e+04
 7.457513419666352274e+04
 7.436917076065808942e+04
 7.416366266805688792e+04
 7.395860916977252054e+04
 7.375400951793832064e+04
 7.354986296590651909e+04
 7.334616876824501378e+04
 7.314292618073387712e+04
 7.294013446036219830e+04
 7.273779286532408150e+04
 7.253590065501394565e+04
 7.233445709002166404e+04
 7.213346143212809693e+04
 7.193291294429845584e+04
 7.173281089067745779e+04
 1.371369650403317064e+05
 1.368425846945886442e+05
 1.365429611178739578e+05
 1.362386800002981036e+05
 1.359303196279255790e+05
 1.356184397395211854e+05
 1.353035722409259470e+05
 1.349862139533284644e+05
 1.346668214369867928e+05
 1.343458078145540785e+05
 1.340235414233345946e+05
 1.337003460564454144e+05
 1.333765025097510952e+05
 1.330522511334647716e+05
 1.327277950914406392e+05
 1.324033040532877203e+05
 1.320789180793582345e+05
 1.317547515013121592e+05
 1.314308966463581892e+05
 1.311074272974876803e+05
 1.307844018219412974e+05
 1.304618659339809383e+05
 1.301398550848648010e+05
 1.298183964927608758e+05
 1.294975108387453511e+05
 1.291772136629853048e+05
 1.288575164988069591e+05
 1.285384277827240730e+05
 1.282199535766451881e+05
 1.279020981352593517e+05
 1.275848643476764410e+05
 1.272682540782726719e+05
 1.269522684276541695e+05
 1.266369079309830704e+05
 1.263221727076265233e+05
 1.260080625733061752e+05
 1.256945771235738212e+05
 1.253817157955282455e+05
 1.250694779131233081e+05
 1.247578627202058851e+05
 1.244468694044189033e+05
 1.241364971143735747e+05
 1.238267449718801654e+05
 1.235176120805965911e+05
 1.232090975320911384e+05
 1.229012004100589402e+05
 1.225939197932352690e+05
 1.222872547573920601e+05
 1.219812043767026626e+05
 1.216757677246686653e+05
 1.213709438747458189e+05
 1.210667319007736369e+05
 1.207631308772590128e+05
 1.204601398795730493e+05
 1.201577579840774561e+05
 1.198559842682102753e+05
 1.195548178105363040e+05
 1.192542576907796174e+05
 1.189543029898343666e+05
 1.186549527897697990e+05
 1.183562061738248158e+05
 1.180580622263999103e+05
 1.177605200330443331e+05
 1.174635786804435629e+05
 1.171672372564067336e+05
 1.168714948498546000e+05
 1.165763505508077360e+05
 1.162818034503770759e+05
 1.159878526407541503e+05
 1.156944972152041591e+05
 1.154017362680567894e+05
 1.151095688947016752e+05
 1.148179941915787786e+05
 1.145270112561754213e+05
 1.142366191870168695e+05
 1.139468170836603822e+05
 1.136576040466911945e+05
 1.133689791777121136e+05
 1.130809415793396620e+05
 1.127934903551948810e+05
 1.125066246098974807e+05
 1.122203434490580694e+05
 1.119346459792720998e+05
 1.116495313081116474e+05
 1.113649985441180470e+05
 1.110810467967947479e+05
 1.107976751766003581e+05
 1.105148827949414263e+05
 1.102326687641646713e+05
 1.099510321975496190e+05
 1.096699722093026649e+05
 1.093894879145472805e+05
 1.091095784293206088e+05
 1.088302428705623315e+05
 1.085514803561103181e+05
 1.082732900046920404e+05
 1.079956709359186061e+05
 1.077186222702771629e+05
 1.074421431291244226e+05
 1.071662326346785558e+05
 1.068908899100141571e+05
 1.066161140790538047e+05
 1.063419042665629531e+05
 1.060682595981412160e+05
 1.057951792002168659e+05
 1.055226622000411735e+05
 1.052507077256799384e+05
 1.049793149060083233e+05
 1.047084828707033739e+05
 1.044382107502385770e+05
 1.041684976758776465e+05
 1.038993427796669130e+05
 1.036307451944310160e+05
 1.033627040537646826e+05
 1.030952184920288273e+05
 1.028282876443424320e+05
 1.025619106465786899e+05
 1.022960866353574384e+05
 1.020308147480417392e+05
 1.017660941227294534e+05
 1.015019238982502720e+05
 1.012383032141588046e+05
 1.009752312107307371e+05
 1.007127070289570547e+05
 1.004507298105391674e+05
 1.001892986978853442e+05
 9.992841283410461619e+04
 9.966807136300430284e+04
 9.940827342908539867e+04
 9.914901817753823707e+04
 9.889030475424065662e+04
 9.863213230575215130e+04
 9.837449997931442340e+04
 9.811740692284585384e+04
 9.786085228494129842e+04
 9.760483521486904647e+04
 9.734935486257026787e+04
 9.709441037865566614e+04
 9.684000091440796677e+04
 9.658612562177846848e+04
 9.633278365338909498e+04
 9.607997416253104166e+04
 9.582769630316771509e+04
 9.557594922993295768e+04
 9.532473209813560243e+04
 9.507404406375940016e+04
 9.482388428346614819e+04
 9.457425191459931375e+04
 9.432514611518598394e+04
 9.407656604394048918e+04
 9.382851086027074780e+04
 9.358097972427944478e+04
 9.333397179677266104e+04
 9.308748623926204164e+04
 9.284152221397202811e+04
 9.259607888384614489e+04
 9.235115541255305288e+04
 9.210675096449314151e+04
 9.186286470480698335e+04
 9.161949579938167881e+04
 9.137664341485990735e+04
 9.113430671864561737e+04
 9.089248487891686091e+04
 9.065117706463139621e+04
 9.041038244553649565e+04
 9.017010019217859372e+04
 8.993032947591290576e+04
 8.969106946891345433e+04
 8.945231934418235323e+04
 8.921407827556085249e+04
 8.897634543773891346e+04
 8.873912000626588997e+04
 8.850240115756265004e+04
 8.826618806893005967e+04
 8.803047991856122098e+04
 8.779527588555129478e+04
 8.756057514990995696e+04
 8.732637689257101738e+04
 8.709268029540436692e+04
 8.685948454122517433e+04
 8.662678881380734674e+04
 8.639459229789096571e+04
 8.616289417919646075e+04
 8.593169364443361701e+04
 8.570098988131161605e+04
 8.547078207855013898e+04
 8.524106942588895618e+04
 8.501185111409897218e+04
 8.478312633499120420e+04
 8.455489428142666293e+04
 8.432715414732600038e+04
 8.409990512767779001e+04
 8.387314641854878573e+04
 8.364687721709212929e+04
 8.342109672155542648e+04
 8.319580413128933287e+04
 8.297099864675520803e+04
 8.274667946953285718e+04
 8.252284580232865119e+04
 8.229949684898101259e+04
 8.207663181446878298e+04
 8.185424990491624339e+04
 8.163235032760105969e+04
 8.141093229095885181e+04
 8.118999500458994589e+04
 8.096953767926356522e+04
 8.074955952692430583e+04
 8.053005976069590542e+04
 8.031103759488687501e+04
 8.009249224499383126e+04
 7.987442292770688073e+04
 7.965682886091276305e+04
 7.943970926369808149e+04
 7.922306335635445430e+04
 7.900689036038020276e+04
 7.879118949848371267e+04
 7.857595999458651931e+04
 7.836120107382589777e+04
 7.814691196255663817e+04
 7.793309188835453824e+04
 7.771974008001691254e+04
 7.750685576756556111e+04
 7.729443818224756978e+04
 7.708248655653717287e+04
 7.687100012413707736e+04
 7.665997811997878307e+04
 7.644941978022422700e+04
 7.623932434226587065e+04
 7.602969104472754407e+04
 7.582051912746422749e+04
 7.561180783156218240e+04
 7.540355639933979546e+04
 7.519576407434507564e+04
 7.498843010135729855e+04
 7.478155372638453264e+04
 7.457513419666374102e+04
 7.436917076065811852e+04
 7.416366266805696068e+04
 7.395860916977221495e+04
 7.375400951793805871e+04
 7.354986296590609709e+04
 7.334616876824467909e+04
 7.314292618073349877e+04
 7.294013446036198002e+04
 7.273779286532406695e+04
 7.253590065501384379e+04
 7.233445709002188232e+04
 7.213346143212827155e+04
 7.193291294429860136e+04
 7.173281089067734138e+04
 </DataArray>
 <DataArray Name="a" type="Float32" NumberOfComponents="1" format="ascii">
 1.169578605114811580e+03
 1.169076045429968872e+03
 1.168563645862110434e+03
 1.168042359952475863e+03
 1.167513134605067080e+03
 1.166976891106758103e+03
 1.166434509102835136e+03
 1.165886813866343573e+03
 1.165334566975746156e+03
 1.164778460316847259e+03
 1.164219113161044334e+03
 1.163657071948638304e+03
 1.163092812325432305e+03
 1.162526742942189230e+03
 1.161959210525566959e+03
 1.161390505759450889e+03
 1.160820869568976150e+03
 1.160250499467453665e+03
 1.159679555700548917e+03
 1.159108166995496958e+03
 1.158536435790469568e+03
 1.157964442876999101e+03
 1.157392251434832360e+03
 1.156819910473506525e+03
 1.156247457719046906e+03
 1.155674921999014259e+03
 1.155102325186413964e+03
 1.154529683764635365e+03
 1.153957010073247602e+03
 1.153384313289647025e+03
 1.152811600195361052e+03
 1.152238875769112838e+03
 1.151666143642150473e+03
 1.151093406445223536e+03
 1.150520666071103733e+03
 1.149947923871840430e+03
 1.149375180805976697e+03
 1.148802437547671161e+03
 1.148229694567031629e+03
 1.147656952188832975e+03
 1.147084210635120826e+03
 1.146511470055889504e+03
 1.145938730551000162e+03
 1.145365992185709501e+03
 1.144793255001587340e+03
 1.144220519024133409e+03
 1.143647784268047417e+03
 1.143075050740856113e+03
 1.142502318445396213e+03
 1.141929587381506281e+03
 1.141356857547182017e+03
 1.140784128939356833e+03
 1.140211401554438453e+03
 1.139638675388669981e+03
 1.139065950438372965e+03
 1.138493226700110199e+03
 1.137920504170787581e+03
 1.137347782847714370e+03
 1.136775062728637522e+03
 1.136202343811749870e+03
 1.135629626095689446e+03
 1.135056909579526064e+03
 1.134484194262742676e+03
 1.133911480145220139e+03
 1.133338767227212657e+03
 1.132766055509330954e+03
 1.132193344992524999e+03
 1.131620635678067401e+03
 1.131047927567542047e+03
 1.130475220662830452e+03
 1.129902514966101762e+03
 1.129329810479803200e+03
 1.128757107206647333e+03
 1.128184405149610939e+03
 1.127611704311916128e+03
 1.127039004697027394e+03
 1.126466306308639560e+03
 1.125893609150669590e+03
 1.125320913227242727e+03
 1.124748218542682253e+03
 1.124175525101501762e+03
 1.123602832908387427e+03
 1.123030141968193902e+03
 1.122457452285927957e+03
 1.121884763866734147e+03
 1.121312076715887315e+03
 1.120739390838776217e+03
 1.120166706240893973e+03
 1.119594022927821698e+03
 1.119021340905218949e+03
 1.118448660178808268e+03
 1.117875980754364946e+03
 1.117303302637698835e+03
 1.116730625834643661e+03
 1.116157950351046111e+03
 1.115585276192746278e+03
 1.115012603365570385e+03
 1.114439931875312368e+03
 1.113867261727721143e+03
 1.113294592928489010e+03
 1.112721925483233690e+03
 1.112149259397485366e+03
 1.111576594676676223e+03
 1.111003931326120664e+03
 1.110431269351005085e+03
 1.109858608756370586e+03
 1.109285949547100472e+03
 1.108713291727903652e+03
 1.108140635303303270e+03
 1.107567980277618744e+03
 1.106995326654953487e+03
 1.106422674439177172e+03
 1.105850023633914134e+03
 1.105277374242527003e+03
 1.104704726268102604e+03
 1.104132079713434450e+03
 1.103559434581013193e+03
 1.102986790873003883e+03
 1.102414148591241883e+03
 1.101841507737208076e+03
 1.101268868312022505e+03
 1.100696230316423225e+03
 1.100123593750757891e+03
 1.099550958614967612e+03
 1.098978324908571267e+03
 1.098405692630656631e+03
 1.097833061779862874e+03
 1.097260432354370096e+03
 1.096687804351888644e+03
 1.096115177769642969e+03
 1.095542552604363436e+03
 1.094969928852274961e+03
 1.094397306509084729e+03
 1.093824685569975600e+03
 1.093252066029594062e+03
 1.092679447882042496e+03
 1.092106831120870993e+03
 1.091534215739070760e+03
 1.090961601729070935e+03
 1.090388989082724947e+03
 1.089816377791314608e+03
 1.089243767845541015e+03
 1.088671159235522282e+03
 1.088098551950793308e+03
 1.087525945980301913e+03
 1.086953341312412931e+03
 1.086380737934903891e+03
 1.085808135834970699e+03
 1.085235534999230140e+03
 1.084662935413718742e+03
 1.084090337063906873e+03
 1.083517739934697374e+03
 1.082945144010434888e+03
 1.082372549274916310e+03
 1.081799955711394887e+03
 1.081227363302596132e+03
 1.080654772030725326e+03
 1.080082181877479343e+03
 1.079509592824063930e+03
 1.078937004851202801e+03
 1.078364417939158329e+03
 1.077791832067744963e+03
 1.077219247216345593e+03
 1.076646663363931111e+03
 1.076074080489079051e+03
 1.075501498569996102e+03
 1.074928917584534702e+03
 1.074356337510217600e+03
 1.073783758324257633e+03
 1.073211180003583195e+03
 1.072638602524862563e+03
 1.072066025864525727e+03
 1.071493449998792130e+03
 1.070920874903694767e+03
 1.070348300555109063e+03
 1.069775726928774930e+03
 1.069203154000329050e+03
 1.068630581745330346e+03
 1.068058010139288626e+03
 1.067485439157689143e+03
 1.066912868776028745e+03
 1.066340298969839523e+03
 1.065767729714716552e+03
 1.065195160986353358e+03
 1.064622592760565112e+03
 1.064050025013317963e+03
 1.063477457720762686e+03
 1.062904890859260604e+03
 1.062332324405412010e+03
 1.061759758336087771e+03
 1.061187192628456614e+03
 1.060614627260009684e+03
 1.060042062208597372e+03
 1.059469497452449787e+03
 1.058896932970207445e+03
 1.058324368740947875e+03
 1.057751804744211768e+03
 1.057179240960030029e+03
 1.056606677368950159e+03
 1.056034113952064217e+03
 1.055461550691027696e+03
 1.054888987568091352e+03
 1.054316424566120304e+03
 1.053743861668622458e+03
 1.053171298859766921e+03
 1.052598736124412198e+03
 1.052026173448124155e+03
 1.051453610817203980e+03
 1.050881048218704336e+03
 1.050308485640454137e+03
 1.049735923071079242e+03
 1.049163360500021099e+03
 1.048590797917557893e+03
 1.048018235314826825e+03
 1.047445672683842531e+03
 1.046873110017510044e+03
 1.046300547309653211e+03
 1.045727984555027888e+03
 1.045155421749340121e+03
 1.044582858889264116e+03
 1.044010295972461336e+03
 1.043437732997593002e+03
 1.042865169964343067e+03
 1.042292606873430486e+03
 1.041720043726625590e+03
 1.041147480526763957e+03
 1.040574917277766644e+03
 1.040002353984651563e+03
 1.039429790653545979e+03
 1.038857227291704703e+03
 1.038284663907521690e+03
 1.037712100510543905e+03
 1.037139537111482241e+03
 1.036566973722225612e+03
 1.035994410355853006e+03
 1.035421847026642581e+03
 1.034849283750083941e+03
 1.034276720542884732e+03
 1.033704157422984508e+03
 1.033131594409558147e+03
 1.032559031523025851e+03
 1.031986468785058605e+03
 1.031413906218583406e+03
 1.030841343847787357e+03
 1.030268781698121302e+03
 1.029696219796303694e+03
 1.029123658170316958e+03
 1.028551096849413398e+03
 1.027978535864105879e+03
 1.027405975246172602e+03
 1.169578605114811126e+03
 1.169076045429968190e+03
 1.168563645862110207e+03
 1.168042359952476090e+03
 1.167513134605067762e+03
 1.166976891106758103e+03
 1.166434509102835364e+03
 1.165886813866343346e+03
 1.165334566975745929e+03
 1.164778460316847941e+03
 1.164219113161044334e+03
 1.163657071948637395e+03
 1.163092812325431169e+03
 1.162526742942189003e+03
 1.161959210525567187e+03
 1.161390505759451344e+03
 1.160820869568976150e+03
 1.160250499467453892e+03
 1.159679555700550281e+03
 1.159108166995498323e+03
 1.158536435790470705e+03
 1.157964442876999556e+03
 1.157392251434832588e+03
 1.156819910473506525e+03
 1.156247457719046906e+03
 1.155674921999015169e+03
 1.155102325186415555e+03
 1.154529683764636502e+03
 1.153957010073247829e+03
 1.153384313289647707e+03
 1.152811600195362189e+03
 1.152238875769113292e+03
 1.151666143642150018e+03
 1.151093406445222627e+03
 1.150520666071103051e+03
 1.149947923871839976e+03
 1.149375180805975333e+03
 1.148802437547670479e+03
 1.148229694567031402e+03
 1.147656952188833884e+03
 1.147084210635120826e+03
 1.146511470055889731e+03
 1.145938730551000617e+03
 1.145365992185709047e+03
 1.144793255001587113e+03
 1.144220519024132955e+03
 1.143647784268047417e+03
 1.143075050740855659e+03
 1.142502318445395304e+03
 1.141929587381506281e+03
 1.141356857547180880e+03
 1.140784128939355696e+03
 1.140211401554436634e+03
 1.139638675388668389e+03
 1.139065950438371374e+03
 1.138493226700109290e+03
 1.137920504170786671e+03
 1.137347782847713688e+03
 1.136775062728636840e+03
 1.136202343811749188e+03
 1.135629626095688536e+03
 1.135056909579524699e+03
 1.134484194262742221e+03
 1.133911480145220139e+03
 1.133338767227212429e+03
 1.132766055509330954e+03
 1.132193344992524771e+03
 1.131620635678068084e+03
 1.131047927567542729e+03
 1.130475220662831134e+03
 1.129902514966101762e+03
 1.129329810479803200e+03
 1.128757107206647106e+03
 1.128184405149610257e+03
 1.127611704311915901e+03
 1.127039004697026940e+03
 1.126466306308640014e+03
 1.125893609150669363e+03
 1.125320913227242045e+03
 1.124748218542681798e+03
 1.124175525101500625e+03
 1.123602832908386745e+03
 1.123030141968192993e+03
 1.122457452285926593e+03
 1.121884763866733010e+03
 1.121312076715885951e+03
 1.120739390838775307e+03
 1.120166706240893063e+03
 1.119594022927821243e+03
 1.119021340905218722e+03
 1.118448660178809632e+03
 1.117875980754364946e+03
 1.117303302637697925e+03
 1.116730625834642751e+03
 1.116157950351044747e+03
 1.115585276192745368e+03
 1.115012603365569703e+03
 1.114439931875311913e+03
 1.113867261727722052e+03
 1.113294592928489237e+03
 1.112721925483233690e+03
 1.112149259397485139e+03
 1.111576594676675995e+03
 1.111003931326121574e+03
 1.110431269351005540e+03
 1.109858608756370359e+03
 1.109285949547099790e+03
 1.108713291727903197e+03
 1.108140635303302588e+03
 1.107567980277618062e+03
 1.106995326654952578e+03
 1.106422674439176490e+03
 1.105850023633914361e+03
 1.105277374242527458e+03
 1.104704726268102831e+03
 1.104132079713434678e+03
 1.103559434581012511e+03
 1.102986790873003201e+03
 1.102414148591241656e+03
 1.101841507737207621e+03
 1.101268868312021368e+03
 1.100696230316422316e+03
 1.100123593750757436e+03
 1.099550958614967158e+03
 1.098978324908571039e+03
 1.098405692630656858e+03
 1.097833061779863101e+03
 1.097260432354370778e+03
 1.096687804351889326e+03
 1.096115177769643196e+03
 1.095542552604364801e+03
 1.094969928852275871e+03
 1.094397306509086548e+03
 1.093824685569977191e+03
 1.093252066029595198e+03
 1.092679447882041814e+03
 1.092106831120870766e+03
 1.091534215739070305e+03
 1.090961601729070026e+03
 1.090388989082724493e+03
 1.089816377791314835e+03
 1.089243767845540333e+03
 1.088671159235522509e+03
 1.088098551950792853e+03
 1.087525945980302822e+03
 1.086953341312414068e+03
 1.086380737934904346e+03
 1.085808135834970699e+03
 1.085235534999229230e+03
 1.084662935413718287e+03
 1.084090337063906645e+03
 1.083517739934696237e+03
 1.082945144010434433e+03
 1.082372549274915855e+03
 1.081799955711394659e+03
 1.081227363302595904e+03
 1.080654772030724871e+03
 1.080082181877479115e+03
 1.079509592824063247e+03
 1.078937004851202119e+03
 1.078364417939159239e+03
 1.077791832067744508e+03
 1.077219247216344229e+03
 1.076646663363929747e+03
 1.076074080489078824e+03
 1.075501498569996329e+03
 1.074928917584535156e+03
 1.074356337510218054e+03
 1.073783758324257633e+03
 1.073211180003583650e+03
 1.072638602524863245e+03
 1.072066025864525955e+03
 1.071493449998792357e+03
 1.070920874903694767e+03
 1.070348300555109063e+03
 1.069775726928774702e+03
 1.069203154000328823e+03
 1.068630581745329891e+03
 1.068058010139287717e+03
 1.067485439157688006e+03
 1.066912868776029427e+03
 1.066340298969839523e+03
 1.065767729714717007e+03
 1.065195160986354040e+03
 1.064622592760565112e+03
 1.064050025013318646e+03
 1.063477457720762914e+03
 1.062904890859260377e+03
 1.062332324405411782e+03
 1.061759758336087316e+03
 1.061187192628455705e+03
 1.060614627260009456e+03
 1.060042062208597144e+03
 1.059469497452449787e+03
 1.058896932970207672e+03
 1.058324368740948103e+03
 1.057751804744211768e+03
 1.057179240960029801e+03
 1.056606677368951068e+03
 1.056034113952064672e+03
 1.055461550691029061e+03
 1.054888987568092716e+03
 1.054316424566121668e+03
 1.053743861668622230e+03
 1.053171298859766011e+03
 1.052598736124409925e+03
 1.052026173448122336e+03
 1.051453610817201934e+03
 1.050881048218703427e+03
 1.050308485640454137e+03
 1.049735923071079924e+03
 1.049163360500022236e+03
 1.048590797917559030e+03
 1.048018235314828189e+03
 1.047445672683842531e+03
 1.046873110017510044e+03
 1.046300547309653439e+03
 1.045727984555027433e+03
 1.045155421749338757e+03
 1.044582858889262525e+03
 1.044010295972459062e+03
 1.043437732997591411e+03
 1.042865169964342385e+03
 1.042292606873429122e+03
 1.041720043726623999e+03
 1.041147480526763047e+03
 1.040574917277766417e+03
 1.040002353984650654e+03
 1.039429790653545524e+03
 1.038857227291704248e+03
 1.038284663907521235e+03
 1.037712100510543905e+03
 1.037139537111482014e+03
 1.036566973722226294e+03
 1.035994410355853461e+03
 1.035421847026643945e+03
 1.034849283750084169e+03
 1.034276720542884505e+03
 1.033704157422983144e+03
 1.033131594409557010e+03
 1.032559031523023805e+03
 1.031986468785057241e+03
 1.031413906218581587e+03
 1.030841343847786220e+03
 1.030268781698121984e+03
 1.029696219796303922e+03
 1.029123658170319004e+03
 1.028551096849414989e+03
 1.027978535864106789e+03
 1.027405975246172147e+03
 </DataArray>
 <DataArray Name="mu" type="Float32" NumberOfComponents="1" format="ascii">
 1.813928062146993983e-05
 1.813928062146993983e-05
 1.813928062146993983e-05
 1.813928062146993983e-05
 1.813928062146993983e-05
 1.813928062146993983e-05
 1.813928062146993983e-05
 1.813928062146993983e-05
 1.813928062146993983e-05
 1.813928062146993983e-05
 1.813928062146993983e-05
 1.813928062146993983e-05
 1.813928062146993983e-05
 1.813928062146993983e-05
 1.813928062146993983e-05
 1.813928062146993983e-05
 1.813928062146993983e-05
 1.813928062146993983e-05
 1.813928062146993983e-05
 1.813928062146993983e-05
 1.813928062146993983e-05
 1.813928062146993983e-05
 1.813928062146993983e-05
 1.813928062146993983e-05
 1.813928062146993983e-05
 1.813928062146993983e-05
 1.813928062146993983e-05
 1.813928062146993983e-05
 1.813928062146993983e-05
 1.813928062146993983e-05
 1.813928062146993983e-05
 1.813928062146993983e-05
 1.813928062146993983e-05
 1.813928062146993983e-05
 1.813928062146993983e-05
 1.813928062146993983e-05
 1.813928062146993983e-05
 1.813928062146993983e-05
 1.813928062146993983e-05
 1.813928062146993983e-05
 1.813928062146993983e-05
 1.813928062146993983e-05
 1.813928062146993983e-05
 1.813928062146993983e-05
 1.813928062146993983e-05
 1.813928062146993983e-05
 1.813928062146993983e-05
 1.813928062146993983e-05
 1.813928062146993983e-05
 1.813928062146993983e-05
 1.813928062146993983e-05
 1.813928062146993983e-05
 1.813928062146993983e-05
 1.813928062146993983e-05
 1.813928062146993983e-05
 1.813928062146993983e-05
 1.813928062146993983e-05
 1.813928062146993983e-05
 1.813928062146993983e-05
 1.813928062146993983e-05
 1.813928062146993983e-05
 1.813928062146993983e-05
 1.813928062146993983e-05
 1.813928062146993983e-05
 1.813928062146993983e-05
 1.813928062146993983e-05
 1.813928062146993983e-05
 1.813928062146993983e-05
 1.813928062146993983e-05
 1.813928062146993983e-05
 1.813928062146993983e-05
 1.813928062146993983e-05
 1.813928062146993983e-05
 1.813928062146993983e-05
 1.813928062146993983e-05
 1.813928062146993983e-05
 1.813928062146993983e-05
 1.813928062146993983e-05
 1.813928062146993983e-05
 1.813928062146993983e-05
 1.813928062146993983e-05
 1.813928062146993983e-05
 1.813928062146993983e-05
 1.813928062146993983e-05
 1.813928062146993983e-05
 1.813928062146993983e-05
 1.813928062146993983e-05
 1.813928062146993983e-05
 1.813928062146993983e-05
 1.813928062146993983e-05
 1.813928062146993983e-05
 1.813928062146993983e-05
 1.813928062146993983e-05
 1.813928062146993983e-05
 1.813928062146993983e-05
 1.813928062146993983e-05
 1.813928062146993983e-05
 1.813928062146993983e-05
 1.813928062146993983e-05
 1.813928062146993983e-05
 1.813928062146993983e-05
 1.813928062146993983e-05
 1.813928062146993983e-05
 1.813928062146993983e-05
 1.813928062146993983e-05
 1.813928062146993983e-05
 1.813928062146993983e-05
 1.813928062146993983e-05
 1.813928062146993983e-05
 1.813928062146993983e-05
 1.813928062146993983e-05
 1.813928062146993983e-05
 1.813928062146993983e-05
 1.813928062146993983e-05
 1.813928062146993983e-05
 1.813928062146993983e-05
 1.813928062146993983e-05
 1.813928062146993983e-05
 1.813928062146993983e-05
 1.813928062146993983e-05
 1.813928062146993983e-05
 1.813928062146993983e-05
 1.813928062146993983e-05
 1.813928062146993983e-05
 1.813928062146993983e-05
 1.813928062146993983e-05
 1.813928062146993983e-05
 1.813928062146993983e-05
 1.813928062146993983e-05
 1.813928062146993983e-05
 1.813928062146993983e-05
 1.813928062146993983e-05
 1.813928062146993983e-05
 1.813928062146993983e-05
 1.813928062146993983e-05
 1.813928062146993983e-05
 1.813928062146993983e-05
 1.813928062146993983e-05
 1.813928062146993983e-05
 1.813928062146993983e-05
 1.813928062146993983e-05
 1.813928062146993983e-05
 1.813928062146993983e-05
 1.813928062146993983e-05
 1.813928062146993983e-05
 1.813928062146993983e-05
 1.813928062146993983e-05
 1.813928062146993983e-05
 1.813928062146993983e-05
 1.813928062146993983e-05
 1.813928062146993983e-05
 1.813928062146993983e-05
 1.813928062146993983e-05
 1.813928062146993983e-05
 1.813928062146993983e-05
 1.813928062146993983e-05
 1.813928062146993983e-05
 1.813928062146993983e-05
 1.813928062146993983e-05
 1.813928062146993983e-05
 1.813928062146993983e-05
 1.813928062146993983e-05
 1.813928062146993983e-05
 1.813928062146993983e-05
 1.813928062146993983e-05
 1.813928062146993983e-05
 1.813928062146993983e-05
 1.813928062146993983e-05
 1.813928062146993983e-05
 1.813928062146993983e-05
 1.813928062146993983e-05
 1.813928062146993983e-05
 1.813928062146993983e-05
 1.813928062146993983e-05
 1.813928062146993983e-05
 1.813928062146993983e-05
 1.813928062146993983e-05
 1.813928062146993983e-05
 1.813928062146993983e-05
 1.813928062146993983e-05
 1.813928062146993983e-05
 1.813928062146993983e-05
 1.813928062146993983e-05
 1.813928062146993983e-05
 1.813928062146993983e-05
 1.813928062146993983e-05
 1.813928062146993983e-05
 1.813928062146993983e-05
 1.813928062146993983e-05
 1.813928062146993983e-05
 1.813928062146993983e-05
 1.813928062146993983e-05
 1.813928062146993983e-05
 1.813928062146993983e-05
 1.813928062146993983e-05
 1.813928062146993983e-05
 1.813928062146993983e-05
 1.813928062146993983e-05
 1.813928062146993983e-05
 1.813928062146993983e-05
 1.813928062146993983e-05
 1.813928062146993983e-05
 1.813928062146993983e-05
 1.813928062146993983e-05
 1.813928062146993983e-05
 1.813928062146993983e-05
 1.813928062146993983e-05
 1.813928062146993983e-05
 1.813928062146993983e-05
 1.813928062146993983e-05
 1.813928062146993983e-05
 1.813928062146993983e-05
 1.813928062146993983e-05
 1.813928062146993983e-05
 1.813928062146993983e-05
 1.813928062146993983e-05
 1.813928062146993983e-05
 1.813928062146993983e-05
 1.813928062146993983e-05
 1.813928062146993983e-05
 1.813928062146993983e-05
 1.813928062146993983e-05
 1.813928062146993983e-05
 1.813928062146993983e-05
 1.813928062146993983e-05
 1.813928062146993983e-05
 1.813928062146993983e-05
 1.813928062146993983e-05
 1.813928062146993983e-05
 1.813928062146993983e-05
 1.813928062146993983e-05
 1.813928062146993983e-05
 1.813928062146993983e-05
 1.813928062146993983e-05
 1.813928062146993983e-05
 1.813928062146993983e-05
 1.813928062146993983e-05
 1.813928062146993983e-05
 1.813928062146993983e-05
 1.813928062146993983e-05
 1.813928062146993983e-05
 1.813928062146993983e-05
 1.813928062146993983e-05
 1.813928062146993983e-05
 1.813928062146993983e-05
 1.813928062146993983e-05
 1.813928062146993983e-05
 1.813928062146993983e-05
 1.813928062146993983e-05
 1.813928062146993983e-05
 1.813928062146993983e-05
 1.813928062146993983e-05
 1.813928062146993983e-05
 1.813928062146993983e-05
 1.813928062146993983e-05
 1.813928062146993983e-05
 1.813928062146993983e-05
 1.813928062146993983e-05
 1.813928062146993983e-05
 1.813928062146993983e-05
 1.813928062146993983e-05
 1.813928062146993983e-05
 1.813928062146993983e-05
 1.813928062146993983e-05
 1.813928062146993983e-05
 1.813928062146993983e-05
 1.813928062146993983e-05
 1.813928062146993983e-05
 1.813928062146993983e-05
 1.813928062146993983e-05
 1.813928062146993983e-05
 1.813928062146993983e-05
 1.813928062146993983e-05
 1.813928062146993983e-05
 1.813928062146993983e-05
 1.813928062146993983e-05
 1.813928062146993983e-05
 1.813928062146993983e-05
 1.813928062146993983e-05
 1.813928062146993983e-05
 1.813928062146993983e-05
 1.813928062146993983e-05
 1.813928062146993983e-05
 1.813928062146993983e-05
 1.813928062146993983e-05
 1.813928062146993983e-05
 1.813928062146993983e-05
 1.813928062146993983e-05
 1.813928062146993983e-05
 1.813928062146993983e-05
 1.813928062146993983e-05
 1.813928062146993983e-05
 1.813928062146993983e-05
 1.813928062146993983e-05
 1.813928062146993983e-05
 1.813928062146993983e-05
 1.813928062146993983e-05
 1.813928062146993983e-05
 1.813928062146993983e-05
 1.813928062146993983e-05
 1.813928062146993983e-05
 1.813928062146993983e-05
 1.813928062146993983e-05
 1.813928062146993983e-05
 1.813928062146993983e-05
 1.813928062146993983e-05
 1.813928062146993983e-05
 1.813928062146993983e-05
 1.813928062146993983e-05
 1.813928062146993983e-05
 1.813928062146993983e-05
 1.813928062146993983e-05
 1.813928062146993983e-05
 1.813928062146993983e-05
 1.813928062146993983e-05
 1.813928062146993983e-05
 1.813928062146993983e-05
 1.813928062146993983e-05
 1.813928062146993983e-05
 1.813928062146993983e-05
 1.813928062146993983e-05
 1.813928062146993983e-05
 1.813928062146993983e-05
 1.813928062146993983e-05
 1.813928062146993983e-05
 1.813928062146993983e-05
 1.813928062146993983e-05
 1.813928062146993983e-05
 1.813928062146993983e-05
 1.813928062146993983e-05
 1.813928062146993983e-05
 1.813928062146993983e-05
 1.813928062146993983e-05
 1.813928062146993983e-05
 1.813928062146993983e-05
 1.813928062146993983e-05
 1.813928062146993983e-05
 1.813928062146993983e-05
 1.813928062146993983e-05
 1.813928062146993983e-05
 1.813928062146993983e-05
 1.813928062146993983e-05
 1.813928062146993983e-05
 1.813928062146993983e-05
 1.813928062146993983e-05
 1.813928062146993983e-05
 1.813928062146993983e-05
 1.813928062146993983e-05
 1.813928062146993983e-05
 1.813928062146993983e-05
 1.813928062146993983e-05
 1.813928062146993983e-05
 1.813928062146993983e-05
 1.813928062146993983e-05
 1.813928062146993983e-05
 1.813928062146993983e-05
 1.813928062146993983e-05
 1.813928062146993983e-05
 1.813928062146993983e-05
 1.813928062146993983e-05
 1.813928062146993983e-05
 1.813928062146993983e-05
 1.813928062146993983e-05
 1.813928062146993983e-05
 1.813928062146993983e-05
 1.813928062146993983e-05
 1.813928062146993983e-05
 1.813928062146993983e-05
 1.813928062146993983e-05
 1.813928062146993983e-05
 1.813928062146993983e-05
 1.813928062146993983e-05
 1.813928062146993983e-05
 1.813928062146993983e-05
 1.813928062146993983e-05
 1.813928062146993983e-05
 1.813928062146993983e-05
 1.813928062146993983e-05
 1.813928062146993983e-05
 1.813928062146993983e-05
 1.813928062146993983e-05
 1.813928062146993983e-05
 1.813928062146993983e-05
 1.813928062146993983e-05
 1.813928062146993983e-05
 1.813928062146993983e-05
 1.813928062146993983e-05
 1.813928062146993983e-05
 1.813928062146993983e-05
 1.813928062146993983e-05
 1.813928062146993983e-05
 1.813928062146993983e-05
 1.813928062146993983e-05
 1.813928062146993983e-05
 1.813928062146993983e-05
 1.813928062146993983e-05
 1.813928062146993983e-05
 1.813928062146993983e-05
 1.813928062146993983e-05
 1.813928062146993983e-05
 1.813928062146993983e-05
 1.813928062146993983e-05
 1.813928062146993983e-05
 1.813928062146993983e-05
 1.813928062146993983e-05
 1.813928062146993983e-05
 1.813928062146993983e-05
 1.813928062146993983e-05
 1.813928062146993983e-05
 1.813928062146993983e-05
 1.813928062146993983e-05
 1.813928062146993983e-05
 1.813928062146993983e-05
 1.813928062146993983e-05
 1.813928062146993983e-05
 1.813928062146993983e-05
 1.813928062146993983e-05
 1.813928062146993983e-05
 1.813928062146993983e-05
 1.813928062146993983e-05
 1.813928062146993983e-05
 1.813928062146993983e-05
 1.813928062146993983e-05
 1.813928062146993983e-05
 1.813928062146993983e-05
 1.813928062146993983e-05
 1.813928062146993983e-05
 1.813928062146993983e-05
 1.813928062146993983e-05
 1.813928062146993983e-05
 1.813928062146993983e-05
 1.813928062146993983e-05
 1.813928062146993983e-05
 1.813928062146993983e-05
 1.813928062146993983e-05
 1.813928062146993983e-05
 1.813928062146993983e-05
 1.813928062146993983e-05
 1.813928062146993983e-05
 1.813928062146993983e-05
 1.813928062146993983e-05
 1.813928062146993983e-05
 1.813928062146993983e-05
 1.813928062146993983e-05
 1.813928062146993983e-05
 1.813928062146993983e-05
 1.813928062146993983e-05
 1.813928062146993983e-05
 1.813928062146993983e-05
 1.813928062146993983e-05
 1.813928062146993983e-05
 1.813928062146993983e-05
 1.813928062146993983e-05
 1.813928062146993983e-05
 1.813928062146993983e-05
 1.813928062146993983e-05
 1.813928062146993983e-05
 1.813928062146993983e-05
 1.813928062146993983e-05
 1.813928062146993983e-05
 1.813928062146993983e-05
 1.813928062146993983e-05
 1.813928062146993983e-05
 1.813928062146993983e-05
 1.813928062146993983e-05
 1.813928062146993983e-05
 1.813928062146993983e-05
 1.813928062146993983e-05
 1.813928062146993983e-05
 1.813928062146993983e-05
 1.813928062146993983e-05
 1.813928062146993983e-05
 1.813928062146993983e-05
 1.813928062146993983e-05
 1.813928062146993983e-05
 1.813928062146993983e-05
 1.813928062146993983e-05
 1.813928062146993983e-05
 1.813928062146993983e-05
 1.813928062146993983e-05
 1.813928062146993983e-05
 1.813928062146993983e-05
 1.813928062146993983e-05
 1.813928062146993983e-05
 1.813928062146993983e-05
 1.813928062146993983e-05
 1.813928062146993983e-05
 1.813928062146993983e-05
 1.813928062146993983e-05
 1.813928062146993983e-05
 1.813928062146993983e-05
 1.813928062146993983e-05
 1.813928062146993983e-05
 1.813928062146993983e-05
 1.813928062146993983e-05
 1.813928062146993983e-05
 1.813928062146993983e-05
 1.813928062146993983e-05
 1.813928062146993983e-05
 1.813928062146993983e-05
 </DataArray>
 <DataArray Name="k" type="Float32" NumberOfComponents="1" format="ascii">
 2.576041171715383674e-02
 2.576041171715383674e-02
 2.576041171715383674e-02
 2.576041171715383674e-02
 2.576041171715383674e-02
 2.576041171715383674e-02
 2.576041171715383674e-02
 2.576041171715383674e-02
 2.576041171715383674e-02
 2.576041171715383674e-02
 2.576041171715383674e-02
 2.576041171715383674e-02
 2.576041171715383674e-02
 2.576041171715383674e-02
 2.576041171715383674e-02
 2.576041171715383674e-02
 2.576041171715383674e-02
 2.576041171715383674e-02
 2.576041171715383674e-02
 2.576041171715383674e-02
 2.576041171715383674e-02
 2.576041171715383674e-02
 2.576041171715383674e-02
 2.576041171715383674e-02
 2.576041171715383674e-02
 2.576041171715383674e-02
 2.576041171715383674e-02
 2.576041171715383674e-02
 2.576041171715383674e-02
 2.576041171715383674e-02
 2.576041171715383674e-02
 2.576041171715383674e-02
 2.576041171715383674e-02
 2.576041171715383674e-02
 2.576041171715383674e-02
 2.576041171715383674e-02
 2.576041171715383674e-02
 2.576041171715383674e-02
 2.576041171715383674e-02
 2.576041171715383674e-02
 2.576041171715383674e-02
 2.576041171715383674e-02
 2.576041171715383674e-02
 2.576041171715383674e-02
 2.576041171715383674e-02
 2.576041171715383674e-02
 2.576041171715383674e-02
 2.576041171715383674e-02
 2.576041171715383674e-02
 2.576041171715383674e-02
 2.576041171715383674e-02
 2.576041171715383674e-02
 2.576041171715383674e-02
 2.576041171715383674e-02
 2.576041171715383674e-02
 2.576041171715383674e-02
 2.576041171715383674e-02
 2.576041171715383674e-02
 2.576041171715383674e-02
 2.576041171715383674e-02
 2.576041171715383674e-02
 2.576041171715383674e-02
 2.576041171715383674e-02
 2.576041171715383674e-02
 2.576041171715383674e-02
 2.576041171715383674e-02
 2.576041171715383674e-02
 2.576041171715383674e-02
 2.576041171715383674e-02
 2.576041171715383674e-02
 2.576041171715383674e-02
 2.576041171715383674e-02
 2.576041171715383674e-02
 2.576041171715383674e-02
 2.576041171715383674e-02
 2.576041171715383674e-02
 2.576041171715383674e-02
 2.576041171715383674e-02
 2.576041171715383674e-02
 2.576041171715383674e-02
 2.576041171715383674e-02
 2.576041171715383674e-02
 2.576041171715383674e-02
 2.576041171715383674e-02
 2.576041171715383674e-02
 2.576041171715383674e-02
 2.576041171715383674e-02
 2.576041171715383674e-02
 2.576041171715383674e-02
 2.576041171715383674e-02
 2.576041171715383674e-02
 2.576041171715383674e-02
 2.576041171715383674e-02
 2.576041171715383674e-02
 2.576041171715383674e-02
 2.576041171715383674e-02
 2.576041171715383674e-02
 2.576041171715383674e-02
 2.576041171715383674e-02
 2.576041171715383674e-02
 2.576041171715383674e-02
 2.576041171715383674e-02
 2.576041171715383674e-02
 2.576041171715383674e-02
 2.576041171715383674e-02
 2.576041171715383674e-02
 2.576041171715383674e-02
 2.576041171715383674e-02
 2.576041171715383674e-02
 2.576041171715383674e-02
 2.576041171715383674e-02
 2.576041171715383674e-02
 2.576041171715383674e-02
 2.576041171715383674e-02
 2.576041171715383674e-02
 2.576041171715383674e-02
 2.576041171715383674e-02
 2.576041171715383674e-02
 2.576041171715383674e-02
 2.576041171715383674e-02
 2.576041171715383674e-02
 2.576041171715383674e-02
 2.576041171715383674e-02
 2.576041171715383674e-02
 2.576041171715383674e-02
 2.576041171715383674e-02
 2.576041171715383674e-02
 2.576041171715383674e-02
 2.576041171715383674e-02
 2.576041171715383674e-02
 2.576041171715383674e-02
 2.576041171715383674e-02
 2.576041171715383674e-02
 2.576041171715383674e-02
 2.576041171715383674e-02
 2.576041171715383674e-02
 2.576041171715383674e-02
 2.576041171715383674e-02
 2.576041171715383674e-02
 2.576041171715383674e-02
 2.576041171715383674e-02
 2.576041171715383674e-02
 2.576041171715383674e-02
 2.576041171715383674e-02
 2.576041171715383674e-02
 2.576041171715383674e-02
 2.576041171715383674e-02
 2.576041171715383674e-02
 2.576041171715383674e-02
 2.576041171715383674e-02
 2.576041171715383674e-02
 2.576041171715383674e-02
 2.576041171715383674e-02
 2.576041171715383674e-02
 2.576041171715383674e-02
 2.576041171715383674e-02
 2.576041171715383674e-02
 2.576041171715383674e-02
 2.576041171715383674e-02
 2.576041171715383674e-02
 2.576041171715383674e-02
 2.576041171715383674e-02
 2.576041171715383674e-02
 2.576041171715383674e-02
 2.576041171715383674e-02
 2.576041171715383674e-02
 2.576041171715383674e-02
 2.576041171715383674e-02
 2.576041171715383674e-02
 2.576041171715383674e-02
 2.576041171715383674e-02
 2.576041171715383674e-02
 2.576041171715383674e-02
 2.576041171715383674e-02
 2.576041171715383674e-02
 2.576041171715383674e-02
 2.576041171715383674e-02
 2.576041171715383674e-02
 2.576041171715383674e-02
 2.576041171715383674e-02
 2.576041171715383674e-02
 2.576041171715383674e-02
 2.576041171715383674e-02
 2.576041171715383674e-02
 2.576041171715383674e-02
 2.576041171715383674e-02
 2.576041171715383674e-02
 2.576041171715383674e-02
 2.576041171715383674e-02
 2.576041171715383674e-02
 2.576041171715383674e-02
 2.576041171715383674e-02
 2.576041171715383674e-02
 2.576041171715383674e-02
 2.576041171715383674e-02
 2.576041171715383674e-02
 2.576041171715383674e-02
 2.576041171715383674e-02
 2.576041171715383674e-02
 2.576041171715383674e-02
 2.576041171715383674e-02
 2.576041171715383674e-02
 2.576041171715383674e-02
 2.576041171715383674e-02
 2.576041171715383674e-02
 2.576041171715383674e-02
 2.576041171715383674e-02
 2.576041171715383674e-02
 2.576041171715383674e-02
 2.576041171715383674e-02
 2.576041171715383674e-02
 2.576041171715383674e-02
 2.576041171715383674e-02
 2.576041171715383674e-02
 2.576041171715383674e-02
 2.576041171715383674e-02
 2.576041171715383674e-02
 2.576041171715383674e-02
 2.576041171715383674e-02
 2.576041171715383674e-02
 2.576041171715383674e-02
 2.576041171715383674e-02
 2.576041171715383674e-02
 2.576041171715383674e-02
 2.576041171715383674e-02
 2.576041171715383674e-02
 2.576041171715383674e-02
 2.576041171715383674e-02
 2.576041171715383674e-02
 2.576041171715383674e-02
 2.576041171715383674e-02
 2.576041171715383674e-02
 2.576041171715383674e-02
 2.576041171715383674e-02
 2.576041171715383674e-02
 2.576041171715383674e-02
 2.576041171715383674e-02
 2.576041171715383674e-02
 2.576041171715383674e-02
 2.576041171715383674e-02
 2.576041171715383674e-02
 2.576041171715383674e-02
 2.576041171715383674e-02
 2.576041171715383674e-02
 2.576041171715383674e-02
 2.576041171715383674e-02
 2.576041171715383674e-02
 2.576041171715383674e-02
 2.576041171715383674e-02
 2.576041171715383674e-02
 2.576041171715383674e-02
 2.576041171715383674e-02
 2.576041171715383674e-02
 2.576041171715383674e-02
 2.576041171715383674e-02
 2.576041171715383674e-02
 2.576041171715383674e-02
 2.576041171715383674e-02
 2.576041171715383674e-02
 2.576041171715383674e-02
 2.576041171715383674e-02
 2.576041171715383674e-02
 2.576041171715383674e-02
 2.576041171715383674e-02
 2.576041171715383674e-02
 2.576041171715383674e-02
 2.576041171715383674e-02
 2.576041171715383674e-02
 2.576041171715383674e-02
 2.576041171715383674e-02
 2.576041171715383674e-02
 2.576041171715383674e-02
 2.576041171715383674e-02
 2.576041171715383674e-02
 2.576041171715383674e-02
 2.576041171715383674e-02
 2.576041171715383674e-02
 2.576041171715383674e-02
 2.576041171715383674e-02
 2.576041171715383674e-02
 2.576041171715383674e-02
 2.576041171715383674e-02
 2.576041171715383674e-02
 2.576041171715383674e-02
 2.576041171715383674e-02
 2.576041171715383674e-02
 2.576041171715383674e-02
 2.576041171715383674e-02
 2.576041171715383674e-02
 2.576041171715383674e-02
 2.576041171715383674e-02
 2.576041171715383674e-02
 2.576041171715383674e-02
 2.576041171715383674e-02
 2.576041171715383674e-02
 2.576041171715383674e-02
 2.576041171715383674e-02
 2.576041171715383674e-02
 2.576041171715383674e-02
 2.576041171715383674e-02
 2.576041171715383674e-02
 2.576041171715383674e-02
 2.576041171715383674e-02
 2.576041171715383674e-02
 2.576041171715383674e-02
 2.576041171715383674e-02
 2.576041171715383674e-02
 2.576041171715383674e-02
 2.576041171715383674e-02
 2.576041171715383674e-02
 2.576041171715383674e-02
 2.576041171715383674e-02
 2.576041171715383674e-02
 2.576041171715383674e-02
 2.576041171715383674e-02
 2.576041171715383674e-02
 2.576041171715383674e-02
 2.576041171715383674e-02
 2.576041171715383674e-02
 2.576041171715383674e-02
 2.576041171715383674e-02
 2.576041171715383674e-02
 2.576041171715383674e-02
 2.576041171715383674e-02
 2.576041171715383674e-02
 2.576041171715383674e-02
 2.576041171715383674e-02
 2.576041171715383674e-02
 2.576041171715383674e-02
 2.576041171715383674e-02
 2.576041171715383674e-02
 2.576041171715383674e-02
 2.576041171715383674e-02
 2.576041171715383674e-02
 2.576041171715383674e-02
 2.576041171715383674e-02
 2.576041171715383674e-02
 2.576041171715383674e-02
 2.576041171715383674e-02
 2.576041171715383674e-02
 2.576041171715383674e-02
 2.576041171715383674e-02
 2.576041171715383674e-02
 2.576041171715383674e-02
 2.576041171715383674e-02
 2.576041171715383674e-02
 2.576041171715383674e-02
 2.576041171715383674e-02
 2.576041171715383674e-02
 2.576041171715383674e-02
 2.576041171715383674e-02
 2.576041171715383674e-02
 2.576041171715383674e-02
 2.576041171715383674e-02
 2.576041171715383674e-02
 2.576041171715383674e-02
 2.576041171715383674e-02
 2.576041171715383674e-02
 2.576041171715383674e-02
 2.576041171715383674e-02
 2.576041171715383674e-02
 2.576041171715383674e-02
 2.576041171715383674e-02
 2.576041171715383674e-02
 2.576041171715383674e-02
 2.576041171715383674e-02
 2.576041171715383674e-02
 2.576041171715383674e-02
 2.576041171715383674e-02
 2.576041171715383674e-02
 2.576041171715383674e-02
 2.576041171715383674e-02
 2.576041171715383674e-02
 2.576041171715383674e-02
 2.576041171715383674e-02
 2.576041171715383674e-02
 2.576041171715383674e-02
 2.576041171715383674e-02
 2.576041171715383674e-02
 2.576041171715383674e-02
 2.576041171715383674e-02
 2.576041171715383674e-02
 2.576041171715383674e-02
 2.576041171715383674e-02
 2.576041171715383674e-02
 2.576041171715383674e-02
 2.576041171715383674e-02
 2.576041171715383674e-02
 2.576041171715383674e-02
 2.576041171715383674e-02
 2.576041171715383674e-02
 2.576041171715383674e-02
 2.576041171715383674e-02
 2.576041171715383674e-02
 2.576041171715383674e-02
 2.576041171715383674e-02
 2.576041171715383674e-02
 2.576041171715383674e-02
 2.576041171715383674e-02
 2.576041171715383674e-02
 2.576041171715383674e-02
 2.576041171715383674e-02
 2.576041171715383674e-02
 2.576041171715383674e-02
 2.576041171715383674e-02
 2.576041171715383674e-02
 2.576041171715383674e-02
 2.576041171715383674e-02
 2.576041171715383674e-02
 2.576041171715383674e-02
 2.576041171715383674e-02
 2.576041171715383674e-02
 2.576041171715383674e-02
 2.576041171715383674e-02
 2.576041171715383674e-02
 2.576041171715383674e-02
 2.576041171715383674e-02
 2.576041171715383674e-02
 2.576041171715383674e-02
 2.576041171715383674e-02
 2.576041171715383674e-02
 2.576041171715383674e-02
 2.576041171715383674e-02
 2.576041171715383674e-02
 2.576041171715383674e-02
 2.576041171715383674e-02
 2.576041171715383674e-02
 2.576041171715383674e-02
 2.576041171715383674e-02
 2.576041171715383674e-02
 2.576041171715383674e-02
 2.576041171715383674e-02
 2.576041171715383674e-02
 2.576041171715383674e-02
 2.576041171715383674e-02
 2.576041171715383674e-02
 2.576041171715383674e-02
 2.576041171715383674e-02
 2.576041171715383674e-02
 2.576041171715383674e-02
 2.576041171715383674e-02
 2.576041171715383674e-02
 2.576041171715383674e-02
 2.576041171715383674e-02
 2.576041171715383674e-02
 2.576041171715383674e-02
 2.576041171715383674e-02
 2.576041171715383674e-02
 2.576041171715383674e-02
 2.576041171715383674e-02
 2.576041171715383674e-02
 2.576041171715383674e-02
 2.576041171715383674e-02
 2.576041171715383674e-02
 2.576041171715383674e-02
 2.576041171715383674e-02
 2.576041171715383674e-02
 2.576041171715383674e-02
 2.576041171715383674e-02
 2.576041171715383674e-02
 2.576041171715383674e-02
 2.576041171715383674e-02
 2.576041171715383674e-02
 2.576041171715383674e-02
 2.576041171715383674e-02
 2.576041171715383674e-02
 2.576041171715383674e-02
 2.576041171715383674e-02
 2.576041171715383674e-02
 2.576041171715383674e-02
 2.576041171715383674e-02
 2.576041171715383674e-02
 2.576041171715383674e-02
 2.576041171715383674e-02
 2.576041171715383674e-02
 2.576041171715383674e-02
 2.576041171715383674e-02
 2.576041171715383674e-02
 2.576041171715383674e-02
 2.576041171715383674e-02
 2.576041171715383674e-02
 2.576041171715383674e-02
 2.576041171715383674e-02
 2.576041171715383674e-02
 2.576041171715383674e-02
 2.576041171715383674e-02
 2.576041171715383674e-02
 2.576041171715383674e-02
 2.576041171715383674e-02
 2.576041171715383674e-02
 2.576041171715383674e-02
 2.576041171715383674e-02
 2.576041171715383674e-02
 2.576041171715383674e-02
 2.576041171715383674e-02
 2.576041171715383674e-02
 2.576041171715383674e-02
 2.576041171715383674e-02
 2.576041171715383674e-02
 2.576041171715383674e-02
 </DataArray>
 <DataArray Name="mu_t" type="Float32" NumberOfComponents="1" format="ascii">
 0.000000000000000000e+00
 0.000000000000000000e+00
 0.000000000000000000e+00
 0.000000000000000000e+00
 0.000000000000000000e+00
 0.000000000000000000e+00
 0.000000000000000000e+00
 0.000000000000000000e+00
 0.000000000000000000e+00
 0.000000000000000000e+00
 0.000000000000000000e+00
 0.000000000000000000e+00
 0.000000000000000000e+00
 0.000000000000000000e+00
 0.000000000000000000e+00
 0.000000000000000000e+00
 0.000000000000000000e+00
 0.000000000000000000e+00
 0.000000000000000000e+00
 0.000000000000000000e+00
 0.000000000000000000e+00
 0.000000000000000000e+00
 0.000000000000000000e+00
 0.000000000000000000e+00
 0.000000000000000000e+00
 0.000000000000000000e+00
 0.000000000000000000e+00
 0.000000000000000000e+00
 0.000000000000000000e+00
 0.000000000000000000e+00
 0.000000000000000000e+00
 0.000000000000000000e+00
 0.000000000000000000e+00
 0.000000000000000000e+00
 0.000000000000000000e+00
 0.000000000000000000e+00
 0.000000000000000000e+00
 0.000000000000000000e+00
 0.000000000000000000e+00
 0.000000000000000000e+00
 0.000000000000000000e+00
 0.000000000000000000e+00
 0.000000000000000000e+00
 0.000000000000000000e+00
 0.000000000000000000e+00
 0.000000000000000000e+00
 0.000000000000000000e+00
 0.000000000000000000e+00
 0.000000000000000000e+00
 0.000000000000000000e+00
 0.000000000000000000e+00
 0.000000000000000000e+00
 0.000000000000000000e+00
 0.000000000000000000e+00
 0.000000000000000000e+00
 0.000000000000000000e+00
 0.000000000000000000e+00
 0.000000000000000000e+00
 0.000000000000000000e+00
 0.000000000000000000e+00
 0.000000000000000000e+00
 0.000000000000000000e+00
 0.000000000000000000e+00
 0.000000000000000000e+00
 0.000000000000000000e+00
 0.000000000000000000e+00
 0.000000000000000000e+00
 0.000000000000000000e+00
 0.000000000000000000e+00
 0.000000000000000000e+00
 0.000000000000000000e+00
 0.000000000000000000e+00
 0.000000000000000000e+00
 0.000000000000000000e+00
 0.000000000000000000e+00
 0.000000000000000000e+00
 0.000000000000000000e+00
 0.000000000000000000e+00
 0.000000000000000000e+00
 0.000000000000000000e+00
 0.000000000000000000e+00
 0.000000000000000000e+00
 0.000000000000000000e+00
 0.000000000000000000e+00
 0.000000000000000000e+00
 0.000000000000000000e+00
 0.000000000000000000e+00
 0.000000000000000000e+00
 0.000000000000000000e+00
 0.000000000000000000e+00
 0.000000000000000000e+00
 0.000000000000000000e+00
 0.000000000000000000e+00
 0.000000000000000000e+00
 0.000000000000000000e+00
 0.000000000000000000e+00
 0.000000000000000000e+00
 0.000000000000000000e+00
 0.000000000000000000e+00
 0.000000000000000000e+00
 0.000000000000000000e+00
 0.000000000000000000e+00
 0.000000000000000000e+00
 0.000000000000000000e+00
 0.000000000000000000e+00
 0.000000000000000000e+00
 0.000000000000000000e+00
 0.000000000000000000e+00
 0.000000000000000000e+00
 0.000000000000000000e+00
 0.000000000000000000e+00
 0.000000000000000000e+00
 0.000000000000000000e+00
 0.000000000000000000e+00
 0.000000000000000000e+00
 0.000000000000000000e+00
 0.000000000000000000e+00
 0.000000000000000000e+00
 0.000000000000000000e+00
 0.000000000000000000e+00
 0.000000000000000000e+00
 0.000000000000000000e+00
 0.000000000000000000e+00
 0.000000000000000000e+00
 0.000000000000000000e+00
 0.000000000000000000e+00
 0.000000000000000000e+00
 0.000000000000000000e+00
 0.000000000000000000e+00
 0.000000000000000000e+00
 0.000000000000000000e+00
 0.000000000000000000e+00
 0.000000000000000000e+00
 0.000000000000000000e+00
 0.000000000000000000e+00
 0.000000000000000000e+00
 0.000000000000000000e+00
 0.000000000000000000e+00
 0.000000000000000000e+00
 0.000000000000000000e+00
 0.000000000000000000e+00
 0.000000000000000000e+00
 0.000000000000000000e+00
 0.000000000000000000e+00
 0.000000000000000000e+00
 0.000000000000000000e+00
 0.000000000000000000e+00
 0.000000000000000000e+00
 0.000000000000000000e+00
 0.000000000000000000e+00
 0.000000000000000000e+00
 0.000000000000000000e+00
 0.000000000000000000e+00
 0.000000000000000000e+00
 0.000000000000000000e+00
 0.000000000000000000e+00
 0.000000000000000000e+00
 0.000000000000000000e+00
 0.000000000000000000e+00
 0.000000000000000000e+00
 0.000000000000000000e+00
 0.000000000000000000e+00
 0.000000000000000000e+00
 0.000000000000000000e+00
 0.000000000000000000e+00
 0.000000000000000000e+00
 0.000000000000000000e+00
 0.000000000000000000e+00
 0.000000000000000000e+00
 0.000000000000000000e+00
 0.000000000000000000e+00
 0.000000000000000000e+00
 0.000000000000000000e+00
 0.000000000000000000e+00
 0.000000000000000000e+00
 0.000000000000000000e+00
 0.000000000000000000e+00
 0.000000000000000000e+00
 0.000000000000000000e+00
 0.000000000000000000e+00
 0.000000000000000000e+00
 0.000000000000000000e+00
 0.000000000000000000e+00
 0.000000000000000000e+00
 0.000000000000000000e+00
 0.000000000000000000e+00
 0.000000000000000000e+00
 0.000000000000000000e+00
 0.000000000000000000e+00
 0.000000000000000000e+00
 0.000000000000000000e+00
 0.000000000000000000e+00
 0.000000000000000000e+00
 0.000000000000000000e+00
 0.000000000000000000e+00
 0.000000000000000000e+00
 0.000000000000000000e+00
 0.000000000000000000e+00
 0.000000000000000000e+00
 0.000000000000000000e+00
 0.000000000000000000e+00
 0.000000000000000000e+00
 0.000000000000000000e+00
 0.000000000000000000e+00
 0.000000000000000000e+00
 0.000000000000000000e+00
 0.000000000000000000e+00
 0.000000000000000000e+00
 0.000000000000000000e+00
 0.000000000000000000e+00
 0.000000000000000000e+00
 0.000000000000000000e+00
 0.000000000000000000e+00
 0.000000000000000000e+00
 0.000000000000000000e+00
 0.000000000000000000e+00
 0.000000000000000000e+00
 0.000000000000000000e+00
 0.000000000000000000e+00
 0.000000000000000000e+00
 0.000000000000000000e+00
 0.000000000000000000e+00
 0.000000000000000000e+00
 0.000000000000000000e+00
 0.000000000000000000e+00
 0.000000000000000000e+00
 0.000000000000000000e+00
 0.000000000000000000e+00
 0.000000000000000000e+00
 0.000000000000000000e+00
 0.000000000000000000e+00
 0.000000000000000000e+00
 0.000000000000000000e+00
 0.000000000000000000e+00
 0.000000000000000000e+00
 0.000000000000000000e+00
 0.000000000000000000e+00
 0.000000000000000000e+00
 0.000000000000000000e+00
 0.000000000000000000e+00
 0.000000000000000000e+00
 0.000000000000000000e+00
 0.000000000000000000e+00
 0.000000000000000000e+00
 0.000000000000000000e+00
 0.000000000000000000e+00
 0.000000000000000000e+00
 0.000000000000000000e+00
 0.000000000000000000e+00
 0.000000000000000000e+00
 0.000000000000000000e+00
 0.000000000000000000e+00
 0.000000000000000000e+00
 0.000000000000000000e+00
 0.000000000000000000e+00
 0.000000000000000000e+00
 0.000000000000000000e+00
 0.000000000000000000e+00
 0.000000000000000000e+00
 0.000000000000000000e+00
 0.000000000000000000e+00
 0.000000000000000000e+00
 0.000000000000000000e+00
 0.000000000000000000e+00
 0.000000000000000000e+00
 0.000000000000000000e+00
 0.000000000000000000e+00
 0.000000000000000000e+00
 0.000000000000000000e+00
 0.000000000000000000e+00
 0.000000000000000000e+00
 0.000000000000000000e+00
 0.000000000000000000e+00
 0.000000000000000000e+00
 0.000000000000000000e+00
 0.000000000000000000e+00
 0.000000000000000000e+00
 0.000000000000000000e+00
 0.000000000000000000e+00
 0.000000000000000000e+00
 0.000000000000000000e+00
 0.000000000000000000e+00
 0.000000000000000000e+00
 0.000000000000000000e+00
 0.000000000000000000e+00
 0.000000000000000000e+00
 0.000000000000000000e+00
 0.000000000000000000e+00
 0.000000000000000000e+00
 0.000000000000000000e+00
 0.000000000000000000e+00
 0.000000000000000000e+00
 0.000000000000000000e+00
 0.000000000000000000e+00
 0.000000000000000000e+00
 0.000000000000000000e+00
 0.000000000000000000e+00
 0.000000000000000000e+00
 0.000000000000000000e+00
 0.000000000000000000e+00
 0.000000000000000000e+00
 0.000000000000000000e+00
 0.000000000000000000e+00
 0.000000000000000000e+00
 0.000000000000000000e+00
 0.000000000000000000e+00
 0.000000000000000000e+00
 0.000000000000000000e+00
 0.000000000000000000e+00
 0.000000000000000000e+00
 0.000000000000000000e+00
 0.000000000000000000e+00
 0.000000000000000000e+00
 0.000000000000000000e+00
 0.000000000000000000e+00
 0.000000000000000000e+00
 0.000000000000000000e+00
 0.000000000000000000e+00
 0.000000000000000000e+00
 0.000000000000000000e+00
 0.000000000000000000e+00
 0.000000000000000000e+00
 0.000000000000000000e+00
 0.000000000000000000e+00
 0.000000000000000000e+00
 0.000000000000000000e+00
 0.000000000000000000e+00
 0.000000000000000000e+00
 0.000000000000000000e+00
 0.000000000000000000e+00
 0.000000000000000000e+00
 0.000000000000000000e+00
 0.000000000000000000e+00
 0.000000000000000000e+00
 0.000000000000000000e+00
 0.000000000000000000e+00
 0.000000000000000000e+00
 0.000000000000000000e+00
 0.000000000000000000e+00
 0.000000000000000000e+00
 0.000000000000000000e+00
 0.000000000000000000e+00
 0.000000000000000000e+00
 0.000000000000000000e+00
 0.000000000000000000e+00
 0.000000000000000000e+00
 0.000000000000000000e+00
 0.000000000000000000e+00
 0.000000000000000000e+00
 0.000000000000000000e+00
 0.000000000000000000e+00
 0.000000000000000000e+00
 0.000000000000000000e+00
 0.000000000000000000e+00
 0.000000000000000000e+00
 0.000000000000000000e+00
 0.000000000000000000e+00
 0.000000000000000000e+00
 0.000000000000000000e+00
 0.000000000000000000e+00
 0.000000000000000000e+00
 0.000000000000000000e+00
 0.000000000000000000e+00
 0.000000000000000000e+00
 0.000000000000000000e+00
 0.000000000000000000e+00
 0.000000000000000000e+00
 0.000000000000000000e+00
 0.000000000000000000e+00
 0.000000000000000000e+00
 0.000000000000000000e+00
 0.000000000000000000e+00
 0.000000000000000000e+00
 0.000000000000000000e+00
 0.000000000000000000e+00
 0.000000000000000000e+00
 0.000000000000000000e+00
 0.000000000000000000e+00
 0.000000000000000000e+00
 0.000000000000000000e+00
 0.000000000000000000e+00
 0.000000000000000000e+00
 0.000000000000000000e+00
 0.000000000000000000e+00
 0.000000000000000000e+00
 0.000000000000000000e+00
 0.000000000000000000e+00
 0.000000000000000000e+00
 0.000000000000000000e+00
 0.000000000000000000e+00
 0.000000000000000000e+00
 0.000000000000000000e+00
 0.000000000000000000e+00
 0.000000000000000000e+00
 0.000000000000000000e+00
 0.000000000000000000e+00
 0.000000000000000000e+00
 0.000000000000000000e+00
 0.000000000000000000e+00
 0.000000000000000000e+00
 0.000000000000000000e+00
 0.000000000000000000e+00
 0.000000000000000000e+00
 0.000000000000000000e+00
 0.000000000000000000e+00
 0.000000000000000000e+00
 0.000000000000000000e+00
 0.000000000000000000e+00
 0.000000000000000000e+00
 0.000000000000000000e+00
 0.000000000000000000e+00
 0.000000000000000000e+00
 0.000000000000000000e+00
 0.000000000000000000e+00
 0.000000000000000000e+00
 0.000000000000000000e+00
 0.000000000000000000e+00
 0.000000000000000000e+00
 0.000000000000000000e+00
 0.000000000000000000e+00
 0.000000000000000000e+00
 0.000000000000000000e+00
 0.000000000000000000e+00
 0.000000000000000000e+00
 0.000000000000000000e+00
 0.000000000000000000e+00
 0.000000000000000000e+00
 0.000000000000000000e+00
 0.000000000000000000e+00
 0.000000000000000000e+00
 0.000000000000000000e+00
 0.000000000000000000e+00
 0.000000000000000000e+00
 0.000000000000000000e+00
 0.000000000000000000e+00
 0.000000000000000000e+00
 0.000000000000000000e+00
 0.000000000000000000e+00
 0.000000000000000000e+00
 0.000000000000000000e+00
 0.000000000000000000e+00
 0.000000000000000000e+00
 0.000000000000000000e+00
 0.000000000000000000e+00
 0.000000000000000000e+00
 0.000000000000000000e+00
 0.000000000000000000e+00
 0.000000000000000000e+00
 0.000000000000000000e+00
 0.000000000000000000e+00
 0.000000000000000000e+00
 0.000000000000000000e+00
 0.000000000000000000e+00
 0.000000000000000000e+00
 0.000000000000000000e+00
 0.000000000000000000e+00
 0.000000000000000000e+00
 0.000000000000000000e+00
 0.000000000000000000e+00
 0.000000000000000000e+00
 0.000000000000000000e+00
 0.000000000000000000e+00
 0.000000000000000000e+00
 0.000000000000000000e+00
 0.000000000000000000e+00
 0.000000000000000000e+00
 0.000000000000000000e+00
 0.000000000000000000e+00
 0.000000000000000000e+00
 0.000000000000000000e+00
 0.000000000000000000e+00
 0.000000000000000000e+00
 0.000000000000000000e+00
 0.000000000000000000e+00
 0.000000000000000000e+00
 0.000000000000000000e+00
 0.000000000000000000e+00
 0.000000000000000000e+00
 0.000000000000000000e+00
 0.000000000000000000e+00
 0.000000000000000000e+00
 0.000000000000000000e+00
 0.000000000000000000e+00
 0.000000000000000000e+00
 0.000000000000000000e+00
 0.000000000000000000e+00
 0.000000000000000000e+00
 0.000000000000000000e+00
 0.000000000000000000e+00
 0.000000000000000000e+00
 0.000000000000000000e+00
 0.000000000000000000e+00
 0.000000000000000000e+00
 0.000000000000000000e+00
 0.000000000000000000e+00
 0.000000000000000000e+00
 0.000000000000000000e+00
 0.000000000000000000e+00
 0.000000000000000000e+00
 0.000000000000000000e+00
 </DataArray>
 <DataArray Name="k_t" type="Float32" NumberOfComponents="1" format="ascii">
 0.000000000000000000e+00
 0.000000000000000000e+00
 0.000000000000000000e+00
 0.000000000000000000e+00
 0.000000000000000000e+00
 0.000000000000000000e+00
 0.000000000000000000e+00
 0.000000000000000000e+00
 0.000000000000000000e+00
 0.000000000000000000e+00
 0.000000000000000000e+00
 0.000000000000000000e+00
 0.000000000000000000e+00
 0.000000000000000000e+00
 0.000000000000000000e+00
 0.000000000000000000e+00
 0.000000000000000000e+00
 0.000000000000000000e+00
 0.000000000000000000e+00
 0.000000000000000000e+00
 0.000000000000000000e+00
 0.000000000000000000e+00
 0.000000000000000000e+00
 0.000000000000000000e+00
 0.000000000000000000e+00
 0.000000000000000000e+00
 0.000000000000000000e+00
 0.000000000000000000e+00
 0.000000000000000000e+00
 0.000000000000000000e+00
 0.000000000000000000e+00
 0.000000000000000000e+00
 0.000000000000000000e+00
 0.000000000000000000e+00
 0.000000000000000000e+00
 0.000000000000000000e+00
 0.000000000000000000e+00
 0.000000000000000000e+00
 0.000000000000000000e+00
 0.000000000000000000e+00
 0.000000000000000000e+00
 0.000000000000000000e+00
 0.000000000000000000e+00
 0.000000000000000000e+00
 0.000000000000000000e+00
 0.000000000000000000e+00
 0.000000000000000000e+00
 0.000000000000000000e+00
 0.000000000000000000e+00
 0.000000000000000000e+00
 0.000000000000000000e+00
 0.000000000000000000e+00
 0.000000000000000000e+00
 0.000000000000000000e+00
 0.000000000000000000e+00
 0.000000000000000000e+00
 0.000000000000000000e+00
 0.000000000000000000e+00
 0.000000000000000000e+00
 0.000000000000000000e+00
 0.000000000000000000e+00
 0.000000000000000000e+00
 0.000000000000000000e+00
 0.000000000000000000e+00
 0.000000000000000000e+00
 0.000000000000000000e+00
 0.000000000000000000e+00
 0.000000000000000000e+00
 0.000000000000000000e+00
 0.000000000000000000e+00
 0.000000000000000000e+00
 0.000000000000000000e+00
 0.000000000000000000e+00
 0.000000000000000000e+00
 0.000000000000000000e+00
 0.000000000000000000e+00
 0.000000000000000000e+00
 0.000000000000000000e+00
 0.000000000000000000e+00
 0.000000000000000000e+00
 0.000000000000000000e+00
 0.000000000000000000e+00
 0.000000000000000000e+00
 0.000000000000000000e+00
 0.000000000000000000e+00
 0.000000000000000000e+00
 0.000000000000000000e+00
 0.000000000000000000e+00
 0.000000000000000000e+00
 0.000000000000000000e+00
 0.000000000000000000e+00
 0.000000000000000000e+00
 0.000000000000000000e+00
 0.000000000000000000e+00
 0.000000000000000000e+00
 0.000000000000000000e+00
 0.000000000000000000e+00
 0.000000000000000000e+00
 0.000000000000000000e+00
 0.000000000000000000e+00
 0.000000000000000000e+00
 0.000000000000000000e+00
 0.000000000000000000e+00
 0.000000000000000000e+00
 0.000000000000000000e+00
 0.000000000000000000e+00
 0.000000000000000000e+00
 0.000000000000000000e+00
 0.000000000000000000e+00
 0.000000000000000000e+00
 0.000000000000000000e+00
 0.000000000000000000e+00
 0.000000000000000000e+00
 0.000000000000000000e+00
 0.000000000000000000e+00
 0.000000000000000000e+00
 0.000000000000000000e+00
 0.000000000000000000e+00
 0.000000000000000000e+00
 0.000000000000000000e+00
 0.000000000000000000e+00
 0.000000000000000000e+00
 0.000000000000000000e+00
 0.000000000000000000e+00
 0.000000000000000000e+00
 0.000000000000000000e+00
 0.000000000000000000e+00
 0.000000000000000000e+00
 0.000000000000000000e+00
 0.000000000000000000e+00
 0.000000000000000000e+00
 0.000000000000000000e+00
 0.000000000000000000e+00
 0.000000000000000000e+00
 0.000000000000000000e+00
 0.000000000000000000e+00
 0.000000000000000000e+00
 0.000000000000000000e+00
 0.000000000000000000e+00
 0.000000000000000000e+00
 0.000000000000000000e+00
 0.000000000000000000e+00
 0.000000000000000000e+00
 0.000000000000000000e+00
 0.000000000000000000e+00
 0.000000000000000000e+00
 0.000000000000000000e+00
 0.000000000000000000e+00
 0.000000000000000000e+00
 0.000000000000000000e+00
 0.000000000000000000e+00
 0.000000000000000000e+00
 0.000000000000000000e+00
 0.000000000000000000e+00
 0.000000000000000000e+00
 0.000000000000000000e+00
 0.000000000000000000e+00
 0.000000000000000000e+00
 0.000000000000000000e+00
 0.000000000000000000e+00
 0.000000000000000000e+00
 0.000000000000000000e+00
 0.000000000000000000e+00
 0.000000000000000000e+00
 0.000000000000000000e+00
 0.000000000000000000e+00
 0.000000000000000000e+00
 0.000000000000000000e+00
 0.000000000000000000e+00
 0.000000000000000000e+00
 0.000000000000000000e+00
 0.000000000000000000e+00
 0.000000000000000000e+00
 0.000000000000000000e+00
 0.000000000000000000e+00
 0.000000000000000000e+00
 0.000000000000000000e+00
 0.000000000000000000e+00
 0.000000000000000000e+00
 0.000000000000000000e+00
 0.000000000000000000e+00
 0.000000000000000000e+00
 0.000000000000000000e+00
 0.000000000000000000e+00
 0.000000000000000000e+00
 0.000000000000000000e+00
 0.000000000000000000e+00
 0.000000000000000000e+00
 0.000000000000000000e+00
 0.000000000000000000e+00
 0.000000000000000000e+00
 0.000000000000000000e+00
 0.000000000000000000e+00
 0.000000000000000000e+00
 0.000000000000000000e+00
 0.000000000000000000e+00
 0.000000000000000000e+00
 0.000000000000000000e+00
 0.000000000000000000e+00
 0.000000000000000000e+00
 0.000000000000000000e+00
 0.000000000000000000e+00
 0.000000000000000000e+00
 0.000000000000000000e+00
 0.000000000000000000e+00
 0.000000000000000000e+00
 0.000000000000000000e+00
 0.000000000000000000e+00
 0.000000000000000000e+00
 0.000000000000000000e+00
 0.000000000000000000e+00
 0.000000000000000000e+00
 0.000000000000000000e+00
 0.000000000000000000e+00
 0.000000000000000000e+00
 0.000000000000000000e+00
 0.000000000000000000e+00
 0.000000000000000000e+00
 0.000000000000000000e+00
 0.000000000000000000e+00
 0.000000000000000000e+00
 0.000000000000000000e+00
 0.000000000000000000e+00
 0.000000000000000000e+00
 0.000000000000000000e+00
 0.000000000000000000e+00
 0.000000000000000000e+00
 0.000000000000000000e+00
 0.000000000000000000e+00
 0.000000000000000000e+00
 0.000000000000000000e+00
 0.000000000000000000e+00
 0.000000000000000000e+00
 0.000000000000000000e+00
 0.000000000000000000e+00
 0.000000000000000000e+00
 0.000000000000000000e+00
 0.000000000000000000e+00
 0.000000000000000000e+00
 0.000000000000000000e+00
 0.000000000000000000e+00
 0.000000000000000000e+00
 0.000000000000000000e+00
 0.000000000000000000e+00
 0.000000000000000000e+00
 0.000000000000000000e+00
 0.000000000000000000e+00
 0.000000000000000000e+00
 0.000000000000000000e+00
 0.000000000000000000e+00
 0.000000000000000000e+00
 0.000000000000000000e+00
 0.000000000000000000e+00
 0.000000000000000000e+00
 0.000000000000000000e+00
 0.000000000000000000e+00
 0.000000000000000000e+00
 0.000000000000000000e+00
 0.000000000000000000e+00
 0.000000000000000000e+00
 0.000000000000000000e+00
 0.000000000000000000e+00
 0.000000000000000000e+00
 0.000000000000000000e+00
 0.000000000000000000e+00
 0.000000000000000000e+00
 0.000000000000000000e+00
 0.000000000000000000e+00
 0.000000000000000000e+00
 0.000000000000000000e+00
 0.000000000000000000e+00
 0.000000000000000000e+00
 0.000000000000000000e+00
 0.000000000000000000e+00
 0.000000000000000000e+00
 0.000000000000000000e+00
 0.000000000000000000e+00
 0.000000000000000000e+00
 0.000000000000000000e+00
 0.000000000000000000e+00
 0.000000000000000000e+00
 0.000000000000000000e+00
 0.000000000000000000e+00
 0.000000000000000000e+00
 0.000000000000000000e+00
 0.000000000000000000e+00
 0.000000000000000000e+00
 0.000000000000000000e+00
 0.000000000000000000e+00
 0.000000000000000000e+00
 0.000000000000000000e+00
 0.000000000000000000e+00
 0.000000000000000000e+00
 0.000000000000000000e+00
 0.000000000000000000e+00
 0.000000000000000000e+00
 0.000000000000000000e+00
 0.000000000000000000e+00
 0.000000000000000000e+00
 0.000000000000000000e+00
 0.000000000000000000e+00
 0.000000000000000000e+00
 0.000000000000000000e+00
 0.000000000000000000e+00
 0.000000000000000000e+00
 0.000000000000000000e+00
 0.000000000000000000e+00
 0.000000000000000000e+00
 0.000000000000000000e+00
 0.000000000000000000e+00
 0.000000000000000000e+00
 0.000000000000000000e+00
 0.000000000000000000e+00
 0.000000000000000000e+00
 0.000000000000000000e+00
 0.000000000000000000e+00
 0.000000000000000000e+00
 0.000000000000000000e+00
 0.000000000000000000e+00
 0.000000000000000000e+00
 0.000000000000000000e+00
 0.000000000000000000e+00
 0.000000000000000000e+00
 0.000000000000000000e+00
 0.000000000000000000e+00
 0.000000000000000000e+00
 0.000000000000000000e+00
 0.000000000000000000e+00
 0.000000000000000000e+00
 0.000000000000000000e+00
 0.000000000000000000e+00
 0.000000000000000000e+00
 0.000000000000000000e+00
 0.000000000000000000e+00
 0.000000000000000000e+00
 0.000000000000000000e+00
 0.000000000000000000e+00
 0.000000000000000000e+00
 0.000000000000000000e+00
 0.000000000000000000e+00
 0.000000000000000000e+00
 0.000000000000000000e+00
 0.000000000000000000e+00
 0.000000000000000000e+00
 0.000000000000000000e+00
 0.000000000000000000e+00
 0.000000000000000000e+00
 0.000000000000000000e+00
 0.000000000000000000e+00
 0.000000000000000000e+00
 0.000000000000000000e+00
 0.000000000000000000e+00
 0.000000000000000000e+00
 0.000000000000000000e+00
 0.000000000000000000e+00
 0.000000000000000000e+00
 0.000000000000000000e+00
 0.000000000000000000e+00
 0.000000000000000000e+00
 0.000000000000000000e+00
 0.000000000000000000e+00
 0.000000000000000000e+00
 0.000000000000000000e+00
 0.000000000000000000e+00
 0.000000000000000000e+00
 0.000000000000000000e+00
 0.000000000000000000e+00
 0.000000000000000000e+00
 0.000000000000000000e+00
 0.000000000000000000e+00
 0.000000000000000000e+00
 0.000000000000000000e+00
 0.000000000000000000e+00
 0.000000000000000000e+00
 0.000000000000000000e+00
 0.000000000000000000e+00
 0.000000000000000000e+00
 0.000000000000000000e+00
 0.000000000000000000e+00
 0.000000000000000000e+00
 0.000000000000000000e+00
 0.000000000000000000e+00
 0.000000000000000000e+00
 0.000000000000000000e+00
 0.000000000000000000e+00
 0.000000000000000000e+00
 0.000000000000000000e+00
 0.000000000000000000e+00
 0.000000000000000000e+00
 0.000000000000000000e+00
 0.000000000000000000e+00
 0.000000000000000000e+00
 0.000000000000000000e+00
 0.000000000000000000e+00
 0.000000000000000000e+00
 0.000000000000000000e+00
 0.000000000000000000e+00
 0.000000000000000000e+00
 0.000000000000000000e+00
 0.000000000000000000e+00
 0.000000000000000000e+00
 0.000000000000000000e+00
 0.000000000000000000e+00
 0.000000000000000000e+00
 0.000000000000000000e+00
 0.000000000000000000e+00
 0.000000000000000000e+00
 0.000000000000000000e+00
 0.000000000000000000e+00
 0.000000000000000000e+00
 0.000000000000000000e+00
 0.000000000000000000e+00
 0.000000000000000000e+00
 0.000000000000000000e+00
 0.000000000000000000e+00
 0.000000000000000000e+00
 0.000000000000000000e+00
 0.000000000000000000e+00
 0.000000000000000000e+00
 0.000000000000000000e+00
 0.000000000000000000e+00
 0.000000000000000000e+00
 0.000000000000000000e+00
 0.000000000000000000e+00
 0.000000000000000000e+00
 0.000000000000000000e+00
 0.000000000000000000e+00
 0.000000000000000000e+00
 0.000000000000000000e+00
 0.000000000000000000e+00
 0.000000000000000000e+00
 0.000000000000000000e+00
 0.000000000000000000e+00
 0.000000000000000000e+00
 0.000000000000000000e+00
 0.000000000000000000e+00
 0.000000000000000000e+00
 0.000000000000000000e+00
 0.000000000000000000e+00
 0.000000000000000000e+00
 0.000000000000000000e+00
 0.000000000000000000e+00
 0.000000000000000000e+00
 0.000000000000000000e+00
 0.000000000000000000e+00
 0.000000000000000000e+00
 0.000000000000000000e+00
 0.000000000000000000e+00
 0.000000000000000000e+00
 0.000000000000000000e+00
 0.000000000000000000e+00
 0.000000000000000000e+00
 0.000000000000000000e+00
 0.000000000000000000e+00
 0.000000000000000000e+00
 0.000000000000000000e+00
 0.000000000000000000e+00
 0.000000000000000000e+00
 0.000000000000000000e+00
 0.000000000000000000e+00
 0.000000000000000000e+00
 0.000000000000000000e+00
 0.000000000000000000e+00
 0.000000000000000000e+00
 0.000000000000000000e+00
 0.000000000000000000e+00
 0.000000000000000000e+00
 0.000000000000000000e+00
 0.000000000000000000e+00
 0.000000000000000000e+00
 0.000000000000000000e+00
 0.000000000000000000e+00
 0.000000000000000000e+00
 0.000000000000000000e+00
 0.000000000000000000e+00
 0.000000000000000000e+00
 0.000000000000000000e+00
 0.000000000000000000e+00
 0.000000000000000000e+00
 0.000000000000000000e+00
 0.000000000000000000e+00
 0.000000000000000000e+00
 0.000000000000000000e+00
 0.000000000000000000e+00
 0.000000000000000000e+00
 0.000000000000000000e+00
 0.000000000000000000e+00
 0.000000000000000000e+00
 0.000000000000000000e+00
 0.000000000000000000e+00
 0.000000000000000000e+00
 0.000000000000000000e+00
 0.000000000000000000e+00
 0.000000000000000000e+00
 0.000000000000000000e+00
 0.000000000000000000e+00
 0.000000000000000000e+00
 0.000000000000000000e+00
 0.000000000000000000e+00
 0.000000000000000000e+00
 </DataArray>
 <DataArray Name="S" type="Float32" NumberOfComponents="1" format="ascii">
 0.000000000000000000e+00
 0.000000000000000000e+00
 0.000000000000000000e+00
 0.000000000000000000e+00
 0.000000000000000000e+00
 0.000000000000000000e+00
 0.000000000000000000e+00
 0.000000000000000000e+00
 0.000000000000000000e+00
 0.000000000000000000e+00
 0.000000000000000000e+00
 0.000000000000000000e+00
 0.000000000000000000e+00
 0.000000000000000000e+00
 0.000000000000000000e+00
 0.000000000000000000e+00
 0.000000000000000000e+00
 0.000000000000000000e+00
 0.000000000000000000e+00
 0.000000000000000000e+00
 0.000000000000000000e+00
 0.000000000000000000e+00
 0.000000000000000000e+00
 0.000000000000000000e+00
 0.000000000000000000e+00
 0.000000000000000000e+00
 0.000000000000000000e+00
 0.000000000000000000e+00
 0.000000000000000000e+00
 0.000000000000000000e+00
 0.000000000000000000e+00
 0.000000000000000000e+00
 0.000000000000000000e+00
 0.000000000000000000e+00
 0.000000000000000000e+00
 0.000000000000000000e+00
 0.000000000000000000e+00
 0.000000000000000000e+00
 0.000000000000000000e+00
 0.000000000000000000e+00
 0.000000000000000000e+00
 0.000000000000000000e+00
 0.000000000000000000e+00
 0.000000000000000000e+00
 0.000000000000000000e+00
 0.000000000000000000e+00
 0.000000000000000000e+00
 0.000000000000000000e+00
 0.000000000000000000e+00
 0.000000000000000000e+00
 0.000000000000000000e+00
 0.000000000000000000e+00
 0.000000000000000000e+00
 0.000000000000000000e+00
 0.000000000000000000e+00
 0.000000000000000000e+00
 0.000000000000000000e+00
 0.000000000000000000e+00
 0.000000000000000000e+00
 0.000000000000000000e+00
 0.000000000000000000e+00
 0.000000000000000000e+00
 0.000000000000000000e+00
 0.000000000000000000e+00
 0.000000000000000000e+00
 0.000000000000000000e+00
 0.000000000000000000e+00
 0.000000000000000000e+00
 0.000000000000000000e+00
 0.000000000000000000e+00
 0.000000000000000000e+00
 0.000000000000000000e+00
 0.000000000000000000e+00
 0.000000000000000000e+00
 0.000000000000000000e+00
 0.000000000000000000e+00
 0.000000000000000000e+00
 0.000000000000000000e+00
 0.000000000000000000e+00
 0.000000000000000000e+00
 0.000000000000000000e+00
 0.000000000000000000e+00
 0.000000000000000000e+00
 0.000000000000000000e+00
 0.000000000000000000e+00
 0.000000000000000000e+00
 0.000000000000000000e+00
 0.000000000000000000e+00
 0.000000000000000000e+00
 0.000000000000000000e+00
 0.000000000000000000e+00
 0.000000000000000000e+00
 0.000000000000000000e+00
 0.000000000000000000e+00
 0.000000000000000000e+00
 0.000000000000000000e+00
 0.000000000000000000e+00
 0.000000000000000000e+00
 0.000000000000000000e+00
 0.000000000000000000e+00
 0.000000000000000000e+00
 0.000000000000000000e+00
 0.000000000000000000e+00
 0.000000000000000000e+00
 0.000000000000000000e+00
 0.000000000000000000e+00
 0.000000000000000000e+00
 0.000000000000000000e+00
 0.000000000000000000e+00
 0.000000000000000000e+00
 0.000000000000000000e+00
 0.000000000000000000e+00
 0.000000000000000000e+00
 0.000000000000000000e+00
 0.000000000000000000e+00
 0.000000000000000000e+00
 0.000000000000000000e+00
 0.000000000000000000e+00
 0.000000000000000000e+00
 0.000000000000000000e+00
 0.000000000000000000e+00
 0.000000000000000000e+00
 0.000000000000000000e+00
 0.000000000000000000e+00
 0.000000000000000000e+00
 0.000000000000000000e+00
 0.000000000000000000e+00
 0.000000000000000000e+00
 0.000000000000000000e+00
 0.000000000000000000e+00
 0.000000000000000000e+00
 0.000000000000000000e+00
 0.000000000000000000e+00
 0.000000000000000000e+00
 0.000000000000000000e+00
 0.000000000000000000e+00
 0.000000000000000000e+00
 0.000000000000000000e+00
 0.000000000000000000e+00
 0.000000000000000000e+00
 0.000000000000000000e+00
 0.000000000000000000e+00
 0.000000000000000000e+00
 0.000000000000000000e+00
 0.000000000000000000e+00
 0.000000000000000000e+00
 0.000000000000000000e+00
 0.000000000000000000e+00
 0.000000000000000000e+00
 0.000000000000000000e+00
 0.000000000000000000e+00
 0.000000000000000000e+00
 0.000000000000000000e+00
 0.000000000000000000e+00
 0.000000000000000000e+00
 0.000000000000000000e+00
 0.000000000000000000e+00
 0.000000000000000000e+00
 0.000000000000000000e+00
 0.000000000000000000e+00
 0.000000000000000000e+00
 0.000000000000000000e+00
 0.000000000000000000e+00
 0.000000000000000000e+00
 0.000000000000000000e+00
 0.000000000000000000e+00
 0.000000000000000000e+00
 0.000000000000000000e+00
 0.000000000000000000e+00
 0.000000000000000000e+00
 0.000000000000000000e+00
 0.000000000000000000e+00
 0.000000000000000000e+00
 0.000000000000000000e+00
 0.000000000000000000e+00
 0.000000000000000000e+00
 0.000000000000000000e+00
 0.000000000000000000e+00
 0.000000000000000000e+00
 0.000000000000000000e+00
 0.000000000000000000e+00
 0.000000000000000000e+00
 0.000000000000000000e+00
 0.000000000000000000e+00
 0.000000000000000000e+00
 0.000000000000000000e+00
 0.000000000000000000e+00
 0.000000000000000000e+00
 0.000000000000000000e+00
 0.000000000000000000e+00
 0.000000000000000000e+00
 0.000000000000000000e+00
 0.000000000000000000e+00
 0.000000000000000000e+00
 0.000000000000000000e+00
 0.000000000000000000e+00
 0.000000000000000000e+00
 0.000000000000000000e+00
 0.000000000000000000e+00
 0.000000000000000000e+00
 0.000000000000000000e+00
 0.000000000000000000e+00
 0.000000000000000000e+00
 0.000000000000000000e+00
 0.000000000000000000e+00
 0.000000000000000000e+00
 0.000000000000000000e+00
 0.000000000000000000e+00
 0.000000000000000000e+00
 0.000000000000000000e+00
 0.000000000000000000e+00
 0.000000000000000000e+00
 0.000000000000000000e+00
 0.000000000000000000e+00
 0.000000000000000000e+00
 0.000000000000000000e+00
 0.000000000000000000e+00
 0.000000000000000000e+00
 0.000000000000000000e+00
 0.000000000000000000e+00
 0.000000000000000000e+00
 0.000000000000000000e+00
 0.000000000000000000e+00
 0.000000000000000000e+00
 0.000000000000000000e+00
 0.000000000000000000e+00
 0.000000000000000000e+00
 0.000000000000000000e+00
 0.000000000000000000e+00
 0.000000000000000000e+00
 0.000000000000000000e+00
 0.000000000000000000e+00
 0.000000000000000000e+00
 0.000000000000000000e+00
 0.000000000000000000e+00
 0.000000000000000000e+00
 0.000000000000000000e+00
 0.000000000000000000e+00
 0.000000000000000000e+00
 0.000000000000000000e+00
 0.000000000000000000e+00
 0.000000000000000000e+00
 0.000000000000000000e+00
 0.000000000000000000e+00
 0.000000000000000000e+00
 0.000000000000000000e+00
 0.000000000000000000e+00
 0.000000000000000000e+00
 0.000000000000000000e+00
 0.000000000000000000e+00
 0.000000000000000000e+00
 0.000000000000000000e+00
 0.000000000000000000e+00
 0.000000000000000000e+00
 0.000000000000000000e+00
 0.000000000000000000e+00
 0.000000000000000000e+00
 0.000000000000000000e+00
 0.000000000000000000e+00
 0.000000000000000000e+00
 0.000000000000000000e+00
 0.000000000000000000e+00
 0.000000000000000000e+00
 0.000000000000000000e+00
 0.000000000000000000e+00
 0.000000000000000000e+00
 0.000000000000000000e+00
 0.000000000000000000e+00
 0.000000000000000000e+00
 0.000000000000000000e+00
 0.000000000000000000e+00
 0.000000000000000000e+00
 0.000000000000000000e+00
 0.000000000000000000e+00
 0.000000000000000000e+00
 0.000000000000000000e+00
 0.000000000000000000e+00
 0.000000000000000000e+00
 0.000000000000000000e+00
 0.000000000000000000e+00
 0.000000000000000000e+00
 0.000000000000000000e+00
 0.000000000000000000e+00
 0.000000000000000000e+00
 0.000000000000000000e+00
 0.000000000000000000e+00
 0.000000000000000000e+00
 0.000000000000000000e+00
 0.000000000000000000e+00
 0.000000000000000000e+00
 0.000000000000000000e+00
 0.000000000000000000e+00
 0.000000000000000000e+00
 0.000000000000000000e+00
 0.000000000000000000e+00
 0.000000000000000000e+00
 0.000000000000000000e+00
 0.000000000000000000e+00
 0.000000000000000000e+00
 0.000000000000000000e+00
 0.000000000000000000e+00
 0.000000000000000000e+00
 0.000000000000000000e+00
 0.000000000000000000e+00
 0.000000000000000000e+00
 0.000000000000000000e+00
 0.000000000000000000e+00
 0.000000000000000000e+00
 0.000000000000000000e+00
 0.000000000000000000e+00
 0.000000000000000000e+00
 0.000000000000000000e+00
 0.000000000000000000e+00
 0.000000000000000000e+00
 0.000000000000000000e+00
 0.000000000000000000e+00
 0.000000000000000000e+00
 0.000000000000000000e+00
 0.000000000000000000e+00
 0.000000000000000000e+00
 0.000000000000000000e+00
 0.000000000000000000e+00
 0.000000000000000000e+00
 0.000000000000000000e+00
 0.000000000000000000e+00
 0.000000000000000000e+00
 0.000000000000000000e+00
 0.000000000000000000e+00
 0.000000000000000000e+00
 0.000000000000000000e+00
 0.000000000000000000e+00
 0.000000000000000000e+00
 0.000000000000000000e+00
 0.000000000000000000e+00
 0.000000000000000000e+00
 0.000000000000000000e+00
 0.000000000000000000e+00
 0.000000000000000000e+00
 0.000000000000000000e+00
 0.000000000000000000e+00
 0.000000000000000000e+00
 0.000000000000000000e+00
 0.000000000000000000e+00
 0.000000000000000000e+00
 0.000000000000000000e+00
 0.000000000000000000e+00
 0.000000000000000000e+00
 0.000000000000000000e+00
 0.000000000000000000e+00
 0.000000000000000000e+00
 0.000000000000000000e+00
 0.000000000000000000e+00
 0.000000000000000000e+00
 0.000000000000000000e+00
 0.000000000000000000e+00
 0.000000000000000000e+00
 0.000000000000000000e+00
 0.000000000000000000e+00
 0.000000000000000000e+00
 0.000000000000000000e+00
 0.000000000000000000e+00
 0.000000000000000000e+00
 0.000000000000000000e+00
 0.000000000000000000e+00
 0.000000000000000000e+00
 0.000000000000000000e+00
 0.000000000000000000e+00
 0.000000000000000000e+00
 0.000000000000000000e+00
 0.000000000000000000e+00
 0.000000000000000000e+00
 0.000000000000000000e+00
 0.000000000000000000e+00
 0.000000000000000000e+00
 0.000000000000000000e+00
 0.000000000000000000e+00
 0.000000000000000000e+00
 0.000000000000000000e+00
 0.000000000000000000e+00
 0.000000000000000000e+00
 0.000000000000000000e+00
 0.000000000000000000e+00
 0.000000000000000000e+00
 0.000000000000000000e+00
 0.000000000000000000e+00
 0.000000000000000000e+00
 0.000000000000000000e+00
 0.000000000000000000e+00
 0.000000000000000000e+00
 0.000000000000000000e+00
 0.000000000000000000e+00
 0.000000000000000000e+00
 0.000000000000000000e+00
 0.000000000000000000e+00
 0.000000000000000000e+00
 0.000000000000000000e+00
 0.000000000000000000e+00
 0.000000000000000000e+00
 0.000000000000000000e+00
 0.000000000000000000e+00
 0.000000000000000000e+00
 0.000000000000000000e+00
 0.000000000000000000e+00
 0.000000000000000000e+00
 0.000000000000000000e+00
 0.000000000000000000e+00
 0.000000000000000000e+00
 0.000000000000000000e+00
 0.000000000000000000e+00
 0.000000000000000000e+00
 0.000000000000000000e+00
 0.000000000000000000e+00
 0.000000000000000000e+00
 0.000000000000000000e+00
 0.000000000000000000e+00
 0.000000000000000000e+00
 0.000000000000000000e+00
 0.000000000000000000e+00
 0.000000000000000000e+00
 0.000000000000000000e+00
 0.000000000000000000e+00
 0.000000000000000000e+00
 0.000000000000000000e+00
 0.000000000000000000e+00
 0.000000000000000000e+00
 0.000000000000000000e+00
 0.000000000000000000e+00
 0.000000000000000000e+00
 0.000000000000000000e+00
 0.000000000000000000e+00
 0.000000000000000000e+00
 0.000000000000000000e+00
 0.000000000000000000e+00
 0.000000000000000000e+00
 0.000000000000000000e+00
 0.000000000000000000e+00
 0.000000000000000000e+00
 0.000000000000000000e+00
 0.000000000000000000e+00
 0.000000000000000000e+00
 0.000000000000000000e+00
 0.000000000000000000e+00
 0.000000000000000000e+00
 0.000000000000000000e+00
 0.000000000000000000e+00
 0.000000000000000000e+00
 0.000000000000000000e+00
 0.000000000000000000e+00
 0.000000000000000000e+00
 0.000000000000000000e+00
 0.000000000000000000e+00
 0.000000000000000000e+00
 0.000000000000000000e+00
 0.000000000000000000e+00
 0.000000000000000000e+00
 0.000000000000000000e+00
 0.000000000000000000e+00
 0.000000000000000000e+00
 0.000000000000000000e+00
 0.000000000000000000e+00
 0.000000000000000000e+00
 0.000000000000000000e+00
 0.000000000000000000e+00
 0.000000000000000000e+00
 0.000000000000000000e+00
 0.000000000000000000e+00
 0.000000000000000000e+00
 0.000000000000000000e+00
 0.000000000000000000e+00
 0.000000000000000000e+00
 0.000000000000000000e+00
 0.000000000000000000e+00
 0.000000000000000000e+00
 0.000000000000000000e+00
 0.000000000000000000e+00
 0.000000000000000000e+00
 0.000000000000000000e+00
 0.000000000000000000e+00
 0.000000000000000000e+00
 0.000000000000000000e+00
 0.000000000000000000e+00
 0.000000000000000000e+00
 0.000000000000000000e+00
 0.000000000000000000e+00
 0.000000000000000000e+00
 0.000000000000000000e+00
 0.000000000000000000e+00
 0.000000000000000000e+00
 0.000000000000000000e+00
 0.000000000000000000e+00
 0.000000000000000000e+00
 0.000000000000000000e+00
 0.000000000000000000e+00
 0.000000000000000000e+00
 0.000000000000000000e+00
 0.000000000000000000e+00
 0.000000000000000000e+00
 0.000000000000000000e+00
 0.000000000000000000e+00
 0.000000000000000000e+00
 </DataArray>
 <DataArray Name="massf[0]-He" type="Float32" NumberOfComponents="1" format="ascii">
 1.000000000000000000e+00
 1.000000000000000000e+00
 1.000000000000000000e+00
 1.000000000000000000e+00
 1.000000000000000000e+00
 1.000000000000000000e+00
 1.000000000000000000e+00
 1.000000000000000000e+00
 1.000000000000000000e+00
 1.000000000000000000e+00
 1.000000000000000000e+00
 1.000000000000000000e+00
 1.000000000000000000e+00
 1.000000000000000000e+00
 1.000000000000000000e+00
 1.000000000000000000e+00
 1.000000000000000000e+00
 1.000000000000000000e+00
 1.000000000000000000e+00
 1.000000000000000000e+00
 1.000000000000000000e+00
 1.000000000000000000e+00
 1.000000000000000000e+00
 1.000000000000000000e+00
 1.000000000000000000e+00
 1.000000000000000000e+00
 1.000000000000000000e+00
 1.000000000000000000e+00
 1.000000000000000000e+00
 1.000000000000000000e+00
 1.000000000000000000e+00
 1.000000000000000000e+00
 1.000000000000000000e+00
 1.000000000000000000e+00
 1.000000000000000000e+00
 1.000000000000000000e+00
 1.000000000000000000e+00
 1.000000000000000000e+00
 1.000000000000000000e+00
 1.000000000000000000e+00
 1.000000000000000000e+00
 1.000000000000000000e+00
 1.000000000000000000e+00
 1.000000000000000000e+00
 1.000000000000000000e+00
 1.000000000000000000e+00
 1.000000000000000000e+00
 1.000000000000000000e+00
 1.000000000000000000e+00
 1.000000000000000000e+00
 1.000000000000000000e+00
 1.000000000000000000e+00
 1.000000000000000000e+00
 1.000000000000000000e+00
 1.000000000000000000e+00
 1.000000000000000000e+00
 1.000000000000000000e+00
 1.000000000000000000e+00
 1.000000000000000000e+00
 1.000000000000000000e+00
 1.000000000000000000e+00
 1.000000000000000000e+00
 1.000000000000000000e+00
 1.000000000000000000e+00
 1.000000000000000000e+00
 1.000000000000000000e+00
 1.000000000000000000e+00
 1.000000000000000000e+00
 1.000000000000000000e+00
 1.000000000000000000e+00
 1.000000000000000000e+00
 1.000000000000000000e+00
 1.000000000000000000e+00
 1.000000000000000000e+00
 1.000000000000000000e+00
 1.000000000000000000e+00
 1.000000000000000000e+00
 1.000000000000000000e+00
 1.000000000000000000e+00
 1.000000000000000000e+00
 1.000000000000000000e+00
 1.000000000000000000e+00
 1.000000000000000000e+00
 1.000000000000000000e+00
 1.000000000000000000e+00
 1.000000000000000000e+00
 1.000000000000000000e+00
 1.000000000000000000e+00
 1.000000000000000000e+00
 1.000000000000000000e+00
 1.000000000000000000e+00
 1.000000000000000000e+00
 1.000000000000000000e+00
 1.000000000000000000e+00
 1.000000000000000000e+00
 1.000000000000000000e+00
 1.000000000000000000e+00
 1.000000000000000000e+00
 1.000000000000000000e+00
 1.000000000000000000e+00
 1.000000000000000000e+00
 1.000000000000000000e+00
 1.000000000000000000e+00
 1.000000000000000000e+00
 1.000000000000000000e+00
 1.000000000000000000e+00
 1.000000000000000000e+00
 1.000000000000000000e+00
 1.000000000000000000e+00
 1.000000000000000000e+00
 1.000000000000000000e+00
 1.000000000000000000e+00
 1.000000000000000000e+00
 1.000000000000000000e+00
 1.000000000000000000e+00
 1.000000000000000000e+00
 1.000000000000000000e+00
 1.000000000000000000e+00
 1.000000000000000000e+00
 1.000000000000000000e+00
 1.000000000000000000e+00
 1.000000000000000000e+00
 1.000000000000000000e+00
 1.000000000000000000e+00
 1.000000000000000000e+00
 1.000000000000000000e+00
 1.000000000000000000e+00
 1.000000000000000000e+00
 1.000000000000000000e+00
 1.000000000000000000e+00
 1.000000000000000000e+00
 1.000000000000000000e+00
 1.000000000000000000e+00
 1.000000000000000000e+00
 1.000000000000000000e+00
 1.000000000000000000e+00
 1.000000000000000000e+00
 1.000000000000000000e+00
 1.000000000000000000e+00
 1.000000000000000000e+00
 1.000000000000000000e+00
 1.000000000000000000e+00
 1.000000000000000000e+00
 1.000000000000000000e+00
 1.000000000000000000e+00
 1.000000000000000000e+00
 1.000000000000000000e+00
 1.000000000000000000e+00
 1.000000000000000000e+00
 1.000000000000000000e+00
 1.000000000000000000e+00
 1.000000000000000000e+00
 1.000000000000000000e+00
 1.000000000000000000e+00
 1.000000000000000000e+00
 1.000000000000000000e+00
 1.000000000000000000e+00
 1.000000000000000000e+00
 1.000000000000000000e+00
 1.000000000000000000e+00
 1.000000000000000000e+00
 1.000000000000000000e+00
 1.000000000000000000e+00
 1.000000000000000000e+00
 1.000000000000000000e+00
 1.000000000000000000e+00
 1.000000000000000000e+00
 1.000000000000000000e+00
 1.000000000000000000e+00
 1.000000000000000000e+00
 1.000000000000000000e+00
 1.000000000000000000e+00
 1.000000000000000000e+00
 1.000000000000000000e+00
 1.000000000000000000e+00
 1.000000000000000000e+00
 1.000000000000000000e+00
 1.000000000000000000e+00
 1.000000000000000000e+00
 1.000000000000000000e+00
 1.000000000000000000e+00
 1.000000000000000000e+00
 1.000000000000000000e+00
 1.000000000000000000e+00
 1.000000000000000000e+00
 1.000000000000000000e+00
 1.000000000000000000e+00
 1.000000000000000000e+00
 1.000000000000000000e+00
 1.000000000000000000e+00
 1.000000000000000000e+00
 1.000000000000000000e+00
 1.000000000000000000e+00
 1.000000000000000000e+00
 1.000000000000000000e+00
 1.000000000000000000e+00
 1.000000000000000000e+00
 1.000000000000000000e+00
 1.000000000000000000e+00
 1.000000000000000000e+00
 1.000000000000000000e+00
 1.000000000000000000e+00
 1.000000000000000000e+00
 1.000000000000000000e+00
 1.000000000000000000e+00
 1.000000000000000000e+00
 1.000000000000000000e+00
 1.000000000000000000e+00
 1.000000000000000000e+00
 1.000000000000000000e+00
 1.000000000000000000e+00
 1.000000000000000000e+00
 1.000000000000000000e+00
 1.000000000000000000e+00
 1.000000000000000000e+00
 1.000000000000000000e+00
 1.000000000000000000e+00
 1.000000000000000000e+00
 1.000000000000000000e+00
 1.000000000000000000e+00
 1.000000000000000000e+00
 1.000000000000000000e+00
 1.000000000000000000e+00
 1.000000000000000000e+00
 1.000000000000000000e+00
 1.000000000000000000e+00
 1.000000000000000000e+00
 1.000000000000000000e+00
 1.000000000000000000e+00
 1.000000000000000000e+00
 1.000000000000000000e+00
 1.000000000000000000e+00
 1.000000000000000000e+00
 1.000000000000000000e+00
 1.000000000000000000e+00
 1.000000000000000000e+00
 1.000000000000000000e+00
 1.000000000000000000e+00
 1.000000000000000000e+00
 1.000000000000000000e+00
 1.000000000000000000e+00
 1.000000000000000000e+00
 1.000000000000000000e+00
 1.000000000000000000e+00
 1.000000000000000000e+00
 1.000000000000000000e+00
 1.000000000000000000e+00
 1.000000000000000000e+00
 1.000000000000000000e+00
 1.000000000000000000e+00
 1.000000000000000000e+00
 1.000000000000000000e+00
 1.000000000000000000e+00
 1.000000000000000000e+00
 1.000000000000000000e+00
 1.000000000000000000e+00
 1.000000000000000000e+00
 1.000000000000000000e+00
 1.000000000000000000e+00
 1.000000000000000000e+00
 1.000000000000000000e+00
 1.000000000000000000e+00
 1.000000000000000000e+00
 1.000000000000000000e+00
 1.000000000000000000e+00
 1.000000000000000000e+00
 1.000000000000000000e+00
 1.000000000000000000e+00
 1.000000000000000000e+00
 1.000000000000000000e+00
 1.000000000000000000e+00
 1.000000000000000000e+00
 1.000000000000000000e+00
 1.000000000000000000e+00
 1.000000000000000000e+00
 1.000000000000000000e+00
 1.000000000000000000e+00
 1.000000000000000000e+00
 1.000000000000000000e+00
 1.000000000000000000e+00
 1.000000000000000000e+00
 1.000000000000000000e+00
 1.000000000000000000e+00
 1.000000000000000000e+00
 1.000000000000000000e+00
 1.000000000000000000e+00
 1.000000000000000000e+00
 1.000000000000000000e+00
 1.000000000000000000e+00
 1.000000000000000000e+00
 1.000000000000000000e+00
 1.000000000000000000e+00
 1.000000000000000000e+00
 1.000000000000000000e+00
 1.000000000000000000e+00
 1.000000000000000000e+00
 1.000000000000000000e+00
 1.000000000000000000e+00
 1.000000000000000000e+00
 1.000000000000000000e+00
 1.000000000000000000e+00
 1.000000000000000000e+00
 1.000000000000000000e+00
 1.000000000000000000e+00
 1.000000000000000000e+00
 1.000000000000000000e+00
 1.000000000000000000e+00
 1.000000000000000000e+00
 1.000000000000000000e+00
 1.000000000000000000e+00
 1.000000000000000000e+00
 1.000000000000000000e+00
 1.000000000000000000e+00
 1.000000000000000000e+00
 1.000000000000000000e+00
 1.000000000000000000e+00
 1.000000000000000000e+00
 1.000000000000000000e+00
 1.000000000000000000e+00
 1.000000000000000000e+00
 1.000000000000000000e+00
 1.000000000000000000e+00
 1.000000000000000000e+00
 1.000000000000000000e+00
 1.000000000000000000e+00
 1.000000000000000000e+00
 1.000000000000000000e+00
 1.000000000000000000e+00
 1.000000000000000000e+00
 1.000000000000000000e+00
 1.000000000000000000e+00
 1.000000000000000000e+00
 1.000000000000000000e+00
 1.000000000000000000e+00
 1.000000000000000000e+00
 1.000000000000000000e+00
 1.000000000000000000e+00
 1.000000000000000000e+00
 1.000000000000000000e+00
 1.000000000000000000e+00
 1.000000000000000000e+00
 1.000000000000000000e+00
 1.000000000000000000e+00
 1.000000000000000000e+00
 1.000000000000000000e+00
 1.000000000000000000e+00
 1.000000000000000000e+00
 1.000000000000000000e+00
 1.000000000000000000e+00
 1.000000000000000000e+00
 1.000000000000000000e+00
 1.000000000000000000e+00
 1.000000000000000000e+00
 1.000000000000000000e+00
 1.000000000000000000e+00
 1.000000000000000000e+00
 1.000000000000000000e+00
 1.000000000000000000e+00
 1.000000000000000000e+00
 1.000000000000000000e+00
 1.000000000000000000e+00
 1.000000000000000000e+00
 1.000000000000000000e+00
 1.000000000000000000e+00
 1.000000000000000000e+00
 1.000000000000000000e+00
 1.000000000000000000e+00
 1.000000000000000000e+00
 1.000000000000000000e+00
 1.000000000000000000e+00
 1.000000000000000000e+00
 1.000000000000000000e+00
 1.000000000000000000e+00
 1.000000000000000000e+00
 1.000000000000000000e+00
 1.000000000000000000e+00
 1.000000000000000000e+00
 1.000000000000000000e+00
 1.000000000000000000e+00
 1.000000000000000000e+00
 1.000000000000000000e+00
 1.000000000000000000e+00
 1.000000000000000000e+00
 1.000000000000000000e+00
 1.000000000000000000e+00
 1.000000000000000000e+00
 1.000000000000000000e+00
 1.000000000000000000e+00
 1.000000000000000000e+00
 1.000000000000000000e+00
 1.000000000000000000e+00
 1.000000000000000000e+00
 1.000000000000000000e+00
 1.000000000000000000e+00
 1.000000000000000000e+00
 1.000000000000000000e+00
 1.000000000000000000e+00
 1.000000000000000000e+00
 1.000000000000000000e+00
 1.000000000000000000e+00
 1.000000000000000000e+00
 1.000000000000000000e+00
 1.000000000000000000e+00
 1.000000000000000000e+00
 1.000000000000000000e+00
 1.000000000000000000e+00
 1.000000000000000000e+00
 1.000000000000000000e+00
 1.000000000000000000e+00
 1.000000000000000000e+00
 1.000000000000000000e+00
 1.000000000000000000e+00
 1.000000000000000000e+00
 1.000000000000000000e+00
 1.000000000000000000e+00
 1.000000000000000000e+00
 1.000000000000000000e+00
 1.000000000000000000e+00
 1.000000000000000000e+00
 1.000000000000000000e+00
 1.000000000000000000e+00
 1.000000000000000000e+00
 1.000000000000000000e+00
 1.000000000000000000e+00
 1.000000000000000000e+00
 1.000000000000000000e+00
 1.000000000000000000e+00
 1.000000000000000000e+00
 1.000000000000000000e+00
 1.000000000000000000e+00
 1.000000000000000000e+00
 1.000000000000000000e+00
 1.000000000000000000e+00
 1.000000000000000000e+00
 1.000000000000000000e+00
 1.000000000000000000e+00
 1.000000000000000000e+00
 1.000000000000000000e+00
 1.000000000000000000e+00
 1.000000000000000000e+00
 1.000000000000000000e+00
 1.000000000000000000e+00
 1.000000000000000000e+00
 1.000000000000000000e+00
 1.000000000000000000e+00
 1.000000000000000000e+00
 1.000000000000000000e+00
 1.000000000000000000e+00
 1.000000000000000000e+00
 1.000000000000000000e+00
 1.000000000000000000e+00
 1.000000000000000000e+00
 1.000000000000000000e+00
 1.000000000000000000e+00
 1.000000000000000000e+00
 1.000000000000000000e+00
 1.000000000000000000e+00
 1.000000000000000000e+00
 1.000000000000000000e+00
 1.000000000000000000e+00
 1.000000000000000000e+00
 1.000000000000000000e+00
 1.000000000000000000e+00
 1.000000000000000000e+00
 1.000000000000000000e+00
 1.000000000000000000e+00
 1.000000000000000000e+00
 1.000000000000000000e+00
 1.000000000000000000e+00
 1.000000000000000000e+00
 1.000000000000000000e+00
 1.000000000000000000e+00
 1.000000000000000000e+00
 1.000000000000000000e+00
 1.000000000000000000e+00
 1.000000000000000000e+00
 1.000000000000000000e+00
 1.000000000000000000e+00
 1.000000000000000000e+00
 1.000000000000000000e+00
 1.000000000000000000e+00
 1.000000000000000000e+00
 1.000000000000000000e+00
 1.000000000000000000e+00
 1.000000000000000000e+00
 1.000000000000000000e+00
 1.000000000000000000e+00
 1.000000000000000000e+00
 1.000000000000000000e+00
 1.000000000000000000e+00
 1.000000000000000000e+00
 1.000000000000000000e+00
 1.000000000000000000e+00
 1.000000000000000000e+00
 1.000000000000000000e+00
 1.000000000000000000e+00
 1.000000000000000000e+00
 1.000000000000000000e+00
 1.000000000000000000e+00
 1.000000000000000000e+00
 </DataArray>
 <DataArray Name="massf[1]-N2" type="Float32" NumberOfComponents="1" format="ascii">
 0.000000000000000000e+00
 0.000000000000000000e+00
 0.000000000000000000e+00
 0.000000000000000000e+00
 0.000000000000000000e+00
 0.000000000000000000e+00
 0.000000000000000000e+00
 0.000000000000000000e+00
 0.000000000000000000e+00
 0.000000000000000000e+00
 0.000000000000000000e+00
 0.000000000000000000e+00
 0.000000000000000000e+00
 0.000000000000000000e+00
 0.000000000000000000e+00
 0.000000000000000000e+00
 0.000000000000000000e+00
 0.000000000000000000e+00
 0.000000000000000000e+00
 0.000000000000000000e+00
 0.000000000000000000e+00
 0.000000000000000000e+00
 0.000000000000000000e+00
 0.000000000000000000e+00
 0.000000000000000000e+00
 0.000000000000000000e+00
 0.000000000000000000e+00
 0.000000000000000000e+00
 0.000000000000000000e+00
 0.000000000000000000e+00
 0.000000000000000000e+00
 0.000000000000000000e+00
 0.000000000000000000e+00
 0.000000000000000000e+00
 0.000000000000000000e+00
 0.000000000000000000e+00
 0.000000000000000000e+00
 0.000000000000000000e+00
 0.000000000000000000e+00
 0.000000000000000000e+00
 0.000000000000000000e+00
 0.000000000000000000e+00
 0.000000000000000000e+00
 0.000000000000000000e+00
 0.000000000000000000e+00
 0.000000000000000000e+00
 0.000000000000000000e+00
 0.000000000000000000e+00
 0.000000000000000000e+00
 0.000000000000000000e+00
 0.000000000000000000e+00
 0.000000000000000000e+00
 0.000000000000000000e+00
 0.000000000000000000e+00
 0.000000000000000000e+00
 0.000000000000000000e+00
 0.000000000000000000e+00
 0.000000000000000000e+00
 0.000000000000000000e+00
 0.000000000000000000e+00
 0.000000000000000000e+00
 0.000000000000000000e+00
 0.000000000000000000e+00
 0.000000000000000000e+00
 0.000000000000000000e+00
 0.000000000000000000e+00
 0.000000000000000000e+00
 0.000000000000000000e+00
 0.000000000000000000e+00
 0.000000000000000000e+00
 0.000000000000000000e+00
 0.000000000000000000e+00
 0.000000000000000000e+00
 0.000000000000000000e+00
 0.000000000000000000e+00
 0.000000000000000000e+00
 0.000000000000000000e+00
 0.000000000000000000e+00
 0.000000000000000000e+00
 0.000000000000000000e+00
 0.000000000000000000e+00
 0.000000000000000000e+00
 0.000000000000000000e+00
 0.000000000000000000e+00
 0.000000000000000000e+00
 0.000000000000000000e+00
 0.000000000000000000e+00
 0.000000000000000000e+00
 0.000000000000000000e+00
 0.000000000000000000e+00
 0.000000000000000000e+00
 0.000000000000000000e+00
 0.000000000000000000e+00
 0.000000000000000000e+00
 0.000000000000000000e+00
 0.000000000000000000e+00
 0.000000000000000000e+00
 0.000000000000000000e+00
 0.000000000000000000e+00
 0.000000000000000000e+00
 0.000000000000000000e+00
 0.000000000000000000e+00
 0.000000000000000000e+00
 0.000000000000000000e+00
 0.000000000000000000e+00
 0.000000000000000000e+00
 0.000000000000000000e+00
 0.000000000000000000e+00
 0.000000000000000000e+00
 0.000000000000000000e+00
 0.000000000000000000e+00
 0.000000000000000000e+00
 0.000000000000000000e+00
 0.000000000000000000e+00
 0.000000000000000000e+00
 0.000000000000000000e+00
 0.000000000000000000e+00
 0.000000000000000000e+00
 0.000000000000000000e+00
 0.000000000000000000e+00
 0.000000000000000000e+00
 0.000000000000000000e+00
 0.000000000000000000e+00
 0.000000000000000000e+00
 0.000000000000000000e+00
 0.000000000000000000e+00
 0.000000000000000000e+00
 0.000000000000000000e+00
 0.000000000000000000e+00
 0.000000000000000000e+00
 0.000000000000000000e+00
 0.000000000000000000e+00
 0.000000000000000000e+00
 0.000000000000000000e+00
 0.000000000000000000e+00
 0.000000000000000000e+00
 0.000000000000000000e+00
 0.000000000000000000e+00
 0.000000000000000000e+00
 0.000000000000000000e+00
 0.000000000000000000e+00
 0.000000000000000000e+00
 0.000000000000000000e+00
 0.000000000000000000e+00
 0.000000000000000000e+00
 0.000000000000000000e+00
 0.000000000000000000e+00
 0.000000000000000000e+00
 0.000000000000000000e+00
 0.000000000000000000e+00
 0.000000000000000000e+00
 0.000000000000000000e+00
 0.000000000000000000e+00
 0.000000000000000000e+00
 0.000000000000000000e+00
 0.000000000000000000e+00
 0.000000000000000000e+00
 0.000000000000000000e+00
 0.000000000000000000e+00
 0.000000000000000000e+00
 0.000000000000000000e+00
 0.000000000000000000e+00
 0.000000000000000000e+00
 0.000000000000000000e+00
 0.000000000000000000e+00
 0.000000000000000000e+00
 0.000000000000000000e+00
 0.000000000000000000e+00
 0.000000000000000000e+00
 0.000000000000000000e+00
 0.000000000000000000e+00
 0.000000000000000000e+00
 0.000000000000000000e+00
 0.000000000000000000e+00
 0.000000000000000000e+00
 0.000000000000000000e+00
 0.000000000000000000e+00
 0.000000000000000000e+00
 0.000000000000000000e+00
 0.000000000000000000e+00
 0.000000000000000000e+00
 0.000000000000000000e+00
 0.000000000000000000e+00
 0.000000000000000000e+00
 0.000000000000000000e+00
 0.000000000000000000e+00
 0.000000000000000000e+00
 0.000000000000000000e+00
 0.000000000000000000e+00
 0.000000000000000000e+00
 0.000000000000000000e+00
 0.000000000000000000e+00
 0.000000000000000000e+00
 0.000000000000000000e+00
 0.000000000000000000e+00
 0.000000000000000000e+00
 0.000000000000000000e+00
 0.000000000000000000e+00
 0.000000000000000000e+00
 0.000000000000000000e+00
 0.000000000000000000e+00
 0.000000000000000000e+00
 0.000000000000000000e+00
 0.000000000000000000e+00
 0.000000000000000000e+00
 0.000000000000000000e+00
 0.000000000000000000e+00
 0.000000000000000000e+00
 0.000000000000000000e+00
 0.000000000000000000e+00
 0.000000000000000000e+00
 0.000000000000000000e+00
 0.000000000000000000e+00
 0.000000000000000000e+00
 0.000000000000000000e+00
 0.000000000000000000e+00
 0.000000000000000000e+00
 0.000000000000000000e+00
 0.000000000000000000e+00
 0.000000000000000000e+00
 0.000000000000000000e+00
 0.000000000000000000e+00
 0.000000000000000000e+00
 0.000000000000000000e+00
 0.000000000000000000e+00
 0.000000000000000000e+00
 0.000000000000000000e+00
 0.000000000000000000e+00
 0.000000000000000000e+00
 0.000000000000000000e+00
 0.000000000000000000e+00
 0.000000000000000000e+00
 0.000000000000000000e+00
 0.000000000000000000e+00
 0.000000000000000000e+00
 0.000000000000000000e+00
 0.000000000000000000e+00
 0.000000000000000000e+00
 0.000000000000000000e+00
 0.000000000000000000e+00
 0.000000000000000000e+00
 0.000000000000000000e+00
 0.000000000000000000e+00
 0.000000000000000000e+00
 0.000000000000000000e+00
 0.000000000000000000e+00
 0.000000000000000000e+00
 0.000000000000000000e+00
 0.000000000000000000e+00
 0.000000000000000000e+00
 0.000000000000000000e+00
 0.000000000000000000e+00
 0.000000000000000000e+00
 0.000000000000000000e+00
 0.000000000000000000e+00
 0.000000000000000000e+00
 0.000000000000000000e+00
 0.000000000000000000e+00
 0.000000000000000000e+00
 0.000000000000000000e+00
 0.000000000000000000e+00
 0.000000000000000000e+00
 0.000000000000000000e+00
 0.000000000000000000e+00
 0.000000000000000000e+00
 0.000000000000000000e+00
 0.000000000000000000e+00
 0.000000000000000000e+00
 0.000000000000000000e+00
 0.000000000000000000e+00
 0.000000000000000000e+00
 0.000000000000000000e+00
 0.000000000000000000e+00
 0.000000000000000000e+00
 0.000000000000000000e+00
 0.000000000000000000e+00
 0.000000000000000000e+00
 0.000000000000000000e+00
 0.000000000000000000e+00
 0.000000000000000000e+00
 0.000000000000000000e+00
 0.000000000000000000e+00
 0.000000000000000000e+00
 0.000000000000000000e+00
 0.000000000000000000e+00
 0.000000000000000000e+00
 0.000000000000000000e+00
 0.000000000000000000e+00
 0.000000000000000000e+00
 0.000000000000000000e+00
 0.000000000000000000e+00
 0.000000000000000000e+00
 0.000000000000000000e+00
 0.000000000000000000e+00
 0.000000000000000000e+00
 0.000000000000000000e+00
 0.000000000000000000e+00
 0.000000000000000000e+00
 0.000000000000000000e+00
 0.000000000000000000e+00
 0.000000000000000000e+00
 0.000000000000000000e+00
 0.000000000000000000e+00
 0.000000000000000000e+00
 0.000000000000000000e+00
 0.000000000000000000e+00
 0.000000000000000000e+00
 0.000000000000000000e+00
 0.000000000000000000e+00
 0.000000000000000000e+00
 0.000000000000000000e+00
 0.000000000000000000e+00
 0.000000000000000000e+00
 0.000000000000000000e+00
 0.000000000000000000e+00
 0.000000000000000000e+00
 0.000000000000000000e+00
 0.000000000000000000e+00
 0.000000000000000000e+00
 0.000000000000000000e+00
 0.000000000000000000e+00
 0.000000000000000000e+00
 0.000000000000000000e+00
 0.000000000000000000e+00
 0.000000000000000000e+00
 0.000000000000000000e+00
 0.000000000000000000e+00
 0.000000000000000000e+00
 0.000000000000000000e+00
 0.000000000000000000e+00
 0.000000000000000000e+00
 0.000000000000000000e+00
 0.000000000000000000e+00
 0.000000000000000000e+00
 0.000000000000000000e+00
 0.000000000000000000e+00
 0.000000000000000000e+00
 0.000000000000000000e+00
 0.000000000000000000e+00
 0.000000000000000000e+00
 0.000000000000000000e+00
 0.000000000000000000e+00
 0.000000000000000000e+00
 0.000000000000000000e+00
 0.000000000000000000e+00
 0.000000000000000000e+00
 0.000000000000000000e+00
 0.000000000000000000e+00
 0.000000000000000000e+00
 0.000000000000000000e+00
 0.000000000000000000e+00
 0.000000000000000000e+00
 0.000000000000000000e+00
 0.000000000000000000e+00
 0.000000000000000000e+00
 0.000000000000000000e+00
 0.000000000000000000e+00
 0.000000000000000000e+00
 0.000000000000000000e+00
 0.000000000000000000e+00
 0.000000000000000000e+00
 0.000000000000000000e+00
 0.000000000000000000e+00
 0.000000000000000000e+00
 0.000000000000000000e+00
 0.000000000000000000e+00
 0.000000000000000000e+00
 0.000000000000000000e+00
 0.000000000000000000e+00
 0.000000000000000000e+00
 0.000000000000000000e+00
 0.000000000000000000e+00
 0.000000000000000000e+00
 0.000000000000000000e+00
 0.000000000000000000e+00
 0.000000000000000000e+00
 0.000000000000000000e+00
 0.000000000000000000e+00
 0.000000000000000000e+00
 0.000000000000000000e+00
 0.000000000000000000e+00
 0.000000000000000000e+00
 0.000000000000000000e+00
 0.000000000000000000e+00
 0.000000000000000000e+00
 0.000000000000000000e+00
 0.000000000000000000e+00
 0.000000000000000000e+00
 0.000000000000000000e+00
 0.000000000000000000e+00
 0.000000000000000000e+00
 0.000000000000000000e+00
 0.000000000000000000e+00
 0.000000000000000000e+00
 0.000000000000000000e+00
 0.000000000000000000e+00
 0.000000000000000000e+00
 0.000000000000000000e+00
 0.000000000000000000e+00
 0.000000000000000000e+00
 0.000000000000000000e+00
 0.000000000000000000e+00
 0.000000000000000000e+00
 0.000000000000000000e+00
 0.000000000000000000e+00
 0.000000000000000000e+00
 0.000000000000000000e+00
 0.000000000000000000e+00
 0.000000000000000000e+00
 0.000000000000000000e+00
 0.000000000000000000e+00
 0.000000000000000000e+00
 0.000000000000000000e+00
 0.000000000000000000e+00
 0.000000000000000000e+00
 0.000000000000000000e+00
 0.000000000000000000e+00
 0.000000000000000000e+00
 0.000000000000000000e+00
 0.000000000000000000e+00
 0.000000000000000000e+00
 0.000000000000000000e+00
 0.000000000000000000e+00
 0.000000000000000000e+00
 0.000000000000000000e+00
 0.000000000000000000e+00
 0.000000000000000000e+00
 0.000000000000000000e+00
 0.000000000000000000e+00
 0.000000000000000000e+00
 0.000000000000000000e+00
 0.000000000000000000e+00
 0.000000000000000000e+00
 0.000000000000000000e+00
 0.000000000000000000e+00
 0.000000000000000000e+00
 0.000000000000000000e+00
 0.000000000000000000e+00
 0.000000000000000000e+00
 0.000000000000000000e+00
 0.000000000000000000e+00
 0.000000000000000000e+00
 0.000000000000000000e+00
 0.000000000000000000e+00
 0.000000000000000000e+00
 0.000000000000000000e+00
 0.000000000000000000e+00
 0.000000000000000000e+00
 0.000000000000000000e+00
 0.000000000000000000e+00
 0.000000000000000000e+00
 0.000000000000000000e+00
 0.000000000000000000e+00
 0.000000000000000000e+00
 0.000000000000000000e+00
 0.000000000000000000e+00
 0.000000000000000000e+00
 0.000000000000000000e+00
 0.000000000000000000e+00
 0.000000000000000000e+00
 0.000000000000000000e+00
 0.000000000000000000e+00
 0.000000000000000000e+00
 0.000000000000000000e+00
 0.000000000000000000e+00
 0.000000000000000000e+00
 0.000000000000000000e+00
 0.000000000000000000e+00
 0.000000000000000000e+00
 0.000000000000000000e+00
 0.000000000000000000e+00
 0.000000000000000000e+00
 0.000000000000000000e+00
 0.000000000000000000e+00
 0.000000000000000000e+00
 0.000000000000000000e+00
 0.000000000000000000e+00
 0.000000000000000000e+00
 0.000000000000000000e+00
 0.000000000000000000e+00
 0.000000000000000000e+00
 0.000000000000000000e+00
 0.000000000000000000e+00
 0.000000000000000000e+00
 0.000000000000000000e+00
 0.000000000000000000e+00
 0.000000000000000000e+00
 0.000000000000000000e+00
 0.000000000000000000e+00
 0.000000000000000000e+00
 0.000000000000000000e+00
 0.000000000000000000e+00
 0.000000000000000000e+00
 0.000000000000000000e+00
 0.000000000000000000e+00
 0.000000000000000000e+00
 0.000000000000000000e+00
 0.000000000000000000e+00
 0.000000000000000000e+00
 0.000000000000000000e+00
 </DataArray>
 <DataArray Name="massf[2]-O2" type="Float32" NumberOfComponents="1" format="ascii">
 0.000000000000000000e+00
 0.000000000000000000e+00
 0.000000000000000000e+00
 0.000000000000000000e+00
 0.000000000000000000e+00
 0.000000000000000000e+00
 0.000000000000000000e+00
 0.000000000000000000e+00
 0.000000000000000000e+00
 0.000000000000000000e+00
 0.000000000000000000e+00
 0.000000000000000000e+00
 0.000000000000000000e+00
 0.000000000000000000e+00
 0.000000000000000000e+00
 0.000000000000000000e+00
 0.000000000000000000e+00
 0.000000000000000000e+00
 0.000000000000000000e+00
 0.000000000000000000e+00
 0.000000000000000000e+00
 0.000000000000000000e+00
 0.000000000000000000e+00
 0.000000000000000000e+00
 0.000000000000000000e+00
 0.000000000000000000e+00
 0.000000000000000000e+00
 0.000000000000000000e+00
 0.000000000000000000e+00
 0.000000000000000000e+00
 0.000000000000000000e+00
 0.000000000000000000e+00
 0.000000000000000000e+00
 0.000000000000000000e+00
 0.000000000000000000e+00
 0.000000000000000000e+00
 0.000000000000000000e+00
 0.000000000000000000e+00
 0.000000000000000000e+00
 0.000000000000000000e+00
 0.000000000000000000e+00
 0.000000000000000000e+00
 0.000000000000000000e+00
 0.000000000000000000e+00
 0.000000000000000000e+00
 0.000000000000000000e+00
 0.000000000000000000e+00
 0.000000000000000000e+00
 0.000000000000000000e+00
 0.000000000000000000e+00
 0.000000000000000000e+00
 0.000000000000000000e+00
 0.000000000000000000e+00
 0.000000000000000000e+00
 0.000000000000000000e+00
 0.000000000000000000e+00
 0.000000000000000000e+00
 0.000000000000000000e+00
 0.000000000000000000e+00
 0.000000000000000000e+00
 0.000000000000000000e+00
 0.000000000000000000e+00
 0.000000000000000000e+00
 0.000000000000000000e+00
 0.000000000000000000e+00
 0.000000000000000000e+00
 0.000000000000000000e+00
 0.000000000000000000e+00
 0.000000000000000000e+00
 0.000000000000000000e+00
 0.000000000000000000e+00
 0.000000000000000000e+00
 0.000000000000000000e+00
 0.000000000000000000e+00
 0.000000000000000000e+00
 0.000000000000000000e+00
 0.000000000000000000e+00
 0.000000000000000000e+00
 0.000000000000000000e+00
 0.000000000000000000e+00
 0.000000000000000000e+00
 0.000000000000000000e+00
 0.000000000000000000e+00
 0.000000000000000000e+00
 0.000000000000000000e+00
 0.000000000000000000e+00
 0.000000000000000000e+00
 0.000000000000000000e+00
 0.000000000000000000e+00
 0.000000000000000000e+00
 0.000000000000000000e+00
 0.000000000000000000e+00
 0.000000000000000000e+00
 0.000000000000000000e+00
 0.000000000000000000e+00
 0.000000000000000000e+00
 0.000000000000000000e+00
 0.000000000000000000e+00
 0.000000000000000000e+00
 0.000000000000000000e+00
 0.000000000000000000e+00
 0.000000000000000000e+00
 0.000000000000000000e+00
 0.000000000000000000e+00
 0.000000000000000000e+00
 0.000000000000000000e+00
 0.000000000000000000e+00
 0.000000000000000000e+00
 0.000000000000000000e+00
 0.000000000000000000e+00
 0.000000000000000000e+00
 0.000000000000000000e+00
 0.000000000000000000e+00
 0.000000000000000000e+00
 0.000000000000000000e+00
 0.000000000000000000e+00
 0.000000000000000000e+00
 0.000000000000000000e+00
 0.000000000000000000e+00
 0.000000000000000000e+00
 0.000000000000000000e+00
 0.000000000000000000e+00
 0.000000000000000000e+00
 0.000000000000000000e+00
 0.000000000000000000e+00
 0.000000000000000000e+00
 0.000000000000000000e+00
 0.000000000000000000e+00
 0.000000000000000000e+00
 0.000000000000000000e+00
 0.000000000000000000e+00
 0.000000000000000000e+00
 0.000000000000000000e+00
 0.000000000000000000e+00
 0.000000000000000000e+00
 0.000000000000000000e+00
 0.000000000000000000e+00
 0.000000000000000000e+00
 0.000000000000000000e+00
 0.000000000000000000e+00
 0.000000000000000000e+00
 0.000000000000000000e+00
 0.000000000000000000e+00
 0.000000000000000000e+00
 0.000000000000000000e+00
 0.000000000000000000e+00
 0.000000000000000000e+00
 0.000000000000000000e+00
 0.000000000000000000e+00
 0.000000000000000000e+00
 0.000000000000000000e+00
 0.000000000000000000e+00
 0.000000000000000000e+00
 0.000000000000000000e+00
 0.000000000000000000e+00
 0.000000000000000000e+00
 0.000000000000000000e+00
 0.000000000000000000e+00
 0.000000000000000000e+00
 0.000000000000000000e+00
 0.000000000000000000e+00
 0.000000000000000000e+00
 0.000000000000000000e+00
 0.000000000000000000e+00
 0.000000000000000000e+00
 0.000000000000000000e+00
 0.000000000000000000e+00
 0.000000000000000000e+00
 0.000000000000000000e+00
 0.000000000000000000e+00
 0.000000000000000000e+00
 0.000000000000000000e+00
 0.000000000000000000e+00
 0.000000000000000000e+00
 0.000000000000000000e+00
 0.000000000000000000e+00
 0.000000000000000000e+00
 0.000000000000000000e+00
 0.000000000000000000e+00
 0.000000000000000000e+00
 0.000000000000000000e+00
 0.000000000000000000e+00
 0.000000000000000000e+00
 0.000000000000000000e+00
 0.000000000000000000e+00
 0.000000000000000000e+00
 0.000000000000000000e+00
 0.000000000000000000e+00
 0.000000000000000000e+00
 0.000000000000000000e+00
 0.000000000000000000e+00
 0.000000000000000000e+00
 0.000000000000000000e+00
 0.000000000000000000e+00
 0.000000000000000000e+00
 0.000000000000000000e+00
 0.000000000000000000e+00
 0.000000000000000000e+00
 0.000000000000000000e+00
 0.000000000000000000e+00
 0.000000000000000000e+00
 0.000000000000000000e+00
 0.000000000000000000e+00
 0.000000000000000000e+00
 0.000000000000000000e+00
 0.000000000000000000e+00
 0.000000000000000000e+00
 0.000000000000000000e+00
 0.000000000000000000e+00
 0.000000000000000000e+00
 0.000000000000000000e+00
 0.000000000000000000e+00
 0.000000000000000000e+00
 0.000000000000000000e+00
 0.000000000000000000e+00
 0.000000000000000000e+00
 0.000000000000000000e+00
 0.000000000000000000e+00
 0.000000000000000000e+00
 0.000000000000000000e+00
 0.000000000000000000e+00
 0.000000000000000000e+00
 0.000000000000000000e+00
 0.000000000000000000e+00
 0.000000000000000000e+00
 0.000000000000000000e+00
 0.000000000000000000e+00
 0.000000000000000000e+00
 0.000000000000000000e+00
 0.000000000000000000e+00
 0.000000000000000000e+00
 0.000000000000000000e+00
 0.000000000000000000e+00
 0.000000000000000000e+00
 0.000000000000000000e+00
 0.000000000000000000e+00
 0.000000000000000000e+00
 0.000000000000000000e+00
 0.000000000000000000e+00
 0.000000000000000000e+00
 0.000000000000000000e+00
 0.000000000000000000e+00
 0.000000000000000000e+00
 0.000000000000000000e+00
 0.000000000000000000e+00
 0.000000000000000000e+00
 0.000000000000000000e+00
 0.000000000000000000e+00
 0.000000000000000000e+00
 0.000000000000000000e+00
 0.000000000000000000e+00
 0.000000000000000000e+00
 0.000000000000000000e+00
 0.000000000000000000e+00
 0.000000000000000000e+00
 0.000000000000000000e+00
 0.000000000000000000e+00
 0.000000000000000000e+00
 0.000000000000000000e+00
 0.000000000000000000e+00
 0.000000000000000000e+00
 0.000000000000000000e+00
 0.000000000000000000e+00
 0.000000000000000000e+00
 0.000000000000000000e+00
 0.000000000000000000e+00
 0.000000000000000000e+00
 0.000000000000000000e+00
 0.000000000000000000e+00
 0.000000000000000000e+00
 0.000000000000000000e+00
 0.000000000000000000e+00
 0.000000000000000000e+00
 0.000000000000000000e+00
 0.000000000000000000e+00
 0.000000000000000000e+00
 0.000000000000000000e+00
 0.000000000000000000e+00
 0.000000000000000000e+00
 0.000000000000000000e+00
 0.000000000000000000e+00
 0.000000000000000000e+00
 0.000000000000000000e+00
 0.000000000000000000e+00
 0.000000000000000000e+00
 0.000000000000000000e+00
 0.000000000000000000e+00
 0.000000000000000000e+00
 0.000000000000000000e+00
 0.000000000000000000e+00
 0.000000000000000000e+00
 0.000000000000000000e+00
 0.000000000000000000e+00
 0.000000000000000000e+00
 0.000000000000000000e+00
 0.000000000000000000e+00
 0.000000000000000000e+00
 0.000000000000000000e+00
 0.000000000000000000e+00
 0.000000000000000000e+00
 0.000000000000000000e+00
 0.000000000000000000e+00
 0.000000000000000000e+00
 0.000000000000000000e+00
 0.000000000000000000e+00
 0.000000000000000000e+00
 0.000000000000000000e+00
 0.000000000000000000e+00
 0.000000000000000000e+00
 0.000000000000000000e+00
 0.000000000000000000e+00
 0.000000000000000000e+00
 0.000000000000000000e+00
 0.000000000000000000e+00
 0.000000000000000000e+00
 0.000000000000000000e+00
 0.000000000000000000e+00
 0.000000000000000000e+00
 0.000000000000000000e+00
 0.000000000000000000e+00
 0.000000000000000000e+00
 0.000000000000000000e+00
 0.000000000000000000e+00
 0.000000000000000000e+00
 0.000000000000000000e+00
 0.000000000000000000e+00
 0.000000000000000000e+00
 0.000000000000000000e+00
 0.000000000000000000e+00
 0.000000000000000000e+00
 0.000000000000000000e+00
 0.000000000000000000e+00
 0.000000000000000000e+00
 0.000000000000000000e+00
 0.000000000000000000e+00
 0.000000000000000000e+00
 0.000000000000000000e+00
 0.000000000000000000e+00
 0.000000000000000000e+00
 0.000000000000000000e+00
 0.000000000000000000e+00
 0.000000000000000000e+00
 0.000000000000000000e+00
 0.000000000000000000e+00
 0.000000000000000000e+00
 0.000000000000000000e+00
 0.000000000000000000e+00
 0.000000000000000000e+00
 0.000000000000000000e+00
 0.000000000000000000e+00
 0.000000000000000000e+00
 0.000000000000000000e+00
 0.000000000000000000e+00
 0.000000000000000000e+00
 0.000000000000000000e+00
 0.000000000000000000e+00
 0.000000000000000000e+00
 0.000000000000000000e+00
 0.000000000000000000e+00
 0.000000000000000000e+00
 0.000000000000000000e+00
 0.000000000000000000e+00
 0.000000000000000000e+00
 0.000000000000000000e+00
 0.000000000000000000e+00
 0.000000000000000000e+00
 0.000000000000000000e+00
 0.000000000000000000e+00
 0.000000000000000000e+00
 0.000000000000000000e+00
 0.000000000000000000e+00
 0.000000000000000000e+00
 0.000000000000000000e+00
 0.000000000000000000e+00
 0.000000000000000000e+00
 0.000000000000000000e+00
 0.000000000000000000e+00
 0.000000000000000000e+00
 0.000000000000000000e+00
 0.000000000000000000e+00
 0.000000000000000000e+00
 0.000000000000000000e+00
 0.000000000000000000e+00
 0.000000000000000000e+00
 0.000000000000000000e+00
 0.000000000000000000e+00
 0.000000000000000000e+00
 0.000000000000000000e+00
 0.000000000000000000e+00
 0.000000000000000000e+00
 0.000000000000000000e+00
 0.000000000000000000e+00
 0.000000000000000000e+00
 0.000000000000000000e+00
 0.000000000000000000e+00
 0.000000000000000000e+00
 0.000000000000000000e+00
 0.000000000000000000e+00
 0.000000000000000000e+00
 0.000000000000000000e+00
 0.000000000000000000e+00
 0.000000000000000000e+00
 0.000000000000000000e+00
 0.000000000000000000e+00
 0.000000000000000000e+00
 0.000000000000000000e+00
 0.000000000000000000e+00
 0.000000000000000000e+00
 0.000000000000000000e+00
 0.000000000000000000e+00
 0.000000000000000000e+00
 0.000000000000000000e+00
 0.000000000000000000e+00
 0.000000000000000000e+00
 0.000000000000000000e+00
 0.000000000000000000e+00
 0.000000000000000000e+00
 0.000000000000000000e+00
 0.000000000000000000e+00
 0.000000000000000000e+00
 0.000000000000000000e+00
 0.000000000000000000e+00
 0.000000000000000000e+00
 0.000000000000000000e+00
 0.000000000000000000e+00
 0.000000000000000000e+00
 0.000000000000000000e+00
 0.000000000000000000e+00
 0.000000000000000000e+00
 0.000000000000000000e+00
 0.000000000000000000e+00
 0.000000000000000000e+00
 0.000000000000000000e+00
 0.000000000000000000e+00
 0.000000000000000000e+00
 0.000000000000000000e+00
 0.000000000000000000e+00
 0.000000000000000000e+00
 0.000000000000000000e+00
 0.000000000000000000e+00
 0.000000000000000000e+00
 0.000000000000000000e+00
 0.000000000000000000e+00
 0.000000000000000000e+00
 0.000000000000000000e+00
 0.000000000000000000e+00
 0.000000000000000000e+00
 0.000000000000000000e+00
 0.000000000000000000e+00
 0.000000000000000000e+00
 0.000000000000000000e+00
 0.000000000000000000e+00
 0.000000000000000000e+00
 0.000000000000000000e+00
 0.000000000000000000e+00
 0.000000000000000000e+00
 0.000000000000000000e+00
 0.000000000000000000e+00
 0.000000000000000000e+00
 0.000000000000000000e+00
 0.000000000000000000e+00
 0.000000000000000000e+00
 0.000000000000000000e+00
 0.000000000000000000e+00
 0.000000000000000000e+00
 0.000000000000000000e+00
 0.000000000000000000e+00
 0.000000000000000000e+00
 0.000000000000000000e+00
 0.000000000000000000e+00
 0.000000000000000000e+00
 0.000000000000000000e+00
 0.000000000000000000e+00
 0.000000000000000000e+00
 0.000000000000000000e+00
 0.000000000000000000e+00
 0.000000000000000000e+00
 0.000000000000000000e+00
 0.000000000000000000e+00
 0.000000000000000000e+00
 0.000000000000000000e+00
 0.000000000000000000e+00
 0.000000000000000000e+00
 0.000000000000000000e+00
 0.000000000000000000e+00
 0.000000000000000000e+00
 0.000000000000000000e+00
 0.000000000000000000e+00
 0.000000000000000000e+00
 0.000000000000000000e+00
 0.000000000000000000e+00
 0.000000000000000000e+00
 0.000000000000000000e+00
 0.000000000000000000e+00
 0.000000000000000000e+00
 0.000000000000000000e+00
 0.000000000000000000e+00
 0.000000000000000000e+00
 0.000000000000000000e+00
 0.000000000000000000e+00
 </DataArray>
 <DataArray Name="massf[3]-N" type="Float32" NumberOfComponents="1" format="ascii">
 0.000000000000000000e+00
 0.000000000000000000e+00
 0.000000000000000000e+00
 0.000000000000000000e+00
 0.000000000000000000e+00
 0.000000000000000000e+00
 0.000000000000000000e+00
 0.000000000000000000e+00
 0.000000000000000000e+00
 0.000000000000000000e+00
 0.000000000000000000e+00
 0.000000000000000000e+00
 0.000000000000000000e+00
 0.000000000000000000e+00
 0.000000000000000000e+00
 0.000000000000000000e+00
 0.000000000000000000e+00
 0.000000000000000000e+00
 0.000000000000000000e+00
 0.000000000000000000e+00
 0.000000000000000000e+00
 0.000000000000000000e+00
 0.000000000000000000e+00
 0.000000000000000000e+00
 0.000000000000000000e+00
 0.000000000000000000e+00
 0.000000000000000000e+00
 0.000000000000000000e+00
 0.000000000000000000e+00
 0.000000000000000000e+00
 0.000000000000000000e+00
 0.000000000000000000e+00
 0.000000000000000000e+00
 0.000000000000000000e+00
 0.000000000000000000e+00
 0.000000000000000000e+00
 0.000000000000000000e+00
 0.000000000000000000e+00
 0.000000000000000000e+00
 0.000000000000000000e+00
 0.000000000000000000e+00
 0.000000000000000000e+00
 0.000000000000000000e+00
 0.000000000000000000e+00
 0.000000000000000000e+00
 0.000000000000000000e+00
 0.000000000000000000e+00
 0.000000000000000000e+00
 0.000000000000000000e+00
 0.000000000000000000e+00
 0.000000000000000000e+00
 0.000000000000000000e+00
 0.000000000000000000e+00
 0.000000000000000000e+00
 0.000000000000000000e+00
 0.000000000000000000e+00
 0.000000000000000000e+00
 0.000000000000000000e+00
 0.000000000000000000e+00
 0.000000000000000000e+00
 0.000000000000000000e+00
 0.000000000000000000e+00
 0.000000000000000000e+00
 0.000000000000000000e+00
 0.000000000000000000e+00
 0.000000000000000000e+00
 0.000000000000000000e+00
 0.000000000000000000e+00
 0.000000000000000000e+00
 0.000000000000000000e+00
 0.000000000000000000e+00
 0.000000000000000000e+00
 0.000000000000000000e+00
 0.000000000000000000e+00
 0.000000000000000000e+00
 0.000000000000000000e+00
 0.000000000000000000e+00
 0.000000000000000000e+00
 0.000000000000000000e+00
 0.000000000000000000e+00
 0.000000000000000000e+00
 0.000000000000000000e+00
 0.000000000000000000e+00
 0.000000000000000000e+00
 0.000000000000000000e+00
 0.000000000000000000e+00
 0.000000000000000000e+00
 0.000000000000000000e+00
 0.000000000000000000e+00
 0.000000000000000000e+00
 0.000000000000000000e+00
 0.000000000000000000e+00
 0.000000000000000000e+00
 0.000000000000000000e+00
 0.000000000000000000e+00
 0.000000000000000000e+00
 0.000000000000000000e+00
 0.000000000000000000e+00
 0.000000000000000000e+00
 0.000000000000000000e+00
 0.000000000000000000e+00
 0.000000000000000000e+00
 0.000000000000000000e+00
 0.000000000000000000e+00
 0.000000000000000000e+00
 0.000000000000000000e+00
 0.000000000000000000e+00
 0.000000000000000000e+00
 0.000000000000000000e+00
 0.000000000000000000e+00
 0.000000000000000000e+00
 0.000000000000000000e+00
 0.000000000000000000e+00
 0.000000000000000000e+00
 0.000000000000000000e+00
 0.000000000000000000e+00
 0.000000000000000000e+00
 0.000000000000000000e+00
 0.000000000000000000e+00
 0.000000000000000000e+00
 0.000000000000000000e+00
 0.000000000000000000e+00
 0.000000000000000000e+00
 0.000000000000000000e+00
 0.000000000000000000e+00
 0.000000000000000000e+00
 0.000000000000000000e+00
 0.000000000000000000e+00
 0.000000000000000000e+00
 0.000000000000000000e+00
 0.000000000000000000e+00
 0.000000000000000000e+00
 0.000000000000000000e+00
 0.000000000000000000e+00
 0.000000000000000000e+00
 0.000000000000000000e+00
 0.000000000000000000e+00
 0.000000000000000000e+00
 0.000000000000000000e+00
 0.000000000000000000e+00
 0.000000000000000000e+00
 0.000000000000000000e+00
 0.000000000000000000e+00
 0.000000000000000000e+00
 0.000000000000000000e+00
 0.000000000000000000e+00
 0.000000000000000000e+00
 0.000000000000000000e+00
 0.000000000000000000e+00
 0.000000000000000000e+00
 0.000000000000000000e+00
 0.000000000000000000e+00
 0.000000000000000000e+00
 0.000000000000000000e+00
 0.000000000000000000e+00
 0.000000000000000000e+00
 0.000000000000000000e+00
 0.000000000000000000e+00
 0.000000000000000000e+00
 0.000000000000000000e+00
 0.000000000000000000e+00
 0.000000000000000000e+00
 0.000000000000000000e+00
 0.000000000000000000e+00
 0.000000000000000000e+00
 0.000000000000000000e+00
 0.000000000000000000e+00
 0.000000000000000000e+00
 0.000000000000000000e+00
 0.000000000000000000e+00
 0.000000000000000000e+00
 0.000000000000000000e+00
 0.000000000000000000e+00
 0.000000000000000000e+00
 0.000000000000000000e+00
 0.000000000000000000e+00
 0.000000000000000000e+00
 0.000000000000000000e+00
 0.000000000000000000e+00
 0.000000000000000000e+00
 0.000000000000000000e+00
 0.000000000000000000e+00
 0.000000000000000000e+00
 0.000000000000000000e+00
 0.000000000000000000e+00
 0.000000000000000000e+00
 0.000000000000000000e+00
 0.000000000000000000e+00
 0.000000000000000000e+00
 0.000000000000000000e+00
 0.000000000000000000e+00
 0.000000000000000000e+00
 0.000000000000000000e+00
 0.000000000000000000e+00
 0.000000000000000000e+00
 0.000000000000000000e+00
 0.000000000000000000e+00
 0.000000000000000000e+00
 0.000000000000000000e+00
 0.000000000000000000e+00
 0.000000000000000000e+00
 0.000000000000000000e+00
 0.000000000000000000e+00
 0.000000000000000000e+00
 0.000000000000000000e+00
 0.000000000000000000e+00
 0.000000000000000000e+00
 0.000000000000000000e+00
 0.000000000000000000e+00
 0.000000000000000000e+00
 0.000000000000000000e+00
 0.000000000000000000e+00
 0.000000000000000000e+00
 0.000000000000000000e+00
 0.000000000000000000e+00
 0.000000000000000000e+00
 0.000000000000000000e+00
 0.000000000000000000e+00
 0.000000000000000000e+00
 0.000000000000000000e+00
 0.000000000000000000e+00
 0.000000000000000000e+00
 0.000000000000000000e+00
 0.000000000000000000e+00
 0.000000000000000000e+00
 0.000000000000000000e+00
 0.000000000000000000e+00
 0.000000000000000000e+00
 0.000000000000000000e+00
 0.000000000000000000e+00
 0.000000000000000000e+00
 0.000000000000000000e+00
 0.000000000000000000e+00
 0.000000000000000000e+00
 0.000000000000000000e+00
 0.000000000000000000e+00
 0.000000000000000000e+00
 0.000000000000000000e+00
 0.000000000000000000e+00
 0.000000000000000000e+00
 0.000000000000000000e+00
 0.000000000000000000e+00
 0.000000000000000000e+00
 0.000000000000000000e+00
 0.000000000000000000e+00
 0.000000000000000000e+00
 0.000000000000000000e+00
 0.000000000000000000e+00
 0.000000000000000000e+00
 0.000000000000000000e+00
 0.000000000000000000e+00
 0.000000000000000000e+00
 0.000000000000000000e+00
 0.000000000000000000e+00
 0.000000000000000000e+00
 0.000000000000000000e+00
 0.000000000000000000e+00
 0.000000000000000000e+00
 0.000000000000000000e+00
 0.000000000000000000e+00
 0.000000000000000000e+00
 0.000000000000000000e+00
 0.000000000000000000e+00
 0.000000000000000000e+00
 0.000000000000000000e+00
 0.000000000000000000e+00
 0.000000000000000000e+00
 0.000000000000000000e+00
 0.000000000000000000e+00
 0.000000000000000000e+00
 0.000000000000000000e+00
 0.000000000000000000e+00
 0.000000000000000000e+00
 0.000000000000000000e+00
 0.000000000000000000e+00
 0.000000000000000000e+00
 0.000000000000000000e+00
 0.000000000000000000e+00
 0.000000000000000000e+00
 0.000000000000000000e+00
 0.000000000000000000e+00
 0.000000000000000000e+00
 0.000000000000000000e+00
 0.000000000000000000e+00
 0.000000000000000000e+00
 0.000000000000000000e+00
 0.000000000000000000e+00
 0.000000000000000000e+00
 0.000000000000000000e+00
 0.000000000000000000e+00
 0.000000000000000000e+00
 0.000000000000000000e+00
 0.000000000000000000e+00
 0.000000000000000000e+00
 0.000000000000000000e+00
 0.000000000000000000e+00
 0.000000000000000000e+00
 0.000000000000000000e+00
 0.000000000000000000e+00
 0.000000000000000000e+00
 0.000000000000000000e+00
 0.000000000000000000e+00
 0.000000000000000000e+00
 0.000000000000000000e+00
 0.000000000000000000e+00
 0.000000000000000000e+00
 0.000000000000000000e+00
 0.000000000000000000e+00
 0.000000000000000000e+00
 0.000000000000000000e+00
 0.000000000000000000e+00
 0.000000000000000000e+00
 0.000000000000000000e+00
 0.000000000000000000e+00
 0.000000000000000000e+00
 0.000000000000000000e+00
 0.000000000000000000e+00
 0.000000000000000000e+00
 0.000000000000000000e+00
 0.000000000000000000e+00
 0.000000000000000000e+00
 0.000000000000000000e+00
 0.000000000000000000e+00
 0.000000000000000000e+00
 0.000000000000000000e+00
 0.000000000000000000e+00
 0.000000000000000000e+00
 0.000000000000000000e+00
 0.000000000000000000e+00
 0.000000000000000000e+00
 0.000000000000000000e+00
 0.000000000000000000e+00
 0.000000000000000000e+00
 0.000000000000000000e+00
 0.000000000000000000e+00
 0.000000000000000000e+00
 0.000000000000000000e+00
 0.000000000000000000e+00
 0.000000000000000000e+00
 0.000000000000000000e+00
 0.000000000000000000e+00
 0.000000000000000000e+00
 0.000000000000000000e+00
 0.000000000000000000e+00
 0.000000000000000000e+00
 0.000000000000000000e+00
 0.000000000000000000e+00
 0.000000000000000000e+00
 0.000000000000000000e+00
 0.000000000000000000e+00
 0.000000000000000000e+00
 0.000000000000000000e+00
 0.000000000000000000e+00
 0.000000000000000000e+00
 0.000000000000000000e+00
 0.000000000000000000e+00
 0.000000000000000000e+00
 0.000000000000000000e+00
 0.000000000000000000e+00
 0.000000000000000000e+00
 0.000000000000000000e+00
 0.000000000000000000e+00
 0.000000000000000000e+00
 0.000000000000000000e+00
 0.000000000000000000e+00
 0.000000000000000000e+00
 0.000000000000000000e+00
 0.000000000000000000e+00
 0.000000000000000000e+00
 0.000000000000000000e+00
 0.000000000000000000e+00
 0.000000000000000000e+00
 0.000000000000000000e+00
 0.000000000000000000e+00
 0.000000000000000000e+00
 0.000000000000000000e+00
 0.000000000000000000e+00
 0.000000000000000000e+00
 0.000000000000000000e+00
 0.000000000000000000e+00
 0.000000000000000000e+00
 0.000000000000000000e+00
 0.000000000000000000e+00
 0.000000000000000000e+00
 0.000000000000000000e+00
 0.000000000000000000e+00
 0.000000000000000000e+00
 0.000000000000000000e+00
 0.000000000000000000e+00
 0.000000000000000000e+00
 0.000000000000000000e+00
 0.000000000000000000e+00
 0.000000000000000000e+00
 0.000000000000000000e+00
 0.000000000000000000e+00
 0.000000000000000000e+00
 0.000000000000000000e+00
 0.000000000000000000e+00
 0.000000000000000000e+00
 0.000000000000000000e+00
 0.000000000000000000e+00
 0.000000000000000000e+00
 0.000000000000000000e+00
 0.000000000000000000e+00
 0.000000000000000000e+00
 0.000000000000000000e+00
 0.000000000000000000e+00
 0.000000000000000000e+00
 0.000000000000000000e+00
 0.000000000000000000e+00
 0.000000000000000000e+00
 0.000000000000000000e+00
 0.000000000000000000e+00
 0.000000000000000000e+00
 0.000000000000000000e+00
 0.000000000000000000e+00
 0.000000000000000000e+00
 0.000000000000000000e+00
 0.000000000000000000e+00
 0.000000000000000000e+00
 0.000000000000000000e+00
 0.000000000000000000e+00
 0.000000000000000000e+00
 0.000000000000000000e+00
 0.000000000000000000e+00
 0.000000000000000000e+00
 0.000000000000000000e+00
 0.000000000000000000e+00
 0.000000000000000000e+00
 0.000000000000000000e+00
 0.000000000000000000e+00
 0.000000000000000000e+00
 0.000000000000000000e+00
 0.000000000000000000e+00
 0.000000000000000000e+00
 0.000000000000000000e+00
 0.000000000000000000e+00
 0.000000000000000000e+00
 0.000000000000000000e+00
 0.000000000000000000e+00
 0.000000000000000000e+00
 0.000000000000000000e+00
 0.000000000000000000e+00
 0.000000000000000000e+00
 0.000000000000000000e+00
 0.000000000000000000e+00
 0.000000000000000000e+00
 0.000000000000000000e+00
 0.000000000000000000e+00
 0.000000000000000000e+00
 0.000000000000000000e+00
 0.000000000000000000e+00
 0.000000000000000000e+00
 0.000000000000000000e+00
 0.000000000000000000e+00
 0.000000000000000000e+00
 0.000000000000000000e+00
 0.000000000000000000e+00
 0.000000000000000000e+00
 0.000000000000000000e+00
 0.000000000000000000e+00
 0.000000000000000000e+00
 0.000000000000000000e+00
 0.000000000000000000e+00
 0.000000000000000000e+00
 0.000000000000000000e+00
 0.000000000000000000e+00
 0.000000000000000000e+00
 0.000000000000000000e+00
 0.000000000000000000e+00
 0.000000000000000000e+00
 0.000000000000000000e+00
 0.000000000000000000e+00
 0.000000000000000000e+00
 0.000000000000000000e+00
 0.000000000000000000e+00
 0.000000000000000000e+00
 0.000000000000000000e+00
 0.000000000000000000e+00
 0.000000000000000000e+00
 0.000000000000000000e+00
 0.000000000000000000e+00
 0.000000000000000000e+00
 0.000000000000000000e+00
 0.000000000000000000e+00
 0.000000000000000000e+00
 0.000000000000000000e+00
 0.000000000000000000e+00
 0.000000000000000000e+00
 0.000000000000000000e+00
 0.000000000000000000e+00
 0.000000000000000000e+00
 0.000000000000000000e+00
 0.000000000000000000e+00
 0.000000000000000000e+00
 0.000000000000000000e+00
 0.000000000000000000e+00
 0.000000000000000000e+00
 0.000000000000000000e+00
 0.000000000000000000e+00
 </DataArray>
 <DataArray Name="massf[4]-O" type="Float32" NumberOfComponents="1" format="ascii">
 0.000000000000000000e+00
 0.000000000000000000e+00
 0.000000000000000000e+00
 0.000000000000000000e+00
 0.000000000000000000e+00
 0.000000000000000000e+00
 0.000000000000000000e+00
 0.000000000000000000e+00
 0.000000000000000000e+00
 0.000000000000000000e+00
 0.000000000000000000e+00
 0.000000000000000000e+00
 0.000000000000000000e+00
 0.000000000000000000e+00
 0.000000000000000000e+00
 0.000000000000000000e+00
 0.000000000000000000e+00
 0.000000000000000000e+00
 0.000000000000000000e+00
 0.000000000000000000e+00
 0.000000000000000000e+00
 0.000000000000000000e+00
 0.000000000000000000e+00
 0.000000000000000000e+00
 0.000000000000000000e+00
 0.000000000000000000e+00
 0.000000000000000000e+00
 0.000000000000000000e+00
 0.000000000000000000e+00
 0.000000000000000000e+00
 0.000000000000000000e+00
 0.000000000000000000e+00
 0.000000000000000000e+00
 0.000000000000000000e+00
 0.000000000000000000e+00
 0.000000000000000000e+00
 0.000000000000000000e+00
 0.000000000000000000e+00
 0.000000000000000000e+00
 0.000000000000000000e+00
 0.000000000000000000e+00
 0.000000000000000000e+00
 0.000000000000000000e+00
 0.000000000000000000e+00
 0.000000000000000000e+00
 0.000000000000000000e+00
 0.000000000000000000e+00
 0.000000000000000000e+00
 0.000000000000000000e+00
 0.000000000000000000e+00
 0.000000000000000000e+00
 0.000000000000000000e+00
 0.000000000000000000e+00
 0.000000000000000000e+00
 0.000000000000000000e+00
 0.000000000000000000e+00
 0.000000000000000000e+00
 0.000000000000000000e+00
 0.000000000000000000e+00
 0.000000000000000000e+00
 0.000000000000000000e+00
 0.000000000000000000e+00
 0.000000000000000000e+00
 0.000000000000000000e+00
 0.000000000000000000e+00
 0.000000000000000000e+00
 0.000000000000000000e+00
 0.000000000000000000e+00
 0.000000000000000000e+00
 0.000000000000000000e+00
 0.000000000000000000e+00
 0.000000000000000000e+00
 0.000000000000000000e+00
 0.000000000000000000e+00
 0.000000000000000000e+00
 0.000000000000000000e+00
 0.000000000000000000e+00
 0.000000000000000000e+00
 0.000000000000000000e+00
 0.000000000000000000e+00
 0.000000000000000000e+00
 0.000000000000000000e+00
 0.000000000000000000e+00
 0.000000000000000000e+00
 0.000000000000000000e+00
 0.000000000000000000e+00
 0.000000000000000000e+00
 0.000000000000000000e+00
 0.000000000000000000e+00
 0.000000000000000000e+00
 0.000000000000000000e+00
 0.000000000000000000e+00
 0.000000000000000000e+00
 0.000000000000000000e+00
 0.000000000000000000e+00
 0.000000000000000000e+00
 0.000000000000000000e+00
 0.000000000000000000e+00
 0.000000000000000000e+00
 0.000000000000000000e+00
 0.000000000000000000e+00
 0.000000000000000000e+00
 0.000000000000000000e+00
 0.000000000000000000e+00
 0.000000000000000000e+00
 0.000000000000000000e+00
 0.000000000000000000e+00
 0.000000000000000000e+00
 0.000000000000000000e+00
 0.000000000000000000e+00
 0.000000000000000000e+00
 0.000000000000000000e+00
 0.000000000000000000e+00
 0.000000000000000000e+00
 0.000000000000000000e+00
 0.000000000000000000e+00
 0.000000000000000000e+00
 0.000000000000000000e+00
 0.000000000000000000e+00
 0.000000000000000000e+00
 0.000000000000000000e+00
 0.000000000000000000e+00
 0.000000000000000000e+00
 0.000000000000000000e+00
 0.000000000000000000e+00
 0.000000000000000000e+00
 0.000000000000000000e+00
 0.000000000000000000e+00
 0.000000000000000000e+00
 0.000000000000000000e+00
 0.000000000000000000e+00
 0.000000000000000000e+00
 0.000000000000000000e+00
 0.000000000000000000e+00
 0.000000000000000000e+00
 0.000000000000000000e+00
 0.000000000000000000e+00
 0.000000000000000000e+00
 0.000000000000000000e+00
 0.000000000000000000e+00
 0.000000000000000000e+00
 0.000000000000000000e+00
 0.000000000000000000e+00
 0.000000000000000000e+00
 0.000000000000000000e+00
 0.000000000000000000e+00
 0.000000000000000000e+00
 0.000000000000000000e+00
 0.000000000000000000e+00
 0.000000000000000000e+00
 0.000000000000000000e+00
 0.000000000000000000e+00
 0.000000000000000000e+00
 0.000000000000000000e+00
 0.000000000000000000e+00
 0.000000000000000000e+00
 0.000000000000000000e+00
 0.000000000000000000e+00
 0.000000000000000000e+00
 0.000000000000000000e+00
 0.000000000000000000e+00
 0.000000000000000000e+00
 0.000000000000000000e+00
 0.000000000000000000e+00
 0.000000000000000000e+00
 0.000000000000000000e+00
 0.000000000000000000e+00
 0.000000000000000000e+00
 0.000000000000000000e+00
 0.000000000000000000e+00
 0.000000000000000000e+00
 0.000000000000000000e+00
 0.000000000000000000e+00
 0.000000000000000000e+00
 0.000000000000000000e+00
 0.000000000000000000e+00
 0.000000000000000000e+00
 0.000000000000000000e+00
 0.000000000000000000e+00
 0.000000000000000000e+00
 0.000000000000000000e+00
 0.000000000000000000e+00
 0.000000000000000000e+00
 0.000000000000000000e+00
 0.000000000000000000e+00
 0.000000000000000000e+00
 0.000000000000000000e+00
 0.000000000000000000e+00
 0.000000000000000000e+00
 0.000000000000000000e+00
 0.000000000000000000e+00
 0.000000000000000000e+00
 0.000000000000000000e+00
 0.000000000000000000e+00
 0.000000000000000000e+00
 0.000000000000000000e+00
 0.000000000000000000e+00
 0.000000000000000000e+00
 0.000000000000000000e+00
 0.000000000000000000e+00
 0.000000000000000000e+00
 0.000000000000000000e+00
 0.000000000000000000e+00
 0.000000000000000000e+00
 0.000000000000000000e+00
 0.000000000000000000e+00
 0.000000000000000000e+00
 0.000000000000000000e+00
 0.000000000000000000e+00
 0.000000000000000000e+00
 0.000000000000000000e+00
 0.000000000000000000e+00
 0.000000000000000000e+00
 0.000000000000000000e+00
 0.000000000000000000e+00
 0.000000000000000000e+00
 0.000000000000000000e+00
 0.000000000000000000e+00
 0.000000000000000000e+00
 0.000000000000000000e+00
 0.000000000000000000e+00
 0.000000000000000000e+00
 0.000000000000000000e+00
 0.000000000000000000e+00
 0.000000000000000000e+00
 0.000000000000000000e+00
 0.000000000000000000e+00
 0.000000000000000000e+00
 0.000000000000000000e+00
 0.000000000000000000e+00
 0.000000000000000000e+00
 0.000000000000000000e+00
 0.000000000000000000e+00
 0.000000000000000000e+00
 0.000000000000000000e+00
 0.000000000000000000e+00
 0.000000000000000000e+00
 0.000000000000000000e+00
 0.000000000000000000e+00
 0.000000000000000000e+00
 0.000000000000000000e+00
 0.000000000000000000e+00
 0.000000000000000000e+00
 0.000000000000000000e+00
 0.000000000000000000e+00
 0.000000000000000000e+00
 0.000000000000000000e+00
 0.000000000000000000e+00
 0.000000000000000000e+00
 0.000000000000000000e+00
 0.000000000000000000e+00
 0.000000000000000000e+00
 0.000000000000000000e+00
 0.000000000000000000e+00
 0.000000000000000000e+00
 0.000000000000000000e+00
 0.000000000000000000e+00
 0.000000000000000000e+00
 0.000000000000000000e+00
 0.000000000000000000e+00
 0.000000000000000000e+00
 0.000000000000000000e+00
 0.000000000000000000e+00
 0.000000000000000000e+00
 0.000000000000000000e+00
 0.000000000000000000e+00
 0.000000000000000000e+00
 0.000000000000000000e+00
 0.000000000000000000e+00
 0.000000000000000000e+00
 0.000000000000000000e+00
 0.000000000000000000e+00
 0.000000000000000000e+00
 0.000000000000000000e+00
 0.000000000000000000e+00
 0.000000000000000000e+00
 0.000000000000000000e+00
 0.000000000000000000e+00
 0.000000000000000000e+00
 0.000000000000000000e+00
 0.000000000000000000e+00
 0.000000000000000000e+00
 0.000000000000000000e+00
 0.000000000000000000e+00
 0.000000000000000000e+00
 0.000000000000000000e+00
 0.000000000000000000e+00
 0.000000000000000000e+00
 0.000000000000000000e+00
 0.000000000000000000e+00
 0.000000000000000000e+00
 0.000000000000000000e+00
 0.000000000000000000e+00
 0.000000000000000000e+00
 0.000000000000000000e+00
 0.000000000000000000e+00
 0.000000000000000000e+00
 0.000000000000000000e+00
 0.000000000000000000e+00
 0.000000000000000000e+00
 0.000000000000000000e+00
 0.000000000000000000e+00
 0.000000000000000000e+00
 0.000000000000000000e+00
 0.000000000000000000e+00
 0.000000000000000000e+00
 0.000000000000000000e+00
 0.000000000000000000e+00
 0.000000000000000000e+00
 0.000000000000000000e+00
 0.000000000000000000e+00
 0.000000000000000000e+00
 0.000000000000000000e+00
 0.000000000000000000e+00
 0.000000000000000000e+00
 0.000000000000000000e+00
 0.000000000000000000e+00
 0.000000000000000000e+00
 0.000000000000000000e+00
 0.000000000000000000e+00
 0.000000000000000000e+00
 0.000000000000000000e+00
 0.000000000000000000e+00
 0.000000000000000000e+00
 0.000000000000000000e+00
 0.000000000000000000e+00
 0.000000000000000000e+00
 0.000000000000000000e+00
 0.000000000000000000e+00
 0.000000000000000000e+00
 0.000000000000000000e+00
 0.000000000000000000e+00
 0.000000000000000000e+00
 0.000000000000000000e+00
 0.000000000000000000e+00
 0.000000000000000000e+00
 0.000000000000000000e+00
 0.000000000000000000e+00
 0.000000000000000000e+00
 0.000000000000000000e+00
 0.000000000000000000e+00
 0.000000000000000000e+00
 0.000000000000000000e+00
 0.000000000000000000e+00
 0.000000000000000000e+00
 0.000000000000000000e+00
 0.000000000000000000e+00
 0.000000000000000000e+00
 0.000000000000000000e+00
 0.000000000000000000e+00
 0.000000000000000000e+00
 0.000000000000000000e+00
 0.000000000000000000e+00
 0.000000000000000000e+00
 0.000000000000000000e+00
 0.000000000000000000e+00
 0.000000000000000000e+00
 0.000000000000000000e+00
 0.000000000000000000e+00
 0.000000000000000000e+00
 0.000000000000000000e+00
 0.000000000000000000e+00
 0.000000000000000000e+00
 0.000000000000000000e+00
 0.000000000000000000e+00
 0.000000000000000000e+00
 0.000000000000000000e+00
 0.000000000000000000e+00
 0.000000000000000000e+00
 0.000000000000000000e+00
 0.000000000000000000e+00
 0.000000000000000000e+00
 0.000000000000000000e+00
 0.000000000000000000e+00
 0.000000000000000000e+00
 0.000000000000000000e+00
 0.000000000000000000e+00
 0.000000000000000000e+00
 0.000000000000000000e+00
 0.000000000000000000e+00
 0.000000000000000000e+00
 0.000000000000000000e+00
 0.000000000000000000e+00
 0.000000000000000000e+00
 0.000000000000000000e+00
 0.000000000000000000e+00
 0.000000000000000000e+00
 0.000000000000000000e+00
 0.000000000000000000e+00
 0.000000000000000000e+00
 0.000000000000000000e+00
 0.000000000000000000e+00
 0.000000000000000000e+00
 0.000000000000000000e+00
 0.000000000000000000e+00
 0.000000000000000000e+00
 0.000000000000000000e+00
 0.000000000000000000e+00
 0.000000000000000000e+00
 0.000000000000000000e+00
 0.000000000000000000e+00
 0.000000000000000000e+00
 0.000000000000000000e+00
 0.000000000000000000e+00
 0.000000000000000000e+00
 0.000000000000000000e+00
 0.000000000000000000e+00
 0.000000000000000000e+00
 0.000000000000000000e+00
 0.000000000000000000e+00
 0.000000000000000000e+00
 0.000000000000000000e+00
 0.000000000000000000e+00
 0.000000000000000000e+00
 0.000000000000000000e+00
 0.000000000000000000e+00
 0.000000000000000000e+00
 0.000000000000000000e+00
 0.000000000000000000e+00
 0.000000000000000000e+00
 0.000000000000000000e+00
 0.000000000000000000e+00
 0.000000000000000000e+00
 0.000000000000000000e+00
 0.000000000000000000e+00
 0.000000000000000000e+00
 0.000000000000000000e+00
 0.000000000000000000e+00
 0.000000000000000000e+00
 0.000000000000000000e+00
 0.000000000000000000e+00
 0.000000000000000000e+00
 0.000000000000000000e+00
 0.000000000000000000e+00
 0.000000000000000000e+00
 0.000000000000000000e+00
 0.000000000000000000e+00
 0.000000000000000000e+00
 0.000000000000000000e+00
 0.000000000000000000e+00
 0.000000000000000000e+00
 0.000000000000000000e+00
 0.000000000000000000e+00
 0.000000000000000000e+00
 0.000000000000000000e+00
 0.000000000000000000e+00
 0.000000000000000000e+00
 0.000000000000000000e+00
 0.000000000000000000e+00
 0.000000000000000000e+00
 0.000000000000000000e+00
 0.000000000000000000e+00
 0.000000000000000000e+00
 0.000000000000000000e+00
 0.000000000000000000e+00
 0.000000000000000000e+00
 0.000000000000000000e+00
 0.000000000000000000e+00
 0.000000000000000000e+00
 0.000000000000000000e+00
 0.000000000000000000e+00
 0.000000000000000000e+00
 0.000000000000000000e+00
 0.000000000000000000e+00
 0.000000000000000000e+00
 0.000000000000000000e+00
 0.000000000000000000e+00
 0.000000000000000000e+00
 0.000000000000000000e+00
 0.000000000000000000e+00
 0.000000000000000000e+00
 0.000000000000000000e+00
 0.000000000000000000e+00
 0.000000000000000000e+00
 0.000000000000000000e+00
 0.000000000000000000e+00
 0.000000000000000000e+00
 0.000000000000000000e+00
 0.000000000000000000e+00
 0.000000000000000000e+00
 0.000000000000000000e+00
 0.000000000000000000e+00
 0.000000000000000000e+00
 0.000000000000000000e+00
 0.000000000000000000e+00
 0.000000000000000000e+00
 0.000000000000000000e+00
 0.000000000000000000e+00
 0.000000000000000000e+00
 0.000000000000000000e+00
 0.000000000000000000e+00
 0.000000000000000000e+00
 0.000000000000000000e+00
 0.000000000000000000e+00
 0.000000000000000000e+00
 0.000000000000000000e+00
 0.000000000000000000e+00
 0.000000000000000000e+00
 0.000000000000000000e+00
 0.000000000000000000e+00
 </DataArray>
 <DataArray Name="massf[5]-NO" type="Float32" NumberOfComponents="1" format="ascii">
 0.000000000000000000e+00
 0.000000000000000000e+00
 0.000000000000000000e+00
 0.000000000000000000e+00
 0.000000000000000000e+00
 0.000000000000000000e+00
 0.000000000000000000e+00
 0.000000000000000000e+00
 0.000000000000000000e+00
 0.000000000000000000e+00
 0.000000000000000000e+00
 0.000000000000000000e+00
 0.000000000000000000e+00
 0.000000000000000000e+00
 0.000000000000000000e+00
 0.000000000000000000e+00
 0.000000000000000000e+00
 0.000000000000000000e+00
 0.000000000000000000e+00
 0.000000000000000000e+00
 0.000000000000000000e+00
 0.000000000000000000e+00
 0.000000000000000000e+00
 0.000000000000000000e+00
 0.000000000000000000e+00
 0.000000000000000000e+00
 0.000000000000000000e+00
 0.000000000000000000e+00
 0.000000000000000000e+00
 0.000000000000000000e+00
 0.000000000000000000e+00
 0.000000000000000000e+00
 0.000000000000000000e+00
 0.000000000000000000e+00
 0.000000000000000000e+00
 0.000000000000000000e+00
 0.000000000000000000e+00
 0.000000000000000000e+00
 0.000000000000000000e+00
 0.000000000000000000e+00
 0.000000000000000000e+00
 0.000000000000000000e+00
 0.000000000000000000e+00
 0.000000000000000000e+00
 0.000000000000000000e+00
 0.000000000000000000e+00
 0.000000000000000000e+00
 0.000000000000000000e+00
 0.000000000000000000e+00
 0.000000000000000000e+00
 0.000000000000000000e+00
 0.000000000000000000e+00
 0.000000000000000000e+00
 0.000000000000000000e+00
 0.000000000000000000e+00
 0.000000000000000000e+00
 0.000000000000000000e+00
 0.000000000000000000e+00
 0.000000000000000000e+00
 0.000000000000000000e+00
 0.000000000000000000e+00
 0.000000000000000000e+00
 0.000000000000000000e+00
 0.000000000000000000e+00
 0.000000000000000000e+00
 0.000000000000000000e+00
 0.000000000000000000e+00
 0.000000000000000000e+00
 0.000000000000000000e+00
 0.000000000000000000e+00
 0.000000000000000000e+00
 0.000000000000000000e+00
 0.000000000000000000e+00
 0.000000000000000000e+00
 0.000000000000000000e+00
 0.000000000000000000e+00
 0.000000000000000000e+00
 0.000000000000000000e+00
 0.000000000000000000e+00
 0.000000000000000000e+00
 0.000000000000000000e+00
 0.000000000000000000e+00
 0.000000000000000000e+00
 0.000000000000000000e+00
 0.000000000000000000e+00
 0.000000000000000000e+00
 0.000000000000000000e+00
 0.000000000000000000e+00
 0.000000000000000000e+00
 0.000000000000000000e+00
 0.000000000000000000e+00
 0.000000000000000000e+00
 0.000000000000000000e+00
 0.000000000000000000e+00
 0.000000000000000000e+00
 0.000000000000000000e+00
 0.000000000000000000e+00
 0.000000000000000000e+00
 0.000000000000000000e+00
 0.000000000000000000e+00
 0.000000000000000000e+00
 0.000000000000000000e+00
 0.000000000000000000e+00
 0.000000000000000000e+00
 0.000000000000000000e+00
 0.000000000000000000e+00
 0.000000000000000000e+00
 0.000000000000000000e+00
 0.000000000000000000e+00
 0.000000000000000000e+00
 0.000000000000000000e+00
 0.000000000000000000e+00
 0.000000000000000000e+00
 0.000000000000000000e+00
 0.000000000000000000e+00
 0.000000000000000000e+00
 0.000000000000000000e+00
 0.000000000000000000e+00
 0.000000000000000000e+00
 0.000000000000000000e+00
 0.000000000000000000e+00
 0.000000000000000000e+00
 0.000000000000000000e+00
 0.000000000000000000e+00
 0.000000000000000000e+00
 0.000000000000000000e+00
 0.000000000000000000e+00
 0.000000000000000000e+00
 0.000000000000000000e+00
 0.000000000000000000e+00
 0.000000000000000000e+00
 0.000000000000000000e+00
 0.000000000000000000e+00
 0.000000000000000000e+00
 0.000000000000000000e+00
 0.000000000000000000e+00
 0.000000000000000000e+00
 0.000000000000000000e+00
 0.000000000000000000e+00
 0.000000000000000000e+00
 0.000000000000000000e+00
 0.000000000000000000e+00
 0.000000000000000000e+00
 0.000000000000000000e+00
 0.000000000000000000e+00
 0.000000000000000000e+00
 0.000000000000000000e+00
 0.000000000000000000e+00
 0.000000000000000000e+00
 0.000000000000000000e+00
 0.000000000000000000e+00
 0.000000000000000000e+00
 0.000000000000000000e+00
 0.000000000000000000e+00
 0.000000000000000000e+00
 0.000000000000000000e+00
 0.000000000000000000e+00
 0.000000000000000000e+00
 0.000000000000000000e+00
 0.000000000000000000e+00
 0.000000000000000000e+00
 0.000000000000000000e+00
 0.000000000000000000e+00
 0.000000000000000000e+00
 0.000000000000000000e+00
 0.000000000000000000e+00
 0.000000000000000000e+00
 0.000000000000000000e+00
 0.000000000000000000e+00
 0.000000000000000000e+00
 0.000000000000000000e+00
 0.000000000000000000e+00
 0.000000000000000000e+00
 0.000000000000000000e+00
 0.000000000000000000e+00
 0.000000000000000000e+00
 0.000000000000000000e+00
 0.000000000000000000e+00
 0.000000000000000000e+00
 0.000000000000000000e+00
 0.000000000000000000e+00
 0.000000000000000000e+00
 0.000000000000000000e+00
 0.000000000000000000e+00
 0.000000000000000000e+00
 0.000000000000000000e+00
 0.000000000000000000e+00
 0.000000000000000000e+00
 0.000000000000000000e+00
 0.000000000000000000e+00
 0.000000000000000000e+00
 0.000000000000000000e+00
 0.000000000000000000e+00
 0.000000000000000000e+00
 0.000000000000000000e+00
 0.000000000000000000e+00
 0.000000000000000000e+00
 0.000000000000000000e+00
 0.000000000000000000e+00
 0.000000000000000000e+00
 0.000000000000000000e+00
 0.000000000000000000e+00
 0.000000000000000000e+00
 0.000000000000000000e+00
 0.000000000000000000e+00
 0.000000000000000000e+00
 0.000000000000000000e+00
 0.000000000000000000e+00
 0.000000000000000000e+00
 0.000000000000000000e+00
 0.000000000000000000e+00
 0.000000000000000000e+00
 0.000000000000000000e+00
 0.000000000000000000e+00
 0.000000000000000000e+00
 0.000000000000000000e+00
 0.000000000000000000e+00
 0.000000000000000000e+00
 0.000000000000000000e+00
 0.000000000000000000e+00
 0.000000000000000000e+00
 0.000000000000000000e+00
 0.000000000000000000e+00
 0.000000000000000000e+00
 0.000000000000000000e+00
 0.000000000000000000e+00
 0.000000000000000000e+00
 0.000000000000000000e+00
 0.000000000000000000e+00
 0.000000000000000000e+00
 0.000000000000000000e+00
 0.000000000000000000e+00
 0.000000000000000000e+00
 0.000000000000000000e+00
 0.000000000000000000e+00
 0.000000000000000000e+00
 0.000000000000000000e+00
 0.000000000000000000e+00
 0.000000000000000000e+00
 0.000000000000000000e+00
 0.000000000000000000e+00
 0.000000000000000000e+00
 0.000000000000000000e+00
 0.000000000000000000e+00
 0.000000000000000000e+00
 0.000000000000000000e+00
 0.000000000000000000e+00
 0.000000000000000000e+00
 0.000000000000000000e+00
 0.000000000000000000e+00
 0.000000000000000000e+00
 0.000000000000000000e+00
 0.000000000000000000e+00
 0.000000000000000000e+00
 0.000000000000000000e+00
 0.000000000000000000e+00
 0.000000000000000000e+00
 0.000000000000000000e+00
 0.000000000000000000e+00
 0.000000000000000000e+00
 0.000000000000000000e+00
 0.000000000000000000e+00
 0.000000000000000000e+00
 0.000000000000000000e+00
 0.000000000000000000e+00
 0.000000000000000000e+00
 0.000000000000000000e+00
 0.000000000000000000e+00
 0.000000000000000000e+00
 0.000000000000000000e+00
 0.000000000000000000e+00
 0.000000000000000000e+00
 0.000000000000000000e+00
 0.000000000000000000e+00
 0.000000000000000000e+00
 0.000000000000000000e+00
 0.000000000000000000e+00
 0.000000000000000000e+00
 0.000000000000000000e+00
 0.000000000000000000e+00
 0.000000000000000000e+00
 0.000000000000000000e+00
 0.000000000000000000e+00
 0.000000000000000000e+00
 0.000000000000000000e+00
 0.000000000000000000e+00
 0.000000000000000000e+00
 0.000000000000000000e+00
 0.000000000000000000e+00
 0.000000000000000000e+00
 0.000000000000000000e+00
 0.000000000000000000e+00
 0.000000000000000000e+00
 0.000000000000000000e+00
 0.000000000000000000e+00
 0.000000000000000000e+00
 0.000000000000000000e+00
 0.000000000000000000e+00
 0.000000000000000000e+00
 0.000000000000000000e+00
 0.000000000000000000e+00
 0.000000000000000000e+00
 0.000000000000000000e+00
 0.000000000000000000e+00
 0.000000000000000000e+00
 0.000000000000000000e+00
 0.000000000000000000e+00
 0.000000000000000000e+00
 0.000000000000000000e+00
 0.000000000000000000e+00
 0.000000000000000000e+00
 0.000000000000000000e+00
 0.000000000000000000e+00
 0.000000000000000000e+00
 0.000000000000000000e+00
 0.000000000000000000e+00
 0.000000000000000000e+00
 0.000000000000000000e+00
 0.000000000000000000e+00
 0.000000000000000000e+00
 0.000000000000000000e+00
 0.000000000000000000e+00
 0.000000000000000000e+00
 0.000000000000000000e+00
 0.000000000000000000e+00
 0.000000000000000000e+00
 0.000000000000000000e+00
 0.000000000000000000e+00
 0.000000000000000000e+00
 0.000000000000000000e+00
 0.000000000000000000e+00
 0.000000000000000000e+00
 0.000000000000000000e+00
 0.000000000000000000e+00
 0.000000000000000000e+00
 0.000000000000000000e+00
 0.000000000000000000e+00
 0.000000000000000000e+00
 0.000000000000000000e+00
 0.000000000000000000e+00
 0.000000000000000000e+00
 0.000000000000000000e+00
 0.000000000000000000e+00
 0.000000000000000000e+00
 0.000000000000000000e+00
 0.000000000000000000e+00
 0.000000000000000000e+00
 0.000000000000000000e+00
 0.000000000000000000e+00
 0.000000000000000000e+00
 0.000000000000000000e+00
 0.000000000000000000e+00
 0.000000000000000000e+00
 0.000000000000000000e+00
 0.000000000000000000e+00
 0.000000000000000000e+00
 0.000000000000000000e+00
 0.000000000000000000e+00
 0.000000000000000000e+00
 0.000000000000000000e+00
 0.000000000000000000e+00
 0.000000000000000000e+00
 0.000000000000000000e+00
 0.000000000000000000e+00
 0.000000000000000000e+00
 0.000000000000000000e+00
 0.000000000000000000e+00
 0.000000000000000000e+00
 0.000000000000000000e+00
 0.000000000000000000e+00
 0.000000000000000000e+00
 0.000000000000000000e+00
 0.000000000000000000e+00
 0.000000000000000000e+00
 0.000000000000000000e+00
 0.000000000000000000e+00
 0.000000000000000000e+00
 0.000000000000000000e+00
 0.000000000000000000e+00
 0.000000000000000000e+00
 0.000000000000000000e+00
 0.000000000000000000e+00
 0.000000000000000000e+00
 0.000000000000000000e+00
 0.000000000000000000e+00
 0.000000000000000000e+00
 0.000000000000000000e+00
 0.000000000000000000e+00
 0.000000000000000000e+00
 0.000000000000000000e+00
 0.000000000000000000e+00
 0.000000000000000000e+00
 0.000000000000000000e+00
 0.000000000000000000e+00
 0.000000000000000000e+00
 0.000000000000000000e+00
 0.000000000000000000e+00
 0.000000000000000000e+00
 0.000000000000000000e+00
 0.000000000000000000e+00
 0.000000000000000000e+00
 0.000000000000000000e+00
 0.000000000000000000e+00
 0.000000000000000000e+00
 0.000000000000000000e+00
 0.000000000000000000e+00
 0.000000000000000000e+00
 0.000000000000000000e+00
 0.000000000000000000e+00
 0.000000000000000000e+00
 0.000000000000000000e+00
 0.000000000000000000e+00
 0.000000000000000000e+00
 0.000000000000000000e+00
 0.000000000000000000e+00
 0.000000000000000000e+00
 0.000000000000000000e+00
 0.000000000000000000e+00
 0.000000000000000000e+00
 0.000000000000000000e+00
 0.000000000000000000e+00
 0.000000000000000000e+00
 0.000000000000000000e+00
 0.000000000000000000e+00
 0.000000000000000000e+00
 0.000000000000000000e+00
 0.000000000000000000e+00
 0.000000000000000000e+00
 0.000000000000000000e+00
 0.000000000000000000e+00
 0.000000000000000000e+00
 0.000000000000000000e+00
 0.000000000000000000e+00
 0.000000000000000000e+00
 0.000000000000000000e+00
 0.000000000000000000e+00
 0.000000000000000000e+00
 0.000000000000000000e+00
 0.000000000000000000e+00
 0.000000000000000000e+00
 0.000000000000000000e+00
 0.000000000000000000e+00
 0.000000000000000000e+00
 0.000000000000000000e+00
 0.000000000000000000e+00
 0.000000000000000000e+00
 0.000000000000000000e+00
 0.000000000000000000e+00
 0.000000000000000000e+00
 0.000000000000000000e+00
 0.000000000000000000e+00
 0.000000000000000000e+00
 0.000000000000000000e+00
 0.000000000000000000e+00
 0.000000000000000000e+00
 0.000000000000000000e+00
 0.000000000000000000e+00
 0.000000000000000000e+00
 0.000000000000000000e+00
 0.000000000000000000e+00
 0.000000000000000000e+00
 0.000000000000000000e+00
 0.000000000000000000e+00
 0.000000000000000000e+00
 0.000000000000000000e+00
 0.000000000000000000e+00
 0.000000000000000000e+00
 0.000000000000000000e+00
 0.000000000000000000e+00
 0.000000000000000000e+00
 0.000000000000000000e+00
 0.000000000000000000e+00
 0.000000000000000000e+00
 0.000000000000000000e+00
 0.000000000000000000e+00
 0.000000000000000000e+00
 0.000000000000000000e+00
 0.000000000000000000e+00
 0.000000000000000000e+00
 0.000000000000000000e+00
 0.000000000000000000e+00
 0.000000000000000000e+00
 0.000000000000000000e+00
 0.000000000000000000e+00
 0.000000000000000000e+00
 0.000000000000000000e+00
 0.000000000000000000e+00
 0.000000000000000000e+00
 0.000000000000000000e+00
 0.000000000000000000e+00
 0.000000000000000000e+00
 0.000000000000000000e+00
 0.000000000000000000e+00
 0.000000000000000000e+00
 0.000000000000000000e+00
 0.000000000000000000e+00
 0.000000000000000000e+00
 0.000000000000000000e+00
 0.000000000000000000e+00
 0.000000000000000000e+00
 </DataArray>
 <DataArray Name="dt_chem" type="Float32" NumberOfComponents="1" format="ascii">
 7.016326422557457350e-06
 7.016326422557457350e-06
 7.016326422557457350e-06
 7.016326422557457350e-06
 7.016326422557457350e-06
 7.016326422557457350e-06
 7.016326422557457350e-06
 7.016326422557457350e-06
 7.016326422557457350e-06
 7.016326422557457350e-06
 7.016326422557457350e-06
 7.016326422557457350e-06
 7.016326422557457350e-06
 7.016326422557457350e-06
 7.016326422557457350e-06
 7.016326422557457350e-06
 7.016326422557457350e-06
 7.016326422557457350e-06
 7.016326422557457350e-06
 7.016326422557457350e-06
 7.016326422557457350e-06
 7.016326422557457350e-06
 7.016326422557457350e-06
 7.016326422557457350e-06
 7.016326422557457350e-06
 7.016326422557457350e-06
 7.016326422557457350e-06
 7.016326422557457350e-06
 7.016326422557457350e-06
 7.016326422557457350e-06
 7.016326422557457350e-06
 7.016326422557457350e-06
 7.016326422557457350e-06
 7.016326422557457350e-06
 7.016326422557457350e-06
 7.016326422557457350e-06
 7.016326422557457350e-06
 7.016326422557457350e-06
 7.016326422557457350e-06
 7.016326422557457350e-06
 7.016326422557457350e-06
 7.016326422557457350e-06
 7.016326422557457350e-06
 7.016326422557457350e-06
 7.016326422557457350e-06
 7.016326422557457350e-06
 7.016326422557457350e-06
 7.016326422557457350e-06
 7.016326422557457350e-06
 7.016326422557457350e-06
 7.016326422557457350e-06
 7.016326422557457350e-06
 7.016326422557457350e-06
 7.016326422557457350e-06
 7.016326422557457350e-06
 7.016326422557457350e-06
 7.016326422557457350e-06
 7.016326422557457350e-06
 7.016326422557457350e-06
 7.016326422557457350e-06
 7.016326422557457350e-06
 7.016326422557457350e-06
 7.016326422557457350e-06
 7.016326422557457350e-06
 7.016326422557457350e-06
 7.016326422557457350e-06
 7.016326422557457350e-06
 7.016326422557457350e-06
 7.016326422557457350e-06
 7.016326422557457350e-06
 7.016326422557457350e-06
 7.016326422557457350e-06
 7.016326422557457350e-06
 7.016326422557457350e-06
 7.016326422557457350e-06
 7.016326422557457350e-06
 7.016326422557457350e-06
 7.016326422557457350e-06
 7.016326422557457350e-06
 7.016326422557457350e-06
 7.016326422557457350e-06
 7.016326422557457350e-06
 7.016326422557457350e-06
 7.016326422557457350e-06
 7.016326422557457350e-06
 7.016326422557457350e-06
 7.016326422557457350e-06
 7.016326422557457350e-06
 7.016326422557457350e-06
 7.016326422557457350e-06
 7.016326422557457350e-06
 7.016326422557457350e-06
 7.016326422557457350e-06
 7.016326422557457350e-06
 7.016326422557457350e-06
 7.016326422557457350e-06
 7.016326422557457350e-06
 7.016326422557457350e-06
 7.016326422557457350e-06
 7.016326422557457350e-06
 7.016326422557457350e-06
 7.016326422557457350e-06
 7.016326422557457350e-06
 7.016326422557457350e-06
 7.016326422557457350e-06
 7.016326422557457350e-06
 7.016326422557457350e-06
 7.016326422557457350e-06
 7.016326422557457350e-06
 7.016326422557457350e-06
 7.016326422557457350e-06
 7.016326422557457350e-06
 7.016326422557457350e-06
 7.016326422557457350e-06
 7.016326422557457350e-06
 7.016326422557457350e-06
 7.016326422557457350e-06
 7.016326422557457350e-06
 7.016326422557457350e-06
 7.016326422557457350e-06
 7.016326422557457350e-06
 7.016326422557457350e-06
 7.016326422557457350e-06
 7.016326422557457350e-06
 7.016326422557457350e-06
 7.016326422557457350e-06
 7.016326422557457350e-06
 7.016326422557457350e-06
 7.016326422557457350e-06
 7.016326422557457350e-06
 7.016326422557457350e-06
 7.016326422557457350e-06
 7.016326422557457350e-06
 7.016326422557457350e-06
 7.016326422557457350e-06
 7.016326422557457350e-06
 7.016326422557457350e-06
 7.016326422557457350e-06
 7.016326422557457350e-06
 7.016326422557457350e-06
 7.016326422557457350e-06
 7.016326422557457350e-06
 7.016326422557457350e-06
 7.016326422557457350e-06
 7.016326422557457350e-06
 7.016326422557457350e-06
 7.016326422557457350e-06
 7.016326422557457350e-06
 7.016326422557457350e-06
 7.016326422557457350e-06
 7.016326422557457350e-06
 7.016326422557457350e-06
 7.016326422557457350e-06
 7.016326422557457350e-06
 7.016326422557457350e-06
 7.016326422557457350e-06
 7.016326422557457350e-06
 7.016326422557457350e-06
 7.016326422557457350e-06
 7.016326422557457350e-06
 7.016326422557457350e-06
 7.016326422557457350e-06
 7.016326422557457350e-06
 7.016326422557457350e-06
 7.016326422557457350e-06
 7.016326422557457350e-06
 7.016326422557457350e-06
 7.016326422557457350e-06
 7.016326422557457350e-06
 7.016326422557457350e-06
 7.016326422557457350e-06
 7.016326422557457350e-06
 7.016326422557457350e-06
 7.016326422557457350e-06
 7.016326422557457350e-06
 7.016326422557457350e-06
 7.016326422557457350e-06
 7.016326422557457350e-06
 7.016326422557457350e-06
 7.016326422557457350e-06
 7.016326422557457350e-06
 7.016326422557457350e-06
 7.016326422557457350e-06
 7.016326422557457350e-06
 7.016326422557457350e-06
 7.016326422557457350e-06
 7.016326422557457350e-06
 7.016326422557457350e-06
 7.016326422557457350e-06
 7.016326422557457350e-06
 7.016326422557457350e-06
 7.016326422557457350e-06
 7.016326422557457350e-06
 7.016326422557457350e-06
 7.016326422557457350e-06
 7.016326422557457350e-06
 7.016326422557457350e-06
 7.016326422557457350e-06
 7.016326422557457350e-06
 7.016326422557457350e-06
 7.016326422557457350e-06
 7.016326422557457350e-06
 7.016326422557457350e-06
 7.016326422557457350e-06
 7.016326422557457350e-06
 7.016326422557457350e-06
 7.016326422557457350e-06
 7.016326422557457350e-06
 7.016326422557457350e-06
 7.016326422557457350e-06
 7.016326422557457350e-06
 7.016326422557457350e-06
 7.016326422557457350e-06
 7.016326422557457350e-06
 7.016326422557457350e-06
 7.016326422557457350e-06
 7.016326422557457350e-06
 7.016326422557457350e-06
 7.016326422557457350e-06
 7.016326422557457350e-06
 7.016326422557457350e-06
 7.016326422557457350e-06
 7.016326422557457350e-06
 7.016326422557457350e-06
 7.016326422557457350e-06
 7.016326422557457350e-06
 7.016326422557457350e-06
 7.016326422557457350e-06
 7.016326422557457350e-06
 7.016326422557457350e-06
 7.016326422557457350e-06
 7.016326422557457350e-06
 7.016326422557457350e-06
 7.016326422557457350e-06
 7.016326422557457350e-06
 7.016326422557457350e-06
 7.016326422557457350e-06
 7.016326422557457350e-06
 7.016326422557457350e-06
 7.016326422557457350e-06
 7.016326422557457350e-06
 7.016326422557457350e-06
 7.016326422557457350e-06
 7.016326422557457350e-06
 7.016326422557457350e-06
 7.016326422557457350e-06
 7.016326422557457350e-06
 7.016326422557457350e-06
 7.016326422557457350e-06
 7.016326422557457350e-06
 7.016326422557457350e-06
 7.016326422557457350e-06
 7.016326422557457350e-06
 7.016326422557457350e-06
 7.016326422557457350e-06
 7.016326422557457350e-06
 7.016326422557457350e-06
 7.016326422557457350e-06
 7.016326422557457350e-06
 7.016326422557457350e-06
 7.016326422557457350e-06
 7.016326422557457350e-06
 7.016326422557457350e-06
 7.016326422557457350e-06
 7.016326422557457350e-06
 7.016326422557457350e-06
 7.016326422557457350e-06
 7.016326422557457350e-06
 7.016326422557457350e-06
 7.016326422557457350e-06
 7.016326422557457350e-06
 7.016326422557457350e-06
 7.016326422557457350e-06
 7.016326422557457350e-06
 7.016326422557457350e-06
 7.016326422557457350e-06
 7.016326422557457350e-06
 7.016326422557457350e-06
 7.016326422557457350e-06
 7.016326422557457350e-06
 7.016326422557457350e-06
 7.016326422557457350e-06
 7.016326422557457350e-06
 7.016326422557457350e-06
 7.016326422557457350e-06
 7.016326422557457350e-06
 7.016326422557457350e-06
 7.016326422557457350e-06
 7.016326422557457350e-06
 7.016326422557457350e-06
 7.016326422557457350e-06
 7.016326422557457350e-06
 7.016326422557457350e-06
 7.016326422557457350e-06
 7.016326422557457350e-06
 7.016326422557457350e-06
 7.016326422557457350e-06
 7.016326422557457350e-06
 7.016326422557457350e-06
 7.016326422557457350e-06
 7.016326422557457350e-06
 7.016326422557457350e-06
 7.016326422557457350e-06
 7.016326422557457350e-06
 7.016326422557457350e-06
 7.016326422557457350e-06
 7.016326422557457350e-06
 7.016326422557457350e-06
 7.016326422557457350e-06
 7.016326422557457350e-06
 7.016326422557457350e-06
 7.016326422557457350e-06
 7.016326422557457350e-06
 7.016326422557457350e-06
 7.016326422557457350e-06
 7.016326422557457350e-06
 7.016326422557457350e-06
 7.016326422557457350e-06
 7.016326422557457350e-06
 7.016326422557457350e-06
 7.016326422557457350e-06
 7.016326422557457350e-06
 7.016326422557457350e-06
 7.016326422557457350e-06
 7.016326422557457350e-06
 7.016326422557457350e-06
 7.016326422557457350e-06
 7.016326422557457350e-06
 7.016326422557457350e-06
 7.016326422557457350e-06
 7.016326422557457350e-06
 7.016326422557457350e-06
 7.016326422557457350e-06
 7.016326422557457350e-06
 7.016326422557457350e-06
 7.016326422557457350e-06
 7.016326422557457350e-06
 7.016326422557457350e-06
 7.016326422557457350e-06
 7.016326422557457350e-06
 7.016326422557457350e-06
 7.016326422557457350e-06
 7.016326422557457350e-06
 7.016326422557457350e-06
 7.016326422557457350e-06
 7.016326422557457350e-06
 7.016326422557457350e-06
 7.016326422557457350e-06
 7.016326422557457350e-06
 7.016326422557457350e-06
 7.016326422557457350e-06
 7.016326422557457350e-06
 7.016326422557457350e-06
 7.016326422557457350e-06
 7.016326422557457350e-06
 7.016326422557457350e-06
 7.016326422557457350e-06
 7.016326422557457350e-06
 7.016326422557457350e-06
 7.016326422557457350e-06
 7.016326422557457350e-06
 7.016326422557457350e-06
 7.016326422557457350e-06
 7.016326422557457350e-06
 7.016326422557457350e-06
 7.016326422557457350e-06
 7.016326422557457350e-06
 7.016326422557457350e-06
 7.016326422557457350e-06
 7.016326422557457350e-06
 7.016326422557457350e-06
 7.016326422557457350e-06
 7.016326422557457350e-06
 7.016326422557457350e-06
 7.016326422557457350e-06
 7.016326422557457350e-06
 7.016326422557457350e-06
 7.016326422557457350e-06
 7.016326422557457350e-06
 7.016326422557457350e-06
 7.016326422557457350e-06
 7.016326422557457350e-06
 7.016326422557457350e-06
 7.016326422557457350e-06
 7.016326422557457350e-06
 7.016326422557457350e-06
 7.016326422557457350e-06
 7.016326422557457350e-06
 7.016326422557457350e-06
 7.016326422557457350e-06
 7.016326422557457350e-06
 7.016326422557457350e-06
 7.016326422557457350e-06
 7.016326422557457350e-06
 7.016326422557457350e-06
 7.016326422557457350e-06
 7.016326422557457350e-06
 7.016326422557457350e-06
 7.016326422557457350e-06
 7.016326422557457350e-06
 7.016326422557457350e-06
 7.016326422557457350e-06
 7.016326422557457350e-06
 7.016326422557457350e-06
 7.016326422557457350e-06
 7.016326422557457350e-06
 7.016326422557457350e-06
 7.016326422557457350e-06
 7.016326422557457350e-06
 7.016326422557457350e-06
 7.016326422557457350e-06
 7.016326422557457350e-06
 7.016326422557457350e-06
 7.016326422557457350e-06
 7.016326422557457350e-06
 7.016326422557457350e-06
 7.016326422557457350e-06
 7.016326422557457350e-06
 7.016326422557457350e-06
 7.016326422557457350e-06
 7.016326422557457350e-06
 7.016326422557457350e-06
 7.016326422557457350e-06
 7.016326422557457350e-06
 7.016326422557457350e-06
 7.016326422557457350e-06
 7.016326422557457350e-06
 7.016326422557457350e-06
 7.016326422557457350e-06
 7.016326422557457350e-06
 7.016326422557457350e-06
 7.016326422557457350e-06
 7.016326422557457350e-06
 7.016326422557457350e-06
 7.016326422557457350e-06
 7.016326422557457350e-06
 7.016326422557457350e-06
 7.016326422557457350e-06
 7.016326422557457350e-06
 7.016326422557457350e-06
 7.016326422557457350e-06
 7.016326422557457350e-06
 7.016326422557457350e-06
 7.016326422557457350e-06
 7.016326422557457350e-06
 7.016326422557457350e-06
 7.016326422557457350e-06
 7.016326422557457350e-06
 7.016326422557457350e-06
 7.016326422557457350e-06
 7.016326422557457350e-06
 7.016326422557457350e-06
 7.016326422557457350e-06
 7.016326422557457350e-06
 7.016326422557457350e-06
 7.016326422557457350e-06
 7.016326422557457350e-06
 7.016326422557457350e-06
 7.016326422557457350e-06
 7.016326422557457350e-06
 7.016326422557457350e-06
 7.016326422557457350e-06
 7.016326422557457350e-06
 7.016326422557457350e-06
 7.016326422557457350e-06
 7.016326422557457350e-06
 7.016326422557457350e-06
 7.016326422557457350e-06
 7.016326422557457350e-06
 7.016326422557457350e-06
 7.016326422557457350e-06
 7.016326422557457350e-06
 7.016326422557457350e-06
 7.016326422557457350e-06
 7.016326422557457350e-06
 7.016326422557457350e-06
 7.016326422557457350e-06
 7.016326422557457350e-06
 7.016326422557457350e-06
 7.016326422557457350e-06
 7.016326422557457350e-06
 7.016326422557457350e-06
 7.016326422557457350e-06
 7.016326422557457350e-06
 7.016326422557457350e-06
 7.016326422557457350e-06
 7.016326422557457350e-06
 7.016326422557457350e-06
 7.016326422557457350e-06
 7.016326422557457350e-06
 7.016326422557457350e-06
 7.016326422557457350e-06
 7.016326422557457350e-06
 7.016326422557457350e-06
 7.016326422557457350e-06
 7.016326422557457350e-06
 7.016326422557457350e-06
 7.016326422557457350e-06
 7.016326422557457350e-06
 7.016326422557457350e-06
 </DataArray>
 <DataArray Name="u" type="Float32" NumberOfComponents="1" format="ascii">
 -3.172270690982005326e+05
 -3.182848512879203772e+05
 -3.193628762987850932e+05
 -3.204591121072638780e+05
 -3.215715437584636966e+05
 -3.226982133468034444e+05
 -3.238372536629035603e+05
 -3.249869148136054864e+05
 -3.261455835965832230e+05
 -3.273117958300013561e+05
 -3.284842421817382565e+05
 -3.296617682998076780e+05
 -3.308433702115027700e+05
 -3.320281860360809369e+05
 -3.332154850535991136e+05
 -3.344046551049039699e+05
 -3.355951891820918536e+05
 -3.367866719232499599e+05
 -3.379787665674381424e+05
 -3.391712027701833285e+05
 -3.403637655376016628e+05
 -3.415562854155831737e+05
 -3.427486299730270403e+05
 -3.439406965451400029e+05
 -3.451324061526953010e+05
 -3.463236984825932886e+05
 -3.475145278003242565e+05
 -3.487048596619759919e+05
 -3.498946682988080429e+05
 -3.510839345579106594e+05
 -3.522726442957879044e+05
 -3.534607871359757846e+05
 -3.546483555158538511e+05
 -3.558353439607762266e+05
 -3.570217485352513613e+05
 -3.582075664308377309e+05
 -3.593927956587835215e+05
 -3.605774348223544657e+05
 -3.617614829493293073e+05
 -3.629449393696530024e+05
 -3.641278036267198622e+05
 -3.653100754135333700e+05
 -3.664917545271241106e+05
 -3.676728408362786286e+05
 -3.688533342588617234e+05
 -3.700332347460066667e+05
 -3.712125422711855499e+05
 -3.723912568226882722e+05
 -3.735693783984832698e+05
 -3.747469070027107373e+05
 -3.759238426432975102e+05
 -3.771001853303438984e+05
 -3.782759350750150625e+05
 -3.794510918888002634e+05
 -3.806256557830114616e+05
 -3.817996267684523482e+05
 -3.829730048552085645e+05
 -3.841457900525276782e+05
 -3.853179823687503813e+05
 -3.864895818112961715e+05
 -3.876605883866662625e+05
 -3.888310021004765294e+05
 -3.900008229574920842e+05
 -3.911700509616662748e+05
 -3.923386861161899287e+05
 -3.935067284235263942e+05
 -3.946741778854518197e+05
 -3.958410345030882163e+05
 -3.970072982769295340e+05
 -3.981729692068704171e+05
 -3.993380472922283225e+05
 -4.005025325317649404e+05
 -4.016664249237108743e+05
 -4.028297244657750707e+05
 -4.039924311551763676e+05
 -4.051545449886587448e+05
 -4.063160659625113476e+05
 -4.074769940725896740e+05
 -4.086373293143421179e+05
 -4.097970716828344157e+05
 -4.109562211727650138e+05
 -4.121147777784999926e+05
 -4.132727414940863382e+05
 -4.144301123132837238e+05
 -4.155868902295919834e+05
 -4.167430752362717176e+05
 -4.178986673263738630e+05
 -4.190536664927623933e+05
 -4.202080727281449363e+05
 -4.213618860250955913e+05
 -4.225151063760838006e+05
 -4.236677337734980974e+05
 -4.248197682096801000e+05
 -4.259712096769466298e+05
 -4.271220581676149741e+05
 -4.282723136740368791e+05
 -4.294219761886183405e+05
 -4.305710457038524328e+05
 -4.317195222123474814e+05
 -4.328674057068489492e+05
 -4.340146961802748265e+05
 -4.351613936257404275e+05
 -4.363074980365820229e+05
 -4.374530094063921133e+05
 -4.385979277290423634e+05
 -4.397422529987144517e+05
 -4.408859852099268464e+05
 -4.420291243575669359e+05
 -4.431716704369105864e+05
 -4.443136234436586965e+05
 -4.454549833739617607e+05
 -4.465957502244507195e+05
 -4.477359239922624547e+05
 -4.488755046750681940e+05
 -4.500144922711028485e+05
 -4.511528867791955126e+05
 -4.522906881987894885e+05
 -4.534278965299831470e+05
 -4.545645117735406384e+05
 -4.557005339309346164e+05
 -4.568359630043599755e+05
 -4.579707989967719186e+05
 -4.591050419119035359e+05
 -4.602386917542933952e+05
 -4.613717485293137142e+05
 -4.625042122431888711e+05
 -4.636360829030246241e+05
 -4.647673605168288341e+05
 -4.658980450935285771e+05
 -4.670281366429998307e+05
 -4.681576351760820253e+05
 -4.692865407045974862e+05
 -4.704148532413722714e+05
 -4.715425728002478136e+05
 -4.726696993960995460e+05
 -4.737962330448533176e+05
 -4.749221737634949386e+05
 -4.760475215700804256e+05
 -4.771722764837441500e+05
 -4.782964385247158352e+05
 -4.794200077143150847e+05
 -4.805429840749622090e+05
 -4.816653676301838132e+05
 -4.827871584046062781e+05
 -4.839083564239626285e+05
 -4.850289617150807753e+05
 -4.861489743058906170e+05
 -4.872683942254054127e+05
 -4.883872215037195710e+05
 -4.895054561720036436e+05
 -4.906230982624763856e+05
 -4.917401478084032424e+05
 -4.928566048440746963e+05
 -4.939724694047855446e+05
 -4.950877415268197656e+05
 -4.962024212474223459e+05
 -4.973165086047770455e+05
 -4.984300036379836965e+05
 -4.995429063870195532e+05
 -5.006552168927222956e+05
 -5.017669351967443945e+05
 -5.028780613415268017e+05
 -5.039885953702630941e+05
 -5.050985373268609401e+05
 -5.062078872559026349e+05
 -5.073166452026015613e+05
 -5.084248112127645873e+05
 -5.095323853327466641e+05
 -5.106393676094075199e+05
 -5.117457580900629982e+05
 -5.128515568224373274e+05
 -5.139567638546160888e+05
 -5.150613792349954601e+05
 -5.161654030122328550e+05
 -5.172688352351889480e+05
 -5.183716759528883267e+05
 -5.194739252144517377e+05
 -5.205755830690513831e+05
 -5.216766495658510830e+05
 -5.227771247539622709e+05
 -5.238770086823722813e+05
 -5.249763013999001123e+05
 -5.260750029551431071e+05
 -5.271731133964094333e+05
 -5.282706327716726810e+05
 -5.293675611285194755e+05
 -5.304638985140833538e+05
 -5.315596449749954045e+05
 -5.326548005573332775e+05
 -5.337493653065611143e+05
 -5.348433392674794886e+05
 -5.359367224841776770e+05
 -5.370295149999677669e+05
 -5.381217168573464733e+05
 -5.392133280979369301e+05
 -5.403043487624451518e+05
 -5.413947788906046189e+05
 -5.424846185211355332e+05
 -5.435738676916901022e+05
 -5.446625264388087671e+05
 -5.457505947978803888e+05
 -5.468380728030886967e+05
 -5.479249604873787612e+05
 -5.490112578824069351e+05
 -5.500969650185066275e+05
 -5.511820819246396422e+05
 -5.522666086283656769e+05
 -5.533505451557952911e+05
 -5.544338915315598715e+05
 -5.555166477787685581e+05
 -5.565988139189758804e+05
 -5.576803899721507914e+05
 -5.587613759566349909e+05
 -5.598417718891145196e+05
 -5.609215777845815755e+05
 -5.620007936563177500e+05
 -5.630794195158462971e+05
 -5.641574553729095496e+05
 -5.652349012354407459e+05
 -5.663117571095365565e+05
 -5.673880229994226247e+05
 -5.684636989074377343e+05
 -5.695387848339960910e+05
 -5.706132807775677647e+05
 -5.716871867346556392e+05
 -5.727605026997725945e+05
 -5.738332286654103082e+05
 -5.749053646220234223e+05
 -5.759769105580113828e+05
 -5.770478664596902672e+05
 -5.781182323112781160e+05
 -5.791880080948737450e+05
 -5.802571937904397491e+05
 -5.813257893757901620e+05
 -5.823937948265639134e+05
 -5.834612101162208710e+05
 -5.845280352160229813e+05
 -5.855942700950284488e+05
 -5.866599147200719453e+05
 -5.877249690557655413e+05
 -5.887894330644859001e+05
 -5.898533067063686904e+05
 -5.909165899393092841e+05
 -5.919792827189576346e+05
 -5.930413849987201393e+05
 -5.941028967297598720e+05
 -5.951638178610079922e+05
 -5.962241483391600195e+05
 -5.972838881086986512e+05
 -5.983430371118925977e+05
 -3.172270690982014639e+05
 -3.182848512879221234e+05
 -3.193628762987854425e+05
 -3.204591121072635287e+05
 -3.215715437584619503e+05
 -3.226982133468034444e+05
 -3.238372536629030947e+05
 -3.249869148136059521e+05
 -3.261455835965839215e+05
 -3.273117958300001919e+05
 -3.284842421817381401e+05
 -3.296617682998091914e+05
 -3.308433702115060296e+05
 -3.320281860360815190e+05
 -3.332154850535987644e+05
 -3.344046551049035043e+05
 -3.355951891820918536e+05
 -3.367866719232492615e+05
 -3.379787665674351156e+05
 -3.391712027701803017e+05
 -3.403637655375993345e+05
 -3.415562854155817768e+05
 -3.427486299730266910e+05
 -3.439406965451400029e+05
 -3.451324061526944861e+05
 -3.463236984825913096e+05
 -3.475145278003208805e+05
 -3.487048596619735472e+05
 -3.498946682988073444e+05
 -3.510839345579090295e+05
 -3.522726442957859254e+05
 -3.534607871359749697e+05
 -3.546483555158547824e+05
 -3.558353439607780892e+05
 -3.570217485352528747e+05
 -3.582075664308386622e+05
 -3.593927956587867811e+05
 -3.605774348223559791e+05
 -3.617614829493294237e+05
 -3.629449393696513725e+05
 -3.641278036267197458e+05
 -3.653100754135324387e+05
 -3.664917545271235285e+05
 -3.676728408362796763e+05
 -3.688533342588620726e+05
 -3.700332347460074816e+05
 -3.712125422711854335e+05
 -3.723912568226893200e+05
 -3.735693783984850161e+05
 -3.747469070027106209e+05
 -3.759238426432998385e+05
 -3.771001853303462267e+05
 -3.782759350750185549e+05
 -3.794510918888032902e+05
 -3.806256557830146048e+05
 -3.817996267684542108e+05
 -3.829730048552111257e+05
 -3.841457900525291916e+05
 -3.853179823687513126e+05
 -3.864895818112968700e+05
 -3.876605883866681252e+05
 -3.888310021004790906e+05
 -3.900008229574928991e+05
 -3.911700509616662748e+05
 -3.923386861161903944e+05
 -3.935067284235261614e+05
 -3.946741778854520526e+05
 -3.958410345030870521e+05
 -3.970072982769281371e+05
 -3.981729692068692530e+05
 -3.993380472922287881e+05
 -4.005025325317650568e+05
 -4.016664249237116892e+05
 -4.028297244657762349e+05
 -4.039924311551768333e+05
 -4.051545449886599090e+05
 -4.063160659625105327e+05
 -4.074769940725896740e+05
 -4.086373293143435149e+05
 -4.097970716828353470e+05
 -4.109562211727668764e+05
 -4.121147777785015060e+05
 -4.132727414940882009e+05
 -4.144301123132861685e+05
 -4.155868902295943117e+05
 -4.167430752362745116e+05
 -4.178986673263760749e+05
 -4.190536664927642560e+05
 -4.202080727281455183e+05
 -4.213618860250959406e+05
 -4.225151063760813558e+05
 -4.236677337734982138e+05
 -4.248197682096813805e+05
 -4.259712096769486088e+05
 -4.271220581676176516e+05
 -4.282723136740386253e+05
 -4.294219761886197375e+05
 -4.305710457038531313e+05
 -4.317195222123460844e+05
 -4.328674057068488328e+05
 -4.340146961802749429e+05
 -4.351613936257408932e+05
 -4.363074980365821393e+05
 -4.374530094063904835e+05
 -4.385979277290411992e+05
 -4.397422529987145681e+05
 -4.408859852099285927e+05
 -4.420291243575675180e+05
 -4.431716704369116342e+05
 -4.443136234436599771e+05
 -4.454549833739633905e+05
 -4.465957502244524658e+05
 -4.477359239922619890e+05
 -4.488755046750673791e+05
 -4.500144922711022664e+05
 -4.511528867791949306e+05
 -4.522906881987900706e+05
 -4.534278965299845440e+05
 -4.545645117735413369e+05
 -4.557005339309356641e+05
 -4.568359630043620709e+05
 -4.579707989967738977e+05
 -4.591050419119047001e+05
 -4.602386917542942101e+05
 -4.613717485293147620e+05
 -4.625042122431887547e+05
 -4.636360829030243913e+05
 -4.647673605168274371e+05
 -4.658980450935270637e+05
 -4.670281366429992486e+05
 -4.681576351760794641e+05
 -4.692865407045962056e+05
 -4.704148532413691282e+05
 -4.715425728002442047e+05
 -4.726696993960977998e+05
 -4.737962330448542489e+05
 -4.749221737634952879e+05
 -4.760475215700813569e+05
 -4.771722764837456634e+05
 -4.782964385247169994e+05
 -4.794200077143146191e+05
 -4.805429840749637224e+05
 -4.816653676301835803e+05
 -4.827871584046068601e+05
 -4.839083564239609987e+05
 -4.850289617150792619e+05
 -4.861489743058895692e+05
 -4.872683942254052963e+05
 -4.883872215037210844e+05
 -4.895054561720046913e+05
 -4.906230982624768512e+05
 -4.917401478084053379e+05
 -4.928566048440757440e+05
 -4.939724694047860103e+05
 -4.950877415268202312e+05
 -4.962024212474226952e+05
 -4.973165086047778605e+05
 -4.984300036379839294e+05
 -4.995429063870207174e+05
 -5.006552168927236926e+05
 -5.017669351967425318e+05
 -5.028780613415272674e+05
 -5.039885953702655388e+05
 -5.050985373268635012e+05
 -5.062078872559035663e+05
 -5.073166452026010957e+05
 -5.084248112127638888e+05
 -5.095323853327457327e+05
 -5.106393676094075199e+05
 -5.117457580900622997e+05
 -5.128515568224356975e+05
 -5.139567638546156231e+05
 -5.150613792349952273e+05
 -5.161654030122323893e+05
 -5.172688352351891808e+05
 -5.183716759528885596e+05
 -5.194739252144526690e+05
 -5.205755830690523144e+05
 -5.216766495658531785e+05
 -5.227771247539643664e+05
 -5.238770086823711172e+05
 -5.249763013999001123e+05
 -5.260750029551424086e+05
 -5.271731133964080364e+05
 -5.282706327716729138e+05
 -5.293675611285187770e+05
 -5.304638985140826553e+05
 -5.315596449749956373e+05
 -5.326548005573337432e+05
 -5.337493653065622784e+05
 -5.348433392674815841e+05
 -5.359367224841781426e+05
 -5.370295149999682326e+05
 -5.381217168573462404e+05
 -5.392133280979369301e+05
 -5.403043487624442205e+05
 -5.413947788906046189e+05
 -5.424846185211359989e+05
 -5.435738676916889381e+05
 -5.446625264388080686e+05
 -5.457505947978773620e+05
 -5.468380728030861355e+05
 -5.479249604873762000e+05
 -5.490112578824076336e+05
 -5.500969650185080245e+05
 -5.511820819246433675e+05
 -5.522666086283689365e+05
 -5.533505451557992492e+05
 -5.544338915315612685e+05
 -5.555166477787685581e+05
 -5.565988139189747162e+05
 -5.576803899721484631e+05
 -5.587613759566328954e+05
 -5.598417718891119584e+05
 -5.609215777845811099e+05
 -5.620007936563177500e+05
 -5.630794195158460643e+05
 -5.641574553729097825e+05
 -5.652349012354437727e+05
 -5.663117571095393505e+05
 -5.673880229994263500e+05
 -5.684636989074407611e+05
 -5.695387848339974880e+05
 -5.706132807775703259e+05
 -5.716871867346588988e+05
 -5.727605026997742243e+05
 -5.738332286654105410e+05
 -5.749053646220248193e+05
 -5.759769105580123141e+05
 -5.770478664596907329e+05
 -5.781182323112792801e+05
 -5.791880080948735122e+05
 -5.802571937904409133e+05
 -5.813257893757892307e+05
 -5.823937948265625164e+05
 -5.834612101162180770e+05
 -5.845280352160225157e+05
 -5.855942700950284488e+05
 -5.866599147200742736e+05
 -5.877249690557678696e+05
 -5.887894330644898582e+05
 -5.898533067063717172e+05
 -5.909165899393123109e+05
 -5.919792827189594973e+05
 -5.930413849987187423e+05
 -5.941028967297596391e+05
 -5.951638178610049654e+05
 -5.962241483391569927e+05
 -5.972838881086960901e+05
 -5.983430371118939947e+05
 </DataArray>
 <DataArray Name="T" type="Float32" NumberOfComponents="1" format="ascii">
 3.951080051639366388e+02
 3.947685278639604576e+02
 3.944225539729725938e+02
 3.940707356345506014e+02
 3.937137195143819781e+02
 3.933521339691421304e+02
 3.929865782480952134e+02
 3.926176139498485327e+02
 3.922457588043993155e+02
 3.918714827161387575e+02
 3.914952058930624048e+02
 3.911172988049127639e+02
 3.907380836597465077e+02
 3.903578370636081445e+02
 3.899767935287021032e+02
 3.895951495171534020e+02
 3.892130677445719016e+02
 3.888306815143370159e+02
 3.884480989041758789e+02
 3.880654066765737298e+02
 3.876826738301808177e+02
 3.872999547484270693e+02
 3.869172919328340186e+02
 3.865347183319305486e+02
 3.861522592927632900e+02
 3.857699341718013102e+02
 3.853877576467618269e+02
 3.850057407718358604e+02
 3.846238918170647594e+02
 3.842422169292507874e+02
 3.838607206475098224e+02
 3.834794063019924693e+02
 3.830982763197937402e+02
 3.827173324579086398e+02
 3.823365759793666712e+02
 3.819560077854895894e+02
 3.815756285145336051e+02
 3.811954386147569380e+02
 3.808154383981776618e+02
 3.804356280798385797e+02
 3.800560078062795242e+02
 3.796765776760258859e+02
 3.792973377542171534e+02
 3.789182880829641249e+02
 3.785394286886267992e+02
 3.781607595868880480e+02
 3.777822807862614809e+02
 3.774039922905053004e+02
 3.770258941002716142e+02
 3.766479862142315369e+02
 3.762702686298412686e+02
 3.758927413438590861e+02
 3.755154043527018644e+02
 3.751382576526822277e+02
 3.747613012401698143e+02
 3.743845351116974030e+02
 3.740079592640282158e+02
 3.736315736941942305e+02
 3.732553783995188610e+02
 3.728793733776207660e+02
 3.725035586264136214e+02
 3.721279341440949793e+02
 3.717524999291356380e+02
 3.713772559802667956e+02
 3.710022022964645316e+02
 3.706273388769380972e+02
 3.702526657211176371e+02
 3.698781828286429914e+02
 3.695038901993555669e+02
 3.691297878332891855e+02
 3.687558757306629786e+02
 3.683821538918743386e+02
 3.680086223174910742e+02
 3.676352810082486258e+02
 3.672621299650393212e+02
 3.668891691889082836e+02
 3.665163986810463257e+02
 3.661438184427837541e+02
 3.657714284755810468e+02
 3.653992287810220887e+02
 3.650272193608080897e+02
 3.646554002167472390e+02
 3.642837713507499871e+02
 3.639123327648192685e+02
 3.635410844610409526e+02
 3.631700264415781021e+02
 3.627991587086607979e+02
 3.624284812645793750e+02
 3.620579941116740201e+02
 3.616876972523280074e+02
 3.613175906889581483e+02
 3.609476744240072321e+02
 3.605779484599331681e+02
 3.602084127992015397e+02
 3.598390674442782142e+02
 3.594699123976175770e+02
 3.591009476616569032e+02
 3.587321732388053306e+02
 3.583635891314351625e+02
 3.579951953418745916e+02
 3.576269918723965588e+02
 3.572589787252103974e+02
 3.568911559024548978e+02
 3.565235234061863707e+02
 3.561560812383715984e+02
 3.557888294008778871e+02
 3.554217678954644271e+02
 3.550548967237720035e+02
 3.546882158873167441e+02
 3.543217253874784092e+02
 3.539554252254924336e+02
 3.535893154024400928e+02
 3.532233959192401471e+02
 3.528576667766400305e+02
 3.524921279752063583e+02
 3.521267795153146949e+02
 3.517616213971438128e+02
 3.513966536206619935e+02
 3.510318761856242986e+02
 3.506672890915579046e+02
 3.503028923377583510e+02
 3.499386859232773190e+02
 3.495746698469166631e+02
 3.492108441072199412e+02
 3.488472087024628649e+02
 3.484837636306479567e+02
 3.481205088894946016e+02
 3.477574444764329655e+02
 3.473945703885979697e+02
 3.470318866228200818e+02
 3.466693931756205984e+02
 3.463070900432052781e+02
 3.459449772214579752e+02
 3.455830547059363766e+02
 3.452213224918664878e+02
 3.448597805741371758e+02
 3.444984289472971568e+02
 3.441372676055516422e+02
 3.437762965427597806e+02
 3.434155157524292008e+02
 3.430549252277177175e+02
 3.426945249614298632e+02
 3.423343149460153541e+02
 3.419742951735705105e+02
 3.416144656358369502e+02
 3.412548263242046005e+02
 3.408953772297099363e+02
 3.405361183430415508e+02
 3.401770496545412357e+02
 3.398181711542051744e+02
 3.394594828316934354e+02
 3.391009846763300857e+02
 3.387426766771100120e+02
 3.383845588227060830e+02
 3.380266311014734697e+02
 3.376688935014590811e+02
 3.373113460104084993e+02
 3.369539886157733122e+02
 3.365968213047233348e+02
 3.362398440641525781e+02
 3.358830568806933456e+02
 3.355264597407249312e+02
 3.351700526303850438e+02
 3.348138355355823137e+02
 3.344578084420087407e+02
 3.341019713351540190e+02
 3.337463242003169626e+02
 3.333908670226209097e+02
 3.330355997870269675e+02
 3.326805224783499284e+02
 3.323256350812735036e+02
 3.319709375803653870e+02
 3.316164299600937397e+02
 3.312621122048428219e+02
 3.309079842989314102e+02
 3.305540462266260988e+02
 3.302002979721623319e+02
 3.298467395197591827e+02
 3.294933708536382255e+02
 3.291401919580381445e+02
 3.287872028172371301e+02
 3.284344034155676582e+02
 3.280817937374332018e+02
 3.277293737673300598e+02
 3.273771434898618509e+02
 3.270251028897565675e+02
 3.266732519518876074e+02
 3.263215906612892354e+02
 3.259701190031736928e+02
 3.256188369629501267e+02
 3.252677445262405058e+02
 3.249168416788950822e+02
 3.245661284070136503e+02
 3.242156046969575982e+02
 3.238652705353686088e+02
 3.235151259091828138e+02
 3.231651708056484722e+02
 3.228154052123388738e+02
 3.224658291171703013e+02
 3.221164425084156733e+02
 3.217672453747175609e+02
 3.214182377051052413e+02
 3.210694194890054973e+02
 3.207207907162588754e+02
 3.203723513771303146e+02
 3.200241014623250067e+02
 3.196760409629981723e+02
 3.193281698707700116e+02
 3.189804881777355376e+02
 3.186329958764782759e+02
 3.182856929600806097e+02
 3.179385794221338415e+02
 3.175916552567516078e+02
 3.172449204585788038e+02
 3.168983750228037479e+02
 3.165520189451642068e+02
 3.162058522219617203e+02
 3.158598748500697866e+02
 3.155140868269425027e+02
 3.151684881506229772e+02
 3.148230788197552670e+02
 3.144778588335886411e+02
 3.141328281919903134e+02
 3.137879868954511267e+02
 3.134433349450934543e+02
 3.130988723426784190e+02
 3.127545990906156135e+02
 3.124105151919683863e+02
 3.120666206504598676e+02
 3.117229154704815528e+02
 3.113793996570985882e+02
 3.110360732160557973e+02
 3.106929361537839895e+02
 3.103499884774034285e+02
 3.100072301947323581e+02
 3.096646613142883098e+02
 3.093222818452942988e+02
 3.089800917976805863e+02
 3.086380911820909887e+02
 3.082962800098827643e+02
 3.079546582931303647e+02
 3.076132260446275950e+02
 3.072719832778873865e+02
 3.069309300071429334e+02
 3.065900662473476928e+02
 3.062493920141752142e+02
 3.059089073240149901e+02
 3.055686121939742748e+02
 3.052285066418704105e+02
 3.048885906862311685e+02
 3.951080051639363546e+02
 3.947685278639599460e+02
 3.944225539729724801e+02
 3.940707356345507719e+02
 3.937137195143824897e+02
 3.933521339691421304e+02
 3.929865782480953271e+02
 3.926176139498484190e+02
 3.922457588043990881e+02
 3.918714827161392122e+02
 3.914952058930625185e+02
 3.911172988049123092e+02
 3.907380836597455414e+02
 3.903578370636079171e+02
 3.899767935287022738e+02
 3.895951495171536294e+02
 3.892130677445719016e+02
 3.888306815143372432e+02
 3.884480989041768453e+02
 3.880654066765746961e+02
 3.876826738301814999e+02
 3.872999547484274672e+02
 3.869172919328341891e+02
 3.865347183319305486e+02
 3.861522592927634605e+02
 3.857699341718018786e+02
 3.853877576467628501e+02
 3.850057407718366562e+02
 3.846238918170649868e+02
 3.842422169292512990e+02
 3.838607206475105045e+02
 3.834794063019927535e+02
 3.830982763197933991e+02
 3.827173324579080713e+02
 3.823365759793661596e+02
 3.819560077854892484e+02
 3.815756285145325251e+02
 3.811954386147564833e+02
 3.808154383981776050e+02
 3.804356280798391481e+02
 3.800560078062795810e+02
 3.796765776760261133e+02
 3.792973377542173239e+02
 3.789182880829637838e+02
 3.785394286886266286e+02
 3.781607595868877638e+02
 3.777822807862615377e+02
 3.774039922905050162e+02
 3.770258941002710458e+02
 3.766479862142315937e+02
 3.762702686298404728e+02
 3.758927413438584040e+02
 3.755154043527007275e+02
 3.751382576526812613e+02
 3.747613012401687911e+02
 3.743845351116968345e+02
 3.740079592640274200e+02
 3.736315736941937757e+02
 3.732553783995185199e+02
 3.728793733776204817e+02
 3.725035586264129392e+02
 3.721279341440941835e+02
 3.717524999291353538e+02
 3.713772559802667956e+02
 3.710022022964643611e+02
 3.706273388769382109e+02
 3.702526657211175802e+02
 3.698781828286433324e+02
 3.695038901993559648e+02
 3.691297878332895834e+02
 3.687558757306628650e+02
 3.683821538918743386e+02
 3.680086223174909037e+02
 3.676352810082482279e+02
 3.672621299650392075e+02
 3.668891691889078857e+02
 3.665163986810466668e+02
 3.661438184427836973e+02
 3.657714284755805920e+02
 3.653992287810217476e+02
 3.650272193608074645e+02
 3.646554002167467274e+02
 3.642837713507494186e+02
 3.639123327648184727e+02
 3.635410844610402705e+02
 3.631700264415772494e+02
 3.627991587086601157e+02
 3.624284812645787497e+02
 3.620579941116737928e+02
 3.616876972523278937e+02
 3.613175906889589442e+02
 3.609476744240071753e+02
 3.605779484599327134e+02
 3.602084127992009144e+02
 3.598390674442773047e+02
 3.594699123976170085e+02
 3.591009476616564484e+02
 3.587321732388051032e+02
 3.583635891314356172e+02
 3.579951953418746484e+02
 3.576269918723965020e+02
 3.572589787252102838e+02
 3.568911559024548410e+02
 3.565235234061868823e+02
 3.561560812383719394e+02
 3.557888294008778303e+02
 3.554217678954638586e+02
 3.550548967237717193e+02
 3.546882158873164030e+02
 3.543217253874780113e+02
 3.539554252254919788e+02
 3.535893154024395244e+02
 3.532233959192402608e+02
 3.528576667766403148e+02
 3.524921279752064720e+02
 3.521267795153148654e+02
 3.517616213971435286e+02
 3.513966536206616524e+02
 3.510318761856240712e+02
 3.506672890915575636e+02
 3.503028923377576689e+02
 3.499386859232766369e+02
 3.495746698469163221e+02
 3.492108441072197138e+02
 3.488472087024625807e+02
 3.484837636306480135e+02
 3.481205088894947153e+02
 3.477574444764333634e+02
 3.473945703885984813e+02
 3.470318866228202523e+02
 3.466693931756213942e+02
 3.463070900432057329e+02
 3.459449772214589984e+02
 3.455830547059374567e+02
 3.452213224918670562e+02
 3.448597805741368347e+02
 3.444984289472971000e+02
 3.441372676055513580e+02
 3.437762965427592690e+02
 3.434155157524288597e+02
 3.430549252277178880e+02
 3.426945249614294653e+02
 3.423343149460154109e+02
 3.419742951735703400e+02
 3.416144656358375187e+02
 3.412548263242051689e+02
 3.408953772297102773e+02
 3.405361183430415508e+02
 3.401770496545407241e+02
 3.398181711542048902e+02
 3.394594828316933217e+02
 3.391009846763293467e+02
 3.387426766771096709e+02
 3.383845588227059125e+02
 3.380266311014732992e+02
 3.376688935014589106e+02
 3.373113460104082151e+02
 3.369539886157731985e+02
 3.365968213047229369e+02
 3.362398440641521802e+02
 3.358830568806939709e+02
 3.355264597407248175e+02
 3.351700526303842480e+02
 3.348138355355814610e+02
 3.344578084420085133e+02
 3.341019713351540759e+02
 3.337463242003171899e+02
 3.333908670226211939e+02
 3.330355997870269675e+02
 3.326805224783500989e+02
 3.323256350812740152e+02
 3.319709375803655576e+02
 3.316164299600938534e+02
 3.312621122048429356e+02
 3.309079842989313534e+02
 3.305540462266259851e+02
 3.302002979721620477e+02
 3.298467395197588417e+02
 3.294933708536376002e+02
 3.291401919580374056e+02
 3.287872028172375281e+02
 3.284344034155676582e+02
 3.280817937374334292e+02
 3.277293737673305145e+02
 3.273771434898618509e+02
 3.270251028897568517e+02
 3.266732519518877780e+02
 3.263215906612891217e+02
 3.259701190031735791e+02
 3.256188369629497856e+02
 3.252677445262398805e+02
 3.249168416788949685e+02
 3.245661284070135366e+02
 3.242156046969577119e+02
 3.238652705353686088e+02
 3.235151259091831548e+02
 3.231651708056484722e+02
 3.228154052123387601e+02
 3.224658291171706992e+02
 3.221164425084159006e+02
 3.217672453747185273e+02
 3.214182377051060371e+02
 3.210694194890063500e+02
 3.207207907162585911e+02
 3.203723513771298030e+02
 3.200241014623237561e+02
 3.196760409629970923e+02
 3.193281698707686473e+02
 3.189804881777350829e+02
 3.186329958764782759e+02
 3.182856929600809508e+02
 3.179385794221346373e+02
 3.175916552567522899e+02
 3.172449204585795428e+02
 3.168983750228038616e+02
 3.165520189451641500e+02
 3.162058522219618339e+02
 3.158598748500697866e+02
 3.155140868269414796e+02
 3.151684881506220677e+02
 3.148230788197540733e+02
 3.144778588335877316e+02
 3.141328281919898586e+02
 3.137879868954502740e+02
 3.134433349450924879e+02
 3.130988723426779075e+02
 3.127545990906154998e+02
 3.124105151919679315e+02
 3.120666206504595834e+02
 3.117229154704814391e+02
 3.113793996570981335e+02
 3.110360732160558541e+02
 3.106929361537836485e+02
 3.103499884774037696e+02
 3.100072301947327560e+02
 3.096646613142891624e+02
 3.093222818452944125e+02
 3.089800917976805863e+02
 3.086380911820901929e+02
 3.082962800098819685e+02
 3.079546582931290573e+02
 3.076132260446266855e+02
 3.072719832778863633e+02
 3.069309300071423650e+02
 3.065900662473481475e+02
 3.062493920141752710e+02
 3.059089073240160133e+02
 3.055686121939752411e+02
 3.052285066418711494e+02
 3.048885906862307706e+02
 </DataArray>
 <DataArray Name="vel.vector" type="Float32" NumberOfComponents="3" format="ascii">
 1.481497802734375000e+03 -1.048687165209304106e-13 0.000000000000000000e+00
 1.483425903320312500e+03 5.549370574067617745e-14 0.000000000000000000e+00
 1.485324584960937500e+03 1.073745042531881744e-13 0.000000000000000000e+00
 1.487196655273437500e+03 4.524859152188302758e-14 0.000000000000000000e+00
 1.489045166015625000e+03 -4.041286009721749284e-14 0.000000000000000000e+00
 1.490872680664062500e+03 -3.883830377530289590e-14 0.000000000000000000e+00
 1.492681884765625000e+03 -4.981054495733702736e-14 0.000000000000000000e+00
 1.494475341796875000e+03 -1.240388678271434064e-13 0.000000000000000000e+00
 1.496255004882812500e+03 -6.126281665123911591e-14 0.000000000000000000e+00
 1.498023193359375000e+03 -1.585427346047565966e-13 0.000000000000000000e+00
 1.499781738281250000e+03 -7.390145624359273357e-14 0.000000000000000000e+00
 1.501532226562500000e+03 -2.099951038525473684e-14 0.000000000000000000e+00
 1.503276000976562500e+03 2.190227572874611783e-13 0.000000000000000000e+00
 1.505014404296875000e+03 3.684362656544010184e-13 0.000000000000000000e+00
 1.506748413085937500e+03 4.948252636631511603e-13 0.000000000000000000e+00
 1.508479003906250000e+03 3.474589051807169815e-13 0.000000000000000000e+00
 1.510206665039062500e+03 3.482873440607131554e-13 0.000000000000000000e+00
 1.511932128906250000e+03 2.910337173079452500e-13 0.000000000000000000e+00
 1.513656005859375000e+03 1.398896054332840477e-13 0.000000000000000000e+00
 1.515378417968750000e+03 -3.623576793980974597e-14 0.000000000000000000e+00
 1.517099853515625000e+03 -1.192426962292464365e-13 0.000000000000000000e+00
 1.518820434570312500e+03 -7.969602896455013630e-14 0.000000000000000000e+00
 1.520540527343750000e+03 1.783195275196613333e-14 0.000000000000000000e+00
 1.522260009765625000e+03 2.056296620608563663e-13 0.000000000000000000e+00
 1.523979248046875000e+03 2.382838934847364420e-13 0.000000000000000000e+00
 1.525698242187500000e+03 1.797397679911133528e-13 0.000000000000000000e+00
 1.527416992187500000e+03 1.098103067352119988e-13 0.000000000000000000e+00
 1.529135620117187500e+03 8.312175546389827252e-14 0.000000000000000000e+00
 1.530854125976562500e+03 1.679947549343766000e-13 0.000000000000000000e+00
 1.532572631835937500e+03 4.672278799207514599e-14 0.000000000000000000e+00
 1.534291015625000000e+03 3.341436344942729474e-15 0.000000000000000000e+00
 1.536009399414062500e+03 -4.960074167256571520e-14 0.000000000000000000e+00
 1.537727661132812500e+03 -2.007144518406840661e-14 0.000000000000000000e+00
 1.539446044921875000e+03 -6.201429072951597510e-14 0.000000000000000000e+00
 1.541164306640625000e+03 2.738614897194752845e-14 0.000000000000000000e+00
 1.542882568359375000e+03 2.157101367916258033e-14 0.000000000000000000e+00
 1.544600830078125000e+03 1.541747686548827767e-13 0.000000000000000000e+00
 1.546319091796875000e+03 2.421126179315974403e-13 0.000000000000000000e+00
 1.548037231445312500e+03 4.037164482925681419e-13 0.000000000000000000e+00
 1.549755493164062500e+03 4.263826704903328491e-13 0.000000000000000000e+00
 1.551473754882812500e+03 4.342674223695164315e-13 0.000000000000000000e+00
 1.553192016601562500e+03 2.566433936028456042e-13 0.000000000000000000e+00
 1.554910156250000000e+03 1.323436260754207172e-13 0.000000000000000000e+00
 1.556628417968750000e+03 1.460500692824009961e-13 0.000000000000000000e+00
 1.558346679687500000e+03 1.728553552463735210e-13 0.000000000000000000e+00
 1.560064819335937500e+03 1.719006474708642540e-13 0.000000000000000000e+00
 1.561783081054687500e+03 1.980620122120704818e-13 0.000000000000000000e+00
 1.563501220703125000e+03 7.051989065398264755e-14 0.000000000000000000e+00
 1.565219482421875000e+03 4.576188332352376653e-14 0.000000000000000000e+00
 1.566937622070312500e+03 -1.787854532388916118e-13 0.000000000000000000e+00
 1.568655761718750000e+03 -1.753191775782925177e-13 0.000000000000000000e+00
 1.570374023437500000e+03 -1.500890205305069336e-13 0.000000000000000000e+00
 1.572092163085937500e+03 -4.302370363185731295e-14 0.000000000000000000e+00
 1.573810424804687500e+03 1.011157235958175249e-13 0.000000000000000000e+00
 1.575528564453125000e+03 2.640909138509200949e-13 0.000000000000000000e+00
 1.577246704101562500e+03 1.252961628764662216e-13 0.000000000000000000e+00
 1.578964843750000000e+03 1.329027626882986479e-13 0.000000000000000000e+00
 1.580683105468750000e+03 2.125561757312065259e-14 0.000000000000000000e+00
 1.582401245117187500e+03 2.566273507988246078e-14 0.000000000000000000e+00
 1.584119384765625000e+03 -1.258934227482341739e-13 0.000000000000000000e+00
 1.585837524414062500e+03 -1.702178030688408783e-13 0.000000000000000000e+00
 1.587555664062500000e+03 -7.582861882892213967e-14 0.000000000000000000e+00
 1.589273803710937500e+03 -4.426925202826760553e-14 0.000000000000000000e+00
 1.590991943359375000e+03 6.303741166210907743e-14 0.000000000000000000e+00
 1.592710083007812500e+03 1.226397862387137994e-13 0.000000000000000000e+00
 1.594428222656250000e+03 9.545395208846244040e-14 0.000000000000000000e+00
 1.596146362304687500e+03 1.072744391689313403e-13 0.000000000000000000e+00
 1.597864501953125000e+03 7.495325432364807750e-14 0.000000000000000000e+00
 1.599582641601562500e+03 8.460135261616208435e-14 0.000000000000000000e+00
 1.601300781250000000e+03 -3.033299523017007893e-14 0.000000000000000000e+00
 1.603018798828125000e+03 -5.919656447970697566e-14 0.000000000000000000e+00
 1.604736938476562500e+03 -1.595012370878695629e-13 0.000000000000000000e+00
 1.606455078125000000e+03 -7.415603368995590805e-14 0.000000000000000000e+00
 1.608173217773437500e+03 -7.183052167392817156e-14 0.000000000000000000e+00
 1.609891235351562500e+03 -2.395480190077459159e-13 0.000000000000000000e+00
 1.611609375000000000e+03 -2.390611851272456123e-13 0.000000000000000000e+00
 1.613327514648437500e+03 -2.583952203680933701e-13 0.000000000000000000e+00
 1.615045532226562500e+03 -2.947282717359611670e-13 0.000000000000000000e+00
 1.616763671875000000e+03 -3.284884300333579255e-13 0.000000000000000000e+00
 1.618481689453125000e+03 -2.763934101122217379e-13 0.000000000000000000e+00
 1.620199829101562500e+03 -2.709568138435647366e-13 0.000000000000000000e+00
 1.621917846679687500e+03 -2.332985421602679077e-13 0.000000000000000000e+00
 1.623635986328125000e+03 -1.357771452778835930e-13 0.000000000000000000e+00
 1.625354003906250000e+03 -5.848770632307237483e-14 0.000000000000000000e+00
 1.627072143554687500e+03 -9.025318334484819238e-14 0.000000000000000000e+00
 1.628790161132812500e+03 -1.890010500535388438e-13 0.000000000000000000e+00
 1.630508178710937500e+03 -1.782184426077360051e-13 0.000000000000000000e+00
 1.632226318359375000e+03 -4.854301097374780216e-14 0.000000000000000000e+00
 1.633944335937500000e+03 1.338966372672889538e-13 0.000000000000000000e+00
 1.635662353515625000e+03 2.822233278240021681e-13 0.000000000000000000e+00
 1.637380371093750000e+03 1.742367507868644583e-13 0.000000000000000000e+00
 1.639098510742187500e+03 2.845549045959322454e-13 0.000000000000000000e+00
 1.640816528320312500e+03 3.580495275268269495e-13 0.000000000000000000e+00
 1.642534545898437500e+03 3.663190627570256375e-13 0.000000000000000000e+00
 1.644252563476562500e+03 2.907903952353851906e-13 0.000000000000000000e+00
 1.645970581054687500e+03 2.156933757036655352e-13 0.000000000000000000e+00
 1.647688598632812500e+03 1.231275010334792475e-13 0.000000000000000000e+00
 1.649406616210937500e+03 1.526874330096128496e-13 0.000000000000000000e+00
 1.651124633789062500e+03 7.994842445404118370e-14 0.000000000000000000e+00
 1.652842651367187500e+03 -7.243993816255511753e-14 0.000000000000000000e+00
 1.654560668945312500e+03 -2.269522054012054757e-13 0.000000000000000000e+00
 1.656278686523437500e+03 -3.367312396800048457e-13 0.000000000000000000e+00
 1.657996582031250000e+03 -4.548158724637652028e-13 0.000000000000000000e+00
 1.659714599609375000e+03 -6.199942902823663005e-13 0.000000000000000000e+00
 1.661432617187500000e+03 -5.955252025020840723e-13 0.000000000000000000e+00
 1.663150634765625000e+03 -5.955943746006886474e-13 0.000000000000000000e+00
 1.664868530273437500e+03 -4.750645948674303565e-13 0.000000000000000000e+00
 1.666586547851562500e+03 -3.949496979460676016e-13 0.000000000000000000e+00
 1.668304565429687500e+03 -4.285300955232662634e-13 0.000000000000000000e+00
 1.670022460937500000e+03 -4.222019598081744318e-13 0.000000000000000000e+00
 1.671740478515625000e+03 -4.597437339680376933e-13 0.000000000000000000e+00
 1.673458374023437500e+03 -3.738639985702979507e-13 0.000000000000000000e+00
 1.675176391601562500e+03 -4.022581421604665142e-13 0.000000000000000000e+00
 1.676894287109375000e+03 -3.260533390590097946e-13 0.000000000000000000e+00
 1.678612182617187500e+03 -3.511760381189749092e-13 0.000000000000000000e+00
 1.680330200195312500e+03 -3.708794610399884784e-13 0.000000000000000000e+00
 1.682048095703125000e+03 -4.036518298430880058e-13 0.000000000000000000e+00
 1.683765991210937500e+03 -3.172939612872821558e-13 0.000000000000000000e+00
 1.685484008789062500e+03 -1.528274577201893525e-13 0.000000000000000000e+00
 1.687201904296875000e+03 -2.045793784757107131e-14 0.000000000000000000e+00
 1.688919799804687500e+03 -3.270054718543594086e-14 0.000000000000000000e+00
 1.690637695312500000e+03 -2.095971677739272981e-14 0.000000000000000000e+00
 1.692355590820312500e+03 7.777553422258151605e-14 0.000000000000000000e+00
 1.694073608398437500e+03 1.536045596273183378e-13 0.000000000000000000e+00
 1.695791503906250000e+03 1.288985601198208708e-13 0.000000000000000000e+00
 1.697509399414062500e+03 -1.903132684132275224e-15 0.000000000000000000e+00
 1.699227294921875000e+03 -1.195392932860570023e-13 0.000000000000000000e+00
 1.700945190429687500e+03 -1.174114381023369513e-13 0.000000000000000000e+00
 1.702662963867187500e+03 -1.109675095952236679e-13 0.000000000000000000e+00
 1.704380859375000000e+03 -2.189550014279444123e-14 0.000000000000000000e+00
 1.706098754882812500e+03 -1.016916382373146688e-13 0.000000000000000000e+00
 1.707816650390625000e+03 -1.856275685463773528e-13 0.000000000000000000e+00
 1.709534545898437500e+03 -3.623084091856215716e-13 0.000000000000000000e+00
 1.711252319335937500e+03 -4.893249434118063235e-13 0.000000000000000000e+00
 1.712970214843750000e+03 -5.161461535951872293e-13 0.000000000000000000e+00
 1.714688110351562500e+03 -2.623192190808615321e-13 0.000000000000000000e+00
 1.716405883789062500e+03 -5.389276264838871455e-14 0.000000000000000000e+00
 1.718123779296875000e+03 -5.608538197125582936e-14 0.000000000000000000e+00
 1.719841674804687500e+03 -9.298413953954046129e-14 0.000000000000000000e+00
 1.721559448242187500e+03 2.008260230204964025e-14 0.000000000000000000e+00
 1.723277343750000000e+03 1.672663608098465260e-13 0.000000000000000000e+00
 1.724995117187500000e+03 3.329308400149000313e-13 0.000000000000000000e+00
 1.726713012695312500e+03 2.829918916390228301e-13 0.000000000000000000e+00
 1.728430786132812500e+03 3.963296162610985274e-13 0.000000000000000000e+00
 1.730148559570312500e+03 4.510304889987493127e-13 0.000000000000000000e+00
 1.731866455078125000e+03 4.372552125063433603e-13 0.000000000000000000e+00
 1.733584228515625000e+03 3.571758232061295057e-13 0.000000000000000000e+00
 1.735302001953125000e+03 3.100806016034102219e-13 0.000000000000000000e+00
 1.737019897460937500e+03 2.441472859385923622e-13 0.000000000000000000e+00
 1.738737670898437500e+03 3.717910040165056662e-13 0.000000000000000000e+00
 1.740455444335937500e+03 4.344907138069398211e-13 0.000000000000000000e+00
 1.742173217773437500e+03 5.567543496544369308e-13 0.000000000000000000e+00
 1.743890991210937500e+03 6.346257070202754313e-13 0.000000000000000000e+00
 1.745608764648437500e+03 6.941512794254867114e-13 0.000000000000000000e+00
 1.747326538085937500e+03 7.593151910186002329e-13 0.000000000000000000e+00
 1.749044311523437500e+03 8.505699942117084245e-13 0.000000000000000000e+00
 1.750762084960937500e+03 8.803916254872257152e-13 0.000000000000000000e+00
 1.752479858398437500e+03 9.089413791942002607e-13 0.000000000000000000e+00
 1.754197631835937500e+03 9.936358376719245378e-13 0.000000000000000000e+00
 1.755915405273437500e+03 1.062252174242883651e-12 0.000000000000000000e+00
 1.757633178710937500e+03 8.320939965701656948e-13 0.000000000000000000e+00
 1.759350952148437500e+03 6.354723062866607375e-13 0.000000000000000000e+00
 1.761068725585937500e+03 5.530392767003067256e-13 0.000000000000000000e+00
 1.762786499023437500e+03 4.494717044303125908e-13 0.000000000000000000e+00
 1.764504272460937500e+03 3.725613838701652414e-13 0.000000000000000000e+00
 1.766221923828125000e+03 2.867173729340088961e-13 0.000000000000000000e+00
 1.767939697265625000e+03 2.651226948483659251e-13 0.000000000000000000e+00
 1.769657470703125000e+03 2.929218824963830681e-13 0.000000000000000000e+00
 1.771375244140625000e+03 2.906036143061202504e-13 0.000000000000000000e+00
 1.773092895507812500e+03 2.591443769642265416e-13 0.000000000000000000e+00
 1.774810668945312500e+03 1.955131206671928412e-13 0.000000000000000000e+00
 1.776528442382812500e+03 2.395237870891908649e-13 0.000000000000000000e+00
 1.778246093750000000e+03 2.672893102597523329e-13 0.000000000000000000e+00
 1.779963867187500000e+03 2.810291604461723214e-13 0.000000000000000000e+00
 1.781681518554687500e+03 2.710270159342331731e-13 0.000000000000000000e+00
 1.783399291992187500e+03 2.553199893260554854e-13 0.000000000000000000e+00
 1.785117065429687500e+03 1.878963022498847391e-13 0.000000000000000000e+00
 1.786834716796875000e+03 1.913177597031787136e-13 0.000000000000000000e+00
 1.788552490234375000e+03 2.206813968759838152e-13 0.000000000000000000e+00
 1.790270141601562500e+03 2.839823103235883384e-13 0.000000000000000000e+00
 1.791987915039062500e+03 1.921660259304042162e-13 0.000000000000000000e+00
 1.793705566406250000e+03 3.845750825540346363e-14 0.000000000000000000e+00
 1.795423339843750000e+03 -4.258810508027052744e-15 0.000000000000000000e+00
 1.797140991210937500e+03 6.859143380230983689e-14 0.000000000000000000e+00
 1.798858642578125000e+03 7.730737572450227524e-14 0.000000000000000000e+00
 1.800576416015625000e+03 -9.043183953408306941e-14 0.000000000000000000e+00
 1.802294067382812500e+03 -3.212164150119545258e-13 0.000000000000000000e+00
 1.804011840820312500e+03 -3.635011942056814993e-13 0.000000000000000000e+00
 1.805729492187500000e+03 -3.303837780611884600e-13 0.000000000000000000e+00
 1.807447265625000000e+03 -2.792924311961764161e-13 0.000000000000000000e+00
 1.809164916992187500e+03 -2.217049650419730678e-13 0.000000000000000000e+00
 1.810882568359375000e+03 -2.502791539554100053e-13 0.000000000000000000e+00
 1.812600341796875000e+03 -2.386086120353958506e-13 0.000000000000000000e+00
 1.814317993164062500e+03 -1.990373604864384416e-13 0.000000000000000000e+00
 1.816035644531250000e+03 -1.841708751650072973e-13 0.000000000000000000e+00
 1.817753417968750000e+03 -1.414371956142898568e-13 0.000000000000000000e+00
 1.819471069335937500e+03 -9.964431894621955665e-14 0.000000000000000000e+00
 1.821188720703125000e+03 -3.712730060998099824e-14 0.000000000000000000e+00
 1.822906494140625000e+03 -6.879096342446390164e-15 0.000000000000000000e+00
 1.824624145507812500e+03 -4.835845774113414069e-15 0.000000000000000000e+00
 1.826341796875000000e+03 -2.447305697667306185e-14 0.000000000000000000e+00
 1.828059570312500000e+03 2.464427282849925710e-14 0.000000000000000000e+00
 1.829777221679687500e+03 9.330262392770807822e-14 0.000000000000000000e+00
 1.831494873046875000e+03 1.877321404884432776e-13 0.000000000000000000e+00
 1.833212646484375000e+03 2.418743373991394385e-13 0.000000000000000000e+00
 1.834930297851562500e+03 3.348097623798174105e-13 0.000000000000000000e+00
 1.836647949218750000e+03 4.857491904368405056e-13 0.000000000000000000e+00
 1.838365722656250000e+03 5.369543243198549032e-13 0.000000000000000000e+00
 1.840083374023437500e+03 4.010482809561899398e-13 0.000000000000000000e+00
 1.841801025390625000e+03 2.338255186262044871e-13 0.000000000000000000e+00
 1.843518798828125000e+03 1.419122659012186927e-13 0.000000000000000000e+00
 1.845236450195312500e+03 6.457697197077491569e-14 0.000000000000000000e+00
 1.846954101562500000e+03 3.508255672256201281e-15 0.000000000000000000e+00
 1.848671752929687500e+03 -5.350180612125401969e-14 0.000000000000000000e+00
 1.850389526367187500e+03 -5.298154832065506137e-14 0.000000000000000000e+00
 1.852107177734375000e+03 -5.924653264733140134e-14 0.000000000000000000e+00
 1.853824829101562500e+03 -5.737967880784650143e-14 0.000000000000000000e+00
 1.855542602539062500e+03 -1.573135339442283120e-13 0.000000000000000000e+00
 1.857260253906250000e+03 -1.889421101129371006e-13 0.000000000000000000e+00
 1.858977905273437500e+03 -2.331248258671814177e-13 0.000000000000000000e+00
 1.860695678710937500e+03 -1.573408964965564150e-13 0.000000000000000000e+00
 1.862413330078125000e+03 -1.372938356969735652e-13 0.000000000000000000e+00
 1.864130981445312500e+03 -2.350952006853479492e-13 0.000000000000000000e+00
 1.865848754882812500e+03 -2.388616106123453431e-13 0.000000000000000000e+00
 1.867566406250000000e+03 -2.380141710892763607e-13 0.000000000000000000e+00
 1.869284057617187500e+03 -2.522000078393482614e-13 0.000000000000000000e+00
 1.871001831054687500e+03 -2.891870499576593145e-13 0.000000000000000000e+00
 1.872719482421875000e+03 -3.235101802331191712e-13 0.000000000000000000e+00
 1.874437133789062500e+03 -3.242802619311813128e-13 0.000000000000000000e+00
 1.876154907226562500e+03 -3.086346282710206168e-13 0.000000000000000000e+00
 1.877872558593750000e+03 -2.605252981662670164e-13 0.000000000000000000e+00
 1.879590209960937500e+03 -2.015650558788439906e-13 0.000000000000000000e+00
 1.881307983398437500e+03 -1.963731775930441237e-13 0.000000000000000000e+00
 1.883025634765625000e+03 -2.011642805457847238e-13 0.000000000000000000e+00
 1.884743286132812500e+03 -1.637623820186992485e-13 0.000000000000000000e+00
 1.886461059570312500e+03 -2.145079768109056650e-13 0.000000000000000000e+00
 1.888178710937500000e+03 -1.950229799700664568e-13 0.000000000000000000e+00
 1.889896362304687500e+03 -2.359254827090373485e-13 0.000000000000000000e+00
 1.891614135742187500e+03 -1.402003377759183933e-13 0.000000000000000000e+00
 1.893331787109375000e+03 -7.647335320331780095e-14 0.000000000000000000e+00
 1.895049438476562500e+03 5.141841677913303044e-14 0.000000000000000000e+00
 1.896767089843750000e+03 2.035399843461349612e-13 0.000000000000000000e+00
 1.898484863281250000e+03 3.556969985479135898e-13 0.000000000000000000e+00
 1.900202514648437500e+03 4.011018405435107237e-13 0.000000000000000000e+00
 1.901920166015625000e+03 4.335094837357861275e-13 0.000000000000000000e+00
 1.903637939453125000e+03 4.779558368007974511e-13 0.000000000000000000e+00
 1.905355590820312500e+03 3.863987038318916767e-13 0.000000000000000000e+00
 1.907073242187500000e+03 3.173043425230837045e-13 0.000000000000000000e+00
 1.908791015625000000e+03 2.487370932054838724e-13 0.000000000000000000e+00
 1.910508666992187500e+03 2.263705580407213147e-13 0.000000000000000000e+00
 1.481497802734375000e+03 -1.720834304046181540e-13 0.000000000000000000e+00
 1.483425903320312500e+03 -2.325826604064346742e-14 0.000000000000000000e+00
 1.485324584960937500e+03 1.041839259584590935e-14 0.000000000000000000e+00
 1.487196655273437500e+03 -2.612752069276573497e-14 0.000000000000000000e+00
 1.489045166015625000e+03 -1.521877648858957488e-13 0.000000000000000000e+00
 1.490872680664062500e+03 -1.199616442423487306e-13 0.000000000000000000e+00
 1.492681884765625000e+03 -2.484150038450927411e-13 0.000000000000000000e+00
 1.494475341796875000e+03 -2.891135410503647973e-13 0.000000000000000000e+00
 1.496255004882812500e+03 -6.290771397722549896e-14 0.000000000000000000e+00
 1.498023193359375000e+03 -5.051960911238440044e-13 0.000000000000000000e+00
 1.499781738281250000e+03 -9.861825033897000936e-14 0.000000000000000000e+00
 1.501532226562500000e+03 -1.419143258853464151e-13 0.000000000000000000e+00
 1.503276000976562500e+03 3.438717138728314415e-13 0.000000000000000000e+00
 1.505014404296875000e+03 3.008754812135194801e-13 0.000000000000000000e+00
 1.506748413085937500e+03 4.736243949116092367e-13 0.000000000000000000e+00
 1.508479003906250000e+03 2.188843588801434037e-13 0.000000000000000000e+00
 1.510206665039062500e+03 5.385188822648601104e-13 0.000000000000000000e+00
 1.511932128906250000e+03 3.396721380728717765e-13 0.000000000000000000e+00
 1.513656005859375000e+03 1.160149721516484655e-13 0.000000000000000000e+00
 1.515378417968750000e+03 -3.070736752982389239e-13 0.000000000000000000e+00
 1.517099853515625000e+03 -2.031830107808441088e-13 0.000000000000000000e+00
 1.518820434570312500e+03 -1.489301032758100218e-13 0.000000000000000000e+00
 1.520540527343750000e+03 -4.668197794467643380e-14 0.000000000000000000e+00
 1.522260009765625000e+03 1.485164936995339580e-13 0.000000000000000000e+00
 1.523979248046875000e+03 1.566116892203969768e-13 0.000000000000000000e+00
 1.525698242187500000e+03 1.901348815804698722e-13 0.000000000000000000e+00
 1.527416992187500000e+03 -4.611800985586736457e-14 0.000000000000000000e+00
 1.529135620117187500e+03 -2.109140626025177677e-15 0.000000000000000000e+00
 1.530854125976562500e+03 2.449670512012086521e-13 0.000000000000000000e+00
 1.532572631835937500e+03 -1.872910870446761744e-13 0.000000000000000000e+00
 1.534291015625000000e+03 -1.662755491019934917e-14 0.000000000000000000e+00
 1.536009399414062500e+03 -1.205345095652357590e-13 0.000000000000000000e+00
 1.537727661132812500e+03 7.888768170606283436e-14 0.000000000000000000e+00
 1.539446044921875000e+03 -8.701437330003655712e-14 0.000000000000000000e+00
 1.541164306640625000e+03 3.024075673034587464e-14 0.000000000000000000e+00
 1.542882568359375000e+03 -1.354526571201858376e-13 0.000000000000000000e+00
 1.544600830078125000e+03 3.289968666421450028e-13 0.000000000000000000e+00
 1.546319091796875000e+03 2.264622273344049641e-13 0.000000000000000000e+00
 1.548037231445312500e+03 2.963351677758019331e-13 0.000000000000000000e+00
 1.549755493164062500e+03 1.269776249207196783e-13 0.000000000000000000e+00
 1.551473754882812500e+03 3.566658416092466366e-13 0.000000000000000000e+00
 1.553192016601562500e+03 2.321850665291252946e-13 0.000000000000000000e+00
 1.554910156250000000e+03 1.222944678467771662e-13 0.000000000000000000e+00
 1.556628417968750000e+03 1.452360909488803475e-13 0.000000000000000000e+00
 1.558346679687500000e+03 1.546362457570740756e-13 0.000000000000000000e+00
 1.560064819335937500e+03 2.115719166702334508e-13 0.000000000000000000e+00
 1.561783081054687500e+03 1.175534279293510842e-13 0.000000000000000000e+00
 1.563501220703125000e+03 3.198856178316007715e-14 0.000000000000000000e+00
 1.565219482421875000e+03 1.704965378948597454e-13 0.000000000000000000e+00
 1.566937622070312500e+03 -4.234622093084172700e-13 0.000000000000000000e+00
 1.568655761718750000e+03 -2.150165218399099909e-13 0.000000000000000000e+00
 1.570374023437500000e+03 -2.512773246855087850e-13 0.000000000000000000e+00
 1.572092163085937500e+03 8.300288624821239303e-14 0.000000000000000000e+00
 1.573810424804687500e+03 6.782972078976656771e-14 0.000000000000000000e+00
 1.575528564453125000e+03 2.785296678627785516e-13 0.000000000000000000e+00
 1.577246704101562500e+03 3.766711047210142757e-16 0.000000000000000000e+00
 1.578964843750000000e+03 3.121641129182756158e-13 0.000000000000000000e+00
 1.580683105468750000e+03 -3.143840922523719918e-15 0.000000000000000000e+00
 1.582401245117187500e+03 -4.213080893270687577e-14 0.000000000000000000e+00
 1.584119384765625000e+03 -3.573877576257961097e-13 0.000000000000000000e+00
 1.585837524414062500e+03 -2.076774082565568946e-13 0.000000000000000000e+00
 1.587555664062500000e+03 -7.661638657492295112e-14 0.000000000000000000e+00
 1.589273803710937500e+03 -4.130910227057547901e-14 0.000000000000000000e+00
 1.590991943359375000e+03 9.233699281531101977e-14 0.000000000000000000e+00
 1.592710083007812500e+03 1.091770106937360596e-13 0.000000000000000000e+00
 1.594428222656250000e+03 1.491334182882053661e-13 0.000000000000000000e+00
 1.596146362304687500e+03 3.876193867291023720e-14 0.000000000000000000e+00
 1.597864501953125000e+03 6.193416818896929632e-14 0.000000000000000000e+00
 1.599582641601562500e+03 2.221734081431225860e-13 0.000000000000000000e+00
 1.601300781250000000e+03 -2.287286571082958186e-13 0.000000000000000000e+00
 1.603018798828125000e+03 -7.389716009248425976e-14 0.000000000000000000e+00
 1.604736938476562500e+03 -2.160505390043365725e-13 0.000000000000000000e+00
 1.606455078125000000e+03 -5.264202194001175311e-15 0.000000000000000000e+00
 1.608173217773437500e+03 -7.567592250545471244e-14 0.000000000000000000e+00
 1.609891235351562500e+03 -2.463551010325332191e-13 0.000000000000000000e+00
 1.611609375000000000e+03 -1.970148490963025134e-13 0.000000000000000000e+00
 1.613327514648437500e+03 -3.700522418874363506e-13 0.000000000000000000e+00
 1.615045532226562500e+03 -7.193617717563688396e-14 0.000000000000000000e+00
 1.616763671875000000e+03 -2.723986129975902726e-13 0.000000000000000000e+00
 1.618481689453125000e+03 -2.404622995947486297e-13 0.000000000000000000e+00
 1.620199829101562500e+03 -4.716571100696342889e-13 0.000000000000000000e+00
 1.621917846679687500e+03 -2.391925362204422312e-13 0.000000000000000000e+00
 1.623635986328125000e+03 -9.797319070392260243e-14 0.000000000000000000e+00
 1.625354003906250000e+03 -3.273387962597629208e-14 0.000000000000000000e+00
 1.627072143554687500e+03 -5.054405516086851735e-14 0.000000000000000000e+00
 1.628790161132812500e+03 -1.637047702257588000e-13 0.000000000000000000e+00
 1.630508178710937500e+03 -1.112926279454341805e-13 0.000000000000000000e+00
 1.632226318359375000e+03 -1.410854804295355591e-13 0.000000000000000000e+00
 1.633944335937500000e+03 8.842908772854068955e-14 0.000000000000000000e+00
 1.635662353515625000e+03 4.055622482811160889e-13 0.000000000000000000e+00
 1.637380371093750000e+03 1.341206622352446656e-14 0.000000000000000000e+00
 1.639098510742187500e+03 3.751413242547574356e-13 0.000000000000000000e+00
 1.640816528320312500e+03 3.959270248894003474e-13 0.000000000000000000e+00
 1.642534545898437500e+03 5.916143226356029849e-13 0.000000000000000000e+00
 1.644252563476562500e+03 3.534741672538838086e-13 0.000000000000000000e+00
 1.645970581054687500e+03 3.679901977755861697e-13 0.000000000000000000e+00
 1.647688598632812500e+03 1.282944968794205720e-13 0.000000000000000000e+00
 1.649406616210937500e+03 4.364122724222901928e-13 0.000000000000000000e+00
 1.651124633789062500e+03 1.623346910454431802e-13 0.000000000000000000e+00
 1.652842651367187500e+03 -1.649066591559358169e-14 0.000000000000000000e+00
 1.654560668945312500e+03 -4.130952849755453737e-13 0.000000000000000000e+00
 1.656278686523437500e+03 -3.008083962040969395e-13 0.000000000000000000e+00
 1.657996582031250000e+03 -3.957833952066003302e-13 0.000000000000000000e+00
 1.659714599609375000e+03 -5.720369382171408557e-13 0.000000000000000000e+00
 1.661432617187500000e+03 -5.537838525422611458e-13 0.000000000000000000e+00
 1.663150634765625000e+03 -6.114449766815577281e-13 0.000000000000000000e+00
 1.664868530273437500e+03 -4.264230028111493098e-13 0.000000000000000000e+00
 1.666586547851562500e+03 -4.702855943214401258e-13 0.000000000000000000e+00
 1.668304565429687500e+03 -4.650185943776141695e-13 0.000000000000000000e+00
 1.670022460937500000e+03 -2.874091481301632722e-13 0.000000000000000000e+00
 1.671740478515625000e+03 -7.082893299648063135e-13 0.000000000000000000e+00
 1.673458374023437500e+03 -3.716603034446125386e-13 0.000000000000000000e+00
 1.675176391601562500e+03 -4.256086043492868232e-13 0.000000000000000000e+00
 1.676894287109375000e+03 -1.524638705216463386e-13 0.000000000000000000e+00
 1.678612182617187500e+03 -2.898154806418862250e-13 0.000000000000000000e+00
 1.680330200195312500e+03 -2.282665972474368088e-13 0.000000000000000000e+00
 1.682048095703125000e+03 -4.240165347741547963e-13 0.000000000000000000e+00
 1.683765991210937500e+03 3.165675526079804458e-14 0.000000000000000000e+00
 1.685484008789062500e+03 -2.296671052393495921e-14 0.000000000000000000e+00
 1.687201904296875000e+03 8.803705377549708722e-14 0.000000000000000000e+00
 1.688919799804687500e+03 -1.440422623842294025e-13 0.000000000000000000e+00
 1.690637695312500000e+03 7.398416054056264346e-14 0.000000000000000000e+00
 1.692355590820312500e+03 1.892270384438662911e-13 0.000000000000000000e+00
 1.694073608398437500e+03 2.214026352661754848e-13 0.000000000000000000e+00
 1.695791503906250000e+03 1.729024773832951722e-13 0.000000000000000000e+00
 1.697509399414062500e+03 5.634229722855342570e-14 0.000000000000000000e+00
 1.699227294921875000e+03 -7.051598752616169974e-14 0.000000000000000000e+00
 1.700945190429687500e+03 -4.526622674784486211e-14 0.000000000000000000e+00
 1.702662963867187500e+03 -1.179012264337572780e-13 0.000000000000000000e+00
 1.704380859375000000e+03 9.457462346899522809e-14 0.000000000000000000e+00
 1.706098754882812500e+03 -2.874790520652342751e-13 0.000000000000000000e+00
 1.707816650390625000e+03 -1.840705458064709199e-13 0.000000000000000000e+00
 1.709534545898437500e+03 -3.126523562616001506e-13 0.000000000000000000e+00
 1.711252319335937500e+03 -4.297536176749161552e-13 0.000000000000000000e+00
 1.712970214843750000e+03 -4.660699994343819874e-13 0.000000000000000000e+00
 1.714688110351562500e+03 -1.323288267157662901e-13 0.000000000000000000e+00
 1.716405883789062500e+03 -1.413465292076157565e-13 0.000000000000000000e+00
 1.718123779296875000e+03 2.107163320783436711e-13 0.000000000000000000e+00
 1.719841674804687500e+03 6.442789417205815883e-14 0.000000000000000000e+00
 1.721559448242187500e+03 1.377462732635517662e-13 0.000000000000000000e+00
 1.723277343750000000e+03 4.402508292276029189e-14 0.000000000000000000e+00
 1.724995117187500000e+03 4.050261645169306313e-13 0.000000000000000000e+00
 1.726713012695312500e+03 3.670312209540227411e-13 0.000000000000000000e+00
 1.728430786132812500e+03 4.968416086534310772e-13 0.000000000000000000e+00
 1.730148559570312500e+03 5.506631934291961183e-13 0.000000000000000000e+00
 1.731866455078125000e+03 5.485793568536789788e-13 0.000000000000000000e+00
 1.733584228515625000e+03 4.768320070389076015e-13 0.000000000000000000e+00
 1.735302001953125000e+03 4.397369512791626800e-13 0.000000000000000000e+00
 1.737019897460937500e+03 2.610120236265500715e-13 0.000000000000000000e+00
 1.738737670898437500e+03 5.089427143611935378e-13 0.000000000000000000e+00
 1.740455444335937500e+03 2.706969576878742734e-13 0.000000000000000000e+00
 1.742173217773437500e+03 5.589002568043288655e-13 0.000000000000000000e+00
 1.743890991210937500e+03 6.809292170915914877e-13 0.000000000000000000e+00
 1.745608764648437500e+03 7.901958167660927401e-13 0.000000000000000000e+00
 1.747326538085937500e+03 8.638071269558011966e-13 0.000000000000000000e+00
 1.749044311523437500e+03 1.016818682204878588e-12 0.000000000000000000e+00
 1.750762084960937500e+03 8.842934522655665486e-13 0.000000000000000000e+00
 1.752479858398437500e+03 1.177718729830634636e-12 0.000000000000000000e+00
 1.754197631835937500e+03 1.067294798547113732e-12 0.000000000000000000e+00
 1.755915405273437500e+03 1.160578686106028545e-12 0.000000000000000000e+00
 1.757633178710937500e+03 6.836813558862286921e-13 0.000000000000000000e+00
 1.759350952148437500e+03 7.214871061700378618e-13 0.000000000000000000e+00
 1.761068725585937500e+03 6.997916243874080511e-13 0.000000000000000000e+00
 1.762786499023437500e+03 6.055465373924762140e-13 0.000000000000000000e+00
 1.764504272460937500e+03 4.940272908642018290e-13 0.000000000000000000e+00
 1.766221923828125000e+03 3.959568946592523231e-13 0.000000000000000000e+00
 1.767939697265625000e+03 3.806861239002284902e-13 0.000000000000000000e+00
 1.769657470703125000e+03 4.353488869315164100e-13 0.000000000000000000e+00
 1.771375244140625000e+03 3.870716952254077414e-13 0.000000000000000000e+00
 1.773092895507812500e+03 4.494594258407091925e-13 0.000000000000000000e+00
 1.774810668945312500e+03 1.050435102399258080e-13 0.000000000000000000e+00
 1.776528442382812500e+03 3.392516302602732736e-13 0.000000000000000000e+00
 1.778246093750000000e+03 3.313165985053406759e-13 0.000000000000000000e+00
 1.779963867187500000e+03 3.733396783996839607e-13 0.000000000000000000e+00
 1.781681518554687500e+03 3.331238822117110754e-13 0.000000000000000000e+00
 1.783399291992187500e+03 3.702404864896341463e-13 0.000000000000000000e+00
 1.785117065429687500e+03 1.357654358944207496e-13 0.000000000000000000e+00
 1.786834716796875000e+03 4.361115689497513381e-13 0.000000000000000000e+00
 1.788552490234375000e+03 3.027741360579760954e-13 0.000000000000000000e+00
 1.790270141601562500e+03 3.462756611397749262e-13 0.000000000000000000e+00
 1.791987915039062500e+03 1.217279688235217011e-14 0.000000000000000000e+00
 1.793705566406250000e+03 7.284763883699113540e-14 0.000000000000000000e+00
 1.795423339843750000e+03 3.100083327523504850e-14 0.000000000000000000e+00
 1.797140991210937500e+03 7.440661991707162026e-14 0.000000000000000000e+00
 1.798858642578125000e+03 7.287702749212907061e-14 0.000000000000000000e+00
 1.800576416015625000e+03 -1.059261863336005693e-13 0.000000000000000000e+00
 1.802294067382812500e+03 -2.847999342869139694e-13 0.000000000000000000e+00
 1.804011840820312500e+03 -2.526105138869055855e-13 0.000000000000000000e+00
 1.805729492187500000e+03 -2.716034320192350915e-13 0.000000000000000000e+00
 1.807447265625000000e+03 -8.414839327728837470e-14 0.000000000000000000e+00
 1.809164916992187500e+03 -3.462715140664651692e-13 0.000000000000000000e+00
 1.810882568359375000e+03 -2.148012806036173061e-13 0.000000000000000000e+00
 1.812600341796875000e+03 -1.879192737834142757e-13 0.000000000000000000e+00
 1.814317993164062500e+03 -1.304104393917704385e-13 0.000000000000000000e+00
 1.816035644531250000e+03 -1.692480384356612189e-13 0.000000000000000000e+00
 1.817753417968750000e+03 -9.955765731132007468e-14 0.000000000000000000e+00
 1.819471069335937500e+03 -2.029153754745660621e-13 0.000000000000000000e+00
 1.821188720703125000e+03 1.605093011627922728e-13 0.000000000000000000e+00
 1.822906494140625000e+03 3.260215245015109231e-14 0.000000000000000000e+00
 1.824624145507812500e+03 -1.588913360963967875e-14 0.000000000000000000e+00
 1.826341796875000000e+03 -2.711666611740493060e-13 0.000000000000000000e+00
 1.828059570312500000e+03 -2.428259653628524889e-14 0.000000000000000000e+00
 1.829777221679687500e+03 5.222144128257978635e-14 0.000000000000000000e+00
 1.831494873046875000e+03 1.343172670526318613e-13 0.000000000000000000e+00
 1.833212646484375000e+03 1.864496377386101744e-13 0.000000000000000000e+00
 1.834930297851562500e+03 2.874168459655879193e-13 0.000000000000000000e+00
 1.836647949218750000e+03 4.730689581386449127e-13 0.000000000000000000e+00
 1.838365722656250000e+03 5.138162031265158802e-13 0.000000000000000000e+00
 1.840083374023437500e+03 4.448381767108156026e-13 0.000000000000000000e+00
 1.841801025390625000e+03 2.258707543917326532e-13 0.000000000000000000e+00
 1.843518798828125000e+03 2.825047867079794051e-13 0.000000000000000000e+00
 1.845236450195312500e+03 -1.057946319524966095e-13 0.000000000000000000e+00
 1.846954101562500000e+03 1.712415508058149488e-14 0.000000000000000000e+00
 1.848671752929687500e+03 -1.225420945407751719e-14 0.000000000000000000e+00
 1.850389526367187500e+03 1.553256492609761397e-14 0.000000000000000000e+00
 1.852107177734375000e+03 -2.272930751761031293e-14 0.000000000000000000e+00
 1.853824829101562500e+03 -8.371712814625974219e-15 0.000000000000000000e+00
 1.855542602539062500e+03 -2.442983695113282172e-13 0.000000000000000000e+00
 1.857260253906250000e+03 -1.148659431595778005e-14 0.000000000000000000e+00
 1.858977905273437500e+03 -2.136401271819396430e-13 0.000000000000000000e+00
 1.860695678710937500e+03 -1.490735161181755419e-13 0.000000000000000000e+00
 1.862413330078125000e+03 -2.855189229575977317e-13 0.000000000000000000e+00
 1.864130981445312500e+03 -1.756895003828320978e-13 0.000000000000000000e+00
 1.865848754882812500e+03 -1.538025484965413470e-13 0.000000000000000000e+00
 1.867566406250000000e+03 -1.343092032989740003e-13 0.000000000000000000e+00
 1.869284057617187500e+03 -1.418741968524372954e-13 0.000000000000000000e+00
 1.871001831054687500e+03 -1.862912222486828862e-13 0.000000000000000000e+00
 1.872719482421875000e+03 -2.607441443747832155e-13 0.000000000000000000e+00
 1.874437133789062500e+03 -2.564309983972556939e-13 0.000000000000000000e+00
 1.876154907226562500e+03 -3.339681775484798498e-13 0.000000000000000000e+00
 1.877872558593750000e+03 -2.002774980363816737e-13 0.000000000000000000e+00
 1.879590209960937500e+03 -4.725909334007960538e-13 0.000000000000000000e+00
 1.881307983398437500e+03 -2.973334198210636492e-13 0.000000000000000000e+00
 1.883025634765625000e+03 -2.464457945442616316e-13 0.000000000000000000e+00
 1.884743286132812500e+03 -1.974864905938608639e-13 0.000000000000000000e+00
 1.886461059570312500e+03 -2.477323359471872433e-13 0.000000000000000000e+00
 1.888178710937500000e+03 -1.581946786023344376e-13 0.000000000000000000e+00
 1.889896362304687500e+03 -3.238162505064118291e-13 0.000000000000000000e+00
 1.891614135742187500e+03 6.878823682540669004e-14 0.000000000000000000e+00
 1.893331787109375000e+03 -2.181595189058600087e-14 0.000000000000000000e+00
 1.895049438476562500e+03 4.420215346631790887e-14 0.000000000000000000e+00
 1.896767089843750000e+03 -1.650185352676091649e-14 0.000000000000000000e+00
 1.898484863281250000e+03 2.991807919027617002e-13 0.000000000000000000e+00
 1.900202514648437500e+03 3.977896029065675076e-13 0.000000000000000000e+00
 1.901920166015625000e+03 4.470985485050676944e-13 0.000000000000000000e+00
 1.903637939453125000e+03 4.863059824625204364e-13 0.000000000000000000e+00
 1.905355590820312500e+03 4.011432841715539821e-13 0.000000000000000000e+00
 1.907073242187500000e+03 3.195694577018404203e-13 0.000000000000000000e+00
 1.908791015625000000e+03 2.423024617319996521e-13 0.000000000000000000e+00
 1.910508666992187500e+03 1.827643261341146963e-13 0.000000000000000000e+00
 </DataArray>
</CellData>
</Piece>
</UnstructuredGrid>
</VTKFile>
