<VTKFile type="UnstructuredGrid" byte_order="BigEndian">
<UnstructuredGrid><Piece NumberOfPoints="753" NumberOfCells="500">
<Points>
 <DataArray type="Float32" NumberOfComponents="3" format="ascii">
 -6.250000000000000000e-01 0.000000000000000000e+00 0.000000000000000000e+00
 -6.194999814033508301e-01 0.000000000000000000e+00 0.000000000000000000e+00
 -6.140000224113464355e-01 0.000000000000000000e+00 0.000000000000000000e+00
 -6.085000038146972656e-01 0.000000000000000000e+00 0.000000000000000000e+00
 -6.029999852180480957e-01 0.000000000000000000e+00 0.000000000000000000e+00
 -5.975000262260437012e-01 0.000000000000000000e+00 0.000000000000000000e+00
 -5.920000076293945312e-01 0.000000000000000000e+00 0.000000000000000000e+00
 -5.864999890327453613e-01 0.000000000000000000e+00 0.000000000000000000e+00
 -5.809999704360961914e-01 0.000000000000000000e+00 0.000000000000000000e+00
 -5.755000114440917969e-01 0.000000000000000000e+00 0.000000000000000000e+00
 -5.699999928474426270e-01 0.000000000000000000e+00 0.000000000000000000e+00
 -5.644999742507934570e-01 0.000000000000000000e+00 0.000000000000000000e+00
 -5.590000152587890625e-01 0.000000000000000000e+00 0.000000000000000000e+00
 -5.534999966621398926e-01 0.000000000000000000e+00 0.000000000000000000e+00
 -5.479999780654907227e-01 0.000000000000000000e+00 0.000000000000000000e+00
 -5.425000190734863281e-01 0.000000000000000000e+00 0.000000000000000000e+00
 -5.370000004768371582e-01 0.000000000000000000e+00 0.000000000000000000e+00
 -5.314999818801879883e-01 0.000000000000000000e+00 0.000000000000000000e+00
 -5.260000228881835938e-01 0.000000000000000000e+00 0.000000000000000000e+00
 -5.205000042915344238e-01 0.000000000000000000e+00 0.000000000000000000e+00
 -5.149999856948852539e-01 0.000000000000000000e+00 0.000000000000000000e+00
 -5.095000267028808594e-01 0.000000000000000000e+00 0.000000000000000000e+00
 -5.040000081062316895e-01 0.000000000000000000e+00 0.000000000000000000e+00
 -4.984999895095825195e-01 0.000000000000000000e+00 0.000000000000000000e+00
 -4.930000007152557373e-01 0.000000000000000000e+00 0.000000000000000000e+00
 -4.875000119209289551e-01 0.000000000000000000e+00 0.000000000000000000e+00
 -4.819999933242797852e-01 0.000000000000000000e+00 0.000000000000000000e+00
 -4.765000045299530029e-01 0.000000000000000000e+00 0.000000000000000000e+00
 -4.709999859333038330e-01 0.000000000000000000e+00 0.000000000000000000e+00
 -4.654999971389770508e-01 0.000000000000000000e+00 0.000000000000000000e+00
 -4.600000083446502686e-01 0.000000000000000000e+00 0.000000000000000000e+00
 -4.544999897480010986e-01 0.000000000000000000e+00 0.000000000000000000e+00
 -4.490000009536743164e-01 0.000000000000000000e+00 0.000000000000000000e+00
 -4.435000121593475342e-01 0.000000000000000000e+00 0.000000000000000000e+00
 -4.379999935626983643e-01 0.000000000000000000e+00 0.000000000000000000e+00
 -4.325000047683715820e-01 0.000000000000000000e+00 0.000000000000000000e+00
 -4.269999861717224121e-01 0.000000000000000000e+00 0.000000000000000000e+00
 -4.214999973773956299e-01 0.000000000000000000e+00 0.000000000000000000e+00
 -4.160000085830688477e-01 0.000000000000000000e+00 0.000000000000000000e+00
 -4.104999899864196777e-01 0.000000000000000000e+00 0.000000000000000000e+00
 -4.050000011920928955e-01 0.000000000000000000e+00 0.000000000000000000e+00
 -3.995000123977661133e-01 0.000000000000000000e+00 0.000000000000000000e+00
 -3.939999938011169434e-01 0.000000000000000000e+00 0.000000000000000000e+00
 -3.885000050067901611e-01 0.000000000000000000e+00 0.000000000000000000e+00
 -3.829999864101409912e-01 0.000000000000000000e+00 0.000000000000000000e+00
 -3.774999976158142090e-01 0.000000000000000000e+00 0.000000000000000000e+00
 -3.720000088214874268e-01 0.000000000000000000e+00 0.000000000000000000e+00
 -3.664999902248382568e-01 0.000000000000000000e+00 0.000000000000000000e+00
 -3.610000014305114746e-01 0.000000000000000000e+00 0.000000000000000000e+00
 -3.555000126361846924e-01 0.000000000000000000e+00 0.000000000000000000e+00
 -3.499999940395355225e-01 0.000000000000000000e+00 0.000000000000000000e+00
 -3.445000052452087402e-01 0.000000000000000000e+00 0.000000000000000000e+00
 -3.389999866485595703e-01 0.000000000000000000e+00 0.000000000000000000e+00
 -3.334999978542327881e-01 0.000000000000000000e+00 0.000000000000000000e+00
 -3.280000090599060059e-01 0.000000000000000000e+00 0.000000000000000000e+00
 -3.224999904632568359e-01 0.000000000000000000e+00 0.000000000000000000e+00
 -3.170000016689300537e-01 0.000000000000000000e+00 0.000000000000000000e+00
 -3.115000128746032715e-01 0.000000000000000000e+00 0.000000000000000000e+00
 -3.059999942779541016e-01 0.000000000000000000e+00 0.000000000000000000e+00
 -3.005000054836273193e-01 0.000000000000000000e+00 0.000000000000000000e+00
 -2.949999868869781494e-01 0.000000000000000000e+00 0.000000000000000000e+00
 -2.894999980926513672e-01 0.000000000000000000e+00 0.000000000000000000e+00
 -2.840000092983245850e-01 0.000000000000000000e+00 0.000000000000000000e+00
 -2.784999907016754150e-01 0.000000000000000000e+00 0.000000000000000000e+00
 -2.730000019073486328e-01 0.000000000000000000e+00 0.000000000000000000e+00
 -2.675000131130218506e-01 0.000000000000000000e+00 0.000000000000000000e+00
 -2.619999945163726807e-01 0.000000000000000000e+00 0.000000000000000000e+00
 -2.565000057220458984e-01 0.000000000000000000e+00 0.000000000000000000e+00
 -2.509999871253967285e-01 0.000000000000000000e+00 0.000000000000000000e+00
 -2.454999983310699463e-01 0.000000000000000000e+00 0.000000000000000000e+00
 -2.399999946355819702e-01 0.000000000000000000e+00 0.000000000000000000e+00
 -2.345000058412551880e-01 0.000000000000000000e+00 0.000000000000000000e+00
 -2.290000021457672119e-01 0.000000000000000000e+00 0.000000000000000000e+00
 -2.234999984502792358e-01 0.000000000000000000e+00 0.000000000000000000e+00
 -2.179999947547912598e-01 0.000000000000000000e+00 0.000000000000000000e+00
 -2.125000059604644775e-01 0.000000000000000000e+00 0.000000000000000000e+00
 -2.070000022649765015e-01 0.000000000000000000e+00 0.000000000000000000e+00
 -2.014999985694885254e-01 0.000000000000000000e+00 0.000000000000000000e+00
 -1.959999948740005493e-01 0.000000000000000000e+00 0.000000000000000000e+00
 -1.905000060796737671e-01 0.000000000000000000e+00 0.000000000000000000e+00
 -1.850000023841857910e-01 0.000000000000000000e+00 0.000000000000000000e+00
 -1.794999986886978149e-01 0.000000000000000000e+00 0.000000000000000000e+00
 -1.739999949932098389e-01 0.000000000000000000e+00 0.000000000000000000e+00
 -1.685000061988830566e-01 0.000000000000000000e+00 0.000000000000000000e+00
 -1.630000025033950806e-01 0.000000000000000000e+00 0.000000000000000000e+00
 -1.574999988079071045e-01 0.000000000000000000e+00 0.000000000000000000e+00
 -1.519999951124191284e-01 0.000000000000000000e+00 0.000000000000000000e+00
 -1.465000063180923462e-01 0.000000000000000000e+00 0.000000000000000000e+00
 -1.410000026226043701e-01 0.000000000000000000e+00 0.000000000000000000e+00
 -1.354999989271163940e-01 0.000000000000000000e+00 0.000000000000000000e+00
 -1.299999952316284180e-01 0.000000000000000000e+00 0.000000000000000000e+00
 -1.244999989867210388e-01 0.000000000000000000e+00 0.000000000000000000e+00
 -1.190000027418136597e-01 0.000000000000000000e+00 0.000000000000000000e+00
 -1.134999990463256836e-01 0.000000000000000000e+00 0.000000000000000000e+00
 -1.080000028014183044e-01 0.000000000000000000e+00 0.000000000000000000e+00
 -1.024999991059303284e-01 0.000000000000000000e+00 0.000000000000000000e+00
 -9.700000286102294922e-02 0.000000000000000000e+00 0.000000000000000000e+00
 -9.149999916553497314e-02 0.000000000000000000e+00 0.000000000000000000e+00
 -8.600000292062759399e-02 0.000000000000000000e+00 0.000000000000000000e+00
 -8.049999922513961792e-02 0.000000000000000000e+00 0.000000000000000000e+00
 -7.500000298023223877e-02 0.000000000000000000e+00 0.000000000000000000e+00
 -6.949999928474426270e-02 0.000000000000000000e+00 0.000000000000000000e+00
 -6.400000303983688354e-02 0.000000000000000000e+00 0.000000000000000000e+00
 -5.849999934434890747e-02 0.000000000000000000e+00 0.000000000000000000e+00
 -5.299999937415122986e-02 0.000000000000000000e+00 0.000000000000000000e+00
 -4.749999940395355225e-02 0.000000000000000000e+00 0.000000000000000000e+00
 -4.199999943375587463e-02 0.000000000000000000e+00 0.000000000000000000e+00
 -3.649999946355819702e-02 0.000000000000000000e+00 0.000000000000000000e+00
 -3.099999949336051941e-02 0.000000000000000000e+00 0.000000000000000000e+00
 -2.549999952316284180e-02 0.000000000000000000e+00 0.000000000000000000e+00
 -1.999999955296516418e-02 0.000000000000000000e+00 0.000000000000000000e+00
 -1.449999958276748657e-02 0.000000000000000000e+00 0.000000000000000000e+00
 -8.999999612569808960e-03 0.000000000000000000e+00 0.000000000000000000e+00
 -3.500000108033418655e-03 0.000000000000000000e+00 0.000000000000000000e+00
 2.000000094994902611e-03 0.000000000000000000e+00 0.000000000000000000e+00
 7.499999832361936569e-03 0.000000000000000000e+00 0.000000000000000000e+00
 1.300000026822090149e-02 0.000000000000000000e+00 0.000000000000000000e+00
 1.850000023841857910e-02 0.000000000000000000e+00 0.000000000000000000e+00
 2.400000020861625671e-02 0.000000000000000000e+00 0.000000000000000000e+00
 2.950000017881393433e-02 0.000000000000000000e+00 0.000000000000000000e+00
 3.500000014901161194e-02 0.000000000000000000e+00 0.000000000000000000e+00
 4.050000011920928955e-02 0.000000000000000000e+00 0.000000000000000000e+00
 4.600000008940696716e-02 0.000000000000000000e+00 0.000000000000000000e+00
 5.150000005960464478e-02 0.000000000000000000e+00 0.000000000000000000e+00
 5.700000002980232239e-02 0.000000000000000000e+00 0.000000000000000000e+00
 6.250000000000000000e-02 0.000000000000000000e+00 0.000000000000000000e+00
 6.800000369548797607e-02 0.000000000000000000e+00 0.000000000000000000e+00
 7.349999994039535522e-02 0.000000000000000000e+00 0.000000000000000000e+00
 7.900000363588333130e-02 0.000000000000000000e+00 0.000000000000000000e+00
 8.449999988079071045e-02 0.000000000000000000e+00 0.000000000000000000e+00
 9.000000357627868652e-02 0.000000000000000000e+00 0.000000000000000000e+00
 9.549999982118606567e-02 0.000000000000000000e+00 0.000000000000000000e+00
 1.010000035166740417e-01 0.000000000000000000e+00 0.000000000000000000e+00
 1.064999997615814209e-01 0.000000000000000000e+00 0.000000000000000000e+00
 1.120000034570693970e-01 0.000000000000000000e+00 0.000000000000000000e+00
 1.174999997019767761e-01 0.000000000000000000e+00 0.000000000000000000e+00
 1.230000033974647522e-01 0.000000000000000000e+00 0.000000000000000000e+00
 1.284999996423721313e-01 0.000000000000000000e+00 0.000000000000000000e+00
 1.340000033378601074e-01 0.000000000000000000e+00 0.000000000000000000e+00
 1.395000070333480835e-01 0.000000000000000000e+00 0.000000000000000000e+00
 1.449999958276748657e-01 0.000000000000000000e+00 0.000000000000000000e+00
 1.504999995231628418e-01 0.000000000000000000e+00 0.000000000000000000e+00
 1.560000032186508179e-01 0.000000000000000000e+00 0.000000000000000000e+00
 1.615000069141387939e-01 0.000000000000000000e+00 0.000000000000000000e+00
 1.669999957084655762e-01 0.000000000000000000e+00 0.000000000000000000e+00
 1.724999994039535522e-01 0.000000000000000000e+00 0.000000000000000000e+00
 1.780000030994415283e-01 0.000000000000000000e+00 0.000000000000000000e+00
 1.835000067949295044e-01 0.000000000000000000e+00 0.000000000000000000e+00
 1.889999955892562866e-01 0.000000000000000000e+00 0.000000000000000000e+00
 1.944999992847442627e-01 0.000000000000000000e+00 0.000000000000000000e+00
 2.000000029802322388e-01 0.000000000000000000e+00 0.000000000000000000e+00
 2.055000066757202148e-01 0.000000000000000000e+00 0.000000000000000000e+00
 2.109999954700469971e-01 0.000000000000000000e+00 0.000000000000000000e+00
 2.164999991655349731e-01 0.000000000000000000e+00 0.000000000000000000e+00
 2.220000028610229492e-01 0.000000000000000000e+00 0.000000000000000000e+00
 2.275000065565109253e-01 0.000000000000000000e+00 0.000000000000000000e+00
 2.329999953508377075e-01 0.000000000000000000e+00 0.000000000000000000e+00
 2.384999990463256836e-01 0.000000000000000000e+00 0.000000000000000000e+00
 2.440000027418136597e-01 0.000000000000000000e+00 0.000000000000000000e+00
 2.495000064373016357e-01 0.000000000000000000e+00 0.000000000000000000e+00
 2.549999952316284180e-01 0.000000000000000000e+00 0.000000000000000000e+00
 2.605000138282775879e-01 0.000000000000000000e+00 0.000000000000000000e+00
 2.660000026226043701e-01 0.000000000000000000e+00 0.000000000000000000e+00
 2.714999914169311523e-01 0.000000000000000000e+00 0.000000000000000000e+00
 2.770000100135803223e-01 0.000000000000000000e+00 0.000000000000000000e+00
 2.824999988079071045e-01 0.000000000000000000e+00 0.000000000000000000e+00
 2.879999876022338867e-01 0.000000000000000000e+00 0.000000000000000000e+00
 2.935000061988830566e-01 0.000000000000000000e+00 0.000000000000000000e+00
 2.989999949932098389e-01 0.000000000000000000e+00 0.000000000000000000e+00
 3.045000135898590088e-01 0.000000000000000000e+00 0.000000000000000000e+00
 3.100000023841857910e-01 0.000000000000000000e+00 0.000000000000000000e+00
 3.154999911785125732e-01 0.000000000000000000e+00 0.000000000000000000e+00
 3.210000097751617432e-01 0.000000000000000000e+00 0.000000000000000000e+00
 3.264999985694885254e-01 0.000000000000000000e+00 0.000000000000000000e+00
 3.319999873638153076e-01 0.000000000000000000e+00 0.000000000000000000e+00
 3.375000059604644775e-01 0.000000000000000000e+00 0.000000000000000000e+00
 3.429999947547912598e-01 0.000000000000000000e+00 0.000000000000000000e+00
 3.485000133514404297e-01 0.000000000000000000e+00 0.000000000000000000e+00
 3.540000021457672119e-01 0.000000000000000000e+00 0.000000000000000000e+00
 3.594999909400939941e-01 0.000000000000000000e+00 0.000000000000000000e+00
 3.650000095367431641e-01 0.000000000000000000e+00 0.000000000000000000e+00
 3.704999983310699463e-01 0.000000000000000000e+00 0.000000000000000000e+00
 3.759999871253967285e-01 0.000000000000000000e+00 0.000000000000000000e+00
 3.815000057220458984e-01 0.000000000000000000e+00 0.000000000000000000e+00
 3.869999945163726807e-01 0.000000000000000000e+00 0.000000000000000000e+00
 3.925000131130218506e-01 0.000000000000000000e+00 0.000000000000000000e+00
 3.980000019073486328e-01 0.000000000000000000e+00 0.000000000000000000e+00
 4.034999907016754150e-01 0.000000000000000000e+00 0.000000000000000000e+00
 4.090000092983245850e-01 0.000000000000000000e+00 0.000000000000000000e+00
 4.144999980926513672e-01 0.000000000000000000e+00 0.000000000000000000e+00
 4.199999868869781494e-01 0.000000000000000000e+00 0.000000000000000000e+00
 4.255000054836273193e-01 0.000000000000000000e+00 0.000000000000000000e+00
 4.309999942779541016e-01 0.000000000000000000e+00 0.000000000000000000e+00
 4.365000128746032715e-01 0.000000000000000000e+00 0.000000000000000000e+00
 4.420000016689300537e-01 0.000000000000000000e+00 0.000000000000000000e+00
 4.474999904632568359e-01 0.000000000000000000e+00 0.000000000000000000e+00
 4.530000090599060059e-01 0.000000000000000000e+00 0.000000000000000000e+00
 4.584999978542327881e-01 0.000000000000000000e+00 0.000000000000000000e+00
 4.639999866485595703e-01 0.000000000000000000e+00 0.000000000000000000e+00
 4.695000052452087402e-01 0.000000000000000000e+00 0.000000000000000000e+00
 4.749999940395355225e-01 0.000000000000000000e+00 0.000000000000000000e+00
 4.805000126361846924e-01 0.000000000000000000e+00 0.000000000000000000e+00
 4.860000014305114746e-01 0.000000000000000000e+00 0.000000000000000000e+00
 4.914999902248382568e-01 0.000000000000000000e+00 0.000000000000000000e+00
 4.970000088214874268e-01 0.000000000000000000e+00 0.000000000000000000e+00
 5.024999976158142090e-01 0.000000000000000000e+00 0.000000000000000000e+00
 5.080000162124633789e-01 0.000000000000000000e+00 0.000000000000000000e+00
 5.134999752044677734e-01 0.000000000000000000e+00 0.000000000000000000e+00
 5.189999938011169434e-01 0.000000000000000000e+00 0.000000000000000000e+00
 5.245000123977661133e-01 0.000000000000000000e+00 0.000000000000000000e+00
 5.299999713897705078e-01 0.000000000000000000e+00 0.000000000000000000e+00
 5.354999899864196777e-01 0.000000000000000000e+00 0.000000000000000000e+00
 5.410000085830688477e-01 0.000000000000000000e+00 0.000000000000000000e+00
 5.465000271797180176e-01 0.000000000000000000e+00 0.000000000000000000e+00
 5.519999861717224121e-01 0.000000000000000000e+00 0.000000000000000000e+00
 5.575000047683715820e-01 0.000000000000000000e+00 0.000000000000000000e+00
 5.630000233650207520e-01 0.000000000000000000e+00 0.000000000000000000e+00
 5.684999823570251465e-01 0.000000000000000000e+00 0.000000000000000000e+00
 5.740000009536743164e-01 0.000000000000000000e+00 0.000000000000000000e+00
 5.795000195503234863e-01 0.000000000000000000e+00 0.000000000000000000e+00
 5.849999785423278809e-01 0.000000000000000000e+00 0.000000000000000000e+00
 5.904999971389770508e-01 0.000000000000000000e+00 0.000000000000000000e+00
 5.960000157356262207e-01 0.000000000000000000e+00 0.000000000000000000e+00
 6.014999747276306152e-01 0.000000000000000000e+00 0.000000000000000000e+00
 6.069999933242797852e-01 0.000000000000000000e+00 0.000000000000000000e+00
 6.125000119209289551e-01 0.000000000000000000e+00 0.000000000000000000e+00
 6.179999709129333496e-01 0.000000000000000000e+00 0.000000000000000000e+00
 6.234999895095825195e-01 0.000000000000000000e+00 0.000000000000000000e+00
 6.290000081062316895e-01 0.000000000000000000e+00 0.000000000000000000e+00
 6.345000267028808594e-01 0.000000000000000000e+00 0.000000000000000000e+00
 6.399999856948852539e-01 0.000000000000000000e+00 0.000000000000000000e+00
 6.455000042915344238e-01 0.000000000000000000e+00 0.000000000000000000e+00
 6.510000228881835938e-01 0.000000000000000000e+00 0.000000000000000000e+00
 6.564999818801879883e-01 0.000000000000000000e+00 0.000000000000000000e+00
 6.620000004768371582e-01 0.000000000000000000e+00 0.000000000000000000e+00
 6.675000190734863281e-01 0.000000000000000000e+00 0.000000000000000000e+00
 6.729999780654907227e-01 0.000000000000000000e+00 0.000000000000000000e+00
 6.784999966621398926e-01 0.000000000000000000e+00 0.000000000000000000e+00
 6.840000152587890625e-01 0.000000000000000000e+00 0.000000000000000000e+00
 6.894999742507934570e-01 0.000000000000000000e+00 0.000000000000000000e+00
 6.949999928474426270e-01 0.000000000000000000e+00 0.000000000000000000e+00
 7.005000114440917969e-01 0.000000000000000000e+00 0.000000000000000000e+00
 7.059999704360961914e-01 0.000000000000000000e+00 0.000000000000000000e+00
 7.114999890327453613e-01 0.000000000000000000e+00 0.000000000000000000e+00
 7.170000076293945312e-01 0.000000000000000000e+00 0.000000000000000000e+00
 7.225000262260437012e-01 0.000000000000000000e+00 0.000000000000000000e+00
 7.279999852180480957e-01 0.000000000000000000e+00 0.000000000000000000e+00
 7.335000038146972656e-01 0.000000000000000000e+00 0.000000000000000000e+00
 7.390000224113464355e-01 0.000000000000000000e+00 0.000000000000000000e+00
 7.444999814033508301e-01 0.000000000000000000e+00 0.000000000000000000e+00
 7.500000000000000000e-01 0.000000000000000000e+00 0.000000000000000000e+00
 -6.250000000000000000e-01 5.000000074505805969e-02 0.000000000000000000e+00
 -6.194999814033508301e-01 5.000000074505805969e-02 0.000000000000000000e+00
 -6.140000224113464355e-01 5.000000074505805969e-02 0.000000000000000000e+00
 -6.085000038146972656e-01 5.000000074505805969e-02 0.000000000000000000e+00
 -6.029999852180480957e-01 5.000000074505805969e-02 0.000000000000000000e+00
 -5.975000262260437012e-01 5.000000074505805969e-02 0.000000000000000000e+00
 -5.920000076293945312e-01 5.000000074505805969e-02 0.000000000000000000e+00
 -5.864999890327453613e-01 5.000000074505805969e-02 0.000000000000000000e+00
 -5.809999704360961914e-01 5.000000074505805969e-02 0.000000000000000000e+00
 -5.755000114440917969e-01 5.000000074505805969e-02 0.000000000000000000e+00
 -5.699999928474426270e-01 5.000000074505805969e-02 0.000000000000000000e+00
 -5.644999742507934570e-01 5.000000074505805969e-02 0.000000000000000000e+00
 -5.590000152587890625e-01 5.000000074505805969e-02 0.000000000000000000e+00
 -5.534999966621398926e-01 5.000000074505805969e-02 0.000000000000000000e+00
 -5.479999780654907227e-01 5.000000074505805969e-02 0.000000000000000000e+00
 -5.425000190734863281e-01 5.000000074505805969e-02 0.000000000000000000e+00
 -5.370000004768371582e-01 5.000000074505805969e-02 0.000000000000000000e+00
 -5.314999818801879883e-01 5.000000074505805969e-02 0.000000000000000000e+00
 -5.260000228881835938e-01 5.000000074505805969e-02 0.000000000000000000e+00
 -5.205000042915344238e-01 5.000000074505805969e-02 0.000000000000000000e+00
 -5.149999856948852539e-01 5.000000074505805969e-02 0.000000000000000000e+00
 -5.095000267028808594e-01 5.000000074505805969e-02 0.000000000000000000e+00
 -5.040000081062316895e-01 5.000000074505805969e-02 0.000000000000000000e+00
 -4.984999895095825195e-01 5.000000074505805969e-02 0.000000000000000000e+00
 -4.930000007152557373e-01 5.000000074505805969e-02 0.000000000000000000e+00
 -4.875000119209289551e-01 5.000000074505805969e-02 0.000000000000000000e+00
 -4.819999933242797852e-01 5.000000074505805969e-02 0.000000000000000000e+00
 -4.765000045299530029e-01 5.000000074505805969e-02 0.000000000000000000e+00
 -4.709999859333038330e-01 5.000000074505805969e-02 0.000000000000000000e+00
 -4.654999971389770508e-01 5.000000074505805969e-02 0.000000000000000000e+00
 -4.600000083446502686e-01 5.000000074505805969e-02 0.000000000000000000e+00
 -4.544999897480010986e-01 5.000000074505805969e-02 0.000000000000000000e+00
 -4.490000009536743164e-01 5.000000074505805969e-02 0.000000000000000000e+00
 -4.435000121593475342e-01 5.000000074505805969e-02 0.000000000000000000e+00
 -4.379999935626983643e-01 5.000000074505805969e-02 0.000000000000000000e+00
 -4.325000047683715820e-01 5.000000074505805969e-02 0.000000000000000000e+00
 -4.269999861717224121e-01 5.000000074505805969e-02 0.000000000000000000e+00
 -4.214999973773956299e-01 5.000000074505805969e-02 0.000000000000000000e+00
 -4.160000085830688477e-01 5.000000074505805969e-02 0.000000000000000000e+00
 -4.104999899864196777e-01 5.000000074505805969e-02 0.000000000000000000e+00
 -4.050000011920928955e-01 5.000000074505805969e-02 0.000000000000000000e+00
 -3.995000123977661133e-01 5.000000074505805969e-02 0.000000000000000000e+00
 -3.939999938011169434e-01 5.000000074505805969e-02 0.000000000000000000e+00
 -3.885000050067901611e-01 5.000000074505805969e-02 0.000000000000000000e+00
 -3.829999864101409912e-01 5.000000074505805969e-02 0.000000000000000000e+00
 -3.774999976158142090e-01 5.000000074505805969e-02 0.000000000000000000e+00
 -3.720000088214874268e-01 5.000000074505805969e-02 0.000000000000000000e+00
 -3.664999902248382568e-01 5.000000074505805969e-02 0.000000000000000000e+00
 -3.610000014305114746e-01 5.000000074505805969e-02 0.000000000000000000e+00
 -3.555000126361846924e-01 5.000000074505805969e-02 0.000000000000000000e+00
 -3.499999940395355225e-01 5.000000074505805969e-02 0.000000000000000000e+00
 -3.445000052452087402e-01 5.000000074505805969e-02 0.000000000000000000e+00
 -3.389999866485595703e-01 5.000000074505805969e-02 0.000000000000000000e+00
 -3.334999978542327881e-01 5.000000074505805969e-02 0.000000000000000000e+00
 -3.280000090599060059e-01 5.000000074505805969e-02 0.000000000000000000e+00
 -3.224999904632568359e-01 5.000000074505805969e-02 0.000000000000000000e+00
 -3.170000016689300537e-01 5.000000074505805969e-02 0.000000000000000000e+00
 -3.115000128746032715e-01 5.000000074505805969e-02 0.000000000000000000e+00
 -3.059999942779541016e-01 5.000000074505805969e-02 0.000000000000000000e+00
 -3.005000054836273193e-01 5.000000074505805969e-02 0.000000000000000000e+00
 -2.949999868869781494e-01 5.000000074505805969e-02 0.000000000000000000e+00
 -2.894999980926513672e-01 5.000000074505805969e-02 0.000000000000000000e+00
 -2.840000092983245850e-01 5.000000074505805969e-02 0.000000000000000000e+00
 -2.784999907016754150e-01 5.000000074505805969e-02 0.000000000000000000e+00
 -2.730000019073486328e-01 5.000000074505805969e-02 0.000000000000000000e+00
 -2.675000131130218506e-01 5.000000074505805969e-02 0.000000000000000000e+00
 -2.619999945163726807e-01 5.000000074505805969e-02 0.000000000000000000e+00
 -2.565000057220458984e-01 5.000000074505805969e-02 0.000000000000000000e+00
 -2.509999871253967285e-01 5.000000074505805969e-02 0.000000000000000000e+00
 -2.454999983310699463e-01 5.000000074505805969e-02 0.000000000000000000e+00
 -2.399999946355819702e-01 5.000000074505805969e-02 0.000000000000000000e+00
 -2.345000058412551880e-01 5.000000074505805969e-02 0.000000000000000000e+00
 -2.290000021457672119e-01 5.000000074505805969e-02 0.000000000000000000e+00
 -2.234999984502792358e-01 5.000000074505805969e-02 0.000000000000000000e+00
 -2.179999947547912598e-01 5.000000074505805969e-02 0.000000000000000000e+00
 -2.125000059604644775e-01 5.000000074505805969e-02 0.000000000000000000e+00
 -2.070000022649765015e-01 5.000000074505805969e-02 0.000000000000000000e+00
 -2.014999985694885254e-01 5.000000074505805969e-02 0.000000000000000000e+00
 -1.959999948740005493e-01 5.000000074505805969e-02 0.000000000000000000e+00
 -1.905000060796737671e-01 5.000000074505805969e-02 0.000000000000000000e+00
 -1.850000023841857910e-01 5.000000074505805969e-02 0.000000000000000000e+00
 -1.794999986886978149e-01 5.000000074505805969e-02 0.000000000000000000e+00
 -1.739999949932098389e-01 5.000000074505805969e-02 0.000000000000000000e+00
 -1.685000061988830566e-01 5.000000074505805969e-02 0.000000000000000000e+00
 -1.630000025033950806e-01 5.000000074505805969e-02 0.000000000000000000e+00
 -1.574999988079071045e-01 5.000000074505805969e-02 0.000000000000000000e+00
 -1.519999951124191284e-01 5.000000074505805969e-02 0.000000000000000000e+00
 -1.465000063180923462e-01 5.000000074505805969e-02 0.000000000000000000e+00
 -1.410000026226043701e-01 5.000000074505805969e-02 0.000000000000000000e+00
 -1.354999989271163940e-01 5.000000074505805969e-02 0.000000000000000000e+00
 -1.299999952316284180e-01 5.000000074505805969e-02 0.000000000000000000e+00
 -1.244999989867210388e-01 5.000000074505805969e-02 0.000000000000000000e+00
 -1.190000027418136597e-01 5.000000074505805969e-02 0.000000000000000000e+00
 -1.134999990463256836e-01 5.000000074505805969e-02 0.000000000000000000e+00
 -1.080000028014183044e-01 5.000000074505805969e-02 0.000000000000000000e+00
 -1.024999991059303284e-01 5.000000074505805969e-02 0.000000000000000000e+00
 -9.700000286102294922e-02 5.000000074505805969e-02 0.000000000000000000e+00
 -9.149999916553497314e-02 5.000000074505805969e-02 0.000000000000000000e+00
 -8.600000292062759399e-02 5.000000074505805969e-02 0.000000000000000000e+00
 -8.049999922513961792e-02 5.000000074505805969e-02 0.000000000000000000e+00
 -7.500000298023223877e-02 5.000000074505805969e-02 0.000000000000000000e+00
 -6.949999928474426270e-02 5.000000074505805969e-02 0.000000000000000000e+00
 -6.400000303983688354e-02 5.000000074505805969e-02 0.000000000000000000e+00
 -5.849999934434890747e-02 5.000000074505805969e-02 0.000000000000000000e+00
 -5.299999937415122986e-02 5.000000074505805969e-02 0.000000000000000000e+00
 -4.749999940395355225e-02 5.000000074505805969e-02 0.000000000000000000e+00
 -4.199999943375587463e-02 5.000000074505805969e-02 0.000000000000000000e+00
 -3.649999946355819702e-02 5.000000074505805969e-02 0.000000000000000000e+00
 -3.099999949336051941e-02 5.000000074505805969e-02 0.000000000000000000e+00
 -2.549999952316284180e-02 5.000000074505805969e-02 0.000000000000000000e+00
 -1.999999955296516418e-02 5.000000074505805969e-02 0.000000000000000000e+00
 -1.449999958276748657e-02 5.000000074505805969e-02 0.000000000000000000e+00
 -8.999999612569808960e-03 5.000000074505805969e-02 0.000000000000000000e+00
 -3.500000108033418655e-03 5.000000074505805969e-02 0.000000000000000000e+00
 2.000000094994902611e-03 5.000000074505805969e-02 0.000000000000000000e+00
 7.499999832361936569e-03 5.000000074505805969e-02 0.000000000000000000e+00
 1.300000026822090149e-02 5.000000074505805969e-02 0.000000000000000000e+00
 1.850000023841857910e-02 5.000000074505805969e-02 0.000000000000000000e+00
 2.400000020861625671e-02 5.000000074505805969e-02 0.000000000000000000e+00
 2.950000017881393433e-02 5.000000074505805969e-02 0.000000000000000000e+00
 3.500000014901161194e-02 5.000000074505805969e-02 0.000000000000000000e+00
 4.050000011920928955e-02 5.000000074505805969e-02 0.000000000000000000e+00
 4.600000008940696716e-02 5.000000074505805969e-02 0.000000000000000000e+00
 5.150000005960464478e-02 5.000000074505805969e-02 0.000000000000000000e+00
 5.700000002980232239e-02 5.000000074505805969e-02 0.000000000000000000e+00
 6.250000000000000000e-02 5.000000074505805969e-02 0.000000000000000000e+00
 6.800000369548797607e-02 5.000000074505805969e-02 0.000000000000000000e+00
 7.349999994039535522e-02 5.000000074505805969e-02 0.000000000000000000e+00
 7.900000363588333130e-02 5.000000074505805969e-02 0.000000000000000000e+00
 8.449999988079071045e-02 5.000000074505805969e-02 0.000000000000000000e+00
 9.000000357627868652e-02 5.000000074505805969e-02 0.000000000000000000e+00
 9.549999982118606567e-02 5.000000074505805969e-02 0.000000000000000000e+00
 1.010000035166740417e-01 5.000000074505805969e-02 0.000000000000000000e+00
 1.064999997615814209e-01 5.000000074505805969e-02 0.000000000000000000e+00
 1.120000034570693970e-01 5.000000074505805969e-02 0.000000000000000000e+00
 1.174999997019767761e-01 5.000000074505805969e-02 0.000000000000000000e+00
 1.230000033974647522e-01 5.000000074505805969e-02 0.000000000000000000e+00
 1.284999996423721313e-01 5.000000074505805969e-02 0.000000000000000000e+00
 1.340000033378601074e-01 5.000000074505805969e-02 0.000000000000000000e+00
 1.395000070333480835e-01 5.000000074505805969e-02 0.000000000000000000e+00
 1.449999958276748657e-01 5.000000074505805969e-02 0.000000000000000000e+00
 1.504999995231628418e-01 5.000000074505805969e-02 0.000000000000000000e+00
 1.560000032186508179e-01 5.000000074505805969e-02 0.000000000000000000e+00
 1.615000069141387939e-01 5.000000074505805969e-02 0.000000000000000000e+00
 1.669999957084655762e-01 5.000000074505805969e-02 0.000000000000000000e+00
 1.724999994039535522e-01 5.000000074505805969e-02 0.000000000000000000e+00
 1.780000030994415283e-01 5.000000074505805969e-02 0.000000000000000000e+00
 1.835000067949295044e-01 5.000000074505805969e-02 0.000000000000000000e+00
 1.889999955892562866e-01 5.000000074505805969e-02 0.000000000000000000e+00
 1.944999992847442627e-01 5.000000074505805969e-02 0.000000000000000000e+00
 2.000000029802322388e-01 5.000000074505805969e-02 0.000000000000000000e+00
 2.055000066757202148e-01 5.000000074505805969e-02 0.000000000000000000e+00
 2.109999954700469971e-01 5.000000074505805969e-02 0.000000000000000000e+00
 2.164999991655349731e-01 5.000000074505805969e-02 0.000000000000000000e+00
 2.220000028610229492e-01 5.000000074505805969e-02 0.000000000000000000e+00
 2.275000065565109253e-01 5.000000074505805969e-02 0.000000000000000000e+00
 2.329999953508377075e-01 5.000000074505805969e-02 0.000000000000000000e+00
 2.384999990463256836e-01 5.000000074505805969e-02 0.000000000000000000e+00
 2.440000027418136597e-01 5.000000074505805969e-02 0.000000000000000000e+00
 2.495000064373016357e-01 5.000000074505805969e-02 0.000000000000000000e+00
 2.549999952316284180e-01 5.000000074505805969e-02 0.000000000000000000e+00
 2.605000138282775879e-01 5.000000074505805969e-02 0.000000000000000000e+00
 2.660000026226043701e-01 5.000000074505805969e-02 0.000000000000000000e+00
 2.714999914169311523e-01 5.000000074505805969e-02 0.000000000000000000e+00
 2.770000100135803223e-01 5.000000074505805969e-02 0.000000000000000000e+00
 2.824999988079071045e-01 5.000000074505805969e-02 0.000000000000000000e+00
 2.879999876022338867e-01 5.000000074505805969e-02 0.000000000000000000e+00
 2.935000061988830566e-01 5.000000074505805969e-02 0.000000000000000000e+00
 2.989999949932098389e-01 5.000000074505805969e-02 0.000000000000000000e+00
 3.045000135898590088e-01 5.000000074505805969e-02 0.000000000000000000e+00
 3.100000023841857910e-01 5.000000074505805969e-02 0.000000000000000000e+00
 3.154999911785125732e-01 5.000000074505805969e-02 0.000000000000000000e+00
 3.210000097751617432e-01 5.000000074505805969e-02 0.000000000000000000e+00
 3.264999985694885254e-01 5.000000074505805969e-02 0.000000000000000000e+00
 3.319999873638153076e-01 5.000000074505805969e-02 0.000000000000000000e+00
 3.375000059604644775e-01 5.000000074505805969e-02 0.000000000000000000e+00
 3.429999947547912598e-01 5.000000074505805969e-02 0.000000000000000000e+00
 3.485000133514404297e-01 5.000000074505805969e-02 0.000000000000000000e+00
 3.540000021457672119e-01 5.000000074505805969e-02 0.000000000000000000e+00
 3.594999909400939941e-01 5.000000074505805969e-02 0.000000000000000000e+00
 3.650000095367431641e-01 5.000000074505805969e-02 0.000000000000000000e+00
 3.704999983310699463e-01 5.000000074505805969e-02 0.000000000000000000e+00
 3.759999871253967285e-01 5.000000074505805969e-02 0.000000000000000000e+00
 3.815000057220458984e-01 5.000000074505805969e-02 0.000000000000000000e+00
 3.869999945163726807e-01 5.000000074505805969e-02 0.000000000000000000e+00
 3.925000131130218506e-01 5.000000074505805969e-02 0.000000000000000000e+00
 3.980000019073486328e-01 5.000000074505805969e-02 0.000000000000000000e+00
 4.034999907016754150e-01 5.000000074505805969e-02 0.000000000000000000e+00
 4.090000092983245850e-01 5.000000074505805969e-02 0.000000000000000000e+00
 4.144999980926513672e-01 5.000000074505805969e-02 0.000000000000000000e+00
 4.199999868869781494e-01 5.000000074505805969e-02 0.000000000000000000e+00
 4.255000054836273193e-01 5.000000074505805969e-02 0.000000000000000000e+00
 4.309999942779541016e-01 5.000000074505805969e-02 0.000000000000000000e+00
 4.365000128746032715e-01 5.000000074505805969e-02 0.000000000000000000e+00
 4.420000016689300537e-01 5.000000074505805969e-02 0.000000000000000000e+00
 4.474999904632568359e-01 5.000000074505805969e-02 0.000000000000000000e+00
 4.530000090599060059e-01 5.000000074505805969e-02 0.000000000000000000e+00
 4.584999978542327881e-01 5.000000074505805969e-02 0.000000000000000000e+00
 4.639999866485595703e-01 5.000000074505805969e-02 0.000000000000000000e+00
 4.695000052452087402e-01 5.000000074505805969e-02 0.000000000000000000e+00
 4.749999940395355225e-01 5.000000074505805969e-02 0.000000000000000000e+00
 4.805000126361846924e-01 5.000000074505805969e-02 0.000000000000000000e+00
 4.860000014305114746e-01 5.000000074505805969e-02 0.000000000000000000e+00
 4.914999902248382568e-01 5.000000074505805969e-02 0.000000000000000000e+00
 4.970000088214874268e-01 5.000000074505805969e-02 0.000000000000000000e+00
 5.024999976158142090e-01 5.000000074505805969e-02 0.000000000000000000e+00
 5.080000162124633789e-01 5.000000074505805969e-02 0.000000000000000000e+00
 5.134999752044677734e-01 5.000000074505805969e-02 0.000000000000000000e+00
 5.189999938011169434e-01 5.000000074505805969e-02 0.000000000000000000e+00
 5.245000123977661133e-01 5.000000074505805969e-02 0.000000000000000000e+00
 5.299999713897705078e-01 5.000000074505805969e-02 0.000000000000000000e+00
 5.354999899864196777e-01 5.000000074505805969e-02 0.000000000000000000e+00
 5.410000085830688477e-01 5.000000074505805969e-02 0.000000000000000000e+00
 5.465000271797180176e-01 5.000000074505805969e-02 0.000000000000000000e+00
 5.519999861717224121e-01 5.000000074505805969e-02 0.000000000000000000e+00
 5.575000047683715820e-01 5.000000074505805969e-02 0.000000000000000000e+00
 5.630000233650207520e-01 5.000000074505805969e-02 0.000000000000000000e+00
 5.684999823570251465e-01 5.000000074505805969e-02 0.000000000000000000e+00
 5.740000009536743164e-01 5.000000074505805969e-02 0.000000000000000000e+00
 5.795000195503234863e-01 5.000000074505805969e-02 0.000000000000000000e+00
 5.849999785423278809e-01 5.000000074505805969e-02 0.000000000000000000e+00
 5.904999971389770508e-01 5.000000074505805969e-02 0.000000000000000000e+00
 5.960000157356262207e-01 5.000000074505805969e-02 0.000000000000000000e+00
 6.014999747276306152e-01 5.000000074505805969e-02 0.000000000000000000e+00
 6.069999933242797852e-01 5.000000074505805969e-02 0.000000000000000000e+00
 6.125000119209289551e-01 5.000000074505805969e-02 0.000000000000000000e+00
 6.179999709129333496e-01 5.000000074505805969e-02 0.000000000000000000e+00
 6.234999895095825195e-01 5.000000074505805969e-02 0.000000000000000000e+00
 6.290000081062316895e-01 5.000000074505805969e-02 0.000000000000000000e+00
 6.345000267028808594e-01 5.000000074505805969e-02 0.000000000000000000e+00
 6.399999856948852539e-01 5.000000074505805969e-02 0.000000000000000000e+00
 6.455000042915344238e-01 5.000000074505805969e-02 0.000000000000000000e+00
 6.510000228881835938e-01 5.000000074505805969e-02 0.000000000000000000e+00
 6.564999818801879883e-01 5.000000074505805969e-02 0.000000000000000000e+00
 6.620000004768371582e-01 5.000000074505805969e-02 0.000000000000000000e+00
 6.675000190734863281e-01 5.000000074505805969e-02 0.000000000000000000e+00
 6.729999780654907227e-01 5.000000074505805969e-02 0.000000000000000000e+00
 6.784999966621398926e-01 5.000000074505805969e-02 0.000000000000000000e+00
 6.840000152587890625e-01 5.000000074505805969e-02 0.000000000000000000e+00
 6.894999742507934570e-01 5.000000074505805969e-02 0.000000000000000000e+00
 6.949999928474426270e-01 5.000000074505805969e-02 0.000000000000000000e+00
 7.005000114440917969e-01 5.000000074505805969e-02 0.000000000000000000e+00
 7.059999704360961914e-01 5.000000074505805969e-02 0.000000000000000000e+00
 7.114999890327453613e-01 5.000000074505805969e-02 0.000000000000000000e+00
 7.170000076293945312e-01 5.000000074505805969e-02 0.000000000000000000e+00
 7.225000262260437012e-01 5.000000074505805969e-02 0.000000000000000000e+00
 7.279999852180480957e-01 5.000000074505805969e-02 0.000000000000000000e+00
 7.335000038146972656e-01 5.000000074505805969e-02 0.000000000000000000e+00
 7.390000224113464355e-01 5.000000074505805969e-02 0.000000000000000000e+00
 7.444999814033508301e-01 5.000000074505805969e-02 0.000000000000000000e+00
 7.500000000000000000e-01 5.000000074505805969e-02 0.000000000000000000e+00
 -6.250000000000000000e-01 1.000000014901161194e-01 0.000000000000000000e+00
 -6.194999814033508301e-01 1.000000014901161194e-01 0.000000000000000000e+00
 -6.140000224113464355e-01 1.000000014901161194e-01 0.000000000000000000e+00
 -6.085000038146972656e-01 1.000000014901161194e-01 0.000000000000000000e+00
 -6.029999852180480957e-01 1.000000014901161194e-01 0.000000000000000000e+00
 -5.975000262260437012e-01 1.000000014901161194e-01 0.000000000000000000e+00
 -5.920000076293945312e-01 1.000000014901161194e-01 0.000000000000000000e+00
 -5.864999890327453613e-01 1.000000014901161194e-01 0.000000000000000000e+00
 -5.809999704360961914e-01 1.000000014901161194e-01 0.000000000000000000e+00
 -5.755000114440917969e-01 1.000000014901161194e-01 0.000000000000000000e+00
 -5.699999928474426270e-01 1.000000014901161194e-01 0.000000000000000000e+00
 -5.644999742507934570e-01 1.000000014901161194e-01 0.000000000000000000e+00
 -5.590000152587890625e-01 1.000000014901161194e-01 0.000000000000000000e+00
 -5.534999966621398926e-01 1.000000014901161194e-01 0.000000000000000000e+00
 -5.479999780654907227e-01 1.000000014901161194e-01 0.000000000000000000e+00
 -5.425000190734863281e-01 1.000000014901161194e-01 0.000000000000000000e+00
 -5.370000004768371582e-01 1.000000014901161194e-01 0.000000000000000000e+00
 -5.314999818801879883e-01 1.000000014901161194e-01 0.000000000000000000e+00
 -5.260000228881835938e-01 1.000000014901161194e-01 0.000000000000000000e+00
 -5.205000042915344238e-01 1.000000014901161194e-01 0.000000000000000000e+00
 -5.149999856948852539e-01 1.000000014901161194e-01 0.000000000000000000e+00
 -5.095000267028808594e-01 1.000000014901161194e-01 0.000000000000000000e+00
 -5.040000081062316895e-01 1.000000014901161194e-01 0.000000000000000000e+00
 -4.984999895095825195e-01 1.000000014901161194e-01 0.000000000000000000e+00
 -4.930000007152557373e-01 1.000000014901161194e-01 0.000000000000000000e+00
 -4.875000119209289551e-01 1.000000014901161194e-01 0.000000000000000000e+00
 -4.819999933242797852e-01 1.000000014901161194e-01 0.000000000000000000e+00
 -4.765000045299530029e-01 1.000000014901161194e-01 0.000000000000000000e+00
 -4.709999859333038330e-01 1.000000014901161194e-01 0.000000000000000000e+00
 -4.654999971389770508e-01 1.000000014901161194e-01 0.000000000000000000e+00
 -4.600000083446502686e-01 1.000000014901161194e-01 0.000000000000000000e+00
 -4.544999897480010986e-01 1.000000014901161194e-01 0.000000000000000000e+00
 -4.490000009536743164e-01 1.000000014901161194e-01 0.000000000000000000e+00
 -4.435000121593475342e-01 1.000000014901161194e-01 0.000000000000000000e+00
 -4.379999935626983643e-01 1.000000014901161194e-01 0.000000000000000000e+00
 -4.325000047683715820e-01 1.000000014901161194e-01 0.000000000000000000e+00
 -4.269999861717224121e-01 1.000000014901161194e-01 0.000000000000000000e+00
 -4.214999973773956299e-01 1.000000014901161194e-01 0.000000000000000000e+00
 -4.160000085830688477e-01 1.000000014901161194e-01 0.000000000000000000e+00
 -4.104999899864196777e-01 1.000000014901161194e-01 0.000000000000000000e+00
 -4.050000011920928955e-01 1.000000014901161194e-01 0.000000000000000000e+00
 -3.995000123977661133e-01 1.000000014901161194e-01 0.000000000000000000e+00
 -3.939999938011169434e-01 1.000000014901161194e-01 0.000000000000000000e+00
 -3.885000050067901611e-01 1.000000014901161194e-01 0.000000000000000000e+00
 -3.829999864101409912e-01 1.000000014901161194e-01 0.000000000000000000e+00
 -3.774999976158142090e-01 1.000000014901161194e-01 0.000000000000000000e+00
 -3.720000088214874268e-01 1.000000014901161194e-01 0.000000000000000000e+00
 -3.664999902248382568e-01 1.000000014901161194e-01 0.000000000000000000e+00
 -3.610000014305114746e-01 1.000000014901161194e-01 0.000000000000000000e+00
 -3.555000126361846924e-01 1.000000014901161194e-01 0.000000000000000000e+00
 -3.499999940395355225e-01 1.000000014901161194e-01 0.000000000000000000e+00
 -3.445000052452087402e-01 1.000000014901161194e-01 0.000000000000000000e+00
 -3.389999866485595703e-01 1.000000014901161194e-01 0.000000000000000000e+00
 -3.334999978542327881e-01 1.000000014901161194e-01 0.000000000000000000e+00
 -3.280000090599060059e-01 1.000000014901161194e-01 0.000000000000000000e+00
 -3.224999904632568359e-01 1.000000014901161194e-01 0.000000000000000000e+00
 -3.170000016689300537e-01 1.000000014901161194e-01 0.000000000000000000e+00
 -3.115000128746032715e-01 1.000000014901161194e-01 0.000000000000000000e+00
 -3.059999942779541016e-01 1.000000014901161194e-01 0.000000000000000000e+00
 -3.005000054836273193e-01 1.000000014901161194e-01 0.000000000000000000e+00
 -2.949999868869781494e-01 1.000000014901161194e-01 0.000000000000000000e+00
 -2.894999980926513672e-01 1.000000014901161194e-01 0.000000000000000000e+00
 -2.840000092983245850e-01 1.000000014901161194e-01 0.000000000000000000e+00
 -2.784999907016754150e-01 1.000000014901161194e-01 0.000000000000000000e+00
 -2.730000019073486328e-01 1.000000014901161194e-01 0.000000000000000000e+00
 -2.675000131130218506e-01 1.000000014901161194e-01 0.000000000000000000e+00
 -2.619999945163726807e-01 1.000000014901161194e-01 0.000000000000000000e+00
 -2.565000057220458984e-01 1.000000014901161194e-01 0.000000000000000000e+00
 -2.509999871253967285e-01 1.000000014901161194e-01 0.000000000000000000e+00
 -2.454999983310699463e-01 1.000000014901161194e-01 0.000000000000000000e+00
 -2.399999946355819702e-01 1.000000014901161194e-01 0.000000000000000000e+00
 -2.345000058412551880e-01 1.000000014901161194e-01 0.000000000000000000e+00
 -2.290000021457672119e-01 1.000000014901161194e-01 0.000000000000000000e+00
 -2.234999984502792358e-01 1.000000014901161194e-01 0.000000000000000000e+00
 -2.179999947547912598e-01 1.000000014901161194e-01 0.000000000000000000e+00
 -2.125000059604644775e-01 1.000000014901161194e-01 0.000000000000000000e+00
 -2.070000022649765015e-01 1.000000014901161194e-01 0.000000000000000000e+00
 -2.014999985694885254e-01 1.000000014901161194e-01 0.000000000000000000e+00
 -1.959999948740005493e-01 1.000000014901161194e-01 0.000000000000000000e+00
 -1.905000060796737671e-01 1.000000014901161194e-01 0.000000000000000000e+00
 -1.850000023841857910e-01 1.000000014901161194e-01 0.000000000000000000e+00
 -1.794999986886978149e-01 1.000000014901161194e-01 0.000000000000000000e+00
 -1.739999949932098389e-01 1.000000014901161194e-01 0.000000000000000000e+00
 -1.685000061988830566e-01 1.000000014901161194e-01 0.000000000000000000e+00
 -1.630000025033950806e-01 1.000000014901161194e-01 0.000000000000000000e+00
 -1.574999988079071045e-01 1.000000014901161194e-01 0.000000000000000000e+00
 -1.519999951124191284e-01 1.000000014901161194e-01 0.000000000000000000e+00
 -1.465000063180923462e-01 1.000000014901161194e-01 0.000000000000000000e+00
 -1.410000026226043701e-01 1.000000014901161194e-01 0.000000000000000000e+00
 -1.354999989271163940e-01 1.000000014901161194e-01 0.000000000000000000e+00
 -1.299999952316284180e-01 1.000000014901161194e-01 0.000000000000000000e+00
 -1.244999989867210388e-01 1.000000014901161194e-01 0.000000000000000000e+00
 -1.190000027418136597e-01 1.000000014901161194e-01 0.000000000000000000e+00
 -1.134999990463256836e-01 1.000000014901161194e-01 0.000000000000000000e+00
 -1.080000028014183044e-01 1.000000014901161194e-01 0.000000000000000000e+00
 -1.024999991059303284e-01 1.000000014901161194e-01 0.000000000000000000e+00
 -9.700000286102294922e-02 1.000000014901161194e-01 0.000000000000000000e+00
 -9.149999916553497314e-02 1.000000014901161194e-01 0.000000000000000000e+00
 -8.600000292062759399e-02 1.000000014901161194e-01 0.000000000000000000e+00
 -8.049999922513961792e-02 1.000000014901161194e-01 0.000000000000000000e+00
 -7.500000298023223877e-02 1.000000014901161194e-01 0.000000000000000000e+00
 -6.949999928474426270e-02 1.000000014901161194e-01 0.000000000000000000e+00
 -6.400000303983688354e-02 1.000000014901161194e-01 0.000000000000000000e+00
 -5.849999934434890747e-02 1.000000014901161194e-01 0.000000000000000000e+00
 -5.299999937415122986e-02 1.000000014901161194e-01 0.000000000000000000e+00
 -4.749999940395355225e-02 1.000000014901161194e-01 0.000000000000000000e+00
 -4.199999943375587463e-02 1.000000014901161194e-01 0.000000000000000000e+00
 -3.649999946355819702e-02 1.000000014901161194e-01 0.000000000000000000e+00
 -3.099999949336051941e-02 1.000000014901161194e-01 0.000000000000000000e+00
 -2.549999952316284180e-02 1.000000014901161194e-01 0.000000000000000000e+00
 -1.999999955296516418e-02 1.000000014901161194e-01 0.000000000000000000e+00
 -1.449999958276748657e-02 1.000000014901161194e-01 0.000000000000000000e+00
 -8.999999612569808960e-03 1.000000014901161194e-01 0.000000000000000000e+00
 -3.500000108033418655e-03 1.000000014901161194e-01 0.000000000000000000e+00
 2.000000094994902611e-03 1.000000014901161194e-01 0.000000000000000000e+00
 7.499999832361936569e-03 1.000000014901161194e-01 0.000000000000000000e+00
 1.300000026822090149e-02 1.000000014901161194e-01 0.000000000000000000e+00
 1.850000023841857910e-02 1.000000014901161194e-01 0.000000000000000000e+00
 2.400000020861625671e-02 1.000000014901161194e-01 0.000000000000000000e+00
 2.950000017881393433e-02 1.000000014901161194e-01 0.000000000000000000e+00
 3.500000014901161194e-02 1.000000014901161194e-01 0.000000000000000000e+00
 4.050000011920928955e-02 1.000000014901161194e-01 0.000000000000000000e+00
 4.600000008940696716e-02 1.000000014901161194e-01 0.000000000000000000e+00
 5.150000005960464478e-02 1.000000014901161194e-01 0.000000000000000000e+00
 5.700000002980232239e-02 1.000000014901161194e-01 0.000000000000000000e+00
 6.250000000000000000e-02 1.000000014901161194e-01 0.000000000000000000e+00
 6.800000369548797607e-02 1.000000014901161194e-01 0.000000000000000000e+00
 7.349999994039535522e-02 1.000000014901161194e-01 0.000000000000000000e+00
 7.900000363588333130e-02 1.000000014901161194e-01 0.000000000000000000e+00
 8.449999988079071045e-02 1.000000014901161194e-01 0.000000000000000000e+00
 9.000000357627868652e-02 1.000000014901161194e-01 0.000000000000000000e+00
 9.549999982118606567e-02 1.000000014901161194e-01 0.000000000000000000e+00
 1.010000035166740417e-01 1.000000014901161194e-01 0.000000000000000000e+00
 1.064999997615814209e-01 1.000000014901161194e-01 0.000000000000000000e+00
 1.120000034570693970e-01 1.000000014901161194e-01 0.000000000000000000e+00
 1.174999997019767761e-01 1.000000014901161194e-01 0.000000000000000000e+00
 1.230000033974647522e-01 1.000000014901161194e-01 0.000000000000000000e+00
 1.284999996423721313e-01 1.000000014901161194e-01 0.000000000000000000e+00
 1.340000033378601074e-01 1.000000014901161194e-01 0.000000000000000000e+00
 1.395000070333480835e-01 1.000000014901161194e-01 0.000000000000000000e+00
 1.449999958276748657e-01 1.000000014901161194e-01 0.000000000000000000e+00
 1.504999995231628418e-01 1.000000014901161194e-01 0.000000000000000000e+00
 1.560000032186508179e-01 1.000000014901161194e-01 0.000000000000000000e+00
 1.615000069141387939e-01 1.000000014901161194e-01 0.000000000000000000e+00
 1.669999957084655762e-01 1.000000014901161194e-01 0.000000000000000000e+00
 1.724999994039535522e-01 1.000000014901161194e-01 0.000000000000000000e+00
 1.780000030994415283e-01 1.000000014901161194e-01 0.000000000000000000e+00
 1.835000067949295044e-01 1.000000014901161194e-01 0.000000000000000000e+00
 1.889999955892562866e-01 1.000000014901161194e-01 0.000000000000000000e+00
 1.944999992847442627e-01 1.000000014901161194e-01 0.000000000000000000e+00
 2.000000029802322388e-01 1.000000014901161194e-01 0.000000000000000000e+00
 2.055000066757202148e-01 1.000000014901161194e-01 0.000000000000000000e+00
 2.109999954700469971e-01 1.000000014901161194e-01 0.000000000000000000e+00
 2.164999991655349731e-01 1.000000014901161194e-01 0.000000000000000000e+00
 2.220000028610229492e-01 1.000000014901161194e-01 0.000000000000000000e+00
 2.275000065565109253e-01 1.000000014901161194e-01 0.000000000000000000e+00
 2.329999953508377075e-01 1.000000014901161194e-01 0.000000000000000000e+00
 2.384999990463256836e-01 1.000000014901161194e-01 0.000000000000000000e+00
 2.440000027418136597e-01 1.000000014901161194e-01 0.000000000000000000e+00
 2.495000064373016357e-01 1.000000014901161194e-01 0.000000000000000000e+00
 2.549999952316284180e-01 1.000000014901161194e-01 0.000000000000000000e+00
 2.605000138282775879e-01 1.000000014901161194e-01 0.000000000000000000e+00
 2.660000026226043701e-01 1.000000014901161194e-01 0.000000000000000000e+00
 2.714999914169311523e-01 1.000000014901161194e-01 0.000000000000000000e+00
 2.770000100135803223e-01 1.000000014901161194e-01 0.000000000000000000e+00
 2.824999988079071045e-01 1.000000014901161194e-01 0.000000000000000000e+00
 2.879999876022338867e-01 1.000000014901161194e-01 0.000000000000000000e+00
 2.935000061988830566e-01 1.000000014901161194e-01 0.000000000000000000e+00
 2.989999949932098389e-01 1.000000014901161194e-01 0.000000000000000000e+00
 3.045000135898590088e-01 1.000000014901161194e-01 0.000000000000000000e+00
 3.100000023841857910e-01 1.000000014901161194e-01 0.000000000000000000e+00
 3.154999911785125732e-01 1.000000014901161194e-01 0.000000000000000000e+00
 3.210000097751617432e-01 1.000000014901161194e-01 0.000000000000000000e+00
 3.264999985694885254e-01 1.000000014901161194e-01 0.000000000000000000e+00
 3.319999873638153076e-01 1.000000014901161194e-01 0.000000000000000000e+00
 3.375000059604644775e-01 1.000000014901161194e-01 0.000000000000000000e+00
 3.429999947547912598e-01 1.000000014901161194e-01 0.000000000000000000e+00
 3.485000133514404297e-01 1.000000014901161194e-01 0.000000000000000000e+00
 3.540000021457672119e-01 1.000000014901161194e-01 0.000000000000000000e+00
 3.594999909400939941e-01 1.000000014901161194e-01 0.000000000000000000e+00
 3.650000095367431641e-01 1.000000014901161194e-01 0.000000000000000000e+00
 3.704999983310699463e-01 1.000000014901161194e-01 0.000000000000000000e+00
 3.759999871253967285e-01 1.000000014901161194e-01 0.000000000000000000e+00
 3.815000057220458984e-01 1.000000014901161194e-01 0.000000000000000000e+00
 3.869999945163726807e-01 1.000000014901161194e-01 0.000000000000000000e+00
 3.925000131130218506e-01 1.000000014901161194e-01 0.000000000000000000e+00
 3.980000019073486328e-01 1.000000014901161194e-01 0.000000000000000000e+00
 4.034999907016754150e-01 1.000000014901161194e-01 0.000000000000000000e+00
 4.090000092983245850e-01 1.000000014901161194e-01 0.000000000000000000e+00
 4.144999980926513672e-01 1.000000014901161194e-01 0.000000000000000000e+00
 4.199999868869781494e-01 1.000000014901161194e-01 0.000000000000000000e+00
 4.255000054836273193e-01 1.000000014901161194e-01 0.000000000000000000e+00
 4.309999942779541016e-01 1.000000014901161194e-01 0.000000000000000000e+00
 4.365000128746032715e-01 1.000000014901161194e-01 0.000000000000000000e+00
 4.420000016689300537e-01 1.000000014901161194e-01 0.000000000000000000e+00
 4.474999904632568359e-01 1.000000014901161194e-01 0.000000000000000000e+00
 4.530000090599060059e-01 1.000000014901161194e-01 0.000000000000000000e+00
 4.584999978542327881e-01 1.000000014901161194e-01 0.000000000000000000e+00
 4.639999866485595703e-01 1.000000014901161194e-01 0.000000000000000000e+00
 4.695000052452087402e-01 1.000000014901161194e-01 0.000000000000000000e+00
 4.749999940395355225e-01 1.000000014901161194e-01 0.000000000000000000e+00
 4.805000126361846924e-01 1.000000014901161194e-01 0.000000000000000000e+00
 4.860000014305114746e-01 1.000000014901161194e-01 0.000000000000000000e+00
 4.914999902248382568e-01 1.000000014901161194e-01 0.000000000000000000e+00
 4.970000088214874268e-01 1.000000014901161194e-01 0.000000000000000000e+00
 5.024999976158142090e-01 1.000000014901161194e-01 0.000000000000000000e+00
 5.080000162124633789e-01 1.000000014901161194e-01 0.000000000000000000e+00
 5.134999752044677734e-01 1.000000014901161194e-01 0.000000000000000000e+00
 5.189999938011169434e-01 1.000000014901161194e-01 0.000000000000000000e+00
 5.245000123977661133e-01 1.000000014901161194e-01 0.000000000000000000e+00
 5.299999713897705078e-01 1.000000014901161194e-01 0.000000000000000000e+00
 5.354999899864196777e-01 1.000000014901161194e-01 0.000000000000000000e+00
 5.410000085830688477e-01 1.000000014901161194e-01 0.000000000000000000e+00
 5.465000271797180176e-01 1.000000014901161194e-01 0.000000000000000000e+00
 5.519999861717224121e-01 1.000000014901161194e-01 0.000000000000000000e+00
 5.575000047683715820e-01 1.000000014901161194e-01 0.000000000000000000e+00
 5.630000233650207520e-01 1.000000014901161194e-01 0.000000000000000000e+00
 5.684999823570251465e-01 1.000000014901161194e-01 0.000000000000000000e+00
 5.740000009536743164e-01 1.000000014901161194e-01 0.000000000000000000e+00
 5.795000195503234863e-01 1.000000014901161194e-01 0.000000000000000000e+00
 5.849999785423278809e-01 1.000000014901161194e-01 0.000000000000000000e+00
 5.904999971389770508e-01 1.000000014901161194e-01 0.000000000000000000e+00
 5.960000157356262207e-01 1.000000014901161194e-01 0.000000000000000000e+00
 6.014999747276306152e-01 1.000000014901161194e-01 0.000000000000000000e+00
 6.069999933242797852e-01 1.000000014901161194e-01 0.000000000000000000e+00
 6.125000119209289551e-01 1.000000014901161194e-01 0.000000000000000000e+00
 6.179999709129333496e-01 1.000000014901161194e-01 0.000000000000000000e+00
 6.234999895095825195e-01 1.000000014901161194e-01 0.000000000000000000e+00
 6.290000081062316895e-01 1.000000014901161194e-01 0.000000000000000000e+00
 6.345000267028808594e-01 1.000000014901161194e-01 0.000000000000000000e+00
 6.399999856948852539e-01 1.000000014901161194e-01 0.000000000000000000e+00
 6.455000042915344238e-01 1.000000014901161194e-01 0.000000000000000000e+00
 6.510000228881835938e-01 1.000000014901161194e-01 0.000000000000000000e+00
 6.564999818801879883e-01 1.000000014901161194e-01 0.000000000000000000e+00
 6.620000004768371582e-01 1.000000014901161194e-01 0.000000000000000000e+00
 6.675000190734863281e-01 1.000000014901161194e-01 0.000000000000000000e+00
 6.729999780654907227e-01 1.000000014901161194e-01 0.000000000000000000e+00
 6.784999966621398926e-01 1.000000014901161194e-01 0.000000000000000000e+00
 6.840000152587890625e-01 1.000000014901161194e-01 0.000000000000000000e+00
 6.894999742507934570e-01 1.000000014901161194e-01 0.000000000000000000e+00
 6.949999928474426270e-01 1.000000014901161194e-01 0.000000000000000000e+00
 7.005000114440917969e-01 1.000000014901161194e-01 0.000000000000000000e+00
 7.059999704360961914e-01 1.000000014901161194e-01 0.000000000000000000e+00
 7.114999890327453613e-01 1.000000014901161194e-01 0.000000000000000000e+00
 7.170000076293945312e-01 1.000000014901161194e-01 0.000000000000000000e+00
 7.225000262260437012e-01 1.000000014901161194e-01 0.000000000000000000e+00
 7.279999852180480957e-01 1.000000014901161194e-01 0.000000000000000000e+00
 7.335000038146972656e-01 1.000000014901161194e-01 0.000000000000000000e+00
 7.390000224113464355e-01 1.000000014901161194e-01 0.000000000000000000e+00
 7.444999814033508301e-01 1.000000014901161194e-01 0.000000000000000000e+00
 7.500000000000000000e-01 1.000000014901161194e-01 0.000000000000000000e+00
 </DataArray>
</Points>
<Cells>
 <DataArray type="Int32" Name="connectivity" format="ascii">
 0 1 252 251
 1 2 253 252
 2 3 254 253
 3 4 255 254
 4 5 256 255
 5 6 257 256
 6 7 258 257
 7 8 259 258
 8 9 260 259
 9 10 261 260
 10 11 262 261
 11 12 263 262
 12 13 264 263
 13 14 265 264
 14 15 266 265
 15 16 267 266
 16 17 268 267
 17 18 269 268
 18 19 270 269
 19 20 271 270
 20 21 272 271
 21 22 273 272
 22 23 274 273
 23 24 275 274
 24 25 276 275
 25 26 277 276
 26 27 278 277
 27 28 279 278
 28 29 280 279
 29 30 281 280
 30 31 282 281
 31 32 283 282
 32 33 284 283
 33 34 285 284
 34 35 286 285
 35 36 287 286
 36 37 288 287
 37 38 289 288
 38 39 290 289
 39 40 291 290
 40 41 292 291
 41 42 293 292
 42 43 294 293
 43 44 295 294
 44 45 296 295
 45 46 297 296
 46 47 298 297
 47 48 299 298
 48 49 300 299
 49 50 301 300
 50 51 302 301
 51 52 303 302
 52 53 304 303
 53 54 305 304
 54 55 306 305
 55 56 307 306
 56 57 308 307
 57 58 309 308
 58 59 310 309
 59 60 311 310
 60 61 312 311
 61 62 313 312
 62 63 314 313
 63 64 315 314
 64 65 316 315
 65 66 317 316
 66 67 318 317
 67 68 319 318
 68 69 320 319
 69 70 321 320
 70 71 322 321
 71 72 323 322
 72 73 324 323
 73 74 325 324
 74 75 326 325
 75 76 327 326
 76 77 328 327
 77 78 329 328
 78 79 330 329
 79 80 331 330
 80 81 332 331
 81 82 333 332
 82 83 334 333
 83 84 335 334
 84 85 336 335
 85 86 337 336
 86 87 338 337
 87 88 339 338
 88 89 340 339
 89 90 341 340
 90 91 342 341
 91 92 343 342
 92 93 344 343
 93 94 345 344
 94 95 346 345
 95 96 347 346
 96 97 348 347
 97 98 349 348
 98 99 350 349
 99 100 351 350
 100 101 352 351
 101 102 353 352
 102 103 354 353
 103 104 355 354
 104 105 356 355
 105 106 357 356
 106 107 358 357
 107 108 359 358
 108 109 360 359
 109 110 361 360
 110 111 362 361
 111 112 363 362
 112 113 364 363
 113 114 365 364
 114 115 366 365
 115 116 367 366
 116 117 368 367
 117 118 369 368
 118 119 370 369
 119 120 371 370
 120 121 372 371
 121 122 373 372
 122 123 374 373
 123 124 375 374
 124 125 376 375
 125 126 377 376
 126 127 378 377
 127 128 379 378
 128 129 380 379
 129 130 381 380
 130 131 382 381
 131 132 383 382
 132 133 384 383
 133 134 385 384
 134 135 386 385
 135 136 387 386
 136 137 388 387
 137 138 389 388
 138 139 390 389
 139 140 391 390
 140 141 392 391
 141 142 393 392
 142 143 394 393
 143 144 395 394
 144 145 396 395
 145 146 397 396
 146 147 398 397
 147 148 399 398
 148 149 400 399
 149 150 401 400
 150 151 402 401
 151 152 403 402
 152 153 404 403
 153 154 405 404
 154 155 406 405
 155 156 407 406
 156 157 408 407
 157 158 409 408
 158 159 410 409
 159 160 411 410
 160 161 412 411
 161 162 413 412
 162 163 414 413
 163 164 415 414
 164 165 416 415
 165 166 417 416
 166 167 418 417
 167 168 419 418
 168 169 420 419
 169 170 421 420
 170 171 422 421
 171 172 423 422
 172 173 424 423
 173 174 425 424
 174 175 426 425
 175 176 427 426
 176 177 428 427
 177 178 429 428
 178 179 430 429
 179 180 431 430
 180 181 432 431
 181 182 433 432
 182 183 434 433
 183 184 435 434
 184 185 436 435
 185 186 437 436
 186 187 438 437
 187 188 439 438
 188 189 440 439
 189 190 441 440
 190 191 442 441
 191 192 443 442
 192 193 444 443
 193 194 445 444
 194 195 446 445
 195 196 447 446
 196 197 448 447
 197 198 449 448
 198 199 450 449
 199 200 451 450
 200 201 452 451
 201 202 453 452
 202 203 454 453
 203 204 455 454
 204 205 456 455
 205 206 457 456
 206 207 458 457
 207 208 459 458
 208 209 460 459
 209 210 461 460
 210 211 462 461
 211 212 463 462
 212 213 464 463
 213 214 465 464
 214 215 466 465
 215 216 467 466
 216 217 468 467
 217 218 469 468
 218 219 470 469
 219 220 471 470
 220 221 472 471
 221 222 473 472
 222 223 474 473
 223 224 475 474
 224 225 476 475
 225 226 477 476
 226 227 478 477
 227 228 479 478
 228 229 480 479
 229 230 481 480
 230 231 482 481
 231 232 483 482
 232 233 484 483
 233 234 485 484
 234 235 486 485
 235 236 487 486
 236 237 488 487
 237 238 489 488
 238 239 490 489
 239 240 491 490
 240 241 492 491
 241 242 493 492
 242 243 494 493
 243 244 495 494
 244 245 496 495
 245 246 497 496
 246 247 498 497
 247 248 499 498
 248 249 500 499
 249 250 501 500
 251 252 503 502
 252 253 504 503
 253 254 505 504
 254 255 506 505
 255 256 507 506
 256 257 508 507
 257 258 509 508
 258 259 510 509
 259 260 511 510
 260 261 512 511
 261 262 513 512
 262 263 514 513
 263 264 515 514
 264 265 516 515
 265 266 517 516
 266 267 518 517
 267 268 519 518
 268 269 520 519
 269 270 521 520
 270 271 522 521
 271 272 523 522
 272 273 524 523
 273 274 525 524
 274 275 526 525
 275 276 527 526
 276 277 528 527
 277 278 529 528
 278 279 530 529
 279 280 531 530
 280 281 532 531
 281 282 533 532
 282 283 534 533
 283 284 535 534
 284 285 536 535
 285 286 537 536
 286 287 538 537
 287 288 539 538
 288 289 540 539
 289 290 541 540
 290 291 542 541
 291 292 543 542
 292 293 544 543
 293 294 545 544
 294 295 546 545
 295 296 547 546
 296 297 548 547
 297 298 549 548
 298 299 550 549
 299 300 551 550
 300 301 552 551
 301 302 553 552
 302 303 554 553
 303 304 555 554
 304 305 556 555
 305 306 557 556
 306 307 558 557
 307 308 559 558
 308 309 560 559
 309 310 561 560
 310 311 562 561
 311 312 563 562
 312 313 564 563
 313 314 565 564
 314 315 566 565
 315 316 567 566
 316 317 568 567
 317 318 569 568
 318 319 570 569
 319 320 571 570
 320 321 572 571
 321 322 573 572
 322 323 574 573
 323 324 575 574
 324 325 576 575
 325 326 577 576
 326 327 578 577
 327 328 579 578
 328 329 580 579
 329 330 581 580
 330 331 582 581
 331 332 583 582
 332 333 584 583
 333 334 585 584
 334 335 586 585
 335 336 587 586
 336 337 588 587
 337 338 589 588
 338 339 590 589
 339 340 591 590
 340 341 592 591
 341 342 593 592
 342 343 594 593
 343 344 595 594
 344 345 596 595
 345 346 597 596
 346 347 598 597
 347 348 599 598
 348 349 600 599
 349 350 601 600
 350 351 602 601
 351 352 603 602
 352 353 604 603
 353 354 605 604
 354 355 606 605
 355 356 607 606
 356 357 608 607
 357 358 609 608
 358 359 610 609
 359 360 611 610
 360 361 612 611
 361 362 613 612
 362 363 614 613
 363 364 615 614
 364 365 616 615
 365 366 617 616
 366 367 618 617
 367 368 619 618
 368 369 620 619
 369 370 621 620
 370 371 622 621
 371 372 623 622
 372 373 624 623
 373 374 625 624
 374 375 626 625
 375 376 627 626
 376 377 628 627
 377 378 629 628
 378 379 630 629
 379 380 631 630
 380 381 632 631
 381 382 633 632
 382 383 634 633
 383 384 635 634
 384 385 636 635
 385 386 637 636
 386 387 638 637
 387 388 639 638
 388 389 640 639
 389 390 641 640
 390 391 642 641
 391 392 643 642
 392 393 644 643
 393 394 645 644
 394 395 646 645
 395 396 647 646
 396 397 648 647
 397 398 649 648
 398 399 650 649
 399 400 651 650
 400 401 652 651
 401 402 653 652
 402 403 654 653
 403 404 655 654
 404 405 656 655
 405 406 657 656
 406 407 658 657
 407 408 659 658
 408 409 660 659
 409 410 661 660
 410 411 662 661
 411 412 663 662
 412 413 664 663
 413 414 665 664
 414 415 666 665
 415 416 667 666
 416 417 668 667
 417 418 669 668
 418 419 670 669
 419 420 671 670
 420 421 672 671
 421 422 673 672
 422 423 674 673
 423 424 675 674
 424 425 676 675
 425 426 677 676
 426 427 678 677
 427 428 679 678
 428 429 680 679
 429 430 681 680
 430 431 682 681
 431 432 683 682
 432 433 684 683
 433 434 685 684
 434 435 686 685
 435 436 687 686
 436 437 688 687
 437 438 689 688
 438 439 690 689
 439 440 691 690
 440 441 692 691
 441 442 693 692
 442 443 694 693
 443 444 695 694
 444 445 696 695
 445 446 697 696
 446 447 698 697
 447 448 699 698
 448 449 700 699
 449 450 701 700
 450 451 702 701
 451 452 703 702
 452 453 704 703
 453 454 705 704
 454 455 706 705
 455 456 707 706
 456 457 708 707
 457 458 709 708
 458 459 710 709
 459 460 711 710
 460 461 712 711
 461 462 713 712
 462 463 714 713
 463 464 715 714
 464 465 716 715
 465 466 717 716
 466 467 718 717
 467 468 719 718
 468 469 720 719
 469 470 721 720
 470 471 722 721
 471 472 723 722
 472 473 724 723
 473 474 725 724
 474 475 726 725
 475 476 727 726
 476 477 728 727
 477 478 729 728
 478 479 730 729
 479 480 731 730
 480 481 732 731
 481 482 733 732
 482 483 734 733
 483 484 735 734
 484 485 736 735
 485 486 737 736
 486 487 738 737
 487 488 739 738
 488 489 740 739
 489 490 741 740
 490 491 742 741
 491 492 743 742
 492 493 744 743
 493 494 745 744
 494 495 746 745
 495 496 747 746
 496 497 748 747
 497 498 749 748
 498 499 750 749
 499 500 751 750
 500 501 752 751
 </DataArray>
 <DataArray type="Int32" Name="offsets" format="ascii">
 4
 8
 12
 16
 20
 24
 28
 32
 36
 40
 44
 48
 52
 56
 60
 64
 68
 72
 76
 80
 84
 88
 92
 96
 100
 104
 108
 112
 116
 120
 124
 128
 132
 136
 140
 144
 148
 152
 156
 160
 164
 168
 172
 176
 180
 184
 188
 192
 196
 200
 204
 208
 212
 216
 220
 224
 228
 232
 236
 240
 244
 248
 252
 256
 260
 264
 268
 272
 276
 280
 284
 288
 292
 296
 300
 304
 308
 312
 316
 320
 324
 328
 332
 336
 340
 344
 348
 352
 356
 360
 364
 368
 372
 376
 380
 384
 388
 392
 396
 400
 404
 408
 412
 416
 420
 424
 428
 432
 436
 440
 444
 448
 452
 456
 460
 464
 468
 472
 476
 480
 484
 488
 492
 496
 500
 504
 508
 512
 516
 520
 524
 528
 532
 536
 540
 544
 548
 552
 556
 560
 564
 568
 572
 576
 580
 584
 588
 592
 596
 600
 604
 608
 612
 616
 620
 624
 628
 632
 636
 640
 644
 648
 652
 656
 660
 664
 668
 672
 676
 680
 684
 688
 692
 696
 700
 704
 708
 712
 716
 720
 724
 728
 732
 736
 740
 744
 748
 752
 756
 760
 764
 768
 772
 776
 780
 784
 788
 792
 796
 800
 804
 808
 812
 816
 820
 824
 828
 832
 836
 840
 844
 848
 852
 856
 860
 864
 868
 872
 876
 880
 884
 888
 892
 896
 900
 904
 908
 912
 916
 920
 924
 928
 932
 936
 940
 944
 948
 952
 956
 960
 964
 968
 972
 976
 980
 984
 988
 992
 996
 1000
 1004
 1008
 1012
 1016
 1020
 1024
 1028
 1032
 1036
 1040
 1044
 1048
 1052
 1056
 1060
 1064
 1068
 1072
 1076
 1080
 1084
 1088
 1092
 1096
 1100
 1104
 1108
 1112
 1116
 1120
 1124
 1128
 1132
 1136
 1140
 1144
 1148
 1152
 1156
 1160
 1164
 1168
 1172
 1176
 1180
 1184
 1188
 1192
 1196
 1200
 1204
 1208
 1212
 1216
 1220
 1224
 1228
 1232
 1236
 1240
 1244
 1248
 1252
 1256
 1260
 1264
 1268
 1272
 1276
 1280
 1284
 1288
 1292
 1296
 1300
 1304
 1308
 1312
 1316
 1320
 1324
 1328
 1332
 1336
 1340
 1344
 1348
 1352
 1356
 1360
 1364
 1368
 1372
 1376
 1380
 1384
 1388
 1392
 1396
 1400
 1404
 1408
 1412
 1416
 1420
 1424
 1428
 1432
 1436
 1440
 1444
 1448
 1452
 1456
 1460
 1464
 1468
 1472
 1476
 1480
 1484
 1488
 1492
 1496
 1500
 1504
 1508
 1512
 1516
 1520
 1524
 1528
 1532
 1536
 1540
 1544
 1548
 1552
 1556
 1560
 1564
 1568
 1572
 1576
 1580
 1584
 1588
 1592
 1596
 1600
 1604
 1608
 1612
 1616
 1620
 1624
 1628
 1632
 1636
 1640
 1644
 1648
 1652
 1656
 1660
 1664
 1668
 1672
 1676
 1680
 1684
 1688
 1692
 1696
 1700
 1704
 1708
 1712
 1716
 1720
 1724
 1728
 1732
 1736
 1740
 1744
 1748
 1752
 1756
 1760
 1764
 1768
 1772
 1776
 1780
 1784
 1788
 1792
 1796
 1800
 1804
 1808
 1812
 1816
 1820
 1824
 1828
 1832
 1836
 1840
 1844
 1848
 1852
 1856
 1860
 1864
 1868
 1872
 1876
 1880
 1884
 1888
 1892
 1896
 1900
 1904
 1908
 1912
 1916
 1920
 1924
 1928
 1932
 1936
 1940
 1944
 1948
 1952
 1956
 1960
 1964
 1968
 1972
 1976
 1980
 1984
 1988
 1992
 1996
 2000
 </DataArray>
 <DataArray type="UInt8" Name="types" format="ascii">
 9
 9
 9
 9
 9
 9
 9
 9
 9
 9
 9
 9
 9
 9
 9
 9
 9
 9
 9
 9
 9
 9
 9
 9
 9
 9
 9
 9
 9
 9
 9
 9
 9
 9
 9
 9
 9
 9
 9
 9
 9
 9
 9
 9
 9
 9
 9
 9
 9
 9
 9
 9
 9
 9
 9
 9
 9
 9
 9
 9
 9
 9
 9
 9
 9
 9
 9
 9
 9
 9
 9
 9
 9
 9
 9
 9
 9
 9
 9
 9
 9
 9
 9
 9
 9
 9
 9
 9
 9
 9
 9
 9
 9
 9
 9
 9
 9
 9
 9
 9
 9
 9
 9
 9
 9
 9
 9
 9
 9
 9
 9
 9
 9
 9
 9
 9
 9
 9
 9
 9
 9
 9
 9
 9
 9
 9
 9
 9
 9
 9
 9
 9
 9
 9
 9
 9
 9
 9
 9
 9
 9
 9
 9
 9
 9
 9
 9
 9
 9
 9
 9
 9
 9
 9
 9
 9
 9
 9
 9
 9
 9
 9
 9
 9
 9
 9
 9
 9
 9
 9
 9
 9
 9
 9
 9
 9
 9
 9
 9
 9
 9
 9
 9
 9
 9
 9
 9
 9
 9
 9
 9
 9
 9
 9
 9
 9
 9
 9
 9
 9
 9
 9
 9
 9
 9
 9
 9
 9
 9
 9
 9
 9
 9
 9
 9
 9
 9
 9
 9
 9
 9
 9
 9
 9
 9
 9
 9
 9
 9
 9
 9
 9
 9
 9
 9
 9
 9
 9
 9
 9
 9
 9
 9
 9
 9
 9
 9
 9
 9
 9
 9
 9
 9
 9
 9
 9
 9
 9
 9
 9
 9
 9
 9
 9
 9
 9
 9
 9
 9
 9
 9
 9
 9
 9
 9
 9
 9
 9
 9
 9
 9
 9
 9
 9
 9
 9
 9
 9
 9
 9
 9
 9
 9
 9
 9
 9
 9
 9
 9
 9
 9
 9
 9
 9
 9
 9
 9
 9
 9
 9
 9
 9
 9
 9
 9
 9
 9
 9
 9
 9
 9
 9
 9
 9
 9
 9
 9
 9
 9
 9
 9
 9
 9
 9
 9
 9
 9
 9
 9
 9
 9
 9
 9
 9
 9
 9
 9
 9
 9
 9
 9
 9
 9
 9
 9
 9
 9
 9
 9
 9
 9
 9
 9
 9
 9
 9
 9
 9
 9
 9
 9
 9
 9
 9
 9
 9
 9
 9
 9
 9
 9
 9
 9
 9
 9
 9
 9
 9
 9
 9
 9
 9
 9
 9
 9
 9
 9
 9
 9
 9
 9
 9
 9
 9
 9
 9
 9
 9
 9
 9
 9
 9
 9
 9
 9
 9
 9
 9
 9
 9
 9
 9
 9
 9
 9
 9
 9
 9
 9
 9
 9
 9
 9
 9
 9
 9
 9
 9
 9
 9
 9
 9
 9
 9
 9
 9
 9
 9
 9
 9
 9
 9
 9
 9
 9
 9
 9
 9
 9
 9
 9
 9
 9
 9
 9
 9
 9
 9
 9
 9
 9
 9
 9
 9
 9
 9
 9
 9
 9
 9
 9
 9
 9
 9
 9
 9
 9
 9
 9
 9
 9
 9
 9
 9
 9
 9
 9
 9
 9
 9
 </DataArray>
</Cells>
<CellData>
 <DataArray Name="pos.x" type="Float32" NumberOfComponents="1" format="ascii">
 -6.222499999999970832e-01
 -6.167500000000060156e-01
 -6.112500000000026246e-01
 -6.057500000000067830e-01
 -6.002499999999996172e-01
 -5.947500000000048859e-01
 -5.892499999999941673e-01
 -5.837500000000067635e-01
 -5.782500000000038165e-01
 -5.727499999999916547e-01
 -5.672499999999978115e-01
 -5.617500000000028582e-01
 -5.562499999999975797e-01
 -5.507500000000106199e-01
 -5.452499999999964597e-01
 -5.397499999999927356e-01
 -5.342499999999961169e-01
 -5.287500000000034950e-01
 -5.232499999999965512e-01
 -5.177500000000133662e-01
 -5.122499999999904352e-01
 -5.067499999999981464e-01
 -5.012500000000023048e-01
 -4.957499999999995244e-01
 -4.902500000000008518e-01
 -4.847499999999995146e-01
 -4.792499999999994542e-01
 -4.737500000000061107e-01
 -4.682500000000019424e-01
 -4.627499999999968860e-01
 -4.572499999999977693e-01
 -4.517500000000004845e-01
 -4.462499999999979261e-01
 -4.407499999999981433e-01
 -4.352500000000024127e-01
 -4.297499999999985221e-01
 -4.242500000000004046e-01
 -4.187499999999977351e-01
 -4.132499999999992846e-01
 -4.077500000000031100e-01
 -4.022499999999986642e-01
 -3.967500000000019345e-01
 -3.912499999999991540e-01
 -3.857499999999975393e-01
 -3.802500000000020308e-01
 -3.747499999999991394e-01
 -3.692500000000044635e-01
 -3.637499999999986855e-01
 -3.582499999999964047e-01
 -3.527500000000047820e-01
 -3.472499999999983378e-01
 -3.417500000000024962e-01
 -3.362499999999976064e-01
 -3.307499999999992668e-01
 -3.252499999999989844e-01
 -3.197500000000012554e-01
 -3.142499999999979754e-01
 -3.087500000000030220e-01
 -3.032499999999973550e-01
 -2.977500000000011804e-01
 -2.922500000000012865e-01
 -2.867499999999992832e-01
 -2.812500000000009992e-01
 -2.757499999999977747e-01
 -2.702500000000016001e-01
 -2.647499999999980980e-01
 -2.592500000000014793e-01
 -2.537500000000000311e-01
 -2.482499999999995544e-01
 -2.427500000000002989e-01
 -2.372499999999999054e-01
 -2.317500000000005389e-01
 -2.262500000000002565e-01
 -2.207499999999997520e-01
 -2.152499999999990254e-01
 -2.097500000000005194e-01
 -2.042499999999994043e-01
 -1.987500000000002598e-01
 -1.932500000000003659e-01
 -1.877499999999999725e-01
 -1.822499999999996068e-01
 -1.767500000000002125e-01
 -1.712499999999992639e-01
 -1.657499999999999529e-01
 -1.602499999999995317e-01
 -1.547499999999999432e-01
 -1.492500000000003268e-01
 -1.437500000000001832e-01
 -1.382499999999994844e-01
 -1.327500000000004232e-01
 -1.272499999999993636e-01
 -1.217499999999998861e-01
 -1.162499999999996730e-01
 -1.107500000000001400e-01
 -1.052499999999996633e-01
 -9.974999999999999145e-02
 -9.424999999999973677e-02
 -8.874999999999998168e-02
 -8.324999999999957434e-02
 -7.774999999999983313e-02
 -7.224999999999978662e-02
 -6.675000000000015643e-02
 -6.125000000000017236e-02
 -5.575000000000011890e-02
 -5.025000000000004463e-02
 -4.475000000000017852e-02
 -3.925000000000015282e-02
 -3.374999999999993977e-02
 -2.825000000000000427e-02
 -2.275000000000015205e-02
 -1.725000000000021308e-02
 -1.175000000000003646e-02
 -6.249999999999977796e-03
 -7.500000000001393356e-04
 4.749999999999920952e-03
 1.025000000000009411e-02
 1.575000000000003481e-02
 2.124999999999988010e-02
 2.674999999999982947e-02
 3.225000000000001477e-02
 3.775000000000008210e-02
 4.324999999999991351e-02
 4.874999999999991840e-02
 5.425000000000006900e-02
 5.975000000000018491e-02
 6.524999999999987754e-02
 7.074999999999996569e-02
 7.625000000000003997e-02
 8.174999999999996159e-02
 8.724999999999996647e-02
 9.274999999999997136e-02
 9.825000000000023992e-02
 1.037499999999999534e-01
 1.092500000000001248e-01
 1.147499999999996301e-01
 1.202500000000004537e-01
 1.257499999999997509e-01
 1.312500000000002554e-01
 1.367500000000002047e-01
 1.422499999999997100e-01
 1.477500000000008251e-01
 1.532499999999996365e-01
 1.587499999999998079e-01
 1.642500000000000071e-01
 1.697499999999993736e-01
 1.752500000000005165e-01
 1.807500000000011042e-01
 1.862500000000004707e-01
 1.917499999999996985e-01
 1.972499999999997866e-01
 2.027500000000000968e-01
 2.082499999999997131e-01
 2.137500000000000233e-01
 2.192500000000009996e-01
 2.247499999999996445e-01
 2.302500000000010649e-01
 2.357499999999993212e-01
 2.412499999999999090e-01
 2.467500000000006910e-01
 2.522499999999993636e-01
 2.577500000000023106e-01
 2.632499999999992069e-01
 2.687499999999998779e-01
 2.742499999999995497e-01
 2.797499999999999987e-01
 2.852500000000005587e-01
 2.907500000000009521e-01
 2.962499999999981815e-01
 3.017499999999994631e-01
 3.072500000000009113e-01
 3.127499999999991953e-01
 3.182499999999996443e-01
 3.237499999999989830e-01
 3.292500000000022631e-01
 3.347499999999965503e-01
 3.402500000000012181e-01
 3.457499999999993912e-01
 3.512500000000027822e-01
 3.567499999999980131e-01
 3.622500000000008491e-01
 3.677499999999987446e-01
 3.732499999999964180e-01
 3.787500000000021405e-01
 3.842499999999998694e-01
 3.897500000000029829e-01
 3.952499999999987135e-01
 4.007499999999996620e-01
 4.062499999999992228e-01
 4.117499999999995608e-01
 4.172500000000041731e-01
 4.227499999999960734e-01
 4.282499999999997420e-01
 4.337500000000010236e-01
 4.392500000000004179e-01
 4.447499999999975362e-01
 4.502500000000035918e-01
 4.557499999999966578e-01
 4.612500000000023803e-01
 4.667500000000023852e-01
 4.722500000000011688e-01
 4.777499999999984537e-01
 4.832499999999980145e-01
 4.887499999999999067e-01
 4.942499999999987459e-01
 4.997500000000011933e-01
 5.052499999999995328e-01
 5.107499999999993712e-01
 5.162499999999995426e-01
 5.217500000000039329e-01
 5.272499999999992193e-01
 5.327499999999983915e-01
 5.382500000000000062e-01
 5.437499999999952927e-01
 5.492500000000051230e-01
 5.547499999999965237e-01
 5.602500000000063540e-01
 5.657499999999967555e-01
 5.712499999999997025e-01
 5.767500000000017613e-01
 5.822500000000003784e-01
 5.877500000000031033e-01
 5.932499999999969464e-01
 5.987500000000053335e-01
 6.042499999999887406e-01
 6.097500000000100062e-01
 6.152500000000026281e-01
 6.207499999999943618e-01
 6.262499999999990852e-01
 6.317500000000082494e-01
 6.372499999999956533e-01
 6.427499999999921609e-01
 6.482500000000053220e-01
 6.537500000000023848e-01
 6.592500000000013349e-01
 6.647499999999911813e-01
 6.702500000000064517e-01
 6.757499999999871942e-01
 6.812500000000126787e-01
 6.867499999999926441e-01
 6.922500000000155751e-01
 6.977499999999990932e-01
 7.032499999999958229e-01
 7.087499999999941069e-01
 7.142500000000031601e-01
 7.197499999999963372e-01
 7.252500000000157154e-01
 7.307499999999651497e-01
 7.362500000000274936e-01
 7.417499999999855875e-01
 7.472499999999987486e-01
 -6.222499999999941966e-01
 -6.167500000000005755e-01
 -6.112500000000026246e-01
 -6.057499999999983453e-01
 -6.002499999999859615e-01
 -5.947500000000101039e-01
 -5.892499999999941673e-01
 -5.837500000000067635e-01
 -5.782500000000049267e-01
 -5.727499999999905445e-01
 -5.672499999999978115e-01
 -5.617499999999986393e-01
 -5.562499999999934719e-01
 -5.507500000000106199e-01
 -5.452499999999995683e-01
 -5.397499999999980647e-01
 -5.342500000000002247e-01
 -5.287500000000076028e-01
 -5.232499999999986606e-01
 -5.177500000000070379e-01
 -5.122499999999873266e-01
 -5.067499999999970361e-01
 -5.012500000000023048e-01
 -4.957499999999995244e-01
 -4.902500000000029612e-01
 -4.847499999999973497e-01
 -4.792499999999994542e-01
 -4.737500000000061107e-01
 -4.682499999999987228e-01
 -4.627500000000001057e-01
 -4.572499999999977693e-01
 -4.517500000000004845e-01
 -4.462499999999979261e-01
 -4.407499999999981433e-01
 -4.352500000000034119e-01
 -4.297499999999975229e-01
 -4.242500000000004046e-01
 -4.187499999999977351e-01
 -4.132499999999983964e-01
 -4.077500000000039981e-01
 -4.022499999999986642e-01
 -3.967500000000019345e-01
 -3.912499999999991540e-01
 -3.857499999999975393e-01
 -3.802500000000020308e-01
 -3.747499999999991394e-01
 -3.692500000000044635e-01
 -3.637499999999986855e-01
 -3.582500000000001794e-01
 -3.527500000000031721e-01
 -3.472499999999962284e-01
 -3.417500000000003868e-01
 -3.362499999999997158e-01
 -3.307500000000013762e-01
 -3.252499999999989844e-01
 -3.197500000000012554e-01
 -3.142499999999979754e-01
 -3.087500000000030220e-01
 -3.032499999999976326e-01
 -2.977500000000008473e-01
 -2.922500000000012865e-01
 -2.867499999999992832e-01
 -2.812500000000009992e-01
 -2.757499999999977747e-01
 -2.702500000000016001e-01
 -2.647499999999980980e-01
 -2.592500000000014793e-01
 -2.537500000000000311e-01
 -2.482499999999987494e-01
 -2.427500000000011038e-01
 -2.372499999999999054e-01
 -2.317500000000005389e-01
 -2.262500000000002565e-01
 -2.207499999999997520e-01
 -2.152499999999990254e-01
 -2.097500000000005194e-01
 -2.042499999999994043e-01
 -1.987500000000002598e-01
 -1.932500000000001716e-01
 -1.877500000000001945e-01
 -1.822499999999996068e-01
 -1.767500000000002125e-01
 -1.712499999999992639e-01
 -1.657499999999999529e-01
 -1.602499999999995317e-01
 -1.547499999999999432e-01
 -1.492500000000003268e-01
 -1.437500000000001832e-01
 -1.382499999999995677e-01
 -1.327500000000003400e-01
 -1.272499999999993636e-01
 -1.217499999999998861e-01
 -1.162499999999996730e-01
 -1.107500000000001400e-01
 -1.052499999999996633e-01
 -9.974999999999999145e-02
 -9.424999999999973677e-02
 -8.874999999999998168e-02
 -8.324999999999979639e-02
 -7.774999999999981926e-02
 -7.224999999999978662e-02
 -6.675000000000017031e-02
 -6.125000000000022093e-02
 -5.575000000000011890e-02
 -5.025000000000004463e-02
 -4.475000000000011607e-02
 -3.925000000000013201e-02
 -3.374999999999993977e-02
 -2.825000000000000427e-02
 -2.275000000000015551e-02
 -1.725000000000021308e-02
 -1.175000000000003646e-02
 -6.249999999999977796e-03
 -7.500000000001393356e-04
 4.749999999999920952e-03
 1.025000000000009411e-02
 1.575000000000003481e-02
 2.124999999999988010e-02
 2.674999999999982947e-02
 3.225000000000000783e-02
 3.775000000000006822e-02
 4.324999999999988576e-02
 4.874999999999989758e-02
 5.425000000000006900e-02
 5.975000000000018491e-02
 6.524999999999990530e-02
 7.074999999999988243e-02
 7.625000000000003997e-02
 8.174999999999996159e-02
 8.724999999999996647e-02
 9.275000000000011013e-02
 9.825000000000023992e-02
 1.037499999999999534e-01
 1.092500000000001248e-01
 1.147499999999996301e-01
 1.202500000000002595e-01
 1.257499999999996954e-01
 1.312500000000002554e-01
 1.367500000000002047e-01
 1.422499999999997100e-01
 1.477500000000008251e-01
 1.532499999999995810e-01
 1.587500000000001132e-01
 1.642500000000000071e-01
 1.697499999999993736e-01
 1.752500000000009051e-01
 1.807500000000001883e-01
 1.862500000000004707e-01
 1.917499999999996985e-01
 1.972500000000004527e-01
 2.027499999999994307e-01
 2.082499999999997131e-01
 2.137500000000000233e-01
 2.192500000000009996e-01
 2.247499999999996445e-01
 2.302500000000002878e-01
 2.357500000000001261e-01
 2.412499999999999090e-01
 2.467500000000006910e-01
 2.522499999999993636e-01
 2.577500000000023106e-01
 2.632499999999989293e-01
 2.687500000000000999e-01
 2.742499999999995497e-01
 2.797499999999999987e-01
 2.852500000000017799e-01
 2.907499999999996754e-01
 2.962499999999981815e-01
 3.017499999999994631e-01
 3.072500000000006337e-01
 3.127500000000014713e-01
 3.182499999999996443e-01
 3.237499999999989830e-01
 3.292500000000022631e-01
 3.347499999999965503e-01
 3.402500000000012181e-01
 3.457499999999993912e-01
 3.512500000000027822e-01
 3.567499999999980131e-01
 3.622499999999971299e-01
 3.677500000000025193e-01
 3.732499999999964180e-01
 3.787500000000021405e-01
 3.842499999999998694e-01
 3.897500000000029829e-01
 3.952499999999987135e-01
 4.007499999999996620e-01
 4.062499999999992228e-01
 4.117499999999995608e-01
 4.172500000000051168e-01
 4.227499999999951852e-01
 4.282499999999997420e-01
 4.337500000000010236e-01
 4.392500000000004179e-01
 4.447499999999975362e-01
 4.502500000000035918e-01
 4.557499999999966578e-01
 4.612500000000023803e-01
 4.667500000000023852e-01
 4.722500000000043330e-01
 4.777499999999952895e-01
 4.832499999999980145e-01
 4.887499999999999067e-01
 4.942499999999987459e-01
 4.997500000000011933e-01
 5.052499999999995328e-01
 5.107499999999993712e-01
 5.162499999999995426e-01
 5.217500000000039329e-01
 5.272499999999981091e-01
 5.327499999999993907e-01
 5.382500000000000062e-01
 5.437499999999952927e-01
 5.492500000000051230e-01
 5.547499999999965237e-01
 5.602500000000063540e-01
 5.657499999999967555e-01
 5.712499999999997025e-01
 5.767500000000017613e-01
 5.822499999999992681e-01
 5.877500000000042135e-01
 5.932499999999969464e-01
 5.987500000000053335e-01
 6.042499999999887406e-01
 6.097500000000100062e-01
 6.152500000000026281e-01
 6.207499999999943618e-01
 6.262499999999990852e-01
 6.317500000000082494e-01
 6.372499999999956533e-01
 6.427499999999920499e-01
 6.482500000000054330e-01
 6.537500000000023848e-01
 6.592500000000013349e-01
 6.647499999999911813e-01
 6.702500000000064517e-01
 6.757499999999928564e-01
 6.812500000000069056e-01
 6.867499999999926441e-01
 6.922500000000155751e-01
 6.977499999999990932e-01
 7.032499999999958229e-01
 7.087499999999793410e-01
 7.142500000000178151e-01
 7.197499999999963372e-01
 7.252500000000157154e-01
 7.307499999999802487e-01
 7.362500000000123945e-01
 7.417499999999855875e-01
 7.472499999999987486e-01
 </DataArray>
 <DataArray Name="pos.y" type="Float32" NumberOfComponents="1" format="ascii">
 2.499999999999985567e-02
 2.500000000000015057e-02
 2.500000000000026160e-02
 2.500000000000008812e-02
 2.499999999999986261e-02
 2.499999999999994588e-02
 2.499999999999960587e-02
 2.500000000000040384e-02
 2.500000000000040384e-02
 2.499999999999960587e-02
 2.499999999999994241e-02
 2.499999999999985567e-02
 2.500000000000008812e-02
 2.500000000000026160e-02
 2.500000000000014710e-02
 2.499999999999985220e-02
 2.499999999999953995e-02
 2.500000000000046629e-02
 2.499999999999993200e-02
 2.500000000000039344e-02
 2.499999999999953995e-02
 2.499999999999994241e-02
 2.499999999999992506e-02
 2.500000000000008812e-02
 2.500000000000009853e-02
 2.499999999999992853e-02
 2.499999999999994241e-02
 2.500000000000017486e-02
 2.500000000000008812e-02
 2.499999999999994241e-02
 2.500000000000015057e-02
 2.499999999999985567e-02
 2.499999999999985567e-02
 2.500000000000015057e-02
 2.499999999999993200e-02
 2.500000000000008812e-02
 2.499999999999985567e-02
 2.499999999999994241e-02
 2.500000000000007078e-02
 2.500000000000015057e-02
 2.499999999999985567e-02
 2.500000000000015057e-02
 2.499999999999987996e-02
 2.499999999999992506e-02
 2.500000000000008812e-02
 2.499999999999992506e-02
 2.500000000000019221e-02
 2.499999999999992506e-02
 2.499999999999976893e-02
 2.500000000000023731e-02
 2.499999999999987996e-02
 2.500000000000015057e-02
 2.499999999999985567e-02
 2.500000000000015057e-02
 2.499999999999987996e-02
 2.500000000000015057e-02
 2.499999999999985567e-02
 2.500000000000003608e-02
 2.500000000000003608e-02
 2.500000000000003608e-02
 2.499999999999997016e-02
 2.500000000000003608e-02
 2.500000000000003608e-02
 2.499999999999987996e-02
 2.500000000000012976e-02
 2.499999999999987996e-02
 2.500000000000003608e-02
 2.500000000000003608e-02
 2.499999999999997016e-02
 2.500000000000003608e-02
 2.500000000000003608e-02
 2.500000000000003608e-02
 2.499999999999997016e-02
 2.500000000000003608e-02
 2.499999999999987996e-02
 2.500000000000003608e-02
 2.499999999999997016e-02
 2.500000000000003608e-02
 2.500000000000003608e-02
 2.500000000000003608e-02
 2.499999999999997016e-02
 2.500000000000003608e-02
 2.499999999999987996e-02
 2.500000000000003608e-02
 2.499999999999997016e-02
 2.500000000000003608e-02
 2.500000000000003608e-02
 2.500000000000003608e-02
 2.499999999999997016e-02
 2.500000000000003608e-02
 2.499999999999995628e-02
 2.500000000000003608e-02
 2.499999999999997016e-02
 2.500000000000003608e-02
 2.499999999999995628e-02
 2.500000000000003608e-02
 2.499999999999997016e-02
 2.500000000000003608e-02
 2.499999999999995628e-02
 2.499999999999999445e-02
 2.500000000000001180e-02
 2.499999999999999098e-02
 2.499999999999999445e-02
 2.500000000000002220e-02
 2.500000000000001180e-02
 2.500000000000001874e-02
 2.500000000000000486e-02
 2.499999999999999445e-02
 2.500000000000001180e-02
 2.499999999999999445e-02
 2.500000000000000486e-02
 2.500000000000000139e-02
 2.500000000000000139e-02
 2.500000000000000139e-02
 2.500000000000000139e-02
 2.500000000000000139e-02
 2.500000000000000139e-02
 2.499999999999999445e-02
 2.500000000000001527e-02
 2.499999999999999445e-02
 2.500000000000000486e-02
 2.500000000000001180e-02
 2.499999999999998404e-02
 2.499999999999999445e-02
 2.500000000000001180e-02
 2.500000000000001874e-02
 2.499999999999999792e-02
 2.500000000000002220e-02
 2.499999999999997016e-02
 2.499999999999997710e-02
 2.500000000000002914e-02
 2.500000000000003608e-02
 2.499999999999997016e-02
 2.500000000000004996e-02
 2.499999999999995628e-02
 2.500000000000001180e-02
 2.499999999999997016e-02
 2.500000000000004996e-02
 2.500000000000002220e-02
 2.499999999999995628e-02
 2.500000000000004996e-02
 2.499999999999997016e-02
 2.499999999999995628e-02
 2.499999999999994241e-02
 2.499999999999997016e-02
 2.499999999999997710e-02
 2.500000000000010547e-02
 2.500000000000003608e-02
 2.499999999999997016e-02
 2.499999999999997710e-02
 2.500000000000004649e-02
 2.499999999999994241e-02
 2.499999999999997016e-02
 2.500000000000012976e-02
 2.499999999999994241e-02
 2.500000000000003261e-02
 2.499999999999997016e-02
 2.499999999999997016e-02
 2.500000000000003608e-02
 2.499999999999994241e-02
 2.500000000000012976e-02
 2.499999999999997016e-02
 2.499999999999994241e-02
 2.500000000000003608e-02
 2.499999999999997016e-02
 2.499999999999997710e-02
 2.500000000000013670e-02
 2.499999999999987996e-02
 2.500000000000003608e-02
 2.499999999999997016e-02
 2.500000000000003608e-02
 2.499999999999987996e-02
 2.499999999999987996e-02
 2.500000000000012976e-02
 2.499999999999987996e-02
 2.500000000000019221e-02
 2.499999999999987996e-02
 2.500000000000012976e-02
 2.499999999999987996e-02
 2.500000000000019221e-02
 2.499999999999987996e-02
 2.499999999999981404e-02
 2.500000000000019221e-02
 2.499999999999987996e-02
 2.500000000000019221e-02
 2.499999999999981404e-02
 2.500000000000019221e-02
 2.499999999999987996e-02
 2.499999999999987996e-02
 2.500000000000012976e-02
 2.499999999999987996e-02
 2.500000000000019221e-02
 2.499999999999987996e-02
 2.500000000000012976e-02
 2.499999999999987996e-02
 2.500000000000019221e-02
 2.499999999999981404e-02
 2.500000000000019221e-02
 2.499999999999994241e-02
 2.500000000000007078e-02
 2.499999999999994241e-02
 2.499999999999987996e-02
 2.500000000000012976e-02
 2.499999999999987996e-02
 2.500000000000012976e-02
 2.499999999999987996e-02
 2.499999999999994241e-02
 2.500000000000007078e-02
 2.499999999999994241e-02
 2.500000000000019221e-02
 2.499999999999981404e-02
 2.500000000000019221e-02
 2.499999999999981404e-02
 2.500000000000019221e-02
 2.499999999999994241e-02
 2.500000000000007078e-02
 2.499999999999994241e-02
 2.499999999999987996e-02
 2.500000000000012976e-02
 2.499999999999987996e-02
 2.500000000000012976e-02
 2.499999999999987996e-02
 2.500000000000026160e-02
 2.499999999999975506e-02
 2.500000000000026160e-02
 2.499999999999987996e-02
 2.500000000000012976e-02
 2.499999999999987996e-02
 2.500000000000012976e-02
 2.499999999999987996e-02
 2.499999999999976547e-02
 2.500000000000026854e-02
 2.500000000000012976e-02
 2.499999999999987996e-02
 2.499999999999987996e-02
 2.500000000000012976e-02
 2.499999999999961975e-02
 2.500000000000037956e-02
 2.499999999999987996e-02
 2.500000000000026160e-02
 2.500000000000012976e-02
 2.499999999999987996e-02
 2.499999999999987996e-02
 2.500000000000012976e-02
 2.499999999999962669e-02
 2.500000000000051140e-02
 2.499999999999912709e-02
 2.500000000000089304e-02
 2.499999999999950179e-02
 2.499999999999987996e-02
 7.500000000000014988e-02
 7.499999999999990008e-02
 7.500000000000078826e-02
 7.499999999999994171e-02
 7.499999999999934497e-02
 7.500000000000042744e-02
 7.499999999999913680e-02
 7.500000000000088540e-02
 7.500000000000102418e-02
 7.499999999999899802e-02
 7.499999999999983069e-02
 7.499999999999990008e-02
 7.499999999999994171e-02
 7.500000000000078826e-02
 7.500000000000002498e-02
 7.499999999999996947e-02
 7.499999999999895639e-02
 7.500000000000106581e-02
 7.499999999999971967e-02
 7.500000000000092704e-02
 7.499999999999898415e-02
 7.499999999999981681e-02
 7.500000000000009437e-02
 7.499999999999994171e-02
 7.499999999999992784e-02
 7.500000000000017764e-02
 7.499999999999983069e-02
 7.500000000000085765e-02
 7.499999999999987232e-02
 7.499999999999991396e-02
 7.500000000000012212e-02
 7.499999999999990008e-02
 7.499999999999990008e-02
 7.500000000000012212e-02
 7.499999999999992784e-02
 7.499999999999980294e-02
 7.499999999999990008e-02
 7.499999999999983069e-02
 7.500000000000006661e-02
 7.500000000000030254e-02
 7.499999999999990008e-02
 7.500000000000012212e-02
 7.499999999999963640e-02
 7.500000000000009437e-02
 7.499999999999994171e-02
 7.500000000000009437e-02
 7.500000000000058009e-02
 7.500000000000009437e-02
 7.499999999999967804e-02
 7.500000000000037192e-02
 7.499999999999963640e-02
 7.500000000000012212e-02
 7.499999999999990008e-02
 7.500000000000012212e-02
 7.499999999999963640e-02
 7.500000000000012212e-02
 7.499999999999990008e-02
 7.500000000000010825e-02
 7.500000000000020539e-02
 7.500000000000001110e-02
 7.499999999999990008e-02
 7.500000000000010825e-02
 7.500000000000010825e-02
 7.499999999999963640e-02
 7.500000000000038580e-02
 7.499999999999963640e-02
 7.500000000000010825e-02
 7.500000000000010825e-02
 7.499999999999990008e-02
 7.500000000000012212e-02
 7.500000000000010825e-02
 7.500000000000010825e-02
 7.499999999999990008e-02
 7.500000000000010825e-02
 7.499999999999963640e-02
 7.500000000000010825e-02
 7.499999999999990008e-02
 7.500000000000010825e-02
 7.500000000000001110e-02
 7.500000000000021927e-02
 7.499999999999990008e-02
 7.500000000000010825e-02
 7.499999999999963640e-02
 7.500000000000010825e-02
 7.499999999999990008e-02
 7.500000000000010825e-02
 7.500000000000010825e-02
 7.500000000000010825e-02
 7.499999999999994171e-02
 7.500000000000008049e-02
 7.499999999999987232e-02
 7.500000000000010825e-02
 7.499999999999990008e-02
 7.500000000000010825e-02
 7.499999999999987232e-02
 7.500000000000010825e-02
 7.499999999999990008e-02
 7.500000000000010825e-02
 7.500000000000002498e-02
 7.499999999999995559e-02
 7.500000000000002498e-02
 7.499999999999999722e-02
 7.499999999999998335e-02
 7.500000000000006661e-02
 7.500000000000002498e-02
 7.499999999999998335e-02
 7.499999999999998335e-02
 7.499999999999998335e-02
 7.500000000000002498e-02
 7.499999999999999722e-02
 7.500000000000001110e-02
 7.500000000000001110e-02
 7.499999999999999722e-02
 7.499999999999999722e-02
 7.500000000000001110e-02
 7.500000000000001110e-02
 7.500000000000001110e-02
 7.499999999999996947e-02
 7.500000000000003886e-02
 7.499999999999998335e-02
 7.499999999999998335e-02
 7.499999999999994171e-02
 7.499999999999992784e-02
 7.499999999999998335e-02
 7.500000000000002498e-02
 7.500000000000003886e-02
 7.499999999999991396e-02
 7.500000000000006661e-02
 7.499999999999990008e-02
 7.499999999999990008e-02
 7.500000000000014988e-02
 7.500000000000010825e-02
 7.499999999999990008e-02
 7.500000000000013600e-02
 7.499999999999987232e-02
 7.500000000000002498e-02
 7.499999999999991396e-02
 7.500000000000013600e-02
 7.500000000000006661e-02
 7.499999999999987232e-02
 7.500000000000013600e-02
 7.499999999999984457e-02
 7.500000000000016376e-02
 7.499999999999983069e-02
 7.499999999999990008e-02
 7.500000000000021927e-02
 7.500000000000003886e-02
 7.500000000000010825e-02
 7.499999999999990008e-02
 7.500000000000023315e-02
 7.499999999999985845e-02
 7.499999999999983069e-02
 7.499999999999990008e-02
 7.500000000000038580e-02
 7.499999999999983069e-02
 7.500000000000005274e-02
 7.499999999999995559e-02
 7.499999999999990008e-02
 7.500000000000010825e-02
 7.499999999999983069e-02
 7.500000000000038580e-02
 7.499999999999987232e-02
 7.499999999999985845e-02
 7.500000000000010825e-02
 7.499999999999990008e-02
 7.500000000000027478e-02
 7.500000000000009437e-02
 7.499999999999963640e-02
 7.500000000000010825e-02
 7.499999999999980294e-02
 7.500000000000070499e-02
 7.499999999999963640e-02
 7.499999999999963640e-02
 7.500000000000038580e-02
 7.499999999999963640e-02
 7.500000000000058009e-02
 7.499999999999963640e-02
 7.500000000000038580e-02
 7.499999999999963640e-02
 7.499999999999990008e-02
 7.500000000000033029e-02
 7.499999999999944211e-02
 7.500000000000058009e-02
 7.499999999999963640e-02
 7.500000000000058009e-02
 7.499999999999944211e-02
 7.500000000000058009e-02
 7.499999999999963640e-02
 7.499999999999963640e-02
 7.500000000000053846e-02
 7.499999999999949762e-02
 7.500000000000058009e-02
 7.499999999999963640e-02
 7.500000000000038580e-02
 7.499999999999963640e-02
 7.500000000000058009e-02
 7.499999999999944211e-02
 7.500000000000058009e-02
 7.499999999999983069e-02
 7.500000000000027478e-02
 7.499999999999978906e-02
 7.499999999999963640e-02
 7.500000000000038580e-02
 7.499999999999963640e-02
 7.500000000000038580e-02
 7.499999999999963640e-02
 7.499999999999983069e-02
 7.500000000000021927e-02
 7.499999999999983069e-02
 7.500000000000053846e-02
 7.499999999999949762e-02
 7.500000000000058009e-02
 7.499999999999944211e-02
 7.500000000000058009e-02
 7.499999999999983069e-02
 7.500000000000021927e-02
 7.499999999999983069e-02
 7.499999999999963640e-02
 7.500000000000038580e-02
 7.499999999999948375e-02
 7.500000000000053846e-02
 7.499999999999963640e-02
 7.500000000000078826e-02
 7.499999999999927558e-02
 7.500000000000078826e-02
 7.499999999999963640e-02
 7.500000000000038580e-02
 7.499999999999963640e-02
 7.500000000000038580e-02
 7.499999999999963640e-02
 7.499999999999941436e-02
 7.500000000000070499e-02
 7.500000000000038580e-02
 7.499999999999963640e-02
 7.499999999999963640e-02
 7.500000000000038580e-02
 7.500000000000012212e-02
 7.499999999999985845e-02
 7.499999999999963640e-02
 7.500000000000078826e-02
 7.500000000000038580e-02
 7.499999999999963640e-02
 7.499999999999830413e-02
 7.500000000000171807e-02
 7.499999999999888700e-02
 7.500000000000153766e-02
 7.499999999999841516e-02
 7.500000000000167644e-02
 7.499999999999849842e-02
 7.499999999999963640e-02
 </DataArray>
 <DataArray Name="pos.z" type="Float32" NumberOfComponents="1" format="ascii">
 0.000000000000000000e+00
 0.000000000000000000e+00
 0.000000000000000000e+00
 0.000000000000000000e+00
 0.000000000000000000e+00
 0.000000000000000000e+00
 0.000000000000000000e+00
 0.000000000000000000e+00
 0.000000000000000000e+00
 0.000000000000000000e+00
 0.000000000000000000e+00
 0.000000000000000000e+00
 0.000000000000000000e+00
 0.000000000000000000e+00
 0.000000000000000000e+00
 0.000000000000000000e+00
 0.000000000000000000e+00
 0.000000000000000000e+00
 0.000000000000000000e+00
 0.000000000000000000e+00
 0.000000000000000000e+00
 0.000000000000000000e+00
 0.000000000000000000e+00
 0.000000000000000000e+00
 0.000000000000000000e+00
 0.000000000000000000e+00
 0.000000000000000000e+00
 0.000000000000000000e+00
 0.000000000000000000e+00
 0.000000000000000000e+00
 0.000000000000000000e+00
 0.000000000000000000e+00
 0.000000000000000000e+00
 0.000000000000000000e+00
 0.000000000000000000e+00
 0.000000000000000000e+00
 0.000000000000000000e+00
 0.000000000000000000e+00
 0.000000000000000000e+00
 0.000000000000000000e+00
 0.000000000000000000e+00
 0.000000000000000000e+00
 0.000000000000000000e+00
 0.000000000000000000e+00
 0.000000000000000000e+00
 0.000000000000000000e+00
 0.000000000000000000e+00
 0.000000000000000000e+00
 0.000000000000000000e+00
 0.000000000000000000e+00
 0.000000000000000000e+00
 0.000000000000000000e+00
 0.000000000000000000e+00
 0.000000000000000000e+00
 0.000000000000000000e+00
 0.000000000000000000e+00
 0.000000000000000000e+00
 0.000000000000000000e+00
 0.000000000000000000e+00
 0.000000000000000000e+00
 0.000000000000000000e+00
 0.000000000000000000e+00
 0.000000000000000000e+00
 0.000000000000000000e+00
 0.000000000000000000e+00
 0.000000000000000000e+00
 0.000000000000000000e+00
 0.000000000000000000e+00
 0.000000000000000000e+00
 0.000000000000000000e+00
 0.000000000000000000e+00
 0.000000000000000000e+00
 0.000000000000000000e+00
 0.000000000000000000e+00
 0.000000000000000000e+00
 0.000000000000000000e+00
 0.000000000000000000e+00
 0.000000000000000000e+00
 0.000000000000000000e+00
 0.000000000000000000e+00
 0.000000000000000000e+00
 0.000000000000000000e+00
 0.000000000000000000e+00
 0.000000000000000000e+00
 0.000000000000000000e+00
 0.000000000000000000e+00
 0.000000000000000000e+00
 0.000000000000000000e+00
 0.000000000000000000e+00
 0.000000000000000000e+00
 0.000000000000000000e+00
 0.000000000000000000e+00
 0.000000000000000000e+00
 0.000000000000000000e+00
 0.000000000000000000e+00
 0.000000000000000000e+00
 0.000000000000000000e+00
 0.000000000000000000e+00
 0.000000000000000000e+00
 0.000000000000000000e+00
 0.000000000000000000e+00
 0.000000000000000000e+00
 0.000000000000000000e+00
 0.000000000000000000e+00
 0.000000000000000000e+00
 0.000000000000000000e+00
 0.000000000000000000e+00
 0.000000000000000000e+00
 0.000000000000000000e+00
 0.000000000000000000e+00
 0.000000000000000000e+00
 0.000000000000000000e+00
 0.000000000000000000e+00
 0.000000000000000000e+00
 0.000000000000000000e+00
 0.000000000000000000e+00
 0.000000000000000000e+00
 0.000000000000000000e+00
 0.000000000000000000e+00
 0.000000000000000000e+00
 0.000000000000000000e+00
 0.000000000000000000e+00
 0.000000000000000000e+00
 0.000000000000000000e+00
 0.000000000000000000e+00
 0.000000000000000000e+00
 0.000000000000000000e+00
 0.000000000000000000e+00
 0.000000000000000000e+00
 0.000000000000000000e+00
 0.000000000000000000e+00
 0.000000000000000000e+00
 0.000000000000000000e+00
 0.000000000000000000e+00
 0.000000000000000000e+00
 0.000000000000000000e+00
 0.000000000000000000e+00
 0.000000000000000000e+00
 0.000000000000000000e+00
 0.000000000000000000e+00
 0.000000000000000000e+00
 0.000000000000000000e+00
 0.000000000000000000e+00
 0.000000000000000000e+00
 0.000000000000000000e+00
 0.000000000000000000e+00
 0.000000000000000000e+00
 0.000000000000000000e+00
 0.000000000000000000e+00
 0.000000000000000000e+00
 0.000000000000000000e+00
 0.000000000000000000e+00
 0.000000000000000000e+00
 0.000000000000000000e+00
 0.000000000000000000e+00
 0.000000000000000000e+00
 0.000000000000000000e+00
 0.000000000000000000e+00
 0.000000000000000000e+00
 0.000000000000000000e+00
 0.000000000000000000e+00
 0.000000000000000000e+00
 0.000000000000000000e+00
 0.000000000000000000e+00
 0.000000000000000000e+00
 0.000000000000000000e+00
 0.000000000000000000e+00
 0.000000000000000000e+00
 0.000000000000000000e+00
 0.000000000000000000e+00
 0.000000000000000000e+00
 0.000000000000000000e+00
 0.000000000000000000e+00
 0.000000000000000000e+00
 0.000000000000000000e+00
 0.000000000000000000e+00
 0.000000000000000000e+00
 0.000000000000000000e+00
 0.000000000000000000e+00
 0.000000000000000000e+00
 0.000000000000000000e+00
 0.000000000000000000e+00
 0.000000000000000000e+00
 0.000000000000000000e+00
 0.000000000000000000e+00
 0.000000000000000000e+00
 0.000000000000000000e+00
 0.000000000000000000e+00
 0.000000000000000000e+00
 0.000000000000000000e+00
 0.000000000000000000e+00
 0.000000000000000000e+00
 0.000000000000000000e+00
 0.000000000000000000e+00
 0.000000000000000000e+00
 0.000000000000000000e+00
 0.000000000000000000e+00
 0.000000000000000000e+00
 0.000000000000000000e+00
 0.000000000000000000e+00
 0.000000000000000000e+00
 0.000000000000000000e+00
 0.000000000000000000e+00
 0.000000000000000000e+00
 0.000000000000000000e+00
 0.000000000000000000e+00
 0.000000000000000000e+00
 0.000000000000000000e+00
 0.000000000000000000e+00
 0.000000000000000000e+00
 0.000000000000000000e+00
 0.000000000000000000e+00
 0.000000000000000000e+00
 0.000000000000000000e+00
 0.000000000000000000e+00
 0.000000000000000000e+00
 0.000000000000000000e+00
 0.000000000000000000e+00
 0.000000000000000000e+00
 0.000000000000000000e+00
 0.000000000000000000e+00
 0.000000000000000000e+00
 0.000000000000000000e+00
 0.000000000000000000e+00
 0.000000000000000000e+00
 0.000000000000000000e+00
 0.000000000000000000e+00
 0.000000000000000000e+00
 0.000000000000000000e+00
 0.000000000000000000e+00
 0.000000000000000000e+00
 0.000000000000000000e+00
 0.000000000000000000e+00
 0.000000000000000000e+00
 0.000000000000000000e+00
 0.000000000000000000e+00
 0.000000000000000000e+00
 0.000000000000000000e+00
 0.000000000000000000e+00
 0.000000000000000000e+00
 0.000000000000000000e+00
 0.000000000000000000e+00
 0.000000000000000000e+00
 0.000000000000000000e+00
 0.000000000000000000e+00
 0.000000000000000000e+00
 0.000000000000000000e+00
 0.000000000000000000e+00
 0.000000000000000000e+00
 0.000000000000000000e+00
 0.000000000000000000e+00
 0.000000000000000000e+00
 0.000000000000000000e+00
 0.000000000000000000e+00
 0.000000000000000000e+00
 0.000000000000000000e+00
 0.000000000000000000e+00
 0.000000000000000000e+00
 0.000000000000000000e+00
 0.000000000000000000e+00
 0.000000000000000000e+00
 0.000000000000000000e+00
 0.000000000000000000e+00
 0.000000000000000000e+00
 0.000000000000000000e+00
 0.000000000000000000e+00
 0.000000000000000000e+00
 0.000000000000000000e+00
 0.000000000000000000e+00
 0.000000000000000000e+00
 0.000000000000000000e+00
 0.000000000000000000e+00
 0.000000000000000000e+00
 0.000000000000000000e+00
 0.000000000000000000e+00
 0.000000000000000000e+00
 0.000000000000000000e+00
 0.000000000000000000e+00
 0.000000000000000000e+00
 0.000000000000000000e+00
 0.000000000000000000e+00
 0.000000000000000000e+00
 0.000000000000000000e+00
 0.000000000000000000e+00
 0.000000000000000000e+00
 0.000000000000000000e+00
 0.000000000000000000e+00
 0.000000000000000000e+00
 0.000000000000000000e+00
 0.000000000000000000e+00
 0.000000000000000000e+00
 0.000000000000000000e+00
 0.000000000000000000e+00
 0.000000000000000000e+00
 0.000000000000000000e+00
 0.000000000000000000e+00
 0.000000000000000000e+00
 0.000000000000000000e+00
 0.000000000000000000e+00
 0.000000000000000000e+00
 0.000000000000000000e+00
 0.000000000000000000e+00
 0.000000000000000000e+00
 0.000000000000000000e+00
 0.000000000000000000e+00
 0.000000000000000000e+00
 0.000000000000000000e+00
 0.000000000000000000e+00
 0.000000000000000000e+00
 0.000000000000000000e+00
 0.000000000000000000e+00
 0.000000000000000000e+00
 0.000000000000000000e+00
 0.000000000000000000e+00
 0.000000000000000000e+00
 0.000000000000000000e+00
 0.000000000000000000e+00
 0.000000000000000000e+00
 0.000000000000000000e+00
 0.000000000000000000e+00
 0.000000000000000000e+00
 0.000000000000000000e+00
 0.000000000000000000e+00
 0.000000000000000000e+00
 0.000000000000000000e+00
 0.000000000000000000e+00
 0.000000000000000000e+00
 0.000000000000000000e+00
 0.000000000000000000e+00
 0.000000000000000000e+00
 0.000000000000000000e+00
 0.000000000000000000e+00
 0.000000000000000000e+00
 0.000000000000000000e+00
 0.000000000000000000e+00
 0.000000000000000000e+00
 0.000000000000000000e+00
 0.000000000000000000e+00
 0.000000000000000000e+00
 0.000000000000000000e+00
 0.000000000000000000e+00
 0.000000000000000000e+00
 0.000000000000000000e+00
 0.000000000000000000e+00
 0.000000000000000000e+00
 0.000000000000000000e+00
 0.000000000000000000e+00
 0.000000000000000000e+00
 0.000000000000000000e+00
 0.000000000000000000e+00
 0.000000000000000000e+00
 0.000000000000000000e+00
 0.000000000000000000e+00
 0.000000000000000000e+00
 0.000000000000000000e+00
 0.000000000000000000e+00
 0.000000000000000000e+00
 0.000000000000000000e+00
 0.000000000000000000e+00
 0.000000000000000000e+00
 0.000000000000000000e+00
 0.000000000000000000e+00
 0.000000000000000000e+00
 0.000000000000000000e+00
 0.000000000000000000e+00
 0.000000000000000000e+00
 0.000000000000000000e+00
 0.000000000000000000e+00
 0.000000000000000000e+00
 0.000000000000000000e+00
 0.000000000000000000e+00
 0.000000000000000000e+00
 0.000000000000000000e+00
 0.000000000000000000e+00
 0.000000000000000000e+00
 0.000000000000000000e+00
 0.000000000000000000e+00
 0.000000000000000000e+00
 0.000000000000000000e+00
 0.000000000000000000e+00
 0.000000000000000000e+00
 0.000000000000000000e+00
 0.000000000000000000e+00
 0.000000000000000000e+00
 0.000000000000000000e+00
 0.000000000000000000e+00
 0.000000000000000000e+00
 0.000000000000000000e+00
 0.000000000000000000e+00
 0.000000000000000000e+00
 0.000000000000000000e+00
 0.000000000000000000e+00
 0.000000000000000000e+00
 0.000000000000000000e+00
 0.000000000000000000e+00
 0.000000000000000000e+00
 0.000000000000000000e+00
 0.000000000000000000e+00
 0.000000000000000000e+00
 0.000000000000000000e+00
 0.000000000000000000e+00
 0.000000000000000000e+00
 0.000000000000000000e+00
 0.000000000000000000e+00
 0.000000000000000000e+00
 0.000000000000000000e+00
 0.000000000000000000e+00
 0.000000000000000000e+00
 0.000000000000000000e+00
 0.000000000000000000e+00
 0.000000000000000000e+00
 0.000000000000000000e+00
 0.000000000000000000e+00
 0.000000000000000000e+00
 0.000000000000000000e+00
 0.000000000000000000e+00
 0.000000000000000000e+00
 0.000000000000000000e+00
 0.000000000000000000e+00
 0.000000000000000000e+00
 0.000000000000000000e+00
 0.000000000000000000e+00
 0.000000000000000000e+00
 0.000000000000000000e+00
 0.000000000000000000e+00
 0.000000000000000000e+00
 0.000000000000000000e+00
 0.000000000000000000e+00
 0.000000000000000000e+00
 0.000000000000000000e+00
 0.000000000000000000e+00
 0.000000000000000000e+00
 0.000000000000000000e+00
 0.000000000000000000e+00
 0.000000000000000000e+00
 0.000000000000000000e+00
 0.000000000000000000e+00
 0.000000000000000000e+00
 0.000000000000000000e+00
 0.000000000000000000e+00
 0.000000000000000000e+00
 0.000000000000000000e+00
 0.000000000000000000e+00
 0.000000000000000000e+00
 0.000000000000000000e+00
 0.000000000000000000e+00
 0.000000000000000000e+00
 0.000000000000000000e+00
 0.000000000000000000e+00
 0.000000000000000000e+00
 0.000000000000000000e+00
 0.000000000000000000e+00
 0.000000000000000000e+00
 0.000000000000000000e+00
 0.000000000000000000e+00
 0.000000000000000000e+00
 0.000000000000000000e+00
 0.000000000000000000e+00
 0.000000000000000000e+00
 0.000000000000000000e+00
 0.000000000000000000e+00
 0.000000000000000000e+00
 0.000000000000000000e+00
 0.000000000000000000e+00
 0.000000000000000000e+00
 0.000000000000000000e+00
 0.000000000000000000e+00
 0.000000000000000000e+00
 0.000000000000000000e+00
 0.000000000000000000e+00
 0.000000000000000000e+00
 0.000000000000000000e+00
 0.000000000000000000e+00
 0.000000000000000000e+00
 0.000000000000000000e+00
 0.000000000000000000e+00
 0.000000000000000000e+00
 0.000000000000000000e+00
 0.000000000000000000e+00
 0.000000000000000000e+00
 0.000000000000000000e+00
 0.000000000000000000e+00
 0.000000000000000000e+00
 0.000000000000000000e+00
 0.000000000000000000e+00
 0.000000000000000000e+00
 0.000000000000000000e+00
 0.000000000000000000e+00
 0.000000000000000000e+00
 0.000000000000000000e+00
 0.000000000000000000e+00
 0.000000000000000000e+00
 0.000000000000000000e+00
 0.000000000000000000e+00
 0.000000000000000000e+00
 0.000000000000000000e+00
 0.000000000000000000e+00
 0.000000000000000000e+00
 0.000000000000000000e+00
 0.000000000000000000e+00
 </DataArray>
 <DataArray Name="volume" type="Float32" NumberOfComponents="1" format="ascii">
 2.750000000000009381e-04
 2.749999999999939992e-04
 2.750000000000113465e-04
 2.749999999999835909e-04
 2.750000000000009381e-04
 2.750000000000148159e-04
 2.750000000000148159e-04
 2.749999999999801215e-04
 2.749999999999801215e-04
 2.750000000000148159e-04
 2.750000000000148159e-04
 2.750000000000009381e-04
 2.749999999999835909e-04
 2.750000000000113465e-04
 2.749999999999939992e-04
 2.750000000000009381e-04
 2.750000000000044076e-04
 2.749999999999905298e-04
 2.750000000000148159e-04
 2.749999999999801215e-04
 2.750000000000044076e-04
 2.750000000000148159e-04
 2.750000000000113465e-04
 2.749999999999835909e-04
 2.749999999999835909e-04
 2.750000000000113465e-04
 2.750000000000148159e-04
 2.749999999999974687e-04
 2.749999999999835909e-04
 2.750000000000148159e-04
 2.749999999999939992e-04
 2.750000000000009381e-04
 2.750000000000009381e-04
 2.749999999999939992e-04
 2.750000000000148159e-04
 2.749999999999835909e-04
 2.750000000000009381e-04
 2.750000000000148159e-04
 2.749999999999801215e-04
 2.749999999999939992e-04
 2.750000000000009381e-04
 2.749999999999939992e-04
 2.750000000000044076e-04
 2.750000000000113465e-04
 2.749999999999835909e-04
 2.750000000000113465e-04
 2.750000000000009381e-04
 2.750000000000113465e-04
 2.749999999999870604e-04
 2.750000000000078770e-04
 2.750000000000044076e-04
 2.749999999999939992e-04
 2.750000000000009381e-04
 2.749999999999939992e-04
 2.750000000000044076e-04
 2.749999999999939992e-04
 2.750000000000009381e-04
 2.750000000000026729e-04
 2.750000000000026729e-04
 2.750000000000026729e-04
 2.749999999999922645e-04
 2.750000000000026729e-04
 2.750000000000026729e-04
 2.750000000000044076e-04
 2.749999999999905298e-04
 2.750000000000044076e-04
 2.750000000000026729e-04
 2.750000000000026729e-04
 2.749999999999922645e-04
 2.750000000000026729e-04
 2.750000000000026729e-04
 2.750000000000026729e-04
 2.749999999999922645e-04
 2.750000000000026729e-04
 2.750000000000044076e-04
 2.750000000000026729e-04
 2.749999999999922645e-04
 2.750000000000026729e-04
 2.750000000000026729e-04
 2.750000000000026729e-04
 2.749999999999922645e-04
 2.750000000000026729e-04
 2.750000000000044076e-04
 2.750000000000026729e-04
 2.749999999999922645e-04
 2.750000000000026729e-04
 2.750000000000026729e-04
 2.750000000000026729e-04
 2.749999999999922645e-04
 2.750000000000026729e-04
 2.750000000000035402e-04
 2.750000000000026729e-04
 2.749999999999922645e-04
 2.750000000000026729e-04
 2.750000000000035402e-04
 2.750000000000026729e-04
 2.749999999999922645e-04
 2.750000000000026729e-04
 2.750000000000035402e-04
 2.750000000000031065e-04
 2.749999999999918308e-04
 2.749999999999809888e-04
 2.750000000000031065e-04
 2.750000000000139486e-04
 2.749999999999918308e-04
 2.749999999999918308e-04
 2.750000000000141654e-04
 2.750000000000031065e-04
 2.749999999999918308e-04
 2.749999999999920477e-04
 2.750000000000029981e-04
 2.750000000000141654e-04
 2.749999999999919393e-04
 2.749999999999919393e-04
 2.750000000000141654e-04
 2.750000000000029981e-04
 2.749999999999919393e-04
 2.749999999999920477e-04
 2.750000000000028897e-04
 2.750000000000141654e-04
 2.749999999999918308e-04
 2.749999999999918308e-04
 2.750000000000143822e-04
 2.750000000000031065e-04
 2.749999999999918308e-04
 2.749999999999918308e-04
 2.750000000000031065e-04
 2.750000000000139486e-04
 2.749999999999922645e-04
 2.749999999999922645e-04
 2.750000000000139486e-04
 2.750000000000026729e-04
 2.749999999999922645e-04
 2.749999999999913972e-04
 2.750000000000035402e-04
 2.750000000000139486e-04
 2.749999999999922645e-04
 2.749999999999913972e-04
 2.750000000000139486e-04
 2.750000000000035402e-04
 2.749999999999913972e-04
 2.749999999999922645e-04
 2.750000000000035402e-04
 2.750000000000148159e-04
 2.749999999999922645e-04
 2.749999999999922645e-04
 2.750000000000130812e-04
 2.750000000000026729e-04
 2.749999999999922645e-04
 2.749999999999922645e-04
 2.750000000000026729e-04
 2.750000000000148159e-04
 2.749999999999922645e-04
 2.749999999999905298e-04
 2.750000000000148159e-04
 2.750000000000026729e-04
 2.749999999999922645e-04
 2.749999999999922645e-04
 2.750000000000026729e-04
 2.750000000000148159e-04
 2.749999999999905298e-04
 2.749999999999922645e-04
 2.750000000000148159e-04
 2.750000000000026729e-04
 2.749999999999922645e-04
 2.749999999999922645e-04
 2.749999999999905298e-04
 2.750000000000044076e-04
 2.750000000000026729e-04
 2.749999999999922645e-04
 2.750000000000026729e-04
 2.750000000000044076e-04
 2.750000000000044076e-04
 2.749999999999905298e-04
 2.750000000000044076e-04
 2.750000000000009381e-04
 2.750000000000044076e-04
 2.749999999999905298e-04
 2.750000000000044076e-04
 2.750000000000009381e-04
 2.750000000000044076e-04
 2.749999999999939992e-04
 2.750000000000009381e-04
 2.750000000000044076e-04
 2.750000000000009381e-04
 2.749999999999939992e-04
 2.750000000000009381e-04
 2.750000000000044076e-04
 2.750000000000044076e-04
 2.749999999999905298e-04
 2.750000000000044076e-04
 2.750000000000009381e-04
 2.750000000000044076e-04
 2.749999999999905298e-04
 2.750000000000044076e-04
 2.750000000000009381e-04
 2.749999999999939992e-04
 2.750000000000009381e-04
 2.750000000000148159e-04
 2.749999999999801215e-04
 2.750000000000148159e-04
 2.750000000000044076e-04
 2.749999999999905298e-04
 2.750000000000044076e-04
 2.749999999999905298e-04
 2.750000000000044076e-04
 2.750000000000148159e-04
 2.749999999999801215e-04
 2.750000000000148159e-04
 2.750000000000009381e-04
 2.749999999999939992e-04
 2.750000000000009381e-04
 2.749999999999939992e-04
 2.750000000000009381e-04
 2.750000000000148159e-04
 2.749999999999801215e-04
 2.750000000000148159e-04
 2.750000000000044076e-04
 2.749999999999905298e-04
 2.750000000000044076e-04
 2.749999999999905298e-04
 2.750000000000044076e-04
 2.750000000000113465e-04
 2.749999999999835909e-04
 2.750000000000113465e-04
 2.750000000000044076e-04
 2.749999999999905298e-04
 2.750000000000044076e-04
 2.749999999999905298e-04
 2.750000000000044076e-04
 2.749999999999835909e-04
 2.750000000000113465e-04
 2.749999999999905298e-04
 2.750000000000044076e-04
 2.750000000000044076e-04
 2.749999999999905298e-04
 2.750000000000182854e-04
 2.749999999999766520e-04
 2.750000000000044076e-04
 2.750000000000113465e-04
 2.749999999999905298e-04
 2.750000000000044076e-04
 2.750000000000044076e-04
 2.749999999999905298e-04
 2.750000000000182854e-04
 2.749999999999974687e-04
 2.749999999999905298e-04
 2.750000000000044076e-04
 2.749999999999974687e-04
 2.750000000000044076e-04
 2.750000000000000708e-04
 2.749999999999948124e-04
 2.750000000000113465e-04
 2.749999999999835909e-04
 2.750000000000029981e-04
 2.750000000000126475e-04
 2.750000000000148159e-04
 2.749999999999801215e-04
 2.749999999999795794e-04
 2.750000000000153038e-04
 2.750000000000148159e-04
 2.750000000000009381e-04
 2.749999999999835909e-04
 2.750000000000113465e-04
 2.749999999999943245e-04
 2.750000000000006671e-04
 2.750000000000044076e-04
 2.749999999999905298e-04
 2.750000000000151412e-04
 2.749999999999798504e-04
 2.750000000000042992e-04
 2.750000000000148701e-04
 2.750000000000113465e-04
 2.749999999999835909e-04
 2.749999999999836993e-04
 2.750000000000111296e-04
 2.750000000000148159e-04
 2.749999999999974687e-04
 2.749999999999838077e-04
 2.750000000000145449e-04
 2.749999999999939992e-04
 2.750000000000009381e-04
 2.750000000000009381e-04
 2.749999999999939992e-04
 2.750000000000143822e-04
 2.749999999999840788e-04
 2.750000000000009381e-04
 2.750000000000148159e-04
 2.749999999999807178e-04
 2.749999999999933487e-04
 2.750000000000009381e-04
 2.749999999999939992e-04
 2.750000000000044076e-04
 2.750000000000113465e-04
 2.749999999999835909e-04
 2.750000000000113465e-04
 2.750000000000009381e-04
 2.750000000000113465e-04
 2.749999999999845667e-04
 2.750000000000103165e-04
 2.750000000000044076e-04
 2.749999999999939992e-04
 2.750000000000009381e-04
 2.749999999999939992e-04
 2.750000000000044076e-04
 2.749999999999939992e-04
 2.750000000000009381e-04
 2.750000000000026729e-04
 2.750000000000022934e-04
 2.750000000000029981e-04
 2.749999999999922645e-04
 2.750000000000026729e-04
 2.750000000000026729e-04
 2.750000000000044076e-04
 2.749999999999905298e-04
 2.750000000000044076e-04
 2.750000000000026729e-04
 2.750000000000026729e-04
 2.749999999999922645e-04
 2.750000000000026187e-04
 2.750000000000026729e-04
 2.750000000000026729e-04
 2.749999999999922645e-04
 2.750000000000026729e-04
 2.750000000000044076e-04
 2.750000000000026729e-04
 2.749999999999922645e-04
 2.750000000000026729e-04
 2.750000000000030523e-04
 2.750000000000022392e-04
 2.749999999999922645e-04
 2.750000000000026729e-04
 2.750000000000044076e-04
 2.750000000000026729e-04
 2.749999999999922645e-04
 2.750000000000026729e-04
 2.750000000000026729e-04
 2.750000000000026729e-04
 2.749999999999921561e-04
 2.750000000000027271e-04
 2.750000000000035402e-04
 2.750000000000026729e-04
 2.749999999999922645e-04
 2.750000000000026729e-04
 2.750000000000035402e-04
 2.750000000000026729e-04
 2.749999999999922645e-04
 2.750000000000026729e-04
 2.750000000000029439e-04
 2.750000000000032150e-04
 2.749999999999918308e-04
 2.749999999999809346e-04
 2.750000000000031065e-04
 2.750000000000139486e-04
 2.749999999999918308e-04
 2.749999999999921019e-04
 2.750000000000142738e-04
 2.750000000000031065e-04
 2.749999999999918308e-04
 2.749999999999918851e-04
 2.750000000000029981e-04
 2.750000000000141654e-04
 2.749999999999919393e-04
 2.749999999999919393e-04
 2.750000000000141654e-04
 2.750000000000029439e-04
 2.749999999999919393e-04
 2.749999999999920477e-04
 2.750000000000028897e-04
 2.750000000000141654e-04
 2.749999999999919393e-04
 2.749999999999921561e-04
 2.750000000000144907e-04
 2.750000000000031065e-04
 2.749999999999918308e-04
 2.749999999999918851e-04
 2.750000000000034318e-04
 2.750000000000139486e-04
 2.749999999999922645e-04
 2.749999999999923729e-04
 2.750000000000137317e-04
 2.750000000000026729e-04
 2.749999999999922645e-04
 2.749999999999913972e-04
 2.750000000000035402e-04
 2.750000000000140028e-04
 2.749999999999922645e-04
 2.749999999999913972e-04
 2.750000000000139486e-04
 2.750000000000035402e-04
 2.749999999999913972e-04
 2.749999999999924814e-04
 2.750000000000024560e-04
 2.750000000000148159e-04
 2.749999999999922645e-04
 2.749999999999912345e-04
 2.750000000000140570e-04
 2.750000000000026729e-04
 2.749999999999922645e-04
 2.749999999999911803e-04
 2.750000000000036486e-04
 2.750000000000148159e-04
 2.749999999999922645e-04
 2.749999999999905298e-04
 2.750000000000148159e-04
 2.750000000000028355e-04
 2.749999999999921561e-04
 2.749999999999922645e-04
 2.750000000000026729e-04
 2.750000000000148159e-04
 2.749999999999905298e-04
 2.749999999999923729e-04
 2.750000000000147075e-04
 2.750000000000026729e-04
 2.749999999999922645e-04
 2.749999999999910177e-04
 2.749999999999917224e-04
 2.750000000000044076e-04
 2.750000000000026729e-04
 2.749999999999926440e-04
 2.750000000000005045e-04
 2.750000000000044076e-04
 2.750000000000044076e-04
 2.749999999999905298e-04
 2.750000000000044076e-04
 2.750000000000009381e-04
 2.750000000000044076e-04
 2.749999999999905298e-04
 2.750000000000044076e-04
 2.750000000000034318e-04
 2.750000000000018597e-04
 2.749999999999939992e-04
 2.750000000000009381e-04
 2.750000000000044076e-04
 2.750000000000009381e-04
 2.749999999999939992e-04
 2.750000000000009381e-04
 2.750000000000044076e-04
 2.750000000000044076e-04
 2.749999999999899335e-04
 2.750000000000049497e-04
 2.750000000000009381e-04
 2.750000000000044076e-04
 2.749999999999905298e-04
 2.750000000000044076e-04
 2.750000000000009381e-04
 2.749999999999939992e-04
 2.750000000000009381e-04
 2.750000000000148159e-04
 2.749999999999799046e-04
 2.750000000000149786e-04
 2.750000000000044076e-04
 2.749999999999905298e-04
 2.750000000000044076e-04
 2.749999999999905298e-04
 2.750000000000044076e-04
 2.750000000000148159e-04
 2.749999999999801215e-04
 2.750000000000148159e-04
 2.750000000000011008e-04
 2.749999999999937824e-04
 2.750000000000009381e-04
 2.749999999999939992e-04
 2.750000000000009381e-04
 2.750000000000148159e-04
 2.749999999999801215e-04
 2.750000000000148159e-04
 2.750000000000044076e-04
 2.749999999999905298e-04
 2.750000000000050039e-04
 2.749999999999899335e-04
 2.750000000000044076e-04
 2.750000000000113465e-04
 2.749999999999835909e-04
 2.750000000000113465e-04
 2.750000000000044076e-04
 2.749999999999905298e-04
 2.750000000000044076e-04
 2.749999999999905298e-04
 2.750000000000044076e-04
 2.749999999999831030e-04
 2.750000000000117260e-04
 2.749999999999905298e-04
 2.750000000000044076e-04
 2.750000000000044076e-04
 2.749999999999905298e-04
 2.750000000000136233e-04
 2.749999999999813683e-04
 2.750000000000044076e-04
 2.750000000000113465e-04
 2.749999999999905298e-04
 2.750000000000044076e-04
 2.750000000000093407e-04
 2.749999999999855967e-04
 2.750000000000182854e-04
 2.749999999999974687e-04
 2.749999999999867893e-04
 2.750000000000080939e-04
 2.749999999999974687e-04
 2.750000000000044076e-04
 </DataArray>
 <DataArray Name="rho" type="Float32" NumberOfComponents="1" format="ascii">
 2.840687519925586546e-01
 2.832776010057141414e-01
 2.824879002598275068e-01
 2.816996484153895808e-01
 2.809128441279505339e-01
 2.801274860481610673e-01
 2.793435728218134906e-01
 2.785611030898795248e-01
 2.777800754885450529e-01
 2.770004886492434260e-01
 2.762223411986869381e-01
 2.754456317588936387e-01
 2.746703589472129781e-01
 2.738965213763472906e-01
 2.731241176543706128e-01
 2.723531463847449485e-01
 2.715836061663323697e-01
 2.708154955934038988e-01
 2.700488132556456700e-01
 2.692835577381616496e-01
 2.685197276214722484e-01
 2.677573214815096025e-01
 2.669963378896099138e-01
 2.662367754125004593e-01
 2.654786326122829943e-01
 2.647219080464124352e-01
 2.639666002676716028e-01
 2.632127078241398022e-01
 2.624602292591567965e-01
 2.617091631112809513e-01
 2.609595079142419949e-01
 2.602112621968872275e-01
 2.594644244831206259e-01
 2.587189932918349533e-01
 2.579749671368360975e-01
 2.572323445267600817e-01
 2.564911239649794172e-01
 2.557513039495005747e-01
 2.550128829728526836e-01
 2.542758595219635764e-01
 2.535402320780253960e-01
 2.528059991163479348e-01
 2.520731591061984855e-01
 2.513417105106274252e-01
 2.506116517862814197e-01
 2.498829813831974500e-01
 2.491556977445821275e-01
 2.484297993065701649e-01
 2.477052844979657775e-01
 2.469821517399599931e-01
 2.462603994458261447e-01
 2.455400260205877483e-01
 2.448210298606604829e-01
 2.441034093534633076e-01
 2.433871628769967987e-01
 2.426722887993848776e-01
 2.419587854783783465e-01
 2.412466512608142655e-01
 2.405358844820295605e-01
 2.398264834652226729e-01
 2.391184465207580045e-01
 2.384117719454085793e-01
 2.377064580215288714e-01
 2.370025030161527213e-01
 2.362999051800061812e-01
 2.355986627464264072e-01
 2.348987739301785505e-01
 2.342002369261563799e-01
 2.335030499079546185e-01
 2.328072110262995320e-01
 2.321127184073172312e-01
 2.314195701506253922e-01
 2.307277643272211132e-01
 2.300372989771440058e-01
 2.293481721068814649e-01
 2.286603816864846705e-01
 2.279739256463552688e-01
 2.272888018736565763e-01
 2.266050082082982642e-01
 2.259225424384285197e-01
 2.252414022953632966e-01
 2.245615854478665019e-01
 2.238830894956755635e-01
 2.232059119621523369e-01
 2.225300502859126339e-01
 2.218555018112569610e-01
 2.211822637771869160e-01
 2.205103333047523373e-01
 2.198397073823987746e-01
 2.191703828489308115e-01
 2.185023563735851992e-01
 2.178356244326081770e-01
 2.171701832815360889e-01
 2.165060289221897027e-01
 2.158431570630562069e-01
 2.151815630714060956e-01
 2.145212419147888849e-01
 2.138621880890747284e-01
 2.132043955284882997e-01
 2.125478574927617548e-01
 2.118925664214091897e-01
 2.112385137473157815e-01
 2.105856896437318659e-01
 2.099340826960562900e-01
 2.092836794180266691e-01
 2.086344636253260887e-01
 2.079864153737042143e-01
 2.073395096191829878e-01
 2.066937133824186534e-01
 2.060489822199888799e-01
 2.054052501826734711e-01
 2.047624152745821657e-01
 2.041202858626169347e-01
 2.034784741322985535e-01
 2.028361161035864557e-01
 2.021985128405582310e-01
 2.015636293031228821e-01
 2.009308460595707890e-01
 2.002999090350709721e-01
 1.996706844936488590e-01
 1.990430893205377694e-01
 1.984170662647327388e-01
 1.977925731875299353e-01
 1.971695776143210510e-01
 1.965480536535466061e-01
 1.959279801122119080e-01
 1.953093392740632150e-01
 1.946921160707329457e-01
 1.940762974986659506e-01
 1.934618721964793675e-01
 1.928488301308309005e-01
 1.922371623578777999e-01
 1.916268608387701466e-01
 1.910179182946226961e-01
 1.904103280908980844e-01
 1.898040841440781223e-01
 1.891991808454827340e-01
 1.885956129984602547e-01
 1.879933757661354510e-01
 1.873924646275824668e-01
 1.867928753407860909e-01
 1.861946039111261331e-01
 1.855976465643874862e-01
 1.850019997235069769e-01
 1.844076599884268697e-01
 1.838146241185455998e-01
 1.832228890173531188e-01
 1.826324517189142904e-01
 1.820433093759197818e-01
 1.814554592490772167e-01
 1.808688986976516588e-01
 1.802836251709939996e-01
 1.796996362009296855e-01
 1.791169293948899344e-01
 1.785355024296971238e-01
 1.779553530459201671e-01
 1.773764790427356519e-01
 1.767988782732382025e-01
 1.762225486401480523e-01
 1.756474880918778292e-01
 1.750736946189201393e-01
 1.745011662505282224e-01
 1.739299010516595911e-01
 1.733598971201632810e-01
 1.727911525841899498e-01
 1.722236655998059807e-01
 1.716574343488007359e-01
 1.710924570366705033e-01
 1.705287318907693084e-01
 1.699662571586161297e-01
 1.694050311063516057e-01
 1.688450520173327696e-01
 1.682863181908628991e-01
 1.677288279410464045e-01
 1.671725795957643423e-01
 1.666175714957657261e-01
 1.660638019938665555e-01
 1.655112694542534846e-01
 1.649599722518847733e-01
 1.644099087719836649e-01
 1.638610774096206923e-01
 1.633134765693745882e-01
 1.627671046650704945e-01
 1.622219601195855343e-01
 1.616780413647174175e-01
 1.611353468411075851e-01
 1.605938749982124825e-01
 1.600536242943151888e-01
 1.595145931965683828e-01
 1.589767801810611780e-01
 1.584401837329030838e-01
 1.579048023463112405e-01
 1.573706345246987381e-01
 1.568376787807514161e-01
 1.563059336364867880e-01
 1.557753976232862658e-01
 1.552460692818930788e-01
 1.547179471623743585e-01
 1.541910298240335708e-01
 1.536653158352790094e-01
 1.531408037734355576e-01
 1.526174922245056853e-01
 1.520953797828740739e-01
 1.515744650509572022e-01
 1.510547466388015569e-01
 1.505362231636314385e-01
 1.500188932493484451e-01
 1.495027555259898222e-01
 1.489878086291478998e-01
 1.484740511993557777e-01
 1.479614818814473931e-01
 1.474500993238923308e-01
 1.469399021781144510e-01
 1.464308890977965294e-01
 1.459230587381749600e-01
 1.454164097553299340e-01
 1.449109408054708725e-01
 1.444066505442212767e-01
 1.439035376259042986e-01
 1.434016007028303119e-01
 1.429008384245847862e-01
 1.424012494373206317e-01
 1.419028323830536509e-01
 1.414055858989625714e-01
 1.409095086166923527e-01
 1.404145991616684852e-01
 1.399208561524204752e-01
 1.394282781999202914e-01
 1.389368639069411826e-01
 1.384466118674419766e-01
 1.379575206659852671e-01
 1.374695888771977625e-01
 1.369828150652800114e-01
 1.364971977835772454e-01
 1.360127355742172806e-01
 1.355294269678287977e-01
 1.350472704833442505e-01
 1.345662646278988350e-01
 1.340864078968289907e-01
 1.336076987737785382e-01
 1.331301357309135069e-01
 1.326537172292505118e-01
 1.321784417190983718e-01
 1.317043076406106961e-01
 1.312313134244491586e-01
 1.307594574925517172e-01
 1.302887382590018073e-01
 1.298191541309925423e-01
 1.293507035098735991e-01
 1.288833847922773168e-01
 2.840687519925589877e-01
 2.832776010057143079e-01
 2.824879002598275068e-01
 2.816996484153896918e-01
 2.809128441279503674e-01
 2.801274860481611784e-01
 2.793435728218134906e-01
 2.785611030898795248e-01
 2.777800754885449419e-01
 2.770004886492434815e-01
 2.762223411986869936e-01
 2.754456317588939718e-01
 2.746703589472133111e-01
 2.738965213763475681e-01
 2.731241176543709459e-01
 2.723531463847453371e-01
 2.715836061663329248e-01
 2.708154955934040653e-01
 2.700488132556460030e-01
 2.692835577381617052e-01
 2.685197276214723594e-01
 2.677573214815097136e-01
 2.669963378896098583e-01
 2.662367754125006813e-01
 2.654786326122831608e-01
 2.647219080464129348e-01
 2.639666002676717138e-01
 2.632127078241397466e-01
 2.624602292591564079e-01
 2.617091631112805628e-01
 2.609595079142416063e-01
 2.602112621968870609e-01
 2.594644244831205704e-01
 2.587189932918350088e-01
 2.579749671368363750e-01
 2.572323445267599706e-01
 2.564911239649791952e-01
 2.557513039495002416e-01
 2.550128829728524615e-01
 2.542758595219638540e-01
 2.535402320780255625e-01
 2.528059991163482678e-01
 2.520731591061984300e-01
 2.513417105106273142e-01
 2.506116517862812532e-01
 2.498829813831975333e-01
 2.491556977445820720e-01
 2.484297993065700538e-01
 2.477052844979657220e-01
 2.469821517399602984e-01
 2.462603994458261170e-01
 2.455400260205876095e-01
 2.448210298606601221e-01
 2.441034093534628635e-01
 2.433871628769964657e-01
 2.426722887993847666e-01
 2.419587854783781522e-01
 2.412466512608140434e-01
 2.405358844820294772e-01
 2.398264834652228672e-01
 2.391184465207581433e-01
 2.384117719454085793e-01
 2.377064580215288436e-01
 2.370025030161527213e-01
 2.362999051800060701e-01
 2.355986627464262406e-01
 2.348987739301784394e-01
 2.342002369261562966e-01
 2.335030499079546740e-01
 2.328072110262996708e-01
 2.321127184073170646e-01
 2.314195701506252811e-01
 2.307277643272209466e-01
 2.300372989771438670e-01
 2.293481721068813539e-01
 2.286603816864846150e-01
 2.279739256463551023e-01
 2.272888018736567428e-01
 2.266050082082983474e-01
 2.259225424384286862e-01
 2.252414022953631023e-01
 2.245615854478665852e-01
 2.238830894956755080e-01
 2.232059119621523369e-01
 2.225300502859127727e-01
 2.218555018112568222e-01
 2.211822637771869715e-01
 2.205103333047521985e-01
 2.198397073823988301e-01
 2.191703828489307837e-01
 2.185023563735846996e-01
 2.178356244326080937e-01
 2.171701832815359501e-01
 2.165060289221895640e-01
 2.158431570630563179e-01
 2.151815630714061789e-01
 2.145212419147889682e-01
 2.138621880890747284e-01
 2.132043955284881609e-01
 2.125478574927620601e-01
 2.118925664214091065e-01
 2.112385137473159480e-01
 2.105856896437320602e-01
 2.099340826960557072e-01
 2.092836794180263915e-01
 2.086344636253257001e-01
 2.079864153737055743e-01
 2.073395096191823772e-01
 2.066937133824186812e-01
 2.060489822199886856e-01
 2.054052501826743315e-01
 2.047624152745816106e-01
 2.041202858626169070e-01
 2.034784741322986090e-01
 2.028361161035864557e-01
 2.021985128405592302e-01
 2.015636293031217163e-01
 2.009308460595704560e-01
 2.002999090350705280e-01
 1.996706844936508851e-01
 1.990430893205373530e-01
 1.984170662647311012e-01
 1.977925731875294635e-01
 1.971695776143209400e-01
 1.965480536535471057e-01
 1.959279801122106868e-01
 1.953093392740634093e-01
 1.946921160707331400e-01
 1.940762974986667277e-01
 1.934618721964779520e-01
 1.928488301308311226e-01
 1.922371623578781885e-01
 1.916268608387704520e-01
 1.910179182946229737e-01
 1.904103280908980289e-01
 1.898040841440787052e-01
 1.891991808454830948e-01
 1.885956129984604490e-01
 1.879933757661357563e-01
 1.873924646275824946e-01
 1.867928753407861187e-01
 1.861946039111257445e-01
 1.855976465643873474e-01
 1.850019997235070601e-01
 1.844076599884270917e-01
 1.838146241185449059e-01
 1.832228890173528413e-01
 1.826324517189139018e-01
 1.820433093759198651e-01
 1.814554592490764395e-01
 1.808688986976514923e-01
 1.802836251709938886e-01
 1.796996362009296855e-01
 1.791169293948902674e-01
 1.785355024296973458e-01
 1.779553530459204724e-01
 1.773764790427357074e-01
 1.767988782732380360e-01
 1.762225486401480246e-01
 1.756474880918775794e-01
 1.750736946189200005e-01
 1.745011662505280281e-01
 1.739299010516595911e-01
 1.733598971201632810e-01
 1.727911525841898943e-01
 1.722236655998050925e-01
 1.716574343488002641e-01
 1.710924570366702535e-01
 1.705287318907691696e-01
 1.699662571586160187e-01
 1.694050311063518277e-01
 1.688450520173331859e-01
 1.682863181908631212e-01
 1.677288279410464877e-01
 1.671725795957643979e-01
 1.666175714957656706e-01
 1.660638019938666110e-01
 1.655112694542537344e-01
 1.649599722518850231e-01
 1.644099087719837204e-01
 1.638610774096207756e-01
 1.633134765693746715e-01
 1.627671046650706888e-01
 1.622219601195856453e-01
 1.616780413647174730e-01
 1.611353468411075296e-01
 1.605938749982123714e-01
 1.600536242943149390e-01
 1.595145931965682995e-01
 1.589767801810613168e-01
 1.584401837329033336e-01
 1.579048023463114347e-01
 1.573706345246987104e-01
 1.568376787807513884e-01
 1.563059336364870100e-01
 1.557753976232862936e-01
 1.552460692818932175e-01
 1.547179471623740532e-01
 1.541910298240334043e-01
 1.536653158352787041e-01
 1.531408037734355299e-01
 1.526174922245058241e-01
 1.520953797828741572e-01
 1.515744650509573133e-01
 1.510547466388016957e-01
 1.505362231636315218e-01
 1.500188932493486116e-01
 1.495027555259901275e-01
 1.489878086291480108e-01
 1.484740511993556944e-01
 1.479614818814471433e-01
 1.474500993238918589e-01
 1.469399021781139236e-01
 1.464308890977959743e-01
 1.459230587381746269e-01
 1.454164097553297952e-01
 1.449109408054708170e-01
 1.444066505442210269e-01
 1.439035376259042154e-01
 1.434016007028302286e-01
 1.429008384245845642e-01
 1.424012494373204096e-01
 1.419028323830537341e-01
 1.414055858989625991e-01
 1.409095086166922417e-01
 1.404145991616683742e-01
 1.399208561524203920e-01
 1.394282781999203191e-01
 1.389368639069411826e-01
 1.384466118674419488e-01
 1.379575206659847675e-01
 1.374695888771975127e-01
 1.369828150652800391e-01
 1.364971977835774120e-01
 1.360127355742175026e-01
 1.355294269678287422e-01
 1.350472704833443616e-01
 1.345662646278988350e-01
 1.340864078968291295e-01
 1.336076987737783717e-01
 1.331301357309131184e-01
 1.326537172292504563e-01
 1.321784417190983996e-01
 1.317043076406109459e-01
 1.312313134244493806e-01
 1.307594574925518560e-01
 1.302887382590019738e-01
 1.298191541309928754e-01
 1.293507035098738489e-01
 1.288833847922773723e-01
 </DataArray>
 <DataArray Name="vel.x" type="Float32" NumberOfComponents="1" format="ascii">
 8.050119749690948083e+02
 8.089032827666327421e+02
 8.127946895379066063e+02
 8.166861956980826562e+02
 8.205778016888555157e+02
 8.244695079784900145e+02
 8.283613150618606369e+02
 8.322532234605097301e+02
 8.361452337227186717e+02
 8.400373464235848360e+02
 8.439295621651129977e+02
 8.478218815763243583e+02
 8.517143053133745525e+02
 8.556068340596884809e+02
 8.594994685261095810e+02
 8.633922094510619445e+02
 8.672850576007335803e+02
 8.711780137692758217e+02
 8.750710787790201266e+02
 8.789642534807117045e+02
 8.828575387537709958e+02
 8.867509355065693626e+02
 8.906444446767294494e+02
 8.945380672314494177e+02
 8.984318041678549207e+02
 9.023256565133741560e+02
 9.062196253261412267e+02
 9.101137116954340627e+02
 9.140079167421407647e+02
 9.179022416192626679e+02
 9.217966875124509443e+02
 9.256912556405835630e+02
 9.295859472563848840e+02
 9.334807636470874286e+02
 9.373757061351429911e+02
 9.412707760789761551e+02
 9.451659748738028384e+02
 9.490613039524988608e+02
 9.529567647865261506e+02
 9.568523588869335299e+02
 9.607480878054207096e+02
 9.646439531354787960e+02
 9.685399565136151523e+02
 9.724360996206653454e+02
 9.763323841831896743e+02
 9.802288119749844100e+02
 9.841253848186912592e+02
 9.880221045875347272e+02
 9.919189732071761227e+02
 9.958159926577154692e+02
 9.997131649758341609e+02
 1.003610492257112469e+03
 1.007507976658512462e+03
 1.011405620401056353e+03
 1.015303425772712899e+03
 1.019201395131518893e+03
 1.023099530908939300e+03
 1.026997835613511370e+03
 1.030896311834780363e+03
 1.034794962247566218e+03
 1.038693789616591857e+03
 1.042592796801509849e+03
 1.046491986762365059e+03
 1.050391362565542295e+03
 1.054290927390247134e+03
 1.058190684535585888e+03
 1.062090637428291984e+03
 1.065990789631192229e+03
 1.069891144852485468e+03
 1.073791706955927793e+03
 1.077692479972042975e+03
 1.081593468110459526e+03
 1.085494675773543577e+03
 1.089396107571461471e+03
 1.093297768338878768e+03
 1.097199663153499387e+03
 1.101101797356696807e+03
 1.105004176576525424e+03
 1.108906806753442424e+03
 1.112809694169151953e+03
 1.116712845479017460e+03
 1.120616267748589280e+03
 1.124519968494909790e+03
 1.128423955733359207e+03
 1.132328238030956754e+03
 1.136232824567250418e+03
 1.140137725204138860e+03
 1.144042950566243235e+03
 1.147948512133888244e+03
 1.151854422351136236e+03
 1.155760694752025529e+03
 1.159667344108839188e+03
 1.163574386607398765e+03
 1.167481840055643488e+03
 1.171389724133667642e+03
 1.175298060695845606e+03
 1.179206874139182219e+03
 1.183116191856832302e+03
 1.187026044802600381e+03
 1.190936468202357446e+03
 1.194847502462943794e+03
 1.198759194352084933e+03
 1.202671598557686139e+03
 1.206584779792203335e+03
 1.210498815703396076e+03
 1.214413801015781019e+03
 1.218329853646873062e+03
 1.222247124097386632e+03
 1.226165810822588355e+03
 1.230086186874744953e+03
 1.234008651997192828e+03
 1.237933844015032946e+03
 1.241862924680920742e+03
 1.245798336675233941e+03
 1.249745339910688699e+03
 1.253671410773288699e+03
 1.257588943023322599e+03
 1.261501707767836024e+03
 1.265411243309607016e+03
 1.269318352402739947e+03
 1.273223529003639669e+03
 1.277127109715655934e+03
 1.281029339436957116e+03
 1.284930404559301678e+03
 1.288830451706903432e+03
 1.292729599177935143e+03
 1.296627944350648249e+03
 1.300525568699645646e+03
 1.304422541319320999e+03
 1.308318921474023682e+03
 1.312214760490743402e+03
 1.316110103194298290e+03
 1.320004989015867750e+03
 1.323899452863135139e+03
 1.327793525813026463e+03
 1.331687235670160590e+03
 1.335580607422089770e+03
 1.339473663614148791e+03
 1.343366424660895746e+03
 1.347258909107001500e+03
 1.351151133847449501e+03
 1.355043114314674767e+03
 1.358934864638627005e+03
 1.362826397784508117e+03
 1.366717725671976723e+03
 1.370608859278867840e+03
 1.374499808731911799e+03
 1.378390583386470098e+03
 1.382281191896969858e+03
 1.386171642279399975e+03
 1.390061941967013354e+03
 1.393952097860201320e+03
 1.397842116371300335e+03
 1.401732003465039270e+03
 1.405621764695152024e+03
 1.409511405237658664e+03
 1.413400929921191164e+03
 1.417290343254705022e+03
 1.421179649452877811e+03
 1.425068852459426807e+03
 1.428957955968558053e+03
 1.432846963444719904e+03
 1.436735878140829755e+03
 1.440624703115082184e+03
 1.444513441246463572e+03
 1.448402095249076183e+03
 1.452290667685328799e+03
 1.456179160978088930e+03
 1.460067577421851183e+03
 1.463955919192970896e+03
 1.467844188359003738e+03
 1.471732386887214716e+03
 1.475620516652258402e+03
 1.479508579443098824e+03
 1.483396576969174930e+03
 1.487284510865845732e+03
 1.491172382699147875e+03
 1.495060193969889042e+03
 1.498947946117107904e+03
 1.502835640520933794e+03
 1.506723278504854989e+03
 1.510610861337458346e+03
 1.514498390233648479e+03
 1.518385866355404232e+03
 1.522273290812094729e+03
 1.526160664660411612e+03
 1.530047988903956821e+03
 1.533935264492536362e+03
 1.537822492321218760e+03
 1.541709673229212967e+03
 1.545596807998607801e+03
 1.549483897353069324e+03
 1.553370941956518891e+03
 1.557257942411878730e+03
 1.561144899259933936e+03
 1.565031812978373409e+03
 1.568918683981076583e+03
 1.572805512617656859e+03
 1.576692299173368156e+03
 1.580579043869335692e+03
 1.584465746863217419e+03
 1.588352408250254030e+03
 1.592239028064755303e+03
 1.596125606282020271e+03
 1.600012142820674171e+03
 1.603898637545415795e+03
 1.607785090270163892e+03
 1.611671500761564403e+03
 1.615557868742838764e+03
 1.619444193897943251e+03
 1.623330475875975708e+03
 1.627216714295845577e+03
 1.631102908751121959e+03
 1.634989058815065391e+03
 1.638875164045801057e+03
 1.642761223991601582e+03
 1.646647238196278749e+03
 1.650533206204656381e+03
 1.654419127568115073e+03
 1.658305001850198778e+03
 1.662190828632296643e+03
 1.666076607519371464e+03
 1.669962338145746344e+03
 1.673848020180929325e+03
 1.677733653335503959e+03
 1.681619237367008282e+03
 1.685504772085823333e+03
 1.689390257361032809e+03
 1.693275693126195392e+03
 1.697161079384995446e+03
 1.701046416216705211e+03
 1.704931703781378246e+03
 1.708816942324728871e+03
 1.712702132182576406e+03
 1.716587273784819899e+03
 1.720472367658812118e+03
 1.724357414432096675e+03
 1.728242414834402325e+03
 1.732127369698855546e+03
 1.736012279962329330e+03
 1.739897146664908860e+03
 1.743781970948418575e+03
 1.747666754053996101e+03
 1.751551497318716201e+03
 1.755436202171251352e+03
 1.759320870126601449e+03
 1.763205502779915832e+03
 1.767090101799423792e+03
 1.770974668918584712e+03
 1.774859205927452876e+03
 8.050119749690940125e+02
 8.089032827666326284e+02
 8.127946895379074022e+02
 8.166861956980829973e+02
 8.205778016888560842e+02
 8.244695079784894460e+02
 8.283613150618604095e+02
 8.322532234605101849e+02
 8.361452337227193539e+02
 8.400373464235847223e+02
 8.439295621651131114e+02
 8.478218815763236762e+02
 8.517143053133738704e+02
 8.556068340596879125e+02
 8.594994685261093537e+02
 8.633922094510613761e+02
 8.672850576007326708e+02
 8.711780137692760491e+02
 8.750710787790196719e+02
 8.789642534807120455e+02
 8.828575387537704273e+02
 8.867509355065695900e+02
 8.906444446767302452e+02
 8.945380672314496451e+02
 8.984318041678542386e+02
 9.023256565133718823e+02
 9.062196253261405445e+02
 9.101137116954341764e+02
 9.140079167421417878e+02
 9.179022416192641458e+02
 9.217966875124532180e+02
 9.256912556405848136e+02
 9.295859472563853387e+02
 9.334807636470868601e+02
 9.373757061351423090e+02
 9.412707760789770646e+02
 9.451659748738039752e+02
 9.490613039525004524e+02
 9.529567647865268327e+02
 9.568523588869323930e+02
 9.607480878054202549e+02
 9.646439531354773180e+02
 9.685399565136152660e+02
 9.724360996206662549e+02
 9.763323841831912659e+02
 9.802288119749847510e+02
 9.841253848186920550e+02
 9.880221045875359778e+02
 9.919189732071769185e+02
 9.958159926577144461e+02
 9.997131649758347294e+02
 1.003610492257113265e+03
 1.007507976658513940e+03
 1.011405620401057149e+03
 1.015303425772713240e+03
 1.019201395131518552e+03
 1.023099530908939300e+03
 1.026997835613512052e+03
 1.030896311834780818e+03
 1.034794962247565991e+03
 1.038693789616592312e+03
 1.042592796801510531e+03
 1.046491986762366196e+03
 1.050391362565542977e+03
 1.054290927390248726e+03
 1.058190684535587025e+03
 1.062090637428292666e+03
 1.065990789631192456e+03
 1.069891144852484558e+03
 1.073791706955926884e+03
 1.077692479972043429e+03
 1.081593468110459753e+03
 1.085494675773544259e+03
 1.089396107571461926e+03
 1.093297768338879450e+03
 1.097199663153499841e+03
 1.101101797356697489e+03
 1.105004176576524742e+03
 1.108906806753441742e+03
 1.112809694169150816e+03
 1.116712845479018370e+03
 1.120616267748589053e+03
 1.124519968494911382e+03
 1.128423955733360117e+03
 1.132328238030956300e+03
 1.136232824567251555e+03
 1.140137725204139088e+03
 1.144042950566243917e+03
 1.147948512133887334e+03
 1.151854422351136236e+03
 1.155760694752027575e+03
 1.159667344108838961e+03
 1.163574386607399447e+03
 1.167481840055644170e+03
 1.171389724133666732e+03
 1.175298060695844697e+03
 1.179206874139181082e+03
 1.183116191856832302e+03
 1.187026044802601746e+03
 1.190936468202356082e+03
 1.194847502462944703e+03
 1.198759194352083568e+03
 1.202671598557684774e+03
 1.206584779792206064e+03
 1.210498815703397213e+03
 1.214413801015782610e+03
 1.218329853646865331e+03
 1.222247124097391179e+03
 1.226165810822589719e+03
 1.230086186874747000e+03
 1.234008651997188053e+03
 1.237933844015035902e+03
 1.241862924680920287e+03
 1.245798336675232804e+03
 1.249745339910688244e+03
 1.253671410773281877e+03
 1.257588943023328966e+03
 1.261501707767838070e+03
 1.265411243309610200e+03
 1.269318352402727442e+03
 1.273223529003641943e+03
 1.277127109715665483e+03
 1.281029339436959845e+03
 1.284930404559301678e+03
 1.288830451706900021e+03
 1.292729599177942191e+03
 1.296627944350645976e+03
 1.300525568699643145e+03
 1.304422541319315087e+03
 1.308318921474031413e+03
 1.312214760490742037e+03
 1.316110103194295561e+03
 1.320004989015865249e+03
 1.323899452863132865e+03
 1.327793525813026690e+03
 1.331687235670157179e+03
 1.335580607422087269e+03
 1.339473663614147426e+03
 1.343366424660894154e+03
 1.347258909107000818e+03
 1.351151133847449273e+03
 1.355043114314677041e+03
 1.358934864638627459e+03
 1.362826397784507435e+03
 1.366717725671974904e+03
 1.370608859278871250e+03
 1.374499808731913163e+03
 1.378390583386471917e+03
 1.382281191896968721e+03
 1.386171642279403841e+03
 1.390061941967013354e+03
 1.393952097860201093e+03
 1.397842116371298971e+03
 1.401732003465035405e+03
 1.405621764695149068e+03
 1.409511405237655936e+03
 1.413400929921190482e+03
 1.417290343254705022e+03
 1.421179649452876902e+03
 1.425068852459426807e+03
 1.428957955968557371e+03
 1.432846963444719449e+03
 1.436735878140827708e+03
 1.440624703115079228e+03
 1.444513441246461070e+03
 1.448402095249078684e+03
 1.452290667685328799e+03
 1.456179160978088248e+03
 1.460067577421851183e+03
 1.463955919192971123e+03
 1.467844188359003283e+03
 1.471732386887211987e+03
 1.475620516652256811e+03
 1.479508579443097915e+03
 1.483396576969174021e+03
 1.487284510865845505e+03
 1.491172382699146510e+03
 1.495060193969885859e+03
 1.498947946117104948e+03
 1.502835640520932657e+03
 1.506723278504853397e+03
 1.510610861337456527e+03
 1.514498390233646887e+03
 1.518385866355403550e+03
 1.522273290812094501e+03
 1.526160664660412294e+03
 1.530047988903957275e+03
 1.533935264492537726e+03
 1.537822492321218760e+03
 1.541709673229211830e+03
 1.545596807998605755e+03
 1.549483897353066823e+03
 1.553370941956517299e+03
 1.557257942411878503e+03
 1.561144899259932572e+03
 1.565031812978372500e+03
 1.568918683981074082e+03
 1.572805512617657996e+03
 1.576692299173368838e+03
 1.580579043869337511e+03
 1.584465746863217646e+03
 1.588352408250253347e+03
 1.592239028064754621e+03
 1.596125606282019589e+03
 1.600012142820674171e+03
 1.603898637545416022e+03
 1.607785090270163437e+03
 1.611671500761562129e+03
 1.615557868742837854e+03
 1.619444193897943023e+03
 1.623330475875976845e+03
 1.627216714295847851e+03
 1.631102908751124687e+03
 1.634989058815068120e+03
 1.638875164045802649e+03
 1.642761223991602492e+03
 1.646647238196278977e+03
 1.650533206204657745e+03
 1.654419127568115300e+03
 1.658305001850198323e+03
 1.662190828632297098e+03
 1.666076607519372374e+03
 1.669962338145744525e+03
 1.673848020180928188e+03
 1.677733653335503732e+03
 1.681619237367008054e+03
 1.685504772085823561e+03
 1.689390257361032809e+03
 1.693275693126196074e+03
 1.697161079384997038e+03
 1.701046416216709304e+03
 1.704931703781380975e+03
 1.708816942324729780e+03
 1.712702132182577088e+03
 1.716587273784819899e+03
 1.720472367658813482e+03
 1.724357414432096903e+03
 1.728242414834403689e+03
 1.732127369698854864e+03
 1.736012279962330012e+03
 1.739897146664911361e+03
 1.743781970948419939e+03
 1.747666754053997465e+03
 1.751551497318716429e+03
 1.755436202171250670e+03
 1.759320870126600994e+03
 1.763205502779914468e+03
 1.767090101799421745e+03
 1.770974668918582893e+03
 1.774859205927452649e+03
 </DataArray>
 <DataArray Name="vel.y" type="Float32" NumberOfComponents="1" format="ascii">
 7.607172203678355251e-14
 -1.023220333502878503e-14
 5.118363149010402584e-14
 -4.479442292034818243e-15
 1.288413471256882365e-13
 9.264644112620054626e-14
 7.025917228521512723e-14
 1.952989931357349633e-14
 1.002413804155434705e-14
 -6.814697141119318012e-14
 -4.039234488997314505e-14
 -2.957181851633766714e-14
 -4.735790331835358897e-14
 -6.681216909127667406e-14
 -9.802110304543460660e-14
 -7.508641893101379161e-14
 -9.177692049182073386e-14
 1.089451921334587812e-13
 9.968657403462728363e-14
 1.270684862065319540e-13
 1.318238233401774335e-13
 1.059083799752581680e-13
 2.558920794850162149e-13
 1.946499429867531448e-13
 2.730653684146074119e-13
 9.603723141516402718e-14
 1.037332926761380878e-13
 4.543257650202645923e-14
 6.081539464451525908e-14
 6.969292687907888263e-14
 2.060279967034626494e-13
 2.709385855237572694e-13
 2.421046373346552082e-13
 2.373981630431972780e-13
 9.717793424028117703e-14
 1.316378202181754965e-13
 1.495394784713630888e-13
 1.639759475130964918e-13
 2.572615331106731478e-13
 1.662780707756179940e-13
 1.243920271834699452e-13
 2.040951798206014175e-14
 -1.335664747637341894e-15
 -3.349614944289757277e-15
 5.678573132553355201e-14
 3.941911680770804713e-14
 3.034424402025076575e-14
 6.267839465922215751e-14
 1.322422134730420691e-13
 5.013055580300121599e-14
 8.360434880577305253e-14
 2.828099806363638745e-14
 7.363914536039851196e-14
 1.108632602369332752e-13
 1.052175672130897912e-13
 4.342812568434086874e-14
 3.570730471669782132e-15
 6.872969027945938054e-16
 7.218702867454787751e-14
 4.526649814160902556e-14
 4.410309410911538655e-14
 2.277019893300668112e-14
 2.368566245889165629e-14
 1.051962101807035250e-14
 3.856475704382377651e-14
 1.122322180718996954e-13
 1.477928201681514868e-13
 1.668822572921072244e-13
 1.575819756056907353e-13
 5.357283602917781895e-14
 1.040891171475833318e-13
 1.018471527661366226e-13
 1.118705273588887794e-13
 8.594752949186532534e-14
 9.182688619950113440e-14
 8.571831097702773397e-14
 1.943205461524607759e-13
 1.413975510479091017e-13
 1.820726396386713172e-13
 9.037510325741920390e-14
 1.580565245244545761e-13
 1.439006964078004193e-13
 1.790182498440813549e-13
 2.332453783702635434e-13
 1.482732516197345393e-13
 1.723198729095552249e-13
 1.457602897123645146e-13
 1.513404603772205695e-13
 1.419129967461174820e-13
 2.662030351239755818e-14
 1.924758697149187477e-13
 1.839828671532555898e-13
 1.907479665772385244e-13
 2.410332347121774100e-13
 2.375746016940670015e-13
 2.023037925051808996e-13
 1.651688986437912033e-13
 1.210525294463626852e-13
 2.004236639335702781e-13
 2.749601742870430417e-14
 3.603785978381469849e-14
 4.529715815220542372e-14
 -1.989569606966582716e-13
 3.540226019868584241e-14
 -4.795155426119052479e-14
 4.087910727032656113e-13
 -2.321791313285428081e-13
 3.308329237127057249e-14
 -1.674496231401372845e-14
 2.979430366498643452e-13
 -1.070390888370415671e-13
 -1.207741994065012999e-14
 7.894505750843319190e-14
 -1.109754137780157559e-13
 1.399695958607246310e-13
 -5.006227881570952695e-13
 -1.536106679960371866e-13
 -2.601448993488585998e-13
 2.658228978838911788e-13
 -4.171876285956302322e-13
 -6.332088316297492253e-13
 -5.000182344646495632e-14
 1.579900915263919947e-13
 4.093706022834315201e-13
 -3.723068966899901754e-14
 4.490068960205274236e-13
 3.073879759160866837e-13
 4.193704047961644317e-13
 -2.115672515367806403e-13
 3.133587746751002669e-13
 2.712581121257905573e-13
 9.842436185864147329e-14
 -3.688481140297572341e-14
 -2.321922878907651912e-13
 -1.103482780347143594e-13
 -1.797708999985693117e-13
 -2.687616548211653530e-13
 -3.131666977999266422e-13
 -4.760709298704125258e-13
 -4.710938538555616032e-13
 -5.477452662178092620e-13
 -3.763338329407709684e-13
 -3.323270578600108094e-13
 -2.453795683469559072e-13
 -4.760843159398125962e-13
 -1.844617852966000420e-13
 -1.408974229138011322e-13
 7.980049065359130172e-14
 -3.287178875600480710e-14
 2.439150802128659863e-13
 2.662096434235977109e-13
 2.474624675902962134e-13
 2.417053203880474410e-13
 3.429550448544563742e-14
 -4.534513150326168092e-14
 -1.574761725605176658e-13
 -2.353947403701171784e-13
 -1.440969771383665508e-13
 -1.847287836931947307e-13
 -5.089355579474206711e-14
 -4.201787585720765433e-14
 6.102880900236636771e-14
 -2.130973332832409208e-14
 -6.017764916487125013e-14
 -2.219013792154114367e-13
 -7.006788452000250594e-14
 2.422534818698263645e-14
 1.118171914798209391e-13
 1.411987383262650516e-13
 2.169718201117409824e-13
 1.747216497692615477e-13
 7.031709188638961099e-15
 -9.982778851359059316e-15
 5.573089272797297592e-14
 8.619767559422350929e-14
 1.623809796687411359e-13
 1.712965173630460336e-13
 7.086182532087566717e-14
 -8.178421515128937069e-14
 -1.314711685304152910e-13
 -1.515292719982248144e-13
 -1.931452177429372215e-13
 -3.606761909328678556e-13
 -4.148275416462056646e-13
 -4.483517290013176259e-13
 -3.906285041192441532e-13
 -3.376221355101360565e-13
 -2.253539166523103657e-13
 -7.851499580213484812e-14
 -3.056687998692391995e-14
 -6.698816695585768724e-14
 -1.157572756994794766e-13
 -1.201665230107672906e-13
 -4.802161452014125001e-14
 -1.754703464740515185e-13
 -1.589212331926027677e-13
 -2.266088180369022356e-13
 -1.008169693001513283e-13
 1.519116224399220900e-14
 1.420316608712816284e-13
 1.491325188635581622e-13
 3.591111845407516151e-14
 -6.747856275063040873e-14
 -1.364597273277757563e-13
 -2.564681352009654387e-13
 -2.801807242125832158e-13
 -3.044898996563879830e-13
 -4.281734222375634896e-13
 -4.743770637121767076e-13
 -4.585956602221488689e-13
 -3.900911575647798223e-13
 -1.823879968628933183e-13
 3.118976928372151887e-14
 2.635748193866667019e-13
 4.366438182007563935e-13
 4.534756926085545608e-13
 3.509002123347998751e-13
 3.936926498326021272e-13
 3.579339576788608873e-13
 2.886940556791569984e-13
 2.663090755831227746e-13
 3.027095684495595430e-13
 2.050244576533300254e-13
 9.293736554089033736e-14
 8.198758015683066584e-14
 7.735174008364674198e-14
 1.139873449817669825e-13
 7.155142177854404189e-14
 1.564645068704202177e-13
 1.395703616630032439e-13
 3.264245208834627010e-13
 5.107526494294026292e-13
 5.362639970561376746e-13
 5.273207867466987421e-13
 3.993043227336469950e-13
 4.230341938191909152e-13
 3.765030763579109009e-13
 4.479630865678075937e-13
 4.007049101933273018e-13
 3.828298150445186240e-13
 5.148101634256147999e-13
 5.151354256747715231e-13
 5.327595792462763415e-13
 4.521631585527802195e-13
 3.712871209641650740e-13
 3.238238741985663865e-13
 2.412814917157753261e-13
 7.778704217618157394e-14
 -2.306628783344407594e-14
 2.086883815249031047e-14
 1.348839729598521924e-13
 -1.165997465422859182e-13
 2.138979908786919279e-14
 -1.955999066304616985e-13
 3.157286494295941794e-13
 -2.160050839171479026e-14
 -6.800676585616750273e-14
 -1.871953059851811275e-13
 4.496768138445748615e-15
 -1.349022582124398587e-13
 -1.118698476653141833e-13
 -9.040527721374937360e-14
 -1.599632610457533966e-13
 -9.995452374792383869e-14
 -2.576452395348326465e-13
 -4.588408279033324738e-14
 -1.493358843413918445e-13
 7.356073778787734478e-14
 -2.936657224584223444e-13
 -7.168203674496895253e-14
 1.584919543804711015e-13
 2.227180910545864163e-14
 1.685723232802373963e-13
 -5.316722003000885354e-14
 4.827708606388436872e-13
 -5.123194844465066562e-14
 -2.501614107524777340e-14
 -1.364601209916150052e-13
 4.607714193141305773e-14
 -1.086594222623602001e-14
 7.433738673053906078e-14
 1.856283145829892376e-13
 1.059385698965196558e-13
 1.376788022223733522e-13
 -2.348121851326557235e-13
 -9.807009952726222816e-14
 1.882370332077364019e-14
 -1.593835121857571135e-14
 2.540906297880237406e-13
 -3.427719767374275505e-14
 -2.973212737331684801e-14
 -1.322905026121173214e-13
 -1.071756546557375766e-13
 -1.034059794746340507e-13
 -3.239966438699272180e-14
 -7.446169488241366505e-14
 -4.033011554943339897e-14
 -1.218649362522932853e-13
 1.205405777866843814e-13
 -1.009166532165779661e-13
 -1.076176328623304088e-13
 -1.591266586714110102e-13
 -1.112129508852379092e-13
 -8.457946143593581397e-14
 -7.021642296990525608e-14
 -1.235256992677844791e-13
 -1.175387661186876492e-13
 -1.872223900152321294e-13
 7.130080668940478359e-14
 -4.450287155166207491e-14
 -1.038093465634840570e-13
 -1.315429222477868693e-13
 -1.080620826951883804e-13
 -9.374551904480173030e-14
 -5.175822258691321713e-14
 3.768863080407052412e-14
 6.311857905178442426e-14
 1.050820523279467592e-14
 1.877977083806227626e-13
 -6.175714844003069219e-14
 -5.243528537090688570e-15
 -6.293466995315366706e-15
 8.723376958598448893e-15
 -2.380499537270306988e-15
 1.021868283122571167e-14
 -2.268809232954160576e-14
 1.208997302871556744e-13
 3.597416268989251011e-14
 2.225858546487876735e-13
 6.235159510271433845e-14
 1.242720365154472656e-13
 4.174716086315761651e-14
 7.986717293377871388e-14
 1.306237466533281115e-13
 3.726084921690575201e-14
 5.079212115837648685e-14
 5.219226214383292624e-14
 4.796901812116994991e-15
 2.207006580622119730e-13
 7.336946472642913669e-15
 1.579634522586137220e-13
 1.473579130861072157e-13
 1.389572142451615407e-13
 1.630688956729364034e-13
 1.755193866134544546e-13
 1.292542195130532048e-13
 1.445493649905046461e-13
 1.978066925914065098e-14
 3.020675053222715234e-13
 7.254057891646721825e-14
 -6.982139506693028567e-14
 1.058518314988757027e-13
 -2.788633288835814075e-13
 -1.611704431249169812e-14
 -2.482153382826027376e-13
 6.021644119541326424e-13
 -2.300409804385774288e-13
 5.069004078140603912e-14
 -9.651829364172901871e-14
 4.176870946754566253e-13
 -1.305159758487150836e-13
 -5.699274392675648965e-14
 3.957101695045233638e-14
 -1.993794008831162141e-13
 1.006164513045538191e-13
 -7.280067066364121542e-13
 -2.233043290980345993e-13
 -3.662689701743166864e-13
 3.603873735137994250e-13
 -8.023950981910016332e-13
 -7.792713734849639363e-13
 2.661968497743335934e-13
 2.308975849210501493e-13
 5.520480732331986106e-13
 -9.961994691362773239e-14
 7.045174885433266574e-13
 3.296887346763318484e-13
 5.163388856397204444e-13
 -2.941552668417274725e-13
 7.042452645230788458e-13
 4.224235681080736868e-13
 1.604247452442298315e-13
 2.922126682221942210e-14
 -2.206549961041912671e-13
 -4.434879711376891754e-14
 -3.402109296904406239e-13
 -2.981809639630974158e-13
 -2.876632202447880665e-13
 -4.378584523789894940e-13
 -3.830570193951281573e-13
 -5.521783209078579605e-13
 -2.025681614991048588e-13
 -2.875486260485376437e-13
 -1.813007702009485151e-13
 -5.059023543235711169e-13
 8.102847903016658275e-14
 -7.565814317981593608e-14
 2.342828493146502337e-13
 -1.296704711218278806e-13
 5.988841306747258032e-13
 3.482623492186819842e-13
 2.702817646605974695e-13
 2.775105426041231732e-13
 3.362164478115291401e-14
 5.094903592071579663e-14
 -2.309311970022012242e-13
 -1.709010942211294008e-13
 -1.019013757820234109e-13
 -1.860564515539757717e-13
 -5.472055819865343317e-14
 -1.096850464803341800e-13
 1.596213957338952361e-13
 -2.673270797962044909e-14
 2.507591077284939548e-15
 -3.577757613923860692e-13
 1.736935472790677255e-13
 4.746843474471790535e-14
 8.090999510055071030e-14
 1.804231243041789104e-14
 2.571862598165867139e-13
 1.703207041828388987e-13
 -1.965699913967324660e-14
 -3.921214627402313802e-14
 -1.392031806365007056e-14
 -1.841016901789776626e-14
 3.147989440720705417e-14
 2.583305364165943962e-14
 -3.589660806014453086e-14
 -2.365427187256599420e-13
 -1.201047957175127297e-13
 -2.529422536306764694e-13
 -3.009544021157144066e-13
 -4.149580571777470945e-13
 -4.174784567449578091e-13
 -4.210144492822562149e-13
 -3.308515894842554910e-13
 -2.970207710226709783e-13
 -1.280937579570434111e-13
 -1.016745058094001805e-13
 1.003920035910207506e-13
 -6.786796529146980319e-14
 -1.488631672158856584e-13
 -1.694391791746459391e-13
 -1.118614155529451665e-13
 -2.198066151702488397e-13
 -1.811376974063581840e-13
 -2.575948295537494561e-13
 -8.987583589765589648e-14
 -7.365854097487049135e-14
 1.920287732371577436e-13
 1.398721430289600940e-13
 5.447802447451261497e-14
 -1.080700683875439912e-14
 -4.216107200989421199e-14
 -1.492814753756153898e-13
 -1.506317196759355147e-13
 -1.955130486394776588e-13
 -2.954272505738001176e-13
 -4.235159064058421162e-13
 -2.492124373321765434e-13
 -2.873136749519129734e-13
 -1.149455004061345557e-13
 5.041335766761209244e-14
 2.926248189818965042e-13
 4.772887917179992095e-13
 5.132681019857248175e-13
 4.457939464315717867e-13
 5.282800461231205643e-13
 4.267944484430365011e-13
 4.738656817926687615e-13
 3.197292958444060013e-13
 3.460014379213576067e-13
 2.669564781329317675e-13
 1.845297512735297039e-13
 1.835563997856922347e-13
 1.771429541383356341e-13
 2.569314131058920821e-13
 1.631862566524374479e-13
 3.143888779418779895e-13
 7.581395867990351410e-14
 7.470261521097745360e-13
 6.201297430712343479e-13
 6.090021740538937703e-13
 5.843866475178748160e-13
 4.573491222134713237e-13
 5.404466477630552970e-13
 3.630946199347545358e-13
 5.025143836154468076e-13
 4.752866819615284946e-13
 4.537619858817930032e-13
 6.425805339393828594e-13
 5.957520421169893944e-13
 7.802791697524902020e-13
 6.024148550966377282e-13
 6.151980780314764327e-13
 4.413464522640641730e-13
 6.976418578648805217e-13
 2.935668236261245075e-13
 1.246921812611251035e-13
 1.665449027801112424e-13
 </DataArray>
 <DataArray Name="vel.z" type="Float32" NumberOfComponents="1" format="ascii">
 0.000000000000000000e+00
 0.000000000000000000e+00
 0.000000000000000000e+00
 0.000000000000000000e+00
 0.000000000000000000e+00
 0.000000000000000000e+00
 0.000000000000000000e+00
 0.000000000000000000e+00
 0.000000000000000000e+00
 0.000000000000000000e+00
 0.000000000000000000e+00
 0.000000000000000000e+00
 0.000000000000000000e+00
 0.000000000000000000e+00
 0.000000000000000000e+00
 0.000000000000000000e+00
 0.000000000000000000e+00
 0.000000000000000000e+00
 0.000000000000000000e+00
 0.000000000000000000e+00
 0.000000000000000000e+00
 0.000000000000000000e+00
 0.000000000000000000e+00
 0.000000000000000000e+00
 0.000000000000000000e+00
 0.000000000000000000e+00
 0.000000000000000000e+00
 0.000000000000000000e+00
 0.000000000000000000e+00
 0.000000000000000000e+00
 0.000000000000000000e+00
 0.000000000000000000e+00
 0.000000000000000000e+00
 0.000000000000000000e+00
 0.000000000000000000e+00
 0.000000000000000000e+00
 0.000000000000000000e+00
 0.000000000000000000e+00
 0.000000000000000000e+00
 0.000000000000000000e+00
 0.000000000000000000e+00
 0.000000000000000000e+00
 0.000000000000000000e+00
 0.000000000000000000e+00
 0.000000000000000000e+00
 0.000000000000000000e+00
 0.000000000000000000e+00
 0.000000000000000000e+00
 0.000000000000000000e+00
 0.000000000000000000e+00
 0.000000000000000000e+00
 0.000000000000000000e+00
 0.000000000000000000e+00
 0.000000000000000000e+00
 0.000000000000000000e+00
 0.000000000000000000e+00
 0.000000000000000000e+00
 0.000000000000000000e+00
 0.000000000000000000e+00
 0.000000000000000000e+00
 0.000000000000000000e+00
 0.000000000000000000e+00
 0.000000000000000000e+00
 0.000000000000000000e+00
 0.000000000000000000e+00
 0.000000000000000000e+00
 0.000000000000000000e+00
 0.000000000000000000e+00
 0.000000000000000000e+00
 0.000000000000000000e+00
 0.000000000000000000e+00
 0.000000000000000000e+00
 0.000000000000000000e+00
 0.000000000000000000e+00
 0.000000000000000000e+00
 0.000000000000000000e+00
 0.000000000000000000e+00
 0.000000000000000000e+00
 0.000000000000000000e+00
 0.000000000000000000e+00
 0.000000000000000000e+00
 0.000000000000000000e+00
 0.000000000000000000e+00
 0.000000000000000000e+00
 0.000000000000000000e+00
 0.000000000000000000e+00
 0.000000000000000000e+00
 0.000000000000000000e+00
 0.000000000000000000e+00
 0.000000000000000000e+00
 0.000000000000000000e+00
 0.000000000000000000e+00
 0.000000000000000000e+00
 0.000000000000000000e+00
 0.000000000000000000e+00
 0.000000000000000000e+00
 0.000000000000000000e+00
 0.000000000000000000e+00
 0.000000000000000000e+00
 0.000000000000000000e+00
 0.000000000000000000e+00
 0.000000000000000000e+00
 0.000000000000000000e+00
 0.000000000000000000e+00
 0.000000000000000000e+00
 0.000000000000000000e+00
 0.000000000000000000e+00
 0.000000000000000000e+00
 0.000000000000000000e+00
 0.000000000000000000e+00
 0.000000000000000000e+00
 0.000000000000000000e+00
 0.000000000000000000e+00
 0.000000000000000000e+00
 0.000000000000000000e+00
 0.000000000000000000e+00
 0.000000000000000000e+00
 0.000000000000000000e+00
 0.000000000000000000e+00
 0.000000000000000000e+00
 0.000000000000000000e+00
 0.000000000000000000e+00
 0.000000000000000000e+00
 0.000000000000000000e+00
 0.000000000000000000e+00
 0.000000000000000000e+00
 0.000000000000000000e+00
 0.000000000000000000e+00
 0.000000000000000000e+00
 0.000000000000000000e+00
 0.000000000000000000e+00
 0.000000000000000000e+00
 0.000000000000000000e+00
 0.000000000000000000e+00
 0.000000000000000000e+00
 0.000000000000000000e+00
 0.000000000000000000e+00
 0.000000000000000000e+00
 0.000000000000000000e+00
 0.000000000000000000e+00
 0.000000000000000000e+00
 0.000000000000000000e+00
 0.000000000000000000e+00
 0.000000000000000000e+00
 0.000000000000000000e+00
 0.000000000000000000e+00
 0.000000000000000000e+00
 0.000000000000000000e+00
 0.000000000000000000e+00
 0.000000000000000000e+00
 0.000000000000000000e+00
 0.000000000000000000e+00
 0.000000000000000000e+00
 0.000000000000000000e+00
 0.000000000000000000e+00
 0.000000000000000000e+00
 0.000000000000000000e+00
 0.000000000000000000e+00
 0.000000000000000000e+00
 0.000000000000000000e+00
 0.000000000000000000e+00
 0.000000000000000000e+00
 0.000000000000000000e+00
 0.000000000000000000e+00
 0.000000000000000000e+00
 0.000000000000000000e+00
 0.000000000000000000e+00
 0.000000000000000000e+00
 0.000000000000000000e+00
 0.000000000000000000e+00
 0.000000000000000000e+00
 0.000000000000000000e+00
 0.000000000000000000e+00
 0.000000000000000000e+00
 0.000000000000000000e+00
 0.000000000000000000e+00
 0.000000000000000000e+00
 0.000000000000000000e+00
 0.000000000000000000e+00
 0.000000000000000000e+00
 0.000000000000000000e+00
 0.000000000000000000e+00
 0.000000000000000000e+00
 0.000000000000000000e+00
 0.000000000000000000e+00
 0.000000000000000000e+00
 0.000000000000000000e+00
 0.000000000000000000e+00
 0.000000000000000000e+00
 0.000000000000000000e+00
 0.000000000000000000e+00
 0.000000000000000000e+00
 0.000000000000000000e+00
 0.000000000000000000e+00
 0.000000000000000000e+00
 0.000000000000000000e+00
 0.000000000000000000e+00
 0.000000000000000000e+00
 0.000000000000000000e+00
 0.000000000000000000e+00
 0.000000000000000000e+00
 0.000000000000000000e+00
 0.000000000000000000e+00
 0.000000000000000000e+00
 0.000000000000000000e+00
 0.000000000000000000e+00
 0.000000000000000000e+00
 0.000000000000000000e+00
 0.000000000000000000e+00
 0.000000000000000000e+00
 0.000000000000000000e+00
 0.000000000000000000e+00
 0.000000000000000000e+00
 0.000000000000000000e+00
 0.000000000000000000e+00
 0.000000000000000000e+00
 0.000000000000000000e+00
 0.000000000000000000e+00
 0.000000000000000000e+00
 0.000000000000000000e+00
 0.000000000000000000e+00
 0.000000000000000000e+00
 0.000000000000000000e+00
 0.000000000000000000e+00
 0.000000000000000000e+00
 0.000000000000000000e+00
 0.000000000000000000e+00
 0.000000000000000000e+00
 0.000000000000000000e+00
 0.000000000000000000e+00
 0.000000000000000000e+00
 0.000000000000000000e+00
 0.000000000000000000e+00
 0.000000000000000000e+00
 0.000000000000000000e+00
 0.000000000000000000e+00
 0.000000000000000000e+00
 0.000000000000000000e+00
 0.000000000000000000e+00
 0.000000000000000000e+00
 0.000000000000000000e+00
 0.000000000000000000e+00
 0.000000000000000000e+00
 0.000000000000000000e+00
 0.000000000000000000e+00
 0.000000000000000000e+00
 0.000000000000000000e+00
 0.000000000000000000e+00
 0.000000000000000000e+00
 0.000000000000000000e+00
 0.000000000000000000e+00
 0.000000000000000000e+00
 0.000000000000000000e+00
 0.000000000000000000e+00
 0.000000000000000000e+00
 0.000000000000000000e+00
 0.000000000000000000e+00
 0.000000000000000000e+00
 0.000000000000000000e+00
 0.000000000000000000e+00
 0.000000000000000000e+00
 0.000000000000000000e+00
 0.000000000000000000e+00
 0.000000000000000000e+00
 0.000000000000000000e+00
 0.000000000000000000e+00
 0.000000000000000000e+00
 0.000000000000000000e+00
 0.000000000000000000e+00
 0.000000000000000000e+00
 0.000000000000000000e+00
 0.000000000000000000e+00
 0.000000000000000000e+00
 0.000000000000000000e+00
 0.000000000000000000e+00
 0.000000000000000000e+00
 0.000000000000000000e+00
 0.000000000000000000e+00
 0.000000000000000000e+00
 0.000000000000000000e+00
 0.000000000000000000e+00
 0.000000000000000000e+00
 0.000000000000000000e+00
 0.000000000000000000e+00
 0.000000000000000000e+00
 0.000000000000000000e+00
 0.000000000000000000e+00
 0.000000000000000000e+00
 0.000000000000000000e+00
 0.000000000000000000e+00
 0.000000000000000000e+00
 0.000000000000000000e+00
 0.000000000000000000e+00
 0.000000000000000000e+00
 0.000000000000000000e+00
 0.000000000000000000e+00
 0.000000000000000000e+00
 0.000000000000000000e+00
 0.000000000000000000e+00
 0.000000000000000000e+00
 0.000000000000000000e+00
 0.000000000000000000e+00
 0.000000000000000000e+00
 0.000000000000000000e+00
 0.000000000000000000e+00
 0.000000000000000000e+00
 0.000000000000000000e+00
 0.000000000000000000e+00
 0.000000000000000000e+00
 0.000000000000000000e+00
 0.000000000000000000e+00
 0.000000000000000000e+00
 0.000000000000000000e+00
 0.000000000000000000e+00
 0.000000000000000000e+00
 0.000000000000000000e+00
 0.000000000000000000e+00
 0.000000000000000000e+00
 0.000000000000000000e+00
 0.000000000000000000e+00
 0.000000000000000000e+00
 0.000000000000000000e+00
 0.000000000000000000e+00
 0.000000000000000000e+00
 0.000000000000000000e+00
 0.000000000000000000e+00
 0.000000000000000000e+00
 0.000000000000000000e+00
 0.000000000000000000e+00
 0.000000000000000000e+00
 0.000000000000000000e+00
 0.000000000000000000e+00
 0.000000000000000000e+00
 0.000000000000000000e+00
 0.000000000000000000e+00
 0.000000000000000000e+00
 0.000000000000000000e+00
 0.000000000000000000e+00
 0.000000000000000000e+00
 0.000000000000000000e+00
 0.000000000000000000e+00
 0.000000000000000000e+00
 0.000000000000000000e+00
 0.000000000000000000e+00
 0.000000000000000000e+00
 0.000000000000000000e+00
 0.000000000000000000e+00
 0.000000000000000000e+00
 0.000000000000000000e+00
 0.000000000000000000e+00
 0.000000000000000000e+00
 0.000000000000000000e+00
 0.000000000000000000e+00
 0.000000000000000000e+00
 0.000000000000000000e+00
 0.000000000000000000e+00
 0.000000000000000000e+00
 0.000000000000000000e+00
 0.000000000000000000e+00
 0.000000000000000000e+00
 0.000000000000000000e+00
 0.000000000000000000e+00
 0.000000000000000000e+00
 0.000000000000000000e+00
 0.000000000000000000e+00
 0.000000000000000000e+00
 0.000000000000000000e+00
 0.000000000000000000e+00
 0.000000000000000000e+00
 0.000000000000000000e+00
 0.000000000000000000e+00
 0.000000000000000000e+00
 0.000000000000000000e+00
 0.000000000000000000e+00
 0.000000000000000000e+00
 0.000000000000000000e+00
 0.000000000000000000e+00
 0.000000000000000000e+00
 0.000000000000000000e+00
 0.000000000000000000e+00
 0.000000000000000000e+00
 0.000000000000000000e+00
 0.000000000000000000e+00
 0.000000000000000000e+00
 0.000000000000000000e+00
 0.000000000000000000e+00
 0.000000000000000000e+00
 0.000000000000000000e+00
 0.000000000000000000e+00
 0.000000000000000000e+00
 0.000000000000000000e+00
 0.000000000000000000e+00
 0.000000000000000000e+00
 0.000000000000000000e+00
 0.000000000000000000e+00
 0.000000000000000000e+00
 0.000000000000000000e+00
 0.000000000000000000e+00
 0.000000000000000000e+00
 0.000000000000000000e+00
 0.000000000000000000e+00
 0.000000000000000000e+00
 0.000000000000000000e+00
 0.000000000000000000e+00
 0.000000000000000000e+00
 0.000000000000000000e+00
 0.000000000000000000e+00
 0.000000000000000000e+00
 0.000000000000000000e+00
 0.000000000000000000e+00
 0.000000000000000000e+00
 0.000000000000000000e+00
 0.000000000000000000e+00
 0.000000000000000000e+00
 0.000000000000000000e+00
 0.000000000000000000e+00
 0.000000000000000000e+00
 0.000000000000000000e+00
 0.000000000000000000e+00
 0.000000000000000000e+00
 0.000000000000000000e+00
 0.000000000000000000e+00
 0.000000000000000000e+00
 0.000000000000000000e+00
 0.000000000000000000e+00
 0.000000000000000000e+00
 0.000000000000000000e+00
 0.000000000000000000e+00
 0.000000000000000000e+00
 0.000000000000000000e+00
 0.000000000000000000e+00
 0.000000000000000000e+00
 0.000000000000000000e+00
 0.000000000000000000e+00
 0.000000000000000000e+00
 0.000000000000000000e+00
 0.000000000000000000e+00
 0.000000000000000000e+00
 0.000000000000000000e+00
 0.000000000000000000e+00
 0.000000000000000000e+00
 0.000000000000000000e+00
 0.000000000000000000e+00
 0.000000000000000000e+00
 0.000000000000000000e+00
 0.000000000000000000e+00
 0.000000000000000000e+00
 0.000000000000000000e+00
 0.000000000000000000e+00
 0.000000000000000000e+00
 0.000000000000000000e+00
 0.000000000000000000e+00
 0.000000000000000000e+00
 0.000000000000000000e+00
 0.000000000000000000e+00
 0.000000000000000000e+00
 0.000000000000000000e+00
 0.000000000000000000e+00
 0.000000000000000000e+00
 0.000000000000000000e+00
 0.000000000000000000e+00
 0.000000000000000000e+00
 0.000000000000000000e+00
 0.000000000000000000e+00
 0.000000000000000000e+00
 0.000000000000000000e+00
 0.000000000000000000e+00
 0.000000000000000000e+00
 0.000000000000000000e+00
 0.000000000000000000e+00
 0.000000000000000000e+00
 0.000000000000000000e+00
 0.000000000000000000e+00
 0.000000000000000000e+00
 0.000000000000000000e+00
 0.000000000000000000e+00
 0.000000000000000000e+00
 0.000000000000000000e+00
 0.000000000000000000e+00
 0.000000000000000000e+00
 0.000000000000000000e+00
 0.000000000000000000e+00
 0.000000000000000000e+00
 0.000000000000000000e+00
 0.000000000000000000e+00
 0.000000000000000000e+00
 0.000000000000000000e+00
 0.000000000000000000e+00
 0.000000000000000000e+00
 0.000000000000000000e+00
 0.000000000000000000e+00
 0.000000000000000000e+00
 0.000000000000000000e+00
 0.000000000000000000e+00
 0.000000000000000000e+00
 0.000000000000000000e+00
 0.000000000000000000e+00
 0.000000000000000000e+00
 0.000000000000000000e+00
 0.000000000000000000e+00
 </DataArray>
 <DataArray Name="p" type="Float32" NumberOfComponents="1" format="ascii">
 3.321135058363205753e+05
 3.305733389143259265e+05
 3.290388523313608021e+05
 3.275100304157824139e+05
 3.259868575152492267e+05
 3.244693179968627519e+05
 3.229573962473056163e+05
 3.214510766729735187e+05
 3.199503437001004932e+05
 3.184551817748795147e+05
 3.169655753635792062e+05
 3.154815089526509400e+05
 3.140029670488336124e+05
 3.125299341792495688e+05
 3.110623948914969224e+05
 3.096003337537348852e+05
 3.081437353547625244e+05
 3.066925843040905893e+05
 3.052468652320086258e+05
 3.038065627896438236e+05
 3.023716616490125307e+05
 3.009421465030647232e+05
 2.995180020657227724e+05
 2.980992130719095003e+05
 2.966857642775689019e+05
 2.952776404596794164e+05
 2.938748264162581763e+05
 2.924773069663552451e+05
 2.910850669500385411e+05
 2.896980912283692160e+05
 2.883163646833671955e+05
 2.869398722179647884e+05
 2.855685987559494097e+05
 2.842025292418933823e+05
 2.828416486410715734e+05
 2.814859419393670978e+05
 2.801353941431586281e+05
 2.787899902791961213e+05
 2.774497153944604797e+05
 2.761145545560040046e+05
 2.747844928507750737e+05
 2.734595153854218661e+05
 2.721396072860767599e+05
 2.708247536981168087e+05
 2.695149397859051824e+05
 2.682101507325022831e+05
 2.669103717393535189e+05
 2.656155880259452388e+05
 2.643257848294331925e+05
 2.630409474042343791e+05
 2.617610610215843190e+05
 2.604861109690519515e+05
 2.592160825500160572e+05
 2.579509610830925812e+05
 2.566907319015127723e+05
 2.554353803524451214e+05
 2.541848917962596170e+05
 2.529392516057235771e+05
 2.516984451651293493e+05
 2.504624578693421208e+05
 2.492312751227613480e+05
 2.480048823381896073e+05
 2.467832649355942849e+05
 2.455664083407580911e+05
 2.443542979837999446e+05
 2.431469192975550541e+05
 2.419442577158009808e+05
 2.407462986713089049e+05
 2.395530275937002152e+05
 2.383644299070906418e+05
 2.371804910274881404e+05
 2.360011963599251758e+05
 2.348265312952824461e+05
 2.336564812067738094e+05
 2.324910314460406953e+05
 2.313301673388106865e+05
 2.301738741800572316e+05
 2.290221372285938414e+05
 2.278749417010221805e+05
 2.267322727649364388e+05
 2.255941155312763585e+05
 2.244604550456986763e+05
 2.233312762788067921e+05
 2.222065641150558949e+05
 2.210863033401122957e+05
 2.199704786263954593e+05
 2.188590745164757536e+05
 2.177520754039407766e+05
 2.166494655112267355e+05
 2.155512288638282625e+05
 2.144573492601171311e+05
 2.133678102358430333e+05
 2.122825950220987725e+05
 2.112016864952278847e+05
 2.101250671166657121e+05
 2.090527188601488306e+05
 2.079846231227548269e+05
 2.069207606152846129e+05
 2.058611112253089086e+05
 2.048056538447455387e+05
 2.037543661479886505e+05
 2.027072243056524021e+05
 2.016642026002708008e+05
 2.006252729174906563e+05
 1.995904040168262145e+05
 1.985595605426565162e+05
 1.975327014491824084e+05
 1.965097778153648833e+05
 1.954907287336407462e+05
 1.944754753095260239e+05
 1.934639063134536555e+05
 1.924558531695004203e+05
 1.914510122038627742e+05
 1.904487680354210024e+05
 1.894477834496429714e+05
 1.884562937904536375e+05
 1.874711022342304932e+05
 1.864912262854168075e+05
 1.855162553963374230e+05
 1.845459677330069535e+05
 1.835802210404564976e+05
 1.826189138343492814e+05
 1.816619685196033970e+05
 1.807093228213607799e+05
 1.797609249310428568e+05
 1.788167305327234499e+05
 1.778767008721175080e+05
 1.769408014446077577e+05
 1.760090010709050694e+05
 1.750812712260387198e+05
 1.741575855398818385e+05
 1.732379194173149008e+05
 1.723222497440077423e+05
 1.714105546548280399e+05
 1.705028133489576867e+05
 1.695990059404454369e+05
 1.686991133360519307e+05
 1.678031171344003233e+05
 1.669109995419667976e+05
 1.660227433025231294e+05
 1.651383316374318674e+05
 1.642577481947765918e+05
 1.633809770057439164e+05
 1.625080024469979107e+05
 1.616388092080420465e+05
 1.607733822627575719e+05
 1.599117068444584729e+05
 1.590537684239255032e+05
 1.581995526899724209e+05
 1.573490455321787740e+05
 1.565022330254858243e+05
 1.556591014163960062e+05
 1.548196371105710859e+05
 1.539838266616405454e+05
 1.531516567610777274e+05
 1.523231142290076823e+05
 1.514981860058450256e+05
 1.506768591446662031e+05
 1.498591208042370854e+05
 1.490449582426288398e+05
 1.482343588113630831e+05
 1.474273099500384124e+05
 1.466237991813900881e+05
 1.458238141067498946e+05
 1.450273424018712831e+05
 1.442343718130891211e+05
 1.434448901537940255e+05
 1.426588853011938918e+05
 1.418763451933452743e+05
 1.410972578264368058e+05
 1.403216112523105112e+05
 1.395493935762029432e+05
 1.387805929546987754e+05
 1.380151975938791293e+05
 1.372531957476574462e+05
 1.364945757162916416e+05
 1.357393258450614230e+05
 1.349874345231015468e+05
 1.342388901823814958e+05
 1.334936812968201120e+05
 1.327517963815307012e+05
 1.320132239921803703e+05
 1.312779527244589699e+05
 1.305459712136438902e+05
 1.298172681342535507e+05
 1.290918321997756429e+05
 1.283696521624623128e+05
 1.276507168131793442e+05
 1.269350149812974705e+05
 1.262225355346147699e+05
 1.255132673793010181e+05
 1.248071994598457677e+05
 1.241043207590061938e+05
 1.234046202977387147e+05
 1.227080871351065143e+05
 1.220147103681518201e+05
 1.213244791317228955e+05
 1.206373825982547714e+05
 1.199534099774869246e+05
 1.192725505161263136e+05
 1.185947934974392410e+05
 1.179201282407821272e+05
 1.172485441010642971e+05
 1.165800304681460402e+05
 1.159145767661772989e+05
 1.152521724528793420e+05
 1.145928070187750855e+05
 1.139364699863740097e+05
 1.132831509093195345e+05
 1.126328393715032871e+05
 1.119855249861593329e+05
 1.113411973949368694e+05
 1.106998462669659930e+05
 1.100614612979165686e+05
 1.094260322090584959e+05
 1.087935487463275058e+05
 1.081640006793980137e+05
 1.075373778007679357e+05
 1.069136699248561636e+05
 1.062928668871147383e+05
 1.056749585431542946e+05
 1.050599347678862978e+05
 1.044477854546810267e+05
 1.038385005145437171e+05
 1.032320698753057368e+05
 1.026284834808408632e+05
 1.020277312903048296e+05
 1.014298032774029853e+05
 1.008346894296940882e+05
 1.002423797479359782e+05
 9.965286424548119248e+04
 9.906613294773350935e+04
 9.848217589167109691e+04
 9.790098312545244698e+04
 9.732254470810708881e+04
 9.674685070932896633e+04
 9.617389120937399275e+04
 9.560365629907428229e+04
 9.503613607997071813e+04
 9.447132066457238398e+04
 9.390920017674144765e+04
 9.334976475220604334e+04
 9.279300453920068685e+04
 9.223890969922785007e+04
 9.168747040793855558e+04
 9.113867685612328933e+04
 9.059251925080605724e+04
 9.004898781643390248e+04
 8.950807279614459549e+04
 8.896976445310865529e+04
 3.321135058363210410e+05
 3.305733389143261011e+05
 3.290388523313607438e+05
 3.275100304157822393e+05
 3.259868575152489939e+05
 3.244693179968631011e+05
 3.229573962473056163e+05
 3.214510766729734605e+05
 3.199503437001003185e+05
 3.184551817748796311e+05
 3.169655753635793226e+05
 3.154815089526514639e+05
 3.140029670488340198e+05
 3.125299341792499181e+05
 3.110623948914971552e+05
 3.096003337537351181e+05
 3.081437353547628154e+05
 3.066925843040904147e+05
 3.052468652320088586e+05
 3.038065627896436490e+05
 3.023716616490124725e+05
 3.009421465030646068e+05
 2.995180020657224231e+05
 2.980992130719095003e+05
 2.966857642775689601e+05
 2.952776404596800567e+05
 2.938748264162582345e+05
 2.924773069663551287e+05
 2.910850669500380754e+05
 2.896980912283687503e+05
 2.883163646833664970e+05
 2.869398722179644974e+05
 2.855685987559492933e+05
 2.842025292418937315e+05
 2.828416486410723301e+05
 2.814859419393670396e+05
 2.801353941431583371e+05
 2.787899902791956556e+05
 2.774497153944602469e+05
 2.761145545560045284e+05
 2.747844928507753066e+05
 2.734595153854224482e+05
 2.721396072860768181e+05
 2.708247536981167505e+05
 2.695149397859050659e+05
 2.682101507325024577e+05
 2.669103717393534025e+05
 2.656155880259448895e+05
 2.643257848294331343e+05
 2.630409474042349029e+05
 2.617610610215843481e+05
 2.604861109690519515e+05
 2.592160825500157662e+05
 2.579509610830923193e+05
 2.566907319015127723e+05
 2.554353803524452669e+05
 2.541848917962594423e+05
 2.529392516057233443e+05
 2.516984451651292038e+05
 2.504624578693423246e+05
 2.492312751227614353e+05
 2.480048823381895199e+05
 2.467832649355940521e+05
 2.455664083407579456e+05
 2.443542979837995663e+05
 2.431469192975545884e+05
 2.419442577158007771e+05
 2.407462986713088176e+05
 2.395530275937004481e+05
 2.383644299070909328e+05
 2.371804910274878785e+05
 2.360011963599250303e+05
 2.348265312952822424e+05
 2.336564812067737221e+05
 2.324910314460407244e+05
 2.313301673388107447e+05
 2.301738741800572607e+05
 2.290221372285942489e+05
 2.278749417010224715e+05
 2.267322727649367298e+05
 2.255941155312759802e+05
 2.244604550456986763e+05
 2.233312762788064720e+05
 2.222065641150557494e+05
 2.210863033401124412e+05
 2.199704786263951682e+05
 2.188590745164757536e+05
 2.177520754039405729e+05
 2.166494655112269975e+05
 2.155512288638284372e+05
 2.144573492601164035e+05
 2.133678102358429460e+05
 2.122825950220984523e+05
 2.112016864952276228e+05
 2.101250671166659740e+05
 2.090527188601490052e+05
 2.079846231227550597e+05
 2.069207606152846420e+05
 2.058611112253087922e+05
 2.048056538447460334e+05
 2.037543661479885632e+05
 2.027072243056527805e+05
 2.016642026002711500e+05
 2.006252729174899287e+05
 1.995904040168258944e+05
 1.985595605426561087e+05
 1.975327014491844748e+05
 1.965097778153636609e+05
 1.954907287336404843e+05
 1.944754753095255292e+05
 1.934639063134548196e+05
 1.924558531694995472e+05
 1.914510122038627451e+05
 1.904487680354213517e+05
 1.894477834496431751e+05
 1.884562937904554419e+05
 1.874711022342288925e+05
 1.864912262854162545e+05
 1.855162553963366081e+05
 1.845459677330100676e+05
 1.835802210404559446e+05
 1.826189138343468076e+05
 1.816619685196026985e+05
 1.807093228213606344e+05
 1.797609249310436426e+05
 1.788167305327215872e+05
 1.778767008721180027e+05
 1.769408014446082525e+05
 1.760090010709064663e+05
 1.750812712260367698e+05
 1.741575855398823041e+05
 1.732379194173154829e+05
 1.723222497440082952e+05
 1.714105546548285347e+05
 1.705028133489575994e+05
 1.695990059404462809e+05
 1.686991133360524545e+05
 1.678031171344005852e+05
 1.669109995419670886e+05
 1.660227433025231876e+05
 1.651383316374318965e+05
 1.642577481947758934e+05
 1.633809770057435962e+05
 1.625080024469979398e+05
 1.616388092080423958e+05
 1.607733822627566406e+05
 1.599117068444580655e+05
 1.590537684239250375e+05
 1.581995526899725664e+05
 1.573490455321776099e+05
 1.565022330254856788e+05
 1.556591014163959771e+05
 1.548196371105712606e+05
 1.539838266616412438e+05
 1.531516567610781058e+05
 1.523231142290081189e+05
 1.514981860058450256e+05
 1.506768591446659993e+05
 1.498591208042371436e+05
 1.490449582426286652e+05
 1.482343588113631122e+05
 1.474273099500383832e+05
 1.466237991813904373e+05
 1.458238141067503020e+05
 1.450273424018715741e+05
 1.442343718130882771e+05
 1.434448901537937927e+05
 1.426588853011938045e+05
 1.418763451933451579e+05
 1.410972578264365729e+05
 1.403216112523104821e+05
 1.395493935762033507e+05
 1.387805929546989501e+05
 1.380151975938791875e+05
 1.372531957476574753e+05
 1.364945757162915543e+05
 1.357393258450615103e+05
 1.349874345231020416e+05
 1.342388901823819906e+05
 1.334936812968201993e+05
 1.327517963815309340e+05
 1.320132239921805740e+05
 1.312779527244591445e+05
 1.305459712136439339e+05
 1.298172681342535070e+05
 1.290918321997753956e+05
 1.283696521624621237e+05
 1.276507168131789076e+05
 1.269350149812972959e+05
 1.262225355346148135e+05
 1.255132673793012946e+05
 1.248071994598461170e+05
 1.241043207590063539e+05
 1.234046202977386274e+05
 1.227080871351066889e+05
 1.220147103681518784e+05
 1.213244791317231429e+05
 1.206373825982544367e+05
 1.199534099774867791e+05
 1.192725505161258043e+05
 1.185947934974390519e+05
 1.179201282407821272e+05
 1.172485441010642244e+05
 1.165800304681459966e+05
 1.159145767661770806e+05
 1.152521724528791674e+05
 1.145928070187750418e+05
 1.139364699863743590e+05
 1.132831509093195637e+05
 1.126328393715031416e+05
 1.119855249861590128e+05
 1.113411973949364037e+05
 1.106998462669653818e+05
 1.100614612979159865e+05
 1.094260322090581612e+05
 1.087935487463272875e+05
 1.081640006793979555e+05
 1.075373778007677174e+05
 1.069136699248561199e+05
 1.062928668871147820e+05
 1.056749585431541927e+05
 1.050599347678861523e+05
 1.044477854546812305e+05
 1.038385005145438336e+05
 1.032320698753057077e+05
 1.026284834808408632e+05
 1.020277312903047714e+05
 1.014298032774029125e+05
 1.008346894296939427e+05
 1.002423797479358036e+05
 9.965286424548055220e+04
 9.906613294773316011e+04
 9.848217589167106780e+04
 9.790098312545249064e+04
 9.732254470810719067e+04
 9.674685070932887902e+04
 9.617389120937415282e+04
 9.560365629907423863e+04
 9.503613607997084910e+04
 9.447132066457234032e+04
 9.390920017674108385e+04
 9.334976475220589782e+04
 9.279300453920051223e+04
 9.223890969922786462e+04
 9.168747040793870110e+04
 9.113867685612350760e+04
 9.059251925080634828e+04
 9.004898781643430993e+04
 8.950807279614503204e+04
 8.896976445310884446e+04
 </DataArray>
 <DataArray Name="a" type="Float32" NumberOfComponents="1" format="ascii">
 1.395905157081660946e+03
 1.394608054266480394e+03
 1.393310918461445453e+03
 1.392013749528234030e+03
 1.390716547319686924e+03
 1.389419311679793282e+03
 1.388122042443674900e+03
 1.386824739437564176e+03
 1.385527402478780914e+03
 1.384230031375702310e+03
 1.382932625927731806e+03
 1.381635185925259975e+03
 1.380337711149626330e+03
 1.379040201373070659e+03
 1.377742656358688009e+03
 1.376445075860371844e+03
 1.375147459622757196e+03
 1.373849807381155870e+03
 1.372552118861486861e+03
 1.371254393780201099e+03
 1.369956631844196636e+03
 1.368658832750726788e+03
 1.367360996187303499e+03
 1.366063121831588433e+03
 1.364765209351274962e+03
 1.363467258403964252e+03
 1.362169268637029063e+03
 1.360871239687467778e+03
 1.359573171181745693e+03
 1.358275062735627898e+03
 1.356976913953997837e+03
 1.355678724430662442e+03
 1.354380493748145454e+03
 1.353082221477463236e+03
 1.351783907177887613e+03
 1.350485550396692133e+03
 1.349187150668878758e+03
 1.347888707516888871e+03
 1.346590220450293828e+03
 1.345291688965463209e+03
 1.343993112545212625e+03
 1.342694490658422637e+03
 1.341395822759635394e+03
 1.340097108288618756e+03
 1.338798346669901548e+03
 1.337499537312272196e+03
 1.336200679608242581e+03
 1.334901772933471648e+03
 1.333602816646146039e+03
 1.332303810086315025e+03
 1.331004752575174962e+03
 1.329705643414296674e+03
 1.328406481884799632e+03
 1.327107267246457013e+03
 1.325807998736730497e+03
 1.324508675569733441e+03
 1.323209296935104703e+03
 1.321909861996793552e+03
 1.320610369891745904e+03
 1.319310819728480283e+03
 1.318011210585540994e+03
 1.316711541509823746e+03
 1.315411811514751207e+03
 1.314112019578290528e+03
 1.312812164640792844e+03
 1.311512245602635176e+03
 1.310212261321643609e+03
 1.308912210610276588e+03
 1.307612092232530131e+03
 1.306311904900548598e+03
 1.305011647270887806e+03
 1.303711317940405024e+03
 1.302410915441718316e+03
 1.301110438238185452e+03
 1.299809884718337798e+03
 1.298509253189703713e+03
 1.297208541871929128e+03
 1.295907748889108916e+03
 1.294606872261211947e+03
 1.293305909894466367e+03
 1.292004859570555027e+03
 1.290703718934439621e+03
 1.289402485480591167e+03
 1.288101156537376028e+03
 1.286799729249286202e+03
 1.285498200556641450e+03
 1.284196567172315781e+03
 1.282894825554945328e+03
 1.281592971877930268e+03
 1.280291001993425425e+03
 1.278988911390259091e+03
 1.277686695144507212e+03
 1.276384347861066090e+03
 1.275081863604124237e+03
 1.273779235813823561e+03
 1.272476457205546694e+03
 1.271173519647159083e+03
 1.269870414007798900e+03
 1.268567129969820371e+03
 1.267263655791462497e+03
 1.265959978004334062e+03
 1.264656081019242720e+03
 1.263351946608340768e+03
 1.262047553199867707e+03
 1.260742874916064920e+03
 1.259437880176203407e+03
 1.258132529692894877e+03
 1.256826773270924605e+03
 1.255520544834346538e+03
 1.254213753240878532e+03
 1.252906265566820593e+03
 1.251597868668796082e+03
 1.250288176606234629e+03
 1.248976372023211979e+03
 1.247660701320793805e+03
 1.246352012438816246e+03
 1.245046169395962124e+03
 1.243741915222363332e+03
 1.242438737337705561e+03
 1.241136368234558859e+03
 1.239834643289093719e+03
 1.238533450311355864e+03
 1.237232707673667392e+03
 1.235932353248062100e+03
 1.234632338161327652e+03
 1.233332622981715758e+03
 1.232033175250478962e+03
 1.230733967809907881e+03
 1.229434977628915021e+03
 1.228136184953022621e+03
 1.226837572673491877e+03
 1.225539125848943058e+03
 1.224240831335855546e+03
 1.222942677498529974e+03
 1.221644653978179122e+03
 1.220346751506785722e+03
 1.219048961755356231e+03
 1.217751277208976717e+03
 1.216453691062998587e+03
 1.215156197136077935e+03
 1.213858789796778638e+03
 1.212561463901188517e+03
 1.211264214739569070e+03
 1.209967037990440758e+03
 1.208669929680848554e+03
 1.207372886151787498e+03
 1.206075904027964270e+03
 1.204778980191216306e+03
 1.203482111757036137e+03
 1.202185296053735783e+03
 1.200888530603881918e+03
 1.199591813107669850e+03
 1.198295141427987346e+03
 1.196998513576932282e+03
 1.195701927703606088e+03
 1.194405382083019731e+03
 1.193108875105984907e+03
 1.191812405269871533e+03
 1.190515971170143530e+03
 1.189219571492581281e+03
 1.187923205006131639e+03
 1.186626870556319773e+03
 1.185330567059173745e+03
 1.184034293495619295e+03
 1.182738048906308677e+03
 1.181441832386844681e+03
 1.180145643083385949e+03
 1.178849480188595862e+03
 1.177553342937922253e+03
 1.176257230606187932e+03
 1.174961142504478858e+03
 1.173665077977311967e+03
 1.172369036400076084e+03
 1.171073017176728172e+03
 1.169777019737740147e+03
 1.168481043538285348e+03
 1.167185088056655559e+03
 1.165889152792895402e+03
 1.164593237267652512e+03
 1.163297341021223474e+03
 1.162001463612797579e+03
 1.160705604619878386e+03
 1.159409763637876040e+03
 1.158113940279854887e+03
 1.156818134176428430e+03
 1.155522344975780015e+03
 1.154226572343801990e+03
 1.152930815964328758e+03
 1.151635075539451918e+03
 1.150339350789894297e+03
 1.149043641455429452e+03
 1.147747947295317545e+03
 1.146452268088745313e+03
 1.145156603635244210e+03
 1.143860953755069886e+03
 1.142565318289520746e+03
 1.141269697101177599e+03
 1.139974090074050764e+03
 1.138678497113612593e+03
 1.137382918146717202e+03
 1.136087353121378783e+03
 1.134791802006418266e+03
 1.133496264790967871e+03
 1.132200741483826960e+03
 1.130905232112681460e+03
 1.129609736723185733e+03
 1.128314255377915742e+03
 1.127018788155195352e+03
 1.125723335147815305e+03
 1.124427896461645560e+03
 1.123132472214168274e+03
 1.121837062532921436e+03
 1.120541667553884736e+03
 1.119246287419802911e+03
 1.117950922278466123e+03
 1.116655572280948491e+03
 1.115360237579813884e+03
 1.114064918327294663e+03
 1.112769614673446767e+03
 1.111474326764278430e+03
 1.110179054739862750e+03
 1.108883798732427522e+03
 1.107588558864427114e+03
 1.106293335246602510e+03
 1.104998127976018395e+03
 1.103702937134103649e+03
 1.102407762784689339e+03
 1.101112604972055124e+03
 1.099817463719003399e+03
 1.098522339024977782e+03
 1.097227230864241847e+03
 1.095932139184146763e+03
 1.094637063903502849e+03
 1.093342004911101185e+03
 1.092046962064384161e+03
 1.090751935188322705e+03
 1.089456924074502012e+03
 1.088161928480458755e+03
 1.086866948129273169e+03
 1.085571982709455369e+03
 1.084277031875123157e+03
 1.082982095246492236e+03
 1.081687172410685207e+03
 1.080392262922858208e+03
 1.079097366307647690e+03
 1.077802482060926422e+03
 1.076507609651864414e+03
 1.075212748525282450e+03
 1.073917898104269398e+03
 1.072623057793062117e+03
 1.395905157081661173e+03
 1.394608054266480394e+03
 1.393310918461445226e+03
 1.392013749528233348e+03
 1.390716547319686697e+03
 1.389419311679793736e+03
 1.388122042443674900e+03
 1.386824739437563949e+03
 1.385527402478780687e+03
 1.384230031375702538e+03
 1.382932625927732033e+03
 1.381635185925260203e+03
 1.380337711149626330e+03
 1.379040201373070886e+03
 1.377742656358687555e+03
 1.376445075860371389e+03
 1.375147459622756514e+03
 1.373849807381154960e+03
 1.372552118861486406e+03
 1.371254393780200644e+03
 1.369956631844196181e+03
 1.368658832750726106e+03
 1.367360996187302817e+03
 1.366063121831587750e+03
 1.364765209351274507e+03
 1.363467258403964252e+03
 1.362169268637029063e+03
 1.360871239687467551e+03
 1.359573171181745465e+03
 1.358275062735627671e+03
 1.356976913953997155e+03
 1.355678724430662214e+03
 1.354380493748145227e+03
 1.353082221477463918e+03
 1.351783907177888295e+03
 1.350485550396692361e+03
 1.349187150668878530e+03
 1.347888707516888644e+03
 1.346590220450293828e+03
 1.345291688965463663e+03
 1.343993112545212853e+03
 1.342694490658423319e+03
 1.341395822759635848e+03
 1.340097108288618983e+03
 1.338798346669901548e+03
 1.337499537312272423e+03
 1.336200679608242353e+03
 1.334901772933471193e+03
 1.333602816646146039e+03
 1.332303810086315252e+03
 1.331004752575174962e+03
 1.329705643414297128e+03
 1.328406481884800087e+03
 1.327107267246457241e+03
 1.325807998736731633e+03
 1.324508675569734123e+03
 1.323209296935104476e+03
 1.321909861996793552e+03
 1.320610369891745677e+03
 1.319310819728480283e+03
 1.318011210585540766e+03
 1.316711541509823519e+03
 1.315411811514750752e+03
 1.314112019578290074e+03
 1.312812164640792389e+03
 1.311512245602634266e+03
 1.310212261321643382e+03
 1.308912210610276588e+03
 1.307612092232530586e+03
 1.306311904900549052e+03
 1.305011647270887352e+03
 1.303711317940405024e+03
 1.302410915441718316e+03
 1.301110438238185452e+03
 1.299809884718338026e+03
 1.298509253189704168e+03
 1.297208541871929356e+03
 1.295907748889109598e+03
 1.294606872261212629e+03
 1.293305909894466822e+03
 1.292004859570554345e+03
 1.290703718934439166e+03
 1.289402485480590713e+03
 1.288101156537375800e+03
 1.286799729249286202e+03
 1.285498200556640995e+03
 1.284196567172315781e+03
 1.282894825554945101e+03
 1.281592971877930950e+03
 1.280291001993426107e+03
 1.278988911390258409e+03
 1.277686695144507212e+03
 1.276384347861065862e+03
 1.275081863604123782e+03
 1.273779235813824243e+03
 1.272476457205547149e+03
 1.271173519647159537e+03
 1.269870414007798900e+03
 1.268567129969820371e+03
 1.267263655791463179e+03
 1.265959978004334062e+03
 1.264656081019243629e+03
 1.263351946608341223e+03
 1.262047553199867252e+03
 1.260742874916064693e+03
 1.259437880176203407e+03
 1.258132529692897378e+03
 1.256826773270922786e+03
 1.255520544834345628e+03
 1.254213753240877395e+03
 1.252906265566821958e+03
 1.251597868668794945e+03
 1.250288176606234629e+03
 1.248976372023212889e+03
 1.247660701320794487e+03
 1.246352012438819202e+03
 1.245046169395960533e+03
 1.243741915222362650e+03
 1.242438737337704424e+03
 1.241136368234562951e+03
 1.239834643289093037e+03
 1.238533450311352453e+03
 1.237232707673666710e+03
 1.235932353248061872e+03
 1.234632338161328789e+03
 1.233332622981713030e+03
 1.232033175250480099e+03
 1.230733967809908791e+03
 1.229434977628917295e+03
 1.228136184953020120e+03
 1.226837572673493014e+03
 1.225539125848944195e+03
 1.224240831335856683e+03
 1.222942677498530657e+03
 1.221644653978178894e+03
 1.220346751506786859e+03
 1.219048961755356913e+03
 1.217751277208976944e+03
 1.216453691062998587e+03
 1.215156197136078163e+03
 1.213858789796778638e+03
 1.212561463901187381e+03
 1.211264214739568388e+03
 1.209967037990440986e+03
 1.208669929680849009e+03
 1.207372886151786133e+03
 1.206075904027963588e+03
 1.204778980191215851e+03
 1.203482111757036591e+03
 1.202185296053733964e+03
 1.200888530603881918e+03
 1.199591813107670077e+03
 1.198295141427988028e+03
 1.196998513576933874e+03
 1.195701927703606771e+03
 1.194405382083020413e+03
 1.193108875105984453e+03
 1.191812405269871078e+03
 1.190515971170143530e+03
 1.189219571492581508e+03
 1.187923205006132093e+03
 1.186626870556320000e+03
 1.185330567059175110e+03
 1.184034293495621114e+03
 1.182738048906310269e+03
 1.181441832386844226e+03
 1.180145643083386403e+03
 1.178849480188596317e+03
 1.177553342937922025e+03
 1.176257230606187250e+03
 1.174961142504478175e+03
 1.173665077977312194e+03
 1.172369036400076084e+03
 1.171073017176727944e+03
 1.169777019737740147e+03
 1.168481043538285348e+03
 1.167185088056655559e+03
 1.165889152792896539e+03
 1.164593237267653649e+03
 1.163297341021223701e+03
 1.162001463612798261e+03
 1.160705604619879296e+03
 1.159409763637876267e+03
 1.158113940279854887e+03
 1.156818134176428202e+03
 1.155522344975779333e+03
 1.154226572343801536e+03
 1.152930815964327621e+03
 1.151635075539451464e+03
 1.150339350789894070e+03
 1.149043641455429906e+03
 1.147747947295318681e+03
 1.146452268088746223e+03
 1.145156603635244210e+03
 1.143860953755069886e+03
 1.142565318289521201e+03
 1.141269697101178281e+03
 1.139974090074050537e+03
 1.138678497113612593e+03
 1.137382918146716065e+03
 1.136087353121377873e+03
 1.134791802006417811e+03
 1.133496264790967189e+03
 1.132200741483826050e+03
 1.130905232112679869e+03
 1.129609736723184596e+03
 1.128314255377914833e+03
 1.127018788155195807e+03
 1.125723335147815078e+03
 1.124427896461645105e+03
 1.123132472214167819e+03
 1.121837062532920982e+03
 1.120541667553883599e+03
 1.119246287419802229e+03
 1.117950922278465669e+03
 1.116655572280947808e+03
 1.115360237579813656e+03
 1.114064918327294890e+03
 1.112769614673446767e+03
 1.111474326764279112e+03
 1.110179054739862977e+03
 1.108883798732427522e+03
 1.107588558864427796e+03
 1.106293335246602965e+03
 1.104998127976018623e+03
 1.103702937134103877e+03
 1.102407762784689339e+03
 1.101112604972054442e+03
 1.099817463719002490e+03
 1.098522339024977100e+03
 1.097227230864240482e+03
 1.095932139184145854e+03
 1.094637063903502622e+03
 1.093342004911100730e+03
 1.092046962064383933e+03
 1.090751935188322477e+03
 1.089456924074502467e+03
 1.088161928480458300e+03
 1.086866948129273396e+03
 1.085571982709455369e+03
 1.084277031875122475e+03
 1.082982095246491554e+03
 1.081687172410684070e+03
 1.080392262922857299e+03
 1.079097366307647690e+03
 1.077802482060927332e+03
 1.076507609651865550e+03
 1.075212748525283587e+03
 1.073917898104271217e+03
 1.072623057793063253e+03
 </DataArray>
 <DataArray Name="mu" type="Float32" NumberOfComponents="1" format="ascii">
 3.942699047786300175e-05
 3.942699047786300175e-05
 3.942699047786300175e-05
 3.942699047786300175e-05
 3.942699047786300175e-05
 3.942699047786300175e-05
 3.942699047786300175e-05
 3.942699047786300175e-05
 3.942699047786300175e-05
 3.942699047786300175e-05
 3.942699047786300175e-05
 3.942699047786300175e-05
 3.942699047786300175e-05
 3.942699047786300175e-05
 3.942699047786300175e-05
 3.942699047786300175e-05
 3.942699047786300175e-05
 3.942699047786300175e-05
 3.942699047786300175e-05
 3.942699047786300175e-05
 3.942699047786300175e-05
 3.942699047786300175e-05
 3.942699047786300175e-05
 3.942699047786300175e-05
 3.942699047786300175e-05
 3.942699047786300175e-05
 3.942699047786300175e-05
 3.942699047786300175e-05
 3.942699047786300175e-05
 3.942699047786300175e-05
 3.942699047786300175e-05
 3.942699047786300175e-05
 3.942699047786300175e-05
 3.942699047786300175e-05
 3.942699047786300175e-05
 3.942699047786300175e-05
 3.942699047786300175e-05
 3.942699047786300175e-05
 3.942699047786300175e-05
 3.942699047786300175e-05
 3.942699047786300175e-05
 3.942699047786300175e-05
 3.942699047786300175e-05
 3.942699047786300175e-05
 3.942699047786300175e-05
 3.942699047786300175e-05
 3.942699047786300175e-05
 3.942699047786300175e-05
 3.942699047786300175e-05
 3.942699047786300175e-05
 3.942699047786300175e-05
 3.942699047786300175e-05
 3.942699047786300175e-05
 3.942699047786300175e-05
 3.942699047786300175e-05
 3.942699047786300175e-05
 3.942699047786300175e-05
 3.942699047786300175e-05
 3.942699047786300175e-05
 3.942699047786300175e-05
 3.942699047786300175e-05
 3.942699047786300175e-05
 3.942699047786300175e-05
 3.942699047786300175e-05
 3.942699047786300175e-05
 3.942699047786300175e-05
 3.942699047786300175e-05
 3.942699047786300175e-05
 3.942699047786300175e-05
 3.942699047786300175e-05
 3.942699047786300175e-05
 3.942699047786300175e-05
 3.942699047786300175e-05
 3.942699047786300175e-05
 3.942699047786300175e-05
 3.942699047786300175e-05
 3.942699047786300175e-05
 3.942699047786300175e-05
 3.942699047786300175e-05
 3.942699047786300175e-05
 3.942699047786300175e-05
 3.942699047786300175e-05
 3.942699047786300175e-05
 3.942699047786300175e-05
 3.942699047786300175e-05
 3.942699047786300175e-05
 3.942699047786300175e-05
 3.942699047786300175e-05
 3.942699047786300175e-05
 3.942699047786300175e-05
 3.942699047786300175e-05
 3.942699047786300175e-05
 3.942699047786300175e-05
 3.942699047786300175e-05
 3.942699047786300175e-05
 3.942699047786300175e-05
 3.942699047786300175e-05
 3.942699047786300175e-05
 3.942699047786300175e-05
 3.942699047786300175e-05
 3.942699047786300175e-05
 3.942699047786300175e-05
 3.942699047786300175e-05
 3.942699047786300175e-05
 3.942699047786300175e-05
 3.942699047786300175e-05
 3.942699047786300175e-05
 3.942699047786300175e-05
 3.942699047786300175e-05
 3.942699047786300175e-05
 3.942699047786300175e-05
 3.942699047786300175e-05
 3.942699047786300175e-05
 3.942699047786300175e-05
 1.813928062146993983e-05
 1.813928062146993983e-05
 1.813928062146993983e-05
 1.813928062146993983e-05
 1.813928062146993983e-05
 1.813928062146993983e-05
 1.813928062146993983e-05
 1.813928062146993983e-05
 1.813928062146993983e-05
 1.813928062146993983e-05
 1.813928062146993983e-05
 1.813928062146993983e-05
 1.813928062146993983e-05
 1.813928062146993983e-05
 1.813928062146993983e-05
 1.813928062146993983e-05
 1.813928062146993983e-05
 1.813928062146993983e-05
 1.813928062146993983e-05
 1.813928062146993983e-05
 1.813928062146993983e-05
 1.813928062146993983e-05
 1.813928062146993983e-05
 1.813928062146993983e-05
 1.813928062146993983e-05
 1.813928062146993983e-05
 1.813928062146993983e-05
 1.813928062146993983e-05
 1.813928062146993983e-05
 1.813928062146993983e-05
 1.813928062146993983e-05
 1.813928062146993983e-05
 1.813928062146993983e-05
 1.813928062146993983e-05
 1.813928062146993983e-05
 1.813928062146993983e-05
 1.813928062146993983e-05
 1.813928062146993983e-05
 1.813928062146993983e-05
 1.813928062146993983e-05
 1.813928062146993983e-05
 1.813928062146993983e-05
 1.813928062146993983e-05
 1.813928062146993983e-05
 1.813928062146993983e-05
 1.813928062146993983e-05
 1.813928062146993983e-05
 1.813928062146993983e-05
 1.813928062146993983e-05
 1.813928062146993983e-05
 1.813928062146993983e-05
 1.813928062146993983e-05
 1.813928062146993983e-05
 1.813928062146993983e-05
 1.813928062146993983e-05
 1.813928062146993983e-05
 1.813928062146993983e-05
 1.813928062146993983e-05
 1.813928062146993983e-05
 1.813928062146993983e-05
 1.813928062146993983e-05
 1.813928062146993983e-05
 1.813928062146993983e-05
 1.813928062146993983e-05
 1.813928062146993983e-05
 1.813928062146993983e-05
 1.813928062146993983e-05
 1.813928062146993983e-05
 1.813928062146993983e-05
 1.813928062146993983e-05
 1.813928062146993983e-05
 1.813928062146993983e-05
 1.813928062146993983e-05
 1.813928062146993983e-05
 1.813928062146993983e-05
 1.813928062146993983e-05
 1.813928062146993983e-05
 1.813928062146993983e-05
 1.813928062146993983e-05
 1.813928062146993983e-05
 1.813928062146993983e-05
 1.813928062146993983e-05
 1.813928062146993983e-05
 1.813928062146993983e-05
 1.813928062146993983e-05
 1.813928062146993983e-05
 1.813928062146993983e-05
 1.813928062146993983e-05
 1.813928062146993983e-05
 1.813928062146993983e-05
 1.813928062146993983e-05
 1.813928062146993983e-05
 1.813928062146993983e-05
 1.813928062146993983e-05
 1.813928062146993983e-05
 1.813928062146993983e-05
 1.813928062146993983e-05
 1.813928062146993983e-05
 1.813928062146993983e-05
 1.813928062146993983e-05
 1.813928062146993983e-05
 1.813928062146993983e-05
 1.813928062146993983e-05
 1.813928062146993983e-05
 1.813928062146993983e-05
 1.813928062146993983e-05
 1.813928062146993983e-05
 1.813928062146993983e-05
 1.813928062146993983e-05
 1.813928062146993983e-05
 1.813928062146993983e-05
 1.813928062146993983e-05
 1.813928062146993983e-05
 1.813928062146993983e-05
 1.813928062146993983e-05
 1.813928062146993983e-05
 1.813928062146993983e-05
 1.813928062146993983e-05
 1.813928062146993983e-05
 1.813928062146993983e-05
 1.813928062146993983e-05
 1.813928062146993983e-05
 1.813928062146993983e-05
 1.813928062146993983e-05
 1.813928062146993983e-05
 1.813928062146993983e-05
 1.813928062146993983e-05
 1.813928062146993983e-05
 1.813928062146993983e-05
 1.813928062146993983e-05
 1.813928062146993983e-05
 1.813928062146993983e-05
 1.813928062146993983e-05
 1.813928062146993983e-05
 1.813928062146993983e-05
 1.813928062146993983e-05
 3.942699047786300175e-05
 3.942699047786300175e-05
 3.942699047786300175e-05
 3.942699047786300175e-05
 3.942699047786300175e-05
 3.942699047786300175e-05
 3.942699047786300175e-05
 3.942699047786300175e-05
 3.942699047786300175e-05
 3.942699047786300175e-05
 3.942699047786300175e-05
 3.942699047786300175e-05
 3.942699047786300175e-05
 3.942699047786300175e-05
 3.942699047786300175e-05
 3.942699047786300175e-05
 3.942699047786300175e-05
 3.942699047786300175e-05
 3.942699047786300175e-05
 3.942699047786300175e-05
 3.942699047786300175e-05
 3.942699047786300175e-05
 3.942699047786300175e-05
 3.942699047786300175e-05
 3.942699047786300175e-05
 3.942699047786300175e-05
 3.942699047786300175e-05
 3.942699047786300175e-05
 3.942699047786300175e-05
 3.942699047786300175e-05
 3.942699047786300175e-05
 3.942699047786300175e-05
 3.942699047786300175e-05
 3.942699047786300175e-05
 3.942699047786300175e-05
 3.942699047786300175e-05
 3.942699047786300175e-05
 3.942699047786300175e-05
 3.942699047786300175e-05
 3.942699047786300175e-05
 3.942699047786300175e-05
 3.942699047786300175e-05
 3.942699047786300175e-05
 3.942699047786300175e-05
 3.942699047786300175e-05
 3.942699047786300175e-05
 3.942699047786300175e-05
 3.942699047786300175e-05
 3.942699047786300175e-05
 3.942699047786300175e-05
 3.942699047786300175e-05
 3.942699047786300175e-05
 3.942699047786300175e-05
 3.942699047786300175e-05
 3.942699047786300175e-05
 3.942699047786300175e-05
 3.942699047786300175e-05
 3.942699047786300175e-05
 3.942699047786300175e-05
 3.942699047786300175e-05
 3.942699047786300175e-05
 3.942699047786300175e-05
 3.942699047786300175e-05
 3.942699047786300175e-05
 3.942699047786300175e-05
 3.942699047786300175e-05
 3.942699047786300175e-05
 3.942699047786300175e-05
 3.942699047786300175e-05
 3.942699047786300175e-05
 3.942699047786300175e-05
 3.942699047786300175e-05
 3.942699047786300175e-05
 3.942699047786300175e-05
 3.942699047786300175e-05
 3.942699047786300175e-05
 3.942699047786300175e-05
 3.942699047786300175e-05
 3.942699047786300175e-05
 3.942699047786300175e-05
 3.942699047786300175e-05
 3.942699047786300175e-05
 3.942699047786300175e-05
 3.942699047786300175e-05
 3.942699047786300175e-05
 3.942699047786300175e-05
 3.942699047786300175e-05
 3.942699047786300175e-05
 3.942699047786300175e-05
 3.942699047786300175e-05
 3.942699047786300175e-05
 3.942699047786300175e-05
 3.942699047786300175e-05
 3.942699047786300175e-05
 3.942699047786300175e-05
 3.942699047786300175e-05
 3.942699047786300175e-05
 3.942699047786300175e-05
 3.942699047786300175e-05
 3.942699047786300175e-05
 3.942699047786300175e-05
 3.942699047786300175e-05
 3.942699047786300175e-05
 3.942699047786300175e-05
 3.942699047786300175e-05
 3.942699047786300175e-05
 3.942699047786300175e-05
 3.942699047786300175e-05
 3.942699047786300175e-05
 3.942699047786300175e-05
 3.942699047786300175e-05
 3.942699047786300175e-05
 3.942699047786300175e-05
 3.942699047786300175e-05
 1.813928062146993983e-05
 1.813928062146993983e-05
 1.813928062146993983e-05
 1.813928062146993983e-05
 1.813928062146993983e-05
 1.813928062146993983e-05
 1.813928062146993983e-05
 1.813928062146993983e-05
 1.813928062146993983e-05
 1.813928062146993983e-05
 1.813928062146993983e-05
 1.813928062146993983e-05
 1.813928062146993983e-05
 1.813928062146993983e-05
 1.813928062146993983e-05
 1.813928062146993983e-05
 1.813928062146993983e-05
 1.813928062146993983e-05
 1.813928062146993983e-05
 1.813928062146993983e-05
 1.813928062146993983e-05
 1.813928062146993983e-05
 1.813928062146993983e-05
 1.813928062146993983e-05
 1.813928062146993983e-05
 1.813928062146993983e-05
 1.813928062146993983e-05
 1.813928062146993983e-05
 1.813928062146993983e-05
 1.813928062146993983e-05
 1.813928062146993983e-05
 1.813928062146993983e-05
 1.813928062146993983e-05
 1.813928062146993983e-05
 1.813928062146993983e-05
 1.813928062146993983e-05
 1.813928062146993983e-05
 1.813928062146993983e-05
 1.813928062146993983e-05
 1.813928062146993983e-05
 1.813928062146993983e-05
 1.813928062146993983e-05
 1.813928062146993983e-05
 1.813928062146993983e-05
 1.813928062146993983e-05
 1.813928062146993983e-05
 1.813928062146993983e-05
 1.813928062146993983e-05
 1.813928062146993983e-05
 1.813928062146993983e-05
 1.813928062146993983e-05
 1.813928062146993983e-05
 1.813928062146993983e-05
 1.813928062146993983e-05
 1.813928062146993983e-05
 1.813928062146993983e-05
 1.813928062146993983e-05
 1.813928062146993983e-05
 1.813928062146993983e-05
 1.813928062146993983e-05
 1.813928062146993983e-05
 1.813928062146993983e-05
 1.813928062146993983e-05
 1.813928062146993983e-05
 1.813928062146993983e-05
 1.813928062146993983e-05
 1.813928062146993983e-05
 1.813928062146993983e-05
 1.813928062146993983e-05
 1.813928062146993983e-05
 1.813928062146993983e-05
 1.813928062146993983e-05
 1.813928062146993983e-05
 1.813928062146993983e-05
 1.813928062146993983e-05
 1.813928062146993983e-05
 1.813928062146993983e-05
 1.813928062146993983e-05
 1.813928062146993983e-05
 1.813928062146993983e-05
 1.813928062146993983e-05
 1.813928062146993983e-05
 1.813928062146993983e-05
 1.813928062146993983e-05
 1.813928062146993983e-05
 1.813928062146993983e-05
 1.813928062146993983e-05
 1.813928062146993983e-05
 1.813928062146993983e-05
 1.813928062146993983e-05
 1.813928062146993983e-05
 1.813928062146993983e-05
 1.813928062146993983e-05
 1.813928062146993983e-05
 1.813928062146993983e-05
 1.813928062146993983e-05
 1.813928062146993983e-05
 1.813928062146993983e-05
 1.813928062146993983e-05
 1.813928062146993983e-05
 1.813928062146993983e-05
 1.813928062146993983e-05
 1.813928062146993983e-05
 1.813928062146993983e-05
 1.813928062146993983e-05
 1.813928062146993983e-05
 1.813928062146993983e-05
 1.813928062146993983e-05
 1.813928062146993983e-05
 1.813928062146993983e-05
 1.813928062146993983e-05
 1.813928062146993983e-05
 1.813928062146993983e-05
 1.813928062146993983e-05
 1.813928062146993983e-05
 1.813928062146993983e-05
 1.813928062146993983e-05
 1.813928062146993983e-05
 1.813928062146993983e-05
 1.813928062146993983e-05
 1.813928062146993983e-05
 1.813928062146993983e-05
 1.813928062146993983e-05
 1.813928062146993983e-05
 1.813928062146993983e-05
 1.813928062146993983e-05
 1.813928062146993983e-05
 1.813928062146993983e-05
 1.813928062146993983e-05
 1.813928062146993983e-05
 1.813928062146993983e-05
 1.813928062146993983e-05
 1.813928062146993983e-05
 1.813928062146993983e-05
 1.813928062146993983e-05
 1.813928062146993983e-05
 </DataArray>
 <DataArray Name="k" type="Float32" NumberOfComponents="1" format="ascii">
 3.079920815511358878e-01
 3.079920815511358878e-01
 3.079920815511358878e-01
 3.079920815511358878e-01
 3.079920815511358878e-01
 3.079920815511358878e-01
 3.079920815511358878e-01
 3.079920815511358878e-01
 3.079920815511358878e-01
 3.079920815511358878e-01
 3.079920815511358878e-01
 3.079920815511358878e-01
 3.079920815511358878e-01
 3.079920815511358878e-01
 3.079920815511358878e-01
 3.079920815511358878e-01
 3.079920815511358878e-01
 3.079920815511358878e-01
 3.079920815511358878e-01
 3.079920815511358878e-01
 3.079920815511358878e-01
 3.079920815511358878e-01
 3.079920815511358878e-01
 3.079920815511358878e-01
 3.079920815511358878e-01
 3.079920815511358878e-01
 3.079920815511358878e-01
 3.079920815511358878e-01
 3.079920815511358878e-01
 3.079920815511358878e-01
 3.079920815511358878e-01
 3.079920815511358878e-01
 3.079920815511358878e-01
 3.079920815511358878e-01
 3.079920815511358878e-01
 3.079920815511358878e-01
 3.079920815511358878e-01
 3.079920815511358878e-01
 3.079920815511358878e-01
 3.079920815511358878e-01
 3.079920815511358878e-01
 3.079920815511358878e-01
 3.079920815511358878e-01
 3.079920815511358878e-01
 3.079920815511358878e-01
 3.079920815511358878e-01
 3.079920815511358878e-01
 3.079920815511358878e-01
 3.079920815511358878e-01
 3.079920815511358878e-01
 3.079920815511358878e-01
 3.079920815511358878e-01
 3.079920815511358878e-01
 3.079920815511358878e-01
 3.079920815511358878e-01
 3.079920815511358878e-01
 3.079920815511358878e-01
 3.079920815511358878e-01
 3.079920815511358878e-01
 3.079920815511358878e-01
 3.079920815511358878e-01
 3.079920815511358878e-01
 3.079920815511358878e-01
 3.079920815511358878e-01
 3.079920815511358878e-01
 3.079920815511358878e-01
 3.079920815511358878e-01
 3.079920815511358878e-01
 3.079920815511358878e-01
 3.079920815511358878e-01
 3.079920815511358878e-01
 3.079920815511358878e-01
 3.079920815511358878e-01
 3.079920815511358878e-01
 3.079920815511358878e-01
 3.079920815511358878e-01
 3.079920815511358878e-01
 3.079920815511358878e-01
 3.079920815511358878e-01
 3.079920815511358878e-01
 3.079920815511358878e-01
 3.079920815511358878e-01
 3.079920815511358878e-01
 3.079920815511358878e-01
 3.079920815511358878e-01
 3.079920815511358878e-01
 3.079920815511358878e-01
 3.079920815511358878e-01
 3.079920815511358878e-01
 3.079920815511358878e-01
 3.079920815511358878e-01
 3.079920815511358878e-01
 3.079920815511358878e-01
 3.079920815511358878e-01
 3.079920815511358878e-01
 3.079920815511358878e-01
 3.079920815511358878e-01
 3.079920815511358878e-01
 3.079920815511358878e-01
 3.079920815511358878e-01
 3.079920815511358878e-01
 3.079920815511358878e-01
 3.079920815511358878e-01
 3.079920815511358878e-01
 3.079920815511358878e-01
 3.079920815511358878e-01
 3.079920815511358878e-01
 3.079920815511358878e-01
 3.079920815511358878e-01
 3.079920815511358878e-01
 3.079920815511358878e-01
 3.079920815511358878e-01
 3.079920815511358878e-01
 3.079920815511358878e-01
 2.576041171715383674e-02
 2.576041171715383674e-02
 2.576041171715383674e-02
 2.576041171715383674e-02
 2.576041171715383674e-02
 2.576041171715383674e-02
 2.576041171715383674e-02
 2.576041171715383674e-02
 2.576041171715383674e-02
 2.576041171715383674e-02
 2.576041171715383674e-02
 2.576041171715383674e-02
 2.576041171715383674e-02
 2.576041171715383674e-02
 2.576041171715383674e-02
 2.576041171715383674e-02
 2.576041171715383674e-02
 2.576041171715383674e-02
 2.576041171715383674e-02
 2.576041171715383674e-02
 2.576041171715383674e-02
 2.576041171715383674e-02
 2.576041171715383674e-02
 2.576041171715383674e-02
 2.576041171715383674e-02
 2.576041171715383674e-02
 2.576041171715383674e-02
 2.576041171715383674e-02
 2.576041171715383674e-02
 2.576041171715383674e-02
 2.576041171715383674e-02
 2.576041171715383674e-02
 2.576041171715383674e-02
 2.576041171715383674e-02
 2.576041171715383674e-02
 2.576041171715383674e-02
 2.576041171715383674e-02
 2.576041171715383674e-02
 2.576041171715383674e-02
 2.576041171715383674e-02
 2.576041171715383674e-02
 2.576041171715383674e-02
 2.576041171715383674e-02
 2.576041171715383674e-02
 2.576041171715383674e-02
 2.576041171715383674e-02
 2.576041171715383674e-02
 2.576041171715383674e-02
 2.576041171715383674e-02
 2.576041171715383674e-02
 2.576041171715383674e-02
 2.576041171715383674e-02
 2.576041171715383674e-02
 2.576041171715383674e-02
 2.576041171715383674e-02
 2.576041171715383674e-02
 2.576041171715383674e-02
 2.576041171715383674e-02
 2.576041171715383674e-02
 2.576041171715383674e-02
 2.576041171715383674e-02
 2.576041171715383674e-02
 2.576041171715383674e-02
 2.576041171715383674e-02
 2.576041171715383674e-02
 2.576041171715383674e-02
 2.576041171715383674e-02
 2.576041171715383674e-02
 2.576041171715383674e-02
 2.576041171715383674e-02
 2.576041171715383674e-02
 2.576041171715383674e-02
 2.576041171715383674e-02
 2.576041171715383674e-02
 2.576041171715383674e-02
 2.576041171715383674e-02
 2.576041171715383674e-02
 2.576041171715383674e-02
 2.576041171715383674e-02
 2.576041171715383674e-02
 2.576041171715383674e-02
 2.576041171715383674e-02
 2.576041171715383674e-02
 2.576041171715383674e-02
 2.576041171715383674e-02
 2.576041171715383674e-02
 2.576041171715383674e-02
 2.576041171715383674e-02
 2.576041171715383674e-02
 2.576041171715383674e-02
 2.576041171715383674e-02
 2.576041171715383674e-02
 2.576041171715383674e-02
 2.576041171715383674e-02
 2.576041171715383674e-02
 2.576041171715383674e-02
 2.576041171715383674e-02
 2.576041171715383674e-02
 2.576041171715383674e-02
 2.576041171715383674e-02
 2.576041171715383674e-02
 2.576041171715383674e-02
 2.576041171715383674e-02
 2.576041171715383674e-02
 2.576041171715383674e-02
 2.576041171715383674e-02
 2.576041171715383674e-02
 2.576041171715383674e-02
 2.576041171715383674e-02
 2.576041171715383674e-02
 2.576041171715383674e-02
 2.576041171715383674e-02
 2.576041171715383674e-02
 2.576041171715383674e-02
 2.576041171715383674e-02
 2.576041171715383674e-02
 2.576041171715383674e-02
 2.576041171715383674e-02
 2.576041171715383674e-02
 2.576041171715383674e-02
 2.576041171715383674e-02
 2.576041171715383674e-02
 2.576041171715383674e-02
 2.576041171715383674e-02
 2.576041171715383674e-02
 2.576041171715383674e-02
 2.576041171715383674e-02
 2.576041171715383674e-02
 2.576041171715383674e-02
 2.576041171715383674e-02
 2.576041171715383674e-02
 2.576041171715383674e-02
 2.576041171715383674e-02
 2.576041171715383674e-02
 2.576041171715383674e-02
 2.576041171715383674e-02
 3.079920815511358878e-01
 3.079920815511358878e-01
 3.079920815511358878e-01
 3.079920815511358878e-01
 3.079920815511358878e-01
 3.079920815511358878e-01
 3.079920815511358878e-01
 3.079920815511358878e-01
 3.079920815511358878e-01
 3.079920815511358878e-01
 3.079920815511358878e-01
 3.079920815511358878e-01
 3.079920815511358878e-01
 3.079920815511358878e-01
 3.079920815511358878e-01
 3.079920815511358878e-01
 3.079920815511358878e-01
 3.079920815511358878e-01
 3.079920815511358878e-01
 3.079920815511358878e-01
 3.079920815511358878e-01
 3.079920815511358878e-01
 3.079920815511358878e-01
 3.079920815511358878e-01
 3.079920815511358878e-01
 3.079920815511358878e-01
 3.079920815511358878e-01
 3.079920815511358878e-01
 3.079920815511358878e-01
 3.079920815511358878e-01
 3.079920815511358878e-01
 3.079920815511358878e-01
 3.079920815511358878e-01
 3.079920815511358878e-01
 3.079920815511358878e-01
 3.079920815511358878e-01
 3.079920815511358878e-01
 3.079920815511358878e-01
 3.079920815511358878e-01
 3.079920815511358878e-01
 3.079920815511358878e-01
 3.079920815511358878e-01
 3.079920815511358878e-01
 3.079920815511358878e-01
 3.079920815511358878e-01
 3.079920815511358878e-01
 3.079920815511358878e-01
 3.079920815511358878e-01
 3.079920815511358878e-01
 3.079920815511358878e-01
 3.079920815511358878e-01
 3.079920815511358878e-01
 3.079920815511358878e-01
 3.079920815511358878e-01
 3.079920815511358878e-01
 3.079920815511358878e-01
 3.079920815511358878e-01
 3.079920815511358878e-01
 3.079920815511358878e-01
 3.079920815511358878e-01
 3.079920815511358878e-01
 3.079920815511358878e-01
 3.079920815511358878e-01
 3.079920815511358878e-01
 3.079920815511358878e-01
 3.079920815511358878e-01
 3.079920815511358878e-01
 3.079920815511358878e-01
 3.079920815511358878e-01
 3.079920815511358878e-01
 3.079920815511358878e-01
 3.079920815511358878e-01
 3.079920815511358878e-01
 3.079920815511358878e-01
 3.079920815511358878e-01
 3.079920815511358878e-01
 3.079920815511358878e-01
 3.079920815511358878e-01
 3.079920815511358878e-01
 3.079920815511358878e-01
 3.079920815511358878e-01
 3.079920815511358878e-01
 3.079920815511358878e-01
 3.079920815511358878e-01
 3.079920815511358878e-01
 3.079920815511358878e-01
 3.079920815511358878e-01
 3.079920815511358878e-01
 3.079920815511358878e-01
 3.079920815511358878e-01
 3.079920815511358878e-01
 3.079920815511358878e-01
 3.079920815511358878e-01
 3.079920815511358878e-01
 3.079920815511358878e-01
 3.079920815511358878e-01
 3.079920815511358878e-01
 3.079920815511358878e-01
 3.079920815511358878e-01
 3.079920815511358878e-01
 3.079920815511358878e-01
 3.079920815511358878e-01
 3.079920815511358878e-01
 3.079920815511358878e-01
 3.079920815511358878e-01
 3.079920815511358878e-01
 3.079920815511358878e-01
 3.079920815511358878e-01
 3.079920815511358878e-01
 3.079920815511358878e-01
 3.079920815511358878e-01
 3.079920815511358878e-01
 3.079920815511358878e-01
 3.079920815511358878e-01
 2.576041171715383674e-02
 2.576041171715383674e-02
 2.576041171715383674e-02
 2.576041171715383674e-02
 2.576041171715383674e-02
 2.576041171715383674e-02
 2.576041171715383674e-02
 2.576041171715383674e-02
 2.576041171715383674e-02
 2.576041171715383674e-02
 2.576041171715383674e-02
 2.576041171715383674e-02
 2.576041171715383674e-02
 2.576041171715383674e-02
 2.576041171715383674e-02
 2.576041171715383674e-02
 2.576041171715383674e-02
 2.576041171715383674e-02
 2.576041171715383674e-02
 2.576041171715383674e-02
 2.576041171715383674e-02
 2.576041171715383674e-02
 2.576041171715383674e-02
 2.576041171715383674e-02
 2.576041171715383674e-02
 2.576041171715383674e-02
 2.576041171715383674e-02
 2.576041171715383674e-02
 2.576041171715383674e-02
 2.576041171715383674e-02
 2.576041171715383674e-02
 2.576041171715383674e-02
 2.576041171715383674e-02
 2.576041171715383674e-02
 2.576041171715383674e-02
 2.576041171715383674e-02
 2.576041171715383674e-02
 2.576041171715383674e-02
 2.576041171715383674e-02
 2.576041171715383674e-02
 2.576041171715383674e-02
 2.576041171715383674e-02
 2.576041171715383674e-02
 2.576041171715383674e-02
 2.576041171715383674e-02
 2.576041171715383674e-02
 2.576041171715383674e-02
 2.576041171715383674e-02
 2.576041171715383674e-02
 2.576041171715383674e-02
 2.576041171715383674e-02
 2.576041171715383674e-02
 2.576041171715383674e-02
 2.576041171715383674e-02
 2.576041171715383674e-02
 2.576041171715383674e-02
 2.576041171715383674e-02
 2.576041171715383674e-02
 2.576041171715383674e-02
 2.576041171715383674e-02
 2.576041171715383674e-02
 2.576041171715383674e-02
 2.576041171715383674e-02
 2.576041171715383674e-02
 2.576041171715383674e-02
 2.576041171715383674e-02
 2.576041171715383674e-02
 2.576041171715383674e-02
 2.576041171715383674e-02
 2.576041171715383674e-02
 2.576041171715383674e-02
 2.576041171715383674e-02
 2.576041171715383674e-02
 2.576041171715383674e-02
 2.576041171715383674e-02
 2.576041171715383674e-02
 2.576041171715383674e-02
 2.576041171715383674e-02
 2.576041171715383674e-02
 2.576041171715383674e-02
 2.576041171715383674e-02
 2.576041171715383674e-02
 2.576041171715383674e-02
 2.576041171715383674e-02
 2.576041171715383674e-02
 2.576041171715383674e-02
 2.576041171715383674e-02
 2.576041171715383674e-02
 2.576041171715383674e-02
 2.576041171715383674e-02
 2.576041171715383674e-02
 2.576041171715383674e-02
 2.576041171715383674e-02
 2.576041171715383674e-02
 2.576041171715383674e-02
 2.576041171715383674e-02
 2.576041171715383674e-02
 2.576041171715383674e-02
 2.576041171715383674e-02
 2.576041171715383674e-02
 2.576041171715383674e-02
 2.576041171715383674e-02
 2.576041171715383674e-02
 2.576041171715383674e-02
 2.576041171715383674e-02
 2.576041171715383674e-02
 2.576041171715383674e-02
 2.576041171715383674e-02
 2.576041171715383674e-02
 2.576041171715383674e-02
 2.576041171715383674e-02
 2.576041171715383674e-02
 2.576041171715383674e-02
 2.576041171715383674e-02
 2.576041171715383674e-02
 2.576041171715383674e-02
 2.576041171715383674e-02
 2.576041171715383674e-02
 2.576041171715383674e-02
 2.576041171715383674e-02
 2.576041171715383674e-02
 2.576041171715383674e-02
 2.576041171715383674e-02
 2.576041171715383674e-02
 2.576041171715383674e-02
 2.576041171715383674e-02
 2.576041171715383674e-02
 2.576041171715383674e-02
 2.576041171715383674e-02
 2.576041171715383674e-02
 2.576041171715383674e-02
 2.576041171715383674e-02
 2.576041171715383674e-02
 2.576041171715383674e-02
 2.576041171715383674e-02
 2.576041171715383674e-02
 </DataArray>
 <DataArray Name="mu_t" type="Float32" NumberOfComponents="1" format="ascii">
 0.000000000000000000e+00
 0.000000000000000000e+00
 0.000000000000000000e+00
 0.000000000000000000e+00
 0.000000000000000000e+00
 0.000000000000000000e+00
 0.000000000000000000e+00
 0.000000000000000000e+00
 0.000000000000000000e+00
 0.000000000000000000e+00
 0.000000000000000000e+00
 0.000000000000000000e+00
 0.000000000000000000e+00
 0.000000000000000000e+00
 0.000000000000000000e+00
 0.000000000000000000e+00
 0.000000000000000000e+00
 0.000000000000000000e+00
 0.000000000000000000e+00
 0.000000000000000000e+00
 0.000000000000000000e+00
 0.000000000000000000e+00
 0.000000000000000000e+00
 0.000000000000000000e+00
 0.000000000000000000e+00
 0.000000000000000000e+00
 0.000000000000000000e+00
 0.000000000000000000e+00
 0.000000000000000000e+00
 0.000000000000000000e+00
 0.000000000000000000e+00
 0.000000000000000000e+00
 0.000000000000000000e+00
 0.000000000000000000e+00
 0.000000000000000000e+00
 0.000000000000000000e+00
 0.000000000000000000e+00
 0.000000000000000000e+00
 0.000000000000000000e+00
 0.000000000000000000e+00
 0.000000000000000000e+00
 0.000000000000000000e+00
 0.000000000000000000e+00
 0.000000000000000000e+00
 0.000000000000000000e+00
 0.000000000000000000e+00
 0.000000000000000000e+00
 0.000000000000000000e+00
 0.000000000000000000e+00
 0.000000000000000000e+00
 0.000000000000000000e+00
 0.000000000000000000e+00
 0.000000000000000000e+00
 0.000000000000000000e+00
 0.000000000000000000e+00
 0.000000000000000000e+00
 0.000000000000000000e+00
 0.000000000000000000e+00
 0.000000000000000000e+00
 0.000000000000000000e+00
 0.000000000000000000e+00
 0.000000000000000000e+00
 0.000000000000000000e+00
 0.000000000000000000e+00
 0.000000000000000000e+00
 0.000000000000000000e+00
 0.000000000000000000e+00
 0.000000000000000000e+00
 0.000000000000000000e+00
 0.000000000000000000e+00
 0.000000000000000000e+00
 0.000000000000000000e+00
 0.000000000000000000e+00
 0.000000000000000000e+00
 0.000000000000000000e+00
 0.000000000000000000e+00
 0.000000000000000000e+00
 0.000000000000000000e+00
 0.000000000000000000e+00
 0.000000000000000000e+00
 0.000000000000000000e+00
 0.000000000000000000e+00
 0.000000000000000000e+00
 0.000000000000000000e+00
 0.000000000000000000e+00
 0.000000000000000000e+00
 0.000000000000000000e+00
 0.000000000000000000e+00
 0.000000000000000000e+00
 0.000000000000000000e+00
 0.000000000000000000e+00
 0.000000000000000000e+00
 0.000000000000000000e+00
 0.000000000000000000e+00
 0.000000000000000000e+00
 0.000000000000000000e+00
 0.000000000000000000e+00
 0.000000000000000000e+00
 0.000000000000000000e+00
 0.000000000000000000e+00
 0.000000000000000000e+00
 0.000000000000000000e+00
 0.000000000000000000e+00
 0.000000000000000000e+00
 0.000000000000000000e+00
 0.000000000000000000e+00
 0.000000000000000000e+00
 0.000000000000000000e+00
 0.000000000000000000e+00
 0.000000000000000000e+00
 0.000000000000000000e+00
 0.000000000000000000e+00
 0.000000000000000000e+00
 0.000000000000000000e+00
 0.000000000000000000e+00
 0.000000000000000000e+00
 0.000000000000000000e+00
 0.000000000000000000e+00
 0.000000000000000000e+00
 0.000000000000000000e+00
 0.000000000000000000e+00
 0.000000000000000000e+00
 0.000000000000000000e+00
 0.000000000000000000e+00
 0.000000000000000000e+00
 0.000000000000000000e+00
 0.000000000000000000e+00
 0.000000000000000000e+00
 0.000000000000000000e+00
 0.000000000000000000e+00
 0.000000000000000000e+00
 0.000000000000000000e+00
 0.000000000000000000e+00
 0.000000000000000000e+00
 0.000000000000000000e+00
 0.000000000000000000e+00
 0.000000000000000000e+00
 0.000000000000000000e+00
 0.000000000000000000e+00
 0.000000000000000000e+00
 0.000000000000000000e+00
 0.000000000000000000e+00
 0.000000000000000000e+00
 0.000000000000000000e+00
 0.000000000000000000e+00
 0.000000000000000000e+00
 0.000000000000000000e+00
 0.000000000000000000e+00
 0.000000000000000000e+00
 0.000000000000000000e+00
 0.000000000000000000e+00
 0.000000000000000000e+00
 0.000000000000000000e+00
 0.000000000000000000e+00
 0.000000000000000000e+00
 0.000000000000000000e+00
 0.000000000000000000e+00
 0.000000000000000000e+00
 0.000000000000000000e+00
 0.000000000000000000e+00
 0.000000000000000000e+00
 0.000000000000000000e+00
 0.000000000000000000e+00
 0.000000000000000000e+00
 0.000000000000000000e+00
 0.000000000000000000e+00
 0.000000000000000000e+00
 0.000000000000000000e+00
 0.000000000000000000e+00
 0.000000000000000000e+00
 0.000000000000000000e+00
 0.000000000000000000e+00
 0.000000000000000000e+00
 0.000000000000000000e+00
 0.000000000000000000e+00
 0.000000000000000000e+00
 0.000000000000000000e+00
 0.000000000000000000e+00
 0.000000000000000000e+00
 0.000000000000000000e+00
 0.000000000000000000e+00
 0.000000000000000000e+00
 0.000000000000000000e+00
 0.000000000000000000e+00
 0.000000000000000000e+00
 0.000000000000000000e+00
 0.000000000000000000e+00
 0.000000000000000000e+00
 0.000000000000000000e+00
 0.000000000000000000e+00
 0.000000000000000000e+00
 0.000000000000000000e+00
 0.000000000000000000e+00
 0.000000000000000000e+00
 0.000000000000000000e+00
 0.000000000000000000e+00
 0.000000000000000000e+00
 0.000000000000000000e+00
 0.000000000000000000e+00
 0.000000000000000000e+00
 0.000000000000000000e+00
 0.000000000000000000e+00
 0.000000000000000000e+00
 0.000000000000000000e+00
 0.000000000000000000e+00
 0.000000000000000000e+00
 0.000000000000000000e+00
 0.000000000000000000e+00
 0.000000000000000000e+00
 0.000000000000000000e+00
 0.000000000000000000e+00
 0.000000000000000000e+00
 0.000000000000000000e+00
 0.000000000000000000e+00
 0.000000000000000000e+00
 0.000000000000000000e+00
 0.000000000000000000e+00
 0.000000000000000000e+00
 0.000000000000000000e+00
 0.000000000000000000e+00
 0.000000000000000000e+00
 0.000000000000000000e+00
 0.000000000000000000e+00
 0.000000000000000000e+00
 0.000000000000000000e+00
 0.000000000000000000e+00
 0.000000000000000000e+00
 0.000000000000000000e+00
 0.000000000000000000e+00
 0.000000000000000000e+00
 0.000000000000000000e+00
 0.000000000000000000e+00
 0.000000000000000000e+00
 0.000000000000000000e+00
 0.000000000000000000e+00
 0.000000000000000000e+00
 0.000000000000000000e+00
 0.000000000000000000e+00
 0.000000000000000000e+00
 0.000000000000000000e+00
 0.000000000000000000e+00
 0.000000000000000000e+00
 0.000000000000000000e+00
 0.000000000000000000e+00
 0.000000000000000000e+00
 0.000000000000000000e+00
 0.000000000000000000e+00
 0.000000000000000000e+00
 0.000000000000000000e+00
 0.000000000000000000e+00
 0.000000000000000000e+00
 0.000000000000000000e+00
 0.000000000000000000e+00
 0.000000000000000000e+00
 0.000000000000000000e+00
 0.000000000000000000e+00
 0.000000000000000000e+00
 0.000000000000000000e+00
 0.000000000000000000e+00
 0.000000000000000000e+00
 0.000000000000000000e+00
 0.000000000000000000e+00
 0.000000000000000000e+00
 0.000000000000000000e+00
 0.000000000000000000e+00
 0.000000000000000000e+00
 0.000000000000000000e+00
 0.000000000000000000e+00
 0.000000000000000000e+00
 0.000000000000000000e+00
 0.000000000000000000e+00
 0.000000000000000000e+00
 0.000000000000000000e+00
 0.000000000000000000e+00
 0.000000000000000000e+00
 0.000000000000000000e+00
 0.000000000000000000e+00
 0.000000000000000000e+00
 0.000000000000000000e+00
 0.000000000000000000e+00
 0.000000000000000000e+00
 0.000000000000000000e+00
 0.000000000000000000e+00
 0.000000000000000000e+00
 0.000000000000000000e+00
 0.000000000000000000e+00
 0.000000000000000000e+00
 0.000000000000000000e+00
 0.000000000000000000e+00
 0.000000000000000000e+00
 0.000000000000000000e+00
 0.000000000000000000e+00
 0.000000000000000000e+00
 0.000000000000000000e+00
 0.000000000000000000e+00
 0.000000000000000000e+00
 0.000000000000000000e+00
 0.000000000000000000e+00
 0.000000000000000000e+00
 0.000000000000000000e+00
 0.000000000000000000e+00
 0.000000000000000000e+00
 0.000000000000000000e+00
 0.000000000000000000e+00
 0.000000000000000000e+00
 0.000000000000000000e+00
 0.000000000000000000e+00
 0.000000000000000000e+00
 0.000000000000000000e+00
 0.000000000000000000e+00
 0.000000000000000000e+00
 0.000000000000000000e+00
 0.000000000000000000e+00
 0.000000000000000000e+00
 0.000000000000000000e+00
 0.000000000000000000e+00
 0.000000000000000000e+00
 0.000000000000000000e+00
 0.000000000000000000e+00
 0.000000000000000000e+00
 0.000000000000000000e+00
 0.000000000000000000e+00
 0.000000000000000000e+00
 0.000000000000000000e+00
 0.000000000000000000e+00
 0.000000000000000000e+00
 0.000000000000000000e+00
 0.000000000000000000e+00
 0.000000000000000000e+00
 0.000000000000000000e+00
 0.000000000000000000e+00
 0.000000000000000000e+00
 0.000000000000000000e+00
 0.000000000000000000e+00
 0.000000000000000000e+00
 0.000000000000000000e+00
 0.000000000000000000e+00
 0.000000000000000000e+00
 0.000000000000000000e+00
 0.000000000000000000e+00
 0.000000000000000000e+00
 0.000000000000000000e+00
 0.000000000000000000e+00
 0.000000000000000000e+00
 0.000000000000000000e+00
 0.000000000000000000e+00
 0.000000000000000000e+00
 0.000000000000000000e+00
 0.000000000000000000e+00
 0.000000000000000000e+00
 0.000000000000000000e+00
 0.000000000000000000e+00
 0.000000000000000000e+00
 0.000000000000000000e+00
 0.000000000000000000e+00
 0.000000000000000000e+00
 0.000000000000000000e+00
 0.000000000000000000e+00
 0.000000000000000000e+00
 0.000000000000000000e+00
 0.000000000000000000e+00
 0.000000000000000000e+00
 0.000000000000000000e+00
 0.000000000000000000e+00
 0.000000000000000000e+00
 0.000000000000000000e+00
 0.000000000000000000e+00
 0.000000000000000000e+00
 0.000000000000000000e+00
 0.000000000000000000e+00
 0.000000000000000000e+00
 0.000000000000000000e+00
 0.000000000000000000e+00
 0.000000000000000000e+00
 0.000000000000000000e+00
 0.000000000000000000e+00
 0.000000000000000000e+00
 0.000000000000000000e+00
 0.000000000000000000e+00
 0.000000000000000000e+00
 0.000000000000000000e+00
 0.000000000000000000e+00
 0.000000000000000000e+00
 0.000000000000000000e+00
 0.000000000000000000e+00
 0.000000000000000000e+00
 0.000000000000000000e+00
 0.000000000000000000e+00
 0.000000000000000000e+00
 0.000000000000000000e+00
 0.000000000000000000e+00
 0.000000000000000000e+00
 0.000000000000000000e+00
 0.000000000000000000e+00
 0.000000000000000000e+00
 0.000000000000000000e+00
 0.000000000000000000e+00
 0.000000000000000000e+00
 0.000000000000000000e+00
 0.000000000000000000e+00
 0.000000000000000000e+00
 0.000000000000000000e+00
 0.000000000000000000e+00
 0.000000000000000000e+00
 0.000000000000000000e+00
 0.000000000000000000e+00
 0.000000000000000000e+00
 0.000000000000000000e+00
 0.000000000000000000e+00
 0.000000000000000000e+00
 0.000000000000000000e+00
 0.000000000000000000e+00
 0.000000000000000000e+00
 0.000000000000000000e+00
 0.000000000000000000e+00
 0.000000000000000000e+00
 0.000000000000000000e+00
 0.000000000000000000e+00
 0.000000000000000000e+00
 0.000000000000000000e+00
 0.000000000000000000e+00
 0.000000000000000000e+00
 0.000000000000000000e+00
 0.000000000000000000e+00
 0.000000000000000000e+00
 0.000000000000000000e+00
 0.000000000000000000e+00
 0.000000000000000000e+00
 0.000000000000000000e+00
 0.000000000000000000e+00
 0.000000000000000000e+00
 0.000000000000000000e+00
 0.000000000000000000e+00
 0.000000000000000000e+00
 0.000000000000000000e+00
 0.000000000000000000e+00
 0.000000000000000000e+00
 0.000000000000000000e+00
 0.000000000000000000e+00
 0.000000000000000000e+00
 0.000000000000000000e+00
 0.000000000000000000e+00
 0.000000000000000000e+00
 0.000000000000000000e+00
 0.000000000000000000e+00
 0.000000000000000000e+00
 0.000000000000000000e+00
 0.000000000000000000e+00
 0.000000000000000000e+00
 0.000000000000000000e+00
 0.000000000000000000e+00
 0.000000000000000000e+00
 0.000000000000000000e+00
 0.000000000000000000e+00
 0.000000000000000000e+00
 0.000000000000000000e+00
 0.000000000000000000e+00
 0.000000000000000000e+00
 0.000000000000000000e+00
 0.000000000000000000e+00
 0.000000000000000000e+00
 0.000000000000000000e+00
 0.000000000000000000e+00
 0.000000000000000000e+00
 0.000000000000000000e+00
 0.000000000000000000e+00
 0.000000000000000000e+00
 0.000000000000000000e+00
 0.000000000000000000e+00
 0.000000000000000000e+00
 0.000000000000000000e+00
 0.000000000000000000e+00
 0.000000000000000000e+00
 0.000000000000000000e+00
 0.000000000000000000e+00
 0.000000000000000000e+00
 0.000000000000000000e+00
 0.000000000000000000e+00
 0.000000000000000000e+00
 0.000000000000000000e+00
 0.000000000000000000e+00
 0.000000000000000000e+00
 0.000000000000000000e+00
 0.000000000000000000e+00
 0.000000000000000000e+00
 0.000000000000000000e+00
 0.000000000000000000e+00
 0.000000000000000000e+00
 0.000000000000000000e+00
 0.000000000000000000e+00
 0.000000000000000000e+00
 0.000000000000000000e+00
 0.000000000000000000e+00
 0.000000000000000000e+00
 0.000000000000000000e+00
 0.000000000000000000e+00
 0.000000000000000000e+00
 0.000000000000000000e+00
 0.000000000000000000e+00
 0.000000000000000000e+00
 </DataArray>
 <DataArray Name="k_t" type="Float32" NumberOfComponents="1" format="ascii">
 0.000000000000000000e+00
 0.000000000000000000e+00
 0.000000000000000000e+00
 0.000000000000000000e+00
 0.000000000000000000e+00
 0.000000000000000000e+00
 0.000000000000000000e+00
 0.000000000000000000e+00
 0.000000000000000000e+00
 0.000000000000000000e+00
 0.000000000000000000e+00
 0.000000000000000000e+00
 0.000000000000000000e+00
 0.000000000000000000e+00
 0.000000000000000000e+00
 0.000000000000000000e+00
 0.000000000000000000e+00
 0.000000000000000000e+00
 0.000000000000000000e+00
 0.000000000000000000e+00
 0.000000000000000000e+00
 0.000000000000000000e+00
 0.000000000000000000e+00
 0.000000000000000000e+00
 0.000000000000000000e+00
 0.000000000000000000e+00
 0.000000000000000000e+00
 0.000000000000000000e+00
 0.000000000000000000e+00
 0.000000000000000000e+00
 0.000000000000000000e+00
 0.000000000000000000e+00
 0.000000000000000000e+00
 0.000000000000000000e+00
 0.000000000000000000e+00
 0.000000000000000000e+00
 0.000000000000000000e+00
 0.000000000000000000e+00
 0.000000000000000000e+00
 0.000000000000000000e+00
 0.000000000000000000e+00
 0.000000000000000000e+00
 0.000000000000000000e+00
 0.000000000000000000e+00
 0.000000000000000000e+00
 0.000000000000000000e+00
 0.000000000000000000e+00
 0.000000000000000000e+00
 0.000000000000000000e+00
 0.000000000000000000e+00
 0.000000000000000000e+00
 0.000000000000000000e+00
 0.000000000000000000e+00
 0.000000000000000000e+00
 0.000000000000000000e+00
 0.000000000000000000e+00
 0.000000000000000000e+00
 0.000000000000000000e+00
 0.000000000000000000e+00
 0.000000000000000000e+00
 0.000000000000000000e+00
 0.000000000000000000e+00
 0.000000000000000000e+00
 0.000000000000000000e+00
 0.000000000000000000e+00
 0.000000000000000000e+00
 0.000000000000000000e+00
 0.000000000000000000e+00
 0.000000000000000000e+00
 0.000000000000000000e+00
 0.000000000000000000e+00
 0.000000000000000000e+00
 0.000000000000000000e+00
 0.000000000000000000e+00
 0.000000000000000000e+00
 0.000000000000000000e+00
 0.000000000000000000e+00
 0.000000000000000000e+00
 0.000000000000000000e+00
 0.000000000000000000e+00
 0.000000000000000000e+00
 0.000000000000000000e+00
 0.000000000000000000e+00
 0.000000000000000000e+00
 0.000000000000000000e+00
 0.000000000000000000e+00
 0.000000000000000000e+00
 0.000000000000000000e+00
 0.000000000000000000e+00
 0.000000000000000000e+00
 0.000000000000000000e+00
 0.000000000000000000e+00
 0.000000000000000000e+00
 0.000000000000000000e+00
 0.000000000000000000e+00
 0.000000000000000000e+00
 0.000000000000000000e+00
 0.000000000000000000e+00
 0.000000000000000000e+00
 0.000000000000000000e+00
 0.000000000000000000e+00
 0.000000000000000000e+00
 0.000000000000000000e+00
 0.000000000000000000e+00
 0.000000000000000000e+00
 0.000000000000000000e+00
 0.000000000000000000e+00
 0.000000000000000000e+00
 0.000000000000000000e+00
 0.000000000000000000e+00
 0.000000000000000000e+00
 0.000000000000000000e+00
 0.000000000000000000e+00
 0.000000000000000000e+00
 0.000000000000000000e+00
 0.000000000000000000e+00
 0.000000000000000000e+00
 0.000000000000000000e+00
 0.000000000000000000e+00
 0.000000000000000000e+00
 0.000000000000000000e+00
 0.000000000000000000e+00
 0.000000000000000000e+00
 0.000000000000000000e+00
 0.000000000000000000e+00
 0.000000000000000000e+00
 0.000000000000000000e+00
 0.000000000000000000e+00
 0.000000000000000000e+00
 0.000000000000000000e+00
 0.000000000000000000e+00
 0.000000000000000000e+00
 0.000000000000000000e+00
 0.000000000000000000e+00
 0.000000000000000000e+00
 0.000000000000000000e+00
 0.000000000000000000e+00
 0.000000000000000000e+00
 0.000000000000000000e+00
 0.000000000000000000e+00
 0.000000000000000000e+00
 0.000000000000000000e+00
 0.000000000000000000e+00
 0.000000000000000000e+00
 0.000000000000000000e+00
 0.000000000000000000e+00
 0.000000000000000000e+00
 0.000000000000000000e+00
 0.000000000000000000e+00
 0.000000000000000000e+00
 0.000000000000000000e+00
 0.000000000000000000e+00
 0.000000000000000000e+00
 0.000000000000000000e+00
 0.000000000000000000e+00
 0.000000000000000000e+00
 0.000000000000000000e+00
 0.000000000000000000e+00
 0.000000000000000000e+00
 0.000000000000000000e+00
 0.000000000000000000e+00
 0.000000000000000000e+00
 0.000000000000000000e+00
 0.000000000000000000e+00
 0.000000000000000000e+00
 0.000000000000000000e+00
 0.000000000000000000e+00
 0.000000000000000000e+00
 0.000000000000000000e+00
 0.000000000000000000e+00
 0.000000000000000000e+00
 0.000000000000000000e+00
 0.000000000000000000e+00
 0.000000000000000000e+00
 0.000000000000000000e+00
 0.000000000000000000e+00
 0.000000000000000000e+00
 0.000000000000000000e+00
 0.000000000000000000e+00
 0.000000000000000000e+00
 0.000000000000000000e+00
 0.000000000000000000e+00
 0.000000000000000000e+00
 0.000000000000000000e+00
 0.000000000000000000e+00
 0.000000000000000000e+00
 0.000000000000000000e+00
 0.000000000000000000e+00
 0.000000000000000000e+00
 0.000000000000000000e+00
 0.000000000000000000e+00
 0.000000000000000000e+00
 0.000000000000000000e+00
 0.000000000000000000e+00
 0.000000000000000000e+00
 0.000000000000000000e+00
 0.000000000000000000e+00
 0.000000000000000000e+00
 0.000000000000000000e+00
 0.000000000000000000e+00
 0.000000000000000000e+00
 0.000000000000000000e+00
 0.000000000000000000e+00
 0.000000000000000000e+00
 0.000000000000000000e+00
 0.000000000000000000e+00
 0.000000000000000000e+00
 0.000000000000000000e+00
 0.000000000000000000e+00
 0.000000000000000000e+00
 0.000000000000000000e+00
 0.000000000000000000e+00
 0.000000000000000000e+00
 0.000000000000000000e+00
 0.000000000000000000e+00
 0.000000000000000000e+00
 0.000000000000000000e+00
 0.000000000000000000e+00
 0.000000000000000000e+00
 0.000000000000000000e+00
 0.000000000000000000e+00
 0.000000000000000000e+00
 0.000000000000000000e+00
 0.000000000000000000e+00
 0.000000000000000000e+00
 0.000000000000000000e+00
 0.000000000000000000e+00
 0.000000000000000000e+00
 0.000000000000000000e+00
 0.000000000000000000e+00
 0.000000000000000000e+00
 0.000000000000000000e+00
 0.000000000000000000e+00
 0.000000000000000000e+00
 0.000000000000000000e+00
 0.000000000000000000e+00
 0.000000000000000000e+00
 0.000000000000000000e+00
 0.000000000000000000e+00
 0.000000000000000000e+00
 0.000000000000000000e+00
 0.000000000000000000e+00
 0.000000000000000000e+00
 0.000000000000000000e+00
 0.000000000000000000e+00
 0.000000000000000000e+00
 0.000000000000000000e+00
 0.000000000000000000e+00
 0.000000000000000000e+00
 0.000000000000000000e+00
 0.000000000000000000e+00
 0.000000000000000000e+00
 0.000000000000000000e+00
 0.000000000000000000e+00
 0.000000000000000000e+00
 0.000000000000000000e+00
 0.000000000000000000e+00
 0.000000000000000000e+00
 0.000000000000000000e+00
 0.000000000000000000e+00
 0.000000000000000000e+00
 0.000000000000000000e+00
 0.000000000000000000e+00
 0.000000000000000000e+00
 0.000000000000000000e+00
 0.000000000000000000e+00
 0.000000000000000000e+00
 0.000000000000000000e+00
 0.000000000000000000e+00
 0.000000000000000000e+00
 0.000000000000000000e+00
 0.000000000000000000e+00
 0.000000000000000000e+00
 0.000000000000000000e+00
 0.000000000000000000e+00
 0.000000000000000000e+00
 0.000000000000000000e+00
 0.000000000000000000e+00
 0.000000000000000000e+00
 0.000000000000000000e+00
 0.000000000000000000e+00
 0.000000000000000000e+00
 0.000000000000000000e+00
 0.000000000000000000e+00
 0.000000000000000000e+00
 0.000000000000000000e+00
 0.000000000000000000e+00
 0.000000000000000000e+00
 0.000000000000000000e+00
 0.000000000000000000e+00
 0.000000000000000000e+00
 0.000000000000000000e+00
 0.000000000000000000e+00
 0.000000000000000000e+00
 0.000000000000000000e+00
 0.000000000000000000e+00
 0.000000000000000000e+00
 0.000000000000000000e+00
 0.000000000000000000e+00
 0.000000000000000000e+00
 0.000000000000000000e+00
 0.000000000000000000e+00
 0.000000000000000000e+00
 0.000000000000000000e+00
 0.000000000000000000e+00
 0.000000000000000000e+00
 0.000000000000000000e+00
 0.000000000000000000e+00
 0.000000000000000000e+00
 0.000000000000000000e+00
 0.000000000000000000e+00
 0.000000000000000000e+00
 0.000000000000000000e+00
 0.000000000000000000e+00
 0.000000000000000000e+00
 0.000000000000000000e+00
 0.000000000000000000e+00
 0.000000000000000000e+00
 0.000000000000000000e+00
 0.000000000000000000e+00
 0.000000000000000000e+00
 0.000000000000000000e+00
 0.000000000000000000e+00
 0.000000000000000000e+00
 0.000000000000000000e+00
 0.000000000000000000e+00
 0.000000000000000000e+00
 0.000000000000000000e+00
 0.000000000000000000e+00
 0.000000000000000000e+00
 0.000000000000000000e+00
 0.000000000000000000e+00
 0.000000000000000000e+00
 0.000000000000000000e+00
 0.000000000000000000e+00
 0.000000000000000000e+00
 0.000000000000000000e+00
 0.000000000000000000e+00
 0.000000000000000000e+00
 0.000000000000000000e+00
 0.000000000000000000e+00
 0.000000000000000000e+00
 0.000000000000000000e+00
 0.000000000000000000e+00
 0.000000000000000000e+00
 0.000000000000000000e+00
 0.000000000000000000e+00
 0.000000000000000000e+00
 0.000000000000000000e+00
 0.000000000000000000e+00
 0.000000000000000000e+00
 0.000000000000000000e+00
 0.000000000000000000e+00
 0.000000000000000000e+00
 0.000000000000000000e+00
 0.000000000000000000e+00
 0.000000000000000000e+00
 0.000000000000000000e+00
 0.000000000000000000e+00
 0.000000000000000000e+00
 0.000000000000000000e+00
 0.000000000000000000e+00
 0.000000000000000000e+00
 0.000000000000000000e+00
 0.000000000000000000e+00
 0.000000000000000000e+00
 0.000000000000000000e+00
 0.000000000000000000e+00
 0.000000000000000000e+00
 0.000000000000000000e+00
 0.000000000000000000e+00
 0.000000000000000000e+00
 0.000000000000000000e+00
 0.000000000000000000e+00
 0.000000000000000000e+00
 0.000000000000000000e+00
 0.000000000000000000e+00
 0.000000000000000000e+00
 0.000000000000000000e+00
 0.000000000000000000e+00
 0.000000000000000000e+00
 0.000000000000000000e+00
 0.000000000000000000e+00
 0.000000000000000000e+00
 0.000000000000000000e+00
 0.000000000000000000e+00
 0.000000000000000000e+00
 0.000000000000000000e+00
 0.000000000000000000e+00
 0.000000000000000000e+00
 0.000000000000000000e+00
 0.000000000000000000e+00
 0.000000000000000000e+00
 0.000000000000000000e+00
 0.000000000000000000e+00
 0.000000000000000000e+00
 0.000000000000000000e+00
 0.000000000000000000e+00
 0.000000000000000000e+00
 0.000000000000000000e+00
 0.000000000000000000e+00
 0.000000000000000000e+00
 0.000000000000000000e+00
 0.000000000000000000e+00
 0.000000000000000000e+00
 0.000000000000000000e+00
 0.000000000000000000e+00
 0.000000000000000000e+00
 0.000000000000000000e+00
 0.000000000000000000e+00
 0.000000000000000000e+00
 0.000000000000000000e+00
 0.000000000000000000e+00
 0.000000000000000000e+00
 0.000000000000000000e+00
 0.000000000000000000e+00
 0.000000000000000000e+00
 0.000000000000000000e+00
 0.000000000000000000e+00
 0.000000000000000000e+00
 0.000000000000000000e+00
 0.000000000000000000e+00
 0.000000000000000000e+00
 0.000000000000000000e+00
 0.000000000000000000e+00
 0.000000000000000000e+00
 0.000000000000000000e+00
 0.000000000000000000e+00
 0.000000000000000000e+00
 0.000000000000000000e+00
 0.000000000000000000e+00
 0.000000000000000000e+00
 0.000000000000000000e+00
 0.000000000000000000e+00
 0.000000000000000000e+00
 0.000000000000000000e+00
 0.000000000000000000e+00
 0.000000000000000000e+00
 0.000000000000000000e+00
 0.000000000000000000e+00
 0.000000000000000000e+00
 0.000000000000000000e+00
 0.000000000000000000e+00
 0.000000000000000000e+00
 0.000000000000000000e+00
 0.000000000000000000e+00
 0.000000000000000000e+00
 0.000000000000000000e+00
 0.000000000000000000e+00
 0.000000000000000000e+00
 0.000000000000000000e+00
 0.000000000000000000e+00
 0.000000000000000000e+00
 0.000000000000000000e+00
 0.000000000000000000e+00
 0.000000000000000000e+00
 0.000000000000000000e+00
 0.000000000000000000e+00
 0.000000000000000000e+00
 0.000000000000000000e+00
 0.000000000000000000e+00
 0.000000000000000000e+00
 0.000000000000000000e+00
 0.000000000000000000e+00
 0.000000000000000000e+00
 0.000000000000000000e+00
 0.000000000000000000e+00
 0.000000000000000000e+00
 0.000000000000000000e+00
 0.000000000000000000e+00
 0.000000000000000000e+00
 0.000000000000000000e+00
 0.000000000000000000e+00
 0.000000000000000000e+00
 0.000000000000000000e+00
 0.000000000000000000e+00
 0.000000000000000000e+00
 0.000000000000000000e+00
 0.000000000000000000e+00
 0.000000000000000000e+00
 0.000000000000000000e+00
 0.000000000000000000e+00
 0.000000000000000000e+00
 0.000000000000000000e+00
 0.000000000000000000e+00
 0.000000000000000000e+00
 0.000000000000000000e+00
 0.000000000000000000e+00
 0.000000000000000000e+00
 0.000000000000000000e+00
 0.000000000000000000e+00
 0.000000000000000000e+00
 0.000000000000000000e+00
 0.000000000000000000e+00
 0.000000000000000000e+00
 0.000000000000000000e+00
 0.000000000000000000e+00
 0.000000000000000000e+00
 0.000000000000000000e+00
 0.000000000000000000e+00
 </DataArray>
 <DataArray Name="S" type="Float32" NumberOfComponents="1" format="ascii">
 0.000000000000000000e+00
 0.000000000000000000e+00
 0.000000000000000000e+00
 0.000000000000000000e+00
 0.000000000000000000e+00
 0.000000000000000000e+00
 0.000000000000000000e+00
 0.000000000000000000e+00
 0.000000000000000000e+00
 0.000000000000000000e+00
 0.000000000000000000e+00
 0.000000000000000000e+00
 0.000000000000000000e+00
 0.000000000000000000e+00
 0.000000000000000000e+00
 0.000000000000000000e+00
 0.000000000000000000e+00
 0.000000000000000000e+00
 0.000000000000000000e+00
 0.000000000000000000e+00
 0.000000000000000000e+00
 0.000000000000000000e+00
 0.000000000000000000e+00
 0.000000000000000000e+00
 0.000000000000000000e+00
 0.000000000000000000e+00
 0.000000000000000000e+00
 0.000000000000000000e+00
 0.000000000000000000e+00
 0.000000000000000000e+00
 0.000000000000000000e+00
 0.000000000000000000e+00
 0.000000000000000000e+00
 0.000000000000000000e+00
 0.000000000000000000e+00
 0.000000000000000000e+00
 0.000000000000000000e+00
 0.000000000000000000e+00
 0.000000000000000000e+00
 0.000000000000000000e+00
 0.000000000000000000e+00
 0.000000000000000000e+00
 0.000000000000000000e+00
 0.000000000000000000e+00
 0.000000000000000000e+00
 0.000000000000000000e+00
 0.000000000000000000e+00
 0.000000000000000000e+00
 0.000000000000000000e+00
 0.000000000000000000e+00
 0.000000000000000000e+00
 0.000000000000000000e+00
 0.000000000000000000e+00
 0.000000000000000000e+00
 0.000000000000000000e+00
 0.000000000000000000e+00
 0.000000000000000000e+00
 0.000000000000000000e+00
 0.000000000000000000e+00
 0.000000000000000000e+00
 0.000000000000000000e+00
 0.000000000000000000e+00
 0.000000000000000000e+00
 0.000000000000000000e+00
 0.000000000000000000e+00
 0.000000000000000000e+00
 0.000000000000000000e+00
 0.000000000000000000e+00
 0.000000000000000000e+00
 0.000000000000000000e+00
 0.000000000000000000e+00
 0.000000000000000000e+00
 0.000000000000000000e+00
 0.000000000000000000e+00
 0.000000000000000000e+00
 0.000000000000000000e+00
 0.000000000000000000e+00
 0.000000000000000000e+00
 0.000000000000000000e+00
 0.000000000000000000e+00
 0.000000000000000000e+00
 0.000000000000000000e+00
 0.000000000000000000e+00
 0.000000000000000000e+00
 0.000000000000000000e+00
 0.000000000000000000e+00
 0.000000000000000000e+00
 0.000000000000000000e+00
 0.000000000000000000e+00
 0.000000000000000000e+00
 0.000000000000000000e+00
 0.000000000000000000e+00
 0.000000000000000000e+00
 0.000000000000000000e+00
 0.000000000000000000e+00
 0.000000000000000000e+00
 0.000000000000000000e+00
 0.000000000000000000e+00
 0.000000000000000000e+00
 0.000000000000000000e+00
 0.000000000000000000e+00
 0.000000000000000000e+00
 0.000000000000000000e+00
 0.000000000000000000e+00
 0.000000000000000000e+00
 0.000000000000000000e+00
 0.000000000000000000e+00
 0.000000000000000000e+00
 0.000000000000000000e+00
 0.000000000000000000e+00
 0.000000000000000000e+00
 0.000000000000000000e+00
 0.000000000000000000e+00
 0.000000000000000000e+00
 0.000000000000000000e+00
 0.000000000000000000e+00
 0.000000000000000000e+00
 0.000000000000000000e+00
 0.000000000000000000e+00
 0.000000000000000000e+00
 0.000000000000000000e+00
 0.000000000000000000e+00
 0.000000000000000000e+00
 0.000000000000000000e+00
 0.000000000000000000e+00
 0.000000000000000000e+00
 0.000000000000000000e+00
 0.000000000000000000e+00
 0.000000000000000000e+00
 0.000000000000000000e+00
 0.000000000000000000e+00
 0.000000000000000000e+00
 0.000000000000000000e+00
 0.000000000000000000e+00
 0.000000000000000000e+00
 0.000000000000000000e+00
 0.000000000000000000e+00
 0.000000000000000000e+00
 0.000000000000000000e+00
 0.000000000000000000e+00
 0.000000000000000000e+00
 0.000000000000000000e+00
 0.000000000000000000e+00
 0.000000000000000000e+00
 0.000000000000000000e+00
 0.000000000000000000e+00
 0.000000000000000000e+00
 0.000000000000000000e+00
 0.000000000000000000e+00
 0.000000000000000000e+00
 0.000000000000000000e+00
 0.000000000000000000e+00
 0.000000000000000000e+00
 0.000000000000000000e+00
 0.000000000000000000e+00
 0.000000000000000000e+00
 0.000000000000000000e+00
 0.000000000000000000e+00
 0.000000000000000000e+00
 0.000000000000000000e+00
 0.000000000000000000e+00
 0.000000000000000000e+00
 0.000000000000000000e+00
 0.000000000000000000e+00
 0.000000000000000000e+00
 0.000000000000000000e+00
 0.000000000000000000e+00
 0.000000000000000000e+00
 0.000000000000000000e+00
 0.000000000000000000e+00
 0.000000000000000000e+00
 0.000000000000000000e+00
 0.000000000000000000e+00
 0.000000000000000000e+00
 0.000000000000000000e+00
 0.000000000000000000e+00
 0.000000000000000000e+00
 0.000000000000000000e+00
 0.000000000000000000e+00
 0.000000000000000000e+00
 0.000000000000000000e+00
 0.000000000000000000e+00
 0.000000000000000000e+00
 0.000000000000000000e+00
 0.000000000000000000e+00
 0.000000000000000000e+00
 0.000000000000000000e+00
 0.000000000000000000e+00
 0.000000000000000000e+00
 0.000000000000000000e+00
 0.000000000000000000e+00
 0.000000000000000000e+00
 0.000000000000000000e+00
 0.000000000000000000e+00
 0.000000000000000000e+00
 0.000000000000000000e+00
 0.000000000000000000e+00
 0.000000000000000000e+00
 0.000000000000000000e+00
 0.000000000000000000e+00
 0.000000000000000000e+00
 0.000000000000000000e+00
 0.000000000000000000e+00
 0.000000000000000000e+00
 0.000000000000000000e+00
 0.000000000000000000e+00
 0.000000000000000000e+00
 0.000000000000000000e+00
 0.000000000000000000e+00
 0.000000000000000000e+00
 0.000000000000000000e+00
 0.000000000000000000e+00
 0.000000000000000000e+00
 0.000000000000000000e+00
 0.000000000000000000e+00
 0.000000000000000000e+00
 0.000000000000000000e+00
 0.000000000000000000e+00
 0.000000000000000000e+00
 0.000000000000000000e+00
 0.000000000000000000e+00
 0.000000000000000000e+00
 0.000000000000000000e+00
 0.000000000000000000e+00
 0.000000000000000000e+00
 0.000000000000000000e+00
 0.000000000000000000e+00
 0.000000000000000000e+00
 0.000000000000000000e+00
 0.000000000000000000e+00
 0.000000000000000000e+00
 0.000000000000000000e+00
 0.000000000000000000e+00
 0.000000000000000000e+00
 0.000000000000000000e+00
 0.000000000000000000e+00
 0.000000000000000000e+00
 0.000000000000000000e+00
 0.000000000000000000e+00
 0.000000000000000000e+00
 0.000000000000000000e+00
 0.000000000000000000e+00
 0.000000000000000000e+00
 0.000000000000000000e+00
 0.000000000000000000e+00
 0.000000000000000000e+00
 0.000000000000000000e+00
 0.000000000000000000e+00
 0.000000000000000000e+00
 0.000000000000000000e+00
 0.000000000000000000e+00
 0.000000000000000000e+00
 0.000000000000000000e+00
 0.000000000000000000e+00
 0.000000000000000000e+00
 0.000000000000000000e+00
 0.000000000000000000e+00
 0.000000000000000000e+00
 0.000000000000000000e+00
 0.000000000000000000e+00
 0.000000000000000000e+00
 0.000000000000000000e+00
 0.000000000000000000e+00
 0.000000000000000000e+00
 0.000000000000000000e+00
 0.000000000000000000e+00
 0.000000000000000000e+00
 0.000000000000000000e+00
 0.000000000000000000e+00
 0.000000000000000000e+00
 0.000000000000000000e+00
 0.000000000000000000e+00
 0.000000000000000000e+00
 0.000000000000000000e+00
 0.000000000000000000e+00
 0.000000000000000000e+00
 0.000000000000000000e+00
 0.000000000000000000e+00
 0.000000000000000000e+00
 0.000000000000000000e+00
 0.000000000000000000e+00
 0.000000000000000000e+00
 0.000000000000000000e+00
 0.000000000000000000e+00
 0.000000000000000000e+00
 0.000000000000000000e+00
 0.000000000000000000e+00
 0.000000000000000000e+00
 0.000000000000000000e+00
 0.000000000000000000e+00
 0.000000000000000000e+00
 0.000000000000000000e+00
 0.000000000000000000e+00
 0.000000000000000000e+00
 0.000000000000000000e+00
 0.000000000000000000e+00
 0.000000000000000000e+00
 0.000000000000000000e+00
 0.000000000000000000e+00
 0.000000000000000000e+00
 0.000000000000000000e+00
 0.000000000000000000e+00
 0.000000000000000000e+00
 0.000000000000000000e+00
 0.000000000000000000e+00
 0.000000000000000000e+00
 0.000000000000000000e+00
 0.000000000000000000e+00
 0.000000000000000000e+00
 0.000000000000000000e+00
 0.000000000000000000e+00
 0.000000000000000000e+00
 0.000000000000000000e+00
 0.000000000000000000e+00
 0.000000000000000000e+00
 0.000000000000000000e+00
 0.000000000000000000e+00
 0.000000000000000000e+00
 0.000000000000000000e+00
 0.000000000000000000e+00
 0.000000000000000000e+00
 0.000000000000000000e+00
 0.000000000000000000e+00
 0.000000000000000000e+00
 0.000000000000000000e+00
 0.000000000000000000e+00
 0.000000000000000000e+00
 0.000000000000000000e+00
 0.000000000000000000e+00
 0.000000000000000000e+00
 0.000000000000000000e+00
 0.000000000000000000e+00
 0.000000000000000000e+00
 0.000000000000000000e+00
 0.000000000000000000e+00
 0.000000000000000000e+00
 0.000000000000000000e+00
 0.000000000000000000e+00
 0.000000000000000000e+00
 0.000000000000000000e+00
 0.000000000000000000e+00
 0.000000000000000000e+00
 0.000000000000000000e+00
 0.000000000000000000e+00
 0.000000000000000000e+00
 0.000000000000000000e+00
 0.000000000000000000e+00
 0.000000000000000000e+00
 0.000000000000000000e+00
 0.000000000000000000e+00
 0.000000000000000000e+00
 0.000000000000000000e+00
 0.000000000000000000e+00
 0.000000000000000000e+00
 0.000000000000000000e+00
 0.000000000000000000e+00
 0.000000000000000000e+00
 0.000000000000000000e+00
 0.000000000000000000e+00
 0.000000000000000000e+00
 0.000000000000000000e+00
 0.000000000000000000e+00
 0.000000000000000000e+00
 0.000000000000000000e+00
 0.000000000000000000e+00
 0.000000000000000000e+00
 0.000000000000000000e+00
 0.000000000000000000e+00
 0.000000000000000000e+00
 0.000000000000000000e+00
 0.000000000000000000e+00
 0.000000000000000000e+00
 0.000000000000000000e+00
 0.000000000000000000e+00
 0.000000000000000000e+00
 0.000000000000000000e+00
 0.000000000000000000e+00
 0.000000000000000000e+00
 0.000000000000000000e+00
 0.000000000000000000e+00
 0.000000000000000000e+00
 0.000000000000000000e+00
 0.000000000000000000e+00
 0.000000000000000000e+00
 0.000000000000000000e+00
 0.000000000000000000e+00
 0.000000000000000000e+00
 0.000000000000000000e+00
 0.000000000000000000e+00
 0.000000000000000000e+00
 0.000000000000000000e+00
 0.000000000000000000e+00
 0.000000000000000000e+00
 0.000000000000000000e+00
 0.000000000000000000e+00
 0.000000000000000000e+00
 0.000000000000000000e+00
 0.000000000000000000e+00
 0.000000000000000000e+00
 0.000000000000000000e+00
 0.000000000000000000e+00
 0.000000000000000000e+00
 0.000000000000000000e+00
 0.000000000000000000e+00
 0.000000000000000000e+00
 0.000000000000000000e+00
 0.000000000000000000e+00
 0.000000000000000000e+00
 0.000000000000000000e+00
 0.000000000000000000e+00
 0.000000000000000000e+00
 0.000000000000000000e+00
 0.000000000000000000e+00
 0.000000000000000000e+00
 0.000000000000000000e+00
 0.000000000000000000e+00
 0.000000000000000000e+00
 0.000000000000000000e+00
 0.000000000000000000e+00
 0.000000000000000000e+00
 0.000000000000000000e+00
 0.000000000000000000e+00
 0.000000000000000000e+00
 0.000000000000000000e+00
 0.000000000000000000e+00
 0.000000000000000000e+00
 0.000000000000000000e+00
 0.000000000000000000e+00
 0.000000000000000000e+00
 0.000000000000000000e+00
 0.000000000000000000e+00
 0.000000000000000000e+00
 0.000000000000000000e+00
 0.000000000000000000e+00
 0.000000000000000000e+00
 0.000000000000000000e+00
 0.000000000000000000e+00
 0.000000000000000000e+00
 0.000000000000000000e+00
 0.000000000000000000e+00
 0.000000000000000000e+00
 0.000000000000000000e+00
 0.000000000000000000e+00
 0.000000000000000000e+00
 0.000000000000000000e+00
 0.000000000000000000e+00
 0.000000000000000000e+00
 0.000000000000000000e+00
 0.000000000000000000e+00
 0.000000000000000000e+00
 0.000000000000000000e+00
 0.000000000000000000e+00
 0.000000000000000000e+00
 0.000000000000000000e+00
 0.000000000000000000e+00
 0.000000000000000000e+00
 0.000000000000000000e+00
 0.000000000000000000e+00
 0.000000000000000000e+00
 0.000000000000000000e+00
 0.000000000000000000e+00
 0.000000000000000000e+00
 0.000000000000000000e+00
 0.000000000000000000e+00
 0.000000000000000000e+00
 0.000000000000000000e+00
 0.000000000000000000e+00
 0.000000000000000000e+00
 0.000000000000000000e+00
 0.000000000000000000e+00
 0.000000000000000000e+00
 0.000000000000000000e+00
 0.000000000000000000e+00
 0.000000000000000000e+00
 0.000000000000000000e+00
 0.000000000000000000e+00
 0.000000000000000000e+00
 0.000000000000000000e+00
 0.000000000000000000e+00
 0.000000000000000000e+00
 0.000000000000000000e+00
 0.000000000000000000e+00
 0.000000000000000000e+00
 0.000000000000000000e+00
 0.000000000000000000e+00
 0.000000000000000000e+00
 0.000000000000000000e+00
 0.000000000000000000e+00
 0.000000000000000000e+00
 0.000000000000000000e+00
 0.000000000000000000e+00
 0.000000000000000000e+00
 0.000000000000000000e+00
 0.000000000000000000e+00
 0.000000000000000000e+00
 0.000000000000000000e+00
 0.000000000000000000e+00
 0.000000000000000000e+00
 0.000000000000000000e+00
 0.000000000000000000e+00
 </DataArray>
 <DataArray Name="massf[0]-He" type="Float32" NumberOfComponents="1" format="ascii">
 1.000000000000000000e+00
 1.000000000000000000e+00
 1.000000000000000000e+00
 1.000000000000000000e+00
 1.000000000000000000e+00
 1.000000000000000000e+00
 1.000000000000000000e+00
 1.000000000000000000e+00
 1.000000000000000000e+00
 1.000000000000000000e+00
 1.000000000000000000e+00
 1.000000000000000000e+00
 1.000000000000000000e+00
 1.000000000000000000e+00
 1.000000000000000000e+00
 1.000000000000000000e+00
 1.000000000000000000e+00
 1.000000000000000000e+00
 1.000000000000000000e+00
 1.000000000000000000e+00
 1.000000000000000000e+00
 1.000000000000000000e+00
 1.000000000000000000e+00
 1.000000000000000000e+00
 1.000000000000000000e+00
 1.000000000000000000e+00
 1.000000000000000000e+00
 1.000000000000000000e+00
 1.000000000000000000e+00
 1.000000000000000000e+00
 1.000000000000000000e+00
 1.000000000000000000e+00
 1.000000000000000000e+00
 1.000000000000000000e+00
 1.000000000000000000e+00
 1.000000000000000000e+00
 1.000000000000000000e+00
 1.000000000000000000e+00
 1.000000000000000000e+00
 1.000000000000000000e+00
 1.000000000000000000e+00
 1.000000000000000000e+00
 1.000000000000000000e+00
 1.000000000000000000e+00
 1.000000000000000000e+00
 1.000000000000000000e+00
 1.000000000000000000e+00
 1.000000000000000000e+00
 1.000000000000000000e+00
 1.000000000000000000e+00
 1.000000000000000000e+00
 1.000000000000000000e+00
 1.000000000000000000e+00
 1.000000000000000000e+00
 1.000000000000000000e+00
 1.000000000000000000e+00
 1.000000000000000000e+00
 1.000000000000000000e+00
 1.000000000000000000e+00
 1.000000000000000000e+00
 1.000000000000000000e+00
 1.000000000000000000e+00
 1.000000000000000000e+00
 1.000000000000000000e+00
 1.000000000000000000e+00
 1.000000000000000000e+00
 1.000000000000000000e+00
 1.000000000000000000e+00
 1.000000000000000000e+00
 1.000000000000000000e+00
 1.000000000000000000e+00
 1.000000000000000000e+00
 1.000000000000000000e+00
 1.000000000000000000e+00
 1.000000000000000000e+00
 1.000000000000000000e+00
 1.000000000000000000e+00
 1.000000000000000000e+00
 1.000000000000000000e+00
 1.000000000000000000e+00
 1.000000000000000000e+00
 1.000000000000000000e+00
 1.000000000000000000e+00
 1.000000000000000000e+00
 1.000000000000000000e+00
 1.000000000000000000e+00
 1.000000000000000000e+00
 1.000000000000000000e+00
 1.000000000000000000e+00
 1.000000000000000000e+00
 1.000000000000000000e+00
 1.000000000000000000e+00
 1.000000000000000000e+00
 1.000000000000000000e+00
 1.000000000000000000e+00
 1.000000000000000000e+00
 1.000000000000000000e+00
 1.000000000000000000e+00
 1.000000000000000000e+00
 1.000000000000000000e+00
 1.000000000000000000e+00
 1.000000000000000000e+00
 1.000000000000000000e+00
 1.000000000000000000e+00
 1.000000000000000000e+00
 1.000000000000000000e+00
 1.000000000000000000e+00
 1.000000000000000000e+00
 1.000000000000000000e+00
 1.000000000000000000e+00
 1.000000000000000000e+00
 1.000000000000000000e+00
 1.000000000000000000e+00
 1.000000000000000000e+00
 1.000000000000000000e+00
 1.000000000000000000e+00
 1.000000000000000000e+00
 1.000000000000000000e+00
 1.000000000000000000e+00
 1.000000000000000000e+00
 1.000000000000000000e+00
 1.000000000000000000e+00
 1.000000000000000000e+00
 1.000000000000000000e+00
 1.000000000000000000e+00
 1.000000000000000000e+00
 1.000000000000000000e+00
 1.000000000000000000e+00
 1.000000000000000000e+00
 1.000000000000000000e+00
 1.000000000000000000e+00
 1.000000000000000000e+00
 1.000000000000000000e+00
 1.000000000000000000e+00
 1.000000000000000000e+00
 1.000000000000000000e+00
 1.000000000000000000e+00
 1.000000000000000000e+00
 1.000000000000000000e+00
 1.000000000000000000e+00
 1.000000000000000000e+00
 1.000000000000000000e+00
 1.000000000000000000e+00
 1.000000000000000000e+00
 1.000000000000000000e+00
 1.000000000000000000e+00
 1.000000000000000000e+00
 1.000000000000000000e+00
 1.000000000000000000e+00
 1.000000000000000000e+00
 1.000000000000000000e+00
 1.000000000000000000e+00
 1.000000000000000000e+00
 1.000000000000000000e+00
 1.000000000000000000e+00
 1.000000000000000000e+00
 1.000000000000000000e+00
 1.000000000000000000e+00
 1.000000000000000000e+00
 1.000000000000000000e+00
 1.000000000000000000e+00
 1.000000000000000000e+00
 1.000000000000000000e+00
 1.000000000000000000e+00
 1.000000000000000000e+00
 1.000000000000000000e+00
 1.000000000000000000e+00
 1.000000000000000000e+00
 1.000000000000000000e+00
 1.000000000000000000e+00
 1.000000000000000000e+00
 1.000000000000000000e+00
 1.000000000000000000e+00
 1.000000000000000000e+00
 1.000000000000000000e+00
 1.000000000000000000e+00
 1.000000000000000000e+00
 1.000000000000000000e+00
 1.000000000000000000e+00
 1.000000000000000000e+00
 1.000000000000000000e+00
 1.000000000000000000e+00
 1.000000000000000000e+00
 1.000000000000000000e+00
 1.000000000000000000e+00
 1.000000000000000000e+00
 1.000000000000000000e+00
 1.000000000000000000e+00
 1.000000000000000000e+00
 1.000000000000000000e+00
 1.000000000000000000e+00
 1.000000000000000000e+00
 1.000000000000000000e+00
 1.000000000000000000e+00
 1.000000000000000000e+00
 1.000000000000000000e+00
 1.000000000000000000e+00
 1.000000000000000000e+00
 1.000000000000000000e+00
 1.000000000000000000e+00
 1.000000000000000000e+00
 1.000000000000000000e+00
 1.000000000000000000e+00
 1.000000000000000000e+00
 1.000000000000000000e+00
 1.000000000000000000e+00
 1.000000000000000000e+00
 1.000000000000000000e+00
 1.000000000000000000e+00
 1.000000000000000000e+00
 1.000000000000000000e+00
 1.000000000000000000e+00
 1.000000000000000000e+00
 1.000000000000000000e+00
 1.000000000000000000e+00
 1.000000000000000000e+00
 1.000000000000000000e+00
 1.000000000000000000e+00
 1.000000000000000000e+00
 1.000000000000000000e+00
 1.000000000000000000e+00
 1.000000000000000000e+00
 1.000000000000000000e+00
 1.000000000000000000e+00
 1.000000000000000000e+00
 1.000000000000000000e+00
 1.000000000000000000e+00
 1.000000000000000000e+00
 1.000000000000000000e+00
 1.000000000000000000e+00
 1.000000000000000000e+00
 1.000000000000000000e+00
 1.000000000000000000e+00
 1.000000000000000000e+00
 1.000000000000000000e+00
 1.000000000000000000e+00
 1.000000000000000000e+00
 1.000000000000000000e+00
 1.000000000000000000e+00
 1.000000000000000000e+00
 1.000000000000000000e+00
 1.000000000000000000e+00
 1.000000000000000000e+00
 1.000000000000000000e+00
 1.000000000000000000e+00
 1.000000000000000000e+00
 1.000000000000000000e+00
 1.000000000000000000e+00
 1.000000000000000000e+00
 1.000000000000000000e+00
 1.000000000000000000e+00
 1.000000000000000000e+00
 1.000000000000000000e+00
 1.000000000000000000e+00
 1.000000000000000000e+00
 1.000000000000000000e+00
 1.000000000000000000e+00
 1.000000000000000000e+00
 1.000000000000000000e+00
 1.000000000000000000e+00
 1.000000000000000000e+00
 1.000000000000000000e+00
 1.000000000000000000e+00
 1.000000000000000000e+00
 1.000000000000000000e+00
 1.000000000000000000e+00
 1.000000000000000000e+00
 1.000000000000000000e+00
 1.000000000000000000e+00
 1.000000000000000000e+00
 1.000000000000000000e+00
 1.000000000000000000e+00
 1.000000000000000000e+00
 1.000000000000000000e+00
 1.000000000000000000e+00
 1.000000000000000000e+00
 1.000000000000000000e+00
 1.000000000000000000e+00
 1.000000000000000000e+00
 1.000000000000000000e+00
 1.000000000000000000e+00
 1.000000000000000000e+00
 1.000000000000000000e+00
 1.000000000000000000e+00
 1.000000000000000000e+00
 1.000000000000000000e+00
 1.000000000000000000e+00
 1.000000000000000000e+00
 1.000000000000000000e+00
 1.000000000000000000e+00
 1.000000000000000000e+00
 1.000000000000000000e+00
 1.000000000000000000e+00
 1.000000000000000000e+00
 1.000000000000000000e+00
 1.000000000000000000e+00
 1.000000000000000000e+00
 1.000000000000000000e+00
 1.000000000000000000e+00
 1.000000000000000000e+00
 1.000000000000000000e+00
 1.000000000000000000e+00
 1.000000000000000000e+00
 1.000000000000000000e+00
 1.000000000000000000e+00
 1.000000000000000000e+00
 1.000000000000000000e+00
 1.000000000000000000e+00
 1.000000000000000000e+00
 1.000000000000000000e+00
 1.000000000000000000e+00
 1.000000000000000000e+00
 1.000000000000000000e+00
 1.000000000000000000e+00
 1.000000000000000000e+00
 1.000000000000000000e+00
 1.000000000000000000e+00
 1.000000000000000000e+00
 1.000000000000000000e+00
 1.000000000000000000e+00
 1.000000000000000000e+00
 1.000000000000000000e+00
 1.000000000000000000e+00
 1.000000000000000000e+00
 1.000000000000000000e+00
 1.000000000000000000e+00
 1.000000000000000000e+00
 1.000000000000000000e+00
 1.000000000000000000e+00
 1.000000000000000000e+00
 1.000000000000000000e+00
 1.000000000000000000e+00
 1.000000000000000000e+00
 1.000000000000000000e+00
 1.000000000000000000e+00
 1.000000000000000000e+00
 1.000000000000000000e+00
 1.000000000000000000e+00
 1.000000000000000000e+00
 1.000000000000000000e+00
 1.000000000000000000e+00
 1.000000000000000000e+00
 1.000000000000000000e+00
 1.000000000000000000e+00
 1.000000000000000000e+00
 1.000000000000000000e+00
 1.000000000000000000e+00
 1.000000000000000000e+00
 1.000000000000000000e+00
 1.000000000000000000e+00
 1.000000000000000000e+00
 1.000000000000000000e+00
 1.000000000000000000e+00
 1.000000000000000000e+00
 1.000000000000000000e+00
 1.000000000000000000e+00
 1.000000000000000000e+00
 1.000000000000000000e+00
 1.000000000000000000e+00
 1.000000000000000000e+00
 1.000000000000000000e+00
 1.000000000000000000e+00
 1.000000000000000000e+00
 1.000000000000000000e+00
 1.000000000000000000e+00
 1.000000000000000000e+00
 1.000000000000000000e+00
 1.000000000000000000e+00
 1.000000000000000000e+00
 1.000000000000000000e+00
 1.000000000000000000e+00
 1.000000000000000000e+00
 1.000000000000000000e+00
 1.000000000000000000e+00
 1.000000000000000000e+00
 1.000000000000000000e+00
 1.000000000000000000e+00
 1.000000000000000000e+00
 1.000000000000000000e+00
 1.000000000000000000e+00
 1.000000000000000000e+00
 1.000000000000000000e+00
 1.000000000000000000e+00
 1.000000000000000000e+00
 1.000000000000000000e+00
 1.000000000000000000e+00
 1.000000000000000000e+00
 1.000000000000000000e+00
 1.000000000000000000e+00
 1.000000000000000000e+00
 1.000000000000000000e+00
 1.000000000000000000e+00
 1.000000000000000000e+00
 1.000000000000000000e+00
 1.000000000000000000e+00
 1.000000000000000000e+00
 1.000000000000000000e+00
 1.000000000000000000e+00
 1.000000000000000000e+00
 1.000000000000000000e+00
 1.000000000000000000e+00
 1.000000000000000000e+00
 1.000000000000000000e+00
 1.000000000000000000e+00
 1.000000000000000000e+00
 1.000000000000000000e+00
 1.000000000000000000e+00
 1.000000000000000000e+00
 1.000000000000000000e+00
 1.000000000000000000e+00
 1.000000000000000000e+00
 1.000000000000000000e+00
 1.000000000000000000e+00
 1.000000000000000000e+00
 1.000000000000000000e+00
 1.000000000000000000e+00
 1.000000000000000000e+00
 1.000000000000000000e+00
 1.000000000000000000e+00
 1.000000000000000000e+00
 1.000000000000000000e+00
 1.000000000000000000e+00
 1.000000000000000000e+00
 1.000000000000000000e+00
 1.000000000000000000e+00
 1.000000000000000000e+00
 1.000000000000000000e+00
 1.000000000000000000e+00
 1.000000000000000000e+00
 1.000000000000000000e+00
 1.000000000000000000e+00
 1.000000000000000000e+00
 1.000000000000000000e+00
 1.000000000000000000e+00
 1.000000000000000000e+00
 1.000000000000000000e+00
 1.000000000000000000e+00
 1.000000000000000000e+00
 1.000000000000000000e+00
 1.000000000000000000e+00
 1.000000000000000000e+00
 1.000000000000000000e+00
 1.000000000000000000e+00
 1.000000000000000000e+00
 1.000000000000000000e+00
 1.000000000000000000e+00
 1.000000000000000000e+00
 1.000000000000000000e+00
 1.000000000000000000e+00
 1.000000000000000000e+00
 1.000000000000000000e+00
 1.000000000000000000e+00
 1.000000000000000000e+00
 1.000000000000000000e+00
 1.000000000000000000e+00
 1.000000000000000000e+00
 1.000000000000000000e+00
 1.000000000000000000e+00
 1.000000000000000000e+00
 1.000000000000000000e+00
 1.000000000000000000e+00
 1.000000000000000000e+00
 1.000000000000000000e+00
 1.000000000000000000e+00
 1.000000000000000000e+00
 1.000000000000000000e+00
 1.000000000000000000e+00
 1.000000000000000000e+00
 1.000000000000000000e+00
 1.000000000000000000e+00
 1.000000000000000000e+00
 1.000000000000000000e+00
 1.000000000000000000e+00
 1.000000000000000000e+00
 1.000000000000000000e+00
 1.000000000000000000e+00
 1.000000000000000000e+00
 1.000000000000000000e+00
 1.000000000000000000e+00
 1.000000000000000000e+00
 1.000000000000000000e+00
 1.000000000000000000e+00
 1.000000000000000000e+00
 1.000000000000000000e+00
 1.000000000000000000e+00
 1.000000000000000000e+00
 1.000000000000000000e+00
 1.000000000000000000e+00
 1.000000000000000000e+00
 1.000000000000000000e+00
 1.000000000000000000e+00
 1.000000000000000000e+00
 1.000000000000000000e+00
 1.000000000000000000e+00
 1.000000000000000000e+00
 1.000000000000000000e+00
 1.000000000000000000e+00
 1.000000000000000000e+00
 1.000000000000000000e+00
 1.000000000000000000e+00
 </DataArray>
 <DataArray Name="massf[1]-N2" type="Float32" NumberOfComponents="1" format="ascii">
 0.000000000000000000e+00
 0.000000000000000000e+00
 0.000000000000000000e+00
 0.000000000000000000e+00
 0.000000000000000000e+00
 0.000000000000000000e+00
 0.000000000000000000e+00
 0.000000000000000000e+00
 0.000000000000000000e+00
 0.000000000000000000e+00
 0.000000000000000000e+00
 0.000000000000000000e+00
 0.000000000000000000e+00
 0.000000000000000000e+00
 0.000000000000000000e+00
 0.000000000000000000e+00
 0.000000000000000000e+00
 0.000000000000000000e+00
 0.000000000000000000e+00
 0.000000000000000000e+00
 0.000000000000000000e+00
 0.000000000000000000e+00
 0.000000000000000000e+00
 0.000000000000000000e+00
 0.000000000000000000e+00
 0.000000000000000000e+00
 0.000000000000000000e+00
 0.000000000000000000e+00
 0.000000000000000000e+00
 0.000000000000000000e+00
 0.000000000000000000e+00
 0.000000000000000000e+00
 0.000000000000000000e+00
 0.000000000000000000e+00
 0.000000000000000000e+00
 0.000000000000000000e+00
 0.000000000000000000e+00
 0.000000000000000000e+00
 0.000000000000000000e+00
 0.000000000000000000e+00
 0.000000000000000000e+00
 0.000000000000000000e+00
 0.000000000000000000e+00
 0.000000000000000000e+00
 0.000000000000000000e+00
 0.000000000000000000e+00
 0.000000000000000000e+00
 0.000000000000000000e+00
 0.000000000000000000e+00
 0.000000000000000000e+00
 0.000000000000000000e+00
 0.000000000000000000e+00
 0.000000000000000000e+00
 0.000000000000000000e+00
 0.000000000000000000e+00
 0.000000000000000000e+00
 0.000000000000000000e+00
 0.000000000000000000e+00
 0.000000000000000000e+00
 0.000000000000000000e+00
 0.000000000000000000e+00
 0.000000000000000000e+00
 0.000000000000000000e+00
 0.000000000000000000e+00
 0.000000000000000000e+00
 0.000000000000000000e+00
 0.000000000000000000e+00
 0.000000000000000000e+00
 0.000000000000000000e+00
 0.000000000000000000e+00
 0.000000000000000000e+00
 0.000000000000000000e+00
 0.000000000000000000e+00
 0.000000000000000000e+00
 0.000000000000000000e+00
 0.000000000000000000e+00
 0.000000000000000000e+00
 0.000000000000000000e+00
 0.000000000000000000e+00
 0.000000000000000000e+00
 0.000000000000000000e+00
 0.000000000000000000e+00
 0.000000000000000000e+00
 0.000000000000000000e+00
 0.000000000000000000e+00
 0.000000000000000000e+00
 0.000000000000000000e+00
 0.000000000000000000e+00
 0.000000000000000000e+00
 0.000000000000000000e+00
 0.000000000000000000e+00
 0.000000000000000000e+00
 0.000000000000000000e+00
 0.000000000000000000e+00
 0.000000000000000000e+00
 0.000000000000000000e+00
 0.000000000000000000e+00
 0.000000000000000000e+00
 0.000000000000000000e+00
 0.000000000000000000e+00
 0.000000000000000000e+00
 0.000000000000000000e+00
 0.000000000000000000e+00
 0.000000000000000000e+00
 0.000000000000000000e+00
 0.000000000000000000e+00
 0.000000000000000000e+00
 0.000000000000000000e+00
 0.000000000000000000e+00
 0.000000000000000000e+00
 0.000000000000000000e+00
 0.000000000000000000e+00
 0.000000000000000000e+00
 0.000000000000000000e+00
 0.000000000000000000e+00
 0.000000000000000000e+00
 0.000000000000000000e+00
 0.000000000000000000e+00
 0.000000000000000000e+00
 0.000000000000000000e+00
 0.000000000000000000e+00
 0.000000000000000000e+00
 0.000000000000000000e+00
 0.000000000000000000e+00
 0.000000000000000000e+00
 0.000000000000000000e+00
 0.000000000000000000e+00
 0.000000000000000000e+00
 0.000000000000000000e+00
 0.000000000000000000e+00
 0.000000000000000000e+00
 0.000000000000000000e+00
 0.000000000000000000e+00
 0.000000000000000000e+00
 0.000000000000000000e+00
 0.000000000000000000e+00
 0.000000000000000000e+00
 0.000000000000000000e+00
 0.000000000000000000e+00
 0.000000000000000000e+00
 0.000000000000000000e+00
 0.000000000000000000e+00
 0.000000000000000000e+00
 0.000000000000000000e+00
 0.000000000000000000e+00
 0.000000000000000000e+00
 0.000000000000000000e+00
 0.000000000000000000e+00
 0.000000000000000000e+00
 0.000000000000000000e+00
 0.000000000000000000e+00
 0.000000000000000000e+00
 0.000000000000000000e+00
 0.000000000000000000e+00
 0.000000000000000000e+00
 0.000000000000000000e+00
 0.000000000000000000e+00
 0.000000000000000000e+00
 0.000000000000000000e+00
 0.000000000000000000e+00
 0.000000000000000000e+00
 0.000000000000000000e+00
 0.000000000000000000e+00
 0.000000000000000000e+00
 0.000000000000000000e+00
 0.000000000000000000e+00
 0.000000000000000000e+00
 0.000000000000000000e+00
 0.000000000000000000e+00
 0.000000000000000000e+00
 0.000000000000000000e+00
 0.000000000000000000e+00
 0.000000000000000000e+00
 0.000000000000000000e+00
 0.000000000000000000e+00
 0.000000000000000000e+00
 0.000000000000000000e+00
 0.000000000000000000e+00
 0.000000000000000000e+00
 0.000000000000000000e+00
 0.000000000000000000e+00
 0.000000000000000000e+00
 0.000000000000000000e+00
 0.000000000000000000e+00
 0.000000000000000000e+00
 0.000000000000000000e+00
 0.000000000000000000e+00
 0.000000000000000000e+00
 0.000000000000000000e+00
 0.000000000000000000e+00
 0.000000000000000000e+00
 0.000000000000000000e+00
 0.000000000000000000e+00
 0.000000000000000000e+00
 0.000000000000000000e+00
 0.000000000000000000e+00
 0.000000000000000000e+00
 0.000000000000000000e+00
 0.000000000000000000e+00
 0.000000000000000000e+00
 0.000000000000000000e+00
 0.000000000000000000e+00
 0.000000000000000000e+00
 0.000000000000000000e+00
 0.000000000000000000e+00
 0.000000000000000000e+00
 0.000000000000000000e+00
 0.000000000000000000e+00
 0.000000000000000000e+00
 0.000000000000000000e+00
 0.000000000000000000e+00
 0.000000000000000000e+00
 0.000000000000000000e+00
 0.000000000000000000e+00
 0.000000000000000000e+00
 0.000000000000000000e+00
 0.000000000000000000e+00
 0.000000000000000000e+00
 0.000000000000000000e+00
 0.000000000000000000e+00
 0.000000000000000000e+00
 0.000000000000000000e+00
 0.000000000000000000e+00
 0.000000000000000000e+00
 0.000000000000000000e+00
 0.000000000000000000e+00
 0.000000000000000000e+00
 0.000000000000000000e+00
 0.000000000000000000e+00
 0.000000000000000000e+00
 0.000000000000000000e+00
 0.000000000000000000e+00
 0.000000000000000000e+00
 0.000000000000000000e+00
 0.000000000000000000e+00
 0.000000000000000000e+00
 0.000000000000000000e+00
 0.000000000000000000e+00
 0.000000000000000000e+00
 0.000000000000000000e+00
 0.000000000000000000e+00
 0.000000000000000000e+00
 0.000000000000000000e+00
 0.000000000000000000e+00
 0.000000000000000000e+00
 0.000000000000000000e+00
 0.000000000000000000e+00
 0.000000000000000000e+00
 0.000000000000000000e+00
 0.000000000000000000e+00
 0.000000000000000000e+00
 0.000000000000000000e+00
 0.000000000000000000e+00
 0.000000000000000000e+00
 0.000000000000000000e+00
 0.000000000000000000e+00
 0.000000000000000000e+00
 0.000000000000000000e+00
 0.000000000000000000e+00
 0.000000000000000000e+00
 0.000000000000000000e+00
 0.000000000000000000e+00
 0.000000000000000000e+00
 0.000000000000000000e+00
 0.000000000000000000e+00
 0.000000000000000000e+00
 0.000000000000000000e+00
 0.000000000000000000e+00
 0.000000000000000000e+00
 0.000000000000000000e+00
 0.000000000000000000e+00
 0.000000000000000000e+00
 0.000000000000000000e+00
 0.000000000000000000e+00
 0.000000000000000000e+00
 0.000000000000000000e+00
 0.000000000000000000e+00
 0.000000000000000000e+00
 0.000000000000000000e+00
 0.000000000000000000e+00
 0.000000000000000000e+00
 0.000000000000000000e+00
 0.000000000000000000e+00
 0.000000000000000000e+00
 0.000000000000000000e+00
 0.000000000000000000e+00
 0.000000000000000000e+00
 0.000000000000000000e+00
 0.000000000000000000e+00
 0.000000000000000000e+00
 0.000000000000000000e+00
 0.000000000000000000e+00
 0.000000000000000000e+00
 0.000000000000000000e+00
 0.000000000000000000e+00
 0.000000000000000000e+00
 0.000000000000000000e+00
 0.000000000000000000e+00
 0.000000000000000000e+00
 0.000000000000000000e+00
 0.000000000000000000e+00
 0.000000000000000000e+00
 0.000000000000000000e+00
 0.000000000000000000e+00
 0.000000000000000000e+00
 0.000000000000000000e+00
 0.000000000000000000e+00
 0.000000000000000000e+00
 0.000000000000000000e+00
 0.000000000000000000e+00
 0.000000000000000000e+00
 0.000000000000000000e+00
 0.000000000000000000e+00
 0.000000000000000000e+00
 0.000000000000000000e+00
 0.000000000000000000e+00
 0.000000000000000000e+00
 0.000000000000000000e+00
 0.000000000000000000e+00
 0.000000000000000000e+00
 0.000000000000000000e+00
 0.000000000000000000e+00
 0.000000000000000000e+00
 0.000000000000000000e+00
 0.000000000000000000e+00
 0.000000000000000000e+00
 0.000000000000000000e+00
 0.000000000000000000e+00
 0.000000000000000000e+00
 0.000000000000000000e+00
 0.000000000000000000e+00
 0.000000000000000000e+00
 0.000000000000000000e+00
 0.000000000000000000e+00
 0.000000000000000000e+00
 0.000000000000000000e+00
 0.000000000000000000e+00
 0.000000000000000000e+00
 0.000000000000000000e+00
 0.000000000000000000e+00
 0.000000000000000000e+00
 0.000000000000000000e+00
 0.000000000000000000e+00
 0.000000000000000000e+00
 0.000000000000000000e+00
 0.000000000000000000e+00
 0.000000000000000000e+00
 0.000000000000000000e+00
 0.000000000000000000e+00
 0.000000000000000000e+00
 0.000000000000000000e+00
 0.000000000000000000e+00
 0.000000000000000000e+00
 0.000000000000000000e+00
 0.000000000000000000e+00
 0.000000000000000000e+00
 0.000000000000000000e+00
 0.000000000000000000e+00
 0.000000000000000000e+00
 0.000000000000000000e+00
 0.000000000000000000e+00
 0.000000000000000000e+00
 0.000000000000000000e+00
 0.000000000000000000e+00
 0.000000000000000000e+00
 0.000000000000000000e+00
 0.000000000000000000e+00
 0.000000000000000000e+00
 0.000000000000000000e+00
 0.000000000000000000e+00
 0.000000000000000000e+00
 0.000000000000000000e+00
 0.000000000000000000e+00
 0.000000000000000000e+00
 0.000000000000000000e+00
 0.000000000000000000e+00
 0.000000000000000000e+00
 0.000000000000000000e+00
 0.000000000000000000e+00
 0.000000000000000000e+00
 0.000000000000000000e+00
 0.000000000000000000e+00
 0.000000000000000000e+00
 0.000000000000000000e+00
 0.000000000000000000e+00
 0.000000000000000000e+00
 0.000000000000000000e+00
 0.000000000000000000e+00
 0.000000000000000000e+00
 0.000000000000000000e+00
 0.000000000000000000e+00
 0.000000000000000000e+00
 0.000000000000000000e+00
 0.000000000000000000e+00
 0.000000000000000000e+00
 0.000000000000000000e+00
 0.000000000000000000e+00
 0.000000000000000000e+00
 0.000000000000000000e+00
 0.000000000000000000e+00
 0.000000000000000000e+00
 0.000000000000000000e+00
 0.000000000000000000e+00
 0.000000000000000000e+00
 0.000000000000000000e+00
 0.000000000000000000e+00
 0.000000000000000000e+00
 0.000000000000000000e+00
 0.000000000000000000e+00
 0.000000000000000000e+00
 0.000000000000000000e+00
 0.000000000000000000e+00
 0.000000000000000000e+00
 0.000000000000000000e+00
 0.000000000000000000e+00
 0.000000000000000000e+00
 0.000000000000000000e+00
 0.000000000000000000e+00
 0.000000000000000000e+00
 0.000000000000000000e+00
 0.000000000000000000e+00
 0.000000000000000000e+00
 0.000000000000000000e+00
 0.000000000000000000e+00
 0.000000000000000000e+00
 0.000000000000000000e+00
 0.000000000000000000e+00
 0.000000000000000000e+00
 0.000000000000000000e+00
 0.000000000000000000e+00
 0.000000000000000000e+00
 0.000000000000000000e+00
 0.000000000000000000e+00
 0.000000000000000000e+00
 0.000000000000000000e+00
 0.000000000000000000e+00
 0.000000000000000000e+00
 0.000000000000000000e+00
 0.000000000000000000e+00
 0.000000000000000000e+00
 0.000000000000000000e+00
 0.000000000000000000e+00
 0.000000000000000000e+00
 0.000000000000000000e+00
 0.000000000000000000e+00
 0.000000000000000000e+00
 0.000000000000000000e+00
 0.000000000000000000e+00
 0.000000000000000000e+00
 0.000000000000000000e+00
 0.000000000000000000e+00
 0.000000000000000000e+00
 0.000000000000000000e+00
 0.000000000000000000e+00
 0.000000000000000000e+00
 0.000000000000000000e+00
 0.000000000000000000e+00
 0.000000000000000000e+00
 0.000000000000000000e+00
 0.000000000000000000e+00
 0.000000000000000000e+00
 0.000000000000000000e+00
 0.000000000000000000e+00
 0.000000000000000000e+00
 0.000000000000000000e+00
 0.000000000000000000e+00
 0.000000000000000000e+00
 0.000000000000000000e+00
 0.000000000000000000e+00
 0.000000000000000000e+00
 0.000000000000000000e+00
 0.000000000000000000e+00
 0.000000000000000000e+00
 0.000000000000000000e+00
 0.000000000000000000e+00
 0.000000000000000000e+00
 0.000000000000000000e+00
 0.000000000000000000e+00
 0.000000000000000000e+00
 0.000000000000000000e+00
 0.000000000000000000e+00
 0.000000000000000000e+00
 0.000000000000000000e+00
 0.000000000000000000e+00
 0.000000000000000000e+00
 0.000000000000000000e+00
 0.000000000000000000e+00
 0.000000000000000000e+00
 0.000000000000000000e+00
 0.000000000000000000e+00
 0.000000000000000000e+00
 0.000000000000000000e+00
 0.000000000000000000e+00
 0.000000000000000000e+00
 0.000000000000000000e+00
 0.000000000000000000e+00
 0.000000000000000000e+00
 0.000000000000000000e+00
 0.000000000000000000e+00
 0.000000000000000000e+00
 </DataArray>
 <DataArray Name="massf[2]-O2" type="Float32" NumberOfComponents="1" format="ascii">
 0.000000000000000000e+00
 0.000000000000000000e+00
 0.000000000000000000e+00
 0.000000000000000000e+00
 0.000000000000000000e+00
 0.000000000000000000e+00
 0.000000000000000000e+00
 0.000000000000000000e+00
 0.000000000000000000e+00
 0.000000000000000000e+00
 0.000000000000000000e+00
 0.000000000000000000e+00
 0.000000000000000000e+00
 0.000000000000000000e+00
 0.000000000000000000e+00
 0.000000000000000000e+00
 0.000000000000000000e+00
 0.000000000000000000e+00
 0.000000000000000000e+00
 0.000000000000000000e+00
 0.000000000000000000e+00
 0.000000000000000000e+00
 0.000000000000000000e+00
 0.000000000000000000e+00
 0.000000000000000000e+00
 0.000000000000000000e+00
 0.000000000000000000e+00
 0.000000000000000000e+00
 0.000000000000000000e+00
 0.000000000000000000e+00
 0.000000000000000000e+00
 0.000000000000000000e+00
 0.000000000000000000e+00
 0.000000000000000000e+00
 0.000000000000000000e+00
 0.000000000000000000e+00
 0.000000000000000000e+00
 0.000000000000000000e+00
 0.000000000000000000e+00
 0.000000000000000000e+00
 0.000000000000000000e+00
 0.000000000000000000e+00
 0.000000000000000000e+00
 0.000000000000000000e+00
 0.000000000000000000e+00
 0.000000000000000000e+00
 0.000000000000000000e+00
 0.000000000000000000e+00
 0.000000000000000000e+00
 0.000000000000000000e+00
 0.000000000000000000e+00
 0.000000000000000000e+00
 0.000000000000000000e+00
 0.000000000000000000e+00
 0.000000000000000000e+00
 0.000000000000000000e+00
 0.000000000000000000e+00
 0.000000000000000000e+00
 0.000000000000000000e+00
 0.000000000000000000e+00
 0.000000000000000000e+00
 0.000000000000000000e+00
 0.000000000000000000e+00
 0.000000000000000000e+00
 0.000000000000000000e+00
 0.000000000000000000e+00
 0.000000000000000000e+00
 0.000000000000000000e+00
 0.000000000000000000e+00
 0.000000000000000000e+00
 0.000000000000000000e+00
 0.000000000000000000e+00
 0.000000000000000000e+00
 0.000000000000000000e+00
 0.000000000000000000e+00
 0.000000000000000000e+00
 0.000000000000000000e+00
 0.000000000000000000e+00
 0.000000000000000000e+00
 0.000000000000000000e+00
 0.000000000000000000e+00
 0.000000000000000000e+00
 0.000000000000000000e+00
 0.000000000000000000e+00
 0.000000000000000000e+00
 0.000000000000000000e+00
 0.000000000000000000e+00
 0.000000000000000000e+00
 0.000000000000000000e+00
 0.000000000000000000e+00
 0.000000000000000000e+00
 0.000000000000000000e+00
 0.000000000000000000e+00
 0.000000000000000000e+00
 0.000000000000000000e+00
 0.000000000000000000e+00
 0.000000000000000000e+00
 0.000000000000000000e+00
 0.000000000000000000e+00
 0.000000000000000000e+00
 0.000000000000000000e+00
 0.000000000000000000e+00
 0.000000000000000000e+00
 0.000000000000000000e+00
 0.000000000000000000e+00
 0.000000000000000000e+00
 0.000000000000000000e+00
 0.000000000000000000e+00
 0.000000000000000000e+00
 0.000000000000000000e+00
 0.000000000000000000e+00
 0.000000000000000000e+00
 0.000000000000000000e+00
 0.000000000000000000e+00
 0.000000000000000000e+00
 0.000000000000000000e+00
 0.000000000000000000e+00
 0.000000000000000000e+00
 0.000000000000000000e+00
 0.000000000000000000e+00
 0.000000000000000000e+00
 0.000000000000000000e+00
 0.000000000000000000e+00
 0.000000000000000000e+00
 0.000000000000000000e+00
 0.000000000000000000e+00
 0.000000000000000000e+00
 0.000000000000000000e+00
 0.000000000000000000e+00
 0.000000000000000000e+00
 0.000000000000000000e+00
 0.000000000000000000e+00
 0.000000000000000000e+00
 0.000000000000000000e+00
 0.000000000000000000e+00
 0.000000000000000000e+00
 0.000000000000000000e+00
 0.000000000000000000e+00
 0.000000000000000000e+00
 0.000000000000000000e+00
 0.000000000000000000e+00
 0.000000000000000000e+00
 0.000000000000000000e+00
 0.000000000000000000e+00
 0.000000000000000000e+00
 0.000000000000000000e+00
 0.000000000000000000e+00
 0.000000000000000000e+00
 0.000000000000000000e+00
 0.000000000000000000e+00
 0.000000000000000000e+00
 0.000000000000000000e+00
 0.000000000000000000e+00
 0.000000000000000000e+00
 0.000000000000000000e+00
 0.000000000000000000e+00
 0.000000000000000000e+00
 0.000000000000000000e+00
 0.000000000000000000e+00
 0.000000000000000000e+00
 0.000000000000000000e+00
 0.000000000000000000e+00
 0.000000000000000000e+00
 0.000000000000000000e+00
 0.000000000000000000e+00
 0.000000000000000000e+00
 0.000000000000000000e+00
 0.000000000000000000e+00
 0.000000000000000000e+00
 0.000000000000000000e+00
 0.000000000000000000e+00
 0.000000000000000000e+00
 0.000000000000000000e+00
 0.000000000000000000e+00
 0.000000000000000000e+00
 0.000000000000000000e+00
 0.000000000000000000e+00
 0.000000000000000000e+00
 0.000000000000000000e+00
 0.000000000000000000e+00
 0.000000000000000000e+00
 0.000000000000000000e+00
 0.000000000000000000e+00
 0.000000000000000000e+00
 0.000000000000000000e+00
 0.000000000000000000e+00
 0.000000000000000000e+00
 0.000000000000000000e+00
 0.000000000000000000e+00
 0.000000000000000000e+00
 0.000000000000000000e+00
 0.000000000000000000e+00
 0.000000000000000000e+00
 0.000000000000000000e+00
 0.000000000000000000e+00
 0.000000000000000000e+00
 0.000000000000000000e+00
 0.000000000000000000e+00
 0.000000000000000000e+00
 0.000000000000000000e+00
 0.000000000000000000e+00
 0.000000000000000000e+00
 0.000000000000000000e+00
 0.000000000000000000e+00
 0.000000000000000000e+00
 0.000000000000000000e+00
 0.000000000000000000e+00
 0.000000000000000000e+00
 0.000000000000000000e+00
 0.000000000000000000e+00
 0.000000000000000000e+00
 0.000000000000000000e+00
 0.000000000000000000e+00
 0.000000000000000000e+00
 0.000000000000000000e+00
 0.000000000000000000e+00
 0.000000000000000000e+00
 0.000000000000000000e+00
 0.000000000000000000e+00
 0.000000000000000000e+00
 0.000000000000000000e+00
 0.000000000000000000e+00
 0.000000000000000000e+00
 0.000000000000000000e+00
 0.000000000000000000e+00
 0.000000000000000000e+00
 0.000000000000000000e+00
 0.000000000000000000e+00
 0.000000000000000000e+00
 0.000000000000000000e+00
 0.000000000000000000e+00
 0.000000000000000000e+00
 0.000000000000000000e+00
 0.000000000000000000e+00
 0.000000000000000000e+00
 0.000000000000000000e+00
 0.000000000000000000e+00
 0.000000000000000000e+00
 0.000000000000000000e+00
 0.000000000000000000e+00
 0.000000000000000000e+00
 0.000000000000000000e+00
 0.000000000000000000e+00
 0.000000000000000000e+00
 0.000000000000000000e+00
 0.000000000000000000e+00
 0.000000000000000000e+00
 0.000000000000000000e+00
 0.000000000000000000e+00
 0.000000000000000000e+00
 0.000000000000000000e+00
 0.000000000000000000e+00
 0.000000000000000000e+00
 0.000000000000000000e+00
 0.000000000000000000e+00
 0.000000000000000000e+00
 0.000000000000000000e+00
 0.000000000000000000e+00
 0.000000000000000000e+00
 0.000000000000000000e+00
 0.000000000000000000e+00
 0.000000000000000000e+00
 0.000000000000000000e+00
 0.000000000000000000e+00
 0.000000000000000000e+00
 0.000000000000000000e+00
 0.000000000000000000e+00
 0.000000000000000000e+00
 0.000000000000000000e+00
 0.000000000000000000e+00
 0.000000000000000000e+00
 0.000000000000000000e+00
 0.000000000000000000e+00
 0.000000000000000000e+00
 0.000000000000000000e+00
 0.000000000000000000e+00
 0.000000000000000000e+00
 0.000000000000000000e+00
 0.000000000000000000e+00
 0.000000000000000000e+00
 0.000000000000000000e+00
 0.000000000000000000e+00
 0.000000000000000000e+00
 0.000000000000000000e+00
 0.000000000000000000e+00
 0.000000000000000000e+00
 0.000000000000000000e+00
 0.000000000000000000e+00
 0.000000000000000000e+00
 0.000000000000000000e+00
 0.000000000000000000e+00
 0.000000000000000000e+00
 0.000000000000000000e+00
 0.000000000000000000e+00
 0.000000000000000000e+00
 0.000000000000000000e+00
 0.000000000000000000e+00
 0.000000000000000000e+00
 0.000000000000000000e+00
 0.000000000000000000e+00
 0.000000000000000000e+00
 0.000000000000000000e+00
 0.000000000000000000e+00
 0.000000000000000000e+00
 0.000000000000000000e+00
 0.000000000000000000e+00
 0.000000000000000000e+00
 0.000000000000000000e+00
 0.000000000000000000e+00
 0.000000000000000000e+00
 0.000000000000000000e+00
 0.000000000000000000e+00
 0.000000000000000000e+00
 0.000000000000000000e+00
 0.000000000000000000e+00
 0.000000000000000000e+00
 0.000000000000000000e+00
 0.000000000000000000e+00
 0.000000000000000000e+00
 0.000000000000000000e+00
 0.000000000000000000e+00
 0.000000000000000000e+00
 0.000000000000000000e+00
 0.000000000000000000e+00
 0.000000000000000000e+00
 0.000000000000000000e+00
 0.000000000000000000e+00
 0.000000000000000000e+00
 0.000000000000000000e+00
 0.000000000000000000e+00
 0.000000000000000000e+00
 0.000000000000000000e+00
 0.000000000000000000e+00
 0.000000000000000000e+00
 0.000000000000000000e+00
 0.000000000000000000e+00
 0.000000000000000000e+00
 0.000000000000000000e+00
 0.000000000000000000e+00
 0.000000000000000000e+00
 0.000000000000000000e+00
 0.000000000000000000e+00
 0.000000000000000000e+00
 0.000000000000000000e+00
 0.000000000000000000e+00
 0.000000000000000000e+00
 0.000000000000000000e+00
 0.000000000000000000e+00
 0.000000000000000000e+00
 0.000000000000000000e+00
 0.000000000000000000e+00
 0.000000000000000000e+00
 0.000000000000000000e+00
 0.000000000000000000e+00
 0.000000000000000000e+00
 0.000000000000000000e+00
 0.000000000000000000e+00
 0.000000000000000000e+00
 0.000000000000000000e+00
 0.000000000000000000e+00
 0.000000000000000000e+00
 0.000000000000000000e+00
 0.000000000000000000e+00
 0.000000000000000000e+00
 0.000000000000000000e+00
 0.000000000000000000e+00
 0.000000000000000000e+00
 0.000000000000000000e+00
 0.000000000000000000e+00
 0.000000000000000000e+00
 0.000000000000000000e+00
 0.000000000000000000e+00
 0.000000000000000000e+00
 0.000000000000000000e+00
 0.000000000000000000e+00
 0.000000000000000000e+00
 0.000000000000000000e+00
 0.000000000000000000e+00
 0.000000000000000000e+00
 0.000000000000000000e+00
 0.000000000000000000e+00
 0.000000000000000000e+00
 0.000000000000000000e+00
 0.000000000000000000e+00
 0.000000000000000000e+00
 0.000000000000000000e+00
 0.000000000000000000e+00
 0.000000000000000000e+00
 0.000000000000000000e+00
 0.000000000000000000e+00
 0.000000000000000000e+00
 0.000000000000000000e+00
 0.000000000000000000e+00
 0.000000000000000000e+00
 0.000000000000000000e+00
 0.000000000000000000e+00
 0.000000000000000000e+00
 0.000000000000000000e+00
 0.000000000000000000e+00
 0.000000000000000000e+00
 0.000000000000000000e+00
 0.000000000000000000e+00
 0.000000000000000000e+00
 0.000000000000000000e+00
 0.000000000000000000e+00
 0.000000000000000000e+00
 0.000000000000000000e+00
 0.000000000000000000e+00
 0.000000000000000000e+00
 0.000000000000000000e+00
 0.000000000000000000e+00
 0.000000000000000000e+00
 0.000000000000000000e+00
 0.000000000000000000e+00
 0.000000000000000000e+00
 0.000000000000000000e+00
 0.000000000000000000e+00
 0.000000000000000000e+00
 0.000000000000000000e+00
 0.000000000000000000e+00
 0.000000000000000000e+00
 0.000000000000000000e+00
 0.000000000000000000e+00
 0.000000000000000000e+00
 0.000000000000000000e+00
 0.000000000000000000e+00
 0.000000000000000000e+00
 0.000000000000000000e+00
 0.000000000000000000e+00
 0.000000000000000000e+00
 0.000000000000000000e+00
 0.000000000000000000e+00
 0.000000000000000000e+00
 0.000000000000000000e+00
 0.000000000000000000e+00
 0.000000000000000000e+00
 0.000000000000000000e+00
 0.000000000000000000e+00
 0.000000000000000000e+00
 0.000000000000000000e+00
 0.000000000000000000e+00
 0.000000000000000000e+00
 0.000000000000000000e+00
 0.000000000000000000e+00
 0.000000000000000000e+00
 0.000000000000000000e+00
 0.000000000000000000e+00
 0.000000000000000000e+00
 0.000000000000000000e+00
 0.000000000000000000e+00
 0.000000000000000000e+00
 0.000000000000000000e+00
 0.000000000000000000e+00
 0.000000000000000000e+00
 0.000000000000000000e+00
 0.000000000000000000e+00
 0.000000000000000000e+00
 0.000000000000000000e+00
 0.000000000000000000e+00
 0.000000000000000000e+00
 0.000000000000000000e+00
 0.000000000000000000e+00
 0.000000000000000000e+00
 0.000000000000000000e+00
 0.000000000000000000e+00
 0.000000000000000000e+00
 0.000000000000000000e+00
 0.000000000000000000e+00
 0.000000000000000000e+00
 0.000000000000000000e+00
 0.000000000000000000e+00
 0.000000000000000000e+00
 0.000000000000000000e+00
 0.000000000000000000e+00
 0.000000000000000000e+00
 0.000000000000000000e+00
 0.000000000000000000e+00
 0.000000000000000000e+00
 0.000000000000000000e+00
 0.000000000000000000e+00
 0.000000000000000000e+00
 0.000000000000000000e+00
 0.000000000000000000e+00
 0.000000000000000000e+00
 0.000000000000000000e+00
 0.000000000000000000e+00
 0.000000000000000000e+00
 0.000000000000000000e+00
 0.000000000000000000e+00
 0.000000000000000000e+00
 0.000000000000000000e+00
 0.000000000000000000e+00
 0.000000000000000000e+00
 0.000000000000000000e+00
 0.000000000000000000e+00
 0.000000000000000000e+00
 0.000000000000000000e+00
 0.000000000000000000e+00
 0.000000000000000000e+00
 0.000000000000000000e+00
 </DataArray>
 <DataArray Name="massf[3]-N" type="Float32" NumberOfComponents="1" format="ascii">
 0.000000000000000000e+00
 0.000000000000000000e+00
 0.000000000000000000e+00
 0.000000000000000000e+00
 0.000000000000000000e+00
 0.000000000000000000e+00
 0.000000000000000000e+00
 0.000000000000000000e+00
 0.000000000000000000e+00
 0.000000000000000000e+00
 0.000000000000000000e+00
 0.000000000000000000e+00
 0.000000000000000000e+00
 0.000000000000000000e+00
 0.000000000000000000e+00
 0.000000000000000000e+00
 0.000000000000000000e+00
 0.000000000000000000e+00
 0.000000000000000000e+00
 0.000000000000000000e+00
 0.000000000000000000e+00
 0.000000000000000000e+00
 0.000000000000000000e+00
 0.000000000000000000e+00
 0.000000000000000000e+00
 0.000000000000000000e+00
 0.000000000000000000e+00
 0.000000000000000000e+00
 0.000000000000000000e+00
 0.000000000000000000e+00
 0.000000000000000000e+00
 0.000000000000000000e+00
 0.000000000000000000e+00
 0.000000000000000000e+00
 0.000000000000000000e+00
 0.000000000000000000e+00
 0.000000000000000000e+00
 0.000000000000000000e+00
 0.000000000000000000e+00
 0.000000000000000000e+00
 0.000000000000000000e+00
 0.000000000000000000e+00
 0.000000000000000000e+00
 0.000000000000000000e+00
 0.000000000000000000e+00
 0.000000000000000000e+00
 0.000000000000000000e+00
 0.000000000000000000e+00
 0.000000000000000000e+00
 0.000000000000000000e+00
 0.000000000000000000e+00
 0.000000000000000000e+00
 0.000000000000000000e+00
 0.000000000000000000e+00
 0.000000000000000000e+00
 0.000000000000000000e+00
 0.000000000000000000e+00
 0.000000000000000000e+00
 0.000000000000000000e+00
 0.000000000000000000e+00
 0.000000000000000000e+00
 0.000000000000000000e+00
 0.000000000000000000e+00
 0.000000000000000000e+00
 0.000000000000000000e+00
 0.000000000000000000e+00
 0.000000000000000000e+00
 0.000000000000000000e+00
 0.000000000000000000e+00
 0.000000000000000000e+00
 0.000000000000000000e+00
 0.000000000000000000e+00
 0.000000000000000000e+00
 0.000000000000000000e+00
 0.000000000000000000e+00
 0.000000000000000000e+00
 0.000000000000000000e+00
 0.000000000000000000e+00
 0.000000000000000000e+00
 0.000000000000000000e+00
 0.000000000000000000e+00
 0.000000000000000000e+00
 0.000000000000000000e+00
 0.000000000000000000e+00
 0.000000000000000000e+00
 0.000000000000000000e+00
 0.000000000000000000e+00
 0.000000000000000000e+00
 0.000000000000000000e+00
 0.000000000000000000e+00
 0.000000000000000000e+00
 0.000000000000000000e+00
 0.000000000000000000e+00
 0.000000000000000000e+00
 0.000000000000000000e+00
 0.000000000000000000e+00
 0.000000000000000000e+00
 0.000000000000000000e+00
 0.000000000000000000e+00
 0.000000000000000000e+00
 0.000000000000000000e+00
 0.000000000000000000e+00
 0.000000000000000000e+00
 0.000000000000000000e+00
 0.000000000000000000e+00
 0.000000000000000000e+00
 0.000000000000000000e+00
 0.000000000000000000e+00
 0.000000000000000000e+00
 0.000000000000000000e+00
 0.000000000000000000e+00
 0.000000000000000000e+00
 0.000000000000000000e+00
 0.000000000000000000e+00
 0.000000000000000000e+00
 0.000000000000000000e+00
 0.000000000000000000e+00
 0.000000000000000000e+00
 0.000000000000000000e+00
 0.000000000000000000e+00
 0.000000000000000000e+00
 0.000000000000000000e+00
 0.000000000000000000e+00
 0.000000000000000000e+00
 0.000000000000000000e+00
 0.000000000000000000e+00
 0.000000000000000000e+00
 0.000000000000000000e+00
 0.000000000000000000e+00
 0.000000000000000000e+00
 0.000000000000000000e+00
 0.000000000000000000e+00
 0.000000000000000000e+00
 0.000000000000000000e+00
 0.000000000000000000e+00
 0.000000000000000000e+00
 0.000000000000000000e+00
 0.000000000000000000e+00
 0.000000000000000000e+00
 0.000000000000000000e+00
 0.000000000000000000e+00
 0.000000000000000000e+00
 0.000000000000000000e+00
 0.000000000000000000e+00
 0.000000000000000000e+00
 0.000000000000000000e+00
 0.000000000000000000e+00
 0.000000000000000000e+00
 0.000000000000000000e+00
 0.000000000000000000e+00
 0.000000000000000000e+00
 0.000000000000000000e+00
 0.000000000000000000e+00
 0.000000000000000000e+00
 0.000000000000000000e+00
 0.000000000000000000e+00
 0.000000000000000000e+00
 0.000000000000000000e+00
 0.000000000000000000e+00
 0.000000000000000000e+00
 0.000000000000000000e+00
 0.000000000000000000e+00
 0.000000000000000000e+00
 0.000000000000000000e+00
 0.000000000000000000e+00
 0.000000000000000000e+00
 0.000000000000000000e+00
 0.000000000000000000e+00
 0.000000000000000000e+00
 0.000000000000000000e+00
 0.000000000000000000e+00
 0.000000000000000000e+00
 0.000000000000000000e+00
 0.000000000000000000e+00
 0.000000000000000000e+00
 0.000000000000000000e+00
 0.000000000000000000e+00
 0.000000000000000000e+00
 0.000000000000000000e+00
 0.000000000000000000e+00
 0.000000000000000000e+00
 0.000000000000000000e+00
 0.000000000000000000e+00
 0.000000000000000000e+00
 0.000000000000000000e+00
 0.000000000000000000e+00
 0.000000000000000000e+00
 0.000000000000000000e+00
 0.000000000000000000e+00
 0.000000000000000000e+00
 0.000000000000000000e+00
 0.000000000000000000e+00
 0.000000000000000000e+00
 0.000000000000000000e+00
 0.000000000000000000e+00
 0.000000000000000000e+00
 0.000000000000000000e+00
 0.000000000000000000e+00
 0.000000000000000000e+00
 0.000000000000000000e+00
 0.000000000000000000e+00
 0.000000000000000000e+00
 0.000000000000000000e+00
 0.000000000000000000e+00
 0.000000000000000000e+00
 0.000000000000000000e+00
 0.000000000000000000e+00
 0.000000000000000000e+00
 0.000000000000000000e+00
 0.000000000000000000e+00
 0.000000000000000000e+00
 0.000000000000000000e+00
 0.000000000000000000e+00
 0.000000000000000000e+00
 0.000000000000000000e+00
 0.000000000000000000e+00
 0.000000000000000000e+00
 0.000000000000000000e+00
 0.000000000000000000e+00
 0.000000000000000000e+00
 0.000000000000000000e+00
 0.000000000000000000e+00
 0.000000000000000000e+00
 0.000000000000000000e+00
 0.000000000000000000e+00
 0.000000000000000000e+00
 0.000000000000000000e+00
 0.000000000000000000e+00
 0.000000000000000000e+00
 0.000000000000000000e+00
 0.000000000000000000e+00
 0.000000000000000000e+00
 0.000000000000000000e+00
 0.000000000000000000e+00
 0.000000000000000000e+00
 0.000000000000000000e+00
 0.000000000000000000e+00
 0.000000000000000000e+00
 0.000000000000000000e+00
 0.000000000000000000e+00
 0.000000000000000000e+00
 0.000000000000000000e+00
 0.000000000000000000e+00
 0.000000000000000000e+00
 0.000000000000000000e+00
 0.000000000000000000e+00
 0.000000000000000000e+00
 0.000000000000000000e+00
 0.000000000000000000e+00
 0.000000000000000000e+00
 0.000000000000000000e+00
 0.000000000000000000e+00
 0.000000000000000000e+00
 0.000000000000000000e+00
 0.000000000000000000e+00
 0.000000000000000000e+00
 0.000000000000000000e+00
 0.000000000000000000e+00
 0.000000000000000000e+00
 0.000000000000000000e+00
 0.000000000000000000e+00
 0.000000000000000000e+00
 0.000000000000000000e+00
 0.000000000000000000e+00
 0.000000000000000000e+00
 0.000000000000000000e+00
 0.000000000000000000e+00
 0.000000000000000000e+00
 0.000000000000000000e+00
 0.000000000000000000e+00
 0.000000000000000000e+00
 0.000000000000000000e+00
 0.000000000000000000e+00
 0.000000000000000000e+00
 0.000000000000000000e+00
 0.000000000000000000e+00
 0.000000000000000000e+00
 0.000000000000000000e+00
 0.000000000000000000e+00
 0.000000000000000000e+00
 0.000000000000000000e+00
 0.000000000000000000e+00
 0.000000000000000000e+00
 0.000000000000000000e+00
 0.000000000000000000e+00
 0.000000000000000000e+00
 0.000000000000000000e+00
 0.000000000000000000e+00
 0.000000000000000000e+00
 0.000000000000000000e+00
 0.000000000000000000e+00
 0.000000000000000000e+00
 0.000000000000000000e+00
 0.000000000000000000e+00
 0.000000000000000000e+00
 0.000000000000000000e+00
 0.000000000000000000e+00
 0.000000000000000000e+00
 0.000000000000000000e+00
 0.000000000000000000e+00
 0.000000000000000000e+00
 0.000000000000000000e+00
 0.000000000000000000e+00
 0.000000000000000000e+00
 0.000000000000000000e+00
 0.000000000000000000e+00
 0.000000000000000000e+00
 0.000000000000000000e+00
 0.000000000000000000e+00
 0.000000000000000000e+00
 0.000000000000000000e+00
 0.000000000000000000e+00
 0.000000000000000000e+00
 0.000000000000000000e+00
 0.000000000000000000e+00
 0.000000000000000000e+00
 0.000000000000000000e+00
 0.000000000000000000e+00
 0.000000000000000000e+00
 0.000000000000000000e+00
 0.000000000000000000e+00
 0.000000000000000000e+00
 0.000000000000000000e+00
 0.000000000000000000e+00
 0.000000000000000000e+00
 0.000000000000000000e+00
 0.000000000000000000e+00
 0.000000000000000000e+00
 0.000000000000000000e+00
 0.000000000000000000e+00
 0.000000000000000000e+00
 0.000000000000000000e+00
 0.000000000000000000e+00
 0.000000000000000000e+00
 0.000000000000000000e+00
 0.000000000000000000e+00
 0.000000000000000000e+00
 0.000000000000000000e+00
 0.000000000000000000e+00
 0.000000000000000000e+00
 0.000000000000000000e+00
 0.000000000000000000e+00
 0.000000000000000000e+00
 0.000000000000000000e+00
 0.000000000000000000e+00
 0.000000000000000000e+00
 0.000000000000000000e+00
 0.000000000000000000e+00
 0.000000000000000000e+00
 0.000000000000000000e+00
 0.000000000000000000e+00
 0.000000000000000000e+00
 0.000000000000000000e+00
 0.000000000000000000e+00
 0.000000000000000000e+00
 0.000000000000000000e+00
 0.000000000000000000e+00
 0.000000000000000000e+00
 0.000000000000000000e+00
 0.000000000000000000e+00
 0.000000000000000000e+00
 0.000000000000000000e+00
 0.000000000000000000e+00
 0.000000000000000000e+00
 0.000000000000000000e+00
 0.000000000000000000e+00
 0.000000000000000000e+00
 0.000000000000000000e+00
 0.000000000000000000e+00
 0.000000000000000000e+00
 0.000000000000000000e+00
 0.000000000000000000e+00
 0.000000000000000000e+00
 0.000000000000000000e+00
 0.000000000000000000e+00
 0.000000000000000000e+00
 0.000000000000000000e+00
 0.000000000000000000e+00
 0.000000000000000000e+00
 0.000000000000000000e+00
 0.000000000000000000e+00
 0.000000000000000000e+00
 0.000000000000000000e+00
 0.000000000000000000e+00
 0.000000000000000000e+00
 0.000000000000000000e+00
 0.000000000000000000e+00
 0.000000000000000000e+00
 0.000000000000000000e+00
 0.000000000000000000e+00
 0.000000000000000000e+00
 0.000000000000000000e+00
 0.000000000000000000e+00
 0.000000000000000000e+00
 0.000000000000000000e+00
 0.000000000000000000e+00
 0.000000000000000000e+00
 0.000000000000000000e+00
 0.000000000000000000e+00
 0.000000000000000000e+00
 0.000000000000000000e+00
 0.000000000000000000e+00
 0.000000000000000000e+00
 0.000000000000000000e+00
 0.000000000000000000e+00
 0.000000000000000000e+00
 0.000000000000000000e+00
 0.000000000000000000e+00
 0.000000000000000000e+00
 0.000000000000000000e+00
 0.000000000000000000e+00
 0.000000000000000000e+00
 0.000000000000000000e+00
 0.000000000000000000e+00
 0.000000000000000000e+00
 0.000000000000000000e+00
 0.000000000000000000e+00
 0.000000000000000000e+00
 0.000000000000000000e+00
 0.000000000000000000e+00
 0.000000000000000000e+00
 0.000000000000000000e+00
 0.000000000000000000e+00
 0.000000000000000000e+00
 0.000000000000000000e+00
 0.000000000000000000e+00
 0.000000000000000000e+00
 0.000000000000000000e+00
 0.000000000000000000e+00
 0.000000000000000000e+00
 0.000000000000000000e+00
 0.000000000000000000e+00
 0.000000000000000000e+00
 0.000000000000000000e+00
 0.000000000000000000e+00
 0.000000000000000000e+00
 0.000000000000000000e+00
 0.000000000000000000e+00
 0.000000000000000000e+00
 0.000000000000000000e+00
 0.000000000000000000e+00
 0.000000000000000000e+00
 0.000000000000000000e+00
 0.000000000000000000e+00
 0.000000000000000000e+00
 0.000000000000000000e+00
 0.000000000000000000e+00
 0.000000000000000000e+00
 0.000000000000000000e+00
 0.000000000000000000e+00
 0.000000000000000000e+00
 0.000000000000000000e+00
 0.000000000000000000e+00
 0.000000000000000000e+00
 0.000000000000000000e+00
 0.000000000000000000e+00
 0.000000000000000000e+00
 0.000000000000000000e+00
 0.000000000000000000e+00
 0.000000000000000000e+00
 0.000000000000000000e+00
 0.000000000000000000e+00
 0.000000000000000000e+00
 0.000000000000000000e+00
 0.000000000000000000e+00
 0.000000000000000000e+00
 0.000000000000000000e+00
 0.000000000000000000e+00
 0.000000000000000000e+00
 0.000000000000000000e+00
 0.000000000000000000e+00
 0.000000000000000000e+00
 0.000000000000000000e+00
 0.000000000000000000e+00
 0.000000000000000000e+00
 0.000000000000000000e+00
 0.000000000000000000e+00
 0.000000000000000000e+00
 0.000000000000000000e+00
 0.000000000000000000e+00
 0.000000000000000000e+00
 0.000000000000000000e+00
 0.000000000000000000e+00
 0.000000000000000000e+00
 0.000000000000000000e+00
 0.000000000000000000e+00
 0.000000000000000000e+00
 0.000000000000000000e+00
 0.000000000000000000e+00
 0.000000000000000000e+00
 0.000000000000000000e+00
 0.000000000000000000e+00
 0.000000000000000000e+00
 0.000000000000000000e+00
 0.000000000000000000e+00
 0.000000000000000000e+00
 0.000000000000000000e+00
 0.000000000000000000e+00
 0.000000000000000000e+00
 0.000000000000000000e+00
 </DataArray>
 <DataArray Name="massf[4]-O" type="Float32" NumberOfComponents="1" format="ascii">
 0.000000000000000000e+00
 0.000000000000000000e+00
 0.000000000000000000e+00
 0.000000000000000000e+00
 0.000000000000000000e+00
 0.000000000000000000e+00
 0.000000000000000000e+00
 0.000000000000000000e+00
 0.000000000000000000e+00
 0.000000000000000000e+00
 0.000000000000000000e+00
 0.000000000000000000e+00
 0.000000000000000000e+00
 0.000000000000000000e+00
 0.000000000000000000e+00
 0.000000000000000000e+00
 0.000000000000000000e+00
 0.000000000000000000e+00
 0.000000000000000000e+00
 0.000000000000000000e+00
 0.000000000000000000e+00
 0.000000000000000000e+00
 0.000000000000000000e+00
 0.000000000000000000e+00
 0.000000000000000000e+00
 0.000000000000000000e+00
 0.000000000000000000e+00
 0.000000000000000000e+00
 0.000000000000000000e+00
 0.000000000000000000e+00
 0.000000000000000000e+00
 0.000000000000000000e+00
 0.000000000000000000e+00
 0.000000000000000000e+00
 0.000000000000000000e+00
 0.000000000000000000e+00
 0.000000000000000000e+00
 0.000000000000000000e+00
 0.000000000000000000e+00
 0.000000000000000000e+00
 0.000000000000000000e+00
 0.000000000000000000e+00
 0.000000000000000000e+00
 0.000000000000000000e+00
 0.000000000000000000e+00
 0.000000000000000000e+00
 0.000000000000000000e+00
 0.000000000000000000e+00
 0.000000000000000000e+00
 0.000000000000000000e+00
 0.000000000000000000e+00
 0.000000000000000000e+00
 0.000000000000000000e+00
 0.000000000000000000e+00
 0.000000000000000000e+00
 0.000000000000000000e+00
 0.000000000000000000e+00
 0.000000000000000000e+00
 0.000000000000000000e+00
 0.000000000000000000e+00
 0.000000000000000000e+00
 0.000000000000000000e+00
 0.000000000000000000e+00
 0.000000000000000000e+00
 0.000000000000000000e+00
 0.000000000000000000e+00
 0.000000000000000000e+00
 0.000000000000000000e+00
 0.000000000000000000e+00
 0.000000000000000000e+00
 0.000000000000000000e+00
 0.000000000000000000e+00
 0.000000000000000000e+00
 0.000000000000000000e+00
 0.000000000000000000e+00
 0.000000000000000000e+00
 0.000000000000000000e+00
 0.000000000000000000e+00
 0.000000000000000000e+00
 0.000000000000000000e+00
 0.000000000000000000e+00
 0.000000000000000000e+00
 0.000000000000000000e+00
 0.000000000000000000e+00
 0.000000000000000000e+00
 0.000000000000000000e+00
 0.000000000000000000e+00
 0.000000000000000000e+00
 0.000000000000000000e+00
 0.000000000000000000e+00
 0.000000000000000000e+00
 0.000000000000000000e+00
 0.000000000000000000e+00
 0.000000000000000000e+00
 0.000000000000000000e+00
 0.000000000000000000e+00
 0.000000000000000000e+00
 0.000000000000000000e+00
 0.000000000000000000e+00
 0.000000000000000000e+00
 0.000000000000000000e+00
 0.000000000000000000e+00
 0.000000000000000000e+00
 0.000000000000000000e+00
 0.000000000000000000e+00
 0.000000000000000000e+00
 0.000000000000000000e+00
 0.000000000000000000e+00
 0.000000000000000000e+00
 0.000000000000000000e+00
 0.000000000000000000e+00
 0.000000000000000000e+00
 0.000000000000000000e+00
 0.000000000000000000e+00
 0.000000000000000000e+00
 0.000000000000000000e+00
 0.000000000000000000e+00
 0.000000000000000000e+00
 0.000000000000000000e+00
 0.000000000000000000e+00
 0.000000000000000000e+00
 0.000000000000000000e+00
 0.000000000000000000e+00
 0.000000000000000000e+00
 0.000000000000000000e+00
 0.000000000000000000e+00
 0.000000000000000000e+00
 0.000000000000000000e+00
 0.000000000000000000e+00
 0.000000000000000000e+00
 0.000000000000000000e+00
 0.000000000000000000e+00
 0.000000000000000000e+00
 0.000000000000000000e+00
 0.000000000000000000e+00
 0.000000000000000000e+00
 0.000000000000000000e+00
 0.000000000000000000e+00
 0.000000000000000000e+00
 0.000000000000000000e+00
 0.000000000000000000e+00
 0.000000000000000000e+00
 0.000000000000000000e+00
 0.000000000000000000e+00
 0.000000000000000000e+00
 0.000000000000000000e+00
 0.000000000000000000e+00
 0.000000000000000000e+00
 0.000000000000000000e+00
 0.000000000000000000e+00
 0.000000000000000000e+00
 0.000000000000000000e+00
 0.000000000000000000e+00
 0.000000000000000000e+00
 0.000000000000000000e+00
 0.000000000000000000e+00
 0.000000000000000000e+00
 0.000000000000000000e+00
 0.000000000000000000e+00
 0.000000000000000000e+00
 0.000000000000000000e+00
 0.000000000000000000e+00
 0.000000000000000000e+00
 0.000000000000000000e+00
 0.000000000000000000e+00
 0.000000000000000000e+00
 0.000000000000000000e+00
 0.000000000000000000e+00
 0.000000000000000000e+00
 0.000000000000000000e+00
 0.000000000000000000e+00
 0.000000000000000000e+00
 0.000000000000000000e+00
 0.000000000000000000e+00
 0.000000000000000000e+00
 0.000000000000000000e+00
 0.000000000000000000e+00
 0.000000000000000000e+00
 0.000000000000000000e+00
 0.000000000000000000e+00
 0.000000000000000000e+00
 0.000000000000000000e+00
 0.000000000000000000e+00
 0.000000000000000000e+00
 0.000000000000000000e+00
 0.000000000000000000e+00
 0.000000000000000000e+00
 0.000000000000000000e+00
 0.000000000000000000e+00
 0.000000000000000000e+00
 0.000000000000000000e+00
 0.000000000000000000e+00
 0.000000000000000000e+00
 0.000000000000000000e+00
 0.000000000000000000e+00
 0.000000000000000000e+00
 0.000000000000000000e+00
 0.000000000000000000e+00
 0.000000000000000000e+00
 0.000000000000000000e+00
 0.000000000000000000e+00
 0.000000000000000000e+00
 0.000000000000000000e+00
 0.000000000000000000e+00
 0.000000000000000000e+00
 0.000000000000000000e+00
 0.000000000000000000e+00
 0.000000000000000000e+00
 0.000000000000000000e+00
 0.000000000000000000e+00
 0.000000000000000000e+00
 0.000000000000000000e+00
 0.000000000000000000e+00
 0.000000000000000000e+00
 0.000000000000000000e+00
 0.000000000000000000e+00
 0.000000000000000000e+00
 0.000000000000000000e+00
 0.000000000000000000e+00
 0.000000000000000000e+00
 0.000000000000000000e+00
 0.000000000000000000e+00
 0.000000000000000000e+00
 0.000000000000000000e+00
 0.000000000000000000e+00
 0.000000000000000000e+00
 0.000000000000000000e+00
 0.000000000000000000e+00
 0.000000000000000000e+00
 0.000000000000000000e+00
 0.000000000000000000e+00
 0.000000000000000000e+00
 0.000000000000000000e+00
 0.000000000000000000e+00
 0.000000000000000000e+00
 0.000000000000000000e+00
 0.000000000000000000e+00
 0.000000000000000000e+00
 0.000000000000000000e+00
 0.000000000000000000e+00
 0.000000000000000000e+00
 0.000000000000000000e+00
 0.000000000000000000e+00
 0.000000000000000000e+00
 0.000000000000000000e+00
 0.000000000000000000e+00
 0.000000000000000000e+00
 0.000000000000000000e+00
 0.000000000000000000e+00
 0.000000000000000000e+00
 0.000000000000000000e+00
 0.000000000000000000e+00
 0.000000000000000000e+00
 0.000000000000000000e+00
 0.000000000000000000e+00
 0.000000000000000000e+00
 0.000000000000000000e+00
 0.000000000000000000e+00
 0.000000000000000000e+00
 0.000000000000000000e+00
 0.000000000000000000e+00
 0.000000000000000000e+00
 0.000000000000000000e+00
 0.000000000000000000e+00
 0.000000000000000000e+00
 0.000000000000000000e+00
 0.000000000000000000e+00
 0.000000000000000000e+00
 0.000000000000000000e+00
 0.000000000000000000e+00
 0.000000000000000000e+00
 0.000000000000000000e+00
 0.000000000000000000e+00
 0.000000000000000000e+00
 0.000000000000000000e+00
 0.000000000000000000e+00
 0.000000000000000000e+00
 0.000000000000000000e+00
 0.000000000000000000e+00
 0.000000000000000000e+00
 0.000000000000000000e+00
 0.000000000000000000e+00
 0.000000000000000000e+00
 0.000000000000000000e+00
 0.000000000000000000e+00
 0.000000000000000000e+00
 0.000000000000000000e+00
 0.000000000000000000e+00
 0.000000000000000000e+00
 0.000000000000000000e+00
 0.000000000000000000e+00
 0.000000000000000000e+00
 0.000000000000000000e+00
 0.000000000000000000e+00
 0.000000000000000000e+00
 0.000000000000000000e+00
 0.000000000000000000e+00
 0.000000000000000000e+00
 0.000000000000000000e+00
 0.000000000000000000e+00
 0.000000000000000000e+00
 0.000000000000000000e+00
 0.000000000000000000e+00
 0.000000000000000000e+00
 0.000000000000000000e+00
 0.000000000000000000e+00
 0.000000000000000000e+00
 0.000000000000000000e+00
 0.000000000000000000e+00
 0.000000000000000000e+00
 0.000000000000000000e+00
 0.000000000000000000e+00
 0.000000000000000000e+00
 0.000000000000000000e+00
 0.000000000000000000e+00
 0.000000000000000000e+00
 0.000000000000000000e+00
 0.000000000000000000e+00
 0.000000000000000000e+00
 0.000000000000000000e+00
 0.000000000000000000e+00
 0.000000000000000000e+00
 0.000000000000000000e+00
 0.000000000000000000e+00
 0.000000000000000000e+00
 0.000000000000000000e+00
 0.000000000000000000e+00
 0.000000000000000000e+00
 0.000000000000000000e+00
 0.000000000000000000e+00
 0.000000000000000000e+00
 0.000000000000000000e+00
 0.000000000000000000e+00
 0.000000000000000000e+00
 0.000000000000000000e+00
 0.000000000000000000e+00
 0.000000000000000000e+00
 0.000000000000000000e+00
 0.000000000000000000e+00
 0.000000000000000000e+00
 0.000000000000000000e+00
 0.000000000000000000e+00
 0.000000000000000000e+00
 0.000000000000000000e+00
 0.000000000000000000e+00
 0.000000000000000000e+00
 0.000000000000000000e+00
 0.000000000000000000e+00
 0.000000000000000000e+00
 0.000000000000000000e+00
 0.000000000000000000e+00
 0.000000000000000000e+00
 0.000000000000000000e+00
 0.000000000000000000e+00
 0.000000000000000000e+00
 0.000000000000000000e+00
 0.000000000000000000e+00
 0.000000000000000000e+00
 0.000000000000000000e+00
 0.000000000000000000e+00
 0.000000000000000000e+00
 0.000000000000000000e+00
 0.000000000000000000e+00
 0.000000000000000000e+00
 0.000000000000000000e+00
 0.000000000000000000e+00
 0.000000000000000000e+00
 0.000000000000000000e+00
 0.000000000000000000e+00
 0.000000000000000000e+00
 0.000000000000000000e+00
 0.000000000000000000e+00
 0.000000000000000000e+00
 0.000000000000000000e+00
 0.000000000000000000e+00
 0.000000000000000000e+00
 0.000000000000000000e+00
 0.000000000000000000e+00
 0.000000000000000000e+00
 0.000000000000000000e+00
 0.000000000000000000e+00
 0.000000000000000000e+00
 0.000000000000000000e+00
 0.000000000000000000e+00
 0.000000000000000000e+00
 0.000000000000000000e+00
 0.000000000000000000e+00
 0.000000000000000000e+00
 0.000000000000000000e+00
 0.000000000000000000e+00
 0.000000000000000000e+00
 0.000000000000000000e+00
 0.000000000000000000e+00
 0.000000000000000000e+00
 0.000000000000000000e+00
 0.000000000000000000e+00
 0.000000000000000000e+00
 0.000000000000000000e+00
 0.000000000000000000e+00
 0.000000000000000000e+00
 0.000000000000000000e+00
 0.000000000000000000e+00
 0.000000000000000000e+00
 0.000000000000000000e+00
 0.000000000000000000e+00
 0.000000000000000000e+00
 0.000000000000000000e+00
 0.000000000000000000e+00
 0.000000000000000000e+00
 0.000000000000000000e+00
 0.000000000000000000e+00
 0.000000000000000000e+00
 0.000000000000000000e+00
 0.000000000000000000e+00
 0.000000000000000000e+00
 0.000000000000000000e+00
 0.000000000000000000e+00
 0.000000000000000000e+00
 0.000000000000000000e+00
 0.000000000000000000e+00
 0.000000000000000000e+00
 0.000000000000000000e+00
 0.000000000000000000e+00
 0.000000000000000000e+00
 0.000000000000000000e+00
 0.000000000000000000e+00
 0.000000000000000000e+00
 0.000000000000000000e+00
 0.000000000000000000e+00
 0.000000000000000000e+00
 0.000000000000000000e+00
 0.000000000000000000e+00
 0.000000000000000000e+00
 0.000000000000000000e+00
 0.000000000000000000e+00
 0.000000000000000000e+00
 0.000000000000000000e+00
 0.000000000000000000e+00
 0.000000000000000000e+00
 0.000000000000000000e+00
 0.000000000000000000e+00
 0.000000000000000000e+00
 0.000000000000000000e+00
 0.000000000000000000e+00
 0.000000000000000000e+00
 0.000000000000000000e+00
 0.000000000000000000e+00
 0.000000000000000000e+00
 0.000000000000000000e+00
 0.000000000000000000e+00
 0.000000000000000000e+00
 0.000000000000000000e+00
 0.000000000000000000e+00
 0.000000000000000000e+00
 0.000000000000000000e+00
 0.000000000000000000e+00
 0.000000000000000000e+00
 0.000000000000000000e+00
 0.000000000000000000e+00
 0.000000000000000000e+00
 0.000000000000000000e+00
 0.000000000000000000e+00
 0.000000000000000000e+00
 0.000000000000000000e+00
 0.000000000000000000e+00
 0.000000000000000000e+00
 0.000000000000000000e+00
 0.000000000000000000e+00
 0.000000000000000000e+00
 0.000000000000000000e+00
 0.000000000000000000e+00
 0.000000000000000000e+00
 0.000000000000000000e+00
 0.000000000000000000e+00
 0.000000000000000000e+00
 0.000000000000000000e+00
 0.000000000000000000e+00
 0.000000000000000000e+00
 0.000000000000000000e+00
 0.000000000000000000e+00
 0.000000000000000000e+00
 0.000000000000000000e+00
 0.000000000000000000e+00
 0.000000000000000000e+00
 0.000000000000000000e+00
 0.000000000000000000e+00
 0.000000000000000000e+00
 0.000000000000000000e+00
 0.000000000000000000e+00
 0.000000000000000000e+00
 0.000000000000000000e+00
 0.000000000000000000e+00
 0.000000000000000000e+00
 0.000000000000000000e+00
 0.000000000000000000e+00
 0.000000000000000000e+00
 0.000000000000000000e+00
 0.000000000000000000e+00
 0.000000000000000000e+00
 0.000000000000000000e+00
 </DataArray>
 <DataArray Name="massf[5]-NO" type="Float32" NumberOfComponents="1" format="ascii">
 0.000000000000000000e+00
 0.000000000000000000e+00
 0.000000000000000000e+00
 0.000000000000000000e+00
 0.000000000000000000e+00
 0.000000000000000000e+00
 0.000000000000000000e+00
 0.000000000000000000e+00
 0.000000000000000000e+00
 0.000000000000000000e+00
 0.000000000000000000e+00
 0.000000000000000000e+00
 0.000000000000000000e+00
 0.000000000000000000e+00
 0.000000000000000000e+00
 0.000000000000000000e+00
 0.000000000000000000e+00
 0.000000000000000000e+00
 0.000000000000000000e+00
 0.000000000000000000e+00
 0.000000000000000000e+00
 0.000000000000000000e+00
 0.000000000000000000e+00
 0.000000000000000000e+00
 0.000000000000000000e+00
 0.000000000000000000e+00
 0.000000000000000000e+00
 0.000000000000000000e+00
 0.000000000000000000e+00
 0.000000000000000000e+00
 0.000000000000000000e+00
 0.000000000000000000e+00
 0.000000000000000000e+00
 0.000000000000000000e+00
 0.000000000000000000e+00
 0.000000000000000000e+00
 0.000000000000000000e+00
 0.000000000000000000e+00
 0.000000000000000000e+00
 0.000000000000000000e+00
 0.000000000000000000e+00
 0.000000000000000000e+00
 0.000000000000000000e+00
 0.000000000000000000e+00
 0.000000000000000000e+00
 0.000000000000000000e+00
 0.000000000000000000e+00
 0.000000000000000000e+00
 0.000000000000000000e+00
 0.000000000000000000e+00
 0.000000000000000000e+00
 0.000000000000000000e+00
 0.000000000000000000e+00
 0.000000000000000000e+00
 0.000000000000000000e+00
 0.000000000000000000e+00
 0.000000000000000000e+00
 0.000000000000000000e+00
 0.000000000000000000e+00
 0.000000000000000000e+00
 0.000000000000000000e+00
 0.000000000000000000e+00
 0.000000000000000000e+00
 0.000000000000000000e+00
 0.000000000000000000e+00
 0.000000000000000000e+00
 0.000000000000000000e+00
 0.000000000000000000e+00
 0.000000000000000000e+00
 0.000000000000000000e+00
 0.000000000000000000e+00
 0.000000000000000000e+00
 0.000000000000000000e+00
 0.000000000000000000e+00
 0.000000000000000000e+00
 0.000000000000000000e+00
 0.000000000000000000e+00
 0.000000000000000000e+00
 0.000000000000000000e+00
 0.000000000000000000e+00
 0.000000000000000000e+00
 0.000000000000000000e+00
 0.000000000000000000e+00
 0.000000000000000000e+00
 0.000000000000000000e+00
 0.000000000000000000e+00
 0.000000000000000000e+00
 0.000000000000000000e+00
 0.000000000000000000e+00
 0.000000000000000000e+00
 0.000000000000000000e+00
 0.000000000000000000e+00
 0.000000000000000000e+00
 0.000000000000000000e+00
 0.000000000000000000e+00
 0.000000000000000000e+00
 0.000000000000000000e+00
 0.000000000000000000e+00
 0.000000000000000000e+00
 0.000000000000000000e+00
 0.000000000000000000e+00
 0.000000000000000000e+00
 0.000000000000000000e+00
 0.000000000000000000e+00
 0.000000000000000000e+00
 0.000000000000000000e+00
 0.000000000000000000e+00
 0.000000000000000000e+00
 0.000000000000000000e+00
 0.000000000000000000e+00
 0.000000000000000000e+00
 0.000000000000000000e+00
 0.000000000000000000e+00
 0.000000000000000000e+00
 0.000000000000000000e+00
 0.000000000000000000e+00
 0.000000000000000000e+00
 0.000000000000000000e+00
 0.000000000000000000e+00
 0.000000000000000000e+00
 0.000000000000000000e+00
 0.000000000000000000e+00
 0.000000000000000000e+00
 0.000000000000000000e+00
 0.000000000000000000e+00
 0.000000000000000000e+00
 0.000000000000000000e+00
 0.000000000000000000e+00
 0.000000000000000000e+00
 0.000000000000000000e+00
 0.000000000000000000e+00
 0.000000000000000000e+00
 0.000000000000000000e+00
 0.000000000000000000e+00
 0.000000000000000000e+00
 0.000000000000000000e+00
 0.000000000000000000e+00
 0.000000000000000000e+00
 0.000000000000000000e+00
 0.000000000000000000e+00
 0.000000000000000000e+00
 0.000000000000000000e+00
 0.000000000000000000e+00
 0.000000000000000000e+00
 0.000000000000000000e+00
 0.000000000000000000e+00
 0.000000000000000000e+00
 0.000000000000000000e+00
 0.000000000000000000e+00
 0.000000000000000000e+00
 0.000000000000000000e+00
 0.000000000000000000e+00
 0.000000000000000000e+00
 0.000000000000000000e+00
 0.000000000000000000e+00
 0.000000000000000000e+00
 0.000000000000000000e+00
 0.000000000000000000e+00
 0.000000000000000000e+00
 0.000000000000000000e+00
 0.000000000000000000e+00
 0.000000000000000000e+00
 0.000000000000000000e+00
 0.000000000000000000e+00
 0.000000000000000000e+00
 0.000000000000000000e+00
 0.000000000000000000e+00
 0.000000000000000000e+00
 0.000000000000000000e+00
 0.000000000000000000e+00
 0.000000000000000000e+00
 0.000000000000000000e+00
 0.000000000000000000e+00
 0.000000000000000000e+00
 0.000000000000000000e+00
 0.000000000000000000e+00
 0.000000000000000000e+00
 0.000000000000000000e+00
 0.000000000000000000e+00
 0.000000000000000000e+00
 0.000000000000000000e+00
 0.000000000000000000e+00
 0.000000000000000000e+00
 0.000000000000000000e+00
 0.000000000000000000e+00
 0.000000000000000000e+00
 0.000000000000000000e+00
 0.000000000000000000e+00
 0.000000000000000000e+00
 0.000000000000000000e+00
 0.000000000000000000e+00
 0.000000000000000000e+00
 0.000000000000000000e+00
 0.000000000000000000e+00
 0.000000000000000000e+00
 0.000000000000000000e+00
 0.000000000000000000e+00
 0.000000000000000000e+00
 0.000000000000000000e+00
 0.000000000000000000e+00
 0.000000000000000000e+00
 0.000000000000000000e+00
 0.000000000000000000e+00
 0.000000000000000000e+00
 0.000000000000000000e+00
 0.000000000000000000e+00
 0.000000000000000000e+00
 0.000000000000000000e+00
 0.000000000000000000e+00
 0.000000000000000000e+00
 0.000000000000000000e+00
 0.000000000000000000e+00
 0.000000000000000000e+00
 0.000000000000000000e+00
 0.000000000000000000e+00
 0.000000000000000000e+00
 0.000000000000000000e+00
 0.000000000000000000e+00
 0.000000000000000000e+00
 0.000000000000000000e+00
 0.000000000000000000e+00
 0.000000000000000000e+00
 0.000000000000000000e+00
 0.000000000000000000e+00
 0.000000000000000000e+00
 0.000000000000000000e+00
 0.000000000000000000e+00
 0.000000000000000000e+00
 0.000000000000000000e+00
 0.000000000000000000e+00
 0.000000000000000000e+00
 0.000000000000000000e+00
 0.000000000000000000e+00
 0.000000000000000000e+00
 0.000000000000000000e+00
 0.000000000000000000e+00
 0.000000000000000000e+00
 0.000000000000000000e+00
 0.000000000000000000e+00
 0.000000000000000000e+00
 0.000000000000000000e+00
 0.000000000000000000e+00
 0.000000000000000000e+00
 0.000000000000000000e+00
 0.000000000000000000e+00
 0.000000000000000000e+00
 0.000000000000000000e+00
 0.000000000000000000e+00
 0.000000000000000000e+00
 0.000000000000000000e+00
 0.000000000000000000e+00
 0.000000000000000000e+00
 0.000000000000000000e+00
 0.000000000000000000e+00
 0.000000000000000000e+00
 0.000000000000000000e+00
 0.000000000000000000e+00
 0.000000000000000000e+00
 0.000000000000000000e+00
 0.000000000000000000e+00
 0.000000000000000000e+00
 0.000000000000000000e+00
 0.000000000000000000e+00
 0.000000000000000000e+00
 0.000000000000000000e+00
 0.000000000000000000e+00
 0.000000000000000000e+00
 0.000000000000000000e+00
 0.000000000000000000e+00
 0.000000000000000000e+00
 0.000000000000000000e+00
 0.000000000000000000e+00
 0.000000000000000000e+00
 0.000000000000000000e+00
 0.000000000000000000e+00
 0.000000000000000000e+00
 0.000000000000000000e+00
 0.000000000000000000e+00
 0.000000000000000000e+00
 0.000000000000000000e+00
 0.000000000000000000e+00
 0.000000000000000000e+00
 0.000000000000000000e+00
 0.000000000000000000e+00
 0.000000000000000000e+00
 0.000000000000000000e+00
 0.000000000000000000e+00
 0.000000000000000000e+00
 0.000000000000000000e+00
 0.000000000000000000e+00
 0.000000000000000000e+00
 0.000000000000000000e+00
 0.000000000000000000e+00
 0.000000000000000000e+00
 0.000000000000000000e+00
 0.000000000000000000e+00
 0.000000000000000000e+00
 0.000000000000000000e+00
 0.000000000000000000e+00
 0.000000000000000000e+00
 0.000000000000000000e+00
 0.000000000000000000e+00
 0.000000000000000000e+00
 0.000000000000000000e+00
 0.000000000000000000e+00
 0.000000000000000000e+00
 0.000000000000000000e+00
 0.000000000000000000e+00
 0.000000000000000000e+00
 0.000000000000000000e+00
 0.000000000000000000e+00
 0.000000000000000000e+00
 0.000000000000000000e+00
 0.000000000000000000e+00
 0.000000000000000000e+00
 0.000000000000000000e+00
 0.000000000000000000e+00
 0.000000000000000000e+00
 0.000000000000000000e+00
 0.000000000000000000e+00
 0.000000000000000000e+00
 0.000000000000000000e+00
 0.000000000000000000e+00
 0.000000000000000000e+00
 0.000000000000000000e+00
 0.000000000000000000e+00
 0.000000000000000000e+00
 0.000000000000000000e+00
 0.000000000000000000e+00
 0.000000000000000000e+00
 0.000000000000000000e+00
 0.000000000000000000e+00
 0.000000000000000000e+00
 0.000000000000000000e+00
 0.000000000000000000e+00
 0.000000000000000000e+00
 0.000000000000000000e+00
 0.000000000000000000e+00
 0.000000000000000000e+00
 0.000000000000000000e+00
 0.000000000000000000e+00
 0.000000000000000000e+00
 0.000000000000000000e+00
 0.000000000000000000e+00
 0.000000000000000000e+00
 0.000000000000000000e+00
 0.000000000000000000e+00
 0.000000000000000000e+00
 0.000000000000000000e+00
 0.000000000000000000e+00
 0.000000000000000000e+00
 0.000000000000000000e+00
 0.000000000000000000e+00
 0.000000000000000000e+00
 0.000000000000000000e+00
 0.000000000000000000e+00
 0.000000000000000000e+00
 0.000000000000000000e+00
 0.000000000000000000e+00
 0.000000000000000000e+00
 0.000000000000000000e+00
 0.000000000000000000e+00
 0.000000000000000000e+00
 0.000000000000000000e+00
 0.000000000000000000e+00
 0.000000000000000000e+00
 0.000000000000000000e+00
 0.000000000000000000e+00
 0.000000000000000000e+00
 0.000000000000000000e+00
 0.000000000000000000e+00
 0.000000000000000000e+00
 0.000000000000000000e+00
 0.000000000000000000e+00
 0.000000000000000000e+00
 0.000000000000000000e+00
 0.000000000000000000e+00
 0.000000000000000000e+00
 0.000000000000000000e+00
 0.000000000000000000e+00
 0.000000000000000000e+00
 0.000000000000000000e+00
 0.000000000000000000e+00
 0.000000000000000000e+00
 0.000000000000000000e+00
 0.000000000000000000e+00
 0.000000000000000000e+00
 0.000000000000000000e+00
 0.000000000000000000e+00
 0.000000000000000000e+00
 0.000000000000000000e+00
 0.000000000000000000e+00
 0.000000000000000000e+00
 0.000000000000000000e+00
 0.000000000000000000e+00
 0.000000000000000000e+00
 0.000000000000000000e+00
 0.000000000000000000e+00
 0.000000000000000000e+00
 0.000000000000000000e+00
 0.000000000000000000e+00
 0.000000000000000000e+00
 0.000000000000000000e+00
 0.000000000000000000e+00
 0.000000000000000000e+00
 0.000000000000000000e+00
 0.000000000000000000e+00
 0.000000000000000000e+00
 0.000000000000000000e+00
 0.000000000000000000e+00
 0.000000000000000000e+00
 0.000000000000000000e+00
 0.000000000000000000e+00
 0.000000000000000000e+00
 0.000000000000000000e+00
 0.000000000000000000e+00
 0.000000000000000000e+00
 0.000000000000000000e+00
 0.000000000000000000e+00
 0.000000000000000000e+00
 0.000000000000000000e+00
 0.000000000000000000e+00
 0.000000000000000000e+00
 0.000000000000000000e+00
 0.000000000000000000e+00
 0.000000000000000000e+00
 0.000000000000000000e+00
 0.000000000000000000e+00
 0.000000000000000000e+00
 0.000000000000000000e+00
 0.000000000000000000e+00
 0.000000000000000000e+00
 0.000000000000000000e+00
 0.000000000000000000e+00
 0.000000000000000000e+00
 0.000000000000000000e+00
 0.000000000000000000e+00
 0.000000000000000000e+00
 0.000000000000000000e+00
 0.000000000000000000e+00
 0.000000000000000000e+00
 0.000000000000000000e+00
 0.000000000000000000e+00
 0.000000000000000000e+00
 0.000000000000000000e+00
 0.000000000000000000e+00
 0.000000000000000000e+00
 0.000000000000000000e+00
 0.000000000000000000e+00
 0.000000000000000000e+00
 0.000000000000000000e+00
 0.000000000000000000e+00
 0.000000000000000000e+00
 0.000000000000000000e+00
 0.000000000000000000e+00
 0.000000000000000000e+00
 0.000000000000000000e+00
 0.000000000000000000e+00
 0.000000000000000000e+00
 0.000000000000000000e+00
 0.000000000000000000e+00
 0.000000000000000000e+00
 0.000000000000000000e+00
 0.000000000000000000e+00
 0.000000000000000000e+00
 0.000000000000000000e+00
 0.000000000000000000e+00
 0.000000000000000000e+00
 0.000000000000000000e+00
 0.000000000000000000e+00
 0.000000000000000000e+00
 0.000000000000000000e+00
 0.000000000000000000e+00
 0.000000000000000000e+00
 0.000000000000000000e+00
 0.000000000000000000e+00
 0.000000000000000000e+00
 0.000000000000000000e+00
 0.000000000000000000e+00
 0.000000000000000000e+00
 0.000000000000000000e+00
 0.000000000000000000e+00
 0.000000000000000000e+00
 0.000000000000000000e+00
 0.000000000000000000e+00
 0.000000000000000000e+00
 0.000000000000000000e+00
 0.000000000000000000e+00
 0.000000000000000000e+00
 0.000000000000000000e+00
 0.000000000000000000e+00
 0.000000000000000000e+00
 0.000000000000000000e+00
 0.000000000000000000e+00
 0.000000000000000000e+00
 0.000000000000000000e+00
 0.000000000000000000e+00
 0.000000000000000000e+00
 0.000000000000000000e+00
 0.000000000000000000e+00
 </DataArray>
 <DataArray Name="dt_chem" type="Float32" NumberOfComponents="1" format="ascii">
 6.967948577899347556e-06
 6.967948577899347556e-06
 6.967948577899347556e-06
 6.967948577899347556e-06
 6.967948577899347556e-06
 6.967948577899347556e-06
 6.967948577899347556e-06
 6.967948577899347556e-06
 6.967948577899347556e-06
 6.967948577899347556e-06
 6.967948577899347556e-06
 6.967948577899347556e-06
 6.967948577899347556e-06
 6.967948577899347556e-06
 6.967948577899347556e-06
 6.967948577899347556e-06
 6.967948577899347556e-06
 6.967948577899347556e-06
 6.967948577899347556e-06
 6.967948577899347556e-06
 6.967948577899347556e-06
 6.967948577899347556e-06
 6.967948577899347556e-06
 6.967948577899347556e-06
 6.967948577899347556e-06
 6.967948577899347556e-06
 6.967948577899347556e-06
 6.967948577899347556e-06
 6.967948577899347556e-06
 6.967948577899347556e-06
 6.967948577899347556e-06
 6.967948577899347556e-06
 6.967948577899347556e-06
 6.967948577899347556e-06
 6.967948577899347556e-06
 6.967948577899347556e-06
 6.967948577899347556e-06
 6.967948577899347556e-06
 6.967948577899347556e-06
 6.967948577899347556e-06
 6.967948577899347556e-06
 6.967948577899347556e-06
 6.967948577899347556e-06
 6.967948577899347556e-06
 6.967948577899347556e-06
 6.967948577899347556e-06
 6.967948577899347556e-06
 6.967948577899347556e-06
 6.967948577899347556e-06
 6.967948577899347556e-06
 6.967948577899347556e-06
 6.967948577899347556e-06
 6.967948577899347556e-06
 6.967948577899347556e-06
 6.967948577899347556e-06
 6.967948577899347556e-06
 6.967948577899347556e-06
 6.967948577899347556e-06
 6.967948577899347556e-06
 6.967948577899347556e-06
 6.967948577899347556e-06
 6.967948577899347556e-06
 6.967948577899347556e-06
 6.967948577899347556e-06
 6.967948577899347556e-06
 6.967948577899347556e-06
 6.967948577899347556e-06
 6.967948577899347556e-06
 6.967948577899347556e-06
 6.967948577899347556e-06
 6.967948577899347556e-06
 6.967948577899347556e-06
 6.967948577899347556e-06
 6.967948577899347556e-06
 6.967948577899347556e-06
 6.967948577899347556e-06
 6.967948577899347556e-06
 6.967948577899347556e-06
 6.967948577899347556e-06
 6.967948577899347556e-06
 6.967948577899347556e-06
 6.967948577899347556e-06
 6.967948577899347556e-06
 6.967948577899347556e-06
 6.967948577899347556e-06
 6.967948577899347556e-06
 6.967948577899347556e-06
 6.967948577899347556e-06
 6.967948577899347556e-06
 6.967948577899347556e-06
 6.967948577899347556e-06
 6.967948577899347556e-06
 6.967948577899347556e-06
 6.967948577899347556e-06
 6.967948577899347556e-06
 6.967948577899347556e-06
 6.967948577899347556e-06
 6.967948577899347556e-06
 6.967948577899347556e-06
 6.967948577899347556e-06
 6.967948577899347556e-06
 6.967948577899347556e-06
 6.967948577899347556e-06
 6.967948577899347556e-06
 6.967948577899347556e-06
 6.967948577899347556e-06
 6.967948577899347556e-06
 6.967948577899347556e-06
 6.967948577899347556e-06
 6.967948577899347556e-06
 6.967948577899347556e-06
 6.967948577899347556e-06
 6.967948577899347556e-06
 6.967948577899347556e-06
 6.967948577899347556e-06
 6.967948577899347556e-06
 6.967948577899347556e-06
 6.967948577899347556e-06
 6.967948577899347556e-06
 6.967948577899347556e-06
 6.967948577899347556e-06
 6.967948577899347556e-06
 6.967948577899347556e-06
 6.967948577899347556e-06
 6.967948577899347556e-06
 6.967948577899347556e-06
 6.967948577899347556e-06
 6.967948577899347556e-06
 6.967948577899347556e-06
 6.967948577899347556e-06
 6.967948577899347556e-06
 6.967948577899347556e-06
 6.967948577899347556e-06
 6.967948577899347556e-06
 6.967948577899347556e-06
 6.967948577899347556e-06
 6.967948577899347556e-06
 6.967948577899347556e-06
 6.967948577899347556e-06
 6.967948577899347556e-06
 6.967948577899347556e-06
 6.967948577899347556e-06
 6.967948577899347556e-06
 6.967948577899347556e-06
 6.967948577899347556e-06
 6.967948577899347556e-06
 6.967948577899347556e-06
 6.967948577899347556e-06
 6.967948577899347556e-06
 6.967948577899347556e-06
 6.967948577899347556e-06
 6.967948577899347556e-06
 6.967948577899347556e-06
 6.967948577899347556e-06
 6.967948577899347556e-06
 6.967948577899347556e-06
 6.967948577899347556e-06
 6.967948577899347556e-06
 6.967948577899347556e-06
 6.967948577899347556e-06
 6.967948577899347556e-06
 6.967948577899347556e-06
 6.967948577899347556e-06
 6.967948577899347556e-06
 6.967948577899347556e-06
 6.967948577899347556e-06
 6.967948577899347556e-06
 6.967948577899347556e-06
 6.967948577899347556e-06
 6.967948577899347556e-06
 6.967948577899347556e-06
 6.967948577899347556e-06
 6.967948577899347556e-06
 6.967948577899347556e-06
 6.967948577899347556e-06
 6.967948577899347556e-06
 6.967948577899347556e-06
 6.967948577899347556e-06
 6.967948577899347556e-06
 6.967948577899347556e-06
 6.967948577899347556e-06
 6.967948577899347556e-06
 6.967948577899347556e-06
 6.967948577899347556e-06
 6.967948577899347556e-06
 6.967948577899347556e-06
 6.967948577899347556e-06
 6.967948577899347556e-06
 6.967948577899347556e-06
 6.967948577899347556e-06
 6.967948577899347556e-06
 6.967948577899347556e-06
 6.967948577899347556e-06
 6.967948577899347556e-06
 6.967948577899347556e-06
 6.967948577899347556e-06
 6.967948577899347556e-06
 6.967948577899347556e-06
 6.967948577899347556e-06
 6.967948577899347556e-06
 6.967948577899347556e-06
 6.967948577899347556e-06
 6.967948577899347556e-06
 6.967948577899347556e-06
 6.967948577899347556e-06
 6.967948577899347556e-06
 6.967948577899347556e-06
 6.967948577899347556e-06
 6.967948577899347556e-06
 6.967948577899347556e-06
 6.967948577899347556e-06
 6.967948577899347556e-06
 6.967948577899347556e-06
 6.967948577899347556e-06
 6.967948577899347556e-06
 6.967948577899347556e-06
 6.967948577899347556e-06
 6.967948577899347556e-06
 6.967948577899347556e-06
 6.967948577899347556e-06
 6.967948577899347556e-06
 6.967948577899347556e-06
 6.967948577899347556e-06
 6.967948577899347556e-06
 6.967948577899347556e-06
 6.967948577899347556e-06
 6.967948577899347556e-06
 6.967948577899347556e-06
 6.967948577899347556e-06
 6.967948577899347556e-06
 6.967948577899347556e-06
 6.967948577899347556e-06
 6.967948577899347556e-06
 6.967948577899347556e-06
 6.967948577899347556e-06
 6.967948577899347556e-06
 6.967948577899347556e-06
 6.967948577899347556e-06
 6.967948577899347556e-06
 6.967948577899347556e-06
 6.967948577899347556e-06
 6.967948577899347556e-06
 6.967948577899347556e-06
 6.967948577899347556e-06
 6.967948577899347556e-06
 6.967948577899347556e-06
 6.967948577899347556e-06
 6.967948577899347556e-06
 6.967948577899347556e-06
 6.967948577899347556e-06
 6.967948577899347556e-06
 6.967948577899347556e-06
 6.967948577899347556e-06
 6.967948577899347556e-06
 6.967948577899347556e-06
 6.967948577899347556e-06
 6.967948577899347556e-06
 6.967948577899347556e-06
 6.967948577899347556e-06
 6.967948577899347556e-06
 6.967948577899347556e-06
 6.967948577899347556e-06
 6.967948577899347556e-06
 6.967948577899347556e-06
 6.967948577899347556e-06
 6.967948577899347556e-06
 6.967948577899347556e-06
 6.967948577899347556e-06
 6.967948577899347556e-06
 6.967948577899347556e-06
 6.967948577899347556e-06
 6.967948577899347556e-06
 6.967948577899347556e-06
 6.967948577899347556e-06
 6.967948577899347556e-06
 6.967948577899347556e-06
 6.967948577899347556e-06
 6.967948577899347556e-06
 6.967948577899347556e-06
 6.967948577899347556e-06
 6.967948577899347556e-06
 6.967948577899347556e-06
 6.967948577899347556e-06
 6.967948577899347556e-06
 6.967948577899347556e-06
 6.967948577899347556e-06
 6.967948577899347556e-06
 6.967948577899347556e-06
 6.967948577899347556e-06
 6.967948577899347556e-06
 6.967948577899347556e-06
 6.967948577899347556e-06
 6.967948577899347556e-06
 6.967948577899347556e-06
 6.967948577899347556e-06
 6.967948577899347556e-06
 6.967948577899347556e-06
 6.967948577899347556e-06
 6.967948577899347556e-06
 6.967948577899347556e-06
 6.967948577899347556e-06
 6.967948577899347556e-06
 6.967948577899347556e-06
 6.967948577899347556e-06
 6.967948577899347556e-06
 6.967948577899347556e-06
 6.967948577899347556e-06
 6.967948577899347556e-06
 6.967948577899347556e-06
 6.967948577899347556e-06
 6.967948577899347556e-06
 6.967948577899347556e-06
 6.967948577899347556e-06
 6.967948577899347556e-06
 6.967948577899347556e-06
 6.967948577899347556e-06
 6.967948577899347556e-06
 6.967948577899347556e-06
 6.967948577899347556e-06
 6.967948577899347556e-06
 6.967948577899347556e-06
 6.967948577899347556e-06
 6.967948577899347556e-06
 6.967948577899347556e-06
 6.967948577899347556e-06
 6.967948577899347556e-06
 6.967948577899347556e-06
 6.967948577899347556e-06
 6.967948577899347556e-06
 6.967948577899347556e-06
 6.967948577899347556e-06
 6.967948577899347556e-06
 6.967948577899347556e-06
 6.967948577899347556e-06
 6.967948577899347556e-06
 6.967948577899347556e-06
 6.967948577899347556e-06
 6.967948577899347556e-06
 6.967948577899347556e-06
 6.967948577899347556e-06
 6.967948577899347556e-06
 6.967948577899347556e-06
 6.967948577899347556e-06
 6.967948577899347556e-06
 6.967948577899347556e-06
 6.967948577899347556e-06
 6.967948577899347556e-06
 6.967948577899347556e-06
 6.967948577899347556e-06
 6.967948577899347556e-06
 6.967948577899347556e-06
 6.967948577899347556e-06
 6.967948577899347556e-06
 6.967948577899347556e-06
 6.967948577899347556e-06
 6.967948577899347556e-06
 6.967948577899347556e-06
 6.967948577899347556e-06
 6.967948577899347556e-06
 6.967948577899347556e-06
 6.967948577899347556e-06
 6.967948577899347556e-06
 6.967948577899347556e-06
 6.967948577899347556e-06
 6.967948577899347556e-06
 6.967948577899347556e-06
 6.967948577899347556e-06
 6.967948577899347556e-06
 6.967948577899347556e-06
 6.967948577899347556e-06
 6.967948577899347556e-06
 6.967948577899347556e-06
 6.967948577899347556e-06
 6.967948577899347556e-06
 6.967948577899347556e-06
 6.967948577899347556e-06
 6.967948577899347556e-06
 6.967948577899347556e-06
 6.967948577899347556e-06
 6.967948577899347556e-06
 6.967948577899347556e-06
 6.967948577899347556e-06
 6.967948577899347556e-06
 6.967948577899347556e-06
 6.967948577899347556e-06
 6.967948577899347556e-06
 6.967948577899347556e-06
 6.967948577899347556e-06
 6.967948577899347556e-06
 6.967948577899347556e-06
 6.967948577899347556e-06
 6.967948577899347556e-06
 6.967948577899347556e-06
 6.967948577899347556e-06
 6.967948577899347556e-06
 6.967948577899347556e-06
 6.967948577899347556e-06
 6.967948577899347556e-06
 6.967948577899347556e-06
 6.967948577899347556e-06
 6.967948577899347556e-06
 6.967948577899347556e-06
 6.967948577899347556e-06
 6.967948577899347556e-06
 6.967948577899347556e-06
 6.967948577899347556e-06
 6.967948577899347556e-06
 6.967948577899347556e-06
 6.967948577899347556e-06
 6.967948577899347556e-06
 6.967948577899347556e-06
 6.967948577899347556e-06
 6.967948577899347556e-06
 6.967948577899347556e-06
 6.967948577899347556e-06
 6.967948577899347556e-06
 6.967948577899347556e-06
 6.967948577899347556e-06
 6.967948577899347556e-06
 6.967948577899347556e-06
 6.967948577899347556e-06
 6.967948577899347556e-06
 6.967948577899347556e-06
 6.967948577899347556e-06
 6.967948577899347556e-06
 6.967948577899347556e-06
 6.967948577899347556e-06
 6.967948577899347556e-06
 6.967948577899347556e-06
 6.967948577899347556e-06
 6.967948577899347556e-06
 6.967948577899347556e-06
 6.967948577899347556e-06
 6.967948577899347556e-06
 6.967948577899347556e-06
 6.967948577899347556e-06
 6.967948577899347556e-06
 6.967948577899347556e-06
 6.967948577899347556e-06
 6.967948577899347556e-06
 6.967948577899347556e-06
 6.967948577899347556e-06
 6.967948577899347556e-06
 6.967948577899347556e-06
 6.967948577899347556e-06
 6.967948577899347556e-06
 6.967948577899347556e-06
 6.967948577899347556e-06
 6.967948577899347556e-06
 6.967948577899347556e-06
 6.967948577899347556e-06
 6.967948577899347556e-06
 6.967948577899347556e-06
 6.967948577899347556e-06
 6.967948577899347556e-06
 6.967948577899347556e-06
 6.967948577899347556e-06
 6.967948577899347556e-06
 6.967948577899347556e-06
 6.967948577899347556e-06
 6.967948577899347556e-06
 6.967948577899347556e-06
 6.967948577899347556e-06
 6.967948577899347556e-06
 6.967948577899347556e-06
 6.967948577899347556e-06
 6.967948577899347556e-06
 6.967948577899347556e-06
 6.967948577899347556e-06
 6.967948577899347556e-06
 6.967948577899347556e-06
 6.967948577899347556e-06
 6.967948577899347556e-06
 6.967948577899347556e-06
 6.967948577899347556e-06
 6.967948577899347556e-06
 6.967948577899347556e-06
 6.967948577899347556e-06
 6.967948577899347556e-06
 6.967948577899347556e-06
 6.967948577899347556e-06
 6.967948577899347556e-06
 6.967948577899347556e-06
 6.967948577899347556e-06
 6.967948577899347556e-06
 6.967948577899347556e-06
 6.967948577899347556e-06
 6.967948577899347556e-06
 6.967948577899347556e-06
 6.967948577899347556e-06
 6.967948577899347556e-06
 6.967948577899347556e-06
 6.967948577899347556e-06
 6.967948577899347556e-06
 6.967948577899347556e-06
 6.967948577899347556e-06
 6.967948577899347556e-06
 6.967948577899347556e-06
 6.967948577899347556e-06
 6.967948577899347556e-06
 </DataArray>
 <DataArray Name="u" type="Float32" NumberOfComponents="1" format="ascii">
 2.053463155241805944e+05
 2.020886912361667491e+05
 1.988340126672105980e+05
 1.955822797018092824e+05
 1.923334922036337666e+05
 1.890876500155973481e+05
 1.858447529599211412e+05
 1.826048008381830878e+05
 1.793677934313598671e+05
 1.761337304998619366e+05
 1.729026117835559417e+05
 1.696744370017767069e+05
 1.664492058533317759e+05
 1.632269180164936697e+05
 1.600075731489862083e+05
 1.567911708879601210e+05
 1.535777108499523019e+05
 1.503671926308368566e+05
 1.471596158057634602e+05
 1.439549799290784285e+05
 1.407532845342280343e+05
 1.375545291336457594e+05
 1.343587132186234230e+05
 1.311658362591605983e+05
 1.279758977037881850e+05
 1.247888969793822034e+05
 1.216048334909467376e+05
 1.184237066213766811e+05
 1.152455157311915536e+05
 1.120702601582480711e+05
 1.088979392174255336e+05
 1.057285522002751823e+05
 1.025620983746449347e+05
 9.939857698426995194e+04
 9.623798724832572043e+04
 9.308032836095266975e+04
 8.992559949072921881e+04
 8.677379978011618368e+04
 8.362492834485566709e+04
 8.047898427331569837e+04
 7.733596662579325493e+04
 7.419587443375441944e+04
 7.105870669902098598e+04
 6.792446239288809011e+04
 6.479314045517757768e+04
 6.166473979320953367e+04
 5.853925928069808288e+04
 5.541669775655493140e+04
 5.229705402360256994e+04
 4.918032684718241217e+04
 4.606651495365391020e+04
 4.295561702876794152e+04
 3.984763171591801802e+04
 3.674255761424504453e+04
 3.364039327658759430e+04
 3.054113720726245083e+04
 2.744478785966627765e+04
 2.435134363366488833e+04
 2.126080287277454045e+04
 1.817316386109287851e+04
 1.508842481996899005e+04
 1.200658390438079368e+04
 8.927639198989258148e+03
 5.851588713841862045e+03
 2.778430379681871273e+03
 -2.918379571780096740e+02
 -3.359218540460336953e+03
 -6.423713710065232590e+03
 -9.485325908816768788e+03
 -1.254405768986826297e+04
 -1.559991172487009317e+04
 -1.865289081296091899e+04
 -2.170299789071653504e+04
 -2.475023604315181728e+04
 -2.779460851592966355e+04
 -3.083611872892454267e+04
 -3.387477029133134056e+04
 -3.691056701852404512e+04
 -3.994351295091584325e+04
 -4.297361237511970103e+04
 -4.600086984774144366e+04
 -4.902529022220475599e+04
 -5.204687867910414934e+04
 -5.506564076064445544e+04
 -5.808158240984566510e+04
 -6.109471001535130199e+04
 -6.410503046283335425e+04
 -6.711255119419016410e+04
 -7.011728027606324758e+04
 -7.311922647948155645e+04
 -7.611839937296230346e+04
 -7.911480943191458937e+04
 -8.210846816803095862e+04
 -8.509938828332873527e+04
 -8.808758385487436317e+04
 -9.107307055813656189e+04
 -9.405586593934660777e+04
 -9.703598975117318332e+04
 -1.000134643703978509e+05
 -1.029883153253300115e+05
 -1.059605719684174983e+05
 -1.089302683532231022e+05
 -1.118974443871027324e+05
 -1.148621474022824550e+05
 -1.178244342998159118e+05
 -1.207843746658219025e+05
 -1.237420552419791929e+05
 -1.266975870767341694e+05
 -1.296511166352572618e+05
 -1.326028463495635660e+05
 -1.355530720193415182e+05
 -1.385022689156325068e+05
 -1.414512991810699459e+05
 -1.444019912012394052e+05
 -1.473582682280124864e+05
 -1.502957662670193240e+05
 -1.532238037514748285e+05
 -1.561452147733847378e+05
 -1.590611568526971387e+05
 -1.619722351872546133e+05
 -1.648788228564631427e+05
 -1.677811745001419913e+05
 -1.706794756425147643e+05
 -1.735738676615151344e+05
 -1.764644618959416403e+05
 -1.793513482664152980e+05
 -1.822346008602783550e+05
 -1.851142817172709620e+05
 -1.879904434906085953e+05
 -1.908631313744097715e+05
 -1.937323845352310454e+05
 -1.965982371983452467e+05
 -1.994607194873614935e+05
 -2.023198580837319605e+05
 -2.051756767521592556e+05
 -2.080281967644297983e+05
 -2.108774372451471863e+05
 -2.137234154565936187e+05
 -2.165661470355645288e+05
 -2.194056461918845307e+05
 -2.222419258760684170e+05
 -2.250749979219037341e+05
 -2.279048731684795348e+05
 -2.307315615652531851e+05
 -2.335550722630415112e+05
 -2.363754136932305992e+05
 -2.391925936370941345e+05
 -2.420066192867493955e+05
 -2.448174972990201786e+05
 -2.476252338432502002e+05
 -2.504298346439220477e+05
 -2.532313050188256893e+05
 -2.560296499133494217e+05
 -2.588248739314309787e+05
 -2.616169813635703176e+05
 -2.644059762122823158e+05
 -2.671918622152766911e+05
 -2.699746428666374413e+05
 -2.727543214362073923e+05
 -2.755309009873791365e+05
 -2.783043843934423057e+05
 -2.810747743526217528e+05
 -2.838420734019379597e+05
 -2.866062839299746556e+05
 -2.893674081886465428e+05
 -2.921254483040515333e+05
 -2.948804062864496373e+05
 -2.976322840394476661e+05
 -3.003810833684297977e+05
 -3.031268059882734669e+05
 -3.058694535303907469e+05
 -3.086090275491374778e+05
 -3.113455295275993412e+05
 -3.140789608828130877e+05
 -3.168093229704195401e+05
 -3.195366170887897024e+05
 -3.222608444826375926e+05
 -3.249820063461565878e+05
 -3.277001038256824249e+05
 -3.304151380219344283e+05
 -3.331271099918226246e+05
 -3.358360207498801174e+05
 -3.385418712693258421e+05
 -3.412446624827998457e+05
 -3.439443952827879693e+05
 -3.466410705217844807e+05
 -3.493346890122082550e+05
 -3.520252515261224471e+05
 -3.547127587947947904e+05
 -3.573972115081339143e+05
 -3.600786103140397463e+05
 -3.627569558177244617e+05
 -3.654322485810323851e+05
 -3.681044891218107659e+05
 -3.707736779133661184e+05
 -3.734398153840475716e+05
 -3.761029019170057727e+05
 -3.787629378501337487e+05
 -3.814199234762541018e+05
 -3.840738590435301885e+05
 -3.867247447561721783e+05
 -3.893725807754014386e+05
 -3.920173672207095660e+05
 -3.946591041714036837e+05
 -3.972977916684241500e+05
 -3.999334297164354939e+05
 -4.025660182861596113e+05
 -4.051955573169534327e+05
 -4.078220467195896199e+05
 -4.104454863792333053e+05
 -4.130658761585594621e+05
 -4.156832159010337200e+05
 -4.182975054342816584e+05
 -4.209087445735671790e+05
 -4.235169331253325799e+05
 -4.261220708907947410e+05
 -4.287241576695892727e+05
 -4.313231932634359691e+05
 -4.339191774798360420e+05
 -4.365121101357826265e+05
 -4.391019910614925902e+05
 -4.416888201041452121e+05
 -4.442725971316375071e+05
 -4.468533220363316359e+05
 -4.494309947388233850e+05
 -4.520056151916757226e+05
 -4.545771833831287222e+05
 -4.571456993407679256e+05
 -4.597111631351072574e+05
 -4.622735748830604134e+05
 -4.648329347512669628e+05
 -4.673892429592119297e+05
 -4.699424997821248835e+05
 -4.724927055535543477e+05
 -4.750398606676326599e+05
 -4.775839655809145188e+05
 -4.801250208137906156e+05
 -4.826630269513982348e+05
 -4.851979846440223046e+05
 -4.877298946069142548e+05
 -4.902587576195441652e+05
 -4.927845745242441772e+05
 -4.953073462242368842e+05
 -4.978270736810610397e+05
 -5.003437579113870161e+05
 -5.028573999832535628e+05
 -5.053680010117443744e+05
 -5.078755621541151777e+05
 -5.103800846044551581e+05
 -5.128815695878730621e+05
 2.053463155241810018e+05
 2.020886912361667491e+05
 1.988340126672100741e+05
 1.955822797018084093e+05
 1.923334922036334174e+05
 1.890876500155981630e+05
 1.858447529599210829e+05
 1.826048008381826221e+05
 1.793677934313596343e+05
 1.761337304998622858e+05
 1.729026117835564655e+05
 1.696744370017774054e+05
 1.664492058533320087e+05
 1.632269180164939025e+05
 1.600075731489855680e+05
 1.567911708879588405e+05
 1.535777108499506139e+05
 1.503671926308345282e+05
 1.471596158057618886e+05
 1.439549799290770898e+05
 1.407532845342268702e+05
 1.375545291336443624e+05
 1.343587132186217932e+05
 1.311658362591591431e+05
 1.279758977037872537e+05
 1.247888969793825527e+05
 1.216048334909465630e+05
 1.184237066213763901e+05
 1.152455157311912044e+05
 1.120702601582478383e+05
 1.088979392174240202e+05
 1.057285522002743674e+05
 1.025620983746447018e+05
 9.939857698427163996e+04
 9.623798724832787411e+04
 9.308032836095325183e+04
 8.992559949072904419e+04
 8.677379978011536878e+04
 8.362492834485572530e+04
 8.047898427331680432e+04
 7.733596662579395343e+04
 7.419587443375593284e+04
 7.105870669902180089e+04
 6.792446239288861398e+04
 6.479314045517786872e+04
 6.166473979321034858e+04
 5.853925928069790825e+04
 5.541669775655429112e+04
 5.229705402360251173e+04
 4.918032684718351811e+04
 4.606651495365425944e+04
 4.295561702876864001e+04
 3.984763171591848368e+04
 3.674255761424620869e+04
 3.364039327658934053e+04
 3.054113720726419706e+04
 2.744478785966685973e+04
 2.435134363366488833e+04
 2.126080287277419120e+04
 1.817316386109299492e+04
 1.508842481996852439e+04
 1.200658390438009519e+04
 8.927639198988093995e+03
 5.851588713840930723e+03
 2.778430379680357873e+03
 -2.918379571796394885e+02
 -3.359218540461035445e+03
 -6.423713710065232590e+03
 -9.485325908815371804e+03
 -1.254405768986721523e+04
 -1.559991172487044241e+04
 -1.865289081296103541e+04
 -2.170299789071676787e+04
 -2.475023604315146804e+04
 -2.779460851592873223e+04
 -3.083611872892349493e+04
 -3.387477029133029282e+04
 -3.691056701852253173e+04
 -3.994351295091456268e+04
 -4.297361237511935178e+04
 -4.600086984774260782e+04
 -4.902529022220510524e+04
 -5.204687867910577916e+04
 -5.506564076064527035e+04
 -5.808158240984566510e+04
 -6.109471001535258256e+04
 -6.410503046283358708e+04
 -6.711255119419051334e+04
 -7.011728027606185060e+04
 -7.311922647948050871e+04
 -7.611839937296346761e+04
 -7.911480943191470578e+04
 -8.210846816803200636e+04
 -8.509938828332920093e+04
 -8.808758385487319902e+04
 -9.107307055813586339e+04
 -9.405586593934544362e+04
 -9.703598975117318332e+04
 -1.000134643703982001e+05
 -1.029883153253282653e+05
 -1.059605719684178475e+05
 -1.089302683532215888e+05
 -1.118974443871015683e+05
 -1.148621474022836192e+05
 -1.178244342998161446e+05
 -1.207843746658224845e+05
 -1.237420552419738378e+05
 -1.266975870767384768e+05
 -1.296511166352593573e+05
 -1.326028463495662436e+05
 -1.355530720193388406e+05
 -1.385022689156349516e+05
 -1.414512991810695967e+05
 -1.444019912012375426e+05
 -1.473582682280112058e+05
 -1.502957662670129212e+05
 -1.532238037514789030e+05
 -1.561452147733866004e+05
 -1.590611568526998162e+05
 -1.619722351872451836e+05
 -1.648788228564650053e+05
 -1.677811745001490926e+05
 -1.706794756425167434e+05
 -1.735738676615151344e+05
 -1.764644618959390791e+05
 -1.793513482664211188e+05
 -1.822346008602760267e+05
 -1.851142817172682844e+05
 -1.879904434906031238e+05
 -1.908631313744151266e+05
 -1.937323845352292992e+05
 -1.965982371983432677e+05
 -1.994607194873593980e+05
 -2.023198580837298650e+05
 -2.051756767521596048e+05
 -2.080281967644275865e+05
 -2.108774372451453237e+05
 -2.137234154565931531e+05
 -2.165661470355642959e+05
 -2.194056461918845307e+05
 -2.222419258760684170e+05
 -2.250749979219067609e+05
 -2.279048731684808154e+05
 -2.307315615652535344e+05
 -2.335550722630404634e+05
 -2.363754136932335095e+05
 -2.391925936370955314e+05
 -2.420066192867507925e+05
 -2.448174972990195965e+05
 -2.476252338432543911e+05
 -2.504298346439225134e+05
 -2.532313050188252237e+05
 -2.560296499133479083e+05
 -2.588248739314278355e+05
 -2.616169813635686878e+05
 -2.644059762122805696e+05
 -2.671918622152772732e+05
 -2.699746428666381398e+05
 -2.727543214362070430e+05
 -2.755309009873789037e+05
 -2.783043843934411416e+05
 -2.810747743526205886e+05
 -2.838420734019352822e+05
 -2.866062839299709303e+05
 -2.893674081886432832e+05
 -2.921254483040524647e+05
 -2.948804062864483567e+05
 -2.976322840394466184e+05
 -3.003810833684299141e+05
 -3.031268059882745147e+05
 -3.058694535303923767e+05
 -3.086090275491365464e+05
 -3.113455295275992248e+05
 -3.140789608828133205e+05
 -3.168093229704198893e+05
 -3.195366170887900516e+05
 -3.222608444826372433e+05
 -3.249820063461540267e+05
 -3.277001038256799802e+05
 -3.304151380219338462e+05
 -3.331271099918212276e+05
 -3.358360207498789532e+05
 -3.385418712693256093e+05
 -3.412446624828003114e+05
 -3.439443952827889007e+05
 -3.466410705217863433e+05
 -3.493346890122091863e+05
 -3.520252515261247754e+05
 -3.547127587947957218e+05
 -3.573972115081348456e+05
 -3.600786103140391642e+05
 -3.627569558177224826e+05
 -3.654322485810306389e+05
 -3.681044891218111152e+05
 -3.707736779133662349e+05
 -3.734398153840471059e+05
 -3.761029019170043757e+05
 -3.787629378501345636e+05
 -3.814199234762544511e+05
 -3.840738590435326332e+05
 -3.867247447561738081e+05
 -3.893725807754027192e+05
 -3.920173672207109630e+05
 -3.946591041714049643e+05
 -3.972977916684272932e+05
 -3.999334297164379386e+05
 -4.025660182861612411e+05
 -4.051955573169526178e+05
 -4.078220467195900856e+05
 -4.104454863792340038e+05
 -4.130658761585606262e+05
 -4.156832159010348842e+05
 -4.182975054342836374e+05
 -4.209087445735686924e+05
 -4.235169331253335113e+05
 -4.261220708907961380e+05
 -4.287241576695893891e+05
 -4.313231932634362020e+05
 -4.339191774798356928e+05
 -4.365121101357819280e+05
 -4.391019910614921246e+05
 -4.416888201041450957e+05
 -4.442725971316358773e+05
 -4.468533220363308210e+05
 -4.494309947388228029e+05
 -4.520056151916749077e+05
 -4.545771833831287222e+05
 -4.571456993407687405e+05
 -4.597111631351087708e+05
 -4.622735748830620432e+05
 -4.648329347512702225e+05
 -4.673892429592139088e+05
 -4.699424997821252327e+05
 -4.724927055535552790e+05
 -4.750398606676331256e+05
 -4.775839655809152173e+05
 -4.801250208137894515e+05
 -4.826630269513990497e+05
 -4.851979846440216061e+05
 -4.877298946069135563e+05
 -4.902587576195450965e+05
 -4.927845745242454577e+05
 -4.953073462242394453e+05
 -4.978270736810627859e+05
 -5.003437579113870161e+05
 -5.028573999832521658e+05
 -5.053680010117425118e+05
 -5.078755621541130822e+05
 -5.103800846044523641e+05
 -5.128815695878714323e+05
 </DataArray>
 <DataArray Name="T" type="Float32" NumberOfComponents="1" format="ascii">
 5.628190929238737681e+02
 5.617736135157504123e+02
 5.607290794863279189e+02
 5.596854907985375576e+02
 5.586428474086264941e+02
 5.576011492661808688e+02
 5.565603963141453505e+02
 5.555205884888396213e+02
 5.544817257199721325e+02
 5.534438079306504505e+02
 5.524068350373893281e+02
 5.513708069501137743e+02
 5.503357235721614416e+02
 5.493015848002791017e+02
 5.482683905246193490e+02
 5.472361406287315049e+02
 5.462048349895496813e+02
 5.451744734773765231e+02
 5.441450559558635405e+02
 5.431165822819856430e+02
 5.420890523060104442e+02
 5.410624658714615407e+02
 5.400368228150778123e+02
 5.390121229667644229e+02
 5.379883661495367733e+02
 5.369655521794604738e+02
 5.359436808655816549e+02
 5.349227520098506830e+02
 5.339027654070372364e+02
 5.328837208446378781e+02
 5.318656181027743060e+02
 5.308484569540819393e+02
 5.298322371635891841e+02
 5.288169584885854420e+02
 5.278026206784784335e+02
 5.267892234746410622e+02
 5.257767666102424755e+02
 5.247652498100703724e+02
 5.237546727903368264e+02
 5.227450352584691018e+02
 5.217363369128855766e+02
 5.207285774427513161e+02
 5.197217565277180711e+02
 5.187158738376404017e+02
 5.177109290322720199e+02
 5.167069217609360976e+02
 5.157038516621698818e+02
 5.147017183633417972e+02
 5.137005214802379669e+02
 5.127002606166156511e+02
 5.117009353637216691e+02
 5.107025452997695538e+02
 5.097050899893797009e+02
 5.087085689829700641e+02
 5.077129818160986474e+02
 5.067183280087512003e+02
 5.057246070645716145e+02
 5.047318184700237111e+02
 5.037399616934870892e+02
 5.027490361842721427e+02
 5.017590413715506088e+02
 5.007699766631942566e+02
 4.997818414445070516e+02
 4.987946350768476691e+02
 4.978083568961230299e+02
 4.968230062111436496e+02
 4.958385823018246015e+02
 4.948550844172148686e+02
 4.938725117733310981e+02
 4.928908635507818872e+02
 4.919101388921465627e+02
 4.909303368990886156e+02
 4.899514566291636584e+02
 4.889734970922887669e+02
 4.879964572468229562e+02
 4.870203359952155324e+02
 4.860451321791563828e+02
 4.850708445741659034e+02
 4.840974718835415729e+02
 4.831250127315676650e+02
 4.821534656558786764e+02
 4.811828290988502772e+02
 4.802131013978583383e+02
 4.792442807742258992e+02
 4.782763653206411618e+02
 4.773093529867772986e+02
 4.763432415627942191e+02
 4.753780286603405898e+02
 4.744137116905641278e+02
 4.734502878385516169e+02
 4.724877540334494483e+02
 4.715261069133518390e+02
 4.705653427837763161e+02
 4.696054575682249492e+02
 4.686464467489014396e+02
 4.676883052950293518e+02
 4.667310275754425675e+02
 4.657746072508561497e+02
 4.648190371398207503e+02
 4.638643090494572334e+02
 4.629104135595937919e+02
 4.619573397413158773e+02
 4.610050747870324130e+02
 4.600536035062662563e+02
 4.591029076375868385e+02
 4.581529648485063149e+02
 4.572037473007503650e+02
 4.562552193551987330e+02
 4.553073340063324395e+02
 4.543600262870206166e+02
 4.534132012653574293e+02
 4.524667064111416153e+02
 4.515202650342795891e+02
 4.505732903453469476e+02
 4.496245232430229635e+02
 4.486817829391505370e+02
 4.477420788402234280e+02
 4.468045013923547231e+02
 4.458686791090981387e+02
 4.449344177624437293e+02
 4.440015976188674358e+02
 4.430701369560269427e+02
 4.421399762330607359e+02
 4.412110700771129927e+02
 4.402833827558794155e+02
 4.393568854108580126e+02
 4.384315542649695203e+02
 4.375073694076089623e+02
 4.365843139406172781e+02
 4.356623733597068622e+02
 4.347415350950338393e+02
 4.338217881625758992e+02
 4.329031228946702754e+02
 4.319855307283562524e+02
 4.310690040367544498e+02
 4.301535359930450113e+02
 4.292391204595099339e+02
 4.283257518961115125e+02
 4.274134252844850721e+02
 4.265021360642274431e+02
 4.255918800790904015e+02
 4.246826535312196711e+02
 4.237744529419932178e+02
 4.228672751183008245e+02
 4.219611171233426035e+02
 4.210559762512079942e+02
 4.201518500046288409e+02
 4.192487360754166161e+02
 4.183466323271763940e+02
 4.174455367799616852e+02
 4.165454475965966026e+02
 4.156463630704265029e+02
 4.147482816143126456e+02
 4.138512017506989196e+02
 4.129551221026222834e+02
 4.120600413855429451e+02
 4.111659583999064580e+02
 4.102728720243454745e+02
 4.093807812094593714e+02
 4.084896849721041008e+02
 4.075995823901459403e+02
 4.067104725976353166e+02
 4.058223547803583529e+02
 4.049352281717395954e+02
 4.040490920490649955e+02
 4.031639457299995115e+02
 4.022797885693840954e+02
 4.013966199562883617e+02
 4.005144393113048409e+02
 3.996332460840727094e+02
 3.987530397510176954e+02
 3.978738198132957109e+02
 3.969955857949353799e+02
 3.961183372411627488e+02
 3.952420737169079530e+02
 3.943667948054807084e+02
 3.934925001074110469e+02
 3.926191892394429601e+02
 3.917468618336791337e+02
 3.908755175368626169e+02
 3.900051560097957690e+02
 3.891357769268814764e+02
 3.882673799757815800e+02
 3.873999648571810326e+02
 3.865335312846515308e+02
 3.856680789845995605e+02
 3.848036076962929997e+02
 3.839401171719511581e+02
 3.830776071768860902e+02
 3.822160774896833004e+02
 3.813555279024102447e+02
 3.804959582208343818e+02
 3.796373682646411680e+02
 3.787797578676363628e+02
 3.779231268779202537e+02
 3.770674751580214092e+02
 3.762128025849740425e+02
 3.753591090503372243e+02
 3.745063944601344019e+02
 3.736546587347218065e+02
 3.728039018085616476e+02
 3.719541236299126012e+02
 3.711053241604258233e+02
 3.702575033746491613e+02
 3.694106612594434296e+02
 3.685647978133115430e+02
 3.677199130456500029e+02
 3.668760069759210296e+02
 3.660330796327606322e+02
 3.651911310530232413e+02
 3.643501612807808101e+02
 3.635101703662705859e+02
 3.626711583648131523e+02
 3.618331253356963089e+02
 3.609960713410393396e+02
 3.601599964446381819e+02
 3.593249007107964417e+02
 3.584907842031487917e+02
 3.576576469834745922e+02
 3.568254891105064530e+02
 3.559943106387337934e+02
 3.551641116172015700e+02
 3.543348920883061623e+02
 3.535066520865919415e+02
 3.526793916375425511e+02
 3.518531107563819660e+02
 3.510278094468843619e+02
 3.502034877001967175e+02
 3.493801454936886444e+02
 3.485577827898386545e+02
 3.477363995351667540e+02
 3.469159956592328058e+02
 3.460965710737066843e+02
 3.452781256715414315e+02
 3.444606593262471392e+02
 3.436441718913000614e+02
 3.428286631996899132e+02
 3.420141330636264456e+02
 3.412005812744120590e+02
 3.403880076024985328e+02
 3.395764117977284968e+02
 3.387657935897694870e+02
 3.379561526887474656e+02
 3.371474887860729837e+02
 3.363398015554628273e+02
 3.355330906541478839e+02
 3.347273557242611446e+02
 3.339225963944007844e+02
 3.331188122813441623e+02
 3.323160029919133081e+02
 5.628190929238738818e+02
 5.617736135157504123e+02
 5.607290794863278052e+02
 5.596854907985371028e+02
 5.586428474086263805e+02
 5.576011492661812099e+02
 5.565603963141453505e+02
 5.555205884888395076e+02
 5.544817257199720189e+02
 5.534438079306505642e+02
 5.524068350373894418e+02
 5.513708069501140017e+02
 5.503357235721614416e+02
 5.493015848002792154e+02
 5.482683905246191216e+02
 5.472361406287311638e+02
 5.462048349895491128e+02
 5.451744734773758410e+02
 5.441450559558630857e+02
 5.431165822819851883e+02
 5.420890523060101032e+02
 5.410624658714610860e+02
 5.400368228150772438e+02
 5.390121229667639682e+02
 5.379883661495365459e+02
 5.369655521794605875e+02
 5.359436808655815412e+02
 5.349227520098505693e+02
 5.339027654070371227e+02
 5.328837208446377645e+02
 5.318656181027738512e+02
 5.308484569540817120e+02
 5.298322371635890704e+02
 5.288169584885860104e+02
 5.278026206784791157e+02
 5.267892234746411759e+02
 5.257767666102423618e+02
 5.247652498100701450e+02
 5.237546727903369401e+02
 5.227450352584695565e+02
 5.217363369128856903e+02
 5.207285774427517708e+02
 5.197217565277182985e+02
 5.187158738376405154e+02
 5.177109290322721336e+02
 5.167069217609362113e+02
 5.157038516621697681e+02
 5.147017183633414561e+02
 5.137005214802379669e+02
 5.127002606166159921e+02
 5.117009353637217828e+02
 5.107025452997698380e+02
 5.097050899893798714e+02
 5.087085689829704620e+02
 5.077129818160993295e+02
 5.067183280087517119e+02
 5.057246070645716713e+02
 5.047318184700237111e+02
 5.037399616934869755e+02
 5.027490361842721995e+02
 5.017590413715504951e+02
 5.007699766631940861e+02
 4.997818414445066537e+02
 4.987946350768473849e+02
 4.978083568961225183e+02
 4.968230062111430243e+02
 4.958385823018244309e+02
 4.948550844172148686e+02
 4.938725117733314960e+02
 4.928908635507822282e+02
 4.919101388921463922e+02
 4.909303368990885588e+02
 4.899514566291636584e+02
 4.889734970922888238e+02
 4.879964572468232404e+02
 4.870203359952158735e+02
 4.860451321791567807e+02
 4.850708445741663581e+02
 4.840974718835420276e+02
 4.831250127315679492e+02
 4.821534656558783354e+02
 4.811828290988501067e+02
 4.802131013978577698e+02
 4.792442807742255582e+02
 4.782763653206411618e+02
 4.773093529867769007e+02
 4.763432415627941054e+02
 4.753780286603404193e+02
 4.744137116905645826e+02
 4.734502878385520148e+02
 4.724877540334489368e+02
 4.715261069133518390e+02
 4.705653427837759182e+02
 4.696054575682247219e+02
 4.686464467489017807e+02
 4.676883052950295792e+02
 4.667310275754429654e+02
 4.657746072508562065e+02
 4.648190371398207503e+02
 4.638643090494576882e+02
 4.629104135595937919e+02
 4.619573397413163320e+02
 4.610050747870327541e+02
 4.600536035062659153e+02
 4.591029076375866680e+02
 4.581529648485062012e+02
 4.572037473007521271e+02
 4.562552193551973119e+02
 4.553073340063317573e+02
 4.543600262870198776e+02
 4.534132012653582819e+02
 4.524667064111407626e+02
 4.515202650342795891e+02
 4.505732903453476297e+02
 4.496245232430234182e+02
 4.486817829391526971e+02
 4.477420788402221206e+02
 4.468045013923540978e+02
 4.458686791090971724e+02
 4.449344177624467420e+02
 4.440015976188669811e+02
 4.430701369560246121e+02
 4.421399762330601106e+02
 4.412110700771129359e+02
 4.402833827558802113e+02
 4.393568854108561368e+02
 4.384315542649703161e+02
 4.375073694076097581e+02
 4.365843139406189835e+02
 4.356623733597051569e+02
 4.347415350950345214e+02
 4.338217881625765244e+02
 4.329031228946709575e+02
 4.319855307283568777e+02
 4.310690040367543929e+02
 4.301535359930458071e+02
 4.292391204595105023e+02
 4.283257518961117398e+02
 4.274134252844851289e+02
 4.265021360642275567e+02
 4.255918800790904584e+02
 4.246826535312187048e+02
 4.237744529419927062e+02
 4.228672751183007676e+02
 4.219611171233430582e+02
 4.210559762512071416e+02
 4.201518500046283862e+02
 4.192487360754162182e+02
 4.183466323271765646e+02
 4.174455367799603209e+02
 4.165454475965965457e+02
 4.156463630704266166e+02
 4.147482816143131004e+02
 4.138512017506999996e+02
 4.129551221026227950e+02
 4.120600413855434567e+02
 4.111659583999062875e+02
 4.102728720243453040e+02
 4.093807812094595420e+02
 4.084896849721042145e+02
 4.075995823901463382e+02
 4.067104725976356576e+02
 4.058223547803592623e+02
 4.049352281717407323e+02
 4.040490920490659619e+02
 4.031639457299991705e+02
 4.022797885693844933e+02
 4.013966199562886459e+02
 4.005144393113048409e+02
 3.996332460840723115e+02
 3.987530397510171269e+02
 3.978738198132959383e+02
 3.969955857949353799e+02
 3.961183372411626920e+02
 3.952420737169078961e+02
 3.943667948054805947e+02
 3.934925001074111606e+02
 3.926191892394437559e+02
 3.917468618336799864e+02
 3.908755175368627874e+02
 3.900051560097962238e+02
 3.891357769268819311e+02
 3.882673799757816369e+02
 3.873999648571809189e+02
 3.865335312846513034e+02
 3.856680789845989352e+02
 3.848036076962926586e+02
 3.839401171719504191e+02
 3.830776071768858060e+02
 3.822160774896830162e+02
 3.813555279024104721e+02
 3.804959582208350071e+02
 3.796373682646417365e+02
 3.787797578676361923e+02
 3.779231268779202537e+02
 3.770674751580215229e+02
 3.762128025849744972e+02
 3.753591090503369401e+02
 3.745063944601343451e+02
 3.736546587347210107e+02
 3.728039018085611360e+02
 3.719541236299122033e+02
 3.711053241604253685e+02
 3.702575033746487634e+02
 3.694106612594424064e+02
 3.685647978133108040e+02
 3.677199130456494345e+02
 3.668760069759213138e+02
 3.660330796327604617e+02
 3.651911310530229571e+02
 3.643501612807804690e+02
 3.635101703662702448e+02
 3.626711583648124702e+02
 3.618331253356957973e+02
 3.609960713410390554e+02
 3.601599964446377840e+02
 3.593249007107964417e+02
 3.584907842031487348e+02
 3.576576469834746490e+02
 3.568254891105067941e+02
 3.559943106387339640e+02
 3.551641116172016268e+02
 3.543348920883066171e+02
 3.535066520865922826e+02
 3.526793916375427216e+02
 3.518531107563822502e+02
 3.510278094468843619e+02
 3.502034877001964333e+02
 3.493801454936881328e+02
 3.485577827898381429e+02
 3.477363995351657877e+02
 3.469159956592322374e+02
 3.460965710737065137e+02
 3.452781256715411473e+02
 3.444606593262469119e+02
 3.436441718912998908e+02
 3.428286631996901974e+02
 3.420141330636262751e+02
 3.412005812744121727e+02
 3.403880076024987602e+02
 3.395764117977281558e+02
 3.387657935897690891e+02
 3.379561526887467267e+02
 3.371474887860724152e+02
 3.363398015554628273e+02
 3.355330906541483387e+02
 3.347273557242617699e+02
 3.339225963944014666e+02
 3.331188122813451287e+02
 3.323160029919138765e+02
 </DataArray>
 <DataArray Name="vel.vector" type="Float32" NumberOfComponents="3" format="ascii">
 8.050119628906250000e+02 7.607172406104770190e-14 0.000000000000000000e+00
 8.089032592773437500e+02 -1.023220374261109983e-14 0.000000000000000000e+00
 8.127946777343750000e+02 5.118363279868129445e-14 0.000000000000000000e+00
 8.166862182617187500e+02 -4.479442261996063879e-15 0.000000000000000000e+00
 8.205778198242187500e+02 1.288413413501679483e-13 0.000000000000000000e+00
 8.244694824218750000e+02 9.264644444412911684e-14 0.000000000000000000e+00
 8.283613281250000000e+02 7.025917391281777391e-14 0.000000000000000000e+00
 8.322532348632812500e+02 1.952989975143905321e-14 0.000000000000000000e+00
 8.361452636718750000e+02 1.002413772241460624e-14 0.000000000000000000e+00
 8.400373535156250000e+02 -6.814697189796298238e-14 0.000000000000000000e+00
 8.439295654296875000e+02 -4.039234495923499368e-14 0.000000000000000000e+00
 8.478218994140625000e+02 -2.957181754244947447e-14 0.000000000000000000e+00
 8.517142944335937500e+02 -4.735790346032178744e-14 0.000000000000000000e+00
 8.556068115234375000e+02 -6.681216994583460966e-14 0.000000000000000000e+00
 8.594994506835937500e+02 -9.802110566368288369e-14 0.000000000000000000e+00
 8.633922119140625000e+02 -7.508642145548360958e-14 0.000000000000000000e+00
 8.672850341796875000e+02 -9.177692107805932031e-14 0.000000000000000000e+00
 8.711780395507812500e+02 1.089451947167315027e-13 0.000000000000000000e+00
 8.750711059570312500e+02 9.968657572589217919e-14 0.000000000000000000e+00
 8.789642333984375000e+02 1.270684810627739636e-13 0.000000000000000000e+00
 8.828575439453125000e+02 1.318238188963496982e-13 0.000000000000000000e+00
 8.867509155273437500e+02 1.059083783129174949e-13 0.000000000000000000e+00
 8.906444702148437500e+02 2.558920686023674618e-13 0.000000000000000000e+00
 8.945380859375000000e+02 1.946499466600956629e-13 0.000000000000000000e+00
 8.984318237304687500e+02 2.730653702286145457e-13 0.000000000000000000e+00
 9.023256835937500000e+02 9.603723252846890768e-14 0.000000000000000000e+00
 9.062196044921875000e+02 1.037332925720585441e-13 0.000000000000000000e+00
 9.101137084960937500e+02 4.543257724242202866e-14 0.000000000000000000e+00
 9.140079345703125000e+02 6.081539351970866036e-14 0.000000000000000000e+00
 9.179022216796875000e+02 6.969292899944648512e-14 0.000000000000000000e+00
 9.217966918945312500e+02 2.060279979390275407e-13 0.000000000000000000e+00
 9.256912841796875000e+02 2.709385721420126680e-13 0.000000000000000000e+00
 9.295859375000000000e+02 2.421046490456296718e-13 0.000000000000000000e+00
 9.334807739257812500e+02 2.373981545199244092e-13 0.000000000000000000e+00
 9.373757324218750000e+02 9.717793518666806296e-14 0.000000000000000000e+00
 9.412707519531250000e+02 1.316378240136598099e-13 0.000000000000000000e+00
 9.451659545898437500e+02 1.495394791068554996e-13 0.000000000000000000e+00
 9.490612792968750000e+02 1.639759427416245807e-13 0.000000000000000000e+00
 9.529567871093750000e+02 2.572615243664339024e-13 0.000000000000000000e+00
 9.568523559570312500e+02 1.662780698720445205e-13 0.000000000000000000e+00
 9.607481079101562500e+02 1.243920331323034034e-13 0.000000000000000000e+00
 9.646439819335937500e+02 2.040951805617422649e-14 0.000000000000000000e+00
 9.685399780273437500e+02 -1.335664761064269627e-15 0.000000000000000000e+00
 9.724360961914062500e+02 -3.349614871564943371e-15 0.000000000000000000e+00
 9.763323974609375000e+02 5.678573252896820800e-14 0.000000000000000000e+00
 9.802288208007812500e+02 3.941911765536695866e-14 0.000000000000000000e+00
 9.841253662109375000e+02 3.034424382770961603e-14 0.000000000000000000e+00
 9.880220947265625000e+02 6.267839166521765870e-14 0.000000000000000000e+00
 9.919189453125000000e+02 1.322422125147118543e-13 0.000000000000000000e+00
 9.958159790039062500e+02 5.013055739294149105e-14 0.000000000000000000e+00
 9.997131347656250000e+02 8.360434740339872661e-14 0.000000000000000000e+00
 1.003610473632812500e+03 2.828099862314022855e-14 0.000000000000000000e+00
 1.007507995605468750e+03 7.363914708048702185e-14 0.000000000000000000e+00
 1.011405639648437500e+03 1.108632635563391866e-13 0.000000000000000000e+00
 1.015303405761718750e+03 1.052175653461911997e-13 0.000000000000000000e+00
 1.019201416015625000e+03 4.342812459472156217e-14 0.000000000000000000e+00
 1.023099548339843750e+03 3.570730493105073525e-15 0.000000000000000000e+00
 1.026997802734375000e+03 6.872968800226834148e-16 0.000000000000000000e+00
 1.030896362304687500e+03 7.218702767703213952e-14 0.000000000000000000e+00
 1.034794921875000000e+03 4.526649779838798349e-14 0.000000000000000000e+00
 1.038693847656250000e+03 4.410309465720241295e-14 0.000000000000000000e+00
 1.042592773437500000e+03 2.277019888017196153e-14 0.000000000000000000e+00
 1.046491943359375000e+03 2.368566192516904229e-14 0.000000000000000000e+00
 1.050391357421875000e+03 1.051962065633932353e-14 0.000000000000000000e+00
 1.054290893554687500e+03 3.856475617905301412e-14 0.000000000000000000e+00
 1.058190673828125000e+03 1.122322178769008527e-13 0.000000000000000000e+00
 1.062090698242187500e+03 1.477928158544541959e-13 0.000000000000000000e+00
 1.065990844726562500e+03 1.668822550851892239e-13 0.000000000000000000e+00
 1.069891113281250000e+03 1.575819688496085669e-13 0.000000000000000000e+00
 1.073791748046875000e+03 5.357283491607897630e-14 0.000000000000000000e+00
 1.077692504882812500e+03 1.040891141725411306e-13 0.000000000000000000e+00
 1.081593505859375000e+03 1.018471534864305583e-13 0.000000000000000000e+00
 1.085494628906250000e+03 1.118705280321596884e-13 0.000000000000000000e+00
 1.089396118164062500e+03 8.594753191483797683e-14 0.000000000000000000e+00
 1.093297729492187500e+03 9.182688924568374600e-14 0.000000000000000000e+00
 1.097199707031250000e+03 8.571831124678380709e-14 0.000000000000000000e+00
 1.101101806640625000e+03 1.943205524875674106e-13 0.000000000000000000e+00
 1.105004150390625000e+03 1.413975544723583555e-13 0.000000000000000000e+00
 1.108906860351562500e+03 1.820726458056504127e-13 0.000000000000000000e+00
 1.112809692382812500e+03 9.037510187914418736e-14 0.000000000000000000e+00
 1.116712890625000000e+03 1.580565241405054722e-13 0.000000000000000000e+00
 1.120616210937500000e+03 1.439006926855571078e-13 0.000000000000000000e+00
 1.124520019531250000e+03 1.790182449978514057e-13 0.000000000000000000e+00
 1.128423950195312500e+03 2.332453891487618058e-13 0.000000000000000000e+00
 1.132328247070312500e+03 1.482732529421368350e-13 0.000000000000000000e+00
 1.136232788085937500e+03 1.723198677933829304e-13 0.000000000000000000e+00
 1.140137695312500000e+03 1.457602891467499329e-13 0.000000000000000000e+00
 1.144042968750000000e+03 1.513404608880983271e-13 0.000000000000000000e+00
 1.147948486328125000e+03 1.419129977376851204e-13 0.000000000000000000e+00
 1.151854370117187500e+03 2.662030413268755280e-14 0.000000000000000000e+00
 1.155760742187500000e+03 1.924758638062462612e-13 0.000000000000000000e+00
 1.159667358398437500e+03 1.839828609557711547e-13 0.000000000000000000e+00
 1.163574340820312500e+03 1.907479708039561128e-13 0.000000000000000000e+00
 1.167481811523437500e+03 2.410332404587794963e-13 0.000000000000000000e+00
 1.171389770507812500e+03 2.375746084234964250e-13 0.000000000000000000e+00
 1.175298095703125000e+03 2.023037905815941451e-13 0.000000000000000000e+00
 1.179206909179687500e+03 1.651689039445375373e-13 0.000000000000000000e+00
 1.183116210937500000e+03 1.210525278107221769e-13 0.000000000000000000e+00
 1.187026000976562500e+03 2.004236620417598758e-13 0.000000000000000000e+00
 1.190936523437500000e+03 2.749601761553588375e-14 0.000000000000000000e+00
 1.194847534179687500e+03 3.603786038574967321e-14 0.000000000000000000e+00
 1.198759155273437500e+03 4.529715700294680014e-14 0.000000000000000000e+00
 1.202671630859375000e+03 -1.989569668953486414e-13 0.000000000000000000e+00
 1.206584838867187500e+03 3.540226041465720230e-14 0.000000000000000000e+00
 1.210498779296875000e+03 -4.795155497173443637e-14 0.000000000000000000e+00
 1.214413818359375000e+03 4.087910836659408575e-13 0.000000000000000000e+00
 1.218329833984375000e+03 -2.321791305222309365e-13 0.000000000000000000e+00
 1.222247070312500000e+03 3.308329088111405802e-14 0.000000000000000000e+00
 1.226165771484375000e+03 -1.674496214701826774e-14 0.000000000000000000e+00
 1.230086181640625000e+03 2.979430395975979362e-13 0.000000000000000000e+00
 1.234008666992187500e+03 -1.070390859823390495e-13 0.000000000000000000e+00
 1.237933837890625000e+03 -1.207742012545838864e-14 0.000000000000000000e+00
 1.241862915039062500e+03 7.894505632977805165e-14 0.000000000000000000e+00
 1.245798339843750000e+03 -1.109754107185556560e-13 0.000000000000000000e+00
 1.249745361328125000e+03 1.399695924485591658e-13 0.000000000000000000e+00
 1.253671386718750000e+03 -5.006227637299742739e-13 0.000000000000000000e+00
 1.257588989257812500e+03 -1.536106718170657248e-13 0.000000000000000000e+00
 1.261501708984375000e+03 -2.601449058340504772e-13 0.000000000000000000e+00
 1.265411254882812500e+03 2.658228997164113760e-13 0.000000000000000000e+00
 1.269318359375000000e+03 -4.171876331806462224e-13 0.000000000000000000e+00
 1.273223510742187500e+03 -6.332088174111627499e-13 0.000000000000000000e+00
 1.277127075195312500e+03 -5.000182193748599346e-14 0.000000000000000000e+00
 1.281029296875000000e+03 1.579900896523864229e-13 0.000000000000000000e+00
 1.284930419921875000e+03 4.093705897271343597e-13 0.000000000000000000e+00
 1.288830444335937500e+03 -3.723068945152285814e-14 0.000000000000000000e+00
 1.292729614257812500e+03 4.490069069589680550e-13 0.000000000000000000e+00
 1.296627929687500000e+03 3.073879855080424717e-13 0.000000000000000000e+00
 1.300525512695312500e+03 4.193704032044026642e-13 0.000000000000000000e+00
 1.304422485351562500e+03 -2.115672546008917632e-13 0.000000000000000000e+00
 1.308318969726562500e+03 3.133587681870830810e-13 0.000000000000000000e+00
 1.312214721679687500e+03 2.712581136272984583e-13 0.000000000000000000e+00
 1.316110107421875000e+03 9.842436110921171100e-14 0.000000000000000000e+00
 1.320005004882812500e+03 -3.688481201784103714e-14 0.000000000000000000e+00
 1.323899414062500000e+03 -2.321922764735723232e-13 0.000000000000000000e+00
 1.327793579101562500e+03 -1.103482810769357281e-13 0.000000000000000000e+00
 1.331687255859375000e+03 -1.797708981459908428e-13 0.000000000000000000e+00
 1.335580566406250000e+03 -2.687616568099876480e-13 0.000000000000000000e+00
 1.339473632812500000e+03 -3.131667017722272739e-13 0.000000000000000000e+00
 1.343366455078125000e+03 -4.760709513239314017e-13 0.000000000000000000e+00
 1.347258911132812500e+03 -4.710938670410280693e-13 0.000000000000000000e+00
 1.351151123046875000e+03 -5.477452801223858803e-13 0.000000000000000000e+00
 1.355043090820312500e+03 -3.763338382242742419e-13 0.000000000000000000e+00
 1.358934814453125000e+03 -3.323270478250428539e-13 0.000000000000000000e+00
 1.362826416015625000e+03 -2.453795630227850744e-13 0.000000000000000000e+00
 1.366717773437500000e+03 -4.760843412207615977e-13 0.000000000000000000e+00
 1.370608886718750000e+03 -1.844617801604123142e-13 0.000000000000000000e+00
 1.374499755859375000e+03 -1.408974255627179484e-13 0.000000000000000000e+00
 1.378390625000000000e+03 7.980049184386911465e-14 0.000000000000000000e+00
 1.382281250000000000e+03 -3.287179014231644825e-14 0.000000000000000000e+00
 1.386171630859375000e+03 2.439150769383002793e-13 0.000000000000000000e+00
 1.390061889648437500e+03 2.662096346313369555e-13 0.000000000000000000e+00
 1.393952148437500000e+03 2.474624780264556012e-13 0.000000000000000000e+00
 1.397842163085937500e+03 2.417053102804489484e-13 0.000000000000000000e+00
 1.401732055664062500e+03 3.429550344885221036e-14 0.000000000000000000e+00
 1.405621704101562500e+03 -4.534513294907928371e-14 0.000000000000000000e+00
 1.409511352539062500e+03 -1.574761778226282938e-13 0.000000000000000000e+00
 1.413400878906250000e+03 -2.353947386405513820e-13 0.000000000000000000e+00
 1.417290283203125000e+03 -1.440969739363584523e-13 0.000000000000000000e+00
 1.421179687500000000e+03 -1.847287784979140257e-13 0.000000000000000000e+00
 1.425068847656250000e+03 -5.089355450743279774e-14 0.000000000000000000e+00
 1.428958007812500000e+03 -4.201787572391535441e-14 0.000000000000000000e+00
 1.432846923828125000e+03 6.102881194109885388e-14 0.000000000000000000e+00
 1.436735839843750000e+03 -2.130973281405483533e-14 0.000000000000000000e+00
 1.440624755859375000e+03 -6.017765224932553059e-14 0.000000000000000000e+00
 1.444513427734375000e+03 -2.219013818180459729e-13 0.000000000000000000e+00
 1.448402099609375000e+03 -7.006788676827344076e-14 0.000000000000000000e+00
 1.452290649414062500e+03 2.422534896751211975e-14 0.000000000000000000e+00
 1.456179199218750000e+03 1.118171920615369797e-13 0.000000000000000000e+00
 1.460067626953125000e+03 1.411987388989788261e-13 0.000000000000000000e+00
 1.463955932617187500e+03 2.169718262478789739e-13 0.000000000000000000e+00
 1.467844238281250000e+03 1.747216466559814441e-13 0.000000000000000000e+00
 1.471732421875000000e+03 7.031709233168512846e-15 0.000000000000000000e+00
 1.475620483398437500e+03 -9.982778797666073262e-15 0.000000000000000000e+00
 1.479508544921875000e+03 5.573089190656632663e-14 0.000000000000000000e+00
 1.483396606445312500e+03 8.619767768482111681e-14 0.000000000000000000e+00
 1.487284545898437500e+03 1.623809729256811552e-13 0.000000000000000000e+00
 1.491172363281250000e+03 1.712965164678281749e-13 0.000000000000000000e+00
 1.495060180664062500e+03 7.086182769039384155e-14 0.000000000000000000e+00
 1.498947998046875000e+03 -8.178421590128437391e-14 0.000000000000000000e+00
 1.502835693359375000e+03 -1.314711685872216318e-13 0.000000000000000000e+00
 1.506723266601562500e+03 -1.515292746964366777e-13 0.000000000000000000e+00
 1.510610839843750000e+03 -1.931452231224844995e-13 0.000000000000000000e+00
 1.514498413085937500e+03 -3.606761970250532690e-13 0.000000000000000000e+00
 1.518385864257812500e+03 -4.148275418915797763e-13 0.000000000000000000e+00
 1.522273315429687500e+03 -4.483517235861350647e-13 0.000000000000000000e+00
 1.526160644531250000e+03 -3.906285017674093751e-13 0.000000000000000000e+00
 1.530047973632812500e+03 -3.376221286051361847e-13 0.000000000000000000e+00
 1.533935302734375000e+03 -2.253539152161088133e-13 0.000000000000000000e+00
 1.537822509765625000e+03 -7.851499398553452025e-14 0.000000000000000000e+00
 1.541709716796875000e+03 -3.056688135569772535e-14 0.000000000000000000e+00
 1.545596801757812500e+03 -6.698816983974689721e-14 0.000000000000000000e+00
 1.549483886718750000e+03 -1.157572708477758172e-13 0.000000000000000000e+00
 1.553370971679687500e+03 -1.201665177953670227e-13 0.000000000000000000e+00
 1.557257934570312500e+03 -4.802161476086773406e-14 0.000000000000000000e+00
 1.561144897460937500e+03 -1.754703424661913091e-13 0.000000000000000000e+00
 1.565031860351562500e+03 -1.589212295831712862e-13 0.000000000000000000e+00
 1.568918701171875000e+03 -2.266088114681250043e-13 0.000000000000000000e+00
 1.572805541992187500e+03 -1.008169716871891441e-13 0.000000000000000000e+00
 1.576692260742187500e+03 1.519116152044319018e-14 0.000000000000000000e+00
 1.580579101562500000e+03 1.420316636654636588e-13 0.000000000000000000e+00
 1.584465698242187500e+03 1.491325238214130655e-13 0.000000000000000000e+00
 1.588352416992187500e+03 3.591111715178611774e-14 0.000000000000000000e+00
 1.592239013671875000e+03 -6.747856125862566889e-14 0.000000000000000000e+00
 1.596125610351562500e+03 -1.364597318606261545e-13 0.000000000000000000e+00
 1.600012084960937500e+03 -2.564681323216633224e-13 0.000000000000000000e+00
 1.603898681640625000e+03 -2.801807180360937899e-13 0.000000000000000000e+00
 1.607785034179687500e+03 -3.044899131009887183e-13 0.000000000000000000e+00
 1.611671508789062500e+03 -4.281734201135728446e-13 0.000000000000000000e+00
 1.615557861328125000e+03 -4.743770480597486738e-13 0.000000000000000000e+00
 1.619444213867187500e+03 -4.585956722875927927e-13 0.000000000000000000e+00
 1.623330444335937500e+03 -3.900911440656712470e-13 0.000000000000000000e+00
 1.627216674804687500e+03 -1.823879995600449777e-13 0.000000000000000000e+00
 1.631102905273437500e+03 3.118976905631780372e-14 0.000000000000000000e+00
 1.634989013671875000e+03 2.635748065117626826e-13 0.000000000000000000e+00
 1.638875122070312500e+03 4.366438309012787844e-13 0.000000000000000000e+00
 1.642761230468750000e+03 4.534756901583558708e-13 0.000000000000000000e+00
 1.646647216796875000e+03 3.509002170862945968e-13 0.000000000000000000e+00
 1.650533203125000000e+03 3.936926468422335956e-13 0.000000000000000000e+00
 1.654419067382812500e+03 3.579339515752399947e-13 0.000000000000000000e+00
 1.658305053710937500e+03 2.886940632298301557e-13 0.000000000000000000e+00
 1.662190795898437500e+03 2.663090830756081884e-13 0.000000000000000000e+00
 1.666076660156250000e+03 3.027095718186045836e-13 0.000000000000000000e+00
 1.669962280273437500e+03 2.050244604081749578e-13 0.000000000000000000e+00
 1.673848022460937500e+03 9.293736299206128981e-14 0.000000000000000000e+00
 1.677733642578125000e+03 8.198757834752476437e-14 0.000000000000000000e+00
 1.681619262695312500e+03 7.735173992214766647e-14 0.000000000000000000e+00
 1.685504760742187500e+03 1.139873514587746994e-13 0.000000000000000000e+00
 1.689390258789062500e+03 7.155142092967609058e-14 0.000000000000000000e+00
 1.693275634765625000e+03 1.564645087754820696e-13 0.000000000000000000e+00
 1.697161132812500000e+03 1.395703621035956910e-13 0.000000000000000000e+00
 1.701046386718750000e+03 3.264245156727602071e-13 0.000000000000000000e+00
 1.704931762695312500e+03 5.107526272578322146e-13 0.000000000000000000e+00
 1.708816894531250000e+03 5.362640127966333825e-13 0.000000000000000000e+00
 1.712702148437500000e+03 5.273208085465608264e-13 0.000000000000000000e+00
 1.716587280273437500e+03 3.993043146566926938e-13 0.000000000000000000e+00
 1.720472412109375000e+03 4.230341933957743050e-13 0.000000000000000000e+00
 1.724357421875000000e+03 3.765030821833992292e-13 0.000000000000000000e+00
 1.728242431640625000e+03 4.479630913174076356e-13 0.000000000000000000e+00
 1.732127319335937500e+03 4.007049141281637805e-13 0.000000000000000000e+00
 1.736012329101562500e+03 3.828298084356668296e-13 0.000000000000000000e+00
 1.739897094726562500e+03 5.148101454681419664e-13 0.000000000000000000e+00
 1.743781982421875000e+03 5.151354061198876177e-13 0.000000000000000000e+00
 1.747666748046875000e+03 5.327596003246171108e-13 0.000000000000000000e+00
 1.751551513671875000e+03 4.521631550083449191e-13 0.000000000000000000e+00
 1.755436157226562500e+03 3.712871210568430280e-13 0.000000000000000000e+00
 1.759320922851562500e+03 3.238238670266735397e-13 0.000000000000000000e+00
 1.763205444335937500e+03 2.412814956512243647e-13 0.000000000000000000e+00
 1.767090087890625000e+03 7.778704031813701847e-14 0.000000000000000000e+00
 1.770974609375000000e+03 -2.306628771721417476e-14 0.000000000000000000e+00
 1.774859252929687500e+03 2.086883861248181593e-14 0.000000000000000000e+00
 8.050119628906250000e+02 1.348839795281900344e-13 0.000000000000000000e+00
 8.089032592773437500e+02 -1.165997501459056784e-13 0.000000000000000000e+00
 8.127946777343750000e+02 2.138979945042699532e-14 0.000000000000000000e+00
 8.166862182617187500e+02 -1.955999110511003058e-13 0.000000000000000000e+00
 8.205778198242187500e+02 3.157286444007562087e-13 0.000000000000000000e+00
 8.244694824218750000e+02 -2.160050906045186958e-14 0.000000000000000000e+00
 8.283613281250000000e+02 -6.800676422826987255e-14 0.000000000000000000e+00
 8.322532348632812500e+02 -1.871953113352642362e-13 0.000000000000000000e+00
 8.361452636718750000e+02 4.496768320932150592e-15 0.000000000000000000e+00
 8.400373535156250000e+02 -1.349022618873235713e-13 0.000000000000000000e+00
 8.439295654296875000e+02 -1.118698504058018850e-13 0.000000000000000000e+00
 8.478218994140625000e+02 -9.040527658085717455e-14 0.000000000000000000e+00
 8.517142944335937500e+02 -1.599632562911471045e-13 0.000000000000000000e+00
 8.556068115234375000e+02 -9.995452274029481554e-14 0.000000000000000000e+00
 8.594994506835937500e+02 -2.576452506203308346e-13 0.000000000000000000e+00
 8.633922119140625000e+02 -4.588408307275824993e-14 0.000000000000000000e+00
 8.672850341796875000e+02 -1.493358794913898779e-13 0.000000000000000000e+00
 8.711780395507812500e+02 7.356073893462558577e-14 0.000000000000000000e+00
 8.750711059570312500e+02 -2.936657265018710605e-13 0.000000000000000000e+00
 8.789642333984375000e+02 -7.168203341014270369e-14 0.000000000000000000e+00
 8.828575439453125000e+02 1.584919532855028068e-13 0.000000000000000000e+00
 8.867509155273437500e+02 2.227180977620521474e-14 0.000000000000000000e+00
 8.906444702148437500e+02 1.685723229841867843e-13 0.000000000000000000e+00
 8.945380859375000000e+02 -5.316722133082499302e-14 0.000000000000000000e+00
 8.984318237304687500e+02 4.827708870690228249e-13 0.000000000000000000e+00
 9.023256835937500000e+02 -5.123194755799267974e-14 0.000000000000000000e+00
 9.062196044921875000e+02 -2.501614062113462905e-14 0.000000000000000000e+00
 9.101137084960937500e+02 -1.364601248839136804e-13 0.000000000000000000e+00
 9.140079345703125000e+02 4.607714221022823908e-14 0.000000000000000000e+00
 9.179022216796875000e+02 -1.086594193528550578e-14 0.000000000000000000e+00
 9.217966918945312500e+02 7.433738683209484277e-14 0.000000000000000000e+00
 9.256912841796875000e+02 1.856283139353709366e-13 0.000000000000000000e+00
 9.295859375000000000e+02 1.059385665671576382e-13 0.000000000000000000e+00
 9.334807739257812500e+02 1.376788087833688556e-13 0.000000000000000000e+00
 9.373757324218750000e+02 -2.348121968132749204e-13 0.000000000000000000e+00
 9.412707519531250000e+02 -9.807009804935207242e-14 0.000000000000000000e+00
 9.451659545898437500e+02 1.882370297232472539e-14 0.000000000000000000e+00
 9.490612792968750000e+02 -1.593835130607283712e-14 0.000000000000000000e+00
 9.529567871093750000e+02 2.540906395877284840e-13 0.000000000000000000e+00
 9.568523559570312500e+02 -3.427719737279615042e-14 0.000000000000000000e+00
 9.607481079101562500e+02 -2.973212699804682335e-14 0.000000000000000000e+00
 9.646439819335937500e+02 -1.322905001689689275e-13 0.000000000000000000e+00
 9.685399780273437500e+02 -1.071756547984907548e-13 0.000000000000000000e+00
 9.724360961914062500e+02 -1.034059787124487484e-13 0.000000000000000000e+00
 9.763323974609375000e+02 -3.239966414191226829e-14 0.000000000000000000e+00
 9.802288208007812500e+02 -7.446169738743388389e-14 0.000000000000000000e+00
 9.841253662109375000e+02 -4.033011514266611475e-14 0.000000000000000000e+00
 9.880220947265625000e+02 -1.218649340510927215e-13 0.000000000000000000e+00
 9.919189453125000000e+02 1.205405810974016778e-13 0.000000000000000000e+00
 9.958159790039062500e+02 -1.009166505244220302e-13 0.000000000000000000e+00
 9.997131347656250000e+02 -1.076176298141044707e-13 0.000000000000000000e+00
 1.003610473632812500e+03 -1.591266587898029772e-13 0.000000000000000000e+00
 1.007507995605468750e+03 -1.112129526382836520e-13 0.000000000000000000e+00
 1.011405639648437500e+03 -8.457945850854145520e-14 0.000000000000000000e+00
 1.015303405761718750e+03 -7.021642246590395486e-14 0.000000000000000000e+00
 1.019201416015625000e+03 -1.235257013863788611e-13 0.000000000000000000e+00
 1.023099548339843750e+03 -1.175387640949682178e-13 0.000000000000000000e+00
 1.026997802734375000e+03 -1.872223892845220616e-13 0.000000000000000000e+00
 1.030896362304687500e+03 7.130080759750606623e-14 0.000000000000000000e+00
 1.034794921875000000e+03 -4.450287049138391959e-14 0.000000000000000000e+00
 1.038693847656250000e+03 -1.038093493544584023e-13 0.000000000000000000e+00
 1.042592773437500000e+03 -1.315429156659858601e-13 0.000000000000000000e+00
 1.046491943359375000e+03 -1.080620849421877472e-13 0.000000000000000000e+00
 1.050391357421875000e+03 -9.374552051516840678e-14 0.000000000000000000e+00
 1.054290893554687500e+03 -5.175822268064893261e-14 0.000000000000000000e+00
 1.058190673828125000e+03 3.768862934412642307e-14 0.000000000000000000e+00
 1.062090698242187500e+03 6.311857774724677350e-14 0.000000000000000000e+00
 1.065990844726562500e+03 1.050820519330917732e-14 0.000000000000000000e+00
 1.069891113281250000e+03 1.877977076148243385e-13 0.000000000000000000e+00
 1.073791748046875000e+03 -6.175714507925672558e-14 0.000000000000000000e+00
 1.077692504882812500e+03 -5.243528660857539603e-15 0.000000000000000000e+00
 1.081593505859375000e+03 -6.293467080077186707e-15 0.000000000000000000e+00
 1.085494628906250000e+03 8.723377177403436600e-15 0.000000000000000000e+00
 1.089396118164062500e+03 -2.380499489139354351e-15 0.000000000000000000e+00
 1.093297729492187500e+03 1.021868255567407943e-14 0.000000000000000000e+00
 1.097199707031250000e+03 -2.268809258846281318e-14 0.000000000000000000e+00
 1.101101806640625000e+03 1.208997366195646572e-13 0.000000000000000000e+00
 1.105004150390625000e+03 3.597416350811614982e-14 0.000000000000000000e+00
 1.108906860351562500e+03 2.225858522020632280e-13 0.000000000000000000e+00
 1.112809692382812500e+03 6.235159280163979356e-14 0.000000000000000000e+00
 1.116712890625000000e+03 1.242720390568635702e-13 0.000000000000000000e+00
 1.120616210937500000e+03 4.174716060584109101e-14 0.000000000000000000e+00
 1.124520019531250000e+03 7.986717027747697317e-14 0.000000000000000000e+00
 1.128423950195312500e+03 1.306237426166798055e-13 0.000000000000000000e+00
 1.132328247070312500e+03 3.726085060070868926e-14 0.000000000000000000e+00
 1.136232788085937500e+03 5.079212061793320077e-14 0.000000000000000000e+00
 1.140137695312500000e+03 5.219226269161277021e-14 0.000000000000000000e+00
 1.144042968750000000e+03 4.796901740297503103e-15 0.000000000000000000e+00
 1.147948486328125000e+03 2.207006550170725889e-13 0.000000000000000000e+00
 1.151854370117187500e+03 7.336946873074019770e-15 0.000000000000000000e+00
 1.155760742187500000e+03 1.579634589365247477e-13 0.000000000000000000e+00
 1.159667358398437500e+03 1.473579152580159479e-13 0.000000000000000000e+00
 1.163574340820312500e+03 1.389572186700008261e-13 0.000000000000000000e+00
 1.167481811523437500e+03 1.630688992041232077e-13 0.000000000000000000e+00
 1.171389770507812500e+03 1.755193890619691222e-13 0.000000000000000000e+00
 1.175298095703125000e+03 1.292542190899775845e-13 0.000000000000000000e+00
 1.179206909179687500e+03 1.445493708453551851e-13 0.000000000000000000e+00
 1.183116210937500000e+03 1.978066893767137235e-14 0.000000000000000000e+00
 1.187026000976562500e+03 3.020675072920586679e-13 0.000000000000000000e+00
 1.190936523437500000e+03 7.254057922921608448e-14 0.000000000000000000e+00
 1.194847534179687500e+03 -6.982139340435886132e-14 0.000000000000000000e+00
 1.198759155273437500e+03 1.058518303933587978e-13 0.000000000000000000e+00
 1.202671630859375000e+03 -2.788633310813609656e-13 0.000000000000000000e+00
 1.206584838867187500e+03 -1.611704476475739334e-14 0.000000000000000000e+00
 1.210498779296875000e+03 -2.482153480150295355e-13 0.000000000000000000e+00
 1.214413818359375000e+03 6.021644229255163072e-13 0.000000000000000000e+00
 1.218329833984375000e+03 -2.300409754178722732e-13 0.000000000000000000e+00
 1.222247070312500000e+03 5.069003959526190151e-14 0.000000000000000000e+00
 1.226165771484375000e+03 -9.651829303240072599e-14 0.000000000000000000e+00
 1.230086181640625000e+03 4.176870980164559821e-13 0.000000000000000000e+00
 1.234008666992187500e+03 -1.305159729207347463e-13 0.000000000000000000e+00
 1.237933837890625000e+03 -5.699274060501358097e-14 0.000000000000000000e+00
 1.241862915039062500e+03 3.957101776786396685e-14 0.000000000000000000e+00
 1.245798339843750000e+03 -1.993793991668033061e-13 0.000000000000000000e+00
 1.249745361328125000e+03 1.006164484953879501e-13 0.000000000000000000e+00
 1.253671386718750000e+03 -7.280066848837363214e-13 0.000000000000000000e+00
 1.257588989257812500e+03 -2.233043258767150596e-13 0.000000000000000000e+00
 1.261501708984375000e+03 -3.662689726166568072e-13 0.000000000000000000e+00
 1.265411254882812500e+03 3.603873655663031306e-13 0.000000000000000000e+00
 1.269318359375000000e+03 -8.023950969805737632e-13 0.000000000000000000e+00
 1.273223510742187500e+03 -7.792713956761287974e-13 0.000000000000000000e+00
 1.277127075195312500e+03 2.661968410457016265e-13 0.000000000000000000e+00
 1.281029296875000000e+03 2.308975764492987581e-13 0.000000000000000000e+00
 1.284930419921875000e+03 5.520480990742204774e-13 0.000000000000000000e+00
 1.288830444335937500e+03 -9.961994472612936691e-14 0.000000000000000000e+00
 1.292729614257812500e+03 7.045174990269464921e-13 0.000000000000000000e+00
 1.296627929687500000e+03 3.296887231534623153e-13 0.000000000000000000e+00
 1.300525512695312500e+03 5.163388705313465277e-13 0.000000000000000000e+00
 1.304422485351562500e+03 -2.941552708878025779e-13 0.000000000000000000e+00
 1.308318969726562500e+03 7.042452558614353819e-13 0.000000000000000000e+00
 1.312214721679687500e+03 4.224235707322304689e-13 0.000000000000000000e+00
 1.316110107421875000e+03 1.604247469458655595e-13 0.000000000000000000e+00
 1.320005004882812500e+03 2.922126787503059875e-14 0.000000000000000000e+00
 1.323899414062500000e+03 -2.206549965530837931e-13 0.000000000000000000e+00
 1.327793579101562500e+03 -4.434879858641015138e-14 0.000000000000000000e+00
 1.331687255859375000e+03 -3.402109323424884479e-13 0.000000000000000000e+00
 1.335580566406250000e+03 -2.981809677643498802e-13 0.000000000000000000e+00
 1.339473632812500000e+03 -2.876632309092852502e-13 0.000000000000000000e+00
 1.343366455078125000e+03 -4.378584625951142950e-13 0.000000000000000000e+00
 1.347258911132812500e+03 -3.830570301059654792e-13 0.000000000000000000e+00
 1.351151123046875000e+03 -5.521783117551359865e-13 0.000000000000000000e+00
 1.355043090820312500e+03 -2.025681597288275793e-13 0.000000000000000000e+00
 1.358934814453125000e+03 -2.875486307396535324e-13 0.000000000000000000e+00
 1.362826416015625000e+03 -1.813007751740036699e-13 0.000000000000000000e+00
 1.366717773437500000e+03 -5.059023404190010620e-13 0.000000000000000000e+00
 1.370608886718750000e+03 8.102847955321693107e-14 0.000000000000000000e+00
 1.374499755859375000e+03 -7.565814158982595017e-14 0.000000000000000000e+00
 1.378390625000000000e+03 2.342828622076131850e-13 0.000000000000000000e+00
 1.382281250000000000e+03 -1.296704714090490818e-13 0.000000000000000000e+00
 1.386171630859375000e+03 5.988841150425527893e-13 0.000000000000000000e+00
 1.390061889648437500e+03 3.482623532006373646e-13 0.000000000000000000e+00
 1.393952148437500000e+03 2.702817624659209494e-13 0.000000000000000000e+00
 1.397842163085937500e+03 2.775105449256964896e-13 0.000000000000000000e+00
 1.401732055664062500e+03 3.362164469359815722e-14 0.000000000000000000e+00
 1.405621704101562500e+03 5.094903516547795441e-14 0.000000000000000000e+00
 1.409511352539062500e+03 -2.309311867166458088e-13 0.000000000000000000e+00
 1.413400878906250000e+03 -1.709010943829955553e-13 0.000000000000000000e+00
 1.417290283203125000e+03 -1.019013771475819896e-13 0.000000000000000000e+00
 1.421179687500000000e+03 -1.860564518207583062e-13 0.000000000000000000e+00
 1.425068847656250000e+03 -5.472055778334497522e-14 0.000000000000000000e+00
 1.428958007812500000e+03 -1.096850475029720329e-13 0.000000000000000000e+00
 1.432846923828125000e+03 1.596213937936352689e-13 0.000000000000000000e+00
 1.436735839843750000e+03 -2.673270879291998747e-14 0.000000000000000000e+00
 1.440624755859375000e+03 2.507591065402468150e-15 0.000000000000000000e+00
 1.444513427734375000e+03 -3.577757664782743596e-13 0.000000000000000000e+00
 1.448402099609375000e+03 1.736935519459220645e-13 0.000000000000000000e+00
 1.452290649414062500e+03 4.746843448367489560e-14 0.000000000000000000e+00
 1.456179199218750000e+03 8.090999658455499954e-14 0.000000000000000000e+00
 1.460067626953125000e+03 1.804231169035084431e-14 0.000000000000000000e+00
 1.463955932617187500e+03 2.571862536306090963e-13 0.000000000000000000e+00
 1.467844238281250000e+03 1.703207074075369087e-13 0.000000000000000000e+00
 1.471732421875000000e+03 -1.965699873924045549e-14 0.000000000000000000e+00
 1.475620483398437500e+03 -3.921214684877126488e-14 0.000000000000000000e+00
 1.479508544921875000e+03 -1.392031817912904243e-14 0.000000000000000000e+00
 1.483396606445312500e+03 -1.841016962901391441e-14 0.000000000000000000e+00
 1.487284545898437500e+03 3.147989478141134667e-14 0.000000000000000000e+00
 1.491172363281250000e+03 2.583305307678456647e-14 0.000000000000000000e+00
 1.495060180664062500e+03 -3.589660917146554608e-14 0.000000000000000000e+00
 1.498947998046875000e+03 -2.365427190058333462e-13 0.000000000000000000e+00
 1.502835693359375000e+03 -1.201047995866982854e-13 0.000000000000000000e+00
 1.506723266601562500e+03 -2.529422526466318377e-13 0.000000000000000000e+00
 1.510610839843750000e+03 -3.009544111316764248e-13 0.000000000000000000e+00
 1.514498413085937500e+03 -4.149580527280927189e-13 0.000000000000000000e+00
 1.518385864257812500e+03 -4.174784433083611468e-13 0.000000000000000000e+00
 1.522273315429687500e+03 -4.210144602737053710e-13 0.000000000000000000e+00
 1.526160644531250000e+03 -3.308515841935616431e-13 0.000000000000000000e+00
 1.530047973632812500e+03 -2.970207630195731419e-13 0.000000000000000000e+00
 1.533935302734375000e+03 -1.280937568471848809e-13 0.000000000000000000e+00
 1.537822509765625000e+03 -1.016745078429893978e-13 0.000000000000000000e+00
 1.541709716796875000e+03 1.003920050931562946e-13 0.000000000000000000e+00
 1.545596801757812500e+03 -6.786796602140099388e-14 0.000000000000000000e+00
 1.549483886718750000e+03 -1.488631673441861980e-13 0.000000000000000000e+00
 1.553370971679687500e+03 -1.694391832786704133e-13 0.000000000000000000e+00
 1.557257934570312500e+03 -1.118614139576472322e-13 0.000000000000000000e+00
 1.561144897460937500e+03 -2.198066219056410420e-13 0.000000000000000000e+00
 1.565031860351562500e+03 -1.811376976147346940e-13 0.000000000000000000e+00
 1.568918701171875000e+03 -2.575948352193102586e-13 0.000000000000000000e+00
 1.572805541992187500e+03 -8.987583355497819060e-14 0.000000000000000000e+00
 1.576692260742187500e+03 -7.365854074684735631e-14 0.000000000000000000e+00
 1.580579101562500000e+03 1.920287794878947074e-13 0.000000000000000000e+00
 1.584465698242187500e+03 1.398721497783070311e-13 0.000000000000000000e+00
 1.588352416992187500e+03 5.447802514549175690e-14 0.000000000000000000e+00
 1.592239013671875000e+03 -1.080700707688144607e-14 0.000000000000000000e+00
 1.596125610351562500e+03 -4.216107172584637741e-14 0.000000000000000000e+00
 1.600012084960937500e+03 -1.492814796473854178e-13 0.000000000000000000e+00
 1.603898681640625000e+03 -1.506317179279445528e-13 0.000000000000000000e+00
 1.607785034179687500e+03 -1.955130529045570609e-13 0.000000000000000000e+00
 1.611671508789062500e+03 -2.954272568765625717e-13 0.000000000000000000e+00
 1.615557861328125000e+03 -4.235159044210096146e-13 0.000000000000000000e+00
 1.619444213867187500e+03 -2.492124345429558296e-13 0.000000000000000000e+00
 1.623330444335937500e+03 -2.873136841288759236e-13 0.000000000000000000e+00
 1.627216674804687500e+03 -1.149455015761816079e-13 0.000000000000000000e+00
 1.631102905273437500e+03 5.041335797710717881e-14 0.000000000000000000e+00
 1.634989013671875000e+03 2.926248111011220399e-13 0.000000000000000000e+00
 1.638875122070312500e+03 4.772887814141757445e-13 0.000000000000000000e+00
 1.642761230468750000e+03 5.132680847182158335e-13 0.000000000000000000e+00
 1.646647216796875000e+03 4.457939551359701991e-13 0.000000000000000000e+00
 1.650533203125000000e+03 5.282800564186673764e-13 0.000000000000000000e+00
 1.654419067382812500e+03 4.267944504754428436e-13 0.000000000000000000e+00
 1.658305053710937500e+03 4.738656841050958857e-13 0.000000000000000000e+00
 1.662190795898437500e+03 3.197292962071190958e-13 0.000000000000000000e+00
 1.666076660156250000e+03 3.460014393052990300e-13 0.000000000000000000e+00
 1.669962280273437500e+03 2.669564872978535952e-13 0.000000000000000000e+00
 1.673848022460937500e+03 1.845297460840999992e-13 0.000000000000000000e+00
 1.677733642578125000e+03 1.835564035837511376e-13 0.000000000000000000e+00
 1.681619262695312500e+03 1.771429547102118529e-13 0.000000000000000000e+00
 1.685504760742187500e+03 2.569314119099663785e-13 0.000000000000000000e+00
 1.689390258789062500e+03 1.631862505367676075e-13 0.000000000000000000e+00
 1.693275634765625000e+03 3.143888686711615588e-13 0.000000000000000000e+00
 1.697161132812500000e+03 7.581396177080285126e-14 0.000000000000000000e+00
 1.701046386718750000e+03 7.470261388642374101e-13 0.000000000000000000e+00
 1.704931762695312500e+03 6.201297613438183642e-13 0.000000000000000000e+00
 1.708816894531250000e+03 6.090021607667306380e-13 0.000000000000000000e+00
 1.712702148437500000e+03 5.843866514830542425e-13 0.000000000000000000e+00
 1.716587280273437500e+03 4.573491108397775839e-13 0.000000000000000000e+00
 1.720472412109375000e+03 5.404466479376479615e-13 0.000000000000000000e+00
 1.724357421875000000e+03 3.630946183909994351e-13 0.000000000000000000e+00
 1.728242431640625000e+03 5.025143712603097335e-13 0.000000000000000000e+00
 1.732127319335937500e+03 4.752866936824640121e-13 0.000000000000000000e+00
 1.736012329101562500e+03 4.537619737420006683e-13 0.000000000000000000e+00
 1.739897094726562500e+03 6.425805525699102017e-13 0.000000000000000000e+00
 1.743781982421875000e+03 5.957520175965680398e-13 0.000000000000000000e+00
 1.747666748046875000e+03 7.802791615954540738e-13 0.000000000000000000e+00
 1.751551513671875000e+03 6.024148736273604587e-13 0.000000000000000000e+00
 1.755436157226562500e+03 6.151981051319421745e-13 0.000000000000000000e+00
 1.759320922851562500e+03 4.413464494042174113e-13 0.000000000000000000e+00
 1.763205444335937500e+03 6.976418683198037929e-13 0.000000000000000000e+00
 1.767090087890625000e+03 2.935668201586860704e-13 0.000000000000000000e+00
 1.770974609375000000e+03 1.246921809512288593e-13 0.000000000000000000e+00
 1.774859252929687500e+03 1.665449055792203592e-13 0.000000000000000000e+00
 </DataArray>
</CellData>
</Piece>
</UnstructuredGrid>
</VTKFile>
