<VTKFile type="UnstructuredGrid" byte_order="BigEndian">
<UnstructuredGrid><Piece NumberOfPoints="753" NumberOfCells="500">
<Points>
 <DataArray type="Float32" NumberOfComponents="3" format="ascii">
 -2.000000000000000000e+00 0.000000000000000000e+00 0.000000000000000000e+00
 -1.994500041007995605e+00 0.000000000000000000e+00 0.000000000000000000e+00
 -1.988999962806701660e+00 0.000000000000000000e+00 0.000000000000000000e+00
 -1.983500003814697266e+00 0.000000000000000000e+00 0.000000000000000000e+00
 -1.978000044822692871e+00 0.000000000000000000e+00 0.000000000000000000e+00
 -1.972499966621398926e+00 0.000000000000000000e+00 0.000000000000000000e+00
 -1.967000007629394531e+00 0.000000000000000000e+00 0.000000000000000000e+00
 -1.961500048637390137e+00 0.000000000000000000e+00 0.000000000000000000e+00
 -1.955999970436096191e+00 0.000000000000000000e+00 0.000000000000000000e+00
 -1.950500011444091797e+00 0.000000000000000000e+00 0.000000000000000000e+00
 -1.945000052452087402e+00 0.000000000000000000e+00 0.000000000000000000e+00
 -1.939499974250793457e+00 0.000000000000000000e+00 0.000000000000000000e+00
 -1.934000015258789062e+00 0.000000000000000000e+00 0.000000000000000000e+00
 -1.928500056266784668e+00 0.000000000000000000e+00 0.000000000000000000e+00
 -1.922999978065490723e+00 0.000000000000000000e+00 0.000000000000000000e+00
 -1.917500019073486328e+00 0.000000000000000000e+00 0.000000000000000000e+00
 -1.911999940872192383e+00 0.000000000000000000e+00 0.000000000000000000e+00
 -1.906499981880187988e+00 0.000000000000000000e+00 0.000000000000000000e+00
 -1.901000022888183594e+00 0.000000000000000000e+00 0.000000000000000000e+00
 -1.895499944686889648e+00 0.000000000000000000e+00 0.000000000000000000e+00
 -1.889999985694885254e+00 0.000000000000000000e+00 0.000000000000000000e+00
 -1.884500026702880859e+00 0.000000000000000000e+00 0.000000000000000000e+00
 -1.878999948501586914e+00 0.000000000000000000e+00 0.000000000000000000e+00
 -1.873499989509582520e+00 0.000000000000000000e+00 0.000000000000000000e+00
 -1.868000030517578125e+00 0.000000000000000000e+00 0.000000000000000000e+00
 -1.862499952316284180e+00 0.000000000000000000e+00 0.000000000000000000e+00
 -1.856999993324279785e+00 0.000000000000000000e+00 0.000000000000000000e+00
 -1.851500034332275391e+00 0.000000000000000000e+00 0.000000000000000000e+00
 -1.845999956130981445e+00 0.000000000000000000e+00 0.000000000000000000e+00
 -1.840499997138977051e+00 0.000000000000000000e+00 0.000000000000000000e+00
 -1.835000038146972656e+00 0.000000000000000000e+00 0.000000000000000000e+00
 -1.829499959945678711e+00 0.000000000000000000e+00 0.000000000000000000e+00
 -1.824000000953674316e+00 0.000000000000000000e+00 0.000000000000000000e+00
 -1.818500041961669922e+00 0.000000000000000000e+00 0.000000000000000000e+00
 -1.812999963760375977e+00 0.000000000000000000e+00 0.000000000000000000e+00
 -1.807500004768371582e+00 0.000000000000000000e+00 0.000000000000000000e+00
 -1.802000045776367188e+00 0.000000000000000000e+00 0.000000000000000000e+00
 -1.796499967575073242e+00 0.000000000000000000e+00 0.000000000000000000e+00
 -1.791000008583068848e+00 0.000000000000000000e+00 0.000000000000000000e+00
 -1.785500049591064453e+00 0.000000000000000000e+00 0.000000000000000000e+00
 -1.779999971389770508e+00 0.000000000000000000e+00 0.000000000000000000e+00
 -1.774500012397766113e+00 0.000000000000000000e+00 0.000000000000000000e+00
 -1.769000053405761719e+00 0.000000000000000000e+00 0.000000000000000000e+00
 -1.763499975204467773e+00 0.000000000000000000e+00 0.000000000000000000e+00
 -1.758000016212463379e+00 0.000000000000000000e+00 0.000000000000000000e+00
 -1.752500057220458984e+00 0.000000000000000000e+00 0.000000000000000000e+00
 -1.746999979019165039e+00 0.000000000000000000e+00 0.000000000000000000e+00
 -1.741500020027160645e+00 0.000000000000000000e+00 0.000000000000000000e+00
 -1.735999941825866699e+00 0.000000000000000000e+00 0.000000000000000000e+00
 -1.730499982833862305e+00 0.000000000000000000e+00 0.000000000000000000e+00
 -1.725000023841857910e+00 0.000000000000000000e+00 0.000000000000000000e+00
 -1.719499945640563965e+00 0.000000000000000000e+00 0.000000000000000000e+00
 -1.713999986648559570e+00 0.000000000000000000e+00 0.000000000000000000e+00
 -1.708500027656555176e+00 0.000000000000000000e+00 0.000000000000000000e+00
 -1.702999949455261230e+00 0.000000000000000000e+00 0.000000000000000000e+00
 -1.697499990463256836e+00 0.000000000000000000e+00 0.000000000000000000e+00
 -1.692000031471252441e+00 0.000000000000000000e+00 0.000000000000000000e+00
 -1.686499953269958496e+00 0.000000000000000000e+00 0.000000000000000000e+00
 -1.680999994277954102e+00 0.000000000000000000e+00 0.000000000000000000e+00
 -1.675500035285949707e+00 0.000000000000000000e+00 0.000000000000000000e+00
 -1.669999957084655762e+00 0.000000000000000000e+00 0.000000000000000000e+00
 -1.664499998092651367e+00 0.000000000000000000e+00 0.000000000000000000e+00
 -1.659000039100646973e+00 0.000000000000000000e+00 0.000000000000000000e+00
 -1.653499960899353027e+00 0.000000000000000000e+00 0.000000000000000000e+00
 -1.648000001907348633e+00 0.000000000000000000e+00 0.000000000000000000e+00
 -1.642500042915344238e+00 0.000000000000000000e+00 0.000000000000000000e+00
 -1.636999964714050293e+00 0.000000000000000000e+00 0.000000000000000000e+00
 -1.631500005722045898e+00 0.000000000000000000e+00 0.000000000000000000e+00
 -1.626000046730041504e+00 0.000000000000000000e+00 0.000000000000000000e+00
 -1.620499968528747559e+00 0.000000000000000000e+00 0.000000000000000000e+00
 -1.615000009536743164e+00 0.000000000000000000e+00 0.000000000000000000e+00
 -1.609500050544738770e+00 0.000000000000000000e+00 0.000000000000000000e+00
 -1.603999972343444824e+00 0.000000000000000000e+00 0.000000000000000000e+00
 -1.598500013351440430e+00 0.000000000000000000e+00 0.000000000000000000e+00
 -1.593000054359436035e+00 0.000000000000000000e+00 0.000000000000000000e+00
 -1.587499976158142090e+00 0.000000000000000000e+00 0.000000000000000000e+00
 -1.582000017166137695e+00 0.000000000000000000e+00 0.000000000000000000e+00
 -1.576500058174133301e+00 0.000000000000000000e+00 0.000000000000000000e+00
 -1.570999979972839355e+00 0.000000000000000000e+00 0.000000000000000000e+00
 -1.565500020980834961e+00 0.000000000000000000e+00 0.000000000000000000e+00
 -1.559999942779541016e+00 0.000000000000000000e+00 0.000000000000000000e+00
 -1.554499983787536621e+00 0.000000000000000000e+00 0.000000000000000000e+00
 -1.549000024795532227e+00 0.000000000000000000e+00 0.000000000000000000e+00
 -1.543499946594238281e+00 0.000000000000000000e+00 0.000000000000000000e+00
 -1.537999987602233887e+00 0.000000000000000000e+00 0.000000000000000000e+00
 -1.532500028610229492e+00 0.000000000000000000e+00 0.000000000000000000e+00
 -1.526999950408935547e+00 0.000000000000000000e+00 0.000000000000000000e+00
 -1.521499991416931152e+00 0.000000000000000000e+00 0.000000000000000000e+00
 -1.516000032424926758e+00 0.000000000000000000e+00 0.000000000000000000e+00
 -1.510499954223632812e+00 0.000000000000000000e+00 0.000000000000000000e+00
 -1.504999995231628418e+00 0.000000000000000000e+00 0.000000000000000000e+00
 -1.499500036239624023e+00 0.000000000000000000e+00 0.000000000000000000e+00
 -1.493999958038330078e+00 0.000000000000000000e+00 0.000000000000000000e+00
 -1.488499999046325684e+00 0.000000000000000000e+00 0.000000000000000000e+00
 -1.483000040054321289e+00 0.000000000000000000e+00 0.000000000000000000e+00
 -1.477499961853027344e+00 0.000000000000000000e+00 0.000000000000000000e+00
 -1.472000002861022949e+00 0.000000000000000000e+00 0.000000000000000000e+00
 -1.466500043869018555e+00 0.000000000000000000e+00 0.000000000000000000e+00
 -1.460999965667724609e+00 0.000000000000000000e+00 0.000000000000000000e+00
 -1.455500006675720215e+00 0.000000000000000000e+00 0.000000000000000000e+00
 -1.450000047683715820e+00 0.000000000000000000e+00 0.000000000000000000e+00
 -1.444499969482421875e+00 0.000000000000000000e+00 0.000000000000000000e+00
 -1.439000010490417480e+00 0.000000000000000000e+00 0.000000000000000000e+00
 -1.433500051498413086e+00 0.000000000000000000e+00 0.000000000000000000e+00
 -1.427999973297119141e+00 0.000000000000000000e+00 0.000000000000000000e+00
 -1.422500014305114746e+00 0.000000000000000000e+00 0.000000000000000000e+00
 -1.417000055313110352e+00 0.000000000000000000e+00 0.000000000000000000e+00
 -1.411499977111816406e+00 0.000000000000000000e+00 0.000000000000000000e+00
 -1.406000018119812012e+00 0.000000000000000000e+00 0.000000000000000000e+00
 -1.400500059127807617e+00 0.000000000000000000e+00 0.000000000000000000e+00
 -1.394999980926513672e+00 0.000000000000000000e+00 0.000000000000000000e+00
 -1.389500021934509277e+00 0.000000000000000000e+00 0.000000000000000000e+00
 -1.383999943733215332e+00 0.000000000000000000e+00 0.000000000000000000e+00
 -1.378499984741210938e+00 0.000000000000000000e+00 0.000000000000000000e+00
 -1.373000025749206543e+00 0.000000000000000000e+00 0.000000000000000000e+00
 -1.367499947547912598e+00 0.000000000000000000e+00 0.000000000000000000e+00
 -1.361999988555908203e+00 0.000000000000000000e+00 0.000000000000000000e+00
 -1.356500029563903809e+00 0.000000000000000000e+00 0.000000000000000000e+00
 -1.350999951362609863e+00 0.000000000000000000e+00 0.000000000000000000e+00
 -1.345499992370605469e+00 0.000000000000000000e+00 0.000000000000000000e+00
 -1.340000033378601074e+00 0.000000000000000000e+00 0.000000000000000000e+00
 -1.334499955177307129e+00 0.000000000000000000e+00 0.000000000000000000e+00
 -1.328999996185302734e+00 0.000000000000000000e+00 0.000000000000000000e+00
 -1.323500037193298340e+00 0.000000000000000000e+00 0.000000000000000000e+00
 -1.317999958992004395e+00 0.000000000000000000e+00 0.000000000000000000e+00
 -1.312500000000000000e+00 0.000000000000000000e+00 0.000000000000000000e+00
 -1.307000041007995605e+00 0.000000000000000000e+00 0.000000000000000000e+00
 -1.301499962806701660e+00 0.000000000000000000e+00 0.000000000000000000e+00
 -1.296000003814697266e+00 0.000000000000000000e+00 0.000000000000000000e+00
 -1.290500044822692871e+00 0.000000000000000000e+00 0.000000000000000000e+00
 -1.284999966621398926e+00 0.000000000000000000e+00 0.000000000000000000e+00
 -1.279500007629394531e+00 0.000000000000000000e+00 0.000000000000000000e+00
 -1.274000048637390137e+00 0.000000000000000000e+00 0.000000000000000000e+00
 -1.268499970436096191e+00 0.000000000000000000e+00 0.000000000000000000e+00
 -1.263000011444091797e+00 0.000000000000000000e+00 0.000000000000000000e+00
 -1.257500052452087402e+00 0.000000000000000000e+00 0.000000000000000000e+00
 -1.251999974250793457e+00 0.000000000000000000e+00 0.000000000000000000e+00
 -1.246500015258789062e+00 0.000000000000000000e+00 0.000000000000000000e+00
 -1.241000056266784668e+00 0.000000000000000000e+00 0.000000000000000000e+00
 -1.235499978065490723e+00 0.000000000000000000e+00 0.000000000000000000e+00
 -1.230000019073486328e+00 0.000000000000000000e+00 0.000000000000000000e+00
 -1.224499940872192383e+00 0.000000000000000000e+00 0.000000000000000000e+00
 -1.218999981880187988e+00 0.000000000000000000e+00 0.000000000000000000e+00
 -1.213500022888183594e+00 0.000000000000000000e+00 0.000000000000000000e+00
 -1.207999944686889648e+00 0.000000000000000000e+00 0.000000000000000000e+00
 -1.202499985694885254e+00 0.000000000000000000e+00 0.000000000000000000e+00
 -1.197000026702880859e+00 0.000000000000000000e+00 0.000000000000000000e+00
 -1.191499948501586914e+00 0.000000000000000000e+00 0.000000000000000000e+00
 -1.185999989509582520e+00 0.000000000000000000e+00 0.000000000000000000e+00
 -1.180500030517578125e+00 0.000000000000000000e+00 0.000000000000000000e+00
 -1.174999952316284180e+00 0.000000000000000000e+00 0.000000000000000000e+00
 -1.169499993324279785e+00 0.000000000000000000e+00 0.000000000000000000e+00
 -1.164000034332275391e+00 0.000000000000000000e+00 0.000000000000000000e+00
 -1.158499956130981445e+00 0.000000000000000000e+00 0.000000000000000000e+00
 -1.152999997138977051e+00 0.000000000000000000e+00 0.000000000000000000e+00
 -1.147500038146972656e+00 0.000000000000000000e+00 0.000000000000000000e+00
 -1.141999959945678711e+00 0.000000000000000000e+00 0.000000000000000000e+00
 -1.136500000953674316e+00 0.000000000000000000e+00 0.000000000000000000e+00
 -1.131000041961669922e+00 0.000000000000000000e+00 0.000000000000000000e+00
 -1.125499963760375977e+00 0.000000000000000000e+00 0.000000000000000000e+00
 -1.120000004768371582e+00 0.000000000000000000e+00 0.000000000000000000e+00
 -1.114500045776367188e+00 0.000000000000000000e+00 0.000000000000000000e+00
 -1.108999967575073242e+00 0.000000000000000000e+00 0.000000000000000000e+00
 -1.103500008583068848e+00 0.000000000000000000e+00 0.000000000000000000e+00
 -1.098000049591064453e+00 0.000000000000000000e+00 0.000000000000000000e+00
 -1.092499971389770508e+00 0.000000000000000000e+00 0.000000000000000000e+00
 -1.087000012397766113e+00 0.000000000000000000e+00 0.000000000000000000e+00
 -1.081500053405761719e+00 0.000000000000000000e+00 0.000000000000000000e+00
 -1.075999975204467773e+00 0.000000000000000000e+00 0.000000000000000000e+00
 -1.070500016212463379e+00 0.000000000000000000e+00 0.000000000000000000e+00
 -1.065000057220458984e+00 0.000000000000000000e+00 0.000000000000000000e+00
 -1.059499979019165039e+00 0.000000000000000000e+00 0.000000000000000000e+00
 -1.054000020027160645e+00 0.000000000000000000e+00 0.000000000000000000e+00
 -1.048499941825866699e+00 0.000000000000000000e+00 0.000000000000000000e+00
 -1.042999982833862305e+00 0.000000000000000000e+00 0.000000000000000000e+00
 -1.037500023841857910e+00 0.000000000000000000e+00 0.000000000000000000e+00
 -1.031999945640563965e+00 0.000000000000000000e+00 0.000000000000000000e+00
 -1.026499986648559570e+00 0.000000000000000000e+00 0.000000000000000000e+00
 -1.021000027656555176e+00 0.000000000000000000e+00 0.000000000000000000e+00
 -1.015499949455261230e+00 0.000000000000000000e+00 0.000000000000000000e+00
 -1.009999990463256836e+00 0.000000000000000000e+00 0.000000000000000000e+00
 -1.004500031471252441e+00 0.000000000000000000e+00 0.000000000000000000e+00
 -9.990000128746032715e-01 0.000000000000000000e+00 0.000000000000000000e+00
 -9.934999942779541016e-01 0.000000000000000000e+00 0.000000000000000000e+00
 -9.879999756813049316e-01 0.000000000000000000e+00 0.000000000000000000e+00
 -9.825000166893005371e-01 0.000000000000000000e+00 0.000000000000000000e+00
 -9.769999980926513672e-01 0.000000000000000000e+00 0.000000000000000000e+00
 -9.714999794960021973e-01 0.000000000000000000e+00 0.000000000000000000e+00
 -9.660000205039978027e-01 0.000000000000000000e+00 0.000000000000000000e+00
 -9.605000019073486328e-01 0.000000000000000000e+00 0.000000000000000000e+00
 -9.549999833106994629e-01 0.000000000000000000e+00 0.000000000000000000e+00
 -9.495000243186950684e-01 0.000000000000000000e+00 0.000000000000000000e+00
 -9.440000057220458984e-01 0.000000000000000000e+00 0.000000000000000000e+00
 -9.384999871253967285e-01 0.000000000000000000e+00 0.000000000000000000e+00
 -9.330000281333923340e-01 0.000000000000000000e+00 0.000000000000000000e+00
 -9.275000095367431641e-01 0.000000000000000000e+00 0.000000000000000000e+00
 -9.219999909400939941e-01 0.000000000000000000e+00 0.000000000000000000e+00
 -9.164999723434448242e-01 0.000000000000000000e+00 0.000000000000000000e+00
 -9.110000133514404297e-01 0.000000000000000000e+00 0.000000000000000000e+00
 -9.054999947547912598e-01 0.000000000000000000e+00 0.000000000000000000e+00
 -8.999999761581420898e-01 0.000000000000000000e+00 0.000000000000000000e+00
 -8.945000171661376953e-01 0.000000000000000000e+00 0.000000000000000000e+00
 -8.889999985694885254e-01 0.000000000000000000e+00 0.000000000000000000e+00
 -8.834999799728393555e-01 0.000000000000000000e+00 0.000000000000000000e+00
 -8.780000209808349609e-01 0.000000000000000000e+00 0.000000000000000000e+00
 -8.725000023841857910e-01 0.000000000000000000e+00 0.000000000000000000e+00
 -8.669999837875366211e-01 0.000000000000000000e+00 0.000000000000000000e+00
 -8.615000247955322266e-01 0.000000000000000000e+00 0.000000000000000000e+00
 -8.560000061988830566e-01 0.000000000000000000e+00 0.000000000000000000e+00
 -8.504999876022338867e-01 0.000000000000000000e+00 0.000000000000000000e+00
 -8.450000286102294922e-01 0.000000000000000000e+00 0.000000000000000000e+00
 -8.395000100135803223e-01 0.000000000000000000e+00 0.000000000000000000e+00
 -8.339999914169311523e-01 0.000000000000000000e+00 0.000000000000000000e+00
 -8.284999728202819824e-01 0.000000000000000000e+00 0.000000000000000000e+00
 -8.230000138282775879e-01 0.000000000000000000e+00 0.000000000000000000e+00
 -8.174999952316284180e-01 0.000000000000000000e+00 0.000000000000000000e+00
 -8.119999766349792480e-01 0.000000000000000000e+00 0.000000000000000000e+00
 -8.065000176429748535e-01 0.000000000000000000e+00 0.000000000000000000e+00
 -8.009999990463256836e-01 0.000000000000000000e+00 0.000000000000000000e+00
 -7.954999804496765137e-01 0.000000000000000000e+00 0.000000000000000000e+00
 -7.900000214576721191e-01 0.000000000000000000e+00 0.000000000000000000e+00
 -7.845000028610229492e-01 0.000000000000000000e+00 0.000000000000000000e+00
 -7.789999842643737793e-01 0.000000000000000000e+00 0.000000000000000000e+00
 -7.735000252723693848e-01 0.000000000000000000e+00 0.000000000000000000e+00
 -7.680000066757202148e-01 0.000000000000000000e+00 0.000000000000000000e+00
 -7.624999880790710449e-01 0.000000000000000000e+00 0.000000000000000000e+00
 -7.570000290870666504e-01 0.000000000000000000e+00 0.000000000000000000e+00
 -7.515000104904174805e-01 0.000000000000000000e+00 0.000000000000000000e+00
 -7.459999918937683105e-01 0.000000000000000000e+00 0.000000000000000000e+00
 -7.404999732971191406e-01 0.000000000000000000e+00 0.000000000000000000e+00
 -7.350000143051147461e-01 0.000000000000000000e+00 0.000000000000000000e+00
 -7.294999957084655762e-01 0.000000000000000000e+00 0.000000000000000000e+00
 -7.239999771118164062e-01 0.000000000000000000e+00 0.000000000000000000e+00
 -7.185000181198120117e-01 0.000000000000000000e+00 0.000000000000000000e+00
 -7.129999995231628418e-01 0.000000000000000000e+00 0.000000000000000000e+00
 -7.074999809265136719e-01 0.000000000000000000e+00 0.000000000000000000e+00
 -7.020000219345092773e-01 0.000000000000000000e+00 0.000000000000000000e+00
 -6.965000033378601074e-01 0.000000000000000000e+00 0.000000000000000000e+00
 -6.909999847412109375e-01 0.000000000000000000e+00 0.000000000000000000e+00
 -6.855000257492065430e-01 0.000000000000000000e+00 0.000000000000000000e+00
 -6.800000071525573730e-01 0.000000000000000000e+00 0.000000000000000000e+00
 -6.744999885559082031e-01 0.000000000000000000e+00 0.000000000000000000e+00
 -6.690000295639038086e-01 0.000000000000000000e+00 0.000000000000000000e+00
 -6.635000109672546387e-01 0.000000000000000000e+00 0.000000000000000000e+00
 -6.579999923706054688e-01 0.000000000000000000e+00 0.000000000000000000e+00
 -6.524999737739562988e-01 0.000000000000000000e+00 0.000000000000000000e+00
 -6.470000147819519043e-01 0.000000000000000000e+00 0.000000000000000000e+00
 -6.414999961853027344e-01 0.000000000000000000e+00 0.000000000000000000e+00
 -6.359999775886535645e-01 0.000000000000000000e+00 0.000000000000000000e+00
 -6.305000185966491699e-01 0.000000000000000000e+00 0.000000000000000000e+00
 -6.250000000000000000e-01 0.000000000000000000e+00 0.000000000000000000e+00
 -2.000000000000000000e+00 5.000000074505805969e-02 0.000000000000000000e+00
 -1.994500041007995605e+00 5.000000074505805969e-02 0.000000000000000000e+00
 -1.988999962806701660e+00 5.000000074505805969e-02 0.000000000000000000e+00
 -1.983500003814697266e+00 5.000000074505805969e-02 0.000000000000000000e+00
 -1.978000044822692871e+00 5.000000074505805969e-02 0.000000000000000000e+00
 -1.972499966621398926e+00 5.000000074505805969e-02 0.000000000000000000e+00
 -1.967000007629394531e+00 5.000000074505805969e-02 0.000000000000000000e+00
 -1.961500048637390137e+00 5.000000074505805969e-02 0.000000000000000000e+00
 -1.955999970436096191e+00 5.000000074505805969e-02 0.000000000000000000e+00
 -1.950500011444091797e+00 5.000000074505805969e-02 0.000000000000000000e+00
 -1.945000052452087402e+00 5.000000074505805969e-02 0.000000000000000000e+00
 -1.939499974250793457e+00 5.000000074505805969e-02 0.000000000000000000e+00
 -1.934000015258789062e+00 5.000000074505805969e-02 0.000000000000000000e+00
 -1.928500056266784668e+00 5.000000074505805969e-02 0.000000000000000000e+00
 -1.922999978065490723e+00 5.000000074505805969e-02 0.000000000000000000e+00
 -1.917500019073486328e+00 5.000000074505805969e-02 0.000000000000000000e+00
 -1.911999940872192383e+00 5.000000074505805969e-02 0.000000000000000000e+00
 -1.906499981880187988e+00 5.000000074505805969e-02 0.000000000000000000e+00
 -1.901000022888183594e+00 5.000000074505805969e-02 0.000000000000000000e+00
 -1.895499944686889648e+00 5.000000074505805969e-02 0.000000000000000000e+00
 -1.889999985694885254e+00 5.000000074505805969e-02 0.000000000000000000e+00
 -1.884500026702880859e+00 5.000000074505805969e-02 0.000000000000000000e+00
 -1.878999948501586914e+00 5.000000074505805969e-02 0.000000000000000000e+00
 -1.873499989509582520e+00 5.000000074505805969e-02 0.000000000000000000e+00
 -1.868000030517578125e+00 5.000000074505805969e-02 0.000000000000000000e+00
 -1.862499952316284180e+00 5.000000074505805969e-02 0.000000000000000000e+00
 -1.856999993324279785e+00 5.000000074505805969e-02 0.000000000000000000e+00
 -1.851500034332275391e+00 5.000000074505805969e-02 0.000000000000000000e+00
 -1.845999956130981445e+00 5.000000074505805969e-02 0.000000000000000000e+00
 -1.840499997138977051e+00 5.000000074505805969e-02 0.000000000000000000e+00
 -1.835000038146972656e+00 5.000000074505805969e-02 0.000000000000000000e+00
 -1.829499959945678711e+00 5.000000074505805969e-02 0.000000000000000000e+00
 -1.824000000953674316e+00 5.000000074505805969e-02 0.000000000000000000e+00
 -1.818500041961669922e+00 5.000000074505805969e-02 0.000000000000000000e+00
 -1.812999963760375977e+00 5.000000074505805969e-02 0.000000000000000000e+00
 -1.807500004768371582e+00 5.000000074505805969e-02 0.000000000000000000e+00
 -1.802000045776367188e+00 5.000000074505805969e-02 0.000000000000000000e+00
 -1.796499967575073242e+00 5.000000074505805969e-02 0.000000000000000000e+00
 -1.791000008583068848e+00 5.000000074505805969e-02 0.000000000000000000e+00
 -1.785500049591064453e+00 5.000000074505805969e-02 0.000000000000000000e+00
 -1.779999971389770508e+00 5.000000074505805969e-02 0.000000000000000000e+00
 -1.774500012397766113e+00 5.000000074505805969e-02 0.000000000000000000e+00
 -1.769000053405761719e+00 5.000000074505805969e-02 0.000000000000000000e+00
 -1.763499975204467773e+00 5.000000074505805969e-02 0.000000000000000000e+00
 -1.758000016212463379e+00 5.000000074505805969e-02 0.000000000000000000e+00
 -1.752500057220458984e+00 5.000000074505805969e-02 0.000000000000000000e+00
 -1.746999979019165039e+00 5.000000074505805969e-02 0.000000000000000000e+00
 -1.741500020027160645e+00 5.000000074505805969e-02 0.000000000000000000e+00
 -1.735999941825866699e+00 5.000000074505805969e-02 0.000000000000000000e+00
 -1.730499982833862305e+00 5.000000074505805969e-02 0.000000000000000000e+00
 -1.725000023841857910e+00 5.000000074505805969e-02 0.000000000000000000e+00
 -1.719499945640563965e+00 5.000000074505805969e-02 0.000000000000000000e+00
 -1.713999986648559570e+00 5.000000074505805969e-02 0.000000000000000000e+00
 -1.708500027656555176e+00 5.000000074505805969e-02 0.000000000000000000e+00
 -1.702999949455261230e+00 5.000000074505805969e-02 0.000000000000000000e+00
 -1.697499990463256836e+00 5.000000074505805969e-02 0.000000000000000000e+00
 -1.692000031471252441e+00 5.000000074505805969e-02 0.000000000000000000e+00
 -1.686499953269958496e+00 5.000000074505805969e-02 0.000000000000000000e+00
 -1.680999994277954102e+00 5.000000074505805969e-02 0.000000000000000000e+00
 -1.675500035285949707e+00 5.000000074505805969e-02 0.000000000000000000e+00
 -1.669999957084655762e+00 5.000000074505805969e-02 0.000000000000000000e+00
 -1.664499998092651367e+00 5.000000074505805969e-02 0.000000000000000000e+00
 -1.659000039100646973e+00 5.000000074505805969e-02 0.000000000000000000e+00
 -1.653499960899353027e+00 5.000000074505805969e-02 0.000000000000000000e+00
 -1.648000001907348633e+00 5.000000074505805969e-02 0.000000000000000000e+00
 -1.642500042915344238e+00 5.000000074505805969e-02 0.000000000000000000e+00
 -1.636999964714050293e+00 5.000000074505805969e-02 0.000000000000000000e+00
 -1.631500005722045898e+00 5.000000074505805969e-02 0.000000000000000000e+00
 -1.626000046730041504e+00 5.000000074505805969e-02 0.000000000000000000e+00
 -1.620499968528747559e+00 5.000000074505805969e-02 0.000000000000000000e+00
 -1.615000009536743164e+00 5.000000074505805969e-02 0.000000000000000000e+00
 -1.609500050544738770e+00 5.000000074505805969e-02 0.000000000000000000e+00
 -1.603999972343444824e+00 5.000000074505805969e-02 0.000000000000000000e+00
 -1.598500013351440430e+00 5.000000074505805969e-02 0.000000000000000000e+00
 -1.593000054359436035e+00 5.000000074505805969e-02 0.000000000000000000e+00
 -1.587499976158142090e+00 5.000000074505805969e-02 0.000000000000000000e+00
 -1.582000017166137695e+00 5.000000074505805969e-02 0.000000000000000000e+00
 -1.576500058174133301e+00 5.000000074505805969e-02 0.000000000000000000e+00
 -1.570999979972839355e+00 5.000000074505805969e-02 0.000000000000000000e+00
 -1.565500020980834961e+00 5.000000074505805969e-02 0.000000000000000000e+00
 -1.559999942779541016e+00 5.000000074505805969e-02 0.000000000000000000e+00
 -1.554499983787536621e+00 5.000000074505805969e-02 0.000000000000000000e+00
 -1.549000024795532227e+00 5.000000074505805969e-02 0.000000000000000000e+00
 -1.543499946594238281e+00 5.000000074505805969e-02 0.000000000000000000e+00
 -1.537999987602233887e+00 5.000000074505805969e-02 0.000000000000000000e+00
 -1.532500028610229492e+00 5.000000074505805969e-02 0.000000000000000000e+00
 -1.526999950408935547e+00 5.000000074505805969e-02 0.000000000000000000e+00
 -1.521499991416931152e+00 5.000000074505805969e-02 0.000000000000000000e+00
 -1.516000032424926758e+00 5.000000074505805969e-02 0.000000000000000000e+00
 -1.510499954223632812e+00 5.000000074505805969e-02 0.000000000000000000e+00
 -1.504999995231628418e+00 5.000000074505805969e-02 0.000000000000000000e+00
 -1.499500036239624023e+00 5.000000074505805969e-02 0.000000000000000000e+00
 -1.493999958038330078e+00 5.000000074505805969e-02 0.000000000000000000e+00
 -1.488499999046325684e+00 5.000000074505805969e-02 0.000000000000000000e+00
 -1.483000040054321289e+00 5.000000074505805969e-02 0.000000000000000000e+00
 -1.477499961853027344e+00 5.000000074505805969e-02 0.000000000000000000e+00
 -1.472000002861022949e+00 5.000000074505805969e-02 0.000000000000000000e+00
 -1.466500043869018555e+00 5.000000074505805969e-02 0.000000000000000000e+00
 -1.460999965667724609e+00 5.000000074505805969e-02 0.000000000000000000e+00
 -1.455500006675720215e+00 5.000000074505805969e-02 0.000000000000000000e+00
 -1.450000047683715820e+00 5.000000074505805969e-02 0.000000000000000000e+00
 -1.444499969482421875e+00 5.000000074505805969e-02 0.000000000000000000e+00
 -1.439000010490417480e+00 5.000000074505805969e-02 0.000000000000000000e+00
 -1.433500051498413086e+00 5.000000074505805969e-02 0.000000000000000000e+00
 -1.427999973297119141e+00 5.000000074505805969e-02 0.000000000000000000e+00
 -1.422500014305114746e+00 5.000000074505805969e-02 0.000000000000000000e+00
 -1.417000055313110352e+00 5.000000074505805969e-02 0.000000000000000000e+00
 -1.411499977111816406e+00 5.000000074505805969e-02 0.000000000000000000e+00
 -1.406000018119812012e+00 5.000000074505805969e-02 0.000000000000000000e+00
 -1.400500059127807617e+00 5.000000074505805969e-02 0.000000000000000000e+00
 -1.394999980926513672e+00 5.000000074505805969e-02 0.000000000000000000e+00
 -1.389500021934509277e+00 5.000000074505805969e-02 0.000000000000000000e+00
 -1.383999943733215332e+00 5.000000074505805969e-02 0.000000000000000000e+00
 -1.378499984741210938e+00 5.000000074505805969e-02 0.000000000000000000e+00
 -1.373000025749206543e+00 5.000000074505805969e-02 0.000000000000000000e+00
 -1.367499947547912598e+00 5.000000074505805969e-02 0.000000000000000000e+00
 -1.361999988555908203e+00 5.000000074505805969e-02 0.000000000000000000e+00
 -1.356500029563903809e+00 5.000000074505805969e-02 0.000000000000000000e+00
 -1.350999951362609863e+00 5.000000074505805969e-02 0.000000000000000000e+00
 -1.345499992370605469e+00 5.000000074505805969e-02 0.000000000000000000e+00
 -1.340000033378601074e+00 5.000000074505805969e-02 0.000000000000000000e+00
 -1.334499955177307129e+00 5.000000074505805969e-02 0.000000000000000000e+00
 -1.328999996185302734e+00 5.000000074505805969e-02 0.000000000000000000e+00
 -1.323500037193298340e+00 5.000000074505805969e-02 0.000000000000000000e+00
 -1.317999958992004395e+00 5.000000074505805969e-02 0.000000000000000000e+00
 -1.312500000000000000e+00 5.000000074505805969e-02 0.000000000000000000e+00
 -1.307000041007995605e+00 5.000000074505805969e-02 0.000000000000000000e+00
 -1.301499962806701660e+00 5.000000074505805969e-02 0.000000000000000000e+00
 -1.296000003814697266e+00 5.000000074505805969e-02 0.000000000000000000e+00
 -1.290500044822692871e+00 5.000000074505805969e-02 0.000000000000000000e+00
 -1.284999966621398926e+00 5.000000074505805969e-02 0.000000000000000000e+00
 -1.279500007629394531e+00 5.000000074505805969e-02 0.000000000000000000e+00
 -1.274000048637390137e+00 5.000000074505805969e-02 0.000000000000000000e+00
 -1.268499970436096191e+00 5.000000074505805969e-02 0.000000000000000000e+00
 -1.263000011444091797e+00 5.000000074505805969e-02 0.000000000000000000e+00
 -1.257500052452087402e+00 5.000000074505805969e-02 0.000000000000000000e+00
 -1.251999974250793457e+00 5.000000074505805969e-02 0.000000000000000000e+00
 -1.246500015258789062e+00 5.000000074505805969e-02 0.000000000000000000e+00
 -1.241000056266784668e+00 5.000000074505805969e-02 0.000000000000000000e+00
 -1.235499978065490723e+00 5.000000074505805969e-02 0.000000000000000000e+00
 -1.230000019073486328e+00 5.000000074505805969e-02 0.000000000000000000e+00
 -1.224499940872192383e+00 5.000000074505805969e-02 0.000000000000000000e+00
 -1.218999981880187988e+00 5.000000074505805969e-02 0.000000000000000000e+00
 -1.213500022888183594e+00 5.000000074505805969e-02 0.000000000000000000e+00
 -1.207999944686889648e+00 5.000000074505805969e-02 0.000000000000000000e+00
 -1.202499985694885254e+00 5.000000074505805969e-02 0.000000000000000000e+00
 -1.197000026702880859e+00 5.000000074505805969e-02 0.000000000000000000e+00
 -1.191499948501586914e+00 5.000000074505805969e-02 0.000000000000000000e+00
 -1.185999989509582520e+00 5.000000074505805969e-02 0.000000000000000000e+00
 -1.180500030517578125e+00 5.000000074505805969e-02 0.000000000000000000e+00
 -1.174999952316284180e+00 5.000000074505805969e-02 0.000000000000000000e+00
 -1.169499993324279785e+00 5.000000074505805969e-02 0.000000000000000000e+00
 -1.164000034332275391e+00 5.000000074505805969e-02 0.000000000000000000e+00
 -1.158499956130981445e+00 5.000000074505805969e-02 0.000000000000000000e+00
 -1.152999997138977051e+00 5.000000074505805969e-02 0.000000000000000000e+00
 -1.147500038146972656e+00 5.000000074505805969e-02 0.000000000000000000e+00
 -1.141999959945678711e+00 5.000000074505805969e-02 0.000000000000000000e+00
 -1.136500000953674316e+00 5.000000074505805969e-02 0.000000000000000000e+00
 -1.131000041961669922e+00 5.000000074505805969e-02 0.000000000000000000e+00
 -1.125499963760375977e+00 5.000000074505805969e-02 0.000000000000000000e+00
 -1.120000004768371582e+00 5.000000074505805969e-02 0.000000000000000000e+00
 -1.114500045776367188e+00 5.000000074505805969e-02 0.000000000000000000e+00
 -1.108999967575073242e+00 5.000000074505805969e-02 0.000000000000000000e+00
 -1.103500008583068848e+00 5.000000074505805969e-02 0.000000000000000000e+00
 -1.098000049591064453e+00 5.000000074505805969e-02 0.000000000000000000e+00
 -1.092499971389770508e+00 5.000000074505805969e-02 0.000000000000000000e+00
 -1.087000012397766113e+00 5.000000074505805969e-02 0.000000000000000000e+00
 -1.081500053405761719e+00 5.000000074505805969e-02 0.000000000000000000e+00
 -1.075999975204467773e+00 5.000000074505805969e-02 0.000000000000000000e+00
 -1.070500016212463379e+00 5.000000074505805969e-02 0.000000000000000000e+00
 -1.065000057220458984e+00 5.000000074505805969e-02 0.000000000000000000e+00
 -1.059499979019165039e+00 5.000000074505805969e-02 0.000000000000000000e+00
 -1.054000020027160645e+00 5.000000074505805969e-02 0.000000000000000000e+00
 -1.048499941825866699e+00 5.000000074505805969e-02 0.000000000000000000e+00
 -1.042999982833862305e+00 5.000000074505805969e-02 0.000000000000000000e+00
 -1.037500023841857910e+00 5.000000074505805969e-02 0.000000000000000000e+00
 -1.031999945640563965e+00 5.000000074505805969e-02 0.000000000000000000e+00
 -1.026499986648559570e+00 5.000000074505805969e-02 0.000000000000000000e+00
 -1.021000027656555176e+00 5.000000074505805969e-02 0.000000000000000000e+00
 -1.015499949455261230e+00 5.000000074505805969e-02 0.000000000000000000e+00
 -1.009999990463256836e+00 5.000000074505805969e-02 0.000000000000000000e+00
 -1.004500031471252441e+00 5.000000074505805969e-02 0.000000000000000000e+00
 -9.990000128746032715e-01 5.000000074505805969e-02 0.000000000000000000e+00
 -9.934999942779541016e-01 5.000000074505805969e-02 0.000000000000000000e+00
 -9.879999756813049316e-01 5.000000074505805969e-02 0.000000000000000000e+00
 -9.825000166893005371e-01 5.000000074505805969e-02 0.000000000000000000e+00
 -9.769999980926513672e-01 5.000000074505805969e-02 0.000000000000000000e+00
 -9.714999794960021973e-01 5.000000074505805969e-02 0.000000000000000000e+00
 -9.660000205039978027e-01 5.000000074505805969e-02 0.000000000000000000e+00
 -9.605000019073486328e-01 5.000000074505805969e-02 0.000000000000000000e+00
 -9.549999833106994629e-01 5.000000074505805969e-02 0.000000000000000000e+00
 -9.495000243186950684e-01 5.000000074505805969e-02 0.000000000000000000e+00
 -9.440000057220458984e-01 5.000000074505805969e-02 0.000000000000000000e+00
 -9.384999871253967285e-01 5.000000074505805969e-02 0.000000000000000000e+00
 -9.330000281333923340e-01 5.000000074505805969e-02 0.000000000000000000e+00
 -9.275000095367431641e-01 5.000000074505805969e-02 0.000000000000000000e+00
 -9.219999909400939941e-01 5.000000074505805969e-02 0.000000000000000000e+00
 -9.164999723434448242e-01 5.000000074505805969e-02 0.000000000000000000e+00
 -9.110000133514404297e-01 5.000000074505805969e-02 0.000000000000000000e+00
 -9.054999947547912598e-01 5.000000074505805969e-02 0.000000000000000000e+00
 -8.999999761581420898e-01 5.000000074505805969e-02 0.000000000000000000e+00
 -8.945000171661376953e-01 5.000000074505805969e-02 0.000000000000000000e+00
 -8.889999985694885254e-01 5.000000074505805969e-02 0.000000000000000000e+00
 -8.834999799728393555e-01 5.000000074505805969e-02 0.000000000000000000e+00
 -8.780000209808349609e-01 5.000000074505805969e-02 0.000000000000000000e+00
 -8.725000023841857910e-01 5.000000074505805969e-02 0.000000000000000000e+00
 -8.669999837875366211e-01 5.000000074505805969e-02 0.000000000000000000e+00
 -8.615000247955322266e-01 5.000000074505805969e-02 0.000000000000000000e+00
 -8.560000061988830566e-01 5.000000074505805969e-02 0.000000000000000000e+00
 -8.504999876022338867e-01 5.000000074505805969e-02 0.000000000000000000e+00
 -8.450000286102294922e-01 5.000000074505805969e-02 0.000000000000000000e+00
 -8.395000100135803223e-01 5.000000074505805969e-02 0.000000000000000000e+00
 -8.339999914169311523e-01 5.000000074505805969e-02 0.000000000000000000e+00
 -8.284999728202819824e-01 5.000000074505805969e-02 0.000000000000000000e+00
 -8.230000138282775879e-01 5.000000074505805969e-02 0.000000000000000000e+00
 -8.174999952316284180e-01 5.000000074505805969e-02 0.000000000000000000e+00
 -8.119999766349792480e-01 5.000000074505805969e-02 0.000000000000000000e+00
 -8.065000176429748535e-01 5.000000074505805969e-02 0.000000000000000000e+00
 -8.009999990463256836e-01 5.000000074505805969e-02 0.000000000000000000e+00
 -7.954999804496765137e-01 5.000000074505805969e-02 0.000000000000000000e+00
 -7.900000214576721191e-01 5.000000074505805969e-02 0.000000000000000000e+00
 -7.845000028610229492e-01 5.000000074505805969e-02 0.000000000000000000e+00
 -7.789999842643737793e-01 5.000000074505805969e-02 0.000000000000000000e+00
 -7.735000252723693848e-01 5.000000074505805969e-02 0.000000000000000000e+00
 -7.680000066757202148e-01 5.000000074505805969e-02 0.000000000000000000e+00
 -7.624999880790710449e-01 5.000000074505805969e-02 0.000000000000000000e+00
 -7.570000290870666504e-01 5.000000074505805969e-02 0.000000000000000000e+00
 -7.515000104904174805e-01 5.000000074505805969e-02 0.000000000000000000e+00
 -7.459999918937683105e-01 5.000000074505805969e-02 0.000000000000000000e+00
 -7.404999732971191406e-01 5.000000074505805969e-02 0.000000000000000000e+00
 -7.350000143051147461e-01 5.000000074505805969e-02 0.000000000000000000e+00
 -7.294999957084655762e-01 5.000000074505805969e-02 0.000000000000000000e+00
 -7.239999771118164062e-01 5.000000074505805969e-02 0.000000000000000000e+00
 -7.185000181198120117e-01 5.000000074505805969e-02 0.000000000000000000e+00
 -7.129999995231628418e-01 5.000000074505805969e-02 0.000000000000000000e+00
 -7.074999809265136719e-01 5.000000074505805969e-02 0.000000000000000000e+00
 -7.020000219345092773e-01 5.000000074505805969e-02 0.000000000000000000e+00
 -6.965000033378601074e-01 5.000000074505805969e-02 0.000000000000000000e+00
 -6.909999847412109375e-01 5.000000074505805969e-02 0.000000000000000000e+00
 -6.855000257492065430e-01 5.000000074505805969e-02 0.000000000000000000e+00
 -6.800000071525573730e-01 5.000000074505805969e-02 0.000000000000000000e+00
 -6.744999885559082031e-01 5.000000074505805969e-02 0.000000000000000000e+00
 -6.690000295639038086e-01 5.000000074505805969e-02 0.000000000000000000e+00
 -6.635000109672546387e-01 5.000000074505805969e-02 0.000000000000000000e+00
 -6.579999923706054688e-01 5.000000074505805969e-02 0.000000000000000000e+00
 -6.524999737739562988e-01 5.000000074505805969e-02 0.000000000000000000e+00
 -6.470000147819519043e-01 5.000000074505805969e-02 0.000000000000000000e+00
 -6.414999961853027344e-01 5.000000074505805969e-02 0.000000000000000000e+00
 -6.359999775886535645e-01 5.000000074505805969e-02 0.000000000000000000e+00
 -6.305000185966491699e-01 5.000000074505805969e-02 0.000000000000000000e+00
 -6.250000000000000000e-01 5.000000074505805969e-02 0.000000000000000000e+00
 -2.000000000000000000e+00 1.000000014901161194e-01 0.000000000000000000e+00
 -1.994500041007995605e+00 1.000000014901161194e-01 0.000000000000000000e+00
 -1.988999962806701660e+00 1.000000014901161194e-01 0.000000000000000000e+00
 -1.983500003814697266e+00 1.000000014901161194e-01 0.000000000000000000e+00
 -1.978000044822692871e+00 1.000000014901161194e-01 0.000000000000000000e+00
 -1.972499966621398926e+00 1.000000014901161194e-01 0.000000000000000000e+00
 -1.967000007629394531e+00 1.000000014901161194e-01 0.000000000000000000e+00
 -1.961500048637390137e+00 1.000000014901161194e-01 0.000000000000000000e+00
 -1.955999970436096191e+00 1.000000014901161194e-01 0.000000000000000000e+00
 -1.950500011444091797e+00 1.000000014901161194e-01 0.000000000000000000e+00
 -1.945000052452087402e+00 1.000000014901161194e-01 0.000000000000000000e+00
 -1.939499974250793457e+00 1.000000014901161194e-01 0.000000000000000000e+00
 -1.934000015258789062e+00 1.000000014901161194e-01 0.000000000000000000e+00
 -1.928500056266784668e+00 1.000000014901161194e-01 0.000000000000000000e+00
 -1.922999978065490723e+00 1.000000014901161194e-01 0.000000000000000000e+00
 -1.917500019073486328e+00 1.000000014901161194e-01 0.000000000000000000e+00
 -1.911999940872192383e+00 1.000000014901161194e-01 0.000000000000000000e+00
 -1.906499981880187988e+00 1.000000014901161194e-01 0.000000000000000000e+00
 -1.901000022888183594e+00 1.000000014901161194e-01 0.000000000000000000e+00
 -1.895499944686889648e+00 1.000000014901161194e-01 0.000000000000000000e+00
 -1.889999985694885254e+00 1.000000014901161194e-01 0.000000000000000000e+00
 -1.884500026702880859e+00 1.000000014901161194e-01 0.000000000000000000e+00
 -1.878999948501586914e+00 1.000000014901161194e-01 0.000000000000000000e+00
 -1.873499989509582520e+00 1.000000014901161194e-01 0.000000000000000000e+00
 -1.868000030517578125e+00 1.000000014901161194e-01 0.000000000000000000e+00
 -1.862499952316284180e+00 1.000000014901161194e-01 0.000000000000000000e+00
 -1.856999993324279785e+00 1.000000014901161194e-01 0.000000000000000000e+00
 -1.851500034332275391e+00 1.000000014901161194e-01 0.000000000000000000e+00
 -1.845999956130981445e+00 1.000000014901161194e-01 0.000000000000000000e+00
 -1.840499997138977051e+00 1.000000014901161194e-01 0.000000000000000000e+00
 -1.835000038146972656e+00 1.000000014901161194e-01 0.000000000000000000e+00
 -1.829499959945678711e+00 1.000000014901161194e-01 0.000000000000000000e+00
 -1.824000000953674316e+00 1.000000014901161194e-01 0.000000000000000000e+00
 -1.818500041961669922e+00 1.000000014901161194e-01 0.000000000000000000e+00
 -1.812999963760375977e+00 1.000000014901161194e-01 0.000000000000000000e+00
 -1.807500004768371582e+00 1.000000014901161194e-01 0.000000000000000000e+00
 -1.802000045776367188e+00 1.000000014901161194e-01 0.000000000000000000e+00
 -1.796499967575073242e+00 1.000000014901161194e-01 0.000000000000000000e+00
 -1.791000008583068848e+00 1.000000014901161194e-01 0.000000000000000000e+00
 -1.785500049591064453e+00 1.000000014901161194e-01 0.000000000000000000e+00
 -1.779999971389770508e+00 1.000000014901161194e-01 0.000000000000000000e+00
 -1.774500012397766113e+00 1.000000014901161194e-01 0.000000000000000000e+00
 -1.769000053405761719e+00 1.000000014901161194e-01 0.000000000000000000e+00
 -1.763499975204467773e+00 1.000000014901161194e-01 0.000000000000000000e+00
 -1.758000016212463379e+00 1.000000014901161194e-01 0.000000000000000000e+00
 -1.752500057220458984e+00 1.000000014901161194e-01 0.000000000000000000e+00
 -1.746999979019165039e+00 1.000000014901161194e-01 0.000000000000000000e+00
 -1.741500020027160645e+00 1.000000014901161194e-01 0.000000000000000000e+00
 -1.735999941825866699e+00 1.000000014901161194e-01 0.000000000000000000e+00
 -1.730499982833862305e+00 1.000000014901161194e-01 0.000000000000000000e+00
 -1.725000023841857910e+00 1.000000014901161194e-01 0.000000000000000000e+00
 -1.719499945640563965e+00 1.000000014901161194e-01 0.000000000000000000e+00
 -1.713999986648559570e+00 1.000000014901161194e-01 0.000000000000000000e+00
 -1.708500027656555176e+00 1.000000014901161194e-01 0.000000000000000000e+00
 -1.702999949455261230e+00 1.000000014901161194e-01 0.000000000000000000e+00
 -1.697499990463256836e+00 1.000000014901161194e-01 0.000000000000000000e+00
 -1.692000031471252441e+00 1.000000014901161194e-01 0.000000000000000000e+00
 -1.686499953269958496e+00 1.000000014901161194e-01 0.000000000000000000e+00
 -1.680999994277954102e+00 1.000000014901161194e-01 0.000000000000000000e+00
 -1.675500035285949707e+00 1.000000014901161194e-01 0.000000000000000000e+00
 -1.669999957084655762e+00 1.000000014901161194e-01 0.000000000000000000e+00
 -1.664499998092651367e+00 1.000000014901161194e-01 0.000000000000000000e+00
 -1.659000039100646973e+00 1.000000014901161194e-01 0.000000000000000000e+00
 -1.653499960899353027e+00 1.000000014901161194e-01 0.000000000000000000e+00
 -1.648000001907348633e+00 1.000000014901161194e-01 0.000000000000000000e+00
 -1.642500042915344238e+00 1.000000014901161194e-01 0.000000000000000000e+00
 -1.636999964714050293e+00 1.000000014901161194e-01 0.000000000000000000e+00
 -1.631500005722045898e+00 1.000000014901161194e-01 0.000000000000000000e+00
 -1.626000046730041504e+00 1.000000014901161194e-01 0.000000000000000000e+00
 -1.620499968528747559e+00 1.000000014901161194e-01 0.000000000000000000e+00
 -1.615000009536743164e+00 1.000000014901161194e-01 0.000000000000000000e+00
 -1.609500050544738770e+00 1.000000014901161194e-01 0.000000000000000000e+00
 -1.603999972343444824e+00 1.000000014901161194e-01 0.000000000000000000e+00
 -1.598500013351440430e+00 1.000000014901161194e-01 0.000000000000000000e+00
 -1.593000054359436035e+00 1.000000014901161194e-01 0.000000000000000000e+00
 -1.587499976158142090e+00 1.000000014901161194e-01 0.000000000000000000e+00
 -1.582000017166137695e+00 1.000000014901161194e-01 0.000000000000000000e+00
 -1.576500058174133301e+00 1.000000014901161194e-01 0.000000000000000000e+00
 -1.570999979972839355e+00 1.000000014901161194e-01 0.000000000000000000e+00
 -1.565500020980834961e+00 1.000000014901161194e-01 0.000000000000000000e+00
 -1.559999942779541016e+00 1.000000014901161194e-01 0.000000000000000000e+00
 -1.554499983787536621e+00 1.000000014901161194e-01 0.000000000000000000e+00
 -1.549000024795532227e+00 1.000000014901161194e-01 0.000000000000000000e+00
 -1.543499946594238281e+00 1.000000014901161194e-01 0.000000000000000000e+00
 -1.537999987602233887e+00 1.000000014901161194e-01 0.000000000000000000e+00
 -1.532500028610229492e+00 1.000000014901161194e-01 0.000000000000000000e+00
 -1.526999950408935547e+00 1.000000014901161194e-01 0.000000000000000000e+00
 -1.521499991416931152e+00 1.000000014901161194e-01 0.000000000000000000e+00
 -1.516000032424926758e+00 1.000000014901161194e-01 0.000000000000000000e+00
 -1.510499954223632812e+00 1.000000014901161194e-01 0.000000000000000000e+00
 -1.504999995231628418e+00 1.000000014901161194e-01 0.000000000000000000e+00
 -1.499500036239624023e+00 1.000000014901161194e-01 0.000000000000000000e+00
 -1.493999958038330078e+00 1.000000014901161194e-01 0.000000000000000000e+00
 -1.488499999046325684e+00 1.000000014901161194e-01 0.000000000000000000e+00
 -1.483000040054321289e+00 1.000000014901161194e-01 0.000000000000000000e+00
 -1.477499961853027344e+00 1.000000014901161194e-01 0.000000000000000000e+00
 -1.472000002861022949e+00 1.000000014901161194e-01 0.000000000000000000e+00
 -1.466500043869018555e+00 1.000000014901161194e-01 0.000000000000000000e+00
 -1.460999965667724609e+00 1.000000014901161194e-01 0.000000000000000000e+00
 -1.455500006675720215e+00 1.000000014901161194e-01 0.000000000000000000e+00
 -1.450000047683715820e+00 1.000000014901161194e-01 0.000000000000000000e+00
 -1.444499969482421875e+00 1.000000014901161194e-01 0.000000000000000000e+00
 -1.439000010490417480e+00 1.000000014901161194e-01 0.000000000000000000e+00
 -1.433500051498413086e+00 1.000000014901161194e-01 0.000000000000000000e+00
 -1.427999973297119141e+00 1.000000014901161194e-01 0.000000000000000000e+00
 -1.422500014305114746e+00 1.000000014901161194e-01 0.000000000000000000e+00
 -1.417000055313110352e+00 1.000000014901161194e-01 0.000000000000000000e+00
 -1.411499977111816406e+00 1.000000014901161194e-01 0.000000000000000000e+00
 -1.406000018119812012e+00 1.000000014901161194e-01 0.000000000000000000e+00
 -1.400500059127807617e+00 1.000000014901161194e-01 0.000000000000000000e+00
 -1.394999980926513672e+00 1.000000014901161194e-01 0.000000000000000000e+00
 -1.389500021934509277e+00 1.000000014901161194e-01 0.000000000000000000e+00
 -1.383999943733215332e+00 1.000000014901161194e-01 0.000000000000000000e+00
 -1.378499984741210938e+00 1.000000014901161194e-01 0.000000000000000000e+00
 -1.373000025749206543e+00 1.000000014901161194e-01 0.000000000000000000e+00
 -1.367499947547912598e+00 1.000000014901161194e-01 0.000000000000000000e+00
 -1.361999988555908203e+00 1.000000014901161194e-01 0.000000000000000000e+00
 -1.356500029563903809e+00 1.000000014901161194e-01 0.000000000000000000e+00
 -1.350999951362609863e+00 1.000000014901161194e-01 0.000000000000000000e+00
 -1.345499992370605469e+00 1.000000014901161194e-01 0.000000000000000000e+00
 -1.340000033378601074e+00 1.000000014901161194e-01 0.000000000000000000e+00
 -1.334499955177307129e+00 1.000000014901161194e-01 0.000000000000000000e+00
 -1.328999996185302734e+00 1.000000014901161194e-01 0.000000000000000000e+00
 -1.323500037193298340e+00 1.000000014901161194e-01 0.000000000000000000e+00
 -1.317999958992004395e+00 1.000000014901161194e-01 0.000000000000000000e+00
 -1.312500000000000000e+00 1.000000014901161194e-01 0.000000000000000000e+00
 -1.307000041007995605e+00 1.000000014901161194e-01 0.000000000000000000e+00
 -1.301499962806701660e+00 1.000000014901161194e-01 0.000000000000000000e+00
 -1.296000003814697266e+00 1.000000014901161194e-01 0.000000000000000000e+00
 -1.290500044822692871e+00 1.000000014901161194e-01 0.000000000000000000e+00
 -1.284999966621398926e+00 1.000000014901161194e-01 0.000000000000000000e+00
 -1.279500007629394531e+00 1.000000014901161194e-01 0.000000000000000000e+00
 -1.274000048637390137e+00 1.000000014901161194e-01 0.000000000000000000e+00
 -1.268499970436096191e+00 1.000000014901161194e-01 0.000000000000000000e+00
 -1.263000011444091797e+00 1.000000014901161194e-01 0.000000000000000000e+00
 -1.257500052452087402e+00 1.000000014901161194e-01 0.000000000000000000e+00
 -1.251999974250793457e+00 1.000000014901161194e-01 0.000000000000000000e+00
 -1.246500015258789062e+00 1.000000014901161194e-01 0.000000000000000000e+00
 -1.241000056266784668e+00 1.000000014901161194e-01 0.000000000000000000e+00
 -1.235499978065490723e+00 1.000000014901161194e-01 0.000000000000000000e+00
 -1.230000019073486328e+00 1.000000014901161194e-01 0.000000000000000000e+00
 -1.224499940872192383e+00 1.000000014901161194e-01 0.000000000000000000e+00
 -1.218999981880187988e+00 1.000000014901161194e-01 0.000000000000000000e+00
 -1.213500022888183594e+00 1.000000014901161194e-01 0.000000000000000000e+00
 -1.207999944686889648e+00 1.000000014901161194e-01 0.000000000000000000e+00
 -1.202499985694885254e+00 1.000000014901161194e-01 0.000000000000000000e+00
 -1.197000026702880859e+00 1.000000014901161194e-01 0.000000000000000000e+00
 -1.191499948501586914e+00 1.000000014901161194e-01 0.000000000000000000e+00
 -1.185999989509582520e+00 1.000000014901161194e-01 0.000000000000000000e+00
 -1.180500030517578125e+00 1.000000014901161194e-01 0.000000000000000000e+00
 -1.174999952316284180e+00 1.000000014901161194e-01 0.000000000000000000e+00
 -1.169499993324279785e+00 1.000000014901161194e-01 0.000000000000000000e+00
 -1.164000034332275391e+00 1.000000014901161194e-01 0.000000000000000000e+00
 -1.158499956130981445e+00 1.000000014901161194e-01 0.000000000000000000e+00
 -1.152999997138977051e+00 1.000000014901161194e-01 0.000000000000000000e+00
 -1.147500038146972656e+00 1.000000014901161194e-01 0.000000000000000000e+00
 -1.141999959945678711e+00 1.000000014901161194e-01 0.000000000000000000e+00
 -1.136500000953674316e+00 1.000000014901161194e-01 0.000000000000000000e+00
 -1.131000041961669922e+00 1.000000014901161194e-01 0.000000000000000000e+00
 -1.125499963760375977e+00 1.000000014901161194e-01 0.000000000000000000e+00
 -1.120000004768371582e+00 1.000000014901161194e-01 0.000000000000000000e+00
 -1.114500045776367188e+00 1.000000014901161194e-01 0.000000000000000000e+00
 -1.108999967575073242e+00 1.000000014901161194e-01 0.000000000000000000e+00
 -1.103500008583068848e+00 1.000000014901161194e-01 0.000000000000000000e+00
 -1.098000049591064453e+00 1.000000014901161194e-01 0.000000000000000000e+00
 -1.092499971389770508e+00 1.000000014901161194e-01 0.000000000000000000e+00
 -1.087000012397766113e+00 1.000000014901161194e-01 0.000000000000000000e+00
 -1.081500053405761719e+00 1.000000014901161194e-01 0.000000000000000000e+00
 -1.075999975204467773e+00 1.000000014901161194e-01 0.000000000000000000e+00
 -1.070500016212463379e+00 1.000000014901161194e-01 0.000000000000000000e+00
 -1.065000057220458984e+00 1.000000014901161194e-01 0.000000000000000000e+00
 -1.059499979019165039e+00 1.000000014901161194e-01 0.000000000000000000e+00
 -1.054000020027160645e+00 1.000000014901161194e-01 0.000000000000000000e+00
 -1.048499941825866699e+00 1.000000014901161194e-01 0.000000000000000000e+00
 -1.042999982833862305e+00 1.000000014901161194e-01 0.000000000000000000e+00
 -1.037500023841857910e+00 1.000000014901161194e-01 0.000000000000000000e+00
 -1.031999945640563965e+00 1.000000014901161194e-01 0.000000000000000000e+00
 -1.026499986648559570e+00 1.000000014901161194e-01 0.000000000000000000e+00
 -1.021000027656555176e+00 1.000000014901161194e-01 0.000000000000000000e+00
 -1.015499949455261230e+00 1.000000014901161194e-01 0.000000000000000000e+00
 -1.009999990463256836e+00 1.000000014901161194e-01 0.000000000000000000e+00
 -1.004500031471252441e+00 1.000000014901161194e-01 0.000000000000000000e+00
 -9.990000128746032715e-01 1.000000014901161194e-01 0.000000000000000000e+00
 -9.934999942779541016e-01 1.000000014901161194e-01 0.000000000000000000e+00
 -9.879999756813049316e-01 1.000000014901161194e-01 0.000000000000000000e+00
 -9.825000166893005371e-01 1.000000014901161194e-01 0.000000000000000000e+00
 -9.769999980926513672e-01 1.000000014901161194e-01 0.000000000000000000e+00
 -9.714999794960021973e-01 1.000000014901161194e-01 0.000000000000000000e+00
 -9.660000205039978027e-01 1.000000014901161194e-01 0.000000000000000000e+00
 -9.605000019073486328e-01 1.000000014901161194e-01 0.000000000000000000e+00
 -9.549999833106994629e-01 1.000000014901161194e-01 0.000000000000000000e+00
 -9.495000243186950684e-01 1.000000014901161194e-01 0.000000000000000000e+00
 -9.440000057220458984e-01 1.000000014901161194e-01 0.000000000000000000e+00
 -9.384999871253967285e-01 1.000000014901161194e-01 0.000000000000000000e+00
 -9.330000281333923340e-01 1.000000014901161194e-01 0.000000000000000000e+00
 -9.275000095367431641e-01 1.000000014901161194e-01 0.000000000000000000e+00
 -9.219999909400939941e-01 1.000000014901161194e-01 0.000000000000000000e+00
 -9.164999723434448242e-01 1.000000014901161194e-01 0.000000000000000000e+00
 -9.110000133514404297e-01 1.000000014901161194e-01 0.000000000000000000e+00
 -9.054999947547912598e-01 1.000000014901161194e-01 0.000000000000000000e+00
 -8.999999761581420898e-01 1.000000014901161194e-01 0.000000000000000000e+00
 -8.945000171661376953e-01 1.000000014901161194e-01 0.000000000000000000e+00
 -8.889999985694885254e-01 1.000000014901161194e-01 0.000000000000000000e+00
 -8.834999799728393555e-01 1.000000014901161194e-01 0.000000000000000000e+00
 -8.780000209808349609e-01 1.000000014901161194e-01 0.000000000000000000e+00
 -8.725000023841857910e-01 1.000000014901161194e-01 0.000000000000000000e+00
 -8.669999837875366211e-01 1.000000014901161194e-01 0.000000000000000000e+00
 -8.615000247955322266e-01 1.000000014901161194e-01 0.000000000000000000e+00
 -8.560000061988830566e-01 1.000000014901161194e-01 0.000000000000000000e+00
 -8.504999876022338867e-01 1.000000014901161194e-01 0.000000000000000000e+00
 -8.450000286102294922e-01 1.000000014901161194e-01 0.000000000000000000e+00
 -8.395000100135803223e-01 1.000000014901161194e-01 0.000000000000000000e+00
 -8.339999914169311523e-01 1.000000014901161194e-01 0.000000000000000000e+00
 -8.284999728202819824e-01 1.000000014901161194e-01 0.000000000000000000e+00
 -8.230000138282775879e-01 1.000000014901161194e-01 0.000000000000000000e+00
 -8.174999952316284180e-01 1.000000014901161194e-01 0.000000000000000000e+00
 -8.119999766349792480e-01 1.000000014901161194e-01 0.000000000000000000e+00
 -8.065000176429748535e-01 1.000000014901161194e-01 0.000000000000000000e+00
 -8.009999990463256836e-01 1.000000014901161194e-01 0.000000000000000000e+00
 -7.954999804496765137e-01 1.000000014901161194e-01 0.000000000000000000e+00
 -7.900000214576721191e-01 1.000000014901161194e-01 0.000000000000000000e+00
 -7.845000028610229492e-01 1.000000014901161194e-01 0.000000000000000000e+00
 -7.789999842643737793e-01 1.000000014901161194e-01 0.000000000000000000e+00
 -7.735000252723693848e-01 1.000000014901161194e-01 0.000000000000000000e+00
 -7.680000066757202148e-01 1.000000014901161194e-01 0.000000000000000000e+00
 -7.624999880790710449e-01 1.000000014901161194e-01 0.000000000000000000e+00
 -7.570000290870666504e-01 1.000000014901161194e-01 0.000000000000000000e+00
 -7.515000104904174805e-01 1.000000014901161194e-01 0.000000000000000000e+00
 -7.459999918937683105e-01 1.000000014901161194e-01 0.000000000000000000e+00
 -7.404999732971191406e-01 1.000000014901161194e-01 0.000000000000000000e+00
 -7.350000143051147461e-01 1.000000014901161194e-01 0.000000000000000000e+00
 -7.294999957084655762e-01 1.000000014901161194e-01 0.000000000000000000e+00
 -7.239999771118164062e-01 1.000000014901161194e-01 0.000000000000000000e+00
 -7.185000181198120117e-01 1.000000014901161194e-01 0.000000000000000000e+00
 -7.129999995231628418e-01 1.000000014901161194e-01 0.000000000000000000e+00
 -7.074999809265136719e-01 1.000000014901161194e-01 0.000000000000000000e+00
 -7.020000219345092773e-01 1.000000014901161194e-01 0.000000000000000000e+00
 -6.965000033378601074e-01 1.000000014901161194e-01 0.000000000000000000e+00
 -6.909999847412109375e-01 1.000000014901161194e-01 0.000000000000000000e+00
 -6.855000257492065430e-01 1.000000014901161194e-01 0.000000000000000000e+00
 -6.800000071525573730e-01 1.000000014901161194e-01 0.000000000000000000e+00
 -6.744999885559082031e-01 1.000000014901161194e-01 0.000000000000000000e+00
 -6.690000295639038086e-01 1.000000014901161194e-01 0.000000000000000000e+00
 -6.635000109672546387e-01 1.000000014901161194e-01 0.000000000000000000e+00
 -6.579999923706054688e-01 1.000000014901161194e-01 0.000000000000000000e+00
 -6.524999737739562988e-01 1.000000014901161194e-01 0.000000000000000000e+00
 -6.470000147819519043e-01 1.000000014901161194e-01 0.000000000000000000e+00
 -6.414999961853027344e-01 1.000000014901161194e-01 0.000000000000000000e+00
 -6.359999775886535645e-01 1.000000014901161194e-01 0.000000000000000000e+00
 -6.305000185966491699e-01 1.000000014901161194e-01 0.000000000000000000e+00
 -6.250000000000000000e-01 1.000000014901161194e-01 0.000000000000000000e+00
 </DataArray>
</Points>
<Cells>
 <DataArray type="Int32" Name="connectivity" format="ascii">
 0 1 252 251
 1 2 253 252
 2 3 254 253
 3 4 255 254
 4 5 256 255
 5 6 257 256
 6 7 258 257
 7 8 259 258
 8 9 260 259
 9 10 261 260
 10 11 262 261
 11 12 263 262
 12 13 264 263
 13 14 265 264
 14 15 266 265
 15 16 267 266
 16 17 268 267
 17 18 269 268
 18 19 270 269
 19 20 271 270
 20 21 272 271
 21 22 273 272
 22 23 274 273
 23 24 275 274
 24 25 276 275
 25 26 277 276
 26 27 278 277
 27 28 279 278
 28 29 280 279
 29 30 281 280
 30 31 282 281
 31 32 283 282
 32 33 284 283
 33 34 285 284
 34 35 286 285
 35 36 287 286
 36 37 288 287
 37 38 289 288
 38 39 290 289
 39 40 291 290
 40 41 292 291
 41 42 293 292
 42 43 294 293
 43 44 295 294
 44 45 296 295
 45 46 297 296
 46 47 298 297
 47 48 299 298
 48 49 300 299
 49 50 301 300
 50 51 302 301
 51 52 303 302
 52 53 304 303
 53 54 305 304
 54 55 306 305
 55 56 307 306
 56 57 308 307
 57 58 309 308
 58 59 310 309
 59 60 311 310
 60 61 312 311
 61 62 313 312
 62 63 314 313
 63 64 315 314
 64 65 316 315
 65 66 317 316
 66 67 318 317
 67 68 319 318
 68 69 320 319
 69 70 321 320
 70 71 322 321
 71 72 323 322
 72 73 324 323
 73 74 325 324
 74 75 326 325
 75 76 327 326
 76 77 328 327
 77 78 329 328
 78 79 330 329
 79 80 331 330
 80 81 332 331
 81 82 333 332
 82 83 334 333
 83 84 335 334
 84 85 336 335
 85 86 337 336
 86 87 338 337
 87 88 339 338
 88 89 340 339
 89 90 341 340
 90 91 342 341
 91 92 343 342
 92 93 344 343
 93 94 345 344
 94 95 346 345
 95 96 347 346
 96 97 348 347
 97 98 349 348
 98 99 350 349
 99 100 351 350
 100 101 352 351
 101 102 353 352
 102 103 354 353
 103 104 355 354
 104 105 356 355
 105 106 357 356
 106 107 358 357
 107 108 359 358
 108 109 360 359
 109 110 361 360
 110 111 362 361
 111 112 363 362
 112 113 364 363
 113 114 365 364
 114 115 366 365
 115 116 367 366
 116 117 368 367
 117 118 369 368
 118 119 370 369
 119 120 371 370
 120 121 372 371
 121 122 373 372
 122 123 374 373
 123 124 375 374
 124 125 376 375
 125 126 377 376
 126 127 378 377
 127 128 379 378
 128 129 380 379
 129 130 381 380
 130 131 382 381
 131 132 383 382
 132 133 384 383
 133 134 385 384
 134 135 386 385
 135 136 387 386
 136 137 388 387
 137 138 389 388
 138 139 390 389
 139 140 391 390
 140 141 392 391
 141 142 393 392
 142 143 394 393
 143 144 395 394
 144 145 396 395
 145 146 397 396
 146 147 398 397
 147 148 399 398
 148 149 400 399
 149 150 401 400
 150 151 402 401
 151 152 403 402
 152 153 404 403
 153 154 405 404
 154 155 406 405
 155 156 407 406
 156 157 408 407
 157 158 409 408
 158 159 410 409
 159 160 411 410
 160 161 412 411
 161 162 413 412
 162 163 414 413
 163 164 415 414
 164 165 416 415
 165 166 417 416
 166 167 418 417
 167 168 419 418
 168 169 420 419
 169 170 421 420
 170 171 422 421
 171 172 423 422
 172 173 424 423
 173 174 425 424
 174 175 426 425
 175 176 427 426
 176 177 428 427
 177 178 429 428
 178 179 430 429
 179 180 431 430
 180 181 432 431
 181 182 433 432
 182 183 434 433
 183 184 435 434
 184 185 436 435
 185 186 437 436
 186 187 438 437
 187 188 439 438
 188 189 440 439
 189 190 441 440
 190 191 442 441
 191 192 443 442
 192 193 444 443
 193 194 445 444
 194 195 446 445
 195 196 447 446
 196 197 448 447
 197 198 449 448
 198 199 450 449
 199 200 451 450
 200 201 452 451
 201 202 453 452
 202 203 454 453
 203 204 455 454
 204 205 456 455
 205 206 457 456
 206 207 458 457
 207 208 459 458
 208 209 460 459
 209 210 461 460
 210 211 462 461
 211 212 463 462
 212 213 464 463
 213 214 465 464
 214 215 466 465
 215 216 467 466
 216 217 468 467
 217 218 469 468
 218 219 470 469
 219 220 471 470
 220 221 472 471
 221 222 473 472
 222 223 474 473
 223 224 475 474
 224 225 476 475
 225 226 477 476
 226 227 478 477
 227 228 479 478
 228 229 480 479
 229 230 481 480
 230 231 482 481
 231 232 483 482
 232 233 484 483
 233 234 485 484
 234 235 486 485
 235 236 487 486
 236 237 488 487
 237 238 489 488
 238 239 490 489
 239 240 491 490
 240 241 492 491
 241 242 493 492
 242 243 494 493
 243 244 495 494
 244 245 496 495
 245 246 497 496
 246 247 498 497
 247 248 499 498
 248 249 500 499
 249 250 501 500
 251 252 503 502
 252 253 504 503
 253 254 505 504
 254 255 506 505
 255 256 507 506
 256 257 508 507
 257 258 509 508
 258 259 510 509
 259 260 511 510
 260 261 512 511
 261 262 513 512
 262 263 514 513
 263 264 515 514
 264 265 516 515
 265 266 517 516
 266 267 518 517
 267 268 519 518
 268 269 520 519
 269 270 521 520
 270 271 522 521
 271 272 523 522
 272 273 524 523
 273 274 525 524
 274 275 526 525
 275 276 527 526
 276 277 528 527
 277 278 529 528
 278 279 530 529
 279 280 531 530
 280 281 532 531
 281 282 533 532
 282 283 534 533
 283 284 535 534
 284 285 536 535
 285 286 537 536
 286 287 538 537
 287 288 539 538
 288 289 540 539
 289 290 541 540
 290 291 542 541
 291 292 543 542
 292 293 544 543
 293 294 545 544
 294 295 546 545
 295 296 547 546
 296 297 548 547
 297 298 549 548
 298 299 550 549
 299 300 551 550
 300 301 552 551
 301 302 553 552
 302 303 554 553
 303 304 555 554
 304 305 556 555
 305 306 557 556
 306 307 558 557
 307 308 559 558
 308 309 560 559
 309 310 561 560
 310 311 562 561
 311 312 563 562
 312 313 564 563
 313 314 565 564
 314 315 566 565
 315 316 567 566
 316 317 568 567
 317 318 569 568
 318 319 570 569
 319 320 571 570
 320 321 572 571
 321 322 573 572
 322 323 574 573
 323 324 575 574
 324 325 576 575
 325 326 577 576
 326 327 578 577
 327 328 579 578
 328 329 580 579
 329 330 581 580
 330 331 582 581
 331 332 583 582
 332 333 584 583
 333 334 585 584
 334 335 586 585
 335 336 587 586
 336 337 588 587
 337 338 589 588
 338 339 590 589
 339 340 591 590
 340 341 592 591
 341 342 593 592
 342 343 594 593
 343 344 595 594
 344 345 596 595
 345 346 597 596
 346 347 598 597
 347 348 599 598
 348 349 600 599
 349 350 601 600
 350 351 602 601
 351 352 603 602
 352 353 604 603
 353 354 605 604
 354 355 606 605
 355 356 607 606
 356 357 608 607
 357 358 609 608
 358 359 610 609
 359 360 611 610
 360 361 612 611
 361 362 613 612
 362 363 614 613
 363 364 615 614
 364 365 616 615
 365 366 617 616
 366 367 618 617
 367 368 619 618
 368 369 620 619
 369 370 621 620
 370 371 622 621
 371 372 623 622
 372 373 624 623
 373 374 625 624
 374 375 626 625
 375 376 627 626
 376 377 628 627
 377 378 629 628
 378 379 630 629
 379 380 631 630
 380 381 632 631
 381 382 633 632
 382 383 634 633
 383 384 635 634
 384 385 636 635
 385 386 637 636
 386 387 638 637
 387 388 639 638
 388 389 640 639
 389 390 641 640
 390 391 642 641
 391 392 643 642
 392 393 644 643
 393 394 645 644
 394 395 646 645
 395 396 647 646
 396 397 648 647
 397 398 649 648
 398 399 650 649
 399 400 651 650
 400 401 652 651
 401 402 653 652
 402 403 654 653
 403 404 655 654
 404 405 656 655
 405 406 657 656
 406 407 658 657
 407 408 659 658
 408 409 660 659
 409 410 661 660
 410 411 662 661
 411 412 663 662
 412 413 664 663
 413 414 665 664
 414 415 666 665
 415 416 667 666
 416 417 668 667
 417 418 669 668
 418 419 670 669
 419 420 671 670
 420 421 672 671
 421 422 673 672
 422 423 674 673
 423 424 675 674
 424 425 676 675
 425 426 677 676
 426 427 678 677
 427 428 679 678
 428 429 680 679
 429 430 681 680
 430 431 682 681
 431 432 683 682
 432 433 684 683
 433 434 685 684
 434 435 686 685
 435 436 687 686
 436 437 688 687
 437 438 689 688
 438 439 690 689
 439 440 691 690
 440 441 692 691
 441 442 693 692
 442 443 694 693
 443 444 695 694
 444 445 696 695
 445 446 697 696
 446 447 698 697
 447 448 699 698
 448 449 700 699
 449 450 701 700
 450 451 702 701
 451 452 703 702
 452 453 704 703
 453 454 705 704
 454 455 706 705
 455 456 707 706
 456 457 708 707
 457 458 709 708
 458 459 710 709
 459 460 711 710
 460 461 712 711
 461 462 713 712
 462 463 714 713
 463 464 715 714
 464 465 716 715
 465 466 717 716
 466 467 718 717
 467 468 719 718
 468 469 720 719
 469 470 721 720
 470 471 722 721
 471 472 723 722
 472 473 724 723
 473 474 725 724
 474 475 726 725
 475 476 727 726
 476 477 728 727
 477 478 729 728
 478 479 730 729
 479 480 731 730
 480 481 732 731
 481 482 733 732
 482 483 734 733
 483 484 735 734
 484 485 736 735
 485 486 737 736
 486 487 738 737
 487 488 739 738
 488 489 740 739
 489 490 741 740
 490 491 742 741
 491 492 743 742
 492 493 744 743
 493 494 745 744
 494 495 746 745
 495 496 747 746
 496 497 748 747
 497 498 749 748
 498 499 750 749
 499 500 751 750
 500 501 752 751
 </DataArray>
 <DataArray type="Int32" Name="offsets" format="ascii">
 4
 8
 12
 16
 20
 24
 28
 32
 36
 40
 44
 48
 52
 56
 60
 64
 68
 72
 76
 80
 84
 88
 92
 96
 100
 104
 108
 112
 116
 120
 124
 128
 132
 136
 140
 144
 148
 152
 156
 160
 164
 168
 172
 176
 180
 184
 188
 192
 196
 200
 204
 208
 212
 216
 220
 224
 228
 232
 236
 240
 244
 248
 252
 256
 260
 264
 268
 272
 276
 280
 284
 288
 292
 296
 300
 304
 308
 312
 316
 320
 324
 328
 332
 336
 340
 344
 348
 352
 356
 360
 364
 368
 372
 376
 380
 384
 388
 392
 396
 400
 404
 408
 412
 416
 420
 424
 428
 432
 436
 440
 444
 448
 452
 456
 460
 464
 468
 472
 476
 480
 484
 488
 492
 496
 500
 504
 508
 512
 516
 520
 524
 528
 532
 536
 540
 544
 548
 552
 556
 560
 564
 568
 572
 576
 580
 584
 588
 592
 596
 600
 604
 608
 612
 616
 620
 624
 628
 632
 636
 640
 644
 648
 652
 656
 660
 664
 668
 672
 676
 680
 684
 688
 692
 696
 700
 704
 708
 712
 716
 720
 724
 728
 732
 736
 740
 744
 748
 752
 756
 760
 764
 768
 772
 776
 780
 784
 788
 792
 796
 800
 804
 808
 812
 816
 820
 824
 828
 832
 836
 840
 844
 848
 852
 856
 860
 864
 868
 872
 876
 880
 884
 888
 892
 896
 900
 904
 908
 912
 916
 920
 924
 928
 932
 936
 940
 944
 948
 952
 956
 960
 964
 968
 972
 976
 980
 984
 988
 992
 996
 1000
 1004
 1008
 1012
 1016
 1020
 1024
 1028
 1032
 1036
 1040
 1044
 1048
 1052
 1056
 1060
 1064
 1068
 1072
 1076
 1080
 1084
 1088
 1092
 1096
 1100
 1104
 1108
 1112
 1116
 1120
 1124
 1128
 1132
 1136
 1140
 1144
 1148
 1152
 1156
 1160
 1164
 1168
 1172
 1176
 1180
 1184
 1188
 1192
 1196
 1200
 1204
 1208
 1212
 1216
 1220
 1224
 1228
 1232
 1236
 1240
 1244
 1248
 1252
 1256
 1260
 1264
 1268
 1272
 1276
 1280
 1284
 1288
 1292
 1296
 1300
 1304
 1308
 1312
 1316
 1320
 1324
 1328
 1332
 1336
 1340
 1344
 1348
 1352
 1356
 1360
 1364
 1368
 1372
 1376
 1380
 1384
 1388
 1392
 1396
 1400
 1404
 1408
 1412
 1416
 1420
 1424
 1428
 1432
 1436
 1440
 1444
 1448
 1452
 1456
 1460
 1464
 1468
 1472
 1476
 1480
 1484
 1488
 1492
 1496
 1500
 1504
 1508
 1512
 1516
 1520
 1524
 1528
 1532
 1536
 1540
 1544
 1548
 1552
 1556
 1560
 1564
 1568
 1572
 1576
 1580
 1584
 1588
 1592
 1596
 1600
 1604
 1608
 1612
 1616
 1620
 1624
 1628
 1632
 1636
 1640
 1644
 1648
 1652
 1656
 1660
 1664
 1668
 1672
 1676
 1680
 1684
 1688
 1692
 1696
 1700
 1704
 1708
 1712
 1716
 1720
 1724
 1728
 1732
 1736
 1740
 1744
 1748
 1752
 1756
 1760
 1764
 1768
 1772
 1776
 1780
 1784
 1788
 1792
 1796
 1800
 1804
 1808
 1812
 1816
 1820
 1824
 1828
 1832
 1836
 1840
 1844
 1848
 1852
 1856
 1860
 1864
 1868
 1872
 1876
 1880
 1884
 1888
 1892
 1896
 1900
 1904
 1908
 1912
 1916
 1920
 1924
 1928
 1932
 1936
 1940
 1944
 1948
 1952
 1956
 1960
 1964
 1968
 1972
 1976
 1980
 1984
 1988
 1992
 1996
 2000
 </DataArray>
 <DataArray type="UInt8" Name="types" format="ascii">
 9
 9
 9
 9
 9
 9
 9
 9
 9
 9
 9
 9
 9
 9
 9
 9
 9
 9
 9
 9
 9
 9
 9
 9
 9
 9
 9
 9
 9
 9
 9
 9
 9
 9
 9
 9
 9
 9
 9
 9
 9
 9
 9
 9
 9
 9
 9
 9
 9
 9
 9
 9
 9
 9
 9
 9
 9
 9
 9
 9
 9
 9
 9
 9
 9
 9
 9
 9
 9
 9
 9
 9
 9
 9
 9
 9
 9
 9
 9
 9
 9
 9
 9
 9
 9
 9
 9
 9
 9
 9
 9
 9
 9
 9
 9
 9
 9
 9
 9
 9
 9
 9
 9
 9
 9
 9
 9
 9
 9
 9
 9
 9
 9
 9
 9
 9
 9
 9
 9
 9
 9
 9
 9
 9
 9
 9
 9
 9
 9
 9
 9
 9
 9
 9
 9
 9
 9
 9
 9
 9
 9
 9
 9
 9
 9
 9
 9
 9
 9
 9
 9
 9
 9
 9
 9
 9
 9
 9
 9
 9
 9
 9
 9
 9
 9
 9
 9
 9
 9
 9
 9
 9
 9
 9
 9
 9
 9
 9
 9
 9
 9
 9
 9
 9
 9
 9
 9
 9
 9
 9
 9
 9
 9
 9
 9
 9
 9
 9
 9
 9
 9
 9
 9
 9
 9
 9
 9
 9
 9
 9
 9
 9
 9
 9
 9
 9
 9
 9
 9
 9
 9
 9
 9
 9
 9
 9
 9
 9
 9
 9
 9
 9
 9
 9
 9
 9
 9
 9
 9
 9
 9
 9
 9
 9
 9
 9
 9
 9
 9
 9
 9
 9
 9
 9
 9
 9
 9
 9
 9
 9
 9
 9
 9
 9
 9
 9
 9
 9
 9
 9
 9
 9
 9
 9
 9
 9
 9
 9
 9
 9
 9
 9
 9
 9
 9
 9
 9
 9
 9
 9
 9
 9
 9
 9
 9
 9
 9
 9
 9
 9
 9
 9
 9
 9
 9
 9
 9
 9
 9
 9
 9
 9
 9
 9
 9
 9
 9
 9
 9
 9
 9
 9
 9
 9
 9
 9
 9
 9
 9
 9
 9
 9
 9
 9
 9
 9
 9
 9
 9
 9
 9
 9
 9
 9
 9
 9
 9
 9
 9
 9
 9
 9
 9
 9
 9
 9
 9
 9
 9
 9
 9
 9
 9
 9
 9
 9
 9
 9
 9
 9
 9
 9
 9
 9
 9
 9
 9
 9
 9
 9
 9
 9
 9
 9
 9
 9
 9
 9
 9
 9
 9
 9
 9
 9
 9
 9
 9
 9
 9
 9
 9
 9
 9
 9
 9
 9
 9
 9
 9
 9
 9
 9
 9
 9
 9
 9
 9
 9
 9
 9
 9
 9
 9
 9
 9
 9
 9
 9
 9
 9
 9
 9
 9
 9
 9
 9
 9
 9
 9
 9
 9
 9
 9
 9
 9
 9
 9
 9
 9
 9
 9
 9
 9
 9
 9
 9
 9
 9
 9
 9
 9
 9
 9
 9
 9
 9
 9
 9
 9
 9
 9
 9
 9
 9
 9
 9
 9
 9
 9
 9
 9
 9
 9
 9
 9
 9
 9
 9
 9
 9
 9
 9
 9
 9
 9
 9
 9
 9
 9
 9
 </DataArray>
</Cells>
<CellData>
 <DataArray Name="pos.x" type="Float32" NumberOfComponents="1" format="ascii">
 -1.997250000000160730e+00
 -1.991749999999943732e+00
 -1.986249999999995852e+00
 -1.980749999999913191e+00
 -1.975250000000167150e+00
 -1.969749999999850676e+00
 -1.964250000000101304e+00
 -1.958749999999991109e+00
 -1.953250000000168907e+00
 -1.947749999999827120e+00
 -1.942250000000075749e+00
 -1.936749999999962890e+00
 -1.931250000000008349e+00
 -1.925750000000037598e+00
 -1.920250000000111923e+00
 -1.914749999999999730e+00
 -1.909250000000022762e+00
 -1.903749999999998055e+00
 -1.898250000000060167e+00
 -1.892749999999967070e+00
 -1.887249999999963013e+00
 -1.881750000000042888e+00
 -1.876249999999960449e+00
 -1.870750000000052760e+00
 -1.865249999999889496e+00
 -1.859750000000022663e+00
 -1.854250000000034149e+00
 -1.848750000000086047e+00
 -1.843250000000070887e+00
 -1.837749999999828354e+00
 -1.832250000000065659e+00
 -1.826750000000034069e+00
 -1.821249999999918101e+00
 -1.815750000000153630e+00
 -1.810249999999897774e+00
 -1.804750000000146404e+00
 -1.799249999999925631e+00
 -1.793750000000024380e+00
 -1.788249999999996565e+00
 -1.782750000000060675e+00
 -1.777249999999933161e+00
 -1.771749999999985503e+00
 -1.766249999999958797e+00
 -1.760750000000077975e+00
 -1.755249999999983102e+00
 -1.749750000000072969e+00
 -1.744249999999965217e+00
 -1.738750000000030438e+00
 -1.733249999999941338e+00
 -1.727749999999946828e+00
 -1.722250000000091985e+00
 -1.716749999999936938e+00
 -1.711250000000041904e+00
 -1.705749999999978339e+00
 -1.700249999999959405e+00
 -1.694749999999928924e+00
 -1.689250000000082075e+00
 -1.683750000000066693e+00
 -1.678250000000069075e+00
 -1.672749999999934900e+00
 -1.667249999999970589e+00
 -1.661750000000073779e+00
 -1.656249999999939604e+00
 -1.650750000000078099e+00
 -1.645249999999908619e+00
 -1.639749999999981389e+00
 -1.634250000000045944e+00
 -1.628750000000015463e+00
 -1.623250000000067583e+00
 -1.617749999999965826e+00
 -1.612249999999908034e+00
 -1.606749999999968370e+00
 -1.601250000000074003e+00
 -1.595749999999991342e+00
 -1.590250000000009933e+00
 -1.584749999999981895e+00
 -1.579249999999991827e+00
 -1.573749999999940030e+00
 -1.568249999999982602e+00
 -1.562750000000068251e+00
 -1.557249999999907208e+00
 -1.551750000000071461e+00
 -1.546249999999989022e+00
 -1.540749999999996955e+00
 -1.535249999999992232e+00
 -1.529749999999976851e+00
 -1.524249999999976124e+00
 -1.518750000000023137e+00
 -1.513249999999998652e+00
 -1.507750000000059432e+00
 -1.502249999999917485e+00
 -1.496750000000095726e+00
 -1.491249999999929798e+00
 -1.485750000000090720e+00
 -1.480249999999974531e+00
 -1.474749999999952266e+00
 -1.469250000000045020e+00
 -1.463749999999955920e+00
 -1.458250000000020918e+00
 -1.452750000000060604e+00
 -1.447249999999989933e+00
 -1.441749999999996978e+00
 -1.436249999999987370e+00
 -1.430750000000039268e+00
 -1.425249999999985917e+00
 -1.419749999999979639e+00
 -1.414249999999989571e+00
 -1.408749999999944880e+00
 -1.403250000000030528e+00
 -1.397749999999981618e+00
 -1.392250000000036625e+00
 -1.386749999999945748e+00
 -1.381250000000036948e+00
 -1.375750000000021789e+00
 -1.370249999999972879e+00
 -1.364749999999954388e+00
 -1.359250000000045810e+00
 -1.353749999999890097e+00
 -1.348250000000047910e+00
 -1.342749999999963473e+00
 -1.337250000000083316e+00
 -1.331749999999967127e+00
 -1.326249999999952633e+00
 -1.320750000000036284e+00
 -1.315249999999989816e+00
 -1.309750000000040826e+00
 -1.304249999999956833e+00
 -1.298749999999946558e+00
 -1.293249999999976252e+00
 -1.287749999999982187e+00
 -1.282250000000032086e+00
 -1.276750000000137497e+00
 -1.271249999999883862e+00
 -1.265750000000029907e+00
 -1.260250000000062709e+00
 -1.254749999999942967e+00
 -1.249250000000041716e+00
 -1.243749999999971489e+00
 -1.238249999999970319e+00
 -1.232750000000024437e+00
 -1.227250000000031260e+00
 -1.221750000000035419e+00
 -1.216250000000011600e+00
 -1.210749999999964244e+00
 -1.205250000000011035e+00
 -1.199750000000025629e+00
 -1.194249999999960066e+00
 -1.188750000000021734e+00
 -1.183249999999987923e+00
 -1.177750000000000075e+00
 -1.172250000000008674e+00
 -1.166749999999993959e+00
 -1.161249999999987237e+00
 -1.155750000000035138e+00
 -1.150250000000007544e+00
 -1.144749999999983059e+00
 -1.139249999999987217e+00
 -1.133750000000026237e+00
 -1.128249999999974440e+00
 -1.122750000000022563e+00
 -1.117249999999984311e+00
 -1.111749999999986027e+00
 -1.106250000000015943e+00
 -1.100750000000028317e+00
 -1.095249999999952983e+00
 -1.089750000000025087e+00
 -1.084249999999984393e+00
 -1.078750000000017417e+00
 -1.073249999999998261e+00
 -1.067749999999999977e+00
 -1.062249999999984817e+00
 -1.056750000000006295e+00
 -1.051250000000012452e+00
 -1.045749999999985302e+00
 -1.040249999999999453e+00
 -1.034750000000062675e+00
 -1.029249999999978460e+00
 -1.023750000000030802e+00
 -1.018249999999958133e+00
 -1.012749999999940753e+00
 -1.007250000000003087e+00
 -1.001750000000004137e+00
 -9.962500000000144018e-01
 -9.907499999999648255e-01
 -9.852500000000181668e-01
 -9.797500000000011200e-01
 -9.742500000000050564e-01
 -9.687500000000144329e-01
 -9.632499999999676321e-01
 -9.577500000000136460e-01
 -9.522499999999883835e-01
 -9.467499999999992033e-01
 -9.412499999999924816e-01
 -9.357499999999980833e-01
 -9.302499999999829239e-01
 -9.247500000000349329e-01
 -9.192499999999860227e-01
 -9.137499999999897371e-01
 -9.082500000000107709e-01
 -9.027499999999918368e-01
 -8.972499999999917764e-01
 -8.917500000000362359e-01
 -8.862499999999705613e-01
 -8.807500000000085816e-01
 -8.752499999999883151e-01
 -8.697500000000022435e-01
 -8.642500000000257199e-01
 -8.587499999999712585e-01
 -8.532500000000379226e-01
 -8.477499999999823510e-01
 -8.422499999999996101e-01
 -8.367499999999972182e-01
 -8.312500000000072609e-01
 -8.257500000000090878e-01
 -8.202500000000018110e-01
 -8.147499999999874287e-01
 -8.092500000000107940e-01
 -8.037499999999845324e-01
 -7.982500000000229967e-01
 -7.927499999999955138e-01
 -7.872500000000015596e-01
 -7.817500000000145999e-01
 -7.762499999999884492e-01
 -7.707500000000008233e-01
 -7.652499999999922142e-01
 -7.597500000000046994e-01
 -7.542500000000108562e-01
 -7.487499999999830402e-01
 -7.432500000000035190e-01
 -7.377500000000135616e-01
 -7.322499999999899645e-01
 -7.267499999999998961e-01
 -7.212500000000015010e-01
 -7.157500000000199813e-01
 -7.102500000000024905e-01
 -7.047499999999998765e-01
 -6.992499999999801652e-01
 -6.937500000000003109e-01
 -6.882500000000015827e-01
 -6.827500000000050751e-01
 -6.772500000000053477e-01
 -6.717500000000077298e-01
 -6.662500000000090017e-01
 -6.607499999999858487e-01
 -6.552500000000044400e-01
 -6.497499999999890585e-01
 -6.442500000000095373e-01
 -6.387499999999981526e-01
 -6.332500000000009788e-01
 -6.277499999999797131e-01
 -1.997250000000093451e+00
 -1.991749999999876453e+00
 -1.986250000000028937e+00
 -1.980749999999879662e+00
 -1.975250000000167150e+00
 -1.969749999999850676e+00
 -1.964249999999983176e+00
 -1.958749999999974012e+00
 -1.953250000000118058e+00
 -1.947749999999877524e+00
 -1.942250000000075749e+00
 -1.936749999999962890e+00
 -1.931250000000041878e+00
 -1.925749999999936124e+00
 -1.920249999999977142e+00
 -1.914749999999932450e+00
 -1.909249999999972136e+00
 -1.903750000000048015e+00
 -1.898249999999942261e+00
 -1.892749999999949972e+00
 -1.887249999999963013e+00
 -1.881750000000042888e+00
 -1.876249999999994200e+00
 -1.870750000000018565e+00
 -1.865249999999956776e+00
 -1.859750000000089942e+00
 -1.854249999999916465e+00
 -1.848750000000068505e+00
 -1.843250000000020927e+00
 -1.837749999999878536e+00
 -1.832250000000065659e+00
 -1.826750000000034069e+00
 -1.821249999999851488e+00
 -1.815750000000085462e+00
 -1.810249999999864245e+00
 -1.804750000000112875e+00
 -1.799249999999908978e+00
 -1.793750000000040368e+00
 -1.788249999999996565e+00
 -1.782750000000060675e+00
 -1.777249999999933161e+00
 -1.771749999999985503e+00
 -1.766249999999960130e+00
 -1.760750000000003590e+00
 -1.755249999999967114e+00
 -1.749750000000005690e+00
 -1.744249999999881728e+00
 -1.738750000000113483e+00
 -1.733250000000008617e+00
 -1.727749999999946828e+00
 -1.722250000000091985e+00
 -1.716749999999936938e+00
 -1.711250000000096749e+00
 -1.705749999999973010e+00
 -1.700250000000010919e+00
 -1.694749999999895396e+00
 -1.689250000000032781e+00
 -1.683750000000014957e+00
 -1.678250000000001574e+00
 -1.672749999999934900e+00
 -1.667249999999970589e+00
 -1.661750000000040028e+00
 -1.656249999999906075e+00
 -1.650750000000093420e+00
 -1.645249999999893298e+00
 -1.639749999999981389e+00
 -1.634250000000030845e+00
 -1.628750000000030562e+00
 -1.623250000000067583e+00
 -1.617749999999999355e+00
 -1.612249999999975314e+00
 -1.606750000000002121e+00
 -1.601250000000074003e+00
 -1.595750000000005997e+00
 -1.590249999999995278e+00
 -1.584749999999981895e+00
 -1.579249999999943421e+00
 -1.573749999999950022e+00
 -1.568250000000032562e+00
 -1.562750000000068251e+00
 -1.557249999999907208e+00
 -1.551750000000071461e+00
 -1.546249999999989022e+00
 -1.540750000000010944e+00
 -1.535249999999978243e+00
 -1.529749999999976851e+00
 -1.524249999999928162e+00
 -1.518750000000064659e+00
 -1.513250000000013307e+00
 -1.507750000000025681e+00
 -1.502249999999883734e+00
 -1.496750000000061975e+00
 -1.491249999999896048e+00
 -1.485750000000029214e+00
 -1.480250000000035815e+00
 -1.474749999999952266e+00
 -1.469250000000045020e+00
 -1.463750000000015872e+00
 -1.458249999999960966e+00
 -1.452750000000026853e+00
 -1.447249999999956183e+00
 -1.441749999999996978e+00
 -1.436249999999987370e+00
 -1.430749999999979982e+00
 -1.425250000000044759e+00
 -1.419749999999979639e+00
 -1.414249999999989571e+00
 -1.408750000000003055e+00
 -1.403250000000039188e+00
 -1.397749999999981618e+00
 -1.392250000000070376e+00
 -1.386749999999979499e+00
 -1.381250000000036948e+00
 -1.375749999999997808e+00
 -1.370249999999996193e+00
 -1.364749999999954388e+00
 -1.359250000000045810e+00
 -1.353749999999946940e+00
 -1.348250000000058346e+00
 -1.342749999999963473e+00
 -1.337250000000083316e+00
 -1.331749999999967127e+00
 -1.326249999999952633e+00
 -1.320750000000014301e+00
 -1.315250000000011354e+00
 -1.309750000000074577e+00
 -1.304250000000024112e+00
 -1.298750000000001625e+00
 -1.293249999999921407e+00
 -1.287750000000019934e+00
 -1.282249999999960810e+00
 -1.276750000000066443e+00
 -1.271249999999920721e+00
 -1.265749999999993047e+00
 -1.260250000000098902e+00
 -1.254749999999942967e+00
 -1.249250000000041716e+00
 -1.243749999999976152e+00
 -1.238249999999931905e+00
 -1.232749999999990909e+00
 -1.227250000000031260e+00
 -1.221750000000001890e+00
 -1.216249999999978071e+00
 -1.210749999999959137e+00
 -1.205250000000015476e+00
 -1.199750000000025629e+00
 -1.194249999999960066e+00
 -1.188750000000026397e+00
 -1.183249999999983482e+00
 -1.177750000000000075e+00
 -1.172250000000008674e+00
 -1.166749999999993959e+00
 -1.161249999999987237e+00
 -1.155750000000014932e+00
 -1.150250000000027750e+00
 -1.144749999999983059e+00
 -1.139249999999987217e+00
 -1.133750000000030678e+00
 -1.128249999999969999e+00
 -1.122750000000022563e+00
 -1.117249999999984311e+00
 -1.111749999999986027e+00
 -1.106250000000015943e+00
 -1.100750000000036977e+00
 -1.095249999999944324e+00
 -1.089750000000025087e+00
 -1.084249999999984393e+00
 -1.078750000000021636e+00
 -1.073249999999994042e+00
 -1.067749999999999977e+00
 -1.062249999999984817e+00
 -1.056750000000006295e+00
 -1.051250000000012452e+00
 -1.045749999999976865e+00
 -1.040250000000007669e+00
 -1.034750000000028924e+00
 -1.029249999999944931e+00
 -1.023750000000034799e+00
 -1.018249999999970790e+00
 -1.012749999999991379e+00
 -1.007250000000053491e+00
 -1.001750000000020790e+00
 -9.962500000000144018e-01
 -9.907499999999648255e-01
 -9.852500000000307123e-01
 -9.797499999999884635e-01
 -9.742500000000050564e-01
 -9.687500000000018874e-01
 -9.632499999999803997e-01
 -9.577500000000136460e-01
 -9.522500000000052589e-01
 -9.467500000000159677e-01
 -9.412499999999924816e-01
 -9.357499999999980833e-01
 -9.302499999999996882e-01
 -9.247500000000349329e-01
 -9.192499999999692584e-01
 -9.137499999999941780e-01
 -9.082500000000232054e-01
 -9.027500000000002744e-01
 -8.972499999999917764e-01
 -8.917500000000194715e-01
 -8.862499999999621236e-01
 -8.807500000000170193e-01
 -8.752499999999883151e-01
 -8.697500000000022435e-01
 -8.642500000000257199e-01
 -8.587499999999504974e-01
 -8.532500000000249329e-01
 -8.477499999999823510e-01
 -8.422499999999996101e-01
 -8.367499999999972182e-01
 -8.312500000000072609e-01
 -8.257500000000090878e-01
 -8.202500000000055858e-01
 -8.147499999999835429e-01
 -8.092500000000192317e-01
 -8.037499999999760947e-01
 -7.982500000000061213e-01
 -7.927499999999955138e-01
 -7.872499999999931219e-01
 -7.817500000000061622e-01
 -7.762499999999968869e-01
 -7.707500000000092610e-01
 -7.652499999999955449e-01
 -7.597499999999929310e-01
 -7.542500000000025295e-01
 -7.487499999999830402e-01
 -7.432500000000035190e-01
 -7.377500000000135616e-01
 -7.322499999999982911e-01
 -7.267500000000083338e-01
 -7.212499999999847367e-01
 -7.157500000000031060e-01
 -7.102499999999876135e-01
 -7.047500000000059828e-01
 -6.992499999999801652e-01
 -6.937500000000003109e-01
 -6.882499999999932561e-01
 -6.827499999999967484e-01
 -6.772499999999969100e-01
 -6.717499999999992921e-01
 -6.662500000000090017e-01
 -6.607499999999858487e-01
 -6.552499999999988889e-01
 -6.497500000000026033e-01
 -6.442500000000179750e-01
 -6.387499999999981526e-01
 -6.332500000000186313e-01
 -6.277499999999948121e-01
 </DataArray>
 <DataArray Name="pos.y" type="Float32" NumberOfComponents="1" format="ascii">
 2.500000000000084793e-02
 2.499999999999916525e-02
 2.500000000000051487e-02
 2.499999999999917219e-02
 2.500000000000084793e-02
 2.499999999999857545e-02
 2.500000000000109773e-02
 2.499999999999933525e-02
 2.500000000000135447e-02
 2.499999999999866218e-02
 2.500000000000051140e-02
 2.499999999999992506e-02
 2.500000000000009853e-02
 2.499999999999933872e-02
 2.500000000000109773e-02
 2.499999999999983832e-02
 2.499999999999958505e-02
 2.500000000000042466e-02
 2.499999999999958505e-02
 2.500000000000008812e-02
 2.499999999999958505e-02
 2.499999999999983832e-02
 2.500000000000017833e-02
 2.500000000000026507e-02
 2.499999999999941852e-02
 2.500000000000059813e-02
 2.499999999999883218e-02
 2.500000000000118447e-02
 2.500000000000051140e-02
 2.499999999999924852e-02
 2.500000000000076120e-02
 2.500000000000026160e-02
 2.499999999999891545e-02
 2.500000000000110814e-02
 2.499999999999832564e-02
 2.500000000000168754e-02
 2.499999999999924852e-02
 2.500000000000042466e-02
 2.499999999999958505e-02
 2.500000000000109773e-02
 2.499999999999891198e-02
 2.500000000000026160e-02
 2.499999999999950873e-02
 2.500000000000051140e-02
 2.500000000000008812e-02
 2.500000000000034139e-02
 2.499999999999883218e-02
 2.500000000000059813e-02
 2.500000000000068140e-02
 2.499999999999899872e-02
 2.500000000000143774e-02
 2.499999999999857545e-02
 2.500000000000085140e-02
 2.500000000000008812e-02
 2.499999999999958158e-02
 2.499999999999916525e-02
 2.500000000000084793e-02
 2.499999999999983832e-02
 2.500000000000109773e-02
 2.499999999999933525e-02
 2.499999999999941852e-02
 2.500000000000101447e-02
 2.499999999999840891e-02
 2.500000000000101100e-02
 2.499999999999941505e-02
 2.499999999999933525e-02
 2.500000000000109773e-02
 2.499999999999983832e-02
 2.500000000000084793e-02
 2.500000000000008812e-02
 2.499999999999866218e-02
 2.500000000000008812e-02
 2.500000000000084793e-02
 2.500000000000050793e-02
 2.499999999999950179e-02
 2.500000000000026160e-02
 2.499999999999941852e-02
 2.499999999999932832e-02
 2.499999999999881831e-02
 2.500000000000118447e-02
 2.499999999999924852e-02
 2.500000000000051140e-02
 2.499999999999950179e-02
 2.500000000000025119e-02
 2.500000000000017139e-02
 2.499999999999983832e-02
 2.499999999999832564e-02
 2.500000000000042119e-02
 2.500000000000050446e-02
 2.500000000000042466e-02
 2.499999999999832564e-02
 2.500000000000109773e-02
 2.499999999999891198e-02
 2.500000000000151407e-02
 2.499999999999950179e-02
 2.499999999999924852e-02
 2.500000000000051140e-02
 2.499999999999991465e-02
 2.500000000000008119e-02
 2.500000000000059813e-02
 2.499999999999941852e-02
 2.500000000000026160e-02
 2.499999999999950179e-02
 2.500000000000050793e-02
 2.499999999999958158e-02
 2.500000000000008812e-02
 2.499999999999958505e-02
 2.499999999999915484e-02
 2.500000000000084099e-02
 2.499999999999983832e-02
 2.500000000000109773e-02
 2.499999999999933525e-02
 2.500000000000051140e-02
 2.500000000000117753e-02
 2.499999999999882871e-02
 2.499999999999933525e-02
 2.500000000000068140e-02
 2.499999999999806197e-02
 2.500000000000168060e-02
 2.499999999999924852e-02
 2.500000000000084793e-02
 2.499999999999941852e-02
 2.499999999999933525e-02
 2.500000000000134753e-02
 2.499999999999958158e-02
 2.500000000000084793e-02
 2.500000000000008812e-02
 2.499999999999932832e-02
 2.499999999999940811e-02
 2.499999999999958505e-02
 2.499999999999983832e-02
 2.500000000000227388e-02
 2.499999999999815564e-02
 2.500000000000068487e-02
 2.500000000000102487e-02
 2.499999999999857545e-02
 2.500000000000084793e-02
 2.499999999999941852e-02
 2.499999999999933525e-02
 2.500000000000008812e-02
 2.500000000000084793e-02
 2.500000000000021649e-02
 2.500000000000008812e-02
 2.499999999999932832e-02
 2.500000000000037956e-02
 2.499999999999987996e-02
 2.499999999999987996e-02
 2.500000000000012976e-02
 2.499999999999962669e-02
 2.500000000000038650e-02
 2.499999999999962669e-02
 2.500000000000012976e-02
 2.499999999999987996e-02
 2.500000000000051487e-02
 2.499999999999988343e-02
 2.500000000000012976e-02
 2.499999999999962669e-02
 2.500000000000038650e-02
 2.499999999999962669e-02
 2.500000000000012976e-02
 2.499999999999987996e-02
 2.499999999999987996e-02
 2.500000000000051140e-02
 2.500000000000013670e-02
 2.499999999999963016e-02
 2.499999999999975506e-02
 2.500000000000026160e-02
 2.500000000000012976e-02
 2.499999999999987996e-02
 2.499999999999987996e-02
 2.499999999999987996e-02
 2.500000000000012976e-02
 2.500000000000026160e-02
 2.499999999999976200e-02
 2.500000000000026507e-02
 2.500000000000080283e-02
 2.499999999999920341e-02
 2.500000000000021649e-02
 2.500000000000008812e-02
 2.499999999999866218e-02
 2.500000000000071609e-02
 2.500000000000021649e-02
 2.500000000000042813e-02
 2.499999999999941852e-02
 2.500000000000042119e-02
 2.500000000000008812e-02
 2.499999999999975506e-02
 2.500000000000021649e-02
 2.499999999999912015e-02
 2.500000000000071609e-02
 2.499999999999979669e-02
 2.500000000000004649e-02
 2.499999999999979669e-02
 2.500000000000017486e-02
 2.499999999999966832e-02
 2.500000000000084793e-02
 2.499999999999966832e-02
 2.499999999999953995e-02
 2.500000000000042813e-02
 2.500000000000004649e-02
 2.499999999999979669e-02
 2.500000000000071609e-02
 2.499999999999912015e-02
 2.500000000000021649e-02
 2.499999999999975506e-02
 2.500000000000008812e-02
 2.500000000000042813e-02
 2.499999999999941852e-02
 2.500000000000059813e-02
 2.499999999999941852e-02
 2.500000000000042813e-02
 2.499999999999953995e-02
 2.500000000000029629e-02
 2.500000000000021649e-02
 2.500000000000029282e-02
 2.499999999999953648e-02
 2.500000000000042813e-02
 2.499999999999941852e-02
 2.500000000000042813e-02
 2.500000000000008812e-02
 2.499999999999975506e-02
 2.500000000000021649e-02
 2.499999999999975506e-02
 2.500000000000008812e-02
 2.499999999999991812e-02
 2.499999999999987302e-02
 2.500000000000046629e-02
 2.499999999999953995e-02
 2.499999999999983832e-02
 2.500000000000051140e-02
 2.499999999999983832e-02
 2.500000000000017486e-02
 2.499999999999983832e-02
 2.500000000000051140e-02
 2.499999999999991812e-02
 2.500000000000008812e-02
 2.499999999999929015e-02
 2.499999999999987996e-02
 2.499999999999992506e-02
 2.500000000000008812e-02
 2.499999999999992506e-02
 2.500000000000008812e-02
 2.500000000000071609e-02
 2.499999999999929015e-02
 2.500000000000025119e-02
 2.499999999999953648e-02
 2.500000000000071609e-02
 2.499999999999962669e-02
 2.500000000000045935e-02
 2.499999999999922076e-02
 7.500000000000323075e-02
 7.499999999999681921e-02
 7.500000000000148215e-02
 7.499999999999690248e-02
 7.500000000000323075e-02
 7.499999999999641676e-02
 7.500000000000187073e-02
 7.499999999999874822e-02
 7.500000000000463241e-02
 7.499999999999538980e-02
 7.500000000000153766e-02
 7.499999999999908129e-02
 7.500000000000069111e-02
 7.499999999999897027e-02
 7.500000000000195399e-02
 7.500000000000020539e-02
 7.499999999999926170e-02
 7.500000000000077438e-02
 7.499999999999924782e-02
 7.499999999999912292e-02
 7.499999999999944211e-02
 7.500000000000020539e-02
 7.499999999999940048e-02
 7.500000000000128786e-02
 7.499999999999758249e-02
 7.500000000000246747e-02
 7.499999999999688860e-02
 7.500000000000313360e-02
 7.500000000000123235e-02
 7.499999999999805433e-02
 7.500000000000227318e-02
 7.500000000000078826e-02
 7.499999999999540368e-02
 7.500000000000467404e-02
 7.499999999999565348e-02
 7.500000000000438261e-02
 7.499999999999736044e-02
 7.500000000000098255e-02
 7.499999999999944211e-02
 7.500000000000399403e-02
 7.499999999999605593e-02
 7.500000000000078826e-02
 7.499999999999763800e-02
 7.499999999999909517e-02
 7.500000000000048295e-02
 7.499999999999967804e-02
 7.499999999999666656e-02
 7.500000000000295319e-02
 7.500000000000137113e-02
 7.499999999999699962e-02
 7.500000000000363320e-02
 7.499999999999641676e-02
 7.500000000000592304e-02
 7.499999999999680533e-02
 7.499999999999885925e-02
 7.499999999999681921e-02
 7.500000000000263400e-02
 7.500000000000078826e-02
 7.500000000000195399e-02
 7.499999999999867883e-02
 7.499999999999758249e-02
 7.500000000000305034e-02
 7.499999999999659717e-02
 7.500000000000368872e-02
 7.499999999999688860e-02
 7.499999999999867883e-02
 7.500000000000126010e-02
 7.500000000000091316e-02
 7.500000000000323075e-02
 7.499999999999892863e-02
 7.499999999999734657e-02
 7.499999999999892863e-02
 7.500000000000323075e-02
 7.500000000000227318e-02
 7.499999999999773515e-02
 7.500000000000078826e-02
 7.499999999999677758e-02
 7.500000000000107969e-02
 7.499999999999928946e-02
 7.500000000000286993e-02
 7.499999999999774902e-02
 7.500000000000153766e-02
 7.499999999999849842e-02
 7.500000000000160705e-02
 7.499999999999897027e-02
 7.500000000000020539e-02
 7.499999999999473754e-02
 7.500000000000331402e-02
 7.500000000000343892e-02
 7.500000000000060785e-02
 7.499999999999565348e-02
 7.500000000000399403e-02
 7.499999999999605593e-02
 7.500000000000173195e-02
 7.500000000000131561e-02
 7.499999999999774902e-02
 7.500000000000153766e-02
 7.500000000000109357e-02
 7.499999999999887312e-02
 7.500000000000246747e-02
 7.499999999999758249e-02
 7.500000000000078826e-02
 7.499999999999849842e-02
 7.499999999999881761e-02
 7.500000000000210665e-02
 7.499999999999892863e-02
 7.499999999999944211e-02
 7.499999999999901190e-02
 7.500000000000091316e-02
 7.500000000000020539e-02
 7.500000000000195399e-02
 7.499999999999867883e-02
 7.500000000000153766e-02
 7.500000000000026090e-02
 7.499999999999973355e-02
 7.499999999999867883e-02
 7.500000000000137113e-02
 7.499999999999729106e-02
 7.500000000000188460e-02
 7.499999999999774902e-02
 7.500000000000323075e-02
 7.499999999999758249e-02
 7.499999999999867883e-02
 7.500000000000017764e-02
 7.500000000000189848e-02
 7.500000000000323075e-02
 7.499999999999892863e-02
 7.500000000000130174e-02
 7.499999999999486244e-02
 7.500000000000187073e-02
 7.499999999999776290e-02
 7.500000000000441036e-02
 7.499999999999616696e-02
 7.499999999999858169e-02
 7.500000000000585365e-02
 7.499999999999641676e-02
 7.500000000000323075e-02
 7.499999999999802658e-02
 7.499999999999823475e-02
 7.499999999999892863e-02
 7.500000000000323075e-02
 7.500000000000132949e-02
 7.499999999999892863e-02
 7.499999999999824862e-02
 7.500000000000152378e-02
 7.499999999999963640e-02
 7.499999999999963640e-02
 7.500000000000073275e-02
 7.499999999999855393e-02
 7.500000000000116296e-02
 7.499999999999888700e-02
 7.500000000000038580e-02
 7.499999999999963640e-02
 7.500000000000024702e-02
 7.500000000000098255e-02
 7.500000000000038580e-02
 7.499999999999888700e-02
 7.500000000000141276e-02
 7.499999999999865108e-02
 7.500000000000038580e-02
 7.499999999999963640e-02
 7.499999999999963640e-02
 7.500000000000153766e-02
 7.500000000000078826e-02
 7.499999999999854006e-02
 7.499999999999927558e-02
 7.500000000000078826e-02
 7.500000000000053846e-02
 7.499999999999949762e-02
 7.499999999999963640e-02
 7.499999999999963640e-02
 7.500000000000038580e-02
 7.500000000000078826e-02
 7.499999999999945599e-02
 7.500000000000063560e-02
 7.500000000000173195e-02
 7.499999999999830413e-02
 7.500000000000137113e-02
 7.499999999999888700e-02
 7.499999999999734657e-02
 7.500000000000081601e-02
 7.500000000000132949e-02
 7.500000000000160705e-02
 7.499999999999759637e-02
 7.500000000000162093e-02
 7.499999999999990008e-02
 7.499999999999926170e-02
 7.500000000000126010e-02
 7.499999999999744371e-02
 7.500000000000182909e-02
 7.499999999999970579e-02
 7.499999999999948375e-02
 7.499999999999970579e-02
 7.500000000000085765e-02
 7.499999999999834577e-02
 7.500000000000320299e-02
 7.499999999999834577e-02
 7.499999999999880373e-02
 7.500000000000177358e-02
 7.499999999999948375e-02
 7.499999999999970579e-02
 7.500000000000182909e-02
 7.499999999999736044e-02
 7.500000000000131561e-02
 7.499999999999926170e-02
 7.499999999999994171e-02
 7.500000000000160705e-02
 7.499999999999733269e-02
 7.500000000000273115e-02
 7.499999999999759637e-02
 7.500000000000160705e-02
 7.499999999999895639e-02
 7.500000000000023315e-02
 7.500000000000131561e-02
 7.500000000000055234e-02
 7.499999999999859557e-02
 7.500000000000160705e-02
 7.499999999999759637e-02
 7.500000000000160705e-02
 7.499999999999994171e-02
 7.499999999999926170e-02
 7.500000000000131561e-02
 7.499999999999926170e-02
 7.499999999999994171e-02
 7.500000000000049682e-02
 7.499999999999916456e-02
 7.500000000000106581e-02
 7.499999999999895639e-02
 7.499999999999917843e-02
 7.500000000000153766e-02
 7.499999999999917843e-02
 7.500000000000085765e-02
 7.499999999999917843e-02
 7.500000000000153766e-02
 7.499999999999872047e-02
 7.500000000000127398e-02
 7.499999999999819311e-02
 7.499999999999963640e-02
 7.500000000000009437e-02
 7.499999999999994171e-02
 7.500000000000009437e-02
 7.499999999999994171e-02
 7.500000000000182909e-02
 7.499999999999819311e-02
 7.499999999999949762e-02
 7.500000000000016376e-02
 7.500000000000182909e-02
 7.499999999999888700e-02
 7.500000000000242584e-02
 7.499999999999848455e-02
 </DataArray>
 <DataArray Name="pos.z" type="Float32" NumberOfComponents="1" format="ascii">
 0.000000000000000000e+00
 0.000000000000000000e+00
 0.000000000000000000e+00
 0.000000000000000000e+00
 0.000000000000000000e+00
 0.000000000000000000e+00
 0.000000000000000000e+00
 0.000000000000000000e+00
 0.000000000000000000e+00
 0.000000000000000000e+00
 0.000000000000000000e+00
 0.000000000000000000e+00
 0.000000000000000000e+00
 0.000000000000000000e+00
 0.000000000000000000e+00
 0.000000000000000000e+00
 0.000000000000000000e+00
 0.000000000000000000e+00
 0.000000000000000000e+00
 0.000000000000000000e+00
 0.000000000000000000e+00
 0.000000000000000000e+00
 0.000000000000000000e+00
 0.000000000000000000e+00
 0.000000000000000000e+00
 0.000000000000000000e+00
 0.000000000000000000e+00
 0.000000000000000000e+00
 0.000000000000000000e+00
 0.000000000000000000e+00
 0.000000000000000000e+00
 0.000000000000000000e+00
 0.000000000000000000e+00
 0.000000000000000000e+00
 0.000000000000000000e+00
 0.000000000000000000e+00
 0.000000000000000000e+00
 0.000000000000000000e+00
 0.000000000000000000e+00
 0.000000000000000000e+00
 0.000000000000000000e+00
 0.000000000000000000e+00
 0.000000000000000000e+00
 0.000000000000000000e+00
 0.000000000000000000e+00
 0.000000000000000000e+00
 0.000000000000000000e+00
 0.000000000000000000e+00
 0.000000000000000000e+00
 0.000000000000000000e+00
 0.000000000000000000e+00
 0.000000000000000000e+00
 0.000000000000000000e+00
 0.000000000000000000e+00
 0.000000000000000000e+00
 0.000000000000000000e+00
 0.000000000000000000e+00
 0.000000000000000000e+00
 0.000000000000000000e+00
 0.000000000000000000e+00
 0.000000000000000000e+00
 0.000000000000000000e+00
 0.000000000000000000e+00
 0.000000000000000000e+00
 0.000000000000000000e+00
 0.000000000000000000e+00
 0.000000000000000000e+00
 0.000000000000000000e+00
 0.000000000000000000e+00
 0.000000000000000000e+00
 0.000000000000000000e+00
 0.000000000000000000e+00
 0.000000000000000000e+00
 0.000000000000000000e+00
 0.000000000000000000e+00
 0.000000000000000000e+00
 0.000000000000000000e+00
 0.000000000000000000e+00
 0.000000000000000000e+00
 0.000000000000000000e+00
 0.000000000000000000e+00
 0.000000000000000000e+00
 0.000000000000000000e+00
 0.000000000000000000e+00
 0.000000000000000000e+00
 0.000000000000000000e+00
 0.000000000000000000e+00
 0.000000000000000000e+00
 0.000000000000000000e+00
 0.000000000000000000e+00
 0.000000000000000000e+00
 0.000000000000000000e+00
 0.000000000000000000e+00
 0.000000000000000000e+00
 0.000000000000000000e+00
 0.000000000000000000e+00
 0.000000000000000000e+00
 0.000000000000000000e+00
 0.000000000000000000e+00
 0.000000000000000000e+00
 0.000000000000000000e+00
 0.000000000000000000e+00
 0.000000000000000000e+00
 0.000000000000000000e+00
 0.000000000000000000e+00
 0.000000000000000000e+00
 0.000000000000000000e+00
 0.000000000000000000e+00
 0.000000000000000000e+00
 0.000000000000000000e+00
 0.000000000000000000e+00
 0.000000000000000000e+00
 0.000000000000000000e+00
 0.000000000000000000e+00
 0.000000000000000000e+00
 0.000000000000000000e+00
 0.000000000000000000e+00
 0.000000000000000000e+00
 0.000000000000000000e+00
 0.000000000000000000e+00
 0.000000000000000000e+00
 0.000000000000000000e+00
 0.000000000000000000e+00
 0.000000000000000000e+00
 0.000000000000000000e+00
 0.000000000000000000e+00
 0.000000000000000000e+00
 0.000000000000000000e+00
 0.000000000000000000e+00
 0.000000000000000000e+00
 0.000000000000000000e+00
 0.000000000000000000e+00
 0.000000000000000000e+00
 0.000000000000000000e+00
 0.000000000000000000e+00
 0.000000000000000000e+00
 0.000000000000000000e+00
 0.000000000000000000e+00
 0.000000000000000000e+00
 0.000000000000000000e+00
 0.000000000000000000e+00
 0.000000000000000000e+00
 0.000000000000000000e+00
 0.000000000000000000e+00
 0.000000000000000000e+00
 0.000000000000000000e+00
 0.000000000000000000e+00
 0.000000000000000000e+00
 0.000000000000000000e+00
 0.000000000000000000e+00
 0.000000000000000000e+00
 0.000000000000000000e+00
 0.000000000000000000e+00
 0.000000000000000000e+00
 0.000000000000000000e+00
 0.000000000000000000e+00
 0.000000000000000000e+00
 0.000000000000000000e+00
 0.000000000000000000e+00
 0.000000000000000000e+00
 0.000000000000000000e+00
 0.000000000000000000e+00
 0.000000000000000000e+00
 0.000000000000000000e+00
 0.000000000000000000e+00
 0.000000000000000000e+00
 0.000000000000000000e+00
 0.000000000000000000e+00
 0.000000000000000000e+00
 0.000000000000000000e+00
 0.000000000000000000e+00
 0.000000000000000000e+00
 0.000000000000000000e+00
 0.000000000000000000e+00
 0.000000000000000000e+00
 0.000000000000000000e+00
 0.000000000000000000e+00
 0.000000000000000000e+00
 0.000000000000000000e+00
 0.000000000000000000e+00
 0.000000000000000000e+00
 0.000000000000000000e+00
 0.000000000000000000e+00
 0.000000000000000000e+00
 0.000000000000000000e+00
 0.000000000000000000e+00
 0.000000000000000000e+00
 0.000000000000000000e+00
 0.000000000000000000e+00
 0.000000000000000000e+00
 0.000000000000000000e+00
 0.000000000000000000e+00
 0.000000000000000000e+00
 0.000000000000000000e+00
 0.000000000000000000e+00
 0.000000000000000000e+00
 0.000000000000000000e+00
 0.000000000000000000e+00
 0.000000000000000000e+00
 0.000000000000000000e+00
 0.000000000000000000e+00
 0.000000000000000000e+00
 0.000000000000000000e+00
 0.000000000000000000e+00
 0.000000000000000000e+00
 0.000000000000000000e+00
 0.000000000000000000e+00
 0.000000000000000000e+00
 0.000000000000000000e+00
 0.000000000000000000e+00
 0.000000000000000000e+00
 0.000000000000000000e+00
 0.000000000000000000e+00
 0.000000000000000000e+00
 0.000000000000000000e+00
 0.000000000000000000e+00
 0.000000000000000000e+00
 0.000000000000000000e+00
 0.000000000000000000e+00
 0.000000000000000000e+00
 0.000000000000000000e+00
 0.000000000000000000e+00
 0.000000000000000000e+00
 0.000000000000000000e+00
 0.000000000000000000e+00
 0.000000000000000000e+00
 0.000000000000000000e+00
 0.000000000000000000e+00
 0.000000000000000000e+00
 0.000000000000000000e+00
 0.000000000000000000e+00
 0.000000000000000000e+00
 0.000000000000000000e+00
 0.000000000000000000e+00
 0.000000000000000000e+00
 0.000000000000000000e+00
 0.000000000000000000e+00
 0.000000000000000000e+00
 0.000000000000000000e+00
 0.000000000000000000e+00
 0.000000000000000000e+00
 0.000000000000000000e+00
 0.000000000000000000e+00
 0.000000000000000000e+00
 0.000000000000000000e+00
 0.000000000000000000e+00
 0.000000000000000000e+00
 0.000000000000000000e+00
 0.000000000000000000e+00
 0.000000000000000000e+00
 0.000000000000000000e+00
 0.000000000000000000e+00
 0.000000000000000000e+00
 0.000000000000000000e+00
 0.000000000000000000e+00
 0.000000000000000000e+00
 0.000000000000000000e+00
 0.000000000000000000e+00
 0.000000000000000000e+00
 0.000000000000000000e+00
 0.000000000000000000e+00
 0.000000000000000000e+00
 0.000000000000000000e+00
 0.000000000000000000e+00
 0.000000000000000000e+00
 0.000000000000000000e+00
 0.000000000000000000e+00
 0.000000000000000000e+00
 0.000000000000000000e+00
 0.000000000000000000e+00
 0.000000000000000000e+00
 0.000000000000000000e+00
 0.000000000000000000e+00
 0.000000000000000000e+00
 0.000000000000000000e+00
 0.000000000000000000e+00
 0.000000000000000000e+00
 0.000000000000000000e+00
 0.000000000000000000e+00
 0.000000000000000000e+00
 0.000000000000000000e+00
 0.000000000000000000e+00
 0.000000000000000000e+00
 0.000000000000000000e+00
 0.000000000000000000e+00
 0.000000000000000000e+00
 0.000000000000000000e+00
 0.000000000000000000e+00
 0.000000000000000000e+00
 0.000000000000000000e+00
 0.000000000000000000e+00
 0.000000000000000000e+00
 0.000000000000000000e+00
 0.000000000000000000e+00
 0.000000000000000000e+00
 0.000000000000000000e+00
 0.000000000000000000e+00
 0.000000000000000000e+00
 0.000000000000000000e+00
 0.000000000000000000e+00
 0.000000000000000000e+00
 0.000000000000000000e+00
 0.000000000000000000e+00
 0.000000000000000000e+00
 0.000000000000000000e+00
 0.000000000000000000e+00
 0.000000000000000000e+00
 0.000000000000000000e+00
 0.000000000000000000e+00
 0.000000000000000000e+00
 0.000000000000000000e+00
 0.000000000000000000e+00
 0.000000000000000000e+00
 0.000000000000000000e+00
 0.000000000000000000e+00
 0.000000000000000000e+00
 0.000000000000000000e+00
 0.000000000000000000e+00
 0.000000000000000000e+00
 0.000000000000000000e+00
 0.000000000000000000e+00
 0.000000000000000000e+00
 0.000000000000000000e+00
 0.000000000000000000e+00
 0.000000000000000000e+00
 0.000000000000000000e+00
 0.000000000000000000e+00
 0.000000000000000000e+00
 0.000000000000000000e+00
 0.000000000000000000e+00
 0.000000000000000000e+00
 0.000000000000000000e+00
 0.000000000000000000e+00
 0.000000000000000000e+00
 0.000000000000000000e+00
 0.000000000000000000e+00
 0.000000000000000000e+00
 0.000000000000000000e+00
 0.000000000000000000e+00
 0.000000000000000000e+00
 0.000000000000000000e+00
 0.000000000000000000e+00
 0.000000000000000000e+00
 0.000000000000000000e+00
 0.000000000000000000e+00
 0.000000000000000000e+00
 0.000000000000000000e+00
 0.000000000000000000e+00
 0.000000000000000000e+00
 0.000000000000000000e+00
 0.000000000000000000e+00
 0.000000000000000000e+00
 0.000000000000000000e+00
 0.000000000000000000e+00
 0.000000000000000000e+00
 0.000000000000000000e+00
 0.000000000000000000e+00
 0.000000000000000000e+00
 0.000000000000000000e+00
 0.000000000000000000e+00
 0.000000000000000000e+00
 0.000000000000000000e+00
 0.000000000000000000e+00
 0.000000000000000000e+00
 0.000000000000000000e+00
 0.000000000000000000e+00
 0.000000000000000000e+00
 0.000000000000000000e+00
 0.000000000000000000e+00
 0.000000000000000000e+00
 0.000000000000000000e+00
 0.000000000000000000e+00
 0.000000000000000000e+00
 0.000000000000000000e+00
 0.000000000000000000e+00
 0.000000000000000000e+00
 0.000000000000000000e+00
 0.000000000000000000e+00
 0.000000000000000000e+00
 0.000000000000000000e+00
 0.000000000000000000e+00
 0.000000000000000000e+00
 0.000000000000000000e+00
 0.000000000000000000e+00
 0.000000000000000000e+00
 0.000000000000000000e+00
 0.000000000000000000e+00
 0.000000000000000000e+00
 0.000000000000000000e+00
 0.000000000000000000e+00
 0.000000000000000000e+00
 0.000000000000000000e+00
 0.000000000000000000e+00
 0.000000000000000000e+00
 0.000000000000000000e+00
 0.000000000000000000e+00
 0.000000000000000000e+00
 0.000000000000000000e+00
 0.000000000000000000e+00
 0.000000000000000000e+00
 0.000000000000000000e+00
 0.000000000000000000e+00
 0.000000000000000000e+00
 0.000000000000000000e+00
 0.000000000000000000e+00
 0.000000000000000000e+00
 0.000000000000000000e+00
 0.000000000000000000e+00
 0.000000000000000000e+00
 0.000000000000000000e+00
 0.000000000000000000e+00
 0.000000000000000000e+00
 0.000000000000000000e+00
 0.000000000000000000e+00
 0.000000000000000000e+00
 0.000000000000000000e+00
 0.000000000000000000e+00
 0.000000000000000000e+00
 0.000000000000000000e+00
 0.000000000000000000e+00
 0.000000000000000000e+00
 0.000000000000000000e+00
 0.000000000000000000e+00
 0.000000000000000000e+00
 0.000000000000000000e+00
 0.000000000000000000e+00
 0.000000000000000000e+00
 0.000000000000000000e+00
 0.000000000000000000e+00
 0.000000000000000000e+00
 0.000000000000000000e+00
 0.000000000000000000e+00
 0.000000000000000000e+00
 0.000000000000000000e+00
 0.000000000000000000e+00
 0.000000000000000000e+00
 0.000000000000000000e+00
 0.000000000000000000e+00
 0.000000000000000000e+00
 0.000000000000000000e+00
 0.000000000000000000e+00
 0.000000000000000000e+00
 0.000000000000000000e+00
 0.000000000000000000e+00
 0.000000000000000000e+00
 0.000000000000000000e+00
 0.000000000000000000e+00
 0.000000000000000000e+00
 0.000000000000000000e+00
 0.000000000000000000e+00
 0.000000000000000000e+00
 0.000000000000000000e+00
 0.000000000000000000e+00
 0.000000000000000000e+00
 0.000000000000000000e+00
 0.000000000000000000e+00
 0.000000000000000000e+00
 0.000000000000000000e+00
 0.000000000000000000e+00
 0.000000000000000000e+00
 0.000000000000000000e+00
 0.000000000000000000e+00
 0.000000000000000000e+00
 0.000000000000000000e+00
 0.000000000000000000e+00
 0.000000000000000000e+00
 0.000000000000000000e+00
 0.000000000000000000e+00
 0.000000000000000000e+00
 0.000000000000000000e+00
 0.000000000000000000e+00
 0.000000000000000000e+00
 0.000000000000000000e+00
 0.000000000000000000e+00
 0.000000000000000000e+00
 0.000000000000000000e+00
 0.000000000000000000e+00
 0.000000000000000000e+00
 0.000000000000000000e+00
 0.000000000000000000e+00
 0.000000000000000000e+00
 0.000000000000000000e+00
 0.000000000000000000e+00
 0.000000000000000000e+00
 0.000000000000000000e+00
 0.000000000000000000e+00
 0.000000000000000000e+00
 0.000000000000000000e+00
 0.000000000000000000e+00
 0.000000000000000000e+00
 0.000000000000000000e+00
 0.000000000000000000e+00
 0.000000000000000000e+00
 0.000000000000000000e+00
 0.000000000000000000e+00
 0.000000000000000000e+00
 0.000000000000000000e+00
 0.000000000000000000e+00
 0.000000000000000000e+00
 0.000000000000000000e+00
 </DataArray>
 <DataArray Name="volume" type="Float32" NumberOfComponents="1" format="ascii">
 2.749999999999974687e-04
 2.749999999999974687e-04
 2.749999999999974687e-04
 2.749999999999974687e-04
 2.749999999999974687e-04
 2.750000000000113465e-04
 2.749999999999835909e-04
 2.750000000000252243e-04
 2.749999999999697131e-04
 2.750000000000252243e-04
 2.749999999999974687e-04
 2.750000000000113465e-04
 2.749999999999835909e-04
 2.750000000000252243e-04
 2.749999999999835909e-04
 2.749999999999974687e-04
 2.750000000000113465e-04
 2.749999999999835909e-04
 2.750000000000113465e-04
 2.749999999999835909e-04
 2.750000000000113465e-04
 2.749999999999974687e-04
 2.749999999999974687e-04
 2.750000000000113465e-04
 2.749999999999835909e-04
 2.750000000000113465e-04
 2.749999999999974687e-04
 2.749999999999974687e-04
 2.749999999999974687e-04
 2.750000000000113465e-04
 2.749999999999835909e-04
 2.750000000000113465e-04
 2.750000000000113465e-04
 2.749999999999835909e-04
 2.750000000000252243e-04
 2.749999999999697131e-04
 2.750000000000113465e-04
 2.749999999999835909e-04
 2.750000000000113465e-04
 2.749999999999835909e-04
 2.750000000000113465e-04
 2.750000000000113465e-04
 2.749999999999974687e-04
 2.749999999999974687e-04
 2.749999999999835909e-04
 2.750000000000252243e-04
 2.749999999999974687e-04
 2.750000000000113465e-04
 2.749999999999697131e-04
 2.750000000000252243e-04
 2.749999999999835909e-04
 2.750000000000113465e-04
 2.749999999999974687e-04
 2.749999999999835909e-04
 2.750000000000113465e-04
 2.749999999999974687e-04
 2.749999999999974687e-04
 2.749999999999974687e-04
 2.749999999999835909e-04
 2.750000000000252243e-04
 2.749999999999835909e-04
 2.750000000000252243e-04
 2.749999999999835909e-04
 2.750000000000252243e-04
 2.749999999999835909e-04
 2.750000000000252243e-04
 2.749999999999835909e-04
 2.749999999999974687e-04
 2.749999999999974687e-04
 2.749999999999835909e-04
 2.750000000000252243e-04
 2.749999999999835909e-04
 2.749999999999974687e-04
 2.749999999999974687e-04
 2.749999999999974687e-04
 2.750000000000113465e-04
 2.749999999999835909e-04
 2.750000000000252243e-04
 2.749999999999974687e-04
 2.749999999999974687e-04
 2.750000000000113465e-04
 2.749999999999974687e-04
 2.749999999999974687e-04
 2.750000000000113465e-04
 2.749999999999974687e-04
 2.749999999999974687e-04
 2.750000000000252243e-04
 2.749999999999835909e-04
 2.749999999999974687e-04
 2.749999999999835909e-04
 2.750000000000252243e-04
 2.749999999999835909e-04
 2.750000000000113465e-04
 2.749999999999974687e-04
 2.749999999999974687e-04
 2.750000000000113465e-04
 2.749999999999974687e-04
 2.750000000000113465e-04
 2.749999999999835909e-04
 2.750000000000113465e-04
 2.749999999999835909e-04
 2.750000000000113465e-04
 2.749999999999974687e-04
 2.749999999999974687e-04
 2.750000000000113465e-04
 2.749999999999835909e-04
 2.750000000000113465e-04
 2.749999999999974687e-04
 2.749999999999974687e-04
 2.749999999999974687e-04
 2.749999999999835909e-04
 2.750000000000252243e-04
 2.749999999999974687e-04
 2.749999999999974687e-04
 2.749999999999974687e-04
 2.750000000000252243e-04
 2.749999999999697131e-04
 2.750000000000391021e-04
 2.749999999999697131e-04
 2.750000000000113465e-04
 2.749999999999974687e-04
 2.749999999999835909e-04
 2.750000000000252243e-04
 2.749999999999697131e-04
 2.750000000000113465e-04
 2.749999999999974687e-04
 2.749999999999835909e-04
 2.750000000000252243e-04
 2.749999999999835909e-04
 2.750000000000113465e-04
 2.749999999999974687e-04
 2.750000000000113465e-04
 2.749999999999974687e-04
 2.749999999999697131e-04
 2.750000000000252243e-04
 2.750000000000113465e-04
 2.749999999999974687e-04
 2.749999999999835909e-04
 2.750000000000252243e-04
 2.749999999999835909e-04
 2.749999999999974687e-04
 2.750000000000044076e-04
 2.749999999999835909e-04
 2.750000000000252243e-04
 2.749999999999766520e-04
 2.750000000000044076e-04
 2.750000000000044076e-04
 2.749999999999905298e-04
 2.750000000000182854e-04
 2.749999999999766520e-04
 2.750000000000182854e-04
 2.749999999999905298e-04
 2.750000000000044076e-04
 2.749999999999974687e-04
 2.750000000000044076e-04
 2.749999999999905298e-04
 2.750000000000182854e-04
 2.749999999999766520e-04
 2.750000000000182854e-04
 2.749999999999905298e-04
 2.750000000000044076e-04
 2.750000000000044076e-04
 2.749999999999974687e-04
 2.749999999999905298e-04
 2.750000000000182854e-04
 2.749999999999835909e-04
 2.750000000000113465e-04
 2.749999999999905298e-04
 2.750000000000044076e-04
 2.750000000000044076e-04
 2.750000000000044076e-04
 2.749999999999905298e-04
 2.750000000000113465e-04
 2.749999999999835909e-04
 2.750000000000113465e-04
 2.749999999999905298e-04
 2.750000000000044076e-04
 2.750000000000044076e-04
 2.749999999999835909e-04
 2.750000000000252243e-04
 2.749999999999766520e-04
 2.750000000000044076e-04
 2.750000000000113465e-04
 2.749999999999835909e-04
 2.750000000000113465e-04
 2.749999999999835909e-04
 2.750000000000113465e-04
 2.750000000000044076e-04
 2.750000000000182854e-04
 2.749999999999766520e-04
 2.750000000000182854e-04
 2.749999999999766520e-04
 2.750000000000182854e-04
 2.749999999999974687e-04
 2.749999999999974687e-04
 2.749999999999974687e-04
 2.749999999999974687e-04
 2.750000000000044076e-04
 2.750000000000113465e-04
 2.749999999999766520e-04
 2.750000000000182854e-04
 2.749999999999766520e-04
 2.750000000000182854e-04
 2.750000000000044076e-04
 2.750000000000113465e-04
 2.749999999999835909e-04
 2.750000000000113465e-04
 2.749999999999835909e-04
 2.750000000000113465e-04
 2.749999999999835909e-04
 2.750000000000113465e-04
 2.750000000000044076e-04
 2.749999999999905298e-04
 2.750000000000044076e-04
 2.749999999999905298e-04
 2.750000000000044076e-04
 2.750000000000113465e-04
 2.749999999999835909e-04
 2.750000000000113465e-04
 2.749999999999835909e-04
 2.750000000000113465e-04
 2.750000000000044076e-04
 2.750000000000113465e-04
 2.749999999999835909e-04
 2.750000000000113465e-04
 2.750000000000044076e-04
 2.749999999999905298e-04
 2.750000000000044076e-04
 2.749999999999974687e-04
 2.749999999999974687e-04
 2.749999999999974687e-04
 2.749999999999974687e-04
 2.749999999999974687e-04
 2.749999999999974687e-04
 2.750000000000113465e-04
 2.749999999999835909e-04
 2.750000000000182854e-04
 2.750000000000044076e-04
 2.750000000000113465e-04
 2.749999999999835909e-04
 2.750000000000113465e-04
 2.749999999999835909e-04
 2.749999999999766520e-04
 2.750000000000182854e-04
 2.750000000000113465e-04
 2.750000000000044076e-04
 2.749999999999766520e-04
 2.750000000000182854e-04
 2.749999999999905298e-04
 2.750000000000078770e-04
 2.749999999999974687e-04
 2.749999999999974687e-04
 2.749999999999976855e-04
 2.749999999999971976e-04
 2.749999999999974687e-04
 2.750000000000113465e-04
 2.749999999999838620e-04
 2.750000000000249532e-04
 2.749999999999700384e-04
 2.750000000000248448e-04
 2.749999999999974687e-04
 2.750000000000113465e-04
 2.749999999999845667e-04
 2.750000000000241943e-04
 2.749999999999835909e-04
 2.749999999999974687e-04
 2.750000000000119970e-04
 2.749999999999829404e-04
 2.750000000000120512e-04
 2.749999999999828320e-04
 2.750000000000113465e-04
 2.749999999999974687e-04
 2.749999999999992034e-04
 2.750000000000095575e-04
 2.749999999999835909e-04
 2.750000000000113465e-04
 2.749999999999984987e-04
 2.749999999999964387e-04
 2.749999999999985529e-04
 2.750000000000102081e-04
 2.749999999999835909e-04
 2.750000000000113465e-04
 2.750000000000138401e-04
 2.749999999999810430e-04
 2.750000000000252243e-04
 2.749999999999697131e-04
 2.750000000000127559e-04
 2.749999999999821814e-04
 2.750000000000113465e-04
 2.749999999999835909e-04
 2.750000000000113465e-04
 2.750000000000113465e-04
 2.750000000000007213e-04
 2.750000000000063591e-04
 2.749999999999852714e-04
 2.750000000000252243e-04
 2.749999999999992576e-04
 2.750000000000095575e-04
 2.749999999999697131e-04
 2.750000000000252243e-04
 2.749999999999835909e-04
 2.750000000000113465e-04
 2.749999999999876025e-04
 2.749999999999913429e-04
 2.750000000000134065e-04
 2.749999999999974687e-04
 2.749999999999996371e-04
 2.749999999999953003e-04
 2.749999999999835909e-04
 2.750000000000252243e-04
 2.749999999999835909e-04
 2.750000000000252243e-04
 2.749999999999835909e-04
 2.750000000000227848e-04
 2.749999999999860304e-04
 2.750000000000252243e-04
 2.749999999999861388e-04
 2.749999999999948666e-04
 2.749999999999974687e-04
 2.749999999999835909e-04
 2.750000000000252243e-04
 2.749999999999835909e-04
 2.749999999999974687e-04
 2.749999999999946498e-04
 2.750000000000002876e-04
 2.750000000000113465e-04
 2.749999999999865182e-04
 2.750000000000163338e-04
 2.749999999999896082e-04
 2.749999999999974687e-04
 2.750000000000113465e-04
 2.749999999999974687e-04
 2.749999999999974687e-04
 2.750000000000081481e-04
 2.750000000000006671e-04
 2.749999999999974687e-04
 2.750000000000285311e-04
 2.749999999999735620e-04
 2.749999999999903672e-04
 2.749999999999835909e-04
 2.750000000000252243e-04
 2.749999999999835909e-04
 2.750000000000113465e-04
 2.750000000000077686e-04
 2.749999999999872230e-04
 2.750000000000113465e-04
 2.749999999999974687e-04
 2.750000000000039197e-04
 2.749999999999911261e-04
 2.750000000000113465e-04
 2.749999999999835909e-04
 2.750000000000113465e-04
 2.749999999999974687e-04
 2.750000000000073891e-04
 2.750000000000014802e-04
 2.749999999999835909e-04
 2.750000000000113465e-04
 2.749999999999892830e-04
 2.750000000000057628e-04
 2.749999999999974687e-04
 2.749999999999835909e-04
 2.750000000000252243e-04
 2.749999999999974687e-04
 2.750000000000070097e-04
 2.749999999999879819e-04
 2.750000000000252243e-04
 2.749999999999697131e-04
 2.750000000000301574e-04
 2.749999999999787662e-04
 2.750000000000113465e-04
 2.749999999999974687e-04
 2.749999999999835909e-04
 2.750000000000252243e-04
 2.749999999999788746e-04
 2.750000000000022392e-04
 2.749999999999974687e-04
 2.749999999999835909e-04
 2.750000000000154664e-04
 2.749999999999934029e-04
 2.750000000000024018e-04
 2.750000000000063591e-04
 2.750000000000201827e-04
 2.749999999999886324e-04
 2.749999999999799046e-04
 2.750000000000149786e-04
 2.750000000000113465e-04
 2.749999999999974687e-04
 2.749999999999819104e-04
 2.750000000000268506e-04
 2.749999999999835909e-04
 2.749999999999974687e-04
 2.750000000000044076e-04
 2.749999999999835909e-04
 2.750000000000266879e-04
 2.749999999999752425e-04
 2.750000000000044076e-04
 2.750000000000044076e-04
 2.749999999999892288e-04
 2.750000000000195322e-04
 2.749999999999766520e-04
 2.750000000000182854e-04
 2.749999999999905298e-04
 2.750000000000044076e-04
 2.750000000000022392e-04
 2.749999999999995287e-04
 2.749999999999905298e-04
 2.750000000000182854e-04
 2.749999999999757304e-04
 2.750000000000191527e-04
 2.749999999999905298e-04
 2.750000000000044076e-04
 2.750000000000044076e-04
 2.749999999999974687e-04
 2.749999999999891203e-04
 2.750000000000195864e-04
 2.749999999999835909e-04
 2.750000000000113465e-04
 2.749999999999899877e-04
 2.750000000000048955e-04
 2.750000000000044076e-04
 2.750000000000044076e-04
 2.749999999999905298e-04
 2.750000000000113465e-04
 2.749999999999829404e-04
 2.750000000000118886e-04
 2.749999999999905298e-04
 2.750000000000044076e-04
 2.750000000000042450e-04
 2.749999999999836993e-04
 2.750000000000252243e-04
 2.749999999999766520e-04
 2.750000000000044076e-04
 2.750000000000113465e-04
 2.749999999999835909e-04
 2.750000000000112381e-04
 2.749999999999837535e-04
 2.750000000000113465e-04
 2.750000000000046244e-04
 2.750000000000180143e-04
 2.749999999999766520e-04
 2.750000000000182854e-04
 2.749999999999766520e-04
 2.750000000000182854e-04
 2.749999999999974687e-04
 2.749999999999974687e-04
 2.749999999999974687e-04
 2.749999999999974687e-04
 2.750000000000050039e-04
 2.750000000000106960e-04
 2.749999999999766520e-04
 2.750000000000182854e-04
 2.749999999999766520e-04
 2.750000000000182854e-04
 2.750000000000044076e-04
 2.750000000000113465e-04
 2.749999999999835909e-04
 2.750000000000113465e-04
 2.749999999999845667e-04
 2.750000000000103165e-04
 2.749999999999835909e-04
 2.750000000000113465e-04
 2.750000000000044076e-04
 2.749999999999905298e-04
 2.750000000000044076e-04
 2.749999999999892830e-04
 2.750000000000057086e-04
 2.750000000000113465e-04
 2.749999999999835909e-04
 2.750000000000113465e-04
 2.749999999999835909e-04
 2.750000000000113465e-04
 2.750000000000044076e-04
 2.750000000000113465e-04
 2.749999999999835909e-04
 2.750000000000097202e-04
 2.750000000000060881e-04
 2.749999999999905298e-04
 2.750000000000044076e-04
 2.749999999999974687e-04
 2.749999999999974687e-04
 2.749999999999974687e-04
 2.749999999999974687e-04
 2.749999999999974687e-04
 2.749999999999974687e-04
 2.750000000000162796e-04
 2.749999999999787120e-04
 2.750000000000182854e-04
 2.750000000000044076e-04
 2.750000000000113465e-04
 2.749999999999835909e-04
 2.750000000000113465e-04
 2.749999999999835909e-04
 2.749999999999766520e-04
 2.750000000000182854e-04
 2.750000000000159001e-04
 2.749999999999999081e-04
 2.749999999999766520e-04
 2.750000000000182854e-04
 2.749999999999854340e-04
 2.750000000000060881e-04
 </DataArray>
 <DataArray Name="rho" type="Float32" NumberOfComponents="1" format="ascii">
 2.042022233924876418e-01
 2.042018700049960667e-01
 2.042014767516228679e-01
 2.042008851756930976e-01
 2.042002614979430142e-01
 2.041994938724891739e-01
 2.041986004767817053e-01
 2.041975467966142821e-01
 2.041963482808927255e-01
 2.041949986362227298e-01
 2.041935023732706078e-01
 2.041918562238944357e-01
 2.041900606096428983e-01
 2.041881144704322804e-01
 2.041860181146351039e-01
 2.041837714878822485e-01
 2.041813748240024207e-01
 2.041788281785541781e-01
 2.041761316308907392e-01
 2.041732851916664426e-01
 2.041702888712365049e-01
 2.041671426632177266e-01
 2.041638465634853516e-01
 2.041604005657053633e-01
 2.041568046650974189e-01
 2.041530588565107496e-01
 2.041491631348104629e-01
 2.041451174941546765e-01
 2.041409219280208298e-01
 2.041365764290664353e-01
 2.041320809892080423e-01
 2.041274355996647860e-01
 2.041226402510418203e-01
 2.041176949333897428e-01
 2.041125996362605222e-01
 2.041073543487468833e-01
 2.041019590595142263e-01
 2.040964137568219705e-01
 2.040907184285404574e-01
 2.040848730621616924e-01
 2.040788776448071162e-01
 2.040727321632324343e-01
 2.040664366038302535e-01
 2.040599909526314981e-01
 2.040533951953063529e-01
 2.040466493171635698e-01
 2.040397533031504396e-01
 2.040327071378518209e-01
 2.040255108054895017e-01
 2.040181642899217274e-01
 2.040106675746416465e-01
 2.040030206427773385e-01
 2.039952234770903150e-01
 2.039872760599752699e-01
 2.039791783734586084e-01
 2.039709303991981970e-01
 2.039625321184818652e-01
 2.039539835122268774e-01
 2.039452845609786569e-01
 2.039364352449100082e-01
 2.039274355438200348e-01
 2.039182854371326958e-01
 2.039089849038961122e-01
 2.038995339227808457e-01
 2.038899324720792883e-01
 2.038801805297036918e-01
 2.038702780731851683e-01
 2.038602250796721915e-01
 2.038500215259293202e-01
 2.038396673883354770e-01
 2.038291626428826719e-01
 2.038185072651742535e-01
 2.038077012304233271e-01
 2.037967445134512279e-01
 2.037856370886855784e-01
 2.037743789301587061e-01
 2.037629700115056175e-01
 2.037514103059624437e-01
 2.037396997863639425e-01
 2.037278384251422214e-01
 2.037158261943243509e-01
 2.037036630655298663e-01
 2.036913490099696578e-01
 2.036788839984427779e-01
 2.036662680013348048e-01
 2.036535009886153713e-01
 2.036405829298355841e-01
 2.036275137941262192e-01
 2.036142935501948081e-01
 2.036009221663232782e-01
 2.035873996103657324e-01
 2.035737258497452851e-01
 2.035599008514525354e-01
 2.035459245820410989e-01
 2.035317970076269412e-01
 2.035175180938839923e-01
 2.035030878060422876e-01
 2.034885061088847480e-01
 2.034737729667440709e-01
 2.034588883435000384e-01
 2.034438522025759088e-01
 2.034286645069357802e-01
 2.034133252190811203e-01
 2.033978343010475198e-01
 2.033821917144013613e-01
 2.033663974202364333e-01
 2.033504513791703772e-01
 2.033343535513412459e-01
 2.033181038964038956e-01
 2.033017023735263495e-01
 2.032851489413858570e-01
 2.032684435581655347e-01
 2.032515861815501479e-01
 2.032345767687225024e-01
 2.032174152763591701e-01
 2.032001016606264365e-01
 2.031826358771763874e-01
 2.031650178811426344e-01
 2.031472476271352356e-01
 2.031293250692376984e-01
 2.031112501610009280e-01
 2.030930228554396755e-01
 2.030746431050272360e-01
 2.030561108616910637e-01
 2.030374260768074146e-01
 2.030185887011963508e-01
 2.029995986851172995e-01
 2.029804559782628914e-01
 2.029611605297542143e-01
 2.029417122881351787e-01
 2.029221112013671890e-01
 2.029023572168236478e-01
 2.028824502812842101e-01
 2.028623903409283169e-01
 2.028421773413306151e-01
 2.028218112274536578e-01
 2.028012919436424089e-01
 2.027806194336178869e-01
 2.027597936404705870e-01
 2.027388145066539027e-01
 2.027176819739775204e-01
 2.026963959836003693e-01
 2.026749564760236821e-01
 2.026533633910841958e-01
 2.026316166679462683e-01
 2.026097162450945233e-01
 2.025876620603263289e-01
 2.025654540507441925e-01
 2.025430921527472672e-01
 2.025205763020237748e-01
 2.024979064335424017e-01
 2.024750824815440831e-01
 2.024521043795335928e-01
 2.024289720602702458e-01
 2.024056854557595708e-01
 2.023822444972434853e-01
 2.023586491151918021e-01
 2.023348992392915158e-01
 2.023109947984384482e-01
 2.022869357207259799e-01
 2.022627219334353077e-01
 2.022383533630251473e-01
 2.022138299351208812e-01
 2.021891515745035395e-01
 2.021643182050985588e-01
 2.021393297499644581e-01
 2.021141861312808485e-01
 2.020888872703368588e-01
 2.020634330875185347e-01
 2.020378235022965985e-01
 2.020120584332133762e-01
 2.019861377978701411e-01
 2.019600615129134857e-01
 2.019338294940214995e-01
 2.019074416558900853e-01
 2.018808979122183600e-01
 2.018541981756940273e-01
 2.018273423579782788e-01
 2.018003303696903339e-01
 2.017731621203917303e-01
 2.017458375185698649e-01
 2.017183564716216182e-01
 2.016907188858362288e-01
 2.016629246663778907e-01
 2.016349737172676015e-01
 2.016068659413656761e-01
 2.015786012403522620e-01
 2.015501795147087716e-01
 2.015216006636979806e-01
 2.014928645853437672e-01
 2.014639711764109331e-01
 2.014349203323837767e-01
 2.014057119474444157e-01
 2.013763459144507217e-01
 2.013468221249137546e-01
 2.013171404689735045e-01
 2.012873008353756599e-01
 2.012573031114463784e-01
 2.012271471830674452e-01
 2.011968329346495721e-01
 2.011663602491066127e-01
 2.011357290078273907e-01
 2.011049390906478329e-01
 2.010739903758221314e-01
 2.010428827399929341e-01
 2.010116160581610634e-01
 2.009801902036544574e-01
 2.009486050480954467e-01
 2.009168604613685016e-01
 2.008849563115860937e-01
 2.008528924650535841e-01
 2.008206687862331141e-01
 2.007882851377071065e-01
 2.007557413801396573e-01
 2.007230373722375671e-01
 2.006901729707102344e-01
 2.006571480302283828e-01
 2.006239624033822055e-01
 2.005906159406374012e-01
 2.005571084902911805e-01
 2.005234398984251931e-01
 2.004896100088577049e-01
 2.004556186630936654e-01
 2.004214657002731659e-01
 2.003871509571183429e-01
 2.003526742678798100e-01
 2.003180354642814520e-01
 2.002832343754661626e-01
 2.002482708279391954e-01
 2.002131446455101826e-01
 2.001778556492329608e-01
 2.001424036573400678e-01
 2.001067884851736867e-01
 2.000710099451105672e-01
 2.000350678464848653e-01
 1.999989619955070685e-01
 1.999626921951859482e-01
 1.999262582452520920e-01
 1.998896599420859344e-01
 1.998528970786500603e-01
 1.998159694444216483e-01
 1.997788768253216107e-01
 1.997416190036337136e-01
 1.997041957579081262e-01
 1.996666068628468182e-01
 1.996288520891698337e-01
 1.995909312034678529e-01
 1.995528439680492594e-01
 1.995145901407937850e-01
 1.994761694750240566e-01
 2.042022233924879471e-01
 2.042018700049960667e-01
 2.042014767516227847e-01
 2.042008851756927645e-01
 2.042002614979426256e-01
 2.041994938724888964e-01
 2.041986004767815666e-01
 2.041975467966141433e-01
 2.041963482808926700e-01
 2.041949986362228686e-01
 2.041935023732707744e-01
 2.041918562238946577e-01
 2.041900606096430648e-01
 2.041881144704324469e-01
 2.041860181146352704e-01
 2.041837714878824983e-01
 2.041813748240026427e-01
 2.041788281785543446e-01
 2.041761316308909058e-01
 2.041732851916665814e-01
 2.041702888712365604e-01
 2.041671426632176434e-01
 2.041638465634852406e-01
 2.041604005657053078e-01
 2.041568046650974466e-01
 2.041530588565109994e-01
 2.041491631348106850e-01
 2.041451174941549818e-01
 2.041409219280211074e-01
 2.041365764290666573e-01
 2.041320809892081811e-01
 2.041274355996648415e-01
 2.041226402510417370e-01
 2.041176949333896040e-01
 2.041125996362603556e-01
 2.041073543487468278e-01
 2.041019590595142541e-01
 2.040964137568219983e-01
 2.040907184285403742e-01
 2.040848730621615259e-01
 2.040788776448068942e-01
 2.040727321632321845e-01
 2.040664366038299760e-01
 2.040599909526312483e-01
 2.040533951953060754e-01
 2.040466493171633755e-01
 2.040397533031502175e-01
 2.040327071378515988e-01
 2.040255108054893074e-01
 2.040181642899215331e-01
 2.040106675746413967e-01
 2.040030206427771997e-01
 2.039952234770901207e-01
 2.039872760599751311e-01
 2.039791783734584418e-01
 2.039709303991981137e-01
 2.039625321184818652e-01
 2.039539835122268774e-01
 2.039452845609785736e-01
 2.039364352449098972e-01
 2.039274355438198683e-01
 2.039182854371325015e-01
 2.039089849038959179e-01
 2.038995339227807901e-01
 2.038899324720792605e-01
 2.038801805297036918e-01
 2.038702780731851405e-01
 2.038602250796721083e-01
 2.038500215259292092e-01
 2.038396673883353383e-01
 2.038291626428824777e-01
 2.038185072651741425e-01
 2.038077012304232161e-01
 2.037967445134511169e-01
 2.037856370886854673e-01
 2.037743789301585395e-01
 2.037629700115054232e-01
 2.037514103059620829e-01
 2.037396997863634984e-01
 2.037278384251417496e-01
 2.037158261943238791e-01
 2.037036630655294778e-01
 2.036913490099692692e-01
 2.036788839984424171e-01
 2.036662680013345272e-01
 2.036535009886150660e-01
 2.036405829298353620e-01
 2.036275137941261082e-01
 2.036142935501946694e-01
 2.036009221663233337e-01
 2.035873996103657602e-01
 2.035737258497454238e-01
 2.035599008514524799e-01
 2.035459245820410712e-01
 2.035317970076267191e-01
 2.035175180938838257e-01
 2.035030878060421489e-01
 2.034885061088847202e-01
 2.034737729667441264e-01
 2.034588883435002327e-01
 2.034438522025761586e-01
 2.034286645069360300e-01
 2.034133252190812591e-01
 2.033978343010476308e-01
 2.033821917144013613e-01
 2.033663974202363778e-01
 2.033504513791701551e-01
 2.033343535513410516e-01
 2.033181038964036735e-01
 2.033017023735261553e-01
 2.032851489413857182e-01
 2.032684435581655347e-01
 2.032515861815502312e-01
 2.032345767687227245e-01
 2.032174152763593089e-01
 2.032001016606266863e-01
 2.031826358771766095e-01
 2.031650178811427732e-01
 2.031472476271353189e-01
 2.031293250692377261e-01
 2.031112501610008725e-01
 2.030930228554396477e-01
 2.030746431050272083e-01
 2.030561108616910915e-01
 2.030374260768074146e-01
 2.030185887011964896e-01
 2.029995986851174106e-01
 2.029804559782629192e-01
 2.029611605297541033e-01
 2.029417122881349844e-01
 2.029221112013670503e-01
 2.029023572168235090e-01
 2.028824502812840436e-01
 2.028623903409282336e-01
 2.028421773413305318e-01
 2.028218112274535467e-01
 2.028012919436423256e-01
 2.027806194336178314e-01
 2.027597936404705314e-01
 2.027388145066537639e-01
 2.027176819739772706e-01
 2.026963959836001195e-01
 2.026749564760235156e-01
 2.026533633910840571e-01
 2.026316166679461017e-01
 2.026097162450944122e-01
 2.025876620603263845e-01
 2.025654540507441925e-01
 2.025430921527473227e-01
 2.025205763020236360e-01
 2.024979064335422629e-01
 2.024750824815439165e-01
 2.024521043795334541e-01
 2.024289720602701903e-01
 2.024056854557595986e-01
 2.023822444972435408e-01
 2.023586491151918298e-01
 2.023348992392915435e-01
 2.023109947984384205e-01
 2.022869357207258134e-01
 2.022627219334352244e-01
 2.022383533630251196e-01
 2.022138299351208535e-01
 2.021891515745034285e-01
 2.021643182050985865e-01
 2.021393297499643471e-01
 2.021141861312808763e-01
 2.020888872703368588e-01
 2.020634330875186457e-01
 2.020378235022966262e-01
 2.020120584332133484e-01
 2.019861377978700023e-01
 2.019600615129132359e-01
 2.019338294940212775e-01
 2.019074416558900020e-01
 2.018808979122182767e-01
 2.018541981756941106e-01
 2.018273423579783343e-01
 2.018003303696905004e-01
 2.017731621203917858e-01
 2.017458375185699204e-01
 2.017183564716217292e-01
 2.016907188858363120e-01
 2.016629246663778630e-01
 2.016349737172676293e-01
 2.016068659413656206e-01
 2.015786012403523453e-01
 2.015501795147088271e-01
 2.015216006636981749e-01
 2.014928645853438505e-01
 2.014639711764110441e-01
 2.014349203323837767e-01
 2.014057119474443880e-01
 2.013763459144506662e-01
 2.013468221249136714e-01
 2.013171404689733934e-01
 2.012873008353755766e-01
 2.012573031114462674e-01
 2.012271471830674729e-01
 2.011968329346495166e-01
 2.011663602491066960e-01
 2.011357290078274740e-01
 2.011049390906479717e-01
 2.010739903758222424e-01
 2.010428827399929341e-01
 2.010116160581611189e-01
 2.009801902036544019e-01
 2.009486050480954189e-01
 2.009168604613686959e-01
 2.008849563115862880e-01
 2.008528924650537506e-01
 2.008206687862333362e-01
 2.007882851377073286e-01
 2.007557413801398238e-01
 2.007230373722377337e-01
 2.006901729707103454e-01
 2.006571480302286603e-01
 2.006239624033823721e-01
 2.005906159406376510e-01
 2.005571084902914303e-01
 2.005234398984252764e-01
 2.004896100088577049e-01
 2.004556186630936931e-01
 2.004214657002732491e-01
 2.003871509571184539e-01
 2.003526742678797823e-01
 2.003180354642813965e-01
 2.002832343754661071e-01
 2.002482708279391399e-01
 2.002131446455102104e-01
 2.001778556492330441e-01
 2.001424036573402343e-01
 2.001067884851739642e-01
 2.000710099451109281e-01
 2.000350678464850873e-01
 1.999989619955071796e-01
 1.999626921951860314e-01
 1.999262582452520920e-01
 1.998896599420859621e-01
 1.998528970786500880e-01
 1.998159694444218148e-01
 1.997788768253217495e-01
 1.997416190036337691e-01
 1.997041957579081539e-01
 1.996666068628469293e-01
 1.996288520891698615e-01
 1.995909312034679362e-01
 1.995528439680490929e-01
 1.995145901407937572e-01
 1.994761694750239456e-01
 </DataArray>
 <DataArray Name="vel.x" type="Float32" NumberOfComponents="1" format="ascii">
 1.629909421738776620e+00
 4.890820793305866054e+00
 8.151001127206834340e+00
 1.141167761187429974e+01
 1.467211782625363092e+01
 1.793267628983774742e+01
 2.119315577727055455e+01
 2.445367820930163205e+01
 2.771418210333686716e+01
 3.097470289231570817e+01
 3.423522327651874519e+01
 3.749575362971461345e+01
 4.075628970352689606e+01
 4.401683481815273780e+01
 4.727738834831065873e+01
 5.053795167588698689e+01
 5.379852514497502369e+01
 5.705910961762693034e+01
 6.031970568762761786e+01
 6.358031407883623132e+01
 6.684093544632695227e+01
 7.010157047671832231e+01
 7.336221983880295738e+01
 7.662288420851749038e+01
 7.988356425692774110e+01
 8.314426065641434604e+01
 8.640497407782839900e+01
 8.966570519203960998e+01
 9.292645466929785414e+01
 9.618722317964066804e+01
 9.944801139276854940e+01
 1.027088199781654225e+02
 1.059696496050893018e+02
 1.092305009426140145e+02
 1.124913746596414228e+02
 1.157522714249206217e+02
 1.190131919070588395e+02
 1.222741367745336305e+02
 1.255351066956996817e+02
 1.287961023387965724e+02
 1.320571243719539609e+02
 1.353181734631951372e+02
 1.385792502804404478e+02
 1.418403554915102234e+02
 1.451014897641253754e+02
 1.483626537659095561e+02
 1.516238481643875957e+02
 1.548850736269868662e+02
 1.581463308210359173e+02
 1.614076204137649029e+02
 1.646689430723024543e+02
 1.679302994636750839e+02
 1.711916902548058488e+02
 1.744531161125098322e+02
 1.777145777034947116e+02
 1.809760756943557283e+02
 1.842376107515740102e+02
 1.874991835415129060e+02
 1.907607947304150002e+02
 1.940224449843977368e+02
 1.972841349694507187e+02
 2.005458653514315586e+02
 2.038076367960615300e+02
 2.070694499689213330e+02
 2.103313055354460630e+02
 2.135932041609215730e+02
 2.168551465104794147e+02
 2.201171332490912107e+02
 2.233791650415640788e+02
 2.266412425525350329e+02
 2.299033664464650144e+02
 2.331655373876336057e+02
 2.364277560401333176e+02
 2.396900230678623132e+02
 2.429523391345199173e+02
 2.462147049035984878e+02
 2.494771210383783000e+02
 2.527395882019191617e+02
 2.560021070570550137e+02
 2.592646782663837257e+02
 2.625273024922640843e+02
 2.657899803968044807e+02
 2.690527126418560329e+02
 2.723154998890058778e+02
 2.755783427995668262e+02
 2.788412420345698024e+02
 2.821041982547556586e+02
 2.853672121205650001e+02
 2.886302842921289766e+02
 2.918934154292617222e+02
 2.951566061914477359e+02
 2.984198572378335257e+02
 3.016831692272164673e+02
 3.049465428180360504e+02
 3.082099786683589286e+02
 3.114734774358733489e+02
 3.147370397778727806e+02
 3.180006663512468776e+02
 3.212643578124681767e+02
 3.245281148175803878e+02
 3.277919380221857750e+02
 3.310558280814312866e+02
 3.343197856499971863e+02
 3.375838113820810236e+02
 3.408479059313851280e+02
 3.441120699511020575e+02
 3.473763040939000462e+02
 3.506406090119080545e+02
 3.539049853566996262e+02
 3.571694337792781084e+02
 3.604339549300607928e+02
 3.636985494588614074e+02
 3.669632180148739167e+02
 3.702279612466543881e+02
 3.734927798021046783e+02
 3.767576743284537315e+02
 3.800226454722383096e+02
 3.832876938792856549e+02
 3.865528201946930835e+02
 3.898180250628062140e+02
 3.930833091272030515e+02
 3.963486730306684649e+02
 3.996141174151760538e+02
 4.028796429218631943e+02
 4.061452501910122805e+02
 4.094109398620253160e+02
 4.126767125733995840e+02
 4.159425689627066163e+02
 4.192085096665645665e+02
 4.224745353206143932e+02
 4.257406465594935412e+02
 4.290068440168091684e+02
 4.322731283251117134e+02
 4.355395001158667583e+02
 4.388059600194257541e+02
 4.420725086649993045e+02
 4.453391466806237986e+02
 4.486058746931333872e+02
 4.518726933281290030e+02
 4.551396032099442550e+02
 4.584066049616146756e+02
 4.616736992048442971e+02
 4.649408865599711476e+02
 4.682081676459297341e+02
 4.714755430802178466e+02
 4.747430134788602345e+02
 4.780105794563684753e+02
 4.812782416257038562e+02
 4.845460005982382654e+02
 4.878138569837125829e+02
 4.910818113901970605e+02
 4.943498644240464728e+02
 4.976180166898579955e+02
 5.008862687904273798e+02
 5.041546213267018288e+02
 5.074230748977348640e+02
 5.106916301006374397e+02
 5.139602875305304224e+02
 5.172290477804920101e+02
 5.204979114415099275e+02
 5.237668791024258326e+02
 5.270359513498824526e+02
 5.303051287682677639e+02
 5.335744119396591714e+02
 5.368438014437660968e+02
 5.401132978578687016e+02
 5.433829017567587698e+02
 5.466526137126761569e+02
 5.499224342952453526e+02
 5.531923640714097701e+02
 5.564624036053651253e+02
 5.597325534584889510e+02
 5.630028141892710210e+02
 5.662731863532408170e+02
 5.695436705028932920e+02
 5.728142671876131544e+02
 5.760849769535954010e+02
 5.793558003437663046e+02
 5.826267378977004228e+02
 5.858977901515382882e+02
 5.891689576378972788e+02
 5.924402408857848741e+02
 5.957116404205079334e+02
 5.989831567635770853e+02
 6.022547904326145272e+02
 6.055265419412525034e+02
 6.087984117990345112e+02
 6.120704005113109361e+02
 6.153425085791336642e+02
 6.186147364991467157e+02
 6.218870847634751726e+02
 6.251595538596086499e+02
 6.284321442702864715e+02
 6.317048564733734111e+02
 6.349776909417360002e+02
 6.382506481431173597e+02
 6.415237285400042992e+02
 6.447969325894919166e+02
 6.480702607431479692e+02
 6.513437134468684917e+02
 6.546172911407311403e+02
 6.578909942588479680e+02
 6.611648232292095599e+02
 6.644387784735255309e+02
 6.677128604070627489e+02
 6.709870694384784429e+02
 6.742614059696451250e+02
 6.775358703954780140e+02
 6.808104631037499530e+02
 6.840851844749046222e+02
 6.873600348818645216e+02
 6.906350146898336106e+02
 6.939101242560885794e+02
 6.971853639297727341e+02
 7.004607340516768090e+02
 7.037362349540177320e+02
 7.070118669602098862e+02
 7.102876303846326209e+02
 7.135635255323905994e+02
 7.168395526990648250e+02
 7.201157121704551400e+02
 7.233920042223141991e+02
 7.266684291200645021e+02
 7.299449871185161101e+02
 7.332216784615684446e+02
 7.364985033819104956e+02
 7.397754621007198921e+02
 7.430525548273540153e+02
 7.463297817590429304e+02
 7.496071430805676528e+02
 7.528846389639228391e+02
 7.561622695679556045e+02
 7.594400350379764859e+02
 7.627179355053432346e+02
 7.659959710870176650e+02
 7.692741418851221624e+02
 7.725524479864908471e+02
 7.758308894622484786e+02
 7.791094663674166441e+02
 7.823881787405424575e+02
 7.856670266033376038e+02
 7.889460099602938499e+02
 7.922251287982386430e+02
 7.955043830858044203e+02
 7.987837727727738866e+02
 8.020632977893188809e+02
 8.053429580451517040e+02
 8.086227534286480250e+02
 8.119026838060070759e+02
 8.151827490205278082e+02
 1.629909421738548359e+00
 4.890820793306072112e+00
 8.151001127206219721e+00
 1.141167761187376684e+01
 1.467211782625305361e+01
 1.793267628983738149e+01
 2.119315577727005362e+01
 2.445367820930124481e+01
 2.771418210333674637e+01
 3.097470289231554119e+01
 3.423522327651853203e+01
 3.749575362971445713e+01
 4.075628970352680369e+01
 4.401683481815254595e+01
 4.727738834831053794e+01
 5.053795167588700110e+01
 5.379852514497515159e+01
 5.705910961762689482e+01
 6.031970568762734075e+01
 6.358031407883605368e+01
 6.684093544632685280e+01
 7.010157047671847863e+01
 7.336221983880304265e+01
 7.662288420851749038e+01
 7.988356425692754215e+01
 8.314426065641411867e+01
 8.640497407782814321e+01
 8.966570519203936840e+01
 9.292645466929764098e+01
 9.618722317964045487e+01
 9.944801139276835045e+01
 1.027088199781650673e+02
 1.059696496050888470e+02
 1.092305009426134745e+02
 1.124913746596408828e+02
 1.157522714249199680e+02
 1.190131919070581432e+02
 1.222741367745333889e+02
 1.255351066956997528e+02
 1.287961023387967998e+02
 1.320571243719540746e+02
 1.353181734631952224e+02
 1.385792502804405046e+02
 1.418403554915104223e+02
 1.451014897641258869e+02
 1.483626537659098972e+02
 1.516238481643875673e+02
 1.548850736269865820e+02
 1.581463308210355763e+02
 1.614076204137644766e+02
 1.646689430723022269e+02
 1.679302994636750270e+02
 1.711916902548057919e+02
 1.744531161125099459e+02
 1.777145777034952232e+02
 1.809760756943561830e+02
 1.842376107515744366e+02
 1.874991835415133039e+02
 1.907607947304149718e+02
 1.940224449843976799e+02
 1.972841349694508040e+02
 2.005458653514319280e+02
 2.038076367960618427e+02
 2.070694499689215320e+02
 2.103313055354460346e+02
 2.135932041609215446e+02
 2.168551465104796137e+02
 2.201171332490914949e+02
 2.233791650415644767e+02
 2.266412425525352603e+02
 2.299033664464652418e+02
 2.331655373876338047e+02
 2.364277560401334597e+02
 2.396900230678623416e+02
 2.429523391345199741e+02
 2.462147049035990278e+02
 2.494771210383784705e+02
 2.527395882019194460e+02
 2.560021070570547863e+02
 2.592646782663836689e+02
 2.625273024922642549e+02
 2.657899803968047081e+02
 2.690527126418563171e+02
 2.723154998890060483e+02
 2.755783427995669967e+02
 2.788412420345699729e+02
 2.821041982547557723e+02
 2.853672121205651138e+02
 2.886302842921291472e+02
 2.918934154292612106e+02
 2.951566061914473948e+02
 2.984198572378329004e+02
 3.016831692272160126e+02
 3.049465428180356525e+02
 3.082099786683591560e+02
 3.114734774358735763e+02
 3.147370397778730648e+02
 3.180006663512469913e+02
 3.212643578124678925e+02
 3.245281148175796488e+02
 3.277919380221850929e+02
 3.310558280814307182e+02
 3.343197856499970158e+02
 3.375838113820810236e+02
 3.408479059313851280e+02
 3.441120699511018870e+02
 3.473763040939001598e+02
 3.506406090119081682e+02
 3.539049853566996262e+02
 3.571694337792780516e+02
 3.604339549300607359e+02
 3.636985494588610663e+02
 3.669632180148732914e+02
 3.702279612466539902e+02
 3.734927798021043941e+02
 3.767576743284534473e+02
 3.800226454722379685e+02
 3.832876938792857118e+02
 3.865528201946927993e+02
 3.898180250628061003e+02
 3.930833091272031652e+02
 3.963486730306686354e+02
 3.996141174151761675e+02
 4.028796429218635353e+02
 4.061452501910125648e+02
 4.094109398620253160e+02
 4.126767125733996409e+02
 4.159425689627067868e+02
 4.192085096665650212e+02
 4.224745353206148479e+02
 4.257406465594938254e+02
 4.290068440168095663e+02
 4.322731283251121113e+02
 4.355395001158670425e+02
 4.388059600194263226e+02
 4.420725086650001003e+02
 4.453391466806246513e+02
 4.486058746931338987e+02
 4.518726933281293441e+02
 4.551396032099449371e+02
 4.584066049616151872e+02
 4.616736992048450929e+02
 4.649408865599713181e+02
 4.682081676459299615e+02
 4.714755430802184719e+02
 4.747430134788606892e+02
 4.780105794563688164e+02
 4.812782416257039131e+02
 4.845460005982379812e+02
 4.878138569837129808e+02
 4.910818113901972310e+02
 4.943498644240468707e+02
 4.976180166898589050e+02
 5.008862687904282325e+02
 5.041546213267023973e+02
 5.074230748977355461e+02
 5.106916301006381218e+02
 5.139602875305309908e+02
 5.172290477804925786e+02
 5.204979114415107233e+02
 5.237668791024259463e+02
 5.270359513498821116e+02
 5.303051287682677639e+02
 5.335744119396591714e+02
 5.368438014437662105e+02
 5.401132978578698385e+02
 5.433829017567594519e+02
 5.466526137126764979e+02
 5.499224342952453526e+02
 5.531923640714102248e+02
 5.564624036053656937e+02
 5.597325534584898605e+02
 5.630028141892722715e+02
 5.662731863532418402e+02
 5.695436705028939741e+02
 5.728142671876139502e+02
 5.760849769535954010e+02
 5.793558003437661910e+02
 5.826267378977004228e+02
 5.858977901515386293e+02
 5.891689576378980746e+02
 5.924402408857852151e+02
 5.957116404205080471e+02
 5.989831567635776537e+02
 6.022547904326154367e+02
 6.055265419412535266e+02
 6.087984117990350796e+02
 6.120704005113113908e+02
 6.153425085791335505e+02
 6.186147364991469431e+02
 6.218870847634751726e+02
 6.251595538596089909e+02
 6.284321442702865852e+02
 6.317048564733735248e+02
 6.349776909417360002e+02
 6.382506481431173597e+02
 6.415237285400041856e+02
 6.447969325894922576e+02
 6.480702607431481965e+02
 6.513437134468690601e+02
 6.546172911407315951e+02
 6.578909942588491049e+02
 6.611648232292101284e+02
 6.644387784735260993e+02
 6.677128604070636584e+02
 6.709870694384788976e+02
 6.742614059696458071e+02
 6.775358703954786961e+02
 6.808104631037496119e+02
 6.840851844749042812e+02
 6.873600348818644079e+02
 6.906350146898332696e+02
 6.939101242560885794e+02
 6.971853639297728478e+02
 7.004607340516773775e+02
 7.037362349540184141e+02
 7.070118669602099999e+02
 7.102876303846329620e+02
 7.135635255323905994e+02
 7.168395526990645976e+02
 7.201157121704555948e+02
 7.233920042223143128e+02
 7.266684291200648431e+02
 7.299449871185163374e+02
 7.332216784615683309e+02
 7.364985033819104956e+02
 7.397754621007198921e+02
 7.430525548273544700e+02
 7.463297817590438399e+02
 7.496071430805685623e+02
 7.528846389639236349e+02
 7.561622695679558319e+02
 7.594400350379762585e+02
 7.627179355053424388e+02
 7.659959710870177787e+02
 7.692741418851220487e+02
 7.725524479864902787e+02
 7.758308894622481375e+02
 7.791094663674164167e+02
 7.823881787405422301e+02
 7.856670266033366943e+02
 7.889460099602928267e+02
 7.922251287982384156e+02
 7.955043830858043066e+02
 7.987837727727736592e+02
 8.020632977893187672e+02
 8.053429580451513630e+02
 8.086227534286490481e+02
 8.119026838060083264e+02
 8.151827490205292861e+02
 </DataArray>
 <DataArray Name="vel.y" type="Float32" NumberOfComponents="1" format="ascii">
 3.324087603411604204e-13
 3.644016468029254609e-13
 -3.557897709352118648e-13
 2.067837400683721136e-13
 9.200174895471954172e-14
 1.329233513596782450e-14
 -1.699293924779655896e-15
 -2.294793575500372292e-14
 -5.482794703925810508e-15
 6.076808876229161685e-15
 -7.152437184847965159e-14
 -1.521997582471682499e-13
 -1.442867851056984010e-13
 -4.301025789461315175e-14
 -6.668959391684300579e-16
 -1.666285250309886269e-14
 4.643363196892847285e-15
 -2.674181344449133217e-14
 -6.180513692313047980e-14
 -7.100805257483749123e-14
 9.491888273406618527e-15
 6.558472992293993025e-14
 4.487623379766173741e-14
 5.100721335177262112e-14
 7.718507502512064485e-14
 1.584734680217125186e-13
 1.394009119363124991e-13
 1.421089489849164428e-13
 1.769337115185507654e-13
 8.923392307640868481e-14
 1.714701058137278461e-13
 1.273050313729079361e-13
 1.117817578182543773e-13
 2.750365615710346429e-16
 -3.934527900547696228e-14
 -7.253015016596174943e-14
 5.722313215590333708e-15
 -1.380624638530906281e-14
 -4.840200827950382276e-15
 8.572238182283563949e-15
 8.086382088230429628e-14
 3.719229305008796684e-14
 1.069641077113623436e-13
 -1.908839789441747621e-14
 4.192153278226543628e-14
 2.107754311718981946e-14
 3.143641569421840818e-14
 -2.650310188422425937e-14
 -7.075579875837791139e-14
 -1.033749471248663864e-13
 -1.129000444324197775e-14
 -2.394309838782480361e-14
 1.137920779796533510e-13
 5.439336743753310597e-15
 8.011895929915643464e-14
 4.823487265914812164e-14
 8.583852814465216527e-14
 3.303617965181441360e-14
 4.200462059680771861e-14
 1.330823945033443638e-14
 1.724822257859952931e-14
 1.354076819851110123e-14
 -4.673612385489496272e-15
 4.764250030494790021e-14
 8.167857191239639410e-14
 -7.216398664339988994e-15
 1.992736477723227872e-15
 2.329919385376458066e-14
 -3.971054899302743609e-15
 -1.015426808383788677e-14
 1.941212649708513686e-15
 8.335318189440165191e-16
 -1.887244079114054309e-15
 6.468076274513352199e-14
 3.067511554355258203e-14
 -1.059809048541085229e-14
 4.529470971890350820e-14
 6.434080654106376649e-14
 2.796367172749979524e-14
 7.077104871369143351e-14
 1.699694531375315481e-13
 1.471406724131350109e-13
 1.885933092975730615e-13
 1.081266706981608423e-13
 1.677417426729793860e-13
 1.643633480412432601e-13
 1.123927765519845357e-13
 9.732415434587282529e-14
 2.246416275084522374e-13
 2.111032448475817175e-13
 2.274516370280854748e-13
 1.491959768732998474e-13
 2.026213370377888903e-13
 6.848389626484695494e-14
 3.305116879660716567e-14
 1.468927377774560580e-14
 1.377757297124110695e-13
 8.315088764375658299e-14
 8.479264080228878394e-14
 2.964350877151480048e-14
 -1.154284138804529751e-15
 -1.423900778956879741e-14
 4.070589278149284231e-14
 4.822558672637439938e-14
 -2.386926460517152915e-14
 -3.862701628601042211e-14
 -9.983517711403208209e-15
 2.438287327246862773e-14
 -2.626059290011963912e-15
 -7.158732816827811933e-14
 -5.277786741956397363e-14
 -5.963307549406264066e-14
 5.602437241671585452e-14
 4.628817226400981954e-14
 6.396841865200396237e-14
 4.198551741623433183e-15
 2.975373457266604770e-14
 8.851886437573398266e-14
 7.537286515188984733e-14
 4.231452244232310533e-14
 3.929408167105455656e-14
 3.128068344181882874e-15
 5.278934823462697264e-14
 -1.900014912862993199e-16
 2.758245224968635556e-15
 -2.344942909370788357e-14
 2.060223071087865475e-14
 2.622314462295267118e-14
 2.398654764818813685e-14
 1.298846307410596173e-14
 3.925357667050698962e-14
 1.094259164308805975e-16
 5.185078351031192247e-14
 3.732332669669003074e-14
 2.907441847448650825e-14
 3.455866286969438507e-14
 1.386046018459315325e-14
 1.291688572413523324e-14
 4.118566046023304321e-14
 8.179906890282858026e-14
 1.646711918788217577e-13
 1.425054860896505537e-13
 1.241255616877996014e-13
 9.255988257762034538e-14
 1.034171214205864647e-13
 1.271726761084203362e-13
 9.566413670058830985e-14
 9.882576151430918235e-14
 2.674587801182511511e-15
 -7.054198769791404222e-15
 -2.929605164042880244e-14
 -4.742960891615436678e-14
 -2.621439371828706160e-14
 2.575694720855706403e-14
 1.958897808555435643e-14
 4.468085213356431485e-14
 4.555091502523064157e-14
 6.922404909323009724e-14
 9.928452543978260270e-14
 1.079515554783942461e-13
 5.611316339992950605e-14
 6.313992439869456524e-14
 -3.356692305615814897e-15
 3.116367381482323708e-14
 -2.849085065490987359e-14
 5.139479903541810951e-14
 4.176555794132888645e-14
 6.753120753699403363e-14
 5.433823050188102792e-14
 8.522457643033090501e-14
 4.969939278902009854e-14
 5.869992814909098022e-14
 6.810788952492605229e-14
 1.062467287187306886e-13
 9.693181067880983519e-14
 1.862071748220080201e-13
 1.425728862576805592e-13
 1.637826780040333333e-13
 7.782769629940538462e-14
 8.506747114027605870e-14
 9.824993564383003013e-14
 8.655456605138867697e-14
 5.670457687014923226e-14
 4.547776863187026779e-14
 4.228705453557878082e-14
 1.558493460554069560e-13
 1.222040100787164002e-13
 1.686286067689875128e-13
 7.900036028374574749e-14
 8.314190439199572258e-14
 1.691371062141875841e-14
 2.641042218062162646e-14
 3.855748945311196733e-15
 -4.879954441102711203e-14
 -8.950801950928454755e-14
 -9.276977112393085812e-14
 -1.081453692295498579e-13
 -4.464867317240078303e-14
 -2.084338336088721852e-14
 6.246870661308189850e-14
 6.746760088880775651e-14
 5.650737977142908191e-14
 8.740841702074827030e-14
 8.930927579291446195e-14
 9.247759736329890689e-14
 1.287629504434225873e-13
 1.298639851575920907e-13
 1.818441085624744389e-13
 1.128341324885402819e-13
 8.338773611959077280e-14
 7.625928464863716319e-15
 -1.365884174144330679e-14
 -3.740777428707798668e-14
 -2.335847914687460431e-14
 -4.882938804742791586e-14
 6.802582158435559724e-14
 5.697555732907470138e-14
 6.119419164073271789e-14
 3.123936123204735065e-14
 -2.541770520756462100e-14
 -3.355538304765427556e-14
 -2.273383029614486793e-14
 -1.672938272220636112e-14
 -7.761797956302133646e-15
 -8.362759130567654911e-14
 -9.558891738391260068e-14
 -1.757671228492552307e-13
 -1.741172275004242726e-13
 -1.763818005298805517e-13
 -1.483371414358800627e-13
 -8.835582370207863526e-14
 -2.419030548801253994e-14
 -1.162592144383906962e-14
 -5.847109144886368672e-14
 -5.641309966394368293e-14
 -2.290726371493925606e-14
 -4.601711128545915588e-14
 -3.580080130233652439e-14
 -2.254847299655637248e-14
 3.180956611333502289e-14
 -9.720536405822787284e-15
 -6.017997459305614372e-14
 -1.044805167924644805e-13
 -7.401250889573824948e-14
 -1.292236052799684565e-13
 -8.251510828151847695e-14
 -1.016894693484427722e-13
 1.137661494014501629e-14
 9.978928545575222629e-14
 2.111485948082063769e-13
 4.737517271320324440e-13
 5.463205274160004350e-13
 -2.672357561879071341e-13
 6.845009455048540023e-14
 -3.155965951156429839e-14
 -1.224444920129256870e-13
 -1.261349708313153444e-13
 -1.996938587469729010e-13
 -1.419077971268623234e-13
 -1.659343067376787014e-13
 -1.894816899914584187e-13
 -2.336197701268097027e-13
 -9.880370996572925095e-14
 -2.016375447124524186e-13
 -1.691455082905750006e-13
 -1.289350728737698870e-13
 -9.227310170487873332e-14
 -1.428741677615057731e-13
 -1.035276436599539178e-13
 -1.478673416995684624e-13
 -8.330961019971298205e-14
 -1.527160819924134963e-13
 7.507615384483072413e-14
 -1.319555184217669372e-14
 1.386404081544856466e-14
 -5.783912731884570606e-15
 1.061711672213777093e-13
 7.183486252459915715e-14
 1.305995112042483187e-13
 -1.820760207326225529e-14
 9.488278219330160488e-14
 -5.299217778278786519e-14
 2.033439419398647970e-13
 7.189920281614309808e-15
 -1.010189556051401105e-13
 -1.999514199911507407e-13
 -4.677815105730674571e-14
 -1.313761409352542333e-13
 -5.913361113299967304e-14
 -9.752861425825196844e-14
 1.145019887723140900e-14
 -8.443283288336042841e-14
 3.104225731452559135e-13
 -1.894768906456294965e-13
 1.001151083285814315e-14
 -8.386602702375174583e-14
 7.537769485839807421e-14
 5.191584117041664213e-15
 -3.777551548070607840e-14
 -1.688397627037097399e-13
 -5.878797789252790555e-14
 -1.961417256804315537e-13
 2.725924069802351642e-13
 -1.861243902063720948e-13
 2.067602073743903577e-14
 -3.655894513026139997e-14
 1.388435048176635597e-13
 8.034733562482880352e-14
 6.380015767245287321e-14
 -2.225585628902081949e-14
 -5.586587706467031555e-14
 -1.349189952465632142e-13
 -8.002346550215188031e-14
 -2.508615695313204050e-13
 -2.389301546292141650e-14
 -7.584280735449413700e-14
 1.353723423017895841e-13
 7.010404781248197187e-14
 -1.510291498279009275e-14
 -1.180130555922013960e-13
 -1.511527494541640563e-13
 -1.703174453974351666e-13
 -5.292507243738702005e-14
 -1.863753210364924152e-13
 -4.950984022643814376e-15
 -5.459771179330184273e-14
 2.482661404363647580e-13
 -1.484386486376668524e-13
 3.777404929525965226e-14
 1.482862130114120140e-14
 4.893871590219847185e-14
 -7.947078093204721493e-15
 2.135044656671245875e-14
 -4.959138109886202773e-14
 1.514131668539258306e-13
 5.530188167844345488e-14
 3.262611466142118449e-13
 -1.750743598090347511e-13
 1.272041482414831606e-13
 8.743738543065397504e-14
 1.279608594161462359e-13
 3.815213847702506532e-15
 7.031737318850589587e-14
 -1.022974686608197101e-13
 6.768069249321560062e-14
 -4.047380559528021962e-15
 7.940612263254408128e-14
 -1.211200147921014730e-13
 1.288564357247850636e-13
 6.373892827780091971e-14
 -2.535215230261721759e-14
 -1.308940720052132822e-13
 -3.383793167481368534e-14
 -1.749825181243929302e-13
 4.938998055154795359e-15
 -1.268067943571353315e-13
 -4.605850366183804849e-14
 -3.202525280304376846e-13
 -1.357652507081302514e-14
 -3.095573019507491435e-14
 1.507440042720299317e-14
 -4.975425182616980490e-14
 2.177344582518995652e-14
 -9.790971213264165772e-14
 5.531481788696227511e-14
 -5.097247295280351148e-14
 1.854356120366163841e-14
 -2.155670735435719904e-13
 4.819178009733099868e-14
 1.073596447638405981e-14
 6.182431191236267651e-15
 -1.003879802807578298e-13
 1.237308220387373528e-14
 -1.394958102863003881e-13
 5.979840360106610302e-14
 -4.637513519961009970e-14
 6.253605231004689321e-14
 -2.836410139253774669e-13
 -1.311243906042887392e-13
 1.077049621871327895e-13
 1.403302405786777912e-13
 8.359522125526372700e-14
 3.000790124919489223e-15
 3.042768413527258620e-13
 -3.696834924433895569e-14
 -5.423840117156092709e-15
 -1.275954022193616078e-13
 8.182316839571706214e-14
 -8.013362905289977365e-15
 9.098774156988146592e-15
 3.754116639912776759e-14
 2.107785622214990904e-14
 7.911325869634886168e-14
 -1.067388777192081113e-13
 -7.208135430685457621e-14
 5.601997161093476815e-15
 -7.497331107795562443e-14
 5.418155694899361676e-14
 -5.153992144129078042e-14
 1.629201950188443577e-14
 -2.720766488339961731e-14
 -7.076665694283871142e-15
 -1.732079529391124183e-13
 1.873875767195164011e-13
 -1.318032373008340832e-13
 -1.353195952168210844e-13
 -1.723651147814146493e-13
 5.757057022845169498e-16
 -1.335091129989050919e-13
 -9.881321444532399638e-14
 -1.260967887859221124e-13
 -1.013206984962850849e-13
 -2.663005178043797180e-13
 1.469563730737092973e-13
 -1.672453532239908735e-13
 -1.016130648821917325e-13
 -1.302418563816275329e-13
 2.573780610218905424e-14
 -6.866983207366729391e-14
 -2.926014019905068456e-14
 -6.000749494022358317e-14
 3.068933434154410655e-14
 -1.234570222973870100e-13
 3.019765618890466174e-13
 -1.899478385517369206e-14
 2.742170723060347399e-14
 -2.886816071421045906e-14
 1.054970046196073790e-13
 -3.086828093488679508e-14
 1.091566055939283374e-14
 2.768248543345820048e-15
 1.324447460809850718e-14
 -8.908775262626727234e-14
 -2.224653185709966717e-14
 -1.728698656495554327e-13
 1.390067468421675605e-14
 -5.092379250533358428e-14
 1.158883618213888689e-13
 3.614426647699226876e-14
 4.205222309707415457e-14
 -2.303363168922912988e-14
 -7.531679912585903719e-14
 -1.453286226648215837e-13
 -1.974320365009551342e-13
 -2.166330657913765047e-13
 -2.088949801691393194e-13
 -2.645352220198115069e-13
 -5.416455113791925386e-14
 -1.382335082874747546e-13
 -9.297469933629431960e-14
 -8.850666933584112833e-14
 -4.470703042724582720e-14
 1.162276723850082254e-14
 2.019009264240465570e-14
 2.443940517602470364e-14
 6.384994093315143952e-14
 1.767091840292283131e-14
 2.122391579329166065e-13
 -1.746246871030232520e-15
 -3.643284083109031664e-14
 -8.744582930644616641e-14
 -1.181361217859159169e-13
 -1.987413206428528329e-13
 -1.238698639888956208e-13
 -2.447243602570091299e-13
 -5.046440020899016507e-14
 -8.389768111041391567e-14
 -6.823618566595342927e-14
 -9.462136928656116245e-14
 -1.498045263080827056e-13
 -1.270094479928445943e-13
 -5.466807451514395061e-14
 -1.058447880467478368e-13
 -8.209632528030596823e-14
 -2.784097009251529472e-13
 -2.246195644557490110e-13
 -2.543314773940979629e-13
 -2.403555562054516562e-13
 -2.300286602682766186e-13
 -2.238653311798912582e-13
 -1.966655680796476877e-13
 -1.559268917131464481e-13
 -1.591708993241215781e-13
 -1.649438951115410079e-13
 -3.219022120403752917e-13
 -7.068976865834478082e-14
 -9.981636535084438778e-14
 -7.675951706278989286e-14
 -8.192019831537681611e-14
 -6.478453301028124375e-14
 -1.391642316229896209e-13
 -2.046908672039488530e-13
 -2.637461331275522150e-13
 -1.712348944467860612e-13
 -3.581009389884637967e-13
 -1.503008259069931387e-13
 -2.133605574740947069e-13
 1.515080449442487461e-14
 -1.953203181370323090e-13
 8.210103181694205221e-14
 </DataArray>
 <DataArray Name="vel.z" type="Float32" NumberOfComponents="1" format="ascii">
 0.000000000000000000e+00
 0.000000000000000000e+00
 0.000000000000000000e+00
 0.000000000000000000e+00
 0.000000000000000000e+00
 0.000000000000000000e+00
 0.000000000000000000e+00
 0.000000000000000000e+00
 0.000000000000000000e+00
 0.000000000000000000e+00
 0.000000000000000000e+00
 0.000000000000000000e+00
 0.000000000000000000e+00
 0.000000000000000000e+00
 0.000000000000000000e+00
 0.000000000000000000e+00
 0.000000000000000000e+00
 0.000000000000000000e+00
 0.000000000000000000e+00
 0.000000000000000000e+00
 0.000000000000000000e+00
 0.000000000000000000e+00
 0.000000000000000000e+00
 0.000000000000000000e+00
 0.000000000000000000e+00
 0.000000000000000000e+00
 0.000000000000000000e+00
 0.000000000000000000e+00
 0.000000000000000000e+00
 0.000000000000000000e+00
 0.000000000000000000e+00
 0.000000000000000000e+00
 0.000000000000000000e+00
 0.000000000000000000e+00
 0.000000000000000000e+00
 0.000000000000000000e+00
 0.000000000000000000e+00
 0.000000000000000000e+00
 0.000000000000000000e+00
 0.000000000000000000e+00
 0.000000000000000000e+00
 0.000000000000000000e+00
 0.000000000000000000e+00
 0.000000000000000000e+00
 0.000000000000000000e+00
 0.000000000000000000e+00
 0.000000000000000000e+00
 0.000000000000000000e+00
 0.000000000000000000e+00
 0.000000000000000000e+00
 0.000000000000000000e+00
 0.000000000000000000e+00
 0.000000000000000000e+00
 0.000000000000000000e+00
 0.000000000000000000e+00
 0.000000000000000000e+00
 0.000000000000000000e+00
 0.000000000000000000e+00
 0.000000000000000000e+00
 0.000000000000000000e+00
 0.000000000000000000e+00
 0.000000000000000000e+00
 0.000000000000000000e+00
 0.000000000000000000e+00
 0.000000000000000000e+00
 0.000000000000000000e+00
 0.000000000000000000e+00
 0.000000000000000000e+00
 0.000000000000000000e+00
 0.000000000000000000e+00
 0.000000000000000000e+00
 0.000000000000000000e+00
 0.000000000000000000e+00
 0.000000000000000000e+00
 0.000000000000000000e+00
 0.000000000000000000e+00
 0.000000000000000000e+00
 0.000000000000000000e+00
 0.000000000000000000e+00
 0.000000000000000000e+00
 0.000000000000000000e+00
 0.000000000000000000e+00
 0.000000000000000000e+00
 0.000000000000000000e+00
 0.000000000000000000e+00
 0.000000000000000000e+00
 0.000000000000000000e+00
 0.000000000000000000e+00
 0.000000000000000000e+00
 0.000000000000000000e+00
 0.000000000000000000e+00
 0.000000000000000000e+00
 0.000000000000000000e+00
 0.000000000000000000e+00
 0.000000000000000000e+00
 0.000000000000000000e+00
 0.000000000000000000e+00
 0.000000000000000000e+00
 0.000000000000000000e+00
 0.000000000000000000e+00
 0.000000000000000000e+00
 0.000000000000000000e+00
 0.000000000000000000e+00
 0.000000000000000000e+00
 0.000000000000000000e+00
 0.000000000000000000e+00
 0.000000000000000000e+00
 0.000000000000000000e+00
 0.000000000000000000e+00
 0.000000000000000000e+00
 0.000000000000000000e+00
 0.000000000000000000e+00
 0.000000000000000000e+00
 0.000000000000000000e+00
 0.000000000000000000e+00
 0.000000000000000000e+00
 0.000000000000000000e+00
 0.000000000000000000e+00
 0.000000000000000000e+00
 0.000000000000000000e+00
 0.000000000000000000e+00
 0.000000000000000000e+00
 0.000000000000000000e+00
 0.000000000000000000e+00
 0.000000000000000000e+00
 0.000000000000000000e+00
 0.000000000000000000e+00
 0.000000000000000000e+00
 0.000000000000000000e+00
 0.000000000000000000e+00
 0.000000000000000000e+00
 0.000000000000000000e+00
 0.000000000000000000e+00
 0.000000000000000000e+00
 0.000000000000000000e+00
 0.000000000000000000e+00
 0.000000000000000000e+00
 0.000000000000000000e+00
 0.000000000000000000e+00
 0.000000000000000000e+00
 0.000000000000000000e+00
 0.000000000000000000e+00
 0.000000000000000000e+00
 0.000000000000000000e+00
 0.000000000000000000e+00
 0.000000000000000000e+00
 0.000000000000000000e+00
 0.000000000000000000e+00
 0.000000000000000000e+00
 0.000000000000000000e+00
 0.000000000000000000e+00
 0.000000000000000000e+00
 0.000000000000000000e+00
 0.000000000000000000e+00
 0.000000000000000000e+00
 0.000000000000000000e+00
 0.000000000000000000e+00
 0.000000000000000000e+00
 0.000000000000000000e+00
 0.000000000000000000e+00
 0.000000000000000000e+00
 0.000000000000000000e+00
 0.000000000000000000e+00
 0.000000000000000000e+00
 0.000000000000000000e+00
 0.000000000000000000e+00
 0.000000000000000000e+00
 0.000000000000000000e+00
 0.000000000000000000e+00
 0.000000000000000000e+00
 0.000000000000000000e+00
 0.000000000000000000e+00
 0.000000000000000000e+00
 0.000000000000000000e+00
 0.000000000000000000e+00
 0.000000000000000000e+00
 0.000000000000000000e+00
 0.000000000000000000e+00
 0.000000000000000000e+00
 0.000000000000000000e+00
 0.000000000000000000e+00
 0.000000000000000000e+00
 0.000000000000000000e+00
 0.000000000000000000e+00
 0.000000000000000000e+00
 0.000000000000000000e+00
 0.000000000000000000e+00
 0.000000000000000000e+00
 0.000000000000000000e+00
 0.000000000000000000e+00
 0.000000000000000000e+00
 0.000000000000000000e+00
 0.000000000000000000e+00
 0.000000000000000000e+00
 0.000000000000000000e+00
 0.000000000000000000e+00
 0.000000000000000000e+00
 0.000000000000000000e+00
 0.000000000000000000e+00
 0.000000000000000000e+00
 0.000000000000000000e+00
 0.000000000000000000e+00
 0.000000000000000000e+00
 0.000000000000000000e+00
 0.000000000000000000e+00
 0.000000000000000000e+00
 0.000000000000000000e+00
 0.000000000000000000e+00
 0.000000000000000000e+00
 0.000000000000000000e+00
 0.000000000000000000e+00
 0.000000000000000000e+00
 0.000000000000000000e+00
 0.000000000000000000e+00
 0.000000000000000000e+00
 0.000000000000000000e+00
 0.000000000000000000e+00
 0.000000000000000000e+00
 0.000000000000000000e+00
 0.000000000000000000e+00
 0.000000000000000000e+00
 0.000000000000000000e+00
 0.000000000000000000e+00
 0.000000000000000000e+00
 0.000000000000000000e+00
 0.000000000000000000e+00
 0.000000000000000000e+00
 0.000000000000000000e+00
 0.000000000000000000e+00
 0.000000000000000000e+00
 0.000000000000000000e+00
 0.000000000000000000e+00
 0.000000000000000000e+00
 0.000000000000000000e+00
 0.000000000000000000e+00
 0.000000000000000000e+00
 0.000000000000000000e+00
 0.000000000000000000e+00
 0.000000000000000000e+00
 0.000000000000000000e+00
 0.000000000000000000e+00
 0.000000000000000000e+00
 0.000000000000000000e+00
 0.000000000000000000e+00
 0.000000000000000000e+00
 0.000000000000000000e+00
 0.000000000000000000e+00
 0.000000000000000000e+00
 0.000000000000000000e+00
 0.000000000000000000e+00
 0.000000000000000000e+00
 0.000000000000000000e+00
 0.000000000000000000e+00
 0.000000000000000000e+00
 0.000000000000000000e+00
 0.000000000000000000e+00
 0.000000000000000000e+00
 0.000000000000000000e+00
 0.000000000000000000e+00
 0.000000000000000000e+00
 0.000000000000000000e+00
 0.000000000000000000e+00
 0.000000000000000000e+00
 0.000000000000000000e+00
 0.000000000000000000e+00
 0.000000000000000000e+00
 0.000000000000000000e+00
 0.000000000000000000e+00
 0.000000000000000000e+00
 0.000000000000000000e+00
 0.000000000000000000e+00
 0.000000000000000000e+00
 0.000000000000000000e+00
 0.000000000000000000e+00
 0.000000000000000000e+00
 0.000000000000000000e+00
 0.000000000000000000e+00
 0.000000000000000000e+00
 0.000000000000000000e+00
 0.000000000000000000e+00
 0.000000000000000000e+00
 0.000000000000000000e+00
 0.000000000000000000e+00
 0.000000000000000000e+00
 0.000000000000000000e+00
 0.000000000000000000e+00
 0.000000000000000000e+00
 0.000000000000000000e+00
 0.000000000000000000e+00
 0.000000000000000000e+00
 0.000000000000000000e+00
 0.000000000000000000e+00
 0.000000000000000000e+00
 0.000000000000000000e+00
 0.000000000000000000e+00
 0.000000000000000000e+00
 0.000000000000000000e+00
 0.000000000000000000e+00
 0.000000000000000000e+00
 0.000000000000000000e+00
 0.000000000000000000e+00
 0.000000000000000000e+00
 0.000000000000000000e+00
 0.000000000000000000e+00
 0.000000000000000000e+00
 0.000000000000000000e+00
 0.000000000000000000e+00
 0.000000000000000000e+00
 0.000000000000000000e+00
 0.000000000000000000e+00
 0.000000000000000000e+00
 0.000000000000000000e+00
 0.000000000000000000e+00
 0.000000000000000000e+00
 0.000000000000000000e+00
 0.000000000000000000e+00
 0.000000000000000000e+00
 0.000000000000000000e+00
 0.000000000000000000e+00
 0.000000000000000000e+00
 0.000000000000000000e+00
 0.000000000000000000e+00
 0.000000000000000000e+00
 0.000000000000000000e+00
 0.000000000000000000e+00
 0.000000000000000000e+00
 0.000000000000000000e+00
 0.000000000000000000e+00
 0.000000000000000000e+00
 0.000000000000000000e+00
 0.000000000000000000e+00
 0.000000000000000000e+00
 0.000000000000000000e+00
 0.000000000000000000e+00
 0.000000000000000000e+00
 0.000000000000000000e+00
 0.000000000000000000e+00
 0.000000000000000000e+00
 0.000000000000000000e+00
 0.000000000000000000e+00
 0.000000000000000000e+00
 0.000000000000000000e+00
 0.000000000000000000e+00
 0.000000000000000000e+00
 0.000000000000000000e+00
 0.000000000000000000e+00
 0.000000000000000000e+00
 0.000000000000000000e+00
 0.000000000000000000e+00
 0.000000000000000000e+00
 0.000000000000000000e+00
 0.000000000000000000e+00
 0.000000000000000000e+00
 0.000000000000000000e+00
 0.000000000000000000e+00
 0.000000000000000000e+00
 0.000000000000000000e+00
 0.000000000000000000e+00
 0.000000000000000000e+00
 0.000000000000000000e+00
 0.000000000000000000e+00
 0.000000000000000000e+00
 0.000000000000000000e+00
 0.000000000000000000e+00
 0.000000000000000000e+00
 0.000000000000000000e+00
 0.000000000000000000e+00
 0.000000000000000000e+00
 0.000000000000000000e+00
 0.000000000000000000e+00
 0.000000000000000000e+00
 0.000000000000000000e+00
 0.000000000000000000e+00
 0.000000000000000000e+00
 0.000000000000000000e+00
 0.000000000000000000e+00
 0.000000000000000000e+00
 0.000000000000000000e+00
 0.000000000000000000e+00
 0.000000000000000000e+00
 0.000000000000000000e+00
 0.000000000000000000e+00
 0.000000000000000000e+00
 0.000000000000000000e+00
 0.000000000000000000e+00
 0.000000000000000000e+00
 0.000000000000000000e+00
 0.000000000000000000e+00
 0.000000000000000000e+00
 0.000000000000000000e+00
 0.000000000000000000e+00
 0.000000000000000000e+00
 0.000000000000000000e+00
 0.000000000000000000e+00
 0.000000000000000000e+00
 0.000000000000000000e+00
 0.000000000000000000e+00
 0.000000000000000000e+00
 0.000000000000000000e+00
 0.000000000000000000e+00
 0.000000000000000000e+00
 0.000000000000000000e+00
 0.000000000000000000e+00
 0.000000000000000000e+00
 0.000000000000000000e+00
 0.000000000000000000e+00
 0.000000000000000000e+00
 0.000000000000000000e+00
 0.000000000000000000e+00
 0.000000000000000000e+00
 0.000000000000000000e+00
 0.000000000000000000e+00
 0.000000000000000000e+00
 0.000000000000000000e+00
 0.000000000000000000e+00
 0.000000000000000000e+00
 0.000000000000000000e+00
 0.000000000000000000e+00
 0.000000000000000000e+00
 0.000000000000000000e+00
 0.000000000000000000e+00
 0.000000000000000000e+00
 0.000000000000000000e+00
 0.000000000000000000e+00
 0.000000000000000000e+00
 0.000000000000000000e+00
 0.000000000000000000e+00
 0.000000000000000000e+00
 0.000000000000000000e+00
 0.000000000000000000e+00
 0.000000000000000000e+00
 0.000000000000000000e+00
 0.000000000000000000e+00
 0.000000000000000000e+00
 0.000000000000000000e+00
 0.000000000000000000e+00
 0.000000000000000000e+00
 0.000000000000000000e+00
 0.000000000000000000e+00
 0.000000000000000000e+00
 0.000000000000000000e+00
 0.000000000000000000e+00
 0.000000000000000000e+00
 0.000000000000000000e+00
 0.000000000000000000e+00
 0.000000000000000000e+00
 0.000000000000000000e+00
 0.000000000000000000e+00
 0.000000000000000000e+00
 0.000000000000000000e+00
 0.000000000000000000e+00
 0.000000000000000000e+00
 0.000000000000000000e+00
 0.000000000000000000e+00
 0.000000000000000000e+00
 0.000000000000000000e+00
 0.000000000000000000e+00
 0.000000000000000000e+00
 0.000000000000000000e+00
 0.000000000000000000e+00
 0.000000000000000000e+00
 0.000000000000000000e+00
 0.000000000000000000e+00
 0.000000000000000000e+00
 0.000000000000000000e+00
 0.000000000000000000e+00
 0.000000000000000000e+00
 0.000000000000000000e+00
 0.000000000000000000e+00
 0.000000000000000000e+00
 0.000000000000000000e+00
 0.000000000000000000e+00
 0.000000000000000000e+00
 0.000000000000000000e+00
 0.000000000000000000e+00
 0.000000000000000000e+00
 0.000000000000000000e+00
 0.000000000000000000e+00
 0.000000000000000000e+00
 0.000000000000000000e+00
 0.000000000000000000e+00
 0.000000000000000000e+00
 0.000000000000000000e+00
 0.000000000000000000e+00
 0.000000000000000000e+00
 0.000000000000000000e+00
 0.000000000000000000e+00
 0.000000000000000000e+00
 0.000000000000000000e+00
 0.000000000000000000e+00
 0.000000000000000000e+00
 0.000000000000000000e+00
 0.000000000000000000e+00
 0.000000000000000000e+00
 0.000000000000000000e+00
 0.000000000000000000e+00
 0.000000000000000000e+00
 0.000000000000000000e+00
 0.000000000000000000e+00
 0.000000000000000000e+00
 </DataArray>
 <DataArray Name="p" type="Float32" NumberOfComponents="1" format="ascii">
 1.915782665849013138e+05
 1.915780086555610760e+05
 1.915775841308129602e+05
 1.915768508242137905e+05
 1.915759356049209600e+05
 1.915747574053445423e+05
 1.915733582576787157e+05
 1.915717159598823055e+05
 1.915698440630788973e+05
 1.915677352444150893e+05
 1.915653935992798943e+05
 1.915628169447087857e+05
 1.915600064528589719e+05
 1.915569615109228471e+05
 1.915536824404583313e+05
 1.915501690744153166e+05
 1.915464214968865854e+05
 1.915424396622365166e+05
 1.915382235902750108e+05
 1.915337732670866826e+05
 1.915290886952915753e+05
 1.915241698688018078e+05
 1.915190167855111067e+05
 1.915136294409888797e+05
 1.915080078316332074e+05
 1.915021519531215890e+05
 1.914960618011850747e+05
 1.914897373712326807e+05
 1.914831786585406808e+05
 1.914763856581622967e+05
 1.914693583649737993e+05
 1.914620967736530583e+05
 1.914546008786907187e+05
 1.914468706743842340e+05
 1.914389061548410682e+05
 1.914307073139760469e+05
 1.914222741455120558e+05
 1.914136066429786442e+05
 1.914047047997114714e+05
 1.913955686088513758e+05
 1.913861980633433850e+05
 1.913765931559356686e+05
 1.913667538791784318e+05
 1.913566802254226932e+05
 1.913463721868194116e+05
 1.913358297553177399e+05
 1.913250529226640356e+05
 1.913140416804004344e+05
 1.913027960198634246e+05
 1.912913159321827115e+05
 1.912796014082789188e+05
 1.912676524388632679e+05
 1.912554690144345805e+05
 1.912430511252792494e+05
 1.912303987614680373e+05
 1.912175119128554652e+05
 1.912043905690775136e+05
 1.911910347195500508e+05
 1.911774443534666789e+05
 1.911636194597973081e+05
 1.911495600272860320e+05
 1.911352660444489156e+05
 1.911207374995724240e+05
 1.911059743807108898e+05
 1.910909766756848258e+05
 1.910757443720785959e+05
 1.910602774572381168e+05
 1.910445759182688780e+05
 1.910286397420332942e+05
 1.910124689151488710e+05
 1.909960634239853243e+05
 1.909794232546625135e+05
 1.909625483930477349e+05
 1.909454388247534516e+05
 1.909280945351344708e+05
 1.909105155092853820e+05
 1.908927017320379382e+05
 1.908746531879581744e+05
 1.908563698613436718e+05
 1.908378517362208222e+05
 1.908190987963417138e+05
 1.908001110251811915e+05
 1.907808884059341799e+05
 1.907614309215119574e+05
 1.907417385545394209e+05
 1.907218112873519422e+05
 1.907016491019915557e+05
 1.906812519802041061e+05
 1.906606199034355232e+05
 1.906397528528284747e+05
 1.906186508092186705e+05
 1.905973137531310786e+05
 1.905757416647769569e+05
 1.905539345240485854e+05
 1.905318923105173453e+05
 1.905096150034278980e+05
 1.904871025816953625e+05
 1.904643550239010074e+05
 1.904413723082874785e+05
 1.904181544127555971e+05
 1.903947013148588594e+05
 1.903710129917999147e+05
 1.903470894204257347e+05
 1.903229305772226653e+05
 1.902985364383124688e+05
 1.902739069794469688e+05
 1.902490421760034515e+05
 1.902239420029795438e+05
 1.901986064349882945e+05
 1.901730354462528776e+05
 1.901472290106014407e+05
 1.901211871014617209e+05
 1.900949096918554860e+05
 1.900683967543931212e+05
 1.900416482612676919e+05
 1.900146641842494137e+05
 1.899874444946793665e+05
 1.899599891634641681e+05
 1.899322981610687566e+05
 1.899043714575112681e+05
 1.898762090223557025e+05
 1.898478108247059281e+05
 1.898191768331987550e+05
 1.897903070159976196e+05
 1.897612013407849008e+05
 1.897318597747552558e+05
 1.897022822846090421e+05
 1.896724688365435577e+05
 1.896424193962467252e+05
 1.896121339288887975e+05
 1.895816123991147033e+05
 1.895508547710362182e+05
 1.895198610082239320e+05
 1.894886310736981977e+05
 1.894571649299216224e+05
 1.894254625387896085e+05
 1.893935238616220013e+05
 1.893613488591538917e+05
 1.893289374915264780e+05
 1.892962897182774614e+05
 1.892634054983315873e+05
 1.892302847899906919e+05
 1.891969275509236613e+05
 1.891633337381568563e+05
 1.891295033080627327e+05
 1.890954362163498590e+05
 1.890611324180515076e+05
 1.890265918675151188e+05
 1.889918145183903107e+05
 1.889568003236175864e+05
 1.889215492354164890e+05
 1.888860612052734941e+05
 1.888503361839298450e+05
 1.888143741213684261e+05
 1.887781749668012490e+05
 1.887417386686557729e+05
 1.887050651745624200e+05
 1.886681544313391205e+05
 1.886310063849790895e+05
 1.885936209806346742e+05
 1.885559981626036752e+05
 1.885181378743140085e+05
 1.884800400583081937e+05
 1.884417046562276082e+05
 1.884031316087961895e+05
 1.883643208558041079e+05
 1.883252723360906530e+05
 1.882859859875271213e+05
 1.882464617469987425e+05
 1.882066995503869548e+05
 1.881666993325504882e+05
 1.881264610273068538e+05
 1.880859845674123208e+05
 1.880452698845422128e+05
 1.880043169092708849e+05
 1.879631255710500700e+05
 1.879216957981882151e+05
 1.878800275178281881e+05
 1.878381206559251295e+05
 1.877959751372231694e+05
 1.877535908852319699e+05
 1.877109678222028306e+05
 1.876681058691036596e+05
 1.876250049455938861e+05
 1.875816649699980626e+05
 1.875380858592800796e+05
 1.874942675290151383e+05
 1.874502098933622765e+05
 1.874059128650352359e+05
 1.873613763552734163e+05
 1.873166002738113166e+05
 1.872715845288480923e+05
 1.872263290270153957e+05
 1.871808336733448377e+05
 1.871350983712353045e+05
 1.870891230224173923e+05
 1.870429075269191817e+05
 1.869964517830295663e+05
 1.869497556872617279e+05
 1.869028191343141661e+05
 1.868556420170330966e+05
 1.868082242263706285e+05
 1.867605656513445429e+05
 1.867126661789956270e+05
 1.866645256943438726e+05
 1.866161440803440637e+05
 1.865675212178401998e+05
 1.865186569855170383e+05
 1.864695512598530913e+05
 1.864202039150699566e+05
 1.863706148230811814e+05
 1.863207838534388575e+05
 1.862707108732797205e+05
 1.862203957472687762e+05
 1.861698383375417616e+05
 1.861190385036460357e+05
 1.860679961024803342e+05
 1.860167109882323712e+05
 1.859651830123147229e+05
 1.859134120232996938e+05
 1.858613978668497584e+05
 1.858091403856468969e+05
 1.857566394193192245e+05
 1.857038948043640703e+05
 1.856509063740700367e+05
 1.855976739584374591e+05
 1.855441973840971477e+05
 1.854904764742303232e+05
 1.854365110484847100e+05
 1.853823009228898445e+05
 1.853278459097673476e+05
 1.852731458176349115e+05
 1.852182004511033592e+05
 1.851630096107655263e+05
 1.851075730930816499e+05
 1.850518906902589370e+05
 1.849959621901356149e+05
 1.849397873760680668e+05
 1.848833660268248059e+05
 1.848266979164868244e+05
 1.847697828143487568e+05
 1.847126204848152120e+05
 1.846552106872812146e+05
 1.845975531759892183e+05
 1.845396476998580620e+05
 1.844814940022828523e+05
 1.844230918209137744e+05
 1.843644408874270448e+05
 1.843055409273057303e+05
 1.842463916596487688e+05
 1.915782665849012847e+05
 1.915780086555611342e+05
 1.915775841308129893e+05
 1.915768508242137614e+05
 1.915759356049209600e+05
 1.915747574053445132e+05
 1.915733582576787448e+05
 1.915717159598823637e+05
 1.915698440630789264e+05
 1.915677352444150602e+05
 1.915653935992799525e+05
 1.915628169447088439e+05
 1.915600064528590010e+05
 1.915569615109228762e+05
 1.915536824404583604e+05
 1.915501690744154039e+05
 1.915464214968865854e+05
 1.915424396622365166e+05
 1.915382235902750399e+05
 1.915337732670866826e+05
 1.915290886952915462e+05
 1.915241698688018078e+05
 1.915190167855110194e+05
 1.915136294409888214e+05
 1.915080078316332074e+05
 1.915021519531217928e+05
 1.914960618011851329e+05
 1.914897373712327681e+05
 1.914831786585406808e+05
 1.914763856581624132e+05
 1.914693583649738284e+05
 1.914620967736531456e+05
 1.914546008786907187e+05
 1.914468706743842922e+05
 1.914389061548411264e+05
 1.914307073139760469e+05
 1.914222741455121140e+05
 1.914136066429786442e+05
 1.914047047997114423e+05
 1.913955686088513175e+05
 1.913861980633433850e+05
 1.913765931559356395e+05
 1.913667538791784318e+05
 1.913566802254227514e+05
 1.913463721868194116e+05
 1.913358297553177690e+05
 1.913250529226640938e+05
 1.913140416804005217e+05
 1.913027960198635119e+05
 1.912913159321827698e+05
 1.912796014082788897e+05
 1.912676524388632970e+05
 1.912554690144345805e+05
 1.912430511252792494e+05
 1.912303987614680082e+05
 1.912175119128555234e+05
 1.912043905690775719e+05
 1.911910347195501381e+05
 1.911774443534666789e+05
 1.911636194597973081e+05
 1.911495600272860029e+05
 1.911352660444488574e+05
 1.911207374995723367e+05
 1.911059743807108316e+05
 1.910909766756848258e+05
 1.910757443720786250e+05
 1.910602774572381750e+05
 1.910445759182688489e+05
 1.910286397420332942e+05
 1.910124689151488419e+05
 1.909960634239852370e+05
 1.909794232546624844e+05
 1.909625483930477058e+05
 1.909454388247535098e+05
 1.909280945351344999e+05
 1.909105155092853238e+05
 1.908927017320378800e+05
 1.908746531879581453e+05
 1.908563698613436718e+05
 1.908378517362208513e+05
 1.908190987963417429e+05
 1.908001110251812788e+05
 1.907808884059342090e+05
 1.907614309215119865e+05
 1.907417385545394209e+05
 1.907218112873519713e+05
 1.907016491019914683e+05
 1.906812519802040479e+05
 1.906606199034354358e+05
 1.906397528528285038e+05
 1.906186508092186123e+05
 1.905973137531311659e+05
 1.905757416647769569e+05
 1.905539345240487310e+05
 1.905318923105173162e+05
 1.905096150034278689e+05
 1.904871025816953625e+05
 1.904643550239010656e+05
 1.904413723082876240e+05
 1.904181544127557136e+05
 1.903947013148590631e+05
 1.903710129918001476e+05
 1.903470894204258220e+05
 1.903229305772227526e+05
 1.902985364383125270e+05
 1.902739069794471725e+05
 1.902490421760035679e+05
 1.902239420029796602e+05
 1.901986064349883527e+05
 1.901730354462529940e+05
 1.901472290106014698e+05
 1.901211871014618664e+05
 1.900949096918556315e+05
 1.900683967543932667e+05
 1.900416482612677501e+05
 1.900146641842494428e+05
 1.899874444946793956e+05
 1.899599891634642263e+05
 1.899322981610687857e+05
 1.899043714575112972e+05
 1.898762090223556734e+05
 1.898478108247058990e+05
 1.898191768331987259e+05
 1.897903070159975614e+05
 1.897612013407848426e+05
 1.897318597747554595e+05
 1.897022822846092167e+05
 1.896724688365437032e+05
 1.896424193962466961e+05
 1.896121339288886811e+05
 1.895816123991145578e+05
 1.895508547710361599e+05
 1.895198610082238738e+05
 1.894886310736981977e+05
 1.894571649299216224e+05
 1.894254625387895503e+05
 1.893935238616220304e+05
 1.893613488591540081e+05
 1.893289374915265653e+05
 1.892962897182774614e+05
 1.892634054983315582e+05
 1.892302847899906628e+05
 1.891969275509237195e+05
 1.891633337381568563e+05
 1.891295033080627327e+05
 1.890954362163498881e+05
 1.890611324180516822e+05
 1.890265918675152352e+05
 1.889918145183903980e+05
 1.889568003236174991e+05
 1.889215492354164016e+05
 1.888860612052734068e+05
 1.888503361839297868e+05
 1.888143741213683388e+05
 1.887781749668012490e+05
 1.887417386686558311e+05
 1.887050651745624491e+05
 1.886681544313391496e+05
 1.886310063849790313e+05
 1.885936209806345578e+05
 1.885559981626036461e+05
 1.885181378743140958e+05
 1.884800400583082519e+05
 1.884417046562276373e+05
 1.884031316087962769e+05
 1.883643208558040496e+05
 1.883252723360906530e+05
 1.882859859875270631e+05
 1.882464617469988007e+05
 1.882066995503869548e+05
 1.881666993325505173e+05
 1.881264610273067083e+05
 1.880859845674120588e+05
 1.880452698845420673e+05
 1.880043169092708558e+05
 1.879631255710500118e+05
 1.879216957981883897e+05
 1.878800275178283337e+05
 1.878381206559253333e+05
 1.877959751372232276e+05
 1.877535908852319699e+05
 1.877109678222028597e+05
 1.876681058691036887e+05
 1.876250049455936824e+05
 1.875816649699978880e+05
 1.875380858592798177e+05
 1.874942675290151092e+05
 1.874502098933621601e+05
 1.874059128650354396e+05
 1.873613763552734454e+05
 1.873166002738114330e+05
 1.872715845288481214e+05
 1.872263290270153666e+05
 1.871808336733448668e+05
 1.871350983712353336e+05
 1.870891230224174506e+05
 1.870429075269192690e+05
 1.869964517830296245e+05
 1.869497556872618152e+05
 1.869028191343142244e+05
 1.868556420170331839e+05
 1.868082242263705702e+05
 1.867605656513446011e+05
 1.867126661789956561e+05
 1.866645256943437562e+05
 1.866161440803440928e+05
 1.865675212178400543e+05
 1.865186569855169510e+05
 1.864695512598532077e+05
 1.864202039150701021e+05
 1.863706148230813560e+05
 1.863207838534390903e+05
 1.862707108732798661e+05
 1.862203957472688635e+05
 1.861698383375417325e+05
 1.861190385036460066e+05
 1.860679961024804797e+05
 1.860167109882324585e+05
 1.859651830123150139e+05
 1.859134120232999558e+05
 1.858613978668498166e+05
 1.858091403856468387e+05
 1.857566394193191372e+05
 1.857038948043640994e+05
 1.856509063740701822e+05
 1.855976739584374591e+05
 1.855441973840971186e+05
 1.854904764742301777e+05
 1.854365110484845936e+05
 1.853823009228897572e+05
 1.853278459097672894e+05
 1.852731458176349406e+05
 1.852182004511034174e+05
 1.851630096107657591e+05
 1.851075730930817372e+05
 1.850518906902589952e+05
 1.849959621901357314e+05
 1.849397873760682123e+05
 1.848833660268249514e+05
 1.848266979164868826e+05
 1.847697828143489896e+05
 1.847126204848155321e+05
 1.846552106872813602e+05
 1.845975531759893347e+05
 1.845396476998581784e+05
 1.844814940022828814e+05
 1.844230918209138908e+05
 1.843644408874268120e+05
 1.843055409273055848e+05
 1.842463916596484196e+05
 </DataArray>
 <DataArray Name="a" type="Float32" NumberOfComponents="1" format="ascii">
 1.250452678869975898e+03
 1.250452919105379124e+03
 1.250452737708172663e+03
 1.250452155804607401e+03
 1.250451078499075493e+03
 1.250449583665864793e+03
 1.250447752816515276e+03
 1.250445619159502030e+03
 1.250443179607558477e+03
 1.250440429518303745e+03
 1.250437368432512358e+03
 1.250433999216529173e+03
 1.250430324387938072e+03
 1.250426345173719255e+03
 1.250422061658768598e+03
 1.250417473442367282e+03
 1.250412580059464744e+03
 1.250407381165865445e+03
 1.250401876556548359e+03
 1.250396066125191965e+03
 1.250389949818789773e+03
 1.250383527605590189e+03
 1.250376799458349069e+03
 1.250369765347425755e+03
 1.250362425239550475e+03
 1.250354779098660401e+03
 1.250346826887241605e+03
 1.250338568567316770e+03
 1.250330004100982023e+03
 1.250321133450537900e+03
 1.250311956578396575e+03
 1.250302473446880640e+03
 1.250292684017999136e+03
 1.250282588253249742e+03
 1.250272186113455064e+03
 1.250261477558632350e+03
 1.250250462547898678e+03
 1.250239141039399101e+03
 1.250227512990252990e+03
 1.250215578356516971e+03
 1.250203337093157643e+03
 1.250190789154031336e+03
 1.250177934491872065e+03
 1.250164773058283117e+03
 1.250151304803729317e+03
 1.250137529677532939e+03
 1.250123447627869837e+03
 1.250109058601765582e+03
 1.250094362545094100e+03
 1.250079359402571299e+03
 1.250064049117753939e+03
 1.250048431633035989e+03
 1.250032506889642036e+03
 1.250016274827627967e+03
 1.249999735385873919e+03
 1.249982888502079959e+03
 1.249965734112764039e+03
 1.249948272153255402e+03
 1.249930502557692989e+03
 1.249912425259018164e+03
 1.249894040188972895e+03
 1.249875347278093841e+03
 1.249856346455708945e+03
 1.249837037649931744e+03
 1.249817420787658421e+03
 1.249797495794562337e+03
 1.249777262595090178e+03
 1.249756721112457171e+03
 1.249735871268641404e+03
 1.249714712984382004e+03
 1.249693246179170728e+03
 1.249671470771250370e+03
 1.249649386677608391e+03
 1.249626993813972376e+03
 1.249604292094805487e+03
 1.249581281433301001e+03
 1.249557961741379131e+03
 1.249534332929677930e+03
 1.249510394907553973e+03
 1.249486147583071670e+03
 1.249461590863001675e+03
 1.249436724652815428e+03
 1.249411548856677655e+03
 1.249386063377442952e+03
 1.249360268116649877e+03
 1.249334162974514811e+03
 1.249307747849926955e+03
 1.249281022640442416e+03
 1.249253987242276708e+03
 1.249226641550302020e+03
 1.249198985458037214e+03
 1.249171018857644412e+03
 1.249142741639920587e+03
 1.249114153694293691e+03
 1.249085254908813567e+03
 1.249056045170145580e+03
 1.249026524363564477e+03
 1.248996692372947791e+03
 1.248966549080766981e+03
 1.248936094368082649e+03
 1.248905328114536360e+03
 1.248874250198342679e+03
 1.248842860496282128e+03
 1.248811158883694134e+03
 1.248779145234468388e+03
 1.248746819421037344e+03
 1.248714181314368716e+03
 1.248681230783956607e+03
 1.248647967697812874e+03
 1.248614391922459390e+03
 1.248580503322918958e+03
 1.248546301762706435e+03
 1.248511787103819188e+03
 1.248476959206728225e+03
 1.248441817930368870e+03
 1.248406363132131446e+03
 1.248370594667850355e+03
 1.248334512391794533e+03
 1.248298116156659489e+03
 1.248261405813553210e+03
 1.248224381211989567e+03
 1.248187042199874895e+03
 1.248149388623498680e+03
 1.248111420327522637e+03
 1.248073137154969572e+03
 1.248034538947211331e+03
 1.247995625543958113e+03
 1.247956396783246191e+03
 1.247916852501426092e+03
 1.247876992533150315e+03
 1.247836816711360370e+03
 1.247796324867273825e+03
 1.247755516830371789e+03
 1.247714392428386191e+03
 1.247672951487282944e+03
 1.247631193831251494e+03
 1.247589119282688216e+03
 1.247546727662183457e+03
 1.247504018788506073e+03
 1.247460992478588196e+03
 1.247417648547510453e+03
 1.247373986808485597e+03
 1.247330007072843955e+03
 1.247285709150015919e+03
 1.247241092847516938e+03
 1.247196157970930244e+03
 1.247150904323889108e+03
 1.247105331708060248e+03
 1.247059439923126092e+03
 1.247013228766764996e+03
 1.246966698034635101e+03
 1.246919847520353642e+03
 1.246872677015477393e+03
 1.246825186309484025e+03
 1.246777375189750273e+03
 1.246729243441532162e+03
 1.246680790847944309e+03
 1.246632017189936505e+03
 1.246582922246273483e+03
 1.246533505793511040e+03
 1.246483767605974435e+03
 1.246433707455734520e+03
 1.246383325112583861e+03
 1.246332620344011275e+03
 1.246281592915179999e+03
 1.246230242588897681e+03
 1.246178569125594322e+03
 1.246126572283294536e+03
 1.246074251817587992e+03
 1.246021607481605088e+03
 1.245968639025984658e+03
 1.245915346198848283e+03
 1.245861728745767550e+03
 1.245807786409734490e+03
 1.245753518931130657e+03
 1.245698926047693476e+03
 1.245644007494486004e+03
 1.245588763003861686e+03
 1.245533192305430703e+03
 1.245477295126026547e+03
 1.245421071189666463e+03
 1.245364520217519384e+03
 1.245307641927866143e+03
 1.245250436036061046e+03
 1.245192902254493447e+03
 1.245135040292547728e+03
 1.245076849856560784e+03
 1.245018330649780637e+03
 1.244959482372322100e+03
 1.244900304721124030e+03
 1.244840797389900672e+03
 1.244780960069098228e+03
 1.244720792445845518e+03
 1.244660294203902595e+03
 1.244599465023615721e+03
 1.244538304581860075e+03
 1.244476812551991770e+03
 1.244414988603789880e+03
 1.244352832403404136e+03
 1.244290343613295818e+03
 1.244227521892181358e+03
 1.244164366894970271e+03
 1.244100878272705131e+03
 1.244037055672498354e+03
 1.243972898737466039e+03
 1.243908407106661798e+03
 1.243843580415009683e+03
 1.243778418293230970e+03
 1.243712920367774814e+03
 1.243647086260742981e+03
 1.243580915589813458e+03
 1.243514407968162004e+03
 1.243447563004381664e+03
 1.243380380302399544e+03
 1.243312859461392918e+03
 1.243245000075699181e+03
 1.243176801734730361e+03
 1.243108264022878529e+03
 1.243039386519421214e+03
 1.242970168798427039e+03
 1.242900610428650225e+03
 1.242830710973428495e+03
 1.242760469990575757e+03
 1.242689887032265915e+03
 1.242618961644920319e+03
 1.242547693369091121e+03
 1.242476081739340543e+03
 1.242404126284123549e+03
 1.242331826525663701e+03
 1.242259181979829009e+03
 1.242186192156000061e+03
 1.242112856556929046e+03
 1.242039174678589916e+03
 1.241965146010017406e+03
 1.241890770033140143e+03
 1.241816046222605792e+03
 1.241740974045611665e+03
 1.241665552961741469e+03
 1.241589782422805911e+03
 1.241513661872696957e+03
 1.241437190747238446e+03
 1.241360368474033976e+03
 1.241283194472289324e+03
 1.241205668152604858e+03
 1.241127788916730196e+03
 1.241049556157276811e+03
 1.240970969257404931e+03
 1.240892027590497491e+03
 1.240812730519845900e+03
 1.240733077398374917e+03
 1.250452678869974989e+03
 1.250452919105379351e+03
 1.250452737708172890e+03
 1.250452155804608310e+03
 1.250451078499076857e+03
 1.250449583665865475e+03
 1.250447752816515731e+03
 1.250445619159502712e+03
 1.250443179607558477e+03
 1.250440429518303290e+03
 1.250437368432511903e+03
 1.250433999216528719e+03
 1.250430324387937389e+03
 1.250426345173719255e+03
 1.250422061658768143e+03
 1.250417473442366600e+03
 1.250412580059464062e+03
 1.250407381165865218e+03
 1.250401876556548132e+03
 1.250396066125191737e+03
 1.250389949818789319e+03
 1.250383527605590189e+03
 1.250376799458349296e+03
 1.250369765347425755e+03
 1.250362425239550475e+03
 1.250354779098660174e+03
 1.250346826887241150e+03
 1.250338568567316088e+03
 1.250330004100981114e+03
 1.250321133450537445e+03
 1.250311956578396348e+03
 1.250302473446880640e+03
 1.250292684017999136e+03
 1.250282588253250424e+03
 1.250272186113455746e+03
 1.250261477558632350e+03
 1.250250462547898678e+03
 1.250239141039398646e+03
 1.250227512990252990e+03
 1.250215578356517426e+03
 1.250203337093158325e+03
 1.250190789154031791e+03
 1.250177934491872747e+03
 1.250164773058284027e+03
 1.250151304803730227e+03
 1.250137529677533621e+03
 1.250123447627870519e+03
 1.250109058601766492e+03
 1.250094362545095009e+03
 1.250079359402572209e+03
 1.250064049117754848e+03
 1.250048431633036444e+03
 1.250032506889642491e+03
 1.250016274827628649e+03
 1.249999735385874374e+03
 1.249982888502080641e+03
 1.249965734112764267e+03
 1.249948272153255857e+03
 1.249930502557693217e+03
 1.249912425259018391e+03
 1.249894040188973349e+03
 1.249875347278094296e+03
 1.249856346455709172e+03
 1.249837037649931744e+03
 1.249817420787658421e+03
 1.249797495794562337e+03
 1.249777262595090406e+03
 1.249756721112457399e+03
 1.249735871268641858e+03
 1.249714712984382004e+03
 1.249693246179170956e+03
 1.249671470771250597e+03
 1.249649386677608618e+03
 1.249626993813972831e+03
 1.249604292094805942e+03
 1.249581281433301683e+03
 1.249557961741379586e+03
 1.249534332929679294e+03
 1.249510394907555337e+03
 1.249486147583073262e+03
 1.249461590863003266e+03
 1.249436724652816793e+03
 1.249411548856678792e+03
 1.249386063377443861e+03
 1.249360268116650559e+03
 1.249334162974515721e+03
 1.249307747849927409e+03
 1.249281022640442416e+03
 1.249253987242276935e+03
 1.249226641550302020e+03
 1.249198985458036987e+03
 1.249171018857644185e+03
 1.249142741639921041e+03
 1.249114153694294373e+03
 1.249085254908814250e+03
 1.249056045170146035e+03
 1.249026524363564931e+03
 1.248996692372948019e+03
 1.248966549080767209e+03
 1.248936094368082649e+03
 1.248905328114536132e+03
 1.248874250198342452e+03
 1.248842860496282128e+03
 1.248811158883694134e+03
 1.248779145234468388e+03
 1.248746819421038253e+03
 1.248714181314369853e+03
 1.248681230783957517e+03
 1.248647967697813783e+03
 1.248614391922460300e+03
 1.248580503322919640e+03
 1.248546301762706889e+03
 1.248511787103819415e+03
 1.248476959206727997e+03
 1.248441817930368643e+03
 1.248406363132130991e+03
 1.248370594667849673e+03
 1.248334512391794306e+03
 1.248298116156659262e+03
 1.248261405813553210e+03
 1.248224381211989567e+03
 1.248187042199874668e+03
 1.248149388623498226e+03
 1.248111420327522637e+03
 1.248073137154969345e+03
 1.248034538947211331e+03
 1.247995625543958113e+03
 1.247956396783246419e+03
 1.247916852501426092e+03
 1.247876992533150315e+03
 1.247836816711360143e+03
 1.247796324867273825e+03
 1.247755516830372244e+03
 1.247714392428386418e+03
 1.247672951487283171e+03
 1.247631193831251494e+03
 1.247589119282688443e+03
 1.247546727662183912e+03
 1.247504018788506528e+03
 1.247460992478588651e+03
 1.247417648547510908e+03
 1.247373986808486279e+03
 1.247330007072844637e+03
 1.247285709150016146e+03
 1.247241092847517393e+03
 1.247196157970930471e+03
 1.247150904323889336e+03
 1.247105331708060703e+03
 1.247059439923126092e+03
 1.247013228766765224e+03
 1.246966698034635328e+03
 1.246919847520353869e+03
 1.246872677015477620e+03
 1.246825186309483797e+03
 1.246777375189750273e+03
 1.246729243441532390e+03
 1.246680790847944536e+03
 1.246632017189936505e+03
 1.246582922246273483e+03
 1.246533505793511040e+03
 1.246483767605974663e+03
 1.246433707455734975e+03
 1.246383325112584089e+03
 1.246332620344011957e+03
 1.246281592915180227e+03
 1.246230242588897681e+03
 1.246178569125594322e+03
 1.246126572283294308e+03
 1.246074251817587992e+03
 1.246021607481604860e+03
 1.245968639025984885e+03
 1.245915346198848511e+03
 1.245861728745767550e+03
 1.245807786409734490e+03
 1.245753518931130657e+03
 1.245698926047693476e+03
 1.245644007494486232e+03
 1.245588763003861686e+03
 1.245533192305431157e+03
 1.245477295126026547e+03
 1.245421071189666236e+03
 1.245364520217519384e+03
 1.245307641927866143e+03
 1.245250436036060364e+03
 1.245192902254492765e+03
 1.245135040292547046e+03
 1.245076849856560557e+03
 1.245018330649779955e+03
 1.244959482372322100e+03
 1.244900304721123803e+03
 1.244840797389900672e+03
 1.244780960069098455e+03
 1.244720792445845291e+03
 1.244660294203902822e+03
 1.244599465023615721e+03
 1.244538304581860757e+03
 1.244476812551992225e+03
 1.244414988603790334e+03
 1.244352832403404591e+03
 1.244290343613296045e+03
 1.244227521892181130e+03
 1.244164366894969817e+03
 1.244100878272704904e+03
 1.244037055672498354e+03
 1.243972898737465584e+03
 1.243908407106661798e+03
 1.243843580415009228e+03
 1.243778418293230743e+03
 1.243712920367774586e+03
 1.243647086260742981e+03
 1.243580915589813458e+03
 1.243514407968162004e+03
 1.243447563004381436e+03
 1.243380380302399544e+03
 1.243312859461392009e+03
 1.243245000075698727e+03
 1.243176801734729906e+03
 1.243108264022878075e+03
 1.243039386519421214e+03
 1.242970168798427039e+03
 1.242900610428649998e+03
 1.242830710973428495e+03
 1.242760469990575302e+03
 1.242689887032265460e+03
 1.242618961644920319e+03
 1.242547693369091348e+03
 1.242476081739340543e+03
 1.242404126284123322e+03
 1.242331826525663473e+03
 1.242259181979828782e+03
 1.242186192155999606e+03
 1.242112856556928364e+03
 1.242039174678589234e+03
 1.241965146010017179e+03
 1.241890770033139688e+03
 1.241816046222605564e+03
 1.241740974045612120e+03
 1.241665552961741923e+03
 1.241589782422806366e+03
 1.241513661872697185e+03
 1.241437190747238901e+03
 1.241360368474034658e+03
 1.241283194472289779e+03
 1.241205668152605313e+03
 1.241127788916730196e+03
 1.241049556157276811e+03
 1.240970969257405159e+03
 1.240892027590497264e+03
 1.240812730519845445e+03
 1.240733077398374007e+03
 </DataArray>
 <DataArray Name="mu" type="Float32" NumberOfComponents="1" format="ascii">
 3.942699047786300175e-05
 3.942699047786300175e-05
 3.942699047786300175e-05
 3.942699047786300175e-05
 3.942699047786300175e-05
 3.942699047786300175e-05
 3.942699047786300175e-05
 3.942699047786300175e-05
 3.942699047786300175e-05
 3.942699047786300175e-05
 3.942699047786300175e-05
 3.942699047786300175e-05
 3.942699047786300175e-05
 3.942699047786300175e-05
 3.942699047786300175e-05
 3.942699047786300175e-05
 3.942699047786300175e-05
 3.942699047786300175e-05
 3.942699047786300175e-05
 3.942699047786300175e-05
 3.942699047786300175e-05
 3.942699047786300175e-05
 3.942699047786300175e-05
 3.942699047786300175e-05
 3.942699047786300175e-05
 3.942699047786300175e-05
 3.942699047786300175e-05
 3.942699047786300175e-05
 3.942699047786300175e-05
 3.942699047786300175e-05
 3.942699047786300175e-05
 3.942699047786300175e-05
 3.942699047786300175e-05
 3.942699047786300175e-05
 3.942699047786300175e-05
 3.942699047786300175e-05
 3.942699047786300175e-05
 3.942699047786300175e-05
 3.942699047786300175e-05
 3.942699047786300175e-05
 3.942699047786300175e-05
 3.942699047786300175e-05
 3.942699047786300175e-05
 3.942699047786300175e-05
 3.942699047786300175e-05
 3.942699047786300175e-05
 3.942699047786300175e-05
 3.942699047786300175e-05
 3.942699047786300175e-05
 3.942699047786300175e-05
 3.942699047786300175e-05
 3.942699047786300175e-05
 3.942699047786300175e-05
 3.942699047786300175e-05
 3.942699047786300175e-05
 3.942699047786300175e-05
 3.942699047786300175e-05
 3.942699047786300175e-05
 3.942699047786300175e-05
 3.942699047786300175e-05
 3.942699047786300175e-05
 3.942699047786300175e-05
 3.942699047786300175e-05
 3.942699047786300175e-05
 3.942699047786300175e-05
 3.942699047786300175e-05
 3.942699047786300175e-05
 3.942699047786300175e-05
 3.942699047786300175e-05
 3.942699047786300175e-05
 3.942699047786300175e-05
 3.942699047786300175e-05
 3.942699047786300175e-05
 3.942699047786300175e-05
 3.942699047786300175e-05
 3.942699047786300175e-05
 3.942699047786300175e-05
 3.942699047786300175e-05
 3.942699047786300175e-05
 3.942699047786300175e-05
 3.942699047786300175e-05
 3.942699047786300175e-05
 3.942699047786300175e-05
 3.942699047786300175e-05
 3.942699047786300175e-05
 3.942699047786300175e-05
 3.942699047786300175e-05
 3.942699047786300175e-05
 3.942699047786300175e-05
 3.942699047786300175e-05
 3.942699047786300175e-05
 3.942699047786300175e-05
 3.942699047786300175e-05
 3.942699047786300175e-05
 3.942699047786300175e-05
 3.942699047786300175e-05
 3.942699047786300175e-05
 3.942699047786300175e-05
 3.942699047786300175e-05
 3.942699047786300175e-05
 3.942699047786300175e-05
 3.942699047786300175e-05
 3.942699047786300175e-05
 3.942699047786300175e-05
 3.942699047786300175e-05
 3.942699047786300175e-05
 3.942699047786300175e-05
 3.942699047786300175e-05
 3.942699047786300175e-05
 3.942699047786300175e-05
 3.942699047786300175e-05
 3.942699047786300175e-05
 3.942699047786300175e-05
 3.942699047786300175e-05
 3.942699047786300175e-05
 3.942699047786300175e-05
 3.942699047786300175e-05
 3.942699047786300175e-05
 3.942699047786300175e-05
 3.942699047786300175e-05
 3.942699047786300175e-05
 3.942699047786300175e-05
 3.942699047786300175e-05
 3.942699047786300175e-05
 3.942699047786300175e-05
 3.942699047786300175e-05
 3.942699047786300175e-05
 3.942699047786300175e-05
 3.942699047786300175e-05
 3.942699047786300175e-05
 3.942699047786300175e-05
 3.942699047786300175e-05
 3.942699047786300175e-05
 3.942699047786300175e-05
 3.942699047786300175e-05
 3.942699047786300175e-05
 3.942699047786300175e-05
 3.942699047786300175e-05
 3.942699047786300175e-05
 3.942699047786300175e-05
 3.942699047786300175e-05
 3.942699047786300175e-05
 3.942699047786300175e-05
 3.942699047786300175e-05
 3.942699047786300175e-05
 3.942699047786300175e-05
 3.942699047786300175e-05
 3.942699047786300175e-05
 3.942699047786300175e-05
 3.942699047786300175e-05
 3.942699047786300175e-05
 3.942699047786300175e-05
 3.942699047786300175e-05
 3.942699047786300175e-05
 3.942699047786300175e-05
 3.942699047786300175e-05
 3.942699047786300175e-05
 3.942699047786300175e-05
 3.942699047786300175e-05
 3.942699047786300175e-05
 3.942699047786300175e-05
 3.942699047786300175e-05
 3.942699047786300175e-05
 3.942699047786300175e-05
 3.942699047786300175e-05
 3.942699047786300175e-05
 3.942699047786300175e-05
 3.942699047786300175e-05
 3.942699047786300175e-05
 3.942699047786300175e-05
 3.942699047786300175e-05
 3.942699047786300175e-05
 3.942699047786300175e-05
 3.942699047786300175e-05
 3.942699047786300175e-05
 3.942699047786300175e-05
 3.942699047786300175e-05
 3.942699047786300175e-05
 3.942699047786300175e-05
 3.942699047786300175e-05
 3.942699047786300175e-05
 3.942699047786300175e-05
 3.942699047786300175e-05
 3.942699047786300175e-05
 3.942699047786300175e-05
 3.942699047786300175e-05
 3.942699047786300175e-05
 3.942699047786300175e-05
 3.942699047786300175e-05
 3.942699047786300175e-05
 3.942699047786300175e-05
 3.942699047786300175e-05
 3.942699047786300175e-05
 3.942699047786300175e-05
 3.942699047786300175e-05
 3.942699047786300175e-05
 3.942699047786300175e-05
 3.942699047786300175e-05
 3.942699047786300175e-05
 3.942699047786300175e-05
 3.942699047786300175e-05
 3.942699047786300175e-05
 3.942699047786300175e-05
 3.942699047786300175e-05
 3.942699047786300175e-05
 3.942699047786300175e-05
 3.942699047786300175e-05
 3.942699047786300175e-05
 3.942699047786300175e-05
 3.942699047786300175e-05
 3.942699047786300175e-05
 3.942699047786300175e-05
 3.942699047786300175e-05
 3.942699047786300175e-05
 3.942699047786300175e-05
 3.942699047786300175e-05
 3.942699047786300175e-05
 3.942699047786300175e-05
 3.942699047786300175e-05
 3.942699047786300175e-05
 3.942699047786300175e-05
 3.942699047786300175e-05
 3.942699047786300175e-05
 3.942699047786300175e-05
 3.942699047786300175e-05
 3.942699047786300175e-05
 3.942699047786300175e-05
 3.942699047786300175e-05
 3.942699047786300175e-05
 3.942699047786300175e-05
 3.942699047786300175e-05
 3.942699047786300175e-05
 3.942699047786300175e-05
 3.942699047786300175e-05
 3.942699047786300175e-05
 3.942699047786300175e-05
 3.942699047786300175e-05
 3.942699047786300175e-05
 3.942699047786300175e-05
 3.942699047786300175e-05
 3.942699047786300175e-05
 3.942699047786300175e-05
 3.942699047786300175e-05
 3.942699047786300175e-05
 3.942699047786300175e-05
 3.942699047786300175e-05
 3.942699047786300175e-05
 3.942699047786300175e-05
 3.942699047786300175e-05
 3.942699047786300175e-05
 3.942699047786300175e-05
 3.942699047786300175e-05
 3.942699047786300175e-05
 3.942699047786300175e-05
 3.942699047786300175e-05
 3.942699047786300175e-05
 3.942699047786300175e-05
 3.942699047786300175e-05
 3.942699047786300175e-05
 3.942699047786300175e-05
 3.942699047786300175e-05
 3.942699047786300175e-05
 3.942699047786300175e-05
 3.942699047786300175e-05
 3.942699047786300175e-05
 3.942699047786300175e-05
 3.942699047786300175e-05
 3.942699047786300175e-05
 3.942699047786300175e-05
 3.942699047786300175e-05
 3.942699047786300175e-05
 3.942699047786300175e-05
 3.942699047786300175e-05
 3.942699047786300175e-05
 3.942699047786300175e-05
 3.942699047786300175e-05
 3.942699047786300175e-05
 3.942699047786300175e-05
 3.942699047786300175e-05
 3.942699047786300175e-05
 3.942699047786300175e-05
 3.942699047786300175e-05
 3.942699047786300175e-05
 3.942699047786300175e-05
 3.942699047786300175e-05
 3.942699047786300175e-05
 3.942699047786300175e-05
 3.942699047786300175e-05
 3.942699047786300175e-05
 3.942699047786300175e-05
 3.942699047786300175e-05
 3.942699047786300175e-05
 3.942699047786300175e-05
 3.942699047786300175e-05
 3.942699047786300175e-05
 3.942699047786300175e-05
 3.942699047786300175e-05
 3.942699047786300175e-05
 3.942699047786300175e-05
 3.942699047786300175e-05
 3.942699047786300175e-05
 3.942699047786300175e-05
 3.942699047786300175e-05
 3.942699047786300175e-05
 3.942699047786300175e-05
 3.942699047786300175e-05
 3.942699047786300175e-05
 3.942699047786300175e-05
 3.942699047786300175e-05
 3.942699047786300175e-05
 3.942699047786300175e-05
 3.942699047786300175e-05
 3.942699047786300175e-05
 3.942699047786300175e-05
 3.942699047786300175e-05
 3.942699047786300175e-05
 3.942699047786300175e-05
 3.942699047786300175e-05
 3.942699047786300175e-05
 3.942699047786300175e-05
 3.942699047786300175e-05
 3.942699047786300175e-05
 3.942699047786300175e-05
 3.942699047786300175e-05
 3.942699047786300175e-05
 3.942699047786300175e-05
 3.942699047786300175e-05
 3.942699047786300175e-05
 3.942699047786300175e-05
 3.942699047786300175e-05
 3.942699047786300175e-05
 3.942699047786300175e-05
 3.942699047786300175e-05
 3.942699047786300175e-05
 3.942699047786300175e-05
 3.942699047786300175e-05
 3.942699047786300175e-05
 3.942699047786300175e-05
 3.942699047786300175e-05
 3.942699047786300175e-05
 3.942699047786300175e-05
 3.942699047786300175e-05
 3.942699047786300175e-05
 3.942699047786300175e-05
 3.942699047786300175e-05
 3.942699047786300175e-05
 3.942699047786300175e-05
 3.942699047786300175e-05
 3.942699047786300175e-05
 3.942699047786300175e-05
 3.942699047786300175e-05
 3.942699047786300175e-05
 3.942699047786300175e-05
 3.942699047786300175e-05
 3.942699047786300175e-05
 3.942699047786300175e-05
 3.942699047786300175e-05
 3.942699047786300175e-05
 3.942699047786300175e-05
 3.942699047786300175e-05
 3.942699047786300175e-05
 3.942699047786300175e-05
 3.942699047786300175e-05
 3.942699047786300175e-05
 3.942699047786300175e-05
 3.942699047786300175e-05
 3.942699047786300175e-05
 3.942699047786300175e-05
 3.942699047786300175e-05
 3.942699047786300175e-05
 3.942699047786300175e-05
 3.942699047786300175e-05
 3.942699047786300175e-05
 3.942699047786300175e-05
 3.942699047786300175e-05
 3.942699047786300175e-05
 3.942699047786300175e-05
 3.942699047786300175e-05
 3.942699047786300175e-05
 3.942699047786300175e-05
 3.942699047786300175e-05
 3.942699047786300175e-05
 3.942699047786300175e-05
 3.942699047786300175e-05
 3.942699047786300175e-05
 3.942699047786300175e-05
 3.942699047786300175e-05
 3.942699047786300175e-05
 3.942699047786300175e-05
 3.942699047786300175e-05
 3.942699047786300175e-05
 3.942699047786300175e-05
 3.942699047786300175e-05
 3.942699047786300175e-05
 3.942699047786300175e-05
 3.942699047786300175e-05
 3.942699047786300175e-05
 3.942699047786300175e-05
 3.942699047786300175e-05
 3.942699047786300175e-05
 3.942699047786300175e-05
 3.942699047786300175e-05
 3.942699047786300175e-05
 3.942699047786300175e-05
 3.942699047786300175e-05
 3.942699047786300175e-05
 3.942699047786300175e-05
 3.942699047786300175e-05
 3.942699047786300175e-05
 3.942699047786300175e-05
 3.942699047786300175e-05
 3.942699047786300175e-05
 3.942699047786300175e-05
 3.942699047786300175e-05
 3.942699047786300175e-05
 3.942699047786300175e-05
 3.942699047786300175e-05
 3.942699047786300175e-05
 3.942699047786300175e-05
 3.942699047786300175e-05
 3.942699047786300175e-05
 3.942699047786300175e-05
 3.942699047786300175e-05
 3.942699047786300175e-05
 3.942699047786300175e-05
 3.942699047786300175e-05
 3.942699047786300175e-05
 3.942699047786300175e-05
 3.942699047786300175e-05
 3.942699047786300175e-05
 3.942699047786300175e-05
 3.942699047786300175e-05
 3.942699047786300175e-05
 3.942699047786300175e-05
 3.942699047786300175e-05
 3.942699047786300175e-05
 3.942699047786300175e-05
 3.942699047786300175e-05
 3.942699047786300175e-05
 3.942699047786300175e-05
 3.942699047786300175e-05
 3.942699047786300175e-05
 3.942699047786300175e-05
 3.942699047786300175e-05
 3.942699047786300175e-05
 3.942699047786300175e-05
 3.942699047786300175e-05
 3.942699047786300175e-05
 3.942699047786300175e-05
 3.942699047786300175e-05
 3.942699047786300175e-05
 3.942699047786300175e-05
 3.942699047786300175e-05
 3.942699047786300175e-05
 3.942699047786300175e-05
 3.942699047786300175e-05
 3.942699047786300175e-05
 3.942699047786300175e-05
 3.942699047786300175e-05
 3.942699047786300175e-05
 3.942699047786300175e-05
 3.942699047786300175e-05
 3.942699047786300175e-05
 3.942699047786300175e-05
 3.942699047786300175e-05
 3.942699047786300175e-05
 3.942699047786300175e-05
 3.942699047786300175e-05
 3.942699047786300175e-05
 3.942699047786300175e-05
 3.942699047786300175e-05
 3.942699047786300175e-05
 3.942699047786300175e-05
 3.942699047786300175e-05
 3.942699047786300175e-05
 3.942699047786300175e-05
 3.942699047786300175e-05
 3.942699047786300175e-05
 3.942699047786300175e-05
 3.942699047786300175e-05
 3.942699047786300175e-05
 3.942699047786300175e-05
 3.942699047786300175e-05
 3.942699047786300175e-05
 3.942699047786300175e-05
 3.942699047786300175e-05
 3.942699047786300175e-05
 3.942699047786300175e-05
 3.942699047786300175e-05
 3.942699047786300175e-05
 3.942699047786300175e-05
 3.942699047786300175e-05
 3.942699047786300175e-05
 3.942699047786300175e-05
 3.942699047786300175e-05
 3.942699047786300175e-05
 3.942699047786300175e-05
 3.942699047786300175e-05
 3.942699047786300175e-05
 3.942699047786300175e-05
 </DataArray>
 <DataArray Name="k" type="Float32" NumberOfComponents="1" format="ascii">
 3.079920815511358878e-01
 3.079920815511358878e-01
 3.079920815511358878e-01
 3.079920815511358878e-01
 3.079920815511358878e-01
 3.079920815511358878e-01
 3.079920815511358878e-01
 3.079920815511358878e-01
 3.079920815511358878e-01
 3.079920815511358878e-01
 3.079920815511358878e-01
 3.079920815511358878e-01
 3.079920815511358878e-01
 3.079920815511358878e-01
 3.079920815511358878e-01
 3.079920815511358878e-01
 3.079920815511358878e-01
 3.079920815511358878e-01
 3.079920815511358878e-01
 3.079920815511358878e-01
 3.079920815511358878e-01
 3.079920815511358878e-01
 3.079920815511358878e-01
 3.079920815511358878e-01
 3.079920815511358878e-01
 3.079920815511358878e-01
 3.079920815511358878e-01
 3.079920815511358878e-01
 3.079920815511358878e-01
 3.079920815511358878e-01
 3.079920815511358878e-01
 3.079920815511358878e-01
 3.079920815511358878e-01
 3.079920815511358878e-01
 3.079920815511358878e-01
 3.079920815511358878e-01
 3.079920815511358878e-01
 3.079920815511358878e-01
 3.079920815511358878e-01
 3.079920815511358878e-01
 3.079920815511358878e-01
 3.079920815511358878e-01
 3.079920815511358878e-01
 3.079920815511358878e-01
 3.079920815511358878e-01
 3.079920815511358878e-01
 3.079920815511358878e-01
 3.079920815511358878e-01
 3.079920815511358878e-01
 3.079920815511358878e-01
 3.079920815511358878e-01
 3.079920815511358878e-01
 3.079920815511358878e-01
 3.079920815511358878e-01
 3.079920815511358878e-01
 3.079920815511358878e-01
 3.079920815511358878e-01
 3.079920815511358878e-01
 3.079920815511358878e-01
 3.079920815511358878e-01
 3.079920815511358878e-01
 3.079920815511358878e-01
 3.079920815511358878e-01
 3.079920815511358878e-01
 3.079920815511358878e-01
 3.079920815511358878e-01
 3.079920815511358878e-01
 3.079920815511358878e-01
 3.079920815511358878e-01
 3.079920815511358878e-01
 3.079920815511358878e-01
 3.079920815511358878e-01
 3.079920815511358878e-01
 3.079920815511358878e-01
 3.079920815511358878e-01
 3.079920815511358878e-01
 3.079920815511358878e-01
 3.079920815511358878e-01
 3.079920815511358878e-01
 3.079920815511358878e-01
 3.079920815511358878e-01
 3.079920815511358878e-01
 3.079920815511358878e-01
 3.079920815511358878e-01
 3.079920815511358878e-01
 3.079920815511358878e-01
 3.079920815511358878e-01
 3.079920815511358878e-01
 3.079920815511358878e-01
 3.079920815511358878e-01
 3.079920815511358878e-01
 3.079920815511358878e-01
 3.079920815511358878e-01
 3.079920815511358878e-01
 3.079920815511358878e-01
 3.079920815511358878e-01
 3.079920815511358878e-01
 3.079920815511358878e-01
 3.079920815511358878e-01
 3.079920815511358878e-01
 3.079920815511358878e-01
 3.079920815511358878e-01
 3.079920815511358878e-01
 3.079920815511358878e-01
 3.079920815511358878e-01
 3.079920815511358878e-01
 3.079920815511358878e-01
 3.079920815511358878e-01
 3.079920815511358878e-01
 3.079920815511358878e-01
 3.079920815511358878e-01
 3.079920815511358878e-01
 3.079920815511358878e-01
 3.079920815511358878e-01
 3.079920815511358878e-01
 3.079920815511358878e-01
 3.079920815511358878e-01
 3.079920815511358878e-01
 3.079920815511358878e-01
 3.079920815511358878e-01
 3.079920815511358878e-01
 3.079920815511358878e-01
 3.079920815511358878e-01
 3.079920815511358878e-01
 3.079920815511358878e-01
 3.079920815511358878e-01
 3.079920815511358878e-01
 3.079920815511358878e-01
 3.079920815511358878e-01
 3.079920815511358878e-01
 3.079920815511358878e-01
 3.079920815511358878e-01
 3.079920815511358878e-01
 3.079920815511358878e-01
 3.079920815511358878e-01
 3.079920815511358878e-01
 3.079920815511358878e-01
 3.079920815511358878e-01
 3.079920815511358878e-01
 3.079920815511358878e-01
 3.079920815511358878e-01
 3.079920815511358878e-01
 3.079920815511358878e-01
 3.079920815511358878e-01
 3.079920815511358878e-01
 3.079920815511358878e-01
 3.079920815511358878e-01
 3.079920815511358878e-01
 3.079920815511358878e-01
 3.079920815511358878e-01
 3.079920815511358878e-01
 3.079920815511358878e-01
 3.079920815511358878e-01
 3.079920815511358878e-01
 3.079920815511358878e-01
 3.079920815511358878e-01
 3.079920815511358878e-01
 3.079920815511358878e-01
 3.079920815511358878e-01
 3.079920815511358878e-01
 3.079920815511358878e-01
 3.079920815511358878e-01
 3.079920815511358878e-01
 3.079920815511358878e-01
 3.079920815511358878e-01
 3.079920815511358878e-01
 3.079920815511358878e-01
 3.079920815511358878e-01
 3.079920815511358878e-01
 3.079920815511358878e-01
 3.079920815511358878e-01
 3.079920815511358878e-01
 3.079920815511358878e-01
 3.079920815511358878e-01
 3.079920815511358878e-01
 3.079920815511358878e-01
 3.079920815511358878e-01
 3.079920815511358878e-01
 3.079920815511358878e-01
 3.079920815511358878e-01
 3.079920815511358878e-01
 3.079920815511358878e-01
 3.079920815511358878e-01
 3.079920815511358878e-01
 3.079920815511358878e-01
 3.079920815511358878e-01
 3.079920815511358878e-01
 3.079920815511358878e-01
 3.079920815511358878e-01
 3.079920815511358878e-01
 3.079920815511358878e-01
 3.079920815511358878e-01
 3.079920815511358878e-01
 3.079920815511358878e-01
 3.079920815511358878e-01
 3.079920815511358878e-01
 3.079920815511358878e-01
 3.079920815511358878e-01
 3.079920815511358878e-01
 3.079920815511358878e-01
 3.079920815511358878e-01
 3.079920815511358878e-01
 3.079920815511358878e-01
 3.079920815511358878e-01
 3.079920815511358878e-01
 3.079920815511358878e-01
 3.079920815511358878e-01
 3.079920815511358878e-01
 3.079920815511358878e-01
 3.079920815511358878e-01
 3.079920815511358878e-01
 3.079920815511358878e-01
 3.079920815511358878e-01
 3.079920815511358878e-01
 3.079920815511358878e-01
 3.079920815511358878e-01
 3.079920815511358878e-01
 3.079920815511358878e-01
 3.079920815511358878e-01
 3.079920815511358878e-01
 3.079920815511358878e-01
 3.079920815511358878e-01
 3.079920815511358878e-01
 3.079920815511358878e-01
 3.079920815511358878e-01
 3.079920815511358878e-01
 3.079920815511358878e-01
 3.079920815511358878e-01
 3.079920815511358878e-01
 3.079920815511358878e-01
 3.079920815511358878e-01
 3.079920815511358878e-01
 3.079920815511358878e-01
 3.079920815511358878e-01
 3.079920815511358878e-01
 3.079920815511358878e-01
 3.079920815511358878e-01
 3.079920815511358878e-01
 3.079920815511358878e-01
 3.079920815511358878e-01
 3.079920815511358878e-01
 3.079920815511358878e-01
 3.079920815511358878e-01
 3.079920815511358878e-01
 3.079920815511358878e-01
 3.079920815511358878e-01
 3.079920815511358878e-01
 3.079920815511358878e-01
 3.079920815511358878e-01
 3.079920815511358878e-01
 3.079920815511358878e-01
 3.079920815511358878e-01
 3.079920815511358878e-01
 3.079920815511358878e-01
 3.079920815511358878e-01
 3.079920815511358878e-01
 3.079920815511358878e-01
 3.079920815511358878e-01
 3.079920815511358878e-01
 3.079920815511358878e-01
 3.079920815511358878e-01
 3.079920815511358878e-01
 3.079920815511358878e-01
 3.079920815511358878e-01
 3.079920815511358878e-01
 3.079920815511358878e-01
 3.079920815511358878e-01
 3.079920815511358878e-01
 3.079920815511358878e-01
 3.079920815511358878e-01
 3.079920815511358878e-01
 3.079920815511358878e-01
 3.079920815511358878e-01
 3.079920815511358878e-01
 3.079920815511358878e-01
 3.079920815511358878e-01
 3.079920815511358878e-01
 3.079920815511358878e-01
 3.079920815511358878e-01
 3.079920815511358878e-01
 3.079920815511358878e-01
 3.079920815511358878e-01
 3.079920815511358878e-01
 3.079920815511358878e-01
 3.079920815511358878e-01
 3.079920815511358878e-01
 3.079920815511358878e-01
 3.079920815511358878e-01
 3.079920815511358878e-01
 3.079920815511358878e-01
 3.079920815511358878e-01
 3.079920815511358878e-01
 3.079920815511358878e-01
 3.079920815511358878e-01
 3.079920815511358878e-01
 3.079920815511358878e-01
 3.079920815511358878e-01
 3.079920815511358878e-01
 3.079920815511358878e-01
 3.079920815511358878e-01
 3.079920815511358878e-01
 3.079920815511358878e-01
 3.079920815511358878e-01
 3.079920815511358878e-01
 3.079920815511358878e-01
 3.079920815511358878e-01
 3.079920815511358878e-01
 3.079920815511358878e-01
 3.079920815511358878e-01
 3.079920815511358878e-01
 3.079920815511358878e-01
 3.079920815511358878e-01
 3.079920815511358878e-01
 3.079920815511358878e-01
 3.079920815511358878e-01
 3.079920815511358878e-01
 3.079920815511358878e-01
 3.079920815511358878e-01
 3.079920815511358878e-01
 3.079920815511358878e-01
 3.079920815511358878e-01
 3.079920815511358878e-01
 3.079920815511358878e-01
 3.079920815511358878e-01
 3.079920815511358878e-01
 3.079920815511358878e-01
 3.079920815511358878e-01
 3.079920815511358878e-01
 3.079920815511358878e-01
 3.079920815511358878e-01
 3.079920815511358878e-01
 3.079920815511358878e-01
 3.079920815511358878e-01
 3.079920815511358878e-01
 3.079920815511358878e-01
 3.079920815511358878e-01
 3.079920815511358878e-01
 3.079920815511358878e-01
 3.079920815511358878e-01
 3.079920815511358878e-01
 3.079920815511358878e-01
 3.079920815511358878e-01
 3.079920815511358878e-01
 3.079920815511358878e-01
 3.079920815511358878e-01
 3.079920815511358878e-01
 3.079920815511358878e-01
 3.079920815511358878e-01
 3.079920815511358878e-01
 3.079920815511358878e-01
 3.079920815511358878e-01
 3.079920815511358878e-01
 3.079920815511358878e-01
 3.079920815511358878e-01
 3.079920815511358878e-01
 3.079920815511358878e-01
 3.079920815511358878e-01
 3.079920815511358878e-01
 3.079920815511358878e-01
 3.079920815511358878e-01
 3.079920815511358878e-01
 3.079920815511358878e-01
 3.079920815511358878e-01
 3.079920815511358878e-01
 3.079920815511358878e-01
 3.079920815511358878e-01
 3.079920815511358878e-01
 3.079920815511358878e-01
 3.079920815511358878e-01
 3.079920815511358878e-01
 3.079920815511358878e-01
 3.079920815511358878e-01
 3.079920815511358878e-01
 3.079920815511358878e-01
 3.079920815511358878e-01
 3.079920815511358878e-01
 3.079920815511358878e-01
 3.079920815511358878e-01
 3.079920815511358878e-01
 3.079920815511358878e-01
 3.079920815511358878e-01
 3.079920815511358878e-01
 3.079920815511358878e-01
 3.079920815511358878e-01
 3.079920815511358878e-01
 3.079920815511358878e-01
 3.079920815511358878e-01
 3.079920815511358878e-01
 3.079920815511358878e-01
 3.079920815511358878e-01
 3.079920815511358878e-01
 3.079920815511358878e-01
 3.079920815511358878e-01
 3.079920815511358878e-01
 3.079920815511358878e-01
 3.079920815511358878e-01
 3.079920815511358878e-01
 3.079920815511358878e-01
 3.079920815511358878e-01
 3.079920815511358878e-01
 3.079920815511358878e-01
 3.079920815511358878e-01
 3.079920815511358878e-01
 3.079920815511358878e-01
 3.079920815511358878e-01
 3.079920815511358878e-01
 3.079920815511358878e-01
 3.079920815511358878e-01
 3.079920815511358878e-01
 3.079920815511358878e-01
 3.079920815511358878e-01
 3.079920815511358878e-01
 3.079920815511358878e-01
 3.079920815511358878e-01
 3.079920815511358878e-01
 3.079920815511358878e-01
 3.079920815511358878e-01
 3.079920815511358878e-01
 3.079920815511358878e-01
 3.079920815511358878e-01
 3.079920815511358878e-01
 3.079920815511358878e-01
 3.079920815511358878e-01
 3.079920815511358878e-01
 3.079920815511358878e-01
 3.079920815511358878e-01
 3.079920815511358878e-01
 3.079920815511358878e-01
 3.079920815511358878e-01
 3.079920815511358878e-01
 3.079920815511358878e-01
 3.079920815511358878e-01
 3.079920815511358878e-01
 3.079920815511358878e-01
 3.079920815511358878e-01
 3.079920815511358878e-01
 3.079920815511358878e-01
 3.079920815511358878e-01
 3.079920815511358878e-01
 3.079920815511358878e-01
 3.079920815511358878e-01
 3.079920815511358878e-01
 3.079920815511358878e-01
 3.079920815511358878e-01
 3.079920815511358878e-01
 3.079920815511358878e-01
 3.079920815511358878e-01
 3.079920815511358878e-01
 3.079920815511358878e-01
 3.079920815511358878e-01
 3.079920815511358878e-01
 3.079920815511358878e-01
 3.079920815511358878e-01
 3.079920815511358878e-01
 3.079920815511358878e-01
 3.079920815511358878e-01
 3.079920815511358878e-01
 3.079920815511358878e-01
 3.079920815511358878e-01
 3.079920815511358878e-01
 3.079920815511358878e-01
 3.079920815511358878e-01
 3.079920815511358878e-01
 3.079920815511358878e-01
 3.079920815511358878e-01
 3.079920815511358878e-01
 3.079920815511358878e-01
 3.079920815511358878e-01
 3.079920815511358878e-01
 3.079920815511358878e-01
 3.079920815511358878e-01
 3.079920815511358878e-01
 3.079920815511358878e-01
 3.079920815511358878e-01
 3.079920815511358878e-01
 3.079920815511358878e-01
 3.079920815511358878e-01
 3.079920815511358878e-01
 3.079920815511358878e-01
 3.079920815511358878e-01
 3.079920815511358878e-01
 3.079920815511358878e-01
 3.079920815511358878e-01
 3.079920815511358878e-01
 3.079920815511358878e-01
 3.079920815511358878e-01
 3.079920815511358878e-01
 3.079920815511358878e-01
 3.079920815511358878e-01
 3.079920815511358878e-01
 3.079920815511358878e-01
 3.079920815511358878e-01
 3.079920815511358878e-01
 3.079920815511358878e-01
 3.079920815511358878e-01
 3.079920815511358878e-01
 3.079920815511358878e-01
 3.079920815511358878e-01
 3.079920815511358878e-01
 3.079920815511358878e-01
 </DataArray>
 <DataArray Name="mu_t" type="Float32" NumberOfComponents="1" format="ascii">
 0.000000000000000000e+00
 0.000000000000000000e+00
 0.000000000000000000e+00
 0.000000000000000000e+00
 0.000000000000000000e+00
 0.000000000000000000e+00
 0.000000000000000000e+00
 0.000000000000000000e+00
 0.000000000000000000e+00
 0.000000000000000000e+00
 0.000000000000000000e+00
 0.000000000000000000e+00
 0.000000000000000000e+00
 0.000000000000000000e+00
 0.000000000000000000e+00
 0.000000000000000000e+00
 0.000000000000000000e+00
 0.000000000000000000e+00
 0.000000000000000000e+00
 0.000000000000000000e+00
 0.000000000000000000e+00
 0.000000000000000000e+00
 0.000000000000000000e+00
 0.000000000000000000e+00
 0.000000000000000000e+00
 0.000000000000000000e+00
 0.000000000000000000e+00
 0.000000000000000000e+00
 0.000000000000000000e+00
 0.000000000000000000e+00
 0.000000000000000000e+00
 0.000000000000000000e+00
 0.000000000000000000e+00
 0.000000000000000000e+00
 0.000000000000000000e+00
 0.000000000000000000e+00
 0.000000000000000000e+00
 0.000000000000000000e+00
 0.000000000000000000e+00
 0.000000000000000000e+00
 0.000000000000000000e+00
 0.000000000000000000e+00
 0.000000000000000000e+00
 0.000000000000000000e+00
 0.000000000000000000e+00
 0.000000000000000000e+00
 0.000000000000000000e+00
 0.000000000000000000e+00
 0.000000000000000000e+00
 0.000000000000000000e+00
 0.000000000000000000e+00
 0.000000000000000000e+00
 0.000000000000000000e+00
 0.000000000000000000e+00
 0.000000000000000000e+00
 0.000000000000000000e+00
 0.000000000000000000e+00
 0.000000000000000000e+00
 0.000000000000000000e+00
 0.000000000000000000e+00
 0.000000000000000000e+00
 0.000000000000000000e+00
 0.000000000000000000e+00
 0.000000000000000000e+00
 0.000000000000000000e+00
 0.000000000000000000e+00
 0.000000000000000000e+00
 0.000000000000000000e+00
 0.000000000000000000e+00
 0.000000000000000000e+00
 0.000000000000000000e+00
 0.000000000000000000e+00
 0.000000000000000000e+00
 0.000000000000000000e+00
 0.000000000000000000e+00
 0.000000000000000000e+00
 0.000000000000000000e+00
 0.000000000000000000e+00
 0.000000000000000000e+00
 0.000000000000000000e+00
 0.000000000000000000e+00
 0.000000000000000000e+00
 0.000000000000000000e+00
 0.000000000000000000e+00
 0.000000000000000000e+00
 0.000000000000000000e+00
 0.000000000000000000e+00
 0.000000000000000000e+00
 0.000000000000000000e+00
 0.000000000000000000e+00
 0.000000000000000000e+00
 0.000000000000000000e+00
 0.000000000000000000e+00
 0.000000000000000000e+00
 0.000000000000000000e+00
 0.000000000000000000e+00
 0.000000000000000000e+00
 0.000000000000000000e+00
 0.000000000000000000e+00
 0.000000000000000000e+00
 0.000000000000000000e+00
 0.000000000000000000e+00
 0.000000000000000000e+00
 0.000000000000000000e+00
 0.000000000000000000e+00
 0.000000000000000000e+00
 0.000000000000000000e+00
 0.000000000000000000e+00
 0.000000000000000000e+00
 0.000000000000000000e+00
 0.000000000000000000e+00
 0.000000000000000000e+00
 0.000000000000000000e+00
 0.000000000000000000e+00
 0.000000000000000000e+00
 0.000000000000000000e+00
 0.000000000000000000e+00
 0.000000000000000000e+00
 0.000000000000000000e+00
 0.000000000000000000e+00
 0.000000000000000000e+00
 0.000000000000000000e+00
 0.000000000000000000e+00
 0.000000000000000000e+00
 0.000000000000000000e+00
 0.000000000000000000e+00
 0.000000000000000000e+00
 0.000000000000000000e+00
 0.000000000000000000e+00
 0.000000000000000000e+00
 0.000000000000000000e+00
 0.000000000000000000e+00
 0.000000000000000000e+00
 0.000000000000000000e+00
 0.000000000000000000e+00
 0.000000000000000000e+00
 0.000000000000000000e+00
 0.000000000000000000e+00
 0.000000000000000000e+00
 0.000000000000000000e+00
 0.000000000000000000e+00
 0.000000000000000000e+00
 0.000000000000000000e+00
 0.000000000000000000e+00
 0.000000000000000000e+00
 0.000000000000000000e+00
 0.000000000000000000e+00
 0.000000000000000000e+00
 0.000000000000000000e+00
 0.000000000000000000e+00
 0.000000000000000000e+00
 0.000000000000000000e+00
 0.000000000000000000e+00
 0.000000000000000000e+00
 0.000000000000000000e+00
 0.000000000000000000e+00
 0.000000000000000000e+00
 0.000000000000000000e+00
 0.000000000000000000e+00
 0.000000000000000000e+00
 0.000000000000000000e+00
 0.000000000000000000e+00
 0.000000000000000000e+00
 0.000000000000000000e+00
 0.000000000000000000e+00
 0.000000000000000000e+00
 0.000000000000000000e+00
 0.000000000000000000e+00
 0.000000000000000000e+00
 0.000000000000000000e+00
 0.000000000000000000e+00
 0.000000000000000000e+00
 0.000000000000000000e+00
 0.000000000000000000e+00
 0.000000000000000000e+00
 0.000000000000000000e+00
 0.000000000000000000e+00
 0.000000000000000000e+00
 0.000000000000000000e+00
 0.000000000000000000e+00
 0.000000000000000000e+00
 0.000000000000000000e+00
 0.000000000000000000e+00
 0.000000000000000000e+00
 0.000000000000000000e+00
 0.000000000000000000e+00
 0.000000000000000000e+00
 0.000000000000000000e+00
 0.000000000000000000e+00
 0.000000000000000000e+00
 0.000000000000000000e+00
 0.000000000000000000e+00
 0.000000000000000000e+00
 0.000000000000000000e+00
 0.000000000000000000e+00
 0.000000000000000000e+00
 0.000000000000000000e+00
 0.000000000000000000e+00
 0.000000000000000000e+00
 0.000000000000000000e+00
 0.000000000000000000e+00
 0.000000000000000000e+00
 0.000000000000000000e+00
 0.000000000000000000e+00
 0.000000000000000000e+00
 0.000000000000000000e+00
 0.000000000000000000e+00
 0.000000000000000000e+00
 0.000000000000000000e+00
 0.000000000000000000e+00
 0.000000000000000000e+00
 0.000000000000000000e+00
 0.000000000000000000e+00
 0.000000000000000000e+00
 0.000000000000000000e+00
 0.000000000000000000e+00
 0.000000000000000000e+00
 0.000000000000000000e+00
 0.000000000000000000e+00
 0.000000000000000000e+00
 0.000000000000000000e+00
 0.000000000000000000e+00
 0.000000000000000000e+00
 0.000000000000000000e+00
 0.000000000000000000e+00
 0.000000000000000000e+00
 0.000000000000000000e+00
 0.000000000000000000e+00
 0.000000000000000000e+00
 0.000000000000000000e+00
 0.000000000000000000e+00
 0.000000000000000000e+00
 0.000000000000000000e+00
 0.000000000000000000e+00
 0.000000000000000000e+00
 0.000000000000000000e+00
 0.000000000000000000e+00
 0.000000000000000000e+00
 0.000000000000000000e+00
 0.000000000000000000e+00
 0.000000000000000000e+00
 0.000000000000000000e+00
 0.000000000000000000e+00
 0.000000000000000000e+00
 0.000000000000000000e+00
 0.000000000000000000e+00
 0.000000000000000000e+00
 0.000000000000000000e+00
 0.000000000000000000e+00
 0.000000000000000000e+00
 0.000000000000000000e+00
 0.000000000000000000e+00
 0.000000000000000000e+00
 0.000000000000000000e+00
 0.000000000000000000e+00
 0.000000000000000000e+00
 0.000000000000000000e+00
 0.000000000000000000e+00
 0.000000000000000000e+00
 0.000000000000000000e+00
 0.000000000000000000e+00
 0.000000000000000000e+00
 0.000000000000000000e+00
 0.000000000000000000e+00
 0.000000000000000000e+00
 0.000000000000000000e+00
 0.000000000000000000e+00
 0.000000000000000000e+00
 0.000000000000000000e+00
 0.000000000000000000e+00
 0.000000000000000000e+00
 0.000000000000000000e+00
 0.000000000000000000e+00
 0.000000000000000000e+00
 0.000000000000000000e+00
 0.000000000000000000e+00
 0.000000000000000000e+00
 0.000000000000000000e+00
 0.000000000000000000e+00
 0.000000000000000000e+00
 0.000000000000000000e+00
 0.000000000000000000e+00
 0.000000000000000000e+00
 0.000000000000000000e+00
 0.000000000000000000e+00
 0.000000000000000000e+00
 0.000000000000000000e+00
 0.000000000000000000e+00
 0.000000000000000000e+00
 0.000000000000000000e+00
 0.000000000000000000e+00
 0.000000000000000000e+00
 0.000000000000000000e+00
 0.000000000000000000e+00
 0.000000000000000000e+00
 0.000000000000000000e+00
 0.000000000000000000e+00
 0.000000000000000000e+00
 0.000000000000000000e+00
 0.000000000000000000e+00
 0.000000000000000000e+00
 0.000000000000000000e+00
 0.000000000000000000e+00
 0.000000000000000000e+00
 0.000000000000000000e+00
 0.000000000000000000e+00
 0.000000000000000000e+00
 0.000000000000000000e+00
 0.000000000000000000e+00
 0.000000000000000000e+00
 0.000000000000000000e+00
 0.000000000000000000e+00
 0.000000000000000000e+00
 0.000000000000000000e+00
 0.000000000000000000e+00
 0.000000000000000000e+00
 0.000000000000000000e+00
 0.000000000000000000e+00
 0.000000000000000000e+00
 0.000000000000000000e+00
 0.000000000000000000e+00
 0.000000000000000000e+00
 0.000000000000000000e+00
 0.000000000000000000e+00
 0.000000000000000000e+00
 0.000000000000000000e+00
 0.000000000000000000e+00
 0.000000000000000000e+00
 0.000000000000000000e+00
 0.000000000000000000e+00
 0.000000000000000000e+00
 0.000000000000000000e+00
 0.000000000000000000e+00
 0.000000000000000000e+00
 0.000000000000000000e+00
 0.000000000000000000e+00
 0.000000000000000000e+00
 0.000000000000000000e+00
 0.000000000000000000e+00
 0.000000000000000000e+00
 0.000000000000000000e+00
 0.000000000000000000e+00
 0.000000000000000000e+00
 0.000000000000000000e+00
 0.000000000000000000e+00
 0.000000000000000000e+00
 0.000000000000000000e+00
 0.000000000000000000e+00
 0.000000000000000000e+00
 0.000000000000000000e+00
 0.000000000000000000e+00
 0.000000000000000000e+00
 0.000000000000000000e+00
 0.000000000000000000e+00
 0.000000000000000000e+00
 0.000000000000000000e+00
 0.000000000000000000e+00
 0.000000000000000000e+00
 0.000000000000000000e+00
 0.000000000000000000e+00
 0.000000000000000000e+00
 0.000000000000000000e+00
 0.000000000000000000e+00
 0.000000000000000000e+00
 0.000000000000000000e+00
 0.000000000000000000e+00
 0.000000000000000000e+00
 0.000000000000000000e+00
 0.000000000000000000e+00
 0.000000000000000000e+00
 0.000000000000000000e+00
 0.000000000000000000e+00
 0.000000000000000000e+00
 0.000000000000000000e+00
 0.000000000000000000e+00
 0.000000000000000000e+00
 0.000000000000000000e+00
 0.000000000000000000e+00
 0.000000000000000000e+00
 0.000000000000000000e+00
 0.000000000000000000e+00
 0.000000000000000000e+00
 0.000000000000000000e+00
 0.000000000000000000e+00
 0.000000000000000000e+00
 0.000000000000000000e+00
 0.000000000000000000e+00
 0.000000000000000000e+00
 0.000000000000000000e+00
 0.000000000000000000e+00
 0.000000000000000000e+00
 0.000000000000000000e+00
 0.000000000000000000e+00
 0.000000000000000000e+00
 0.000000000000000000e+00
 0.000000000000000000e+00
 0.000000000000000000e+00
 0.000000000000000000e+00
 0.000000000000000000e+00
 0.000000000000000000e+00
 0.000000000000000000e+00
 0.000000000000000000e+00
 0.000000000000000000e+00
 0.000000000000000000e+00
 0.000000000000000000e+00
 0.000000000000000000e+00
 0.000000000000000000e+00
 0.000000000000000000e+00
 0.000000000000000000e+00
 0.000000000000000000e+00
 0.000000000000000000e+00
 0.000000000000000000e+00
 0.000000000000000000e+00
 0.000000000000000000e+00
 0.000000000000000000e+00
 0.000000000000000000e+00
 0.000000000000000000e+00
 0.000000000000000000e+00
 0.000000000000000000e+00
 0.000000000000000000e+00
 0.000000000000000000e+00
 0.000000000000000000e+00
 0.000000000000000000e+00
 0.000000000000000000e+00
 0.000000000000000000e+00
 0.000000000000000000e+00
 0.000000000000000000e+00
 0.000000000000000000e+00
 0.000000000000000000e+00
 0.000000000000000000e+00
 0.000000000000000000e+00
 0.000000000000000000e+00
 0.000000000000000000e+00
 0.000000000000000000e+00
 0.000000000000000000e+00
 0.000000000000000000e+00
 0.000000000000000000e+00
 0.000000000000000000e+00
 0.000000000000000000e+00
 0.000000000000000000e+00
 0.000000000000000000e+00
 0.000000000000000000e+00
 0.000000000000000000e+00
 0.000000000000000000e+00
 0.000000000000000000e+00
 0.000000000000000000e+00
 0.000000000000000000e+00
 0.000000000000000000e+00
 0.000000000000000000e+00
 0.000000000000000000e+00
 0.000000000000000000e+00
 0.000000000000000000e+00
 0.000000000000000000e+00
 0.000000000000000000e+00
 0.000000000000000000e+00
 0.000000000000000000e+00
 0.000000000000000000e+00
 0.000000000000000000e+00
 0.000000000000000000e+00
 0.000000000000000000e+00
 0.000000000000000000e+00
 0.000000000000000000e+00
 0.000000000000000000e+00
 0.000000000000000000e+00
 0.000000000000000000e+00
 0.000000000000000000e+00
 0.000000000000000000e+00
 0.000000000000000000e+00
 0.000000000000000000e+00
 0.000000000000000000e+00
 0.000000000000000000e+00
 0.000000000000000000e+00
 0.000000000000000000e+00
 0.000000000000000000e+00
 0.000000000000000000e+00
 0.000000000000000000e+00
 0.000000000000000000e+00
 0.000000000000000000e+00
 0.000000000000000000e+00
 0.000000000000000000e+00
 0.000000000000000000e+00
 0.000000000000000000e+00
 0.000000000000000000e+00
 0.000000000000000000e+00
 0.000000000000000000e+00
 0.000000000000000000e+00
 0.000000000000000000e+00
 0.000000000000000000e+00
 0.000000000000000000e+00
 0.000000000000000000e+00
 0.000000000000000000e+00
 0.000000000000000000e+00
 0.000000000000000000e+00
 0.000000000000000000e+00
 0.000000000000000000e+00
 0.000000000000000000e+00
 0.000000000000000000e+00
 0.000000000000000000e+00
 0.000000000000000000e+00
 0.000000000000000000e+00
 </DataArray>
 <DataArray Name="k_t" type="Float32" NumberOfComponents="1" format="ascii">
 0.000000000000000000e+00
 0.000000000000000000e+00
 0.000000000000000000e+00
 0.000000000000000000e+00
 0.000000000000000000e+00
 0.000000000000000000e+00
 0.000000000000000000e+00
 0.000000000000000000e+00
 0.000000000000000000e+00
 0.000000000000000000e+00
 0.000000000000000000e+00
 0.000000000000000000e+00
 0.000000000000000000e+00
 0.000000000000000000e+00
 0.000000000000000000e+00
 0.000000000000000000e+00
 0.000000000000000000e+00
 0.000000000000000000e+00
 0.000000000000000000e+00
 0.000000000000000000e+00
 0.000000000000000000e+00
 0.000000000000000000e+00
 0.000000000000000000e+00
 0.000000000000000000e+00
 0.000000000000000000e+00
 0.000000000000000000e+00
 0.000000000000000000e+00
 0.000000000000000000e+00
 0.000000000000000000e+00
 0.000000000000000000e+00
 0.000000000000000000e+00
 0.000000000000000000e+00
 0.000000000000000000e+00
 0.000000000000000000e+00
 0.000000000000000000e+00
 0.000000000000000000e+00
 0.000000000000000000e+00
 0.000000000000000000e+00
 0.000000000000000000e+00
 0.000000000000000000e+00
 0.000000000000000000e+00
 0.000000000000000000e+00
 0.000000000000000000e+00
 0.000000000000000000e+00
 0.000000000000000000e+00
 0.000000000000000000e+00
 0.000000000000000000e+00
 0.000000000000000000e+00
 0.000000000000000000e+00
 0.000000000000000000e+00
 0.000000000000000000e+00
 0.000000000000000000e+00
 0.000000000000000000e+00
 0.000000000000000000e+00
 0.000000000000000000e+00
 0.000000000000000000e+00
 0.000000000000000000e+00
 0.000000000000000000e+00
 0.000000000000000000e+00
 0.000000000000000000e+00
 0.000000000000000000e+00
 0.000000000000000000e+00
 0.000000000000000000e+00
 0.000000000000000000e+00
 0.000000000000000000e+00
 0.000000000000000000e+00
 0.000000000000000000e+00
 0.000000000000000000e+00
 0.000000000000000000e+00
 0.000000000000000000e+00
 0.000000000000000000e+00
 0.000000000000000000e+00
 0.000000000000000000e+00
 0.000000000000000000e+00
 0.000000000000000000e+00
 0.000000000000000000e+00
 0.000000000000000000e+00
 0.000000000000000000e+00
 0.000000000000000000e+00
 0.000000000000000000e+00
 0.000000000000000000e+00
 0.000000000000000000e+00
 0.000000000000000000e+00
 0.000000000000000000e+00
 0.000000000000000000e+00
 0.000000000000000000e+00
 0.000000000000000000e+00
 0.000000000000000000e+00
 0.000000000000000000e+00
 0.000000000000000000e+00
 0.000000000000000000e+00
 0.000000000000000000e+00
 0.000000000000000000e+00
 0.000000000000000000e+00
 0.000000000000000000e+00
 0.000000000000000000e+00
 0.000000000000000000e+00
 0.000000000000000000e+00
 0.000000000000000000e+00
 0.000000000000000000e+00
 0.000000000000000000e+00
 0.000000000000000000e+00
 0.000000000000000000e+00
 0.000000000000000000e+00
 0.000000000000000000e+00
 0.000000000000000000e+00
 0.000000000000000000e+00
 0.000000000000000000e+00
 0.000000000000000000e+00
 0.000000000000000000e+00
 0.000000000000000000e+00
 0.000000000000000000e+00
 0.000000000000000000e+00
 0.000000000000000000e+00
 0.000000000000000000e+00
 0.000000000000000000e+00
 0.000000000000000000e+00
 0.000000000000000000e+00
 0.000000000000000000e+00
 0.000000000000000000e+00
 0.000000000000000000e+00
 0.000000000000000000e+00
 0.000000000000000000e+00
 0.000000000000000000e+00
 0.000000000000000000e+00
 0.000000000000000000e+00
 0.000000000000000000e+00
 0.000000000000000000e+00
 0.000000000000000000e+00
 0.000000000000000000e+00
 0.000000000000000000e+00
 0.000000000000000000e+00
 0.000000000000000000e+00
 0.000000000000000000e+00
 0.000000000000000000e+00
 0.000000000000000000e+00
 0.000000000000000000e+00
 0.000000000000000000e+00
 0.000000000000000000e+00
 0.000000000000000000e+00
 0.000000000000000000e+00
 0.000000000000000000e+00
 0.000000000000000000e+00
 0.000000000000000000e+00
 0.000000000000000000e+00
 0.000000000000000000e+00
 0.000000000000000000e+00
 0.000000000000000000e+00
 0.000000000000000000e+00
 0.000000000000000000e+00
 0.000000000000000000e+00
 0.000000000000000000e+00
 0.000000000000000000e+00
 0.000000000000000000e+00
 0.000000000000000000e+00
 0.000000000000000000e+00
 0.000000000000000000e+00
 0.000000000000000000e+00
 0.000000000000000000e+00
 0.000000000000000000e+00
 0.000000000000000000e+00
 0.000000000000000000e+00
 0.000000000000000000e+00
 0.000000000000000000e+00
 0.000000000000000000e+00
 0.000000000000000000e+00
 0.000000000000000000e+00
 0.000000000000000000e+00
 0.000000000000000000e+00
 0.000000000000000000e+00
 0.000000000000000000e+00
 0.000000000000000000e+00
 0.000000000000000000e+00
 0.000000000000000000e+00
 0.000000000000000000e+00
 0.000000000000000000e+00
 0.000000000000000000e+00
 0.000000000000000000e+00
 0.000000000000000000e+00
 0.000000000000000000e+00
 0.000000000000000000e+00
 0.000000000000000000e+00
 0.000000000000000000e+00
 0.000000000000000000e+00
 0.000000000000000000e+00
 0.000000000000000000e+00
 0.000000000000000000e+00
 0.000000000000000000e+00
 0.000000000000000000e+00
 0.000000000000000000e+00
 0.000000000000000000e+00
 0.000000000000000000e+00
 0.000000000000000000e+00
 0.000000000000000000e+00
 0.000000000000000000e+00
 0.000000000000000000e+00
 0.000000000000000000e+00
 0.000000000000000000e+00
 0.000000000000000000e+00
 0.000000000000000000e+00
 0.000000000000000000e+00
 0.000000000000000000e+00
 0.000000000000000000e+00
 0.000000000000000000e+00
 0.000000000000000000e+00
 0.000000000000000000e+00
 0.000000000000000000e+00
 0.000000000000000000e+00
 0.000000000000000000e+00
 0.000000000000000000e+00
 0.000000000000000000e+00
 0.000000000000000000e+00
 0.000000000000000000e+00
 0.000000000000000000e+00
 0.000000000000000000e+00
 0.000000000000000000e+00
 0.000000000000000000e+00
 0.000000000000000000e+00
 0.000000000000000000e+00
 0.000000000000000000e+00
 0.000000000000000000e+00
 0.000000000000000000e+00
 0.000000000000000000e+00
 0.000000000000000000e+00
 0.000000000000000000e+00
 0.000000000000000000e+00
 0.000000000000000000e+00
 0.000000000000000000e+00
 0.000000000000000000e+00
 0.000000000000000000e+00
 0.000000000000000000e+00
 0.000000000000000000e+00
 0.000000000000000000e+00
 0.000000000000000000e+00
 0.000000000000000000e+00
 0.000000000000000000e+00
 0.000000000000000000e+00
 0.000000000000000000e+00
 0.000000000000000000e+00
 0.000000000000000000e+00
 0.000000000000000000e+00
 0.000000000000000000e+00
 0.000000000000000000e+00
 0.000000000000000000e+00
 0.000000000000000000e+00
 0.000000000000000000e+00
 0.000000000000000000e+00
 0.000000000000000000e+00
 0.000000000000000000e+00
 0.000000000000000000e+00
 0.000000000000000000e+00
 0.000000000000000000e+00
 0.000000000000000000e+00
 0.000000000000000000e+00
 0.000000000000000000e+00
 0.000000000000000000e+00
 0.000000000000000000e+00
 0.000000000000000000e+00
 0.000000000000000000e+00
 0.000000000000000000e+00
 0.000000000000000000e+00
 0.000000000000000000e+00
 0.000000000000000000e+00
 0.000000000000000000e+00
 0.000000000000000000e+00
 0.000000000000000000e+00
 0.000000000000000000e+00
 0.000000000000000000e+00
 0.000000000000000000e+00
 0.000000000000000000e+00
 0.000000000000000000e+00
 0.000000000000000000e+00
 0.000000000000000000e+00
 0.000000000000000000e+00
 0.000000000000000000e+00
 0.000000000000000000e+00
 0.000000000000000000e+00
 0.000000000000000000e+00
 0.000000000000000000e+00
 0.000000000000000000e+00
 0.000000000000000000e+00
 0.000000000000000000e+00
 0.000000000000000000e+00
 0.000000000000000000e+00
 0.000000000000000000e+00
 0.000000000000000000e+00
 0.000000000000000000e+00
 0.000000000000000000e+00
 0.000000000000000000e+00
 0.000000000000000000e+00
 0.000000000000000000e+00
 0.000000000000000000e+00
 0.000000000000000000e+00
 0.000000000000000000e+00
 0.000000000000000000e+00
 0.000000000000000000e+00
 0.000000000000000000e+00
 0.000000000000000000e+00
 0.000000000000000000e+00
 0.000000000000000000e+00
 0.000000000000000000e+00
 0.000000000000000000e+00
 0.000000000000000000e+00
 0.000000000000000000e+00
 0.000000000000000000e+00
 0.000000000000000000e+00
 0.000000000000000000e+00
 0.000000000000000000e+00
 0.000000000000000000e+00
 0.000000000000000000e+00
 0.000000000000000000e+00
 0.000000000000000000e+00
 0.000000000000000000e+00
 0.000000000000000000e+00
 0.000000000000000000e+00
 0.000000000000000000e+00
 0.000000000000000000e+00
 0.000000000000000000e+00
 0.000000000000000000e+00
 0.000000000000000000e+00
 0.000000000000000000e+00
 0.000000000000000000e+00
 0.000000000000000000e+00
 0.000000000000000000e+00
 0.000000000000000000e+00
 0.000000000000000000e+00
 0.000000000000000000e+00
 0.000000000000000000e+00
 0.000000000000000000e+00
 0.000000000000000000e+00
 0.000000000000000000e+00
 0.000000000000000000e+00
 0.000000000000000000e+00
 0.000000000000000000e+00
 0.000000000000000000e+00
 0.000000000000000000e+00
 0.000000000000000000e+00
 0.000000000000000000e+00
 0.000000000000000000e+00
 0.000000000000000000e+00
 0.000000000000000000e+00
 0.000000000000000000e+00
 0.000000000000000000e+00
 0.000000000000000000e+00
 0.000000000000000000e+00
 0.000000000000000000e+00
 0.000000000000000000e+00
 0.000000000000000000e+00
 0.000000000000000000e+00
 0.000000000000000000e+00
 0.000000000000000000e+00
 0.000000000000000000e+00
 0.000000000000000000e+00
 0.000000000000000000e+00
 0.000000000000000000e+00
 0.000000000000000000e+00
 0.000000000000000000e+00
 0.000000000000000000e+00
 0.000000000000000000e+00
 0.000000000000000000e+00
 0.000000000000000000e+00
 0.000000000000000000e+00
 0.000000000000000000e+00
 0.000000000000000000e+00
 0.000000000000000000e+00
 0.000000000000000000e+00
 0.000000000000000000e+00
 0.000000000000000000e+00
 0.000000000000000000e+00
 0.000000000000000000e+00
 0.000000000000000000e+00
 0.000000000000000000e+00
 0.000000000000000000e+00
 0.000000000000000000e+00
 0.000000000000000000e+00
 0.000000000000000000e+00
 0.000000000000000000e+00
 0.000000000000000000e+00
 0.000000000000000000e+00
 0.000000000000000000e+00
 0.000000000000000000e+00
 0.000000000000000000e+00
 0.000000000000000000e+00
 0.000000000000000000e+00
 0.000000000000000000e+00
 0.000000000000000000e+00
 0.000000000000000000e+00
 0.000000000000000000e+00
 0.000000000000000000e+00
 0.000000000000000000e+00
 0.000000000000000000e+00
 0.000000000000000000e+00
 0.000000000000000000e+00
 0.000000000000000000e+00
 0.000000000000000000e+00
 0.000000000000000000e+00
 0.000000000000000000e+00
 0.000000000000000000e+00
 0.000000000000000000e+00
 0.000000000000000000e+00
 0.000000000000000000e+00
 0.000000000000000000e+00
 0.000000000000000000e+00
 0.000000000000000000e+00
 0.000000000000000000e+00
 0.000000000000000000e+00
 0.000000000000000000e+00
 0.000000000000000000e+00
 0.000000000000000000e+00
 0.000000000000000000e+00
 0.000000000000000000e+00
 0.000000000000000000e+00
 0.000000000000000000e+00
 0.000000000000000000e+00
 0.000000000000000000e+00
 0.000000000000000000e+00
 0.000000000000000000e+00
 0.000000000000000000e+00
 0.000000000000000000e+00
 0.000000000000000000e+00
 0.000000000000000000e+00
 0.000000000000000000e+00
 0.000000000000000000e+00
 0.000000000000000000e+00
 0.000000000000000000e+00
 0.000000000000000000e+00
 0.000000000000000000e+00
 0.000000000000000000e+00
 0.000000000000000000e+00
 0.000000000000000000e+00
 0.000000000000000000e+00
 0.000000000000000000e+00
 0.000000000000000000e+00
 0.000000000000000000e+00
 0.000000000000000000e+00
 0.000000000000000000e+00
 0.000000000000000000e+00
 0.000000000000000000e+00
 0.000000000000000000e+00
 0.000000000000000000e+00
 0.000000000000000000e+00
 0.000000000000000000e+00
 0.000000000000000000e+00
 0.000000000000000000e+00
 0.000000000000000000e+00
 0.000000000000000000e+00
 0.000000000000000000e+00
 0.000000000000000000e+00
 0.000000000000000000e+00
 0.000000000000000000e+00
 0.000000000000000000e+00
 0.000000000000000000e+00
 0.000000000000000000e+00
 0.000000000000000000e+00
 0.000000000000000000e+00
 0.000000000000000000e+00
 0.000000000000000000e+00
 0.000000000000000000e+00
 0.000000000000000000e+00
 0.000000000000000000e+00
 0.000000000000000000e+00
 0.000000000000000000e+00
 0.000000000000000000e+00
 0.000000000000000000e+00
 0.000000000000000000e+00
 0.000000000000000000e+00
 0.000000000000000000e+00
 0.000000000000000000e+00
 0.000000000000000000e+00
 0.000000000000000000e+00
 0.000000000000000000e+00
 0.000000000000000000e+00
 0.000000000000000000e+00
 0.000000000000000000e+00
 0.000000000000000000e+00
 0.000000000000000000e+00
 0.000000000000000000e+00
 0.000000000000000000e+00
 0.000000000000000000e+00
 0.000000000000000000e+00
 0.000000000000000000e+00
 0.000000000000000000e+00
 0.000000000000000000e+00
 0.000000000000000000e+00
 0.000000000000000000e+00
 0.000000000000000000e+00
 0.000000000000000000e+00
 0.000000000000000000e+00
 0.000000000000000000e+00
 0.000000000000000000e+00
 0.000000000000000000e+00
 0.000000000000000000e+00
 0.000000000000000000e+00
 0.000000000000000000e+00
 0.000000000000000000e+00
 0.000000000000000000e+00
 0.000000000000000000e+00
 0.000000000000000000e+00
 0.000000000000000000e+00
 0.000000000000000000e+00
 </DataArray>
 <DataArray Name="S" type="Float32" NumberOfComponents="1" format="ascii">
 0.000000000000000000e+00
 0.000000000000000000e+00
 0.000000000000000000e+00
 0.000000000000000000e+00
 0.000000000000000000e+00
 0.000000000000000000e+00
 0.000000000000000000e+00
 0.000000000000000000e+00
 0.000000000000000000e+00
 0.000000000000000000e+00
 0.000000000000000000e+00
 0.000000000000000000e+00
 0.000000000000000000e+00
 0.000000000000000000e+00
 0.000000000000000000e+00
 0.000000000000000000e+00
 0.000000000000000000e+00
 0.000000000000000000e+00
 0.000000000000000000e+00
 0.000000000000000000e+00
 0.000000000000000000e+00
 0.000000000000000000e+00
 0.000000000000000000e+00
 0.000000000000000000e+00
 0.000000000000000000e+00
 0.000000000000000000e+00
 0.000000000000000000e+00
 0.000000000000000000e+00
 0.000000000000000000e+00
 0.000000000000000000e+00
 0.000000000000000000e+00
 0.000000000000000000e+00
 0.000000000000000000e+00
 0.000000000000000000e+00
 0.000000000000000000e+00
 0.000000000000000000e+00
 0.000000000000000000e+00
 0.000000000000000000e+00
 0.000000000000000000e+00
 0.000000000000000000e+00
 0.000000000000000000e+00
 0.000000000000000000e+00
 0.000000000000000000e+00
 0.000000000000000000e+00
 0.000000000000000000e+00
 0.000000000000000000e+00
 0.000000000000000000e+00
 0.000000000000000000e+00
 0.000000000000000000e+00
 0.000000000000000000e+00
 0.000000000000000000e+00
 0.000000000000000000e+00
 0.000000000000000000e+00
 0.000000000000000000e+00
 0.000000000000000000e+00
 0.000000000000000000e+00
 0.000000000000000000e+00
 0.000000000000000000e+00
 0.000000000000000000e+00
 0.000000000000000000e+00
 0.000000000000000000e+00
 0.000000000000000000e+00
 0.000000000000000000e+00
 0.000000000000000000e+00
 0.000000000000000000e+00
 0.000000000000000000e+00
 0.000000000000000000e+00
 0.000000000000000000e+00
 0.000000000000000000e+00
 0.000000000000000000e+00
 0.000000000000000000e+00
 0.000000000000000000e+00
 0.000000000000000000e+00
 0.000000000000000000e+00
 0.000000000000000000e+00
 0.000000000000000000e+00
 0.000000000000000000e+00
 0.000000000000000000e+00
 0.000000000000000000e+00
 0.000000000000000000e+00
 0.000000000000000000e+00
 0.000000000000000000e+00
 0.000000000000000000e+00
 0.000000000000000000e+00
 0.000000000000000000e+00
 0.000000000000000000e+00
 0.000000000000000000e+00
 0.000000000000000000e+00
 0.000000000000000000e+00
 0.000000000000000000e+00
 0.000000000000000000e+00
 0.000000000000000000e+00
 0.000000000000000000e+00
 0.000000000000000000e+00
 0.000000000000000000e+00
 0.000000000000000000e+00
 0.000000000000000000e+00
 0.000000000000000000e+00
 0.000000000000000000e+00
 0.000000000000000000e+00
 0.000000000000000000e+00
 0.000000000000000000e+00
 0.000000000000000000e+00
 0.000000000000000000e+00
 0.000000000000000000e+00
 0.000000000000000000e+00
 0.000000000000000000e+00
 0.000000000000000000e+00
 0.000000000000000000e+00
 0.000000000000000000e+00
 0.000000000000000000e+00
 0.000000000000000000e+00
 0.000000000000000000e+00
 0.000000000000000000e+00
 0.000000000000000000e+00
 0.000000000000000000e+00
 0.000000000000000000e+00
 0.000000000000000000e+00
 0.000000000000000000e+00
 0.000000000000000000e+00
 0.000000000000000000e+00
 0.000000000000000000e+00
 0.000000000000000000e+00
 0.000000000000000000e+00
 0.000000000000000000e+00
 0.000000000000000000e+00
 0.000000000000000000e+00
 0.000000000000000000e+00
 0.000000000000000000e+00
 0.000000000000000000e+00
 0.000000000000000000e+00
 0.000000000000000000e+00
 0.000000000000000000e+00
 0.000000000000000000e+00
 0.000000000000000000e+00
 0.000000000000000000e+00
 0.000000000000000000e+00
 0.000000000000000000e+00
 0.000000000000000000e+00
 0.000000000000000000e+00
 0.000000000000000000e+00
 0.000000000000000000e+00
 0.000000000000000000e+00
 0.000000000000000000e+00
 0.000000000000000000e+00
 0.000000000000000000e+00
 0.000000000000000000e+00
 0.000000000000000000e+00
 0.000000000000000000e+00
 0.000000000000000000e+00
 0.000000000000000000e+00
 0.000000000000000000e+00
 0.000000000000000000e+00
 0.000000000000000000e+00
 0.000000000000000000e+00
 0.000000000000000000e+00
 0.000000000000000000e+00
 0.000000000000000000e+00
 0.000000000000000000e+00
 0.000000000000000000e+00
 0.000000000000000000e+00
 0.000000000000000000e+00
 0.000000000000000000e+00
 0.000000000000000000e+00
 0.000000000000000000e+00
 0.000000000000000000e+00
 0.000000000000000000e+00
 0.000000000000000000e+00
 0.000000000000000000e+00
 0.000000000000000000e+00
 0.000000000000000000e+00
 0.000000000000000000e+00
 0.000000000000000000e+00
 0.000000000000000000e+00
 0.000000000000000000e+00
 0.000000000000000000e+00
 0.000000000000000000e+00
 0.000000000000000000e+00
 0.000000000000000000e+00
 0.000000000000000000e+00
 0.000000000000000000e+00
 0.000000000000000000e+00
 0.000000000000000000e+00
 0.000000000000000000e+00
 0.000000000000000000e+00
 0.000000000000000000e+00
 0.000000000000000000e+00
 0.000000000000000000e+00
 0.000000000000000000e+00
 0.000000000000000000e+00
 0.000000000000000000e+00
 0.000000000000000000e+00
 0.000000000000000000e+00
 0.000000000000000000e+00
 0.000000000000000000e+00
 0.000000000000000000e+00
 0.000000000000000000e+00
 0.000000000000000000e+00
 0.000000000000000000e+00
 0.000000000000000000e+00
 0.000000000000000000e+00
 0.000000000000000000e+00
 0.000000000000000000e+00
 0.000000000000000000e+00
 0.000000000000000000e+00
 0.000000000000000000e+00
 0.000000000000000000e+00
 0.000000000000000000e+00
 0.000000000000000000e+00
 0.000000000000000000e+00
 0.000000000000000000e+00
 0.000000000000000000e+00
 0.000000000000000000e+00
 0.000000000000000000e+00
 0.000000000000000000e+00
 0.000000000000000000e+00
 0.000000000000000000e+00
 0.000000000000000000e+00
 0.000000000000000000e+00
 0.000000000000000000e+00
 0.000000000000000000e+00
 0.000000000000000000e+00
 0.000000000000000000e+00
 0.000000000000000000e+00
 0.000000000000000000e+00
 0.000000000000000000e+00
 0.000000000000000000e+00
 0.000000000000000000e+00
 0.000000000000000000e+00
 0.000000000000000000e+00
 0.000000000000000000e+00
 0.000000000000000000e+00
 0.000000000000000000e+00
 0.000000000000000000e+00
 0.000000000000000000e+00
 0.000000000000000000e+00
 0.000000000000000000e+00
 0.000000000000000000e+00
 0.000000000000000000e+00
 0.000000000000000000e+00
 0.000000000000000000e+00
 0.000000000000000000e+00
 0.000000000000000000e+00
 0.000000000000000000e+00
 0.000000000000000000e+00
 0.000000000000000000e+00
 0.000000000000000000e+00
 0.000000000000000000e+00
 0.000000000000000000e+00
 0.000000000000000000e+00
 0.000000000000000000e+00
 0.000000000000000000e+00
 0.000000000000000000e+00
 0.000000000000000000e+00
 0.000000000000000000e+00
 0.000000000000000000e+00
 0.000000000000000000e+00
 0.000000000000000000e+00
 0.000000000000000000e+00
 0.000000000000000000e+00
 0.000000000000000000e+00
 0.000000000000000000e+00
 0.000000000000000000e+00
 0.000000000000000000e+00
 0.000000000000000000e+00
 0.000000000000000000e+00
 0.000000000000000000e+00
 0.000000000000000000e+00
 0.000000000000000000e+00
 0.000000000000000000e+00
 0.000000000000000000e+00
 0.000000000000000000e+00
 0.000000000000000000e+00
 0.000000000000000000e+00
 0.000000000000000000e+00
 0.000000000000000000e+00
 0.000000000000000000e+00
 0.000000000000000000e+00
 0.000000000000000000e+00
 0.000000000000000000e+00
 0.000000000000000000e+00
 0.000000000000000000e+00
 0.000000000000000000e+00
 0.000000000000000000e+00
 0.000000000000000000e+00
 0.000000000000000000e+00
 0.000000000000000000e+00
 0.000000000000000000e+00
 0.000000000000000000e+00
 0.000000000000000000e+00
 0.000000000000000000e+00
 0.000000000000000000e+00
 0.000000000000000000e+00
 0.000000000000000000e+00
 0.000000000000000000e+00
 0.000000000000000000e+00
 0.000000000000000000e+00
 0.000000000000000000e+00
 0.000000000000000000e+00
 0.000000000000000000e+00
 0.000000000000000000e+00
 0.000000000000000000e+00
 0.000000000000000000e+00
 0.000000000000000000e+00
 0.000000000000000000e+00
 0.000000000000000000e+00
 0.000000000000000000e+00
 0.000000000000000000e+00
 0.000000000000000000e+00
 0.000000000000000000e+00
 0.000000000000000000e+00
 0.000000000000000000e+00
 0.000000000000000000e+00
 0.000000000000000000e+00
 0.000000000000000000e+00
 0.000000000000000000e+00
 0.000000000000000000e+00
 0.000000000000000000e+00
 0.000000000000000000e+00
 0.000000000000000000e+00
 0.000000000000000000e+00
 0.000000000000000000e+00
 0.000000000000000000e+00
 0.000000000000000000e+00
 0.000000000000000000e+00
 0.000000000000000000e+00
 0.000000000000000000e+00
 0.000000000000000000e+00
 0.000000000000000000e+00
 0.000000000000000000e+00
 0.000000000000000000e+00
 0.000000000000000000e+00
 0.000000000000000000e+00
 0.000000000000000000e+00
 0.000000000000000000e+00
 0.000000000000000000e+00
 0.000000000000000000e+00
 0.000000000000000000e+00
 0.000000000000000000e+00
 0.000000000000000000e+00
 0.000000000000000000e+00
 0.000000000000000000e+00
 0.000000000000000000e+00
 0.000000000000000000e+00
 0.000000000000000000e+00
 0.000000000000000000e+00
 0.000000000000000000e+00
 0.000000000000000000e+00
 0.000000000000000000e+00
 0.000000000000000000e+00
 0.000000000000000000e+00
 0.000000000000000000e+00
 0.000000000000000000e+00
 0.000000000000000000e+00
 0.000000000000000000e+00
 0.000000000000000000e+00
 0.000000000000000000e+00
 0.000000000000000000e+00
 0.000000000000000000e+00
 0.000000000000000000e+00
 0.000000000000000000e+00
 0.000000000000000000e+00
 0.000000000000000000e+00
 0.000000000000000000e+00
 0.000000000000000000e+00
 0.000000000000000000e+00
 0.000000000000000000e+00
 0.000000000000000000e+00
 0.000000000000000000e+00
 0.000000000000000000e+00
 0.000000000000000000e+00
 0.000000000000000000e+00
 0.000000000000000000e+00
 0.000000000000000000e+00
 0.000000000000000000e+00
 0.000000000000000000e+00
 0.000000000000000000e+00
 0.000000000000000000e+00
 0.000000000000000000e+00
 0.000000000000000000e+00
 0.000000000000000000e+00
 0.000000000000000000e+00
 0.000000000000000000e+00
 0.000000000000000000e+00
 0.000000000000000000e+00
 0.000000000000000000e+00
 0.000000000000000000e+00
 0.000000000000000000e+00
 0.000000000000000000e+00
 0.000000000000000000e+00
 0.000000000000000000e+00
 0.000000000000000000e+00
 0.000000000000000000e+00
 0.000000000000000000e+00
 0.000000000000000000e+00
 0.000000000000000000e+00
 0.000000000000000000e+00
 0.000000000000000000e+00
 0.000000000000000000e+00
 0.000000000000000000e+00
 0.000000000000000000e+00
 0.000000000000000000e+00
 0.000000000000000000e+00
 0.000000000000000000e+00
 0.000000000000000000e+00
 0.000000000000000000e+00
 0.000000000000000000e+00
 0.000000000000000000e+00
 0.000000000000000000e+00
 0.000000000000000000e+00
 0.000000000000000000e+00
 0.000000000000000000e+00
 0.000000000000000000e+00
 0.000000000000000000e+00
 0.000000000000000000e+00
 0.000000000000000000e+00
 0.000000000000000000e+00
 0.000000000000000000e+00
 0.000000000000000000e+00
 0.000000000000000000e+00
 0.000000000000000000e+00
 0.000000000000000000e+00
 0.000000000000000000e+00
 0.000000000000000000e+00
 0.000000000000000000e+00
 0.000000000000000000e+00
 0.000000000000000000e+00
 0.000000000000000000e+00
 0.000000000000000000e+00
 0.000000000000000000e+00
 0.000000000000000000e+00
 0.000000000000000000e+00
 0.000000000000000000e+00
 0.000000000000000000e+00
 0.000000000000000000e+00
 0.000000000000000000e+00
 0.000000000000000000e+00
 0.000000000000000000e+00
 0.000000000000000000e+00
 0.000000000000000000e+00
 0.000000000000000000e+00
 0.000000000000000000e+00
 0.000000000000000000e+00
 0.000000000000000000e+00
 0.000000000000000000e+00
 0.000000000000000000e+00
 0.000000000000000000e+00
 0.000000000000000000e+00
 0.000000000000000000e+00
 0.000000000000000000e+00
 0.000000000000000000e+00
 0.000000000000000000e+00
 0.000000000000000000e+00
 0.000000000000000000e+00
 0.000000000000000000e+00
 0.000000000000000000e+00
 0.000000000000000000e+00
 0.000000000000000000e+00
 0.000000000000000000e+00
 0.000000000000000000e+00
 0.000000000000000000e+00
 0.000000000000000000e+00
 0.000000000000000000e+00
 0.000000000000000000e+00
 0.000000000000000000e+00
 0.000000000000000000e+00
 0.000000000000000000e+00
 0.000000000000000000e+00
 0.000000000000000000e+00
 0.000000000000000000e+00
 0.000000000000000000e+00
 0.000000000000000000e+00
 0.000000000000000000e+00
 0.000000000000000000e+00
 0.000000000000000000e+00
 0.000000000000000000e+00
 0.000000000000000000e+00
 0.000000000000000000e+00
 0.000000000000000000e+00
 0.000000000000000000e+00
 0.000000000000000000e+00
 0.000000000000000000e+00
 0.000000000000000000e+00
 0.000000000000000000e+00
 0.000000000000000000e+00
 0.000000000000000000e+00
 0.000000000000000000e+00
 0.000000000000000000e+00
 0.000000000000000000e+00
 0.000000000000000000e+00
 0.000000000000000000e+00
 0.000000000000000000e+00
 0.000000000000000000e+00
 0.000000000000000000e+00
 0.000000000000000000e+00
 0.000000000000000000e+00
 0.000000000000000000e+00
 0.000000000000000000e+00
 0.000000000000000000e+00
 0.000000000000000000e+00
 </DataArray>
 <DataArray Name="massf[0]-He" type="Float32" NumberOfComponents="1" format="ascii">
 1.000000000000000000e+00
 1.000000000000000000e+00
 1.000000000000000000e+00
 1.000000000000000000e+00
 1.000000000000000000e+00
 1.000000000000000000e+00
 1.000000000000000000e+00
 1.000000000000000000e+00
 1.000000000000000000e+00
 1.000000000000000000e+00
 1.000000000000000000e+00
 1.000000000000000000e+00
 1.000000000000000000e+00
 1.000000000000000000e+00
 1.000000000000000000e+00
 1.000000000000000000e+00
 1.000000000000000000e+00
 1.000000000000000000e+00
 1.000000000000000000e+00
 1.000000000000000000e+00
 1.000000000000000000e+00
 1.000000000000000000e+00
 1.000000000000000000e+00
 1.000000000000000000e+00
 1.000000000000000000e+00
 1.000000000000000000e+00
 1.000000000000000000e+00
 1.000000000000000000e+00
 1.000000000000000000e+00
 1.000000000000000000e+00
 1.000000000000000000e+00
 1.000000000000000000e+00
 1.000000000000000000e+00
 1.000000000000000000e+00
 1.000000000000000000e+00
 1.000000000000000000e+00
 1.000000000000000000e+00
 1.000000000000000000e+00
 1.000000000000000000e+00
 1.000000000000000000e+00
 1.000000000000000000e+00
 1.000000000000000000e+00
 1.000000000000000000e+00
 1.000000000000000000e+00
 1.000000000000000000e+00
 1.000000000000000000e+00
 1.000000000000000000e+00
 1.000000000000000000e+00
 1.000000000000000000e+00
 1.000000000000000000e+00
 1.000000000000000000e+00
 1.000000000000000000e+00
 1.000000000000000000e+00
 1.000000000000000000e+00
 1.000000000000000000e+00
 1.000000000000000000e+00
 1.000000000000000000e+00
 1.000000000000000000e+00
 1.000000000000000000e+00
 1.000000000000000000e+00
 1.000000000000000000e+00
 1.000000000000000000e+00
 1.000000000000000000e+00
 1.000000000000000000e+00
 1.000000000000000000e+00
 1.000000000000000000e+00
 1.000000000000000000e+00
 1.000000000000000000e+00
 1.000000000000000000e+00
 1.000000000000000000e+00
 1.000000000000000000e+00
 1.000000000000000000e+00
 1.000000000000000000e+00
 1.000000000000000000e+00
 1.000000000000000000e+00
 1.000000000000000000e+00
 1.000000000000000000e+00
 1.000000000000000000e+00
 1.000000000000000000e+00
 1.000000000000000000e+00
 1.000000000000000000e+00
 1.000000000000000000e+00
 1.000000000000000000e+00
 1.000000000000000000e+00
 1.000000000000000000e+00
 1.000000000000000000e+00
 1.000000000000000000e+00
 1.000000000000000000e+00
 1.000000000000000000e+00
 1.000000000000000000e+00
 1.000000000000000000e+00
 1.000000000000000000e+00
 1.000000000000000000e+00
 1.000000000000000000e+00
 1.000000000000000000e+00
 1.000000000000000000e+00
 1.000000000000000000e+00
 1.000000000000000000e+00
 1.000000000000000000e+00
 1.000000000000000000e+00
 1.000000000000000000e+00
 1.000000000000000000e+00
 1.000000000000000000e+00
 1.000000000000000000e+00
 1.000000000000000000e+00
 1.000000000000000000e+00
 1.000000000000000000e+00
 1.000000000000000000e+00
 1.000000000000000000e+00
 1.000000000000000000e+00
 1.000000000000000000e+00
 1.000000000000000000e+00
 1.000000000000000000e+00
 1.000000000000000000e+00
 1.000000000000000000e+00
 1.000000000000000000e+00
 1.000000000000000000e+00
 1.000000000000000000e+00
 1.000000000000000000e+00
 1.000000000000000000e+00
 1.000000000000000000e+00
 1.000000000000000000e+00
 1.000000000000000000e+00
 1.000000000000000000e+00
 1.000000000000000000e+00
 1.000000000000000000e+00
 1.000000000000000000e+00
 1.000000000000000000e+00
 1.000000000000000000e+00
 1.000000000000000000e+00
 1.000000000000000000e+00
 1.000000000000000000e+00
 1.000000000000000000e+00
 1.000000000000000000e+00
 1.000000000000000000e+00
 1.000000000000000000e+00
 1.000000000000000000e+00
 1.000000000000000000e+00
 1.000000000000000000e+00
 1.000000000000000000e+00
 1.000000000000000000e+00
 1.000000000000000000e+00
 1.000000000000000000e+00
 1.000000000000000000e+00
 1.000000000000000000e+00
 1.000000000000000000e+00
 1.000000000000000000e+00
 1.000000000000000000e+00
 1.000000000000000000e+00
 1.000000000000000000e+00
 1.000000000000000000e+00
 1.000000000000000000e+00
 1.000000000000000000e+00
 1.000000000000000000e+00
 1.000000000000000000e+00
 1.000000000000000000e+00
 1.000000000000000000e+00
 1.000000000000000000e+00
 1.000000000000000000e+00
 1.000000000000000000e+00
 1.000000000000000000e+00
 1.000000000000000000e+00
 1.000000000000000000e+00
 1.000000000000000000e+00
 1.000000000000000000e+00
 1.000000000000000000e+00
 1.000000000000000000e+00
 1.000000000000000000e+00
 1.000000000000000000e+00
 1.000000000000000000e+00
 1.000000000000000000e+00
 1.000000000000000000e+00
 1.000000000000000000e+00
 1.000000000000000000e+00
 1.000000000000000000e+00
 1.000000000000000000e+00
 1.000000000000000000e+00
 1.000000000000000000e+00
 1.000000000000000000e+00
 1.000000000000000000e+00
 1.000000000000000000e+00
 1.000000000000000000e+00
 1.000000000000000000e+00
 1.000000000000000000e+00
 1.000000000000000000e+00
 1.000000000000000000e+00
 1.000000000000000000e+00
 1.000000000000000000e+00
 1.000000000000000000e+00
 1.000000000000000000e+00
 1.000000000000000000e+00
 1.000000000000000000e+00
 1.000000000000000000e+00
 1.000000000000000000e+00
 1.000000000000000000e+00
 1.000000000000000000e+00
 1.000000000000000000e+00
 1.000000000000000000e+00
 1.000000000000000000e+00
 1.000000000000000000e+00
 1.000000000000000000e+00
 1.000000000000000000e+00
 1.000000000000000000e+00
 1.000000000000000000e+00
 1.000000000000000000e+00
 1.000000000000000000e+00
 1.000000000000000000e+00
 1.000000000000000000e+00
 1.000000000000000000e+00
 1.000000000000000000e+00
 1.000000000000000000e+00
 1.000000000000000000e+00
 1.000000000000000000e+00
 1.000000000000000000e+00
 1.000000000000000000e+00
 1.000000000000000000e+00
 1.000000000000000000e+00
 1.000000000000000000e+00
 1.000000000000000000e+00
 1.000000000000000000e+00
 1.000000000000000000e+00
 1.000000000000000000e+00
 1.000000000000000000e+00
 1.000000000000000000e+00
 1.000000000000000000e+00
 1.000000000000000000e+00
 1.000000000000000000e+00
 1.000000000000000000e+00
 1.000000000000000000e+00
 1.000000000000000000e+00
 1.000000000000000000e+00
 1.000000000000000000e+00
 1.000000000000000000e+00
 1.000000000000000000e+00
 1.000000000000000000e+00
 1.000000000000000000e+00
 1.000000000000000000e+00
 1.000000000000000000e+00
 1.000000000000000000e+00
 1.000000000000000000e+00
 1.000000000000000000e+00
 1.000000000000000000e+00
 1.000000000000000000e+00
 1.000000000000000000e+00
 1.000000000000000000e+00
 1.000000000000000000e+00
 1.000000000000000000e+00
 1.000000000000000000e+00
 1.000000000000000000e+00
 1.000000000000000000e+00
 1.000000000000000000e+00
 1.000000000000000000e+00
 1.000000000000000000e+00
 1.000000000000000000e+00
 1.000000000000000000e+00
 1.000000000000000000e+00
 1.000000000000000000e+00
 1.000000000000000000e+00
 1.000000000000000000e+00
 1.000000000000000000e+00
 1.000000000000000000e+00
 1.000000000000000000e+00
 1.000000000000000000e+00
 1.000000000000000000e+00
 1.000000000000000000e+00
 1.000000000000000000e+00
 1.000000000000000000e+00
 1.000000000000000000e+00
 1.000000000000000000e+00
 1.000000000000000000e+00
 1.000000000000000000e+00
 1.000000000000000000e+00
 1.000000000000000000e+00
 1.000000000000000000e+00
 1.000000000000000000e+00
 1.000000000000000000e+00
 1.000000000000000000e+00
 1.000000000000000000e+00
 1.000000000000000000e+00
 1.000000000000000000e+00
 1.000000000000000000e+00
 1.000000000000000000e+00
 1.000000000000000000e+00
 1.000000000000000000e+00
 1.000000000000000000e+00
 1.000000000000000000e+00
 1.000000000000000000e+00
 1.000000000000000000e+00
 1.000000000000000000e+00
 1.000000000000000000e+00
 1.000000000000000000e+00
 1.000000000000000000e+00
 1.000000000000000000e+00
 1.000000000000000000e+00
 1.000000000000000000e+00
 1.000000000000000000e+00
 1.000000000000000000e+00
 1.000000000000000000e+00
 1.000000000000000000e+00
 1.000000000000000000e+00
 1.000000000000000000e+00
 1.000000000000000000e+00
 1.000000000000000000e+00
 1.000000000000000000e+00
 1.000000000000000000e+00
 1.000000000000000000e+00
 1.000000000000000000e+00
 1.000000000000000000e+00
 1.000000000000000000e+00
 1.000000000000000000e+00
 1.000000000000000000e+00
 1.000000000000000000e+00
 1.000000000000000000e+00
 1.000000000000000000e+00
 1.000000000000000000e+00
 1.000000000000000000e+00
 1.000000000000000000e+00
 1.000000000000000000e+00
 1.000000000000000000e+00
 1.000000000000000000e+00
 1.000000000000000000e+00
 1.000000000000000000e+00
 1.000000000000000000e+00
 1.000000000000000000e+00
 1.000000000000000000e+00
 1.000000000000000000e+00
 1.000000000000000000e+00
 1.000000000000000000e+00
 1.000000000000000000e+00
 1.000000000000000000e+00
 1.000000000000000000e+00
 1.000000000000000000e+00
 1.000000000000000000e+00
 1.000000000000000000e+00
 1.000000000000000000e+00
 1.000000000000000000e+00
 1.000000000000000000e+00
 1.000000000000000000e+00
 1.000000000000000000e+00
 1.000000000000000000e+00
 1.000000000000000000e+00
 1.000000000000000000e+00
 1.000000000000000000e+00
 1.000000000000000000e+00
 1.000000000000000000e+00
 1.000000000000000000e+00
 1.000000000000000000e+00
 1.000000000000000000e+00
 1.000000000000000000e+00
 1.000000000000000000e+00
 1.000000000000000000e+00
 1.000000000000000000e+00
 1.000000000000000000e+00
 1.000000000000000000e+00
 1.000000000000000000e+00
 1.000000000000000000e+00
 1.000000000000000000e+00
 1.000000000000000000e+00
 1.000000000000000000e+00
 1.000000000000000000e+00
 1.000000000000000000e+00
 1.000000000000000000e+00
 1.000000000000000000e+00
 1.000000000000000000e+00
 1.000000000000000000e+00
 1.000000000000000000e+00
 1.000000000000000000e+00
 1.000000000000000000e+00
 1.000000000000000000e+00
 1.000000000000000000e+00
 1.000000000000000000e+00
 1.000000000000000000e+00
 1.000000000000000000e+00
 1.000000000000000000e+00
 1.000000000000000000e+00
 1.000000000000000000e+00
 1.000000000000000000e+00
 1.000000000000000000e+00
 1.000000000000000000e+00
 1.000000000000000000e+00
 1.000000000000000000e+00
 1.000000000000000000e+00
 1.000000000000000000e+00
 1.000000000000000000e+00
 1.000000000000000000e+00
 1.000000000000000000e+00
 1.000000000000000000e+00
 1.000000000000000000e+00
 1.000000000000000000e+00
 1.000000000000000000e+00
 1.000000000000000000e+00
 1.000000000000000000e+00
 1.000000000000000000e+00
 1.000000000000000000e+00
 1.000000000000000000e+00
 1.000000000000000000e+00
 1.000000000000000000e+00
 1.000000000000000000e+00
 1.000000000000000000e+00
 1.000000000000000000e+00
 1.000000000000000000e+00
 1.000000000000000000e+00
 1.000000000000000000e+00
 1.000000000000000000e+00
 1.000000000000000000e+00
 1.000000000000000000e+00
 1.000000000000000000e+00
 1.000000000000000000e+00
 1.000000000000000000e+00
 1.000000000000000000e+00
 1.000000000000000000e+00
 1.000000000000000000e+00
 1.000000000000000000e+00
 1.000000000000000000e+00
 1.000000000000000000e+00
 1.000000000000000000e+00
 1.000000000000000000e+00
 1.000000000000000000e+00
 1.000000000000000000e+00
 1.000000000000000000e+00
 1.000000000000000000e+00
 1.000000000000000000e+00
 1.000000000000000000e+00
 1.000000000000000000e+00
 1.000000000000000000e+00
 1.000000000000000000e+00
 1.000000000000000000e+00
 1.000000000000000000e+00
 1.000000000000000000e+00
 1.000000000000000000e+00
 1.000000000000000000e+00
 1.000000000000000000e+00
 1.000000000000000000e+00
 1.000000000000000000e+00
 1.000000000000000000e+00
 1.000000000000000000e+00
 1.000000000000000000e+00
 1.000000000000000000e+00
 1.000000000000000000e+00
 1.000000000000000000e+00
 1.000000000000000000e+00
 1.000000000000000000e+00
 1.000000000000000000e+00
 1.000000000000000000e+00
 1.000000000000000000e+00
 1.000000000000000000e+00
 1.000000000000000000e+00
 1.000000000000000000e+00
 1.000000000000000000e+00
 1.000000000000000000e+00
 1.000000000000000000e+00
 1.000000000000000000e+00
 1.000000000000000000e+00
 1.000000000000000000e+00
 1.000000000000000000e+00
 1.000000000000000000e+00
 1.000000000000000000e+00
 1.000000000000000000e+00
 1.000000000000000000e+00
 1.000000000000000000e+00
 1.000000000000000000e+00
 1.000000000000000000e+00
 1.000000000000000000e+00
 1.000000000000000000e+00
 1.000000000000000000e+00
 1.000000000000000000e+00
 1.000000000000000000e+00
 1.000000000000000000e+00
 1.000000000000000000e+00
 1.000000000000000000e+00
 1.000000000000000000e+00
 1.000000000000000000e+00
 1.000000000000000000e+00
 1.000000000000000000e+00
 1.000000000000000000e+00
 1.000000000000000000e+00
 1.000000000000000000e+00
 1.000000000000000000e+00
 1.000000000000000000e+00
 1.000000000000000000e+00
 1.000000000000000000e+00
 1.000000000000000000e+00
 1.000000000000000000e+00
 1.000000000000000000e+00
 1.000000000000000000e+00
 1.000000000000000000e+00
 1.000000000000000000e+00
 1.000000000000000000e+00
 1.000000000000000000e+00
 1.000000000000000000e+00
 1.000000000000000000e+00
 1.000000000000000000e+00
 1.000000000000000000e+00
 1.000000000000000000e+00
 1.000000000000000000e+00
 1.000000000000000000e+00
 1.000000000000000000e+00
 1.000000000000000000e+00
 1.000000000000000000e+00
 1.000000000000000000e+00
 </DataArray>
 <DataArray Name="massf[1]-N2" type="Float32" NumberOfComponents="1" format="ascii">
 0.000000000000000000e+00
 0.000000000000000000e+00
 0.000000000000000000e+00
 0.000000000000000000e+00
 0.000000000000000000e+00
 0.000000000000000000e+00
 0.000000000000000000e+00
 0.000000000000000000e+00
 0.000000000000000000e+00
 0.000000000000000000e+00
 0.000000000000000000e+00
 0.000000000000000000e+00
 0.000000000000000000e+00
 0.000000000000000000e+00
 0.000000000000000000e+00
 0.000000000000000000e+00
 0.000000000000000000e+00
 0.000000000000000000e+00
 0.000000000000000000e+00
 0.000000000000000000e+00
 0.000000000000000000e+00
 0.000000000000000000e+00
 0.000000000000000000e+00
 0.000000000000000000e+00
 0.000000000000000000e+00
 0.000000000000000000e+00
 0.000000000000000000e+00
 0.000000000000000000e+00
 0.000000000000000000e+00
 0.000000000000000000e+00
 0.000000000000000000e+00
 0.000000000000000000e+00
 0.000000000000000000e+00
 0.000000000000000000e+00
 0.000000000000000000e+00
 0.000000000000000000e+00
 0.000000000000000000e+00
 0.000000000000000000e+00
 0.000000000000000000e+00
 0.000000000000000000e+00
 0.000000000000000000e+00
 0.000000000000000000e+00
 0.000000000000000000e+00
 0.000000000000000000e+00
 0.000000000000000000e+00
 0.000000000000000000e+00
 0.000000000000000000e+00
 0.000000000000000000e+00
 0.000000000000000000e+00
 0.000000000000000000e+00
 0.000000000000000000e+00
 0.000000000000000000e+00
 0.000000000000000000e+00
 0.000000000000000000e+00
 0.000000000000000000e+00
 0.000000000000000000e+00
 0.000000000000000000e+00
 0.000000000000000000e+00
 0.000000000000000000e+00
 0.000000000000000000e+00
 0.000000000000000000e+00
 0.000000000000000000e+00
 0.000000000000000000e+00
 0.000000000000000000e+00
 0.000000000000000000e+00
 0.000000000000000000e+00
 0.000000000000000000e+00
 0.000000000000000000e+00
 0.000000000000000000e+00
 0.000000000000000000e+00
 0.000000000000000000e+00
 0.000000000000000000e+00
 0.000000000000000000e+00
 0.000000000000000000e+00
 0.000000000000000000e+00
 0.000000000000000000e+00
 0.000000000000000000e+00
 0.000000000000000000e+00
 0.000000000000000000e+00
 0.000000000000000000e+00
 0.000000000000000000e+00
 0.000000000000000000e+00
 0.000000000000000000e+00
 0.000000000000000000e+00
 0.000000000000000000e+00
 0.000000000000000000e+00
 0.000000000000000000e+00
 0.000000000000000000e+00
 0.000000000000000000e+00
 0.000000000000000000e+00
 0.000000000000000000e+00
 0.000000000000000000e+00
 0.000000000000000000e+00
 0.000000000000000000e+00
 0.000000000000000000e+00
 0.000000000000000000e+00
 0.000000000000000000e+00
 0.000000000000000000e+00
 0.000000000000000000e+00
 0.000000000000000000e+00
 0.000000000000000000e+00
 0.000000000000000000e+00
 0.000000000000000000e+00
 0.000000000000000000e+00
 0.000000000000000000e+00
 0.000000000000000000e+00
 0.000000000000000000e+00
 0.000000000000000000e+00
 0.000000000000000000e+00
 0.000000000000000000e+00
 0.000000000000000000e+00
 0.000000000000000000e+00
 0.000000000000000000e+00
 0.000000000000000000e+00
 0.000000000000000000e+00
 0.000000000000000000e+00
 0.000000000000000000e+00
 0.000000000000000000e+00
 0.000000000000000000e+00
 0.000000000000000000e+00
 0.000000000000000000e+00
 0.000000000000000000e+00
 0.000000000000000000e+00
 0.000000000000000000e+00
 0.000000000000000000e+00
 0.000000000000000000e+00
 0.000000000000000000e+00
 0.000000000000000000e+00
 0.000000000000000000e+00
 0.000000000000000000e+00
 0.000000000000000000e+00
 0.000000000000000000e+00
 0.000000000000000000e+00
 0.000000000000000000e+00
 0.000000000000000000e+00
 0.000000000000000000e+00
 0.000000000000000000e+00
 0.000000000000000000e+00
 0.000000000000000000e+00
 0.000000000000000000e+00
 0.000000000000000000e+00
 0.000000000000000000e+00
 0.000000000000000000e+00
 0.000000000000000000e+00
 0.000000000000000000e+00
 0.000000000000000000e+00
 0.000000000000000000e+00
 0.000000000000000000e+00
 0.000000000000000000e+00
 0.000000000000000000e+00
 0.000000000000000000e+00
 0.000000000000000000e+00
 0.000000000000000000e+00
 0.000000000000000000e+00
 0.000000000000000000e+00
 0.000000000000000000e+00
 0.000000000000000000e+00
 0.000000000000000000e+00
 0.000000000000000000e+00
 0.000000000000000000e+00
 0.000000000000000000e+00
 0.000000000000000000e+00
 0.000000000000000000e+00
 0.000000000000000000e+00
 0.000000000000000000e+00
 0.000000000000000000e+00
 0.000000000000000000e+00
 0.000000000000000000e+00
 0.000000000000000000e+00
 0.000000000000000000e+00
 0.000000000000000000e+00
 0.000000000000000000e+00
 0.000000000000000000e+00
 0.000000000000000000e+00
 0.000000000000000000e+00
 0.000000000000000000e+00
 0.000000000000000000e+00
 0.000000000000000000e+00
 0.000000000000000000e+00
 0.000000000000000000e+00
 0.000000000000000000e+00
 0.000000000000000000e+00
 0.000000000000000000e+00
 0.000000000000000000e+00
 0.000000000000000000e+00
 0.000000000000000000e+00
 0.000000000000000000e+00
 0.000000000000000000e+00
 0.000000000000000000e+00
 0.000000000000000000e+00
 0.000000000000000000e+00
 0.000000000000000000e+00
 0.000000000000000000e+00
 0.000000000000000000e+00
 0.000000000000000000e+00
 0.000000000000000000e+00
 0.000000000000000000e+00
 0.000000000000000000e+00
 0.000000000000000000e+00
 0.000000000000000000e+00
 0.000000000000000000e+00
 0.000000000000000000e+00
 0.000000000000000000e+00
 0.000000000000000000e+00
 0.000000000000000000e+00
 0.000000000000000000e+00
 0.000000000000000000e+00
 0.000000000000000000e+00
 0.000000000000000000e+00
 0.000000000000000000e+00
 0.000000000000000000e+00
 0.000000000000000000e+00
 0.000000000000000000e+00
 0.000000000000000000e+00
 0.000000000000000000e+00
 0.000000000000000000e+00
 0.000000000000000000e+00
 0.000000000000000000e+00
 0.000000000000000000e+00
 0.000000000000000000e+00
 0.000000000000000000e+00
 0.000000000000000000e+00
 0.000000000000000000e+00
 0.000000000000000000e+00
 0.000000000000000000e+00
 0.000000000000000000e+00
 0.000000000000000000e+00
 0.000000000000000000e+00
 0.000000000000000000e+00
 0.000000000000000000e+00
 0.000000000000000000e+00
 0.000000000000000000e+00
 0.000000000000000000e+00
 0.000000000000000000e+00
 0.000000000000000000e+00
 0.000000000000000000e+00
 0.000000000000000000e+00
 0.000000000000000000e+00
 0.000000000000000000e+00
 0.000000000000000000e+00
 0.000000000000000000e+00
 0.000000000000000000e+00
 0.000000000000000000e+00
 0.000000000000000000e+00
 0.000000000000000000e+00
 0.000000000000000000e+00
 0.000000000000000000e+00
 0.000000000000000000e+00
 0.000000000000000000e+00
 0.000000000000000000e+00
 0.000000000000000000e+00
 0.000000000000000000e+00
 0.000000000000000000e+00
 0.000000000000000000e+00
 0.000000000000000000e+00
 0.000000000000000000e+00
 0.000000000000000000e+00
 0.000000000000000000e+00
 0.000000000000000000e+00
 0.000000000000000000e+00
 0.000000000000000000e+00
 0.000000000000000000e+00
 0.000000000000000000e+00
 0.000000000000000000e+00
 0.000000000000000000e+00
 0.000000000000000000e+00
 0.000000000000000000e+00
 0.000000000000000000e+00
 0.000000000000000000e+00
 0.000000000000000000e+00
 0.000000000000000000e+00
 0.000000000000000000e+00
 0.000000000000000000e+00
 0.000000000000000000e+00
 0.000000000000000000e+00
 0.000000000000000000e+00
 0.000000000000000000e+00
 0.000000000000000000e+00
 0.000000000000000000e+00
 0.000000000000000000e+00
 0.000000000000000000e+00
 0.000000000000000000e+00
 0.000000000000000000e+00
 0.000000000000000000e+00
 0.000000000000000000e+00
 0.000000000000000000e+00
 0.000000000000000000e+00
 0.000000000000000000e+00
 0.000000000000000000e+00
 0.000000000000000000e+00
 0.000000000000000000e+00
 0.000000000000000000e+00
 0.000000000000000000e+00
 0.000000000000000000e+00
 0.000000000000000000e+00
 0.000000000000000000e+00
 0.000000000000000000e+00
 0.000000000000000000e+00
 0.000000000000000000e+00
 0.000000000000000000e+00
 0.000000000000000000e+00
 0.000000000000000000e+00
 0.000000000000000000e+00
 0.000000000000000000e+00
 0.000000000000000000e+00
 0.000000000000000000e+00
 0.000000000000000000e+00
 0.000000000000000000e+00
 0.000000000000000000e+00
 0.000000000000000000e+00
 0.000000000000000000e+00
 0.000000000000000000e+00
 0.000000000000000000e+00
 0.000000000000000000e+00
 0.000000000000000000e+00
 0.000000000000000000e+00
 0.000000000000000000e+00
 0.000000000000000000e+00
 0.000000000000000000e+00
 0.000000000000000000e+00
 0.000000000000000000e+00
 0.000000000000000000e+00
 0.000000000000000000e+00
 0.000000000000000000e+00
 0.000000000000000000e+00
 0.000000000000000000e+00
 0.000000000000000000e+00
 0.000000000000000000e+00
 0.000000000000000000e+00
 0.000000000000000000e+00
 0.000000000000000000e+00
 0.000000000000000000e+00
 0.000000000000000000e+00
 0.000000000000000000e+00
 0.000000000000000000e+00
 0.000000000000000000e+00
 0.000000000000000000e+00
 0.000000000000000000e+00
 0.000000000000000000e+00
 0.000000000000000000e+00
 0.000000000000000000e+00
 0.000000000000000000e+00
 0.000000000000000000e+00
 0.000000000000000000e+00
 0.000000000000000000e+00
 0.000000000000000000e+00
 0.000000000000000000e+00
 0.000000000000000000e+00
 0.000000000000000000e+00
 0.000000000000000000e+00
 0.000000000000000000e+00
 0.000000000000000000e+00
 0.000000000000000000e+00
 0.000000000000000000e+00
 0.000000000000000000e+00
 0.000000000000000000e+00
 0.000000000000000000e+00
 0.000000000000000000e+00
 0.000000000000000000e+00
 0.000000000000000000e+00
 0.000000000000000000e+00
 0.000000000000000000e+00
 0.000000000000000000e+00
 0.000000000000000000e+00
 0.000000000000000000e+00
 0.000000000000000000e+00
 0.000000000000000000e+00
 0.000000000000000000e+00
 0.000000000000000000e+00
 0.000000000000000000e+00
 0.000000000000000000e+00
 0.000000000000000000e+00
 0.000000000000000000e+00
 0.000000000000000000e+00
 0.000000000000000000e+00
 0.000000000000000000e+00
 0.000000000000000000e+00
 0.000000000000000000e+00
 0.000000000000000000e+00
 0.000000000000000000e+00
 0.000000000000000000e+00
 0.000000000000000000e+00
 0.000000000000000000e+00
 0.000000000000000000e+00
 0.000000000000000000e+00
 0.000000000000000000e+00
 0.000000000000000000e+00
 0.000000000000000000e+00
 0.000000000000000000e+00
 0.000000000000000000e+00
 0.000000000000000000e+00
 0.000000000000000000e+00
 0.000000000000000000e+00
 0.000000000000000000e+00
 0.000000000000000000e+00
 0.000000000000000000e+00
 0.000000000000000000e+00
 0.000000000000000000e+00
 0.000000000000000000e+00
 0.000000000000000000e+00
 0.000000000000000000e+00
 0.000000000000000000e+00
 0.000000000000000000e+00
 0.000000000000000000e+00
 0.000000000000000000e+00
 0.000000000000000000e+00
 0.000000000000000000e+00
 0.000000000000000000e+00
 0.000000000000000000e+00
 0.000000000000000000e+00
 0.000000000000000000e+00
 0.000000000000000000e+00
 0.000000000000000000e+00
 0.000000000000000000e+00
 0.000000000000000000e+00
 0.000000000000000000e+00
 0.000000000000000000e+00
 0.000000000000000000e+00
 0.000000000000000000e+00
 0.000000000000000000e+00
 0.000000000000000000e+00
 0.000000000000000000e+00
 0.000000000000000000e+00
 0.000000000000000000e+00
 0.000000000000000000e+00
 0.000000000000000000e+00
 0.000000000000000000e+00
 0.000000000000000000e+00
 0.000000000000000000e+00
 0.000000000000000000e+00
 0.000000000000000000e+00
 0.000000000000000000e+00
 0.000000000000000000e+00
 0.000000000000000000e+00
 0.000000000000000000e+00
 0.000000000000000000e+00
 0.000000000000000000e+00
 0.000000000000000000e+00
 0.000000000000000000e+00
 0.000000000000000000e+00
 0.000000000000000000e+00
 0.000000000000000000e+00
 0.000000000000000000e+00
 0.000000000000000000e+00
 0.000000000000000000e+00
 0.000000000000000000e+00
 0.000000000000000000e+00
 0.000000000000000000e+00
 0.000000000000000000e+00
 0.000000000000000000e+00
 0.000000000000000000e+00
 0.000000000000000000e+00
 0.000000000000000000e+00
 0.000000000000000000e+00
 0.000000000000000000e+00
 0.000000000000000000e+00
 0.000000000000000000e+00
 0.000000000000000000e+00
 0.000000000000000000e+00
 0.000000000000000000e+00
 0.000000000000000000e+00
 0.000000000000000000e+00
 0.000000000000000000e+00
 0.000000000000000000e+00
 0.000000000000000000e+00
 0.000000000000000000e+00
 0.000000000000000000e+00
 0.000000000000000000e+00
 0.000000000000000000e+00
 0.000000000000000000e+00
 0.000000000000000000e+00
 0.000000000000000000e+00
 0.000000000000000000e+00
 0.000000000000000000e+00
 0.000000000000000000e+00
 0.000000000000000000e+00
 0.000000000000000000e+00
 0.000000000000000000e+00
 0.000000000000000000e+00
 0.000000000000000000e+00
 0.000000000000000000e+00
 0.000000000000000000e+00
 0.000000000000000000e+00
 0.000000000000000000e+00
 0.000000000000000000e+00
 0.000000000000000000e+00
 0.000000000000000000e+00
 0.000000000000000000e+00
 0.000000000000000000e+00
 0.000000000000000000e+00
 0.000000000000000000e+00
 0.000000000000000000e+00
 0.000000000000000000e+00
 0.000000000000000000e+00
 0.000000000000000000e+00
 0.000000000000000000e+00
 0.000000000000000000e+00
 0.000000000000000000e+00
 0.000000000000000000e+00
 0.000000000000000000e+00
 </DataArray>
 <DataArray Name="massf[2]-O2" type="Float32" NumberOfComponents="1" format="ascii">
 0.000000000000000000e+00
 0.000000000000000000e+00
 0.000000000000000000e+00
 0.000000000000000000e+00
 0.000000000000000000e+00
 0.000000000000000000e+00
 0.000000000000000000e+00
 0.000000000000000000e+00
 0.000000000000000000e+00
 0.000000000000000000e+00
 0.000000000000000000e+00
 0.000000000000000000e+00
 0.000000000000000000e+00
 0.000000000000000000e+00
 0.000000000000000000e+00
 0.000000000000000000e+00
 0.000000000000000000e+00
 0.000000000000000000e+00
 0.000000000000000000e+00
 0.000000000000000000e+00
 0.000000000000000000e+00
 0.000000000000000000e+00
 0.000000000000000000e+00
 0.000000000000000000e+00
 0.000000000000000000e+00
 0.000000000000000000e+00
 0.000000000000000000e+00
 0.000000000000000000e+00
 0.000000000000000000e+00
 0.000000000000000000e+00
 0.000000000000000000e+00
 0.000000000000000000e+00
 0.000000000000000000e+00
 0.000000000000000000e+00
 0.000000000000000000e+00
 0.000000000000000000e+00
 0.000000000000000000e+00
 0.000000000000000000e+00
 0.000000000000000000e+00
 0.000000000000000000e+00
 0.000000000000000000e+00
 0.000000000000000000e+00
 0.000000000000000000e+00
 0.000000000000000000e+00
 0.000000000000000000e+00
 0.000000000000000000e+00
 0.000000000000000000e+00
 0.000000000000000000e+00
 0.000000000000000000e+00
 0.000000000000000000e+00
 0.000000000000000000e+00
 0.000000000000000000e+00
 0.000000000000000000e+00
 0.000000000000000000e+00
 0.000000000000000000e+00
 0.000000000000000000e+00
 0.000000000000000000e+00
 0.000000000000000000e+00
 0.000000000000000000e+00
 0.000000000000000000e+00
 0.000000000000000000e+00
 0.000000000000000000e+00
 0.000000000000000000e+00
 0.000000000000000000e+00
 0.000000000000000000e+00
 0.000000000000000000e+00
 0.000000000000000000e+00
 0.000000000000000000e+00
 0.000000000000000000e+00
 0.000000000000000000e+00
 0.000000000000000000e+00
 0.000000000000000000e+00
 0.000000000000000000e+00
 0.000000000000000000e+00
 0.000000000000000000e+00
 0.000000000000000000e+00
 0.000000000000000000e+00
 0.000000000000000000e+00
 0.000000000000000000e+00
 0.000000000000000000e+00
 0.000000000000000000e+00
 0.000000000000000000e+00
 0.000000000000000000e+00
 0.000000000000000000e+00
 0.000000000000000000e+00
 0.000000000000000000e+00
 0.000000000000000000e+00
 0.000000000000000000e+00
 0.000000000000000000e+00
 0.000000000000000000e+00
 0.000000000000000000e+00
 0.000000000000000000e+00
 0.000000000000000000e+00
 0.000000000000000000e+00
 0.000000000000000000e+00
 0.000000000000000000e+00
 0.000000000000000000e+00
 0.000000000000000000e+00
 0.000000000000000000e+00
 0.000000000000000000e+00
 0.000000000000000000e+00
 0.000000000000000000e+00
 0.000000000000000000e+00
 0.000000000000000000e+00
 0.000000000000000000e+00
 0.000000000000000000e+00
 0.000000000000000000e+00
 0.000000000000000000e+00
 0.000000000000000000e+00
 0.000000000000000000e+00
 0.000000000000000000e+00
 0.000000000000000000e+00
 0.000000000000000000e+00
 0.000000000000000000e+00
 0.000000000000000000e+00
 0.000000000000000000e+00
 0.000000000000000000e+00
 0.000000000000000000e+00
 0.000000000000000000e+00
 0.000000000000000000e+00
 0.000000000000000000e+00
 0.000000000000000000e+00
 0.000000000000000000e+00
 0.000000000000000000e+00
 0.000000000000000000e+00
 0.000000000000000000e+00
 0.000000000000000000e+00
 0.000000000000000000e+00
 0.000000000000000000e+00
 0.000000000000000000e+00
 0.000000000000000000e+00
 0.000000000000000000e+00
 0.000000000000000000e+00
 0.000000000000000000e+00
 0.000000000000000000e+00
 0.000000000000000000e+00
 0.000000000000000000e+00
 0.000000000000000000e+00
 0.000000000000000000e+00
 0.000000000000000000e+00
 0.000000000000000000e+00
 0.000000000000000000e+00
 0.000000000000000000e+00
 0.000000000000000000e+00
 0.000000000000000000e+00
 0.000000000000000000e+00
 0.000000000000000000e+00
 0.000000000000000000e+00
 0.000000000000000000e+00
 0.000000000000000000e+00
 0.000000000000000000e+00
 0.000000000000000000e+00
 0.000000000000000000e+00
 0.000000000000000000e+00
 0.000000000000000000e+00
 0.000000000000000000e+00
 0.000000000000000000e+00
 0.000000000000000000e+00
 0.000000000000000000e+00
 0.000000000000000000e+00
 0.000000000000000000e+00
 0.000000000000000000e+00
 0.000000000000000000e+00
 0.000000000000000000e+00
 0.000000000000000000e+00
 0.000000000000000000e+00
 0.000000000000000000e+00
 0.000000000000000000e+00
 0.000000000000000000e+00
 0.000000000000000000e+00
 0.000000000000000000e+00
 0.000000000000000000e+00
 0.000000000000000000e+00
 0.000000000000000000e+00
 0.000000000000000000e+00
 0.000000000000000000e+00
 0.000000000000000000e+00
 0.000000000000000000e+00
 0.000000000000000000e+00
 0.000000000000000000e+00
 0.000000000000000000e+00
 0.000000000000000000e+00
 0.000000000000000000e+00
 0.000000000000000000e+00
 0.000000000000000000e+00
 0.000000000000000000e+00
 0.000000000000000000e+00
 0.000000000000000000e+00
 0.000000000000000000e+00
 0.000000000000000000e+00
 0.000000000000000000e+00
 0.000000000000000000e+00
 0.000000000000000000e+00
 0.000000000000000000e+00
 0.000000000000000000e+00
 0.000000000000000000e+00
 0.000000000000000000e+00
 0.000000000000000000e+00
 0.000000000000000000e+00
 0.000000000000000000e+00
 0.000000000000000000e+00
 0.000000000000000000e+00
 0.000000000000000000e+00
 0.000000000000000000e+00
 0.000000000000000000e+00
 0.000000000000000000e+00
 0.000000000000000000e+00
 0.000000000000000000e+00
 0.000000000000000000e+00
 0.000000000000000000e+00
 0.000000000000000000e+00
 0.000000000000000000e+00
 0.000000000000000000e+00
 0.000000000000000000e+00
 0.000000000000000000e+00
 0.000000000000000000e+00
 0.000000000000000000e+00
 0.000000000000000000e+00
 0.000000000000000000e+00
 0.000000000000000000e+00
 0.000000000000000000e+00
 0.000000000000000000e+00
 0.000000000000000000e+00
 0.000000000000000000e+00
 0.000000000000000000e+00
 0.000000000000000000e+00
 0.000000000000000000e+00
 0.000000000000000000e+00
 0.000000000000000000e+00
 0.000000000000000000e+00
 0.000000000000000000e+00
 0.000000000000000000e+00
 0.000000000000000000e+00
 0.000000000000000000e+00
 0.000000000000000000e+00
 0.000000000000000000e+00
 0.000000000000000000e+00
 0.000000000000000000e+00
 0.000000000000000000e+00
 0.000000000000000000e+00
 0.000000000000000000e+00
 0.000000000000000000e+00
 0.000000000000000000e+00
 0.000000000000000000e+00
 0.000000000000000000e+00
 0.000000000000000000e+00
 0.000000000000000000e+00
 0.000000000000000000e+00
 0.000000000000000000e+00
 0.000000000000000000e+00
 0.000000000000000000e+00
 0.000000000000000000e+00
 0.000000000000000000e+00
 0.000000000000000000e+00
 0.000000000000000000e+00
 0.000000000000000000e+00
 0.000000000000000000e+00
 0.000000000000000000e+00
 0.000000000000000000e+00
 0.000000000000000000e+00
 0.000000000000000000e+00
 0.000000000000000000e+00
 0.000000000000000000e+00
 0.000000000000000000e+00
 0.000000000000000000e+00
 0.000000000000000000e+00
 0.000000000000000000e+00
 0.000000000000000000e+00
 0.000000000000000000e+00
 0.000000000000000000e+00
 0.000000000000000000e+00
 0.000000000000000000e+00
 0.000000000000000000e+00
 0.000000000000000000e+00
 0.000000000000000000e+00
 0.000000000000000000e+00
 0.000000000000000000e+00
 0.000000000000000000e+00
 0.000000000000000000e+00
 0.000000000000000000e+00
 0.000000000000000000e+00
 0.000000000000000000e+00
 0.000000000000000000e+00
 0.000000000000000000e+00
 0.000000000000000000e+00
 0.000000000000000000e+00
 0.000000000000000000e+00
 0.000000000000000000e+00
 0.000000000000000000e+00
 0.000000000000000000e+00
 0.000000000000000000e+00
 0.000000000000000000e+00
 0.000000000000000000e+00
 0.000000000000000000e+00
 0.000000000000000000e+00
 0.000000000000000000e+00
 0.000000000000000000e+00
 0.000000000000000000e+00
 0.000000000000000000e+00
 0.000000000000000000e+00
 0.000000000000000000e+00
 0.000000000000000000e+00
 0.000000000000000000e+00
 0.000000000000000000e+00
 0.000000000000000000e+00
 0.000000000000000000e+00
 0.000000000000000000e+00
 0.000000000000000000e+00
 0.000000000000000000e+00
 0.000000000000000000e+00
 0.000000000000000000e+00
 0.000000000000000000e+00
 0.000000000000000000e+00
 0.000000000000000000e+00
 0.000000000000000000e+00
 0.000000000000000000e+00
 0.000000000000000000e+00
 0.000000000000000000e+00
 0.000000000000000000e+00
 0.000000000000000000e+00
 0.000000000000000000e+00
 0.000000000000000000e+00
 0.000000000000000000e+00
 0.000000000000000000e+00
 0.000000000000000000e+00
 0.000000000000000000e+00
 0.000000000000000000e+00
 0.000000000000000000e+00
 0.000000000000000000e+00
 0.000000000000000000e+00
 0.000000000000000000e+00
 0.000000000000000000e+00
 0.000000000000000000e+00
 0.000000000000000000e+00
 0.000000000000000000e+00
 0.000000000000000000e+00
 0.000000000000000000e+00
 0.000000000000000000e+00
 0.000000000000000000e+00
 0.000000000000000000e+00
 0.000000000000000000e+00
 0.000000000000000000e+00
 0.000000000000000000e+00
 0.000000000000000000e+00
 0.000000000000000000e+00
 0.000000000000000000e+00
 0.000000000000000000e+00
 0.000000000000000000e+00
 0.000000000000000000e+00
 0.000000000000000000e+00
 0.000000000000000000e+00
 0.000000000000000000e+00
 0.000000000000000000e+00
 0.000000000000000000e+00
 0.000000000000000000e+00
 0.000000000000000000e+00
 0.000000000000000000e+00
 0.000000000000000000e+00
 0.000000000000000000e+00
 0.000000000000000000e+00
 0.000000000000000000e+00
 0.000000000000000000e+00
 0.000000000000000000e+00
 0.000000000000000000e+00
 0.000000000000000000e+00
 0.000000000000000000e+00
 0.000000000000000000e+00
 0.000000000000000000e+00
 0.000000000000000000e+00
 0.000000000000000000e+00
 0.000000000000000000e+00
 0.000000000000000000e+00
 0.000000000000000000e+00
 0.000000000000000000e+00
 0.000000000000000000e+00
 0.000000000000000000e+00
 0.000000000000000000e+00
 0.000000000000000000e+00
 0.000000000000000000e+00
 0.000000000000000000e+00
 0.000000000000000000e+00
 0.000000000000000000e+00
 0.000000000000000000e+00
 0.000000000000000000e+00
 0.000000000000000000e+00
 0.000000000000000000e+00
 0.000000000000000000e+00
 0.000000000000000000e+00
 0.000000000000000000e+00
 0.000000000000000000e+00
 0.000000000000000000e+00
 0.000000000000000000e+00
 0.000000000000000000e+00
 0.000000000000000000e+00
 0.000000000000000000e+00
 0.000000000000000000e+00
 0.000000000000000000e+00
 0.000000000000000000e+00
 0.000000000000000000e+00
 0.000000000000000000e+00
 0.000000000000000000e+00
 0.000000000000000000e+00
 0.000000000000000000e+00
 0.000000000000000000e+00
 0.000000000000000000e+00
 0.000000000000000000e+00
 0.000000000000000000e+00
 0.000000000000000000e+00
 0.000000000000000000e+00
 0.000000000000000000e+00
 0.000000000000000000e+00
 0.000000000000000000e+00
 0.000000000000000000e+00
 0.000000000000000000e+00
 0.000000000000000000e+00
 0.000000000000000000e+00
 0.000000000000000000e+00
 0.000000000000000000e+00
 0.000000000000000000e+00
 0.000000000000000000e+00
 0.000000000000000000e+00
 0.000000000000000000e+00
 0.000000000000000000e+00
 0.000000000000000000e+00
 0.000000000000000000e+00
 0.000000000000000000e+00
 0.000000000000000000e+00
 0.000000000000000000e+00
 0.000000000000000000e+00
 0.000000000000000000e+00
 0.000000000000000000e+00
 0.000000000000000000e+00
 0.000000000000000000e+00
 0.000000000000000000e+00
 0.000000000000000000e+00
 0.000000000000000000e+00
 0.000000000000000000e+00
 0.000000000000000000e+00
 0.000000000000000000e+00
 0.000000000000000000e+00
 0.000000000000000000e+00
 0.000000000000000000e+00
 0.000000000000000000e+00
 0.000000000000000000e+00
 0.000000000000000000e+00
 0.000000000000000000e+00
 0.000000000000000000e+00
 0.000000000000000000e+00
 0.000000000000000000e+00
 0.000000000000000000e+00
 0.000000000000000000e+00
 0.000000000000000000e+00
 0.000000000000000000e+00
 0.000000000000000000e+00
 0.000000000000000000e+00
 0.000000000000000000e+00
 0.000000000000000000e+00
 0.000000000000000000e+00
 0.000000000000000000e+00
 0.000000000000000000e+00
 0.000000000000000000e+00
 0.000000000000000000e+00
 0.000000000000000000e+00
 0.000000000000000000e+00
 0.000000000000000000e+00
 0.000000000000000000e+00
 0.000000000000000000e+00
 0.000000000000000000e+00
 0.000000000000000000e+00
 0.000000000000000000e+00
 0.000000000000000000e+00
 0.000000000000000000e+00
 0.000000000000000000e+00
 0.000000000000000000e+00
 0.000000000000000000e+00
 0.000000000000000000e+00
 0.000000000000000000e+00
 0.000000000000000000e+00
 0.000000000000000000e+00
 0.000000000000000000e+00
 0.000000000000000000e+00
 0.000000000000000000e+00
 0.000000000000000000e+00
 0.000000000000000000e+00
 0.000000000000000000e+00
 0.000000000000000000e+00
 0.000000000000000000e+00
 0.000000000000000000e+00
 0.000000000000000000e+00
 0.000000000000000000e+00
 0.000000000000000000e+00
 0.000000000000000000e+00
 0.000000000000000000e+00
 0.000000000000000000e+00
 0.000000000000000000e+00
 0.000000000000000000e+00
 0.000000000000000000e+00
 0.000000000000000000e+00
 0.000000000000000000e+00
 0.000000000000000000e+00
 </DataArray>
 <DataArray Name="massf[3]-N" type="Float32" NumberOfComponents="1" format="ascii">
 0.000000000000000000e+00
 0.000000000000000000e+00
 0.000000000000000000e+00
 0.000000000000000000e+00
 0.000000000000000000e+00
 0.000000000000000000e+00
 0.000000000000000000e+00
 0.000000000000000000e+00
 0.000000000000000000e+00
 0.000000000000000000e+00
 0.000000000000000000e+00
 0.000000000000000000e+00
 0.000000000000000000e+00
 0.000000000000000000e+00
 0.000000000000000000e+00
 0.000000000000000000e+00
 0.000000000000000000e+00
 0.000000000000000000e+00
 0.000000000000000000e+00
 0.000000000000000000e+00
 0.000000000000000000e+00
 0.000000000000000000e+00
 0.000000000000000000e+00
 0.000000000000000000e+00
 0.000000000000000000e+00
 0.000000000000000000e+00
 0.000000000000000000e+00
 0.000000000000000000e+00
 0.000000000000000000e+00
 0.000000000000000000e+00
 0.000000000000000000e+00
 0.000000000000000000e+00
 0.000000000000000000e+00
 0.000000000000000000e+00
 0.000000000000000000e+00
 0.000000000000000000e+00
 0.000000000000000000e+00
 0.000000000000000000e+00
 0.000000000000000000e+00
 0.000000000000000000e+00
 0.000000000000000000e+00
 0.000000000000000000e+00
 0.000000000000000000e+00
 0.000000000000000000e+00
 0.000000000000000000e+00
 0.000000000000000000e+00
 0.000000000000000000e+00
 0.000000000000000000e+00
 0.000000000000000000e+00
 0.000000000000000000e+00
 0.000000000000000000e+00
 0.000000000000000000e+00
 0.000000000000000000e+00
 0.000000000000000000e+00
 0.000000000000000000e+00
 0.000000000000000000e+00
 0.000000000000000000e+00
 0.000000000000000000e+00
 0.000000000000000000e+00
 0.000000000000000000e+00
 0.000000000000000000e+00
 0.000000000000000000e+00
 0.000000000000000000e+00
 0.000000000000000000e+00
 0.000000000000000000e+00
 0.000000000000000000e+00
 0.000000000000000000e+00
 0.000000000000000000e+00
 0.000000000000000000e+00
 0.000000000000000000e+00
 0.000000000000000000e+00
 0.000000000000000000e+00
 0.000000000000000000e+00
 0.000000000000000000e+00
 0.000000000000000000e+00
 0.000000000000000000e+00
 0.000000000000000000e+00
 0.000000000000000000e+00
 0.000000000000000000e+00
 0.000000000000000000e+00
 0.000000000000000000e+00
 0.000000000000000000e+00
 0.000000000000000000e+00
 0.000000000000000000e+00
 0.000000000000000000e+00
 0.000000000000000000e+00
 0.000000000000000000e+00
 0.000000000000000000e+00
 0.000000000000000000e+00
 0.000000000000000000e+00
 0.000000000000000000e+00
 0.000000000000000000e+00
 0.000000000000000000e+00
 0.000000000000000000e+00
 0.000000000000000000e+00
 0.000000000000000000e+00
 0.000000000000000000e+00
 0.000000000000000000e+00
 0.000000000000000000e+00
 0.000000000000000000e+00
 0.000000000000000000e+00
 0.000000000000000000e+00
 0.000000000000000000e+00
 0.000000000000000000e+00
 0.000000000000000000e+00
 0.000000000000000000e+00
 0.000000000000000000e+00
 0.000000000000000000e+00
 0.000000000000000000e+00
 0.000000000000000000e+00
 0.000000000000000000e+00
 0.000000000000000000e+00
 0.000000000000000000e+00
 0.000000000000000000e+00
 0.000000000000000000e+00
 0.000000000000000000e+00
 0.000000000000000000e+00
 0.000000000000000000e+00
 0.000000000000000000e+00
 0.000000000000000000e+00
 0.000000000000000000e+00
 0.000000000000000000e+00
 0.000000000000000000e+00
 0.000000000000000000e+00
 0.000000000000000000e+00
 0.000000000000000000e+00
 0.000000000000000000e+00
 0.000000000000000000e+00
 0.000000000000000000e+00
 0.000000000000000000e+00
 0.000000000000000000e+00
 0.000000000000000000e+00
 0.000000000000000000e+00
 0.000000000000000000e+00
 0.000000000000000000e+00
 0.000000000000000000e+00
 0.000000000000000000e+00
 0.000000000000000000e+00
 0.000000000000000000e+00
 0.000000000000000000e+00
 0.000000000000000000e+00
 0.000000000000000000e+00
 0.000000000000000000e+00
 0.000000000000000000e+00
 0.000000000000000000e+00
 0.000000000000000000e+00
 0.000000000000000000e+00
 0.000000000000000000e+00
 0.000000000000000000e+00
 0.000000000000000000e+00
 0.000000000000000000e+00
 0.000000000000000000e+00
 0.000000000000000000e+00
 0.000000000000000000e+00
 0.000000000000000000e+00
 0.000000000000000000e+00
 0.000000000000000000e+00
 0.000000000000000000e+00
 0.000000000000000000e+00
 0.000000000000000000e+00
 0.000000000000000000e+00
 0.000000000000000000e+00
 0.000000000000000000e+00
 0.000000000000000000e+00
 0.000000000000000000e+00
 0.000000000000000000e+00
 0.000000000000000000e+00
 0.000000000000000000e+00
 0.000000000000000000e+00
 0.000000000000000000e+00
 0.000000000000000000e+00
 0.000000000000000000e+00
 0.000000000000000000e+00
 0.000000000000000000e+00
 0.000000000000000000e+00
 0.000000000000000000e+00
 0.000000000000000000e+00
 0.000000000000000000e+00
 0.000000000000000000e+00
 0.000000000000000000e+00
 0.000000000000000000e+00
 0.000000000000000000e+00
 0.000000000000000000e+00
 0.000000000000000000e+00
 0.000000000000000000e+00
 0.000000000000000000e+00
 0.000000000000000000e+00
 0.000000000000000000e+00
 0.000000000000000000e+00
 0.000000000000000000e+00
 0.000000000000000000e+00
 0.000000000000000000e+00
 0.000000000000000000e+00
 0.000000000000000000e+00
 0.000000000000000000e+00
 0.000000000000000000e+00
 0.000000000000000000e+00
 0.000000000000000000e+00
 0.000000000000000000e+00
 0.000000000000000000e+00
 0.000000000000000000e+00
 0.000000000000000000e+00
 0.000000000000000000e+00
 0.000000000000000000e+00
 0.000000000000000000e+00
 0.000000000000000000e+00
 0.000000000000000000e+00
 0.000000000000000000e+00
 0.000000000000000000e+00
 0.000000000000000000e+00
 0.000000000000000000e+00
 0.000000000000000000e+00
 0.000000000000000000e+00
 0.000000000000000000e+00
 0.000000000000000000e+00
 0.000000000000000000e+00
 0.000000000000000000e+00
 0.000000000000000000e+00
 0.000000000000000000e+00
 0.000000000000000000e+00
 0.000000000000000000e+00
 0.000000000000000000e+00
 0.000000000000000000e+00
 0.000000000000000000e+00
 0.000000000000000000e+00
 0.000000000000000000e+00
 0.000000000000000000e+00
 0.000000000000000000e+00
 0.000000000000000000e+00
 0.000000000000000000e+00
 0.000000000000000000e+00
 0.000000000000000000e+00
 0.000000000000000000e+00
 0.000000000000000000e+00
 0.000000000000000000e+00
 0.000000000000000000e+00
 0.000000000000000000e+00
 0.000000000000000000e+00
 0.000000000000000000e+00
 0.000000000000000000e+00
 0.000000000000000000e+00
 0.000000000000000000e+00
 0.000000000000000000e+00
 0.000000000000000000e+00
 0.000000000000000000e+00
 0.000000000000000000e+00
 0.000000000000000000e+00
 0.000000000000000000e+00
 0.000000000000000000e+00
 0.000000000000000000e+00
 0.000000000000000000e+00
 0.000000000000000000e+00
 0.000000000000000000e+00
 0.000000000000000000e+00
 0.000000000000000000e+00
 0.000000000000000000e+00
 0.000000000000000000e+00
 0.000000000000000000e+00
 0.000000000000000000e+00
 0.000000000000000000e+00
 0.000000000000000000e+00
 0.000000000000000000e+00
 0.000000000000000000e+00
 0.000000000000000000e+00
 0.000000000000000000e+00
 0.000000000000000000e+00
 0.000000000000000000e+00
 0.000000000000000000e+00
 0.000000000000000000e+00
 0.000000000000000000e+00
 0.000000000000000000e+00
 0.000000000000000000e+00
 0.000000000000000000e+00
 0.000000000000000000e+00
 0.000000000000000000e+00
 0.000000000000000000e+00
 0.000000000000000000e+00
 0.000000000000000000e+00
 0.000000000000000000e+00
 0.000000000000000000e+00
 0.000000000000000000e+00
 0.000000000000000000e+00
 0.000000000000000000e+00
 0.000000000000000000e+00
 0.000000000000000000e+00
 0.000000000000000000e+00
 0.000000000000000000e+00
 0.000000000000000000e+00
 0.000000000000000000e+00
 0.000000000000000000e+00
 0.000000000000000000e+00
 0.000000000000000000e+00
 0.000000000000000000e+00
 0.000000000000000000e+00
 0.000000000000000000e+00
 0.000000000000000000e+00
 0.000000000000000000e+00
 0.000000000000000000e+00
 0.000000000000000000e+00
 0.000000000000000000e+00
 0.000000000000000000e+00
 0.000000000000000000e+00
 0.000000000000000000e+00
 0.000000000000000000e+00
 0.000000000000000000e+00
 0.000000000000000000e+00
 0.000000000000000000e+00
 0.000000000000000000e+00
 0.000000000000000000e+00
 0.000000000000000000e+00
 0.000000000000000000e+00
 0.000000000000000000e+00
 0.000000000000000000e+00
 0.000000000000000000e+00
 0.000000000000000000e+00
 0.000000000000000000e+00
 0.000000000000000000e+00
 0.000000000000000000e+00
 0.000000000000000000e+00
 0.000000000000000000e+00
 0.000000000000000000e+00
 0.000000000000000000e+00
 0.000000000000000000e+00
 0.000000000000000000e+00
 0.000000000000000000e+00
 0.000000000000000000e+00
 0.000000000000000000e+00
 0.000000000000000000e+00
 0.000000000000000000e+00
 0.000000000000000000e+00
 0.000000000000000000e+00
 0.000000000000000000e+00
 0.000000000000000000e+00
 0.000000000000000000e+00
 0.000000000000000000e+00
 0.000000000000000000e+00
 0.000000000000000000e+00
 0.000000000000000000e+00
 0.000000000000000000e+00
 0.000000000000000000e+00
 0.000000000000000000e+00
 0.000000000000000000e+00
 0.000000000000000000e+00
 0.000000000000000000e+00
 0.000000000000000000e+00
 0.000000000000000000e+00
 0.000000000000000000e+00
 0.000000000000000000e+00
 0.000000000000000000e+00
 0.000000000000000000e+00
 0.000000000000000000e+00
 0.000000000000000000e+00
 0.000000000000000000e+00
 0.000000000000000000e+00
 0.000000000000000000e+00
 0.000000000000000000e+00
 0.000000000000000000e+00
 0.000000000000000000e+00
 0.000000000000000000e+00
 0.000000000000000000e+00
 0.000000000000000000e+00
 0.000000000000000000e+00
 0.000000000000000000e+00
 0.000000000000000000e+00
 0.000000000000000000e+00
 0.000000000000000000e+00
 0.000000000000000000e+00
 0.000000000000000000e+00
 0.000000000000000000e+00
 0.000000000000000000e+00
 0.000000000000000000e+00
 0.000000000000000000e+00
 0.000000000000000000e+00
 0.000000000000000000e+00
 0.000000000000000000e+00
 0.000000000000000000e+00
 0.000000000000000000e+00
 0.000000000000000000e+00
 0.000000000000000000e+00
 0.000000000000000000e+00
 0.000000000000000000e+00
 0.000000000000000000e+00
 0.000000000000000000e+00
 0.000000000000000000e+00
 0.000000000000000000e+00
 0.000000000000000000e+00
 0.000000000000000000e+00
 0.000000000000000000e+00
 0.000000000000000000e+00
 0.000000000000000000e+00
 0.000000000000000000e+00
 0.000000000000000000e+00
 0.000000000000000000e+00
 0.000000000000000000e+00
 0.000000000000000000e+00
 0.000000000000000000e+00
 0.000000000000000000e+00
 0.000000000000000000e+00
 0.000000000000000000e+00
 0.000000000000000000e+00
 0.000000000000000000e+00
 0.000000000000000000e+00
 0.000000000000000000e+00
 0.000000000000000000e+00
 0.000000000000000000e+00
 0.000000000000000000e+00
 0.000000000000000000e+00
 0.000000000000000000e+00
 0.000000000000000000e+00
 0.000000000000000000e+00
 0.000000000000000000e+00
 0.000000000000000000e+00
 0.000000000000000000e+00
 0.000000000000000000e+00
 0.000000000000000000e+00
 0.000000000000000000e+00
 0.000000000000000000e+00
 0.000000000000000000e+00
 0.000000000000000000e+00
 0.000000000000000000e+00
 0.000000000000000000e+00
 0.000000000000000000e+00
 0.000000000000000000e+00
 0.000000000000000000e+00
 0.000000000000000000e+00
 0.000000000000000000e+00
 0.000000000000000000e+00
 0.000000000000000000e+00
 0.000000000000000000e+00
 0.000000000000000000e+00
 0.000000000000000000e+00
 0.000000000000000000e+00
 0.000000000000000000e+00
 0.000000000000000000e+00
 0.000000000000000000e+00
 0.000000000000000000e+00
 0.000000000000000000e+00
 0.000000000000000000e+00
 0.000000000000000000e+00
 0.000000000000000000e+00
 0.000000000000000000e+00
 0.000000000000000000e+00
 0.000000000000000000e+00
 0.000000000000000000e+00
 0.000000000000000000e+00
 0.000000000000000000e+00
 0.000000000000000000e+00
 0.000000000000000000e+00
 0.000000000000000000e+00
 0.000000000000000000e+00
 0.000000000000000000e+00
 0.000000000000000000e+00
 0.000000000000000000e+00
 0.000000000000000000e+00
 0.000000000000000000e+00
 0.000000000000000000e+00
 0.000000000000000000e+00
 0.000000000000000000e+00
 0.000000000000000000e+00
 0.000000000000000000e+00
 0.000000000000000000e+00
 0.000000000000000000e+00
 0.000000000000000000e+00
 0.000000000000000000e+00
 0.000000000000000000e+00
 0.000000000000000000e+00
 0.000000000000000000e+00
 0.000000000000000000e+00
 0.000000000000000000e+00
 0.000000000000000000e+00
 0.000000000000000000e+00
 0.000000000000000000e+00
 0.000000000000000000e+00
 0.000000000000000000e+00
 0.000000000000000000e+00
 0.000000000000000000e+00
 0.000000000000000000e+00
 0.000000000000000000e+00
 0.000000000000000000e+00
 0.000000000000000000e+00
 0.000000000000000000e+00
 0.000000000000000000e+00
 0.000000000000000000e+00
 0.000000000000000000e+00
 0.000000000000000000e+00
 0.000000000000000000e+00
 0.000000000000000000e+00
 0.000000000000000000e+00
 0.000000000000000000e+00
 0.000000000000000000e+00
 0.000000000000000000e+00
 0.000000000000000000e+00
 0.000000000000000000e+00
 0.000000000000000000e+00
 0.000000000000000000e+00
 0.000000000000000000e+00
 0.000000000000000000e+00
 0.000000000000000000e+00
 0.000000000000000000e+00
 0.000000000000000000e+00
 </DataArray>
 <DataArray Name="massf[4]-O" type="Float32" NumberOfComponents="1" format="ascii">
 0.000000000000000000e+00
 0.000000000000000000e+00
 0.000000000000000000e+00
 0.000000000000000000e+00
 0.000000000000000000e+00
 0.000000000000000000e+00
 0.000000000000000000e+00
 0.000000000000000000e+00
 0.000000000000000000e+00
 0.000000000000000000e+00
 0.000000000000000000e+00
 0.000000000000000000e+00
 0.000000000000000000e+00
 0.000000000000000000e+00
 0.000000000000000000e+00
 0.000000000000000000e+00
 0.000000000000000000e+00
 0.000000000000000000e+00
 0.000000000000000000e+00
 0.000000000000000000e+00
 0.000000000000000000e+00
 0.000000000000000000e+00
 0.000000000000000000e+00
 0.000000000000000000e+00
 0.000000000000000000e+00
 0.000000000000000000e+00
 0.000000000000000000e+00
 0.000000000000000000e+00
 0.000000000000000000e+00
 0.000000000000000000e+00
 0.000000000000000000e+00
 0.000000000000000000e+00
 0.000000000000000000e+00
 0.000000000000000000e+00
 0.000000000000000000e+00
 0.000000000000000000e+00
 0.000000000000000000e+00
 0.000000000000000000e+00
 0.000000000000000000e+00
 0.000000000000000000e+00
 0.000000000000000000e+00
 0.000000000000000000e+00
 0.000000000000000000e+00
 0.000000000000000000e+00
 0.000000000000000000e+00
 0.000000000000000000e+00
 0.000000000000000000e+00
 0.000000000000000000e+00
 0.000000000000000000e+00
 0.000000000000000000e+00
 0.000000000000000000e+00
 0.000000000000000000e+00
 0.000000000000000000e+00
 0.000000000000000000e+00
 0.000000000000000000e+00
 0.000000000000000000e+00
 0.000000000000000000e+00
 0.000000000000000000e+00
 0.000000000000000000e+00
 0.000000000000000000e+00
 0.000000000000000000e+00
 0.000000000000000000e+00
 0.000000000000000000e+00
 0.000000000000000000e+00
 0.000000000000000000e+00
 0.000000000000000000e+00
 0.000000000000000000e+00
 0.000000000000000000e+00
 0.000000000000000000e+00
 0.000000000000000000e+00
 0.000000000000000000e+00
 0.000000000000000000e+00
 0.000000000000000000e+00
 0.000000000000000000e+00
 0.000000000000000000e+00
 0.000000000000000000e+00
 0.000000000000000000e+00
 0.000000000000000000e+00
 0.000000000000000000e+00
 0.000000000000000000e+00
 0.000000000000000000e+00
 0.000000000000000000e+00
 0.000000000000000000e+00
 0.000000000000000000e+00
 0.000000000000000000e+00
 0.000000000000000000e+00
 0.000000000000000000e+00
 0.000000000000000000e+00
 0.000000000000000000e+00
 0.000000000000000000e+00
 0.000000000000000000e+00
 0.000000000000000000e+00
 0.000000000000000000e+00
 0.000000000000000000e+00
 0.000000000000000000e+00
 0.000000000000000000e+00
 0.000000000000000000e+00
 0.000000000000000000e+00
 0.000000000000000000e+00
 0.000000000000000000e+00
 0.000000000000000000e+00
 0.000000000000000000e+00
 0.000000000000000000e+00
 0.000000000000000000e+00
 0.000000000000000000e+00
 0.000000000000000000e+00
 0.000000000000000000e+00
 0.000000000000000000e+00
 0.000000000000000000e+00
 0.000000000000000000e+00
 0.000000000000000000e+00
 0.000000000000000000e+00
 0.000000000000000000e+00
 0.000000000000000000e+00
 0.000000000000000000e+00
 0.000000000000000000e+00
 0.000000000000000000e+00
 0.000000000000000000e+00
 0.000000000000000000e+00
 0.000000000000000000e+00
 0.000000000000000000e+00
 0.000000000000000000e+00
 0.000000000000000000e+00
 0.000000000000000000e+00
 0.000000000000000000e+00
 0.000000000000000000e+00
 0.000000000000000000e+00
 0.000000000000000000e+00
 0.000000000000000000e+00
 0.000000000000000000e+00
 0.000000000000000000e+00
 0.000000000000000000e+00
 0.000000000000000000e+00
 0.000000000000000000e+00
 0.000000000000000000e+00
 0.000000000000000000e+00
 0.000000000000000000e+00
 0.000000000000000000e+00
 0.000000000000000000e+00
 0.000000000000000000e+00
 0.000000000000000000e+00
 0.000000000000000000e+00
 0.000000000000000000e+00
 0.000000000000000000e+00
 0.000000000000000000e+00
 0.000000000000000000e+00
 0.000000000000000000e+00
 0.000000000000000000e+00
 0.000000000000000000e+00
 0.000000000000000000e+00
 0.000000000000000000e+00
 0.000000000000000000e+00
 0.000000000000000000e+00
 0.000000000000000000e+00
 0.000000000000000000e+00
 0.000000000000000000e+00
 0.000000000000000000e+00
 0.000000000000000000e+00
 0.000000000000000000e+00
 0.000000000000000000e+00
 0.000000000000000000e+00
 0.000000000000000000e+00
 0.000000000000000000e+00
 0.000000000000000000e+00
 0.000000000000000000e+00
 0.000000000000000000e+00
 0.000000000000000000e+00
 0.000000000000000000e+00
 0.000000000000000000e+00
 0.000000000000000000e+00
 0.000000000000000000e+00
 0.000000000000000000e+00
 0.000000000000000000e+00
 0.000000000000000000e+00
 0.000000000000000000e+00
 0.000000000000000000e+00
 0.000000000000000000e+00
 0.000000000000000000e+00
 0.000000000000000000e+00
 0.000000000000000000e+00
 0.000000000000000000e+00
 0.000000000000000000e+00
 0.000000000000000000e+00
 0.000000000000000000e+00
 0.000000000000000000e+00
 0.000000000000000000e+00
 0.000000000000000000e+00
 0.000000000000000000e+00
 0.000000000000000000e+00
 0.000000000000000000e+00
 0.000000000000000000e+00
 0.000000000000000000e+00
 0.000000000000000000e+00
 0.000000000000000000e+00
 0.000000000000000000e+00
 0.000000000000000000e+00
 0.000000000000000000e+00
 0.000000000000000000e+00
 0.000000000000000000e+00
 0.000000000000000000e+00
 0.000000000000000000e+00
 0.000000000000000000e+00
 0.000000000000000000e+00
 0.000000000000000000e+00
 0.000000000000000000e+00
 0.000000000000000000e+00
 0.000000000000000000e+00
 0.000000000000000000e+00
 0.000000000000000000e+00
 0.000000000000000000e+00
 0.000000000000000000e+00
 0.000000000000000000e+00
 0.000000000000000000e+00
 0.000000000000000000e+00
 0.000000000000000000e+00
 0.000000000000000000e+00
 0.000000000000000000e+00
 0.000000000000000000e+00
 0.000000000000000000e+00
 0.000000000000000000e+00
 0.000000000000000000e+00
 0.000000000000000000e+00
 0.000000000000000000e+00
 0.000000000000000000e+00
 0.000000000000000000e+00
 0.000000000000000000e+00
 0.000000000000000000e+00
 0.000000000000000000e+00
 0.000000000000000000e+00
 0.000000000000000000e+00
 0.000000000000000000e+00
 0.000000000000000000e+00
 0.000000000000000000e+00
 0.000000000000000000e+00
 0.000000000000000000e+00
 0.000000000000000000e+00
 0.000000000000000000e+00
 0.000000000000000000e+00
 0.000000000000000000e+00
 0.000000000000000000e+00
 0.000000000000000000e+00
 0.000000000000000000e+00
 0.000000000000000000e+00
 0.000000000000000000e+00
 0.000000000000000000e+00
 0.000000000000000000e+00
 0.000000000000000000e+00
 0.000000000000000000e+00
 0.000000000000000000e+00
 0.000000000000000000e+00
 0.000000000000000000e+00
 0.000000000000000000e+00
 0.000000000000000000e+00
 0.000000000000000000e+00
 0.000000000000000000e+00
 0.000000000000000000e+00
 0.000000000000000000e+00
 0.000000000000000000e+00
 0.000000000000000000e+00
 0.000000000000000000e+00
 0.000000000000000000e+00
 0.000000000000000000e+00
 0.000000000000000000e+00
 0.000000000000000000e+00
 0.000000000000000000e+00
 0.000000000000000000e+00
 0.000000000000000000e+00
 0.000000000000000000e+00
 0.000000000000000000e+00
 0.000000000000000000e+00
 0.000000000000000000e+00
 0.000000000000000000e+00
 0.000000000000000000e+00
 0.000000000000000000e+00
 0.000000000000000000e+00
 0.000000000000000000e+00
 0.000000000000000000e+00
 0.000000000000000000e+00
 0.000000000000000000e+00
 0.000000000000000000e+00
 0.000000000000000000e+00
 0.000000000000000000e+00
 0.000000000000000000e+00
 0.000000000000000000e+00
 0.000000000000000000e+00
 0.000000000000000000e+00
 0.000000000000000000e+00
 0.000000000000000000e+00
 0.000000000000000000e+00
 0.000000000000000000e+00
 0.000000000000000000e+00
 0.000000000000000000e+00
 0.000000000000000000e+00
 0.000000000000000000e+00
 0.000000000000000000e+00
 0.000000000000000000e+00
 0.000000000000000000e+00
 0.000000000000000000e+00
 0.000000000000000000e+00
 0.000000000000000000e+00
 0.000000000000000000e+00
 0.000000000000000000e+00
 0.000000000000000000e+00
 0.000000000000000000e+00
 0.000000000000000000e+00
 0.000000000000000000e+00
 0.000000000000000000e+00
 0.000000000000000000e+00
 0.000000000000000000e+00
 0.000000000000000000e+00
 0.000000000000000000e+00
 0.000000000000000000e+00
 0.000000000000000000e+00
 0.000000000000000000e+00
 0.000000000000000000e+00
 0.000000000000000000e+00
 0.000000000000000000e+00
 0.000000000000000000e+00
 0.000000000000000000e+00
 0.000000000000000000e+00
 0.000000000000000000e+00
 0.000000000000000000e+00
 0.000000000000000000e+00
 0.000000000000000000e+00
 0.000000000000000000e+00
 0.000000000000000000e+00
 0.000000000000000000e+00
 0.000000000000000000e+00
 0.000000000000000000e+00
 0.000000000000000000e+00
 0.000000000000000000e+00
 0.000000000000000000e+00
 0.000000000000000000e+00
 0.000000000000000000e+00
 0.000000000000000000e+00
 0.000000000000000000e+00
 0.000000000000000000e+00
 0.000000000000000000e+00
 0.000000000000000000e+00
 0.000000000000000000e+00
 0.000000000000000000e+00
 0.000000000000000000e+00
 0.000000000000000000e+00
 0.000000000000000000e+00
 0.000000000000000000e+00
 0.000000000000000000e+00
 0.000000000000000000e+00
 0.000000000000000000e+00
 0.000000000000000000e+00
 0.000000000000000000e+00
 0.000000000000000000e+00
 0.000000000000000000e+00
 0.000000000000000000e+00
 0.000000000000000000e+00
 0.000000000000000000e+00
 0.000000000000000000e+00
 0.000000000000000000e+00
 0.000000000000000000e+00
 0.000000000000000000e+00
 0.000000000000000000e+00
 0.000000000000000000e+00
 0.000000000000000000e+00
 0.000000000000000000e+00
 0.000000000000000000e+00
 0.000000000000000000e+00
 0.000000000000000000e+00
 0.000000000000000000e+00
 0.000000000000000000e+00
 0.000000000000000000e+00
 0.000000000000000000e+00
 0.000000000000000000e+00
 0.000000000000000000e+00
 0.000000000000000000e+00
 0.000000000000000000e+00
 0.000000000000000000e+00
 0.000000000000000000e+00
 0.000000000000000000e+00
 0.000000000000000000e+00
 0.000000000000000000e+00
 0.000000000000000000e+00
 0.000000000000000000e+00
 0.000000000000000000e+00
 0.000000000000000000e+00
 0.000000000000000000e+00
 0.000000000000000000e+00
 0.000000000000000000e+00
 0.000000000000000000e+00
 0.000000000000000000e+00
 0.000000000000000000e+00
 0.000000000000000000e+00
 0.000000000000000000e+00
 0.000000000000000000e+00
 0.000000000000000000e+00
 0.000000000000000000e+00
 0.000000000000000000e+00
 0.000000000000000000e+00
 0.000000000000000000e+00
 0.000000000000000000e+00
 0.000000000000000000e+00
 0.000000000000000000e+00
 0.000000000000000000e+00
 0.000000000000000000e+00
 0.000000000000000000e+00
 0.000000000000000000e+00
 0.000000000000000000e+00
 0.000000000000000000e+00
 0.000000000000000000e+00
 0.000000000000000000e+00
 0.000000000000000000e+00
 0.000000000000000000e+00
 0.000000000000000000e+00
 0.000000000000000000e+00
 0.000000000000000000e+00
 0.000000000000000000e+00
 0.000000000000000000e+00
 0.000000000000000000e+00
 0.000000000000000000e+00
 0.000000000000000000e+00
 0.000000000000000000e+00
 0.000000000000000000e+00
 0.000000000000000000e+00
 0.000000000000000000e+00
 0.000000000000000000e+00
 0.000000000000000000e+00
 0.000000000000000000e+00
 0.000000000000000000e+00
 0.000000000000000000e+00
 0.000000000000000000e+00
 0.000000000000000000e+00
 0.000000000000000000e+00
 0.000000000000000000e+00
 0.000000000000000000e+00
 0.000000000000000000e+00
 0.000000000000000000e+00
 0.000000000000000000e+00
 0.000000000000000000e+00
 0.000000000000000000e+00
 0.000000000000000000e+00
 0.000000000000000000e+00
 0.000000000000000000e+00
 0.000000000000000000e+00
 0.000000000000000000e+00
 0.000000000000000000e+00
 0.000000000000000000e+00
 0.000000000000000000e+00
 0.000000000000000000e+00
 0.000000000000000000e+00
 0.000000000000000000e+00
 0.000000000000000000e+00
 0.000000000000000000e+00
 0.000000000000000000e+00
 0.000000000000000000e+00
 0.000000000000000000e+00
 0.000000000000000000e+00
 0.000000000000000000e+00
 0.000000000000000000e+00
 0.000000000000000000e+00
 0.000000000000000000e+00
 0.000000000000000000e+00
 0.000000000000000000e+00
 0.000000000000000000e+00
 0.000000000000000000e+00
 0.000000000000000000e+00
 0.000000000000000000e+00
 0.000000000000000000e+00
 0.000000000000000000e+00
 0.000000000000000000e+00
 0.000000000000000000e+00
 0.000000000000000000e+00
 0.000000000000000000e+00
 0.000000000000000000e+00
 0.000000000000000000e+00
 0.000000000000000000e+00
 0.000000000000000000e+00
 0.000000000000000000e+00
 0.000000000000000000e+00
 0.000000000000000000e+00
 0.000000000000000000e+00
 0.000000000000000000e+00
 0.000000000000000000e+00
 0.000000000000000000e+00
 0.000000000000000000e+00
 0.000000000000000000e+00
 0.000000000000000000e+00
 0.000000000000000000e+00
 0.000000000000000000e+00
 0.000000000000000000e+00
 0.000000000000000000e+00
 0.000000000000000000e+00
 0.000000000000000000e+00
 0.000000000000000000e+00
 0.000000000000000000e+00
 0.000000000000000000e+00
 0.000000000000000000e+00
 0.000000000000000000e+00
 0.000000000000000000e+00
 0.000000000000000000e+00
 0.000000000000000000e+00
 0.000000000000000000e+00
 0.000000000000000000e+00
 </DataArray>
 <DataArray Name="massf[5]-NO" type="Float32" NumberOfComponents="1" format="ascii">
 0.000000000000000000e+00
 0.000000000000000000e+00
 0.000000000000000000e+00
 0.000000000000000000e+00
 0.000000000000000000e+00
 0.000000000000000000e+00
 0.000000000000000000e+00
 0.000000000000000000e+00
 0.000000000000000000e+00
 0.000000000000000000e+00
 0.000000000000000000e+00
 0.000000000000000000e+00
 0.000000000000000000e+00
 0.000000000000000000e+00
 0.000000000000000000e+00
 0.000000000000000000e+00
 0.000000000000000000e+00
 0.000000000000000000e+00
 0.000000000000000000e+00
 0.000000000000000000e+00
 0.000000000000000000e+00
 0.000000000000000000e+00
 0.000000000000000000e+00
 0.000000000000000000e+00
 0.000000000000000000e+00
 0.000000000000000000e+00
 0.000000000000000000e+00
 0.000000000000000000e+00
 0.000000000000000000e+00
 0.000000000000000000e+00
 0.000000000000000000e+00
 0.000000000000000000e+00
 0.000000000000000000e+00
 0.000000000000000000e+00
 0.000000000000000000e+00
 0.000000000000000000e+00
 0.000000000000000000e+00
 0.000000000000000000e+00
 0.000000000000000000e+00
 0.000000000000000000e+00
 0.000000000000000000e+00
 0.000000000000000000e+00
 0.000000000000000000e+00
 0.000000000000000000e+00
 0.000000000000000000e+00
 0.000000000000000000e+00
 0.000000000000000000e+00
 0.000000000000000000e+00
 0.000000000000000000e+00
 0.000000000000000000e+00
 0.000000000000000000e+00
 0.000000000000000000e+00
 0.000000000000000000e+00
 0.000000000000000000e+00
 0.000000000000000000e+00
 0.000000000000000000e+00
 0.000000000000000000e+00
 0.000000000000000000e+00
 0.000000000000000000e+00
 0.000000000000000000e+00
 0.000000000000000000e+00
 0.000000000000000000e+00
 0.000000000000000000e+00
 0.000000000000000000e+00
 0.000000000000000000e+00
 0.000000000000000000e+00
 0.000000000000000000e+00
 0.000000000000000000e+00
 0.000000000000000000e+00
 0.000000000000000000e+00
 0.000000000000000000e+00
 0.000000000000000000e+00
 0.000000000000000000e+00
 0.000000000000000000e+00
 0.000000000000000000e+00
 0.000000000000000000e+00
 0.000000000000000000e+00
 0.000000000000000000e+00
 0.000000000000000000e+00
 0.000000000000000000e+00
 0.000000000000000000e+00
 0.000000000000000000e+00
 0.000000000000000000e+00
 0.000000000000000000e+00
 0.000000000000000000e+00
 0.000000000000000000e+00
 0.000000000000000000e+00
 0.000000000000000000e+00
 0.000000000000000000e+00
 0.000000000000000000e+00
 0.000000000000000000e+00
 0.000000000000000000e+00
 0.000000000000000000e+00
 0.000000000000000000e+00
 0.000000000000000000e+00
 0.000000000000000000e+00
 0.000000000000000000e+00
 0.000000000000000000e+00
 0.000000000000000000e+00
 0.000000000000000000e+00
 0.000000000000000000e+00
 0.000000000000000000e+00
 0.000000000000000000e+00
 0.000000000000000000e+00
 0.000000000000000000e+00
 0.000000000000000000e+00
 0.000000000000000000e+00
 0.000000000000000000e+00
 0.000000000000000000e+00
 0.000000000000000000e+00
 0.000000000000000000e+00
 0.000000000000000000e+00
 0.000000000000000000e+00
 0.000000000000000000e+00
 0.000000000000000000e+00
 0.000000000000000000e+00
 0.000000000000000000e+00
 0.000000000000000000e+00
 0.000000000000000000e+00
 0.000000000000000000e+00
 0.000000000000000000e+00
 0.000000000000000000e+00
 0.000000000000000000e+00
 0.000000000000000000e+00
 0.000000000000000000e+00
 0.000000000000000000e+00
 0.000000000000000000e+00
 0.000000000000000000e+00
 0.000000000000000000e+00
 0.000000000000000000e+00
 0.000000000000000000e+00
 0.000000000000000000e+00
 0.000000000000000000e+00
 0.000000000000000000e+00
 0.000000000000000000e+00
 0.000000000000000000e+00
 0.000000000000000000e+00
 0.000000000000000000e+00
 0.000000000000000000e+00
 0.000000000000000000e+00
 0.000000000000000000e+00
 0.000000000000000000e+00
 0.000000000000000000e+00
 0.000000000000000000e+00
 0.000000000000000000e+00
 0.000000000000000000e+00
 0.000000000000000000e+00
 0.000000000000000000e+00
 0.000000000000000000e+00
 0.000000000000000000e+00
 0.000000000000000000e+00
 0.000000000000000000e+00
 0.000000000000000000e+00
 0.000000000000000000e+00
 0.000000000000000000e+00
 0.000000000000000000e+00
 0.000000000000000000e+00
 0.000000000000000000e+00
 0.000000000000000000e+00
 0.000000000000000000e+00
 0.000000000000000000e+00
 0.000000000000000000e+00
 0.000000000000000000e+00
 0.000000000000000000e+00
 0.000000000000000000e+00
 0.000000000000000000e+00
 0.000000000000000000e+00
 0.000000000000000000e+00
 0.000000000000000000e+00
 0.000000000000000000e+00
 0.000000000000000000e+00
 0.000000000000000000e+00
 0.000000000000000000e+00
 0.000000000000000000e+00
 0.000000000000000000e+00
 0.000000000000000000e+00
 0.000000000000000000e+00
 0.000000000000000000e+00
 0.000000000000000000e+00
 0.000000000000000000e+00
 0.000000000000000000e+00
 0.000000000000000000e+00
 0.000000000000000000e+00
 0.000000000000000000e+00
 0.000000000000000000e+00
 0.000000000000000000e+00
 0.000000000000000000e+00
 0.000000000000000000e+00
 0.000000000000000000e+00
 0.000000000000000000e+00
 0.000000000000000000e+00
 0.000000000000000000e+00
 0.000000000000000000e+00
 0.000000000000000000e+00
 0.000000000000000000e+00
 0.000000000000000000e+00
 0.000000000000000000e+00
 0.000000000000000000e+00
 0.000000000000000000e+00
 0.000000000000000000e+00
 0.000000000000000000e+00
 0.000000000000000000e+00
 0.000000000000000000e+00
 0.000000000000000000e+00
 0.000000000000000000e+00
 0.000000000000000000e+00
 0.000000000000000000e+00
 0.000000000000000000e+00
 0.000000000000000000e+00
 0.000000000000000000e+00
 0.000000000000000000e+00
 0.000000000000000000e+00
 0.000000000000000000e+00
 0.000000000000000000e+00
 0.000000000000000000e+00
 0.000000000000000000e+00
 0.000000000000000000e+00
 0.000000000000000000e+00
 0.000000000000000000e+00
 0.000000000000000000e+00
 0.000000000000000000e+00
 0.000000000000000000e+00
 0.000000000000000000e+00
 0.000000000000000000e+00
 0.000000000000000000e+00
 0.000000000000000000e+00
 0.000000000000000000e+00
 0.000000000000000000e+00
 0.000000000000000000e+00
 0.000000000000000000e+00
 0.000000000000000000e+00
 0.000000000000000000e+00
 0.000000000000000000e+00
 0.000000000000000000e+00
 0.000000000000000000e+00
 0.000000000000000000e+00
 0.000000000000000000e+00
 0.000000000000000000e+00
 0.000000000000000000e+00
 0.000000000000000000e+00
 0.000000000000000000e+00
 0.000000000000000000e+00
 0.000000000000000000e+00
 0.000000000000000000e+00
 0.000000000000000000e+00
 0.000000000000000000e+00
 0.000000000000000000e+00
 0.000000000000000000e+00
 0.000000000000000000e+00
 0.000000000000000000e+00
 0.000000000000000000e+00
 0.000000000000000000e+00
 0.000000000000000000e+00
 0.000000000000000000e+00
 0.000000000000000000e+00
 0.000000000000000000e+00
 0.000000000000000000e+00
 0.000000000000000000e+00
 0.000000000000000000e+00
 0.000000000000000000e+00
 0.000000000000000000e+00
 0.000000000000000000e+00
 0.000000000000000000e+00
 0.000000000000000000e+00
 0.000000000000000000e+00
 0.000000000000000000e+00
 0.000000000000000000e+00
 0.000000000000000000e+00
 0.000000000000000000e+00
 0.000000000000000000e+00
 0.000000000000000000e+00
 0.000000000000000000e+00
 0.000000000000000000e+00
 0.000000000000000000e+00
 0.000000000000000000e+00
 0.000000000000000000e+00
 0.000000000000000000e+00
 0.000000000000000000e+00
 0.000000000000000000e+00
 0.000000000000000000e+00
 0.000000000000000000e+00
 0.000000000000000000e+00
 0.000000000000000000e+00
 0.000000000000000000e+00
 0.000000000000000000e+00
 0.000000000000000000e+00
 0.000000000000000000e+00
 0.000000000000000000e+00
 0.000000000000000000e+00
 0.000000000000000000e+00
 0.000000000000000000e+00
 0.000000000000000000e+00
 0.000000000000000000e+00
 0.000000000000000000e+00
 0.000000000000000000e+00
 0.000000000000000000e+00
 0.000000000000000000e+00
 0.000000000000000000e+00
 0.000000000000000000e+00
 0.000000000000000000e+00
 0.000000000000000000e+00
 0.000000000000000000e+00
 0.000000000000000000e+00
 0.000000000000000000e+00
 0.000000000000000000e+00
 0.000000000000000000e+00
 0.000000000000000000e+00
 0.000000000000000000e+00
 0.000000000000000000e+00
 0.000000000000000000e+00
 0.000000000000000000e+00
 0.000000000000000000e+00
 0.000000000000000000e+00
 0.000000000000000000e+00
 0.000000000000000000e+00
 0.000000000000000000e+00
 0.000000000000000000e+00
 0.000000000000000000e+00
 0.000000000000000000e+00
 0.000000000000000000e+00
 0.000000000000000000e+00
 0.000000000000000000e+00
 0.000000000000000000e+00
 0.000000000000000000e+00
 0.000000000000000000e+00
 0.000000000000000000e+00
 0.000000000000000000e+00
 0.000000000000000000e+00
 0.000000000000000000e+00
 0.000000000000000000e+00
 0.000000000000000000e+00
 0.000000000000000000e+00
 0.000000000000000000e+00
 0.000000000000000000e+00
 0.000000000000000000e+00
 0.000000000000000000e+00
 0.000000000000000000e+00
 0.000000000000000000e+00
 0.000000000000000000e+00
 0.000000000000000000e+00
 0.000000000000000000e+00
 0.000000000000000000e+00
 0.000000000000000000e+00
 0.000000000000000000e+00
 0.000000000000000000e+00
 0.000000000000000000e+00
 0.000000000000000000e+00
 0.000000000000000000e+00
 0.000000000000000000e+00
 0.000000000000000000e+00
 0.000000000000000000e+00
 0.000000000000000000e+00
 0.000000000000000000e+00
 0.000000000000000000e+00
 0.000000000000000000e+00
 0.000000000000000000e+00
 0.000000000000000000e+00
 0.000000000000000000e+00
 0.000000000000000000e+00
 0.000000000000000000e+00
 0.000000000000000000e+00
 0.000000000000000000e+00
 0.000000000000000000e+00
 0.000000000000000000e+00
 0.000000000000000000e+00
 0.000000000000000000e+00
 0.000000000000000000e+00
 0.000000000000000000e+00
 0.000000000000000000e+00
 0.000000000000000000e+00
 0.000000000000000000e+00
 0.000000000000000000e+00
 0.000000000000000000e+00
 0.000000000000000000e+00
 0.000000000000000000e+00
 0.000000000000000000e+00
 0.000000000000000000e+00
 0.000000000000000000e+00
 0.000000000000000000e+00
 0.000000000000000000e+00
 0.000000000000000000e+00
 0.000000000000000000e+00
 0.000000000000000000e+00
 0.000000000000000000e+00
 0.000000000000000000e+00
 0.000000000000000000e+00
 0.000000000000000000e+00
 0.000000000000000000e+00
 0.000000000000000000e+00
 0.000000000000000000e+00
 0.000000000000000000e+00
 0.000000000000000000e+00
 0.000000000000000000e+00
 0.000000000000000000e+00
 0.000000000000000000e+00
 0.000000000000000000e+00
 0.000000000000000000e+00
 0.000000000000000000e+00
 0.000000000000000000e+00
 0.000000000000000000e+00
 0.000000000000000000e+00
 0.000000000000000000e+00
 0.000000000000000000e+00
 0.000000000000000000e+00
 0.000000000000000000e+00
 0.000000000000000000e+00
 0.000000000000000000e+00
 0.000000000000000000e+00
 0.000000000000000000e+00
 0.000000000000000000e+00
 0.000000000000000000e+00
 0.000000000000000000e+00
 0.000000000000000000e+00
 0.000000000000000000e+00
 0.000000000000000000e+00
 0.000000000000000000e+00
 0.000000000000000000e+00
 0.000000000000000000e+00
 0.000000000000000000e+00
 0.000000000000000000e+00
 0.000000000000000000e+00
 0.000000000000000000e+00
 0.000000000000000000e+00
 0.000000000000000000e+00
 0.000000000000000000e+00
 0.000000000000000000e+00
 0.000000000000000000e+00
 0.000000000000000000e+00
 0.000000000000000000e+00
 0.000000000000000000e+00
 0.000000000000000000e+00
 0.000000000000000000e+00
 0.000000000000000000e+00
 0.000000000000000000e+00
 0.000000000000000000e+00
 0.000000000000000000e+00
 0.000000000000000000e+00
 0.000000000000000000e+00
 0.000000000000000000e+00
 0.000000000000000000e+00
 0.000000000000000000e+00
 0.000000000000000000e+00
 0.000000000000000000e+00
 0.000000000000000000e+00
 0.000000000000000000e+00
 0.000000000000000000e+00
 0.000000000000000000e+00
 0.000000000000000000e+00
 0.000000000000000000e+00
 0.000000000000000000e+00
 0.000000000000000000e+00
 0.000000000000000000e+00
 0.000000000000000000e+00
 0.000000000000000000e+00
 0.000000000000000000e+00
 0.000000000000000000e+00
 0.000000000000000000e+00
 0.000000000000000000e+00
 0.000000000000000000e+00
 0.000000000000000000e+00
 0.000000000000000000e+00
 0.000000000000000000e+00
 0.000000000000000000e+00
 0.000000000000000000e+00
 0.000000000000000000e+00
 0.000000000000000000e+00
 0.000000000000000000e+00
 0.000000000000000000e+00
 0.000000000000000000e+00
 0.000000000000000000e+00
 0.000000000000000000e+00
 0.000000000000000000e+00
 0.000000000000000000e+00
 0.000000000000000000e+00
 0.000000000000000000e+00
 0.000000000000000000e+00
 0.000000000000000000e+00
 0.000000000000000000e+00
 0.000000000000000000e+00
 0.000000000000000000e+00
 0.000000000000000000e+00
 0.000000000000000000e+00
 0.000000000000000000e+00
 0.000000000000000000e+00
 0.000000000000000000e+00
 0.000000000000000000e+00
 0.000000000000000000e+00
 0.000000000000000000e+00
 0.000000000000000000e+00
 0.000000000000000000e+00
 0.000000000000000000e+00
 0.000000000000000000e+00
 0.000000000000000000e+00
 0.000000000000000000e+00
 0.000000000000000000e+00
 0.000000000000000000e+00
 0.000000000000000000e+00
 0.000000000000000000e+00
 0.000000000000000000e+00
 0.000000000000000000e+00
 </DataArray>
 <DataArray Name="dt_chem" type="Float32" NumberOfComponents="1" format="ascii">
 7.011989582172893464e-06
 7.011989582172893464e-06
 7.011989582172893464e-06
 7.011989582172893464e-06
 7.011989582172893464e-06
 7.011989582172893464e-06
 7.011989582172893464e-06
 7.011989582172893464e-06
 7.011989582172893464e-06
 7.011989582172893464e-06
 7.011989582172893464e-06
 7.011989582172893464e-06
 7.011989582172893464e-06
 7.011989582172893464e-06
 7.011989582172893464e-06
 7.011989582172893464e-06
 7.011989582172893464e-06
 7.011989582172893464e-06
 7.011989582172893464e-06
 7.011989582172893464e-06
 7.011989582172893464e-06
 7.011989582172893464e-06
 7.011989582172893464e-06
 7.011989582172893464e-06
 7.011989582172893464e-06
 7.011989582172893464e-06
 7.011989582172893464e-06
 7.011989582172893464e-06
 7.011989582172893464e-06
 7.011989582172893464e-06
 7.011989582172893464e-06
 7.011989582172893464e-06
 7.011989582172893464e-06
 7.011989582172893464e-06
 7.011989582172893464e-06
 7.011989582172893464e-06
 7.011989582172893464e-06
 7.011989582172893464e-06
 7.011989582172893464e-06
 7.011989582172893464e-06
 7.011989582172893464e-06
 7.011989582172893464e-06
 7.011989582172893464e-06
 7.011989582172893464e-06
 7.011989582172893464e-06
 7.011989582172893464e-06
 7.011989582172893464e-06
 7.011989582172893464e-06
 7.011989582172893464e-06
 7.011989582172893464e-06
 7.011989582172893464e-06
 7.011989582172893464e-06
 7.011989582172893464e-06
 7.011989582172893464e-06
 7.011989582172893464e-06
 7.011989582172893464e-06
 7.011989582172893464e-06
 7.011989582172893464e-06
 7.011989582172893464e-06
 7.011989582172893464e-06
 7.011989582172893464e-06
 7.011989582172893464e-06
 7.011989582172893464e-06
 7.011989582172893464e-06
 7.011989582172893464e-06
 7.011989582172893464e-06
 7.011989582172893464e-06
 7.011989582172893464e-06
 7.011989582172893464e-06
 7.011989582172893464e-06
 7.011989582172893464e-06
 7.011989582172893464e-06
 7.011989582172893464e-06
 7.011989582172893464e-06
 7.011989582172893464e-06
 7.011989582172893464e-06
 7.011989582172893464e-06
 7.011989582172893464e-06
 7.011989582172893464e-06
 7.011989582172893464e-06
 7.011989582172893464e-06
 7.011989582172893464e-06
 7.011989582172893464e-06
 7.011989582172893464e-06
 7.011989582172893464e-06
 7.011989582172893464e-06
 7.011989582172893464e-06
 7.011989582172893464e-06
 7.011989582172893464e-06
 7.011989582172893464e-06
 7.011989582172893464e-06
 7.011989582172893464e-06
 7.011989582172893464e-06
 7.011989582172893464e-06
 7.011989582172893464e-06
 7.011989582172893464e-06
 7.011989582172893464e-06
 7.011989582172893464e-06
 7.011989582172893464e-06
 7.011989582172893464e-06
 7.011989582172893464e-06
 7.011989582172893464e-06
 7.011989582172893464e-06
 7.011989582172893464e-06
 7.011989582172893464e-06
 7.011989582172893464e-06
 7.011989582172893464e-06
 7.011989582172893464e-06
 7.011989582172893464e-06
 7.011989582172893464e-06
 7.011989582172893464e-06
 7.011989582172893464e-06
 7.011989582172893464e-06
 7.011989582172893464e-06
 7.011989582172893464e-06
 7.011989582172893464e-06
 7.011989582172893464e-06
 7.011989582172893464e-06
 7.011989582172893464e-06
 7.011989582172893464e-06
 7.011989582172893464e-06
 7.011989582172893464e-06
 7.011989582172893464e-06
 7.011989582172893464e-06
 7.011989582172893464e-06
 7.011989582172893464e-06
 7.011989582172893464e-06
 7.011989582172893464e-06
 7.011989582172893464e-06
 7.011989582172893464e-06
 7.011989582172893464e-06
 7.011989582172893464e-06
 7.011989582172893464e-06
 7.011989582172893464e-06
 7.011989582172893464e-06
 7.011989582172893464e-06
 7.011989582172893464e-06
 7.011989582172893464e-06
 7.011989582172893464e-06
 7.011989582172893464e-06
 7.011989582172893464e-06
 7.011989582172893464e-06
 7.011989582172893464e-06
 7.011989582172893464e-06
 7.011989582172893464e-06
 7.011989582172893464e-06
 7.011989582172893464e-06
 7.011989582172893464e-06
 7.011989582172893464e-06
 7.011989582172893464e-06
 7.011989582172893464e-06
 7.011989582172893464e-06
 7.011989582172893464e-06
 7.011989582172893464e-06
 7.011989582172893464e-06
 7.011989582172893464e-06
 7.011989582172893464e-06
 7.011989582172893464e-06
 7.011989582172893464e-06
 7.011989582172893464e-06
 7.011989582172893464e-06
 7.011989582172893464e-06
 7.011989582172893464e-06
 7.011989582172893464e-06
 7.011989582172893464e-06
 7.011989582172893464e-06
 7.011989582172893464e-06
 7.011989582172893464e-06
 7.011989582172893464e-06
 7.011989582172893464e-06
 7.011989582172893464e-06
 7.011989582172893464e-06
 7.011989582172893464e-06
 7.011989582172893464e-06
 7.011989582172893464e-06
 7.011989582172893464e-06
 7.011989582172893464e-06
 7.011989582172893464e-06
 7.011989582172893464e-06
 7.011989582172893464e-06
 7.011989582172893464e-06
 7.011989582172893464e-06
 7.011989582172893464e-06
 7.011989582172893464e-06
 7.011989582172893464e-06
 7.011989582172893464e-06
 7.011989582172893464e-06
 7.011989582172893464e-06
 7.011989582172893464e-06
 7.011989582172893464e-06
 7.011989582172893464e-06
 7.011989582172893464e-06
 7.011989582172893464e-06
 7.011989582172893464e-06
 7.011989582172893464e-06
 7.011989582172893464e-06
 7.011989582172893464e-06
 7.011989582172893464e-06
 7.011989582172893464e-06
 7.011989582172893464e-06
 7.011989582172893464e-06
 7.011989582172893464e-06
 7.011989582172893464e-06
 7.011989582172893464e-06
 7.011989582172893464e-06
 7.011989582172893464e-06
 7.011989582172893464e-06
 7.011989582172893464e-06
 7.011989582172893464e-06
 7.011989582172893464e-06
 7.011989582172893464e-06
 7.011989582172893464e-06
 7.011989582172893464e-06
 7.011989582172893464e-06
 7.011989582172893464e-06
 7.011989582172893464e-06
 7.011989582172893464e-06
 7.011989582172893464e-06
 7.011989582172893464e-06
 7.011989582172893464e-06
 7.011989582172893464e-06
 7.011989582172893464e-06
 7.011989582172893464e-06
 7.011989582172893464e-06
 7.011989582172893464e-06
 7.011989582172893464e-06
 7.011989582172893464e-06
 7.011989582172893464e-06
 7.011989582172893464e-06
 7.011989582172893464e-06
 7.011989582172893464e-06
 7.011989582172893464e-06
 7.011989582172893464e-06
 7.011989582172893464e-06
 7.011989582172893464e-06
 7.011989582172893464e-06
 7.011989582172893464e-06
 7.011989582172893464e-06
 7.011989582172893464e-06
 7.011989582172893464e-06
 7.011989582172893464e-06
 7.011989582172893464e-06
 7.011989582172893464e-06
 7.011989582172893464e-06
 7.011989582172893464e-06
 7.011989582172893464e-06
 7.011989582172893464e-06
 7.011989582172893464e-06
 7.011989582172893464e-06
 7.011989582172893464e-06
 7.011989582172893464e-06
 7.011989582172893464e-06
 7.011989582172893464e-06
 7.011989582172893464e-06
 7.011989582172893464e-06
 7.011989582172893464e-06
 7.011989582172893464e-06
 7.011989582172893464e-06
 7.011989582172893464e-06
 7.011989582172893464e-06
 7.011989582172893464e-06
 7.011989582172893464e-06
 7.011989582172893464e-06
 7.011989582172893464e-06
 7.011989582172893464e-06
 7.011989582172893464e-06
 7.011989582172893464e-06
 7.011989582172893464e-06
 7.011989582172893464e-06
 7.011989582172893464e-06
 7.011989582172893464e-06
 7.011989582172893464e-06
 7.011989582172893464e-06
 7.011989582172893464e-06
 7.011989582172893464e-06
 7.011989582172893464e-06
 7.011989582172893464e-06
 7.011989582172893464e-06
 7.011989582172893464e-06
 7.011989582172893464e-06
 7.011989582172893464e-06
 7.011989582172893464e-06
 7.011989582172893464e-06
 7.011989582172893464e-06
 7.011989582172893464e-06
 7.011989582172893464e-06
 7.011989582172893464e-06
 7.011989582172893464e-06
 7.011989582172893464e-06
 7.011989582172893464e-06
 7.011989582172893464e-06
 7.011989582172893464e-06
 7.011989582172893464e-06
 7.011989582172893464e-06
 7.011989582172893464e-06
 7.011989582172893464e-06
 7.011989582172893464e-06
 7.011989582172893464e-06
 7.011989582172893464e-06
 7.011989582172893464e-06
 7.011989582172893464e-06
 7.011989582172893464e-06
 7.011989582172893464e-06
 7.011989582172893464e-06
 7.011989582172893464e-06
 7.011989582172893464e-06
 7.011989582172893464e-06
 7.011989582172893464e-06
 7.011989582172893464e-06
 7.011989582172893464e-06
 7.011989582172893464e-06
 7.011989582172893464e-06
 7.011989582172893464e-06
 7.011989582172893464e-06
 7.011989582172893464e-06
 7.011989582172893464e-06
 7.011989582172893464e-06
 7.011989582172893464e-06
 7.011989582172893464e-06
 7.011989582172893464e-06
 7.011989582172893464e-06
 7.011989582172893464e-06
 7.011989582172893464e-06
 7.011989582172893464e-06
 7.011989582172893464e-06
 7.011989582172893464e-06
 7.011989582172893464e-06
 7.011989582172893464e-06
 7.011989582172893464e-06
 7.011989582172893464e-06
 7.011989582172893464e-06
 7.011989582172893464e-06
 7.011989582172893464e-06
 7.011989582172893464e-06
 7.011989582172893464e-06
 7.011989582172893464e-06
 7.011989582172893464e-06
 7.011989582172893464e-06
 7.011989582172893464e-06
 7.011989582172893464e-06
 7.011989582172893464e-06
 7.011989582172893464e-06
 7.011989582172893464e-06
 7.011989582172893464e-06
 7.011989582172893464e-06
 7.011989582172893464e-06
 7.011989582172893464e-06
 7.011989582172893464e-06
 7.011989582172893464e-06
 7.011989582172893464e-06
 7.011989582172893464e-06
 7.011989582172893464e-06
 7.011989582172893464e-06
 7.011989582172893464e-06
 7.011989582172893464e-06
 7.011989582172893464e-06
 7.011989582172893464e-06
 7.011989582172893464e-06
 7.011989582172893464e-06
 7.011989582172893464e-06
 7.011989582172893464e-06
 7.011989582172893464e-06
 7.011989582172893464e-06
 7.011989582172893464e-06
 7.011989582172893464e-06
 7.011989582172893464e-06
 7.011989582172893464e-06
 7.011989582172893464e-06
 7.011989582172893464e-06
 7.011989582172893464e-06
 7.011989582172893464e-06
 7.011989582172893464e-06
 7.011989582172893464e-06
 7.011989582172893464e-06
 7.011989582172893464e-06
 7.011989582172893464e-06
 7.011989582172893464e-06
 7.011989582172893464e-06
 7.011989582172893464e-06
 7.011989582172893464e-06
 7.011989582172893464e-06
 7.011989582172893464e-06
 7.011989582172893464e-06
 7.011989582172893464e-06
 7.011989582172893464e-06
 7.011989582172893464e-06
 7.011989582172893464e-06
 7.011989582172893464e-06
 7.011989582172893464e-06
 7.011989582172893464e-06
 7.011989582172893464e-06
 7.011989582172893464e-06
 7.011989582172893464e-06
 7.011989582172893464e-06
 7.011989582172893464e-06
 7.011989582172893464e-06
 7.011989582172893464e-06
 7.011989582172893464e-06
 7.011989582172893464e-06
 7.011989582172893464e-06
 7.011989582172893464e-06
 7.011989582172893464e-06
 7.011989582172893464e-06
 7.011989582172893464e-06
 7.011989582172893464e-06
 7.011989582172893464e-06
 7.011989582172893464e-06
 7.011989582172893464e-06
 7.011989582172893464e-06
 7.011989582172893464e-06
 7.011989582172893464e-06
 7.011989582172893464e-06
 7.011989582172893464e-06
 7.011989582172893464e-06
 7.011989582172893464e-06
 7.011989582172893464e-06
 7.011989582172893464e-06
 7.011989582172893464e-06
 7.011989582172893464e-06
 7.011989582172893464e-06
 7.011989582172893464e-06
 7.011989582172893464e-06
 7.011989582172893464e-06
 7.011989582172893464e-06
 7.011989582172893464e-06
 7.011989582172893464e-06
 7.011989582172893464e-06
 7.011989582172893464e-06
 7.011989582172893464e-06
 7.011989582172893464e-06
 7.011989582172893464e-06
 7.011989582172893464e-06
 7.011989582172893464e-06
 7.011989582172893464e-06
 7.011989582172893464e-06
 7.011989582172893464e-06
 7.011989582172893464e-06
 7.011989582172893464e-06
 7.011989582172893464e-06
 7.011989582172893464e-06
 7.011989582172893464e-06
 7.011989582172893464e-06
 7.011989582172893464e-06
 7.011989582172893464e-06
 7.011989582172893464e-06
 7.011989582172893464e-06
 7.011989582172893464e-06
 7.011989582172893464e-06
 7.011989582172893464e-06
 7.011989582172893464e-06
 7.011989582172893464e-06
 7.011989582172893464e-06
 7.011989582172893464e-06
 7.011989582172893464e-06
 7.011989582172893464e-06
 7.011989582172893464e-06
 7.011989582172893464e-06
 7.011989582172893464e-06
 7.011989582172893464e-06
 7.011989582172893464e-06
 7.011989582172893464e-06
 7.011989582172893464e-06
 7.011989582172893464e-06
 7.011989582172893464e-06
 7.011989582172893464e-06
 7.011989582172893464e-06
 7.011989582172893464e-06
 7.011989582172893464e-06
 7.011989582172893464e-06
 7.011989582172893464e-06
 7.011989582172893464e-06
 7.011989582172893464e-06
 7.011989582172893464e-06
 7.011989582172893464e-06
 7.011989582172893464e-06
 7.011989582172893464e-06
 7.011989582172893464e-06
 7.011989582172893464e-06
 7.011989582172893464e-06
 7.011989582172893464e-06
 7.011989582172893464e-06
 7.011989582172893464e-06
 7.011989582172893464e-06
 7.011989582172893464e-06
 7.011989582172893464e-06
 7.011989582172893464e-06
 7.011989582172893464e-06
 7.011989582172893464e-06
 7.011989582172893464e-06
 7.011989582172893464e-06
 7.011989582172893464e-06
 7.011989582172893464e-06
 7.011989582172893464e-06
 7.011989582172893464e-06
 7.011989582172893464e-06
 7.011989582172893464e-06
 7.011989582172893464e-06
 7.011989582172893464e-06
 7.011989582172893464e-06
 7.011989582172893464e-06
 </DataArray>
 <DataArray Name="u" type="Float32" NumberOfComponents="1" format="ascii">
 -1.410810594024888414e+05
 -1.410805186770305154e+05
 -1.410809269686007465e+05
 -1.410822367255268910e+05
 -1.410846615387270867e+05
 -1.410880261251568445e+05
 -1.410921470147924847e+05
 -1.410969494586066867e+05
 -1.411024404019236390e+05
 -1.411086302897502610e+05
 -1.411155201510943589e+05
 -1.411231035292988818e+05
 -1.411313747522465128e+05
 -1.411403310522231041e+05
 -1.411499722316096595e+05
 -1.411602991852842679e+05
 -1.411713129524078395e+05
 -1.411830142996073409e+05
 -1.411954036797539156e+05
 -1.412084813230577565e+05
 -1.412222473392267129e+05
 -1.412367017896184989e+05
 -1.412518447249438905e+05
 -1.412676762007992656e+05
 -1.412841962804405484e+05
 -1.413014050329040329e+05
 -1.413193025299838919e+05
 -1.413378888440076553e+05
 -1.413571640466325043e+05
 -1.413771282085441053e+05
 -1.413977813996694749e+05
 -1.414191236896294577e+05
 -1.414411551482393115e+05
 -1.414638758459570527e+05
 -1.414872858542520262e+05
 -1.415113852458934707e+05
 -1.415361740951673128e+05
 -1.415616524780373729e+05
 -1.415878204722644587e+05
 -1.416146781574895140e+05
 -1.416422256152969203e+05
 -1.416704629292568134e+05
 -1.416993901849511021e+05
 -1.417290074699965189e+05
 -1.417593148740577453e+05
 -1.417903124888580933e+05
 -1.418220004081861116e+05
 -1.418543787279041717e+05
 -1.418874475459551031e+05
 -1.419212069623691204e+05
 -1.419556570792706916e+05
 -1.419907980008867744e+05
 -1.420266298335555184e+05
 -1.420631526857313002e+05
 -1.421003666679985181e+05
 -1.421382718930748815e+05
 -1.421768684758233139e+05
 -1.422161565332598693e+05
 -1.422561361845640931e+05
 -1.422968075510853669e+05
 -1.423381707563555974e+05
 -1.423802259260957653e+05
 -1.424229731882264023e+05
 -1.424664126728767878e+05
 -1.425105445123949612e+05
 -1.425553688413549389e+05
 -1.426008857965688803e+05
 -1.426470955170944799e+05
 -1.426939981442467833e+05
 -1.427415938216057257e+05
 -1.427898826950281800e+05
 -1.428388649126559903e+05
 -1.428885406249278458e+05
 -1.429389099845873134e+05
 -1.429899731466943049e+05
 -1.430417302686357580e+05
 -1.430941815101350076e+05
 -1.431473270332637185e+05
 -1.432011670024500054e+05
 -1.432557015844913258e+05
 -1.433109309485653648e+05
 -1.433668552662387083e+05
 -1.434234747114804632e+05
 -1.434807894606727932e+05
 -1.435387996926219785e+05
 -1.435975055885698239e+05
 -1.436569073322069598e+05
 -1.437170051096839015e+05
 -1.437777991096240003e+05
 -1.438392895231362781e+05
 -1.439014765438276809e+05
 -1.439643603678175132e+05
 -1.440279411937500699e+05
 -1.440922192228072672e+05
 -1.441571946587238926e+05
 -1.442228677078020119e+05
 -1.442892385789247346e+05
 -1.443563074835705920e+05
 -1.444240746358301258e+05
 -1.444925402524176170e+05
 -1.445617045526879374e+05
 -1.446315677586526144e+05
 -1.447021300949949364e+05
 -1.447733917890865996e+05
 -1.448453530710020277e+05
 -1.449180141735367943e+05
 -1.449913753322253469e+05
 -1.450654367853550939e+05
 -1.451401987739875913e+05
 -1.452156615419744048e+05
 -1.452918253359758528e+05
 -1.453686904054802144e+05
 -1.454462570028232876e+05
 -1.455245253832075105e+05
 -1.456034958047219261e+05
 -1.456831685283621482e+05
 -1.457635438180522178e+05
 -1.458446219406642485e+05
 -1.459264031660399050e+05
 -1.460088877670123475e+05
 -1.460920760194290197e+05
 -1.461759682021731860e+05
 -1.462605645971862250e+05
 -1.463458654894906795e+05
 -1.464318711672152858e+05
 -1.465185819216176751e+05
 -1.466059980471085582e+05
 -1.466941198412775120e+05
 -1.467829476049187069e+05
 -1.468724816420561110e+05
 -1.469627222599713714e+05
 -1.470536697692307353e+05
 -1.471453244837121456e+05
 -1.472376867206352763e+05
 -1.473307568005891226e+05
 -1.474245350475639862e+05
 -1.475190217889800842e+05
 -1.476142173557182541e+05
 -1.477101220821523457e+05
 -1.478067363061800716e+05
 -1.479040603692577570e+05
 -1.480020946164314228e+05
 -1.481008393963715062e+05
 -1.482002950614059228e+05
 -1.483004619675565627e+05
 -1.484013404745737207e+05
 -1.485029309459729702e+05
 -1.486052337490740756e+05
 -1.487082492550355091e+05
 -1.488119778388969717e+05
 -1.489164198796170531e+05
 -1.490215757601143559e+05
 -1.491274458673092595e+05
 -1.492340305921666150e+05
 -1.493413303297390812e+05
 -1.494493454792119446e+05
 -1.495580764439474733e+05
 -1.496675236315327929e+05
 -1.497776874538251723e+05
 -1.498885683270031295e+05
 -1.500001666716117761e+05
 -1.501124829126149707e+05
 -1.502255174794474151e+05
 -1.503392708060650039e+05
 -1.504537433309997723e+05
 -1.505689354974138841e+05
 -1.506848477531554527e+05
 -1.508014805508166610e+05
 -1.509188343477922899e+05
 -1.510369096063396428e+05
 -1.511557067936398380e+05
 -1.512752263818613137e+05
 -1.513954688482246711e+05
 -1.515164346750675759e+05
 -1.516381243499131233e+05
 -1.517605383655391634e+05
 -1.518836772200475680e+05
 -1.520075414169372525e+05
 -1.521321314651763241e+05
 -1.522574478792793234e+05
 -1.523834911793835636e+05
 -1.525102618913267797e+05
 -1.526377605467300164e+05
 -1.527659876830779831e+05
 -1.528949438438061625e+05
 -1.530246295783861424e+05
 -1.531550454424152267e+05
 -1.532861919977086072e+05
 -1.534180698123938055e+05
 -1.535506794610058423e+05
 -1.536840215245866857e+05
 -1.538180965907862701e+05
 -1.539529052539662807e+05
 -1.540884481153068482e+05
 -1.542247257829149021e+05
 -1.543617388719361043e+05
 -1.544994880046695471e+05
 -1.546379738106842851e+05
 -1.547771969269409019e+05
 -1.549171579979136586e+05
 -1.550578576757153496e+05
 -1.551992966202320531e+05
 -1.553414754992532544e+05
 -1.554843949886090413e+05
 -1.556280557723134698e+05
 -1.557724585427083657e+05
 -1.559176040006107651e+05
 -1.560634928554678918e+05
 -1.562101258255129796e+05
 -1.563575036379256635e+05
 -1.565056270289991517e+05
 -1.566544967443105415e+05
 -1.568041135388959083e+05
 -1.569544781774316798e+05
 -1.571055914344193880e+05
 -1.572574540943753673e+05
 -1.574100669520242373e+05
 -1.575634308125013486e+05
 -1.577175464915566845e+05
 -1.578724148157670861e+05
 -1.580280366227580816e+05
 -1.581844127614317695e+05
 -1.583415440922011039e+05
 -1.584994314872394025e+05
 -1.586580758307281649e+05
 -1.588174780191144091e+05
 -1.589776389613681531e+05
 -1.591385595792433014e+05
 -1.593002408075453714e+05
 -1.594626835944031482e+05
 -1.596258889015571331e+05
 -1.597898577046655701e+05
 -1.599545909936327080e+05
 -1.601200897729622084e+05
 -1.602863550621227187e+05
 -1.604533878959278518e+05
 -1.606211893249078421e+05
 -1.607897604156694433e+05
 -1.609591022512383061e+05
 -1.611292159313803422e+05
 -1.613001025729221874e+05
 -1.614717633100874373e+05
 -1.616441992948799161e+05
 -1.618174116975390643e+05
 -1.619914017070799600e+05
 -1.621661705319219618e+05
 -1.623417194005811762e+05
 -1.625180495623875759e+05
 -1.626951622881739459e+05
 -1.628730588708801661e+05
 -1.410810594024907623e+05
 -1.410805186770299333e+05
 -1.410809269685996114e+05
 -1.410822367255247664e+05
 -1.410846615387244092e+05
 -1.410880261251553893e+05
 -1.410921470147913205e+05
 -1.410969494586056098e+05
 -1.411024404019231151e+05
 -1.411086302897510177e+05
 -1.411155201510953775e+05
 -1.411231035293001623e+05
 -1.411313747522474441e+05
 -1.411403310522236570e+05
 -1.411499722316103580e+05
 -1.411602991852853738e+05
 -1.411713129524093820e+05
 -1.411830142996085633e+05
 -1.411954036797548179e+05
 -1.412084813230586587e+05
 -1.412222473392270040e+05
 -1.412367017896180623e+05
 -1.412518447249434539e+05
 -1.412676762007990037e+05
 -1.412841962804404902e+05
 -1.413014050329046149e+05
 -1.413193025299849687e+05
 -1.413378888440093142e+05
 -1.413571640466341050e+05
 -1.413771282085452985e+05
 -1.413977813996700279e+05
 -1.414191236896293412e+05
 -1.414411551482386421e+05
 -1.414638758459559758e+05
 -1.414872858542506292e+05
 -1.415113852458928013e+05
 -1.415361740951669926e+05
 -1.415616524780374020e+05
 -1.415878204722641967e+05
 -1.416146781574886118e+05
 -1.416422256152954069e+05
 -1.416704629292548925e+05
 -1.416993901849490358e+05
 -1.417290074699946563e+05
 -1.417593148740561446e+05
 -1.417903124888565508e+05
 -1.418220004081840452e+05
 -1.418543787279020471e+05
 -1.418874475459532987e+05
 -1.419212069623673160e+05
 -1.419556570792690036e+05
 -1.419907980008855229e+05
 -1.420266298335541214e+05
 -1.420631526857303688e+05
 -1.421003666679978487e+05
 -1.421382718930741248e+05
 -1.421768684758229647e+05
 -1.422161565332593746e+05
 -1.422561361845634528e+05
 -1.422968075510845520e+05
 -1.423381707563545788e+05
 -1.423802259260947758e+05
 -1.424229731882257038e+05
 -1.424664126728766132e+05
 -1.425105445123948157e+05
 -1.425553688413549098e+05
 -1.426008857965685893e+05
 -1.426470955170938978e+05
 -1.426939981442459975e+05
 -1.427415938216050563e+05
 -1.427898826950272196e+05
 -1.428388649126553209e+05
 -1.428885406249270891e+05
 -1.429389099845860328e+05
 -1.429899731466933154e+05
 -1.430417302686351468e+05
 -1.430941815101339016e+05
 -1.431473270332613902e+05
 -1.432011670024467167e+05
 -1.432557015844876005e+05
 -1.433109309485616395e+05
 -1.433668552662354487e+05
 -1.434234747114776692e+05
 -1.434807894606700866e+05
 -1.435387996926198830e+05
 -1.435975055885679903e+05
 -1.436569073322057375e+05
 -1.437170051096836105e+05
 -1.437777991096237965e+05
 -1.438392895231362199e+05
 -1.439014765438280883e+05
 -1.439643603678175714e+05
 -1.440279411937494297e+05
 -1.440922192228062486e+05
 -1.441571946587226703e+05
 -1.442228677078008477e+05
 -1.442892385789238033e+05
 -1.443563074835702137e+05
 -1.444240746358299511e+05
 -1.444925402524177334e+05
 -1.445617045526882575e+05
 -1.446315677586529928e+05
 -1.447021300949954893e+05
 -1.447733917890867451e+05
 -1.448453530710013292e+05
 -1.449180141735354555e+05
 -1.449913753322232224e+05
 -1.450654367853530857e+05
 -1.451401987739854958e+05
 -1.452156615419725131e+05
 -1.452918253359744267e+05
 -1.453686904054792249e+05
 -1.454462570028229966e+05
 -1.455245253832080052e+05
 -1.456034958047226537e+05
 -1.456831685283632251e+05
 -1.457635438180535857e+05
 -1.458446219406651217e+05
 -1.459264031660401379e+05
 -1.460088877670122602e+05
 -1.460920760194291943e+05
 -1.461759682021733897e+05
 -1.462605645971865160e+05
 -1.463458654894911451e+05
 -1.464318711672154895e+05
 -1.465185819216174714e+05
 -1.466059980471079471e+05
 -1.466941198412769008e+05
 -1.467829476049183868e+05
 -1.468724816420560819e+05
 -1.469627222599714587e+05
 -1.470536697692304151e+05
 -1.471453244837115926e+05
 -1.472376867206344323e+05
 -1.473307568005883950e+05
 -1.474245350475633459e+05
 -1.475190217889793566e+05
 -1.476142173557170900e+05
 -1.477101220821510069e+05
 -1.478067363061791402e+05
 -1.479040603692565928e+05
 -1.480020946164301713e+05
 -1.481008393963700219e+05
 -1.482002950614046422e+05
 -1.483004619675553986e+05
 -1.484013404745727312e+05
 -1.485029309459724755e+05
 -1.486052337490736390e+05
 -1.487082492550351017e+05
 -1.488119778388966515e+05
 -1.489164198796166747e+05
 -1.490215757601140358e+05
 -1.491274458673089684e+05
 -1.492340305921667023e+05
 -1.493413303297391685e+05
 -1.494493454792119155e+05
 -1.495580764439474442e+05
 -1.496675236315329093e+05
 -1.497776874538253760e+05
 -1.498885683270029258e+05
 -1.500001666716110485e+05
 -1.501124829126141849e+05
 -1.502255174794465711e+05
 -1.503392708060640434e+05
 -1.504537433309992775e+05
 -1.505689354974138550e+05
 -1.506848477531555982e+05
 -1.508014805508169811e+05
 -1.509188343477926683e+05
 -1.510369096063397883e+05
 -1.511557067936396925e+05
 -1.512752263818613137e+05
 -1.513954688482247875e+05
 -1.515164346750675177e+05
 -1.516381243499125703e+05
 -1.517605383655387850e+05
 -1.518836772200470732e+05
 -1.520075414169366995e+05
 -1.521321314651758585e+05
 -1.522574478792793525e+05
 -1.523834911793839128e+05
 -1.525102618913273036e+05
 -1.526377605467305111e+05
 -1.527659876830790308e+05
 -1.528949438438075304e+05
 -1.530246295783874812e+05
 -1.531550454424159543e+05
 -1.532861919977094221e+05
 -1.534180698123938346e+05
 -1.535506794610058423e+05
 -1.536840215245865402e+05
 -1.538180965907860664e+05
 -1.539529052539661643e+05
 -1.540884481153067318e+05
 -1.542247257829142036e+05
 -1.543617388719349983e+05
 -1.544994880046687322e+05
 -1.546379738106835575e+05
 -1.547771969269402616e+05
 -1.549171579979130474e+05
 -1.550578576757154660e+05
 -1.551992966202330717e+05
 -1.553414754992539238e+05
 -1.554843949886097980e+05
 -1.556280557723143138e+05
 -1.557724585427088314e+05
 -1.559176040006110561e+05
 -1.560634928554686485e+05
 -1.562101258255133289e+05
 -1.563575036379261001e+05
 -1.565056270289992681e+05
 -1.566544967443102505e+05
 -1.568041135388961993e+05
 -1.569544781774323783e+05
 -1.571055914344207849e+05
 -1.572574540943765023e+05
 -1.574100669520248775e+05
 -1.575634308125018433e+05
 -1.577175464915565099e+05
 -1.578724148157669697e+05
 -1.580280366227584018e+05
 -1.581844127614318277e+05
 -1.583415440922013950e+05
 -1.584994314872394898e+05
 -1.586580758307280194e+05
 -1.588174780191138270e+05
 -1.589776389613677165e+05
 -1.591385595792437380e+05
 -1.593002408075461281e+05
 -1.594626835944040213e+05
 -1.596258889015584718e+05
 -1.597898577046667633e+05
 -1.599545909936341050e+05
 -1.601200897729632561e+05
 -1.602863550621237664e+05
 -1.604533878959281428e+05
 -1.606211893249072891e+05
 -1.607897604156684829e+05
 -1.609591022512373747e+05
 -1.611292159313797310e+05
 -1.613001025729212561e+05
 -1.614717633100861567e+05
 -1.616441992948793632e+05
 -1.618174116975385696e+05
 -1.619914017070797563e+05
 -1.621661705319217872e+05
 -1.623417194005809724e+05
 -1.625180495623884199e+05
 -1.626951622881753428e+05
 -1.628730588708817086e+05
 </DataArray>
 <DataArray Name="T" type="Float32" NumberOfComponents="1" format="ascii">
 4.516390872281093039e+02
 4.516392607647979958e+02
 4.516391297305253261e+02
 4.516387093861961262e+02
 4.516379311834185160e+02
 4.516368513763204078e+02
 4.516355288465022682e+02
 4.516339875833999145e+02
 4.516322253580290749e+02
 4.516302388182415370e+02
 4.516280276337943747e+02
 4.516255938768426290e+02
 4.516229393677566009e+02
 4.516200649947871284e+02
 4.516169708213565173e+02
 4.516136565602689075e+02
 4.516101218780234490e+02
 4.516063665285838056e+02
 4.516023903666088586e+02
 4.515981933182164880e+02
 4.515937753481979371e+02
 4.515891364368611107e+02
 4.515842765679316813e+02
 4.515791957235666700e+02
 4.515738938834653027e+02
 4.515683710254713219e+02
 4.515626271265439868e+02
 4.515566621634705484e+02
 4.515504761132542626e+02
 4.515440689532094325e+02
 4.515374406608945037e+02
 4.515305912139654083e+02
 4.515235205900165738e+02
 4.515162287664352334e+02
 4.515087157202849539e+02
 4.515009814282114462e+02
 4.514930258663737845e+02
 4.514848490103929066e+02
 4.514764508353127326e+02
 4.514678313155737328e+02
 4.514589904249928622e+02
 4.514499281367498043e+02
 4.514406444233782736e+02
 4.514311392567593089e+02
 4.514214126081164977e+02
 4.514114644480129073e+02
 4.514012947463485830e+02
 4.513909034723579907e+02
 4.513802905946082547e+02
 4.513694560809963718e+02
 4.513583998987469386e+02
 4.513471220144105587e+02
 4.513356223938593530e+02
 4.513239010022867888e+02
 4.513119578042030184e+02
 4.512997927634327766e+02
 4.512874058431129924e+02
 4.512747970056892655e+02
 4.512619662129130802e+02
 4.512489134258391346e+02
 4.512356386048220998e+02
 4.512221417095140055e+02
 4.512084226988608862e+02
 4.511944815310998820e+02
 4.511803181637562261e+02
 4.511659325536405731e+02
 4.511513246568454178e+02
 4.511364944287426511e+02
 4.511214418239792963e+02
 4.511061667964762023e+02
 4.510906692994227569e+02
 4.510749492852754656e+02
 4.510590067057535748e+02
 4.510428415118366274e+02
 4.510264536537607682e+02
 4.510098430810152195e+02
 4.509930097423396091e+02
 4.509759535857197079e+02
 4.509586745583852689e+02
 4.509411726068052531e+02
 4.509234476766849298e+02
 4.509054997129630351e+02
 4.508873286598071104e+02
 4.508689344606102054e+02
 4.508503170579875814e+02
 4.508314763937725616e+02
 4.508124124090130067e+02
 4.507931250439668815e+02
 4.507736142380986166e+02
 4.507538799300753567e+02
 4.507339220577618448e+02
 4.507137405582171823e+02
 4.506933353676896559e+02
 4.506727064216133272e+02
 4.506518536546032010e+02
 4.506307770004498821e+02
 4.506094763921159370e+02
 4.505879517617310057e+02
 4.505662030405861742e+02
 4.505442301591308478e+02
 4.505220330469666123e+02
 4.504996116328426865e+02
 4.504769658446509197e+02
 4.504540956094200510e+02
 4.504310008533116161e+02
 4.504076815016136379e+02
 4.503841374787356813e+02
 4.503603687082031684e+02
 4.503363751126516945e+02
 4.503121566138208891e+02
 4.502877131325496407e+02
 4.502630445887686506e+02
 4.502381509014952030e+02
 4.502130319888262306e+02
 4.501876877679324593e+02
 4.501621181550519282e+02
 4.501363230654824292e+02
 4.501103024135759938e+02
 4.500840561127316732e+02
 4.500575840753878651e+02
 4.500308862130164016e+02
 4.500039624361142501e+02
 4.499768126541972038e+02
 4.499494367757919235e+02
 4.499218347084283778e+02
 4.498940063586323959e+02
 4.498659516319179943e+02
 4.498376704327785660e+02
 4.498091626646794907e+02
 4.497804282300494378e+02
 4.497514670302714990e+02
 4.497222789656746613e+02
 4.496928639355250539e+02
 4.496632218380167387e+02
 4.496333525702616498e+02
 4.496032560282807253e+02
 4.495729321069940738e+02
 4.495423807002110266e+02
 4.495116017006200195e+02
 4.494805949997783614e+02
 4.494493604881014903e+02
 4.494178980548528557e+02
 4.493862075881324358e+02
 4.493542889748665630e+02
 4.493221421007959862e+02
 4.492897668504650710e+02
 4.492571631072094078e+02
 4.492243307531442724e+02
 4.491912696691524047e+02
 4.491579797348711622e+02
 4.491244608286801849e+02
 4.490907128276883213e+02
 4.490567356077199292e+02
 4.490225290433016312e+02
 4.489880930076477625e+02
 4.489534273726465017e+02
 4.489185320088457729e+02
 4.488834067854372734e+02
 4.488480515702424327e+02
 4.488124662296957013e+02
 4.487766506288303390e+02
 4.487406046312611920e+02
 4.487043280991687197e+02
 4.486678208932819985e+02
 4.486310828728614979e+02
 4.485941138956819714e+02
 4.485569138180140385e+02
 4.485194824946060521e+02
 4.484818197786647147e+02
 4.484439255218364337e+02
 4.484057995741871991e+02
 4.483674417841828017e+02
 4.483288519986672327e+02
 4.482900300628422769e+02
 4.482509758202459693e+02
 4.482116891127291751e+02
 4.481721697804347286e+02
 4.481324176617731041e+02
 4.480924325933997920e+02
 4.480522144101898334e+02
 4.480117629452140022e+02
 4.479710780297136807e+02
 4.479301594930739725e+02
 4.478890071627982934e+02
 4.478476208644802341e+02
 4.478060004217761616e+02
 4.477641456563765132e+02
 4.477220563879762381e+02
 4.476797324342442721e+02
 4.476371736107936385e+02
 4.475943797311484218e+02
 4.475513506067124467e+02
 4.475080860467355706e+02
 4.474645858582787241e+02
 4.474208498461807721e+02
 4.473768778130208830e+02
 4.473326695590827740e+02
 4.472882248823167401e+02
 4.472435435783012849e+02
 4.471986254402031022e+02
 4.471534702587377978e+02
 4.471080778221258356e+02
 4.470624479160517808e+02
 4.470165803236192801e+02
 4.469704748253055300e+02
 4.469241311989151200e+02
 4.468775492195329093e+02
 4.468307286594734933e+02
 4.467836692882323177e+02
 4.467363708724330991e+02
 4.466888331757753008e+02
 4.466410559589784839e+02
 4.465930389797264297e+02
 4.465447819926092734e+02
 4.464962847490639319e+02
 4.464475469973130544e+02
 4.463985684823032898e+02
 4.463493489456400880e+02
 4.462998881255220454e+02
 4.462501857566736021e+02
 4.462002415702729650e+02
 4.461500552938792339e+02
 4.460996266513575392e+02
 4.460489553627985515e+02
 4.459980411444391279e+02
 4.459468837085799464e+02
 4.458954827635022298e+02
 4.458438380133848113e+02
 4.457919491582175056e+02
 4.457398158937146491e+02
 4.456874379112217639e+02
 4.456348148976179573e+02
 4.455819465352100792e+02
 4.455288325016195472e+02
 4.454754724696654193e+02
 4.454218661072417262e+02
 4.453680130771984409e+02
 4.453139130372260865e+02
 4.452595656397461426e+02
 4.452049705318073052e+02
 4.451501273549827715e+02
 4.450950357452627486e+02
 4.450396953329312169e+02
 4.449841057424195014e+02
 4.449282665921333546e+02
 4.448721774942511047e+02
 4.448158380545011141e+02
 4.447592478719321321e+02
 4.447024065386919460e+02
 4.446453136398334891e+02
 4.516390872281085649e+02
 4.516392607647981094e+02
 4.516391297305256103e+02
 4.516387093861968083e+02
 4.516379311834194255e+02
 4.516368513763209194e+02
 4.516355288465026092e+02
 4.516339875834003692e+02
 4.516322253580292454e+02
 4.516302388182411960e+02
 4.516280276337940904e+02
 4.516255938768422880e+02
 4.516229393677563166e+02
 4.516200649947867873e+02
 4.516169708213562330e+02
 4.516136565602685664e+02
 4.516101218780229374e+02
 4.516063665285834645e+02
 4.516023903666085175e+02
 4.515981933182162038e+02
 4.515937753481977666e+02
 4.515891364368612813e+02
 4.515842765679317381e+02
 4.515791957235666700e+02
 4.515738938834652458e+02
 4.515683710254712651e+02
 4.515626271265436458e+02
 4.515566621634700368e+02
 4.515504761132536942e+02
 4.515440689532092051e+02
 4.515374406608942763e+02
 4.515305912139655220e+02
 4.515235205900167443e+02
 4.515162287664356882e+02
 4.515087157202854087e+02
 4.515009814282115599e+02
 4.514930258663738414e+02
 4.514848490103928498e+02
 4.514764508353127894e+02
 4.514678313155739602e+02
 4.514589904249933170e+02
 4.514499281367503158e+02
 4.514406444233788989e+02
 4.514311392567599910e+02
 4.514214126081171230e+02
 4.514114644480134189e+02
 4.514012947463491514e+02
 4.513909034723587297e+02
 4.513802905946088799e+02
 4.513694560809969403e+02
 4.513583998987475070e+02
 4.513471220144108997e+02
 4.513356223938597509e+02
 4.513239010022871298e+02
 4.513119578042032458e+02
 4.512997927634331177e+02
 4.512874058431131061e+02
 4.512747970056894928e+02
 4.512619662129132507e+02
 4.512489134258394188e+02
 4.512356386048224408e+02
 4.512221417095142897e+02
 4.512084226988611135e+02
 4.511944815310998820e+02
 4.511803181637562261e+02
 4.511659325536406300e+02
 4.511513246568455884e+02
 4.511364944287427079e+02
 4.511214418239795805e+02
 4.511061667964763728e+02
 4.510906692994229843e+02
 4.510749492852755793e+02
 4.510590067057537453e+02
 4.510428415118370253e+02
 4.510264536537610525e+02
 4.510098430810154468e+02
 4.509930097423398934e+02
 4.509759535857205037e+02
 4.509586745583862921e+02
 4.509411726068064468e+02
 4.509234476766860666e+02
 4.509054997129641151e+02
 4.508873286598080199e+02
 4.508689344606111149e+02
 4.508503170579881498e+02
 4.508314763937732437e+02
 4.508124124090132909e+02
 4.507931250439669952e+02
 4.507736142380986735e+02
 4.507538799300752999e+02
 4.507339220577616743e+02
 4.507137405582170686e+02
 4.506933353676898264e+02
 4.506727064216137251e+02
 4.506518536546035989e+02
 4.506307770004502231e+02
 4.506094763921162780e+02
 4.505879517617311762e+02
 4.505662030405863447e+02
 4.505442301591307341e+02
 4.505220330469665555e+02
 4.504996116328426297e+02
 4.504769658446508060e+02
 4.504540956094200510e+02
 4.504310008533117866e+02
 4.504076815016142064e+02
 4.503841374787364771e+02
 4.503603687082039073e+02
 4.503363751126523198e+02
 4.503121566138215712e+02
 4.502877131325500386e+02
 4.502630445887689916e+02
 4.502381509014953167e+02
 4.502130319888261170e+02
 4.501876877679322320e+02
 4.501621181550514734e+02
 4.501363230654819745e+02
 4.501103024135757664e+02
 4.500840561127315596e+02
 4.500575840753878651e+02
 4.500308862130164584e+02
 4.500039624361142501e+02
 4.499768126541971469e+02
 4.499494367757917530e+02
 4.499218347084282641e+02
 4.498940063586325095e+02
 4.498659516319182217e+02
 4.498376704327788502e+02
 4.498091626646796044e+02
 4.497804282300495515e+02
 4.497514670302714990e+02
 4.497222789656748319e+02
 4.496928639355252812e+02
 4.496632218380169661e+02
 4.496333525702618203e+02
 4.496032560282808390e+02
 4.495729321069943580e+02
 4.495423807002114245e+02
 4.495116017006203606e+02
 4.494805949997786456e+02
 4.494493604881019451e+02
 4.494178980548533104e+02
 4.493862075881328906e+02
 4.493542889748669040e+02
 4.493221421007963272e+02
 4.492897668504653552e+02
 4.492571631072096352e+02
 4.492243307531444998e+02
 4.491912696691525184e+02
 4.491579797348712191e+02
 4.491244608286803555e+02
 4.490907128276884919e+02
 4.490567356077200998e+02
 4.490225290433015175e+02
 4.489880930076477057e+02
 4.489534273726465017e+02
 4.489185320088457729e+02
 4.488834067854372734e+02
 4.488480515702423759e+02
 4.488124662296957581e+02
 4.487766506288304527e+02
 4.487406046312614762e+02
 4.487043280991688903e+02
 4.486678208932822827e+02
 4.486310828728616684e+02
 4.485941138956820282e+02
 4.485569138180139817e+02
 4.485194824946058816e+02
 4.484818197786646010e+02
 4.484439255218363769e+02
 4.484057995741873697e+02
 4.483674417841828586e+02
 4.483288519986672327e+02
 4.482900300628423906e+02
 4.482509758202460830e+02
 4.482116891127292320e+02
 4.481721697804348992e+02
 4.481324176617733315e+02
 4.480924325933999057e+02
 4.480522144101898334e+02
 4.480117629452138885e+02
 4.479710780297134534e+02
 4.479301594930738588e+02
 4.478890071627978386e+02
 4.478476208644797225e+02
 4.478060004217756500e+02
 4.477641456563762858e+02
 4.477220563879758402e+02
 4.476797324342442721e+02
 4.476371736107935249e+02
 4.475943797311484218e+02
 4.475513506067125036e+02
 4.475080860467355137e+02
 4.474645858582788946e+02
 4.474208498461809995e+02
 4.473768778130212809e+02
 4.473326695590831150e+02
 4.472882248823170812e+02
 4.472435435783014555e+02
 4.471986254402033296e+02
 4.471534702587377978e+02
 4.471080778221254945e+02
 4.470624479160516103e+02
 4.470165803236191095e+02
 4.469704748253052458e+02
 4.469241311989150063e+02
 4.468775492195326819e+02
 4.468307286594733228e+02
 4.467836692882321472e+02
 4.467363708724330422e+02
 4.466888331757753576e+02
 4.466410559589785976e+02
 4.465930389797263160e+02
 4.465447819926091029e+02
 4.464962847490635340e+02
 4.464475469973127133e+02
 4.463985684823030624e+02
 4.463493489456398606e+02
 4.462998881255222159e+02
 4.462501857566736589e+02
 4.462002415702729081e+02
 4.461500552938791202e+02
 4.460996266513573119e+02
 4.460489553627984378e+02
 4.459980411444392416e+02
 4.459468837085800033e+02
 4.458954827635022866e+02
 4.458438380133845840e+02
 4.457919491582173350e+02
 4.457398158937144217e+02
 4.456874379112214228e+02
 4.456348148976176162e+02
 4.455819465352096245e+02
 4.455288325016193198e+02
 4.454754724696651351e+02
 4.454218661072415557e+02
 4.453680130771985546e+02
 4.453139130372264276e+02
 4.452595656397464836e+02
 4.452049705318074189e+02
 4.451501273549829989e+02
 4.450950357452632602e+02
 4.450396953329313874e+02
 4.449841057424197288e+02
 4.449282665921334115e+02
 4.448721774942511615e+02
 4.448158380545012278e+02
 4.447592478719319615e+02
 4.447024065386916618e+02
 4.446453136398328638e+02
 </DataArray>
 <DataArray Name="vel.vector" type="Float32" NumberOfComponents="3" format="ascii">
 1.629909396171569824e+00 3.324087695637939488e-13 0.000000000000000000e+00
 4.890820980072021484e+00 3.644016512149850229e-13 0.000000000000000000e+00
 8.151000976562500000e+00 -3.557897791488240369e-13 0.000000000000000000e+00
 1.141167736053466797e+01 2.067837410633585615e-13 0.000000000000000000e+00
 1.467211818695068359e+01 9.200175072731492376e-14 0.000000000000000000e+00
 1.793267631530761719e+01 1.329233472829828219e-14 0.000000000000000000e+00
 2.119315528869628906e+01 -1.699293887738172627e-15 0.000000000000000000e+00
 2.445367813110351562e+01 -2.294793519162612039e-14 0.000000000000000000e+00
 2.771418190002441406e+01 -5.482794716149671718e-15 0.000000000000000000e+00
 3.097470283508300781e+01 6.076808757663745494e-15 0.000000000000000000e+00
 3.423522186279296875e+01 -7.152437008547257724e-14 0.000000000000000000e+00
 3.749575424194335938e+01 -1.521997588724288697e-13 0.000000000000000000e+00
 4.075629043579101562e+01 -1.442867906317063520e-13 0.000000000000000000e+00
 4.401683425903320312e+01 -4.301025952491849269e-14 0.000000000000000000e+00
 4.727738952636718750e+01 -6.668959326693859810e-16 0.000000000000000000e+00
 5.053795242309570312e+01 -1.666285246717733037e-14 0.000000000000000000e+00
 5.379852676391601562e+01 4.643363042564031470e-15 0.000000000000000000e+00
 5.705910873413085938e+01 -2.674181270303707669e-14 0.000000000000000000e+00
 6.031970596313476562e+01 -6.180513457791636522e-14 0.000000000000000000e+00
 6.358031463623046875e+01 -7.100805268214424593e-14 0.000000000000000000e+00
 6.684093475341796875e+01 9.491888476381368789e-15 0.000000000000000000e+00
 7.010157012939453125e+01 6.558473111383661402e-14 0.000000000000000000e+00
 7.336222076416015625e+01 4.487623245013824813e-14 0.000000000000000000e+00
 7.662288665771484375e+01 5.100721277642716878e-14 0.000000000000000000e+00
 7.988356781005859375e+01 7.718507771944591034e-14 0.000000000000000000e+00
 8.314426422119140625e+01 1.584734676384619290e-13 0.000000000000000000e+00
 8.640497589111328125e+01 1.394009148565633627e-13 0.000000000000000000e+00
 8.966570281982421875e+01 1.421089537278347192e-13 0.000000000000000000e+00
 9.292645263671875000e+01 1.769337172434493066e-13 0.000000000000000000e+00
 9.618722534179687500e+01 8.923392488249456966e-14 0.000000000000000000e+00
 9.944801330566406250e+01 1.714701107881702602e-13 0.000000000000000000e+00
 1.027088165283203125e+02 1.273050268717559885e-13 0.000000000000000000e+00
 1.059696502685546875e+02 1.117817589792874378e-13 0.000000000000000000e+00
 1.092304992675781250e+02 2.750365742920364391e-16 0.000000000000000000e+00
 1.124913711547851562e+02 -3.934528009928890679e-14 0.000000000000000000e+00
 1.157522735595703125e+02 -7.253015055956948953e-14 0.000000000000000000e+00
 1.190131912231445312e+02 5.722313187260085615e-15 0.000000000000000000e+00
 1.222741394042968750e+02 -1.380624655805641129e-14 0.000000000000000000e+00
 1.255351104736328125e+02 -4.840200794011722055e-15 0.000000000000000000e+00
 1.287960968017578125e+02 8.572238547526010027e-15 0.000000000000000000e+00
 1.320571289062500000e+02 8.086382312453427312e-14 0.000000000000000000e+00
 1.353181762695312500e+02 3.719229175395792619e-14 0.000000000000000000e+00
 1.385792541503906250e+02 1.069641066258480988e-13 0.000000000000000000e+00
 1.418403625488281250e+02 -1.908839738020990523e-14 0.000000000000000000e+00
 1.451014862060546875e+02 4.192153419649465029e-14 0.000000000000000000e+00
 1.483626556396484375e+02 2.107754244848759201e-14 0.000000000000000000e+00
 1.516238555908203125e+02 3.143641488616288893e-14 0.000000000000000000e+00
 1.548850708007812500e+02 -2.650310187784186977e-14 0.000000000000000000e+00
 1.581463317871093750e+02 -7.075579949418833725e-14 0.000000000000000000e+00
 1.614076232910156250e+02 -1.033749502015249289e-13 0.000000000000000000e+00
 1.646689453125000000e+02 -1.129000474516363497e-14 0.000000000000000000e+00
 1.679302978515625000e+02 -2.394309895476214728e-14 0.000000000000000000e+00
 1.711916961669921875e+02 1.137920730949829040e-13 0.000000000000000000e+00
 1.744531097412109375e+02 5.439336843757842585e-15 0.000000000000000000e+00
 1.777145843505859375e+02 8.011896267950957551e-14 0.000000000000000000e+00
 1.809760742187500000e+02 4.823487394006384377e-14 0.000000000000000000e+00
 1.842376098632812500e+02 8.583852893892171543e-14 0.000000000000000000e+00
 1.874991760253906250e+02 3.303617890858777384e-14 0.000000000000000000e+00
 1.907607879638671875e+02 4.200462135235671912e-14 0.000000000000000000e+00
 1.940224456787109375e+02 1.330823946594887619e-14 0.000000000000000000e+00
 1.972841339111328125e+02 1.724822338449762127e-14 0.000000000000000000e+00
 2.005458679199218750e+02 1.354076779766207397e-14 0.000000000000000000e+00
 2.038076324462890625e+02 -4.673612283176377044e-15 0.000000000000000000e+00
 2.070694427490234375e+02 4.764249975433565432e-14 0.000000000000000000e+00
 2.103312988281250000e+02 8.167857395210281757e-14 0.000000000000000000e+00
 2.135932006835937500e+02 -7.216398838086682255e-15 0.000000000000000000e+00
 2.168551483154296875e+02 1.992736487974045012e-15 0.000000000000000000e+00
 2.201171264648437500e+02 2.329919467265479521e-14 0.000000000000000000e+00
 2.233791656494140625e+02 -3.971054781119927324e-15 0.000000000000000000e+00
 2.266412353515625000e+02 -1.015426824113423165e-14 0.000000000000000000e+00
 2.299033660888671875e+02 1.941212744341986804e-15 0.000000000000000000e+00
 2.331655426025390625e+02 8.335318244102180290e-16 0.000000000000000000e+00
 2.364277496337890625e+02 -1.887244040107679058e-15 0.000000000000000000e+00
 2.396900177001953125e+02 6.468076399999966863e-14 0.000000000000000000e+00
 2.429523315429687500e+02 3.067511522569787985e-14 0.000000000000000000e+00
 2.462147064208984375e+02 -1.059809063560590917e-14 0.000000000000000000e+00
 2.494771270751953125e+02 4.529471077179512972e-14 0.000000000000000000e+00
 2.527395935058593750e+02 6.434080563255326068e-14 0.000000000000000000e+00
 2.560021057128906250e+02 2.796367128197856100e-14 0.000000000000000000e+00
 2.592646789550781250e+02 7.077104608723891466e-14 0.000000000000000000e+00
 2.625273132324218750e+02 1.699694530087059174e-13 0.000000000000000000e+00
 2.657899780273437500e+02 1.471406682477041650e-13 0.000000000000000000e+00
 2.690527038574218750e+02 1.885933087215213577e-13 0.000000000000000000e+00
 2.723154907226562500e+02 1.081266695103499931e-13 0.000000000000000000e+00
 2.755783386230468750e+02 1.677417428048999515e-13 0.000000000000000000e+00
 2.788412475585937500e+02 1.643633417303808075e-13 0.000000000000000000e+00
 2.821041870117187500e+02 1.123927746661187999e-13 0.000000000000000000e+00
 2.853672180175781250e+02 9.732415340215488930e-14 0.000000000000000000e+00
 2.886302795410156250e+02 2.246416214938401490e-13 0.000000000000000000e+00
 2.918934020996093750e+02 2.111032431761222794e-13 0.000000000000000000e+00
 2.951566162109375000e+02 2.274516295794337672e-13 0.000000000000000000e+00
 2.984198608398437500e+02 1.491959767535577797e-13 0.000000000000000000e+00
 3.016831665039062500e+02 2.026213398453879933e-13 0.000000000000000000e+00
 3.049465332031250000e+02 6.848389449932643092e-14 0.000000000000000000e+00
 3.082099914550781250e+02 3.305116800362238594e-14 0.000000000000000000e+00
 3.114734802246093750e+02 1.468927417040428313e-14 0.000000000000000000e+00
 3.147370300292968750e+02 1.377757364575890597e-13 0.000000000000000000e+00
 3.180006713867187500e+02 8.315088662102024242e-14 0.000000000000000000e+00
 3.212643432617187500e+02 8.479263976070641751e-14 0.000000000000000000e+00
 3.245281066894531250e+02 2.964351041110507845e-14 0.000000000000000000e+00
 3.277919311523437500e+02 -1.154284090354549142e-15 0.000000000000000000e+00
 3.310558166503906250e+02 -1.423900839630284215e-14 0.000000000000000000e+00
 3.343197937011718750e+02 4.070589283938601255e-14 0.000000000000000000e+00
 3.375838012695312500e+02 4.822558707083014762e-14 0.000000000000000000e+00
 3.408479003906250000e+02 -2.386926478681588443e-14 0.000000000000000000e+00
 3.441120605468750000e+02 -3.862701648880799421e-14 0.000000000000000000e+00
 3.473763122558593750e+02 -9.983517410396079012e-15 0.000000000000000000e+00
 3.506405944824218750e+02 2.438287337877889649e-14 0.000000000000000000e+00
 3.539049987792968750e+02 -2.626059210987822731e-15 0.000000000000000000e+00
 3.571694335937500000e+02 -7.158732835037609488e-14 0.000000000000000000e+00
 3.604339599609375000e+02 -5.277786739002650329e-14 0.000000000000000000e+00
 3.636985473632812500e+02 -5.963307782687679581e-14 0.000000000000000000e+00
 3.669632263183593750e+02 5.602437188213099661e-14 0.000000000000000000e+00
 3.702279663085937500e+02 4.628817199870717547e-14 0.000000000000000000e+00
 3.734927673339843750e+02 6.396841606762238008e-14 0.000000000000000000e+00
 3.767576599121093750e+02 4.198551737126434563e-15 0.000000000000000000e+00
 3.800226440429687500e+02 2.975373311446538604e-14 0.000000000000000000e+00
 3.832876892089843750e+02 8.851886644468606735e-14 0.000000000000000000e+00
 3.865528259277343750e+02 7.537286766945427985e-14 0.000000000000000000e+00
 3.898180236816406250e+02 4.231452360270275548e-14 0.000000000000000000e+00
 3.930833129882812500e+02 3.929408203982506786e-14 0.000000000000000000e+00
 3.963486633300781250e+02 3.128068322012897591e-15 0.000000000000000000e+00
 3.996141052246093750e+02 5.278934976865948259e-14 0.000000000000000000e+00
 4.028796386718750000e+02 -1.900014941141889356e-16 0.000000000000000000e+00
 4.061452636718750000e+02 2.758245266912197520e-15 0.000000000000000000e+00
 4.094109497070312500e+02 -2.344942951837750145e-14 0.000000000000000000e+00
 4.126767272949218750e+02 2.060222991013584137e-14 0.000000000000000000e+00
 4.159425659179687500e+02 2.622314393624716744e-14 0.000000000000000000e+00
 4.192084960937500000e+02 2.398654835682450387e-14 0.000000000000000000e+00
 4.224745483398437500e+02 1.298846335253669645e-14 0.000000000000000000e+00
 4.257406616210937500e+02 3.925357692428736722e-14 0.000000000000000000e+00
 4.290068359375000000e+02 1.094259166721822153e-16 0.000000000000000000e+00
 4.322731323242187500e+02 5.185078305299309354e-14 0.000000000000000000e+00
 4.355394897460937500e+02 3.732332775089816645e-14 0.000000000000000000e+00
 4.388059692382812500e+02 2.907441946703101521e-14 0.000000000000000000e+00
 4.420725097656250000e+02 3.455866303303696541e-14 0.000000000000000000e+00
 4.453391418457031250e+02 1.386046005481247553e-14 0.000000000000000000e+00
 4.486058654785156250e+02 1.291688568036191906e-14 0.000000000000000000e+00
 4.518726806640625000e+02 4.118565907697442630e-14 0.000000000000000000e+00
 4.551396179199218750e+02 8.179906947104742532e-14 0.000000000000000000e+00
 4.584066162109375000e+02 1.646711873847309104e-13 0.000000000000000000e+00
 4.616737060546875000e+02 1.425054871198941364e-13 0.000000000000000000e+00
 4.649408874511718750e+02 1.241255633433607786e-13 0.000000000000000000e+00
 4.682081604003906250e+02 9.255988445318330538e-14 0.000000000000000000e+00
 4.714755554199218750e+02 1.034171188897710369e-13 0.000000000000000000e+00
 4.747430114746093750e+02 1.271726728915498206e-13 0.000000000000000000e+00
 4.780105895996093750e+02 9.566413823212591150e-14 0.000000000000000000e+00
 4.812782287597656250e+02 9.882575985852015688e-14 0.000000000000000000e+00
 4.845459899902343750e+02 2.674587846118389733e-15 0.000000000000000000e+00
 4.878138427734375000e+02 -7.054198804951061774e-15 0.000000000000000000e+00
 4.910818176269531250e+02 -2.929605071987778642e-14 0.000000000000000000e+00
 4.943498535156250000e+02 -4.742960988150454749e-14 0.000000000000000000e+00
 4.976180114746093750e+02 -2.621439408590203052e-14 0.000000000000000000e+00
 5.008862609863281250e+02 2.575694716647376759e-14 0.000000000000000000e+00
 5.041546325683593750e+02 1.958897860544414615e-14 0.000000000000000000e+00
 5.074230651855468750e+02 4.468085244239278220e-14 0.000000000000000000e+00
 5.106916198730468750e+02 4.555091452141703245e-14 0.000000000000000000e+00
 5.139602661132812500e+02 6.922405221742797266e-14 0.000000000000000000e+00
 5.172290649414062500e+02 9.928452645528024201e-14 0.000000000000000000e+00
 5.204979248046875000e+02 1.079515573069664280e-13 0.000000000000000000e+00
 5.237669067382812500e+02 5.611316465192577041e-14 0.000000000000000000e+00
 5.270359497070312500e+02 6.313992297751758187e-14 0.000000000000000000e+00
 5.303051147460937500e+02 -3.356692255355726677e-15 0.000000000000000000e+00
 5.335744018554687500e+02 3.116367366527879323e-14 0.000000000000000000e+00
 5.368438110351562500e+02 -2.849085103582248146e-14 0.000000000000000000e+00
 5.401132812500000000e+02 5.139479811243179153e-14 0.000000000000000000e+00
 5.433828735351562500e+02 4.176555816145545441e-14 0.000000000000000000e+00
 5.466525878906250000e+02 6.753120605036341817e-14 0.000000000000000000e+00
 5.499224243164062500e+02 5.433823082787690717e-14 0.000000000000000000e+00
 5.531923828125000000e+02 8.522457912996106444e-14 0.000000000000000000e+00
 5.564624023437500000e+02 4.969939390586652905e-14 0.000000000000000000e+00
 5.597325439453125000e+02 5.869992534580925625e-14 0.000000000000000000e+00
 5.630028076171875000e+02 6.810788640964487994e-14 0.000000000000000000e+00
 5.662731933593750000e+02 1.062467307058959087e-13 0.000000000000000000e+00
 5.695436401367187500e+02 9.693180774098669739e-14 0.000000000000000000e+00
 5.728142700195312500e+02 1.862071694752609474e-13 0.000000000000000000e+00
 5.760849609375000000e+02 1.425728838374412666e-13 0.000000000000000000e+00
 5.793557739257812500e+02 1.637826837043790396e-13 0.000000000000000000e+00
 5.826267089843750000e+02 7.782769789960522488e-14 0.000000000000000000e+00
 5.858977661132812500e+02 8.506747145890433681e-14 0.000000000000000000e+00
 5.891689453125000000e+02 9.824993330844952744e-14 0.000000000000000000e+00
 5.924402465820312500e+02 8.655456315868545469e-14 0.000000000000000000e+00
 5.957116699218750000e+02 5.670457660822587898e-14 0.000000000000000000e+00
 5.989831542968750000e+02 4.547776814422394009e-14 0.000000000000000000e+00
 6.022547607421875000e+02 4.228705601828919303e-14 0.000000000000000000e+00
 6.055265502929687500e+02 1.558493460153409504e-13 0.000000000000000000e+00
 6.087984008789062500e+02 1.222040047280104069e-13 0.000000000000000000e+00
 6.120703735351562500e+02 1.686286066294659380e-13 0.000000000000000000e+00
 6.153425292968750000e+02 7.900035741683839041e-14 0.000000000000000000e+00
 6.186147460937500000e+02 8.314190129551576880e-14 0.000000000000000000e+00
 6.218870849609375000e+02 1.691371143890205847e-14 0.000000000000000000e+00
 6.251595458984375000e+02 2.641042292088509325e-14 0.000000000000000000e+00
 6.284321289062500000e+02 3.855749033043146673e-15 0.000000000000000000e+00
 6.317048339843750000e+02 -4.879954337215323956e-14 0.000000000000000000e+00
 6.349776611328125000e+02 -8.950801796796248322e-14 0.000000000000000000e+00
 6.382506713867187500e+02 -9.276977244124934296e-14 0.000000000000000000e+00
 6.415237426757812500e+02 -1.081453719978253680e-13 0.000000000000000000e+00
 6.447969360351562500e+02 -4.464867196666069682e-14 0.000000000000000000e+00
 6.480702514648437500e+02 -2.084338357835092970e-14 0.000000000000000000e+00
 6.513436889648437500e+02 6.246870696505896214e-14 0.000000000000000000e+00
 6.546173095703125000e+02 6.746760404041998727e-14 0.000000000000000000e+00
 6.578909912109375000e+02 5.650738056184149982e-14 0.000000000000000000e+00
 6.611647949218750000e+02 8.740841980336283568e-14 0.000000000000000000e+00
 6.644387817382812500e+02 8.930927693348231222e-14 0.000000000000000000e+00
 6.677128906250000000e+02 9.247760028455523362e-14 0.000000000000000000e+00
 6.709870605468750000e+02 1.287629535330972463e-13 0.000000000000000000e+00
 6.742614135742187500e+02 1.298639879443105882e-13 0.000000000000000000e+00
 6.775358886718750000e+02 1.818441095402176244e-13 0.000000000000000000e+00
 6.808104858398437500e+02 1.128341330417469146e-13 0.000000000000000000e+00
 6.840852050781250000e+02 8.338773736186327890e-14 0.000000000000000000e+00
 6.873600463867187500e+02 7.625928256655822163e-15 0.000000000000000000e+00
 6.906350097656250000e+02 -1.365884164941048168e-14 0.000000000000000000e+00
 6.939100952148437500e+02 -3.740777354760763118e-14 0.000000000000000000e+00
 6.971853637695312500e+02 -2.335847850863312369e-14 0.000000000000000000e+00
 7.004607543945312500e+02 -4.882938942508269209e-14 0.000000000000000000e+00
 7.037362060546875000e+02 6.802581908145130529e-14 0.000000000000000000e+00
 7.070118408203125000e+02 5.697555600057968572e-14 0.000000000000000000e+00
 7.102876586914062500e+02 6.119419342998436151e-14 0.000000000000000000e+00
 7.135635375976562500e+02 3.123936114131364850e-14 0.000000000000000000e+00
 7.168395385742187500e+02 -2.541770538890073677e-14 0.000000000000000000e+00
 7.201157226562500000e+02 -3.355538300020034781e-14 0.000000000000000000e+00
 7.233920288085937500e+02 -2.273383067354865089e-14 0.000000000000000000e+00
 7.266684570312500000e+02 -1.672938351705236665e-14 0.000000000000000000e+00
 7.299450073242187500e+02 -7.761798270626042717e-15 0.000000000000000000e+00
 7.332216796875000000e+02 -8.362758998747138461e-14 0.000000000000000000e+00
 7.364984741210937500e+02 -9.558891493014615159e-14 0.000000000000000000e+00
 7.397754516601562500e+02 -1.757671292583820599e-13 0.000000000000000000e+00
 7.430525512695312500e+02 -1.741172310498750875e-13 0.000000000000000000e+00
 7.463297729492187500e+02 -1.763818041275455606e-13 0.000000000000000000e+00
 7.496071166992187500e+02 -1.483371395551505434e-13 0.000000000000000000e+00
 7.528846435546875000e+02 -8.835582276673498159e-14 0.000000000000000000e+00
 7.561622924804687500e+02 -2.419030552041831483e-14 0.000000000000000000e+00
 7.594400634765625000e+02 -1.162592107138574540e-14 0.000000000000000000e+00
 7.627179565429687500e+02 -5.847109092477903447e-14 0.000000000000000000e+00
 7.659959716796875000e+02 -5.641309901854851816e-14 0.000000000000000000e+00
 7.692741699218750000e+02 -2.290726405763075790e-14 0.000000000000000000e+00
 7.725524291992187500e+02 -4.601711129119043231e-14 0.000000000000000000e+00
 7.758308715820312500e+02 -3.580080296886750668e-14 0.000000000000000000e+00
 7.791094360351562500e+02 -2.254847275963509784e-14 0.000000000000000000e+00
 7.823881835937500000e+02 3.180956678074629840e-14 0.000000000000000000e+00
 7.856670532226562500e+02 -9.720536550163194622e-15 0.000000000000000000e+00
 7.889459838867187500e+02 -6.017997650773279639e-14 0.000000000000000000e+00
 7.922251586914062500e+02 -1.044805179330719758e-13 0.000000000000000000e+00
 7.955043945312500000e+02 -7.401250565110956137e-14 0.000000000000000000e+00
 7.987837524414062500e+02 -1.292236039311320250e-13 0.000000000000000000e+00
 8.020632934570312500e+02 -8.251511046707474262e-14 0.000000000000000000e+00
 8.053429565429687500e+02 -1.016894698329696978e-13 0.000000000000000000e+00
 8.086227416992187500e+02 1.137661471105333444e-14 0.000000000000000000e+00
 8.119027099609375000e+02 9.978928355294444663e-14 0.000000000000000000e+00
 8.151827392578125000e+02 2.111485899319864856e-13 0.000000000000000000e+00
 1.629909396171569824e+00 4.737517344567676592e-13 0.000000000000000000e+00
 4.890820980072021484e+00 5.463205300475226789e-13 0.000000000000000000e+00
 8.151000976562500000e+00 -2.672357506724315490e-13 0.000000000000000000e+00
 1.141167736053466797e+01 6.845009449659919532e-14 0.000000000000000000e+00
 1.467211818695068359e+01 -3.155965817998838963e-14 0.000000000000000000e+00
 1.793267631530761719e+01 -1.224444943223948479e-13 0.000000000000000000e+00
 2.119315528869628906e+01 -1.261349694397367882e-13 0.000000000000000000e+00
 2.445367813110351562e+01 -1.996938584544055706e-13 0.000000000000000000e+00
 2.771418190002441406e+01 -1.419077935672571900e-13 0.000000000000000000e+00
 3.097470283508300781e+01 -1.659343100207308352e-13 0.000000000000000000e+00
 3.423522186279296875e+01 -1.894816904291288240e-13 0.000000000000000000e+00
 3.749575424194335938e+01 -2.336197641589210505e-13 0.000000000000000000e+00
 4.075629043579101562e+01 -9.880370989683723293e-14 0.000000000000000000e+00
 4.401683425903320312e+01 -2.016375483466018026e-13 0.000000000000000000e+00
 4.727738952636718750e+01 -1.691455135677255583e-13 0.000000000000000000e+00
 5.053795242309570312e+01 -1.289350706279793202e-13 0.000000000000000000e+00
 5.379852676391601562e+01 -9.227309942603373338e-14 0.000000000000000000e+00
 5.705910873413085938e+01 -1.428741700686478322e-13 0.000000000000000000e+00
 6.031970596313476562e+01 -1.035276465249923561e-13 0.000000000000000000e+00
 6.358031463623046875e+01 -1.478673412012854183e-13 0.000000000000000000e+00
 6.684093475341796875e+01 -8.330960704280854223e-14 0.000000000000000000e+00
 7.010157012939453125e+01 -1.527160830520207790e-13 0.000000000000000000e+00
 7.336222076416015625e+01 7.507615541616288746e-14 0.000000000000000000e+00
 7.662288665771484375e+01 -1.319555189671205858e-14 0.000000000000000000e+00
 7.988356781005859375e+01 1.386404046308051946e-14 0.000000000000000000e+00
 8.314426422119140625e+01 -5.783912811316207353e-15 0.000000000000000000e+00
 8.640497589111328125e+01 1.061711685907372471e-13 0.000000000000000000e+00
 8.966570281982421875e+01 7.183486525888169161e-14 0.000000000000000000e+00
 9.292645263671875000e+01 1.305995106981247544e-13 0.000000000000000000e+00
 9.618722534179687500e+01 -1.820760169967804848e-14 0.000000000000000000e+00
 9.944801330566406250e+01 9.488278083146992059e-14 0.000000000000000000e+00
 1.027088165283203125e+02 -5.299217689007720833e-14 0.000000000000000000e+00
 1.059696502685546875e+02 2.033439470408224259e-13 0.000000000000000000e+00
 1.092304992675781250e+02 7.189920588155512826e-15 0.000000000000000000e+00
 1.124913711547851562e+02 -1.010189585519231936e-13 0.000000000000000000e+00
 1.157522735595703125e+02 -1.999514242330066582e-13 0.000000000000000000e+00
 1.190131912231445312e+02 -4.677815006550768706e-14 0.000000000000000000e+00
 1.222741394042968750e+02 -1.313761382668032773e-13 0.000000000000000000e+00
 1.255351104736328125e+02 -5.913361299106703606e-14 0.000000000000000000e+00
 1.287960968017578125e+02 -9.752861360309492134e-14 0.000000000000000000e+00
 1.320571289062500000e+02 1.145019900428015727e-14 0.000000000000000000e+00
 1.353181762695312500e+02 -8.443283371723994679e-14 0.000000000000000000e+00
 1.385792541503906250e+02 3.104225860736664622e-13 0.000000000000000000e+00
 1.418403625488281250e+02 -1.894768928345155756e-13 0.000000000000000000e+00
 1.451014862060546875e+02 1.001151100226988638e-14 0.000000000000000000e+00
 1.483626556396484375e+02 -8.386602637399168114e-14 0.000000000000000000e+00
 1.516238555908203125e+02 7.537769236912184034e-14 0.000000000000000000e+00
 1.548850708007812500e+02 5.191583941850696007e-15 0.000000000000000000e+00
 1.581463317871093750e+02 -3.777551459572398018e-14 0.000000000000000000e+00
 1.614076232910156250e+02 -1.688397685550846461e-13 0.000000000000000000e+00
 1.646689453125000000e+02 -5.878797611474223528e-14 0.000000000000000000e+00
 1.679302978515625000e+02 -1.961417275342727806e-13 0.000000000000000000e+00
 1.711916961669921875e+02 2.725924141359220565e-13 0.000000000000000000e+00
 1.744531097412109375e+02 -1.861243906393916792e-13 0.000000000000000000e+00
 1.777145843505859375e+02 2.067602003236884700e-14 0.000000000000000000e+00
 1.809760742187500000e+02 -3.655894489050515173e-14 0.000000000000000000e+00
 1.842376098632812500e+02 1.388434994146342527e-13 0.000000000000000000e+00
 1.874991760253906250e+02 8.034733631461649095e-14 0.000000000000000000e+00
 1.907607879638671875e+02 6.380015466671620783e-14 0.000000000000000000e+00
 1.940224456787109375e+02 -2.225585675767662724e-14 0.000000000000000000e+00
 1.972841339111328125e+02 -5.586587846517256095e-14 0.000000000000000000e+00
 2.005458679199218750e+02 -1.349189992583613162e-13 0.000000000000000000e+00
 2.038076324462890625e+02 -8.002346479690433667e-14 0.000000000000000000e+00
 2.070694427490234375e+02 -2.508615602574149062e-13 0.000000000000000000e+00
 2.103312988281250000e+02 -2.389301559065689501e-14 0.000000000000000000e+00
 2.135932006835937500e+02 -7.584280832485454371e-14 0.000000000000000000e+00
 2.168551483154296875e+02 1.353723448442589739e-13 0.000000000000000000e+00
 2.201171264648437500e+02 7.010404491072583233e-14 0.000000000000000000e+00
 2.233791656494140625e+02 -1.510291423986644815e-14 0.000000000000000000e+00
 2.266412353515625000e+02 -1.180130618878491577e-13 0.000000000000000000e+00
 2.299033660888671875e+02 -1.511527448344596181e-13 0.000000000000000000e+00
 2.331655426025390625e+02 -1.703174412484922962e-13 0.000000000000000000e+00
 2.364277496337890625e+02 -5.292507155186393364e-14 0.000000000000000000e+00
 2.396900177001953125e+02 -1.863753156796862931e-13 0.000000000000000000e+00
 2.429523315429687500e+02 -4.950984233183111996e-15 0.000000000000000000e+00
 2.462147064208984375e+02 -5.459771090093878954e-14 0.000000000000000000e+00
 2.494771270751953125e+02 2.482661428868104814e-13 0.000000000000000000e+00
 2.527395935058593750e+02 -1.484386479835494987e-13 0.000000000000000000e+00
 2.560021057128906250e+02 3.777405092279112475e-14 0.000000000000000000e+00
 2.592646789550781250e+02 1.482862125462298258e-14 0.000000000000000000e+00
 2.625273132324218750e+02 4.893871427351891013e-14 0.000000000000000000e+00
 2.657899780273437500e+02 -7.947078257508448373e-15 0.000000000000000000e+00
 2.690527038574218750e+02 2.135044629969756053e-14 0.000000000000000000e+00
 2.723154907226562500e+02 -4.959138026443266067e-14 0.000000000000000000e+00
 2.755783386230468750e+02 1.514131701962906362e-13 0.000000000000000000e+00
 2.788412475585937500e+02 5.530188327130917958e-14 0.000000000000000000e+00
 2.821041870117187500e+02 3.262611535104209537e-13 0.000000000000000000e+00
 2.853672180175781250e+02 -1.750743647277452908e-13 0.000000000000000000e+00
 2.886302795410156250e+02 1.272041418596062123e-13 0.000000000000000000e+00
 2.918934020996093750e+02 8.743738833015893275e-14 0.000000000000000000e+00
 2.951566162109375000e+02 1.279608607658924702e-13 0.000000000000000000e+00
 2.984198608398437500e+02 3.815213847835818503e-15 0.000000000000000000e+00
 3.016831665039062500e+02 7.031737524068951140e-14 0.000000000000000000e+00
 3.049465332031250000e+02 -1.022974700825088346e-13 0.000000000000000000e+00
 3.082099914550781250e+02 6.768069042489485709e-14 0.000000000000000000e+00
 3.114734802246093750e+02 -4.047380496480538700e-15 0.000000000000000000e+00
 3.147370300292968750e+02 7.940612007989109045e-14 0.000000000000000000e+00
 3.180006713867187500e+02 -1.211200193959593996e-13 0.000000000000000000e+00
 3.212643432617187500e+02 1.288564388654198090e-13 0.000000000000000000e+00
 3.245281066894531250e+02 6.373893112528866700e-14 0.000000000000000000e+00
 3.277919311523437500e+02 -2.535215181504683196e-14 0.000000000000000000e+00
 3.310558166503906250e+02 -1.308940748758619099e-13 0.000000000000000000e+00
 3.343197937011718750e+02 -3.383793286261364830e-14 0.000000000000000000e+00
 3.375838012695312500e+02 -1.749825192512086125e-13 0.000000000000000000e+00
 3.408479003906250000e+02 4.938997869946516392e-15 0.000000000000000000e+00
 3.441120605468750000e+02 -1.268067953159174310e-13 0.000000000000000000e+00
 3.473763122558593750e+02 -4.605850409725685546e-14 0.000000000000000000e+00
 3.506405944824218750e+02 -3.202525321755606003e-13 0.000000000000000000e+00
 3.539049987792968750e+02 -1.357652529353041426e-14 0.000000000000000000e+00
 3.571694335937500000e+02 -3.095573046485965152e-14 0.000000000000000000e+00
 3.604339599609375000e+02 1.507439972273007939e-14 0.000000000000000000e+00
 3.636985473632812500e+02 -4.975425114766250656e-14 0.000000000000000000e+00
 3.669632263183593750e+02 2.177344608322688557e-14 0.000000000000000000e+00
 3.702279663085937500e+02 -9.790971066672357614e-14 0.000000000000000000e+00
 3.734927673339843750e+02 5.531481915847964725e-14 0.000000000000000000e+00
 3.767576599121093750e+02 -5.097247426119437541e-14 0.000000000000000000e+00
 3.800226440429687500e+02 1.854356037754752162e-14 0.000000000000000000e+00
 3.832876892089843750e+02 -2.155670797030981301e-13 0.000000000000000000e+00
 3.865528259277343750e+02 4.819178029183933398e-14 0.000000000000000000e+00
 3.898180236816406250e+02 1.073596472952933339e-14 0.000000000000000000e+00
 3.930833129882812500e+02 6.182431225087514984e-15 0.000000000000000000e+00
 3.963486633300781250e+02 -1.003879799925909422e-13 0.000000000000000000e+00
 3.996141052246093750e+02 1.237308205789518570e-14 0.000000000000000000e+00
 4.028796386718750000e+02 -1.394958096517101565e-13 0.000000000000000000e+00
 4.061452636718750000e+02 5.979840510565367917e-14 0.000000000000000000e+00
 4.094109497070312500e+02 -4.637513517733587998e-14 0.000000000000000000e+00
 4.126767272949218750e+02 6.253604947249746804e-14 0.000000000000000000e+00
 4.159425659179687500e+02 -2.836410034796899016e-13 0.000000000000000000e+00
 4.192084960937500000e+02 -1.311243865223521432e-13 0.000000000000000000e+00
 4.224745483398437500e+02 1.077049622990981781e-13 0.000000000000000000e+00
 4.257406616210937500e+02 1.403302387487093128e-13 0.000000000000000000e+00
 4.290068359375000000e+02 8.359521977635911427e-14 0.000000000000000000e+00
 4.322731323242187500e+02 3.000790186743151032e-15 0.000000000000000000e+00
 4.355394897460937500e+02 3.042768402690410046e-13 0.000000000000000000e+00
 4.388059692382812500e+02 -3.696834979523104525e-14 0.000000000000000000e+00
 4.420725097656250000e+02 -5.423839952471351533e-15 0.000000000000000000e+00
 4.453391418457031250e+02 -1.275954033186019188e-13 0.000000000000000000e+00
 4.486058654785156250e+02 8.182316586433091565e-14 0.000000000000000000e+00
 4.518726806640625000e+02 -8.013362820795833646e-15 0.000000000000000000e+00
 4.551396179199218750e+02 9.098774556330017221e-15 0.000000000000000000e+00
 4.584066162109375000e+02 3.754116768427302742e-14 0.000000000000000000e+00
 4.616737060546875000e+02 2.107785585067807610e-14 0.000000000000000000e+00
 4.649408874511718750e+02 7.911325674431202160e-14 0.000000000000000000e+00
 4.682081604003906250e+02 -1.067388771770413913e-13 0.000000000000000000e+00
 4.714755554199218750e+02 -7.208135184653269301e-14 0.000000000000000000e+00
 4.747430114746093750e+02 5.601997239300295778e-15 0.000000000000000000e+00
 4.780105895996093750e+02 -7.497331206383905933e-14 0.000000000000000000e+00
 4.812782287597656250e+02 5.418155683768917374e-14 0.000000000000000000e+00
 4.845459899902343750e+02 -5.153992196135076531e-14 0.000000000000000000e+00
 4.878138427734375000e+02 1.629201974880350318e-14 0.000000000000000000e+00
 4.910818176269531250e+02 -2.720766557743389130e-14 0.000000000000000000e+00
 4.943498535156250000e+02 -7.076665506844034836e-15 0.000000000000000000e+00
 4.976180114746093750e+02 -1.732079513453929631e-13 0.000000000000000000e+00
 5.008862609863281250e+02 1.873875810380273843e-13 0.000000000000000000e+00
 5.041546325683593750e+02 -1.318032326075996297e-13 0.000000000000000000e+00
 5.074230651855468750e+02 -1.353195984085675541e-13 0.000000000000000000e+00
 5.106916198730468750e+02 -1.723651196815570441e-13 0.000000000000000000e+00
 5.139602661132812500e+02 5.757056890569680913e-16 0.000000000000000000e+00
 5.172290649414062500e+02 -1.335091163057883223e-13 0.000000000000000000e+00
 5.204979248046875000e+02 -9.881321699463721520e-14 0.000000000000000000e+00
 5.237669067382812500e+02 -1.260967919707381424e-13 0.000000000000000000e+00
 5.270359497070312500e+02 -1.013206987927894875e-13 0.000000000000000000e+00
 5.303051147460937500e+02 -2.663005178784455529e-13 0.000000000000000000e+00
 5.335744018554687500e+02 1.469563674309087853e-13 0.000000000000000000e+00
 5.368438110351562500e+02 -1.672453543927546193e-13 0.000000000000000000e+00
 5.401132812500000000e+02 -1.016130674611273599e-13 0.000000000000000000e+00
 5.433828735351562500e+02 -1.302418595064760987e-13 0.000000000000000000e+00
 5.466525878906250000e+02 2.573780591593171491e-14 0.000000000000000000e+00
 5.499224243164062500e+02 -6.866983517190769493e-14 0.000000000000000000e+00
 5.531923828125000000e+02 -2.926013991104599310e-14 0.000000000000000000e+00
 5.564624023437500000e+02 -6.000749349461750870e-14 0.000000000000000000e+00
 5.597325439453125000e+02 3.068933521481638504e-14 0.000000000000000000e+00
 5.630028076171875000e+02 -1.234570171787519044e-13 0.000000000000000000e+00
 5.662731933593750000e+02 3.019765698348414462e-13 0.000000000000000000e+00
 5.695436401367187500e+02 -1.899478329887935996e-14 0.000000000000000000e+00
 5.728142700195312500e+02 2.742170741507326398e-14 0.000000000000000000e+00
 5.760849609375000000e+02 -2.886816016811101504e-14 0.000000000000000000e+00
 5.793557739257812500e+02 1.054970049036221824e-13 0.000000000000000000e+00
 5.826267089843750000e+02 -3.086827939525332853e-14 0.000000000000000000e+00
 5.858977661132812500e+02 1.091566022819049145e-14 0.000000000000000000e+00
 5.891689453125000000e+02 2.768248514261033993e-15 0.000000000000000000e+00
 5.924402465820312500e+02 1.324447482567957246e-14 0.000000000000000000e+00
 5.957116699218750000e+02 -8.908775410085278956e-14 0.000000000000000000e+00
 5.989831542968750000e+02 -2.224653261899325191e-14 0.000000000000000000e+00
 6.022547607421875000e+02 -1.728698700029576707e-13 0.000000000000000000e+00
 6.055265502929687500e+02 1.390067463804926795e-14 0.000000000000000000e+00
 6.087984008789062500e+02 -5.092379358364977626e-14 0.000000000000000000e+00
 6.120703735351562500e+02 1.158883644429564708e-13 0.000000000000000000e+00
 6.153425292968750000e+02 3.614426805271554743e-14 0.000000000000000000e+00
 6.186147460937500000e+02 4.205222460399241080e-14 0.000000000000000000e+00
 6.218870849609375000e+02 -2.303363120896573246e-14 0.000000000000000000e+00
 6.251595458984375000e+02 -7.531680086460962320e-14 0.000000000000000000e+00
 6.284321289062500000e+02 -1.453286276043019853e-13 0.000000000000000000e+00
 6.317048339843750000e+02 -1.974320365397477794e-13 0.000000000000000000e+00
 6.349776611328125000e+02 -2.166330672790858780e-13 0.000000000000000000e+00
 6.382506713867187500e+02 -2.088949808487852722e-13 0.000000000000000000e+00
 6.415237426757812500e+02 -2.645352199012046546e-13 0.000000000000000000e+00
 6.447969360351562500e+02 -5.416455180424009641e-14 0.000000000000000000e+00
 6.480702514648437500e+02 -1.382335137198667518e-13 0.000000000000000000e+00
 6.513436889648437500e+02 -9.297470020437625937e-14 0.000000000000000000e+00
 6.546173095703125000e+02 -8.850666917024560543e-14 0.000000000000000000e+00
 6.578909912109375000e+02 -4.470702914859472910e-14 0.000000000000000000e+00
 6.611647949218750000e+02 1.162276756772311764e-14 0.000000000000000000e+00
 6.644387817382812500e+02 2.019009247712210547e-14 0.000000000000000000e+00
 6.677128906250000000e+02 2.443940435767864849e-14 0.000000000000000000e+00
 6.709870605468750000e+02 6.384993987522402659e-14 0.000000000000000000e+00
 6.742614135742187500e+02 1.767091823616593477e-14 0.000000000000000000e+00
 6.775358886718750000e+02 2.122391617922353424e-13 0.000000000000000000e+00
 6.808104858398437500e+02 -1.746246829828609817e-15 0.000000000000000000e+00
 6.840852050781250000e+02 -3.643284201344972051e-14 0.000000000000000000e+00
 6.873600463867187500e+02 -8.744583155457716361e-14 0.000000000000000000e+00
 6.906350097656250000e+02 -1.181361188344262625e-13 0.000000000000000000e+00
 6.939100952148437500e+02 -1.987413190832412746e-13 0.000000000000000000e+00
 6.971853637695312500e+02 -1.238698678135072284e-13 0.000000000000000000e+00
 7.004607543945312500e+02 -2.447243525448977719e-13 0.000000000000000000e+00
 7.037362060546875000e+02 -5.046440018250872295e-14 0.000000000000000000e+00
 7.070118408203125000e+02 -8.389767830116467984e-14 0.000000000000000000e+00
 7.102876586914062500e+02 -6.823618818423138332e-14 0.000000000000000000e+00
 7.135635375976562500e+02 -9.462136613515650940e-14 0.000000000000000000e+00
 7.168395385742187500e+02 -1.498045258804467372e-13 0.000000000000000000e+00
 7.201157226562500000e+02 -1.270094462544821279e-13 0.000000000000000000e+00
 7.233920288085937500e+02 -5.466807562193309877e-14 0.000000000000000000e+00
 7.266684570312500000e+02 -1.058447898555012201e-13 0.000000000000000000e+00
 7.299450073242187500e+02 -8.209632382542506046e-14 0.000000000000000000e+00
 7.332216796875000000e+02 -2.784097008923930305e-13 0.000000000000000000e+00
 7.364984741210937500e+02 -2.246195579796300690e-13 0.000000000000000000e+00
 7.397754516601562500e+02 -2.543314679952918267e-13 0.000000000000000000e+00
 7.430525512695312500e+02 -2.403555598908674318e-13 0.000000000000000000e+00
 7.463297729492187500e+02 -2.300286697232145627e-13 0.000000000000000000e+00
 7.496071166992187500e+02 -2.238653327383405278e-13 0.000000000000000000e+00
 7.528846435546875000e+02 -1.966655733664363082e-13 0.000000000000000000e+00
 7.561622924804687500e+02 -1.559268935757279761e-13 0.000000000000000000e+00
 7.594400634765625000e+02 -1.591708942384403858e-13 0.000000000000000000e+00
 7.627179565429687500e+02 -1.649438913361653269e-13 0.000000000000000000e+00
 7.659959716796875000e+02 -3.219021999911059195e-13 0.000000000000000000e+00
 7.692741699218750000e+02 -7.068977158188397003e-14 0.000000000000000000e+00
 7.725524291992187500e+02 -9.981636827846585014e-14 0.000000000000000000e+00
 7.758308715820312500e+02 -7.675951481421819378e-14 0.000000000000000000e+00
 7.791094360351562500e+02 -8.192019518250479027e-14 0.000000000000000000e+00
 7.823881835937500000e+02 -6.478453570043368748e-14 0.000000000000000000e+00
 7.856670532226562500e+02 -1.391642335223097771e-13 0.000000000000000000e+00
 7.889459838867187500e+02 -2.046908649522283241e-13 0.000000000000000000e+00
 7.922251586914062500e+02 -2.637461375600697044e-13 0.000000000000000000e+00
 7.955043945312500000e+02 -1.712348931268495300e-13 0.000000000000000000e+00
 7.987837524414062500e+02 -3.581009458148570745e-13 0.000000000000000000e+00
 8.020632934570312500e+02 -1.503008194249019769e-13 0.000000000000000000e+00
 8.053429565429687500e+02 -2.133605520992370996e-13 0.000000000000000000e+00
 8.086227416992187500e+02 1.515080378863831179e-14 0.000000000000000000e+00
 8.119027099609375000e+02 -1.953203224158706064e-13 0.000000000000000000e+00
 8.151827392578125000e+02 8.210103332861179437e-14 0.000000000000000000e+00
 </DataArray>
</CellData>
</Piece>
</UnstructuredGrid>
</VTKFile>
