<VTKFile type="UnstructuredGrid" byte_order="BigEndian">
<UnstructuredGrid><Piece NumberOfPoints="753" NumberOfCells="500">
<Points>
 <DataArray type="Float32" NumberOfComponents="3" format="ascii">
 7.500000000000000000e-01 0.000000000000000000e+00 0.000000000000000000e+00
 7.555000185966491699e-01 0.000000000000000000e+00 0.000000000000000000e+00
 7.609999775886535645e-01 0.000000000000000000e+00 0.000000000000000000e+00
 7.664999961853027344e-01 0.000000000000000000e+00 0.000000000000000000e+00
 7.720000147819519043e-01 0.000000000000000000e+00 0.000000000000000000e+00
 7.774999737739562988e-01 0.000000000000000000e+00 0.000000000000000000e+00
 7.829999923706054688e-01 0.000000000000000000e+00 0.000000000000000000e+00
 7.885000109672546387e-01 0.000000000000000000e+00 0.000000000000000000e+00
 7.940000295639038086e-01 0.000000000000000000e+00 0.000000000000000000e+00
 7.994999885559082031e-01 0.000000000000000000e+00 0.000000000000000000e+00
 8.050000071525573730e-01 0.000000000000000000e+00 0.000000000000000000e+00
 8.105000257492065430e-01 0.000000000000000000e+00 0.000000000000000000e+00
 8.159999847412109375e-01 0.000000000000000000e+00 0.000000000000000000e+00
 8.215000033378601074e-01 0.000000000000000000e+00 0.000000000000000000e+00
 8.270000219345092773e-01 0.000000000000000000e+00 0.000000000000000000e+00
 8.324999809265136719e-01 0.000000000000000000e+00 0.000000000000000000e+00
 8.379999995231628418e-01 0.000000000000000000e+00 0.000000000000000000e+00
 8.435000181198120117e-01 0.000000000000000000e+00 0.000000000000000000e+00
 8.489999771118164062e-01 0.000000000000000000e+00 0.000000000000000000e+00
 8.544999957084655762e-01 0.000000000000000000e+00 0.000000000000000000e+00
 8.600000143051147461e-01 0.000000000000000000e+00 0.000000000000000000e+00
 8.654999732971191406e-01 0.000000000000000000e+00 0.000000000000000000e+00
 8.709999918937683105e-01 0.000000000000000000e+00 0.000000000000000000e+00
 8.765000104904174805e-01 0.000000000000000000e+00 0.000000000000000000e+00
 8.820000290870666504e-01 0.000000000000000000e+00 0.000000000000000000e+00
 8.874999880790710449e-01 0.000000000000000000e+00 0.000000000000000000e+00
 8.930000066757202148e-01 0.000000000000000000e+00 0.000000000000000000e+00
 8.985000252723693848e-01 0.000000000000000000e+00 0.000000000000000000e+00
 9.039999842643737793e-01 0.000000000000000000e+00 0.000000000000000000e+00
 9.095000028610229492e-01 0.000000000000000000e+00 0.000000000000000000e+00
 9.150000214576721191e-01 0.000000000000000000e+00 0.000000000000000000e+00
 9.204999804496765137e-01 0.000000000000000000e+00 0.000000000000000000e+00
 9.259999990463256836e-01 0.000000000000000000e+00 0.000000000000000000e+00
 9.315000176429748535e-01 0.000000000000000000e+00 0.000000000000000000e+00
 9.369999766349792480e-01 0.000000000000000000e+00 0.000000000000000000e+00
 9.424999952316284180e-01 0.000000000000000000e+00 0.000000000000000000e+00
 9.480000138282775879e-01 0.000000000000000000e+00 0.000000000000000000e+00
 9.534999728202819824e-01 0.000000000000000000e+00 0.000000000000000000e+00
 9.589999914169311523e-01 0.000000000000000000e+00 0.000000000000000000e+00
 9.645000100135803223e-01 0.000000000000000000e+00 0.000000000000000000e+00
 9.700000286102294922e-01 0.000000000000000000e+00 0.000000000000000000e+00
 9.754999876022338867e-01 0.000000000000000000e+00 0.000000000000000000e+00
 9.810000061988830566e-01 0.000000000000000000e+00 0.000000000000000000e+00
 9.865000247955322266e-01 0.000000000000000000e+00 0.000000000000000000e+00
 9.919999837875366211e-01 0.000000000000000000e+00 0.000000000000000000e+00
 9.975000023841857910e-01 0.000000000000000000e+00 0.000000000000000000e+00
 1.003000020980834961e+00 0.000000000000000000e+00 0.000000000000000000e+00
 1.008499979972839355e+00 0.000000000000000000e+00 0.000000000000000000e+00
 1.014000058174133301e+00 0.000000000000000000e+00 0.000000000000000000e+00
 1.019500017166137695e+00 0.000000000000000000e+00 0.000000000000000000e+00
 1.024999976158142090e+00 0.000000000000000000e+00 0.000000000000000000e+00
 1.030500054359436035e+00 0.000000000000000000e+00 0.000000000000000000e+00
 1.036000013351440430e+00 0.000000000000000000e+00 0.000000000000000000e+00
 1.041499972343444824e+00 0.000000000000000000e+00 0.000000000000000000e+00
 1.047000050544738770e+00 0.000000000000000000e+00 0.000000000000000000e+00
 1.052500009536743164e+00 0.000000000000000000e+00 0.000000000000000000e+00
 1.057999968528747559e+00 0.000000000000000000e+00 0.000000000000000000e+00
 1.063500046730041504e+00 0.000000000000000000e+00 0.000000000000000000e+00
 1.069000005722045898e+00 0.000000000000000000e+00 0.000000000000000000e+00
 1.074499964714050293e+00 0.000000000000000000e+00 0.000000000000000000e+00
 1.080000042915344238e+00 0.000000000000000000e+00 0.000000000000000000e+00
 1.085500001907348633e+00 0.000000000000000000e+00 0.000000000000000000e+00
 1.090999960899353027e+00 0.000000000000000000e+00 0.000000000000000000e+00
 1.096500039100646973e+00 0.000000000000000000e+00 0.000000000000000000e+00
 1.101999998092651367e+00 0.000000000000000000e+00 0.000000000000000000e+00
 1.107499957084655762e+00 0.000000000000000000e+00 0.000000000000000000e+00
 1.113000035285949707e+00 0.000000000000000000e+00 0.000000000000000000e+00
 1.118499994277954102e+00 0.000000000000000000e+00 0.000000000000000000e+00
 1.123999953269958496e+00 0.000000000000000000e+00 0.000000000000000000e+00
 1.129500031471252441e+00 0.000000000000000000e+00 0.000000000000000000e+00
 1.134999990463256836e+00 0.000000000000000000e+00 0.000000000000000000e+00
 1.140499949455261230e+00 0.000000000000000000e+00 0.000000000000000000e+00
 1.146000027656555176e+00 0.000000000000000000e+00 0.000000000000000000e+00
 1.151499986648559570e+00 0.000000000000000000e+00 0.000000000000000000e+00
 1.156999945640563965e+00 0.000000000000000000e+00 0.000000000000000000e+00
 1.162500023841857910e+00 0.000000000000000000e+00 0.000000000000000000e+00
 1.167999982833862305e+00 0.000000000000000000e+00 0.000000000000000000e+00
 1.173499941825866699e+00 0.000000000000000000e+00 0.000000000000000000e+00
 1.179000020027160645e+00 0.000000000000000000e+00 0.000000000000000000e+00
 1.184499979019165039e+00 0.000000000000000000e+00 0.000000000000000000e+00
 1.190000057220458984e+00 0.000000000000000000e+00 0.000000000000000000e+00
 1.195500016212463379e+00 0.000000000000000000e+00 0.000000000000000000e+00
 1.200999975204467773e+00 0.000000000000000000e+00 0.000000000000000000e+00
 1.206500053405761719e+00 0.000000000000000000e+00 0.000000000000000000e+00
 1.212000012397766113e+00 0.000000000000000000e+00 0.000000000000000000e+00
 1.217499971389770508e+00 0.000000000000000000e+00 0.000000000000000000e+00
 1.223000049591064453e+00 0.000000000000000000e+00 0.000000000000000000e+00
 1.228500008583068848e+00 0.000000000000000000e+00 0.000000000000000000e+00
 1.233999967575073242e+00 0.000000000000000000e+00 0.000000000000000000e+00
 1.239500045776367188e+00 0.000000000000000000e+00 0.000000000000000000e+00
 1.245000004768371582e+00 0.000000000000000000e+00 0.000000000000000000e+00
 1.250499963760375977e+00 0.000000000000000000e+00 0.000000000000000000e+00
 1.256000041961669922e+00 0.000000000000000000e+00 0.000000000000000000e+00
 1.261500000953674316e+00 0.000000000000000000e+00 0.000000000000000000e+00
 1.266999959945678711e+00 0.000000000000000000e+00 0.000000000000000000e+00
 1.272500038146972656e+00 0.000000000000000000e+00 0.000000000000000000e+00
 1.277999997138977051e+00 0.000000000000000000e+00 0.000000000000000000e+00
 1.283499956130981445e+00 0.000000000000000000e+00 0.000000000000000000e+00
 1.289000034332275391e+00 0.000000000000000000e+00 0.000000000000000000e+00
 1.294499993324279785e+00 0.000000000000000000e+00 0.000000000000000000e+00
 1.299999952316284180e+00 0.000000000000000000e+00 0.000000000000000000e+00
 1.305500030517578125e+00 0.000000000000000000e+00 0.000000000000000000e+00
 1.310999989509582520e+00 0.000000000000000000e+00 0.000000000000000000e+00
 1.316499948501586914e+00 0.000000000000000000e+00 0.000000000000000000e+00
 1.322000026702880859e+00 0.000000000000000000e+00 0.000000000000000000e+00
 1.327499985694885254e+00 0.000000000000000000e+00 0.000000000000000000e+00
 1.332999944686889648e+00 0.000000000000000000e+00 0.000000000000000000e+00
 1.338500022888183594e+00 0.000000000000000000e+00 0.000000000000000000e+00
 1.343999981880187988e+00 0.000000000000000000e+00 0.000000000000000000e+00
 1.349499940872192383e+00 0.000000000000000000e+00 0.000000000000000000e+00
 1.355000019073486328e+00 0.000000000000000000e+00 0.000000000000000000e+00
 1.360499978065490723e+00 0.000000000000000000e+00 0.000000000000000000e+00
 1.366000056266784668e+00 0.000000000000000000e+00 0.000000000000000000e+00
 1.371500015258789062e+00 0.000000000000000000e+00 0.000000000000000000e+00
 1.376999974250793457e+00 0.000000000000000000e+00 0.000000000000000000e+00
 1.382500052452087402e+00 0.000000000000000000e+00 0.000000000000000000e+00
 1.388000011444091797e+00 0.000000000000000000e+00 0.000000000000000000e+00
 1.393499970436096191e+00 0.000000000000000000e+00 0.000000000000000000e+00
 1.399000048637390137e+00 0.000000000000000000e+00 0.000000000000000000e+00
 1.404500007629394531e+00 0.000000000000000000e+00 0.000000000000000000e+00
 1.409999966621398926e+00 0.000000000000000000e+00 0.000000000000000000e+00
 1.415500044822692871e+00 0.000000000000000000e+00 0.000000000000000000e+00
 1.421000003814697266e+00 0.000000000000000000e+00 0.000000000000000000e+00
 1.426499962806701660e+00 0.000000000000000000e+00 0.000000000000000000e+00
 1.432000041007995605e+00 0.000000000000000000e+00 0.000000000000000000e+00
 1.437500000000000000e+00 0.000000000000000000e+00 0.000000000000000000e+00
 1.442999958992004395e+00 0.000000000000000000e+00 0.000000000000000000e+00
 1.448500037193298340e+00 0.000000000000000000e+00 0.000000000000000000e+00
 1.453999996185302734e+00 0.000000000000000000e+00 0.000000000000000000e+00
 1.459499955177307129e+00 0.000000000000000000e+00 0.000000000000000000e+00
 1.465000033378601074e+00 0.000000000000000000e+00 0.000000000000000000e+00
 1.470499992370605469e+00 0.000000000000000000e+00 0.000000000000000000e+00
 1.475999951362609863e+00 0.000000000000000000e+00 0.000000000000000000e+00
 1.481500029563903809e+00 0.000000000000000000e+00 0.000000000000000000e+00
 1.486999988555908203e+00 0.000000000000000000e+00 0.000000000000000000e+00
 1.492499947547912598e+00 0.000000000000000000e+00 0.000000000000000000e+00
 1.498000025749206543e+00 0.000000000000000000e+00 0.000000000000000000e+00
 1.503499984741210938e+00 0.000000000000000000e+00 0.000000000000000000e+00
 1.508999943733215332e+00 0.000000000000000000e+00 0.000000000000000000e+00
 1.514500021934509277e+00 0.000000000000000000e+00 0.000000000000000000e+00
 1.519999980926513672e+00 0.000000000000000000e+00 0.000000000000000000e+00
 1.525500059127807617e+00 0.000000000000000000e+00 0.000000000000000000e+00
 1.531000018119812012e+00 0.000000000000000000e+00 0.000000000000000000e+00
 1.536499977111816406e+00 0.000000000000000000e+00 0.000000000000000000e+00
 1.542000055313110352e+00 0.000000000000000000e+00 0.000000000000000000e+00
 1.547500014305114746e+00 0.000000000000000000e+00 0.000000000000000000e+00
 1.552999973297119141e+00 0.000000000000000000e+00 0.000000000000000000e+00
 1.558500051498413086e+00 0.000000000000000000e+00 0.000000000000000000e+00
 1.564000010490417480e+00 0.000000000000000000e+00 0.000000000000000000e+00
 1.569499969482421875e+00 0.000000000000000000e+00 0.000000000000000000e+00
 1.575000047683715820e+00 0.000000000000000000e+00 0.000000000000000000e+00
 1.580500006675720215e+00 0.000000000000000000e+00 0.000000000000000000e+00
 1.585999965667724609e+00 0.000000000000000000e+00 0.000000000000000000e+00
 1.591500043869018555e+00 0.000000000000000000e+00 0.000000000000000000e+00
 1.597000002861022949e+00 0.000000000000000000e+00 0.000000000000000000e+00
 1.602499961853027344e+00 0.000000000000000000e+00 0.000000000000000000e+00
 1.608000040054321289e+00 0.000000000000000000e+00 0.000000000000000000e+00
 1.613499999046325684e+00 0.000000000000000000e+00 0.000000000000000000e+00
 1.618999958038330078e+00 0.000000000000000000e+00 0.000000000000000000e+00
 1.624500036239624023e+00 0.000000000000000000e+00 0.000000000000000000e+00
 1.629999995231628418e+00 0.000000000000000000e+00 0.000000000000000000e+00
 1.635499954223632812e+00 0.000000000000000000e+00 0.000000000000000000e+00
 1.641000032424926758e+00 0.000000000000000000e+00 0.000000000000000000e+00
 1.646499991416931152e+00 0.000000000000000000e+00 0.000000000000000000e+00
 1.651999950408935547e+00 0.000000000000000000e+00 0.000000000000000000e+00
 1.657500028610229492e+00 0.000000000000000000e+00 0.000000000000000000e+00
 1.662999987602233887e+00 0.000000000000000000e+00 0.000000000000000000e+00
 1.668499946594238281e+00 0.000000000000000000e+00 0.000000000000000000e+00
 1.674000024795532227e+00 0.000000000000000000e+00 0.000000000000000000e+00
 1.679499983787536621e+00 0.000000000000000000e+00 0.000000000000000000e+00
 1.684999942779541016e+00 0.000000000000000000e+00 0.000000000000000000e+00
 1.690500020980834961e+00 0.000000000000000000e+00 0.000000000000000000e+00
 1.695999979972839355e+00 0.000000000000000000e+00 0.000000000000000000e+00
 1.701500058174133301e+00 0.000000000000000000e+00 0.000000000000000000e+00
 1.707000017166137695e+00 0.000000000000000000e+00 0.000000000000000000e+00
 1.712499976158142090e+00 0.000000000000000000e+00 0.000000000000000000e+00
 1.718000054359436035e+00 0.000000000000000000e+00 0.000000000000000000e+00
 1.723500013351440430e+00 0.000000000000000000e+00 0.000000000000000000e+00
 1.728999972343444824e+00 0.000000000000000000e+00 0.000000000000000000e+00
 1.734500050544738770e+00 0.000000000000000000e+00 0.000000000000000000e+00
 1.740000009536743164e+00 0.000000000000000000e+00 0.000000000000000000e+00
 1.745499968528747559e+00 0.000000000000000000e+00 0.000000000000000000e+00
 1.751000046730041504e+00 0.000000000000000000e+00 0.000000000000000000e+00
 1.756500005722045898e+00 0.000000000000000000e+00 0.000000000000000000e+00
 1.761999964714050293e+00 0.000000000000000000e+00 0.000000000000000000e+00
 1.767500042915344238e+00 0.000000000000000000e+00 0.000000000000000000e+00
 1.773000001907348633e+00 0.000000000000000000e+00 0.000000000000000000e+00
 1.778499960899353027e+00 0.000000000000000000e+00 0.000000000000000000e+00
 1.784000039100646973e+00 0.000000000000000000e+00 0.000000000000000000e+00
 1.789499998092651367e+00 0.000000000000000000e+00 0.000000000000000000e+00
 1.794999957084655762e+00 0.000000000000000000e+00 0.000000000000000000e+00
 1.800500035285949707e+00 0.000000000000000000e+00 0.000000000000000000e+00
 1.805999994277954102e+00 0.000000000000000000e+00 0.000000000000000000e+00
 1.811499953269958496e+00 0.000000000000000000e+00 0.000000000000000000e+00
 1.817000031471252441e+00 0.000000000000000000e+00 0.000000000000000000e+00
 1.822499990463256836e+00 0.000000000000000000e+00 0.000000000000000000e+00
 1.827999949455261230e+00 0.000000000000000000e+00 0.000000000000000000e+00
 1.833500027656555176e+00 0.000000000000000000e+00 0.000000000000000000e+00
 1.838999986648559570e+00 0.000000000000000000e+00 0.000000000000000000e+00
 1.844499945640563965e+00 0.000000000000000000e+00 0.000000000000000000e+00
 1.850000023841857910e+00 0.000000000000000000e+00 0.000000000000000000e+00
 1.855499982833862305e+00 0.000000000000000000e+00 0.000000000000000000e+00
 1.860999941825866699e+00 0.000000000000000000e+00 0.000000000000000000e+00
 1.866500020027160645e+00 0.000000000000000000e+00 0.000000000000000000e+00
 1.871999979019165039e+00 0.000000000000000000e+00 0.000000000000000000e+00
 1.877500057220458984e+00 0.000000000000000000e+00 0.000000000000000000e+00
 1.883000016212463379e+00 0.000000000000000000e+00 0.000000000000000000e+00
 1.888499975204467773e+00 0.000000000000000000e+00 0.000000000000000000e+00
 1.894000053405761719e+00 0.000000000000000000e+00 0.000000000000000000e+00
 1.899500012397766113e+00 0.000000000000000000e+00 0.000000000000000000e+00
 1.904999971389770508e+00 0.000000000000000000e+00 0.000000000000000000e+00
 1.910500049591064453e+00 0.000000000000000000e+00 0.000000000000000000e+00
 1.916000008583068848e+00 0.000000000000000000e+00 0.000000000000000000e+00
 1.921499967575073242e+00 0.000000000000000000e+00 0.000000000000000000e+00
 1.927000045776367188e+00 0.000000000000000000e+00 0.000000000000000000e+00
 1.932500004768371582e+00 0.000000000000000000e+00 0.000000000000000000e+00
 1.937999963760375977e+00 0.000000000000000000e+00 0.000000000000000000e+00
 1.943500041961669922e+00 0.000000000000000000e+00 0.000000000000000000e+00
 1.949000000953674316e+00 0.000000000000000000e+00 0.000000000000000000e+00
 1.954499959945678711e+00 0.000000000000000000e+00 0.000000000000000000e+00
 1.960000038146972656e+00 0.000000000000000000e+00 0.000000000000000000e+00
 1.965499997138977051e+00 0.000000000000000000e+00 0.000000000000000000e+00
 1.970999956130981445e+00 0.000000000000000000e+00 0.000000000000000000e+00
 1.976500034332275391e+00 0.000000000000000000e+00 0.000000000000000000e+00
 1.981999993324279785e+00 0.000000000000000000e+00 0.000000000000000000e+00
 1.987499952316284180e+00 0.000000000000000000e+00 0.000000000000000000e+00
 1.993000030517578125e+00 0.000000000000000000e+00 0.000000000000000000e+00
 1.998499989509582520e+00 0.000000000000000000e+00 0.000000000000000000e+00
 2.003999948501586914e+00 0.000000000000000000e+00 0.000000000000000000e+00
 2.009500026702880859e+00 0.000000000000000000e+00 0.000000000000000000e+00
 2.015000104904174805e+00 0.000000000000000000e+00 0.000000000000000000e+00
 2.020499944686889648e+00 0.000000000000000000e+00 0.000000000000000000e+00
 2.026000022888183594e+00 0.000000000000000000e+00 0.000000000000000000e+00
 2.031500101089477539e+00 0.000000000000000000e+00 0.000000000000000000e+00
 2.036999940872192383e+00 0.000000000000000000e+00 0.000000000000000000e+00
 2.042500019073486328e+00 0.000000000000000000e+00 0.000000000000000000e+00
 2.048000097274780273e+00 0.000000000000000000e+00 0.000000000000000000e+00
 2.053499937057495117e+00 0.000000000000000000e+00 0.000000000000000000e+00
 2.059000015258789062e+00 0.000000000000000000e+00 0.000000000000000000e+00
 2.064500093460083008e+00 0.000000000000000000e+00 0.000000000000000000e+00
 2.069999933242797852e+00 0.000000000000000000e+00 0.000000000000000000e+00
 2.075500011444091797e+00 0.000000000000000000e+00 0.000000000000000000e+00
 2.081000089645385742e+00 0.000000000000000000e+00 0.000000000000000000e+00
 2.086499929428100586e+00 0.000000000000000000e+00 0.000000000000000000e+00
 2.092000007629394531e+00 0.000000000000000000e+00 0.000000000000000000e+00
 2.097500085830688477e+00 0.000000000000000000e+00 0.000000000000000000e+00
 2.102999925613403320e+00 0.000000000000000000e+00 0.000000000000000000e+00
 2.108500003814697266e+00 0.000000000000000000e+00 0.000000000000000000e+00
 2.114000082015991211e+00 0.000000000000000000e+00 0.000000000000000000e+00
 2.119499921798706055e+00 0.000000000000000000e+00 0.000000000000000000e+00
 2.125000000000000000e+00 0.000000000000000000e+00 0.000000000000000000e+00
 7.500000000000000000e-01 5.000000074505805969e-02 0.000000000000000000e+00
 7.555000185966491699e-01 5.000000074505805969e-02 0.000000000000000000e+00
 7.609999775886535645e-01 5.000000074505805969e-02 0.000000000000000000e+00
 7.664999961853027344e-01 5.000000074505805969e-02 0.000000000000000000e+00
 7.720000147819519043e-01 5.000000074505805969e-02 0.000000000000000000e+00
 7.774999737739562988e-01 5.000000074505805969e-02 0.000000000000000000e+00
 7.829999923706054688e-01 5.000000074505805969e-02 0.000000000000000000e+00
 7.885000109672546387e-01 5.000000074505805969e-02 0.000000000000000000e+00
 7.940000295639038086e-01 5.000000074505805969e-02 0.000000000000000000e+00
 7.994999885559082031e-01 5.000000074505805969e-02 0.000000000000000000e+00
 8.050000071525573730e-01 5.000000074505805969e-02 0.000000000000000000e+00
 8.105000257492065430e-01 5.000000074505805969e-02 0.000000000000000000e+00
 8.159999847412109375e-01 5.000000074505805969e-02 0.000000000000000000e+00
 8.215000033378601074e-01 5.000000074505805969e-02 0.000000000000000000e+00
 8.270000219345092773e-01 5.000000074505805969e-02 0.000000000000000000e+00
 8.324999809265136719e-01 5.000000074505805969e-02 0.000000000000000000e+00
 8.379999995231628418e-01 5.000000074505805969e-02 0.000000000000000000e+00
 8.435000181198120117e-01 5.000000074505805969e-02 0.000000000000000000e+00
 8.489999771118164062e-01 5.000000074505805969e-02 0.000000000000000000e+00
 8.544999957084655762e-01 5.000000074505805969e-02 0.000000000000000000e+00
 8.600000143051147461e-01 5.000000074505805969e-02 0.000000000000000000e+00
 8.654999732971191406e-01 5.000000074505805969e-02 0.000000000000000000e+00
 8.709999918937683105e-01 5.000000074505805969e-02 0.000000000000000000e+00
 8.765000104904174805e-01 5.000000074505805969e-02 0.000000000000000000e+00
 8.820000290870666504e-01 5.000000074505805969e-02 0.000000000000000000e+00
 8.874999880790710449e-01 5.000000074505805969e-02 0.000000000000000000e+00
 8.930000066757202148e-01 5.000000074505805969e-02 0.000000000000000000e+00
 8.985000252723693848e-01 5.000000074505805969e-02 0.000000000000000000e+00
 9.039999842643737793e-01 5.000000074505805969e-02 0.000000000000000000e+00
 9.095000028610229492e-01 5.000000074505805969e-02 0.000000000000000000e+00
 9.150000214576721191e-01 5.000000074505805969e-02 0.000000000000000000e+00
 9.204999804496765137e-01 5.000000074505805969e-02 0.000000000000000000e+00
 9.259999990463256836e-01 5.000000074505805969e-02 0.000000000000000000e+00
 9.315000176429748535e-01 5.000000074505805969e-02 0.000000000000000000e+00
 9.369999766349792480e-01 5.000000074505805969e-02 0.000000000000000000e+00
 9.424999952316284180e-01 5.000000074505805969e-02 0.000000000000000000e+00
 9.480000138282775879e-01 5.000000074505805969e-02 0.000000000000000000e+00
 9.534999728202819824e-01 5.000000074505805969e-02 0.000000000000000000e+00
 9.589999914169311523e-01 5.000000074505805969e-02 0.000000000000000000e+00
 9.645000100135803223e-01 5.000000074505805969e-02 0.000000000000000000e+00
 9.700000286102294922e-01 5.000000074505805969e-02 0.000000000000000000e+00
 9.754999876022338867e-01 5.000000074505805969e-02 0.000000000000000000e+00
 9.810000061988830566e-01 5.000000074505805969e-02 0.000000000000000000e+00
 9.865000247955322266e-01 5.000000074505805969e-02 0.000000000000000000e+00
 9.919999837875366211e-01 5.000000074505805969e-02 0.000000000000000000e+00
 9.975000023841857910e-01 5.000000074505805969e-02 0.000000000000000000e+00
 1.003000020980834961e+00 5.000000074505805969e-02 0.000000000000000000e+00
 1.008499979972839355e+00 5.000000074505805969e-02 0.000000000000000000e+00
 1.014000058174133301e+00 5.000000074505805969e-02 0.000000000000000000e+00
 1.019500017166137695e+00 5.000000074505805969e-02 0.000000000000000000e+00
 1.024999976158142090e+00 5.000000074505805969e-02 0.000000000000000000e+00
 1.030500054359436035e+00 5.000000074505805969e-02 0.000000000000000000e+00
 1.036000013351440430e+00 5.000000074505805969e-02 0.000000000000000000e+00
 1.041499972343444824e+00 5.000000074505805969e-02 0.000000000000000000e+00
 1.047000050544738770e+00 5.000000074505805969e-02 0.000000000000000000e+00
 1.052500009536743164e+00 5.000000074505805969e-02 0.000000000000000000e+00
 1.057999968528747559e+00 5.000000074505805969e-02 0.000000000000000000e+00
 1.063500046730041504e+00 5.000000074505805969e-02 0.000000000000000000e+00
 1.069000005722045898e+00 5.000000074505805969e-02 0.000000000000000000e+00
 1.074499964714050293e+00 5.000000074505805969e-02 0.000000000000000000e+00
 1.080000042915344238e+00 5.000000074505805969e-02 0.000000000000000000e+00
 1.085500001907348633e+00 5.000000074505805969e-02 0.000000000000000000e+00
 1.090999960899353027e+00 5.000000074505805969e-02 0.000000000000000000e+00
 1.096500039100646973e+00 5.000000074505805969e-02 0.000000000000000000e+00
 1.101999998092651367e+00 5.000000074505805969e-02 0.000000000000000000e+00
 1.107499957084655762e+00 5.000000074505805969e-02 0.000000000000000000e+00
 1.113000035285949707e+00 5.000000074505805969e-02 0.000000000000000000e+00
 1.118499994277954102e+00 5.000000074505805969e-02 0.000000000000000000e+00
 1.123999953269958496e+00 5.000000074505805969e-02 0.000000000000000000e+00
 1.129500031471252441e+00 5.000000074505805969e-02 0.000000000000000000e+00
 1.134999990463256836e+00 5.000000074505805969e-02 0.000000000000000000e+00
 1.140499949455261230e+00 5.000000074505805969e-02 0.000000000000000000e+00
 1.146000027656555176e+00 5.000000074505805969e-02 0.000000000000000000e+00
 1.151499986648559570e+00 5.000000074505805969e-02 0.000000000000000000e+00
 1.156999945640563965e+00 5.000000074505805969e-02 0.000000000000000000e+00
 1.162500023841857910e+00 5.000000074505805969e-02 0.000000000000000000e+00
 1.167999982833862305e+00 5.000000074505805969e-02 0.000000000000000000e+00
 1.173499941825866699e+00 5.000000074505805969e-02 0.000000000000000000e+00
 1.179000020027160645e+00 5.000000074505805969e-02 0.000000000000000000e+00
 1.184499979019165039e+00 5.000000074505805969e-02 0.000000000000000000e+00
 1.190000057220458984e+00 5.000000074505805969e-02 0.000000000000000000e+00
 1.195500016212463379e+00 5.000000074505805969e-02 0.000000000000000000e+00
 1.200999975204467773e+00 5.000000074505805969e-02 0.000000000000000000e+00
 1.206500053405761719e+00 5.000000074505805969e-02 0.000000000000000000e+00
 1.212000012397766113e+00 5.000000074505805969e-02 0.000000000000000000e+00
 1.217499971389770508e+00 5.000000074505805969e-02 0.000000000000000000e+00
 1.223000049591064453e+00 5.000000074505805969e-02 0.000000000000000000e+00
 1.228500008583068848e+00 5.000000074505805969e-02 0.000000000000000000e+00
 1.233999967575073242e+00 5.000000074505805969e-02 0.000000000000000000e+00
 1.239500045776367188e+00 5.000000074505805969e-02 0.000000000000000000e+00
 1.245000004768371582e+00 5.000000074505805969e-02 0.000000000000000000e+00
 1.250499963760375977e+00 5.000000074505805969e-02 0.000000000000000000e+00
 1.256000041961669922e+00 5.000000074505805969e-02 0.000000000000000000e+00
 1.261500000953674316e+00 5.000000074505805969e-02 0.000000000000000000e+00
 1.266999959945678711e+00 5.000000074505805969e-02 0.000000000000000000e+00
 1.272500038146972656e+00 5.000000074505805969e-02 0.000000000000000000e+00
 1.277999997138977051e+00 5.000000074505805969e-02 0.000000000000000000e+00
 1.283499956130981445e+00 5.000000074505805969e-02 0.000000000000000000e+00
 1.289000034332275391e+00 5.000000074505805969e-02 0.000000000000000000e+00
 1.294499993324279785e+00 5.000000074505805969e-02 0.000000000000000000e+00
 1.299999952316284180e+00 5.000000074505805969e-02 0.000000000000000000e+00
 1.305500030517578125e+00 5.000000074505805969e-02 0.000000000000000000e+00
 1.310999989509582520e+00 5.000000074505805969e-02 0.000000000000000000e+00
 1.316499948501586914e+00 5.000000074505805969e-02 0.000000000000000000e+00
 1.322000026702880859e+00 5.000000074505805969e-02 0.000000000000000000e+00
 1.327499985694885254e+00 5.000000074505805969e-02 0.000000000000000000e+00
 1.332999944686889648e+00 5.000000074505805969e-02 0.000000000000000000e+00
 1.338500022888183594e+00 5.000000074505805969e-02 0.000000000000000000e+00
 1.343999981880187988e+00 5.000000074505805969e-02 0.000000000000000000e+00
 1.349499940872192383e+00 5.000000074505805969e-02 0.000000000000000000e+00
 1.355000019073486328e+00 5.000000074505805969e-02 0.000000000000000000e+00
 1.360499978065490723e+00 5.000000074505805969e-02 0.000000000000000000e+00
 1.366000056266784668e+00 5.000000074505805969e-02 0.000000000000000000e+00
 1.371500015258789062e+00 5.000000074505805969e-02 0.000000000000000000e+00
 1.376999974250793457e+00 5.000000074505805969e-02 0.000000000000000000e+00
 1.382500052452087402e+00 5.000000074505805969e-02 0.000000000000000000e+00
 1.388000011444091797e+00 5.000000074505805969e-02 0.000000000000000000e+00
 1.393499970436096191e+00 5.000000074505805969e-02 0.000000000000000000e+00
 1.399000048637390137e+00 5.000000074505805969e-02 0.000000000000000000e+00
 1.404500007629394531e+00 5.000000074505805969e-02 0.000000000000000000e+00
 1.409999966621398926e+00 5.000000074505805969e-02 0.000000000000000000e+00
 1.415500044822692871e+00 5.000000074505805969e-02 0.000000000000000000e+00
 1.421000003814697266e+00 5.000000074505805969e-02 0.000000000000000000e+00
 1.426499962806701660e+00 5.000000074505805969e-02 0.000000000000000000e+00
 1.432000041007995605e+00 5.000000074505805969e-02 0.000000000000000000e+00
 1.437500000000000000e+00 5.000000074505805969e-02 0.000000000000000000e+00
 1.442999958992004395e+00 5.000000074505805969e-02 0.000000000000000000e+00
 1.448500037193298340e+00 5.000000074505805969e-02 0.000000000000000000e+00
 1.453999996185302734e+00 5.000000074505805969e-02 0.000000000000000000e+00
 1.459499955177307129e+00 5.000000074505805969e-02 0.000000000000000000e+00
 1.465000033378601074e+00 5.000000074505805969e-02 0.000000000000000000e+00
 1.470499992370605469e+00 5.000000074505805969e-02 0.000000000000000000e+00
 1.475999951362609863e+00 5.000000074505805969e-02 0.000000000000000000e+00
 1.481500029563903809e+00 5.000000074505805969e-02 0.000000000000000000e+00
 1.486999988555908203e+00 5.000000074505805969e-02 0.000000000000000000e+00
 1.492499947547912598e+00 5.000000074505805969e-02 0.000000000000000000e+00
 1.498000025749206543e+00 5.000000074505805969e-02 0.000000000000000000e+00
 1.503499984741210938e+00 5.000000074505805969e-02 0.000000000000000000e+00
 1.508999943733215332e+00 5.000000074505805969e-02 0.000000000000000000e+00
 1.514500021934509277e+00 5.000000074505805969e-02 0.000000000000000000e+00
 1.519999980926513672e+00 5.000000074505805969e-02 0.000000000000000000e+00
 1.525500059127807617e+00 5.000000074505805969e-02 0.000000000000000000e+00
 1.531000018119812012e+00 5.000000074505805969e-02 0.000000000000000000e+00
 1.536499977111816406e+00 5.000000074505805969e-02 0.000000000000000000e+00
 1.542000055313110352e+00 5.000000074505805969e-02 0.000000000000000000e+00
 1.547500014305114746e+00 5.000000074505805969e-02 0.000000000000000000e+00
 1.552999973297119141e+00 5.000000074505805969e-02 0.000000000000000000e+00
 1.558500051498413086e+00 5.000000074505805969e-02 0.000000000000000000e+00
 1.564000010490417480e+00 5.000000074505805969e-02 0.000000000000000000e+00
 1.569499969482421875e+00 5.000000074505805969e-02 0.000000000000000000e+00
 1.575000047683715820e+00 5.000000074505805969e-02 0.000000000000000000e+00
 1.580500006675720215e+00 5.000000074505805969e-02 0.000000000000000000e+00
 1.585999965667724609e+00 5.000000074505805969e-02 0.000000000000000000e+00
 1.591500043869018555e+00 5.000000074505805969e-02 0.000000000000000000e+00
 1.597000002861022949e+00 5.000000074505805969e-02 0.000000000000000000e+00
 1.602499961853027344e+00 5.000000074505805969e-02 0.000000000000000000e+00
 1.608000040054321289e+00 5.000000074505805969e-02 0.000000000000000000e+00
 1.613499999046325684e+00 5.000000074505805969e-02 0.000000000000000000e+00
 1.618999958038330078e+00 5.000000074505805969e-02 0.000000000000000000e+00
 1.624500036239624023e+00 5.000000074505805969e-02 0.000000000000000000e+00
 1.629999995231628418e+00 5.000000074505805969e-02 0.000000000000000000e+00
 1.635499954223632812e+00 5.000000074505805969e-02 0.000000000000000000e+00
 1.641000032424926758e+00 5.000000074505805969e-02 0.000000000000000000e+00
 1.646499991416931152e+00 5.000000074505805969e-02 0.000000000000000000e+00
 1.651999950408935547e+00 5.000000074505805969e-02 0.000000000000000000e+00
 1.657500028610229492e+00 5.000000074505805969e-02 0.000000000000000000e+00
 1.662999987602233887e+00 5.000000074505805969e-02 0.000000000000000000e+00
 1.668499946594238281e+00 5.000000074505805969e-02 0.000000000000000000e+00
 1.674000024795532227e+00 5.000000074505805969e-02 0.000000000000000000e+00
 1.679499983787536621e+00 5.000000074505805969e-02 0.000000000000000000e+00
 1.684999942779541016e+00 5.000000074505805969e-02 0.000000000000000000e+00
 1.690500020980834961e+00 5.000000074505805969e-02 0.000000000000000000e+00
 1.695999979972839355e+00 5.000000074505805969e-02 0.000000000000000000e+00
 1.701500058174133301e+00 5.000000074505805969e-02 0.000000000000000000e+00
 1.707000017166137695e+00 5.000000074505805969e-02 0.000000000000000000e+00
 1.712499976158142090e+00 5.000000074505805969e-02 0.000000000000000000e+00
 1.718000054359436035e+00 5.000000074505805969e-02 0.000000000000000000e+00
 1.723500013351440430e+00 5.000000074505805969e-02 0.000000000000000000e+00
 1.728999972343444824e+00 5.000000074505805969e-02 0.000000000000000000e+00
 1.734500050544738770e+00 5.000000074505805969e-02 0.000000000000000000e+00
 1.740000009536743164e+00 5.000000074505805969e-02 0.000000000000000000e+00
 1.745499968528747559e+00 5.000000074505805969e-02 0.000000000000000000e+00
 1.751000046730041504e+00 5.000000074505805969e-02 0.000000000000000000e+00
 1.756500005722045898e+00 5.000000074505805969e-02 0.000000000000000000e+00
 1.761999964714050293e+00 5.000000074505805969e-02 0.000000000000000000e+00
 1.767500042915344238e+00 5.000000074505805969e-02 0.000000000000000000e+00
 1.773000001907348633e+00 5.000000074505805969e-02 0.000000000000000000e+00
 1.778499960899353027e+00 5.000000074505805969e-02 0.000000000000000000e+00
 1.784000039100646973e+00 5.000000074505805969e-02 0.000000000000000000e+00
 1.789499998092651367e+00 5.000000074505805969e-02 0.000000000000000000e+00
 1.794999957084655762e+00 5.000000074505805969e-02 0.000000000000000000e+00
 1.800500035285949707e+00 5.000000074505805969e-02 0.000000000000000000e+00
 1.805999994277954102e+00 5.000000074505805969e-02 0.000000000000000000e+00
 1.811499953269958496e+00 5.000000074505805969e-02 0.000000000000000000e+00
 1.817000031471252441e+00 5.000000074505805969e-02 0.000000000000000000e+00
 1.822499990463256836e+00 5.000000074505805969e-02 0.000000000000000000e+00
 1.827999949455261230e+00 5.000000074505805969e-02 0.000000000000000000e+00
 1.833500027656555176e+00 5.000000074505805969e-02 0.000000000000000000e+00
 1.838999986648559570e+00 5.000000074505805969e-02 0.000000000000000000e+00
 1.844499945640563965e+00 5.000000074505805969e-02 0.000000000000000000e+00
 1.850000023841857910e+00 5.000000074505805969e-02 0.000000000000000000e+00
 1.855499982833862305e+00 5.000000074505805969e-02 0.000000000000000000e+00
 1.860999941825866699e+00 5.000000074505805969e-02 0.000000000000000000e+00
 1.866500020027160645e+00 5.000000074505805969e-02 0.000000000000000000e+00
 1.871999979019165039e+00 5.000000074505805969e-02 0.000000000000000000e+00
 1.877500057220458984e+00 5.000000074505805969e-02 0.000000000000000000e+00
 1.883000016212463379e+00 5.000000074505805969e-02 0.000000000000000000e+00
 1.888499975204467773e+00 5.000000074505805969e-02 0.000000000000000000e+00
 1.894000053405761719e+00 5.000000074505805969e-02 0.000000000000000000e+00
 1.899500012397766113e+00 5.000000074505805969e-02 0.000000000000000000e+00
 1.904999971389770508e+00 5.000000074505805969e-02 0.000000000000000000e+00
 1.910500049591064453e+00 5.000000074505805969e-02 0.000000000000000000e+00
 1.916000008583068848e+00 5.000000074505805969e-02 0.000000000000000000e+00
 1.921499967575073242e+00 5.000000074505805969e-02 0.000000000000000000e+00
 1.927000045776367188e+00 5.000000074505805969e-02 0.000000000000000000e+00
 1.932500004768371582e+00 5.000000074505805969e-02 0.000000000000000000e+00
 1.937999963760375977e+00 5.000000074505805969e-02 0.000000000000000000e+00
 1.943500041961669922e+00 5.000000074505805969e-02 0.000000000000000000e+00
 1.949000000953674316e+00 5.000000074505805969e-02 0.000000000000000000e+00
 1.954499959945678711e+00 5.000000074505805969e-02 0.000000000000000000e+00
 1.960000038146972656e+00 5.000000074505805969e-02 0.000000000000000000e+00
 1.965499997138977051e+00 5.000000074505805969e-02 0.000000000000000000e+00
 1.970999956130981445e+00 5.000000074505805969e-02 0.000000000000000000e+00
 1.976500034332275391e+00 5.000000074505805969e-02 0.000000000000000000e+00
 1.981999993324279785e+00 5.000000074505805969e-02 0.000000000000000000e+00
 1.987499952316284180e+00 5.000000074505805969e-02 0.000000000000000000e+00
 1.993000030517578125e+00 5.000000074505805969e-02 0.000000000000000000e+00
 1.998499989509582520e+00 5.000000074505805969e-02 0.000000000000000000e+00
 2.003999948501586914e+00 5.000000074505805969e-02 0.000000000000000000e+00
 2.009500026702880859e+00 5.000000074505805969e-02 0.000000000000000000e+00
 2.015000104904174805e+00 5.000000074505805969e-02 0.000000000000000000e+00
 2.020499944686889648e+00 5.000000074505805969e-02 0.000000000000000000e+00
 2.026000022888183594e+00 5.000000074505805969e-02 0.000000000000000000e+00
 2.031500101089477539e+00 5.000000074505805969e-02 0.000000000000000000e+00
 2.036999940872192383e+00 5.000000074505805969e-02 0.000000000000000000e+00
 2.042500019073486328e+00 5.000000074505805969e-02 0.000000000000000000e+00
 2.048000097274780273e+00 5.000000074505805969e-02 0.000000000000000000e+00
 2.053499937057495117e+00 5.000000074505805969e-02 0.000000000000000000e+00
 2.059000015258789062e+00 5.000000074505805969e-02 0.000000000000000000e+00
 2.064500093460083008e+00 5.000000074505805969e-02 0.000000000000000000e+00
 2.069999933242797852e+00 5.000000074505805969e-02 0.000000000000000000e+00
 2.075500011444091797e+00 5.000000074505805969e-02 0.000000000000000000e+00
 2.081000089645385742e+00 5.000000074505805969e-02 0.000000000000000000e+00
 2.086499929428100586e+00 5.000000074505805969e-02 0.000000000000000000e+00
 2.092000007629394531e+00 5.000000074505805969e-02 0.000000000000000000e+00
 2.097500085830688477e+00 5.000000074505805969e-02 0.000000000000000000e+00
 2.102999925613403320e+00 5.000000074505805969e-02 0.000000000000000000e+00
 2.108500003814697266e+00 5.000000074505805969e-02 0.000000000000000000e+00
 2.114000082015991211e+00 5.000000074505805969e-02 0.000000000000000000e+00
 2.119499921798706055e+00 5.000000074505805969e-02 0.000000000000000000e+00
 2.125000000000000000e+00 5.000000074505805969e-02 0.000000000000000000e+00
 7.500000000000000000e-01 1.000000014901161194e-01 0.000000000000000000e+00
 7.555000185966491699e-01 1.000000014901161194e-01 0.000000000000000000e+00
 7.609999775886535645e-01 1.000000014901161194e-01 0.000000000000000000e+00
 7.664999961853027344e-01 1.000000014901161194e-01 0.000000000000000000e+00
 7.720000147819519043e-01 1.000000014901161194e-01 0.000000000000000000e+00
 7.774999737739562988e-01 1.000000014901161194e-01 0.000000000000000000e+00
 7.829999923706054688e-01 1.000000014901161194e-01 0.000000000000000000e+00
 7.885000109672546387e-01 1.000000014901161194e-01 0.000000000000000000e+00
 7.940000295639038086e-01 1.000000014901161194e-01 0.000000000000000000e+00
 7.994999885559082031e-01 1.000000014901161194e-01 0.000000000000000000e+00
 8.050000071525573730e-01 1.000000014901161194e-01 0.000000000000000000e+00
 8.105000257492065430e-01 1.000000014901161194e-01 0.000000000000000000e+00
 8.159999847412109375e-01 1.000000014901161194e-01 0.000000000000000000e+00
 8.215000033378601074e-01 1.000000014901161194e-01 0.000000000000000000e+00
 8.270000219345092773e-01 1.000000014901161194e-01 0.000000000000000000e+00
 8.324999809265136719e-01 1.000000014901161194e-01 0.000000000000000000e+00
 8.379999995231628418e-01 1.000000014901161194e-01 0.000000000000000000e+00
 8.435000181198120117e-01 1.000000014901161194e-01 0.000000000000000000e+00
 8.489999771118164062e-01 1.000000014901161194e-01 0.000000000000000000e+00
 8.544999957084655762e-01 1.000000014901161194e-01 0.000000000000000000e+00
 8.600000143051147461e-01 1.000000014901161194e-01 0.000000000000000000e+00
 8.654999732971191406e-01 1.000000014901161194e-01 0.000000000000000000e+00
 8.709999918937683105e-01 1.000000014901161194e-01 0.000000000000000000e+00
 8.765000104904174805e-01 1.000000014901161194e-01 0.000000000000000000e+00
 8.820000290870666504e-01 1.000000014901161194e-01 0.000000000000000000e+00
 8.874999880790710449e-01 1.000000014901161194e-01 0.000000000000000000e+00
 8.930000066757202148e-01 1.000000014901161194e-01 0.000000000000000000e+00
 8.985000252723693848e-01 1.000000014901161194e-01 0.000000000000000000e+00
 9.039999842643737793e-01 1.000000014901161194e-01 0.000000000000000000e+00
 9.095000028610229492e-01 1.000000014901161194e-01 0.000000000000000000e+00
 9.150000214576721191e-01 1.000000014901161194e-01 0.000000000000000000e+00
 9.204999804496765137e-01 1.000000014901161194e-01 0.000000000000000000e+00
 9.259999990463256836e-01 1.000000014901161194e-01 0.000000000000000000e+00
 9.315000176429748535e-01 1.000000014901161194e-01 0.000000000000000000e+00
 9.369999766349792480e-01 1.000000014901161194e-01 0.000000000000000000e+00
 9.424999952316284180e-01 1.000000014901161194e-01 0.000000000000000000e+00
 9.480000138282775879e-01 1.000000014901161194e-01 0.000000000000000000e+00
 9.534999728202819824e-01 1.000000014901161194e-01 0.000000000000000000e+00
 9.589999914169311523e-01 1.000000014901161194e-01 0.000000000000000000e+00
 9.645000100135803223e-01 1.000000014901161194e-01 0.000000000000000000e+00
 9.700000286102294922e-01 1.000000014901161194e-01 0.000000000000000000e+00
 9.754999876022338867e-01 1.000000014901161194e-01 0.000000000000000000e+00
 9.810000061988830566e-01 1.000000014901161194e-01 0.000000000000000000e+00
 9.865000247955322266e-01 1.000000014901161194e-01 0.000000000000000000e+00
 9.919999837875366211e-01 1.000000014901161194e-01 0.000000000000000000e+00
 9.975000023841857910e-01 1.000000014901161194e-01 0.000000000000000000e+00
 1.003000020980834961e+00 1.000000014901161194e-01 0.000000000000000000e+00
 1.008499979972839355e+00 1.000000014901161194e-01 0.000000000000000000e+00
 1.014000058174133301e+00 1.000000014901161194e-01 0.000000000000000000e+00
 1.019500017166137695e+00 1.000000014901161194e-01 0.000000000000000000e+00
 1.024999976158142090e+00 1.000000014901161194e-01 0.000000000000000000e+00
 1.030500054359436035e+00 1.000000014901161194e-01 0.000000000000000000e+00
 1.036000013351440430e+00 1.000000014901161194e-01 0.000000000000000000e+00
 1.041499972343444824e+00 1.000000014901161194e-01 0.000000000000000000e+00
 1.047000050544738770e+00 1.000000014901161194e-01 0.000000000000000000e+00
 1.052500009536743164e+00 1.000000014901161194e-01 0.000000000000000000e+00
 1.057999968528747559e+00 1.000000014901161194e-01 0.000000000000000000e+00
 1.063500046730041504e+00 1.000000014901161194e-01 0.000000000000000000e+00
 1.069000005722045898e+00 1.000000014901161194e-01 0.000000000000000000e+00
 1.074499964714050293e+00 1.000000014901161194e-01 0.000000000000000000e+00
 1.080000042915344238e+00 1.000000014901161194e-01 0.000000000000000000e+00
 1.085500001907348633e+00 1.000000014901161194e-01 0.000000000000000000e+00
 1.090999960899353027e+00 1.000000014901161194e-01 0.000000000000000000e+00
 1.096500039100646973e+00 1.000000014901161194e-01 0.000000000000000000e+00
 1.101999998092651367e+00 1.000000014901161194e-01 0.000000000000000000e+00
 1.107499957084655762e+00 1.000000014901161194e-01 0.000000000000000000e+00
 1.113000035285949707e+00 1.000000014901161194e-01 0.000000000000000000e+00
 1.118499994277954102e+00 1.000000014901161194e-01 0.000000000000000000e+00
 1.123999953269958496e+00 1.000000014901161194e-01 0.000000000000000000e+00
 1.129500031471252441e+00 1.000000014901161194e-01 0.000000000000000000e+00
 1.134999990463256836e+00 1.000000014901161194e-01 0.000000000000000000e+00
 1.140499949455261230e+00 1.000000014901161194e-01 0.000000000000000000e+00
 1.146000027656555176e+00 1.000000014901161194e-01 0.000000000000000000e+00
 1.151499986648559570e+00 1.000000014901161194e-01 0.000000000000000000e+00
 1.156999945640563965e+00 1.000000014901161194e-01 0.000000000000000000e+00
 1.162500023841857910e+00 1.000000014901161194e-01 0.000000000000000000e+00
 1.167999982833862305e+00 1.000000014901161194e-01 0.000000000000000000e+00
 1.173499941825866699e+00 1.000000014901161194e-01 0.000000000000000000e+00
 1.179000020027160645e+00 1.000000014901161194e-01 0.000000000000000000e+00
 1.184499979019165039e+00 1.000000014901161194e-01 0.000000000000000000e+00
 1.190000057220458984e+00 1.000000014901161194e-01 0.000000000000000000e+00
 1.195500016212463379e+00 1.000000014901161194e-01 0.000000000000000000e+00
 1.200999975204467773e+00 1.000000014901161194e-01 0.000000000000000000e+00
 1.206500053405761719e+00 1.000000014901161194e-01 0.000000000000000000e+00
 1.212000012397766113e+00 1.000000014901161194e-01 0.000000000000000000e+00
 1.217499971389770508e+00 1.000000014901161194e-01 0.000000000000000000e+00
 1.223000049591064453e+00 1.000000014901161194e-01 0.000000000000000000e+00
 1.228500008583068848e+00 1.000000014901161194e-01 0.000000000000000000e+00
 1.233999967575073242e+00 1.000000014901161194e-01 0.000000000000000000e+00
 1.239500045776367188e+00 1.000000014901161194e-01 0.000000000000000000e+00
 1.245000004768371582e+00 1.000000014901161194e-01 0.000000000000000000e+00
 1.250499963760375977e+00 1.000000014901161194e-01 0.000000000000000000e+00
 1.256000041961669922e+00 1.000000014901161194e-01 0.000000000000000000e+00
 1.261500000953674316e+00 1.000000014901161194e-01 0.000000000000000000e+00
 1.266999959945678711e+00 1.000000014901161194e-01 0.000000000000000000e+00
 1.272500038146972656e+00 1.000000014901161194e-01 0.000000000000000000e+00
 1.277999997138977051e+00 1.000000014901161194e-01 0.000000000000000000e+00
 1.283499956130981445e+00 1.000000014901161194e-01 0.000000000000000000e+00
 1.289000034332275391e+00 1.000000014901161194e-01 0.000000000000000000e+00
 1.294499993324279785e+00 1.000000014901161194e-01 0.000000000000000000e+00
 1.299999952316284180e+00 1.000000014901161194e-01 0.000000000000000000e+00
 1.305500030517578125e+00 1.000000014901161194e-01 0.000000000000000000e+00
 1.310999989509582520e+00 1.000000014901161194e-01 0.000000000000000000e+00
 1.316499948501586914e+00 1.000000014901161194e-01 0.000000000000000000e+00
 1.322000026702880859e+00 1.000000014901161194e-01 0.000000000000000000e+00
 1.327499985694885254e+00 1.000000014901161194e-01 0.000000000000000000e+00
 1.332999944686889648e+00 1.000000014901161194e-01 0.000000000000000000e+00
 1.338500022888183594e+00 1.000000014901161194e-01 0.000000000000000000e+00
 1.343999981880187988e+00 1.000000014901161194e-01 0.000000000000000000e+00
 1.349499940872192383e+00 1.000000014901161194e-01 0.000000000000000000e+00
 1.355000019073486328e+00 1.000000014901161194e-01 0.000000000000000000e+00
 1.360499978065490723e+00 1.000000014901161194e-01 0.000000000000000000e+00
 1.366000056266784668e+00 1.000000014901161194e-01 0.000000000000000000e+00
 1.371500015258789062e+00 1.000000014901161194e-01 0.000000000000000000e+00
 1.376999974250793457e+00 1.000000014901161194e-01 0.000000000000000000e+00
 1.382500052452087402e+00 1.000000014901161194e-01 0.000000000000000000e+00
 1.388000011444091797e+00 1.000000014901161194e-01 0.000000000000000000e+00
 1.393499970436096191e+00 1.000000014901161194e-01 0.000000000000000000e+00
 1.399000048637390137e+00 1.000000014901161194e-01 0.000000000000000000e+00
 1.404500007629394531e+00 1.000000014901161194e-01 0.000000000000000000e+00
 1.409999966621398926e+00 1.000000014901161194e-01 0.000000000000000000e+00
 1.415500044822692871e+00 1.000000014901161194e-01 0.000000000000000000e+00
 1.421000003814697266e+00 1.000000014901161194e-01 0.000000000000000000e+00
 1.426499962806701660e+00 1.000000014901161194e-01 0.000000000000000000e+00
 1.432000041007995605e+00 1.000000014901161194e-01 0.000000000000000000e+00
 1.437500000000000000e+00 1.000000014901161194e-01 0.000000000000000000e+00
 1.442999958992004395e+00 1.000000014901161194e-01 0.000000000000000000e+00
 1.448500037193298340e+00 1.000000014901161194e-01 0.000000000000000000e+00
 1.453999996185302734e+00 1.000000014901161194e-01 0.000000000000000000e+00
 1.459499955177307129e+00 1.000000014901161194e-01 0.000000000000000000e+00
 1.465000033378601074e+00 1.000000014901161194e-01 0.000000000000000000e+00
 1.470499992370605469e+00 1.000000014901161194e-01 0.000000000000000000e+00
 1.475999951362609863e+00 1.000000014901161194e-01 0.000000000000000000e+00
 1.481500029563903809e+00 1.000000014901161194e-01 0.000000000000000000e+00
 1.486999988555908203e+00 1.000000014901161194e-01 0.000000000000000000e+00
 1.492499947547912598e+00 1.000000014901161194e-01 0.000000000000000000e+00
 1.498000025749206543e+00 1.000000014901161194e-01 0.000000000000000000e+00
 1.503499984741210938e+00 1.000000014901161194e-01 0.000000000000000000e+00
 1.508999943733215332e+00 1.000000014901161194e-01 0.000000000000000000e+00
 1.514500021934509277e+00 1.000000014901161194e-01 0.000000000000000000e+00
 1.519999980926513672e+00 1.000000014901161194e-01 0.000000000000000000e+00
 1.525500059127807617e+00 1.000000014901161194e-01 0.000000000000000000e+00
 1.531000018119812012e+00 1.000000014901161194e-01 0.000000000000000000e+00
 1.536499977111816406e+00 1.000000014901161194e-01 0.000000000000000000e+00
 1.542000055313110352e+00 1.000000014901161194e-01 0.000000000000000000e+00
 1.547500014305114746e+00 1.000000014901161194e-01 0.000000000000000000e+00
 1.552999973297119141e+00 1.000000014901161194e-01 0.000000000000000000e+00
 1.558500051498413086e+00 1.000000014901161194e-01 0.000000000000000000e+00
 1.564000010490417480e+00 1.000000014901161194e-01 0.000000000000000000e+00
 1.569499969482421875e+00 1.000000014901161194e-01 0.000000000000000000e+00
 1.575000047683715820e+00 1.000000014901161194e-01 0.000000000000000000e+00
 1.580500006675720215e+00 1.000000014901161194e-01 0.000000000000000000e+00
 1.585999965667724609e+00 1.000000014901161194e-01 0.000000000000000000e+00
 1.591500043869018555e+00 1.000000014901161194e-01 0.000000000000000000e+00
 1.597000002861022949e+00 1.000000014901161194e-01 0.000000000000000000e+00
 1.602499961853027344e+00 1.000000014901161194e-01 0.000000000000000000e+00
 1.608000040054321289e+00 1.000000014901161194e-01 0.000000000000000000e+00
 1.613499999046325684e+00 1.000000014901161194e-01 0.000000000000000000e+00
 1.618999958038330078e+00 1.000000014901161194e-01 0.000000000000000000e+00
 1.624500036239624023e+00 1.000000014901161194e-01 0.000000000000000000e+00
 1.629999995231628418e+00 1.000000014901161194e-01 0.000000000000000000e+00
 1.635499954223632812e+00 1.000000014901161194e-01 0.000000000000000000e+00
 1.641000032424926758e+00 1.000000014901161194e-01 0.000000000000000000e+00
 1.646499991416931152e+00 1.000000014901161194e-01 0.000000000000000000e+00
 1.651999950408935547e+00 1.000000014901161194e-01 0.000000000000000000e+00
 1.657500028610229492e+00 1.000000014901161194e-01 0.000000000000000000e+00
 1.662999987602233887e+00 1.000000014901161194e-01 0.000000000000000000e+00
 1.668499946594238281e+00 1.000000014901161194e-01 0.000000000000000000e+00
 1.674000024795532227e+00 1.000000014901161194e-01 0.000000000000000000e+00
 1.679499983787536621e+00 1.000000014901161194e-01 0.000000000000000000e+00
 1.684999942779541016e+00 1.000000014901161194e-01 0.000000000000000000e+00
 1.690500020980834961e+00 1.000000014901161194e-01 0.000000000000000000e+00
 1.695999979972839355e+00 1.000000014901161194e-01 0.000000000000000000e+00
 1.701500058174133301e+00 1.000000014901161194e-01 0.000000000000000000e+00
 1.707000017166137695e+00 1.000000014901161194e-01 0.000000000000000000e+00
 1.712499976158142090e+00 1.000000014901161194e-01 0.000000000000000000e+00
 1.718000054359436035e+00 1.000000014901161194e-01 0.000000000000000000e+00
 1.723500013351440430e+00 1.000000014901161194e-01 0.000000000000000000e+00
 1.728999972343444824e+00 1.000000014901161194e-01 0.000000000000000000e+00
 1.734500050544738770e+00 1.000000014901161194e-01 0.000000000000000000e+00
 1.740000009536743164e+00 1.000000014901161194e-01 0.000000000000000000e+00
 1.745499968528747559e+00 1.000000014901161194e-01 0.000000000000000000e+00
 1.751000046730041504e+00 1.000000014901161194e-01 0.000000000000000000e+00
 1.756500005722045898e+00 1.000000014901161194e-01 0.000000000000000000e+00
 1.761999964714050293e+00 1.000000014901161194e-01 0.000000000000000000e+00
 1.767500042915344238e+00 1.000000014901161194e-01 0.000000000000000000e+00
 1.773000001907348633e+00 1.000000014901161194e-01 0.000000000000000000e+00
 1.778499960899353027e+00 1.000000014901161194e-01 0.000000000000000000e+00
 1.784000039100646973e+00 1.000000014901161194e-01 0.000000000000000000e+00
 1.789499998092651367e+00 1.000000014901161194e-01 0.000000000000000000e+00
 1.794999957084655762e+00 1.000000014901161194e-01 0.000000000000000000e+00
 1.800500035285949707e+00 1.000000014901161194e-01 0.000000000000000000e+00
 1.805999994277954102e+00 1.000000014901161194e-01 0.000000000000000000e+00
 1.811499953269958496e+00 1.000000014901161194e-01 0.000000000000000000e+00
 1.817000031471252441e+00 1.000000014901161194e-01 0.000000000000000000e+00
 1.822499990463256836e+00 1.000000014901161194e-01 0.000000000000000000e+00
 1.827999949455261230e+00 1.000000014901161194e-01 0.000000000000000000e+00
 1.833500027656555176e+00 1.000000014901161194e-01 0.000000000000000000e+00
 1.838999986648559570e+00 1.000000014901161194e-01 0.000000000000000000e+00
 1.844499945640563965e+00 1.000000014901161194e-01 0.000000000000000000e+00
 1.850000023841857910e+00 1.000000014901161194e-01 0.000000000000000000e+00
 1.855499982833862305e+00 1.000000014901161194e-01 0.000000000000000000e+00
 1.860999941825866699e+00 1.000000014901161194e-01 0.000000000000000000e+00
 1.866500020027160645e+00 1.000000014901161194e-01 0.000000000000000000e+00
 1.871999979019165039e+00 1.000000014901161194e-01 0.000000000000000000e+00
 1.877500057220458984e+00 1.000000014901161194e-01 0.000000000000000000e+00
 1.883000016212463379e+00 1.000000014901161194e-01 0.000000000000000000e+00
 1.888499975204467773e+00 1.000000014901161194e-01 0.000000000000000000e+00
 1.894000053405761719e+00 1.000000014901161194e-01 0.000000000000000000e+00
 1.899500012397766113e+00 1.000000014901161194e-01 0.000000000000000000e+00
 1.904999971389770508e+00 1.000000014901161194e-01 0.000000000000000000e+00
 1.910500049591064453e+00 1.000000014901161194e-01 0.000000000000000000e+00
 1.916000008583068848e+00 1.000000014901161194e-01 0.000000000000000000e+00
 1.921499967575073242e+00 1.000000014901161194e-01 0.000000000000000000e+00
 1.927000045776367188e+00 1.000000014901161194e-01 0.000000000000000000e+00
 1.932500004768371582e+00 1.000000014901161194e-01 0.000000000000000000e+00
 1.937999963760375977e+00 1.000000014901161194e-01 0.000000000000000000e+00
 1.943500041961669922e+00 1.000000014901161194e-01 0.000000000000000000e+00
 1.949000000953674316e+00 1.000000014901161194e-01 0.000000000000000000e+00
 1.954499959945678711e+00 1.000000014901161194e-01 0.000000000000000000e+00
 1.960000038146972656e+00 1.000000014901161194e-01 0.000000000000000000e+00
 1.965499997138977051e+00 1.000000014901161194e-01 0.000000000000000000e+00
 1.970999956130981445e+00 1.000000014901161194e-01 0.000000000000000000e+00
 1.976500034332275391e+00 1.000000014901161194e-01 0.000000000000000000e+00
 1.981999993324279785e+00 1.000000014901161194e-01 0.000000000000000000e+00
 1.987499952316284180e+00 1.000000014901161194e-01 0.000000000000000000e+00
 1.993000030517578125e+00 1.000000014901161194e-01 0.000000000000000000e+00
 1.998499989509582520e+00 1.000000014901161194e-01 0.000000000000000000e+00
 2.003999948501586914e+00 1.000000014901161194e-01 0.000000000000000000e+00
 2.009500026702880859e+00 1.000000014901161194e-01 0.000000000000000000e+00
 2.015000104904174805e+00 1.000000014901161194e-01 0.000000000000000000e+00
 2.020499944686889648e+00 1.000000014901161194e-01 0.000000000000000000e+00
 2.026000022888183594e+00 1.000000014901161194e-01 0.000000000000000000e+00
 2.031500101089477539e+00 1.000000014901161194e-01 0.000000000000000000e+00
 2.036999940872192383e+00 1.000000014901161194e-01 0.000000000000000000e+00
 2.042500019073486328e+00 1.000000014901161194e-01 0.000000000000000000e+00
 2.048000097274780273e+00 1.000000014901161194e-01 0.000000000000000000e+00
 2.053499937057495117e+00 1.000000014901161194e-01 0.000000000000000000e+00
 2.059000015258789062e+00 1.000000014901161194e-01 0.000000000000000000e+00
 2.064500093460083008e+00 1.000000014901161194e-01 0.000000000000000000e+00
 2.069999933242797852e+00 1.000000014901161194e-01 0.000000000000000000e+00
 2.075500011444091797e+00 1.000000014901161194e-01 0.000000000000000000e+00
 2.081000089645385742e+00 1.000000014901161194e-01 0.000000000000000000e+00
 2.086499929428100586e+00 1.000000014901161194e-01 0.000000000000000000e+00
 2.092000007629394531e+00 1.000000014901161194e-01 0.000000000000000000e+00
 2.097500085830688477e+00 1.000000014901161194e-01 0.000000000000000000e+00
 2.102999925613403320e+00 1.000000014901161194e-01 0.000000000000000000e+00
 2.108500003814697266e+00 1.000000014901161194e-01 0.000000000000000000e+00
 2.114000082015991211e+00 1.000000014901161194e-01 0.000000000000000000e+00
 2.119499921798706055e+00 1.000000014901161194e-01 0.000000000000000000e+00
 2.125000000000000000e+00 1.000000014901161194e-01 0.000000000000000000e+00
 </DataArray>
</Points>
<Cells>
 <DataArray type="Int32" Name="connectivity" format="ascii">
 0 1 252 251
 1 2 253 252
 2 3 254 253
 3 4 255 254
 4 5 256 255
 5 6 257 256
 6 7 258 257
 7 8 259 258
 8 9 260 259
 9 10 261 260
 10 11 262 261
 11 12 263 262
 12 13 264 263
 13 14 265 264
 14 15 266 265
 15 16 267 266
 16 17 268 267
 17 18 269 268
 18 19 270 269
 19 20 271 270
 20 21 272 271
 21 22 273 272
 22 23 274 273
 23 24 275 274
 24 25 276 275
 25 26 277 276
 26 27 278 277
 27 28 279 278
 28 29 280 279
 29 30 281 280
 30 31 282 281
 31 32 283 282
 32 33 284 283
 33 34 285 284
 34 35 286 285
 35 36 287 286
 36 37 288 287
 37 38 289 288
 38 39 290 289
 39 40 291 290
 40 41 292 291
 41 42 293 292
 42 43 294 293
 43 44 295 294
 44 45 296 295
 45 46 297 296
 46 47 298 297
 47 48 299 298
 48 49 300 299
 49 50 301 300
 50 51 302 301
 51 52 303 302
 52 53 304 303
 53 54 305 304
 54 55 306 305
 55 56 307 306
 56 57 308 307
 57 58 309 308
 58 59 310 309
 59 60 311 310
 60 61 312 311
 61 62 313 312
 62 63 314 313
 63 64 315 314
 64 65 316 315
 65 66 317 316
 66 67 318 317
 67 68 319 318
 68 69 320 319
 69 70 321 320
 70 71 322 321
 71 72 323 322
 72 73 324 323
 73 74 325 324
 74 75 326 325
 75 76 327 326
 76 77 328 327
 77 78 329 328
 78 79 330 329
 79 80 331 330
 80 81 332 331
 81 82 333 332
 82 83 334 333
 83 84 335 334
 84 85 336 335
 85 86 337 336
 86 87 338 337
 87 88 339 338
 88 89 340 339
 89 90 341 340
 90 91 342 341
 91 92 343 342
 92 93 344 343
 93 94 345 344
 94 95 346 345
 95 96 347 346
 96 97 348 347
 97 98 349 348
 98 99 350 349
 99 100 351 350
 100 101 352 351
 101 102 353 352
 102 103 354 353
 103 104 355 354
 104 105 356 355
 105 106 357 356
 106 107 358 357
 107 108 359 358
 108 109 360 359
 109 110 361 360
 110 111 362 361
 111 112 363 362
 112 113 364 363
 113 114 365 364
 114 115 366 365
 115 116 367 366
 116 117 368 367
 117 118 369 368
 118 119 370 369
 119 120 371 370
 120 121 372 371
 121 122 373 372
 122 123 374 373
 123 124 375 374
 124 125 376 375
 125 126 377 376
 126 127 378 377
 127 128 379 378
 128 129 380 379
 129 130 381 380
 130 131 382 381
 131 132 383 382
 132 133 384 383
 133 134 385 384
 134 135 386 385
 135 136 387 386
 136 137 388 387
 137 138 389 388
 138 139 390 389
 139 140 391 390
 140 141 392 391
 141 142 393 392
 142 143 394 393
 143 144 395 394
 144 145 396 395
 145 146 397 396
 146 147 398 397
 147 148 399 398
 148 149 400 399
 149 150 401 400
 150 151 402 401
 151 152 403 402
 152 153 404 403
 153 154 405 404
 154 155 406 405
 155 156 407 406
 156 157 408 407
 157 158 409 408
 158 159 410 409
 159 160 411 410
 160 161 412 411
 161 162 413 412
 162 163 414 413
 163 164 415 414
 164 165 416 415
 165 166 417 416
 166 167 418 417
 167 168 419 418
 168 169 420 419
 169 170 421 420
 170 171 422 421
 171 172 423 422
 172 173 424 423
 173 174 425 424
 174 175 426 425
 175 176 427 426
 176 177 428 427
 177 178 429 428
 178 179 430 429
 179 180 431 430
 180 181 432 431
 181 182 433 432
 182 183 434 433
 183 184 435 434
 184 185 436 435
 185 186 437 436
 186 187 438 437
 187 188 439 438
 188 189 440 439
 189 190 441 440
 190 191 442 441
 191 192 443 442
 192 193 444 443
 193 194 445 444
 194 195 446 445
 195 196 447 446
 196 197 448 447
 197 198 449 448
 198 199 450 449
 199 200 451 450
 200 201 452 451
 201 202 453 452
 202 203 454 453
 203 204 455 454
 204 205 456 455
 205 206 457 456
 206 207 458 457
 207 208 459 458
 208 209 460 459
 209 210 461 460
 210 211 462 461
 211 212 463 462
 212 213 464 463
 213 214 465 464
 214 215 466 465
 215 216 467 466
 216 217 468 467
 217 218 469 468
 218 219 470 469
 219 220 471 470
 220 221 472 471
 221 222 473 472
 222 223 474 473
 223 224 475 474
 224 225 476 475
 225 226 477 476
 226 227 478 477
 227 228 479 478
 228 229 480 479
 229 230 481 480
 230 231 482 481
 231 232 483 482
 232 233 484 483
 233 234 485 484
 234 235 486 485
 235 236 487 486
 236 237 488 487
 237 238 489 488
 238 239 490 489
 239 240 491 490
 240 241 492 491
 241 242 493 492
 242 243 494 493
 243 244 495 494
 244 245 496 495
 245 246 497 496
 246 247 498 497
 247 248 499 498
 248 249 500 499
 249 250 501 500
 251 252 503 502
 252 253 504 503
 253 254 505 504
 254 255 506 505
 255 256 507 506
 256 257 508 507
 257 258 509 508
 258 259 510 509
 259 260 511 510
 260 261 512 511
 261 262 513 512
 262 263 514 513
 263 264 515 514
 264 265 516 515
 265 266 517 516
 266 267 518 517
 267 268 519 518
 268 269 520 519
 269 270 521 520
 270 271 522 521
 271 272 523 522
 272 273 524 523
 273 274 525 524
 274 275 526 525
 275 276 527 526
 276 277 528 527
 277 278 529 528
 278 279 530 529
 279 280 531 530
 280 281 532 531
 281 282 533 532
 282 283 534 533
 283 284 535 534
 284 285 536 535
 285 286 537 536
 286 287 538 537
 287 288 539 538
 288 289 540 539
 289 290 541 540
 290 291 542 541
 291 292 543 542
 292 293 544 543
 293 294 545 544
 294 295 546 545
 295 296 547 546
 296 297 548 547
 297 298 549 548
 298 299 550 549
 299 300 551 550
 300 301 552 551
 301 302 553 552
 302 303 554 553
 303 304 555 554
 304 305 556 555
 305 306 557 556
 306 307 558 557
 307 308 559 558
 308 309 560 559
 309 310 561 560
 310 311 562 561
 311 312 563 562
 312 313 564 563
 313 314 565 564
 314 315 566 565
 315 316 567 566
 316 317 568 567
 317 318 569 568
 318 319 570 569
 319 320 571 570
 320 321 572 571
 321 322 573 572
 322 323 574 573
 323 324 575 574
 324 325 576 575
 325 326 577 576
 326 327 578 577
 327 328 579 578
 328 329 580 579
 329 330 581 580
 330 331 582 581
 331 332 583 582
 332 333 584 583
 333 334 585 584
 334 335 586 585
 335 336 587 586
 336 337 588 587
 337 338 589 588
 338 339 590 589
 339 340 591 590
 340 341 592 591
 341 342 593 592
 342 343 594 593
 343 344 595 594
 344 345 596 595
 345 346 597 596
 346 347 598 597
 347 348 599 598
 348 349 600 599
 349 350 601 600
 350 351 602 601
 351 352 603 602
 352 353 604 603
 353 354 605 604
 354 355 606 605
 355 356 607 606
 356 357 608 607
 357 358 609 608
 358 359 610 609
 359 360 611 610
 360 361 612 611
 361 362 613 612
 362 363 614 613
 363 364 615 614
 364 365 616 615
 365 366 617 616
 366 367 618 617
 367 368 619 618
 368 369 620 619
 369 370 621 620
 370 371 622 621
 371 372 623 622
 372 373 624 623
 373 374 625 624
 374 375 626 625
 375 376 627 626
 376 377 628 627
 377 378 629 628
 378 379 630 629
 379 380 631 630
 380 381 632 631
 381 382 633 632
 382 383 634 633
 383 384 635 634
 384 385 636 635
 385 386 637 636
 386 387 638 637
 387 388 639 638
 388 389 640 639
 389 390 641 640
 390 391 642 641
 391 392 643 642
 392 393 644 643
 393 394 645 644
 394 395 646 645
 395 396 647 646
 396 397 648 647
 397 398 649 648
 398 399 650 649
 399 400 651 650
 400 401 652 651
 401 402 653 652
 402 403 654 653
 403 404 655 654
 404 405 656 655
 405 406 657 656
 406 407 658 657
 407 408 659 658
 408 409 660 659
 409 410 661 660
 410 411 662 661
 411 412 663 662
 412 413 664 663
 413 414 665 664
 414 415 666 665
 415 416 667 666
 416 417 668 667
 417 418 669 668
 418 419 670 669
 419 420 671 670
 420 421 672 671
 421 422 673 672
 422 423 674 673
 423 424 675 674
 424 425 676 675
 425 426 677 676
 426 427 678 677
 427 428 679 678
 428 429 680 679
 429 430 681 680
 430 431 682 681
 431 432 683 682
 432 433 684 683
 433 434 685 684
 434 435 686 685
 435 436 687 686
 436 437 688 687
 437 438 689 688
 438 439 690 689
 439 440 691 690
 440 441 692 691
 441 442 693 692
 442 443 694 693
 443 444 695 694
 444 445 696 695
 445 446 697 696
 446 447 698 697
 447 448 699 698
 448 449 700 699
 449 450 701 700
 450 451 702 701
 451 452 703 702
 452 453 704 703
 453 454 705 704
 454 455 706 705
 455 456 707 706
 456 457 708 707
 457 458 709 708
 458 459 710 709
 459 460 711 710
 460 461 712 711
 461 462 713 712
 462 463 714 713
 463 464 715 714
 464 465 716 715
 465 466 717 716
 466 467 718 717
 467 468 719 718
 468 469 720 719
 469 470 721 720
 470 471 722 721
 471 472 723 722
 472 473 724 723
 473 474 725 724
 474 475 726 725
 475 476 727 726
 476 477 728 727
 477 478 729 728
 478 479 730 729
 479 480 731 730
 480 481 732 731
 481 482 733 732
 482 483 734 733
 483 484 735 734
 484 485 736 735
 485 486 737 736
 486 487 738 737
 487 488 739 738
 488 489 740 739
 489 490 741 740
 490 491 742 741
 491 492 743 742
 492 493 744 743
 493 494 745 744
 494 495 746 745
 495 496 747 746
 496 497 748 747
 497 498 749 748
 498 499 750 749
 499 500 751 750
 500 501 752 751
 </DataArray>
 <DataArray type="Int32" Name="offsets" format="ascii">
 4
 8
 12
 16
 20
 24
 28
 32
 36
 40
 44
 48
 52
 56
 60
 64
 68
 72
 76
 80
 84
 88
 92
 96
 100
 104
 108
 112
 116
 120
 124
 128
 132
 136
 140
 144
 148
 152
 156
 160
 164
 168
 172
 176
 180
 184
 188
 192
 196
 200
 204
 208
 212
 216
 220
 224
 228
 232
 236
 240
 244
 248
 252
 256
 260
 264
 268
 272
 276
 280
 284
 288
 292
 296
 300
 304
 308
 312
 316
 320
 324
 328
 332
 336
 340
 344
 348
 352
 356
 360
 364
 368
 372
 376
 380
 384
 388
 392
 396
 400
 404
 408
 412
 416
 420
 424
 428
 432
 436
 440
 444
 448
 452
 456
 460
 464
 468
 472
 476
 480
 484
 488
 492
 496
 500
 504
 508
 512
 516
 520
 524
 528
 532
 536
 540
 544
 548
 552
 556
 560
 564
 568
 572
 576
 580
 584
 588
 592
 596
 600
 604
 608
 612
 616
 620
 624
 628
 632
 636
 640
 644
 648
 652
 656
 660
 664
 668
 672
 676
 680
 684
 688
 692
 696
 700
 704
 708
 712
 716
 720
 724
 728
 732
 736
 740
 744
 748
 752
 756
 760
 764
 768
 772
 776
 780
 784
 788
 792
 796
 800
 804
 808
 812
 816
 820
 824
 828
 832
 836
 840
 844
 848
 852
 856
 860
 864
 868
 872
 876
 880
 884
 888
 892
 896
 900
 904
 908
 912
 916
 920
 924
 928
 932
 936
 940
 944
 948
 952
 956
 960
 964
 968
 972
 976
 980
 984
 988
 992
 996
 1000
 1004
 1008
 1012
 1016
 1020
 1024
 1028
 1032
 1036
 1040
 1044
 1048
 1052
 1056
 1060
 1064
 1068
 1072
 1076
 1080
 1084
 1088
 1092
 1096
 1100
 1104
 1108
 1112
 1116
 1120
 1124
 1128
 1132
 1136
 1140
 1144
 1148
 1152
 1156
 1160
 1164
 1168
 1172
 1176
 1180
 1184
 1188
 1192
 1196
 1200
 1204
 1208
 1212
 1216
 1220
 1224
 1228
 1232
 1236
 1240
 1244
 1248
 1252
 1256
 1260
 1264
 1268
 1272
 1276
 1280
 1284
 1288
 1292
 1296
 1300
 1304
 1308
 1312
 1316
 1320
 1324
 1328
 1332
 1336
 1340
 1344
 1348
 1352
 1356
 1360
 1364
 1368
 1372
 1376
 1380
 1384
 1388
 1392
 1396
 1400
 1404
 1408
 1412
 1416
 1420
 1424
 1428
 1432
 1436
 1440
 1444
 1448
 1452
 1456
 1460
 1464
 1468
 1472
 1476
 1480
 1484
 1488
 1492
 1496
 1500
 1504
 1508
 1512
 1516
 1520
 1524
 1528
 1532
 1536
 1540
 1544
 1548
 1552
 1556
 1560
 1564
 1568
 1572
 1576
 1580
 1584
 1588
 1592
 1596
 1600
 1604
 1608
 1612
 1616
 1620
 1624
 1628
 1632
 1636
 1640
 1644
 1648
 1652
 1656
 1660
 1664
 1668
 1672
 1676
 1680
 1684
 1688
 1692
 1696
 1700
 1704
 1708
 1712
 1716
 1720
 1724
 1728
 1732
 1736
 1740
 1744
 1748
 1752
 1756
 1760
 1764
 1768
 1772
 1776
 1780
 1784
 1788
 1792
 1796
 1800
 1804
 1808
 1812
 1816
 1820
 1824
 1828
 1832
 1836
 1840
 1844
 1848
 1852
 1856
 1860
 1864
 1868
 1872
 1876
 1880
 1884
 1888
 1892
 1896
 1900
 1904
 1908
 1912
 1916
 1920
 1924
 1928
 1932
 1936
 1940
 1944
 1948
 1952
 1956
 1960
 1964
 1968
 1972
 1976
 1980
 1984
 1988
 1992
 1996
 2000
 </DataArray>
 <DataArray type="UInt8" Name="types" format="ascii">
 9
 9
 9
 9
 9
 9
 9
 9
 9
 9
 9
 9
 9
 9
 9
 9
 9
 9
 9
 9
 9
 9
 9
 9
 9
 9
 9
 9
 9
 9
 9
 9
 9
 9
 9
 9
 9
 9
 9
 9
 9
 9
 9
 9
 9
 9
 9
 9
 9
 9
 9
 9
 9
 9
 9
 9
 9
 9
 9
 9
 9
 9
 9
 9
 9
 9
 9
 9
 9
 9
 9
 9
 9
 9
 9
 9
 9
 9
 9
 9
 9
 9
 9
 9
 9
 9
 9
 9
 9
 9
 9
 9
 9
 9
 9
 9
 9
 9
 9
 9
 9
 9
 9
 9
 9
 9
 9
 9
 9
 9
 9
 9
 9
 9
 9
 9
 9
 9
 9
 9
 9
 9
 9
 9
 9
 9
 9
 9
 9
 9
 9
 9
 9
 9
 9
 9
 9
 9
 9
 9
 9
 9
 9
 9
 9
 9
 9
 9
 9
 9
 9
 9
 9
 9
 9
 9
 9
 9
 9
 9
 9
 9
 9
 9
 9
 9
 9
 9
 9
 9
 9
 9
 9
 9
 9
 9
 9
 9
 9
 9
 9
 9
 9
 9
 9
 9
 9
 9
 9
 9
 9
 9
 9
 9
 9
 9
 9
 9
 9
 9
 9
 9
 9
 9
 9
 9
 9
 9
 9
 9
 9
 9
 9
 9
 9
 9
 9
 9
 9
 9
 9
 9
 9
 9
 9
 9
 9
 9
 9
 9
 9
 9
 9
 9
 9
 9
 9
 9
 9
 9
 9
 9
 9
 9
 9
 9
 9
 9
 9
 9
 9
 9
 9
 9
 9
 9
 9
 9
 9
 9
 9
 9
 9
 9
 9
 9
 9
 9
 9
 9
 9
 9
 9
 9
 9
 9
 9
 9
 9
 9
 9
 9
 9
 9
 9
 9
 9
 9
 9
 9
 9
 9
 9
 9
 9
 9
 9
 9
 9
 9
 9
 9
 9
 9
 9
 9
 9
 9
 9
 9
 9
 9
 9
 9
 9
 9
 9
 9
 9
 9
 9
 9
 9
 9
 9
 9
 9
 9
 9
 9
 9
 9
 9
 9
 9
 9
 9
 9
 9
 9
 9
 9
 9
 9
 9
 9
 9
 9
 9
 9
 9
 9
 9
 9
 9
 9
 9
 9
 9
 9
 9
 9
 9
 9
 9
 9
 9
 9
 9
 9
 9
 9
 9
 9
 9
 9
 9
 9
 9
 9
 9
 9
 9
 9
 9
 9
 9
 9
 9
 9
 9
 9
 9
 9
 9
 9
 9
 9
 9
 9
 9
 9
 9
 9
 9
 9
 9
 9
 9
 9
 9
 9
 9
 9
 9
 9
 9
 9
 9
 9
 9
 9
 9
 9
 9
 9
 9
 9
 9
 9
 9
 9
 9
 9
 9
 9
 9
 9
 9
 9
 9
 9
 9
 9
 9
 9
 9
 9
 9
 9
 9
 9
 9
 9
 9
 9
 9
 9
 9
 9
 9
 9
 9
 9
 9
 9
 9
 9
 9
 9
 9
 9
 9
 9
 9
 9
 9
 9
 9
 9
 9
 9
 9
 9
 9
 9
 9
 9
 9
 9
 9
 9
 9
 9
 9
 9
 9
 9
 9
 9
 </DataArray>
</Cells>
<CellData>
 <DataArray Name="pos.x" type="Float32" NumberOfComponents="1" format="ascii">
 7.527500000000161284e-01
 7.582499999999892104e-01
 7.637499999999995959e-01
 7.692499999999996563e-01
 7.747500000000097087e-01
 7.802499999999910063e-01
 7.857500000000010587e-01
 7.912500000000016742e-01
 7.967499999999915206e-01
 8.022499999999966880e-01
 8.077500000000181757e-01
 8.132499999999946994e-01
 8.187500000000167422e-01
 8.242499999999832738e-01
 8.297499999999977671e-01
 8.352499999999878355e-01
 8.407500000000409646e-01
 8.462499999999720801e-01
 8.517500000000116644e-01
 8.572499999999869669e-01
 8.627499999999874714e-01
 8.682500000000143991e-01
 8.737500000000029132e-01
 8.792499999999990878e-01
 8.847499999999889342e-01
 8.902500000000153069e-01
 8.957499999999823936e-01
 9.012500000000149836e-01
 9.067499999999835136e-01
 9.122499999999846843e-01
 9.177500000000248237e-01
 9.232500000000170015e-01
 9.287499999999918598e-01
 9.342500000000036886e-01
 9.397499999999914255e-01
 9.452500000000148006e-01
 9.507500000000017604e-01
 9.562499999999686251e-01
 9.617500000000132054e-01
 9.672499999999966125e-01
 9.727500000000363078e-01
 9.782499999999841878e-01
 9.837500000000002354e-01
 9.892499999999896376e-01
 9.947500000000210063e-01
 1.000249999999986095e+00
 1.005750000000018352e+00
 1.011249999999999538e+00
 1.016749999999997822e+00
 1.022250000000013870e+00
 1.027750000000002162e+00
 1.033249999999970026e+00
 1.038749999999990736e+00
 1.044250000000030099e+00
 1.049749999999989747e+00
 1.055249999999985588e+00
 1.060750000000017401e+00
 1.066250000000002363e+00
 1.071750000000003977e+00
 1.077250000000012253e+00
 1.082749999999974788e+00
 1.088250000000015039e+00
 1.093750000000011768e+00
 1.099249999999988514e+00
 1.104750000000003674e+00
 1.110249999999990633e+00
 1.115749999999994246e+00
 1.121250000000027391e+00
 1.126749999999979934e+00
 1.132250000000016854e+00
 1.137749999999988271e+00
 1.143250000000003652e+00
 1.148749999999989724e+00
 1.154250000000029308e+00
 1.159749999999978298e+00
 1.165249999999967701e+00
 1.170750000000038149e+00
 1.176249999999981144e+00
 1.181750000000005185e+00
 1.187250000000015016e+00
 1.192749999999982213e+00
 1.198249999999990933e+00
 1.203750000000026299e+00
 1.209249999999997938e+00
 1.214749999999985786e+00
 1.220250000000000723e+00
 1.225750000000027207e+00
 1.231249999999983080e+00
 1.236750000000012450e+00
 1.242249999999986976e+00
 1.247749999999994364e+00
 1.253249999999971553e+00
 1.258750000000037339e+00
 1.264250000000018970e+00
 1.269749999999983725e+00
 1.275250000000001771e+00
 1.280749999999977851e+00
 1.286249999999998117e+00
 1.291749999999996179e+00
 1.297249999999975589e+00
 1.302749999999992525e+00
 1.308250000000006130e+00
 1.313750000000021290e+00
 1.319249999999970058e+00
 1.324750000000051831e+00
 1.330249999999999488e+00
 1.335749999999981119e+00
 1.341249999999996501e+00
 1.346750000000011660e+00
 1.352249999999958652e+00
 1.357750000000009782e+00
 1.363249999999987194e+00
 1.368750000000042544e+00
 1.374249999999951344e+00
 1.379750000000033561e+00
 1.385249999999983661e+00
 1.390749999999999043e+00
 1.396249999999977343e+00
 1.401750000000032914e+00
 1.407249999999969914e+00
 1.412750000000026152e+00
 1.418249999999978472e+00
 1.423749999999946558e+00
 1.429250000000042986e+00
 1.434749999999947345e+00
 1.440250000000001362e+00
 1.445749999999982993e+00
 1.451250000000025908e+00
 1.456749999999986001e+00
 1.462249999999994943e+00
 1.467750000000070720e+00
 1.473249999999958204e+00
 1.478750000000007114e+00
 1.484249999999980973e+00
 1.489750000000045427e+00
 1.495250000000010848e+00
 1.500749999999958506e+00
 1.506250000000066924e+00
 1.511749999999945748e+00
 1.517249999999945365e+00
 1.522750000000028026e+00
 1.528250000000076714e+00
 1.533749999999957536e+00
 1.539249999999996010e+00
 1.544749999999964984e+00
 1.550250000000036765e+00
 1.555749999999928690e+00
 1.561250000000045102e+00
 1.566749999999969667e+00
 1.572250000000030346e+00
 1.577749999999978225e+00
 1.583249999999980950e+00
 1.588750000000042295e+00
 1.594249999999969747e+00
 1.599750000000025763e+00
 1.605249999999987187e+00
 1.610750000000036097e+00
 1.616250000000017506e+00
 1.621749999999965608e+00
 1.627249999999951013e+00
 1.632750000000093404e+00
 1.638249999999894957e+00
 1.643750000000044453e+00
 1.649250000000057614e+00
 1.654749999999939769e+00
 1.660250000000038417e+00
 1.665749999999952768e+00
 1.671250000000051861e+00
 1.676750000000016838e+00
 1.682249999999982482e+00
 1.687749999999944350e+00
 1.693250000000046995e+00
 1.698750000000010418e+00
 1.704249999999939647e+00
 1.709750000000059833e+00
 1.715249999999950203e+00
 1.720750000000043078e+00
 1.726250000000086660e+00
 1.731749999999893319e+00
 1.737249999999982419e+00
 1.742750000000031330e+00
 1.748250000000012960e+00
 1.753749999999994369e+00
 1.759249999999988212e+00
 1.764749999999969621e+00
 1.770250000000050505e+00
 1.775749999999977069e+00
 1.781250000000025979e+00
 1.786749999999962091e+00
 1.792249999999966370e+00
 1.797749999999981751e+00
 1.803250000000040432e+00
 1.808749999999968772e+00
 1.814250000000060981e+00
 1.819749999999984436e+00
 1.825249999999990491e+00
 1.830750000000072930e+00
 1.836250000000021032e+00
 1.841749999999968912e+00
 1.847250000000025594e+00
 1.852749999999973252e+00
 1.858250000000041036e+00
 1.863749999999935847e+00
 1.869250000000058920e+00
 1.874749999999965722e+00
 1.880250000000035726e+00
 1.885750000000090632e+00
 1.891249999999847775e+00
 1.896750000000082315e+00
 1.902249999999905850e+00
 1.907750000000084212e+00
 1.913249999999897755e+00
 1.918750000000085221e+00
 1.924250000000062633e+00
 1.929749999999973431e+00
 1.935249999999995474e+00
 1.940749999999973774e+00
 1.946249999999988933e+00
 1.951749999999973006e+00
 1.957249999999983725e+00
 1.962750000000137440e+00
 1.968249999999947430e+00
 1.973750000000032756e+00
 1.979249999999980414e+00
 1.984750000000061076e+00
 1.990249999999943009e+00
 1.995750000000058755e+00
 2.001249999999973106e+00
 2.006750000000088630e+00
 2.012249999999969674e+00
 2.017750000000019472e+00
 2.023249999999965354e+00
 2.028749999999948095e+00
 2.034250000000097813e+00
 2.039749999999875829e+00
 2.045250000000061075e+00
 2.050749999999905704e+00
 2.056250000000097167e+00
 2.061749999999935579e+00
 2.067250000000047994e+00
 2.072749999999972559e+00
 2.078250000000017916e+00
 2.083750000000033076e+00
 2.089250000000019369e+00
 2.094749999999987011e+00
 2.100249999999838302e+00
 2.105750000000171873e+00
 2.111249999999935678e+00
 2.116749999999989917e+00
 2.122249999999965553e+00
 7.527500000000161284e-01
 7.582499999999892104e-01
 7.637499999999995959e-01
 7.692499999999996563e-01
 7.747500000000097087e-01
 7.802499999999910063e-01
 7.857499999999975060e-01
 7.912500000000053380e-01
 7.967499999999915206e-01
 8.022500000000093445e-01
 8.077500000000052971e-01
 8.132499999999946994e-01
 8.187500000000204059e-01
 8.242499999999796101e-01
 8.297499999999977671e-01
 8.352499999999878355e-01
 8.407500000000275309e-01
 8.462499999999857359e-01
 8.517500000000076676e-01
 8.572499999999829701e-01
 8.627499999999735936e-01
 8.682500000000143991e-01
 8.737500000000029132e-01
 8.792499999999990878e-01
 8.847499999999889342e-01
 8.902500000000153069e-01
 8.957499999999782858e-01
 9.012500000000192024e-01
 9.067499999999835136e-01
 9.122499999999765796e-01
 9.177500000000162750e-01
 9.232500000000170015e-01
 9.287500000000045164e-01
 9.342499999999912541e-01
 9.397499999999914255e-01
 9.452500000000148006e-01
 9.507499999999935447e-01
 9.562499999999771738e-01
 9.617500000000004379e-01
 9.672499999999840670e-01
 9.727500000000278702e-01
 9.782499999999841878e-01
 9.837500000000002354e-01
 9.892499999999896376e-01
 9.947500000000210063e-01
 1.000249999999986095e+00
 1.005750000000022570e+00
 1.011249999999995319e+00
 1.016749999999997822e+00
 1.022250000000005432e+00
 1.027750000000010600e+00
 1.033249999999970026e+00
 1.038749999999986517e+00
 1.044250000000034317e+00
 1.049749999999989747e+00
 1.055249999999985588e+00
 1.060750000000025617e+00
 1.066249999999994147e+00
 1.071750000000008196e+00
 1.077250000000016694e+00
 1.082749999999966128e+00
 1.088250000000015039e+00
 1.093750000000011768e+00
 1.099249999999988514e+00
 1.104750000000003674e+00
 1.110249999999990633e+00
 1.115749999999998465e+00
 1.121250000000022951e+00
 1.126749999999979934e+00
 1.132249999999997314e+00
 1.137750000000008255e+00
 1.143250000000003652e+00
 1.148749999999985283e+00
 1.154250000000033971e+00
 1.159749999999978298e+00
 1.165249999999967701e+00
 1.170750000000038149e+00
 1.176250000000001572e+00
 1.181749999999984757e+00
 1.187250000000019456e+00
 1.192749999999986876e+00
 1.198250000000011806e+00
 1.203750000000026299e+00
 1.209249999999997938e+00
 1.214749999999985786e+00
 1.220250000000000723e+00
 1.225750000000027207e+00
 1.231249999999987965e+00
 1.236750000000007566e+00
 1.242249999999986976e+00
 1.247750000000020787e+00
 1.253250000000007969e+00
 1.258750000000037339e+00
 1.264249999999981666e+00
 1.269750000000020806e+00
 1.275250000000001771e+00
 1.280749999999977851e+00
 1.286250000000035421e+00
 1.291749999999975085e+00
 1.297249999999996684e+00
 1.302750000000013841e+00
 1.308250000000027669e+00
 1.313750000000021290e+00
 1.319249999999970058e+00
 1.324750000000051831e+00
 1.330249999999999488e+00
 1.335749999999981119e+00
 1.341250000000019149e+00
 1.346749999999989011e+00
 1.352249999999958652e+00
 1.357749999999986468e+00
 1.363250000000010065e+00
 1.368750000000042544e+00
 1.374249999999927585e+00
 1.379750000000057764e+00
 1.385249999999983661e+00
 1.390749999999999043e+00
 1.396250000000001767e+00
 1.401750000000007823e+00
 1.407249999999994783e+00
 1.412750000000051243e+00
 1.418250000000037314e+00
 1.423749999999946558e+00
 1.429250000000042986e+00
 1.434749999999947345e+00
 1.440250000000001362e+00
 1.445749999999982993e+00
 1.451250000000025908e+00
 1.456749999999986001e+00
 1.462249999999994943e+00
 1.467750000000010546e+00
 1.473250000000018156e+00
 1.478750000000007114e+00
 1.484249999999980973e+00
 1.489750000000045427e+00
 1.495250000000010848e+00
 1.500749999999958506e+00
 1.506250000000051825e+00
 1.511749999999960847e+00
 1.517249999999931376e+00
 1.522750000000013815e+00
 1.528250000000027642e+00
 1.533749999999957536e+00
 1.539249999999996010e+00
 1.544749999999964984e+00
 1.550250000000036765e+00
 1.555749999999928690e+00
 1.561250000000045102e+00
 1.566749999999969667e+00
 1.572250000000030346e+00
 1.577750000000028630e+00
 1.583249999999930324e+00
 1.588750000000042295e+00
 1.594249999999969747e+00
 1.599750000000025763e+00
 1.605249999999987187e+00
 1.610750000000036097e+00
 1.616249999999965992e+00
 1.621750000000017122e+00
 1.627249999999935692e+00
 1.632750000000078527e+00
 1.638249999999842776e+00
 1.643750000000044453e+00
 1.649250000000057614e+00
 1.654749999999939769e+00
 1.660250000000038417e+00
 1.665749999999952768e+00
 1.671250000000051861e+00
 1.676750000000016838e+00
 1.682249999999982482e+00
 1.687749999999998085e+00
 1.693249999999992594e+00
 1.698750000000010418e+00
 1.704249999999939647e+00
 1.709750000000059833e+00
 1.715249999999950203e+00
 1.720750000000043078e+00
 1.726250000000030926e+00
 1.731749999999948608e+00
 1.737249999999966210e+00
 1.742750000000015120e+00
 1.748249999999922810e+00
 1.753749999999994369e+00
 1.759249999999988212e+00
 1.764749999999969621e+00
 1.770250000000050505e+00
 1.775749999999977069e+00
 1.781250000000025979e+00
 1.786749999999962091e+00
 1.792249999999966370e+00
 1.797749999999982640e+00
 1.803250000000039099e+00
 1.808749999999968772e+00
 1.814250000000060981e+00
 1.819749999999984436e+00
 1.825249999999990491e+00
 1.830750000000072930e+00
 1.836249999999986615e+00
 1.841750000000002663e+00
 1.847249999999975190e+00
 1.852749999999922847e+00
 1.858250000000006397e+00
 1.863749999999935847e+00
 1.869250000000058920e+00
 1.874749999999965722e+00
 1.880250000000035726e+00
 1.885750000000090632e+00
 1.891249999999847775e+00
 1.896750000000082315e+00
 1.902249999999905850e+00
 1.907750000000084212e+00
 1.913249999999931283e+00
 1.918750000000051248e+00
 1.924250000000062633e+00
 1.929749999999973431e+00
 1.935249999999995474e+00
 1.940749999999973774e+00
 1.946249999999988933e+00
 1.951749999999939034e+00
 1.957250000000017032e+00
 1.962750000000086592e+00
 1.968249999999896582e+00
 1.973749999999999227e+00
 1.979249999999980414e+00
 1.984750000000061076e+00
 1.990249999999943009e+00
 1.995750000000058755e+00
 2.001249999999973106e+00
 2.006750000000088630e+00
 2.012249999999969674e+00
 2.017750000000019472e+00
 2.023249999999931603e+00
 2.028749999999982290e+00
 2.034250000000097813e+00
 2.039749999999875829e+00
 2.045250000000061075e+00
 2.050749999999905704e+00
 2.056250000000097167e+00
 2.061749999999968885e+00
 2.067250000000014687e+00
 2.072749999999989434e+00
 2.078250000000034792e+00
 2.083750000000066382e+00
 2.089250000000019369e+00
 2.094749999999987011e+00
 2.100249999999838302e+00
 2.105750000000171873e+00
 2.111249999999935678e+00
 2.116749999999989917e+00
 2.122249999999965553e+00
 </DataArray>
 <DataArray Name="pos.y" type="Float32" NumberOfComponents="1" format="ascii">
 2.500000000000051140e-02
 2.499999999999950179e-02
 2.500000000000026160e-02
 2.499999999999975506e-02
 2.500000000000051140e-02
 2.499999999999962669e-02
 2.500000000000012629e-02
 2.499999999999987302e-02
 2.499999999999987996e-02
 2.500000000000012282e-02
 2.500000000000025119e-02
 2.499999999999987996e-02
 2.500000000000038650e-02
 2.499999999999962669e-02
 2.500000000000012976e-02
 2.499999999999987996e-02
 2.500000000000051487e-02
 2.499999999999950873e-02
 2.500000000000025119e-02
 2.499999999999974118e-02
 2.499999999999986955e-02
 2.500000000000026160e-02
 2.500000000000012976e-02
 2.499999999999987996e-02
 2.499999999999987996e-02
 2.500000000000012976e-02
 2.499999999999961975e-02
 2.500000000000050793e-02
 2.499999999999975506e-02
 2.499999999999961975e-02
 2.500000000000012282e-02
 2.500000000000051140e-02
 2.499999999999987996e-02
 2.500000000000012976e-02
 2.499999999999962669e-02
 2.500000000000038650e-02
 2.499999999999988343e-02
 2.499999999999963016e-02
 2.500000000000012629e-02
 2.499999999999986608e-02
 2.500000000000050446e-02
 2.499999999999950179e-02
 2.500000000000026160e-02
 2.499999999999987996e-02
 2.500000000000038650e-02
 2.499999999999962669e-02
 2.500000000000012629e-02
 2.499999999999987302e-02
 2.499999999999987996e-02
 2.500000000000012282e-02
 2.500000000000025119e-02
 2.499999999999975506e-02
 2.499999999999987996e-02
 2.500000000000026160e-02
 2.500000000000012976e-02
 2.499999999999987996e-02
 2.499999999999988343e-02
 2.500000000000013670e-02
 2.500000000000025119e-02
 2.499999999999986608e-02
 2.499999999999974465e-02
 2.500000000000026160e-02
 2.500000000000012976e-02
 2.499999999999987996e-02
 2.499999999999987996e-02
 2.500000000000012976e-02
 2.499999999999961975e-02
 2.500000000000037956e-02
 2.499999999999987996e-02
 2.500000000000025119e-02
 2.499999999999949138e-02
 2.500000000000051140e-02
 2.499999999999987996e-02
 2.500000000000012976e-02
 2.499999999999962669e-02
 2.499999999999987996e-02
 2.500000000000025813e-02
 2.499999999999988343e-02
 2.500000000000013670e-02
 2.500000000000025119e-02
 2.499999999999974118e-02
 2.499999999999986955e-02
 2.500000000000026160e-02
 2.500000000000012976e-02
 2.499999999999987996e-02
 2.499999999999987996e-02
 2.500000000000012976e-02
 2.500000000000025119e-02
 2.499999999999987302e-02
 2.499999999999975506e-02
 2.500000000000025119e-02
 2.499999999999949138e-02
 2.500000000000051140e-02
 2.500000000000051140e-02
 2.499999999999950179e-02
 2.500000000000026160e-02
 2.499999999999975506e-02
 2.499999999999925546e-02
 2.500000000000026507e-02
 2.499999999999949832e-02
 2.499999999999923811e-02
 2.500000000000050446e-02
 2.499999999999950179e-02
 2.500000000000026160e-02
 2.500000000000051140e-02
 2.499999999999975506e-02
 2.500000000000026160e-02
 2.499999999999949832e-02
 2.500000000000050793e-02
 2.499999999999924852e-02
 2.500000000000075426e-02
 2.499999999999899178e-02
 2.500000000000101794e-02
 2.499999999999924852e-02
 2.500000000000026160e-02
 2.499999999999950179e-02
 2.500000000000051140e-02
 2.499999999999925546e-02
 2.500000000000077161e-02
 2.499999999999899178e-02
 2.500000000000049752e-02
 2.499999999999974465e-02
 2.499999999999899872e-02
 2.500000000000076120e-02
 2.499999999999924852e-02
 2.500000000000051140e-02
 2.499999999999950179e-02
 2.500000000000026160e-02
 2.499999999999975506e-02
 2.500000000000051140e-02
 2.500000000000025119e-02
 2.499999999999949138e-02
 2.500000000000051140e-02
 2.499999999999924852e-02
 2.500000000000076120e-02
 2.500000000000026160e-02
 2.499999999999924852e-02
 2.500000000000102141e-02
 2.499999999999900219e-02
 2.499999999999949832e-02
 2.500000000000049752e-02
 2.500000000000050446e-02
 2.499999999999950179e-02
 2.500000000000026160e-02
 2.499999999999975506e-02
 2.500000000000051140e-02
 2.499999999999899872e-02
 2.500000000000076120e-02
 2.499999999999924852e-02
 2.500000000000051140e-02
 2.499999999999949138e-02
 2.500000000000025119e-02
 2.500000000000051140e-02
 2.499999999999975506e-02
 2.500000000000026160e-02
 2.499999999999950179e-02
 2.500000000000051140e-02
 2.500000000000051487e-02
 2.499999999999950873e-02
 2.499999999999899178e-02
 2.500000000000100059e-02
 2.499999999999924158e-02
 2.500000000000026160e-02
 2.500000000000076120e-02
 2.499999999999924852e-02
 2.500000000000051140e-02
 2.499999999999950179e-02
 2.500000000000026160e-02
 2.500000000000051140e-02
 2.499999999999975506e-02
 2.499999999999899178e-02
 2.500000000000075426e-02
 2.500000000000051140e-02
 2.499999999999924852e-02
 2.500000000000076120e-02
 2.499999999999899872e-02
 2.500000000000101794e-02
 2.500000000000051487e-02
 2.499999999999900219e-02
 2.499999999999949832e-02
 2.500000000000049752e-02
 2.500000000000050446e-02
 2.499999999999950179e-02
 2.500000000000026160e-02
 2.499999999999924852e-02
 2.500000000000101794e-02
 2.499999999999899872e-02
 2.500000000000076120e-02
 2.499999999999924852e-02
 2.500000000000051140e-02
 2.499999999999949138e-02
 2.500000000000025119e-02
 2.499999999999975506e-02
 2.500000000000051140e-02
 2.500000000000026160e-02
 2.499999999999950179e-02
 2.500000000000051140e-02
 2.500000000000051487e-02
 2.499999999999950873e-02
 2.500000000000025119e-02
 2.499999999999923811e-02
 2.499999999999974465e-02
 2.500000000000026160e-02
 2.500000000000025813e-02
 2.500000000000026160e-02
 2.499999999999975506e-02
 2.500000000000051140e-02
 2.499999999999899872e-02
 2.500000000000076120e-02
 2.499999999999924852e-02
 2.500000000000051140e-02
 2.499999999999949138e-02
 2.500000000000025119e-02
 2.500000000000051140e-02
 2.499999999999975506e-02
 2.500000000000026160e-02
 2.499999999999950179e-02
 2.500000000000051140e-02
 2.499999999999925546e-02
 2.500000000000077161e-02
 2.500000000000025119e-02
 2.499999999999974118e-02
 2.499999999999924158e-02
 2.500000000000026160e-02
 2.500000000000076120e-02
 2.499999999999924852e-02
 2.500000000000051140e-02
 2.499999999999975506e-02
 2.500000000000000833e-02
 2.500000000000051140e-02
 2.499999999999975506e-02
 2.499999999999924158e-02
 2.500000000000050446e-02
 2.500000000000051140e-02
 2.499999999999924852e-02
 2.500000000000051140e-02
 2.499999999999924852e-02
 2.500000000000101794e-02
 2.499999999999925546e-02
 2.500000000000001180e-02
 2.499999999999974812e-02
 2.500000000000049752e-02
 2.500000000000050446e-02
 2.499999999999975506e-02
 2.500000000000000833e-02
 2.499999999999924852e-02
 2.500000000000101794e-02
 2.499999999999924852e-02
 2.500000000000051140e-02
 2.499999999999924852e-02
 7.500000000000153766e-02
 7.499999999999849842e-02
 7.500000000000078826e-02
 7.499999999999927558e-02
 7.500000000000153766e-02
 7.499999999999888700e-02
 7.499999999999998335e-02
 7.500000000000001110e-02
 7.499999999999963640e-02
 7.500000000000150990e-02
 7.499999999999959477e-02
 7.499999999999963640e-02
 7.500000000000149603e-02
 7.499999999999856781e-02
 7.500000000000038580e-02
 7.499999999999963640e-02
 7.500000000000026090e-02
 7.499999999999983069e-02
 7.500000000000046907e-02
 7.499999999999895639e-02
 7.499999999999823475e-02
 7.500000000000078826e-02
 7.500000000000038580e-02
 7.499999999999963640e-02
 7.499999999999963640e-02
 7.500000000000038580e-02
 7.499999999999866496e-02
 7.500000000000171807e-02
 7.499999999999927558e-02
 7.499999999999852618e-02
 7.500000000000067724e-02
 7.500000000000153766e-02
 7.499999999999977518e-02
 7.500000000000026090e-02
 7.499999999999888700e-02
 7.500000000000116296e-02
 7.499999999999984457e-02
 7.499999999999873435e-02
 7.500000000000030254e-02
 7.499999999999953926e-02
 7.500000000000162093e-02
 7.499999999999849842e-02
 7.500000000000078826e-02
 7.499999999999963640e-02
 7.500000000000116296e-02
 7.499999999999888700e-02
 7.500000000000039968e-02
 7.499999999999960865e-02
 7.499999999999963640e-02
 7.500000000000044131e-02
 7.500000000000066336e-02
 7.499999999999927558e-02
 7.499999999999955314e-02
 7.500000000000087153e-02
 7.500000000000038580e-02
 7.499999999999963640e-02
 7.499999999999941436e-02
 7.500000000000066336e-02
 7.500000000000088540e-02
 7.499999999999976130e-02
 7.499999999999890088e-02
 7.500000000000078826e-02
 7.500000000000038580e-02
 7.499999999999963640e-02
 7.499999999999963640e-02
 7.500000000000038580e-02
 7.499999999999906741e-02
 7.500000000000089928e-02
 7.499999999999963640e-02
 7.499999999999935885e-02
 7.499999999999985845e-02
 7.500000000000153766e-02
 7.499999999999935885e-02
 7.500000000000067724e-02
 7.499999999999888700e-02
 7.499999999999963640e-02
 7.500000000000077438e-02
 7.500000000000087153e-02
 7.499999999999922007e-02
 7.500000000000110745e-02
 7.499999999999959477e-02
 7.500000000000076050e-02
 7.500000000000078826e-02
 7.500000000000038580e-02
 7.499999999999963640e-02
 7.499999999999963640e-02
 7.500000000000038580e-02
 7.500000000000119071e-02
 7.499999999999917843e-02
 7.499999999999927558e-02
 7.500000000000167644e-02
 7.500000000000128786e-02
 7.500000000000153766e-02
 7.499999999999912292e-02
 7.500000000000088540e-02
 7.500000000000078826e-02
 7.499999999999927558e-02
 7.500000000000045519e-02
 7.499999999999809597e-02
 7.500000000000094091e-02
 7.500000000000017764e-02
 7.500000000000413281e-02
 7.499999999999849842e-02
 7.500000000000078826e-02
 7.500000000000153766e-02
 7.499999999999927558e-02
 7.500000000000078826e-02
 7.500000000000102418e-02
 7.499999999999897027e-02
 7.499999999999774902e-02
 7.499999999999983069e-02
 7.499999999999935885e-02
 7.500000000000306422e-02
 7.499999999999514000e-02
 7.500000000000341116e-02
 7.499999999999849842e-02
 7.500000000000153766e-02
 7.500000000000003886e-02
 7.500000000000003886e-02
 7.499999999999963640e-02
 7.500000000000417444e-02
 7.500000000000142664e-02
 7.499999999999699962e-02
 7.500000000000227318e-02
 7.499999999999774902e-02
 7.500000000000153766e-02
 7.499999999999849842e-02
 7.500000000000078826e-02
 7.499999999999927558e-02
 7.500000000000153766e-02
 7.499999999999874822e-02
 7.500000000000046907e-02
 7.500000000000153766e-02
 7.499999999999774902e-02
 7.500000000000227318e-02
 7.500000000000078826e-02
 7.499999999999774902e-02
 7.500000000000114908e-02
 7.499999999999892863e-02
 7.499999999999756861e-02
 7.500000000000058009e-02
 7.499999999999952538e-02
 7.499999999999849842e-02
 7.500000000000078826e-02
 7.499999999999927558e-02
 7.500000000000153766e-02
 7.499999999999699962e-02
 7.500000000000227318e-02
 7.499999999999774902e-02
 7.500000000000153766e-02
 7.500000000000066336e-02
 7.499999999999854006e-02
 7.500000000000153766e-02
 7.499999999999927558e-02
 7.500000000000078826e-02
 7.499999999999849842e-02
 7.500000000000153766e-02
 7.499999999999922007e-02
 7.500000000000085765e-02
 7.499999999999625022e-02
 7.500000000000231482e-02
 7.499999999999532041e-02
 7.500000000000078826e-02
 7.500000000000227318e-02
 7.499999999999774902e-02
 7.500000000000153766e-02
 7.499999999999849842e-02
 7.500000000000078826e-02
 7.500000000000153766e-02
 7.499999999999927558e-02
 7.499999999999955314e-02
 7.499999999999963640e-02
 7.500000000000153766e-02
 7.499999999999774902e-02
 7.500000000000227318e-02
 7.499999999999699962e-02
 7.500000000000306422e-02
 7.499999999999878986e-02
 7.499999999999976130e-02
 7.499999999999798495e-02
 7.500000000000101030e-02
 7.499999999999867883e-02
 7.499999999999849842e-02
 7.500000000000078826e-02
 7.499999999999774902e-02
 7.500000000000306422e-02
 7.499999999999699962e-02
 7.500000000000227318e-02
 7.499999999999774902e-02
 7.500000000000153766e-02
 7.499999999999770739e-02
 7.500000000000148215e-02
 7.499999999999927558e-02
 7.500000000000153766e-02
 7.500000000000078826e-02
 7.499999999999849842e-02
 7.500000000000153766e-02
 7.500000000000217604e-02
 7.499999999999791556e-02
 7.500000000000045519e-02
 7.499999999999742983e-02
 7.499999999999974742e-02
 7.500000000000078826e-02
 7.500000000000077438e-02
 7.500000000000078826e-02
 7.499999999999927558e-02
 7.500000000000153766e-02
 7.499999999999699962e-02
 7.500000000000227318e-02
 7.499999999999774902e-02
 7.500000000000153766e-02
 7.499999999999813760e-02
 7.500000000000106581e-02
 7.500000000000153766e-02
 7.499999999999927558e-02
 7.500000000000078826e-02
 7.499999999999849842e-02
 7.500000000000153766e-02
 7.499999999999792943e-02
 7.500000000000214828e-02
 7.500000000000067724e-02
 7.499999999999915068e-02
 7.499999999999783229e-02
 7.500000000000078826e-02
 7.500000000000227318e-02
 7.499999999999774902e-02
 7.500000000000153766e-02
 7.499999999999927558e-02
 7.500000000000002498e-02
 7.500000000000153766e-02
 7.499999999999927558e-02
 7.499999999999781841e-02
 7.500000000000141276e-02
 7.500000000000153766e-02
 7.499999999999774902e-02
 7.500000000000153766e-02
 7.499999999999774902e-02
 7.500000000000306422e-02
 7.499999999999752698e-02
 7.500000000000030254e-02
 7.499999999999937272e-02
 7.500000000000164868e-02
 7.500000000000119071e-02
 7.499999999999927558e-02
 7.500000000000002498e-02
 7.499999999999774902e-02
 7.500000000000306422e-02
 7.499999999999774902e-02
 7.500000000000153766e-02
 7.499999999999774902e-02
 </DataArray>
 <DataArray Name="pos.z" type="Float32" NumberOfComponents="1" format="ascii">
 0.000000000000000000e+00
 0.000000000000000000e+00
 0.000000000000000000e+00
 0.000000000000000000e+00
 0.000000000000000000e+00
 0.000000000000000000e+00
 0.000000000000000000e+00
 0.000000000000000000e+00
 0.000000000000000000e+00
 0.000000000000000000e+00
 0.000000000000000000e+00
 0.000000000000000000e+00
 0.000000000000000000e+00
 0.000000000000000000e+00
 0.000000000000000000e+00
 0.000000000000000000e+00
 0.000000000000000000e+00
 0.000000000000000000e+00
 0.000000000000000000e+00
 0.000000000000000000e+00
 0.000000000000000000e+00
 0.000000000000000000e+00
 0.000000000000000000e+00
 0.000000000000000000e+00
 0.000000000000000000e+00
 0.000000000000000000e+00
 0.000000000000000000e+00
 0.000000000000000000e+00
 0.000000000000000000e+00
 0.000000000000000000e+00
 0.000000000000000000e+00
 0.000000000000000000e+00
 0.000000000000000000e+00
 0.000000000000000000e+00
 0.000000000000000000e+00
 0.000000000000000000e+00
 0.000000000000000000e+00
 0.000000000000000000e+00
 0.000000000000000000e+00
 0.000000000000000000e+00
 0.000000000000000000e+00
 0.000000000000000000e+00
 0.000000000000000000e+00
 0.000000000000000000e+00
 0.000000000000000000e+00
 0.000000000000000000e+00
 0.000000000000000000e+00
 0.000000000000000000e+00
 0.000000000000000000e+00
 0.000000000000000000e+00
 0.000000000000000000e+00
 0.000000000000000000e+00
 0.000000000000000000e+00
 0.000000000000000000e+00
 0.000000000000000000e+00
 0.000000000000000000e+00
 0.000000000000000000e+00
 0.000000000000000000e+00
 0.000000000000000000e+00
 0.000000000000000000e+00
 0.000000000000000000e+00
 0.000000000000000000e+00
 0.000000000000000000e+00
 0.000000000000000000e+00
 0.000000000000000000e+00
 0.000000000000000000e+00
 0.000000000000000000e+00
 0.000000000000000000e+00
 0.000000000000000000e+00
 0.000000000000000000e+00
 0.000000000000000000e+00
 0.000000000000000000e+00
 0.000000000000000000e+00
 0.000000000000000000e+00
 0.000000000000000000e+00
 0.000000000000000000e+00
 0.000000000000000000e+00
 0.000000000000000000e+00
 0.000000000000000000e+00
 0.000000000000000000e+00
 0.000000000000000000e+00
 0.000000000000000000e+00
 0.000000000000000000e+00
 0.000000000000000000e+00
 0.000000000000000000e+00
 0.000000000000000000e+00
 0.000000000000000000e+00
 0.000000000000000000e+00
 0.000000000000000000e+00
 0.000000000000000000e+00
 0.000000000000000000e+00
 0.000000000000000000e+00
 0.000000000000000000e+00
 0.000000000000000000e+00
 0.000000000000000000e+00
 0.000000000000000000e+00
 0.000000000000000000e+00
 0.000000000000000000e+00
 0.000000000000000000e+00
 0.000000000000000000e+00
 0.000000000000000000e+00
 0.000000000000000000e+00
 0.000000000000000000e+00
 0.000000000000000000e+00
 0.000000000000000000e+00
 0.000000000000000000e+00
 0.000000000000000000e+00
 0.000000000000000000e+00
 0.000000000000000000e+00
 0.000000000000000000e+00
 0.000000000000000000e+00
 0.000000000000000000e+00
 0.000000000000000000e+00
 0.000000000000000000e+00
 0.000000000000000000e+00
 0.000000000000000000e+00
 0.000000000000000000e+00
 0.000000000000000000e+00
 0.000000000000000000e+00
 0.000000000000000000e+00
 0.000000000000000000e+00
 0.000000000000000000e+00
 0.000000000000000000e+00
 0.000000000000000000e+00
 0.000000000000000000e+00
 0.000000000000000000e+00
 0.000000000000000000e+00
 0.000000000000000000e+00
 0.000000000000000000e+00
 0.000000000000000000e+00
 0.000000000000000000e+00
 0.000000000000000000e+00
 0.000000000000000000e+00
 0.000000000000000000e+00
 0.000000000000000000e+00
 0.000000000000000000e+00
 0.000000000000000000e+00
 0.000000000000000000e+00
 0.000000000000000000e+00
 0.000000000000000000e+00
 0.000000000000000000e+00
 0.000000000000000000e+00
 0.000000000000000000e+00
 0.000000000000000000e+00
 0.000000000000000000e+00
 0.000000000000000000e+00
 0.000000000000000000e+00
 0.000000000000000000e+00
 0.000000000000000000e+00
 0.000000000000000000e+00
 0.000000000000000000e+00
 0.000000000000000000e+00
 0.000000000000000000e+00
 0.000000000000000000e+00
 0.000000000000000000e+00
 0.000000000000000000e+00
 0.000000000000000000e+00
 0.000000000000000000e+00
 0.000000000000000000e+00
 0.000000000000000000e+00
 0.000000000000000000e+00
 0.000000000000000000e+00
 0.000000000000000000e+00
 0.000000000000000000e+00
 0.000000000000000000e+00
 0.000000000000000000e+00
 0.000000000000000000e+00
 0.000000000000000000e+00
 0.000000000000000000e+00
 0.000000000000000000e+00
 0.000000000000000000e+00
 0.000000000000000000e+00
 0.000000000000000000e+00
 0.000000000000000000e+00
 0.000000000000000000e+00
 0.000000000000000000e+00
 0.000000000000000000e+00
 0.000000000000000000e+00
 0.000000000000000000e+00
 0.000000000000000000e+00
 0.000000000000000000e+00
 0.000000000000000000e+00
 0.000000000000000000e+00
 0.000000000000000000e+00
 0.000000000000000000e+00
 0.000000000000000000e+00
 0.000000000000000000e+00
 0.000000000000000000e+00
 0.000000000000000000e+00
 0.000000000000000000e+00
 0.000000000000000000e+00
 0.000000000000000000e+00
 0.000000000000000000e+00
 0.000000000000000000e+00
 0.000000000000000000e+00
 0.000000000000000000e+00
 0.000000000000000000e+00
 0.000000000000000000e+00
 0.000000000000000000e+00
 0.000000000000000000e+00
 0.000000000000000000e+00
 0.000000000000000000e+00
 0.000000000000000000e+00
 0.000000000000000000e+00
 0.000000000000000000e+00
 0.000000000000000000e+00
 0.000000000000000000e+00
 0.000000000000000000e+00
 0.000000000000000000e+00
 0.000000000000000000e+00
 0.000000000000000000e+00
 0.000000000000000000e+00
 0.000000000000000000e+00
 0.000000000000000000e+00
 0.000000000000000000e+00
 0.000000000000000000e+00
 0.000000000000000000e+00
 0.000000000000000000e+00
 0.000000000000000000e+00
 0.000000000000000000e+00
 0.000000000000000000e+00
 0.000000000000000000e+00
 0.000000000000000000e+00
 0.000000000000000000e+00
 0.000000000000000000e+00
 0.000000000000000000e+00
 0.000000000000000000e+00
 0.000000000000000000e+00
 0.000000000000000000e+00
 0.000000000000000000e+00
 0.000000000000000000e+00
 0.000000000000000000e+00
 0.000000000000000000e+00
 0.000000000000000000e+00
 0.000000000000000000e+00
 0.000000000000000000e+00
 0.000000000000000000e+00
 0.000000000000000000e+00
 0.000000000000000000e+00
 0.000000000000000000e+00
 0.000000000000000000e+00
 0.000000000000000000e+00
 0.000000000000000000e+00
 0.000000000000000000e+00
 0.000000000000000000e+00
 0.000000000000000000e+00
 0.000000000000000000e+00
 0.000000000000000000e+00
 0.000000000000000000e+00
 0.000000000000000000e+00
 0.000000000000000000e+00
 0.000000000000000000e+00
 0.000000000000000000e+00
 0.000000000000000000e+00
 0.000000000000000000e+00
 0.000000000000000000e+00
 0.000000000000000000e+00
 0.000000000000000000e+00
 0.000000000000000000e+00
 0.000000000000000000e+00
 0.000000000000000000e+00
 0.000000000000000000e+00
 0.000000000000000000e+00
 0.000000000000000000e+00
 0.000000000000000000e+00
 0.000000000000000000e+00
 0.000000000000000000e+00
 0.000000000000000000e+00
 0.000000000000000000e+00
 0.000000000000000000e+00
 0.000000000000000000e+00
 0.000000000000000000e+00
 0.000000000000000000e+00
 0.000000000000000000e+00
 0.000000000000000000e+00
 0.000000000000000000e+00
 0.000000000000000000e+00
 0.000000000000000000e+00
 0.000000000000000000e+00
 0.000000000000000000e+00
 0.000000000000000000e+00
 0.000000000000000000e+00
 0.000000000000000000e+00
 0.000000000000000000e+00
 0.000000000000000000e+00
 0.000000000000000000e+00
 0.000000000000000000e+00
 0.000000000000000000e+00
 0.000000000000000000e+00
 0.000000000000000000e+00
 0.000000000000000000e+00
 0.000000000000000000e+00
 0.000000000000000000e+00
 0.000000000000000000e+00
 0.000000000000000000e+00
 0.000000000000000000e+00
 0.000000000000000000e+00
 0.000000000000000000e+00
 0.000000000000000000e+00
 0.000000000000000000e+00
 0.000000000000000000e+00
 0.000000000000000000e+00
 0.000000000000000000e+00
 0.000000000000000000e+00
 0.000000000000000000e+00
 0.000000000000000000e+00
 0.000000000000000000e+00
 0.000000000000000000e+00
 0.000000000000000000e+00
 0.000000000000000000e+00
 0.000000000000000000e+00
 0.000000000000000000e+00
 0.000000000000000000e+00
 0.000000000000000000e+00
 0.000000000000000000e+00
 0.000000000000000000e+00
 0.000000000000000000e+00
 0.000000000000000000e+00
 0.000000000000000000e+00
 0.000000000000000000e+00
 0.000000000000000000e+00
 0.000000000000000000e+00
 0.000000000000000000e+00
 0.000000000000000000e+00
 0.000000000000000000e+00
 0.000000000000000000e+00
 0.000000000000000000e+00
 0.000000000000000000e+00
 0.000000000000000000e+00
 0.000000000000000000e+00
 0.000000000000000000e+00
 0.000000000000000000e+00
 0.000000000000000000e+00
 0.000000000000000000e+00
 0.000000000000000000e+00
 0.000000000000000000e+00
 0.000000000000000000e+00
 0.000000000000000000e+00
 0.000000000000000000e+00
 0.000000000000000000e+00
 0.000000000000000000e+00
 0.000000000000000000e+00
 0.000000000000000000e+00
 0.000000000000000000e+00
 0.000000000000000000e+00
 0.000000000000000000e+00
 0.000000000000000000e+00
 0.000000000000000000e+00
 0.000000000000000000e+00
 0.000000000000000000e+00
 0.000000000000000000e+00
 0.000000000000000000e+00
 0.000000000000000000e+00
 0.000000000000000000e+00
 0.000000000000000000e+00
 0.000000000000000000e+00
 0.000000000000000000e+00
 0.000000000000000000e+00
 0.000000000000000000e+00
 0.000000000000000000e+00
 0.000000000000000000e+00
 0.000000000000000000e+00
 0.000000000000000000e+00
 0.000000000000000000e+00
 0.000000000000000000e+00
 0.000000000000000000e+00
 0.000000000000000000e+00
 0.000000000000000000e+00
 0.000000000000000000e+00
 0.000000000000000000e+00
 0.000000000000000000e+00
 0.000000000000000000e+00
 0.000000000000000000e+00
 0.000000000000000000e+00
 0.000000000000000000e+00
 0.000000000000000000e+00
 0.000000000000000000e+00
 0.000000000000000000e+00
 0.000000000000000000e+00
 0.000000000000000000e+00
 0.000000000000000000e+00
 0.000000000000000000e+00
 0.000000000000000000e+00
 0.000000000000000000e+00
 0.000000000000000000e+00
 0.000000000000000000e+00
 0.000000000000000000e+00
 0.000000000000000000e+00
 0.000000000000000000e+00
 0.000000000000000000e+00
 0.000000000000000000e+00
 0.000000000000000000e+00
 0.000000000000000000e+00
 0.000000000000000000e+00
 0.000000000000000000e+00
 0.000000000000000000e+00
 0.000000000000000000e+00
 0.000000000000000000e+00
 0.000000000000000000e+00
 0.000000000000000000e+00
 0.000000000000000000e+00
 0.000000000000000000e+00
 0.000000000000000000e+00
 0.000000000000000000e+00
 0.000000000000000000e+00
 0.000000000000000000e+00
 0.000000000000000000e+00
 0.000000000000000000e+00
 0.000000000000000000e+00
 0.000000000000000000e+00
 0.000000000000000000e+00
 0.000000000000000000e+00
 0.000000000000000000e+00
 0.000000000000000000e+00
 0.000000000000000000e+00
 0.000000000000000000e+00
 0.000000000000000000e+00
 0.000000000000000000e+00
 0.000000000000000000e+00
 0.000000000000000000e+00
 0.000000000000000000e+00
 0.000000000000000000e+00
 0.000000000000000000e+00
 0.000000000000000000e+00
 0.000000000000000000e+00
 0.000000000000000000e+00
 0.000000000000000000e+00
 0.000000000000000000e+00
 0.000000000000000000e+00
 0.000000000000000000e+00
 0.000000000000000000e+00
 0.000000000000000000e+00
 0.000000000000000000e+00
 0.000000000000000000e+00
 0.000000000000000000e+00
 0.000000000000000000e+00
 0.000000000000000000e+00
 0.000000000000000000e+00
 0.000000000000000000e+00
 0.000000000000000000e+00
 0.000000000000000000e+00
 0.000000000000000000e+00
 0.000000000000000000e+00
 0.000000000000000000e+00
 0.000000000000000000e+00
 0.000000000000000000e+00
 0.000000000000000000e+00
 0.000000000000000000e+00
 0.000000000000000000e+00
 0.000000000000000000e+00
 0.000000000000000000e+00
 0.000000000000000000e+00
 0.000000000000000000e+00
 0.000000000000000000e+00
 0.000000000000000000e+00
 0.000000000000000000e+00
 0.000000000000000000e+00
 0.000000000000000000e+00
 0.000000000000000000e+00
 0.000000000000000000e+00
 0.000000000000000000e+00
 0.000000000000000000e+00
 0.000000000000000000e+00
 0.000000000000000000e+00
 0.000000000000000000e+00
 0.000000000000000000e+00
 0.000000000000000000e+00
 0.000000000000000000e+00
 0.000000000000000000e+00
 0.000000000000000000e+00
 0.000000000000000000e+00
 0.000000000000000000e+00
 0.000000000000000000e+00
 0.000000000000000000e+00
 0.000000000000000000e+00
 0.000000000000000000e+00
 0.000000000000000000e+00
 0.000000000000000000e+00
 0.000000000000000000e+00
 0.000000000000000000e+00
 0.000000000000000000e+00
 0.000000000000000000e+00
 0.000000000000000000e+00
 0.000000000000000000e+00
 0.000000000000000000e+00
 0.000000000000000000e+00
 0.000000000000000000e+00
 0.000000000000000000e+00
 0.000000000000000000e+00
 0.000000000000000000e+00
 0.000000000000000000e+00
 0.000000000000000000e+00
 0.000000000000000000e+00
 0.000000000000000000e+00
 0.000000000000000000e+00
 0.000000000000000000e+00
 0.000000000000000000e+00
 0.000000000000000000e+00
 0.000000000000000000e+00
 0.000000000000000000e+00
 </DataArray>
 <DataArray Name="volume" type="Float32" NumberOfComponents="1" format="ascii">
 2.749999999999974687e-04
 2.749999999999974687e-04
 2.750000000000113465e-04
 2.749999999999835909e-04
 2.749999999999974687e-04
 2.750000000000182854e-04
 2.749999999999905298e-04
 2.750000000000044076e-04
 2.750000000000044076e-04
 2.749999999999905298e-04
 2.750000000000113465e-04
 2.750000000000044076e-04
 2.749999999999766520e-04
 2.750000000000182854e-04
 2.749999999999905298e-04
 2.750000000000044076e-04
 2.749999999999974687e-04
 2.749999999999974687e-04
 2.750000000000113465e-04
 2.749999999999835909e-04
 2.750000000000044076e-04
 2.750000000000113465e-04
 2.749999999999905298e-04
 2.750000000000044076e-04
 2.750000000000044076e-04
 2.749999999999905298e-04
 2.750000000000182854e-04
 2.749999999999974687e-04
 2.749999999999835909e-04
 2.750000000000182854e-04
 2.749999999999905298e-04
 2.749999999999974687e-04
 2.750000000000044076e-04
 2.749999999999905298e-04
 2.750000000000182854e-04
 2.749999999999766520e-04
 2.750000000000044076e-04
 2.750000000000182854e-04
 2.749999999999905298e-04
 2.750000000000044076e-04
 2.749999999999974687e-04
 2.749999999999974687e-04
 2.750000000000113465e-04
 2.750000000000044076e-04
 2.749999999999766520e-04
 2.750000000000182854e-04
 2.749999999999905298e-04
 2.750000000000044076e-04
 2.750000000000044076e-04
 2.749999999999905298e-04
 2.750000000000113465e-04
 2.749999999999835909e-04
 2.750000000000044076e-04
 2.750000000000113465e-04
 2.749999999999905298e-04
 2.750000000000044076e-04
 2.750000000000044076e-04
 2.749999999999905298e-04
 2.750000000000113465e-04
 2.750000000000044076e-04
 2.749999999999835909e-04
 2.750000000000113465e-04
 2.749999999999905298e-04
 2.750000000000044076e-04
 2.750000000000044076e-04
 2.749999999999905298e-04
 2.750000000000182854e-04
 2.749999999999766520e-04
 2.750000000000044076e-04
 2.750000000000113465e-04
 2.749999999999974687e-04
 2.749999999999974687e-04
 2.750000000000044076e-04
 2.749999999999905298e-04
 2.750000000000182854e-04
 2.750000000000044076e-04
 2.749999999999558353e-04
 2.750000000000044076e-04
 2.749999999999905298e-04
 2.750000000000113465e-04
 2.749999999999835909e-04
 2.750000000000044076e-04
 2.750000000000113465e-04
 2.749999999999905298e-04
 2.750000000000044076e-04
 2.750000000000044076e-04
 2.749999999999905298e-04
 2.750000000000113465e-04
 2.750000000000044076e-04
 2.749999999999835909e-04
 2.750000000000113465e-04
 2.749999999999974687e-04
 2.749999999999974687e-04
 2.749999999999974687e-04
 2.749999999999974687e-04
 2.750000000000113465e-04
 2.749999999999835909e-04
 2.750000000000113465e-04
 2.750000000000113465e-04
 2.749999999999974687e-04
 2.750000000000113465e-04
 2.749999999999974687e-04
 2.749999999999974687e-04
 2.750000000000113465e-04
 2.749999999999974687e-04
 2.749999999999835909e-04
 2.750000000000113465e-04
 2.749999999999974687e-04
 2.749999999999974687e-04
 2.750000000000113465e-04
 2.749999999999835909e-04
 2.750000000000252243e-04
 2.749999999999697131e-04
 2.750000000000113465e-04
 2.750000000000113465e-04
 2.749999999999974687e-04
 2.749999999999974687e-04
 2.750000000000113465e-04
 2.749999999999835909e-04
 2.750000000000252243e-04
 2.749999999999974687e-04
 2.749999999999835909e-04
 2.750000000000252243e-04
 2.749999999999835909e-04
 2.750000000000113465e-04
 2.749999999999974687e-04
 2.749999999999974687e-04
 2.750000000000113465e-04
 2.749999999999835909e-04
 2.749999999999974687e-04
 2.750000000000113465e-04
 2.749999999999974687e-04
 2.749999999999974687e-04
 2.750000000000113465e-04
 2.749999999999835909e-04
 2.750000000000113465e-04
 2.750000000000113465e-04
 2.749999999999697131e-04
 2.750000000000252243e-04
 2.749999999999974687e-04
 2.749999999999974687e-04
 2.749999999999974687e-04
 2.749999999999974687e-04
 2.750000000000113465e-04
 2.749999999999835909e-04
 2.749999999999974687e-04
 2.750000000000252243e-04
 2.749999999999835909e-04
 2.750000000000113465e-04
 2.749999999999974687e-04
 2.749999999999974687e-04
 2.750000000000113465e-04
 2.749999999999974687e-04
 2.749999999999835909e-04
 2.750000000000113465e-04
 2.749999999999974687e-04
 2.749999999999974687e-04
 2.749999999999974687e-04
 2.749999999999974687e-04
 2.750000000000252243e-04
 2.749999999999697131e-04
 2.750000000000113465e-04
 2.750000000000113465e-04
 2.749999999999835909e-04
 2.750000000000113465e-04
 2.749999999999974687e-04
 2.749999999999974687e-04
 2.750000000000113465e-04
 2.749999999999974687e-04
 2.749999999999835909e-04
 2.750000000000252243e-04
 2.749999999999835909e-04
 2.749999999999974687e-04
 2.750000000000113465e-04
 2.749999999999835909e-04
 2.750000000000252243e-04
 2.749999999999697131e-04
 2.749999999999974687e-04
 2.750000000000252243e-04
 2.749999999999974687e-04
 2.749999999999974687e-04
 2.749999999999974687e-04
 2.749999999999974687e-04
 2.750000000000113465e-04
 2.750000000000113465e-04
 2.749999999999697131e-04
 2.750000000000252243e-04
 2.749999999999835909e-04
 2.750000000000113465e-04
 2.749999999999974687e-04
 2.749999999999974687e-04
 2.750000000000113465e-04
 2.749999999999835909e-04
 2.749999999999974687e-04
 2.750000000000113465e-04
 2.749999999999974687e-04
 2.749999999999974687e-04
 2.749999999999974687e-04
 2.749999999999974687e-04
 2.750000000000113465e-04
 2.750000000000113465e-04
 2.749999999999835909e-04
 2.750000000000113465e-04
 2.749999999999558353e-04
 2.750000000000113465e-04
 2.749999999999835909e-04
 2.749999999999974687e-04
 2.750000000000252243e-04
 2.749999999999835909e-04
 2.750000000000113465e-04
 2.749999999999974687e-04
 2.749999999999974687e-04
 2.750000000000113465e-04
 2.749999999999974687e-04
 2.749999999999835909e-04
 2.750000000000113465e-04
 2.749999999999974687e-04
 2.749999999999974687e-04
 2.750000000000113465e-04
 2.749999999999835909e-04
 2.750000000000113465e-04
 2.749999999999835909e-04
 2.750000000000113465e-04
 2.750000000000113465e-04
 2.749999999999835909e-04
 2.750000000000113465e-04
 2.749999999999974687e-04
 2.749999999999835909e-04
 2.750000000000252243e-04
 2.749999999999974687e-04
 2.749999999999835909e-04
 2.750000000000113465e-04
 2.749999999999974687e-04
 2.749999999999974687e-04
 2.750000000000113465e-04
 2.749999999999974687e-04
 2.750000000000113465e-04
 2.749999999999697131e-04
 2.750000000000113465e-04
 2.750000000000252243e-04
 2.749999999999835909e-04
 2.749999999999974687e-04
 2.749999999999974687e-04
 2.749999999999835909e-04
 2.750000000000252243e-04
 2.750000000000113465e-04
 2.749999999999697131e-04
 2.750000000000113465e-04
 2.749999999999974687e-04
 2.750000000000113465e-04
 2.749999999999974687e-04
 2.749999999999974687e-04
 2.750000000000113465e-04
 2.749999999999835909e-04
 2.749999999999974687e-04
 2.750000000000182854e-04
 2.749999999999919935e-04
 2.750000000000029439e-04
 2.750000000000044076e-04
 2.749999999999863556e-04
 2.750000000000156291e-04
 2.750000000000044076e-04
 2.749999999999754052e-04
 2.750000000000194780e-04
 2.749999999999905298e-04
 2.750000000000044076e-04
 2.750000000000021850e-04
 2.749999999999926440e-04
 2.750000000000123765e-04
 2.749999999999845667e-04
 2.750000000000094491e-04
 2.750000000000113465e-04
 2.749999999999905298e-04
 2.750000000000044076e-04
 2.750000000000044076e-04
 2.749999999999905298e-04
 2.750000000000189901e-04
 2.749999999999967640e-04
 2.749999999999835909e-04
 2.750000000000194780e-04
 2.749999999999893914e-04
 2.749999999999974687e-04
 2.750000000000039197e-04
 2.749999999999909635e-04
 2.750000000000182854e-04
 2.749999999999766520e-04
 2.750000000000037029e-04
 2.750000000000188817e-04
 2.749999999999908008e-04
 2.750000000000046244e-04
 2.749999999999970892e-04
 2.749999999999974687e-04
 2.750000000000113465e-04
 2.750000000000044076e-04
 2.749999999999766520e-04
 2.750000000000182854e-04
 2.749999999999904756e-04
 2.750000000000044618e-04
 2.750000000000044076e-04
 2.749999999999902045e-04
 2.750000000000117260e-04
 2.749999999999835909e-04
 2.750000000000046786e-04
 2.750000000000110212e-04
 2.749999999999905298e-04
 2.750000000000044076e-04
 2.750000000000052749e-04
 2.749999999999896082e-04
 2.750000000000108586e-04
 2.750000000000038655e-04
 2.749999999999847293e-04
 2.750000000000113465e-04
 2.749999999999905298e-04
 2.750000000000044076e-04
 2.750000000000044076e-04
 2.749999999999905298e-04
 2.750000000000174722e-04
 2.749999999999775194e-04
 2.750000000000044076e-04
 2.750000000000164422e-04
 2.749999999999924272e-04
 2.749999999999974687e-04
 2.750000000000054376e-04
 2.749999999999894456e-04
 2.750000000000182854e-04
 2.750000000000044076e-04
 2.749999999999558353e-04
 2.749999999999999081e-04
 2.749999999999949208e-04
 2.750000000000100454e-04
 2.749999999999822357e-04
 2.750000000000002334e-04
 2.750000000000113465e-04
 2.749999999999905298e-04
 2.750000000000044076e-04
 2.750000000000044076e-04
 2.749999999999905298e-04
 2.750000000000097202e-04
 2.750000000000060339e-04
 2.749999999999835909e-04
 2.750000000000079312e-04
 2.749999999999871146e-04
 2.749999999999974687e-04
 2.750000000000062507e-04
 2.749999999999886324e-04
 2.750000000000113465e-04
 2.749999999999835909e-04
 2.750000000000014260e-04
 2.750000000000211585e-04
 2.749999999999884698e-04
 2.750000000000022934e-04
 2.749999999999878735e-04
 2.749999999999974687e-04
 2.750000000000113465e-04
 2.749999999999974687e-04
 2.749999999999835909e-04
 2.750000000000113465e-04
 2.749999999999881446e-04
 2.750000000000067928e-04
 2.750000000000113465e-04
 2.749999999999924814e-04
 2.750000000000163880e-04
 2.749999999999697131e-04
 2.750000000000208875e-04
 2.750000000000017513e-04
 2.749999999999974687e-04
 2.749999999999974687e-04
 2.750000000000029439e-04
 2.749999999999918851e-04
 2.750000000000154664e-04
 2.749999999999876567e-04
 2.749999999999755136e-04
 2.750000000000252243e-04
 2.749999999999835909e-04
 2.750000000000113465e-04
 2.749999999999974687e-04
 2.749999999999974687e-04
 2.750000000000113465e-04
 2.749999999999835909e-04
 2.749999999999974687e-04
 2.750000000000187191e-04
 2.749999999999901503e-04
 2.749999999999974687e-04
 2.750000000000113465e-04
 2.749999999999835909e-04
 2.750000000000113465e-04
 2.750000000000113465e-04
 2.749999999999767604e-04
 2.750000000000181227e-04
 2.750000000000008297e-04
 2.750000000000007755e-04
 2.750000000000047871e-04
 2.749999999999974687e-04
 2.750000000000113465e-04
 2.749999999999835909e-04
 2.749999999999974687e-04
 2.750000000000252243e-04
 2.749999999999835909e-04
 2.750000000000113465e-04
 2.749999999999974687e-04
 2.749999999999894456e-04
 2.750000000000194238e-04
 2.749999999999974687e-04
 2.749999999999835909e-04
 2.750000000000113465e-04
 2.749999999999974687e-04
 2.749999999999974687e-04
 2.750000000000060339e-04
 2.749999999999888493e-04
 2.750000000000278264e-04
 2.749999999999722610e-04
 2.750000000000201827e-04
 2.750000000000113465e-04
 2.749999999999835909e-04
 2.750000000000113465e-04
 2.749999999999974687e-04
 2.749999999999974687e-04
 2.750000000000113465e-04
 2.749999999999974687e-04
 2.749999999999835909e-04
 2.750000000000156833e-04
 2.749999999999931861e-04
 2.749999999999974687e-04
 2.750000000000113465e-04
 2.749999999999835909e-04
 2.750000000000252243e-04
 2.749999999999697131e-04
 2.750000000000075518e-04
 2.750000000000150870e-04
 2.749999999999993118e-04
 2.749999999999992576e-04
 2.750000000000078770e-04
 2.749999999999974687e-04
 2.750000000000113465e-04
 2.750000000000113465e-04
 2.749999999999697131e-04
 2.750000000000252243e-04
 2.749999999999835909e-04
 2.750000000000113465e-04
 2.749999999999974687e-04
 2.750000000000002876e-04
 2.750000000000086360e-04
 2.749999999999835909e-04
 2.749999999999974687e-04
 2.750000000000113465e-04
 2.749999999999974687e-04
 2.749999999999974687e-04
 2.749999999999951919e-04
 2.749999999999996913e-04
 2.750000000000124307e-04
 2.750000000000123765e-04
 2.749999999999816393e-04
 2.750000000000113465e-04
 2.749999999999558353e-04
 2.750000000000113465e-04
 2.749999999999835909e-04
 2.749999999999974687e-04
 2.750000000000252243e-04
 2.749999999999835909e-04
 2.750000000000113465e-04
 2.749999999999974687e-04
 2.749999999999986613e-04
 2.750000000000102081e-04
 2.749999999999974687e-04
 2.749999999999835909e-04
 2.750000000000113465e-04
 2.749999999999974687e-04
 2.749999999999974687e-04
 2.750000000000106960e-04
 2.749999999999841872e-04
 2.750000000000116175e-04
 2.749999999999838077e-04
 2.750000000000109670e-04
 2.750000000000113465e-04
 2.749999999999835909e-04
 2.750000000000113465e-04
 2.749999999999974687e-04
 2.749999999999835909e-04
 2.750000000000252243e-04
 2.749999999999974687e-04
 2.749999999999835909e-04
 2.750000000000110212e-04
 2.749999999999978482e-04
 2.749999999999974687e-04
 2.750000000000113465e-04
 2.749999999999974687e-04
 2.750000000000113465e-04
 2.749999999999697131e-04
 2.750000000000122138e-04
 2.750000000000243027e-04
 2.749999999999831030e-04
 2.749999999999969266e-04
 2.749999999999986071e-04
 2.749999999999835909e-04
 2.750000000000252243e-04
 2.750000000000113465e-04
 2.749999999999697131e-04
 2.750000000000113465e-04
 2.749999999999974687e-04
 2.750000000000113465e-04
 </DataArray>
 <DataArray Name="rho" type="Float32" NumberOfComponents="1" format="ascii">
 1.652048899053966680e-01
 1.649463465803249207e-01
 1.646880739846136865e-01
 1.644300719655290566e-01
 1.641723403705552253e-01
 1.639148790473919926e-01
 1.636576878439517102e-01
 1.634007666083563404e-01
 1.631441151889362617e-01
 1.628877334342276051e-01
 1.626316211929708100e-01
 1.623757783141100142e-01
 1.621202046467913604e-01
 1.618649000403621918e-01
 1.616098643443702743e-01
 1.613550974085646572e-01
 1.611005990828943690e-01
 1.608463692175089166e-01
 1.605924076627580910e-01
 1.603387142691935774e-01
 1.600852888875681779e-01
 1.598321313688375600e-01
 1.595792415641603401e-01
 1.593266193248993046e-01
 1.590742645026221314e-01
 1.588221769491031665e-01
 1.585703565163235629e-01
 1.583188030564723070e-01
 1.580675164219477458e-01
 1.578164964653583635e-01
 1.575657430395232539e-01
 1.573152559974732856e-01
 1.570650351924517407e-01
 1.568150804779149532e-01
 1.565653917075326418e-01
 1.563159687351881322e-01
 1.560668114149784957e-01
 1.558179196012144940e-01
 1.555692931484202457e-01
 1.553209319113328934e-01
 1.550728357449014383e-01
 1.548250045042859901e-01
 1.545774380448565188e-01
 1.543301362221910777e-01
 1.540830988920753597e-01
 1.538363259104985059e-01
 1.535898171336523288e-01
 1.533435724179284532e-01
 1.530975916199150688e-01
 1.528518745963942660e-01
 1.526064212043384549e-01
 1.523612313009066466e-01
 1.521163047434407334e-01
 1.518716413894609096e-01
 1.516272410966616191e-01
 1.513831037229064203e-01
 1.511392291262235454e-01
 1.508956171648005717e-01
 1.506522676969784813e-01
 1.504091805812469429e-01
 1.501663556762374563e-01
 1.499237928407179676e-01
 1.496814919335868188e-01
 1.494394528138656697e-01
 1.491976753406941136e-01
 1.489561593733219058e-01
 1.487149047711023575e-01
 1.484739113934858412e-01
 1.482331791000126575e-01
 1.479927077503057631e-01
 1.477524972040630824e-01
 1.475125473210515126e-01
 1.472728579610984856e-01
 1.470334289840849462e-01
 1.467942602499373861e-01
 1.465553516186209604e-01
 1.463167029501316607e-01
 1.460783141044891265e-01
 1.458401849417285678e-01
 1.456023153218932165e-01
 1.453647051050263872e-01
 1.451273541511645948e-01
 1.448902623203294493e-01
 1.446534294725202729e-01
 1.444168554677059957e-01
 1.441805401658178831e-01
 1.439444834267418483e-01
 1.437086851103105967e-01
 1.434731450762963267e-01
 1.432378631844029027e-01
 1.430028392942582494e-01
 1.427680732654069418e-01
 1.425335649573021279e-01
 1.422993142292985069e-01
 1.420653209406449735e-01
 1.418315849504762360e-01
 1.415981061178062383e-01
 1.413648843015201662e-01
 1.411319193603671751e-01
 1.408992111529531466e-01
 1.406667595377331104e-01
 1.404345643730040560e-01
 1.402026255168982161e-01
 1.399709428273754885e-01
 1.397395161622165261e-01
 1.395083453790161021e-01
 1.392774303351760889e-01
 1.390467708878989350e-01
 1.388163668941818085e-01
 1.385862182108093810e-01
 1.383563246943479708e-01
 1.381266862011404917e-01
 1.378973025873004854e-01
 1.376681737087066260e-01
 1.374392994209975016e-01
 1.372106795795675904e-01
 1.369823140395625416e-01
 1.367542026558750123e-01
 1.365263452831413371e-01
 1.362987417757376418e-01
 1.360713919877775679e-01
 1.358442957731099965e-01
 1.356174529853168276e-01
 1.353908634777117037e-01
 1.351645271033382611e-01
 1.349384437149708516e-01
 1.347126131651140146e-01
 1.344870353060029777e-01
 1.342617099896047106e-01
 1.340366370676194796e-01
 1.338118163914832903e-01
 1.335872478123706075e-01
 1.333629311811977414e-01
 1.331388663486268720e-01
 1.329150531650694911e-01
 1.326914914806928414e-01
 1.324681811454245517e-01
 1.322451220089595203e-01
 1.320223139207661323e-01
 1.317997567300930595e-01
 1.315774502859782535e-01
 1.313553944372564952e-01
 1.311335890325680542e-01
 1.309120339203686534e-01
 1.306907289489389057e-01
 1.304696739663947225e-01
 1.302488688206975831e-01
 1.300283133596664975e-01
 1.298080074309891085e-01
 1.295879508822336823e-01
 1.293681435608614594e-01
 1.291485853142389506e-01
 1.289292759896519258e-01
 1.287102154343175153e-01
 1.284914034953982820e-01
 1.282728400200154606e-01
 1.280545248552637516e-01
 1.278364578482251157e-01
 1.276186388459823740e-01
 1.274010676956348898e-01
 1.271837442443118915e-01
 1.269666683391873496e-01
 1.267498398274950755e-01
 1.265332585565428769e-01
 1.263169243737268799e-01
 1.261008371265467387e-01
 1.258849966626194583e-01
 1.256694028296937993e-01
 1.254540554756654602e-01
 1.252389544485898454e-01
 1.250240995966967750e-01
 1.248094907684037802e-01
 1.245951278123299533e-01
 1.243810105773090480e-01
 1.241671389124027330e-01
 1.239535126669127074e-01
 1.237401316903939119e-01
 1.235269958326659367e-01
 1.233141049438257891e-01
 1.231014588742588151e-01
 1.228890574746504954e-01
 1.226769005959970210e-01
 1.224649880896159643e-01
 1.222533198071568405e-01
 1.220418956006111277e-01
 1.218307153223216893e-01
 1.216197788249921002e-01
 1.214090859616966250e-01
 1.211986365858885584e-01
 1.209884305514085795e-01
 1.207784677124930650e-01
 1.205687479237823323e-01
 1.203592710403281890e-01
 1.201500369176013577e-01
 1.199410454114989560e-01
 1.197322963783512689e-01
 1.195237896749283268e-01
 1.193155251584467752e-01
 1.191075026865756059e-01
 1.188997221174424856e-01
 1.186921833096392376e-01
 1.184848861222278366e-01
 1.182778304147453913e-01
 1.180710160472085574e-01
 1.178644428801196853e-01
 1.176581107744704147e-01
 1.174520195917464066e-01
 1.172461691939303691e-01
 1.170405594435074692e-01
 1.168351902034679285e-01
 1.166300613373101452e-01
 1.164251727090442334e-01
 1.162205241831942709e-01
 1.160161156248009778e-01
 1.158119468994232848e-01
 1.156080178731400260e-01
 1.154043284125516461e-01
 1.152008783847803669e-01
 1.149976676574706869e-01
 1.147946960987896586e-01
 1.145919635774257650e-01
 1.143894699625880862e-01
 1.141872151240041350e-01
 1.139851989319180664e-01
 1.137834212570875275e-01
 1.135818819707801325e-01
 1.133805809447696045e-01
 1.131795180513312099e-01
 1.129786931632364572e-01
 1.127781061537478646e-01
 1.125777568966123687e-01
 1.123776452660553288e-01
 1.121777711367735741e-01
 1.119781343839283266e-01
 1.117787348831385114e-01
 1.115795725104731934e-01
 1.113806471424446803e-01
 1.111819586560015838e-01
 1.109835069285218939e-01
 1.107852918378070123e-01
 1.105873132620754096e-01
 1.103895710799576851e-01
 1.101920651704915571e-01
 1.099947954131175049e-01
 1.097977616876760071e-01
 1.096009638744036979e-01
 1.094044018539326035e-01
 1.092080755072880605e-01
 1.090119847158882854e-01
 1.088161293615447084e-01
 1.652048899053965292e-01
 1.649463465803247264e-01
 1.646880739846135477e-01
 1.644300719655287790e-01
 1.641723403705551421e-01
 1.639148790473919370e-01
 1.636576878439517657e-01
 1.634007666083563959e-01
 1.631441151889363450e-01
 1.628877334342281047e-01
 1.626316211929711708e-01
 1.623757783141105693e-01
 1.621202046467915825e-01
 1.618649000403622473e-01
 1.616098643443704408e-01
 1.613550974085650458e-01
 1.611005990828945078e-01
 1.608463692175091386e-01
 1.605924076627586738e-01
 1.603387142691942990e-01
 1.600852888875686775e-01
 1.598321313688378653e-01
 1.595792415641603124e-01
 1.593266193248992768e-01
 1.590742645026221591e-01
 1.588221769491029167e-01
 1.585703565163232021e-01
 1.583188030564720294e-01
 1.580675164219474960e-01
 1.578164964653584745e-01
 1.575657430395231151e-01
 1.573152559974733133e-01
 1.570650351924516297e-01
 1.568150804779151197e-01
 1.565653917075328361e-01
 1.563159687351884930e-01
 1.560668114149785513e-01
 1.558179196012146328e-01
 1.555692931484203845e-01
 1.553209319113332820e-01
 1.550728357449015216e-01
 1.548250045042859901e-01
 1.545774380448565466e-01
 1.543301362221913831e-01
 1.540830988920756928e-01
 1.538363259104986724e-01
 1.535898171336525231e-01
 1.533435724179287030e-01
 1.530975916199150411e-01
 1.528518745963944048e-01
 1.526064212043383717e-01
 1.523612313009067021e-01
 1.521163047434406224e-01
 1.518716413894609096e-01
 1.516272410966615081e-01
 1.513831037229063925e-01
 1.511392291262234622e-01
 1.508956171648007105e-01
 1.506522676969786756e-01
 1.504091805812471372e-01
 1.501663556762374285e-01
 1.499237928407180787e-01
 1.496814919335870131e-01
 1.494394528138661138e-01
 1.491976753406944189e-01
 1.489561593733220723e-01
 1.487149047711025240e-01
 1.484739113934859245e-01
 1.482331791000126853e-01
 1.479927077503057353e-01
 1.477524972040629159e-01
 1.475125473210516236e-01
 1.472728579610985966e-01
 1.470334289840849740e-01
 1.467942602499372196e-01
 1.465553516186205996e-01
 1.463167029501316885e-01
 1.460783141044890432e-01
 1.458401849417285956e-01
 1.456023153218931887e-01
 1.453647051050264705e-01
 1.451273541511645671e-01
 1.448902623203295881e-01
 1.446534294725206338e-01
 1.444168554677063843e-01
 1.441805401658182995e-01
 1.439444834267419593e-01
 1.437086851103105689e-01
 1.434731450762963267e-01
 1.432378631844029304e-01
 1.430028392942587490e-01
 1.427680732654070250e-01
 1.425335649573020724e-01
 1.422993142292982571e-01
 1.420653209406447237e-01
 1.418315849504760695e-01
 1.415981061178063494e-01
 1.413648843015201106e-01
 1.411319193603671751e-01
 1.408992111529530078e-01
 1.406667595377328328e-01
 1.404345643730037230e-01
 1.402026255168979940e-01
 1.399709428273751555e-01
 1.397395161622161097e-01
 1.395083453790157413e-01
 1.392774303351759224e-01
 1.390467708878991848e-01
 1.388163668941819751e-01
 1.385862182108091589e-01
 1.383563246943479985e-01
 1.381266862011406305e-01
 1.378973025873007352e-01
 1.376681737087066260e-01
 1.374392994209976404e-01
 1.372106795795677570e-01
 1.369823140395628747e-01
 1.367542026558752066e-01
 1.365263452831414204e-01
 1.362987417757376696e-01
 1.360713919877777067e-01
 1.358442957731099687e-01
 1.356174529853165778e-01
 1.353908634777112041e-01
 1.351645271033377893e-01
 1.349384437149706850e-01
 1.347126131651142089e-01
 1.344870353060031720e-01
 1.342617099896049881e-01
 1.340366370676197572e-01
 1.338118163914838177e-01
 1.335872478123709128e-01
 1.333629311811979634e-01
 1.331388663486268442e-01
 1.329150531650695466e-01
 1.326914914806927581e-01
 1.324681811454244129e-01
 1.322451220089588819e-01
 1.320223139207653551e-01
 1.317997567300926431e-01
 1.315774502859780593e-01
 1.313553944372562177e-01
 1.311335890325679432e-01
 1.309120339203686256e-01
 1.306907289489389334e-01
 1.304696739663946392e-01
 1.302488688206974998e-01
 1.300283133596664698e-01
 1.298080074309892751e-01
 1.295879508822337656e-01
 1.293681435608613761e-01
 1.291485853142387286e-01
 1.289292759896517315e-01
 1.287102154343172100e-01
 1.284914034953979212e-01
 1.282728400200150720e-01
 1.280545248552635851e-01
 1.278364578482248104e-01
 1.276186388459822629e-01
 1.274010676956348065e-01
 1.271837442443121136e-01
 1.269666683391874884e-01
 1.267498398274954086e-01
 1.265332585565433210e-01
 1.263169243737273795e-01
 1.261008371265469885e-01
 1.258849966626193473e-01
 1.256694028296937438e-01
 1.254540554756654325e-01
 1.252389544485896233e-01
 1.250240995966965529e-01
 1.248094907684036137e-01
 1.245951278123299671e-01
 1.243810105773092423e-01
 1.241671389124029273e-01
 1.239535126669129850e-01
 1.237401316903942172e-01
 1.235269958326660339e-01
 1.233141049438259140e-01
 1.231014588742589955e-01
 1.228890574746508008e-01
 1.226769005959971875e-01
 1.224649880896160892e-01
 1.222533198071568822e-01
 1.220418956006109057e-01
 1.218307153223212175e-01
 1.216197788249917117e-01
 1.214090859616963752e-01
 1.211986365858882947e-01
 1.209884305514083436e-01
 1.207784677124931483e-01
 1.205687479237822907e-01
 1.203592710403281474e-01
 1.201500369176013716e-01
 1.199410454114990948e-01
 1.197322963783512967e-01
 1.195237896749283962e-01
 1.193155251584466087e-01
 1.191075026865755226e-01
 1.188997221174422497e-01
 1.186921833096391821e-01
 1.184848861222277533e-01
 1.182778304147450582e-01
 1.180710160472083492e-01
 1.178644428801196853e-01
 1.176581107744706506e-01
 1.174520195917465315e-01
 1.172461691939305078e-01
 1.170405594435077468e-01
 1.168351902034681922e-01
 1.166300613373103812e-01
 1.164251727090448163e-01
 1.162205241831948538e-01
 1.160161156248015885e-01
 1.158119468994238260e-01
 1.156080178731404839e-01
 1.154043284125517849e-01
 1.152008783847803391e-01
 1.149976676574705203e-01
 1.147946960987895476e-01
 1.145919635774257095e-01
 1.143894699625881695e-01
 1.141872151240041766e-01
 1.139851989319181635e-01
 1.137834212570875414e-01
 1.135818819707801464e-01
 1.133805809447696461e-01
 1.131795180513312793e-01
 1.129786931632366515e-01
 1.127781061537480450e-01
 1.125777568966125491e-01
 1.123776452660555925e-01
 1.121777711367735186e-01
 1.119781343839281046e-01
 1.117787348831382199e-01
 1.115795725104727909e-01
 1.113806471424441391e-01
 1.111819586560010842e-01
 1.109835069285213249e-01
 1.107852918378066515e-01
 1.105873132620752014e-01
 1.103895710799576296e-01
 1.101920651704914739e-01
 1.099947954131175049e-01
 1.097977616876759238e-01
 1.096009638744036702e-01
 1.094044018539327423e-01
 1.092080755072881992e-01
 1.090119847158884520e-01
 1.088161293615449027e-01
 </DataArray>
 <DataArray Name="vel.x" type="Float32" NumberOfComponents="1" format="ascii">
 1.497219606595978803e+03
 1.499044032012919388e+03
 1.500868451463775500e+03
 1.502692865013343635e+03
 1.504517272725154953e+03
 1.506341674661482330e+03
 1.508166070883361726e+03
 1.509990461450608109e+03
 1.511814846421819766e+03
 1.513639225854393544e+03
 1.515463599804529849e+03
 1.517287968327228327e+03
 1.519112331476297186e+03
 1.520936689304349784e+03
 1.522761041862804177e+03
 1.524585389201870385e+03
 1.526409731370551526e+03
 1.528234068416634273e+03
 1.530058400386686571e+03
 1.531882727326033091e+03
 1.533707049278758859e+03
 1.535531366287689025e+03
 1.537355678394379083e+03
 1.539179985639100323e+03
 1.541004288060830049e+03
 1.542828585697229528e+03
 1.544652878584636028e+03
 1.546477166758049407e+03
 1.548301450251113238e+03
 1.550125729096100940e+03
 1.551950003323906230e+03
 1.553774272964027432e+03
 1.555598538044554516e+03
 1.557422798592159552e+03
 1.559247054632083518e+03
 1.561071306188127892e+03
 1.562895553282647825e+03
 1.564719795936541232e+03
 1.566544034169246061e+03
 1.568368267998734609e+03
 1.570192497441512614e+03
 1.572016722512618344e+03
 1.573840943225621231e+03
 1.575665159592631653e+03
 1.577489371624289788e+03
 1.579313579329793583e+03
 1.581137782716894890e+03
 1.582961981791911285e+03
 1.584786176559744490e+03
 1.586610367023889694e+03
 1.588434553186459425e+03
 1.590258735048197650e+03
 1.592082912608503875e+03
 1.593907085865459749e+03
 1.595731254815850662e+03
 1.597555419455196898e+03
 1.599379579777784102e+03
 1.601203735776690110e+03
 1.603027887443827922e+03
 1.604852034769972761e+03
 1.606676177744808456e+03
 1.608500316356960866e+03
 1.610324450594039263e+03
 1.612148580442683624e+03
 1.613972705888600103e+03
 1.615796826916613554e+03
 1.617620943510716188e+03
 1.619445055654110320e+03
 1.621269163329260664e+03
 1.623093266517941856e+03
 1.624917365201296207e+03
 1.626741459359877126e+03
 1.628565548973708246e+03
 1.630389634022335713e+03
 1.632213714484886168e+03
 1.634037790340118590e+03
 1.635861861566478638e+03
 1.637685928142157309e+03
 1.639509990045148925e+03
 1.641334047253307517e+03
 1.643158099744407764e+03
 1.644982147496199559e+03
 1.646806190486467813e+03
 1.648630228693089293e+03
 1.650454262094098567e+03
 1.652278290667742340e+03
 1.654102314392541302e+03
 1.655926333247350840e+03
 1.657750347211421968e+03
 1.659574356264462267e+03
 1.661398360386698641e+03
 1.663222359558935295e+03
 1.665046353762622857e+03
 1.666870342979914767e+03
 1.668694327193729578e+03
 1.670518306387816892e+03
 1.672342280546818301e+03
 1.674166249656332411e+03
 1.675990213702977144e+03
 1.677814172674452493e+03
 1.679638126559603734e+03
 1.681462075348487360e+03
 1.683286019032431795e+03
 1.685109957604098099e+03
 1.686933891057547953e+03
 1.688757819388301868e+03
 1.690581742593402396e+03
 1.692405660671473697e+03
 1.694229573622779753e+03
 1.696053481449285073e+03
 1.697877384154716538e+03
 1.699701281744610242e+03
 1.701525174226371746e+03
 1.703349061609326327e+03
 1.705172943904774456e+03
 1.706996821126034774e+03
 1.708820693288493658e+03
 1.710644560409645464e+03
 1.712468422509137781e+03
 1.714292279608810077e+03
 1.716116131732725989e+03
 1.717939978907202658e+03
 1.719763821160844600e+03
 1.721587658524563267e+03
 1.723411491031603418e+03
 1.725235318717553810e+03
 1.727059141620363107e+03
 1.728882959780346482e+03
 1.730706773240191978e+03
 1.732530582044960283e+03
 1.734354386242079954e+03
 1.736178185881332411e+03
 1.738001981014847388e+03
 1.739825771697069740e+03
 1.741649557984754438e+03
 1.743473339936920638e+03
 1.745297117614827357e+03
 1.747120891081930495e+03
 1.748944660403842590e+03
 1.750768425648288030e+03
 1.752592186885040292e+03
 1.754415944185874196e+03
 1.756239697624501105e+03
 1.758063447276498209e+03
 1.759887193219244637e+03
 1.761710935531839141e+03
 1.763534674295028708e+03
 1.765358409591116470e+03
 1.767182141503877801e+03
 1.769005870118469829e+03
 1.770829595521334795e+03
 1.772653317800106834e+03
 1.774477037043498967e+03
 1.776300753341210338e+03
 1.778124466783812522e+03
 1.779948177462641979e+03
 1.781771885469685003e+03
 1.783595590897459488e+03
 1.785419293838909425e+03
 1.787242994387270073e+03
 1.789066692635961545e+03
 1.790890388678462159e+03
 1.792714082608179979e+03
 1.794537774518335482e+03
 1.796361464501838327e+03
 1.798185152651155477e+03
 1.800008839058192734e+03
 1.801832523814166734e+03
 1.803656207009476475e+03
 1.805479888733586449e+03
 1.807303569074896131e+03
 1.809127248120620607e+03
 1.810950925956666651e+03
 1.812774602667511544e+03
 1.814598278336081876e+03
 1.816421953043641452e+03
 1.818245626869664875e+03
 1.820069299891735454e+03
 1.821892972185416966e+03
 1.823716643824152698e+03
 1.825540314879152220e+03
 1.827363985419283154e+03
 1.829187655510968852e+03
 1.831011325218079264e+03
 1.832834994601830203e+03
 1.834658663720688537e+03
 1.836482332630272367e+03
 1.838306001383248486e+03
 1.840129670029242334e+03
 1.841953338614748873e+03
 1.843777007183038222e+03
 1.845600675774066985e+03
 1.847424344424392302e+03
 1.849248013167086128e+03
 1.851071682031653381e+03
 1.852895351043945766e+03
 1.854719020226087196e+03
 1.856542689596388527e+03
 1.858366359169277757e+03
 1.860190028955219532e+03
 1.862013698960643296e+03
 1.863837369187870081e+03
 1.865661039635041107e+03
 1.867484710296057301e+03
 1.869308381160497902e+03
 1.871132052213567476e+03
 1.872955723436019298e+03
 1.874779394804112599e+03
 1.876603066289535263e+03
 1.878426737859350169e+03
 1.880250409475945162e+03
 1.882074081096971895e+03
 1.883897752675300353e+03
 1.885721424158964737e+03
 1.887545095491123448e+03
 1.889368766610012926e+03
 1.891192437448906503e+03
 1.893016107936081880e+03
 1.894839777994791575e+03
 1.896663447543227448e+03
 1.898487116494504335e+03
 1.900310784756636849e+03
 1.902134452232528474e+03
 1.903958118819964284e+03
 1.905781784411601166e+03
 1.907605448894977371e+03
 1.909429112152514563e+03
 1.911252774061531454e+03
 1.913076434494262685e+03
 1.914900093317876781e+03
 1.916723750394507306e+03
 1.918547405581280600e+03
 1.920371058730345339e+03
 1.922194709688913008e+03
 1.924018358299291094e+03
 1.925842004398922654e+03
 1.927665647820423374e+03
 1.929489288391615673e+03
 1.931312925935568501e+03
 1.933136560270624159e+03
 1.934960191210424455e+03
 1.936783818563938439e+03
 1.938607442135474002e+03
 1.940431061724696747e+03
 1.942254677126625893e+03
 1.944078288131646104e+03
 1.945901894525486796e+03
 1.947725496089212584e+03
 1.949549092599206006e+03
 1.951372683827130913e+03
 1.497219606595979485e+03
 1.499044032012921207e+03
 1.500868451463776410e+03
 1.502692865013346591e+03
 1.504517272725157227e+03
 1.506341674661484149e+03
 1.508166070883362408e+03
 1.509990461450608109e+03
 1.511814846421819766e+03
 1.513639225854391270e+03
 1.515463599804528485e+03
 1.517287968327226736e+03
 1.519112331476298550e+03
 1.520936689304352512e+03
 1.522761041862805769e+03
 1.524585389201870157e+03
 1.526409731370551754e+03
 1.528234068416634727e+03
 1.530058400386684752e+03
 1.531882727326031272e+03
 1.533707049278758859e+03
 1.535531366287689934e+03
 1.537355678394381130e+03
 1.539179985639101460e+03
 1.541004288060830049e+03
 1.542828585697230892e+03
 1.544652878584638529e+03
 1.546477166758051681e+03
 1.548301450251115511e+03
 1.550125729096101168e+03
 1.551950003323907367e+03
 1.553774272964027205e+03
 1.555598538044555426e+03
 1.557422798592159552e+03
 1.559247054632083746e+03
 1.561071306188127437e+03
 1.562895553282648279e+03
 1.564719795936540550e+03
 1.566544034169246061e+03
 1.568368267998733018e+03
 1.570192497441513069e+03
 1.572016722512619708e+03
 1.573840943225623278e+03
 1.575665159592631426e+03
 1.577489371624289788e+03
 1.579313579329794948e+03
 1.581137782716896481e+03
 1.582961981791911967e+03
 1.584786176559745627e+03
 1.586610367023890376e+03
 1.588434553186461017e+03
 1.590258735048198560e+03
 1.592082912608505922e+03
 1.593907085865461568e+03
 1.595731254815853163e+03
 1.597555419455200081e+03
 1.599379579777786375e+03
 1.601203735776690110e+03
 1.603027887443827240e+03
 1.604852034769972988e+03
 1.606676177744810502e+03
 1.608500316356961775e+03
 1.610324450594039945e+03
 1.612148580442682487e+03
 1.613972705888599194e+03
 1.615796826916613327e+03
 1.617620943510716415e+03
 1.619445055654111911e+03
 1.621269163329261801e+03
 1.623093266517942538e+03
 1.624917365201298026e+03
 1.626741459359876899e+03
 1.628565548973708246e+03
 1.630389634022336395e+03
 1.632213714484888214e+03
 1.634037790340121319e+03
 1.635861861566478638e+03
 1.637685928142157763e+03
 1.639509990045149380e+03
 1.641334047253308654e+03
 1.643158099744408673e+03
 1.644982147496200241e+03
 1.646806190486467131e+03
 1.648630228693087020e+03
 1.650454262094097203e+03
 1.652278290667740521e+03
 1.654102314392540620e+03
 1.655926333247351067e+03
 1.657750347211421740e+03
 1.659574356264461358e+03
 1.661398360386694549e+03
 1.663222359558934613e+03
 1.665046353762623085e+03
 1.666870342979916131e+03
 1.668694327193730942e+03
 1.670518306387817802e+03
 1.672342280546817847e+03
 1.674166249656332866e+03
 1.675990213702977826e+03
 1.677814172674452948e+03
 1.679638126559604416e+03
 1.681462075348488270e+03
 1.683286019032431341e+03
 1.685109957604098781e+03
 1.686933891057549772e+03
 1.688757819388304142e+03
 1.690581742593402851e+03
 1.692405660671471423e+03
 1.694229573622777480e+03
 1.696053481449285528e+03
 1.697877384154715401e+03
 1.699701281744608423e+03
 1.701525174226369018e+03
 1.703349061609326100e+03
 1.705172943904774229e+03
 1.706996821126035002e+03
 1.708820693288492294e+03
 1.710644560409644328e+03
 1.712468422509138009e+03
 1.714292279608810531e+03
 1.716116131732725762e+03
 1.717939978907203340e+03
 1.719763821160846419e+03
 1.721587658524565541e+03
 1.723411491031605465e+03
 1.725235318717554492e+03
 1.727059141620360833e+03
 1.728882959780344208e+03
 1.730706773240189250e+03
 1.732530582044958010e+03
 1.734354386242076089e+03
 1.736178185881331501e+03
 1.738001981014846479e+03
 1.739825771697071332e+03
 1.741649557984754892e+03
 1.743473339936921093e+03
 1.745297117614827584e+03
 1.747120891081933678e+03
 1.748944660403847820e+03
 1.750768425648290304e+03
 1.752592186885041201e+03
 1.754415944185875105e+03
 1.756239697624500423e+03
 1.758063447276497527e+03
 1.759887193219243727e+03
 1.761710935531839596e+03
 1.763534674295029617e+03
 1.765358409591117152e+03
 1.767182141503877347e+03
 1.769005870118469147e+03
 1.770829595521335705e+03
 1.772653317800107743e+03
 1.774477037043498740e+03
 1.776300753341211021e+03
 1.778124466783813659e+03
 1.779948177462644480e+03
 1.781771885469686140e+03
 1.783595590897461534e+03
 1.785419293838910107e+03
 1.787242994387271665e+03
 1.789066692635962454e+03
 1.790890388678463069e+03
 1.792714082608179751e+03
 1.794537774518334572e+03
 1.796361464501836736e+03
 1.798185152651154340e+03
 1.800008839058192052e+03
 1.801832523814165370e+03
 1.803656207009475793e+03
 1.805479888733587813e+03
 1.807303569074898860e+03
 1.809127248120622880e+03
 1.810950925956667561e+03
 1.812774602667512227e+03
 1.814598278336083013e+03
 1.816421953043640997e+03
 1.818245626869664648e+03
 1.820069299891735909e+03
 1.821892972185416738e+03
 1.823716643824152243e+03
 1.825540314879151083e+03
 1.827363985419283154e+03
 1.829187655510968625e+03
 1.831011325218078582e+03
 1.832834994601831340e+03
 1.834658663720691493e+03
 1.836482332630274641e+03
 1.838306001383249395e+03
 1.840129670029243471e+03
 1.841953338614750237e+03
 1.843777007183036631e+03
 1.845600675774065394e+03
 1.847424344424390029e+03
 1.849248013167084309e+03
 1.851071682031650880e+03
 1.852895351043944402e+03
 1.854719020226085377e+03
 1.856542689596388755e+03
 1.858366359169277757e+03
 1.860190028955220441e+03
 1.862013698960643751e+03
 1.863837369187870308e+03
 1.865661039635043380e+03
 1.867484710296059347e+03
 1.869308381160499266e+03
 1.871132052213565885e+03
 1.872955723436019071e+03
 1.874779394804113053e+03
 1.876603066289534127e+03
 1.878426737859349487e+03
 1.880250409475946299e+03
 1.882074081096972350e+03
 1.883897752675301035e+03
 1.885721424158964737e+03
 1.887545095491122083e+03
 1.889368766610011107e+03
 1.891192437448906503e+03
 1.893016107936083245e+03
 1.894839777994792939e+03
 1.896663447543228585e+03
 1.898487116494505926e+03
 1.900310784756637076e+03
 1.902134452232530521e+03
 1.903958118819965193e+03
 1.905781784411601620e+03
 1.907605448894977144e+03
 1.909429112152514563e+03
 1.911252774061531909e+03
 1.913076434494262685e+03
 1.914900093317877918e+03
 1.916723750394508897e+03
 1.918547405581280373e+03
 1.920371058730345567e+03
 1.922194709688913463e+03
 1.924018358299290867e+03
 1.925842004398922654e+03
 1.927665647820423374e+03
 1.929489288391616128e+03
 1.931312925935570547e+03
 1.933136560270625750e+03
 1.934960191210425819e+03
 1.936783818563938894e+03
 1.938607442135475139e+03
 1.940431061724696292e+03
 1.942254677126627257e+03
 1.944078288131647469e+03
 1.945901894525487251e+03
 1.947725496089213948e+03
 1.949549092599207370e+03
 1.951372683827133187e+03
 </DataArray>
 <DataArray Name="vel.y" type="Float32" NumberOfComponents="1" format="ascii">
 4.042823987030191364e-14
 1.245911496392358939e-13
 1.780488082115899595e-13
 2.564212873931520019e-13
 3.113606548153025069e-13
 3.347350837412866891e-13
 3.216131678264973165e-13
 2.869479004517562840e-13
 3.485207404480188279e-13
 1.847270470383683963e-13
 1.444064298123744563e-13
 -4.532634373645737059e-14
 -5.783975053643650100e-14
 3.940756215332845476e-14
 1.275286162308118248e-13
 8.989912791018473374e-14
 5.624297541033802483e-14
 2.478502247269164323e-14
 -7.831680916736245896e-14
 -2.825663484764469984e-13
 -4.594908409396480894e-13
 -5.269275480512746155e-13
 -4.814431896702779117e-13
 -3.845720067664054062e-13
 -3.879152736986767499e-13
 -3.332816154131661772e-13
 -2.085122326118684265e-13
 -1.656637430422350947e-13
 2.097422496331875454e-14
 -5.913727618220516351e-15
 1.119310371373073419e-13
 6.757148923436214321e-14
 9.499716372784034195e-14
 1.193512958921478246e-14
 -2.765607729783770231e-14
 -1.625408692967796163e-13
 -1.534453694512346093e-13
 -1.659890256051795030e-13
 -7.884461038790196428e-14
 -9.207429815959085417e-14
 -6.716096223316787590e-14
 4.848756121270148330e-16
 1.100681722459026919e-13
 1.390353658249596109e-13
 1.296356362094602853e-13
 1.512706411716203882e-13
 1.891251499855830812e-13
 1.085488580438721451e-13
 1.857015828366714920e-13
 1.537994467246756199e-13
 2.328336581563394721e-13
 2.248820500016532192e-13
 2.773078581128758488e-13
 2.718622264564995992e-13
 3.634840360435464220e-13
 4.090945320285757415e-13
 4.902788247976302786e-13
 4.895690809978998232e-13
 4.572307604122477291e-13
 3.565776153416576399e-13
 3.487758531389838996e-13
 3.045932914483861021e-13
 2.715203079868064170e-13
 1.282594949124481495e-13
 7.501807605000978140e-15
 -9.140769861094041817e-14
 -1.556979732255867167e-13
 -1.734696694459457655e-13
 -1.864714627997726958e-13
 -2.198836643190867790e-13
 -1.270608157023193316e-13
 -1.360829997853054354e-13
 -1.661908871966274755e-13
 -1.630485658739589248e-13
 -1.446709600795005764e-13
 8.841791957746243258e-14
 7.519603560547597406e-14
 3.478936811655196103e-14
 -1.143657892459286276e-13
 -1.096586820622739488e-13
 -1.577694536589942655e-13
 -1.092086106185433558e-13
 -1.005399126258610471e-13
 -1.809425867362773415e-13
 -3.098988922318124642e-13
 -4.734076850920617648e-13
 -4.809798414343480093e-13
 -4.216807995182228632e-13
 -4.067960094535477885e-13
 -3.148513347980509616e-13
 -5.355158020912906293e-13
 -6.310692045962840022e-13
 -6.165595858332208818e-13
 -5.180505664759207792e-13
 -4.559987358081813407e-13
 -3.949915734949675609e-13
 -4.629112116297726607e-13
 -4.172275530133084852e-13
 -4.258431828716144853e-13
 -4.281275656870672959e-13
 -3.641283546952427455e-13
 -2.485449424550928722e-13
 -1.923752493790393851e-13
 -1.610429063149632634e-13
 -3.363526593617978596e-14
 9.388976862619794626e-14
 1.777012787880406663e-13
 8.562891727175617908e-14
 -7.530308855633278537e-14
 3.429375090239545010e-14
 3.322673957387850652e-14
 -1.027205709450647722e-14
 -1.649577742728861927e-13
 -1.340200990203307828e-13
 -1.309813943685935058e-13
 -1.064695972518955835e-13
 -2.189713002627551466e-13
 -2.826845088626846386e-13
 -3.327453926706928661e-13
 -3.526766202149849636e-13
 -4.530227841176887836e-13
 -4.896595750664041781e-13
 -4.694644248758911322e-13
 -3.018398183471305286e-13
 -6.106069549364098436e-14
 9.230213727602630130e-14
 1.914970240905968481e-14
 -5.593861489221570313e-14
 -1.884233091804047873e-13
 -2.809545046796703142e-13
 -5.353678880209440135e-13
 -6.948402433958538442e-13
 -7.987492587097006941e-13
 -6.751942463268927804e-13
 -6.245967717586915989e-13
 -5.401604876301445013e-13
 -5.127839459609615038e-13
 -3.465593862622590031e-13
 -9.789738342444182867e-14
 4.803355816584686803e-14
 9.964270821953758894e-14
 1.505812224210961173e-13
 1.499088867585499163e-13
 1.444079277935757322e-13
 8.041664656281230560e-14
 1.000337634116590881e-13
 1.267484766869119164e-13
 1.950288270975435404e-13
 1.103586296004816501e-13
 3.567761405518256174e-14
 1.841620021695957675e-14
 5.475473851448666281e-14
 4.180669935820611928e-14
 9.814331442401771757e-14
 1.631221545990859061e-13
 3.012730914054857061e-13
 3.265531451097117101e-13
 3.975218729033885369e-13
 3.793136601666271624e-13
 4.448505910546502071e-13
 4.086595534243667732e-13
 3.689418270585244638e-13
 2.796825674795361490e-13
 1.531258358144895432e-13
 -3.613739414893143597e-14
 -2.568031288466239196e-13
 -2.683986995615104205e-13
 -2.879734757437814505e-13
 -4.006012330087993745e-13
 -3.884954662515685318e-13
 -2.239285539385783371e-13
 -3.535605549933081924e-14
 3.356954895248832283e-14
 -3.889612524406454004e-15
 -7.827257092087505657e-14
 -1.803739459340654422e-13
 -3.601720026598508196e-13
 -3.898274228757105661e-13
 -3.675559383000495311e-13
 -3.297748816489793987e-13
 -3.418896268247857817e-13
 -2.941111680727682534e-13
 -2.541970107042808676e-13
 -2.802746132985346504e-13
 -2.107936207808730214e-13
 4.383287537311337453e-14
 2.724790889394840918e-13
 4.328764346135121384e-13
 5.246896611903287993e-13
 6.346417633257692129e-13
 5.822775840363608580e-13
 4.934343375439686365e-13
 3.881447823394266375e-13
 3.408060669001973030e-13
 1.595436584941326059e-13
 1.298585478015305206e-13
 2.073514757639386569e-14
 4.428671855841983961e-14
 -9.472174697707156245e-15
 6.031581733725656984e-14
 9.818456415821673550e-14
 4.158472615342687554e-14
 1.462391019239546806e-13
 2.200363182050801150e-13
 2.521857840588315656e-13
 1.384108549577872747e-13
 6.782563340915250013e-14
 2.796475654535510365e-14
 -4.237796473434199493e-14
 -1.213738023455039123e-13
 -6.121416968594734755e-14
 -7.384904573917059203e-14
 -8.686723825434104177e-14
 -9.677640708939393436e-14
 -1.156878332686396670e-13
 -2.489188708782968076e-13
 -2.680295173722673737e-13
 -2.260482196192258515e-13
 -1.612487400951439147e-13
 -1.437977105952880443e-13
 -1.396907639440953813e-13
 -2.082365383092470398e-13
 -2.051280181059560065e-13
 -2.095699710975413721e-13
 -1.130829898282643632e-13
 -7.848620416864682792e-14
 -8.780099131255457324e-14
 -6.359004937893381117e-14
 -8.645745605719029088e-14
 -1.065302378382665851e-13
 -1.166878059857770366e-13
 -2.576465986534609576e-13
 -3.233550805397829840e-13
 -2.974488451993064620e-13
 -3.048106023791065792e-13
 -2.720328138508523924e-13
 -1.874925857405458881e-13
 -9.582040707195033540e-14
 7.038277073289129225e-14
 1.846290026447797471e-13
 2.720752796596924529e-13
 2.606229450410706462e-13
 2.696598948661153188e-13
 2.312531229938391589e-13
 2.417209976081101475e-13
 2.598976291587710680e-13
 2.299130748000202868e-13
 2.347409676724464182e-13
 2.482578725438289686e-13
 2.735270292572508685e-13
 -8.105402033533136769e-14
 8.009291666321182001e-15
 6.233185130438731846e-14
 1.867949417567559501e-13
 2.043540064260159696e-13
 3.074293951665585494e-13
 1.771895908404853117e-13
 2.120369971336230433e-13
 4.721674537266877045e-13
 2.217858325893807901e-14
 1.737219919131049248e-13
 -8.488496992856959332e-14
 4.539252196805087134e-14
 7.625563895056932972e-15
 1.213176276491256553e-13
 -8.534461571256238070e-14
 1.889233626712469998e-13
 -2.480690749763601212e-15
 -1.340998856454682003e-13
 -5.708459831722624664e-13
 -4.667981585116508726e-13
 -5.355120505461245719e-13
 -4.851707465031133176e-13
 -3.479403020546523223e-13
 -3.641801584648575344e-13
 -2.168524927834875236e-13
 -2.296505649065102932e-13
 -1.331359366114684795e-13
 1.624082327365153791e-13
 -1.314828234394989360e-13
 1.661602498290556480e-13
 5.908783548833999737e-14
 2.702510221511174412e-13
 3.184210297605361595e-14
 5.672663293759900916e-14
 -2.154123258713813016e-13
 9.753238174526794283e-14
 -9.540116832823577763e-14
 -5.283359584843086892e-14
 -3.142066466354180348e-13
 -7.871762899541523717e-14
 2.993696764881565298e-14
 1.036116748065388629e-13
 1.372658608378795283e-13
 1.111023685723557871e-13
 1.944116340645511603e-13
 1.373920296462399429e-13
 8.632510620337147845e-14
 3.097318227291520577e-13
 -3.822775094008194946e-14
 2.513806058523595088e-13
 1.923603383353520182e-13
 3.979818297987361858e-13
 3.000224981200208171e-13
 4.374189784972947217e-13
 3.527677496024664428e-13
 7.380101843571825054e-13
 5.502107316970021156e-13
 4.690537686216307578e-13
 1.555347546765572375e-13
 3.926811617739570237e-13
 3.860011205195865259e-13
 3.510485824884653674e-13
 2.298988875362360279e-13
 3.363106013306088860e-14
 1.392738242148061607e-14
 -2.410896335846285981e-13
 -2.111432608336056165e-13
 -7.652847302480937918e-14
 -4.270425531171250987e-13
 -1.214062572744993317e-13
 -1.750588413777361502e-13
 -5.358536590233248500e-14
 -1.314666265308125966e-13
 -1.476704425679372402e-13
 1.194399291076934736e-13
 -2.087721916680851077e-14
 2.383042476341245420e-13
 -9.094353945008560121e-14
 -8.097968658277563123e-14
 -3.686018360393142650e-13
 -1.062493306924658978e-13
 -1.289938484111678117e-13
 -2.328113114732935130e-13
 -3.064653690803785903e-13
 -4.475950154258649832e-13
 -3.894380198764405348e-13
 -4.859148783928743284e-13
 -4.754332459558250095e-13
 -2.485329262738184347e-13
 -7.606846245834115579e-13
 -6.116750167121981791e-13
 -6.450239305698938165e-13
 -4.039398842467295783e-13
 -4.613422047883086402e-13
 -3.220794017995240352e-13
 -5.354500174546119530e-13
 -2.317142048385063374e-13
 -4.134739932033468449e-13
 -4.151396028885875090e-13
 -5.648021213744058733e-13
 -2.602821683203705662e-13
 -1.836848890306856572e-13
 -1.627334444008764839e-13
 -3.032592185401322179e-14
 8.391646001986851941e-14
 2.785202770133333932e-13
 7.837538542142640306e-14
 -7.086559327994518684e-14
 1.796389291675655064e-13
 -1.028446807137856536e-13
 6.966747737103300337e-14
 -1.184660145461866641e-13
 6.380408016303326561e-14
 -8.078000114582171198e-14
 -3.113970779491474632e-14
 -2.588449963418881460e-13
 -2.471711356494834142e-14
 -2.325706355313580059e-13
 -2.872104058375070078e-13
 -6.140712364223435395e-13
 -4.649203246045861475e-13
 -3.990666299859963920e-13
 -2.237614002860842803e-13
 -1.958703361967389755e-15
 1.123602712040923978e-13
 1.462774673242428956e-14
 -2.496570065906174231e-14
 -2.494712158342208979e-13
 -1.895347346609781409e-13
 -7.553153249407357039e-13
 -6.520646894575100254e-13
 -7.337078718186556860e-13
 -6.238691185782086045e-13
 -6.331725359205193885e-13
 -4.547787707463173096e-13
 -5.959961139921575516e-13
 -1.333568352179782263e-14
 1.381489708625449971e-14
 1.281926875116140454e-13
 -4.735222546143950228e-14
 2.362251323556280251e-13
 2.174529232820731655e-13
 2.072675142548325566e-13
 1.284678779732599607e-13
 1.594629681918923260e-13
 1.634590674219140281e-13
 2.390925123868180041e-13
 1.030930434741386439e-13
 1.638600895793712793e-13
 -1.909413351327629533e-13
 5.922417851311442852e-14
 4.110439183355508312e-14
 7.758512141605889996e-14
 1.143846036756829164e-13
 3.096265444630569899e-13
 1.964631008114442892e-13
 5.580241435578398935e-13
 3.933073938561554114e-13
 4.567947404063930122e-13
 2.518356511870735769e-13
 4.329596710346813494e-13
 3.764411740831135899e-13
 2.576682656079070479e-13
 6.656986376617587199e-14
 -1.241474551166258688e-13
 -1.913417606596029351e-13
 -2.265288185312794861e-13
 -3.733961504163577093e-13
 -2.467070267022236150e-13
 -3.937167861577977004e-13
 -2.776074684586555109e-14
 1.644436852766523174e-14
 -1.062222453610595858e-14
 -1.052570513068261792e-13
 -1.039276844366823025e-13
 -3.319618853725269168e-13
 -5.457427519848006212e-14
 -2.206147119662452511e-13
 -2.131602113998130246e-13
 -4.262725219347789978e-13
 -1.753652172249793290e-13
 -1.473773787681271204e-13
 -1.817513043441558806e-13
 -1.505796423023565282e-13
 7.728347275456979649e-14
 3.119280030547266783e-13
 5.557767635221242525e-13
 5.650582279160766183e-13
 8.601717401207686460e-13
 5.176883991567873849e-13
 6.202005328619476468e-13
 5.241723960338262292e-13
 4.774496068667514234e-13
 2.589554092053701816e-13
 2.718537069084915727e-13
 2.008566936845975989e-14
 2.869989116862381686e-13
 3.259887003406515597e-14
 5.499710351321836157e-14
 -9.349954084319592777e-14
 3.011644713205042880e-14
 1.441633982427626871e-13
 2.034356091377657761e-13
 2.575484235772502024e-13
 1.238591729856762858e-13
 4.483748236223376397e-14
 -5.235046934636604417e-15
 -4.592238182992532665e-14
 -1.754947702608305140e-13
 2.475225056730284249e-14
 -2.304366851088113691e-13
 -4.099826199425045293e-14
 -5.971088731241234763e-14
 -1.066951863670167264e-13
 -2.625317906026870926e-13
 -2.335617224136338230e-13
 -3.375894495077796879e-13
 2.845920393285157039e-14
 -1.317437608412214094e-13
 -1.177687965753914352e-13
 -3.816132085724296883e-13
 -1.650973731302371342e-13
 -1.175439151780526516e-13
 -7.750442173322464425e-14
 -1.057126118412509392e-13
 -1.408630792742539937e-13
 -1.361561995263517061e-13
 -1.238081356714844290e-13
 -1.874393371982640392e-13
 -1.869262207890759335e-14
 -4.094471893218082278e-13
 -2.789621939177722201e-13
 -2.448395233774781837e-13
 -2.504047333988847507e-13
 -2.468357274626564241e-13
 -1.251939293720873500e-13
 -2.073985269238557362e-13
 2.242672951717040464e-13
 1.296052047065509263e-13
 1.826964917344421760e-13
 1.549583729469151068e-14
 2.925007541833128655e-13
 2.779106057725592878e-13
 3.079794983127922027e-13
 3.392842604782376818e-13
 3.001695357947411743e-13
 2.854948138495286394e-13
 2.900681369230751271e-13
 3.380535627267753162e-13
 </DataArray>
 <DataArray Name="vel.z" type="Float32" NumberOfComponents="1" format="ascii">
 0.000000000000000000e+00
 0.000000000000000000e+00
 0.000000000000000000e+00
 0.000000000000000000e+00
 0.000000000000000000e+00
 0.000000000000000000e+00
 0.000000000000000000e+00
 0.000000000000000000e+00
 0.000000000000000000e+00
 0.000000000000000000e+00
 0.000000000000000000e+00
 0.000000000000000000e+00
 0.000000000000000000e+00
 0.000000000000000000e+00
 0.000000000000000000e+00
 0.000000000000000000e+00
 0.000000000000000000e+00
 0.000000000000000000e+00
 0.000000000000000000e+00
 0.000000000000000000e+00
 0.000000000000000000e+00
 0.000000000000000000e+00
 0.000000000000000000e+00
 0.000000000000000000e+00
 0.000000000000000000e+00
 0.000000000000000000e+00
 0.000000000000000000e+00
 0.000000000000000000e+00
 0.000000000000000000e+00
 0.000000000000000000e+00
 0.000000000000000000e+00
 0.000000000000000000e+00
 0.000000000000000000e+00
 0.000000000000000000e+00
 0.000000000000000000e+00
 0.000000000000000000e+00
 0.000000000000000000e+00
 0.000000000000000000e+00
 0.000000000000000000e+00
 0.000000000000000000e+00
 0.000000000000000000e+00
 0.000000000000000000e+00
 0.000000000000000000e+00
 0.000000000000000000e+00
 0.000000000000000000e+00
 0.000000000000000000e+00
 0.000000000000000000e+00
 0.000000000000000000e+00
 0.000000000000000000e+00
 0.000000000000000000e+00
 0.000000000000000000e+00
 0.000000000000000000e+00
 0.000000000000000000e+00
 0.000000000000000000e+00
 0.000000000000000000e+00
 0.000000000000000000e+00
 0.000000000000000000e+00
 0.000000000000000000e+00
 0.000000000000000000e+00
 0.000000000000000000e+00
 0.000000000000000000e+00
 0.000000000000000000e+00
 0.000000000000000000e+00
 0.000000000000000000e+00
 0.000000000000000000e+00
 0.000000000000000000e+00
 0.000000000000000000e+00
 0.000000000000000000e+00
 0.000000000000000000e+00
 0.000000000000000000e+00
 0.000000000000000000e+00
 0.000000000000000000e+00
 0.000000000000000000e+00
 0.000000000000000000e+00
 0.000000000000000000e+00
 0.000000000000000000e+00
 0.000000000000000000e+00
 0.000000000000000000e+00
 0.000000000000000000e+00
 0.000000000000000000e+00
 0.000000000000000000e+00
 0.000000000000000000e+00
 0.000000000000000000e+00
 0.000000000000000000e+00
 0.000000000000000000e+00
 0.000000000000000000e+00
 0.000000000000000000e+00
 0.000000000000000000e+00
 0.000000000000000000e+00
 0.000000000000000000e+00
 0.000000000000000000e+00
 0.000000000000000000e+00
 0.000000000000000000e+00
 0.000000000000000000e+00
 0.000000000000000000e+00
 0.000000000000000000e+00
 0.000000000000000000e+00
 0.000000000000000000e+00
 0.000000000000000000e+00
 0.000000000000000000e+00
 0.000000000000000000e+00
 0.000000000000000000e+00
 0.000000000000000000e+00
 0.000000000000000000e+00
 0.000000000000000000e+00
 0.000000000000000000e+00
 0.000000000000000000e+00
 0.000000000000000000e+00
 0.000000000000000000e+00
 0.000000000000000000e+00
 0.000000000000000000e+00
 0.000000000000000000e+00
 0.000000000000000000e+00
 0.000000000000000000e+00
 0.000000000000000000e+00
 0.000000000000000000e+00
 0.000000000000000000e+00
 0.000000000000000000e+00
 0.000000000000000000e+00
 0.000000000000000000e+00
 0.000000000000000000e+00
 0.000000000000000000e+00
 0.000000000000000000e+00
 0.000000000000000000e+00
 0.000000000000000000e+00
 0.000000000000000000e+00
 0.000000000000000000e+00
 0.000000000000000000e+00
 0.000000000000000000e+00
 0.000000000000000000e+00
 0.000000000000000000e+00
 0.000000000000000000e+00
 0.000000000000000000e+00
 0.000000000000000000e+00
 0.000000000000000000e+00
 0.000000000000000000e+00
 0.000000000000000000e+00
 0.000000000000000000e+00
 0.000000000000000000e+00
 0.000000000000000000e+00
 0.000000000000000000e+00
 0.000000000000000000e+00
 0.000000000000000000e+00
 0.000000000000000000e+00
 0.000000000000000000e+00
 0.000000000000000000e+00
 0.000000000000000000e+00
 0.000000000000000000e+00
 0.000000000000000000e+00
 0.000000000000000000e+00
 0.000000000000000000e+00
 0.000000000000000000e+00
 0.000000000000000000e+00
 0.000000000000000000e+00
 0.000000000000000000e+00
 0.000000000000000000e+00
 0.000000000000000000e+00
 0.000000000000000000e+00
 0.000000000000000000e+00
 0.000000000000000000e+00
 0.000000000000000000e+00
 0.000000000000000000e+00
 0.000000000000000000e+00
 0.000000000000000000e+00
 0.000000000000000000e+00
 0.000000000000000000e+00
 0.000000000000000000e+00
 0.000000000000000000e+00
 0.000000000000000000e+00
 0.000000000000000000e+00
 0.000000000000000000e+00
 0.000000000000000000e+00
 0.000000000000000000e+00
 0.000000000000000000e+00
 0.000000000000000000e+00
 0.000000000000000000e+00
 0.000000000000000000e+00
 0.000000000000000000e+00
 0.000000000000000000e+00
 0.000000000000000000e+00
 0.000000000000000000e+00
 0.000000000000000000e+00
 0.000000000000000000e+00
 0.000000000000000000e+00
 0.000000000000000000e+00
 0.000000000000000000e+00
 0.000000000000000000e+00
 0.000000000000000000e+00
 0.000000000000000000e+00
 0.000000000000000000e+00
 0.000000000000000000e+00
 0.000000000000000000e+00
 0.000000000000000000e+00
 0.000000000000000000e+00
 0.000000000000000000e+00
 0.000000000000000000e+00
 0.000000000000000000e+00
 0.000000000000000000e+00
 0.000000000000000000e+00
 0.000000000000000000e+00
 0.000000000000000000e+00
 0.000000000000000000e+00
 0.000000000000000000e+00
 0.000000000000000000e+00
 0.000000000000000000e+00
 0.000000000000000000e+00
 0.000000000000000000e+00
 0.000000000000000000e+00
 0.000000000000000000e+00
 0.000000000000000000e+00
 0.000000000000000000e+00
 0.000000000000000000e+00
 0.000000000000000000e+00
 0.000000000000000000e+00
 0.000000000000000000e+00
 0.000000000000000000e+00
 0.000000000000000000e+00
 0.000000000000000000e+00
 0.000000000000000000e+00
 0.000000000000000000e+00
 0.000000000000000000e+00
 0.000000000000000000e+00
 0.000000000000000000e+00
 0.000000000000000000e+00
 0.000000000000000000e+00
 0.000000000000000000e+00
 0.000000000000000000e+00
 0.000000000000000000e+00
 0.000000000000000000e+00
 0.000000000000000000e+00
 0.000000000000000000e+00
 0.000000000000000000e+00
 0.000000000000000000e+00
 0.000000000000000000e+00
 0.000000000000000000e+00
 0.000000000000000000e+00
 0.000000000000000000e+00
 0.000000000000000000e+00
 0.000000000000000000e+00
 0.000000000000000000e+00
 0.000000000000000000e+00
 0.000000000000000000e+00
 0.000000000000000000e+00
 0.000000000000000000e+00
 0.000000000000000000e+00
 0.000000000000000000e+00
 0.000000000000000000e+00
 0.000000000000000000e+00
 0.000000000000000000e+00
 0.000000000000000000e+00
 0.000000000000000000e+00
 0.000000000000000000e+00
 0.000000000000000000e+00
 0.000000000000000000e+00
 0.000000000000000000e+00
 0.000000000000000000e+00
 0.000000000000000000e+00
 0.000000000000000000e+00
 0.000000000000000000e+00
 0.000000000000000000e+00
 0.000000000000000000e+00
 0.000000000000000000e+00
 0.000000000000000000e+00
 0.000000000000000000e+00
 0.000000000000000000e+00
 0.000000000000000000e+00
 0.000000000000000000e+00
 0.000000000000000000e+00
 0.000000000000000000e+00
 0.000000000000000000e+00
 0.000000000000000000e+00
 0.000000000000000000e+00
 0.000000000000000000e+00
 0.000000000000000000e+00
 0.000000000000000000e+00
 0.000000000000000000e+00
 0.000000000000000000e+00
 0.000000000000000000e+00
 0.000000000000000000e+00
 0.000000000000000000e+00
 0.000000000000000000e+00
 0.000000000000000000e+00
 0.000000000000000000e+00
 0.000000000000000000e+00
 0.000000000000000000e+00
 0.000000000000000000e+00
 0.000000000000000000e+00
 0.000000000000000000e+00
 0.000000000000000000e+00
 0.000000000000000000e+00
 0.000000000000000000e+00
 0.000000000000000000e+00
 0.000000000000000000e+00
 0.000000000000000000e+00
 0.000000000000000000e+00
 0.000000000000000000e+00
 0.000000000000000000e+00
 0.000000000000000000e+00
 0.000000000000000000e+00
 0.000000000000000000e+00
 0.000000000000000000e+00
 0.000000000000000000e+00
 0.000000000000000000e+00
 0.000000000000000000e+00
 0.000000000000000000e+00
 0.000000000000000000e+00
 0.000000000000000000e+00
 0.000000000000000000e+00
 0.000000000000000000e+00
 0.000000000000000000e+00
 0.000000000000000000e+00
 0.000000000000000000e+00
 0.000000000000000000e+00
 0.000000000000000000e+00
 0.000000000000000000e+00
 0.000000000000000000e+00
 0.000000000000000000e+00
 0.000000000000000000e+00
 0.000000000000000000e+00
 0.000000000000000000e+00
 0.000000000000000000e+00
 0.000000000000000000e+00
 0.000000000000000000e+00
 0.000000000000000000e+00
 0.000000000000000000e+00
 0.000000000000000000e+00
 0.000000000000000000e+00
 0.000000000000000000e+00
 0.000000000000000000e+00
 0.000000000000000000e+00
 0.000000000000000000e+00
 0.000000000000000000e+00
 0.000000000000000000e+00
 0.000000000000000000e+00
 0.000000000000000000e+00
 0.000000000000000000e+00
 0.000000000000000000e+00
 0.000000000000000000e+00
 0.000000000000000000e+00
 0.000000000000000000e+00
 0.000000000000000000e+00
 0.000000000000000000e+00
 0.000000000000000000e+00
 0.000000000000000000e+00
 0.000000000000000000e+00
 0.000000000000000000e+00
 0.000000000000000000e+00
 0.000000000000000000e+00
 0.000000000000000000e+00
 0.000000000000000000e+00
 0.000000000000000000e+00
 0.000000000000000000e+00
 0.000000000000000000e+00
 0.000000000000000000e+00
 0.000000000000000000e+00
 0.000000000000000000e+00
 0.000000000000000000e+00
 0.000000000000000000e+00
 0.000000000000000000e+00
 0.000000000000000000e+00
 0.000000000000000000e+00
 0.000000000000000000e+00
 0.000000000000000000e+00
 0.000000000000000000e+00
 0.000000000000000000e+00
 0.000000000000000000e+00
 0.000000000000000000e+00
 0.000000000000000000e+00
 0.000000000000000000e+00
 0.000000000000000000e+00
 0.000000000000000000e+00
 0.000000000000000000e+00
 0.000000000000000000e+00
 0.000000000000000000e+00
 0.000000000000000000e+00
 0.000000000000000000e+00
 0.000000000000000000e+00
 0.000000000000000000e+00
 0.000000000000000000e+00
 0.000000000000000000e+00
 0.000000000000000000e+00
 0.000000000000000000e+00
 0.000000000000000000e+00
 0.000000000000000000e+00
 0.000000000000000000e+00
 0.000000000000000000e+00
 0.000000000000000000e+00
 0.000000000000000000e+00
 0.000000000000000000e+00
 0.000000000000000000e+00
 0.000000000000000000e+00
 0.000000000000000000e+00
 0.000000000000000000e+00
 0.000000000000000000e+00
 0.000000000000000000e+00
 0.000000000000000000e+00
 0.000000000000000000e+00
 0.000000000000000000e+00
 0.000000000000000000e+00
 0.000000000000000000e+00
 0.000000000000000000e+00
 0.000000000000000000e+00
 0.000000000000000000e+00
 0.000000000000000000e+00
 0.000000000000000000e+00
 0.000000000000000000e+00
 0.000000000000000000e+00
 0.000000000000000000e+00
 0.000000000000000000e+00
 0.000000000000000000e+00
 0.000000000000000000e+00
 0.000000000000000000e+00
 0.000000000000000000e+00
 0.000000000000000000e+00
 0.000000000000000000e+00
 0.000000000000000000e+00
 0.000000000000000000e+00
 0.000000000000000000e+00
 0.000000000000000000e+00
 0.000000000000000000e+00
 0.000000000000000000e+00
 0.000000000000000000e+00
 0.000000000000000000e+00
 0.000000000000000000e+00
 0.000000000000000000e+00
 0.000000000000000000e+00
 0.000000000000000000e+00
 0.000000000000000000e+00
 0.000000000000000000e+00
 0.000000000000000000e+00
 0.000000000000000000e+00
 0.000000000000000000e+00
 0.000000000000000000e+00
 0.000000000000000000e+00
 0.000000000000000000e+00
 0.000000000000000000e+00
 0.000000000000000000e+00
 0.000000000000000000e+00
 0.000000000000000000e+00
 0.000000000000000000e+00
 0.000000000000000000e+00
 0.000000000000000000e+00
 0.000000000000000000e+00
 0.000000000000000000e+00
 0.000000000000000000e+00
 0.000000000000000000e+00
 0.000000000000000000e+00
 0.000000000000000000e+00
 0.000000000000000000e+00
 0.000000000000000000e+00
 0.000000000000000000e+00
 0.000000000000000000e+00
 0.000000000000000000e+00
 0.000000000000000000e+00
 0.000000000000000000e+00
 0.000000000000000000e+00
 0.000000000000000000e+00
 0.000000000000000000e+00
 0.000000000000000000e+00
 0.000000000000000000e+00
 0.000000000000000000e+00
 0.000000000000000000e+00
 0.000000000000000000e+00
 0.000000000000000000e+00
 0.000000000000000000e+00
 0.000000000000000000e+00
 0.000000000000000000e+00
 0.000000000000000000e+00
 0.000000000000000000e+00
 0.000000000000000000e+00
 0.000000000000000000e+00
 0.000000000000000000e+00
 0.000000000000000000e+00
 0.000000000000000000e+00
 0.000000000000000000e+00
 0.000000000000000000e+00
 0.000000000000000000e+00
 0.000000000000000000e+00
 0.000000000000000000e+00
 0.000000000000000000e+00
 0.000000000000000000e+00
 0.000000000000000000e+00
 0.000000000000000000e+00
 0.000000000000000000e+00
 0.000000000000000000e+00
 0.000000000000000000e+00
 0.000000000000000000e+00
 0.000000000000000000e+00
 0.000000000000000000e+00
 0.000000000000000000e+00
 0.000000000000000000e+00
 0.000000000000000000e+00
 0.000000000000000000e+00
 0.000000000000000000e+00
 0.000000000000000000e+00
 0.000000000000000000e+00
 0.000000000000000000e+00
 0.000000000000000000e+00
 0.000000000000000000e+00
 0.000000000000000000e+00
 </DataArray>
 <DataArray Name="p" type="Float32" NumberOfComponents="1" format="ascii">
 1.345711437091141415e+05
 1.342203235973675910e+05
 1.338702366673933284e+05
 1.335208817534128611e+05
 1.331722576912096119e+05
 1.328243633181241748e+05
 1.324771974730477377e+05
 1.321307589964157087e+05
 1.317850467302042816e+05
 1.314400595179245283e+05
 1.310957962046180619e+05
 1.307522556368548539e+05
 1.304094366627279087e+05
 1.300673381318509200e+05
 1.297259588953545172e+05
 1.293852978058855515e+05
 1.290453537176035461e+05
 1.287061254861789203e+05
 1.283676119687901955e+05
 1.280298120241251891e+05
 1.276927245123767207e+05
 1.273563482952432678e+05
 1.270206822359272192e+05
 1.266857251991343655e+05
 1.263514760510719498e+05
 1.260179336594495689e+05
 1.256850968934769480e+05
 1.253529646238633140e+05
 1.250215357228168432e+05
 1.246908090640440059e+05
 1.243607835227478499e+05
 1.240314579756273015e+05
 1.237028313008757104e+05
 1.233749023781795113e+05
 1.230476700887166953e+05
 1.227211333151550207e+05
 1.223952909416494949e+05
 1.220701418538408761e+05
 1.217456849388525152e+05
 1.214219190852881875e+05
 1.210988431832281058e+05
 1.207764561242262280e+05
 1.204547568013061682e+05
 1.201337441089569766e+05
 1.198134169431305490e+05
 1.194937742012341914e+05
 1.191748147821274324e+05
 1.188565375861164794e+05
 1.185389415149478300e+05
 1.182220254718033102e+05
 1.179057883612926380e+05
 1.175902290894476901e+05
 1.172753465637155168e+05
 1.169611396929498878e+05
 1.166476073874052090e+05
 1.163347485587278352e+05
 1.160225621199479065e+05
 1.157110469854721014e+05
 1.154002020710730576e+05
 1.150900262938822852e+05
 1.147805185723797040e+05
 1.144716778263850429e+05
 1.141635029770490073e+05
 1.138559929468417831e+05
 1.135491466595459206e+05
 1.132429630402442999e+05
 1.129374410153104982e+05
 1.126325795123992866e+05
 1.123283774604357895e+05
 1.120248337896061421e+05
 1.117219474313457758e+05
 1.114197173183305858e+05
 1.111181423844657693e+05
 1.108172215648754936e+05
 1.105169537958920992e+05
 1.102173380150463781e+05
 1.099183731610573304e+05
 1.096200581738214969e+05
 1.093223919944026566e+05
 1.090253735650217277e+05
 1.087290018290460139e+05
 1.084332757309799053e+05
 1.081381942164544453e+05
 1.078437562322177837e+05
 1.075499607261242927e+05
 1.072568066471253114e+05
 1.069642929452593962e+05
 1.066724185716424254e+05
 1.063811824784579803e+05
 1.060905836189476977e+05
 1.058006209474018833e+05
 1.055112934191501408e+05
 1.052225999905514909e+05
 1.049345396189856256e+05
 1.046471112628440169e+05
 1.043603138815200218e+05
 1.040741464354004565e+05
 1.037886078858563415e+05
 1.035036971952343010e+05
 1.032194133268476289e+05
 1.029357552449683571e+05
 1.026527219148176810e+05
 1.023703123025587411e+05
 1.020885253752881399e+05
 1.018073601010276034e+05
 1.015268154487167049e+05
 1.012468903882050508e+05
 1.009675838902449177e+05
 1.006888949264847033e+05
 1.004108224694615783e+05
 1.001333654925943119e+05
 9.985652297017863020e+04
 9.958029387738034711e+04
 9.930467719023006794e+04
 9.902967188561757212e+04
 9.875527694128807343e+04
 9.848149133583703951e+04
 9.820831404870704864e+04
 9.793574406018400623e+04
 9.766378035139394342e+04
 9.739242190430115443e+04
 9.712166770170677046e+04
 9.685151672724689706e+04
 9.658196796539216302e+04
 9.631302040144747298e+04
 9.604467302155282232e+04
 9.577692481268447591e+04
 9.550977476265675796e+04
 9.524322186012408929e+04
 9.497726509458426153e+04
 9.471190345638172585e+04
 9.444713593671303533e+04
 9.418296152763029386e+04
 9.391937922204881033e+04
 9.365638801375064941e+04
 9.339398689739398833e+04
 9.313217486851901049e+04
 9.287095092355745146e+04
 9.261031405983990408e+04
 9.235026327560548089e+04
 9.209079757001262624e+04
 9.183191594314837130e+04
 9.157361739603962633e+04
 9.131590093066499685e+04
 9.105876554996614868e+04
 9.080221025786081736e+04
 9.054623405925468251e+04
 9.029083596005558502e+04
 9.003601496718681301e+04
 8.978177008860083879e+04
 8.952810033329381258e+04
 8.927500471131959057e+04
 8.902248223380577110e+04
 8.877053191296731529e+04
 8.851915276212268509e+04
 8.826834379570888996e+04
 8.801810402929692646e+04
 8.776843247960833833e+04
 8.751932816452896805e+04
 8.727079010312700120e+04
 8.702281731566673261e+04
 8.677540882362474804e+04
 8.652856364970658615e+04
 8.628228081786091207e+04
 8.603655935329510248e+04
 8.579139828249101993e+04
 8.554679663321918633e+04
 8.530275343455385882e+04
 8.505926771688809094e+04
 8.481633851194691670e+04
 8.457396485280206252e+04
 8.433214577388513135e+04
 8.409088031100087392e+04
 8.385016750134030008e+04
 8.361000638349335350e+04
 8.337039599746004387e+04
 8.313133538466363098e+04
 8.289282358796018525e+04
 8.265485965165132075e+04
 8.241744262149337737e+04
 8.218057154470773821e+04
 8.194424546999079757e+04
 8.170846344752256118e+04
 8.147322452897588664e+04
 8.123852776752495265e+04
 8.100437221785254951e+04
 8.077075693615755881e+04
 8.053768098016318982e+04
 8.030514340912288753e+04
 8.007314328382667736e+04
 7.984167966660734965e+04
 7.961075162134612037e+04
 7.938035821347786987e+04
 7.915049850999595947e+04
 7.892117157945694635e+04
 7.869237649198506551e+04
 7.846411231927572226e+04
 7.823637813459969766e+04
 7.800917301280588435e+04
 7.778249603032461891e+04
 7.755634626517056313e+04
 7.733072279694494500e+04
 7.710562470683784341e+04
 7.688105107762920670e+04
 7.665700099369173404e+04
 7.643347354099110817e+04
 7.621046780708797451e+04
 7.598798288113674789e+04
 7.576601785388780991e+04
 7.554457181768692681e+04
 7.532364386647440551e+04
 7.510323309578532644e+04
 7.488333860274810286e+04
 7.466395948608328763e+04
 7.444509484610172512e+04
 7.422674378470236843e+04
 7.400890540537028573e+04
 7.379157881317326974e+04
 7.357476311475783587e+04
 7.335845741834613727e+04
 7.314266083373078436e+04
 7.292737247227020271e+04
 7.271259144688266679e+04
 7.249831687203978072e+04
 7.228454786376065749e+04
 7.207128353960326058e+04
 7.185852301865712798e+04
 7.164626542153474293e+04
 7.143450987036219158e+04
 7.122325548877009714e+04
 7.101250140188301157e+04
 7.080224673630952020e+04
 7.059249062013169168e+04
 7.038323218289416400e+04
 7.017447055559331784e+04
 6.996620487066659553e+04
 6.975843426198145607e+04
 6.955115786482534895e+04
 6.934437481589497474e+04
 6.913808425328665180e+04
 6.893228531648775970e+04
 6.872697714636714954e+04
 6.852215888516795530e+04
 6.831782967649960483e+04
 6.811398866533234832e+04
 6.791063499798983685e+04
 6.770776782214586274e+04
 6.750538628681947012e+04
 6.730348954237096768e+04
 6.710207674050041533e+04
 1.345711437091139960e+05
 1.342203235973673291e+05
 1.338702366673931829e+05
 1.335208817534123373e+05
 1.331722576912092336e+05
 1.328243633181239129e+05
 1.324771974730477086e+05
 1.321307589964158251e+05
 1.317850467302043980e+05
 1.314400595179251395e+05
 1.310957962046183820e+05
 1.307522556368552760e+05
 1.304094366627277777e+05
 1.300673381318504835e+05
 1.297259588953542843e+05
 1.293852978058857698e+05
 1.290453537176035607e+05
 1.287061254861789639e+05
 1.283676119687906612e+05
 1.280298120241257129e+05
 1.276927245123768516e+05
 1.273563482952432241e+05
 1.270206822359269718e+05
 1.266857251991342491e+05
 1.263514760510720953e+05
 1.260179336594493507e+05
 1.256850968934765988e+05
 1.253529646238629502e+05
 1.250215357228164066e+05
 1.246908090640440205e+05
 1.243607835227476462e+05
 1.240314579756273015e+05
 1.237028313008754776e+05
 1.233749023781795258e+05
 1.230476700887166953e+05
 1.227211333151552099e+05
 1.223952909416493785e+05
 1.220701418538409926e+05
 1.217456849388526171e+05
 1.214219190852886386e+05
 1.210988431832281640e+05
 1.207764561242260097e+05
 1.204547568013059354e+05
 1.201337441089570348e+05
 1.198134169431306218e+05
 1.194937742012340168e+05
 1.191748147821272578e+05
 1.188565375861164794e+05
 1.185389415149476408e+05
 1.182220254718033248e+05
 1.179057883612924634e+05
 1.175902290894477483e+05
 1.172753465637152549e+05
 1.169611396929497569e+05
 1.166476073874049907e+05
 1.163347485587276315e+05
 1.160225621199477609e+05
 1.157110469854722469e+05
 1.154002020710733632e+05
 1.150900262938825617e+05
 1.147805185723796312e+05
 1.144716778263851447e+05
 1.141635029770490655e+05
 1.138559929468421760e+05
 1.135491466595462116e+05
 1.132429630402444891e+05
 1.129374410153106874e+05
 1.126325795123992139e+05
 1.123283774604357459e+05
 1.120248337896062585e+05
 1.117219474313456158e+05
 1.114197173183308623e+05
 1.111181423844659294e+05
 1.108172215648755810e+05
 1.105169537958919391e+05
 1.102173380150460434e+05
 1.099183731610574323e+05
 1.096200581738213368e+05
 1.093223919944025838e+05
 1.090253735650215094e+05
 1.087290018290459702e+05
 1.084332757309798471e+05
 1.081381942164546635e+05
 1.078437562322183221e+05
 1.075499607261246711e+05
 1.072568066471257480e+05
 1.069642929452596436e+05
 1.066724185716426000e+05
 1.063811824784581695e+05
 1.060905836189479305e+05
 1.058006209474026109e+05
 1.055112934191502864e+05
 1.052225999905514327e+05
 1.049345396189853491e+05
 1.046471112628437404e+05
 1.043603138815197744e+05
 1.040741464354004129e+05
 1.037886078858561668e+05
 1.035036971952340828e+05
 1.032194133268475125e+05
 1.029357552449682262e+05
 1.026527219148175936e+05
 1.023703123025587847e+05
 1.020885253752879653e+05
 1.018073601010272396e+05
 1.015268154487162828e+05
 1.012468903882048326e+05
 1.009675838902452087e+05
 1.006888949264850526e+05
 1.004108224694614619e+05
 1.001333654925946175e+05
 9.985652297017899400e+04
 9.958029387738079822e+04
 9.930467719023006794e+04
 9.902967188561761577e+04
 9.875527694128808798e+04
 9.848149133583733055e+04
 9.820831404870722326e+04
 9.793574406018402078e+04
 9.766378035139382700e+04
 9.739242190430125629e+04
 9.712166770170672680e+04
 9.685151672724669334e+04
 9.658196796539193019e+04
 9.631302040144722559e+04
 9.604467302155276411e+04
 9.577692481268482516e+04
 9.550977476265710720e+04
 9.524322186012455495e+04
 9.497726509458458168e+04
 9.471190345638233703e+04
 9.444713593671318085e+04
 9.418296152763046848e+04
 9.391937922204865026e+04
 9.365638801375063485e+04
 9.339398689739379915e+04
 9.313217486851893773e+04
 9.287095092355679662e+04
 9.261031405983908917e+04
 9.235026327560508798e+04
 9.209079757001249527e+04
 9.183191594314818212e+04
 9.157361739603962633e+04
 9.131590093066505506e+04
 9.105876554996625055e+04
 9.080221025786075916e+04
 9.054623405925452244e+04
 9.029083596005552681e+04
 9.003601496718685667e+04
 8.978177008860083879e+04
 8.952810033329369617e+04
 8.927500471131940139e+04
 8.902248223380566924e+04
 8.877053191296715522e+04
 8.851915276212259778e+04
 8.826834379570858437e+04
 8.801810402929689735e+04
 8.776843247960807639e+04
 8.751932816452890984e+04
 8.727079010312684113e+04
 8.702281731566665985e+04
 8.677540882362464617e+04
 8.652856364970665891e+04
 8.628228081786114490e+04
 8.603655935329543718e+04
 8.579139828249128186e+04
 8.554679663321933185e+04
 8.530275343455410621e+04
 8.505926771688828012e+04
 8.481633851194685849e+04
 8.457396485280191700e+04
 8.433214577388491307e+04
 8.409088031100075750e+04
 8.385016750134024187e+04
 8.361000638349317887e+04
 8.337039599746001477e+04
 8.313133538466366008e+04
 8.289282358796009794e+04
 8.265485965165137895e+04
 8.241744262149340648e+04
 8.218057154470791284e+04
 8.194424546999076847e+04
 8.170846344752253208e+04
 8.147322452897587209e+04
 8.123852776752476348e+04
 8.100437221785215661e+04
 8.077075693615728233e+04
 8.053768098016302974e+04
 8.030514340912274201e+04
 8.007314328382647363e+04
 7.984167966660755337e+04
 7.961075162134623679e+04
 7.938035821347804449e+04
 7.915049850999607588e+04
 7.892117157945719373e+04
 7.869237649198522558e+04
 7.846411231927595509e+04
 7.823637813459958124e+04
 7.800917301280582615e+04
 7.778249603032450250e+04
 7.755634626517056313e+04
 7.733072279694493045e+04
 7.710562470683761057e+04
 7.688105107762898842e+04
 7.665700099369166128e+04
 7.643347354099137010e+04
 7.621046780708812003e+04
 7.598798288113682065e+04
 7.576601785388808639e+04
 7.554457181768718874e+04
 7.532364386647452193e+04
 7.510323309578570479e+04
 7.488333860274830658e+04
 7.466395948608349136e+04
 7.444509484610198706e+04
 7.422674378470265947e+04
 7.400890540537035849e+04
 7.379157881317321153e+04
 7.357476311475764669e+04
 7.335845741834603541e+04
 7.314266083373060974e+04
 7.292737247227027547e+04
 7.271259144688246306e+04
 7.249831687203975162e+04
 7.228454786376064294e+04
 7.207128353960327513e+04
 7.185852301865711343e+04
 7.164626542153472838e+04
 7.143450987036222068e+04
 7.122325548877000983e+04
 7.101250140188286605e+04
 7.080224673630960751e+04
 7.059249062013167713e+04
 7.038323218289410579e+04
 7.017447055559334694e+04
 6.996620487066658097e+04
 6.975843426198145607e+04
 6.955115786482537806e+04
 6.934437481589477102e+04
 6.913808425328656449e+04
 6.893228531648768694e+04
 6.872697714636723686e+04
 6.852215888516792620e+04
 6.831782967649972124e+04
 6.811398866533223190e+04
 6.791063499798966222e+04
 6.770776782214583363e+04
 6.750538628681935370e+04
 6.730348954237093858e+04
 6.710207674050035712e+04
 </DataArray>
 <DataArray Name="a" type="Float32" NumberOfComponents="1" format="ascii">
 1.165168936011298001e+03
 1.164560794295364303e+03
 1.163952654569316337e+03
 1.163344516811574522e+03
 1.162736381000975143e+03
 1.162128247116770581e+03
 1.161520115138622032e+03
 1.160911985046596101e+03
 1.160303856821162981e+03
 1.159695730443195089e+03
 1.159087605893961381e+03
 1.158479483155134176e+03
 1.157871362208782102e+03
 1.157263243037374195e+03
 1.156655125623777622e+03
 1.156047009951263135e+03
 1.155438896003505761e+03
 1.154830783764586158e+03
 1.154222673218991531e+03
 1.153614564351624495e+03
 1.153006457147801484e+03
 1.152398351593258894e+03
 1.151790247674157399e+03
 1.151182145377086954e+03
 1.150574044689067932e+03
 1.149965945597560221e+03
 1.149357848090464358e+03
 1.148749752156128352e+03
 1.148141657783349729e+03
 1.147533564961384627e+03
 1.146925473679948482e+03
 1.146317383929221023e+03
 1.145709295699851054e+03
 1.145101208982959406e+03
 1.144493123770143256e+03
 1.143885040053479770e+03
 1.143276957825526324e+03
 1.142668877079326649e+03
 1.142060797808409234e+03
 1.141452720006792561e+03
 1.140844643668981007e+03
 1.140236568789970079e+03
 1.139628495365241861e+03
 1.139020423390766609e+03
 1.138412352863002752e+03
 1.137804283778890749e+03
 1.137196216135851955e+03
 1.136588149931787029e+03
 1.135980085165067749e+03
 1.135372021834536326e+03
 1.134763959939494043e+03
 1.134155899479700793e+03
 1.133547840455365531e+03
 1.132939782867135136e+03
 1.132331726716090998e+03
 1.131723672003735828e+03
 1.131115618731985023e+03
 1.130507566903158249e+03
 1.129899516519962845e+03
 1.129291467585486316e+03
 1.128683420103181106e+03
 1.128075374076852313e+03
 1.127467329510645641e+03
 1.126859286409028300e+03
 1.126251244776781505e+03
 1.125643204618979325e+03
 1.125035165940973911e+03
 1.124427128748382074e+03
 1.123819093047063234e+03
 1.123211058843110777e+03
 1.122603026142827048e+03
 1.121994994952709931e+03
 1.121386965279435344e+03
 1.120778937129836322e+03
 1.120170910510886642e+03
 1.119562885429681046e+03
 1.118954861893419547e+03
 1.118346839909385380e+03
 1.117738819484926125e+03
 1.117130800627437338e+03
 1.116522783344338677e+03
 1.115914767643058440e+03
 1.115306753531011964e+03
 1.114698741015584801e+03
 1.114090730104107934e+03
 1.113482720803841630e+03
 1.112874713121954755e+03
 1.112266707065504761e+03
 1.111658702641416539e+03
 1.111050699856463098e+03
 1.110442698717244411e+03
 1.109834699230168326e+03
 1.109226701401427135e+03
 1.108618705236979849e+03
 1.108010710742530136e+03
 1.107402717923505861e+03
 1.106794726785037028e+03
 1.106186737331936229e+03
 1.105578749568676358e+03
 1.104970763499369241e+03
 1.104362779127748126e+03
 1.103754796457141310e+03
 1.103146815490453719e+03
 1.102538836230147126e+03
 1.101930858678216509e+03
 1.101322882836171857e+03
 1.100714908705015660e+03
 1.100106936285224492e+03
 1.099498965576727869e+03
 1.098890996578890736e+03
 1.098283029290489594e+03
 1.097675063709699543e+03
 1.097067099834071314e+03
 1.096459137660517172e+03
 1.095851177185290453e+03
 1.095243218403973287e+03
 1.094635261311456134e+03
 1.094027305901929140e+03
 1.093419352168863270e+03
 1.092811400104999393e+03
 1.092203449702335774e+03
 1.091595500952119892e+03
 1.090987553844836384e+03
 1.090379608370199549e+03
 1.089771664517146519e+03
 1.089163722273831354e+03
 1.088555781627621400e+03
 1.087947842565094561e+03
 1.087339905072036572e+03
 1.086731969133443954e+03
 1.086124034733519693e+03
 1.085516101855685520e+03
 1.084908170482576224e+03
 1.084300240596057847e+03
 1.083692312177224721e+03
 1.083084385206416300e+03
 1.082476459663224205e+03
 1.081868535526509731e+03
 1.081260612774413175e+03
 1.080652691384372474e+03
 1.080044771333142535e+03
 1.079436852596810695e+03
 1.078828935150819916e+03
 1.078221018969991292e+03
 1.077613104028545195e+03
 1.077005190300131062e+03
 1.076397277757847633e+03
 1.075789366374276369e+03
 1.075181456121509655e+03
 1.074573546971178303e+03
 1.073965638894486801e+03
 1.073357731862242872e+03
 1.072749825844894076e+03
 1.072141920812561239e+03
 1.071534016735074147e+03
 1.070926113582010657e+03
 1.070318211322730122e+03
 1.069710309926417040e+03
 1.069102409362112894e+03
 1.068494509598764353e+03
 1.067886610605255783e+03
 1.067278712350452224e+03
 1.066670814803245094e+03
 1.066062917932586060e+03
 1.065455021707533206e+03
 1.064847126097291266e+03
 1.064239231071252107e+03
 1.063631336599038150e+03
 1.063023442650543984e+03
 1.062415549195975018e+03
 1.061807656205892044e+03
 1.061199763651251487e+03
 1.060591871503443599e+03
 1.059983979734334980e+03
 1.059376088316309733e+03
 1.058768197222303343e+03
 1.058160306425849740e+03
 1.057552415901111090e+03
 1.056944525622922356e+03
 1.056336635566824953e+03
 1.055728745709102895e+03
 1.055120856026821002e+03
 1.054512966497858542e+03
 1.053905077100944254e+03
 1.053297187815692723e+03
 1.052689298622633942e+03
 1.052081409503246505e+03
 1.051473520439993308e+03
 1.050865631416349743e+03
 1.050257742416835299e+03
 1.049649853427044718e+03
 1.049041964433676640e+03
 1.048434075424564526e+03
 1.047826186388701672e+03
 1.047218297316272128e+03
 1.046610408198677987e+03
 1.046002519028564166e+03
 1.045394629799847053e+03
 1.044786740507738614e+03
 1.044178851148771855e+03
 1.043570961720826517e+03
 1.042963072223152722e+03
 1.042355182656393481e+03
 1.041747293022607664e+03
 1.041139403325293642e+03
 1.040531513569409753e+03
 1.039923623761399767e+03
 1.039315733909205846e+03
 1.038707844022294466e+03
 1.038099954111675061e+03
 1.037492064189915709e+03
 1.036884174271164284e+03
 1.036276284371163911e+03
 1.035668394507268204e+03
 1.035060504698458999e+03
 1.034452614965357270e+03
 1.033844725330240408e+03
 1.033236835817052224e+03
 1.032628946451411593e+03
 1.032021057260623593e+03
 1.031413168273687006e+03
 1.030805279521300918e+03
 1.030197391035869714e+03
 1.029589502851501493e+03
 1.028981615004017385e+03
 1.028373727530942915e+03
 1.027765840471508682e+03
 1.027157953866648313e+03
 1.026550067758987552e+03
 1.025942182192842438e+03
 1.025334297214205435e+03
 1.024726412870738841e+03
 1.024118529211762961e+03
 1.023510646288244402e+03
 1.022902764152782652e+03
 1.022294882859598829e+03
 1.021687002464521697e+03
 1.021079123024978230e+03
 1.020471244599978377e+03
 1.019863367250105739e+03
 1.019255491037512684e+03
 1.018647616025906473e+03
 1.018039742280548694e+03
 1.017431869868247986e+03
 1.016823998857362085e+03
 1.016216129317791683e+03
 1.015608261320989982e+03
 1.015000394939965872e+03
 1.014392530249286892e+03
 1.013784667325096621e+03
 1.165168936011297774e+03
 1.164560794295363849e+03
 1.163952654569316110e+03
 1.163344516811573385e+03
 1.162736381000974006e+03
 1.162128247116769671e+03
 1.161520115138621804e+03
 1.160911985046596556e+03
 1.160303856821163208e+03
 1.159695730443195771e+03
 1.159087605893961609e+03
 1.158479483155134176e+03
 1.157871362208780965e+03
 1.157263243037372149e+03
 1.156655125623775803e+03
 1.156047009951262680e+03
 1.155438896003505306e+03
 1.154830783764585703e+03
 1.154222673218991531e+03
 1.153614564351624495e+03
 1.153006457147800347e+03
 1.152398351593257303e+03
 1.151790247674156262e+03
 1.151182145377086499e+03
 1.150574044689068387e+03
 1.149965945597560221e+03
 1.149357848090464131e+03
 1.148749752156127443e+03
 1.148141657783348592e+03
 1.147533564961384400e+03
 1.146925473679948027e+03
 1.146317383929221023e+03
 1.145709295699850372e+03
 1.145101208982958951e+03
 1.144493123770142574e+03
 1.143885040053479088e+03
 1.143276957825525642e+03
 1.142668877079326421e+03
 1.142060797808409461e+03
 1.141452720006793243e+03
 1.140844643668981007e+03
 1.140236568789968942e+03
 1.139628495365240724e+03
 1.139020423390765700e+03
 1.138412352863001843e+03
 1.137804283778889157e+03
 1.137196216135850364e+03
 1.136588149931786120e+03
 1.135980085165067067e+03
 1.135372021834535872e+03
 1.134763959939493361e+03
 1.134155899479700793e+03
 1.133547840455364621e+03
 1.132939782867134454e+03
 1.132331726716090316e+03
 1.131723672003735146e+03
 1.131115618731984796e+03
 1.130507566903158477e+03
 1.129899516519963754e+03
 1.129291467585486771e+03
 1.128683420103180879e+03
 1.128075374076852313e+03
 1.127467329510645186e+03
 1.126859286409028527e+03
 1.126251244776781505e+03
 1.125643204618979553e+03
 1.125035165940974366e+03
 1.124427128748381392e+03
 1.123819093047063006e+03
 1.123211058843111459e+03
 1.122603026142826593e+03
 1.121994994952710840e+03
 1.121386965279435799e+03
 1.120778937129836777e+03
 1.120170910510886415e+03
 1.119562885429680591e+03
 1.118954861893420002e+03
 1.118346839909384926e+03
 1.117738819484925898e+03
 1.117130800627436201e+03
 1.116522783344338222e+03
 1.115914767643058212e+03
 1.115306753531012646e+03
 1.114698741015586165e+03
 1.114090730104108388e+03
 1.113482720803842312e+03
 1.112874713121955438e+03
 1.112266707065505670e+03
 1.111658702641417676e+03
 1.111050699856464234e+03
 1.110442698717246458e+03
 1.109834699230168781e+03
 1.109226701401427135e+03
 1.108618705236979395e+03
 1.108010710742529454e+03
 1.107402717923504952e+03
 1.106794726785036346e+03
 1.106186737331935547e+03
 1.105578749568675221e+03
 1.104970763499369014e+03
 1.104362779127748581e+03
 1.103754796457141993e+03
 1.103146815490454628e+03
 1.102538836230147353e+03
 1.101930858678216282e+03
 1.101322882836170947e+03
 1.100714908705014977e+03
 1.100106936285224947e+03
 1.099498965576729233e+03
 1.098890996578890963e+03
 1.098283029290491186e+03
 1.097675063709700908e+03
 1.097067099834072906e+03
 1.096459137660517172e+03
 1.095851177185290226e+03
 1.095243218403972605e+03
 1.094635261311456361e+03
 1.094027305901929367e+03
 1.093419352168863043e+03
 1.092811400104998484e+03
 1.092203449702335547e+03
 1.091595500952119892e+03
 1.090987553844836384e+03
 1.090379608370200003e+03
 1.089771664517146974e+03
 1.089163722273831581e+03
 1.088555781627622309e+03
 1.087947842565095698e+03
 1.087339905072038391e+03
 1.086731969133444636e+03
 1.086124034733521057e+03
 1.085516101855685065e+03
 1.084908170482576224e+03
 1.084300240596057165e+03
 1.083692312177224267e+03
 1.083084385206415618e+03
 1.082476459663224205e+03
 1.081868535526508595e+03
 1.081260612774411584e+03
 1.080652691384371792e+03
 1.080044771333142535e+03
 1.079436852596810695e+03
 1.078828935150820371e+03
 1.078221018969991746e+03
 1.077613104028545649e+03
 1.077005190300131062e+03
 1.076397277757846950e+03
 1.075789366374276142e+03
 1.075181456121509200e+03
 1.074573546971178075e+03
 1.073965638894486347e+03
 1.073357731862242417e+03
 1.072749825844894303e+03
 1.072141920812561466e+03
 1.071534016735074829e+03
 1.070926113582010430e+03
 1.070318211322730576e+03
 1.069710309926416812e+03
 1.069102409362113121e+03
 1.068494509598763898e+03
 1.067886610605254418e+03
 1.067278712350451087e+03
 1.066670814803243957e+03
 1.066062917932585606e+03
 1.065455021707533206e+03
 1.064847126097291721e+03
 1.064239231071253471e+03
 1.063631336599040196e+03
 1.063023442650545121e+03
 1.062415549195975473e+03
 1.061807656205892044e+03
 1.061199763651251033e+03
 1.060591871503442917e+03
 1.059983979734333843e+03
 1.059376088316307687e+03
 1.058768197222301978e+03
 1.058160306425848830e+03
 1.057552415901109953e+03
 1.056944525622921901e+03
 1.056336635566824270e+03
 1.055728745709102441e+03
 1.055120856026820093e+03
 1.054512966497857633e+03
 1.053905077100944027e+03
 1.053297187815692723e+03
 1.052689298622633487e+03
 1.052081409503246505e+03
 1.051473520439993536e+03
 1.050865631416349970e+03
 1.050257742416835072e+03
 1.049649853427045628e+03
 1.049041964433677776e+03
 1.048434075424565663e+03
 1.047826186388702581e+03
 1.047218297316273265e+03
 1.046610408198678897e+03
 1.046002519028565303e+03
 1.045394629799847053e+03
 1.044786740507738614e+03
 1.044178851148771855e+03
 1.043570961720826745e+03
 1.042963072223152949e+03
 1.042355182656393254e+03
 1.041747293022606982e+03
 1.041139403325293188e+03
 1.040531513569410208e+03
 1.039923623761399995e+03
 1.039315733909205619e+03
 1.038707844022295149e+03
 1.038099954111675743e+03
 1.037492064189915482e+03
 1.036884174271164511e+03
 1.036276284371162774e+03
 1.035668394507267294e+03
 1.035060504698458544e+03
 1.034452614965357270e+03
 1.033844725330240180e+03
 1.033236835817051997e+03
 1.032628946451410911e+03
 1.032021057260623138e+03
 1.031413168273685869e+03
 1.030805279521300918e+03
 1.030197391035868122e+03
 1.029589502851500811e+03
 1.028981615004017385e+03
 1.028373727530942915e+03
 1.027765840471508682e+03
 1.027157953866647858e+03
 1.026550067758986870e+03
 1.025942182192840846e+03
 1.025334297214203616e+03
 1.024726412870738386e+03
 1.024118529211763189e+03
 1.023510646288244970e+03
 1.022902764152784243e+03
 1.022294882859600534e+03
 1.021687002464524198e+03
 1.021079123024980618e+03
 1.020471244599979514e+03
 1.019863367250106648e+03
 1.019255491037513139e+03
 1.018647616025907269e+03
 1.018039742280548921e+03
 1.017431869868248782e+03
 1.016823998857361516e+03
 1.016216129317790433e+03
 1.015608261320989186e+03
 1.015000394939964281e+03
 1.014392530249285755e+03
 1.013784667325095256e+03
 </DataArray>
 <DataArray Name="mu" type="Float32" NumberOfComponents="1" format="ascii">
 1.813928062146993983e-05
 1.813928062146993983e-05
 1.813928062146993983e-05
 1.813928062146993983e-05
 1.813928062146993983e-05
 1.813928062146993983e-05
 1.813928062146993983e-05
 1.813928062146993983e-05
 1.813928062146993983e-05
 1.813928062146993983e-05
 1.813928062146993983e-05
 1.813928062146993983e-05
 1.813928062146993983e-05
 1.813928062146993983e-05
 1.813928062146993983e-05
 1.813928062146993983e-05
 1.813928062146993983e-05
 1.813928062146993983e-05
 1.813928062146993983e-05
 1.813928062146993983e-05
 1.813928062146993983e-05
 1.813928062146993983e-05
 1.813928062146993983e-05
 1.813928062146993983e-05
 1.813928062146993983e-05
 1.813928062146993983e-05
 1.813928062146993983e-05
 1.813928062146993983e-05
 1.813928062146993983e-05
 1.813928062146993983e-05
 1.813928062146993983e-05
 1.813928062146993983e-05
 1.813928062146993983e-05
 1.813928062146993983e-05
 1.813928062146993983e-05
 1.813928062146993983e-05
 1.813928062146993983e-05
 1.813928062146993983e-05
 1.813928062146993983e-05
 1.813928062146993983e-05
 1.813928062146993983e-05
 1.813928062146993983e-05
 1.813928062146993983e-05
 1.813928062146993983e-05
 1.813928062146993983e-05
 1.813928062146993983e-05
 1.813928062146993983e-05
 1.813928062146993983e-05
 1.813928062146993983e-05
 1.813928062146993983e-05
 1.813928062146993983e-05
 1.813928062146993983e-05
 1.813928062146993983e-05
 1.813928062146993983e-05
 1.813928062146993983e-05
 1.813928062146993983e-05
 1.813928062146993983e-05
 1.813928062146993983e-05
 1.813928062146993983e-05
 1.813928062146993983e-05
 1.813928062146993983e-05
 1.813928062146993983e-05
 1.813928062146993983e-05
 1.813928062146993983e-05
 1.813928062146993983e-05
 1.813928062146993983e-05
 1.813928062146993983e-05
 1.813928062146993983e-05
 1.813928062146993983e-05
 1.813928062146993983e-05
 1.813928062146993983e-05
 1.813928062146993983e-05
 1.813928062146993983e-05
 1.813928062146993983e-05
 1.813928062146993983e-05
 1.813928062146993983e-05
 1.813928062146993983e-05
 1.813928062146993983e-05
 1.813928062146993983e-05
 1.813928062146993983e-05
 1.813928062146993983e-05
 1.813928062146993983e-05
 1.813928062146993983e-05
 1.813928062146993983e-05
 1.813928062146993983e-05
 1.813928062146993983e-05
 1.813928062146993983e-05
 1.813928062146993983e-05
 1.813928062146993983e-05
 1.813928062146993983e-05
 1.813928062146993983e-05
 1.813928062146993983e-05
 1.813928062146993983e-05
 1.813928062146993983e-05
 1.813928062146993983e-05
 1.813928062146993983e-05
 1.813928062146993983e-05
 1.813928062146993983e-05
 1.813928062146993983e-05
 1.813928062146993983e-05
 1.813928062146993983e-05
 1.813928062146993983e-05
 1.813928062146993983e-05
 1.813928062146993983e-05
 1.813928062146993983e-05
 1.813928062146993983e-05
 1.813928062146993983e-05
 1.813928062146993983e-05
 1.813928062146993983e-05
 1.813928062146993983e-05
 1.813928062146993983e-05
 1.813928062146993983e-05
 1.813928062146993983e-05
 1.813928062146993983e-05
 1.813928062146993983e-05
 1.813928062146993983e-05
 1.813928062146993983e-05
 1.813928062146993983e-05
 1.813928062146993983e-05
 1.813928062146993983e-05
 1.813928062146993983e-05
 1.813928062146993983e-05
 1.813928062146993983e-05
 1.813928062146993983e-05
 1.813928062146993983e-05
 1.813928062146993983e-05
 1.813928062146993983e-05
 1.813928062146993983e-05
 1.813928062146993983e-05
 1.813928062146993983e-05
 1.813928062146993983e-05
 1.813928062146993983e-05
 1.813928062146993983e-05
 1.813928062146993983e-05
 1.813928062146993983e-05
 1.813928062146993983e-05
 1.813928062146993983e-05
 1.813928062146993983e-05
 1.813928062146993983e-05
 1.813928062146993983e-05
 1.813928062146993983e-05
 1.813928062146993983e-05
 1.813928062146993983e-05
 1.813928062146993983e-05
 1.813928062146993983e-05
 1.813928062146993983e-05
 1.813928062146993983e-05
 1.813928062146993983e-05
 1.813928062146993983e-05
 1.813928062146993983e-05
 1.813928062146993983e-05
 1.813928062146993983e-05
 1.813928062146993983e-05
 1.813928062146993983e-05
 1.813928062146993983e-05
 1.813928062146993983e-05
 1.813928062146993983e-05
 1.813928062146993983e-05
 1.813928062146993983e-05
 1.813928062146993983e-05
 1.813928062146993983e-05
 1.813928062146993983e-05
 1.813928062146993983e-05
 1.813928062146993983e-05
 1.813928062146993983e-05
 1.813928062146993983e-05
 1.813928062146993983e-05
 1.813928062146993983e-05
 1.813928062146993983e-05
 1.813928062146993983e-05
 1.813928062146993983e-05
 1.813928062146993983e-05
 1.813928062146993983e-05
 1.813928062146993983e-05
 1.813928062146993983e-05
 1.813928062146993983e-05
 1.813928062146993983e-05
 1.813928062146993983e-05
 1.813928062146993983e-05
 1.813928062146993983e-05
 1.813928062146993983e-05
 1.813928062146993983e-05
 1.813928062146993983e-05
 1.813928062146993983e-05
 1.813928062146993983e-05
 1.813928062146993983e-05
 1.813928062146993983e-05
 1.813928062146993983e-05
 1.813928062146993983e-05
 1.813928062146993983e-05
 1.813928062146993983e-05
 1.813928062146993983e-05
 1.813928062146993983e-05
 1.813928062146993983e-05
 1.813928062146993983e-05
 1.813928062146993983e-05
 1.813928062146993983e-05
 1.813928062146993983e-05
 1.813928062146993983e-05
 1.813928062146993983e-05
 1.813928062146993983e-05
 1.813928062146993983e-05
 1.813928062146993983e-05
 1.813928062146993983e-05
 1.813928062146993983e-05
 1.813928062146993983e-05
 1.813928062146993983e-05
 1.813928062146993983e-05
 1.813928062146993983e-05
 1.813928062146993983e-05
 1.813928062146993983e-05
 1.813928062146993983e-05
 1.813928062146993983e-05
 1.813928062146993983e-05
 1.813928062146993983e-05
 1.813928062146993983e-05
 1.813928062146993983e-05
 1.813928062146993983e-05
 1.813928062146993983e-05
 1.813928062146993983e-05
 1.813928062146993983e-05
 1.813928062146993983e-05
 1.813928062146993983e-05
 1.813928062146993983e-05
 1.813928062146993983e-05
 1.813928062146993983e-05
 1.813928062146993983e-05
 1.813928062146993983e-05
 1.813928062146993983e-05
 1.813928062146993983e-05
 1.813928062146993983e-05
 1.813928062146993983e-05
 1.813928062146993983e-05
 1.813928062146993983e-05
 1.813928062146993983e-05
 1.813928062146993983e-05
 1.813928062146993983e-05
 1.813928062146993983e-05
 1.813928062146993983e-05
 1.813928062146993983e-05
 1.813928062146993983e-05
 1.813928062146993983e-05
 1.813928062146993983e-05
 1.813928062146993983e-05
 1.813928062146993983e-05
 1.813928062146993983e-05
 1.813928062146993983e-05
 1.813928062146993983e-05
 1.813928062146993983e-05
 1.813928062146993983e-05
 1.813928062146993983e-05
 1.813928062146993983e-05
 1.813928062146993983e-05
 1.813928062146993983e-05
 1.813928062146993983e-05
 1.813928062146993983e-05
 1.813928062146993983e-05
 1.813928062146993983e-05
 1.813928062146993983e-05
 1.813928062146993983e-05
 1.813928062146993983e-05
 1.813928062146993983e-05
 1.813928062146993983e-05
 1.813928062146993983e-05
 1.813928062146993983e-05
 1.813928062146993983e-05
 1.813928062146993983e-05
 1.813928062146993983e-05
 1.813928062146993983e-05
 1.813928062146993983e-05
 1.813928062146993983e-05
 1.813928062146993983e-05
 1.813928062146993983e-05
 1.813928062146993983e-05
 1.813928062146993983e-05
 1.813928062146993983e-05
 1.813928062146993983e-05
 1.813928062146993983e-05
 1.813928062146993983e-05
 1.813928062146993983e-05
 1.813928062146993983e-05
 1.813928062146993983e-05
 1.813928062146993983e-05
 1.813928062146993983e-05
 1.813928062146993983e-05
 1.813928062146993983e-05
 1.813928062146993983e-05
 1.813928062146993983e-05
 1.813928062146993983e-05
 1.813928062146993983e-05
 1.813928062146993983e-05
 1.813928062146993983e-05
 1.813928062146993983e-05
 1.813928062146993983e-05
 1.813928062146993983e-05
 1.813928062146993983e-05
 1.813928062146993983e-05
 1.813928062146993983e-05
 1.813928062146993983e-05
 1.813928062146993983e-05
 1.813928062146993983e-05
 1.813928062146993983e-05
 1.813928062146993983e-05
 1.813928062146993983e-05
 1.813928062146993983e-05
 1.813928062146993983e-05
 1.813928062146993983e-05
 1.813928062146993983e-05
 1.813928062146993983e-05
 1.813928062146993983e-05
 1.813928062146993983e-05
 1.813928062146993983e-05
 1.813928062146993983e-05
 1.813928062146993983e-05
 1.813928062146993983e-05
 1.813928062146993983e-05
 1.813928062146993983e-05
 1.813928062146993983e-05
 1.813928062146993983e-05
 1.813928062146993983e-05
 1.813928062146993983e-05
 1.813928062146993983e-05
 1.813928062146993983e-05
 1.813928062146993983e-05
 1.813928062146993983e-05
 1.813928062146993983e-05
 1.813928062146993983e-05
 1.813928062146993983e-05
 1.813928062146993983e-05
 1.813928062146993983e-05
 1.813928062146993983e-05
 1.813928062146993983e-05
 1.813928062146993983e-05
 1.813928062146993983e-05
 1.813928062146993983e-05
 1.813928062146993983e-05
 1.813928062146993983e-05
 1.813928062146993983e-05
 1.813928062146993983e-05
 1.813928062146993983e-05
 1.813928062146993983e-05
 1.813928062146993983e-05
 1.813928062146993983e-05
 1.813928062146993983e-05
 1.813928062146993983e-05
 1.813928062146993983e-05
 1.813928062146993983e-05
 1.813928062146993983e-05
 1.813928062146993983e-05
 1.813928062146993983e-05
 1.813928062146993983e-05
 1.813928062146993983e-05
 1.813928062146993983e-05
 1.813928062146993983e-05
 1.813928062146993983e-05
 1.813928062146993983e-05
 1.813928062146993983e-05
 1.813928062146993983e-05
 1.813928062146993983e-05
 1.813928062146993983e-05
 1.813928062146993983e-05
 1.813928062146993983e-05
 1.813928062146993983e-05
 1.813928062146993983e-05
 1.813928062146993983e-05
 1.813928062146993983e-05
 1.813928062146993983e-05
 1.813928062146993983e-05
 1.813928062146993983e-05
 1.813928062146993983e-05
 1.813928062146993983e-05
 1.813928062146993983e-05
 1.813928062146993983e-05
 1.813928062146993983e-05
 1.813928062146993983e-05
 1.813928062146993983e-05
 1.813928062146993983e-05
 1.813928062146993983e-05
 1.813928062146993983e-05
 1.813928062146993983e-05
 1.813928062146993983e-05
 1.813928062146993983e-05
 1.813928062146993983e-05
 1.813928062146993983e-05
 1.813928062146993983e-05
 1.813928062146993983e-05
 1.813928062146993983e-05
 1.813928062146993983e-05
 1.813928062146993983e-05
 1.813928062146993983e-05
 1.813928062146993983e-05
 1.813928062146993983e-05
 1.813928062146993983e-05
 1.813928062146993983e-05
 1.813928062146993983e-05
 1.813928062146993983e-05
 1.813928062146993983e-05
 1.813928062146993983e-05
 1.813928062146993983e-05
 1.813928062146993983e-05
 1.813928062146993983e-05
 1.813928062146993983e-05
 1.813928062146993983e-05
 1.813928062146993983e-05
 1.813928062146993983e-05
 1.813928062146993983e-05
 1.813928062146993983e-05
 1.813928062146993983e-05
 1.813928062146993983e-05
 1.813928062146993983e-05
 1.813928062146993983e-05
 1.813928062146993983e-05
 1.813928062146993983e-05
 1.813928062146993983e-05
 1.813928062146993983e-05
 1.813928062146993983e-05
 1.813928062146993983e-05
 1.813928062146993983e-05
 1.813928062146993983e-05
 1.813928062146993983e-05
 1.813928062146993983e-05
 1.813928062146993983e-05
 1.813928062146993983e-05
 1.813928062146993983e-05
 1.813928062146993983e-05
 1.813928062146993983e-05
 1.813928062146993983e-05
 1.813928062146993983e-05
 1.813928062146993983e-05
 1.813928062146993983e-05
 1.813928062146993983e-05
 1.813928062146993983e-05
 1.813928062146993983e-05
 1.813928062146993983e-05
 1.813928062146993983e-05
 1.813928062146993983e-05
 1.813928062146993983e-05
 1.813928062146993983e-05
 1.813928062146993983e-05
 1.813928062146993983e-05
 1.813928062146993983e-05
 1.813928062146993983e-05
 1.813928062146993983e-05
 1.813928062146993983e-05
 1.813928062146993983e-05
 1.813928062146993983e-05
 1.813928062146993983e-05
 1.813928062146993983e-05
 1.813928062146993983e-05
 1.813928062146993983e-05
 1.813928062146993983e-05
 1.813928062146993983e-05
 1.813928062146993983e-05
 1.813928062146993983e-05
 1.813928062146993983e-05
 1.813928062146993983e-05
 1.813928062146993983e-05
 1.813928062146993983e-05
 1.813928062146993983e-05
 1.813928062146993983e-05
 1.813928062146993983e-05
 1.813928062146993983e-05
 1.813928062146993983e-05
 1.813928062146993983e-05
 1.813928062146993983e-05
 1.813928062146993983e-05
 1.813928062146993983e-05
 1.813928062146993983e-05
 1.813928062146993983e-05
 1.813928062146993983e-05
 1.813928062146993983e-05
 1.813928062146993983e-05
 1.813928062146993983e-05
 1.813928062146993983e-05
 1.813928062146993983e-05
 1.813928062146993983e-05
 1.813928062146993983e-05
 1.813928062146993983e-05
 1.813928062146993983e-05
 1.813928062146993983e-05
 1.813928062146993983e-05
 1.813928062146993983e-05
 1.813928062146993983e-05
 1.813928062146993983e-05
 1.813928062146993983e-05
 1.813928062146993983e-05
 1.813928062146993983e-05
 1.813928062146993983e-05
 1.813928062146993983e-05
 1.813928062146993983e-05
 1.813928062146993983e-05
 1.813928062146993983e-05
 1.813928062146993983e-05
 1.813928062146993983e-05
 1.813928062146993983e-05
 1.813928062146993983e-05
 1.813928062146993983e-05
 1.813928062146993983e-05
 1.813928062146993983e-05
 1.813928062146993983e-05
 </DataArray>
 <DataArray Name="k" type="Float32" NumberOfComponents="1" format="ascii">
 2.576041171715383674e-02
 2.576041171715383674e-02
 2.576041171715383674e-02
 2.576041171715383674e-02
 2.576041171715383674e-02
 2.576041171715383674e-02
 2.576041171715383674e-02
 2.576041171715383674e-02
 2.576041171715383674e-02
 2.576041171715383674e-02
 2.576041171715383674e-02
 2.576041171715383674e-02
 2.576041171715383674e-02
 2.576041171715383674e-02
 2.576041171715383674e-02
 2.576041171715383674e-02
 2.576041171715383674e-02
 2.576041171715383674e-02
 2.576041171715383674e-02
 2.576041171715383674e-02
 2.576041171715383674e-02
 2.576041171715383674e-02
 2.576041171715383674e-02
 2.576041171715383674e-02
 2.576041171715383674e-02
 2.576041171715383674e-02
 2.576041171715383674e-02
 2.576041171715383674e-02
 2.576041171715383674e-02
 2.576041171715383674e-02
 2.576041171715383674e-02
 2.576041171715383674e-02
 2.576041171715383674e-02
 2.576041171715383674e-02
 2.576041171715383674e-02
 2.576041171715383674e-02
 2.576041171715383674e-02
 2.576041171715383674e-02
 2.576041171715383674e-02
 2.576041171715383674e-02
 2.576041171715383674e-02
 2.576041171715383674e-02
 2.576041171715383674e-02
 2.576041171715383674e-02
 2.576041171715383674e-02
 2.576041171715383674e-02
 2.576041171715383674e-02
 2.576041171715383674e-02
 2.576041171715383674e-02
 2.576041171715383674e-02
 2.576041171715383674e-02
 2.576041171715383674e-02
 2.576041171715383674e-02
 2.576041171715383674e-02
 2.576041171715383674e-02
 2.576041171715383674e-02
 2.576041171715383674e-02
 2.576041171715383674e-02
 2.576041171715383674e-02
 2.576041171715383674e-02
 2.576041171715383674e-02
 2.576041171715383674e-02
 2.576041171715383674e-02
 2.576041171715383674e-02
 2.576041171715383674e-02
 2.576041171715383674e-02
 2.576041171715383674e-02
 2.576041171715383674e-02
 2.576041171715383674e-02
 2.576041171715383674e-02
 2.576041171715383674e-02
 2.576041171715383674e-02
 2.576041171715383674e-02
 2.576041171715383674e-02
 2.576041171715383674e-02
 2.576041171715383674e-02
 2.576041171715383674e-02
 2.576041171715383674e-02
 2.576041171715383674e-02
 2.576041171715383674e-02
 2.576041171715383674e-02
 2.576041171715383674e-02
 2.576041171715383674e-02
 2.576041171715383674e-02
 2.576041171715383674e-02
 2.576041171715383674e-02
 2.576041171715383674e-02
 2.576041171715383674e-02
 2.576041171715383674e-02
 2.576041171715383674e-02
 2.576041171715383674e-02
 2.576041171715383674e-02
 2.576041171715383674e-02
 2.576041171715383674e-02
 2.576041171715383674e-02
 2.576041171715383674e-02
 2.576041171715383674e-02
 2.576041171715383674e-02
 2.576041171715383674e-02
 2.576041171715383674e-02
 2.576041171715383674e-02
 2.576041171715383674e-02
 2.576041171715383674e-02
 2.576041171715383674e-02
 2.576041171715383674e-02
 2.576041171715383674e-02
 2.576041171715383674e-02
 2.576041171715383674e-02
 2.576041171715383674e-02
 2.576041171715383674e-02
 2.576041171715383674e-02
 2.576041171715383674e-02
 2.576041171715383674e-02
 2.576041171715383674e-02
 2.576041171715383674e-02
 2.576041171715383674e-02
 2.576041171715383674e-02
 2.576041171715383674e-02
 2.576041171715383674e-02
 2.576041171715383674e-02
 2.576041171715383674e-02
 2.576041171715383674e-02
 2.576041171715383674e-02
 2.576041171715383674e-02
 2.576041171715383674e-02
 2.576041171715383674e-02
 2.576041171715383674e-02
 2.576041171715383674e-02
 2.576041171715383674e-02
 2.576041171715383674e-02
 2.576041171715383674e-02
 2.576041171715383674e-02
 2.576041171715383674e-02
 2.576041171715383674e-02
 2.576041171715383674e-02
 2.576041171715383674e-02
 2.576041171715383674e-02
 2.576041171715383674e-02
 2.576041171715383674e-02
 2.576041171715383674e-02
 2.576041171715383674e-02
 2.576041171715383674e-02
 2.576041171715383674e-02
 2.576041171715383674e-02
 2.576041171715383674e-02
 2.576041171715383674e-02
 2.576041171715383674e-02
 2.576041171715383674e-02
 2.576041171715383674e-02
 2.576041171715383674e-02
 2.576041171715383674e-02
 2.576041171715383674e-02
 2.576041171715383674e-02
 2.576041171715383674e-02
 2.576041171715383674e-02
 2.576041171715383674e-02
 2.576041171715383674e-02
 2.576041171715383674e-02
 2.576041171715383674e-02
 2.576041171715383674e-02
 2.576041171715383674e-02
 2.576041171715383674e-02
 2.576041171715383674e-02
 2.576041171715383674e-02
 2.576041171715383674e-02
 2.576041171715383674e-02
 2.576041171715383674e-02
 2.576041171715383674e-02
 2.576041171715383674e-02
 2.576041171715383674e-02
 2.576041171715383674e-02
 2.576041171715383674e-02
 2.576041171715383674e-02
 2.576041171715383674e-02
 2.576041171715383674e-02
 2.576041171715383674e-02
 2.576041171715383674e-02
 2.576041171715383674e-02
 2.576041171715383674e-02
 2.576041171715383674e-02
 2.576041171715383674e-02
 2.576041171715383674e-02
 2.576041171715383674e-02
 2.576041171715383674e-02
 2.576041171715383674e-02
 2.576041171715383674e-02
 2.576041171715383674e-02
 2.576041171715383674e-02
 2.576041171715383674e-02
 2.576041171715383674e-02
 2.576041171715383674e-02
 2.576041171715383674e-02
 2.576041171715383674e-02
 2.576041171715383674e-02
 2.576041171715383674e-02
 2.576041171715383674e-02
 2.576041171715383674e-02
 2.576041171715383674e-02
 2.576041171715383674e-02
 2.576041171715383674e-02
 2.576041171715383674e-02
 2.576041171715383674e-02
 2.576041171715383674e-02
 2.576041171715383674e-02
 2.576041171715383674e-02
 2.576041171715383674e-02
 2.576041171715383674e-02
 2.576041171715383674e-02
 2.576041171715383674e-02
 2.576041171715383674e-02
 2.576041171715383674e-02
 2.576041171715383674e-02
 2.576041171715383674e-02
 2.576041171715383674e-02
 2.576041171715383674e-02
 2.576041171715383674e-02
 2.576041171715383674e-02
 2.576041171715383674e-02
 2.576041171715383674e-02
 2.576041171715383674e-02
 2.576041171715383674e-02
 2.576041171715383674e-02
 2.576041171715383674e-02
 2.576041171715383674e-02
 2.576041171715383674e-02
 2.576041171715383674e-02
 2.576041171715383674e-02
 2.576041171715383674e-02
 2.576041171715383674e-02
 2.576041171715383674e-02
 2.576041171715383674e-02
 2.576041171715383674e-02
 2.576041171715383674e-02
 2.576041171715383674e-02
 2.576041171715383674e-02
 2.576041171715383674e-02
 2.576041171715383674e-02
 2.576041171715383674e-02
 2.576041171715383674e-02
 2.576041171715383674e-02
 2.576041171715383674e-02
 2.576041171715383674e-02
 2.576041171715383674e-02
 2.576041171715383674e-02
 2.576041171715383674e-02
 2.576041171715383674e-02
 2.576041171715383674e-02
 2.576041171715383674e-02
 2.576041171715383674e-02
 2.576041171715383674e-02
 2.576041171715383674e-02
 2.576041171715383674e-02
 2.576041171715383674e-02
 2.576041171715383674e-02
 2.576041171715383674e-02
 2.576041171715383674e-02
 2.576041171715383674e-02
 2.576041171715383674e-02
 2.576041171715383674e-02
 2.576041171715383674e-02
 2.576041171715383674e-02
 2.576041171715383674e-02
 2.576041171715383674e-02
 2.576041171715383674e-02
 2.576041171715383674e-02
 2.576041171715383674e-02
 2.576041171715383674e-02
 2.576041171715383674e-02
 2.576041171715383674e-02
 2.576041171715383674e-02
 2.576041171715383674e-02
 2.576041171715383674e-02
 2.576041171715383674e-02
 2.576041171715383674e-02
 2.576041171715383674e-02
 2.576041171715383674e-02
 2.576041171715383674e-02
 2.576041171715383674e-02
 2.576041171715383674e-02
 2.576041171715383674e-02
 2.576041171715383674e-02
 2.576041171715383674e-02
 2.576041171715383674e-02
 2.576041171715383674e-02
 2.576041171715383674e-02
 2.576041171715383674e-02
 2.576041171715383674e-02
 2.576041171715383674e-02
 2.576041171715383674e-02
 2.576041171715383674e-02
 2.576041171715383674e-02
 2.576041171715383674e-02
 2.576041171715383674e-02
 2.576041171715383674e-02
 2.576041171715383674e-02
 2.576041171715383674e-02
 2.576041171715383674e-02
 2.576041171715383674e-02
 2.576041171715383674e-02
 2.576041171715383674e-02
 2.576041171715383674e-02
 2.576041171715383674e-02
 2.576041171715383674e-02
 2.576041171715383674e-02
 2.576041171715383674e-02
 2.576041171715383674e-02
 2.576041171715383674e-02
 2.576041171715383674e-02
 2.576041171715383674e-02
 2.576041171715383674e-02
 2.576041171715383674e-02
 2.576041171715383674e-02
 2.576041171715383674e-02
 2.576041171715383674e-02
 2.576041171715383674e-02
 2.576041171715383674e-02
 2.576041171715383674e-02
 2.576041171715383674e-02
 2.576041171715383674e-02
 2.576041171715383674e-02
 2.576041171715383674e-02
 2.576041171715383674e-02
 2.576041171715383674e-02
 2.576041171715383674e-02
 2.576041171715383674e-02
 2.576041171715383674e-02
 2.576041171715383674e-02
 2.576041171715383674e-02
 2.576041171715383674e-02
 2.576041171715383674e-02
 2.576041171715383674e-02
 2.576041171715383674e-02
 2.576041171715383674e-02
 2.576041171715383674e-02
 2.576041171715383674e-02
 2.576041171715383674e-02
 2.576041171715383674e-02
 2.576041171715383674e-02
 2.576041171715383674e-02
 2.576041171715383674e-02
 2.576041171715383674e-02
 2.576041171715383674e-02
 2.576041171715383674e-02
 2.576041171715383674e-02
 2.576041171715383674e-02
 2.576041171715383674e-02
 2.576041171715383674e-02
 2.576041171715383674e-02
 2.576041171715383674e-02
 2.576041171715383674e-02
 2.576041171715383674e-02
 2.576041171715383674e-02
 2.576041171715383674e-02
 2.576041171715383674e-02
 2.576041171715383674e-02
 2.576041171715383674e-02
 2.576041171715383674e-02
 2.576041171715383674e-02
 2.576041171715383674e-02
 2.576041171715383674e-02
 2.576041171715383674e-02
 2.576041171715383674e-02
 2.576041171715383674e-02
 2.576041171715383674e-02
 2.576041171715383674e-02
 2.576041171715383674e-02
 2.576041171715383674e-02
 2.576041171715383674e-02
 2.576041171715383674e-02
 2.576041171715383674e-02
 2.576041171715383674e-02
 2.576041171715383674e-02
 2.576041171715383674e-02
 2.576041171715383674e-02
 2.576041171715383674e-02
 2.576041171715383674e-02
 2.576041171715383674e-02
 2.576041171715383674e-02
 2.576041171715383674e-02
 2.576041171715383674e-02
 2.576041171715383674e-02
 2.576041171715383674e-02
 2.576041171715383674e-02
 2.576041171715383674e-02
 2.576041171715383674e-02
 2.576041171715383674e-02
 2.576041171715383674e-02
 2.576041171715383674e-02
 2.576041171715383674e-02
 2.576041171715383674e-02
 2.576041171715383674e-02
 2.576041171715383674e-02
 2.576041171715383674e-02
 2.576041171715383674e-02
 2.576041171715383674e-02
 2.576041171715383674e-02
 2.576041171715383674e-02
 2.576041171715383674e-02
 2.576041171715383674e-02
 2.576041171715383674e-02
 2.576041171715383674e-02
 2.576041171715383674e-02
 2.576041171715383674e-02
 2.576041171715383674e-02
 2.576041171715383674e-02
 2.576041171715383674e-02
 2.576041171715383674e-02
 2.576041171715383674e-02
 2.576041171715383674e-02
 2.576041171715383674e-02
 2.576041171715383674e-02
 2.576041171715383674e-02
 2.576041171715383674e-02
 2.576041171715383674e-02
 2.576041171715383674e-02
 2.576041171715383674e-02
 2.576041171715383674e-02
 2.576041171715383674e-02
 2.576041171715383674e-02
 2.576041171715383674e-02
 2.576041171715383674e-02
 2.576041171715383674e-02
 2.576041171715383674e-02
 2.576041171715383674e-02
 2.576041171715383674e-02
 2.576041171715383674e-02
 2.576041171715383674e-02
 2.576041171715383674e-02
 2.576041171715383674e-02
 2.576041171715383674e-02
 2.576041171715383674e-02
 2.576041171715383674e-02
 2.576041171715383674e-02
 2.576041171715383674e-02
 2.576041171715383674e-02
 2.576041171715383674e-02
 2.576041171715383674e-02
 2.576041171715383674e-02
 2.576041171715383674e-02
 2.576041171715383674e-02
 2.576041171715383674e-02
 2.576041171715383674e-02
 2.576041171715383674e-02
 2.576041171715383674e-02
 2.576041171715383674e-02
 2.576041171715383674e-02
 2.576041171715383674e-02
 2.576041171715383674e-02
 2.576041171715383674e-02
 2.576041171715383674e-02
 2.576041171715383674e-02
 2.576041171715383674e-02
 2.576041171715383674e-02
 2.576041171715383674e-02
 2.576041171715383674e-02
 2.576041171715383674e-02
 2.576041171715383674e-02
 2.576041171715383674e-02
 2.576041171715383674e-02
 2.576041171715383674e-02
 2.576041171715383674e-02
 2.576041171715383674e-02
 2.576041171715383674e-02
 2.576041171715383674e-02
 2.576041171715383674e-02
 2.576041171715383674e-02
 2.576041171715383674e-02
 2.576041171715383674e-02
 2.576041171715383674e-02
 2.576041171715383674e-02
 2.576041171715383674e-02
 2.576041171715383674e-02
 2.576041171715383674e-02
 2.576041171715383674e-02
 2.576041171715383674e-02
 2.576041171715383674e-02
 2.576041171715383674e-02
 2.576041171715383674e-02
 2.576041171715383674e-02
 2.576041171715383674e-02
 2.576041171715383674e-02
 2.576041171715383674e-02
 2.576041171715383674e-02
 2.576041171715383674e-02
 2.576041171715383674e-02
 2.576041171715383674e-02
 2.576041171715383674e-02
 2.576041171715383674e-02
 2.576041171715383674e-02
 2.576041171715383674e-02
 2.576041171715383674e-02
 2.576041171715383674e-02
 2.576041171715383674e-02
 2.576041171715383674e-02
 2.576041171715383674e-02
 2.576041171715383674e-02
 2.576041171715383674e-02
 2.576041171715383674e-02
 2.576041171715383674e-02
 2.576041171715383674e-02
 </DataArray>
 <DataArray Name="mu_t" type="Float32" NumberOfComponents="1" format="ascii">
 0.000000000000000000e+00
 0.000000000000000000e+00
 0.000000000000000000e+00
 0.000000000000000000e+00
 0.000000000000000000e+00
 0.000000000000000000e+00
 0.000000000000000000e+00
 0.000000000000000000e+00
 0.000000000000000000e+00
 0.000000000000000000e+00
 0.000000000000000000e+00
 0.000000000000000000e+00
 0.000000000000000000e+00
 0.000000000000000000e+00
 0.000000000000000000e+00
 0.000000000000000000e+00
 0.000000000000000000e+00
 0.000000000000000000e+00
 0.000000000000000000e+00
 0.000000000000000000e+00
 0.000000000000000000e+00
 0.000000000000000000e+00
 0.000000000000000000e+00
 0.000000000000000000e+00
 0.000000000000000000e+00
 0.000000000000000000e+00
 0.000000000000000000e+00
 0.000000000000000000e+00
 0.000000000000000000e+00
 0.000000000000000000e+00
 0.000000000000000000e+00
 0.000000000000000000e+00
 0.000000000000000000e+00
 0.000000000000000000e+00
 0.000000000000000000e+00
 0.000000000000000000e+00
 0.000000000000000000e+00
 0.000000000000000000e+00
 0.000000000000000000e+00
 0.000000000000000000e+00
 0.000000000000000000e+00
 0.000000000000000000e+00
 0.000000000000000000e+00
 0.000000000000000000e+00
 0.000000000000000000e+00
 0.000000000000000000e+00
 0.000000000000000000e+00
 0.000000000000000000e+00
 0.000000000000000000e+00
 0.000000000000000000e+00
 0.000000000000000000e+00
 0.000000000000000000e+00
 0.000000000000000000e+00
 0.000000000000000000e+00
 0.000000000000000000e+00
 0.000000000000000000e+00
 0.000000000000000000e+00
 0.000000000000000000e+00
 0.000000000000000000e+00
 0.000000000000000000e+00
 0.000000000000000000e+00
 0.000000000000000000e+00
 0.000000000000000000e+00
 0.000000000000000000e+00
 0.000000000000000000e+00
 0.000000000000000000e+00
 0.000000000000000000e+00
 0.000000000000000000e+00
 0.000000000000000000e+00
 0.000000000000000000e+00
 0.000000000000000000e+00
 0.000000000000000000e+00
 0.000000000000000000e+00
 0.000000000000000000e+00
 0.000000000000000000e+00
 0.000000000000000000e+00
 0.000000000000000000e+00
 0.000000000000000000e+00
 0.000000000000000000e+00
 0.000000000000000000e+00
 0.000000000000000000e+00
 0.000000000000000000e+00
 0.000000000000000000e+00
 0.000000000000000000e+00
 0.000000000000000000e+00
 0.000000000000000000e+00
 0.000000000000000000e+00
 0.000000000000000000e+00
 0.000000000000000000e+00
 0.000000000000000000e+00
 0.000000000000000000e+00
 0.000000000000000000e+00
 0.000000000000000000e+00
 0.000000000000000000e+00
 0.000000000000000000e+00
 0.000000000000000000e+00
 0.000000000000000000e+00
 0.000000000000000000e+00
 0.000000000000000000e+00
 0.000000000000000000e+00
 0.000000000000000000e+00
 0.000000000000000000e+00
 0.000000000000000000e+00
 0.000000000000000000e+00
 0.000000000000000000e+00
 0.000000000000000000e+00
 0.000000000000000000e+00
 0.000000000000000000e+00
 0.000000000000000000e+00
 0.000000000000000000e+00
 0.000000000000000000e+00
 0.000000000000000000e+00
 0.000000000000000000e+00
 0.000000000000000000e+00
 0.000000000000000000e+00
 0.000000000000000000e+00
 0.000000000000000000e+00
 0.000000000000000000e+00
 0.000000000000000000e+00
 0.000000000000000000e+00
 0.000000000000000000e+00
 0.000000000000000000e+00
 0.000000000000000000e+00
 0.000000000000000000e+00
 0.000000000000000000e+00
 0.000000000000000000e+00
 0.000000000000000000e+00
 0.000000000000000000e+00
 0.000000000000000000e+00
 0.000000000000000000e+00
 0.000000000000000000e+00
 0.000000000000000000e+00
 0.000000000000000000e+00
 0.000000000000000000e+00
 0.000000000000000000e+00
 0.000000000000000000e+00
 0.000000000000000000e+00
 0.000000000000000000e+00
 0.000000000000000000e+00
 0.000000000000000000e+00
 0.000000000000000000e+00
 0.000000000000000000e+00
 0.000000000000000000e+00
 0.000000000000000000e+00
 0.000000000000000000e+00
 0.000000000000000000e+00
 0.000000000000000000e+00
 0.000000000000000000e+00
 0.000000000000000000e+00
 0.000000000000000000e+00
 0.000000000000000000e+00
 0.000000000000000000e+00
 0.000000000000000000e+00
 0.000000000000000000e+00
 0.000000000000000000e+00
 0.000000000000000000e+00
 0.000000000000000000e+00
 0.000000000000000000e+00
 0.000000000000000000e+00
 0.000000000000000000e+00
 0.000000000000000000e+00
 0.000000000000000000e+00
 0.000000000000000000e+00
 0.000000000000000000e+00
 0.000000000000000000e+00
 0.000000000000000000e+00
 0.000000000000000000e+00
 0.000000000000000000e+00
 0.000000000000000000e+00
 0.000000000000000000e+00
 0.000000000000000000e+00
 0.000000000000000000e+00
 0.000000000000000000e+00
 0.000000000000000000e+00
 0.000000000000000000e+00
 0.000000000000000000e+00
 0.000000000000000000e+00
 0.000000000000000000e+00
 0.000000000000000000e+00
 0.000000000000000000e+00
 0.000000000000000000e+00
 0.000000000000000000e+00
 0.000000000000000000e+00
 0.000000000000000000e+00
 0.000000000000000000e+00
 0.000000000000000000e+00
 0.000000000000000000e+00
 0.000000000000000000e+00
 0.000000000000000000e+00
 0.000000000000000000e+00
 0.000000000000000000e+00
 0.000000000000000000e+00
 0.000000000000000000e+00
 0.000000000000000000e+00
 0.000000000000000000e+00
 0.000000000000000000e+00
 0.000000000000000000e+00
 0.000000000000000000e+00
 0.000000000000000000e+00
 0.000000000000000000e+00
 0.000000000000000000e+00
 0.000000000000000000e+00
 0.000000000000000000e+00
 0.000000000000000000e+00
 0.000000000000000000e+00
 0.000000000000000000e+00
 0.000000000000000000e+00
 0.000000000000000000e+00
 0.000000000000000000e+00
 0.000000000000000000e+00
 0.000000000000000000e+00
 0.000000000000000000e+00
 0.000000000000000000e+00
 0.000000000000000000e+00
 0.000000000000000000e+00
 0.000000000000000000e+00
 0.000000000000000000e+00
 0.000000000000000000e+00
 0.000000000000000000e+00
 0.000000000000000000e+00
 0.000000000000000000e+00
 0.000000000000000000e+00
 0.000000000000000000e+00
 0.000000000000000000e+00
 0.000000000000000000e+00
 0.000000000000000000e+00
 0.000000000000000000e+00
 0.000000000000000000e+00
 0.000000000000000000e+00
 0.000000000000000000e+00
 0.000000000000000000e+00
 0.000000000000000000e+00
 0.000000000000000000e+00
 0.000000000000000000e+00
 0.000000000000000000e+00
 0.000000000000000000e+00
 0.000000000000000000e+00
 0.000000000000000000e+00
 0.000000000000000000e+00
 0.000000000000000000e+00
 0.000000000000000000e+00
 0.000000000000000000e+00
 0.000000000000000000e+00
 0.000000000000000000e+00
 0.000000000000000000e+00
 0.000000000000000000e+00
 0.000000000000000000e+00
 0.000000000000000000e+00
 0.000000000000000000e+00
 0.000000000000000000e+00
 0.000000000000000000e+00
 0.000000000000000000e+00
 0.000000000000000000e+00
 0.000000000000000000e+00
 0.000000000000000000e+00
 0.000000000000000000e+00
 0.000000000000000000e+00
 0.000000000000000000e+00
 0.000000000000000000e+00
 0.000000000000000000e+00
 0.000000000000000000e+00
 0.000000000000000000e+00
 0.000000000000000000e+00
 0.000000000000000000e+00
 0.000000000000000000e+00
 0.000000000000000000e+00
 0.000000000000000000e+00
 0.000000000000000000e+00
 0.000000000000000000e+00
 0.000000000000000000e+00
 0.000000000000000000e+00
 0.000000000000000000e+00
 0.000000000000000000e+00
 0.000000000000000000e+00
 0.000000000000000000e+00
 0.000000000000000000e+00
 0.000000000000000000e+00
 0.000000000000000000e+00
 0.000000000000000000e+00
 0.000000000000000000e+00
 0.000000000000000000e+00
 0.000000000000000000e+00
 0.000000000000000000e+00
 0.000000000000000000e+00
 0.000000000000000000e+00
 0.000000000000000000e+00
 0.000000000000000000e+00
 0.000000000000000000e+00
 0.000000000000000000e+00
 0.000000000000000000e+00
 0.000000000000000000e+00
 0.000000000000000000e+00
 0.000000000000000000e+00
 0.000000000000000000e+00
 0.000000000000000000e+00
 0.000000000000000000e+00
 0.000000000000000000e+00
 0.000000000000000000e+00
 0.000000000000000000e+00
 0.000000000000000000e+00
 0.000000000000000000e+00
 0.000000000000000000e+00
 0.000000000000000000e+00
 0.000000000000000000e+00
 0.000000000000000000e+00
 0.000000000000000000e+00
 0.000000000000000000e+00
 0.000000000000000000e+00
 0.000000000000000000e+00
 0.000000000000000000e+00
 0.000000000000000000e+00
 0.000000000000000000e+00
 0.000000000000000000e+00
 0.000000000000000000e+00
 0.000000000000000000e+00
 0.000000000000000000e+00
 0.000000000000000000e+00
 0.000000000000000000e+00
 0.000000000000000000e+00
 0.000000000000000000e+00
 0.000000000000000000e+00
 0.000000000000000000e+00
 0.000000000000000000e+00
 0.000000000000000000e+00
 0.000000000000000000e+00
 0.000000000000000000e+00
 0.000000000000000000e+00
 0.000000000000000000e+00
 0.000000000000000000e+00
 0.000000000000000000e+00
 0.000000000000000000e+00
 0.000000000000000000e+00
 0.000000000000000000e+00
 0.000000000000000000e+00
 0.000000000000000000e+00
 0.000000000000000000e+00
 0.000000000000000000e+00
 0.000000000000000000e+00
 0.000000000000000000e+00
 0.000000000000000000e+00
 0.000000000000000000e+00
 0.000000000000000000e+00
 0.000000000000000000e+00
 0.000000000000000000e+00
 0.000000000000000000e+00
 0.000000000000000000e+00
 0.000000000000000000e+00
 0.000000000000000000e+00
 0.000000000000000000e+00
 0.000000000000000000e+00
 0.000000000000000000e+00
 0.000000000000000000e+00
 0.000000000000000000e+00
 0.000000000000000000e+00
 0.000000000000000000e+00
 0.000000000000000000e+00
 0.000000000000000000e+00
 0.000000000000000000e+00
 0.000000000000000000e+00
 0.000000000000000000e+00
 0.000000000000000000e+00
 0.000000000000000000e+00
 0.000000000000000000e+00
 0.000000000000000000e+00
 0.000000000000000000e+00
 0.000000000000000000e+00
 0.000000000000000000e+00
 0.000000000000000000e+00
 0.000000000000000000e+00
 0.000000000000000000e+00
 0.000000000000000000e+00
 0.000000000000000000e+00
 0.000000000000000000e+00
 0.000000000000000000e+00
 0.000000000000000000e+00
 0.000000000000000000e+00
 0.000000000000000000e+00
 0.000000000000000000e+00
 0.000000000000000000e+00
 0.000000000000000000e+00
 0.000000000000000000e+00
 0.000000000000000000e+00
 0.000000000000000000e+00
 0.000000000000000000e+00
 0.000000000000000000e+00
 0.000000000000000000e+00
 0.000000000000000000e+00
 0.000000000000000000e+00
 0.000000000000000000e+00
 0.000000000000000000e+00
 0.000000000000000000e+00
 0.000000000000000000e+00
 0.000000000000000000e+00
 0.000000000000000000e+00
 0.000000000000000000e+00
 0.000000000000000000e+00
 0.000000000000000000e+00
 0.000000000000000000e+00
 0.000000000000000000e+00
 0.000000000000000000e+00
 0.000000000000000000e+00
 0.000000000000000000e+00
 0.000000000000000000e+00
 0.000000000000000000e+00
 0.000000000000000000e+00
 0.000000000000000000e+00
 0.000000000000000000e+00
 0.000000000000000000e+00
 0.000000000000000000e+00
 0.000000000000000000e+00
 0.000000000000000000e+00
 0.000000000000000000e+00
 0.000000000000000000e+00
 0.000000000000000000e+00
 0.000000000000000000e+00
 0.000000000000000000e+00
 0.000000000000000000e+00
 0.000000000000000000e+00
 0.000000000000000000e+00
 0.000000000000000000e+00
 0.000000000000000000e+00
 0.000000000000000000e+00
 0.000000000000000000e+00
 0.000000000000000000e+00
 0.000000000000000000e+00
 0.000000000000000000e+00
 0.000000000000000000e+00
 0.000000000000000000e+00
 0.000000000000000000e+00
 0.000000000000000000e+00
 0.000000000000000000e+00
 0.000000000000000000e+00
 0.000000000000000000e+00
 0.000000000000000000e+00
 0.000000000000000000e+00
 0.000000000000000000e+00
 0.000000000000000000e+00
 0.000000000000000000e+00
 0.000000000000000000e+00
 0.000000000000000000e+00
 0.000000000000000000e+00
 0.000000000000000000e+00
 0.000000000000000000e+00
 0.000000000000000000e+00
 0.000000000000000000e+00
 0.000000000000000000e+00
 0.000000000000000000e+00
 0.000000000000000000e+00
 0.000000000000000000e+00
 0.000000000000000000e+00
 0.000000000000000000e+00
 0.000000000000000000e+00
 0.000000000000000000e+00
 0.000000000000000000e+00
 0.000000000000000000e+00
 0.000000000000000000e+00
 0.000000000000000000e+00
 0.000000000000000000e+00
 0.000000000000000000e+00
 0.000000000000000000e+00
 0.000000000000000000e+00
 0.000000000000000000e+00
 0.000000000000000000e+00
 0.000000000000000000e+00
 0.000000000000000000e+00
 0.000000000000000000e+00
 0.000000000000000000e+00
 0.000000000000000000e+00
 0.000000000000000000e+00
 0.000000000000000000e+00
 0.000000000000000000e+00
 0.000000000000000000e+00
 0.000000000000000000e+00
 0.000000000000000000e+00
 0.000000000000000000e+00
 0.000000000000000000e+00
 0.000000000000000000e+00
 0.000000000000000000e+00
 0.000000000000000000e+00
 0.000000000000000000e+00
 0.000000000000000000e+00
 0.000000000000000000e+00
 0.000000000000000000e+00
 0.000000000000000000e+00
 0.000000000000000000e+00
 0.000000000000000000e+00
 0.000000000000000000e+00
 0.000000000000000000e+00
 0.000000000000000000e+00
 0.000000000000000000e+00
 0.000000000000000000e+00
 0.000000000000000000e+00
 0.000000000000000000e+00
 0.000000000000000000e+00
 0.000000000000000000e+00
 0.000000000000000000e+00
 0.000000000000000000e+00
 0.000000000000000000e+00
 0.000000000000000000e+00
 0.000000000000000000e+00
 </DataArray>
 <DataArray Name="k_t" type="Float32" NumberOfComponents="1" format="ascii">
 0.000000000000000000e+00
 0.000000000000000000e+00
 0.000000000000000000e+00
 0.000000000000000000e+00
 0.000000000000000000e+00
 0.000000000000000000e+00
 0.000000000000000000e+00
 0.000000000000000000e+00
 0.000000000000000000e+00
 0.000000000000000000e+00
 0.000000000000000000e+00
 0.000000000000000000e+00
 0.000000000000000000e+00
 0.000000000000000000e+00
 0.000000000000000000e+00
 0.000000000000000000e+00
 0.000000000000000000e+00
 0.000000000000000000e+00
 0.000000000000000000e+00
 0.000000000000000000e+00
 0.000000000000000000e+00
 0.000000000000000000e+00
 0.000000000000000000e+00
 0.000000000000000000e+00
 0.000000000000000000e+00
 0.000000000000000000e+00
 0.000000000000000000e+00
 0.000000000000000000e+00
 0.000000000000000000e+00
 0.000000000000000000e+00
 0.000000000000000000e+00
 0.000000000000000000e+00
 0.000000000000000000e+00
 0.000000000000000000e+00
 0.000000000000000000e+00
 0.000000000000000000e+00
 0.000000000000000000e+00
 0.000000000000000000e+00
 0.000000000000000000e+00
 0.000000000000000000e+00
 0.000000000000000000e+00
 0.000000000000000000e+00
 0.000000000000000000e+00
 0.000000000000000000e+00
 0.000000000000000000e+00
 0.000000000000000000e+00
 0.000000000000000000e+00
 0.000000000000000000e+00
 0.000000000000000000e+00
 0.000000000000000000e+00
 0.000000000000000000e+00
 0.000000000000000000e+00
 0.000000000000000000e+00
 0.000000000000000000e+00
 0.000000000000000000e+00
 0.000000000000000000e+00
 0.000000000000000000e+00
 0.000000000000000000e+00
 0.000000000000000000e+00
 0.000000000000000000e+00
 0.000000000000000000e+00
 0.000000000000000000e+00
 0.000000000000000000e+00
 0.000000000000000000e+00
 0.000000000000000000e+00
 0.000000000000000000e+00
 0.000000000000000000e+00
 0.000000000000000000e+00
 0.000000000000000000e+00
 0.000000000000000000e+00
 0.000000000000000000e+00
 0.000000000000000000e+00
 0.000000000000000000e+00
 0.000000000000000000e+00
 0.000000000000000000e+00
 0.000000000000000000e+00
 0.000000000000000000e+00
 0.000000000000000000e+00
 0.000000000000000000e+00
 0.000000000000000000e+00
 0.000000000000000000e+00
 0.000000000000000000e+00
 0.000000000000000000e+00
 0.000000000000000000e+00
 0.000000000000000000e+00
 0.000000000000000000e+00
 0.000000000000000000e+00
 0.000000000000000000e+00
 0.000000000000000000e+00
 0.000000000000000000e+00
 0.000000000000000000e+00
 0.000000000000000000e+00
 0.000000000000000000e+00
 0.000000000000000000e+00
 0.000000000000000000e+00
 0.000000000000000000e+00
 0.000000000000000000e+00
 0.000000000000000000e+00
 0.000000000000000000e+00
 0.000000000000000000e+00
 0.000000000000000000e+00
 0.000000000000000000e+00
 0.000000000000000000e+00
 0.000000000000000000e+00
 0.000000000000000000e+00
 0.000000000000000000e+00
 0.000000000000000000e+00
 0.000000000000000000e+00
 0.000000000000000000e+00
 0.000000000000000000e+00
 0.000000000000000000e+00
 0.000000000000000000e+00
 0.000000000000000000e+00
 0.000000000000000000e+00
 0.000000000000000000e+00
 0.000000000000000000e+00
 0.000000000000000000e+00
 0.000000000000000000e+00
 0.000000000000000000e+00
 0.000000000000000000e+00
 0.000000000000000000e+00
 0.000000000000000000e+00
 0.000000000000000000e+00
 0.000000000000000000e+00
 0.000000000000000000e+00
 0.000000000000000000e+00
 0.000000000000000000e+00
 0.000000000000000000e+00
 0.000000000000000000e+00
 0.000000000000000000e+00
 0.000000000000000000e+00
 0.000000000000000000e+00
 0.000000000000000000e+00
 0.000000000000000000e+00
 0.000000000000000000e+00
 0.000000000000000000e+00
 0.000000000000000000e+00
 0.000000000000000000e+00
 0.000000000000000000e+00
 0.000000000000000000e+00
 0.000000000000000000e+00
 0.000000000000000000e+00
 0.000000000000000000e+00
 0.000000000000000000e+00
 0.000000000000000000e+00
 0.000000000000000000e+00
 0.000000000000000000e+00
 0.000000000000000000e+00
 0.000000000000000000e+00
 0.000000000000000000e+00
 0.000000000000000000e+00
 0.000000000000000000e+00
 0.000000000000000000e+00
 0.000000000000000000e+00
 0.000000000000000000e+00
 0.000000000000000000e+00
 0.000000000000000000e+00
 0.000000000000000000e+00
 0.000000000000000000e+00
 0.000000000000000000e+00
 0.000000000000000000e+00
 0.000000000000000000e+00
 0.000000000000000000e+00
 0.000000000000000000e+00
 0.000000000000000000e+00
 0.000000000000000000e+00
 0.000000000000000000e+00
 0.000000000000000000e+00
 0.000000000000000000e+00
 0.000000000000000000e+00
 0.000000000000000000e+00
 0.000000000000000000e+00
 0.000000000000000000e+00
 0.000000000000000000e+00
 0.000000000000000000e+00
 0.000000000000000000e+00
 0.000000000000000000e+00
 0.000000000000000000e+00
 0.000000000000000000e+00
 0.000000000000000000e+00
 0.000000000000000000e+00
 0.000000000000000000e+00
 0.000000000000000000e+00
 0.000000000000000000e+00
 0.000000000000000000e+00
 0.000000000000000000e+00
 0.000000000000000000e+00
 0.000000000000000000e+00
 0.000000000000000000e+00
 0.000000000000000000e+00
 0.000000000000000000e+00
 0.000000000000000000e+00
 0.000000000000000000e+00
 0.000000000000000000e+00
 0.000000000000000000e+00
 0.000000000000000000e+00
 0.000000000000000000e+00
 0.000000000000000000e+00
 0.000000000000000000e+00
 0.000000000000000000e+00
 0.000000000000000000e+00
 0.000000000000000000e+00
 0.000000000000000000e+00
 0.000000000000000000e+00
 0.000000000000000000e+00
 0.000000000000000000e+00
 0.000000000000000000e+00
 0.000000000000000000e+00
 0.000000000000000000e+00
 0.000000000000000000e+00
 0.000000000000000000e+00
 0.000000000000000000e+00
 0.000000000000000000e+00
 0.000000000000000000e+00
 0.000000000000000000e+00
 0.000000000000000000e+00
 0.000000000000000000e+00
 0.000000000000000000e+00
 0.000000000000000000e+00
 0.000000000000000000e+00
 0.000000000000000000e+00
 0.000000000000000000e+00
 0.000000000000000000e+00
 0.000000000000000000e+00
 0.000000000000000000e+00
 0.000000000000000000e+00
 0.000000000000000000e+00
 0.000000000000000000e+00
 0.000000000000000000e+00
 0.000000000000000000e+00
 0.000000000000000000e+00
 0.000000000000000000e+00
 0.000000000000000000e+00
 0.000000000000000000e+00
 0.000000000000000000e+00
 0.000000000000000000e+00
 0.000000000000000000e+00
 0.000000000000000000e+00
 0.000000000000000000e+00
 0.000000000000000000e+00
 0.000000000000000000e+00
 0.000000000000000000e+00
 0.000000000000000000e+00
 0.000000000000000000e+00
 0.000000000000000000e+00
 0.000000000000000000e+00
 0.000000000000000000e+00
 0.000000000000000000e+00
 0.000000000000000000e+00
 0.000000000000000000e+00
 0.000000000000000000e+00
 0.000000000000000000e+00
 0.000000000000000000e+00
 0.000000000000000000e+00
 0.000000000000000000e+00
 0.000000000000000000e+00
 0.000000000000000000e+00
 0.000000000000000000e+00
 0.000000000000000000e+00
 0.000000000000000000e+00
 0.000000000000000000e+00
 0.000000000000000000e+00
 0.000000000000000000e+00
 0.000000000000000000e+00
 0.000000000000000000e+00
 0.000000000000000000e+00
 0.000000000000000000e+00
 0.000000000000000000e+00
 0.000000000000000000e+00
 0.000000000000000000e+00
 0.000000000000000000e+00
 0.000000000000000000e+00
 0.000000000000000000e+00
 0.000000000000000000e+00
 0.000000000000000000e+00
 0.000000000000000000e+00
 0.000000000000000000e+00
 0.000000000000000000e+00
 0.000000000000000000e+00
 0.000000000000000000e+00
 0.000000000000000000e+00
 0.000000000000000000e+00
 0.000000000000000000e+00
 0.000000000000000000e+00
 0.000000000000000000e+00
 0.000000000000000000e+00
 0.000000000000000000e+00
 0.000000000000000000e+00
 0.000000000000000000e+00
 0.000000000000000000e+00
 0.000000000000000000e+00
 0.000000000000000000e+00
 0.000000000000000000e+00
 0.000000000000000000e+00
 0.000000000000000000e+00
 0.000000000000000000e+00
 0.000000000000000000e+00
 0.000000000000000000e+00
 0.000000000000000000e+00
 0.000000000000000000e+00
 0.000000000000000000e+00
 0.000000000000000000e+00
 0.000000000000000000e+00
 0.000000000000000000e+00
 0.000000000000000000e+00
 0.000000000000000000e+00
 0.000000000000000000e+00
 0.000000000000000000e+00
 0.000000000000000000e+00
 0.000000000000000000e+00
 0.000000000000000000e+00
 0.000000000000000000e+00
 0.000000000000000000e+00
 0.000000000000000000e+00
 0.000000000000000000e+00
 0.000000000000000000e+00
 0.000000000000000000e+00
 0.000000000000000000e+00
 0.000000000000000000e+00
 0.000000000000000000e+00
 0.000000000000000000e+00
 0.000000000000000000e+00
 0.000000000000000000e+00
 0.000000000000000000e+00
 0.000000000000000000e+00
 0.000000000000000000e+00
 0.000000000000000000e+00
 0.000000000000000000e+00
 0.000000000000000000e+00
 0.000000000000000000e+00
 0.000000000000000000e+00
 0.000000000000000000e+00
 0.000000000000000000e+00
 0.000000000000000000e+00
 0.000000000000000000e+00
 0.000000000000000000e+00
 0.000000000000000000e+00
 0.000000000000000000e+00
 0.000000000000000000e+00
 0.000000000000000000e+00
 0.000000000000000000e+00
 0.000000000000000000e+00
 0.000000000000000000e+00
 0.000000000000000000e+00
 0.000000000000000000e+00
 0.000000000000000000e+00
 0.000000000000000000e+00
 0.000000000000000000e+00
 0.000000000000000000e+00
 0.000000000000000000e+00
 0.000000000000000000e+00
 0.000000000000000000e+00
 0.000000000000000000e+00
 0.000000000000000000e+00
 0.000000000000000000e+00
 0.000000000000000000e+00
 0.000000000000000000e+00
 0.000000000000000000e+00
 0.000000000000000000e+00
 0.000000000000000000e+00
 0.000000000000000000e+00
 0.000000000000000000e+00
 0.000000000000000000e+00
 0.000000000000000000e+00
 0.000000000000000000e+00
 0.000000000000000000e+00
 0.000000000000000000e+00
 0.000000000000000000e+00
 0.000000000000000000e+00
 0.000000000000000000e+00
 0.000000000000000000e+00
 0.000000000000000000e+00
 0.000000000000000000e+00
 0.000000000000000000e+00
 0.000000000000000000e+00
 0.000000000000000000e+00
 0.000000000000000000e+00
 0.000000000000000000e+00
 0.000000000000000000e+00
 0.000000000000000000e+00
 0.000000000000000000e+00
 0.000000000000000000e+00
 0.000000000000000000e+00
 0.000000000000000000e+00
 0.000000000000000000e+00
 0.000000000000000000e+00
 0.000000000000000000e+00
 0.000000000000000000e+00
 0.000000000000000000e+00
 0.000000000000000000e+00
 0.000000000000000000e+00
 0.000000000000000000e+00
 0.000000000000000000e+00
 0.000000000000000000e+00
 0.000000000000000000e+00
 0.000000000000000000e+00
 0.000000000000000000e+00
 0.000000000000000000e+00
 0.000000000000000000e+00
 0.000000000000000000e+00
 0.000000000000000000e+00
 0.000000000000000000e+00
 0.000000000000000000e+00
 0.000000000000000000e+00
 0.000000000000000000e+00
 0.000000000000000000e+00
 0.000000000000000000e+00
 0.000000000000000000e+00
 0.000000000000000000e+00
 0.000000000000000000e+00
 0.000000000000000000e+00
 0.000000000000000000e+00
 0.000000000000000000e+00
 0.000000000000000000e+00
 0.000000000000000000e+00
 0.000000000000000000e+00
 0.000000000000000000e+00
 0.000000000000000000e+00
 0.000000000000000000e+00
 0.000000000000000000e+00
 0.000000000000000000e+00
 0.000000000000000000e+00
 0.000000000000000000e+00
 0.000000000000000000e+00
 0.000000000000000000e+00
 0.000000000000000000e+00
 0.000000000000000000e+00
 0.000000000000000000e+00
 0.000000000000000000e+00
 0.000000000000000000e+00
 0.000000000000000000e+00
 0.000000000000000000e+00
 0.000000000000000000e+00
 0.000000000000000000e+00
 0.000000000000000000e+00
 0.000000000000000000e+00
 0.000000000000000000e+00
 0.000000000000000000e+00
 0.000000000000000000e+00
 0.000000000000000000e+00
 0.000000000000000000e+00
 0.000000000000000000e+00
 0.000000000000000000e+00
 0.000000000000000000e+00
 0.000000000000000000e+00
 0.000000000000000000e+00
 0.000000000000000000e+00
 0.000000000000000000e+00
 0.000000000000000000e+00
 0.000000000000000000e+00
 0.000000000000000000e+00
 0.000000000000000000e+00
 0.000000000000000000e+00
 0.000000000000000000e+00
 0.000000000000000000e+00
 0.000000000000000000e+00
 0.000000000000000000e+00
 0.000000000000000000e+00
 0.000000000000000000e+00
 0.000000000000000000e+00
 0.000000000000000000e+00
 0.000000000000000000e+00
 0.000000000000000000e+00
 0.000000000000000000e+00
 0.000000000000000000e+00
 0.000000000000000000e+00
 0.000000000000000000e+00
 0.000000000000000000e+00
 0.000000000000000000e+00
 0.000000000000000000e+00
 0.000000000000000000e+00
 0.000000000000000000e+00
 0.000000000000000000e+00
 0.000000000000000000e+00
 0.000000000000000000e+00
 0.000000000000000000e+00
 0.000000000000000000e+00
 0.000000000000000000e+00
 0.000000000000000000e+00
 0.000000000000000000e+00
 0.000000000000000000e+00
 0.000000000000000000e+00
 0.000000000000000000e+00
 0.000000000000000000e+00
 0.000000000000000000e+00
 0.000000000000000000e+00
 0.000000000000000000e+00
 0.000000000000000000e+00
 0.000000000000000000e+00
 0.000000000000000000e+00
 0.000000000000000000e+00
 0.000000000000000000e+00
 0.000000000000000000e+00
 0.000000000000000000e+00
 0.000000000000000000e+00
 0.000000000000000000e+00
 0.000000000000000000e+00
 0.000000000000000000e+00
 0.000000000000000000e+00
 0.000000000000000000e+00
 </DataArray>
 <DataArray Name="S" type="Float32" NumberOfComponents="1" format="ascii">
 0.000000000000000000e+00
 0.000000000000000000e+00
 0.000000000000000000e+00
 0.000000000000000000e+00
 0.000000000000000000e+00
 0.000000000000000000e+00
 0.000000000000000000e+00
 0.000000000000000000e+00
 0.000000000000000000e+00
 0.000000000000000000e+00
 0.000000000000000000e+00
 0.000000000000000000e+00
 0.000000000000000000e+00
 0.000000000000000000e+00
 0.000000000000000000e+00
 0.000000000000000000e+00
 0.000000000000000000e+00
 0.000000000000000000e+00
 0.000000000000000000e+00
 0.000000000000000000e+00
 0.000000000000000000e+00
 0.000000000000000000e+00
 0.000000000000000000e+00
 0.000000000000000000e+00
 0.000000000000000000e+00
 0.000000000000000000e+00
 0.000000000000000000e+00
 0.000000000000000000e+00
 0.000000000000000000e+00
 0.000000000000000000e+00
 0.000000000000000000e+00
 0.000000000000000000e+00
 0.000000000000000000e+00
 0.000000000000000000e+00
 0.000000000000000000e+00
 0.000000000000000000e+00
 0.000000000000000000e+00
 0.000000000000000000e+00
 0.000000000000000000e+00
 0.000000000000000000e+00
 0.000000000000000000e+00
 0.000000000000000000e+00
 0.000000000000000000e+00
 0.000000000000000000e+00
 0.000000000000000000e+00
 0.000000000000000000e+00
 0.000000000000000000e+00
 0.000000000000000000e+00
 0.000000000000000000e+00
 0.000000000000000000e+00
 0.000000000000000000e+00
 0.000000000000000000e+00
 0.000000000000000000e+00
 0.000000000000000000e+00
 0.000000000000000000e+00
 0.000000000000000000e+00
 0.000000000000000000e+00
 0.000000000000000000e+00
 0.000000000000000000e+00
 0.000000000000000000e+00
 0.000000000000000000e+00
 0.000000000000000000e+00
 0.000000000000000000e+00
 0.000000000000000000e+00
 0.000000000000000000e+00
 0.000000000000000000e+00
 0.000000000000000000e+00
 0.000000000000000000e+00
 0.000000000000000000e+00
 0.000000000000000000e+00
 0.000000000000000000e+00
 0.000000000000000000e+00
 0.000000000000000000e+00
 0.000000000000000000e+00
 0.000000000000000000e+00
 0.000000000000000000e+00
 0.000000000000000000e+00
 0.000000000000000000e+00
 0.000000000000000000e+00
 0.000000000000000000e+00
 0.000000000000000000e+00
 0.000000000000000000e+00
 0.000000000000000000e+00
 0.000000000000000000e+00
 0.000000000000000000e+00
 0.000000000000000000e+00
 0.000000000000000000e+00
 0.000000000000000000e+00
 0.000000000000000000e+00
 0.000000000000000000e+00
 0.000000000000000000e+00
 0.000000000000000000e+00
 0.000000000000000000e+00
 0.000000000000000000e+00
 0.000000000000000000e+00
 0.000000000000000000e+00
 0.000000000000000000e+00
 0.000000000000000000e+00
 0.000000000000000000e+00
 0.000000000000000000e+00
 0.000000000000000000e+00
 0.000000000000000000e+00
 0.000000000000000000e+00
 0.000000000000000000e+00
 0.000000000000000000e+00
 0.000000000000000000e+00
 0.000000000000000000e+00
 0.000000000000000000e+00
 0.000000000000000000e+00
 0.000000000000000000e+00
 0.000000000000000000e+00
 0.000000000000000000e+00
 0.000000000000000000e+00
 0.000000000000000000e+00
 0.000000000000000000e+00
 0.000000000000000000e+00
 0.000000000000000000e+00
 0.000000000000000000e+00
 0.000000000000000000e+00
 0.000000000000000000e+00
 0.000000000000000000e+00
 0.000000000000000000e+00
 0.000000000000000000e+00
 0.000000000000000000e+00
 0.000000000000000000e+00
 0.000000000000000000e+00
 0.000000000000000000e+00
 0.000000000000000000e+00
 0.000000000000000000e+00
 0.000000000000000000e+00
 0.000000000000000000e+00
 0.000000000000000000e+00
 0.000000000000000000e+00
 0.000000000000000000e+00
 0.000000000000000000e+00
 0.000000000000000000e+00
 0.000000000000000000e+00
 0.000000000000000000e+00
 0.000000000000000000e+00
 0.000000000000000000e+00
 0.000000000000000000e+00
 0.000000000000000000e+00
 0.000000000000000000e+00
 0.000000000000000000e+00
 0.000000000000000000e+00
 0.000000000000000000e+00
 0.000000000000000000e+00
 0.000000000000000000e+00
 0.000000000000000000e+00
 0.000000000000000000e+00
 0.000000000000000000e+00
 0.000000000000000000e+00
 0.000000000000000000e+00
 0.000000000000000000e+00
 0.000000000000000000e+00
 0.000000000000000000e+00
 0.000000000000000000e+00
 0.000000000000000000e+00
 0.000000000000000000e+00
 0.000000000000000000e+00
 0.000000000000000000e+00
 0.000000000000000000e+00
 0.000000000000000000e+00
 0.000000000000000000e+00
 0.000000000000000000e+00
 0.000000000000000000e+00
 0.000000000000000000e+00
 0.000000000000000000e+00
 0.000000000000000000e+00
 0.000000000000000000e+00
 0.000000000000000000e+00
 0.000000000000000000e+00
 0.000000000000000000e+00
 0.000000000000000000e+00
 0.000000000000000000e+00
 0.000000000000000000e+00
 0.000000000000000000e+00
 0.000000000000000000e+00
 0.000000000000000000e+00
 0.000000000000000000e+00
 0.000000000000000000e+00
 0.000000000000000000e+00
 0.000000000000000000e+00
 0.000000000000000000e+00
 0.000000000000000000e+00
 0.000000000000000000e+00
 0.000000000000000000e+00
 0.000000000000000000e+00
 0.000000000000000000e+00
 0.000000000000000000e+00
 0.000000000000000000e+00
 0.000000000000000000e+00
 0.000000000000000000e+00
 0.000000000000000000e+00
 0.000000000000000000e+00
 0.000000000000000000e+00
 0.000000000000000000e+00
 0.000000000000000000e+00
 0.000000000000000000e+00
 0.000000000000000000e+00
 0.000000000000000000e+00
 0.000000000000000000e+00
 0.000000000000000000e+00
 0.000000000000000000e+00
 0.000000000000000000e+00
 0.000000000000000000e+00
 0.000000000000000000e+00
 0.000000000000000000e+00
 0.000000000000000000e+00
 0.000000000000000000e+00
 0.000000000000000000e+00
 0.000000000000000000e+00
 0.000000000000000000e+00
 0.000000000000000000e+00
 0.000000000000000000e+00
 0.000000000000000000e+00
 0.000000000000000000e+00
 0.000000000000000000e+00
 0.000000000000000000e+00
 0.000000000000000000e+00
 0.000000000000000000e+00
 0.000000000000000000e+00
 0.000000000000000000e+00
 0.000000000000000000e+00
 0.000000000000000000e+00
 0.000000000000000000e+00
 0.000000000000000000e+00
 0.000000000000000000e+00
 0.000000000000000000e+00
 0.000000000000000000e+00
 0.000000000000000000e+00
 0.000000000000000000e+00
 0.000000000000000000e+00
 0.000000000000000000e+00
 0.000000000000000000e+00
 0.000000000000000000e+00
 0.000000000000000000e+00
 0.000000000000000000e+00
 0.000000000000000000e+00
 0.000000000000000000e+00
 0.000000000000000000e+00
 0.000000000000000000e+00
 0.000000000000000000e+00
 0.000000000000000000e+00
 0.000000000000000000e+00
 0.000000000000000000e+00
 0.000000000000000000e+00
 0.000000000000000000e+00
 0.000000000000000000e+00
 0.000000000000000000e+00
 0.000000000000000000e+00
 0.000000000000000000e+00
 0.000000000000000000e+00
 0.000000000000000000e+00
 0.000000000000000000e+00
 0.000000000000000000e+00
 0.000000000000000000e+00
 0.000000000000000000e+00
 0.000000000000000000e+00
 0.000000000000000000e+00
 0.000000000000000000e+00
 0.000000000000000000e+00
 0.000000000000000000e+00
 0.000000000000000000e+00
 0.000000000000000000e+00
 0.000000000000000000e+00
 0.000000000000000000e+00
 0.000000000000000000e+00
 0.000000000000000000e+00
 0.000000000000000000e+00
 0.000000000000000000e+00
 0.000000000000000000e+00
 0.000000000000000000e+00
 0.000000000000000000e+00
 0.000000000000000000e+00
 0.000000000000000000e+00
 0.000000000000000000e+00
 0.000000000000000000e+00
 0.000000000000000000e+00
 0.000000000000000000e+00
 0.000000000000000000e+00
 0.000000000000000000e+00
 0.000000000000000000e+00
 0.000000000000000000e+00
 0.000000000000000000e+00
 0.000000000000000000e+00
 0.000000000000000000e+00
 0.000000000000000000e+00
 0.000000000000000000e+00
 0.000000000000000000e+00
 0.000000000000000000e+00
 0.000000000000000000e+00
 0.000000000000000000e+00
 0.000000000000000000e+00
 0.000000000000000000e+00
 0.000000000000000000e+00
 0.000000000000000000e+00
 0.000000000000000000e+00
 0.000000000000000000e+00
 0.000000000000000000e+00
 0.000000000000000000e+00
 0.000000000000000000e+00
 0.000000000000000000e+00
 0.000000000000000000e+00
 0.000000000000000000e+00
 0.000000000000000000e+00
 0.000000000000000000e+00
 0.000000000000000000e+00
 0.000000000000000000e+00
 0.000000000000000000e+00
 0.000000000000000000e+00
 0.000000000000000000e+00
 0.000000000000000000e+00
 0.000000000000000000e+00
 0.000000000000000000e+00
 0.000000000000000000e+00
 0.000000000000000000e+00
 0.000000000000000000e+00
 0.000000000000000000e+00
 0.000000000000000000e+00
 0.000000000000000000e+00
 0.000000000000000000e+00
 0.000000000000000000e+00
 0.000000000000000000e+00
 0.000000000000000000e+00
 0.000000000000000000e+00
 0.000000000000000000e+00
 0.000000000000000000e+00
 0.000000000000000000e+00
 0.000000000000000000e+00
 0.000000000000000000e+00
 0.000000000000000000e+00
 0.000000000000000000e+00
 0.000000000000000000e+00
 0.000000000000000000e+00
 0.000000000000000000e+00
 0.000000000000000000e+00
 0.000000000000000000e+00
 0.000000000000000000e+00
 0.000000000000000000e+00
 0.000000000000000000e+00
 0.000000000000000000e+00
 0.000000000000000000e+00
 0.000000000000000000e+00
 0.000000000000000000e+00
 0.000000000000000000e+00
 0.000000000000000000e+00
 0.000000000000000000e+00
 0.000000000000000000e+00
 0.000000000000000000e+00
 0.000000000000000000e+00
 0.000000000000000000e+00
 0.000000000000000000e+00
 0.000000000000000000e+00
 0.000000000000000000e+00
 0.000000000000000000e+00
 0.000000000000000000e+00
 0.000000000000000000e+00
 0.000000000000000000e+00
 0.000000000000000000e+00
 0.000000000000000000e+00
 0.000000000000000000e+00
 0.000000000000000000e+00
 0.000000000000000000e+00
 0.000000000000000000e+00
 0.000000000000000000e+00
 0.000000000000000000e+00
 0.000000000000000000e+00
 0.000000000000000000e+00
 0.000000000000000000e+00
 0.000000000000000000e+00
 0.000000000000000000e+00
 0.000000000000000000e+00
 0.000000000000000000e+00
 0.000000000000000000e+00
 0.000000000000000000e+00
 0.000000000000000000e+00
 0.000000000000000000e+00
 0.000000000000000000e+00
 0.000000000000000000e+00
 0.000000000000000000e+00
 0.000000000000000000e+00
 0.000000000000000000e+00
 0.000000000000000000e+00
 0.000000000000000000e+00
 0.000000000000000000e+00
 0.000000000000000000e+00
 0.000000000000000000e+00
 0.000000000000000000e+00
 0.000000000000000000e+00
 0.000000000000000000e+00
 0.000000000000000000e+00
 0.000000000000000000e+00
 0.000000000000000000e+00
 0.000000000000000000e+00
 0.000000000000000000e+00
 0.000000000000000000e+00
 0.000000000000000000e+00
 0.000000000000000000e+00
 0.000000000000000000e+00
 0.000000000000000000e+00
 0.000000000000000000e+00
 0.000000000000000000e+00
 0.000000000000000000e+00
 0.000000000000000000e+00
 0.000000000000000000e+00
 0.000000000000000000e+00
 0.000000000000000000e+00
 0.000000000000000000e+00
 0.000000000000000000e+00
 0.000000000000000000e+00
 0.000000000000000000e+00
 0.000000000000000000e+00
 0.000000000000000000e+00
 0.000000000000000000e+00
 0.000000000000000000e+00
 0.000000000000000000e+00
 0.000000000000000000e+00
 0.000000000000000000e+00
 0.000000000000000000e+00
 0.000000000000000000e+00
 0.000000000000000000e+00
 0.000000000000000000e+00
 0.000000000000000000e+00
 0.000000000000000000e+00
 0.000000000000000000e+00
 0.000000000000000000e+00
 0.000000000000000000e+00
 0.000000000000000000e+00
 0.000000000000000000e+00
 0.000000000000000000e+00
 0.000000000000000000e+00
 0.000000000000000000e+00
 0.000000000000000000e+00
 0.000000000000000000e+00
 0.000000000000000000e+00
 0.000000000000000000e+00
 0.000000000000000000e+00
 0.000000000000000000e+00
 0.000000000000000000e+00
 0.000000000000000000e+00
 0.000000000000000000e+00
 0.000000000000000000e+00
 0.000000000000000000e+00
 0.000000000000000000e+00
 0.000000000000000000e+00
 0.000000000000000000e+00
 0.000000000000000000e+00
 0.000000000000000000e+00
 0.000000000000000000e+00
 0.000000000000000000e+00
 0.000000000000000000e+00
 0.000000000000000000e+00
 0.000000000000000000e+00
 0.000000000000000000e+00
 0.000000000000000000e+00
 0.000000000000000000e+00
 0.000000000000000000e+00
 0.000000000000000000e+00
 0.000000000000000000e+00
 0.000000000000000000e+00
 0.000000000000000000e+00
 0.000000000000000000e+00
 0.000000000000000000e+00
 0.000000000000000000e+00
 0.000000000000000000e+00
 0.000000000000000000e+00
 0.000000000000000000e+00
 0.000000000000000000e+00
 0.000000000000000000e+00
 0.000000000000000000e+00
 0.000000000000000000e+00
 0.000000000000000000e+00
 0.000000000000000000e+00
 0.000000000000000000e+00
 0.000000000000000000e+00
 0.000000000000000000e+00
 0.000000000000000000e+00
 0.000000000000000000e+00
 0.000000000000000000e+00
 0.000000000000000000e+00
 0.000000000000000000e+00
 0.000000000000000000e+00
 0.000000000000000000e+00
 0.000000000000000000e+00
 0.000000000000000000e+00
 0.000000000000000000e+00
 0.000000000000000000e+00
 0.000000000000000000e+00
 0.000000000000000000e+00
 0.000000000000000000e+00
 0.000000000000000000e+00
 0.000000000000000000e+00
 0.000000000000000000e+00
 0.000000000000000000e+00
 0.000000000000000000e+00
 0.000000000000000000e+00
 0.000000000000000000e+00
 0.000000000000000000e+00
 0.000000000000000000e+00
 </DataArray>
 <DataArray Name="massf[0]-He" type="Float32" NumberOfComponents="1" format="ascii">
 1.000000000000000000e+00
 1.000000000000000000e+00
 1.000000000000000000e+00
 1.000000000000000000e+00
 1.000000000000000000e+00
 1.000000000000000000e+00
 1.000000000000000000e+00
 1.000000000000000000e+00
 1.000000000000000000e+00
 1.000000000000000000e+00
 1.000000000000000000e+00
 1.000000000000000000e+00
 1.000000000000000000e+00
 1.000000000000000000e+00
 1.000000000000000000e+00
 1.000000000000000000e+00
 1.000000000000000000e+00
 1.000000000000000000e+00
 1.000000000000000000e+00
 1.000000000000000000e+00
 1.000000000000000000e+00
 1.000000000000000000e+00
 1.000000000000000000e+00
 1.000000000000000000e+00
 1.000000000000000000e+00
 1.000000000000000000e+00
 1.000000000000000000e+00
 1.000000000000000000e+00
 1.000000000000000000e+00
 1.000000000000000000e+00
 1.000000000000000000e+00
 1.000000000000000000e+00
 1.000000000000000000e+00
 1.000000000000000000e+00
 1.000000000000000000e+00
 1.000000000000000000e+00
 1.000000000000000000e+00
 1.000000000000000000e+00
 1.000000000000000000e+00
 1.000000000000000000e+00
 1.000000000000000000e+00
 1.000000000000000000e+00
 1.000000000000000000e+00
 1.000000000000000000e+00
 1.000000000000000000e+00
 1.000000000000000000e+00
 1.000000000000000000e+00
 1.000000000000000000e+00
 1.000000000000000000e+00
 1.000000000000000000e+00
 1.000000000000000000e+00
 1.000000000000000000e+00
 1.000000000000000000e+00
 1.000000000000000000e+00
 1.000000000000000000e+00
 1.000000000000000000e+00
 1.000000000000000000e+00
 1.000000000000000000e+00
 1.000000000000000000e+00
 1.000000000000000000e+00
 1.000000000000000000e+00
 1.000000000000000000e+00
 1.000000000000000000e+00
 1.000000000000000000e+00
 1.000000000000000000e+00
 1.000000000000000000e+00
 1.000000000000000000e+00
 1.000000000000000000e+00
 1.000000000000000000e+00
 1.000000000000000000e+00
 1.000000000000000000e+00
 1.000000000000000000e+00
 1.000000000000000000e+00
 1.000000000000000000e+00
 1.000000000000000000e+00
 1.000000000000000000e+00
 1.000000000000000000e+00
 1.000000000000000000e+00
 1.000000000000000000e+00
 1.000000000000000000e+00
 1.000000000000000000e+00
 1.000000000000000000e+00
 1.000000000000000000e+00
 1.000000000000000000e+00
 1.000000000000000000e+00
 1.000000000000000000e+00
 1.000000000000000000e+00
 1.000000000000000000e+00
 1.000000000000000000e+00
 1.000000000000000000e+00
 1.000000000000000000e+00
 1.000000000000000000e+00
 1.000000000000000000e+00
 1.000000000000000000e+00
 1.000000000000000000e+00
 1.000000000000000000e+00
 1.000000000000000000e+00
 1.000000000000000000e+00
 1.000000000000000000e+00
 1.000000000000000000e+00
 1.000000000000000000e+00
 1.000000000000000000e+00
 1.000000000000000000e+00
 1.000000000000000000e+00
 1.000000000000000000e+00
 1.000000000000000000e+00
 1.000000000000000000e+00
 1.000000000000000000e+00
 1.000000000000000000e+00
 1.000000000000000000e+00
 1.000000000000000000e+00
 1.000000000000000000e+00
 1.000000000000000000e+00
 1.000000000000000000e+00
 1.000000000000000000e+00
 1.000000000000000000e+00
 1.000000000000000000e+00
 1.000000000000000000e+00
 1.000000000000000000e+00
 1.000000000000000000e+00
 1.000000000000000000e+00
 1.000000000000000000e+00
 1.000000000000000000e+00
 1.000000000000000000e+00
 1.000000000000000000e+00
 1.000000000000000000e+00
 1.000000000000000000e+00
 1.000000000000000000e+00
 1.000000000000000000e+00
 1.000000000000000000e+00
 1.000000000000000000e+00
 1.000000000000000000e+00
 1.000000000000000000e+00
 1.000000000000000000e+00
 1.000000000000000000e+00
 1.000000000000000000e+00
 1.000000000000000000e+00
 1.000000000000000000e+00
 1.000000000000000000e+00
 1.000000000000000000e+00
 1.000000000000000000e+00
 1.000000000000000000e+00
 1.000000000000000000e+00
 1.000000000000000000e+00
 1.000000000000000000e+00
 1.000000000000000000e+00
 1.000000000000000000e+00
 1.000000000000000000e+00
 1.000000000000000000e+00
 1.000000000000000000e+00
 1.000000000000000000e+00
 1.000000000000000000e+00
 1.000000000000000000e+00
 1.000000000000000000e+00
 1.000000000000000000e+00
 1.000000000000000000e+00
 1.000000000000000000e+00
 1.000000000000000000e+00
 1.000000000000000000e+00
 1.000000000000000000e+00
 1.000000000000000000e+00
 1.000000000000000000e+00
 1.000000000000000000e+00
 1.000000000000000000e+00
 1.000000000000000000e+00
 1.000000000000000000e+00
 1.000000000000000000e+00
 1.000000000000000000e+00
 1.000000000000000000e+00
 1.000000000000000000e+00
 1.000000000000000000e+00
 1.000000000000000000e+00
 1.000000000000000000e+00
 1.000000000000000000e+00
 1.000000000000000000e+00
 1.000000000000000000e+00
 1.000000000000000000e+00
 1.000000000000000000e+00
 1.000000000000000000e+00
 1.000000000000000000e+00
 1.000000000000000000e+00
 1.000000000000000000e+00
 1.000000000000000000e+00
 1.000000000000000000e+00
 1.000000000000000000e+00
 1.000000000000000000e+00
 1.000000000000000000e+00
 1.000000000000000000e+00
 1.000000000000000000e+00
 1.000000000000000000e+00
 1.000000000000000000e+00
 1.000000000000000000e+00
 1.000000000000000000e+00
 1.000000000000000000e+00
 1.000000000000000000e+00
 1.000000000000000000e+00
 1.000000000000000000e+00
 1.000000000000000000e+00
 1.000000000000000000e+00
 1.000000000000000000e+00
 1.000000000000000000e+00
 1.000000000000000000e+00
 1.000000000000000000e+00
 1.000000000000000000e+00
 1.000000000000000000e+00
 1.000000000000000000e+00
 1.000000000000000000e+00
 1.000000000000000000e+00
 1.000000000000000000e+00
 1.000000000000000000e+00
 1.000000000000000000e+00
 1.000000000000000000e+00
 1.000000000000000000e+00
 1.000000000000000000e+00
 1.000000000000000000e+00
 1.000000000000000000e+00
 1.000000000000000000e+00
 1.000000000000000000e+00
 1.000000000000000000e+00
 1.000000000000000000e+00
 1.000000000000000000e+00
 1.000000000000000000e+00
 1.000000000000000000e+00
 1.000000000000000000e+00
 1.000000000000000000e+00
 1.000000000000000000e+00
 1.000000000000000000e+00
 1.000000000000000000e+00
 1.000000000000000000e+00
 1.000000000000000000e+00
 1.000000000000000000e+00
 1.000000000000000000e+00
 1.000000000000000000e+00
 1.000000000000000000e+00
 1.000000000000000000e+00
 1.000000000000000000e+00
 1.000000000000000000e+00
 1.000000000000000000e+00
 1.000000000000000000e+00
 1.000000000000000000e+00
 1.000000000000000000e+00
 1.000000000000000000e+00
 1.000000000000000000e+00
 9.999999999999998890e-01
 1.000000000000000000e+00
 1.000000000000000000e+00
 1.000000000000000000e+00
 1.000000000000000000e+00
 1.000000000000000000e+00
 1.000000000000000000e+00
 1.000000000000000000e+00
 1.000000000000000000e+00
 1.000000000000000000e+00
 1.000000000000000000e+00
 1.000000000000000000e+00
 1.000000000000000000e+00
 1.000000000000000000e+00
 1.000000000000000000e+00
 1.000000000000000000e+00
 1.000000000000000000e+00
 1.000000000000000000e+00
 1.000000000000000000e+00
 1.000000000000000000e+00
 1.000000000000000000e+00
 1.000000000000000000e+00
 1.000000000000000000e+00
 1.000000000000000000e+00
 1.000000000000000000e+00
 1.000000000000000000e+00
 1.000000000000000000e+00
 1.000000000000000000e+00
 1.000000000000000000e+00
 1.000000000000000000e+00
 1.000000000000000000e+00
 1.000000000000000000e+00
 1.000000000000000000e+00
 1.000000000000000000e+00
 1.000000000000000000e+00
 1.000000000000000000e+00
 1.000000000000000000e+00
 1.000000000000000000e+00
 1.000000000000000000e+00
 1.000000000000000000e+00
 1.000000000000000000e+00
 1.000000000000000000e+00
 1.000000000000000000e+00
 1.000000000000000000e+00
 1.000000000000000000e+00
 1.000000000000000000e+00
 1.000000000000000000e+00
 1.000000000000000000e+00
 1.000000000000000000e+00
 1.000000000000000000e+00
 1.000000000000000000e+00
 1.000000000000000000e+00
 1.000000000000000000e+00
 1.000000000000000000e+00
 1.000000000000000000e+00
 1.000000000000000000e+00
 1.000000000000000000e+00
 1.000000000000000000e+00
 1.000000000000000000e+00
 1.000000000000000000e+00
 1.000000000000000000e+00
 1.000000000000000000e+00
 1.000000000000000000e+00
 1.000000000000000000e+00
 1.000000000000000000e+00
 1.000000000000000000e+00
 1.000000000000000000e+00
 1.000000000000000000e+00
 1.000000000000000000e+00
 1.000000000000000000e+00
 1.000000000000000000e+00
 1.000000000000000000e+00
 1.000000000000000000e+00
 1.000000000000000000e+00
 1.000000000000000000e+00
 1.000000000000000000e+00
 1.000000000000000000e+00
 1.000000000000000000e+00
 1.000000000000000000e+00
 1.000000000000000000e+00
 1.000000000000000000e+00
 1.000000000000000000e+00
 1.000000000000000000e+00
 1.000000000000000000e+00
 1.000000000000000000e+00
 1.000000000000000000e+00
 1.000000000000000000e+00
 1.000000000000000000e+00
 1.000000000000000000e+00
 1.000000000000000000e+00
 1.000000000000000000e+00
 1.000000000000000000e+00
 1.000000000000000000e+00
 1.000000000000000000e+00
 1.000000000000000000e+00
 1.000000000000000000e+00
 1.000000000000000000e+00
 1.000000000000000000e+00
 1.000000000000000000e+00
 1.000000000000000000e+00
 1.000000000000000000e+00
 1.000000000000000000e+00
 1.000000000000000000e+00
 1.000000000000000000e+00
 1.000000000000000000e+00
 1.000000000000000000e+00
 1.000000000000000000e+00
 1.000000000000000000e+00
 1.000000000000000000e+00
 1.000000000000000000e+00
 1.000000000000000000e+00
 1.000000000000000000e+00
 1.000000000000000000e+00
 1.000000000000000000e+00
 1.000000000000000000e+00
 1.000000000000000000e+00
 1.000000000000000000e+00
 1.000000000000000000e+00
 1.000000000000000000e+00
 1.000000000000000000e+00
 1.000000000000000000e+00
 1.000000000000000000e+00
 1.000000000000000000e+00
 1.000000000000000000e+00
 1.000000000000000000e+00
 1.000000000000000000e+00
 1.000000000000000000e+00
 1.000000000000000000e+00
 1.000000000000000000e+00
 1.000000000000000000e+00
 1.000000000000000000e+00
 1.000000000000000000e+00
 1.000000000000000000e+00
 1.000000000000000000e+00
 1.000000000000000000e+00
 1.000000000000000000e+00
 1.000000000000000000e+00
 1.000000000000000000e+00
 1.000000000000000000e+00
 1.000000000000000000e+00
 1.000000000000000000e+00
 1.000000000000000000e+00
 1.000000000000000000e+00
 1.000000000000000000e+00
 1.000000000000000000e+00
 1.000000000000000000e+00
 1.000000000000000000e+00
 1.000000000000000000e+00
 1.000000000000000000e+00
 1.000000000000000000e+00
 1.000000000000000000e+00
 1.000000000000000000e+00
 1.000000000000000000e+00
 1.000000000000000000e+00
 1.000000000000000000e+00
 1.000000000000000000e+00
 1.000000000000000000e+00
 1.000000000000000000e+00
 1.000000000000000000e+00
 1.000000000000000000e+00
 1.000000000000000000e+00
 1.000000000000000000e+00
 1.000000000000000000e+00
 1.000000000000000000e+00
 1.000000000000000000e+00
 1.000000000000000000e+00
 1.000000000000000000e+00
 1.000000000000000000e+00
 1.000000000000000000e+00
 1.000000000000000000e+00
 1.000000000000000000e+00
 1.000000000000000000e+00
 1.000000000000000000e+00
 1.000000000000000000e+00
 1.000000000000000000e+00
 1.000000000000000000e+00
 1.000000000000000000e+00
 1.000000000000000000e+00
 1.000000000000000000e+00
 1.000000000000000000e+00
 1.000000000000000000e+00
 1.000000000000000000e+00
 1.000000000000000000e+00
 1.000000000000000000e+00
 1.000000000000000000e+00
 1.000000000000000000e+00
 1.000000000000000000e+00
 1.000000000000000000e+00
 1.000000000000000000e+00
 1.000000000000000000e+00
 1.000000000000000000e+00
 1.000000000000000000e+00
 1.000000000000000000e+00
 1.000000000000000000e+00
 1.000000000000000000e+00
 1.000000000000000000e+00
 1.000000000000000000e+00
 1.000000000000000000e+00
 1.000000000000000000e+00
 1.000000000000000000e+00
 1.000000000000000000e+00
 1.000000000000000000e+00
 1.000000000000000000e+00
 1.000000000000000000e+00
 1.000000000000000000e+00
 1.000000000000000000e+00
 1.000000000000000000e+00
 1.000000000000000000e+00
 1.000000000000000000e+00
 1.000000000000000000e+00
 1.000000000000000000e+00
 1.000000000000000000e+00
 1.000000000000000000e+00
 1.000000000000000000e+00
 1.000000000000000000e+00
 1.000000000000000000e+00
 1.000000000000000000e+00
 1.000000000000000000e+00
 1.000000000000000000e+00
 1.000000000000000000e+00
 1.000000000000000000e+00
 1.000000000000000000e+00
 1.000000000000000000e+00
 1.000000000000000000e+00
 1.000000000000000000e+00
 1.000000000000000000e+00
 1.000000000000000000e+00
 1.000000000000000000e+00
 1.000000000000000000e+00
 1.000000000000000000e+00
 1.000000000000000000e+00
 1.000000000000000000e+00
 1.000000000000000000e+00
 1.000000000000000000e+00
 1.000000000000000000e+00
 1.000000000000000000e+00
 1.000000000000000000e+00
 1.000000000000000000e+00
 1.000000000000000000e+00
 1.000000000000000000e+00
 1.000000000000000000e+00
 1.000000000000000000e+00
 1.000000000000000000e+00
 1.000000000000000000e+00
 1.000000000000000000e+00
 1.000000000000000000e+00
 1.000000000000000000e+00
 1.000000000000000000e+00
 1.000000000000000000e+00
 1.000000000000000000e+00
 9.999999999999998890e-01
 1.000000000000000000e+00
 9.999999999999998890e-01
 9.999999999999998890e-01
 9.999999999999998890e-01
 9.999999999999998890e-01
 1.000000000000000000e+00
 </DataArray>
 <DataArray Name="massf[1]-N2" type="Float32" NumberOfComponents="1" format="ascii">
 0.000000000000000000e+00
 0.000000000000000000e+00
 0.000000000000000000e+00
 0.000000000000000000e+00
 0.000000000000000000e+00
 0.000000000000000000e+00
 0.000000000000000000e+00
 0.000000000000000000e+00
 0.000000000000000000e+00
 0.000000000000000000e+00
 0.000000000000000000e+00
 0.000000000000000000e+00
 0.000000000000000000e+00
 0.000000000000000000e+00
 0.000000000000000000e+00
 0.000000000000000000e+00
 0.000000000000000000e+00
 0.000000000000000000e+00
 0.000000000000000000e+00
 0.000000000000000000e+00
 0.000000000000000000e+00
 0.000000000000000000e+00
 0.000000000000000000e+00
 0.000000000000000000e+00
 0.000000000000000000e+00
 0.000000000000000000e+00
 0.000000000000000000e+00
 0.000000000000000000e+00
 0.000000000000000000e+00
 0.000000000000000000e+00
 0.000000000000000000e+00
 0.000000000000000000e+00
 0.000000000000000000e+00
 0.000000000000000000e+00
 0.000000000000000000e+00
 0.000000000000000000e+00
 0.000000000000000000e+00
 0.000000000000000000e+00
 0.000000000000000000e+00
 0.000000000000000000e+00
 0.000000000000000000e+00
 0.000000000000000000e+00
 0.000000000000000000e+00
 0.000000000000000000e+00
 0.000000000000000000e+00
 0.000000000000000000e+00
 0.000000000000000000e+00
 0.000000000000000000e+00
 0.000000000000000000e+00
 0.000000000000000000e+00
 0.000000000000000000e+00
 0.000000000000000000e+00
 0.000000000000000000e+00
 0.000000000000000000e+00
 0.000000000000000000e+00
 0.000000000000000000e+00
 0.000000000000000000e+00
 0.000000000000000000e+00
 0.000000000000000000e+00
 0.000000000000000000e+00
 0.000000000000000000e+00
 0.000000000000000000e+00
 0.000000000000000000e+00
 0.000000000000000000e+00
 0.000000000000000000e+00
 0.000000000000000000e+00
 0.000000000000000000e+00
 0.000000000000000000e+00
 0.000000000000000000e+00
 0.000000000000000000e+00
 0.000000000000000000e+00
 0.000000000000000000e+00
 0.000000000000000000e+00
 0.000000000000000000e+00
 0.000000000000000000e+00
 0.000000000000000000e+00
 0.000000000000000000e+00
 0.000000000000000000e+00
 0.000000000000000000e+00
 0.000000000000000000e+00
 0.000000000000000000e+00
 0.000000000000000000e+00
 0.000000000000000000e+00
 0.000000000000000000e+00
 0.000000000000000000e+00
 0.000000000000000000e+00
 0.000000000000000000e+00
 0.000000000000000000e+00
 0.000000000000000000e+00
 0.000000000000000000e+00
 0.000000000000000000e+00
 0.000000000000000000e+00
 0.000000000000000000e+00
 0.000000000000000000e+00
 0.000000000000000000e+00
 0.000000000000000000e+00
 0.000000000000000000e+00
 0.000000000000000000e+00
 0.000000000000000000e+00
 0.000000000000000000e+00
 0.000000000000000000e+00
 0.000000000000000000e+00
 0.000000000000000000e+00
 0.000000000000000000e+00
 0.000000000000000000e+00
 0.000000000000000000e+00
 0.000000000000000000e+00
 0.000000000000000000e+00
 0.000000000000000000e+00
 0.000000000000000000e+00
 0.000000000000000000e+00
 0.000000000000000000e+00
 0.000000000000000000e+00
 0.000000000000000000e+00
 0.000000000000000000e+00
 0.000000000000000000e+00
 0.000000000000000000e+00
 0.000000000000000000e+00
 0.000000000000000000e+00
 0.000000000000000000e+00
 0.000000000000000000e+00
 0.000000000000000000e+00
 0.000000000000000000e+00
 0.000000000000000000e+00
 0.000000000000000000e+00
 0.000000000000000000e+00
 0.000000000000000000e+00
 0.000000000000000000e+00
 0.000000000000000000e+00
 0.000000000000000000e+00
 0.000000000000000000e+00
 0.000000000000000000e+00
 0.000000000000000000e+00
 0.000000000000000000e+00
 0.000000000000000000e+00
 0.000000000000000000e+00
 0.000000000000000000e+00
 0.000000000000000000e+00
 0.000000000000000000e+00
 0.000000000000000000e+00
 0.000000000000000000e+00
 0.000000000000000000e+00
 0.000000000000000000e+00
 0.000000000000000000e+00
 0.000000000000000000e+00
 0.000000000000000000e+00
 0.000000000000000000e+00
 0.000000000000000000e+00
 0.000000000000000000e+00
 0.000000000000000000e+00
 0.000000000000000000e+00
 0.000000000000000000e+00
 0.000000000000000000e+00
 0.000000000000000000e+00
 0.000000000000000000e+00
 0.000000000000000000e+00
 0.000000000000000000e+00
 0.000000000000000000e+00
 0.000000000000000000e+00
 0.000000000000000000e+00
 0.000000000000000000e+00
 0.000000000000000000e+00
 0.000000000000000000e+00
 0.000000000000000000e+00
 0.000000000000000000e+00
 0.000000000000000000e+00
 0.000000000000000000e+00
 0.000000000000000000e+00
 0.000000000000000000e+00
 0.000000000000000000e+00
 0.000000000000000000e+00
 0.000000000000000000e+00
 0.000000000000000000e+00
 0.000000000000000000e+00
 0.000000000000000000e+00
 0.000000000000000000e+00
 0.000000000000000000e+00
 0.000000000000000000e+00
 0.000000000000000000e+00
 0.000000000000000000e+00
 0.000000000000000000e+00
 0.000000000000000000e+00
 0.000000000000000000e+00
 0.000000000000000000e+00
 0.000000000000000000e+00
 0.000000000000000000e+00
 0.000000000000000000e+00
 0.000000000000000000e+00
 0.000000000000000000e+00
 0.000000000000000000e+00
 0.000000000000000000e+00
 0.000000000000000000e+00
 0.000000000000000000e+00
 0.000000000000000000e+00
 0.000000000000000000e+00
 0.000000000000000000e+00
 0.000000000000000000e+00
 0.000000000000000000e+00
 0.000000000000000000e+00
 0.000000000000000000e+00
 0.000000000000000000e+00
 0.000000000000000000e+00
 0.000000000000000000e+00
 0.000000000000000000e+00
 0.000000000000000000e+00
 0.000000000000000000e+00
 0.000000000000000000e+00
 0.000000000000000000e+00
 0.000000000000000000e+00
 0.000000000000000000e+00
 0.000000000000000000e+00
 0.000000000000000000e+00
 0.000000000000000000e+00
 0.000000000000000000e+00
 0.000000000000000000e+00
 0.000000000000000000e+00
 0.000000000000000000e+00
 0.000000000000000000e+00
 0.000000000000000000e+00
 0.000000000000000000e+00
 0.000000000000000000e+00
 0.000000000000000000e+00
 0.000000000000000000e+00
 0.000000000000000000e+00
 0.000000000000000000e+00
 0.000000000000000000e+00
 0.000000000000000000e+00
 0.000000000000000000e+00
 0.000000000000000000e+00
 0.000000000000000000e+00
 0.000000000000000000e+00
 0.000000000000000000e+00
 0.000000000000000000e+00
 0.000000000000000000e+00
 0.000000000000000000e+00
 0.000000000000000000e+00
 0.000000000000000000e+00
 0.000000000000000000e+00
 0.000000000000000000e+00
 0.000000000000000000e+00
 0.000000000000000000e+00
 0.000000000000000000e+00
 0.000000000000000000e+00
 0.000000000000000000e+00
 0.000000000000000000e+00
 0.000000000000000000e+00
 0.000000000000000000e+00
 0.000000000000000000e+00
 0.000000000000000000e+00
 0.000000000000000000e+00
 0.000000000000000000e+00
 0.000000000000000000e+00
 0.000000000000000000e+00
 0.000000000000000000e+00
 0.000000000000000000e+00
 0.000000000000000000e+00
 0.000000000000000000e+00
 0.000000000000000000e+00
 0.000000000000000000e+00
 0.000000000000000000e+00
 0.000000000000000000e+00
 0.000000000000000000e+00
 0.000000000000000000e+00
 0.000000000000000000e+00
 0.000000000000000000e+00
 0.000000000000000000e+00
 0.000000000000000000e+00
 0.000000000000000000e+00
 0.000000000000000000e+00
 0.000000000000000000e+00
 0.000000000000000000e+00
 0.000000000000000000e+00
 0.000000000000000000e+00
 0.000000000000000000e+00
 0.000000000000000000e+00
 0.000000000000000000e+00
 0.000000000000000000e+00
 0.000000000000000000e+00
 0.000000000000000000e+00
 0.000000000000000000e+00
 0.000000000000000000e+00
 0.000000000000000000e+00
 0.000000000000000000e+00
 0.000000000000000000e+00
 0.000000000000000000e+00
 0.000000000000000000e+00
 0.000000000000000000e+00
 0.000000000000000000e+00
 0.000000000000000000e+00
 0.000000000000000000e+00
 0.000000000000000000e+00
 0.000000000000000000e+00
 0.000000000000000000e+00
 0.000000000000000000e+00
 0.000000000000000000e+00
 0.000000000000000000e+00
 0.000000000000000000e+00
 0.000000000000000000e+00
 0.000000000000000000e+00
 0.000000000000000000e+00
 0.000000000000000000e+00
 0.000000000000000000e+00
 0.000000000000000000e+00
 0.000000000000000000e+00
 0.000000000000000000e+00
 0.000000000000000000e+00
 0.000000000000000000e+00
 0.000000000000000000e+00
 0.000000000000000000e+00
 0.000000000000000000e+00
 0.000000000000000000e+00
 0.000000000000000000e+00
 0.000000000000000000e+00
 0.000000000000000000e+00
 0.000000000000000000e+00
 0.000000000000000000e+00
 0.000000000000000000e+00
 0.000000000000000000e+00
 0.000000000000000000e+00
 0.000000000000000000e+00
 0.000000000000000000e+00
 0.000000000000000000e+00
 0.000000000000000000e+00
 0.000000000000000000e+00
 0.000000000000000000e+00
 0.000000000000000000e+00
 0.000000000000000000e+00
 0.000000000000000000e+00
 0.000000000000000000e+00
 0.000000000000000000e+00
 0.000000000000000000e+00
 0.000000000000000000e+00
 0.000000000000000000e+00
 0.000000000000000000e+00
 0.000000000000000000e+00
 0.000000000000000000e+00
 0.000000000000000000e+00
 0.000000000000000000e+00
 0.000000000000000000e+00
 0.000000000000000000e+00
 0.000000000000000000e+00
 0.000000000000000000e+00
 0.000000000000000000e+00
 0.000000000000000000e+00
 0.000000000000000000e+00
 0.000000000000000000e+00
 0.000000000000000000e+00
 0.000000000000000000e+00
 0.000000000000000000e+00
 0.000000000000000000e+00
 0.000000000000000000e+00
 0.000000000000000000e+00
 0.000000000000000000e+00
 0.000000000000000000e+00
 0.000000000000000000e+00
 0.000000000000000000e+00
 0.000000000000000000e+00
 0.000000000000000000e+00
 0.000000000000000000e+00
 0.000000000000000000e+00
 0.000000000000000000e+00
 0.000000000000000000e+00
 0.000000000000000000e+00
 0.000000000000000000e+00
 0.000000000000000000e+00
 0.000000000000000000e+00
 0.000000000000000000e+00
 0.000000000000000000e+00
 0.000000000000000000e+00
 0.000000000000000000e+00
 0.000000000000000000e+00
 0.000000000000000000e+00
 0.000000000000000000e+00
 0.000000000000000000e+00
 0.000000000000000000e+00
 0.000000000000000000e+00
 0.000000000000000000e+00
 0.000000000000000000e+00
 0.000000000000000000e+00
 0.000000000000000000e+00
 0.000000000000000000e+00
 0.000000000000000000e+00
 0.000000000000000000e+00
 0.000000000000000000e+00
 0.000000000000000000e+00
 0.000000000000000000e+00
 0.000000000000000000e+00
 0.000000000000000000e+00
 0.000000000000000000e+00
 0.000000000000000000e+00
 0.000000000000000000e+00
 0.000000000000000000e+00
 0.000000000000000000e+00
 0.000000000000000000e+00
 0.000000000000000000e+00
 0.000000000000000000e+00
 0.000000000000000000e+00
 0.000000000000000000e+00
 0.000000000000000000e+00
 0.000000000000000000e+00
 0.000000000000000000e+00
 0.000000000000000000e+00
 0.000000000000000000e+00
 0.000000000000000000e+00
 0.000000000000000000e+00
 0.000000000000000000e+00
 0.000000000000000000e+00
 0.000000000000000000e+00
 0.000000000000000000e+00
 0.000000000000000000e+00
 0.000000000000000000e+00
 0.000000000000000000e+00
 0.000000000000000000e+00
 0.000000000000000000e+00
 0.000000000000000000e+00
 0.000000000000000000e+00
 0.000000000000000000e+00
 0.000000000000000000e+00
 0.000000000000000000e+00
 0.000000000000000000e+00
 0.000000000000000000e+00
 0.000000000000000000e+00
 0.000000000000000000e+00
 0.000000000000000000e+00
 0.000000000000000000e+00
 0.000000000000000000e+00
 0.000000000000000000e+00
 0.000000000000000000e+00
 0.000000000000000000e+00
 0.000000000000000000e+00
 0.000000000000000000e+00
 0.000000000000000000e+00
 0.000000000000000000e+00
 0.000000000000000000e+00
 0.000000000000000000e+00
 0.000000000000000000e+00
 0.000000000000000000e+00
 0.000000000000000000e+00
 0.000000000000000000e+00
 0.000000000000000000e+00
 0.000000000000000000e+00
 0.000000000000000000e+00
 0.000000000000000000e+00
 0.000000000000000000e+00
 0.000000000000000000e+00
 0.000000000000000000e+00
 0.000000000000000000e+00
 0.000000000000000000e+00
 0.000000000000000000e+00
 0.000000000000000000e+00
 0.000000000000000000e+00
 0.000000000000000000e+00
 0.000000000000000000e+00
 0.000000000000000000e+00
 0.000000000000000000e+00
 0.000000000000000000e+00
 0.000000000000000000e+00
 0.000000000000000000e+00
 0.000000000000000000e+00
 0.000000000000000000e+00
 0.000000000000000000e+00
 0.000000000000000000e+00
 0.000000000000000000e+00
 0.000000000000000000e+00
 0.000000000000000000e+00
 0.000000000000000000e+00
 0.000000000000000000e+00
 0.000000000000000000e+00
 0.000000000000000000e+00
 0.000000000000000000e+00
 0.000000000000000000e+00
 0.000000000000000000e+00
 0.000000000000000000e+00
 0.000000000000000000e+00
 0.000000000000000000e+00
 0.000000000000000000e+00
 0.000000000000000000e+00
 0.000000000000000000e+00
 0.000000000000000000e+00
 0.000000000000000000e+00
 0.000000000000000000e+00
 0.000000000000000000e+00
 0.000000000000000000e+00
 0.000000000000000000e+00
 0.000000000000000000e+00
 0.000000000000000000e+00
 0.000000000000000000e+00
 0.000000000000000000e+00
 0.000000000000000000e+00
 0.000000000000000000e+00
 0.000000000000000000e+00
 0.000000000000000000e+00
 0.000000000000000000e+00
 0.000000000000000000e+00
 0.000000000000000000e+00
 0.000000000000000000e+00
 0.000000000000000000e+00
 0.000000000000000000e+00
 0.000000000000000000e+00
 0.000000000000000000e+00
 </DataArray>
 <DataArray Name="massf[2]-O2" type="Float32" NumberOfComponents="1" format="ascii">
 0.000000000000000000e+00
 0.000000000000000000e+00
 0.000000000000000000e+00
 0.000000000000000000e+00
 0.000000000000000000e+00
 0.000000000000000000e+00
 0.000000000000000000e+00
 0.000000000000000000e+00
 0.000000000000000000e+00
 0.000000000000000000e+00
 0.000000000000000000e+00
 0.000000000000000000e+00
 0.000000000000000000e+00
 0.000000000000000000e+00
 0.000000000000000000e+00
 0.000000000000000000e+00
 0.000000000000000000e+00
 0.000000000000000000e+00
 0.000000000000000000e+00
 0.000000000000000000e+00
 0.000000000000000000e+00
 0.000000000000000000e+00
 0.000000000000000000e+00
 0.000000000000000000e+00
 0.000000000000000000e+00
 0.000000000000000000e+00
 0.000000000000000000e+00
 0.000000000000000000e+00
 0.000000000000000000e+00
 0.000000000000000000e+00
 0.000000000000000000e+00
 0.000000000000000000e+00
 0.000000000000000000e+00
 0.000000000000000000e+00
 0.000000000000000000e+00
 0.000000000000000000e+00
 0.000000000000000000e+00
 0.000000000000000000e+00
 0.000000000000000000e+00
 0.000000000000000000e+00
 0.000000000000000000e+00
 0.000000000000000000e+00
 0.000000000000000000e+00
 0.000000000000000000e+00
 0.000000000000000000e+00
 0.000000000000000000e+00
 0.000000000000000000e+00
 0.000000000000000000e+00
 0.000000000000000000e+00
 0.000000000000000000e+00
 0.000000000000000000e+00
 0.000000000000000000e+00
 0.000000000000000000e+00
 0.000000000000000000e+00
 0.000000000000000000e+00
 0.000000000000000000e+00
 0.000000000000000000e+00
 0.000000000000000000e+00
 0.000000000000000000e+00
 0.000000000000000000e+00
 0.000000000000000000e+00
 0.000000000000000000e+00
 0.000000000000000000e+00
 0.000000000000000000e+00
 0.000000000000000000e+00
 0.000000000000000000e+00
 0.000000000000000000e+00
 0.000000000000000000e+00
 0.000000000000000000e+00
 0.000000000000000000e+00
 0.000000000000000000e+00
 0.000000000000000000e+00
 0.000000000000000000e+00
 0.000000000000000000e+00
 0.000000000000000000e+00
 0.000000000000000000e+00
 0.000000000000000000e+00
 0.000000000000000000e+00
 0.000000000000000000e+00
 0.000000000000000000e+00
 0.000000000000000000e+00
 0.000000000000000000e+00
 0.000000000000000000e+00
 0.000000000000000000e+00
 0.000000000000000000e+00
 0.000000000000000000e+00
 0.000000000000000000e+00
 0.000000000000000000e+00
 0.000000000000000000e+00
 0.000000000000000000e+00
 0.000000000000000000e+00
 0.000000000000000000e+00
 0.000000000000000000e+00
 0.000000000000000000e+00
 0.000000000000000000e+00
 0.000000000000000000e+00
 0.000000000000000000e+00
 0.000000000000000000e+00
 0.000000000000000000e+00
 0.000000000000000000e+00
 0.000000000000000000e+00
 0.000000000000000000e+00
 0.000000000000000000e+00
 0.000000000000000000e+00
 0.000000000000000000e+00
 0.000000000000000000e+00
 0.000000000000000000e+00
 0.000000000000000000e+00
 0.000000000000000000e+00
 0.000000000000000000e+00
 0.000000000000000000e+00
 0.000000000000000000e+00
 0.000000000000000000e+00
 0.000000000000000000e+00
 0.000000000000000000e+00
 0.000000000000000000e+00
 0.000000000000000000e+00
 0.000000000000000000e+00
 0.000000000000000000e+00
 0.000000000000000000e+00
 0.000000000000000000e+00
 0.000000000000000000e+00
 0.000000000000000000e+00
 0.000000000000000000e+00
 0.000000000000000000e+00
 0.000000000000000000e+00
 0.000000000000000000e+00
 0.000000000000000000e+00
 0.000000000000000000e+00
 0.000000000000000000e+00
 0.000000000000000000e+00
 0.000000000000000000e+00
 0.000000000000000000e+00
 0.000000000000000000e+00
 0.000000000000000000e+00
 0.000000000000000000e+00
 0.000000000000000000e+00
 0.000000000000000000e+00
 0.000000000000000000e+00
 0.000000000000000000e+00
 0.000000000000000000e+00
 0.000000000000000000e+00
 0.000000000000000000e+00
 0.000000000000000000e+00
 0.000000000000000000e+00
 0.000000000000000000e+00
 0.000000000000000000e+00
 0.000000000000000000e+00
 0.000000000000000000e+00
 0.000000000000000000e+00
 0.000000000000000000e+00
 0.000000000000000000e+00
 0.000000000000000000e+00
 0.000000000000000000e+00
 0.000000000000000000e+00
 0.000000000000000000e+00
 0.000000000000000000e+00
 0.000000000000000000e+00
 0.000000000000000000e+00
 0.000000000000000000e+00
 0.000000000000000000e+00
 0.000000000000000000e+00
 0.000000000000000000e+00
 0.000000000000000000e+00
 0.000000000000000000e+00
 0.000000000000000000e+00
 0.000000000000000000e+00
 0.000000000000000000e+00
 0.000000000000000000e+00
 0.000000000000000000e+00
 0.000000000000000000e+00
 0.000000000000000000e+00
 0.000000000000000000e+00
 0.000000000000000000e+00
 0.000000000000000000e+00
 0.000000000000000000e+00
 0.000000000000000000e+00
 0.000000000000000000e+00
 0.000000000000000000e+00
 0.000000000000000000e+00
 0.000000000000000000e+00
 0.000000000000000000e+00
 0.000000000000000000e+00
 0.000000000000000000e+00
 0.000000000000000000e+00
 0.000000000000000000e+00
 0.000000000000000000e+00
 0.000000000000000000e+00
 0.000000000000000000e+00
 0.000000000000000000e+00
 0.000000000000000000e+00
 0.000000000000000000e+00
 0.000000000000000000e+00
 0.000000000000000000e+00
 0.000000000000000000e+00
 0.000000000000000000e+00
 0.000000000000000000e+00
 0.000000000000000000e+00
 0.000000000000000000e+00
 0.000000000000000000e+00
 0.000000000000000000e+00
 0.000000000000000000e+00
 0.000000000000000000e+00
 0.000000000000000000e+00
 0.000000000000000000e+00
 0.000000000000000000e+00
 0.000000000000000000e+00
 0.000000000000000000e+00
 0.000000000000000000e+00
 0.000000000000000000e+00
 0.000000000000000000e+00
 0.000000000000000000e+00
 0.000000000000000000e+00
 0.000000000000000000e+00
 0.000000000000000000e+00
 0.000000000000000000e+00
 0.000000000000000000e+00
 0.000000000000000000e+00
 0.000000000000000000e+00
 0.000000000000000000e+00
 0.000000000000000000e+00
 0.000000000000000000e+00
 0.000000000000000000e+00
 0.000000000000000000e+00
 0.000000000000000000e+00
 0.000000000000000000e+00
 0.000000000000000000e+00
 0.000000000000000000e+00
 0.000000000000000000e+00
 0.000000000000000000e+00
 0.000000000000000000e+00
 0.000000000000000000e+00
 0.000000000000000000e+00
 0.000000000000000000e+00
 0.000000000000000000e+00
 0.000000000000000000e+00
 0.000000000000000000e+00
 0.000000000000000000e+00
 0.000000000000000000e+00
 0.000000000000000000e+00
 0.000000000000000000e+00
 0.000000000000000000e+00
 0.000000000000000000e+00
 0.000000000000000000e+00
 0.000000000000000000e+00
 0.000000000000000000e+00
 0.000000000000000000e+00
 0.000000000000000000e+00
 0.000000000000000000e+00
 0.000000000000000000e+00
 0.000000000000000000e+00
 0.000000000000000000e+00
 0.000000000000000000e+00
 0.000000000000000000e+00
 0.000000000000000000e+00
 0.000000000000000000e+00
 0.000000000000000000e+00
 0.000000000000000000e+00
 0.000000000000000000e+00
 0.000000000000000000e+00
 0.000000000000000000e+00
 0.000000000000000000e+00
 0.000000000000000000e+00
 0.000000000000000000e+00
 0.000000000000000000e+00
 0.000000000000000000e+00
 0.000000000000000000e+00
 0.000000000000000000e+00
 0.000000000000000000e+00
 0.000000000000000000e+00
 0.000000000000000000e+00
 0.000000000000000000e+00
 0.000000000000000000e+00
 0.000000000000000000e+00
 0.000000000000000000e+00
 0.000000000000000000e+00
 0.000000000000000000e+00
 0.000000000000000000e+00
 0.000000000000000000e+00
 0.000000000000000000e+00
 0.000000000000000000e+00
 0.000000000000000000e+00
 0.000000000000000000e+00
 0.000000000000000000e+00
 0.000000000000000000e+00
 0.000000000000000000e+00
 0.000000000000000000e+00
 0.000000000000000000e+00
 0.000000000000000000e+00
 0.000000000000000000e+00
 0.000000000000000000e+00
 0.000000000000000000e+00
 0.000000000000000000e+00
 0.000000000000000000e+00
 0.000000000000000000e+00
 0.000000000000000000e+00
 0.000000000000000000e+00
 0.000000000000000000e+00
 0.000000000000000000e+00
 0.000000000000000000e+00
 0.000000000000000000e+00
 0.000000000000000000e+00
 0.000000000000000000e+00
 0.000000000000000000e+00
 0.000000000000000000e+00
 0.000000000000000000e+00
 0.000000000000000000e+00
 0.000000000000000000e+00
 0.000000000000000000e+00
 0.000000000000000000e+00
 0.000000000000000000e+00
 0.000000000000000000e+00
 0.000000000000000000e+00
 0.000000000000000000e+00
 0.000000000000000000e+00
 0.000000000000000000e+00
 0.000000000000000000e+00
 0.000000000000000000e+00
 0.000000000000000000e+00
 0.000000000000000000e+00
 0.000000000000000000e+00
 0.000000000000000000e+00
 0.000000000000000000e+00
 0.000000000000000000e+00
 0.000000000000000000e+00
 0.000000000000000000e+00
 0.000000000000000000e+00
 0.000000000000000000e+00
 0.000000000000000000e+00
 0.000000000000000000e+00
 0.000000000000000000e+00
 0.000000000000000000e+00
 0.000000000000000000e+00
 0.000000000000000000e+00
 0.000000000000000000e+00
 0.000000000000000000e+00
 0.000000000000000000e+00
 0.000000000000000000e+00
 0.000000000000000000e+00
 0.000000000000000000e+00
 0.000000000000000000e+00
 0.000000000000000000e+00
 0.000000000000000000e+00
 0.000000000000000000e+00
 0.000000000000000000e+00
 0.000000000000000000e+00
 0.000000000000000000e+00
 0.000000000000000000e+00
 0.000000000000000000e+00
 0.000000000000000000e+00
 0.000000000000000000e+00
 0.000000000000000000e+00
 0.000000000000000000e+00
 0.000000000000000000e+00
 0.000000000000000000e+00
 0.000000000000000000e+00
 0.000000000000000000e+00
 0.000000000000000000e+00
 0.000000000000000000e+00
 0.000000000000000000e+00
 0.000000000000000000e+00
 0.000000000000000000e+00
 0.000000000000000000e+00
 0.000000000000000000e+00
 0.000000000000000000e+00
 0.000000000000000000e+00
 0.000000000000000000e+00
 0.000000000000000000e+00
 0.000000000000000000e+00
 0.000000000000000000e+00
 0.000000000000000000e+00
 0.000000000000000000e+00
 0.000000000000000000e+00
 0.000000000000000000e+00
 0.000000000000000000e+00
 0.000000000000000000e+00
 0.000000000000000000e+00
 0.000000000000000000e+00
 0.000000000000000000e+00
 0.000000000000000000e+00
 0.000000000000000000e+00
 0.000000000000000000e+00
 0.000000000000000000e+00
 0.000000000000000000e+00
 0.000000000000000000e+00
 0.000000000000000000e+00
 0.000000000000000000e+00
 0.000000000000000000e+00
 0.000000000000000000e+00
 0.000000000000000000e+00
 0.000000000000000000e+00
 0.000000000000000000e+00
 0.000000000000000000e+00
 0.000000000000000000e+00
 0.000000000000000000e+00
 0.000000000000000000e+00
 0.000000000000000000e+00
 0.000000000000000000e+00
 0.000000000000000000e+00
 0.000000000000000000e+00
 0.000000000000000000e+00
 0.000000000000000000e+00
 0.000000000000000000e+00
 0.000000000000000000e+00
 0.000000000000000000e+00
 0.000000000000000000e+00
 0.000000000000000000e+00
 0.000000000000000000e+00
 0.000000000000000000e+00
 0.000000000000000000e+00
 0.000000000000000000e+00
 0.000000000000000000e+00
 0.000000000000000000e+00
 0.000000000000000000e+00
 0.000000000000000000e+00
 0.000000000000000000e+00
 0.000000000000000000e+00
 0.000000000000000000e+00
 0.000000000000000000e+00
 0.000000000000000000e+00
 0.000000000000000000e+00
 0.000000000000000000e+00
 0.000000000000000000e+00
 0.000000000000000000e+00
 0.000000000000000000e+00
 0.000000000000000000e+00
 0.000000000000000000e+00
 0.000000000000000000e+00
 0.000000000000000000e+00
 0.000000000000000000e+00
 0.000000000000000000e+00
 0.000000000000000000e+00
 0.000000000000000000e+00
 0.000000000000000000e+00
 0.000000000000000000e+00
 0.000000000000000000e+00
 0.000000000000000000e+00
 0.000000000000000000e+00
 0.000000000000000000e+00
 0.000000000000000000e+00
 0.000000000000000000e+00
 0.000000000000000000e+00
 0.000000000000000000e+00
 0.000000000000000000e+00
 0.000000000000000000e+00
 0.000000000000000000e+00
 0.000000000000000000e+00
 0.000000000000000000e+00
 0.000000000000000000e+00
 0.000000000000000000e+00
 0.000000000000000000e+00
 0.000000000000000000e+00
 0.000000000000000000e+00
 0.000000000000000000e+00
 0.000000000000000000e+00
 0.000000000000000000e+00
 0.000000000000000000e+00
 0.000000000000000000e+00
 0.000000000000000000e+00
 0.000000000000000000e+00
 0.000000000000000000e+00
 0.000000000000000000e+00
 0.000000000000000000e+00
 0.000000000000000000e+00
 0.000000000000000000e+00
 0.000000000000000000e+00
 0.000000000000000000e+00
 0.000000000000000000e+00
 0.000000000000000000e+00
 0.000000000000000000e+00
 0.000000000000000000e+00
 0.000000000000000000e+00
 0.000000000000000000e+00
 0.000000000000000000e+00
 0.000000000000000000e+00
 0.000000000000000000e+00
 0.000000000000000000e+00
 0.000000000000000000e+00
 0.000000000000000000e+00
 0.000000000000000000e+00
 0.000000000000000000e+00
 0.000000000000000000e+00
 0.000000000000000000e+00
 0.000000000000000000e+00
 0.000000000000000000e+00
 0.000000000000000000e+00
 0.000000000000000000e+00
 0.000000000000000000e+00
 0.000000000000000000e+00
 0.000000000000000000e+00
 0.000000000000000000e+00
 0.000000000000000000e+00
 0.000000000000000000e+00
 0.000000000000000000e+00
 0.000000000000000000e+00
 0.000000000000000000e+00
 0.000000000000000000e+00
 0.000000000000000000e+00
 0.000000000000000000e+00
 0.000000000000000000e+00
 </DataArray>
 <DataArray Name="massf[3]-N" type="Float32" NumberOfComponents="1" format="ascii">
 0.000000000000000000e+00
 0.000000000000000000e+00
 0.000000000000000000e+00
 0.000000000000000000e+00
 0.000000000000000000e+00
 0.000000000000000000e+00
 0.000000000000000000e+00
 0.000000000000000000e+00
 0.000000000000000000e+00
 0.000000000000000000e+00
 0.000000000000000000e+00
 0.000000000000000000e+00
 0.000000000000000000e+00
 0.000000000000000000e+00
 0.000000000000000000e+00
 0.000000000000000000e+00
 0.000000000000000000e+00
 0.000000000000000000e+00
 0.000000000000000000e+00
 0.000000000000000000e+00
 0.000000000000000000e+00
 0.000000000000000000e+00
 0.000000000000000000e+00
 0.000000000000000000e+00
 0.000000000000000000e+00
 0.000000000000000000e+00
 0.000000000000000000e+00
 0.000000000000000000e+00
 0.000000000000000000e+00
 0.000000000000000000e+00
 0.000000000000000000e+00
 0.000000000000000000e+00
 0.000000000000000000e+00
 0.000000000000000000e+00
 0.000000000000000000e+00
 0.000000000000000000e+00
 0.000000000000000000e+00
 0.000000000000000000e+00
 0.000000000000000000e+00
 0.000000000000000000e+00
 0.000000000000000000e+00
 0.000000000000000000e+00
 0.000000000000000000e+00
 0.000000000000000000e+00
 0.000000000000000000e+00
 0.000000000000000000e+00
 0.000000000000000000e+00
 0.000000000000000000e+00
 0.000000000000000000e+00
 0.000000000000000000e+00
 0.000000000000000000e+00
 0.000000000000000000e+00
 0.000000000000000000e+00
 0.000000000000000000e+00
 0.000000000000000000e+00
 0.000000000000000000e+00
 0.000000000000000000e+00
 0.000000000000000000e+00
 0.000000000000000000e+00
 0.000000000000000000e+00
 0.000000000000000000e+00
 0.000000000000000000e+00
 0.000000000000000000e+00
 0.000000000000000000e+00
 0.000000000000000000e+00
 0.000000000000000000e+00
 0.000000000000000000e+00
 0.000000000000000000e+00
 0.000000000000000000e+00
 0.000000000000000000e+00
 0.000000000000000000e+00
 0.000000000000000000e+00
 0.000000000000000000e+00
 0.000000000000000000e+00
 0.000000000000000000e+00
 0.000000000000000000e+00
 0.000000000000000000e+00
 0.000000000000000000e+00
 0.000000000000000000e+00
 0.000000000000000000e+00
 0.000000000000000000e+00
 0.000000000000000000e+00
 0.000000000000000000e+00
 0.000000000000000000e+00
 0.000000000000000000e+00
 0.000000000000000000e+00
 0.000000000000000000e+00
 0.000000000000000000e+00
 0.000000000000000000e+00
 0.000000000000000000e+00
 0.000000000000000000e+00
 0.000000000000000000e+00
 0.000000000000000000e+00
 0.000000000000000000e+00
 0.000000000000000000e+00
 0.000000000000000000e+00
 0.000000000000000000e+00
 0.000000000000000000e+00
 0.000000000000000000e+00
 0.000000000000000000e+00
 0.000000000000000000e+00
 0.000000000000000000e+00
 0.000000000000000000e+00
 0.000000000000000000e+00
 0.000000000000000000e+00
 0.000000000000000000e+00
 0.000000000000000000e+00
 0.000000000000000000e+00
 0.000000000000000000e+00
 0.000000000000000000e+00
 0.000000000000000000e+00
 0.000000000000000000e+00
 0.000000000000000000e+00
 0.000000000000000000e+00
 0.000000000000000000e+00
 0.000000000000000000e+00
 0.000000000000000000e+00
 0.000000000000000000e+00
 0.000000000000000000e+00
 0.000000000000000000e+00
 0.000000000000000000e+00
 0.000000000000000000e+00
 0.000000000000000000e+00
 0.000000000000000000e+00
 0.000000000000000000e+00
 0.000000000000000000e+00
 0.000000000000000000e+00
 0.000000000000000000e+00
 0.000000000000000000e+00
 0.000000000000000000e+00
 0.000000000000000000e+00
 0.000000000000000000e+00
 0.000000000000000000e+00
 0.000000000000000000e+00
 0.000000000000000000e+00
 0.000000000000000000e+00
 0.000000000000000000e+00
 0.000000000000000000e+00
 0.000000000000000000e+00
 0.000000000000000000e+00
 0.000000000000000000e+00
 0.000000000000000000e+00
 0.000000000000000000e+00
 0.000000000000000000e+00
 0.000000000000000000e+00
 0.000000000000000000e+00
 0.000000000000000000e+00
 0.000000000000000000e+00
 0.000000000000000000e+00
 0.000000000000000000e+00
 0.000000000000000000e+00
 0.000000000000000000e+00
 0.000000000000000000e+00
 0.000000000000000000e+00
 0.000000000000000000e+00
 0.000000000000000000e+00
 0.000000000000000000e+00
 0.000000000000000000e+00
 0.000000000000000000e+00
 0.000000000000000000e+00
 0.000000000000000000e+00
 0.000000000000000000e+00
 0.000000000000000000e+00
 0.000000000000000000e+00
 0.000000000000000000e+00
 0.000000000000000000e+00
 0.000000000000000000e+00
 0.000000000000000000e+00
 0.000000000000000000e+00
 0.000000000000000000e+00
 0.000000000000000000e+00
 0.000000000000000000e+00
 0.000000000000000000e+00
 0.000000000000000000e+00
 0.000000000000000000e+00
 0.000000000000000000e+00
 0.000000000000000000e+00
 0.000000000000000000e+00
 0.000000000000000000e+00
 0.000000000000000000e+00
 0.000000000000000000e+00
 0.000000000000000000e+00
 0.000000000000000000e+00
 0.000000000000000000e+00
 0.000000000000000000e+00
 0.000000000000000000e+00
 0.000000000000000000e+00
 0.000000000000000000e+00
 0.000000000000000000e+00
 0.000000000000000000e+00
 0.000000000000000000e+00
 0.000000000000000000e+00
 0.000000000000000000e+00
 0.000000000000000000e+00
 0.000000000000000000e+00
 0.000000000000000000e+00
 0.000000000000000000e+00
 0.000000000000000000e+00
 0.000000000000000000e+00
 0.000000000000000000e+00
 0.000000000000000000e+00
 0.000000000000000000e+00
 0.000000000000000000e+00
 0.000000000000000000e+00
 0.000000000000000000e+00
 0.000000000000000000e+00
 0.000000000000000000e+00
 0.000000000000000000e+00
 0.000000000000000000e+00
 0.000000000000000000e+00
 0.000000000000000000e+00
 0.000000000000000000e+00
 0.000000000000000000e+00
 0.000000000000000000e+00
 0.000000000000000000e+00
 0.000000000000000000e+00
 0.000000000000000000e+00
 0.000000000000000000e+00
 0.000000000000000000e+00
 0.000000000000000000e+00
 0.000000000000000000e+00
 0.000000000000000000e+00
 0.000000000000000000e+00
 0.000000000000000000e+00
 0.000000000000000000e+00
 0.000000000000000000e+00
 0.000000000000000000e+00
 0.000000000000000000e+00
 0.000000000000000000e+00
 0.000000000000000000e+00
 0.000000000000000000e+00
 0.000000000000000000e+00
 0.000000000000000000e+00
 0.000000000000000000e+00
 0.000000000000000000e+00
 0.000000000000000000e+00
 0.000000000000000000e+00
 0.000000000000000000e+00
 0.000000000000000000e+00
 0.000000000000000000e+00
 0.000000000000000000e+00
 0.000000000000000000e+00
 0.000000000000000000e+00
 0.000000000000000000e+00
 0.000000000000000000e+00
 0.000000000000000000e+00
 0.000000000000000000e+00
 0.000000000000000000e+00
 0.000000000000000000e+00
 0.000000000000000000e+00
 0.000000000000000000e+00
 0.000000000000000000e+00
 0.000000000000000000e+00
 0.000000000000000000e+00
 0.000000000000000000e+00
 0.000000000000000000e+00
 0.000000000000000000e+00
 0.000000000000000000e+00
 0.000000000000000000e+00
 0.000000000000000000e+00
 0.000000000000000000e+00
 0.000000000000000000e+00
 0.000000000000000000e+00
 0.000000000000000000e+00
 0.000000000000000000e+00
 0.000000000000000000e+00
 0.000000000000000000e+00
 0.000000000000000000e+00
 0.000000000000000000e+00
 0.000000000000000000e+00
 0.000000000000000000e+00
 0.000000000000000000e+00
 0.000000000000000000e+00
 0.000000000000000000e+00
 0.000000000000000000e+00
 0.000000000000000000e+00
 0.000000000000000000e+00
 0.000000000000000000e+00
 0.000000000000000000e+00
 0.000000000000000000e+00
 0.000000000000000000e+00
 0.000000000000000000e+00
 0.000000000000000000e+00
 0.000000000000000000e+00
 0.000000000000000000e+00
 0.000000000000000000e+00
 0.000000000000000000e+00
 0.000000000000000000e+00
 0.000000000000000000e+00
 0.000000000000000000e+00
 0.000000000000000000e+00
 0.000000000000000000e+00
 0.000000000000000000e+00
 0.000000000000000000e+00
 0.000000000000000000e+00
 0.000000000000000000e+00
 0.000000000000000000e+00
 0.000000000000000000e+00
 0.000000000000000000e+00
 0.000000000000000000e+00
 0.000000000000000000e+00
 0.000000000000000000e+00
 0.000000000000000000e+00
 0.000000000000000000e+00
 0.000000000000000000e+00
 0.000000000000000000e+00
 0.000000000000000000e+00
 0.000000000000000000e+00
 0.000000000000000000e+00
 0.000000000000000000e+00
 0.000000000000000000e+00
 0.000000000000000000e+00
 0.000000000000000000e+00
 0.000000000000000000e+00
 0.000000000000000000e+00
 0.000000000000000000e+00
 0.000000000000000000e+00
 0.000000000000000000e+00
 0.000000000000000000e+00
 0.000000000000000000e+00
 0.000000000000000000e+00
 0.000000000000000000e+00
 0.000000000000000000e+00
 0.000000000000000000e+00
 0.000000000000000000e+00
 0.000000000000000000e+00
 0.000000000000000000e+00
 0.000000000000000000e+00
 0.000000000000000000e+00
 0.000000000000000000e+00
 0.000000000000000000e+00
 0.000000000000000000e+00
 0.000000000000000000e+00
 0.000000000000000000e+00
 0.000000000000000000e+00
 0.000000000000000000e+00
 0.000000000000000000e+00
 0.000000000000000000e+00
 0.000000000000000000e+00
 0.000000000000000000e+00
 0.000000000000000000e+00
 0.000000000000000000e+00
 0.000000000000000000e+00
 0.000000000000000000e+00
 0.000000000000000000e+00
 0.000000000000000000e+00
 0.000000000000000000e+00
 0.000000000000000000e+00
 0.000000000000000000e+00
 0.000000000000000000e+00
 0.000000000000000000e+00
 0.000000000000000000e+00
 0.000000000000000000e+00
 0.000000000000000000e+00
 0.000000000000000000e+00
 0.000000000000000000e+00
 0.000000000000000000e+00
 0.000000000000000000e+00
 0.000000000000000000e+00
 0.000000000000000000e+00
 0.000000000000000000e+00
 0.000000000000000000e+00
 0.000000000000000000e+00
 0.000000000000000000e+00
 0.000000000000000000e+00
 0.000000000000000000e+00
 0.000000000000000000e+00
 0.000000000000000000e+00
 0.000000000000000000e+00
 0.000000000000000000e+00
 0.000000000000000000e+00
 0.000000000000000000e+00
 0.000000000000000000e+00
 0.000000000000000000e+00
 0.000000000000000000e+00
 0.000000000000000000e+00
 0.000000000000000000e+00
 0.000000000000000000e+00
 0.000000000000000000e+00
 0.000000000000000000e+00
 0.000000000000000000e+00
 0.000000000000000000e+00
 0.000000000000000000e+00
 0.000000000000000000e+00
 0.000000000000000000e+00
 0.000000000000000000e+00
 0.000000000000000000e+00
 0.000000000000000000e+00
 0.000000000000000000e+00
 0.000000000000000000e+00
 0.000000000000000000e+00
 0.000000000000000000e+00
 0.000000000000000000e+00
 0.000000000000000000e+00
 0.000000000000000000e+00
 0.000000000000000000e+00
 0.000000000000000000e+00
 0.000000000000000000e+00
 0.000000000000000000e+00
 0.000000000000000000e+00
 0.000000000000000000e+00
 0.000000000000000000e+00
 0.000000000000000000e+00
 0.000000000000000000e+00
 0.000000000000000000e+00
 0.000000000000000000e+00
 0.000000000000000000e+00
 0.000000000000000000e+00
 0.000000000000000000e+00
 0.000000000000000000e+00
 0.000000000000000000e+00
 0.000000000000000000e+00
 0.000000000000000000e+00
 0.000000000000000000e+00
 0.000000000000000000e+00
 0.000000000000000000e+00
 0.000000000000000000e+00
 0.000000000000000000e+00
 0.000000000000000000e+00
 0.000000000000000000e+00
 0.000000000000000000e+00
 0.000000000000000000e+00
 0.000000000000000000e+00
 0.000000000000000000e+00
 0.000000000000000000e+00
 0.000000000000000000e+00
 0.000000000000000000e+00
 0.000000000000000000e+00
 0.000000000000000000e+00
 0.000000000000000000e+00
 0.000000000000000000e+00
 0.000000000000000000e+00
 0.000000000000000000e+00
 0.000000000000000000e+00
 0.000000000000000000e+00
 0.000000000000000000e+00
 0.000000000000000000e+00
 0.000000000000000000e+00
 0.000000000000000000e+00
 0.000000000000000000e+00
 0.000000000000000000e+00
 0.000000000000000000e+00
 0.000000000000000000e+00
 0.000000000000000000e+00
 0.000000000000000000e+00
 0.000000000000000000e+00
 0.000000000000000000e+00
 0.000000000000000000e+00
 0.000000000000000000e+00
 0.000000000000000000e+00
 0.000000000000000000e+00
 0.000000000000000000e+00
 0.000000000000000000e+00
 0.000000000000000000e+00
 0.000000000000000000e+00
 0.000000000000000000e+00
 0.000000000000000000e+00
 0.000000000000000000e+00
 0.000000000000000000e+00
 0.000000000000000000e+00
 0.000000000000000000e+00
 0.000000000000000000e+00
 0.000000000000000000e+00
 0.000000000000000000e+00
 0.000000000000000000e+00
 0.000000000000000000e+00
 0.000000000000000000e+00
 0.000000000000000000e+00
 0.000000000000000000e+00
 0.000000000000000000e+00
 0.000000000000000000e+00
 0.000000000000000000e+00
 0.000000000000000000e+00
 0.000000000000000000e+00
 0.000000000000000000e+00
 0.000000000000000000e+00
 0.000000000000000000e+00
 0.000000000000000000e+00
 0.000000000000000000e+00
 0.000000000000000000e+00
 0.000000000000000000e+00
 0.000000000000000000e+00
 0.000000000000000000e+00
 0.000000000000000000e+00
 0.000000000000000000e+00
 0.000000000000000000e+00
 0.000000000000000000e+00
 0.000000000000000000e+00
 0.000000000000000000e+00
 0.000000000000000000e+00
 0.000000000000000000e+00
 0.000000000000000000e+00
 0.000000000000000000e+00
 0.000000000000000000e+00
 0.000000000000000000e+00
 0.000000000000000000e+00
 0.000000000000000000e+00
 0.000000000000000000e+00
 0.000000000000000000e+00
 0.000000000000000000e+00
 </DataArray>
 <DataArray Name="massf[4]-O" type="Float32" NumberOfComponents="1" format="ascii">
 0.000000000000000000e+00
 0.000000000000000000e+00
 0.000000000000000000e+00
 0.000000000000000000e+00
 0.000000000000000000e+00
 0.000000000000000000e+00
 0.000000000000000000e+00
 0.000000000000000000e+00
 0.000000000000000000e+00
 0.000000000000000000e+00
 0.000000000000000000e+00
 0.000000000000000000e+00
 0.000000000000000000e+00
 0.000000000000000000e+00
 0.000000000000000000e+00
 0.000000000000000000e+00
 0.000000000000000000e+00
 0.000000000000000000e+00
 0.000000000000000000e+00
 0.000000000000000000e+00
 0.000000000000000000e+00
 0.000000000000000000e+00
 0.000000000000000000e+00
 0.000000000000000000e+00
 0.000000000000000000e+00
 0.000000000000000000e+00
 0.000000000000000000e+00
 0.000000000000000000e+00
 0.000000000000000000e+00
 0.000000000000000000e+00
 0.000000000000000000e+00
 0.000000000000000000e+00
 0.000000000000000000e+00
 0.000000000000000000e+00
 0.000000000000000000e+00
 0.000000000000000000e+00
 0.000000000000000000e+00
 0.000000000000000000e+00
 0.000000000000000000e+00
 0.000000000000000000e+00
 0.000000000000000000e+00
 0.000000000000000000e+00
 0.000000000000000000e+00
 0.000000000000000000e+00
 0.000000000000000000e+00
 0.000000000000000000e+00
 0.000000000000000000e+00
 0.000000000000000000e+00
 0.000000000000000000e+00
 0.000000000000000000e+00
 0.000000000000000000e+00
 0.000000000000000000e+00
 0.000000000000000000e+00
 0.000000000000000000e+00
 0.000000000000000000e+00
 0.000000000000000000e+00
 0.000000000000000000e+00
 0.000000000000000000e+00
 0.000000000000000000e+00
 0.000000000000000000e+00
 0.000000000000000000e+00
 0.000000000000000000e+00
 0.000000000000000000e+00
 0.000000000000000000e+00
 0.000000000000000000e+00
 0.000000000000000000e+00
 0.000000000000000000e+00
 0.000000000000000000e+00
 0.000000000000000000e+00
 0.000000000000000000e+00
 0.000000000000000000e+00
 0.000000000000000000e+00
 0.000000000000000000e+00
 0.000000000000000000e+00
 0.000000000000000000e+00
 0.000000000000000000e+00
 0.000000000000000000e+00
 0.000000000000000000e+00
 0.000000000000000000e+00
 0.000000000000000000e+00
 0.000000000000000000e+00
 0.000000000000000000e+00
 0.000000000000000000e+00
 0.000000000000000000e+00
 0.000000000000000000e+00
 0.000000000000000000e+00
 0.000000000000000000e+00
 0.000000000000000000e+00
 0.000000000000000000e+00
 0.000000000000000000e+00
 0.000000000000000000e+00
 0.000000000000000000e+00
 0.000000000000000000e+00
 0.000000000000000000e+00
 0.000000000000000000e+00
 0.000000000000000000e+00
 0.000000000000000000e+00
 0.000000000000000000e+00
 0.000000000000000000e+00
 0.000000000000000000e+00
 0.000000000000000000e+00
 0.000000000000000000e+00
 0.000000000000000000e+00
 0.000000000000000000e+00
 0.000000000000000000e+00
 0.000000000000000000e+00
 0.000000000000000000e+00
 0.000000000000000000e+00
 0.000000000000000000e+00
 0.000000000000000000e+00
 0.000000000000000000e+00
 0.000000000000000000e+00
 0.000000000000000000e+00
 0.000000000000000000e+00
 0.000000000000000000e+00
 0.000000000000000000e+00
 0.000000000000000000e+00
 0.000000000000000000e+00
 0.000000000000000000e+00
 0.000000000000000000e+00
 0.000000000000000000e+00
 0.000000000000000000e+00
 0.000000000000000000e+00
 0.000000000000000000e+00
 0.000000000000000000e+00
 0.000000000000000000e+00
 0.000000000000000000e+00
 0.000000000000000000e+00
 0.000000000000000000e+00
 0.000000000000000000e+00
 0.000000000000000000e+00
 0.000000000000000000e+00
 0.000000000000000000e+00
 0.000000000000000000e+00
 0.000000000000000000e+00
 0.000000000000000000e+00
 0.000000000000000000e+00
 0.000000000000000000e+00
 0.000000000000000000e+00
 0.000000000000000000e+00
 0.000000000000000000e+00
 0.000000000000000000e+00
 0.000000000000000000e+00
 0.000000000000000000e+00
 0.000000000000000000e+00
 0.000000000000000000e+00
 0.000000000000000000e+00
 0.000000000000000000e+00
 0.000000000000000000e+00
 0.000000000000000000e+00
 0.000000000000000000e+00
 0.000000000000000000e+00
 0.000000000000000000e+00
 0.000000000000000000e+00
 0.000000000000000000e+00
 0.000000000000000000e+00
 0.000000000000000000e+00
 0.000000000000000000e+00
 0.000000000000000000e+00
 0.000000000000000000e+00
 0.000000000000000000e+00
 0.000000000000000000e+00
 0.000000000000000000e+00
 0.000000000000000000e+00
 0.000000000000000000e+00
 0.000000000000000000e+00
 0.000000000000000000e+00
 0.000000000000000000e+00
 0.000000000000000000e+00
 0.000000000000000000e+00
 0.000000000000000000e+00
 0.000000000000000000e+00
 0.000000000000000000e+00
 0.000000000000000000e+00
 0.000000000000000000e+00
 0.000000000000000000e+00
 0.000000000000000000e+00
 0.000000000000000000e+00
 0.000000000000000000e+00
 0.000000000000000000e+00
 0.000000000000000000e+00
 0.000000000000000000e+00
 0.000000000000000000e+00
 0.000000000000000000e+00
 0.000000000000000000e+00
 0.000000000000000000e+00
 0.000000000000000000e+00
 0.000000000000000000e+00
 0.000000000000000000e+00
 0.000000000000000000e+00
 0.000000000000000000e+00
 0.000000000000000000e+00
 0.000000000000000000e+00
 0.000000000000000000e+00
 0.000000000000000000e+00
 0.000000000000000000e+00
 0.000000000000000000e+00
 0.000000000000000000e+00
 0.000000000000000000e+00
 0.000000000000000000e+00
 0.000000000000000000e+00
 0.000000000000000000e+00
 0.000000000000000000e+00
 0.000000000000000000e+00
 0.000000000000000000e+00
 0.000000000000000000e+00
 0.000000000000000000e+00
 0.000000000000000000e+00
 0.000000000000000000e+00
 0.000000000000000000e+00
 0.000000000000000000e+00
 0.000000000000000000e+00
 0.000000000000000000e+00
 0.000000000000000000e+00
 0.000000000000000000e+00
 0.000000000000000000e+00
 0.000000000000000000e+00
 0.000000000000000000e+00
 0.000000000000000000e+00
 0.000000000000000000e+00
 0.000000000000000000e+00
 0.000000000000000000e+00
 0.000000000000000000e+00
 0.000000000000000000e+00
 0.000000000000000000e+00
 0.000000000000000000e+00
 0.000000000000000000e+00
 0.000000000000000000e+00
 0.000000000000000000e+00
 0.000000000000000000e+00
 0.000000000000000000e+00
 0.000000000000000000e+00
 0.000000000000000000e+00
 0.000000000000000000e+00
 0.000000000000000000e+00
 0.000000000000000000e+00
 0.000000000000000000e+00
 0.000000000000000000e+00
 0.000000000000000000e+00
 0.000000000000000000e+00
 0.000000000000000000e+00
 0.000000000000000000e+00
 0.000000000000000000e+00
 0.000000000000000000e+00
 0.000000000000000000e+00
 0.000000000000000000e+00
 0.000000000000000000e+00
 0.000000000000000000e+00
 0.000000000000000000e+00
 0.000000000000000000e+00
 0.000000000000000000e+00
 0.000000000000000000e+00
 0.000000000000000000e+00
 0.000000000000000000e+00
 0.000000000000000000e+00
 0.000000000000000000e+00
 0.000000000000000000e+00
 0.000000000000000000e+00
 0.000000000000000000e+00
 0.000000000000000000e+00
 0.000000000000000000e+00
 0.000000000000000000e+00
 0.000000000000000000e+00
 0.000000000000000000e+00
 0.000000000000000000e+00
 0.000000000000000000e+00
 0.000000000000000000e+00
 0.000000000000000000e+00
 0.000000000000000000e+00
 0.000000000000000000e+00
 0.000000000000000000e+00
 0.000000000000000000e+00
 0.000000000000000000e+00
 0.000000000000000000e+00
 0.000000000000000000e+00
 0.000000000000000000e+00
 0.000000000000000000e+00
 0.000000000000000000e+00
 0.000000000000000000e+00
 0.000000000000000000e+00
 0.000000000000000000e+00
 0.000000000000000000e+00
 0.000000000000000000e+00
 0.000000000000000000e+00
 0.000000000000000000e+00
 0.000000000000000000e+00
 0.000000000000000000e+00
 0.000000000000000000e+00
 0.000000000000000000e+00
 0.000000000000000000e+00
 0.000000000000000000e+00
 0.000000000000000000e+00
 0.000000000000000000e+00
 0.000000000000000000e+00
 0.000000000000000000e+00
 0.000000000000000000e+00
 0.000000000000000000e+00
 0.000000000000000000e+00
 0.000000000000000000e+00
 0.000000000000000000e+00
 0.000000000000000000e+00
 0.000000000000000000e+00
 0.000000000000000000e+00
 0.000000000000000000e+00
 0.000000000000000000e+00
 0.000000000000000000e+00
 0.000000000000000000e+00
 0.000000000000000000e+00
 0.000000000000000000e+00
 0.000000000000000000e+00
 0.000000000000000000e+00
 0.000000000000000000e+00
 0.000000000000000000e+00
 0.000000000000000000e+00
 0.000000000000000000e+00
 0.000000000000000000e+00
 0.000000000000000000e+00
 0.000000000000000000e+00
 0.000000000000000000e+00
 0.000000000000000000e+00
 0.000000000000000000e+00
 0.000000000000000000e+00
 0.000000000000000000e+00
 0.000000000000000000e+00
 0.000000000000000000e+00
 0.000000000000000000e+00
 0.000000000000000000e+00
 0.000000000000000000e+00
 0.000000000000000000e+00
 0.000000000000000000e+00
 0.000000000000000000e+00
 0.000000000000000000e+00
 0.000000000000000000e+00
 0.000000000000000000e+00
 0.000000000000000000e+00
 0.000000000000000000e+00
 0.000000000000000000e+00
 0.000000000000000000e+00
 0.000000000000000000e+00
 0.000000000000000000e+00
 0.000000000000000000e+00
 0.000000000000000000e+00
 0.000000000000000000e+00
 0.000000000000000000e+00
 0.000000000000000000e+00
 0.000000000000000000e+00
 0.000000000000000000e+00
 0.000000000000000000e+00
 0.000000000000000000e+00
 0.000000000000000000e+00
 0.000000000000000000e+00
 0.000000000000000000e+00
 0.000000000000000000e+00
 0.000000000000000000e+00
 0.000000000000000000e+00
 0.000000000000000000e+00
 0.000000000000000000e+00
 0.000000000000000000e+00
 0.000000000000000000e+00
 0.000000000000000000e+00
 0.000000000000000000e+00
 0.000000000000000000e+00
 0.000000000000000000e+00
 0.000000000000000000e+00
 0.000000000000000000e+00
 0.000000000000000000e+00
 0.000000000000000000e+00
 0.000000000000000000e+00
 0.000000000000000000e+00
 0.000000000000000000e+00
 0.000000000000000000e+00
 0.000000000000000000e+00
 0.000000000000000000e+00
 0.000000000000000000e+00
 0.000000000000000000e+00
 0.000000000000000000e+00
 0.000000000000000000e+00
 0.000000000000000000e+00
 0.000000000000000000e+00
 0.000000000000000000e+00
 0.000000000000000000e+00
 0.000000000000000000e+00
 0.000000000000000000e+00
 0.000000000000000000e+00
 0.000000000000000000e+00
 0.000000000000000000e+00
 0.000000000000000000e+00
 0.000000000000000000e+00
 0.000000000000000000e+00
 0.000000000000000000e+00
 0.000000000000000000e+00
 0.000000000000000000e+00
 0.000000000000000000e+00
 0.000000000000000000e+00
 0.000000000000000000e+00
 0.000000000000000000e+00
 0.000000000000000000e+00
 0.000000000000000000e+00
 0.000000000000000000e+00
 0.000000000000000000e+00
 0.000000000000000000e+00
 0.000000000000000000e+00
 0.000000000000000000e+00
 0.000000000000000000e+00
 0.000000000000000000e+00
 0.000000000000000000e+00
 0.000000000000000000e+00
 0.000000000000000000e+00
 0.000000000000000000e+00
 0.000000000000000000e+00
 0.000000000000000000e+00
 0.000000000000000000e+00
 0.000000000000000000e+00
 0.000000000000000000e+00
 0.000000000000000000e+00
 0.000000000000000000e+00
 0.000000000000000000e+00
 0.000000000000000000e+00
 0.000000000000000000e+00
 0.000000000000000000e+00
 0.000000000000000000e+00
 0.000000000000000000e+00
 0.000000000000000000e+00
 0.000000000000000000e+00
 0.000000000000000000e+00
 0.000000000000000000e+00
 0.000000000000000000e+00
 0.000000000000000000e+00
 0.000000000000000000e+00
 0.000000000000000000e+00
 0.000000000000000000e+00
 0.000000000000000000e+00
 0.000000000000000000e+00
 0.000000000000000000e+00
 0.000000000000000000e+00
 0.000000000000000000e+00
 0.000000000000000000e+00
 0.000000000000000000e+00
 0.000000000000000000e+00
 0.000000000000000000e+00
 0.000000000000000000e+00
 0.000000000000000000e+00
 0.000000000000000000e+00
 0.000000000000000000e+00
 0.000000000000000000e+00
 0.000000000000000000e+00
 0.000000000000000000e+00
 0.000000000000000000e+00
 0.000000000000000000e+00
 0.000000000000000000e+00
 0.000000000000000000e+00
 0.000000000000000000e+00
 0.000000000000000000e+00
 0.000000000000000000e+00
 0.000000000000000000e+00
 0.000000000000000000e+00
 0.000000000000000000e+00
 0.000000000000000000e+00
 0.000000000000000000e+00
 0.000000000000000000e+00
 0.000000000000000000e+00
 0.000000000000000000e+00
 0.000000000000000000e+00
 0.000000000000000000e+00
 0.000000000000000000e+00
 0.000000000000000000e+00
 0.000000000000000000e+00
 0.000000000000000000e+00
 0.000000000000000000e+00
 0.000000000000000000e+00
 0.000000000000000000e+00
 0.000000000000000000e+00
 0.000000000000000000e+00
 0.000000000000000000e+00
 0.000000000000000000e+00
 0.000000000000000000e+00
 0.000000000000000000e+00
 0.000000000000000000e+00
 0.000000000000000000e+00
 0.000000000000000000e+00
 0.000000000000000000e+00
 0.000000000000000000e+00
 0.000000000000000000e+00
 0.000000000000000000e+00
 0.000000000000000000e+00
 0.000000000000000000e+00
 0.000000000000000000e+00
 0.000000000000000000e+00
 0.000000000000000000e+00
 0.000000000000000000e+00
 0.000000000000000000e+00
 0.000000000000000000e+00
 0.000000000000000000e+00
 0.000000000000000000e+00
 0.000000000000000000e+00
 0.000000000000000000e+00
 0.000000000000000000e+00
 0.000000000000000000e+00
 0.000000000000000000e+00
 0.000000000000000000e+00
 </DataArray>
 <DataArray Name="massf[5]-NO" type="Float32" NumberOfComponents="1" format="ascii">
 0.000000000000000000e+00
 0.000000000000000000e+00
 0.000000000000000000e+00
 0.000000000000000000e+00
 0.000000000000000000e+00
 0.000000000000000000e+00
 0.000000000000000000e+00
 0.000000000000000000e+00
 0.000000000000000000e+00
 0.000000000000000000e+00
 0.000000000000000000e+00
 0.000000000000000000e+00
 0.000000000000000000e+00
 0.000000000000000000e+00
 0.000000000000000000e+00
 0.000000000000000000e+00
 0.000000000000000000e+00
 0.000000000000000000e+00
 0.000000000000000000e+00
 0.000000000000000000e+00
 0.000000000000000000e+00
 0.000000000000000000e+00
 0.000000000000000000e+00
 0.000000000000000000e+00
 0.000000000000000000e+00
 0.000000000000000000e+00
 0.000000000000000000e+00
 0.000000000000000000e+00
 0.000000000000000000e+00
 0.000000000000000000e+00
 0.000000000000000000e+00
 0.000000000000000000e+00
 0.000000000000000000e+00
 0.000000000000000000e+00
 0.000000000000000000e+00
 0.000000000000000000e+00
 0.000000000000000000e+00
 0.000000000000000000e+00
 0.000000000000000000e+00
 0.000000000000000000e+00
 0.000000000000000000e+00
 0.000000000000000000e+00
 0.000000000000000000e+00
 0.000000000000000000e+00
 0.000000000000000000e+00
 0.000000000000000000e+00
 0.000000000000000000e+00
 0.000000000000000000e+00
 0.000000000000000000e+00
 0.000000000000000000e+00
 0.000000000000000000e+00
 0.000000000000000000e+00
 0.000000000000000000e+00
 0.000000000000000000e+00
 0.000000000000000000e+00
 0.000000000000000000e+00
 0.000000000000000000e+00
 0.000000000000000000e+00
 0.000000000000000000e+00
 0.000000000000000000e+00
 0.000000000000000000e+00
 0.000000000000000000e+00
 0.000000000000000000e+00
 0.000000000000000000e+00
 0.000000000000000000e+00
 0.000000000000000000e+00
 0.000000000000000000e+00
 0.000000000000000000e+00
 0.000000000000000000e+00
 0.000000000000000000e+00
 0.000000000000000000e+00
 0.000000000000000000e+00
 0.000000000000000000e+00
 0.000000000000000000e+00
 0.000000000000000000e+00
 0.000000000000000000e+00
 0.000000000000000000e+00
 0.000000000000000000e+00
 0.000000000000000000e+00
 0.000000000000000000e+00
 0.000000000000000000e+00
 0.000000000000000000e+00
 0.000000000000000000e+00
 0.000000000000000000e+00
 0.000000000000000000e+00
 0.000000000000000000e+00
 0.000000000000000000e+00
 0.000000000000000000e+00
 0.000000000000000000e+00
 0.000000000000000000e+00
 0.000000000000000000e+00
 0.000000000000000000e+00
 0.000000000000000000e+00
 0.000000000000000000e+00
 0.000000000000000000e+00
 0.000000000000000000e+00
 0.000000000000000000e+00
 0.000000000000000000e+00
 0.000000000000000000e+00
 0.000000000000000000e+00
 0.000000000000000000e+00
 0.000000000000000000e+00
 0.000000000000000000e+00
 0.000000000000000000e+00
 0.000000000000000000e+00
 0.000000000000000000e+00
 0.000000000000000000e+00
 0.000000000000000000e+00
 0.000000000000000000e+00
 0.000000000000000000e+00
 0.000000000000000000e+00
 0.000000000000000000e+00
 0.000000000000000000e+00
 0.000000000000000000e+00
 0.000000000000000000e+00
 0.000000000000000000e+00
 0.000000000000000000e+00
 0.000000000000000000e+00
 0.000000000000000000e+00
 0.000000000000000000e+00
 0.000000000000000000e+00
 0.000000000000000000e+00
 0.000000000000000000e+00
 0.000000000000000000e+00
 0.000000000000000000e+00
 0.000000000000000000e+00
 0.000000000000000000e+00
 0.000000000000000000e+00
 0.000000000000000000e+00
 0.000000000000000000e+00
 0.000000000000000000e+00
 0.000000000000000000e+00
 0.000000000000000000e+00
 0.000000000000000000e+00
 0.000000000000000000e+00
 0.000000000000000000e+00
 0.000000000000000000e+00
 0.000000000000000000e+00
 0.000000000000000000e+00
 0.000000000000000000e+00
 0.000000000000000000e+00
 0.000000000000000000e+00
 0.000000000000000000e+00
 0.000000000000000000e+00
 0.000000000000000000e+00
 0.000000000000000000e+00
 0.000000000000000000e+00
 0.000000000000000000e+00
 0.000000000000000000e+00
 0.000000000000000000e+00
 0.000000000000000000e+00
 0.000000000000000000e+00
 0.000000000000000000e+00
 0.000000000000000000e+00
 0.000000000000000000e+00
 0.000000000000000000e+00
 0.000000000000000000e+00
 0.000000000000000000e+00
 0.000000000000000000e+00
 0.000000000000000000e+00
 0.000000000000000000e+00
 0.000000000000000000e+00
 0.000000000000000000e+00
 0.000000000000000000e+00
 0.000000000000000000e+00
 0.000000000000000000e+00
 0.000000000000000000e+00
 0.000000000000000000e+00
 0.000000000000000000e+00
 0.000000000000000000e+00
 0.000000000000000000e+00
 0.000000000000000000e+00
 0.000000000000000000e+00
 0.000000000000000000e+00
 0.000000000000000000e+00
 0.000000000000000000e+00
 0.000000000000000000e+00
 0.000000000000000000e+00
 0.000000000000000000e+00
 0.000000000000000000e+00
 0.000000000000000000e+00
 0.000000000000000000e+00
 0.000000000000000000e+00
 0.000000000000000000e+00
 0.000000000000000000e+00
 0.000000000000000000e+00
 0.000000000000000000e+00
 0.000000000000000000e+00
 0.000000000000000000e+00
 0.000000000000000000e+00
 0.000000000000000000e+00
 0.000000000000000000e+00
 0.000000000000000000e+00
 0.000000000000000000e+00
 0.000000000000000000e+00
 0.000000000000000000e+00
 0.000000000000000000e+00
 0.000000000000000000e+00
 0.000000000000000000e+00
 0.000000000000000000e+00
 0.000000000000000000e+00
 0.000000000000000000e+00
 0.000000000000000000e+00
 0.000000000000000000e+00
 0.000000000000000000e+00
 0.000000000000000000e+00
 0.000000000000000000e+00
 0.000000000000000000e+00
 0.000000000000000000e+00
 0.000000000000000000e+00
 0.000000000000000000e+00
 0.000000000000000000e+00
 0.000000000000000000e+00
 0.000000000000000000e+00
 0.000000000000000000e+00
 0.000000000000000000e+00
 0.000000000000000000e+00
 0.000000000000000000e+00
 0.000000000000000000e+00
 0.000000000000000000e+00
 0.000000000000000000e+00
 0.000000000000000000e+00
 0.000000000000000000e+00
 0.000000000000000000e+00
 0.000000000000000000e+00
 0.000000000000000000e+00
 0.000000000000000000e+00
 0.000000000000000000e+00
 0.000000000000000000e+00
 0.000000000000000000e+00
 0.000000000000000000e+00
 0.000000000000000000e+00
 0.000000000000000000e+00
 0.000000000000000000e+00
 0.000000000000000000e+00
 0.000000000000000000e+00
 0.000000000000000000e+00
 0.000000000000000000e+00
 0.000000000000000000e+00
 0.000000000000000000e+00
 0.000000000000000000e+00
 0.000000000000000000e+00
 0.000000000000000000e+00
 0.000000000000000000e+00
 0.000000000000000000e+00
 0.000000000000000000e+00
 0.000000000000000000e+00
 0.000000000000000000e+00
 0.000000000000000000e+00
 0.000000000000000000e+00
 0.000000000000000000e+00
 0.000000000000000000e+00
 0.000000000000000000e+00
 0.000000000000000000e+00
 0.000000000000000000e+00
 0.000000000000000000e+00
 0.000000000000000000e+00
 0.000000000000000000e+00
 0.000000000000000000e+00
 0.000000000000000000e+00
 0.000000000000000000e+00
 0.000000000000000000e+00
 0.000000000000000000e+00
 0.000000000000000000e+00
 0.000000000000000000e+00
 0.000000000000000000e+00
 0.000000000000000000e+00
 0.000000000000000000e+00
 0.000000000000000000e+00
 0.000000000000000000e+00
 0.000000000000000000e+00
 0.000000000000000000e+00
 0.000000000000000000e+00
 0.000000000000000000e+00
 0.000000000000000000e+00
 0.000000000000000000e+00
 0.000000000000000000e+00
 0.000000000000000000e+00
 0.000000000000000000e+00
 0.000000000000000000e+00
 0.000000000000000000e+00
 0.000000000000000000e+00
 0.000000000000000000e+00
 0.000000000000000000e+00
 0.000000000000000000e+00
 0.000000000000000000e+00
 0.000000000000000000e+00
 0.000000000000000000e+00
 0.000000000000000000e+00
 0.000000000000000000e+00
 0.000000000000000000e+00
 0.000000000000000000e+00
 0.000000000000000000e+00
 0.000000000000000000e+00
 0.000000000000000000e+00
 0.000000000000000000e+00
 0.000000000000000000e+00
 0.000000000000000000e+00
 0.000000000000000000e+00
 0.000000000000000000e+00
 0.000000000000000000e+00
 0.000000000000000000e+00
 0.000000000000000000e+00
 0.000000000000000000e+00
 0.000000000000000000e+00
 0.000000000000000000e+00
 0.000000000000000000e+00
 0.000000000000000000e+00
 0.000000000000000000e+00
 0.000000000000000000e+00
 0.000000000000000000e+00
 0.000000000000000000e+00
 0.000000000000000000e+00
 0.000000000000000000e+00
 0.000000000000000000e+00
 0.000000000000000000e+00
 0.000000000000000000e+00
 0.000000000000000000e+00
 0.000000000000000000e+00
 0.000000000000000000e+00
 0.000000000000000000e+00
 0.000000000000000000e+00
 0.000000000000000000e+00
 0.000000000000000000e+00
 0.000000000000000000e+00
 0.000000000000000000e+00
 0.000000000000000000e+00
 0.000000000000000000e+00
 0.000000000000000000e+00
 0.000000000000000000e+00
 0.000000000000000000e+00
 0.000000000000000000e+00
 0.000000000000000000e+00
 0.000000000000000000e+00
 0.000000000000000000e+00
 0.000000000000000000e+00
 0.000000000000000000e+00
 0.000000000000000000e+00
 0.000000000000000000e+00
 0.000000000000000000e+00
 0.000000000000000000e+00
 0.000000000000000000e+00
 0.000000000000000000e+00
 0.000000000000000000e+00
 0.000000000000000000e+00
 0.000000000000000000e+00
 0.000000000000000000e+00
 0.000000000000000000e+00
 0.000000000000000000e+00
 0.000000000000000000e+00
 0.000000000000000000e+00
 0.000000000000000000e+00
 0.000000000000000000e+00
 0.000000000000000000e+00
 0.000000000000000000e+00
 0.000000000000000000e+00
 0.000000000000000000e+00
 0.000000000000000000e+00
 0.000000000000000000e+00
 0.000000000000000000e+00
 0.000000000000000000e+00
 0.000000000000000000e+00
 0.000000000000000000e+00
 0.000000000000000000e+00
 0.000000000000000000e+00
 0.000000000000000000e+00
 0.000000000000000000e+00
 0.000000000000000000e+00
 0.000000000000000000e+00
 0.000000000000000000e+00
 0.000000000000000000e+00
 0.000000000000000000e+00
 0.000000000000000000e+00
 0.000000000000000000e+00
 0.000000000000000000e+00
 0.000000000000000000e+00
 0.000000000000000000e+00
 0.000000000000000000e+00
 0.000000000000000000e+00
 0.000000000000000000e+00
 0.000000000000000000e+00
 0.000000000000000000e+00
 0.000000000000000000e+00
 0.000000000000000000e+00
 0.000000000000000000e+00
 0.000000000000000000e+00
 0.000000000000000000e+00
 0.000000000000000000e+00
 0.000000000000000000e+00
 0.000000000000000000e+00
 0.000000000000000000e+00
 0.000000000000000000e+00
 0.000000000000000000e+00
 0.000000000000000000e+00
 0.000000000000000000e+00
 0.000000000000000000e+00
 0.000000000000000000e+00
 0.000000000000000000e+00
 0.000000000000000000e+00
 0.000000000000000000e+00
 0.000000000000000000e+00
 0.000000000000000000e+00
 0.000000000000000000e+00
 0.000000000000000000e+00
 0.000000000000000000e+00
 0.000000000000000000e+00
 0.000000000000000000e+00
 0.000000000000000000e+00
 0.000000000000000000e+00
 0.000000000000000000e+00
 0.000000000000000000e+00
 0.000000000000000000e+00
 0.000000000000000000e+00
 0.000000000000000000e+00
 0.000000000000000000e+00
 0.000000000000000000e+00
 0.000000000000000000e+00
 0.000000000000000000e+00
 0.000000000000000000e+00
 0.000000000000000000e+00
 0.000000000000000000e+00
 0.000000000000000000e+00
 0.000000000000000000e+00
 0.000000000000000000e+00
 0.000000000000000000e+00
 0.000000000000000000e+00
 0.000000000000000000e+00
 0.000000000000000000e+00
 0.000000000000000000e+00
 0.000000000000000000e+00
 0.000000000000000000e+00
 0.000000000000000000e+00
 0.000000000000000000e+00
 0.000000000000000000e+00
 0.000000000000000000e+00
 0.000000000000000000e+00
 0.000000000000000000e+00
 0.000000000000000000e+00
 0.000000000000000000e+00
 0.000000000000000000e+00
 0.000000000000000000e+00
 0.000000000000000000e+00
 0.000000000000000000e+00
 0.000000000000000000e+00
 0.000000000000000000e+00
 0.000000000000000000e+00
 0.000000000000000000e+00
 0.000000000000000000e+00
 0.000000000000000000e+00
 0.000000000000000000e+00
 0.000000000000000000e+00
 0.000000000000000000e+00
 0.000000000000000000e+00
 0.000000000000000000e+00
 0.000000000000000000e+00
 0.000000000000000000e+00
 0.000000000000000000e+00
 0.000000000000000000e+00
 0.000000000000000000e+00
 0.000000000000000000e+00
 0.000000000000000000e+00
 0.000000000000000000e+00
 0.000000000000000000e+00
 0.000000000000000000e+00
 0.000000000000000000e+00
 0.000000000000000000e+00
 0.000000000000000000e+00
 0.000000000000000000e+00
 0.000000000000000000e+00
 0.000000000000000000e+00
 0.000000000000000000e+00
 0.000000000000000000e+00
 0.000000000000000000e+00
 0.000000000000000000e+00
 0.000000000000000000e+00
 0.000000000000000000e+00
 0.000000000000000000e+00
 0.000000000000000000e+00
 0.000000000000000000e+00
 0.000000000000000000e+00
 0.000000000000000000e+00
 0.000000000000000000e+00
 0.000000000000000000e+00
 0.000000000000000000e+00
 0.000000000000000000e+00
 0.000000000000000000e+00
 0.000000000000000000e+00
 0.000000000000000000e+00
 0.000000000000000000e+00
 0.000000000000000000e+00
 0.000000000000000000e+00
 0.000000000000000000e+00
 0.000000000000000000e+00
 0.000000000000000000e+00
 0.000000000000000000e+00
 0.000000000000000000e+00
 0.000000000000000000e+00
 0.000000000000000000e+00
 0.000000000000000000e+00
 0.000000000000000000e+00
 </DataArray>
 <DataArray Name="dt_chem" type="Float32" NumberOfComponents="1" format="ascii">
 7.011465948999287387e-06
 7.011465948999287387e-06
 7.011465948999287387e-06
 7.011465948999287387e-06
 7.011465948999287387e-06
 7.011465948999287387e-06
 7.011465948999287387e-06
 7.011465948999287387e-06
 7.011465948999287387e-06
 7.011465948999287387e-06
 7.011465948999287387e-06
 7.011465948999287387e-06
 7.011465948999287387e-06
 7.011465948999287387e-06
 7.011465948999287387e-06
 7.011465948999287387e-06
 7.011465948999287387e-06
 7.011465948999287387e-06
 7.011465948999287387e-06
 7.011465948999287387e-06
 7.011465948999287387e-06
 7.011465948999287387e-06
 7.011465948999287387e-06
 7.011465948999287387e-06
 7.011465948999287387e-06
 7.011465948999287387e-06
 7.011465948999287387e-06
 7.011465948999287387e-06
 7.011465948999287387e-06
 7.011465948999287387e-06
 7.011465948999287387e-06
 7.011465948999287387e-06
 7.011465948999287387e-06
 7.011465948999287387e-06
 7.011465948999287387e-06
 7.011465948999287387e-06
 7.011465948999287387e-06
 7.011465948999287387e-06
 7.011465948999287387e-06
 7.011465948999287387e-06
 7.011465948999287387e-06
 7.011465948999287387e-06
 7.011465948999287387e-06
 7.011465948999287387e-06
 7.011465948999287387e-06
 7.011465948999287387e-06
 7.011465948999287387e-06
 7.011465948999287387e-06
 7.011465948999287387e-06
 7.011465948999287387e-06
 7.011465948999287387e-06
 7.011465948999287387e-06
 7.011465948999287387e-06
 7.011465948999287387e-06
 7.011465948999287387e-06
 7.011465948999287387e-06
 7.011465948999287387e-06
 7.011465948999287387e-06
 7.011465948999287387e-06
 7.011465948999287387e-06
 7.011465948999287387e-06
 7.011465948999287387e-06
 7.011465948999287387e-06
 7.011465948999287387e-06
 7.011465948999287387e-06
 7.011465948999287387e-06
 7.011465948999287387e-06
 7.011465948999287387e-06
 7.011465948999287387e-06
 7.011465948999287387e-06
 7.011465948999287387e-06
 7.011465948999287387e-06
 7.011465948999287387e-06
 7.011465948999287387e-06
 7.011465948999287387e-06
 7.011465948999287387e-06
 7.011465948999287387e-06
 7.011465948999287387e-06
 7.011465948999287387e-06
 7.011465948999287387e-06
 7.011465948999287387e-06
 7.011465948999287387e-06
 7.011465948999287387e-06
 7.011465948999287387e-06
 7.011465948999287387e-06
 7.011465948999287387e-06
 7.011465948999287387e-06
 7.011465948999287387e-06
 7.011465948999287387e-06
 7.011465948999287387e-06
 7.011465948999287387e-06
 7.011465948999287387e-06
 7.011465948999287387e-06
 7.011465948999287387e-06
 7.011465948999287387e-06
 7.011465948999287387e-06
 7.011465948999287387e-06
 7.011465948999287387e-06
 7.011465948999287387e-06
 7.011465948999287387e-06
 7.011465948999287387e-06
 7.011465948999287387e-06
 7.011465948999287387e-06
 7.011465948999287387e-06
 7.011465948999287387e-06
 7.011465948999287387e-06
 7.011465948999287387e-06
 7.011465948999287387e-06
 7.011465948999287387e-06
 7.011465948999287387e-06
 7.011465948999287387e-06
 7.011465948999287387e-06
 7.011465948999287387e-06
 7.011465948999287387e-06
 7.011465948999287387e-06
 7.011465948999287387e-06
 7.011465948999287387e-06
 7.011465948999287387e-06
 7.011465948999287387e-06
 7.011465948999287387e-06
 7.011465948999287387e-06
 7.011465948999287387e-06
 7.011465948999287387e-06
 7.011465948999287387e-06
 7.011465948999287387e-06
 7.011465948999287387e-06
 7.011465948999287387e-06
 7.011465948999287387e-06
 7.011465948999287387e-06
 7.011465948999287387e-06
 7.011465948999287387e-06
 7.011465948999287387e-06
 7.011465948999287387e-06
 7.011465948999287387e-06
 7.011465948999287387e-06
 7.011465948999287387e-06
 7.011465948999287387e-06
 7.011465948999287387e-06
 7.011465948999287387e-06
 7.011465948999287387e-06
 7.011465948999287387e-06
 7.011465948999287387e-06
 7.011465948999287387e-06
 7.011465948999287387e-06
 7.011465948999287387e-06
 7.011465948999287387e-06
 7.011465948999287387e-06
 7.011465948999287387e-06
 7.011465948999287387e-06
 7.011465948999287387e-06
 7.011465948999287387e-06
 7.011465948999287387e-06
 7.011465948999287387e-06
 7.011465948999287387e-06
 7.011465948999287387e-06
 7.011465948999287387e-06
 7.011465948999287387e-06
 7.011465948999287387e-06
 7.011465948999287387e-06
 7.011465948999287387e-06
 7.011465948999287387e-06
 7.011465948999287387e-06
 7.011465948999287387e-06
 7.011465948999287387e-06
 7.011465948999287387e-06
 7.011465948999287387e-06
 7.011465948999287387e-06
 7.011465948999287387e-06
 7.011465948999287387e-06
 7.011465948999287387e-06
 7.011465948999287387e-06
 7.011465948999287387e-06
 7.011465948999287387e-06
 7.011465948999287387e-06
 7.011465948999287387e-06
 7.011465948999287387e-06
 7.011465948999287387e-06
 7.011465948999287387e-06
 7.011465948999287387e-06
 7.011465948999287387e-06
 7.011465948999287387e-06
 7.011465948999287387e-06
 7.011465948999287387e-06
 7.011465948999287387e-06
 7.011465948999287387e-06
 7.011465948999287387e-06
 7.011465948999287387e-06
 7.011465948999287387e-06
 7.011465948999287387e-06
 7.011465948999287387e-06
 7.011465948999287387e-06
 7.011465948999287387e-06
 7.011465948999287387e-06
 7.011465948999287387e-06
 7.011465948999287387e-06
 7.011465948999287387e-06
 7.011465948999287387e-06
 7.011465948999287387e-06
 7.011465948999287387e-06
 7.011465948999287387e-06
 7.011465948999287387e-06
 7.011465948999287387e-06
 7.011465948999287387e-06
 7.011465948999287387e-06
 7.011465948999287387e-06
 7.011465948999287387e-06
 7.011465948999287387e-06
 7.011465948999287387e-06
 7.011465948999287387e-06
 7.011465948999287387e-06
 7.011465948999287387e-06
 7.011465948999287387e-06
 7.011465948999287387e-06
 7.011465948999287387e-06
 7.011465948999287387e-06
 7.011465948999287387e-06
 7.011465948999287387e-06
 7.011465948999287387e-06
 7.011465948999287387e-06
 7.011465948999287387e-06
 7.011465948999287387e-06
 7.011465948999287387e-06
 7.011465948999287387e-06
 7.011465948999287387e-06
 7.011465948999287387e-06
 7.011465948999287387e-06
 7.011465948999287387e-06
 7.011465948999287387e-06
 7.011465948999287387e-06
 7.011465948999287387e-06
 7.011465948999287387e-06
 7.011465948999287387e-06
 7.011465948999287387e-06
 7.011465948999287387e-06
 7.011465948999287387e-06
 7.011465948999287387e-06
 7.011465948999287387e-06
 7.011465948999287387e-06
 7.011465948999287387e-06
 7.011465948999287387e-06
 7.011465948999287387e-06
 6.961125616065401005e-06
 6.958482071024242327e-06
 6.958482071024242327e-06
 6.958482071024242327e-06
 6.957069550450246010e-06
 6.957069550450246010e-06
 6.957069550450246010e-06
 6.956905671708360283e-06
 6.956905671708360283e-06
 7.011465948999287387e-06
 7.011465948999287387e-06
 7.011465948999287387e-06
 7.011465948999287387e-06
 7.011465948999287387e-06
 7.011465948999287387e-06
 7.011465948999287387e-06
 7.011465948999287387e-06
 7.011465948999287387e-06
 7.011465948999287387e-06
 7.011465948999287387e-06
 7.011465948999287387e-06
 7.011465948999287387e-06
 7.011465948999287387e-06
 7.011465948999287387e-06
 7.011465948999287387e-06
 7.011465948999287387e-06
 7.011465948999287387e-06
 7.011465948999287387e-06
 7.011465948999287387e-06
 7.011465948999287387e-06
 7.011465948999287387e-06
 7.011465948999287387e-06
 7.011465948999287387e-06
 7.011465948999287387e-06
 7.011465948999287387e-06
 7.011465948999287387e-06
 7.011465948999287387e-06
 7.011465948999287387e-06
 7.011465948999287387e-06
 7.011465948999287387e-06
 7.011465948999287387e-06
 7.011465948999287387e-06
 7.011465948999287387e-06
 7.011465948999287387e-06
 7.011465948999287387e-06
 7.011465948999287387e-06
 7.011465948999287387e-06
 7.011465948999287387e-06
 7.011465948999287387e-06
 7.011465948999287387e-06
 7.011465948999287387e-06
 7.011465948999287387e-06
 7.011465948999287387e-06
 7.011465948999287387e-06
 7.011465948999287387e-06
 7.011465948999287387e-06
 7.011465948999287387e-06
 7.011465948999287387e-06
 7.011465948999287387e-06
 7.011465948999287387e-06
 7.011465948999287387e-06
 7.011465948999287387e-06
 7.011465948999287387e-06
 7.011465948999287387e-06
 7.011465948999287387e-06
 7.011465948999287387e-06
 7.011465948999287387e-06
 7.011465948999287387e-06
 7.011465948999287387e-06
 7.011465948999287387e-06
 7.011465948999287387e-06
 7.011465948999287387e-06
 7.011465948999287387e-06
 7.011465948999287387e-06
 7.011465948999287387e-06
 7.011465948999287387e-06
 7.011465948999287387e-06
 7.011465948999287387e-06
 7.011465948999287387e-06
 7.011465948999287387e-06
 7.011465948999287387e-06
 7.011465948999287387e-06
 7.011465948999287387e-06
 7.011465948999287387e-06
 7.011465948999287387e-06
 7.011465948999287387e-06
 7.011465948999287387e-06
 7.011465948999287387e-06
 7.011465948999287387e-06
 7.011465948999287387e-06
 7.011465948999287387e-06
 7.011465948999287387e-06
 7.011465948999287387e-06
 7.011465948999287387e-06
 7.011465948999287387e-06
 7.011465948999287387e-06
 7.011465948999287387e-06
 7.011465948999287387e-06
 7.011465948999287387e-06
 7.011465948999287387e-06
 7.011465948999287387e-06
 7.011465948999287387e-06
 7.011465948999287387e-06
 7.011465948999287387e-06
 7.011465948999287387e-06
 7.011465948999287387e-06
 7.011465948999287387e-06
 7.011465948999287387e-06
 7.011465948999287387e-06
 7.011465948999287387e-06
 7.011465948999287387e-06
 7.011465948999287387e-06
 7.011465948999287387e-06
 7.011465948999287387e-06
 7.011465948999287387e-06
 7.011465948999287387e-06
 7.011465948999287387e-06
 7.011465948999287387e-06
 7.011465948999287387e-06
 7.011465948999287387e-06
 7.011465948999287387e-06
 7.011465948999287387e-06
 7.011465948999287387e-06
 7.011465948999287387e-06
 7.011465948999287387e-06
 7.011465948999287387e-06
 7.011465948999287387e-06
 7.011465948999287387e-06
 7.011465948999287387e-06
 7.011465948999287387e-06
 7.011465948999287387e-06
 7.011465948999287387e-06
 7.011465948999287387e-06
 7.011465948999287387e-06
 7.011465948999287387e-06
 7.011465948999287387e-06
 7.011465948999287387e-06
 7.011465948999287387e-06
 7.011465948999287387e-06
 7.011465948999287387e-06
 7.011465948999287387e-06
 7.011465948999287387e-06
 7.011465948999287387e-06
 7.011465948999287387e-06
 7.011465948999287387e-06
 7.011465948999287387e-06
 7.011465948999287387e-06
 7.011465948999287387e-06
 7.011465948999287387e-06
 7.011465948999287387e-06
 7.011465948999287387e-06
 7.011465948999287387e-06
 7.011465948999287387e-06
 7.011465948999287387e-06
 7.011465948999287387e-06
 7.011465948999287387e-06
 7.011465948999287387e-06
 7.011465948999287387e-06
 7.011465948999287387e-06
 7.011465948999287387e-06
 7.011465948999287387e-06
 7.011465948999287387e-06
 7.011465948999287387e-06
 7.011465948999287387e-06
 7.011465948999287387e-06
 7.011465948999287387e-06
 7.011465948999287387e-06
 7.011465948999287387e-06
 7.011465948999287387e-06
 7.011465948999287387e-06
 7.011465948999287387e-06
 7.011465948999287387e-06
 7.011465948999287387e-06
 7.011465948999287387e-06
 7.011465948999287387e-06
 7.011465948999287387e-06
 7.011465948999287387e-06
 7.011465948999287387e-06
 7.011465948999287387e-06
 7.011465948999287387e-06
 7.011465948999287387e-06
 7.011465948999287387e-06
 7.011465948999287387e-06
 7.011465948999287387e-06
 7.011465948999287387e-06
 7.011465948999287387e-06
 7.011465948999287387e-06
 7.011465948999287387e-06
 7.011465948999287387e-06
 7.011465948999287387e-06
 7.011465948999287387e-06
 7.011465948999287387e-06
 7.011465948999287387e-06
 7.011465948999287387e-06
 7.011465948999287387e-06
 7.011465948999287387e-06
 7.011465948999287387e-06
 7.011465948999287387e-06
 7.011465948999287387e-06
 7.011465948999287387e-06
 7.011465948999287387e-06
 7.011465948999287387e-06
 7.011465948999287387e-06
 7.011465948999287387e-06
 7.011465948999287387e-06
 7.011465948999287387e-06
 7.011465948999287387e-06
 7.011465948999287387e-06
 7.011465948999287387e-06
 7.011465948999287387e-06
 7.011465948999287387e-06
 7.011465948999287387e-06
 7.011465948999287387e-06
 7.011465948999287387e-06
 7.011465948999287387e-06
 7.011465948999287387e-06
 7.011465948999287387e-06
 7.011465948999287387e-06
 7.011465948999287387e-06
 7.011465948999287387e-06
 7.011465948999287387e-06
 7.011465948999287387e-06
 7.011465948999287387e-06
 7.011465948999287387e-06
 7.011465948999287387e-06
 7.011465948999287387e-06
 7.011465948999287387e-06
 7.011465948999287387e-06
 7.011465948999287387e-06
 7.011465948999287387e-06
 7.011465948999287387e-06
 7.011465948999287387e-06
 7.011465948999287387e-06
 7.011465948999287387e-06
 7.011465948999287387e-06
 7.011465948999287387e-06
 7.011465948999287387e-06
 7.011465948999287387e-06
 7.011465948999287387e-06
 7.011465948999287387e-06
 7.011465948999287387e-06
 7.011465948999287387e-06
 7.011465948999287387e-06
 7.011465948999287387e-06
 7.011465948999287387e-06
 7.011465948999287387e-06
 7.011465948999287387e-06
 7.011465948999287387e-06
 7.011465948999287387e-06
 7.011465948999287387e-06
 6.961125616065401005e-06
 6.958482071024242327e-06
 6.958482071024242327e-06
 6.958482071024242327e-06
 6.957069550450246010e-06
 6.957069550450246010e-06
 6.957069550450246010e-06
 6.956905671708360283e-06
 6.956905671708360283e-06
 </DataArray>
 <DataArray Name="u" type="Float32" NumberOfComponents="1" format="ascii">
 -3.264929867851480376e+05
 -3.277681120374131715e+05
 -3.290425674152156571e+05
 -3.303163529702778906e+05
 -3.315894687533575343e+05
 -3.328619148142498452e+05
 -3.341336912018038565e+05
 -3.354047979639328551e+05
 -3.366752351476184558e+05
 -3.379450027989201481e+05
 -3.392141009629823966e+05
 -3.404825296840297524e+05
 -3.417502890053794254e+05
 -3.430173789694355801e+05
 -3.442837996176972520e+05
 -3.455495509907478699e+05
 -3.468146331282581668e+05
 -3.480790460689825704e+05
 -3.493427898507628124e+05
 -3.506058645105083706e+05
 -3.518682700842053164e+05
 -3.531300066069037421e+05
 -3.543910741127108922e+05
 -3.556514726347847609e+05
 -3.569112022053330438e+05
 -3.581702628555966076e+05
 -3.594286546158492565e+05
 -3.606863775153888855e+05
 -3.619434315825293306e+05
 -3.631998168445921037e+05
 -3.644555333279015031e+05
 -3.657105810577784432e+05
 -3.669649600585341686e+05
 -3.682186703534664121e+05
 -3.694717119648517109e+05
 -3.707240849139423808e+05
 -3.719757892209668644e+05
 -3.732268249051219318e+05
 -3.744771919845755911e+05
 -3.757268904764635954e+05
 -3.769759203968941001e+05
 -3.782242817609466147e+05
 -3.794719745826773578e+05
 -3.807189988751250785e+05
 -3.819653546503080288e+05
 -3.832110419192434056e+05
 -3.844560606919485144e+05
 -3.857004109774518292e+05
 -3.869440927838068455e+05
 -3.881871061180997640e+05
 -3.894294509864727734e+05
 -3.906711273941298714e+05
 -3.919121353453575866e+05
 -3.931524748435498914e+05
 -3.943921458912186790e+05
 -3.956311484900201904e+05
 -3.968694826407806249e+05
 -3.981071483435090631e+05
 -3.993441455974366982e+05
 -4.005804744010348804e+05
 -4.018161347520457348e+05
 -4.030511266475111479e+05
 -4.042854500837982632e+05
 -4.055191050566402264e+05
 -4.067520915611536475e+05
 -4.079844095918814419e+05
 -4.092160591428265907e+05
 -4.104470402074807789e+05
 -4.116773527788665378e+05
 -4.129069968495623907e+05
 -4.141359724117487203e+05
 -4.153642794572396670e+05
 -4.165919179775188677e+05
 -4.178188879637809005e+05
 -4.190451894069681875e+05
 -4.202708222978083650e+05
 -4.214957866268485086e+05
 -4.227200823845006526e+05
 -4.239437095610772958e+05
 -4.251666681468292372e+05
 -4.263889581319880672e+05
 -4.276105795068031875e+05
 -4.288315322615808109e+05
 -4.300518163867215626e+05
 -4.312714318727646023e+05
 -4.324903787104251096e+05
 -4.337086568906325847e+05
 -4.349262664045708952e+05
 -4.361432072437205352e+05
 -4.373594793998954119e+05
 -4.385750828652851051e+05
 -4.397900176324922359e+05
 -4.410042836945763556e+05
 -4.422178810450923629e+05
 -4.434308096781283384e+05
 -4.446430695883473381e+05
 -4.458546607710296521e+05
 -4.470655832221115706e+05
 -4.482758369382241508e+05
 -4.494854219167372212e+05
 -4.506943381557911634e+05
 -4.519025856543473201e+05
 -4.531101644122219877e+05
 -4.543170744301239029e+05
 -4.555233157096976647e+05
 -4.567288882535597077e+05
 -4.579337920653363690e+05
 -4.591380271497016074e+05
 -4.603415935124130920e+05
 -4.615444911603452638e+05
 -4.627467201015332248e+05
 -4.639482803451945074e+05
 -4.651491719017720316e+05
 -4.663493947829578537e+05
 -4.675489490017296048e+05
 -4.687478345723740058e+05
 -4.699460515105184168e+05
 -4.711435998331484152e+05
 -4.723404795586393448e+05
 -4.735366907067743596e+05
 -4.747322332987637492e+05
 -4.759271073572594905e+05
 -4.771213129063721281e+05
 -4.783148499716839287e+05
 -4.795077185802534223e+05
 -4.806999187606292544e+05
 -4.818914505428487901e+05
 -4.830823139584390447e+05
 -4.842725090404188959e+05
 -4.854620358232908184e+05
 -4.866508943430400686e+05
 -4.878390846371114021e+05
 -4.890266067444125656e+05
 -4.902134607052759966e+05
 -4.913996465614605695e+05
 -4.925851643561134115e+05
 -4.937700141337530222e+05
 -4.949541959402309731e+05
 -4.961377098227086244e+05
 -4.973205558296194067e+05
 -4.985027340106241172e+05
 -4.996842444165804191e+05
 -5.008650870994913857e+05
 -5.020452621124606812e+05
 -5.032247695096454117e+05
 -5.044036093461990822e+05
 -5.055817816782237496e+05
 -5.067592865627075080e+05
 -5.079361240574654657e+05
 -5.091122942210808396e+05
 -5.102877971128390636e+05
 -5.114626327926658560e+05
 -5.126368013210527133e+05
 -5.138103027589949779e+05
 -5.149831371679164004e+05
 -5.161553046095950995e+05
 -5.173268051460986026e+05
 -5.184976388396939728e+05
 -5.196678057527905330e+05
 -5.208373059478444047e+05
 -5.220061394872951787e+05
 -5.231743064334825613e+05
 -5.243418068485613912e+05
 -5.255086407944322564e+05
 -5.266748083326581400e+05
 -5.278403095243836287e+05
 -5.290051444302613381e+05
 -5.301693131103671622e+05
 -5.313328156241253018e+05
 -5.324956520302316640e+05
 -5.336578223865730688e+05
 -5.348193267501532100e+05
 -5.359801651770188473e+05
 -5.371403377221829724e+05
 -5.382998444395493716e+05
 -5.394586853818483651e+05
 -5.406168606005543843e+05
 -5.417743701458293945e+05
 -5.429312140664402395e+05
 -5.440873924097029958e+05
 -5.452429052214142866e+05
 -5.463977525457837619e+05
 -5.475519344253756572e+05
 -5.487054509010454640e+05
 -5.498583020118759014e+05
 -5.510104877951261587e+05
 -5.521620082861739211e+05
 -5.533128635184522718e+05
 -5.544630535234028939e+05
 -5.556125783304211218e+05
 -5.567614379668030888e+05
 -5.579096324576970655e+05
 -5.590571618260529358e+05
 -5.602040260925767943e+05
 -5.613502252756850794e+05
 -5.624957593914552126e+05
 -5.636406284535867162e+05
 -5.647848324733546469e+05
 -5.659283714595716447e+05
 -5.670712454185460228e+05
 -5.682134543540400919e+05
 -5.693549982672368642e+05
 -5.704958771566988435e+05
 -5.716360910183405504e+05
 -5.727756398453845177e+05
 -5.739145236283361446e+05
 -5.750527423549413215e+05
 -5.761902960101703648e+05
 -5.773271845761793666e+05
 -5.784634080322827213e+05
 -5.795989663549312390e+05
 -5.807338595176832750e+05
 -5.818680874911833089e+05
 -5.830016502431414556e+05
 -5.841345477383122779e+05
 -5.852667799384789541e+05
 -5.863983468024339527e+05
 -5.875292482859671582e+05
 -5.886594843418612145e+05
 -5.897890549198763911e+05
 -5.909179599667498842e+05
 -5.920461994261897635e+05
 -5.931737732388766017e+05
 -5.943006813424760476e+05
 -5.954269236716297455e+05
 -5.965525001579809468e+05
 -5.976774107301819604e+05
 -5.988016553139106836e+05
 -5.999252338318943512e+05
 -6.010481462039281614e+05
 -6.021703923469041474e+05
 -6.032919721748391166e+05
 -6.044128855988997966e+05
 -6.055331325274361297e+05
 -6.066527128660152666e+05
 -6.077716265174495056e+05
 -6.088898733818326145e+05
 -6.100074533565654419e+05
 -6.111243663363917731e+05
 -6.122406122134265024e+05
 -6.133561908771691378e+05
 -6.144711022145419847e+05
 -6.155853461098966654e+05
 -6.166989224450383335e+05
 -6.178118310992291663e+05
 -6.189240719492069911e+05
 -6.200356448691785336e+05
 -6.211465497308201157e+05
 -6.222567864032827783e+05
 -6.233663547531671356e+05
 -3.264929867851482704e+05
 -3.277681120374139864e+05
 -3.290425674152160063e+05
 -3.303163529702806845e+05
 -3.315894687533603283e+05
 -3.328619148142521735e+05
 -3.341336912018044386e+05
 -3.354047979639322730e+05
 -3.366752351476181066e+05
 -3.379450027989182854e+05
 -3.392141009629819309e+05
 -3.404825296840298688e+05
 -3.417502890053823357e+05
 -3.430173789694400039e+05
 -3.442837996177005116e+05
 -3.455495509907489177e+05
 -3.468146331282589817e+05
 -3.480790460689835018e+05
 -3.493427898507628124e+05
 -3.506058645105089527e+05
 -3.518682700842078775e+05
 -3.531300066069066525e+05
 -3.543910741127131041e+05
 -3.556514726347855758e+05
 -3.569112022053318797e+05
 -3.581702628555967240e+05
 -3.594286546158501878e+05
 -3.606863775153900497e+05
 -3.619434315825316589e+05
 -3.631998168445925694e+05
 -3.644555333279025508e+05
 -3.657105810577786760e+05
 -3.669649600585356820e+05
 -3.682186703534674598e+05
 -3.694717119648532243e+05
 -3.707240849139434285e+05
 -3.719757892209684942e+05
 -3.732268249051218154e+05
 -3.744771919845757075e+05
 -3.757268904764621984e+05
 -3.769759203968939837e+05
 -3.782242817609485937e+05
 -3.794719745826799190e+05
 -3.807189988751268247e+05
 -3.819653546503100079e+05
 -3.832110419192461995e+05
 -3.844560606919517741e+05
 -3.857004109774538083e+05
 -3.869440927838083589e+05
 -3.881871061181005789e+05
 -3.894294509864739375e+05
 -3.906711273941298714e+05
 -3.919121353453591000e+05
 -3.931524748435510555e+05
 -3.943921458912200760e+05
 -3.956311484900221694e+05
 -3.968694826407816727e+05
 -3.981071483435087139e+05
 -3.993441455974355340e+05
 -4.005804744010335999e+05
 -4.018161347520462004e+05
 -4.030511266475107986e+05
 -4.042854500837990781e+05
 -4.055191050566395279e+05
 -4.067520915611528326e+05
 -4.079844095918809762e+05
 -4.092160591428257758e+05
 -4.104470402074821759e+05
 -4.116773527788674692e+05
 -4.129069968495611101e+05
 -4.141359724117490696e+05
 -4.153642794572378043e+05
 -4.165919179775180528e+05
 -4.178188879637802020e+05
 -4.190451894069687696e+05
 -4.202708222978091799e+05
 -4.214957866268478101e+05
 -4.227200823845017003e+05
 -4.239437095610781107e+05
 -4.251666681468309835e+05
 -4.263889581319891149e+05
 -4.276105795068036532e+05
 -4.288315322615797631e+05
 -4.300518163867186522e+05
 -4.312714318727635546e+05
 -4.324903787104234798e+05
 -4.337086568906307220e+05
 -4.349262664045689162e+05
 -4.361432072437184397e+05
 -4.373594793998933164e+05
 -4.385750828652811470e+05
 -4.397900176324913045e+05
 -4.410042836945764720e+05
 -4.422178810450931778e+05
 -4.434308096781289205e+05
 -4.446430695883486187e+05
 -4.458546607710309327e+05
 -4.470655832221130840e+05
 -4.482758369382263627e+05
 -4.494854219167373376e+05
 -4.506943381557901157e+05
 -4.519025856543458067e+05
 -4.531101644122198923e+05
 -4.543170744301232044e+05
 -4.555233157096982468e+05
 -4.567288882535613375e+05
 -4.579337920653373003e+05
 -4.591380271497000940e+05
 -4.603415935124107637e+05
 -4.615444911603447981e+05
 -4.627467201015299652e+05
 -4.639482803451919463e+05
 -4.651491719017690048e+05
 -4.663493947829578537e+05
 -4.675489490017303033e+05
 -4.687478345723752864e+05
 -4.699460515105178347e+05
 -4.711435998331479495e+05
 -4.723404795586396940e+05
 -4.735366907067755237e+05
 -4.747322332987638656e+05
 -4.759271073572597234e+05
 -4.771213129063723609e+05
 -4.783148499716822989e+05
 -4.795077185802524909e+05
 -4.806999187606286723e+05
 -4.818914505428461125e+05
 -4.830823139584367163e+05
 -4.842725090404159855e+05
 -4.854620358232894214e+05
 -4.866508943430373911e+05
 -4.878390846371123334e+05
 -4.890266067444124492e+05
 -4.902134607052775100e+05
 -4.913996465614612680e+05
 -4.925851643561149249e+05
 -4.937700141337530222e+05
 -4.949541959402327193e+05
 -4.961377098227117676e+05
 -4.973205558296203380e+05
 -4.985027340106241172e+05
 -4.996842444165804191e+05
 -5.008650870994905708e+05
 -5.020452621124597499e+05
 -5.032247695096444804e+05
 -5.044036093461991986e+05
 -5.055817816782249138e+05
 -5.067592865627082065e+05
 -5.079361240574661642e+05
 -5.091122942210813053e+05
 -5.102877971128397621e+05
 -5.114626327926663216e+05
 -5.126368013210522477e+05
 -5.138103027589945123e+05
 -5.149831371679147705e+05
 -5.161553046095957980e+05
 -5.173268051460976712e+05
 -5.184976388396946713e+05
 -5.196678057527905330e+05
 -5.208373059478458017e+05
 -5.220061394872977398e+05
 -5.231743064334851224e+05
 -5.243418068485634867e+05
 -5.255086407944331877e+05
 -5.266748083326581400e+05
 -5.278403095243826974e+05
 -5.290051444302587770e+05
 -5.301693131103636697e+05
 -5.313328156241227407e+05
 -5.324956520302304998e+05
 -5.336578223865730688e+05
 -5.348193267501541413e+05
 -5.359801651770202443e+05
 -5.371403377221850678e+05
 -5.382998444395530969e+05
 -5.394586853818509262e+05
 -5.406168606005564798e+05
 -5.417743701458314899e+05
 -5.429312140664411709e+05
 -5.440873924097041599e+05
 -5.452429052214147523e+05
 -5.463977525457853917e+05
 -5.475519344253772870e+05
 -5.487054509010459296e+05
 -5.498583020118765999e+05
 -5.510104877951273229e+05
 -5.521620082861741539e+05
 -5.533128635184520390e+05
 -5.544630535234024283e+05
 -5.556125783304218203e+05
 -5.567614379668014590e+05
 -5.579096324576954357e+05
 -5.590571618260503747e+05
 -5.602040260925751645e+05
 -5.613502252756829839e+05
 -5.624957593914535828e+05
 -5.636406284535841551e+05
 -5.647848324733546469e+05
 -5.659283714595716447e+05
 -5.670712454185457900e+05
 -5.682134543540398590e+05
 -5.693549982672363985e+05
 -5.704958771566993091e+05
 -5.716360910183417145e+05
 -5.727756398453854490e+05
 -5.739145236283347476e+05
 -5.750527423549406230e+05
 -5.761902960101705976e+05
 -5.773271845761779696e+05
 -5.784634080322810914e+05
 -5.795989663549314719e+05
 -5.807338595176832750e+05
 -5.818680874911856372e+05
 -5.830016502431437839e+05
 -5.841345477383134421e+05
 -5.852667799384789541e+05
 -5.863983468024344184e+05
 -5.875292482859678566e+05
 -5.886594843418623786e+05
 -5.897890549198770896e+05
 -5.909179599667517468e+05
 -5.920461994261895306e+05
 -5.931737732388796285e+05
 -5.943006813424774446e+05
 -5.954269236716299783e+05
 -5.965525001579809468e+05
 -5.976774107301821932e+05
 -5.988016553139113821e+05
 -5.999252338318955153e+05
 -6.010481462039307225e+05
 -6.021703923469078727e+05
 -6.032919721748402808e+05
 -6.044128855988995638e+05
 -6.055331325274351984e+05
 -6.066527128660122398e+05
 -6.077716265174462460e+05
 -6.088898733818279579e+05
 -6.100074533565607853e+05
 -6.111243663363899104e+05
 -6.122406122134246398e+05
 -6.133561908771684393e+05
 -6.144711022145403549e+05
 -6.155853461098964326e+05
 -6.166989224450367037e+05
 -6.178118310992300976e+05
 -6.189240719492086209e+05
 -6.200356448691794649e+05
 -6.211465497308226768e+05
 -6.222567864032844082e+05
 -6.233663547531696968e+05
 </DataArray>
 <DataArray Name="T" type="Float32" NumberOfComponents="1" format="ascii">
 3.921342656278235950e+02
 3.917250357485749532e+02
 3.913160208542033160e+02
 3.909072209281092114e+02
 3.904986359540027934e+02
 3.900902659159031032e+02
 3.896821107981330101e+02
 3.892741705853154031e+02
 3.888664452623723378e+02
 3.884589348145220242e+02
 3.880516392272757571e+02
 3.876445584864406442e+02
 3.872376925781147179e+02
 3.868310414886889816e+02
 3.864246052048451929e+02
 3.860183837135585918e+02
 3.856123770020977872e+02
 3.852065850580249844e+02
 3.848010078691954732e+02
 3.843956454237639946e+02
 3.839904977101812733e+02
 3.835855647171986789e+02
 3.831808464338699878e+02
 3.827763428495537710e+02
 3.823720539539134506e+02
 3.819679797369228140e+02
 3.815641201888659566e+02
 3.811604753003404085e+02
 3.807570450622590101e+02
 3.803538294658536643e+02
 3.799508285026757903e+02
 3.795480421645992806e+02
 3.791454704438217505e+02
 3.787431133328662440e+02
 3.783409708245833940e+02
 3.779390429121527291e+02
 3.775373295890821623e+02
 3.771358308492109472e+02
 3.767345466867082564e+02
 3.763334770960747164e+02
 3.759326220721406457e+02
 3.755319816100665662e+02
 3.751315557053413272e+02
 3.747313443537804574e+02
 3.743313475515267896e+02
 3.739315652950446633e+02
 3.735319975811190716e+02
 3.731326444068525348e+02
 3.727335057696604395e+02
 3.723345816672685373e+02
 3.719358720977056691e+02
 3.715373770593016047e+02
 3.711390965506807902e+02
 3.707410305707538214e+02
 3.703431791187146587e+02
 3.699455421940317024e+02
 3.695481197964398348e+02
 3.691509119259362137e+02
 3.687539185827674260e+02
 3.683571397674242007e+02
 3.679605754806310642e+02
 3.675642257233373584e+02
 3.671680904967091124e+02
 3.667721698021155703e+02
 3.663764636411240758e+02
 3.659809720154858610e+02
 3.655856949271257008e+02
 3.651906323781323067e+02
 3.647957843707448546e+02
 3.644011509073453112e+02
 3.640067319904431429e+02
 3.636125276226655956e+02
 3.632185378067456440e+02
 3.628247625455093726e+02
 3.624312018418635830e+02
 3.620378556987841989e+02
 3.616447241193048967e+02
 3.612518071065027812e+02
 3.608591046634869031e+02
 3.604666167933861516e+02
 3.600743434993353844e+02
 3.596822847844640023e+02
 3.592904406518829887e+02
 3.588988111046732570e+02
 3.585073961458709846e+02
 3.581161957784560173e+02
 3.577252100053393065e+02
 3.573344388293502334e+02
 3.569438822532231939e+02
 3.565535402795850928e+02
 3.561634129109427818e+02
 3.557735001496702125e+02
 3.553838019979947376e+02
 3.549943184579850026e+02
 3.546050495315382136e+02
 3.542159952203671196e+02
 3.538271555259865409e+02
 3.534385304497005791e+02
 3.530501199925905098e+02
 3.526619241555003441e+02
 3.522739429390269947e+02
 3.518861763435037346e+02
 3.514986243689895673e+02
 3.511112870152570622e+02
 3.507241642817783145e+02
 3.503372561677136900e+02
 3.499505626718993767e+02
 3.495640837928352767e+02
 3.491778195286736377e+02
 3.487917698772081962e+02
 3.484059348358603074e+02
 3.480203144016715555e+02
 3.476349085712907367e+02
 3.472497173409652760e+02
 3.468647407065301991e+02
 3.464799786634005727e+02
 3.460954312065611020e+02
 3.457110983305603327e+02
 3.453269800295011578e+02
 3.449430762970344517e+02
 3.445593871263531014e+02
 3.441759125101874588e+02
 3.437926524407995998e+02
 3.434096069099793453e+02
 3.430267759090426125e+02
 3.426441594288273222e+02
 3.422617574596933423e+02
 3.418795699915228283e+02
 3.414975970137186891e+02
 3.411158385152081109e+02
 3.407342944844421595e+02
 3.403529649094036245e+02
 3.399718497776057120e+02
 3.395909490761043799e+02
 3.392102627914978257e+02
 3.388297909099387084e+02
 3.384495334171395484e+02
 3.380694902983852330e+02
 3.376896615385397808e+02
 3.373100471220596432e+02
 3.369306470330067782e+02
 3.365514612550594507e+02
 3.361724897715280349e+02
 3.357937325653699077e+02
 3.354151896192041704e+02
 3.350368609153303510e+02
 3.346587464357432964e+02
 3.342808461621537504e+02
 3.339031600760069409e+02
 3.335256881585015094e+02
 3.331484303906107698e+02
 3.327713867531027176e+02
 3.323945572265635633e+02
 3.320179417914177407e+02
 3.316415404279525205e+02
 3.312653531163412026e+02
 3.308893798366642613e+02
 3.305136205689381654e+02
 3.301380752931336247e+02
 3.297627439892065127e+02
 3.293876266371178190e+02
 3.290127232168605929e+02
 3.286380337084875123e+02
 3.282635580921324276e+02
 3.278892963480378171e+02
 3.275152484565803661e+02
 3.271414143982946143e+02
 3.267677941539002973e+02
 3.263943877043261068e+02
 3.260211950307347024e+02
 3.256482161145481768e+02
 3.252754509374722716e+02
 3.249028994815195688e+02
 3.245305617290347868e+02
 3.241584376627182564e+02
 3.237865272656470665e+02
 3.234148305213014964e+02
 3.230433474135828646e+02
 3.226720779268401316e+02
 3.223010220458883168e+02
 3.219301797560294744e+02
 3.215595510430753734e+02
 3.211891358933656875e+02
 3.208189342937886863e+02
 3.204489462318013011e+02
 3.200791716954458366e+02
 3.197096106733685019e+02
 3.193402631548394197e+02
 3.189711291297679736e+02
 3.186022085887201456e+02
 3.182335015229357964e+02
 3.178650079243440132e+02
 3.174967277855794237e+02
 3.171286610999966911e+02
 3.167608078616853504e+02
 3.163931680654857246e+02
 3.160257417070011456e+02
 3.156585287826130184e+02
 3.152915292894931554e+02
 3.149247432256169077e+02
 3.145581705897769780e+02
 3.141918113815936522e+02
 3.138256656015281010e+02
 3.134597332508917589e+02
 3.130940143318595688e+02
 3.127285088474786221e+02
 3.123632168016818582e+02
 3.119981381992926117e+02
 3.116332730460376297e+02
 3.112686213485557118e+02
 3.109041831144044181e+02
 3.105399583520698457e+02
 3.101759470709731090e+02
 3.098121492814771045e+02
 3.094485649948933315e+02
 3.090851942234867806e+02
 3.087220369804822440e+02
 3.083590932800682936e+02
 3.079963631373985891e+02
 3.076338465685965389e+02
 3.072715435907561528e+02
 3.069094542219432924e+02
 3.065475784811953872e+02
 3.061859163885177395e+02
 3.058244679648860824e+02
 3.054632332322382240e+02
 3.051022122134720007e+02
 3.047414049324398206e+02
 3.043808114139411600e+02
 3.040204316837163674e+02
 3.036602657684374549e+02
 3.033003136956994013e+02
 3.029405754940116253e+02
 3.025810511927878110e+02
 3.022217408223344250e+02
 3.018626444138423039e+02
 3.015037619993746034e+02
 3.011450936118588402e+02
 3.007866392850751822e+02
 3.004283990536475244e+02
 3.000703729530392252e+02
 2.997125610195405443e+02
 2.993549632902668804e+02
 2.989975798031508702e+02
 2.986404105969414218e+02
 2.982834557111972913e+02
 2.979267151862897549e+02
 2.975701890634019833e+02
 2.972138773845279616e+02
 2.968577801924798791e+02
 3.921342656278234813e+02
 3.917250357485746690e+02
 3.913160208542032024e+02
 3.909072209281083019e+02
 3.904986359540018839e+02
 3.900902659159024211e+02
 3.896821107981328396e+02
 3.892741705853156304e+02
 3.888664452623725083e+02
 3.884589348145225927e+02
 3.880516392272758708e+02
 3.876445584864405873e+02
 3.872376925781138084e+02
 3.868310414886875606e+02
 3.864246052048441129e+02
 3.860183837135583076e+02
 3.856123770020975030e+02
 3.852065850580245865e+02
 3.848010078691954732e+02
 3.843956454237638241e+02
 3.839904977101804775e+02
 3.835855647171978262e+02
 3.831808464338693057e+02
 3.827763428495534868e+02
 3.823720539539138485e+02
 3.819679797369228140e+02
 3.815641201888657292e+02
 3.811604753003399537e+02
 3.807570450622582712e+02
 3.803538294658534369e+02
 3.799508285026755061e+02
 3.795480421645992237e+02
 3.791454704438212957e+02
 3.787431133328659030e+02
 3.783409708245829393e+02
 3.779390429121524448e+02
 3.775373295890816507e+02
 3.771358308492110041e+02
 3.767345466867081996e+02
 3.763334770960751712e+02
 3.759326220721406457e+02
 3.755319816100658841e+02
 3.751315557053405314e+02
 3.747313443537798889e+02
 3.743313475515262212e+02
 3.739315652950436970e+02
 3.735319975811179916e+02
 3.731326444068519095e+02
 3.727335057696599279e+02
 3.723345816672682531e+02
 3.719358720977053281e+02
 3.715373770593016047e+02
 3.711390965506802218e+02
 3.707410305707534235e+02
 3.703431791187142039e+02
 3.699455421940311339e+02
 3.695481197964395506e+02
 3.691509119259363274e+02
 3.687539185827678807e+02
 3.683571397674245986e+02
 3.679605754806308937e+02
 3.675642257233374153e+02
 3.671680904967088281e+02
 3.667721698021157977e+02
 3.663764636411243032e+02
 3.659809720154860315e+02
 3.655856949271259282e+02
 3.651906323781318520e+02
 3.647957843707446273e+02
 3.644011509073457660e+02
 3.640067319904430292e+02
 3.636125276226661640e+02
 3.632185378067459283e+02
 3.628247625455095999e+02
 3.624312018418634693e+02
 3.620378556987839715e+02
 3.616447241193051241e+02
 3.612518071065024969e+02
 3.608591046634866188e+02
 3.604666167933855263e+02
 3.600743434993350434e+02
 3.596822847844638886e+02
 3.592904406518833866e+02
 3.588988111046741665e+02
 3.585073961458713256e+02
 3.581161957784564720e+02
 3.577252100053398749e+02
 3.573344388293509155e+02
 3.569438822532238191e+02
 3.565535402795857749e+02
 3.561634129109440323e+02
 3.557735001496704967e+02
 3.553838019979946807e+02
 3.549943184579847184e+02
 3.546050495315379294e+02
 3.542159952203666649e+02
 3.538271555259860861e+02
 3.534385304497001243e+02
 3.530501199925897708e+02
 3.526619241555002873e+02
 3.522739429390272790e+02
 3.518861763435042462e+02
 3.514986243689902494e+02
 3.511112870152572896e+02
 3.507241642817781440e+02
 3.503372561677131785e+02
 3.499505626718990356e+02
 3.495640837928356746e+02
 3.491778195286744335e+02
 3.487917698772083668e+02
 3.484059348358612738e+02
 3.480203144016724650e+02
 3.476349085712917031e+02
 3.472497173409652760e+02
 3.468647407065299717e+02
 3.464799786634001748e+02
 3.460954312065612726e+02
 3.457110983305604464e+02
 3.453269800295009873e+02
 3.449430762970339970e+02
 3.445593871263530446e+02
 3.441759125101874019e+02
 3.437926524407995430e+02
 3.434096069099798001e+02
 3.430267759090428967e+02
 3.426441594288274928e+02
 3.422617574596941381e+02
 3.418795699915235105e+02
 3.414975970137196555e+02
 3.411158385152085657e+02
 3.407342944844430122e+02
 3.403529649094033402e+02
 3.399718497776057688e+02
 3.395909490761038683e+02
 3.392102627914975983e+02
 3.388297909099381968e+02
 3.384495334171396053e+02
 3.380694902983845509e+02
 3.376896615385388145e+02
 3.373100471220593022e+02
 3.369306470330067782e+02
 3.365514612550594507e+02
 3.361724897715283191e+02
 3.357937325653701919e+02
 3.354151896192045115e+02
 3.350368609153303510e+02
 3.346587464357428985e+02
 3.342808461621535798e+02
 3.339031600760067136e+02
 3.335256881585012820e+02
 3.331484303906105424e+02
 3.327713867531025471e+02
 3.323945572265636770e+02
 3.320179417914179112e+02
 3.316415404279530890e+02
 3.312653531163410321e+02
 3.308893798366646024e+02
 3.305136205689379381e+02
 3.301380752931336815e+02
 3.297627439892061147e+02
 3.293876266371169663e+02
 3.290127232168598539e+02
 3.286380337084868302e+02
 3.282635580921321434e+02
 3.278892963480378171e+02
 3.275152484565806503e+02
 3.271414143982954670e+02
 3.267677941539014341e+02
 3.263943877043269026e+02
 3.260211950307350435e+02
 3.256482161145481768e+02
 3.252754509374718737e+02
 3.249028994815191140e+02
 3.245305617290340479e+02
 3.241584376627170627e+02
 3.237865272656462707e+02
 3.234148305213008143e+02
 3.230433474135822394e+02
 3.226720779268399610e+02
 3.223010220458879758e+02
 3.219301797560293608e+02
 3.215595510430748050e+02
 3.211891358933652327e+02
 3.208189342937885726e+02
 3.204489462318011306e+02
 3.200791716954454955e+02
 3.197096106733684451e+02
 3.193402631548394766e+02
 3.189711291297680873e+02
 3.186022085887199751e+02
 3.182335015229363648e+02
 3.178650079243445816e+02
 3.174967277855802195e+02
 3.171286610999971458e+02
 3.167608078616860325e+02
 3.163931680654862930e+02
 3.160257417070018846e+02
 3.156585287826129615e+02
 3.152915292894931554e+02
 3.149247432256170214e+02
 3.145581705897770917e+02
 3.141918113815938227e+02
 3.138256656015280441e+02
 3.134597332508914178e+02
 3.130940143318592277e+02
 3.127285088474790768e+02
 3.123632168016820856e+02
 3.119981381992924980e+02
 3.116332730460380276e+02
 3.112686213485561098e+02
 3.109041831144043044e+02
 3.105399583520698457e+02
 3.101759470709723701e+02
 3.098121492814763656e+02
 3.094485649948929904e+02
 3.090851942234867806e+02
 3.087220369804821303e+02
 3.083590932800681230e+02
 3.079963631373981912e+02
 3.076338465685964252e+02
 3.072715435907555843e+02
 3.069094542219433492e+02
 3.065475784811944209e+02
 3.061859163885173416e+02
 3.058244679648859687e+02
 3.054632332322382240e+02
 3.051022122134718870e+02
 3.047414049324395933e+02
 3.043808114139407621e+02
 3.040204316837155147e+02
 3.036602657684363180e+02
 3.033003136956990602e+02
 3.029405754940117390e+02
 3.025810511927881521e+02
 3.022217408223353345e+02
 3.018626444138433271e+02
 3.015037619993760813e+02
 3.011450936118603181e+02
 3.007866392850758075e+02
 3.004283990536480928e+02
 3.000703729530394526e+02
 2.997125610195410559e+02
 2.993549632902669941e+02
 2.989975798031513818e+02
 2.986404105969410807e+02
 2.982834557111966660e+02
 2.979267151862893570e+02
 2.975701890634011306e+02
 2.972138773845273931e+02
 2.968577801924790833e+02
 </DataArray>
 <DataArray Name="vel.vector" type="Float32" NumberOfComponents="3" format="ascii">
 1.497219604492187500e+03 4.042823882740784192e-14 0.000000000000000000e+00
 1.499044067382812500e+03 1.245911468612803663e-13 0.000000000000000000e+00
 1.500868408203125000e+03 1.780488056253234919e-13 0.000000000000000000e+00
 1.502692871093750000e+03 2.564212947878119486e-13 0.000000000000000000e+00
 1.504517211914062500e+03 3.113606648983552327e-13 0.000000000000000000e+00
 1.506341674804687500e+03 3.347350879551874714e-13 0.000000000000000000e+00
 1.508166015625000000e+03 3.216131787969755962e-13 0.000000000000000000e+00
 1.509990478515625000e+03 2.869479014209336265e-13 0.000000000000000000e+00
 1.511814819335937500e+03 3.485207456833949724e-13 0.000000000000000000e+00
 1.513639282226562500e+03 1.847270437744380489e-13 0.000000000000000000e+00
 1.515463623046875000e+03 1.444064323414401274e-13 0.000000000000000000e+00
 1.517287963867187500e+03 -4.532634237017739431e-14 0.000000000000000000e+00
 1.519112304687500000e+03 -5.783975322347714720e-14 0.000000000000000000e+00
 1.520936645507812500e+03 3.940756073783462099e-14 0.000000000000000000e+00
 1.522760986328125000e+03 1.275286164647768117e-13 0.000000000000000000e+00
 1.524585449218750000e+03 8.989913034915947287e-14 0.000000000000000000e+00
 1.526409790039062500e+03 5.624297414515838645e-14 0.000000000000000000e+00
 1.528234008789062500e+03 2.478502259927860968e-14 0.000000000000000000e+00
 1.530058349609375000e+03 -7.831680860466774807e-14 0.000000000000000000e+00
 1.531882690429687500e+03 -2.825663422863222696e-13 0.000000000000000000e+00
 1.533707031250000000e+03 -4.594908438113054494e-13 0.000000000000000000e+00
 1.535531372070312500e+03 -5.269275684186003339e-13 0.000000000000000000e+00
 1.537355712890625000e+03 -4.814431730885970762e-13 0.000000000000000000e+00
 1.539179931640625000e+03 -3.845720129066337867e-13 0.000000000000000000e+00
 1.541004272460937500e+03 -3.879152858307644003e-13 0.000000000000000000e+00
 1.542828613281250000e+03 -3.332816065227534041e-13 0.000000000000000000e+00
 1.544652832031250000e+03 -2.085122303768435770e-13 0.000000000000000000e+00
 1.546477172851562500e+03 -1.656637473685870776e-13 0.000000000000000000e+00
 1.548301391601562500e+03 2.097422475771330147e-14 0.000000000000000000e+00
 1.550125732421875000e+03 -5.913727810262980542e-15 0.000000000000000000e+00
 1.551949951171875000e+03 1.119310400659115357e-13 0.000000000000000000e+00
 1.553774291992187500e+03 6.757149093733483269e-14 0.000000000000000000e+00
 1.555598510742187500e+03 9.499716416066714131e-14 0.000000000000000000e+00
 1.557422851562500000e+03 1.193512960174798049e-14 0.000000000000000000e+00
 1.559247070312500000e+03 -2.765607804344673987e-14 0.000000000000000000e+00
 1.561071289062500000e+03 -1.625408656410684549e-13 0.000000000000000000e+00
 1.562895507812500000e+03 -1.534453716433431536e-13 0.000000000000000000e+00
 1.564719848632812500e+03 -1.659890215728598850e-13 0.000000000000000000e+00
 1.566544067382812500e+03 -7.884461177476084770e-14 0.000000000000000000e+00
 1.568368286132812500e+03 -9.207429740518136008e-14 0.000000000000000000e+00
 1.570192504882812500e+03 -6.716096456098677447e-14 0.000000000000000000e+00
 1.572016723632812500e+03 4.848755932658108895e-16 0.000000000000000000e+00
 1.573840942382812500e+03 1.100681706694105200e-13 0.000000000000000000e+00
 1.575665161132812500e+03 1.390353625415827188e-13 0.000000000000000000e+00
 1.577489379882812500e+03 1.296356414142579849e-13 0.000000000000000000e+00
 1.579313598632812500e+03 1.512706382681902606e-13 0.000000000000000000e+00
 1.581137817382812500e+03 1.891251505447069658e-13 0.000000000000000000e+00
 1.582962036132812500e+03 1.085488578363158485e-13 0.000000000000000000e+00
 1.584786132812500000e+03 1.857015788971766446e-13 0.000000000000000000e+00
 1.586610351562500000e+03 1.537994449678226072e-13 0.000000000000000000e+00
 1.588434570312500000e+03 2.328336633737604355e-13 0.000000000000000000e+00
 1.590258789062500000e+03 2.248820433255888096e-13 0.000000000000000000e+00
 1.592082885742187500e+03 2.773078533295503245e-13 0.000000000000000000e+00
 1.593907104492187500e+03 2.718622310778073814e-13 0.000000000000000000e+00
 1.595731201171875000e+03 3.634840367063019162e-13 0.000000000000000000e+00
 1.597555419921875000e+03 4.090945247489652381e-13 0.000000000000000000e+00
 1.599379638671875000e+03 4.902788244831590703e-13 0.000000000000000000e+00
 1.601203735351562500e+03 4.895691057410500591e-13 0.000000000000000000e+00
 1.603027832031250000e+03 4.572307701726507911e-13 0.000000000000000000e+00
 1.604852050781250000e+03 3.565776146574606287e-13 0.000000000000000000e+00
 1.606676147460937500e+03 3.487758584545808116e-13 0.000000000000000000e+00
 1.608500366210937500e+03 3.045932917781352112e-13 0.000000000000000000e+00
 1.610324462890625000e+03 2.715203008176597654e-13 0.000000000000000000e+00
 1.612148559570312500e+03 1.282594907017764463e-13 0.000000000000000000e+00
 1.613972656250000000e+03 7.501807436696966008e-15 0.000000000000000000e+00
 1.615796875000000000e+03 -9.140769602821938178e-14 0.000000000000000000e+00
 1.617620971679687500e+03 -1.556979778395348180e-13 0.000000000000000000e+00
 1.619445068359375000e+03 -1.734696641973038078e-13 0.000000000000000000e+00
 1.621269165039062500e+03 -1.864714573073314452e-13 0.000000000000000000e+00
 1.623093261718750000e+03 -2.198836680225232931e-13 0.000000000000000000e+00
 1.624917358398437500e+03 -1.270608103324036287e-13 0.000000000000000000e+00
 1.626741455078125000e+03 -1.360829987107417538e-13 0.000000000000000000e+00
 1.628565551757812500e+03 -1.661908864648495299e-13 0.000000000000000000e+00
 1.630389648437500000e+03 -1.630485704133891045e-13 0.000000000000000000e+00
 1.632213745117187500e+03 -1.446709641189994344e-13 0.000000000000000000e+00
 1.634037841796875000e+03 8.841792044616408885e-14 0.000000000000000000e+00
 1.635861816406250000e+03 7.519603429512189408e-14 0.000000000000000000e+00
 1.637685913085937500e+03 3.478936770281472468e-14 0.000000000000000000e+00
 1.639510009765625000e+03 -1.143657922270807648e-13 0.000000000000000000e+00
 1.641334106445312500e+03 -1.096586810613899010e-13 0.000000000000000000e+00
 1.643158081054687500e+03 -1.577694545102856227e-13 0.000000000000000000e+00
 1.644982177734375000e+03 -1.092086084108004340e-13 0.000000000000000000e+00
 1.646806152343750000e+03 -1.005399105982740515e-13 0.000000000000000000e+00
 1.648630249023437500e+03 -1.809425818812687714e-13 0.000000000000000000e+00
 1.650454223632812500e+03 -3.098988893193016514e-13 0.000000000000000000e+00
 1.652278320312500000e+03 -4.734076628973293843e-13 0.000000000000000000e+00
 1.654102294921875000e+03 -4.809798392901853958e-13 0.000000000000000000e+00
 1.655926391601562500e+03 -4.216808109289149620e-13 0.000000000000000000e+00
 1.657750366210937500e+03 -4.067960161432959687e-13 0.000000000000000000e+00
 1.659574340820312500e+03 -3.148513351078352507e-13 0.000000000000000000e+00
 1.661398315429687500e+03 -5.355158048774011359e-13 0.000000000000000000e+00
 1.663222412109375000e+03 -6.310691986338712312e-13 0.000000000000000000e+00
 1.665046386718750000e+03 -6.165595920100408467e-13 0.000000000000000000e+00
 1.666870361328125000e+03 -5.180505547111580178e-13 0.000000000000000000e+00
 1.668694335937500000e+03 -4.559987370339468882e-13 0.000000000000000000e+00
 1.670518310546875000e+03 -3.949915752549798542e-13 0.000000000000000000e+00
 1.672342285156250000e+03 -4.629112306149540945e-13 0.000000000000000000e+00
 1.674166259765625000e+03 -4.172275589256480011e-13 0.000000000000000000e+00
 1.675990234375000000e+03 -4.258431714893040620e-13 0.000000000000000000e+00
 1.677814208984375000e+03 -4.281275583616767078e-13 0.000000000000000000e+00
 1.679638183593750000e+03 -3.641283509523557393e-13 0.000000000000000000e+00
 1.681462036132812500e+03 -2.485449454754651288e-13 0.000000000000000000e+00
 1.683286010742187500e+03 -1.923752498446396064e-13 0.000000000000000000e+00
 1.685109985351562500e+03 -1.610429048145081699e-13 0.000000000000000000e+00
 1.686933837890625000e+03 -3.363526498339000637e-14 0.000000000000000000e+00
 1.688757812500000000e+03 9.388976683795402511e-14 0.000000000000000000e+00
 1.690581787109375000e+03 1.777012781714604195e-13 0.000000000000000000e+00
 1.692405639648437500e+03 8.562891877766237725e-14 0.000000000000000000e+00
 1.694229614257812500e+03 -7.530308570712768157e-14 0.000000000000000000e+00
 1.696053466796875000e+03 3.429375178471728847e-14 0.000000000000000000e+00
 1.697877441406250000e+03 3.322674099292925731e-14 0.000000000000000000e+00
 1.699701293945312500e+03 -1.027205748981236191e-14 0.000000000000000000e+00
 1.701525146484375000e+03 -1.649577691239731414e-13 0.000000000000000000e+00
 1.703349121093750000e+03 -1.340201007896807406e-13 0.000000000000000000e+00
 1.705172973632812500e+03 -1.309813938083284612e-13 0.000000000000000000e+00
 1.706996826171875000e+03 -1.064695952387138822e-13 0.000000000000000000e+00
 1.708820678710937500e+03 -2.189712983418495851e-13 0.000000000000000000e+00
 1.710644531250000000e+03 -2.826845203231231896e-13 0.000000000000000000e+00
 1.712468383789062500e+03 -3.327453872332963858e-13 0.000000000000000000e+00
 1.714292236328125000e+03 -3.526766281358034716e-13 0.000000000000000000e+00
 1.716116088867187500e+03 -4.530227918058543635e-13 0.000000000000000000e+00
 1.717939941406250000e+03 -4.896595824123439744e-13 0.000000000000000000e+00
 1.719763793945312500e+03 -4.694644195959996047e-13 0.000000000000000000e+00
 1.721587646484375000e+03 -3.018398248358367120e-13 0.000000000000000000e+00
 1.723411499023437500e+03 -6.106069426123350574e-14 0.000000000000000000e+00
 1.725235351562500000e+03 9.230213571546561080e-14 0.000000000000000000e+00
 1.727059082031250000e+03 1.914970223680038247e-14 0.000000000000000000e+00
 1.728882934570312500e+03 -5.593861487841918223e-14 0.000000000000000000e+00
 1.730706787109375000e+03 -1.884233058208756306e-13 0.000000000000000000e+00
 1.732530639648437500e+03 -2.809545131265966944e-13 0.000000000000000000e+00
 1.734354370117187500e+03 -5.353678654909654888e-13 0.000000000000000000e+00
 1.736178222656250000e+03 -6.948402356959926252e-13 0.000000000000000000e+00
 1.738001953125000000e+03 -7.987492503351567574e-13 0.000000000000000000e+00
 1.739825805664062500e+03 -6.751942212800121634e-13 0.000000000000000000e+00
 1.741649536132812500e+03 -6.245967827146758911e-13 0.000000000000000000e+00
 1.743473388671875000e+03 -5.401604727742204126e-13 0.000000000000000000e+00
 1.745297119140625000e+03 -5.127839342380924315e-13 0.000000000000000000e+00
 1.747120849609375000e+03 -3.465593968483143827e-13 0.000000000000000000e+00
 1.748944702148437500e+03 -9.789738464327513157e-14 0.000000000000000000e+00
 1.750768432617187500e+03 4.803355792542401970e-14 0.000000000000000000e+00
 1.752592163085937500e+03 9.964270619548798447e-14 0.000000000000000000e+00
 1.754415893554687500e+03 1.505812212117610405e-13 0.000000000000000000e+00
 1.756239746093750000e+03 1.499088803395484670e-13 0.000000000000000000e+00
 1.758063476562500000e+03 1.444079231194272950e-13 0.000000000000000000e+00
 1.759887207031250000e+03 8.041664393849262682e-14 0.000000000000000000e+00
 1.761710937500000000e+03 1.000337643665763498e-13 0.000000000000000000e+00
 1.763534667968750000e+03 1.267484787915648670e-13 0.000000000000000000e+00
 1.765358398437500000e+03 1.950288211092707225e-13 0.000000000000000000e+00
 1.767182128906250000e+03 1.103586284314193866e-13 0.000000000000000000e+00
 1.769005859375000000e+03 3.567761388515063026e-14 0.000000000000000000e+00
 1.770829589843750000e+03 1.841620050359836502e-14 0.000000000000000000e+00
 1.772653320312500000e+03 5.475473725683258075e-14 0.000000000000000000e+00
 1.774477050781250000e+03 4.180670024576949029e-14 0.000000000000000000e+00
 1.776300781250000000e+03 9.814331557731273414e-14 0.000000000000000000e+00
 1.778124511718750000e+03 1.631221606358465581e-13 0.000000000000000000e+00
 1.779948120117187500e+03 3.012730852552242267e-13 0.000000000000000000e+00
 1.781771850585937500e+03 3.265531562605256122e-13 0.000000000000000000e+00
 1.783595581054687500e+03 3.975218862851265245e-13 0.000000000000000000e+00
 1.785419311523437500e+03 3.793136594751334023e-13 0.000000000000000000e+00
 1.787243041992187500e+03 4.448505908256905617e-13 0.000000000000000000e+00
 1.789066650390625000e+03 4.086595428373640537e-13 0.000000000000000000e+00
 1.790890380859375000e+03 3.689418291274310091e-13 0.000000000000000000e+00
 1.792714111328125000e+03 2.796825542428910127e-13 0.000000000000000000e+00
 1.794537719726562500e+03 1.531258301580573633e-13 0.000000000000000000e+00
 1.796361450195312500e+03 -3.613739353331563153e-14 0.000000000000000000e+00
 1.798185180664062500e+03 -2.568031236879070311e-13 0.000000000000000000e+00
 1.800008789062500000e+03 -2.683986930276938132e-13 0.000000000000000000e+00
 1.801832519531250000e+03 -2.879734753609419773e-13 0.000000000000000000e+00
 1.803656250000000000e+03 -4.006012372954198542e-13 0.000000000000000000e+00
 1.805479858398437500e+03 -3.884954695183157058e-13 0.000000000000000000e+00
 1.807303588867187500e+03 -2.239285552775235888e-13 0.000000000000000000e+00
 1.809127197265625000e+03 -3.535605646145037473e-14 0.000000000000000000e+00
 1.810950927734375000e+03 3.356954877921022873e-14 0.000000000000000000e+00
 1.812774658203125000e+03 -3.889612563241426346e-15 0.000000000000000000e+00
 1.814598266601562500e+03 -7.827257315603033949e-14 0.000000000000000000e+00
 1.816421997070312500e+03 -1.803739449468544365e-13 0.000000000000000000e+00
 1.818245605468750000e+03 -3.601720159097931973e-13 0.000000000000000000e+00
 1.820069335937500000e+03 -3.898274118872141480e-13 0.000000000000000000e+00
 1.821892944335937500e+03 -3.675559477004514131e-13 0.000000000000000000e+00
 1.823716674804687500e+03 -3.297748901211206007e-13 0.000000000000000000e+00
 1.825540283203125000e+03 -3.418896296712020666e-13 0.000000000000000000e+00
 1.827364013671875000e+03 -2.941111709644367300e-13 0.000000000000000000e+00
 1.829187622070312500e+03 -2.541969998208493120e-13 0.000000000000000000e+00
 1.831011352539062500e+03 -2.802746099442310346e-13 0.000000000000000000e+00
 1.832834960937500000e+03 -2.107936221407147315e-13 0.000000000000000000e+00
 1.834658691406250000e+03 4.383287420636934606e-14 0.000000000000000000e+00
 1.836482299804687500e+03 2.724790879038430091e-13 0.000000000000000000e+00
 1.838306030273437500e+03 4.328764451923261536e-13 0.000000000000000000e+00
 1.840129638671875000e+03 5.246896667143730042e-13 0.000000000000000000e+00
 1.841953369140625000e+03 6.346417532124282168e-13 0.000000000000000000e+00
 1.843776977539062500e+03 5.822776072070268150e-13 0.000000000000000000e+00
 1.845600708007812500e+03 4.934343406960695066e-13 0.000000000000000000e+00
 1.847424316406250000e+03 3.881447843256252694e-13 0.000000000000000000e+00
 1.849248046875000000e+03 3.408060780200200535e-13 0.000000000000000000e+00
 1.851071655273437500e+03 1.595436564978680583e-13 0.000000000000000000e+00
 1.852895385742187500e+03 1.298585533809210046e-13 0.000000000000000000e+00
 1.854718994140625000e+03 2.073514801428488069e-14 0.000000000000000000e+00
 1.856542724609375000e+03 4.428671784763998920e-14 0.000000000000000000e+00
 1.858366333007812500e+03 -9.472174631566972203e-15 0.000000000000000000e+00
 1.860190063476562500e+03 6.031582026368165206e-14 0.000000000000000000e+00
 1.862013671875000000e+03 9.818456269371222955e-14 0.000000000000000000e+00
 1.863837402343750000e+03 4.158472679161202834e-14 0.000000000000000000e+00
 1.865661010742187500e+03 1.462390999311738438e-13 0.000000000000000000e+00
 1.867484741210937500e+03 2.200363236884092522e-13 0.000000000000000000e+00
 1.869308349609375000e+03 2.521857776858343891e-13 0.000000000000000000e+00
 1.871132080078125000e+03 1.384108485377039122e-13 0.000000000000000000e+00
 1.872955688476562500e+03 6.782563470282901297e-14 0.000000000000000000e+00
 1.874779418945312500e+03 2.796475717821694101e-14 0.000000000000000000e+00
 1.876603027343750000e+03 -4.237796637045210257e-14 0.000000000000000000e+00
 1.878426757812500000e+03 -1.213738040194839440e-13 0.000000000000000000e+00
 1.880250366210937500e+03 -6.121416985501240693e-14 0.000000000000000000e+00
 1.882074096679687500e+03 -7.384904862108021550e-14 0.000000000000000000e+00
 1.883897705078125000e+03 -8.686724028896669614e-14 0.000000000000000000e+00
 1.885721435546875000e+03 -9.677640768835163443e-14 0.000000000000000000e+00
 1.887545043945312500e+03 -1.156878276986281207e-13 0.000000000000000000e+00
 1.889368774414062500e+03 -2.489188596997010672e-13 0.000000000000000000e+00
 1.891192382812500000e+03 -2.680295221879624989e-13 0.000000000000000000e+00
 1.893016113281250000e+03 -2.260482247348413742e-13 0.000000000000000000e+00
 1.894839721679687500e+03 -1.612487405969545429e-13 0.000000000000000000e+00
 1.896663452148437500e+03 -1.437977070316981409e-13 0.000000000000000000e+00
 1.898487060546875000e+03 -1.396907627548502062e-13 0.000000000000000000e+00
 1.900310791015625000e+03 -2.082365448694348253e-13 0.000000000000000000e+00
 1.902134399414062500e+03 -2.051280152681744795e-13 0.000000000000000000e+00
 1.903958129882812500e+03 -2.095699644637932790e-13 0.000000000000000000e+00
 1.905781738281250000e+03 -1.130829913216502280e-13 0.000000000000000000e+00
 1.907605468750000000e+03 -7.848620164159145207e-14 0.000000000000000000e+00
 1.909429077148437500e+03 -8.780098908122910273e-14 0.000000000000000000e+00
 1.911252807617187500e+03 -6.359004983821567314e-14 0.000000000000000000e+00
 1.913076416015625000e+03 -8.645745930161222170e-14 0.000000000000000000e+00
 1.914900146484375000e+03 -1.065302360214737121e-13 0.000000000000000000e+00
 1.916723754882812500e+03 -1.166878009148386575e-13 0.000000000000000000e+00
 1.918547363281250000e+03 -2.576466058730464415e-13 0.000000000000000000e+00
 1.920371093750000000e+03 -3.233550851123451197e-13 0.000000000000000000e+00
 1.922194702148437500e+03 -2.974488331423247311e-13 0.000000000000000000e+00
 1.924018310546875000e+03 -3.048105929985556184e-13 0.000000000000000000e+00
 1.925842041015625000e+03 -2.720328031845936634e-13 0.000000000000000000e+00
 1.927665649414062500e+03 -1.874925860184326054e-13 0.000000000000000000e+00
 1.929489257812500000e+03 -9.582040564649896286e-14 0.000000000000000000e+00
 1.931312866210937500e+03 7.038277296048112142e-14 0.000000000000000000e+00
 1.933136596679687500e+03 1.846290047929910472e-13 0.000000000000000000e+00
 1.934960205078125000e+03 2.720752768047007830e-13 0.000000000000000000e+00
 1.936783813476562500e+03 2.606229576769536482e-13 0.000000000000000000e+00
 1.938607421875000000e+03 2.696598912048375762e-13 0.000000000000000000e+00
 1.940431030273437500e+03 2.312531134467110672e-13 0.000000000000000000e+00
 1.942254638671875000e+03 2.417210041068956761e-13 0.000000000000000000e+00
 1.944078247070312500e+03 2.598976264235608458e-13 0.000000000000000000e+00
 1.945901855468750000e+03 2.299130666665732958e-13 0.000000000000000000e+00
 1.947725463867187500e+03 2.347409647305426228e-13 0.000000000000000000e+00
 1.949549072265625000e+03 2.482578758452452794e-13 0.000000000000000000e+00
 1.951372680664062500e+03 2.735270235136588735e-13 0.000000000000000000e+00
 1.497219604492187500e+03 -8.105401929064254274e-14 0.000000000000000000e+00
 1.499044067382812500e+03 8.009291980451329479e-15 0.000000000000000000e+00
 1.500868408203125000e+03 6.233185354583697935e-14 0.000000000000000000e+00
 1.502692871093750000e+03 1.867949425780196515e-13 0.000000000000000000e+00
 1.504517211914062500e+03 2.043540033372370779e-13 0.000000000000000000e+00
 1.506341674804687500e+03 3.074294020310314179e-13 0.000000000000000000e+00
 1.508166015625000000e+03 1.771895889561558857e-13 0.000000000000000000e+00
 1.509990478515625000e+03 2.120369987446482640e-13 0.000000000000000000e+00
 1.511814819335937500e+03 4.721674440322232158e-13 0.000000000000000000e+00
 1.513639282226562500e+03 2.217858363596451193e-14 0.000000000000000000e+00
 1.515463623046875000e+03 1.737219851478954968e-13 0.000000000000000000e+00
 1.517287963867187500e+03 -8.488497312822071428e-14 0.000000000000000000e+00
 1.519112304687500000e+03 4.539252274841226731e-14 0.000000000000000000e+00
 1.520936645507812500e+03 7.625564032488502814e-15 0.000000000000000000e+00
 1.522760986328125000e+03 1.213176287944220388e-13 0.000000000000000000e+00
 1.524585449218750000e+03 -8.534461386298236585e-14 0.000000000000000000e+00
 1.526409790039062500e+03 1.889233669678802574e-13 0.000000000000000000e+00
 1.528234008789062500e+03 -2.480690781305329266e-15 0.000000000000000000e+00
 1.530058349609375000e+03 -1.340998845170485176e-13 0.000000000000000000e+00
 1.531882690429687500e+03 -5.708459963407741533e-13 0.000000000000000000e+00
 1.533707031250000000e+03 -4.667981496134232522e-13 0.000000000000000000e+00
 1.535531372070312500e+03 -5.355120643799060609e-13 0.000000000000000000e+00
 1.537355712890625000e+03 -4.851707685778194890e-13 0.000000000000000000e+00
 1.539179931640625000e+03 -3.479402909453005455e-13 0.000000000000000000e+00
 1.541004272460937500e+03 -3.641801487111462343e-13 0.000000000000000000e+00
 1.542828613281250000e+03 -2.168524962462697880e-13 0.000000000000000000e+00
 1.544652832031250000e+03 -2.296505542155602431e-13 0.000000000000000000e+00
 1.546477172851562500e+03 -1.331359339180188117e-13 0.000000000000000000e+00
 1.548301391601562500e+03 1.624082270577920095e-13 0.000000000000000000e+00
 1.550125732421875000e+03 -1.314828237605758510e-13 0.000000000000000000e+00
 1.551949951171875000e+03 1.661602442009496583e-13 0.000000000000000000e+00
 1.553774291992187500e+03 5.908783255433383563e-14 0.000000000000000000e+00
 1.555598510742187500e+03 2.702510253343309854e-13 0.000000000000000000e+00
 1.557422851562500000e+03 3.184210301031623058e-14 0.000000000000000000e+00
 1.559247070312500000e+03 5.672663334617238096e-14 0.000000000000000000e+00
 1.561071289062500000e+03 -2.154123233955029804e-13 0.000000000000000000e+00
 1.562895507812500000e+03 9.753238120564430846e-14 0.000000000000000000e+00
 1.564719848632812500e+03 -9.540116499518955240e-14 0.000000000000000000e+00
 1.566544067382812500e+03 -5.283359538169225822e-14 0.000000000000000000e+00
 1.568368286132812500e+03 -3.142066413910210576e-13 0.000000000000000000e+00
 1.570192504882812500e+03 -7.871763137157206103e-14 0.000000000000000000e+00
 1.572016723632812500e+03 2.993696666974722531e-14 0.000000000000000000e+00
 1.573840942382812500e+03 1.036116721933599827e-13 0.000000000000000000e+00
 1.575665161132812500e+03 1.372658632809234391e-13 0.000000000000000000e+00
 1.577489379882812500e+03 1.111023707929537085e-13 0.000000000000000000e+00
 1.579313598632812500e+03 1.944116390225833491e-13 0.000000000000000000e+00
 1.581137817382812500e+03 1.373920237562192836e-13 0.000000000000000000e+00
 1.582962036132812500e+03 8.632510532140605375e-14 0.000000000000000000e+00
 1.584786132812500000e+03 3.097318137645216352e-13 0.000000000000000000e+00
 1.586610351562500000e+03 -3.822775226252662917e-14 0.000000000000000000e+00
 1.588434570312500000e+03 2.513805949424380293e-13 0.000000000000000000e+00
 1.590258789062500000e+03 1.923603420647679307e-13 0.000000000000000000e+00
 1.592082885742187500e+03 3.979818319517491876e-13 0.000000000000000000e+00
 1.593907104492187500e+03 3.000224851543165094e-13 0.000000000000000000e+00
 1.595731201171875000e+03 4.374189812444972958e-13 0.000000000000000000e+00
 1.597555419921875000e+03 3.527677553284008782e-13 0.000000000000000000e+00
 1.599379638671875000e+03 7.380101846483910766e-13 0.000000000000000000e+00
 1.601203735351562500e+03 5.502107558626179173e-13 0.000000000000000000e+00
 1.603027832031250000e+03 4.690537780231707199e-13 0.000000000000000000e+00
 1.604852050781250000e+03 1.555347512024671253e-13 0.000000000000000000e+00
 1.606676147460937500e+03 3.926811675304675564e-13 0.000000000000000000e+00
 1.608500366210937500e+03 3.860011268952412422e-13 0.000000000000000000e+00
 1.610324462890625000e+03 3.510485901535992381e-13 0.000000000000000000e+00
 1.612148559570312500e+03 2.298988907231680479e-13 0.000000000000000000e+00
 1.613972656250000000e+03 3.363106031183983602e-14 0.000000000000000000e+00
 1.615796875000000000e+03 1.392738243390914329e-14 0.000000000000000000e+00
 1.617620971679687500e+03 -2.410896460768030547e-13 0.000000000000000000e+00
 1.619445068359375000e+03 -2.111432637888141506e-13 0.000000000000000000e+00
 1.621269165039062500e+03 -7.652847133126153278e-14 0.000000000000000000e+00
 1.623093261718750000e+03 -4.270425430375618392e-13 0.000000000000000000e+00
 1.624917358398437500e+03 -1.214062623220227288e-13 0.000000000000000000e+00
 1.626741455078125000e+03 -1.750588470841515920e-13 0.000000000000000000e+00
 1.628565551757812500e+03 -5.358536422743476191e-14 0.000000000000000000e+00
 1.630389648437500000e+03 -1.314666284906243487e-13 0.000000000000000000e+00
 1.632213745117187500e+03 -1.476704365342348946e-13 0.000000000000000000e+00
 1.634037841796875000e+03 1.194399261569487058e-13 0.000000000000000000e+00
 1.635861816406250000e+03 -2.087721915646194998e-14 0.000000000000000000e+00
 1.637685913085937500e+03 2.383042493805248574e-13 0.000000000000000000e+00
 1.639510009765625000e+03 -9.094354230191475930e-14 0.000000000000000000e+00
 1.641334106445312500e+03 -8.097968367919150534e-14 0.000000000000000000e+00
 1.643158081054687500e+03 -3.686018233261395549e-13 0.000000000000000000e+00
 1.644982177734375000e+03 -1.062493327911098739e-13 0.000000000000000000e+00
 1.646806152343750000e+03 -1.289938479382551906e-13 0.000000000000000000e+00
 1.648630249023437500e+03 -2.328113017039529220e-13 0.000000000000000000e+00
 1.650454223632812500e+03 -3.064653565643116195e-13 0.000000000000000000e+00
 1.652278320312500000e+03 -4.475950046798488069e-13 0.000000000000000000e+00
 1.654102294921875000e+03 -3.894380206769659791e-13 0.000000000000000000e+00
 1.655926391601562500e+03 -4.859148565287962906e-13 0.000000000000000000e+00
 1.657750366210937500e+03 -4.754332236060754280e-13 0.000000000000000000e+00
 1.659574340820312500e+03 -2.485329379364048519e-13 0.000000000000000000e+00
 1.661398315429687500e+03 -7.606846467826666736e-13 0.000000000000000000e+00
 1.663222412109375000e+03 -6.116749901724505278e-13 0.000000000000000000e+00
 1.665046386718750000e+03 -6.450239105858235344e-13 0.000000000000000000e+00
 1.666870361328125000e+03 -4.039398752552630922e-13 0.000000000000000000e+00
 1.668694335937500000e+03 -4.613422274410416968e-13 0.000000000000000000e+00
 1.670518310546875000e+03 -3.220794128361986752e-13 0.000000000000000000e+00
 1.672342285156250000e+03 -5.354499938055312658e-13 0.000000000000000000e+00
 1.674166259765625000e+03 -2.317141975256148401e-13 0.000000000000000000e+00
 1.675990234375000000e+03 -4.134739967943945604e-13 0.000000000000000000e+00
 1.677814208984375000e+03 -4.151396023818754166e-13 0.000000000000000000e+00
 1.679638183593750000e+03 -5.648021113302537088e-13 0.000000000000000000e+00
 1.681462036132812500e+03 -2.602821658290871421e-13 0.000000000000000000e+00
 1.683286010742187500e+03 -1.836848950937178260e-13 0.000000000000000000e+00
 1.685109985351562500e+03 -1.627334470519561926e-13 0.000000000000000000e+00
 1.686933837890625000e+03 -3.032592081099461101e-14 0.000000000000000000e+00
 1.688757812500000000e+03 8.391646210380299120e-14 0.000000000000000000e+00
 1.690581787109375000e+03 2.785202895139865520e-13 0.000000000000000000e+00
 1.692405639648437500e+03 7.837538262703627745e-14 0.000000000000000000e+00
 1.694229614257812500e+03 -7.086559529294322868e-14 0.000000000000000000e+00
 1.696053466796875000e+03 1.796389236365450448e-13 0.000000000000000000e+00
 1.697877441406250000e+03 -1.028446804714894247e-13 0.000000000000000000e+00
 1.699701293945312500e+03 6.966747735344738790e-14 0.000000000000000000e+00
 1.701525146484375000e+03 -1.184660144504592894e-13 0.000000000000000000e+00
 1.703349121093750000e+03 6.380407812332788975e-14 0.000000000000000000e+00
 1.705172973632812500e+03 -8.078000074407398756e-14 0.000000000000000000e+00
 1.706996826171875000e+03 -3.113970940913507457e-14 0.000000000000000000e+00
 1.708820678710937500e+03 -2.588450016393489816e-13 0.000000000000000000e+00
 1.710644531250000000e+03 -2.471711427383133791e-14 0.000000000000000000e+00
 1.712468383789062500e+03 -2.325706359267154522e-13 0.000000000000000000e+00
 1.714292236328125000e+03 -2.872104138719466793e-13 0.000000000000000000e+00
 1.716116088867187500e+03 -6.140712396039693655e-13 0.000000000000000000e+00
 1.717939941406250000e+03 -4.649203114506783585e-13 0.000000000000000000e+00
 1.719763793945312500e+03 -3.990666304354295590e-13 0.000000000000000000e+00
 1.721587646484375000e+03 -2.237613984075806361e-13 0.000000000000000000e+00
 1.723411499023437500e+03 -1.958703339428077665e-15 0.000000000000000000e+00
 1.725235351562500000e+03 1.123602689297349688e-13 0.000000000000000000e+00
 1.727059082031250000e+03 1.462774739118162526e-14 0.000000000000000000e+00
 1.728882934570312500e+03 -2.496570150319152998e-14 0.000000000000000000e+00
 1.730706787109375000e+03 -2.494712064964738074e-13 0.000000000000000000e+00
 1.732530639648437500e+03 -1.895347350204176773e-13 0.000000000000000000e+00
 1.734354370117187500e+03 -7.553152981537580857e-13 0.000000000000000000e+00
 1.736178222656250000e+03 -6.520646652838357760e-13 0.000000000000000000e+00
 1.738001953125000000e+03 -7.337078535875340979e-13 0.000000000000000000e+00
 1.739825805664062500e+03 -6.238691204266122448e-13 0.000000000000000000e+00
 1.741649536132812500e+03 -6.331725508484931098e-13 0.000000000000000000e+00
 1.743473388671875000e+03 -4.547787927494661986e-13 0.000000000000000000e+00
 1.745297119140625000e+03 -5.959961257157031511e-13 0.000000000000000000e+00
 1.747120849609375000e+03 -1.333568333343991552e-14 0.000000000000000000e+00
 1.748944702148437500e+03 1.381489730554671946e-14 0.000000000000000000e+00
 1.750768432617187500e+03 1.281926902954241831e-13 0.000000000000000000e+00
 1.752592163085937500e+03 -4.735222495144339461e-14 0.000000000000000000e+00
 1.754415893554687500e+03 2.362251290844580298e-13 0.000000000000000000e+00
 1.756239746093750000e+03 2.174529274093922604e-13 0.000000000000000000e+00
 1.758063476562500000e+03 2.072675120727215936e-13 0.000000000000000000e+00
 1.759887207031250000e+03 1.284678743593281602e-13 0.000000000000000000e+00
 1.761710937500000000e+03 1.594629647511808246e-13 0.000000000000000000e+00
 1.763534667968750000e+03 1.634590629084192726e-13 0.000000000000000000e+00
 1.765358398437500000e+03 2.390925185700304434e-13 0.000000000000000000e+00
 1.767182128906250000e+03 1.030930440841515416e-13 0.000000000000000000e+00
 1.769005859375000000e+03 1.638600957394945046e-13 0.000000000000000000e+00
 1.770829589843750000e+03 -1.909413382614189025e-13 0.000000000000000000e+00
 1.772653320312500000e+03 5.922417775378746585e-14 0.000000000000000000e+00
 1.774477050781250000e+03 4.110439134788305970e-14 0.000000000000000000e+00
 1.776300781250000000e+03 7.758512121603874934e-14 0.000000000000000000e+00
 1.778124511718750000e+03 1.143846031347733883e-13 0.000000000000000000e+00
 1.779948120117187500e+03 3.096265377335732927e-13 0.000000000000000000e+00
 1.781771850585937500e+03 1.964630986107246402e-13 0.000000000000000000e+00
 1.783595581054687500e+03 5.580241672388519536e-13 0.000000000000000000e+00
 1.785419311523437500e+03 3.933074027052951838e-13 0.000000000000000000e+00
 1.787243041992187500e+03 4.567947582689857455e-13 0.000000000000000000e+00
 1.789066650390625000e+03 2.518356616992845076e-13 0.000000000000000000e+00
 1.790890380859375000e+03 4.329596577090644161e-13 0.000000000000000000e+00
 1.792714111328125000e+03 3.764411742393503069e-13 0.000000000000000000e+00
 1.794537719726562500e+03 2.576682628114418394e-13 0.000000000000000000e+00
 1.796361450195312500e+03 6.656986431281125549e-14 0.000000000000000000e+00
 1.798185180664062500e+03 -1.241474506747178297e-13 0.000000000000000000e+00
 1.800008789062500000e+03 -1.913417612287721115e-13 0.000000000000000000e+00
 1.801832519531250000e+03 -2.265288244528498862e-13 0.000000000000000000e+00
 1.803656250000000000e+03 -3.733961382278161434e-13 0.000000000000000000e+00
 1.805479858398437500e+03 -2.467070330577220139e-13 0.000000000000000000e+00
 1.807303588867187500e+03 -3.937167974456257102e-13 0.000000000000000000e+00
 1.809127197265625000e+03 -2.776074759880484827e-14 0.000000000000000000e+00
 1.810950927734375000e+03 1.644436878876255614e-14 0.000000000000000000e+00
 1.812774658203125000e+03 -1.062222429833907869e-14 0.000000000000000000e+00
 1.814598266601562500e+03 -1.052570506340604062e-13 0.000000000000000000e+00
 1.816421997070312500e+03 -1.039276832453216171e-13 0.000000000000000000e+00
 1.818245605468750000e+03 -3.319618885333497360e-13 0.000000000000000000e+00
 1.820069335937500000e+03 -5.457427519335415755e-14 0.000000000000000000e+00
 1.821892944335937500e+03 -2.206147184423759566e-13 0.000000000000000000e+00
 1.823716674804687500e+03 -2.131602050902889345e-13 0.000000000000000000e+00
 1.825540283203125000e+03 -4.262725155496083218e-13 0.000000000000000000e+00
 1.827364013671875000e+03 -1.753652155130416834e-13 0.000000000000000000e+00
 1.829187622070312500e+03 -1.473773766870120627e-13 0.000000000000000000e+00
 1.831011352539062500e+03 -1.817513018342528652e-13 0.000000000000000000e+00
 1.832834960937500000e+03 -1.505796355660837804e-13 0.000000000000000000e+00
 1.834658691406250000e+03 7.728347584286254790e-14 0.000000000000000000e+00
 1.836482299804687500e+03 3.119280007901625851e-13 0.000000000000000000e+00
 1.838306030273437500e+03 5.557767787656153757e-13 0.000000000000000000e+00
 1.840129638671875000e+03 5.650582540935034093e-13 0.000000000000000000e+00
 1.841953369140625000e+03 8.601717428613486760e-13 0.000000000000000000e+00
 1.843776977539062500e+03 5.176883769754392350e-13 0.000000000000000000e+00
 1.845600708007812500e+03 6.202005597456816677e-13 0.000000000000000000e+00
 1.847424316406250000e+03 5.241723938578801700e-13 0.000000000000000000e+00
 1.849248046875000000e+03 4.774496228064639691e-13 0.000000000000000000e+00
 1.851071655273437500e+03 2.589554005255623181e-13 0.000000000000000000e+00
 1.852895385742187500e+03 2.718537200907533702e-13 0.000000000000000000e+00
 1.854718994140625000e+03 2.008566856131870082e-14 0.000000000000000000e+00
 1.856542724609375000e+03 2.869989131331490695e-13 0.000000000000000000e+00
 1.858366333007812500e+03 3.259886935044753464e-14 0.000000000000000000e+00
 1.860190063476562500e+03 5.499710387622813723e-14 0.000000000000000000e+00
 1.862013671875000000e+03 -9.349954214728575796e-14 0.000000000000000000e+00
 1.863837402343750000e+03 3.011644617500683352e-14 0.000000000000000000e+00
 1.865661010742187500e+03 1.441633948719503455e-13 0.000000000000000000e+00
 1.867484741210937500e+03 2.034356027819789192e-13 0.000000000000000000e+00
 1.869308349609375000e+03 2.575484313663278790e-13 0.000000000000000000e+00
 1.871132080078125000e+03 1.238591748695810901e-13 0.000000000000000000e+00
 1.872955688476562500e+03 4.483748238686725840e-14 0.000000000000000000e+00
 1.874779418945312500e+03 -5.235046896440208666e-15 0.000000000000000000e+00
 1.876603027343750000e+03 -4.592238251450130038e-14 0.000000000000000000e+00
 1.878426757812500000e+03 -1.754947641201265451e-13 0.000000000000000000e+00
 1.880250366210937500e+03 2.475225089454934080e-14 0.000000000000000000e+00
 1.882074096679687500e+03 -2.304366821057751702e-13 0.000000000000000000e+00
 1.883897705078125000e+03 -4.099826150772388489e-14 0.000000000000000000e+00
 1.885721435546875000e+03 -5.971088966154336486e-14 0.000000000000000000e+00
 1.887545043945312500e+03 -1.066951838294902255e-13 0.000000000000000000e+00
 1.889368774414062500e+03 -2.625318040218316273e-13 0.000000000000000000e+00
 1.891192382812500000e+03 -2.335617322376387639e-13 0.000000000000000000e+00
 1.893016113281250000e+03 -3.375894399096357468e-13 0.000000000000000000e+00
 1.894839721679687500e+03 2.845920249678127179e-14 0.000000000000000000e+00
 1.896663452148437500e+03 -1.317437641184387997e-13 0.000000000000000000e+00
 1.898487060546875000e+03 -1.177687911383881736e-13 0.000000000000000000e+00
 1.900310791015625000e+03 -3.816131980728665329e-13 0.000000000000000000e+00
 1.902134399414062500e+03 -1.650973737062078062e-13 0.000000000000000000e+00
 1.903958129882812500e+03 -1.175439140552875239e-13 0.000000000000000000e+00
 1.905781738281250000e+03 -7.750442269308793763e-14 0.000000000000000000e+00
 1.907605468750000000e+03 -1.057126120581480810e-13 0.000000000000000000e+00
 1.909429077148437500e+03 -1.408630834589044700e-13 0.000000000000000000e+00
 1.911252807617187500e+03 -1.361561959099116814e-13 0.000000000000000000e+00
 1.913076416015625000e+03 -1.238081360523113350e-13 0.000000000000000000e+00
 1.914900146484375000e+03 -1.874393381392364111e-13 0.000000000000000000e+00
 1.916723754882812500e+03 -1.869262123560533340e-14 0.000000000000000000e+00
 1.918547363281250000e+03 -4.094471886106204606e-13 0.000000000000000000e+00
 1.920371093750000000e+03 -2.789621832144373315e-13 0.000000000000000000e+00
 1.922194702148437500e+03 -2.448395219206700446e-13 0.000000000000000000e+00
 1.924018310546875000e+03 -2.504047316720381389e-13 0.000000000000000000e+00
 1.925842041015625000e+03 -2.468357278555960432e-13 0.000000000000000000e+00
 1.927665649414062500e+03 -1.251939226116008386e-13 0.000000000000000000e+00
 1.929489257812500000e+03 -2.073985243527393107e-13 0.000000000000000000e+00
 1.931312866210937500e+03 2.242673006937895286e-13 0.000000000000000000e+00
 1.933136596679687500e+03 1.296052024382654544e-13 0.000000000000000000e+00
 1.934960205078125000e+03 1.826964957356985719e-13 0.000000000000000000e+00
 1.936783813476562500e+03 1.549583757750466750e-14 0.000000000000000000e+00
 1.938607421875000000e+03 2.925007512675353860e-13 0.000000000000000000e+00
 1.940431030273437500e+03 2.779106155273436407e-13 0.000000000000000000e+00
 1.942254638671875000e+03 3.079794991082962508e-13 0.000000000000000000e+00
 1.944078247070312500e+03 3.392842647456650873e-13 0.000000000000000000e+00
 1.945901855468750000e+03 3.001695300739598560e-13 0.000000000000000000e+00
 1.947725463867187500e+03 2.854948265643142413e-13 0.000000000000000000e+00
 1.949549072265625000e+03 2.900681268531296597e-13 0.000000000000000000e+00
 1.951372680664062500e+03 3.380535597546224791e-13 0.000000000000000000e+00
 </DataArray>
</CellData>
</Piece>
</UnstructuredGrid>
</VTKFile>
