<VTKFile type="UnstructuredGrid" byte_order="BigEndian">
<UnstructuredGrid><Piece NumberOfPoints="753" NumberOfCells="500">
<Points>
 <DataArray type="Float32" NumberOfComponents="3" format="ascii">
 4.875000000000000000e+00 0.000000000000000000e+00 0.000000000000000000e+00
 4.880499839782714844e+00 0.000000000000000000e+00 0.000000000000000000e+00
 4.886000156402587891e+00 0.000000000000000000e+00 0.000000000000000000e+00
 4.891499996185302734e+00 0.000000000000000000e+00 0.000000000000000000e+00
 4.896999835968017578e+00 0.000000000000000000e+00 0.000000000000000000e+00
 4.902500152587890625e+00 0.000000000000000000e+00 0.000000000000000000e+00
 4.907999992370605469e+00 0.000000000000000000e+00 0.000000000000000000e+00
 4.913499832153320312e+00 0.000000000000000000e+00 0.000000000000000000e+00
 4.919000148773193359e+00 0.000000000000000000e+00 0.000000000000000000e+00
 4.924499988555908203e+00 0.000000000000000000e+00 0.000000000000000000e+00
 4.929999828338623047e+00 0.000000000000000000e+00 0.000000000000000000e+00
 4.935500144958496094e+00 0.000000000000000000e+00 0.000000000000000000e+00
 4.940999984741210938e+00 0.000000000000000000e+00 0.000000000000000000e+00
 4.946499824523925781e+00 0.000000000000000000e+00 0.000000000000000000e+00
 4.952000141143798828e+00 0.000000000000000000e+00 0.000000000000000000e+00
 4.957499980926513672e+00 0.000000000000000000e+00 0.000000000000000000e+00
 4.962999820709228516e+00 0.000000000000000000e+00 0.000000000000000000e+00
 4.968500137329101562e+00 0.000000000000000000e+00 0.000000000000000000e+00
 4.973999977111816406e+00 0.000000000000000000e+00 0.000000000000000000e+00
 4.979499816894531250e+00 0.000000000000000000e+00 0.000000000000000000e+00
 4.985000133514404297e+00 0.000000000000000000e+00 0.000000000000000000e+00
 4.990499973297119141e+00 0.000000000000000000e+00 0.000000000000000000e+00
 4.995999813079833984e+00 0.000000000000000000e+00 0.000000000000000000e+00
 5.001500129699707031e+00 0.000000000000000000e+00 0.000000000000000000e+00
 5.006999969482421875e+00 0.000000000000000000e+00 0.000000000000000000e+00
 5.012499809265136719e+00 0.000000000000000000e+00 0.000000000000000000e+00
 5.018000125885009766e+00 0.000000000000000000e+00 0.000000000000000000e+00
 5.023499965667724609e+00 0.000000000000000000e+00 0.000000000000000000e+00
 5.028999805450439453e+00 0.000000000000000000e+00 0.000000000000000000e+00
 5.034500122070312500e+00 0.000000000000000000e+00 0.000000000000000000e+00
 5.039999961853027344e+00 0.000000000000000000e+00 0.000000000000000000e+00
 5.045499801635742188e+00 0.000000000000000000e+00 0.000000000000000000e+00
 5.051000118255615234e+00 0.000000000000000000e+00 0.000000000000000000e+00
 5.056499958038330078e+00 0.000000000000000000e+00 0.000000000000000000e+00
 5.061999797821044922e+00 0.000000000000000000e+00 0.000000000000000000e+00
 5.067500114440917969e+00 0.000000000000000000e+00 0.000000000000000000e+00
 5.072999954223632812e+00 0.000000000000000000e+00 0.000000000000000000e+00
 5.078499794006347656e+00 0.000000000000000000e+00 0.000000000000000000e+00
 5.084000110626220703e+00 0.000000000000000000e+00 0.000000000000000000e+00
 5.089499950408935547e+00 0.000000000000000000e+00 0.000000000000000000e+00
 5.094999790191650391e+00 0.000000000000000000e+00 0.000000000000000000e+00
 5.100500106811523438e+00 0.000000000000000000e+00 0.000000000000000000e+00
 5.105999946594238281e+00 0.000000000000000000e+00 0.000000000000000000e+00
 5.111499786376953125e+00 0.000000000000000000e+00 0.000000000000000000e+00
 5.117000102996826172e+00 0.000000000000000000e+00 0.000000000000000000e+00
 5.122499942779541016e+00 0.000000000000000000e+00 0.000000000000000000e+00
 5.127999782562255859e+00 0.000000000000000000e+00 0.000000000000000000e+00
 5.133500099182128906e+00 0.000000000000000000e+00 0.000000000000000000e+00
 5.138999938964843750e+00 0.000000000000000000e+00 0.000000000000000000e+00
 5.144499778747558594e+00 0.000000000000000000e+00 0.000000000000000000e+00
 5.150000095367431641e+00 0.000000000000000000e+00 0.000000000000000000e+00
 5.155499935150146484e+00 0.000000000000000000e+00 0.000000000000000000e+00
 5.160999774932861328e+00 0.000000000000000000e+00 0.000000000000000000e+00
 5.166500091552734375e+00 0.000000000000000000e+00 0.000000000000000000e+00
 5.171999931335449219e+00 0.000000000000000000e+00 0.000000000000000000e+00
 5.177499771118164062e+00 0.000000000000000000e+00 0.000000000000000000e+00
 5.183000087738037109e+00 0.000000000000000000e+00 0.000000000000000000e+00
 5.188499927520751953e+00 0.000000000000000000e+00 0.000000000000000000e+00
 5.193999767303466797e+00 0.000000000000000000e+00 0.000000000000000000e+00
 5.199500083923339844e+00 0.000000000000000000e+00 0.000000000000000000e+00
 5.204999923706054688e+00 0.000000000000000000e+00 0.000000000000000000e+00
 5.210499763488769531e+00 0.000000000000000000e+00 0.000000000000000000e+00
 5.216000080108642578e+00 0.000000000000000000e+00 0.000000000000000000e+00
 5.221499919891357422e+00 0.000000000000000000e+00 0.000000000000000000e+00
 5.227000236511230469e+00 0.000000000000000000e+00 0.000000000000000000e+00
 5.232500076293945312e+00 0.000000000000000000e+00 0.000000000000000000e+00
 5.237999916076660156e+00 0.000000000000000000e+00 0.000000000000000000e+00
 5.243500232696533203e+00 0.000000000000000000e+00 0.000000000000000000e+00
 5.249000072479248047e+00 0.000000000000000000e+00 0.000000000000000000e+00
 5.254499912261962891e+00 0.000000000000000000e+00 0.000000000000000000e+00
 5.260000228881835938e+00 0.000000000000000000e+00 0.000000000000000000e+00
 5.265500068664550781e+00 0.000000000000000000e+00 0.000000000000000000e+00
 5.270999908447265625e+00 0.000000000000000000e+00 0.000000000000000000e+00
 5.276500225067138672e+00 0.000000000000000000e+00 0.000000000000000000e+00
 5.282000064849853516e+00 0.000000000000000000e+00 0.000000000000000000e+00
 5.287499904632568359e+00 0.000000000000000000e+00 0.000000000000000000e+00
 5.293000221252441406e+00 0.000000000000000000e+00 0.000000000000000000e+00
 5.298500061035156250e+00 0.000000000000000000e+00 0.000000000000000000e+00
 5.303999900817871094e+00 0.000000000000000000e+00 0.000000000000000000e+00
 5.309500217437744141e+00 0.000000000000000000e+00 0.000000000000000000e+00
 5.315000057220458984e+00 0.000000000000000000e+00 0.000000000000000000e+00
 5.320499897003173828e+00 0.000000000000000000e+00 0.000000000000000000e+00
 5.326000213623046875e+00 0.000000000000000000e+00 0.000000000000000000e+00
 5.331500053405761719e+00 0.000000000000000000e+00 0.000000000000000000e+00
 5.336999893188476562e+00 0.000000000000000000e+00 0.000000000000000000e+00
 5.342500209808349609e+00 0.000000000000000000e+00 0.000000000000000000e+00
 5.348000049591064453e+00 0.000000000000000000e+00 0.000000000000000000e+00
 5.353499889373779297e+00 0.000000000000000000e+00 0.000000000000000000e+00
 5.359000205993652344e+00 0.000000000000000000e+00 0.000000000000000000e+00
 5.364500045776367188e+00 0.000000000000000000e+00 0.000000000000000000e+00
 5.369999885559082031e+00 0.000000000000000000e+00 0.000000000000000000e+00
 5.375500202178955078e+00 0.000000000000000000e+00 0.000000000000000000e+00
 5.381000041961669922e+00 0.000000000000000000e+00 0.000000000000000000e+00
 5.386499881744384766e+00 0.000000000000000000e+00 0.000000000000000000e+00
 5.392000198364257812e+00 0.000000000000000000e+00 0.000000000000000000e+00
 5.397500038146972656e+00 0.000000000000000000e+00 0.000000000000000000e+00
 5.402999877929687500e+00 0.000000000000000000e+00 0.000000000000000000e+00
 5.408500194549560547e+00 0.000000000000000000e+00 0.000000000000000000e+00
 5.414000034332275391e+00 0.000000000000000000e+00 0.000000000000000000e+00
 5.419499874114990234e+00 0.000000000000000000e+00 0.000000000000000000e+00
 5.425000190734863281e+00 0.000000000000000000e+00 0.000000000000000000e+00
 5.430500030517578125e+00 0.000000000000000000e+00 0.000000000000000000e+00
 5.435999870300292969e+00 0.000000000000000000e+00 0.000000000000000000e+00
 5.441500186920166016e+00 0.000000000000000000e+00 0.000000000000000000e+00
 5.447000026702880859e+00 0.000000000000000000e+00 0.000000000000000000e+00
 5.452499866485595703e+00 0.000000000000000000e+00 0.000000000000000000e+00
 5.458000183105468750e+00 0.000000000000000000e+00 0.000000000000000000e+00
 5.463500022888183594e+00 0.000000000000000000e+00 0.000000000000000000e+00
 5.468999862670898438e+00 0.000000000000000000e+00 0.000000000000000000e+00
 5.474500179290771484e+00 0.000000000000000000e+00 0.000000000000000000e+00
 5.480000019073486328e+00 0.000000000000000000e+00 0.000000000000000000e+00
 5.485499858856201172e+00 0.000000000000000000e+00 0.000000000000000000e+00
 5.491000175476074219e+00 0.000000000000000000e+00 0.000000000000000000e+00
 5.496500015258789062e+00 0.000000000000000000e+00 0.000000000000000000e+00
 5.501999855041503906e+00 0.000000000000000000e+00 0.000000000000000000e+00
 5.507500171661376953e+00 0.000000000000000000e+00 0.000000000000000000e+00
 5.513000011444091797e+00 0.000000000000000000e+00 0.000000000000000000e+00
 5.518499851226806641e+00 0.000000000000000000e+00 0.000000000000000000e+00
 5.524000167846679688e+00 0.000000000000000000e+00 0.000000000000000000e+00
 5.529500007629394531e+00 0.000000000000000000e+00 0.000000000000000000e+00
 5.534999847412109375e+00 0.000000000000000000e+00 0.000000000000000000e+00
 5.540500164031982422e+00 0.000000000000000000e+00 0.000000000000000000e+00
 5.546000003814697266e+00 0.000000000000000000e+00 0.000000000000000000e+00
 5.551499843597412109e+00 0.000000000000000000e+00 0.000000000000000000e+00
 5.557000160217285156e+00 0.000000000000000000e+00 0.000000000000000000e+00
 5.562500000000000000e+00 0.000000000000000000e+00 0.000000000000000000e+00
 5.567999839782714844e+00 0.000000000000000000e+00 0.000000000000000000e+00
 5.573500156402587891e+00 0.000000000000000000e+00 0.000000000000000000e+00
 5.578999996185302734e+00 0.000000000000000000e+00 0.000000000000000000e+00
 5.584499835968017578e+00 0.000000000000000000e+00 0.000000000000000000e+00
 5.590000152587890625e+00 0.000000000000000000e+00 0.000000000000000000e+00
 5.595499992370605469e+00 0.000000000000000000e+00 0.000000000000000000e+00
 5.600999832153320312e+00 0.000000000000000000e+00 0.000000000000000000e+00
 5.606500148773193359e+00 0.000000000000000000e+00 0.000000000000000000e+00
 5.611999988555908203e+00 0.000000000000000000e+00 0.000000000000000000e+00
 5.617499828338623047e+00 0.000000000000000000e+00 0.000000000000000000e+00
 5.623000144958496094e+00 0.000000000000000000e+00 0.000000000000000000e+00
 5.628499984741210938e+00 0.000000000000000000e+00 0.000000000000000000e+00
 5.633999824523925781e+00 0.000000000000000000e+00 0.000000000000000000e+00
 5.639500141143798828e+00 0.000000000000000000e+00 0.000000000000000000e+00
 5.644999980926513672e+00 0.000000000000000000e+00 0.000000000000000000e+00
 5.650499820709228516e+00 0.000000000000000000e+00 0.000000000000000000e+00
 5.656000137329101562e+00 0.000000000000000000e+00 0.000000000000000000e+00
 5.661499977111816406e+00 0.000000000000000000e+00 0.000000000000000000e+00
 5.666999816894531250e+00 0.000000000000000000e+00 0.000000000000000000e+00
 5.672500133514404297e+00 0.000000000000000000e+00 0.000000000000000000e+00
 5.677999973297119141e+00 0.000000000000000000e+00 0.000000000000000000e+00
 5.683499813079833984e+00 0.000000000000000000e+00 0.000000000000000000e+00
 5.689000129699707031e+00 0.000000000000000000e+00 0.000000000000000000e+00
 5.694499969482421875e+00 0.000000000000000000e+00 0.000000000000000000e+00
 5.699999809265136719e+00 0.000000000000000000e+00 0.000000000000000000e+00
 5.705500125885009766e+00 0.000000000000000000e+00 0.000000000000000000e+00
 5.710999965667724609e+00 0.000000000000000000e+00 0.000000000000000000e+00
 5.716499805450439453e+00 0.000000000000000000e+00 0.000000000000000000e+00
 5.722000122070312500e+00 0.000000000000000000e+00 0.000000000000000000e+00
 5.727499961853027344e+00 0.000000000000000000e+00 0.000000000000000000e+00
 5.732999801635742188e+00 0.000000000000000000e+00 0.000000000000000000e+00
 5.738500118255615234e+00 0.000000000000000000e+00 0.000000000000000000e+00
 5.743999958038330078e+00 0.000000000000000000e+00 0.000000000000000000e+00
 5.749499797821044922e+00 0.000000000000000000e+00 0.000000000000000000e+00
 5.755000114440917969e+00 0.000000000000000000e+00 0.000000000000000000e+00
 5.760499954223632812e+00 0.000000000000000000e+00 0.000000000000000000e+00
 5.765999794006347656e+00 0.000000000000000000e+00 0.000000000000000000e+00
 5.771500110626220703e+00 0.000000000000000000e+00 0.000000000000000000e+00
 5.776999950408935547e+00 0.000000000000000000e+00 0.000000000000000000e+00
 5.782499790191650391e+00 0.000000000000000000e+00 0.000000000000000000e+00
 5.788000106811523438e+00 0.000000000000000000e+00 0.000000000000000000e+00
 5.793499946594238281e+00 0.000000000000000000e+00 0.000000000000000000e+00
 5.798999786376953125e+00 0.000000000000000000e+00 0.000000000000000000e+00
 5.804500102996826172e+00 0.000000000000000000e+00 0.000000000000000000e+00
 5.809999942779541016e+00 0.000000000000000000e+00 0.000000000000000000e+00
 5.815499782562255859e+00 0.000000000000000000e+00 0.000000000000000000e+00
 5.821000099182128906e+00 0.000000000000000000e+00 0.000000000000000000e+00
 5.826499938964843750e+00 0.000000000000000000e+00 0.000000000000000000e+00
 5.831999778747558594e+00 0.000000000000000000e+00 0.000000000000000000e+00
 5.837500095367431641e+00 0.000000000000000000e+00 0.000000000000000000e+00
 5.842999935150146484e+00 0.000000000000000000e+00 0.000000000000000000e+00
 5.848499774932861328e+00 0.000000000000000000e+00 0.000000000000000000e+00
 5.854000091552734375e+00 0.000000000000000000e+00 0.000000000000000000e+00
 5.859499931335449219e+00 0.000000000000000000e+00 0.000000000000000000e+00
 5.864999771118164062e+00 0.000000000000000000e+00 0.000000000000000000e+00
 5.870500087738037109e+00 0.000000000000000000e+00 0.000000000000000000e+00
 5.875999927520751953e+00 0.000000000000000000e+00 0.000000000000000000e+00
 5.881499767303466797e+00 0.000000000000000000e+00 0.000000000000000000e+00
 5.887000083923339844e+00 0.000000000000000000e+00 0.000000000000000000e+00
 5.892499923706054688e+00 0.000000000000000000e+00 0.000000000000000000e+00
 5.897999763488769531e+00 0.000000000000000000e+00 0.000000000000000000e+00
 5.903500080108642578e+00 0.000000000000000000e+00 0.000000000000000000e+00
 5.908999919891357422e+00 0.000000000000000000e+00 0.000000000000000000e+00
 5.914500236511230469e+00 0.000000000000000000e+00 0.000000000000000000e+00
 5.920000076293945312e+00 0.000000000000000000e+00 0.000000000000000000e+00
 5.925499916076660156e+00 0.000000000000000000e+00 0.000000000000000000e+00
 5.931000232696533203e+00 0.000000000000000000e+00 0.000000000000000000e+00
 5.936500072479248047e+00 0.000000000000000000e+00 0.000000000000000000e+00
 5.941999912261962891e+00 0.000000000000000000e+00 0.000000000000000000e+00
 5.947500228881835938e+00 0.000000000000000000e+00 0.000000000000000000e+00
 5.953000068664550781e+00 0.000000000000000000e+00 0.000000000000000000e+00
 5.958499908447265625e+00 0.000000000000000000e+00 0.000000000000000000e+00
 5.964000225067138672e+00 0.000000000000000000e+00 0.000000000000000000e+00
 5.969500064849853516e+00 0.000000000000000000e+00 0.000000000000000000e+00
 5.974999904632568359e+00 0.000000000000000000e+00 0.000000000000000000e+00
 5.980500221252441406e+00 0.000000000000000000e+00 0.000000000000000000e+00
 5.986000061035156250e+00 0.000000000000000000e+00 0.000000000000000000e+00
 5.991499900817871094e+00 0.000000000000000000e+00 0.000000000000000000e+00
 5.997000217437744141e+00 0.000000000000000000e+00 0.000000000000000000e+00
 6.002500057220458984e+00 0.000000000000000000e+00 0.000000000000000000e+00
 6.007999897003173828e+00 0.000000000000000000e+00 0.000000000000000000e+00
 6.013500213623046875e+00 0.000000000000000000e+00 0.000000000000000000e+00
 6.019000053405761719e+00 0.000000000000000000e+00 0.000000000000000000e+00
 6.024499893188476562e+00 0.000000000000000000e+00 0.000000000000000000e+00
 6.030000209808349609e+00 0.000000000000000000e+00 0.000000000000000000e+00
 6.035500049591064453e+00 0.000000000000000000e+00 0.000000000000000000e+00
 6.040999889373779297e+00 0.000000000000000000e+00 0.000000000000000000e+00
 6.046500205993652344e+00 0.000000000000000000e+00 0.000000000000000000e+00
 6.052000045776367188e+00 0.000000000000000000e+00 0.000000000000000000e+00
 6.057499885559082031e+00 0.000000000000000000e+00 0.000000000000000000e+00
 6.063000202178955078e+00 0.000000000000000000e+00 0.000000000000000000e+00
 6.068500041961669922e+00 0.000000000000000000e+00 0.000000000000000000e+00
 6.073999881744384766e+00 0.000000000000000000e+00 0.000000000000000000e+00
 6.079500198364257812e+00 0.000000000000000000e+00 0.000000000000000000e+00
 6.085000038146972656e+00 0.000000000000000000e+00 0.000000000000000000e+00
 6.090499877929687500e+00 0.000000000000000000e+00 0.000000000000000000e+00
 6.096000194549560547e+00 0.000000000000000000e+00 0.000000000000000000e+00
 6.101500034332275391e+00 0.000000000000000000e+00 0.000000000000000000e+00
 6.106999874114990234e+00 0.000000000000000000e+00 0.000000000000000000e+00
 6.112500190734863281e+00 0.000000000000000000e+00 0.000000000000000000e+00
 6.118000030517578125e+00 0.000000000000000000e+00 0.000000000000000000e+00
 6.123499870300292969e+00 0.000000000000000000e+00 0.000000000000000000e+00
 6.129000186920166016e+00 0.000000000000000000e+00 0.000000000000000000e+00
 6.134500026702880859e+00 0.000000000000000000e+00 0.000000000000000000e+00
 6.139999866485595703e+00 0.000000000000000000e+00 0.000000000000000000e+00
 6.145500183105468750e+00 0.000000000000000000e+00 0.000000000000000000e+00
 6.151000022888183594e+00 0.000000000000000000e+00 0.000000000000000000e+00
 6.156499862670898438e+00 0.000000000000000000e+00 0.000000000000000000e+00
 6.162000179290771484e+00 0.000000000000000000e+00 0.000000000000000000e+00
 6.167500019073486328e+00 0.000000000000000000e+00 0.000000000000000000e+00
 6.172999858856201172e+00 0.000000000000000000e+00 0.000000000000000000e+00
 6.178500175476074219e+00 0.000000000000000000e+00 0.000000000000000000e+00
 6.184000015258789062e+00 0.000000000000000000e+00 0.000000000000000000e+00
 6.189499855041503906e+00 0.000000000000000000e+00 0.000000000000000000e+00
 6.195000171661376953e+00 0.000000000000000000e+00 0.000000000000000000e+00
 6.200500011444091797e+00 0.000000000000000000e+00 0.000000000000000000e+00
 6.205999851226806641e+00 0.000000000000000000e+00 0.000000000000000000e+00
 6.211500167846679688e+00 0.000000000000000000e+00 0.000000000000000000e+00
 6.217000007629394531e+00 0.000000000000000000e+00 0.000000000000000000e+00
 6.222499847412109375e+00 0.000000000000000000e+00 0.000000000000000000e+00
 6.228000164031982422e+00 0.000000000000000000e+00 0.000000000000000000e+00
 6.233500003814697266e+00 0.000000000000000000e+00 0.000000000000000000e+00
 6.238999843597412109e+00 0.000000000000000000e+00 0.000000000000000000e+00
 6.244500160217285156e+00 0.000000000000000000e+00 0.000000000000000000e+00
 6.250000000000000000e+00 0.000000000000000000e+00 0.000000000000000000e+00
 4.875000000000000000e+00 5.000000074505805969e-02 0.000000000000000000e+00
 4.880499839782714844e+00 5.000000074505805969e-02 0.000000000000000000e+00
 4.886000156402587891e+00 5.000000074505805969e-02 0.000000000000000000e+00
 4.891499996185302734e+00 5.000000074505805969e-02 0.000000000000000000e+00
 4.896999835968017578e+00 5.000000074505805969e-02 0.000000000000000000e+00
 4.902500152587890625e+00 5.000000074505805969e-02 0.000000000000000000e+00
 4.907999992370605469e+00 5.000000074505805969e-02 0.000000000000000000e+00
 4.913499832153320312e+00 5.000000074505805969e-02 0.000000000000000000e+00
 4.919000148773193359e+00 5.000000074505805969e-02 0.000000000000000000e+00
 4.924499988555908203e+00 5.000000074505805969e-02 0.000000000000000000e+00
 4.929999828338623047e+00 5.000000074505805969e-02 0.000000000000000000e+00
 4.935500144958496094e+00 5.000000074505805969e-02 0.000000000000000000e+00
 4.940999984741210938e+00 5.000000074505805969e-02 0.000000000000000000e+00
 4.946499824523925781e+00 5.000000074505805969e-02 0.000000000000000000e+00
 4.952000141143798828e+00 5.000000074505805969e-02 0.000000000000000000e+00
 4.957499980926513672e+00 5.000000074505805969e-02 0.000000000000000000e+00
 4.962999820709228516e+00 5.000000074505805969e-02 0.000000000000000000e+00
 4.968500137329101562e+00 5.000000074505805969e-02 0.000000000000000000e+00
 4.973999977111816406e+00 5.000000074505805969e-02 0.000000000000000000e+00
 4.979499816894531250e+00 5.000000074505805969e-02 0.000000000000000000e+00
 4.985000133514404297e+00 5.000000074505805969e-02 0.000000000000000000e+00
 4.990499973297119141e+00 5.000000074505805969e-02 0.000000000000000000e+00
 4.995999813079833984e+00 5.000000074505805969e-02 0.000000000000000000e+00
 5.001500129699707031e+00 5.000000074505805969e-02 0.000000000000000000e+00
 5.006999969482421875e+00 5.000000074505805969e-02 0.000000000000000000e+00
 5.012499809265136719e+00 5.000000074505805969e-02 0.000000000000000000e+00
 5.018000125885009766e+00 5.000000074505805969e-02 0.000000000000000000e+00
 5.023499965667724609e+00 5.000000074505805969e-02 0.000000000000000000e+00
 5.028999805450439453e+00 5.000000074505805969e-02 0.000000000000000000e+00
 5.034500122070312500e+00 5.000000074505805969e-02 0.000000000000000000e+00
 5.039999961853027344e+00 5.000000074505805969e-02 0.000000000000000000e+00
 5.045499801635742188e+00 5.000000074505805969e-02 0.000000000000000000e+00
 5.051000118255615234e+00 5.000000074505805969e-02 0.000000000000000000e+00
 5.056499958038330078e+00 5.000000074505805969e-02 0.000000000000000000e+00
 5.061999797821044922e+00 5.000000074505805969e-02 0.000000000000000000e+00
 5.067500114440917969e+00 5.000000074505805969e-02 0.000000000000000000e+00
 5.072999954223632812e+00 5.000000074505805969e-02 0.000000000000000000e+00
 5.078499794006347656e+00 5.000000074505805969e-02 0.000000000000000000e+00
 5.084000110626220703e+00 5.000000074505805969e-02 0.000000000000000000e+00
 5.089499950408935547e+00 5.000000074505805969e-02 0.000000000000000000e+00
 5.094999790191650391e+00 5.000000074505805969e-02 0.000000000000000000e+00
 5.100500106811523438e+00 5.000000074505805969e-02 0.000000000000000000e+00
 5.105999946594238281e+00 5.000000074505805969e-02 0.000000000000000000e+00
 5.111499786376953125e+00 5.000000074505805969e-02 0.000000000000000000e+00
 5.117000102996826172e+00 5.000000074505805969e-02 0.000000000000000000e+00
 5.122499942779541016e+00 5.000000074505805969e-02 0.000000000000000000e+00
 5.127999782562255859e+00 5.000000074505805969e-02 0.000000000000000000e+00
 5.133500099182128906e+00 5.000000074505805969e-02 0.000000000000000000e+00
 5.138999938964843750e+00 5.000000074505805969e-02 0.000000000000000000e+00
 5.144499778747558594e+00 5.000000074505805969e-02 0.000000000000000000e+00
 5.150000095367431641e+00 5.000000074505805969e-02 0.000000000000000000e+00
 5.155499935150146484e+00 5.000000074505805969e-02 0.000000000000000000e+00
 5.160999774932861328e+00 5.000000074505805969e-02 0.000000000000000000e+00
 5.166500091552734375e+00 5.000000074505805969e-02 0.000000000000000000e+00
 5.171999931335449219e+00 5.000000074505805969e-02 0.000000000000000000e+00
 5.177499771118164062e+00 5.000000074505805969e-02 0.000000000000000000e+00
 5.183000087738037109e+00 5.000000074505805969e-02 0.000000000000000000e+00
 5.188499927520751953e+00 5.000000074505805969e-02 0.000000000000000000e+00
 5.193999767303466797e+00 5.000000074505805969e-02 0.000000000000000000e+00
 5.199500083923339844e+00 5.000000074505805969e-02 0.000000000000000000e+00
 5.204999923706054688e+00 5.000000074505805969e-02 0.000000000000000000e+00
 5.210499763488769531e+00 5.000000074505805969e-02 0.000000000000000000e+00
 5.216000080108642578e+00 5.000000074505805969e-02 0.000000000000000000e+00
 5.221499919891357422e+00 5.000000074505805969e-02 0.000000000000000000e+00
 5.227000236511230469e+00 5.000000074505805969e-02 0.000000000000000000e+00
 5.232500076293945312e+00 5.000000074505805969e-02 0.000000000000000000e+00
 5.237999916076660156e+00 5.000000074505805969e-02 0.000000000000000000e+00
 5.243500232696533203e+00 5.000000074505805969e-02 0.000000000000000000e+00
 5.249000072479248047e+00 5.000000074505805969e-02 0.000000000000000000e+00
 5.254499912261962891e+00 5.000000074505805969e-02 0.000000000000000000e+00
 5.260000228881835938e+00 5.000000074505805969e-02 0.000000000000000000e+00
 5.265500068664550781e+00 5.000000074505805969e-02 0.000000000000000000e+00
 5.270999908447265625e+00 5.000000074505805969e-02 0.000000000000000000e+00
 5.276500225067138672e+00 5.000000074505805969e-02 0.000000000000000000e+00
 5.282000064849853516e+00 5.000000074505805969e-02 0.000000000000000000e+00
 5.287499904632568359e+00 5.000000074505805969e-02 0.000000000000000000e+00
 5.293000221252441406e+00 5.000000074505805969e-02 0.000000000000000000e+00
 5.298500061035156250e+00 5.000000074505805969e-02 0.000000000000000000e+00
 5.303999900817871094e+00 5.000000074505805969e-02 0.000000000000000000e+00
 5.309500217437744141e+00 5.000000074505805969e-02 0.000000000000000000e+00
 5.315000057220458984e+00 5.000000074505805969e-02 0.000000000000000000e+00
 5.320499897003173828e+00 5.000000074505805969e-02 0.000000000000000000e+00
 5.326000213623046875e+00 5.000000074505805969e-02 0.000000000000000000e+00
 5.331500053405761719e+00 5.000000074505805969e-02 0.000000000000000000e+00
 5.336999893188476562e+00 5.000000074505805969e-02 0.000000000000000000e+00
 5.342500209808349609e+00 5.000000074505805969e-02 0.000000000000000000e+00
 5.348000049591064453e+00 5.000000074505805969e-02 0.000000000000000000e+00
 5.353499889373779297e+00 5.000000074505805969e-02 0.000000000000000000e+00
 5.359000205993652344e+00 5.000000074505805969e-02 0.000000000000000000e+00
 5.364500045776367188e+00 5.000000074505805969e-02 0.000000000000000000e+00
 5.369999885559082031e+00 5.000000074505805969e-02 0.000000000000000000e+00
 5.375500202178955078e+00 5.000000074505805969e-02 0.000000000000000000e+00
 5.381000041961669922e+00 5.000000074505805969e-02 0.000000000000000000e+00
 5.386499881744384766e+00 5.000000074505805969e-02 0.000000000000000000e+00
 5.392000198364257812e+00 5.000000074505805969e-02 0.000000000000000000e+00
 5.397500038146972656e+00 5.000000074505805969e-02 0.000000000000000000e+00
 5.402999877929687500e+00 5.000000074505805969e-02 0.000000000000000000e+00
 5.408500194549560547e+00 5.000000074505805969e-02 0.000000000000000000e+00
 5.414000034332275391e+00 5.000000074505805969e-02 0.000000000000000000e+00
 5.419499874114990234e+00 5.000000074505805969e-02 0.000000000000000000e+00
 5.425000190734863281e+00 5.000000074505805969e-02 0.000000000000000000e+00
 5.430500030517578125e+00 5.000000074505805969e-02 0.000000000000000000e+00
 5.435999870300292969e+00 5.000000074505805969e-02 0.000000000000000000e+00
 5.441500186920166016e+00 5.000000074505805969e-02 0.000000000000000000e+00
 5.447000026702880859e+00 5.000000074505805969e-02 0.000000000000000000e+00
 5.452499866485595703e+00 5.000000074505805969e-02 0.000000000000000000e+00
 5.458000183105468750e+00 5.000000074505805969e-02 0.000000000000000000e+00
 5.463500022888183594e+00 5.000000074505805969e-02 0.000000000000000000e+00
 5.468999862670898438e+00 5.000000074505805969e-02 0.000000000000000000e+00
 5.474500179290771484e+00 5.000000074505805969e-02 0.000000000000000000e+00
 5.480000019073486328e+00 5.000000074505805969e-02 0.000000000000000000e+00
 5.485499858856201172e+00 5.000000074505805969e-02 0.000000000000000000e+00
 5.491000175476074219e+00 5.000000074505805969e-02 0.000000000000000000e+00
 5.496500015258789062e+00 5.000000074505805969e-02 0.000000000000000000e+00
 5.501999855041503906e+00 5.000000074505805969e-02 0.000000000000000000e+00
 5.507500171661376953e+00 5.000000074505805969e-02 0.000000000000000000e+00
 5.513000011444091797e+00 5.000000074505805969e-02 0.000000000000000000e+00
 5.518499851226806641e+00 5.000000074505805969e-02 0.000000000000000000e+00
 5.524000167846679688e+00 5.000000074505805969e-02 0.000000000000000000e+00
 5.529500007629394531e+00 5.000000074505805969e-02 0.000000000000000000e+00
 5.534999847412109375e+00 5.000000074505805969e-02 0.000000000000000000e+00
 5.540500164031982422e+00 5.000000074505805969e-02 0.000000000000000000e+00
 5.546000003814697266e+00 5.000000074505805969e-02 0.000000000000000000e+00
 5.551499843597412109e+00 5.000000074505805969e-02 0.000000000000000000e+00
 5.557000160217285156e+00 5.000000074505805969e-02 0.000000000000000000e+00
 5.562500000000000000e+00 5.000000074505805969e-02 0.000000000000000000e+00
 5.567999839782714844e+00 5.000000074505805969e-02 0.000000000000000000e+00
 5.573500156402587891e+00 5.000000074505805969e-02 0.000000000000000000e+00
 5.578999996185302734e+00 5.000000074505805969e-02 0.000000000000000000e+00
 5.584499835968017578e+00 5.000000074505805969e-02 0.000000000000000000e+00
 5.590000152587890625e+00 5.000000074505805969e-02 0.000000000000000000e+00
 5.595499992370605469e+00 5.000000074505805969e-02 0.000000000000000000e+00
 5.600999832153320312e+00 5.000000074505805969e-02 0.000000000000000000e+00
 5.606500148773193359e+00 5.000000074505805969e-02 0.000000000000000000e+00
 5.611999988555908203e+00 5.000000074505805969e-02 0.000000000000000000e+00
 5.617499828338623047e+00 5.000000074505805969e-02 0.000000000000000000e+00
 5.623000144958496094e+00 5.000000074505805969e-02 0.000000000000000000e+00
 5.628499984741210938e+00 5.000000074505805969e-02 0.000000000000000000e+00
 5.633999824523925781e+00 5.000000074505805969e-02 0.000000000000000000e+00
 5.639500141143798828e+00 5.000000074505805969e-02 0.000000000000000000e+00
 5.644999980926513672e+00 5.000000074505805969e-02 0.000000000000000000e+00
 5.650499820709228516e+00 5.000000074505805969e-02 0.000000000000000000e+00
 5.656000137329101562e+00 5.000000074505805969e-02 0.000000000000000000e+00
 5.661499977111816406e+00 5.000000074505805969e-02 0.000000000000000000e+00
 5.666999816894531250e+00 5.000000074505805969e-02 0.000000000000000000e+00
 5.672500133514404297e+00 5.000000074505805969e-02 0.000000000000000000e+00
 5.677999973297119141e+00 5.000000074505805969e-02 0.000000000000000000e+00
 5.683499813079833984e+00 5.000000074505805969e-02 0.000000000000000000e+00
 5.689000129699707031e+00 5.000000074505805969e-02 0.000000000000000000e+00
 5.694499969482421875e+00 5.000000074505805969e-02 0.000000000000000000e+00
 5.699999809265136719e+00 5.000000074505805969e-02 0.000000000000000000e+00
 5.705500125885009766e+00 5.000000074505805969e-02 0.000000000000000000e+00
 5.710999965667724609e+00 5.000000074505805969e-02 0.000000000000000000e+00
 5.716499805450439453e+00 5.000000074505805969e-02 0.000000000000000000e+00
 5.722000122070312500e+00 5.000000074505805969e-02 0.000000000000000000e+00
 5.727499961853027344e+00 5.000000074505805969e-02 0.000000000000000000e+00
 5.732999801635742188e+00 5.000000074505805969e-02 0.000000000000000000e+00
 5.738500118255615234e+00 5.000000074505805969e-02 0.000000000000000000e+00
 5.743999958038330078e+00 5.000000074505805969e-02 0.000000000000000000e+00
 5.749499797821044922e+00 5.000000074505805969e-02 0.000000000000000000e+00
 5.755000114440917969e+00 5.000000074505805969e-02 0.000000000000000000e+00
 5.760499954223632812e+00 5.000000074505805969e-02 0.000000000000000000e+00
 5.765999794006347656e+00 5.000000074505805969e-02 0.000000000000000000e+00
 5.771500110626220703e+00 5.000000074505805969e-02 0.000000000000000000e+00
 5.776999950408935547e+00 5.000000074505805969e-02 0.000000000000000000e+00
 5.782499790191650391e+00 5.000000074505805969e-02 0.000000000000000000e+00
 5.788000106811523438e+00 5.000000074505805969e-02 0.000000000000000000e+00
 5.793499946594238281e+00 5.000000074505805969e-02 0.000000000000000000e+00
 5.798999786376953125e+00 5.000000074505805969e-02 0.000000000000000000e+00
 5.804500102996826172e+00 5.000000074505805969e-02 0.000000000000000000e+00
 5.809999942779541016e+00 5.000000074505805969e-02 0.000000000000000000e+00
 5.815499782562255859e+00 5.000000074505805969e-02 0.000000000000000000e+00
 5.821000099182128906e+00 5.000000074505805969e-02 0.000000000000000000e+00
 5.826499938964843750e+00 5.000000074505805969e-02 0.000000000000000000e+00
 5.831999778747558594e+00 5.000000074505805969e-02 0.000000000000000000e+00
 5.837500095367431641e+00 5.000000074505805969e-02 0.000000000000000000e+00
 5.842999935150146484e+00 5.000000074505805969e-02 0.000000000000000000e+00
 5.848499774932861328e+00 5.000000074505805969e-02 0.000000000000000000e+00
 5.854000091552734375e+00 5.000000074505805969e-02 0.000000000000000000e+00
 5.859499931335449219e+00 5.000000074505805969e-02 0.000000000000000000e+00
 5.864999771118164062e+00 5.000000074505805969e-02 0.000000000000000000e+00
 5.870500087738037109e+00 5.000000074505805969e-02 0.000000000000000000e+00
 5.875999927520751953e+00 5.000000074505805969e-02 0.000000000000000000e+00
 5.881499767303466797e+00 5.000000074505805969e-02 0.000000000000000000e+00
 5.887000083923339844e+00 5.000000074505805969e-02 0.000000000000000000e+00
 5.892499923706054688e+00 5.000000074505805969e-02 0.000000000000000000e+00
 5.897999763488769531e+00 5.000000074505805969e-02 0.000000000000000000e+00
 5.903500080108642578e+00 5.000000074505805969e-02 0.000000000000000000e+00
 5.908999919891357422e+00 5.000000074505805969e-02 0.000000000000000000e+00
 5.914500236511230469e+00 5.000000074505805969e-02 0.000000000000000000e+00
 5.920000076293945312e+00 5.000000074505805969e-02 0.000000000000000000e+00
 5.925499916076660156e+00 5.000000074505805969e-02 0.000000000000000000e+00
 5.931000232696533203e+00 5.000000074505805969e-02 0.000000000000000000e+00
 5.936500072479248047e+00 5.000000074505805969e-02 0.000000000000000000e+00
 5.941999912261962891e+00 5.000000074505805969e-02 0.000000000000000000e+00
 5.947500228881835938e+00 5.000000074505805969e-02 0.000000000000000000e+00
 5.953000068664550781e+00 5.000000074505805969e-02 0.000000000000000000e+00
 5.958499908447265625e+00 5.000000074505805969e-02 0.000000000000000000e+00
 5.964000225067138672e+00 5.000000074505805969e-02 0.000000000000000000e+00
 5.969500064849853516e+00 5.000000074505805969e-02 0.000000000000000000e+00
 5.974999904632568359e+00 5.000000074505805969e-02 0.000000000000000000e+00
 5.980500221252441406e+00 5.000000074505805969e-02 0.000000000000000000e+00
 5.986000061035156250e+00 5.000000074505805969e-02 0.000000000000000000e+00
 5.991499900817871094e+00 5.000000074505805969e-02 0.000000000000000000e+00
 5.997000217437744141e+00 5.000000074505805969e-02 0.000000000000000000e+00
 6.002500057220458984e+00 5.000000074505805969e-02 0.000000000000000000e+00
 6.007999897003173828e+00 5.000000074505805969e-02 0.000000000000000000e+00
 6.013500213623046875e+00 5.000000074505805969e-02 0.000000000000000000e+00
 6.019000053405761719e+00 5.000000074505805969e-02 0.000000000000000000e+00
 6.024499893188476562e+00 5.000000074505805969e-02 0.000000000000000000e+00
 6.030000209808349609e+00 5.000000074505805969e-02 0.000000000000000000e+00
 6.035500049591064453e+00 5.000000074505805969e-02 0.000000000000000000e+00
 6.040999889373779297e+00 5.000000074505805969e-02 0.000000000000000000e+00
 6.046500205993652344e+00 5.000000074505805969e-02 0.000000000000000000e+00
 6.052000045776367188e+00 5.000000074505805969e-02 0.000000000000000000e+00
 6.057499885559082031e+00 5.000000074505805969e-02 0.000000000000000000e+00
 6.063000202178955078e+00 5.000000074505805969e-02 0.000000000000000000e+00
 6.068500041961669922e+00 5.000000074505805969e-02 0.000000000000000000e+00
 6.073999881744384766e+00 5.000000074505805969e-02 0.000000000000000000e+00
 6.079500198364257812e+00 5.000000074505805969e-02 0.000000000000000000e+00
 6.085000038146972656e+00 5.000000074505805969e-02 0.000000000000000000e+00
 6.090499877929687500e+00 5.000000074505805969e-02 0.000000000000000000e+00
 6.096000194549560547e+00 5.000000074505805969e-02 0.000000000000000000e+00
 6.101500034332275391e+00 5.000000074505805969e-02 0.000000000000000000e+00
 6.106999874114990234e+00 5.000000074505805969e-02 0.000000000000000000e+00
 6.112500190734863281e+00 5.000000074505805969e-02 0.000000000000000000e+00
 6.118000030517578125e+00 5.000000074505805969e-02 0.000000000000000000e+00
 6.123499870300292969e+00 5.000000074505805969e-02 0.000000000000000000e+00
 6.129000186920166016e+00 5.000000074505805969e-02 0.000000000000000000e+00
 6.134500026702880859e+00 5.000000074505805969e-02 0.000000000000000000e+00
 6.139999866485595703e+00 5.000000074505805969e-02 0.000000000000000000e+00
 6.145500183105468750e+00 5.000000074505805969e-02 0.000000000000000000e+00
 6.151000022888183594e+00 5.000000074505805969e-02 0.000000000000000000e+00
 6.156499862670898438e+00 5.000000074505805969e-02 0.000000000000000000e+00
 6.162000179290771484e+00 5.000000074505805969e-02 0.000000000000000000e+00
 6.167500019073486328e+00 5.000000074505805969e-02 0.000000000000000000e+00
 6.172999858856201172e+00 5.000000074505805969e-02 0.000000000000000000e+00
 6.178500175476074219e+00 5.000000074505805969e-02 0.000000000000000000e+00
 6.184000015258789062e+00 5.000000074505805969e-02 0.000000000000000000e+00
 6.189499855041503906e+00 5.000000074505805969e-02 0.000000000000000000e+00
 6.195000171661376953e+00 5.000000074505805969e-02 0.000000000000000000e+00
 6.200500011444091797e+00 5.000000074505805969e-02 0.000000000000000000e+00
 6.205999851226806641e+00 5.000000074505805969e-02 0.000000000000000000e+00
 6.211500167846679688e+00 5.000000074505805969e-02 0.000000000000000000e+00
 6.217000007629394531e+00 5.000000074505805969e-02 0.000000000000000000e+00
 6.222499847412109375e+00 5.000000074505805969e-02 0.000000000000000000e+00
 6.228000164031982422e+00 5.000000074505805969e-02 0.000000000000000000e+00
 6.233500003814697266e+00 5.000000074505805969e-02 0.000000000000000000e+00
 6.238999843597412109e+00 5.000000074505805969e-02 0.000000000000000000e+00
 6.244500160217285156e+00 5.000000074505805969e-02 0.000000000000000000e+00
 6.250000000000000000e+00 5.000000074505805969e-02 0.000000000000000000e+00
 4.875000000000000000e+00 1.000000014901161194e-01 0.000000000000000000e+00
 4.880499839782714844e+00 1.000000014901161194e-01 0.000000000000000000e+00
 4.886000156402587891e+00 1.000000014901161194e-01 0.000000000000000000e+00
 4.891499996185302734e+00 1.000000014901161194e-01 0.000000000000000000e+00
 4.896999835968017578e+00 1.000000014901161194e-01 0.000000000000000000e+00
 4.902500152587890625e+00 1.000000014901161194e-01 0.000000000000000000e+00
 4.907999992370605469e+00 1.000000014901161194e-01 0.000000000000000000e+00
 4.913499832153320312e+00 1.000000014901161194e-01 0.000000000000000000e+00
 4.919000148773193359e+00 1.000000014901161194e-01 0.000000000000000000e+00
 4.924499988555908203e+00 1.000000014901161194e-01 0.000000000000000000e+00
 4.929999828338623047e+00 1.000000014901161194e-01 0.000000000000000000e+00
 4.935500144958496094e+00 1.000000014901161194e-01 0.000000000000000000e+00
 4.940999984741210938e+00 1.000000014901161194e-01 0.000000000000000000e+00
 4.946499824523925781e+00 1.000000014901161194e-01 0.000000000000000000e+00
 4.952000141143798828e+00 1.000000014901161194e-01 0.000000000000000000e+00
 4.957499980926513672e+00 1.000000014901161194e-01 0.000000000000000000e+00
 4.962999820709228516e+00 1.000000014901161194e-01 0.000000000000000000e+00
 4.968500137329101562e+00 1.000000014901161194e-01 0.000000000000000000e+00
 4.973999977111816406e+00 1.000000014901161194e-01 0.000000000000000000e+00
 4.979499816894531250e+00 1.000000014901161194e-01 0.000000000000000000e+00
 4.985000133514404297e+00 1.000000014901161194e-01 0.000000000000000000e+00
 4.990499973297119141e+00 1.000000014901161194e-01 0.000000000000000000e+00
 4.995999813079833984e+00 1.000000014901161194e-01 0.000000000000000000e+00
 5.001500129699707031e+00 1.000000014901161194e-01 0.000000000000000000e+00
 5.006999969482421875e+00 1.000000014901161194e-01 0.000000000000000000e+00
 5.012499809265136719e+00 1.000000014901161194e-01 0.000000000000000000e+00
 5.018000125885009766e+00 1.000000014901161194e-01 0.000000000000000000e+00
 5.023499965667724609e+00 1.000000014901161194e-01 0.000000000000000000e+00
 5.028999805450439453e+00 1.000000014901161194e-01 0.000000000000000000e+00
 5.034500122070312500e+00 1.000000014901161194e-01 0.000000000000000000e+00
 5.039999961853027344e+00 1.000000014901161194e-01 0.000000000000000000e+00
 5.045499801635742188e+00 1.000000014901161194e-01 0.000000000000000000e+00
 5.051000118255615234e+00 1.000000014901161194e-01 0.000000000000000000e+00
 5.056499958038330078e+00 1.000000014901161194e-01 0.000000000000000000e+00
 5.061999797821044922e+00 1.000000014901161194e-01 0.000000000000000000e+00
 5.067500114440917969e+00 1.000000014901161194e-01 0.000000000000000000e+00
 5.072999954223632812e+00 1.000000014901161194e-01 0.000000000000000000e+00
 5.078499794006347656e+00 1.000000014901161194e-01 0.000000000000000000e+00
 5.084000110626220703e+00 1.000000014901161194e-01 0.000000000000000000e+00
 5.089499950408935547e+00 1.000000014901161194e-01 0.000000000000000000e+00
 5.094999790191650391e+00 1.000000014901161194e-01 0.000000000000000000e+00
 5.100500106811523438e+00 1.000000014901161194e-01 0.000000000000000000e+00
 5.105999946594238281e+00 1.000000014901161194e-01 0.000000000000000000e+00
 5.111499786376953125e+00 1.000000014901161194e-01 0.000000000000000000e+00
 5.117000102996826172e+00 1.000000014901161194e-01 0.000000000000000000e+00
 5.122499942779541016e+00 1.000000014901161194e-01 0.000000000000000000e+00
 5.127999782562255859e+00 1.000000014901161194e-01 0.000000000000000000e+00
 5.133500099182128906e+00 1.000000014901161194e-01 0.000000000000000000e+00
 5.138999938964843750e+00 1.000000014901161194e-01 0.000000000000000000e+00
 5.144499778747558594e+00 1.000000014901161194e-01 0.000000000000000000e+00
 5.150000095367431641e+00 1.000000014901161194e-01 0.000000000000000000e+00
 5.155499935150146484e+00 1.000000014901161194e-01 0.000000000000000000e+00
 5.160999774932861328e+00 1.000000014901161194e-01 0.000000000000000000e+00
 5.166500091552734375e+00 1.000000014901161194e-01 0.000000000000000000e+00
 5.171999931335449219e+00 1.000000014901161194e-01 0.000000000000000000e+00
 5.177499771118164062e+00 1.000000014901161194e-01 0.000000000000000000e+00
 5.183000087738037109e+00 1.000000014901161194e-01 0.000000000000000000e+00
 5.188499927520751953e+00 1.000000014901161194e-01 0.000000000000000000e+00
 5.193999767303466797e+00 1.000000014901161194e-01 0.000000000000000000e+00
 5.199500083923339844e+00 1.000000014901161194e-01 0.000000000000000000e+00
 5.204999923706054688e+00 1.000000014901161194e-01 0.000000000000000000e+00
 5.210499763488769531e+00 1.000000014901161194e-01 0.000000000000000000e+00
 5.216000080108642578e+00 1.000000014901161194e-01 0.000000000000000000e+00
 5.221499919891357422e+00 1.000000014901161194e-01 0.000000000000000000e+00
 5.227000236511230469e+00 1.000000014901161194e-01 0.000000000000000000e+00
 5.232500076293945312e+00 1.000000014901161194e-01 0.000000000000000000e+00
 5.237999916076660156e+00 1.000000014901161194e-01 0.000000000000000000e+00
 5.243500232696533203e+00 1.000000014901161194e-01 0.000000000000000000e+00
 5.249000072479248047e+00 1.000000014901161194e-01 0.000000000000000000e+00
 5.254499912261962891e+00 1.000000014901161194e-01 0.000000000000000000e+00
 5.260000228881835938e+00 1.000000014901161194e-01 0.000000000000000000e+00
 5.265500068664550781e+00 1.000000014901161194e-01 0.000000000000000000e+00
 5.270999908447265625e+00 1.000000014901161194e-01 0.000000000000000000e+00
 5.276500225067138672e+00 1.000000014901161194e-01 0.000000000000000000e+00
 5.282000064849853516e+00 1.000000014901161194e-01 0.000000000000000000e+00
 5.287499904632568359e+00 1.000000014901161194e-01 0.000000000000000000e+00
 5.293000221252441406e+00 1.000000014901161194e-01 0.000000000000000000e+00
 5.298500061035156250e+00 1.000000014901161194e-01 0.000000000000000000e+00
 5.303999900817871094e+00 1.000000014901161194e-01 0.000000000000000000e+00
 5.309500217437744141e+00 1.000000014901161194e-01 0.000000000000000000e+00
 5.315000057220458984e+00 1.000000014901161194e-01 0.000000000000000000e+00
 5.320499897003173828e+00 1.000000014901161194e-01 0.000000000000000000e+00
 5.326000213623046875e+00 1.000000014901161194e-01 0.000000000000000000e+00
 5.331500053405761719e+00 1.000000014901161194e-01 0.000000000000000000e+00
 5.336999893188476562e+00 1.000000014901161194e-01 0.000000000000000000e+00
 5.342500209808349609e+00 1.000000014901161194e-01 0.000000000000000000e+00
 5.348000049591064453e+00 1.000000014901161194e-01 0.000000000000000000e+00
 5.353499889373779297e+00 1.000000014901161194e-01 0.000000000000000000e+00
 5.359000205993652344e+00 1.000000014901161194e-01 0.000000000000000000e+00
 5.364500045776367188e+00 1.000000014901161194e-01 0.000000000000000000e+00
 5.369999885559082031e+00 1.000000014901161194e-01 0.000000000000000000e+00
 5.375500202178955078e+00 1.000000014901161194e-01 0.000000000000000000e+00
 5.381000041961669922e+00 1.000000014901161194e-01 0.000000000000000000e+00
 5.386499881744384766e+00 1.000000014901161194e-01 0.000000000000000000e+00
 5.392000198364257812e+00 1.000000014901161194e-01 0.000000000000000000e+00
 5.397500038146972656e+00 1.000000014901161194e-01 0.000000000000000000e+00
 5.402999877929687500e+00 1.000000014901161194e-01 0.000000000000000000e+00
 5.408500194549560547e+00 1.000000014901161194e-01 0.000000000000000000e+00
 5.414000034332275391e+00 1.000000014901161194e-01 0.000000000000000000e+00
 5.419499874114990234e+00 1.000000014901161194e-01 0.000000000000000000e+00
 5.425000190734863281e+00 1.000000014901161194e-01 0.000000000000000000e+00
 5.430500030517578125e+00 1.000000014901161194e-01 0.000000000000000000e+00
 5.435999870300292969e+00 1.000000014901161194e-01 0.000000000000000000e+00
 5.441500186920166016e+00 1.000000014901161194e-01 0.000000000000000000e+00
 5.447000026702880859e+00 1.000000014901161194e-01 0.000000000000000000e+00
 5.452499866485595703e+00 1.000000014901161194e-01 0.000000000000000000e+00
 5.458000183105468750e+00 1.000000014901161194e-01 0.000000000000000000e+00
 5.463500022888183594e+00 1.000000014901161194e-01 0.000000000000000000e+00
 5.468999862670898438e+00 1.000000014901161194e-01 0.000000000000000000e+00
 5.474500179290771484e+00 1.000000014901161194e-01 0.000000000000000000e+00
 5.480000019073486328e+00 1.000000014901161194e-01 0.000000000000000000e+00
 5.485499858856201172e+00 1.000000014901161194e-01 0.000000000000000000e+00
 5.491000175476074219e+00 1.000000014901161194e-01 0.000000000000000000e+00
 5.496500015258789062e+00 1.000000014901161194e-01 0.000000000000000000e+00
 5.501999855041503906e+00 1.000000014901161194e-01 0.000000000000000000e+00
 5.507500171661376953e+00 1.000000014901161194e-01 0.000000000000000000e+00
 5.513000011444091797e+00 1.000000014901161194e-01 0.000000000000000000e+00
 5.518499851226806641e+00 1.000000014901161194e-01 0.000000000000000000e+00
 5.524000167846679688e+00 1.000000014901161194e-01 0.000000000000000000e+00
 5.529500007629394531e+00 1.000000014901161194e-01 0.000000000000000000e+00
 5.534999847412109375e+00 1.000000014901161194e-01 0.000000000000000000e+00
 5.540500164031982422e+00 1.000000014901161194e-01 0.000000000000000000e+00
 5.546000003814697266e+00 1.000000014901161194e-01 0.000000000000000000e+00
 5.551499843597412109e+00 1.000000014901161194e-01 0.000000000000000000e+00
 5.557000160217285156e+00 1.000000014901161194e-01 0.000000000000000000e+00
 5.562500000000000000e+00 1.000000014901161194e-01 0.000000000000000000e+00
 5.567999839782714844e+00 1.000000014901161194e-01 0.000000000000000000e+00
 5.573500156402587891e+00 1.000000014901161194e-01 0.000000000000000000e+00
 5.578999996185302734e+00 1.000000014901161194e-01 0.000000000000000000e+00
 5.584499835968017578e+00 1.000000014901161194e-01 0.000000000000000000e+00
 5.590000152587890625e+00 1.000000014901161194e-01 0.000000000000000000e+00
 5.595499992370605469e+00 1.000000014901161194e-01 0.000000000000000000e+00
 5.600999832153320312e+00 1.000000014901161194e-01 0.000000000000000000e+00
 5.606500148773193359e+00 1.000000014901161194e-01 0.000000000000000000e+00
 5.611999988555908203e+00 1.000000014901161194e-01 0.000000000000000000e+00
 5.617499828338623047e+00 1.000000014901161194e-01 0.000000000000000000e+00
 5.623000144958496094e+00 1.000000014901161194e-01 0.000000000000000000e+00
 5.628499984741210938e+00 1.000000014901161194e-01 0.000000000000000000e+00
 5.633999824523925781e+00 1.000000014901161194e-01 0.000000000000000000e+00
 5.639500141143798828e+00 1.000000014901161194e-01 0.000000000000000000e+00
 5.644999980926513672e+00 1.000000014901161194e-01 0.000000000000000000e+00
 5.650499820709228516e+00 1.000000014901161194e-01 0.000000000000000000e+00
 5.656000137329101562e+00 1.000000014901161194e-01 0.000000000000000000e+00
 5.661499977111816406e+00 1.000000014901161194e-01 0.000000000000000000e+00
 5.666999816894531250e+00 1.000000014901161194e-01 0.000000000000000000e+00
 5.672500133514404297e+00 1.000000014901161194e-01 0.000000000000000000e+00
 5.677999973297119141e+00 1.000000014901161194e-01 0.000000000000000000e+00
 5.683499813079833984e+00 1.000000014901161194e-01 0.000000000000000000e+00
 5.689000129699707031e+00 1.000000014901161194e-01 0.000000000000000000e+00
 5.694499969482421875e+00 1.000000014901161194e-01 0.000000000000000000e+00
 5.699999809265136719e+00 1.000000014901161194e-01 0.000000000000000000e+00
 5.705500125885009766e+00 1.000000014901161194e-01 0.000000000000000000e+00
 5.710999965667724609e+00 1.000000014901161194e-01 0.000000000000000000e+00
 5.716499805450439453e+00 1.000000014901161194e-01 0.000000000000000000e+00
 5.722000122070312500e+00 1.000000014901161194e-01 0.000000000000000000e+00
 5.727499961853027344e+00 1.000000014901161194e-01 0.000000000000000000e+00
 5.732999801635742188e+00 1.000000014901161194e-01 0.000000000000000000e+00
 5.738500118255615234e+00 1.000000014901161194e-01 0.000000000000000000e+00
 5.743999958038330078e+00 1.000000014901161194e-01 0.000000000000000000e+00
 5.749499797821044922e+00 1.000000014901161194e-01 0.000000000000000000e+00
 5.755000114440917969e+00 1.000000014901161194e-01 0.000000000000000000e+00
 5.760499954223632812e+00 1.000000014901161194e-01 0.000000000000000000e+00
 5.765999794006347656e+00 1.000000014901161194e-01 0.000000000000000000e+00
 5.771500110626220703e+00 1.000000014901161194e-01 0.000000000000000000e+00
 5.776999950408935547e+00 1.000000014901161194e-01 0.000000000000000000e+00
 5.782499790191650391e+00 1.000000014901161194e-01 0.000000000000000000e+00
 5.788000106811523438e+00 1.000000014901161194e-01 0.000000000000000000e+00
 5.793499946594238281e+00 1.000000014901161194e-01 0.000000000000000000e+00
 5.798999786376953125e+00 1.000000014901161194e-01 0.000000000000000000e+00
 5.804500102996826172e+00 1.000000014901161194e-01 0.000000000000000000e+00
 5.809999942779541016e+00 1.000000014901161194e-01 0.000000000000000000e+00
 5.815499782562255859e+00 1.000000014901161194e-01 0.000000000000000000e+00
 5.821000099182128906e+00 1.000000014901161194e-01 0.000000000000000000e+00
 5.826499938964843750e+00 1.000000014901161194e-01 0.000000000000000000e+00
 5.831999778747558594e+00 1.000000014901161194e-01 0.000000000000000000e+00
 5.837500095367431641e+00 1.000000014901161194e-01 0.000000000000000000e+00
 5.842999935150146484e+00 1.000000014901161194e-01 0.000000000000000000e+00
 5.848499774932861328e+00 1.000000014901161194e-01 0.000000000000000000e+00
 5.854000091552734375e+00 1.000000014901161194e-01 0.000000000000000000e+00
 5.859499931335449219e+00 1.000000014901161194e-01 0.000000000000000000e+00
 5.864999771118164062e+00 1.000000014901161194e-01 0.000000000000000000e+00
 5.870500087738037109e+00 1.000000014901161194e-01 0.000000000000000000e+00
 5.875999927520751953e+00 1.000000014901161194e-01 0.000000000000000000e+00
 5.881499767303466797e+00 1.000000014901161194e-01 0.000000000000000000e+00
 5.887000083923339844e+00 1.000000014901161194e-01 0.000000000000000000e+00
 5.892499923706054688e+00 1.000000014901161194e-01 0.000000000000000000e+00
 5.897999763488769531e+00 1.000000014901161194e-01 0.000000000000000000e+00
 5.903500080108642578e+00 1.000000014901161194e-01 0.000000000000000000e+00
 5.908999919891357422e+00 1.000000014901161194e-01 0.000000000000000000e+00
 5.914500236511230469e+00 1.000000014901161194e-01 0.000000000000000000e+00
 5.920000076293945312e+00 1.000000014901161194e-01 0.000000000000000000e+00
 5.925499916076660156e+00 1.000000014901161194e-01 0.000000000000000000e+00
 5.931000232696533203e+00 1.000000014901161194e-01 0.000000000000000000e+00
 5.936500072479248047e+00 1.000000014901161194e-01 0.000000000000000000e+00
 5.941999912261962891e+00 1.000000014901161194e-01 0.000000000000000000e+00
 5.947500228881835938e+00 1.000000014901161194e-01 0.000000000000000000e+00
 5.953000068664550781e+00 1.000000014901161194e-01 0.000000000000000000e+00
 5.958499908447265625e+00 1.000000014901161194e-01 0.000000000000000000e+00
 5.964000225067138672e+00 1.000000014901161194e-01 0.000000000000000000e+00
 5.969500064849853516e+00 1.000000014901161194e-01 0.000000000000000000e+00
 5.974999904632568359e+00 1.000000014901161194e-01 0.000000000000000000e+00
 5.980500221252441406e+00 1.000000014901161194e-01 0.000000000000000000e+00
 5.986000061035156250e+00 1.000000014901161194e-01 0.000000000000000000e+00
 5.991499900817871094e+00 1.000000014901161194e-01 0.000000000000000000e+00
 5.997000217437744141e+00 1.000000014901161194e-01 0.000000000000000000e+00
 6.002500057220458984e+00 1.000000014901161194e-01 0.000000000000000000e+00
 6.007999897003173828e+00 1.000000014901161194e-01 0.000000000000000000e+00
 6.013500213623046875e+00 1.000000014901161194e-01 0.000000000000000000e+00
 6.019000053405761719e+00 1.000000014901161194e-01 0.000000000000000000e+00
 6.024499893188476562e+00 1.000000014901161194e-01 0.000000000000000000e+00
 6.030000209808349609e+00 1.000000014901161194e-01 0.000000000000000000e+00
 6.035500049591064453e+00 1.000000014901161194e-01 0.000000000000000000e+00
 6.040999889373779297e+00 1.000000014901161194e-01 0.000000000000000000e+00
 6.046500205993652344e+00 1.000000014901161194e-01 0.000000000000000000e+00
 6.052000045776367188e+00 1.000000014901161194e-01 0.000000000000000000e+00
 6.057499885559082031e+00 1.000000014901161194e-01 0.000000000000000000e+00
 6.063000202178955078e+00 1.000000014901161194e-01 0.000000000000000000e+00
 6.068500041961669922e+00 1.000000014901161194e-01 0.000000000000000000e+00
 6.073999881744384766e+00 1.000000014901161194e-01 0.000000000000000000e+00
 6.079500198364257812e+00 1.000000014901161194e-01 0.000000000000000000e+00
 6.085000038146972656e+00 1.000000014901161194e-01 0.000000000000000000e+00
 6.090499877929687500e+00 1.000000014901161194e-01 0.000000000000000000e+00
 6.096000194549560547e+00 1.000000014901161194e-01 0.000000000000000000e+00
 6.101500034332275391e+00 1.000000014901161194e-01 0.000000000000000000e+00
 6.106999874114990234e+00 1.000000014901161194e-01 0.000000000000000000e+00
 6.112500190734863281e+00 1.000000014901161194e-01 0.000000000000000000e+00
 6.118000030517578125e+00 1.000000014901161194e-01 0.000000000000000000e+00
 6.123499870300292969e+00 1.000000014901161194e-01 0.000000000000000000e+00
 6.129000186920166016e+00 1.000000014901161194e-01 0.000000000000000000e+00
 6.134500026702880859e+00 1.000000014901161194e-01 0.000000000000000000e+00
 6.139999866485595703e+00 1.000000014901161194e-01 0.000000000000000000e+00
 6.145500183105468750e+00 1.000000014901161194e-01 0.000000000000000000e+00
 6.151000022888183594e+00 1.000000014901161194e-01 0.000000000000000000e+00
 6.156499862670898438e+00 1.000000014901161194e-01 0.000000000000000000e+00
 6.162000179290771484e+00 1.000000014901161194e-01 0.000000000000000000e+00
 6.167500019073486328e+00 1.000000014901161194e-01 0.000000000000000000e+00
 6.172999858856201172e+00 1.000000014901161194e-01 0.000000000000000000e+00
 6.178500175476074219e+00 1.000000014901161194e-01 0.000000000000000000e+00
 6.184000015258789062e+00 1.000000014901161194e-01 0.000000000000000000e+00
 6.189499855041503906e+00 1.000000014901161194e-01 0.000000000000000000e+00
 6.195000171661376953e+00 1.000000014901161194e-01 0.000000000000000000e+00
 6.200500011444091797e+00 1.000000014901161194e-01 0.000000000000000000e+00
 6.205999851226806641e+00 1.000000014901161194e-01 0.000000000000000000e+00
 6.211500167846679688e+00 1.000000014901161194e-01 0.000000000000000000e+00
 6.217000007629394531e+00 1.000000014901161194e-01 0.000000000000000000e+00
 6.222499847412109375e+00 1.000000014901161194e-01 0.000000000000000000e+00
 6.228000164031982422e+00 1.000000014901161194e-01 0.000000000000000000e+00
 6.233500003814697266e+00 1.000000014901161194e-01 0.000000000000000000e+00
 6.238999843597412109e+00 1.000000014901161194e-01 0.000000000000000000e+00
 6.244500160217285156e+00 1.000000014901161194e-01 0.000000000000000000e+00
 6.250000000000000000e+00 1.000000014901161194e-01 0.000000000000000000e+00
 </DataArray>
</Points>
<Cells>
 <DataArray type="Int32" Name="connectivity" format="ascii">
 0 1 252 251
 1 2 253 252
 2 3 254 253
 3 4 255 254
 4 5 256 255
 5 6 257 256
 6 7 258 257
 7 8 259 258
 8 9 260 259
 9 10 261 260
 10 11 262 261
 11 12 263 262
 12 13 264 263
 13 14 265 264
 14 15 266 265
 15 16 267 266
 16 17 268 267
 17 18 269 268
 18 19 270 269
 19 20 271 270
 20 21 272 271
 21 22 273 272
 22 23 274 273
 23 24 275 274
 24 25 276 275
 25 26 277 276
 26 27 278 277
 27 28 279 278
 28 29 280 279
 29 30 281 280
 30 31 282 281
 31 32 283 282
 32 33 284 283
 33 34 285 284
 34 35 286 285
 35 36 287 286
 36 37 288 287
 37 38 289 288
 38 39 290 289
 39 40 291 290
 40 41 292 291
 41 42 293 292
 42 43 294 293
 43 44 295 294
 44 45 296 295
 45 46 297 296
 46 47 298 297
 47 48 299 298
 48 49 300 299
 49 50 301 300
 50 51 302 301
 51 52 303 302
 52 53 304 303
 53 54 305 304
 54 55 306 305
 55 56 307 306
 56 57 308 307
 57 58 309 308
 58 59 310 309
 59 60 311 310
 60 61 312 311
 61 62 313 312
 62 63 314 313
 63 64 315 314
 64 65 316 315
 65 66 317 316
 66 67 318 317
 67 68 319 318
 68 69 320 319
 69 70 321 320
 70 71 322 321
 71 72 323 322
 72 73 324 323
 73 74 325 324
 74 75 326 325
 75 76 327 326
 76 77 328 327
 77 78 329 328
 78 79 330 329
 79 80 331 330
 80 81 332 331
 81 82 333 332
 82 83 334 333
 83 84 335 334
 84 85 336 335
 85 86 337 336
 86 87 338 337
 87 88 339 338
 88 89 340 339
 89 90 341 340
 90 91 342 341
 91 92 343 342
 92 93 344 343
 93 94 345 344
 94 95 346 345
 95 96 347 346
 96 97 348 347
 97 98 349 348
 98 99 350 349
 99 100 351 350
 100 101 352 351
 101 102 353 352
 102 103 354 353
 103 104 355 354
 104 105 356 355
 105 106 357 356
 106 107 358 357
 107 108 359 358
 108 109 360 359
 109 110 361 360
 110 111 362 361
 111 112 363 362
 112 113 364 363
 113 114 365 364
 114 115 366 365
 115 116 367 366
 116 117 368 367
 117 118 369 368
 118 119 370 369
 119 120 371 370
 120 121 372 371
 121 122 373 372
 122 123 374 373
 123 124 375 374
 124 125 376 375
 125 126 377 376
 126 127 378 377
 127 128 379 378
 128 129 380 379
 129 130 381 380
 130 131 382 381
 131 132 383 382
 132 133 384 383
 133 134 385 384
 134 135 386 385
 135 136 387 386
 136 137 388 387
 137 138 389 388
 138 139 390 389
 139 140 391 390
 140 141 392 391
 141 142 393 392
 142 143 394 393
 143 144 395 394
 144 145 396 395
 145 146 397 396
 146 147 398 397
 147 148 399 398
 148 149 400 399
 149 150 401 400
 150 151 402 401
 151 152 403 402
 152 153 404 403
 153 154 405 404
 154 155 406 405
 155 156 407 406
 156 157 408 407
 157 158 409 408
 158 159 410 409
 159 160 411 410
 160 161 412 411
 161 162 413 412
 162 163 414 413
 163 164 415 414
 164 165 416 415
 165 166 417 416
 166 167 418 417
 167 168 419 418
 168 169 420 419
 169 170 421 420
 170 171 422 421
 171 172 423 422
 172 173 424 423
 173 174 425 424
 174 175 426 425
 175 176 427 426
 176 177 428 427
 177 178 429 428
 178 179 430 429
 179 180 431 430
 180 181 432 431
 181 182 433 432
 182 183 434 433
 183 184 435 434
 184 185 436 435
 185 186 437 436
 186 187 438 437
 187 188 439 438
 188 189 440 439
 189 190 441 440
 190 191 442 441
 191 192 443 442
 192 193 444 443
 193 194 445 444
 194 195 446 445
 195 196 447 446
 196 197 448 447
 197 198 449 448
 198 199 450 449
 199 200 451 450
 200 201 452 451
 201 202 453 452
 202 203 454 453
 203 204 455 454
 204 205 456 455
 205 206 457 456
 206 207 458 457
 207 208 459 458
 208 209 460 459
 209 210 461 460
 210 211 462 461
 211 212 463 462
 212 213 464 463
 213 214 465 464
 214 215 466 465
 215 216 467 466
 216 217 468 467
 217 218 469 468
 218 219 470 469
 219 220 471 470
 220 221 472 471
 221 222 473 472
 222 223 474 473
 223 224 475 474
 224 225 476 475
 225 226 477 476
 226 227 478 477
 227 228 479 478
 228 229 480 479
 229 230 481 480
 230 231 482 481
 231 232 483 482
 232 233 484 483
 233 234 485 484
 234 235 486 485
 235 236 487 486
 236 237 488 487
 237 238 489 488
 238 239 490 489
 239 240 491 490
 240 241 492 491
 241 242 493 492
 242 243 494 493
 243 244 495 494
 244 245 496 495
 245 246 497 496
 246 247 498 497
 247 248 499 498
 248 249 500 499
 249 250 501 500
 251 252 503 502
 252 253 504 503
 253 254 505 504
 254 255 506 505
 255 256 507 506
 256 257 508 507
 257 258 509 508
 258 259 510 509
 259 260 511 510
 260 261 512 511
 261 262 513 512
 262 263 514 513
 263 264 515 514
 264 265 516 515
 265 266 517 516
 266 267 518 517
 267 268 519 518
 268 269 520 519
 269 270 521 520
 270 271 522 521
 271 272 523 522
 272 273 524 523
 273 274 525 524
 274 275 526 525
 275 276 527 526
 276 277 528 527
 277 278 529 528
 278 279 530 529
 279 280 531 530
 280 281 532 531
 281 282 533 532
 282 283 534 533
 283 284 535 534
 284 285 536 535
 285 286 537 536
 286 287 538 537
 287 288 539 538
 288 289 540 539
 289 290 541 540
 290 291 542 541
 291 292 543 542
 292 293 544 543
 293 294 545 544
 294 295 546 545
 295 296 547 546
 296 297 548 547
 297 298 549 548
 298 299 550 549
 299 300 551 550
 300 301 552 551
 301 302 553 552
 302 303 554 553
 303 304 555 554
 304 305 556 555
 305 306 557 556
 306 307 558 557
 307 308 559 558
 308 309 560 559
 309 310 561 560
 310 311 562 561
 311 312 563 562
 312 313 564 563
 313 314 565 564
 314 315 566 565
 315 316 567 566
 316 317 568 567
 317 318 569 568
 318 319 570 569
 319 320 571 570
 320 321 572 571
 321 322 573 572
 322 323 574 573
 323 324 575 574
 324 325 576 575
 325 326 577 576
 326 327 578 577
 327 328 579 578
 328 329 580 579
 329 330 581 580
 330 331 582 581
 331 332 583 582
 332 333 584 583
 333 334 585 584
 334 335 586 585
 335 336 587 586
 336 337 588 587
 337 338 589 588
 338 339 590 589
 339 340 591 590
 340 341 592 591
 341 342 593 592
 342 343 594 593
 343 344 595 594
 344 345 596 595
 345 346 597 596
 346 347 598 597
 347 348 599 598
 348 349 600 599
 349 350 601 600
 350 351 602 601
 351 352 603 602
 352 353 604 603
 353 354 605 604
 354 355 606 605
 355 356 607 606
 356 357 608 607
 357 358 609 608
 358 359 610 609
 359 360 611 610
 360 361 612 611
 361 362 613 612
 362 363 614 613
 363 364 615 614
 364 365 616 615
 365 366 617 616
 366 367 618 617
 367 368 619 618
 368 369 620 619
 369 370 621 620
 370 371 622 621
 371 372 623 622
 372 373 624 623
 373 374 625 624
 374 375 626 625
 375 376 627 626
 376 377 628 627
 377 378 629 628
 378 379 630 629
 379 380 631 630
 380 381 632 631
 381 382 633 632
 382 383 634 633
 383 384 635 634
 384 385 636 635
 385 386 637 636
 386 387 638 637
 387 388 639 638
 388 389 640 639
 389 390 641 640
 390 391 642 641
 391 392 643 642
 392 393 644 643
 393 394 645 644
 394 395 646 645
 395 396 647 646
 396 397 648 647
 397 398 649 648
 398 399 650 649
 399 400 651 650
 400 401 652 651
 401 402 653 652
 402 403 654 653
 403 404 655 654
 404 405 656 655
 405 406 657 656
 406 407 658 657
 407 408 659 658
 408 409 660 659
 409 410 661 660
 410 411 662 661
 411 412 663 662
 412 413 664 663
 413 414 665 664
 414 415 666 665
 415 416 667 666
 416 417 668 667
 417 418 669 668
 418 419 670 669
 419 420 671 670
 420 421 672 671
 421 422 673 672
 422 423 674 673
 423 424 675 674
 424 425 676 675
 425 426 677 676
 426 427 678 677
 427 428 679 678
 428 429 680 679
 429 430 681 680
 430 431 682 681
 431 432 683 682
 432 433 684 683
 433 434 685 684
 434 435 686 685
 435 436 687 686
 436 437 688 687
 437 438 689 688
 438 439 690 689
 439 440 691 690
 440 441 692 691
 441 442 693 692
 442 443 694 693
 443 444 695 694
 444 445 696 695
 445 446 697 696
 446 447 698 697
 447 448 699 698
 448 449 700 699
 449 450 701 700
 450 451 702 701
 451 452 703 702
 452 453 704 703
 453 454 705 704
 454 455 706 705
 455 456 707 706
 456 457 708 707
 457 458 709 708
 458 459 710 709
 459 460 711 710
 460 461 712 711
 461 462 713 712
 462 463 714 713
 463 464 715 714
 464 465 716 715
 465 466 717 716
 466 467 718 717
 467 468 719 718
 468 469 720 719
 469 470 721 720
 470 471 722 721
 471 472 723 722
 472 473 724 723
 473 474 725 724
 474 475 726 725
 475 476 727 726
 476 477 728 727
 477 478 729 728
 478 479 730 729
 479 480 731 730
 480 481 732 731
 481 482 733 732
 482 483 734 733
 483 484 735 734
 484 485 736 735
 485 486 737 736
 486 487 738 737
 487 488 739 738
 488 489 740 739
 489 490 741 740
 490 491 742 741
 491 492 743 742
 492 493 744 743
 493 494 745 744
 494 495 746 745
 495 496 747 746
 496 497 748 747
 497 498 749 748
 498 499 750 749
 499 500 751 750
 500 501 752 751
 </DataArray>
 <DataArray type="Int32" Name="offsets" format="ascii">
 4
 8
 12
 16
 20
 24
 28
 32
 36
 40
 44
 48
 52
 56
 60
 64
 68
 72
 76
 80
 84
 88
 92
 96
 100
 104
 108
 112
 116
 120
 124
 128
 132
 136
 140
 144
 148
 152
 156
 160
 164
 168
 172
 176
 180
 184
 188
 192
 196
 200
 204
 208
 212
 216
 220
 224
 228
 232
 236
 240
 244
 248
 252
 256
 260
 264
 268
 272
 276
 280
 284
 288
 292
 296
 300
 304
 308
 312
 316
 320
 324
 328
 332
 336
 340
 344
 348
 352
 356
 360
 364
 368
 372
 376
 380
 384
 388
 392
 396
 400
 404
 408
 412
 416
 420
 424
 428
 432
 436
 440
 444
 448
 452
 456
 460
 464
 468
 472
 476
 480
 484
 488
 492
 496
 500
 504
 508
 512
 516
 520
 524
 528
 532
 536
 540
 544
 548
 552
 556
 560
 564
 568
 572
 576
 580
 584
 588
 592
 596
 600
 604
 608
 612
 616
 620
 624
 628
 632
 636
 640
 644
 648
 652
 656
 660
 664
 668
 672
 676
 680
 684
 688
 692
 696
 700
 704
 708
 712
 716
 720
 724
 728
 732
 736
 740
 744
 748
 752
 756
 760
 764
 768
 772
 776
 780
 784
 788
 792
 796
 800
 804
 808
 812
 816
 820
 824
 828
 832
 836
 840
 844
 848
 852
 856
 860
 864
 868
 872
 876
 880
 884
 888
 892
 896
 900
 904
 908
 912
 916
 920
 924
 928
 932
 936
 940
 944
 948
 952
 956
 960
 964
 968
 972
 976
 980
 984
 988
 992
 996
 1000
 1004
 1008
 1012
 1016
 1020
 1024
 1028
 1032
 1036
 1040
 1044
 1048
 1052
 1056
 1060
 1064
 1068
 1072
 1076
 1080
 1084
 1088
 1092
 1096
 1100
 1104
 1108
 1112
 1116
 1120
 1124
 1128
 1132
 1136
 1140
 1144
 1148
 1152
 1156
 1160
 1164
 1168
 1172
 1176
 1180
 1184
 1188
 1192
 1196
 1200
 1204
 1208
 1212
 1216
 1220
 1224
 1228
 1232
 1236
 1240
 1244
 1248
 1252
 1256
 1260
 1264
 1268
 1272
 1276
 1280
 1284
 1288
 1292
 1296
 1300
 1304
 1308
 1312
 1316
 1320
 1324
 1328
 1332
 1336
 1340
 1344
 1348
 1352
 1356
 1360
 1364
 1368
 1372
 1376
 1380
 1384
 1388
 1392
 1396
 1400
 1404
 1408
 1412
 1416
 1420
 1424
 1428
 1432
 1436
 1440
 1444
 1448
 1452
 1456
 1460
 1464
 1468
 1472
 1476
 1480
 1484
 1488
 1492
 1496
 1500
 1504
 1508
 1512
 1516
 1520
 1524
 1528
 1532
 1536
 1540
 1544
 1548
 1552
 1556
 1560
 1564
 1568
 1572
 1576
 1580
 1584
 1588
 1592
 1596
 1600
 1604
 1608
 1612
 1616
 1620
 1624
 1628
 1632
 1636
 1640
 1644
 1648
 1652
 1656
 1660
 1664
 1668
 1672
 1676
 1680
 1684
 1688
 1692
 1696
 1700
 1704
 1708
 1712
 1716
 1720
 1724
 1728
 1732
 1736
 1740
 1744
 1748
 1752
 1756
 1760
 1764
 1768
 1772
 1776
 1780
 1784
 1788
 1792
 1796
 1800
 1804
 1808
 1812
 1816
 1820
 1824
 1828
 1832
 1836
 1840
 1844
 1848
 1852
 1856
 1860
 1864
 1868
 1872
 1876
 1880
 1884
 1888
 1892
 1896
 1900
 1904
 1908
 1912
 1916
 1920
 1924
 1928
 1932
 1936
 1940
 1944
 1948
 1952
 1956
 1960
 1964
 1968
 1972
 1976
 1980
 1984
 1988
 1992
 1996
 2000
 </DataArray>
 <DataArray type="UInt8" Name="types" format="ascii">
 9
 9
 9
 9
 9
 9
 9
 9
 9
 9
 9
 9
 9
 9
 9
 9
 9
 9
 9
 9
 9
 9
 9
 9
 9
 9
 9
 9
 9
 9
 9
 9
 9
 9
 9
 9
 9
 9
 9
 9
 9
 9
 9
 9
 9
 9
 9
 9
 9
 9
 9
 9
 9
 9
 9
 9
 9
 9
 9
 9
 9
 9
 9
 9
 9
 9
 9
 9
 9
 9
 9
 9
 9
 9
 9
 9
 9
 9
 9
 9
 9
 9
 9
 9
 9
 9
 9
 9
 9
 9
 9
 9
 9
 9
 9
 9
 9
 9
 9
 9
 9
 9
 9
 9
 9
 9
 9
 9
 9
 9
 9
 9
 9
 9
 9
 9
 9
 9
 9
 9
 9
 9
 9
 9
 9
 9
 9
 9
 9
 9
 9
 9
 9
 9
 9
 9
 9
 9
 9
 9
 9
 9
 9
 9
 9
 9
 9
 9
 9
 9
 9
 9
 9
 9
 9
 9
 9
 9
 9
 9
 9
 9
 9
 9
 9
 9
 9
 9
 9
 9
 9
 9
 9
 9
 9
 9
 9
 9
 9
 9
 9
 9
 9
 9
 9
 9
 9
 9
 9
 9
 9
 9
 9
 9
 9
 9
 9
 9
 9
 9
 9
 9
 9
 9
 9
 9
 9
 9
 9
 9
 9
 9
 9
 9
 9
 9
 9
 9
 9
 9
 9
 9
 9
 9
 9
 9
 9
 9
 9
 9
 9
 9
 9
 9
 9
 9
 9
 9
 9
 9
 9
 9
 9
 9
 9
 9
 9
 9
 9
 9
 9
 9
 9
 9
 9
 9
 9
 9
 9
 9
 9
 9
 9
 9
 9
 9
 9
 9
 9
 9
 9
 9
 9
 9
 9
 9
 9
 9
 9
 9
 9
 9
 9
 9
 9
 9
 9
 9
 9
 9
 9
 9
 9
 9
 9
 9
 9
 9
 9
 9
 9
 9
 9
 9
 9
 9
 9
 9
 9
 9
 9
 9
 9
 9
 9
 9
 9
 9
 9
 9
 9
 9
 9
 9
 9
 9
 9
 9
 9
 9
 9
 9
 9
 9
 9
 9
 9
 9
 9
 9
 9
 9
 9
 9
 9
 9
 9
 9
 9
 9
 9
 9
 9
 9
 9
 9
 9
 9
 9
 9
 9
 9
 9
 9
 9
 9
 9
 9
 9
 9
 9
 9
 9
 9
 9
 9
 9
 9
 9
 9
 9
 9
 9
 9
 9
 9
 9
 9
 9
 9
 9
 9
 9
 9
 9
 9
 9
 9
 9
 9
 9
 9
 9
 9
 9
 9
 9
 9
 9
 9
 9
 9
 9
 9
 9
 9
 9
 9
 9
 9
 9
 9
 9
 9
 9
 9
 9
 9
 9
 9
 9
 9
 9
 9
 9
 9
 9
 9
 9
 9
 9
 9
 9
 9
 9
 9
 9
 9
 9
 9
 9
 9
 9
 9
 9
 9
 9
 9
 9
 9
 9
 9
 9
 9
 9
 9
 9
 9
 9
 9
 9
 9
 9
 9
 9
 9
 9
 9
 9
 9
 9
 9
 9
 9
 9
 9
 9
 9
 9
 9
 9
 9
 9
 9
 9
 9
 9
 9
 9
 9
 </DataArray>
</Cells>
<CellData>
 <DataArray Name="pos.x" type="Float32" NumberOfComponents="1" format="ascii">
 4.877750000000007802e+00
 4.883250000000133539e+00
 4.888750000000440465e+00
 4.894249999999761513e+00
 4.899750000000066663e+00
 4.905249999999475641e+00
 4.910750000000456694e+00
 4.916249999999513065e+00
 4.921749999999710745e+00
 4.927250000000405805e+00
 4.932750000000289070e+00
 4.938250000000236284e+00
 4.943750000000105338e+00
 4.949249999999554284e+00
 4.954750000000385235e+00
 4.960249999999374992e+00
 4.965750000000511477e+00
 4.971249999999345803e+00
 4.976750000000137675e+00
 4.982250000000481016e+00
 4.987750000000101380e+00
 4.993250000000180044e+00
 4.998749999999859028e+00
 5.004249999999873744e+00
 5.009750000000360082e+00
 5.015249999999909392e+00
 5.020749999999303270e+00
 5.026250000000347384e+00
 5.031750000000357659e+00
 5.037249999999558803e+00
 5.042750000000254751e+00
 5.048249999999722348e+00
 5.053749999999669562e+00
 5.059249999999616776e+00
 5.064749999999833996e+00
 5.070250000000804391e+00
 5.075750000000970097e+00
 5.081249999998700417e+00
 5.086750000000819227e+00
 5.092250000000378307e+00
 5.097750000000056403e+00
 5.103249999999196262e+00
 5.108749999999905533e+00
 5.114249999999672447e+00
 5.119750000000835577e+00
 5.125249999999524242e+00
 5.130750000000237954e+00
 5.136250000000226024e+00
 5.141749999999327692e+00
 5.147250000000928694e+00
 5.152749999998992081e+00
 5.158250000000518476e+00
 5.163749999999424745e+00
 5.169250000000448431e+00
 5.174750000001107075e+00
 5.180249999998789434e+00
 5.185750000000500570e+00
 5.191249999999699938e+00
 5.196749999999916270e+00
 5.202249999999595254e+00
 5.207750000000324064e+00
 5.213250000000027917e+00
 5.218750000000221156e+00
 5.224249999999922345e+00
 5.229750000000656485e+00
 5.235249999999817661e+00
 5.240749999999495756e+00
 5.246250000000232561e+00
 5.251749999999912433e+00
 5.257250000000159851e+00
 5.262749999999794426e+00
 5.268250000000040068e+00
 5.273749999999718163e+00
 5.279250000000462073e+00
 5.284750000000141057e+00
 5.290249999999836916e+00
 5.295749999999499913e+00
 5.301249999999724238e+00
 5.306750000000473477e+00
 5.312250000000156902e+00
 5.317750000000367017e+00
 5.323250000000053106e+00
 5.328750000000267661e+00
 5.334249999999946645e+00
 5.339750000000162977e+00
 5.345249999999303725e+00
 5.350750000000065398e+00
 5.356249999999726619e+00
 5.361749999999964267e+00
 5.367250000000714394e+00
 5.372749999999309800e+00
 5.378250000000602604e+00
 5.383749999999752234e+00
 5.389249999999958796e+00
 5.394749999999636891e+00
 5.400249999999854111e+00
 5.405750000000084654e+00
 5.411250000000286775e+00
 5.416749999999426635e+00
 5.422250000000199854e+00
 5.427750000000435726e+00
 5.433249999999496538e+00
 5.438750000000335483e+00
 5.444249999999432710e+00
 5.449750000000187278e+00
 5.455249999999890242e+00
 5.460750000000646587e+00
 5.466249999999733156e+00
 5.471750000000571212e+00
 5.477249999999655117e+00
 5.482750000000439883e+00
 5.488250000000088669e+00
 5.493749999998722267e+00
 5.499249999999948457e+00
 5.504750000000234067e+00
 5.510250000000452175e+00
 5.515750000000094744e+00
 5.521249999999772839e+00
 5.526750000000067331e+00
 5.532250000000164647e+00
 5.537749999999925343e+00
 5.543250000000680799e+00
 5.548749999999778915e+00
 5.554249999999457010e+00
 5.559750000000796000e+00
 5.565249999999889674e+00
 5.570750000000154856e+00
 5.576250000000323226e+00
 5.581750000000051060e+00
 5.587249999999679417e+00
 5.592749999999895749e+00
 5.598249999999574733e+00
 5.603750000000438547e+00
 5.609249999998819014e+00
 5.614750000000932495e+00
 5.620249999999901824e+00
 5.625750000000119044e+00
 5.631250000000394884e+00
 5.636749999998398764e+00
 5.642250000001306276e+00
 5.647749999999433612e+00
 5.653249999999586883e+00
 5.658750000000407177e+00
 5.664250000000019547e+00
 5.669750000000371770e+00
 5.675250000000382933e+00
 5.680749999999662236e+00
 5.686249999999271054e+00
 5.691749999999487386e+00
 5.697250000000241954e+00
 5.702750000001758579e+00
 5.708249999999446267e+00
 5.713750000001045493e+00
 5.719250000000109857e+00
 5.724749999999709793e+00
 5.730250000000464361e+00
 5.735749999998527748e+00
 5.741250000000441389e+00
 5.746750000000037772e+00
 5.752249999999715868e+00
 5.757750000000556589e+00
 5.763250000000322615e+00
 5.768749999998574296e+00
 5.774249999999683247e+00
 5.779750000000260179e+00
 5.785250000000476511e+00
 5.790750000000246978e+00
 5.796249999999926850e+00
 5.801749999999953999e+00
 5.807249999999918977e+00
 5.812749999999944350e+00
 5.818250000000797506e+00
 5.823749999999839666e+00
 5.829249999999617238e+00
 5.834749999999631953e+00
 5.840249999999514330e+00
 5.845750000001347146e+00
 5.851249999999845741e+00
 5.856749999999523837e+00
 5.862249999999953332e+00
 5.867749999999848143e+00
 5.873249999999743842e+00
 5.878750000000500187e+00
 5.884250000000068148e+00
 5.889749999999746244e+00
 5.895250000000076263e+00
 5.900749999999640671e+00
 5.906250000000511591e+00
 5.911750000000612459e+00
 5.917249999999332211e+00
 5.922750000000506887e+00
 5.928249999999108510e+00
 5.933749999999325730e+00
 5.939250000000862784e+00
 5.944749999998434120e+00
 5.950250000000886885e+00
 5.955749999999652822e+00
 5.961250000000946514e+00
 5.966750000000214271e+00
 5.972249999998149761e+00
 5.977750000001057273e+00
 5.983249999999252111e+00
 5.988750000000414353e+00
 5.994249999999687439e+00
 5.999750000000308781e+00
 6.005249999999584531e+00
 6.010750000001280569e+00
 6.016249999998266595e+00
 6.021750000000237080e+00
 6.027250000000314856e+00
 6.032749999999992951e+00
 6.038250000001174733e+00
 6.043749999999062261e+00
 6.049250000000931493e+00
 6.054749999999244459e+00
 6.060249999999460790e+00
 6.065749999999677122e+00
 6.071250000000580904e+00
 6.076750000000110674e+00
 6.082249999999939760e+00
 6.087750000000005102e+00
 6.093250000000913325e+00
 6.098749999998823057e+00
 6.104250000000116749e+00
 6.109750000001027637e+00
 6.115249999999092800e+00
 6.120750000001144109e+00
 6.126250000000764473e+00
 6.131749999999046352e+00
 6.137250000000339156e+00
 6.142750000000718913e+00
 6.148250000000397897e+00
 6.153749999999207354e+00
 6.159249999999756753e+00
 6.164749999999268759e+00
 6.170250000001268553e+00
 6.175749999999163187e+00
 6.181250000001337064e+00
 6.186749999999422656e+00
 6.192249999999448029e+00
 6.197750000000741721e+00
 6.203250000000245734e+00
 6.208749999999923830e+00
 6.214250000000496321e+00
 6.219749999998922085e+00
 6.225250000000395190e+00
 6.230750000000432998e+00
 6.236249999998853433e+00
 6.241750000000147125e+00
 6.247250000000009074e+00
 4.877750000000007802e+00
 4.883250000000133539e+00
 4.888750000000440465e+00
 4.894249999999761513e+00
 4.899750000000066663e+00
 4.905249999999475641e+00
 4.910750000000456694e+00
 4.916249999999513065e+00
 4.921749999999710745e+00
 4.927250000000405805e+00
 4.932750000000289070e+00
 4.938250000000236284e+00
 4.943750000000105338e+00
 4.949249999999554284e+00
 4.954750000000385235e+00
 4.960249999999374992e+00
 4.965750000000511477e+00
 4.971249999999345803e+00
 4.976750000000137675e+00
 4.982250000000481016e+00
 4.987750000000101380e+00
 4.993250000000180044e+00
 4.998749999999859028e+00
 5.004249999999873744e+00
 5.009750000000360082e+00
 5.015249999999909392e+00
 5.020749999999303270e+00
 5.026250000000347384e+00
 5.031750000000626777e+00
 5.037249999999827921e+00
 5.042750000000254751e+00
 5.048249999999722348e+00
 5.053749999999669562e+00
 5.059249999999616776e+00
 5.064749999999295760e+00
 5.070250000000266155e+00
 5.075750000000970097e+00
 5.081249999998700417e+00
 5.086750000000819227e+00
 5.092250000000378307e+00
 5.097750000000056403e+00
 5.103249999999196262e+00
 5.108749999999905533e+00
 5.114249999999672447e+00
 5.119750000000835577e+00
 5.125249999999524242e+00
 5.130750000000237954e+00
 5.136250000000226024e+00
 5.141749999999327692e+00
 5.147250000000928694e+00
 5.152749999998992081e+00
 5.158250000000518476e+00
 5.163749999999424745e+00
 5.169250000000448431e+00
 5.174750000001107075e+00
 5.180249999998789434e+00
 5.185750000000500570e+00
 5.191249999999699938e+00
 5.196749999999916270e+00
 5.202249999999595254e+00
 5.207750000000324064e+00
 5.213250000000027917e+00
 5.218750000000221156e+00
 5.224249999999922345e+00
 5.229750000000656485e+00
 5.235249999999817661e+00
 5.240749999999495756e+00
 5.246250000000232561e+00
 5.251749999999912433e+00
 5.257250000000159851e+00
 5.262749999999794426e+00
 5.268250000000040068e+00
 5.273749999999718163e+00
 5.279250000000462073e+00
 5.284750000000141057e+00
 5.290249999999836916e+00
 5.295749999999499913e+00
 5.301249999999724238e+00
 5.306750000000473477e+00
 5.312250000000156902e+00
 5.317750000000367017e+00
 5.323250000000053106e+00
 5.328750000000267661e+00
 5.334249999999946645e+00
 5.339750000000162977e+00
 5.345249999999303725e+00
 5.350750000000065398e+00
 5.356249999999726619e+00
 5.361749999999964267e+00
 5.367250000000714394e+00
 5.372749999999309800e+00
 5.378250000000602604e+00
 5.383749999999752234e+00
 5.389249999999958796e+00
 5.394749999999636891e+00
 5.400249999999854111e+00
 5.405750000000084654e+00
 5.411250000000286775e+00
 5.416749999999426635e+00
 5.422250000000199854e+00
 5.427750000000435726e+00
 5.433249999999496538e+00
 5.438750000000335483e+00
 5.444249999999432710e+00
 5.449750000000187278e+00
 5.455249999999890242e+00
 5.460750000000646587e+00
 5.466249999999733156e+00
 5.471750000000571212e+00
 5.477249999999655117e+00
 5.482750000000439883e+00
 5.488250000000088669e+00
 5.493749999998722267e+00
 5.499249999999948457e+00
 5.504750000000234067e+00
 5.510250000000452175e+00
 5.515750000000094744e+00
 5.521249999999772839e+00
 5.526750000000067331e+00
 5.532250000000164647e+00
 5.537749999999925343e+00
 5.543250000000142563e+00
 5.548749999999240679e+00
 5.554249999999457010e+00
 5.559750000000796000e+00
 5.565249999999889674e+00
 5.570750000000154856e+00
 5.576250000000323226e+00
 5.581750000000051060e+00
 5.587249999999679417e+00
 5.592749999999895749e+00
 5.598249999999574733e+00
 5.603750000000438547e+00
 5.609249999999357250e+00
 5.614750000001470731e+00
 5.620249999999901824e+00
 5.625750000000119044e+00
 5.631250000000394884e+00
 5.636749999998398764e+00
 5.642250000001306276e+00
 5.647749999999433612e+00
 5.653249999999586883e+00
 5.658750000000407177e+00
 5.664250000000019547e+00
 5.669750000000371770e+00
 5.675250000000382933e+00
 5.680749999999662236e+00
 5.686249999999271054e+00
 5.691749999999487386e+00
 5.697250000000241954e+00
 5.702750000001220343e+00
 5.708249999998908031e+00
 5.713750000001045493e+00
 5.719249999999571621e+00
 5.724749999999171557e+00
 5.730250000000464361e+00
 5.735749999998527748e+00
 5.741250000000441389e+00
 5.746750000000037772e+00
 5.752249999999715868e+00
 5.757750000000556589e+00
 5.763250000000322615e+00
 5.768749999999112532e+00
 5.774250000000221483e+00
 5.779750000000260179e+00
 5.785250000000476511e+00
 5.790750000000246978e+00
 5.796249999999926850e+00
 5.801749999999953999e+00
 5.807249999999918977e+00
 5.812749999999944350e+00
 5.818250000000797506e+00
 5.823749999999839666e+00
 5.829249999999617238e+00
 5.834749999999631953e+00
 5.840249999999514330e+00
 5.845750000001347146e+00
 5.851249999999845741e+00
 5.856749999999523837e+00
 5.862249999999953332e+00
 5.867749999999848143e+00
 5.873249999999743842e+00
 5.878750000000500187e+00
 5.884250000000068148e+00
 5.889749999999746244e+00
 5.895250000000076263e+00
 5.900749999999640671e+00
 5.906250000000511591e+00
 5.911750000000612459e+00
 5.917249999999332211e+00
 5.922750000000506887e+00
 5.928249999999646747e+00
 5.933749999999863967e+00
 5.939250000000862784e+00
 5.944749999998972356e+00
 5.950250000001425121e+00
 5.955749999999652822e+00
 5.961250000000946514e+00
 5.966750000000214271e+00
 5.972249999998149761e+00
 5.977750000001057273e+00
 5.983249999999252111e+00
 5.988750000000414353e+00
 5.994249999999687439e+00
 5.999750000000308781e+00
 6.005249999999584531e+00
 6.010750000001280569e+00
 6.016249999998266595e+00
 6.021750000000237080e+00
 6.027250000000314856e+00
 6.032749999999992951e+00
 6.038250000001174733e+00
 6.043749999999062261e+00
 6.049250000000931493e+00
 6.054749999999244459e+00
 6.060249999999460790e+00
 6.065749999999677122e+00
 6.071250000000580904e+00
 6.076750000000110674e+00
 6.082249999999939760e+00
 6.087750000000005102e+00
 6.093250000000913325e+00
 6.098749999998823057e+00
 6.104249999999578513e+00
 6.109750000000489401e+00
 6.115249999999092800e+00
 6.120750000000067637e+00
 6.126249999999688001e+00
 6.131749999999046352e+00
 6.137250000000339156e+00
 6.142750000000718913e+00
 6.148250000000397897e+00
 6.153749999999207354e+00
 6.159249999999756753e+00
 6.164749999999268759e+00
 6.170250000001268553e+00
 6.175749999999163187e+00
 6.181250000001337064e+00
 6.186749999999422656e+00
 6.192249999999448029e+00
 6.197750000000741721e+00
 6.203250000000245734e+00
 6.208749999999923830e+00
 6.214249999999958085e+00
 6.219749999998383849e+00
 6.225250000000395190e+00
 6.230750000001509470e+00
 6.236249999999929905e+00
 6.241750000000147125e+00
 6.247250000000009074e+00
 </DataArray>
 <DataArray Name="pos.y" type="Float32" NumberOfComponents="1" format="ascii">
 2.500000000000000833e-02
 2.500000000000101794e-02
 2.500000000000000833e-02
 2.500000000000101794e-02
 2.500000000000000833e-02
 2.499999999999866218e-02
 2.499999999999984179e-02
 2.499999999999950526e-02
 2.499999999999916178e-02
 2.500000000000185407e-02
 2.500000000000000833e-02
 2.500000000000000833e-02
 2.500000000000101794e-02
 2.499999999999849565e-02
 2.500000000000151754e-02
 2.499999999999950526e-02
 2.500000000000000833e-02
 2.499999999999849565e-02
 2.500000000000000833e-02
 2.500000000000202754e-02
 2.499999999999899525e-02
 2.500000000000101794e-02
 2.500000000000101794e-02
 2.500000000000000833e-02
 2.500000000000000833e-02
 2.499999999999933178e-02
 2.499999999999663949e-02
 2.500000000000202754e-02
 2.500000000000236408e-02
 2.499999999999866218e-02
 2.500000000000101794e-02
 2.500000000000000833e-02
 2.499999999999597336e-02
 2.500000000000000833e-02
 2.499999999999866218e-02
 2.500000000000236408e-02
 2.500000000000202754e-02
 2.499999999999663949e-02
 2.500000000000437983e-02
 2.500000000000000833e-02
 2.500000000000000833e-02
 2.499999999999597336e-02
 2.500000000000101794e-02
 2.499999999999899525e-02
 2.500000000000202754e-02
 2.500000000000000833e-02
 2.500000000000101794e-02
 2.500000000000000833e-02
 2.499999999999697950e-02
 2.500000000000404676e-02
 2.499999999999597336e-02
 2.500000000000101794e-02
 2.500000000000000833e-02
 2.500000000000000833e-02
 2.500000000000437983e-02
 2.499999999999663949e-02
 2.500000000000202754e-02
 2.499999999999731951e-02
 2.499999999999866218e-02
 2.500000000000000833e-02
 2.500000000000101794e-02
 2.500000000000000833e-02
 2.500000000000101794e-02
 2.500000000000000833e-02
 2.500000000000101794e-02
 2.500000000000000833e-02
 2.499999999999866218e-02
 2.500000000000236408e-02
 2.499999999999697950e-02
 2.500000000000168407e-02
 2.499999999999933178e-02
 2.500000000000000833e-02
 2.500000000000000833e-02
 2.500000000000101794e-02
 2.500000000000101794e-02
 2.499999999999899525e-02
 2.499999999999697950e-02
 2.500000000000000833e-02
 2.500000000000101794e-02
 2.500000000000000833e-02
 2.500000000000202754e-02
 2.499999999999899525e-02
 2.500000000000101794e-02
 2.500000000000101794e-02
 2.500000000000000833e-02
 2.500000000000000833e-02
 2.499999999999933178e-02
 2.499999999999663949e-02
 2.500000000000202754e-02
 2.500000000000236408e-02
 2.499999999999866218e-02
 2.500000000000000833e-02
 2.500000000000101794e-02
 2.500000000000000833e-02
 2.499999999999597336e-02
 2.500000000000000833e-02
 2.500000000000101794e-02
 2.500000000000000833e-02
 2.499999999999866218e-02
 2.500000000000236408e-02
 2.500000000000202754e-02
 2.499999999999663949e-02
 2.499999999999933178e-02
 2.500000000000000833e-02
 2.500000000000000833e-02
 2.500000000000101794e-02
 2.500000000000101794e-02
 2.499999999999899525e-02
 2.500000000000202754e-02
 2.500000000000000833e-02
 2.500000000000101794e-02
 2.500000000000000833e-02
 2.499999999999697950e-02
 2.499999999999899525e-02
 2.500000000000101794e-02
 2.500000000000101794e-02
 2.500000000000000833e-02
 2.500000000000000833e-02
 2.499999999999933178e-02
 2.500000000000168407e-02
 2.499999999999697950e-02
 2.500000000000236408e-02
 2.499999999999866218e-02
 2.500000000000000833e-02
 2.500000000000101794e-02
 2.500000000000000833e-02
 2.500000000000101794e-02
 2.500000000000000833e-02
 2.500000000000101794e-02
 2.500000000000000833e-02
 2.499999999999866218e-02
 2.499999999999731951e-02
 2.500000000000202754e-02
 2.499999999999663949e-02
 2.500000000000437983e-02
 2.500000000000000833e-02
 2.500000000000000833e-02
 2.500000000000101794e-02
 2.499999999999597336e-02
 2.500000000000404676e-02
 2.499999999999697950e-02
 2.500000000000000833e-02
 2.500000000000101794e-02
 2.500000000000000833e-02
 2.500000000000202754e-02
 2.499999999999899525e-02
 2.500000000000101794e-02
 2.499999999999597336e-02
 2.500000000000000833e-02
 2.500000000000000833e-02
 2.500000000000437983e-02
 2.499999999999663949e-02
 2.500000000000202754e-02
 2.500000000000236408e-02
 2.499999999999866218e-02
 2.500000000000000833e-02
 2.499999999999597336e-02
 2.500000000000101794e-02
 2.500000000000000833e-02
 2.499999999999866218e-02
 2.500000000000236408e-02
 2.500000000000202754e-02
 2.499999999999663949e-02
 2.499999999999933178e-02
 2.500000000000000833e-02
 2.500000000000000833e-02
 2.500000000000101794e-02
 2.500000000000101794e-02
 2.499999999999899525e-02
 2.500000000000202754e-02
 2.500000000000000833e-02
 2.500000000000101794e-02
 2.500000000000000833e-02
 2.499999999999697950e-02
 2.499999999999899525e-02
 2.500000000000101794e-02
 2.500000000000101794e-02
 2.500000000000000833e-02
 2.500000000000000833e-02
 2.499999999999933178e-02
 2.500000000000168407e-02
 2.499999999999697950e-02
 2.500000000000236408e-02
 2.499999999999866218e-02
 2.500000000000000833e-02
 2.500000000000101794e-02
 2.500000000000000833e-02
 2.500000000000101794e-02
 2.500000000000000833e-02
 2.500000000000101794e-02
 2.500000000000000833e-02
 2.499999999999866218e-02
 2.499999999999731951e-02
 2.500000000000202754e-02
 2.499999999999663949e-02
 2.500000000000437983e-02
 2.500000000000000833e-02
 2.500000000000000833e-02
 2.500000000000101794e-02
 2.499999999999597336e-02
 2.500000000000404676e-02
 2.499999999999697950e-02
 2.500000000000000833e-02
 2.500000000000101794e-02
 2.500000000000000833e-02
 2.499999999999697950e-02
 2.500000000000404676e-02
 2.499999999999597336e-02
 2.500000000000101794e-02
 2.500000000000000833e-02
 2.500000000000000833e-02
 2.500000000000437983e-02
 2.499999999999663949e-02
 2.500000000000202754e-02
 2.499999999999731951e-02
 2.499999999999866218e-02
 2.500000000000000833e-02
 2.500000000000101794e-02
 2.500000000000000833e-02
 2.500000000000101794e-02
 2.500000000000000833e-02
 2.500000000000101794e-02
 2.500000000000000833e-02
 2.499999999999866218e-02
 2.500000000000236408e-02
 2.499999999999697950e-02
 2.500000000000168407e-02
 2.499999999999933178e-02
 2.500000000000000833e-02
 2.500000000000000833e-02
 2.500000000000101794e-02
 2.500000000000101794e-02
 2.499999999999899525e-02
 2.499999999999697950e-02
 2.500000000000000833e-02
 2.500000000000101794e-02
 2.500000000000000833e-02
 2.500000000000202754e-02
 2.499999999999899525e-02
 2.500000000000101794e-02
 2.500000000000101794e-02
 2.500000000000000833e-02
 2.500000000000000833e-02
 2.499999999999933178e-02
 2.499999999999663949e-02
 2.500000000000202754e-02
 2.500000000000236408e-02
 2.499999999999866218e-02
 2.500000000000000833e-02
 2.500000000000101794e-02
 7.500000000000002498e-02
 7.500000000000306422e-02
 7.500000000000002498e-02
 7.500000000000306422e-02
 7.500000000000002498e-02
 7.499999999999329425e-02
 7.500000000000221767e-02
 7.499999999999852618e-02
 7.499999999999477918e-02
 7.500000000000826839e-02
 7.500000000000002498e-02
 7.500000000000002498e-02
 7.500000000000306422e-02
 7.499999999999548694e-02
 7.500000000000454914e-02
 7.499999999999852618e-02
 7.500000000000002498e-02
 7.499999999999548694e-02
 7.500000000000002498e-02
 7.500000000000608957e-02
 7.499999999999698574e-02
 7.500000000000306422e-02
 7.500000000000306422e-02
 7.500000000000002498e-02
 7.500000000000002498e-02
 7.500000000000070499e-02
 7.499999999998721578e-02
 7.500000000000608957e-02
 7.500000000000979494e-02
 7.499999999999329425e-02
 7.500000000000306422e-02
 7.500000000000002498e-02
 7.499999999998792355e-02
 7.500000000000002498e-02
 7.499999999999329425e-02
 7.500000000000979494e-02
 7.500000000000608957e-02
 7.499999999998721578e-02
 7.500000000001583178e-02
 7.500000000000002498e-02
 7.500000000000002498e-02
 7.499999999998792355e-02
 7.500000000000306422e-02
 7.499999999999698574e-02
 7.500000000000608957e-02
 7.500000000000002498e-02
 7.500000000000306422e-02
 7.500000000000002498e-02
 7.499999999999094891e-02
 7.500000000001214029e-02
 7.499999999998792355e-02
 7.500000000000306422e-02
 7.500000000000002498e-02
 7.500000000000002498e-02
 7.500000000001583178e-02
 7.499999999998721578e-02
 7.500000000000608957e-02
 7.499999999999465428e-02
 7.499999999999329425e-02
 7.500000000000002498e-02
 7.500000000000306422e-02
 7.500000000000002498e-02
 7.500000000000306422e-02
 7.500000000000002498e-02
 7.500000000000306422e-02
 7.500000000000002498e-02
 7.499999999999329425e-02
 7.500000000000979494e-02
 7.499999999999094891e-02
 7.500000000000235645e-02
 7.500000000000070499e-02
 7.500000000000002498e-02
 7.500000000000002498e-02
 7.500000000000306422e-02
 7.500000000000306422e-02
 7.499999999999698574e-02
 7.499999999999094891e-02
 7.500000000000002498e-02
 7.500000000000306422e-02
 7.500000000000002498e-02
 7.500000000000608957e-02
 7.499999999999698574e-02
 7.500000000000306422e-02
 7.500000000000306422e-02
 7.500000000000002498e-02
 7.500000000000002498e-02
 7.500000000000070499e-02
 7.499999999998721578e-02
 7.500000000000608957e-02
 7.500000000000979494e-02
 7.499999999999329425e-02
 7.500000000000002498e-02
 7.500000000000306422e-02
 7.500000000000002498e-02
 7.499999999998792355e-02
 7.500000000000002498e-02
 7.500000000000306422e-02
 7.500000000000002498e-02
 7.499999999999329425e-02
 7.500000000000979494e-02
 7.500000000000608957e-02
 7.499999999998721578e-02
 7.500000000000070499e-02
 7.500000000000002498e-02
 7.500000000000002498e-02
 7.500000000000306422e-02
 7.500000000000306422e-02
 7.499999999999698574e-02
 7.500000000000608957e-02
 7.500000000000002498e-02
 7.500000000000306422e-02
 7.500000000000002498e-02
 7.499999999999094891e-02
 7.499999999999698574e-02
 7.500000000000306422e-02
 7.500000000000306422e-02
 7.500000000000002498e-02
 7.500000000000002498e-02
 7.500000000000070499e-02
 7.500000000000235645e-02
 7.499999999999094891e-02
 7.500000000000979494e-02
 7.499999999999329425e-02
 7.500000000000002498e-02
 7.500000000000306422e-02
 7.500000000000002498e-02
 7.500000000000306422e-02
 7.500000000000002498e-02
 7.500000000000306422e-02
 7.500000000000002498e-02
 7.499999999999329425e-02
 7.499999999999465428e-02
 7.500000000000608957e-02
 7.499999999998721578e-02
 7.500000000001583178e-02
 7.500000000000002498e-02
 7.500000000000002498e-02
 7.500000000000306422e-02
 7.499999999998792355e-02
 7.500000000001214029e-02
 7.499999999999094891e-02
 7.500000000000002498e-02
 7.500000000000306422e-02
 7.500000000000002498e-02
 7.500000000000608957e-02
 7.499999999999698574e-02
 7.500000000000306422e-02
 7.499999999998792355e-02
 7.500000000000002498e-02
 7.500000000000002498e-02
 7.500000000001583178e-02
 7.499999999998721578e-02
 7.500000000000608957e-02
 7.500000000000979494e-02
 7.499999999999329425e-02
 7.500000000000002498e-02
 7.499999999998792355e-02
 7.500000000000306422e-02
 7.500000000000002498e-02
 7.499999999999329425e-02
 7.500000000000979494e-02
 7.500000000000608957e-02
 7.499999999998721578e-02
 7.500000000000070499e-02
 7.500000000000002498e-02
 7.500000000000002498e-02
 7.500000000000306422e-02
 7.500000000000306422e-02
 7.499999999999698574e-02
 7.500000000000608957e-02
 7.500000000000002498e-02
 7.500000000000306422e-02
 7.500000000000002498e-02
 7.499999999999094891e-02
 7.499999999999698574e-02
 7.500000000000306422e-02
 7.500000000000306422e-02
 7.500000000000002498e-02
 7.500000000000002498e-02
 7.500000000000070499e-02
 7.500000000000235645e-02
 7.499999999999094891e-02
 7.500000000000979494e-02
 7.499999999999329425e-02
 7.500000000000002498e-02
 7.500000000000306422e-02
 7.500000000000002498e-02
 7.500000000000306422e-02
 7.500000000000002498e-02
 7.500000000000306422e-02
 7.500000000000002498e-02
 7.499999999999329425e-02
 7.499999999999465428e-02
 7.500000000000608957e-02
 7.499999999998721578e-02
 7.500000000001583178e-02
 7.500000000000002498e-02
 7.500000000000002498e-02
 7.500000000000306422e-02
 7.499999999998792355e-02
 7.500000000001214029e-02
 7.499999999999094891e-02
 7.500000000000002498e-02
 7.500000000000306422e-02
 7.500000000000002498e-02
 7.499999999999094891e-02
 7.500000000001214029e-02
 7.499999999998792355e-02
 7.500000000000306422e-02
 7.500000000000002498e-02
 7.500000000000002498e-02
 7.500000000001583178e-02
 7.499999999998721578e-02
 7.500000000000608957e-02
 7.499999999999465428e-02
 7.499999999999329425e-02
 7.500000000000002498e-02
 7.500000000000306422e-02
 7.500000000000002498e-02
 7.500000000000306422e-02
 7.500000000000002498e-02
 7.500000000000306422e-02
 7.500000000000002498e-02
 7.499999999999329425e-02
 7.500000000000979494e-02
 7.499999999999094891e-02
 7.500000000000235645e-02
 7.500000000000070499e-02
 7.500000000000002498e-02
 7.500000000000002498e-02
 7.500000000000306422e-02
 7.500000000000306422e-02
 7.499999999999698574e-02
 7.499999999999094891e-02
 7.500000000000002498e-02
 7.500000000000306422e-02
 7.500000000000002498e-02
 7.500000000000608957e-02
 7.499999999999698574e-02
 7.500000000000306422e-02
 7.500000000000306422e-02
 7.500000000000002498e-02
 7.500000000000002498e-02
 7.500000000000070499e-02
 7.499999999998721578e-02
 7.500000000000608957e-02
 7.500000000000979494e-02
 7.499999999999329425e-02
 7.500000000000002498e-02
 7.500000000000306422e-02
 </DataArray>
 <DataArray Name="pos.z" type="Float32" NumberOfComponents="1" format="ascii">
 0.000000000000000000e+00
 0.000000000000000000e+00
 0.000000000000000000e+00
 0.000000000000000000e+00
 0.000000000000000000e+00
 0.000000000000000000e+00
 0.000000000000000000e+00
 0.000000000000000000e+00
 0.000000000000000000e+00
 0.000000000000000000e+00
 0.000000000000000000e+00
 0.000000000000000000e+00
 0.000000000000000000e+00
 0.000000000000000000e+00
 0.000000000000000000e+00
 0.000000000000000000e+00
 0.000000000000000000e+00
 0.000000000000000000e+00
 0.000000000000000000e+00
 0.000000000000000000e+00
 0.000000000000000000e+00
 0.000000000000000000e+00
 0.000000000000000000e+00
 0.000000000000000000e+00
 0.000000000000000000e+00
 0.000000000000000000e+00
 0.000000000000000000e+00
 0.000000000000000000e+00
 0.000000000000000000e+00
 0.000000000000000000e+00
 0.000000000000000000e+00
 0.000000000000000000e+00
 0.000000000000000000e+00
 0.000000000000000000e+00
 0.000000000000000000e+00
 0.000000000000000000e+00
 0.000000000000000000e+00
 0.000000000000000000e+00
 0.000000000000000000e+00
 0.000000000000000000e+00
 0.000000000000000000e+00
 0.000000000000000000e+00
 0.000000000000000000e+00
 0.000000000000000000e+00
 0.000000000000000000e+00
 0.000000000000000000e+00
 0.000000000000000000e+00
 0.000000000000000000e+00
 0.000000000000000000e+00
 0.000000000000000000e+00
 0.000000000000000000e+00
 0.000000000000000000e+00
 0.000000000000000000e+00
 0.000000000000000000e+00
 0.000000000000000000e+00
 0.000000000000000000e+00
 0.000000000000000000e+00
 0.000000000000000000e+00
 0.000000000000000000e+00
 0.000000000000000000e+00
 0.000000000000000000e+00
 0.000000000000000000e+00
 0.000000000000000000e+00
 0.000000000000000000e+00
 0.000000000000000000e+00
 0.000000000000000000e+00
 0.000000000000000000e+00
 0.000000000000000000e+00
 0.000000000000000000e+00
 0.000000000000000000e+00
 0.000000000000000000e+00
 0.000000000000000000e+00
 0.000000000000000000e+00
 0.000000000000000000e+00
 0.000000000000000000e+00
 0.000000000000000000e+00
 0.000000000000000000e+00
 0.000000000000000000e+00
 0.000000000000000000e+00
 0.000000000000000000e+00
 0.000000000000000000e+00
 0.000000000000000000e+00
 0.000000000000000000e+00
 0.000000000000000000e+00
 0.000000000000000000e+00
 0.000000000000000000e+00
 0.000000000000000000e+00
 0.000000000000000000e+00
 0.000000000000000000e+00
 0.000000000000000000e+00
 0.000000000000000000e+00
 0.000000000000000000e+00
 0.000000000000000000e+00
 0.000000000000000000e+00
 0.000000000000000000e+00
 0.000000000000000000e+00
 0.000000000000000000e+00
 0.000000000000000000e+00
 0.000000000000000000e+00
 0.000000000000000000e+00
 0.000000000000000000e+00
 0.000000000000000000e+00
 0.000000000000000000e+00
 0.000000000000000000e+00
 0.000000000000000000e+00
 0.000000000000000000e+00
 0.000000000000000000e+00
 0.000000000000000000e+00
 0.000000000000000000e+00
 0.000000000000000000e+00
 0.000000000000000000e+00
 0.000000000000000000e+00
 0.000000000000000000e+00
 0.000000000000000000e+00
 0.000000000000000000e+00
 0.000000000000000000e+00
 0.000000000000000000e+00
 0.000000000000000000e+00
 0.000000000000000000e+00
 0.000000000000000000e+00
 0.000000000000000000e+00
 0.000000000000000000e+00
 0.000000000000000000e+00
 0.000000000000000000e+00
 0.000000000000000000e+00
 0.000000000000000000e+00
 0.000000000000000000e+00
 0.000000000000000000e+00
 0.000000000000000000e+00
 0.000000000000000000e+00
 0.000000000000000000e+00
 0.000000000000000000e+00
 0.000000000000000000e+00
 0.000000000000000000e+00
 0.000000000000000000e+00
 0.000000000000000000e+00
 0.000000000000000000e+00
 0.000000000000000000e+00
 0.000000000000000000e+00
 0.000000000000000000e+00
 0.000000000000000000e+00
 0.000000000000000000e+00
 0.000000000000000000e+00
 0.000000000000000000e+00
 0.000000000000000000e+00
 0.000000000000000000e+00
 0.000000000000000000e+00
 0.000000000000000000e+00
 0.000000000000000000e+00
 0.000000000000000000e+00
 0.000000000000000000e+00
 0.000000000000000000e+00
 0.000000000000000000e+00
 0.000000000000000000e+00
 0.000000000000000000e+00
 0.000000000000000000e+00
 0.000000000000000000e+00
 0.000000000000000000e+00
 0.000000000000000000e+00
 0.000000000000000000e+00
 0.000000000000000000e+00
 0.000000000000000000e+00
 0.000000000000000000e+00
 0.000000000000000000e+00
 0.000000000000000000e+00
 0.000000000000000000e+00
 0.000000000000000000e+00
 0.000000000000000000e+00
 0.000000000000000000e+00
 0.000000000000000000e+00
 0.000000000000000000e+00
 0.000000000000000000e+00
 0.000000000000000000e+00
 0.000000000000000000e+00
 0.000000000000000000e+00
 0.000000000000000000e+00
 0.000000000000000000e+00
 0.000000000000000000e+00
 0.000000000000000000e+00
 0.000000000000000000e+00
 0.000000000000000000e+00
 0.000000000000000000e+00
 0.000000000000000000e+00
 0.000000000000000000e+00
 0.000000000000000000e+00
 0.000000000000000000e+00
 0.000000000000000000e+00
 0.000000000000000000e+00
 0.000000000000000000e+00
 0.000000000000000000e+00
 0.000000000000000000e+00
 0.000000000000000000e+00
 0.000000000000000000e+00
 0.000000000000000000e+00
 0.000000000000000000e+00
 0.000000000000000000e+00
 0.000000000000000000e+00
 0.000000000000000000e+00
 0.000000000000000000e+00
 0.000000000000000000e+00
 0.000000000000000000e+00
 0.000000000000000000e+00
 0.000000000000000000e+00
 0.000000000000000000e+00
 0.000000000000000000e+00
 0.000000000000000000e+00
 0.000000000000000000e+00
 0.000000000000000000e+00
 0.000000000000000000e+00
 0.000000000000000000e+00
 0.000000000000000000e+00
 0.000000000000000000e+00
 0.000000000000000000e+00
 0.000000000000000000e+00
 0.000000000000000000e+00
 0.000000000000000000e+00
 0.000000000000000000e+00
 0.000000000000000000e+00
 0.000000000000000000e+00
 0.000000000000000000e+00
 0.000000000000000000e+00
 0.000000000000000000e+00
 0.000000000000000000e+00
 0.000000000000000000e+00
 0.000000000000000000e+00
 0.000000000000000000e+00
 0.000000000000000000e+00
 0.000000000000000000e+00
 0.000000000000000000e+00
 0.000000000000000000e+00
 0.000000000000000000e+00
 0.000000000000000000e+00
 0.000000000000000000e+00
 0.000000000000000000e+00
 0.000000000000000000e+00
 0.000000000000000000e+00
 0.000000000000000000e+00
 0.000000000000000000e+00
 0.000000000000000000e+00
 0.000000000000000000e+00
 0.000000000000000000e+00
 0.000000000000000000e+00
 0.000000000000000000e+00
 0.000000000000000000e+00
 0.000000000000000000e+00
 0.000000000000000000e+00
 0.000000000000000000e+00
 0.000000000000000000e+00
 0.000000000000000000e+00
 0.000000000000000000e+00
 0.000000000000000000e+00
 0.000000000000000000e+00
 0.000000000000000000e+00
 0.000000000000000000e+00
 0.000000000000000000e+00
 0.000000000000000000e+00
 0.000000000000000000e+00
 0.000000000000000000e+00
 0.000000000000000000e+00
 0.000000000000000000e+00
 0.000000000000000000e+00
 0.000000000000000000e+00
 0.000000000000000000e+00
 0.000000000000000000e+00
 0.000000000000000000e+00
 0.000000000000000000e+00
 0.000000000000000000e+00
 0.000000000000000000e+00
 0.000000000000000000e+00
 0.000000000000000000e+00
 0.000000000000000000e+00
 0.000000000000000000e+00
 0.000000000000000000e+00
 0.000000000000000000e+00
 0.000000000000000000e+00
 0.000000000000000000e+00
 0.000000000000000000e+00
 0.000000000000000000e+00
 0.000000000000000000e+00
 0.000000000000000000e+00
 0.000000000000000000e+00
 0.000000000000000000e+00
 0.000000000000000000e+00
 0.000000000000000000e+00
 0.000000000000000000e+00
 0.000000000000000000e+00
 0.000000000000000000e+00
 0.000000000000000000e+00
 0.000000000000000000e+00
 0.000000000000000000e+00
 0.000000000000000000e+00
 0.000000000000000000e+00
 0.000000000000000000e+00
 0.000000000000000000e+00
 0.000000000000000000e+00
 0.000000000000000000e+00
 0.000000000000000000e+00
 0.000000000000000000e+00
 0.000000000000000000e+00
 0.000000000000000000e+00
 0.000000000000000000e+00
 0.000000000000000000e+00
 0.000000000000000000e+00
 0.000000000000000000e+00
 0.000000000000000000e+00
 0.000000000000000000e+00
 0.000000000000000000e+00
 0.000000000000000000e+00
 0.000000000000000000e+00
 0.000000000000000000e+00
 0.000000000000000000e+00
 0.000000000000000000e+00
 0.000000000000000000e+00
 0.000000000000000000e+00
 0.000000000000000000e+00
 0.000000000000000000e+00
 0.000000000000000000e+00
 0.000000000000000000e+00
 0.000000000000000000e+00
 0.000000000000000000e+00
 0.000000000000000000e+00
 0.000000000000000000e+00
 0.000000000000000000e+00
 0.000000000000000000e+00
 0.000000000000000000e+00
 0.000000000000000000e+00
 0.000000000000000000e+00
 0.000000000000000000e+00
 0.000000000000000000e+00
 0.000000000000000000e+00
 0.000000000000000000e+00
 0.000000000000000000e+00
 0.000000000000000000e+00
 0.000000000000000000e+00
 0.000000000000000000e+00
 0.000000000000000000e+00
 0.000000000000000000e+00
 0.000000000000000000e+00
 0.000000000000000000e+00
 0.000000000000000000e+00
 0.000000000000000000e+00
 0.000000000000000000e+00
 0.000000000000000000e+00
 0.000000000000000000e+00
 0.000000000000000000e+00
 0.000000000000000000e+00
 0.000000000000000000e+00
 0.000000000000000000e+00
 0.000000000000000000e+00
 0.000000000000000000e+00
 0.000000000000000000e+00
 0.000000000000000000e+00
 0.000000000000000000e+00
 0.000000000000000000e+00
 0.000000000000000000e+00
 0.000000000000000000e+00
 0.000000000000000000e+00
 0.000000000000000000e+00
 0.000000000000000000e+00
 0.000000000000000000e+00
 0.000000000000000000e+00
 0.000000000000000000e+00
 0.000000000000000000e+00
 0.000000000000000000e+00
 0.000000000000000000e+00
 0.000000000000000000e+00
 0.000000000000000000e+00
 0.000000000000000000e+00
 0.000000000000000000e+00
 0.000000000000000000e+00
 0.000000000000000000e+00
 0.000000000000000000e+00
 0.000000000000000000e+00
 0.000000000000000000e+00
 0.000000000000000000e+00
 0.000000000000000000e+00
 0.000000000000000000e+00
 0.000000000000000000e+00
 0.000000000000000000e+00
 0.000000000000000000e+00
 0.000000000000000000e+00
 0.000000000000000000e+00
 0.000000000000000000e+00
 0.000000000000000000e+00
 0.000000000000000000e+00
 0.000000000000000000e+00
 0.000000000000000000e+00
 0.000000000000000000e+00
 0.000000000000000000e+00
 0.000000000000000000e+00
 0.000000000000000000e+00
 0.000000000000000000e+00
 0.000000000000000000e+00
 0.000000000000000000e+00
 0.000000000000000000e+00
 0.000000000000000000e+00
 0.000000000000000000e+00
 0.000000000000000000e+00
 0.000000000000000000e+00
 0.000000000000000000e+00
 0.000000000000000000e+00
 0.000000000000000000e+00
 0.000000000000000000e+00
 0.000000000000000000e+00
 0.000000000000000000e+00
 0.000000000000000000e+00
 0.000000000000000000e+00
 0.000000000000000000e+00
 0.000000000000000000e+00
 0.000000000000000000e+00
 0.000000000000000000e+00
 0.000000000000000000e+00
 0.000000000000000000e+00
 0.000000000000000000e+00
 0.000000000000000000e+00
 0.000000000000000000e+00
 0.000000000000000000e+00
 0.000000000000000000e+00
 0.000000000000000000e+00
 0.000000000000000000e+00
 0.000000000000000000e+00
 0.000000000000000000e+00
 0.000000000000000000e+00
 0.000000000000000000e+00
 0.000000000000000000e+00
 0.000000000000000000e+00
 0.000000000000000000e+00
 0.000000000000000000e+00
 0.000000000000000000e+00
 0.000000000000000000e+00
 0.000000000000000000e+00
 0.000000000000000000e+00
 0.000000000000000000e+00
 0.000000000000000000e+00
 0.000000000000000000e+00
 0.000000000000000000e+00
 0.000000000000000000e+00
 0.000000000000000000e+00
 0.000000000000000000e+00
 0.000000000000000000e+00
 0.000000000000000000e+00
 0.000000000000000000e+00
 0.000000000000000000e+00
 0.000000000000000000e+00
 0.000000000000000000e+00
 0.000000000000000000e+00
 0.000000000000000000e+00
 0.000000000000000000e+00
 0.000000000000000000e+00
 0.000000000000000000e+00
 0.000000000000000000e+00
 0.000000000000000000e+00
 0.000000000000000000e+00
 0.000000000000000000e+00
 0.000000000000000000e+00
 0.000000000000000000e+00
 0.000000000000000000e+00
 0.000000000000000000e+00
 0.000000000000000000e+00
 0.000000000000000000e+00
 0.000000000000000000e+00
 0.000000000000000000e+00
 0.000000000000000000e+00
 0.000000000000000000e+00
 0.000000000000000000e+00
 0.000000000000000000e+00
 0.000000000000000000e+00
 0.000000000000000000e+00
 0.000000000000000000e+00
 0.000000000000000000e+00
 0.000000000000000000e+00
 0.000000000000000000e+00
 0.000000000000000000e+00
 0.000000000000000000e+00
 0.000000000000000000e+00
 0.000000000000000000e+00
 0.000000000000000000e+00
 0.000000000000000000e+00
 0.000000000000000000e+00
 0.000000000000000000e+00
 0.000000000000000000e+00
 0.000000000000000000e+00
 0.000000000000000000e+00
 0.000000000000000000e+00
 0.000000000000000000e+00
 0.000000000000000000e+00
 0.000000000000000000e+00
 0.000000000000000000e+00
 0.000000000000000000e+00
 0.000000000000000000e+00
 0.000000000000000000e+00
 0.000000000000000000e+00
 0.000000000000000000e+00
 0.000000000000000000e+00
 0.000000000000000000e+00
 0.000000000000000000e+00
 0.000000000000000000e+00
 0.000000000000000000e+00
 0.000000000000000000e+00
 0.000000000000000000e+00
 </DataArray>
 <DataArray Name="volume" type="Float32" NumberOfComponents="1" format="ascii">
 2.750000000000252243e-04
 2.749999999999697131e-04
 2.750000000000252243e-04
 2.749999999999697131e-04
 2.750000000000252243e-04
 2.750000000000252243e-04
 2.749999999999974687e-04
 2.749999999999419575e-04
 2.750000000001084910e-04
 2.749999999998864464e-04
 2.750000000000252243e-04
 2.750000000000252243e-04
 2.749999999999697131e-04
 2.749999999999974687e-04
 2.750000000000529798e-04
 2.749999999999419575e-04
 2.750000000000252243e-04
 2.749999999999974687e-04
 2.750000000000252243e-04
 2.749999999999142020e-04
 2.750000000000807354e-04
 2.749999999999697131e-04
 2.749999999999697131e-04
 2.750000000000252243e-04
 2.750000000000252243e-04
 2.749999999999142020e-04
 2.750000000001362466e-04
 2.749999999999142020e-04
 2.749999999999697131e-04
 2.750000000000252243e-04
 2.749999999999697131e-04
 2.750000000000252243e-04
 2.750000000000252243e-04
 2.750000000000252243e-04
 2.750000000000252243e-04
 2.749999999999697131e-04
 2.749999999999142020e-04
 2.750000000001362466e-04
 2.749999999998586908e-04
 2.750000000000252243e-04
 2.750000000000252243e-04
 2.750000000000252243e-04
 2.749999999999697131e-04
 2.750000000000807354e-04
 2.749999999999142020e-04
 2.750000000000252243e-04
 2.749999999999697131e-04
 2.750000000000252243e-04
 2.749999999999697131e-04
 2.750000000000252243e-04
 2.750000000000252243e-04
 2.749999999999697131e-04
 2.750000000000252243e-04
 2.750000000000252243e-04
 2.749999999998586908e-04
 2.750000000001362466e-04
 2.749999999999142020e-04
 2.750000000000252243e-04
 2.750000000000252243e-04
 2.750000000000252243e-04
 2.749999999999697131e-04
 2.750000000000252243e-04
 2.749999999999697131e-04
 2.750000000000252243e-04
 2.749999999999697131e-04
 2.750000000000252243e-04
 2.750000000000252243e-04
 2.749999999999697131e-04
 2.749999999999697131e-04
 2.750000000000807354e-04
 2.749999999999142020e-04
 2.750000000000252243e-04
 2.750000000000252243e-04
 2.749999999999697131e-04
 2.749999999999697131e-04
 2.750000000000807354e-04
 2.749999999999697131e-04
 2.750000000000252243e-04
 2.749999999999697131e-04
 2.750000000000252243e-04
 2.749999999999142020e-04
 2.750000000000807354e-04
 2.749999999999697131e-04
 2.749999999999697131e-04
 2.750000000000252243e-04
 2.750000000000252243e-04
 2.749999999999142020e-04
 2.750000000001362466e-04
 2.749999999999142020e-04
 2.749999999999697131e-04
 2.750000000000252243e-04
 2.750000000000252243e-04
 2.749999999999697131e-04
 2.750000000000252243e-04
 2.750000000000252243e-04
 2.750000000000252243e-04
 2.749999999999697131e-04
 2.750000000000252243e-04
 2.750000000000252243e-04
 2.749999999999697131e-04
 2.749999999999142020e-04
 2.750000000001362466e-04
 2.749999999999142020e-04
 2.750000000000252243e-04
 2.750000000000252243e-04
 2.749999999999697131e-04
 2.749999999999697131e-04
 2.750000000000807354e-04
 2.749999999999142020e-04
 2.750000000000252243e-04
 2.749999999999697131e-04
 2.750000000000252243e-04
 2.749999999999697131e-04
 2.750000000000807354e-04
 2.749999999999697131e-04
 2.749999999999697131e-04
 2.750000000000252243e-04
 2.750000000000252243e-04
 2.749999999999142020e-04
 2.750000000000807354e-04
 2.749999999999697131e-04
 2.749999999999697131e-04
 2.750000000000252243e-04
 2.750000000000252243e-04
 2.749999999999697131e-04
 2.750000000000252243e-04
 2.749999999999697131e-04
 2.750000000000252243e-04
 2.749999999999697131e-04
 2.750000000000252243e-04
 2.750000000000252243e-04
 2.750000000000252243e-04
 2.749999999999142020e-04
 2.750000000001362466e-04
 2.749999999998586908e-04
 2.750000000000252243e-04
 2.750000000000252243e-04
 2.749999999999697131e-04
 2.750000000000252243e-04
 2.750000000000252243e-04
 2.749999999999697131e-04
 2.750000000000252243e-04
 2.749999999999697131e-04
 2.750000000000252243e-04
 2.749999999999142020e-04
 2.750000000000807354e-04
 2.749999999999697131e-04
 2.750000000000252243e-04
 2.750000000000252243e-04
 2.750000000000252243e-04
 2.749999999998586908e-04
 2.750000000001362466e-04
 2.749999999999142020e-04
 2.749999999999697131e-04
 2.750000000000252243e-04
 2.750000000000252243e-04
 2.750000000000252243e-04
 2.749999999999697131e-04
 2.750000000000252243e-04
 2.750000000000252243e-04
 2.749999999999697131e-04
 2.749999999999142020e-04
 2.750000000001362466e-04
 2.749999999999142020e-04
 2.750000000000252243e-04
 2.750000000000252243e-04
 2.749999999999697131e-04
 2.749999999999697131e-04
 2.750000000000807354e-04
 2.749999999999142020e-04
 2.750000000000252243e-04
 2.749999999999697131e-04
 2.750000000000252243e-04
 2.749999999999697131e-04
 2.750000000000807354e-04
 2.749999999999697131e-04
 2.749999999999697131e-04
 2.750000000000252243e-04
 2.750000000000252243e-04
 2.749999999999142020e-04
 2.750000000000807354e-04
 2.749999999999697131e-04
 2.749999999999697131e-04
 2.750000000000252243e-04
 2.750000000000252243e-04
 2.749999999999697131e-04
 2.750000000000252243e-04
 2.749999999999697131e-04
 2.750000000000252243e-04
 2.749999999999697131e-04
 2.750000000000252243e-04
 2.750000000000252243e-04
 2.750000000000252243e-04
 2.749999999999142020e-04
 2.750000000001362466e-04
 2.749999999998586908e-04
 2.750000000000252243e-04
 2.750000000000252243e-04
 2.749999999999697131e-04
 2.750000000000252243e-04
 2.750000000000252243e-04
 2.749999999999697131e-04
 2.750000000000252243e-04
 2.749999999999697131e-04
 2.750000000000252243e-04
 2.749999999999697131e-04
 2.750000000000252243e-04
 2.750000000000252243e-04
 2.749999999999697131e-04
 2.750000000000252243e-04
 2.750000000000252243e-04
 2.749999999998586908e-04
 2.750000000001362466e-04
 2.749999999999142020e-04
 2.750000000000252243e-04
 2.750000000000252243e-04
 2.750000000000252243e-04
 2.749999999999697131e-04
 2.750000000000252243e-04
 2.749999999999697131e-04
 2.750000000000252243e-04
 2.749999999999697131e-04
 2.750000000000252243e-04
 2.750000000000252243e-04
 2.749999999999697131e-04
 2.749999999999697131e-04
 2.750000000000807354e-04
 2.749999999999142020e-04
 2.750000000000252243e-04
 2.750000000000252243e-04
 2.749999999999697131e-04
 2.749999999999697131e-04
 2.750000000000807354e-04
 2.749999999999697131e-04
 2.750000000000252243e-04
 2.749999999999697131e-04
 2.750000000000252243e-04
 2.749999999999142020e-04
 2.750000000000807354e-04
 2.749999999999697131e-04
 2.749999999999697131e-04
 2.750000000000252243e-04
 2.750000000000252243e-04
 2.749999999999142020e-04
 2.750000000001362466e-04
 2.749999999999142020e-04
 2.749999999999697131e-04
 2.750000000000252243e-04
 2.750000000000252243e-04
 2.749999999999697131e-04
 2.750000000000252243e-04
 2.749999999999697131e-04
 2.750000000000252243e-04
 2.749999999999697131e-04
 2.750000000000252243e-04
 2.750000000000252243e-04
 2.749999999999974687e-04
 2.749999999999419575e-04
 2.750000000001084910e-04
 2.749999999998864464e-04
 2.750000000000252243e-04
 2.750000000000252243e-04
 2.749999999999697131e-04
 2.749999999999974687e-04
 2.750000000000529798e-04
 2.749999999999419575e-04
 2.750000000000252243e-04
 2.749999999999974687e-04
 2.750000000000252243e-04
 2.749999999999142020e-04
 2.750000000000807354e-04
 2.749999999999697131e-04
 2.749999999999697131e-04
 2.750000000000252243e-04
 2.750000000000252243e-04
 2.749999999999142020e-04
 2.750000000001362466e-04
 2.749999999999142020e-04
 2.749999999999697131e-04
 2.750000000000252243e-04
 2.749999999999697131e-04
 2.750000000000252243e-04
 2.750000000000252243e-04
 2.750000000000252243e-04
 2.750000000000252243e-04
 2.749999999999697131e-04
 2.749999999999142020e-04
 2.750000000001362466e-04
 2.749999999998586908e-04
 2.750000000000252243e-04
 2.750000000000252243e-04
 2.750000000000252243e-04
 2.749999999999697131e-04
 2.750000000000807354e-04
 2.749999999999142020e-04
 2.750000000000252243e-04
 2.749999999999697131e-04
 2.750000000000252243e-04
 2.749999999999697131e-04
 2.750000000000252243e-04
 2.750000000000252243e-04
 2.749999999999697131e-04
 2.750000000000252243e-04
 2.750000000000252243e-04
 2.749999999998586908e-04
 2.750000000001362466e-04
 2.749999999999142020e-04
 2.750000000000252243e-04
 2.750000000000252243e-04
 2.750000000000252243e-04
 2.749999999999697131e-04
 2.750000000000252243e-04
 2.749999999999697131e-04
 2.750000000000252243e-04
 2.749999999999697131e-04
 2.750000000000252243e-04
 2.750000000000252243e-04
 2.749999999999697131e-04
 2.749999999999697131e-04
 2.750000000000807354e-04
 2.749999999999142020e-04
 2.750000000000252243e-04
 2.750000000000252243e-04
 2.749999999999697131e-04
 2.749999999999697131e-04
 2.750000000000807354e-04
 2.749999999999697131e-04
 2.750000000000252243e-04
 2.749999999999697131e-04
 2.750000000000252243e-04
 2.749999999999142020e-04
 2.750000000000807354e-04
 2.749999999999697131e-04
 2.749999999999697131e-04
 2.750000000000252243e-04
 2.750000000000252243e-04
 2.749999999999142020e-04
 2.750000000001362466e-04
 2.749999999999142020e-04
 2.749999999999697131e-04
 2.750000000000252243e-04
 2.750000000000252243e-04
 2.749999999999697131e-04
 2.750000000000252243e-04
 2.750000000000252243e-04
 2.750000000000252243e-04
 2.749999999999697131e-04
 2.750000000000252243e-04
 2.750000000000252243e-04
 2.749999999999697131e-04
 2.749999999999142020e-04
 2.750000000001362466e-04
 2.749999999999142020e-04
 2.750000000000252243e-04
 2.750000000000252243e-04
 2.749999999999697131e-04
 2.749999999999697131e-04
 2.750000000000807354e-04
 2.749999999999142020e-04
 2.750000000000252243e-04
 2.749999999999697131e-04
 2.750000000000252243e-04
 2.749999999999697131e-04
 2.750000000000807354e-04
 2.749999999999697131e-04
 2.749999999999697131e-04
 2.750000000000252243e-04
 2.750000000000252243e-04
 2.749999999999142020e-04
 2.750000000000807354e-04
 2.749999999999697131e-04
 2.749999999999697131e-04
 2.750000000000252243e-04
 2.750000000000252243e-04
 2.749999999999697131e-04
 2.750000000000252243e-04
 2.749999999999697131e-04
 2.750000000000252243e-04
 2.749999999999697131e-04
 2.750000000000252243e-04
 2.750000000000252243e-04
 2.750000000000252243e-04
 2.749999999999142020e-04
 2.750000000001362466e-04
 2.749999999998586908e-04
 2.750000000000252243e-04
 2.750000000000252243e-04
 2.749999999999697131e-04
 2.750000000000252243e-04
 2.750000000000252243e-04
 2.749999999999697131e-04
 2.750000000000252243e-04
 2.749999999999697131e-04
 2.750000000000252243e-04
 2.749999999999142020e-04
 2.750000000000807354e-04
 2.749999999999697131e-04
 2.750000000000252243e-04
 2.750000000000252243e-04
 2.750000000000252243e-04
 2.749999999998586908e-04
 2.750000000001362466e-04
 2.749999999999142020e-04
 2.749999999999697131e-04
 2.750000000000252243e-04
 2.750000000000252243e-04
 2.750000000000252243e-04
 2.749999999999697131e-04
 2.750000000000252243e-04
 2.750000000000252243e-04
 2.749999999999697131e-04
 2.749999999999142020e-04
 2.750000000001362466e-04
 2.749999999999142020e-04
 2.750000000000252243e-04
 2.750000000000252243e-04
 2.749999999999697131e-04
 2.749999999999697131e-04
 2.750000000000807354e-04
 2.749999999999142020e-04
 2.750000000000252243e-04
 2.749999999999697131e-04
 2.750000000000252243e-04
 2.749999999999697131e-04
 2.750000000000807354e-04
 2.749999999999697131e-04
 2.749999999999697131e-04
 2.750000000000252243e-04
 2.750000000000252243e-04
 2.749999999999142020e-04
 2.750000000000807354e-04
 2.749999999999697131e-04
 2.749999999999697131e-04
 2.750000000000252243e-04
 2.750000000000252243e-04
 2.749999999999697131e-04
 2.750000000000252243e-04
 2.749999999999697131e-04
 2.750000000000252243e-04
 2.749999999999697131e-04
 2.750000000000252243e-04
 2.750000000000252243e-04
 2.750000000000252243e-04
 2.749999999999142020e-04
 2.750000000001362466e-04
 2.749999999998586908e-04
 2.750000000000252243e-04
 2.750000000000252243e-04
 2.749999999999697131e-04
 2.750000000000252243e-04
 2.750000000000252243e-04
 2.749999999999697131e-04
 2.750000000000252243e-04
 2.749999999999697131e-04
 2.750000000000252243e-04
 2.749999999999697131e-04
 2.750000000000252243e-04
 2.750000000000252243e-04
 2.749999999999697131e-04
 2.750000000000252243e-04
 2.750000000000252243e-04
 2.749999999998586908e-04
 2.750000000001362466e-04
 2.749999999999142020e-04
 2.750000000000252243e-04
 2.750000000000252243e-04
 2.750000000000252243e-04
 2.749999999999697131e-04
 2.750000000000252243e-04
 2.749999999999697131e-04
 2.750000000000252243e-04
 2.749999999999697131e-04
 2.750000000000252243e-04
 2.750000000000252243e-04
 2.749999999999697131e-04
 2.749999999999697131e-04
 2.750000000000807354e-04
 2.749999999999142020e-04
 2.750000000000252243e-04
 2.750000000000252243e-04
 2.749999999999697131e-04
 2.749999999999697131e-04
 2.750000000000807354e-04
 2.749999999999697131e-04
 2.750000000000252243e-04
 2.749999999999697131e-04
 2.750000000000252243e-04
 2.749999999999142020e-04
 2.750000000000807354e-04
 2.749999999999697131e-04
 2.749999999999697131e-04
 2.750000000000252243e-04
 2.750000000000252243e-04
 2.749999999999142020e-04
 2.750000000001362466e-04
 2.749999999999142020e-04
 2.749999999999697131e-04
 2.750000000000252243e-04
 2.750000000000252243e-04
 2.749999999999697131e-04
 </DataArray>
 <DataArray Name="rho" type="Float32" NumberOfComponents="1" format="ascii">
 6.043876673821001189e-02
 6.043915822612452859e-02
 6.044066159402332328e-02
 6.044444978051406736e-02
 6.045216236661028752e-02
 6.046576741225835605e-02
 6.048677535129565880e-02
 6.051307721465721406e-02
 6.053757042442713121e-02
 6.055815716872300913e-02
 6.057555731443302338e-02
 6.058800449342186673e-02
 6.059517050445352437e-02
 6.059963819182090372e-02
 6.060383390167664586e-02
 6.060833317047767399e-02
 6.061173573541597803e-02
 6.061328522645482303e-02
 6.061355515880513523e-02
 6.061332940296280947e-02
 6.061304379140543958e-02
 6.061292641740313042e-02
 6.061275577119473734e-02
 6.061241365791460167e-02
 6.061173027463028634e-02
 6.061033544633342984e-02
 6.060768963172540741e-02
 6.060325668803900195e-02
 6.059666216908020375e-02
 6.058788345802240682e-02
 6.057745316769888588e-02
 6.056638718340626171e-02
 6.055565166752600176e-02
 6.054569711784529851e-02
 6.053648917720442363e-02
 6.052776947244110223e-02
 6.051927288301219010e-02
 6.051085252967677158e-02
 6.050251168957530845e-02
 6.049434872064630292e-02
 6.048645809095336973e-02
 6.047885042061936639e-02
 6.047142734833602096e-02
 6.046401176298975277e-02
 6.045641304899911778e-02
 6.044849915910635585e-02
 6.044024892002478749e-02
 6.043176370319546659e-02
 6.042323199659738880e-02
 6.041486194685246475e-02
 6.040681061177661376e-02
 6.039913916313446179e-02
 6.039181315584494364e-02
 6.038474651394786646e-02
 6.037786648487654395e-02
 6.037116692947441798e-02
 6.036472105602475741e-02
 6.035864412770199083e-02
 6.035302776008635850e-02
 6.034788534419209538e-02
 6.034313799604922729e-02
 6.033864521409092185e-02
 6.033426110620642574e-02
 6.032988796563949069e-02
 6.032550341735361948e-02
 6.032114862109571457e-02
 6.031688605200045961e-02
 6.031275357143362631e-02
 6.030873779242588995e-02
 6.030477467931796842e-02
 6.030077337488683187e-02
 6.029665144039071667e-02
 6.029236690799204268e-02
 6.028793373834153563e-02
 6.028341300032653838e-02
 6.027888412423455106e-02
 6.027441107680223814e-02
 6.027001902618680379e-02
 6.026569068522601158e-02
 6.026138266342407485e-02
 6.025705366331202822e-02
 6.025269172015373931e-02
 6.024832791671363985e-02
 6.024402924944526755e-02
 6.023987355823486045e-02
 6.023591909723795268e-02
 6.023218351858481562e-02
 6.022864168336389962e-02
 6.022524249010370589e-02
 6.022193605075590317e-02
 6.021869823802810523e-02
 6.021554075068857176e-02
 6.021250127659730916e-02
 6.020961938068493391e-02
 6.020691209822608136e-02
 6.020436192841306655e-02
 6.020192192341237980e-02
 6.019953388145418693e-02
 6.019715029402289419e-02
 6.019475015425281017e-02
 6.019234159845128496e-02
 6.018995053822501218e-02
 6.018760219039400589e-02
 6.018530540783388616e-02
 6.018304646886591530e-02
 6.018079384849950308e-02
 6.017851098514982733e-02
 6.017617119465373116e-02
 6.017376828309055348e-02
 6.017131799975888873e-02
 6.016884960520808845e-02
 6.016639198176877701e-02
 6.016396116117619236e-02
 6.016155471207058208e-02
 6.015915491508102425e-02
 6.015673879529594842e-02
 6.015429030163545882e-02
 6.015180913687868253e-02
 6.014931209949864188e-02
 6.014682623021509050e-02
 6.014437722899403788e-02
 6.014197886745940164e-02
 6.013962824077775937e-02
 6.013730867103860012e-02
 6.013499853014546426e-02
 6.013268174982185771e-02
 6.013035524328314008e-02
 6.012802993989779105e-02
 6.012572521270131282e-02
 6.012345975640861345e-02
 6.012124345946099485e-02
 6.011907389738518903e-02
 6.011693870060325073e-02
 6.011482240482324269e-02
 6.011271449509558717e-02
 6.011061487865378833e-02
 6.010853416405791821e-02
 6.010648863787890900e-02
 6.010449255389808260e-02
 6.010255159287299781e-02
 6.010066049657866033e-02
 6.009880570972062769e-02
 6.009697155744823938e-02
 6.009514701648501628e-02
 6.009332998846537294e-02
 6.009152716613457013e-02
 6.008974972870044506e-02
 6.008800717410105185e-02
 6.008630234742435433e-02
 6.008462987680623230e-02
 6.008297848879918385e-02
 6.008133593290432284e-02
 6.007969418195979738e-02
 6.007805252646518379e-02
 6.007641715841193636e-02
 6.007479753280715179e-02
 6.007320137762573592e-02
 6.007163077149901137e-02
 6.007008102123345683e-02
 6.006854267208940751e-02
 6.006700558041017102e-02
 6.006546314111550072e-02
 6.006391476853184530e-02
 6.006236556031607082e-02
 6.006082342160221771e-02
 6.005929512922737745e-02
 6.005778321770627315e-02
 6.005628504725043365e-02
 6.005479434494514351e-02
 6.005330440923132423e-02
 6.005181147871373193e-02
 6.005031673704334938e-02
 6.004882606664712491e-02
 6.004734772824523586e-02
 6.004588911740262047e-02
 6.004445412150221512e-02
 6.004304223197890616e-02
 6.004164970964604581e-02
 6.004027216981747128e-02
 6.003890734116917871e-02
 6.003755669839984377e-02
 6.003622520126752210e-02
 6.003491928237077863e-02
 6.003364407372033945e-02
 6.003240119584524193e-02
 6.003118810729976551e-02
 6.002999924144895166e-02
 6.002882833134516594e-02
 6.002767081207044386e-02
 6.002652519926908459e-02
 6.002539286112690969e-02
 6.002427639581053853e-02
 6.002317748925153212e-02
 6.002209530871448900e-02
 6.002102614790210539e-02
 6.001996441716019037e-02
 6.001890447264164596e-02
 6.001784243855817075e-02
 6.001677721393805509e-02
 6.001571025107686752e-02
 6.001464427856976341e-02
 6.001358162644635647e-02
 6.001252294788450570e-02
 6.001146689069868784e-02
 6.001041081314135994e-02
 6.000935217892112289e-02
 6.000828998527084346e-02
 6.000722557631748416e-02
 6.000616247414654325e-02
 6.000510530966843281e-02
 6.000405834458084897e-02
 6.000302424214857405e-02
 6.000200360121549226e-02
 6.000099540395852082e-02
 5.999999811609742911e-02
 5.999901089420703326e-02
 5.999803431723925440e-02
 5.999707029190981533e-02
 5.999612118880001677e-02
 5.999518864686236713e-02
 5.999427263480256595e-02
 5.999337121018929325e-02
 5.999248107165790905e-02
 5.999159863862461861e-02
 5.999072117512994212e-02
 5.998984747745041840e-02
 5.998897785727805299e-02
 5.998811348076848321e-02
 5.998725541602362155e-02
 5.998640385462654379e-02
 5.998555786070475931e-02
 5.998471573522444478e-02
 5.998387579788151680e-02
 5.998303720910005965e-02
 5.998220044812199725e-02
 5.998136722506655638e-02
 5.998053986403326099e-02
 5.997972043595041491e-02
 5.997891003253501274e-02
 5.997810850483918654e-02
 5.997731477509805897e-02
 5.997652756886347192e-02
 5.997574622383376047e-02
 5.997497119640070318e-02
 5.997420402336279405e-02
 5.997344674532159581e-02
 5.997270104383727735e-02
 5.997196746889216223e-02
 5.997124508417583932e-02
 5.997053167086399683e-02
 6.043876673821108048e-02
 6.043915822612554861e-02
 6.044066159402422533e-02
 6.044444978051481676e-02
 6.045216236661093284e-02
 6.046576741225875157e-02
 6.048677535129577676e-02
 6.051307721465715855e-02
 6.053757042442693692e-02
 6.055815716872262056e-02
 6.057555731443247521e-02
 6.058800449342087446e-02
 6.059517050445231007e-02
 6.059963819181971023e-02
 6.060383390167545237e-02
 6.060833317047644581e-02
 6.061173573541495802e-02
 6.061328522645397648e-02
 6.061355515880433031e-02
 6.061332940296221272e-02
 6.061304379140520365e-02
 6.061292641740305409e-02
 6.061275577119477898e-02
 6.061241365791479596e-02
 6.061173027463061247e-02
 6.061033544633377679e-02
 6.060768963172565027e-02
 6.060325668803907828e-02
 6.059666216907998865e-02
 6.058788345802194886e-02
 6.057745316769835159e-02
 6.056638718340565802e-02
 6.055565166752521072e-02
 6.054569711784445196e-02
 6.053648917720369504e-02
 6.052776947244058181e-02
 6.051927288301196112e-02
 6.051085252967679240e-02
 6.050251168957541947e-02
 6.049434872064626822e-02
 6.048645809095308523e-02
 6.047885042061879046e-02
 6.047142734833527156e-02
 6.046401176298907276e-02
 6.045641304899862511e-02
 6.044849915910600197e-02
 6.044024892002449606e-02
 6.043176370319516821e-02
 6.042323199659718758e-02
 6.041486194685244393e-02
 6.040681061177675948e-02
 6.039913916313471853e-02
 6.039181315584521426e-02
 6.038474651394810933e-02
 6.037786648487673130e-02
 6.037116692947466778e-02
 6.036472105602522231e-02
 6.035864412770263615e-02
 6.035302776008709402e-02
 6.034788534419264355e-02
 6.034313799604956036e-02
 6.033864521409117165e-02
 6.033426110620636329e-02
 6.032988796563908129e-02
 6.032550341735318233e-02
 6.032114862109543008e-02
 6.031688605200029307e-02
 6.031275357143358468e-02
 6.030873779242597321e-02
 6.030477467931833618e-02
 6.030077337488767147e-02
 6.029665144039168811e-02
 6.029236690799270187e-02
 6.028793373834179931e-02
 6.028341300032639266e-02
 6.027888412423388492e-02
 6.027441107680109322e-02
 6.027001902618533968e-02
 6.026569068522451972e-02
 6.026138266342279809e-02
 6.025705366331109147e-02
 6.025269172015309399e-02
 6.024832791671316801e-02
 6.024402924944494142e-02
 6.023987355823470780e-02
 6.023591909723782778e-02
 6.023218351858465602e-02
 6.022864168336378166e-02
 6.022524249010362957e-02
 6.022193605075614603e-02
 6.021869823802879912e-02
 6.021554075068956402e-02
 6.021250127659831530e-02
 6.020961938068575270e-02
 6.020691209822674750e-02
 6.020436192841346901e-02
 6.020192192341233817e-02
 6.019953388145383305e-02
 6.019715029402234602e-02
 6.019475015425217179e-02
 6.019234159845045229e-02
 6.018995053822391583e-02
 6.018760219039273607e-02
 6.018530540783264410e-02
 6.018304646886480508e-02
 6.018079384849857327e-02
 6.017851098514909181e-02
 6.017617119465322462e-02
 6.017376828309031755e-02
 6.017131799975881240e-02
 6.016884960520797049e-02
 6.016639198176867293e-02
 6.016396116117625481e-02
 6.016155471207056821e-02
 6.015915491508073282e-02
 6.015673879529544882e-02
 6.015429030163487595e-02
 6.015180913687819680e-02
 6.014931209949838514e-02
 6.014682623021495866e-02
 6.014437722899374644e-02
 6.014197886745893673e-02
 6.013962824077714875e-02
 6.013730867103799643e-02
 6.013499853014474955e-02
 6.013268174982092096e-02
 6.013035524328233516e-02
 6.012802993989753431e-02
 6.012572521270165976e-02
 6.012345975640934204e-02
 6.012124345946172344e-02
 6.011907389738565394e-02
 6.011693870060332012e-02
 6.011482240482285411e-02
 6.011271449509464349e-02
 6.011061487865245606e-02
 6.010853416405657207e-02
 6.010648863787782653e-02
 6.010449255389720830e-02
 6.010255159287216514e-02
 6.010066049657795950e-02
 6.009880570972021829e-02
 6.009697155744814223e-02
 6.009514701648509261e-02
 6.009332998846542845e-02
 6.009152716613450074e-02
 6.008974972870009812e-02
 6.008800717410050368e-02
 6.008630234742372983e-02
 6.008462987680548983e-02
 6.008297848879826097e-02
 6.008133593290328894e-02
 6.007969418195877043e-02
 6.007805252646435806e-02
 6.007641715841130492e-02
 6.007479753280664525e-02
 6.007320137762528489e-02
 6.007163077149856728e-02
 6.007008102123314458e-02
 6.006854267208947690e-02
 6.006700558041069837e-02
 6.006546314111639584e-02
 6.006391476853292083e-02
 6.006236556031729207e-02
 6.006082342160359161e-02
 6.005929512922872360e-02
 6.005778321770743194e-02
 6.005628504725144673e-02
 6.005479434494614271e-02
 6.005330440923236507e-02
 6.005181147871472419e-02
 6.005031673704423062e-02
 6.004882606664795064e-02
 6.004734772824596445e-02
 6.004588911740327273e-02
 6.004445412150283268e-02
 6.004304223197953760e-02
 6.004164970964657316e-02
 6.004027216981800558e-02
 6.003890734116994199e-02
 6.003755669840082909e-02
 6.003622520126871559e-02
 6.003491928237210395e-02
 6.003364407372156764e-02
 6.003240119584613704e-02
 6.003118810730020266e-02
 6.002999924144902799e-02
 6.002882833134490920e-02
 6.002767081206979161e-02
 6.002652519926788416e-02
 6.002539286112522354e-02
 6.002427639580873442e-02
 6.002317748924995006e-02
 6.002209530871306653e-02
 6.002102614790079393e-02
 6.001996441715908709e-02
 6.001890447264093126e-02
 6.001784243855794176e-02
 6.001677721393804121e-02
 6.001571025107669405e-02
 6.001464427856915973e-02
 6.001358162644539196e-02
 6.001252294788338160e-02
 6.001146689069752210e-02
 6.001041081314020115e-02
 6.000935217891987389e-02
 6.000828998526969160e-02
 6.000722557631647108e-02
 6.000616247414568283e-02
 6.000510530966773198e-02
 6.000405834458037019e-02
 6.000302424214826874e-02
 6.000200360121521470e-02
 6.000099540395815306e-02
 5.999999811609671441e-02
 5.999901089420597855e-02
 5.999803431723806785e-02
 5.999707029190844143e-02
 5.999612118879855266e-02
 5.999518864686113201e-02
 5.999427263480169165e-02
 5.999337121018853691e-02
 5.999248107165710414e-02
 5.999159863862385533e-02
 5.999072117512943558e-02
 5.998984747745020329e-02
 5.998897785727799054e-02
 5.998811348076866362e-02
 5.998725541602411421e-02
 5.998640385462725849e-02
 5.998555786070569606e-02
 5.998471573522539541e-02
 5.998387579788230783e-02
 5.998303720910057313e-02
 5.998220044812221929e-02
 5.998136722506634821e-02
 5.998053986403266424e-02
 5.997972043594972102e-02
 5.997891003253442987e-02
 5.997810850483874939e-02
 5.997731477509772591e-02
 5.997652756886332620e-02
 5.997574622383380211e-02
 5.997497119640103624e-02
 5.997420402336337691e-02
 5.997344674532232439e-02
 5.997270104383811001e-02
 5.997196746889301572e-02
 5.997124508417634586e-02
 5.997053167086410091e-02
 </DataArray>
 <DataArray Name="vel.x" type="Float32" NumberOfComponents="1" format="ascii">
 2.492719743589665086e+03
 2.492714343722767808e+03
 2.492693612013275015e+03
 2.492641381518590606e+03
 2.492535019092419589e+03
 2.492347203258600075e+03
 2.492060128428180178e+03
 2.491699998645814503e+03
 2.491339239061611352e+03
 2.491056453140296981e+03
 2.490861603793657650e+03
 2.490709103023596072e+03
 2.490570037068800957e+03
 2.490459651252010190e+03
 2.490399039347797043e+03
 2.490376921241907894e+03
 2.490366900010324116e+03
 2.490353336422926532e+03
 2.490331914205434259e+03
 2.490313046613086954e+03
 2.490304800007446374e+03
 2.490303854917743593e+03
 2.490306498199829548e+03
 2.490315297290156650e+03
 2.490332935936569356e+03
 2.490362039299308435e+03
 2.490406491222427576e+03
 2.490470617258532002e+03
 2.490558203102688822e+03
 2.490670423984253830e+03
 2.490802646944053322e+03
 2.490945633658229781e+03
 2.491091396606380840e+03
 2.491235282406351416e+03
 2.491374023198489340e+03
 2.491504830850127291e+03
 2.491626095473850455e+03
 2.491738206721428014e+03
 2.491843592400141461e+03
 2.491945877249267141e+03
 2.492048601737438275e+03
 2.492154086324375839e+03
 2.492262894994891212e+03
 2.492374097514291407e+03
 2.492486105368622248e+03
 2.492597569760680472e+03
 2.492707951801227864e+03
 2.492817615736564676e+03
 2.492927459984786310e+03
 2.493038248832476711e+03
 2.493149922142501509e+03
 2.493261210917299650e+03
 2.493369823906352394e+03
 2.493473203146823835e+03
 2.493569495519729571e+03
 2.493658243873805986e+03
 2.493740452209231989e+03
 2.493818006894961854e+03
 2.493892759511283202e+03
 2.493965714890596246e+03
 2.494036715220515362e+03
 2.494104793791643260e+03
 2.494168971008710287e+03
 2.494228987060107556e+03
 2.494285590940646671e+03
 2.494340315795791867e+03
 2.494394917195975268e+03
 2.494450755150850910e+03
 2.494508372826034702e+03
 2.494567446112134348e+03
 2.494627116856397151e+03
 2.494686512006679550e+03
 2.494745186272863975e+03
 2.494803315953530273e+03
 2.494861589133749021e+03
 2.494920855588359700e+03
 2.494981694141598837e+03
 2.495044087808115819e+03
 2.495107362667732104e+03
 2.495170428191624978e+03
 2.495232195832915295e+03
 2.495291969421419708e+03
 2.495349635823328754e+03
 2.495405584304608965e+03
 2.495460403304627107e+03
 2.495514498916284538e+03
 2.495567813640387158e+03
 2.495619790112340979e+03
 2.495669610950319566e+03
 2.495716588720068557e+03
 2.495760495902053663e+03
 2.495801671238908057e+03
 2.495840863473988520e+03
 2.495878902680315605e+03
 2.495916360348324361e+03
 2.495953355317019486e+03
 2.495989599411243034e+03
 2.496024652064042584e+03
 2.496058230911700321e+03
 2.496090413297993109e+03
 2.496121647892635337e+03
 2.496152593836398864e+03
 2.496183874321156964e+03
 2.496215854405743357e+03
 2.496248537314841087e+03
 2.496281624915165594e+03
 2.496314706528052739e+03
 2.496347476010962964e+03
 2.496379877281459812e+03
 2.496412122994521269e+03
 2.496444587834571848e+03
 2.496477629475847607e+03
 2.496511418088828123e+03
 2.496545851590127768e+03
 2.496580597033224876e+03
 2.496615235841496542e+03
 2.496649438645798909e+03
 2.496683088092057005e+03
 2.496716299243107187e+03
 2.496749334976677346e+03
 2.496782459177338296e+03
 2.496815796265565950e+03
 2.496849262902002010e+03
 2.496882604843815443e+03
 2.496915518017375234e+03
 2.496947789172073044e+03
 2.496979386812507528e+03
 2.497010463601989159e+03
 2.497041274628744304e+03
 2.497072051973536418e+03
 2.497102892514915766e+03
 2.497133709441626706e+03
 2.497164269781755593e+03
 2.497194298779609653e+03
 2.497223599233413552e+03
 2.497252129647284619e+03
 2.497280008187269232e+03
 2.497307445195333457e+03
 2.497334638688731502e+03
 2.497361682067466518e+03
 2.497388526670411011e+03
 2.497415015702199526e+03
 2.497440970174710401e+03
 2.497466281999394596e+03
 2.497490969326470349e+03
 2.497515170978345395e+03
 2.497539086257466352e+03
 2.497562890038310343e+03
 2.497586662283227270e+03
 2.497610363739594504e+03
 2.497633867851449850e+03
 2.497657031412261858e+03
 2.497679768419752691e+03
 2.497702092853398881e+03
 2.497724113193740777e+03
 2.497745984221429808e+03
 2.497767840011692897e+03
 2.497789739236369314e+03
 2.497811647635852751e+03
 2.497833464705574443e+03
 2.497855079851986829e+03
 2.497876429664486295e+03
 2.497897529673897679e+03
 2.497918467848702221e+03
 2.497939364911606390e+03
 2.497960320634478194e+03
 2.497981370548348423e+03
 2.498002472356341514e+03
 2.498023527399779596e+03
 2.498044425737188703e+03
 2.498065092693941097e+03
 2.498085515561162993e+03
 2.498105739654923127e+03
 2.498125837206779579e+03
 2.498145864296307536e+03
 2.498165825817005953e+03
 2.498185664605678539e+03
 2.498205279605895157e+03
 2.498224564052424284e+03
 2.498243445343661278e+03
 2.498261908349391433e+03
 2.498279992554301316e+03
 2.498297765799115041e+03
 2.498315287764720779e+03
 2.498332580551628325e+03
 2.498349620143619177e+03
 2.498366352428039590e+03
 2.498382725238306648e+03
 2.498398720145960851e+03
 2.498414368674671550e+03
 2.498429745983606153e+03
 2.498444945889927112e+03
 2.498460049201001311e+03
 2.498475099634932576e+03
 2.498490097650937059e+03
 2.498505014001572818e+03
 2.498519815562343410e+03
 2.498534490682109208e+03
 2.498549062423433497e+03
 2.498563584384266505e+03
 2.498578121843528606e+03
 2.498592727181519876e+03
 2.498607420554521923e+03
 2.498622184080034458e+03
 2.498636971501533026e+03
 2.498651728253013971e+03
 2.498666412428951389e+03
 2.498681007354154190e+03
 2.498695520757282338e+03
 2.498709971765824321e+03
 2.498724372331963423e+03
 2.498738712059515819e+03
 2.498752953776281629e+03
 2.498767042200340256e+03
 2.498780921868288715e+03
 2.498794556134580489e+03
 2.498807938683007706e+03
 2.498821092663706622e+03
 2.498834058353806540e+03
 2.498846875360417926e+03
 2.498859567553988654e+03
 2.498872137284301971e+03
 2.498884570822019668e+03
 2.498896851617160337e+03
 2.498908974530866544e+03
 2.498920954228689880e+03
 2.498932824050522868e+03
 2.498944626161566703e+03
 2.498956397602494235e+03
 2.498968158453819797e+03
 2.498979907136699694e+03
 2.498991624469988437e+03
 2.499003284102550879e+03
 2.499014864280123220e+03
 2.499026355734016761e+03
 2.499037762589736758e+03
 2.499049096448010914e+03
 2.499060366798721134e+03
 2.499071572498293790e+03
 2.499082698496830290e+03
 2.499093719488481838e+03
 2.499104608800740607e+03
 2.499115348334164537e+03
 2.499125934980508646e+03
 2.499136380737239961e+03
 2.499146706679111048e+03
 2.499156933657034642e+03
 2.499167073947561221e+03
 2.499177127546631255e+03
 2.499187084602417599e+03
 2.492719743589662812e+03
 2.492714343722764625e+03
 2.492693612013273651e+03
 2.492641381518590606e+03
 2.492535019092418224e+03
 2.492347203258599166e+03
 2.492060128428179269e+03
 2.491699998645814048e+03
 2.491339239061611352e+03
 2.491056453140296071e+03
 2.490861603793656286e+03
 2.490709103023594707e+03
 2.490570037068802776e+03
 2.490459651252006097e+03
 2.490399039347795679e+03
 2.490376921241907894e+03
 2.490366900010323207e+03
 2.490353336422923803e+03
 2.490331914205431985e+03
 2.490313046613086954e+03
 2.490304800007448648e+03
 2.490303854917747231e+03
 2.490306498199833186e+03
 2.490315297290160743e+03
 2.490332935936571175e+03
 2.490362039299306161e+03
 2.490406491222424847e+03
 2.490470617258529273e+03
 2.490558203102686548e+03
 2.490670423984252011e+03
 2.490802646944052867e+03
 2.490945633658228871e+03
 2.491091396606384023e+03
 2.491235282406355964e+03
 2.491374023198492523e+03
 2.491504830850129565e+03
 2.491626095473852274e+03
 2.491738206721429833e+03
 2.491843592400142370e+03
 2.491945877249266232e+03
 2.492048601737435547e+03
 2.492154086324373566e+03
 2.492262894994890303e+03
 2.492374097514289588e+03
 2.492486105368619519e+03
 2.492597569760677743e+03
 2.492707951801226045e+03
 2.492817615736563312e+03
 2.492927459984787220e+03
 2.493038248832477166e+03
 2.493149922142501055e+03
 2.493261210917297831e+03
 2.493369823906349211e+03
 2.493473203146819742e+03
 2.493569495519728207e+03
 2.493658243873809170e+03
 2.493740452209235627e+03
 2.493818006894964583e+03
 2.493892759511282293e+03
 2.493965714890593517e+03
 2.494036715220512633e+03
 2.494104793791640077e+03
 2.494168971008708468e+03
 2.494228987060109830e+03
 2.494285590940650309e+03
 2.494340315795793686e+03
 2.494394917195977087e+03
 2.494450755150850910e+03
 2.494508372826034702e+03
 2.494567446112132984e+03
 2.494627116856393059e+03
 2.494686512006672729e+03
 2.494745186272858973e+03
 2.494803315953527090e+03
 2.494861589133746747e+03
 2.494920855588356972e+03
 2.494981694141595199e+03
 2.495044087808113545e+03
 2.495107362667728921e+03
 2.495170428191623159e+03
 2.495232195832913931e+03
 2.495291969421417434e+03
 2.495349635823326935e+03
 2.495405584304607601e+03
 2.495460403304625288e+03
 2.495514498916279990e+03
 2.495567813640383520e+03
 2.495619790112336432e+03
 2.495669610950316383e+03
 2.495716588720066284e+03
 2.495760495902050934e+03
 2.495801671238904419e+03
 2.495840863473986701e+03
 2.495878902680316060e+03
 2.495916360348323906e+03
 2.495953355317017213e+03
 2.495989599411239396e+03
 2.496024652064038037e+03
 2.496058230911696683e+03
 2.496090413297992200e+03
 2.496121647892635792e+03
 2.496152593836399319e+03
 2.496183874321157418e+03
 2.496215854405742903e+03
 2.496248537314841542e+03
 2.496281624915166958e+03
 2.496314706528052284e+03
 2.496347476010962509e+03
 2.496379877281457993e+03
 2.496412122994518086e+03
 2.496444587834569120e+03
 2.496477629475844878e+03
 2.496511418088824485e+03
 2.496545851590121856e+03
 2.496580597033218964e+03
 2.496615235841490630e+03
 2.496649438645793452e+03
 2.496683088092052458e+03
 2.496716299243105823e+03
 2.496749334976674163e+03
 2.496782459177335568e+03
 2.496815796265561858e+03
 2.496849262902000191e+03
 2.496882604843814079e+03
 2.496915518017375689e+03
 2.496947789172077137e+03
 2.496979386812512985e+03
 2.497010463601993706e+03
 2.497041274628744304e+03
 2.497072051973531416e+03
 2.497102892514912128e+03
 2.497133709441623978e+03
 2.497164269781756957e+03
 2.497194298779609198e+03
 2.497223599233413097e+03
 2.497252129647283709e+03
 2.497280008187267867e+03
 2.497307445195333003e+03
 2.497334638688731957e+03
 2.497361682067467882e+03
 2.497388526670413285e+03
 2.497415015702199980e+03
 2.497440970174708127e+03
 2.497466281999389139e+03
 2.497490969326463983e+03
 2.497515170978338574e+03
 2.497539086257461804e+03
 2.497562890038308979e+03
 2.497586662283224541e+03
 2.497610363739592685e+03
 2.497633867851448485e+03
 2.497657031412261858e+03
 2.497679768419757238e+03
 2.497702092853402519e+03
 2.497724113193743051e+03
 2.497745984221428898e+03
 2.497767840011691987e+03
 2.497789739236367495e+03
 2.497811647635851841e+03
 2.497833464705573533e+03
 2.497855079851986829e+03
 2.497876429664484476e+03
 2.497897529673894951e+03
 2.497918467848700857e+03
 2.497939364911605935e+03
 2.497960320634478194e+03
 2.497981370548351151e+03
 2.498002472356347880e+03
 2.498023527399785053e+03
 2.498044425737194160e+03
 2.498065092693944280e+03
 2.498085515561166176e+03
 2.498105739654926310e+03
 2.498125837206781398e+03
 2.498145864296310720e+03
 2.498165825817010500e+03
 2.498185664605682177e+03
 2.498205279605896521e+03
 2.498224564052422011e+03
 2.498243445343656276e+03
 2.498261908349388250e+03
 2.498279992554298133e+03
 2.498297765799110948e+03
 2.498315287764716231e+03
 2.498332580551623323e+03
 2.498349620143615084e+03
 2.498366352428035952e+03
 2.498382725238303919e+03
 2.498398720145956759e+03
 2.498414368674669731e+03
 2.498429745983607063e+03
 2.498444945889931205e+03
 2.498460049201005404e+03
 2.498475099634934850e+03
 2.498490097650939333e+03
 2.498505014001575546e+03
 2.498519815562345684e+03
 2.498534490682106480e+03
 2.498549062423428040e+03
 2.498563584384259229e+03
 2.498578121843520421e+03
 2.498592727181512146e+03
 2.498607420554516011e+03
 2.498622184080029911e+03
 2.498636971501527569e+03
 2.498651728253012152e+03
 2.498666412428950025e+03
 2.498681007354154644e+03
 2.498695520757282338e+03
 2.498709971765822502e+03
 2.498724372331961604e+03
 2.498738712059511272e+03
 2.498752953776277536e+03
 2.498767042200334345e+03
 2.498780921868283713e+03
 2.498794556134577761e+03
 2.498807938683004522e+03
 2.498821092663704803e+03
 2.498834058353805631e+03
 2.498846875360415652e+03
 2.498859567553984107e+03
 2.498872137284297878e+03
 2.498884570822018759e+03
 2.498896851617161246e+03
 2.498908974530867454e+03
 2.498920954228689880e+03
 2.498932824050523323e+03
 2.498944626161568067e+03
 2.498956397602491506e+03
 2.498968158453817523e+03
 2.498979907136696511e+03
 2.498991624469983890e+03
 2.499003284102545877e+03
 2.499014864280120037e+03
 2.499026355734014487e+03
 2.499037762589734484e+03
 2.499049096448010914e+03
 2.499060366798721589e+03
 2.499071572498292426e+03
 2.499082698496829380e+03
 2.499093719488481838e+03
 2.499104608800741516e+03
 2.499115348334167720e+03
 2.499125934980510010e+03
 2.499136380737238596e+03
 2.499146706679107865e+03
 2.499156933657032823e+03
 2.499167073947558492e+03
 2.499177127546633074e+03
 2.499187084602419418e+03
 </DataArray>
 <DataArray Name="vel.y" type="Float32" NumberOfComponents="1" format="ascii">
 -1.094536959036569494e-12
 -1.140457224469290716e-12
 -1.245487166760434897e-12
 -1.268923184155622179e-12
 -1.263665972902004713e-12
 -1.104247458909642761e-12
 -9.299548493649036740e-13
 -7.864734840879971780e-13
 -7.618043538778071941e-13
 -8.213117694952894010e-13
 -6.306684895360238066e-13
 -5.498688085504490361e-13
 -4.034615058028383389e-13
 -4.387232505891933496e-13
 -5.727186932656984341e-13
 -5.610175142827185571e-13
 -5.465183669062498012e-13
 -6.963692936135848576e-13
 -8.236966142000981712e-13
 -9.478186748287715299e-13
 -9.171302862088166185e-13
 -6.484435524220397041e-13
 -3.012673776093324444e-13
 4.099221972416440321e-15
 1.454580741342084379e-13
 1.164811916204108730e-13
 -4.580902867626478842e-14
 -3.290258983056868889e-13
 -4.509179042494486577e-13
 -4.399249892966594225e-13
 -3.813292112768527150e-13
 -3.841553101980303906e-13
 -2.616052935690608977e-13
 6.326515224595224596e-15
 2.603922161802022043e-13
 4.039763650014609483e-13
 4.750152696108338223e-13
 5.058524437046454279e-13
 4.532932695577218741e-13
 3.093924225551930734e-13
 2.152516203676683051e-13
 2.217288171556067490e-13
 3.138002163271591182e-13
 3.476591207515020298e-13
 2.743042786978315087e-13
 1.540721430294666866e-13
 -5.131479223112913265e-14
 -1.378571561663270555e-13
 -1.278111254467101008e-13
 -1.361944575867072807e-13
 -2.035787917075048836e-13
 -2.981153025410136286e-13
 -3.304105611614200470e-13
 -3.805201693812765611e-13
 -3.624999775696549058e-13
 -1.387835985263258364e-13
 1.379713961400861648e-13
 3.812027723020731039e-13
 4.325972494558937523e-13
 3.395900924231705649e-13
 2.256408792018948606e-13
 1.952845792241481977e-14
 -1.679969438734197941e-13
 -1.393777508531206780e-13
 3.782882705879821888e-14
 1.692637785470816936e-13
 2.456069432859196204e-13
 2.456918786060649090e-13
 2.244578944848093229e-13
 2.563327530394017541e-13
 1.232064632425842946e-13
 -2.340037944740742268e-13
 -5.104308968485078948e-13
 -5.192667780556627623e-13
 -5.684280693892096023e-13
 -6.125797467514769094e-13
 -6.706215729377413175e-13
 -6.467331473224948269e-13
 -5.610111651757624866e-13
 -5.144218648890304991e-13
 -5.376040915091162154e-13
 -5.825011265209123496e-13
 -6.250981174487426668e-13
 -5.714349010937945160e-13
 -5.722659794750750262e-13
 -6.350947135929926256e-13
 -6.067989971112598535e-13
 -6.736478105635079977e-13
 -6.559684517433398831e-13
 -5.741067146641998167e-13
 -5.804509928669749861e-13
 -6.603213934358541854e-13
 -7.653650609365313803e-13
 -7.346919016751061302e-13
 -6.905332327121216379e-13
 -7.533390583825031831e-13
 -7.536520548058553379e-13
 -7.783124604505820302e-13
 -7.429993283713551068e-13
 -6.547919261188839374e-13
 -5.534517708755504849e-13
 -4.032755101113067715e-13
 -2.152392901877909399e-13
 -3.175552059301765371e-14
 2.003753470872858929e-13
 3.231254381995365053e-13
 3.107354884689562261e-13
 2.661414762840750236e-13
 1.685132650744536944e-13
 -2.615389186523027158e-14
 -9.948968375224234897e-14
 -6.487481203872183429e-14
 -1.565348286801387872e-13
 -3.795166137741790856e-13
 -5.077190481898557233e-13
 -5.834437687049091050e-13
 -6.328981597226342715e-13
 -5.804907398864037534e-13
 -4.540748167029074734e-13
 -4.875561548028455969e-13
 -5.045250012823793693e-13
 -5.889738724394187717e-13
 -5.724867784375192511e-13
 -5.265946555934579457e-13
 -4.429807757079138200e-13
 -1.490589003043406633e-13
 3.879937527995669233e-13
 8.096316351009696209e-13
 8.616579859699507684e-13
 6.659598043355471298e-13
 4.268514406518614255e-13
 2.611443105414703691e-13
 2.937473662721206288e-13
 3.149540724278931092e-13
 3.771520999978573922e-13
 5.176018540630132172e-13
 6.063100502815649266e-13
 6.448209460033283536e-13
 6.445563564239196199e-13
 7.281314339229455614e-13
 9.202724340997360291e-13
 1.046504537439638058e-12
 1.025304249421231977e-12
 7.939193499776857550e-13
 5.227362801063965762e-13
 1.839391133046810772e-13
 -1.642336709081294543e-14
 5.777343350236334156e-16
 -1.687638878505247415e-14
 -7.614179693763239433e-14
 -8.312823360323723035e-14
 -5.809044117315736480e-14
 1.192201498506405160e-13
 3.695405380578889610e-13
 5.244651274026793738e-13
 5.208875415128069423e-13
 4.764845884486672397e-13
 4.267356649738541445e-13
 3.781829223623224018e-13
 3.047408071256513396e-13
 2.371101244705257570e-13
 6.085775643793797965e-14
 -9.759592086027665777e-14
 -2.102153846426706007e-13
 -3.364028589843618303e-13
 -4.376812911389179612e-13
 -4.055945235699134483e-13
 -2.588301610904305297e-13
 -3.596819221576670497e-14
 1.597633925790419162e-13
 2.813527681789910139e-13
 4.631971178472860826e-13
 5.943154780267217656e-13
 6.766059912546974912e-13
 7.083510147761421324e-13
 8.079079483583343269e-13
 8.699076619200193042e-13
 8.306904341480062877e-13
 7.260585947822561086e-13
 4.336330249170360873e-13
 9.290175720581322295e-14
 -2.171833274559224278e-13
 -5.304481207970048899e-13
 -8.772871961474182021e-13
 -1.203829270999980454e-12
 -1.417753709387698629e-12
 -1.529263833222867644e-12
 -1.566020333806358683e-12
 -1.612263975247838852e-12
 -1.565934083210799639e-12
 -1.393122145015412107e-12
 -1.045625511639587662e-12
 -7.512008822878724344e-13
 -5.451063468700835646e-13
 -3.295688595918203521e-13
 -8.528660547414498055e-14
 7.724295804128274930e-14
 -3.721699083445953045e-14
 -3.138439489435952015e-13
 -6.866063927110293214e-13
 -9.780201785866585761e-13
 -1.161195444818533917e-12
 -1.305136671236899656e-12
 -1.438023750085832418e-12
 -1.680275907116411354e-12
 -1.709453184015358663e-12
 -1.660212942328473087e-12
 -1.501111931919869436e-12
 -1.280734517008817243e-12
 -1.046762607039260727e-12
 -8.527525396697543489e-13
 -7.666119826776310744e-13
 -6.902957717311022589e-13
 -6.399514293893883096e-13
 -5.641333456946496709e-13
 -3.907775545904471663e-13
 -2.700361288848576981e-13
 -8.000684291327442288e-14
 1.849891376145604095e-13
 3.451541274020088628e-13
 2.329003767159400977e-13
 8.407544995442089672e-14
 7.916238446857297774e-14
 2.650399655658648963e-13
 4.655228907817998723e-13
 5.132582314357739057e-13
 5.481465587424368252e-13
 6.220201802530354299e-13
 5.163076321216132917e-13
 3.467088691124025960e-13
 8.663965186929259853e-14
 -1.691387259399561124e-13
 -4.448185657404975637e-13
 -5.619158978621834620e-13
 -6.350839110556700427e-13
 -6.832453187136115913e-13
 -6.169467118471350112e-13
 -5.075025543274831880e-13
 -4.998583331761038884e-13
 -5.456205191461166693e-13
 -5.529581603492711840e-13
 -5.522346355517774217e-13
 -4.458598321753843128e-13
 -3.586655041677481560e-13
 -3.818092827858912353e-13
 -5.513644093705956127e-13
 -6.798035845943001413e-13
 -8.997886402042725031e-13
 -9.982022877223530911e-13
 -1.022108190487894449e-12
 -1.034212232325101312e-12
 -1.100865322421229969e-12
 -1.229554767165916081e-12
 -1.273347227916128350e-12
 -1.273528222643679001e-12
 -1.106750160681276611e-12
 -9.383300442662080857e-13
 -8.109094389187300665e-13
 -7.937185878077742635e-13
 -8.459671619474801629e-13
 -6.370110229142301731e-13
 -5.378142599800875078e-13
 -3.807884336311177888e-13
 -4.047233682283785547e-13
 -5.251491190247651607e-13
 -5.121623654736217707e-13
 -4.952373861645347983e-13
 -6.603000987483770620e-13
 -8.055722849820771367e-13
 -9.263859598020994861e-13
 -8.818922429935758175e-13
 -6.000341456806844710e-13
 -2.522632791296556881e-13
 5.780895544154091096e-14
 2.179657819650617607e-13
 1.944776200075474371e-13
 3.866605490656681378e-14
 -2.468284286140058337e-13
 -3.855096066132508983e-13
 -3.702466561993526570e-13
 -3.034262048672941794e-13
 -3.195449030608450073e-13
 -2.169851040447428428e-13
 4.904899119105967062e-14
 3.017995203765625860e-13
 4.468399108520446206e-13
 5.124569249319390112e-13
 5.455302210950307065e-13
 4.979279344984398426e-13
 3.626520253017810565e-13
 2.703272764687239650e-13
 2.889262693232309932e-13
 3.763644025890187104e-13
 4.020093241143441549e-13
 3.386586592871953399e-13
 2.101561661478296874e-13
 -7.433894425219034902e-15
 -1.025735883170408592e-13
 -9.033160767134385393e-14
 -8.547761640257218414e-14
 -1.241144491363638983e-13
 -2.003498529878849590e-13
 -2.373697962976167861e-13
 -2.964569410459459553e-13
 -2.869583548329068613e-13
 -8.761463500743932144e-14
 1.751481496037654498e-13
 4.060951602859957978e-13
 4.546083039629290617e-13
 3.748323086601902374e-13
 2.571896998012730548e-13
 3.566076202635940663e-14
 -1.307201830238031733e-13
 -8.413562944758260647e-14
 8.802237732625774445e-14
 2.093219751291814029e-13
 3.059141560588179134e-13
 3.233738979062622278e-13
 3.185801935909254562e-13
 3.440249907685102175e-13
 1.979147862880115221e-13
 -1.764343975931683407e-13
 -4.645637446653260690e-13
 -4.787323336076222186e-13
 -5.278933981711832627e-13
 -5.693037780686641409e-13
 -6.325451282274599105e-13
 -5.990614626334302409e-13
 -5.133094678700328619e-13
 -4.775597853748540741e-13
 -5.072410250505656089e-13
 -5.459430002176158602e-13
 -5.710584808959467291e-13
 -5.014145473108830666e-13
 -5.026949401388933344e-13
 -5.819389318412480741e-13
 -5.573230970008245136e-13
 -6.137305524879299354e-13
 -6.011912642541273736e-13
 -5.361568976729581102e-13
 -5.415671776946652139e-13
 -6.218173658174317393e-13
 -7.363791695364424352e-13
 -6.893664011996223808e-13
 -6.186654456093183687e-13
 -6.696234567879444756e-13
 -6.677658182043414037e-13
 -6.894133224606448701e-13
 -6.603284010834555044e-13
 -5.920572948703965067e-13
 -5.038110017250086519e-13
 -3.458803812864519416e-13
 -1.537551828877752171e-13
 4.208893836796035973e-14
 2.747056944771639912e-13
 3.723828188627605967e-13
 3.623232303456335129e-13
 3.449072462067555158e-13
 2.526121703930864574e-13
 5.211404004637512248e-14
 -4.299517667743023556e-14
 -2.271925724029466599e-14
 -1.042422035350335686e-13
 -3.173295068988297284e-13
 -4.443280600500358007e-13
 -5.252743084750472906e-13
 -5.722044564429616610e-13
 -5.189142442892000687e-13
 -4.054432652587019722e-13
 -4.269092762894744399e-13
 -4.338729960639725945e-13
 -5.147602552563238096e-13
 -5.056655371252858233e-13
 -4.673470771086654890e-13
 -3.877911099277984226e-13
 -9.507025749045132470e-14
 4.340587636119189721e-13
 8.531515916380907317e-13
 9.081141478397573744e-13
 7.294346693088684674e-13
 4.880635745220636716e-13
 3.359786350871460300e-13
 3.800001972931001763e-13
 3.943054055104286254e-13
 4.492221723364078686e-13
 5.882219833978644532e-13
 6.907658922356260139e-13
 7.343965944992658267e-13
 7.348710093293950599e-13
 8.003964067818643585e-13
 9.860174311409127340e-13
 1.103523071600900884e-12
 1.077921868663202969e-12
 8.493355991886871576e-13
 5.801995621231142597e-13
 2.370463369553685033e-13
 3.006480192642840247e-14
 4.556529226254862706e-14
 2.174930361357958214e-14
 -2.909412083248947795e-14
 -2.680632305322731116e-14
 2.150557412547678965e-14
 2.022468066379605266e-13
 4.225377440673517952e-13
 5.537046815429783758e-13
 5.434795502431851076e-13
 4.739376859693944416e-13
 3.959552266656808174e-13
 3.634983231439823586e-13
 3.324360503708870940e-13
 2.870779939107414056e-13
 1.023711435176681581e-13
 -7.537157851519352552e-14
 -1.812980800339970649e-13
 -2.911714335089881754e-13
 -3.850807689291216606e-13
 -3.371229085101199592e-13
 -1.785596701256646030e-13
 3.599779216191735281e-14
 2.311700570854917437e-13
 3.300041980364109127e-13
 4.976673245211203942e-13
 6.434112770344977814e-13
 7.371571510568116172e-13
 7.896393443084697795e-13
 9.014621973340803264e-13
 9.460047140000557932e-13
 8.860991229030535571e-13
 7.705665593193136905e-13
 4.722832307632631081e-13
 1.249516718949022347e-13
 -1.733965929993783519e-13
 -4.821104883520316054e-13
 -8.384094562045955878e-13
 -1.172356400503249340e-12
 -1.384479746830917422e-12
 -1.501922692278587727e-12
 -1.530605648084615219e-12
 -1.563716068421172561e-12
 -1.507081626499563143e-12
 -1.325435156127076726e-12
 -9.783628007674482003e-13
 -6.837865512168210362e-13
 -4.857451137477207011e-13
 -2.733316559276793146e-13
 -4.629607392718080736e-14
 9.841938438291947861e-14
 -1.386434652193459025e-14
 -2.741615846549680942e-13
 -6.332806670273728332e-13
 -9.178666336120823763e-13
 -1.116971965994466460e-12
 -1.264970697489109620e-12
 -1.402716999817019197e-12
 -1.628775524420617026e-12
 -1.655357471940797190e-12
 -1.606231268110925669e-12
 -1.447195016554487247e-12
 -1.236738525238911204e-12
 -1.017527475152434446e-12
 -8.296108238895540602e-13
 -7.345969743981086620e-13
 -6.522080658205366301e-13
 -6.022409507118055876e-13
 -5.237823756502533978e-13
 -3.460052089659218954e-13
 -2.306413671020983943e-13
 -4.321607396712181519e-14
 2.261318014951506624e-13
 4.057155543154804880e-13
 3.078364003992413892e-13
 1.491242332200631763e-13
 1.472180427462605376e-13
 3.501531113959643556e-13
 5.682257344048798342e-13
 5.861785475418354087e-13
 6.135864510433577671e-13
 6.821145217584181153e-13
 5.648420547049101416e-13
 4.058601395260190460e-13
 1.540512740923509695e-13
 -9.749912680844322926e-14
 -4.116748513834731298e-13
 -5.254398563351988443e-13
 -5.726628523797573590e-13
 -6.092654887135632280e-13
 -5.531493597942233078e-13
 -4.568419942265852192e-13
 -4.630715138350583304e-13
 -5.188386393570922270e-13
 -5.375233404471367061e-13
 -5.428203551760906635e-13
 -4.287920198822361666e-13
 -3.217013211230447475e-13
 -3.437443343050544529e-13
 -5.052093816612112243e-13
 -6.450707125573739462e-13
 -8.731960416473263642e-13
 -9.545068884673305342e-13
 -9.586149734034110964e-13
 </DataArray>
 <DataArray Name="vel.z" type="Float32" NumberOfComponents="1" format="ascii">
 0.000000000000000000e+00
 0.000000000000000000e+00
 0.000000000000000000e+00
 0.000000000000000000e+00
 0.000000000000000000e+00
 0.000000000000000000e+00
 0.000000000000000000e+00
 0.000000000000000000e+00
 0.000000000000000000e+00
 0.000000000000000000e+00
 0.000000000000000000e+00
 0.000000000000000000e+00
 0.000000000000000000e+00
 0.000000000000000000e+00
 0.000000000000000000e+00
 0.000000000000000000e+00
 0.000000000000000000e+00
 0.000000000000000000e+00
 0.000000000000000000e+00
 0.000000000000000000e+00
 0.000000000000000000e+00
 0.000000000000000000e+00
 0.000000000000000000e+00
 0.000000000000000000e+00
 0.000000000000000000e+00
 0.000000000000000000e+00
 0.000000000000000000e+00
 0.000000000000000000e+00
 0.000000000000000000e+00
 0.000000000000000000e+00
 0.000000000000000000e+00
 0.000000000000000000e+00
 0.000000000000000000e+00
 0.000000000000000000e+00
 0.000000000000000000e+00
 0.000000000000000000e+00
 0.000000000000000000e+00
 0.000000000000000000e+00
 0.000000000000000000e+00
 0.000000000000000000e+00
 0.000000000000000000e+00
 0.000000000000000000e+00
 0.000000000000000000e+00
 0.000000000000000000e+00
 0.000000000000000000e+00
 0.000000000000000000e+00
 0.000000000000000000e+00
 0.000000000000000000e+00
 0.000000000000000000e+00
 0.000000000000000000e+00
 0.000000000000000000e+00
 0.000000000000000000e+00
 0.000000000000000000e+00
 0.000000000000000000e+00
 0.000000000000000000e+00
 0.000000000000000000e+00
 0.000000000000000000e+00
 0.000000000000000000e+00
 0.000000000000000000e+00
 0.000000000000000000e+00
 0.000000000000000000e+00
 0.000000000000000000e+00
 0.000000000000000000e+00
 0.000000000000000000e+00
 0.000000000000000000e+00
 0.000000000000000000e+00
 0.000000000000000000e+00
 0.000000000000000000e+00
 0.000000000000000000e+00
 0.000000000000000000e+00
 0.000000000000000000e+00
 0.000000000000000000e+00
 0.000000000000000000e+00
 0.000000000000000000e+00
 0.000000000000000000e+00
 0.000000000000000000e+00
 0.000000000000000000e+00
 0.000000000000000000e+00
 0.000000000000000000e+00
 0.000000000000000000e+00
 0.000000000000000000e+00
 0.000000000000000000e+00
 0.000000000000000000e+00
 0.000000000000000000e+00
 0.000000000000000000e+00
 0.000000000000000000e+00
 0.000000000000000000e+00
 0.000000000000000000e+00
 0.000000000000000000e+00
 0.000000000000000000e+00
 0.000000000000000000e+00
 0.000000000000000000e+00
 0.000000000000000000e+00
 0.000000000000000000e+00
 0.000000000000000000e+00
 0.000000000000000000e+00
 0.000000000000000000e+00
 0.000000000000000000e+00
 0.000000000000000000e+00
 0.000000000000000000e+00
 0.000000000000000000e+00
 0.000000000000000000e+00
 0.000000000000000000e+00
 0.000000000000000000e+00
 0.000000000000000000e+00
 0.000000000000000000e+00
 0.000000000000000000e+00
 0.000000000000000000e+00
 0.000000000000000000e+00
 0.000000000000000000e+00
 0.000000000000000000e+00
 0.000000000000000000e+00
 0.000000000000000000e+00
 0.000000000000000000e+00
 0.000000000000000000e+00
 0.000000000000000000e+00
 0.000000000000000000e+00
 0.000000000000000000e+00
 0.000000000000000000e+00
 0.000000000000000000e+00
 0.000000000000000000e+00
 0.000000000000000000e+00
 0.000000000000000000e+00
 0.000000000000000000e+00
 0.000000000000000000e+00
 0.000000000000000000e+00
 0.000000000000000000e+00
 0.000000000000000000e+00
 0.000000000000000000e+00
 0.000000000000000000e+00
 0.000000000000000000e+00
 0.000000000000000000e+00
 0.000000000000000000e+00
 0.000000000000000000e+00
 0.000000000000000000e+00
 0.000000000000000000e+00
 0.000000000000000000e+00
 0.000000000000000000e+00
 0.000000000000000000e+00
 0.000000000000000000e+00
 0.000000000000000000e+00
 0.000000000000000000e+00
 0.000000000000000000e+00
 0.000000000000000000e+00
 0.000000000000000000e+00
 0.000000000000000000e+00
 0.000000000000000000e+00
 0.000000000000000000e+00
 0.000000000000000000e+00
 0.000000000000000000e+00
 0.000000000000000000e+00
 0.000000000000000000e+00
 0.000000000000000000e+00
 0.000000000000000000e+00
 0.000000000000000000e+00
 0.000000000000000000e+00
 0.000000000000000000e+00
 0.000000000000000000e+00
 0.000000000000000000e+00
 0.000000000000000000e+00
 0.000000000000000000e+00
 0.000000000000000000e+00
 0.000000000000000000e+00
 0.000000000000000000e+00
 0.000000000000000000e+00
 0.000000000000000000e+00
 0.000000000000000000e+00
 0.000000000000000000e+00
 0.000000000000000000e+00
 0.000000000000000000e+00
 0.000000000000000000e+00
 0.000000000000000000e+00
 0.000000000000000000e+00
 0.000000000000000000e+00
 0.000000000000000000e+00
 0.000000000000000000e+00
 0.000000000000000000e+00
 0.000000000000000000e+00
 0.000000000000000000e+00
 0.000000000000000000e+00
 0.000000000000000000e+00
 0.000000000000000000e+00
 0.000000000000000000e+00
 0.000000000000000000e+00
 0.000000000000000000e+00
 0.000000000000000000e+00
 0.000000000000000000e+00
 0.000000000000000000e+00
 0.000000000000000000e+00
 0.000000000000000000e+00
 0.000000000000000000e+00
 0.000000000000000000e+00
 0.000000000000000000e+00
 0.000000000000000000e+00
 0.000000000000000000e+00
 0.000000000000000000e+00
 0.000000000000000000e+00
 0.000000000000000000e+00
 0.000000000000000000e+00
 0.000000000000000000e+00
 0.000000000000000000e+00
 0.000000000000000000e+00
 0.000000000000000000e+00
 0.000000000000000000e+00
 0.000000000000000000e+00
 0.000000000000000000e+00
 0.000000000000000000e+00
 0.000000000000000000e+00
 0.000000000000000000e+00
 0.000000000000000000e+00
 0.000000000000000000e+00
 0.000000000000000000e+00
 0.000000000000000000e+00
 0.000000000000000000e+00
 0.000000000000000000e+00
 0.000000000000000000e+00
 0.000000000000000000e+00
 0.000000000000000000e+00
 0.000000000000000000e+00
 0.000000000000000000e+00
 0.000000000000000000e+00
 0.000000000000000000e+00
 0.000000000000000000e+00
 0.000000000000000000e+00
 0.000000000000000000e+00
 0.000000000000000000e+00
 0.000000000000000000e+00
 0.000000000000000000e+00
 0.000000000000000000e+00
 0.000000000000000000e+00
 0.000000000000000000e+00
 0.000000000000000000e+00
 0.000000000000000000e+00
 0.000000000000000000e+00
 0.000000000000000000e+00
 0.000000000000000000e+00
 0.000000000000000000e+00
 0.000000000000000000e+00
 0.000000000000000000e+00
 0.000000000000000000e+00
 0.000000000000000000e+00
 0.000000000000000000e+00
 0.000000000000000000e+00
 0.000000000000000000e+00
 0.000000000000000000e+00
 0.000000000000000000e+00
 0.000000000000000000e+00
 0.000000000000000000e+00
 0.000000000000000000e+00
 0.000000000000000000e+00
 0.000000000000000000e+00
 0.000000000000000000e+00
 0.000000000000000000e+00
 0.000000000000000000e+00
 0.000000000000000000e+00
 0.000000000000000000e+00
 0.000000000000000000e+00
 0.000000000000000000e+00
 0.000000000000000000e+00
 0.000000000000000000e+00
 0.000000000000000000e+00
 0.000000000000000000e+00
 0.000000000000000000e+00
 0.000000000000000000e+00
 0.000000000000000000e+00
 0.000000000000000000e+00
 0.000000000000000000e+00
 0.000000000000000000e+00
 0.000000000000000000e+00
 0.000000000000000000e+00
 0.000000000000000000e+00
 0.000000000000000000e+00
 0.000000000000000000e+00
 0.000000000000000000e+00
 0.000000000000000000e+00
 0.000000000000000000e+00
 0.000000000000000000e+00
 0.000000000000000000e+00
 0.000000000000000000e+00
 0.000000000000000000e+00
 0.000000000000000000e+00
 0.000000000000000000e+00
 0.000000000000000000e+00
 0.000000000000000000e+00
 0.000000000000000000e+00
 0.000000000000000000e+00
 0.000000000000000000e+00
 0.000000000000000000e+00
 0.000000000000000000e+00
 0.000000000000000000e+00
 0.000000000000000000e+00
 0.000000000000000000e+00
 0.000000000000000000e+00
 0.000000000000000000e+00
 0.000000000000000000e+00
 0.000000000000000000e+00
 0.000000000000000000e+00
 0.000000000000000000e+00
 0.000000000000000000e+00
 0.000000000000000000e+00
 0.000000000000000000e+00
 0.000000000000000000e+00
 0.000000000000000000e+00
 0.000000000000000000e+00
 0.000000000000000000e+00
 0.000000000000000000e+00
 0.000000000000000000e+00
 0.000000000000000000e+00
 0.000000000000000000e+00
 0.000000000000000000e+00
 0.000000000000000000e+00
 0.000000000000000000e+00
 0.000000000000000000e+00
 0.000000000000000000e+00
 0.000000000000000000e+00
 0.000000000000000000e+00
 0.000000000000000000e+00
 0.000000000000000000e+00
 0.000000000000000000e+00
 0.000000000000000000e+00
 0.000000000000000000e+00
 0.000000000000000000e+00
 0.000000000000000000e+00
 0.000000000000000000e+00
 0.000000000000000000e+00
 0.000000000000000000e+00
 0.000000000000000000e+00
 0.000000000000000000e+00
 0.000000000000000000e+00
 0.000000000000000000e+00
 0.000000000000000000e+00
 0.000000000000000000e+00
 0.000000000000000000e+00
 0.000000000000000000e+00
 0.000000000000000000e+00
 0.000000000000000000e+00
 0.000000000000000000e+00
 0.000000000000000000e+00
 0.000000000000000000e+00
 0.000000000000000000e+00
 0.000000000000000000e+00
 0.000000000000000000e+00
 0.000000000000000000e+00
 0.000000000000000000e+00
 0.000000000000000000e+00
 0.000000000000000000e+00
 0.000000000000000000e+00
 0.000000000000000000e+00
 0.000000000000000000e+00
 0.000000000000000000e+00
 0.000000000000000000e+00
 0.000000000000000000e+00
 0.000000000000000000e+00
 0.000000000000000000e+00
 0.000000000000000000e+00
 0.000000000000000000e+00
 0.000000000000000000e+00
 0.000000000000000000e+00
 0.000000000000000000e+00
 0.000000000000000000e+00
 0.000000000000000000e+00
 0.000000000000000000e+00
 0.000000000000000000e+00
 0.000000000000000000e+00
 0.000000000000000000e+00
 0.000000000000000000e+00
 0.000000000000000000e+00
 0.000000000000000000e+00
 0.000000000000000000e+00
 0.000000000000000000e+00
 0.000000000000000000e+00
 0.000000000000000000e+00
 0.000000000000000000e+00
 0.000000000000000000e+00
 0.000000000000000000e+00
 0.000000000000000000e+00
 0.000000000000000000e+00
 0.000000000000000000e+00
 0.000000000000000000e+00
 0.000000000000000000e+00
 0.000000000000000000e+00
 0.000000000000000000e+00
 0.000000000000000000e+00
 0.000000000000000000e+00
 0.000000000000000000e+00
 0.000000000000000000e+00
 0.000000000000000000e+00
 0.000000000000000000e+00
 0.000000000000000000e+00
 0.000000000000000000e+00
 0.000000000000000000e+00
 0.000000000000000000e+00
 0.000000000000000000e+00
 0.000000000000000000e+00
 0.000000000000000000e+00
 0.000000000000000000e+00
 0.000000000000000000e+00
 0.000000000000000000e+00
 0.000000000000000000e+00
 0.000000000000000000e+00
 0.000000000000000000e+00
 0.000000000000000000e+00
 0.000000000000000000e+00
 0.000000000000000000e+00
 0.000000000000000000e+00
 0.000000000000000000e+00
 0.000000000000000000e+00
 0.000000000000000000e+00
 0.000000000000000000e+00
 0.000000000000000000e+00
 0.000000000000000000e+00
 0.000000000000000000e+00
 0.000000000000000000e+00
 0.000000000000000000e+00
 0.000000000000000000e+00
 0.000000000000000000e+00
 0.000000000000000000e+00
 0.000000000000000000e+00
 0.000000000000000000e+00
 0.000000000000000000e+00
 0.000000000000000000e+00
 0.000000000000000000e+00
 0.000000000000000000e+00
 0.000000000000000000e+00
 0.000000000000000000e+00
 0.000000000000000000e+00
 0.000000000000000000e+00
 0.000000000000000000e+00
 0.000000000000000000e+00
 0.000000000000000000e+00
 0.000000000000000000e+00
 0.000000000000000000e+00
 0.000000000000000000e+00
 0.000000000000000000e+00
 0.000000000000000000e+00
 0.000000000000000000e+00
 0.000000000000000000e+00
 0.000000000000000000e+00
 0.000000000000000000e+00
 0.000000000000000000e+00
 0.000000000000000000e+00
 0.000000000000000000e+00
 0.000000000000000000e+00
 0.000000000000000000e+00
 0.000000000000000000e+00
 0.000000000000000000e+00
 0.000000000000000000e+00
 0.000000000000000000e+00
 0.000000000000000000e+00
 0.000000000000000000e+00
 0.000000000000000000e+00
 0.000000000000000000e+00
 0.000000000000000000e+00
 0.000000000000000000e+00
 0.000000000000000000e+00
 0.000000000000000000e+00
 0.000000000000000000e+00
 0.000000000000000000e+00
 0.000000000000000000e+00
 0.000000000000000000e+00
 0.000000000000000000e+00
 0.000000000000000000e+00
 0.000000000000000000e+00
 0.000000000000000000e+00
 0.000000000000000000e+00
 0.000000000000000000e+00
 0.000000000000000000e+00
 0.000000000000000000e+00
 0.000000000000000000e+00
 0.000000000000000000e+00
 0.000000000000000000e+00
 0.000000000000000000e+00
 0.000000000000000000e+00
 0.000000000000000000e+00
 0.000000000000000000e+00
 0.000000000000000000e+00
 0.000000000000000000e+00
 0.000000000000000000e+00
 0.000000000000000000e+00
 0.000000000000000000e+00
 0.000000000000000000e+00
 0.000000000000000000e+00
 0.000000000000000000e+00
 0.000000000000000000e+00
 0.000000000000000000e+00
 0.000000000000000000e+00
 0.000000000000000000e+00
 0.000000000000000000e+00
 0.000000000000000000e+00
 0.000000000000000000e+00
 0.000000000000000000e+00
 0.000000000000000000e+00
 0.000000000000000000e+00
 0.000000000000000000e+00
 0.000000000000000000e+00
 0.000000000000000000e+00
 0.000000000000000000e+00
 0.000000000000000000e+00
 0.000000000000000000e+00
 0.000000000000000000e+00
 </DataArray>
 <DataArray Name="p" type="Float32" NumberOfComponents="1" format="ascii">
 2.518299619938906108e+04
 2.518326821971468235e+04
 2.518431250486914359e+04
 2.518694361032312008e+04
 2.519230048986670954e+04
 2.520175090376266962e+04
 2.521634629128042434e+04
 2.523462480077211876e+04
 2.525165140837941726e+04
 2.526596590922050382e+04
 2.527806703568730882e+04
 2.528672506285939380e+04
 2.529171034925932690e+04
 2.529481879095211843e+04
 2.529773807374764510e+04
 2.530086870051265214e+04
 2.530323662141890964e+04
 2.530431519089110589e+04
 2.530450324800285307e+04
 2.530434645259759418e+04
 2.530414829730698693e+04
 2.530406701518213231e+04
 2.530394861681023758e+04
 2.530371087134279151e+04
 2.530323563901586749e+04
 2.530226545413316126e+04
 2.530042502655881981e+04
 2.529734142442704615e+04
 2.529275421900602669e+04
 2.528664790940171224e+04
 2.527939342854686402e+04
 2.527169776173534046e+04
 2.526423289087599551e+04
 2.525731188703360021e+04
 2.525091065863824406e+04
 2.524484945277146107e+04
 2.523894390869931522e+04
 2.523309190600947841e+04
 2.522729570458003946e+04
 2.522162363305167673e+04
 2.521614129658219099e+04
 2.521085602607875990e+04
 2.520569944157349892e+04
 2.520054848288500216e+04
 2.519527075002202764e+04
 2.518977456484722279e+04
 2.518404528095627757e+04
 2.517815335509106444e+04
 2.517222970750782042e+04
 2.516641885763343453e+04
 2.516082980472578129e+04
 2.515550495079720349e+04
 2.515042031898963251e+04
 2.514551610954455828e+04
 2.514074179015053596e+04
 2.513609307083941167e+04
 2.513162072231700586e+04
 2.512740468183793928e+04
 2.512350846100882336e+04
 2.511994129064325534e+04
 2.511664839152483182e+04
 2.511353225747081888e+04
 2.511049166490512653e+04
 2.510745883187078653e+04
 2.510441823740066320e+04
 2.510139842791287811e+04
 2.509844272736045241e+04
 2.509557738280895501e+04
 2.509279309889958677e+04
 2.509004546171407856e+04
 2.508727146753643683e+04
 2.508441396059429826e+04
 2.508144385513501402e+04
 2.507837084656452862e+04
 2.507523728745112021e+04
 2.507209825043056844e+04
 2.506899807715905263e+04
 2.506595420637691859e+04
 2.506295464652713417e+04
 2.505996931656107336e+04
 2.505696959203408551e+04
 2.505394718282973918e+04
 2.505092363294740790e+04
 2.504794536994781811e+04
 2.504506632675255969e+04
 2.504232685542472609e+04
 2.503973916907259263e+04
 2.503728583168270779e+04
 2.503493142303340210e+04
 2.503264136873059761e+04
 2.503039894515132619e+04
 2.502821224930747485e+04
 2.502610738113229672e+04
 2.502411173871432402e+04
 2.502223711240771081e+04
 2.502047137104565627e+04
 2.501878198998676817e+04
 2.501712865373049499e+04
 2.501547845623752437e+04
 2.501381684803410099e+04
 2.501214946378860623e+04
 2.501049424766957236e+04
 2.500886866108706818e+04
 2.500727883193504385e+04
 2.500571525538448986e+04
 2.500415609961691007e+04
 2.500257604724728299e+04
 2.500095662250462919e+04
 2.499929353918072229e+04
 2.499759770528553781e+04
 2.499588938293973115e+04
 2.499418857038744318e+04
 2.499250636692488115e+04
 2.499084108866813403e+04
 2.498918046841623800e+04
 2.498750860208816812e+04
 2.498581438018490371e+04
 2.498409759946341001e+04
 2.498236989014034771e+04
 2.498064997005760233e+04
 2.497895562608229739e+04
 2.497729638626097949e+04
 2.497567023522627642e+04
 2.497406562580322861e+04
 2.497246758692052390e+04
 2.497086499804051346e+04
 2.496925572507406469e+04
 2.496764733506802804e+04
 2.496605323791379851e+04
 2.496448637213960683e+04
 2.496295357985775991e+04
 2.496145318088151907e+04
 2.495997661234939733e+04
 2.495851316987415703e+04
 2.495705557409644825e+04
 2.495560375765521894e+04
 2.495416505819826489e+04
 2.495275074241405673e+04
 2.495137067079684493e+04
 2.495002877281884139e+04
 2.494872141053994710e+04
 2.494743920680913652e+04
 2.494617131895760758e+04
 2.494491012253886583e+04
 2.494365416669787373e+04
 2.494240808069388004e+04
 2.494117959550402884e+04
 2.493997527739146972e+04
 2.493879708977705377e+04
 2.493764131266110780e+04
 2.493650014544028090e+04
 2.493536511399582741e+04
 2.493423066795737395e+04
 2.493309632051944573e+04
 2.493196635935417726e+04
 2.493084732827686457e+04
 2.492974457436296143e+04
 2.492865953446640560e+04
 2.492758895910885985e+04
 2.492652630355164729e+04
 2.492546454543775690e+04
 2.492439910981347930e+04
 2.492332958644364044e+04
 2.492225949883482826e+04
 2.492119431605853606e+04
 2.492013873062666971e+04
 2.491909450396667671e+04
 2.491805982047223733e+04
 2.491703035151115546e+04
 2.491600146940862396e+04
 2.491497057515240886e+04
 2.491393848362651988e+04
 2.491290925345397773e+04
 2.491188858401547986e+04
 2.491088157537325606e+04
 2.490989090375393425e+04
 2.490891621033734555e+04
 2.490795490869868445e+04
 2.490700397270165195e+04
 2.490606184313203266e+04
 2.490512955425194377e+04
 2.490421055000062188e+04
 2.490330928917953861e+04
 2.490242932531415136e+04
 2.490157177715369107e+04
 2.490073487962665604e+04
 2.489991477152041989e+04
 2.489910710513112645e+04
 2.489830870985967340e+04
 2.489751854815240586e+04
 2.489673756024683098e+04
 2.489596754350526680e+04
 2.489520967091778584e+04
 2.489446337884223249e+04
 2.489372611938662885e+04
 2.489299404248828432e+04
 2.489226325802154679e+04
 2.489153109348524595e+04
 2.489079678871901706e+04
 2.489006134260439285e+04
 2.488932663129335560e+04
 2.488859425219405966e+04
 2.488786464245427123e+04
 2.488713685396918663e+04
 2.488640905011075665e+04
 2.488567947183173237e+04
 2.488494742645549923e+04
 2.488421385109258335e+04
 2.488348119602927181e+04
 2.488275268441794833e+04
 2.488203128781749547e+04
 2.488131887250048021e+04
 2.488061587249307195e+04
 2.487992159385445848e+04
 2.487923497036897970e+04
 2.487855539503573527e+04
 2.487788322624184366e+04
 2.487721972790013751e+04
 2.487656648281361049e+04
 2.487592457977668528e+04
 2.487529397784655157e+04
 2.487467334921733345e+04
 2.487406046419335325e+04
 2.487345293304453298e+04
 2.487284896961466438e+04
 2.487224784516830550e+04
 2.487164985068330134e+04
 2.487105581609008368e+04
 2.487046643767548812e+04
 2.486988174027698187e+04
 2.486930091926607201e+04
 2.486872262074424361e+04
 2.486814551973333073e+04
 2.486756892999519914e+04
 2.486699317125313246e+04
 2.486641952873696937e+04
 2.486584982071336708e+04
 2.486528576366150446e+04
 2.486472841160720418e+04
 2.486417790564142342e+04
 2.486363362346661233e+04
 2.486309463764592510e+04
 2.486256025864656112e+04
 2.486203041170527649e+04
 2.486150568290707088e+04
 2.486098702815653451e+04
 2.486047529463081446e+04
 2.485997078447723834e+04
 2.485947306091374048e+04
 2.485898107772564981e+04
 2.518299619938925389e+04
 2.518326821971498066e+04
 2.518431250486921635e+04
 2.518694361032313827e+04
 2.519230048986676411e+04
 2.520175090376267690e+04
 2.521634629128035886e+04
 2.523462480077189321e+04
 2.525165140837903527e+04
 2.526596590922050382e+04
 2.527806703568730154e+04
 2.528672506285939380e+04
 2.529171034925913045e+04
 2.529481879095207114e+04
 2.529773807374772878e+04
 2.530086870051267397e+04
 2.530323662141873137e+04
 2.530431519089100766e+04
 2.530450324800261296e+04
 2.530434645259727404e+04
 2.530414829730689598e+04
 2.530406701518207410e+04
 2.530394861681020848e+04
 2.530371087134278787e+04
 2.530323563901590387e+04
 2.530226545413338317e+04
 2.530042502655903809e+04
 2.529734142442712982e+04
 2.529275421900608853e+04
 2.528664790940179228e+04
 2.527939342854682764e+04
 2.527169776173544233e+04
 2.526423289087593002e+04
 2.525731188703347652e+04
 2.525091065863819676e+04
 2.524484945277143197e+04
 2.523894390869936251e+04
 2.523309190600951115e+04
 2.522729570458000671e+04
 2.522162363305163672e+04
 2.521614129658223465e+04
 2.521085602607874171e+04
 2.520569944157341888e+04
 2.520054848288502035e+04
 2.519527075002211132e+04
 2.518977456484732102e+04
 2.518404528095628120e+04
 2.517815335509120632e+04
 2.517222970750790046e+04
 2.516641885763352184e+04
 2.516082980472582858e+04
 2.515550495079731991e+04
 2.515042031898966161e+04
 2.514551610954465650e+04
 2.514074179015057598e+04
 2.513609307083929161e+04
 2.513162072231695129e+04
 2.512740468183792473e+04
 2.512350846100894341e+04
 2.511994129064328445e+04
 2.511664839152484637e+04
 2.511353225747082251e+04
 2.511049166490508651e+04
 2.510745883187060463e+04
 2.510441823740047403e+04
 2.510139842791285992e+04
 2.509844272736034691e+04
 2.509557738280892954e+04
 2.509279309889956130e+04
 2.509004546171411130e+04
 2.508727146753655688e+04
 2.508441396059453109e+04
 2.508144385513515590e+04
 2.507837084656459047e+04
 2.507523728745106928e+04
 2.507209825043045203e+04
 2.506899807715895076e+04
 2.506595420637671123e+04
 2.506295464652698865e+04
 2.505996931656084053e+04
 2.505696959203383449e+04
 2.505394718282960093e+04
 2.505092363294729512e+04
 2.504794536994777445e+04
 2.504506632675251240e+04
 2.504232685542488616e+04
 2.503973916907260354e+04
 2.503728583168273326e+04
 2.503493142303344575e+04
 2.503264136873063035e+04
 2.503039894515138803e+04
 2.502821224930756944e+04
 2.502610738113226398e+04
 2.502411173871410938e+04
 2.502223711240759440e+04
 2.502047137104565627e+04
 2.501878198998680818e+04
 2.501712865373060777e+04
 2.501547845623766989e+04
 2.501381684803414464e+04
 2.501214946378856985e+04
 2.501049424766952143e+04
 2.500886866108701361e+04
 2.500727883193520029e+04
 2.500571525538458081e+04
 2.500415609961683003e+04
 2.500257604724728662e+04
 2.500095662250464738e+04
 2.499929353918072957e+04
 2.499759770528565423e+04
 2.499588938293988758e+04
 2.499418857038760689e+04
 2.499250636692501939e+04
 2.499084108866833412e+04
 2.498918046841641626e+04
 2.498750860208833546e+04
 2.498581438018508561e+04
 2.498409759946366466e+04
 2.498236989014040228e+04
 2.498064997005771511e+04
 2.497895562608230102e+04
 2.497729638626112137e+04
 2.497567023522635645e+04
 2.497406562580333775e+04
 2.497246758692043659e+04
 2.497086499804027335e+04
 2.496925572507377365e+04
 2.496764733506773700e+04
 2.496605323791373667e+04
 2.496448637213987240e+04
 2.496295357985792725e+04
 2.496145318088166823e+04
 2.495997661234924090e+04
 2.495851316987407699e+04
 2.495705557409637913e+04
 2.495560375765520075e+04
 2.495416505819834128e+04
 2.495275074241408947e+04
 2.495137067079679036e+04
 2.495002877281868132e+04
 2.494872141053968153e+04
 2.494743920680897281e+04
 2.494617131895756393e+04
 2.494491012253895678e+04
 2.494365416669798651e+04
 2.494240808069405102e+04
 2.494117959550413070e+04
 2.493997527739132784e+04
 2.493879708977703558e+04
 2.493764131266105323e+04
 2.493650014544020087e+04
 2.493536511399578012e+04
 2.493423066795715204e+04
 2.493309632051942026e+04
 2.493196635935414815e+04
 2.493084732827703192e+04
 2.492974457436307421e+04
 2.492865953446650019e+04
 2.492758895910882711e+04
 2.492652630355173096e+04
 2.492546454543774962e+04
 2.492439910981351204e+04
 2.492332958644376777e+04
 2.492225949883493740e+04
 2.492119431605862337e+04
 2.492013873062677885e+04
 2.491909450396662214e+04
 2.491805982047194630e+04
 2.491703035151095901e+04
 2.491600146940840568e+04
 2.491497057515226697e+04
 2.491393848362647259e+04
 2.491290925345391952e+04
 2.491188858401551988e+04
 2.491088157537322331e+04
 2.490989090375387241e+04
 2.490891621033719275e+04
 2.490795490869862260e+04
 2.490700397270177200e+04
 2.490606184313234917e+04
 2.490512955425217660e+04
 2.490421055000090928e+04
 2.490330928917985875e+04
 2.490242932531446058e+04
 2.490157177715396392e+04
 2.490073487962684158e+04
 2.489991477152061998e+04
 2.489910710513124286e+04
 2.489830870985974980e+04
 2.489751854815227853e+04
 2.489673756024646718e+04
 2.489596754350481569e+04
 2.489520967091735656e+04
 2.489446337884191962e+04
 2.489372611938633054e+04
 2.489299404248801511e+04
 2.489226325802128486e+04
 2.489153109348535145e+04
 2.489079678871931173e+04
 2.489006134260472390e+04
 2.488932663129374123e+04
 2.488859425219438708e+04
 2.488786464245447132e+04
 2.488713685396925939e+04
 2.488640905011090945e+04
 2.488567947183165234e+04
 2.488494742645541555e+04
 2.488421385109238690e+04
 2.488348119602918450e+04
 2.488275268441789012e+04
 2.488203128781734267e+04
 2.488131887250056388e+04
 2.488061587249311197e+04
 2.487992159385463674e+04
 2.487923497036915433e+04
 2.487855539503577165e+04
 2.487788322624198918e+04
 2.487721972790021391e+04
 2.487656648281359958e+04
 2.487592457977666345e+04
 2.487529397784662069e+04
 2.487467334921733709e+04
 2.487406046419322593e+04
 2.487345293304436927e+04
 2.487284896961444247e+04
 2.487224784516817817e+04
 2.487164985068327223e+04
 2.487105581608991633e+04
 2.487046643767553178e+04
 2.486988174027695277e+04
 2.486930091926608657e+04
 2.486872262074423634e+04
 2.486814551973343259e+04
 2.486756892999523552e+04
 2.486699317125308517e+04
 2.486641952873696209e+04
 2.486584982071331615e+04
 2.486528576366148991e+04
 2.486472841160726239e+04
 2.486417790564140887e+04
 2.486363362346649228e+04
 2.486309463764577595e+04
 2.486256025864628100e+04
 2.486203041170505458e+04
 2.486150568290692536e+04
 2.486098702815659999e+04
 2.486047529463086175e+04
 2.485997078447747117e+04
 2.485947306091379141e+04
 2.485898107772580624e+04
 </DataArray>
 <DataArray Name="a" type="Float32" NumberOfComponents="1" format="ascii">
 8.333362573642884854e+02
 8.333380591550459258e+02
 8.333449728890198003e+02
 8.333623876330642588e+02
 8.333978364497511393e+02
 8.334603566659936860e+02
 8.335568766548092299e+02
 8.336776939809570877e+02
 8.337901760945062506e+02
 8.338846938446733930e+02
 8.339645616361958673e+02
 8.340216868429155284e+02
 8.340545744182687713e+02
 8.340750793406748471e+02
 8.340943339753597456e+02
 8.341149804380282831e+02
 8.341305983355547369e+02
 8.341377139008430959e+02
 8.341389561201841616e+02
 8.341379251895618836e+02
 8.341366244051960166e+02
 8.341360923259247784e+02
 8.341353150412120385e+02
 8.341337504674676211e+02
 8.341306197182168489e+02
 8.341242260142681744e+02
 8.341120952293250639e+02
 8.340917670777018884e+02
 8.340615203530692270e+02
 8.340212475353984019e+02
 8.339733908099872224e+02
 8.339226120514019840e+02
 8.338733451498883369e+02
 8.338276576621262848e+02
 8.337853925655177818e+02
 8.337453647143645412e+02
 8.337063575572051377e+02
 8.336676969298251834e+02
 8.336293979336639950e+02
 8.335919124051760036e+02
 8.335556745261432070e+02
 8.335207334416641061e+02
 8.334866375870378761e+02
 8.334525733950221138e+02
 8.334176649706569151e+02
 8.333813052729774427e+02
 8.333433966154070731e+02
 8.333044045358891481e+02
 8.332651952029319773e+02
 8.332267254779425230e+02
 8.331897176663101163e+02
 8.331544534091516425e+02
 8.331207747250550710e+02
 8.330882861255071248e+02
 8.330566532725223396e+02
 8.330258481191316378e+02
 8.329962076014414833e+02
 8.329682622099113587e+02
 8.329424337685929913e+02
 8.329187842822044558e+02
 8.328969511856038253e+02
 8.328762883092272205e+02
 8.328561245405994669e+02
 8.328360103480334828e+02
 8.328158427579833187e+02
 8.327958111633887484e+02
 8.327762030992887503e+02
 8.327571928774382286e+02
 8.327387189683591942e+02
 8.327204867089278650e+02
 8.327020779250972282e+02
 8.326831131161469557e+02
 8.326633990133600491e+02
 8.326429997900264652e+02
 8.326221965162931156e+02
 8.326013548498899581e+02
 8.325807693075666975e+02
 8.325605558003505848e+02
 8.325406347574811434e+02
 8.325208063864145061e+02
 8.325008804993415197e+02
 8.324808019728293402e+02
 8.324607139536999512e+02
 8.324409250499739983e+02
 8.324217938815960451e+02
 8.324035889065277161e+02
 8.323863915754336631e+02
 8.323700862058612984e+02
 8.323544374732343840e+02
 8.323392155915311150e+02
 8.323243094134680859e+02
 8.323097728392550607e+02
 8.322957795359324109e+02
 8.322825118605670696e+02
 8.322700483935317379e+02
 8.322583085924734405e+02
 8.322470762173297771e+02
 8.322360831403684642e+02
 8.322251104649106992e+02
 8.322140613786471022e+02
 8.322029733533136096e+02
 8.321919657844814537e+02
 8.321811548830640959e+02
 8.321705814586648557e+02
 8.321601822859620370e+02
 8.321498120802276617e+02
 8.321393023248072041e+02
 8.321285300072665905e+02
 8.321174665481827333e+02
 8.321061845180439605e+02
 8.320948187833857901e+02
 8.320835024847980321e+02
 8.320723095401199316e+02
 8.320612287654980719e+02
 8.320501785021436945e+02
 8.320390528551605485e+02
 8.320277778359819649e+02
 8.320163520734948861e+02
 8.320048530077951909e+02
 8.319934052982011963e+02
 8.319821274212413300e+02
 8.319710828561017024e+02
 8.319602581935873786e+02
 8.319495765235208182e+02
 8.319389381167701458e+02
 8.319282688906627072e+02
 8.319175546386828728e+02
 8.319068458062564559e+02
 8.318962317889191809e+02
 8.318857988531634646e+02
 8.318755926400373255e+02
 8.318656019847312564e+02
 8.318557698326711716e+02
 8.318460248336924678e+02
 8.318363184488158595e+02
 8.318266502067455122e+02
 8.318170690089319805e+02
 8.318076499716581793e+02
 8.317984588616383235e+02
 8.317895219232024147e+02
 8.317808149563848019e+02
 8.317722754932541420e+02
 8.317638312827925802e+02
 8.317554315163505407e+02
 8.317470665356108839e+02
 8.317387672146151090e+02
 8.317305851038908031e+02
 8.317225639827565828e+02
 8.317147169332703243e+02
 8.317070191356050373e+02
 8.316994185596832949e+02
 8.316918586921148062e+02
 8.316843025341283919e+02
 8.316767468783181130e+02
 8.316692203784087951e+02
 8.316617667402026655e+02
 8.316544216733340136e+02
 8.316471947768997097e+02
 8.316400643550009590e+02
 8.316329866969261957e+02
 8.316259148826829914e+02
 8.316188183145202402e+02
 8.316116941983450488e+02
 8.316045660250259743e+02
 8.315974703158808552e+02
 8.315904384552510464e+02
 8.315834822981537400e+02
 8.315765898383667718e+02
 8.315697322861255998e+02
 8.315628788224523760e+02
 8.315560121186216520e+02
 8.315491375761043855e+02
 8.315422821985548580e+02
 8.315354839120574297e+02
 8.315287766391182913e+02
 8.315221781459240447e+02
 8.315156859830137819e+02
 8.315092828879688795e+02
 8.315029487244713664e+02
 8.314966732042805688e+02
 8.314904633898892143e+02
 8.314843424379204180e+02
 8.314783402524780058e+02
 8.314724806368158170e+02
 8.314667710672149497e+02
 8.314611996966667675e+02
 8.314557406288059838e+02
 8.314503646894552276e+02
 8.314450505654112931e+02
 8.314397912207683703e+02
 8.314345928869701083e+02
 8.314294675902342533e+02
 8.314244232506807748e+02
 8.314194562339433787e+02
 8.314145496717044352e+02
 8.314096779912337070e+02
 8.314048153218233210e+02
 8.313999438773204247e+02
 8.313950585869929455e+02
 8.313901660724152407e+02
 8.313852787678023333e+02
 8.313804072145484270e+02
 8.313755541916499396e+02
 8.313707132316264961e+02
 8.313658719573578537e+02
 8.313610185551019640e+02
 8.313561483990971510e+02
 8.313512678302618042e+02
 8.313463933807229296e+02
 8.313415468150586776e+02
 8.313367482560214512e+02
 8.313320104377089592e+02
 8.313273364698419527e+02
 8.313227218174885138e+02
 8.313181593031197281e+02
 8.313136446342770114e+02
 8.313091797933686848e+02
 8.313047726941634892e+02
 8.313004333661291412e+02
 8.312961686545831981e+02
 8.312919781003751041e+02
 8.312878529819685127e+02
 8.312837789210354913e+02
 8.312797407974446742e+02
 8.312757277230285808e+02
 8.312717358623963264e+02
 8.312677679205482946e+02
 8.312638296892429253e+02
 8.312599254069270955e+02
 8.312560541644332943e+02
 8.312522090020488577e+02
 8.312483790672986288e+02
 8.312445538600240980e+02
 8.312407277289632930e+02
 8.312369026973879045e+02
 8.312330883974232165e+02
 8.312292991172961365e+02
 8.312255491998016623e+02
 8.312218487016710924e+02
 8.312182010177103848e+02
 8.312146032186298044e+02
 8.312110486368995907e+02
 8.312075303391125090e+02
 8.312040439158035952e+02
 8.312005885175942694e+02
 8.311971659864028652e+02
 8.311937788351615382e+02
 8.311904283074350133e+02
 8.311871135935650727e+02
 8.311838325828449570e+02
 8.333362573642843927e+02
 8.333380591550438794e+02
 8.333449728890147981e+02
 8.333623876330593703e+02
 8.333978364497476150e+02
 8.334603566659910712e+02
 8.335568766548074109e+02
 8.336776939809537907e+02
 8.337901760945012484e+02
 8.338846938446761214e+02
 8.339645616361996190e+02
 8.340216868429224633e+02
 8.340545744182738872e+02
 8.340750793406822368e+02
 8.340943339753694090e+02
 8.341149804380371506e+02
 8.341305983355587159e+02
 8.341377139008474160e+02
 8.341389561201857532e+02
 8.341379251895606330e+02
 8.341366244051961303e+02
 8.341360923259244373e+02
 8.341353150412113564e+02
 8.341337504674662569e+02
 8.341306197182151436e+02
 8.341242260142694249e+02
 8.341120952293269966e+02
 8.340917670777025705e+02
 8.340615203530718418e+02
 8.340212475354029493e+02
 8.339733908099902919e+02
 8.339226120514078957e+02
 8.338733451498927707e+02
 8.338276576621301501e+02
 8.337853925655218745e+02
 8.337453647143676108e+02
 8.337063575572076388e+02
 8.336676969298255244e+02
 8.336293979336626307e+02
 8.335919124051755489e+02
 8.335556745261459355e+02
 8.335207334416677440e+02
 8.334866375870417414e+02
 8.334525733950271160e+02
 8.334176649706616899e+02
 8.333813052729815354e+02
 8.333433966154091195e+02
 8.333044045358936955e+02
 8.332651952029345921e+02
 8.332267254779441146e+02
 8.331897176663098890e+02
 8.331544534091518699e+02
 8.331207747250537068e+02
 8.330882861255071248e+02
 8.330566532725216575e+02
 8.330258481191278861e+02
 8.329962076014373906e+02
 8.329682622099066975e+02
 8.329424337685899218e+02
 8.329187842822011589e+02
 8.328969511856017789e+02
 8.328762883092256288e+02
 8.328561245405993532e+02
 8.328360103480333692e+02
 8.328158427579832050e+02
 8.327958111633903400e+02
 8.327762030992880682e+02
 8.327571928774381149e+02
 8.327387189683580573e+02
 8.327204867089258187e+02
 8.327020779250933629e+02
 8.326831131161441135e+02
 8.326633990133577754e+02
 8.326429997900255557e+02
 8.326221965162932293e+02
 8.326013548498926866e+02
 8.325807693075729503e+02
 8.325605558003572924e+02
 8.325406347574889878e+02
 8.325208063864195083e+02
 8.325008804993437934e+02
 8.324808019728315003e+02
 8.324607139537013154e+02
 8.324409250499754762e+02
 8.324217938815964999e+02
 8.324035889065312404e+02
 8.323863915754350273e+02
 8.323700862058625489e+02
 8.323544374732356346e+02
 8.323392155915300918e+02
 8.323243094134643343e+02
 8.323097728392498311e+02
 8.322957795359249076e+02
 8.322825118605578609e+02
 8.322700483935252578e+02
 8.322583085924705983e+02
 8.322470762173306866e+02
 8.322360831403726706e+02
 8.322251104649169520e+02
 8.322140613786522181e+02
 8.322029733533188391e+02
 8.321919657844882749e+02
 8.321811548830719403e+02
 8.321705814586759971e+02
 8.321601822859712456e+02
 8.321498120802327776e+02
 8.321393023248123200e+02
 8.321285300072704558e+02
 8.321174665481845523e+02
 8.321061845180463479e+02
 8.320948187833890870e+02
 8.320835024848013290e+02
 8.320723095401218643e+02
 8.320612287655014825e+02
 8.320501785021486967e+02
 8.320390528551666876e+02
 8.320277778359890135e+02
 8.320163520735025031e+02
 8.320048530077979194e+02
 8.319934052982039248e+02
 8.319821274212434901e+02
 8.319710828561071594e+02
 8.319602581935929493e+02
 8.319495765235267299e+02
 8.319389381167735564e+02
 8.319282688906650947e+02
 8.319175546386834412e+02
 8.319068458062533864e+02
 8.318962317889156566e+02
 8.318857988531628962e+02
 8.318755926400349381e+02
 8.318656019847305743e+02
 8.318557698326681020e+02
 8.318460248336939458e+02
 8.318363184488213165e+02
 8.318266502067543797e+02
 8.318170690089424397e+02
 8.318076499716662511e+02
 8.317984588616435531e+02
 8.317895219232054842e+02
 8.317808149563852567e+02
 8.317722754932543694e+02
 8.317638312827924665e+02
 8.317554315163515639e+02
 8.317470665356123618e+02
 8.317387672146185196e+02
 8.317305851038948958e+02
 8.317225639827579471e+02
 8.317147169332744170e+02
 8.317070191356093574e+02
 8.316994185596882971e+02
 8.316918586921211727e+02
 8.316843025341318025e+02
 8.316767468783234563e+02
 8.316692203784126605e+02
 8.316617667402089182e+02
 8.316544216733390158e+02
 8.316471947769042572e+02
 8.316400643550026643e+02
 8.316329866969271052e+02
 8.316259148826792398e+02
 8.316188183145145558e+02
 8.316116941983397055e+02
 8.316045660250192668e+02
 8.315974703158728971e+02
 8.315904384552436568e+02
 8.315834822981448724e+02
 8.315765898383548347e+02
 8.315697322861153680e+02
 8.315628788224415757e+02
 8.315560121186125571e+02
 8.315491375760974506e+02
 8.315422821985481505e+02
 8.315354839120531096e+02
 8.315287766391132891e+02
 8.315221781459187014e+02
 8.315156859830068470e+02
 8.315092828879641047e+02
 8.315029487244696611e+02
 8.314966732042805688e+02
 8.314904633898863722e+02
 8.314843424379171211e+02
 8.314783402524741405e+02
 8.314724806368125201e+02
 8.314667710672133580e+02
 8.314611996966667675e+02
 8.314557406288088259e+02
 8.314503646894589792e+02
 8.314450505654172048e+02
 8.314397912207745094e+02
 8.314345928869756790e+02
 8.314294675902391418e+02
 8.314244232506844128e+02
 8.314194562339480399e+02
 8.314145496717085280e+02
 8.314096779912367765e+02
 8.314048153218238895e+02
 8.313999438773238353e+02
 8.313950585869979477e+02
 8.313901660724219482e+02
 8.313852787678129062e+02
 8.313804072145604778e+02
 8.313755541916610809e+02
 8.313707132316358184e+02
 8.313658719573684266e+02
 8.313610185551093537e+02
 8.313561483991037449e+02
 8.313512678302656695e+02
 8.313463933807274771e+02
 8.313415468150625429e+02
 8.313367482560222470e+02
 8.313320104377123698e+02
 8.313273364698446812e+02
 8.313227218174940845e+02
 8.313181593031275725e+02
 8.313136446342849695e+02
 8.313091797933793714e+02
 8.313047726941742894e+02
 8.313004333661391456e+02
 8.312961686545913835e+02
 8.312919781003822663e+02
 8.312878529819738560e+02
 8.312837789210390156e+02
 8.312797407974472890e+02
 8.312757277230283535e+02
 8.312717358623956443e+02
 8.312677679205481809e+02
 8.312638296892388325e+02
 8.312599254069243671e+02
 8.312560541644278373e+02
 8.312522090020427186e+02
 8.312483790672919213e+02
 8.312445538600204600e+02
 8.312407277289603371e+02
 8.312369026973855171e+02
 8.312330883974245808e+02
 8.312292991172994334e+02
 8.312255491998062098e+02
 8.312218487016760946e+02
 8.312182010177131133e+02
 8.312146032186300317e+02
 8.312110486368981128e+02
 8.312075303391076204e+02
 8.312040439157975698e+02
 8.312005885175877893e+02
 8.311971659863987725e+02
 8.311937788351565359e+02
 8.311904283074330806e+02
 8.311871135935624579e+02
 8.311838325828467759e+02
 </DataArray>
 <DataArray Name="mu" type="Float32" NumberOfComponents="1" format="ascii">
 1.813928062146993983e-05
 1.813928062146993983e-05
 1.813928062146993983e-05
 1.813928062146993983e-05
 1.813928062146993983e-05
 1.813928062146993983e-05
 1.813928062146993983e-05
 1.813928062146993983e-05
 1.813928062146993983e-05
 1.813928062146993983e-05
 1.813928062146993983e-05
 1.813928062146993983e-05
 1.813928062146993983e-05
 1.813928062146993983e-05
 1.813928062146993983e-05
 1.813928062146993983e-05
 1.813928062146993983e-05
 1.813928062146993983e-05
 1.813928062146993983e-05
 1.813928062146993983e-05
 1.813928062146993983e-05
 1.813928062146993983e-05
 1.813928062146993983e-05
 1.813928062146993983e-05
 1.813928062146993983e-05
 1.813928062146993983e-05
 1.813928062146993983e-05
 1.813928062146993983e-05
 1.813928062146993983e-05
 1.813928062146993983e-05
 1.813928062146993983e-05
 1.813928062146993983e-05
 1.813928062146993983e-05
 1.813928062146993983e-05
 1.813928062146993983e-05
 1.813928062146993983e-05
 1.813928062146993983e-05
 1.813928062146993983e-05
 1.813928062146993983e-05
 1.813928062146993983e-05
 1.813928062146993983e-05
 1.813928062146993983e-05
 1.813928062146993983e-05
 1.813928062146993983e-05
 1.813928062146993983e-05
 1.813928062146993983e-05
 1.813928062146993983e-05
 1.813928062146993983e-05
 1.813928062146993983e-05
 1.813928062146993983e-05
 1.813928062146993983e-05
 1.813928062146993983e-05
 1.813928062146993983e-05
 1.813928062146993983e-05
 1.813928062146993983e-05
 1.813928062146993983e-05
 1.813928062146993983e-05
 1.813928062146993983e-05
 1.813928062146993983e-05
 1.813928062146993983e-05
 1.813928062146993983e-05
 1.813928062146993983e-05
 1.813928062146993983e-05
 1.813928062146993983e-05
 1.813928062146993983e-05
 1.813928062146993983e-05
 1.813928062146993983e-05
 1.813928062146993983e-05
 1.813928062146993983e-05
 1.813928062146993983e-05
 1.813928062146993983e-05
 1.813928062146993983e-05
 1.813928062146993983e-05
 1.813928062146993983e-05
 1.813928062146993983e-05
 1.813928062146993983e-05
 1.813928062146993983e-05
 1.813928062146993983e-05
 1.813928062146993983e-05
 1.813928062146993983e-05
 1.813928062146993983e-05
 1.813928062146993983e-05
 1.813928062146993983e-05
 1.813928062146993983e-05
 1.813928062146993983e-05
 1.813928062146993983e-05
 1.813928062146993983e-05
 1.813928062146993983e-05
 1.813928062146993983e-05
 1.813928062146993983e-05
 1.813928062146993983e-05
 1.813928062146993983e-05
 1.813928062146993983e-05
 1.813928062146993983e-05
 1.813928062146993983e-05
 1.813928062146993983e-05
 1.813928062146993983e-05
 1.813928062146993983e-05
 1.813928062146993983e-05
 1.813928062146993983e-05
 1.813928062146993983e-05
 1.813928062146993983e-05
 1.813928062146993983e-05
 1.813928062146993983e-05
 1.813928062146993983e-05
 1.813928062146993983e-05
 1.813928062146993983e-05
 1.813928062146993983e-05
 1.813928062146993983e-05
 1.813928062146993983e-05
 1.813928062146993983e-05
 1.813928062146993983e-05
 1.813928062146993983e-05
 1.813928062146993983e-05
 1.813928062146993983e-05
 1.813928062146993983e-05
 1.813928062146993983e-05
 1.813928062146993983e-05
 1.813928062146993983e-05
 1.813928062146993983e-05
 1.813928062146993983e-05
 1.813928062146993983e-05
 1.813928062146993983e-05
 1.813928062146993983e-05
 1.813928062146993983e-05
 1.813928062146993983e-05
 1.813928062146993983e-05
 1.813928062146993983e-05
 1.813928062146993983e-05
 1.813928062146993983e-05
 1.813928062146993983e-05
 1.813928062146993983e-05
 1.813928062146993983e-05
 1.813928062146993983e-05
 1.813928062146993983e-05
 1.813928062146993983e-05
 1.813928062146993983e-05
 1.813928062146993983e-05
 1.813928062146993983e-05
 1.813928062146993983e-05
 1.813928062146993983e-05
 1.813928062146993983e-05
 1.813928062146993983e-05
 1.813928062146993983e-05
 1.813928062146993983e-05
 1.813928062146993983e-05
 1.813928062146993983e-05
 1.813928062146993983e-05
 1.813928062146993983e-05
 1.813928062146993983e-05
 1.813928062146993983e-05
 1.813928062146993983e-05
 1.813928062146993983e-05
 1.813928062146993983e-05
 1.813928062146993983e-05
 1.813928062146993983e-05
 1.813928062146993983e-05
 1.813928062146993983e-05
 1.813928062146993983e-05
 1.813928062146993983e-05
 1.813928062146993983e-05
 1.813928062146993983e-05
 1.813928062146993983e-05
 1.813928062146993983e-05
 1.813928062146993983e-05
 1.813928062146993983e-05
 1.813928062146993983e-05
 1.813928062146993983e-05
 1.813928062146993983e-05
 1.813928062146993983e-05
 1.813928062146993983e-05
 1.813928062146993983e-05
 1.813928062146993983e-05
 1.813928062146993983e-05
 1.813928062146993983e-05
 1.813928062146993983e-05
 1.813928062146993983e-05
 1.813928062146993983e-05
 1.813928062146993983e-05
 1.813928062146993983e-05
 1.813928062146993983e-05
 1.813928062146993983e-05
 1.813928062146993983e-05
 1.813928062146993983e-05
 1.813928062146993983e-05
 1.813928062146993983e-05
 1.813928062146993983e-05
 1.813928062146993983e-05
 1.813928062146993983e-05
 1.813928062146993983e-05
 1.813928062146993983e-05
 1.813928062146993983e-05
 1.813928062146993983e-05
 1.813928062146993983e-05
 1.813928062146993983e-05
 1.813928062146993983e-05
 1.813928062146993983e-05
 1.813928062146993983e-05
 1.813928062146993983e-05
 1.813928062146993983e-05
 1.813928062146993983e-05
 1.813928062146993983e-05
 1.813928062146993983e-05
 1.813928062146993983e-05
 1.813928062146993983e-05
 1.813928062146993983e-05
 1.813928062146993983e-05
 1.813928062146993983e-05
 1.813928062146993983e-05
 1.813928062146993983e-05
 1.813928062146993983e-05
 1.813928062146993983e-05
 1.813928062146993983e-05
 1.813928062146993983e-05
 1.813928062146993983e-05
 1.813928062146993983e-05
 1.813928062146993983e-05
 1.813928062146993983e-05
 1.813928062146993983e-05
 1.813928062146993983e-05
 1.813928062146993983e-05
 1.813928062146993983e-05
 1.813928062146993983e-05
 1.813928062146993983e-05
 1.813928062146993983e-05
 1.813928062146993983e-05
 1.813928062146993983e-05
 1.813928062146993983e-05
 1.813928062146993983e-05
 1.813928062146993983e-05
 1.813928062146993983e-05
 1.813928062146993983e-05
 1.813928062146993983e-05
 1.813928062146993983e-05
 1.813928062146993983e-05
 1.813928062146993983e-05
 1.813928062146993983e-05
 1.813928062146993983e-05
 1.813928062146993983e-05
 1.813928062146993983e-05
 1.813928062146993983e-05
 1.813928062146993983e-05
 1.813928062146993983e-05
 1.813928062146993983e-05
 1.813928062146993983e-05
 1.813928062146993983e-05
 1.813928062146993983e-05
 1.813928062146993983e-05
 1.813928062146993983e-05
 1.813928062146993983e-05
 1.813928062146993983e-05
 1.813928062146993983e-05
 1.813928062146993983e-05
 1.813928062146993983e-05
 1.813928062146993983e-05
 1.813928062146993983e-05
 1.813928062146993983e-05
 1.813928062146993983e-05
 1.813928062146993983e-05
 1.813928062146993983e-05
 1.813928062146993983e-05
 1.813928062146993983e-05
 1.813928062146993983e-05
 1.813928062146993983e-05
 1.813928062146993983e-05
 1.813928062146993983e-05
 1.813928062146993983e-05
 1.813928062146993983e-05
 1.813928062146993983e-05
 1.813928062146993983e-05
 1.813928062146993983e-05
 1.813928062146993983e-05
 1.813928062146993983e-05
 1.813928062146993983e-05
 1.813928062146993983e-05
 1.813928062146993983e-05
 1.813928062146993983e-05
 1.813928062146993983e-05
 1.813928062146993983e-05
 1.813928062146993983e-05
 1.813928062146993983e-05
 1.813928062146993983e-05
 1.813928062146993983e-05
 1.813928062146993983e-05
 1.813928062146993983e-05
 1.813928062146993983e-05
 1.813928062146993983e-05
 1.813928062146993983e-05
 1.813928062146993983e-05
 1.813928062146993983e-05
 1.813928062146993983e-05
 1.813928062146993983e-05
 1.813928062146993983e-05
 1.813928062146993983e-05
 1.813928062146993983e-05
 1.813928062146993983e-05
 1.813928062146993983e-05
 1.813928062146993983e-05
 1.813928062146993983e-05
 1.813928062146993983e-05
 1.813928062146993983e-05
 1.813928062146993983e-05
 1.813928062146993983e-05
 1.813928062146993983e-05
 1.813928062146993983e-05
 1.813928062146993983e-05
 1.813928062146993983e-05
 1.813928062146993983e-05
 1.813928062146993983e-05
 1.813928062146993983e-05
 1.813928062146993983e-05
 1.813928062146993983e-05
 1.813928062146993983e-05
 1.813928062146993983e-05
 1.813928062146993983e-05
 1.813928062146993983e-05
 1.813928062146993983e-05
 1.813928062146993983e-05
 1.813928062146993983e-05
 1.813928062146993983e-05
 1.813928062146993983e-05
 1.813928062146993983e-05
 1.813928062146993983e-05
 1.813928062146993983e-05
 1.813928062146993983e-05
 1.813928062146993983e-05
 1.813928062146993983e-05
 1.813928062146993983e-05
 1.813928062146993983e-05
 1.813928062146993983e-05
 1.813928062146993983e-05
 1.813928062146993983e-05
 1.813928062146993983e-05
 1.813928062146993983e-05
 1.813928062146993983e-05
 1.813928062146993983e-05
 1.813928062146993983e-05
 1.813928062146993983e-05
 1.813928062146993983e-05
 1.813928062146993983e-05
 1.813928062146993983e-05
 1.813928062146993983e-05
 1.813928062146993983e-05
 1.813928062146993983e-05
 1.813928062146993983e-05
 1.813928062146993983e-05
 1.813928062146993983e-05
 1.813928062146993983e-05
 1.813928062146993983e-05
 1.813928062146993983e-05
 1.813928062146993983e-05
 1.813928062146993983e-05
 1.813928062146993983e-05
 1.813928062146993983e-05
 1.813928062146993983e-05
 1.813928062146993983e-05
 1.813928062146993983e-05
 1.813928062146993983e-05
 1.813928062146993983e-05
 1.813928062146993983e-05
 1.813928062146993983e-05
 1.813928062146993983e-05
 1.813928062146993983e-05
 1.813928062146993983e-05
 1.813928062146993983e-05
 1.813928062146993983e-05
 1.813928062146993983e-05
 1.813928062146993983e-05
 1.813928062146993983e-05
 1.813928062146993983e-05
 1.813928062146993983e-05
 1.813928062146993983e-05
 1.813928062146993983e-05
 1.813928062146993983e-05
 1.813928062146993983e-05
 1.813928062146993983e-05
 1.813928062146993983e-05
 1.813928062146993983e-05
 1.813928062146993983e-05
 1.813928062146993983e-05
 1.813928062146993983e-05
 1.813928062146993983e-05
 1.813928062146993983e-05
 1.813928062146993983e-05
 1.813928062146993983e-05
 1.813928062146993983e-05
 1.813928062146993983e-05
 1.813928062146993983e-05
 1.813928062146993983e-05
 1.813928062146993983e-05
 1.813928062146993983e-05
 1.813928062146993983e-05
 1.813928062146993983e-05
 1.813928062146993983e-05
 1.813928062146993983e-05
 1.813928062146993983e-05
 1.813928062146993983e-05
 1.813928062146993983e-05
 1.813928062146993983e-05
 1.813928062146993983e-05
 1.813928062146993983e-05
 1.813928062146993983e-05
 1.813928062146993983e-05
 1.813928062146993983e-05
 1.813928062146993983e-05
 1.813928062146993983e-05
 1.813928062146993983e-05
 1.813928062146993983e-05
 1.813928062146993983e-05
 1.813928062146993983e-05
 1.813928062146993983e-05
 1.813928062146993983e-05
 1.813928062146993983e-05
 1.813928062146993983e-05
 1.813928062146993983e-05
 1.813928062146993983e-05
 1.813928062146993983e-05
 1.813928062146993983e-05
 1.813928062146993983e-05
 1.813928062146993983e-05
 1.813928062146993983e-05
 1.813928062146993983e-05
 1.813928062146993983e-05
 1.813928062146993983e-05
 1.813928062146993983e-05
 1.813928062146993983e-05
 1.813928062146993983e-05
 1.813928062146993983e-05
 1.813928062146993983e-05
 1.813928062146993983e-05
 1.813928062146993983e-05
 1.813928062146993983e-05
 1.813928062146993983e-05
 1.813928062146993983e-05
 1.813928062146993983e-05
 1.813928062146993983e-05
 1.813928062146993983e-05
 1.813928062146993983e-05
 1.813928062146993983e-05
 1.813928062146993983e-05
 1.813928062146993983e-05
 1.813928062146993983e-05
 1.813928062146993983e-05
 1.813928062146993983e-05
 1.813928062146993983e-05
 1.813928062146993983e-05
 1.813928062146993983e-05
 1.813928062146993983e-05
 1.813928062146993983e-05
 1.813928062146993983e-05
 1.813928062146993983e-05
 1.813928062146993983e-05
 1.813928062146993983e-05
 1.813928062146993983e-05
 1.813928062146993983e-05
 1.813928062146993983e-05
 1.813928062146993983e-05
 1.813928062146993983e-05
 1.813928062146993983e-05
 1.813928062146993983e-05
 1.813928062146993983e-05
 1.813928062146993983e-05
 1.813928062146993983e-05
 1.813928062146993983e-05
 1.813928062146993983e-05
 1.813928062146993983e-05
 1.813928062146993983e-05
 1.813928062146993983e-05
 1.813928062146993983e-05
 1.813928062146993983e-05
 1.813928062146993983e-05
 1.813928062146993983e-05
 1.813928062146993983e-05
 1.813928062146993983e-05
 1.813928062146993983e-05
 1.813928062146993983e-05
 1.813928062146993983e-05
 1.813928062146993983e-05
 1.813928062146993983e-05
 1.813928062146993983e-05
 1.813928062146993983e-05
 1.813928062146993983e-05
 1.813928062146993983e-05
 1.813928062146993983e-05
 1.813928062146993983e-05
 1.813928062146993983e-05
 1.813928062146993983e-05
 1.813928062146993983e-05
 1.813928062146993983e-05
 1.813928062146993983e-05
 1.813928062146993983e-05
 1.813928062146993983e-05
 1.813928062146993983e-05
 1.813928062146993983e-05
 1.813928062146993983e-05
 1.813928062146993983e-05
 1.813928062146993983e-05
 1.813928062146993983e-05
 1.813928062146993983e-05
 1.813928062146993983e-05
 </DataArray>
 <DataArray Name="k" type="Float32" NumberOfComponents="1" format="ascii">
 2.576041171715383674e-02
 2.576041171715383674e-02
 2.576041171715383674e-02
 2.576041171715383674e-02
 2.576041171715383674e-02
 2.576041171715383674e-02
 2.576041171715383674e-02
 2.576041171715383674e-02
 2.576041171715383674e-02
 2.576041171715383674e-02
 2.576041171715383674e-02
 2.576041171715383674e-02
 2.576041171715383674e-02
 2.576041171715383674e-02
 2.576041171715383674e-02
 2.576041171715383674e-02
 2.576041171715383674e-02
 2.576041171715383674e-02
 2.576041171715383674e-02
 2.576041171715383674e-02
 2.576041171715383674e-02
 2.576041171715383674e-02
 2.576041171715383674e-02
 2.576041171715383674e-02
 2.576041171715383674e-02
 2.576041171715383674e-02
 2.576041171715383674e-02
 2.576041171715383674e-02
 2.576041171715383674e-02
 2.576041171715383674e-02
 2.576041171715383674e-02
 2.576041171715383674e-02
 2.576041171715383674e-02
 2.576041171715383674e-02
 2.576041171715383674e-02
 2.576041171715383674e-02
 2.576041171715383674e-02
 2.576041171715383674e-02
 2.576041171715383674e-02
 2.576041171715383674e-02
 2.576041171715383674e-02
 2.576041171715383674e-02
 2.576041171715383674e-02
 2.576041171715383674e-02
 2.576041171715383674e-02
 2.576041171715383674e-02
 2.576041171715383674e-02
 2.576041171715383674e-02
 2.576041171715383674e-02
 2.576041171715383674e-02
 2.576041171715383674e-02
 2.576041171715383674e-02
 2.576041171715383674e-02
 2.576041171715383674e-02
 2.576041171715383674e-02
 2.576041171715383674e-02
 2.576041171715383674e-02
 2.576041171715383674e-02
 2.576041171715383674e-02
 2.576041171715383674e-02
 2.576041171715383674e-02
 2.576041171715383674e-02
 2.576041171715383674e-02
 2.576041171715383674e-02
 2.576041171715383674e-02
 2.576041171715383674e-02
 2.576041171715383674e-02
 2.576041171715383674e-02
 2.576041171715383674e-02
 2.576041171715383674e-02
 2.576041171715383674e-02
 2.576041171715383674e-02
 2.576041171715383674e-02
 2.576041171715383674e-02
 2.576041171715383674e-02
 2.576041171715383674e-02
 2.576041171715383674e-02
 2.576041171715383674e-02
 2.576041171715383674e-02
 2.576041171715383674e-02
 2.576041171715383674e-02
 2.576041171715383674e-02
 2.576041171715383674e-02
 2.576041171715383674e-02
 2.576041171715383674e-02
 2.576041171715383674e-02
 2.576041171715383674e-02
 2.576041171715383674e-02
 2.576041171715383674e-02
 2.576041171715383674e-02
 2.576041171715383674e-02
 2.576041171715383674e-02
 2.576041171715383674e-02
 2.576041171715383674e-02
 2.576041171715383674e-02
 2.576041171715383674e-02
 2.576041171715383674e-02
 2.576041171715383674e-02
 2.576041171715383674e-02
 2.576041171715383674e-02
 2.576041171715383674e-02
 2.576041171715383674e-02
 2.576041171715383674e-02
 2.576041171715383674e-02
 2.576041171715383674e-02
 2.576041171715383674e-02
 2.576041171715383674e-02
 2.576041171715383674e-02
 2.576041171715383674e-02
 2.576041171715383674e-02
 2.576041171715383674e-02
 2.576041171715383674e-02
 2.576041171715383674e-02
 2.576041171715383674e-02
 2.576041171715383674e-02
 2.576041171715383674e-02
 2.576041171715383674e-02
 2.576041171715383674e-02
 2.576041171715383674e-02
 2.576041171715383674e-02
 2.576041171715383674e-02
 2.576041171715383674e-02
 2.576041171715383674e-02
 2.576041171715383674e-02
 2.576041171715383674e-02
 2.576041171715383674e-02
 2.576041171715383674e-02
 2.576041171715383674e-02
 2.576041171715383674e-02
 2.576041171715383674e-02
 2.576041171715383674e-02
 2.576041171715383674e-02
 2.576041171715383674e-02
 2.576041171715383674e-02
 2.576041171715383674e-02
 2.576041171715383674e-02
 2.576041171715383674e-02
 2.576041171715383674e-02
 2.576041171715383674e-02
 2.576041171715383674e-02
 2.576041171715383674e-02
 2.576041171715383674e-02
 2.576041171715383674e-02
 2.576041171715383674e-02
 2.576041171715383674e-02
 2.576041171715383674e-02
 2.576041171715383674e-02
 2.576041171715383674e-02
 2.576041171715383674e-02
 2.576041171715383674e-02
 2.576041171715383674e-02
 2.576041171715383674e-02
 2.576041171715383674e-02
 2.576041171715383674e-02
 2.576041171715383674e-02
 2.576041171715383674e-02
 2.576041171715383674e-02
 2.576041171715383674e-02
 2.576041171715383674e-02
 2.576041171715383674e-02
 2.576041171715383674e-02
 2.576041171715383674e-02
 2.576041171715383674e-02
 2.576041171715383674e-02
 2.576041171715383674e-02
 2.576041171715383674e-02
 2.576041171715383674e-02
 2.576041171715383674e-02
 2.576041171715383674e-02
 2.576041171715383674e-02
 2.576041171715383674e-02
 2.576041171715383674e-02
 2.576041171715383674e-02
 2.576041171715383674e-02
 2.576041171715383674e-02
 2.576041171715383674e-02
 2.576041171715383674e-02
 2.576041171715383674e-02
 2.576041171715383674e-02
 2.576041171715383674e-02
 2.576041171715383674e-02
 2.576041171715383674e-02
 2.576041171715383674e-02
 2.576041171715383674e-02
 2.576041171715383674e-02
 2.576041171715383674e-02
 2.576041171715383674e-02
 2.576041171715383674e-02
 2.576041171715383674e-02
 2.576041171715383674e-02
 2.576041171715383674e-02
 2.576041171715383674e-02
 2.576041171715383674e-02
 2.576041171715383674e-02
 2.576041171715383674e-02
 2.576041171715383674e-02
 2.576041171715383674e-02
 2.576041171715383674e-02
 2.576041171715383674e-02
 2.576041171715383674e-02
 2.576041171715383674e-02
 2.576041171715383674e-02
 2.576041171715383674e-02
 2.576041171715383674e-02
 2.576041171715383674e-02
 2.576041171715383674e-02
 2.576041171715383674e-02
 2.576041171715383674e-02
 2.576041171715383674e-02
 2.576041171715383674e-02
 2.576041171715383674e-02
 2.576041171715383674e-02
 2.576041171715383674e-02
 2.576041171715383674e-02
 2.576041171715383674e-02
 2.576041171715383674e-02
 2.576041171715383674e-02
 2.576041171715383674e-02
 2.576041171715383674e-02
 2.576041171715383674e-02
 2.576041171715383674e-02
 2.576041171715383674e-02
 2.576041171715383674e-02
 2.576041171715383674e-02
 2.576041171715383674e-02
 2.576041171715383674e-02
 2.576041171715383674e-02
 2.576041171715383674e-02
 2.576041171715383674e-02
 2.576041171715383674e-02
 2.576041171715383674e-02
 2.576041171715383674e-02
 2.576041171715383674e-02
 2.576041171715383674e-02
 2.576041171715383674e-02
 2.576041171715383674e-02
 2.576041171715383674e-02
 2.576041171715383674e-02
 2.576041171715383674e-02
 2.576041171715383674e-02
 2.576041171715383674e-02
 2.576041171715383674e-02
 2.576041171715383674e-02
 2.576041171715383674e-02
 2.576041171715383674e-02
 2.576041171715383674e-02
 2.576041171715383674e-02
 2.576041171715383674e-02
 2.576041171715383674e-02
 2.576041171715383674e-02
 2.576041171715383674e-02
 2.576041171715383674e-02
 2.576041171715383674e-02
 2.576041171715383674e-02
 2.576041171715383674e-02
 2.576041171715383674e-02
 2.576041171715383674e-02
 2.576041171715383674e-02
 2.576041171715383674e-02
 2.576041171715383674e-02
 2.576041171715383674e-02
 2.576041171715383674e-02
 2.576041171715383674e-02
 2.576041171715383674e-02
 2.576041171715383674e-02
 2.576041171715383674e-02
 2.576041171715383674e-02
 2.576041171715383674e-02
 2.576041171715383674e-02
 2.576041171715383674e-02
 2.576041171715383674e-02
 2.576041171715383674e-02
 2.576041171715383674e-02
 2.576041171715383674e-02
 2.576041171715383674e-02
 2.576041171715383674e-02
 2.576041171715383674e-02
 2.576041171715383674e-02
 2.576041171715383674e-02
 2.576041171715383674e-02
 2.576041171715383674e-02
 2.576041171715383674e-02
 2.576041171715383674e-02
 2.576041171715383674e-02
 2.576041171715383674e-02
 2.576041171715383674e-02
 2.576041171715383674e-02
 2.576041171715383674e-02
 2.576041171715383674e-02
 2.576041171715383674e-02
 2.576041171715383674e-02
 2.576041171715383674e-02
 2.576041171715383674e-02
 2.576041171715383674e-02
 2.576041171715383674e-02
 2.576041171715383674e-02
 2.576041171715383674e-02
 2.576041171715383674e-02
 2.576041171715383674e-02
 2.576041171715383674e-02
 2.576041171715383674e-02
 2.576041171715383674e-02
 2.576041171715383674e-02
 2.576041171715383674e-02
 2.576041171715383674e-02
 2.576041171715383674e-02
 2.576041171715383674e-02
 2.576041171715383674e-02
 2.576041171715383674e-02
 2.576041171715383674e-02
 2.576041171715383674e-02
 2.576041171715383674e-02
 2.576041171715383674e-02
 2.576041171715383674e-02
 2.576041171715383674e-02
 2.576041171715383674e-02
 2.576041171715383674e-02
 2.576041171715383674e-02
 2.576041171715383674e-02
 2.576041171715383674e-02
 2.576041171715383674e-02
 2.576041171715383674e-02
 2.576041171715383674e-02
 2.576041171715383674e-02
 2.576041171715383674e-02
 2.576041171715383674e-02
 2.576041171715383674e-02
 2.576041171715383674e-02
 2.576041171715383674e-02
 2.576041171715383674e-02
 2.576041171715383674e-02
 2.576041171715383674e-02
 2.576041171715383674e-02
 2.576041171715383674e-02
 2.576041171715383674e-02
 2.576041171715383674e-02
 2.576041171715383674e-02
 2.576041171715383674e-02
 2.576041171715383674e-02
 2.576041171715383674e-02
 2.576041171715383674e-02
 2.576041171715383674e-02
 2.576041171715383674e-02
 2.576041171715383674e-02
 2.576041171715383674e-02
 2.576041171715383674e-02
 2.576041171715383674e-02
 2.576041171715383674e-02
 2.576041171715383674e-02
 2.576041171715383674e-02
 2.576041171715383674e-02
 2.576041171715383674e-02
 2.576041171715383674e-02
 2.576041171715383674e-02
 2.576041171715383674e-02
 2.576041171715383674e-02
 2.576041171715383674e-02
 2.576041171715383674e-02
 2.576041171715383674e-02
 2.576041171715383674e-02
 2.576041171715383674e-02
 2.576041171715383674e-02
 2.576041171715383674e-02
 2.576041171715383674e-02
 2.576041171715383674e-02
 2.576041171715383674e-02
 2.576041171715383674e-02
 2.576041171715383674e-02
 2.576041171715383674e-02
 2.576041171715383674e-02
 2.576041171715383674e-02
 2.576041171715383674e-02
 2.576041171715383674e-02
 2.576041171715383674e-02
 2.576041171715383674e-02
 2.576041171715383674e-02
 2.576041171715383674e-02
 2.576041171715383674e-02
 2.576041171715383674e-02
 2.576041171715383674e-02
 2.576041171715383674e-02
 2.576041171715383674e-02
 2.576041171715383674e-02
 2.576041171715383674e-02
 2.576041171715383674e-02
 2.576041171715383674e-02
 2.576041171715383674e-02
 2.576041171715383674e-02
 2.576041171715383674e-02
 2.576041171715383674e-02
 2.576041171715383674e-02
 2.576041171715383674e-02
 2.576041171715383674e-02
 2.576041171715383674e-02
 2.576041171715383674e-02
 2.576041171715383674e-02
 2.576041171715383674e-02
 2.576041171715383674e-02
 2.576041171715383674e-02
 2.576041171715383674e-02
 2.576041171715383674e-02
 2.576041171715383674e-02
 2.576041171715383674e-02
 2.576041171715383674e-02
 2.576041171715383674e-02
 2.576041171715383674e-02
 2.576041171715383674e-02
 2.576041171715383674e-02
 2.576041171715383674e-02
 2.576041171715383674e-02
 2.576041171715383674e-02
 2.576041171715383674e-02
 2.576041171715383674e-02
 2.576041171715383674e-02
 2.576041171715383674e-02
 2.576041171715383674e-02
 2.576041171715383674e-02
 2.576041171715383674e-02
 2.576041171715383674e-02
 2.576041171715383674e-02
 2.576041171715383674e-02
 2.576041171715383674e-02
 2.576041171715383674e-02
 2.576041171715383674e-02
 2.576041171715383674e-02
 2.576041171715383674e-02
 2.576041171715383674e-02
 2.576041171715383674e-02
 2.576041171715383674e-02
 2.576041171715383674e-02
 2.576041171715383674e-02
 2.576041171715383674e-02
 2.576041171715383674e-02
 2.576041171715383674e-02
 2.576041171715383674e-02
 2.576041171715383674e-02
 2.576041171715383674e-02
 2.576041171715383674e-02
 2.576041171715383674e-02
 2.576041171715383674e-02
 2.576041171715383674e-02
 2.576041171715383674e-02
 2.576041171715383674e-02
 2.576041171715383674e-02
 2.576041171715383674e-02
 2.576041171715383674e-02
 2.576041171715383674e-02
 2.576041171715383674e-02
 2.576041171715383674e-02
 2.576041171715383674e-02
 2.576041171715383674e-02
 2.576041171715383674e-02
 2.576041171715383674e-02
 2.576041171715383674e-02
 2.576041171715383674e-02
 2.576041171715383674e-02
 2.576041171715383674e-02
 2.576041171715383674e-02
 2.576041171715383674e-02
 2.576041171715383674e-02
 2.576041171715383674e-02
 2.576041171715383674e-02
 2.576041171715383674e-02
 2.576041171715383674e-02
 2.576041171715383674e-02
 2.576041171715383674e-02
 2.576041171715383674e-02
 2.576041171715383674e-02
 2.576041171715383674e-02
 2.576041171715383674e-02
 2.576041171715383674e-02
 2.576041171715383674e-02
 2.576041171715383674e-02
 2.576041171715383674e-02
 2.576041171715383674e-02
 2.576041171715383674e-02
 2.576041171715383674e-02
 2.576041171715383674e-02
 2.576041171715383674e-02
 2.576041171715383674e-02
 2.576041171715383674e-02
 2.576041171715383674e-02
 2.576041171715383674e-02
 2.576041171715383674e-02
 2.576041171715383674e-02
 2.576041171715383674e-02
 2.576041171715383674e-02
 2.576041171715383674e-02
 2.576041171715383674e-02
 2.576041171715383674e-02
 2.576041171715383674e-02
 2.576041171715383674e-02
 2.576041171715383674e-02
 2.576041171715383674e-02
 2.576041171715383674e-02
 2.576041171715383674e-02
 2.576041171715383674e-02
 2.576041171715383674e-02
 2.576041171715383674e-02
 2.576041171715383674e-02
 </DataArray>
 <DataArray Name="mu_t" type="Float32" NumberOfComponents="1" format="ascii">
 0.000000000000000000e+00
 0.000000000000000000e+00
 0.000000000000000000e+00
 0.000000000000000000e+00
 0.000000000000000000e+00
 0.000000000000000000e+00
 0.000000000000000000e+00
 0.000000000000000000e+00
 0.000000000000000000e+00
 0.000000000000000000e+00
 0.000000000000000000e+00
 0.000000000000000000e+00
 0.000000000000000000e+00
 0.000000000000000000e+00
 0.000000000000000000e+00
 0.000000000000000000e+00
 0.000000000000000000e+00
 0.000000000000000000e+00
 0.000000000000000000e+00
 0.000000000000000000e+00
 0.000000000000000000e+00
 0.000000000000000000e+00
 0.000000000000000000e+00
 0.000000000000000000e+00
 0.000000000000000000e+00
 0.000000000000000000e+00
 0.000000000000000000e+00
 0.000000000000000000e+00
 0.000000000000000000e+00
 0.000000000000000000e+00
 0.000000000000000000e+00
 0.000000000000000000e+00
 0.000000000000000000e+00
 0.000000000000000000e+00
 0.000000000000000000e+00
 0.000000000000000000e+00
 0.000000000000000000e+00
 0.000000000000000000e+00
 0.000000000000000000e+00
 0.000000000000000000e+00
 0.000000000000000000e+00
 0.000000000000000000e+00
 0.000000000000000000e+00
 0.000000000000000000e+00
 0.000000000000000000e+00
 0.000000000000000000e+00
 0.000000000000000000e+00
 0.000000000000000000e+00
 0.000000000000000000e+00
 0.000000000000000000e+00
 0.000000000000000000e+00
 0.000000000000000000e+00
 0.000000000000000000e+00
 0.000000000000000000e+00
 0.000000000000000000e+00
 0.000000000000000000e+00
 0.000000000000000000e+00
 0.000000000000000000e+00
 0.000000000000000000e+00
 0.000000000000000000e+00
 0.000000000000000000e+00
 0.000000000000000000e+00
 0.000000000000000000e+00
 0.000000000000000000e+00
 0.000000000000000000e+00
 0.000000000000000000e+00
 0.000000000000000000e+00
 0.000000000000000000e+00
 0.000000000000000000e+00
 0.000000000000000000e+00
 0.000000000000000000e+00
 0.000000000000000000e+00
 0.000000000000000000e+00
 0.000000000000000000e+00
 0.000000000000000000e+00
 0.000000000000000000e+00
 0.000000000000000000e+00
 0.000000000000000000e+00
 0.000000000000000000e+00
 0.000000000000000000e+00
 0.000000000000000000e+00
 0.000000000000000000e+00
 0.000000000000000000e+00
 0.000000000000000000e+00
 0.000000000000000000e+00
 0.000000000000000000e+00
 0.000000000000000000e+00
 0.000000000000000000e+00
 0.000000000000000000e+00
 0.000000000000000000e+00
 0.000000000000000000e+00
 0.000000000000000000e+00
 0.000000000000000000e+00
 0.000000000000000000e+00
 0.000000000000000000e+00
 0.000000000000000000e+00
 0.000000000000000000e+00
 0.000000000000000000e+00
 0.000000000000000000e+00
 0.000000000000000000e+00
 0.000000000000000000e+00
 0.000000000000000000e+00
 0.000000000000000000e+00
 0.000000000000000000e+00
 0.000000000000000000e+00
 0.000000000000000000e+00
 0.000000000000000000e+00
 0.000000000000000000e+00
 0.000000000000000000e+00
 0.000000000000000000e+00
 0.000000000000000000e+00
 0.000000000000000000e+00
 0.000000000000000000e+00
 0.000000000000000000e+00
 0.000000000000000000e+00
 0.000000000000000000e+00
 0.000000000000000000e+00
 0.000000000000000000e+00
 0.000000000000000000e+00
 0.000000000000000000e+00
 0.000000000000000000e+00
 0.000000000000000000e+00
 0.000000000000000000e+00
 0.000000000000000000e+00
 0.000000000000000000e+00
 0.000000000000000000e+00
 0.000000000000000000e+00
 0.000000000000000000e+00
 0.000000000000000000e+00
 0.000000000000000000e+00
 0.000000000000000000e+00
 0.000000000000000000e+00
 0.000000000000000000e+00
 0.000000000000000000e+00
 0.000000000000000000e+00
 0.000000000000000000e+00
 0.000000000000000000e+00
 0.000000000000000000e+00
 0.000000000000000000e+00
 0.000000000000000000e+00
 0.000000000000000000e+00
 0.000000000000000000e+00
 0.000000000000000000e+00
 0.000000000000000000e+00
 0.000000000000000000e+00
 0.000000000000000000e+00
 0.000000000000000000e+00
 0.000000000000000000e+00
 0.000000000000000000e+00
 0.000000000000000000e+00
 0.000000000000000000e+00
 0.000000000000000000e+00
 0.000000000000000000e+00
 0.000000000000000000e+00
 0.000000000000000000e+00
 0.000000000000000000e+00
 0.000000000000000000e+00
 0.000000000000000000e+00
 0.000000000000000000e+00
 0.000000000000000000e+00
 0.000000000000000000e+00
 0.000000000000000000e+00
 0.000000000000000000e+00
 0.000000000000000000e+00
 0.000000000000000000e+00
 0.000000000000000000e+00
 0.000000000000000000e+00
 0.000000000000000000e+00
 0.000000000000000000e+00
 0.000000000000000000e+00
 0.000000000000000000e+00
 0.000000000000000000e+00
 0.000000000000000000e+00
 0.000000000000000000e+00
 0.000000000000000000e+00
 0.000000000000000000e+00
 0.000000000000000000e+00
 0.000000000000000000e+00
 0.000000000000000000e+00
 0.000000000000000000e+00
 0.000000000000000000e+00
 0.000000000000000000e+00
 0.000000000000000000e+00
 0.000000000000000000e+00
 0.000000000000000000e+00
 0.000000000000000000e+00
 0.000000000000000000e+00
 0.000000000000000000e+00
 0.000000000000000000e+00
 0.000000000000000000e+00
 0.000000000000000000e+00
 0.000000000000000000e+00
 0.000000000000000000e+00
 0.000000000000000000e+00
 0.000000000000000000e+00
 0.000000000000000000e+00
 0.000000000000000000e+00
 0.000000000000000000e+00
 0.000000000000000000e+00
 0.000000000000000000e+00
 0.000000000000000000e+00
 0.000000000000000000e+00
 0.000000000000000000e+00
 0.000000000000000000e+00
 0.000000000000000000e+00
 0.000000000000000000e+00
 0.000000000000000000e+00
 0.000000000000000000e+00
 0.000000000000000000e+00
 0.000000000000000000e+00
 0.000000000000000000e+00
 0.000000000000000000e+00
 0.000000000000000000e+00
 0.000000000000000000e+00
 0.000000000000000000e+00
 0.000000000000000000e+00
 0.000000000000000000e+00
 0.000000000000000000e+00
 0.000000000000000000e+00
 0.000000000000000000e+00
 0.000000000000000000e+00
 0.000000000000000000e+00
 0.000000000000000000e+00
 0.000000000000000000e+00
 0.000000000000000000e+00
 0.000000000000000000e+00
 0.000000000000000000e+00
 0.000000000000000000e+00
 0.000000000000000000e+00
 0.000000000000000000e+00
 0.000000000000000000e+00
 0.000000000000000000e+00
 0.000000000000000000e+00
 0.000000000000000000e+00
 0.000000000000000000e+00
 0.000000000000000000e+00
 0.000000000000000000e+00
 0.000000000000000000e+00
 0.000000000000000000e+00
 0.000000000000000000e+00
 0.000000000000000000e+00
 0.000000000000000000e+00
 0.000000000000000000e+00
 0.000000000000000000e+00
 0.000000000000000000e+00
 0.000000000000000000e+00
 0.000000000000000000e+00
 0.000000000000000000e+00
 0.000000000000000000e+00
 0.000000000000000000e+00
 0.000000000000000000e+00
 0.000000000000000000e+00
 0.000000000000000000e+00
 0.000000000000000000e+00
 0.000000000000000000e+00
 0.000000000000000000e+00
 0.000000000000000000e+00
 0.000000000000000000e+00
 0.000000000000000000e+00
 0.000000000000000000e+00
 0.000000000000000000e+00
 0.000000000000000000e+00
 0.000000000000000000e+00
 0.000000000000000000e+00
 0.000000000000000000e+00
 0.000000000000000000e+00
 0.000000000000000000e+00
 0.000000000000000000e+00
 0.000000000000000000e+00
 0.000000000000000000e+00
 0.000000000000000000e+00
 0.000000000000000000e+00
 0.000000000000000000e+00
 0.000000000000000000e+00
 0.000000000000000000e+00
 0.000000000000000000e+00
 0.000000000000000000e+00
 0.000000000000000000e+00
 0.000000000000000000e+00
 0.000000000000000000e+00
 0.000000000000000000e+00
 0.000000000000000000e+00
 0.000000000000000000e+00
 0.000000000000000000e+00
 0.000000000000000000e+00
 0.000000000000000000e+00
 0.000000000000000000e+00
 0.000000000000000000e+00
 0.000000000000000000e+00
 0.000000000000000000e+00
 0.000000000000000000e+00
 0.000000000000000000e+00
 0.000000000000000000e+00
 0.000000000000000000e+00
 0.000000000000000000e+00
 0.000000000000000000e+00
 0.000000000000000000e+00
 0.000000000000000000e+00
 0.000000000000000000e+00
 0.000000000000000000e+00
 0.000000000000000000e+00
 0.000000000000000000e+00
 0.000000000000000000e+00
 0.000000000000000000e+00
 0.000000000000000000e+00
 0.000000000000000000e+00
 0.000000000000000000e+00
 0.000000000000000000e+00
 0.000000000000000000e+00
 0.000000000000000000e+00
 0.000000000000000000e+00
 0.000000000000000000e+00
 0.000000000000000000e+00
 0.000000000000000000e+00
 0.000000000000000000e+00
 0.000000000000000000e+00
 0.000000000000000000e+00
 0.000000000000000000e+00
 0.000000000000000000e+00
 0.000000000000000000e+00
 0.000000000000000000e+00
 0.000000000000000000e+00
 0.000000000000000000e+00
 0.000000000000000000e+00
 0.000000000000000000e+00
 0.000000000000000000e+00
 0.000000000000000000e+00
 0.000000000000000000e+00
 0.000000000000000000e+00
 0.000000000000000000e+00
 0.000000000000000000e+00
 0.000000000000000000e+00
 0.000000000000000000e+00
 0.000000000000000000e+00
 0.000000000000000000e+00
 0.000000000000000000e+00
 0.000000000000000000e+00
 0.000000000000000000e+00
 0.000000000000000000e+00
 0.000000000000000000e+00
 0.000000000000000000e+00
 0.000000000000000000e+00
 0.000000000000000000e+00
 0.000000000000000000e+00
 0.000000000000000000e+00
 0.000000000000000000e+00
 0.000000000000000000e+00
 0.000000000000000000e+00
 0.000000000000000000e+00
 0.000000000000000000e+00
 0.000000000000000000e+00
 0.000000000000000000e+00
 0.000000000000000000e+00
 0.000000000000000000e+00
 0.000000000000000000e+00
 0.000000000000000000e+00
 0.000000000000000000e+00
 0.000000000000000000e+00
 0.000000000000000000e+00
 0.000000000000000000e+00
 0.000000000000000000e+00
 0.000000000000000000e+00
 0.000000000000000000e+00
 0.000000000000000000e+00
 0.000000000000000000e+00
 0.000000000000000000e+00
 0.000000000000000000e+00
 0.000000000000000000e+00
 0.000000000000000000e+00
 0.000000000000000000e+00
 0.000000000000000000e+00
 0.000000000000000000e+00
 0.000000000000000000e+00
 0.000000000000000000e+00
 0.000000000000000000e+00
 0.000000000000000000e+00
 0.000000000000000000e+00
 0.000000000000000000e+00
 0.000000000000000000e+00
 0.000000000000000000e+00
 0.000000000000000000e+00
 0.000000000000000000e+00
 0.000000000000000000e+00
 0.000000000000000000e+00
 0.000000000000000000e+00
 0.000000000000000000e+00
 0.000000000000000000e+00
 0.000000000000000000e+00
 0.000000000000000000e+00
 0.000000000000000000e+00
 0.000000000000000000e+00
 0.000000000000000000e+00
 0.000000000000000000e+00
 0.000000000000000000e+00
 0.000000000000000000e+00
 0.000000000000000000e+00
 0.000000000000000000e+00
 0.000000000000000000e+00
 0.000000000000000000e+00
 0.000000000000000000e+00
 0.000000000000000000e+00
 0.000000000000000000e+00
 0.000000000000000000e+00
 0.000000000000000000e+00
 0.000000000000000000e+00
 0.000000000000000000e+00
 0.000000000000000000e+00
 0.000000000000000000e+00
 0.000000000000000000e+00
 0.000000000000000000e+00
 0.000000000000000000e+00
 0.000000000000000000e+00
 0.000000000000000000e+00
 0.000000000000000000e+00
 0.000000000000000000e+00
 0.000000000000000000e+00
 0.000000000000000000e+00
 0.000000000000000000e+00
 0.000000000000000000e+00
 0.000000000000000000e+00
 0.000000000000000000e+00
 0.000000000000000000e+00
 0.000000000000000000e+00
 0.000000000000000000e+00
 0.000000000000000000e+00
 0.000000000000000000e+00
 0.000000000000000000e+00
 0.000000000000000000e+00
 0.000000000000000000e+00
 0.000000000000000000e+00
 0.000000000000000000e+00
 0.000000000000000000e+00
 0.000000000000000000e+00
 0.000000000000000000e+00
 0.000000000000000000e+00
 0.000000000000000000e+00
 0.000000000000000000e+00
 0.000000000000000000e+00
 0.000000000000000000e+00
 0.000000000000000000e+00
 0.000000000000000000e+00
 0.000000000000000000e+00
 0.000000000000000000e+00
 0.000000000000000000e+00
 0.000000000000000000e+00
 0.000000000000000000e+00
 0.000000000000000000e+00
 0.000000000000000000e+00
 0.000000000000000000e+00
 0.000000000000000000e+00
 0.000000000000000000e+00
 0.000000000000000000e+00
 0.000000000000000000e+00
 0.000000000000000000e+00
 0.000000000000000000e+00
 0.000000000000000000e+00
 0.000000000000000000e+00
 0.000000000000000000e+00
 0.000000000000000000e+00
 0.000000000000000000e+00
 0.000000000000000000e+00
 0.000000000000000000e+00
 0.000000000000000000e+00
 0.000000000000000000e+00
 0.000000000000000000e+00
 0.000000000000000000e+00
 0.000000000000000000e+00
 0.000000000000000000e+00
 0.000000000000000000e+00
 0.000000000000000000e+00
 0.000000000000000000e+00
 0.000000000000000000e+00
 0.000000000000000000e+00
 0.000000000000000000e+00
 0.000000000000000000e+00
 0.000000000000000000e+00
 0.000000000000000000e+00
 0.000000000000000000e+00
 0.000000000000000000e+00
 0.000000000000000000e+00
 0.000000000000000000e+00
 0.000000000000000000e+00
 0.000000000000000000e+00
 0.000000000000000000e+00
 0.000000000000000000e+00
 0.000000000000000000e+00
 0.000000000000000000e+00
 0.000000000000000000e+00
 0.000000000000000000e+00
 0.000000000000000000e+00
 0.000000000000000000e+00
 0.000000000000000000e+00
 0.000000000000000000e+00
 0.000000000000000000e+00
 0.000000000000000000e+00
 0.000000000000000000e+00
 0.000000000000000000e+00
 0.000000000000000000e+00
 0.000000000000000000e+00
 0.000000000000000000e+00
 </DataArray>
 <DataArray Name="k_t" type="Float32" NumberOfComponents="1" format="ascii">
 0.000000000000000000e+00
 0.000000000000000000e+00
 0.000000000000000000e+00
 0.000000000000000000e+00
 0.000000000000000000e+00
 0.000000000000000000e+00
 0.000000000000000000e+00
 0.000000000000000000e+00
 0.000000000000000000e+00
 0.000000000000000000e+00
 0.000000000000000000e+00
 0.000000000000000000e+00
 0.000000000000000000e+00
 0.000000000000000000e+00
 0.000000000000000000e+00
 0.000000000000000000e+00
 0.000000000000000000e+00
 0.000000000000000000e+00
 0.000000000000000000e+00
 0.000000000000000000e+00
 0.000000000000000000e+00
 0.000000000000000000e+00
 0.000000000000000000e+00
 0.000000000000000000e+00
 0.000000000000000000e+00
 0.000000000000000000e+00
 0.000000000000000000e+00
 0.000000000000000000e+00
 0.000000000000000000e+00
 0.000000000000000000e+00
 0.000000000000000000e+00
 0.000000000000000000e+00
 0.000000000000000000e+00
 0.000000000000000000e+00
 0.000000000000000000e+00
 0.000000000000000000e+00
 0.000000000000000000e+00
 0.000000000000000000e+00
 0.000000000000000000e+00
 0.000000000000000000e+00
 0.000000000000000000e+00
 0.000000000000000000e+00
 0.000000000000000000e+00
 0.000000000000000000e+00
 0.000000000000000000e+00
 0.000000000000000000e+00
 0.000000000000000000e+00
 0.000000000000000000e+00
 0.000000000000000000e+00
 0.000000000000000000e+00
 0.000000000000000000e+00
 0.000000000000000000e+00
 0.000000000000000000e+00
 0.000000000000000000e+00
 0.000000000000000000e+00
 0.000000000000000000e+00
 0.000000000000000000e+00
 0.000000000000000000e+00
 0.000000000000000000e+00
 0.000000000000000000e+00
 0.000000000000000000e+00
 0.000000000000000000e+00
 0.000000000000000000e+00
 0.000000000000000000e+00
 0.000000000000000000e+00
 0.000000000000000000e+00
 0.000000000000000000e+00
 0.000000000000000000e+00
 0.000000000000000000e+00
 0.000000000000000000e+00
 0.000000000000000000e+00
 0.000000000000000000e+00
 0.000000000000000000e+00
 0.000000000000000000e+00
 0.000000000000000000e+00
 0.000000000000000000e+00
 0.000000000000000000e+00
 0.000000000000000000e+00
 0.000000000000000000e+00
 0.000000000000000000e+00
 0.000000000000000000e+00
 0.000000000000000000e+00
 0.000000000000000000e+00
 0.000000000000000000e+00
 0.000000000000000000e+00
 0.000000000000000000e+00
 0.000000000000000000e+00
 0.000000000000000000e+00
 0.000000000000000000e+00
 0.000000000000000000e+00
 0.000000000000000000e+00
 0.000000000000000000e+00
 0.000000000000000000e+00
 0.000000000000000000e+00
 0.000000000000000000e+00
 0.000000000000000000e+00
 0.000000000000000000e+00
 0.000000000000000000e+00
 0.000000000000000000e+00
 0.000000000000000000e+00
 0.000000000000000000e+00
 0.000000000000000000e+00
 0.000000000000000000e+00
 0.000000000000000000e+00
 0.000000000000000000e+00
 0.000000000000000000e+00
 0.000000000000000000e+00
 0.000000000000000000e+00
 0.000000000000000000e+00
 0.000000000000000000e+00
 0.000000000000000000e+00
 0.000000000000000000e+00
 0.000000000000000000e+00
 0.000000000000000000e+00
 0.000000000000000000e+00
 0.000000000000000000e+00
 0.000000000000000000e+00
 0.000000000000000000e+00
 0.000000000000000000e+00
 0.000000000000000000e+00
 0.000000000000000000e+00
 0.000000000000000000e+00
 0.000000000000000000e+00
 0.000000000000000000e+00
 0.000000000000000000e+00
 0.000000000000000000e+00
 0.000000000000000000e+00
 0.000000000000000000e+00
 0.000000000000000000e+00
 0.000000000000000000e+00
 0.000000000000000000e+00
 0.000000000000000000e+00
 0.000000000000000000e+00
 0.000000000000000000e+00
 0.000000000000000000e+00
 0.000000000000000000e+00
 0.000000000000000000e+00
 0.000000000000000000e+00
 0.000000000000000000e+00
 0.000000000000000000e+00
 0.000000000000000000e+00
 0.000000000000000000e+00
 0.000000000000000000e+00
 0.000000000000000000e+00
 0.000000000000000000e+00
 0.000000000000000000e+00
 0.000000000000000000e+00
 0.000000000000000000e+00
 0.000000000000000000e+00
 0.000000000000000000e+00
 0.000000000000000000e+00
 0.000000000000000000e+00
 0.000000000000000000e+00
 0.000000000000000000e+00
 0.000000000000000000e+00
 0.000000000000000000e+00
 0.000000000000000000e+00
 0.000000000000000000e+00
 0.000000000000000000e+00
 0.000000000000000000e+00
 0.000000000000000000e+00
 0.000000000000000000e+00
 0.000000000000000000e+00
 0.000000000000000000e+00
 0.000000000000000000e+00
 0.000000000000000000e+00
 0.000000000000000000e+00
 0.000000000000000000e+00
 0.000000000000000000e+00
 0.000000000000000000e+00
 0.000000000000000000e+00
 0.000000000000000000e+00
 0.000000000000000000e+00
 0.000000000000000000e+00
 0.000000000000000000e+00
 0.000000000000000000e+00
 0.000000000000000000e+00
 0.000000000000000000e+00
 0.000000000000000000e+00
 0.000000000000000000e+00
 0.000000000000000000e+00
 0.000000000000000000e+00
 0.000000000000000000e+00
 0.000000000000000000e+00
 0.000000000000000000e+00
 0.000000000000000000e+00
 0.000000000000000000e+00
 0.000000000000000000e+00
 0.000000000000000000e+00
 0.000000000000000000e+00
 0.000000000000000000e+00
 0.000000000000000000e+00
 0.000000000000000000e+00
 0.000000000000000000e+00
 0.000000000000000000e+00
 0.000000000000000000e+00
 0.000000000000000000e+00
 0.000000000000000000e+00
 0.000000000000000000e+00
 0.000000000000000000e+00
 0.000000000000000000e+00
 0.000000000000000000e+00
 0.000000000000000000e+00
 0.000000000000000000e+00
 0.000000000000000000e+00
 0.000000000000000000e+00
 0.000000000000000000e+00
 0.000000000000000000e+00
 0.000000000000000000e+00
 0.000000000000000000e+00
 0.000000000000000000e+00
 0.000000000000000000e+00
 0.000000000000000000e+00
 0.000000000000000000e+00
 0.000000000000000000e+00
 0.000000000000000000e+00
 0.000000000000000000e+00
 0.000000000000000000e+00
 0.000000000000000000e+00
 0.000000000000000000e+00
 0.000000000000000000e+00
 0.000000000000000000e+00
 0.000000000000000000e+00
 0.000000000000000000e+00
 0.000000000000000000e+00
 0.000000000000000000e+00
 0.000000000000000000e+00
 0.000000000000000000e+00
 0.000000000000000000e+00
 0.000000000000000000e+00
 0.000000000000000000e+00
 0.000000000000000000e+00
 0.000000000000000000e+00
 0.000000000000000000e+00
 0.000000000000000000e+00
 0.000000000000000000e+00
 0.000000000000000000e+00
 0.000000000000000000e+00
 0.000000000000000000e+00
 0.000000000000000000e+00
 0.000000000000000000e+00
 0.000000000000000000e+00
 0.000000000000000000e+00
 0.000000000000000000e+00
 0.000000000000000000e+00
 0.000000000000000000e+00
 0.000000000000000000e+00
 0.000000000000000000e+00
 0.000000000000000000e+00
 0.000000000000000000e+00
 0.000000000000000000e+00
 0.000000000000000000e+00
 0.000000000000000000e+00
 0.000000000000000000e+00
 0.000000000000000000e+00
 0.000000000000000000e+00
 0.000000000000000000e+00
 0.000000000000000000e+00
 0.000000000000000000e+00
 0.000000000000000000e+00
 0.000000000000000000e+00
 0.000000000000000000e+00
 0.000000000000000000e+00
 0.000000000000000000e+00
 0.000000000000000000e+00
 0.000000000000000000e+00
 0.000000000000000000e+00
 0.000000000000000000e+00
 0.000000000000000000e+00
 0.000000000000000000e+00
 0.000000000000000000e+00
 0.000000000000000000e+00
 0.000000000000000000e+00
 0.000000000000000000e+00
 0.000000000000000000e+00
 0.000000000000000000e+00
 0.000000000000000000e+00
 0.000000000000000000e+00
 0.000000000000000000e+00
 0.000000000000000000e+00
 0.000000000000000000e+00
 0.000000000000000000e+00
 0.000000000000000000e+00
 0.000000000000000000e+00
 0.000000000000000000e+00
 0.000000000000000000e+00
 0.000000000000000000e+00
 0.000000000000000000e+00
 0.000000000000000000e+00
 0.000000000000000000e+00
 0.000000000000000000e+00
 0.000000000000000000e+00
 0.000000000000000000e+00
 0.000000000000000000e+00
 0.000000000000000000e+00
 0.000000000000000000e+00
 0.000000000000000000e+00
 0.000000000000000000e+00
 0.000000000000000000e+00
 0.000000000000000000e+00
 0.000000000000000000e+00
 0.000000000000000000e+00
 0.000000000000000000e+00
 0.000000000000000000e+00
 0.000000000000000000e+00
 0.000000000000000000e+00
 0.000000000000000000e+00
 0.000000000000000000e+00
 0.000000000000000000e+00
 0.000000000000000000e+00
 0.000000000000000000e+00
 0.000000000000000000e+00
 0.000000000000000000e+00
 0.000000000000000000e+00
 0.000000000000000000e+00
 0.000000000000000000e+00
 0.000000000000000000e+00
 0.000000000000000000e+00
 0.000000000000000000e+00
 0.000000000000000000e+00
 0.000000000000000000e+00
 0.000000000000000000e+00
 0.000000000000000000e+00
 0.000000000000000000e+00
 0.000000000000000000e+00
 0.000000000000000000e+00
 0.000000000000000000e+00
 0.000000000000000000e+00
 0.000000000000000000e+00
 0.000000000000000000e+00
 0.000000000000000000e+00
 0.000000000000000000e+00
 0.000000000000000000e+00
 0.000000000000000000e+00
 0.000000000000000000e+00
 0.000000000000000000e+00
 0.000000000000000000e+00
 0.000000000000000000e+00
 0.000000000000000000e+00
 0.000000000000000000e+00
 0.000000000000000000e+00
 0.000000000000000000e+00
 0.000000000000000000e+00
 0.000000000000000000e+00
 0.000000000000000000e+00
 0.000000000000000000e+00
 0.000000000000000000e+00
 0.000000000000000000e+00
 0.000000000000000000e+00
 0.000000000000000000e+00
 0.000000000000000000e+00
 0.000000000000000000e+00
 0.000000000000000000e+00
 0.000000000000000000e+00
 0.000000000000000000e+00
 0.000000000000000000e+00
 0.000000000000000000e+00
 0.000000000000000000e+00
 0.000000000000000000e+00
 0.000000000000000000e+00
 0.000000000000000000e+00
 0.000000000000000000e+00
 0.000000000000000000e+00
 0.000000000000000000e+00
 0.000000000000000000e+00
 0.000000000000000000e+00
 0.000000000000000000e+00
 0.000000000000000000e+00
 0.000000000000000000e+00
 0.000000000000000000e+00
 0.000000000000000000e+00
 0.000000000000000000e+00
 0.000000000000000000e+00
 0.000000000000000000e+00
 0.000000000000000000e+00
 0.000000000000000000e+00
 0.000000000000000000e+00
 0.000000000000000000e+00
 0.000000000000000000e+00
 0.000000000000000000e+00
 0.000000000000000000e+00
 0.000000000000000000e+00
 0.000000000000000000e+00
 0.000000000000000000e+00
 0.000000000000000000e+00
 0.000000000000000000e+00
 0.000000000000000000e+00
 0.000000000000000000e+00
 0.000000000000000000e+00
 0.000000000000000000e+00
 0.000000000000000000e+00
 0.000000000000000000e+00
 0.000000000000000000e+00
 0.000000000000000000e+00
 0.000000000000000000e+00
 0.000000000000000000e+00
 0.000000000000000000e+00
 0.000000000000000000e+00
 0.000000000000000000e+00
 0.000000000000000000e+00
 0.000000000000000000e+00
 0.000000000000000000e+00
 0.000000000000000000e+00
 0.000000000000000000e+00
 0.000000000000000000e+00
 0.000000000000000000e+00
 0.000000000000000000e+00
 0.000000000000000000e+00
 0.000000000000000000e+00
 0.000000000000000000e+00
 0.000000000000000000e+00
 0.000000000000000000e+00
 0.000000000000000000e+00
 0.000000000000000000e+00
 0.000000000000000000e+00
 0.000000000000000000e+00
 0.000000000000000000e+00
 0.000000000000000000e+00
 0.000000000000000000e+00
 0.000000000000000000e+00
 0.000000000000000000e+00
 0.000000000000000000e+00
 0.000000000000000000e+00
 0.000000000000000000e+00
 0.000000000000000000e+00
 0.000000000000000000e+00
 0.000000000000000000e+00
 0.000000000000000000e+00
 0.000000000000000000e+00
 0.000000000000000000e+00
 0.000000000000000000e+00
 0.000000000000000000e+00
 0.000000000000000000e+00
 0.000000000000000000e+00
 0.000000000000000000e+00
 0.000000000000000000e+00
 0.000000000000000000e+00
 0.000000000000000000e+00
 0.000000000000000000e+00
 0.000000000000000000e+00
 0.000000000000000000e+00
 0.000000000000000000e+00
 0.000000000000000000e+00
 0.000000000000000000e+00
 0.000000000000000000e+00
 0.000000000000000000e+00
 0.000000000000000000e+00
 0.000000000000000000e+00
 0.000000000000000000e+00
 0.000000000000000000e+00
 0.000000000000000000e+00
 0.000000000000000000e+00
 0.000000000000000000e+00
 0.000000000000000000e+00
 0.000000000000000000e+00
 0.000000000000000000e+00
 0.000000000000000000e+00
 0.000000000000000000e+00
 0.000000000000000000e+00
 0.000000000000000000e+00
 0.000000000000000000e+00
 0.000000000000000000e+00
 0.000000000000000000e+00
 0.000000000000000000e+00
 0.000000000000000000e+00
 0.000000000000000000e+00
 0.000000000000000000e+00
 0.000000000000000000e+00
 0.000000000000000000e+00
 0.000000000000000000e+00
 0.000000000000000000e+00
 0.000000000000000000e+00
 0.000000000000000000e+00
 0.000000000000000000e+00
 0.000000000000000000e+00
 0.000000000000000000e+00
 0.000000000000000000e+00
 0.000000000000000000e+00
 0.000000000000000000e+00
 0.000000000000000000e+00
 0.000000000000000000e+00
 0.000000000000000000e+00
 0.000000000000000000e+00
 0.000000000000000000e+00
 0.000000000000000000e+00
 0.000000000000000000e+00
 0.000000000000000000e+00
 0.000000000000000000e+00
 0.000000000000000000e+00
 0.000000000000000000e+00
 0.000000000000000000e+00
 0.000000000000000000e+00
 0.000000000000000000e+00
 0.000000000000000000e+00
 0.000000000000000000e+00
 0.000000000000000000e+00
 0.000000000000000000e+00
 0.000000000000000000e+00
 0.000000000000000000e+00
 0.000000000000000000e+00
 </DataArray>
 <DataArray Name="S" type="Float32" NumberOfComponents="1" format="ascii">
 0.000000000000000000e+00
 0.000000000000000000e+00
 0.000000000000000000e+00
 0.000000000000000000e+00
 0.000000000000000000e+00
 0.000000000000000000e+00
 0.000000000000000000e+00
 0.000000000000000000e+00
 0.000000000000000000e+00
 0.000000000000000000e+00
 0.000000000000000000e+00
 0.000000000000000000e+00
 0.000000000000000000e+00
 0.000000000000000000e+00
 0.000000000000000000e+00
 0.000000000000000000e+00
 0.000000000000000000e+00
 0.000000000000000000e+00
 0.000000000000000000e+00
 0.000000000000000000e+00
 0.000000000000000000e+00
 0.000000000000000000e+00
 0.000000000000000000e+00
 0.000000000000000000e+00
 0.000000000000000000e+00
 0.000000000000000000e+00
 0.000000000000000000e+00
 0.000000000000000000e+00
 0.000000000000000000e+00
 0.000000000000000000e+00
 0.000000000000000000e+00
 0.000000000000000000e+00
 0.000000000000000000e+00
 0.000000000000000000e+00
 0.000000000000000000e+00
 0.000000000000000000e+00
 0.000000000000000000e+00
 0.000000000000000000e+00
 0.000000000000000000e+00
 0.000000000000000000e+00
 0.000000000000000000e+00
 0.000000000000000000e+00
 0.000000000000000000e+00
 0.000000000000000000e+00
 0.000000000000000000e+00
 0.000000000000000000e+00
 0.000000000000000000e+00
 0.000000000000000000e+00
 0.000000000000000000e+00
 0.000000000000000000e+00
 0.000000000000000000e+00
 0.000000000000000000e+00
 0.000000000000000000e+00
 0.000000000000000000e+00
 0.000000000000000000e+00
 0.000000000000000000e+00
 0.000000000000000000e+00
 0.000000000000000000e+00
 0.000000000000000000e+00
 0.000000000000000000e+00
 0.000000000000000000e+00
 0.000000000000000000e+00
 0.000000000000000000e+00
 0.000000000000000000e+00
 0.000000000000000000e+00
 0.000000000000000000e+00
 0.000000000000000000e+00
 0.000000000000000000e+00
 0.000000000000000000e+00
 0.000000000000000000e+00
 0.000000000000000000e+00
 0.000000000000000000e+00
 0.000000000000000000e+00
 0.000000000000000000e+00
 0.000000000000000000e+00
 0.000000000000000000e+00
 0.000000000000000000e+00
 0.000000000000000000e+00
 0.000000000000000000e+00
 0.000000000000000000e+00
 0.000000000000000000e+00
 0.000000000000000000e+00
 0.000000000000000000e+00
 0.000000000000000000e+00
 0.000000000000000000e+00
 0.000000000000000000e+00
 0.000000000000000000e+00
 0.000000000000000000e+00
 0.000000000000000000e+00
 0.000000000000000000e+00
 0.000000000000000000e+00
 0.000000000000000000e+00
 0.000000000000000000e+00
 0.000000000000000000e+00
 0.000000000000000000e+00
 0.000000000000000000e+00
 0.000000000000000000e+00
 0.000000000000000000e+00
 0.000000000000000000e+00
 0.000000000000000000e+00
 0.000000000000000000e+00
 0.000000000000000000e+00
 0.000000000000000000e+00
 0.000000000000000000e+00
 0.000000000000000000e+00
 0.000000000000000000e+00
 0.000000000000000000e+00
 0.000000000000000000e+00
 0.000000000000000000e+00
 0.000000000000000000e+00
 0.000000000000000000e+00
 0.000000000000000000e+00
 0.000000000000000000e+00
 0.000000000000000000e+00
 0.000000000000000000e+00
 0.000000000000000000e+00
 0.000000000000000000e+00
 0.000000000000000000e+00
 0.000000000000000000e+00
 0.000000000000000000e+00
 0.000000000000000000e+00
 0.000000000000000000e+00
 0.000000000000000000e+00
 0.000000000000000000e+00
 0.000000000000000000e+00
 0.000000000000000000e+00
 0.000000000000000000e+00
 0.000000000000000000e+00
 0.000000000000000000e+00
 0.000000000000000000e+00
 0.000000000000000000e+00
 0.000000000000000000e+00
 0.000000000000000000e+00
 0.000000000000000000e+00
 0.000000000000000000e+00
 0.000000000000000000e+00
 0.000000000000000000e+00
 0.000000000000000000e+00
 0.000000000000000000e+00
 0.000000000000000000e+00
 0.000000000000000000e+00
 0.000000000000000000e+00
 0.000000000000000000e+00
 0.000000000000000000e+00
 0.000000000000000000e+00
 0.000000000000000000e+00
 0.000000000000000000e+00
 0.000000000000000000e+00
 0.000000000000000000e+00
 0.000000000000000000e+00
 0.000000000000000000e+00
 0.000000000000000000e+00
 0.000000000000000000e+00
 0.000000000000000000e+00
 0.000000000000000000e+00
 0.000000000000000000e+00
 0.000000000000000000e+00
 0.000000000000000000e+00
 0.000000000000000000e+00
 0.000000000000000000e+00
 0.000000000000000000e+00
 0.000000000000000000e+00
 0.000000000000000000e+00
 0.000000000000000000e+00
 0.000000000000000000e+00
 0.000000000000000000e+00
 0.000000000000000000e+00
 0.000000000000000000e+00
 0.000000000000000000e+00
 0.000000000000000000e+00
 0.000000000000000000e+00
 0.000000000000000000e+00
 0.000000000000000000e+00
 0.000000000000000000e+00
 0.000000000000000000e+00
 0.000000000000000000e+00
 0.000000000000000000e+00
 0.000000000000000000e+00
 0.000000000000000000e+00
 0.000000000000000000e+00
 0.000000000000000000e+00
 0.000000000000000000e+00
 0.000000000000000000e+00
 0.000000000000000000e+00
 0.000000000000000000e+00
 0.000000000000000000e+00
 0.000000000000000000e+00
 0.000000000000000000e+00
 0.000000000000000000e+00
 0.000000000000000000e+00
 0.000000000000000000e+00
 0.000000000000000000e+00
 0.000000000000000000e+00
 0.000000000000000000e+00
 0.000000000000000000e+00
 0.000000000000000000e+00
 0.000000000000000000e+00
 0.000000000000000000e+00
 0.000000000000000000e+00
 0.000000000000000000e+00
 0.000000000000000000e+00
 0.000000000000000000e+00
 0.000000000000000000e+00
 0.000000000000000000e+00
 0.000000000000000000e+00
 0.000000000000000000e+00
 0.000000000000000000e+00
 0.000000000000000000e+00
 0.000000000000000000e+00
 0.000000000000000000e+00
 0.000000000000000000e+00
 0.000000000000000000e+00
 0.000000000000000000e+00
 0.000000000000000000e+00
 0.000000000000000000e+00
 0.000000000000000000e+00
 0.000000000000000000e+00
 0.000000000000000000e+00
 0.000000000000000000e+00
 0.000000000000000000e+00
 0.000000000000000000e+00
 0.000000000000000000e+00
 0.000000000000000000e+00
 0.000000000000000000e+00
 0.000000000000000000e+00
 0.000000000000000000e+00
 0.000000000000000000e+00
 0.000000000000000000e+00
 0.000000000000000000e+00
 0.000000000000000000e+00
 0.000000000000000000e+00
 0.000000000000000000e+00
 0.000000000000000000e+00
 0.000000000000000000e+00
 0.000000000000000000e+00
 0.000000000000000000e+00
 0.000000000000000000e+00
 0.000000000000000000e+00
 0.000000000000000000e+00
 0.000000000000000000e+00
 0.000000000000000000e+00
 0.000000000000000000e+00
 0.000000000000000000e+00
 0.000000000000000000e+00
 0.000000000000000000e+00
 0.000000000000000000e+00
 0.000000000000000000e+00
 0.000000000000000000e+00
 0.000000000000000000e+00
 0.000000000000000000e+00
 0.000000000000000000e+00
 0.000000000000000000e+00
 0.000000000000000000e+00
 0.000000000000000000e+00
 0.000000000000000000e+00
 0.000000000000000000e+00
 0.000000000000000000e+00
 0.000000000000000000e+00
 0.000000000000000000e+00
 0.000000000000000000e+00
 0.000000000000000000e+00
 0.000000000000000000e+00
 0.000000000000000000e+00
 0.000000000000000000e+00
 0.000000000000000000e+00
 0.000000000000000000e+00
 0.000000000000000000e+00
 0.000000000000000000e+00
 0.000000000000000000e+00
 0.000000000000000000e+00
 0.000000000000000000e+00
 0.000000000000000000e+00
 0.000000000000000000e+00
 0.000000000000000000e+00
 0.000000000000000000e+00
 0.000000000000000000e+00
 0.000000000000000000e+00
 0.000000000000000000e+00
 0.000000000000000000e+00
 0.000000000000000000e+00
 0.000000000000000000e+00
 0.000000000000000000e+00
 0.000000000000000000e+00
 0.000000000000000000e+00
 0.000000000000000000e+00
 0.000000000000000000e+00
 0.000000000000000000e+00
 0.000000000000000000e+00
 0.000000000000000000e+00
 0.000000000000000000e+00
 0.000000000000000000e+00
 0.000000000000000000e+00
 0.000000000000000000e+00
 0.000000000000000000e+00
 0.000000000000000000e+00
 0.000000000000000000e+00
 0.000000000000000000e+00
 0.000000000000000000e+00
 0.000000000000000000e+00
 0.000000000000000000e+00
 0.000000000000000000e+00
 0.000000000000000000e+00
 0.000000000000000000e+00
 0.000000000000000000e+00
 0.000000000000000000e+00
 0.000000000000000000e+00
 0.000000000000000000e+00
 0.000000000000000000e+00
 0.000000000000000000e+00
 0.000000000000000000e+00
 0.000000000000000000e+00
 0.000000000000000000e+00
 0.000000000000000000e+00
 0.000000000000000000e+00
 0.000000000000000000e+00
 0.000000000000000000e+00
 0.000000000000000000e+00
 0.000000000000000000e+00
 0.000000000000000000e+00
 0.000000000000000000e+00
 0.000000000000000000e+00
 0.000000000000000000e+00
 0.000000000000000000e+00
 0.000000000000000000e+00
 0.000000000000000000e+00
 0.000000000000000000e+00
 0.000000000000000000e+00
 0.000000000000000000e+00
 0.000000000000000000e+00
 0.000000000000000000e+00
 0.000000000000000000e+00
 0.000000000000000000e+00
 0.000000000000000000e+00
 0.000000000000000000e+00
 0.000000000000000000e+00
 0.000000000000000000e+00
 0.000000000000000000e+00
 0.000000000000000000e+00
 0.000000000000000000e+00
 0.000000000000000000e+00
 0.000000000000000000e+00
 0.000000000000000000e+00
 0.000000000000000000e+00
 0.000000000000000000e+00
 0.000000000000000000e+00
 0.000000000000000000e+00
 0.000000000000000000e+00
 0.000000000000000000e+00
 0.000000000000000000e+00
 0.000000000000000000e+00
 0.000000000000000000e+00
 0.000000000000000000e+00
 0.000000000000000000e+00
 0.000000000000000000e+00
 0.000000000000000000e+00
 0.000000000000000000e+00
 0.000000000000000000e+00
 0.000000000000000000e+00
 0.000000000000000000e+00
 0.000000000000000000e+00
 0.000000000000000000e+00
 0.000000000000000000e+00
 0.000000000000000000e+00
 0.000000000000000000e+00
 0.000000000000000000e+00
 0.000000000000000000e+00
 0.000000000000000000e+00
 0.000000000000000000e+00
 0.000000000000000000e+00
 0.000000000000000000e+00
 0.000000000000000000e+00
 0.000000000000000000e+00
 0.000000000000000000e+00
 0.000000000000000000e+00
 0.000000000000000000e+00
 0.000000000000000000e+00
 0.000000000000000000e+00
 0.000000000000000000e+00
 0.000000000000000000e+00
 0.000000000000000000e+00
 0.000000000000000000e+00
 0.000000000000000000e+00
 0.000000000000000000e+00
 0.000000000000000000e+00
 0.000000000000000000e+00
 0.000000000000000000e+00
 0.000000000000000000e+00
 0.000000000000000000e+00
 0.000000000000000000e+00
 0.000000000000000000e+00
 0.000000000000000000e+00
 0.000000000000000000e+00
 0.000000000000000000e+00
 0.000000000000000000e+00
 0.000000000000000000e+00
 0.000000000000000000e+00
 0.000000000000000000e+00
 0.000000000000000000e+00
 0.000000000000000000e+00
 0.000000000000000000e+00
 0.000000000000000000e+00
 0.000000000000000000e+00
 0.000000000000000000e+00
 0.000000000000000000e+00
 0.000000000000000000e+00
 0.000000000000000000e+00
 0.000000000000000000e+00
 0.000000000000000000e+00
 0.000000000000000000e+00
 0.000000000000000000e+00
 0.000000000000000000e+00
 0.000000000000000000e+00
 0.000000000000000000e+00
 0.000000000000000000e+00
 0.000000000000000000e+00
 0.000000000000000000e+00
 0.000000000000000000e+00
 0.000000000000000000e+00
 0.000000000000000000e+00
 0.000000000000000000e+00
 0.000000000000000000e+00
 0.000000000000000000e+00
 0.000000000000000000e+00
 0.000000000000000000e+00
 0.000000000000000000e+00
 0.000000000000000000e+00
 0.000000000000000000e+00
 0.000000000000000000e+00
 0.000000000000000000e+00
 0.000000000000000000e+00
 0.000000000000000000e+00
 0.000000000000000000e+00
 0.000000000000000000e+00
 0.000000000000000000e+00
 0.000000000000000000e+00
 0.000000000000000000e+00
 0.000000000000000000e+00
 0.000000000000000000e+00
 0.000000000000000000e+00
 0.000000000000000000e+00
 0.000000000000000000e+00
 0.000000000000000000e+00
 0.000000000000000000e+00
 0.000000000000000000e+00
 0.000000000000000000e+00
 0.000000000000000000e+00
 0.000000000000000000e+00
 0.000000000000000000e+00
 0.000000000000000000e+00
 0.000000000000000000e+00
 0.000000000000000000e+00
 0.000000000000000000e+00
 0.000000000000000000e+00
 0.000000000000000000e+00
 0.000000000000000000e+00
 0.000000000000000000e+00
 0.000000000000000000e+00
 0.000000000000000000e+00
 0.000000000000000000e+00
 0.000000000000000000e+00
 0.000000000000000000e+00
 0.000000000000000000e+00
 0.000000000000000000e+00
 0.000000000000000000e+00
 0.000000000000000000e+00
 0.000000000000000000e+00
 0.000000000000000000e+00
 0.000000000000000000e+00
 0.000000000000000000e+00
 0.000000000000000000e+00
 0.000000000000000000e+00
 0.000000000000000000e+00
 0.000000000000000000e+00
 0.000000000000000000e+00
 0.000000000000000000e+00
 0.000000000000000000e+00
 0.000000000000000000e+00
 0.000000000000000000e+00
 0.000000000000000000e+00
 0.000000000000000000e+00
 0.000000000000000000e+00
 0.000000000000000000e+00
 0.000000000000000000e+00
 0.000000000000000000e+00
 0.000000000000000000e+00
 0.000000000000000000e+00
 0.000000000000000000e+00
 0.000000000000000000e+00
 0.000000000000000000e+00
 0.000000000000000000e+00
 0.000000000000000000e+00
 0.000000000000000000e+00
 0.000000000000000000e+00
 0.000000000000000000e+00
 0.000000000000000000e+00
 0.000000000000000000e+00
 0.000000000000000000e+00
 0.000000000000000000e+00
 0.000000000000000000e+00
 0.000000000000000000e+00
 </DataArray>
 <DataArray Name="massf[0]-He" type="Float32" NumberOfComponents="1" format="ascii">
 9.999999999999998890e-01
 1.000000000000000000e+00
 1.000000000000000000e+00
 1.000000000000000000e+00
 1.000000000000000000e+00
 9.999999999999998890e-01
 1.000000000000000000e+00
 9.999999999999998890e-01
 1.000000000000000000e+00
 1.000000000000000000e+00
 1.000000000000000000e+00
 1.000000000000000000e+00
 1.000000000000000000e+00
 1.000000000000000000e+00
 1.000000000000000000e+00
 1.000000000000000000e+00
 1.000000000000000000e+00
 1.000000000000000000e+00
 1.000000000000000000e+00
 1.000000000000000000e+00
 1.000000000000000000e+00
 9.999999999999998890e-01
 1.000000000000000000e+00
 1.000000000000000000e+00
 1.000000000000000000e+00
 1.000000000000000000e+00
 9.999999999999998890e-01
 9.999999999999998890e-01
 1.000000000000000000e+00
 9.999999999999998890e-01
 1.000000000000000000e+00
 1.000000000000000000e+00
 1.000000000000000000e+00
 9.999999999999998890e-01
 1.000000000000000000e+00
 1.000000000000000000e+00
 9.999999999999998890e-01
 1.000000000000000000e+00
 1.000000000000000000e+00
 9.999999999999998890e-01
 1.000000000000000000e+00
 1.000000000000000000e+00
 9.999999999999998890e-01
 9.999999999999998890e-01
 1.000000000000000000e+00
 1.000000000000000000e+00
 1.000000000000000000e+00
 1.000000000000000000e+00
 1.000000000000000000e+00
 1.000000000000000000e+00
 1.000000000000000000e+00
 9.999999999999998890e-01
 1.000000000000000000e+00
 1.000000000000000000e+00
 1.000000000000000000e+00
 1.000000000000000000e+00
 1.000000000000000000e+00
 1.000000000000000000e+00
 1.000000000000000000e+00
 1.000000000000000000e+00
 1.000000000000000000e+00
 1.000000000000000000e+00
 9.999999999999998890e-01
 9.999999999999998890e-01
 1.000000000000000000e+00
 9.999999999999998890e-01
 1.000000000000000000e+00
 1.000000000000000000e+00
 9.999999999999998890e-01
 1.000000000000000000e+00
 1.000000000000000000e+00
 9.999999999999998890e-01
 1.000000000000000000e+00
 1.000000000000000000e+00
 1.000000000000000000e+00
 9.999999999999998890e-01
 1.000000000000000000e+00
 9.999999999999998890e-01
 1.000000000000000000e+00
 9.999999999999998890e-01
 1.000000000000000000e+00
 9.999999999999998890e-01
 9.999999999999998890e-01
 1.000000000000000000e+00
 1.000000000000000000e+00
 1.000000000000000000e+00
 1.000000000000000000e+00
 1.000000000000000000e+00
 1.000000000000000000e+00
 1.000000000000000000e+00
 1.000000000000000000e+00
 1.000000000000000000e+00
 1.000000000000000000e+00
 1.000000000000000000e+00
 1.000000000000000000e+00
 1.000000000000000000e+00
 1.000000000000000000e+00
 1.000000000000000000e+00
 1.000000000000000000e+00
 9.999999999999998890e-01
 9.999999999999998890e-01
 1.000000000000000000e+00
 1.000000000000000000e+00
 1.000000000000000000e+00
 1.000000000000000000e+00
 9.999999999999998890e-01
 9.999999999999998890e-01
 9.999999999999998890e-01
 9.999999999999998890e-01
 9.999999999999998890e-01
 1.000000000000000000e+00
 1.000000000000000000e+00
 9.999999999999998890e-01
 1.000000000000000000e+00
 1.000000000000000000e+00
 1.000000000000000000e+00
 9.999999999999998890e-01
 1.000000000000000000e+00
 9.999999999999998890e-01
 1.000000000000000000e+00
 1.000000000000000000e+00
 1.000000000000000000e+00
 1.000000000000000000e+00
 9.999999999999998890e-01
 1.000000000000000000e+00
 1.000000000000000000e+00
 1.000000000000000000e+00
 1.000000000000000000e+00
 1.000000000000000000e+00
 1.000000000000000000e+00
 9.999999999999998890e-01
 1.000000000000000000e+00
 1.000000000000000000e+00
 1.000000000000000000e+00
 9.999999999999998890e-01
 9.999999999999998890e-01
 1.000000000000000000e+00
 1.000000000000000000e+00
 9.999999999999998890e-01
 1.000000000000000000e+00
 1.000000000000000000e+00
 1.000000000000000000e+00
 1.000000000000000000e+00
 1.000000000000000000e+00
 1.000000000000000000e+00
 9.999999999999998890e-01
 1.000000000000000000e+00
 9.999999999999998890e-01
 1.000000000000000000e+00
 9.999999999999998890e-01
 1.000000000000000000e+00
 1.000000000000000000e+00
 1.000000000000000000e+00
 1.000000000000000000e+00
 1.000000000000000000e+00
 1.000000000000000000e+00
 1.000000000000000000e+00
 1.000000000000000000e+00
 1.000000000000000000e+00
 1.000000000000000000e+00
 1.000000000000000000e+00
 1.000000000000000000e+00
 1.000000000000000000e+00
 1.000000000000000000e+00
 1.000000000000000000e+00
 1.000000000000000000e+00
 1.000000000000000000e+00
 9.999999999999998890e-01
 1.000000000000000000e+00
 1.000000000000000000e+00
 1.000000000000000000e+00
 9.999999999999998890e-01
 9.999999999999998890e-01
 1.000000000000000000e+00
 1.000000000000000000e+00
 1.000000000000000000e+00
 1.000000000000000000e+00
 1.000000000000000000e+00
 1.000000000000000000e+00
 1.000000000000000000e+00
 1.000000000000000000e+00
 1.000000000000000000e+00
 9.999999999999998890e-01
 1.000000000000000000e+00
 9.999999999999998890e-01
 1.000000000000000000e+00
 1.000000000000000000e+00
 9.999999999999998890e-01
 1.000000000000000000e+00
 1.000000000000000000e+00
 1.000000000000000000e+00
 9.999999999999998890e-01
 1.000000000000000000e+00
 9.999999999999998890e-01
 1.000000000000000000e+00
 1.000000000000000000e+00
 1.000000000000000000e+00
 1.000000000000000000e+00
 1.000000000000000000e+00
 9.999999999999998890e-01
 1.000000000000000000e+00
 1.000000000000000000e+00
 1.000000000000000000e+00
 9.999999999999998890e-01
 1.000000000000000000e+00
 9.999999999999998890e-01
 1.000000000000000000e+00
 1.000000000000000000e+00
 9.999999999999998890e-01
 1.000000000000000000e+00
 1.000000000000000000e+00
 1.000000000000000000e+00
 9.999999999999998890e-01
 1.000000000000000000e+00
 9.999999999999998890e-01
 1.000000000000000000e+00
 1.000000000000000000e+00
 1.000000000000000000e+00
 1.000000000000000000e+00
 1.000000000000000000e+00
 1.000000000000000000e+00
 1.000000000000000000e+00
 9.999999999999998890e-01
 1.000000000000000000e+00
 1.000000000000000000e+00
 1.000000000000000000e+00
 1.000000000000000000e+00
 1.000000000000000000e+00
 1.000000000000000000e+00
 9.999999999999998890e-01
 1.000000000000000000e+00
 1.000000000000000000e+00
 1.000000000000000000e+00
 1.000000000000000000e+00
 1.000000000000000000e+00
 1.000000000000000000e+00
 1.000000000000000000e+00
 9.999999999999998890e-01
 1.000000000000000000e+00
 1.000000000000000000e+00
 9.999999999999998890e-01
 9.999999999999998890e-01
 1.000000000000000000e+00
 1.000000000000000000e+00
 1.000000000000000000e+00
 9.999999999999998890e-01
 1.000000000000000000e+00
 1.000000000000000000e+00
 1.000000000000000000e+00
 1.000000000000000000e+00
 1.000000000000000000e+00
 9.999999999999998890e-01
 1.000000000000000000e+00
 9.999999999999998890e-01
 9.999999999999998890e-01
 1.000000000000000000e+00
 1.000000000000000000e+00
 1.000000000000000000e+00
 1.000000000000000000e+00
 9.999999999999998890e-01
 1.000000000000000000e+00
 1.000000000000000000e+00
 1.000000000000000000e+00
 1.000000000000000000e+00
 1.000000000000000000e+00
 9.999999999999998890e-01
 1.000000000000000000e+00
 1.000000000000000000e+00
 1.000000000000000000e+00
 1.000000000000000000e+00
 9.999999999999998890e-01
 1.000000000000000000e+00
 9.999999999999998890e-01
 1.000000000000000000e+00
 1.000000000000000000e+00
 1.000000000000000000e+00
 1.000000000000000000e+00
 1.000000000000000000e+00
 1.000000000000000000e+00
 1.000000000000000000e+00
 1.000000000000000000e+00
 1.000000000000000000e+00
 1.000000000000000000e+00
 9.999999999999998890e-01
 9.999999999999998890e-01
 1.000000000000000000e+00
 1.000000000000000000e+00
 1.000000000000000000e+00
 1.000000000000000000e+00
 1.000000000000000000e+00
 9.999999999999998890e-01
 1.000000000000000000e+00
 1.000000000000000000e+00
 1.000000000000000000e+00
 9.999999999999998890e-01
 1.000000000000000000e+00
 9.999999999999998890e-01
 1.000000000000000000e+00
 9.999999999999998890e-01
 1.000000000000000000e+00
 9.999999999999998890e-01
 1.000000000000000000e+00
 9.999999999999998890e-01
 9.999999999999998890e-01
 1.000000000000000000e+00
 1.000000000000000000e+00
 1.000000000000000000e+00
 1.000000000000000000e+00
 1.000000000000000000e+00
 9.999999999999998890e-01
 1.000000000000000000e+00
 1.000000000000000000e+00
 1.000000000000000000e+00
 1.000000000000000000e+00
 9.999999999999998890e-01
 9.999999999999998890e-01
 1.000000000000000000e+00
 9.999999999999998890e-01
 1.000000000000000000e+00
 9.999999999999998890e-01
 1.000000000000000000e+00
 1.000000000000000000e+00
 1.000000000000000000e+00
 9.999999999999998890e-01
 9.999999999999998890e-01
 1.000000000000000000e+00
 1.000000000000000000e+00
 1.000000000000000000e+00
 9.999999999999998890e-01
 9.999999999999998890e-01
 9.999999999999998890e-01
 9.999999999999998890e-01
 1.000000000000000000e+00
 1.000000000000000000e+00
 1.000000000000000000e+00
 9.999999999999998890e-01
 9.999999999999998890e-01
 1.000000000000000000e+00
 1.000000000000000000e+00
 9.999999999999998890e-01
 1.000000000000000000e+00
 1.000000000000000000e+00
 1.000000000000000000e+00
 9.999999999999998890e-01
 1.000000000000000000e+00
 1.000000000000000000e+00
 1.000000000000000000e+00
 1.000000000000000000e+00
 1.000000000000000000e+00
 1.000000000000000000e+00
 1.000000000000000000e+00
 1.000000000000000000e+00
 1.000000000000000000e+00
 1.000000000000000000e+00
 9.999999999999998890e-01
 1.000000000000000000e+00
 1.000000000000000000e+00
 1.000000000000000000e+00
 1.000000000000000000e+00
 9.999999999999998890e-01
 1.000000000000000000e+00
 1.000000000000000000e+00
 9.999999999999998890e-01
 1.000000000000000000e+00
 1.000000000000000000e+00
 1.000000000000000000e+00
 1.000000000000000000e+00
 9.999999999999998890e-01
 9.999999999999998890e-01
 1.000000000000000000e+00
 1.000000000000000000e+00
 1.000000000000000000e+00
 1.000000000000000000e+00
 9.999999999999998890e-01
 1.000000000000000000e+00
 1.000000000000000000e+00
 1.000000000000000000e+00
 1.000000000000000000e+00
 1.000000000000000000e+00
 1.000000000000000000e+00
 1.000000000000000000e+00
 9.999999999999998890e-01
 1.000000000000000000e+00
 9.999999999999998890e-01
 1.000000000000000000e+00
 1.000000000000000000e+00
 1.000000000000000000e+00
 1.000000000000000000e+00
 1.000000000000000000e+00
 1.000000000000000000e+00
 9.999999999999998890e-01
 9.999999999999998890e-01
 1.000000000000000000e+00
 1.000000000000000000e+00
 9.999999999999998890e-01
 1.000000000000000000e+00
 1.000000000000000000e+00
 1.000000000000000000e+00
 1.000000000000000000e+00
 1.000000000000000000e+00
 1.000000000000000000e+00
 9.999999999999998890e-01
 1.000000000000000000e+00
 1.000000000000000000e+00
 9.999999999999998890e-01
 9.999999999999998890e-01
 1.000000000000000000e+00
 1.000000000000000000e+00
 1.000000000000000000e+00
 1.000000000000000000e+00
 1.000000000000000000e+00
 1.000000000000000000e+00
 1.000000000000000000e+00
 9.999999999999998890e-01
 1.000000000000000000e+00
 1.000000000000000000e+00
 9.999999999999998890e-01
 9.999999999999998890e-01
 1.000000000000000000e+00
 1.000000000000000000e+00
 9.999999999999998890e-01
 9.999999999999998890e-01
 1.000000000000000000e+00
 1.000000000000000000e+00
 1.000000000000000000e+00
 1.000000000000000000e+00
 1.000000000000000000e+00
 1.000000000000000000e+00
 9.999999999999998890e-01
 1.000000000000000000e+00
 9.999999999999998890e-01
 1.000000000000000000e+00
 1.000000000000000000e+00
 1.000000000000000000e+00
 1.000000000000000000e+00
 1.000000000000000000e+00
 1.000000000000000000e+00
 9.999999999999998890e-01
 1.000000000000000000e+00
 1.000000000000000000e+00
 1.000000000000000000e+00
 9.999999999999998890e-01
 1.000000000000000000e+00
 9.999999999999998890e-01
 1.000000000000000000e+00
 1.000000000000000000e+00
 1.000000000000000000e+00
 1.000000000000000000e+00
 1.000000000000000000e+00
 1.000000000000000000e+00
 1.000000000000000000e+00
 1.000000000000000000e+00
 1.000000000000000000e+00
 9.999999999999998890e-01
 1.000000000000000000e+00
 1.000000000000000000e+00
 1.000000000000000000e+00
 1.000000000000000000e+00
 1.000000000000000000e+00
 9.999999999999998890e-01
 9.999999999999998890e-01
 1.000000000000000000e+00
 1.000000000000000000e+00
 1.000000000000000000e+00
 1.000000000000000000e+00
 9.999999999999998890e-01
 9.999999999999998890e-01
 9.999999999999998890e-01
 1.000000000000000000e+00
 9.999999999999998890e-01
 1.000000000000000000e+00
 1.000000000000000000e+00
 1.000000000000000000e+00
 1.000000000000000000e+00
 1.000000000000000000e+00
 1.000000000000000000e+00
 1.000000000000000000e+00
 1.000000000000000000e+00
 1.000000000000000000e+00
 1.000000000000000000e+00
 1.000000000000000000e+00
 9.999999999999998890e-01
 1.000000000000000000e+00
 9.999999999999998890e-01
 9.999999999999998890e-01
 9.999999999999998890e-01
 9.999999999999998890e-01
 1.000000000000000000e+00
 1.000000000000000000e+00
 1.000000000000000000e+00
 9.999999999999998890e-01
 1.000000000000000000e+00
 1.000000000000000000e+00
 1.000000000000000000e+00
 1.000000000000000000e+00
 9.999999999999998890e-01
 1.000000000000000000e+00
 9.999999999999998890e-01
 9.999999999999998890e-01
 1.000000000000000000e+00
 </DataArray>
 <DataArray Name="massf[1]-N2" type="Float32" NumberOfComponents="1" format="ascii">
 0.000000000000000000e+00
 0.000000000000000000e+00
 0.000000000000000000e+00
 0.000000000000000000e+00
 0.000000000000000000e+00
 0.000000000000000000e+00
 0.000000000000000000e+00
 0.000000000000000000e+00
 0.000000000000000000e+00
 0.000000000000000000e+00
 0.000000000000000000e+00
 0.000000000000000000e+00
 0.000000000000000000e+00
 0.000000000000000000e+00
 0.000000000000000000e+00
 0.000000000000000000e+00
 0.000000000000000000e+00
 0.000000000000000000e+00
 0.000000000000000000e+00
 0.000000000000000000e+00
 0.000000000000000000e+00
 0.000000000000000000e+00
 0.000000000000000000e+00
 0.000000000000000000e+00
 0.000000000000000000e+00
 0.000000000000000000e+00
 0.000000000000000000e+00
 0.000000000000000000e+00
 0.000000000000000000e+00
 0.000000000000000000e+00
 0.000000000000000000e+00
 0.000000000000000000e+00
 0.000000000000000000e+00
 0.000000000000000000e+00
 0.000000000000000000e+00
 0.000000000000000000e+00
 0.000000000000000000e+00
 0.000000000000000000e+00
 0.000000000000000000e+00
 0.000000000000000000e+00
 0.000000000000000000e+00
 0.000000000000000000e+00
 0.000000000000000000e+00
 0.000000000000000000e+00
 0.000000000000000000e+00
 0.000000000000000000e+00
 0.000000000000000000e+00
 0.000000000000000000e+00
 0.000000000000000000e+00
 0.000000000000000000e+00
 0.000000000000000000e+00
 0.000000000000000000e+00
 0.000000000000000000e+00
 0.000000000000000000e+00
 0.000000000000000000e+00
 0.000000000000000000e+00
 0.000000000000000000e+00
 0.000000000000000000e+00
 0.000000000000000000e+00
 0.000000000000000000e+00
 0.000000000000000000e+00
 0.000000000000000000e+00
 0.000000000000000000e+00
 0.000000000000000000e+00
 0.000000000000000000e+00
 0.000000000000000000e+00
 0.000000000000000000e+00
 0.000000000000000000e+00
 0.000000000000000000e+00
 0.000000000000000000e+00
 0.000000000000000000e+00
 0.000000000000000000e+00
 0.000000000000000000e+00
 0.000000000000000000e+00
 0.000000000000000000e+00
 0.000000000000000000e+00
 0.000000000000000000e+00
 0.000000000000000000e+00
 0.000000000000000000e+00
 0.000000000000000000e+00
 0.000000000000000000e+00
 0.000000000000000000e+00
 0.000000000000000000e+00
 0.000000000000000000e+00
 0.000000000000000000e+00
 0.000000000000000000e+00
 0.000000000000000000e+00
 0.000000000000000000e+00
 0.000000000000000000e+00
 0.000000000000000000e+00
 0.000000000000000000e+00
 0.000000000000000000e+00
 0.000000000000000000e+00
 0.000000000000000000e+00
 0.000000000000000000e+00
 0.000000000000000000e+00
 0.000000000000000000e+00
 0.000000000000000000e+00
 0.000000000000000000e+00
 0.000000000000000000e+00
 0.000000000000000000e+00
 0.000000000000000000e+00
 0.000000000000000000e+00
 0.000000000000000000e+00
 0.000000000000000000e+00
 0.000000000000000000e+00
 0.000000000000000000e+00
 0.000000000000000000e+00
 0.000000000000000000e+00
 0.000000000000000000e+00
 0.000000000000000000e+00
 0.000000000000000000e+00
 0.000000000000000000e+00
 0.000000000000000000e+00
 0.000000000000000000e+00
 0.000000000000000000e+00
 0.000000000000000000e+00
 0.000000000000000000e+00
 0.000000000000000000e+00
 0.000000000000000000e+00
 0.000000000000000000e+00
 0.000000000000000000e+00
 0.000000000000000000e+00
 0.000000000000000000e+00
 0.000000000000000000e+00
 0.000000000000000000e+00
 0.000000000000000000e+00
 0.000000000000000000e+00
 0.000000000000000000e+00
 0.000000000000000000e+00
 0.000000000000000000e+00
 0.000000000000000000e+00
 0.000000000000000000e+00
 0.000000000000000000e+00
 0.000000000000000000e+00
 0.000000000000000000e+00
 0.000000000000000000e+00
 0.000000000000000000e+00
 0.000000000000000000e+00
 0.000000000000000000e+00
 0.000000000000000000e+00
 0.000000000000000000e+00
 0.000000000000000000e+00
 0.000000000000000000e+00
 0.000000000000000000e+00
 0.000000000000000000e+00
 0.000000000000000000e+00
 0.000000000000000000e+00
 0.000000000000000000e+00
 0.000000000000000000e+00
 0.000000000000000000e+00
 0.000000000000000000e+00
 0.000000000000000000e+00
 0.000000000000000000e+00
 0.000000000000000000e+00
 0.000000000000000000e+00
 0.000000000000000000e+00
 0.000000000000000000e+00
 0.000000000000000000e+00
 0.000000000000000000e+00
 0.000000000000000000e+00
 0.000000000000000000e+00
 0.000000000000000000e+00
 0.000000000000000000e+00
 0.000000000000000000e+00
 0.000000000000000000e+00
 0.000000000000000000e+00
 0.000000000000000000e+00
 0.000000000000000000e+00
 0.000000000000000000e+00
 0.000000000000000000e+00
 0.000000000000000000e+00
 0.000000000000000000e+00
 0.000000000000000000e+00
 0.000000000000000000e+00
 0.000000000000000000e+00
 0.000000000000000000e+00
 0.000000000000000000e+00
 0.000000000000000000e+00
 0.000000000000000000e+00
 0.000000000000000000e+00
 0.000000000000000000e+00
 0.000000000000000000e+00
 0.000000000000000000e+00
 0.000000000000000000e+00
 0.000000000000000000e+00
 0.000000000000000000e+00
 0.000000000000000000e+00
 0.000000000000000000e+00
 0.000000000000000000e+00
 0.000000000000000000e+00
 0.000000000000000000e+00
 0.000000000000000000e+00
 0.000000000000000000e+00
 0.000000000000000000e+00
 0.000000000000000000e+00
 0.000000000000000000e+00
 0.000000000000000000e+00
 0.000000000000000000e+00
 0.000000000000000000e+00
 0.000000000000000000e+00
 0.000000000000000000e+00
 0.000000000000000000e+00
 0.000000000000000000e+00
 0.000000000000000000e+00
 0.000000000000000000e+00
 0.000000000000000000e+00
 0.000000000000000000e+00
 0.000000000000000000e+00
 0.000000000000000000e+00
 0.000000000000000000e+00
 0.000000000000000000e+00
 0.000000000000000000e+00
 0.000000000000000000e+00
 0.000000000000000000e+00
 0.000000000000000000e+00
 0.000000000000000000e+00
 0.000000000000000000e+00
 0.000000000000000000e+00
 0.000000000000000000e+00
 0.000000000000000000e+00
 0.000000000000000000e+00
 0.000000000000000000e+00
 0.000000000000000000e+00
 0.000000000000000000e+00
 0.000000000000000000e+00
 0.000000000000000000e+00
 0.000000000000000000e+00
 0.000000000000000000e+00
 0.000000000000000000e+00
 0.000000000000000000e+00
 0.000000000000000000e+00
 0.000000000000000000e+00
 0.000000000000000000e+00
 0.000000000000000000e+00
 0.000000000000000000e+00
 0.000000000000000000e+00
 0.000000000000000000e+00
 0.000000000000000000e+00
 0.000000000000000000e+00
 0.000000000000000000e+00
 0.000000000000000000e+00
 0.000000000000000000e+00
 0.000000000000000000e+00
 0.000000000000000000e+00
 0.000000000000000000e+00
 0.000000000000000000e+00
 0.000000000000000000e+00
 0.000000000000000000e+00
 0.000000000000000000e+00
 0.000000000000000000e+00
 0.000000000000000000e+00
 0.000000000000000000e+00
 0.000000000000000000e+00
 0.000000000000000000e+00
 0.000000000000000000e+00
 0.000000000000000000e+00
 0.000000000000000000e+00
 0.000000000000000000e+00
 0.000000000000000000e+00
 0.000000000000000000e+00
 0.000000000000000000e+00
 0.000000000000000000e+00
 0.000000000000000000e+00
 0.000000000000000000e+00
 0.000000000000000000e+00
 0.000000000000000000e+00
 0.000000000000000000e+00
 0.000000000000000000e+00
 0.000000000000000000e+00
 0.000000000000000000e+00
 0.000000000000000000e+00
 0.000000000000000000e+00
 0.000000000000000000e+00
 0.000000000000000000e+00
 0.000000000000000000e+00
 0.000000000000000000e+00
 0.000000000000000000e+00
 0.000000000000000000e+00
 0.000000000000000000e+00
 0.000000000000000000e+00
 0.000000000000000000e+00
 0.000000000000000000e+00
 0.000000000000000000e+00
 0.000000000000000000e+00
 0.000000000000000000e+00
 0.000000000000000000e+00
 0.000000000000000000e+00
 0.000000000000000000e+00
 0.000000000000000000e+00
 0.000000000000000000e+00
 0.000000000000000000e+00
 0.000000000000000000e+00
 0.000000000000000000e+00
 0.000000000000000000e+00
 0.000000000000000000e+00
 0.000000000000000000e+00
 0.000000000000000000e+00
 0.000000000000000000e+00
 0.000000000000000000e+00
 0.000000000000000000e+00
 0.000000000000000000e+00
 0.000000000000000000e+00
 0.000000000000000000e+00
 0.000000000000000000e+00
 0.000000000000000000e+00
 0.000000000000000000e+00
 0.000000000000000000e+00
 0.000000000000000000e+00
 0.000000000000000000e+00
 0.000000000000000000e+00
 0.000000000000000000e+00
 0.000000000000000000e+00
 0.000000000000000000e+00
 0.000000000000000000e+00
 0.000000000000000000e+00
 0.000000000000000000e+00
 0.000000000000000000e+00
 0.000000000000000000e+00
 0.000000000000000000e+00
 0.000000000000000000e+00
 0.000000000000000000e+00
 0.000000000000000000e+00
 0.000000000000000000e+00
 0.000000000000000000e+00
 0.000000000000000000e+00
 0.000000000000000000e+00
 0.000000000000000000e+00
 0.000000000000000000e+00
 0.000000000000000000e+00
 0.000000000000000000e+00
 0.000000000000000000e+00
 0.000000000000000000e+00
 0.000000000000000000e+00
 0.000000000000000000e+00
 0.000000000000000000e+00
 0.000000000000000000e+00
 0.000000000000000000e+00
 0.000000000000000000e+00
 0.000000000000000000e+00
 0.000000000000000000e+00
 0.000000000000000000e+00
 0.000000000000000000e+00
 0.000000000000000000e+00
 0.000000000000000000e+00
 0.000000000000000000e+00
 0.000000000000000000e+00
 0.000000000000000000e+00
 0.000000000000000000e+00
 0.000000000000000000e+00
 0.000000000000000000e+00
 0.000000000000000000e+00
 0.000000000000000000e+00
 0.000000000000000000e+00
 0.000000000000000000e+00
 0.000000000000000000e+00
 0.000000000000000000e+00
 0.000000000000000000e+00
 0.000000000000000000e+00
 0.000000000000000000e+00
 0.000000000000000000e+00
 0.000000000000000000e+00
 0.000000000000000000e+00
 0.000000000000000000e+00
 0.000000000000000000e+00
 0.000000000000000000e+00
 0.000000000000000000e+00
 0.000000000000000000e+00
 0.000000000000000000e+00
 0.000000000000000000e+00
 0.000000000000000000e+00
 0.000000000000000000e+00
 0.000000000000000000e+00
 0.000000000000000000e+00
 0.000000000000000000e+00
 0.000000000000000000e+00
 0.000000000000000000e+00
 0.000000000000000000e+00
 0.000000000000000000e+00
 0.000000000000000000e+00
 0.000000000000000000e+00
 0.000000000000000000e+00
 0.000000000000000000e+00
 0.000000000000000000e+00
 0.000000000000000000e+00
 0.000000000000000000e+00
 0.000000000000000000e+00
 0.000000000000000000e+00
 0.000000000000000000e+00
 0.000000000000000000e+00
 0.000000000000000000e+00
 0.000000000000000000e+00
 0.000000000000000000e+00
 0.000000000000000000e+00
 0.000000000000000000e+00
 0.000000000000000000e+00
 0.000000000000000000e+00
 0.000000000000000000e+00
 0.000000000000000000e+00
 0.000000000000000000e+00
 0.000000000000000000e+00
 0.000000000000000000e+00
 0.000000000000000000e+00
 0.000000000000000000e+00
 0.000000000000000000e+00
 0.000000000000000000e+00
 0.000000000000000000e+00
 0.000000000000000000e+00
 0.000000000000000000e+00
 0.000000000000000000e+00
 0.000000000000000000e+00
 0.000000000000000000e+00
 0.000000000000000000e+00
 0.000000000000000000e+00
 0.000000000000000000e+00
 0.000000000000000000e+00
 0.000000000000000000e+00
 0.000000000000000000e+00
 0.000000000000000000e+00
 0.000000000000000000e+00
 0.000000000000000000e+00
 0.000000000000000000e+00
 0.000000000000000000e+00
 0.000000000000000000e+00
 0.000000000000000000e+00
 0.000000000000000000e+00
 0.000000000000000000e+00
 0.000000000000000000e+00
 0.000000000000000000e+00
 0.000000000000000000e+00
 0.000000000000000000e+00
 0.000000000000000000e+00
 0.000000000000000000e+00
 0.000000000000000000e+00
 0.000000000000000000e+00
 0.000000000000000000e+00
 0.000000000000000000e+00
 0.000000000000000000e+00
 0.000000000000000000e+00
 0.000000000000000000e+00
 0.000000000000000000e+00
 0.000000000000000000e+00
 0.000000000000000000e+00
 0.000000000000000000e+00
 0.000000000000000000e+00
 0.000000000000000000e+00
 0.000000000000000000e+00
 0.000000000000000000e+00
 0.000000000000000000e+00
 0.000000000000000000e+00
 0.000000000000000000e+00
 0.000000000000000000e+00
 0.000000000000000000e+00
 0.000000000000000000e+00
 0.000000000000000000e+00
 0.000000000000000000e+00
 0.000000000000000000e+00
 0.000000000000000000e+00
 0.000000000000000000e+00
 0.000000000000000000e+00
 0.000000000000000000e+00
 0.000000000000000000e+00
 0.000000000000000000e+00
 0.000000000000000000e+00
 0.000000000000000000e+00
 0.000000000000000000e+00
 0.000000000000000000e+00
 0.000000000000000000e+00
 0.000000000000000000e+00
 0.000000000000000000e+00
 0.000000000000000000e+00
 0.000000000000000000e+00
 0.000000000000000000e+00
 0.000000000000000000e+00
 0.000000000000000000e+00
 0.000000000000000000e+00
 0.000000000000000000e+00
 0.000000000000000000e+00
 0.000000000000000000e+00
 0.000000000000000000e+00
 0.000000000000000000e+00
 0.000000000000000000e+00
 0.000000000000000000e+00
 0.000000000000000000e+00
 0.000000000000000000e+00
 0.000000000000000000e+00
 0.000000000000000000e+00
 0.000000000000000000e+00
 0.000000000000000000e+00
 0.000000000000000000e+00
 0.000000000000000000e+00
 0.000000000000000000e+00
 0.000000000000000000e+00
 0.000000000000000000e+00
 0.000000000000000000e+00
 0.000000000000000000e+00
 0.000000000000000000e+00
 0.000000000000000000e+00
 0.000000000000000000e+00
 0.000000000000000000e+00
 </DataArray>
 <DataArray Name="massf[2]-O2" type="Float32" NumberOfComponents="1" format="ascii">
 0.000000000000000000e+00
 0.000000000000000000e+00
 0.000000000000000000e+00
 0.000000000000000000e+00
 0.000000000000000000e+00
 0.000000000000000000e+00
 0.000000000000000000e+00
 0.000000000000000000e+00
 0.000000000000000000e+00
 0.000000000000000000e+00
 0.000000000000000000e+00
 0.000000000000000000e+00
 0.000000000000000000e+00
 0.000000000000000000e+00
 0.000000000000000000e+00
 0.000000000000000000e+00
 0.000000000000000000e+00
 0.000000000000000000e+00
 0.000000000000000000e+00
 0.000000000000000000e+00
 0.000000000000000000e+00
 0.000000000000000000e+00
 0.000000000000000000e+00
 0.000000000000000000e+00
 0.000000000000000000e+00
 0.000000000000000000e+00
 0.000000000000000000e+00
 0.000000000000000000e+00
 0.000000000000000000e+00
 0.000000000000000000e+00
 0.000000000000000000e+00
 0.000000000000000000e+00
 0.000000000000000000e+00
 0.000000000000000000e+00
 0.000000000000000000e+00
 0.000000000000000000e+00
 0.000000000000000000e+00
 0.000000000000000000e+00
 0.000000000000000000e+00
 0.000000000000000000e+00
 0.000000000000000000e+00
 0.000000000000000000e+00
 0.000000000000000000e+00
 0.000000000000000000e+00
 0.000000000000000000e+00
 0.000000000000000000e+00
 0.000000000000000000e+00
 0.000000000000000000e+00
 0.000000000000000000e+00
 0.000000000000000000e+00
 0.000000000000000000e+00
 0.000000000000000000e+00
 0.000000000000000000e+00
 0.000000000000000000e+00
 0.000000000000000000e+00
 0.000000000000000000e+00
 0.000000000000000000e+00
 0.000000000000000000e+00
 0.000000000000000000e+00
 0.000000000000000000e+00
 0.000000000000000000e+00
 0.000000000000000000e+00
 0.000000000000000000e+00
 0.000000000000000000e+00
 0.000000000000000000e+00
 0.000000000000000000e+00
 0.000000000000000000e+00
 0.000000000000000000e+00
 0.000000000000000000e+00
 0.000000000000000000e+00
 0.000000000000000000e+00
 0.000000000000000000e+00
 0.000000000000000000e+00
 0.000000000000000000e+00
 0.000000000000000000e+00
 0.000000000000000000e+00
 0.000000000000000000e+00
 0.000000000000000000e+00
 0.000000000000000000e+00
 0.000000000000000000e+00
 0.000000000000000000e+00
 0.000000000000000000e+00
 0.000000000000000000e+00
 0.000000000000000000e+00
 0.000000000000000000e+00
 0.000000000000000000e+00
 0.000000000000000000e+00
 0.000000000000000000e+00
 0.000000000000000000e+00
 0.000000000000000000e+00
 0.000000000000000000e+00
 0.000000000000000000e+00
 0.000000000000000000e+00
 0.000000000000000000e+00
 0.000000000000000000e+00
 0.000000000000000000e+00
 0.000000000000000000e+00
 0.000000000000000000e+00
 0.000000000000000000e+00
 0.000000000000000000e+00
 0.000000000000000000e+00
 0.000000000000000000e+00
 0.000000000000000000e+00
 0.000000000000000000e+00
 0.000000000000000000e+00
 0.000000000000000000e+00
 0.000000000000000000e+00
 0.000000000000000000e+00
 0.000000000000000000e+00
 0.000000000000000000e+00
 0.000000000000000000e+00
 0.000000000000000000e+00
 0.000000000000000000e+00
 0.000000000000000000e+00
 0.000000000000000000e+00
 0.000000000000000000e+00
 0.000000000000000000e+00
 0.000000000000000000e+00
 0.000000000000000000e+00
 0.000000000000000000e+00
 0.000000000000000000e+00
 0.000000000000000000e+00
 0.000000000000000000e+00
 0.000000000000000000e+00
 0.000000000000000000e+00
 0.000000000000000000e+00
 0.000000000000000000e+00
 0.000000000000000000e+00
 0.000000000000000000e+00
 0.000000000000000000e+00
 0.000000000000000000e+00
 0.000000000000000000e+00
 0.000000000000000000e+00
 0.000000000000000000e+00
 0.000000000000000000e+00
 0.000000000000000000e+00
 0.000000000000000000e+00
 0.000000000000000000e+00
 0.000000000000000000e+00
 0.000000000000000000e+00
 0.000000000000000000e+00
 0.000000000000000000e+00
 0.000000000000000000e+00
 0.000000000000000000e+00
 0.000000000000000000e+00
 0.000000000000000000e+00
 0.000000000000000000e+00
 0.000000000000000000e+00
 0.000000000000000000e+00
 0.000000000000000000e+00
 0.000000000000000000e+00
 0.000000000000000000e+00
 0.000000000000000000e+00
 0.000000000000000000e+00
 0.000000000000000000e+00
 0.000000000000000000e+00
 0.000000000000000000e+00
 0.000000000000000000e+00
 0.000000000000000000e+00
 0.000000000000000000e+00
 0.000000000000000000e+00
 0.000000000000000000e+00
 0.000000000000000000e+00
 0.000000000000000000e+00
 0.000000000000000000e+00
 0.000000000000000000e+00
 0.000000000000000000e+00
 0.000000000000000000e+00
 0.000000000000000000e+00
 0.000000000000000000e+00
 0.000000000000000000e+00
 0.000000000000000000e+00
 0.000000000000000000e+00
 0.000000000000000000e+00
 0.000000000000000000e+00
 0.000000000000000000e+00
 0.000000000000000000e+00
 0.000000000000000000e+00
 0.000000000000000000e+00
 0.000000000000000000e+00
 0.000000000000000000e+00
 0.000000000000000000e+00
 0.000000000000000000e+00
 0.000000000000000000e+00
 0.000000000000000000e+00
 0.000000000000000000e+00
 0.000000000000000000e+00
 0.000000000000000000e+00
 0.000000000000000000e+00
 0.000000000000000000e+00
 0.000000000000000000e+00
 0.000000000000000000e+00
 0.000000000000000000e+00
 0.000000000000000000e+00
 0.000000000000000000e+00
 0.000000000000000000e+00
 0.000000000000000000e+00
 0.000000000000000000e+00
 0.000000000000000000e+00
 0.000000000000000000e+00
 0.000000000000000000e+00
 0.000000000000000000e+00
 0.000000000000000000e+00
 0.000000000000000000e+00
 0.000000000000000000e+00
 0.000000000000000000e+00
 0.000000000000000000e+00
 0.000000000000000000e+00
 0.000000000000000000e+00
 0.000000000000000000e+00
 0.000000000000000000e+00
 0.000000000000000000e+00
 0.000000000000000000e+00
 0.000000000000000000e+00
 0.000000000000000000e+00
 0.000000000000000000e+00
 0.000000000000000000e+00
 0.000000000000000000e+00
 0.000000000000000000e+00
 0.000000000000000000e+00
 0.000000000000000000e+00
 0.000000000000000000e+00
 0.000000000000000000e+00
 0.000000000000000000e+00
 0.000000000000000000e+00
 0.000000000000000000e+00
 0.000000000000000000e+00
 0.000000000000000000e+00
 0.000000000000000000e+00
 0.000000000000000000e+00
 0.000000000000000000e+00
 0.000000000000000000e+00
 0.000000000000000000e+00
 0.000000000000000000e+00
 0.000000000000000000e+00
 0.000000000000000000e+00
 0.000000000000000000e+00
 0.000000000000000000e+00
 0.000000000000000000e+00
 0.000000000000000000e+00
 0.000000000000000000e+00
 0.000000000000000000e+00
 0.000000000000000000e+00
 0.000000000000000000e+00
 0.000000000000000000e+00
 0.000000000000000000e+00
 0.000000000000000000e+00
 0.000000000000000000e+00
 0.000000000000000000e+00
 0.000000000000000000e+00
 0.000000000000000000e+00
 0.000000000000000000e+00
 0.000000000000000000e+00
 0.000000000000000000e+00
 0.000000000000000000e+00
 0.000000000000000000e+00
 0.000000000000000000e+00
 0.000000000000000000e+00
 0.000000000000000000e+00
 0.000000000000000000e+00
 0.000000000000000000e+00
 0.000000000000000000e+00
 0.000000000000000000e+00
 0.000000000000000000e+00
 0.000000000000000000e+00
 0.000000000000000000e+00
 0.000000000000000000e+00
 0.000000000000000000e+00
 0.000000000000000000e+00
 0.000000000000000000e+00
 0.000000000000000000e+00
 0.000000000000000000e+00
 0.000000000000000000e+00
 0.000000000000000000e+00
 0.000000000000000000e+00
 0.000000000000000000e+00
 0.000000000000000000e+00
 0.000000000000000000e+00
 0.000000000000000000e+00
 0.000000000000000000e+00
 0.000000000000000000e+00
 0.000000000000000000e+00
 0.000000000000000000e+00
 0.000000000000000000e+00
 0.000000000000000000e+00
 0.000000000000000000e+00
 0.000000000000000000e+00
 0.000000000000000000e+00
 0.000000000000000000e+00
 0.000000000000000000e+00
 0.000000000000000000e+00
 0.000000000000000000e+00
 0.000000000000000000e+00
 0.000000000000000000e+00
 0.000000000000000000e+00
 0.000000000000000000e+00
 0.000000000000000000e+00
 0.000000000000000000e+00
 0.000000000000000000e+00
 0.000000000000000000e+00
 0.000000000000000000e+00
 0.000000000000000000e+00
 0.000000000000000000e+00
 0.000000000000000000e+00
 0.000000000000000000e+00
 0.000000000000000000e+00
 0.000000000000000000e+00
 0.000000000000000000e+00
 0.000000000000000000e+00
 0.000000000000000000e+00
 0.000000000000000000e+00
 0.000000000000000000e+00
 0.000000000000000000e+00
 0.000000000000000000e+00
 0.000000000000000000e+00
 0.000000000000000000e+00
 0.000000000000000000e+00
 0.000000000000000000e+00
 0.000000000000000000e+00
 0.000000000000000000e+00
 0.000000000000000000e+00
 0.000000000000000000e+00
 0.000000000000000000e+00
 0.000000000000000000e+00
 0.000000000000000000e+00
 0.000000000000000000e+00
 0.000000000000000000e+00
 0.000000000000000000e+00
 0.000000000000000000e+00
 0.000000000000000000e+00
 0.000000000000000000e+00
 0.000000000000000000e+00
 0.000000000000000000e+00
 0.000000000000000000e+00
 0.000000000000000000e+00
 0.000000000000000000e+00
 0.000000000000000000e+00
 0.000000000000000000e+00
 0.000000000000000000e+00
 0.000000000000000000e+00
 0.000000000000000000e+00
 0.000000000000000000e+00
 0.000000000000000000e+00
 0.000000000000000000e+00
 0.000000000000000000e+00
 0.000000000000000000e+00
 0.000000000000000000e+00
 0.000000000000000000e+00
 0.000000000000000000e+00
 0.000000000000000000e+00
 0.000000000000000000e+00
 0.000000000000000000e+00
 0.000000000000000000e+00
 0.000000000000000000e+00
 0.000000000000000000e+00
 0.000000000000000000e+00
 0.000000000000000000e+00
 0.000000000000000000e+00
 0.000000000000000000e+00
 0.000000000000000000e+00
 0.000000000000000000e+00
 0.000000000000000000e+00
 0.000000000000000000e+00
 0.000000000000000000e+00
 0.000000000000000000e+00
 0.000000000000000000e+00
 0.000000000000000000e+00
 0.000000000000000000e+00
 0.000000000000000000e+00
 0.000000000000000000e+00
 0.000000000000000000e+00
 0.000000000000000000e+00
 0.000000000000000000e+00
 0.000000000000000000e+00
 0.000000000000000000e+00
 0.000000000000000000e+00
 0.000000000000000000e+00
 0.000000000000000000e+00
 0.000000000000000000e+00
 0.000000000000000000e+00
 0.000000000000000000e+00
 0.000000000000000000e+00
 0.000000000000000000e+00
 0.000000000000000000e+00
 0.000000000000000000e+00
 0.000000000000000000e+00
 0.000000000000000000e+00
 0.000000000000000000e+00
 0.000000000000000000e+00
 0.000000000000000000e+00
 0.000000000000000000e+00
 0.000000000000000000e+00
 0.000000000000000000e+00
 0.000000000000000000e+00
 0.000000000000000000e+00
 0.000000000000000000e+00
 0.000000000000000000e+00
 0.000000000000000000e+00
 0.000000000000000000e+00
 0.000000000000000000e+00
 0.000000000000000000e+00
 0.000000000000000000e+00
 0.000000000000000000e+00
 0.000000000000000000e+00
 0.000000000000000000e+00
 0.000000000000000000e+00
 0.000000000000000000e+00
 0.000000000000000000e+00
 0.000000000000000000e+00
 0.000000000000000000e+00
 0.000000000000000000e+00
 0.000000000000000000e+00
 0.000000000000000000e+00
 0.000000000000000000e+00
 0.000000000000000000e+00
 0.000000000000000000e+00
 0.000000000000000000e+00
 0.000000000000000000e+00
 0.000000000000000000e+00
 0.000000000000000000e+00
 0.000000000000000000e+00
 0.000000000000000000e+00
 0.000000000000000000e+00
 0.000000000000000000e+00
 0.000000000000000000e+00
 0.000000000000000000e+00
 0.000000000000000000e+00
 0.000000000000000000e+00
 0.000000000000000000e+00
 0.000000000000000000e+00
 0.000000000000000000e+00
 0.000000000000000000e+00
 0.000000000000000000e+00
 0.000000000000000000e+00
 0.000000000000000000e+00
 0.000000000000000000e+00
 0.000000000000000000e+00
 0.000000000000000000e+00
 0.000000000000000000e+00
 0.000000000000000000e+00
 0.000000000000000000e+00
 0.000000000000000000e+00
 0.000000000000000000e+00
 0.000000000000000000e+00
 0.000000000000000000e+00
 0.000000000000000000e+00
 0.000000000000000000e+00
 0.000000000000000000e+00
 0.000000000000000000e+00
 0.000000000000000000e+00
 0.000000000000000000e+00
 0.000000000000000000e+00
 0.000000000000000000e+00
 0.000000000000000000e+00
 0.000000000000000000e+00
 0.000000000000000000e+00
 0.000000000000000000e+00
 0.000000000000000000e+00
 0.000000000000000000e+00
 0.000000000000000000e+00
 0.000000000000000000e+00
 0.000000000000000000e+00
 0.000000000000000000e+00
 0.000000000000000000e+00
 0.000000000000000000e+00
 0.000000000000000000e+00
 0.000000000000000000e+00
 0.000000000000000000e+00
 0.000000000000000000e+00
 0.000000000000000000e+00
 0.000000000000000000e+00
 0.000000000000000000e+00
 0.000000000000000000e+00
 0.000000000000000000e+00
 0.000000000000000000e+00
 0.000000000000000000e+00
 0.000000000000000000e+00
 0.000000000000000000e+00
 0.000000000000000000e+00
 0.000000000000000000e+00
 0.000000000000000000e+00
 0.000000000000000000e+00
 0.000000000000000000e+00
 0.000000000000000000e+00
 0.000000000000000000e+00
 0.000000000000000000e+00
 0.000000000000000000e+00
 0.000000000000000000e+00
 0.000000000000000000e+00
 0.000000000000000000e+00
 0.000000000000000000e+00
 0.000000000000000000e+00
 0.000000000000000000e+00
 0.000000000000000000e+00
 0.000000000000000000e+00
 0.000000000000000000e+00
 0.000000000000000000e+00
 0.000000000000000000e+00
 0.000000000000000000e+00
 0.000000000000000000e+00
 </DataArray>
 <DataArray Name="massf[3]-N" type="Float32" NumberOfComponents="1" format="ascii">
 0.000000000000000000e+00
 0.000000000000000000e+00
 0.000000000000000000e+00
 0.000000000000000000e+00
 0.000000000000000000e+00
 0.000000000000000000e+00
 0.000000000000000000e+00
 0.000000000000000000e+00
 0.000000000000000000e+00
 0.000000000000000000e+00
 0.000000000000000000e+00
 0.000000000000000000e+00
 0.000000000000000000e+00
 0.000000000000000000e+00
 0.000000000000000000e+00
 0.000000000000000000e+00
 0.000000000000000000e+00
 0.000000000000000000e+00
 0.000000000000000000e+00
 0.000000000000000000e+00
 0.000000000000000000e+00
 0.000000000000000000e+00
 0.000000000000000000e+00
 0.000000000000000000e+00
 0.000000000000000000e+00
 0.000000000000000000e+00
 0.000000000000000000e+00
 0.000000000000000000e+00
 0.000000000000000000e+00
 0.000000000000000000e+00
 0.000000000000000000e+00
 0.000000000000000000e+00
 0.000000000000000000e+00
 0.000000000000000000e+00
 0.000000000000000000e+00
 0.000000000000000000e+00
 0.000000000000000000e+00
 0.000000000000000000e+00
 0.000000000000000000e+00
 0.000000000000000000e+00
 0.000000000000000000e+00
 0.000000000000000000e+00
 0.000000000000000000e+00
 0.000000000000000000e+00
 0.000000000000000000e+00
 0.000000000000000000e+00
 0.000000000000000000e+00
 0.000000000000000000e+00
 0.000000000000000000e+00
 0.000000000000000000e+00
 0.000000000000000000e+00
 0.000000000000000000e+00
 0.000000000000000000e+00
 0.000000000000000000e+00
 0.000000000000000000e+00
 0.000000000000000000e+00
 0.000000000000000000e+00
 0.000000000000000000e+00
 0.000000000000000000e+00
 0.000000000000000000e+00
 0.000000000000000000e+00
 0.000000000000000000e+00
 0.000000000000000000e+00
 0.000000000000000000e+00
 0.000000000000000000e+00
 0.000000000000000000e+00
 0.000000000000000000e+00
 0.000000000000000000e+00
 0.000000000000000000e+00
 0.000000000000000000e+00
 0.000000000000000000e+00
 0.000000000000000000e+00
 0.000000000000000000e+00
 0.000000000000000000e+00
 0.000000000000000000e+00
 0.000000000000000000e+00
 0.000000000000000000e+00
 0.000000000000000000e+00
 0.000000000000000000e+00
 0.000000000000000000e+00
 0.000000000000000000e+00
 0.000000000000000000e+00
 0.000000000000000000e+00
 0.000000000000000000e+00
 0.000000000000000000e+00
 0.000000000000000000e+00
 0.000000000000000000e+00
 0.000000000000000000e+00
 0.000000000000000000e+00
 0.000000000000000000e+00
 0.000000000000000000e+00
 0.000000000000000000e+00
 0.000000000000000000e+00
 0.000000000000000000e+00
 0.000000000000000000e+00
 0.000000000000000000e+00
 0.000000000000000000e+00
 0.000000000000000000e+00
 0.000000000000000000e+00
 0.000000000000000000e+00
 0.000000000000000000e+00
 0.000000000000000000e+00
 0.000000000000000000e+00
 0.000000000000000000e+00
 0.000000000000000000e+00
 0.000000000000000000e+00
 0.000000000000000000e+00
 0.000000000000000000e+00
 0.000000000000000000e+00
 0.000000000000000000e+00
 0.000000000000000000e+00
 0.000000000000000000e+00
 0.000000000000000000e+00
 0.000000000000000000e+00
 0.000000000000000000e+00
 0.000000000000000000e+00
 0.000000000000000000e+00
 0.000000000000000000e+00
 0.000000000000000000e+00
 0.000000000000000000e+00
 0.000000000000000000e+00
 0.000000000000000000e+00
 0.000000000000000000e+00
 0.000000000000000000e+00
 0.000000000000000000e+00
 0.000000000000000000e+00
 0.000000000000000000e+00
 0.000000000000000000e+00
 0.000000000000000000e+00
 0.000000000000000000e+00
 0.000000000000000000e+00
 0.000000000000000000e+00
 0.000000000000000000e+00
 0.000000000000000000e+00
 0.000000000000000000e+00
 0.000000000000000000e+00
 0.000000000000000000e+00
 0.000000000000000000e+00
 0.000000000000000000e+00
 0.000000000000000000e+00
 0.000000000000000000e+00
 0.000000000000000000e+00
 0.000000000000000000e+00
 0.000000000000000000e+00
 0.000000000000000000e+00
 0.000000000000000000e+00
 0.000000000000000000e+00
 0.000000000000000000e+00
 0.000000000000000000e+00
 0.000000000000000000e+00
 0.000000000000000000e+00
 0.000000000000000000e+00
 0.000000000000000000e+00
 0.000000000000000000e+00
 0.000000000000000000e+00
 0.000000000000000000e+00
 0.000000000000000000e+00
 0.000000000000000000e+00
 0.000000000000000000e+00
 0.000000000000000000e+00
 0.000000000000000000e+00
 0.000000000000000000e+00
 0.000000000000000000e+00
 0.000000000000000000e+00
 0.000000000000000000e+00
 0.000000000000000000e+00
 0.000000000000000000e+00
 0.000000000000000000e+00
 0.000000000000000000e+00
 0.000000000000000000e+00
 0.000000000000000000e+00
 0.000000000000000000e+00
 0.000000000000000000e+00
 0.000000000000000000e+00
 0.000000000000000000e+00
 0.000000000000000000e+00
 0.000000000000000000e+00
 0.000000000000000000e+00
 0.000000000000000000e+00
 0.000000000000000000e+00
 0.000000000000000000e+00
 0.000000000000000000e+00
 0.000000000000000000e+00
 0.000000000000000000e+00
 0.000000000000000000e+00
 0.000000000000000000e+00
 0.000000000000000000e+00
 0.000000000000000000e+00
 0.000000000000000000e+00
 0.000000000000000000e+00
 0.000000000000000000e+00
 0.000000000000000000e+00
 0.000000000000000000e+00
 0.000000000000000000e+00
 0.000000000000000000e+00
 0.000000000000000000e+00
 0.000000000000000000e+00
 0.000000000000000000e+00
 0.000000000000000000e+00
 0.000000000000000000e+00
 0.000000000000000000e+00
 0.000000000000000000e+00
 0.000000000000000000e+00
 0.000000000000000000e+00
 0.000000000000000000e+00
 0.000000000000000000e+00
 0.000000000000000000e+00
 0.000000000000000000e+00
 0.000000000000000000e+00
 0.000000000000000000e+00
 0.000000000000000000e+00
 0.000000000000000000e+00
 0.000000000000000000e+00
 0.000000000000000000e+00
 0.000000000000000000e+00
 0.000000000000000000e+00
 0.000000000000000000e+00
 0.000000000000000000e+00
 0.000000000000000000e+00
 0.000000000000000000e+00
 0.000000000000000000e+00
 0.000000000000000000e+00
 0.000000000000000000e+00
 0.000000000000000000e+00
 0.000000000000000000e+00
 0.000000000000000000e+00
 0.000000000000000000e+00
 0.000000000000000000e+00
 0.000000000000000000e+00
 0.000000000000000000e+00
 0.000000000000000000e+00
 0.000000000000000000e+00
 0.000000000000000000e+00
 0.000000000000000000e+00
 0.000000000000000000e+00
 0.000000000000000000e+00
 0.000000000000000000e+00
 0.000000000000000000e+00
 0.000000000000000000e+00
 0.000000000000000000e+00
 0.000000000000000000e+00
 0.000000000000000000e+00
 0.000000000000000000e+00
 0.000000000000000000e+00
 0.000000000000000000e+00
 0.000000000000000000e+00
 0.000000000000000000e+00
 0.000000000000000000e+00
 0.000000000000000000e+00
 0.000000000000000000e+00
 0.000000000000000000e+00
 0.000000000000000000e+00
 0.000000000000000000e+00
 0.000000000000000000e+00
 0.000000000000000000e+00
 0.000000000000000000e+00
 0.000000000000000000e+00
 0.000000000000000000e+00
 0.000000000000000000e+00
 0.000000000000000000e+00
 0.000000000000000000e+00
 0.000000000000000000e+00
 0.000000000000000000e+00
 0.000000000000000000e+00
 0.000000000000000000e+00
 0.000000000000000000e+00
 0.000000000000000000e+00
 0.000000000000000000e+00
 0.000000000000000000e+00
 0.000000000000000000e+00
 0.000000000000000000e+00
 0.000000000000000000e+00
 0.000000000000000000e+00
 0.000000000000000000e+00
 0.000000000000000000e+00
 0.000000000000000000e+00
 0.000000000000000000e+00
 0.000000000000000000e+00
 0.000000000000000000e+00
 0.000000000000000000e+00
 0.000000000000000000e+00
 0.000000000000000000e+00
 0.000000000000000000e+00
 0.000000000000000000e+00
 0.000000000000000000e+00
 0.000000000000000000e+00
 0.000000000000000000e+00
 0.000000000000000000e+00
 0.000000000000000000e+00
 0.000000000000000000e+00
 0.000000000000000000e+00
 0.000000000000000000e+00
 0.000000000000000000e+00
 0.000000000000000000e+00
 0.000000000000000000e+00
 0.000000000000000000e+00
 0.000000000000000000e+00
 0.000000000000000000e+00
 0.000000000000000000e+00
 0.000000000000000000e+00
 0.000000000000000000e+00
 0.000000000000000000e+00
 0.000000000000000000e+00
 0.000000000000000000e+00
 0.000000000000000000e+00
 0.000000000000000000e+00
 0.000000000000000000e+00
 0.000000000000000000e+00
 0.000000000000000000e+00
 0.000000000000000000e+00
 0.000000000000000000e+00
 0.000000000000000000e+00
 0.000000000000000000e+00
 0.000000000000000000e+00
 0.000000000000000000e+00
 0.000000000000000000e+00
 0.000000000000000000e+00
 0.000000000000000000e+00
 0.000000000000000000e+00
 0.000000000000000000e+00
 0.000000000000000000e+00
 0.000000000000000000e+00
 0.000000000000000000e+00
 0.000000000000000000e+00
 0.000000000000000000e+00
 0.000000000000000000e+00
 0.000000000000000000e+00
 0.000000000000000000e+00
 0.000000000000000000e+00
 0.000000000000000000e+00
 0.000000000000000000e+00
 0.000000000000000000e+00
 0.000000000000000000e+00
 0.000000000000000000e+00
 0.000000000000000000e+00
 0.000000000000000000e+00
 0.000000000000000000e+00
 0.000000000000000000e+00
 0.000000000000000000e+00
 0.000000000000000000e+00
 0.000000000000000000e+00
 0.000000000000000000e+00
 0.000000000000000000e+00
 0.000000000000000000e+00
 0.000000000000000000e+00
 0.000000000000000000e+00
 0.000000000000000000e+00
 0.000000000000000000e+00
 0.000000000000000000e+00
 0.000000000000000000e+00
 0.000000000000000000e+00
 0.000000000000000000e+00
 0.000000000000000000e+00
 0.000000000000000000e+00
 0.000000000000000000e+00
 0.000000000000000000e+00
 0.000000000000000000e+00
 0.000000000000000000e+00
 0.000000000000000000e+00
 0.000000000000000000e+00
 0.000000000000000000e+00
 0.000000000000000000e+00
 0.000000000000000000e+00
 0.000000000000000000e+00
 0.000000000000000000e+00
 0.000000000000000000e+00
 0.000000000000000000e+00
 0.000000000000000000e+00
 0.000000000000000000e+00
 0.000000000000000000e+00
 0.000000000000000000e+00
 0.000000000000000000e+00
 0.000000000000000000e+00
 0.000000000000000000e+00
 0.000000000000000000e+00
 0.000000000000000000e+00
 0.000000000000000000e+00
 0.000000000000000000e+00
 0.000000000000000000e+00
 0.000000000000000000e+00
 0.000000000000000000e+00
 0.000000000000000000e+00
 0.000000000000000000e+00
 0.000000000000000000e+00
 0.000000000000000000e+00
 0.000000000000000000e+00
 0.000000000000000000e+00
 0.000000000000000000e+00
 0.000000000000000000e+00
 0.000000000000000000e+00
 0.000000000000000000e+00
 0.000000000000000000e+00
 0.000000000000000000e+00
 0.000000000000000000e+00
 0.000000000000000000e+00
 0.000000000000000000e+00
 0.000000000000000000e+00
 0.000000000000000000e+00
 0.000000000000000000e+00
 0.000000000000000000e+00
 0.000000000000000000e+00
 0.000000000000000000e+00
 0.000000000000000000e+00
 0.000000000000000000e+00
 0.000000000000000000e+00
 0.000000000000000000e+00
 0.000000000000000000e+00
 0.000000000000000000e+00
 0.000000000000000000e+00
 0.000000000000000000e+00
 0.000000000000000000e+00
 0.000000000000000000e+00
 0.000000000000000000e+00
 0.000000000000000000e+00
 0.000000000000000000e+00
 0.000000000000000000e+00
 0.000000000000000000e+00
 0.000000000000000000e+00
 0.000000000000000000e+00
 0.000000000000000000e+00
 0.000000000000000000e+00
 0.000000000000000000e+00
 0.000000000000000000e+00
 0.000000000000000000e+00
 0.000000000000000000e+00
 0.000000000000000000e+00
 0.000000000000000000e+00
 0.000000000000000000e+00
 0.000000000000000000e+00
 0.000000000000000000e+00
 0.000000000000000000e+00
 0.000000000000000000e+00
 0.000000000000000000e+00
 0.000000000000000000e+00
 0.000000000000000000e+00
 0.000000000000000000e+00
 0.000000000000000000e+00
 0.000000000000000000e+00
 0.000000000000000000e+00
 0.000000000000000000e+00
 0.000000000000000000e+00
 0.000000000000000000e+00
 0.000000000000000000e+00
 0.000000000000000000e+00
 0.000000000000000000e+00
 0.000000000000000000e+00
 0.000000000000000000e+00
 0.000000000000000000e+00
 0.000000000000000000e+00
 0.000000000000000000e+00
 0.000000000000000000e+00
 0.000000000000000000e+00
 0.000000000000000000e+00
 0.000000000000000000e+00
 0.000000000000000000e+00
 0.000000000000000000e+00
 0.000000000000000000e+00
 0.000000000000000000e+00
 0.000000000000000000e+00
 0.000000000000000000e+00
 0.000000000000000000e+00
 0.000000000000000000e+00
 0.000000000000000000e+00
 0.000000000000000000e+00
 0.000000000000000000e+00
 0.000000000000000000e+00
 0.000000000000000000e+00
 0.000000000000000000e+00
 0.000000000000000000e+00
 0.000000000000000000e+00
 0.000000000000000000e+00
 0.000000000000000000e+00
 0.000000000000000000e+00
 0.000000000000000000e+00
 0.000000000000000000e+00
 0.000000000000000000e+00
 0.000000000000000000e+00
 0.000000000000000000e+00
 0.000000000000000000e+00
 0.000000000000000000e+00
 0.000000000000000000e+00
 0.000000000000000000e+00
 0.000000000000000000e+00
 0.000000000000000000e+00
 0.000000000000000000e+00
 0.000000000000000000e+00
 0.000000000000000000e+00
 0.000000000000000000e+00
 0.000000000000000000e+00
 0.000000000000000000e+00
 0.000000000000000000e+00
 0.000000000000000000e+00
 0.000000000000000000e+00
 0.000000000000000000e+00
 0.000000000000000000e+00
 0.000000000000000000e+00
 0.000000000000000000e+00
 0.000000000000000000e+00
 0.000000000000000000e+00
 0.000000000000000000e+00
 </DataArray>
 <DataArray Name="massf[4]-O" type="Float32" NumberOfComponents="1" format="ascii">
 0.000000000000000000e+00
 0.000000000000000000e+00
 0.000000000000000000e+00
 0.000000000000000000e+00
 0.000000000000000000e+00
 0.000000000000000000e+00
 0.000000000000000000e+00
 0.000000000000000000e+00
 0.000000000000000000e+00
 0.000000000000000000e+00
 0.000000000000000000e+00
 0.000000000000000000e+00
 0.000000000000000000e+00
 0.000000000000000000e+00
 0.000000000000000000e+00
 0.000000000000000000e+00
 0.000000000000000000e+00
 0.000000000000000000e+00
 0.000000000000000000e+00
 0.000000000000000000e+00
 0.000000000000000000e+00
 0.000000000000000000e+00
 0.000000000000000000e+00
 0.000000000000000000e+00
 0.000000000000000000e+00
 0.000000000000000000e+00
 0.000000000000000000e+00
 0.000000000000000000e+00
 0.000000000000000000e+00
 0.000000000000000000e+00
 0.000000000000000000e+00
 0.000000000000000000e+00
 0.000000000000000000e+00
 0.000000000000000000e+00
 0.000000000000000000e+00
 0.000000000000000000e+00
 0.000000000000000000e+00
 0.000000000000000000e+00
 0.000000000000000000e+00
 0.000000000000000000e+00
 0.000000000000000000e+00
 0.000000000000000000e+00
 0.000000000000000000e+00
 0.000000000000000000e+00
 0.000000000000000000e+00
 0.000000000000000000e+00
 0.000000000000000000e+00
 0.000000000000000000e+00
 0.000000000000000000e+00
 0.000000000000000000e+00
 0.000000000000000000e+00
 0.000000000000000000e+00
 0.000000000000000000e+00
 0.000000000000000000e+00
 0.000000000000000000e+00
 0.000000000000000000e+00
 0.000000000000000000e+00
 0.000000000000000000e+00
 0.000000000000000000e+00
 0.000000000000000000e+00
 0.000000000000000000e+00
 0.000000000000000000e+00
 0.000000000000000000e+00
 0.000000000000000000e+00
 0.000000000000000000e+00
 0.000000000000000000e+00
 0.000000000000000000e+00
 0.000000000000000000e+00
 0.000000000000000000e+00
 0.000000000000000000e+00
 0.000000000000000000e+00
 0.000000000000000000e+00
 0.000000000000000000e+00
 0.000000000000000000e+00
 0.000000000000000000e+00
 0.000000000000000000e+00
 0.000000000000000000e+00
 0.000000000000000000e+00
 0.000000000000000000e+00
 0.000000000000000000e+00
 0.000000000000000000e+00
 0.000000000000000000e+00
 0.000000000000000000e+00
 0.000000000000000000e+00
 0.000000000000000000e+00
 0.000000000000000000e+00
 0.000000000000000000e+00
 0.000000000000000000e+00
 0.000000000000000000e+00
 0.000000000000000000e+00
 0.000000000000000000e+00
 0.000000000000000000e+00
 0.000000000000000000e+00
 0.000000000000000000e+00
 0.000000000000000000e+00
 0.000000000000000000e+00
 0.000000000000000000e+00
 0.000000000000000000e+00
 0.000000000000000000e+00
 0.000000000000000000e+00
 0.000000000000000000e+00
 0.000000000000000000e+00
 0.000000000000000000e+00
 0.000000000000000000e+00
 0.000000000000000000e+00
 0.000000000000000000e+00
 0.000000000000000000e+00
 0.000000000000000000e+00
 0.000000000000000000e+00
 0.000000000000000000e+00
 0.000000000000000000e+00
 0.000000000000000000e+00
 0.000000000000000000e+00
 0.000000000000000000e+00
 0.000000000000000000e+00
 0.000000000000000000e+00
 0.000000000000000000e+00
 0.000000000000000000e+00
 0.000000000000000000e+00
 0.000000000000000000e+00
 0.000000000000000000e+00
 0.000000000000000000e+00
 0.000000000000000000e+00
 0.000000000000000000e+00
 0.000000000000000000e+00
 0.000000000000000000e+00
 0.000000000000000000e+00
 0.000000000000000000e+00
 0.000000000000000000e+00
 0.000000000000000000e+00
 0.000000000000000000e+00
 0.000000000000000000e+00
 0.000000000000000000e+00
 0.000000000000000000e+00
 0.000000000000000000e+00
 0.000000000000000000e+00
 0.000000000000000000e+00
 0.000000000000000000e+00
 0.000000000000000000e+00
 0.000000000000000000e+00
 0.000000000000000000e+00
 0.000000000000000000e+00
 0.000000000000000000e+00
 0.000000000000000000e+00
 0.000000000000000000e+00
 0.000000000000000000e+00
 0.000000000000000000e+00
 0.000000000000000000e+00
 0.000000000000000000e+00
 0.000000000000000000e+00
 0.000000000000000000e+00
 0.000000000000000000e+00
 0.000000000000000000e+00
 0.000000000000000000e+00
 0.000000000000000000e+00
 0.000000000000000000e+00
 0.000000000000000000e+00
 0.000000000000000000e+00
 0.000000000000000000e+00
 0.000000000000000000e+00
 0.000000000000000000e+00
 0.000000000000000000e+00
 0.000000000000000000e+00
 0.000000000000000000e+00
 0.000000000000000000e+00
 0.000000000000000000e+00
 0.000000000000000000e+00
 0.000000000000000000e+00
 0.000000000000000000e+00
 0.000000000000000000e+00
 0.000000000000000000e+00
 0.000000000000000000e+00
 0.000000000000000000e+00
 0.000000000000000000e+00
 0.000000000000000000e+00
 0.000000000000000000e+00
 0.000000000000000000e+00
 0.000000000000000000e+00
 0.000000000000000000e+00
 0.000000000000000000e+00
 0.000000000000000000e+00
 0.000000000000000000e+00
 0.000000000000000000e+00
 0.000000000000000000e+00
 0.000000000000000000e+00
 0.000000000000000000e+00
 0.000000000000000000e+00
 0.000000000000000000e+00
 0.000000000000000000e+00
 0.000000000000000000e+00
 0.000000000000000000e+00
 0.000000000000000000e+00
 0.000000000000000000e+00
 0.000000000000000000e+00
 0.000000000000000000e+00
 0.000000000000000000e+00
 0.000000000000000000e+00
 0.000000000000000000e+00
 0.000000000000000000e+00
 0.000000000000000000e+00
 0.000000000000000000e+00
 0.000000000000000000e+00
 0.000000000000000000e+00
 0.000000000000000000e+00
 0.000000000000000000e+00
 0.000000000000000000e+00
 0.000000000000000000e+00
 0.000000000000000000e+00
 0.000000000000000000e+00
 0.000000000000000000e+00
 0.000000000000000000e+00
 0.000000000000000000e+00
 0.000000000000000000e+00
 0.000000000000000000e+00
 0.000000000000000000e+00
 0.000000000000000000e+00
 0.000000000000000000e+00
 0.000000000000000000e+00
 0.000000000000000000e+00
 0.000000000000000000e+00
 0.000000000000000000e+00
 0.000000000000000000e+00
 0.000000000000000000e+00
 0.000000000000000000e+00
 0.000000000000000000e+00
 0.000000000000000000e+00
 0.000000000000000000e+00
 0.000000000000000000e+00
 0.000000000000000000e+00
 0.000000000000000000e+00
 0.000000000000000000e+00
 0.000000000000000000e+00
 0.000000000000000000e+00
 0.000000000000000000e+00
 0.000000000000000000e+00
 0.000000000000000000e+00
 0.000000000000000000e+00
 0.000000000000000000e+00
 0.000000000000000000e+00
 0.000000000000000000e+00
 0.000000000000000000e+00
 0.000000000000000000e+00
 0.000000000000000000e+00
 0.000000000000000000e+00
 0.000000000000000000e+00
 0.000000000000000000e+00
 0.000000000000000000e+00
 0.000000000000000000e+00
 0.000000000000000000e+00
 0.000000000000000000e+00
 0.000000000000000000e+00
 0.000000000000000000e+00
 0.000000000000000000e+00
 0.000000000000000000e+00
 0.000000000000000000e+00
 0.000000000000000000e+00
 0.000000000000000000e+00
 0.000000000000000000e+00
 0.000000000000000000e+00
 0.000000000000000000e+00
 0.000000000000000000e+00
 0.000000000000000000e+00
 0.000000000000000000e+00
 0.000000000000000000e+00
 0.000000000000000000e+00
 0.000000000000000000e+00
 0.000000000000000000e+00
 0.000000000000000000e+00
 0.000000000000000000e+00
 0.000000000000000000e+00
 0.000000000000000000e+00
 0.000000000000000000e+00
 0.000000000000000000e+00
 0.000000000000000000e+00
 0.000000000000000000e+00
 0.000000000000000000e+00
 0.000000000000000000e+00
 0.000000000000000000e+00
 0.000000000000000000e+00
 0.000000000000000000e+00
 0.000000000000000000e+00
 0.000000000000000000e+00
 0.000000000000000000e+00
 0.000000000000000000e+00
 0.000000000000000000e+00
 0.000000000000000000e+00
 0.000000000000000000e+00
 0.000000000000000000e+00
 0.000000000000000000e+00
 0.000000000000000000e+00
 0.000000000000000000e+00
 0.000000000000000000e+00
 0.000000000000000000e+00
 0.000000000000000000e+00
 0.000000000000000000e+00
 0.000000000000000000e+00
 0.000000000000000000e+00
 0.000000000000000000e+00
 0.000000000000000000e+00
 0.000000000000000000e+00
 0.000000000000000000e+00
 0.000000000000000000e+00
 0.000000000000000000e+00
 0.000000000000000000e+00
 0.000000000000000000e+00
 0.000000000000000000e+00
 0.000000000000000000e+00
 0.000000000000000000e+00
 0.000000000000000000e+00
 0.000000000000000000e+00
 0.000000000000000000e+00
 0.000000000000000000e+00
 0.000000000000000000e+00
 0.000000000000000000e+00
 0.000000000000000000e+00
 0.000000000000000000e+00
 0.000000000000000000e+00
 0.000000000000000000e+00
 0.000000000000000000e+00
 0.000000000000000000e+00
 0.000000000000000000e+00
 0.000000000000000000e+00
 0.000000000000000000e+00
 0.000000000000000000e+00
 0.000000000000000000e+00
 0.000000000000000000e+00
 0.000000000000000000e+00
 0.000000000000000000e+00
 0.000000000000000000e+00
 0.000000000000000000e+00
 0.000000000000000000e+00
 0.000000000000000000e+00
 0.000000000000000000e+00
 0.000000000000000000e+00
 0.000000000000000000e+00
 0.000000000000000000e+00
 0.000000000000000000e+00
 0.000000000000000000e+00
 0.000000000000000000e+00
 0.000000000000000000e+00
 0.000000000000000000e+00
 0.000000000000000000e+00
 0.000000000000000000e+00
 0.000000000000000000e+00
 0.000000000000000000e+00
 0.000000000000000000e+00
 0.000000000000000000e+00
 0.000000000000000000e+00
 0.000000000000000000e+00
 0.000000000000000000e+00
 0.000000000000000000e+00
 0.000000000000000000e+00
 0.000000000000000000e+00
 0.000000000000000000e+00
 0.000000000000000000e+00
 0.000000000000000000e+00
 0.000000000000000000e+00
 0.000000000000000000e+00
 0.000000000000000000e+00
 0.000000000000000000e+00
 0.000000000000000000e+00
 0.000000000000000000e+00
 0.000000000000000000e+00
 0.000000000000000000e+00
 0.000000000000000000e+00
 0.000000000000000000e+00
 0.000000000000000000e+00
 0.000000000000000000e+00
 0.000000000000000000e+00
 0.000000000000000000e+00
 0.000000000000000000e+00
 0.000000000000000000e+00
 0.000000000000000000e+00
 0.000000000000000000e+00
 0.000000000000000000e+00
 0.000000000000000000e+00
 0.000000000000000000e+00
 0.000000000000000000e+00
 0.000000000000000000e+00
 0.000000000000000000e+00
 0.000000000000000000e+00
 0.000000000000000000e+00
 0.000000000000000000e+00
 0.000000000000000000e+00
 0.000000000000000000e+00
 0.000000000000000000e+00
 0.000000000000000000e+00
 0.000000000000000000e+00
 0.000000000000000000e+00
 0.000000000000000000e+00
 0.000000000000000000e+00
 0.000000000000000000e+00
 0.000000000000000000e+00
 0.000000000000000000e+00
 0.000000000000000000e+00
 0.000000000000000000e+00
 0.000000000000000000e+00
 0.000000000000000000e+00
 0.000000000000000000e+00
 0.000000000000000000e+00
 0.000000000000000000e+00
 0.000000000000000000e+00
 0.000000000000000000e+00
 0.000000000000000000e+00
 0.000000000000000000e+00
 0.000000000000000000e+00
 0.000000000000000000e+00
 0.000000000000000000e+00
 0.000000000000000000e+00
 0.000000000000000000e+00
 0.000000000000000000e+00
 0.000000000000000000e+00
 0.000000000000000000e+00
 0.000000000000000000e+00
 0.000000000000000000e+00
 0.000000000000000000e+00
 0.000000000000000000e+00
 0.000000000000000000e+00
 0.000000000000000000e+00
 0.000000000000000000e+00
 0.000000000000000000e+00
 0.000000000000000000e+00
 0.000000000000000000e+00
 0.000000000000000000e+00
 0.000000000000000000e+00
 0.000000000000000000e+00
 0.000000000000000000e+00
 0.000000000000000000e+00
 0.000000000000000000e+00
 0.000000000000000000e+00
 0.000000000000000000e+00
 0.000000000000000000e+00
 0.000000000000000000e+00
 0.000000000000000000e+00
 0.000000000000000000e+00
 0.000000000000000000e+00
 0.000000000000000000e+00
 0.000000000000000000e+00
 0.000000000000000000e+00
 0.000000000000000000e+00
 0.000000000000000000e+00
 0.000000000000000000e+00
 0.000000000000000000e+00
 0.000000000000000000e+00
 0.000000000000000000e+00
 0.000000000000000000e+00
 0.000000000000000000e+00
 0.000000000000000000e+00
 0.000000000000000000e+00
 0.000000000000000000e+00
 0.000000000000000000e+00
 0.000000000000000000e+00
 0.000000000000000000e+00
 0.000000000000000000e+00
 0.000000000000000000e+00
 0.000000000000000000e+00
 0.000000000000000000e+00
 0.000000000000000000e+00
 0.000000000000000000e+00
 0.000000000000000000e+00
 0.000000000000000000e+00
 0.000000000000000000e+00
 0.000000000000000000e+00
 0.000000000000000000e+00
 0.000000000000000000e+00
 0.000000000000000000e+00
 0.000000000000000000e+00
 0.000000000000000000e+00
 0.000000000000000000e+00
 0.000000000000000000e+00
 0.000000000000000000e+00
 0.000000000000000000e+00
 0.000000000000000000e+00
 0.000000000000000000e+00
 0.000000000000000000e+00
 0.000000000000000000e+00
 0.000000000000000000e+00
 0.000000000000000000e+00
 0.000000000000000000e+00
 0.000000000000000000e+00
 0.000000000000000000e+00
 0.000000000000000000e+00
 0.000000000000000000e+00
 0.000000000000000000e+00
 0.000000000000000000e+00
 0.000000000000000000e+00
 0.000000000000000000e+00
 0.000000000000000000e+00
 0.000000000000000000e+00
 0.000000000000000000e+00
 0.000000000000000000e+00
 0.000000000000000000e+00
 0.000000000000000000e+00
 0.000000000000000000e+00
 0.000000000000000000e+00
 0.000000000000000000e+00
 0.000000000000000000e+00
 0.000000000000000000e+00
 0.000000000000000000e+00
 0.000000000000000000e+00
 </DataArray>
 <DataArray Name="massf[5]-NO" type="Float32" NumberOfComponents="1" format="ascii">
 0.000000000000000000e+00
 0.000000000000000000e+00
 0.000000000000000000e+00
 0.000000000000000000e+00
 0.000000000000000000e+00
 0.000000000000000000e+00
 0.000000000000000000e+00
 0.000000000000000000e+00
 0.000000000000000000e+00
 0.000000000000000000e+00
 0.000000000000000000e+00
 0.000000000000000000e+00
 0.000000000000000000e+00
 0.000000000000000000e+00
 0.000000000000000000e+00
 0.000000000000000000e+00
 0.000000000000000000e+00
 0.000000000000000000e+00
 0.000000000000000000e+00
 0.000000000000000000e+00
 0.000000000000000000e+00
 0.000000000000000000e+00
 0.000000000000000000e+00
 0.000000000000000000e+00
 0.000000000000000000e+00
 0.000000000000000000e+00
 0.000000000000000000e+00
 0.000000000000000000e+00
 0.000000000000000000e+00
 0.000000000000000000e+00
 0.000000000000000000e+00
 0.000000000000000000e+00
 0.000000000000000000e+00
 0.000000000000000000e+00
 0.000000000000000000e+00
 0.000000000000000000e+00
 0.000000000000000000e+00
 0.000000000000000000e+00
 0.000000000000000000e+00
 0.000000000000000000e+00
 0.000000000000000000e+00
 0.000000000000000000e+00
 0.000000000000000000e+00
 0.000000000000000000e+00
 0.000000000000000000e+00
 0.000000000000000000e+00
 0.000000000000000000e+00
 0.000000000000000000e+00
 0.000000000000000000e+00
 0.000000000000000000e+00
 0.000000000000000000e+00
 0.000000000000000000e+00
 0.000000000000000000e+00
 0.000000000000000000e+00
 0.000000000000000000e+00
 0.000000000000000000e+00
 0.000000000000000000e+00
 0.000000000000000000e+00
 0.000000000000000000e+00
 0.000000000000000000e+00
 0.000000000000000000e+00
 0.000000000000000000e+00
 0.000000000000000000e+00
 0.000000000000000000e+00
 0.000000000000000000e+00
 0.000000000000000000e+00
 0.000000000000000000e+00
 0.000000000000000000e+00
 0.000000000000000000e+00
 0.000000000000000000e+00
 0.000000000000000000e+00
 0.000000000000000000e+00
 0.000000000000000000e+00
 0.000000000000000000e+00
 0.000000000000000000e+00
 0.000000000000000000e+00
 0.000000000000000000e+00
 0.000000000000000000e+00
 0.000000000000000000e+00
 0.000000000000000000e+00
 0.000000000000000000e+00
 0.000000000000000000e+00
 0.000000000000000000e+00
 0.000000000000000000e+00
 0.000000000000000000e+00
 0.000000000000000000e+00
 0.000000000000000000e+00
 0.000000000000000000e+00
 0.000000000000000000e+00
 0.000000000000000000e+00
 0.000000000000000000e+00
 0.000000000000000000e+00
 0.000000000000000000e+00
 0.000000000000000000e+00
 0.000000000000000000e+00
 0.000000000000000000e+00
 0.000000000000000000e+00
 0.000000000000000000e+00
 0.000000000000000000e+00
 0.000000000000000000e+00
 0.000000000000000000e+00
 0.000000000000000000e+00
 0.000000000000000000e+00
 0.000000000000000000e+00
 0.000000000000000000e+00
 0.000000000000000000e+00
 0.000000000000000000e+00
 0.000000000000000000e+00
 0.000000000000000000e+00
 0.000000000000000000e+00
 0.000000000000000000e+00
 0.000000000000000000e+00
 0.000000000000000000e+00
 0.000000000000000000e+00
 0.000000000000000000e+00
 0.000000000000000000e+00
 0.000000000000000000e+00
 0.000000000000000000e+00
 0.000000000000000000e+00
 0.000000000000000000e+00
 0.000000000000000000e+00
 0.000000000000000000e+00
 0.000000000000000000e+00
 0.000000000000000000e+00
 0.000000000000000000e+00
 0.000000000000000000e+00
 0.000000000000000000e+00
 0.000000000000000000e+00
 0.000000000000000000e+00
 0.000000000000000000e+00
 0.000000000000000000e+00
 0.000000000000000000e+00
 0.000000000000000000e+00
 0.000000000000000000e+00
 0.000000000000000000e+00
 0.000000000000000000e+00
 0.000000000000000000e+00
 0.000000000000000000e+00
 0.000000000000000000e+00
 0.000000000000000000e+00
 0.000000000000000000e+00
 0.000000000000000000e+00
 0.000000000000000000e+00
 0.000000000000000000e+00
 0.000000000000000000e+00
 0.000000000000000000e+00
 0.000000000000000000e+00
 0.000000000000000000e+00
 0.000000000000000000e+00
 0.000000000000000000e+00
 0.000000000000000000e+00
 0.000000000000000000e+00
 0.000000000000000000e+00
 0.000000000000000000e+00
 0.000000000000000000e+00
 0.000000000000000000e+00
 0.000000000000000000e+00
 0.000000000000000000e+00
 0.000000000000000000e+00
 0.000000000000000000e+00
 0.000000000000000000e+00
 0.000000000000000000e+00
 0.000000000000000000e+00
 0.000000000000000000e+00
 0.000000000000000000e+00
 0.000000000000000000e+00
 0.000000000000000000e+00
 0.000000000000000000e+00
 0.000000000000000000e+00
 0.000000000000000000e+00
 0.000000000000000000e+00
 0.000000000000000000e+00
 0.000000000000000000e+00
 0.000000000000000000e+00
 0.000000000000000000e+00
 0.000000000000000000e+00
 0.000000000000000000e+00
 0.000000000000000000e+00
 0.000000000000000000e+00
 0.000000000000000000e+00
 0.000000000000000000e+00
 0.000000000000000000e+00
 0.000000000000000000e+00
 0.000000000000000000e+00
 0.000000000000000000e+00
 0.000000000000000000e+00
 0.000000000000000000e+00
 0.000000000000000000e+00
 0.000000000000000000e+00
 0.000000000000000000e+00
 0.000000000000000000e+00
 0.000000000000000000e+00
 0.000000000000000000e+00
 0.000000000000000000e+00
 0.000000000000000000e+00
 0.000000000000000000e+00
 0.000000000000000000e+00
 0.000000000000000000e+00
 0.000000000000000000e+00
 0.000000000000000000e+00
 0.000000000000000000e+00
 0.000000000000000000e+00
 0.000000000000000000e+00
 0.000000000000000000e+00
 0.000000000000000000e+00
 0.000000000000000000e+00
 0.000000000000000000e+00
 0.000000000000000000e+00
 0.000000000000000000e+00
 0.000000000000000000e+00
 0.000000000000000000e+00
 0.000000000000000000e+00
 0.000000000000000000e+00
 0.000000000000000000e+00
 0.000000000000000000e+00
 0.000000000000000000e+00
 0.000000000000000000e+00
 0.000000000000000000e+00
 0.000000000000000000e+00
 0.000000000000000000e+00
 0.000000000000000000e+00
 0.000000000000000000e+00
 0.000000000000000000e+00
 0.000000000000000000e+00
 0.000000000000000000e+00
 0.000000000000000000e+00
 0.000000000000000000e+00
 0.000000000000000000e+00
 0.000000000000000000e+00
 0.000000000000000000e+00
 0.000000000000000000e+00
 0.000000000000000000e+00
 0.000000000000000000e+00
 0.000000000000000000e+00
 0.000000000000000000e+00
 0.000000000000000000e+00
 0.000000000000000000e+00
 0.000000000000000000e+00
 0.000000000000000000e+00
 0.000000000000000000e+00
 0.000000000000000000e+00
 0.000000000000000000e+00
 0.000000000000000000e+00
 0.000000000000000000e+00
 0.000000000000000000e+00
 0.000000000000000000e+00
 0.000000000000000000e+00
 0.000000000000000000e+00
 0.000000000000000000e+00
 0.000000000000000000e+00
 0.000000000000000000e+00
 0.000000000000000000e+00
 0.000000000000000000e+00
 0.000000000000000000e+00
 0.000000000000000000e+00
 0.000000000000000000e+00
 0.000000000000000000e+00
 0.000000000000000000e+00
 0.000000000000000000e+00
 0.000000000000000000e+00
 0.000000000000000000e+00
 0.000000000000000000e+00
 0.000000000000000000e+00
 0.000000000000000000e+00
 0.000000000000000000e+00
 0.000000000000000000e+00
 0.000000000000000000e+00
 0.000000000000000000e+00
 0.000000000000000000e+00
 0.000000000000000000e+00
 0.000000000000000000e+00
 0.000000000000000000e+00
 0.000000000000000000e+00
 0.000000000000000000e+00
 0.000000000000000000e+00
 0.000000000000000000e+00
 0.000000000000000000e+00
 0.000000000000000000e+00
 0.000000000000000000e+00
 0.000000000000000000e+00
 0.000000000000000000e+00
 0.000000000000000000e+00
 0.000000000000000000e+00
 0.000000000000000000e+00
 0.000000000000000000e+00
 0.000000000000000000e+00
 0.000000000000000000e+00
 0.000000000000000000e+00
 0.000000000000000000e+00
 0.000000000000000000e+00
 0.000000000000000000e+00
 0.000000000000000000e+00
 0.000000000000000000e+00
 0.000000000000000000e+00
 0.000000000000000000e+00
 0.000000000000000000e+00
 0.000000000000000000e+00
 0.000000000000000000e+00
 0.000000000000000000e+00
 0.000000000000000000e+00
 0.000000000000000000e+00
 0.000000000000000000e+00
 0.000000000000000000e+00
 0.000000000000000000e+00
 0.000000000000000000e+00
 0.000000000000000000e+00
 0.000000000000000000e+00
 0.000000000000000000e+00
 0.000000000000000000e+00
 0.000000000000000000e+00
 0.000000000000000000e+00
 0.000000000000000000e+00
 0.000000000000000000e+00
 0.000000000000000000e+00
 0.000000000000000000e+00
 0.000000000000000000e+00
 0.000000000000000000e+00
 0.000000000000000000e+00
 0.000000000000000000e+00
 0.000000000000000000e+00
 0.000000000000000000e+00
 0.000000000000000000e+00
 0.000000000000000000e+00
 0.000000000000000000e+00
 0.000000000000000000e+00
 0.000000000000000000e+00
 0.000000000000000000e+00
 0.000000000000000000e+00
 0.000000000000000000e+00
 0.000000000000000000e+00
 0.000000000000000000e+00
 0.000000000000000000e+00
 0.000000000000000000e+00
 0.000000000000000000e+00
 0.000000000000000000e+00
 0.000000000000000000e+00
 0.000000000000000000e+00
 0.000000000000000000e+00
 0.000000000000000000e+00
 0.000000000000000000e+00
 0.000000000000000000e+00
 0.000000000000000000e+00
 0.000000000000000000e+00
 0.000000000000000000e+00
 0.000000000000000000e+00
 0.000000000000000000e+00
 0.000000000000000000e+00
 0.000000000000000000e+00
 0.000000000000000000e+00
 0.000000000000000000e+00
 0.000000000000000000e+00
 0.000000000000000000e+00
 0.000000000000000000e+00
 0.000000000000000000e+00
 0.000000000000000000e+00
 0.000000000000000000e+00
 0.000000000000000000e+00
 0.000000000000000000e+00
 0.000000000000000000e+00
 0.000000000000000000e+00
 0.000000000000000000e+00
 0.000000000000000000e+00
 0.000000000000000000e+00
 0.000000000000000000e+00
 0.000000000000000000e+00
 0.000000000000000000e+00
 0.000000000000000000e+00
 0.000000000000000000e+00
 0.000000000000000000e+00
 0.000000000000000000e+00
 0.000000000000000000e+00
 0.000000000000000000e+00
 0.000000000000000000e+00
 0.000000000000000000e+00
 0.000000000000000000e+00
 0.000000000000000000e+00
 0.000000000000000000e+00
 0.000000000000000000e+00
 0.000000000000000000e+00
 0.000000000000000000e+00
 0.000000000000000000e+00
 0.000000000000000000e+00
 0.000000000000000000e+00
 0.000000000000000000e+00
 0.000000000000000000e+00
 0.000000000000000000e+00
 0.000000000000000000e+00
 0.000000000000000000e+00
 0.000000000000000000e+00
 0.000000000000000000e+00
 0.000000000000000000e+00
 0.000000000000000000e+00
 0.000000000000000000e+00
 0.000000000000000000e+00
 0.000000000000000000e+00
 0.000000000000000000e+00
 0.000000000000000000e+00
 0.000000000000000000e+00
 0.000000000000000000e+00
 0.000000000000000000e+00
 0.000000000000000000e+00
 0.000000000000000000e+00
 0.000000000000000000e+00
 0.000000000000000000e+00
 0.000000000000000000e+00
 0.000000000000000000e+00
 0.000000000000000000e+00
 0.000000000000000000e+00
 0.000000000000000000e+00
 0.000000000000000000e+00
 0.000000000000000000e+00
 0.000000000000000000e+00
 0.000000000000000000e+00
 0.000000000000000000e+00
 0.000000000000000000e+00
 0.000000000000000000e+00
 0.000000000000000000e+00
 0.000000000000000000e+00
 0.000000000000000000e+00
 0.000000000000000000e+00
 0.000000000000000000e+00
 0.000000000000000000e+00
 0.000000000000000000e+00
 0.000000000000000000e+00
 0.000000000000000000e+00
 0.000000000000000000e+00
 0.000000000000000000e+00
 0.000000000000000000e+00
 0.000000000000000000e+00
 0.000000000000000000e+00
 0.000000000000000000e+00
 0.000000000000000000e+00
 0.000000000000000000e+00
 0.000000000000000000e+00
 0.000000000000000000e+00
 0.000000000000000000e+00
 0.000000000000000000e+00
 0.000000000000000000e+00
 0.000000000000000000e+00
 0.000000000000000000e+00
 0.000000000000000000e+00
 0.000000000000000000e+00
 0.000000000000000000e+00
 0.000000000000000000e+00
 0.000000000000000000e+00
 0.000000000000000000e+00
 0.000000000000000000e+00
 0.000000000000000000e+00
 0.000000000000000000e+00
 0.000000000000000000e+00
 0.000000000000000000e+00
 0.000000000000000000e+00
 0.000000000000000000e+00
 0.000000000000000000e+00
 0.000000000000000000e+00
 0.000000000000000000e+00
 0.000000000000000000e+00
 0.000000000000000000e+00
 0.000000000000000000e+00
 0.000000000000000000e+00
 0.000000000000000000e+00
 0.000000000000000000e+00
 0.000000000000000000e+00
 0.000000000000000000e+00
 0.000000000000000000e+00
 0.000000000000000000e+00
 0.000000000000000000e+00
 0.000000000000000000e+00
 0.000000000000000000e+00
 0.000000000000000000e+00
 0.000000000000000000e+00
 0.000000000000000000e+00
 0.000000000000000000e+00
 0.000000000000000000e+00
 0.000000000000000000e+00
 0.000000000000000000e+00
 0.000000000000000000e+00
 0.000000000000000000e+00
 0.000000000000000000e+00
 0.000000000000000000e+00
 0.000000000000000000e+00
 0.000000000000000000e+00
 0.000000000000000000e+00
 0.000000000000000000e+00
 0.000000000000000000e+00
 0.000000000000000000e+00
 0.000000000000000000e+00
 0.000000000000000000e+00
 0.000000000000000000e+00
 0.000000000000000000e+00
 0.000000000000000000e+00
 0.000000000000000000e+00
 0.000000000000000000e+00
 0.000000000000000000e+00
 0.000000000000000000e+00
 0.000000000000000000e+00
 0.000000000000000000e+00
 0.000000000000000000e+00
 0.000000000000000000e+00
 0.000000000000000000e+00
 </DataArray>
 <DataArray Name="dt_chem" type="Float32" NumberOfComponents="1" format="ascii">
 7.005593173488709220e-06
 7.005593173488709220e-06
 7.003593460624466305e-06
 7.003593460624466305e-06
 7.003593460624466305e-06
 7.002630830253630369e-06
 7.002630830253630369e-06
 7.002630830253630369e-06
 7.002691706241448517e-06
 7.002691706241448517e-06
 7.002691706241448517e-06
 7.002691706241448517e-06
 7.003803561418577711e-06
 7.003803561418577711e-06
 7.003803561418577711e-06
 7.005977077461899021e-06
 7.005977077461899021e-06
 7.005977077461899021e-06
 7.005120869464185343e-06
 7.005120869464185343e-06
 7.005120869464185343e-06
 7.003866843997090000e-06
 7.003866843997090000e-06
 7.003866843997090000e-06
 7.003628160015932514e-06
 7.003628160015932514e-06
 7.003628160015932514e-06
 7.003628160015932514e-06
 7.004432663200703418e-06
 7.004432663200703418e-06
 7.004432663200703418e-06
 7.006285550265311515e-06
 7.006285550265311515e-06
 7.006285550265311515e-06
 7.006681136431319708e-06
 7.006681136431319708e-06
 7.006681136431319708e-06
 7.005145032764885093e-06
 7.005145032764885093e-06
 7.005145032764885093e-06
 7.004628649010742793e-06
 7.004628649010742793e-06
 7.004628649010742793e-06
 7.005140275666884019e-06
 7.005140275666884019e-06
 7.005140275666884019e-06
 7.005140275666884019e-06
 7.006693965197508813e-06
 7.006693965197508813e-06
 7.006693965197508813e-06
 7.008266621438694702e-06
 7.008266621438694702e-06
 7.008266621438694702e-06
 7.006463737280829350e-06
 7.006463737280829350e-06
 7.006463737280829350e-06
 7.005683665131861897e-06
 7.005683665131861897e-06
 7.005683665131861897e-06
 7.005917360124576943e-06
 7.005917360124576943e-06
 7.005917360124576943e-06
 7.005917360124576943e-06
 7.007189976541231680e-06
 7.007189976541231680e-06
 7.007189976541231680e-06
 7.009514933116019200e-06
 7.009514933116019200e-06
 7.009514933116019200e-06
 7.007815731639865258e-06
 7.007815731639865258e-06
 7.007815731639865258e-06
 7.006784832380598602e-06
 7.006784832380598602e-06
 7.006784832380598602e-06
 7.006758407430671343e-06
 7.006758407430671343e-06
 7.006758407430671343e-06
 7.007764193940640334e-06
 7.007764193940640334e-06
 7.007764193940640334e-06
 7.007764193940640334e-06
 7.009810408198203015e-06
 7.009810408198203015e-06
 7.009810408198203015e-06
 7.009193256843852178e-06
 7.009193256843852178e-06
 7.009193256843852178e-06
 7.007919305328085826e-06
 7.007919305328085826e-06
 7.007919305328085826e-06
 7.007650236397217109e-06
 7.007650236397217109e-06
 7.007650236397217109e-06
 7.008402292160370388e-06
 7.008402292160370388e-06
 7.008402292160370388e-06
 7.008402292160370388e-06
 7.010185762676194919e-06
 7.010185762676194919e-06
 7.010185762676194919e-06
 7.010587238544864033e-06
 7.010587238544864033e-06
 7.010587238544864033e-06
 7.009082145272218892e-06
 7.009082145272218892e-06
 7.009082145272218892e-06
 7.008583984477162076e-06
 7.008583984477162076e-06
 7.008583984477162076e-06
 7.009093940320753573e-06
 7.009093940320753573e-06
 7.009093940320753573e-06
 7.010630991882000723e-06
 7.010630991882000723e-06
 7.010630991882000723e-06
 7.010630991882000723e-06
 7.011989582172893464e-06
 7.011989582172893464e-06
 7.011989582172893464e-06
 7.010266492541499302e-06
 7.010266492541499302e-06
 7.010266492541499302e-06
 7.009551579073651620e-06
 7.009551579073651620e-06
 7.009551579073651620e-06
 7.009833273512497382e-06
 7.009833273512497382e-06
 7.009833273512497382e-06
 7.011138294018333061e-06
 7.011138294018333061e-06
 7.011138294018333061e-06
 7.011138294018333061e-06
 7.013390645578555162e-06
 7.013390645578555162e-06
 7.013390645578555162e-06
 7.011465948999287387e-06
 7.011465948999287387e-06
 7.011465948999287387e-06
 7.010545388103704730e-06
 7.010545388103704730e-06
 7.010545388103704730e-06
 7.010615648771781973e-06
 7.010615648771781973e-06
 7.010615648771781973e-06
 7.011702398486321157e-06
 7.011702398486321157e-06
 7.011702398486321157e-06
 7.011702398486321157e-06
 7.013814640223322182e-06
 7.013814640223322182e-06
 7.013814640223322182e-06
 7.012677088440443266e-06
 7.012677088440443266e-06
 7.012677088440443266e-06
 7.011559539188484103e-06
 7.011559539188484103e-06
 7.011559539188484103e-06
 7.011433191194173965e-06
 7.011433191194173965e-06
 7.011433191194173965e-06
 7.012313507134890579e-06
 7.012313507134890579e-06
 7.012313507134890579e-06
 7.014211407187023276e-06
 7.014211407187023276e-06
 7.014211407187023276e-06
 7.014211407187023276e-06
 7.013896272197444984e-06
 7.013896272197444984e-06
 7.013896272197444984e-06
 7.012591065687929331e-06
 7.012591065687929331e-06
 7.012591065687929331e-06
 7.012278693268948498e-06
 7.012278693268948498e-06
 7.012278693268948498e-06
 7.012961740319925341e-06
 7.012961740319925341e-06
 7.012961740319925341e-06
 7.014658984162308686e-06
 7.014658984162308686e-06
 7.014658984162308686e-06
 7.014658984162308686e-06
 7.015114703603668995e-06
 7.015114703603668995e-06
 7.015114703603668995e-06
 7.013634026639686525e-06
 7.013634026639686525e-06
 7.013634026639686525e-06
 7.013146693320556764e-06
 7.013146693320556764e-06
 7.013146693320556764e-06
 7.013644509879038571e-06
 7.013644509879038571e-06
 7.013644509879038571e-06
 7.015153143040638252e-06
 7.015153143040638252e-06
 7.015153143040638252e-06
 7.016326422557457350e-06
 7.016326422557457350e-06
 7.016326422557457350e-06
 7.016326422557457350e-06
 7.014683951903003041e-06
 7.014683951903003041e-06
 7.014683951903003041e-06
 7.014031692351252147e-06
 7.014031692351252147e-06
 7.014031692351252147e-06
 7.014357393262119479e-06
 7.014357393262119479e-06
 7.014357393262119479e-06
 7.015688693101209401e-06
 7.015688693101209401e-06
 7.015688693101209401e-06
 7.017527223229118506e-06
 7.017527223229118506e-06
 7.017527223229118506e-06
 7.017527223229118506e-06
 7.015734658123089722e-06
 7.015734658123089722e-06
 7.015734658123089722e-06
 7.014925869911725181e-06
 7.014925869911725181e-06
 7.014925869911725181e-06
 7.015094408299482066e-06
 7.015094408299482066e-06
 7.015094408299482066e-06
 7.016260263802507406e-06
 7.016260263802507406e-06
 7.016260263802507406e-06
 7.018434798870521835e-06
 7.018434798870521835e-06
 7.018434798870521835e-06
 7.018434798870521835e-06
 7.016783770160340465e-06
 7.016783770160340465e-06
 7.016783770160340465e-06
 7.015828133264652170e-06
 7.015828133264652170e-06
 7.015828133264652170e-06
 7.015850085521834252e-06
 7.015850085521834252e-06
 7.015850085521834252e-06
 7.016860643025251916e-06
 7.016860643025251916e-06
 7.016860643025251916e-06
 7.018875219038493243e-06
 7.018875219038493243e-06
 7.018875219038493243e-06
 7.005593173488709220e-06
 7.005593173488709220e-06
 7.003593460624466305e-06
 7.003593460624466305e-06
 7.003593460624466305e-06
 7.002630830253630369e-06
 7.002630830253630369e-06
 7.002630830253630369e-06
 7.002691706241448517e-06
 7.002691706241448517e-06
 7.002691706241448517e-06
 7.002691706241448517e-06
 7.003803561418577711e-06
 7.003803561418577711e-06
 7.003803561418577711e-06
 7.005977077461899021e-06
 7.005977077461899021e-06
 7.005977077461899021e-06
 7.005120869464185343e-06
 7.005120869464185343e-06
 7.005120869464185343e-06
 7.003866843997090000e-06
 7.003866843997090000e-06
 7.003866843997090000e-06
 7.003628160015932514e-06
 7.003628160015932514e-06
 7.003628160015932514e-06
 7.003628160015932514e-06
 7.004432663200703418e-06
 7.004432663200703418e-06
 7.004432663200703418e-06
 7.006285550265311515e-06
 7.006285550265311515e-06
 7.006285550265311515e-06
 7.006681136431319708e-06
 7.006681136431319708e-06
 7.006681136431319708e-06
 7.005145032764885093e-06
 7.005145032764885093e-06
 7.005145032764885093e-06
 7.004628649010742793e-06
 7.004628649010742793e-06
 7.004628649010742793e-06
 7.005140275666884019e-06
 7.005140275666884019e-06
 7.005140275666884019e-06
 7.005140275666884019e-06
 7.006693965197508813e-06
 7.006693965197508813e-06
 7.006693965197508813e-06
 7.008266621438694702e-06
 7.008266621438694702e-06
 7.008266621438694702e-06
 7.006463737280829350e-06
 7.006463737280829350e-06
 7.006463737280829350e-06
 7.005683665131861897e-06
 7.005683665131861897e-06
 7.005683665131861897e-06
 7.005917360124576943e-06
 7.005917360124576943e-06
 7.005917360124576943e-06
 7.005917360124576943e-06
 7.007189976541231680e-06
 7.007189976541231680e-06
 7.007189976541231680e-06
 7.009514933116019200e-06
 7.009514933116019200e-06
 7.009514933116019200e-06
 7.007815731639865258e-06
 7.007815731639865258e-06
 7.007815731639865258e-06
 7.006784832380598602e-06
 7.006784832380598602e-06
 7.006784832380598602e-06
 7.006758407430671343e-06
 7.006758407430671343e-06
 7.006758407430671343e-06
 7.007764193940640334e-06
 7.007764193940640334e-06
 7.007764193940640334e-06
 7.007764193940640334e-06
 7.009810408198203015e-06
 7.009810408198203015e-06
 7.009810408198203015e-06
 7.009193256843852178e-06
 7.009193256843852178e-06
 7.009193256843852178e-06
 7.007919305328085826e-06
 7.007919305328085826e-06
 7.007919305328085826e-06
 7.007650236397217109e-06
 7.007650236397217109e-06
 7.007650236397217109e-06
 7.008402292160370388e-06
 7.008402292160370388e-06
 7.008402292160370388e-06
 7.008402292160370388e-06
 7.010185762676194919e-06
 7.010185762676194919e-06
 7.010185762676194919e-06
 7.010587238544864033e-06
 7.010587238544864033e-06
 7.010587238544864033e-06
 7.009082145272218892e-06
 7.009082145272218892e-06
 7.009082145272218892e-06
 7.008583984477162076e-06
 7.008583984477162076e-06
 7.008583984477162076e-06
 7.009093940320753573e-06
 7.009093940320753573e-06
 7.009093940320753573e-06
 7.010630991882000723e-06
 7.010630991882000723e-06
 7.010630991882000723e-06
 7.010630991882000723e-06
 7.011989582172893464e-06
 7.011989582172893464e-06
 7.011989582172893464e-06
 7.010266492541499302e-06
 7.010266492541499302e-06
 7.010266492541499302e-06
 7.009551579073651620e-06
 7.009551579073651620e-06
 7.009551579073651620e-06
 7.009833273512497382e-06
 7.009833273512497382e-06
 7.009833273512497382e-06
 7.011138294018333061e-06
 7.011138294018333061e-06
 7.011138294018333061e-06
 7.011138294018333061e-06
 7.013390645578555162e-06
 7.013390645578555162e-06
 7.013390645578555162e-06
 7.011465948999287387e-06
 7.011465948999287387e-06
 7.011465948999287387e-06
 7.010545388103704730e-06
 7.010545388103704730e-06
 7.010545388103704730e-06
 7.010615648771781973e-06
 7.010615648771781973e-06
 7.010615648771781973e-06
 7.011702398486321157e-06
 7.011702398486321157e-06
 7.011702398486321157e-06
 7.011702398486321157e-06
 7.013814640223322182e-06
 7.013814640223322182e-06
 7.013814640223322182e-06
 7.012677088440443266e-06
 7.012677088440443266e-06
 7.012677088440443266e-06
 7.011559539188484103e-06
 7.011559539188484103e-06
 7.011559539188484103e-06
 7.011433191194173965e-06
 7.011433191194173965e-06
 7.011433191194173965e-06
 7.012313507134890579e-06
 7.012313507134890579e-06
 7.012313507134890579e-06
 7.014211407187023276e-06
 7.014211407187023276e-06
 7.014211407187023276e-06
 7.014211407187023276e-06
 7.013896272197444984e-06
 7.013896272197444984e-06
 7.013896272197444984e-06
 7.012591065687929331e-06
 7.012591065687929331e-06
 7.012591065687929331e-06
 7.012278693268948498e-06
 7.012278693268948498e-06
 7.012278693268948498e-06
 7.012961740319925341e-06
 7.012961740319925341e-06
 7.012961740319925341e-06
 7.014658984162308686e-06
 7.014658984162308686e-06
 7.014658984162308686e-06
 7.014658984162308686e-06
 7.015114703603668995e-06
 7.015114703603668995e-06
 7.015114703603668995e-06
 7.013634026639686525e-06
 7.013634026639686525e-06
 7.013634026639686525e-06
 7.013146693320556764e-06
 7.013146693320556764e-06
 7.013146693320556764e-06
 7.013644509879038571e-06
 7.013644509879038571e-06
 7.013644509879038571e-06
 7.015153143040638252e-06
 7.015153143040638252e-06
 7.015153143040638252e-06
 7.016326422557457350e-06
 7.016326422557457350e-06
 7.016326422557457350e-06
 7.016326422557457350e-06
 7.014683951903003041e-06
 7.014683951903003041e-06
 7.014683951903003041e-06
 7.014031692351252147e-06
 7.014031692351252147e-06
 7.014031692351252147e-06
 7.014357393262119479e-06
 7.014357393262119479e-06
 7.014357393262119479e-06
 7.015688693101209401e-06
 7.015688693101209401e-06
 7.015688693101209401e-06
 7.017527223229118506e-06
 7.017527223229118506e-06
 7.017527223229118506e-06
 7.017527223229118506e-06
 7.015734658123089722e-06
 7.015734658123089722e-06
 7.015734658123089722e-06
 7.014925869911725181e-06
 7.014925869911725181e-06
 7.014925869911725181e-06
 7.015094408299482066e-06
 7.015094408299482066e-06
 7.015094408299482066e-06
 7.016260263802507406e-06
 7.016260263802507406e-06
 7.016260263802507406e-06
 7.018434798870521835e-06
 7.018434798870521835e-06
 7.018434798870521835e-06
 7.018434798870521835e-06
 7.016783770160340465e-06
 7.016783770160340465e-06
 7.016783770160340465e-06
 7.015828133264652170e-06
 7.015828133264652170e-06
 7.015828133264652170e-06
 7.015850085521834252e-06
 7.015850085521834252e-06
 7.015850085521834252e-06
 7.016860643025251916e-06
 7.016860643025251916e-06
 7.016860643025251916e-06
 7.018875219038493243e-06
 7.018875219038493243e-06
 7.018875219038493243e-06
 </DataArray>
 <DataArray Name="u" type="Float32" NumberOfComponents="1" format="ascii">
 -9.233453852321500890e+05
 -9.233426825336092152e+05
 -9.233323118308172561e+05
 -9.233061890769447200e+05
 -9.232530128670646809e+05
 -9.231592217658529989e+05
 -9.230144113296093419e+05
 -9.228331235890123062e+05
 -9.226643193097412586e+05
 -9.225224569206959568e+05
 -9.224025702277310193e+05
 -9.223168145744060166e+05
 -9.222674414890427142e+05
 -9.222366571068405174e+05
 -9.222077491134591401e+05
 -9.221767507542590611e+05
 -9.221533017146107741e+05
 -9.221426181097258814e+05
 -9.221407529807346873e+05
 -9.221423008706858382e+05
 -9.221442539295926690e+05
 -9.221450528175905347e+05
 -9.221462198672662489e+05
 -9.221485689842468128e+05
 -9.221532696099313907e+05
 -9.221628693047664128e+05
 -9.221810826192088425e+05
 -9.222116029701549560e+05
 -9.222570135259721428e+05
 -9.223174740798259154e+05
 -9.223893163650813513e+05
 -9.224655406847083941e+05
 -9.225394911099597812e+05
 -9.226080648722006008e+05
 -9.226714985162070952e+05
 -9.227315714218583889e+05
 -9.227901097181057557e+05
 -9.228481252724272199e+05
 -9.229055954969595186e+05
 -9.229618425016910769e+05
 -9.230162150050178170e+05
 -9.230686395168616436e+05
 -9.231197937537464313e+05
 -9.231708983973716386e+05
 -9.232232674296502955e+05
 -9.232778113056356087e+05
 -9.233346762720248662e+05
 -9.233931637292564847e+05
 -9.234519743033559062e+05
 -9.235096728406529874e+05
 -9.235651762238992378e+05
 -9.236180623743259348e+05
 -9.236685685356496833e+05
 -9.237172880546967499e+05
 -9.237647224808242172e+05
 -9.238109140151394531e+05
 -9.238553575957329012e+05
 -9.238972580221784301e+05
 -9.239359831111659296e+05
 -9.239714401971474290e+05
 -9.240041731214313768e+05
 -9.240351508212988265e+05
 -9.240653795199701563e+05
 -9.240955331670911983e+05
 -9.241257661324571818e+05
 -9.241557945041200146e+05
 -9.241851872826572508e+05
 -9.242136832260782830e+05
 -9.242413746241205372e+05
 -9.242687031999998726e+05
 -9.242962957635810599e+05
 -9.243247211043597199e+05
 -9.243542688354444690e+05
 -9.243848426968776621e+05
 -9.244160213678232394e+05
 -9.244472567981928587e+05
 -9.244781076075765304e+05
 -9.245084001191481948e+05
 -9.245382536161276512e+05
 -9.245679675266207196e+05
 -9.245978268573172390e+05
 -9.246279141982854344e+05
 -9.246580150376046076e+05
 -9.246876669580275193e+05
 -9.247163326501292177e+05
 -9.247436099442574196e+05
 -9.247693768943040632e+05
 -9.247938069169605151e+05
 -9.248172526630321518e+05
 -9.248400584559054114e+05
 -9.248623908497323282e+05
 -9.248841691189189442e+05
 -9.249051331162853166e+05
 -9.249250096922367811e+05
 -9.249436811786037870e+05
 -9.249612682871939614e+05
 -9.249780950012137182e+05
 -9.249945630135382526e+05
 -9.250110002467785962e+05
 -9.250275517255696468e+05
 -9.250441613139915280e+05
 -9.250606501616626047e+05
 -9.250768441980187781e+05
 -9.250926823055511340e+05
 -9.251082592022931203e+05
 -9.251237925156354904e+05
 -9.251395346600227058e+05
 -9.251556698794290423e+05
 -9.251722409651684575e+05
 -9.251891392044187523e+05
 -9.252061625847383402e+05
 -9.252231116896462627e+05
 -9.252398758131917566e+05
 -9.252564717130027711e+05
 -9.252730216953740455e+05
 -9.252896843577767722e+05
 -9.253065705046639778e+05
 -9.253236821803608909e+05
 -9.253409034006074071e+05
 -9.253580474725509994e+05
 -9.253749369727410376e+05
 -9.253914768483992666e+05
 -9.254076871940917335e+05
 -9.254236831963788718e+05
 -9.254396142069050111e+05
 -9.254555911648049951e+05
 -9.254716353418729268e+05
 -9.254876711968951859e+05
 -9.255035648681353778e+05
 -9.255191871860688552e+05
 -9.255344698190861382e+05
 -9.255494294974007644e+05
 -9.255641516627627425e+05
 -9.255787431578235701e+05
 -9.255932766648461111e+05
 -9.256077528915200382e+05
 -9.256220986211290583e+05
 -9.256362013900429010e+05
 -9.256499627381409518e+05
 -9.256633433831715956e+05
 -9.256763795697214082e+05
 -9.256891648349747993e+05
 -9.257018073590714484e+05
 -9.257143832150227390e+05
 -9.257269068647436798e+05
 -9.257393320873589255e+05
 -9.257515817087437026e+05
 -9.257635901920325123e+05
 -9.257753379592271522e+05
 -9.257868621747875586e+05
 -9.257982407370144501e+05
 -9.258095582530079409e+05
 -9.258208701127665117e+05
 -9.258321811179863289e+05
 -9.258434483739309944e+05
 -9.258546064545866102e+05
 -9.258656019063512795e+05
 -9.258764203640203923e+05
 -9.258870943099269643e+05
 -9.258976891800733283e+05
 -9.259082752122646198e+05
 -9.259188982089231722e+05
 -9.259295623515807092e+05
 -9.259402324759736657e+05
 -9.259508539140829816e+05
 -9.259613796891011298e+05
 -9.259717920582666993e+05
 -9.259821089957915246e+05
 -9.259923735973015428e+05
 -9.260026319943419658e+05
 -9.260129101247154176e+05
 -9.260231999030713923e+05
 -9.260334609106951393e+05
 -9.260436363819045946e+05
 -9.260536755452244543e+05
 -9.260635518125905655e+05
 -9.260732688540564850e+05
 -9.260828525103004649e+05
 -9.260923329225364141e+05
 -9.261017254914706573e+05
 -9.261110196487787180e+05
 -9.261201807387992740e+05
 -9.261291640081638470e+05
 -9.261379338355720975e+05
 -9.261464790362315252e+05
 -9.261548173453598283e+05
 -9.261629875241415575e+05
 -9.261710332382726483e+05
 -9.261789863875308074e+05
 -9.261868575035668910e+05
 -9.261946372620686889e+05
 -9.262023076666356064e+05
 -9.262098568663238548e+05
 -9.262172903023664840e+05
 -9.262246332210553810e+05
 -9.262319238945399411e+05
 -9.262392010399946012e+05
 -9.262464912749878131e+05
 -9.262538021876956336e+05
 -9.262611238685515709e+05
 -9.262684377096435055e+05
 -9.262757279360727407e+05
 -9.262829903895524330e+05
 -9.262902347489409149e+05
 -9.262974795364020392e+05
 -9.263047424305989407e+05
 -9.263120303533948027e+05
 -9.263193338155928068e+05
 -9.263266280778557993e+05
 -9.263338805715092458e+05
 -9.263410611854721792e+05
 -9.263481508657154627e+05
 -9.263551449604402296e+05
 -9.263620502572446130e+05
 -9.263688774978634901e+05
 -9.263756331066656858e+05
 -9.263823141184272245e+05
 -9.263889086925927550e+05
 -9.263954018230354413e+05
 -9.264017832684679888e+05
 -9.264080537176472135e+05
 -9.264142262224443257e+05
 -9.264203222987647168e+05
 -9.264263645720379427e+05
 -9.264323693349724635e+05
 -9.264383423269647174e+05
 -9.264442795010288246e+05
 -9.264501721916142851e+05
 -9.264560140575012192e+05
 -9.264618064597570337e+05
 -9.264675598125709221e+05
 -9.264732903544679284e+05
 -9.264790137965227477e+05
 -9.264847385944393463e+05
 -9.264904617209262215e+05
 -9.264961687642317265e+05
 -9.265018383463500068e+05
 -9.265074490080173127e+05
 -9.265129857031567954e+05
 -9.265184433534713462e+05
 -9.265238263427643105e+05
 -9.265291446478292346e+05
 -9.265344086430761963e+05
 -9.265396249264916405e+05
 -9.265447947694826871e+05
 -9.265499154168330133e+05
 -9.265549831094304100e+05
 -9.265599959873706102e+05
 -9.265649552626763470e+05
 -9.265698640938820317e+05
 -9.233453852321566083e+05
 -9.233426825336120091e+05
 -9.233323118308247067e+05
 -9.233061890769517049e+05
 -9.232530128670698032e+05
 -9.231592217658571899e+05
 -9.230144113296121359e+05
 -9.228331235890174285e+05
 -9.226643193097487092e+05
 -9.225224569206917658e+05
 -9.224025702277254313e+05
 -9.223168145743957721e+05
 -9.222674414890352637e+05
 -9.222366571068293415e+05
 -9.222077491134447046e+05
 -9.221767507542455569e+05
 -9.221533017146047205e+05
 -9.221426181097193621e+05
 -9.221407529807323590e+05
 -9.221423008706877008e+05
 -9.221442539295922033e+05
 -9.221450528175914660e+05
 -9.221462198672671802e+05
 -9.221485689842491411e+05
 -9.221532696099341847e+05
 -9.221628693047645502e+05
 -9.221810826192060485e+05
 -9.222116029701540247e+05
 -9.222570135259684175e+05
 -9.223174740798193961e+05
 -9.223893163650766946e+05
 -9.224655406846995465e+05
 -9.225394911099532619e+05
 -9.226080648721950129e+05
 -9.226714985162005760e+05
 -9.227315714218537323e+05
 -9.227901097181024961e+05
 -9.228481252724267542e+05
 -9.229055954969613813e+05
 -9.229618425016920082e+05
 -9.230162150050136261e+05
 -9.230686395168560557e+05
 -9.231197937537408434e+05
 -9.231708983973646536e+05
 -9.232232674296428449e+05
 -9.232778113056295551e+05
 -9.233346762720216066e+05
 -9.233931637292499654e+05
 -9.234519743033517152e+05
 -9.235096728406506591e+05
 -9.235651762238992378e+05
 -9.236180623743259348e+05
 -9.236685685356515460e+05
 -9.237172880546967499e+05
 -9.237647224808251485e+05
 -9.238109140151450410e+05
 -9.238553575957389548e+05
 -9.238972580221854150e+05
 -9.239359831111705862e+05
 -9.239714401971520856e+05
 -9.240041731214346364e+05
 -9.240351508213011548e+05
 -9.240653795199706219e+05
 -9.240955331670916639e+05
 -9.241257661324571818e+05
 -9.241557945041176863e+05
 -9.241851872826581821e+05
 -9.242136832260782830e+05
 -9.242413746241223998e+05
 -9.242687032000026666e+05
 -9.242962957635866478e+05
 -9.243247211043643765e+05
 -9.243542688354477286e+05
 -9.243848426968785934e+05
 -9.244160213678227738e+05
 -9.244472567981891334e+05
 -9.244781076075672172e+05
 -9.245084001191384159e+05
 -9.245382536161155440e+05
 -9.245679675266132690e+05
 -9.245978268573135138e+05
 -9.246279141982821748e+05
 -9.246580150376027450e+05
 -9.246876669580251910e+05
 -9.247163326501287520e+05
 -9.247436099442518316e+05
 -9.247693768943017349e+05
 -9.247938069169586524e+05
 -9.248172526630302891e+05
 -9.248400584559068084e+05
 -9.248623908497379161e+05
 -9.248841691189268604e+05
 -9.249051331162964925e+05
 -9.249250096922502853e+05
 -9.249436811786135659e+05
 -9.249612682871981524e+05
 -9.249780950012123212e+05
 -9.249945630135317333e+05
 -9.250110002467692830e+05
 -9.250275517255621962e+05
 -9.250441613139840774e+05
 -9.250606501616523601e+05
 -9.250768441980071366e+05
 -9.250926823055343702e+05
 -9.251082592022791505e+05
 -9.251237925156280398e+05
 -9.251395346600152552e+05
 -9.251556698794234544e+05
 -9.251722409651661292e+05
 -9.251891392044150271e+05
 -9.252061625847332180e+05
 -9.252231116896411404e+05
 -9.252398758131889626e+05
 -9.252564717129976489e+05
 -9.252730216953665949e+05
 -9.252896843577674590e+05
 -9.253065705046537332e+05
 -9.253236821803492494e+05
 -9.253409034006032161e+05
 -9.253580474725468084e+05
 -9.253749369727377780e+05
 -9.253914768483908847e+05
 -9.254076871940833516e+05
 -9.254236831963700242e+05
 -9.254396142068998888e+05
 -9.254555911648012698e+05
 -9.254716353418719955e+05
 -9.254876711968998425e+05
 -9.255035648681405000e+05
 -9.255191871860697865e+05
 -9.255344698190898634e+05
 -9.255494294974016957e+05
 -9.255641516627673991e+05
 -9.255787431578212418e+05
 -9.255932766648381948e+05
 -9.256077528915069997e+05
 -9.256220986211132258e+05
 -9.256362013900307938e+05
 -9.256499627381335013e+05
 -9.256633433831669390e+05
 -9.256763795697204769e+05
 -9.256891648349743336e+05
 -9.257018073590714484e+05
 -9.257143832150213420e+05
 -9.257269068647413515e+05
 -9.257393320873542689e+05
 -9.257515817087376490e+05
 -9.257635901920306496e+05
 -9.257753379592210986e+05
 -9.257868621747815050e+05
 -9.257982407370069996e+05
 -9.258095582529981621e+05
 -9.258208701127613895e+05
 -9.258321811179784127e+05
 -9.258434483739249408e+05
 -9.258546064545768313e+05
 -9.258656019063438289e+05
 -9.258764203640134074e+05
 -9.258870943099246360e+05
 -9.258976891800719313e+05
 -9.259082752122702077e+05
 -9.259188982089315541e+05
 -9.259295623515886255e+05
 -9.259402324759834446e+05
 -9.259508539140950888e+05
 -9.259613796891123056e+05
 -9.259717920582797378e+05
 -9.259821089958092198e+05
 -9.259923735973169096e+05
 -9.260026319943582639e+05
 -9.260129101247289218e+05
 -9.260231999030816369e+05
 -9.260334609107053839e+05
 -9.260436363819111139e+05
 -9.260536755452319048e+05
 -9.260635518125984818e+05
 -9.260732688540667295e+05
 -9.260828525103074498e+05
 -9.260923329225387424e+05
 -9.261017254914706573e+05
 -9.261110196487829089e+05
 -9.261201807388043962e+05
 -9.261291640081699006e+05
 -9.261379338355772197e+05
 -9.261464790362343192e+05
 -9.261548173453598283e+05
 -9.261629875241373666e+05
 -9.261710332382670604e+05
 -9.261789863875219598e+05
 -9.261868575035575777e+05
 -9.261946372620603070e+05
 -9.262023076666281559e+05
 -9.262098568663182668e+05
 -9.262172903023594990e+05
 -9.262246332210493274e+05
 -9.262319238945352845e+05
 -9.262392010399936698e+05
 -9.262464912749826908e+05
 -9.262538021876881830e+05
 -9.262611238685417920e+05
 -9.262684377096276730e+05
 -9.262757279360545799e+05
 -9.262829903895356692e+05
 -9.262902347489269450e+05
 -9.262974795363862067e+05
 -9.263047424305882305e+05
 -9.263120303533850238e+05
 -9.263193338155872189e+05
 -9.263266280778492801e+05
 -9.263338805715031922e+05
 -9.263410611854707822e+05
 -9.263481508657103404e+05
 -9.263551449604365043e+05
 -9.263620502572362311e+05
 -9.263688774978518486e+05
 -9.263756331066535786e+05
 -9.263823141184109263e+05
 -9.263889086925764568e+05
 -9.263954018230205402e+05
 -9.264017832684554160e+05
 -9.264080537176365033e+05
 -9.264142262224364094e+05
 -9.264203222987595946e+05
 -9.264263645720342174e+05
 -9.264323693349729292e+05
 -9.264383423269656487e+05
 -9.264442795010288246e+05
 -9.264501721916203387e+05
 -9.264560140575054102e+05
 -9.264618064597654156e+05
 -9.264675598125802353e+05
 -9.264732903544777073e+05
 -9.264790137965283357e+05
 -9.264847385944435373e+05
 -9.264904617209294811e+05
 -9.264961687642293982e+05
 -9.265018383463448845e+05
 -9.265074490080107935e+05
 -9.265129857031493448e+05
 -9.265184433534671552e+05
 -9.265238263427638449e+05
 -9.265291446478315629e+05
 -9.265344086430836469e+05
 -9.265396249265004881e+05
 -9.265447947694924660e+05
 -9.265499154168390669e+05
 -9.265549831094378605e+05
 -9.265599959873734042e+05
 -9.265649552626800723e+05
 -9.265698640938792378e+05
 </DataArray>
 <DataArray Name="T" type="Float32" NumberOfComponents="1" format="ascii">
 2.005845849107183199e+02
 2.005854522960952693e+02
 2.005887805977219216e+02
 2.005971642536756576e+02
 2.006142302586892185e+02
 2.006443309260199044e+02
 2.006908053858682308e+02
 2.007489866194858621e+02
 2.008031614973655223e+02
 2.008486898313356903e+02
 2.008871654373974707e+02
 2.009146872636594026e+02
 2.009305327201943498e+02
 2.009404124469027408e+02
 2.009496899783607375e+02
 2.009596383773669004e+02
 2.009671639499698301e+02
 2.009705926722300262e+02
 2.009711912538285787e+02
 2.009706944847334000e+02
 2.009700676835158788e+02
 2.009698112939271937e+02
 2.009694367490760101e+02
 2.009686828397195768e+02
 2.009671742534235648e+02
 2.009640933937580769e+02
 2.009582481385905908e+02
 2.009484531482473528e+02
 2.009338793985387781e+02
 2.009144756065512922e+02
 2.008914190404078681e+02
 2.008669561344609065e+02
 2.008432229964477926e+02
 2.008212154074743694e+02
 2.008008574524962739e+02
 2.007815780696418528e+02
 2.007627911937155716e+02
 2.007441720829675660e+02
 2.007257279865904422e+02
 2.007076764619158098e+02
 2.006902265267574705e+02
 2.006734017665126544e+02
 2.006569846795274543e+02
 2.006405835086599723e+02
 2.006237765536431255e+02
 2.006062716193289361e+02
 2.005880217703140431e+02
 2.005692512103098579e+02
 2.005503769514129715e+02
 2.005318595819161374e+02
 2.005140467099779755e+02
 2.004970737946391637e+02
 2.004808646965422554e+02
 2.004652289910605703e+02
 2.004500057144123559e+02
 2.004351813228660717e+02
 2.004209179074978238e+02
 2.004074706744324033e+02
 2.003950425122090451e+02
 2.003836631602678153e+02
 2.003731580819404599e+02
 2.003632163131976824e+02
 2.003535149237183646e+02
 2.003438376207645035e+02
 2.003341348619617577e+02
 2.003244977640470097e+02
 2.003150646489940812e+02
 2.003059193580004376e+02
 2.002970322722361516e+02
 2.002882616281075343e+02
 2.002794062615916175e+02
 2.002702836293216535e+02
 2.002608007848698719e+02
 2.002509886212410208e+02
 2.002409823542303684e+02
 2.002309578712426799e+02
 2.002210568258541628e+02
 2.002113349567039506e+02
 2.002017539818606622e+02
 2.001922178049387924e+02
 2.001826349578626889e+02
 2.001729789347469364e+02
 2.001633185795637928e+02
 2.001538022973063846e+02
 2.001446025283452173e+02
 2.001358483422270638e+02
 2.001275788754923326e+02
 2.001197384729875637e+02
 2.001122139574023606e+02
 2.001048948239704828e+02
 2.000977276199543269e+02
 2.000907382528677090e+02
 2.000840102125472981e+02
 2.000776311617348142e+02
 2.000716388640387606e+02
 2.000659945790464178e+02
 2.000605943298283762e+02
 2.000553091998514788e+02
 2.000500339479009995e+02
 2.000447220307735847e+02
 2.000393914643431970e+02
 2.000340996476143687e+02
 2.000289024455898073e+02
 2.000238194729002998e+02
 2.000188203313952044e+02
 2.000138351772449141e+02
 2.000087830023034599e+02
 2.000036046765840467e+02
 1.999982864669382536e+02
 1.999928632629074343e+02
 1.999873998969673892e+02
 1.999819603684641720e+02
 1.999765802066000049e+02
 1.999712540332977539e+02
 1.999659425964210016e+02
 1.999605949967942706e+02
 1.999551756736027528e+02
 1.999496839707549896e+02
 1.999441571114370504e+02
 1.999386550115619059e+02
 1.999332346121846342e+02
 1.999279264188864431e+02
 1.999227239826563505e+02
 1.999175903363162092e+02
 1.999124775479824621e+02
 1.999073500136163091e+02
 1.999022009063952510e+02
 1.998970544699940319e+02
 1.998919536650723785e+02
 1.998869399464042544e+02
 1.998820352438636974e+02
 1.998772341881717978e+02
 1.998725093582442014e+02
 1.998678264647392666e+02
 1.998631621815142694e+02
 1.998585162814481748e+02
 1.998539122622076150e+02
 1.998493862170920750e+02
 1.998449697452117846e+02
 1.998406754535409107e+02
 1.998364917099924583e+02
 1.998323884953893810e+02
 1.998283310911459694e+02
 1.998242950829159668e+02
 1.998202758293924717e+02
 1.998162881643835078e+02
 1.998123568556189866e+02
 1.998085029360471481e+02
 1.998047326888953990e+02
 1.998010341868589137e+02
 1.997973824297959595e+02
 1.997937502644889491e+02
 1.997901199144548059e+02
 1.997864898386704340e+02
 1.997828738034758658e+02
 1.997792928062434612e+02
 1.997757640020024894e+02
 1.997722920010224072e+02
 1.997688663786478855e+02
 1.997654661343009650e+02
 1.997620687263462003e+02
 1.997586594552710153e+02
 1.997552369790834348e+02
 1.997518125831590510e+02
 1.997484038122738355e+02
 1.997450257428394877e+02
 1.997416840690950721e+02
 1.997383730225213867e+02
 1.997350787723063661e+02
 1.997317865133108796e+02
 1.997284879212359954e+02
 1.997251855909381106e+02
 1.997218924941200839e+02
 1.997186268487672862e+02
 1.997154049491257695e+02
 1.997122353281850167e+02
 1.997091168081034027e+02
 1.997060410957523970e+02
 1.997029985178192248e+02
 1.996999841317077653e+02
 1.996970013291429780e+02
 1.996940612322730999e+02
 1.996911782039346122e+02
 1.996883636761814671e+02
 1.996856212385833942e+02
 1.996829451993224609e+02
 1.996803231186520975e+02
 1.996777409828058012e+02
 1.996751885540897149e+02
 1.996726624525484795e+02
 1.996701656706624419e+02
 1.996677039840719203e+02
 1.996652811961369025e+02
 1.996628955605856106e+02
 1.996605389750477855e+02
 1.996581991567245211e+02
 1.996558636799936153e+02
 1.996535240023967219e+02
 1.996511776886370910e+02
 1.996488279190224659e+02
 1.996464806654475694e+02
 1.996441409905991122e+02
 1.996418102290090246e+02
 1.996394852744113848e+02
 1.996371601824311028e+02
 1.996348292794002646e+02
 1.996324903438640206e+02
 1.996301464212195071e+02
 1.996278054511384710e+02
 1.996254778859861290e+02
 1.996231733894045135e+02
 1.996208980764619412e+02
 1.996186534400745813e+02
 1.996164373018776814e+02
 1.996142462144929937e+02
 1.996120781161282025e+02
 1.996099339584216921e+02
 1.996078175413993563e+02
 1.996057336810238780e+02
 1.996036856640630788e+02
 1.996016732694721156e+02
 1.995996923084737205e+02
 1.995977358759020603e+02
 1.995957967105082105e+02
 1.995938695834230714e+02
 1.995919526526843697e+02
 1.995900472171038587e+02
 1.995881560577432481e+02
 1.995862812097098811e+02
 1.995844222361921538e+02
 1.995825757949323247e+02
 1.995807366744503213e+02
 1.995788998325425894e+02
 1.995770625554939386e+02
 1.995752258148624207e+02
 1.995733942358558579e+02
 1.995715746793836161e+02
 1.995697740324333722e+02
 1.995679971237890697e+02
 1.995662455832441537e+02
 1.995645180038910667e+02
 1.995628111838468044e+02
 1.995611217936198898e+02
 1.995594477156982123e+02
 1.995577885420451025e+02
 1.995561451569006408e+02
 1.995545187666884033e+02
 1.995529099683130880e+02
 1.995513183727965441e+02
 1.995497429664605988e+02
 2.005845849107162735e+02
 2.005854522960943314e+02
 2.005887805977195057e+02
 2.005971642536733555e+02
 2.006142302586875701e+02
 2.006443309260185970e+02
 2.006908053858673213e+02
 2.007489866194842136e+02
 2.008031614973631065e+02
 2.008486898313370261e+02
 2.008871654373992328e+02
 2.009146872636626995e+02
 2.009305327201967941e+02
 2.009404124469063220e+02
 2.009496899783653703e+02
 2.009596383773711921e+02
 2.009671639499717912e+02
 2.009705926722320726e+02
 2.009711912538293177e+02
 2.009706944847328316e+02
 2.009700676835159925e+02
 2.009698112939269379e+02
 2.009694367490756974e+02
 2.009686828397188947e+02
 2.009671742534227405e+02
 2.009640933937586738e+02
 2.009582481385915003e+02
 2.009484531482476939e+02
 2.009338793985399718e+02
 2.009144756065534239e+02
 2.008914190404093745e+02
 2.008669561344637202e+02
 2.008432229964498958e+02
 2.008212154074761600e+02
 2.008008574524983487e+02
 2.007815780696433592e+02
 2.007627911937166800e+02
 2.007441720829677365e+02
 2.007257279865898170e+02
 2.007076764619155824e+02
 2.006902265267588064e+02
 2.006734017665144449e+02
 2.006569846795292733e+02
 2.006405835086623028e+02
 2.006237765536454560e+02
 2.006062716193308972e+02
 2.005880217703150663e+02
 2.005692512103119896e+02
 2.005503769514143073e+02
 2.005318595819169047e+02
 2.005140467099779187e+02
 2.004970737946391921e+02
 2.004808646965416301e+02
 2.004652289910605703e+02
 2.004500057144120433e+02
 2.004351813228642811e+02
 2.004209179074958627e+02
 2.004074706744301579e+02
 2.003950425122075671e+02
 2.003836631602662806e+02
 2.003731580819394651e+02
 2.003632163131969151e+02
 2.003535149237182225e+02
 2.003438376207643898e+02
 2.003341348619617293e+02
 2.003244977640477771e+02
 2.003150646489937685e+02
 2.003059193580004091e+02
 2.002970322722356116e+02
 2.002882616281065964e+02
 2.002794062615897985e+02
 2.002702836293202324e+02
 2.002608007848687919e+02
 2.002509886212406798e+02
 2.002409823542304821e+02
 2.002309578712439304e+02
 2.002210568258571470e+02
 2.002113349567071054e+02
 2.002017539818644991e+02
 2.001922178049411798e+02
 2.001826349578638542e+02
 2.001729789347479596e+02
 2.001633185795644181e+02
 2.001538022973071236e+02
 2.001446025283453878e+02
 2.001358483422287975e+02
 2.001275788754930147e+02
 2.001197384729881605e+02
 2.001122139574029575e+02
 2.001048948239699996e+02
 2.000977276199525363e+02
 2.000907382528651794e+02
 2.000840102125437170e+02
 2.000776311617304373e+02
 2.000716388640356058e+02
 2.000659945790450536e+02
 2.000605943298288310e+02
 2.000553091998535535e+02
 2.000500339479039837e+02
 2.000447220307760006e+02
 2.000393914643456412e+02
 2.000340996476176088e+02
 2.000289024455935589e+02
 2.000238194729057000e+02
 2.000188203313996667e+02
 2.000138351772473300e+02
 2.000087830023058757e+02
 2.000036046765858373e+02
 1.999982864669390779e+02
 1.999928632629085996e+02
 1.999873998969690092e+02
 1.999819603684658205e+02
 1.999765802066009144e+02
 1.999712540332994024e+02
 1.999659425964233890e+02
 1.999605949967972549e+02
 1.999551756736061066e+02
 1.999496839707586844e+02
 1.999441571114383578e+02
 1.999386550115632417e+02
 1.999332346121856574e+02
 1.999279264188891148e+02
 1.999227239826590221e+02
 1.999175903363190798e+02
 1.999124775479841105e+02
 1.999073500136175028e+02
 1.999022009063955636e+02
 1.998970544699925256e+02
 1.998919536650707300e+02
 1.998869399464039702e+02
 1.998820352438625605e+02
 1.998772341881714851e+02
 1.998725093582427235e+02
 1.998678264647399772e+02
 1.998631621815168273e+02
 1.998585162814524097e+02
 1.998539122622126740e+02
 1.998493862170959687e+02
 1.998449697452142004e+02
 1.998406754535423886e+02
 1.998364917099927140e+02
 1.998323884953894947e+02
 1.998283310911459409e+02
 1.998242950829164499e+02
 1.998202758293932106e+02
 1.998162881643850426e+02
 1.998123568556209477e+02
 1.998085029360477733e+02
 1.998047326888973316e+02
 1.998010341868609032e+02
 1.997973824297983754e+02
 1.997937502644920471e+02
 1.997901199144564544e+02
 1.997864898386729635e+02
 1.997828738034777700e+02
 1.997792928062465307e+02
 1.997757640020048768e+02
 1.997722920010246526e+02
 1.997688663786486529e+02
 1.997654661343014197e+02
 1.997620687263444097e+02
 1.997586594552682868e+02
 1.997552369790808768e+02
 1.997518125831558962e+02
 1.997484038122699701e+02
 1.997450257428358782e+02
 1.997416840690908373e+02
 1.997383730225157024e+02
 1.997350787723014491e+02
 1.997317865133056785e+02
 1.997284879212316184e+02
 1.997251855909348137e+02
 1.997218924941168154e+02
 1.997186268487651830e+02
 1.997154049491233536e+02
 1.997122353281824871e+02
 1.997091168081001058e+02
 1.997060410957501517e+02
 1.997029985178184575e+02
 1.996999841317077653e+02
 1.996970013291416137e+02
 1.996940612322714514e+02
 1.996911782039327363e+02
 1.996883636761798471e+02
 1.996856212385825700e+02
 1.996829451993224893e+02
 1.996803231186534333e+02
 1.996777409828075918e+02
 1.996751885540925286e+02
 1.996726624525514637e+02
 1.996701656706651420e+02
 1.996677039840742793e+02
 1.996652811961386931e+02
 1.996628955605878559e+02
 1.996605389750497750e+02
 1.996581991567260275e+02
 1.996558636799938995e+02
 1.996535240023983420e+02
 1.996511776886394784e+02
 1.996488279190256492e+02
 1.996464806654526569e+02
 1.996441409906049387e+02
 1.996418102290143963e+02
 1.996394852744158470e+02
 1.996371601824362187e+02
 1.996348292794037320e+02
 1.996324903438671754e+02
 1.996301464212212977e+02
 1.996278054511405742e+02
 1.996254778859880332e+02
 1.996231733894049398e+02
 1.996208980764636181e+02
 1.996186534400758035e+02
 1.996164373018803531e+02
 1.996142462144967453e+02
 1.996120781161320394e+02
 1.996099339584268648e+02
 1.996078175414045859e+02
 1.996057336810286529e+02
 1.996036856640670862e+02
 1.996016732694755547e+02
 1.995996923084762784e+02
 1.995977358759036804e+02
 1.995957967105094326e+02
 1.995938695834229577e+02
 1.995919526526840855e+02
 1.995900472171038302e+02
 1.995881560577413154e+02
 1.995862812097085737e+02
 1.995844222361894822e+02
 1.995825757949293404e+02
 1.995807366744471381e+02
 1.995788998325407988e+02
 1.995770625554925459e+02
 1.995752258148613123e+02
 1.995733942358565400e+02
 1.995715746793852361e+02
 1.995697740324355038e+02
 1.995679971237914572e+02
 1.995662455832454896e+02
 1.995645180038912088e+02
 1.995628111838460654e+02
 1.995611217936175024e+02
 1.995594477156953417e+02
 1.995577885420419761e+02
 1.995561451568987081e+02
 1.995545187666860159e+02
 1.995529099683121785e+02
 1.995513183727953219e+02
 1.995497429664615083e+02
 </DataArray>
 <DataArray Name="vel.vector" type="Float32" NumberOfComponents="3" format="ascii">
 2.492719726562500000e+03 -1.094537004434070759e-12 0.000000000000000000e+00
 2.492714355468750000e+03 -1.140457194827304566e-12 0.000000000000000000e+00
 2.492693603515625000e+03 -1.245487220302710085e-12 0.000000000000000000e+00
 2.492641357421875000e+03 -1.268923226042939501e-12 0.000000000000000000e+00
 2.492534912109375000e+03 -1.263665929708557290e-12 0.000000000000000000e+00
 2.492347167968750000e+03 -1.104247444351502683e-12 0.000000000000000000e+00
 2.492060058593750000e+03 -9.299548978103366892e-13 0.000000000000000000e+00
 2.491699951171875000e+03 -7.864734796574068820e-13 0.000000000000000000e+00
 2.491339355468750000e+03 -7.618043565763010783e-13 0.000000000000000000e+00
 2.491056396484375000e+03 -8.213117685951232261e-13 0.000000000000000000e+00
 2.490861572265625000e+03 -6.306684775109205887e-13 0.000000000000000000e+00
 2.490708984375000000e+03 -5.498687984974159892e-13 0.000000000000000000e+00
 2.490570068359375000e+03 -4.034614981517081755e-13 0.000000000000000000e+00
 2.490459716796875000e+03 -4.387232493529430455e-13 0.000000000000000000e+00
 2.490398925781250000e+03 -5.727186845431997408e-13 0.000000000000000000e+00
 2.490376953125000000e+03 -5.610175410168671828e-13 0.000000000000000000e+00
 2.490366943359375000e+03 -5.465183427338926592e-13 0.000000000000000000e+00
 2.490353271484375000e+03 -6.963692860198489321e-13 0.000000000000000000e+00
 2.490332031250000000e+03 -8.236966339038309659e-13 0.000000000000000000e+00
 2.490312988281250000e+03 -9.478186464850768544e-13 0.000000000000000000e+00
 2.490304687500000000e+03 -9.171303039928746514e-13 0.000000000000000000e+00
 2.490303955078125000e+03 -6.484435384479514397e-13 0.000000000000000000e+00
 2.490306396484375000e+03 -3.012673660887643656e-13 0.000000000000000000e+00
 2.490315185546875000e+03 4.099221877467817271e-15 0.000000000000000000e+00
 2.490333007812500000e+03 1.454580677911695985e-13 0.000000000000000000e+00
 2.490362060546875000e+03 1.164811926383443885e-13 0.000000000000000000e+00
 2.490406494140625000e+03 -4.580902917736794089e-14 0.000000000000000000e+00
 2.490470703125000000e+03 -3.290258961553133021e-13 0.000000000000000000e+00
 2.490558105468750000e+03 -4.509178946031366930e-13 0.000000000000000000e+00
 2.490670410156250000e+03 -4.399249790409259786e-13 0.000000000000000000e+00
 2.490802734375000000e+03 -3.813292184188382672e-13 0.000000000000000000e+00
 2.490945556640625000e+03 -3.841552998016389830e-13 0.000000000000000000e+00
 2.491091308593750000e+03 -2.616052990553341395e-13 0.000000000000000000e+00
 2.491235351562500000e+03 6.326515341063734116e-15 0.000000000000000000e+00
 2.491374023437500000e+03 2.603922123495944208e-13 0.000000000000000000e+00
 2.491504882812500000e+03 4.039763586583672295e-13 0.000000000000000000e+00
 2.491625976562500000e+03 4.750152636685822660e-13 0.000000000000000000e+00
 2.491738281250000000e+03 5.058524671190667288e-13 0.000000000000000000e+00
 2.491843505859375000e+03 4.532932731428351847e-13 0.000000000000000000e+00
 2.491945800781250000e+03 3.093924313794793601e-13 0.000000000000000000e+00
 2.492048583984375000e+03 2.152516175284863165e-13 0.000000000000000000e+00
 2.492154052734375000e+03 2.217288174897677488e-13 0.000000000000000000e+00
 2.492262939453125000e+03 3.138002282066648663e-13 0.000000000000000000e+00
 2.492374023437500000e+03 3.476591302169207420e-13 0.000000000000000000e+00
 2.492486083984375000e+03 2.743042880511137316e-13 0.000000000000000000e+00
 2.492597656250000000e+03 1.540721489192570237e-13 0.000000000000000000e+00
 2.492708007812500000e+03 -5.131479076836593933e-14 0.000000000000000000e+00
 2.492817626953125000e+03 -1.378571600407427211e-13 0.000000000000000000e+00
 2.492927490234375000e+03 -1.278111188933450659e-13 0.000000000000000000e+00
 2.493038330078125000e+03 -1.361944546940732637e-13 0.000000000000000000e+00
 2.493149902343750000e+03 -2.035787852313827861e-13 0.000000000000000000e+00
 2.493261230468750000e+03 -2.981152922177515707e-13 0.000000000000000000e+00
 2.493369873046875000e+03 -3.304105578548488520e-13 0.000000000000000000e+00
 2.493473144531250000e+03 -3.805201596526752716e-13 0.000000000000000000e+00
 2.493569580078125000e+03 -3.624999877094997602e-13 0.000000000000000000e+00
 2.493658203125000000e+03 -1.387835972446044286e-13 0.000000000000000000e+00
 2.493740478515625000e+03 1.379713942921412251e-13 0.000000000000000000e+00
 2.493818115234375000e+03 3.812027733404721452e-13 0.000000000000000000e+00
 2.493892822265625000e+03 4.325972360278568241e-13 0.000000000000000000e+00
 2.493965820312500000e+03 3.395900910734689360e-13 0.000000000000000000e+00
 2.494036621093750000e+03 2.256408764261114142e-13 0.000000000000000000e+00
 2.494104736328125000e+03 1.952845810136282639e-14 0.000000000000000000e+00
 2.494168945312500000e+03 -1.679969504437758832e-13 0.000000000000000000e+00
 2.494229003906250000e+03 -1.393777535876536411e-13 0.000000000000000000e+00
 2.494285644531250000e+03 3.782882684942416585e-14 0.000000000000000000e+00
 2.494340332031250000e+03 1.692637729196894147e-13 0.000000000000000000e+00
 2.494395019531250000e+03 2.456069473234095968e-13 0.000000000000000000e+00
 2.494450683593750000e+03 2.456918674585695239e-13 0.000000000000000000e+00
 2.494508300781250000e+03 2.244578898831853242e-13 0.000000000000000000e+00
 2.494567382812500000e+03 2.563327425753741950e-13 0.000000000000000000e+00
 2.494627197265625000e+03 1.232064580566905043e-13 0.000000000000000000e+00
 2.494686523437500000e+03 -2.340037885684154162e-13 0.000000000000000000e+00
 2.494745117187500000e+03 -5.104308902631471412e-13 0.000000000000000000e+00
 2.494803222656250000e+03 -5.192667584981436324e-13 0.000000000000000000e+00
 2.494861572265625000e+03 -5.684280628658056056e-13 0.000000000000000000e+00
 2.494920898437500000e+03 -6.125797568853896813e-13 0.000000000000000000e+00
 2.494981689453125000e+03 -6.706215986175545485e-13 0.000000000000000000e+00
 2.495044189453125000e+03 -6.467331553107469322e-13 0.000000000000000000e+00
 2.495107421875000000e+03 -5.610111442240495183e-13 0.000000000000000000e+00
 2.495170410156250000e+03 -5.144218384600662830e-13 0.000000000000000000e+00
 2.495232177734375000e+03 -5.376040866818254660e-13 0.000000000000000000e+00
 2.495291992187500000e+03 -5.825011154848847017e-13 0.000000000000000000e+00
 2.495349609375000000e+03 -6.250981177992331883e-13 0.000000000000000000e+00
 2.495405517578125000e+03 -5.714348807507596550e-13 0.000000000000000000e+00
 2.495460449218750000e+03 -5.722659759260784185e-13 0.000000000000000000e+00
 2.495514404296875000e+03 -6.350947328800926606e-13 0.000000000000000000e+00
 2.495567871093750000e+03 -6.067990077421314687e-13 0.000000000000000000e+00
 2.495619873046875000e+03 -6.736478237213960885e-13 0.000000000000000000e+00
 2.495669677734375000e+03 -6.559684436260870832e-13 0.000000000000000000e+00
 2.495716552734375000e+03 -5.741067343745243079e-13 0.000000000000000000e+00
 2.495760498046875000e+03 -5.804509975969318614e-13 0.000000000000000000e+00
 2.495801757812500000e+03 -6.603214069283991350e-13 0.000000000000000000e+00
 2.495840820312500000e+03 -7.653650391410693477e-13 0.000000000000000000e+00
 2.495878906250000000e+03 -7.346918754792819417e-13 0.000000000000000000e+00
 2.495916259765625000e+03 -6.905332425657939588e-13 0.000000000000000000e+00
 2.495953369140625000e+03 -7.533390686438601325e-13 0.000000000000000000e+00
 2.495989501953125000e+03 -7.536520778110566976e-13 0.000000000000000000e+00
 2.496024658203125000e+03 -7.783124730646739931e-13 0.000000000000000000e+00
 2.496058349609375000e+03 -7.429993035754089981e-13 0.000000000000000000e+00
 2.496090332031250000e+03 -6.547919216386144381e-13 0.000000000000000000e+00
 2.496121582031250000e+03 -5.534517614168288357e-13 0.000000000000000000e+00
 2.496152587890625000e+03 -4.032755032690182873e-13 0.000000000000000000e+00
 2.496183837890625000e+03 -2.152392847287742939e-13 0.000000000000000000e+00
 2.496215820312500000e+03 -3.175551930244789600e-14 0.000000000000000000e+00
 2.496248535156250000e+03 2.003753472824484905e-13 0.000000000000000000e+00
 2.496281738281250000e+03 3.231254510922126899e-13 0.000000000000000000e+00
 2.496314697265625000e+03 3.107354868206457787e-13 0.000000000000000000e+00
 2.496347412109375000e+03 2.661414654197419294e-13 0.000000000000000000e+00
 2.496379882812500000e+03 1.685132610708406364e-13 0.000000000000000000e+00
 2.496412109375000000e+03 -2.615389221654555035e-14 0.000000000000000000e+00
 2.496444580078125000e+03 -9.948968461136881158e-14 0.000000000000000000e+00
 2.496477539062500000e+03 -6.487480908382026179e-14 0.000000000000000000e+00
 2.496511474609375000e+03 -1.565348328388949106e-13 0.000000000000000000e+00
 2.496545898437500000e+03 -3.795166221218226887e-13 0.000000000000000000e+00
 2.496580566406250000e+03 -5.077190295792177732e-13 0.000000000000000000e+00
 2.496615234375000000e+03 -5.834437750637522235e-13 0.000000000000000000e+00
 2.496649414062500000e+03 -6.328981392786370286e-13 0.000000000000000000e+00
 2.496683105468750000e+03 -5.804907336065534551e-13 0.000000000000000000e+00
 2.496716308593750000e+03 -4.540748202788713606e-13 0.000000000000000000e+00
 2.496749267578125000e+03 -4.875561759876134715e-13 0.000000000000000000e+00
 2.496782470703125000e+03 -5.045250241891841014e-13 0.000000000000000000e+00
 2.496815917968750000e+03 -5.889738566647317874e-13 0.000000000000000000e+00
 2.496849365234375000e+03 -5.724867736985050914e-13 0.000000000000000000e+00
 2.496882568359375000e+03 -5.265946641415386598e-13 0.000000000000000000e+00
 2.496915527343750000e+03 -4.429807757590220607e-13 0.000000000000000000e+00
 2.496947753906250000e+03 -1.490589064939012998e-13 0.000000000000000000e+00
 2.496979492187500000e+03 3.879937549629980387e-13 0.000000000000000000e+00
 2.497010498046875000e+03 8.096316585909368868e-13 0.000000000000000000e+00
 2.497041259765625000e+03 8.616579671993918055e-13 0.000000000000000000e+00
 2.497072021484375000e+03 6.659598003264100008e-13 0.000000000000000000e+00
 2.497102783203125000e+03 4.268514524046612690e-13 0.000000000000000000e+00
 2.497133789062500000e+03 2.611443233966476152e-13 0.000000000000000000e+00
 2.497164306640625000e+03 2.937473669254592190e-13 0.000000000000000000e+00
 2.497194335937500000e+03 3.149540632636782522e-13 0.000000000000000000e+00
 2.497223632812500000e+03 3.771521127089033643e-13 0.000000000000000000e+00
 2.497252197265625000e+03 5.176018576420748918e-13 0.000000000000000000e+00
 2.497280029296875000e+03 6.063100325623405062e-13 0.000000000000000000e+00
 2.497307373046875000e+03 6.448209479391342480e-13 0.000000000000000000e+00
 2.497334716796875000e+03 6.445563483989391607e-13 0.000000000000000000e+00
 2.497361572265625000e+03 7.281314223436807787e-13 0.000000000000000000e+00
 2.497388427734375000e+03 9.202724303089548918e-13 0.000000000000000000e+00
 2.497415039062500000e+03 1.046504571368400693e-12 0.000000000000000000e+00
 2.497440917968750000e+03 1.025304298928053637e-12 0.000000000000000000e+00
 2.497466308593750000e+03 7.939193464971683323e-13 0.000000000000000000e+00
 2.497490966796875000e+03 5.227362596602058709e-13 0.000000000000000000e+00
 2.497515136718750000e+03 1.839391133981113646e-13 0.000000000000000000e+00
 2.497539062500000000e+03 -1.642336745386833302e-14 0.000000000000000000e+00
 2.497562988281250000e+03 5.777343329656421406e-16 0.000000000000000000e+00
 2.497586669921875000e+03 -1.687638947318013949e-14 0.000000000000000000e+00
 2.497610351562500000e+03 -7.614179740270815566e-14 0.000000000000000000e+00
 2.497633789062500000e+03 -8.312823357187887341e-14 0.000000000000000000e+00
 2.497656982421875000e+03 -5.809044109454652993e-14 0.000000000000000000e+00
 2.497679687500000000e+03 1.192201448240587380e-13 0.000000000000000000e+00
 2.497702148437500000e+03 3.695405255670775047e-13 0.000000000000000000e+00
 2.497724121093750000e+03 5.244651284444512562e-13 0.000000000000000000e+00
 2.497746093750000000e+03 5.208875323257922130e-13 0.000000000000000000e+00
 2.497767822265625000e+03 4.764845744527346216e-13 0.000000000000000000e+00
 2.497789794921875000e+03 4.267356596126398172e-13 0.000000000000000000e+00
 2.497811767578125000e+03 3.781829179243939576e-13 0.000000000000000000e+00
 2.497833496093750000e+03 3.047407974837018640e-13 0.000000000000000000e+00
 2.497854980468750000e+03 2.371101362128036349e-13 0.000000000000000000e+00
 2.497876464843750000e+03 6.085775871959853145e-14 0.000000000000000000e+00
 2.497897460937500000e+03 -9.759592222921553706e-14 0.000000000000000000e+00
 2.497918457031250000e+03 -2.102153900170738998e-13 0.000000000000000000e+00
 2.497939453125000000e+03 -3.364028619470132986e-13 0.000000000000000000e+00
 2.497960205078125000e+03 -4.376813039601301636e-13 0.000000000000000000e+00
 2.497981445312500000e+03 -4.055945304008018448e-13 0.000000000000000000e+00
 2.498002441406250000e+03 -2.588301480695859302e-13 0.000000000000000000e+00
 2.498023437500000000e+03 -3.596819361990390151e-14 0.000000000000000000e+00
 2.498044433593750000e+03 1.597633971731765579e-13 0.000000000000000000e+00
 2.498065185546875000e+03 2.813527676896049323e-13 0.000000000000000000e+00
 2.498085449218750000e+03 4.631971347278385220e-13 0.000000000000000000e+00
 2.498105712890625000e+03 5.943155039281333707e-13 0.000000000000000000e+00
 2.498125732421875000e+03 6.766060151389141630e-13 0.000000000000000000e+00
 2.498145751953125000e+03 7.083510210684207387e-13 0.000000000000000000e+00
 2.498165771484375000e+03 8.079079397670108076e-13 0.000000000000000000e+00
 2.498185546875000000e+03 8.699076615298340087e-13 0.000000000000000000e+00
 2.498205322265625000e+03 8.306904426477745851e-13 0.000000000000000000e+00
 2.498224609375000000e+03 7.260585904202143670e-13 0.000000000000000000e+00
 2.498243408203125000e+03 4.336330285733408507e-13 0.000000000000000000e+00
 2.498261962890625000e+03 9.290176050322229706e-14 0.000000000000000000e+00
 2.498280029296875000e+03 -2.171833269866765836e-13 0.000000000000000000e+00
 2.498297851562500000e+03 -5.304481355029866396e-13 0.000000000000000000e+00
 2.498315185546875000e+03 -8.772871751966393461e-13 0.000000000000000000e+00
 2.498332519531250000e+03 -1.203829245489951294e-12 0.000000000000000000e+00
 2.498349609375000000e+03 -1.417753718244152417e-12 0.000000000000000000e+00
 2.498366455078125000e+03 -1.529263803264069299e-12 0.000000000000000000e+00
 2.498382812500000000e+03 -1.566020316895455622e-12 0.000000000000000000e+00
 2.498398681640625000e+03 -1.612263924796741854e-12 0.000000000000000000e+00
 2.498414306640625000e+03 -1.565934122822743024e-12 0.000000000000000000e+00
 2.498429687500000000e+03 -1.393122162768323236e-12 0.000000000000000000e+00
 2.498444824218750000e+03 -1.045625500246949446e-12 0.000000000000000000e+00
 2.498459960937500000e+03 -7.512008593293928449e-13 0.000000000000000000e+00
 2.498475097656250000e+03 -5.451063320345561625e-13 0.000000000000000000e+00
 2.498489990234375000e+03 -3.295688646032940428e-13 0.000000000000000000e+00
 2.498505126953125000e+03 -8.528660227049081333e-14 0.000000000000000000e+00
 2.498519775390625000e+03 7.724296056292948021e-14 0.000000000000000000e+00
 2.498534423828125000e+03 -3.721699123469986159e-14 0.000000000000000000e+00
 2.498549072265625000e+03 -3.138439486592703442e-13 0.000000000000000000e+00
 2.498563476562500000e+03 -6.866063707172687103e-13 0.000000000000000000e+00
 2.498578125000000000e+03 -9.780201822018330660e-13 0.000000000000000000e+00
 2.498592773437500000e+03 -1.161195488721955549e-12 0.000000000000000000e+00
 2.498607421875000000e+03 -1.305136662806127834e-12 0.000000000000000000e+00
 2.498622070312500000e+03 -1.438023745220506910e-12 0.000000000000000000e+00
 2.498636962890625000e+03 -1.680275927076757547e-12 0.000000000000000000e+00
 2.498651611328125000e+03 -1.709453217001166703e-12 0.000000000000000000e+00
 2.498666503906250000e+03 -1.660212982715347785e-12 0.000000000000000000e+00
 2.498680908203125000e+03 -1.501111951754396934e-12 0.000000000000000000e+00
 2.498695556640625000e+03 -1.280734524509996586e-12 0.000000000000000000e+00
 2.498709960937500000e+03 -1.046762611485452243e-12 0.000000000000000000e+00
 2.498724365234375000e+03 -8.527525473950303692e-13 0.000000000000000000e+00
 2.498738769531250000e+03 -7.666119800596449263e-13 0.000000000000000000e+00
 2.498752929687500000e+03 -6.902957480799110090e-13 0.000000000000000000e+00
 2.498767089843750000e+03 -6.399514165117414777e-13 0.000000000000000000e+00
 2.498781005859375000e+03 -5.641333212201560254e-13 0.000000000000000000e+00
 2.498794677734375000e+03 -3.907775524610718199e-13 0.000000000000000000e+00
 2.498807861328125000e+03 -2.700361364637443584e-13 0.000000000000000000e+00
 2.498821044921875000e+03 -8.000684262234741828e-14 0.000000000000000000e+00
 2.498833984375000000e+03 1.849891360971092635e-13 0.000000000000000000e+00
 2.498846923828125000e+03 3.451541353075016083e-13 0.000000000000000000e+00
 2.498859619140625000e+03 2.329003689124226062e-13 0.000000000000000000e+00
 2.498872070312500000e+03 8.407544679987083436e-14 0.000000000000000000e+00
 2.498884521484375000e+03 7.916238465525277102e-14 0.000000000000000000e+00
 2.498896972656250000e+03 2.650399702226052812e-13 0.000000000000000000e+00
 2.498908935546875000e+03 4.655229110181458019e-13 0.000000000000000000e+00
 2.498920898437500000e+03 5.132582184784462154e-13 0.000000000000000000e+00
 2.498932861328125000e+03 5.481465433464227655e-13 0.000000000000000000e+00
 2.498944580078125000e+03 6.220201762517640898e-13 0.000000000000000000e+00
 2.498956298828125000e+03 5.163076455087789451e-13 0.000000000000000000e+00
 2.498968261718750000e+03 3.467088812228458217e-13 0.000000000000000000e+00
 2.498979980468750000e+03 8.663965270043483269e-14 0.000000000000000000e+00
 2.498991699218750000e+03 -1.691387237516203679e-13 0.000000000000000000e+00
 2.499003173828125000e+03 -4.448185526514936150e-13 0.000000000000000000e+00
 2.499014892578125000e+03 -5.619159109369886718e-13 0.000000000000000000e+00
 2.499026367187500000e+03 -6.350838908583678055e-13 0.000000000000000000e+00
 2.499037841796875000e+03 -6.832453439825636465e-13 0.000000000000000000e+00
 2.499049072265625000e+03 -6.169467063957267960e-13 0.000000000000000000e+00
 2.499060302734375000e+03 -5.075025686154810423e-13 0.000000000000000000e+00
 2.499071533203125000e+03 -4.998583469882633690e-13 0.000000000000000000e+00
 2.499082763671875000e+03 -5.456205149148574129e-13 0.000000000000000000e+00
 2.499093750000000000e+03 -5.529581783778048099e-13 0.000000000000000000e+00
 2.499104492187500000e+03 -5.522346360579966085e-13 0.000000000000000000e+00
 2.499115234375000000e+03 -4.458598204179486935e-13 0.000000000000000000e+00
 2.499125976562500000e+03 -3.586655169911245888e-13 0.000000000000000000e+00
 2.499136474609375000e+03 -3.818092760357605364e-13 0.000000000000000000e+00
 2.499146728515625000e+03 -5.513644011842511183e-13 0.000000000000000000e+00
 2.499156982421875000e+03 -6.798035983961170370e-13 0.000000000000000000e+00
 2.499166992187500000e+03 -8.997886528742948808e-13 0.000000000000000000e+00
 2.499177246093750000e+03 -9.982022803819989853e-13 0.000000000000000000e+00
 2.499187011718750000e+03 -1.022108179343783618e-12 0.000000000000000000e+00
 2.492719726562500000e+03 -1.034212212397411790e-12 0.000000000000000000e+00
 2.492714355468750000e+03 -1.100865275674434152e-12 0.000000000000000000e+00
 2.492693603515625000e+03 -1.229554760957818349e-12 0.000000000000000000e+00
 2.492641357421875000e+03 -1.273347204587549353e-12 0.000000000000000000e+00
 2.492534912109375000e+03 -1.273528266350354432e-12 0.000000000000000000e+00
 2.492347167968750000e+03 -1.106750108226250973e-12 0.000000000000000000e+00
 2.492060058593750000e+03 -9.383300343321354653e-13 0.000000000000000000e+00
 2.491699951171875000e+03 -8.109094450613196781e-13 0.000000000000000000e+00
 2.491339355468750000e+03 -7.937186064649326411e-13 0.000000000000000000e+00
 2.491056396484375000e+03 -8.459671765187470882e-13 0.000000000000000000e+00
 2.490861572265625000e+03 -6.370110060098521654e-13 0.000000000000000000e+00
 2.490708984375000000e+03 -5.378142592729617810e-13 0.000000000000000000e+00
 2.490570068359375000e+03 -3.807884454802568097e-13 0.000000000000000000e+00
 2.490459716796875000e+03 -4.047233739552097420e-13 0.000000000000000000e+00
 2.490398925781250000e+03 -5.251490973849637367e-13 0.000000000000000000e+00
 2.490376953125000000e+03 -5.121623611326064918e-13 0.000000000000000000e+00
 2.490366943359375000e+03 -4.952373689089129005e-13 0.000000000000000000e+00
 2.490353271484375000e+03 -6.603001023557097948e-13 0.000000000000000000e+00
 2.490332031250000000e+03 -8.055722972369339097e-13 0.000000000000000000e+00
 2.490312988281250000e+03 -9.263859210989489057e-13 0.000000000000000000e+00
 2.490304687500000000e+03 -8.818922697141629019e-13 0.000000000000000000e+00
 2.490303955078125000e+03 -6.000341282869081638e-13 0.000000000000000000e+00
 2.490306396484375000e+03 -2.522632710361127906e-13 0.000000000000000000e+00
 2.490315185546875000e+03 5.780895510551498084e-14 0.000000000000000000e+00
 2.490333007812500000e+03 2.179657821420322161e-13 0.000000000000000000e+00
 2.490362060546875000e+03 1.944776262773062481e-13 0.000000000000000000e+00
 2.490406494140625000e+03 3.866605454328105040e-14 0.000000000000000000e+00
 2.490470703125000000e+03 -2.468284365959860782e-13 0.000000000000000000e+00
 2.490558105468750000e+03 -3.855096038403449388e-13 0.000000000000000000e+00
 2.490670410156250000e+03 -3.702466664420173137e-13 0.000000000000000000e+00
 2.490802734375000000e+03 -3.034262023495631899e-13 0.000000000000000000e+00
 2.490945556640625000e+03 -3.195449005226336237e-13 0.000000000000000000e+00
 2.491091308593750000e+03 -2.169851077244919213e-13 0.000000000000000000e+00
 2.491235351562500000e+03 4.904899118698784199e-14 0.000000000000000000e+00
 2.491374023437500000e+03 3.017995196200745633e-13 0.000000000000000000e+00
 2.491504882812500000e+03 4.468399120768212773e-13 0.000000000000000000e+00
 2.491625976562500000e+03 5.124569388628708033e-13 0.000000000000000000e+00
 2.491738281250000000e+03 5.455302008738893704e-13 0.000000000000000000e+00
 2.491843505859375000e+03 4.979279250201529283e-13 0.000000000000000000e+00
 2.491945800781250000e+03 3.626520199591365401e-13 0.000000000000000000e+00
 2.492048583984375000e+03 2.703272718521110285e-13 0.000000000000000000e+00
 2.492154052734375000e+03 2.889262722301222386e-13 0.000000000000000000e+00
 2.492262939453125000e+03 3.763644127255383331e-13 0.000000000000000000e+00
 2.492374023437500000e+03 4.020093177618810909e-13 0.000000000000000000e+00
 2.492486083984375000e+03 3.386586529870866391e-13 0.000000000000000000e+00
 2.492597656250000000e+03 2.101561654734018791e-13 0.000000000000000000e+00
 2.492708007812500000e+03 -7.433894029052010716e-15 0.000000000000000000e+00
 2.492817626953125000e+03 -1.025735892707865804e-13 0.000000000000000000e+00
 2.492927490234375000e+03 -9.033160504323678452e-14 0.000000000000000000e+00
 2.493038330078125000e+03 -8.547761836449202510e-14 0.000000000000000000e+00
 2.493149902343750000e+03 -1.241144502710928021e-13 0.000000000000000000e+00
 2.493261230468750000e+03 -2.003498549788679250e-13 0.000000000000000000e+00
 2.493369873046875000e+03 -2.373698026331139133e-13 0.000000000000000000e+00
 2.493473144531250000e+03 -2.964569507848263674e-13 0.000000000000000000e+00
 2.493569580078125000e+03 -2.869583639718981116e-13 0.000000000000000000e+00
 2.493658203125000000e+03 -8.761463505656957862e-14 0.000000000000000000e+00
 2.493740478515625000e+03 1.751481446855829294e-13 0.000000000000000000e+00
 2.493818115234375000e+03 4.060951607539470265e-13 0.000000000000000000e+00
 2.493892822265625000e+03 4.546083019578428530e-13 0.000000000000000000e+00
 2.493965820312500000e+03 3.748322995305447547e-13 0.000000000000000000e+00
 2.494036621093750000e+03 2.571896959725067378e-13 0.000000000000000000e+00
 2.494104736328125000e+03 3.566076131763205870e-14 0.000000000000000000e+00
 2.494168945312500000e+03 -1.307201823999223911e-13 0.000000000000000000e+00
 2.494229003906250000e+03 -8.413562679670735789e-14 0.000000000000000000e+00
 2.494285644531250000e+03 8.802237638858706470e-14 0.000000000000000000e+00
 2.494340332031250000e+03 2.093219803218915320e-13 0.000000000000000000e+00
 2.494395019531250000e+03 3.059141481798199891e-13 0.000000000000000000e+00
 2.494450683593750000e+03 3.233738960200377432e-13 0.000000000000000000e+00
 2.494508300781250000e+03 3.185802045346103339e-13 0.000000000000000000e+00
 2.494567382812500000e+03 3.440249929549665797e-13 0.000000000000000000e+00
 2.494627197265625000e+03 1.979147911095741064e-13 0.000000000000000000e+00
 2.494686523437500000e+03 -1.764344014854382636e-13 0.000000000000000000e+00
 2.494745117187500000e+03 -4.645637715662565004e-13 0.000000000000000000e+00
 2.494803222656250000e+03 -4.787323423967315694e-13 0.000000000000000000e+00
 2.494861572265625000e+03 -5.278933757138504212e-13 0.000000000000000000e+00
 2.494920898437500000e+03 -5.693037729605221475e-13 0.000000000000000000e+00
 2.494981689453125000e+03 -6.325451230512757483e-13 0.000000000000000000e+00
 2.495044189453125000e+03 -5.990614363078627935e-13 0.000000000000000000e+00
 2.495107421875000000e+03 -5.133094470310961555e-13 0.000000000000000000e+00
 2.495170410156250000e+03 -4.775597777471884964e-13 0.000000000000000000e+00
 2.495232177734375000e+03 -5.072410048413689143e-13 0.000000000000000000e+00
 2.495291992187500000e+03 -5.459430108510632262e-13 0.000000000000000000e+00
 2.495349609375000000e+03 -5.710584999665813122e-13 0.000000000000000000e+00
 2.495405517578125000e+03 -5.014145565765404378e-13 0.000000000000000000e+00
 2.495460449218750000e+03 -5.026949451321371942e-13 0.000000000000000000e+00
 2.495514404296875000e+03 -5.819389566584509677e-13 0.000000000000000000e+00
 2.495567871093750000e+03 -5.573231221141228264e-13 0.000000000000000000e+00
 2.495619873046875000e+03 -6.137305290712657957e-13 0.000000000000000000e+00
 2.495669677734375000e+03 -6.011912430554933184e-13 0.000000000000000000e+00
 2.495716552734375000e+03 -5.361568936219918147e-13 0.000000000000000000e+00
 2.495760498046875000e+03 -5.415671708829117303e-13 0.000000000000000000e+00
 2.495801757812500000e+03 -6.218173762354006762e-13 0.000000000000000000e+00
 2.495840820312500000e+03 -7.363791651102125080e-13 0.000000000000000000e+00
 2.495878906250000000e+03 -6.893664241877650589e-13 0.000000000000000000e+00
 2.495916259765625000e+03 -6.186654378896594420e-13 0.000000000000000000e+00
 2.495953369140625000e+03 -6.696234820975643931e-13 0.000000000000000000e+00
 2.495989501953125000e+03 -6.677658100952277298e-13 0.000000000000000000e+00
 2.496024658203125000e+03 -6.894133159317250570e-13 0.000000000000000000e+00
 2.496058349609375000e+03 -6.603284000324116665e-13 0.000000000000000000e+00
 2.496090332031250000e+03 -5.920572734331719378e-13 0.000000000000000000e+00
 2.496121582031250000e+03 -5.038110228484937725e-13 0.000000000000000000e+00
 2.496152587890625000e+03 -3.458803881327410235e-13 0.000000000000000000e+00
 2.496183837890625000e+03 -1.537551824141308865e-13 0.000000000000000000e+00
 2.496215820312500000e+03 4.208893840005820119e-14 0.000000000000000000e+00
 2.496248535156250000e+03 2.747056868004221775e-13 0.000000000000000000e+00
 2.496281738281250000e+03 3.723828157723568788e-13 0.000000000000000000e+00
 2.496314697265625000e+03 3.623232356503303109e-13 0.000000000000000000e+00
 2.496347412109375000e+03 3.449072353677723468e-13 0.000000000000000000e+00
 2.496379882812500000e+03 2.526121672952186259e-13 0.000000000000000000e+00
 2.496412109375000000e+03 5.211404089299973008e-14 0.000000000000000000e+00
 2.496444580078125000e+03 -4.299517556219378811e-14 0.000000000000000000e+00
 2.496477539062500000e+03 -2.271925662465819340e-14 0.000000000000000000e+00
 2.496511474609375000e+03 -1.042422035192960839e-13 0.000000000000000000e+00
 2.496545898437500000e+03 -3.173294960134853682e-13 0.000000000000000000e+00
 2.496580566406250000e+03 -4.443280595886611728e-13 0.000000000000000000e+00
 2.496615234375000000e+03 -5.252743227358858125e-13 0.000000000000000000e+00
 2.496649414062500000e+03 -5.722044474527898661e-13 0.000000000000000000e+00
 2.496683105468750000e+03 -5.189142301617599706e-13 0.000000000000000000e+00
 2.496716308593750000e+03 -4.054432570926858048e-13 0.000000000000000000e+00
 2.496749267578125000e+03 -4.269092674855090586e-13 0.000000000000000000e+00
 2.496782470703125000e+03 -4.338729896191662050e-13 0.000000000000000000e+00
 2.496815917968750000e+03 -5.147602721682076332e-13 0.000000000000000000e+00
 2.496849365234375000e+03 -5.056655506645302278e-13 0.000000000000000000e+00
 2.496882568359375000e+03 -4.673470811733526631e-13 0.000000000000000000e+00
 2.496915527343750000e+03 -3.877911175769604979e-13 0.000000000000000000e+00
 2.496947753906250000e+03 -9.507025971588339841e-14 0.000000000000000000e+00
 2.496979492187500000e+03 4.340587676614215962e-13 0.000000000000000000e+00
 2.497010498046875000e+03 8.531515880046136591e-13 0.000000000000000000e+00
 2.497041259765625000e+03 9.081141329365938208e-13 0.000000000000000000e+00
 2.497072021484375000e+03 7.294346875651169793e-13 0.000000000000000000e+00
 2.497102783203125000e+03 4.880635826043366876e-13 0.000000000000000000e+00
 2.497133789062500000e+03 3.359786407419740328e-13 0.000000000000000000e+00
 2.497164306640625000e+03 3.800002033958055359e-13 0.000000000000000000e+00
 2.497194335937500000e+03 3.943054108050680906e-13 0.000000000000000000e+00
 2.497223632812500000e+03 4.492221753003150519e-13 0.000000000000000000e+00
 2.497252197265625000e+03 5.882219624581130901e-13 0.000000000000000000e+00
 2.497280029296875000e+03 6.907659123520093480e-13 0.000000000000000000e+00
 2.497307373046875000e+03 7.343965930176055146e-13 0.000000000000000000e+00
 2.497334716796875000e+03 7.348709856781765470e-13 0.000000000000000000e+00
 2.497361572265625000e+03 8.003964244857053600e-13 0.000000000000000000e+00
 2.497388427734375000e+03 9.860174742665206438e-13 0.000000000000000000e+00
 2.497415039062500000e+03 1.103523088880065117e-12 0.000000000000000000e+00
 2.497440917968750000e+03 1.077921822981164901e-12 0.000000000000000000e+00
 2.497466308593750000e+03 8.493355758282250534e-13 0.000000000000000000e+00
 2.497490966796875000e+03 5.801995711131324729e-13 0.000000000000000000e+00
 2.497515136718750000e+03 2.370463309149528630e-13 0.000000000000000000e+00
 2.497539062500000000e+03 3.006480088214684432e-14 0.000000000000000000e+00
 2.497562988281250000e+03 4.556529375272962146e-14 0.000000000000000000e+00
 2.497586669921875000e+03 2.174930395016424350e-14 0.000000000000000000e+00
 2.497610351562500000e+03 -2.909412145338415023e-14 0.000000000000000000e+00
 2.497633789062500000e+03 -2.680632273229996421e-14 0.000000000000000000e+00
 2.497656982421875000e+03 2.150557360772360760e-14 0.000000000000000000e+00
 2.497679687500000000e+03 2.022468022049028757e-13 0.000000000000000000e+00
 2.497702148437500000e+03 4.225377372209931925e-13 0.000000000000000000e+00
 2.497724121093750000e+03 5.537047057836697039e-13 0.000000000000000000e+00
 2.497746093750000000e+03 5.434795408848502873e-13 0.000000000000000000e+00
 2.497767822265625000e+03 4.739376751293489232e-13 0.000000000000000000e+00
 2.497789794921875000e+03 3.959552141458849706e-13 0.000000000000000000e+00
 2.497811767578125000e+03 3.634983210699244127e-13 0.000000000000000000e+00
 2.497833496093750000e+03 3.324360372484319592e-13 0.000000000000000000e+00
 2.497854980468750000e+03 2.870780056816318870e-13 0.000000000000000000e+00
 2.497876464843750000e+03 1.023711416201292246e-13 0.000000000000000000e+00
 2.497897460937500000e+03 -7.537158017937445331e-14 0.000000000000000000e+00
 2.497918457031250000e+03 -1.812980782210996122e-13 0.000000000000000000e+00
 2.497939453125000000e+03 -2.911714380889052212e-13 0.000000000000000000e+00
 2.497960205078125000e+03 -3.850807747760726096e-13 0.000000000000000000e+00
 2.497981445312500000e+03 -3.371229077148152342e-13 0.000000000000000000e+00
 2.498002441406250000e+03 -1.785596681364715055e-13 0.000000000000000000e+00
 2.498023437500000000e+03 3.599779233921275579e-14 0.000000000000000000e+00
 2.498044433593750000e+03 2.311700635602986775e-13 0.000000000000000000e+00
 2.498065185546875000e+03 3.300041988806012849e-13 0.000000000000000000e+00
 2.498085449218750000e+03 4.976673370279960373e-13 0.000000000000000000e+00
 2.498105712890625000e+03 6.434112682744685952e-13 0.000000000000000000e+00
 2.498125732421875000e+03 7.371571343790794817e-13 0.000000000000000000e+00
 2.498145751953125000e+03 7.896393500010645550e-13 0.000000000000000000e+00
 2.498165771484375000e+03 9.014621731376348812e-13 0.000000000000000000e+00
 2.498185546875000000e+03 9.460046678302913570e-13 0.000000000000000000e+00
 2.498205322265625000e+03 8.860991367737325319e-13 0.000000000000000000e+00
 2.498224609375000000e+03 7.705665532736771794e-13 0.000000000000000000e+00
 2.498243408203125000e+03 4.722832368242446677e-13 0.000000000000000000e+00
 2.498261962890625000e+03 1.249516711886861087e-13 0.000000000000000000e+00
 2.498280029296875000e+03 -1.733965889708782848e-13 0.000000000000000000e+00
 2.498297851562500000e+03 -4.821104995257619041e-13 0.000000000000000000e+00
 2.498315185546875000e+03 -8.384094742248937582e-13 0.000000000000000000e+00
 2.498332519531250000e+03 -1.172356374305738580e-12 0.000000000000000000e+00
 2.498349609375000000e+03 -1.384479770411006783e-12 0.000000000000000000e+00
 2.498366455078125000e+03 -1.501922718138981594e-12 0.000000000000000000e+00
 2.498382812500000000e+03 -1.530605611872737359e-12 0.000000000000000000e+00
 2.498398681640625000e+03 -1.563716062018272179e-12 0.000000000000000000e+00
 2.498414306640625000e+03 -1.507081677336319370e-12 0.000000000000000000e+00
 2.498429687500000000e+03 -1.325435204299618697e-12 0.000000000000000000e+00
 2.498444824218750000e+03 -9.783627900883384854e-13 0.000000000000000000e+00
 2.498459960937500000e+03 -6.837865777070684103e-13 0.000000000000000000e+00
 2.498475097656250000e+03 -4.857451246786936849e-13 0.000000000000000000e+00
 2.498489990234375000e+03 -2.733316502821769856e-13 0.000000000000000000e+00
 2.498505126953125000e+03 -4.629607312203916358e-14 0.000000000000000000e+00
 2.498519775390625000e+03 9.841938733174543374e-14 0.000000000000000000e+00
 2.498534423828125000e+03 -1.386434624197447826e-14 0.000000000000000000e+00
 2.498549072265625000e+03 -2.741615799401603271e-13 0.000000000000000000e+00
 2.498563476562500000e+03 -6.332806458050899145e-13 0.000000000000000000e+00
 2.498578125000000000e+03 -9.178665856882095575e-13 0.000000000000000000e+00
 2.498592773437500000e+03 -1.116971966308444308e-12 0.000000000000000000e+00
 2.498607421875000000e+03 -1.264970658602926346e-12 0.000000000000000000e+00
 2.498622070312500000e+03 -1.402717026734168204e-12 0.000000000000000000e+00
 2.498636962890625000e+03 -1.628775564942175347e-12 0.000000000000000000e+00
 2.498651611328125000e+03 -1.655357491706088702e-12 0.000000000000000000e+00
 2.498666503906250000e+03 -1.606231315488815259e-12 0.000000000000000000e+00
 2.498680908203125000e+03 -1.447195011397561792e-12 0.000000000000000000e+00
 2.498695556640625000e+03 -1.236738576132490053e-12 0.000000000000000000e+00
 2.498709960937500000e+03 -1.017527425165032362e-12 0.000000000000000000e+00
 2.498724365234375000e+03 -8.296108483345221440e-13 0.000000000000000000e+00
 2.498738769531250000e+03 -7.345969535790808358e-13 0.000000000000000000e+00
 2.498752929687500000e+03 -6.522080510211469839e-13 0.000000000000000000e+00
 2.498767089843750000e+03 -6.022409675988937838e-13 0.000000000000000000e+00
 2.498781005859375000e+03 -5.237823521263285098e-13 0.000000000000000000e+00
 2.498794677734375000e+03 -3.460052069078484172e-13 0.000000000000000000e+00
 2.498807861328125000e+03 -2.306413794759404334e-13 0.000000000000000000e+00
 2.498821044921875000e+03 -4.321607497857413160e-14 0.000000000000000000e+00
 2.498833984375000000e+03 2.261318031698128506e-13 0.000000000000000000e+00
 2.498846923828125000e+03 4.057155544683055393e-13 0.000000000000000000e+00
 2.498859619140625000e+03 3.078364115265824763e-13 0.000000000000000000e+00
 2.498872070312500000e+03 1.491242296747935514e-13 0.000000000000000000e+00
 2.498884521484375000e+03 1.472180396252381618e-13 0.000000000000000000e+00
 2.498896972656250000e+03 3.501531204742891479e-13 0.000000000000000000e+00
 2.498908935546875000e+03 5.682257507404198105e-13 0.000000000000000000e+00
 2.498920898437500000e+03 5.861785666236296599e-13 0.000000000000000000e+00
 2.498932861328125000e+03 6.135864386025424722e-13 0.000000000000000000e+00
 2.498944580078125000e+03 6.821145211166612654e-13 0.000000000000000000e+00
 2.498956298828125000e+03 5.648420641803097997e-13 0.000000000000000000e+00
 2.498968261718750000e+03 4.058601328280064813e-13 0.000000000000000000e+00
 2.498979980468750000e+03 1.540512780274366778e-13 0.000000000000000000e+00
 2.498991699218750000e+03 -9.749913008026689365e-14 0.000000000000000000e+00
 2.499003173828125000e+03 -4.116748446043178022e-13 0.000000000000000000e+00
 2.499014892578125000e+03 -5.254398804076243490e-13 0.000000000000000000e+00
 2.499026367187500000e+03 -5.726628481313167374e-13 0.000000000000000000e+00
 2.499037841796875000e+03 -6.092655134744273671e-13 0.000000000000000000e+00
 2.499049072265625000e+03 -5.531493774309226286e-13 0.000000000000000000e+00
 2.499060302734375000e+03 -4.568419752735974892e-13 0.000000000000000000e+00
 2.499071533203125000e+03 -4.630715299061560764e-13 0.000000000000000000e+00
 2.499082763671875000e+03 -5.188386612703377310e-13 0.000000000000000000e+00
 2.499093750000000000e+03 -5.375233136199752959e-13 0.000000000000000000e+00
 2.499104492187500000e+03 -5.428203459639791006e-13 0.000000000000000000e+00
 2.499115234375000000e+03 -4.287920116630844491e-13 0.000000000000000000e+00
 2.499125976562500000e+03 -3.217013244335986677e-13 0.000000000000000000e+00
 2.499136474609375000e+03 -3.437443472226187069e-13 0.000000000000000000e+00
 2.499146728515625000e+03 -5.052093726004569518e-13 0.000000000000000000e+00
 2.499156982421875000e+03 -6.450706939095662840e-13 0.000000000000000000e+00
 2.499166992187500000e+03 -8.731960467189825437e-13 0.000000000000000000e+00
 2.499177246093750000e+03 -9.545068728467054342e-13 0.000000000000000000e+00
 2.499187011718750000e+03 -9.586150232984702590e-13 0.000000000000000000e+00
 </DataArray>
</CellData>
</Piece>
</UnstructuredGrid>
</VTKFile>
