<VTKFile type="UnstructuredGrid" byte_order="BigEndian">
<UnstructuredGrid><Piece NumberOfPoints="753" NumberOfCells="500">
<Points>
 <DataArray type="Float32" NumberOfComponents="3" format="ascii">
 4.875000000000000000e+00 0.000000000000000000e+00 0.000000000000000000e+00
 4.880499839782714844e+00 0.000000000000000000e+00 0.000000000000000000e+00
 4.886000156402587891e+00 0.000000000000000000e+00 0.000000000000000000e+00
 4.891499996185302734e+00 0.000000000000000000e+00 0.000000000000000000e+00
 4.896999835968017578e+00 0.000000000000000000e+00 0.000000000000000000e+00
 4.902500152587890625e+00 0.000000000000000000e+00 0.000000000000000000e+00
 4.907999992370605469e+00 0.000000000000000000e+00 0.000000000000000000e+00
 4.913499832153320312e+00 0.000000000000000000e+00 0.000000000000000000e+00
 4.919000148773193359e+00 0.000000000000000000e+00 0.000000000000000000e+00
 4.924499988555908203e+00 0.000000000000000000e+00 0.000000000000000000e+00
 4.929999828338623047e+00 0.000000000000000000e+00 0.000000000000000000e+00
 4.935500144958496094e+00 0.000000000000000000e+00 0.000000000000000000e+00
 4.940999984741210938e+00 0.000000000000000000e+00 0.000000000000000000e+00
 4.946499824523925781e+00 0.000000000000000000e+00 0.000000000000000000e+00
 4.952000141143798828e+00 0.000000000000000000e+00 0.000000000000000000e+00
 4.957499980926513672e+00 0.000000000000000000e+00 0.000000000000000000e+00
 4.962999820709228516e+00 0.000000000000000000e+00 0.000000000000000000e+00
 4.968500137329101562e+00 0.000000000000000000e+00 0.000000000000000000e+00
 4.973999977111816406e+00 0.000000000000000000e+00 0.000000000000000000e+00
 4.979499816894531250e+00 0.000000000000000000e+00 0.000000000000000000e+00
 4.985000133514404297e+00 0.000000000000000000e+00 0.000000000000000000e+00
 4.990499973297119141e+00 0.000000000000000000e+00 0.000000000000000000e+00
 4.995999813079833984e+00 0.000000000000000000e+00 0.000000000000000000e+00
 5.001500129699707031e+00 0.000000000000000000e+00 0.000000000000000000e+00
 5.006999969482421875e+00 0.000000000000000000e+00 0.000000000000000000e+00
 5.012499809265136719e+00 0.000000000000000000e+00 0.000000000000000000e+00
 5.018000125885009766e+00 0.000000000000000000e+00 0.000000000000000000e+00
 5.023499965667724609e+00 0.000000000000000000e+00 0.000000000000000000e+00
 5.028999805450439453e+00 0.000000000000000000e+00 0.000000000000000000e+00
 5.034500122070312500e+00 0.000000000000000000e+00 0.000000000000000000e+00
 5.039999961853027344e+00 0.000000000000000000e+00 0.000000000000000000e+00
 5.045499801635742188e+00 0.000000000000000000e+00 0.000000000000000000e+00
 5.051000118255615234e+00 0.000000000000000000e+00 0.000000000000000000e+00
 5.056499958038330078e+00 0.000000000000000000e+00 0.000000000000000000e+00
 5.061999797821044922e+00 0.000000000000000000e+00 0.000000000000000000e+00
 5.067500114440917969e+00 0.000000000000000000e+00 0.000000000000000000e+00
 5.072999954223632812e+00 0.000000000000000000e+00 0.000000000000000000e+00
 5.078499794006347656e+00 0.000000000000000000e+00 0.000000000000000000e+00
 5.084000110626220703e+00 0.000000000000000000e+00 0.000000000000000000e+00
 5.089499950408935547e+00 0.000000000000000000e+00 0.000000000000000000e+00
 5.094999790191650391e+00 0.000000000000000000e+00 0.000000000000000000e+00
 5.100500106811523438e+00 0.000000000000000000e+00 0.000000000000000000e+00
 5.105999946594238281e+00 0.000000000000000000e+00 0.000000000000000000e+00
 5.111499786376953125e+00 0.000000000000000000e+00 0.000000000000000000e+00
 5.117000102996826172e+00 0.000000000000000000e+00 0.000000000000000000e+00
 5.122499942779541016e+00 0.000000000000000000e+00 0.000000000000000000e+00
 5.127999782562255859e+00 0.000000000000000000e+00 0.000000000000000000e+00
 5.133500099182128906e+00 0.000000000000000000e+00 0.000000000000000000e+00
 5.138999938964843750e+00 0.000000000000000000e+00 0.000000000000000000e+00
 5.144499778747558594e+00 0.000000000000000000e+00 0.000000000000000000e+00
 5.150000095367431641e+00 0.000000000000000000e+00 0.000000000000000000e+00
 5.155499935150146484e+00 0.000000000000000000e+00 0.000000000000000000e+00
 5.160999774932861328e+00 0.000000000000000000e+00 0.000000000000000000e+00
 5.166500091552734375e+00 0.000000000000000000e+00 0.000000000000000000e+00
 5.171999931335449219e+00 0.000000000000000000e+00 0.000000000000000000e+00
 5.177499771118164062e+00 0.000000000000000000e+00 0.000000000000000000e+00
 5.183000087738037109e+00 0.000000000000000000e+00 0.000000000000000000e+00
 5.188499927520751953e+00 0.000000000000000000e+00 0.000000000000000000e+00
 5.193999767303466797e+00 0.000000000000000000e+00 0.000000000000000000e+00
 5.199500083923339844e+00 0.000000000000000000e+00 0.000000000000000000e+00
 5.204999923706054688e+00 0.000000000000000000e+00 0.000000000000000000e+00
 5.210499763488769531e+00 0.000000000000000000e+00 0.000000000000000000e+00
 5.216000080108642578e+00 0.000000000000000000e+00 0.000000000000000000e+00
 5.221499919891357422e+00 0.000000000000000000e+00 0.000000000000000000e+00
 5.227000236511230469e+00 0.000000000000000000e+00 0.000000000000000000e+00
 5.232500076293945312e+00 0.000000000000000000e+00 0.000000000000000000e+00
 5.237999916076660156e+00 0.000000000000000000e+00 0.000000000000000000e+00
 5.243500232696533203e+00 0.000000000000000000e+00 0.000000000000000000e+00
 5.249000072479248047e+00 0.000000000000000000e+00 0.000000000000000000e+00
 5.254499912261962891e+00 0.000000000000000000e+00 0.000000000000000000e+00
 5.260000228881835938e+00 0.000000000000000000e+00 0.000000000000000000e+00
 5.265500068664550781e+00 0.000000000000000000e+00 0.000000000000000000e+00
 5.270999908447265625e+00 0.000000000000000000e+00 0.000000000000000000e+00
 5.276500225067138672e+00 0.000000000000000000e+00 0.000000000000000000e+00
 5.282000064849853516e+00 0.000000000000000000e+00 0.000000000000000000e+00
 5.287499904632568359e+00 0.000000000000000000e+00 0.000000000000000000e+00
 5.293000221252441406e+00 0.000000000000000000e+00 0.000000000000000000e+00
 5.298500061035156250e+00 0.000000000000000000e+00 0.000000000000000000e+00
 5.303999900817871094e+00 0.000000000000000000e+00 0.000000000000000000e+00
 5.309500217437744141e+00 0.000000000000000000e+00 0.000000000000000000e+00
 5.315000057220458984e+00 0.000000000000000000e+00 0.000000000000000000e+00
 5.320499897003173828e+00 0.000000000000000000e+00 0.000000000000000000e+00
 5.326000213623046875e+00 0.000000000000000000e+00 0.000000000000000000e+00
 5.331500053405761719e+00 0.000000000000000000e+00 0.000000000000000000e+00
 5.336999893188476562e+00 0.000000000000000000e+00 0.000000000000000000e+00
 5.342500209808349609e+00 0.000000000000000000e+00 0.000000000000000000e+00
 5.348000049591064453e+00 0.000000000000000000e+00 0.000000000000000000e+00
 5.353499889373779297e+00 0.000000000000000000e+00 0.000000000000000000e+00
 5.359000205993652344e+00 0.000000000000000000e+00 0.000000000000000000e+00
 5.364500045776367188e+00 0.000000000000000000e+00 0.000000000000000000e+00
 5.369999885559082031e+00 0.000000000000000000e+00 0.000000000000000000e+00
 5.375500202178955078e+00 0.000000000000000000e+00 0.000000000000000000e+00
 5.381000041961669922e+00 0.000000000000000000e+00 0.000000000000000000e+00
 5.386499881744384766e+00 0.000000000000000000e+00 0.000000000000000000e+00
 5.392000198364257812e+00 0.000000000000000000e+00 0.000000000000000000e+00
 5.397500038146972656e+00 0.000000000000000000e+00 0.000000000000000000e+00
 5.402999877929687500e+00 0.000000000000000000e+00 0.000000000000000000e+00
 5.408500194549560547e+00 0.000000000000000000e+00 0.000000000000000000e+00
 5.414000034332275391e+00 0.000000000000000000e+00 0.000000000000000000e+00
 5.419499874114990234e+00 0.000000000000000000e+00 0.000000000000000000e+00
 5.425000190734863281e+00 0.000000000000000000e+00 0.000000000000000000e+00
 5.430500030517578125e+00 0.000000000000000000e+00 0.000000000000000000e+00
 5.435999870300292969e+00 0.000000000000000000e+00 0.000000000000000000e+00
 5.441500186920166016e+00 0.000000000000000000e+00 0.000000000000000000e+00
 5.447000026702880859e+00 0.000000000000000000e+00 0.000000000000000000e+00
 5.452499866485595703e+00 0.000000000000000000e+00 0.000000000000000000e+00
 5.458000183105468750e+00 0.000000000000000000e+00 0.000000000000000000e+00
 5.463500022888183594e+00 0.000000000000000000e+00 0.000000000000000000e+00
 5.468999862670898438e+00 0.000000000000000000e+00 0.000000000000000000e+00
 5.474500179290771484e+00 0.000000000000000000e+00 0.000000000000000000e+00
 5.480000019073486328e+00 0.000000000000000000e+00 0.000000000000000000e+00
 5.485499858856201172e+00 0.000000000000000000e+00 0.000000000000000000e+00
 5.491000175476074219e+00 0.000000000000000000e+00 0.000000000000000000e+00
 5.496500015258789062e+00 0.000000000000000000e+00 0.000000000000000000e+00
 5.501999855041503906e+00 0.000000000000000000e+00 0.000000000000000000e+00
 5.507500171661376953e+00 0.000000000000000000e+00 0.000000000000000000e+00
 5.513000011444091797e+00 0.000000000000000000e+00 0.000000000000000000e+00
 5.518499851226806641e+00 0.000000000000000000e+00 0.000000000000000000e+00
 5.524000167846679688e+00 0.000000000000000000e+00 0.000000000000000000e+00
 5.529500007629394531e+00 0.000000000000000000e+00 0.000000000000000000e+00
 5.534999847412109375e+00 0.000000000000000000e+00 0.000000000000000000e+00
 5.540500164031982422e+00 0.000000000000000000e+00 0.000000000000000000e+00
 5.546000003814697266e+00 0.000000000000000000e+00 0.000000000000000000e+00
 5.551499843597412109e+00 0.000000000000000000e+00 0.000000000000000000e+00
 5.557000160217285156e+00 0.000000000000000000e+00 0.000000000000000000e+00
 5.562500000000000000e+00 0.000000000000000000e+00 0.000000000000000000e+00
 5.567999839782714844e+00 0.000000000000000000e+00 0.000000000000000000e+00
 5.573500156402587891e+00 0.000000000000000000e+00 0.000000000000000000e+00
 5.578999996185302734e+00 0.000000000000000000e+00 0.000000000000000000e+00
 5.584499835968017578e+00 0.000000000000000000e+00 0.000000000000000000e+00
 5.590000152587890625e+00 0.000000000000000000e+00 0.000000000000000000e+00
 5.595499992370605469e+00 0.000000000000000000e+00 0.000000000000000000e+00
 5.600999832153320312e+00 0.000000000000000000e+00 0.000000000000000000e+00
 5.606500148773193359e+00 0.000000000000000000e+00 0.000000000000000000e+00
 5.611999988555908203e+00 0.000000000000000000e+00 0.000000000000000000e+00
 5.617499828338623047e+00 0.000000000000000000e+00 0.000000000000000000e+00
 5.623000144958496094e+00 0.000000000000000000e+00 0.000000000000000000e+00
 5.628499984741210938e+00 0.000000000000000000e+00 0.000000000000000000e+00
 5.633999824523925781e+00 0.000000000000000000e+00 0.000000000000000000e+00
 5.639500141143798828e+00 0.000000000000000000e+00 0.000000000000000000e+00
 5.644999980926513672e+00 0.000000000000000000e+00 0.000000000000000000e+00
 5.650499820709228516e+00 0.000000000000000000e+00 0.000000000000000000e+00
 5.656000137329101562e+00 0.000000000000000000e+00 0.000000000000000000e+00
 5.661499977111816406e+00 0.000000000000000000e+00 0.000000000000000000e+00
 5.666999816894531250e+00 0.000000000000000000e+00 0.000000000000000000e+00
 5.672500133514404297e+00 0.000000000000000000e+00 0.000000000000000000e+00
 5.677999973297119141e+00 0.000000000000000000e+00 0.000000000000000000e+00
 5.683499813079833984e+00 0.000000000000000000e+00 0.000000000000000000e+00
 5.689000129699707031e+00 0.000000000000000000e+00 0.000000000000000000e+00
 5.694499969482421875e+00 0.000000000000000000e+00 0.000000000000000000e+00
 5.699999809265136719e+00 0.000000000000000000e+00 0.000000000000000000e+00
 5.705500125885009766e+00 0.000000000000000000e+00 0.000000000000000000e+00
 5.710999965667724609e+00 0.000000000000000000e+00 0.000000000000000000e+00
 5.716499805450439453e+00 0.000000000000000000e+00 0.000000000000000000e+00
 5.722000122070312500e+00 0.000000000000000000e+00 0.000000000000000000e+00
 5.727499961853027344e+00 0.000000000000000000e+00 0.000000000000000000e+00
 5.732999801635742188e+00 0.000000000000000000e+00 0.000000000000000000e+00
 5.738500118255615234e+00 0.000000000000000000e+00 0.000000000000000000e+00
 5.743999958038330078e+00 0.000000000000000000e+00 0.000000000000000000e+00
 5.749499797821044922e+00 0.000000000000000000e+00 0.000000000000000000e+00
 5.755000114440917969e+00 0.000000000000000000e+00 0.000000000000000000e+00
 5.760499954223632812e+00 0.000000000000000000e+00 0.000000000000000000e+00
 5.765999794006347656e+00 0.000000000000000000e+00 0.000000000000000000e+00
 5.771500110626220703e+00 0.000000000000000000e+00 0.000000000000000000e+00
 5.776999950408935547e+00 0.000000000000000000e+00 0.000000000000000000e+00
 5.782499790191650391e+00 0.000000000000000000e+00 0.000000000000000000e+00
 5.788000106811523438e+00 0.000000000000000000e+00 0.000000000000000000e+00
 5.793499946594238281e+00 0.000000000000000000e+00 0.000000000000000000e+00
 5.798999786376953125e+00 0.000000000000000000e+00 0.000000000000000000e+00
 5.804500102996826172e+00 0.000000000000000000e+00 0.000000000000000000e+00
 5.809999942779541016e+00 0.000000000000000000e+00 0.000000000000000000e+00
 5.815499782562255859e+00 0.000000000000000000e+00 0.000000000000000000e+00
 5.821000099182128906e+00 0.000000000000000000e+00 0.000000000000000000e+00
 5.826499938964843750e+00 0.000000000000000000e+00 0.000000000000000000e+00
 5.831999778747558594e+00 0.000000000000000000e+00 0.000000000000000000e+00
 5.837500095367431641e+00 0.000000000000000000e+00 0.000000000000000000e+00
 5.842999935150146484e+00 0.000000000000000000e+00 0.000000000000000000e+00
 5.848499774932861328e+00 0.000000000000000000e+00 0.000000000000000000e+00
 5.854000091552734375e+00 0.000000000000000000e+00 0.000000000000000000e+00
 5.859499931335449219e+00 0.000000000000000000e+00 0.000000000000000000e+00
 5.864999771118164062e+00 0.000000000000000000e+00 0.000000000000000000e+00
 5.870500087738037109e+00 0.000000000000000000e+00 0.000000000000000000e+00
 5.875999927520751953e+00 0.000000000000000000e+00 0.000000000000000000e+00
 5.881499767303466797e+00 0.000000000000000000e+00 0.000000000000000000e+00
 5.887000083923339844e+00 0.000000000000000000e+00 0.000000000000000000e+00
 5.892499923706054688e+00 0.000000000000000000e+00 0.000000000000000000e+00
 5.897999763488769531e+00 0.000000000000000000e+00 0.000000000000000000e+00
 5.903500080108642578e+00 0.000000000000000000e+00 0.000000000000000000e+00
 5.908999919891357422e+00 0.000000000000000000e+00 0.000000000000000000e+00
 5.914500236511230469e+00 0.000000000000000000e+00 0.000000000000000000e+00
 5.920000076293945312e+00 0.000000000000000000e+00 0.000000000000000000e+00
 5.925499916076660156e+00 0.000000000000000000e+00 0.000000000000000000e+00
 5.931000232696533203e+00 0.000000000000000000e+00 0.000000000000000000e+00
 5.936500072479248047e+00 0.000000000000000000e+00 0.000000000000000000e+00
 5.941999912261962891e+00 0.000000000000000000e+00 0.000000000000000000e+00
 5.947500228881835938e+00 0.000000000000000000e+00 0.000000000000000000e+00
 5.953000068664550781e+00 0.000000000000000000e+00 0.000000000000000000e+00
 5.958499908447265625e+00 0.000000000000000000e+00 0.000000000000000000e+00
 5.964000225067138672e+00 0.000000000000000000e+00 0.000000000000000000e+00
 5.969500064849853516e+00 0.000000000000000000e+00 0.000000000000000000e+00
 5.974999904632568359e+00 0.000000000000000000e+00 0.000000000000000000e+00
 5.980500221252441406e+00 0.000000000000000000e+00 0.000000000000000000e+00
 5.986000061035156250e+00 0.000000000000000000e+00 0.000000000000000000e+00
 5.991499900817871094e+00 0.000000000000000000e+00 0.000000000000000000e+00
 5.997000217437744141e+00 0.000000000000000000e+00 0.000000000000000000e+00
 6.002500057220458984e+00 0.000000000000000000e+00 0.000000000000000000e+00
 6.007999897003173828e+00 0.000000000000000000e+00 0.000000000000000000e+00
 6.013500213623046875e+00 0.000000000000000000e+00 0.000000000000000000e+00
 6.019000053405761719e+00 0.000000000000000000e+00 0.000000000000000000e+00
 6.024499893188476562e+00 0.000000000000000000e+00 0.000000000000000000e+00
 6.030000209808349609e+00 0.000000000000000000e+00 0.000000000000000000e+00
 6.035500049591064453e+00 0.000000000000000000e+00 0.000000000000000000e+00
 6.040999889373779297e+00 0.000000000000000000e+00 0.000000000000000000e+00
 6.046500205993652344e+00 0.000000000000000000e+00 0.000000000000000000e+00
 6.052000045776367188e+00 0.000000000000000000e+00 0.000000000000000000e+00
 6.057499885559082031e+00 0.000000000000000000e+00 0.000000000000000000e+00
 6.063000202178955078e+00 0.000000000000000000e+00 0.000000000000000000e+00
 6.068500041961669922e+00 0.000000000000000000e+00 0.000000000000000000e+00
 6.073999881744384766e+00 0.000000000000000000e+00 0.000000000000000000e+00
 6.079500198364257812e+00 0.000000000000000000e+00 0.000000000000000000e+00
 6.085000038146972656e+00 0.000000000000000000e+00 0.000000000000000000e+00
 6.090499877929687500e+00 0.000000000000000000e+00 0.000000000000000000e+00
 6.096000194549560547e+00 0.000000000000000000e+00 0.000000000000000000e+00
 6.101500034332275391e+00 0.000000000000000000e+00 0.000000000000000000e+00
 6.106999874114990234e+00 0.000000000000000000e+00 0.000000000000000000e+00
 6.112500190734863281e+00 0.000000000000000000e+00 0.000000000000000000e+00
 6.118000030517578125e+00 0.000000000000000000e+00 0.000000000000000000e+00
 6.123499870300292969e+00 0.000000000000000000e+00 0.000000000000000000e+00
 6.129000186920166016e+00 0.000000000000000000e+00 0.000000000000000000e+00
 6.134500026702880859e+00 0.000000000000000000e+00 0.000000000000000000e+00
 6.139999866485595703e+00 0.000000000000000000e+00 0.000000000000000000e+00
 6.145500183105468750e+00 0.000000000000000000e+00 0.000000000000000000e+00
 6.151000022888183594e+00 0.000000000000000000e+00 0.000000000000000000e+00
 6.156499862670898438e+00 0.000000000000000000e+00 0.000000000000000000e+00
 6.162000179290771484e+00 0.000000000000000000e+00 0.000000000000000000e+00
 6.167500019073486328e+00 0.000000000000000000e+00 0.000000000000000000e+00
 6.172999858856201172e+00 0.000000000000000000e+00 0.000000000000000000e+00
 6.178500175476074219e+00 0.000000000000000000e+00 0.000000000000000000e+00
 6.184000015258789062e+00 0.000000000000000000e+00 0.000000000000000000e+00
 6.189499855041503906e+00 0.000000000000000000e+00 0.000000000000000000e+00
 6.195000171661376953e+00 0.000000000000000000e+00 0.000000000000000000e+00
 6.200500011444091797e+00 0.000000000000000000e+00 0.000000000000000000e+00
 6.205999851226806641e+00 0.000000000000000000e+00 0.000000000000000000e+00
 6.211500167846679688e+00 0.000000000000000000e+00 0.000000000000000000e+00
 6.217000007629394531e+00 0.000000000000000000e+00 0.000000000000000000e+00
 6.222499847412109375e+00 0.000000000000000000e+00 0.000000000000000000e+00
 6.228000164031982422e+00 0.000000000000000000e+00 0.000000000000000000e+00
 6.233500003814697266e+00 0.000000000000000000e+00 0.000000000000000000e+00
 6.238999843597412109e+00 0.000000000000000000e+00 0.000000000000000000e+00
 6.244500160217285156e+00 0.000000000000000000e+00 0.000000000000000000e+00
 6.250000000000000000e+00 0.000000000000000000e+00 0.000000000000000000e+00
 4.875000000000000000e+00 5.000000074505805969e-02 0.000000000000000000e+00
 4.880499839782714844e+00 5.000000074505805969e-02 0.000000000000000000e+00
 4.886000156402587891e+00 5.000000074505805969e-02 0.000000000000000000e+00
 4.891499996185302734e+00 5.000000074505805969e-02 0.000000000000000000e+00
 4.896999835968017578e+00 5.000000074505805969e-02 0.000000000000000000e+00
 4.902500152587890625e+00 5.000000074505805969e-02 0.000000000000000000e+00
 4.907999992370605469e+00 5.000000074505805969e-02 0.000000000000000000e+00
 4.913499832153320312e+00 5.000000074505805969e-02 0.000000000000000000e+00
 4.919000148773193359e+00 5.000000074505805969e-02 0.000000000000000000e+00
 4.924499988555908203e+00 5.000000074505805969e-02 0.000000000000000000e+00
 4.929999828338623047e+00 5.000000074505805969e-02 0.000000000000000000e+00
 4.935500144958496094e+00 5.000000074505805969e-02 0.000000000000000000e+00
 4.940999984741210938e+00 5.000000074505805969e-02 0.000000000000000000e+00
 4.946499824523925781e+00 5.000000074505805969e-02 0.000000000000000000e+00
 4.952000141143798828e+00 5.000000074505805969e-02 0.000000000000000000e+00
 4.957499980926513672e+00 5.000000074505805969e-02 0.000000000000000000e+00
 4.962999820709228516e+00 5.000000074505805969e-02 0.000000000000000000e+00
 4.968500137329101562e+00 5.000000074505805969e-02 0.000000000000000000e+00
 4.973999977111816406e+00 5.000000074505805969e-02 0.000000000000000000e+00
 4.979499816894531250e+00 5.000000074505805969e-02 0.000000000000000000e+00
 4.985000133514404297e+00 5.000000074505805969e-02 0.000000000000000000e+00
 4.990499973297119141e+00 5.000000074505805969e-02 0.000000000000000000e+00
 4.995999813079833984e+00 5.000000074505805969e-02 0.000000000000000000e+00
 5.001500129699707031e+00 5.000000074505805969e-02 0.000000000000000000e+00
 5.006999969482421875e+00 5.000000074505805969e-02 0.000000000000000000e+00
 5.012499809265136719e+00 5.000000074505805969e-02 0.000000000000000000e+00
 5.018000125885009766e+00 5.000000074505805969e-02 0.000000000000000000e+00
 5.023499965667724609e+00 5.000000074505805969e-02 0.000000000000000000e+00
 5.028999805450439453e+00 5.000000074505805969e-02 0.000000000000000000e+00
 5.034500122070312500e+00 5.000000074505805969e-02 0.000000000000000000e+00
 5.039999961853027344e+00 5.000000074505805969e-02 0.000000000000000000e+00
 5.045499801635742188e+00 5.000000074505805969e-02 0.000000000000000000e+00
 5.051000118255615234e+00 5.000000074505805969e-02 0.000000000000000000e+00
 5.056499958038330078e+00 5.000000074505805969e-02 0.000000000000000000e+00
 5.061999797821044922e+00 5.000000074505805969e-02 0.000000000000000000e+00
 5.067500114440917969e+00 5.000000074505805969e-02 0.000000000000000000e+00
 5.072999954223632812e+00 5.000000074505805969e-02 0.000000000000000000e+00
 5.078499794006347656e+00 5.000000074505805969e-02 0.000000000000000000e+00
 5.084000110626220703e+00 5.000000074505805969e-02 0.000000000000000000e+00
 5.089499950408935547e+00 5.000000074505805969e-02 0.000000000000000000e+00
 5.094999790191650391e+00 5.000000074505805969e-02 0.000000000000000000e+00
 5.100500106811523438e+00 5.000000074505805969e-02 0.000000000000000000e+00
 5.105999946594238281e+00 5.000000074505805969e-02 0.000000000000000000e+00
 5.111499786376953125e+00 5.000000074505805969e-02 0.000000000000000000e+00
 5.117000102996826172e+00 5.000000074505805969e-02 0.000000000000000000e+00
 5.122499942779541016e+00 5.000000074505805969e-02 0.000000000000000000e+00
 5.127999782562255859e+00 5.000000074505805969e-02 0.000000000000000000e+00
 5.133500099182128906e+00 5.000000074505805969e-02 0.000000000000000000e+00
 5.138999938964843750e+00 5.000000074505805969e-02 0.000000000000000000e+00
 5.144499778747558594e+00 5.000000074505805969e-02 0.000000000000000000e+00
 5.150000095367431641e+00 5.000000074505805969e-02 0.000000000000000000e+00
 5.155499935150146484e+00 5.000000074505805969e-02 0.000000000000000000e+00
 5.160999774932861328e+00 5.000000074505805969e-02 0.000000000000000000e+00
 5.166500091552734375e+00 5.000000074505805969e-02 0.000000000000000000e+00
 5.171999931335449219e+00 5.000000074505805969e-02 0.000000000000000000e+00
 5.177499771118164062e+00 5.000000074505805969e-02 0.000000000000000000e+00
 5.183000087738037109e+00 5.000000074505805969e-02 0.000000000000000000e+00
 5.188499927520751953e+00 5.000000074505805969e-02 0.000000000000000000e+00
 5.193999767303466797e+00 5.000000074505805969e-02 0.000000000000000000e+00
 5.199500083923339844e+00 5.000000074505805969e-02 0.000000000000000000e+00
 5.204999923706054688e+00 5.000000074505805969e-02 0.000000000000000000e+00
 5.210499763488769531e+00 5.000000074505805969e-02 0.000000000000000000e+00
 5.216000080108642578e+00 5.000000074505805969e-02 0.000000000000000000e+00
 5.221499919891357422e+00 5.000000074505805969e-02 0.000000000000000000e+00
 5.227000236511230469e+00 5.000000074505805969e-02 0.000000000000000000e+00
 5.232500076293945312e+00 5.000000074505805969e-02 0.000000000000000000e+00
 5.237999916076660156e+00 5.000000074505805969e-02 0.000000000000000000e+00
 5.243500232696533203e+00 5.000000074505805969e-02 0.000000000000000000e+00
 5.249000072479248047e+00 5.000000074505805969e-02 0.000000000000000000e+00
 5.254499912261962891e+00 5.000000074505805969e-02 0.000000000000000000e+00
 5.260000228881835938e+00 5.000000074505805969e-02 0.000000000000000000e+00
 5.265500068664550781e+00 5.000000074505805969e-02 0.000000000000000000e+00
 5.270999908447265625e+00 5.000000074505805969e-02 0.000000000000000000e+00
 5.276500225067138672e+00 5.000000074505805969e-02 0.000000000000000000e+00
 5.282000064849853516e+00 5.000000074505805969e-02 0.000000000000000000e+00
 5.287499904632568359e+00 5.000000074505805969e-02 0.000000000000000000e+00
 5.293000221252441406e+00 5.000000074505805969e-02 0.000000000000000000e+00
 5.298500061035156250e+00 5.000000074505805969e-02 0.000000000000000000e+00
 5.303999900817871094e+00 5.000000074505805969e-02 0.000000000000000000e+00
 5.309500217437744141e+00 5.000000074505805969e-02 0.000000000000000000e+00
 5.315000057220458984e+00 5.000000074505805969e-02 0.000000000000000000e+00
 5.320499897003173828e+00 5.000000074505805969e-02 0.000000000000000000e+00
 5.326000213623046875e+00 5.000000074505805969e-02 0.000000000000000000e+00
 5.331500053405761719e+00 5.000000074505805969e-02 0.000000000000000000e+00
 5.336999893188476562e+00 5.000000074505805969e-02 0.000000000000000000e+00
 5.342500209808349609e+00 5.000000074505805969e-02 0.000000000000000000e+00
 5.348000049591064453e+00 5.000000074505805969e-02 0.000000000000000000e+00
 5.353499889373779297e+00 5.000000074505805969e-02 0.000000000000000000e+00
 5.359000205993652344e+00 5.000000074505805969e-02 0.000000000000000000e+00
 5.364500045776367188e+00 5.000000074505805969e-02 0.000000000000000000e+00
 5.369999885559082031e+00 5.000000074505805969e-02 0.000000000000000000e+00
 5.375500202178955078e+00 5.000000074505805969e-02 0.000000000000000000e+00
 5.381000041961669922e+00 5.000000074505805969e-02 0.000000000000000000e+00
 5.386499881744384766e+00 5.000000074505805969e-02 0.000000000000000000e+00
 5.392000198364257812e+00 5.000000074505805969e-02 0.000000000000000000e+00
 5.397500038146972656e+00 5.000000074505805969e-02 0.000000000000000000e+00
 5.402999877929687500e+00 5.000000074505805969e-02 0.000000000000000000e+00
 5.408500194549560547e+00 5.000000074505805969e-02 0.000000000000000000e+00
 5.414000034332275391e+00 5.000000074505805969e-02 0.000000000000000000e+00
 5.419499874114990234e+00 5.000000074505805969e-02 0.000000000000000000e+00
 5.425000190734863281e+00 5.000000074505805969e-02 0.000000000000000000e+00
 5.430500030517578125e+00 5.000000074505805969e-02 0.000000000000000000e+00
 5.435999870300292969e+00 5.000000074505805969e-02 0.000000000000000000e+00
 5.441500186920166016e+00 5.000000074505805969e-02 0.000000000000000000e+00
 5.447000026702880859e+00 5.000000074505805969e-02 0.000000000000000000e+00
 5.452499866485595703e+00 5.000000074505805969e-02 0.000000000000000000e+00
 5.458000183105468750e+00 5.000000074505805969e-02 0.000000000000000000e+00
 5.463500022888183594e+00 5.000000074505805969e-02 0.000000000000000000e+00
 5.468999862670898438e+00 5.000000074505805969e-02 0.000000000000000000e+00
 5.474500179290771484e+00 5.000000074505805969e-02 0.000000000000000000e+00
 5.480000019073486328e+00 5.000000074505805969e-02 0.000000000000000000e+00
 5.485499858856201172e+00 5.000000074505805969e-02 0.000000000000000000e+00
 5.491000175476074219e+00 5.000000074505805969e-02 0.000000000000000000e+00
 5.496500015258789062e+00 5.000000074505805969e-02 0.000000000000000000e+00
 5.501999855041503906e+00 5.000000074505805969e-02 0.000000000000000000e+00
 5.507500171661376953e+00 5.000000074505805969e-02 0.000000000000000000e+00
 5.513000011444091797e+00 5.000000074505805969e-02 0.000000000000000000e+00
 5.518499851226806641e+00 5.000000074505805969e-02 0.000000000000000000e+00
 5.524000167846679688e+00 5.000000074505805969e-02 0.000000000000000000e+00
 5.529500007629394531e+00 5.000000074505805969e-02 0.000000000000000000e+00
 5.534999847412109375e+00 5.000000074505805969e-02 0.000000000000000000e+00
 5.540500164031982422e+00 5.000000074505805969e-02 0.000000000000000000e+00
 5.546000003814697266e+00 5.000000074505805969e-02 0.000000000000000000e+00
 5.551499843597412109e+00 5.000000074505805969e-02 0.000000000000000000e+00
 5.557000160217285156e+00 5.000000074505805969e-02 0.000000000000000000e+00
 5.562500000000000000e+00 5.000000074505805969e-02 0.000000000000000000e+00
 5.567999839782714844e+00 5.000000074505805969e-02 0.000000000000000000e+00
 5.573500156402587891e+00 5.000000074505805969e-02 0.000000000000000000e+00
 5.578999996185302734e+00 5.000000074505805969e-02 0.000000000000000000e+00
 5.584499835968017578e+00 5.000000074505805969e-02 0.000000000000000000e+00
 5.590000152587890625e+00 5.000000074505805969e-02 0.000000000000000000e+00
 5.595499992370605469e+00 5.000000074505805969e-02 0.000000000000000000e+00
 5.600999832153320312e+00 5.000000074505805969e-02 0.000000000000000000e+00
 5.606500148773193359e+00 5.000000074505805969e-02 0.000000000000000000e+00
 5.611999988555908203e+00 5.000000074505805969e-02 0.000000000000000000e+00
 5.617499828338623047e+00 5.000000074505805969e-02 0.000000000000000000e+00
 5.623000144958496094e+00 5.000000074505805969e-02 0.000000000000000000e+00
 5.628499984741210938e+00 5.000000074505805969e-02 0.000000000000000000e+00
 5.633999824523925781e+00 5.000000074505805969e-02 0.000000000000000000e+00
 5.639500141143798828e+00 5.000000074505805969e-02 0.000000000000000000e+00
 5.644999980926513672e+00 5.000000074505805969e-02 0.000000000000000000e+00
 5.650499820709228516e+00 5.000000074505805969e-02 0.000000000000000000e+00
 5.656000137329101562e+00 5.000000074505805969e-02 0.000000000000000000e+00
 5.661499977111816406e+00 5.000000074505805969e-02 0.000000000000000000e+00
 5.666999816894531250e+00 5.000000074505805969e-02 0.000000000000000000e+00
 5.672500133514404297e+00 5.000000074505805969e-02 0.000000000000000000e+00
 5.677999973297119141e+00 5.000000074505805969e-02 0.000000000000000000e+00
 5.683499813079833984e+00 5.000000074505805969e-02 0.000000000000000000e+00
 5.689000129699707031e+00 5.000000074505805969e-02 0.000000000000000000e+00
 5.694499969482421875e+00 5.000000074505805969e-02 0.000000000000000000e+00
 5.699999809265136719e+00 5.000000074505805969e-02 0.000000000000000000e+00
 5.705500125885009766e+00 5.000000074505805969e-02 0.000000000000000000e+00
 5.710999965667724609e+00 5.000000074505805969e-02 0.000000000000000000e+00
 5.716499805450439453e+00 5.000000074505805969e-02 0.000000000000000000e+00
 5.722000122070312500e+00 5.000000074505805969e-02 0.000000000000000000e+00
 5.727499961853027344e+00 5.000000074505805969e-02 0.000000000000000000e+00
 5.732999801635742188e+00 5.000000074505805969e-02 0.000000000000000000e+00
 5.738500118255615234e+00 5.000000074505805969e-02 0.000000000000000000e+00
 5.743999958038330078e+00 5.000000074505805969e-02 0.000000000000000000e+00
 5.749499797821044922e+00 5.000000074505805969e-02 0.000000000000000000e+00
 5.755000114440917969e+00 5.000000074505805969e-02 0.000000000000000000e+00
 5.760499954223632812e+00 5.000000074505805969e-02 0.000000000000000000e+00
 5.765999794006347656e+00 5.000000074505805969e-02 0.000000000000000000e+00
 5.771500110626220703e+00 5.000000074505805969e-02 0.000000000000000000e+00
 5.776999950408935547e+00 5.000000074505805969e-02 0.000000000000000000e+00
 5.782499790191650391e+00 5.000000074505805969e-02 0.000000000000000000e+00
 5.788000106811523438e+00 5.000000074505805969e-02 0.000000000000000000e+00
 5.793499946594238281e+00 5.000000074505805969e-02 0.000000000000000000e+00
 5.798999786376953125e+00 5.000000074505805969e-02 0.000000000000000000e+00
 5.804500102996826172e+00 5.000000074505805969e-02 0.000000000000000000e+00
 5.809999942779541016e+00 5.000000074505805969e-02 0.000000000000000000e+00
 5.815499782562255859e+00 5.000000074505805969e-02 0.000000000000000000e+00
 5.821000099182128906e+00 5.000000074505805969e-02 0.000000000000000000e+00
 5.826499938964843750e+00 5.000000074505805969e-02 0.000000000000000000e+00
 5.831999778747558594e+00 5.000000074505805969e-02 0.000000000000000000e+00
 5.837500095367431641e+00 5.000000074505805969e-02 0.000000000000000000e+00
 5.842999935150146484e+00 5.000000074505805969e-02 0.000000000000000000e+00
 5.848499774932861328e+00 5.000000074505805969e-02 0.000000000000000000e+00
 5.854000091552734375e+00 5.000000074505805969e-02 0.000000000000000000e+00
 5.859499931335449219e+00 5.000000074505805969e-02 0.000000000000000000e+00
 5.864999771118164062e+00 5.000000074505805969e-02 0.000000000000000000e+00
 5.870500087738037109e+00 5.000000074505805969e-02 0.000000000000000000e+00
 5.875999927520751953e+00 5.000000074505805969e-02 0.000000000000000000e+00
 5.881499767303466797e+00 5.000000074505805969e-02 0.000000000000000000e+00
 5.887000083923339844e+00 5.000000074505805969e-02 0.000000000000000000e+00
 5.892499923706054688e+00 5.000000074505805969e-02 0.000000000000000000e+00
 5.897999763488769531e+00 5.000000074505805969e-02 0.000000000000000000e+00
 5.903500080108642578e+00 5.000000074505805969e-02 0.000000000000000000e+00
 5.908999919891357422e+00 5.000000074505805969e-02 0.000000000000000000e+00
 5.914500236511230469e+00 5.000000074505805969e-02 0.000000000000000000e+00
 5.920000076293945312e+00 5.000000074505805969e-02 0.000000000000000000e+00
 5.925499916076660156e+00 5.000000074505805969e-02 0.000000000000000000e+00
 5.931000232696533203e+00 5.000000074505805969e-02 0.000000000000000000e+00
 5.936500072479248047e+00 5.000000074505805969e-02 0.000000000000000000e+00
 5.941999912261962891e+00 5.000000074505805969e-02 0.000000000000000000e+00
 5.947500228881835938e+00 5.000000074505805969e-02 0.000000000000000000e+00
 5.953000068664550781e+00 5.000000074505805969e-02 0.000000000000000000e+00
 5.958499908447265625e+00 5.000000074505805969e-02 0.000000000000000000e+00
 5.964000225067138672e+00 5.000000074505805969e-02 0.000000000000000000e+00
 5.969500064849853516e+00 5.000000074505805969e-02 0.000000000000000000e+00
 5.974999904632568359e+00 5.000000074505805969e-02 0.000000000000000000e+00
 5.980500221252441406e+00 5.000000074505805969e-02 0.000000000000000000e+00
 5.986000061035156250e+00 5.000000074505805969e-02 0.000000000000000000e+00
 5.991499900817871094e+00 5.000000074505805969e-02 0.000000000000000000e+00
 5.997000217437744141e+00 5.000000074505805969e-02 0.000000000000000000e+00
 6.002500057220458984e+00 5.000000074505805969e-02 0.000000000000000000e+00
 6.007999897003173828e+00 5.000000074505805969e-02 0.000000000000000000e+00
 6.013500213623046875e+00 5.000000074505805969e-02 0.000000000000000000e+00
 6.019000053405761719e+00 5.000000074505805969e-02 0.000000000000000000e+00
 6.024499893188476562e+00 5.000000074505805969e-02 0.000000000000000000e+00
 6.030000209808349609e+00 5.000000074505805969e-02 0.000000000000000000e+00
 6.035500049591064453e+00 5.000000074505805969e-02 0.000000000000000000e+00
 6.040999889373779297e+00 5.000000074505805969e-02 0.000000000000000000e+00
 6.046500205993652344e+00 5.000000074505805969e-02 0.000000000000000000e+00
 6.052000045776367188e+00 5.000000074505805969e-02 0.000000000000000000e+00
 6.057499885559082031e+00 5.000000074505805969e-02 0.000000000000000000e+00
 6.063000202178955078e+00 5.000000074505805969e-02 0.000000000000000000e+00
 6.068500041961669922e+00 5.000000074505805969e-02 0.000000000000000000e+00
 6.073999881744384766e+00 5.000000074505805969e-02 0.000000000000000000e+00
 6.079500198364257812e+00 5.000000074505805969e-02 0.000000000000000000e+00
 6.085000038146972656e+00 5.000000074505805969e-02 0.000000000000000000e+00
 6.090499877929687500e+00 5.000000074505805969e-02 0.000000000000000000e+00
 6.096000194549560547e+00 5.000000074505805969e-02 0.000000000000000000e+00
 6.101500034332275391e+00 5.000000074505805969e-02 0.000000000000000000e+00
 6.106999874114990234e+00 5.000000074505805969e-02 0.000000000000000000e+00
 6.112500190734863281e+00 5.000000074505805969e-02 0.000000000000000000e+00
 6.118000030517578125e+00 5.000000074505805969e-02 0.000000000000000000e+00
 6.123499870300292969e+00 5.000000074505805969e-02 0.000000000000000000e+00
 6.129000186920166016e+00 5.000000074505805969e-02 0.000000000000000000e+00
 6.134500026702880859e+00 5.000000074505805969e-02 0.000000000000000000e+00
 6.139999866485595703e+00 5.000000074505805969e-02 0.000000000000000000e+00
 6.145500183105468750e+00 5.000000074505805969e-02 0.000000000000000000e+00
 6.151000022888183594e+00 5.000000074505805969e-02 0.000000000000000000e+00
 6.156499862670898438e+00 5.000000074505805969e-02 0.000000000000000000e+00
 6.162000179290771484e+00 5.000000074505805969e-02 0.000000000000000000e+00
 6.167500019073486328e+00 5.000000074505805969e-02 0.000000000000000000e+00
 6.172999858856201172e+00 5.000000074505805969e-02 0.000000000000000000e+00
 6.178500175476074219e+00 5.000000074505805969e-02 0.000000000000000000e+00
 6.184000015258789062e+00 5.000000074505805969e-02 0.000000000000000000e+00
 6.189499855041503906e+00 5.000000074505805969e-02 0.000000000000000000e+00
 6.195000171661376953e+00 5.000000074505805969e-02 0.000000000000000000e+00
 6.200500011444091797e+00 5.000000074505805969e-02 0.000000000000000000e+00
 6.205999851226806641e+00 5.000000074505805969e-02 0.000000000000000000e+00
 6.211500167846679688e+00 5.000000074505805969e-02 0.000000000000000000e+00
 6.217000007629394531e+00 5.000000074505805969e-02 0.000000000000000000e+00
 6.222499847412109375e+00 5.000000074505805969e-02 0.000000000000000000e+00
 6.228000164031982422e+00 5.000000074505805969e-02 0.000000000000000000e+00
 6.233500003814697266e+00 5.000000074505805969e-02 0.000000000000000000e+00
 6.238999843597412109e+00 5.000000074505805969e-02 0.000000000000000000e+00
 6.244500160217285156e+00 5.000000074505805969e-02 0.000000000000000000e+00
 6.250000000000000000e+00 5.000000074505805969e-02 0.000000000000000000e+00
 4.875000000000000000e+00 1.000000014901161194e-01 0.000000000000000000e+00
 4.880499839782714844e+00 1.000000014901161194e-01 0.000000000000000000e+00
 4.886000156402587891e+00 1.000000014901161194e-01 0.000000000000000000e+00
 4.891499996185302734e+00 1.000000014901161194e-01 0.000000000000000000e+00
 4.896999835968017578e+00 1.000000014901161194e-01 0.000000000000000000e+00
 4.902500152587890625e+00 1.000000014901161194e-01 0.000000000000000000e+00
 4.907999992370605469e+00 1.000000014901161194e-01 0.000000000000000000e+00
 4.913499832153320312e+00 1.000000014901161194e-01 0.000000000000000000e+00
 4.919000148773193359e+00 1.000000014901161194e-01 0.000000000000000000e+00
 4.924499988555908203e+00 1.000000014901161194e-01 0.000000000000000000e+00
 4.929999828338623047e+00 1.000000014901161194e-01 0.000000000000000000e+00
 4.935500144958496094e+00 1.000000014901161194e-01 0.000000000000000000e+00
 4.940999984741210938e+00 1.000000014901161194e-01 0.000000000000000000e+00
 4.946499824523925781e+00 1.000000014901161194e-01 0.000000000000000000e+00
 4.952000141143798828e+00 1.000000014901161194e-01 0.000000000000000000e+00
 4.957499980926513672e+00 1.000000014901161194e-01 0.000000000000000000e+00
 4.962999820709228516e+00 1.000000014901161194e-01 0.000000000000000000e+00
 4.968500137329101562e+00 1.000000014901161194e-01 0.000000000000000000e+00
 4.973999977111816406e+00 1.000000014901161194e-01 0.000000000000000000e+00
 4.979499816894531250e+00 1.000000014901161194e-01 0.000000000000000000e+00
 4.985000133514404297e+00 1.000000014901161194e-01 0.000000000000000000e+00
 4.990499973297119141e+00 1.000000014901161194e-01 0.000000000000000000e+00
 4.995999813079833984e+00 1.000000014901161194e-01 0.000000000000000000e+00
 5.001500129699707031e+00 1.000000014901161194e-01 0.000000000000000000e+00
 5.006999969482421875e+00 1.000000014901161194e-01 0.000000000000000000e+00
 5.012499809265136719e+00 1.000000014901161194e-01 0.000000000000000000e+00
 5.018000125885009766e+00 1.000000014901161194e-01 0.000000000000000000e+00
 5.023499965667724609e+00 1.000000014901161194e-01 0.000000000000000000e+00
 5.028999805450439453e+00 1.000000014901161194e-01 0.000000000000000000e+00
 5.034500122070312500e+00 1.000000014901161194e-01 0.000000000000000000e+00
 5.039999961853027344e+00 1.000000014901161194e-01 0.000000000000000000e+00
 5.045499801635742188e+00 1.000000014901161194e-01 0.000000000000000000e+00
 5.051000118255615234e+00 1.000000014901161194e-01 0.000000000000000000e+00
 5.056499958038330078e+00 1.000000014901161194e-01 0.000000000000000000e+00
 5.061999797821044922e+00 1.000000014901161194e-01 0.000000000000000000e+00
 5.067500114440917969e+00 1.000000014901161194e-01 0.000000000000000000e+00
 5.072999954223632812e+00 1.000000014901161194e-01 0.000000000000000000e+00
 5.078499794006347656e+00 1.000000014901161194e-01 0.000000000000000000e+00
 5.084000110626220703e+00 1.000000014901161194e-01 0.000000000000000000e+00
 5.089499950408935547e+00 1.000000014901161194e-01 0.000000000000000000e+00
 5.094999790191650391e+00 1.000000014901161194e-01 0.000000000000000000e+00
 5.100500106811523438e+00 1.000000014901161194e-01 0.000000000000000000e+00
 5.105999946594238281e+00 1.000000014901161194e-01 0.000000000000000000e+00
 5.111499786376953125e+00 1.000000014901161194e-01 0.000000000000000000e+00
 5.117000102996826172e+00 1.000000014901161194e-01 0.000000000000000000e+00
 5.122499942779541016e+00 1.000000014901161194e-01 0.000000000000000000e+00
 5.127999782562255859e+00 1.000000014901161194e-01 0.000000000000000000e+00
 5.133500099182128906e+00 1.000000014901161194e-01 0.000000000000000000e+00
 5.138999938964843750e+00 1.000000014901161194e-01 0.000000000000000000e+00
 5.144499778747558594e+00 1.000000014901161194e-01 0.000000000000000000e+00
 5.150000095367431641e+00 1.000000014901161194e-01 0.000000000000000000e+00
 5.155499935150146484e+00 1.000000014901161194e-01 0.000000000000000000e+00
 5.160999774932861328e+00 1.000000014901161194e-01 0.000000000000000000e+00
 5.166500091552734375e+00 1.000000014901161194e-01 0.000000000000000000e+00
 5.171999931335449219e+00 1.000000014901161194e-01 0.000000000000000000e+00
 5.177499771118164062e+00 1.000000014901161194e-01 0.000000000000000000e+00
 5.183000087738037109e+00 1.000000014901161194e-01 0.000000000000000000e+00
 5.188499927520751953e+00 1.000000014901161194e-01 0.000000000000000000e+00
 5.193999767303466797e+00 1.000000014901161194e-01 0.000000000000000000e+00
 5.199500083923339844e+00 1.000000014901161194e-01 0.000000000000000000e+00
 5.204999923706054688e+00 1.000000014901161194e-01 0.000000000000000000e+00
 5.210499763488769531e+00 1.000000014901161194e-01 0.000000000000000000e+00
 5.216000080108642578e+00 1.000000014901161194e-01 0.000000000000000000e+00
 5.221499919891357422e+00 1.000000014901161194e-01 0.000000000000000000e+00
 5.227000236511230469e+00 1.000000014901161194e-01 0.000000000000000000e+00
 5.232500076293945312e+00 1.000000014901161194e-01 0.000000000000000000e+00
 5.237999916076660156e+00 1.000000014901161194e-01 0.000000000000000000e+00
 5.243500232696533203e+00 1.000000014901161194e-01 0.000000000000000000e+00
 5.249000072479248047e+00 1.000000014901161194e-01 0.000000000000000000e+00
 5.254499912261962891e+00 1.000000014901161194e-01 0.000000000000000000e+00
 5.260000228881835938e+00 1.000000014901161194e-01 0.000000000000000000e+00
 5.265500068664550781e+00 1.000000014901161194e-01 0.000000000000000000e+00
 5.270999908447265625e+00 1.000000014901161194e-01 0.000000000000000000e+00
 5.276500225067138672e+00 1.000000014901161194e-01 0.000000000000000000e+00
 5.282000064849853516e+00 1.000000014901161194e-01 0.000000000000000000e+00
 5.287499904632568359e+00 1.000000014901161194e-01 0.000000000000000000e+00
 5.293000221252441406e+00 1.000000014901161194e-01 0.000000000000000000e+00
 5.298500061035156250e+00 1.000000014901161194e-01 0.000000000000000000e+00
 5.303999900817871094e+00 1.000000014901161194e-01 0.000000000000000000e+00
 5.309500217437744141e+00 1.000000014901161194e-01 0.000000000000000000e+00
 5.315000057220458984e+00 1.000000014901161194e-01 0.000000000000000000e+00
 5.320499897003173828e+00 1.000000014901161194e-01 0.000000000000000000e+00
 5.326000213623046875e+00 1.000000014901161194e-01 0.000000000000000000e+00
 5.331500053405761719e+00 1.000000014901161194e-01 0.000000000000000000e+00
 5.336999893188476562e+00 1.000000014901161194e-01 0.000000000000000000e+00
 5.342500209808349609e+00 1.000000014901161194e-01 0.000000000000000000e+00
 5.348000049591064453e+00 1.000000014901161194e-01 0.000000000000000000e+00
 5.353499889373779297e+00 1.000000014901161194e-01 0.000000000000000000e+00
 5.359000205993652344e+00 1.000000014901161194e-01 0.000000000000000000e+00
 5.364500045776367188e+00 1.000000014901161194e-01 0.000000000000000000e+00
 5.369999885559082031e+00 1.000000014901161194e-01 0.000000000000000000e+00
 5.375500202178955078e+00 1.000000014901161194e-01 0.000000000000000000e+00
 5.381000041961669922e+00 1.000000014901161194e-01 0.000000000000000000e+00
 5.386499881744384766e+00 1.000000014901161194e-01 0.000000000000000000e+00
 5.392000198364257812e+00 1.000000014901161194e-01 0.000000000000000000e+00
 5.397500038146972656e+00 1.000000014901161194e-01 0.000000000000000000e+00
 5.402999877929687500e+00 1.000000014901161194e-01 0.000000000000000000e+00
 5.408500194549560547e+00 1.000000014901161194e-01 0.000000000000000000e+00
 5.414000034332275391e+00 1.000000014901161194e-01 0.000000000000000000e+00
 5.419499874114990234e+00 1.000000014901161194e-01 0.000000000000000000e+00
 5.425000190734863281e+00 1.000000014901161194e-01 0.000000000000000000e+00
 5.430500030517578125e+00 1.000000014901161194e-01 0.000000000000000000e+00
 5.435999870300292969e+00 1.000000014901161194e-01 0.000000000000000000e+00
 5.441500186920166016e+00 1.000000014901161194e-01 0.000000000000000000e+00
 5.447000026702880859e+00 1.000000014901161194e-01 0.000000000000000000e+00
 5.452499866485595703e+00 1.000000014901161194e-01 0.000000000000000000e+00
 5.458000183105468750e+00 1.000000014901161194e-01 0.000000000000000000e+00
 5.463500022888183594e+00 1.000000014901161194e-01 0.000000000000000000e+00
 5.468999862670898438e+00 1.000000014901161194e-01 0.000000000000000000e+00
 5.474500179290771484e+00 1.000000014901161194e-01 0.000000000000000000e+00
 5.480000019073486328e+00 1.000000014901161194e-01 0.000000000000000000e+00
 5.485499858856201172e+00 1.000000014901161194e-01 0.000000000000000000e+00
 5.491000175476074219e+00 1.000000014901161194e-01 0.000000000000000000e+00
 5.496500015258789062e+00 1.000000014901161194e-01 0.000000000000000000e+00
 5.501999855041503906e+00 1.000000014901161194e-01 0.000000000000000000e+00
 5.507500171661376953e+00 1.000000014901161194e-01 0.000000000000000000e+00
 5.513000011444091797e+00 1.000000014901161194e-01 0.000000000000000000e+00
 5.518499851226806641e+00 1.000000014901161194e-01 0.000000000000000000e+00
 5.524000167846679688e+00 1.000000014901161194e-01 0.000000000000000000e+00
 5.529500007629394531e+00 1.000000014901161194e-01 0.000000000000000000e+00
 5.534999847412109375e+00 1.000000014901161194e-01 0.000000000000000000e+00
 5.540500164031982422e+00 1.000000014901161194e-01 0.000000000000000000e+00
 5.546000003814697266e+00 1.000000014901161194e-01 0.000000000000000000e+00
 5.551499843597412109e+00 1.000000014901161194e-01 0.000000000000000000e+00
 5.557000160217285156e+00 1.000000014901161194e-01 0.000000000000000000e+00
 5.562500000000000000e+00 1.000000014901161194e-01 0.000000000000000000e+00
 5.567999839782714844e+00 1.000000014901161194e-01 0.000000000000000000e+00
 5.573500156402587891e+00 1.000000014901161194e-01 0.000000000000000000e+00
 5.578999996185302734e+00 1.000000014901161194e-01 0.000000000000000000e+00
 5.584499835968017578e+00 1.000000014901161194e-01 0.000000000000000000e+00
 5.590000152587890625e+00 1.000000014901161194e-01 0.000000000000000000e+00
 5.595499992370605469e+00 1.000000014901161194e-01 0.000000000000000000e+00
 5.600999832153320312e+00 1.000000014901161194e-01 0.000000000000000000e+00
 5.606500148773193359e+00 1.000000014901161194e-01 0.000000000000000000e+00
 5.611999988555908203e+00 1.000000014901161194e-01 0.000000000000000000e+00
 5.617499828338623047e+00 1.000000014901161194e-01 0.000000000000000000e+00
 5.623000144958496094e+00 1.000000014901161194e-01 0.000000000000000000e+00
 5.628499984741210938e+00 1.000000014901161194e-01 0.000000000000000000e+00
 5.633999824523925781e+00 1.000000014901161194e-01 0.000000000000000000e+00
 5.639500141143798828e+00 1.000000014901161194e-01 0.000000000000000000e+00
 5.644999980926513672e+00 1.000000014901161194e-01 0.000000000000000000e+00
 5.650499820709228516e+00 1.000000014901161194e-01 0.000000000000000000e+00
 5.656000137329101562e+00 1.000000014901161194e-01 0.000000000000000000e+00
 5.661499977111816406e+00 1.000000014901161194e-01 0.000000000000000000e+00
 5.666999816894531250e+00 1.000000014901161194e-01 0.000000000000000000e+00
 5.672500133514404297e+00 1.000000014901161194e-01 0.000000000000000000e+00
 5.677999973297119141e+00 1.000000014901161194e-01 0.000000000000000000e+00
 5.683499813079833984e+00 1.000000014901161194e-01 0.000000000000000000e+00
 5.689000129699707031e+00 1.000000014901161194e-01 0.000000000000000000e+00
 5.694499969482421875e+00 1.000000014901161194e-01 0.000000000000000000e+00
 5.699999809265136719e+00 1.000000014901161194e-01 0.000000000000000000e+00
 5.705500125885009766e+00 1.000000014901161194e-01 0.000000000000000000e+00
 5.710999965667724609e+00 1.000000014901161194e-01 0.000000000000000000e+00
 5.716499805450439453e+00 1.000000014901161194e-01 0.000000000000000000e+00
 5.722000122070312500e+00 1.000000014901161194e-01 0.000000000000000000e+00
 5.727499961853027344e+00 1.000000014901161194e-01 0.000000000000000000e+00
 5.732999801635742188e+00 1.000000014901161194e-01 0.000000000000000000e+00
 5.738500118255615234e+00 1.000000014901161194e-01 0.000000000000000000e+00
 5.743999958038330078e+00 1.000000014901161194e-01 0.000000000000000000e+00
 5.749499797821044922e+00 1.000000014901161194e-01 0.000000000000000000e+00
 5.755000114440917969e+00 1.000000014901161194e-01 0.000000000000000000e+00
 5.760499954223632812e+00 1.000000014901161194e-01 0.000000000000000000e+00
 5.765999794006347656e+00 1.000000014901161194e-01 0.000000000000000000e+00
 5.771500110626220703e+00 1.000000014901161194e-01 0.000000000000000000e+00
 5.776999950408935547e+00 1.000000014901161194e-01 0.000000000000000000e+00
 5.782499790191650391e+00 1.000000014901161194e-01 0.000000000000000000e+00
 5.788000106811523438e+00 1.000000014901161194e-01 0.000000000000000000e+00
 5.793499946594238281e+00 1.000000014901161194e-01 0.000000000000000000e+00
 5.798999786376953125e+00 1.000000014901161194e-01 0.000000000000000000e+00
 5.804500102996826172e+00 1.000000014901161194e-01 0.000000000000000000e+00
 5.809999942779541016e+00 1.000000014901161194e-01 0.000000000000000000e+00
 5.815499782562255859e+00 1.000000014901161194e-01 0.000000000000000000e+00
 5.821000099182128906e+00 1.000000014901161194e-01 0.000000000000000000e+00
 5.826499938964843750e+00 1.000000014901161194e-01 0.000000000000000000e+00
 5.831999778747558594e+00 1.000000014901161194e-01 0.000000000000000000e+00
 5.837500095367431641e+00 1.000000014901161194e-01 0.000000000000000000e+00
 5.842999935150146484e+00 1.000000014901161194e-01 0.000000000000000000e+00
 5.848499774932861328e+00 1.000000014901161194e-01 0.000000000000000000e+00
 5.854000091552734375e+00 1.000000014901161194e-01 0.000000000000000000e+00
 5.859499931335449219e+00 1.000000014901161194e-01 0.000000000000000000e+00
 5.864999771118164062e+00 1.000000014901161194e-01 0.000000000000000000e+00
 5.870500087738037109e+00 1.000000014901161194e-01 0.000000000000000000e+00
 5.875999927520751953e+00 1.000000014901161194e-01 0.000000000000000000e+00
 5.881499767303466797e+00 1.000000014901161194e-01 0.000000000000000000e+00
 5.887000083923339844e+00 1.000000014901161194e-01 0.000000000000000000e+00
 5.892499923706054688e+00 1.000000014901161194e-01 0.000000000000000000e+00
 5.897999763488769531e+00 1.000000014901161194e-01 0.000000000000000000e+00
 5.903500080108642578e+00 1.000000014901161194e-01 0.000000000000000000e+00
 5.908999919891357422e+00 1.000000014901161194e-01 0.000000000000000000e+00
 5.914500236511230469e+00 1.000000014901161194e-01 0.000000000000000000e+00
 5.920000076293945312e+00 1.000000014901161194e-01 0.000000000000000000e+00
 5.925499916076660156e+00 1.000000014901161194e-01 0.000000000000000000e+00
 5.931000232696533203e+00 1.000000014901161194e-01 0.000000000000000000e+00
 5.936500072479248047e+00 1.000000014901161194e-01 0.000000000000000000e+00
 5.941999912261962891e+00 1.000000014901161194e-01 0.000000000000000000e+00
 5.947500228881835938e+00 1.000000014901161194e-01 0.000000000000000000e+00
 5.953000068664550781e+00 1.000000014901161194e-01 0.000000000000000000e+00
 5.958499908447265625e+00 1.000000014901161194e-01 0.000000000000000000e+00
 5.964000225067138672e+00 1.000000014901161194e-01 0.000000000000000000e+00
 5.969500064849853516e+00 1.000000014901161194e-01 0.000000000000000000e+00
 5.974999904632568359e+00 1.000000014901161194e-01 0.000000000000000000e+00
 5.980500221252441406e+00 1.000000014901161194e-01 0.000000000000000000e+00
 5.986000061035156250e+00 1.000000014901161194e-01 0.000000000000000000e+00
 5.991499900817871094e+00 1.000000014901161194e-01 0.000000000000000000e+00
 5.997000217437744141e+00 1.000000014901161194e-01 0.000000000000000000e+00
 6.002500057220458984e+00 1.000000014901161194e-01 0.000000000000000000e+00
 6.007999897003173828e+00 1.000000014901161194e-01 0.000000000000000000e+00
 6.013500213623046875e+00 1.000000014901161194e-01 0.000000000000000000e+00
 6.019000053405761719e+00 1.000000014901161194e-01 0.000000000000000000e+00
 6.024499893188476562e+00 1.000000014901161194e-01 0.000000000000000000e+00
 6.030000209808349609e+00 1.000000014901161194e-01 0.000000000000000000e+00
 6.035500049591064453e+00 1.000000014901161194e-01 0.000000000000000000e+00
 6.040999889373779297e+00 1.000000014901161194e-01 0.000000000000000000e+00
 6.046500205993652344e+00 1.000000014901161194e-01 0.000000000000000000e+00
 6.052000045776367188e+00 1.000000014901161194e-01 0.000000000000000000e+00
 6.057499885559082031e+00 1.000000014901161194e-01 0.000000000000000000e+00
 6.063000202178955078e+00 1.000000014901161194e-01 0.000000000000000000e+00
 6.068500041961669922e+00 1.000000014901161194e-01 0.000000000000000000e+00
 6.073999881744384766e+00 1.000000014901161194e-01 0.000000000000000000e+00
 6.079500198364257812e+00 1.000000014901161194e-01 0.000000000000000000e+00
 6.085000038146972656e+00 1.000000014901161194e-01 0.000000000000000000e+00
 6.090499877929687500e+00 1.000000014901161194e-01 0.000000000000000000e+00
 6.096000194549560547e+00 1.000000014901161194e-01 0.000000000000000000e+00
 6.101500034332275391e+00 1.000000014901161194e-01 0.000000000000000000e+00
 6.106999874114990234e+00 1.000000014901161194e-01 0.000000000000000000e+00
 6.112500190734863281e+00 1.000000014901161194e-01 0.000000000000000000e+00
 6.118000030517578125e+00 1.000000014901161194e-01 0.000000000000000000e+00
 6.123499870300292969e+00 1.000000014901161194e-01 0.000000000000000000e+00
 6.129000186920166016e+00 1.000000014901161194e-01 0.000000000000000000e+00
 6.134500026702880859e+00 1.000000014901161194e-01 0.000000000000000000e+00
 6.139999866485595703e+00 1.000000014901161194e-01 0.000000000000000000e+00
 6.145500183105468750e+00 1.000000014901161194e-01 0.000000000000000000e+00
 6.151000022888183594e+00 1.000000014901161194e-01 0.000000000000000000e+00
 6.156499862670898438e+00 1.000000014901161194e-01 0.000000000000000000e+00
 6.162000179290771484e+00 1.000000014901161194e-01 0.000000000000000000e+00
 6.167500019073486328e+00 1.000000014901161194e-01 0.000000000000000000e+00
 6.172999858856201172e+00 1.000000014901161194e-01 0.000000000000000000e+00
 6.178500175476074219e+00 1.000000014901161194e-01 0.000000000000000000e+00
 6.184000015258789062e+00 1.000000014901161194e-01 0.000000000000000000e+00
 6.189499855041503906e+00 1.000000014901161194e-01 0.000000000000000000e+00
 6.195000171661376953e+00 1.000000014901161194e-01 0.000000000000000000e+00
 6.200500011444091797e+00 1.000000014901161194e-01 0.000000000000000000e+00
 6.205999851226806641e+00 1.000000014901161194e-01 0.000000000000000000e+00
 6.211500167846679688e+00 1.000000014901161194e-01 0.000000000000000000e+00
 6.217000007629394531e+00 1.000000014901161194e-01 0.000000000000000000e+00
 6.222499847412109375e+00 1.000000014901161194e-01 0.000000000000000000e+00
 6.228000164031982422e+00 1.000000014901161194e-01 0.000000000000000000e+00
 6.233500003814697266e+00 1.000000014901161194e-01 0.000000000000000000e+00
 6.238999843597412109e+00 1.000000014901161194e-01 0.000000000000000000e+00
 6.244500160217285156e+00 1.000000014901161194e-01 0.000000000000000000e+00
 6.250000000000000000e+00 1.000000014901161194e-01 0.000000000000000000e+00
 </DataArray>
</Points>
<Cells>
 <DataArray type="Int32" Name="connectivity" format="ascii">
 0 1 252 251
 1 2 253 252
 2 3 254 253
 3 4 255 254
 4 5 256 255
 5 6 257 256
 6 7 258 257
 7 8 259 258
 8 9 260 259
 9 10 261 260
 10 11 262 261
 11 12 263 262
 12 13 264 263
 13 14 265 264
 14 15 266 265
 15 16 267 266
 16 17 268 267
 17 18 269 268
 18 19 270 269
 19 20 271 270
 20 21 272 271
 21 22 273 272
 22 23 274 273
 23 24 275 274
 24 25 276 275
 25 26 277 276
 26 27 278 277
 27 28 279 278
 28 29 280 279
 29 30 281 280
 30 31 282 281
 31 32 283 282
 32 33 284 283
 33 34 285 284
 34 35 286 285
 35 36 287 286
 36 37 288 287
 37 38 289 288
 38 39 290 289
 39 40 291 290
 40 41 292 291
 41 42 293 292
 42 43 294 293
 43 44 295 294
 44 45 296 295
 45 46 297 296
 46 47 298 297
 47 48 299 298
 48 49 300 299
 49 50 301 300
 50 51 302 301
 51 52 303 302
 52 53 304 303
 53 54 305 304
 54 55 306 305
 55 56 307 306
 56 57 308 307
 57 58 309 308
 58 59 310 309
 59 60 311 310
 60 61 312 311
 61 62 313 312
 62 63 314 313
 63 64 315 314
 64 65 316 315
 65 66 317 316
 66 67 318 317
 67 68 319 318
 68 69 320 319
 69 70 321 320
 70 71 322 321
 71 72 323 322
 72 73 324 323
 73 74 325 324
 74 75 326 325
 75 76 327 326
 76 77 328 327
 77 78 329 328
 78 79 330 329
 79 80 331 330
 80 81 332 331
 81 82 333 332
 82 83 334 333
 83 84 335 334
 84 85 336 335
 85 86 337 336
 86 87 338 337
 87 88 339 338
 88 89 340 339
 89 90 341 340
 90 91 342 341
 91 92 343 342
 92 93 344 343
 93 94 345 344
 94 95 346 345
 95 96 347 346
 96 97 348 347
 97 98 349 348
 98 99 350 349
 99 100 351 350
 100 101 352 351
 101 102 353 352
 102 103 354 353
 103 104 355 354
 104 105 356 355
 105 106 357 356
 106 107 358 357
 107 108 359 358
 108 109 360 359
 109 110 361 360
 110 111 362 361
 111 112 363 362
 112 113 364 363
 113 114 365 364
 114 115 366 365
 115 116 367 366
 116 117 368 367
 117 118 369 368
 118 119 370 369
 119 120 371 370
 120 121 372 371
 121 122 373 372
 122 123 374 373
 123 124 375 374
 124 125 376 375
 125 126 377 376
 126 127 378 377
 127 128 379 378
 128 129 380 379
 129 130 381 380
 130 131 382 381
 131 132 383 382
 132 133 384 383
 133 134 385 384
 134 135 386 385
 135 136 387 386
 136 137 388 387
 137 138 389 388
 138 139 390 389
 139 140 391 390
 140 141 392 391
 141 142 393 392
 142 143 394 393
 143 144 395 394
 144 145 396 395
 145 146 397 396
 146 147 398 397
 147 148 399 398
 148 149 400 399
 149 150 401 400
 150 151 402 401
 151 152 403 402
 152 153 404 403
 153 154 405 404
 154 155 406 405
 155 156 407 406
 156 157 408 407
 157 158 409 408
 158 159 410 409
 159 160 411 410
 160 161 412 411
 161 162 413 412
 162 163 414 413
 163 164 415 414
 164 165 416 415
 165 166 417 416
 166 167 418 417
 167 168 419 418
 168 169 420 419
 169 170 421 420
 170 171 422 421
 171 172 423 422
 172 173 424 423
 173 174 425 424
 174 175 426 425
 175 176 427 426
 176 177 428 427
 177 178 429 428
 178 179 430 429
 179 180 431 430
 180 181 432 431
 181 182 433 432
 182 183 434 433
 183 184 435 434
 184 185 436 435
 185 186 437 436
 186 187 438 437
 187 188 439 438
 188 189 440 439
 189 190 441 440
 190 191 442 441
 191 192 443 442
 192 193 444 443
 193 194 445 444
 194 195 446 445
 195 196 447 446
 196 197 448 447
 197 198 449 448
 198 199 450 449
 199 200 451 450
 200 201 452 451
 201 202 453 452
 202 203 454 453
 203 204 455 454
 204 205 456 455
 205 206 457 456
 206 207 458 457
 207 208 459 458
 208 209 460 459
 209 210 461 460
 210 211 462 461
 211 212 463 462
 212 213 464 463
 213 214 465 464
 214 215 466 465
 215 216 467 466
 216 217 468 467
 217 218 469 468
 218 219 470 469
 219 220 471 470
 220 221 472 471
 221 222 473 472
 222 223 474 473
 223 224 475 474
 224 225 476 475
 225 226 477 476
 226 227 478 477
 227 228 479 478
 228 229 480 479
 229 230 481 480
 230 231 482 481
 231 232 483 482
 232 233 484 483
 233 234 485 484
 234 235 486 485
 235 236 487 486
 236 237 488 487
 237 238 489 488
 238 239 490 489
 239 240 491 490
 240 241 492 491
 241 242 493 492
 242 243 494 493
 243 244 495 494
 244 245 496 495
 245 246 497 496
 246 247 498 497
 247 248 499 498
 248 249 500 499
 249 250 501 500
 251 252 503 502
 252 253 504 503
 253 254 505 504
 254 255 506 505
 255 256 507 506
 256 257 508 507
 257 258 509 508
 258 259 510 509
 259 260 511 510
 260 261 512 511
 261 262 513 512
 262 263 514 513
 263 264 515 514
 264 265 516 515
 265 266 517 516
 266 267 518 517
 267 268 519 518
 268 269 520 519
 269 270 521 520
 270 271 522 521
 271 272 523 522
 272 273 524 523
 273 274 525 524
 274 275 526 525
 275 276 527 526
 276 277 528 527
 277 278 529 528
 278 279 530 529
 279 280 531 530
 280 281 532 531
 281 282 533 532
 282 283 534 533
 283 284 535 534
 284 285 536 535
 285 286 537 536
 286 287 538 537
 287 288 539 538
 288 289 540 539
 289 290 541 540
 290 291 542 541
 291 292 543 542
 292 293 544 543
 293 294 545 544
 294 295 546 545
 295 296 547 546
 296 297 548 547
 297 298 549 548
 298 299 550 549
 299 300 551 550
 300 301 552 551
 301 302 553 552
 302 303 554 553
 303 304 555 554
 304 305 556 555
 305 306 557 556
 306 307 558 557
 307 308 559 558
 308 309 560 559
 309 310 561 560
 310 311 562 561
 311 312 563 562
 312 313 564 563
 313 314 565 564
 314 315 566 565
 315 316 567 566
 316 317 568 567
 317 318 569 568
 318 319 570 569
 319 320 571 570
 320 321 572 571
 321 322 573 572
 322 323 574 573
 323 324 575 574
 324 325 576 575
 325 326 577 576
 326 327 578 577
 327 328 579 578
 328 329 580 579
 329 330 581 580
 330 331 582 581
 331 332 583 582
 332 333 584 583
 333 334 585 584
 334 335 586 585
 335 336 587 586
 336 337 588 587
 337 338 589 588
 338 339 590 589
 339 340 591 590
 340 341 592 591
 341 342 593 592
 342 343 594 593
 343 344 595 594
 344 345 596 595
 345 346 597 596
 346 347 598 597
 347 348 599 598
 348 349 600 599
 349 350 601 600
 350 351 602 601
 351 352 603 602
 352 353 604 603
 353 354 605 604
 354 355 606 605
 355 356 607 606
 356 357 608 607
 357 358 609 608
 358 359 610 609
 359 360 611 610
 360 361 612 611
 361 362 613 612
 362 363 614 613
 363 364 615 614
 364 365 616 615
 365 366 617 616
 366 367 618 617
 367 368 619 618
 368 369 620 619
 369 370 621 620
 370 371 622 621
 371 372 623 622
 372 373 624 623
 373 374 625 624
 374 375 626 625
 375 376 627 626
 376 377 628 627
 377 378 629 628
 378 379 630 629
 379 380 631 630
 380 381 632 631
 381 382 633 632
 382 383 634 633
 383 384 635 634
 384 385 636 635
 385 386 637 636
 386 387 638 637
 387 388 639 638
 388 389 640 639
 389 390 641 640
 390 391 642 641
 391 392 643 642
 392 393 644 643
 393 394 645 644
 394 395 646 645
 395 396 647 646
 396 397 648 647
 397 398 649 648
 398 399 650 649
 399 400 651 650
 400 401 652 651
 401 402 653 652
 402 403 654 653
 403 404 655 654
 404 405 656 655
 405 406 657 656
 406 407 658 657
 407 408 659 658
 408 409 660 659
 409 410 661 660
 410 411 662 661
 411 412 663 662
 412 413 664 663
 413 414 665 664
 414 415 666 665
 415 416 667 666
 416 417 668 667
 417 418 669 668
 418 419 670 669
 419 420 671 670
 420 421 672 671
 421 422 673 672
 422 423 674 673
 423 424 675 674
 424 425 676 675
 425 426 677 676
 426 427 678 677
 427 428 679 678
 428 429 680 679
 429 430 681 680
 430 431 682 681
 431 432 683 682
 432 433 684 683
 433 434 685 684
 434 435 686 685
 435 436 687 686
 436 437 688 687
 437 438 689 688
 438 439 690 689
 439 440 691 690
 440 441 692 691
 441 442 693 692
 442 443 694 693
 443 444 695 694
 444 445 696 695
 445 446 697 696
 446 447 698 697
 447 448 699 698
 448 449 700 699
 449 450 701 700
 450 451 702 701
 451 452 703 702
 452 453 704 703
 453 454 705 704
 454 455 706 705
 455 456 707 706
 456 457 708 707
 457 458 709 708
 458 459 710 709
 459 460 711 710
 460 461 712 711
 461 462 713 712
 462 463 714 713
 463 464 715 714
 464 465 716 715
 465 466 717 716
 466 467 718 717
 467 468 719 718
 468 469 720 719
 469 470 721 720
 470 471 722 721
 471 472 723 722
 472 473 724 723
 473 474 725 724
 474 475 726 725
 475 476 727 726
 476 477 728 727
 477 478 729 728
 478 479 730 729
 479 480 731 730
 480 481 732 731
 481 482 733 732
 482 483 734 733
 483 484 735 734
 484 485 736 735
 485 486 737 736
 486 487 738 737
 487 488 739 738
 488 489 740 739
 489 490 741 740
 490 491 742 741
 491 492 743 742
 492 493 744 743
 493 494 745 744
 494 495 746 745
 495 496 747 746
 496 497 748 747
 497 498 749 748
 498 499 750 749
 499 500 751 750
 500 501 752 751
 </DataArray>
 <DataArray type="Int32" Name="offsets" format="ascii">
 4
 8
 12
 16
 20
 24
 28
 32
 36
 40
 44
 48
 52
 56
 60
 64
 68
 72
 76
 80
 84
 88
 92
 96
 100
 104
 108
 112
 116
 120
 124
 128
 132
 136
 140
 144
 148
 152
 156
 160
 164
 168
 172
 176
 180
 184
 188
 192
 196
 200
 204
 208
 212
 216
 220
 224
 228
 232
 236
 240
 244
 248
 252
 256
 260
 264
 268
 272
 276
 280
 284
 288
 292
 296
 300
 304
 308
 312
 316
 320
 324
 328
 332
 336
 340
 344
 348
 352
 356
 360
 364
 368
 372
 376
 380
 384
 388
 392
 396
 400
 404
 408
 412
 416
 420
 424
 428
 432
 436
 440
 444
 448
 452
 456
 460
 464
 468
 472
 476
 480
 484
 488
 492
 496
 500
 504
 508
 512
 516
 520
 524
 528
 532
 536
 540
 544
 548
 552
 556
 560
 564
 568
 572
 576
 580
 584
 588
 592
 596
 600
 604
 608
 612
 616
 620
 624
 628
 632
 636
 640
 644
 648
 652
 656
 660
 664
 668
 672
 676
 680
 684
 688
 692
 696
 700
 704
 708
 712
 716
 720
 724
 728
 732
 736
 740
 744
 748
 752
 756
 760
 764
 768
 772
 776
 780
 784
 788
 792
 796
 800
 804
 808
 812
 816
 820
 824
 828
 832
 836
 840
 844
 848
 852
 856
 860
 864
 868
 872
 876
 880
 884
 888
 892
 896
 900
 904
 908
 912
 916
 920
 924
 928
 932
 936
 940
 944
 948
 952
 956
 960
 964
 968
 972
 976
 980
 984
 988
 992
 996
 1000
 1004
 1008
 1012
 1016
 1020
 1024
 1028
 1032
 1036
 1040
 1044
 1048
 1052
 1056
 1060
 1064
 1068
 1072
 1076
 1080
 1084
 1088
 1092
 1096
 1100
 1104
 1108
 1112
 1116
 1120
 1124
 1128
 1132
 1136
 1140
 1144
 1148
 1152
 1156
 1160
 1164
 1168
 1172
 1176
 1180
 1184
 1188
 1192
 1196
 1200
 1204
 1208
 1212
 1216
 1220
 1224
 1228
 1232
 1236
 1240
 1244
 1248
 1252
 1256
 1260
 1264
 1268
 1272
 1276
 1280
 1284
 1288
 1292
 1296
 1300
 1304
 1308
 1312
 1316
 1320
 1324
 1328
 1332
 1336
 1340
 1344
 1348
 1352
 1356
 1360
 1364
 1368
 1372
 1376
 1380
 1384
 1388
 1392
 1396
 1400
 1404
 1408
 1412
 1416
 1420
 1424
 1428
 1432
 1436
 1440
 1444
 1448
 1452
 1456
 1460
 1464
 1468
 1472
 1476
 1480
 1484
 1488
 1492
 1496
 1500
 1504
 1508
 1512
 1516
 1520
 1524
 1528
 1532
 1536
 1540
 1544
 1548
 1552
 1556
 1560
 1564
 1568
 1572
 1576
 1580
 1584
 1588
 1592
 1596
 1600
 1604
 1608
 1612
 1616
 1620
 1624
 1628
 1632
 1636
 1640
 1644
 1648
 1652
 1656
 1660
 1664
 1668
 1672
 1676
 1680
 1684
 1688
 1692
 1696
 1700
 1704
 1708
 1712
 1716
 1720
 1724
 1728
 1732
 1736
 1740
 1744
 1748
 1752
 1756
 1760
 1764
 1768
 1772
 1776
 1780
 1784
 1788
 1792
 1796
 1800
 1804
 1808
 1812
 1816
 1820
 1824
 1828
 1832
 1836
 1840
 1844
 1848
 1852
 1856
 1860
 1864
 1868
 1872
 1876
 1880
 1884
 1888
 1892
 1896
 1900
 1904
 1908
 1912
 1916
 1920
 1924
 1928
 1932
 1936
 1940
 1944
 1948
 1952
 1956
 1960
 1964
 1968
 1972
 1976
 1980
 1984
 1988
 1992
 1996
 2000
 </DataArray>
 <DataArray type="UInt8" Name="types" format="ascii">
 9
 9
 9
 9
 9
 9
 9
 9
 9
 9
 9
 9
 9
 9
 9
 9
 9
 9
 9
 9
 9
 9
 9
 9
 9
 9
 9
 9
 9
 9
 9
 9
 9
 9
 9
 9
 9
 9
 9
 9
 9
 9
 9
 9
 9
 9
 9
 9
 9
 9
 9
 9
 9
 9
 9
 9
 9
 9
 9
 9
 9
 9
 9
 9
 9
 9
 9
 9
 9
 9
 9
 9
 9
 9
 9
 9
 9
 9
 9
 9
 9
 9
 9
 9
 9
 9
 9
 9
 9
 9
 9
 9
 9
 9
 9
 9
 9
 9
 9
 9
 9
 9
 9
 9
 9
 9
 9
 9
 9
 9
 9
 9
 9
 9
 9
 9
 9
 9
 9
 9
 9
 9
 9
 9
 9
 9
 9
 9
 9
 9
 9
 9
 9
 9
 9
 9
 9
 9
 9
 9
 9
 9
 9
 9
 9
 9
 9
 9
 9
 9
 9
 9
 9
 9
 9
 9
 9
 9
 9
 9
 9
 9
 9
 9
 9
 9
 9
 9
 9
 9
 9
 9
 9
 9
 9
 9
 9
 9
 9
 9
 9
 9
 9
 9
 9
 9
 9
 9
 9
 9
 9
 9
 9
 9
 9
 9
 9
 9
 9
 9
 9
 9
 9
 9
 9
 9
 9
 9
 9
 9
 9
 9
 9
 9
 9
 9
 9
 9
 9
 9
 9
 9
 9
 9
 9
 9
 9
 9
 9
 9
 9
 9
 9
 9
 9
 9
 9
 9
 9
 9
 9
 9
 9
 9
 9
 9
 9
 9
 9
 9
 9
 9
 9
 9
 9
 9
 9
 9
 9
 9
 9
 9
 9
 9
 9
 9
 9
 9
 9
 9
 9
 9
 9
 9
 9
 9
 9
 9
 9
 9
 9
 9
 9
 9
 9
 9
 9
 9
 9
 9
 9
 9
 9
 9
 9
 9
 9
 9
 9
 9
 9
 9
 9
 9
 9
 9
 9
 9
 9
 9
 9
 9
 9
 9
 9
 9
 9
 9
 9
 9
 9
 9
 9
 9
 9
 9
 9
 9
 9
 9
 9
 9
 9
 9
 9
 9
 9
 9
 9
 9
 9
 9
 9
 9
 9
 9
 9
 9
 9
 9
 9
 9
 9
 9
 9
 9
 9
 9
 9
 9
 9
 9
 9
 9
 9
 9
 9
 9
 9
 9
 9
 9
 9
 9
 9
 9
 9
 9
 9
 9
 9
 9
 9
 9
 9
 9
 9
 9
 9
 9
 9
 9
 9
 9
 9
 9
 9
 9
 9
 9
 9
 9
 9
 9
 9
 9
 9
 9
 9
 9
 9
 9
 9
 9
 9
 9
 9
 9
 9
 9
 9
 9
 9
 9
 9
 9
 9
 9
 9
 9
 9
 9
 9
 9
 9
 9
 9
 9
 9
 9
 9
 9
 9
 9
 9
 9
 9
 9
 9
 9
 9
 9
 9
 9
 9
 9
 9
 9
 9
 9
 9
 9
 9
 9
 9
 9
 9
 9
 9
 9
 9
 9
 9
 9
 9
 9
 9
 9
 9
 9
 9
 9
 9
 9
 9
 9
 9
 9
 9
 9
 9
 9
 9
 9
 9
 9
 9
 9
 9
 9
 </DataArray>
</Cells>
<CellData>
 <DataArray Name="pos.x" type="Float32" NumberOfComponents="1" format="ascii">
 4.877750000000007802e+00
 4.883250000000133539e+00
 4.888750000000440465e+00
 4.894249999999761513e+00
 4.899750000000066663e+00
 4.905249999999475641e+00
 4.910750000000456694e+00
 4.916249999999513065e+00
 4.921749999999710745e+00
 4.927250000000405805e+00
 4.932750000000289070e+00
 4.938250000000236284e+00
 4.943750000000105338e+00
 4.949249999999554284e+00
 4.954750000000385235e+00
 4.960249999999374992e+00
 4.965750000000511477e+00
 4.971249999999345803e+00
 4.976750000000137675e+00
 4.982250000000481016e+00
 4.987750000000101380e+00
 4.993250000000180044e+00
 4.998749999999859028e+00
 5.004249999999873744e+00
 5.009750000000360082e+00
 5.015249999999909392e+00
 5.020749999999303270e+00
 5.026250000000347384e+00
 5.031750000000357659e+00
 5.037249999999558803e+00
 5.042750000000254751e+00
 5.048249999999722348e+00
 5.053749999999669562e+00
 5.059249999999616776e+00
 5.064749999999833996e+00
 5.070250000000804391e+00
 5.075750000000970097e+00
 5.081249999998700417e+00
 5.086750000000819227e+00
 5.092250000000378307e+00
 5.097750000000056403e+00
 5.103249999999196262e+00
 5.108749999999905533e+00
 5.114249999999672447e+00
 5.119750000000835577e+00
 5.125249999999524242e+00
 5.130750000000237954e+00
 5.136250000000226024e+00
 5.141749999999327692e+00
 5.147250000000928694e+00
 5.152749999998992081e+00
 5.158250000000518476e+00
 5.163749999999424745e+00
 5.169250000000448431e+00
 5.174750000001107075e+00
 5.180249999998789434e+00
 5.185750000000500570e+00
 5.191249999999699938e+00
 5.196749999999916270e+00
 5.202249999999595254e+00
 5.207750000000324064e+00
 5.213250000000027917e+00
 5.218750000000221156e+00
 5.224249999999922345e+00
 5.229750000000656485e+00
 5.235249999999817661e+00
 5.240749999999495756e+00
 5.246250000000232561e+00
 5.251749999999912433e+00
 5.257250000000159851e+00
 5.262749999999794426e+00
 5.268250000000040068e+00
 5.273749999999718163e+00
 5.279250000000462073e+00
 5.284750000000141057e+00
 5.290249999999836916e+00
 5.295749999999499913e+00
 5.301249999999724238e+00
 5.306750000000473477e+00
 5.312250000000156902e+00
 5.317750000000367017e+00
 5.323250000000053106e+00
 5.328750000000267661e+00
 5.334249999999946645e+00
 5.339750000000162977e+00
 5.345249999999303725e+00
 5.350750000000065398e+00
 5.356249999999726619e+00
 5.361749999999964267e+00
 5.367250000000714394e+00
 5.372749999999309800e+00
 5.378250000000602604e+00
 5.383749999999752234e+00
 5.389249999999958796e+00
 5.394749999999636891e+00
 5.400249999999854111e+00
 5.405750000000084654e+00
 5.411250000000286775e+00
 5.416749999999426635e+00
 5.422250000000199854e+00
 5.427750000000435726e+00
 5.433249999999496538e+00
 5.438750000000335483e+00
 5.444249999999432710e+00
 5.449750000000187278e+00
 5.455249999999890242e+00
 5.460750000000646587e+00
 5.466249999999733156e+00
 5.471750000000571212e+00
 5.477249999999655117e+00
 5.482750000000439883e+00
 5.488250000000088669e+00
 5.493749999998722267e+00
 5.499249999999948457e+00
 5.504750000000234067e+00
 5.510250000000452175e+00
 5.515750000000094744e+00
 5.521249999999772839e+00
 5.526750000000067331e+00
 5.532250000000164647e+00
 5.537749999999925343e+00
 5.543250000000680799e+00
 5.548749999999778915e+00
 5.554249999999457010e+00
 5.559750000000796000e+00
 5.565249999999889674e+00
 5.570750000000154856e+00
 5.576250000000323226e+00
 5.581750000000051060e+00
 5.587249999999679417e+00
 5.592749999999895749e+00
 5.598249999999574733e+00
 5.603750000000438547e+00
 5.609249999998819014e+00
 5.614750000000932495e+00
 5.620249999999901824e+00
 5.625750000000119044e+00
 5.631250000000394884e+00
 5.636749999998398764e+00
 5.642250000001306276e+00
 5.647749999999433612e+00
 5.653249999999586883e+00
 5.658750000000407177e+00
 5.664250000000019547e+00
 5.669750000000371770e+00
 5.675250000000382933e+00
 5.680749999999662236e+00
 5.686249999999271054e+00
 5.691749999999487386e+00
 5.697250000000241954e+00
 5.702750000001758579e+00
 5.708249999999446267e+00
 5.713750000001045493e+00
 5.719250000000109857e+00
 5.724749999999709793e+00
 5.730250000000464361e+00
 5.735749999998527748e+00
 5.741250000000441389e+00
 5.746750000000037772e+00
 5.752249999999715868e+00
 5.757750000000556589e+00
 5.763250000000322615e+00
 5.768749999998574296e+00
 5.774249999999683247e+00
 5.779750000000260179e+00
 5.785250000000476511e+00
 5.790750000000246978e+00
 5.796249999999926850e+00
 5.801749999999953999e+00
 5.807249999999918977e+00
 5.812749999999944350e+00
 5.818250000000797506e+00
 5.823749999999839666e+00
 5.829249999999617238e+00
 5.834749999999631953e+00
 5.840249999999514330e+00
 5.845750000001347146e+00
 5.851249999999845741e+00
 5.856749999999523837e+00
 5.862249999999953332e+00
 5.867749999999848143e+00
 5.873249999999743842e+00
 5.878750000000500187e+00
 5.884250000000068148e+00
 5.889749999999746244e+00
 5.895250000000076263e+00
 5.900749999999640671e+00
 5.906250000000511591e+00
 5.911750000000612459e+00
 5.917249999999332211e+00
 5.922750000000506887e+00
 5.928249999999108510e+00
 5.933749999999325730e+00
 5.939250000000862784e+00
 5.944749999998434120e+00
 5.950250000000886885e+00
 5.955749999999652822e+00
 5.961250000000946514e+00
 5.966750000000214271e+00
 5.972249999998149761e+00
 5.977750000001057273e+00
 5.983249999999252111e+00
 5.988750000000414353e+00
 5.994249999999687439e+00
 5.999750000000308781e+00
 6.005249999999584531e+00
 6.010750000001280569e+00
 6.016249999998266595e+00
 6.021750000000237080e+00
 6.027250000000314856e+00
 6.032749999999992951e+00
 6.038250000001174733e+00
 6.043749999999062261e+00
 6.049250000000931493e+00
 6.054749999999244459e+00
 6.060249999999460790e+00
 6.065749999999677122e+00
 6.071250000000580904e+00
 6.076750000000110674e+00
 6.082249999999939760e+00
 6.087750000000005102e+00
 6.093250000000913325e+00
 6.098749999998823057e+00
 6.104250000000116749e+00
 6.109750000001027637e+00
 6.115249999999092800e+00
 6.120750000001144109e+00
 6.126250000000764473e+00
 6.131749999999046352e+00
 6.137250000000339156e+00
 6.142750000000718913e+00
 6.148250000000397897e+00
 6.153749999999207354e+00
 6.159249999999756753e+00
 6.164749999999268759e+00
 6.170250000001268553e+00
 6.175749999999163187e+00
 6.181250000001337064e+00
 6.186749999999422656e+00
 6.192249999999448029e+00
 6.197750000000741721e+00
 6.203250000000245734e+00
 6.208749999999923830e+00
 6.214250000000496321e+00
 6.219749999998922085e+00
 6.225250000000395190e+00
 6.230750000000432998e+00
 6.236249999998853433e+00
 6.241750000000147125e+00
 6.247250000000009074e+00
 4.877750000000007802e+00
 4.883250000000133539e+00
 4.888750000000440465e+00
 4.894249999999761513e+00
 4.899750000000066663e+00
 4.905249999999475641e+00
 4.910750000000456694e+00
 4.916249999999513065e+00
 4.921749999999710745e+00
 4.927250000000405805e+00
 4.932750000000289070e+00
 4.938250000000236284e+00
 4.943750000000105338e+00
 4.949249999999554284e+00
 4.954750000000385235e+00
 4.960249999999374992e+00
 4.965750000000511477e+00
 4.971249999999345803e+00
 4.976750000000137675e+00
 4.982250000000481016e+00
 4.987750000000101380e+00
 4.993250000000180044e+00
 4.998749999999859028e+00
 5.004249999999873744e+00
 5.009750000000360082e+00
 5.015249999999909392e+00
 5.020749999999303270e+00
 5.026250000000347384e+00
 5.031750000000626777e+00
 5.037249999999827921e+00
 5.042750000000254751e+00
 5.048249999999722348e+00
 5.053749999999669562e+00
 5.059249999999616776e+00
 5.064749999999295760e+00
 5.070250000000266155e+00
 5.075750000000970097e+00
 5.081249999998700417e+00
 5.086750000000819227e+00
 5.092250000000378307e+00
 5.097750000000056403e+00
 5.103249999999196262e+00
 5.108749999999905533e+00
 5.114249999999672447e+00
 5.119750000000835577e+00
 5.125249999999524242e+00
 5.130750000000237954e+00
 5.136250000000226024e+00
 5.141749999999327692e+00
 5.147250000000928694e+00
 5.152749999998992081e+00
 5.158250000000518476e+00
 5.163749999999424745e+00
 5.169250000000448431e+00
 5.174750000001107075e+00
 5.180249999998789434e+00
 5.185750000000500570e+00
 5.191249999999699938e+00
 5.196749999999916270e+00
 5.202249999999595254e+00
 5.207750000000324064e+00
 5.213250000000027917e+00
 5.218750000000221156e+00
 5.224249999999922345e+00
 5.229750000000656485e+00
 5.235249999999817661e+00
 5.240749999999495756e+00
 5.246250000000232561e+00
 5.251749999999912433e+00
 5.257250000000159851e+00
 5.262749999999794426e+00
 5.268250000000040068e+00
 5.273749999999718163e+00
 5.279250000000462073e+00
 5.284750000000141057e+00
 5.290249999999836916e+00
 5.295749999999499913e+00
 5.301249999999724238e+00
 5.306750000000473477e+00
 5.312250000000156902e+00
 5.317750000000367017e+00
 5.323250000000053106e+00
 5.328750000000267661e+00
 5.334249999999946645e+00
 5.339750000000162977e+00
 5.345249999999303725e+00
 5.350750000000065398e+00
 5.356249999999726619e+00
 5.361749999999964267e+00
 5.367250000000714394e+00
 5.372749999999309800e+00
 5.378250000000602604e+00
 5.383749999999752234e+00
 5.389249999999958796e+00
 5.394749999999636891e+00
 5.400249999999854111e+00
 5.405750000000084654e+00
 5.411250000000286775e+00
 5.416749999999426635e+00
 5.422250000000199854e+00
 5.427750000000435726e+00
 5.433249999999496538e+00
 5.438750000000335483e+00
 5.444249999999432710e+00
 5.449750000000187278e+00
 5.455249999999890242e+00
 5.460750000000646587e+00
 5.466249999999733156e+00
 5.471750000000571212e+00
 5.477249999999655117e+00
 5.482750000000439883e+00
 5.488250000000088669e+00
 5.493749999998722267e+00
 5.499249999999948457e+00
 5.504750000000234067e+00
 5.510250000000452175e+00
 5.515750000000094744e+00
 5.521249999999772839e+00
 5.526750000000067331e+00
 5.532250000000164647e+00
 5.537749999999925343e+00
 5.543250000000142563e+00
 5.548749999999240679e+00
 5.554249999999457010e+00
 5.559750000000796000e+00
 5.565249999999889674e+00
 5.570750000000154856e+00
 5.576250000000323226e+00
 5.581750000000051060e+00
 5.587249999999679417e+00
 5.592749999999895749e+00
 5.598249999999574733e+00
 5.603750000000438547e+00
 5.609249999999357250e+00
 5.614750000001470731e+00
 5.620249999999901824e+00
 5.625750000000119044e+00
 5.631250000000394884e+00
 5.636749999998398764e+00
 5.642250000001306276e+00
 5.647749999999433612e+00
 5.653249999999586883e+00
 5.658750000000407177e+00
 5.664250000000019547e+00
 5.669750000000371770e+00
 5.675250000000382933e+00
 5.680749999999662236e+00
 5.686249999999271054e+00
 5.691749999999487386e+00
 5.697250000000241954e+00
 5.702750000001220343e+00
 5.708249999998908031e+00
 5.713750000001045493e+00
 5.719249999999571621e+00
 5.724749999999171557e+00
 5.730250000000464361e+00
 5.735749999998527748e+00
 5.741250000000441389e+00
 5.746750000000037772e+00
 5.752249999999715868e+00
 5.757750000000556589e+00
 5.763250000000322615e+00
 5.768749999999112532e+00
 5.774250000000221483e+00
 5.779750000000260179e+00
 5.785250000000476511e+00
 5.790750000000246978e+00
 5.796249999999926850e+00
 5.801749999999953999e+00
 5.807249999999918977e+00
 5.812749999999944350e+00
 5.818250000000797506e+00
 5.823749999999839666e+00
 5.829249999999617238e+00
 5.834749999999631953e+00
 5.840249999999514330e+00
 5.845750000001347146e+00
 5.851249999999845741e+00
 5.856749999999523837e+00
 5.862249999999953332e+00
 5.867749999999848143e+00
 5.873249999999743842e+00
 5.878750000000500187e+00
 5.884250000000068148e+00
 5.889749999999746244e+00
 5.895250000000076263e+00
 5.900749999999640671e+00
 5.906250000000511591e+00
 5.911750000000612459e+00
 5.917249999999332211e+00
 5.922750000000506887e+00
 5.928249999999646747e+00
 5.933749999999863967e+00
 5.939250000000862784e+00
 5.944749999998972356e+00
 5.950250000001425121e+00
 5.955749999999652822e+00
 5.961250000000946514e+00
 5.966750000000214271e+00
 5.972249999998149761e+00
 5.977750000001057273e+00
 5.983249999999252111e+00
 5.988750000000414353e+00
 5.994249999999687439e+00
 5.999750000000308781e+00
 6.005249999999584531e+00
 6.010750000001280569e+00
 6.016249999998266595e+00
 6.021750000000237080e+00
 6.027250000000314856e+00
 6.032749999999992951e+00
 6.038250000001174733e+00
 6.043749999999062261e+00
 6.049250000000931493e+00
 6.054749999999244459e+00
 6.060249999999460790e+00
 6.065749999999677122e+00
 6.071250000000580904e+00
 6.076750000000110674e+00
 6.082249999999939760e+00
 6.087750000000005102e+00
 6.093250000000913325e+00
 6.098749999998823057e+00
 6.104249999999578513e+00
 6.109750000000489401e+00
 6.115249999999092800e+00
 6.120750000000067637e+00
 6.126249999999688001e+00
 6.131749999999046352e+00
 6.137250000000339156e+00
 6.142750000000718913e+00
 6.148250000000397897e+00
 6.153749999999207354e+00
 6.159249999999756753e+00
 6.164749999999268759e+00
 6.170250000001268553e+00
 6.175749999999163187e+00
 6.181250000001337064e+00
 6.186749999999422656e+00
 6.192249999999448029e+00
 6.197750000000741721e+00
 6.203250000000245734e+00
 6.208749999999923830e+00
 6.214249999999958085e+00
 6.219749999998383849e+00
 6.225250000000395190e+00
 6.230750000001509470e+00
 6.236249999999929905e+00
 6.241750000000147125e+00
 6.247250000000009074e+00
 </DataArray>
 <DataArray Name="pos.y" type="Float32" NumberOfComponents="1" format="ascii">
 2.500000000000000833e-02
 2.500000000000101794e-02
 2.500000000000000833e-02
 2.500000000000101794e-02
 2.500000000000000833e-02
 2.499999999999866218e-02
 2.499999999999984179e-02
 2.499999999999950526e-02
 2.499999999999916178e-02
 2.500000000000185407e-02
 2.500000000000000833e-02
 2.500000000000000833e-02
 2.500000000000101794e-02
 2.499999999999849565e-02
 2.500000000000151754e-02
 2.499999999999950526e-02
 2.500000000000000833e-02
 2.499999999999849565e-02
 2.500000000000000833e-02
 2.500000000000202754e-02
 2.499999999999899525e-02
 2.500000000000101794e-02
 2.500000000000101794e-02
 2.500000000000000833e-02
 2.500000000000000833e-02
 2.499999999999933178e-02
 2.499999999999663949e-02
 2.500000000000202754e-02
 2.500000000000236408e-02
 2.499999999999866218e-02
 2.500000000000101794e-02
 2.500000000000000833e-02
 2.499999999999597336e-02
 2.500000000000000833e-02
 2.499999999999866218e-02
 2.500000000000236408e-02
 2.500000000000202754e-02
 2.499999999999663949e-02
 2.500000000000437983e-02
 2.500000000000000833e-02
 2.500000000000000833e-02
 2.499999999999597336e-02
 2.500000000000101794e-02
 2.499999999999899525e-02
 2.500000000000202754e-02
 2.500000000000000833e-02
 2.500000000000101794e-02
 2.500000000000000833e-02
 2.499999999999697950e-02
 2.500000000000404676e-02
 2.499999999999597336e-02
 2.500000000000101794e-02
 2.500000000000000833e-02
 2.500000000000000833e-02
 2.500000000000437983e-02
 2.499999999999663949e-02
 2.500000000000202754e-02
 2.499999999999731951e-02
 2.499999999999866218e-02
 2.500000000000000833e-02
 2.500000000000101794e-02
 2.500000000000000833e-02
 2.500000000000101794e-02
 2.500000000000000833e-02
 2.500000000000101794e-02
 2.500000000000000833e-02
 2.499999999999866218e-02
 2.500000000000236408e-02
 2.499999999999697950e-02
 2.500000000000168407e-02
 2.499999999999933178e-02
 2.500000000000000833e-02
 2.500000000000000833e-02
 2.500000000000101794e-02
 2.500000000000101794e-02
 2.499999999999899525e-02
 2.499999999999697950e-02
 2.500000000000000833e-02
 2.500000000000101794e-02
 2.500000000000000833e-02
 2.500000000000202754e-02
 2.499999999999899525e-02
 2.500000000000101794e-02
 2.500000000000101794e-02
 2.500000000000000833e-02
 2.500000000000000833e-02
 2.499999999999933178e-02
 2.499999999999663949e-02
 2.500000000000202754e-02
 2.500000000000236408e-02
 2.499999999999866218e-02
 2.500000000000000833e-02
 2.500000000000101794e-02
 2.500000000000000833e-02
 2.499999999999597336e-02
 2.500000000000000833e-02
 2.500000000000101794e-02
 2.500000000000000833e-02
 2.499999999999866218e-02
 2.500000000000236408e-02
 2.500000000000202754e-02
 2.499999999999663949e-02
 2.499999999999933178e-02
 2.500000000000000833e-02
 2.500000000000000833e-02
 2.500000000000101794e-02
 2.500000000000101794e-02
 2.499999999999899525e-02
 2.500000000000202754e-02
 2.500000000000000833e-02
 2.500000000000101794e-02
 2.500000000000000833e-02
 2.499999999999697950e-02
 2.499999999999899525e-02
 2.500000000000101794e-02
 2.500000000000101794e-02
 2.500000000000000833e-02
 2.500000000000000833e-02
 2.499999999999933178e-02
 2.500000000000168407e-02
 2.499999999999697950e-02
 2.500000000000236408e-02
 2.499999999999866218e-02
 2.500000000000000833e-02
 2.500000000000101794e-02
 2.500000000000000833e-02
 2.500000000000101794e-02
 2.500000000000000833e-02
 2.500000000000101794e-02
 2.500000000000000833e-02
 2.499999999999866218e-02
 2.499999999999731951e-02
 2.500000000000202754e-02
 2.499999999999663949e-02
 2.500000000000437983e-02
 2.500000000000000833e-02
 2.500000000000000833e-02
 2.500000000000101794e-02
 2.499999999999597336e-02
 2.500000000000404676e-02
 2.499999999999697950e-02
 2.500000000000000833e-02
 2.500000000000101794e-02
 2.500000000000000833e-02
 2.500000000000202754e-02
 2.499999999999899525e-02
 2.500000000000101794e-02
 2.499999999999597336e-02
 2.500000000000000833e-02
 2.500000000000000833e-02
 2.500000000000437983e-02
 2.499999999999663949e-02
 2.500000000000202754e-02
 2.500000000000236408e-02
 2.499999999999866218e-02
 2.500000000000000833e-02
 2.499999999999597336e-02
 2.500000000000101794e-02
 2.500000000000000833e-02
 2.499999999999866218e-02
 2.500000000000236408e-02
 2.500000000000202754e-02
 2.499999999999663949e-02
 2.499999999999933178e-02
 2.500000000000000833e-02
 2.500000000000000833e-02
 2.500000000000101794e-02
 2.500000000000101794e-02
 2.499999999999899525e-02
 2.500000000000202754e-02
 2.500000000000000833e-02
 2.500000000000101794e-02
 2.500000000000000833e-02
 2.499999999999697950e-02
 2.499999999999899525e-02
 2.500000000000101794e-02
 2.500000000000101794e-02
 2.500000000000000833e-02
 2.500000000000000833e-02
 2.499999999999933178e-02
 2.500000000000168407e-02
 2.499999999999697950e-02
 2.500000000000236408e-02
 2.499999999999866218e-02
 2.500000000000000833e-02
 2.500000000000101794e-02
 2.500000000000000833e-02
 2.500000000000101794e-02
 2.500000000000000833e-02
 2.500000000000101794e-02
 2.500000000000000833e-02
 2.499999999999866218e-02
 2.499999999999731951e-02
 2.500000000000202754e-02
 2.499999999999663949e-02
 2.500000000000437983e-02
 2.500000000000000833e-02
 2.500000000000000833e-02
 2.500000000000101794e-02
 2.499999999999597336e-02
 2.500000000000404676e-02
 2.499999999999697950e-02
 2.500000000000000833e-02
 2.500000000000101794e-02
 2.500000000000000833e-02
 2.499999999999697950e-02
 2.500000000000404676e-02
 2.499999999999597336e-02
 2.500000000000101794e-02
 2.500000000000000833e-02
 2.500000000000000833e-02
 2.500000000000437983e-02
 2.499999999999663949e-02
 2.500000000000202754e-02
 2.499999999999731951e-02
 2.499999999999866218e-02
 2.500000000000000833e-02
 2.500000000000101794e-02
 2.500000000000000833e-02
 2.500000000000101794e-02
 2.500000000000000833e-02
 2.500000000000101794e-02
 2.500000000000000833e-02
 2.499999999999866218e-02
 2.500000000000236408e-02
 2.499999999999697950e-02
 2.500000000000168407e-02
 2.499999999999933178e-02
 2.500000000000000833e-02
 2.500000000000000833e-02
 2.500000000000101794e-02
 2.500000000000101794e-02
 2.499999999999899525e-02
 2.499999999999697950e-02
 2.500000000000000833e-02
 2.500000000000101794e-02
 2.500000000000000833e-02
 2.500000000000202754e-02
 2.499999999999899525e-02
 2.500000000000101794e-02
 2.500000000000101794e-02
 2.500000000000000833e-02
 2.500000000000000833e-02
 2.499999999999933178e-02
 2.499999999999663949e-02
 2.500000000000202754e-02
 2.500000000000236408e-02
 2.499999999999866218e-02
 2.500000000000000833e-02
 2.500000000000101794e-02
 7.500000000000002498e-02
 7.500000000000306422e-02
 7.500000000000002498e-02
 7.500000000000306422e-02
 7.500000000000002498e-02
 7.499999999999329425e-02
 7.500000000000221767e-02
 7.499999999999852618e-02
 7.499999999999477918e-02
 7.500000000000826839e-02
 7.500000000000002498e-02
 7.500000000000002498e-02
 7.500000000000306422e-02
 7.499999999999548694e-02
 7.500000000000454914e-02
 7.499999999999852618e-02
 7.500000000000002498e-02
 7.499999999999548694e-02
 7.500000000000002498e-02
 7.500000000000608957e-02
 7.499999999999698574e-02
 7.500000000000306422e-02
 7.500000000000306422e-02
 7.500000000000002498e-02
 7.500000000000002498e-02
 7.500000000000070499e-02
 7.499999999998721578e-02
 7.500000000000608957e-02
 7.500000000000979494e-02
 7.499999999999329425e-02
 7.500000000000306422e-02
 7.500000000000002498e-02
 7.499999999998792355e-02
 7.500000000000002498e-02
 7.499999999999329425e-02
 7.500000000000979494e-02
 7.500000000000608957e-02
 7.499999999998721578e-02
 7.500000000001583178e-02
 7.500000000000002498e-02
 7.500000000000002498e-02
 7.499999999998792355e-02
 7.500000000000306422e-02
 7.499999999999698574e-02
 7.500000000000608957e-02
 7.500000000000002498e-02
 7.500000000000306422e-02
 7.500000000000002498e-02
 7.499999999999094891e-02
 7.500000000001214029e-02
 7.499999999998792355e-02
 7.500000000000306422e-02
 7.500000000000002498e-02
 7.500000000000002498e-02
 7.500000000001583178e-02
 7.499999999998721578e-02
 7.500000000000608957e-02
 7.499999999999465428e-02
 7.499999999999329425e-02
 7.500000000000002498e-02
 7.500000000000306422e-02
 7.500000000000002498e-02
 7.500000000000306422e-02
 7.500000000000002498e-02
 7.500000000000306422e-02
 7.500000000000002498e-02
 7.499999999999329425e-02
 7.500000000000979494e-02
 7.499999999999094891e-02
 7.500000000000235645e-02
 7.500000000000070499e-02
 7.500000000000002498e-02
 7.500000000000002498e-02
 7.500000000000306422e-02
 7.500000000000306422e-02
 7.499999999999698574e-02
 7.499999999999094891e-02
 7.500000000000002498e-02
 7.500000000000306422e-02
 7.500000000000002498e-02
 7.500000000000608957e-02
 7.499999999999698574e-02
 7.500000000000306422e-02
 7.500000000000306422e-02
 7.500000000000002498e-02
 7.500000000000002498e-02
 7.500000000000070499e-02
 7.499999999998721578e-02
 7.500000000000608957e-02
 7.500000000000979494e-02
 7.499999999999329425e-02
 7.500000000000002498e-02
 7.500000000000306422e-02
 7.500000000000002498e-02
 7.499999999998792355e-02
 7.500000000000002498e-02
 7.500000000000306422e-02
 7.500000000000002498e-02
 7.499999999999329425e-02
 7.500000000000979494e-02
 7.500000000000608957e-02
 7.499999999998721578e-02
 7.500000000000070499e-02
 7.500000000000002498e-02
 7.500000000000002498e-02
 7.500000000000306422e-02
 7.500000000000306422e-02
 7.499999999999698574e-02
 7.500000000000608957e-02
 7.500000000000002498e-02
 7.500000000000306422e-02
 7.500000000000002498e-02
 7.499999999999094891e-02
 7.499999999999698574e-02
 7.500000000000306422e-02
 7.500000000000306422e-02
 7.500000000000002498e-02
 7.500000000000002498e-02
 7.500000000000070499e-02
 7.500000000000235645e-02
 7.499999999999094891e-02
 7.500000000000979494e-02
 7.499999999999329425e-02
 7.500000000000002498e-02
 7.500000000000306422e-02
 7.500000000000002498e-02
 7.500000000000306422e-02
 7.500000000000002498e-02
 7.500000000000306422e-02
 7.500000000000002498e-02
 7.499999999999329425e-02
 7.499999999999465428e-02
 7.500000000000608957e-02
 7.499999999998721578e-02
 7.500000000001583178e-02
 7.500000000000002498e-02
 7.500000000000002498e-02
 7.500000000000306422e-02
 7.499999999998792355e-02
 7.500000000001214029e-02
 7.499999999999094891e-02
 7.500000000000002498e-02
 7.500000000000306422e-02
 7.500000000000002498e-02
 7.500000000000608957e-02
 7.499999999999698574e-02
 7.500000000000306422e-02
 7.499999999998792355e-02
 7.500000000000002498e-02
 7.500000000000002498e-02
 7.500000000001583178e-02
 7.499999999998721578e-02
 7.500000000000608957e-02
 7.500000000000979494e-02
 7.499999999999329425e-02
 7.500000000000002498e-02
 7.499999999998792355e-02
 7.500000000000306422e-02
 7.500000000000002498e-02
 7.499999999999329425e-02
 7.500000000000979494e-02
 7.500000000000608957e-02
 7.499999999998721578e-02
 7.500000000000070499e-02
 7.500000000000002498e-02
 7.500000000000002498e-02
 7.500000000000306422e-02
 7.500000000000306422e-02
 7.499999999999698574e-02
 7.500000000000608957e-02
 7.500000000000002498e-02
 7.500000000000306422e-02
 7.500000000000002498e-02
 7.499999999999094891e-02
 7.499999999999698574e-02
 7.500000000000306422e-02
 7.500000000000306422e-02
 7.500000000000002498e-02
 7.500000000000002498e-02
 7.500000000000070499e-02
 7.500000000000235645e-02
 7.499999999999094891e-02
 7.500000000000979494e-02
 7.499999999999329425e-02
 7.500000000000002498e-02
 7.500000000000306422e-02
 7.500000000000002498e-02
 7.500000000000306422e-02
 7.500000000000002498e-02
 7.500000000000306422e-02
 7.500000000000002498e-02
 7.499999999999329425e-02
 7.499999999999465428e-02
 7.500000000000608957e-02
 7.499999999998721578e-02
 7.500000000001583178e-02
 7.500000000000002498e-02
 7.500000000000002498e-02
 7.500000000000306422e-02
 7.499999999998792355e-02
 7.500000000001214029e-02
 7.499999999999094891e-02
 7.500000000000002498e-02
 7.500000000000306422e-02
 7.500000000000002498e-02
 7.499999999999094891e-02
 7.500000000001214029e-02
 7.499999999998792355e-02
 7.500000000000306422e-02
 7.500000000000002498e-02
 7.500000000000002498e-02
 7.500000000001583178e-02
 7.499999999998721578e-02
 7.500000000000608957e-02
 7.499999999999465428e-02
 7.499999999999329425e-02
 7.500000000000002498e-02
 7.500000000000306422e-02
 7.500000000000002498e-02
 7.500000000000306422e-02
 7.500000000000002498e-02
 7.500000000000306422e-02
 7.500000000000002498e-02
 7.499999999999329425e-02
 7.500000000000979494e-02
 7.499999999999094891e-02
 7.500000000000235645e-02
 7.500000000000070499e-02
 7.500000000000002498e-02
 7.500000000000002498e-02
 7.500000000000306422e-02
 7.500000000000306422e-02
 7.499999999999698574e-02
 7.499999999999094891e-02
 7.500000000000002498e-02
 7.500000000000306422e-02
 7.500000000000002498e-02
 7.500000000000608957e-02
 7.499999999999698574e-02
 7.500000000000306422e-02
 7.500000000000306422e-02
 7.500000000000002498e-02
 7.500000000000002498e-02
 7.500000000000070499e-02
 7.499999999998721578e-02
 7.500000000000608957e-02
 7.500000000000979494e-02
 7.499999999999329425e-02
 7.500000000000002498e-02
 7.500000000000306422e-02
 </DataArray>
 <DataArray Name="pos.z" type="Float32" NumberOfComponents="1" format="ascii">
 0.000000000000000000e+00
 0.000000000000000000e+00
 0.000000000000000000e+00
 0.000000000000000000e+00
 0.000000000000000000e+00
 0.000000000000000000e+00
 0.000000000000000000e+00
 0.000000000000000000e+00
 0.000000000000000000e+00
 0.000000000000000000e+00
 0.000000000000000000e+00
 0.000000000000000000e+00
 0.000000000000000000e+00
 0.000000000000000000e+00
 0.000000000000000000e+00
 0.000000000000000000e+00
 0.000000000000000000e+00
 0.000000000000000000e+00
 0.000000000000000000e+00
 0.000000000000000000e+00
 0.000000000000000000e+00
 0.000000000000000000e+00
 0.000000000000000000e+00
 0.000000000000000000e+00
 0.000000000000000000e+00
 0.000000000000000000e+00
 0.000000000000000000e+00
 0.000000000000000000e+00
 0.000000000000000000e+00
 0.000000000000000000e+00
 0.000000000000000000e+00
 0.000000000000000000e+00
 0.000000000000000000e+00
 0.000000000000000000e+00
 0.000000000000000000e+00
 0.000000000000000000e+00
 0.000000000000000000e+00
 0.000000000000000000e+00
 0.000000000000000000e+00
 0.000000000000000000e+00
 0.000000000000000000e+00
 0.000000000000000000e+00
 0.000000000000000000e+00
 0.000000000000000000e+00
 0.000000000000000000e+00
 0.000000000000000000e+00
 0.000000000000000000e+00
 0.000000000000000000e+00
 0.000000000000000000e+00
 0.000000000000000000e+00
 0.000000000000000000e+00
 0.000000000000000000e+00
 0.000000000000000000e+00
 0.000000000000000000e+00
 0.000000000000000000e+00
 0.000000000000000000e+00
 0.000000000000000000e+00
 0.000000000000000000e+00
 0.000000000000000000e+00
 0.000000000000000000e+00
 0.000000000000000000e+00
 0.000000000000000000e+00
 0.000000000000000000e+00
 0.000000000000000000e+00
 0.000000000000000000e+00
 0.000000000000000000e+00
 0.000000000000000000e+00
 0.000000000000000000e+00
 0.000000000000000000e+00
 0.000000000000000000e+00
 0.000000000000000000e+00
 0.000000000000000000e+00
 0.000000000000000000e+00
 0.000000000000000000e+00
 0.000000000000000000e+00
 0.000000000000000000e+00
 0.000000000000000000e+00
 0.000000000000000000e+00
 0.000000000000000000e+00
 0.000000000000000000e+00
 0.000000000000000000e+00
 0.000000000000000000e+00
 0.000000000000000000e+00
 0.000000000000000000e+00
 0.000000000000000000e+00
 0.000000000000000000e+00
 0.000000000000000000e+00
 0.000000000000000000e+00
 0.000000000000000000e+00
 0.000000000000000000e+00
 0.000000000000000000e+00
 0.000000000000000000e+00
 0.000000000000000000e+00
 0.000000000000000000e+00
 0.000000000000000000e+00
 0.000000000000000000e+00
 0.000000000000000000e+00
 0.000000000000000000e+00
 0.000000000000000000e+00
 0.000000000000000000e+00
 0.000000000000000000e+00
 0.000000000000000000e+00
 0.000000000000000000e+00
 0.000000000000000000e+00
 0.000000000000000000e+00
 0.000000000000000000e+00
 0.000000000000000000e+00
 0.000000000000000000e+00
 0.000000000000000000e+00
 0.000000000000000000e+00
 0.000000000000000000e+00
 0.000000000000000000e+00
 0.000000000000000000e+00
 0.000000000000000000e+00
 0.000000000000000000e+00
 0.000000000000000000e+00
 0.000000000000000000e+00
 0.000000000000000000e+00
 0.000000000000000000e+00
 0.000000000000000000e+00
 0.000000000000000000e+00
 0.000000000000000000e+00
 0.000000000000000000e+00
 0.000000000000000000e+00
 0.000000000000000000e+00
 0.000000000000000000e+00
 0.000000000000000000e+00
 0.000000000000000000e+00
 0.000000000000000000e+00
 0.000000000000000000e+00
 0.000000000000000000e+00
 0.000000000000000000e+00
 0.000000000000000000e+00
 0.000000000000000000e+00
 0.000000000000000000e+00
 0.000000000000000000e+00
 0.000000000000000000e+00
 0.000000000000000000e+00
 0.000000000000000000e+00
 0.000000000000000000e+00
 0.000000000000000000e+00
 0.000000000000000000e+00
 0.000000000000000000e+00
 0.000000000000000000e+00
 0.000000000000000000e+00
 0.000000000000000000e+00
 0.000000000000000000e+00
 0.000000000000000000e+00
 0.000000000000000000e+00
 0.000000000000000000e+00
 0.000000000000000000e+00
 0.000000000000000000e+00
 0.000000000000000000e+00
 0.000000000000000000e+00
 0.000000000000000000e+00
 0.000000000000000000e+00
 0.000000000000000000e+00
 0.000000000000000000e+00
 0.000000000000000000e+00
 0.000000000000000000e+00
 0.000000000000000000e+00
 0.000000000000000000e+00
 0.000000000000000000e+00
 0.000000000000000000e+00
 0.000000000000000000e+00
 0.000000000000000000e+00
 0.000000000000000000e+00
 0.000000000000000000e+00
 0.000000000000000000e+00
 0.000000000000000000e+00
 0.000000000000000000e+00
 0.000000000000000000e+00
 0.000000000000000000e+00
 0.000000000000000000e+00
 0.000000000000000000e+00
 0.000000000000000000e+00
 0.000000000000000000e+00
 0.000000000000000000e+00
 0.000000000000000000e+00
 0.000000000000000000e+00
 0.000000000000000000e+00
 0.000000000000000000e+00
 0.000000000000000000e+00
 0.000000000000000000e+00
 0.000000000000000000e+00
 0.000000000000000000e+00
 0.000000000000000000e+00
 0.000000000000000000e+00
 0.000000000000000000e+00
 0.000000000000000000e+00
 0.000000000000000000e+00
 0.000000000000000000e+00
 0.000000000000000000e+00
 0.000000000000000000e+00
 0.000000000000000000e+00
 0.000000000000000000e+00
 0.000000000000000000e+00
 0.000000000000000000e+00
 0.000000000000000000e+00
 0.000000000000000000e+00
 0.000000000000000000e+00
 0.000000000000000000e+00
 0.000000000000000000e+00
 0.000000000000000000e+00
 0.000000000000000000e+00
 0.000000000000000000e+00
 0.000000000000000000e+00
 0.000000000000000000e+00
 0.000000000000000000e+00
 0.000000000000000000e+00
 0.000000000000000000e+00
 0.000000000000000000e+00
 0.000000000000000000e+00
 0.000000000000000000e+00
 0.000000000000000000e+00
 0.000000000000000000e+00
 0.000000000000000000e+00
 0.000000000000000000e+00
 0.000000000000000000e+00
 0.000000000000000000e+00
 0.000000000000000000e+00
 0.000000000000000000e+00
 0.000000000000000000e+00
 0.000000000000000000e+00
 0.000000000000000000e+00
 0.000000000000000000e+00
 0.000000000000000000e+00
 0.000000000000000000e+00
 0.000000000000000000e+00
 0.000000000000000000e+00
 0.000000000000000000e+00
 0.000000000000000000e+00
 0.000000000000000000e+00
 0.000000000000000000e+00
 0.000000000000000000e+00
 0.000000000000000000e+00
 0.000000000000000000e+00
 0.000000000000000000e+00
 0.000000000000000000e+00
 0.000000000000000000e+00
 0.000000000000000000e+00
 0.000000000000000000e+00
 0.000000000000000000e+00
 0.000000000000000000e+00
 0.000000000000000000e+00
 0.000000000000000000e+00
 0.000000000000000000e+00
 0.000000000000000000e+00
 0.000000000000000000e+00
 0.000000000000000000e+00
 0.000000000000000000e+00
 0.000000000000000000e+00
 0.000000000000000000e+00
 0.000000000000000000e+00
 0.000000000000000000e+00
 0.000000000000000000e+00
 0.000000000000000000e+00
 0.000000000000000000e+00
 0.000000000000000000e+00
 0.000000000000000000e+00
 0.000000000000000000e+00
 0.000000000000000000e+00
 0.000000000000000000e+00
 0.000000000000000000e+00
 0.000000000000000000e+00
 0.000000000000000000e+00
 0.000000000000000000e+00
 0.000000000000000000e+00
 0.000000000000000000e+00
 0.000000000000000000e+00
 0.000000000000000000e+00
 0.000000000000000000e+00
 0.000000000000000000e+00
 0.000000000000000000e+00
 0.000000000000000000e+00
 0.000000000000000000e+00
 0.000000000000000000e+00
 0.000000000000000000e+00
 0.000000000000000000e+00
 0.000000000000000000e+00
 0.000000000000000000e+00
 0.000000000000000000e+00
 0.000000000000000000e+00
 0.000000000000000000e+00
 0.000000000000000000e+00
 0.000000000000000000e+00
 0.000000000000000000e+00
 0.000000000000000000e+00
 0.000000000000000000e+00
 0.000000000000000000e+00
 0.000000000000000000e+00
 0.000000000000000000e+00
 0.000000000000000000e+00
 0.000000000000000000e+00
 0.000000000000000000e+00
 0.000000000000000000e+00
 0.000000000000000000e+00
 0.000000000000000000e+00
 0.000000000000000000e+00
 0.000000000000000000e+00
 0.000000000000000000e+00
 0.000000000000000000e+00
 0.000000000000000000e+00
 0.000000000000000000e+00
 0.000000000000000000e+00
 0.000000000000000000e+00
 0.000000000000000000e+00
 0.000000000000000000e+00
 0.000000000000000000e+00
 0.000000000000000000e+00
 0.000000000000000000e+00
 0.000000000000000000e+00
 0.000000000000000000e+00
 0.000000000000000000e+00
 0.000000000000000000e+00
 0.000000000000000000e+00
 0.000000000000000000e+00
 0.000000000000000000e+00
 0.000000000000000000e+00
 0.000000000000000000e+00
 0.000000000000000000e+00
 0.000000000000000000e+00
 0.000000000000000000e+00
 0.000000000000000000e+00
 0.000000000000000000e+00
 0.000000000000000000e+00
 0.000000000000000000e+00
 0.000000000000000000e+00
 0.000000000000000000e+00
 0.000000000000000000e+00
 0.000000000000000000e+00
 0.000000000000000000e+00
 0.000000000000000000e+00
 0.000000000000000000e+00
 0.000000000000000000e+00
 0.000000000000000000e+00
 0.000000000000000000e+00
 0.000000000000000000e+00
 0.000000000000000000e+00
 0.000000000000000000e+00
 0.000000000000000000e+00
 0.000000000000000000e+00
 0.000000000000000000e+00
 0.000000000000000000e+00
 0.000000000000000000e+00
 0.000000000000000000e+00
 0.000000000000000000e+00
 0.000000000000000000e+00
 0.000000000000000000e+00
 0.000000000000000000e+00
 0.000000000000000000e+00
 0.000000000000000000e+00
 0.000000000000000000e+00
 0.000000000000000000e+00
 0.000000000000000000e+00
 0.000000000000000000e+00
 0.000000000000000000e+00
 0.000000000000000000e+00
 0.000000000000000000e+00
 0.000000000000000000e+00
 0.000000000000000000e+00
 0.000000000000000000e+00
 0.000000000000000000e+00
 0.000000000000000000e+00
 0.000000000000000000e+00
 0.000000000000000000e+00
 0.000000000000000000e+00
 0.000000000000000000e+00
 0.000000000000000000e+00
 0.000000000000000000e+00
 0.000000000000000000e+00
 0.000000000000000000e+00
 0.000000000000000000e+00
 0.000000000000000000e+00
 0.000000000000000000e+00
 0.000000000000000000e+00
 0.000000000000000000e+00
 0.000000000000000000e+00
 0.000000000000000000e+00
 0.000000000000000000e+00
 0.000000000000000000e+00
 0.000000000000000000e+00
 0.000000000000000000e+00
 0.000000000000000000e+00
 0.000000000000000000e+00
 0.000000000000000000e+00
 0.000000000000000000e+00
 0.000000000000000000e+00
 0.000000000000000000e+00
 0.000000000000000000e+00
 0.000000000000000000e+00
 0.000000000000000000e+00
 0.000000000000000000e+00
 0.000000000000000000e+00
 0.000000000000000000e+00
 0.000000000000000000e+00
 0.000000000000000000e+00
 0.000000000000000000e+00
 0.000000000000000000e+00
 0.000000000000000000e+00
 0.000000000000000000e+00
 0.000000000000000000e+00
 0.000000000000000000e+00
 0.000000000000000000e+00
 0.000000000000000000e+00
 0.000000000000000000e+00
 0.000000000000000000e+00
 0.000000000000000000e+00
 0.000000000000000000e+00
 0.000000000000000000e+00
 0.000000000000000000e+00
 0.000000000000000000e+00
 0.000000000000000000e+00
 0.000000000000000000e+00
 0.000000000000000000e+00
 0.000000000000000000e+00
 0.000000000000000000e+00
 0.000000000000000000e+00
 0.000000000000000000e+00
 0.000000000000000000e+00
 0.000000000000000000e+00
 0.000000000000000000e+00
 0.000000000000000000e+00
 0.000000000000000000e+00
 0.000000000000000000e+00
 0.000000000000000000e+00
 0.000000000000000000e+00
 0.000000000000000000e+00
 0.000000000000000000e+00
 0.000000000000000000e+00
 0.000000000000000000e+00
 0.000000000000000000e+00
 0.000000000000000000e+00
 0.000000000000000000e+00
 0.000000000000000000e+00
 0.000000000000000000e+00
 0.000000000000000000e+00
 0.000000000000000000e+00
 0.000000000000000000e+00
 0.000000000000000000e+00
 0.000000000000000000e+00
 0.000000000000000000e+00
 0.000000000000000000e+00
 0.000000000000000000e+00
 0.000000000000000000e+00
 0.000000000000000000e+00
 0.000000000000000000e+00
 0.000000000000000000e+00
 0.000000000000000000e+00
 0.000000000000000000e+00
 0.000000000000000000e+00
 0.000000000000000000e+00
 0.000000000000000000e+00
 0.000000000000000000e+00
 0.000000000000000000e+00
 0.000000000000000000e+00
 0.000000000000000000e+00
 0.000000000000000000e+00
 0.000000000000000000e+00
 0.000000000000000000e+00
 0.000000000000000000e+00
 0.000000000000000000e+00
 0.000000000000000000e+00
 0.000000000000000000e+00
 0.000000000000000000e+00
 0.000000000000000000e+00
 0.000000000000000000e+00
 0.000000000000000000e+00
 0.000000000000000000e+00
 0.000000000000000000e+00
 0.000000000000000000e+00
 0.000000000000000000e+00
 0.000000000000000000e+00
 0.000000000000000000e+00
 0.000000000000000000e+00
 0.000000000000000000e+00
 0.000000000000000000e+00
 0.000000000000000000e+00
 0.000000000000000000e+00
 0.000000000000000000e+00
 0.000000000000000000e+00
 0.000000000000000000e+00
 0.000000000000000000e+00
 0.000000000000000000e+00
 0.000000000000000000e+00
 0.000000000000000000e+00
 0.000000000000000000e+00
 0.000000000000000000e+00
 0.000000000000000000e+00
 0.000000000000000000e+00
 0.000000000000000000e+00
 0.000000000000000000e+00
 0.000000000000000000e+00
 0.000000000000000000e+00
 0.000000000000000000e+00
 0.000000000000000000e+00
 0.000000000000000000e+00
 0.000000000000000000e+00
 0.000000000000000000e+00
 0.000000000000000000e+00
 </DataArray>
 <DataArray Name="volume" type="Float32" NumberOfComponents="1" format="ascii">
 2.750000000000252243e-04
 2.749999999999697131e-04
 2.750000000000252243e-04
 2.749999999999697131e-04
 2.750000000000252243e-04
 2.750000000000252243e-04
 2.749999999999974687e-04
 2.749999999999419575e-04
 2.750000000001084910e-04
 2.749999999998864464e-04
 2.750000000000252243e-04
 2.750000000000252243e-04
 2.749999999999697131e-04
 2.749999999999974687e-04
 2.750000000000529798e-04
 2.749999999999419575e-04
 2.750000000000252243e-04
 2.749999999999974687e-04
 2.750000000000252243e-04
 2.749999999999142020e-04
 2.750000000000807354e-04
 2.749999999999697131e-04
 2.749999999999697131e-04
 2.750000000000252243e-04
 2.750000000000252243e-04
 2.749999999999142020e-04
 2.750000000001362466e-04
 2.749999999999142020e-04
 2.749999999999697131e-04
 2.750000000000252243e-04
 2.749999999999697131e-04
 2.750000000000252243e-04
 2.750000000000252243e-04
 2.750000000000252243e-04
 2.750000000000252243e-04
 2.749999999999697131e-04
 2.749999999999142020e-04
 2.750000000001362466e-04
 2.749999999998586908e-04
 2.750000000000252243e-04
 2.750000000000252243e-04
 2.750000000000252243e-04
 2.749999999999697131e-04
 2.750000000000807354e-04
 2.749999999999142020e-04
 2.750000000000252243e-04
 2.749999999999697131e-04
 2.750000000000252243e-04
 2.749999999999697131e-04
 2.750000000000252243e-04
 2.750000000000252243e-04
 2.749999999999697131e-04
 2.750000000000252243e-04
 2.750000000000252243e-04
 2.749999999998586908e-04
 2.750000000001362466e-04
 2.749999999999142020e-04
 2.750000000000252243e-04
 2.750000000000252243e-04
 2.750000000000252243e-04
 2.749999999999697131e-04
 2.750000000000252243e-04
 2.749999999999697131e-04
 2.750000000000252243e-04
 2.749999999999697131e-04
 2.750000000000252243e-04
 2.750000000000252243e-04
 2.749999999999697131e-04
 2.749999999999697131e-04
 2.750000000000807354e-04
 2.749999999999142020e-04
 2.750000000000252243e-04
 2.750000000000252243e-04
 2.749999999999697131e-04
 2.749999999999697131e-04
 2.750000000000807354e-04
 2.749999999999697131e-04
 2.750000000000252243e-04
 2.749999999999697131e-04
 2.750000000000252243e-04
 2.749999999999142020e-04
 2.750000000000807354e-04
 2.749999999999697131e-04
 2.749999999999697131e-04
 2.750000000000252243e-04
 2.750000000000252243e-04
 2.749999999999142020e-04
 2.750000000001362466e-04
 2.749999999999142020e-04
 2.749999999999697131e-04
 2.750000000000252243e-04
 2.750000000000252243e-04
 2.749999999999697131e-04
 2.750000000000252243e-04
 2.750000000000252243e-04
 2.750000000000252243e-04
 2.749999999999697131e-04
 2.750000000000252243e-04
 2.750000000000252243e-04
 2.749999999999697131e-04
 2.749999999999142020e-04
 2.750000000001362466e-04
 2.749999999999142020e-04
 2.750000000000252243e-04
 2.750000000000252243e-04
 2.749999999999697131e-04
 2.749999999999697131e-04
 2.750000000000807354e-04
 2.749999999999142020e-04
 2.750000000000252243e-04
 2.749999999999697131e-04
 2.750000000000252243e-04
 2.749999999999697131e-04
 2.750000000000807354e-04
 2.749999999999697131e-04
 2.749999999999697131e-04
 2.750000000000252243e-04
 2.750000000000252243e-04
 2.749999999999142020e-04
 2.750000000000807354e-04
 2.749999999999697131e-04
 2.749999999999697131e-04
 2.750000000000252243e-04
 2.750000000000252243e-04
 2.749999999999697131e-04
 2.750000000000252243e-04
 2.749999999999697131e-04
 2.750000000000252243e-04
 2.749999999999697131e-04
 2.750000000000252243e-04
 2.750000000000252243e-04
 2.750000000000252243e-04
 2.749999999999142020e-04
 2.750000000001362466e-04
 2.749999999998586908e-04
 2.750000000000252243e-04
 2.750000000000252243e-04
 2.749999999999697131e-04
 2.750000000000252243e-04
 2.750000000000252243e-04
 2.749999999999697131e-04
 2.750000000000252243e-04
 2.749999999999697131e-04
 2.750000000000252243e-04
 2.749999999999142020e-04
 2.750000000000807354e-04
 2.749999999999697131e-04
 2.750000000000252243e-04
 2.750000000000252243e-04
 2.750000000000252243e-04
 2.749999999998586908e-04
 2.750000000001362466e-04
 2.749999999999142020e-04
 2.749999999999697131e-04
 2.750000000000252243e-04
 2.750000000000252243e-04
 2.750000000000252243e-04
 2.749999999999697131e-04
 2.750000000000252243e-04
 2.750000000000252243e-04
 2.749999999999697131e-04
 2.749999999999142020e-04
 2.750000000001362466e-04
 2.749999999999142020e-04
 2.750000000000252243e-04
 2.750000000000252243e-04
 2.749999999999697131e-04
 2.749999999999697131e-04
 2.750000000000807354e-04
 2.749999999999142020e-04
 2.750000000000252243e-04
 2.749999999999697131e-04
 2.750000000000252243e-04
 2.749999999999697131e-04
 2.750000000000807354e-04
 2.749999999999697131e-04
 2.749999999999697131e-04
 2.750000000000252243e-04
 2.750000000000252243e-04
 2.749999999999142020e-04
 2.750000000000807354e-04
 2.749999999999697131e-04
 2.749999999999697131e-04
 2.750000000000252243e-04
 2.750000000000252243e-04
 2.749999999999697131e-04
 2.750000000000252243e-04
 2.749999999999697131e-04
 2.750000000000252243e-04
 2.749999999999697131e-04
 2.750000000000252243e-04
 2.750000000000252243e-04
 2.750000000000252243e-04
 2.749999999999142020e-04
 2.750000000001362466e-04
 2.749999999998586908e-04
 2.750000000000252243e-04
 2.750000000000252243e-04
 2.749999999999697131e-04
 2.750000000000252243e-04
 2.750000000000252243e-04
 2.749999999999697131e-04
 2.750000000000252243e-04
 2.749999999999697131e-04
 2.750000000000252243e-04
 2.749999999999697131e-04
 2.750000000000252243e-04
 2.750000000000252243e-04
 2.749999999999697131e-04
 2.750000000000252243e-04
 2.750000000000252243e-04
 2.749999999998586908e-04
 2.750000000001362466e-04
 2.749999999999142020e-04
 2.750000000000252243e-04
 2.750000000000252243e-04
 2.750000000000252243e-04
 2.749999999999697131e-04
 2.750000000000252243e-04
 2.749999999999697131e-04
 2.750000000000252243e-04
 2.749999999999697131e-04
 2.750000000000252243e-04
 2.750000000000252243e-04
 2.749999999999697131e-04
 2.749999999999697131e-04
 2.750000000000807354e-04
 2.749999999999142020e-04
 2.750000000000252243e-04
 2.750000000000252243e-04
 2.749999999999697131e-04
 2.749999999999697131e-04
 2.750000000000807354e-04
 2.749999999999697131e-04
 2.750000000000252243e-04
 2.749999999999697131e-04
 2.750000000000252243e-04
 2.749999999999142020e-04
 2.750000000000807354e-04
 2.749999999999697131e-04
 2.749999999999697131e-04
 2.750000000000252243e-04
 2.750000000000252243e-04
 2.749999999999142020e-04
 2.750000000001362466e-04
 2.749999999999142020e-04
 2.749999999999697131e-04
 2.750000000000252243e-04
 2.750000000000252243e-04
 2.749999999999697131e-04
 2.750000000000252243e-04
 2.749999999999697131e-04
 2.750000000000252243e-04
 2.749999999999697131e-04
 2.750000000000252243e-04
 2.750000000000252243e-04
 2.749999999999974687e-04
 2.749999999999419575e-04
 2.750000000001084910e-04
 2.749999999998864464e-04
 2.750000000000252243e-04
 2.750000000000252243e-04
 2.749999999999697131e-04
 2.749999999999974687e-04
 2.750000000000529798e-04
 2.749999999999419575e-04
 2.750000000000252243e-04
 2.749999999999974687e-04
 2.750000000000252243e-04
 2.749999999999142020e-04
 2.750000000000807354e-04
 2.749999999999697131e-04
 2.749999999999697131e-04
 2.750000000000252243e-04
 2.750000000000252243e-04
 2.749999999999142020e-04
 2.750000000001362466e-04
 2.749999999999142020e-04
 2.749999999999697131e-04
 2.750000000000252243e-04
 2.749999999999697131e-04
 2.750000000000252243e-04
 2.750000000000252243e-04
 2.750000000000252243e-04
 2.750000000000252243e-04
 2.749999999999697131e-04
 2.749999999999142020e-04
 2.750000000001362466e-04
 2.749999999998586908e-04
 2.750000000000252243e-04
 2.750000000000252243e-04
 2.750000000000252243e-04
 2.749999999999697131e-04
 2.750000000000807354e-04
 2.749999999999142020e-04
 2.750000000000252243e-04
 2.749999999999697131e-04
 2.750000000000252243e-04
 2.749999999999697131e-04
 2.750000000000252243e-04
 2.750000000000252243e-04
 2.749999999999697131e-04
 2.750000000000252243e-04
 2.750000000000252243e-04
 2.749999999998586908e-04
 2.750000000001362466e-04
 2.749999999999142020e-04
 2.750000000000252243e-04
 2.750000000000252243e-04
 2.750000000000252243e-04
 2.749999999999697131e-04
 2.750000000000252243e-04
 2.749999999999697131e-04
 2.750000000000252243e-04
 2.749999999999697131e-04
 2.750000000000252243e-04
 2.750000000000252243e-04
 2.749999999999697131e-04
 2.749999999999697131e-04
 2.750000000000807354e-04
 2.749999999999142020e-04
 2.750000000000252243e-04
 2.750000000000252243e-04
 2.749999999999697131e-04
 2.749999999999697131e-04
 2.750000000000807354e-04
 2.749999999999697131e-04
 2.750000000000252243e-04
 2.749999999999697131e-04
 2.750000000000252243e-04
 2.749999999999142020e-04
 2.750000000000807354e-04
 2.749999999999697131e-04
 2.749999999999697131e-04
 2.750000000000252243e-04
 2.750000000000252243e-04
 2.749999999999142020e-04
 2.750000000001362466e-04
 2.749999999999142020e-04
 2.749999999999697131e-04
 2.750000000000252243e-04
 2.750000000000252243e-04
 2.749999999999697131e-04
 2.750000000000252243e-04
 2.750000000000252243e-04
 2.750000000000252243e-04
 2.749999999999697131e-04
 2.750000000000252243e-04
 2.750000000000252243e-04
 2.749999999999697131e-04
 2.749999999999142020e-04
 2.750000000001362466e-04
 2.749999999999142020e-04
 2.750000000000252243e-04
 2.750000000000252243e-04
 2.749999999999697131e-04
 2.749999999999697131e-04
 2.750000000000807354e-04
 2.749999999999142020e-04
 2.750000000000252243e-04
 2.749999999999697131e-04
 2.750000000000252243e-04
 2.749999999999697131e-04
 2.750000000000807354e-04
 2.749999999999697131e-04
 2.749999999999697131e-04
 2.750000000000252243e-04
 2.750000000000252243e-04
 2.749999999999142020e-04
 2.750000000000807354e-04
 2.749999999999697131e-04
 2.749999999999697131e-04
 2.750000000000252243e-04
 2.750000000000252243e-04
 2.749999999999697131e-04
 2.750000000000252243e-04
 2.749999999999697131e-04
 2.750000000000252243e-04
 2.749999999999697131e-04
 2.750000000000252243e-04
 2.750000000000252243e-04
 2.750000000000252243e-04
 2.749999999999142020e-04
 2.750000000001362466e-04
 2.749999999998586908e-04
 2.750000000000252243e-04
 2.750000000000252243e-04
 2.749999999999697131e-04
 2.750000000000252243e-04
 2.750000000000252243e-04
 2.749999999999697131e-04
 2.750000000000252243e-04
 2.749999999999697131e-04
 2.750000000000252243e-04
 2.749999999999142020e-04
 2.750000000000807354e-04
 2.749999999999697131e-04
 2.750000000000252243e-04
 2.750000000000252243e-04
 2.750000000000252243e-04
 2.749999999998586908e-04
 2.750000000001362466e-04
 2.749999999999142020e-04
 2.749999999999697131e-04
 2.750000000000252243e-04
 2.750000000000252243e-04
 2.750000000000252243e-04
 2.749999999999697131e-04
 2.750000000000252243e-04
 2.750000000000252243e-04
 2.749999999999697131e-04
 2.749999999999142020e-04
 2.750000000001362466e-04
 2.749999999999142020e-04
 2.750000000000252243e-04
 2.750000000000252243e-04
 2.749999999999697131e-04
 2.749999999999697131e-04
 2.750000000000807354e-04
 2.749999999999142020e-04
 2.750000000000252243e-04
 2.749999999999697131e-04
 2.750000000000252243e-04
 2.749999999999697131e-04
 2.750000000000807354e-04
 2.749999999999697131e-04
 2.749999999999697131e-04
 2.750000000000252243e-04
 2.750000000000252243e-04
 2.749999999999142020e-04
 2.750000000000807354e-04
 2.749999999999697131e-04
 2.749999999999697131e-04
 2.750000000000252243e-04
 2.750000000000252243e-04
 2.749999999999697131e-04
 2.750000000000252243e-04
 2.749999999999697131e-04
 2.750000000000252243e-04
 2.749999999999697131e-04
 2.750000000000252243e-04
 2.750000000000252243e-04
 2.750000000000252243e-04
 2.749999999999142020e-04
 2.750000000001362466e-04
 2.749999999998586908e-04
 2.750000000000252243e-04
 2.750000000000252243e-04
 2.749999999999697131e-04
 2.750000000000252243e-04
 2.750000000000252243e-04
 2.749999999999697131e-04
 2.750000000000252243e-04
 2.749999999999697131e-04
 2.750000000000252243e-04
 2.749999999999697131e-04
 2.750000000000252243e-04
 2.750000000000252243e-04
 2.749999999999697131e-04
 2.750000000000252243e-04
 2.750000000000252243e-04
 2.749999999998586908e-04
 2.750000000001362466e-04
 2.749999999999142020e-04
 2.750000000000252243e-04
 2.750000000000252243e-04
 2.750000000000252243e-04
 2.749999999999697131e-04
 2.750000000000252243e-04
 2.749999999999697131e-04
 2.750000000000252243e-04
 2.749999999999697131e-04
 2.750000000000252243e-04
 2.750000000000252243e-04
 2.749999999999697131e-04
 2.749999999999697131e-04
 2.750000000000807354e-04
 2.749999999999142020e-04
 2.750000000000252243e-04
 2.750000000000252243e-04
 2.749999999999697131e-04
 2.749999999999697131e-04
 2.750000000000807354e-04
 2.749999999999697131e-04
 2.750000000000252243e-04
 2.749999999999697131e-04
 2.750000000000252243e-04
 2.749999999999142020e-04
 2.750000000000807354e-04
 2.749999999999697131e-04
 2.749999999999697131e-04
 2.750000000000252243e-04
 2.750000000000252243e-04
 2.749999999999142020e-04
 2.750000000001362466e-04
 2.749999999999142020e-04
 2.749999999999697131e-04
 2.750000000000252243e-04
 2.750000000000252243e-04
 2.749999999999697131e-04
 </DataArray>
 <DataArray Name="rho" type="Float32" NumberOfComponents="1" format="ascii">
 6.003495364689292318e-02
 6.003367115752490657e-02
 6.003241013662181241e-02
 6.003116872974892382e-02
 6.002994992781526123e-02
 6.002875905846066784e-02
 6.002759966569308492e-02
 6.002646996368148774e-02
 6.002536156163600783e-02
 6.002426112217474491e-02
 6.002315456463162141e-02
 6.002203248124871049e-02
 6.002089465019047609e-02
 6.001975134538537621e-02
 6.001862027935771920e-02
 6.001752014727800705e-02
 6.001646326250560659e-02
 6.001544998525813052e-02
 6.001446710215878333e-02
 6.001349100468272163e-02
 6.001249459124384511e-02
 6.001145552890733287e-02
 6.001036325694278362e-02
 6.000922228922477009e-02
 6.000805041605949963e-02
 6.000687282355567087e-02
 6.000571535902057135e-02
 6.000459984560527898e-02
 6.000354147484798784e-02
 6.000254618627903075e-02
 6.000160774445306711e-02
 6.000070736488195833e-02
 5.999981794972854970e-02
 5.999891148081967773e-02
 5.999796646334090017e-02
 5.999697258324422633e-02
 5.999593103901033203e-02
 5.999485190588633304e-02
 5.999375141297291075e-02
 5.999265055263486995e-02
 5.999157684197174711e-02
 5.999056882704385807e-02
 5.998967080621880194e-02
 5.998890824320358972e-02
 5.998826581207969411e-02
 5.998769193075547540e-02
 5.998711892093715886e-02
 5.998648051608826415e-02
 5.998572637501530663e-02
 5.998483523773498471e-02
 5.998381493419829846e-02
 5.998269094792234302e-02
 5.998150530068150493e-02
 5.998030932898426593e-02
 5.997912801955651574e-02
 5.997797177070723906e-02
 5.997694067113661792e-02
 5.997620530212134649e-02
 5.997579270501886967e-02
 5.997557182779952173e-02
 5.997539532664512840e-02
 5.997515650666052772e-02
 5.997475091811638875e-02
 5.997409548113696864e-02
 5.997319689342189841e-02
 5.997213977516600847e-02
 5.997099026594119447e-02
 5.996979730928380520e-02
 5.996863065118242242e-02
 5.996749414997948335e-02
 5.996627208382549618e-02
 5.996498967869218905e-02
 5.996406946462886495e-02
 5.996370529794597948e-02
 5.996366951920248378e-02
 5.996373904222453144e-02
 5.996375846473010751e-02
 5.996363551205911163e-02
 5.996321711760430745e-02
 5.996243341953957917e-02
 5.996143094092407089e-02
 5.996036146142698364e-02
 5.995924251679578959e-02
 5.995809207641186744e-02
 5.995698677955837302e-02
 5.995592093053609545e-02
 5.995478492456665642e-02
 5.995368893854000764e-02
 5.995300233287373382e-02
 5.995276861408776331e-02
 5.995276110307409811e-02
 5.995287418315952549e-02
 5.995306813789164080e-02
 5.995308975477310620e-02
 5.995296490637732484e-02
 5.995256089712091424e-02
 5.995184288724480365e-02
 5.995095744987700981e-02
 5.995003429177228615e-02
 5.994908826326439399e-02
 5.994809567381726573e-02
 5.994704686527158044e-02
 5.994596528167891319e-02
 5.994488800529803457e-02
 5.994382688864326875e-02
 5.994278680495115225e-02
 5.994181188914816244e-02
 5.994092878952832909e-02
 5.994006105455899902e-02
 5.993913786866095217e-02
 5.993833418334530011e-02
 5.993789605681977550e-02
 5.993777019666934880e-02
 5.993777381150527245e-02
 5.993783776652477496e-02
 5.993799381460490627e-02
 5.993824586417482309e-02
 5.993858496098022903e-02
 5.993901921713843534e-02
 5.993960011673561683e-02
 5.994043268701915866e-02
 5.994164814379990269e-02
 5.994329554495968215e-02
 5.994522076935448335e-02
 5.994704614809599069e-02
 5.994826696799489263e-02
 5.994873920222196229e-02
 5.994881455198060316e-02
 5.994870056937980779e-02
 5.994832709594012654e-02
 5.994773988765696171e-02
 5.994687193684990201e-02
 5.994544839744515852e-02
 5.994301392255505651e-02
 5.993888571443788810e-02
 5.993206112445302602e-02
 5.992107911661186115e-02
 5.990382663045908107e-02
 5.987727938374659553e-02
 5.983715810835869842e-02
 5.977747668686314575e-02
 5.968995858070200861e-02
 5.956330145271881288e-02
 5.938228119561698992e-02
 5.912671062006752409e-02
 5.877031448827782500e-02
 5.827966563495769192e-02
 5.761346393001253591e-02
 5.672264256455912534e-02
 5.555204863011269090e-02
 5.404470017555008249e-02
 5.214960822940709756e-02
 4.983341618784534188e-02
 4.709557476835171674e-02
 4.398507304444937427e-02
 4.060419937805201385e-02
 3.709317616280814744e-02
 3.362505610658133443e-02
 3.035906249554037872e-02
 2.739417711908461242e-02
 2.480224702482707044e-02
 2.265292902939741032e-02
 2.098511825348858481e-02
 1.978836594752838435e-02
 1.903036803523828341e-02
 1.867344663323421139e-02
 1.867317525729525474e-02
 1.897533764533202924e-02
 1.951573357313095974e-02
 2.022462821125093485e-02
 2.102961025230607253e-02
 2.185694515321523479e-02
 2.264119600105132801e-02
 2.334032285983734731e-02
 2.393957735075162921e-02
 2.444161377196025012e-02
 2.485555837090889716e-02
 2.519203523303475967e-02
 2.546203767732564682e-02
 2.567618560023753049e-02
 2.584415831109918016e-02
 2.597447163711009629e-02
 2.607453020306518821e-02
 2.615058082195653374e-02
 2.620764993892944067e-02
 2.624990848775650074e-02
 2.628104241192551552e-02
 2.630388787315321789e-02
 2.632026105968924418e-02
 2.633185090366474412e-02
 2.634064234221317191e-02
 2.634751914589274907e-02
 2.635191426633480896e-02
 2.635348051536716071e-02
 2.635272873157987195e-02
 2.634917584943433436e-02
 2.634165955291410677e-02
 2.633073251943789453e-02
 2.631986693782363551e-02
 2.631084285431658717e-02
 2.630448677009098596e-02
 2.629994342222359560e-02
 2.629533586603320996e-02
 2.629029174699736709e-02
 2.628468065035531251e-02
 2.627838314618292925e-02
 2.627142082776318111e-02
 2.626389336005148512e-02
 2.625591237598787556e-02
 2.624756018900642127e-02
 2.623889596461609700e-02
 2.622996269473424485e-02
 2.622079140657961743e-02
 2.621140520461986978e-02
 2.620182238544136247e-02
 2.619205716333110681e-02
 2.618211936642554985e-02
 2.617201368369671474e-02
 2.616173922378681876e-02
 2.615129008250275180e-02
 2.614065714505419205e-02
 2.612983049047059095e-02
 2.611880143151034880e-02
 2.610756354614855376e-02
 2.609611269066980377e-02
 2.608444645336395473e-02
 2.607256354997361178e-02
 2.606046338295802192e-02
 2.604814570829479953e-02
 2.603561031019915872e-02
 2.602285673288227616e-02
 2.600988422104131420e-02
 2.599669190735452023e-02
 2.598327904317145054e-02
 2.596964496282173213e-02
 2.595578866987997141e-02
 2.594170831096074062e-02
 2.592740102202886407e-02
 2.591286344013787532e-02
 2.589809267029932749e-02
 2.588308710333075621e-02
 2.586784656165183258e-02
 2.585237175512702934e-02
 2.583666352361307580e-02
 2.582072240153156228e-02
 2.580454863201822602e-02
 2.578814228613392559e-02
 2.577150307388076378e-02
 2.575462984769268104e-02
 2.573752028713011467e-02
 6.003495364689357544e-02
 6.003367115752542699e-02
 6.003241013662215242e-02
 6.003116872974902790e-02
 6.002994992781515715e-02
 6.002875905846064009e-02
 6.002759966569332778e-02
 6.002646996368198040e-02
 6.002536156163658376e-02
 6.002426112217507798e-02
 6.002315456463166304e-02
 6.002203248124852314e-02
 6.002089465019026099e-02
 6.001975134538536233e-02
 6.001862027935792737e-02
 6.001752014727831236e-02
 6.001646326250604374e-02
 6.001544998525857461e-02
 6.001446710215909558e-02
 6.001349100468286041e-02
 6.001249459124387980e-02
 6.001145552890731205e-02
 6.001036325694261708e-02
 6.000922228922460355e-02
 6.000805041605947882e-02
 6.000687282355570557e-02
 6.000571535902073095e-02
 6.000459984560552185e-02
 6.000354147484827927e-02
 6.000254618627936382e-02
 6.000160774445333772e-02
 6.000070736488229833e-02
 5.999981794972895216e-02
 5.999891148082002468e-02
 5.999796646334111527e-02
 5.999697258324428184e-02
 5.999593103901022795e-02
 5.999485190588618039e-02
 5.999375141297291769e-02
 5.999265055263505036e-02
 5.999157684197186508e-02
 5.999056882704374011e-02
 5.998967080621872561e-02
 5.998890824320381177e-02
 5.998826581208004799e-02
 5.998769193075548928e-02
 5.998711892093676334e-02
 5.998648051608769516e-02
 5.998572637501482785e-02
 5.998483523773476961e-02
 5.998381493419827765e-02
 5.998269094792239159e-02
 5.998150530068174779e-02
 5.998030932898481410e-02
 5.997912801955719575e-02
 5.997797177070808561e-02
 5.997694067113709671e-02
 5.997620530212142975e-02
 5.997579270501906396e-02
 5.997557182779998664e-02
 5.997539532664595413e-02
 5.997515650666159631e-02
 5.997475091811755449e-02
 5.997409548113800948e-02
 5.997319689342262700e-02
 5.997213977516640399e-02
 5.997099026594133325e-02
 5.996979730928383989e-02
 5.996863065118230446e-02
 5.996749414997901845e-02
 5.996627208382473984e-02
 5.996498967869133556e-02
 5.996406946462846943e-02
 5.996370529794600029e-02
 5.996366951920267807e-02
 5.996373904222478818e-02
 5.996375846473037813e-02
 5.996363551205934062e-02
 5.996321711760437684e-02
 5.996243341953944039e-02
 5.996143094092385578e-02
 5.996036146142674772e-02
 5.995924251679539407e-02
 5.995809207641143723e-02
 5.995698677955799832e-02
 5.995592093053562360e-02
 5.995478492456610131e-02
 5.995368893853988967e-02
 5.995300233287377545e-02
 5.995276861408793678e-02
 5.995276110307434791e-02
 5.995287418315981692e-02
 5.995306813789191835e-02
 5.995308975477334212e-02
 5.995296490637758158e-02
 5.995256089712119874e-02
 5.995184288724517141e-02
 5.995095744987751635e-02
 5.995003429177284127e-02
 5.994908826326491441e-02
 5.994809567381777921e-02
 5.994704686527207310e-02
 5.994596528167923932e-02
 5.994488800529848560e-02
 5.994382688864405978e-02
 5.994278680495206124e-02
 5.994181188914905756e-02
 5.994092878952930747e-02
 5.994006105456017169e-02
 5.993913786866252036e-02
 5.993833418334680585e-02
 5.993789605682060123e-02
 5.993777019666978595e-02
 5.993777381150555000e-02
 5.993783776652474027e-02
 5.993799381460444137e-02
 5.993824586417392103e-02
 5.993858496097903554e-02
 5.993901921713718633e-02
 5.993960011673438171e-02
 5.994043268701789579e-02
 5.994164814379879941e-02
 5.994329554495901602e-02
 5.994522076935412946e-02
 5.994704614809583804e-02
 5.994826696799502447e-02
 5.994873920222223290e-02
 5.994881455198091541e-02
 5.994870056938017555e-02
 5.994832709594057063e-02
 5.994773988765744743e-02
 5.994687193685039467e-02
 5.994544839744567893e-02
 5.994301392255563243e-02
 5.993888571443854729e-02
 5.993206112445372685e-02
 5.992107911661251340e-02
 5.990382663045962230e-02
 5.987727938374710207e-02
 5.983715810835932292e-02
 5.977747668686397148e-02
 5.968995858070298699e-02
 5.956330145271993698e-02
 5.938228119561826668e-02
 5.912671062006900208e-02
 5.877031448827944177e-02
 5.827966563495923236e-02
 5.761346393001375715e-02
 5.672264256455993719e-02
 5.555204863011314192e-02
 5.404470017555027678e-02
 5.214960822940708368e-02
 4.983341618784516841e-02
 4.709557476835160572e-02
 4.398507304444958244e-02
 4.060419937805256202e-02
 3.709317616280889685e-02
 3.362505610658202138e-02
 3.035906249554082975e-02
 2.739417711908471650e-02
 2.480224702482682411e-02
 2.265292902939682745e-02
 2.098511825348781112e-02
 1.978836594752764536e-02
 1.903036803523767279e-02
 1.867344663323377771e-02
 1.867317525729502228e-02
 1.897533764533191128e-02
 1.951573357313083137e-02
 2.022462821125070934e-02
 2.102961025230577416e-02
 2.185694515321494683e-02
 2.264119600105094984e-02
 2.334032285983689975e-02
 2.393957735075121634e-02
 2.444161377195983031e-02
 2.485555837090854328e-02
 2.519203523303429476e-02
 2.546203767732539702e-02
 2.567618560023733273e-02
 2.584415831109888873e-02
 2.597447163710990201e-02
 2.607453020306503555e-02
 2.615058082195649905e-02
 2.620764993892946149e-02
 2.624990848775646604e-02
 2.628104241192555368e-02
 2.630388787315324911e-02
 2.632026105968928928e-02
 2.633185090366474412e-02
 2.634064234221318232e-02
 2.634751914589279417e-02
 2.635191426633486794e-02
 2.635348051536722663e-02
 2.635272873157992746e-02
 2.634917584943436558e-02
 2.634165955291412411e-02
 2.633073251943786330e-02
 2.631986693782361122e-02
 2.631084285431655942e-02
 2.630448677009096861e-02
 2.629994342222359907e-02
 2.629533586603322384e-02
 2.629029174699735322e-02
 2.628468065035528475e-02
 2.627838314618289456e-02
 2.627142082776316723e-02
 2.626389336005148512e-02
 2.625591237598784433e-02
 2.624756018900636576e-02
 2.623889596461602414e-02
 2.622996269473417894e-02
 2.622079140657956886e-02
 2.621140520461983855e-02
 2.620182238544131736e-02
 2.619205716333106171e-02
 2.618211936642550128e-02
 2.617201368369663494e-02
 2.616173922378672509e-02
 2.615129008250267201e-02
 2.614065714505416430e-02
 2.612983049047062564e-02
 2.611880143151040778e-02
 2.610756354614862662e-02
 2.609611269066988704e-02
 2.608444645336406575e-02
 2.607256354997370892e-02
 2.606046338295810866e-02
 2.604814570829484810e-02
 2.603561031019915525e-02
 2.602285673288226575e-02
 2.600988422104127951e-02
 2.599669190735445085e-02
 2.598327904317138115e-02
 2.596964496282166274e-02
 2.595578866987988467e-02
 2.594170831096065041e-02
 2.592740102202878427e-02
 2.591286344013787532e-02
 2.589809267029933790e-02
 2.588308710333069376e-02
 2.586784656165176319e-02
 2.585237175512698424e-02
 2.583666352361305499e-02
 2.582072240153157616e-02
 2.580454863201827806e-02
 2.578814228613396722e-02
 2.577150307388076031e-02
 2.575462984769265676e-02
 2.573752028713012854e-02
 </DataArray>
 <DataArray Name="vel.x" type="Float32" NumberOfComponents="1" format="ascii">
 2.498292544984095002e+03
 2.498310670844432934e+03
 2.498328262314047606e+03
 2.498345262087014817e+03
 2.498361730188611546e+03
 2.498377816912799972e+03
 2.498393700433380673e+03
 2.498409516468322636e+03
 2.498425309739049226e+03
 2.498441027634474267e+03
 2.498456558012624555e+03
 2.498471792828681828e+03
 2.498486687737650300e+03
 2.498501290926491492e+03
 2.498515730269326468e+03
 2.498530166946590725e+03
 2.498544735031799519e+03
 2.498559490042331163e+03
 2.498574390235347892e+03
 2.498589324714586837e+03
 2.498604174246926505e+03
 2.498618867423305801e+03
 2.498633405122657223e+03
 2.498647852501216676e+03
 2.498662307479818992e+03
 2.498676854726823876e+03
 2.498691523192861041e+03
 2.498706271476399252e+03
 2.498721006920573927e+03
 2.498735616929502157e+03
 2.498749994211470039e+03
 2.498764062523412122e+03
 2.498777807686263259e+03
 2.498791292666372556e+03
 2.498804631174762562e+03
 2.498817924162111922e+03
 2.498831199376852055e+03
 2.498844398696145618e+03
 2.498857414335365775e+03
 2.498870132943007320e+03
 2.498882479936090931e+03
 2.498894487456933348e+03
 2.498906325086496054e+03
 2.498918202501341511e+03
 2.498930209667892541e+03
 2.498942258002852213e+03
 2.498954200200204468e+03
 2.498966003126263331e+03
 2.498977747599699796e+03
 2.498989477749667913e+03
 2.499001119493394526e+03
 2.499012581942063662e+03
 2.499023960384225120e+03
 2.499035481270854234e+03
 2.499047026016893142e+03
 2.499058068546770301e+03
 2.499068626610986030e+03
 2.499079504963836371e+03
 2.499091139974931593e+03
 2.499102914490285002e+03
 2.499113833805817194e+03
 2.499123743928884323e+03
 2.499133418614424954e+03
 2.499143589264600450e+03
 2.499154302582574928e+03
 2.499165136250560408e+03
 2.499175618765550098e+03
 2.499185703336066581e+03
 2.499195900241014897e+03
 2.499206294963784330e+03
 2.499215338082328799e+03
 2.499222613445484058e+03
 2.499230431070975101e+03
 2.499240778492224763e+03
 2.499252682816122615e+03
 2.499262933167587562e+03
 2.499270743742739796e+03
 2.499278126267023708e+03
 2.499287020639399998e+03
 2.499297304688477652e+03
 2.499307579168659686e+03
 2.499317199445577444e+03
 2.499326113874245493e+03
 2.499334765068788329e+03
 2.499343983407424275e+03
 2.499353366829242987e+03
 2.499361122533616253e+03
 2.499367784723297973e+03
 2.499375503994860537e+03
 2.499385268444601479e+03
 2.499395572775977143e+03
 2.499405098312843165e+03
 2.499413337200131991e+03
 2.499419663553442660e+03
 2.499426037948993326e+03
 2.499434045523886653e+03
 2.499443207040177185e+03
 2.499452064244951998e+03
 2.499460265382980197e+03
 2.499468027214381891e+03
 2.499475514357901829e+03
 2.499482814069932374e+03
 2.499490085752159303e+03
 2.499497450823717827e+03
 2.499504701985153133e+03
 2.499511665396054468e+03
 2.499518780987775244e+03
 2.499526377521255199e+03
 2.499533503001307508e+03
 2.499539342060430954e+03
 2.499544888707575410e+03
 2.499551679086977401e+03
 2.499559907901494171e+03
 2.499568071599897394e+03
 2.499575374840147560e+03
 2.499582228504671093e+03
 2.499589025909200245e+03
 2.499595896230207018e+03
 2.499602817848747691e+03
 2.499609811942773831e+03
 2.499616930509764188e+03
 2.499623854528028005e+03
 2.499629913864027003e+03
 2.499635830822649496e+03
 2.499643990021486388e+03
 2.499652749756012781e+03
 2.499657557682329752e+03
 2.499661045960828233e+03
 2.499666172976744747e+03
 2.499674231738593789e+03
 2.499682707673330242e+03
 2.499689544679274150e+03
 2.499695461957184762e+03
 2.499701094063760138e+03
 2.499706728444924465e+03
 2.499712414355116380e+03
 2.499718108354378728e+03
 2.499723775962895161e+03
 2.499729426335314201e+03
 2.499735108740212581e+03
 2.499740908139896419e+03
 2.499746957927813128e+03
 2.499753482651704871e+03
 2.499760889820777720e+03
 2.499769922591206523e+03
 2.499781901422361898e+03
 2.499799110368224774e+03
 2.499825358397223226e+03
 2.499866636096276125e+03
 2.499931707078295858e+03
 2.500032753591772689e+03
 2.500184954619362543e+03
 2.500397326678655645e+03
 2.500665933747962299e+03
 2.501021342265624298e+03
 2.501461452601937253e+03
 2.501676380751591751e+03
 2.501614368715979708e+03
 2.501205502485705438e+03
 2.500377519857024254e+03
 2.499291724102897660e+03
 2.498306524971649651e+03
 2.497944369569891023e+03
 2.497968586608893020e+03
 2.498202442784289360e+03
 2.498683320254636783e+03
 2.499321275223617249e+03
 2.499955385014083731e+03
 2.500518720182656580e+03
 2.501075932860972898e+03
 2.501635221600368368e+03
 2.502082485355998415e+03
 2.502369316654450358e+03
 2.502515823959453883e+03
 2.502559816229384978e+03
 2.502560434035181515e+03
 2.502545222355367059e+03
 2.502509562553717387e+03
 2.502456129752998095e+03
 2.502391127334286011e+03
 2.502318093786644113e+03
 2.502236970169800315e+03
 2.502151465347801150e+03
 2.502066275105245495e+03
 2.501977032403811791e+03
 2.501879147146358719e+03
 2.501783410034963708e+03
 2.501695717533490551e+03
 2.501599056525676588e+03
 2.501486230565940332e+03
 2.501389665990332560e+03
 2.501312106472464166e+03
 2.501215930103366190e+03
 2.501081286364198604e+03
 2.500953692526597479e+03
 2.500850739716979206e+03
 2.500737894314754612e+03
 2.500611884397034373e+03
 2.500523259123340722e+03
 2.500436847970657709e+03
 2.500327443373438200e+03
 2.500209569776540775e+03
 2.500080213339436341e+03
 2.499945638901051097e+03
 2.499817139401316581e+03
 2.499693556028872536e+03
 2.499569526349961507e+03
 2.499441841297301835e+03
 2.499310334523558140e+03
 2.499175800834914298e+03
 2.499038816369753476e+03
 2.498899592607530394e+03
 2.498758136003219988e+03
 2.498614387895017444e+03
 2.498468295475406649e+03
 2.498319810732732094e+03
 2.498168912396810356e+03
 2.498015602326296630e+03
 2.497859891771591720e+03
 2.497701788961280272e+03
 2.497541284949806595e+03
 2.497378342256842188e+03
 2.497212893853039986e+03
 2.497044855707191346e+03
 2.496874147478075429e+03
 2.496700710409729709e+03
 2.496524514403561170e+03
 2.496345554779137728e+03
 2.496163844907196562e+03
 2.495979408440939551e+03
 2.495792268168830105e+03
 2.495602426861503773e+03
 2.495409843422707127e+03
 2.495214418771989585e+03
 2.495016007709738460e+03
 2.494814459314081887e+03
 2.494609667311868179e+03
 2.494401600604579016e+03
 2.494190294147920667e+03
 2.493975806192901473e+03
 2.493758170066493221e+03
 2.493537369425529505e+03
 2.493313345117170684e+03
 2.493086018004414655e+03
 2.492855305761936961e+03
 2.492621126024826026e+03
 2.492383397140607030e+03
 2.492142051141430329e+03
 2.491897057250539547e+03
 2.491648434966930836e+03
 2.498292544984090910e+03
 2.498310670844431115e+03
 2.498328262314047606e+03
 2.498345262087014362e+03
 2.498361730188612000e+03
 2.498377816912802245e+03
 2.498393700433382492e+03
 2.498409516468323091e+03
 2.498425309739046952e+03
 2.498441027634471993e+03
 2.498456558012626374e+03
 2.498471792828686375e+03
 2.498486687737656212e+03
 2.498501290926494676e+03
 2.498515730269326014e+03
 2.498530166946590271e+03
 2.498544735031798609e+03
 2.498559490042332982e+03
 2.498574390235350620e+03
 2.498589324714587747e+03
 2.498604174246927414e+03
 2.498618867423305346e+03
 2.498633405122654949e+03
 2.498647852501217130e+03
 2.498662307479818992e+03
 2.498676854726824786e+03
 2.498691523192861496e+03
 2.498706271476396978e+03
 2.498721006920572108e+03
 2.498735616929498519e+03
 2.498749994211468220e+03
 2.498764062523411667e+03
 2.498777807686261895e+03
 2.498791292666372101e+03
 2.498804631174762562e+03
 2.498817924162114195e+03
 2.498831199376855238e+03
 2.498844398696149256e+03
 2.498857414335369413e+03
 2.498870132943009594e+03
 2.498882479936090476e+03
 2.498894487456932438e+03
 2.498906325086496508e+03
 2.498918202501342421e+03
 2.498930209667890722e+03
 2.498942258002849485e+03
 2.498954200200204923e+03
 2.498966003126264695e+03
 2.498977747599702070e+03
 2.498989477749666548e+03
 2.499001119493390888e+03
 2.499012581942060933e+03
 2.499023960384222391e+03
 2.499035481270848777e+03
 2.499047026016889049e+03
 2.499058068546772574e+03
 2.499068626610988758e+03
 2.499079504963841828e+03
 2.499091139974934322e+03
 2.499102914490290459e+03
 2.499113833805817194e+03
 2.499123743928882050e+03
 2.499133418614421771e+03
 2.499143589264597267e+03
 2.499154302582575383e+03
 2.499165136250560408e+03
 2.499175618765550553e+03
 2.499185703336068855e+03
 2.499195900241015806e+03
 2.499206294963786149e+03
 2.499215338082330618e+03
 2.499222613445486331e+03
 2.499230431070979648e+03
 2.499240778492231584e+03
 2.499252682816124434e+03
 2.499262933167586652e+03
 2.499270743742735704e+03
 2.499278126267019161e+03
 2.499287020639396815e+03
 2.499297304688476288e+03
 2.499307579168661505e+03
 2.499317199445578353e+03
 2.499326113874245948e+03
 2.499334765068790603e+03
 2.499343983407426549e+03
 2.499353366829245260e+03
 2.499361122533618527e+03
 2.499367784723300701e+03
 2.499375503994864175e+03
 2.499385268444605572e+03
 2.499395572775979872e+03
 2.499405098312845439e+03
 2.499413337200132446e+03
 2.499419663553444025e+03
 2.499426037948995145e+03
 2.499434045523889381e+03
 2.499443207040180368e+03
 2.499452064244953817e+03
 2.499460265382981561e+03
 2.499468027214382346e+03
 2.499475514357903648e+03
 2.499482814069932374e+03
 2.499490085752161121e+03
 2.499497450823721465e+03
 2.499504701985155407e+03
 2.499511665396057197e+03
 2.499518780987778428e+03
 2.499526377521256109e+03
 2.499533503001307963e+03
 2.499539342060431864e+03
 2.499544888707578139e+03
 2.499551679086978311e+03
 2.499559907901495080e+03
 2.499568071599899213e+03
 2.499575374840152563e+03
 2.499582228504677460e+03
 2.499589025909206157e+03
 2.499595896230213839e+03
 2.499602817848753602e+03
 2.499609811942777014e+03
 2.499616930509769645e+03
 2.499623854528035736e+03
 2.499629913864032005e+03
 2.499635830822651769e+03
 2.499643990021488662e+03
 2.499652749756013691e+03
 2.499657557682330207e+03
 2.499661045960828233e+03
 2.499666172976744747e+03
 2.499674231738592880e+03
 2.499682707673327059e+03
 2.499689544679272331e+03
 2.499695461957183852e+03
 2.499701094063761502e+03
 2.499706728444927194e+03
 2.499712414355118653e+03
 2.499718108354380547e+03
 2.499723775962897435e+03
 2.499729426335318294e+03
 2.499735108740216674e+03
 2.499740908139899147e+03
 2.499746957927817220e+03
 2.499753482651709419e+03
 2.499760889820782268e+03
 2.499769922591211071e+03
 2.499781901422365081e+03
 2.499799110368227502e+03
 2.499825358397226410e+03
 2.499866636096282491e+03
 2.499931707078304044e+03
 2.500032753591781784e+03
 2.500184954619369364e+03
 2.500397326678662012e+03
 2.500665933747967756e+03
 2.501021342265627482e+03
 2.501461452601942256e+03
 2.501676380751599027e+03
 2.501614368715986529e+03
 2.501205502485712714e+03
 2.500377519857031984e+03
 2.499291724102904482e+03
 2.498306524971657836e+03
 2.497944369569897390e+03
 2.497968586608895748e+03
 2.498202442784287996e+03
 2.498683320254632690e+03
 2.499321275223609973e+03
 2.499955385014075546e+03
 2.500518720182647030e+03
 2.501075932860961530e+03
 2.501635221600359728e+03
 2.502082485355987956e+03
 2.502369316654440354e+03
 2.502515823959445243e+03
 2.502559816229378612e+03
 2.502560434035175149e+03
 2.502545222355359783e+03
 2.502509562553711476e+03
 2.502456129752990364e+03
 2.502391127334277826e+03
 2.502318093786639110e+03
 2.502236970169794859e+03
 2.502151465347797057e+03
 2.502066275105241857e+03
 2.501977032403806788e+03
 2.501879147146354626e+03
 2.501783410034958706e+03
 2.501695717533486913e+03
 2.501599056525672495e+03
 2.501486230565937149e+03
 2.501389665990329377e+03
 2.501312106472462347e+03
 2.501215930103365281e+03
 2.501081286364197695e+03
 2.500953692526597933e+03
 2.500850739716980570e+03
 2.500737894314754612e+03
 2.500611884397035737e+03
 2.500523259123342541e+03
 2.500436847970659528e+03
 2.500327443373437745e+03
 2.500209569776539411e+03
 2.500080213339434977e+03
 2.499945638901050188e+03
 2.499817139401315217e+03
 2.499693556028872536e+03
 2.499569526349960597e+03
 2.499441841297299561e+03
 2.499310334523557231e+03
 2.499175800834913844e+03
 2.499038816369753476e+03
 2.498899592607529939e+03
 2.498758136003220898e+03
 2.498614387895018808e+03
 2.498468295475408013e+03
 2.498319810732733004e+03
 2.498168912396810811e+03
 2.498015602326297994e+03
 2.497859891771594448e+03
 2.497701788961283000e+03
 2.497541284949808414e+03
 2.497378342256842188e+03
 2.497212893853039986e+03
 2.497044855707190891e+03
 2.496874147478076793e+03
 2.496700710409730618e+03
 2.496524514403562080e+03
 2.496345554779139547e+03
 2.496163844907198836e+03
 2.495979408440941825e+03
 2.495792268168831015e+03
 2.495602426861503773e+03
 2.495409843422707127e+03
 2.495214418771990495e+03
 2.495016007709738915e+03
 2.494814459314082796e+03
 2.494609667311871362e+03
 2.494401600604583564e+03
 2.494190294147924760e+03
 2.493975806192901473e+03
 2.493758170066496859e+03
 2.493537369425533143e+03
 2.493313345117172048e+03
 2.493086018004415109e+03
 2.492855305761936506e+03
 2.492621126024825116e+03
 2.492383397140605666e+03
 2.492142051141430784e+03
 2.491897057250541366e+03
 2.491648434966932200e+03
 </DataArray>
 <DataArray Name="vel.y" type="Float32" NumberOfComponents="1" format="ascii">
 3.094590978370166159e-13
 6.401345473845358298e-14
 -1.073001262651318561e-13
 -2.044793514782494861e-13
 -1.811407603571902484e-13
 -4.042832359347065185e-14
 2.278548850249467290e-14
 7.987798465714599541e-15
 -2.455707294705740047e-13
 -4.328296997531940873e-13
 -4.292490132570697845e-13
 -3.642290300056859978e-13
 -1.555934839690589065e-13
 6.116820604728846335e-14
 6.722594174933357153e-14
 6.184699782726150621e-14
 3.081410177325671600e-14
 5.523535574100184690e-14
 9.882965146253549030e-14
 1.809264548855058196e-13
 2.321584428675060285e-13
 1.204951550236240103e-13
 5.772533366141532505e-14
 1.223916926705031885e-13
 1.212005074082548746e-13
 1.473879476311712083e-13
 1.544524974510466456e-13
 6.513149298764840591e-14
 -7.347892323396401921e-14
 -3.119408880898182873e-13
 -5.252310194487145328e-13
 -6.704912290968603841e-13
 -8.935536366187381573e-13
 -1.030501057457327766e-12
 -1.142872809836961654e-12
 -1.105732202798437671e-12
 -9.376367638318029736e-13
 -7.225331524149152795e-13
 -4.834078656254156470e-13
 -3.205088886295204058e-13
 -2.788527847994807874e-13
 -2.655792432034643239e-13
 -2.990317643333434366e-13
 -2.804628578596939076e-13
 -3.860049269789687652e-13
 -6.041182951239943334e-13
 -6.591397975766511486e-13
 -5.634671270020097043e-13
 -3.236006346301403027e-13
 -2.340352784630463919e-13
 -4.161593317043367603e-13
 -4.460040719702352727e-13
 -4.621478003820692390e-13
 -6.929825957589221422e-13
 -1.011610934013068297e-12
 -1.034661100275437800e-12
 -9.767224905452328351e-13
 -4.707289643978625799e-13
 -3.401463319737980531e-13
 -9.741247537333469416e-15
 1.758316146352263880e-13
 1.249207462468487049e-13
 -2.855647000947108765e-14
 -3.548332385485237891e-13
 -5.654176718346845347e-13
 -8.988751331295671239e-13
 -1.202499838748192202e-12
 -1.352580071776631362e-12
 -1.296523915099358579e-12
 -9.696970316504140832e-13
 -5.972598017666649350e-13
 -3.356688197447716225e-13
 -1.709638505945543785e-13
 3.811754401866699842e-14
 1.040145509061299173e-13
 9.221849549741329982e-14
 5.082716549800630114e-14
 -3.915583791992261223e-13
 -7.300179220581942174e-13
 -9.367342426725336528e-13
 -9.193559945056881980e-13
 -8.523150094096241468e-13
 -7.156224905098166729e-13
 -5.680980127680792567e-13
 -4.097534579850828971e-13
 -2.904822032791656854e-13
 -2.363892829587030176e-13
 -2.905443035990344212e-13
 -3.405453128411527996e-13
 -3.168184317620780229e-13
 -3.554234956315012767e-13
 -2.919667976284329330e-13
 -3.835206329399182547e-13
 -3.997621594948435867e-13
 -4.471640255061407663e-13
 -4.740236293691461912e-13
 -5.831550081208601562e-13
 -7.012526084509442972e-13
 -7.553290952677419824e-13
 -7.519083598771660180e-13
 -7.087448915200508859e-13
 -8.093332075141699506e-13
 -8.497063178386276247e-13
 -5.439289815905880864e-13
 -5.163029206271826996e-13
 -4.892010779664567719e-13
 -4.039972749382134728e-13
 -3.890949939502966720e-13
 -5.113587217664760881e-13
 -6.156845257104161172e-13
 -5.827672774831636770e-13
 -4.926055073808152592e-13
 -4.685959209875751642e-13
 -5.121994914214424390e-13
 -4.361145158888250540e-13
 -2.147377423504022619e-13
 5.973983861689792155e-14
 3.984442027593254025e-13
 7.323256469009270251e-13
 9.566948208901329259e-13
 1.189031748749661003e-12
 1.596151885337550857e-12
 1.782160903136508602e-12
 1.688634197881524865e-12
 1.605419056333032192e-12
 1.425048956688748708e-12
 1.262286870025553375e-12
 1.139972497926168608e-12
 9.759826790899331230e-13
 7.744481053804160961e-13
 5.810271713446697729e-13
 4.128691313424778131e-13
 2.522473816123804486e-13
 1.559278099658789017e-13
 9.087283531169018591e-14
 4.730022357390266552e-14
 3.865306454599910276e-14
 8.165733838067703714e-14
 1.231298553270720645e-13
 1.386797741607179503e-13
 8.490682902715965837e-14
 5.891268824017595418e-14
 6.021093089568861268e-14
 1.097419144439115988e-13
 1.579144745497017506e-13
 1.384498495105563076e-13
 8.198546002304818972e-14
 6.220306359647588068e-14
 1.589635860439506942e-13
 3.410840385732379711e-13
 5.049031459201473097e-13
 5.504306801547124983e-13
 5.839397314373945570e-13
 6.009962526099326683e-13
 5.028804056105830313e-13
 3.288184256992570662e-13
 1.298716568450817579e-13
 6.078932969026036012e-14
 5.451808752379717370e-14
 3.037374381062652392e-13
 7.410590394155256559e-13
 1.466160922852346520e-12
 2.277192045349335218e-12
 2.526679911109999159e-12
 2.298687661556654670e-12
 2.254577950729242004e-12
 2.173922999082781308e-12
 2.156631039528705349e-12
 2.142428478326000466e-12
 2.082614053669951642e-12
 1.888158147803936899e-12
 2.022421394048318140e-12
 1.875778048808925345e-12
 1.903323023536208729e-12
 1.666482050072458230e-12
 2.090529817095330274e-12
 2.026463192395708494e-12
 2.055261153573897780e-12
 2.058658615185581649e-12
 1.704653060023273180e-12
 1.652321557407741919e-12
 1.732345287923685596e-12
 1.706919501238813509e-12
 1.789192250588179799e-12
 1.600472338146444558e-12
 1.321055444773397934e-12
 1.078546008912361783e-12
 8.369677701805737723e-13
 6.016406079275498439e-13
 4.572715032409441139e-13
 2.886783655594349842e-13
 1.224604064298912577e-13
 8.415836600940577987e-14
 1.165481723852683511e-13
 2.439296327700603352e-13
 5.095741310021527581e-13
 7.366807530286438366e-13
 9.688024229836374556e-13
 1.100649226350814937e-12
 1.094895775547544385e-12
 1.052943280726485378e-12
 9.735159933764461497e-13
 8.426779114052330292e-13
 7.701942203696300243e-13
 7.356925750688462672e-13
 7.018888434019664735e-13
 6.273415000399390186e-13
 5.808857288553036663e-13
 5.801660147093540394e-13
 5.632583291331947405e-13
 5.406646964180852263e-13
 4.617959925934499625e-13
 3.934595736250225898e-13
 3.465995126782395785e-13
 3.015874682443117691e-13
 2.623672870895930780e-13
 2.050357491577926328e-13
 1.542416776523957203e-13
 2.091624877421535261e-13
 2.981433725613842714e-13
 2.538587535711094276e-13
 1.477748932603672720e-13
 8.120501222036722474e-14
 2.902838884444339251e-15
 -1.491628767126285981e-13
 -3.466925442296385519e-13
 -4.262075431695066728e-13
 -4.532506354739647019e-13
 -3.923043203056685145e-13
 -2.367676213045359309e-13
 -1.076445341585309520e-13
 -8.959219004024394426e-14
 -1.533360333865085796e-13
 -3.384544971407799442e-13
 -4.467954599051256644e-13
 -4.417527662714629966e-13
 -4.177701241659368525e-13
 -2.522453004366354183e-13
 -1.485794915764302116e-13
 -1.558951835146493076e-13
 -2.650403302505648828e-14
 1.866086891015155458e-13
 4.416728636443677861e-13
 5.639293076592340505e-13
 5.370636264471006900e-13
 3.924173814371100932e-13
 2.122168357703793952e-13
 7.092372234150039869e-14
 9.392958625049698296e-14
 5.963227898753587831e-14
 3.792879495937932505e-13
 1.286982312785097973e-13
 -4.227200923159499994e-14
 -1.369795938586862573e-13
 -1.130771126304980744e-13
 2.837622850815578863e-14
 8.987882210885091698e-14
 6.615868348014093100e-14
 -1.834666925017620491e-13
 -3.894054425023385000e-13
 -4.005824982128249663e-13
 -3.085581714590193364e-13
 -8.981585374563714438e-14
 1.293395830857475777e-13
 1.358334067166976191e-13
 1.287527539273334940e-13
 8.989870530777032117e-14
 1.213199250504813567e-13
 1.697776102007812544e-13
 2.527851798206097088e-13
 2.991920160306584932e-13
 1.754284580513692369e-13
 1.035886902493855004e-13
 1.784033200999319000e-13
 1.876897148695852759e-13
 2.164048035811837341e-13
 2.070579094086215376e-13
 9.671905223647588428e-14
 -4.309628726792437613e-14
 -2.748364140909706016e-13
 -4.876887060826387796e-13
 -6.227796326620001199e-13
 -8.478659963769282317e-13
 -9.915476448129783857e-13
 -1.102829656171923380e-12
 -1.050334885581114678e-12
 -8.828926026137020893e-13
 -6.625594773585805671e-13
 -4.287407265126656135e-13
 -2.765180404127476429e-13
 -2.493690889469837083e-13
 -2.245126438506865517e-13
 -2.263912820598548190e-13
 -2.027813906673194621e-13
 -3.302427879341749139e-13
 -5.530447080097041955e-13
 -6.003714832607656461e-13
 -4.994101834143100889e-13
 -2.736206410651876320e-13
 -1.930954094698805604e-13
 -3.813749360654968511e-13
 -4.176470229707526269e-13
 -4.156451808492464384e-13
 -6.235388874321112623e-13
 -9.308535978442011959e-13
 -9.548830430426127567e-13
 -9.037609955750357337e-13
 -3.895774274977914331e-13
 -2.655032060202997720e-13
 5.950000773451139679e-14
 2.516753495631285132e-13
 1.974138606346786352e-13
 4.285131906229272096e-14
 -2.961616289484666837e-13
 -5.250817561859853126e-13
 -8.916610017752440296e-13
 -1.214236510369347421e-12
 -1.363840787821881728e-12
 -1.308838432634418837e-12
 -9.643497520415708944e-13
 -5.741956349514216188e-13
 -2.845431231295015435e-13
 -1.177097526824491525e-13
 9.569822540017986919e-14
 1.573634398106727613e-13
 1.404601866151833381e-13
 9.449847290192664610e-14
 -3.508870900658026505e-13
 -6.947051040423369136e-13
 -8.989790938005763130e-13
 -8.778368940542967937e-13
 -7.991188459024057134e-13
 -6.666554013836612997e-13
 -5.460442357707600335e-13
 -3.851695224490017410e-13
 -2.419031212836108399e-13
 -1.782585142770299434e-13
 -2.262298991656794810e-13
 -2.964887323818220400e-13
 -2.745195898696996777e-13
 -3.194668739998220287e-13
 -2.412575930997822175e-13
 -3.417106739241158040e-13
 -3.439950056975947550e-13
 -3.816993197738055334e-13
 -4.069035974897818653e-13
 -5.234991985615532949e-13
 -6.416013063955962675e-13
 -6.989032268041202196e-13
 -6.973034735191506663e-13
 -6.551842493129530637e-13
 -7.480316808809578485e-13
 -7.831253201357583934e-13
 -4.994526471491017961e-13
 -4.834478059238736136e-13
 -4.706023913889614771e-13
 -3.963901536136227952e-13
 -3.742418767505695406e-13
 -4.772710627114057888e-13
 -5.716929256455175659e-13
 -5.260953919845269884e-13
 -4.236633326760775904e-13
 -3.973573629796436643e-13
 -4.473512455761317298e-13
 -3.791182220040932755e-13
 -1.617674302295541281e-13
 1.230888718410244940e-13
 4.614605652245826440e-13
 7.914579915195331208e-13
 1.005483632064527888e-12
 1.241752955457130747e-12
 1.653001953876444252e-12
 1.832191988892509314e-12
 1.722589072616804106e-12
 1.621396153557566224e-12
 1.429570182276659418e-12
 1.260109632355040959e-12
 1.155204075806945883e-12
 1.029215704114882328e-12
 8.441367197231331580e-13
 6.261038003739974157e-13
 4.316699342136600269e-13
 2.558877385179845729e-13
 1.508603732298012933e-13
 7.610124900273903352e-14
 1.959078432340187668e-14
 2.398062705449467767e-15
 5.835981181587922025e-14
 1.392671712265574006e-13
 1.748641373064789545e-13
 1.297216769286904541e-13
 9.379550592611030502e-14
 8.830000542878216964e-14
 1.285190668672542121e-13
 1.843648727142930169e-13
 1.624859790802995480e-13
 9.321288292237632004e-14
 7.451271350427759194e-14
 1.934781470222088313e-13
 3.717300245020096413e-13
 5.172162488897848264e-13
 5.697871978680706504e-13
 6.068716985100658521e-13
 6.039636041934208339e-13
 5.173398436008185072e-13
 3.783732935776014192e-13
 1.581504802973310678e-13
 7.182425949162239520e-14
 8.653602243390386546e-14
 3.459526724516803768e-13
 7.582077720822608296e-13
 1.444968610261226037e-12
 2.195823408302252038e-12
 2.513788564008728478e-12
 2.245215860855236205e-12
 2.206225989418418933e-12
 2.151309454467926953e-12
 2.179320091292577567e-12
 2.263466085982109854e-12
 2.219230117246688391e-12
 2.021975222853414514e-12
 2.135543269636825742e-12
 1.950023534544436645e-12
 1.989222517063234055e-12
 1.726439691115580491e-12
 2.161431445241288540e-12
 2.118173025379672448e-12
 2.174199030729588497e-12
 2.220496803250226332e-12
 1.840152447878699954e-12
 1.744950798394230192e-12
 1.794334057532400568e-12
 1.680471011946702792e-12
 1.713437959992529052e-12
 1.492841397673066952e-12
 1.199840889262935115e-12
 1.003250982040957889e-12
 8.118035872156010127e-13
 6.133084964095872924e-13
 5.088608666524130584e-13
 3.836514383853893666e-13
 2.644934437057540016e-13
 2.595172137822287984e-13
 2.832307363624218997e-13
 3.801370987223452026e-13
 5.928300983302418927e-13
 8.207210054172148510e-13
 1.038571044872371488e-12
 1.164950623491852396e-12
 1.132459881161263003e-12
 1.086741370406299379e-12
 1.052341123926308640e-12
 9.219716708236510324e-13
 8.053701406807443303e-13
 7.498636176804241321e-13
 6.971538583463129794e-13
 6.043647111525316232e-13
 5.191026667881275211e-13
 5.150593596974327836e-13
 5.224422190325302548e-13
 5.452719579567471189e-13
 5.072939182201398182e-13
 4.845985412478752213e-13
 4.576229666019390960e-13
 4.325084682464449330e-13
 4.242314862851538033e-13
 3.810197195519828204e-13
 3.603432111851086637e-13
 4.032197878130711516e-13
 4.398885369550487985e-13
 3.939454174617997681e-13
 2.971649828099733395e-13
 2.028583131440203039e-13
 6.929039264163066318e-14
 -9.659850938684057264e-14
 -2.291640362695487078e-13
 -3.050087438508091653e-13
 -3.332359696245043880e-13
 -2.515288714294280807e-13
 -1.313999579475822204e-13
 -3.198411084366173260e-14
 -8.250210516750542611e-15
 -4.479034393607384764e-14
 -2.234804237766867027e-13
 -3.779181297486491652e-13
 -3.741326204196610264e-13
 -2.899043814650968086e-13
 -1.113150565307975867e-13
 -5.640938258748740416e-14
 -7.699401441714310092e-14
 5.701855206172323035e-14
 2.996708906394283882e-13
 5.388398983415077155e-13
 6.440909326841185986e-13
 6.240063610623512139e-13
 5.023946642263297840e-13
 3.308962350644979857e-13
 1.637690998872637021e-13
 1.632831950326889556e-13
 1.229792093628748621e-13
 </DataArray>
 <DataArray Name="vel.z" type="Float32" NumberOfComponents="1" format="ascii">
 0.000000000000000000e+00
 0.000000000000000000e+00
 0.000000000000000000e+00
 0.000000000000000000e+00
 0.000000000000000000e+00
 0.000000000000000000e+00
 0.000000000000000000e+00
 0.000000000000000000e+00
 0.000000000000000000e+00
 0.000000000000000000e+00
 0.000000000000000000e+00
 0.000000000000000000e+00
 0.000000000000000000e+00
 0.000000000000000000e+00
 0.000000000000000000e+00
 0.000000000000000000e+00
 0.000000000000000000e+00
 0.000000000000000000e+00
 0.000000000000000000e+00
 0.000000000000000000e+00
 0.000000000000000000e+00
 0.000000000000000000e+00
 0.000000000000000000e+00
 0.000000000000000000e+00
 0.000000000000000000e+00
 0.000000000000000000e+00
 0.000000000000000000e+00
 0.000000000000000000e+00
 0.000000000000000000e+00
 0.000000000000000000e+00
 0.000000000000000000e+00
 0.000000000000000000e+00
 0.000000000000000000e+00
 0.000000000000000000e+00
 0.000000000000000000e+00
 0.000000000000000000e+00
 0.000000000000000000e+00
 0.000000000000000000e+00
 0.000000000000000000e+00
 0.000000000000000000e+00
 0.000000000000000000e+00
 0.000000000000000000e+00
 0.000000000000000000e+00
 0.000000000000000000e+00
 0.000000000000000000e+00
 0.000000000000000000e+00
 0.000000000000000000e+00
 0.000000000000000000e+00
 0.000000000000000000e+00
 0.000000000000000000e+00
 0.000000000000000000e+00
 0.000000000000000000e+00
 0.000000000000000000e+00
 0.000000000000000000e+00
 0.000000000000000000e+00
 0.000000000000000000e+00
 0.000000000000000000e+00
 0.000000000000000000e+00
 0.000000000000000000e+00
 0.000000000000000000e+00
 0.000000000000000000e+00
 0.000000000000000000e+00
 0.000000000000000000e+00
 0.000000000000000000e+00
 0.000000000000000000e+00
 0.000000000000000000e+00
 0.000000000000000000e+00
 0.000000000000000000e+00
 0.000000000000000000e+00
 0.000000000000000000e+00
 0.000000000000000000e+00
 0.000000000000000000e+00
 0.000000000000000000e+00
 0.000000000000000000e+00
 0.000000000000000000e+00
 0.000000000000000000e+00
 0.000000000000000000e+00
 0.000000000000000000e+00
 0.000000000000000000e+00
 0.000000000000000000e+00
 0.000000000000000000e+00
 0.000000000000000000e+00
 0.000000000000000000e+00
 0.000000000000000000e+00
 0.000000000000000000e+00
 0.000000000000000000e+00
 0.000000000000000000e+00
 0.000000000000000000e+00
 0.000000000000000000e+00
 0.000000000000000000e+00
 0.000000000000000000e+00
 0.000000000000000000e+00
 0.000000000000000000e+00
 0.000000000000000000e+00
 0.000000000000000000e+00
 0.000000000000000000e+00
 0.000000000000000000e+00
 0.000000000000000000e+00
 0.000000000000000000e+00
 0.000000000000000000e+00
 0.000000000000000000e+00
 0.000000000000000000e+00
 0.000000000000000000e+00
 0.000000000000000000e+00
 0.000000000000000000e+00
 0.000000000000000000e+00
 0.000000000000000000e+00
 0.000000000000000000e+00
 0.000000000000000000e+00
 0.000000000000000000e+00
 0.000000000000000000e+00
 0.000000000000000000e+00
 0.000000000000000000e+00
 0.000000000000000000e+00
 0.000000000000000000e+00
 0.000000000000000000e+00
 0.000000000000000000e+00
 0.000000000000000000e+00
 0.000000000000000000e+00
 0.000000000000000000e+00
 0.000000000000000000e+00
 0.000000000000000000e+00
 0.000000000000000000e+00
 0.000000000000000000e+00
 0.000000000000000000e+00
 0.000000000000000000e+00
 0.000000000000000000e+00
 0.000000000000000000e+00
 0.000000000000000000e+00
 0.000000000000000000e+00
 0.000000000000000000e+00
 0.000000000000000000e+00
 0.000000000000000000e+00
 0.000000000000000000e+00
 0.000000000000000000e+00
 0.000000000000000000e+00
 0.000000000000000000e+00
 0.000000000000000000e+00
 0.000000000000000000e+00
 0.000000000000000000e+00
 0.000000000000000000e+00
 0.000000000000000000e+00
 0.000000000000000000e+00
 0.000000000000000000e+00
 0.000000000000000000e+00
 0.000000000000000000e+00
 0.000000000000000000e+00
 0.000000000000000000e+00
 0.000000000000000000e+00
 0.000000000000000000e+00
 0.000000000000000000e+00
 0.000000000000000000e+00
 0.000000000000000000e+00
 0.000000000000000000e+00
 0.000000000000000000e+00
 0.000000000000000000e+00
 0.000000000000000000e+00
 0.000000000000000000e+00
 0.000000000000000000e+00
 0.000000000000000000e+00
 0.000000000000000000e+00
 0.000000000000000000e+00
 0.000000000000000000e+00
 0.000000000000000000e+00
 0.000000000000000000e+00
 0.000000000000000000e+00
 0.000000000000000000e+00
 0.000000000000000000e+00
 0.000000000000000000e+00
 0.000000000000000000e+00
 0.000000000000000000e+00
 0.000000000000000000e+00
 0.000000000000000000e+00
 0.000000000000000000e+00
 0.000000000000000000e+00
 0.000000000000000000e+00
 0.000000000000000000e+00
 0.000000000000000000e+00
 0.000000000000000000e+00
 0.000000000000000000e+00
 0.000000000000000000e+00
 0.000000000000000000e+00
 0.000000000000000000e+00
 0.000000000000000000e+00
 0.000000000000000000e+00
 0.000000000000000000e+00
 0.000000000000000000e+00
 0.000000000000000000e+00
 0.000000000000000000e+00
 0.000000000000000000e+00
 0.000000000000000000e+00
 0.000000000000000000e+00
 0.000000000000000000e+00
 0.000000000000000000e+00
 0.000000000000000000e+00
 0.000000000000000000e+00
 0.000000000000000000e+00
 0.000000000000000000e+00
 0.000000000000000000e+00
 0.000000000000000000e+00
 0.000000000000000000e+00
 0.000000000000000000e+00
 0.000000000000000000e+00
 0.000000000000000000e+00
 0.000000000000000000e+00
 0.000000000000000000e+00
 0.000000000000000000e+00
 0.000000000000000000e+00
 0.000000000000000000e+00
 0.000000000000000000e+00
 0.000000000000000000e+00
 0.000000000000000000e+00
 0.000000000000000000e+00
 0.000000000000000000e+00
 0.000000000000000000e+00
 0.000000000000000000e+00
 0.000000000000000000e+00
 0.000000000000000000e+00
 0.000000000000000000e+00
 0.000000000000000000e+00
 0.000000000000000000e+00
 0.000000000000000000e+00
 0.000000000000000000e+00
 0.000000000000000000e+00
 0.000000000000000000e+00
 0.000000000000000000e+00
 0.000000000000000000e+00
 0.000000000000000000e+00
 0.000000000000000000e+00
 0.000000000000000000e+00
 0.000000000000000000e+00
 0.000000000000000000e+00
 0.000000000000000000e+00
 0.000000000000000000e+00
 0.000000000000000000e+00
 0.000000000000000000e+00
 0.000000000000000000e+00
 0.000000000000000000e+00
 0.000000000000000000e+00
 0.000000000000000000e+00
 0.000000000000000000e+00
 0.000000000000000000e+00
 0.000000000000000000e+00
 0.000000000000000000e+00
 0.000000000000000000e+00
 0.000000000000000000e+00
 0.000000000000000000e+00
 0.000000000000000000e+00
 0.000000000000000000e+00
 0.000000000000000000e+00
 0.000000000000000000e+00
 0.000000000000000000e+00
 0.000000000000000000e+00
 0.000000000000000000e+00
 0.000000000000000000e+00
 0.000000000000000000e+00
 0.000000000000000000e+00
 0.000000000000000000e+00
 0.000000000000000000e+00
 0.000000000000000000e+00
 0.000000000000000000e+00
 0.000000000000000000e+00
 0.000000000000000000e+00
 0.000000000000000000e+00
 0.000000000000000000e+00
 0.000000000000000000e+00
 0.000000000000000000e+00
 0.000000000000000000e+00
 0.000000000000000000e+00
 0.000000000000000000e+00
 0.000000000000000000e+00
 0.000000000000000000e+00
 0.000000000000000000e+00
 0.000000000000000000e+00
 0.000000000000000000e+00
 0.000000000000000000e+00
 0.000000000000000000e+00
 0.000000000000000000e+00
 0.000000000000000000e+00
 0.000000000000000000e+00
 0.000000000000000000e+00
 0.000000000000000000e+00
 0.000000000000000000e+00
 0.000000000000000000e+00
 0.000000000000000000e+00
 0.000000000000000000e+00
 0.000000000000000000e+00
 0.000000000000000000e+00
 0.000000000000000000e+00
 0.000000000000000000e+00
 0.000000000000000000e+00
 0.000000000000000000e+00
 0.000000000000000000e+00
 0.000000000000000000e+00
 0.000000000000000000e+00
 0.000000000000000000e+00
 0.000000000000000000e+00
 0.000000000000000000e+00
 0.000000000000000000e+00
 0.000000000000000000e+00
 0.000000000000000000e+00
 0.000000000000000000e+00
 0.000000000000000000e+00
 0.000000000000000000e+00
 0.000000000000000000e+00
 0.000000000000000000e+00
 0.000000000000000000e+00
 0.000000000000000000e+00
 0.000000000000000000e+00
 0.000000000000000000e+00
 0.000000000000000000e+00
 0.000000000000000000e+00
 0.000000000000000000e+00
 0.000000000000000000e+00
 0.000000000000000000e+00
 0.000000000000000000e+00
 0.000000000000000000e+00
 0.000000000000000000e+00
 0.000000000000000000e+00
 0.000000000000000000e+00
 0.000000000000000000e+00
 0.000000000000000000e+00
 0.000000000000000000e+00
 0.000000000000000000e+00
 0.000000000000000000e+00
 0.000000000000000000e+00
 0.000000000000000000e+00
 0.000000000000000000e+00
 0.000000000000000000e+00
 0.000000000000000000e+00
 0.000000000000000000e+00
 0.000000000000000000e+00
 0.000000000000000000e+00
 0.000000000000000000e+00
 0.000000000000000000e+00
 0.000000000000000000e+00
 0.000000000000000000e+00
 0.000000000000000000e+00
 0.000000000000000000e+00
 0.000000000000000000e+00
 0.000000000000000000e+00
 0.000000000000000000e+00
 0.000000000000000000e+00
 0.000000000000000000e+00
 0.000000000000000000e+00
 0.000000000000000000e+00
 0.000000000000000000e+00
 0.000000000000000000e+00
 0.000000000000000000e+00
 0.000000000000000000e+00
 0.000000000000000000e+00
 0.000000000000000000e+00
 0.000000000000000000e+00
 0.000000000000000000e+00
 0.000000000000000000e+00
 0.000000000000000000e+00
 0.000000000000000000e+00
 0.000000000000000000e+00
 0.000000000000000000e+00
 0.000000000000000000e+00
 0.000000000000000000e+00
 0.000000000000000000e+00
 0.000000000000000000e+00
 0.000000000000000000e+00
 0.000000000000000000e+00
 0.000000000000000000e+00
 0.000000000000000000e+00
 0.000000000000000000e+00
 0.000000000000000000e+00
 0.000000000000000000e+00
 0.000000000000000000e+00
 0.000000000000000000e+00
 0.000000000000000000e+00
 0.000000000000000000e+00
 0.000000000000000000e+00
 0.000000000000000000e+00
 0.000000000000000000e+00
 0.000000000000000000e+00
 0.000000000000000000e+00
 0.000000000000000000e+00
 0.000000000000000000e+00
 0.000000000000000000e+00
 0.000000000000000000e+00
 0.000000000000000000e+00
 0.000000000000000000e+00
 0.000000000000000000e+00
 0.000000000000000000e+00
 0.000000000000000000e+00
 0.000000000000000000e+00
 0.000000000000000000e+00
 0.000000000000000000e+00
 0.000000000000000000e+00
 0.000000000000000000e+00
 0.000000000000000000e+00
 0.000000000000000000e+00
 0.000000000000000000e+00
 0.000000000000000000e+00
 0.000000000000000000e+00
 0.000000000000000000e+00
 0.000000000000000000e+00
 0.000000000000000000e+00
 0.000000000000000000e+00
 0.000000000000000000e+00
 0.000000000000000000e+00
 0.000000000000000000e+00
 0.000000000000000000e+00
 0.000000000000000000e+00
 0.000000000000000000e+00
 0.000000000000000000e+00
 0.000000000000000000e+00
 0.000000000000000000e+00
 0.000000000000000000e+00
 0.000000000000000000e+00
 0.000000000000000000e+00
 0.000000000000000000e+00
 0.000000000000000000e+00
 0.000000000000000000e+00
 0.000000000000000000e+00
 0.000000000000000000e+00
 0.000000000000000000e+00
 0.000000000000000000e+00
 0.000000000000000000e+00
 0.000000000000000000e+00
 0.000000000000000000e+00
 0.000000000000000000e+00
 0.000000000000000000e+00
 0.000000000000000000e+00
 0.000000000000000000e+00
 0.000000000000000000e+00
 0.000000000000000000e+00
 0.000000000000000000e+00
 0.000000000000000000e+00
 0.000000000000000000e+00
 0.000000000000000000e+00
 0.000000000000000000e+00
 0.000000000000000000e+00
 0.000000000000000000e+00
 0.000000000000000000e+00
 0.000000000000000000e+00
 0.000000000000000000e+00
 0.000000000000000000e+00
 0.000000000000000000e+00
 0.000000000000000000e+00
 0.000000000000000000e+00
 0.000000000000000000e+00
 0.000000000000000000e+00
 0.000000000000000000e+00
 0.000000000000000000e+00
 0.000000000000000000e+00
 0.000000000000000000e+00
 0.000000000000000000e+00
 0.000000000000000000e+00
 0.000000000000000000e+00
 0.000000000000000000e+00
 0.000000000000000000e+00
 0.000000000000000000e+00
 0.000000000000000000e+00
 0.000000000000000000e+00
 0.000000000000000000e+00
 0.000000000000000000e+00
 0.000000000000000000e+00
 0.000000000000000000e+00
 0.000000000000000000e+00
 0.000000000000000000e+00
 0.000000000000000000e+00
 0.000000000000000000e+00
 0.000000000000000000e+00
 0.000000000000000000e+00
 0.000000000000000000e+00
 0.000000000000000000e+00
 0.000000000000000000e+00
 0.000000000000000000e+00
 0.000000000000000000e+00
 0.000000000000000000e+00
 0.000000000000000000e+00
 0.000000000000000000e+00
 0.000000000000000000e+00
 0.000000000000000000e+00
 0.000000000000000000e+00
 0.000000000000000000e+00
 0.000000000000000000e+00
 0.000000000000000000e+00
 0.000000000000000000e+00
 0.000000000000000000e+00
 0.000000000000000000e+00
 0.000000000000000000e+00
 0.000000000000000000e+00
 0.000000000000000000e+00
 0.000000000000000000e+00
 0.000000000000000000e+00
 0.000000000000000000e+00
 0.000000000000000000e+00
 0.000000000000000000e+00
 0.000000000000000000e+00
 0.000000000000000000e+00
 0.000000000000000000e+00
 0.000000000000000000e+00
 0.000000000000000000e+00
 0.000000000000000000e+00
 0.000000000000000000e+00
 </DataArray>
 <DataArray Name="p" type="Float32" NumberOfComponents="1" format="ascii">
 2.490364459970788812e+04
 2.490277548996402402e+04
 2.490191353575209723e+04
 2.490105526847967485e+04
 2.490020289016919196e+04
 2.489936297668161569e+04
 2.489854313860556795e+04
 2.489774826111817674e+04
 2.489697803479803770e+04
 2.489622675932811399e+04
 2.489548538553816252e+04
 2.489474488649374689e+04
 2.489399953365024339e+04
 2.489324866531980661e+04
 2.489249621735329492e+04
 2.489174836758612946e+04
 2.489101039992971346e+04
 2.489028405757776636e+04
 2.488956651858197438e+04
 2.488885154808125299e+04
 2.488813221209975745e+04
 2.488740369293786353e+04
 2.488666505557392884e+04
 2.488591954904067097e+04
 2.488517332946898750e+04
 2.488443291466131268e+04
 2.488370256319519467e+04
 2.488298302797456199e+04
 2.488227206210594886e+04
 2.488156585649901899e+04
 2.488086072023113229e+04
 2.488015492215470658e+04
 2.487945015966689971e+04
 2.487875154113386452e+04
 2.487806561649907599e+04
 2.487739734470420080e+04
 2.487674780452849882e+04
 2.487611404514652531e+04
 2.487549070092623151e+04
 2.487487171514158035e+04
 2.487425215039766044e+04
 2.487363120908645578e+04
 2.487301351312657061e+04
 2.487240500662114209e+04
 2.487180789332984568e+04
 2.487121952455412611e+04
 2.487063559239313690e+04
 2.487005468057401595e+04
 2.486947713091344121e+04
 2.486890082479985358e+04
 2.486832127038084218e+04
 2.486773577654490873e+04
 2.486715077057042436e+04
 2.486657856806201016e+04
 2.486601576718584693e+04
 2.486544286994709910e+04
 2.486486548929224591e+04
 2.486431501562271296e+04
 2.486378985867704614e+04
 2.486326593548010351e+04
 2.486272285932572049e+04
 2.486216404613714622e+04
 2.486161938778552940e+04
 2.486110158394643804e+04
 2.486060041088177968e+04
 2.486010895804580650e+04
 2.485961558902523757e+04
 2.485911771810129721e+04
 2.485863702806681977e+04
 2.485818366685088404e+04
 2.485768777475409661e+04
 2.485713100191716512e+04
 2.485663368023186194e+04
 2.485621263763402385e+04
 2.485579828566169454e+04
 2.485534593662866610e+04
 2.485482657288217524e+04
 2.485432866443382591e+04
 2.485389426832458412e+04
 2.485346449934347038e+04
 2.485302410382908784e+04
 2.485258105588427134e+04
 2.485212608211088082e+04
 2.485166963098834458e+04
 2.485124865246211994e+04
 2.485084148059655126e+04
 2.485037331971777530e+04
 2.484988141896463276e+04
 2.484945786119660261e+04
 2.484907482747141330e+04
 2.484867277387052673e+04
 2.484827214230810932e+04
 2.484787261327588203e+04
 2.484739593245279684e+04
 2.484696314270056610e+04
 2.484658962265203809e+04
 2.484621808479089668e+04
 2.484583732766574394e+04
 2.484545761598797253e+04
 2.484508064418061258e+04
 2.484470515807763513e+04
 2.484433005176888037e+04
 2.484396073648283709e+04
 2.484360212279265761e+04
 2.484324267043520013e+04
 2.484287460124653080e+04
 2.484252058393712650e+04
 2.484219213096190288e+04
 2.484184721276060736e+04
 2.484145751627159916e+04
 2.484107197109888148e+04
 2.484073982213073396e+04
 2.484042392094579554e+04
 2.484008947690091736e+04
 2.483973993949549549e+04
 2.483939161917621095e+04
 2.483904660327430975e+04
 2.483870335786021678e+04
 2.483835988168669064e+04
 2.483801863829397189e+04
 2.483768679305463229e+04
 2.483735854232477141e+04
 2.483699808579769888e+04
 2.483663593231353298e+04
 2.483639291086987214e+04
 2.483614137285773540e+04
 2.483573626996341773e+04
 2.483533224964196779e+04
 2.483504300203305320e+04
 2.483478545603128077e+04
 2.483449290640964682e+04
 2.483418479115453374e+04
 2.483388279963232708e+04
 2.483358649473730839e+04
 2.483329519896961938e+04
 2.483300675954038161e+04
 2.483272070379241632e+04
 2.483243708788021104e+04
 2.483215600766231728e+04
 2.483187715338344424e+04
 2.483160032731784668e+04
 2.483132661190961517e+04
 2.483105984038004681e+04
 2.483080871436035886e+04
 2.483058980686276846e+04
 2.483043142234934930e+04
 2.483037830235247748e+04
 2.483049803122096273e+04
 2.483089013921023434e+04
 2.483169856393784357e+04
 2.483313019455654648e+04
 2.483543851334557621e+04
 2.483863900022564121e+04
 2.484250232909240367e+04
 2.484879132396664500e+04
 2.485883129546394412e+04
 2.486220594475433973e+04
 2.485528985494303561e+04
 2.484679853015541448e+04
 2.483752142986683248e+04
 2.482212423532163666e+04
 2.480560432530786056e+04
 2.480267704604334722e+04
 2.480681098036971161e+04
 2.480997975142870200e+04
 2.481343386544847453e+04
 2.481745408739501727e+04
 2.481990494402145487e+04
 2.482042507195605867e+04
 2.482154558153144899e+04
 2.482415074620642554e+04
 2.482639592313433241e+04
 2.482771561696686331e+04
 2.482811008084793502e+04
 2.482749641547584179e+04
 2.482681608211997809e+04
 2.482665304898203976e+04
 2.482670060115514934e+04
 2.482672903975733789e+04
 2.482672257295768213e+04
 2.482668009402502139e+04
 2.482657103284570621e+04
 2.482647681801734507e+04
 2.482646895476926147e+04
 2.482639284695329843e+04
 2.482615453741519741e+04
 2.482605193524064089e+04
 2.482615758634278609e+04
 2.482598607839781471e+04
 2.482548339545099952e+04
 2.482545307302971560e+04
 2.482580834307093028e+04
 2.482553563284622578e+04
 2.482467908691618140e+04
 2.482429821521810300e+04
 2.482432713294132554e+04
 2.482387363333438770e+04
 2.482310193783467548e+04
 2.482350244647560248e+04
 2.482357342631116990e+04
 2.482321005693622283e+04
 2.482303804849027438e+04
 2.482252347455880226e+04
 2.482200347816123030e+04
 2.482163469500653082e+04
 2.482132742265122215e+04
 2.482100377118564211e+04
 2.482063711259328920e+04
 2.482023523672038573e+04
 2.481980421920950539e+04
 2.481934819954770865e+04
 2.481886982822780556e+04
 2.481837022204188906e+04
 2.481785015606390152e+04
 2.481731090026617676e+04
 2.481675322016927021e+04
 2.481617777402383581e+04
 2.481558401807315386e+04
 2.481497016692494071e+04
 2.481433385927741256e+04
 2.481367318649437584e+04
 2.481298750548152748e+04
 2.481227754164880025e+04
 2.481154475339521014e+04
 2.481079039165766517e+04
 2.481001482622816184e+04
 2.480921745405178081e+04
 2.480839707305075353e+04
 2.480755234075143017e+04
 2.480668202550596470e+04
 2.480578506679061320e+04
 2.480486066372796267e+04
 2.480390850180327107e+04
 2.480292893131890014e+04
 2.480192276887695334e+04
 2.480089062074548565e+04
 2.479983207715861863e+04
 2.479874538732095243e+04
 2.479762798306818877e+04
 2.479647759529655741e+04
 2.479529321820630139e+04
 2.479407527506239057e+04
 2.479282496473546780e+04
 2.479154338209434354e+04
 2.479023107665935095e+04
 2.478888820174850116e+04
 2.478751481034541212e+04
 2.478611075888617052e+04
 2.478467518960683810e+04
 2.478320617229298659e+04
 2.490364459970797543e+04
 2.490277548996403129e+04
 2.490191353575193716e+04
 2.490105526847951114e+04
 2.490020289016903189e+04
 2.489936297668147381e+04
 2.489854313860555339e+04
 2.489774826111829680e+04
 2.489697803479823415e+04
 2.489622675932837956e+04
 2.489548538553807157e+04
 2.489474488649349223e+04
 2.489399953364993780e+04
 2.489324866531965381e+04
 2.489249621735328401e+04
 2.489174836758607853e+04
 2.489101039992976803e+04
 2.489028405757769360e+04
 2.488956651858192708e+04
 2.488885154808135485e+04
 2.488813221209981930e+04
 2.488740369293797994e+04
 2.488666505557425262e+04
 2.488591954904082741e+04
 2.488517332946909664e+04
 2.488443291466140363e+04
 2.488370256319522377e+04
 2.488298302797475117e+04
 2.488227206210605073e+04
 2.488156585649908811e+04
 2.488086072023116139e+04
 2.488015492215468112e+04
 2.487945015966703431e+04
 2.487875154113391181e+04
 2.487806561649917421e+04
 2.487739734470420080e+04
 2.487674780452840059e+04
 2.487611404514649621e+04
 2.487549070092632974e+04
 2.487487171514174406e+04
 2.487425215039782415e+04
 2.487363120908645942e+04
 2.487301351312646148e+04
 2.487240500662108388e+04
 2.487180789332988206e+04
 2.487121952455425708e+04
 2.487063559239313690e+04
 2.487005468057415783e+04
 2.486947713091345940e+04
 2.486890082479993362e+04
 2.486832127038111139e+04
 2.486773577654510518e+04
 2.486715077057052258e+04
 2.486657856806226482e+04
 2.486601576718611250e+04
 2.486544286994723007e+04
 2.486486548929218770e+04
 2.486431501562237463e+04
 2.486378985867679876e+04
 2.486326593547976518e+04
 2.486272285932556042e+04
 2.486216404613709165e+04
 2.486161938778538024e+04
 2.486110158394667451e+04
 2.486060041088169237e+04
 2.486010895804587562e+04
 2.485961558902525576e+04
 2.485911771810134815e+04
 2.485863702806689253e+04
 2.485818366685086221e+04
 2.485768777475398747e+04
 2.485713100191694321e+04
 2.485663368023178919e+04
 2.485621263763390016e+04
 2.485579828566166179e+04
 2.485534593662887346e+04
 2.485482657288221890e+04
 2.485432866443421153e+04
 2.485389426832469326e+04
 2.485346449934364500e+04
 2.485302410382901871e+04
 2.485258105588423859e+04
 2.485212608211082988e+04
 2.485166963098829365e+04
 2.485124865246213085e+04
 2.485084148059642757e+04
 2.485037331971772801e+04
 2.484988141896469097e+04
 2.484945786119654440e+04
 2.484907482747138783e+04
 2.484867277387049762e+04
 2.484827214230801474e+04
 2.484787261327587839e+04
 2.484739593245274955e+04
 2.484696314270058065e+04
 2.484658962265181617e+04
 2.484621808479076208e+04
 2.484583732766576577e+04
 2.484545761598807076e+04
 2.484508064418080903e+04
 2.484470515807783886e+04
 2.484433005176911684e+04
 2.484396073648302263e+04
 2.484360212279266489e+04
 2.484324267043536383e+04
 2.484287460124659992e+04
 2.484252058393713014e+04
 2.484219213096195017e+04
 2.484184721276066193e+04
 2.484145751627187929e+04
 2.484107197109913614e+04
 2.484073982213076670e+04
 2.484042392094565730e+04
 2.484008947690081186e+04
 2.483973993949531359e+04
 2.483939161917610909e+04
 2.483904660327425154e+04
 2.483870335786014402e+04
 2.483835988168666881e+04
 2.483801863829400827e+04
 2.483768679305461046e+04
 2.483735854232463680e+04
 2.483699808579757882e+04
 2.483663593231352934e+04
 2.483639291086962476e+04
 2.483614137285769175e+04
 2.483573626996349412e+04
 2.483533224964201509e+04
 2.483504300203299135e+04
 2.483478545603124076e+04
 2.483449290640966137e+04
 2.483418479115454829e+04
 2.483388279963235618e+04
 2.483358649473739570e+04
 2.483329519896959391e+04
 2.483300675954046892e+04
 2.483272070379250727e+04
 2.483243708788037475e+04
 2.483215600766237185e+04
 2.483187715338354610e+04
 2.483160032731795218e+04
 2.483132661190965882e+04
 2.483105984038001770e+04
 2.483080871436036250e+04
 2.483058980686278301e+04
 2.483043142234939296e+04
 2.483037830235260117e+04
 2.483049803122109734e+04
 2.483089013921025253e+04
 2.483169856393779628e+04
 2.483313019455640460e+04
 2.483543851334547071e+04
 2.483863900022549569e+04
 2.484250232909230181e+04
 2.484879132396667410e+04
 2.485883129546397322e+04
 2.486220594475440157e+04
 2.485528985494311564e+04
 2.484679853015546905e+04
 2.483752142986685067e+04
 2.482212423532169487e+04
 2.480560432530782782e+04
 2.480267704604317623e+04
 2.480681098036960611e+04
 2.480997975142867290e+04
 2.481343386544843088e+04
 2.481745408739501363e+04
 2.481990494402146578e+04
 2.482042507195605867e+04
 2.482154558153141625e+04
 2.482415074620651649e+04
 2.482639592313429966e+04
 2.482771561696693243e+04
 2.482811008084786954e+04
 2.482749641547597275e+04
 2.482681608211986168e+04
 2.482665304898214163e+04
 2.482670060115518572e+04
 2.482672903975733425e+04
 2.482672257295779127e+04
 2.482668009402500320e+04
 2.482657103284562254e+04
 2.482647681801730505e+04
 2.482646895476917780e+04
 2.482639284695331298e+04
 2.482615453741519377e+04
 2.482605193524059359e+04
 2.482615758634275335e+04
 2.482598607839777833e+04
 2.482548339545091221e+04
 2.482545307302965011e+04
 2.482580834307090117e+04
 2.482553563284622942e+04
 2.482467908691619596e+04
 2.482429821521810663e+04
 2.482432713294129280e+04
 2.482387363333434769e+04
 2.482310193783458817e+04
 2.482350244647551517e+04
 2.482357342631108986e+04
 2.482321005693621919e+04
 2.482303804849024527e+04
 2.482252347455877316e+04
 2.482200347816121939e+04
 2.482163469500652354e+04
 2.482132742265124398e+04
 2.482100377118568213e+04
 2.482063711259333650e+04
 2.482023523672037845e+04
 2.481980421920948356e+04
 2.481934819954765771e+04
 2.481886982822777281e+04
 2.481837022204183813e+04
 2.481785015606383968e+04
 2.481731090026616948e+04
 2.481675322016925202e+04
 2.481617777402383945e+04
 2.481558401807314294e+04
 2.481497016692491161e+04
 2.481433385927740892e+04
 2.481367318649441222e+04
 2.481298750548161479e+04
 2.481227754164888029e+04
 2.481154475339525743e+04
 2.481079039165769427e+04
 2.481001482622820913e+04
 2.480921745405180263e+04
 2.480839707305074262e+04
 2.480755234075145563e+04
 2.480668202550592832e+04
 2.480578506679060592e+04
 2.480486066372795540e+04
 2.480390850180321286e+04
 2.480292893131884921e+04
 2.480192276887694243e+04
 2.480089062074546746e+04
 2.479983207715860044e+04
 2.479874538732087967e+04
 2.479762798306817422e+04
 2.479647759529662289e+04
 2.479529321820627956e+04
 2.479407527506233964e+04
 2.479282496473543870e+04
 2.479154338209432899e+04
 2.479023107665933276e+04
 2.478888820174850844e+04
 2.478751481034541575e+04
 2.478611075888613050e+04
 2.478467518960676171e+04
 2.478320617229295385e+04
 </DataArray>
 <DataArray Name="a" type="Float32" NumberOfComponents="1" format="ascii">
 8.314836999780619635e+02
 8.314780721410385240e+02
 8.314724148133742574e+02
 8.314666829316095118e+02
 8.314608925466770870e+02
 8.314551165565511610e+02
 8.314494574983168604e+02
 8.314440093267224938e+02
 8.314388250116517156e+02
 8.314339017665859046e+02
 8.314291860272367103e+02
 8.314245922263256716e+02
 8.314200262434642354e+02
 8.314154058680617254e+02
 8.314106741418621596e+02
 8.314058047425994573e+02
 8.314008006257549823e+02
 8.313956884109898056e+02
 8.313905124945229090e+02
 8.313853322735373013e+02
 8.313802196610948840e+02
 8.313752488837262717e+02
 8.313704774759765996e+02
 8.313659284422859628e+02
 8.313615813846963647e+02
 8.313573707184052637e+02
 8.313531885392205822e+02
 8.313488962535977862e+02
 8.313443510882838154e+02
 8.313394482580290514e+02
 8.313341692891841603e+02
 8.313286153827064027e+02
 8.313230026156911663e+02
 8.313176104382758922e+02
 8.313126972075291405e+02
 8.313084172545164847e+02
 8.313047803317010676e+02
 8.313016673650812436e+02
 8.312988762888886640e+02
 8.312961604740914936e+02
 8.312932467720713703e+02
 8.312898547791527335e+02
 8.312857547868694610e+02
 8.312808696784406948e+02
 8.312753424585329185e+02
 8.312694862581852249e+02
 8.312636980097413471e+02
 8.312584131895761175e+02
 8.312539863207068720e+02
 8.312505293229299923e+02
 8.312479129023826090e+02
 8.312459155389465195e+02
 8.312443535089331590e+02
 8.312430769534097408e+02
 8.312418558867125284e+02
 8.312402923532314389e+02
 8.312377865742673748e+02
 8.312336811334223512e+02
 8.312277620382665191e+02
 8.312205348860751428e+02
 8.312126799469270964e+02
 8.312049936659057039e+02
 8.311986995039976591e+02
 8.311945854768076742e+02
 8.311924343128598593e+02
 8.311915441603720183e+02
 8.311912622049148922e+02
 8.311912060697047764e+02
 8.311912549138929762e+02
 8.311915516637584460e+02
 8.311917303581784608e+02
 8.311913093604780443e+02
 8.311893720923787896e+02
 8.311848563002553192e+02
 8.311781763348302547e+02
 8.311701311849125204e+02
 8.311613126924803510e+02
 8.311538395821592076e+02
 8.311494758934609308e+02
 8.311477212415464919e+02
 8.311473051459056478e+02
 8.311473090531701473e+02
 8.311474563781786173e+02
 8.311477973034474189e+02
 8.311484185321771747e+02
 8.311489972426203394e+02
 8.311490423409798041e+02
 8.311484130280289264e+02
 8.311460889441668769e+02
 8.311413032549967284e+02
 8.311346314319205248e+02
 8.311271474569522297e+02
 8.311191213054597711e+02
 8.311109993513239260e+02
 8.311046265717568531e+02
 8.311011799277497403e+02
 8.310999428288812396e+02
 8.310997120260343536e+02
 8.310997601668883590e+02
 8.311000126663914216e+02
 8.311006127760948630e+02
 8.311016089662673494e+02
 8.311029292532123236e+02
 8.311043987298064621e+02
 8.311057422029858799e+02
 8.311067957744467094e+02
 8.311076326498251774e+02
 8.311082606486510258e+02
 8.311085067147957943e+02
 8.311083881635978514e+02
 8.311075105527407914e+02
 8.311049917186553557e+02
 8.311005796864071726e+02
 8.310949597610552928e+02
 8.310886689671815475e+02
 8.310817600321554437e+02
 8.310742408004175559e+02
 8.310661477144103628e+02
 8.310573910854207043e+02
 8.310476552146478753e+02
 8.310363318591220150e+02
 8.310224143980977942e+02
 8.310049640214219835e+02
 8.309855595826983290e+02
 8.309688400136849395e+02
 8.309561673190700049e+02
 8.309461121619655160e+02
 8.309388229818615628e+02
 8.309347618905571835e+02
 8.309330234539961566e+02
 8.309321717341480280e+02
 8.309329920403944243e+02
 8.309377459119990590e+02
 8.309495732898192273e+02
 8.309731837405262240e+02
 8.310154768247824677e+02
 8.310865583115464688e+02
 8.312010727450373224e+02
 8.313800164689366738e+02
 8.316531693528861524e+02
 8.320623580655245632e+02
 8.326657760385896836e+02
 8.335436199578784908e+02
 8.348053415607535044e+02
 8.365988268904685583e+02
 8.391217858133946947e+02
 8.426355156843583245e+02
 8.474809040643100388e+02
 8.540958730449083305e+02
 8.630321567670875993e+02
 8.749669956445681009e+02
 8.907013708839849642e+02
 9.111299233907249118e+02
 9.371682011450111531e+02
 9.696363520972357719e+02
 1.009039657655397718e+03
 1.055195062542816231e+03
 1.107144768625648567e+03
 1.163376998053647185e+03
 1.221936230189098069e+03
 1.279852215691840456e+03
 1.332880500008609260e+03
 1.376581086203821542e+03
 1.407081329170420531e+03
 1.422242908921833532e+03
 1.421588764149601047e+03
 1.406626815745530394e+03
 1.380472997467707046e+03
 1.347250785928887353e+03
 1.311109189169420233e+03
 1.275444352630947151e+03
 1.242690379202268559e+03
 1.214317015218301776e+03
 1.190759042623559480e+03
 1.171667887472333859e+03
 1.156396005495466397e+03
 1.144280894058816330e+03
 1.134732914630285222e+03
 1.127254278110541463e+03
 1.121433226894176642e+03
 1.116931728392430614e+03
 1.113474001684490531e+03
 1.110837409284646128e+03
 1.108842811790160567e+03
 1.107345464587392144e+03
 1.106229717119439101e+03
 1.105405793010528669e+03
 1.104801855991297089e+03
 1.104358830396070289e+03
 1.104032545478423572e+03
 1.103793492902114849e+03
 1.103616879750550197e+03
 1.103488413082250872e+03
 1.103412614379952629e+03
 1.103398452079133449e+03
 1.103451058557102215e+03
 1.103572023124012958e+03
 1.103751500022631490e+03
 1.103950663406978038e+03
 1.104103155756007254e+03
 1.104192609460823633e+03
 1.104251394170325057e+03
 1.104306650305850553e+03
 1.104373058060585663e+03
 1.104456308483315752e+03
 1.104556557950894558e+03
 1.104671366087286287e+03
 1.104797848794480615e+03
 1.104933673397927805e+03
 1.105077112938387472e+03
 1.105226900508561130e+03
 1.105382085291329986e+03
 1.105541940805056583e+03
 1.105705908158311104e+03
 1.105873552333528323e+03
 1.106044527737016551e+03
 1.106218602178608307e+03
 1.106395645835849564e+03
 1.106575637703479742e+03
 1.106758665410689446e+03
 1.106944905678729583e+03
 1.107134586652608732e+03
 1.107327942307383410e+03
 1.107525172542942983e+03
 1.107726419229300291e+03
 1.107931761350896068e+03
 1.108141225559565783e+03
 1.108354804583497526e+03
 1.108572475874974316e+03
 1.108794215758363862e+03
 1.109020008093656543e+03
 1.109249848876861961e+03
 1.109483748273611127e+03
 1.109721730234639153e+03
 1.109963829015606052e+03
 1.110210082829660450e+03
 1.110460526852667726e+03
 1.110715188896444261e+03
 1.110974089738411067e+03
 1.111237246928174045e+03
 1.111504678425509837e+03
 1.111776402911131299e+03
 1.112052436745457953e+03
 1.112332790609475296e+03
 1.112617469146605345e+03
 1.112906474216463039e+03
 1.113199809211548200e+03
 1.113497481265258557e+03
 1.113799500657452199e+03
 1.114105879821542430e+03
 8.314836999780590077e+02
 8.314780721410351134e+02
 8.314724148133692552e+02
 8.314666829316061012e+02
 8.314608925466751543e+02
 8.314551165565490010e+02
 8.314494574983149278e+02
 8.314440093267211296e+02
 8.314388250116510335e+02
 8.314339017665880647e+02
 8.314291860272347776e+02
 8.314245922263228294e+02
 8.314200262434605975e+02
 8.314154058680592243e+02
 8.314106741418605679e+02
 8.314058047425965015e+02
 8.314008006257528223e+02
 8.313956884109854855e+02
 8.313905124945198395e+02
 8.313853322735380971e+02
 8.313802196610955662e+02
 8.313752488837284318e+02
 8.313704774759833072e+02
 8.313659284422896008e+02
 8.313615813846984111e+02
 8.313573707184066279e+02
 8.313531885392199001e+02
 8.313488962535994915e+02
 8.313443510882835881e+02
 8.313394482580278009e+02
 8.313341692891826824e+02
 8.313286153827035605e+02
 8.313230026156905978e+02
 8.313176104382741869e+02
 8.313126972075292542e+02
 8.313084172545161437e+02
 8.313047803317001581e+02
 8.313016673650818120e+02
 8.312988762888902556e+02
 8.312961604740929715e+02
 8.312932467720733030e+02
 8.312898547791535293e+02
 8.312857547868683241e+02
 8.312808696784381937e+02
 8.312753424585310995e+02
 8.312694862581873849e+02
 8.312636980097441892e+02
 8.312584131895824839e+02
 8.312539863207105100e+02
 8.312505293229328345e+02
 8.312479129023873838e+02
 8.312459155389493617e+02
 8.312443535089331590e+02
 8.312430769534101955e+02
 8.312418558867121874e+02
 8.312402923532276873e+02
 8.312377865742629410e+02
 8.312336811334160984e+02
 8.312277620382610621e+02
 8.312205348860662752e+02
 8.312126799469186835e+02
 8.312049936658974048e+02
 8.311986995039870862e+02
 8.311945854768043773e+02
 8.311924343128533792e+02
 8.311915441603705403e+02
 8.311912622049143238e+02
 8.311912060697053448e+02
 8.311912549138949089e+02
 8.311915516637612882e+02
 8.311917303581818715e+02
 8.311913093604802043e+02
 8.311893720923803812e+02
 8.311848563002531591e+02
 8.311781763348283221e+02
 8.311701311849141121e+02
 8.311613126924793278e+02
 8.311538395821640961e+02
 8.311494758934622951e+02
 8.311477212415503573e+02
 8.311473051459061026e+02
 8.311473090531712842e+02
 8.311474563781804363e+02
 8.311477973034495790e+02
 8.311484185321799032e+02
 8.311489972426217037e+02
 8.311490423409828736e+02
 8.311484130280307454e+02
 8.311460889441656263e+02
 8.311413032549950231e+02
 8.311346314319182511e+02
 8.311271474569487054e+02
 8.311191213054578384e+02
 8.311109993513214249e+02
 8.311046265717551478e+02
 8.311011799277440559e+02
 8.310999428288764648e+02
 8.310997120260311704e+02
 8.310997601668861989e+02
 8.311000126663910805e+02
 8.311006127760946356e+02
 8.311016089662679178e+02
 8.311029292532132331e+02
 8.311043987298033926e+02
 8.311057422029831514e+02
 8.311067957744415935e+02
 8.311076326498190383e+02
 8.311082606486450004e+02
 8.311085067147885184e+02
 8.311083881635915986e+02
 8.311075105527346523e+02
 8.311049917186501261e+02
 8.311005796864019430e+02
 8.310949597610515411e+02
 8.310886689671787053e+02
 8.310817600321570353e+02
 8.310742408004227855e+02
 8.310661477144174114e+02
 8.310573910854288897e+02
 8.310476552146570839e+02
 8.310363318591304278e+02
 8.310224143981031375e+02
 8.310049640214247120e+02
 8.309855595827008301e+02
 8.309688400136817563e+02
 8.309561673190682995e+02
 8.309461121619648338e+02
 8.309388229818601985e+02
 8.309347618905536592e+02
 8.309330234539924049e+02
 8.309321717341449585e+02
 8.309329920403912411e+02
 8.309377459119958758e+02
 8.309495732898166125e+02
 8.309731837405211081e+02
 8.310154768247791708e+02
 8.310865583115435129e+02
 8.312010727450361856e+02
 8.313800164689339454e+02
 8.316531693528836513e+02
 8.320623580655204705e+02
 8.326657760385836582e+02
 8.335436199578701917e+02
 8.348053415607445231e+02
 8.365988268904583265e+02
 8.391217858133837808e+02
 8.426355156843492296e+02
 8.474809040643034450e+02
 8.540958730449025325e+02
 8.630321567670831655e+02
 8.749669956445641219e+02
 8.907013708839832589e+02
 9.111299233907237749e+02
 9.371682011450104710e+02
 9.696363520972338392e+02
 1.009039657655391011e+03
 1.055195062542807364e+03
 1.107144768625639017e+03
 1.163376998053639682e+03
 1.221936230189096250e+03
 1.279852215691848187e+03
 1.332880500008624040e+03
 1.376581086203838822e+03
 1.407081329170437812e+03
 1.422242908921847857e+03
 1.421588764149607186e+03
 1.406626815745529939e+03
 1.380472997467703181e+03
 1.347250785928884625e+03
 1.311109189169421825e+03
 1.275444352630955109e+03
 1.242690379202274926e+03
 1.214317015218313145e+03
 1.190759042623570394e+03
 1.171667887472348411e+03
 1.156396005495474810e+03
 1.144280894058827926e+03
 1.134732914630297273e+03
 1.127254278110547830e+03
 1.121433226894184372e+03
 1.116931728392437208e+03
 1.113474001684493714e+03
 1.110837409284649311e+03
 1.108842811790159658e+03
 1.107345464587392371e+03
 1.106229717119440465e+03
 1.105405793010527304e+03
 1.104801855991295952e+03
 1.104358830396069152e+03
 1.104032545478421525e+03
 1.103793492902113030e+03
 1.103616879750548605e+03
 1.103488413082249963e+03
 1.103412614379951719e+03
 1.103398452079132767e+03
 1.103451058557101078e+03
 1.103572023124011594e+03
 1.103751500022630125e+03
 1.103950663406976673e+03
 1.104103155756005890e+03
 1.104192609460823860e+03
 1.104251394170324602e+03
 1.104306650305849871e+03
 1.104373058060585890e+03
 1.104456308483316661e+03
 1.104556557950895922e+03
 1.104671366087287424e+03
 1.104797848794481752e+03
 1.104933673397927805e+03
 1.105077112938387700e+03
 1.105226900508561357e+03
 1.105382085291330668e+03
 1.105541940805056356e+03
 1.105705908158310422e+03
 1.105873552333528778e+03
 1.106044527737017233e+03
 1.106218602178609217e+03
 1.106395645835850928e+03
 1.106575637703481561e+03
 1.106758665410691037e+03
 1.106944905678730720e+03
 1.107134586652609414e+03
 1.107327942307384092e+03
 1.107525172542942300e+03
 1.107726419229298926e+03
 1.107931761350894703e+03
 1.108141225559564191e+03
 1.108354804583495707e+03
 1.108572475874973634e+03
 1.108794215758363407e+03
 1.109020008093656770e+03
 1.109249848876862416e+03
 1.109483748273611127e+03
 1.109721730234639608e+03
 1.109963829015607416e+03
 1.110210082829661815e+03
 1.110460526852668863e+03
 1.110715188896444715e+03
 1.110974089738410839e+03
 1.111237246928174955e+03
 1.111504678425510292e+03
 1.111776402911131981e+03
 1.112052436745458181e+03
 1.112332790609475069e+03
 1.112617469146604890e+03
 1.112906474216461902e+03
 1.113199809211547745e+03
 1.113497481265257647e+03
 1.113799500657451063e+03
 1.114105879821541293e+03
 </DataArray>
 <DataArray Name="mu" type="Float32" NumberOfComponents="1" format="ascii">
 1.813928062146993983e-05
 1.813928062146993983e-05
 1.813928062146993983e-05
 1.813928062146993983e-05
 1.813928062146993983e-05
 1.813928062146993983e-05
 1.813928062146993983e-05
 1.813928062146993983e-05
 1.813928062146993983e-05
 1.813928062146993983e-05
 1.813928062146993983e-05
 1.813928062146993983e-05
 1.813928062146993983e-05
 1.813928062146993983e-05
 1.813928062146993983e-05
 1.813928062146993983e-05
 1.813928062146993983e-05
 1.813928062146993983e-05
 1.813928062146993983e-05
 1.813928062146993983e-05
 1.813928062146993983e-05
 1.813928062146993983e-05
 1.813928062146993983e-05
 1.813928062146993983e-05
 1.813928062146993983e-05
 1.813928062146993983e-05
 1.813928062146993983e-05
 1.813928062146993983e-05
 1.813928062146993983e-05
 1.813928062146993983e-05
 1.813928062146993983e-05
 1.813928062146993983e-05
 1.813928062146993983e-05
 1.813928062146993983e-05
 1.813928062146993983e-05
 1.813928062146993983e-05
 1.813928062146993983e-05
 1.813928062146993983e-05
 1.813928062146993983e-05
 1.813928062146993983e-05
 1.813928062146993983e-05
 1.813928062146993983e-05
 1.813928062146993983e-05
 1.813928062146993983e-05
 1.813928062146993983e-05
 1.813928062146993983e-05
 1.813928062146993983e-05
 1.813928062146993983e-05
 1.813928062146993983e-05
 1.813928062146993983e-05
 1.813928062146993983e-05
 1.813928062146993983e-05
 1.813928062146993983e-05
 1.813928062146993983e-05
 1.813928062146993983e-05
 1.813928062146993983e-05
 1.813928062146993983e-05
 1.813928062146993983e-05
 1.813928062146993983e-05
 1.813928062146993983e-05
 1.813928062146993983e-05
 1.813928062146993983e-05
 1.813928062146993983e-05
 1.813928062146993983e-05
 1.813928062146993983e-05
 1.813928062146993983e-05
 1.813928062146993983e-05
 1.813928062146993983e-05
 1.813928062146993983e-05
 1.813928062146993983e-05
 1.813928062146993983e-05
 1.813928062146993983e-05
 1.813928062146993983e-05
 1.813928062146993983e-05
 1.813928062146993983e-05
 1.813928062146993983e-05
 1.813928062146993983e-05
 1.813928062146993983e-05
 1.813928062146993983e-05
 1.813928062146993983e-05
 1.813928062146993983e-05
 1.813928062146993983e-05
 1.813928062146993983e-05
 1.813928062146993983e-05
 1.813928062146993983e-05
 1.813928062146993983e-05
 1.813928062146993983e-05
 1.813928062146993983e-05
 1.813928062146993983e-05
 1.813928062146993983e-05
 1.813928062146993983e-05
 1.813928062146993983e-05
 1.813928062146993983e-05
 1.813928062146993983e-05
 1.813928062146993983e-05
 1.813928062146993983e-05
 1.813928062146993983e-05
 1.813928062146993983e-05
 1.813928062146993983e-05
 1.813928062146993983e-05
 1.813928062146993983e-05
 1.813928062146993983e-05
 1.813928062146993983e-05
 1.813928062146993983e-05
 1.813928062146993983e-05
 1.813928062146993983e-05
 1.813928062146993983e-05
 1.813928062146993983e-05
 1.813928062146993983e-05
 1.813928062146993983e-05
 1.813928062146993983e-05
 1.813928062146993983e-05
 1.813928062146993983e-05
 1.813928062146993983e-05
 1.813928062146993983e-05
 1.813928062146993983e-05
 1.813928062146993983e-05
 1.813928062146993983e-05
 1.813928062146993983e-05
 1.813928062146993983e-05
 1.813928062146993983e-05
 1.813928062146993983e-05
 1.813928062146993983e-05
 1.813928062146993983e-05
 1.813928062146993983e-05
 1.813928062146993983e-05
 1.813928062146993983e-05
 1.813928062146993983e-05
 1.813928062146993983e-05
 1.813928062146993983e-05
 1.813928062146993983e-05
 1.813928062146993983e-05
 1.813928062146993983e-05
 1.813928062146993983e-05
 1.813928062146993983e-05
 1.813928062146993983e-05
 1.813928062146993983e-05
 1.813928062146993983e-05
 1.813928062146993983e-05
 1.813928062146993983e-05
 1.813928062146993983e-05
 1.813928062146993983e-05
 1.813928062146993983e-05
 1.813928062146993983e-05
 1.813928062146993983e-05
 1.813928062146993983e-05
 1.813928062146993983e-05
 1.813928062146993983e-05
 1.813928062146993983e-05
 1.813928062146993983e-05
 1.813928062146993983e-05
 1.813928062146993983e-05
 1.813928062146993983e-05
 1.813928062146993983e-05
 1.813928062146993983e-05
 1.813928062146993983e-05
 1.813928062146993983e-05
 1.813928062146993983e-05
 1.813928062146993983e-05
 1.813928062146993983e-05
 1.813928062146993983e-05
 1.813928062146993983e-05
 1.813928062146993983e-05
 1.813928062146993983e-05
 1.813928062146993983e-05
 1.813928062146993983e-05
 1.813928062146993983e-05
 1.813928062146993983e-05
 1.813928062146993983e-05
 1.813928062146993983e-05
 1.813928062146993983e-05
 1.813928062146993983e-05
 1.813928062146993983e-05
 1.813928062146993983e-05
 1.813928062146993983e-05
 1.813928062146993983e-05
 1.813928062146993983e-05
 1.813928062146993983e-05
 1.813928062146993983e-05
 1.813928062146993983e-05
 1.813928062146993983e-05
 1.813928062146993983e-05
 1.813928062146993983e-05
 1.813928062146993983e-05
 1.813928062146993983e-05
 1.813928062146993983e-05
 1.813928062146993983e-05
 1.813928062146993983e-05
 1.813928062146993983e-05
 1.813928062146993983e-05
 1.813928062146993983e-05
 1.813928062146993983e-05
 1.813928062146993983e-05
 1.813928062146993983e-05
 1.813928062146993983e-05
 1.813928062146993983e-05
 1.813928062146993983e-05
 1.813928062146993983e-05
 1.813928062146993983e-05
 1.813928062146993983e-05
 1.813928062146993983e-05
 1.813928062146993983e-05
 1.813928062146993983e-05
 1.813928062146993983e-05
 1.813928062146993983e-05
 1.813928062146993983e-05
 1.813928062146993983e-05
 1.813928062146993983e-05
 1.813928062146993983e-05
 1.813928062146993983e-05
 1.813928062146993983e-05
 1.813928062146993983e-05
 1.813928062146993983e-05
 1.813928062146993983e-05
 1.813928062146993983e-05
 1.813928062146993983e-05
 1.813928062146993983e-05
 1.813928062146993983e-05
 1.813928062146993983e-05
 1.813928062146993983e-05
 1.813928062146993983e-05
 1.813928062146993983e-05
 1.813928062146993983e-05
 1.813928062146993983e-05
 1.813928062146993983e-05
 1.813928062146993983e-05
 1.813928062146993983e-05
 1.813928062146993983e-05
 1.813928062146993983e-05
 1.813928062146993983e-05
 1.813928062146993983e-05
 1.813928062146993983e-05
 1.813928062146993983e-05
 1.813928062146993983e-05
 1.813928062146993983e-05
 1.813928062146993983e-05
 1.813928062146993983e-05
 1.813928062146993983e-05
 1.813928062146993983e-05
 1.813928062146993983e-05
 1.813928062146993983e-05
 1.813928062146993983e-05
 1.813928062146993983e-05
 1.813928062146993983e-05
 1.813928062146993983e-05
 1.813928062146993983e-05
 1.813928062146993983e-05
 1.813928062146993983e-05
 1.813928062146993983e-05
 1.813928062146993983e-05
 1.813928062146993983e-05
 1.813928062146993983e-05
 1.813928062146993983e-05
 1.813928062146993983e-05
 1.813928062146993983e-05
 1.813928062146993983e-05
 1.813928062146993983e-05
 1.813928062146993983e-05
 1.813928062146993983e-05
 1.813928062146993983e-05
 1.813928062146993983e-05
 1.813928062146993983e-05
 1.813928062146993983e-05
 1.813928062146993983e-05
 1.813928062146993983e-05
 1.813928062146993983e-05
 1.813928062146993983e-05
 1.813928062146993983e-05
 1.813928062146993983e-05
 1.813928062146993983e-05
 1.813928062146993983e-05
 1.813928062146993983e-05
 1.813928062146993983e-05
 1.813928062146993983e-05
 1.813928062146993983e-05
 1.813928062146993983e-05
 1.813928062146993983e-05
 1.813928062146993983e-05
 1.813928062146993983e-05
 1.813928062146993983e-05
 1.813928062146993983e-05
 1.813928062146993983e-05
 1.813928062146993983e-05
 1.813928062146993983e-05
 1.813928062146993983e-05
 1.813928062146993983e-05
 1.813928062146993983e-05
 1.813928062146993983e-05
 1.813928062146993983e-05
 1.813928062146993983e-05
 1.813928062146993983e-05
 1.813928062146993983e-05
 1.813928062146993983e-05
 1.813928062146993983e-05
 1.813928062146993983e-05
 1.813928062146993983e-05
 1.813928062146993983e-05
 1.813928062146993983e-05
 1.813928062146993983e-05
 1.813928062146993983e-05
 1.813928062146993983e-05
 1.813928062146993983e-05
 1.813928062146993983e-05
 1.813928062146993983e-05
 1.813928062146993983e-05
 1.813928062146993983e-05
 1.813928062146993983e-05
 1.813928062146993983e-05
 1.813928062146993983e-05
 1.813928062146993983e-05
 1.813928062146993983e-05
 1.813928062146993983e-05
 1.813928062146993983e-05
 1.813928062146993983e-05
 1.813928062146993983e-05
 1.813928062146993983e-05
 1.813928062146993983e-05
 1.813928062146993983e-05
 1.813928062146993983e-05
 1.813928062146993983e-05
 1.813928062146993983e-05
 1.813928062146993983e-05
 1.813928062146993983e-05
 1.813928062146993983e-05
 1.813928062146993983e-05
 1.813928062146993983e-05
 1.813928062146993983e-05
 1.813928062146993983e-05
 1.813928062146993983e-05
 1.813928062146993983e-05
 1.813928062146993983e-05
 1.813928062146993983e-05
 1.813928062146993983e-05
 1.813928062146993983e-05
 1.813928062146993983e-05
 1.813928062146993983e-05
 1.813928062146993983e-05
 1.813928062146993983e-05
 1.813928062146993983e-05
 1.813928062146993983e-05
 1.813928062146993983e-05
 1.813928062146993983e-05
 1.813928062146993983e-05
 1.813928062146993983e-05
 1.813928062146993983e-05
 1.813928062146993983e-05
 1.813928062146993983e-05
 1.813928062146993983e-05
 1.813928062146993983e-05
 1.813928062146993983e-05
 1.813928062146993983e-05
 1.813928062146993983e-05
 1.813928062146993983e-05
 1.813928062146993983e-05
 1.813928062146993983e-05
 1.813928062146993983e-05
 1.813928062146993983e-05
 1.813928062146993983e-05
 1.813928062146993983e-05
 1.813928062146993983e-05
 1.813928062146993983e-05
 1.813928062146993983e-05
 1.813928062146993983e-05
 1.813928062146993983e-05
 1.813928062146993983e-05
 1.813928062146993983e-05
 1.813928062146993983e-05
 1.813928062146993983e-05
 1.813928062146993983e-05
 1.813928062146993983e-05
 1.813928062146993983e-05
 1.813928062146993983e-05
 1.813928062146993983e-05
 1.813928062146993983e-05
 1.813928062146993983e-05
 1.813928062146993983e-05
 1.813928062146993983e-05
 1.813928062146993983e-05
 1.813928062146993983e-05
 1.813928062146993983e-05
 1.813928062146993983e-05
 1.813928062146993983e-05
 1.813928062146993983e-05
 1.813928062146993983e-05
 1.813928062146993983e-05
 1.813928062146993983e-05
 1.813928062146993983e-05
 1.813928062146993983e-05
 1.813928062146993983e-05
 1.813928062146993983e-05
 1.813928062146993983e-05
 1.813928062146993983e-05
 1.813928062146993983e-05
 1.813928062146993983e-05
 1.813928062146993983e-05
 1.813928062146993983e-05
 1.813928062146993983e-05
 1.813928062146993983e-05
 1.813928062146993983e-05
 1.813928062146993983e-05
 1.813928062146993983e-05
 1.813928062146993983e-05
 1.813928062146993983e-05
 1.813928062146993983e-05
 1.813928062146993983e-05
 1.813928062146993983e-05
 1.813928062146993983e-05
 1.813928062146993983e-05
 1.813928062146993983e-05
 1.813928062146993983e-05
 1.813928062146993983e-05
 1.813928062146993983e-05
 1.813928062146993983e-05
 1.813928062146993983e-05
 1.813928062146993983e-05
 1.813928062146993983e-05
 1.813928062146993983e-05
 1.813928062146993983e-05
 1.813928062146993983e-05
 1.813928062146993983e-05
 1.813928062146993983e-05
 1.813928062146993983e-05
 1.813928062146993983e-05
 1.813928062146993983e-05
 1.813928062146993983e-05
 1.813928062146993983e-05
 1.813928062146993983e-05
 1.813928062146993983e-05
 1.813928062146993983e-05
 1.813928062146993983e-05
 1.813928062146993983e-05
 1.813928062146993983e-05
 1.813928062146993983e-05
 1.813928062146993983e-05
 1.813928062146993983e-05
 1.813928062146993983e-05
 1.813928062146993983e-05
 1.813928062146993983e-05
 1.813928062146993983e-05
 1.813928062146993983e-05
 1.813928062146993983e-05
 1.813928062146993983e-05
 1.813928062146993983e-05
 1.813928062146993983e-05
 1.813928062146993983e-05
 1.813928062146993983e-05
 1.813928062146993983e-05
 1.813928062146993983e-05
 1.813928062146993983e-05
 1.813928062146993983e-05
 1.813928062146993983e-05
 1.813928062146993983e-05
 1.813928062146993983e-05
 1.813928062146993983e-05
 1.813928062146993983e-05
 1.813928062146993983e-05
 1.813928062146993983e-05
 1.813928062146993983e-05
 1.813928062146993983e-05
 1.813928062146993983e-05
 1.813928062146993983e-05
 1.813928062146993983e-05
 1.813928062146993983e-05
 1.813928062146993983e-05
 1.813928062146993983e-05
 1.813928062146993983e-05
 1.813928062146993983e-05
 1.813928062146993983e-05
 1.813928062146993983e-05
 1.813928062146993983e-05
 1.813928062146993983e-05
 1.813928062146993983e-05
 1.813928062146993983e-05
 1.813928062146993983e-05
 1.813928062146993983e-05
 1.813928062146993983e-05
 1.813928062146993983e-05
 1.813928062146993983e-05
 1.813928062146993983e-05
 1.813928062146993983e-05
 1.813928062146993983e-05
 1.813928062146993983e-05
 1.813928062146993983e-05
 1.813928062146993983e-05
 1.813928062146993983e-05
 1.813928062146993983e-05
 1.813928062146993983e-05
 1.813928062146993983e-05
 1.813928062146993983e-05
 1.813928062146993983e-05
 1.813928062146993983e-05
 1.813928062146993983e-05
 1.813928062146993983e-05
 1.813928062146993983e-05
 1.813928062146993983e-05
 1.813928062146993983e-05
 1.813928062146993983e-05
 1.813928062146993983e-05
 1.813928062146993983e-05
 1.813928062146993983e-05
 </DataArray>
 <DataArray Name="k" type="Float32" NumberOfComponents="1" format="ascii">
 2.576041171715383674e-02
 2.576041171715383674e-02
 2.576041171715383674e-02
 2.576041171715383674e-02
 2.576041171715383674e-02
 2.576041171715383674e-02
 2.576041171715383674e-02
 2.576041171715383674e-02
 2.576041171715383674e-02
 2.576041171715383674e-02
 2.576041171715383674e-02
 2.576041171715383674e-02
 2.576041171715383674e-02
 2.576041171715383674e-02
 2.576041171715383674e-02
 2.576041171715383674e-02
 2.576041171715383674e-02
 2.576041171715383674e-02
 2.576041171715383674e-02
 2.576041171715383674e-02
 2.576041171715383674e-02
 2.576041171715383674e-02
 2.576041171715383674e-02
 2.576041171715383674e-02
 2.576041171715383674e-02
 2.576041171715383674e-02
 2.576041171715383674e-02
 2.576041171715383674e-02
 2.576041171715383674e-02
 2.576041171715383674e-02
 2.576041171715383674e-02
 2.576041171715383674e-02
 2.576041171715383674e-02
 2.576041171715383674e-02
 2.576041171715383674e-02
 2.576041171715383674e-02
 2.576041171715383674e-02
 2.576041171715383674e-02
 2.576041171715383674e-02
 2.576041171715383674e-02
 2.576041171715383674e-02
 2.576041171715383674e-02
 2.576041171715383674e-02
 2.576041171715383674e-02
 2.576041171715383674e-02
 2.576041171715383674e-02
 2.576041171715383674e-02
 2.576041171715383674e-02
 2.576041171715383674e-02
 2.576041171715383674e-02
 2.576041171715383674e-02
 2.576041171715383674e-02
 2.576041171715383674e-02
 2.576041171715383674e-02
 2.576041171715383674e-02
 2.576041171715383674e-02
 2.576041171715383674e-02
 2.576041171715383674e-02
 2.576041171715383674e-02
 2.576041171715383674e-02
 2.576041171715383674e-02
 2.576041171715383674e-02
 2.576041171715383674e-02
 2.576041171715383674e-02
 2.576041171715383674e-02
 2.576041171715383674e-02
 2.576041171715383674e-02
 2.576041171715383674e-02
 2.576041171715383674e-02
 2.576041171715383674e-02
 2.576041171715383674e-02
 2.576041171715383674e-02
 2.576041171715383674e-02
 2.576041171715383674e-02
 2.576041171715383674e-02
 2.576041171715383674e-02
 2.576041171715383674e-02
 2.576041171715383674e-02
 2.576041171715383674e-02
 2.576041171715383674e-02
 2.576041171715383674e-02
 2.576041171715383674e-02
 2.576041171715383674e-02
 2.576041171715383674e-02
 2.576041171715383674e-02
 2.576041171715383674e-02
 2.576041171715383674e-02
 2.576041171715383674e-02
 2.576041171715383674e-02
 2.576041171715383674e-02
 2.576041171715383674e-02
 2.576041171715383674e-02
 2.576041171715383674e-02
 2.576041171715383674e-02
 2.576041171715383674e-02
 2.576041171715383674e-02
 2.576041171715383674e-02
 2.576041171715383674e-02
 2.576041171715383674e-02
 2.576041171715383674e-02
 2.576041171715383674e-02
 2.576041171715383674e-02
 2.576041171715383674e-02
 2.576041171715383674e-02
 2.576041171715383674e-02
 2.576041171715383674e-02
 2.576041171715383674e-02
 2.576041171715383674e-02
 2.576041171715383674e-02
 2.576041171715383674e-02
 2.576041171715383674e-02
 2.576041171715383674e-02
 2.576041171715383674e-02
 2.576041171715383674e-02
 2.576041171715383674e-02
 2.576041171715383674e-02
 2.576041171715383674e-02
 2.576041171715383674e-02
 2.576041171715383674e-02
 2.576041171715383674e-02
 2.576041171715383674e-02
 2.576041171715383674e-02
 2.576041171715383674e-02
 2.576041171715383674e-02
 2.576041171715383674e-02
 2.576041171715383674e-02
 2.576041171715383674e-02
 2.576041171715383674e-02
 2.576041171715383674e-02
 2.576041171715383674e-02
 2.576041171715383674e-02
 2.576041171715383674e-02
 2.576041171715383674e-02
 2.576041171715383674e-02
 2.576041171715383674e-02
 2.576041171715383674e-02
 2.576041171715383674e-02
 2.576041171715383674e-02
 2.576041171715383674e-02
 2.576041171715383674e-02
 2.576041171715383674e-02
 2.576041171715383674e-02
 2.576041171715383674e-02
 2.576041171715383674e-02
 2.576041171715383674e-02
 2.576041171715383674e-02
 2.576041171715383674e-02
 2.576041171715383674e-02
 2.576041171715383674e-02
 2.576041171715383674e-02
 2.576041171715383674e-02
 2.576041171715383674e-02
 2.576041171715383674e-02
 2.576041171715383674e-02
 2.576041171715383674e-02
 2.576041171715383674e-02
 2.576041171715383674e-02
 2.576041171715383674e-02
 2.576041171715383674e-02
 2.576041171715383674e-02
 2.576041171715383674e-02
 2.576041171715383674e-02
 2.576041171715383674e-02
 2.576041171715383674e-02
 2.576041171715383674e-02
 2.576041171715383674e-02
 2.576041171715383674e-02
 2.576041171715383674e-02
 2.576041171715383674e-02
 2.576041171715383674e-02
 2.576041171715383674e-02
 2.576041171715383674e-02
 2.576041171715383674e-02
 2.576041171715383674e-02
 2.576041171715383674e-02
 2.576041171715383674e-02
 2.576041171715383674e-02
 2.576041171715383674e-02
 2.576041171715383674e-02
 2.576041171715383674e-02
 2.576041171715383674e-02
 2.576041171715383674e-02
 2.576041171715383674e-02
 2.576041171715383674e-02
 2.576041171715383674e-02
 2.576041171715383674e-02
 2.576041171715383674e-02
 2.576041171715383674e-02
 2.576041171715383674e-02
 2.576041171715383674e-02
 2.576041171715383674e-02
 2.576041171715383674e-02
 2.576041171715383674e-02
 2.576041171715383674e-02
 2.576041171715383674e-02
 2.576041171715383674e-02
 2.576041171715383674e-02
 2.576041171715383674e-02
 2.576041171715383674e-02
 2.576041171715383674e-02
 2.576041171715383674e-02
 2.576041171715383674e-02
 2.576041171715383674e-02
 2.576041171715383674e-02
 2.576041171715383674e-02
 2.576041171715383674e-02
 2.576041171715383674e-02
 2.576041171715383674e-02
 2.576041171715383674e-02
 2.576041171715383674e-02
 2.576041171715383674e-02
 2.576041171715383674e-02
 2.576041171715383674e-02
 2.576041171715383674e-02
 2.576041171715383674e-02
 2.576041171715383674e-02
 2.576041171715383674e-02
 2.576041171715383674e-02
 2.576041171715383674e-02
 2.576041171715383674e-02
 2.576041171715383674e-02
 2.576041171715383674e-02
 2.576041171715383674e-02
 2.576041171715383674e-02
 2.576041171715383674e-02
 2.576041171715383674e-02
 2.576041171715383674e-02
 2.576041171715383674e-02
 2.576041171715383674e-02
 2.576041171715383674e-02
 2.576041171715383674e-02
 2.576041171715383674e-02
 2.576041171715383674e-02
 2.576041171715383674e-02
 2.576041171715383674e-02
 2.576041171715383674e-02
 2.576041171715383674e-02
 2.576041171715383674e-02
 2.576041171715383674e-02
 2.576041171715383674e-02
 2.576041171715383674e-02
 2.576041171715383674e-02
 2.576041171715383674e-02
 2.576041171715383674e-02
 2.576041171715383674e-02
 2.576041171715383674e-02
 2.576041171715383674e-02
 2.576041171715383674e-02
 2.576041171715383674e-02
 2.576041171715383674e-02
 2.576041171715383674e-02
 2.576041171715383674e-02
 2.576041171715383674e-02
 2.576041171715383674e-02
 2.576041171715383674e-02
 2.576041171715383674e-02
 2.576041171715383674e-02
 2.576041171715383674e-02
 2.576041171715383674e-02
 2.576041171715383674e-02
 2.576041171715383674e-02
 2.576041171715383674e-02
 2.576041171715383674e-02
 2.576041171715383674e-02
 2.576041171715383674e-02
 2.576041171715383674e-02
 2.576041171715383674e-02
 2.576041171715383674e-02
 2.576041171715383674e-02
 2.576041171715383674e-02
 2.576041171715383674e-02
 2.576041171715383674e-02
 2.576041171715383674e-02
 2.576041171715383674e-02
 2.576041171715383674e-02
 2.576041171715383674e-02
 2.576041171715383674e-02
 2.576041171715383674e-02
 2.576041171715383674e-02
 2.576041171715383674e-02
 2.576041171715383674e-02
 2.576041171715383674e-02
 2.576041171715383674e-02
 2.576041171715383674e-02
 2.576041171715383674e-02
 2.576041171715383674e-02
 2.576041171715383674e-02
 2.576041171715383674e-02
 2.576041171715383674e-02
 2.576041171715383674e-02
 2.576041171715383674e-02
 2.576041171715383674e-02
 2.576041171715383674e-02
 2.576041171715383674e-02
 2.576041171715383674e-02
 2.576041171715383674e-02
 2.576041171715383674e-02
 2.576041171715383674e-02
 2.576041171715383674e-02
 2.576041171715383674e-02
 2.576041171715383674e-02
 2.576041171715383674e-02
 2.576041171715383674e-02
 2.576041171715383674e-02
 2.576041171715383674e-02
 2.576041171715383674e-02
 2.576041171715383674e-02
 2.576041171715383674e-02
 2.576041171715383674e-02
 2.576041171715383674e-02
 2.576041171715383674e-02
 2.576041171715383674e-02
 2.576041171715383674e-02
 2.576041171715383674e-02
 2.576041171715383674e-02
 2.576041171715383674e-02
 2.576041171715383674e-02
 2.576041171715383674e-02
 2.576041171715383674e-02
 2.576041171715383674e-02
 2.576041171715383674e-02
 2.576041171715383674e-02
 2.576041171715383674e-02
 2.576041171715383674e-02
 2.576041171715383674e-02
 2.576041171715383674e-02
 2.576041171715383674e-02
 2.576041171715383674e-02
 2.576041171715383674e-02
 2.576041171715383674e-02
 2.576041171715383674e-02
 2.576041171715383674e-02
 2.576041171715383674e-02
 2.576041171715383674e-02
 2.576041171715383674e-02
 2.576041171715383674e-02
 2.576041171715383674e-02
 2.576041171715383674e-02
 2.576041171715383674e-02
 2.576041171715383674e-02
 2.576041171715383674e-02
 2.576041171715383674e-02
 2.576041171715383674e-02
 2.576041171715383674e-02
 2.576041171715383674e-02
 2.576041171715383674e-02
 2.576041171715383674e-02
 2.576041171715383674e-02
 2.576041171715383674e-02
 2.576041171715383674e-02
 2.576041171715383674e-02
 2.576041171715383674e-02
 2.576041171715383674e-02
 2.576041171715383674e-02
 2.576041171715383674e-02
 2.576041171715383674e-02
 2.576041171715383674e-02
 2.576041171715383674e-02
 2.576041171715383674e-02
 2.576041171715383674e-02
 2.576041171715383674e-02
 2.576041171715383674e-02
 2.576041171715383674e-02
 2.576041171715383674e-02
 2.576041171715383674e-02
 2.576041171715383674e-02
 2.576041171715383674e-02
 2.576041171715383674e-02
 2.576041171715383674e-02
 2.576041171715383674e-02
 2.576041171715383674e-02
 2.576041171715383674e-02
 2.576041171715383674e-02
 2.576041171715383674e-02
 2.576041171715383674e-02
 2.576041171715383674e-02
 2.576041171715383674e-02
 2.576041171715383674e-02
 2.576041171715383674e-02
 2.576041171715383674e-02
 2.576041171715383674e-02
 2.576041171715383674e-02
 2.576041171715383674e-02
 2.576041171715383674e-02
 2.576041171715383674e-02
 2.576041171715383674e-02
 2.576041171715383674e-02
 2.576041171715383674e-02
 2.576041171715383674e-02
 2.576041171715383674e-02
 2.576041171715383674e-02
 2.576041171715383674e-02
 2.576041171715383674e-02
 2.576041171715383674e-02
 2.576041171715383674e-02
 2.576041171715383674e-02
 2.576041171715383674e-02
 2.576041171715383674e-02
 2.576041171715383674e-02
 2.576041171715383674e-02
 2.576041171715383674e-02
 2.576041171715383674e-02
 2.576041171715383674e-02
 2.576041171715383674e-02
 2.576041171715383674e-02
 2.576041171715383674e-02
 2.576041171715383674e-02
 2.576041171715383674e-02
 2.576041171715383674e-02
 2.576041171715383674e-02
 2.576041171715383674e-02
 2.576041171715383674e-02
 2.576041171715383674e-02
 2.576041171715383674e-02
 2.576041171715383674e-02
 2.576041171715383674e-02
 2.576041171715383674e-02
 2.576041171715383674e-02
 2.576041171715383674e-02
 2.576041171715383674e-02
 2.576041171715383674e-02
 2.576041171715383674e-02
 2.576041171715383674e-02
 2.576041171715383674e-02
 2.576041171715383674e-02
 2.576041171715383674e-02
 2.576041171715383674e-02
 2.576041171715383674e-02
 2.576041171715383674e-02
 2.576041171715383674e-02
 2.576041171715383674e-02
 2.576041171715383674e-02
 2.576041171715383674e-02
 2.576041171715383674e-02
 2.576041171715383674e-02
 2.576041171715383674e-02
 2.576041171715383674e-02
 2.576041171715383674e-02
 2.576041171715383674e-02
 2.576041171715383674e-02
 2.576041171715383674e-02
 2.576041171715383674e-02
 2.576041171715383674e-02
 2.576041171715383674e-02
 2.576041171715383674e-02
 2.576041171715383674e-02
 2.576041171715383674e-02
 2.576041171715383674e-02
 2.576041171715383674e-02
 2.576041171715383674e-02
 2.576041171715383674e-02
 2.576041171715383674e-02
 2.576041171715383674e-02
 2.576041171715383674e-02
 2.576041171715383674e-02
 2.576041171715383674e-02
 2.576041171715383674e-02
 2.576041171715383674e-02
 2.576041171715383674e-02
 2.576041171715383674e-02
 2.576041171715383674e-02
 2.576041171715383674e-02
 2.576041171715383674e-02
 2.576041171715383674e-02
 2.576041171715383674e-02
 2.576041171715383674e-02
 2.576041171715383674e-02
 2.576041171715383674e-02
 2.576041171715383674e-02
 2.576041171715383674e-02
 2.576041171715383674e-02
 2.576041171715383674e-02
 2.576041171715383674e-02
 2.576041171715383674e-02
 2.576041171715383674e-02
 2.576041171715383674e-02
 2.576041171715383674e-02
 2.576041171715383674e-02
 2.576041171715383674e-02
 2.576041171715383674e-02
 2.576041171715383674e-02
 2.576041171715383674e-02
 2.576041171715383674e-02
 2.576041171715383674e-02
 2.576041171715383674e-02
 2.576041171715383674e-02
 2.576041171715383674e-02
 2.576041171715383674e-02
 2.576041171715383674e-02
 2.576041171715383674e-02
 2.576041171715383674e-02
 2.576041171715383674e-02
 2.576041171715383674e-02
 2.576041171715383674e-02
 2.576041171715383674e-02
 2.576041171715383674e-02
 2.576041171715383674e-02
 2.576041171715383674e-02
 2.576041171715383674e-02
 2.576041171715383674e-02
 </DataArray>
 <DataArray Name="mu_t" type="Float32" NumberOfComponents="1" format="ascii">
 0.000000000000000000e+00
 0.000000000000000000e+00
 0.000000000000000000e+00
 0.000000000000000000e+00
 0.000000000000000000e+00
 0.000000000000000000e+00
 0.000000000000000000e+00
 0.000000000000000000e+00
 0.000000000000000000e+00
 0.000000000000000000e+00
 0.000000000000000000e+00
 0.000000000000000000e+00
 0.000000000000000000e+00
 0.000000000000000000e+00
 0.000000000000000000e+00
 0.000000000000000000e+00
 0.000000000000000000e+00
 0.000000000000000000e+00
 0.000000000000000000e+00
 0.000000000000000000e+00
 0.000000000000000000e+00
 0.000000000000000000e+00
 0.000000000000000000e+00
 0.000000000000000000e+00
 0.000000000000000000e+00
 0.000000000000000000e+00
 0.000000000000000000e+00
 0.000000000000000000e+00
 0.000000000000000000e+00
 0.000000000000000000e+00
 0.000000000000000000e+00
 0.000000000000000000e+00
 0.000000000000000000e+00
 0.000000000000000000e+00
 0.000000000000000000e+00
 0.000000000000000000e+00
 0.000000000000000000e+00
 0.000000000000000000e+00
 0.000000000000000000e+00
 0.000000000000000000e+00
 0.000000000000000000e+00
 0.000000000000000000e+00
 0.000000000000000000e+00
 0.000000000000000000e+00
 0.000000000000000000e+00
 0.000000000000000000e+00
 0.000000000000000000e+00
 0.000000000000000000e+00
 0.000000000000000000e+00
 0.000000000000000000e+00
 0.000000000000000000e+00
 0.000000000000000000e+00
 0.000000000000000000e+00
 0.000000000000000000e+00
 0.000000000000000000e+00
 0.000000000000000000e+00
 0.000000000000000000e+00
 0.000000000000000000e+00
 0.000000000000000000e+00
 0.000000000000000000e+00
 0.000000000000000000e+00
 0.000000000000000000e+00
 0.000000000000000000e+00
 0.000000000000000000e+00
 0.000000000000000000e+00
 0.000000000000000000e+00
 0.000000000000000000e+00
 0.000000000000000000e+00
 0.000000000000000000e+00
 0.000000000000000000e+00
 0.000000000000000000e+00
 0.000000000000000000e+00
 0.000000000000000000e+00
 0.000000000000000000e+00
 0.000000000000000000e+00
 0.000000000000000000e+00
 0.000000000000000000e+00
 0.000000000000000000e+00
 0.000000000000000000e+00
 0.000000000000000000e+00
 0.000000000000000000e+00
 0.000000000000000000e+00
 0.000000000000000000e+00
 0.000000000000000000e+00
 0.000000000000000000e+00
 0.000000000000000000e+00
 0.000000000000000000e+00
 0.000000000000000000e+00
 0.000000000000000000e+00
 0.000000000000000000e+00
 0.000000000000000000e+00
 0.000000000000000000e+00
 0.000000000000000000e+00
 0.000000000000000000e+00
 0.000000000000000000e+00
 0.000000000000000000e+00
 0.000000000000000000e+00
 0.000000000000000000e+00
 0.000000000000000000e+00
 0.000000000000000000e+00
 0.000000000000000000e+00
 0.000000000000000000e+00
 0.000000000000000000e+00
 0.000000000000000000e+00
 0.000000000000000000e+00
 0.000000000000000000e+00
 0.000000000000000000e+00
 0.000000000000000000e+00
 0.000000000000000000e+00
 0.000000000000000000e+00
 0.000000000000000000e+00
 0.000000000000000000e+00
 0.000000000000000000e+00
 0.000000000000000000e+00
 0.000000000000000000e+00
 0.000000000000000000e+00
 0.000000000000000000e+00
 0.000000000000000000e+00
 0.000000000000000000e+00
 0.000000000000000000e+00
 0.000000000000000000e+00
 0.000000000000000000e+00
 0.000000000000000000e+00
 0.000000000000000000e+00
 0.000000000000000000e+00
 0.000000000000000000e+00
 0.000000000000000000e+00
 0.000000000000000000e+00
 0.000000000000000000e+00
 0.000000000000000000e+00
 0.000000000000000000e+00
 0.000000000000000000e+00
 0.000000000000000000e+00
 0.000000000000000000e+00
 0.000000000000000000e+00
 0.000000000000000000e+00
 0.000000000000000000e+00
 0.000000000000000000e+00
 0.000000000000000000e+00
 0.000000000000000000e+00
 0.000000000000000000e+00
 0.000000000000000000e+00
 0.000000000000000000e+00
 0.000000000000000000e+00
 0.000000000000000000e+00
 0.000000000000000000e+00
 0.000000000000000000e+00
 0.000000000000000000e+00
 0.000000000000000000e+00
 0.000000000000000000e+00
 0.000000000000000000e+00
 0.000000000000000000e+00
 0.000000000000000000e+00
 0.000000000000000000e+00
 0.000000000000000000e+00
 0.000000000000000000e+00
 0.000000000000000000e+00
 0.000000000000000000e+00
 0.000000000000000000e+00
 0.000000000000000000e+00
 0.000000000000000000e+00
 0.000000000000000000e+00
 0.000000000000000000e+00
 0.000000000000000000e+00
 0.000000000000000000e+00
 0.000000000000000000e+00
 0.000000000000000000e+00
 0.000000000000000000e+00
 0.000000000000000000e+00
 0.000000000000000000e+00
 0.000000000000000000e+00
 0.000000000000000000e+00
 0.000000000000000000e+00
 0.000000000000000000e+00
 0.000000000000000000e+00
 0.000000000000000000e+00
 0.000000000000000000e+00
 0.000000000000000000e+00
 0.000000000000000000e+00
 0.000000000000000000e+00
 0.000000000000000000e+00
 0.000000000000000000e+00
 0.000000000000000000e+00
 0.000000000000000000e+00
 0.000000000000000000e+00
 0.000000000000000000e+00
 0.000000000000000000e+00
 0.000000000000000000e+00
 0.000000000000000000e+00
 0.000000000000000000e+00
 0.000000000000000000e+00
 0.000000000000000000e+00
 0.000000000000000000e+00
 0.000000000000000000e+00
 0.000000000000000000e+00
 0.000000000000000000e+00
 0.000000000000000000e+00
 0.000000000000000000e+00
 0.000000000000000000e+00
 0.000000000000000000e+00
 0.000000000000000000e+00
 0.000000000000000000e+00
 0.000000000000000000e+00
 0.000000000000000000e+00
 0.000000000000000000e+00
 0.000000000000000000e+00
 0.000000000000000000e+00
 0.000000000000000000e+00
 0.000000000000000000e+00
 0.000000000000000000e+00
 0.000000000000000000e+00
 0.000000000000000000e+00
 0.000000000000000000e+00
 0.000000000000000000e+00
 0.000000000000000000e+00
 0.000000000000000000e+00
 0.000000000000000000e+00
 0.000000000000000000e+00
 0.000000000000000000e+00
 0.000000000000000000e+00
 0.000000000000000000e+00
 0.000000000000000000e+00
 0.000000000000000000e+00
 0.000000000000000000e+00
 0.000000000000000000e+00
 0.000000000000000000e+00
 0.000000000000000000e+00
 0.000000000000000000e+00
 0.000000000000000000e+00
 0.000000000000000000e+00
 0.000000000000000000e+00
 0.000000000000000000e+00
 0.000000000000000000e+00
 0.000000000000000000e+00
 0.000000000000000000e+00
 0.000000000000000000e+00
 0.000000000000000000e+00
 0.000000000000000000e+00
 0.000000000000000000e+00
 0.000000000000000000e+00
 0.000000000000000000e+00
 0.000000000000000000e+00
 0.000000000000000000e+00
 0.000000000000000000e+00
 0.000000000000000000e+00
 0.000000000000000000e+00
 0.000000000000000000e+00
 0.000000000000000000e+00
 0.000000000000000000e+00
 0.000000000000000000e+00
 0.000000000000000000e+00
 0.000000000000000000e+00
 0.000000000000000000e+00
 0.000000000000000000e+00
 0.000000000000000000e+00
 0.000000000000000000e+00
 0.000000000000000000e+00
 0.000000000000000000e+00
 0.000000000000000000e+00
 0.000000000000000000e+00
 0.000000000000000000e+00
 0.000000000000000000e+00
 0.000000000000000000e+00
 0.000000000000000000e+00
 0.000000000000000000e+00
 0.000000000000000000e+00
 0.000000000000000000e+00
 0.000000000000000000e+00
 0.000000000000000000e+00
 0.000000000000000000e+00
 0.000000000000000000e+00
 0.000000000000000000e+00
 0.000000000000000000e+00
 0.000000000000000000e+00
 0.000000000000000000e+00
 0.000000000000000000e+00
 0.000000000000000000e+00
 0.000000000000000000e+00
 0.000000000000000000e+00
 0.000000000000000000e+00
 0.000000000000000000e+00
 0.000000000000000000e+00
 0.000000000000000000e+00
 0.000000000000000000e+00
 0.000000000000000000e+00
 0.000000000000000000e+00
 0.000000000000000000e+00
 0.000000000000000000e+00
 0.000000000000000000e+00
 0.000000000000000000e+00
 0.000000000000000000e+00
 0.000000000000000000e+00
 0.000000000000000000e+00
 0.000000000000000000e+00
 0.000000000000000000e+00
 0.000000000000000000e+00
 0.000000000000000000e+00
 0.000000000000000000e+00
 0.000000000000000000e+00
 0.000000000000000000e+00
 0.000000000000000000e+00
 0.000000000000000000e+00
 0.000000000000000000e+00
 0.000000000000000000e+00
 0.000000000000000000e+00
 0.000000000000000000e+00
 0.000000000000000000e+00
 0.000000000000000000e+00
 0.000000000000000000e+00
 0.000000000000000000e+00
 0.000000000000000000e+00
 0.000000000000000000e+00
 0.000000000000000000e+00
 0.000000000000000000e+00
 0.000000000000000000e+00
 0.000000000000000000e+00
 0.000000000000000000e+00
 0.000000000000000000e+00
 0.000000000000000000e+00
 0.000000000000000000e+00
 0.000000000000000000e+00
 0.000000000000000000e+00
 0.000000000000000000e+00
 0.000000000000000000e+00
 0.000000000000000000e+00
 0.000000000000000000e+00
 0.000000000000000000e+00
 0.000000000000000000e+00
 0.000000000000000000e+00
 0.000000000000000000e+00
 0.000000000000000000e+00
 0.000000000000000000e+00
 0.000000000000000000e+00
 0.000000000000000000e+00
 0.000000000000000000e+00
 0.000000000000000000e+00
 0.000000000000000000e+00
 0.000000000000000000e+00
 0.000000000000000000e+00
 0.000000000000000000e+00
 0.000000000000000000e+00
 0.000000000000000000e+00
 0.000000000000000000e+00
 0.000000000000000000e+00
 0.000000000000000000e+00
 0.000000000000000000e+00
 0.000000000000000000e+00
 0.000000000000000000e+00
 0.000000000000000000e+00
 0.000000000000000000e+00
 0.000000000000000000e+00
 0.000000000000000000e+00
 0.000000000000000000e+00
 0.000000000000000000e+00
 0.000000000000000000e+00
 0.000000000000000000e+00
 0.000000000000000000e+00
 0.000000000000000000e+00
 0.000000000000000000e+00
 0.000000000000000000e+00
 0.000000000000000000e+00
 0.000000000000000000e+00
 0.000000000000000000e+00
 0.000000000000000000e+00
 0.000000000000000000e+00
 0.000000000000000000e+00
 0.000000000000000000e+00
 0.000000000000000000e+00
 0.000000000000000000e+00
 0.000000000000000000e+00
 0.000000000000000000e+00
 0.000000000000000000e+00
 0.000000000000000000e+00
 0.000000000000000000e+00
 0.000000000000000000e+00
 0.000000000000000000e+00
 0.000000000000000000e+00
 0.000000000000000000e+00
 0.000000000000000000e+00
 0.000000000000000000e+00
 0.000000000000000000e+00
 0.000000000000000000e+00
 0.000000000000000000e+00
 0.000000000000000000e+00
 0.000000000000000000e+00
 0.000000000000000000e+00
 0.000000000000000000e+00
 0.000000000000000000e+00
 0.000000000000000000e+00
 0.000000000000000000e+00
 0.000000000000000000e+00
 0.000000000000000000e+00
 0.000000000000000000e+00
 0.000000000000000000e+00
 0.000000000000000000e+00
 0.000000000000000000e+00
 0.000000000000000000e+00
 0.000000000000000000e+00
 0.000000000000000000e+00
 0.000000000000000000e+00
 0.000000000000000000e+00
 0.000000000000000000e+00
 0.000000000000000000e+00
 0.000000000000000000e+00
 0.000000000000000000e+00
 0.000000000000000000e+00
 0.000000000000000000e+00
 0.000000000000000000e+00
 0.000000000000000000e+00
 0.000000000000000000e+00
 0.000000000000000000e+00
 0.000000000000000000e+00
 0.000000000000000000e+00
 0.000000000000000000e+00
 0.000000000000000000e+00
 0.000000000000000000e+00
 0.000000000000000000e+00
 0.000000000000000000e+00
 0.000000000000000000e+00
 0.000000000000000000e+00
 0.000000000000000000e+00
 0.000000000000000000e+00
 0.000000000000000000e+00
 0.000000000000000000e+00
 0.000000000000000000e+00
 0.000000000000000000e+00
 0.000000000000000000e+00
 0.000000000000000000e+00
 0.000000000000000000e+00
 0.000000000000000000e+00
 0.000000000000000000e+00
 0.000000000000000000e+00
 0.000000000000000000e+00
 0.000000000000000000e+00
 0.000000000000000000e+00
 0.000000000000000000e+00
 0.000000000000000000e+00
 0.000000000000000000e+00
 0.000000000000000000e+00
 0.000000000000000000e+00
 0.000000000000000000e+00
 0.000000000000000000e+00
 0.000000000000000000e+00
 0.000000000000000000e+00
 0.000000000000000000e+00
 0.000000000000000000e+00
 0.000000000000000000e+00
 0.000000000000000000e+00
 0.000000000000000000e+00
 0.000000000000000000e+00
 0.000000000000000000e+00
 0.000000000000000000e+00
 0.000000000000000000e+00
 0.000000000000000000e+00
 0.000000000000000000e+00
 0.000000000000000000e+00
 0.000000000000000000e+00
 0.000000000000000000e+00
 0.000000000000000000e+00
 0.000000000000000000e+00
 0.000000000000000000e+00
 0.000000000000000000e+00
 0.000000000000000000e+00
 0.000000000000000000e+00
 0.000000000000000000e+00
 0.000000000000000000e+00
 0.000000000000000000e+00
 0.000000000000000000e+00
 0.000000000000000000e+00
 0.000000000000000000e+00
 0.000000000000000000e+00
 0.000000000000000000e+00
 0.000000000000000000e+00
 0.000000000000000000e+00
 0.000000000000000000e+00
 0.000000000000000000e+00
 0.000000000000000000e+00
 0.000000000000000000e+00
 0.000000000000000000e+00
 0.000000000000000000e+00
 0.000000000000000000e+00
 0.000000000000000000e+00
 0.000000000000000000e+00
 0.000000000000000000e+00
 0.000000000000000000e+00
 0.000000000000000000e+00
 0.000000000000000000e+00
 0.000000000000000000e+00
 0.000000000000000000e+00
 0.000000000000000000e+00
 0.000000000000000000e+00
 0.000000000000000000e+00
 0.000000000000000000e+00
 0.000000000000000000e+00
 0.000000000000000000e+00
 0.000000000000000000e+00
 0.000000000000000000e+00
 0.000000000000000000e+00
 0.000000000000000000e+00
 0.000000000000000000e+00
 </DataArray>
 <DataArray Name="k_t" type="Float32" NumberOfComponents="1" format="ascii">
 0.000000000000000000e+00
 0.000000000000000000e+00
 0.000000000000000000e+00
 0.000000000000000000e+00
 0.000000000000000000e+00
 0.000000000000000000e+00
 0.000000000000000000e+00
 0.000000000000000000e+00
 0.000000000000000000e+00
 0.000000000000000000e+00
 0.000000000000000000e+00
 0.000000000000000000e+00
 0.000000000000000000e+00
 0.000000000000000000e+00
 0.000000000000000000e+00
 0.000000000000000000e+00
 0.000000000000000000e+00
 0.000000000000000000e+00
 0.000000000000000000e+00
 0.000000000000000000e+00
 0.000000000000000000e+00
 0.000000000000000000e+00
 0.000000000000000000e+00
 0.000000000000000000e+00
 0.000000000000000000e+00
 0.000000000000000000e+00
 0.000000000000000000e+00
 0.000000000000000000e+00
 0.000000000000000000e+00
 0.000000000000000000e+00
 0.000000000000000000e+00
 0.000000000000000000e+00
 0.000000000000000000e+00
 0.000000000000000000e+00
 0.000000000000000000e+00
 0.000000000000000000e+00
 0.000000000000000000e+00
 0.000000000000000000e+00
 0.000000000000000000e+00
 0.000000000000000000e+00
 0.000000000000000000e+00
 0.000000000000000000e+00
 0.000000000000000000e+00
 0.000000000000000000e+00
 0.000000000000000000e+00
 0.000000000000000000e+00
 0.000000000000000000e+00
 0.000000000000000000e+00
 0.000000000000000000e+00
 0.000000000000000000e+00
 0.000000000000000000e+00
 0.000000000000000000e+00
 0.000000000000000000e+00
 0.000000000000000000e+00
 0.000000000000000000e+00
 0.000000000000000000e+00
 0.000000000000000000e+00
 0.000000000000000000e+00
 0.000000000000000000e+00
 0.000000000000000000e+00
 0.000000000000000000e+00
 0.000000000000000000e+00
 0.000000000000000000e+00
 0.000000000000000000e+00
 0.000000000000000000e+00
 0.000000000000000000e+00
 0.000000000000000000e+00
 0.000000000000000000e+00
 0.000000000000000000e+00
 0.000000000000000000e+00
 0.000000000000000000e+00
 0.000000000000000000e+00
 0.000000000000000000e+00
 0.000000000000000000e+00
 0.000000000000000000e+00
 0.000000000000000000e+00
 0.000000000000000000e+00
 0.000000000000000000e+00
 0.000000000000000000e+00
 0.000000000000000000e+00
 0.000000000000000000e+00
 0.000000000000000000e+00
 0.000000000000000000e+00
 0.000000000000000000e+00
 0.000000000000000000e+00
 0.000000000000000000e+00
 0.000000000000000000e+00
 0.000000000000000000e+00
 0.000000000000000000e+00
 0.000000000000000000e+00
 0.000000000000000000e+00
 0.000000000000000000e+00
 0.000000000000000000e+00
 0.000000000000000000e+00
 0.000000000000000000e+00
 0.000000000000000000e+00
 0.000000000000000000e+00
 0.000000000000000000e+00
 0.000000000000000000e+00
 0.000000000000000000e+00
 0.000000000000000000e+00
 0.000000000000000000e+00
 0.000000000000000000e+00
 0.000000000000000000e+00
 0.000000000000000000e+00
 0.000000000000000000e+00
 0.000000000000000000e+00
 0.000000000000000000e+00
 0.000000000000000000e+00
 0.000000000000000000e+00
 0.000000000000000000e+00
 0.000000000000000000e+00
 0.000000000000000000e+00
 0.000000000000000000e+00
 0.000000000000000000e+00
 0.000000000000000000e+00
 0.000000000000000000e+00
 0.000000000000000000e+00
 0.000000000000000000e+00
 0.000000000000000000e+00
 0.000000000000000000e+00
 0.000000000000000000e+00
 0.000000000000000000e+00
 0.000000000000000000e+00
 0.000000000000000000e+00
 0.000000000000000000e+00
 0.000000000000000000e+00
 0.000000000000000000e+00
 0.000000000000000000e+00
 0.000000000000000000e+00
 0.000000000000000000e+00
 0.000000000000000000e+00
 0.000000000000000000e+00
 0.000000000000000000e+00
 0.000000000000000000e+00
 0.000000000000000000e+00
 0.000000000000000000e+00
 0.000000000000000000e+00
 0.000000000000000000e+00
 0.000000000000000000e+00
 0.000000000000000000e+00
 0.000000000000000000e+00
 0.000000000000000000e+00
 0.000000000000000000e+00
 0.000000000000000000e+00
 0.000000000000000000e+00
 0.000000000000000000e+00
 0.000000000000000000e+00
 0.000000000000000000e+00
 0.000000000000000000e+00
 0.000000000000000000e+00
 0.000000000000000000e+00
 0.000000000000000000e+00
 0.000000000000000000e+00
 0.000000000000000000e+00
 0.000000000000000000e+00
 0.000000000000000000e+00
 0.000000000000000000e+00
 0.000000000000000000e+00
 0.000000000000000000e+00
 0.000000000000000000e+00
 0.000000000000000000e+00
 0.000000000000000000e+00
 0.000000000000000000e+00
 0.000000000000000000e+00
 0.000000000000000000e+00
 0.000000000000000000e+00
 0.000000000000000000e+00
 0.000000000000000000e+00
 0.000000000000000000e+00
 0.000000000000000000e+00
 0.000000000000000000e+00
 0.000000000000000000e+00
 0.000000000000000000e+00
 0.000000000000000000e+00
 0.000000000000000000e+00
 0.000000000000000000e+00
 0.000000000000000000e+00
 0.000000000000000000e+00
 0.000000000000000000e+00
 0.000000000000000000e+00
 0.000000000000000000e+00
 0.000000000000000000e+00
 0.000000000000000000e+00
 0.000000000000000000e+00
 0.000000000000000000e+00
 0.000000000000000000e+00
 0.000000000000000000e+00
 0.000000000000000000e+00
 0.000000000000000000e+00
 0.000000000000000000e+00
 0.000000000000000000e+00
 0.000000000000000000e+00
 0.000000000000000000e+00
 0.000000000000000000e+00
 0.000000000000000000e+00
 0.000000000000000000e+00
 0.000000000000000000e+00
 0.000000000000000000e+00
 0.000000000000000000e+00
 0.000000000000000000e+00
 0.000000000000000000e+00
 0.000000000000000000e+00
 0.000000000000000000e+00
 0.000000000000000000e+00
 0.000000000000000000e+00
 0.000000000000000000e+00
 0.000000000000000000e+00
 0.000000000000000000e+00
 0.000000000000000000e+00
 0.000000000000000000e+00
 0.000000000000000000e+00
 0.000000000000000000e+00
 0.000000000000000000e+00
 0.000000000000000000e+00
 0.000000000000000000e+00
 0.000000000000000000e+00
 0.000000000000000000e+00
 0.000000000000000000e+00
 0.000000000000000000e+00
 0.000000000000000000e+00
 0.000000000000000000e+00
 0.000000000000000000e+00
 0.000000000000000000e+00
 0.000000000000000000e+00
 0.000000000000000000e+00
 0.000000000000000000e+00
 0.000000000000000000e+00
 0.000000000000000000e+00
 0.000000000000000000e+00
 0.000000000000000000e+00
 0.000000000000000000e+00
 0.000000000000000000e+00
 0.000000000000000000e+00
 0.000000000000000000e+00
 0.000000000000000000e+00
 0.000000000000000000e+00
 0.000000000000000000e+00
 0.000000000000000000e+00
 0.000000000000000000e+00
 0.000000000000000000e+00
 0.000000000000000000e+00
 0.000000000000000000e+00
 0.000000000000000000e+00
 0.000000000000000000e+00
 0.000000000000000000e+00
 0.000000000000000000e+00
 0.000000000000000000e+00
 0.000000000000000000e+00
 0.000000000000000000e+00
 0.000000000000000000e+00
 0.000000000000000000e+00
 0.000000000000000000e+00
 0.000000000000000000e+00
 0.000000000000000000e+00
 0.000000000000000000e+00
 0.000000000000000000e+00
 0.000000000000000000e+00
 0.000000000000000000e+00
 0.000000000000000000e+00
 0.000000000000000000e+00
 0.000000000000000000e+00
 0.000000000000000000e+00
 0.000000000000000000e+00
 0.000000000000000000e+00
 0.000000000000000000e+00
 0.000000000000000000e+00
 0.000000000000000000e+00
 0.000000000000000000e+00
 0.000000000000000000e+00
 0.000000000000000000e+00
 0.000000000000000000e+00
 0.000000000000000000e+00
 0.000000000000000000e+00
 0.000000000000000000e+00
 0.000000000000000000e+00
 0.000000000000000000e+00
 0.000000000000000000e+00
 0.000000000000000000e+00
 0.000000000000000000e+00
 0.000000000000000000e+00
 0.000000000000000000e+00
 0.000000000000000000e+00
 0.000000000000000000e+00
 0.000000000000000000e+00
 0.000000000000000000e+00
 0.000000000000000000e+00
 0.000000000000000000e+00
 0.000000000000000000e+00
 0.000000000000000000e+00
 0.000000000000000000e+00
 0.000000000000000000e+00
 0.000000000000000000e+00
 0.000000000000000000e+00
 0.000000000000000000e+00
 0.000000000000000000e+00
 0.000000000000000000e+00
 0.000000000000000000e+00
 0.000000000000000000e+00
 0.000000000000000000e+00
 0.000000000000000000e+00
 0.000000000000000000e+00
 0.000000000000000000e+00
 0.000000000000000000e+00
 0.000000000000000000e+00
 0.000000000000000000e+00
 0.000000000000000000e+00
 0.000000000000000000e+00
 0.000000000000000000e+00
 0.000000000000000000e+00
 0.000000000000000000e+00
 0.000000000000000000e+00
 0.000000000000000000e+00
 0.000000000000000000e+00
 0.000000000000000000e+00
 0.000000000000000000e+00
 0.000000000000000000e+00
 0.000000000000000000e+00
 0.000000000000000000e+00
 0.000000000000000000e+00
 0.000000000000000000e+00
 0.000000000000000000e+00
 0.000000000000000000e+00
 0.000000000000000000e+00
 0.000000000000000000e+00
 0.000000000000000000e+00
 0.000000000000000000e+00
 0.000000000000000000e+00
 0.000000000000000000e+00
 0.000000000000000000e+00
 0.000000000000000000e+00
 0.000000000000000000e+00
 0.000000000000000000e+00
 0.000000000000000000e+00
 0.000000000000000000e+00
 0.000000000000000000e+00
 0.000000000000000000e+00
 0.000000000000000000e+00
 0.000000000000000000e+00
 0.000000000000000000e+00
 0.000000000000000000e+00
 0.000000000000000000e+00
 0.000000000000000000e+00
 0.000000000000000000e+00
 0.000000000000000000e+00
 0.000000000000000000e+00
 0.000000000000000000e+00
 0.000000000000000000e+00
 0.000000000000000000e+00
 0.000000000000000000e+00
 0.000000000000000000e+00
 0.000000000000000000e+00
 0.000000000000000000e+00
 0.000000000000000000e+00
 0.000000000000000000e+00
 0.000000000000000000e+00
 0.000000000000000000e+00
 0.000000000000000000e+00
 0.000000000000000000e+00
 0.000000000000000000e+00
 0.000000000000000000e+00
 0.000000000000000000e+00
 0.000000000000000000e+00
 0.000000000000000000e+00
 0.000000000000000000e+00
 0.000000000000000000e+00
 0.000000000000000000e+00
 0.000000000000000000e+00
 0.000000000000000000e+00
 0.000000000000000000e+00
 0.000000000000000000e+00
 0.000000000000000000e+00
 0.000000000000000000e+00
 0.000000000000000000e+00
 0.000000000000000000e+00
 0.000000000000000000e+00
 0.000000000000000000e+00
 0.000000000000000000e+00
 0.000000000000000000e+00
 0.000000000000000000e+00
 0.000000000000000000e+00
 0.000000000000000000e+00
 0.000000000000000000e+00
 0.000000000000000000e+00
 0.000000000000000000e+00
 0.000000000000000000e+00
 0.000000000000000000e+00
 0.000000000000000000e+00
 0.000000000000000000e+00
 0.000000000000000000e+00
 0.000000000000000000e+00
 0.000000000000000000e+00
 0.000000000000000000e+00
 0.000000000000000000e+00
 0.000000000000000000e+00
 0.000000000000000000e+00
 0.000000000000000000e+00
 0.000000000000000000e+00
 0.000000000000000000e+00
 0.000000000000000000e+00
 0.000000000000000000e+00
 0.000000000000000000e+00
 0.000000000000000000e+00
 0.000000000000000000e+00
 0.000000000000000000e+00
 0.000000000000000000e+00
 0.000000000000000000e+00
 0.000000000000000000e+00
 0.000000000000000000e+00
 0.000000000000000000e+00
 0.000000000000000000e+00
 0.000000000000000000e+00
 0.000000000000000000e+00
 0.000000000000000000e+00
 0.000000000000000000e+00
 0.000000000000000000e+00
 0.000000000000000000e+00
 0.000000000000000000e+00
 0.000000000000000000e+00
 0.000000000000000000e+00
 0.000000000000000000e+00
 0.000000000000000000e+00
 0.000000000000000000e+00
 0.000000000000000000e+00
 0.000000000000000000e+00
 0.000000000000000000e+00
 0.000000000000000000e+00
 0.000000000000000000e+00
 0.000000000000000000e+00
 0.000000000000000000e+00
 0.000000000000000000e+00
 0.000000000000000000e+00
 0.000000000000000000e+00
 0.000000000000000000e+00
 0.000000000000000000e+00
 0.000000000000000000e+00
 0.000000000000000000e+00
 0.000000000000000000e+00
 0.000000000000000000e+00
 0.000000000000000000e+00
 0.000000000000000000e+00
 0.000000000000000000e+00
 0.000000000000000000e+00
 0.000000000000000000e+00
 0.000000000000000000e+00
 0.000000000000000000e+00
 0.000000000000000000e+00
 0.000000000000000000e+00
 0.000000000000000000e+00
 0.000000000000000000e+00
 0.000000000000000000e+00
 0.000000000000000000e+00
 0.000000000000000000e+00
 0.000000000000000000e+00
 0.000000000000000000e+00
 0.000000000000000000e+00
 0.000000000000000000e+00
 0.000000000000000000e+00
 0.000000000000000000e+00
 0.000000000000000000e+00
 0.000000000000000000e+00
 0.000000000000000000e+00
 0.000000000000000000e+00
 0.000000000000000000e+00
 0.000000000000000000e+00
 0.000000000000000000e+00
 0.000000000000000000e+00
 0.000000000000000000e+00
 0.000000000000000000e+00
 0.000000000000000000e+00
 0.000000000000000000e+00
 0.000000000000000000e+00
 0.000000000000000000e+00
 0.000000000000000000e+00
 0.000000000000000000e+00
 0.000000000000000000e+00
 0.000000000000000000e+00
 0.000000000000000000e+00
 0.000000000000000000e+00
 0.000000000000000000e+00
 0.000000000000000000e+00
 0.000000000000000000e+00
 0.000000000000000000e+00
 0.000000000000000000e+00
 0.000000000000000000e+00
 0.000000000000000000e+00
 0.000000000000000000e+00
 0.000000000000000000e+00
 0.000000000000000000e+00
 0.000000000000000000e+00
 0.000000000000000000e+00
 0.000000000000000000e+00
 0.000000000000000000e+00
 0.000000000000000000e+00
 0.000000000000000000e+00
 0.000000000000000000e+00
 0.000000000000000000e+00
 0.000000000000000000e+00
 0.000000000000000000e+00
 0.000000000000000000e+00
 </DataArray>
 <DataArray Name="S" type="Float32" NumberOfComponents="1" format="ascii">
 0.000000000000000000e+00
 0.000000000000000000e+00
 0.000000000000000000e+00
 0.000000000000000000e+00
 0.000000000000000000e+00
 0.000000000000000000e+00
 0.000000000000000000e+00
 0.000000000000000000e+00
 0.000000000000000000e+00
 0.000000000000000000e+00
 0.000000000000000000e+00
 0.000000000000000000e+00
 0.000000000000000000e+00
 0.000000000000000000e+00
 0.000000000000000000e+00
 0.000000000000000000e+00
 0.000000000000000000e+00
 0.000000000000000000e+00
 0.000000000000000000e+00
 0.000000000000000000e+00
 0.000000000000000000e+00
 0.000000000000000000e+00
 0.000000000000000000e+00
 0.000000000000000000e+00
 0.000000000000000000e+00
 0.000000000000000000e+00
 0.000000000000000000e+00
 0.000000000000000000e+00
 0.000000000000000000e+00
 0.000000000000000000e+00
 0.000000000000000000e+00
 0.000000000000000000e+00
 0.000000000000000000e+00
 0.000000000000000000e+00
 0.000000000000000000e+00
 0.000000000000000000e+00
 0.000000000000000000e+00
 0.000000000000000000e+00
 0.000000000000000000e+00
 0.000000000000000000e+00
 0.000000000000000000e+00
 0.000000000000000000e+00
 0.000000000000000000e+00
 0.000000000000000000e+00
 0.000000000000000000e+00
 0.000000000000000000e+00
 0.000000000000000000e+00
 0.000000000000000000e+00
 0.000000000000000000e+00
 0.000000000000000000e+00
 0.000000000000000000e+00
 0.000000000000000000e+00
 0.000000000000000000e+00
 0.000000000000000000e+00
 0.000000000000000000e+00
 0.000000000000000000e+00
 0.000000000000000000e+00
 0.000000000000000000e+00
 0.000000000000000000e+00
 0.000000000000000000e+00
 0.000000000000000000e+00
 0.000000000000000000e+00
 0.000000000000000000e+00
 0.000000000000000000e+00
 0.000000000000000000e+00
 0.000000000000000000e+00
 0.000000000000000000e+00
 0.000000000000000000e+00
 0.000000000000000000e+00
 0.000000000000000000e+00
 0.000000000000000000e+00
 0.000000000000000000e+00
 0.000000000000000000e+00
 0.000000000000000000e+00
 0.000000000000000000e+00
 0.000000000000000000e+00
 0.000000000000000000e+00
 0.000000000000000000e+00
 0.000000000000000000e+00
 0.000000000000000000e+00
 0.000000000000000000e+00
 0.000000000000000000e+00
 0.000000000000000000e+00
 0.000000000000000000e+00
 0.000000000000000000e+00
 0.000000000000000000e+00
 0.000000000000000000e+00
 0.000000000000000000e+00
 0.000000000000000000e+00
 0.000000000000000000e+00
 0.000000000000000000e+00
 0.000000000000000000e+00
 0.000000000000000000e+00
 0.000000000000000000e+00
 0.000000000000000000e+00
 0.000000000000000000e+00
 0.000000000000000000e+00
 0.000000000000000000e+00
 0.000000000000000000e+00
 0.000000000000000000e+00
 0.000000000000000000e+00
 0.000000000000000000e+00
 0.000000000000000000e+00
 0.000000000000000000e+00
 0.000000000000000000e+00
 0.000000000000000000e+00
 0.000000000000000000e+00
 0.000000000000000000e+00
 0.000000000000000000e+00
 0.000000000000000000e+00
 0.000000000000000000e+00
 0.000000000000000000e+00
 0.000000000000000000e+00
 0.000000000000000000e+00
 0.000000000000000000e+00
 0.000000000000000000e+00
 0.000000000000000000e+00
 0.000000000000000000e+00
 0.000000000000000000e+00
 0.000000000000000000e+00
 0.000000000000000000e+00
 0.000000000000000000e+00
 0.000000000000000000e+00
 0.000000000000000000e+00
 0.000000000000000000e+00
 0.000000000000000000e+00
 0.000000000000000000e+00
 0.000000000000000000e+00
 0.000000000000000000e+00
 0.000000000000000000e+00
 0.000000000000000000e+00
 0.000000000000000000e+00
 0.000000000000000000e+00
 0.000000000000000000e+00
 0.000000000000000000e+00
 0.000000000000000000e+00
 0.000000000000000000e+00
 0.000000000000000000e+00
 0.000000000000000000e+00
 0.000000000000000000e+00
 0.000000000000000000e+00
 0.000000000000000000e+00
 0.000000000000000000e+00
 0.000000000000000000e+00
 0.000000000000000000e+00
 0.000000000000000000e+00
 0.000000000000000000e+00
 0.000000000000000000e+00
 0.000000000000000000e+00
 0.000000000000000000e+00
 0.000000000000000000e+00
 0.000000000000000000e+00
 0.000000000000000000e+00
 0.000000000000000000e+00
 0.000000000000000000e+00
 0.000000000000000000e+00
 0.000000000000000000e+00
 0.000000000000000000e+00
 0.000000000000000000e+00
 0.000000000000000000e+00
 0.000000000000000000e+00
 0.000000000000000000e+00
 0.000000000000000000e+00
 0.000000000000000000e+00
 0.000000000000000000e+00
 0.000000000000000000e+00
 0.000000000000000000e+00
 0.000000000000000000e+00
 0.000000000000000000e+00
 0.000000000000000000e+00
 0.000000000000000000e+00
 0.000000000000000000e+00
 0.000000000000000000e+00
 0.000000000000000000e+00
 0.000000000000000000e+00
 0.000000000000000000e+00
 0.000000000000000000e+00
 0.000000000000000000e+00
 0.000000000000000000e+00
 0.000000000000000000e+00
 0.000000000000000000e+00
 0.000000000000000000e+00
 0.000000000000000000e+00
 0.000000000000000000e+00
 0.000000000000000000e+00
 0.000000000000000000e+00
 0.000000000000000000e+00
 0.000000000000000000e+00
 0.000000000000000000e+00
 0.000000000000000000e+00
 0.000000000000000000e+00
 0.000000000000000000e+00
 0.000000000000000000e+00
 0.000000000000000000e+00
 0.000000000000000000e+00
 0.000000000000000000e+00
 0.000000000000000000e+00
 0.000000000000000000e+00
 0.000000000000000000e+00
 0.000000000000000000e+00
 0.000000000000000000e+00
 0.000000000000000000e+00
 0.000000000000000000e+00
 0.000000000000000000e+00
 0.000000000000000000e+00
 0.000000000000000000e+00
 0.000000000000000000e+00
 0.000000000000000000e+00
 0.000000000000000000e+00
 0.000000000000000000e+00
 0.000000000000000000e+00
 0.000000000000000000e+00
 0.000000000000000000e+00
 0.000000000000000000e+00
 0.000000000000000000e+00
 0.000000000000000000e+00
 0.000000000000000000e+00
 0.000000000000000000e+00
 0.000000000000000000e+00
 0.000000000000000000e+00
 0.000000000000000000e+00
 0.000000000000000000e+00
 0.000000000000000000e+00
 0.000000000000000000e+00
 0.000000000000000000e+00
 0.000000000000000000e+00
 0.000000000000000000e+00
 0.000000000000000000e+00
 0.000000000000000000e+00
 0.000000000000000000e+00
 0.000000000000000000e+00
 0.000000000000000000e+00
 0.000000000000000000e+00
 0.000000000000000000e+00
 0.000000000000000000e+00
 0.000000000000000000e+00
 0.000000000000000000e+00
 0.000000000000000000e+00
 0.000000000000000000e+00
 0.000000000000000000e+00
 0.000000000000000000e+00
 0.000000000000000000e+00
 0.000000000000000000e+00
 0.000000000000000000e+00
 0.000000000000000000e+00
 0.000000000000000000e+00
 0.000000000000000000e+00
 0.000000000000000000e+00
 0.000000000000000000e+00
 0.000000000000000000e+00
 0.000000000000000000e+00
 0.000000000000000000e+00
 0.000000000000000000e+00
 0.000000000000000000e+00
 0.000000000000000000e+00
 0.000000000000000000e+00
 0.000000000000000000e+00
 0.000000000000000000e+00
 0.000000000000000000e+00
 0.000000000000000000e+00
 0.000000000000000000e+00
 0.000000000000000000e+00
 0.000000000000000000e+00
 0.000000000000000000e+00
 0.000000000000000000e+00
 0.000000000000000000e+00
 0.000000000000000000e+00
 0.000000000000000000e+00
 0.000000000000000000e+00
 0.000000000000000000e+00
 0.000000000000000000e+00
 0.000000000000000000e+00
 0.000000000000000000e+00
 0.000000000000000000e+00
 0.000000000000000000e+00
 0.000000000000000000e+00
 0.000000000000000000e+00
 0.000000000000000000e+00
 0.000000000000000000e+00
 0.000000000000000000e+00
 0.000000000000000000e+00
 0.000000000000000000e+00
 0.000000000000000000e+00
 0.000000000000000000e+00
 0.000000000000000000e+00
 0.000000000000000000e+00
 0.000000000000000000e+00
 0.000000000000000000e+00
 0.000000000000000000e+00
 0.000000000000000000e+00
 0.000000000000000000e+00
 0.000000000000000000e+00
 0.000000000000000000e+00
 0.000000000000000000e+00
 0.000000000000000000e+00
 0.000000000000000000e+00
 0.000000000000000000e+00
 0.000000000000000000e+00
 0.000000000000000000e+00
 0.000000000000000000e+00
 0.000000000000000000e+00
 0.000000000000000000e+00
 0.000000000000000000e+00
 0.000000000000000000e+00
 0.000000000000000000e+00
 0.000000000000000000e+00
 0.000000000000000000e+00
 0.000000000000000000e+00
 0.000000000000000000e+00
 0.000000000000000000e+00
 0.000000000000000000e+00
 0.000000000000000000e+00
 0.000000000000000000e+00
 0.000000000000000000e+00
 0.000000000000000000e+00
 0.000000000000000000e+00
 0.000000000000000000e+00
 0.000000000000000000e+00
 0.000000000000000000e+00
 0.000000000000000000e+00
 0.000000000000000000e+00
 0.000000000000000000e+00
 0.000000000000000000e+00
 0.000000000000000000e+00
 0.000000000000000000e+00
 0.000000000000000000e+00
 0.000000000000000000e+00
 0.000000000000000000e+00
 0.000000000000000000e+00
 0.000000000000000000e+00
 0.000000000000000000e+00
 0.000000000000000000e+00
 0.000000000000000000e+00
 0.000000000000000000e+00
 0.000000000000000000e+00
 0.000000000000000000e+00
 0.000000000000000000e+00
 0.000000000000000000e+00
 0.000000000000000000e+00
 0.000000000000000000e+00
 0.000000000000000000e+00
 0.000000000000000000e+00
 0.000000000000000000e+00
 0.000000000000000000e+00
 0.000000000000000000e+00
 0.000000000000000000e+00
 0.000000000000000000e+00
 0.000000000000000000e+00
 0.000000000000000000e+00
 0.000000000000000000e+00
 0.000000000000000000e+00
 0.000000000000000000e+00
 0.000000000000000000e+00
 0.000000000000000000e+00
 0.000000000000000000e+00
 0.000000000000000000e+00
 0.000000000000000000e+00
 0.000000000000000000e+00
 0.000000000000000000e+00
 0.000000000000000000e+00
 0.000000000000000000e+00
 0.000000000000000000e+00
 0.000000000000000000e+00
 0.000000000000000000e+00
 0.000000000000000000e+00
 0.000000000000000000e+00
 0.000000000000000000e+00
 0.000000000000000000e+00
 0.000000000000000000e+00
 0.000000000000000000e+00
 0.000000000000000000e+00
 0.000000000000000000e+00
 0.000000000000000000e+00
 0.000000000000000000e+00
 0.000000000000000000e+00
 0.000000000000000000e+00
 0.000000000000000000e+00
 0.000000000000000000e+00
 0.000000000000000000e+00
 0.000000000000000000e+00
 0.000000000000000000e+00
 0.000000000000000000e+00
 0.000000000000000000e+00
 0.000000000000000000e+00
 0.000000000000000000e+00
 0.000000000000000000e+00
 0.000000000000000000e+00
 0.000000000000000000e+00
 0.000000000000000000e+00
 0.000000000000000000e+00
 0.000000000000000000e+00
 0.000000000000000000e+00
 0.000000000000000000e+00
 0.000000000000000000e+00
 0.000000000000000000e+00
 0.000000000000000000e+00
 0.000000000000000000e+00
 0.000000000000000000e+00
 0.000000000000000000e+00
 0.000000000000000000e+00
 0.000000000000000000e+00
 0.000000000000000000e+00
 0.000000000000000000e+00
 0.000000000000000000e+00
 0.000000000000000000e+00
 0.000000000000000000e+00
 0.000000000000000000e+00
 0.000000000000000000e+00
 0.000000000000000000e+00
 0.000000000000000000e+00
 0.000000000000000000e+00
 0.000000000000000000e+00
 0.000000000000000000e+00
 0.000000000000000000e+00
 0.000000000000000000e+00
 0.000000000000000000e+00
 0.000000000000000000e+00
 0.000000000000000000e+00
 0.000000000000000000e+00
 0.000000000000000000e+00
 0.000000000000000000e+00
 0.000000000000000000e+00
 0.000000000000000000e+00
 0.000000000000000000e+00
 0.000000000000000000e+00
 0.000000000000000000e+00
 0.000000000000000000e+00
 0.000000000000000000e+00
 0.000000000000000000e+00
 0.000000000000000000e+00
 0.000000000000000000e+00
 0.000000000000000000e+00
 0.000000000000000000e+00
 0.000000000000000000e+00
 0.000000000000000000e+00
 0.000000000000000000e+00
 0.000000000000000000e+00
 0.000000000000000000e+00
 0.000000000000000000e+00
 0.000000000000000000e+00
 0.000000000000000000e+00
 0.000000000000000000e+00
 0.000000000000000000e+00
 0.000000000000000000e+00
 0.000000000000000000e+00
 0.000000000000000000e+00
 0.000000000000000000e+00
 0.000000000000000000e+00
 0.000000000000000000e+00
 0.000000000000000000e+00
 0.000000000000000000e+00
 0.000000000000000000e+00
 0.000000000000000000e+00
 0.000000000000000000e+00
 0.000000000000000000e+00
 0.000000000000000000e+00
 0.000000000000000000e+00
 0.000000000000000000e+00
 0.000000000000000000e+00
 0.000000000000000000e+00
 0.000000000000000000e+00
 0.000000000000000000e+00
 0.000000000000000000e+00
 0.000000000000000000e+00
 0.000000000000000000e+00
 0.000000000000000000e+00
 0.000000000000000000e+00
 0.000000000000000000e+00
 0.000000000000000000e+00
 0.000000000000000000e+00
 0.000000000000000000e+00
 0.000000000000000000e+00
 0.000000000000000000e+00
 0.000000000000000000e+00
 0.000000000000000000e+00
 0.000000000000000000e+00
 0.000000000000000000e+00
 0.000000000000000000e+00
 0.000000000000000000e+00
 0.000000000000000000e+00
 0.000000000000000000e+00
 0.000000000000000000e+00
 0.000000000000000000e+00
 0.000000000000000000e+00
 0.000000000000000000e+00
 0.000000000000000000e+00
 0.000000000000000000e+00
 0.000000000000000000e+00
 0.000000000000000000e+00
 0.000000000000000000e+00
 0.000000000000000000e+00
 0.000000000000000000e+00
 0.000000000000000000e+00
 0.000000000000000000e+00
 0.000000000000000000e+00
 0.000000000000000000e+00
 0.000000000000000000e+00
 0.000000000000000000e+00
 0.000000000000000000e+00
 0.000000000000000000e+00
 </DataArray>
 <DataArray Name="massf[0]-He" type="Float32" NumberOfComponents="1" format="ascii">
 1.000000000000000000e+00
 1.000000000000000000e+00
 9.999999999999998890e-01
 1.000000000000000000e+00
 1.000000000000000000e+00
 1.000000000000000000e+00
 1.000000000000000000e+00
 9.999999999999998890e-01
 1.000000000000000000e+00
 1.000000000000000000e+00
 1.000000000000000000e+00
 9.999999999999998890e-01
 9.999999999999998890e-01
 1.000000000000000000e+00
 1.000000000000000000e+00
 9.999999999999998890e-01
 1.000000000000000000e+00
 1.000000000000000000e+00
 9.999999999999998890e-01
 1.000000000000000000e+00
 1.000000000000000000e+00
 1.000000000000000000e+00
 1.000000000000000000e+00
 1.000000000000000000e+00
 1.000000000000000000e+00
 1.000000000000000000e+00
 1.000000000000000000e+00
 1.000000000000000000e+00
 1.000000000000000000e+00
 1.000000000000000000e+00
 9.999999999999998890e-01
 1.000000000000000000e+00
 1.000000000000000000e+00
 1.000000000000000000e+00
 1.000000000000000000e+00
 1.000000000000000000e+00
 1.000000000000000000e+00
 1.000000000000000000e+00
 1.000000000000000000e+00
 1.000000000000000000e+00
 1.000000000000000000e+00
 1.000000000000000000e+00
 1.000000000000000000e+00
 1.000000000000000000e+00
 1.000000000000000000e+00
 1.000000000000000000e+00
 1.000000000000000000e+00
 1.000000000000000000e+00
 9.999999999999998890e-01
 1.000000000000000000e+00
 1.000000000000000000e+00
 1.000000000000000000e+00
 1.000000000000000000e+00
 9.999999999999998890e-01
 1.000000000000000000e+00
 1.000000000000000000e+00
 1.000000000000000000e+00
 1.000000000000000000e+00
 1.000000000000000000e+00
 9.999999999999998890e-01
 1.000000000000000000e+00
 1.000000000000000000e+00
 1.000000000000000000e+00
 1.000000000000000000e+00
 9.999999999999998890e-01
 1.000000000000000000e+00
 1.000000000000000000e+00
 1.000000000000000000e+00
 1.000000000000000000e+00
 1.000000000000000000e+00
 1.000000000000000000e+00
 1.000000000000000000e+00
 9.999999999999998890e-01
 1.000000000000000000e+00
 1.000000000000000000e+00
 1.000000000000000000e+00
 1.000000000000000000e+00
 1.000000000000000000e+00
 1.000000000000000000e+00
 1.000000000000000000e+00
 1.000000000000000000e+00
 9.999999999999998890e-01
 1.000000000000000000e+00
 1.000000000000000000e+00
 1.000000000000000000e+00
 9.999999999999998890e-01
 1.000000000000000000e+00
 1.000000000000000000e+00
 1.000000000000000000e+00
 1.000000000000000000e+00
 1.000000000000000000e+00
 1.000000000000000000e+00
 9.999999999999998890e-01
 1.000000000000000000e+00
 9.999999999999998890e-01
 1.000000000000000000e+00
 9.999999999999998890e-01
 1.000000000000000000e+00
 1.000000000000000000e+00
 1.000000000000000000e+00
 9.999999999999998890e-01
 9.999999999999998890e-01
 1.000000000000000000e+00
 1.000000000000000000e+00
 1.000000000000000000e+00
 9.999999999999998890e-01
 9.999999999999998890e-01
 1.000000000000000000e+00
 1.000000000000000000e+00
 1.000000000000000000e+00
 1.000000000000000000e+00
 1.000000000000000000e+00
 1.000000000000000000e+00
 1.000000000000000000e+00
 1.000000000000000000e+00
 1.000000000000000000e+00
 1.000000000000000000e+00
 9.999999999999998890e-01
 9.999999999999998890e-01
 9.999999974671996972e-01
 9.999999853769243607e-01
 9.999999578188839555e-01
 9.999999051609146372e-01
 9.999998127993700026e-01
 9.999996628172843627e-01
 9.999994302455493811e-01
 9.999990774981919461e-01
 9.999985475980873728e-01
 9.999977547135996403e-01
 9.999965706875071358e-01
 9.999948057070223717e-01
 9.999921805235902905e-01
 9.999882866515699131e-01
 9.999825296627447013e-01
 9.999740488344914802e-01
 9.999615998146313967e-01
 9.999433964349571102e-01
 9.999168882951309234e-01
 9.998784575183360390e-01
 9.998229891415898463e-01
 9.997432760203796009e-01
 9.996291960512938557e-01
 9.994665699735916231e-01
 9.992355651915884041e-01
 9.989084416553190016e-01
 9.984463211313728825e-01
 9.977944674069625375e-01
 9.968752338229852628e-01
 9.955772671034608390e-01
 9.937385961377377397e-01
 9.911196673647900690e-01
 9.873599810349017458e-01
 9.819086795284572844e-01
 9.739161653122340168e-01
 9.620753088740570114e-01
 9.444248507461127096e-01
 9.182362687221311548e-01
 8.804120169630518244e-01
 8.290173457263683154e-01
 7.650739331682949729e-01
 6.918851350728377758e-01
 6.129854592952838077e-01
 5.316908193371028268e-01
 4.512734042418432012e-01
 3.748058059281140775e-01
 3.048431877781025978e-01
 2.431811062115471489e-01
 1.907637567922098876e-01
 1.476809613435526303e-01
 1.132762057698555314e-01
 8.640447848934799946e-02
 6.573857018080171699e-02
 4.999086990805953756e-02
 3.803090217607454915e-02
 2.894047419985559116e-02
 2.201621032858364774e-02
 1.673251498404215026e-02
 1.269697196334086675e-02
 9.614656008639522328e-03
 7.262298965700824359e-03
 5.469769006865993211e-03
 4.106739032658220621e-03
 3.073014149305353451e-03
 2.291403608249368857e-03
 1.702384588473468017e-03
 1.260075845147935400e-03
 9.291719709612613828e-04
 6.825690405086008716e-04
 4.995117923125979176e-04
 3.641613597502168110e-04
 2.644842245462051948e-04
 1.913732354786942141e-04
 1.379602816803708555e-04
 9.908962046767567792e-05
 7.091383532983940117e-05
 5.057250244722520655e-05
 3.594329468589744700e-05
 2.545923339491051968e-05
 1.797012387363888794e-05
 1.263774520227020817e-05
 8.852812895179704869e-06
 6.174707583377179134e-06
 4.285360607504527993e-06
 2.955641448113214556e-06
 2.021560677270891114e-06
 1.366326897070265830e-06
 9.073310563678448939e-07
 5.866669909355782098e-07
 3.641481768766514024e-07
 2.121482187361410332e-07
 1.117068731763640501e-07
 4.949481916582869519e-08
 1.551542175314214969e-08
 1.700442374545502206e-09
 0.000000000000000000e+00
 0.000000000000000000e+00
 0.000000000000000000e+00
 0.000000000000000000e+00
 0.000000000000000000e+00
 0.000000000000000000e+00
 0.000000000000000000e+00
 0.000000000000000000e+00
 0.000000000000000000e+00
 0.000000000000000000e+00
 0.000000000000000000e+00
 0.000000000000000000e+00
 0.000000000000000000e+00
 0.000000000000000000e+00
 0.000000000000000000e+00
 0.000000000000000000e+00
 0.000000000000000000e+00
 0.000000000000000000e+00
 0.000000000000000000e+00
 0.000000000000000000e+00
 0.000000000000000000e+00
 0.000000000000000000e+00
 0.000000000000000000e+00
 0.000000000000000000e+00
 0.000000000000000000e+00
 0.000000000000000000e+00
 0.000000000000000000e+00
 0.000000000000000000e+00
 0.000000000000000000e+00
 0.000000000000000000e+00
 0.000000000000000000e+00
 0.000000000000000000e+00
 0.000000000000000000e+00
 0.000000000000000000e+00
 0.000000000000000000e+00
 0.000000000000000000e+00
 1.000000000000000000e+00
 1.000000000000000000e+00
 1.000000000000000000e+00
 1.000000000000000000e+00
 1.000000000000000000e+00
 1.000000000000000000e+00
 1.000000000000000000e+00
 1.000000000000000000e+00
 1.000000000000000000e+00
 1.000000000000000000e+00
 1.000000000000000000e+00
 1.000000000000000000e+00
 1.000000000000000000e+00
 1.000000000000000000e+00
 1.000000000000000000e+00
 1.000000000000000000e+00
 1.000000000000000000e+00
 1.000000000000000000e+00
 1.000000000000000000e+00
 9.999999999999998890e-01
 9.999999999999998890e-01
 1.000000000000000000e+00
 1.000000000000000000e+00
 1.000000000000000000e+00
 9.999999999999998890e-01
 1.000000000000000000e+00
 1.000000000000000000e+00
 1.000000000000000000e+00
 1.000000000000000000e+00
 1.000000000000000000e+00
 1.000000000000000000e+00
 1.000000000000000000e+00
 1.000000000000000000e+00
 1.000000000000000000e+00
 9.999999999999998890e-01
 1.000000000000000000e+00
 1.000000000000000000e+00
 1.000000000000000000e+00
 1.000000000000000000e+00
 1.000000000000000000e+00
 1.000000000000000000e+00
 1.000000000000000000e+00
 1.000000000000000000e+00
 1.000000000000000000e+00
 1.000000000000000000e+00
 1.000000000000000000e+00
 1.000000000000000000e+00
 9.999999999999998890e-01
 1.000000000000000000e+00
 1.000000000000000000e+00
 1.000000000000000000e+00
 9.999999999999998890e-01
 1.000000000000000000e+00
 1.000000000000000000e+00
 1.000000000000000000e+00
 1.000000000000000000e+00
 1.000000000000000000e+00
 1.000000000000000000e+00
 9.999999999999998890e-01
 1.000000000000000000e+00
 1.000000000000000000e+00
 9.999999999999998890e-01
 1.000000000000000000e+00
 9.999999999999998890e-01
 9.999999999999998890e-01
 1.000000000000000000e+00
 1.000000000000000000e+00
 1.000000000000000000e+00
 9.999999999999998890e-01
 1.000000000000000000e+00
 1.000000000000000000e+00
 1.000000000000000000e+00
 9.999999999999998890e-01
 1.000000000000000000e+00
 1.000000000000000000e+00
 9.999999999999998890e-01
 9.999999999999998890e-01
 9.999999999999998890e-01
 9.999999999999998890e-01
 9.999999999999998890e-01
 1.000000000000000000e+00
 1.000000000000000000e+00
 1.000000000000000000e+00
 1.000000000000000000e+00
 1.000000000000000000e+00
 9.999999999999998890e-01
 1.000000000000000000e+00
 1.000000000000000000e+00
 1.000000000000000000e+00
 1.000000000000000000e+00
 1.000000000000000000e+00
 9.999999999999998890e-01
 1.000000000000000000e+00
 1.000000000000000000e+00
 9.999999999999998890e-01
 1.000000000000000000e+00
 1.000000000000000000e+00
 1.000000000000000000e+00
 1.000000000000000000e+00
 1.000000000000000000e+00
 1.000000000000000000e+00
 1.000000000000000000e+00
 1.000000000000000000e+00
 9.999999999999998890e-01
 1.000000000000000000e+00
 1.000000000000000000e+00
 1.000000000000000000e+00
 1.000000000000000000e+00
 1.000000000000000000e+00
 9.999999999999998890e-01
 1.000000000000000000e+00
 9.999999999999998890e-01
 1.000000000000000000e+00
 1.000000000000000000e+00
 1.000000000000000000e+00
 1.000000000000000000e+00
 1.000000000000000000e+00
 1.000000000000000000e+00
 1.000000000000000000e+00
 9.999999974671995862e-01
 9.999999853769243607e-01
 9.999999578188840665e-01
 9.999999051609146372e-01
 9.999998127993696695e-01
 9.999996628172843627e-01
 9.999994302455493811e-01
 9.999990774981919461e-01
 9.999985475980874838e-01
 9.999977547135995293e-01
 9.999965706875070248e-01
 9.999948057070224827e-01
 9.999921805235901795e-01
 9.999882866515698021e-01
 9.999825296627447013e-01
 9.999740488344913691e-01
 9.999615998146313967e-01
 9.999433964349568882e-01
 9.999168882951308124e-01
 9.998784575183362611e-01
 9.998229891415897352e-01
 9.997432760203796009e-01
 9.996291960512939667e-01
 9.994665699735916231e-01
 9.992355651915885151e-01
 9.989084416553192236e-01
 9.984463211313729936e-01
 9.977944674069628705e-01
 9.968752338229855958e-01
 9.955772671034613941e-01
 9.937385961377382948e-01
 9.911196673647907351e-01
 9.873599810349025230e-01
 9.819086795284585056e-01
 9.739161653122359041e-01
 9.620753088740598979e-01
 9.444248507461173725e-01
 9.182362687221372610e-01
 8.804120169630590409e-01
 8.290173457263738666e-01
 7.650739331682950839e-01
 6.918851350728290051e-01
 6.129854592952646009e-01
 5.316908193370735169e-01
 4.512734042418068969e-01
 3.748058059280743315e-01
 3.048431877780643506e-01
 2.431811062115139532e-01
 1.907637567921839084e-01
 1.476809613435347002e-01
 1.132762057698445679e-01
 8.640447848934251773e-02
 6.573857018079969083e-02
 4.999086990806000247e-02
 3.803090217607651286e-02
 2.894047419985829386e-02
 2.201621032858666963e-02
 1.673251498404518603e-02
 1.269697196334379150e-02
 9.614656008642110535e-03
 7.262298965703067356e-03
 5.469769006867923090e-03
 4.106739032659826975e-03
 3.073014149306675744e-03
 2.291403608250439615e-03
 1.702384588474324971e-03
 1.260075845148614761e-03
 9.291719709617911240e-04
 6.825690405090110253e-04
 4.995117923129129868e-04
 3.641613597504564197e-04
 2.644842245463859313e-04
 1.913732354788297123e-04
 1.379602816804716592e-04
 9.908962046775004063e-05
 7.091383532989401785e-05
 5.057250244726511196e-05
 3.594329468592646296e-05
 2.545923339493148205e-05
 1.797012387365392786e-05
 1.263774520228095532e-05
 8.852812895187355270e-06
 6.174707583382602686e-06
 4.285360607508354041e-06
 2.955641448115903039e-06
 2.021560677272779998e-06
 1.366326897071591225e-06
 9.073310563687717597e-07
 5.866669909362219549e-07
 3.641481768770944535e-07
 2.121482187364391887e-07
 1.117068731765554796e-07
 4.949481916594033148e-08
 1.551542175319563188e-08
 1.700442374560395386e-09
 0.000000000000000000e+00
 0.000000000000000000e+00
 0.000000000000000000e+00
 0.000000000000000000e+00
 0.000000000000000000e+00
 0.000000000000000000e+00
 0.000000000000000000e+00
 0.000000000000000000e+00
 0.000000000000000000e+00
 0.000000000000000000e+00
 0.000000000000000000e+00
 0.000000000000000000e+00
 0.000000000000000000e+00
 0.000000000000000000e+00
 0.000000000000000000e+00
 0.000000000000000000e+00
 0.000000000000000000e+00
 0.000000000000000000e+00
 0.000000000000000000e+00
 0.000000000000000000e+00
 0.000000000000000000e+00
 0.000000000000000000e+00
 0.000000000000000000e+00
 0.000000000000000000e+00
 0.000000000000000000e+00
 0.000000000000000000e+00
 0.000000000000000000e+00
 0.000000000000000000e+00
 0.000000000000000000e+00
 0.000000000000000000e+00
 0.000000000000000000e+00
 0.000000000000000000e+00
 0.000000000000000000e+00
 0.000000000000000000e+00
 0.000000000000000000e+00
 0.000000000000000000e+00
 </DataArray>
 <DataArray Name="massf[1]-N2" type="Float32" NumberOfComponents="1" format="ascii">
 0.000000000000000000e+00
 0.000000000000000000e+00
 0.000000000000000000e+00
 0.000000000000000000e+00
 0.000000000000000000e+00
 0.000000000000000000e+00
 0.000000000000000000e+00
 0.000000000000000000e+00
 0.000000000000000000e+00
 0.000000000000000000e+00
 0.000000000000000000e+00
 0.000000000000000000e+00
 0.000000000000000000e+00
 0.000000000000000000e+00
 0.000000000000000000e+00
 0.000000000000000000e+00
 0.000000000000000000e+00
 0.000000000000000000e+00
 0.000000000000000000e+00
 0.000000000000000000e+00
 0.000000000000000000e+00
 0.000000000000000000e+00
 0.000000000000000000e+00
 0.000000000000000000e+00
 0.000000000000000000e+00
 0.000000000000000000e+00
 0.000000000000000000e+00
 0.000000000000000000e+00
 0.000000000000000000e+00
 0.000000000000000000e+00
 0.000000000000000000e+00
 0.000000000000000000e+00
 0.000000000000000000e+00
 0.000000000000000000e+00
 0.000000000000000000e+00
 0.000000000000000000e+00
 0.000000000000000000e+00
 0.000000000000000000e+00
 0.000000000000000000e+00
 0.000000000000000000e+00
 0.000000000000000000e+00
 0.000000000000000000e+00
 0.000000000000000000e+00
 0.000000000000000000e+00
 0.000000000000000000e+00
 0.000000000000000000e+00
 0.000000000000000000e+00
 0.000000000000000000e+00
 0.000000000000000000e+00
 0.000000000000000000e+00
 0.000000000000000000e+00
 0.000000000000000000e+00
 0.000000000000000000e+00
 0.000000000000000000e+00
 0.000000000000000000e+00
 0.000000000000000000e+00
 0.000000000000000000e+00
 0.000000000000000000e+00
 0.000000000000000000e+00
 0.000000000000000000e+00
 0.000000000000000000e+00
 0.000000000000000000e+00
 0.000000000000000000e+00
 0.000000000000000000e+00
 0.000000000000000000e+00
 0.000000000000000000e+00
 0.000000000000000000e+00
 0.000000000000000000e+00
 0.000000000000000000e+00
 0.000000000000000000e+00
 0.000000000000000000e+00
 0.000000000000000000e+00
 0.000000000000000000e+00
 0.000000000000000000e+00
 0.000000000000000000e+00
 0.000000000000000000e+00
 0.000000000000000000e+00
 0.000000000000000000e+00
 0.000000000000000000e+00
 0.000000000000000000e+00
 0.000000000000000000e+00
 0.000000000000000000e+00
 0.000000000000000000e+00
 0.000000000000000000e+00
 0.000000000000000000e+00
 0.000000000000000000e+00
 0.000000000000000000e+00
 0.000000000000000000e+00
 0.000000000000000000e+00
 0.000000000000000000e+00
 0.000000000000000000e+00
 0.000000000000000000e+00
 0.000000000000000000e+00
 0.000000000000000000e+00
 0.000000000000000000e+00
 0.000000000000000000e+00
 0.000000000000000000e+00
 0.000000000000000000e+00
 0.000000000000000000e+00
 0.000000000000000000e+00
 0.000000000000000000e+00
 0.000000000000000000e+00
 0.000000000000000000e+00
 0.000000000000000000e+00
 0.000000000000000000e+00
 0.000000000000000000e+00
 0.000000000000000000e+00
 0.000000000000000000e+00
 0.000000000000000000e+00
 0.000000000000000000e+00
 0.000000000000000000e+00
 0.000000000000000000e+00
 0.000000000000000000e+00
 0.000000000000000000e+00
 0.000000000000000000e+00
 0.000000000000000000e+00
 0.000000000000000000e+00
 0.000000000000000000e+00
 0.000000000000000000e+00
 2.532800335203728923e-09
 1.462307551483550139e-08
 4.218111595900196049e-08
 9.105490952953268351e-08
 1.693213318907772434e-07
 2.893505090005608156e-07
 4.704064436364508712e-07
 7.420903931098546073e-07
 1.149234791256095796e-06
 1.759004729060207013e-06
 2.671230803929585175e-06
 4.033342713610423854e-06
 6.061865100537924754e-06
 9.073206218039770010e-06
 1.352748944967442693e-05
 2.009061289119206794e-05
 2.972164873948561590e-05
 4.379530979283975412e-05
 6.427276340837352804e-05
 9.393893244706790315e-05
 1.367311621252390312e-04
 1.981936809116733363e-04
 2.861061910925968258e-04
 4.113558513898418951e-04
 5.891544964510913272e-04
 8.407553602985768856e-04
 1.195910336977595899e-03
 1.696455367004006537e-03
 2.401661966087009683e-03
 3.396421836531650536e-03
 4.804056707012542386e-03
 6.806726621205324082e-03
 9.678218746921032553e-03
 1.383637053262880105e-02
 1.992482382390198953e-02
 2.893278481837493685e-02
 4.234444097574183163e-02
 6.223361619138413625e-02
 9.100286475485759585e-02
 1.302956857274113478e-01
 1.795653595712253525e-01
 2.363257219578976942e-01
 2.977321413657006421e-01
 3.611117147630489299e-01
 4.238622918448378685e-01
 4.835520843131539404e-01
 5.381535095099895250e-01
 5.862106174439223327e-01
 6.268681635956302456e-01
 6.598352514458952767e-01
 6.853439609621836404e-01
 7.041251503902700160e-01
 7.173939042591939153e-01
 7.266657390571609199e-01
 7.332892628393099521e-01
 7.381501126927774159e-01
 7.417750531826484695e-01
 7.445020235678395659e-01
 7.465655931514084687e-01
 7.481346259294836543e-01
 7.493326306431452588e-01
 7.502509215865876824e-01
 7.509574994227278255e-01
 7.515033183468977640e-01
 7.519264249625987606e-01
 7.522549479335771672e-01
 7.525094770413910394e-01
 7.527044795191121240e-01
 7.528493086143480673e-01
 7.529503289775846264e-01
 7.530125540337601064e-01
 7.530382980965991679e-01
 7.530287923943721484e-01
 7.529974456250269066e-01
 7.529733006982024524e-01
 7.529839701113523187e-01
 7.530454667194292906e-01
 7.531729234566746367e-01
 7.533832769992290235e-01
 7.536586859752337775e-01
 7.539174246800036672e-01
 7.541164177858087347e-01
 7.542718512240498274e-01
 7.544102498848421767e-01
 7.545496048069841866e-01
 7.546878451461003223e-01
 7.548184218631547315e-01
 7.549397523567665802e-01
 7.550542830089651547e-01
 7.551651701029693520e-01
 7.552744398537053483e-01
 7.553831598200115849e-01
 7.554920566707541418e-01
 7.556018719440713571e-01
 7.557134311240966129e-01
 7.558275697287598627e-01
 7.559450278375791088e-01
 7.560663588265343904e-01
 7.561918936202225439e-01
 7.563217392075983758e-01
 7.564558032996291370e-01
 7.565938351154607444e-01
 7.567354737096269046e-01
 7.568802986690628121e-01
 7.570278796692883061e-01
 7.571778209404601556e-01
 7.573297960570470888e-01
 7.574835693837442818e-01
 7.576390029357741307e-01
 7.577960500918647924e-01
 7.579547394786313452e-01
 7.581151531656908915e-01
 7.582774032875377879e-01
 7.584416105970438471e-01
 7.586078874646051684e-01
 7.587763266607927548e-01
 7.589469960690565786e-01
 7.591199384618773083e-01
 7.592951748381531196e-01
 7.594727096323378168e-01
 7.596525363102781814e-01
 7.598346423490035528e-01
 7.600190131515366376e-01
 7.602056348568060340e-01
 7.603944962107557215e-01
 7.605855897180865410e-01
 7.607789122392951686e-01
 7.609744650806865574e-01
 7.611722534955690511e-01
 7.613722854473722323e-01
 7.615745695733792120e-01
 0.000000000000000000e+00
 0.000000000000000000e+00
 0.000000000000000000e+00
 0.000000000000000000e+00
 0.000000000000000000e+00
 0.000000000000000000e+00
 0.000000000000000000e+00
 0.000000000000000000e+00
 0.000000000000000000e+00
 0.000000000000000000e+00
 0.000000000000000000e+00
 0.000000000000000000e+00
 0.000000000000000000e+00
 0.000000000000000000e+00
 0.000000000000000000e+00
 0.000000000000000000e+00
 0.000000000000000000e+00
 0.000000000000000000e+00
 0.000000000000000000e+00
 0.000000000000000000e+00
 0.000000000000000000e+00
 0.000000000000000000e+00
 0.000000000000000000e+00
 0.000000000000000000e+00
 0.000000000000000000e+00
 0.000000000000000000e+00
 0.000000000000000000e+00
 0.000000000000000000e+00
 0.000000000000000000e+00
 0.000000000000000000e+00
 0.000000000000000000e+00
 0.000000000000000000e+00
 0.000000000000000000e+00
 0.000000000000000000e+00
 0.000000000000000000e+00
 0.000000000000000000e+00
 0.000000000000000000e+00
 0.000000000000000000e+00
 0.000000000000000000e+00
 0.000000000000000000e+00
 0.000000000000000000e+00
 0.000000000000000000e+00
 0.000000000000000000e+00
 0.000000000000000000e+00
 0.000000000000000000e+00
 0.000000000000000000e+00
 0.000000000000000000e+00
 0.000000000000000000e+00
 0.000000000000000000e+00
 0.000000000000000000e+00
 0.000000000000000000e+00
 0.000000000000000000e+00
 0.000000000000000000e+00
 0.000000000000000000e+00
 0.000000000000000000e+00
 0.000000000000000000e+00
 0.000000000000000000e+00
 0.000000000000000000e+00
 0.000000000000000000e+00
 0.000000000000000000e+00
 0.000000000000000000e+00
 0.000000000000000000e+00
 0.000000000000000000e+00
 0.000000000000000000e+00
 0.000000000000000000e+00
 0.000000000000000000e+00
 0.000000000000000000e+00
 0.000000000000000000e+00
 0.000000000000000000e+00
 0.000000000000000000e+00
 0.000000000000000000e+00
 0.000000000000000000e+00
 0.000000000000000000e+00
 0.000000000000000000e+00
 0.000000000000000000e+00
 0.000000000000000000e+00
 0.000000000000000000e+00
 0.000000000000000000e+00
 0.000000000000000000e+00
 0.000000000000000000e+00
 0.000000000000000000e+00
 0.000000000000000000e+00
 0.000000000000000000e+00
 0.000000000000000000e+00
 0.000000000000000000e+00
 0.000000000000000000e+00
 0.000000000000000000e+00
 0.000000000000000000e+00
 0.000000000000000000e+00
 0.000000000000000000e+00
 0.000000000000000000e+00
 0.000000000000000000e+00
 0.000000000000000000e+00
 0.000000000000000000e+00
 0.000000000000000000e+00
 0.000000000000000000e+00
 0.000000000000000000e+00
 0.000000000000000000e+00
 0.000000000000000000e+00
 0.000000000000000000e+00
 0.000000000000000000e+00
 0.000000000000000000e+00
 0.000000000000000000e+00
 0.000000000000000000e+00
 0.000000000000000000e+00
 0.000000000000000000e+00
 0.000000000000000000e+00
 0.000000000000000000e+00
 0.000000000000000000e+00
 0.000000000000000000e+00
 0.000000000000000000e+00
 0.000000000000000000e+00
 0.000000000000000000e+00
 0.000000000000000000e+00
 0.000000000000000000e+00
 0.000000000000000000e+00
 0.000000000000000000e+00
 0.000000000000000000e+00
 0.000000000000000000e+00
 2.532800335203277283e-09
 1.462307551483414150e-08
 4.218111595899965100e-08
 9.105490952952913656e-08
 1.693213318907714995e-07
 2.893505090005510747e-07
 4.704064436364337718e-07
 7.420903931098279258e-07
 1.149234791256057679e-06
 1.759004729060151320e-06
 2.671230803929502589e-06
 4.033342713610297646e-06
 6.061865100537727396e-06
 9.073206218039465078e-06
 1.352748944967394243e-05
 2.009061289119130222e-05
 2.972164873948443683e-05
 4.379530979283792453e-05
 6.427276340837072266e-05
 9.393893244706371542e-05
 1.367311621252326615e-04
 1.981936809116633075e-04
 2.861061910925800748e-04
 4.113558513898144106e-04
 5.891544964510477423e-04
 8.407553602985096651e-04
 1.195910336977495719e-03
 1.696455367003862772e-03
 2.401661966086809756e-03
 3.396421836531381654e-03
 4.804056707012184166e-03
 6.806726621204848768e-03
 9.678218746920387236e-03
 1.383637053262788685e-02
 1.992482382390063644e-02
 2.893278481837287600e-02
 4.234444097573872301e-02
 6.223361619137988271e-02
 9.100286475485276638e-02
 1.302956857274080449e-01
 1.795653595712261574e-01
 2.363257219579053547e-01
 2.977321413657160742e-01
 3.611117147630717450e-01
 4.238622918448660126e-01
 4.835520843131843050e-01
 5.381535095100183907e-01
 5.862106174439472017e-01
 6.268681635956498965e-01
 6.598352514459091545e-01
 6.853439609621928552e-01
 7.041251503902753450e-01
 7.173939042591969129e-01
 7.266657390571620301e-01
 7.332892628393101742e-01
 7.381501126927763057e-01
 7.417750531826464711e-01
 7.445020235678371234e-01
 7.465655931514061372e-01
 7.481346259294817669e-01
 7.493326306431441486e-01
 7.502509215865867942e-01
 7.509574994227270484e-01
 7.515033183468972089e-01
 7.519264249625979835e-01
 7.522549479335761680e-01
 7.525094770413894851e-01
 7.527044795191105697e-01
 7.528493086143460689e-01
 7.529503289775827390e-01
 7.530125540337583301e-01
 7.530382980965973916e-01
 7.530287923943710382e-01
 7.529974456250259074e-01
 7.529733006982014532e-01
 7.529839701113515416e-01
 7.530454667194284024e-01
 7.531729234566737485e-01
 7.533832769992283573e-01
 7.536586859752335554e-01
 7.539174246800037782e-01
 7.541164177858094009e-01
 7.542718512240502715e-01
 7.544102498848427318e-01
 7.545496048069848527e-01
 7.546878451461006554e-01
 7.548184218631545095e-01
 7.549397523567656920e-01
 7.550542830089638224e-01
 7.551651701029677977e-01
 7.552744398537041270e-01
 7.553831598200102526e-01
 7.554920566707530316e-01
 7.556018719440703579e-01
 7.557134311240957247e-01
 7.558275697287595296e-01
 7.559450278375787757e-01
 7.560663588265338353e-01
 7.561918936202216557e-01
 7.563217392075974876e-01
 7.564558032996283599e-01
 7.565938351154600783e-01
 7.567354737096260164e-01
 7.568802986690615908e-01
 7.570278796692869738e-01
 7.571778209404592674e-01
 7.573297960570465337e-01
 7.574835693837442818e-01
 7.576390029357743527e-01
 7.577960500918647924e-01
 7.579547394786313452e-01
 7.581151531656907805e-01
 7.582774032875373438e-01
 7.584416105970431810e-01
 7.586078874646040582e-01
 7.587763266607916446e-01
 7.589469960690555794e-01
 7.591199384618768642e-01
 7.592951748381530086e-01
 7.594727096323377058e-01
 7.596525363102782924e-01
 7.598346423490035528e-01
 7.600190131515368597e-01
 7.602056348568061450e-01
 7.603944962107558325e-01
 7.605855897180867631e-01
 7.607789122392957237e-01
 7.609744650806872235e-01
 7.611722534955699393e-01
 7.613722854473734536e-01
 7.615745695733803222e-01
 </DataArray>
 <DataArray Name="massf[2]-O2" type="Float32" NumberOfComponents="1" format="ascii">
 0.000000000000000000e+00
 0.000000000000000000e+00
 0.000000000000000000e+00
 0.000000000000000000e+00
 0.000000000000000000e+00
 0.000000000000000000e+00
 0.000000000000000000e+00
 0.000000000000000000e+00
 0.000000000000000000e+00
 0.000000000000000000e+00
 0.000000000000000000e+00
 0.000000000000000000e+00
 0.000000000000000000e+00
 0.000000000000000000e+00
 0.000000000000000000e+00
 0.000000000000000000e+00
 0.000000000000000000e+00
 0.000000000000000000e+00
 0.000000000000000000e+00
 0.000000000000000000e+00
 0.000000000000000000e+00
 0.000000000000000000e+00
 0.000000000000000000e+00
 0.000000000000000000e+00
 0.000000000000000000e+00
 0.000000000000000000e+00
 0.000000000000000000e+00
 0.000000000000000000e+00
 0.000000000000000000e+00
 0.000000000000000000e+00
 0.000000000000000000e+00
 0.000000000000000000e+00
 0.000000000000000000e+00
 0.000000000000000000e+00
 0.000000000000000000e+00
 0.000000000000000000e+00
 0.000000000000000000e+00
 0.000000000000000000e+00
 0.000000000000000000e+00
 0.000000000000000000e+00
 0.000000000000000000e+00
 0.000000000000000000e+00
 0.000000000000000000e+00
 0.000000000000000000e+00
 0.000000000000000000e+00
 0.000000000000000000e+00
 0.000000000000000000e+00
 0.000000000000000000e+00
 0.000000000000000000e+00
 0.000000000000000000e+00
 0.000000000000000000e+00
 0.000000000000000000e+00
 0.000000000000000000e+00
 0.000000000000000000e+00
 0.000000000000000000e+00
 0.000000000000000000e+00
 0.000000000000000000e+00
 0.000000000000000000e+00
 0.000000000000000000e+00
 0.000000000000000000e+00
 0.000000000000000000e+00
 0.000000000000000000e+00
 0.000000000000000000e+00
 0.000000000000000000e+00
 0.000000000000000000e+00
 0.000000000000000000e+00
 0.000000000000000000e+00
 0.000000000000000000e+00
 0.000000000000000000e+00
 0.000000000000000000e+00
 0.000000000000000000e+00
 0.000000000000000000e+00
 0.000000000000000000e+00
 0.000000000000000000e+00
 0.000000000000000000e+00
 0.000000000000000000e+00
 0.000000000000000000e+00
 0.000000000000000000e+00
 0.000000000000000000e+00
 0.000000000000000000e+00
 0.000000000000000000e+00
 0.000000000000000000e+00
 0.000000000000000000e+00
 0.000000000000000000e+00
 0.000000000000000000e+00
 0.000000000000000000e+00
 0.000000000000000000e+00
 0.000000000000000000e+00
 0.000000000000000000e+00
 0.000000000000000000e+00
 0.000000000000000000e+00
 0.000000000000000000e+00
 0.000000000000000000e+00
 0.000000000000000000e+00
 0.000000000000000000e+00
 0.000000000000000000e+00
 0.000000000000000000e+00
 0.000000000000000000e+00
 0.000000000000000000e+00
 0.000000000000000000e+00
 0.000000000000000000e+00
 0.000000000000000000e+00
 0.000000000000000000e+00
 0.000000000000000000e+00
 0.000000000000000000e+00
 0.000000000000000000e+00
 0.000000000000000000e+00
 0.000000000000000000e+00
 0.000000000000000000e+00
 0.000000000000000000e+00
 0.000000000000000000e+00
 0.000000000000000000e+00
 0.000000000000000000e+00
 0.000000000000000000e+00
 0.000000000000000000e+00
 0.000000000000000000e+00
 0.000000000000000000e+00
 0.000000000000000000e+00
 0.000000000000000000e+00
 0.000000000000000000e+00
 0.000000000000000000e+00
 0.000000000000000000e+00
 3.784175995137392323e-09
 1.787929829864911310e-08
 4.783220673178878832e-08
 9.934800693207037585e-08
 1.804114150802786162e-07
 3.031671211911946787e-07
 4.862816712731528895e-07
 7.580816889711792359e-07
 1.160950263978224882e-06
 1.757611309272103998e-06
 2.640142212062770388e-06
 3.942847805510263927e-06
 5.860552617329316049e-06
 8.674450146933715668e-06
 1.278844667669258384e-05
 1.878003146467168482e-05
 2.747121242634023922e-05
 4.002716020423804704e-05
 5.809320036196619574e-05
 8.398517531334904606e-05
 1.209548061191486137e-04
 1.735619808865339168e-04
 2.482024551103443146e-04
 3.538668273853895203e-04
 5.032528564351527621e-04
 7.144321286696579155e-04
 1.013407460872042592e-03
 1.438127042088841291e-03
 2.044897759582844053e-03
 2.918722698747066614e-03
 4.189893586485786241e-03
 6.059962684224885418e-03
 8.839712835073938388e-03
 1.299469194958097033e-02
 1.916135247005499448e-02
 2.800692077726324794e-02
 3.978262244758123262e-02
 5.395905028852425456e-02
 6.965085373804873192e-02
 8.609221405376690783e-02
 1.025628645180895748e-01
 1.183179885534890452e-01
 1.326471835251858966e-01
 1.449560615837291733e-01
 1.548327882395245936e-01
 1.621008673220148133e-01
 1.668593628958825736e-01
 1.694607265183251943e-01
 1.704113013111822061e-01
 1.702651731756070486e-01
 1.695329143409681771e-01
 1.685835166894475989e-01
 1.676164824835474076e-01
 1.667213933279138582e-01
 1.659358614984754177e-01
 1.652727780619574760e-01
 1.647315949731842644e-01
 1.643042282192172521e-01
 1.639787612586479371e-01
 1.637417433724915328e-01
 1.635797320372994468e-01
 1.634802221198117245e-01
 1.634318931236227457e-01
 1.634246615757153076e-01
 1.634501879573152239e-01
 1.635019921133249177e-01
 1.635738066023055270e-01
 1.636592442934407254e-01
 1.637551177823703408e-01
 1.638604530623007649e-01
 1.639692375848695871e-01
 1.640742349577626880e-01
 1.641818928383916298e-01
 1.643112073705621512e-01
 1.644784217227399092e-01
 1.646873486525760322e-01
 1.649337129098053245e-01
 1.652251078863726241e-01
 1.655538925362713409e-01
 1.658933453147443948e-01
 1.662197118076448599e-01
 1.665226558311211080e-01
 1.668084833547663903e-01
 1.670860173213188637e-01
 1.673597030917974293e-01
 1.676304981928002091e-01
 1.678983919691551252e-01
 1.681638779133377004e-01
 1.684279696088011313e-01
 1.686918340114396120e-01
 1.689565447147531874e-01
 1.692229903388885459e-01
 1.694918624924243167e-01
 1.697636671001126474e-01
 1.700387335405439404e-01
 1.703172256812690299e-01
 1.705991590907486033e-01
 1.708844319613010143e-01
 1.711728702713226913e-01
 1.714642800188168059e-01
 1.717584949903095959e-01
 1.720554095954786866e-01
 1.723549918677410864e-01
 1.726572782444209531e-01
 1.729623560085875034e-01
 1.732703404183687790e-01
 1.735813524981801581e-01
 1.738955015035523466e-01
 1.742128740150682420e-01
 1.745335298465794938e-01
 1.748575036620852452e-01
 1.751848104687900587e-01
 1.755154529794297480e-01
 1.758494291371295315e-01
 1.761867386887935594e-01
 1.765273883164533153e-01
 1.768713952938342493e-01
 1.772187898424828212e-01
 1.775696163174822761e-01
 1.779239331807719871e-01
 1.782818116016159082e-01
 1.786433325458560428e-01
 1.790085823818630406e-01
 1.793776473261905480e-01
 1.797506074176386526e-01
 1.801275310390166307e-01
 1.805084711516861118e-01
 1.808934642181826147e-01
 0.000000000000000000e+00
 0.000000000000000000e+00
 0.000000000000000000e+00
 0.000000000000000000e+00
 0.000000000000000000e+00
 0.000000000000000000e+00
 0.000000000000000000e+00
 0.000000000000000000e+00
 0.000000000000000000e+00
 0.000000000000000000e+00
 0.000000000000000000e+00
 0.000000000000000000e+00
 0.000000000000000000e+00
 0.000000000000000000e+00
 0.000000000000000000e+00
 0.000000000000000000e+00
 0.000000000000000000e+00
 0.000000000000000000e+00
 0.000000000000000000e+00
 0.000000000000000000e+00
 0.000000000000000000e+00
 0.000000000000000000e+00
 0.000000000000000000e+00
 0.000000000000000000e+00
 0.000000000000000000e+00
 0.000000000000000000e+00
 0.000000000000000000e+00
 0.000000000000000000e+00
 0.000000000000000000e+00
 0.000000000000000000e+00
 0.000000000000000000e+00
 0.000000000000000000e+00
 0.000000000000000000e+00
 0.000000000000000000e+00
 0.000000000000000000e+00
 0.000000000000000000e+00
 0.000000000000000000e+00
 0.000000000000000000e+00
 0.000000000000000000e+00
 0.000000000000000000e+00
 0.000000000000000000e+00
 0.000000000000000000e+00
 0.000000000000000000e+00
 0.000000000000000000e+00
 0.000000000000000000e+00
 0.000000000000000000e+00
 0.000000000000000000e+00
 0.000000000000000000e+00
 0.000000000000000000e+00
 0.000000000000000000e+00
 0.000000000000000000e+00
 0.000000000000000000e+00
 0.000000000000000000e+00
 0.000000000000000000e+00
 0.000000000000000000e+00
 0.000000000000000000e+00
 0.000000000000000000e+00
 0.000000000000000000e+00
 0.000000000000000000e+00
 0.000000000000000000e+00
 0.000000000000000000e+00
 0.000000000000000000e+00
 0.000000000000000000e+00
 0.000000000000000000e+00
 0.000000000000000000e+00
 0.000000000000000000e+00
 0.000000000000000000e+00
 0.000000000000000000e+00
 0.000000000000000000e+00
 0.000000000000000000e+00
 0.000000000000000000e+00
 0.000000000000000000e+00
 0.000000000000000000e+00
 0.000000000000000000e+00
 0.000000000000000000e+00
 0.000000000000000000e+00
 0.000000000000000000e+00
 0.000000000000000000e+00
 0.000000000000000000e+00
 0.000000000000000000e+00
 0.000000000000000000e+00
 0.000000000000000000e+00
 0.000000000000000000e+00
 0.000000000000000000e+00
 0.000000000000000000e+00
 0.000000000000000000e+00
 0.000000000000000000e+00
 0.000000000000000000e+00
 0.000000000000000000e+00
 0.000000000000000000e+00
 0.000000000000000000e+00
 0.000000000000000000e+00
 0.000000000000000000e+00
 0.000000000000000000e+00
 0.000000000000000000e+00
 0.000000000000000000e+00
 0.000000000000000000e+00
 0.000000000000000000e+00
 0.000000000000000000e+00
 0.000000000000000000e+00
 0.000000000000000000e+00
 0.000000000000000000e+00
 0.000000000000000000e+00
 0.000000000000000000e+00
 0.000000000000000000e+00
 0.000000000000000000e+00
 0.000000000000000000e+00
 0.000000000000000000e+00
 0.000000000000000000e+00
 0.000000000000000000e+00
 0.000000000000000000e+00
 0.000000000000000000e+00
 0.000000000000000000e+00
 0.000000000000000000e+00
 0.000000000000000000e+00
 0.000000000000000000e+00
 0.000000000000000000e+00
 0.000000000000000000e+00
 0.000000000000000000e+00
 0.000000000000000000e+00
 0.000000000000000000e+00
 0.000000000000000000e+00
 3.784175995136765320e-09
 1.787929829864737932e-08
 4.783220673178534725e-08
 9.934800693206434074e-08
 1.804114150802692194e-07
 3.031671211911810732e-07
 4.862816712731329843e-07
 7.580816889711490603e-07
 1.160950263978177448e-06
 1.757611309272029035e-06
 2.640142212062652651e-06
 3.942847805510080121e-06
 5.860552617329028905e-06
 8.674450146933275211e-06
 1.278844667669189436e-05
 1.878003146467063450e-05
 2.747121242633867729e-05
 4.002716020423566180e-05
 5.809320036196246201e-05
 8.398517531334296097e-05
 1.209548061191387610e-04
 1.735619808865182501e-04
 2.482024551103202996e-04
 3.538668273853538501e-04
 5.032528564351011540e-04
 7.144321286695859245e-04
 1.013407460871943279e-03
 1.438127042088705983e-03
 2.044897759582658004e-03
 2.918722698746804671e-03
 4.189893586485406336e-03
 6.059962684224314694e-03
 8.839712835073062352e-03
 1.299469194957963807e-02
 1.916135247005311057e-02
 2.800692077726098933e-02
 3.978262244757939381e-02
 5.395905028852372720e-02
 6.965085373805046665e-02
 8.609221405377141811e-02
 1.025628645180968607e-01
 1.183179885534984266e-01
 1.326471835251966380e-01
 1.449560615837403588e-01
 1.548327882395351129e-01
 1.621008673220240004e-01
 1.668593628958904007e-01
 1.694607265183317168e-01
 1.704113013111878960e-01
 1.702651731756119335e-01
 1.695329143409723405e-01
 1.685835166894508741e-01
 1.676164824835499889e-01
 1.667213933279165228e-01
 1.659358614984778602e-01
 1.652727780619594189e-01
 1.647315949731854579e-01
 1.643042282192179737e-01
 1.639787612586484367e-01
 1.637417433724917826e-01
 1.635797320372997521e-01
 1.634802221198122518e-01
 1.634318931236235506e-01
 1.634246615757165566e-01
 1.634501879573166672e-01
 1.635019921133268328e-01
 1.635738066023073589e-01
 1.636592442934425018e-01
 1.637551177823718673e-01
 1.638604530623021527e-01
 1.639692375848706418e-01
 1.640742349577635206e-01
 1.641818928383922960e-01
 1.643112073705627618e-01
 1.644784217227404366e-01
 1.646873486525762265e-01
 1.649337129098050192e-01
 1.652251078863719858e-01
 1.655538925362705083e-01
 1.658933453147437287e-01
 1.662197118076445546e-01
 1.665226558311207750e-01
 1.668084833547663348e-01
 1.670860173213193078e-01
 1.673597030917983730e-01
 1.676304981928015969e-01
 1.678983919691563464e-01
 1.681638779133385053e-01
 1.684279696088016587e-01
 1.686918340114398895e-01
 1.689565447147530208e-01
 1.692229903388879353e-01
 1.694918624924230677e-01
 1.697636671001111763e-01
 1.700387335405424694e-01
 1.703172256812676144e-01
 1.705991590907470767e-01
 1.708844319612995155e-01
 1.711728702713214423e-01
 1.714642800188160288e-01
 1.717584949903094016e-01
 1.720554095954789364e-01
 1.723549918677414472e-01
 1.726572782444214249e-01
 1.729623560085879475e-01
 1.732703404183693341e-01
 1.735813524981809353e-01
 1.738955015035532625e-01
 1.742128740150691857e-01
 1.745335298465804652e-01
 1.748575036620861889e-01
 1.751848104687910024e-01
 1.755154529794305529e-01
 1.758494291371300589e-01
 1.761867386887936704e-01
 1.765273883164530933e-01
 1.768713952938340828e-01
 1.772187898424825159e-01
 1.775696163174821651e-01
 1.779239331807718205e-01
 1.782818116016158250e-01
 1.786433325458560428e-01
 1.790085823818628463e-01
 1.793776473261901594e-01
 1.797506074176382085e-01
 1.801275310390161033e-01
 1.805084711516855012e-01
 1.808934642181821151e-01
 </DataArray>
 <DataArray Name="massf[3]-N" type="Float32" NumberOfComponents="1" format="ascii">
 0.000000000000000000e+00
 0.000000000000000000e+00
 0.000000000000000000e+00
 0.000000000000000000e+00
 0.000000000000000000e+00
 0.000000000000000000e+00
 0.000000000000000000e+00
 0.000000000000000000e+00
 0.000000000000000000e+00
 0.000000000000000000e+00
 0.000000000000000000e+00
 0.000000000000000000e+00
 0.000000000000000000e+00
 0.000000000000000000e+00
 0.000000000000000000e+00
 0.000000000000000000e+00
 0.000000000000000000e+00
 0.000000000000000000e+00
 0.000000000000000000e+00
 0.000000000000000000e+00
 0.000000000000000000e+00
 1.814862090551187365e-30
 3.558014357178982643e-30
 4.736388302276698919e-30
 4.586103203381194277e-30
 3.061182333170677206e-30
 0.000000000000000000e+00
 0.000000000000000000e+00
 2.911356729043599637e-30
 2.041591697056476843e-29
 5.435236860319725381e-29
 9.174309200329509286e-29
 1.108223678319604684e-28
 1.004066741116029048e-28
 6.099333446448806088e-29
 1.490340078730854024e-29
 0.000000000000000000e+00
 8.475635108727969866e-29
 4.612023984907438937e-28
 1.123604639636254427e-27
 1.823491495319587625e-27
 2.155069203054312320e-27
 1.947042441974056504e-27
 1.209419804210694155e-27
 3.300246170061089499e-28
 0.000000000000000000e+00
 1.359401138592379262e-27
 9.235936677365076734e-27
 2.478042877133827136e-26
 4.317137097600099379e-26
 5.530923894320782517e-26
 5.444514896592070304e-26
 4.003888835756337936e-26
 1.743016327739669572e-26
 8.904662445501077916e-28
 1.752225227443605571e-27
 1.102884656235232042e-25
 4.020190650021483977e-25
 8.394967398417819786e-25
 1.259884595179735245e-24
 1.441669910215704626e-24
 1.308101232509845620e-24
 8.660804416960110968e-25
 3.060499751179970506e-25
 0.000000000000000000e+00
 2.937580079423958867e-25
 3.121133285632559586e-24
 9.586272299401655207e-24
 1.854289974780924851e-23
 2.669784430040542945e-23
 3.003509032011252699e-23
 2.730049805393006839e-23
 1.861422578401533892e-23
 7.422375048182866543e-24
 2.207641642927940167e-25
 2.594029780852148461e-24
 4.267727502330539196e-23
 1.447264510698434621e-22
 2.973410464837674766e-22
 4.546651427917279440e-22
 5.512154235683568827e-22
 5.449983581000637615e-22
 4.361952714641056802e-22
 2.476607465666470081e-22
 6.438262019624854931e-23
 0.000000000000000000e+00
 2.186579026912963426e-22
 1.528887153800699898e-21
 4.336010699721303550e-21
 8.248542122928143986e-21
 1.213209237561669029e-20
 1.453418211577490719e-20
 1.453334374622377992e-20
 1.211145783325633501e-20
 7.636906722229294226e-21
 2.800638093280702914e-21
 9.740833064530917140e-24
 1.090127364777261916e-21
 1.984870734956202494e-20
 6.950028601709602297e-20
 1.496582774990139284e-19
 2.447035091682506999e-19
 3.271517364739442952e-19
 3.673005242101269379e-19
 3.558000127636859246e-19
 2.913869326355215528e-19
 1.860336861064907491e-19
 7.364630978372361656e-20
 5.110018959974399281e-21
 1.366202028694857831e-20
 2.022652671020225490e-19
 6.796902141534533376e-19
 1.446207198800111716e-18
 2.384778195567806407e-18
 3.278874174756699841e-18
 3.886836005170629001e-18
 4.013828526666437685e-18
 3.706265281907640676e-18
 2.946945423801035716e-18
 1.888873971031056178e-18
 8.277848601020701283e-19
 1.109257837327060868e-19
 0.000000000000000000e+00
 1.859756402029232916e-18
 9.645848441860695661e-18
 2.563014748629090517e-17
 4.959437674800819431e-17
 7.885530941551129353e-17
 1.085208268454261202e-16
 1.321946997952665360e-16
 1.434634617802686629e-16
 1.409305519362116408e-16
 1.244504320338515665e-16
 9.473983427753521698e-17
 5.715184607117603246e-17
 2.242388234161620506e-17
 1.896650266332640613e-18
 0.000000000000000000e+00
 1.633387091276125972e-16
 8.100259768222650477e-16
 2.129156748732023500e-15
 4.141593274580482702e-15
 6.729945887973045158e-15
 9.683672743357602770e-15
 1.278201569799898979e-14
 1.573623586942726671e-14
 1.826283532380751291e-14
 2.026390662831032204e-14
 2.141100771630712006e-14
 2.166387809356015456e-14
 2.117914314507029684e-14
 1.964222186170293254e-14
 1.661417080008055354e-14
 1.257951792706537760e-14
 8.496490662390512828e-15
 4.321193403980558693e-15
 6.137435888079914671e-16
 1.344138652627994685e-15
 5.118995341987681587e-15
 9.334947314691234762e-15
 5.457972821372941511e-14
 8.772018772929086458e-14
 5.411293087494121028e-14
 4.930432774645997406e-13
 3.461457607576422751e-11
 6.312218490914750542e-10
 5.991306573573772094e-09
 3.450827343855472771e-08
 1.317574321717611147e-07
 3.742987143702237582e-07
 8.554619864725837849e-07
 1.628734322324184028e-06
 2.655924542756890577e-06
 3.829539431554886121e-06
 5.034286001793732296e-06
 6.181968002362586038e-06
 7.217058230505912661e-06
 8.112049706296519237e-06
 8.860570130947484477e-06
 9.470037251351880875e-06
 9.955304742631222343e-06
 1.033418300358434892e-05
 1.062474677669506291e-05
 1.084371058222995133e-05
 1.100557393672803544e-05
 1.112261433886183670e-05
 1.120524940507057760e-05
 1.126178621455055498e-05
 1.129865113018237243e-05
 1.132134361797916550e-05
 1.133459038893749960e-05
 1.134140162418520833e-05
 1.134373942162193656e-05
 1.134262693730340321e-05
 1.133609749638332137e-05
 1.132002973633407013e-05
 1.128980104835017304e-05
 1.124077061239605962e-05
 1.117124173188168904e-05
 1.108483732096231245e-05
 1.099017732547230054e-05
 1.089626666812050650e-05
 1.080810426207813489e-05
 1.072704034520714454e-05
 1.065285633706790198e-05
 1.058472080369866394e-05
 1.052151151844619116e-05
 1.046211484989550455e-05
 1.040559899300982304e-05
 1.035121982530274431e-05
 1.029836308597430661e-05
 1.024649380045867980e-05
 1.019513341638873571e-05
 1.014385814163578216e-05
 1.009230764420334308e-05
 1.004019623152232923e-05
 9.987321204277644184e-06
 9.933569119847461928e-06
 9.878913542492639207e-06
 9.823403217588919946e-06
 9.767141822799253864e-06
 9.710262645390557506e-06
 9.652903051129080723e-06
 9.595183442503914215e-06
 9.537193725486639841e-06
 9.478988012604040722e-06
 9.420586318114904873e-06
 9.361980879400552661e-06
 9.303144554028368370e-06
 9.244039257741732698e-06
 9.184623212307137577e-06
 9.124856463753851506e-06
 9.064704514705754492e-06
 9.004140063289543035e-06
 8.943142972522590109e-06
 8.881698842210640845e-06
 8.819796840624010234e-06
 8.757427554475543782e-06
 8.694581384521024329e-06
 8.631247556938419942e-06
 8.567413462059063863e-06
 8.503064038871835923e-06
 8.438181246308610418e-06
 8.372743969551031402e-06
 8.306728687607353121e-06
 8.240110863208066245e-06
 8.172866611166388858e-06
 8.104974102290160221e-06
 8.036414430732497871e-06
 7.967172038313326943e-06
 0.000000000000000000e+00
 0.000000000000000000e+00
 0.000000000000000000e+00
 0.000000000000000000e+00
 0.000000000000000000e+00
 0.000000000000000000e+00
 0.000000000000000000e+00
 0.000000000000000000e+00
 0.000000000000000000e+00
 0.000000000000000000e+00
 0.000000000000000000e+00
 0.000000000000000000e+00
 0.000000000000000000e+00
 0.000000000000000000e+00
 0.000000000000000000e+00
 0.000000000000000000e+00
 0.000000000000000000e+00
 0.000000000000000000e+00
 0.000000000000000000e+00
 0.000000000000000000e+00
 0.000000000000000000e+00
 1.814862090540316442e-30
 3.558014357168535963e-30
 4.736388302274065179e-30
 4.586103203387547064e-30
 3.061182333184361586e-30
 0.000000000000000000e+00
 0.000000000000000000e+00
 2.911356729007110176e-30
 2.041591697049914563e-29
 5.435236860319743318e-29
 9.174309200343009956e-29
 1.108223678323007261e-28
 1.004066741120218034e-28
 6.099333446485451725e-29
 1.490340078745864453e-29
 0.000000000000000000e+00
 8.475635108687329968e-29
 4.612023984905404924e-28
 1.123604639637626758e-27
 1.823491495323170286e-27
 2.155069203060251135e-27
 1.947042441980737178e-27
 1.209419804215790487e-27
 3.300246170082915675e-28
 0.000000000000000000e+00
 1.359401138591008007e-27
 9.235936677382107914e-27
 2.478042877140873214e-26
 4.317137097614471060e-26
 5.530923894341507493e-26
 5.444514896614020136e-26
 4.003888835773896883e-26
 1.743016327748236389e-26
 8.904662445601957056e-28
 1.752225227448063897e-27
 1.102884656236302155e-25
 4.020190650024768474e-25
 8.394967398424786427e-25
 1.259884595180688864e-24
 1.441669910216615634e-24
 1.308101232510442367e-24
 8.660804416960476473e-25
 3.060499751177799974e-25
 0.000000000000000000e+00
 2.937580079437276391e-25
 3.121133285638874562e-24
 9.586272299414634134e-24
 1.854289974782855600e-23
 2.669784430042520126e-23
 3.003509032012481678e-23
 2.730049805393353610e-23
 1.861422578400734262e-23
 7.422375048171311433e-24
 2.207641642880090200e-25
 2.594029780875333250e-24
 4.267727502338849353e-23
 1.447264510699471877e-22
 2.973410464837531826e-22
 4.546651427915355391e-22
 5.512154235678822651e-22
 5.449983580994117853e-22
 4.361952714633872180e-22
 2.476607465660839933e-22
 6.438262019596010650e-23
 0.000000000000000000e+00
 2.186579026921161324e-22
 1.528887153803631111e-21
 4.336010699727563575e-21
 8.248542122937189838e-21
 1.213209237562636508e-20
 1.453418211578340235e-20
 1.453334374622585030e-20
 1.211145783325283674e-20
 7.636906722219205663e-21
 2.800638093270216752e-21
 9.740833061272465902e-24
 1.090127364798119135e-21
 1.984870734955423396e-20
 6.950028601692207538e-20
 1.496582774984927476e-19
 2.447035091672859535e-19
 3.271517364725968183e-19
 3.673005242086039607e-19
 3.558000127622066178e-19
 2.913869326343307985e-19
 1.860336861056698214e-19
 7.364630978331590922e-20
 5.110018959907747058e-21
 1.366202028705528386e-20
 2.022652671029618251e-19
 6.796902141563462770e-19
 1.446207198805646261e-18
 2.384778195575281326e-18
 3.278874174764915473e-18
 3.886836005177674053e-18
 4.013828526671221695e-18
 3.706265281911338462e-18
 2.946945423804281294e-18
 1.888873971034490881e-18
 8.277848601061065885e-19
 1.109257837352853162e-19
 0.000000000000000000e+00
 1.859756401999040112e-18
 9.645848441799589755e-18
 2.563014748622335896e-17
 4.959437674795453945e-17
 7.885530941548966149e-17
 1.085208268454159390e-16
 1.321946997951899425e-16
 1.434634617800745785e-16
 1.409305519359144868e-16
 1.244504320334539067e-16
 9.473983427716848294e-17
 5.715184607095072639e-17
 2.242388234152892192e-17
 1.896650266386152191e-18
 0.000000000000000000e+00
 1.633387091227348484e-16
 8.100259768042466758e-16
 2.129156748694751795e-15
 4.141593274525366568e-15
 6.729945887911767231e-15
 9.683672743309075202e-15
 1.278201569798716634e-14
 1.573623586946585148e-14
 1.826283532389562552e-14
 2.026390662843257655e-14
 2.141100771642564167e-14
 2.166387809364223396e-14
 2.117914314508437012e-14
 1.964222186164032854e-14
 1.661417079992703174e-14
 1.257951792684623362e-14
 8.496490662181736057e-15
 4.321193403863753637e-15
 6.137435887555234408e-16
 1.344138652607396738e-15
 5.118995342170366785e-15
 9.334947315154004235e-15
 5.457972821342244724e-14
 8.772018773129919085e-14
 5.411293087559195742e-14
 4.930432774652421384e-13
 3.461457607588070488e-11
 6.312218490921573748e-10
 5.991306573578581322e-09
 3.450827343857190660e-08
 1.317574321718007664e-07
 3.742987143702860151e-07
 8.554619864726599120e-07
 1.628734322324122618e-06
 2.655924542756780462e-06
 3.829539431554538838e-06
 5.034286001793565431e-06
 6.181968002361901635e-06
 7.217058230505534037e-06
 8.112049706296310867e-06
 8.860570130946822097e-06
 9.470037251351492934e-06
 9.955304742630908941e-06
 1.033418300358383901e-05
 1.062474677669469022e-05
 1.084371058222908736e-05
 1.100557393672742896e-05
 1.112261433886153347e-05
 1.120524940506997282e-05
 1.126178621455000441e-05
 1.129865113018188115e-05
 1.132134361797861492e-05
 1.133459038893698461e-05
 1.134140162418474754e-05
 1.134373942162164518e-05
 1.134262693730316773e-05
 1.133609749638313672e-05
 1.132002973633388886e-05
 1.128980104835003582e-05
 1.124077061239597999e-05
 1.117124173188162127e-05
 1.108483732096226332e-05
 1.099017732547236830e-05
 1.089626666812045399e-05
 1.080810426207800953e-05
 1.072704034520708863e-05
 1.065285633706793756e-05
 1.058472080369875881e-05
 1.052151151844634193e-05
 1.046211484989565194e-05
 1.040559899300986201e-05
 1.035121982530283240e-05
 1.029836308597439809e-05
 1.024649380045890003e-05
 1.019513341638888987e-05
 1.014385814163597528e-05
 1.009230764420374119e-05
 1.004019623152281035e-05
 9.987321204278216778e-06
 9.933569119848122613e-06
 9.878913542493325303e-06
 9.823403217589584020e-06
 9.767141822799845093e-06
 9.710262645391021680e-06
 9.652903051129385655e-06
 9.595183442504007389e-06
 9.537193725486550056e-06
 9.478988012603823882e-06
 9.420586318114618576e-06
 9.361980879400190131e-06
 9.303144554028078684e-06
 9.244039257741487058e-06
 9.184623212306966477e-06
 9.124856463753766803e-06
 9.064704514705723999e-06
 9.004140063289585387e-06
 8.943142972522725634e-06
 8.881698842210825499e-06
 8.819796840624186416e-06
 8.757427554475648814e-06
 8.694581384521036187e-06
 8.631247556938597819e-06
 8.567413462059145178e-06
 8.503064038871871498e-06
 8.438181246308620583e-06
 8.372743969551002603e-06
 8.306728687607254865e-06
 8.240110863207934108e-06
 8.172866611166273662e-06
 8.104974102289999284e-06
 8.036414430732316606e-06
 7.967172038313128737e-06
 </DataArray>
 <DataArray Name="massf[4]-O" type="Float32" NumberOfComponents="1" format="ascii">
 0.000000000000000000e+00
 0.000000000000000000e+00
 0.000000000000000000e+00
 0.000000000000000000e+00
 0.000000000000000000e+00
 0.000000000000000000e+00
 0.000000000000000000e+00
 0.000000000000000000e+00
 0.000000000000000000e+00
 0.000000000000000000e+00
 0.000000000000000000e+00
 0.000000000000000000e+00
 0.000000000000000000e+00
 0.000000000000000000e+00
 0.000000000000000000e+00
 0.000000000000000000e+00
 0.000000000000000000e+00
 0.000000000000000000e+00
 0.000000000000000000e+00
 0.000000000000000000e+00
 0.000000000000000000e+00
 0.000000000000000000e+00
 0.000000000000000000e+00
 0.000000000000000000e+00
 0.000000000000000000e+00
 0.000000000000000000e+00
 0.000000000000000000e+00
 0.000000000000000000e+00
 0.000000000000000000e+00
 0.000000000000000000e+00
 0.000000000000000000e+00
 0.000000000000000000e+00
 0.000000000000000000e+00
 0.000000000000000000e+00
 0.000000000000000000e+00
 0.000000000000000000e+00
 0.000000000000000000e+00
 0.000000000000000000e+00
 0.000000000000000000e+00
 0.000000000000000000e+00
 0.000000000000000000e+00
 0.000000000000000000e+00
 0.000000000000000000e+00
 0.000000000000000000e+00
 0.000000000000000000e+00
 0.000000000000000000e+00
 0.000000000000000000e+00
 0.000000000000000000e+00
 0.000000000000000000e+00
 0.000000000000000000e+00
 0.000000000000000000e+00
 0.000000000000000000e+00
 0.000000000000000000e+00
 0.000000000000000000e+00
 0.000000000000000000e+00
 0.000000000000000000e+00
 0.000000000000000000e+00
 0.000000000000000000e+00
 0.000000000000000000e+00
 0.000000000000000000e+00
 0.000000000000000000e+00
 0.000000000000000000e+00
 0.000000000000000000e+00
 0.000000000000000000e+00
 0.000000000000000000e+00
 0.000000000000000000e+00
 0.000000000000000000e+00
 0.000000000000000000e+00
 0.000000000000000000e+00
 0.000000000000000000e+00
 0.000000000000000000e+00
 0.000000000000000000e+00
 0.000000000000000000e+00
 0.000000000000000000e+00
 0.000000000000000000e+00
 0.000000000000000000e+00
 0.000000000000000000e+00
 0.000000000000000000e+00
 0.000000000000000000e+00
 0.000000000000000000e+00
 0.000000000000000000e+00
 0.000000000000000000e+00
 0.000000000000000000e+00
 0.000000000000000000e+00
 0.000000000000000000e+00
 0.000000000000000000e+00
 0.000000000000000000e+00
 0.000000000000000000e+00
 0.000000000000000000e+00
 0.000000000000000000e+00
 0.000000000000000000e+00
 0.000000000000000000e+00
 0.000000000000000000e+00
 0.000000000000000000e+00
 0.000000000000000000e+00
 0.000000000000000000e+00
 0.000000000000000000e+00
 0.000000000000000000e+00
 0.000000000000000000e+00
 0.000000000000000000e+00
 0.000000000000000000e+00
 0.000000000000000000e+00
 0.000000000000000000e+00
 0.000000000000000000e+00
 0.000000000000000000e+00
 0.000000000000000000e+00
 0.000000000000000000e+00
 0.000000000000000000e+00
 0.000000000000000000e+00
 0.000000000000000000e+00
 0.000000000000000000e+00
 0.000000000000000000e+00
 0.000000000000000000e+00
 0.000000000000000000e+00
 0.000000000000000000e+00
 0.000000000000000000e+00
 0.000000000000000000e+00
 0.000000000000000000e+00
 0.000000000000000000e+00
 0.000000000000000000e+00
 0.000000000000000000e+00
 0.000000000000000000e+00
 0.000000000000000000e+00
 0.000000000000000000e+00
 0.000000000000000000e+00
 0.000000000000000000e+00
 0.000000000000000000e+00
 0.000000000000000000e+00
 0.000000000000000000e+00
 0.000000000000000000e+00
 0.000000000000000000e+00
 0.000000000000000000e+00
 0.000000000000000000e+00
 0.000000000000000000e+00
 0.000000000000000000e+00
 4.086482300441680579e-09
 1.811371496801991150e-08
 4.719982664124223283e-08
 9.649144568248906790e-08
 1.730212228766090441e-07
 2.872745700557364737e-07
 4.551236337814369804e-07
 7.003811182396190641e-07
 1.058400595668996405e-06
 1.581324162164536982e-06
 2.345883132331931955e-06
 3.465185033529516827e-06
 5.106834310192215612e-06
 7.521329758965213572e-06
 1.108745654997562946e-05
 1.638613703994872339e-05
 2.432206478167491635e-05
 3.632472779116636936e-05
 5.467756583988725265e-05
 8.304294779449247538e-05
 1.272591227053523986e-04
 1.964340740446274139e-04
 3.041643906915912176e-04
 4.695484592422572031e-04
 7.176688758436274148e-04
 1.078393321231424246e-03
 1.582582427323923338e-03
 2.258431187616495670e-03
 3.129616875937462316e-03
 4.214395932527367078e-03
 5.527182940556233867e-03
 7.082166041973377013e-03
 8.896203716119458968e-03
 1.098498136046540535e-02
 1.334067259522458276e-02
 1.588587292296691697e-02
 1.844445145852984663e-02
 2.080862252052499695e-02
 2.285476946026300180e-02
 2.456270008783159944e-02
 2.596239462330876199e-02
 2.709539144043599662e-02
 2.800179586207367927e-02
 2.871761713953678921e-02
 2.927465021571239515e-02
 2.970070106021237277e-02
 3.001982485348264618e-02
 3.025259933076436536e-02
 3.041657211135142397e-02
 3.052667146305912751e-02
 3.059552633247421619e-02
 3.063374585911865511e-02
 3.065026656207943054e-02
 3.065272042742805611e-02
 3.064740569449071750e-02
 3.063896226056620625e-02
 3.063044630934857321e-02
 3.062137715763801546e-02
 3.060563684365232018e-02
 3.057211354331126549e-02
 3.050877021016102156e-02
 3.040392065219960430e-02
 3.024793079008694305e-02
 3.004554361481867261e-02
 2.982529493610431778e-02
 2.961243060669594557e-02
 2.941502052302203199e-02
 2.923312783919164090e-02
 2.906391032635048319e-02
 2.890543114714538495e-02
 2.875632227993909010e-02
 2.861499794613623845e-02
 2.847976757668490080e-02
 2.834914391078513160e-02
 2.822195507975587200e-02
 2.809725270153724114e-02
 2.797420528024231398e-02
 2.785204846541178628e-02
 2.773008493294754767e-02
 2.760770893598476355e-02
 2.748443578734541606e-02
 2.735992387648063587e-02
 2.723398362349764915e-02
 2.710657023289585188e-02
 2.697776115036455008e-02
 2.684772206282465615e-02
 2.671666737325436095e-02
 2.658482167367614071e-02
 2.645238772656675202e-02
 2.631952438534330280e-02
 2.618633549067368380e-02
 2.605286871566786164e-02
 2.591912198326082675e-02
 2.578505453592567012e-02
 2.565059985972862819e-02
 2.551567819523230252e-02
 2.538020706375681418e-02
 2.524410893773971001e-02
 2.510731580043163574e-02
 2.496977082505969989e-02
 2.483142773245956836e-02
 2.469224855327378093e-02
 2.455220054063385338e-02
 2.441125288857173142e-02
 2.426937375739506367e-02
 2.412652793371976995e-02
 2.398267529711610793e-02
 2.383777014826420071e-02
 2.369176136984362316e-02
 2.354459332256537279e-02
 2.339620731157523656e-02
 2.324654339174214365e-02
 2.309554222637643858e-02
 2.294314669113503916e-02
 2.278930293774381055e-02
 0.000000000000000000e+00
 0.000000000000000000e+00
 0.000000000000000000e+00
 0.000000000000000000e+00
 0.000000000000000000e+00
 0.000000000000000000e+00
 0.000000000000000000e+00
 0.000000000000000000e+00
 0.000000000000000000e+00
 0.000000000000000000e+00
 0.000000000000000000e+00
 0.000000000000000000e+00
 0.000000000000000000e+00
 0.000000000000000000e+00
 0.000000000000000000e+00
 0.000000000000000000e+00
 0.000000000000000000e+00
 0.000000000000000000e+00
 0.000000000000000000e+00
 0.000000000000000000e+00
 0.000000000000000000e+00
 0.000000000000000000e+00
 0.000000000000000000e+00
 0.000000000000000000e+00
 0.000000000000000000e+00
 0.000000000000000000e+00
 0.000000000000000000e+00
 0.000000000000000000e+00
 0.000000000000000000e+00
 0.000000000000000000e+00
 0.000000000000000000e+00
 0.000000000000000000e+00
 0.000000000000000000e+00
 0.000000000000000000e+00
 0.000000000000000000e+00
 0.000000000000000000e+00
 0.000000000000000000e+00
 0.000000000000000000e+00
 0.000000000000000000e+00
 0.000000000000000000e+00
 0.000000000000000000e+00
 0.000000000000000000e+00
 0.000000000000000000e+00
 0.000000000000000000e+00
 0.000000000000000000e+00
 0.000000000000000000e+00
 0.000000000000000000e+00
 0.000000000000000000e+00
 0.000000000000000000e+00
 0.000000000000000000e+00
 0.000000000000000000e+00
 0.000000000000000000e+00
 0.000000000000000000e+00
 0.000000000000000000e+00
 0.000000000000000000e+00
 0.000000000000000000e+00
 0.000000000000000000e+00
 0.000000000000000000e+00
 0.000000000000000000e+00
 0.000000000000000000e+00
 0.000000000000000000e+00
 0.000000000000000000e+00
 0.000000000000000000e+00
 0.000000000000000000e+00
 0.000000000000000000e+00
 0.000000000000000000e+00
 0.000000000000000000e+00
 0.000000000000000000e+00
 0.000000000000000000e+00
 0.000000000000000000e+00
 0.000000000000000000e+00
 0.000000000000000000e+00
 0.000000000000000000e+00
 0.000000000000000000e+00
 0.000000000000000000e+00
 0.000000000000000000e+00
 0.000000000000000000e+00
 0.000000000000000000e+00
 0.000000000000000000e+00
 0.000000000000000000e+00
 0.000000000000000000e+00
 0.000000000000000000e+00
 0.000000000000000000e+00
 0.000000000000000000e+00
 0.000000000000000000e+00
 0.000000000000000000e+00
 0.000000000000000000e+00
 0.000000000000000000e+00
 0.000000000000000000e+00
 0.000000000000000000e+00
 0.000000000000000000e+00
 0.000000000000000000e+00
 0.000000000000000000e+00
 0.000000000000000000e+00
 0.000000000000000000e+00
 0.000000000000000000e+00
 0.000000000000000000e+00
 0.000000000000000000e+00
 0.000000000000000000e+00
 0.000000000000000000e+00
 0.000000000000000000e+00
 0.000000000000000000e+00
 0.000000000000000000e+00
 0.000000000000000000e+00
 0.000000000000000000e+00
 0.000000000000000000e+00
 0.000000000000000000e+00
 0.000000000000000000e+00
 0.000000000000000000e+00
 0.000000000000000000e+00
 0.000000000000000000e+00
 0.000000000000000000e+00
 0.000000000000000000e+00
 0.000000000000000000e+00
 0.000000000000000000e+00
 0.000000000000000000e+00
 0.000000000000000000e+00
 0.000000000000000000e+00
 0.000000000000000000e+00
 0.000000000000000000e+00
 0.000000000000000000e+00
 0.000000000000000000e+00
 0.000000000000000000e+00
 0.000000000000000000e+00
 0.000000000000000000e+00
 0.000000000000000000e+00
 0.000000000000000000e+00
 0.000000000000000000e+00
 0.000000000000000000e+00
 0.000000000000000000e+00
 0.000000000000000000e+00
 0.000000000000000000e+00
 0.000000000000000000e+00
 0.000000000000000000e+00
 0.000000000000000000e+00
 4.086482300438641518e-09
 1.811371496801152720e-08
 4.719982664122575540e-08
 9.649144568246114229e-08
 1.730212228765643102e-07
 2.872745700556655347e-07
 4.551236337813243251e-07
 7.003811182394411872e-07
 1.058400595668717519e-06
 1.581324162164104995e-06
 2.345883132331269575e-06
 3.465185033528514787e-06
 5.106834310190721446e-06
 7.521329758962996039e-06
 1.108745654997234805e-05
 1.638613703994386142e-05
 2.432206478166767252e-05
 3.632472779115546635e-05
 5.467756583987061692e-05
 8.304294779446683400e-05
 1.272591227053127981e-04
 1.964340740445669154e-04
 3.041643906915018252e-04
 4.695484592421308393e-04
 7.176688758434587130e-04
 1.078393321231212827e-03
 1.582582427323673104e-03
 2.258431187616200767e-03
 3.129616875937104963e-03
 4.214395932526926458e-03
 5.527182940555669215e-03
 7.082166041972641490e-03
 8.896203716118501401e-03
 1.098498136046415982e-02
 1.334067259522295212e-02
 1.588587292296498102e-02
 1.844445145852775109e-02
 2.080862252052290487e-02
 2.285476946026095135e-02
 2.456270008783000003e-02
 2.596239462330757197e-02
 2.709539144043502171e-02
 2.800179586207299925e-02
 2.871761713953621328e-02
 2.927465021571190248e-02
 2.970070106021199460e-02
 3.001982485348251781e-02
 3.025259933076423005e-02
 3.041657211135121580e-02
 3.052667146305887425e-02
 3.059552633247411210e-02
 3.063374585911855796e-02
 3.065026656207935768e-02
 3.065272042742793468e-02
 3.064740569449062729e-02
 3.063896226056609870e-02
 3.063044630934845525e-02
 3.062137715763792178e-02
 3.060563684365227854e-02
 3.057211354331130365e-02
 3.050877021016111870e-02
 3.040392065219978818e-02
 3.024793079008721020e-02
 3.004554361481898486e-02
 2.982529493610459187e-02
 2.961243060669608781e-02
 2.941502052302211873e-02
 2.923312783919164437e-02
 2.906391032635039992e-02
 2.890543114714526698e-02
 2.875632227993902418e-02
 2.861499794613625927e-02
 2.847976757668499101e-02
 2.834914391078528079e-02
 2.822195507975603854e-02
 2.809725270153746665e-02
 2.797420528024261929e-02
 2.785204846541219220e-02
 2.773008493294804727e-02
 2.760770893598536030e-02
 2.748443578734614118e-02
 2.735992387648143731e-02
 2.723398362349851998e-02
 2.710657023289675047e-02
 2.697776115036542091e-02
 2.684772206282543677e-02
 2.671666737325502708e-02
 2.658482167367665766e-02
 2.645238772656710591e-02
 2.631952438534347974e-02
 2.618633549067366992e-02
 2.605286871566769163e-02
 2.591912198326058389e-02
 2.578505453592540297e-02
 2.565059985972832982e-02
 2.551567819523202149e-02
 2.538020706375661989e-02
 2.524410893773963716e-02
 2.510731580043161840e-02
 2.496977082505972070e-02
 2.483142773245960305e-02
 2.469224855327383644e-02
 2.455220054063392970e-02
 2.441125288857180775e-02
 2.426937375739506020e-02
 2.412652793371970056e-02
 2.398267529711600385e-02
 2.383777014826412091e-02
 2.369176136984355377e-02
 2.354459332256532769e-02
 2.339620731157516717e-02
 2.324654339174206386e-02
 2.309554222637629287e-02
 2.294314669113484834e-02
 2.278930293774356075e-02
 </DataArray>
 <DataArray Name="massf[5]-NO" type="Float32" NumberOfComponents="1" format="ascii">
 0.000000000000000000e+00
 0.000000000000000000e+00
 0.000000000000000000e+00
 0.000000000000000000e+00
 0.000000000000000000e+00
 0.000000000000000000e+00
 0.000000000000000000e+00
 0.000000000000000000e+00
 0.000000000000000000e+00
 0.000000000000000000e+00
 0.000000000000000000e+00
 0.000000000000000000e+00
 0.000000000000000000e+00
 0.000000000000000000e+00
 0.000000000000000000e+00
 0.000000000000000000e+00
 0.000000000000000000e+00
 0.000000000000000000e+00
 0.000000000000000000e+00
 0.000000000000000000e+00
 0.000000000000000000e+00
 0.000000000000000000e+00
 0.000000000000000000e+00
 0.000000000000000000e+00
 0.000000000000000000e+00
 0.000000000000000000e+00
 0.000000000000000000e+00
 0.000000000000000000e+00
 0.000000000000000000e+00
 0.000000000000000000e+00
 0.000000000000000000e+00
 0.000000000000000000e+00
 0.000000000000000000e+00
 0.000000000000000000e+00
 0.000000000000000000e+00
 0.000000000000000000e+00
 0.000000000000000000e+00
 0.000000000000000000e+00
 0.000000000000000000e+00
 0.000000000000000000e+00
 0.000000000000000000e+00
 0.000000000000000000e+00
 0.000000000000000000e+00
 0.000000000000000000e+00
 0.000000000000000000e+00
 0.000000000000000000e+00
 0.000000000000000000e+00
 0.000000000000000000e+00
 0.000000000000000000e+00
 0.000000000000000000e+00
 0.000000000000000000e+00
 0.000000000000000000e+00
 0.000000000000000000e+00
 0.000000000000000000e+00
 0.000000000000000000e+00
 0.000000000000000000e+00
 0.000000000000000000e+00
 0.000000000000000000e+00
 0.000000000000000000e+00
 0.000000000000000000e+00
 0.000000000000000000e+00
 0.000000000000000000e+00
 0.000000000000000000e+00
 0.000000000000000000e+00
 0.000000000000000000e+00
 0.000000000000000000e+00
 0.000000000000000000e+00
 0.000000000000000000e+00
 0.000000000000000000e+00
 0.000000000000000000e+00
 0.000000000000000000e+00
 0.000000000000000000e+00
 0.000000000000000000e+00
 0.000000000000000000e+00
 0.000000000000000000e+00
 0.000000000000000000e+00
 0.000000000000000000e+00
 0.000000000000000000e+00
 0.000000000000000000e+00
 0.000000000000000000e+00
 0.000000000000000000e+00
 0.000000000000000000e+00
 0.000000000000000000e+00
 0.000000000000000000e+00
 0.000000000000000000e+00
 0.000000000000000000e+00
 0.000000000000000000e+00
 0.000000000000000000e+00
 0.000000000000000000e+00
 0.000000000000000000e+00
 0.000000000000000000e+00
 0.000000000000000000e+00
 0.000000000000000000e+00
 0.000000000000000000e+00
 0.000000000000000000e+00
 0.000000000000000000e+00
 0.000000000000000000e+00
 0.000000000000000000e+00
 0.000000000000000000e+00
 0.000000000000000000e+00
 0.000000000000000000e+00
 0.000000000000000000e+00
 0.000000000000000000e+00
 0.000000000000000000e+00
 0.000000000000000000e+00
 0.000000000000000000e+00
 0.000000000000000000e+00
 0.000000000000000000e+00
 0.000000000000000000e+00
 0.000000000000000000e+00
 0.000000000000000000e+00
 0.000000000000000000e+00
 0.000000000000000000e+00
 0.000000000000000000e+00
 0.000000000000000000e+00
 0.000000000000000000e+00
 0.000000000000000000e+00
 0.000000000000000000e+00
 0.000000000000000000e+00
 0.000000000000000000e+00
 0.000000000000000000e+00
 2.993091892304469494e-22
 1.467307149927100601e-21
 3.777827863674613583e-21
 7.130861958775074746e-21
 1.106889391194720622e-20
 1.484380057462978525e-20
 1.760752319771868148e-20
 1.864960088272924484e-20
 1.799048293435410558e-20
 1.558675255794017076e-20
 1.172069345869574141e-20
 7.055857594754291476e-21
 2.776479537488151263e-21
 2.866431418007834865e-22
 0.000000000000000000e+00
 1.694858455684907741e-09
 1.171016948141145308e-08
 3.584534463193052328e-08
 7.951485700725335990e-08
 1.498237745820144231e-07
 2.574586622601284710e-07
 4.189877743888312621e-07
 6.599304688301492621e-07
 1.019205097105385809e-06
 1.555821116143067401e-06
 2.359184546636985141e-06
 3.565247927585546759e-06
 5.382269355024940908e-06
 8.132656589220714811e-06
 1.232211736066060652e-05
 1.875545462882153005e-05
 2.873162462051366054e-05
 4.437061378682740449e-05
 6.915052469114940181e-05
 1.087572058547338420e-04
 1.723285423846195518e-04
 2.740331141344762539e-04
 4.347976393916844597e-04
 6.839880961025237910e-04
 1.059895909929775126e-03
 1.607602857837006367e-03
 2.376170194088233264e-03
 3.416698483399324606e-03
 4.780530266404239663e-03
 6.520057556400616662e-03
 8.693316071726020500e-03
 1.137097406575215443e-02
 1.463931119677197058e-02
 1.857805985569663601e-02
 2.317234142424641832e-02
 2.815627219154523755e-02
 3.299919824874368579e-02
 3.723771929547339821e-02
 4.072519624998630766e-02
 4.351876656954280914e-02
 4.572699145097633422e-02
 4.745474891151318930e-02
 4.879264537902491816e-02
 4.981672191897283664e-02
 5.058989178294342332e-02
 5.116385913563611942e-02
 5.158071138895623658e-02
 5.187453348740654613e-02
 5.207309731733073682e-02
 5.219913659093274733e-02
 5.227120944408772396e-02
 5.230460188352446804e-02
 5.231233354923911505e-02
 5.230531327494016697e-02
 5.229180304552930730e-02
 5.227759359687566415e-02
 5.226263561136360730e-02
 5.223639525297758823e-02
 5.217977357411857781e-02
 5.207266316766401976e-02
 5.189750107265162643e-02
 5.164474355410050149e-02
 5.133291613453674906e-02
 5.100844991499627057e-02
 5.069741608100335889e-02
 5.040271196393228403e-02
 5.012181700345171714e-02
 4.985014635375095704e-02
 4.958556593497353421e-02
 4.932728748788658274e-02
 4.907411776272493920e-02
 4.882440243970871674e-02
 4.857652426992060957e-02
 4.832916378515710737e-02
 4.808120779969093234e-02
 4.783160804894433238e-02
 4.757932422692556784e-02
 4.732334804548341683e-02
 4.706276653518685210e-02
 4.679682907873124881e-02
 4.652499643523671374e-02
 4.624696350589097699e-02
 4.596265255521474191e-02
 4.567218018548783315e-02
 4.537580540856912814e-02
 4.507386863565651658e-02
 4.476673176390041919e-02
 4.445472782522386784e-02
 4.413812561273011692e-02
 4.381711121984570301e-02
 4.349178530568224149e-02
 4.316217268171681359e-02
 4.282823972947535918e-02
 4.248991511882989347e-02
 4.214711000079619796e-02
 4.179973494566222719e-02
 4.144771209861641131e-02
 4.109098212610991230e-02
 4.072950639174529458e-02
 4.036326536251214070e-02
 3.999225449921472997e-02
 3.961647887720536054e-02
 3.923594760387173058e-02
 3.885066884228698808e-02
 3.846064598633243403e-02
 3.806587530653639251e-02
 3.766634521206762426e-02
 3.726203712957514014e-02
 3.685292784879753980e-02
 3.643899301207586400e-02
 3.602021124332149132e-02
 3.559656826493561715e-02
 3.516806029537571099e-02
 3.473469609865596081e-02
 0.000000000000000000e+00
 0.000000000000000000e+00
 0.000000000000000000e+00
 0.000000000000000000e+00
 0.000000000000000000e+00
 0.000000000000000000e+00
 0.000000000000000000e+00
 0.000000000000000000e+00
 0.000000000000000000e+00
 0.000000000000000000e+00
 0.000000000000000000e+00
 0.000000000000000000e+00
 0.000000000000000000e+00
 0.000000000000000000e+00
 0.000000000000000000e+00
 0.000000000000000000e+00
 0.000000000000000000e+00
 0.000000000000000000e+00
 0.000000000000000000e+00
 0.000000000000000000e+00
 0.000000000000000000e+00
 0.000000000000000000e+00
 0.000000000000000000e+00
 0.000000000000000000e+00
 0.000000000000000000e+00
 0.000000000000000000e+00
 0.000000000000000000e+00
 0.000000000000000000e+00
 0.000000000000000000e+00
 0.000000000000000000e+00
 0.000000000000000000e+00
 0.000000000000000000e+00
 0.000000000000000000e+00
 0.000000000000000000e+00
 0.000000000000000000e+00
 0.000000000000000000e+00
 0.000000000000000000e+00
 0.000000000000000000e+00
 0.000000000000000000e+00
 0.000000000000000000e+00
 0.000000000000000000e+00
 0.000000000000000000e+00
 0.000000000000000000e+00
 0.000000000000000000e+00
 0.000000000000000000e+00
 0.000000000000000000e+00
 0.000000000000000000e+00
 0.000000000000000000e+00
 0.000000000000000000e+00
 0.000000000000000000e+00
 0.000000000000000000e+00
 0.000000000000000000e+00
 0.000000000000000000e+00
 0.000000000000000000e+00
 0.000000000000000000e+00
 0.000000000000000000e+00
 0.000000000000000000e+00
 0.000000000000000000e+00
 0.000000000000000000e+00
 0.000000000000000000e+00
 0.000000000000000000e+00
 0.000000000000000000e+00
 0.000000000000000000e+00
 0.000000000000000000e+00
 0.000000000000000000e+00
 0.000000000000000000e+00
 0.000000000000000000e+00
 0.000000000000000000e+00
 0.000000000000000000e+00
 0.000000000000000000e+00
 0.000000000000000000e+00
 0.000000000000000000e+00
 0.000000000000000000e+00
 0.000000000000000000e+00
 0.000000000000000000e+00
 0.000000000000000000e+00
 0.000000000000000000e+00
 0.000000000000000000e+00
 0.000000000000000000e+00
 0.000000000000000000e+00
 0.000000000000000000e+00
 0.000000000000000000e+00
 0.000000000000000000e+00
 0.000000000000000000e+00
 0.000000000000000000e+00
 0.000000000000000000e+00
 0.000000000000000000e+00
 0.000000000000000000e+00
 0.000000000000000000e+00
 0.000000000000000000e+00
 0.000000000000000000e+00
 0.000000000000000000e+00
 0.000000000000000000e+00
 0.000000000000000000e+00
 0.000000000000000000e+00
 0.000000000000000000e+00
 0.000000000000000000e+00
 0.000000000000000000e+00
 0.000000000000000000e+00
 0.000000000000000000e+00
 0.000000000000000000e+00
 0.000000000000000000e+00
 0.000000000000000000e+00
 0.000000000000000000e+00
 0.000000000000000000e+00
 0.000000000000000000e+00
 0.000000000000000000e+00
 0.000000000000000000e+00
 0.000000000000000000e+00
 0.000000000000000000e+00
 0.000000000000000000e+00
 0.000000000000000000e+00
 0.000000000000000000e+00
 0.000000000000000000e+00
 0.000000000000000000e+00
 0.000000000000000000e+00
 0.000000000000000000e+00
 0.000000000000000000e+00
 0.000000000000000000e+00
 0.000000000000000000e+00
 0.000000000000000000e+00
 2.993091892303564363e-22
 1.467307149926912333e-21
 3.777827863674328455e-21
 7.130861958774724167e-21
 1.106889391194691131e-20
 1.484380057462962576e-20
 1.760752319771880486e-20
 1.864960088272965410e-20
 1.799048293435465929e-20
 1.558675255794075155e-20
 1.172069345869625448e-20
 7.055857594754643561e-21
 2.776479537488308121e-21
 2.866431418008018242e-22
 0.000000000000000000e+00
 1.694858455681494173e-09
 1.171016948139944242e-08
 3.584534463190541670e-08
 7.951485700720964506e-08
 1.498237745819434046e-07
 2.574586622600155510e-07
 4.189877743886533323e-07
 6.599304688298709059e-07
 1.019205097104953610e-06
 1.555821116142400363e-06
 2.359184546635964890e-06
 3.565247927583995842e-06
 5.382269355022594626e-06
 8.132656589217174213e-06
 1.232211736065525327e-05
 1.875545462881339514e-05
 2.873162462050116511e-05
 4.437061378680797017e-05
 6.915052469111890863e-05
 1.087572058546857847e-04
 1.723285423845443624e-04
 2.740331141343611116e-04
 4.347976393915136436e-04
 6.839880961022800623e-04
 1.059895909929442059e-03
 1.607602857836567265e-03
 2.376170194087663841e-03
 3.416698483398586915e-03
 4.780530266403292504e-03
 6.520057556399397151e-03
 8.693316071724457514e-03
 1.137097406575018899e-02
 1.463931119676952983e-02
 1.857805985569362106e-02
 2.317234142424285867e-02
 2.815627219154140035e-02
 3.299919824873991103e-02
 3.723771929546992182e-02
 4.072519624998366394e-02
 4.351876656954044298e-02
 4.572699145097439133e-02
 4.745474891151139213e-02
 4.879264537902348181e-02
 4.981672191897154600e-02
 5.058989178294220901e-02
 5.116385913563532839e-02
 5.158071138895543167e-02
 5.187453348740583142e-02
 5.207309731733033437e-02
 5.219913659093235181e-02
 5.227120944408745334e-02
 5.230460188352420436e-02
 5.231233354923889994e-02
 5.230531327494002819e-02
 5.229180304552911995e-02
 5.227759359687546292e-02
 5.226263561136344077e-02
 5.223639525297753966e-02
 5.217977357411865413e-02
 5.207266316766418629e-02
 5.189750107265184847e-02
 5.164474355410082068e-02
 5.133291613453706825e-02
 5.100844991499647180e-02
 5.069741608100343522e-02
 5.040271196393222158e-02
 5.012181700345155755e-02
 4.985014635375070030e-02
 4.958556593497335380e-02
 4.932728748788648560e-02
 4.907411776272493226e-02
 4.882440243970874449e-02
 4.857652426992073447e-02
 4.832916378515734329e-02
 4.808120779969133479e-02
 4.783160804894498463e-02
 4.757932422692635888e-02
 4.732334804548433971e-02
 4.706276653518792069e-02
 4.679682907873247005e-02
 4.652499643523810152e-02
 4.624696350589242028e-02
 4.596265255521618520e-02
 4.567218018548924174e-02
 4.537580540857039102e-02
 4.507386863565763374e-02
 4.476673176390132125e-02
 4.445472782522449928e-02
 4.413812561273038060e-02
 4.381711121984570995e-02
 4.349178530568200557e-02
 4.316217268171636257e-02
 4.282823972947483876e-02
 4.248991511882935224e-02
 4.214711000079571224e-02
 4.179973494566188719e-02
 4.144771209861630029e-02
 4.109098212611000250e-02
 4.072950639174553744e-02
 4.036326536251241132e-02
 3.999225449921500752e-02
 3.961647887720555483e-02
 3.923594760387195957e-02
 3.885066884228717543e-02
 3.846064598633253812e-02
 3.806587530653643414e-02
 3.766634521206761732e-02
 3.726203712957509157e-02
 3.685292784879738714e-02
 3.643899301207563501e-02
 3.602021124332124846e-02
 3.559656826493537429e-02
 3.516806029537543343e-02
 3.473469609865569713e-02
 </DataArray>
 <DataArray Name="dt_chem" type="Float32" NumberOfComponents="1" format="ascii">
 7.005593173488709220e-06
 7.005593173488709220e-06
 7.003593460624466305e-06
 7.003593460624466305e-06
 7.003593460624466305e-06
 7.002630830253630369e-06
 7.002630830253630369e-06
 7.002630830253630369e-06
 7.002691706241448517e-06
 7.002691706241448517e-06
 7.002691706241448517e-06
 7.002691706241448517e-06
 7.003803561418577711e-06
 7.003803561418577711e-06
 7.003803561418577711e-06
 7.005977077461899021e-06
 7.005977077461899021e-06
 7.005977077461899021e-06
 7.005120869464185343e-06
 7.005120869464185343e-06
 7.005120869464185343e-06
 7.003866843997090000e-06
 7.003866843997090000e-06
 7.003866843997090000e-06
 7.003628160015932514e-06
 7.003628160015932514e-06
 7.003628160015932514e-06
 7.003628160015932514e-06
 7.004432663200703418e-06
 7.004432663200703418e-06
 7.004432663200703418e-06
 7.006285550265311515e-06
 7.006285550265311515e-06
 7.006285550265311515e-06
 7.006681136431319708e-06
 7.006681136431319708e-06
 7.006681136431319708e-06
 7.005145032764885093e-06
 7.005145032764885093e-06
 7.005145032764885093e-06
 7.004628649010742793e-06
 7.004628649010742793e-06
 7.004628649010742793e-06
 7.005140275666884019e-06
 7.005140275666884019e-06
 7.005140275666884019e-06
 7.005140275666884019e-06
 7.006693965197508813e-06
 7.006693965197508813e-06
 7.006693965197508813e-06
 7.008266621438694702e-06
 7.008266621438694702e-06
 7.008266621438694702e-06
 7.006463737280829350e-06
 7.006463737280829350e-06
 7.006463737280829350e-06
 7.005683665131861897e-06
 7.005683665131861897e-06
 7.005683665131861897e-06
 7.005917360124576943e-06
 7.005917360124576943e-06
 7.005917360124576943e-06
 7.005917360124576943e-06
 7.007189976541231680e-06
 7.007189976541231680e-06
 7.007189976541231680e-06
 7.009514933116019200e-06
 7.009514933116019200e-06
 7.009514933116019200e-06
 7.007815731639865258e-06
 7.007815731639865258e-06
 7.007815731639865258e-06
 7.006784832380598602e-06
 7.006784832380598602e-06
 7.006784832380598602e-06
 7.006758407430671343e-06
 7.006758407430671343e-06
 7.006758407430671343e-06
 7.007764193940640334e-06
 7.007764193940640334e-06
 7.007764193940640334e-06
 7.007764193940640334e-06
 7.009810408198203015e-06
 7.009810408198203015e-06
 7.009810408198203015e-06
 7.009193256843852178e-06
 7.009193256843852178e-06
 7.009193256843852178e-06
 7.007919305328085826e-06
 7.007919305328085826e-06
 7.007919305328085826e-06
 7.007650236397217109e-06
 7.007650236397217109e-06
 7.007650236397217109e-06
 7.008402292160370388e-06
 7.008402292160370388e-06
 7.008402292160370388e-06
 7.008402292160370388e-06
 7.010185762676194919e-06
 7.010185762676194919e-06
 7.010185762676194919e-06
 7.010587238544864033e-06
 7.010587238544864033e-06
 7.010587238544864033e-06
 7.009082145272218892e-06
 7.009082145272218892e-06
 7.009082145272218892e-06
 7.008583984477162076e-06
 7.008583984477162076e-06
 7.008583984477162076e-06
 7.009093940320753573e-06
 7.009093940320753573e-06
 7.009093940320753573e-06
 7.010630991882000723e-06
 7.010630991882000723e-06
 7.010630991882000723e-06
 7.010630991882000723e-06
 7.011989582172893464e-06
 7.011989582172893464e-06
 7.011989582172893464e-06
 7.010266492541499302e-06
 7.010266492541499302e-06
 7.010266492541499302e-06
 7.009551579073651620e-06
 7.009551579073651620e-06
 7.009551579073651620e-06
 7.009833273512497382e-06
 7.009833273512497382e-06
 7.009833273512497382e-06
 7.011138294018333061e-06
 7.011138294018333061e-06
 7.011138294018333061e-06
 7.011138294018333061e-06
 7.013390645578555162e-06
 7.013390645578555162e-06
 7.013390645578555162e-06
 7.011465948999287387e-06
 7.011465948999287387e-06
 7.011465948999287387e-06
 7.010545388103704730e-06
 7.010545388103704730e-06
 7.010545388103704730e-06
 7.010615648771781973e-06
 7.010615648771781973e-06
 7.010615648771781973e-06
 7.011702398486321157e-06
 7.011702398486321157e-06
 7.011702398486321157e-06
 7.011702398486321157e-06
 7.013814640223322182e-06
 7.013814640223322182e-06
 7.013814640223322182e-06
 7.012677088440443266e-06
 7.012677088440443266e-06
 7.012677088440443266e-06
 7.011559539188484103e-06
 7.011559539188484103e-06
 7.011559539188484103e-06
 7.011559539188484103e-06
 7.011559539188484103e-06
 7.011559539188484103e-06
 7.011559539188484103e-06
 7.011559539188484103e-06
 7.011559539188484103e-06
 7.011559539188484103e-06
 7.011559539188484103e-06
 7.011559539188484103e-06
 7.011559539188484103e-06
 7.011559539188484103e-06
 7.011559539188484103e-06
 7.011559539188484103e-06
 7.011559539188484103e-06
 7.011559539188484103e-06
 7.011559539188484103e-06
 7.011559539188484103e-06
 7.011559539188484103e-06
 7.011559539188484103e-06
 7.011559539188484103e-06
 7.011559539188484103e-06
 7.011559539188484103e-06
 7.011559539188484103e-06
 7.011559539188484103e-06
 7.011559539188484103e-06
 7.011559539188484103e-06
 7.011559539188484103e-06
 7.011559539188484103e-06
 7.011559539188484103e-06
 7.011559539188484103e-06
 7.011559539188484103e-06
 7.011559539188484103e-06
 7.011559539188484103e-06
 7.011559539188484103e-06
 6.952158218397483722e-06
 6.969397559094303425e-06
 6.974003975007855568e-06
 7.006094048026173468e-06
 7.011559539188484103e-06
 7.011559539188484103e-06
 7.011559539188484103e-06
 7.011559539188484103e-06
 7.011559539188484103e-06
 7.007740515617817737e-06
 6.980044857675572795e-06
 6.966362798795301956e-06
 6.957917377081654557e-06
 6.947856978153494660e-06
 6.935839135855436281e-06
 6.919983742214724888e-06
 6.903379098792397665e-06
 6.886840835990047549e-06
 6.870527138625985817e-06
 6.854444021978009957e-06
 6.838620711441491683e-06
 6.823120168822861428e-06
 6.807872752307531317e-06
 6.792999637756507433e-06
 6.778388367779931867e-06
 6.763930423970877295e-06
 6.749539664805029661e-06
 6.735173958843188360e-06
 6.720857831933985456e-06
 6.706666851156938072e-06
 6.692678003200418406e-06
 6.678924089925595409e-06
 6.665378045833335195e-06
 6.651971665577493543e-06
 6.638629989460429853e-06
 6.625295836417506401e-06
 6.611938181391441531e-06
 6.598550806273906184e-06
 6.585155489480170135e-06
 6.571809153420080882e-06
 6.558600968032451840e-06
 6.545625498512252085e-06
 6.532938328412813229e-06
 6.520519725487635127e-06
 6.508277573178008076e-06
 6.496092493073249002e-06
 6.483880770344526624e-06
 6.471633480561007192e-06
 6.459407276775179216e-06
 6.447280332163378572e-06
 6.435309223993843376e-06
 6.423514742037049116e-06
 6.411896540893780819e-06
 6.400451787019508525e-06
 6.389173720703885356e-06
 6.378036402261715691e-06
 6.366988141851768132e-06
 6.355973313916165948e-06
 7.005593173488709220e-06
 7.005593173488709220e-06
 7.003593460624466305e-06
 7.003593460624466305e-06
 7.003593460624466305e-06
 7.002630830253630369e-06
 7.002630830253630369e-06
 7.002630830253630369e-06
 7.002691706241448517e-06
 7.002691706241448517e-06
 7.002691706241448517e-06
 7.002691706241448517e-06
 7.003803561418577711e-06
 7.003803561418577711e-06
 7.003803561418577711e-06
 7.005977077461899021e-06
 7.005977077461899021e-06
 7.005977077461899021e-06
 7.005120869464185343e-06
 7.005120869464185343e-06
 7.005120869464185343e-06
 7.003866843997090000e-06
 7.003866843997090000e-06
 7.003866843997090000e-06
 7.003628160015932514e-06
 7.003628160015932514e-06
 7.003628160015932514e-06
 7.003628160015932514e-06
 7.004432663200703418e-06
 7.004432663200703418e-06
 7.004432663200703418e-06
 7.006285550265311515e-06
 7.006285550265311515e-06
 7.006285550265311515e-06
 7.006681136431319708e-06
 7.006681136431319708e-06
 7.006681136431319708e-06
 7.005145032764885093e-06
 7.005145032764885093e-06
 7.005145032764885093e-06
 7.004628649010742793e-06
 7.004628649010742793e-06
 7.004628649010742793e-06
 7.005140275666884019e-06
 7.005140275666884019e-06
 7.005140275666884019e-06
 7.005140275666884019e-06
 7.006693965197508813e-06
 7.006693965197508813e-06
 7.006693965197508813e-06
 7.008266621438694702e-06
 7.008266621438694702e-06
 7.008266621438694702e-06
 7.006463737280829350e-06
 7.006463737280829350e-06
 7.006463737280829350e-06
 7.005683665131861897e-06
 7.005683665131861897e-06
 7.005683665131861897e-06
 7.005917360124576943e-06
 7.005917360124576943e-06
 7.005917360124576943e-06
 7.005917360124576943e-06
 7.007189976541231680e-06
 7.007189976541231680e-06
 7.007189976541231680e-06
 7.009514933116019200e-06
 7.009514933116019200e-06
 7.009514933116019200e-06
 7.007815731639865258e-06
 7.007815731639865258e-06
 7.007815731639865258e-06
 7.006784832380598602e-06
 7.006784832380598602e-06
 7.006784832380598602e-06
 7.006758407430671343e-06
 7.006758407430671343e-06
 7.006758407430671343e-06
 7.007764193940640334e-06
 7.007764193940640334e-06
 7.007764193940640334e-06
 7.007764193940640334e-06
 7.009810408198203015e-06
 7.009810408198203015e-06
 7.009810408198203015e-06
 7.009193256843852178e-06
 7.009193256843852178e-06
 7.009193256843852178e-06
 7.007919305328085826e-06
 7.007919305328085826e-06
 7.007919305328085826e-06
 7.007650236397217109e-06
 7.007650236397217109e-06
 7.007650236397217109e-06
 7.008402292160370388e-06
 7.008402292160370388e-06
 7.008402292160370388e-06
 7.008402292160370388e-06
 7.010185762676194919e-06
 7.010185762676194919e-06
 7.010185762676194919e-06
 7.010587238544864033e-06
 7.010587238544864033e-06
 7.010587238544864033e-06
 7.009082145272218892e-06
 7.009082145272218892e-06
 7.009082145272218892e-06
 7.008583984477162076e-06
 7.008583984477162076e-06
 7.008583984477162076e-06
 7.009093940320753573e-06
 7.009093940320753573e-06
 7.009093940320753573e-06
 7.010630991882000723e-06
 7.010630991882000723e-06
 7.010630991882000723e-06
 7.010630991882000723e-06
 7.011989582172893464e-06
 7.011989582172893464e-06
 7.011989582172893464e-06
 7.010266492541499302e-06
 7.010266492541499302e-06
 7.010266492541499302e-06
 7.009551579073651620e-06
 7.009551579073651620e-06
 7.009551579073651620e-06
 7.009833273512497382e-06
 7.009833273512497382e-06
 7.009833273512497382e-06
 7.011138294018333061e-06
 7.011138294018333061e-06
 7.011138294018333061e-06
 7.011138294018333061e-06
 7.013390645578555162e-06
 7.013390645578555162e-06
 7.013390645578555162e-06
 7.011465948999287387e-06
 7.011465948999287387e-06
 7.011465948999287387e-06
 7.010545388103704730e-06
 7.010545388103704730e-06
 7.010545388103704730e-06
 7.010615648771781973e-06
 7.010615648771781973e-06
 7.010615648771781973e-06
 7.011702398486321157e-06
 7.011702398486321157e-06
 7.011702398486321157e-06
 7.011702398486321157e-06
 7.013814640223322182e-06
 7.013814640223322182e-06
 7.013814640223322182e-06
 7.012677088440443266e-06
 7.012677088440443266e-06
 7.012677088440443266e-06
 7.011559539188484103e-06
 7.011559539188484103e-06
 7.011559539188484103e-06
 7.011559539188484103e-06
 7.011559539188484103e-06
 7.011559539188484103e-06
 7.011559539188484103e-06
 7.011559539188484103e-06
 7.011559539188484103e-06
 7.011559539188484103e-06
 7.011559539188484103e-06
 7.011559539188484103e-06
 7.011559539188484103e-06
 7.011559539188484103e-06
 7.011559539188484103e-06
 7.011559539188484103e-06
 7.011559539188484103e-06
 7.011559539188484103e-06
 7.011559539188484103e-06
 7.011559539188484103e-06
 7.011559539188484103e-06
 7.011559539188484103e-06
 7.011559539188484103e-06
 7.011559539188484103e-06
 7.011559539188484103e-06
 7.011559539188484103e-06
 7.011559539188484103e-06
 7.011559539188484103e-06
 7.011559539188484103e-06
 7.011559539188484103e-06
 7.011559539188484103e-06
 7.011559539188484103e-06
 7.011559539188484103e-06
 7.011559539188484103e-06
 7.011559539188484103e-06
 7.011559539188484103e-06
 7.011559539188484103e-06
 6.952158218378357718e-06
 6.969397559094303425e-06
 6.974003975007855568e-06
 7.006094048026173468e-06
 7.011559539188484103e-06
 7.011559539188484103e-06
 7.011559539188484103e-06
 7.011559539188484103e-06
 7.011559539188484103e-06
 7.007740515637759433e-06
 6.980044857695029142e-06
 6.966362798814513510e-06
 6.957917377081654557e-06
 6.947857072438795391e-06
 6.935839135855436281e-06
 6.919983742214724888e-06
 6.903379098756157360e-06
 6.886840835972200564e-06
 6.870527138625985817e-06
 6.854444021978009957e-06
 6.838620711441491683e-06
 6.823120168822861428e-06
 6.807872752324120457e-06
 6.792999637740150380e-06
 6.778388367747665841e-06
 6.763930442230236943e-06
 6.749539664820727723e-06
 6.735173958843188360e-06
 6.720857831918712605e-06
 6.706666868813005280e-06
 6.692678020695959317e-06
 6.678924089940263478e-06
 6.665378045833335195e-06
 6.651971665563205791e-06
 6.638629989460429853e-06
 6.625295836417506401e-06
 6.611938181405178711e-06
 6.598550806287462946e-06
 6.585155489493548173e-06
 6.571809153406879027e-06
 6.558600968045480901e-06
 6.545625514612203725e-06
 6.532938328425511100e-06
 6.520519725487635127e-06
 6.508277573165623608e-06
 6.496092493085481004e-06
 6.483880770332447087e-06
 6.471633480561007192e-06
 6.459407276763398682e-06
 6.447280332163378572e-06
 6.435309223982354221e-06
 6.423514742037049116e-06
 6.411896540893780819e-06
 6.400451787025047273e-06
 6.389173720714832410e-06
 6.378036402245487387e-06
 6.366988149158173538e-06
 6.355973306639543914e-06
 </DataArray>
 <DataArray Name="u" type="Float32" NumberOfComponents="1" format="ascii">
 -9.261211422899910249e+05
 -9.261295652800379321e+05
 -9.261380323502523825e+05
 -9.261466109435139224e+05
 -9.261552770352130756e+05
 -9.261639215230168775e+05
 -9.261723909494574182e+05
 -9.261805447055124678e+05
 -9.261883035231977701e+05
 -9.261956715801502578e+05
 -9.262027290461561643e+05
 -9.262096039834371768e+05
 -9.262164372514635324e+05
 -9.262233518829997629e+05
 -9.262304331169552170e+05
 -9.262377203425574116e+05
 -9.262452091332464479e+05
 -9.262528596487329341e+05
 -9.262606054469631054e+05
 -9.262683576386561617e+05
 -9.262760086069209501e+05
 -9.262834472754481249e+05
 -9.262905875495080836e+05
 -9.262973950090445578e+05
 -9.263039001840613782e+05
 -9.263102012232402340e+05
 -9.263164596013822593e+05
 -9.263228827144103125e+05
 -9.263296842085183598e+05
 -9.263370208793105558e+05
 -9.263449203613139689e+05
 -9.263532312075630762e+05
 -9.263616300761066377e+05
 -9.263696988039538264e+05
 -9.263770508016669191e+05
 -9.263834551478899084e+05
 -9.263888972641741857e+05
 -9.263935553387105465e+05
 -9.263977317390260287e+05
 -9.264017955092084594e+05
 -9.264061553703113459e+05
 -9.264112308934079483e+05
 -9.264173657858604565e+05
 -9.264246754222679883e+05
 -9.264329458046820946e+05
 -9.264417083807257004e+05
 -9.264503692203308456e+05
 -9.264582767376713455e+05
 -9.264649004896185361e+05
 -9.264700730365919881e+05
 -9.264739878521678038e+05
 -9.264769763961150311e+05
 -9.264793135698423721e+05
 -9.264812236016029492e+05
 -9.264830506060905755e+05
 -9.264853900179411285e+05
 -9.264891392402797937e+05
 -9.264952819007202052e+05
 -9.265041381414476782e+05
 -9.265149514316143468e+05
 -9.265267039121808484e+05
 -9.265382039406537078e+05
 -9.265476210348550230e+05
 -9.265537762529123574e+05
 -9.265569947132337838e+05
 -9.265583265109448694e+05
 -9.265587483570585027e+05
 -9.265588323434288613e+05
 -9.265587592654791661e+05
 -9.265583152847923338e+05
 -9.265580479320376180e+05
 -9.265586778055308387e+05
 -9.265615762348873541e+05
 -9.265683324776897207e+05
 -9.265783265525135212e+05
 -9.265903630097280256e+05
 -9.266035563412597403e+05
 -9.266147367393290624e+05
 -9.266212651361008175e+05
 -9.266238902137642726e+05
 -9.266245127201071009e+05
 -9.266245068745845929e+05
 -9.266242864667535760e+05
 -9.266237764201429673e+05
 -9.266228470205930062e+05
 -9.266219812306058593e+05
 -9.266219137603831477e+05
 -9.266228552551683970e+05
 -9.266263322358117439e+05
 -9.266334919075053185e+05
 -9.266434732773513533e+05
 -9.266546695703407750e+05
 -9.266666768666743301e+05
 -9.266788273677974939e+05
 -9.266883610081966035e+05
 -9.266935171367102303e+05
 -9.266953678131252527e+05
 -9.266957130894968286e+05
 -9.266956410717647523e+05
 -9.266952633376098238e+05
 -9.266943655851576477e+05
 -9.266928753025913611e+05
 -9.266909001743351109e+05
 -9.266887018570485525e+05
 -9.266866920357798226e+05
 -9.266851159020569175e+05
 -9.266838639423609711e+05
 -9.266829244596948847e+05
 -9.266825563459503464e+05
 -9.266827336979741231e+05
 -9.266840465988214128e+05
 -9.266878147525787354e+05
 -9.266944150867043063e+05
 -9.267028223600708880e+05
 -9.267122331692008302e+05
 -9.267225686139473692e+05
 -9.267338169364868663e+05
 -9.267459235970946029e+05
 -9.267590227363426238e+05
 -9.267735832251966931e+05
 -9.267905055790492333e+05
 -9.268112876353375614e+05
 -9.268373206460839137e+05
 -9.268662231917404570e+05
 -9.268910326011828147e+05
 -9.269096787837888114e+05
 -9.269242499897759408e+05
 -9.269344487083833665e+05
 -9.269394699293198064e+05
 -9.269404978140206076e+05
 -9.269394280686671846e+05
 -9.269347153501836583e+05
 -9.269224347102027386e+05
 -9.268971003118935041e+05
 -9.268505244351727888e+05
 -9.267706695475052111e+05
 -9.266399460225659423e+05
 -9.264329456999427639e+05
 -9.261133181423330680e+05
 -9.256295004257494584e+05
 -9.249089471490597352e+05
 -9.238504009869773872e+05
 -9.223136195967090316e+05
 -9.201057981947064400e+05
 -9.169637067975313403e+05
 -9.125302651839321479e+05
 -9.063238848354690708e+05
 -8.976984073337898590e+05
 -8.857909322142079473e+05
 -8.694544355986774899e+05
 -8.471721887784837745e+05
 -8.169528199831312522e+05
 -7.762112239575069398e+05
 -7.216399540504990146e+05
 -6.490642156335208565e+05
 -5.534218715831660666e+05
 -4.291908152741324157e+05
 -2.710941192088858224e+05
 -7.578673217809014022e+04
 1.558479599836147390e+05
 4.181115361908474006e+05
 7.019631534660295583e+05
 9.969278358219829388e+05
 1.291706967341291253e+06
 1.575646906922404189e+06
 1.840095153765088879e+06
 2.078713081574730109e+06
 2.287825557300550397e+06
 2.466621539881674107e+06
 2.616587018104011193e+06
 2.740352001042165793e+06
 2.840886436043774243e+06
 2.921347309056014754e+06
 2.984970871520704590e+06
 3.034830479897531681e+06
 3.073647916843149345e+06
 3.103689912189824041e+06
 3.126788224301020615e+06
 3.144427049203051720e+06
 3.157803126056054141e+06
 3.167868069632431027e+06
 3.175371287019516341e+06
 3.180904082507298794e+06
 3.184929622768222354e+06
 3.187803285088909324e+06
 3.189801619056446478e+06
 3.191152208642458543e+06
 3.192028430352598429e+06
 3.192553868062579073e+06
 3.192837486793590244e+06
 3.192985529691643547e+06
 3.193057723006624728e+06
 3.193076523403652944e+06
 3.193046849941514898e+06
 3.192896169943863060e+06
 3.192502687896203250e+06
 3.191722624307951424e+06
 3.190380667306401767e+06
 3.188379395796047524e+06
 3.185827200079603586e+06
 3.183016899873894174e+06
 3.180244788666555192e+06
 3.177662720484754071e+06
 3.175310287237697747e+06
 3.173196639028333593e+06
 3.171308993418177124e+06
 3.169613085961220786e+06
 3.168067659384936094e+06
 3.166636646823806223e+06
 3.165292256298221182e+06
 3.164012790875163861e+06
 3.162779998354883865e+06
 3.161577705477194861e+06
 3.160391546478980687e+06
 3.159209222907072399e+06
 3.158020904858674854e+06
 3.156819604817130603e+06
 3.155601413250064477e+06
 3.154365464249403682e+06
 3.153113572288368829e+06
 3.151849561919362750e+06
 3.150578396783416625e+06
 3.149305274788325187e+06
 3.148034859821849037e+06
 3.146770767917753663e+06
 3.145515345907326788e+06
 3.144269706539616454e+06
 3.143033938089455478e+06
 3.141807395746209659e+06
 3.140588999996460043e+06
 3.139377497645480093e+06
 3.138171666787237395e+06
 3.136970459194696043e+06
 3.135773076031541917e+06
 3.134578976211845875e+06
 3.133387827971569262e+06
 3.132199429254102986e+06
 3.131013629612737335e+06
 3.129830276869425550e+06
 3.128649190025575459e+06
 3.127470142013358418e+06
 3.126292836119215470e+06
 3.125116876890849322e+06
 3.123941753487954848e+06
 3.122766854012711439e+06
 3.121591511729109101e+06
 3.120415063631646335e+06
 3.119236896988549270e+06
 3.118056474121093750e+06
 3.116873345016841311e+06
 -9.261211422899956815e+05
 -9.261295652800430544e+05
 -9.261380323502602987e+05
 -9.261466109435190447e+05
 -9.261552770352158695e+05
 -9.261639215230201371e+05
 -9.261723909494602121e+05
 -9.261805447055147961e+05
 -9.261883035231987014e+05
 -9.261956715801469982e+05
 -9.262027290461589582e+05
 -9.262096039834418334e+05
 -9.262164372514691204e+05
 -9.262233518830034882e+05
 -9.262304331169575453e+05
 -9.262377203425620683e+05
 -9.262452091332497075e+05
 -9.262528596487394534e+05
 -9.262606054469677620e+05
 -9.262683576386547647e+05
 -9.262760086069195531e+05
 -9.262834472754448652e+05
 -9.262905875494983047e+05
 -9.262973950090389699e+05
 -9.263039001840581186e+05
 -9.263102012232383713e+05
 -9.263164596013831906e+05
 -9.263228827144079842e+05
 -9.263296842085188255e+05
 -9.263370208793124184e+05
 -9.263449203613162972e+05
 -9.263532312075672671e+05
 -9.263616300761075690e+05
 -9.263696988039561547e+05
 -9.263770508016664535e+05
 -9.263834551478903741e+05
 -9.263888972641755827e+05
 -9.263935553387096152e+05
 -9.263977317390237004e+05
 -9.264017955092061311e+05
 -9.264061553703085519e+05
 -9.264112308934065513e+05
 -9.264173657858623192e+05
 -9.264246754222717136e+05
 -9.264329458046848886e+05
 -9.264417083807224408e+05
 -9.264503692203266546e+05
 -9.264582767376615666e+05
 -9.264649004896134138e+05
 -9.264700730365877971e+05
 -9.264739878521608189e+05
 -9.264769763961103745e+05
 -9.264793135698423721e+05
 -9.264812236016024835e+05
 -9.264830506060910411e+05
 -9.264853900179467164e+05
 -9.264891392402863130e+05
 -9.264952819007295184e+05
 -9.265041381414555945e+05
 -9.265149514316278510e+05
 -9.265267039121934213e+05
 -9.265382039406658150e+05
 -9.265476210348708555e+05
 -9.265537762529170141e+05
 -9.265569947132435627e+05
 -9.265583265109471977e+05
 -9.265587483570594341e+05
 -9.265588323434279300e+05
 -9.265587592654759064e+05
 -9.265583152847881429e+05
 -9.265580479320324957e+05
 -9.265586778055275790e+05
 -9.265615762348850258e+05
 -9.265683324776929803e+05
 -9.265783265525163151e+05
 -9.265903630097252317e+05
 -9.266035563412611373e+05
 -9.266147367393216118e+05
 -9.266212651360984892e+05
 -9.266238902137582190e+05
 -9.266245127201066352e+05
 -9.266245068745831959e+05
 -9.266242864667507820e+05
 -9.266237764201397076e+05
 -9.266228470205888152e+05
 -9.266219812306039967e+05
 -9.266219137603784911e+05
 -9.266228552551656030e+05
 -9.266263322358136065e+05
 -9.266334919075076468e+05
 -9.266434732773546129e+05
 -9.266546695703458972e+05
 -9.266666768666775897e+05
 -9.266788273678012192e+05
 -9.266883610081989318e+05
 -9.266935171367186122e+05
 -9.266953678131327033e+05
 -9.266957130895014852e+05
 -9.266956410717680119e+05
 -9.266952633376102895e+05
 -9.266943655851581134e+05
 -9.266928753025908954e+05
 -9.266909001743337139e+05
 -9.266887018570527434e+05
 -9.266866920357840136e+05
 -9.266851159020648338e+05
 -9.266838639423702843e+05
 -9.266829244597037323e+05
 -9.266825563459610566e+05
 -9.266827336979829706e+05
 -9.266840465988307260e+05
 -9.266878147525861859e+05
 -9.266944150867122225e+05
 -9.267028223600764759e+05
 -9.267122331692050211e+05
 -9.267225686139450409e+05
 -9.267338169364789501e+05
 -9.267459235970843583e+05
 -9.267590227363305166e+05
 -9.267735832251827233e+05
 -9.267905055790366605e+05
 -9.268112876353296451e+05
 -9.268373206460801885e+05
 -9.268662231917362660e+05
 -9.268910326011874713e+05
 -9.269096787837911397e+05
 -9.269242499897768721e+05
 -9.269344487083856948e+05
 -9.269394699293249287e+05
 -9.269404978140261956e+05
 -9.269394280686718412e+05
 -9.269347153501883149e+05
 -9.269224347102073953e+05
 -9.268971003118972294e+05
 -9.268505244351802394e+05
 -9.267706695475103334e+05
 -9.266399460225701332e+05
 -9.264329456999441609e+05
 -9.261133181423372589e+05
 -9.256295004257531837e+05
 -9.249089471490657888e+05
 -9.238504009869867004e+05
 -9.223136195967216045e+05
 -9.201057981947199441e+05
 -9.169637067975471728e+05
 -9.125302651839484461e+05
 -9.063238848354830407e+05
 -8.976984073338005692e+05
 -8.857909322142177261e+05
 -8.694544355986849405e+05
 -8.471721887784912251e+05
 -8.169528199831349775e+05
 -7.762112239575106651e+05
 -7.216399540505032055e+05
 -6.490642156335283071e+05
 -5.534218715831846930e+05
 -4.291908152741598897e+05
 -2.710941192089170218e+05
 -7.578673217811621726e+04
 1.558479599836072885e+05
 4.181115361908762716e+05
 7.019631534660994075e+05
 9.969278358220891096e+05
 1.291706967341431417e+06
 1.575646906922568101e+06
 1.840095153765248135e+06
 2.078713081574873999e+06
 2.287825557300670538e+06
 2.466621539881769568e+06
 2.616587018104084302e+06
 2.740352001042225864e+06
 2.840886436043790542e+06
 2.921347309056032449e+06
 2.984970871520700864e+06
 3.034830479897547979e+06
 3.073647916843131650e+06
 3.103689912189828232e+06
 3.126788224301033653e+06
 3.144427049203037750e+06
 3.157803126056052279e+06
 3.167868069632429630e+06
 3.175371287019504234e+06
 3.180904082507292274e+06
 3.184929622768194880e+06
 3.187803285088892560e+06
 3.189801619056439027e+06
 3.191152208642440382e+06
 3.192028430352583993e+06
 3.192553868062565103e+06
 3.192837486793573946e+06
 3.192985529691628646e+06
 3.193057723006610759e+06
 3.193076523403643630e+06
 3.193046849941507913e+06
 3.192896169943857472e+06
 3.192502687896196730e+06
 3.191722624307946768e+06
 3.190380667306397576e+06
 3.188379395796043798e+06
 3.185827200079598930e+06
 3.183016899873895571e+06
 3.180244788666551933e+06
 3.177662720484748483e+06
 3.175310287237694953e+06
 3.173196639028334990e+06
 3.171308993418181781e+06
 3.169613085961228702e+06
 3.168067659384945408e+06
 3.166636646823811345e+06
 3.165292256298227701e+06
 3.164012790875170380e+06
 3.162779998354892712e+06
 3.161577705477201845e+06
 3.160391546478985809e+06
 3.159209222907085903e+06
 3.158020904858691152e+06
 3.156819604817151092e+06
 3.155601413250087760e+06
 3.154365464249426499e+06
 3.153113572288392577e+06
 3.151849561919384170e+06
 3.150578396783434320e+06
 3.149305274788337294e+06
 3.148034859821853228e+06
 3.146770767917750403e+06
 3.145515345907318871e+06
 3.144269706539603882e+06
 3.143033938089440577e+06
 3.141807395746199414e+06
 3.140588999996450264e+06
 3.139377497645474970e+06
 3.138171666787236463e+06
 3.136970459194696043e+06
 3.135773076031546108e+06
 3.134578976211854257e+06
 3.133387827971579507e+06
 3.132199429254111834e+06
 3.131013629612740595e+06
 3.129830276869425550e+06
 3.128649190025583841e+06
 3.127470142013363075e+06
 3.126292836119216401e+06
 3.125116876890850719e+06
 3.123941753487953916e+06
 3.122766854012706783e+06
 3.121591511729102582e+06
 3.120415063631639350e+06
 3.119236896988541353e+06
 3.118056474121083505e+06
 3.116873345016830601e+06
 </DataArray>
 <DataArray Name="T" type="Float32" NumberOfComponents="1" format="ascii">
 1.996937526386840034e+02
 1.996910494225147374e+02
 1.996883320595613043e+02
 1.996855789051725480e+02
 1.996827976696403653e+02
 1.996800233675129164e+02
 1.996773052483686115e+02
 1.996746884382944813e+02
 1.996721983770093232e+02
 1.996698337237710348e+02
 1.996675687494430065e+02
 1.996653623546214931e+02
 1.996631693328424149e+02
 1.996609501988212116e+02
 1.996586775965718630e+02
 1.996563388847880276e+02
 1.996539354840994349e+02
 1.996514801805728609e+02
 1.996489942976614884e+02
 1.996465063628764369e+02
 1.996440509140383028e+02
 1.996416635992096360e+02
 1.996393720490374619e+02
 1.996371873100566177e+02
 1.996350995841787892e+02
 1.996330773722449123e+02
 1.996310688516491609e+02
 1.996290074621784356e+02
 1.996268246377009064e+02
 1.996244700573198543e+02
 1.996219348522012353e+02
 1.996192676266867920e+02
 1.996165721519059559e+02
 1.996139826301968583e+02
 1.996116231308997726e+02
 1.996095677643176884e+02
 1.996078212091569810e+02
 1.996063262789321868e+02
 1.996049859339003660e+02
 1.996036817356044821e+02
 1.996022825119364370e+02
 1.996006536086579217e+02
 1.995986847187053002e+02
 1.995963388145526665e+02
 1.995936845752215447e+02
 1.995908723746711644e+02
 1.995880928247096904e+02
 1.995855550407855787e+02
 1.995834292596478008e+02
 1.995817692181973371e+02
 1.995805128243626712e+02
 1.995795537017380639e+02
 1.995788036253667315e+02
 1.995781906329839046e+02
 1.995776042867998683e+02
 1.995768534921407422e+02
 1.995756502426543193e+02
 1.995736788596973668e+02
 1.995708365990511481e+02
 1.995673662564935285e+02
 1.995635944966648481e+02
 1.995599037570650012e+02
 1.995568814999839447e+02
 1.995549060868722790e+02
 1.995538731764766567e+02
 1.995534457585305006e+02
 1.995533103741564105e+02
 1.995532834201516152e+02
 1.995533068732833328e+02
 1.995534493613742200e+02
 1.995535351637182373e+02
 1.995533330164757331e+02
 1.995524028146045907e+02
 1.995502345127681849e+02
 1.995470270835167526e+02
 1.995431641861866865e+02
 1.995389300096146030e+02
 1.995353418499857696e+02
 1.995332466714785369e+02
 1.995324041972091891e+02
 1.995322044143289872e+02
 1.995322062903505298e+02
 1.995322770265154304e+02
 1.995324407173469865e+02
 1.995327389924104864e+02
 1.995330168530608148e+02
 1.995330385064874861e+02
 1.995327363496628266e+02
 1.995316204715431638e+02
 1.995293226960286290e+02
 1.995261193442248953e+02
 1.995225260833903462e+02
 1.995186725447516949e+02
 1.995147730469583962e+02
 1.995117133863466563e+02
 1.995100586141231531e+02
 1.995094646708343760e+02
 1.995093538602237970e+02
 1.995093769730966073e+02
 1.995094982004837334e+02
 1.995097863189465386e+02
 1.995102645999260460e+02
 1.995108984839279742e+02
 1.995116039966736139e+02
 1.995122490148109478e+02
 1.995127548482668374e+02
 1.995131566435526906e+02
 1.995134581546217873e+02
 1.995135762945009503e+02
 1.995135193763690893e+02
 1.995130980230516116e+02
 1.995118886978466151e+02
 1.995097704322625702e+02
 1.995070722600958959e+02
 1.995040520201022218e+02
 1.995007350339488141e+02
 1.994971250751103469e+02
 1.994932396471887444e+02
 1.994890357000367374e+02
 1.994843621355852861e+02
 1.994789282238634485e+02
 1.994722518079560700e+02
 1.994638839995861304e+02
 1.994545854471198538e+02
 1.994465862667431395e+02
 1.994405446510608328e+02
 1.994357811305098949e+02
 1.994323771172155091e+02
 1.994305697703463522e+02
 1.994299474030067074e+02
 1.994298547395621028e+02
 1.994307187637916456e+02
 1.994336982448160427e+02
 1.994404069976034748e+02
 1.994532602702293502e+02
 1.994757939260998114e+02
 1.995131818489918771e+02
 1.995729182672054947e+02
 1.996657483993190567e+02
 1.998069256579439354e+02
 2.000179118625069350e+02
 2.003286538237833270e+02
 2.007806045571538789e+02
 2.014307077336131613e+02
 2.023566258442123740e+02
 2.036635754468022697e+02
 2.054932429689978335e+02
 2.080353953243828187e+02
 2.115429556218159917e+02
 2.163514539409185318e+02
 2.229038574709165346e+02
 2.317816681790500297e+02
 2.437425112825087012e+02
 2.597682986085808352e+02
 2.811410803053876748e+02
 3.095362723924275770e+02
 3.471015481147877040e+02
 3.966927955856750145e+02
 4.620062004209627275e+02
 5.471274126737482675e+02
 6.556908674057291364e+02
 7.904366645267724607e+02
 9.530591504196588630e+02
 1.143237125459765139e+03
 1.357916325031951146e+03
 1.590788864247730544e+03
 1.831987351217869445e+03
 2.068912197269604349e+03
 2.288517533935707888e+03
 2.480218665119698926e+03
 2.638263207034595780e+03
 2.762889458538964846e+03
 2.859134887630629692e+03
 2.933278106791044593e+03
 2.990375193298283648e+03
 3.034192107430705164e+03
 3.067662066809253702e+03
 3.093120717328422870e+03
 3.112436931745114180e+03
 3.127087467038168143e+03
 3.138217033248200096e+03
 3.146700135457712804e+03
 3.153203079325964609e+03
 3.158226519414277845e+03
 3.162135337080029331e+03
 3.165195998994514866e+03
 3.167613575294535622e+03
 3.169530487739810269e+03
 3.171031657291912325e+03
 3.172186556349566672e+03
 3.173073734967603286e+03
 3.173740728345108437e+03
 3.174254773115689204e+03
 3.174770451753309317e+03
 3.175459828260072300e+03
 3.176459303570800785e+03
 3.177866410057129087e+03
 3.179688841125556792e+03
 3.181711968302954119e+03
 3.183488742656766135e+03
 3.184858649959674040e+03
 3.185983876967236029e+03
 3.187018889657638738e+03
 3.188058146960093381e+03
 3.189147460760640115e+03
 3.190298756007297015e+03
 3.191506427135642753e+03
 3.192760262233053254e+03
 3.194051794206625800e+03
 3.195375145001455621e+03
 3.196726536191440118e+03
 3.198103642133768062e+03
 3.199505129355919962e+03
 3.200930316476616099e+03
 3.202378890360807418e+03
 3.203850683458577350e+03
 3.205345510366432791e+03
 3.206863242255494697e+03
 3.208403912731450873e+03
 3.209967795729624413e+03
 3.211555408313728549e+03
 3.213167425423303030e+03
 3.214804542680764371e+03
 3.216467346974840439e+03
 3.218156243444771007e+03
 3.219871455472346497e+03
 3.221613081770412464e+03
 3.223381176109518947e+03
 3.225175815757831060e+03
 3.226997140365431733e+03
 3.228845362729771750e+03
 3.230720764336202137e+03
 3.232623686456163341e+03
 3.234554517529645636e+03
 3.236513671201130364e+03
 3.238501553957239594e+03
 3.240518532956657964e+03
 3.242564921424890599e+03
 3.244640991613090591e+03
 3.246747007025436233e+03
 3.248883251380017100e+03
 3.251050034962755035e+03
 3.253247677932947681e+03
 3.255476488628359675e+03
 3.257736756946643254e+03
 3.260028767105564384e+03
 3.262352815584481959e+03
 3.264709216586961702e+03
 3.267098292251037492e+03
 3.269520363204280329e+03
 1.996937526386825539e+02
 1.996910494225130890e+02
 1.996883320595588316e+02
 1.996855789051708996e+02
 1.996827976696394273e+02
 1.996800233675118648e+02
 1.996773052483677020e+02
 1.996746884382937708e+02
 1.996721983770090105e+02
 1.996698337237720864e+02
 1.996675687494421254e+02
 1.996653623546200436e+02
 1.996631693328406243e+02
 1.996609501988200179e+02
 1.996586775965710956e+02
 1.996563388847865781e+02
 1.996539354840984117e+02
 1.996514801805707862e+02
 1.996489942976600105e+02
 1.996465063628768348e+02
 1.996440509140387292e+02
 1.996416635992106592e+02
 1.996393720490406167e+02
 1.996371873100584082e+02
 1.996350995841797840e+02
 1.996330773722455376e+02
 1.996310688516488483e+02
 1.996290074621791746e+02
 1.996268246377007642e+02
 1.996244700573192858e+02
 1.996219348522005248e+02
 1.996192676266854562e+02
 1.996165721519056717e+02
 1.996139826301960909e+02
 1.996116231308999147e+02
 1.996095677643175179e+02
 1.996078212091565547e+02
 1.996063262789324710e+02
 1.996049859339011334e+02
 1.996036817356052211e+02
 1.996022825119373465e+02
 1.996006536086583480e+02
 1.995986847187047033e+02
 1.995963388145514728e+02
 1.995936845752206352e+02
 1.995908723746721876e+02
 1.995880928247110262e+02
 1.995855550407886767e+02
 1.995834292596494777e+02
 1.995817692181986729e+02
 1.995805128243649165e+02
 1.995795537017395134e+02
 1.995788036253667315e+02
 1.995781906329840751e+02
 1.995776042867997262e+02
 1.995768534921389801e+02
 1.995756502426522445e+02
 1.995736788596943825e+02
 1.995708365990485618e+02
 1.995673662564892368e+02
 1.995635944966607838e+02
 1.995599037570610506e+02
 1.995568814999788856e+02
 1.995549060868707443e+02
 1.995538731764735303e+02
 1.995534457585297332e+02
 1.995533103741560979e+02
 1.995532834201518995e+02
 1.995533068732843276e+02
 1.995534493613755842e+02
 1.995535351637198573e+02
 1.995533330164767847e+02
 1.995524028146053297e+02
 1.995502345127671333e+02
 1.995470270835158431e+02
 1.995431641861875391e+02
 1.995389300096141199e+02
 1.995353418499881570e+02
 1.995332466714792474e+02
 1.995324041972110933e+02
 1.995322044143291578e+02
 1.995322062903510130e+02
 1.995322770265163399e+02
 1.995324407173480097e+02
 1.995327389924118222e+02
 1.995330168530614117e+02
 1.995330385064889640e+02
 1.995327363496637076e+02
 1.995316204715425670e+02
 1.995293226960278616e+02
 1.995261193442238437e+02
 1.995225260833886693e+02
 1.995186725447507001e+02
 1.995147730469572025e+02
 1.995117133863459173e+02
 1.995100586141204246e+02
 1.995094646708320170e+02
 1.995093538602222907e+02
 1.995093769730955557e+02
 1.995094982004835913e+02
 1.995097863189464249e+02
 1.995102645999262450e+02
 1.995108984839284005e+02
 1.995116039966722212e+02
 1.995122490148096404e+02
 1.995127548482643363e+02
 1.995131566435497064e+02
 1.995134581546189168e+02
 1.995135762944974829e+02
 1.995135193763661619e+02
 1.995130980230486273e+02
 1.995118886978441708e+02
 1.995097704322600123e+02
 1.995070722600941053e+02
 1.995040520201008576e+02
 1.995007350339495531e+02
 1.994971250751128764e+02
 1.994932396471920697e+02
 1.994890357000406595e+02
 1.994843621355897199e+02
 1.994789282238674843e+02
 1.994722518079586564e+02
 1.994638839995873809e+02
 1.994545854471210760e+02
 1.994465862667416332e+02
 1.994405446510600655e+02
 1.994357811305096106e+02
 1.994323771172147985e+02
 1.994305697703447038e+02
 1.994299474030048884e+02
 1.994298547395606249e+02
 1.994307187637901393e+02
 1.994336982448145363e+02
 1.994404069976022527e+02
 1.994532602702269344e+02
 1.994757939260981914e+02
 1.995131818489904845e+02
 1.995729182672049831e+02
 1.996657483993177777e+02
 1.998069256579427133e+02
 2.000179118625050307e+02
 2.003286538237803427e+02
 2.007806045571498430e+02
 2.014307077336088412e+02
 2.023566258442074002e+02
 2.036635754467970116e+02
 2.054932429689934281e+02
 2.080353953243794933e+02
 2.115429556218130358e+02
 2.163514539409162580e+02
 2.229038574709142893e+02
 2.317816681790490350e+02
 2.437425112825078486e+02
 2.597682986085799257e+02
 2.811410803053859127e+02
 3.095362723924224611e+02
 3.471015481147795754e+02
 3.966927955856654080e+02
 4.620062004209543147e+02
 5.471274126737464485e+02
 6.556908674057441431e+02
 7.904366645268115690e+02
 9.530591504197279846e+02
 1.143237125459870867e+03
 1.357916325032094164e+03
 1.590788864247895162e+03
 1.831987351218042477e+03
 2.068912197269771241e+03
 2.288517533935856591e+03
 2.480218665119823527e+03
 2.638263207034703555e+03
 2.762889458539025327e+03
 2.859134887630683352e+03
 2.933278106791069604e+03
 2.990375193298314571e+03
 3.034192107430696979e+03
 3.067662066809261432e+03
 3.093120717328436058e+03
 3.112436931745100082e+03
 3.127087467038165869e+03
 3.138217033248198732e+03
 3.146700135457695978e+03
 3.153203079325953240e+03
 3.158226519414252380e+03
 3.162135337080012050e+03
 3.165195998994506681e+03
 3.167613575294516068e+03
 3.169530487739795717e+03
 3.171031657291897773e+03
 3.172186556349552575e+03
 3.173073734967591463e+03
 3.173740728345097068e+03
 3.174254773115681473e+03
 3.174770451753302950e+03
 3.175459828260065478e+03
 3.176459303570792144e+03
 3.177866410057120902e+03
 3.179688841125547242e+03
 3.181711968302944570e+03
 3.183488742656757040e+03
 3.184858649959674494e+03
 3.185983876967232391e+03
 3.187018889657632826e+03
 3.188058146960092017e+03
 3.189147460760644208e+03
 3.190298756007303837e+03
 3.191506427135648664e+03
 3.192760262233059166e+03
 3.194051794206628983e+03
 3.195375145001459714e+03
 3.196726536191442847e+03
 3.198103642133770791e+03
 3.199505129355917688e+03
 3.200930316476612006e+03
 3.202378890360809692e+03
 3.203850683458578260e+03
 3.205345510366435974e+03
 3.206863242255500154e+03
 3.208403912731455875e+03
 3.209967795729631234e+03
 3.211555408313733551e+03
 3.213167425423308032e+03
 3.214804542680765735e+03
 3.216467346974837255e+03
 3.218156243444764641e+03
 3.219871455472339676e+03
 3.221613081770403369e+03
 3.223381176109507578e+03
 3.225175815757828332e+03
 3.226997140365428095e+03
 3.228845362729772660e+03
 3.230720764336206230e+03
 3.232623686456164705e+03
 3.234554517529648365e+03
 3.236513671201138095e+03
 3.238501553957249143e+03
 3.240518532956666149e+03
 3.242564921424891054e+03
 3.244640991613088772e+03
 3.246747007025443963e+03
 3.248883251380022557e+03
 3.251050034962756854e+03
 3.253247677932950410e+03
 3.255476488628360130e+03
 3.257736756946640526e+03
 3.260028767105559837e+03
 3.262352815584477867e+03
 3.264709216586956700e+03
 3.267098292251030216e+03
 3.269520363204274872e+03
 </DataArray>
 <DataArray Name="vel.vector" type="Float32" NumberOfComponents="3" format="ascii">
 2.498292480468750000e+03 3.094591098130872187e-13 0.000000000000000000e+00
 2.498310791015625000e+03 6.401345789162557476e-14 0.000000000000000000e+00
 2.498328369140625000e+03 -1.073001279841556688e-13 0.000000000000000000e+00
 2.498345214843750000e+03 -2.044793506609035583e-13 0.000000000000000000e+00
 2.498361816406250000e+03 -1.811407604858719655e-13 0.000000000000000000e+00
 2.498377929687500000e+03 -4.042832353070256735e-14 0.000000000000000000e+00
 2.498393798828125000e+03 2.278548782486990165e-14 0.000000000000000000e+00
 2.498409423828125000e+03 7.987798519414751608e-15 0.000000000000000000e+00
 2.498425292968750000e+03 -2.455707349708485809e-13 0.000000000000000000e+00
 2.498440917968750000e+03 -4.328296889736377162e-13 0.000000000000000000e+00
 2.498456542968750000e+03 -4.292490028787870893e-13 0.000000000000000000e+00
 2.498471679687500000e+03 -3.642290191240710184e-13 0.000000000000000000e+00
 2.498486572265625000e+03 -1.555934878551615275e-13 0.000000000000000000e+00
 2.498501220703125000e+03 6.116820645916259958e-14 0.000000000000000000e+00
 2.498515625000000000e+03 6.722594215243654636e-14 0.000000000000000000e+00
 2.498530273437500000e+03 6.184699833430146176e-14 0.000000000000000000e+00
 2.498544677734375000e+03 3.081410316794694348e-14 0.000000000000000000e+00
 2.498559570312500000e+03 5.523535730363182683e-14 0.000000000000000000e+00
 2.498574462890625000e+03 9.882964943381394862e-14 0.000000000000000000e+00
 2.498589355468750000e+03 1.809264543739530495e-13 0.000000000000000000e+00
 2.498604248046875000e+03 2.321584493657907755e-13 0.000000000000000000e+00
 2.498618896484375000e+03 1.204951530263745352e-13 0.000000000000000000e+00
 2.498633300781250000e+03 5.772533601296203631e-14 0.000000000000000000e+00
 2.498647949218750000e+03 1.223916936765948038e-13 0.000000000000000000e+00
 2.498662353515625000e+03 1.212005078547392922e-13 0.000000000000000000e+00
 2.498676757812500000e+03 1.473879476581937964e-13 0.000000000000000000e+00
 2.498691406250000000e+03 1.544525005938920947e-13 0.000000000000000000e+00
 2.498706298828125000e+03 6.513149394815620497e-14 0.000000000000000000e+00
 2.498720947265625000e+03 -7.347892232818439839e-14 0.000000000000000000e+00
 2.498735595703125000e+03 -3.119408756909608504e-13 0.000000000000000000e+00
 2.498750000000000000e+03 -5.252310088590950166e-13 0.000000000000000000e+00
 2.498764160156250000e+03 -6.704912233063131666e-13 0.000000000000000000e+00
 2.498777832031250000e+03 -8.935536230207652419e-13 0.000000000000000000e+00
 2.498791259765625000e+03 -1.030501096781211157e-12 0.000000000000000000e+00
 2.498804687500000000e+03 -1.142872797267602269e-12 0.000000000000000000e+00
 2.498817871093750000e+03 -1.105732150806504333e-12 0.000000000000000000e+00
 2.498831298828125000e+03 -9.376367954630482338e-13 0.000000000000000000e+00
 2.498844482421875000e+03 -7.225331444260518765e-13 0.000000000000000000e+00
 2.498857421875000000e+03 -4.834078558453580587e-13 0.000000000000000000e+00
 2.498870117187500000e+03 -3.205088917792447978e-13 0.000000000000000000e+00
 2.498882568359375000e+03 -2.788527872152335441e-13 0.000000000000000000e+00
 2.498894531250000000e+03 -2.655792523831995711e-13 0.000000000000000000e+00
 2.498906250000000000e+03 -2.990317683141535676e-13 0.000000000000000000e+00
 2.498918212890625000e+03 -2.804628545464288303e-13 0.000000000000000000e+00
 2.498930175781250000e+03 -3.860049216028449415e-13 0.000000000000000000e+00
 2.498942138671875000e+03 -6.041183178706610590e-13 0.000000000000000000e+00
 2.498954101562500000e+03 -6.591397891907158080e-13 0.000000000000000000e+00
 2.498966064453125000e+03 -5.634671331952723072e-13 0.000000000000000000e+00
 2.498977783203125000e+03 -3.236006297993587744e-13 0.000000000000000000e+00
 2.498989501953125000e+03 -2.340352846415261201e-13 0.000000000000000000e+00
 2.499001220703125000e+03 -4.161593216301523457e-13 0.000000000000000000e+00
 2.499012695312500000e+03 -4.460040735169978898e-13 0.000000000000000000e+00
 2.499023925781250000e+03 -4.621477896551984266e-13 0.000000000000000000e+00
 2.499035400390625000e+03 -6.929826179037645861e-13 0.000000000000000000e+00
 2.499047119140625000e+03 -1.011610933909778964e-12 0.000000000000000000e+00
 2.499058105468750000e+03 -1.034661072096820789e-12 0.000000000000000000e+00
 2.499068603515625000e+03 -9.767225006215851657e-13 0.000000000000000000e+00
 2.499079589843750000e+03 -4.707289787998780728e-13 0.000000000000000000e+00
 2.499091064453125000e+03 -3.401463409980626240e-13 0.000000000000000000e+00
 2.499103027343750000e+03 -9.741247352756509520e-15 0.000000000000000000e+00
 2.499113769531250000e+03 1.758316121825906353e-13 0.000000000000000000e+00
 2.499123779296875000e+03 1.249207443217159597e-13 0.000000000000000000e+00
 2.499133300781250000e+03 -2.855646898418037760e-14 0.000000000000000000e+00
 2.499143554687500000e+03 -3.548332417821487006e-13 0.000000000000000000e+00
 2.499154296875000000e+03 -5.654176671136823540e-13 0.000000000000000000e+00
 2.499165039062500000e+03 -8.988751583338672191e-13 0.000000000000000000e+00
 2.499175537109375000e+03 -1.202499796786049568e-12 0.000000000000000000e+00
 2.499185791015625000e+03 -1.352580048831486526e-12 0.000000000000000000e+00
 2.499195800781250000e+03 -1.296523869168120235e-12 0.000000000000000000e+00
 2.499206298828125000e+03 -9.696969789640963455e-13 0.000000000000000000e+00
 2.499215332031250000e+03 -5.972598175578436308e-13 0.000000000000000000e+00
 2.499222656250000000e+03 -3.356688299711862999e-13 0.000000000000000000e+00
 2.499230468750000000e+03 -1.709638561362553100e-13 0.000000000000000000e+00
 2.499240722656250000e+03 3.811754311169347764e-14 0.000000000000000000e+00
 2.499252685546875000e+03 1.040145481681284401e-13 0.000000000000000000e+00
 2.499262939453125000e+03 9.221849629412193217e-14 0.000000000000000000e+00
 2.499270751953125000e+03 5.082716406502700568e-14 0.000000000000000000e+00
 2.499278076171875000e+03 -3.915583677606415680e-13 0.000000000000000000e+00
 2.499287109375000000e+03 -7.300179341238055564e-13 0.000000000000000000e+00
 2.499297363281250000e+03 -9.367341971544540513e-13 0.000000000000000000e+00
 2.499307617187500000e+03 -9.193559542125528949e-13 0.000000000000000000e+00
 2.499317138671875000e+03 -8.523150176083238438e-13 0.000000000000000000e+00
 2.499326171875000000e+03 -7.156224939887378955e-13 0.000000000000000000e+00
 2.499334716796875000e+03 -5.680980317245010180e-13 0.000000000000000000e+00
 2.499343994140625000e+03 -4.097534486192933034e-13 0.000000000000000000e+00
 2.499353271484375000e+03 -2.904822107678561860e-13 0.000000000000000000e+00
 2.499361083984375000e+03 -2.363892772933723352e-13 0.000000000000000000e+00
 2.499367675781250000e+03 -2.905443084472852933e-13 0.000000000000000000e+00
 2.499375488281250000e+03 -3.405453002924829775e-13 0.000000000000000000e+00
 2.499385253906250000e+03 -3.168184302144300135e-13 0.000000000000000000e+00
 2.499395507812500000e+03 -3.554235085499041213e-13 0.000000000000000000e+00
 2.499405029296875000e+03 -2.919668088026405872e-13 0.000000000000000000e+00
 2.499413330078125000e+03 -3.835206349549202809e-13 0.000000000000000000e+00
 2.499419677734375000e+03 -3.997621461290790101e-13 0.000000000000000000e+00
 2.499426025390625000e+03 -4.471640343162858189e-13 0.000000000000000000e+00
 2.499434082031250000e+03 -4.740236523616270237e-13 0.000000000000000000e+00
 2.499443115234375000e+03 -5.831549978151107094e-13 0.000000000000000000e+00
 2.499452148437500000e+03 -7.012525868148322683e-13 0.000000000000000000e+00
 2.499460205078125000e+03 -7.553291217314572759e-13 0.000000000000000000e+00
 2.499468017578125000e+03 -7.519083554570482608e-13 0.000000000000000000e+00
 2.499475585937500000e+03 -7.087449117176847224e-13 0.000000000000000000e+00
 2.499482910156250000e+03 -8.093332319429602517e-13 0.000000000000000000e+00
 2.499489990234375000e+03 -8.497063187611064716e-13 0.000000000000000000e+00
 2.499497558593750000e+03 -5.439289968954541532e-13 0.000000000000000000e+00
 2.499504638671875000e+03 -5.163029292293286332e-13 0.000000000000000000e+00
 2.499511718750000000e+03 -4.892010733135998546e-13 0.000000000000000000e+00
 2.499518798828125000e+03 -4.039972837602961997e-13 0.000000000000000000e+00
 2.499526367187500000e+03 -3.890950062146458777e-13 0.000000000000000000e+00
 2.499533447265625000e+03 -5.113586962722516116e-13 0.000000000000000000e+00
 2.499539306640625000e+03 -6.156845324366277961e-13 0.000000000000000000e+00
 2.499544921875000000e+03 -5.827672871182298930e-13 0.000000000000000000e+00
 2.499551757812500000e+03 -4.926055223453129628e-13 0.000000000000000000e+00
 2.499559814453125000e+03 -4.685959194457300914e-13 0.000000000000000000e+00
 2.499568115234375000e+03 -5.121994950570141203e-13 0.000000000000000000e+00
 2.499575439453125000e+03 -4.361145234006713611e-13 0.000000000000000000e+00
 2.499582275390625000e+03 -2.147377463563096556e-13 0.000000000000000000e+00
 2.499589111328125000e+03 5.973983785954872783e-14 0.000000000000000000e+00
 2.499595947265625000e+03 3.984441899682056309e-13 0.000000000000000000e+00
 2.499602783203125000e+03 7.323256584479409526e-13 0.000000000000000000e+00
 2.499609863281250000e+03 9.566947928307811821e-13 0.000000000000000000e+00
 2.499616943359375000e+03 1.189031728979217384e-12 0.000000000000000000e+00
 2.499623779296875000e+03 1.596151921572086518e-12 0.000000000000000000e+00
 2.499629882812500000e+03 1.782160898890217116e-12 0.000000000000000000e+00
 2.499635742187500000e+03 1.688634150044665549e-12 0.000000000000000000e+00
 2.499644042968750000e+03 1.605419031221189119e-12 0.000000000000000000e+00
 2.499652832031250000e+03 1.425048989402155630e-12 0.000000000000000000e+00
 2.499657470703125000e+03 1.262286824545155728e-12 0.000000000000000000e+00
 2.499661132812500000e+03 1.139972448035986297e-12 0.000000000000000000e+00
 2.499666259765625000e+03 9.759826410590810575e-13 0.000000000000000000e+00
 2.499674316406250000e+03 7.744481054713925339e-13 0.000000000000000000e+00
 2.499682617187500000e+03 5.810271968414992827e-13 0.000000000000000000e+00
 2.499689453125000000e+03 4.128691204023648975e-13 0.000000000000000000e+00
 2.499695556640625000e+03 2.522473874742858779e-13 0.000000000000000000e+00
 2.499701171875000000e+03 1.559278151475745888e-13 0.000000000000000000e+00
 2.499706787109375000e+03 9.087283199147797030e-14 0.000000000000000000e+00
 2.499712402343750000e+03 4.730022390474555860e-14 0.000000000000000000e+00
 2.499718017578125000e+03 3.865306444600195845e-14 0.000000000000000000e+00
 2.499723876953125000e+03 8.165733714204925775e-14 0.000000000000000000e+00
 2.499729492187500000e+03 1.231298591732044034e-13 0.000000000000000000e+00
 2.499735107421875000e+03 1.386797713340617855e-13 0.000000000000000000e+00
 2.499740966796875000e+03 8.490682657825987523e-14 0.000000000000000000e+00
 2.499747070312500000e+03 5.891268646963238043e-14 0.000000000000000000e+00
 2.499753417968750000e+03 6.021093047975725754e-14 0.000000000000000000e+00
 2.499760986328125000e+03 1.097419139069188976e-13 0.000000000000000000e+00
 2.499770019531250000e+03 1.579144801033827150e-13 0.000000000000000000e+00
 2.499781982421875000e+03 1.384498527108590782e-13 0.000000000000000000e+00
 2.499799072265625000e+03 8.198545737702483960e-14 0.000000000000000000e+00
 2.499825439453125000e+03 6.220306388027285749e-14 0.000000000000000000e+00
 2.499866699218750000e+03 1.589635812305340012e-13 0.000000000000000000e+00
 2.499931640625000000e+03 3.410840403519910247e-13 0.000000000000000000e+00
 2.500032714843750000e+03 5.049031396968384211e-13 0.000000000000000000e+00
 2.500185058593750000e+03 5.504306862733066019e-13 0.000000000000000000e+00
 2.500397216796875000e+03 5.839397433475557175e-13 0.000000000000000000e+00
 2.500666015625000000e+03 6.009962492947718005e-13 0.000000000000000000e+00
 2.501021240234375000e+03 5.028803979137408398e-13 0.000000000000000000e+00
 2.501461425781250000e+03 3.288184340696082009e-13 0.000000000000000000e+00
 2.501676269531250000e+03 1.298716586746809232e-13 0.000000000000000000e+00
 2.501614257812500000e+03 6.078933200998754005e-14 0.000000000000000000e+00
 2.501205566406250000e+03 5.451808641576509629e-14 0.000000000000000000e+00
 2.500377441406250000e+03 3.037374496882294661e-13 0.000000000000000000e+00
 2.499291748046875000e+03 7.410590153675289393e-13 0.000000000000000000e+00
 2.498306640625000000e+03 1.466160960000850721e-12 0.000000000000000000e+00
 2.497944335937500000e+03 2.277192106756031897e-12 0.000000000000000000e+00
 2.497968505859375000e+03 2.526679820230581797e-12 0.000000000000000000e+00
 2.498202392578125000e+03 2.298687715868164005e-12 0.000000000000000000e+00
 2.498683349609375000e+03 2.254578034682763743e-12 0.000000000000000000e+00
 2.499321289062500000e+03 2.173922934028960086e-12 0.000000000000000000e+00
 2.499955322265625000e+03 2.156630993579988775e-12 0.000000000000000000e+00
 2.500518798828125000e+03 2.142428378801297661e-12 0.000000000000000000e+00
 2.501075927734375000e+03 2.082614029147444867e-12 0.000000000000000000e+00
 2.501635253906250000e+03 1.888158249543914202e-12 0.000000000000000000e+00
 2.502082519531250000e+03 2.022421292935394632e-12 0.000000000000000000e+00
 2.502369384765625000e+03 1.875777961776736724e-12 0.000000000000000000e+00
 2.502515869140625000e+03 1.903322985330468953e-12 0.000000000000000000e+00
 2.502559814453125000e+03 1.666482056517093469e-12 0.000000000000000000e+00
 2.502560546875000000e+03 2.090529789208761535e-12 0.000000000000000000e+00
 2.502545166015625000e+03 2.026463198634420593e-12 0.000000000000000000e+00
 2.502509521484375000e+03 2.055261126218677070e-12 0.000000000000000000e+00
 2.502456054687500000e+03 2.058658582146377647e-12 0.000000000000000000e+00
 2.502391113281250000e+03 1.704653020302704380e-12 0.000000000000000000e+00
 2.502318115234375000e+03 1.652321508782694792e-12 0.000000000000000000e+00
 2.502237060546875000e+03 1.732345278511460140e-12 0.000000000000000000e+00
 2.502151367187500000e+03 1.706919544944285327e-12 0.000000000000000000e+00
 2.502066162109375000e+03 1.789192275239437357e-12 0.000000000000000000e+00
 2.501977050781250000e+03 1.600472358809224005e-12 0.000000000000000000e+00
 2.501879150390625000e+03 1.321055461203646253e-12 0.000000000000000000e+00
 2.501783447265625000e+03 1.078545998171864806e-12 0.000000000000000000e+00
 2.501695800781250000e+03 8.369677563860311587e-13 0.000000000000000000e+00
 2.501599121093750000e+03 6.016405906458799357e-13 0.000000000000000000e+00
 2.501486328125000000e+03 4.572714819642276218e-13 0.000000000000000000e+00
 2.501389648437500000e+03 2.886783694033834280e-13 0.000000000000000000e+00
 2.501312011718750000e+03 1.224604049892760727e-13 0.000000000000000000e+00
 2.501215820312500000e+03 8.415836793727524134e-14 0.000000000000000000e+00
 2.501081298828125000e+03 1.165481692275496806e-13 0.000000000000000000e+00
 2.500953613281250000e+03 2.439296323524658971e-13 0.000000000000000000e+00
 2.500850830078125000e+03 5.095741537064490956e-13 0.000000000000000000e+00
 2.500737792968750000e+03 7.366807359444893510e-13 0.000000000000000000e+00
 2.500611816406250000e+03 9.688024037515785558e-13 0.000000000000000000e+00
 2.500523193359375000e+03 1.100649194181457791e-12 0.000000000000000000e+00
 2.500436767578125000e+03 1.094895766932946213e-12 0.000000000000000000e+00
 2.500327392578125000e+03 1.052943322810140359e-12 0.000000000000000000e+00
 2.500209472656250000e+03 9.735159726964592863e-13 0.000000000000000000e+00
 2.500080322265625000e+03 8.426779239678605649e-13 0.000000000000000000e+00
 2.499945556640625000e+03 7.701942382476456572e-13 0.000000000000000000e+00
 2.499817138671875000e+03 7.356925940844860623e-13 0.000000000000000000e+00
 2.499693603515625000e+03 7.018888508597553866e-13 0.000000000000000000e+00
 2.499569580078125000e+03 6.273414947244315698e-13 0.000000000000000000e+00
 2.499441894531250000e+03 5.808857084579899244e-13 0.000000000000000000e+00
 2.499310302734375000e+03 5.801660150558940465e-13 0.000000000000000000e+00
 2.499175781250000000e+03 5.632583158568515991e-13 0.000000000000000000e+00
 2.499038818359375000e+03 5.406646809945347965e-13 0.000000000000000000e+00
 2.498899658203125000e+03 4.617959660502268804e-13 0.000000000000000000e+00
 2.498758056640625000e+03 3.934595704802035243e-13 0.000000000000000000e+00
 2.498614501953125000e+03 3.465995123286963464e-13 0.000000000000000000e+00
 2.498468261718750000e+03 3.015874767801907108e-13 0.000000000000000000e+00
 2.498319824218750000e+03 2.623672763421569520e-13 0.000000000000000000e+00
 2.498168945312500000e+03 2.050357496632959631e-13 0.000000000000000000e+00
 2.498015625000000000e+03 1.542416774814522884e-13 0.000000000000000000e+00
 2.497859863281250000e+03 2.091624941823189143e-13 0.000000000000000000e+00
 2.497701904296875000e+03 2.981433730540189453e-13 0.000000000000000000e+00
 2.497541259765625000e+03 2.538587558480881468e-13 0.000000000000000000e+00
 2.497378417968750000e+03 1.477748994135538729e-13 0.000000000000000000e+00
 2.497212890625000000e+03 8.120501477195188333e-14 0.000000000000000000e+00
 2.497044921875000000e+03 2.902838873206190114e-15 0.000000000000000000e+00
 2.496874267578125000e+03 -1.491628814822426596e-13 0.000000000000000000e+00
 2.496700683593750000e+03 -3.466925368750956027e-13 0.000000000000000000e+00
 2.496524414062500000e+03 -4.262075447344221280e-13 0.000000000000000000e+00
 2.496345458984375000e+03 -4.532506368924021922e-13 0.000000000000000000e+00
 2.496163818359375000e+03 -3.923043259603659072e-13 0.000000000000000000e+00
 2.495979492187500000e+03 -2.367676096414611520e-13 0.000000000000000000e+00
 2.495792236328125000e+03 -1.076445315805092673e-13 0.000000000000000000e+00
 2.495602539062500000e+03 -8.959219271412882657e-14 0.000000000000000000e+00
 2.495409912109375000e+03 -1.533360298542479905e-13 0.000000000000000000e+00
 2.495214355468750000e+03 -3.384544977180076186e-13 0.000000000000000000e+00
 2.495016113281250000e+03 -4.467954597877493716e-13 0.000000000000000000e+00
 2.494814453125000000e+03 -4.417527541683563541e-13 0.000000000000000000e+00
 2.494609619140625000e+03 -4.177701207978140596e-13 0.000000000000000000e+00
 2.494401611328125000e+03 -2.522453003851038433e-13 0.000000000000000000e+00
 2.494190185546875000e+03 -1.485794858457553658e-13 0.000000000000000000e+00
 2.493975830078125000e+03 -1.558951806621827751e-13 0.000000000000000000e+00
 2.493758056640625000e+03 -2.650403361408384950e-14 0.000000000000000000e+00
 2.493537353515625000e+03 1.866086901973137979e-13 0.000000000000000000e+00
 2.493313232421875000e+03 4.416728755732984846e-13 0.000000000000000000e+00
 2.493085937500000000e+03 5.639293285814028778e-13 0.000000000000000000e+00
 2.492855224609375000e+03 5.370636118988414420e-13 0.000000000000000000e+00
 2.492621093750000000e+03 3.924173811419018332e-13 0.000000000000000000e+00
 2.492383300781250000e+03 2.122168407800092971e-13 0.000000000000000000e+00
 2.492142089843750000e+03 7.092372208191560778e-14 0.000000000000000000e+00
 2.491896972656250000e+03 9.392958416273855526e-14 0.000000000000000000e+00
 2.491648437500000000e+03 5.963227822777458775e-14 0.000000000000000000e+00
 2.498292480468750000e+03 3.792879367785911837e-13 0.000000000000000000e+00
 2.498310791015625000e+03 1.286982266633998617e-13 0.000000000000000000e+00
 2.498328369140625000e+03 -4.227200932501416764e-14 0.000000000000000000e+00
 2.498345214843750000e+03 -1.369795932498057978e-13 0.000000000000000000e+00
 2.498361816406250000e+03 -1.130771095248644942e-13 0.000000000000000000e+00
 2.498377929687500000e+03 2.837622884333413503e-14 0.000000000000000000e+00
 2.498393798828125000e+03 8.987882188721610377e-14 0.000000000000000000e+00
 2.498409423828125000e+03 6.615868063889612793e-14 0.000000000000000000e+00
 2.498425292968750000e+03 -1.834666858539779621e-13 0.000000000000000000e+00
 2.498440917968750000e+03 -3.894054404016827897e-13 0.000000000000000000e+00
 2.498456542968750000e+03 -4.005825077028901671e-13 0.000000000000000000e+00
 2.498471679687500000e+03 -3.085581649128060766e-13 0.000000000000000000e+00
 2.498486572265625000e+03 -8.981585684604900810e-14 0.000000000000000000e+00
 2.498501220703125000e+03 1.293395864585336619e-13 0.000000000000000000e+00
 2.498515625000000000e+03 1.358334018181084346e-13 0.000000000000000000e+00
 2.498530273437500000e+03 1.287527484801487265e-13 0.000000000000000000e+00
 2.498544677734375000e+03 8.989870344455405671e-14 0.000000000000000000e+00
 2.498559570312500000e+03 1.213199191715114145e-13 0.000000000000000000e+00
 2.498574462890625000e+03 1.697776034342846074e-13 0.000000000000000000e+00
 2.498589355468750000e+03 2.527851788568930003e-13 0.000000000000000000e+00
 2.498604248046875000e+03 2.991920133952469252e-13 0.000000000000000000e+00
 2.498618896484375000e+03 1.754284516047519005e-13 0.000000000000000000e+00
 2.498633300781250000e+03 1.035886871073032900e-13 0.000000000000000000e+00
 2.498647949218750000e+03 1.784033261831990957e-13 0.000000000000000000e+00
 2.498662353515625000e+03 1.876897210784447823e-13 0.000000000000000000e+00
 2.498676757812500000e+03 2.164048020641962111e-13 0.000000000000000000e+00
 2.498691406250000000e+03 2.070579086877258335e-13 0.000000000000000000e+00
 2.498706298828125000e+03 9.671905339342715124e-14 0.000000000000000000e+00
 2.498720947265625000e+03 -4.309628757917342845e-14 0.000000000000000000e+00
 2.498735595703125000e+03 -2.748364144773696172e-13 0.000000000000000000e+00
 2.498750000000000000e+03 -4.876887197031998245e-13 0.000000000000000000e+00
 2.498764160156250000e+03 -6.227796056634815614e-13 0.000000000000000000e+00
 2.498777832031250000e+03 -8.478659939935295764e-13 0.000000000000000000e+00
 2.498791259765625000e+03 -9.915476642877174562e-13 0.000000000000000000e+00
 2.498804687500000000e+03 -1.102829633170543389e-12 0.000000000000000000e+00
 2.498817871093750000e+03 -1.050334840803357483e-12 0.000000000000000000e+00
 2.498831298828125000e+03 -8.828926088486066526e-13 0.000000000000000000e+00
 2.498844482421875000e+03 -6.625594712629523375e-13 0.000000000000000000e+00
 2.498857421875000000e+03 -4.287407289003258848e-13 0.000000000000000000e+00
 2.498870117187500000e+03 -2.765180391519489467e-13 0.000000000000000000e+00
 2.498882568359375000e+03 -2.493691017568799850e-13 0.000000000000000000e+00
 2.498894531250000000e+03 -2.245126420928958422e-13 0.000000000000000000e+00
 2.498906250000000000e+03 -2.263912798547429439e-13 0.000000000000000000e+00
 2.498918212890625000e+03 -2.027813951911011658e-13 0.000000000000000000e+00
 2.498930175781250000e+03 -3.302427775686567202e-13 0.000000000000000000e+00
 2.498942138671875000e+03 -5.530446977111691531e-13 0.000000000000000000e+00
 2.498954101562500000e+03 -6.003714777928770285e-13 0.000000000000000000e+00
 2.498966064453125000e+03 -4.994101920202664857e-13 0.000000000000000000e+00
 2.498977783203125000e+03 -2.736206443712529968e-13 0.000000000000000000e+00
 2.498989501953125000e+03 -1.930954040326587906e-13 0.000000000000000000e+00
 2.499001220703125000e+03 -3.813749446454628433e-13 0.000000000000000000e+00
 2.499012695312500000e+03 -4.176470096411283306e-13 0.000000000000000000e+00
 2.499023925781250000e+03 -4.156451929599597195e-13 0.000000000000000000e+00
 2.499035400390625000e+03 -6.235388724448731601e-13 0.000000000000000000e+00
 2.499047119140625000e+03 -9.308535929911099238e-13 0.000000000000000000e+00
 2.499058105468750000e+03 -9.548830910005579042e-13 0.000000000000000000e+00
 2.499068603515625000e+03 -9.037610070039558963e-13 0.000000000000000000e+00
 2.499079589843750000e+03 -3.895774219712933029e-13 0.000000000000000000e+00
 2.499091064453125000e+03 -2.655031956007997129e-13 0.000000000000000000e+00
 2.499103027343750000e+03 5.950000556273135621e-14 0.000000000000000000e+00
 2.499113769531250000e+03 2.516753624080825258e-13 0.000000000000000000e+00
 2.499123779296875000e+03 1.974138626008314912e-13 0.000000000000000000e+00
 2.499133300781250000e+03 4.285131887456390676e-14 0.000000000000000000e+00
 2.499143554687500000e+03 -2.961616412180956281e-13 0.000000000000000000e+00
 2.499154296875000000e+03 -5.250817684300523869e-13 0.000000000000000000e+00
 2.499165039062500000e+03 -8.916609854983659211e-13 0.000000000000000000e+00
 2.499175537109375000e+03 -1.214236502143639651e-12 0.000000000000000000e+00
 2.499185791015625000e+03 -1.363840789435355472e-12 0.000000000000000000e+00
 2.499195800781250000e+03 -1.308838454283645092e-12 0.000000000000000000e+00
 2.499206298828125000e+03 -9.643498022696150862e-13 0.000000000000000000e+00
 2.499215332031250000e+03 -5.741956389526681193e-13 0.000000000000000000e+00
 2.499222656250000000e+03 -2.845431138973064655e-13 0.000000000000000000e+00
 2.499230468750000000e+03 -1.177097563300963379e-13 0.000000000000000000e+00
 2.499240722656250000e+03 9.569822283792342454e-14 0.000000000000000000e+00
 2.499252685546875000e+03 1.573634343492169574e-13 0.000000000000000000e+00
 2.499262939453125000e+03 1.404601803790817005e-13 0.000000000000000000e+00
 2.499270751953125000e+03 9.449847181890527748e-14 0.000000000000000000e+00
 2.499278076171875000e+03 -3.508870982400075222e-13 0.000000000000000000e+00
 2.499287109375000000e+03 -6.947050898951923070e-13 0.000000000000000000e+00
 2.499297363281250000e+03 -8.989790791120999547e-13 0.000000000000000000e+00
 2.499307617187500000e+03 -8.778369199081981211e-13 0.000000000000000000e+00
 2.499317138671875000e+03 -7.991188548557570659e-13 0.000000000000000000e+00
 2.499326171875000000e+03 -6.666554244402767004e-13 0.000000000000000000e+00
 2.499334716796875000e+03 -5.460442211238647481e-13 0.000000000000000000e+00
 2.499343994140625000e+03 -3.851695167238905482e-13 0.000000000000000000e+00
 2.499353271484375000e+03 -2.419031229668189287e-13 0.000000000000000000e+00
 2.499361083984375000e+03 -1.782585174305365006e-13 0.000000000000000000e+00
 2.499367675781250000e+03 -2.262298963613684766e-13 0.000000000000000000e+00
 2.499375488281250000e+03 -2.964887450135345048e-13 0.000000000000000000e+00
 2.499385253906250000e+03 -2.745195834975150406e-13 0.000000000000000000e+00
 2.499395507812500000e+03 -3.194668650712689795e-13 0.000000000000000000e+00
 2.499405029296875000e+03 -2.412575889933210593e-13 0.000000000000000000e+00
 2.499413330078125000e+03 -3.417106821026333341e-13 0.000000000000000000e+00
 2.499419677734375000e+03 -3.439950147648973555e-13 0.000000000000000000e+00
 2.499426025390625000e+03 -3.816993108304161941e-13 0.000000000000000000e+00
 2.499434082031250000e+03 -4.069035961038608429e-13 0.000000000000000000e+00
 2.499443115234375000e+03 -5.234992127289839203e-13 0.000000000000000000e+00
 2.499452148437500000e+03 -6.416013011677212940e-13 0.000000000000000000e+00
 2.499460205078125000e+03 -6.989032291272734287e-13 0.000000000000000000e+00
 2.499468017578125000e+03 -6.973034888217710670e-13 0.000000000000000000e+00
 2.499475585937500000e+03 -6.551842401947283179e-13 0.000000000000000000e+00
 2.499482910156250000e+03 -7.480316821691090912e-13 0.000000000000000000e+00
 2.499489990234375000e+03 -7.831253007184457715e-13 0.000000000000000000e+00
 2.499497558593750000e+03 -4.994526385353192932e-13 0.000000000000000000e+00
 2.499504638671875000e+03 -4.834478086954141496e-13 0.000000000000000000e+00
 2.499511718750000000e+03 -4.706023981962403901e-13 0.000000000000000000e+00
 2.499518798828125000e+03 -3.963901418473775307e-13 0.000000000000000000e+00
 2.499526367187500000e+03 -3.742418701324634611e-13 0.000000000000000000e+00
 2.499533447265625000e+03 -4.772710547086556065e-13 0.000000000000000000e+00
 2.499539306640625000e+03 -5.716929208678112051e-13 0.000000000000000000e+00
 2.499544921875000000e+03 -5.260953890411090850e-13 0.000000000000000000e+00
 2.499551757812500000e+03 -4.236633288114133311e-13 0.000000000000000000e+00
 2.499559814453125000e+03 -3.973573586054518492e-13 0.000000000000000000e+00
 2.499568115234375000e+03 -4.473512489264197534e-13 0.000000000000000000e+00
 2.499575439453125000e+03 -3.791182320335428901e-13 0.000000000000000000e+00
 2.499582275390625000e+03 -1.617674364687987643e-13 0.000000000000000000e+00
 2.499589111328125000e+03 1.230888763310844514e-13 0.000000000000000000e+00
 2.499595947265625000e+03 4.614605681081684896e-13 0.000000000000000000e+00
 2.499602783203125000e+03 7.914579907251917401e-13 0.000000000000000000e+00
 2.499609863281250000e+03 1.005483673752194385e-12 0.000000000000000000e+00
 2.499616943359375000e+03 1.241752902760018262e-12 0.000000000000000000e+00
 2.499623779296875000e+03 1.653001954066146695e-12 0.000000000000000000e+00
 2.499629882812500000e+03 1.832191950240646960e-12 0.000000000000000000e+00
 2.499635742187500000e+03 1.722589085262349329e-12 0.000000000000000000e+00
 2.499644042968750000e+03 1.621396159695587258e-12 0.000000000000000000e+00
 2.499652832031250000e+03 1.429570220881637432e-12 0.000000000000000000e+00
 2.499657470703125000e+03 1.260109638162587586e-12 0.000000000000000000e+00
 2.499661132812500000e+03 1.155204079096583403e-12 0.000000000000000000e+00
 2.499666259765625000e+03 1.029215666685512343e-12 0.000000000000000000e+00
 2.499674316406250000e+03 8.441367179909398111e-13 0.000000000000000000e+00
 2.499682617187500000e+03 6.261038237344307422e-13 0.000000000000000000e+00
 2.499689453125000000e+03 4.316699450147842843e-13 0.000000000000000000e+00
 2.499695556640625000e+03 2.558877317936775198e-13 0.000000000000000000e+00
 2.499701171875000000e+03 1.508603761661217457e-13 0.000000000000000000e+00
 2.499706787109375000e+03 7.610124824145719780e-14 0.000000000000000000e+00
 2.499712402343750000e+03 1.959078447968769232e-14 0.000000000000000000e+00
 2.499718017578125000e+03 2.398062717300672268e-15 0.000000000000000000e+00
 2.499723876953125000e+03 5.835981112430055351e-14 0.000000000000000000e+00
 2.499729492187500000e+03 1.392671649660601196e-13 0.000000000000000000e+00
 2.499735107421875000e+03 1.748641379265003515e-13 0.000000000000000000e+00
 2.499740966796875000e+03 1.297216728566447097e-13 0.000000000000000000e+00
 2.499747070312500000e+03 9.379550901158356657e-14 0.000000000000000000e+00
 2.499753417968750000e+03 8.830000668364271221e-14 0.000000000000000000e+00
 2.499760986328125000e+03 1.285190622543966321e-13 0.000000000000000000e+00
 2.499770019531250000e+03 1.843648660387192662e-13 0.000000000000000000e+00
 2.499781982421875000e+03 1.624859779060863763e-13 0.000000000000000000e+00
 2.499799072265625000e+03 9.321288586914416863e-14 0.000000000000000000e+00
 2.499825439453125000e+03 7.451271587591290491e-14 0.000000000000000000e+00
 2.499866699218750000e+03 1.934781409520733297e-13 0.000000000000000000e+00
 2.499931640625000000e+03 3.717300176443033566e-13 0.000000000000000000e+00
 2.500032714843750000e+03 5.172162611394304221e-13 0.000000000000000000e+00
 2.500185058593750000e+03 5.697872187092334340e-13 0.000000000000000000e+00
 2.500397216796875000e+03 6.068717034977966218e-13 0.000000000000000000e+00
 2.500666015625000000e+03 6.039636022206473775e-13 0.000000000000000000e+00
 2.501021240234375000e+03 5.173398601870937696e-13 0.000000000000000000e+00
 2.501461425781250000e+03 3.783733038258824122e-13 0.000000000000000000e+00
 2.501676269531250000e+03 1.581504838112784972e-13 0.000000000000000000e+00
 2.501614257812500000e+03 7.182426040638206777e-14 0.000000000000000000e+00
 2.501205566406250000e+03 8.653602330153595257e-14 0.000000000000000000e+00
 2.500377441406250000e+03 3.459526773125914945e-13 0.000000000000000000e+00
 2.499291748046875000e+03 7.582077869196235387e-13 0.000000000000000000e+00
 2.498306640625000000e+03 1.444968602236362809e-12 0.000000000000000000e+00
 2.497944335937500000e+03 2.195823384232298281e-12 0.000000000000000000e+00
 2.497968505859375000e+03 2.513788656399729149e-12 0.000000000000000000e+00
 2.498202392578125000e+03 2.245215948923351412e-12 0.000000000000000000e+00
 2.498683349609375000e+03 2.206226087236862199e-12 0.000000000000000000e+00
 2.499321289062500000e+03 2.151309512476995423e-12 0.000000000000000000e+00
 2.499955322265625000e+03 2.179320092443592927e-12 0.000000000000000000e+00
 2.500518798828125000e+03 2.263466107252365411e-12 0.000000000000000000e+00
 2.501075927734375000e+03 2.219230224934087836e-12 0.000000000000000000e+00
 2.501635253906250000e+03 2.021975252161634096e-12 0.000000000000000000e+00
 2.502082519531250000e+03 2.135543261325145714e-12 0.000000000000000000e+00
 2.502369384765625000e+03 1.950023476027240577e-12 0.000000000000000000e+00
 2.502515869140625000e+03 1.989222588733019492e-12 0.000000000000000000e+00
 2.502559814453125000e+03 1.726439737698148846e-12 0.000000000000000000e+00
 2.502560546875000000e+03 2.161431407118885595e-12 0.000000000000000000e+00
 2.502545166015625000e+03 2.118173041479320950e-12 0.000000000000000000e+00
 2.502509521484375000e+03 2.174198971902074895e-12 0.000000000000000000e+00
 2.502456054687500000e+03 2.220496789911985402e-12 0.000000000000000000e+00
 2.502391113281250000e+03 1.840152379431470031e-12 0.000000000000000000e+00
 2.502318115234375000e+03 1.744950755069862858e-12 0.000000000000000000e+00
 2.502237060546875000e+03 1.794334104042449862e-12 0.000000000000000000e+00
 2.502151367187500000e+03 1.680470975047587689e-12 0.000000000000000000e+00
 2.502066162109375000e+03 1.713437985245702677e-12 0.000000000000000000e+00
 2.501977050781250000e+03 1.492841440742243009e-12 0.000000000000000000e+00
 2.501879150390625000e+03 1.199840899378246117e-12 0.000000000000000000e+00
 2.501783447265625000e+03 1.003250976218394985e-12 0.000000000000000000e+00
 2.501695800781250000e+03 8.118035865929684736e-13 0.000000000000000000e+00
 2.501599121093750000e+03 6.133085033756258131e-13 0.000000000000000000e+00
 2.501486328125000000e+03 5.088608570971708822e-13 0.000000000000000000e+00
 2.501389648437500000e+03 3.836514439470306570e-13 0.000000000000000000e+00
 2.501312011718750000e+03 2.644934510125096505e-13 0.000000000000000000e+00
 2.501215820312500000e+03 2.595172069862899944e-13 0.000000000000000000e+00
 2.501081298828125000e+03 2.832307413776213867e-13 0.000000000000000000e+00
 2.500953613281250000e+03 3.801371110251361429e-13 0.000000000000000000e+00
 2.500850830078125000e+03 5.928300927417196053e-13 0.000000000000000000e+00
 2.500737792968750000e+03 8.207209868313358747e-13 0.000000000000000000e+00
 2.500611816406250000e+03 1.038571030391455263e-12 0.000000000000000000e+00
 2.500523193359375000e+03 1.164950622946359093e-12 0.000000000000000000e+00
 2.500436767578125000e+03 1.132459902762616988e-12 0.000000000000000000e+00
 2.500327392578125000e+03 1.086741373973465485e-12 0.000000000000000000e+00
 2.500209472656250000e+03 1.052341156923541909e-12 0.000000000000000000e+00
 2.500080322265625000e+03 9.219717003738914229e-13 0.000000000000000000e+00
 2.499945556640625000e+03 8.053701477418739874e-13 0.000000000000000000e+00
 2.499817138671875000e+03 7.498636043698492237e-13 0.000000000000000000e+00
 2.499693603515625000e+03 6.971538689219680673e-13 0.000000000000000000e+00
 2.499569580078125000e+03 6.043647028143583899e-13 0.000000000000000000e+00
 2.499441894531250000e+03 5.191026644993379513e-13 0.000000000000000000e+00
 2.499310302734375000e+03 5.150593493374877596e-13 0.000000000000000000e+00
 2.499175781250000000e+03 5.224422240310278021e-13 0.000000000000000000e+00
 2.499038818359375000e+03 5.452719439164033233e-13 0.000000000000000000e+00
 2.498899658203125000e+03 5.072939139073862069e-13 0.000000000000000000e+00
 2.498758056640625000e+03 4.845985266711816397e-13 0.000000000000000000e+00
 2.498614501953125000e+03 4.576229803085474224e-13 0.000000000000000000e+00
 2.498468261718750000e+03 4.325084669749845734e-13 0.000000000000000000e+00
 2.498319824218750000e+03 4.242314778548500476e-13 0.000000000000000000e+00
 2.498168945312500000e+03 3.810197329087022799e-13 0.000000000000000000e+00
 2.498015625000000000e+03 3.603432114328286584e-13 0.000000000000000000e+00
 2.497859863281250000e+03 4.032197752773525323e-13 0.000000000000000000e+00
 2.497701904296875000e+03 4.398885498479304657e-13 0.000000000000000000e+00
 2.497541259765625000e+03 3.939454285787485910e-13 0.000000000000000000e+00
 2.497378417968750000e+03 2.971649890135680261e-13 0.000000000000000000e+00
 2.497212890625000000e+03 2.028583193352390124e-13 0.000000000000000000e+00
 2.497044921875000000e+03 6.929039183785692946e-14 0.000000000000000000e+00
 2.496874267578125000e+03 -9.659851044063749725e-14 0.000000000000000000e+00
 2.496700683593750000e+03 -2.291640455957116851e-13 0.000000000000000000e+00
 2.496524414062500000e+03 -3.050087309455773443e-13 0.000000000000000000e+00
 2.496345458984375000e+03 -3.332359616112917644e-13 0.000000000000000000e+00
 2.496163818359375000e+03 -2.515288595895254220e-13 0.000000000000000000e+00
 2.495979492187500000e+03 -1.313999636095436463e-13 0.000000000000000000e+00
 2.495792236328125000e+03 -3.198410977798930854e-14 0.000000000000000000e+00
 2.495602539062500000e+03 -8.250210173507081107e-15 0.000000000000000000e+00
 2.495409912109375000e+03 -4.479034330928666208e-14 0.000000000000000000e+00
 2.495214355468750000e+03 -2.234804274145810177e-13 0.000000000000000000e+00
 2.495016113281250000e+03 -3.779181286488186853e-13 0.000000000000000000e+00
 2.494814453125000000e+03 -3.741326096585312344e-13 0.000000000000000000e+00
 2.494609619140625000e+03 -2.899043852200300364e-13 0.000000000000000000e+00
 2.494401611328125000e+03 -1.113150573778774743e-13 0.000000000000000000e+00
 2.494190185546875000e+03 -5.640938223797596629e-14 0.000000000000000000e+00
 2.493975830078125000e+03 -7.699401419159965232e-14 0.000000000000000000e+00
 2.493758056640625000e+03 5.701855139298231401e-14 0.000000000000000000e+00
 2.493537353515625000e+03 2.996708783897794603e-13 0.000000000000000000e+00
 2.493313232421875000e+03 5.388399145281330682e-13 0.000000000000000000e+00
 2.493085937500000000e+03 6.440909546163997579e-13 0.000000000000000000e+00
 2.492855224609375000e+03 6.240063804216489096e-13 0.000000000000000000e+00
 2.492621093750000000e+03 5.023946753404673338e-13 0.000000000000000000e+00
 2.492383300781250000e+03 3.308962262180137337e-13 0.000000000000000000e+00
 2.492142089843750000e+03 1.637691040721686586e-13 0.000000000000000000e+00
 2.491896972656250000e+03 1.632831917635149677e-13 0.000000000000000000e+00
 2.491648437500000000e+03 1.229792092813375426e-13 0.000000000000000000e+00
 </DataArray>
</CellData>
</Piece>
</UnstructuredGrid>
</VTKFile>
