<VTKFile type="UnstructuredGrid" byte_order="BigEndian">
<UnstructuredGrid><Piece NumberOfPoints="753" NumberOfCells="500">
<Points>
 <DataArray type="Float32" NumberOfComponents="3" format="ascii">
 -6.250000000000000000e-01 0.000000000000000000e+00 0.000000000000000000e+00
 -6.194999814033508301e-01 0.000000000000000000e+00 0.000000000000000000e+00
 -6.140000224113464355e-01 0.000000000000000000e+00 0.000000000000000000e+00
 -6.085000038146972656e-01 0.000000000000000000e+00 0.000000000000000000e+00
 -6.029999852180480957e-01 0.000000000000000000e+00 0.000000000000000000e+00
 -5.975000262260437012e-01 0.000000000000000000e+00 0.000000000000000000e+00
 -5.920000076293945312e-01 0.000000000000000000e+00 0.000000000000000000e+00
 -5.864999890327453613e-01 0.000000000000000000e+00 0.000000000000000000e+00
 -5.809999704360961914e-01 0.000000000000000000e+00 0.000000000000000000e+00
 -5.755000114440917969e-01 0.000000000000000000e+00 0.000000000000000000e+00
 -5.699999928474426270e-01 0.000000000000000000e+00 0.000000000000000000e+00
 -5.644999742507934570e-01 0.000000000000000000e+00 0.000000000000000000e+00
 -5.590000152587890625e-01 0.000000000000000000e+00 0.000000000000000000e+00
 -5.534999966621398926e-01 0.000000000000000000e+00 0.000000000000000000e+00
 -5.479999780654907227e-01 0.000000000000000000e+00 0.000000000000000000e+00
 -5.425000190734863281e-01 0.000000000000000000e+00 0.000000000000000000e+00
 -5.370000004768371582e-01 0.000000000000000000e+00 0.000000000000000000e+00
 -5.314999818801879883e-01 0.000000000000000000e+00 0.000000000000000000e+00
 -5.260000228881835938e-01 0.000000000000000000e+00 0.000000000000000000e+00
 -5.205000042915344238e-01 0.000000000000000000e+00 0.000000000000000000e+00
 -5.149999856948852539e-01 0.000000000000000000e+00 0.000000000000000000e+00
 -5.095000267028808594e-01 0.000000000000000000e+00 0.000000000000000000e+00
 -5.040000081062316895e-01 0.000000000000000000e+00 0.000000000000000000e+00
 -4.984999895095825195e-01 0.000000000000000000e+00 0.000000000000000000e+00
 -4.930000007152557373e-01 0.000000000000000000e+00 0.000000000000000000e+00
 -4.875000119209289551e-01 0.000000000000000000e+00 0.000000000000000000e+00
 -4.819999933242797852e-01 0.000000000000000000e+00 0.000000000000000000e+00
 -4.765000045299530029e-01 0.000000000000000000e+00 0.000000000000000000e+00
 -4.709999859333038330e-01 0.000000000000000000e+00 0.000000000000000000e+00
 -4.654999971389770508e-01 0.000000000000000000e+00 0.000000000000000000e+00
 -4.600000083446502686e-01 0.000000000000000000e+00 0.000000000000000000e+00
 -4.544999897480010986e-01 0.000000000000000000e+00 0.000000000000000000e+00
 -4.490000009536743164e-01 0.000000000000000000e+00 0.000000000000000000e+00
 -4.435000121593475342e-01 0.000000000000000000e+00 0.000000000000000000e+00
 -4.379999935626983643e-01 0.000000000000000000e+00 0.000000000000000000e+00
 -4.325000047683715820e-01 0.000000000000000000e+00 0.000000000000000000e+00
 -4.269999861717224121e-01 0.000000000000000000e+00 0.000000000000000000e+00
 -4.214999973773956299e-01 0.000000000000000000e+00 0.000000000000000000e+00
 -4.160000085830688477e-01 0.000000000000000000e+00 0.000000000000000000e+00
 -4.104999899864196777e-01 0.000000000000000000e+00 0.000000000000000000e+00
 -4.050000011920928955e-01 0.000000000000000000e+00 0.000000000000000000e+00
 -3.995000123977661133e-01 0.000000000000000000e+00 0.000000000000000000e+00
 -3.939999938011169434e-01 0.000000000000000000e+00 0.000000000000000000e+00
 -3.885000050067901611e-01 0.000000000000000000e+00 0.000000000000000000e+00
 -3.829999864101409912e-01 0.000000000000000000e+00 0.000000000000000000e+00
 -3.774999976158142090e-01 0.000000000000000000e+00 0.000000000000000000e+00
 -3.720000088214874268e-01 0.000000000000000000e+00 0.000000000000000000e+00
 -3.664999902248382568e-01 0.000000000000000000e+00 0.000000000000000000e+00
 -3.610000014305114746e-01 0.000000000000000000e+00 0.000000000000000000e+00
 -3.555000126361846924e-01 0.000000000000000000e+00 0.000000000000000000e+00
 -3.499999940395355225e-01 0.000000000000000000e+00 0.000000000000000000e+00
 -3.445000052452087402e-01 0.000000000000000000e+00 0.000000000000000000e+00
 -3.389999866485595703e-01 0.000000000000000000e+00 0.000000000000000000e+00
 -3.334999978542327881e-01 0.000000000000000000e+00 0.000000000000000000e+00
 -3.280000090599060059e-01 0.000000000000000000e+00 0.000000000000000000e+00
 -3.224999904632568359e-01 0.000000000000000000e+00 0.000000000000000000e+00
 -3.170000016689300537e-01 0.000000000000000000e+00 0.000000000000000000e+00
 -3.115000128746032715e-01 0.000000000000000000e+00 0.000000000000000000e+00
 -3.059999942779541016e-01 0.000000000000000000e+00 0.000000000000000000e+00
 -3.005000054836273193e-01 0.000000000000000000e+00 0.000000000000000000e+00
 -2.949999868869781494e-01 0.000000000000000000e+00 0.000000000000000000e+00
 -2.894999980926513672e-01 0.000000000000000000e+00 0.000000000000000000e+00
 -2.840000092983245850e-01 0.000000000000000000e+00 0.000000000000000000e+00
 -2.784999907016754150e-01 0.000000000000000000e+00 0.000000000000000000e+00
 -2.730000019073486328e-01 0.000000000000000000e+00 0.000000000000000000e+00
 -2.675000131130218506e-01 0.000000000000000000e+00 0.000000000000000000e+00
 -2.619999945163726807e-01 0.000000000000000000e+00 0.000000000000000000e+00
 -2.565000057220458984e-01 0.000000000000000000e+00 0.000000000000000000e+00
 -2.509999871253967285e-01 0.000000000000000000e+00 0.000000000000000000e+00
 -2.454999983310699463e-01 0.000000000000000000e+00 0.000000000000000000e+00
 -2.399999946355819702e-01 0.000000000000000000e+00 0.000000000000000000e+00
 -2.345000058412551880e-01 0.000000000000000000e+00 0.000000000000000000e+00
 -2.290000021457672119e-01 0.000000000000000000e+00 0.000000000000000000e+00
 -2.234999984502792358e-01 0.000000000000000000e+00 0.000000000000000000e+00
 -2.179999947547912598e-01 0.000000000000000000e+00 0.000000000000000000e+00
 -2.125000059604644775e-01 0.000000000000000000e+00 0.000000000000000000e+00
 -2.070000022649765015e-01 0.000000000000000000e+00 0.000000000000000000e+00
 -2.014999985694885254e-01 0.000000000000000000e+00 0.000000000000000000e+00
 -1.959999948740005493e-01 0.000000000000000000e+00 0.000000000000000000e+00
 -1.905000060796737671e-01 0.000000000000000000e+00 0.000000000000000000e+00
 -1.850000023841857910e-01 0.000000000000000000e+00 0.000000000000000000e+00
 -1.794999986886978149e-01 0.000000000000000000e+00 0.000000000000000000e+00
 -1.739999949932098389e-01 0.000000000000000000e+00 0.000000000000000000e+00
 -1.685000061988830566e-01 0.000000000000000000e+00 0.000000000000000000e+00
 -1.630000025033950806e-01 0.000000000000000000e+00 0.000000000000000000e+00
 -1.574999988079071045e-01 0.000000000000000000e+00 0.000000000000000000e+00
 -1.519999951124191284e-01 0.000000000000000000e+00 0.000000000000000000e+00
 -1.465000063180923462e-01 0.000000000000000000e+00 0.000000000000000000e+00
 -1.410000026226043701e-01 0.000000000000000000e+00 0.000000000000000000e+00
 -1.354999989271163940e-01 0.000000000000000000e+00 0.000000000000000000e+00
 -1.299999952316284180e-01 0.000000000000000000e+00 0.000000000000000000e+00
 -1.244999989867210388e-01 0.000000000000000000e+00 0.000000000000000000e+00
 -1.190000027418136597e-01 0.000000000000000000e+00 0.000000000000000000e+00
 -1.134999990463256836e-01 0.000000000000000000e+00 0.000000000000000000e+00
 -1.080000028014183044e-01 0.000000000000000000e+00 0.000000000000000000e+00
 -1.024999991059303284e-01 0.000000000000000000e+00 0.000000000000000000e+00
 -9.700000286102294922e-02 0.000000000000000000e+00 0.000000000000000000e+00
 -9.149999916553497314e-02 0.000000000000000000e+00 0.000000000000000000e+00
 -8.600000292062759399e-02 0.000000000000000000e+00 0.000000000000000000e+00
 -8.049999922513961792e-02 0.000000000000000000e+00 0.000000000000000000e+00
 -7.500000298023223877e-02 0.000000000000000000e+00 0.000000000000000000e+00
 -6.949999928474426270e-02 0.000000000000000000e+00 0.000000000000000000e+00
 -6.400000303983688354e-02 0.000000000000000000e+00 0.000000000000000000e+00
 -5.849999934434890747e-02 0.000000000000000000e+00 0.000000000000000000e+00
 -5.299999937415122986e-02 0.000000000000000000e+00 0.000000000000000000e+00
 -4.749999940395355225e-02 0.000000000000000000e+00 0.000000000000000000e+00
 -4.199999943375587463e-02 0.000000000000000000e+00 0.000000000000000000e+00
 -3.649999946355819702e-02 0.000000000000000000e+00 0.000000000000000000e+00
 -3.099999949336051941e-02 0.000000000000000000e+00 0.000000000000000000e+00
 -2.549999952316284180e-02 0.000000000000000000e+00 0.000000000000000000e+00
 -1.999999955296516418e-02 0.000000000000000000e+00 0.000000000000000000e+00
 -1.449999958276748657e-02 0.000000000000000000e+00 0.000000000000000000e+00
 -8.999999612569808960e-03 0.000000000000000000e+00 0.000000000000000000e+00
 -3.500000108033418655e-03 0.000000000000000000e+00 0.000000000000000000e+00
 2.000000094994902611e-03 0.000000000000000000e+00 0.000000000000000000e+00
 7.499999832361936569e-03 0.000000000000000000e+00 0.000000000000000000e+00
 1.300000026822090149e-02 0.000000000000000000e+00 0.000000000000000000e+00
 1.850000023841857910e-02 0.000000000000000000e+00 0.000000000000000000e+00
 2.400000020861625671e-02 0.000000000000000000e+00 0.000000000000000000e+00
 2.950000017881393433e-02 0.000000000000000000e+00 0.000000000000000000e+00
 3.500000014901161194e-02 0.000000000000000000e+00 0.000000000000000000e+00
 4.050000011920928955e-02 0.000000000000000000e+00 0.000000000000000000e+00
 4.600000008940696716e-02 0.000000000000000000e+00 0.000000000000000000e+00
 5.150000005960464478e-02 0.000000000000000000e+00 0.000000000000000000e+00
 5.700000002980232239e-02 0.000000000000000000e+00 0.000000000000000000e+00
 6.250000000000000000e-02 0.000000000000000000e+00 0.000000000000000000e+00
 6.800000369548797607e-02 0.000000000000000000e+00 0.000000000000000000e+00
 7.349999994039535522e-02 0.000000000000000000e+00 0.000000000000000000e+00
 7.900000363588333130e-02 0.000000000000000000e+00 0.000000000000000000e+00
 8.449999988079071045e-02 0.000000000000000000e+00 0.000000000000000000e+00
 9.000000357627868652e-02 0.000000000000000000e+00 0.000000000000000000e+00
 9.549999982118606567e-02 0.000000000000000000e+00 0.000000000000000000e+00
 1.010000035166740417e-01 0.000000000000000000e+00 0.000000000000000000e+00
 1.064999997615814209e-01 0.000000000000000000e+00 0.000000000000000000e+00
 1.120000034570693970e-01 0.000000000000000000e+00 0.000000000000000000e+00
 1.174999997019767761e-01 0.000000000000000000e+00 0.000000000000000000e+00
 1.230000033974647522e-01 0.000000000000000000e+00 0.000000000000000000e+00
 1.284999996423721313e-01 0.000000000000000000e+00 0.000000000000000000e+00
 1.340000033378601074e-01 0.000000000000000000e+00 0.000000000000000000e+00
 1.395000070333480835e-01 0.000000000000000000e+00 0.000000000000000000e+00
 1.449999958276748657e-01 0.000000000000000000e+00 0.000000000000000000e+00
 1.504999995231628418e-01 0.000000000000000000e+00 0.000000000000000000e+00
 1.560000032186508179e-01 0.000000000000000000e+00 0.000000000000000000e+00
 1.615000069141387939e-01 0.000000000000000000e+00 0.000000000000000000e+00
 1.669999957084655762e-01 0.000000000000000000e+00 0.000000000000000000e+00
 1.724999994039535522e-01 0.000000000000000000e+00 0.000000000000000000e+00
 1.780000030994415283e-01 0.000000000000000000e+00 0.000000000000000000e+00
 1.835000067949295044e-01 0.000000000000000000e+00 0.000000000000000000e+00
 1.889999955892562866e-01 0.000000000000000000e+00 0.000000000000000000e+00
 1.944999992847442627e-01 0.000000000000000000e+00 0.000000000000000000e+00
 2.000000029802322388e-01 0.000000000000000000e+00 0.000000000000000000e+00
 2.055000066757202148e-01 0.000000000000000000e+00 0.000000000000000000e+00
 2.109999954700469971e-01 0.000000000000000000e+00 0.000000000000000000e+00
 2.164999991655349731e-01 0.000000000000000000e+00 0.000000000000000000e+00
 2.220000028610229492e-01 0.000000000000000000e+00 0.000000000000000000e+00
 2.275000065565109253e-01 0.000000000000000000e+00 0.000000000000000000e+00
 2.329999953508377075e-01 0.000000000000000000e+00 0.000000000000000000e+00
 2.384999990463256836e-01 0.000000000000000000e+00 0.000000000000000000e+00
 2.440000027418136597e-01 0.000000000000000000e+00 0.000000000000000000e+00
 2.495000064373016357e-01 0.000000000000000000e+00 0.000000000000000000e+00
 2.549999952316284180e-01 0.000000000000000000e+00 0.000000000000000000e+00
 2.605000138282775879e-01 0.000000000000000000e+00 0.000000000000000000e+00
 2.660000026226043701e-01 0.000000000000000000e+00 0.000000000000000000e+00
 2.714999914169311523e-01 0.000000000000000000e+00 0.000000000000000000e+00
 2.770000100135803223e-01 0.000000000000000000e+00 0.000000000000000000e+00
 2.824999988079071045e-01 0.000000000000000000e+00 0.000000000000000000e+00
 2.879999876022338867e-01 0.000000000000000000e+00 0.000000000000000000e+00
 2.935000061988830566e-01 0.000000000000000000e+00 0.000000000000000000e+00
 2.989999949932098389e-01 0.000000000000000000e+00 0.000000000000000000e+00
 3.045000135898590088e-01 0.000000000000000000e+00 0.000000000000000000e+00
 3.100000023841857910e-01 0.000000000000000000e+00 0.000000000000000000e+00
 3.154999911785125732e-01 0.000000000000000000e+00 0.000000000000000000e+00
 3.210000097751617432e-01 0.000000000000000000e+00 0.000000000000000000e+00
 3.264999985694885254e-01 0.000000000000000000e+00 0.000000000000000000e+00
 3.319999873638153076e-01 0.000000000000000000e+00 0.000000000000000000e+00
 3.375000059604644775e-01 0.000000000000000000e+00 0.000000000000000000e+00
 3.429999947547912598e-01 0.000000000000000000e+00 0.000000000000000000e+00
 3.485000133514404297e-01 0.000000000000000000e+00 0.000000000000000000e+00
 3.540000021457672119e-01 0.000000000000000000e+00 0.000000000000000000e+00
 3.594999909400939941e-01 0.000000000000000000e+00 0.000000000000000000e+00
 3.650000095367431641e-01 0.000000000000000000e+00 0.000000000000000000e+00
 3.704999983310699463e-01 0.000000000000000000e+00 0.000000000000000000e+00
 3.759999871253967285e-01 0.000000000000000000e+00 0.000000000000000000e+00
 3.815000057220458984e-01 0.000000000000000000e+00 0.000000000000000000e+00
 3.869999945163726807e-01 0.000000000000000000e+00 0.000000000000000000e+00
 3.925000131130218506e-01 0.000000000000000000e+00 0.000000000000000000e+00
 3.980000019073486328e-01 0.000000000000000000e+00 0.000000000000000000e+00
 4.034999907016754150e-01 0.000000000000000000e+00 0.000000000000000000e+00
 4.090000092983245850e-01 0.000000000000000000e+00 0.000000000000000000e+00
 4.144999980926513672e-01 0.000000000000000000e+00 0.000000000000000000e+00
 4.199999868869781494e-01 0.000000000000000000e+00 0.000000000000000000e+00
 4.255000054836273193e-01 0.000000000000000000e+00 0.000000000000000000e+00
 4.309999942779541016e-01 0.000000000000000000e+00 0.000000000000000000e+00
 4.365000128746032715e-01 0.000000000000000000e+00 0.000000000000000000e+00
 4.420000016689300537e-01 0.000000000000000000e+00 0.000000000000000000e+00
 4.474999904632568359e-01 0.000000000000000000e+00 0.000000000000000000e+00
 4.530000090599060059e-01 0.000000000000000000e+00 0.000000000000000000e+00
 4.584999978542327881e-01 0.000000000000000000e+00 0.000000000000000000e+00
 4.639999866485595703e-01 0.000000000000000000e+00 0.000000000000000000e+00
 4.695000052452087402e-01 0.000000000000000000e+00 0.000000000000000000e+00
 4.749999940395355225e-01 0.000000000000000000e+00 0.000000000000000000e+00
 4.805000126361846924e-01 0.000000000000000000e+00 0.000000000000000000e+00
 4.860000014305114746e-01 0.000000000000000000e+00 0.000000000000000000e+00
 4.914999902248382568e-01 0.000000000000000000e+00 0.000000000000000000e+00
 4.970000088214874268e-01 0.000000000000000000e+00 0.000000000000000000e+00
 5.024999976158142090e-01 0.000000000000000000e+00 0.000000000000000000e+00
 5.080000162124633789e-01 0.000000000000000000e+00 0.000000000000000000e+00
 5.134999752044677734e-01 0.000000000000000000e+00 0.000000000000000000e+00
 5.189999938011169434e-01 0.000000000000000000e+00 0.000000000000000000e+00
 5.245000123977661133e-01 0.000000000000000000e+00 0.000000000000000000e+00
 5.299999713897705078e-01 0.000000000000000000e+00 0.000000000000000000e+00
 5.354999899864196777e-01 0.000000000000000000e+00 0.000000000000000000e+00
 5.410000085830688477e-01 0.000000000000000000e+00 0.000000000000000000e+00
 5.465000271797180176e-01 0.000000000000000000e+00 0.000000000000000000e+00
 5.519999861717224121e-01 0.000000000000000000e+00 0.000000000000000000e+00
 5.575000047683715820e-01 0.000000000000000000e+00 0.000000000000000000e+00
 5.630000233650207520e-01 0.000000000000000000e+00 0.000000000000000000e+00
 5.684999823570251465e-01 0.000000000000000000e+00 0.000000000000000000e+00
 5.740000009536743164e-01 0.000000000000000000e+00 0.000000000000000000e+00
 5.795000195503234863e-01 0.000000000000000000e+00 0.000000000000000000e+00
 5.849999785423278809e-01 0.000000000000000000e+00 0.000000000000000000e+00
 5.904999971389770508e-01 0.000000000000000000e+00 0.000000000000000000e+00
 5.960000157356262207e-01 0.000000000000000000e+00 0.000000000000000000e+00
 6.014999747276306152e-01 0.000000000000000000e+00 0.000000000000000000e+00
 6.069999933242797852e-01 0.000000000000000000e+00 0.000000000000000000e+00
 6.125000119209289551e-01 0.000000000000000000e+00 0.000000000000000000e+00
 6.179999709129333496e-01 0.000000000000000000e+00 0.000000000000000000e+00
 6.234999895095825195e-01 0.000000000000000000e+00 0.000000000000000000e+00
 6.290000081062316895e-01 0.000000000000000000e+00 0.000000000000000000e+00
 6.345000267028808594e-01 0.000000000000000000e+00 0.000000000000000000e+00
 6.399999856948852539e-01 0.000000000000000000e+00 0.000000000000000000e+00
 6.455000042915344238e-01 0.000000000000000000e+00 0.000000000000000000e+00
 6.510000228881835938e-01 0.000000000000000000e+00 0.000000000000000000e+00
 6.564999818801879883e-01 0.000000000000000000e+00 0.000000000000000000e+00
 6.620000004768371582e-01 0.000000000000000000e+00 0.000000000000000000e+00
 6.675000190734863281e-01 0.000000000000000000e+00 0.000000000000000000e+00
 6.729999780654907227e-01 0.000000000000000000e+00 0.000000000000000000e+00
 6.784999966621398926e-01 0.000000000000000000e+00 0.000000000000000000e+00
 6.840000152587890625e-01 0.000000000000000000e+00 0.000000000000000000e+00
 6.894999742507934570e-01 0.000000000000000000e+00 0.000000000000000000e+00
 6.949999928474426270e-01 0.000000000000000000e+00 0.000000000000000000e+00
 7.005000114440917969e-01 0.000000000000000000e+00 0.000000000000000000e+00
 7.059999704360961914e-01 0.000000000000000000e+00 0.000000000000000000e+00
 7.114999890327453613e-01 0.000000000000000000e+00 0.000000000000000000e+00
 7.170000076293945312e-01 0.000000000000000000e+00 0.000000000000000000e+00
 7.225000262260437012e-01 0.000000000000000000e+00 0.000000000000000000e+00
 7.279999852180480957e-01 0.000000000000000000e+00 0.000000000000000000e+00
 7.335000038146972656e-01 0.000000000000000000e+00 0.000000000000000000e+00
 7.390000224113464355e-01 0.000000000000000000e+00 0.000000000000000000e+00
 7.444999814033508301e-01 0.000000000000000000e+00 0.000000000000000000e+00
 7.500000000000000000e-01 0.000000000000000000e+00 0.000000000000000000e+00
 -6.250000000000000000e-01 5.000000074505805969e-02 0.000000000000000000e+00
 -6.194999814033508301e-01 5.000000074505805969e-02 0.000000000000000000e+00
 -6.140000224113464355e-01 5.000000074505805969e-02 0.000000000000000000e+00
 -6.085000038146972656e-01 5.000000074505805969e-02 0.000000000000000000e+00
 -6.029999852180480957e-01 5.000000074505805969e-02 0.000000000000000000e+00
 -5.975000262260437012e-01 5.000000074505805969e-02 0.000000000000000000e+00
 -5.920000076293945312e-01 5.000000074505805969e-02 0.000000000000000000e+00
 -5.864999890327453613e-01 5.000000074505805969e-02 0.000000000000000000e+00
 -5.809999704360961914e-01 5.000000074505805969e-02 0.000000000000000000e+00
 -5.755000114440917969e-01 5.000000074505805969e-02 0.000000000000000000e+00
 -5.699999928474426270e-01 5.000000074505805969e-02 0.000000000000000000e+00
 -5.644999742507934570e-01 5.000000074505805969e-02 0.000000000000000000e+00
 -5.590000152587890625e-01 5.000000074505805969e-02 0.000000000000000000e+00
 -5.534999966621398926e-01 5.000000074505805969e-02 0.000000000000000000e+00
 -5.479999780654907227e-01 5.000000074505805969e-02 0.000000000000000000e+00
 -5.425000190734863281e-01 5.000000074505805969e-02 0.000000000000000000e+00
 -5.370000004768371582e-01 5.000000074505805969e-02 0.000000000000000000e+00
 -5.314999818801879883e-01 5.000000074505805969e-02 0.000000000000000000e+00
 -5.260000228881835938e-01 5.000000074505805969e-02 0.000000000000000000e+00
 -5.205000042915344238e-01 5.000000074505805969e-02 0.000000000000000000e+00
 -5.149999856948852539e-01 5.000000074505805969e-02 0.000000000000000000e+00
 -5.095000267028808594e-01 5.000000074505805969e-02 0.000000000000000000e+00
 -5.040000081062316895e-01 5.000000074505805969e-02 0.000000000000000000e+00
 -4.984999895095825195e-01 5.000000074505805969e-02 0.000000000000000000e+00
 -4.930000007152557373e-01 5.000000074505805969e-02 0.000000000000000000e+00
 -4.875000119209289551e-01 5.000000074505805969e-02 0.000000000000000000e+00
 -4.819999933242797852e-01 5.000000074505805969e-02 0.000000000000000000e+00
 -4.765000045299530029e-01 5.000000074505805969e-02 0.000000000000000000e+00
 -4.709999859333038330e-01 5.000000074505805969e-02 0.000000000000000000e+00
 -4.654999971389770508e-01 5.000000074505805969e-02 0.000000000000000000e+00
 -4.600000083446502686e-01 5.000000074505805969e-02 0.000000000000000000e+00
 -4.544999897480010986e-01 5.000000074505805969e-02 0.000000000000000000e+00
 -4.490000009536743164e-01 5.000000074505805969e-02 0.000000000000000000e+00
 -4.435000121593475342e-01 5.000000074505805969e-02 0.000000000000000000e+00
 -4.379999935626983643e-01 5.000000074505805969e-02 0.000000000000000000e+00
 -4.325000047683715820e-01 5.000000074505805969e-02 0.000000000000000000e+00
 -4.269999861717224121e-01 5.000000074505805969e-02 0.000000000000000000e+00
 -4.214999973773956299e-01 5.000000074505805969e-02 0.000000000000000000e+00
 -4.160000085830688477e-01 5.000000074505805969e-02 0.000000000000000000e+00
 -4.104999899864196777e-01 5.000000074505805969e-02 0.000000000000000000e+00
 -4.050000011920928955e-01 5.000000074505805969e-02 0.000000000000000000e+00
 -3.995000123977661133e-01 5.000000074505805969e-02 0.000000000000000000e+00
 -3.939999938011169434e-01 5.000000074505805969e-02 0.000000000000000000e+00
 -3.885000050067901611e-01 5.000000074505805969e-02 0.000000000000000000e+00
 -3.829999864101409912e-01 5.000000074505805969e-02 0.000000000000000000e+00
 -3.774999976158142090e-01 5.000000074505805969e-02 0.000000000000000000e+00
 -3.720000088214874268e-01 5.000000074505805969e-02 0.000000000000000000e+00
 -3.664999902248382568e-01 5.000000074505805969e-02 0.000000000000000000e+00
 -3.610000014305114746e-01 5.000000074505805969e-02 0.000000000000000000e+00
 -3.555000126361846924e-01 5.000000074505805969e-02 0.000000000000000000e+00
 -3.499999940395355225e-01 5.000000074505805969e-02 0.000000000000000000e+00
 -3.445000052452087402e-01 5.000000074505805969e-02 0.000000000000000000e+00
 -3.389999866485595703e-01 5.000000074505805969e-02 0.000000000000000000e+00
 -3.334999978542327881e-01 5.000000074505805969e-02 0.000000000000000000e+00
 -3.280000090599060059e-01 5.000000074505805969e-02 0.000000000000000000e+00
 -3.224999904632568359e-01 5.000000074505805969e-02 0.000000000000000000e+00
 -3.170000016689300537e-01 5.000000074505805969e-02 0.000000000000000000e+00
 -3.115000128746032715e-01 5.000000074505805969e-02 0.000000000000000000e+00
 -3.059999942779541016e-01 5.000000074505805969e-02 0.000000000000000000e+00
 -3.005000054836273193e-01 5.000000074505805969e-02 0.000000000000000000e+00
 -2.949999868869781494e-01 5.000000074505805969e-02 0.000000000000000000e+00
 -2.894999980926513672e-01 5.000000074505805969e-02 0.000000000000000000e+00
 -2.840000092983245850e-01 5.000000074505805969e-02 0.000000000000000000e+00
 -2.784999907016754150e-01 5.000000074505805969e-02 0.000000000000000000e+00
 -2.730000019073486328e-01 5.000000074505805969e-02 0.000000000000000000e+00
 -2.675000131130218506e-01 5.000000074505805969e-02 0.000000000000000000e+00
 -2.619999945163726807e-01 5.000000074505805969e-02 0.000000000000000000e+00
 -2.565000057220458984e-01 5.000000074505805969e-02 0.000000000000000000e+00
 -2.509999871253967285e-01 5.000000074505805969e-02 0.000000000000000000e+00
 -2.454999983310699463e-01 5.000000074505805969e-02 0.000000000000000000e+00
 -2.399999946355819702e-01 5.000000074505805969e-02 0.000000000000000000e+00
 -2.345000058412551880e-01 5.000000074505805969e-02 0.000000000000000000e+00
 -2.290000021457672119e-01 5.000000074505805969e-02 0.000000000000000000e+00
 -2.234999984502792358e-01 5.000000074505805969e-02 0.000000000000000000e+00
 -2.179999947547912598e-01 5.000000074505805969e-02 0.000000000000000000e+00
 -2.125000059604644775e-01 5.000000074505805969e-02 0.000000000000000000e+00
 -2.070000022649765015e-01 5.000000074505805969e-02 0.000000000000000000e+00
 -2.014999985694885254e-01 5.000000074505805969e-02 0.000000000000000000e+00
 -1.959999948740005493e-01 5.000000074505805969e-02 0.000000000000000000e+00
 -1.905000060796737671e-01 5.000000074505805969e-02 0.000000000000000000e+00
 -1.850000023841857910e-01 5.000000074505805969e-02 0.000000000000000000e+00
 -1.794999986886978149e-01 5.000000074505805969e-02 0.000000000000000000e+00
 -1.739999949932098389e-01 5.000000074505805969e-02 0.000000000000000000e+00
 -1.685000061988830566e-01 5.000000074505805969e-02 0.000000000000000000e+00
 -1.630000025033950806e-01 5.000000074505805969e-02 0.000000000000000000e+00
 -1.574999988079071045e-01 5.000000074505805969e-02 0.000000000000000000e+00
 -1.519999951124191284e-01 5.000000074505805969e-02 0.000000000000000000e+00
 -1.465000063180923462e-01 5.000000074505805969e-02 0.000000000000000000e+00
 -1.410000026226043701e-01 5.000000074505805969e-02 0.000000000000000000e+00
 -1.354999989271163940e-01 5.000000074505805969e-02 0.000000000000000000e+00
 -1.299999952316284180e-01 5.000000074505805969e-02 0.000000000000000000e+00
 -1.244999989867210388e-01 5.000000074505805969e-02 0.000000000000000000e+00
 -1.190000027418136597e-01 5.000000074505805969e-02 0.000000000000000000e+00
 -1.134999990463256836e-01 5.000000074505805969e-02 0.000000000000000000e+00
 -1.080000028014183044e-01 5.000000074505805969e-02 0.000000000000000000e+00
 -1.024999991059303284e-01 5.000000074505805969e-02 0.000000000000000000e+00
 -9.700000286102294922e-02 5.000000074505805969e-02 0.000000000000000000e+00
 -9.149999916553497314e-02 5.000000074505805969e-02 0.000000000000000000e+00
 -8.600000292062759399e-02 5.000000074505805969e-02 0.000000000000000000e+00
 -8.049999922513961792e-02 5.000000074505805969e-02 0.000000000000000000e+00
 -7.500000298023223877e-02 5.000000074505805969e-02 0.000000000000000000e+00
 -6.949999928474426270e-02 5.000000074505805969e-02 0.000000000000000000e+00
 -6.400000303983688354e-02 5.000000074505805969e-02 0.000000000000000000e+00
 -5.849999934434890747e-02 5.000000074505805969e-02 0.000000000000000000e+00
 -5.299999937415122986e-02 5.000000074505805969e-02 0.000000000000000000e+00
 -4.749999940395355225e-02 5.000000074505805969e-02 0.000000000000000000e+00
 -4.199999943375587463e-02 5.000000074505805969e-02 0.000000000000000000e+00
 -3.649999946355819702e-02 5.000000074505805969e-02 0.000000000000000000e+00
 -3.099999949336051941e-02 5.000000074505805969e-02 0.000000000000000000e+00
 -2.549999952316284180e-02 5.000000074505805969e-02 0.000000000000000000e+00
 -1.999999955296516418e-02 5.000000074505805969e-02 0.000000000000000000e+00
 -1.449999958276748657e-02 5.000000074505805969e-02 0.000000000000000000e+00
 -8.999999612569808960e-03 5.000000074505805969e-02 0.000000000000000000e+00
 -3.500000108033418655e-03 5.000000074505805969e-02 0.000000000000000000e+00
 2.000000094994902611e-03 5.000000074505805969e-02 0.000000000000000000e+00
 7.499999832361936569e-03 5.000000074505805969e-02 0.000000000000000000e+00
 1.300000026822090149e-02 5.000000074505805969e-02 0.000000000000000000e+00
 1.850000023841857910e-02 5.000000074505805969e-02 0.000000000000000000e+00
 2.400000020861625671e-02 5.000000074505805969e-02 0.000000000000000000e+00
 2.950000017881393433e-02 5.000000074505805969e-02 0.000000000000000000e+00
 3.500000014901161194e-02 5.000000074505805969e-02 0.000000000000000000e+00
 4.050000011920928955e-02 5.000000074505805969e-02 0.000000000000000000e+00
 4.600000008940696716e-02 5.000000074505805969e-02 0.000000000000000000e+00
 5.150000005960464478e-02 5.000000074505805969e-02 0.000000000000000000e+00
 5.700000002980232239e-02 5.000000074505805969e-02 0.000000000000000000e+00
 6.250000000000000000e-02 5.000000074505805969e-02 0.000000000000000000e+00
 6.800000369548797607e-02 5.000000074505805969e-02 0.000000000000000000e+00
 7.349999994039535522e-02 5.000000074505805969e-02 0.000000000000000000e+00
 7.900000363588333130e-02 5.000000074505805969e-02 0.000000000000000000e+00
 8.449999988079071045e-02 5.000000074505805969e-02 0.000000000000000000e+00
 9.000000357627868652e-02 5.000000074505805969e-02 0.000000000000000000e+00
 9.549999982118606567e-02 5.000000074505805969e-02 0.000000000000000000e+00
 1.010000035166740417e-01 5.000000074505805969e-02 0.000000000000000000e+00
 1.064999997615814209e-01 5.000000074505805969e-02 0.000000000000000000e+00
 1.120000034570693970e-01 5.000000074505805969e-02 0.000000000000000000e+00
 1.174999997019767761e-01 5.000000074505805969e-02 0.000000000000000000e+00
 1.230000033974647522e-01 5.000000074505805969e-02 0.000000000000000000e+00
 1.284999996423721313e-01 5.000000074505805969e-02 0.000000000000000000e+00
 1.340000033378601074e-01 5.000000074505805969e-02 0.000000000000000000e+00
 1.395000070333480835e-01 5.000000074505805969e-02 0.000000000000000000e+00
 1.449999958276748657e-01 5.000000074505805969e-02 0.000000000000000000e+00
 1.504999995231628418e-01 5.000000074505805969e-02 0.000000000000000000e+00
 1.560000032186508179e-01 5.000000074505805969e-02 0.000000000000000000e+00
 1.615000069141387939e-01 5.000000074505805969e-02 0.000000000000000000e+00
 1.669999957084655762e-01 5.000000074505805969e-02 0.000000000000000000e+00
 1.724999994039535522e-01 5.000000074505805969e-02 0.000000000000000000e+00
 1.780000030994415283e-01 5.000000074505805969e-02 0.000000000000000000e+00
 1.835000067949295044e-01 5.000000074505805969e-02 0.000000000000000000e+00
 1.889999955892562866e-01 5.000000074505805969e-02 0.000000000000000000e+00
 1.944999992847442627e-01 5.000000074505805969e-02 0.000000000000000000e+00
 2.000000029802322388e-01 5.000000074505805969e-02 0.000000000000000000e+00
 2.055000066757202148e-01 5.000000074505805969e-02 0.000000000000000000e+00
 2.109999954700469971e-01 5.000000074505805969e-02 0.000000000000000000e+00
 2.164999991655349731e-01 5.000000074505805969e-02 0.000000000000000000e+00
 2.220000028610229492e-01 5.000000074505805969e-02 0.000000000000000000e+00
 2.275000065565109253e-01 5.000000074505805969e-02 0.000000000000000000e+00
 2.329999953508377075e-01 5.000000074505805969e-02 0.000000000000000000e+00
 2.384999990463256836e-01 5.000000074505805969e-02 0.000000000000000000e+00
 2.440000027418136597e-01 5.000000074505805969e-02 0.000000000000000000e+00
 2.495000064373016357e-01 5.000000074505805969e-02 0.000000000000000000e+00
 2.549999952316284180e-01 5.000000074505805969e-02 0.000000000000000000e+00
 2.605000138282775879e-01 5.000000074505805969e-02 0.000000000000000000e+00
 2.660000026226043701e-01 5.000000074505805969e-02 0.000000000000000000e+00
 2.714999914169311523e-01 5.000000074505805969e-02 0.000000000000000000e+00
 2.770000100135803223e-01 5.000000074505805969e-02 0.000000000000000000e+00
 2.824999988079071045e-01 5.000000074505805969e-02 0.000000000000000000e+00
 2.879999876022338867e-01 5.000000074505805969e-02 0.000000000000000000e+00
 2.935000061988830566e-01 5.000000074505805969e-02 0.000000000000000000e+00
 2.989999949932098389e-01 5.000000074505805969e-02 0.000000000000000000e+00
 3.045000135898590088e-01 5.000000074505805969e-02 0.000000000000000000e+00
 3.100000023841857910e-01 5.000000074505805969e-02 0.000000000000000000e+00
 3.154999911785125732e-01 5.000000074505805969e-02 0.000000000000000000e+00
 3.210000097751617432e-01 5.000000074505805969e-02 0.000000000000000000e+00
 3.264999985694885254e-01 5.000000074505805969e-02 0.000000000000000000e+00
 3.319999873638153076e-01 5.000000074505805969e-02 0.000000000000000000e+00
 3.375000059604644775e-01 5.000000074505805969e-02 0.000000000000000000e+00
 3.429999947547912598e-01 5.000000074505805969e-02 0.000000000000000000e+00
 3.485000133514404297e-01 5.000000074505805969e-02 0.000000000000000000e+00
 3.540000021457672119e-01 5.000000074505805969e-02 0.000000000000000000e+00
 3.594999909400939941e-01 5.000000074505805969e-02 0.000000000000000000e+00
 3.650000095367431641e-01 5.000000074505805969e-02 0.000000000000000000e+00
 3.704999983310699463e-01 5.000000074505805969e-02 0.000000000000000000e+00
 3.759999871253967285e-01 5.000000074505805969e-02 0.000000000000000000e+00
 3.815000057220458984e-01 5.000000074505805969e-02 0.000000000000000000e+00
 3.869999945163726807e-01 5.000000074505805969e-02 0.000000000000000000e+00
 3.925000131130218506e-01 5.000000074505805969e-02 0.000000000000000000e+00
 3.980000019073486328e-01 5.000000074505805969e-02 0.000000000000000000e+00
 4.034999907016754150e-01 5.000000074505805969e-02 0.000000000000000000e+00
 4.090000092983245850e-01 5.000000074505805969e-02 0.000000000000000000e+00
 4.144999980926513672e-01 5.000000074505805969e-02 0.000000000000000000e+00
 4.199999868869781494e-01 5.000000074505805969e-02 0.000000000000000000e+00
 4.255000054836273193e-01 5.000000074505805969e-02 0.000000000000000000e+00
 4.309999942779541016e-01 5.000000074505805969e-02 0.000000000000000000e+00
 4.365000128746032715e-01 5.000000074505805969e-02 0.000000000000000000e+00
 4.420000016689300537e-01 5.000000074505805969e-02 0.000000000000000000e+00
 4.474999904632568359e-01 5.000000074505805969e-02 0.000000000000000000e+00
 4.530000090599060059e-01 5.000000074505805969e-02 0.000000000000000000e+00
 4.584999978542327881e-01 5.000000074505805969e-02 0.000000000000000000e+00
 4.639999866485595703e-01 5.000000074505805969e-02 0.000000000000000000e+00
 4.695000052452087402e-01 5.000000074505805969e-02 0.000000000000000000e+00
 4.749999940395355225e-01 5.000000074505805969e-02 0.000000000000000000e+00
 4.805000126361846924e-01 5.000000074505805969e-02 0.000000000000000000e+00
 4.860000014305114746e-01 5.000000074505805969e-02 0.000000000000000000e+00
 4.914999902248382568e-01 5.000000074505805969e-02 0.000000000000000000e+00
 4.970000088214874268e-01 5.000000074505805969e-02 0.000000000000000000e+00
 5.024999976158142090e-01 5.000000074505805969e-02 0.000000000000000000e+00
 5.080000162124633789e-01 5.000000074505805969e-02 0.000000000000000000e+00
 5.134999752044677734e-01 5.000000074505805969e-02 0.000000000000000000e+00
 5.189999938011169434e-01 5.000000074505805969e-02 0.000000000000000000e+00
 5.245000123977661133e-01 5.000000074505805969e-02 0.000000000000000000e+00
 5.299999713897705078e-01 5.000000074505805969e-02 0.000000000000000000e+00
 5.354999899864196777e-01 5.000000074505805969e-02 0.000000000000000000e+00
 5.410000085830688477e-01 5.000000074505805969e-02 0.000000000000000000e+00
 5.465000271797180176e-01 5.000000074505805969e-02 0.000000000000000000e+00
 5.519999861717224121e-01 5.000000074505805969e-02 0.000000000000000000e+00
 5.575000047683715820e-01 5.000000074505805969e-02 0.000000000000000000e+00
 5.630000233650207520e-01 5.000000074505805969e-02 0.000000000000000000e+00
 5.684999823570251465e-01 5.000000074505805969e-02 0.000000000000000000e+00
 5.740000009536743164e-01 5.000000074505805969e-02 0.000000000000000000e+00
 5.795000195503234863e-01 5.000000074505805969e-02 0.000000000000000000e+00
 5.849999785423278809e-01 5.000000074505805969e-02 0.000000000000000000e+00
 5.904999971389770508e-01 5.000000074505805969e-02 0.000000000000000000e+00
 5.960000157356262207e-01 5.000000074505805969e-02 0.000000000000000000e+00
 6.014999747276306152e-01 5.000000074505805969e-02 0.000000000000000000e+00
 6.069999933242797852e-01 5.000000074505805969e-02 0.000000000000000000e+00
 6.125000119209289551e-01 5.000000074505805969e-02 0.000000000000000000e+00
 6.179999709129333496e-01 5.000000074505805969e-02 0.000000000000000000e+00
 6.234999895095825195e-01 5.000000074505805969e-02 0.000000000000000000e+00
 6.290000081062316895e-01 5.000000074505805969e-02 0.000000000000000000e+00
 6.345000267028808594e-01 5.000000074505805969e-02 0.000000000000000000e+00
 6.399999856948852539e-01 5.000000074505805969e-02 0.000000000000000000e+00
 6.455000042915344238e-01 5.000000074505805969e-02 0.000000000000000000e+00
 6.510000228881835938e-01 5.000000074505805969e-02 0.000000000000000000e+00
 6.564999818801879883e-01 5.000000074505805969e-02 0.000000000000000000e+00
 6.620000004768371582e-01 5.000000074505805969e-02 0.000000000000000000e+00
 6.675000190734863281e-01 5.000000074505805969e-02 0.000000000000000000e+00
 6.729999780654907227e-01 5.000000074505805969e-02 0.000000000000000000e+00
 6.784999966621398926e-01 5.000000074505805969e-02 0.000000000000000000e+00
 6.840000152587890625e-01 5.000000074505805969e-02 0.000000000000000000e+00
 6.894999742507934570e-01 5.000000074505805969e-02 0.000000000000000000e+00
 6.949999928474426270e-01 5.000000074505805969e-02 0.000000000000000000e+00
 7.005000114440917969e-01 5.000000074505805969e-02 0.000000000000000000e+00
 7.059999704360961914e-01 5.000000074505805969e-02 0.000000000000000000e+00
 7.114999890327453613e-01 5.000000074505805969e-02 0.000000000000000000e+00
 7.170000076293945312e-01 5.000000074505805969e-02 0.000000000000000000e+00
 7.225000262260437012e-01 5.000000074505805969e-02 0.000000000000000000e+00
 7.279999852180480957e-01 5.000000074505805969e-02 0.000000000000000000e+00
 7.335000038146972656e-01 5.000000074505805969e-02 0.000000000000000000e+00
 7.390000224113464355e-01 5.000000074505805969e-02 0.000000000000000000e+00
 7.444999814033508301e-01 5.000000074505805969e-02 0.000000000000000000e+00
 7.500000000000000000e-01 5.000000074505805969e-02 0.000000000000000000e+00
 -6.250000000000000000e-01 1.000000014901161194e-01 0.000000000000000000e+00
 -6.194999814033508301e-01 1.000000014901161194e-01 0.000000000000000000e+00
 -6.140000224113464355e-01 1.000000014901161194e-01 0.000000000000000000e+00
 -6.085000038146972656e-01 1.000000014901161194e-01 0.000000000000000000e+00
 -6.029999852180480957e-01 1.000000014901161194e-01 0.000000000000000000e+00
 -5.975000262260437012e-01 1.000000014901161194e-01 0.000000000000000000e+00
 -5.920000076293945312e-01 1.000000014901161194e-01 0.000000000000000000e+00
 -5.864999890327453613e-01 1.000000014901161194e-01 0.000000000000000000e+00
 -5.809999704360961914e-01 1.000000014901161194e-01 0.000000000000000000e+00
 -5.755000114440917969e-01 1.000000014901161194e-01 0.000000000000000000e+00
 -5.699999928474426270e-01 1.000000014901161194e-01 0.000000000000000000e+00
 -5.644999742507934570e-01 1.000000014901161194e-01 0.000000000000000000e+00
 -5.590000152587890625e-01 1.000000014901161194e-01 0.000000000000000000e+00
 -5.534999966621398926e-01 1.000000014901161194e-01 0.000000000000000000e+00
 -5.479999780654907227e-01 1.000000014901161194e-01 0.000000000000000000e+00
 -5.425000190734863281e-01 1.000000014901161194e-01 0.000000000000000000e+00
 -5.370000004768371582e-01 1.000000014901161194e-01 0.000000000000000000e+00
 -5.314999818801879883e-01 1.000000014901161194e-01 0.000000000000000000e+00
 -5.260000228881835938e-01 1.000000014901161194e-01 0.000000000000000000e+00
 -5.205000042915344238e-01 1.000000014901161194e-01 0.000000000000000000e+00
 -5.149999856948852539e-01 1.000000014901161194e-01 0.000000000000000000e+00
 -5.095000267028808594e-01 1.000000014901161194e-01 0.000000000000000000e+00
 -5.040000081062316895e-01 1.000000014901161194e-01 0.000000000000000000e+00
 -4.984999895095825195e-01 1.000000014901161194e-01 0.000000000000000000e+00
 -4.930000007152557373e-01 1.000000014901161194e-01 0.000000000000000000e+00
 -4.875000119209289551e-01 1.000000014901161194e-01 0.000000000000000000e+00
 -4.819999933242797852e-01 1.000000014901161194e-01 0.000000000000000000e+00
 -4.765000045299530029e-01 1.000000014901161194e-01 0.000000000000000000e+00
 -4.709999859333038330e-01 1.000000014901161194e-01 0.000000000000000000e+00
 -4.654999971389770508e-01 1.000000014901161194e-01 0.000000000000000000e+00
 -4.600000083446502686e-01 1.000000014901161194e-01 0.000000000000000000e+00
 -4.544999897480010986e-01 1.000000014901161194e-01 0.000000000000000000e+00
 -4.490000009536743164e-01 1.000000014901161194e-01 0.000000000000000000e+00
 -4.435000121593475342e-01 1.000000014901161194e-01 0.000000000000000000e+00
 -4.379999935626983643e-01 1.000000014901161194e-01 0.000000000000000000e+00
 -4.325000047683715820e-01 1.000000014901161194e-01 0.000000000000000000e+00
 -4.269999861717224121e-01 1.000000014901161194e-01 0.000000000000000000e+00
 -4.214999973773956299e-01 1.000000014901161194e-01 0.000000000000000000e+00
 -4.160000085830688477e-01 1.000000014901161194e-01 0.000000000000000000e+00
 -4.104999899864196777e-01 1.000000014901161194e-01 0.000000000000000000e+00
 -4.050000011920928955e-01 1.000000014901161194e-01 0.000000000000000000e+00
 -3.995000123977661133e-01 1.000000014901161194e-01 0.000000000000000000e+00
 -3.939999938011169434e-01 1.000000014901161194e-01 0.000000000000000000e+00
 -3.885000050067901611e-01 1.000000014901161194e-01 0.000000000000000000e+00
 -3.829999864101409912e-01 1.000000014901161194e-01 0.000000000000000000e+00
 -3.774999976158142090e-01 1.000000014901161194e-01 0.000000000000000000e+00
 -3.720000088214874268e-01 1.000000014901161194e-01 0.000000000000000000e+00
 -3.664999902248382568e-01 1.000000014901161194e-01 0.000000000000000000e+00
 -3.610000014305114746e-01 1.000000014901161194e-01 0.000000000000000000e+00
 -3.555000126361846924e-01 1.000000014901161194e-01 0.000000000000000000e+00
 -3.499999940395355225e-01 1.000000014901161194e-01 0.000000000000000000e+00
 -3.445000052452087402e-01 1.000000014901161194e-01 0.000000000000000000e+00
 -3.389999866485595703e-01 1.000000014901161194e-01 0.000000000000000000e+00
 -3.334999978542327881e-01 1.000000014901161194e-01 0.000000000000000000e+00
 -3.280000090599060059e-01 1.000000014901161194e-01 0.000000000000000000e+00
 -3.224999904632568359e-01 1.000000014901161194e-01 0.000000000000000000e+00
 -3.170000016689300537e-01 1.000000014901161194e-01 0.000000000000000000e+00
 -3.115000128746032715e-01 1.000000014901161194e-01 0.000000000000000000e+00
 -3.059999942779541016e-01 1.000000014901161194e-01 0.000000000000000000e+00
 -3.005000054836273193e-01 1.000000014901161194e-01 0.000000000000000000e+00
 -2.949999868869781494e-01 1.000000014901161194e-01 0.000000000000000000e+00
 -2.894999980926513672e-01 1.000000014901161194e-01 0.000000000000000000e+00
 -2.840000092983245850e-01 1.000000014901161194e-01 0.000000000000000000e+00
 -2.784999907016754150e-01 1.000000014901161194e-01 0.000000000000000000e+00
 -2.730000019073486328e-01 1.000000014901161194e-01 0.000000000000000000e+00
 -2.675000131130218506e-01 1.000000014901161194e-01 0.000000000000000000e+00
 -2.619999945163726807e-01 1.000000014901161194e-01 0.000000000000000000e+00
 -2.565000057220458984e-01 1.000000014901161194e-01 0.000000000000000000e+00
 -2.509999871253967285e-01 1.000000014901161194e-01 0.000000000000000000e+00
 -2.454999983310699463e-01 1.000000014901161194e-01 0.000000000000000000e+00
 -2.399999946355819702e-01 1.000000014901161194e-01 0.000000000000000000e+00
 -2.345000058412551880e-01 1.000000014901161194e-01 0.000000000000000000e+00
 -2.290000021457672119e-01 1.000000014901161194e-01 0.000000000000000000e+00
 -2.234999984502792358e-01 1.000000014901161194e-01 0.000000000000000000e+00
 -2.179999947547912598e-01 1.000000014901161194e-01 0.000000000000000000e+00
 -2.125000059604644775e-01 1.000000014901161194e-01 0.000000000000000000e+00
 -2.070000022649765015e-01 1.000000014901161194e-01 0.000000000000000000e+00
 -2.014999985694885254e-01 1.000000014901161194e-01 0.000000000000000000e+00
 -1.959999948740005493e-01 1.000000014901161194e-01 0.000000000000000000e+00
 -1.905000060796737671e-01 1.000000014901161194e-01 0.000000000000000000e+00
 -1.850000023841857910e-01 1.000000014901161194e-01 0.000000000000000000e+00
 -1.794999986886978149e-01 1.000000014901161194e-01 0.000000000000000000e+00
 -1.739999949932098389e-01 1.000000014901161194e-01 0.000000000000000000e+00
 -1.685000061988830566e-01 1.000000014901161194e-01 0.000000000000000000e+00
 -1.630000025033950806e-01 1.000000014901161194e-01 0.000000000000000000e+00
 -1.574999988079071045e-01 1.000000014901161194e-01 0.000000000000000000e+00
 -1.519999951124191284e-01 1.000000014901161194e-01 0.000000000000000000e+00
 -1.465000063180923462e-01 1.000000014901161194e-01 0.000000000000000000e+00
 -1.410000026226043701e-01 1.000000014901161194e-01 0.000000000000000000e+00
 -1.354999989271163940e-01 1.000000014901161194e-01 0.000000000000000000e+00
 -1.299999952316284180e-01 1.000000014901161194e-01 0.000000000000000000e+00
 -1.244999989867210388e-01 1.000000014901161194e-01 0.000000000000000000e+00
 -1.190000027418136597e-01 1.000000014901161194e-01 0.000000000000000000e+00
 -1.134999990463256836e-01 1.000000014901161194e-01 0.000000000000000000e+00
 -1.080000028014183044e-01 1.000000014901161194e-01 0.000000000000000000e+00
 -1.024999991059303284e-01 1.000000014901161194e-01 0.000000000000000000e+00
 -9.700000286102294922e-02 1.000000014901161194e-01 0.000000000000000000e+00
 -9.149999916553497314e-02 1.000000014901161194e-01 0.000000000000000000e+00
 -8.600000292062759399e-02 1.000000014901161194e-01 0.000000000000000000e+00
 -8.049999922513961792e-02 1.000000014901161194e-01 0.000000000000000000e+00
 -7.500000298023223877e-02 1.000000014901161194e-01 0.000000000000000000e+00
 -6.949999928474426270e-02 1.000000014901161194e-01 0.000000000000000000e+00
 -6.400000303983688354e-02 1.000000014901161194e-01 0.000000000000000000e+00
 -5.849999934434890747e-02 1.000000014901161194e-01 0.000000000000000000e+00
 -5.299999937415122986e-02 1.000000014901161194e-01 0.000000000000000000e+00
 -4.749999940395355225e-02 1.000000014901161194e-01 0.000000000000000000e+00
 -4.199999943375587463e-02 1.000000014901161194e-01 0.000000000000000000e+00
 -3.649999946355819702e-02 1.000000014901161194e-01 0.000000000000000000e+00
 -3.099999949336051941e-02 1.000000014901161194e-01 0.000000000000000000e+00
 -2.549999952316284180e-02 1.000000014901161194e-01 0.000000000000000000e+00
 -1.999999955296516418e-02 1.000000014901161194e-01 0.000000000000000000e+00
 -1.449999958276748657e-02 1.000000014901161194e-01 0.000000000000000000e+00
 -8.999999612569808960e-03 1.000000014901161194e-01 0.000000000000000000e+00
 -3.500000108033418655e-03 1.000000014901161194e-01 0.000000000000000000e+00
 2.000000094994902611e-03 1.000000014901161194e-01 0.000000000000000000e+00
 7.499999832361936569e-03 1.000000014901161194e-01 0.000000000000000000e+00
 1.300000026822090149e-02 1.000000014901161194e-01 0.000000000000000000e+00
 1.850000023841857910e-02 1.000000014901161194e-01 0.000000000000000000e+00
 2.400000020861625671e-02 1.000000014901161194e-01 0.000000000000000000e+00
 2.950000017881393433e-02 1.000000014901161194e-01 0.000000000000000000e+00
 3.500000014901161194e-02 1.000000014901161194e-01 0.000000000000000000e+00
 4.050000011920928955e-02 1.000000014901161194e-01 0.000000000000000000e+00
 4.600000008940696716e-02 1.000000014901161194e-01 0.000000000000000000e+00
 5.150000005960464478e-02 1.000000014901161194e-01 0.000000000000000000e+00
 5.700000002980232239e-02 1.000000014901161194e-01 0.000000000000000000e+00
 6.250000000000000000e-02 1.000000014901161194e-01 0.000000000000000000e+00
 6.800000369548797607e-02 1.000000014901161194e-01 0.000000000000000000e+00
 7.349999994039535522e-02 1.000000014901161194e-01 0.000000000000000000e+00
 7.900000363588333130e-02 1.000000014901161194e-01 0.000000000000000000e+00
 8.449999988079071045e-02 1.000000014901161194e-01 0.000000000000000000e+00
 9.000000357627868652e-02 1.000000014901161194e-01 0.000000000000000000e+00
 9.549999982118606567e-02 1.000000014901161194e-01 0.000000000000000000e+00
 1.010000035166740417e-01 1.000000014901161194e-01 0.000000000000000000e+00
 1.064999997615814209e-01 1.000000014901161194e-01 0.000000000000000000e+00
 1.120000034570693970e-01 1.000000014901161194e-01 0.000000000000000000e+00
 1.174999997019767761e-01 1.000000014901161194e-01 0.000000000000000000e+00
 1.230000033974647522e-01 1.000000014901161194e-01 0.000000000000000000e+00
 1.284999996423721313e-01 1.000000014901161194e-01 0.000000000000000000e+00
 1.340000033378601074e-01 1.000000014901161194e-01 0.000000000000000000e+00
 1.395000070333480835e-01 1.000000014901161194e-01 0.000000000000000000e+00
 1.449999958276748657e-01 1.000000014901161194e-01 0.000000000000000000e+00
 1.504999995231628418e-01 1.000000014901161194e-01 0.000000000000000000e+00
 1.560000032186508179e-01 1.000000014901161194e-01 0.000000000000000000e+00
 1.615000069141387939e-01 1.000000014901161194e-01 0.000000000000000000e+00
 1.669999957084655762e-01 1.000000014901161194e-01 0.000000000000000000e+00
 1.724999994039535522e-01 1.000000014901161194e-01 0.000000000000000000e+00
 1.780000030994415283e-01 1.000000014901161194e-01 0.000000000000000000e+00
 1.835000067949295044e-01 1.000000014901161194e-01 0.000000000000000000e+00
 1.889999955892562866e-01 1.000000014901161194e-01 0.000000000000000000e+00
 1.944999992847442627e-01 1.000000014901161194e-01 0.000000000000000000e+00
 2.000000029802322388e-01 1.000000014901161194e-01 0.000000000000000000e+00
 2.055000066757202148e-01 1.000000014901161194e-01 0.000000000000000000e+00
 2.109999954700469971e-01 1.000000014901161194e-01 0.000000000000000000e+00
 2.164999991655349731e-01 1.000000014901161194e-01 0.000000000000000000e+00
 2.220000028610229492e-01 1.000000014901161194e-01 0.000000000000000000e+00
 2.275000065565109253e-01 1.000000014901161194e-01 0.000000000000000000e+00
 2.329999953508377075e-01 1.000000014901161194e-01 0.000000000000000000e+00
 2.384999990463256836e-01 1.000000014901161194e-01 0.000000000000000000e+00
 2.440000027418136597e-01 1.000000014901161194e-01 0.000000000000000000e+00
 2.495000064373016357e-01 1.000000014901161194e-01 0.000000000000000000e+00
 2.549999952316284180e-01 1.000000014901161194e-01 0.000000000000000000e+00
 2.605000138282775879e-01 1.000000014901161194e-01 0.000000000000000000e+00
 2.660000026226043701e-01 1.000000014901161194e-01 0.000000000000000000e+00
 2.714999914169311523e-01 1.000000014901161194e-01 0.000000000000000000e+00
 2.770000100135803223e-01 1.000000014901161194e-01 0.000000000000000000e+00
 2.824999988079071045e-01 1.000000014901161194e-01 0.000000000000000000e+00
 2.879999876022338867e-01 1.000000014901161194e-01 0.000000000000000000e+00
 2.935000061988830566e-01 1.000000014901161194e-01 0.000000000000000000e+00
 2.989999949932098389e-01 1.000000014901161194e-01 0.000000000000000000e+00
 3.045000135898590088e-01 1.000000014901161194e-01 0.000000000000000000e+00
 3.100000023841857910e-01 1.000000014901161194e-01 0.000000000000000000e+00
 3.154999911785125732e-01 1.000000014901161194e-01 0.000000000000000000e+00
 3.210000097751617432e-01 1.000000014901161194e-01 0.000000000000000000e+00
 3.264999985694885254e-01 1.000000014901161194e-01 0.000000000000000000e+00
 3.319999873638153076e-01 1.000000014901161194e-01 0.000000000000000000e+00
 3.375000059604644775e-01 1.000000014901161194e-01 0.000000000000000000e+00
 3.429999947547912598e-01 1.000000014901161194e-01 0.000000000000000000e+00
 3.485000133514404297e-01 1.000000014901161194e-01 0.000000000000000000e+00
 3.540000021457672119e-01 1.000000014901161194e-01 0.000000000000000000e+00
 3.594999909400939941e-01 1.000000014901161194e-01 0.000000000000000000e+00
 3.650000095367431641e-01 1.000000014901161194e-01 0.000000000000000000e+00
 3.704999983310699463e-01 1.000000014901161194e-01 0.000000000000000000e+00
 3.759999871253967285e-01 1.000000014901161194e-01 0.000000000000000000e+00
 3.815000057220458984e-01 1.000000014901161194e-01 0.000000000000000000e+00
 3.869999945163726807e-01 1.000000014901161194e-01 0.000000000000000000e+00
 3.925000131130218506e-01 1.000000014901161194e-01 0.000000000000000000e+00
 3.980000019073486328e-01 1.000000014901161194e-01 0.000000000000000000e+00
 4.034999907016754150e-01 1.000000014901161194e-01 0.000000000000000000e+00
 4.090000092983245850e-01 1.000000014901161194e-01 0.000000000000000000e+00
 4.144999980926513672e-01 1.000000014901161194e-01 0.000000000000000000e+00
 4.199999868869781494e-01 1.000000014901161194e-01 0.000000000000000000e+00
 4.255000054836273193e-01 1.000000014901161194e-01 0.000000000000000000e+00
 4.309999942779541016e-01 1.000000014901161194e-01 0.000000000000000000e+00
 4.365000128746032715e-01 1.000000014901161194e-01 0.000000000000000000e+00
 4.420000016689300537e-01 1.000000014901161194e-01 0.000000000000000000e+00
 4.474999904632568359e-01 1.000000014901161194e-01 0.000000000000000000e+00
 4.530000090599060059e-01 1.000000014901161194e-01 0.000000000000000000e+00
 4.584999978542327881e-01 1.000000014901161194e-01 0.000000000000000000e+00
 4.639999866485595703e-01 1.000000014901161194e-01 0.000000000000000000e+00
 4.695000052452087402e-01 1.000000014901161194e-01 0.000000000000000000e+00
 4.749999940395355225e-01 1.000000014901161194e-01 0.000000000000000000e+00
 4.805000126361846924e-01 1.000000014901161194e-01 0.000000000000000000e+00
 4.860000014305114746e-01 1.000000014901161194e-01 0.000000000000000000e+00
 4.914999902248382568e-01 1.000000014901161194e-01 0.000000000000000000e+00
 4.970000088214874268e-01 1.000000014901161194e-01 0.000000000000000000e+00
 5.024999976158142090e-01 1.000000014901161194e-01 0.000000000000000000e+00
 5.080000162124633789e-01 1.000000014901161194e-01 0.000000000000000000e+00
 5.134999752044677734e-01 1.000000014901161194e-01 0.000000000000000000e+00
 5.189999938011169434e-01 1.000000014901161194e-01 0.000000000000000000e+00
 5.245000123977661133e-01 1.000000014901161194e-01 0.000000000000000000e+00
 5.299999713897705078e-01 1.000000014901161194e-01 0.000000000000000000e+00
 5.354999899864196777e-01 1.000000014901161194e-01 0.000000000000000000e+00
 5.410000085830688477e-01 1.000000014901161194e-01 0.000000000000000000e+00
 5.465000271797180176e-01 1.000000014901161194e-01 0.000000000000000000e+00
 5.519999861717224121e-01 1.000000014901161194e-01 0.000000000000000000e+00
 5.575000047683715820e-01 1.000000014901161194e-01 0.000000000000000000e+00
 5.630000233650207520e-01 1.000000014901161194e-01 0.000000000000000000e+00
 5.684999823570251465e-01 1.000000014901161194e-01 0.000000000000000000e+00
 5.740000009536743164e-01 1.000000014901161194e-01 0.000000000000000000e+00
 5.795000195503234863e-01 1.000000014901161194e-01 0.000000000000000000e+00
 5.849999785423278809e-01 1.000000014901161194e-01 0.000000000000000000e+00
 5.904999971389770508e-01 1.000000014901161194e-01 0.000000000000000000e+00
 5.960000157356262207e-01 1.000000014901161194e-01 0.000000000000000000e+00
 6.014999747276306152e-01 1.000000014901161194e-01 0.000000000000000000e+00
 6.069999933242797852e-01 1.000000014901161194e-01 0.000000000000000000e+00
 6.125000119209289551e-01 1.000000014901161194e-01 0.000000000000000000e+00
 6.179999709129333496e-01 1.000000014901161194e-01 0.000000000000000000e+00
 6.234999895095825195e-01 1.000000014901161194e-01 0.000000000000000000e+00
 6.290000081062316895e-01 1.000000014901161194e-01 0.000000000000000000e+00
 6.345000267028808594e-01 1.000000014901161194e-01 0.000000000000000000e+00
 6.399999856948852539e-01 1.000000014901161194e-01 0.000000000000000000e+00
 6.455000042915344238e-01 1.000000014901161194e-01 0.000000000000000000e+00
 6.510000228881835938e-01 1.000000014901161194e-01 0.000000000000000000e+00
 6.564999818801879883e-01 1.000000014901161194e-01 0.000000000000000000e+00
 6.620000004768371582e-01 1.000000014901161194e-01 0.000000000000000000e+00
 6.675000190734863281e-01 1.000000014901161194e-01 0.000000000000000000e+00
 6.729999780654907227e-01 1.000000014901161194e-01 0.000000000000000000e+00
 6.784999966621398926e-01 1.000000014901161194e-01 0.000000000000000000e+00
 6.840000152587890625e-01 1.000000014901161194e-01 0.000000000000000000e+00
 6.894999742507934570e-01 1.000000014901161194e-01 0.000000000000000000e+00
 6.949999928474426270e-01 1.000000014901161194e-01 0.000000000000000000e+00
 7.005000114440917969e-01 1.000000014901161194e-01 0.000000000000000000e+00
 7.059999704360961914e-01 1.000000014901161194e-01 0.000000000000000000e+00
 7.114999890327453613e-01 1.000000014901161194e-01 0.000000000000000000e+00
 7.170000076293945312e-01 1.000000014901161194e-01 0.000000000000000000e+00
 7.225000262260437012e-01 1.000000014901161194e-01 0.000000000000000000e+00
 7.279999852180480957e-01 1.000000014901161194e-01 0.000000000000000000e+00
 7.335000038146972656e-01 1.000000014901161194e-01 0.000000000000000000e+00
 7.390000224113464355e-01 1.000000014901161194e-01 0.000000000000000000e+00
 7.444999814033508301e-01 1.000000014901161194e-01 0.000000000000000000e+00
 7.500000000000000000e-01 1.000000014901161194e-01 0.000000000000000000e+00
 </DataArray>
</Points>
<Cells>
 <DataArray type="Int32" Name="connectivity" format="ascii">
 0 1 252 251
 1 2 253 252
 2 3 254 253
 3 4 255 254
 4 5 256 255
 5 6 257 256
 6 7 258 257
 7 8 259 258
 8 9 260 259
 9 10 261 260
 10 11 262 261
 11 12 263 262
 12 13 264 263
 13 14 265 264
 14 15 266 265
 15 16 267 266
 16 17 268 267
 17 18 269 268
 18 19 270 269
 19 20 271 270
 20 21 272 271
 21 22 273 272
 22 23 274 273
 23 24 275 274
 24 25 276 275
 25 26 277 276
 26 27 278 277
 27 28 279 278
 28 29 280 279
 29 30 281 280
 30 31 282 281
 31 32 283 282
 32 33 284 283
 33 34 285 284
 34 35 286 285
 35 36 287 286
 36 37 288 287
 37 38 289 288
 38 39 290 289
 39 40 291 290
 40 41 292 291
 41 42 293 292
 42 43 294 293
 43 44 295 294
 44 45 296 295
 45 46 297 296
 46 47 298 297
 47 48 299 298
 48 49 300 299
 49 50 301 300
 50 51 302 301
 51 52 303 302
 52 53 304 303
 53 54 305 304
 54 55 306 305
 55 56 307 306
 56 57 308 307
 57 58 309 308
 58 59 310 309
 59 60 311 310
 60 61 312 311
 61 62 313 312
 62 63 314 313
 63 64 315 314
 64 65 316 315
 65 66 317 316
 66 67 318 317
 67 68 319 318
 68 69 320 319
 69 70 321 320
 70 71 322 321
 71 72 323 322
 72 73 324 323
 73 74 325 324
 74 75 326 325
 75 76 327 326
 76 77 328 327
 77 78 329 328
 78 79 330 329
 79 80 331 330
 80 81 332 331
 81 82 333 332
 82 83 334 333
 83 84 335 334
 84 85 336 335
 85 86 337 336
 86 87 338 337
 87 88 339 338
 88 89 340 339
 89 90 341 340
 90 91 342 341
 91 92 343 342
 92 93 344 343
 93 94 345 344
 94 95 346 345
 95 96 347 346
 96 97 348 347
 97 98 349 348
 98 99 350 349
 99 100 351 350
 100 101 352 351
 101 102 353 352
 102 103 354 353
 103 104 355 354
 104 105 356 355
 105 106 357 356
 106 107 358 357
 107 108 359 358
 108 109 360 359
 109 110 361 360
 110 111 362 361
 111 112 363 362
 112 113 364 363
 113 114 365 364
 114 115 366 365
 115 116 367 366
 116 117 368 367
 117 118 369 368
 118 119 370 369
 119 120 371 370
 120 121 372 371
 121 122 373 372
 122 123 374 373
 123 124 375 374
 124 125 376 375
 125 126 377 376
 126 127 378 377
 127 128 379 378
 128 129 380 379
 129 130 381 380
 130 131 382 381
 131 132 383 382
 132 133 384 383
 133 134 385 384
 134 135 386 385
 135 136 387 386
 136 137 388 387
 137 138 389 388
 138 139 390 389
 139 140 391 390
 140 141 392 391
 141 142 393 392
 142 143 394 393
 143 144 395 394
 144 145 396 395
 145 146 397 396
 146 147 398 397
 147 148 399 398
 148 149 400 399
 149 150 401 400
 150 151 402 401
 151 152 403 402
 152 153 404 403
 153 154 405 404
 154 155 406 405
 155 156 407 406
 156 157 408 407
 157 158 409 408
 158 159 410 409
 159 160 411 410
 160 161 412 411
 161 162 413 412
 162 163 414 413
 163 164 415 414
 164 165 416 415
 165 166 417 416
 166 167 418 417
 167 168 419 418
 168 169 420 419
 169 170 421 420
 170 171 422 421
 171 172 423 422
 172 173 424 423
 173 174 425 424
 174 175 426 425
 175 176 427 426
 176 177 428 427
 177 178 429 428
 178 179 430 429
 179 180 431 430
 180 181 432 431
 181 182 433 432
 182 183 434 433
 183 184 435 434
 184 185 436 435
 185 186 437 436
 186 187 438 437
 187 188 439 438
 188 189 440 439
 189 190 441 440
 190 191 442 441
 191 192 443 442
 192 193 444 443
 193 194 445 444
 194 195 446 445
 195 196 447 446
 196 197 448 447
 197 198 449 448
 198 199 450 449
 199 200 451 450
 200 201 452 451
 201 202 453 452
 202 203 454 453
 203 204 455 454
 204 205 456 455
 205 206 457 456
 206 207 458 457
 207 208 459 458
 208 209 460 459
 209 210 461 460
 210 211 462 461
 211 212 463 462
 212 213 464 463
 213 214 465 464
 214 215 466 465
 215 216 467 466
 216 217 468 467
 217 218 469 468
 218 219 470 469
 219 220 471 470
 220 221 472 471
 221 222 473 472
 222 223 474 473
 223 224 475 474
 224 225 476 475
 225 226 477 476
 226 227 478 477
 227 228 479 478
 228 229 480 479
 229 230 481 480
 230 231 482 481
 231 232 483 482
 232 233 484 483
 233 234 485 484
 234 235 486 485
 235 236 487 486
 236 237 488 487
 237 238 489 488
 238 239 490 489
 239 240 491 490
 240 241 492 491
 241 242 493 492
 242 243 494 493
 243 244 495 494
 244 245 496 495
 245 246 497 496
 246 247 498 497
 247 248 499 498
 248 249 500 499
 249 250 501 500
 251 252 503 502
 252 253 504 503
 253 254 505 504
 254 255 506 505
 255 256 507 506
 256 257 508 507
 257 258 509 508
 258 259 510 509
 259 260 511 510
 260 261 512 511
 261 262 513 512
 262 263 514 513
 263 264 515 514
 264 265 516 515
 265 266 517 516
 266 267 518 517
 267 268 519 518
 268 269 520 519
 269 270 521 520
 270 271 522 521
 271 272 523 522
 272 273 524 523
 273 274 525 524
 274 275 526 525
 275 276 527 526
 276 277 528 527
 277 278 529 528
 278 279 530 529
 279 280 531 530
 280 281 532 531
 281 282 533 532
 282 283 534 533
 283 284 535 534
 284 285 536 535
 285 286 537 536
 286 287 538 537
 287 288 539 538
 288 289 540 539
 289 290 541 540
 290 291 542 541
 291 292 543 542
 292 293 544 543
 293 294 545 544
 294 295 546 545
 295 296 547 546
 296 297 548 547
 297 298 549 548
 298 299 550 549
 299 300 551 550
 300 301 552 551
 301 302 553 552
 302 303 554 553
 303 304 555 554
 304 305 556 555
 305 306 557 556
 306 307 558 557
 307 308 559 558
 308 309 560 559
 309 310 561 560
 310 311 562 561
 311 312 563 562
 312 313 564 563
 313 314 565 564
 314 315 566 565
 315 316 567 566
 316 317 568 567
 317 318 569 568
 318 319 570 569
 319 320 571 570
 320 321 572 571
 321 322 573 572
 322 323 574 573
 323 324 575 574
 324 325 576 575
 325 326 577 576
 326 327 578 577
 327 328 579 578
 328 329 580 579
 329 330 581 580
 330 331 582 581
 331 332 583 582
 332 333 584 583
 333 334 585 584
 334 335 586 585
 335 336 587 586
 336 337 588 587
 337 338 589 588
 338 339 590 589
 339 340 591 590
 340 341 592 591
 341 342 593 592
 342 343 594 593
 343 344 595 594
 344 345 596 595
 345 346 597 596
 346 347 598 597
 347 348 599 598
 348 349 600 599
 349 350 601 600
 350 351 602 601
 351 352 603 602
 352 353 604 603
 353 354 605 604
 354 355 606 605
 355 356 607 606
 356 357 608 607
 357 358 609 608
 358 359 610 609
 359 360 611 610
 360 361 612 611
 361 362 613 612
 362 363 614 613
 363 364 615 614
 364 365 616 615
 365 366 617 616
 366 367 618 617
 367 368 619 618
 368 369 620 619
 369 370 621 620
 370 371 622 621
 371 372 623 622
 372 373 624 623
 373 374 625 624
 374 375 626 625
 375 376 627 626
 376 377 628 627
 377 378 629 628
 378 379 630 629
 379 380 631 630
 380 381 632 631
 381 382 633 632
 382 383 634 633
 383 384 635 634
 384 385 636 635
 385 386 637 636
 386 387 638 637
 387 388 639 638
 388 389 640 639
 389 390 641 640
 390 391 642 641
 391 392 643 642
 392 393 644 643
 393 394 645 644
 394 395 646 645
 395 396 647 646
 396 397 648 647
 397 398 649 648
 398 399 650 649
 399 400 651 650
 400 401 652 651
 401 402 653 652
 402 403 654 653
 403 404 655 654
 404 405 656 655
 405 406 657 656
 406 407 658 657
 407 408 659 658
 408 409 660 659
 409 410 661 660
 410 411 662 661
 411 412 663 662
 412 413 664 663
 413 414 665 664
 414 415 666 665
 415 416 667 666
 416 417 668 667
 417 418 669 668
 418 419 670 669
 419 420 671 670
 420 421 672 671
 421 422 673 672
 422 423 674 673
 423 424 675 674
 424 425 676 675
 425 426 677 676
 426 427 678 677
 427 428 679 678
 428 429 680 679
 429 430 681 680
 430 431 682 681
 431 432 683 682
 432 433 684 683
 433 434 685 684
 434 435 686 685
 435 436 687 686
 436 437 688 687
 437 438 689 688
 438 439 690 689
 439 440 691 690
 440 441 692 691
 441 442 693 692
 442 443 694 693
 443 444 695 694
 444 445 696 695
 445 446 697 696
 446 447 698 697
 447 448 699 698
 448 449 700 699
 449 450 701 700
 450 451 702 701
 451 452 703 702
 452 453 704 703
 453 454 705 704
 454 455 706 705
 455 456 707 706
 456 457 708 707
 457 458 709 708
 458 459 710 709
 459 460 711 710
 460 461 712 711
 461 462 713 712
 462 463 714 713
 463 464 715 714
 464 465 716 715
 465 466 717 716
 466 467 718 717
 467 468 719 718
 468 469 720 719
 469 470 721 720
 470 471 722 721
 471 472 723 722
 472 473 724 723
 473 474 725 724
 474 475 726 725
 475 476 727 726
 476 477 728 727
 477 478 729 728
 478 479 730 729
 479 480 731 730
 480 481 732 731
 481 482 733 732
 482 483 734 733
 483 484 735 734
 484 485 736 735
 485 486 737 736
 486 487 738 737
 487 488 739 738
 488 489 740 739
 489 490 741 740
 490 491 742 741
 491 492 743 742
 492 493 744 743
 493 494 745 744
 494 495 746 745
 495 496 747 746
 496 497 748 747
 497 498 749 748
 498 499 750 749
 499 500 751 750
 500 501 752 751
 </DataArray>
 <DataArray type="Int32" Name="offsets" format="ascii">
 4
 8
 12
 16
 20
 24
 28
 32
 36
 40
 44
 48
 52
 56
 60
 64
 68
 72
 76
 80
 84
 88
 92
 96
 100
 104
 108
 112
 116
 120
 124
 128
 132
 136
 140
 144
 148
 152
 156
 160
 164
 168
 172
 176
 180
 184
 188
 192
 196
 200
 204
 208
 212
 216
 220
 224
 228
 232
 236
 240
 244
 248
 252
 256
 260
 264
 268
 272
 276
 280
 284
 288
 292
 296
 300
 304
 308
 312
 316
 320
 324
 328
 332
 336
 340
 344
 348
 352
 356
 360
 364
 368
 372
 376
 380
 384
 388
 392
 396
 400
 404
 408
 412
 416
 420
 424
 428
 432
 436
 440
 444
 448
 452
 456
 460
 464
 468
 472
 476
 480
 484
 488
 492
 496
 500
 504
 508
 512
 516
 520
 524
 528
 532
 536
 540
 544
 548
 552
 556
 560
 564
 568
 572
 576
 580
 584
 588
 592
 596
 600
 604
 608
 612
 616
 620
 624
 628
 632
 636
 640
 644
 648
 652
 656
 660
 664
 668
 672
 676
 680
 684
 688
 692
 696
 700
 704
 708
 712
 716
 720
 724
 728
 732
 736
 740
 744
 748
 752
 756
 760
 764
 768
 772
 776
 780
 784
 788
 792
 796
 800
 804
 808
 812
 816
 820
 824
 828
 832
 836
 840
 844
 848
 852
 856
 860
 864
 868
 872
 876
 880
 884
 888
 892
 896
 900
 904
 908
 912
 916
 920
 924
 928
 932
 936
 940
 944
 948
 952
 956
 960
 964
 968
 972
 976
 980
 984
 988
 992
 996
 1000
 1004
 1008
 1012
 1016
 1020
 1024
 1028
 1032
 1036
 1040
 1044
 1048
 1052
 1056
 1060
 1064
 1068
 1072
 1076
 1080
 1084
 1088
 1092
 1096
 1100
 1104
 1108
 1112
 1116
 1120
 1124
 1128
 1132
 1136
 1140
 1144
 1148
 1152
 1156
 1160
 1164
 1168
 1172
 1176
 1180
 1184
 1188
 1192
 1196
 1200
 1204
 1208
 1212
 1216
 1220
 1224
 1228
 1232
 1236
 1240
 1244
 1248
 1252
 1256
 1260
 1264
 1268
 1272
 1276
 1280
 1284
 1288
 1292
 1296
 1300
 1304
 1308
 1312
 1316
 1320
 1324
 1328
 1332
 1336
 1340
 1344
 1348
 1352
 1356
 1360
 1364
 1368
 1372
 1376
 1380
 1384
 1388
 1392
 1396
 1400
 1404
 1408
 1412
 1416
 1420
 1424
 1428
 1432
 1436
 1440
 1444
 1448
 1452
 1456
 1460
 1464
 1468
 1472
 1476
 1480
 1484
 1488
 1492
 1496
 1500
 1504
 1508
 1512
 1516
 1520
 1524
 1528
 1532
 1536
 1540
 1544
 1548
 1552
 1556
 1560
 1564
 1568
 1572
 1576
 1580
 1584
 1588
 1592
 1596
 1600
 1604
 1608
 1612
 1616
 1620
 1624
 1628
 1632
 1636
 1640
 1644
 1648
 1652
 1656
 1660
 1664
 1668
 1672
 1676
 1680
 1684
 1688
 1692
 1696
 1700
 1704
 1708
 1712
 1716
 1720
 1724
 1728
 1732
 1736
 1740
 1744
 1748
 1752
 1756
 1760
 1764
 1768
 1772
 1776
 1780
 1784
 1788
 1792
 1796
 1800
 1804
 1808
 1812
 1816
 1820
 1824
 1828
 1832
 1836
 1840
 1844
 1848
 1852
 1856
 1860
 1864
 1868
 1872
 1876
 1880
 1884
 1888
 1892
 1896
 1900
 1904
 1908
 1912
 1916
 1920
 1924
 1928
 1932
 1936
 1940
 1944
 1948
 1952
 1956
 1960
 1964
 1968
 1972
 1976
 1980
 1984
 1988
 1992
 1996
 2000
 </DataArray>
 <DataArray type="UInt8" Name="types" format="ascii">
 9
 9
 9
 9
 9
 9
 9
 9
 9
 9
 9
 9
 9
 9
 9
 9
 9
 9
 9
 9
 9
 9
 9
 9
 9
 9
 9
 9
 9
 9
 9
 9
 9
 9
 9
 9
 9
 9
 9
 9
 9
 9
 9
 9
 9
 9
 9
 9
 9
 9
 9
 9
 9
 9
 9
 9
 9
 9
 9
 9
 9
 9
 9
 9
 9
 9
 9
 9
 9
 9
 9
 9
 9
 9
 9
 9
 9
 9
 9
 9
 9
 9
 9
 9
 9
 9
 9
 9
 9
 9
 9
 9
 9
 9
 9
 9
 9
 9
 9
 9
 9
 9
 9
 9
 9
 9
 9
 9
 9
 9
 9
 9
 9
 9
 9
 9
 9
 9
 9
 9
 9
 9
 9
 9
 9
 9
 9
 9
 9
 9
 9
 9
 9
 9
 9
 9
 9
 9
 9
 9
 9
 9
 9
 9
 9
 9
 9
 9
 9
 9
 9
 9
 9
 9
 9
 9
 9
 9
 9
 9
 9
 9
 9
 9
 9
 9
 9
 9
 9
 9
 9
 9
 9
 9
 9
 9
 9
 9
 9
 9
 9
 9
 9
 9
 9
 9
 9
 9
 9
 9
 9
 9
 9
 9
 9
 9
 9
 9
 9
 9
 9
 9
 9
 9
 9
 9
 9
 9
 9
 9
 9
 9
 9
 9
 9
 9
 9
 9
 9
 9
 9
 9
 9
 9
 9
 9
 9
 9
 9
 9
 9
 9
 9
 9
 9
 9
 9
 9
 9
 9
 9
 9
 9
 9
 9
 9
 9
 9
 9
 9
 9
 9
 9
 9
 9
 9
 9
 9
 9
 9
 9
 9
 9
 9
 9
 9
 9
 9
 9
 9
 9
 9
 9
 9
 9
 9
 9
 9
 9
 9
 9
 9
 9
 9
 9
 9
 9
 9
 9
 9
 9
 9
 9
 9
 9
 9
 9
 9
 9
 9
 9
 9
 9
 9
 9
 9
 9
 9
 9
 9
 9
 9
 9
 9
 9
 9
 9
 9
 9
 9
 9
 9
 9
 9
 9
 9
 9
 9
 9
 9
 9
 9
 9
 9
 9
 9
 9
 9
 9
 9
 9
 9
 9
 9
 9
 9
 9
 9
 9
 9
 9
 9
 9
 9
 9
 9
 9
 9
 9
 9
 9
 9
 9
 9
 9
 9
 9
 9
 9
 9
 9
 9
 9
 9
 9
 9
 9
 9
 9
 9
 9
 9
 9
 9
 9
 9
 9
 9
 9
 9
 9
 9
 9
 9
 9
 9
 9
 9
 9
 9
 9
 9
 9
 9
 9
 9
 9
 9
 9
 9
 9
 9
 9
 9
 9
 9
 9
 9
 9
 9
 9
 9
 9
 9
 9
 9
 9
 9
 9
 9
 9
 9
 9
 9
 9
 9
 9
 9
 9
 9
 9
 9
 9
 9
 9
 9
 9
 9
 9
 9
 9
 9
 9
 9
 9
 9
 9
 9
 9
 9
 9
 9
 9
 9
 9
 9
 9
 9
 9
 9
 9
 9
 9
 9
 9
 9
 9
 9
 9
 9
 9
 9
 9
 9
 9
 9
 9
 9
 9
 9
 9
 9
 9
 9
 9
 9
 9
 9
 9
 9
 </DataArray>
</Cells>
<CellData>
 <DataArray Name="pos.x" type="Float32" NumberOfComponents="1" format="ascii">
 -6.222499999999970832e-01
 -6.167500000000060156e-01
 -6.112500000000026246e-01
 -6.057500000000067830e-01
 -6.002499999999996172e-01
 -5.947500000000048859e-01
 -5.892499999999941673e-01
 -5.837500000000067635e-01
 -5.782500000000038165e-01
 -5.727499999999916547e-01
 -5.672499999999978115e-01
 -5.617500000000028582e-01
 -5.562499999999975797e-01
 -5.507500000000106199e-01
 -5.452499999999964597e-01
 -5.397499999999927356e-01
 -5.342499999999961169e-01
 -5.287500000000034950e-01
 -5.232499999999965512e-01
 -5.177500000000133662e-01
 -5.122499999999904352e-01
 -5.067499999999981464e-01
 -5.012500000000023048e-01
 -4.957499999999995244e-01
 -4.902500000000008518e-01
 -4.847499999999995146e-01
 -4.792499999999994542e-01
 -4.737500000000061107e-01
 -4.682500000000019424e-01
 -4.627499999999968860e-01
 -4.572499999999977693e-01
 -4.517500000000004845e-01
 -4.462499999999979261e-01
 -4.407499999999981433e-01
 -4.352500000000024127e-01
 -4.297499999999985221e-01
 -4.242500000000004046e-01
 -4.187499999999977351e-01
 -4.132499999999992846e-01
 -4.077500000000031100e-01
 -4.022499999999986642e-01
 -3.967500000000019345e-01
 -3.912499999999991540e-01
 -3.857499999999975393e-01
 -3.802500000000020308e-01
 -3.747499999999991394e-01
 -3.692500000000044635e-01
 -3.637499999999986855e-01
 -3.582499999999964047e-01
 -3.527500000000047820e-01
 -3.472499999999983378e-01
 -3.417500000000024962e-01
 -3.362499999999976064e-01
 -3.307499999999992668e-01
 -3.252499999999989844e-01
 -3.197500000000012554e-01
 -3.142499999999979754e-01
 -3.087500000000030220e-01
 -3.032499999999973550e-01
 -2.977500000000011804e-01
 -2.922500000000012865e-01
 -2.867499999999992832e-01
 -2.812500000000009992e-01
 -2.757499999999977747e-01
 -2.702500000000016001e-01
 -2.647499999999980980e-01
 -2.592500000000014793e-01
 -2.537500000000000311e-01
 -2.482499999999995544e-01
 -2.427500000000002989e-01
 -2.372499999999999054e-01
 -2.317500000000005389e-01
 -2.262500000000002565e-01
 -2.207499999999997520e-01
 -2.152499999999990254e-01
 -2.097500000000005194e-01
 -2.042499999999994043e-01
 -1.987500000000002598e-01
 -1.932500000000003659e-01
 -1.877499999999999725e-01
 -1.822499999999996068e-01
 -1.767500000000002125e-01
 -1.712499999999992639e-01
 -1.657499999999999529e-01
 -1.602499999999995317e-01
 -1.547499999999999432e-01
 -1.492500000000003268e-01
 -1.437500000000001832e-01
 -1.382499999999994844e-01
 -1.327500000000004232e-01
 -1.272499999999993636e-01
 -1.217499999999998861e-01
 -1.162499999999996730e-01
 -1.107500000000001400e-01
 -1.052499999999996633e-01
 -9.974999999999999145e-02
 -9.424999999999973677e-02
 -8.874999999999998168e-02
 -8.324999999999957434e-02
 -7.774999999999983313e-02
 -7.224999999999978662e-02
 -6.675000000000015643e-02
 -6.125000000000017236e-02
 -5.575000000000011890e-02
 -5.025000000000004463e-02
 -4.475000000000017852e-02
 -3.925000000000015282e-02
 -3.374999999999993977e-02
 -2.825000000000000427e-02
 -2.275000000000015205e-02
 -1.725000000000021308e-02
 -1.175000000000003646e-02
 -6.249999999999977796e-03
 -7.500000000001393356e-04
 4.749999999999920952e-03
 1.025000000000009411e-02
 1.575000000000003481e-02
 2.124999999999988010e-02
 2.674999999999982947e-02
 3.225000000000001477e-02
 3.775000000000008210e-02
 4.324999999999991351e-02
 4.874999999999991840e-02
 5.425000000000006900e-02
 5.975000000000018491e-02
 6.524999999999987754e-02
 7.074999999999996569e-02
 7.625000000000003997e-02
 8.174999999999996159e-02
 8.724999999999996647e-02
 9.274999999999997136e-02
 9.825000000000023992e-02
 1.037499999999999534e-01
 1.092500000000001248e-01
 1.147499999999996301e-01
 1.202500000000004537e-01
 1.257499999999997509e-01
 1.312500000000002554e-01
 1.367500000000002047e-01
 1.422499999999997100e-01
 1.477500000000008251e-01
 1.532499999999996365e-01
 1.587499999999998079e-01
 1.642500000000000071e-01
 1.697499999999993736e-01
 1.752500000000005165e-01
 1.807500000000011042e-01
 1.862500000000004707e-01
 1.917499999999996985e-01
 1.972499999999997866e-01
 2.027500000000000968e-01
 2.082499999999997131e-01
 2.137500000000000233e-01
 2.192500000000009996e-01
 2.247499999999996445e-01
 2.302500000000010649e-01
 2.357499999999993212e-01
 2.412499999999999090e-01
 2.467500000000006910e-01
 2.522499999999993636e-01
 2.577500000000023106e-01
 2.632499999999992069e-01
 2.687499999999998779e-01
 2.742499999999995497e-01
 2.797499999999999987e-01
 2.852500000000005587e-01
 2.907500000000009521e-01
 2.962499999999981815e-01
 3.017499999999994631e-01
 3.072500000000009113e-01
 3.127499999999991953e-01
 3.182499999999996443e-01
 3.237499999999989830e-01
 3.292500000000022631e-01
 3.347499999999965503e-01
 3.402500000000012181e-01
 3.457499999999993912e-01
 3.512500000000027822e-01
 3.567499999999980131e-01
 3.622500000000008491e-01
 3.677499999999987446e-01
 3.732499999999964180e-01
 3.787500000000021405e-01
 3.842499999999998694e-01
 3.897500000000029829e-01
 3.952499999999987135e-01
 4.007499999999996620e-01
 4.062499999999992228e-01
 4.117499999999995608e-01
 4.172500000000041731e-01
 4.227499999999960734e-01
 4.282499999999997420e-01
 4.337500000000010236e-01
 4.392500000000004179e-01
 4.447499999999975362e-01
 4.502500000000035918e-01
 4.557499999999966578e-01
 4.612500000000023803e-01
 4.667500000000023852e-01
 4.722500000000011688e-01
 4.777499999999984537e-01
 4.832499999999980145e-01
 4.887499999999999067e-01
 4.942499999999987459e-01
 4.997500000000011933e-01
 5.052499999999995328e-01
 5.107499999999993712e-01
 5.162499999999995426e-01
 5.217500000000039329e-01
 5.272499999999992193e-01
 5.327499999999983915e-01
 5.382500000000000062e-01
 5.437499999999952927e-01
 5.492500000000051230e-01
 5.547499999999965237e-01
 5.602500000000063540e-01
 5.657499999999967555e-01
 5.712499999999997025e-01
 5.767500000000017613e-01
 5.822500000000003784e-01
 5.877500000000031033e-01
 5.932499999999969464e-01
 5.987500000000053335e-01
 6.042499999999887406e-01
 6.097500000000100062e-01
 6.152500000000026281e-01
 6.207499999999943618e-01
 6.262499999999990852e-01
 6.317500000000082494e-01
 6.372499999999956533e-01
 6.427499999999921609e-01
 6.482500000000053220e-01
 6.537500000000023848e-01
 6.592500000000013349e-01
 6.647499999999911813e-01
 6.702500000000064517e-01
 6.757499999999871942e-01
 6.812500000000126787e-01
 6.867499999999926441e-01
 6.922500000000155751e-01
 6.977499999999990932e-01
 7.032499999999958229e-01
 7.087499999999941069e-01
 7.142500000000031601e-01
 7.197499999999963372e-01
 7.252500000000157154e-01
 7.307499999999651497e-01
 7.362500000000274936e-01
 7.417499999999855875e-01
 7.472499999999987486e-01
 -6.222499999999941966e-01
 -6.167500000000005755e-01
 -6.112500000000026246e-01
 -6.057499999999983453e-01
 -6.002499999999859615e-01
 -5.947500000000101039e-01
 -5.892499999999941673e-01
 -5.837500000000067635e-01
 -5.782500000000049267e-01
 -5.727499999999905445e-01
 -5.672499999999978115e-01
 -5.617499999999986393e-01
 -5.562499999999934719e-01
 -5.507500000000106199e-01
 -5.452499999999995683e-01
 -5.397499999999980647e-01
 -5.342500000000002247e-01
 -5.287500000000076028e-01
 -5.232499999999986606e-01
 -5.177500000000070379e-01
 -5.122499999999873266e-01
 -5.067499999999970361e-01
 -5.012500000000023048e-01
 -4.957499999999995244e-01
 -4.902500000000029612e-01
 -4.847499999999973497e-01
 -4.792499999999994542e-01
 -4.737500000000061107e-01
 -4.682499999999987228e-01
 -4.627500000000001057e-01
 -4.572499999999977693e-01
 -4.517500000000004845e-01
 -4.462499999999979261e-01
 -4.407499999999981433e-01
 -4.352500000000034119e-01
 -4.297499999999975229e-01
 -4.242500000000004046e-01
 -4.187499999999977351e-01
 -4.132499999999983964e-01
 -4.077500000000039981e-01
 -4.022499999999986642e-01
 -3.967500000000019345e-01
 -3.912499999999991540e-01
 -3.857499999999975393e-01
 -3.802500000000020308e-01
 -3.747499999999991394e-01
 -3.692500000000044635e-01
 -3.637499999999986855e-01
 -3.582500000000001794e-01
 -3.527500000000031721e-01
 -3.472499999999962284e-01
 -3.417500000000003868e-01
 -3.362499999999997158e-01
 -3.307500000000013762e-01
 -3.252499999999989844e-01
 -3.197500000000012554e-01
 -3.142499999999979754e-01
 -3.087500000000030220e-01
 -3.032499999999976326e-01
 -2.977500000000008473e-01
 -2.922500000000012865e-01
 -2.867499999999992832e-01
 -2.812500000000009992e-01
 -2.757499999999977747e-01
 -2.702500000000016001e-01
 -2.647499999999980980e-01
 -2.592500000000014793e-01
 -2.537500000000000311e-01
 -2.482499999999987494e-01
 -2.427500000000011038e-01
 -2.372499999999999054e-01
 -2.317500000000005389e-01
 -2.262500000000002565e-01
 -2.207499999999997520e-01
 -2.152499999999990254e-01
 -2.097500000000005194e-01
 -2.042499999999994043e-01
 -1.987500000000002598e-01
 -1.932500000000001716e-01
 -1.877500000000001945e-01
 -1.822499999999996068e-01
 -1.767500000000002125e-01
 -1.712499999999992639e-01
 -1.657499999999999529e-01
 -1.602499999999995317e-01
 -1.547499999999999432e-01
 -1.492500000000003268e-01
 -1.437500000000001832e-01
 -1.382499999999995677e-01
 -1.327500000000003400e-01
 -1.272499999999993636e-01
 -1.217499999999998861e-01
 -1.162499999999996730e-01
 -1.107500000000001400e-01
 -1.052499999999996633e-01
 -9.974999999999999145e-02
 -9.424999999999973677e-02
 -8.874999999999998168e-02
 -8.324999999999979639e-02
 -7.774999999999981926e-02
 -7.224999999999978662e-02
 -6.675000000000017031e-02
 -6.125000000000022093e-02
 -5.575000000000011890e-02
 -5.025000000000004463e-02
 -4.475000000000011607e-02
 -3.925000000000013201e-02
 -3.374999999999993977e-02
 -2.825000000000000427e-02
 -2.275000000000015551e-02
 -1.725000000000021308e-02
 -1.175000000000003646e-02
 -6.249999999999977796e-03
 -7.500000000001393356e-04
 4.749999999999920952e-03
 1.025000000000009411e-02
 1.575000000000003481e-02
 2.124999999999988010e-02
 2.674999999999982947e-02
 3.225000000000000783e-02
 3.775000000000006822e-02
 4.324999999999988576e-02
 4.874999999999989758e-02
 5.425000000000006900e-02
 5.975000000000018491e-02
 6.524999999999990530e-02
 7.074999999999988243e-02
 7.625000000000003997e-02
 8.174999999999996159e-02
 8.724999999999996647e-02
 9.275000000000011013e-02
 9.825000000000023992e-02
 1.037499999999999534e-01
 1.092500000000001248e-01
 1.147499999999996301e-01
 1.202500000000002595e-01
 1.257499999999996954e-01
 1.312500000000002554e-01
 1.367500000000002047e-01
 1.422499999999997100e-01
 1.477500000000008251e-01
 1.532499999999995810e-01
 1.587500000000001132e-01
 1.642500000000000071e-01
 1.697499999999993736e-01
 1.752500000000009051e-01
 1.807500000000001883e-01
 1.862500000000004707e-01
 1.917499999999996985e-01
 1.972500000000004527e-01
 2.027499999999994307e-01
 2.082499999999997131e-01
 2.137500000000000233e-01
 2.192500000000009996e-01
 2.247499999999996445e-01
 2.302500000000002878e-01
 2.357500000000001261e-01
 2.412499999999999090e-01
 2.467500000000006910e-01
 2.522499999999993636e-01
 2.577500000000023106e-01
 2.632499999999989293e-01
 2.687500000000000999e-01
 2.742499999999995497e-01
 2.797499999999999987e-01
 2.852500000000017799e-01
 2.907499999999996754e-01
 2.962499999999981815e-01
 3.017499999999994631e-01
 3.072500000000006337e-01
 3.127500000000014713e-01
 3.182499999999996443e-01
 3.237499999999989830e-01
 3.292500000000022631e-01
 3.347499999999965503e-01
 3.402500000000012181e-01
 3.457499999999993912e-01
 3.512500000000027822e-01
 3.567499999999980131e-01
 3.622499999999971299e-01
 3.677500000000025193e-01
 3.732499999999964180e-01
 3.787500000000021405e-01
 3.842499999999998694e-01
 3.897500000000029829e-01
 3.952499999999987135e-01
 4.007499999999996620e-01
 4.062499999999992228e-01
 4.117499999999995608e-01
 4.172500000000051168e-01
 4.227499999999951852e-01
 4.282499999999997420e-01
 4.337500000000010236e-01
 4.392500000000004179e-01
 4.447499999999975362e-01
 4.502500000000035918e-01
 4.557499999999966578e-01
 4.612500000000023803e-01
 4.667500000000023852e-01
 4.722500000000043330e-01
 4.777499999999952895e-01
 4.832499999999980145e-01
 4.887499999999999067e-01
 4.942499999999987459e-01
 4.997500000000011933e-01
 5.052499999999995328e-01
 5.107499999999993712e-01
 5.162499999999995426e-01
 5.217500000000039329e-01
 5.272499999999981091e-01
 5.327499999999993907e-01
 5.382500000000000062e-01
 5.437499999999952927e-01
 5.492500000000051230e-01
 5.547499999999965237e-01
 5.602500000000063540e-01
 5.657499999999967555e-01
 5.712499999999997025e-01
 5.767500000000017613e-01
 5.822499999999992681e-01
 5.877500000000042135e-01
 5.932499999999969464e-01
 5.987500000000053335e-01
 6.042499999999887406e-01
 6.097500000000100062e-01
 6.152500000000026281e-01
 6.207499999999943618e-01
 6.262499999999990852e-01
 6.317500000000082494e-01
 6.372499999999956533e-01
 6.427499999999920499e-01
 6.482500000000054330e-01
 6.537500000000023848e-01
 6.592500000000013349e-01
 6.647499999999911813e-01
 6.702500000000064517e-01
 6.757499999999928564e-01
 6.812500000000069056e-01
 6.867499999999926441e-01
 6.922500000000155751e-01
 6.977499999999990932e-01
 7.032499999999958229e-01
 7.087499999999793410e-01
 7.142500000000178151e-01
 7.197499999999963372e-01
 7.252500000000157154e-01
 7.307499999999802487e-01
 7.362500000000123945e-01
 7.417499999999855875e-01
 7.472499999999987486e-01
 </DataArray>
 <DataArray Name="pos.y" type="Float32" NumberOfComponents="1" format="ascii">
 2.499999999999985567e-02
 2.500000000000015057e-02
 2.500000000000026160e-02
 2.500000000000008812e-02
 2.499999999999986261e-02
 2.499999999999994588e-02
 2.499999999999960587e-02
 2.500000000000040384e-02
 2.500000000000040384e-02
 2.499999999999960587e-02
 2.499999999999994241e-02
 2.499999999999985567e-02
 2.500000000000008812e-02
 2.500000000000026160e-02
 2.500000000000014710e-02
 2.499999999999985220e-02
 2.499999999999953995e-02
 2.500000000000046629e-02
 2.499999999999993200e-02
 2.500000000000039344e-02
 2.499999999999953995e-02
 2.499999999999994241e-02
 2.499999999999992506e-02
 2.500000000000008812e-02
 2.500000000000009853e-02
 2.499999999999992853e-02
 2.499999999999994241e-02
 2.500000000000017486e-02
 2.500000000000008812e-02
 2.499999999999994241e-02
 2.500000000000015057e-02
 2.499999999999985567e-02
 2.499999999999985567e-02
 2.500000000000015057e-02
 2.499999999999993200e-02
 2.500000000000008812e-02
 2.499999999999985567e-02
 2.499999999999994241e-02
 2.500000000000007078e-02
 2.500000000000015057e-02
 2.499999999999985567e-02
 2.500000000000015057e-02
 2.499999999999987996e-02
 2.499999999999992506e-02
 2.500000000000008812e-02
 2.499999999999992506e-02
 2.500000000000019221e-02
 2.499999999999992506e-02
 2.499999999999976893e-02
 2.500000000000023731e-02
 2.499999999999987996e-02
 2.500000000000015057e-02
 2.499999999999985567e-02
 2.500000000000015057e-02
 2.499999999999987996e-02
 2.500000000000015057e-02
 2.499999999999985567e-02
 2.500000000000003608e-02
 2.500000000000003608e-02
 2.500000000000003608e-02
 2.499999999999997016e-02
 2.500000000000003608e-02
 2.500000000000003608e-02
 2.499999999999987996e-02
 2.500000000000012976e-02
 2.499999999999987996e-02
 2.500000000000003608e-02
 2.500000000000003608e-02
 2.499999999999997016e-02
 2.500000000000003608e-02
 2.500000000000003608e-02
 2.500000000000003608e-02
 2.499999999999997016e-02
 2.500000000000003608e-02
 2.499999999999987996e-02
 2.500000000000003608e-02
 2.499999999999997016e-02
 2.500000000000003608e-02
 2.500000000000003608e-02
 2.500000000000003608e-02
 2.499999999999997016e-02
 2.500000000000003608e-02
 2.499999999999987996e-02
 2.500000000000003608e-02
 2.499999999999997016e-02
 2.500000000000003608e-02
 2.500000000000003608e-02
 2.500000000000003608e-02
 2.499999999999997016e-02
 2.500000000000003608e-02
 2.499999999999995628e-02
 2.500000000000003608e-02
 2.499999999999997016e-02
 2.500000000000003608e-02
 2.499999999999995628e-02
 2.500000000000003608e-02
 2.499999999999997016e-02
 2.500000000000003608e-02
 2.499999999999995628e-02
 2.499999999999999445e-02
 2.500000000000001180e-02
 2.499999999999999098e-02
 2.499999999999999445e-02
 2.500000000000002220e-02
 2.500000000000001180e-02
 2.500000000000001874e-02
 2.500000000000000486e-02
 2.499999999999999445e-02
 2.500000000000001180e-02
 2.499999999999999445e-02
 2.500000000000000486e-02
 2.500000000000000139e-02
 2.500000000000000139e-02
 2.500000000000000139e-02
 2.500000000000000139e-02
 2.500000000000000139e-02
 2.500000000000000139e-02
 2.499999999999999445e-02
 2.500000000000001527e-02
 2.499999999999999445e-02
 2.500000000000000486e-02
 2.500000000000001180e-02
 2.499999999999998404e-02
 2.499999999999999445e-02
 2.500000000000001180e-02
 2.500000000000001874e-02
 2.499999999999999792e-02
 2.500000000000002220e-02
 2.499999999999997016e-02
 2.499999999999997710e-02
 2.500000000000002914e-02
 2.500000000000003608e-02
 2.499999999999997016e-02
 2.500000000000004996e-02
 2.499999999999995628e-02
 2.500000000000001180e-02
 2.499999999999997016e-02
 2.500000000000004996e-02
 2.500000000000002220e-02
 2.499999999999995628e-02
 2.500000000000004996e-02
 2.499999999999997016e-02
 2.499999999999995628e-02
 2.499999999999994241e-02
 2.499999999999997016e-02
 2.499999999999997710e-02
 2.500000000000010547e-02
 2.500000000000003608e-02
 2.499999999999997016e-02
 2.499999999999997710e-02
 2.500000000000004649e-02
 2.499999999999994241e-02
 2.499999999999997016e-02
 2.500000000000012976e-02
 2.499999999999994241e-02
 2.500000000000003261e-02
 2.499999999999997016e-02
 2.499999999999997016e-02
 2.500000000000003608e-02
 2.499999999999994241e-02
 2.500000000000012976e-02
 2.499999999999997016e-02
 2.499999999999994241e-02
 2.500000000000003608e-02
 2.499999999999997016e-02
 2.499999999999997710e-02
 2.500000000000013670e-02
 2.499999999999987996e-02
 2.500000000000003608e-02
 2.499999999999997016e-02
 2.500000000000003608e-02
 2.499999999999987996e-02
 2.499999999999987996e-02
 2.500000000000012976e-02
 2.499999999999987996e-02
 2.500000000000019221e-02
 2.499999999999987996e-02
 2.500000000000012976e-02
 2.499999999999987996e-02
 2.500000000000019221e-02
 2.499999999999987996e-02
 2.499999999999981404e-02
 2.500000000000019221e-02
 2.499999999999987996e-02
 2.500000000000019221e-02
 2.499999999999981404e-02
 2.500000000000019221e-02
 2.499999999999987996e-02
 2.499999999999987996e-02
 2.500000000000012976e-02
 2.499999999999987996e-02
 2.500000000000019221e-02
 2.499999999999987996e-02
 2.500000000000012976e-02
 2.499999999999987996e-02
 2.500000000000019221e-02
 2.499999999999981404e-02
 2.500000000000019221e-02
 2.499999999999994241e-02
 2.500000000000007078e-02
 2.499999999999994241e-02
 2.499999999999987996e-02
 2.500000000000012976e-02
 2.499999999999987996e-02
 2.500000000000012976e-02
 2.499999999999987996e-02
 2.499999999999994241e-02
 2.500000000000007078e-02
 2.499999999999994241e-02
 2.500000000000019221e-02
 2.499999999999981404e-02
 2.500000000000019221e-02
 2.499999999999981404e-02
 2.500000000000019221e-02
 2.499999999999994241e-02
 2.500000000000007078e-02
 2.499999999999994241e-02
 2.499999999999987996e-02
 2.500000000000012976e-02
 2.499999999999987996e-02
 2.500000000000012976e-02
 2.499999999999987996e-02
 2.500000000000026160e-02
 2.499999999999975506e-02
 2.500000000000026160e-02
 2.499999999999987996e-02
 2.500000000000012976e-02
 2.499999999999987996e-02
 2.500000000000012976e-02
 2.499999999999987996e-02
 2.499999999999976547e-02
 2.500000000000026854e-02
 2.500000000000012976e-02
 2.499999999999987996e-02
 2.499999999999987996e-02
 2.500000000000012976e-02
 2.499999999999961975e-02
 2.500000000000037956e-02
 2.499999999999987996e-02
 2.500000000000026160e-02
 2.500000000000012976e-02
 2.499999999999987996e-02
 2.499999999999987996e-02
 2.500000000000012976e-02
 2.499999999999962669e-02
 2.500000000000051140e-02
 2.499999999999912709e-02
 2.500000000000089304e-02
 2.499999999999950179e-02
 2.499999999999987996e-02
 7.500000000000014988e-02
 7.499999999999990008e-02
 7.500000000000078826e-02
 7.499999999999994171e-02
 7.499999999999934497e-02
 7.500000000000042744e-02
 7.499999999999913680e-02
 7.500000000000088540e-02
 7.500000000000102418e-02
 7.499999999999899802e-02
 7.499999999999983069e-02
 7.499999999999990008e-02
 7.499999999999994171e-02
 7.500000000000078826e-02
 7.500000000000002498e-02
 7.499999999999996947e-02
 7.499999999999895639e-02
 7.500000000000106581e-02
 7.499999999999971967e-02
 7.500000000000092704e-02
 7.499999999999898415e-02
 7.499999999999981681e-02
 7.500000000000009437e-02
 7.499999999999994171e-02
 7.499999999999992784e-02
 7.500000000000017764e-02
 7.499999999999983069e-02
 7.500000000000085765e-02
 7.499999999999987232e-02
 7.499999999999991396e-02
 7.500000000000012212e-02
 7.499999999999990008e-02
 7.499999999999990008e-02
 7.500000000000012212e-02
 7.499999999999992784e-02
 7.499999999999980294e-02
 7.499999999999990008e-02
 7.499999999999983069e-02
 7.500000000000006661e-02
 7.500000000000030254e-02
 7.499999999999990008e-02
 7.500000000000012212e-02
 7.499999999999963640e-02
 7.500000000000009437e-02
 7.499999999999994171e-02
 7.500000000000009437e-02
 7.500000000000058009e-02
 7.500000000000009437e-02
 7.499999999999967804e-02
 7.500000000000037192e-02
 7.499999999999963640e-02
 7.500000000000012212e-02
 7.499999999999990008e-02
 7.500000000000012212e-02
 7.499999999999963640e-02
 7.500000000000012212e-02
 7.499999999999990008e-02
 7.500000000000010825e-02
 7.500000000000020539e-02
 7.500000000000001110e-02
 7.499999999999990008e-02
 7.500000000000010825e-02
 7.500000000000010825e-02
 7.499999999999963640e-02
 7.500000000000038580e-02
 7.499999999999963640e-02
 7.500000000000010825e-02
 7.500000000000010825e-02
 7.499999999999990008e-02
 7.500000000000012212e-02
 7.500000000000010825e-02
 7.500000000000010825e-02
 7.499999999999990008e-02
 7.500000000000010825e-02
 7.499999999999963640e-02
 7.500000000000010825e-02
 7.499999999999990008e-02
 7.500000000000010825e-02
 7.500000000000001110e-02
 7.500000000000021927e-02
 7.499999999999990008e-02
 7.500000000000010825e-02
 7.499999999999963640e-02
 7.500000000000010825e-02
 7.499999999999990008e-02
 7.500000000000010825e-02
 7.500000000000010825e-02
 7.500000000000010825e-02
 7.499999999999994171e-02
 7.500000000000008049e-02
 7.499999999999987232e-02
 7.500000000000010825e-02
 7.499999999999990008e-02
 7.500000000000010825e-02
 7.499999999999987232e-02
 7.500000000000010825e-02
 7.499999999999990008e-02
 7.500000000000010825e-02
 7.500000000000002498e-02
 7.499999999999995559e-02
 7.500000000000002498e-02
 7.499999999999999722e-02
 7.499999999999998335e-02
 7.500000000000006661e-02
 7.500000000000002498e-02
 7.499999999999998335e-02
 7.499999999999998335e-02
 7.499999999999998335e-02
 7.500000000000002498e-02
 7.499999999999999722e-02
 7.500000000000001110e-02
 7.500000000000001110e-02
 7.499999999999999722e-02
 7.499999999999999722e-02
 7.500000000000001110e-02
 7.500000000000001110e-02
 7.500000000000001110e-02
 7.499999999999996947e-02
 7.500000000000003886e-02
 7.499999999999998335e-02
 7.499999999999998335e-02
 7.499999999999994171e-02
 7.499999999999992784e-02
 7.499999999999998335e-02
 7.500000000000002498e-02
 7.500000000000003886e-02
 7.499999999999991396e-02
 7.500000000000006661e-02
 7.499999999999990008e-02
 7.499999999999990008e-02
 7.500000000000014988e-02
 7.500000000000010825e-02
 7.499999999999990008e-02
 7.500000000000013600e-02
 7.499999999999987232e-02
 7.500000000000002498e-02
 7.499999999999991396e-02
 7.500000000000013600e-02
 7.500000000000006661e-02
 7.499999999999987232e-02
 7.500000000000013600e-02
 7.499999999999984457e-02
 7.500000000000016376e-02
 7.499999999999983069e-02
 7.499999999999990008e-02
 7.500000000000021927e-02
 7.500000000000003886e-02
 7.500000000000010825e-02
 7.499999999999990008e-02
 7.500000000000023315e-02
 7.499999999999985845e-02
 7.499999999999983069e-02
 7.499999999999990008e-02
 7.500000000000038580e-02
 7.499999999999983069e-02
 7.500000000000005274e-02
 7.499999999999995559e-02
 7.499999999999990008e-02
 7.500000000000010825e-02
 7.499999999999983069e-02
 7.500000000000038580e-02
 7.499999999999987232e-02
 7.499999999999985845e-02
 7.500000000000010825e-02
 7.499999999999990008e-02
 7.500000000000027478e-02
 7.500000000000009437e-02
 7.499999999999963640e-02
 7.500000000000010825e-02
 7.499999999999980294e-02
 7.500000000000070499e-02
 7.499999999999963640e-02
 7.499999999999963640e-02
 7.500000000000038580e-02
 7.499999999999963640e-02
 7.500000000000058009e-02
 7.499999999999963640e-02
 7.500000000000038580e-02
 7.499999999999963640e-02
 7.499999999999990008e-02
 7.500000000000033029e-02
 7.499999999999944211e-02
 7.500000000000058009e-02
 7.499999999999963640e-02
 7.500000000000058009e-02
 7.499999999999944211e-02
 7.500000000000058009e-02
 7.499999999999963640e-02
 7.499999999999963640e-02
 7.500000000000053846e-02
 7.499999999999949762e-02
 7.500000000000058009e-02
 7.499999999999963640e-02
 7.500000000000038580e-02
 7.499999999999963640e-02
 7.500000000000058009e-02
 7.499999999999944211e-02
 7.500000000000058009e-02
 7.499999999999983069e-02
 7.500000000000027478e-02
 7.499999999999978906e-02
 7.499999999999963640e-02
 7.500000000000038580e-02
 7.499999999999963640e-02
 7.500000000000038580e-02
 7.499999999999963640e-02
 7.499999999999983069e-02
 7.500000000000021927e-02
 7.499999999999983069e-02
 7.500000000000053846e-02
 7.499999999999949762e-02
 7.500000000000058009e-02
 7.499999999999944211e-02
 7.500000000000058009e-02
 7.499999999999983069e-02
 7.500000000000021927e-02
 7.499999999999983069e-02
 7.499999999999963640e-02
 7.500000000000038580e-02
 7.499999999999948375e-02
 7.500000000000053846e-02
 7.499999999999963640e-02
 7.500000000000078826e-02
 7.499999999999927558e-02
 7.500000000000078826e-02
 7.499999999999963640e-02
 7.500000000000038580e-02
 7.499999999999963640e-02
 7.500000000000038580e-02
 7.499999999999963640e-02
 7.499999999999941436e-02
 7.500000000000070499e-02
 7.500000000000038580e-02
 7.499999999999963640e-02
 7.499999999999963640e-02
 7.500000000000038580e-02
 7.500000000000012212e-02
 7.499999999999985845e-02
 7.499999999999963640e-02
 7.500000000000078826e-02
 7.500000000000038580e-02
 7.499999999999963640e-02
 7.499999999999830413e-02
 7.500000000000171807e-02
 7.499999999999888700e-02
 7.500000000000153766e-02
 7.499999999999841516e-02
 7.500000000000167644e-02
 7.499999999999849842e-02
 7.499999999999963640e-02
 </DataArray>
 <DataArray Name="pos.z" type="Float32" NumberOfComponents="1" format="ascii">
 0.000000000000000000e+00
 0.000000000000000000e+00
 0.000000000000000000e+00
 0.000000000000000000e+00
 0.000000000000000000e+00
 0.000000000000000000e+00
 0.000000000000000000e+00
 0.000000000000000000e+00
 0.000000000000000000e+00
 0.000000000000000000e+00
 0.000000000000000000e+00
 0.000000000000000000e+00
 0.000000000000000000e+00
 0.000000000000000000e+00
 0.000000000000000000e+00
 0.000000000000000000e+00
 0.000000000000000000e+00
 0.000000000000000000e+00
 0.000000000000000000e+00
 0.000000000000000000e+00
 0.000000000000000000e+00
 0.000000000000000000e+00
 0.000000000000000000e+00
 0.000000000000000000e+00
 0.000000000000000000e+00
 0.000000000000000000e+00
 0.000000000000000000e+00
 0.000000000000000000e+00
 0.000000000000000000e+00
 0.000000000000000000e+00
 0.000000000000000000e+00
 0.000000000000000000e+00
 0.000000000000000000e+00
 0.000000000000000000e+00
 0.000000000000000000e+00
 0.000000000000000000e+00
 0.000000000000000000e+00
 0.000000000000000000e+00
 0.000000000000000000e+00
 0.000000000000000000e+00
 0.000000000000000000e+00
 0.000000000000000000e+00
 0.000000000000000000e+00
 0.000000000000000000e+00
 0.000000000000000000e+00
 0.000000000000000000e+00
 0.000000000000000000e+00
 0.000000000000000000e+00
 0.000000000000000000e+00
 0.000000000000000000e+00
 0.000000000000000000e+00
 0.000000000000000000e+00
 0.000000000000000000e+00
 0.000000000000000000e+00
 0.000000000000000000e+00
 0.000000000000000000e+00
 0.000000000000000000e+00
 0.000000000000000000e+00
 0.000000000000000000e+00
 0.000000000000000000e+00
 0.000000000000000000e+00
 0.000000000000000000e+00
 0.000000000000000000e+00
 0.000000000000000000e+00
 0.000000000000000000e+00
 0.000000000000000000e+00
 0.000000000000000000e+00
 0.000000000000000000e+00
 0.000000000000000000e+00
 0.000000000000000000e+00
 0.000000000000000000e+00
 0.000000000000000000e+00
 0.000000000000000000e+00
 0.000000000000000000e+00
 0.000000000000000000e+00
 0.000000000000000000e+00
 0.000000000000000000e+00
 0.000000000000000000e+00
 0.000000000000000000e+00
 0.000000000000000000e+00
 0.000000000000000000e+00
 0.000000000000000000e+00
 0.000000000000000000e+00
 0.000000000000000000e+00
 0.000000000000000000e+00
 0.000000000000000000e+00
 0.000000000000000000e+00
 0.000000000000000000e+00
 0.000000000000000000e+00
 0.000000000000000000e+00
 0.000000000000000000e+00
 0.000000000000000000e+00
 0.000000000000000000e+00
 0.000000000000000000e+00
 0.000000000000000000e+00
 0.000000000000000000e+00
 0.000000000000000000e+00
 0.000000000000000000e+00
 0.000000000000000000e+00
 0.000000000000000000e+00
 0.000000000000000000e+00
 0.000000000000000000e+00
 0.000000000000000000e+00
 0.000000000000000000e+00
 0.000000000000000000e+00
 0.000000000000000000e+00
 0.000000000000000000e+00
 0.000000000000000000e+00
 0.000000000000000000e+00
 0.000000000000000000e+00
 0.000000000000000000e+00
 0.000000000000000000e+00
 0.000000000000000000e+00
 0.000000000000000000e+00
 0.000000000000000000e+00
 0.000000000000000000e+00
 0.000000000000000000e+00
 0.000000000000000000e+00
 0.000000000000000000e+00
 0.000000000000000000e+00
 0.000000000000000000e+00
 0.000000000000000000e+00
 0.000000000000000000e+00
 0.000000000000000000e+00
 0.000000000000000000e+00
 0.000000000000000000e+00
 0.000000000000000000e+00
 0.000000000000000000e+00
 0.000000000000000000e+00
 0.000000000000000000e+00
 0.000000000000000000e+00
 0.000000000000000000e+00
 0.000000000000000000e+00
 0.000000000000000000e+00
 0.000000000000000000e+00
 0.000000000000000000e+00
 0.000000000000000000e+00
 0.000000000000000000e+00
 0.000000000000000000e+00
 0.000000000000000000e+00
 0.000000000000000000e+00
 0.000000000000000000e+00
 0.000000000000000000e+00
 0.000000000000000000e+00
 0.000000000000000000e+00
 0.000000000000000000e+00
 0.000000000000000000e+00
 0.000000000000000000e+00
 0.000000000000000000e+00
 0.000000000000000000e+00
 0.000000000000000000e+00
 0.000000000000000000e+00
 0.000000000000000000e+00
 0.000000000000000000e+00
 0.000000000000000000e+00
 0.000000000000000000e+00
 0.000000000000000000e+00
 0.000000000000000000e+00
 0.000000000000000000e+00
 0.000000000000000000e+00
 0.000000000000000000e+00
 0.000000000000000000e+00
 0.000000000000000000e+00
 0.000000000000000000e+00
 0.000000000000000000e+00
 0.000000000000000000e+00
 0.000000000000000000e+00
 0.000000000000000000e+00
 0.000000000000000000e+00
 0.000000000000000000e+00
 0.000000000000000000e+00
 0.000000000000000000e+00
 0.000000000000000000e+00
 0.000000000000000000e+00
 0.000000000000000000e+00
 0.000000000000000000e+00
 0.000000000000000000e+00
 0.000000000000000000e+00
 0.000000000000000000e+00
 0.000000000000000000e+00
 0.000000000000000000e+00
 0.000000000000000000e+00
 0.000000000000000000e+00
 0.000000000000000000e+00
 0.000000000000000000e+00
 0.000000000000000000e+00
 0.000000000000000000e+00
 0.000000000000000000e+00
 0.000000000000000000e+00
 0.000000000000000000e+00
 0.000000000000000000e+00
 0.000000000000000000e+00
 0.000000000000000000e+00
 0.000000000000000000e+00
 0.000000000000000000e+00
 0.000000000000000000e+00
 0.000000000000000000e+00
 0.000000000000000000e+00
 0.000000000000000000e+00
 0.000000000000000000e+00
 0.000000000000000000e+00
 0.000000000000000000e+00
 0.000000000000000000e+00
 0.000000000000000000e+00
 0.000000000000000000e+00
 0.000000000000000000e+00
 0.000000000000000000e+00
 0.000000000000000000e+00
 0.000000000000000000e+00
 0.000000000000000000e+00
 0.000000000000000000e+00
 0.000000000000000000e+00
 0.000000000000000000e+00
 0.000000000000000000e+00
 0.000000000000000000e+00
 0.000000000000000000e+00
 0.000000000000000000e+00
 0.000000000000000000e+00
 0.000000000000000000e+00
 0.000000000000000000e+00
 0.000000000000000000e+00
 0.000000000000000000e+00
 0.000000000000000000e+00
 0.000000000000000000e+00
 0.000000000000000000e+00
 0.000000000000000000e+00
 0.000000000000000000e+00
 0.000000000000000000e+00
 0.000000000000000000e+00
 0.000000000000000000e+00
 0.000000000000000000e+00
 0.000000000000000000e+00
 0.000000000000000000e+00
 0.000000000000000000e+00
 0.000000000000000000e+00
 0.000000000000000000e+00
 0.000000000000000000e+00
 0.000000000000000000e+00
 0.000000000000000000e+00
 0.000000000000000000e+00
 0.000000000000000000e+00
 0.000000000000000000e+00
 0.000000000000000000e+00
 0.000000000000000000e+00
 0.000000000000000000e+00
 0.000000000000000000e+00
 0.000000000000000000e+00
 0.000000000000000000e+00
 0.000000000000000000e+00
 0.000000000000000000e+00
 0.000000000000000000e+00
 0.000000000000000000e+00
 0.000000000000000000e+00
 0.000000000000000000e+00
 0.000000000000000000e+00
 0.000000000000000000e+00
 0.000000000000000000e+00
 0.000000000000000000e+00
 0.000000000000000000e+00
 0.000000000000000000e+00
 0.000000000000000000e+00
 0.000000000000000000e+00
 0.000000000000000000e+00
 0.000000000000000000e+00
 0.000000000000000000e+00
 0.000000000000000000e+00
 0.000000000000000000e+00
 0.000000000000000000e+00
 0.000000000000000000e+00
 0.000000000000000000e+00
 0.000000000000000000e+00
 0.000000000000000000e+00
 0.000000000000000000e+00
 0.000000000000000000e+00
 0.000000000000000000e+00
 0.000000000000000000e+00
 0.000000000000000000e+00
 0.000000000000000000e+00
 0.000000000000000000e+00
 0.000000000000000000e+00
 0.000000000000000000e+00
 0.000000000000000000e+00
 0.000000000000000000e+00
 0.000000000000000000e+00
 0.000000000000000000e+00
 0.000000000000000000e+00
 0.000000000000000000e+00
 0.000000000000000000e+00
 0.000000000000000000e+00
 0.000000000000000000e+00
 0.000000000000000000e+00
 0.000000000000000000e+00
 0.000000000000000000e+00
 0.000000000000000000e+00
 0.000000000000000000e+00
 0.000000000000000000e+00
 0.000000000000000000e+00
 0.000000000000000000e+00
 0.000000000000000000e+00
 0.000000000000000000e+00
 0.000000000000000000e+00
 0.000000000000000000e+00
 0.000000000000000000e+00
 0.000000000000000000e+00
 0.000000000000000000e+00
 0.000000000000000000e+00
 0.000000000000000000e+00
 0.000000000000000000e+00
 0.000000000000000000e+00
 0.000000000000000000e+00
 0.000000000000000000e+00
 0.000000000000000000e+00
 0.000000000000000000e+00
 0.000000000000000000e+00
 0.000000000000000000e+00
 0.000000000000000000e+00
 0.000000000000000000e+00
 0.000000000000000000e+00
 0.000000000000000000e+00
 0.000000000000000000e+00
 0.000000000000000000e+00
 0.000000000000000000e+00
 0.000000000000000000e+00
 0.000000000000000000e+00
 0.000000000000000000e+00
 0.000000000000000000e+00
 0.000000000000000000e+00
 0.000000000000000000e+00
 0.000000000000000000e+00
 0.000000000000000000e+00
 0.000000000000000000e+00
 0.000000000000000000e+00
 0.000000000000000000e+00
 0.000000000000000000e+00
 0.000000000000000000e+00
 0.000000000000000000e+00
 0.000000000000000000e+00
 0.000000000000000000e+00
 0.000000000000000000e+00
 0.000000000000000000e+00
 0.000000000000000000e+00
 0.000000000000000000e+00
 0.000000000000000000e+00
 0.000000000000000000e+00
 0.000000000000000000e+00
 0.000000000000000000e+00
 0.000000000000000000e+00
 0.000000000000000000e+00
 0.000000000000000000e+00
 0.000000000000000000e+00
 0.000000000000000000e+00
 0.000000000000000000e+00
 0.000000000000000000e+00
 0.000000000000000000e+00
 0.000000000000000000e+00
 0.000000000000000000e+00
 0.000000000000000000e+00
 0.000000000000000000e+00
 0.000000000000000000e+00
 0.000000000000000000e+00
 0.000000000000000000e+00
 0.000000000000000000e+00
 0.000000000000000000e+00
 0.000000000000000000e+00
 0.000000000000000000e+00
 0.000000000000000000e+00
 0.000000000000000000e+00
 0.000000000000000000e+00
 0.000000000000000000e+00
 0.000000000000000000e+00
 0.000000000000000000e+00
 0.000000000000000000e+00
 0.000000000000000000e+00
 0.000000000000000000e+00
 0.000000000000000000e+00
 0.000000000000000000e+00
 0.000000000000000000e+00
 0.000000000000000000e+00
 0.000000000000000000e+00
 0.000000000000000000e+00
 0.000000000000000000e+00
 0.000000000000000000e+00
 0.000000000000000000e+00
 0.000000000000000000e+00
 0.000000000000000000e+00
 0.000000000000000000e+00
 0.000000000000000000e+00
 0.000000000000000000e+00
 0.000000000000000000e+00
 0.000000000000000000e+00
 0.000000000000000000e+00
 0.000000000000000000e+00
 0.000000000000000000e+00
 0.000000000000000000e+00
 0.000000000000000000e+00
 0.000000000000000000e+00
 0.000000000000000000e+00
 0.000000000000000000e+00
 0.000000000000000000e+00
 0.000000000000000000e+00
 0.000000000000000000e+00
 0.000000000000000000e+00
 0.000000000000000000e+00
 0.000000000000000000e+00
 0.000000000000000000e+00
 0.000000000000000000e+00
 0.000000000000000000e+00
 0.000000000000000000e+00
 0.000000000000000000e+00
 0.000000000000000000e+00
 0.000000000000000000e+00
 0.000000000000000000e+00
 0.000000000000000000e+00
 0.000000000000000000e+00
 0.000000000000000000e+00
 0.000000000000000000e+00
 0.000000000000000000e+00
 0.000000000000000000e+00
 0.000000000000000000e+00
 0.000000000000000000e+00
 0.000000000000000000e+00
 0.000000000000000000e+00
 0.000000000000000000e+00
 0.000000000000000000e+00
 0.000000000000000000e+00
 0.000000000000000000e+00
 0.000000000000000000e+00
 0.000000000000000000e+00
 0.000000000000000000e+00
 0.000000000000000000e+00
 0.000000000000000000e+00
 0.000000000000000000e+00
 0.000000000000000000e+00
 0.000000000000000000e+00
 0.000000000000000000e+00
 0.000000000000000000e+00
 0.000000000000000000e+00
 0.000000000000000000e+00
 0.000000000000000000e+00
 0.000000000000000000e+00
 0.000000000000000000e+00
 0.000000000000000000e+00
 0.000000000000000000e+00
 0.000000000000000000e+00
 0.000000000000000000e+00
 0.000000000000000000e+00
 0.000000000000000000e+00
 0.000000000000000000e+00
 0.000000000000000000e+00
 0.000000000000000000e+00
 0.000000000000000000e+00
 0.000000000000000000e+00
 0.000000000000000000e+00
 0.000000000000000000e+00
 0.000000000000000000e+00
 0.000000000000000000e+00
 0.000000000000000000e+00
 0.000000000000000000e+00
 0.000000000000000000e+00
 0.000000000000000000e+00
 0.000000000000000000e+00
 0.000000000000000000e+00
 0.000000000000000000e+00
 0.000000000000000000e+00
 0.000000000000000000e+00
 0.000000000000000000e+00
 0.000000000000000000e+00
 0.000000000000000000e+00
 0.000000000000000000e+00
 0.000000000000000000e+00
 0.000000000000000000e+00
 0.000000000000000000e+00
 0.000000000000000000e+00
 0.000000000000000000e+00
 0.000000000000000000e+00
 0.000000000000000000e+00
 0.000000000000000000e+00
 0.000000000000000000e+00
 0.000000000000000000e+00
 0.000000000000000000e+00
 0.000000000000000000e+00
 0.000000000000000000e+00
 0.000000000000000000e+00
 0.000000000000000000e+00
 0.000000000000000000e+00
 0.000000000000000000e+00
 0.000000000000000000e+00
 0.000000000000000000e+00
 0.000000000000000000e+00
 0.000000000000000000e+00
 0.000000000000000000e+00
 0.000000000000000000e+00
 0.000000000000000000e+00
 0.000000000000000000e+00
 0.000000000000000000e+00
 0.000000000000000000e+00
 0.000000000000000000e+00
 0.000000000000000000e+00
 0.000000000000000000e+00
 0.000000000000000000e+00
 </DataArray>
 <DataArray Name="volume" type="Float32" NumberOfComponents="1" format="ascii">
 2.750000000000009381e-04
 2.749999999999939992e-04
 2.750000000000113465e-04
 2.749999999999835909e-04
 2.750000000000009381e-04
 2.750000000000148159e-04
 2.750000000000148159e-04
 2.749999999999801215e-04
 2.749999999999801215e-04
 2.750000000000148159e-04
 2.750000000000148159e-04
 2.750000000000009381e-04
 2.749999999999835909e-04
 2.750000000000113465e-04
 2.749999999999939992e-04
 2.750000000000009381e-04
 2.750000000000044076e-04
 2.749999999999905298e-04
 2.750000000000148159e-04
 2.749999999999801215e-04
 2.750000000000044076e-04
 2.750000000000148159e-04
 2.750000000000113465e-04
 2.749999999999835909e-04
 2.749999999999835909e-04
 2.750000000000113465e-04
 2.750000000000148159e-04
 2.749999999999974687e-04
 2.749999999999835909e-04
 2.750000000000148159e-04
 2.749999999999939992e-04
 2.750000000000009381e-04
 2.750000000000009381e-04
 2.749999999999939992e-04
 2.750000000000148159e-04
 2.749999999999835909e-04
 2.750000000000009381e-04
 2.750000000000148159e-04
 2.749999999999801215e-04
 2.749999999999939992e-04
 2.750000000000009381e-04
 2.749999999999939992e-04
 2.750000000000044076e-04
 2.750000000000113465e-04
 2.749999999999835909e-04
 2.750000000000113465e-04
 2.750000000000009381e-04
 2.750000000000113465e-04
 2.749999999999870604e-04
 2.750000000000078770e-04
 2.750000000000044076e-04
 2.749999999999939992e-04
 2.750000000000009381e-04
 2.749999999999939992e-04
 2.750000000000044076e-04
 2.749999999999939992e-04
 2.750000000000009381e-04
 2.750000000000026729e-04
 2.750000000000026729e-04
 2.750000000000026729e-04
 2.749999999999922645e-04
 2.750000000000026729e-04
 2.750000000000026729e-04
 2.750000000000044076e-04
 2.749999999999905298e-04
 2.750000000000044076e-04
 2.750000000000026729e-04
 2.750000000000026729e-04
 2.749999999999922645e-04
 2.750000000000026729e-04
 2.750000000000026729e-04
 2.750000000000026729e-04
 2.749999999999922645e-04
 2.750000000000026729e-04
 2.750000000000044076e-04
 2.750000000000026729e-04
 2.749999999999922645e-04
 2.750000000000026729e-04
 2.750000000000026729e-04
 2.750000000000026729e-04
 2.749999999999922645e-04
 2.750000000000026729e-04
 2.750000000000044076e-04
 2.750000000000026729e-04
 2.749999999999922645e-04
 2.750000000000026729e-04
 2.750000000000026729e-04
 2.750000000000026729e-04
 2.749999999999922645e-04
 2.750000000000026729e-04
 2.750000000000035402e-04
 2.750000000000026729e-04
 2.749999999999922645e-04
 2.750000000000026729e-04
 2.750000000000035402e-04
 2.750000000000026729e-04
 2.749999999999922645e-04
 2.750000000000026729e-04
 2.750000000000035402e-04
 2.750000000000031065e-04
 2.749999999999918308e-04
 2.749999999999809888e-04
 2.750000000000031065e-04
 2.750000000000139486e-04
 2.749999999999918308e-04
 2.749999999999918308e-04
 2.750000000000141654e-04
 2.750000000000031065e-04
 2.749999999999918308e-04
 2.749999999999920477e-04
 2.750000000000029981e-04
 2.750000000000141654e-04
 2.749999999999919393e-04
 2.749999999999919393e-04
 2.750000000000141654e-04
 2.750000000000029981e-04
 2.749999999999919393e-04
 2.749999999999920477e-04
 2.750000000000028897e-04
 2.750000000000141654e-04
 2.749999999999918308e-04
 2.749999999999918308e-04
 2.750000000000143822e-04
 2.750000000000031065e-04
 2.749999999999918308e-04
 2.749999999999918308e-04
 2.750000000000031065e-04
 2.750000000000139486e-04
 2.749999999999922645e-04
 2.749999999999922645e-04
 2.750000000000139486e-04
 2.750000000000026729e-04
 2.749999999999922645e-04
 2.749999999999913972e-04
 2.750000000000035402e-04
 2.750000000000139486e-04
 2.749999999999922645e-04
 2.749999999999913972e-04
 2.750000000000139486e-04
 2.750000000000035402e-04
 2.749999999999913972e-04
 2.749999999999922645e-04
 2.750000000000035402e-04
 2.750000000000148159e-04
 2.749999999999922645e-04
 2.749999999999922645e-04
 2.750000000000130812e-04
 2.750000000000026729e-04
 2.749999999999922645e-04
 2.749999999999922645e-04
 2.750000000000026729e-04
 2.750000000000148159e-04
 2.749999999999922645e-04
 2.749999999999905298e-04
 2.750000000000148159e-04
 2.750000000000026729e-04
 2.749999999999922645e-04
 2.749999999999922645e-04
 2.750000000000026729e-04
 2.750000000000148159e-04
 2.749999999999905298e-04
 2.749999999999922645e-04
 2.750000000000148159e-04
 2.750000000000026729e-04
 2.749999999999922645e-04
 2.749999999999922645e-04
 2.749999999999905298e-04
 2.750000000000044076e-04
 2.750000000000026729e-04
 2.749999999999922645e-04
 2.750000000000026729e-04
 2.750000000000044076e-04
 2.750000000000044076e-04
 2.749999999999905298e-04
 2.750000000000044076e-04
 2.750000000000009381e-04
 2.750000000000044076e-04
 2.749999999999905298e-04
 2.750000000000044076e-04
 2.750000000000009381e-04
 2.750000000000044076e-04
 2.749999999999939992e-04
 2.750000000000009381e-04
 2.750000000000044076e-04
 2.750000000000009381e-04
 2.749999999999939992e-04
 2.750000000000009381e-04
 2.750000000000044076e-04
 2.750000000000044076e-04
 2.749999999999905298e-04
 2.750000000000044076e-04
 2.750000000000009381e-04
 2.750000000000044076e-04
 2.749999999999905298e-04
 2.750000000000044076e-04
 2.750000000000009381e-04
 2.749999999999939992e-04
 2.750000000000009381e-04
 2.750000000000148159e-04
 2.749999999999801215e-04
 2.750000000000148159e-04
 2.750000000000044076e-04
 2.749999999999905298e-04
 2.750000000000044076e-04
 2.749999999999905298e-04
 2.750000000000044076e-04
 2.750000000000148159e-04
 2.749999999999801215e-04
 2.750000000000148159e-04
 2.750000000000009381e-04
 2.749999999999939992e-04
 2.750000000000009381e-04
 2.749999999999939992e-04
 2.750000000000009381e-04
 2.750000000000148159e-04
 2.749999999999801215e-04
 2.750000000000148159e-04
 2.750000000000044076e-04
 2.749999999999905298e-04
 2.750000000000044076e-04
 2.749999999999905298e-04
 2.750000000000044076e-04
 2.750000000000113465e-04
 2.749999999999835909e-04
 2.750000000000113465e-04
 2.750000000000044076e-04
 2.749999999999905298e-04
 2.750000000000044076e-04
 2.749999999999905298e-04
 2.750000000000044076e-04
 2.749999999999835909e-04
 2.750000000000113465e-04
 2.749999999999905298e-04
 2.750000000000044076e-04
 2.750000000000044076e-04
 2.749999999999905298e-04
 2.750000000000182854e-04
 2.749999999999766520e-04
 2.750000000000044076e-04
 2.750000000000113465e-04
 2.749999999999905298e-04
 2.750000000000044076e-04
 2.750000000000044076e-04
 2.749999999999905298e-04
 2.750000000000182854e-04
 2.749999999999974687e-04
 2.749999999999905298e-04
 2.750000000000044076e-04
 2.749999999999974687e-04
 2.750000000000044076e-04
 2.750000000000000708e-04
 2.749999999999948124e-04
 2.750000000000113465e-04
 2.749999999999835909e-04
 2.750000000000029981e-04
 2.750000000000126475e-04
 2.750000000000148159e-04
 2.749999999999801215e-04
 2.749999999999795794e-04
 2.750000000000153038e-04
 2.750000000000148159e-04
 2.750000000000009381e-04
 2.749999999999835909e-04
 2.750000000000113465e-04
 2.749999999999943245e-04
 2.750000000000006671e-04
 2.750000000000044076e-04
 2.749999999999905298e-04
 2.750000000000151412e-04
 2.749999999999798504e-04
 2.750000000000042992e-04
 2.750000000000148701e-04
 2.750000000000113465e-04
 2.749999999999835909e-04
 2.749999999999836993e-04
 2.750000000000111296e-04
 2.750000000000148159e-04
 2.749999999999974687e-04
 2.749999999999838077e-04
 2.750000000000145449e-04
 2.749999999999939992e-04
 2.750000000000009381e-04
 2.750000000000009381e-04
 2.749999999999939992e-04
 2.750000000000143822e-04
 2.749999999999840788e-04
 2.750000000000009381e-04
 2.750000000000148159e-04
 2.749999999999807178e-04
 2.749999999999933487e-04
 2.750000000000009381e-04
 2.749999999999939992e-04
 2.750000000000044076e-04
 2.750000000000113465e-04
 2.749999999999835909e-04
 2.750000000000113465e-04
 2.750000000000009381e-04
 2.750000000000113465e-04
 2.749999999999845667e-04
 2.750000000000103165e-04
 2.750000000000044076e-04
 2.749999999999939992e-04
 2.750000000000009381e-04
 2.749999999999939992e-04
 2.750000000000044076e-04
 2.749999999999939992e-04
 2.750000000000009381e-04
 2.750000000000026729e-04
 2.750000000000022934e-04
 2.750000000000029981e-04
 2.749999999999922645e-04
 2.750000000000026729e-04
 2.750000000000026729e-04
 2.750000000000044076e-04
 2.749999999999905298e-04
 2.750000000000044076e-04
 2.750000000000026729e-04
 2.750000000000026729e-04
 2.749999999999922645e-04
 2.750000000000026187e-04
 2.750000000000026729e-04
 2.750000000000026729e-04
 2.749999999999922645e-04
 2.750000000000026729e-04
 2.750000000000044076e-04
 2.750000000000026729e-04
 2.749999999999922645e-04
 2.750000000000026729e-04
 2.750000000000030523e-04
 2.750000000000022392e-04
 2.749999999999922645e-04
 2.750000000000026729e-04
 2.750000000000044076e-04
 2.750000000000026729e-04
 2.749999999999922645e-04
 2.750000000000026729e-04
 2.750000000000026729e-04
 2.750000000000026729e-04
 2.749999999999921561e-04
 2.750000000000027271e-04
 2.750000000000035402e-04
 2.750000000000026729e-04
 2.749999999999922645e-04
 2.750000000000026729e-04
 2.750000000000035402e-04
 2.750000000000026729e-04
 2.749999999999922645e-04
 2.750000000000026729e-04
 2.750000000000029439e-04
 2.750000000000032150e-04
 2.749999999999918308e-04
 2.749999999999809346e-04
 2.750000000000031065e-04
 2.750000000000139486e-04
 2.749999999999918308e-04
 2.749999999999921019e-04
 2.750000000000142738e-04
 2.750000000000031065e-04
 2.749999999999918308e-04
 2.749999999999918851e-04
 2.750000000000029981e-04
 2.750000000000141654e-04
 2.749999999999919393e-04
 2.749999999999919393e-04
 2.750000000000141654e-04
 2.750000000000029439e-04
 2.749999999999919393e-04
 2.749999999999920477e-04
 2.750000000000028897e-04
 2.750000000000141654e-04
 2.749999999999919393e-04
 2.749999999999921561e-04
 2.750000000000144907e-04
 2.750000000000031065e-04
 2.749999999999918308e-04
 2.749999999999918851e-04
 2.750000000000034318e-04
 2.750000000000139486e-04
 2.749999999999922645e-04
 2.749999999999923729e-04
 2.750000000000137317e-04
 2.750000000000026729e-04
 2.749999999999922645e-04
 2.749999999999913972e-04
 2.750000000000035402e-04
 2.750000000000140028e-04
 2.749999999999922645e-04
 2.749999999999913972e-04
 2.750000000000139486e-04
 2.750000000000035402e-04
 2.749999999999913972e-04
 2.749999999999924814e-04
 2.750000000000024560e-04
 2.750000000000148159e-04
 2.749999999999922645e-04
 2.749999999999912345e-04
 2.750000000000140570e-04
 2.750000000000026729e-04
 2.749999999999922645e-04
 2.749999999999911803e-04
 2.750000000000036486e-04
 2.750000000000148159e-04
 2.749999999999922645e-04
 2.749999999999905298e-04
 2.750000000000148159e-04
 2.750000000000028355e-04
 2.749999999999921561e-04
 2.749999999999922645e-04
 2.750000000000026729e-04
 2.750000000000148159e-04
 2.749999999999905298e-04
 2.749999999999923729e-04
 2.750000000000147075e-04
 2.750000000000026729e-04
 2.749999999999922645e-04
 2.749999999999910177e-04
 2.749999999999917224e-04
 2.750000000000044076e-04
 2.750000000000026729e-04
 2.749999999999926440e-04
 2.750000000000005045e-04
 2.750000000000044076e-04
 2.750000000000044076e-04
 2.749999999999905298e-04
 2.750000000000044076e-04
 2.750000000000009381e-04
 2.750000000000044076e-04
 2.749999999999905298e-04
 2.750000000000044076e-04
 2.750000000000034318e-04
 2.750000000000018597e-04
 2.749999999999939992e-04
 2.750000000000009381e-04
 2.750000000000044076e-04
 2.750000000000009381e-04
 2.749999999999939992e-04
 2.750000000000009381e-04
 2.750000000000044076e-04
 2.750000000000044076e-04
 2.749999999999899335e-04
 2.750000000000049497e-04
 2.750000000000009381e-04
 2.750000000000044076e-04
 2.749999999999905298e-04
 2.750000000000044076e-04
 2.750000000000009381e-04
 2.749999999999939992e-04
 2.750000000000009381e-04
 2.750000000000148159e-04
 2.749999999999799046e-04
 2.750000000000149786e-04
 2.750000000000044076e-04
 2.749999999999905298e-04
 2.750000000000044076e-04
 2.749999999999905298e-04
 2.750000000000044076e-04
 2.750000000000148159e-04
 2.749999999999801215e-04
 2.750000000000148159e-04
 2.750000000000011008e-04
 2.749999999999937824e-04
 2.750000000000009381e-04
 2.749999999999939992e-04
 2.750000000000009381e-04
 2.750000000000148159e-04
 2.749999999999801215e-04
 2.750000000000148159e-04
 2.750000000000044076e-04
 2.749999999999905298e-04
 2.750000000000050039e-04
 2.749999999999899335e-04
 2.750000000000044076e-04
 2.750000000000113465e-04
 2.749999999999835909e-04
 2.750000000000113465e-04
 2.750000000000044076e-04
 2.749999999999905298e-04
 2.750000000000044076e-04
 2.749999999999905298e-04
 2.750000000000044076e-04
 2.749999999999831030e-04
 2.750000000000117260e-04
 2.749999999999905298e-04
 2.750000000000044076e-04
 2.750000000000044076e-04
 2.749999999999905298e-04
 2.750000000000136233e-04
 2.749999999999813683e-04
 2.750000000000044076e-04
 2.750000000000113465e-04
 2.749999999999905298e-04
 2.750000000000044076e-04
 2.750000000000093407e-04
 2.749999999999855967e-04
 2.750000000000182854e-04
 2.749999999999974687e-04
 2.749999999999867893e-04
 2.750000000000080939e-04
 2.749999999999974687e-04
 2.750000000000044076e-04
 </DataArray>
 <DataArray Name="rho" type="Float32" NumberOfComponents="1" format="ascii">
 2.502636328148294953e-01
 2.498200719834917094e-01
 2.493770294475591009e-01
 2.489345048703098806e-01
 2.484924979145350654e-01
 2.480510082425316787e-01
 2.476100355160730515e-01
 2.471695793963692434e-01
 2.467296395440264911e-01
 2.462902156190077962e-01
 2.458513072805985911e-01
 2.454129141873768460e-01
 2.449750359971868963e-01
 2.445376723671153496e-01
 2.441008229534692708e-01
 2.436644874117540327e-01
 2.432286653966497236e-01
 2.427933565619879441e-01
 2.423585605607264382e-01
 2.419242770449216984e-01
 2.414905056657007665e-01
 2.410572460732310074e-01
 2.406244979166881348e-01
 2.401922608442226825e-01
 2.397605345029243107e-01
 2.393293185387853350e-01
 2.388986125966606477e-01
 2.384684163202267781e-01
 2.380387293519382330e-01
 2.376095513329815889e-01
 2.371808819032261706e-01
 2.367527207011734525e-01
 2.363250673639023802e-01
 2.358979215270117502e-01
 2.354712828245598133e-01
 2.350451508889992158e-01
 2.346195253511096368e-01
 2.341944058399252071e-01
 2.337697919826581816e-01
 2.333456834046178929e-01
 2.329220797291245981e-01
 2.324989805774189677e-01
 2.320763855685644417e-01
 2.316542943193450055e-01
 2.312327064441554170e-01
 2.308116215548849381e-01
 2.303910392607936564e-01
 2.299709591683801735e-01
 2.295513808812411627e-01
 2.291323039999210998e-01
 2.287137281217513085e-01
 2.282956528406795693e-01
 2.278780777470860996e-01
 2.274610024275867393e-01
 2.270444264648234511e-01
 2.266283494372377250e-01
 2.262127709188283264e-01
 2.257976904788901173e-01
 2.253831076817344459e-01
 2.249690220863859169e-01
 2.245554332462576241e-01
 2.241423407087982655e-01
 2.237297440151127526e-01
 2.233176426995492903e-01
 2.229060362892544001e-01
 2.224949243036886959e-01
 2.220843062541006108e-01
 2.216741816429538825e-01
 2.212645499633044410e-01
 2.208554106981178988e-01
 2.204467633195254239e-01
 2.200386072880083921e-01
 2.196309420515013544e-01
 2.192237670444075748e-01
 2.188170816865138979e-01
 2.184108853817912643e-01
 2.180051775170682993e-01
 2.175999574605588793e-01
 2.171952245602243037e-01
 2.167909781419463111e-01
 2.163872175074850468e-01
 2.159839419321861742e-01
 2.155811506624022156e-01
 2.151788429125794655e-01
 2.147770178619574089e-01
 2.143756746508155286e-01
 2.139748123761821552e-01
 2.135744300869160672e-01
 2.131745267780358333e-01
 2.127751013841488459e-01
 2.123761527718004416e-01
 2.119776797305103488e-01
 2.115796809621996455e-01
 2.111821550686445448e-01
 2.107851005364604069e-01
 2.103885157189975819e-01
 2.099923988142925468e-01
 2.095967478379825444e-01
 2.092015605895748975e-01
 2.088068346101070172e-01
 2.084125671278109215e-01
 2.080187549882389630e-01
 2.076253945606452433e-01
 2.072324816145282300e-01
 2.068400111428364274e-01
 2.064479771235955552e-01
 2.060563721396659886e-01
 2.056651868563575125e-01
 2.052744090328693649e-01
 2.048840221011398455e-01
 2.044940017352410155e-01
 2.041043099697986418e-01
 2.037148767863027066e-01
 2.033255586673884119e-01
 2.029360430663658399e-01
 2.025482566380197580e-01
 2.021614704970759457e-01
 2.017754620839715129e-01
 2.013901402728878742e-01
 2.010054572435406584e-01
 2.006213833598487761e-01
 2.002378982553957576e-01
 1.998549869686715996e-01
 1.994726379883352274e-01
 1.990908421497897540e-01
 1.987095919614168815e-01
 1.983288811684338071e-01
 1.979487044574534949e-01
 1.975690572489477992e-01
 1.971899355470016768e-01
 1.968113358277838454e-01
 1.964332549549321350e-01
 1.960556901141747022e-01
 1.956786387619784962e-01
 1.953020985846324331e-01
 1.949260674652360803e-01
 1.945505434567559866e-01
 1.941755247598119238e-01
 1.938010097041944213e-01
 1.934269967333538676e-01
 1.930534843912883880e-01
 1.926804713113773326e-01
 1.923079562068129855e-01
 1.919359378623519130e-01
 1.915644151271680140e-01
 1.911933869086224480e-01
 1.908228521668140221e-01
 1.904528099097859972e-01
 1.900832591892964718e-01
 1.897141990970690750e-01
 1.893456287614598277e-01
 1.889775473444816334e-01
 1.886099540391422691e-01
 1.882428480670530757e-01
 1.878762286762749312e-01
 1.875100951393748883e-01
 1.871444467516671373e-01
 1.867792828296147567e-01
 1.864146027093786795e-01
 1.860504057454922811e-01
 1.856866913096527627e-01
 1.853234587896129826e-01
 1.849607075881661844e-01
 1.845984371222108011e-01
 1.842366468218915032e-01
 1.838753361298048894e-01
 1.835145045002670172e-01
 1.831541513986329472e-01
 1.827942763006677740e-01
 1.824348786919603449e-01
 1.820759580673795563e-01
 1.817175139305659826e-01
 1.813595457934580879e-01
 1.810020531758491924e-01
 1.806450356049723316e-01
 1.802884926151116507e-01
 1.799324237472366139e-01
 1.795768285486587235e-01
 1.792217065727093883e-01
 1.788670573784339746e-01
 1.785128805303049515e-01
 1.781591755979508307e-01
 1.778059421558996767e-01
 1.774531797833359403e-01
 1.771008880638715866e-01
 1.767490665853264642e-01
 1.763977149395236921e-01
 1.760468327220925666e-01
 1.756964195322817390e-01
 1.753464749727838556e-01
 1.749969986495658048e-01
 1.746479901717098993e-01
 1.742994491512620536e-01
 1.739513752030861504e-01
 1.736037679447275106e-01
 1.732566269962817207e-01
 1.729099519802700935e-01
 1.725637425215221510e-01
 1.722179982470619930e-01
 1.718727187860027705e-01
 1.715279037694451281e-01
 1.711835528303812248e-01
 1.708396656036030026e-01
 1.704962417256162821e-01
 1.701532808345591619e-01
 1.698107825701252183e-01
 1.694687465734909804e-01
 1.691271724872462079e-01
 1.687860599553301921e-01
 1.684454086229717484e-01
 1.681052181366322895e-01
 1.677654881439531176e-01
 1.674262182937056587e-01
 1.670874082357465262e-01
 1.667490576209749165e-01
 1.664111661012936949e-01
 1.660737333295735640e-01
 1.657367589596207003e-01
 1.654002426461471387e-01
 1.650641840447436559e-01
 1.647285828118559003e-01
 1.643934386047634644e-01
 1.640587510815609551e-01
 1.637245199011417018e-01
 1.633907447231838228e-01
 1.630574252081385123e-01
 1.627245610172202150e-01
 1.623921518123997154e-01
 1.620601972563970594e-01
 1.617286970126780021e-01
 1.613976507454516762e-01
 1.610670581196690376e-01
 1.607369188010227823e-01
 1.604072324559488727e-01
 1.600779987516287306e-01
 1.597492173559920126e-01
 1.594208879377198296e-01
 1.590930101662501872e-01
 1.587655837117814273e-01
 1.584386082452769740e-01
 1.581120834384708018e-01
 1.577860089638705998e-01
 1.574603844947631281e-01
 1.571352097052174657e-01
 1.568104842700881463e-01
 1.564862078650170740e-01
 1.561623801664352162e-01
 1.558390008515627978e-01
 1.555160695984087182e-01
 1.551935860857679150e-01
 2.502636328148295508e-01
 2.498200719834918204e-01
 2.493770294475590454e-01
 2.489345048703097141e-01
 2.484924979145348711e-01
 2.480510082425319285e-01
 2.476100355160728850e-01
 2.471695793963693266e-01
 2.467296395440265744e-01
 2.462902156190080183e-01
 2.458513072805986188e-01
 2.454129141873770126e-01
 2.449750359971869240e-01
 2.445376723671152941e-01
 2.441008229534693541e-01
 2.436644874117536996e-01
 2.432286653966495293e-01
 2.427933565619877498e-01
 2.423585605607263826e-01
 2.419242770449213098e-01
 2.414905056657008775e-01
 2.410572460732312849e-01
 2.406244979166880793e-01
 2.401922608442226825e-01
 2.397605345029242552e-01
 2.393293185387855293e-01
 2.388986125966605090e-01
 2.384684163202268337e-01
 2.380387293519382608e-01
 2.376095513329819497e-01
 2.371808819032261428e-01
 2.367527207011735080e-01
 2.363250673639024357e-01
 2.358979215270117502e-01
 2.354712828245596745e-01
 2.350451508889989105e-01
 2.346195253511096368e-01
 2.341944058399251238e-01
 2.337697919826580428e-01
 2.333456834046178374e-01
 2.329220797291243206e-01
 2.324989805774187734e-01
 2.320763855685642474e-01
 2.316542943193449222e-01
 2.312327064441553615e-01
 2.308116215548849659e-01
 2.303910392607936286e-01
 2.299709591683802845e-01
 2.295513808812410794e-01
 2.291323039999210998e-01
 2.287137281217510310e-01
 2.282956528406795416e-01
 2.278780777470859331e-01
 2.274610024275866560e-01
 2.270444264648234789e-01
 2.266283494372377250e-01
 2.262127709188282432e-01
 2.257976904788901173e-01
 2.253831076817343348e-01
 2.249690220863860834e-01
 2.245554332462574576e-01
 2.241423407087983488e-01
 2.237297440151127526e-01
 2.233176426995492903e-01
 2.229060362892545111e-01
 2.224949243036886959e-01
 2.220843062541006663e-01
 2.216741816429541878e-01
 2.212645499633043855e-01
 2.208554106981180376e-01
 2.204467633195253407e-01
 2.200386072880083921e-01
 2.196309420515011601e-01
 2.192237670444073250e-01
 2.188170816865136481e-01
 2.184108853817909313e-01
 2.180051775170682160e-01
 2.175999574605589904e-01
 2.171952245602242482e-01
 2.167909781419465332e-01
 2.163872175074846860e-01
 2.159839419321863130e-01
 2.155811506624022988e-01
 2.151788429125795210e-01
 2.147770178619577419e-01
 2.143756746508156119e-01
 2.139748123761822940e-01
 2.135744300869162893e-01
 2.131745267780359721e-01
 2.127751013841492067e-01
 2.123761527718003861e-01
 2.119776797305103488e-01
 2.115796809621995900e-01
 2.111821550686444893e-01
 2.107851005364603236e-01
 2.103885157189974431e-01
 2.099923988142921583e-01
 2.095967478379824611e-01
 2.092015605895748420e-01
 2.088068346101073780e-01
 2.084125671278105885e-01
 2.080187549882389353e-01
 2.076253945606457707e-01
 2.072324816145277304e-01
 2.068400111428359556e-01
 2.064479771235951111e-01
 2.060563721396675985e-01
 2.056651868563563190e-01
 2.052744090328686433e-01
 2.048840221011391238e-01
 2.044940017352420425e-01
 2.041043099697980312e-01
 2.037148767863025123e-01
 2.033255586673883564e-01
 2.029360430663664505e-01
 2.025482566380209237e-01
 2.021614704970746967e-01
 2.017754620839708468e-01
 2.013901402728878187e-01
 2.010054572435433506e-01
 2.006213833598478880e-01
 2.002378982553940645e-01
 1.998549869686715164e-01
 1.994726379883355605e-01
 1.990908421497903369e-01
 1.987095919614152995e-01
 1.983288811684343067e-01
 1.979487044574540777e-01
 1.975690572489489927e-01
 1.971899355470001225e-01
 1.968113358277844838e-01
 1.964332549549328844e-01
 1.960556901141753683e-01
 1.956786387619789402e-01
 1.953020985846326552e-01
 1.949260674652368575e-01
 1.945505434567561531e-01
 1.941755247598117018e-01
 1.938010097041938662e-01
 1.934269967333532569e-01
 1.930534843912885268e-01
 1.926804713113769718e-01
 1.923079562068128190e-01
 1.919359378623517187e-01
 1.915644151271685691e-01
 1.911933869086219207e-01
 1.908228521668142441e-01
 1.904528099097859972e-01
 1.900832591892970547e-01
 1.897141990970681313e-01
 1.893456287614598554e-01
 1.889775473444820775e-01
 1.886099540391426854e-01
 1.882428480670537696e-01
 1.878762286762754030e-01
 1.875100951393758042e-01
 1.871444467516674703e-01
 1.867792828296150620e-01
 1.864146027093790958e-01
 1.860504057454923643e-01
 1.856866913096530125e-01
 1.853234587896129271e-01
 1.849607075881664342e-01
 1.845984371222109122e-01
 1.842366468218918363e-01
 1.838753361298043620e-01
 1.835145045002668784e-01
 1.831541513986328362e-01
 1.827942763006677740e-01
 1.824348786919599841e-01
 1.820759580673794176e-01
 1.817175139305659826e-01
 1.813595457934580601e-01
 1.810020531758489981e-01
 1.806450356049722206e-01
 1.802884926151116785e-01
 1.799324237472365862e-01
 1.795768285486588622e-01
 1.792217065727098047e-01
 1.788670573784340856e-01
 1.785128805303048127e-01
 1.781591755979504699e-01
 1.778059421558992881e-01
 1.774531797833359403e-01
 1.771008880638715588e-01
 1.767490665853264642e-01
 1.763977149395238031e-01
 1.760468327220925666e-01
 1.756964195322821276e-01
 1.753464749727837169e-01
 1.749969986495656105e-01
 1.746479901717096772e-01
 1.742994491512617206e-01
 1.739513752030860394e-01
 1.736037679447275661e-01
 1.732566269962817207e-01
 1.729099519802701768e-01
 1.725637425215219845e-01
 1.722179982470617987e-01
 1.718727187860024930e-01
 1.715279037694451836e-01
 1.711835528303811416e-01
 1.708396656036028916e-01
 1.704962417256161156e-01
 1.701532808345592174e-01
 1.698107825701254958e-01
 1.694687465734909249e-01
 1.691271724872458748e-01
 1.687860599553298591e-01
 1.684454086229712766e-01
 1.681052181366320675e-01
 1.677654881439528956e-01
 1.674262182937054366e-01
 1.670874082357464430e-01
 1.667490576209749442e-01
 1.664111661012937504e-01
 1.660737333295735918e-01
 1.657367589596208945e-01
 1.654002426461474440e-01
 1.650641840447436559e-01
 1.647285828118560114e-01
 1.643934386047637974e-01
 1.640587510815612604e-01
 1.637245199011417851e-01
 1.633907447231839061e-01
 1.630574252081384845e-01
 1.627245610172202983e-01
 1.623921518123996321e-01
 1.620601972563966986e-01
 1.617286970126778634e-01
 1.613976507454510934e-01
 1.610670581196688433e-01
 1.607369188010227545e-01
 1.604072324559489560e-01
 1.600779987516288971e-01
 1.597492173559918460e-01
 1.594208879377197463e-01
 1.590930101662499652e-01
 1.587655837117810942e-01
 1.584386082452767797e-01
 1.581120834384705798e-01
 1.577860089638706276e-01
 1.574603844947631559e-01
 1.571352097052176877e-01
 1.568104842700881185e-01
 1.564862078650169075e-01
 1.561623801664347166e-01
 1.558390008515625202e-01
 1.555160695984086627e-01
 1.551935860857678873e-01
 </DataArray>
 <DataArray Name="vel.x" type="Float32" NumberOfComponents="1" format="ascii">
 9.781926270896502729e+02
 9.805657824237912337e+02
 9.829389705691799008e+02
 9.853121917790214184e+02
 9.876854463114556211e+02
 9.900587344296873198e+02
 9.924320564020110851e+02
 9.948054125017948763e+02
 9.971788030074554854e+02
 9.995522282024578544e+02
 1.001925688375346226e+03
 1.004299183819809969e+03
 1.006672714834779185e+03
 1.009046281724549431e+03
 1.011419884798919611e+03
 1.013793524373345008e+03
 1.016167200769108149e+03
 1.018540914313484564e+03
 1.020914665339925932e+03
 1.023288454188247101e+03
 1.025662281204820374e+03
 1.028036146742779465e+03
 1.030410051162234140e+03
 1.032783994830490201e+03
 1.035157978122290615e+03
 1.037532001420055849e+03
 1.039906065114149669e+03
 1.042280169603151080e+03
 1.044654315294141043e+03
 1.047028502603008064e+03
 1.049402731954770843e+03
 1.051777003783910686e+03
 1.054151318534729398e+03
 1.056525676661726493e+03
 1.058900078629993232e+03
 1.061274524915635311e+03
 1.063649016006211014e+03
 1.066023552401202778e+03
 1.068398134612512422e+03
 1.070772763164986372e+03
 1.073147438596971142e+03
 1.075522161460902225e+03
 1.077896932323933243e+03
 1.080271751768594868e+03
 1.082646620393507192e+03
 1.085021538814125506e+03
 1.087396507663538614e+03
 1.089771527593321935e+03
 1.092146599274437904e+03
 1.094521723398207087e+03
 1.096896900677336816e+03
 1.099272131847021456e+03
 1.101647417666116326e+03
 1.104022758918403497e+03
 1.106398156413934430e+03
 1.108773610990477664e+03
 1.111149123515071778e+03
 1.113524694885692497e+03
 1.115900326033040528e+03
 1.118276017922475603e+03
 1.120651771556090353e+03
 1.123027587974956987e+03
 1.125403468261548824e+03
 1.127779413542366001e+03
 1.130155424990767870e+03
 1.132531503830054135e+03
 1.134907651336810204e+03
 1.137283868844545623e+03
 1.139660157747651056e+03
 1.142036519505732031e+03
 1.144412955648331490e+03
 1.146789467780099585e+03
 1.149166057586483248e+03
 1.151542726839960778e+03
 1.153919477406917167e+03
 1.156296311255235423e+03
 1.158673230462690526e+03
 1.161050237226256968e+03
 1.163427333872463805e+03
 1.165804522868929780e+03
 1.168181806837260183e+03
 1.170559188567510091e+03
 1.172936671034445226e+03
 1.175314257415900101e+03
 1.177691951113563618e+03
 1.180069755776607508e+03
 1.182447675328672858e+03
 1.184825713998792935e+03
 1.187203876357016725e+03
 1.189582167355659067e+03
 1.191960592377306057e+03
 1.194339157291010224e+03
 1.196717868518533123e+03
 1.199096733112900210e+03
 1.201475758852333911e+03
 1.203854954353464109e+03
 1.206234329209016096e+03
 1.208613894157003415e+03
 1.210993661290889349e+03
 1.213373644324000679e+03
 1.215753858926826069e+03
 1.218134323164188572e+03
 1.220515058072359807e+03
 1.222896088436763648e+03
 1.225277443866673366e+03
 1.227659160322377829e+03
 1.230041282367754320e+03
 1.232423866626487325e+03
 1.234806987424162799e+03
 1.237190746582163456e+03
 1.239575292443925036e+03
 1.241960860775319134e+03
 1.244347878518690095e+03
 1.246737240787427936e+03
 1.249130857678561370e+03
 1.251516900533668377e+03
 1.253899824013788020e+03
 1.256280987855391913e+03
 1.258660946799525163e+03
 1.261039990323857182e+03
 1.263418296656024268e+03
 1.265795987406074346e+03
 1.268173151225463016e+03
 1.270549855758662034e+03
 1.272926154381907736e+03
 1.275302090313598910e+03
 1.277677699272374639e+03
 1.280053011275931794e+03
 1.282428051903433925e+03
 1.284802843208571403e+03
 1.287177404396713428e+03
 1.289551752338171582e+03
 1.291925901964421428e+03
 1.294299866579027139e+03
 1.296673658105169807e+03
 1.299047287285165794e+03
 1.301420763843173290e+03
 1.303794096619215225e+03
 1.306167293680594184e+03
 1.308540362415314121e+03
 1.310913309610986744e+03
 1.313286141521970421e+03
 1.315658863926854110e+03
 1.318031482177970247e+03
 1.320404001244259916e+03
 1.322776425748606698e+03
 1.325148760000470475e+03
 1.327521008024563798e+03
 1.329893173586138118e+03
 1.332265260213377132e+03
 1.334637271217296984e+03
 1.337009209709487095e+03
 1.339381078617976073e+03
 1.341752880701469621e+03
 1.344124618562167370e+03
 1.346496294657317321e+03
 1.348867911309663214e+03
 1.351239470716936239e+03
 1.353610974960458861e+03
 1.355982426013001032e+03
 1.358353825745939275e+03
 1.360725175935816196e+03
 1.363096478270342459e+03
 1.365467734353929927e+03
 1.367838945712758687e+03
 1.370210113799470037e+03
 1.372581239997488865e+03
 1.374952325625034518e+03
 1.377323371938830178e+03
 1.379694380137553480e+03
 1.382065351365042943e+03
 1.384436286713289519e+03
 1.386807187225229200e+03
 1.389178053897346217e+03
 1.391548887682121176e+03
 1.393919689490315477e+03
 1.396290460193129093e+03
 1.398661200624217372e+03
 1.401031911581593249e+03
 1.403402593829426223e+03
 1.405773248099735611e+03
 1.408143875093991483e+03
 1.410514475484624427e+03
 1.412885049916465050e+03
 1.415255599008097079e+03
 1.417626123353155663e+03
 1.419996623521538140e+03
 1.422367100060576604e+03
 1.424737553496142937e+03
 1.427107984333691547e+03
 1.429478393059271639e+03
 1.431848780140468762e+03
 1.434219146027314764e+03
 1.436589491153154768e+03
 1.438959815935464803e+03
 1.441330120776635113e+03
 1.443700406064720937e+03
 1.446070672174143283e+03
 1.448440919466375590e+03
 1.450811148290578103e+03
 1.453181358984210874e+03
 1.455551551873611288e+03
 1.457921727274551358e+03
 1.460291885492753863e+03
 1.462662026824389159e+03
 1.465032151556538793e+03
 1.467402259967636837e+03
 1.469772352327889621e+03
 1.472142428899663173e+03
 1.474512489937847022e+03
 1.476882535690197301e+03
 1.479252566397654618e+03
 1.481622582294643507e+03
 1.483992583609343001e+03
 1.486362570563940380e+03
 1.488732543374860825e+03
 1.491102502252979775e+03
 1.493472447403810747e+03
 1.495842379027679272e+03
 1.498212297319873642e+03
 1.500582202470780430e+03
 1.502952094665995673e+03
 1.505321974086429009e+03
 1.507691840908380755e+03
 1.510061695303613760e+03
 1.512431537439397971e+03
 1.514801367478552947e+03
 1.517171185579462190e+03
 1.519540991896093146e+03
 1.521910786577989711e+03
 1.524280569770257216e+03
 1.526650341613538558e+03
 1.529020102243985548e+03
 1.531389851793212529e+03
 1.533759590388250217e+03
 1.536129318151488405e+03
 1.538499035200621847e+03
 1.540868741648577043e+03
 1.543238437603452667e+03
 1.545608123168451357e+03
 1.547977798441803088e+03
 1.550347463516709240e+03
 1.552717118481265970e+03
 1.555086763418406463e+03
 1.557456398405841583e+03
 1.559826023516007353e+03
 1.562195638816016753e+03
 1.564565244367620835e+03
 1.566934840227176437e+03
 1.569304426445625495e+03
 9.781926270896492497e+02
 9.805657824237902105e+02
 9.829389705691800145e+02
 9.853121917790222142e+02
 9.876854463114563032e+02
 9.900587344296867514e+02
 9.924320564020125630e+02
 9.948054125017953311e+02
 9.971788030074553717e+02
 9.995522282024569449e+02
 1.001925688375346454e+03
 1.004299183819809514e+03
 1.006672714834780095e+03
 1.009046281724549999e+03
 1.011419884798919725e+03
 1.013793524373346600e+03
 1.016167200769108945e+03
 1.018540914313485018e+03
 1.020914665339926501e+03
 1.023288454188249375e+03
 1.025662281204820147e+03
 1.028036146742779010e+03
 1.030410051162234822e+03
 1.032783994830490656e+03
 1.035157978122290388e+03
 1.037532001420054939e+03
 1.039906065114150579e+03
 1.042280169603150853e+03
 1.044654315294140815e+03
 1.047028502603006700e+03
 1.049402731954771980e+03
 1.051777003783911368e+03
 1.054151318534729853e+03
 1.056525676661726948e+03
 1.058900078629994596e+03
 1.061274524915636903e+03
 1.063649016006210331e+03
 1.066023552401202551e+03
 1.068398134612512195e+03
 1.070772763164985918e+03
 1.073147438596972279e+03
 1.075522161460902907e+03
 1.077896932323933697e+03
 1.080271751768595323e+03
 1.082646620393507874e+03
 1.085021538814126188e+03
 1.087396507663539296e+03
 1.089771527593321480e+03
 1.092146599274438358e+03
 1.094521723398206404e+03
 1.096896900677338408e+03
 1.099272131847021683e+03
 1.101647417666117235e+03
 1.104022758918404634e+03
 1.106398156413934885e+03
 1.108773610990478346e+03
 1.111149123515073143e+03
 1.113524694885693179e+03
 1.115900326033041438e+03
 1.118276017922474693e+03
 1.120651771556091035e+03
 1.123027587974956532e+03
 1.125403468261548824e+03
 1.127779413542366456e+03
 1.130155424990768324e+03
 1.132531503830055271e+03
 1.134907651336810886e+03
 1.137283868844544713e+03
 1.139660157747651965e+03
 1.142036519505732031e+03
 1.144412955648332400e+03
 1.146789467780099812e+03
 1.149166057586484385e+03
 1.151542726839961915e+03
 1.153919477406917849e+03
 1.156296311255237015e+03
 1.158673230462690299e+03
 1.161050237226256286e+03
 1.163427333872463578e+03
 1.165804522868928416e+03
 1.168181806837262229e+03
 1.170559188567509864e+03
 1.172936671034445453e+03
 1.175314257415900101e+03
 1.177691951113562709e+03
 1.180069755776608190e+03
 1.182447675328673540e+03
 1.184825713998793162e+03
 1.187203876357016270e+03
 1.189582167355657930e+03
 1.191960592377306966e+03
 1.194339157291010451e+03
 1.196717868518533805e+03
 1.199096733112900438e+03
 1.201475758852334593e+03
 1.203854954353465018e+03
 1.206234329209018370e+03
 1.208613894157004552e+03
 1.210993661290890259e+03
 1.213373644323999315e+03
 1.215753858926828343e+03
 1.218134323164187890e+03
 1.220515058072355714e+03
 1.222896088436765694e+03
 1.225277443866675412e+03
 1.227659160322378511e+03
 1.230041282367742724e+03
 1.232423866626492554e+03
 1.234806987424165527e+03
 1.237190746582166184e+03
 1.239575292443917533e+03
 1.241960860775322089e+03
 1.244347878518690322e+03
 1.246737240787427709e+03
 1.249130857678557504e+03
 1.251516900533661556e+03
 1.253899824013795751e+03
 1.256280987855395779e+03
 1.258660946799525846e+03
 1.261039990323841494e+03
 1.263418296656030861e+03
 1.265795987406085715e+03
 1.268173151225464608e+03
 1.270549855758660669e+03
 1.272926154381904553e+03
 1.275302090313607778e+03
 1.277677699272371683e+03
 1.280053011275929066e+03
 1.282428051903427786e+03
 1.284802843208582090e+03
 1.287177404396710926e+03
 1.289551752338168626e+03
 1.291925901964418244e+03
 1.294299866579026002e+03
 1.296673658105170034e+03
 1.299047287285162611e+03
 1.301420763843173063e+03
 1.303794096619216816e+03
 1.306167293680597368e+03
 1.308540362415317986e+03
 1.310913309610986289e+03
 1.313286141521973150e+03
 1.315658863926855929e+03
 1.318031482177972293e+03
 1.320404001244257415e+03
 1.322776425748610563e+03
 1.325148760000470247e+03
 1.327521008024564708e+03
 1.329893173586134253e+03
 1.332265260213382362e+03
 1.334637271217297211e+03
 1.337009209709485276e+03
 1.339381078617974936e+03
 1.341752880701467348e+03
 1.344124618562166688e+03
 1.346496294657313456e+03
 1.348867911309663214e+03
 1.351239470716936466e+03
 1.353610974960458407e+03
 1.355982426013002623e+03
 1.358353825745939957e+03
 1.360725175935818243e+03
 1.363096478270342914e+03
 1.365467734353930155e+03
 1.367838945712756413e+03
 1.370210113799473220e+03
 1.372581239997490229e+03
 1.374952325625035883e+03
 1.377323371938830178e+03
 1.379694380137555072e+03
 1.382065351365043625e+03
 1.384436286713289974e+03
 1.386807187225229882e+03
 1.389178053897347809e+03
 1.391548887682122540e+03
 1.393919689490316159e+03
 1.396290460193130002e+03
 1.398661200624218054e+03
 1.401031911581591885e+03
 1.403402593829425768e+03
 1.405773248099736975e+03
 1.408143875093993756e+03
 1.410514475484626473e+03
 1.412885049916465277e+03
 1.415255599008097988e+03
 1.417626123353156572e+03
 1.419996623521538822e+03
 1.422367100060577968e+03
 1.424737553496141800e+03
 1.427107984333693139e+03
 1.429478393059273458e+03
 1.431848780140470353e+03
 1.434219146027317038e+03
 1.436589491153155677e+03
 1.438959815935464349e+03
 1.441330120776634885e+03
 1.443700406064719800e+03
 1.446070672174143510e+03
 1.448440919466375817e+03
 1.450811148290579013e+03
 1.453181358984209737e+03
 1.455551551873611743e+03
 1.457921727274552268e+03
 1.460291885492755455e+03
 1.462662026824389613e+03
 1.465032151556537428e+03
 1.467402259967636610e+03
 1.469772352327890530e+03
 1.472142428899664083e+03
 1.474512489937848841e+03
 1.476882535690198438e+03
 1.479252566397655983e+03
 1.481622582294645326e+03
 1.483992583609344592e+03
 1.486362570563941290e+03
 1.488732543374861280e+03
 1.491102502252979775e+03
 1.493472447403809838e+03
 1.495842379027677907e+03
 1.498212297319873642e+03
 1.500582202470779293e+03
 1.502952094665993400e+03
 1.505321974086427190e+03
 1.507691840908381664e+03
 1.510061695303613988e+03
 1.512431537439398653e+03
 1.514801367478552493e+03
 1.517171185579463099e+03
 1.519540991896095875e+03
 1.521910786577990621e+03
 1.524280569770259945e+03
 1.526650341613539013e+03
 1.529020102243985093e+03
 1.531389851793212074e+03
 1.533759590388249080e+03
 1.536129318151488405e+03
 1.538499035200620938e+03
 1.540868741648576588e+03
 1.543238437603453804e+03
 1.545608123168451812e+03
 1.547977798441804453e+03
 1.550347463516708785e+03
 1.552717118481265743e+03
 1.555086763418405781e+03
 1.557456398405841810e+03
 1.559826023516008036e+03
 1.562195638816018800e+03
 1.564565244367622199e+03
 1.566934840227176210e+03
 1.569304426445625495e+03
 </DataArray>
 <DataArray Name="vel.y" type="Float32" NumberOfComponents="1" format="ascii">
 1.267266134582323906e-13
 6.445523756589035788e-14
 4.274493740527569704e-14
 3.900508206049950157e-14
 1.192103560066451779e-13
 1.887722433670416626e-14
 1.214599759500880246e-13
 1.144487126689100094e-13
 1.250209057378555964e-13
 5.720376822428609446e-14
 7.562404073197780086e-14
 4.558952588523732470e-14
 2.345733891939233222e-14
 8.446999122464299899e-14
 2.869648712431162492e-14
 8.173643156081700048e-14
 7.061001383168312057e-14
 1.729327418930165014e-13
 1.207350544934334483e-13
 2.680396247073304055e-13
 2.376979115379163406e-13
 1.539778156092475382e-13
 1.368292831971734408e-13
 7.797796915456085357e-14
 1.149126394589783061e-13
 -6.908370022810140148e-15
 3.978584980686441146e-14
 -2.854398957078298259e-14
 5.111897842655064112e-15
 -1.617161312006293534e-13
 -1.349249440194675100e-13
 -5.932679354195514238e-14
 -1.725416994896742929e-14
 1.835364826237108699e-14
 3.045343852658356013e-14
 1.121224909593397542e-13
 7.734342106373545305e-14
 5.330232772537959722e-14
 8.067987917666243953e-14
 2.417319941374756196e-14
 9.091923979484411581e-14
 1.415249052229255850e-13
 1.729222926351657852e-13
 1.708531764473593416e-13
 2.452668716426333192e-13
 2.392594099672498022e-13
 2.912703652584621432e-13
 2.175949146345630151e-13
 2.614311600276127277e-13
 1.690229041129656167e-13
 2.150842757413587786e-13
 1.745907515715136847e-13
 1.476604967015822792e-13
 9.125824592694927857e-14
 7.731957774406896589e-14
 3.620140248794302119e-14
 1.223850945396683117e-13
 9.907401636567158533e-14
 1.988432707033575903e-13
 7.155945484549100553e-14
 9.474145163198530510e-14
 4.745275157024113025e-14
 -4.667754131485517593e-15
 -6.413860154035198450e-14
 -1.524320657713448239e-13
 -1.980466242476537569e-13
 -1.390311654487180429e-13
 -2.264942227905188883e-13
 -1.160116291623799676e-13
 -1.450931731197992380e-13
 -2.271474503501944726e-14
 -1.481533524793082960e-14
 7.441246268542558350e-14
 2.066534927862353846e-13
 2.393100665960817206e-13
 2.794031271232509459e-13
 2.820940645616812207e-13
 1.321924179683067713e-13
 1.823263128982288327e-13
 -1.325846626413354451e-14
 5.689664435183424905e-14
 1.510929807497338300e-14
 -7.649114901179108411e-14
 -9.874577005194055838e-14
 -2.124564198462908426e-13
 -1.937255848471866914e-13
 -1.357462254364542155e-13
 -1.523279680445712273e-13
 -9.529283841701109479e-14
 -2.075493511741469201e-13
 -1.935853180810239499e-13
 -1.717973085820936866e-13
 -1.563184984509836659e-13
 -1.959239383180772721e-13
 -1.731586081173310962e-13
 -2.006258550089211153e-13
 -1.124045061917056852e-14
 2.531725351944979427e-15
 1.147426676041168549e-13
 -5.610318860950935442e-14
 -7.718750214007569798e-15
 1.522801363490506892e-13
 -1.870946607567367550e-13
 -1.764215172888058134e-14
 -9.501581663154636856e-14
 3.862828390742592721e-13
 -5.302722716573755866e-13
 -2.321015001495270302e-13
 -2.812587038726237643e-13
 1.882857548749111079e-13
 -3.573344615511839064e-13
 -2.256253348118425699e-13
 -8.498653120368148672e-14
 -8.811597272252108608e-14
 2.476614361272332129e-14
 -6.964336826390071944e-13
 -2.450729554836676242e-13
 -1.164900104980561573e-13
 5.968363974823801339e-13
 -6.138847805739758794e-13
 -5.729956832463756828e-13
 2.124380915500079829e-13
 2.849306236435523214e-13
 4.315263303245684480e-13
 -7.859868874831094018e-14
 5.638657180046027830e-13
 3.279135108580144968e-13
 4.375797738695794994e-13
 -3.801585653772630393e-13
 4.130525066944701084e-13
 3.414336877722840866e-13
 1.742982850755753223e-13
 1.986534646214537024e-14
 -1.867756178230401536e-13
 -1.367767675593524463e-13
 -3.341604767870668482e-13
 -4.081024804694723097e-13
 -3.527637093674370570e-13
 -2.417130103240855551e-13
 9.934916403687022256e-14
 2.198448875811575231e-15
 1.342002406956585225e-13
 1.097217002784738523e-13
 3.158610143013373541e-13
 -1.970233186886819806e-14
 2.454191517522772583e-13
 1.640665197652645519e-13
 3.772928055403567393e-13
 5.193066756104977099e-14
 3.815948825759731809e-13
 4.976489204458043539e-13
 3.462672796221181405e-13
 2.802983124913101732e-13
 2.561806003281073309e-14
 6.041564097504611319e-14
 -1.821471032646512561e-13
 -2.797371445753728156e-13
 -2.501328475011145768e-13
 -3.444709311953723822e-13
 -2.513406434199581520e-13
 -3.160786003943758779e-13
 -2.772676306615822488e-13
 -3.477492235242851136e-13
 -2.388603883160369242e-13
 -3.854155261357801504e-13
 -1.569791363420921267e-13
 -6.243840145065427414e-14
 5.065150898916449408e-14
 2.101425777828005014e-14
 1.105251507676748522e-13
 1.860645566320674463e-13
 1.888754631987751405e-13
 1.878666368313323797e-13
 2.806782285670157628e-13
 3.044187719121484342e-13
 2.901141960820901427e-13
 2.863035016600749033e-13
 3.067958612493169492e-13
 1.712989810573023892e-13
 6.536496341742802750e-14
 3.467867981810630284e-14
 7.179462745512228933e-14
 2.057407043273829699e-13
 1.526151888471297492e-13
 8.513962008671296291e-14
 4.850659032627874110e-14
 -8.542074783678616319e-14
 -1.914497971697292356e-14
 -2.128544800551716423e-13
 -2.032410704189311314e-13
 -1.929720186932193206e-13
 -1.654081271086120246e-13
 -3.652804081554925869e-14
 8.720106920660188869e-14
 2.886428410871397664e-14
 5.504202398046883882e-14
 -1.442236369038442972e-14
 7.439363888407408187e-14
 8.261715294579915367e-14
 2.055601202183959403e-13
 1.781407626702877783e-13
 1.569652050612546684e-13
 1.391705301802945458e-13
 2.018879896548468048e-13
 2.200003640000750306e-13
 6.725261544079682511e-14
 -3.352176652733659203e-14
 2.566556528892154305e-14
 2.388321241763444969e-14
 1.884844422092924380e-13
 2.308103101687872140e-13
 2.416999379549602768e-13
 2.894046109396327212e-13
 3.299272408558951806e-13
 3.380583603573853101e-13
 3.592209619500405166e-13
 3.496899088040578133e-13
 2.984934444464674381e-13
 9.437622698072231118e-14
 5.499300413390558217e-14
 4.797035613232280435e-14
 -4.948728903353962807e-14
 -2.320719924234194723e-13
 -3.232570776993412149e-13
 -3.665064798635500330e-13
 -3.227170152102970651e-13
 -3.240385001168418798e-13
 -3.783529837558363329e-13
 -2.037027877628487555e-13
 -2.465838156038972784e-13
 -7.575300347899669621e-14
 -9.924748759542622021e-15
 -5.455886413300307127e-14
 -1.108126485037058883e-13
 -2.911356561529971456e-13
 -2.618548829575525944e-13
 -2.712304679817361287e-13
 -2.419943618938806857e-13
 -1.481314167732645757e-13
 -1.454525432015437922e-13
 -1.022905272283242387e-13
 -1.459579584164373168e-13
 -1.758370244443033160e-13
 -2.850976270565784130e-13
 -2.597418338124922031e-13
 -2.294397557156932659e-13
 -7.230786303981972611e-14
 9.591240797738188151e-14
 1.181650584796396321e-13
 1.171423365943092794e-13
 1.357031661863869205e-13
 -1.800966111350662858e-13
 -1.428161510469373085e-13
 -2.865273422586361417e-13
 1.954308531333609603e-13
 -1.536023497402644448e-13
 -3.727194326868672385e-14
 -1.293094941924148969e-13
 1.056409424832324608e-13
 -1.002044244261532414e-13
 -9.047775557032096699e-14
 -1.226593553641029797e-13
 -1.769981427619774312e-13
 -8.063202658975826685e-15
 -2.658275148518782142e-13
 -1.701044730059089452e-14
 -6.353830871099622075e-14
 1.714420838100982115e-13
 -1.949100548147306733e-13
 9.594480328137191034e-14
 3.799782445281805197e-13
 1.390244397904125627e-13
 2.091332153873682633e-13
 -2.962084380089493789e-14
 3.871569733129499025e-13
 -4.314995705836237140e-14
 1.474420180882831566e-14
 -1.444772573260664429e-13
 5.312614449819634830e-14
 -2.430632750831871860e-13
 -1.884455181111253907e-13
 -1.200835829145609080e-13
 -1.362294048680816973e-13
 1.191651449639168634e-14
 -1.921901562134757919e-13
 2.396991030575377925e-14
 4.151684303570018723e-14
 -7.535706915717471455e-14
 1.056133638731580620e-13
 -4.469125608424390551e-14
 1.186843045433414596e-15
 5.111633594505948977e-14
 1.525462009646687627e-13
 1.746356642661910016e-13
 2.636835001866005101e-13
 2.725337388660972005e-13
 3.792016704897523195e-13
 1.939976243607099482e-13
 4.475581431769740154e-13
 1.801391318248672322e-13
 2.202045602272772868e-13
 1.362408566408473304e-13
 6.805421330560846627e-14
 7.071323129370622437e-15
 6.172890832600967348e-15
 -2.792263227300531104e-14
 5.154066668546630159e-14
 -4.540555503996942797e-14
 1.990835382106722367e-13
 -2.537509154463950401e-14
 -7.627989768131304052e-15
 -6.148033093658534368e-14
 -1.175679857331786101e-13
 -1.668989588328483689e-13
 -2.416600655744170672e-13
 -2.678316007738289226e-13
 -1.662643368155095780e-13
 -3.058265692046277430e-13
 -5.934505618235219180e-14
 -1.410615365425596564e-13
 -5.652815690812347549e-14
 -4.708921714206223715e-14
 1.465155388288446724e-14
 1.376178179266258130e-13
 1.814200380021219264e-13
 2.068134844369725303e-13
 2.317786890870402116e-13
 -1.101482527110961887e-14
 2.353215122970399636e-13
 -7.307870788366883606e-14
 -9.582709995472933420e-16
 -2.839415375744169512e-14
 -1.286611353163958350e-13
 -1.448495447039776695e-13
 -2.603246287728620440e-13
 -2.643469149499141087e-13
 -1.758830938397003739e-13
 -2.481845330870751424e-13
 -3.108334714292852564e-15
 -2.380590730516554011e-13
 -2.290231634788823517e-13
 -2.258127399928960468e-13
 -2.026195774108678331e-13
 -2.348155720480060283e-13
 -1.556866260839729737e-13
 -1.997225810188254420e-13
 -3.911721968928852506e-14
 -1.021044412920371816e-13
 1.714866507411772489e-13
 -6.662930107853734656e-14
 -1.429842527412606641e-13
 2.012763379353570691e-13
 -2.598035073393487204e-13
 -4.905668345780347873e-14
 -2.824427162646014635e-13
 6.110472988595187354e-13
 -5.111820424931285611e-13
 -2.086253725021213670e-13
 -3.206848339200162476e-13
 3.313338774586761080e-13
 -3.709620248894656927e-13
 -2.522560789605506518e-13
 -1.400630667028275347e-13
 -1.880373995563310338e-13
 2.233423122345270517e-14
 -9.107520866827410363e-13
 -1.673761359034424191e-13
 -2.192562351647320489e-13
 6.102911595037022961e-13
 -8.786476346258339831e-13
 -7.646310644641168898e-13
 4.065622011967300076e-13
 2.828471367574610222e-13
 4.814136355813366412e-13
 -2.091672171521575829e-13
 7.778736489476312626e-13
 3.329737581213038218e-13
 5.342433327335054722e-13
 -4.204086006804256983e-13
 7.730563439099024836e-13
 4.712198475189950419e-13
 2.378973827297458201e-13
 8.383708305508859358e-14
 -1.718921580777730170e-13
 -4.440292260532115360e-14
 -5.048223857325362943e-13
 -4.356001914566413908e-13
 -3.378032563805167678e-13
 -2.442382766574597103e-13
 1.211584850223945869e-13
 -8.010796585870766511e-14
 2.606089332869117872e-13
 1.181233574628550618e-13
 3.660096283770465975e-13
 -9.531875337617298802e-14
 4.831611190219295403e-13
 1.760064290149351233e-13
 4.822790595685350229e-13
 -8.552795361127031560e-14
 7.819474796365782328e-13
 5.698048010712265598e-13
 3.716384601495225078e-13
 3.288585273784596348e-13
 5.797888790648972289e-14
 1.496692064710757859e-13
 -3.411040866751353492e-13
 -2.879517183643304043e-13
 -2.566100951166891315e-13
 -3.558675233446008231e-13
 -2.053343707690217758e-13
 -3.292872811534683649e-13
 -3.623122200680274666e-14
 -2.121174721278369515e-13
 -9.689956603406779600e-14
 -4.110338056474277948e-13
 1.293980017642911915e-13
 1.035364724878491817e-15
 9.747238451292609495e-14
 -4.556629928191917456e-15
 2.652597135239148566e-13
 1.978677793025283553e-13
 1.798632480692758198e-13
 1.462165660120937368e-13
 2.517452440466573341e-13
 3.073511350481477044e-13
 3.300636195029756635e-13
 3.238730102608764913e-13
 3.855246404742362462e-13
 1.031573639908730880e-13
 1.575365901606036729e-13
 -2.667889553242849243e-16
 1.975124207368226059e-14
 1.128290383389205260e-13
 5.985978404724543286e-14
 1.322863655561086959e-14
 -3.800411341758446684e-14
 -1.930139190067343831e-13
 -1.140910004353876244e-13
 -3.330175688773974655e-13
 -1.197443449101287972e-13
 -1.481950396909483534e-13
 -1.241220156477725161e-13
 9.413001269241622537e-15
 1.011288280848921778e-13
 5.318460939649939221e-14
 5.114072762316113158e-14
 -3.700956946599882342e-14
 3.165255876994992426e-14
 -5.304597463653895557e-14
 2.040356494785926736e-13
 7.646681890383158237e-14
 3.109243834696739260e-14
 2.081907662113548844e-14
 9.118364937777274138e-14
 1.176857373493177115e-13
 -4.043463387636953882e-14
 -1.805401607149451207e-13
 -7.018412321862726493e-14
 -1.054713394039537293e-13
 2.043475220831484506e-13
 1.574503794980176479e-13
 1.668915533194361354e-13
 2.452032089054654353e-13
 2.743137816502033808e-13
 2.646545074430788517e-13
 2.475572993255870488e-13
 2.196344917574817346e-13
 2.548507044624851866e-13
 3.156085704992589952e-14
 1.241984553838767282e-13
 -2.399305080682491561e-14
 -1.543115607988478819e-13
 -3.493225465922305754e-13
 -3.657104953778718525e-13
 -3.625758167731559866e-13
 -3.161466182842863471e-13
 -3.286007383491510880e-13
 -4.016346808744236031e-13
 -1.340124989873249234e-13
 -3.821783417832202168e-13
 2.786318889659022027e-13
 7.382451002497486000e-14
 -1.842046316626603318e-14
 -6.932725775385883260e-14
 -2.560033583896301731e-13
 -1.792238618808482947e-13
 -3.565789935364273134e-13
 -2.610476410980630823e-13
 -1.550222692737575482e-13
 -1.648184675676721360e-13
 -1.123728305211594300e-13
 -2.363705488407306517e-13
 -8.207351389944779661e-14
 -3.234342366392859971e-13
 -2.528529851327465995e-13
 -3.704000550915227975e-13
 1.613151337780835252e-13
 7.847932170018630006e-14
 5.631565374942574874e-14
 4.643515977782233312e-14
 </DataArray>
 <DataArray Name="vel.z" type="Float32" NumberOfComponents="1" format="ascii">
 0.000000000000000000e+00
 0.000000000000000000e+00
 0.000000000000000000e+00
 0.000000000000000000e+00
 0.000000000000000000e+00
 0.000000000000000000e+00
 0.000000000000000000e+00
 0.000000000000000000e+00
 0.000000000000000000e+00
 0.000000000000000000e+00
 0.000000000000000000e+00
 0.000000000000000000e+00
 0.000000000000000000e+00
 0.000000000000000000e+00
 0.000000000000000000e+00
 0.000000000000000000e+00
 0.000000000000000000e+00
 0.000000000000000000e+00
 0.000000000000000000e+00
 0.000000000000000000e+00
 0.000000000000000000e+00
 0.000000000000000000e+00
 0.000000000000000000e+00
 0.000000000000000000e+00
 0.000000000000000000e+00
 0.000000000000000000e+00
 0.000000000000000000e+00
 0.000000000000000000e+00
 0.000000000000000000e+00
 0.000000000000000000e+00
 0.000000000000000000e+00
 0.000000000000000000e+00
 0.000000000000000000e+00
 0.000000000000000000e+00
 0.000000000000000000e+00
 0.000000000000000000e+00
 0.000000000000000000e+00
 0.000000000000000000e+00
 0.000000000000000000e+00
 0.000000000000000000e+00
 0.000000000000000000e+00
 0.000000000000000000e+00
 0.000000000000000000e+00
 0.000000000000000000e+00
 0.000000000000000000e+00
 0.000000000000000000e+00
 0.000000000000000000e+00
 0.000000000000000000e+00
 0.000000000000000000e+00
 0.000000000000000000e+00
 0.000000000000000000e+00
 0.000000000000000000e+00
 0.000000000000000000e+00
 0.000000000000000000e+00
 0.000000000000000000e+00
 0.000000000000000000e+00
 0.000000000000000000e+00
 0.000000000000000000e+00
 0.000000000000000000e+00
 0.000000000000000000e+00
 0.000000000000000000e+00
 0.000000000000000000e+00
 0.000000000000000000e+00
 0.000000000000000000e+00
 0.000000000000000000e+00
 0.000000000000000000e+00
 0.000000000000000000e+00
 0.000000000000000000e+00
 0.000000000000000000e+00
 0.000000000000000000e+00
 0.000000000000000000e+00
 0.000000000000000000e+00
 0.000000000000000000e+00
 0.000000000000000000e+00
 0.000000000000000000e+00
 0.000000000000000000e+00
 0.000000000000000000e+00
 0.000000000000000000e+00
 0.000000000000000000e+00
 0.000000000000000000e+00
 0.000000000000000000e+00
 0.000000000000000000e+00
 0.000000000000000000e+00
 0.000000000000000000e+00
 0.000000000000000000e+00
 0.000000000000000000e+00
 0.000000000000000000e+00
 0.000000000000000000e+00
 0.000000000000000000e+00
 0.000000000000000000e+00
 0.000000000000000000e+00
 0.000000000000000000e+00
 0.000000000000000000e+00
 0.000000000000000000e+00
 0.000000000000000000e+00
 0.000000000000000000e+00
 0.000000000000000000e+00
 0.000000000000000000e+00
 0.000000000000000000e+00
 0.000000000000000000e+00
 0.000000000000000000e+00
 0.000000000000000000e+00
 0.000000000000000000e+00
 0.000000000000000000e+00
 0.000000000000000000e+00
 0.000000000000000000e+00
 0.000000000000000000e+00
 0.000000000000000000e+00
 0.000000000000000000e+00
 0.000000000000000000e+00
 0.000000000000000000e+00
 0.000000000000000000e+00
 0.000000000000000000e+00
 0.000000000000000000e+00
 0.000000000000000000e+00
 0.000000000000000000e+00
 0.000000000000000000e+00
 0.000000000000000000e+00
 0.000000000000000000e+00
 0.000000000000000000e+00
 0.000000000000000000e+00
 0.000000000000000000e+00
 0.000000000000000000e+00
 0.000000000000000000e+00
 0.000000000000000000e+00
 0.000000000000000000e+00
 0.000000000000000000e+00
 0.000000000000000000e+00
 0.000000000000000000e+00
 0.000000000000000000e+00
 0.000000000000000000e+00
 0.000000000000000000e+00
 0.000000000000000000e+00
 0.000000000000000000e+00
 0.000000000000000000e+00
 0.000000000000000000e+00
 0.000000000000000000e+00
 0.000000000000000000e+00
 0.000000000000000000e+00
 0.000000000000000000e+00
 0.000000000000000000e+00
 0.000000000000000000e+00
 0.000000000000000000e+00
 0.000000000000000000e+00
 0.000000000000000000e+00
 0.000000000000000000e+00
 0.000000000000000000e+00
 0.000000000000000000e+00
 0.000000000000000000e+00
 0.000000000000000000e+00
 0.000000000000000000e+00
 0.000000000000000000e+00
 0.000000000000000000e+00
 0.000000000000000000e+00
 0.000000000000000000e+00
 0.000000000000000000e+00
 0.000000000000000000e+00
 0.000000000000000000e+00
 0.000000000000000000e+00
 0.000000000000000000e+00
 0.000000000000000000e+00
 0.000000000000000000e+00
 0.000000000000000000e+00
 0.000000000000000000e+00
 0.000000000000000000e+00
 0.000000000000000000e+00
 0.000000000000000000e+00
 0.000000000000000000e+00
 0.000000000000000000e+00
 0.000000000000000000e+00
 0.000000000000000000e+00
 0.000000000000000000e+00
 0.000000000000000000e+00
 0.000000000000000000e+00
 0.000000000000000000e+00
 0.000000000000000000e+00
 0.000000000000000000e+00
 0.000000000000000000e+00
 0.000000000000000000e+00
 0.000000000000000000e+00
 0.000000000000000000e+00
 0.000000000000000000e+00
 0.000000000000000000e+00
 0.000000000000000000e+00
 0.000000000000000000e+00
 0.000000000000000000e+00
 0.000000000000000000e+00
 0.000000000000000000e+00
 0.000000000000000000e+00
 0.000000000000000000e+00
 0.000000000000000000e+00
 0.000000000000000000e+00
 0.000000000000000000e+00
 0.000000000000000000e+00
 0.000000000000000000e+00
 0.000000000000000000e+00
 0.000000000000000000e+00
 0.000000000000000000e+00
 0.000000000000000000e+00
 0.000000000000000000e+00
 0.000000000000000000e+00
 0.000000000000000000e+00
 0.000000000000000000e+00
 0.000000000000000000e+00
 0.000000000000000000e+00
 0.000000000000000000e+00
 0.000000000000000000e+00
 0.000000000000000000e+00
 0.000000000000000000e+00
 0.000000000000000000e+00
 0.000000000000000000e+00
 0.000000000000000000e+00
 0.000000000000000000e+00
 0.000000000000000000e+00
 0.000000000000000000e+00
 0.000000000000000000e+00
 0.000000000000000000e+00
 0.000000000000000000e+00
 0.000000000000000000e+00
 0.000000000000000000e+00
 0.000000000000000000e+00
 0.000000000000000000e+00
 0.000000000000000000e+00
 0.000000000000000000e+00
 0.000000000000000000e+00
 0.000000000000000000e+00
 0.000000000000000000e+00
 0.000000000000000000e+00
 0.000000000000000000e+00
 0.000000000000000000e+00
 0.000000000000000000e+00
 0.000000000000000000e+00
 0.000000000000000000e+00
 0.000000000000000000e+00
 0.000000000000000000e+00
 0.000000000000000000e+00
 0.000000000000000000e+00
 0.000000000000000000e+00
 0.000000000000000000e+00
 0.000000000000000000e+00
 0.000000000000000000e+00
 0.000000000000000000e+00
 0.000000000000000000e+00
 0.000000000000000000e+00
 0.000000000000000000e+00
 0.000000000000000000e+00
 0.000000000000000000e+00
 0.000000000000000000e+00
 0.000000000000000000e+00
 0.000000000000000000e+00
 0.000000000000000000e+00
 0.000000000000000000e+00
 0.000000000000000000e+00
 0.000000000000000000e+00
 0.000000000000000000e+00
 0.000000000000000000e+00
 0.000000000000000000e+00
 0.000000000000000000e+00
 0.000000000000000000e+00
 0.000000000000000000e+00
 0.000000000000000000e+00
 0.000000000000000000e+00
 0.000000000000000000e+00
 0.000000000000000000e+00
 0.000000000000000000e+00
 0.000000000000000000e+00
 0.000000000000000000e+00
 0.000000000000000000e+00
 0.000000000000000000e+00
 0.000000000000000000e+00
 0.000000000000000000e+00
 0.000000000000000000e+00
 0.000000000000000000e+00
 0.000000000000000000e+00
 0.000000000000000000e+00
 0.000000000000000000e+00
 0.000000000000000000e+00
 0.000000000000000000e+00
 0.000000000000000000e+00
 0.000000000000000000e+00
 0.000000000000000000e+00
 0.000000000000000000e+00
 0.000000000000000000e+00
 0.000000000000000000e+00
 0.000000000000000000e+00
 0.000000000000000000e+00
 0.000000000000000000e+00
 0.000000000000000000e+00
 0.000000000000000000e+00
 0.000000000000000000e+00
 0.000000000000000000e+00
 0.000000000000000000e+00
 0.000000000000000000e+00
 0.000000000000000000e+00
 0.000000000000000000e+00
 0.000000000000000000e+00
 0.000000000000000000e+00
 0.000000000000000000e+00
 0.000000000000000000e+00
 0.000000000000000000e+00
 0.000000000000000000e+00
 0.000000000000000000e+00
 0.000000000000000000e+00
 0.000000000000000000e+00
 0.000000000000000000e+00
 0.000000000000000000e+00
 0.000000000000000000e+00
 0.000000000000000000e+00
 0.000000000000000000e+00
 0.000000000000000000e+00
 0.000000000000000000e+00
 0.000000000000000000e+00
 0.000000000000000000e+00
 0.000000000000000000e+00
 0.000000000000000000e+00
 0.000000000000000000e+00
 0.000000000000000000e+00
 0.000000000000000000e+00
 0.000000000000000000e+00
 0.000000000000000000e+00
 0.000000000000000000e+00
 0.000000000000000000e+00
 0.000000000000000000e+00
 0.000000000000000000e+00
 0.000000000000000000e+00
 0.000000000000000000e+00
 0.000000000000000000e+00
 0.000000000000000000e+00
 0.000000000000000000e+00
 0.000000000000000000e+00
 0.000000000000000000e+00
 0.000000000000000000e+00
 0.000000000000000000e+00
 0.000000000000000000e+00
 0.000000000000000000e+00
 0.000000000000000000e+00
 0.000000000000000000e+00
 0.000000000000000000e+00
 0.000000000000000000e+00
 0.000000000000000000e+00
 0.000000000000000000e+00
 0.000000000000000000e+00
 0.000000000000000000e+00
 0.000000000000000000e+00
 0.000000000000000000e+00
 0.000000000000000000e+00
 0.000000000000000000e+00
 0.000000000000000000e+00
 0.000000000000000000e+00
 0.000000000000000000e+00
 0.000000000000000000e+00
 0.000000000000000000e+00
 0.000000000000000000e+00
 0.000000000000000000e+00
 0.000000000000000000e+00
 0.000000000000000000e+00
 0.000000000000000000e+00
 0.000000000000000000e+00
 0.000000000000000000e+00
 0.000000000000000000e+00
 0.000000000000000000e+00
 0.000000000000000000e+00
 0.000000000000000000e+00
 0.000000000000000000e+00
 0.000000000000000000e+00
 0.000000000000000000e+00
 0.000000000000000000e+00
 0.000000000000000000e+00
 0.000000000000000000e+00
 0.000000000000000000e+00
 0.000000000000000000e+00
 0.000000000000000000e+00
 0.000000000000000000e+00
 0.000000000000000000e+00
 0.000000000000000000e+00
 0.000000000000000000e+00
 0.000000000000000000e+00
 0.000000000000000000e+00
 0.000000000000000000e+00
 0.000000000000000000e+00
 0.000000000000000000e+00
 0.000000000000000000e+00
 0.000000000000000000e+00
 0.000000000000000000e+00
 0.000000000000000000e+00
 0.000000000000000000e+00
 0.000000000000000000e+00
 0.000000000000000000e+00
 0.000000000000000000e+00
 0.000000000000000000e+00
 0.000000000000000000e+00
 0.000000000000000000e+00
 0.000000000000000000e+00
 0.000000000000000000e+00
 0.000000000000000000e+00
 0.000000000000000000e+00
 0.000000000000000000e+00
 0.000000000000000000e+00
 0.000000000000000000e+00
 0.000000000000000000e+00
 0.000000000000000000e+00
 0.000000000000000000e+00
 0.000000000000000000e+00
 0.000000000000000000e+00
 0.000000000000000000e+00
 0.000000000000000000e+00
 0.000000000000000000e+00
 0.000000000000000000e+00
 0.000000000000000000e+00
 0.000000000000000000e+00
 0.000000000000000000e+00
 0.000000000000000000e+00
 0.000000000000000000e+00
 0.000000000000000000e+00
 0.000000000000000000e+00
 0.000000000000000000e+00
 0.000000000000000000e+00
 0.000000000000000000e+00
 0.000000000000000000e+00
 0.000000000000000000e+00
 0.000000000000000000e+00
 0.000000000000000000e+00
 0.000000000000000000e+00
 0.000000000000000000e+00
 0.000000000000000000e+00
 0.000000000000000000e+00
 0.000000000000000000e+00
 0.000000000000000000e+00
 0.000000000000000000e+00
 0.000000000000000000e+00
 0.000000000000000000e+00
 0.000000000000000000e+00
 0.000000000000000000e+00
 0.000000000000000000e+00
 0.000000000000000000e+00
 0.000000000000000000e+00
 0.000000000000000000e+00
 0.000000000000000000e+00
 0.000000000000000000e+00
 0.000000000000000000e+00
 0.000000000000000000e+00
 0.000000000000000000e+00
 0.000000000000000000e+00
 0.000000000000000000e+00
 0.000000000000000000e+00
 0.000000000000000000e+00
 0.000000000000000000e+00
 0.000000000000000000e+00
 0.000000000000000000e+00
 0.000000000000000000e+00
 0.000000000000000000e+00
 0.000000000000000000e+00
 0.000000000000000000e+00
 0.000000000000000000e+00
 0.000000000000000000e+00
 0.000000000000000000e+00
 0.000000000000000000e+00
 0.000000000000000000e+00
 0.000000000000000000e+00
 0.000000000000000000e+00
 0.000000000000000000e+00
 0.000000000000000000e+00
 0.000000000000000000e+00
 0.000000000000000000e+00
 0.000000000000000000e+00
 0.000000000000000000e+00
 0.000000000000000000e+00
 0.000000000000000000e+00
 0.000000000000000000e+00
 0.000000000000000000e+00
 0.000000000000000000e+00
 0.000000000000000000e+00
 0.000000000000000000e+00
 0.000000000000000000e+00
 0.000000000000000000e+00
 0.000000000000000000e+00
 0.000000000000000000e+00
 0.000000000000000000e+00
 0.000000000000000000e+00
 0.000000000000000000e+00
 0.000000000000000000e+00
 0.000000000000000000e+00
 0.000000000000000000e+00
 0.000000000000000000e+00
 0.000000000000000000e+00
 0.000000000000000000e+00
 0.000000000000000000e+00
 0.000000000000000000e+00
 0.000000000000000000e+00
 0.000000000000000000e+00
 0.000000000000000000e+00
 0.000000000000000000e+00
 0.000000000000000000e+00
 0.000000000000000000e+00
 0.000000000000000000e+00
 0.000000000000000000e+00
 0.000000000000000000e+00
 0.000000000000000000e+00
 0.000000000000000000e+00
 0.000000000000000000e+00
 </DataArray>
 <DataArray Name="p" type="Float32" NumberOfComponents="1" format="ascii">
 2.688913064298101817e+05
 2.680974822837436805e+05
 2.673055231449740822e+05
 2.665154256781311124e+05
 2.657271865510896314e+05
 2.649408024349597399e+05
 2.641562700040368945e+05
 2.633735859357345034e+05
 2.625927469105151249e+05
 2.618137496118249255e+05
 2.610365907260368986e+05
 2.602612669424026390e+05
 2.594877749530116853e+05
 2.587161114527530153e+05
 2.579462731392833230e+05
 2.571782567129929957e+05
 2.564120588769705500e+05
 2.556476763369679684e+05
 2.548851058013624570e+05
 2.541243439811150311e+05
 2.533653875897274702e+05
 2.526082333431965671e+05
 2.518528779599652335e+05
 2.510993181608720915e+05
 2.503475506690964394e+05
 2.495975722101029824e+05
 2.488493795115810935e+05
 2.481029693033820367e+05
 2.473583383174531336e+05
 2.466154832877672743e+05
 2.458744009502485860e+05
 2.451350880426955118e+05
 2.443975413046981266e+05
 2.436617574775507092e+05
 2.429277333041600068e+05
 2.421954655289472721e+05
 2.414649508977465448e+05
 2.407361861576939991e+05
 2.400091680571135657e+05
 2.392838933453936188e+05
 2.385603587728571147e+05
 2.378385610906250658e+05
 2.371184970504680823e+05
 2.364001634046524123e+05
 2.356835569057737303e+05
 2.349686743065812043e+05
 2.342555123597909405e+05
 2.335440678178847593e+05
 2.328343374328989012e+05
 2.321263179561962315e+05
 2.314200061382224667e+05
 2.307153987282487797e+05
 2.300124924740935094e+05
 2.293112841218244284e+05
 2.286117704154416861e+05
 2.279139480965355178e+05
 2.272178139039196249e+05
 2.265233645732365549e+05
 2.258305968365350564e+05
 2.251395074218116642e+05
 2.244500930525193398e+05
 2.237623504470351618e+05
 2.230762763180853799e+05
 2.223918673721220694e+05
 2.217091203086502792e+05
 2.210280318194954307e+05
 2.203485985880074149e+05
 2.196708172881946084e+05
 2.189946845837807341e+05
 2.183201971271716466e+05
 2.176473515583293047e+05
 2.169761445035366633e+05
 2.163065725740384951e+05
 2.156386323645503435e+05
 2.149723204516131082e+05
 2.143076333917743468e+05
 2.136445677195764438e+05
 2.129831199453222798e+05
 2.123232865525890375e+05
 2.116650639954537037e+05
 2.110084486953909800e+05
 2.103534370377879532e+05
 2.097000253680237220e+05
 2.090482099870372331e+05
 2.083979871463042218e+05
 2.077493530421214527e+05
 2.071023038090693881e+05
 2.064568355125139351e+05
 2.058129441399576026e+05
 2.051706255910108448e+05
 2.045298756657084741e+05
 2.038906900508128456e+05
 2.032530643036477268e+05
 2.026169938329013821e+05
 2.019824738756373408e+05
 2.013494994695534406e+05
 2.007180654191828799e+05
 2.000881662543230050e+05
 1.994597961782713828e+05
 1.988329490027072316e+05
 1.982076180642632826e+05
 1.975837961167206231e+05
 1.969614751874019275e+05
 1.963406463856355404e+05
 1.957212996326791472e+05
 1.951034232880335185e+05
 1.944870035740101885e+05
 1.938720237420077901e+05
 1.932584625977122341e+05
 1.926462921813221183e+05
 1.920354727009311318e+05
 1.914259428647546156e+05
 1.908175924375177419e+05
 1.902101953654078825e+05
 1.896032666551809816e+05
 1.889998027773752110e+05
 1.883986622913504834e+05
 1.877994945209166326e+05
 1.872021541520436003e+05
 1.866065636045623105e+05
 1.860126737817135290e+05
 1.854204501302448625e+05
 1.848298665909521515e+05
 1.842409025358172075e+05
 1.836535410373283376e+05
 1.830677678106723470e+05
 1.824835705283347052e+05
 1.819009383553733933e+05
 1.813198616226542799e+05
 1.807403315900688758e+05
 1.801623402706019115e+05
 1.795858802967313386e+05
 1.790109448171035910e+05
 1.784375274153027858e+05
 1.778656220450656256e+05
 1.772952229779659538e+05
 1.767263247606756049e+05
 1.761589221796959755e+05
 1.755930102319880971e+05
 1.750285841003006790e+05
 1.744656391322971322e+05
 1.739041708227624767e+05
 1.733441747983444366e+05
 1.727856468043870991e+05
 1.722285826935131918e+05
 1.716729784156627429e+05
 1.711188300093720609e+05
 1.705661335940964054e+05
 1.700148853634300758e+05
 1.694650815790915804e+05
 1.689167185655709181e+05
 1.683697927053481981e+05
 1.678243004346126691e+05
 1.672802382394128072e+05
 1.667376026521870808e+05
 1.661963902486298757e+05
 1.656565976448539295e+05
 1.651182214948085602e+05
 1.645812584879351489e+05
 1.640457053470232349e+05
 1.635115588262537785e+05
 1.629788157094041235e+05
 1.624474728082024958e+05
 1.619175269608093076e+05
 1.613889750304243935e+05
 1.608618139039954694e+05
 1.603360404910266807e+05
 1.598116517224728595e+05
 1.592886445497144305e+05
 1.587670159436038812e+05
 1.582467628935786197e+05
 1.577278824068327667e+05
 1.572103715075440123e+05
 1.566942272361513460e+05
 1.561794466486770252e+05
 1.556660268160928099e+05
 1.551539648237223155e+05
 1.546432577706812299e+05
 1.541339027693502430e+05
 1.536258969448771095e+05
 1.531192374347074656e+05
 1.526139213881429168e+05
 1.521099459659223794e+05
 1.516073083398261515e+05
 1.511060056923022203e+05
 1.506060352161092742e+05
 1.501073941139832605e+05
 1.496100795983167773e+05
 1.491140888908556371e+05
 1.486194192224139988e+05
 1.481260678325985209e+05
 1.476340319695513463e+05
 1.471433088897033595e+05
 1.466538958575389406e+05
 1.461657901453745144e+05
 1.456789890331468778e+05
 1.451934898082113941e+05
 1.447092897651523817e+05
 1.442263862055997015e+05
 1.437447764380580047e+05
 1.432644577777428785e+05
 1.427854275464256352e+05
 1.423076830722855229e+05
 1.418312216897708131e+05
 1.413560407394669310e+05
 1.408821375679716875e+05
 1.404095095277778164e+05
 1.399381539771603711e+05
 1.394680682800730574e+05
 1.389992498060494254e+05
 1.385316959301102033e+05
 1.380654040326768591e+05
 1.376003714994892653e+05
 1.371365957215310482e+05
 1.366740740949581086e+05
 1.362128040210332256e+05
 1.357527829060650838e+05
 1.352940081613524526e+05
 1.348364772031319735e+05
 1.343801874525307212e+05
 1.339251363355227222e+05
 1.334713212828900432e+05
 1.330187397301863530e+05
 1.325673891177052574e+05
 1.321172668904510792e+05
 1.316683704981134506e+05
 1.312206973950442625e+05
 1.307742450402388786e+05
 1.303290108973166643e+05
 1.298849924345075269e+05
 1.294421871246386727e+05
 1.290005924451238825e+05
 1.285602058779535146e+05
 1.281210249096878251e+05
 1.276830470314497652e+05
 1.272462697389202949e+05
 1.268106905323326500e+05
 1.263763069164704648e+05
 1.259431164006626350e+05
 1.255111164987802913e+05
 1.250803047292347910e+05
 1.246506786149718828e+05
 1.242222356834696693e+05
 1.237949734667327575e+05
 1.233688895012871217e+05
 1.229439813281728420e+05
 1.225202464929366251e+05
 1.220976825456226361e+05
 1.216762870407616138e+05
 1.212560575373583852e+05
 2.688913064298104728e+05
 2.680974822837440297e+05
 2.673055231449740822e+05
 2.665154256781309377e+05
 2.657271865510893404e+05
 2.649408024349600310e+05
 2.641562700040363125e+05
 2.633735859357343870e+05
 2.625927469105150085e+05
 2.618137496118249837e+05
 2.610365907260367821e+05
 2.602612669424029009e+05
 2.594877749530115980e+05
 2.587161114527529280e+05
 2.579462731392834394e+05
 2.571782567129925301e+05
 2.564120588769702881e+05
 2.556476763369676773e+05
 2.548851058013623406e+05
 2.541243439811144781e+05
 2.533653875897277321e+05
 2.526082333431970037e+05
 2.518528779599651170e+05
 2.510993181608722080e+05
 2.503475506690965849e+05
 2.495975722101034480e+05
 2.488493795115810353e+05
 2.481029693033822987e+05
 2.473583383174533374e+05
 2.466154832877678564e+05
 2.458744009502483532e+05
 2.451350880426953663e+05
 2.443975413046980975e+05
 2.436617574775504763e+05
 2.429277333041596285e+05
 2.421954655289468938e+05
 2.414649508977466903e+05
 2.407361861576941155e+05
 2.400091680571136239e+05
 2.392838933453937352e+05
 2.385603587728569692e+05
 2.378385610906250658e+05
 2.371184970504679950e+05
 2.364001634046524123e+05
 2.356835569057736720e+05
 2.349686743065812916e+05
 2.342555123597909987e+05
 2.335440678178850794e+05
 2.328343374328990176e+05
 2.321263179561964935e+05
 2.314200061382221465e+05
 2.307153987282488088e+05
 2.300124924740933930e+05
 2.293112841218243411e+05
 2.286117704154417152e+05
 2.279139480965354887e+05
 2.272178139039194211e+05
 2.265233645732365549e+05
 2.258305968365350273e+05
 2.251395074218120426e+05
 2.244500930525192525e+05
 2.237623504470354237e+05
 2.230762763180854672e+05
 2.223918673721221276e+05
 2.217091203086504247e+05
 2.210280318194954598e+05
 2.203485985880075896e+05
 2.196708172881951323e+05
 2.189946845837805304e+05
 2.183201971271718212e+05
 2.176473515583292174e+05
 2.169761445035366633e+05
 2.163065725740382040e+05
 2.156386323645499651e+05
 2.149723204516127880e+05
 2.143076333917738812e+05
 2.136445677195764147e+05
 2.129831199453226000e+05
 2.123232865525890375e+05
 2.116650639954540529e+05
 2.110084486953904561e+05
 2.103534370377882151e+05
 2.097000253680238093e+05
 2.090482099870372913e+05
 2.083979871463046584e+05
 2.077493530421214818e+05
 2.071023038090694463e+05
 2.064568355125141388e+05
 2.058129441399577190e+05
 2.051706255910111940e+05
 2.045298756657081540e+05
 2.038906900508127583e+05
 2.032530643036476104e+05
 2.026169938329012948e+05
 2.019824738756371662e+05
 2.013494994695531786e+05
 2.007180654191823851e+05
 2.000881662543228304e+05
 1.994597961782711791e+05
 1.988329490027076099e+05
 1.982076180642627296e+05
 1.975837961167207395e+05
 1.969614751874030044e+05
 1.963406463856351038e+05
 1.957212996326787688e+05
 1.951034232880333147e+05
 1.944870035740132153e+05
 1.938720237420064805e+05
 1.932584625977115356e+05
 1.926462921813212743e+05
 1.920354727009330818e+05
 1.914259428647539171e+05
 1.908175924375176255e+05
 1.902101953654079116e+05
 1.896032666551819129e+05
 1.889998027773769572e+05
 1.883986622913484171e+05
 1.877994945209155849e+05
 1.872021541520433966e+05
 1.866065636045662686e+05
 1.860126737817119574e+05
 1.854204501302420103e+05
 1.848298665909518313e+05
 1.842409025358177896e+05
 1.836535410373292398e+05
 1.830677678106700478e+05
 1.824835705283354619e+05
 1.819009383553740918e+05
 1.813198616226558806e+05
 1.807403315900662274e+05
 1.801623402706026391e+05
 1.795858802967321826e+05
 1.790109448171043186e+05
 1.784375274153030769e+05
 1.778656220450656256e+05
 1.772952229779668269e+05
 1.767263247606755758e+05
 1.761589221796955680e+05
 1.755930102319872240e+05
 1.750285841002997768e+05
 1.744656391322973941e+05
 1.739041708227618365e+05
 1.733441747983440873e+05
 1.727856468043867499e+05
 1.722285826935139485e+05
 1.716729784156619280e+05
 1.711188300093723228e+05
 1.705661335940964054e+05
 1.700148853634311527e+05
 1.694650815790903871e+05
 1.689167185655709181e+05
 1.683697927053488092e+05
 1.678243004346130474e+05
 1.672802382394135348e+05
 1.667376026521873719e+05
 1.661963902486309235e+05
 1.656565976448540459e+05
 1.651182214948086767e+05
 1.645812584879354690e+05
 1.640457053470230312e+05
 1.635115588262537785e+05
 1.629788157094037451e+05
 1.624474728082024376e+05
 1.619175269608092203e+05
 1.613889750304249173e+05
 1.608618139039946836e+05
 1.603360404910264187e+05
 1.598116517224725685e+05
 1.592886445497144596e+05
 1.587670159436034737e+05
 1.582467628935784451e+05
 1.577278824068327376e+05
 1.572103715075440123e+05
 1.566942272361510550e+05
 1.561794466486767633e+05
 1.556660268160927808e+05
 1.551539648237222573e+05
 1.546432577706812299e+05
 1.541339027693507669e+05
 1.536258969448772550e+05
 1.531192374347073492e+05
 1.526139213881425385e+05
 1.521099459659220011e+05
 1.516073083398262679e+05
 1.511060056923022203e+05
 1.506060352161091869e+05
 1.501073941139832314e+05
 1.496100795983166026e+05
 1.491140888908561028e+05
 1.486194192224137951e+05
 1.481260678325982008e+05
 1.476340319695511425e+05
 1.471433088897029811e+05
 1.466538958575388242e+05
 1.461657901453746890e+05
 1.456789890331469942e+05
 1.451934898082116270e+05
 1.447092897651522944e+05
 1.442263862055996724e+05
 1.437447764380578301e+05
 1.432644577777430532e+05
 1.427854275464255188e+05
 1.423076830722852901e+05
 1.418312216897705221e+05
 1.413560407394668728e+05
 1.408821375679719786e+05
 1.404095095277777873e+05
 1.399381539771601965e+05
 1.394680682800729701e+05
 1.389992498060490761e+05
 1.385316959301100578e+05
 1.380654040326766262e+05
 1.376003714994890033e+05
 1.371365957215309318e+05
 1.366740740949580504e+05
 1.362128040210332256e+05
 1.357527829060651420e+05
 1.352940081613526854e+05
 1.348364772031323519e+05
 1.343801874525308376e+05
 1.339251363355230424e+05
 1.334713212828906253e+05
 1.330187397301867313e+05
 1.325673891177051410e+05
 1.321172668904510501e+05
 1.316683704981132760e+05
 1.312206973950443498e+05
 1.307742450402387476e+05
 1.303290108973162423e+05
 1.298849924345074687e+05
 1.294421871246380615e+05
 1.290005924451238097e+05
 1.285602058779536455e+05
 1.281210249096879706e+05
 1.276830470314500417e+05
 1.272462697389202804e+05
 1.268106905323328829e+05
 1.263763069164706103e+05
 1.259431164006625040e+05
 1.255111164987802622e+05
 1.250803047292346309e+05
 1.246506786149720429e+05
 1.242222356834696984e+05
 1.237949734667329030e+05
 1.233688895012870053e+05
 1.229439813281726529e+05
 1.225202464929361304e+05
 1.220976825456223305e+05
 1.216762870407616720e+05
 1.212560575373583997e+05
 </DataArray>
 <DataArray Name="a" type="Float32" NumberOfComponents="1" format="ascii">
 1.338177992255865774e+03
 1.337386940385946218e+03
 1.336595877584997424e+03
 1.335804803766717669e+03
 1.335013718843566267e+03
 1.334222622726744476e+03
 1.333431515326135695e+03
 1.332640396550228388e+03
 1.331849266306032632e+03
 1.331058124499005316e+03
 1.330266971032976699e+03
 1.329475805810091742e+03
 1.328684628730749637e+03
 1.327893439693553319e+03
 1.327102238595260815e+03
 1.326311025330734083e+03
 1.325519799792885806e+03
 1.324728561872628006e+03
 1.323937311458812701e+03
 1.323146048438172329e+03
 1.322354772695254724e+03
 1.321563484112357173e+03
 1.320772182569452525e+03
 1.319980867944116653e+03
 1.319189540111447286e+03
 1.318398198943983061e+03
 1.317606844311615305e+03
 1.316815476081497309e+03
 1.316024094117946106e+03
 1.315232698282341971e+03
 1.314441288433021782e+03
 1.313649864425165561e+03
 1.312858426110679375e+03
 1.312066973338069374e+03
 1.311275505952308322e+03
 1.310484023794698032e+03
 1.309692526702722489e+03
 1.308901014509888910e+03
 1.308109487045566311e+03
 1.307317944134808386e+03
 1.306526385598168645e+03
 1.305734811251506699e+03
 1.304943220905776570e+03
 1.304151614366805916e+03
 1.303359991435063421e+03
 1.302568351905405052e+03
 1.301776695566812805e+03
 1.300985022202105483e+03
 1.300193331587640841e+03
 1.299401623492992712e+03
 1.298609897680605172e+03
 1.297818153905428289e+03
 1.297026391914523174e+03
 1.296234611446643839e+03
 1.295442812231785183e+03
 1.294650993990703000e+03
 1.293859156434395572e+03
 1.293067299263546374e+03
 1.292275422167931083e+03
 1.291483524825770019e+03
 1.290691606903037837e+03
 1.289899668052715697e+03
 1.289107707913983631e+03
 1.288315726111345839e+03
 1.287523722253686401e+03
 1.286731695933243145e+03
 1.285939646724491240e+03
 1.285147574182933340e+03
 1.284355477843778544e+03
 1.283563357220497892e+03
 1.282771211803251845e+03
 1.281979041057166341e+03
 1.281186844420435818e+03
 1.280394621302246605e+03
 1.279602371080483181e+03
 1.278810093099198639e+03
 1.278017786665817084e+03
 1.277225451048029754e+03
 1.276433085470343940e+03
 1.275640689110236735e+03
 1.274848261093857900e+03
 1.274055800491205900e+03
 1.273263306310708685e+03
 1.272470777493104606e+03
 1.271678212904512293e+03
 1.270885611328555569e+03
 1.270092971457367867e+03
 1.269300291881283783e+03
 1.268507571076966769e+03
 1.267714807393656429e+03
 1.266921999037170508e+03
 1.266129144051170897e+03
 1.265336240295085418e+03
 1.264543285417922107e+03
 1.263750276826960089e+03
 1.262957211650012141e+03
 1.262164086689534543e+03
 1.261370898366221809e+03
 1.260577642648972642e+03
 1.259784314966719649e+03
 1.258990910096076959e+03
 1.258197422015461143e+03
 1.257403843713069591e+03
 1.256610166926948295e+03
 1.255816381788290755e+03
 1.255022476309262856e+03
 1.254228435638895462e+03
 1.253434240897184281e+03
 1.252639867324239049e+03
 1.251845280954669761e+03
 1.251050432407758308e+03
 1.250255242984228062e+03
 1.249459570647952660e+03
 1.248663116350393011e+03
 1.247865243321313983e+03
 1.247069895923133117e+03
 1.246275588236773956e+03
 1.245481867029113573e+03
 1.244688547427344929e+03
 1.243895532955931230e+03
 1.243102764211923159e+03
 1.242310200661109093e+03
 1.241517812754111446e+03
 1.240725577943337839e+03
 1.239933478437027588e+03
 1.239141499829241639e+03
 1.238349630213892624e+03
 1.237557859585167307e+03
 1.236766179416739533e+03
 1.235974582357425561e+03
 1.235183062005473403e+03
 1.234391612737476180e+03
 1.233600229576304173e+03
 1.232808908087460395e+03
 1.232017644296575781e+03
 1.231226434622901934e+03
 1.230435275825076360e+03
 1.229644164956447867e+03
 1.228853099327940754e+03
 1.228062076476910761e+03
 1.227271094140845207e+03
 1.226480150234981920e+03
 1.225689242833150047e+03
 1.224898370151261133e+03
 1.224107530533026193e+03
 1.223316722437505177e+03
 1.222525944428234197e+03
 1.221735195163661956e+03
 1.220944473388723054e+03
 1.220153777927373767e+03
 1.219363107675958190e+03
 1.218572461597292886e+03
 1.217781838715382264e+03
 1.216991238110668974e+03
 1.216200658915765416e+03
 1.215410100311598399e+03
 1.214619561523931225e+03
 1.213829041820197062e+03
 1.213038540506632899e+03
 1.212248056925660421e+03
 1.211457590453499279e+03
 1.210667140497982700e+03
 1.209876706496555471e+03
 1.209086287914428340e+03
 1.208295884242893180e+03
 1.207505494997755477e+03
 1.206715119717893458e+03
 1.205924757963922957e+03
 1.205134409316959363e+03
 1.204344073377468931e+03
 1.203553749764197619e+03
 1.202763438113176790e+03
 1.201973138076789382e+03
 1.201182849322903849e+03
 1.200392571534056515e+03
 1.199602304406691928e+03
 1.198812047650440945e+03
 1.198021800987449524e+03
 1.197231564151744578e+03
 1.196441336888632804e+03
 1.195651118954137019e+03
 1.194860910114462968e+03
 1.194070710145493194e+03
 1.193280518832310008e+03
 1.192490335968742556e+03
 1.191700161356934586e+03
 1.190909994806941313e+03
 1.190119836136338336e+03
 1.189329685169853519e+03
 1.188539541739019796e+03
 1.187749405681837743e+03
 1.186959276842462486e+03
 1.186169155070899706e+03
 1.185379040222718004e+03
 1.184588932158776061e+03
 1.183798830744961833e+03
 1.183008735851942220e+03
 1.182218647354929999e+03
 1.181428565133454867e+03
 1.180638489071152662e+03
 1.179848419055560271e+03
 1.179058354977923045e+03
 1.178268296733009720e+03
 1.177478244218940517e+03
 1.176688197337021393e+03
 1.175898155991589192e+03
 1.175108120089863633e+03
 1.174318089541809513e+03
 1.173528064260007113e+03
 1.172738044159529409e+03
 1.171948029157827477e+03
 1.171158019174626361e+03
 1.170368014131823429e+03
 1.169578013953399250e+03
 1.168788018565330731e+03
 1.167998027895516088e+03
 1.167208041873703223e+03
 1.166418060431427193e+03
 1.165628083501950641e+03
 1.164838111020214683e+03
 1.164048142922793204e+03
 1.163258179147856026e+03
 1.162468219635132300e+03
 1.161678264325887312e+03
 1.160888313162896338e+03
 1.160098366090431682e+03
 1.159308423054247669e+03
 1.158518484001576553e+03
 1.157728548881120332e+03
 1.156938617643056659e+03
 1.156148690239040889e+03
 1.155358766622216081e+03
 1.154568846747221869e+03
 1.153778930570211969e+03
 1.152989018048866228e+03
 1.152199109142413818e+03
 1.151409203811649149e+03
 1.150619302018957342e+03
 1.149829403728333773e+03
 1.149039508905406365e+03
 1.148249617517463321e+03
 1.147459729533469726e+03
 1.146669844924094832e+03
 1.145879963661729562e+03
 1.145090085720508796e+03
 1.144300211076325468e+03
 1.143510339706849891e+03
 1.142720471591541809e+03
 1.141930606711659266e+03
 1.141140745050268151e+03
 1.338177992255866457e+03
 1.337386940385946673e+03
 1.336595877584997424e+03
 1.335804803766717669e+03
 1.335013718843566267e+03
 1.334222622726744476e+03
 1.333431515326134786e+03
 1.332640396550227706e+03
 1.331849266306031950e+03
 1.331058124499004634e+03
 1.330266971032976699e+03
 1.329475805810091742e+03
 1.328684628730749409e+03
 1.327893439693553091e+03
 1.327102238595260815e+03
 1.326311025330734083e+03
 1.325519799792885806e+03
 1.324728561872628006e+03
 1.323937311458812246e+03
 1.323146048438171874e+03
 1.322354772695255406e+03
 1.321563484112357855e+03
 1.320772182569452298e+03
 1.319980867944117108e+03
 1.319189540111447741e+03
 1.318398198943983743e+03
 1.317606844311615987e+03
 1.316815476081497991e+03
 1.316024094117946788e+03
 1.315232698282342653e+03
 1.314441288433021327e+03
 1.313649864425165106e+03
 1.312858426110679147e+03
 1.312066973338068692e+03
 1.311275505952307640e+03
 1.310484023794697805e+03
 1.309692526702722716e+03
 1.308901014509889364e+03
 1.308109487045566766e+03
 1.307317944134808613e+03
 1.306526385598169327e+03
 1.305734811251507608e+03
 1.304943220905776798e+03
 1.304151614366806371e+03
 1.303359991435063193e+03
 1.302568351905405507e+03
 1.301776695566813260e+03
 1.300985022202106165e+03
 1.300193331587641296e+03
 1.299401623492993394e+03
 1.298609897680604945e+03
 1.297818153905428289e+03
 1.297026391914523401e+03
 1.296234611446643839e+03
 1.295442812231784956e+03
 1.294650993990703000e+03
 1.293859156434395118e+03
 1.293067299263546374e+03
 1.292275422167931310e+03
 1.291483524825770473e+03
 1.290691606903037837e+03
 1.289899668052716152e+03
 1.289107707913983859e+03
 1.288315726111346066e+03
 1.287523722253686628e+03
 1.286731695933243145e+03
 1.285939646724491467e+03
 1.285147574182934022e+03
 1.284355477843778317e+03
 1.283563357220497892e+03
 1.282771211803251617e+03
 1.281979041057166341e+03
 1.281186844420435364e+03
 1.280394621302246151e+03
 1.279602371080482726e+03
 1.278810093099198184e+03
 1.278017786665817312e+03
 1.277225451048030436e+03
 1.276433085470344167e+03
 1.275640689110237190e+03
 1.274848261093857673e+03
 1.274055800491206128e+03
 1.273263306310708913e+03
 1.272470777493104379e+03
 1.271678212904512748e+03
 1.270885611328555342e+03
 1.270092971457367639e+03
 1.269300291881284011e+03
 1.268507571076966315e+03
 1.267714807393656429e+03
 1.266921999037169826e+03
 1.266129144051170442e+03
 1.265336240295085190e+03
 1.264543285417922107e+03
 1.263750276826959862e+03
 1.262957211650011459e+03
 1.262164086689533860e+03
 1.261370898366221581e+03
 1.260577642648972187e+03
 1.259784314966719649e+03
 1.258990910096076504e+03
 1.258197422015461598e+03
 1.257403843713071183e+03
 1.256610166926948523e+03
 1.255816381788291210e+03
 1.255022476309263311e+03
 1.254228435638900464e+03
 1.253434240897183599e+03
 1.252639867324239276e+03
 1.251845280954669079e+03
 1.251050432407761718e+03
 1.250255242984227380e+03
 1.249459570647952887e+03
 1.248663116350393466e+03
 1.247865243321315347e+03
 1.247069895923135164e+03
 1.246275588236771000e+03
 1.245481867029112209e+03
 1.244688547427344474e+03
 1.243895532955936005e+03
 1.243102764211920658e+03
 1.242310200661104773e+03
 1.241517812754110764e+03
 1.240725577943338294e+03
 1.239933478437028498e+03
 1.239141499829238683e+03
 1.238349630213893533e+03
 1.237557859585167989e+03
 1.236766179416741352e+03
 1.235974582357421468e+03
 1.235183062005473857e+03
 1.234391612737477089e+03
 1.233600229576304628e+03
 1.232808908087459940e+03
 1.232017644296575099e+03
 1.231226434622902389e+03
 1.230435275825075678e+03
 1.229644164956447185e+03
 1.228853099327939844e+03
 1.228062076476909624e+03
 1.227271094140845662e+03
 1.226480150234981011e+03
 1.225689242833149137e+03
 1.224898370151260679e+03
 1.224107530533026875e+03
 1.223316722437504040e+03
 1.222525944428234652e+03
 1.221735195163661729e+03
 1.220944473388724873e+03
 1.220153777927372630e+03
 1.219363107675957963e+03
 1.218572461597293568e+03
 1.217781838715382264e+03
 1.216991238110669428e+03
 1.216200658915764734e+03
 1.215410100311598853e+03
 1.214619561523930543e+03
 1.213829041820196380e+03
 1.213038540506632671e+03
 1.212248056925659284e+03
 1.211457590453498597e+03
 1.210667140497981109e+03
 1.209876706496554334e+03
 1.209086287914427658e+03
 1.208295884242894090e+03
 1.207505494997754340e+03
 1.206715119717892776e+03
 1.205924757963922502e+03
 1.205134409316959591e+03
 1.204344073377468249e+03
 1.203553749764197391e+03
 1.202763438113176562e+03
 1.201973138076789382e+03
 1.201182849322903394e+03
 1.200392571534055833e+03
 1.199602304406691701e+03
 1.198812047650440491e+03
 1.198021800987449296e+03
 1.197231564151745033e+03
 1.196441336888633032e+03
 1.195651118954137019e+03
 1.194860910114462740e+03
 1.194070710145493194e+03
 1.193280518832310463e+03
 1.192490335968742556e+03
 1.191700161356934359e+03
 1.190909994806940858e+03
 1.190119836136337653e+03
 1.189329685169853974e+03
 1.188539541739019342e+03
 1.187749405681837288e+03
 1.186959276842462259e+03
 1.186169155070899251e+03
 1.185379040222718004e+03
 1.184588932158776743e+03
 1.183798830744962288e+03
 1.183008735851942902e+03
 1.182218647354929999e+03
 1.181428565133455322e+03
 1.180638489071152662e+03
 1.179848419055560953e+03
 1.179058354977922818e+03
 1.178268296733009038e+03
 1.177478244218939835e+03
 1.176688197337020938e+03
 1.175898155991589420e+03
 1.175108120089863633e+03
 1.174318089541809968e+03
 1.173528064260007795e+03
 1.172738044159529409e+03
 1.171948029157827477e+03
 1.171158019174626361e+03
 1.170368014131823202e+03
 1.169578013953399022e+03
 1.168788018565330503e+03
 1.167998027895515861e+03
 1.167208041873703451e+03
 1.166418060431427648e+03
 1.165628083501951096e+03
 1.164838111020215138e+03
 1.164048142922794341e+03
 1.163258179147857390e+03
 1.162468219635132982e+03
 1.161678264325886403e+03
 1.160888313162895884e+03
 1.160098366090431000e+03
 1.159308423054247669e+03
 1.158518484001576098e+03
 1.157728548881119650e+03
 1.156938617643056887e+03
 1.156148690239040207e+03
 1.155358766622216535e+03
 1.154568846747222551e+03
 1.153778930570212196e+03
 1.152989018048866683e+03
 1.152199109142414272e+03
 1.151409203811650514e+03
 1.150619302018958933e+03
 1.149829403728334455e+03
 1.149039508905407047e+03
 1.148249617517463548e+03
 1.147459729533470409e+03
 1.146669844924094832e+03
 1.145879963661729562e+03
 1.145090085720508114e+03
 1.144300211076325240e+03
 1.143510339706849436e+03
 1.142720471591541354e+03
 1.141930606711659721e+03
 1.141140745050268379e+03
 </DataArray>
 <DataArray Name="mu" type="Float32" NumberOfComponents="1" format="ascii">
 3.942699047786300175e-05
 3.942699047786300175e-05
 3.942699047786300175e-05
 3.942699047786300175e-05
 3.942699047786300175e-05
 3.942699047786300175e-05
 3.942699047786300175e-05
 3.942699047786300175e-05
 3.942699047786300175e-05
 3.942699047786300175e-05
 3.942699047786300175e-05
 3.942699047786300175e-05
 3.942699047786300175e-05
 3.942699047786300175e-05
 3.942699047786300175e-05
 3.942699047786300175e-05
 3.942699047786300175e-05
 3.942699047786300175e-05
 3.942699047786300175e-05
 3.942699047786300175e-05
 3.942699047786300175e-05
 3.942699047786300175e-05
 3.942699047786300175e-05
 3.942699047786300175e-05
 3.942699047786300175e-05
 3.942699047786300175e-05
 3.942699047786300175e-05
 3.942699047786300175e-05
 3.942699047786300175e-05
 3.942699047786300175e-05
 3.942699047786300175e-05
 3.942699047786300175e-05
 3.942699047786300175e-05
 3.942699047786300175e-05
 3.942699047786300175e-05
 3.942699047786300175e-05
 3.942699047786300175e-05
 3.942699047786300175e-05
 3.942699047786300175e-05
 3.942699047786300175e-05
 3.942699047786300175e-05
 3.942699047786300175e-05
 3.942699047786300175e-05
 3.942699047786300175e-05
 3.942699047786300175e-05
 3.942699047786300175e-05
 3.942699047786300175e-05
 3.942699047786300175e-05
 3.942699047786300175e-05
 3.942699047786300175e-05
 3.942699047786300175e-05
 3.942699047786300175e-05
 3.942699047786300175e-05
 3.942699047786300175e-05
 3.942699047786300175e-05
 3.942699047786300175e-05
 3.942699047786300175e-05
 3.942699047786300175e-05
 3.942699047786300175e-05
 3.942699047786300175e-05
 3.942699047786300175e-05
 3.942699047786300175e-05
 3.942699047786300175e-05
 3.942699047786300175e-05
 3.942699047786300175e-05
 3.942699047786300175e-05
 3.942699047786300175e-05
 3.942699047786300175e-05
 3.942699047786300175e-05
 3.942699047786300175e-05
 3.942699047786300175e-05
 3.942699047786300175e-05
 3.942699047786300175e-05
 3.942699047786300175e-05
 3.942699047786300175e-05
 3.942699047786300175e-05
 3.942699047786300175e-05
 3.942699047786300175e-05
 3.942699047786300175e-05
 3.942699047786300175e-05
 3.942699047786300175e-05
 3.942699047786300175e-05
 3.942699047786300175e-05
 3.942699047786300175e-05
 3.942699047786300175e-05
 3.942699047786300175e-05
 3.942699047786300175e-05
 3.942699047786300175e-05
 3.942699047786300175e-05
 3.942699047786300175e-05
 3.942699047786300175e-05
 3.942699047786300175e-05
 3.942699047786300175e-05
 3.942699047786300175e-05
 3.942699047786300175e-05
 3.942699047786300175e-05
 3.942699047786300175e-05
 3.942699047786300175e-05
 3.942699047786300175e-05
 3.942699047786300175e-05
 3.942699047786300175e-05
 3.942699047786300175e-05
 3.942699047786300175e-05
 3.942699047786300175e-05
 3.942699047786300175e-05
 3.942699047786300175e-05
 3.942699047786300175e-05
 3.942699047786300175e-05
 3.942699047786300175e-05
 3.942699047786300175e-05
 3.942699047786300175e-05
 3.942699047786300175e-05
 3.942699047786300175e-05
 3.942699047786300175e-05
 1.813928062146993983e-05
 1.813928062146993983e-05
 1.813928062146993983e-05
 1.813928062146993983e-05
 1.813928062146993983e-05
 1.813928062146993983e-05
 1.813928062146993983e-05
 1.813928062146993983e-05
 1.813928062146993983e-05
 1.813928062146993983e-05
 1.813928062146993983e-05
 1.813928062146993983e-05
 1.813928062146993983e-05
 1.813928062146993983e-05
 1.813928062146993983e-05
 1.813928062146993983e-05
 1.813928062146993983e-05
 1.813928062146993983e-05
 1.813928062146993983e-05
 1.813928062146993983e-05
 1.813928062146993983e-05
 1.813928062146993983e-05
 1.813928062146993983e-05
 1.813928062146993983e-05
 1.813928062146993983e-05
 1.813928062146993983e-05
 1.813928062146993983e-05
 1.813928062146993983e-05
 1.813928062146993983e-05
 1.813928062146993983e-05
 1.813928062146993983e-05
 1.813928062146993983e-05
 1.813928062146993983e-05
 1.813928062146993983e-05
 1.813928062146993983e-05
 1.813928062146993983e-05
 1.813928062146993983e-05
 1.813928062146993983e-05
 1.813928062146993983e-05
 1.813928062146993983e-05
 1.813928062146993983e-05
 1.813928062146993983e-05
 1.813928062146993983e-05
 1.813928062146993983e-05
 1.813928062146993983e-05
 1.813928062146993983e-05
 1.813928062146993983e-05
 1.813928062146993983e-05
 1.813928062146993983e-05
 1.813928062146993983e-05
 1.813928062146993983e-05
 1.813928062146993983e-05
 1.813928062146993983e-05
 1.813928062146993983e-05
 1.813928062146993983e-05
 1.813928062146993983e-05
 1.813928062146993983e-05
 1.813928062146993983e-05
 1.813928062146993983e-05
 1.813928062146993983e-05
 1.813928062146993983e-05
 1.813928062146993983e-05
 1.813928062146993983e-05
 1.813928062146993983e-05
 1.813928062146993983e-05
 1.813928062146993983e-05
 1.813928062146993983e-05
 1.813928062146993983e-05
 1.813928062146993983e-05
 1.813928062146993983e-05
 1.813928062146993983e-05
 1.813928062146993983e-05
 1.813928062146993983e-05
 1.813928062146993983e-05
 1.813928062146993983e-05
 1.813928062146993983e-05
 1.813928062146993983e-05
 1.813928062146993983e-05
 1.813928062146993983e-05
 1.813928062146993983e-05
 1.813928062146993983e-05
 1.813928062146993983e-05
 1.813928062146993983e-05
 1.813928062146993983e-05
 1.813928062146993983e-05
 1.813928062146993983e-05
 1.813928062146993983e-05
 1.813928062146993983e-05
 1.813928062146993983e-05
 1.813928062146993983e-05
 1.813928062146993983e-05
 1.813928062146993983e-05
 1.813928062146993983e-05
 1.813928062146993983e-05
 1.813928062146993983e-05
 1.813928062146993983e-05
 1.813928062146993983e-05
 1.813928062146993983e-05
 1.813928062146993983e-05
 1.813928062146993983e-05
 1.813928062146993983e-05
 1.813928062146993983e-05
 1.813928062146993983e-05
 1.813928062146993983e-05
 1.813928062146993983e-05
 1.813928062146993983e-05
 1.813928062146993983e-05
 1.813928062146993983e-05
 1.813928062146993983e-05
 1.813928062146993983e-05
 1.813928062146993983e-05
 1.813928062146993983e-05
 1.813928062146993983e-05
 1.813928062146993983e-05
 1.813928062146993983e-05
 1.813928062146993983e-05
 1.813928062146993983e-05
 1.813928062146993983e-05
 1.813928062146993983e-05
 1.813928062146993983e-05
 1.813928062146993983e-05
 1.813928062146993983e-05
 1.813928062146993983e-05
 1.813928062146993983e-05
 1.813928062146993983e-05
 1.813928062146993983e-05
 1.813928062146993983e-05
 1.813928062146993983e-05
 1.813928062146993983e-05
 1.813928062146993983e-05
 1.813928062146993983e-05
 1.813928062146993983e-05
 1.813928062146993983e-05
 1.813928062146993983e-05
 1.813928062146993983e-05
 1.813928062146993983e-05
 3.942699047786300175e-05
 3.942699047786300175e-05
 3.942699047786300175e-05
 3.942699047786300175e-05
 3.942699047786300175e-05
 3.942699047786300175e-05
 3.942699047786300175e-05
 3.942699047786300175e-05
 3.942699047786300175e-05
 3.942699047786300175e-05
 3.942699047786300175e-05
 3.942699047786300175e-05
 3.942699047786300175e-05
 3.942699047786300175e-05
 3.942699047786300175e-05
 3.942699047786300175e-05
 3.942699047786300175e-05
 3.942699047786300175e-05
 3.942699047786300175e-05
 3.942699047786300175e-05
 3.942699047786300175e-05
 3.942699047786300175e-05
 3.942699047786300175e-05
 3.942699047786300175e-05
 3.942699047786300175e-05
 3.942699047786300175e-05
 3.942699047786300175e-05
 3.942699047786300175e-05
 3.942699047786300175e-05
 3.942699047786300175e-05
 3.942699047786300175e-05
 3.942699047786300175e-05
 3.942699047786300175e-05
 3.942699047786300175e-05
 3.942699047786300175e-05
 3.942699047786300175e-05
 3.942699047786300175e-05
 3.942699047786300175e-05
 3.942699047786300175e-05
 3.942699047786300175e-05
 3.942699047786300175e-05
 3.942699047786300175e-05
 3.942699047786300175e-05
 3.942699047786300175e-05
 3.942699047786300175e-05
 3.942699047786300175e-05
 3.942699047786300175e-05
 3.942699047786300175e-05
 3.942699047786300175e-05
 3.942699047786300175e-05
 3.942699047786300175e-05
 3.942699047786300175e-05
 3.942699047786300175e-05
 3.942699047786300175e-05
 3.942699047786300175e-05
 3.942699047786300175e-05
 3.942699047786300175e-05
 3.942699047786300175e-05
 3.942699047786300175e-05
 3.942699047786300175e-05
 3.942699047786300175e-05
 3.942699047786300175e-05
 3.942699047786300175e-05
 3.942699047786300175e-05
 3.942699047786300175e-05
 3.942699047786300175e-05
 3.942699047786300175e-05
 3.942699047786300175e-05
 3.942699047786300175e-05
 3.942699047786300175e-05
 3.942699047786300175e-05
 3.942699047786300175e-05
 3.942699047786300175e-05
 3.942699047786300175e-05
 3.942699047786300175e-05
 3.942699047786300175e-05
 3.942699047786300175e-05
 3.942699047786300175e-05
 3.942699047786300175e-05
 3.942699047786300175e-05
 3.942699047786300175e-05
 3.942699047786300175e-05
 3.942699047786300175e-05
 3.942699047786300175e-05
 3.942699047786300175e-05
 3.942699047786300175e-05
 3.942699047786300175e-05
 3.942699047786300175e-05
 3.942699047786300175e-05
 3.942699047786300175e-05
 3.942699047786300175e-05
 3.942699047786300175e-05
 3.942699047786300175e-05
 3.942699047786300175e-05
 3.942699047786300175e-05
 3.942699047786300175e-05
 3.942699047786300175e-05
 3.942699047786300175e-05
 3.942699047786300175e-05
 3.942699047786300175e-05
 3.942699047786300175e-05
 3.942699047786300175e-05
 3.942699047786300175e-05
 3.942699047786300175e-05
 3.942699047786300175e-05
 3.942699047786300175e-05
 3.942699047786300175e-05
 3.942699047786300175e-05
 3.942699047786300175e-05
 3.942699047786300175e-05
 3.942699047786300175e-05
 3.942699047786300175e-05
 3.942699047786300175e-05
 3.942699047786300175e-05
 1.813928062146993983e-05
 1.813928062146993983e-05
 1.813928062146993983e-05
 1.813928062146993983e-05
 1.813928062146993983e-05
 1.813928062146993983e-05
 1.813928062146993983e-05
 1.813928062146993983e-05
 1.813928062146993983e-05
 1.813928062146993983e-05
 1.813928062146993983e-05
 1.813928062146993983e-05
 1.813928062146993983e-05
 1.813928062146993983e-05
 1.813928062146993983e-05
 1.813928062146993983e-05
 1.813928062146993983e-05
 1.813928062146993983e-05
 1.813928062146993983e-05
 1.813928062146993983e-05
 1.813928062146993983e-05
 1.813928062146993983e-05
 1.813928062146993983e-05
 1.813928062146993983e-05
 1.813928062146993983e-05
 1.813928062146993983e-05
 1.813928062146993983e-05
 1.813928062146993983e-05
 1.813928062146993983e-05
 1.813928062146993983e-05
 1.813928062146993983e-05
 1.813928062146993983e-05
 1.813928062146993983e-05
 1.813928062146993983e-05
 1.813928062146993983e-05
 1.813928062146993983e-05
 1.813928062146993983e-05
 1.813928062146993983e-05
 1.813928062146993983e-05
 1.813928062146993983e-05
 1.813928062146993983e-05
 1.813928062146993983e-05
 1.813928062146993983e-05
 1.813928062146993983e-05
 1.813928062146993983e-05
 1.813928062146993983e-05
 1.813928062146993983e-05
 1.813928062146993983e-05
 1.813928062146993983e-05
 1.813928062146993983e-05
 1.813928062146993983e-05
 1.813928062146993983e-05
 1.813928062146993983e-05
 1.813928062146993983e-05
 1.813928062146993983e-05
 1.813928062146993983e-05
 1.813928062146993983e-05
 1.813928062146993983e-05
 1.813928062146993983e-05
 1.813928062146993983e-05
 1.813928062146993983e-05
 1.813928062146993983e-05
 1.813928062146993983e-05
 1.813928062146993983e-05
 1.813928062146993983e-05
 1.813928062146993983e-05
 1.813928062146993983e-05
 1.813928062146993983e-05
 1.813928062146993983e-05
 1.813928062146993983e-05
 1.813928062146993983e-05
 1.813928062146993983e-05
 1.813928062146993983e-05
 1.813928062146993983e-05
 1.813928062146993983e-05
 1.813928062146993983e-05
 1.813928062146993983e-05
 1.813928062146993983e-05
 1.813928062146993983e-05
 1.813928062146993983e-05
 1.813928062146993983e-05
 1.813928062146993983e-05
 1.813928062146993983e-05
 1.813928062146993983e-05
 1.813928062146993983e-05
 1.813928062146993983e-05
 1.813928062146993983e-05
 1.813928062146993983e-05
 1.813928062146993983e-05
 1.813928062146993983e-05
 1.813928062146993983e-05
 1.813928062146993983e-05
 1.813928062146993983e-05
 1.813928062146993983e-05
 1.813928062146993983e-05
 1.813928062146993983e-05
 1.813928062146993983e-05
 1.813928062146993983e-05
 1.813928062146993983e-05
 1.813928062146993983e-05
 1.813928062146993983e-05
 1.813928062146993983e-05
 1.813928062146993983e-05
 1.813928062146993983e-05
 1.813928062146993983e-05
 1.813928062146993983e-05
 1.813928062146993983e-05
 1.813928062146993983e-05
 1.813928062146993983e-05
 1.813928062146993983e-05
 1.813928062146993983e-05
 1.813928062146993983e-05
 1.813928062146993983e-05
 1.813928062146993983e-05
 1.813928062146993983e-05
 1.813928062146993983e-05
 1.813928062146993983e-05
 1.813928062146993983e-05
 1.813928062146993983e-05
 1.813928062146993983e-05
 1.813928062146993983e-05
 1.813928062146993983e-05
 1.813928062146993983e-05
 1.813928062146993983e-05
 1.813928062146993983e-05
 1.813928062146993983e-05
 1.813928062146993983e-05
 1.813928062146993983e-05
 1.813928062146993983e-05
 1.813928062146993983e-05
 1.813928062146993983e-05
 1.813928062146993983e-05
 1.813928062146993983e-05
 1.813928062146993983e-05
 1.813928062146993983e-05
 1.813928062146993983e-05
 </DataArray>
 <DataArray Name="k" type="Float32" NumberOfComponents="1" format="ascii">
 3.079920815511358878e-01
 3.079920815511358878e-01
 3.079920815511358878e-01
 3.079920815511358878e-01
 3.079920815511358878e-01
 3.079920815511358878e-01
 3.079920815511358878e-01
 3.079920815511358878e-01
 3.079920815511358878e-01
 3.079920815511358878e-01
 3.079920815511358878e-01
 3.079920815511358878e-01
 3.079920815511358878e-01
 3.079920815511358878e-01
 3.079920815511358878e-01
 3.079920815511358878e-01
 3.079920815511358878e-01
 3.079920815511358878e-01
 3.079920815511358878e-01
 3.079920815511358878e-01
 3.079920815511358878e-01
 3.079920815511358878e-01
 3.079920815511358878e-01
 3.079920815511358878e-01
 3.079920815511358878e-01
 3.079920815511358878e-01
 3.079920815511358878e-01
 3.079920815511358878e-01
 3.079920815511358878e-01
 3.079920815511358878e-01
 3.079920815511358878e-01
 3.079920815511358878e-01
 3.079920815511358878e-01
 3.079920815511358878e-01
 3.079920815511358878e-01
 3.079920815511358878e-01
 3.079920815511358878e-01
 3.079920815511358878e-01
 3.079920815511358878e-01
 3.079920815511358878e-01
 3.079920815511358878e-01
 3.079920815511358878e-01
 3.079920815511358878e-01
 3.079920815511358878e-01
 3.079920815511358878e-01
 3.079920815511358878e-01
 3.079920815511358878e-01
 3.079920815511358878e-01
 3.079920815511358878e-01
 3.079920815511358878e-01
 3.079920815511358878e-01
 3.079920815511358878e-01
 3.079920815511358878e-01
 3.079920815511358878e-01
 3.079920815511358878e-01
 3.079920815511358878e-01
 3.079920815511358878e-01
 3.079920815511358878e-01
 3.079920815511358878e-01
 3.079920815511358878e-01
 3.079920815511358878e-01
 3.079920815511358878e-01
 3.079920815511358878e-01
 3.079920815511358878e-01
 3.079920815511358878e-01
 3.079920815511358878e-01
 3.079920815511358878e-01
 3.079920815511358878e-01
 3.079920815511358878e-01
 3.079920815511358878e-01
 3.079920815511358878e-01
 3.079920815511358878e-01
 3.079920815511358878e-01
 3.079920815511358878e-01
 3.079920815511358878e-01
 3.079920815511358878e-01
 3.079920815511358878e-01
 3.079920815511358878e-01
 3.079920815511358878e-01
 3.079920815511358878e-01
 3.079920815511358878e-01
 3.079920815511358878e-01
 3.079920815511358878e-01
 3.079920815511358878e-01
 3.079920815511358878e-01
 3.079920815511358878e-01
 3.079920815511358878e-01
 3.079920815511358878e-01
 3.079920815511358878e-01
 3.079920815511358878e-01
 3.079920815511358878e-01
 3.079920815511358878e-01
 3.079920815511358878e-01
 3.079920815511358878e-01
 3.079920815511358878e-01
 3.079920815511358878e-01
 3.079920815511358878e-01
 3.079920815511358878e-01
 3.079920815511358878e-01
 3.079920815511358878e-01
 3.079920815511358878e-01
 3.079920815511358878e-01
 3.079920815511358878e-01
 3.079920815511358878e-01
 3.079920815511358878e-01
 3.079920815511358878e-01
 3.079920815511358878e-01
 3.079920815511358878e-01
 3.079920815511358878e-01
 3.079920815511358878e-01
 3.079920815511358878e-01
 3.079920815511358878e-01
 3.079920815511358878e-01
 3.079920815511358878e-01
 2.576041171715383674e-02
 2.576041171715383674e-02
 2.576041171715383674e-02
 2.576041171715383674e-02
 2.576041171715383674e-02
 2.576041171715383674e-02
 2.576041171715383674e-02
 2.576041171715383674e-02
 2.576041171715383674e-02
 2.576041171715383674e-02
 2.576041171715383674e-02
 2.576041171715383674e-02
 2.576041171715383674e-02
 2.576041171715383674e-02
 2.576041171715383674e-02
 2.576041171715383674e-02
 2.576041171715383674e-02
 2.576041171715383674e-02
 2.576041171715383674e-02
 2.576041171715383674e-02
 2.576041171715383674e-02
 2.576041171715383674e-02
 2.576041171715383674e-02
 2.576041171715383674e-02
 2.576041171715383674e-02
 2.576041171715383674e-02
 2.576041171715383674e-02
 2.576041171715383674e-02
 2.576041171715383674e-02
 2.576041171715383674e-02
 2.576041171715383674e-02
 2.576041171715383674e-02
 2.576041171715383674e-02
 2.576041171715383674e-02
 2.576041171715383674e-02
 2.576041171715383674e-02
 2.576041171715383674e-02
 2.576041171715383674e-02
 2.576041171715383674e-02
 2.576041171715383674e-02
 2.576041171715383674e-02
 2.576041171715383674e-02
 2.576041171715383674e-02
 2.576041171715383674e-02
 2.576041171715383674e-02
 2.576041171715383674e-02
 2.576041171715383674e-02
 2.576041171715383674e-02
 2.576041171715383674e-02
 2.576041171715383674e-02
 2.576041171715383674e-02
 2.576041171715383674e-02
 2.576041171715383674e-02
 2.576041171715383674e-02
 2.576041171715383674e-02
 2.576041171715383674e-02
 2.576041171715383674e-02
 2.576041171715383674e-02
 2.576041171715383674e-02
 2.576041171715383674e-02
 2.576041171715383674e-02
 2.576041171715383674e-02
 2.576041171715383674e-02
 2.576041171715383674e-02
 2.576041171715383674e-02
 2.576041171715383674e-02
 2.576041171715383674e-02
 2.576041171715383674e-02
 2.576041171715383674e-02
 2.576041171715383674e-02
 2.576041171715383674e-02
 2.576041171715383674e-02
 2.576041171715383674e-02
 2.576041171715383674e-02
 2.576041171715383674e-02
 2.576041171715383674e-02
 2.576041171715383674e-02
 2.576041171715383674e-02
 2.576041171715383674e-02
 2.576041171715383674e-02
 2.576041171715383674e-02
 2.576041171715383674e-02
 2.576041171715383674e-02
 2.576041171715383674e-02
 2.576041171715383674e-02
 2.576041171715383674e-02
 2.576041171715383674e-02
 2.576041171715383674e-02
 2.576041171715383674e-02
 2.576041171715383674e-02
 2.576041171715383674e-02
 2.576041171715383674e-02
 2.576041171715383674e-02
 2.576041171715383674e-02
 2.576041171715383674e-02
 2.576041171715383674e-02
 2.576041171715383674e-02
 2.576041171715383674e-02
 2.576041171715383674e-02
 2.576041171715383674e-02
 2.576041171715383674e-02
 2.576041171715383674e-02
 2.576041171715383674e-02
 2.576041171715383674e-02
 2.576041171715383674e-02
 2.576041171715383674e-02
 2.576041171715383674e-02
 2.576041171715383674e-02
 2.576041171715383674e-02
 2.576041171715383674e-02
 2.576041171715383674e-02
 2.576041171715383674e-02
 2.576041171715383674e-02
 2.576041171715383674e-02
 2.576041171715383674e-02
 2.576041171715383674e-02
 2.576041171715383674e-02
 2.576041171715383674e-02
 2.576041171715383674e-02
 2.576041171715383674e-02
 2.576041171715383674e-02
 2.576041171715383674e-02
 2.576041171715383674e-02
 2.576041171715383674e-02
 2.576041171715383674e-02
 2.576041171715383674e-02
 2.576041171715383674e-02
 2.576041171715383674e-02
 2.576041171715383674e-02
 2.576041171715383674e-02
 2.576041171715383674e-02
 2.576041171715383674e-02
 2.576041171715383674e-02
 2.576041171715383674e-02
 2.576041171715383674e-02
 2.576041171715383674e-02
 3.079920815511358878e-01
 3.079920815511358878e-01
 3.079920815511358878e-01
 3.079920815511358878e-01
 3.079920815511358878e-01
 3.079920815511358878e-01
 3.079920815511358878e-01
 3.079920815511358878e-01
 3.079920815511358878e-01
 3.079920815511358878e-01
 3.079920815511358878e-01
 3.079920815511358878e-01
 3.079920815511358878e-01
 3.079920815511358878e-01
 3.079920815511358878e-01
 3.079920815511358878e-01
 3.079920815511358878e-01
 3.079920815511358878e-01
 3.079920815511358878e-01
 3.079920815511358878e-01
 3.079920815511358878e-01
 3.079920815511358878e-01
 3.079920815511358878e-01
 3.079920815511358878e-01
 3.079920815511358878e-01
 3.079920815511358878e-01
 3.079920815511358878e-01
 3.079920815511358878e-01
 3.079920815511358878e-01
 3.079920815511358878e-01
 3.079920815511358878e-01
 3.079920815511358878e-01
 3.079920815511358878e-01
 3.079920815511358878e-01
 3.079920815511358878e-01
 3.079920815511358878e-01
 3.079920815511358878e-01
 3.079920815511358878e-01
 3.079920815511358878e-01
 3.079920815511358878e-01
 3.079920815511358878e-01
 3.079920815511358878e-01
 3.079920815511358878e-01
 3.079920815511358878e-01
 3.079920815511358878e-01
 3.079920815511358878e-01
 3.079920815511358878e-01
 3.079920815511358878e-01
 3.079920815511358878e-01
 3.079920815511358878e-01
 3.079920815511358878e-01
 3.079920815511358878e-01
 3.079920815511358878e-01
 3.079920815511358878e-01
 3.079920815511358878e-01
 3.079920815511358878e-01
 3.079920815511358878e-01
 3.079920815511358878e-01
 3.079920815511358878e-01
 3.079920815511358878e-01
 3.079920815511358878e-01
 3.079920815511358878e-01
 3.079920815511358878e-01
 3.079920815511358878e-01
 3.079920815511358878e-01
 3.079920815511358878e-01
 3.079920815511358878e-01
 3.079920815511358878e-01
 3.079920815511358878e-01
 3.079920815511358878e-01
 3.079920815511358878e-01
 3.079920815511358878e-01
 3.079920815511358878e-01
 3.079920815511358878e-01
 3.079920815511358878e-01
 3.079920815511358878e-01
 3.079920815511358878e-01
 3.079920815511358878e-01
 3.079920815511358878e-01
 3.079920815511358878e-01
 3.079920815511358878e-01
 3.079920815511358878e-01
 3.079920815511358878e-01
 3.079920815511358878e-01
 3.079920815511358878e-01
 3.079920815511358878e-01
 3.079920815511358878e-01
 3.079920815511358878e-01
 3.079920815511358878e-01
 3.079920815511358878e-01
 3.079920815511358878e-01
 3.079920815511358878e-01
 3.079920815511358878e-01
 3.079920815511358878e-01
 3.079920815511358878e-01
 3.079920815511358878e-01
 3.079920815511358878e-01
 3.079920815511358878e-01
 3.079920815511358878e-01
 3.079920815511358878e-01
 3.079920815511358878e-01
 3.079920815511358878e-01
 3.079920815511358878e-01
 3.079920815511358878e-01
 3.079920815511358878e-01
 3.079920815511358878e-01
 3.079920815511358878e-01
 3.079920815511358878e-01
 3.079920815511358878e-01
 3.079920815511358878e-01
 3.079920815511358878e-01
 3.079920815511358878e-01
 3.079920815511358878e-01
 3.079920815511358878e-01
 2.576041171715383674e-02
 2.576041171715383674e-02
 2.576041171715383674e-02
 2.576041171715383674e-02
 2.576041171715383674e-02
 2.576041171715383674e-02
 2.576041171715383674e-02
 2.576041171715383674e-02
 2.576041171715383674e-02
 2.576041171715383674e-02
 2.576041171715383674e-02
 2.576041171715383674e-02
 2.576041171715383674e-02
 2.576041171715383674e-02
 2.576041171715383674e-02
 2.576041171715383674e-02
 2.576041171715383674e-02
 2.576041171715383674e-02
 2.576041171715383674e-02
 2.576041171715383674e-02
 2.576041171715383674e-02
 2.576041171715383674e-02
 2.576041171715383674e-02
 2.576041171715383674e-02
 2.576041171715383674e-02
 2.576041171715383674e-02
 2.576041171715383674e-02
 2.576041171715383674e-02
 2.576041171715383674e-02
 2.576041171715383674e-02
 2.576041171715383674e-02
 2.576041171715383674e-02
 2.576041171715383674e-02
 2.576041171715383674e-02
 2.576041171715383674e-02
 2.576041171715383674e-02
 2.576041171715383674e-02
 2.576041171715383674e-02
 2.576041171715383674e-02
 2.576041171715383674e-02
 2.576041171715383674e-02
 2.576041171715383674e-02
 2.576041171715383674e-02
 2.576041171715383674e-02
 2.576041171715383674e-02
 2.576041171715383674e-02
 2.576041171715383674e-02
 2.576041171715383674e-02
 2.576041171715383674e-02
 2.576041171715383674e-02
 2.576041171715383674e-02
 2.576041171715383674e-02
 2.576041171715383674e-02
 2.576041171715383674e-02
 2.576041171715383674e-02
 2.576041171715383674e-02
 2.576041171715383674e-02
 2.576041171715383674e-02
 2.576041171715383674e-02
 2.576041171715383674e-02
 2.576041171715383674e-02
 2.576041171715383674e-02
 2.576041171715383674e-02
 2.576041171715383674e-02
 2.576041171715383674e-02
 2.576041171715383674e-02
 2.576041171715383674e-02
 2.576041171715383674e-02
 2.576041171715383674e-02
 2.576041171715383674e-02
 2.576041171715383674e-02
 2.576041171715383674e-02
 2.576041171715383674e-02
 2.576041171715383674e-02
 2.576041171715383674e-02
 2.576041171715383674e-02
 2.576041171715383674e-02
 2.576041171715383674e-02
 2.576041171715383674e-02
 2.576041171715383674e-02
 2.576041171715383674e-02
 2.576041171715383674e-02
 2.576041171715383674e-02
 2.576041171715383674e-02
 2.576041171715383674e-02
 2.576041171715383674e-02
 2.576041171715383674e-02
 2.576041171715383674e-02
 2.576041171715383674e-02
 2.576041171715383674e-02
 2.576041171715383674e-02
 2.576041171715383674e-02
 2.576041171715383674e-02
 2.576041171715383674e-02
 2.576041171715383674e-02
 2.576041171715383674e-02
 2.576041171715383674e-02
 2.576041171715383674e-02
 2.576041171715383674e-02
 2.576041171715383674e-02
 2.576041171715383674e-02
 2.576041171715383674e-02
 2.576041171715383674e-02
 2.576041171715383674e-02
 2.576041171715383674e-02
 2.576041171715383674e-02
 2.576041171715383674e-02
 2.576041171715383674e-02
 2.576041171715383674e-02
 2.576041171715383674e-02
 2.576041171715383674e-02
 2.576041171715383674e-02
 2.576041171715383674e-02
 2.576041171715383674e-02
 2.576041171715383674e-02
 2.576041171715383674e-02
 2.576041171715383674e-02
 2.576041171715383674e-02
 2.576041171715383674e-02
 2.576041171715383674e-02
 2.576041171715383674e-02
 2.576041171715383674e-02
 2.576041171715383674e-02
 2.576041171715383674e-02
 2.576041171715383674e-02
 2.576041171715383674e-02
 2.576041171715383674e-02
 2.576041171715383674e-02
 2.576041171715383674e-02
 2.576041171715383674e-02
 2.576041171715383674e-02
 2.576041171715383674e-02
 2.576041171715383674e-02
 2.576041171715383674e-02
 2.576041171715383674e-02
 2.576041171715383674e-02
 </DataArray>
 <DataArray Name="mu_t" type="Float32" NumberOfComponents="1" format="ascii">
 0.000000000000000000e+00
 0.000000000000000000e+00
 0.000000000000000000e+00
 0.000000000000000000e+00
 0.000000000000000000e+00
 0.000000000000000000e+00
 0.000000000000000000e+00
 0.000000000000000000e+00
 0.000000000000000000e+00
 0.000000000000000000e+00
 0.000000000000000000e+00
 0.000000000000000000e+00
 0.000000000000000000e+00
 0.000000000000000000e+00
 0.000000000000000000e+00
 0.000000000000000000e+00
 0.000000000000000000e+00
 0.000000000000000000e+00
 0.000000000000000000e+00
 0.000000000000000000e+00
 0.000000000000000000e+00
 0.000000000000000000e+00
 0.000000000000000000e+00
 0.000000000000000000e+00
 0.000000000000000000e+00
 0.000000000000000000e+00
 0.000000000000000000e+00
 0.000000000000000000e+00
 0.000000000000000000e+00
 0.000000000000000000e+00
 0.000000000000000000e+00
 0.000000000000000000e+00
 0.000000000000000000e+00
 0.000000000000000000e+00
 0.000000000000000000e+00
 0.000000000000000000e+00
 0.000000000000000000e+00
 0.000000000000000000e+00
 0.000000000000000000e+00
 0.000000000000000000e+00
 0.000000000000000000e+00
 0.000000000000000000e+00
 0.000000000000000000e+00
 0.000000000000000000e+00
 0.000000000000000000e+00
 0.000000000000000000e+00
 0.000000000000000000e+00
 0.000000000000000000e+00
 0.000000000000000000e+00
 0.000000000000000000e+00
 0.000000000000000000e+00
 0.000000000000000000e+00
 0.000000000000000000e+00
 0.000000000000000000e+00
 0.000000000000000000e+00
 0.000000000000000000e+00
 0.000000000000000000e+00
 0.000000000000000000e+00
 0.000000000000000000e+00
 0.000000000000000000e+00
 0.000000000000000000e+00
 0.000000000000000000e+00
 0.000000000000000000e+00
 0.000000000000000000e+00
 0.000000000000000000e+00
 0.000000000000000000e+00
 0.000000000000000000e+00
 0.000000000000000000e+00
 0.000000000000000000e+00
 0.000000000000000000e+00
 0.000000000000000000e+00
 0.000000000000000000e+00
 0.000000000000000000e+00
 0.000000000000000000e+00
 0.000000000000000000e+00
 0.000000000000000000e+00
 0.000000000000000000e+00
 0.000000000000000000e+00
 0.000000000000000000e+00
 0.000000000000000000e+00
 0.000000000000000000e+00
 0.000000000000000000e+00
 0.000000000000000000e+00
 0.000000000000000000e+00
 0.000000000000000000e+00
 0.000000000000000000e+00
 0.000000000000000000e+00
 0.000000000000000000e+00
 0.000000000000000000e+00
 0.000000000000000000e+00
 0.000000000000000000e+00
 0.000000000000000000e+00
 0.000000000000000000e+00
 0.000000000000000000e+00
 0.000000000000000000e+00
 0.000000000000000000e+00
 0.000000000000000000e+00
 0.000000000000000000e+00
 0.000000000000000000e+00
 0.000000000000000000e+00
 0.000000000000000000e+00
 0.000000000000000000e+00
 0.000000000000000000e+00
 0.000000000000000000e+00
 0.000000000000000000e+00
 0.000000000000000000e+00
 0.000000000000000000e+00
 0.000000000000000000e+00
 0.000000000000000000e+00
 0.000000000000000000e+00
 0.000000000000000000e+00
 0.000000000000000000e+00
 0.000000000000000000e+00
 0.000000000000000000e+00
 0.000000000000000000e+00
 0.000000000000000000e+00
 0.000000000000000000e+00
 0.000000000000000000e+00
 0.000000000000000000e+00
 0.000000000000000000e+00
 0.000000000000000000e+00
 0.000000000000000000e+00
 0.000000000000000000e+00
 0.000000000000000000e+00
 0.000000000000000000e+00
 0.000000000000000000e+00
 0.000000000000000000e+00
 0.000000000000000000e+00
 0.000000000000000000e+00
 0.000000000000000000e+00
 0.000000000000000000e+00
 0.000000000000000000e+00
 0.000000000000000000e+00
 0.000000000000000000e+00
 0.000000000000000000e+00
 0.000000000000000000e+00
 0.000000000000000000e+00
 0.000000000000000000e+00
 0.000000000000000000e+00
 0.000000000000000000e+00
 0.000000000000000000e+00
 0.000000000000000000e+00
 0.000000000000000000e+00
 0.000000000000000000e+00
 0.000000000000000000e+00
 0.000000000000000000e+00
 0.000000000000000000e+00
 0.000000000000000000e+00
 0.000000000000000000e+00
 0.000000000000000000e+00
 0.000000000000000000e+00
 0.000000000000000000e+00
 0.000000000000000000e+00
 0.000000000000000000e+00
 0.000000000000000000e+00
 0.000000000000000000e+00
 0.000000000000000000e+00
 0.000000000000000000e+00
 0.000000000000000000e+00
 0.000000000000000000e+00
 0.000000000000000000e+00
 0.000000000000000000e+00
 0.000000000000000000e+00
 0.000000000000000000e+00
 0.000000000000000000e+00
 0.000000000000000000e+00
 0.000000000000000000e+00
 0.000000000000000000e+00
 0.000000000000000000e+00
 0.000000000000000000e+00
 0.000000000000000000e+00
 0.000000000000000000e+00
 0.000000000000000000e+00
 0.000000000000000000e+00
 0.000000000000000000e+00
 0.000000000000000000e+00
 0.000000000000000000e+00
 0.000000000000000000e+00
 0.000000000000000000e+00
 0.000000000000000000e+00
 0.000000000000000000e+00
 0.000000000000000000e+00
 0.000000000000000000e+00
 0.000000000000000000e+00
 0.000000000000000000e+00
 0.000000000000000000e+00
 0.000000000000000000e+00
 0.000000000000000000e+00
 0.000000000000000000e+00
 0.000000000000000000e+00
 0.000000000000000000e+00
 0.000000000000000000e+00
 0.000000000000000000e+00
 0.000000000000000000e+00
 0.000000000000000000e+00
 0.000000000000000000e+00
 0.000000000000000000e+00
 0.000000000000000000e+00
 0.000000000000000000e+00
 0.000000000000000000e+00
 0.000000000000000000e+00
 0.000000000000000000e+00
 0.000000000000000000e+00
 0.000000000000000000e+00
 0.000000000000000000e+00
 0.000000000000000000e+00
 0.000000000000000000e+00
 0.000000000000000000e+00
 0.000000000000000000e+00
 0.000000000000000000e+00
 0.000000000000000000e+00
 0.000000000000000000e+00
 0.000000000000000000e+00
 0.000000000000000000e+00
 0.000000000000000000e+00
 0.000000000000000000e+00
 0.000000000000000000e+00
 0.000000000000000000e+00
 0.000000000000000000e+00
 0.000000000000000000e+00
 0.000000000000000000e+00
 0.000000000000000000e+00
 0.000000000000000000e+00
 0.000000000000000000e+00
 0.000000000000000000e+00
 0.000000000000000000e+00
 0.000000000000000000e+00
 0.000000000000000000e+00
 0.000000000000000000e+00
 0.000000000000000000e+00
 0.000000000000000000e+00
 0.000000000000000000e+00
 0.000000000000000000e+00
 0.000000000000000000e+00
 0.000000000000000000e+00
 0.000000000000000000e+00
 0.000000000000000000e+00
 0.000000000000000000e+00
 0.000000000000000000e+00
 0.000000000000000000e+00
 0.000000000000000000e+00
 0.000000000000000000e+00
 0.000000000000000000e+00
 0.000000000000000000e+00
 0.000000000000000000e+00
 0.000000000000000000e+00
 0.000000000000000000e+00
 0.000000000000000000e+00
 0.000000000000000000e+00
 0.000000000000000000e+00
 0.000000000000000000e+00
 0.000000000000000000e+00
 0.000000000000000000e+00
 0.000000000000000000e+00
 0.000000000000000000e+00
 0.000000000000000000e+00
 0.000000000000000000e+00
 0.000000000000000000e+00
 0.000000000000000000e+00
 0.000000000000000000e+00
 0.000000000000000000e+00
 0.000000000000000000e+00
 0.000000000000000000e+00
 0.000000000000000000e+00
 0.000000000000000000e+00
 0.000000000000000000e+00
 0.000000000000000000e+00
 0.000000000000000000e+00
 0.000000000000000000e+00
 0.000000000000000000e+00
 0.000000000000000000e+00
 0.000000000000000000e+00
 0.000000000000000000e+00
 0.000000000000000000e+00
 0.000000000000000000e+00
 0.000000000000000000e+00
 0.000000000000000000e+00
 0.000000000000000000e+00
 0.000000000000000000e+00
 0.000000000000000000e+00
 0.000000000000000000e+00
 0.000000000000000000e+00
 0.000000000000000000e+00
 0.000000000000000000e+00
 0.000000000000000000e+00
 0.000000000000000000e+00
 0.000000000000000000e+00
 0.000000000000000000e+00
 0.000000000000000000e+00
 0.000000000000000000e+00
 0.000000000000000000e+00
 0.000000000000000000e+00
 0.000000000000000000e+00
 0.000000000000000000e+00
 0.000000000000000000e+00
 0.000000000000000000e+00
 0.000000000000000000e+00
 0.000000000000000000e+00
 0.000000000000000000e+00
 0.000000000000000000e+00
 0.000000000000000000e+00
 0.000000000000000000e+00
 0.000000000000000000e+00
 0.000000000000000000e+00
 0.000000000000000000e+00
 0.000000000000000000e+00
 0.000000000000000000e+00
 0.000000000000000000e+00
 0.000000000000000000e+00
 0.000000000000000000e+00
 0.000000000000000000e+00
 0.000000000000000000e+00
 0.000000000000000000e+00
 0.000000000000000000e+00
 0.000000000000000000e+00
 0.000000000000000000e+00
 0.000000000000000000e+00
 0.000000000000000000e+00
 0.000000000000000000e+00
 0.000000000000000000e+00
 0.000000000000000000e+00
 0.000000000000000000e+00
 0.000000000000000000e+00
 0.000000000000000000e+00
 0.000000000000000000e+00
 0.000000000000000000e+00
 0.000000000000000000e+00
 0.000000000000000000e+00
 0.000000000000000000e+00
 0.000000000000000000e+00
 0.000000000000000000e+00
 0.000000000000000000e+00
 0.000000000000000000e+00
 0.000000000000000000e+00
 0.000000000000000000e+00
 0.000000000000000000e+00
 0.000000000000000000e+00
 0.000000000000000000e+00
 0.000000000000000000e+00
 0.000000000000000000e+00
 0.000000000000000000e+00
 0.000000000000000000e+00
 0.000000000000000000e+00
 0.000000000000000000e+00
 0.000000000000000000e+00
 0.000000000000000000e+00
 0.000000000000000000e+00
 0.000000000000000000e+00
 0.000000000000000000e+00
 0.000000000000000000e+00
 0.000000000000000000e+00
 0.000000000000000000e+00
 0.000000000000000000e+00
 0.000000000000000000e+00
 0.000000000000000000e+00
 0.000000000000000000e+00
 0.000000000000000000e+00
 0.000000000000000000e+00
 0.000000000000000000e+00
 0.000000000000000000e+00
 0.000000000000000000e+00
 0.000000000000000000e+00
 0.000000000000000000e+00
 0.000000000000000000e+00
 0.000000000000000000e+00
 0.000000000000000000e+00
 0.000000000000000000e+00
 0.000000000000000000e+00
 0.000000000000000000e+00
 0.000000000000000000e+00
 0.000000000000000000e+00
 0.000000000000000000e+00
 0.000000000000000000e+00
 0.000000000000000000e+00
 0.000000000000000000e+00
 0.000000000000000000e+00
 0.000000000000000000e+00
 0.000000000000000000e+00
 0.000000000000000000e+00
 0.000000000000000000e+00
 0.000000000000000000e+00
 0.000000000000000000e+00
 0.000000000000000000e+00
 0.000000000000000000e+00
 0.000000000000000000e+00
 0.000000000000000000e+00
 0.000000000000000000e+00
 0.000000000000000000e+00
 0.000000000000000000e+00
 0.000000000000000000e+00
 0.000000000000000000e+00
 0.000000000000000000e+00
 0.000000000000000000e+00
 0.000000000000000000e+00
 0.000000000000000000e+00
 0.000000000000000000e+00
 0.000000000000000000e+00
 0.000000000000000000e+00
 0.000000000000000000e+00
 0.000000000000000000e+00
 0.000000000000000000e+00
 0.000000000000000000e+00
 0.000000000000000000e+00
 0.000000000000000000e+00
 0.000000000000000000e+00
 0.000000000000000000e+00
 0.000000000000000000e+00
 0.000000000000000000e+00
 0.000000000000000000e+00
 0.000000000000000000e+00
 0.000000000000000000e+00
 0.000000000000000000e+00
 0.000000000000000000e+00
 0.000000000000000000e+00
 0.000000000000000000e+00
 0.000000000000000000e+00
 0.000000000000000000e+00
 0.000000000000000000e+00
 0.000000000000000000e+00
 0.000000000000000000e+00
 0.000000000000000000e+00
 0.000000000000000000e+00
 0.000000000000000000e+00
 0.000000000000000000e+00
 0.000000000000000000e+00
 0.000000000000000000e+00
 0.000000000000000000e+00
 0.000000000000000000e+00
 0.000000000000000000e+00
 0.000000000000000000e+00
 0.000000000000000000e+00
 0.000000000000000000e+00
 0.000000000000000000e+00
 0.000000000000000000e+00
 0.000000000000000000e+00
 0.000000000000000000e+00
 0.000000000000000000e+00
 0.000000000000000000e+00
 0.000000000000000000e+00
 0.000000000000000000e+00
 0.000000000000000000e+00
 0.000000000000000000e+00
 0.000000000000000000e+00
 0.000000000000000000e+00
 0.000000000000000000e+00
 0.000000000000000000e+00
 0.000000000000000000e+00
 0.000000000000000000e+00
 0.000000000000000000e+00
 0.000000000000000000e+00
 0.000000000000000000e+00
 0.000000000000000000e+00
 0.000000000000000000e+00
 0.000000000000000000e+00
 0.000000000000000000e+00
 0.000000000000000000e+00
 0.000000000000000000e+00
 0.000000000000000000e+00
 0.000000000000000000e+00
 0.000000000000000000e+00
 0.000000000000000000e+00
 0.000000000000000000e+00
 0.000000000000000000e+00
 0.000000000000000000e+00
 0.000000000000000000e+00
 0.000000000000000000e+00
 0.000000000000000000e+00
 0.000000000000000000e+00
 0.000000000000000000e+00
 0.000000000000000000e+00
 0.000000000000000000e+00
 0.000000000000000000e+00
 0.000000000000000000e+00
 0.000000000000000000e+00
 0.000000000000000000e+00
 0.000000000000000000e+00
 0.000000000000000000e+00
 0.000000000000000000e+00
 0.000000000000000000e+00
 0.000000000000000000e+00
 0.000000000000000000e+00
 0.000000000000000000e+00
 0.000000000000000000e+00
 0.000000000000000000e+00
 0.000000000000000000e+00
 0.000000000000000000e+00
 0.000000000000000000e+00
 0.000000000000000000e+00
 0.000000000000000000e+00
 0.000000000000000000e+00
 0.000000000000000000e+00
 0.000000000000000000e+00
 0.000000000000000000e+00
 0.000000000000000000e+00
 0.000000000000000000e+00
 0.000000000000000000e+00
 0.000000000000000000e+00
 0.000000000000000000e+00
 0.000000000000000000e+00
 0.000000000000000000e+00
 </DataArray>
 <DataArray Name="k_t" type="Float32" NumberOfComponents="1" format="ascii">
 0.000000000000000000e+00
 0.000000000000000000e+00
 0.000000000000000000e+00
 0.000000000000000000e+00
 0.000000000000000000e+00
 0.000000000000000000e+00
 0.000000000000000000e+00
 0.000000000000000000e+00
 0.000000000000000000e+00
 0.000000000000000000e+00
 0.000000000000000000e+00
 0.000000000000000000e+00
 0.000000000000000000e+00
 0.000000000000000000e+00
 0.000000000000000000e+00
 0.000000000000000000e+00
 0.000000000000000000e+00
 0.000000000000000000e+00
 0.000000000000000000e+00
 0.000000000000000000e+00
 0.000000000000000000e+00
 0.000000000000000000e+00
 0.000000000000000000e+00
 0.000000000000000000e+00
 0.000000000000000000e+00
 0.000000000000000000e+00
 0.000000000000000000e+00
 0.000000000000000000e+00
 0.000000000000000000e+00
 0.000000000000000000e+00
 0.000000000000000000e+00
 0.000000000000000000e+00
 0.000000000000000000e+00
 0.000000000000000000e+00
 0.000000000000000000e+00
 0.000000000000000000e+00
 0.000000000000000000e+00
 0.000000000000000000e+00
 0.000000000000000000e+00
 0.000000000000000000e+00
 0.000000000000000000e+00
 0.000000000000000000e+00
 0.000000000000000000e+00
 0.000000000000000000e+00
 0.000000000000000000e+00
 0.000000000000000000e+00
 0.000000000000000000e+00
 0.000000000000000000e+00
 0.000000000000000000e+00
 0.000000000000000000e+00
 0.000000000000000000e+00
 0.000000000000000000e+00
 0.000000000000000000e+00
 0.000000000000000000e+00
 0.000000000000000000e+00
 0.000000000000000000e+00
 0.000000000000000000e+00
 0.000000000000000000e+00
 0.000000000000000000e+00
 0.000000000000000000e+00
 0.000000000000000000e+00
 0.000000000000000000e+00
 0.000000000000000000e+00
 0.000000000000000000e+00
 0.000000000000000000e+00
 0.000000000000000000e+00
 0.000000000000000000e+00
 0.000000000000000000e+00
 0.000000000000000000e+00
 0.000000000000000000e+00
 0.000000000000000000e+00
 0.000000000000000000e+00
 0.000000000000000000e+00
 0.000000000000000000e+00
 0.000000000000000000e+00
 0.000000000000000000e+00
 0.000000000000000000e+00
 0.000000000000000000e+00
 0.000000000000000000e+00
 0.000000000000000000e+00
 0.000000000000000000e+00
 0.000000000000000000e+00
 0.000000000000000000e+00
 0.000000000000000000e+00
 0.000000000000000000e+00
 0.000000000000000000e+00
 0.000000000000000000e+00
 0.000000000000000000e+00
 0.000000000000000000e+00
 0.000000000000000000e+00
 0.000000000000000000e+00
 0.000000000000000000e+00
 0.000000000000000000e+00
 0.000000000000000000e+00
 0.000000000000000000e+00
 0.000000000000000000e+00
 0.000000000000000000e+00
 0.000000000000000000e+00
 0.000000000000000000e+00
 0.000000000000000000e+00
 0.000000000000000000e+00
 0.000000000000000000e+00
 0.000000000000000000e+00
 0.000000000000000000e+00
 0.000000000000000000e+00
 0.000000000000000000e+00
 0.000000000000000000e+00
 0.000000000000000000e+00
 0.000000000000000000e+00
 0.000000000000000000e+00
 0.000000000000000000e+00
 0.000000000000000000e+00
 0.000000000000000000e+00
 0.000000000000000000e+00
 0.000000000000000000e+00
 0.000000000000000000e+00
 0.000000000000000000e+00
 0.000000000000000000e+00
 0.000000000000000000e+00
 0.000000000000000000e+00
 0.000000000000000000e+00
 0.000000000000000000e+00
 0.000000000000000000e+00
 0.000000000000000000e+00
 0.000000000000000000e+00
 0.000000000000000000e+00
 0.000000000000000000e+00
 0.000000000000000000e+00
 0.000000000000000000e+00
 0.000000000000000000e+00
 0.000000000000000000e+00
 0.000000000000000000e+00
 0.000000000000000000e+00
 0.000000000000000000e+00
 0.000000000000000000e+00
 0.000000000000000000e+00
 0.000000000000000000e+00
 0.000000000000000000e+00
 0.000000000000000000e+00
 0.000000000000000000e+00
 0.000000000000000000e+00
 0.000000000000000000e+00
 0.000000000000000000e+00
 0.000000000000000000e+00
 0.000000000000000000e+00
 0.000000000000000000e+00
 0.000000000000000000e+00
 0.000000000000000000e+00
 0.000000000000000000e+00
 0.000000000000000000e+00
 0.000000000000000000e+00
 0.000000000000000000e+00
 0.000000000000000000e+00
 0.000000000000000000e+00
 0.000000000000000000e+00
 0.000000000000000000e+00
 0.000000000000000000e+00
 0.000000000000000000e+00
 0.000000000000000000e+00
 0.000000000000000000e+00
 0.000000000000000000e+00
 0.000000000000000000e+00
 0.000000000000000000e+00
 0.000000000000000000e+00
 0.000000000000000000e+00
 0.000000000000000000e+00
 0.000000000000000000e+00
 0.000000000000000000e+00
 0.000000000000000000e+00
 0.000000000000000000e+00
 0.000000000000000000e+00
 0.000000000000000000e+00
 0.000000000000000000e+00
 0.000000000000000000e+00
 0.000000000000000000e+00
 0.000000000000000000e+00
 0.000000000000000000e+00
 0.000000000000000000e+00
 0.000000000000000000e+00
 0.000000000000000000e+00
 0.000000000000000000e+00
 0.000000000000000000e+00
 0.000000000000000000e+00
 0.000000000000000000e+00
 0.000000000000000000e+00
 0.000000000000000000e+00
 0.000000000000000000e+00
 0.000000000000000000e+00
 0.000000000000000000e+00
 0.000000000000000000e+00
 0.000000000000000000e+00
 0.000000000000000000e+00
 0.000000000000000000e+00
 0.000000000000000000e+00
 0.000000000000000000e+00
 0.000000000000000000e+00
 0.000000000000000000e+00
 0.000000000000000000e+00
 0.000000000000000000e+00
 0.000000000000000000e+00
 0.000000000000000000e+00
 0.000000000000000000e+00
 0.000000000000000000e+00
 0.000000000000000000e+00
 0.000000000000000000e+00
 0.000000000000000000e+00
 0.000000000000000000e+00
 0.000000000000000000e+00
 0.000000000000000000e+00
 0.000000000000000000e+00
 0.000000000000000000e+00
 0.000000000000000000e+00
 0.000000000000000000e+00
 0.000000000000000000e+00
 0.000000000000000000e+00
 0.000000000000000000e+00
 0.000000000000000000e+00
 0.000000000000000000e+00
 0.000000000000000000e+00
 0.000000000000000000e+00
 0.000000000000000000e+00
 0.000000000000000000e+00
 0.000000000000000000e+00
 0.000000000000000000e+00
 0.000000000000000000e+00
 0.000000000000000000e+00
 0.000000000000000000e+00
 0.000000000000000000e+00
 0.000000000000000000e+00
 0.000000000000000000e+00
 0.000000000000000000e+00
 0.000000000000000000e+00
 0.000000000000000000e+00
 0.000000000000000000e+00
 0.000000000000000000e+00
 0.000000000000000000e+00
 0.000000000000000000e+00
 0.000000000000000000e+00
 0.000000000000000000e+00
 0.000000000000000000e+00
 0.000000000000000000e+00
 0.000000000000000000e+00
 0.000000000000000000e+00
 0.000000000000000000e+00
 0.000000000000000000e+00
 0.000000000000000000e+00
 0.000000000000000000e+00
 0.000000000000000000e+00
 0.000000000000000000e+00
 0.000000000000000000e+00
 0.000000000000000000e+00
 0.000000000000000000e+00
 0.000000000000000000e+00
 0.000000000000000000e+00
 0.000000000000000000e+00
 0.000000000000000000e+00
 0.000000000000000000e+00
 0.000000000000000000e+00
 0.000000000000000000e+00
 0.000000000000000000e+00
 0.000000000000000000e+00
 0.000000000000000000e+00
 0.000000000000000000e+00
 0.000000000000000000e+00
 0.000000000000000000e+00
 0.000000000000000000e+00
 0.000000000000000000e+00
 0.000000000000000000e+00
 0.000000000000000000e+00
 0.000000000000000000e+00
 0.000000000000000000e+00
 0.000000000000000000e+00
 0.000000000000000000e+00
 0.000000000000000000e+00
 0.000000000000000000e+00
 0.000000000000000000e+00
 0.000000000000000000e+00
 0.000000000000000000e+00
 0.000000000000000000e+00
 0.000000000000000000e+00
 0.000000000000000000e+00
 0.000000000000000000e+00
 0.000000000000000000e+00
 0.000000000000000000e+00
 0.000000000000000000e+00
 0.000000000000000000e+00
 0.000000000000000000e+00
 0.000000000000000000e+00
 0.000000000000000000e+00
 0.000000000000000000e+00
 0.000000000000000000e+00
 0.000000000000000000e+00
 0.000000000000000000e+00
 0.000000000000000000e+00
 0.000000000000000000e+00
 0.000000000000000000e+00
 0.000000000000000000e+00
 0.000000000000000000e+00
 0.000000000000000000e+00
 0.000000000000000000e+00
 0.000000000000000000e+00
 0.000000000000000000e+00
 0.000000000000000000e+00
 0.000000000000000000e+00
 0.000000000000000000e+00
 0.000000000000000000e+00
 0.000000000000000000e+00
 0.000000000000000000e+00
 0.000000000000000000e+00
 0.000000000000000000e+00
 0.000000000000000000e+00
 0.000000000000000000e+00
 0.000000000000000000e+00
 0.000000000000000000e+00
 0.000000000000000000e+00
 0.000000000000000000e+00
 0.000000000000000000e+00
 0.000000000000000000e+00
 0.000000000000000000e+00
 0.000000000000000000e+00
 0.000000000000000000e+00
 0.000000000000000000e+00
 0.000000000000000000e+00
 0.000000000000000000e+00
 0.000000000000000000e+00
 0.000000000000000000e+00
 0.000000000000000000e+00
 0.000000000000000000e+00
 0.000000000000000000e+00
 0.000000000000000000e+00
 0.000000000000000000e+00
 0.000000000000000000e+00
 0.000000000000000000e+00
 0.000000000000000000e+00
 0.000000000000000000e+00
 0.000000000000000000e+00
 0.000000000000000000e+00
 0.000000000000000000e+00
 0.000000000000000000e+00
 0.000000000000000000e+00
 0.000000000000000000e+00
 0.000000000000000000e+00
 0.000000000000000000e+00
 0.000000000000000000e+00
 0.000000000000000000e+00
 0.000000000000000000e+00
 0.000000000000000000e+00
 0.000000000000000000e+00
 0.000000000000000000e+00
 0.000000000000000000e+00
 0.000000000000000000e+00
 0.000000000000000000e+00
 0.000000000000000000e+00
 0.000000000000000000e+00
 0.000000000000000000e+00
 0.000000000000000000e+00
 0.000000000000000000e+00
 0.000000000000000000e+00
 0.000000000000000000e+00
 0.000000000000000000e+00
 0.000000000000000000e+00
 0.000000000000000000e+00
 0.000000000000000000e+00
 0.000000000000000000e+00
 0.000000000000000000e+00
 0.000000000000000000e+00
 0.000000000000000000e+00
 0.000000000000000000e+00
 0.000000000000000000e+00
 0.000000000000000000e+00
 0.000000000000000000e+00
 0.000000000000000000e+00
 0.000000000000000000e+00
 0.000000000000000000e+00
 0.000000000000000000e+00
 0.000000000000000000e+00
 0.000000000000000000e+00
 0.000000000000000000e+00
 0.000000000000000000e+00
 0.000000000000000000e+00
 0.000000000000000000e+00
 0.000000000000000000e+00
 0.000000000000000000e+00
 0.000000000000000000e+00
 0.000000000000000000e+00
 0.000000000000000000e+00
 0.000000000000000000e+00
 0.000000000000000000e+00
 0.000000000000000000e+00
 0.000000000000000000e+00
 0.000000000000000000e+00
 0.000000000000000000e+00
 0.000000000000000000e+00
 0.000000000000000000e+00
 0.000000000000000000e+00
 0.000000000000000000e+00
 0.000000000000000000e+00
 0.000000000000000000e+00
 0.000000000000000000e+00
 0.000000000000000000e+00
 0.000000000000000000e+00
 0.000000000000000000e+00
 0.000000000000000000e+00
 0.000000000000000000e+00
 0.000000000000000000e+00
 0.000000000000000000e+00
 0.000000000000000000e+00
 0.000000000000000000e+00
 0.000000000000000000e+00
 0.000000000000000000e+00
 0.000000000000000000e+00
 0.000000000000000000e+00
 0.000000000000000000e+00
 0.000000000000000000e+00
 0.000000000000000000e+00
 0.000000000000000000e+00
 0.000000000000000000e+00
 0.000000000000000000e+00
 0.000000000000000000e+00
 0.000000000000000000e+00
 0.000000000000000000e+00
 0.000000000000000000e+00
 0.000000000000000000e+00
 0.000000000000000000e+00
 0.000000000000000000e+00
 0.000000000000000000e+00
 0.000000000000000000e+00
 0.000000000000000000e+00
 0.000000000000000000e+00
 0.000000000000000000e+00
 0.000000000000000000e+00
 0.000000000000000000e+00
 0.000000000000000000e+00
 0.000000000000000000e+00
 0.000000000000000000e+00
 0.000000000000000000e+00
 0.000000000000000000e+00
 0.000000000000000000e+00
 0.000000000000000000e+00
 0.000000000000000000e+00
 0.000000000000000000e+00
 0.000000000000000000e+00
 0.000000000000000000e+00
 0.000000000000000000e+00
 0.000000000000000000e+00
 0.000000000000000000e+00
 0.000000000000000000e+00
 0.000000000000000000e+00
 0.000000000000000000e+00
 0.000000000000000000e+00
 0.000000000000000000e+00
 0.000000000000000000e+00
 0.000000000000000000e+00
 0.000000000000000000e+00
 0.000000000000000000e+00
 0.000000000000000000e+00
 0.000000000000000000e+00
 0.000000000000000000e+00
 0.000000000000000000e+00
 0.000000000000000000e+00
 0.000000000000000000e+00
 0.000000000000000000e+00
 0.000000000000000000e+00
 0.000000000000000000e+00
 0.000000000000000000e+00
 0.000000000000000000e+00
 0.000000000000000000e+00
 0.000000000000000000e+00
 0.000000000000000000e+00
 0.000000000000000000e+00
 0.000000000000000000e+00
 0.000000000000000000e+00
 0.000000000000000000e+00
 0.000000000000000000e+00
 0.000000000000000000e+00
 0.000000000000000000e+00
 0.000000000000000000e+00
 0.000000000000000000e+00
 0.000000000000000000e+00
 0.000000000000000000e+00
 0.000000000000000000e+00
 0.000000000000000000e+00
 0.000000000000000000e+00
 0.000000000000000000e+00
 0.000000000000000000e+00
 0.000000000000000000e+00
 0.000000000000000000e+00
 0.000000000000000000e+00
 0.000000000000000000e+00
 0.000000000000000000e+00
 0.000000000000000000e+00
 0.000000000000000000e+00
 0.000000000000000000e+00
 0.000000000000000000e+00
 0.000000000000000000e+00
 0.000000000000000000e+00
 0.000000000000000000e+00
 0.000000000000000000e+00
 0.000000000000000000e+00
 0.000000000000000000e+00
 </DataArray>
 <DataArray Name="S" type="Float32" NumberOfComponents="1" format="ascii">
 0.000000000000000000e+00
 0.000000000000000000e+00
 0.000000000000000000e+00
 0.000000000000000000e+00
 0.000000000000000000e+00
 0.000000000000000000e+00
 0.000000000000000000e+00
 0.000000000000000000e+00
 0.000000000000000000e+00
 0.000000000000000000e+00
 0.000000000000000000e+00
 0.000000000000000000e+00
 0.000000000000000000e+00
 0.000000000000000000e+00
 0.000000000000000000e+00
 0.000000000000000000e+00
 0.000000000000000000e+00
 0.000000000000000000e+00
 0.000000000000000000e+00
 0.000000000000000000e+00
 0.000000000000000000e+00
 0.000000000000000000e+00
 0.000000000000000000e+00
 0.000000000000000000e+00
 0.000000000000000000e+00
 0.000000000000000000e+00
 0.000000000000000000e+00
 0.000000000000000000e+00
 0.000000000000000000e+00
 0.000000000000000000e+00
 0.000000000000000000e+00
 0.000000000000000000e+00
 0.000000000000000000e+00
 0.000000000000000000e+00
 0.000000000000000000e+00
 0.000000000000000000e+00
 0.000000000000000000e+00
 0.000000000000000000e+00
 0.000000000000000000e+00
 0.000000000000000000e+00
 0.000000000000000000e+00
 0.000000000000000000e+00
 0.000000000000000000e+00
 0.000000000000000000e+00
 0.000000000000000000e+00
 0.000000000000000000e+00
 0.000000000000000000e+00
 0.000000000000000000e+00
 0.000000000000000000e+00
 0.000000000000000000e+00
 0.000000000000000000e+00
 0.000000000000000000e+00
 0.000000000000000000e+00
 0.000000000000000000e+00
 0.000000000000000000e+00
 0.000000000000000000e+00
 0.000000000000000000e+00
 0.000000000000000000e+00
 0.000000000000000000e+00
 0.000000000000000000e+00
 0.000000000000000000e+00
 0.000000000000000000e+00
 0.000000000000000000e+00
 0.000000000000000000e+00
 0.000000000000000000e+00
 0.000000000000000000e+00
 0.000000000000000000e+00
 0.000000000000000000e+00
 0.000000000000000000e+00
 0.000000000000000000e+00
 0.000000000000000000e+00
 0.000000000000000000e+00
 0.000000000000000000e+00
 0.000000000000000000e+00
 0.000000000000000000e+00
 0.000000000000000000e+00
 0.000000000000000000e+00
 0.000000000000000000e+00
 0.000000000000000000e+00
 0.000000000000000000e+00
 0.000000000000000000e+00
 0.000000000000000000e+00
 0.000000000000000000e+00
 0.000000000000000000e+00
 0.000000000000000000e+00
 0.000000000000000000e+00
 0.000000000000000000e+00
 0.000000000000000000e+00
 0.000000000000000000e+00
 0.000000000000000000e+00
 0.000000000000000000e+00
 0.000000000000000000e+00
 0.000000000000000000e+00
 0.000000000000000000e+00
 0.000000000000000000e+00
 0.000000000000000000e+00
 0.000000000000000000e+00
 0.000000000000000000e+00
 0.000000000000000000e+00
 0.000000000000000000e+00
 0.000000000000000000e+00
 0.000000000000000000e+00
 0.000000000000000000e+00
 0.000000000000000000e+00
 0.000000000000000000e+00
 0.000000000000000000e+00
 0.000000000000000000e+00
 0.000000000000000000e+00
 0.000000000000000000e+00
 0.000000000000000000e+00
 0.000000000000000000e+00
 0.000000000000000000e+00
 0.000000000000000000e+00
 0.000000000000000000e+00
 0.000000000000000000e+00
 0.000000000000000000e+00
 0.000000000000000000e+00
 0.000000000000000000e+00
 0.000000000000000000e+00
 0.000000000000000000e+00
 0.000000000000000000e+00
 0.000000000000000000e+00
 0.000000000000000000e+00
 0.000000000000000000e+00
 0.000000000000000000e+00
 0.000000000000000000e+00
 0.000000000000000000e+00
 0.000000000000000000e+00
 0.000000000000000000e+00
 0.000000000000000000e+00
 0.000000000000000000e+00
 0.000000000000000000e+00
 0.000000000000000000e+00
 0.000000000000000000e+00
 0.000000000000000000e+00
 0.000000000000000000e+00
 0.000000000000000000e+00
 0.000000000000000000e+00
 0.000000000000000000e+00
 0.000000000000000000e+00
 0.000000000000000000e+00
 0.000000000000000000e+00
 0.000000000000000000e+00
 0.000000000000000000e+00
 0.000000000000000000e+00
 0.000000000000000000e+00
 0.000000000000000000e+00
 0.000000000000000000e+00
 0.000000000000000000e+00
 0.000000000000000000e+00
 0.000000000000000000e+00
 0.000000000000000000e+00
 0.000000000000000000e+00
 0.000000000000000000e+00
 0.000000000000000000e+00
 0.000000000000000000e+00
 0.000000000000000000e+00
 0.000000000000000000e+00
 0.000000000000000000e+00
 0.000000000000000000e+00
 0.000000000000000000e+00
 0.000000000000000000e+00
 0.000000000000000000e+00
 0.000000000000000000e+00
 0.000000000000000000e+00
 0.000000000000000000e+00
 0.000000000000000000e+00
 0.000000000000000000e+00
 0.000000000000000000e+00
 0.000000000000000000e+00
 0.000000000000000000e+00
 0.000000000000000000e+00
 0.000000000000000000e+00
 0.000000000000000000e+00
 0.000000000000000000e+00
 0.000000000000000000e+00
 0.000000000000000000e+00
 0.000000000000000000e+00
 0.000000000000000000e+00
 0.000000000000000000e+00
 0.000000000000000000e+00
 0.000000000000000000e+00
 0.000000000000000000e+00
 0.000000000000000000e+00
 0.000000000000000000e+00
 0.000000000000000000e+00
 0.000000000000000000e+00
 0.000000000000000000e+00
 0.000000000000000000e+00
 0.000000000000000000e+00
 0.000000000000000000e+00
 0.000000000000000000e+00
 0.000000000000000000e+00
 0.000000000000000000e+00
 0.000000000000000000e+00
 0.000000000000000000e+00
 0.000000000000000000e+00
 0.000000000000000000e+00
 0.000000000000000000e+00
 0.000000000000000000e+00
 0.000000000000000000e+00
 0.000000000000000000e+00
 0.000000000000000000e+00
 0.000000000000000000e+00
 0.000000000000000000e+00
 0.000000000000000000e+00
 0.000000000000000000e+00
 0.000000000000000000e+00
 0.000000000000000000e+00
 0.000000000000000000e+00
 0.000000000000000000e+00
 0.000000000000000000e+00
 0.000000000000000000e+00
 0.000000000000000000e+00
 0.000000000000000000e+00
 0.000000000000000000e+00
 0.000000000000000000e+00
 0.000000000000000000e+00
 0.000000000000000000e+00
 0.000000000000000000e+00
 0.000000000000000000e+00
 0.000000000000000000e+00
 0.000000000000000000e+00
 0.000000000000000000e+00
 0.000000000000000000e+00
 0.000000000000000000e+00
 0.000000000000000000e+00
 0.000000000000000000e+00
 0.000000000000000000e+00
 0.000000000000000000e+00
 0.000000000000000000e+00
 0.000000000000000000e+00
 0.000000000000000000e+00
 0.000000000000000000e+00
 0.000000000000000000e+00
 0.000000000000000000e+00
 0.000000000000000000e+00
 0.000000000000000000e+00
 0.000000000000000000e+00
 0.000000000000000000e+00
 0.000000000000000000e+00
 0.000000000000000000e+00
 0.000000000000000000e+00
 0.000000000000000000e+00
 0.000000000000000000e+00
 0.000000000000000000e+00
 0.000000000000000000e+00
 0.000000000000000000e+00
 0.000000000000000000e+00
 0.000000000000000000e+00
 0.000000000000000000e+00
 0.000000000000000000e+00
 0.000000000000000000e+00
 0.000000000000000000e+00
 0.000000000000000000e+00
 0.000000000000000000e+00
 0.000000000000000000e+00
 0.000000000000000000e+00
 0.000000000000000000e+00
 0.000000000000000000e+00
 0.000000000000000000e+00
 0.000000000000000000e+00
 0.000000000000000000e+00
 0.000000000000000000e+00
 0.000000000000000000e+00
 0.000000000000000000e+00
 0.000000000000000000e+00
 0.000000000000000000e+00
 0.000000000000000000e+00
 0.000000000000000000e+00
 0.000000000000000000e+00
 0.000000000000000000e+00
 0.000000000000000000e+00
 0.000000000000000000e+00
 0.000000000000000000e+00
 0.000000000000000000e+00
 0.000000000000000000e+00
 0.000000000000000000e+00
 0.000000000000000000e+00
 0.000000000000000000e+00
 0.000000000000000000e+00
 0.000000000000000000e+00
 0.000000000000000000e+00
 0.000000000000000000e+00
 0.000000000000000000e+00
 0.000000000000000000e+00
 0.000000000000000000e+00
 0.000000000000000000e+00
 0.000000000000000000e+00
 0.000000000000000000e+00
 0.000000000000000000e+00
 0.000000000000000000e+00
 0.000000000000000000e+00
 0.000000000000000000e+00
 0.000000000000000000e+00
 0.000000000000000000e+00
 0.000000000000000000e+00
 0.000000000000000000e+00
 0.000000000000000000e+00
 0.000000000000000000e+00
 0.000000000000000000e+00
 0.000000000000000000e+00
 0.000000000000000000e+00
 0.000000000000000000e+00
 0.000000000000000000e+00
 0.000000000000000000e+00
 0.000000000000000000e+00
 0.000000000000000000e+00
 0.000000000000000000e+00
 0.000000000000000000e+00
 0.000000000000000000e+00
 0.000000000000000000e+00
 0.000000000000000000e+00
 0.000000000000000000e+00
 0.000000000000000000e+00
 0.000000000000000000e+00
 0.000000000000000000e+00
 0.000000000000000000e+00
 0.000000000000000000e+00
 0.000000000000000000e+00
 0.000000000000000000e+00
 0.000000000000000000e+00
 0.000000000000000000e+00
 0.000000000000000000e+00
 0.000000000000000000e+00
 0.000000000000000000e+00
 0.000000000000000000e+00
 0.000000000000000000e+00
 0.000000000000000000e+00
 0.000000000000000000e+00
 0.000000000000000000e+00
 0.000000000000000000e+00
 0.000000000000000000e+00
 0.000000000000000000e+00
 0.000000000000000000e+00
 0.000000000000000000e+00
 0.000000000000000000e+00
 0.000000000000000000e+00
 0.000000000000000000e+00
 0.000000000000000000e+00
 0.000000000000000000e+00
 0.000000000000000000e+00
 0.000000000000000000e+00
 0.000000000000000000e+00
 0.000000000000000000e+00
 0.000000000000000000e+00
 0.000000000000000000e+00
 0.000000000000000000e+00
 0.000000000000000000e+00
 0.000000000000000000e+00
 0.000000000000000000e+00
 0.000000000000000000e+00
 0.000000000000000000e+00
 0.000000000000000000e+00
 0.000000000000000000e+00
 0.000000000000000000e+00
 0.000000000000000000e+00
 0.000000000000000000e+00
 0.000000000000000000e+00
 0.000000000000000000e+00
 0.000000000000000000e+00
 0.000000000000000000e+00
 0.000000000000000000e+00
 0.000000000000000000e+00
 0.000000000000000000e+00
 0.000000000000000000e+00
 0.000000000000000000e+00
 0.000000000000000000e+00
 0.000000000000000000e+00
 0.000000000000000000e+00
 0.000000000000000000e+00
 0.000000000000000000e+00
 0.000000000000000000e+00
 0.000000000000000000e+00
 0.000000000000000000e+00
 0.000000000000000000e+00
 0.000000000000000000e+00
 0.000000000000000000e+00
 0.000000000000000000e+00
 0.000000000000000000e+00
 0.000000000000000000e+00
 0.000000000000000000e+00
 0.000000000000000000e+00
 0.000000000000000000e+00
 0.000000000000000000e+00
 0.000000000000000000e+00
 0.000000000000000000e+00
 0.000000000000000000e+00
 0.000000000000000000e+00
 0.000000000000000000e+00
 0.000000000000000000e+00
 0.000000000000000000e+00
 0.000000000000000000e+00
 0.000000000000000000e+00
 0.000000000000000000e+00
 0.000000000000000000e+00
 0.000000000000000000e+00
 0.000000000000000000e+00
 0.000000000000000000e+00
 0.000000000000000000e+00
 0.000000000000000000e+00
 0.000000000000000000e+00
 0.000000000000000000e+00
 0.000000000000000000e+00
 0.000000000000000000e+00
 0.000000000000000000e+00
 0.000000000000000000e+00
 0.000000000000000000e+00
 0.000000000000000000e+00
 0.000000000000000000e+00
 0.000000000000000000e+00
 0.000000000000000000e+00
 0.000000000000000000e+00
 0.000000000000000000e+00
 0.000000000000000000e+00
 0.000000000000000000e+00
 0.000000000000000000e+00
 0.000000000000000000e+00
 0.000000000000000000e+00
 0.000000000000000000e+00
 0.000000000000000000e+00
 0.000000000000000000e+00
 0.000000000000000000e+00
 0.000000000000000000e+00
 0.000000000000000000e+00
 0.000000000000000000e+00
 0.000000000000000000e+00
 0.000000000000000000e+00
 0.000000000000000000e+00
 0.000000000000000000e+00
 0.000000000000000000e+00
 0.000000000000000000e+00
 0.000000000000000000e+00
 0.000000000000000000e+00
 0.000000000000000000e+00
 0.000000000000000000e+00
 0.000000000000000000e+00
 0.000000000000000000e+00
 0.000000000000000000e+00
 0.000000000000000000e+00
 0.000000000000000000e+00
 0.000000000000000000e+00
 0.000000000000000000e+00
 0.000000000000000000e+00
 0.000000000000000000e+00
 0.000000000000000000e+00
 0.000000000000000000e+00
 0.000000000000000000e+00
 0.000000000000000000e+00
 0.000000000000000000e+00
 0.000000000000000000e+00
 0.000000000000000000e+00
 0.000000000000000000e+00
 0.000000000000000000e+00
 0.000000000000000000e+00
 0.000000000000000000e+00
 0.000000000000000000e+00
 0.000000000000000000e+00
 0.000000000000000000e+00
 0.000000000000000000e+00
 0.000000000000000000e+00
 0.000000000000000000e+00
 0.000000000000000000e+00
 0.000000000000000000e+00
 0.000000000000000000e+00
 0.000000000000000000e+00
 0.000000000000000000e+00
 0.000000000000000000e+00
 0.000000000000000000e+00
 0.000000000000000000e+00
 0.000000000000000000e+00
 0.000000000000000000e+00
 0.000000000000000000e+00
 0.000000000000000000e+00
 0.000000000000000000e+00
 0.000000000000000000e+00
 0.000000000000000000e+00
 0.000000000000000000e+00
 0.000000000000000000e+00
 0.000000000000000000e+00
 0.000000000000000000e+00
 0.000000000000000000e+00
 0.000000000000000000e+00
 0.000000000000000000e+00
 0.000000000000000000e+00
 0.000000000000000000e+00
 0.000000000000000000e+00
 0.000000000000000000e+00
 0.000000000000000000e+00
 0.000000000000000000e+00
 0.000000000000000000e+00
 0.000000000000000000e+00
 0.000000000000000000e+00
 0.000000000000000000e+00
 0.000000000000000000e+00
 0.000000000000000000e+00
 0.000000000000000000e+00
 0.000000000000000000e+00
 0.000000000000000000e+00
 0.000000000000000000e+00
 </DataArray>
 <DataArray Name="massf[0]-He" type="Float32" NumberOfComponents="1" format="ascii">
 1.000000000000000000e+00
 1.000000000000000000e+00
 1.000000000000000000e+00
 1.000000000000000000e+00
 1.000000000000000000e+00
 1.000000000000000000e+00
 1.000000000000000000e+00
 1.000000000000000000e+00
 1.000000000000000000e+00
 1.000000000000000000e+00
 1.000000000000000000e+00
 1.000000000000000000e+00
 1.000000000000000000e+00
 1.000000000000000000e+00
 1.000000000000000000e+00
 1.000000000000000000e+00
 1.000000000000000000e+00
 1.000000000000000000e+00
 1.000000000000000000e+00
 1.000000000000000000e+00
 1.000000000000000000e+00
 1.000000000000000000e+00
 1.000000000000000000e+00
 1.000000000000000000e+00
 1.000000000000000000e+00
 1.000000000000000000e+00
 1.000000000000000000e+00
 1.000000000000000000e+00
 1.000000000000000000e+00
 1.000000000000000000e+00
 1.000000000000000000e+00
 1.000000000000000000e+00
 1.000000000000000000e+00
 1.000000000000000000e+00
 1.000000000000000000e+00
 1.000000000000000000e+00
 1.000000000000000000e+00
 1.000000000000000000e+00
 1.000000000000000000e+00
 1.000000000000000000e+00
 1.000000000000000000e+00
 1.000000000000000000e+00
 1.000000000000000000e+00
 1.000000000000000000e+00
 1.000000000000000000e+00
 1.000000000000000000e+00
 1.000000000000000000e+00
 1.000000000000000000e+00
 1.000000000000000000e+00
 1.000000000000000000e+00
 1.000000000000000000e+00
 1.000000000000000000e+00
 1.000000000000000000e+00
 1.000000000000000000e+00
 1.000000000000000000e+00
 1.000000000000000000e+00
 1.000000000000000000e+00
 1.000000000000000000e+00
 1.000000000000000000e+00
 1.000000000000000000e+00
 1.000000000000000000e+00
 1.000000000000000000e+00
 1.000000000000000000e+00
 1.000000000000000000e+00
 1.000000000000000000e+00
 1.000000000000000000e+00
 1.000000000000000000e+00
 1.000000000000000000e+00
 1.000000000000000000e+00
 1.000000000000000000e+00
 1.000000000000000000e+00
 1.000000000000000000e+00
 1.000000000000000000e+00
 1.000000000000000000e+00
 1.000000000000000000e+00
 1.000000000000000000e+00
 1.000000000000000000e+00
 1.000000000000000000e+00
 1.000000000000000000e+00
 1.000000000000000000e+00
 1.000000000000000000e+00
 1.000000000000000000e+00
 1.000000000000000000e+00
 1.000000000000000000e+00
 1.000000000000000000e+00
 1.000000000000000000e+00
 1.000000000000000000e+00
 1.000000000000000000e+00
 1.000000000000000000e+00
 1.000000000000000000e+00
 1.000000000000000000e+00
 1.000000000000000000e+00
 1.000000000000000000e+00
 1.000000000000000000e+00
 1.000000000000000000e+00
 1.000000000000000000e+00
 1.000000000000000000e+00
 1.000000000000000000e+00
 1.000000000000000000e+00
 1.000000000000000000e+00
 1.000000000000000000e+00
 1.000000000000000000e+00
 1.000000000000000000e+00
 1.000000000000000000e+00
 1.000000000000000000e+00
 1.000000000000000000e+00
 1.000000000000000000e+00
 1.000000000000000000e+00
 1.000000000000000000e+00
 1.000000000000000000e+00
 1.000000000000000000e+00
 1.000000000000000000e+00
 1.000000000000000000e+00
 1.000000000000000000e+00
 1.000000000000000000e+00
 1.000000000000000000e+00
 1.000000000000000000e+00
 1.000000000000000000e+00
 1.000000000000000000e+00
 1.000000000000000000e+00
 1.000000000000000000e+00
 1.000000000000000000e+00
 1.000000000000000000e+00
 1.000000000000000000e+00
 1.000000000000000000e+00
 1.000000000000000000e+00
 1.000000000000000000e+00
 1.000000000000000000e+00
 1.000000000000000000e+00
 1.000000000000000000e+00
 1.000000000000000000e+00
 1.000000000000000000e+00
 1.000000000000000000e+00
 1.000000000000000000e+00
 1.000000000000000000e+00
 1.000000000000000000e+00
 1.000000000000000000e+00
 1.000000000000000000e+00
 1.000000000000000000e+00
 1.000000000000000000e+00
 1.000000000000000000e+00
 1.000000000000000000e+00
 1.000000000000000000e+00
 1.000000000000000000e+00
 1.000000000000000000e+00
 1.000000000000000000e+00
 1.000000000000000000e+00
 1.000000000000000000e+00
 1.000000000000000000e+00
 1.000000000000000000e+00
 1.000000000000000000e+00
 1.000000000000000000e+00
 1.000000000000000000e+00
 1.000000000000000000e+00
 1.000000000000000000e+00
 1.000000000000000000e+00
 1.000000000000000000e+00
 1.000000000000000000e+00
 1.000000000000000000e+00
 1.000000000000000000e+00
 1.000000000000000000e+00
 1.000000000000000000e+00
 1.000000000000000000e+00
 1.000000000000000000e+00
 1.000000000000000000e+00
 1.000000000000000000e+00
 1.000000000000000000e+00
 1.000000000000000000e+00
 1.000000000000000000e+00
 1.000000000000000000e+00
 1.000000000000000000e+00
 1.000000000000000000e+00
 1.000000000000000000e+00
 1.000000000000000000e+00
 1.000000000000000000e+00
 1.000000000000000000e+00
 1.000000000000000000e+00
 1.000000000000000000e+00
 1.000000000000000000e+00
 1.000000000000000000e+00
 1.000000000000000000e+00
 1.000000000000000000e+00
 1.000000000000000000e+00
 1.000000000000000000e+00
 1.000000000000000000e+00
 1.000000000000000000e+00
 1.000000000000000000e+00
 1.000000000000000000e+00
 1.000000000000000000e+00
 1.000000000000000000e+00
 1.000000000000000000e+00
 1.000000000000000000e+00
 1.000000000000000000e+00
 1.000000000000000000e+00
 1.000000000000000000e+00
 1.000000000000000000e+00
 1.000000000000000000e+00
 1.000000000000000000e+00
 1.000000000000000000e+00
 1.000000000000000000e+00
 1.000000000000000000e+00
 1.000000000000000000e+00
 1.000000000000000000e+00
 1.000000000000000000e+00
 1.000000000000000000e+00
 1.000000000000000000e+00
 1.000000000000000000e+00
 1.000000000000000000e+00
 1.000000000000000000e+00
 1.000000000000000000e+00
 1.000000000000000000e+00
 1.000000000000000000e+00
 1.000000000000000000e+00
 1.000000000000000000e+00
 1.000000000000000000e+00
 1.000000000000000000e+00
 1.000000000000000000e+00
 1.000000000000000000e+00
 1.000000000000000000e+00
 1.000000000000000000e+00
 1.000000000000000000e+00
 1.000000000000000000e+00
 1.000000000000000000e+00
 1.000000000000000000e+00
 1.000000000000000000e+00
 1.000000000000000000e+00
 1.000000000000000000e+00
 1.000000000000000000e+00
 1.000000000000000000e+00
 1.000000000000000000e+00
 1.000000000000000000e+00
 1.000000000000000000e+00
 1.000000000000000000e+00
 1.000000000000000000e+00
 1.000000000000000000e+00
 1.000000000000000000e+00
 1.000000000000000000e+00
 1.000000000000000000e+00
 1.000000000000000000e+00
 1.000000000000000000e+00
 1.000000000000000000e+00
 1.000000000000000000e+00
 1.000000000000000000e+00
 1.000000000000000000e+00
 1.000000000000000000e+00
 1.000000000000000000e+00
 1.000000000000000000e+00
 1.000000000000000000e+00
 1.000000000000000000e+00
 1.000000000000000000e+00
 1.000000000000000000e+00
 1.000000000000000000e+00
 1.000000000000000000e+00
 1.000000000000000000e+00
 1.000000000000000000e+00
 1.000000000000000000e+00
 1.000000000000000000e+00
 1.000000000000000000e+00
 1.000000000000000000e+00
 1.000000000000000000e+00
 1.000000000000000000e+00
 1.000000000000000000e+00
 1.000000000000000000e+00
 1.000000000000000000e+00
 1.000000000000000000e+00
 1.000000000000000000e+00
 1.000000000000000000e+00
 1.000000000000000000e+00
 1.000000000000000000e+00
 1.000000000000000000e+00
 1.000000000000000000e+00
 1.000000000000000000e+00
 1.000000000000000000e+00
 1.000000000000000000e+00
 1.000000000000000000e+00
 1.000000000000000000e+00
 1.000000000000000000e+00
 1.000000000000000000e+00
 1.000000000000000000e+00
 1.000000000000000000e+00
 1.000000000000000000e+00
 1.000000000000000000e+00
 1.000000000000000000e+00
 1.000000000000000000e+00
 1.000000000000000000e+00
 1.000000000000000000e+00
 1.000000000000000000e+00
 1.000000000000000000e+00
 1.000000000000000000e+00
 1.000000000000000000e+00
 1.000000000000000000e+00
 1.000000000000000000e+00
 1.000000000000000000e+00
 1.000000000000000000e+00
 1.000000000000000000e+00
 1.000000000000000000e+00
 1.000000000000000000e+00
 1.000000000000000000e+00
 1.000000000000000000e+00
 1.000000000000000000e+00
 1.000000000000000000e+00
 1.000000000000000000e+00
 1.000000000000000000e+00
 1.000000000000000000e+00
 1.000000000000000000e+00
 1.000000000000000000e+00
 1.000000000000000000e+00
 1.000000000000000000e+00
 1.000000000000000000e+00
 1.000000000000000000e+00
 1.000000000000000000e+00
 1.000000000000000000e+00
 1.000000000000000000e+00
 1.000000000000000000e+00
 1.000000000000000000e+00
 1.000000000000000000e+00
 1.000000000000000000e+00
 1.000000000000000000e+00
 1.000000000000000000e+00
 1.000000000000000000e+00
 1.000000000000000000e+00
 1.000000000000000000e+00
 1.000000000000000000e+00
 1.000000000000000000e+00
 1.000000000000000000e+00
 1.000000000000000000e+00
 1.000000000000000000e+00
 1.000000000000000000e+00
 1.000000000000000000e+00
 1.000000000000000000e+00
 1.000000000000000000e+00
 1.000000000000000000e+00
 1.000000000000000000e+00
 1.000000000000000000e+00
 1.000000000000000000e+00
 1.000000000000000000e+00
 1.000000000000000000e+00
 1.000000000000000000e+00
 1.000000000000000000e+00
 1.000000000000000000e+00
 1.000000000000000000e+00
 1.000000000000000000e+00
 1.000000000000000000e+00
 1.000000000000000000e+00
 1.000000000000000000e+00
 1.000000000000000000e+00
 1.000000000000000000e+00
 1.000000000000000000e+00
 1.000000000000000000e+00
 1.000000000000000000e+00
 1.000000000000000000e+00
 1.000000000000000000e+00
 1.000000000000000000e+00
 1.000000000000000000e+00
 1.000000000000000000e+00
 1.000000000000000000e+00
 1.000000000000000000e+00
 1.000000000000000000e+00
 1.000000000000000000e+00
 1.000000000000000000e+00
 1.000000000000000000e+00
 1.000000000000000000e+00
 1.000000000000000000e+00
 1.000000000000000000e+00
 1.000000000000000000e+00
 1.000000000000000000e+00
 1.000000000000000000e+00
 1.000000000000000000e+00
 1.000000000000000000e+00
 1.000000000000000000e+00
 1.000000000000000000e+00
 1.000000000000000000e+00
 1.000000000000000000e+00
 1.000000000000000000e+00
 1.000000000000000000e+00
 1.000000000000000000e+00
 1.000000000000000000e+00
 1.000000000000000000e+00
 1.000000000000000000e+00
 1.000000000000000000e+00
 1.000000000000000000e+00
 1.000000000000000000e+00
 1.000000000000000000e+00
 1.000000000000000000e+00
 1.000000000000000000e+00
 1.000000000000000000e+00
 1.000000000000000000e+00
 1.000000000000000000e+00
 1.000000000000000000e+00
 1.000000000000000000e+00
 1.000000000000000000e+00
 1.000000000000000000e+00
 1.000000000000000000e+00
 1.000000000000000000e+00
 1.000000000000000000e+00
 1.000000000000000000e+00
 1.000000000000000000e+00
 1.000000000000000000e+00
 1.000000000000000000e+00
 1.000000000000000000e+00
 1.000000000000000000e+00
 1.000000000000000000e+00
 1.000000000000000000e+00
 1.000000000000000000e+00
 1.000000000000000000e+00
 1.000000000000000000e+00
 1.000000000000000000e+00
 1.000000000000000000e+00
 1.000000000000000000e+00
 1.000000000000000000e+00
 1.000000000000000000e+00
 1.000000000000000000e+00
 1.000000000000000000e+00
 1.000000000000000000e+00
 1.000000000000000000e+00
 1.000000000000000000e+00
 1.000000000000000000e+00
 1.000000000000000000e+00
 1.000000000000000000e+00
 1.000000000000000000e+00
 1.000000000000000000e+00
 1.000000000000000000e+00
 1.000000000000000000e+00
 1.000000000000000000e+00
 1.000000000000000000e+00
 1.000000000000000000e+00
 1.000000000000000000e+00
 1.000000000000000000e+00
 1.000000000000000000e+00
 1.000000000000000000e+00
 1.000000000000000000e+00
 1.000000000000000000e+00
 1.000000000000000000e+00
 1.000000000000000000e+00
 1.000000000000000000e+00
 1.000000000000000000e+00
 1.000000000000000000e+00
 1.000000000000000000e+00
 1.000000000000000000e+00
 1.000000000000000000e+00
 1.000000000000000000e+00
 1.000000000000000000e+00
 1.000000000000000000e+00
 1.000000000000000000e+00
 1.000000000000000000e+00
 1.000000000000000000e+00
 1.000000000000000000e+00
 1.000000000000000000e+00
 1.000000000000000000e+00
 1.000000000000000000e+00
 1.000000000000000000e+00
 1.000000000000000000e+00
 1.000000000000000000e+00
 1.000000000000000000e+00
 1.000000000000000000e+00
 1.000000000000000000e+00
 1.000000000000000000e+00
 1.000000000000000000e+00
 1.000000000000000000e+00
 1.000000000000000000e+00
 1.000000000000000000e+00
 1.000000000000000000e+00
 1.000000000000000000e+00
 1.000000000000000000e+00
 1.000000000000000000e+00
 1.000000000000000000e+00
 1.000000000000000000e+00
 1.000000000000000000e+00
 1.000000000000000000e+00
 1.000000000000000000e+00
 1.000000000000000000e+00
 1.000000000000000000e+00
 1.000000000000000000e+00
 1.000000000000000000e+00
 1.000000000000000000e+00
 1.000000000000000000e+00
 1.000000000000000000e+00
 1.000000000000000000e+00
 1.000000000000000000e+00
 1.000000000000000000e+00
 1.000000000000000000e+00
 1.000000000000000000e+00
 1.000000000000000000e+00
 1.000000000000000000e+00
 1.000000000000000000e+00
 1.000000000000000000e+00
 1.000000000000000000e+00
 1.000000000000000000e+00
 1.000000000000000000e+00
 1.000000000000000000e+00
 1.000000000000000000e+00
 1.000000000000000000e+00
 1.000000000000000000e+00
 1.000000000000000000e+00
 1.000000000000000000e+00
 1.000000000000000000e+00
 1.000000000000000000e+00
 1.000000000000000000e+00
 1.000000000000000000e+00
 1.000000000000000000e+00
 </DataArray>
 <DataArray Name="massf[1]-N2" type="Float32" NumberOfComponents="1" format="ascii">
 0.000000000000000000e+00
 0.000000000000000000e+00
 0.000000000000000000e+00
 0.000000000000000000e+00
 0.000000000000000000e+00
 0.000000000000000000e+00
 0.000000000000000000e+00
 0.000000000000000000e+00
 0.000000000000000000e+00
 0.000000000000000000e+00
 0.000000000000000000e+00
 0.000000000000000000e+00
 0.000000000000000000e+00
 0.000000000000000000e+00
 0.000000000000000000e+00
 0.000000000000000000e+00
 0.000000000000000000e+00
 0.000000000000000000e+00
 0.000000000000000000e+00
 0.000000000000000000e+00
 0.000000000000000000e+00
 0.000000000000000000e+00
 0.000000000000000000e+00
 0.000000000000000000e+00
 0.000000000000000000e+00
 0.000000000000000000e+00
 0.000000000000000000e+00
 0.000000000000000000e+00
 0.000000000000000000e+00
 0.000000000000000000e+00
 0.000000000000000000e+00
 0.000000000000000000e+00
 0.000000000000000000e+00
 0.000000000000000000e+00
 0.000000000000000000e+00
 0.000000000000000000e+00
 0.000000000000000000e+00
 0.000000000000000000e+00
 0.000000000000000000e+00
 0.000000000000000000e+00
 0.000000000000000000e+00
 0.000000000000000000e+00
 0.000000000000000000e+00
 0.000000000000000000e+00
 0.000000000000000000e+00
 0.000000000000000000e+00
 0.000000000000000000e+00
 0.000000000000000000e+00
 0.000000000000000000e+00
 0.000000000000000000e+00
 0.000000000000000000e+00
 0.000000000000000000e+00
 0.000000000000000000e+00
 0.000000000000000000e+00
 0.000000000000000000e+00
 0.000000000000000000e+00
 0.000000000000000000e+00
 0.000000000000000000e+00
 0.000000000000000000e+00
 0.000000000000000000e+00
 0.000000000000000000e+00
 0.000000000000000000e+00
 0.000000000000000000e+00
 0.000000000000000000e+00
 0.000000000000000000e+00
 0.000000000000000000e+00
 0.000000000000000000e+00
 0.000000000000000000e+00
 0.000000000000000000e+00
 0.000000000000000000e+00
 0.000000000000000000e+00
 0.000000000000000000e+00
 0.000000000000000000e+00
 0.000000000000000000e+00
 0.000000000000000000e+00
 0.000000000000000000e+00
 0.000000000000000000e+00
 0.000000000000000000e+00
 0.000000000000000000e+00
 0.000000000000000000e+00
 0.000000000000000000e+00
 0.000000000000000000e+00
 0.000000000000000000e+00
 0.000000000000000000e+00
 0.000000000000000000e+00
 0.000000000000000000e+00
 0.000000000000000000e+00
 0.000000000000000000e+00
 0.000000000000000000e+00
 0.000000000000000000e+00
 0.000000000000000000e+00
 0.000000000000000000e+00
 0.000000000000000000e+00
 0.000000000000000000e+00
 0.000000000000000000e+00
 0.000000000000000000e+00
 0.000000000000000000e+00
 0.000000000000000000e+00
 0.000000000000000000e+00
 0.000000000000000000e+00
 0.000000000000000000e+00
 0.000000000000000000e+00
 0.000000000000000000e+00
 0.000000000000000000e+00
 0.000000000000000000e+00
 0.000000000000000000e+00
 0.000000000000000000e+00
 0.000000000000000000e+00
 0.000000000000000000e+00
 0.000000000000000000e+00
 0.000000000000000000e+00
 0.000000000000000000e+00
 0.000000000000000000e+00
 0.000000000000000000e+00
 0.000000000000000000e+00
 0.000000000000000000e+00
 0.000000000000000000e+00
 0.000000000000000000e+00
 0.000000000000000000e+00
 0.000000000000000000e+00
 0.000000000000000000e+00
 0.000000000000000000e+00
 0.000000000000000000e+00
 0.000000000000000000e+00
 0.000000000000000000e+00
 0.000000000000000000e+00
 0.000000000000000000e+00
 0.000000000000000000e+00
 0.000000000000000000e+00
 0.000000000000000000e+00
 0.000000000000000000e+00
 0.000000000000000000e+00
 0.000000000000000000e+00
 0.000000000000000000e+00
 0.000000000000000000e+00
 0.000000000000000000e+00
 0.000000000000000000e+00
 0.000000000000000000e+00
 0.000000000000000000e+00
 0.000000000000000000e+00
 0.000000000000000000e+00
 0.000000000000000000e+00
 0.000000000000000000e+00
 0.000000000000000000e+00
 0.000000000000000000e+00
 0.000000000000000000e+00
 0.000000000000000000e+00
 0.000000000000000000e+00
 0.000000000000000000e+00
 0.000000000000000000e+00
 0.000000000000000000e+00
 0.000000000000000000e+00
 0.000000000000000000e+00
 0.000000000000000000e+00
 0.000000000000000000e+00
 0.000000000000000000e+00
 0.000000000000000000e+00
 0.000000000000000000e+00
 0.000000000000000000e+00
 0.000000000000000000e+00
 0.000000000000000000e+00
 0.000000000000000000e+00
 0.000000000000000000e+00
 0.000000000000000000e+00
 0.000000000000000000e+00
 0.000000000000000000e+00
 0.000000000000000000e+00
 0.000000000000000000e+00
 0.000000000000000000e+00
 0.000000000000000000e+00
 0.000000000000000000e+00
 0.000000000000000000e+00
 0.000000000000000000e+00
 0.000000000000000000e+00
 0.000000000000000000e+00
 0.000000000000000000e+00
 0.000000000000000000e+00
 0.000000000000000000e+00
 0.000000000000000000e+00
 0.000000000000000000e+00
 0.000000000000000000e+00
 0.000000000000000000e+00
 0.000000000000000000e+00
 0.000000000000000000e+00
 0.000000000000000000e+00
 0.000000000000000000e+00
 0.000000000000000000e+00
 0.000000000000000000e+00
 0.000000000000000000e+00
 0.000000000000000000e+00
 0.000000000000000000e+00
 0.000000000000000000e+00
 0.000000000000000000e+00
 0.000000000000000000e+00
 0.000000000000000000e+00
 0.000000000000000000e+00
 0.000000000000000000e+00
 0.000000000000000000e+00
 0.000000000000000000e+00
 0.000000000000000000e+00
 0.000000000000000000e+00
 0.000000000000000000e+00
 0.000000000000000000e+00
 0.000000000000000000e+00
 0.000000000000000000e+00
 0.000000000000000000e+00
 0.000000000000000000e+00
 0.000000000000000000e+00
 0.000000000000000000e+00
 0.000000000000000000e+00
 0.000000000000000000e+00
 0.000000000000000000e+00
 0.000000000000000000e+00
 0.000000000000000000e+00
 0.000000000000000000e+00
 0.000000000000000000e+00
 0.000000000000000000e+00
 0.000000000000000000e+00
 0.000000000000000000e+00
 0.000000000000000000e+00
 0.000000000000000000e+00
 0.000000000000000000e+00
 0.000000000000000000e+00
 0.000000000000000000e+00
 0.000000000000000000e+00
 0.000000000000000000e+00
 0.000000000000000000e+00
 0.000000000000000000e+00
 0.000000000000000000e+00
 0.000000000000000000e+00
 0.000000000000000000e+00
 0.000000000000000000e+00
 0.000000000000000000e+00
 0.000000000000000000e+00
 0.000000000000000000e+00
 0.000000000000000000e+00
 0.000000000000000000e+00
 0.000000000000000000e+00
 0.000000000000000000e+00
 0.000000000000000000e+00
 0.000000000000000000e+00
 0.000000000000000000e+00
 0.000000000000000000e+00
 0.000000000000000000e+00
 0.000000000000000000e+00
 0.000000000000000000e+00
 0.000000000000000000e+00
 0.000000000000000000e+00
 0.000000000000000000e+00
 0.000000000000000000e+00
 0.000000000000000000e+00
 0.000000000000000000e+00
 0.000000000000000000e+00
 0.000000000000000000e+00
 0.000000000000000000e+00
 0.000000000000000000e+00
 0.000000000000000000e+00
 0.000000000000000000e+00
 0.000000000000000000e+00
 0.000000000000000000e+00
 0.000000000000000000e+00
 0.000000000000000000e+00
 0.000000000000000000e+00
 0.000000000000000000e+00
 0.000000000000000000e+00
 0.000000000000000000e+00
 0.000000000000000000e+00
 0.000000000000000000e+00
 0.000000000000000000e+00
 0.000000000000000000e+00
 0.000000000000000000e+00
 0.000000000000000000e+00
 0.000000000000000000e+00
 0.000000000000000000e+00
 0.000000000000000000e+00
 0.000000000000000000e+00
 0.000000000000000000e+00
 0.000000000000000000e+00
 0.000000000000000000e+00
 0.000000000000000000e+00
 0.000000000000000000e+00
 0.000000000000000000e+00
 0.000000000000000000e+00
 0.000000000000000000e+00
 0.000000000000000000e+00
 0.000000000000000000e+00
 0.000000000000000000e+00
 0.000000000000000000e+00
 0.000000000000000000e+00
 0.000000000000000000e+00
 0.000000000000000000e+00
 0.000000000000000000e+00
 0.000000000000000000e+00
 0.000000000000000000e+00
 0.000000000000000000e+00
 0.000000000000000000e+00
 0.000000000000000000e+00
 0.000000000000000000e+00
 0.000000000000000000e+00
 0.000000000000000000e+00
 0.000000000000000000e+00
 0.000000000000000000e+00
 0.000000000000000000e+00
 0.000000000000000000e+00
 0.000000000000000000e+00
 0.000000000000000000e+00
 0.000000000000000000e+00
 0.000000000000000000e+00
 0.000000000000000000e+00
 0.000000000000000000e+00
 0.000000000000000000e+00
 0.000000000000000000e+00
 0.000000000000000000e+00
 0.000000000000000000e+00
 0.000000000000000000e+00
 0.000000000000000000e+00
 0.000000000000000000e+00
 0.000000000000000000e+00
 0.000000000000000000e+00
 0.000000000000000000e+00
 0.000000000000000000e+00
 0.000000000000000000e+00
 0.000000000000000000e+00
 0.000000000000000000e+00
 0.000000000000000000e+00
 0.000000000000000000e+00
 0.000000000000000000e+00
 0.000000000000000000e+00
 0.000000000000000000e+00
 0.000000000000000000e+00
 0.000000000000000000e+00
 0.000000000000000000e+00
 0.000000000000000000e+00
 0.000000000000000000e+00
 0.000000000000000000e+00
 0.000000000000000000e+00
 0.000000000000000000e+00
 0.000000000000000000e+00
 0.000000000000000000e+00
 0.000000000000000000e+00
 0.000000000000000000e+00
 0.000000000000000000e+00
 0.000000000000000000e+00
 0.000000000000000000e+00
 0.000000000000000000e+00
 0.000000000000000000e+00
 0.000000000000000000e+00
 0.000000000000000000e+00
 0.000000000000000000e+00
 0.000000000000000000e+00
 0.000000000000000000e+00
 0.000000000000000000e+00
 0.000000000000000000e+00
 0.000000000000000000e+00
 0.000000000000000000e+00
 0.000000000000000000e+00
 0.000000000000000000e+00
 0.000000000000000000e+00
 0.000000000000000000e+00
 0.000000000000000000e+00
 0.000000000000000000e+00
 0.000000000000000000e+00
 0.000000000000000000e+00
 0.000000000000000000e+00
 0.000000000000000000e+00
 0.000000000000000000e+00
 0.000000000000000000e+00
 0.000000000000000000e+00
 0.000000000000000000e+00
 0.000000000000000000e+00
 0.000000000000000000e+00
 0.000000000000000000e+00
 0.000000000000000000e+00
 0.000000000000000000e+00
 0.000000000000000000e+00
 0.000000000000000000e+00
 0.000000000000000000e+00
 0.000000000000000000e+00
 0.000000000000000000e+00
 0.000000000000000000e+00
 0.000000000000000000e+00
 0.000000000000000000e+00
 0.000000000000000000e+00
 0.000000000000000000e+00
 0.000000000000000000e+00
 0.000000000000000000e+00
 0.000000000000000000e+00
 0.000000000000000000e+00
 0.000000000000000000e+00
 0.000000000000000000e+00
 0.000000000000000000e+00
 0.000000000000000000e+00
 0.000000000000000000e+00
 0.000000000000000000e+00
 0.000000000000000000e+00
 0.000000000000000000e+00
 0.000000000000000000e+00
 0.000000000000000000e+00
 0.000000000000000000e+00
 0.000000000000000000e+00
 0.000000000000000000e+00
 0.000000000000000000e+00
 0.000000000000000000e+00
 0.000000000000000000e+00
 0.000000000000000000e+00
 0.000000000000000000e+00
 0.000000000000000000e+00
 0.000000000000000000e+00
 0.000000000000000000e+00
 0.000000000000000000e+00
 0.000000000000000000e+00
 0.000000000000000000e+00
 0.000000000000000000e+00
 0.000000000000000000e+00
 0.000000000000000000e+00
 0.000000000000000000e+00
 0.000000000000000000e+00
 0.000000000000000000e+00
 0.000000000000000000e+00
 0.000000000000000000e+00
 0.000000000000000000e+00
 0.000000000000000000e+00
 0.000000000000000000e+00
 0.000000000000000000e+00
 0.000000000000000000e+00
 0.000000000000000000e+00
 0.000000000000000000e+00
 0.000000000000000000e+00
 0.000000000000000000e+00
 0.000000000000000000e+00
 0.000000000000000000e+00
 0.000000000000000000e+00
 0.000000000000000000e+00
 0.000000000000000000e+00
 0.000000000000000000e+00
 0.000000000000000000e+00
 0.000000000000000000e+00
 0.000000000000000000e+00
 0.000000000000000000e+00
 0.000000000000000000e+00
 0.000000000000000000e+00
 0.000000000000000000e+00
 0.000000000000000000e+00
 0.000000000000000000e+00
 0.000000000000000000e+00
 0.000000000000000000e+00
 0.000000000000000000e+00
 0.000000000000000000e+00
 0.000000000000000000e+00
 0.000000000000000000e+00
 0.000000000000000000e+00
 0.000000000000000000e+00
 0.000000000000000000e+00
 0.000000000000000000e+00
 0.000000000000000000e+00
 0.000000000000000000e+00
 0.000000000000000000e+00
 0.000000000000000000e+00
 0.000000000000000000e+00
 0.000000000000000000e+00
 0.000000000000000000e+00
 0.000000000000000000e+00
 0.000000000000000000e+00
 0.000000000000000000e+00
 0.000000000000000000e+00
 0.000000000000000000e+00
 0.000000000000000000e+00
 0.000000000000000000e+00
 0.000000000000000000e+00
 0.000000000000000000e+00
 0.000000000000000000e+00
 0.000000000000000000e+00
 0.000000000000000000e+00
 0.000000000000000000e+00
 0.000000000000000000e+00
 0.000000000000000000e+00
 0.000000000000000000e+00
 0.000000000000000000e+00
 0.000000000000000000e+00
 0.000000000000000000e+00
 0.000000000000000000e+00
 0.000000000000000000e+00
 0.000000000000000000e+00
 0.000000000000000000e+00
 0.000000000000000000e+00
 0.000000000000000000e+00
 0.000000000000000000e+00
 0.000000000000000000e+00
 0.000000000000000000e+00
 0.000000000000000000e+00
 0.000000000000000000e+00
 0.000000000000000000e+00
 0.000000000000000000e+00
 0.000000000000000000e+00
 0.000000000000000000e+00
 0.000000000000000000e+00
 0.000000000000000000e+00
 0.000000000000000000e+00
 0.000000000000000000e+00
 0.000000000000000000e+00
 </DataArray>
 <DataArray Name="massf[2]-O2" type="Float32" NumberOfComponents="1" format="ascii">
 0.000000000000000000e+00
 0.000000000000000000e+00
 0.000000000000000000e+00
 0.000000000000000000e+00
 0.000000000000000000e+00
 0.000000000000000000e+00
 0.000000000000000000e+00
 0.000000000000000000e+00
 0.000000000000000000e+00
 0.000000000000000000e+00
 0.000000000000000000e+00
 0.000000000000000000e+00
 0.000000000000000000e+00
 0.000000000000000000e+00
 0.000000000000000000e+00
 0.000000000000000000e+00
 0.000000000000000000e+00
 0.000000000000000000e+00
 0.000000000000000000e+00
 0.000000000000000000e+00
 0.000000000000000000e+00
 0.000000000000000000e+00
 0.000000000000000000e+00
 0.000000000000000000e+00
 0.000000000000000000e+00
 0.000000000000000000e+00
 0.000000000000000000e+00
 0.000000000000000000e+00
 0.000000000000000000e+00
 0.000000000000000000e+00
 0.000000000000000000e+00
 0.000000000000000000e+00
 0.000000000000000000e+00
 0.000000000000000000e+00
 0.000000000000000000e+00
 0.000000000000000000e+00
 0.000000000000000000e+00
 0.000000000000000000e+00
 0.000000000000000000e+00
 0.000000000000000000e+00
 0.000000000000000000e+00
 0.000000000000000000e+00
 0.000000000000000000e+00
 0.000000000000000000e+00
 0.000000000000000000e+00
 0.000000000000000000e+00
 0.000000000000000000e+00
 0.000000000000000000e+00
 0.000000000000000000e+00
 0.000000000000000000e+00
 0.000000000000000000e+00
 0.000000000000000000e+00
 0.000000000000000000e+00
 0.000000000000000000e+00
 0.000000000000000000e+00
 0.000000000000000000e+00
 0.000000000000000000e+00
 0.000000000000000000e+00
 0.000000000000000000e+00
 0.000000000000000000e+00
 0.000000000000000000e+00
 0.000000000000000000e+00
 0.000000000000000000e+00
 0.000000000000000000e+00
 0.000000000000000000e+00
 0.000000000000000000e+00
 0.000000000000000000e+00
 0.000000000000000000e+00
 0.000000000000000000e+00
 0.000000000000000000e+00
 0.000000000000000000e+00
 0.000000000000000000e+00
 0.000000000000000000e+00
 0.000000000000000000e+00
 0.000000000000000000e+00
 0.000000000000000000e+00
 0.000000000000000000e+00
 0.000000000000000000e+00
 0.000000000000000000e+00
 0.000000000000000000e+00
 0.000000000000000000e+00
 0.000000000000000000e+00
 0.000000000000000000e+00
 0.000000000000000000e+00
 0.000000000000000000e+00
 0.000000000000000000e+00
 0.000000000000000000e+00
 0.000000000000000000e+00
 0.000000000000000000e+00
 0.000000000000000000e+00
 0.000000000000000000e+00
 0.000000000000000000e+00
 0.000000000000000000e+00
 0.000000000000000000e+00
 0.000000000000000000e+00
 0.000000000000000000e+00
 0.000000000000000000e+00
 0.000000000000000000e+00
 0.000000000000000000e+00
 0.000000000000000000e+00
 0.000000000000000000e+00
 0.000000000000000000e+00
 0.000000000000000000e+00
 0.000000000000000000e+00
 0.000000000000000000e+00
 0.000000000000000000e+00
 0.000000000000000000e+00
 0.000000000000000000e+00
 0.000000000000000000e+00
 0.000000000000000000e+00
 0.000000000000000000e+00
 0.000000000000000000e+00
 0.000000000000000000e+00
 0.000000000000000000e+00
 0.000000000000000000e+00
 0.000000000000000000e+00
 0.000000000000000000e+00
 0.000000000000000000e+00
 0.000000000000000000e+00
 0.000000000000000000e+00
 0.000000000000000000e+00
 0.000000000000000000e+00
 0.000000000000000000e+00
 0.000000000000000000e+00
 0.000000000000000000e+00
 0.000000000000000000e+00
 0.000000000000000000e+00
 0.000000000000000000e+00
 0.000000000000000000e+00
 0.000000000000000000e+00
 0.000000000000000000e+00
 0.000000000000000000e+00
 0.000000000000000000e+00
 0.000000000000000000e+00
 0.000000000000000000e+00
 0.000000000000000000e+00
 0.000000000000000000e+00
 0.000000000000000000e+00
 0.000000000000000000e+00
 0.000000000000000000e+00
 0.000000000000000000e+00
 0.000000000000000000e+00
 0.000000000000000000e+00
 0.000000000000000000e+00
 0.000000000000000000e+00
 0.000000000000000000e+00
 0.000000000000000000e+00
 0.000000000000000000e+00
 0.000000000000000000e+00
 0.000000000000000000e+00
 0.000000000000000000e+00
 0.000000000000000000e+00
 0.000000000000000000e+00
 0.000000000000000000e+00
 0.000000000000000000e+00
 0.000000000000000000e+00
 0.000000000000000000e+00
 0.000000000000000000e+00
 0.000000000000000000e+00
 0.000000000000000000e+00
 0.000000000000000000e+00
 0.000000000000000000e+00
 0.000000000000000000e+00
 0.000000000000000000e+00
 0.000000000000000000e+00
 0.000000000000000000e+00
 0.000000000000000000e+00
 0.000000000000000000e+00
 0.000000000000000000e+00
 0.000000000000000000e+00
 0.000000000000000000e+00
 0.000000000000000000e+00
 0.000000000000000000e+00
 0.000000000000000000e+00
 0.000000000000000000e+00
 0.000000000000000000e+00
 0.000000000000000000e+00
 0.000000000000000000e+00
 0.000000000000000000e+00
 0.000000000000000000e+00
 0.000000000000000000e+00
 0.000000000000000000e+00
 0.000000000000000000e+00
 0.000000000000000000e+00
 0.000000000000000000e+00
 0.000000000000000000e+00
 0.000000000000000000e+00
 0.000000000000000000e+00
 0.000000000000000000e+00
 0.000000000000000000e+00
 0.000000000000000000e+00
 0.000000000000000000e+00
 0.000000000000000000e+00
 0.000000000000000000e+00
 0.000000000000000000e+00
 0.000000000000000000e+00
 0.000000000000000000e+00
 0.000000000000000000e+00
 0.000000000000000000e+00
 0.000000000000000000e+00
 0.000000000000000000e+00
 0.000000000000000000e+00
 0.000000000000000000e+00
 0.000000000000000000e+00
 0.000000000000000000e+00
 0.000000000000000000e+00
 0.000000000000000000e+00
 0.000000000000000000e+00
 0.000000000000000000e+00
 0.000000000000000000e+00
 0.000000000000000000e+00
 0.000000000000000000e+00
 0.000000000000000000e+00
 0.000000000000000000e+00
 0.000000000000000000e+00
 0.000000000000000000e+00
 0.000000000000000000e+00
 0.000000000000000000e+00
 0.000000000000000000e+00
 0.000000000000000000e+00
 0.000000000000000000e+00
 0.000000000000000000e+00
 0.000000000000000000e+00
 0.000000000000000000e+00
 0.000000000000000000e+00
 0.000000000000000000e+00
 0.000000000000000000e+00
 0.000000000000000000e+00
 0.000000000000000000e+00
 0.000000000000000000e+00
 0.000000000000000000e+00
 0.000000000000000000e+00
 0.000000000000000000e+00
 0.000000000000000000e+00
 0.000000000000000000e+00
 0.000000000000000000e+00
 0.000000000000000000e+00
 0.000000000000000000e+00
 0.000000000000000000e+00
 0.000000000000000000e+00
 0.000000000000000000e+00
 0.000000000000000000e+00
 0.000000000000000000e+00
 0.000000000000000000e+00
 0.000000000000000000e+00
 0.000000000000000000e+00
 0.000000000000000000e+00
 0.000000000000000000e+00
 0.000000000000000000e+00
 0.000000000000000000e+00
 0.000000000000000000e+00
 0.000000000000000000e+00
 0.000000000000000000e+00
 0.000000000000000000e+00
 0.000000000000000000e+00
 0.000000000000000000e+00
 0.000000000000000000e+00
 0.000000000000000000e+00
 0.000000000000000000e+00
 0.000000000000000000e+00
 0.000000000000000000e+00
 0.000000000000000000e+00
 0.000000000000000000e+00
 0.000000000000000000e+00
 0.000000000000000000e+00
 0.000000000000000000e+00
 0.000000000000000000e+00
 0.000000000000000000e+00
 0.000000000000000000e+00
 0.000000000000000000e+00
 0.000000000000000000e+00
 0.000000000000000000e+00
 0.000000000000000000e+00
 0.000000000000000000e+00
 0.000000000000000000e+00
 0.000000000000000000e+00
 0.000000000000000000e+00
 0.000000000000000000e+00
 0.000000000000000000e+00
 0.000000000000000000e+00
 0.000000000000000000e+00
 0.000000000000000000e+00
 0.000000000000000000e+00
 0.000000000000000000e+00
 0.000000000000000000e+00
 0.000000000000000000e+00
 0.000000000000000000e+00
 0.000000000000000000e+00
 0.000000000000000000e+00
 0.000000000000000000e+00
 0.000000000000000000e+00
 0.000000000000000000e+00
 0.000000000000000000e+00
 0.000000000000000000e+00
 0.000000000000000000e+00
 0.000000000000000000e+00
 0.000000000000000000e+00
 0.000000000000000000e+00
 0.000000000000000000e+00
 0.000000000000000000e+00
 0.000000000000000000e+00
 0.000000000000000000e+00
 0.000000000000000000e+00
 0.000000000000000000e+00
 0.000000000000000000e+00
 0.000000000000000000e+00
 0.000000000000000000e+00
 0.000000000000000000e+00
 0.000000000000000000e+00
 0.000000000000000000e+00
 0.000000000000000000e+00
 0.000000000000000000e+00
 0.000000000000000000e+00
 0.000000000000000000e+00
 0.000000000000000000e+00
 0.000000000000000000e+00
 0.000000000000000000e+00
 0.000000000000000000e+00
 0.000000000000000000e+00
 0.000000000000000000e+00
 0.000000000000000000e+00
 0.000000000000000000e+00
 0.000000000000000000e+00
 0.000000000000000000e+00
 0.000000000000000000e+00
 0.000000000000000000e+00
 0.000000000000000000e+00
 0.000000000000000000e+00
 0.000000000000000000e+00
 0.000000000000000000e+00
 0.000000000000000000e+00
 0.000000000000000000e+00
 0.000000000000000000e+00
 0.000000000000000000e+00
 0.000000000000000000e+00
 0.000000000000000000e+00
 0.000000000000000000e+00
 0.000000000000000000e+00
 0.000000000000000000e+00
 0.000000000000000000e+00
 0.000000000000000000e+00
 0.000000000000000000e+00
 0.000000000000000000e+00
 0.000000000000000000e+00
 0.000000000000000000e+00
 0.000000000000000000e+00
 0.000000000000000000e+00
 0.000000000000000000e+00
 0.000000000000000000e+00
 0.000000000000000000e+00
 0.000000000000000000e+00
 0.000000000000000000e+00
 0.000000000000000000e+00
 0.000000000000000000e+00
 0.000000000000000000e+00
 0.000000000000000000e+00
 0.000000000000000000e+00
 0.000000000000000000e+00
 0.000000000000000000e+00
 0.000000000000000000e+00
 0.000000000000000000e+00
 0.000000000000000000e+00
 0.000000000000000000e+00
 0.000000000000000000e+00
 0.000000000000000000e+00
 0.000000000000000000e+00
 0.000000000000000000e+00
 0.000000000000000000e+00
 0.000000000000000000e+00
 0.000000000000000000e+00
 0.000000000000000000e+00
 0.000000000000000000e+00
 0.000000000000000000e+00
 0.000000000000000000e+00
 0.000000000000000000e+00
 0.000000000000000000e+00
 0.000000000000000000e+00
 0.000000000000000000e+00
 0.000000000000000000e+00
 0.000000000000000000e+00
 0.000000000000000000e+00
 0.000000000000000000e+00
 0.000000000000000000e+00
 0.000000000000000000e+00
 0.000000000000000000e+00
 0.000000000000000000e+00
 0.000000000000000000e+00
 0.000000000000000000e+00
 0.000000000000000000e+00
 0.000000000000000000e+00
 0.000000000000000000e+00
 0.000000000000000000e+00
 0.000000000000000000e+00
 0.000000000000000000e+00
 0.000000000000000000e+00
 0.000000000000000000e+00
 0.000000000000000000e+00
 0.000000000000000000e+00
 0.000000000000000000e+00
 0.000000000000000000e+00
 0.000000000000000000e+00
 0.000000000000000000e+00
 0.000000000000000000e+00
 0.000000000000000000e+00
 0.000000000000000000e+00
 0.000000000000000000e+00
 0.000000000000000000e+00
 0.000000000000000000e+00
 0.000000000000000000e+00
 0.000000000000000000e+00
 0.000000000000000000e+00
 0.000000000000000000e+00
 0.000000000000000000e+00
 0.000000000000000000e+00
 0.000000000000000000e+00
 0.000000000000000000e+00
 0.000000000000000000e+00
 0.000000000000000000e+00
 0.000000000000000000e+00
 0.000000000000000000e+00
 0.000000000000000000e+00
 0.000000000000000000e+00
 0.000000000000000000e+00
 0.000000000000000000e+00
 0.000000000000000000e+00
 0.000000000000000000e+00
 0.000000000000000000e+00
 0.000000000000000000e+00
 0.000000000000000000e+00
 0.000000000000000000e+00
 0.000000000000000000e+00
 0.000000000000000000e+00
 0.000000000000000000e+00
 0.000000000000000000e+00
 0.000000000000000000e+00
 0.000000000000000000e+00
 0.000000000000000000e+00
 0.000000000000000000e+00
 0.000000000000000000e+00
 0.000000000000000000e+00
 0.000000000000000000e+00
 0.000000000000000000e+00
 0.000000000000000000e+00
 0.000000000000000000e+00
 0.000000000000000000e+00
 0.000000000000000000e+00
 0.000000000000000000e+00
 0.000000000000000000e+00
 0.000000000000000000e+00
 0.000000000000000000e+00
 0.000000000000000000e+00
 0.000000000000000000e+00
 0.000000000000000000e+00
 0.000000000000000000e+00
 0.000000000000000000e+00
 0.000000000000000000e+00
 0.000000000000000000e+00
 0.000000000000000000e+00
 0.000000000000000000e+00
 0.000000000000000000e+00
 0.000000000000000000e+00
 0.000000000000000000e+00
 0.000000000000000000e+00
 0.000000000000000000e+00
 0.000000000000000000e+00
 0.000000000000000000e+00
 0.000000000000000000e+00
 0.000000000000000000e+00
 0.000000000000000000e+00
 0.000000000000000000e+00
 0.000000000000000000e+00
 0.000000000000000000e+00
 0.000000000000000000e+00
 0.000000000000000000e+00
 0.000000000000000000e+00
 0.000000000000000000e+00
 0.000000000000000000e+00
 0.000000000000000000e+00
 0.000000000000000000e+00
 0.000000000000000000e+00
 0.000000000000000000e+00
 0.000000000000000000e+00
 0.000000000000000000e+00
 0.000000000000000000e+00
 0.000000000000000000e+00
 0.000000000000000000e+00
 0.000000000000000000e+00
 0.000000000000000000e+00
 0.000000000000000000e+00
 0.000000000000000000e+00
 0.000000000000000000e+00
 0.000000000000000000e+00
 0.000000000000000000e+00
 0.000000000000000000e+00
 0.000000000000000000e+00
 0.000000000000000000e+00
 0.000000000000000000e+00
 0.000000000000000000e+00
 0.000000000000000000e+00
 0.000000000000000000e+00
 </DataArray>
 <DataArray Name="massf[3]-N" type="Float32" NumberOfComponents="1" format="ascii">
 0.000000000000000000e+00
 0.000000000000000000e+00
 0.000000000000000000e+00
 0.000000000000000000e+00
 0.000000000000000000e+00
 0.000000000000000000e+00
 0.000000000000000000e+00
 0.000000000000000000e+00
 0.000000000000000000e+00
 0.000000000000000000e+00
 0.000000000000000000e+00
 0.000000000000000000e+00
 0.000000000000000000e+00
 0.000000000000000000e+00
 0.000000000000000000e+00
 0.000000000000000000e+00
 0.000000000000000000e+00
 0.000000000000000000e+00
 0.000000000000000000e+00
 0.000000000000000000e+00
 0.000000000000000000e+00
 0.000000000000000000e+00
 0.000000000000000000e+00
 0.000000000000000000e+00
 0.000000000000000000e+00
 0.000000000000000000e+00
 0.000000000000000000e+00
 0.000000000000000000e+00
 0.000000000000000000e+00
 0.000000000000000000e+00
 0.000000000000000000e+00
 0.000000000000000000e+00
 0.000000000000000000e+00
 0.000000000000000000e+00
 0.000000000000000000e+00
 0.000000000000000000e+00
 0.000000000000000000e+00
 0.000000000000000000e+00
 0.000000000000000000e+00
 0.000000000000000000e+00
 0.000000000000000000e+00
 0.000000000000000000e+00
 0.000000000000000000e+00
 0.000000000000000000e+00
 0.000000000000000000e+00
 0.000000000000000000e+00
 0.000000000000000000e+00
 0.000000000000000000e+00
 0.000000000000000000e+00
 0.000000000000000000e+00
 0.000000000000000000e+00
 0.000000000000000000e+00
 0.000000000000000000e+00
 0.000000000000000000e+00
 0.000000000000000000e+00
 0.000000000000000000e+00
 0.000000000000000000e+00
 0.000000000000000000e+00
 0.000000000000000000e+00
 0.000000000000000000e+00
 0.000000000000000000e+00
 0.000000000000000000e+00
 0.000000000000000000e+00
 0.000000000000000000e+00
 0.000000000000000000e+00
 0.000000000000000000e+00
 0.000000000000000000e+00
 0.000000000000000000e+00
 0.000000000000000000e+00
 0.000000000000000000e+00
 0.000000000000000000e+00
 0.000000000000000000e+00
 0.000000000000000000e+00
 0.000000000000000000e+00
 0.000000000000000000e+00
 0.000000000000000000e+00
 0.000000000000000000e+00
 0.000000000000000000e+00
 0.000000000000000000e+00
 0.000000000000000000e+00
 0.000000000000000000e+00
 0.000000000000000000e+00
 0.000000000000000000e+00
 0.000000000000000000e+00
 0.000000000000000000e+00
 0.000000000000000000e+00
 0.000000000000000000e+00
 0.000000000000000000e+00
 0.000000000000000000e+00
 0.000000000000000000e+00
 0.000000000000000000e+00
 0.000000000000000000e+00
 0.000000000000000000e+00
 0.000000000000000000e+00
 0.000000000000000000e+00
 0.000000000000000000e+00
 0.000000000000000000e+00
 0.000000000000000000e+00
 0.000000000000000000e+00
 0.000000000000000000e+00
 0.000000000000000000e+00
 0.000000000000000000e+00
 0.000000000000000000e+00
 0.000000000000000000e+00
 0.000000000000000000e+00
 0.000000000000000000e+00
 0.000000000000000000e+00
 0.000000000000000000e+00
 0.000000000000000000e+00
 0.000000000000000000e+00
 0.000000000000000000e+00
 0.000000000000000000e+00
 0.000000000000000000e+00
 0.000000000000000000e+00
 0.000000000000000000e+00
 0.000000000000000000e+00
 0.000000000000000000e+00
 0.000000000000000000e+00
 0.000000000000000000e+00
 0.000000000000000000e+00
 0.000000000000000000e+00
 0.000000000000000000e+00
 0.000000000000000000e+00
 0.000000000000000000e+00
 0.000000000000000000e+00
 0.000000000000000000e+00
 0.000000000000000000e+00
 0.000000000000000000e+00
 0.000000000000000000e+00
 0.000000000000000000e+00
 0.000000000000000000e+00
 0.000000000000000000e+00
 0.000000000000000000e+00
 0.000000000000000000e+00
 0.000000000000000000e+00
 0.000000000000000000e+00
 0.000000000000000000e+00
 0.000000000000000000e+00
 0.000000000000000000e+00
 0.000000000000000000e+00
 0.000000000000000000e+00
 0.000000000000000000e+00
 0.000000000000000000e+00
 0.000000000000000000e+00
 0.000000000000000000e+00
 0.000000000000000000e+00
 0.000000000000000000e+00
 0.000000000000000000e+00
 0.000000000000000000e+00
 0.000000000000000000e+00
 0.000000000000000000e+00
 0.000000000000000000e+00
 0.000000000000000000e+00
 0.000000000000000000e+00
 0.000000000000000000e+00
 0.000000000000000000e+00
 0.000000000000000000e+00
 0.000000000000000000e+00
 0.000000000000000000e+00
 0.000000000000000000e+00
 0.000000000000000000e+00
 0.000000000000000000e+00
 0.000000000000000000e+00
 0.000000000000000000e+00
 0.000000000000000000e+00
 0.000000000000000000e+00
 0.000000000000000000e+00
 0.000000000000000000e+00
 0.000000000000000000e+00
 0.000000000000000000e+00
 0.000000000000000000e+00
 0.000000000000000000e+00
 0.000000000000000000e+00
 0.000000000000000000e+00
 0.000000000000000000e+00
 0.000000000000000000e+00
 0.000000000000000000e+00
 0.000000000000000000e+00
 0.000000000000000000e+00
 0.000000000000000000e+00
 0.000000000000000000e+00
 0.000000000000000000e+00
 0.000000000000000000e+00
 0.000000000000000000e+00
 0.000000000000000000e+00
 0.000000000000000000e+00
 0.000000000000000000e+00
 0.000000000000000000e+00
 0.000000000000000000e+00
 0.000000000000000000e+00
 0.000000000000000000e+00
 0.000000000000000000e+00
 0.000000000000000000e+00
 0.000000000000000000e+00
 0.000000000000000000e+00
 0.000000000000000000e+00
 0.000000000000000000e+00
 0.000000000000000000e+00
 0.000000000000000000e+00
 0.000000000000000000e+00
 0.000000000000000000e+00
 0.000000000000000000e+00
 0.000000000000000000e+00
 0.000000000000000000e+00
 0.000000000000000000e+00
 0.000000000000000000e+00
 0.000000000000000000e+00
 0.000000000000000000e+00
 0.000000000000000000e+00
 0.000000000000000000e+00
 0.000000000000000000e+00
 0.000000000000000000e+00
 0.000000000000000000e+00
 0.000000000000000000e+00
 0.000000000000000000e+00
 0.000000000000000000e+00
 0.000000000000000000e+00
 0.000000000000000000e+00
 0.000000000000000000e+00
 0.000000000000000000e+00
 0.000000000000000000e+00
 0.000000000000000000e+00
 0.000000000000000000e+00
 0.000000000000000000e+00
 0.000000000000000000e+00
 0.000000000000000000e+00
 0.000000000000000000e+00
 0.000000000000000000e+00
 0.000000000000000000e+00
 0.000000000000000000e+00
 0.000000000000000000e+00
 0.000000000000000000e+00
 0.000000000000000000e+00
 0.000000000000000000e+00
 0.000000000000000000e+00
 0.000000000000000000e+00
 0.000000000000000000e+00
 0.000000000000000000e+00
 0.000000000000000000e+00
 0.000000000000000000e+00
 0.000000000000000000e+00
 0.000000000000000000e+00
 0.000000000000000000e+00
 0.000000000000000000e+00
 0.000000000000000000e+00
 0.000000000000000000e+00
 0.000000000000000000e+00
 0.000000000000000000e+00
 0.000000000000000000e+00
 0.000000000000000000e+00
 0.000000000000000000e+00
 0.000000000000000000e+00
 0.000000000000000000e+00
 0.000000000000000000e+00
 0.000000000000000000e+00
 0.000000000000000000e+00
 0.000000000000000000e+00
 0.000000000000000000e+00
 0.000000000000000000e+00
 0.000000000000000000e+00
 0.000000000000000000e+00
 0.000000000000000000e+00
 0.000000000000000000e+00
 0.000000000000000000e+00
 0.000000000000000000e+00
 0.000000000000000000e+00
 0.000000000000000000e+00
 0.000000000000000000e+00
 0.000000000000000000e+00
 0.000000000000000000e+00
 0.000000000000000000e+00
 0.000000000000000000e+00
 0.000000000000000000e+00
 0.000000000000000000e+00
 0.000000000000000000e+00
 0.000000000000000000e+00
 0.000000000000000000e+00
 0.000000000000000000e+00
 0.000000000000000000e+00
 0.000000000000000000e+00
 0.000000000000000000e+00
 0.000000000000000000e+00
 0.000000000000000000e+00
 0.000000000000000000e+00
 0.000000000000000000e+00
 0.000000000000000000e+00
 0.000000000000000000e+00
 0.000000000000000000e+00
 0.000000000000000000e+00
 0.000000000000000000e+00
 0.000000000000000000e+00
 0.000000000000000000e+00
 0.000000000000000000e+00
 0.000000000000000000e+00
 0.000000000000000000e+00
 0.000000000000000000e+00
 0.000000000000000000e+00
 0.000000000000000000e+00
 0.000000000000000000e+00
 0.000000000000000000e+00
 0.000000000000000000e+00
 0.000000000000000000e+00
 0.000000000000000000e+00
 0.000000000000000000e+00
 0.000000000000000000e+00
 0.000000000000000000e+00
 0.000000000000000000e+00
 0.000000000000000000e+00
 0.000000000000000000e+00
 0.000000000000000000e+00
 0.000000000000000000e+00
 0.000000000000000000e+00
 0.000000000000000000e+00
 0.000000000000000000e+00
 0.000000000000000000e+00
 0.000000000000000000e+00
 0.000000000000000000e+00
 0.000000000000000000e+00
 0.000000000000000000e+00
 0.000000000000000000e+00
 0.000000000000000000e+00
 0.000000000000000000e+00
 0.000000000000000000e+00
 0.000000000000000000e+00
 0.000000000000000000e+00
 0.000000000000000000e+00
 0.000000000000000000e+00
 0.000000000000000000e+00
 0.000000000000000000e+00
 0.000000000000000000e+00
 0.000000000000000000e+00
 0.000000000000000000e+00
 0.000000000000000000e+00
 0.000000000000000000e+00
 0.000000000000000000e+00
 0.000000000000000000e+00
 0.000000000000000000e+00
 0.000000000000000000e+00
 0.000000000000000000e+00
 0.000000000000000000e+00
 0.000000000000000000e+00
 0.000000000000000000e+00
 0.000000000000000000e+00
 0.000000000000000000e+00
 0.000000000000000000e+00
 0.000000000000000000e+00
 0.000000000000000000e+00
 0.000000000000000000e+00
 0.000000000000000000e+00
 0.000000000000000000e+00
 0.000000000000000000e+00
 0.000000000000000000e+00
 0.000000000000000000e+00
 0.000000000000000000e+00
 0.000000000000000000e+00
 0.000000000000000000e+00
 0.000000000000000000e+00
 0.000000000000000000e+00
 0.000000000000000000e+00
 0.000000000000000000e+00
 0.000000000000000000e+00
 0.000000000000000000e+00
 0.000000000000000000e+00
 0.000000000000000000e+00
 0.000000000000000000e+00
 0.000000000000000000e+00
 0.000000000000000000e+00
 0.000000000000000000e+00
 0.000000000000000000e+00
 0.000000000000000000e+00
 0.000000000000000000e+00
 0.000000000000000000e+00
 0.000000000000000000e+00
 0.000000000000000000e+00
 0.000000000000000000e+00
 0.000000000000000000e+00
 0.000000000000000000e+00
 0.000000000000000000e+00
 0.000000000000000000e+00
 0.000000000000000000e+00
 0.000000000000000000e+00
 0.000000000000000000e+00
 0.000000000000000000e+00
 0.000000000000000000e+00
 0.000000000000000000e+00
 0.000000000000000000e+00
 0.000000000000000000e+00
 0.000000000000000000e+00
 0.000000000000000000e+00
 0.000000000000000000e+00
 0.000000000000000000e+00
 0.000000000000000000e+00
 0.000000000000000000e+00
 0.000000000000000000e+00
 0.000000000000000000e+00
 0.000000000000000000e+00
 0.000000000000000000e+00
 0.000000000000000000e+00
 0.000000000000000000e+00
 0.000000000000000000e+00
 0.000000000000000000e+00
 0.000000000000000000e+00
 0.000000000000000000e+00
 0.000000000000000000e+00
 0.000000000000000000e+00
 0.000000000000000000e+00
 0.000000000000000000e+00
 0.000000000000000000e+00
 0.000000000000000000e+00
 0.000000000000000000e+00
 0.000000000000000000e+00
 0.000000000000000000e+00
 0.000000000000000000e+00
 0.000000000000000000e+00
 0.000000000000000000e+00
 0.000000000000000000e+00
 0.000000000000000000e+00
 0.000000000000000000e+00
 0.000000000000000000e+00
 0.000000000000000000e+00
 0.000000000000000000e+00
 0.000000000000000000e+00
 0.000000000000000000e+00
 0.000000000000000000e+00
 0.000000000000000000e+00
 0.000000000000000000e+00
 0.000000000000000000e+00
 0.000000000000000000e+00
 0.000000000000000000e+00
 0.000000000000000000e+00
 0.000000000000000000e+00
 0.000000000000000000e+00
 0.000000000000000000e+00
 0.000000000000000000e+00
 0.000000000000000000e+00
 0.000000000000000000e+00
 0.000000000000000000e+00
 0.000000000000000000e+00
 0.000000000000000000e+00
 0.000000000000000000e+00
 0.000000000000000000e+00
 0.000000000000000000e+00
 0.000000000000000000e+00
 0.000000000000000000e+00
 0.000000000000000000e+00
 0.000000000000000000e+00
 0.000000000000000000e+00
 0.000000000000000000e+00
 0.000000000000000000e+00
 0.000000000000000000e+00
 0.000000000000000000e+00
 0.000000000000000000e+00
 0.000000000000000000e+00
 0.000000000000000000e+00
 0.000000000000000000e+00
 0.000000000000000000e+00
 0.000000000000000000e+00
 0.000000000000000000e+00
 0.000000000000000000e+00
 0.000000000000000000e+00
 0.000000000000000000e+00
 0.000000000000000000e+00
 0.000000000000000000e+00
 0.000000000000000000e+00
 0.000000000000000000e+00
 0.000000000000000000e+00
 0.000000000000000000e+00
 0.000000000000000000e+00
 0.000000000000000000e+00
 0.000000000000000000e+00
 0.000000000000000000e+00
 0.000000000000000000e+00
 0.000000000000000000e+00
 0.000000000000000000e+00
 0.000000000000000000e+00
 0.000000000000000000e+00
 0.000000000000000000e+00
 0.000000000000000000e+00
 0.000000000000000000e+00
 0.000000000000000000e+00
 0.000000000000000000e+00
 0.000000000000000000e+00
 0.000000000000000000e+00
 0.000000000000000000e+00
 0.000000000000000000e+00
 0.000000000000000000e+00
 0.000000000000000000e+00
 0.000000000000000000e+00
 0.000000000000000000e+00
 0.000000000000000000e+00
 0.000000000000000000e+00
 0.000000000000000000e+00
 0.000000000000000000e+00
 0.000000000000000000e+00
 0.000000000000000000e+00
 0.000000000000000000e+00
 0.000000000000000000e+00
 0.000000000000000000e+00
 0.000000000000000000e+00
 0.000000000000000000e+00
 </DataArray>
 <DataArray Name="massf[4]-O" type="Float32" NumberOfComponents="1" format="ascii">
 0.000000000000000000e+00
 0.000000000000000000e+00
 0.000000000000000000e+00
 0.000000000000000000e+00
 0.000000000000000000e+00
 0.000000000000000000e+00
 0.000000000000000000e+00
 0.000000000000000000e+00
 0.000000000000000000e+00
 0.000000000000000000e+00
 0.000000000000000000e+00
 0.000000000000000000e+00
 0.000000000000000000e+00
 0.000000000000000000e+00
 0.000000000000000000e+00
 0.000000000000000000e+00
 0.000000000000000000e+00
 0.000000000000000000e+00
 0.000000000000000000e+00
 0.000000000000000000e+00
 0.000000000000000000e+00
 0.000000000000000000e+00
 0.000000000000000000e+00
 0.000000000000000000e+00
 0.000000000000000000e+00
 0.000000000000000000e+00
 0.000000000000000000e+00
 0.000000000000000000e+00
 0.000000000000000000e+00
 0.000000000000000000e+00
 0.000000000000000000e+00
 0.000000000000000000e+00
 0.000000000000000000e+00
 0.000000000000000000e+00
 0.000000000000000000e+00
 0.000000000000000000e+00
 0.000000000000000000e+00
 0.000000000000000000e+00
 0.000000000000000000e+00
 0.000000000000000000e+00
 0.000000000000000000e+00
 0.000000000000000000e+00
 0.000000000000000000e+00
 0.000000000000000000e+00
 0.000000000000000000e+00
 0.000000000000000000e+00
 0.000000000000000000e+00
 0.000000000000000000e+00
 0.000000000000000000e+00
 0.000000000000000000e+00
 0.000000000000000000e+00
 0.000000000000000000e+00
 0.000000000000000000e+00
 0.000000000000000000e+00
 0.000000000000000000e+00
 0.000000000000000000e+00
 0.000000000000000000e+00
 0.000000000000000000e+00
 0.000000000000000000e+00
 0.000000000000000000e+00
 0.000000000000000000e+00
 0.000000000000000000e+00
 0.000000000000000000e+00
 0.000000000000000000e+00
 0.000000000000000000e+00
 0.000000000000000000e+00
 0.000000000000000000e+00
 0.000000000000000000e+00
 0.000000000000000000e+00
 0.000000000000000000e+00
 0.000000000000000000e+00
 0.000000000000000000e+00
 0.000000000000000000e+00
 0.000000000000000000e+00
 0.000000000000000000e+00
 0.000000000000000000e+00
 0.000000000000000000e+00
 0.000000000000000000e+00
 0.000000000000000000e+00
 0.000000000000000000e+00
 0.000000000000000000e+00
 0.000000000000000000e+00
 0.000000000000000000e+00
 0.000000000000000000e+00
 0.000000000000000000e+00
 0.000000000000000000e+00
 0.000000000000000000e+00
 0.000000000000000000e+00
 0.000000000000000000e+00
 0.000000000000000000e+00
 0.000000000000000000e+00
 0.000000000000000000e+00
 0.000000000000000000e+00
 0.000000000000000000e+00
 0.000000000000000000e+00
 0.000000000000000000e+00
 0.000000000000000000e+00
 0.000000000000000000e+00
 0.000000000000000000e+00
 0.000000000000000000e+00
 0.000000000000000000e+00
 0.000000000000000000e+00
 0.000000000000000000e+00
 0.000000000000000000e+00
 0.000000000000000000e+00
 0.000000000000000000e+00
 0.000000000000000000e+00
 0.000000000000000000e+00
 0.000000000000000000e+00
 0.000000000000000000e+00
 0.000000000000000000e+00
 0.000000000000000000e+00
 0.000000000000000000e+00
 0.000000000000000000e+00
 0.000000000000000000e+00
 0.000000000000000000e+00
 0.000000000000000000e+00
 0.000000000000000000e+00
 0.000000000000000000e+00
 0.000000000000000000e+00
 0.000000000000000000e+00
 0.000000000000000000e+00
 0.000000000000000000e+00
 0.000000000000000000e+00
 0.000000000000000000e+00
 0.000000000000000000e+00
 0.000000000000000000e+00
 0.000000000000000000e+00
 0.000000000000000000e+00
 0.000000000000000000e+00
 0.000000000000000000e+00
 0.000000000000000000e+00
 0.000000000000000000e+00
 0.000000000000000000e+00
 0.000000000000000000e+00
 0.000000000000000000e+00
 0.000000000000000000e+00
 0.000000000000000000e+00
 0.000000000000000000e+00
 0.000000000000000000e+00
 0.000000000000000000e+00
 0.000000000000000000e+00
 0.000000000000000000e+00
 0.000000000000000000e+00
 0.000000000000000000e+00
 0.000000000000000000e+00
 0.000000000000000000e+00
 0.000000000000000000e+00
 0.000000000000000000e+00
 0.000000000000000000e+00
 0.000000000000000000e+00
 0.000000000000000000e+00
 0.000000000000000000e+00
 0.000000000000000000e+00
 0.000000000000000000e+00
 0.000000000000000000e+00
 0.000000000000000000e+00
 0.000000000000000000e+00
 0.000000000000000000e+00
 0.000000000000000000e+00
 0.000000000000000000e+00
 0.000000000000000000e+00
 0.000000000000000000e+00
 0.000000000000000000e+00
 0.000000000000000000e+00
 0.000000000000000000e+00
 0.000000000000000000e+00
 0.000000000000000000e+00
 0.000000000000000000e+00
 0.000000000000000000e+00
 0.000000000000000000e+00
 0.000000000000000000e+00
 0.000000000000000000e+00
 0.000000000000000000e+00
 0.000000000000000000e+00
 0.000000000000000000e+00
 0.000000000000000000e+00
 0.000000000000000000e+00
 0.000000000000000000e+00
 0.000000000000000000e+00
 0.000000000000000000e+00
 0.000000000000000000e+00
 0.000000000000000000e+00
 0.000000000000000000e+00
 0.000000000000000000e+00
 0.000000000000000000e+00
 0.000000000000000000e+00
 0.000000000000000000e+00
 0.000000000000000000e+00
 0.000000000000000000e+00
 0.000000000000000000e+00
 0.000000000000000000e+00
 0.000000000000000000e+00
 0.000000000000000000e+00
 0.000000000000000000e+00
 0.000000000000000000e+00
 0.000000000000000000e+00
 0.000000000000000000e+00
 0.000000000000000000e+00
 0.000000000000000000e+00
 0.000000000000000000e+00
 0.000000000000000000e+00
 0.000000000000000000e+00
 0.000000000000000000e+00
 0.000000000000000000e+00
 0.000000000000000000e+00
 0.000000000000000000e+00
 0.000000000000000000e+00
 0.000000000000000000e+00
 0.000000000000000000e+00
 0.000000000000000000e+00
 0.000000000000000000e+00
 0.000000000000000000e+00
 0.000000000000000000e+00
 0.000000000000000000e+00
 0.000000000000000000e+00
 0.000000000000000000e+00
 0.000000000000000000e+00
 0.000000000000000000e+00
 0.000000000000000000e+00
 0.000000000000000000e+00
 0.000000000000000000e+00
 0.000000000000000000e+00
 0.000000000000000000e+00
 0.000000000000000000e+00
 0.000000000000000000e+00
 0.000000000000000000e+00
 0.000000000000000000e+00
 0.000000000000000000e+00
 0.000000000000000000e+00
 0.000000000000000000e+00
 0.000000000000000000e+00
 0.000000000000000000e+00
 0.000000000000000000e+00
 0.000000000000000000e+00
 0.000000000000000000e+00
 0.000000000000000000e+00
 0.000000000000000000e+00
 0.000000000000000000e+00
 0.000000000000000000e+00
 0.000000000000000000e+00
 0.000000000000000000e+00
 0.000000000000000000e+00
 0.000000000000000000e+00
 0.000000000000000000e+00
 0.000000000000000000e+00
 0.000000000000000000e+00
 0.000000000000000000e+00
 0.000000000000000000e+00
 0.000000000000000000e+00
 0.000000000000000000e+00
 0.000000000000000000e+00
 0.000000000000000000e+00
 0.000000000000000000e+00
 0.000000000000000000e+00
 0.000000000000000000e+00
 0.000000000000000000e+00
 0.000000000000000000e+00
 0.000000000000000000e+00
 0.000000000000000000e+00
 0.000000000000000000e+00
 0.000000000000000000e+00
 0.000000000000000000e+00
 0.000000000000000000e+00
 0.000000000000000000e+00
 0.000000000000000000e+00
 0.000000000000000000e+00
 0.000000000000000000e+00
 0.000000000000000000e+00
 0.000000000000000000e+00
 0.000000000000000000e+00
 0.000000000000000000e+00
 0.000000000000000000e+00
 0.000000000000000000e+00
 0.000000000000000000e+00
 0.000000000000000000e+00
 0.000000000000000000e+00
 0.000000000000000000e+00
 0.000000000000000000e+00
 0.000000000000000000e+00
 0.000000000000000000e+00
 0.000000000000000000e+00
 0.000000000000000000e+00
 0.000000000000000000e+00
 0.000000000000000000e+00
 0.000000000000000000e+00
 0.000000000000000000e+00
 0.000000000000000000e+00
 0.000000000000000000e+00
 0.000000000000000000e+00
 0.000000000000000000e+00
 0.000000000000000000e+00
 0.000000000000000000e+00
 0.000000000000000000e+00
 0.000000000000000000e+00
 0.000000000000000000e+00
 0.000000000000000000e+00
 0.000000000000000000e+00
 0.000000000000000000e+00
 0.000000000000000000e+00
 0.000000000000000000e+00
 0.000000000000000000e+00
 0.000000000000000000e+00
 0.000000000000000000e+00
 0.000000000000000000e+00
 0.000000000000000000e+00
 0.000000000000000000e+00
 0.000000000000000000e+00
 0.000000000000000000e+00
 0.000000000000000000e+00
 0.000000000000000000e+00
 0.000000000000000000e+00
 0.000000000000000000e+00
 0.000000000000000000e+00
 0.000000000000000000e+00
 0.000000000000000000e+00
 0.000000000000000000e+00
 0.000000000000000000e+00
 0.000000000000000000e+00
 0.000000000000000000e+00
 0.000000000000000000e+00
 0.000000000000000000e+00
 0.000000000000000000e+00
 0.000000000000000000e+00
 0.000000000000000000e+00
 0.000000000000000000e+00
 0.000000000000000000e+00
 0.000000000000000000e+00
 0.000000000000000000e+00
 0.000000000000000000e+00
 0.000000000000000000e+00
 0.000000000000000000e+00
 0.000000000000000000e+00
 0.000000000000000000e+00
 0.000000000000000000e+00
 0.000000000000000000e+00
 0.000000000000000000e+00
 0.000000000000000000e+00
 0.000000000000000000e+00
 0.000000000000000000e+00
 0.000000000000000000e+00
 0.000000000000000000e+00
 0.000000000000000000e+00
 0.000000000000000000e+00
 0.000000000000000000e+00
 0.000000000000000000e+00
 0.000000000000000000e+00
 0.000000000000000000e+00
 0.000000000000000000e+00
 0.000000000000000000e+00
 0.000000000000000000e+00
 0.000000000000000000e+00
 0.000000000000000000e+00
 0.000000000000000000e+00
 0.000000000000000000e+00
 0.000000000000000000e+00
 0.000000000000000000e+00
 0.000000000000000000e+00
 0.000000000000000000e+00
 0.000000000000000000e+00
 0.000000000000000000e+00
 0.000000000000000000e+00
 0.000000000000000000e+00
 0.000000000000000000e+00
 0.000000000000000000e+00
 0.000000000000000000e+00
 0.000000000000000000e+00
 0.000000000000000000e+00
 0.000000000000000000e+00
 0.000000000000000000e+00
 0.000000000000000000e+00
 0.000000000000000000e+00
 0.000000000000000000e+00
 0.000000000000000000e+00
 0.000000000000000000e+00
 0.000000000000000000e+00
 0.000000000000000000e+00
 0.000000000000000000e+00
 0.000000000000000000e+00
 0.000000000000000000e+00
 0.000000000000000000e+00
 0.000000000000000000e+00
 0.000000000000000000e+00
 0.000000000000000000e+00
 0.000000000000000000e+00
 0.000000000000000000e+00
 0.000000000000000000e+00
 0.000000000000000000e+00
 0.000000000000000000e+00
 0.000000000000000000e+00
 0.000000000000000000e+00
 0.000000000000000000e+00
 0.000000000000000000e+00
 0.000000000000000000e+00
 0.000000000000000000e+00
 0.000000000000000000e+00
 0.000000000000000000e+00
 0.000000000000000000e+00
 0.000000000000000000e+00
 0.000000000000000000e+00
 0.000000000000000000e+00
 0.000000000000000000e+00
 0.000000000000000000e+00
 0.000000000000000000e+00
 0.000000000000000000e+00
 0.000000000000000000e+00
 0.000000000000000000e+00
 0.000000000000000000e+00
 0.000000000000000000e+00
 0.000000000000000000e+00
 0.000000000000000000e+00
 0.000000000000000000e+00
 0.000000000000000000e+00
 0.000000000000000000e+00
 0.000000000000000000e+00
 0.000000000000000000e+00
 0.000000000000000000e+00
 0.000000000000000000e+00
 0.000000000000000000e+00
 0.000000000000000000e+00
 0.000000000000000000e+00
 0.000000000000000000e+00
 0.000000000000000000e+00
 0.000000000000000000e+00
 0.000000000000000000e+00
 0.000000000000000000e+00
 0.000000000000000000e+00
 0.000000000000000000e+00
 0.000000000000000000e+00
 0.000000000000000000e+00
 0.000000000000000000e+00
 0.000000000000000000e+00
 0.000000000000000000e+00
 0.000000000000000000e+00
 0.000000000000000000e+00
 0.000000000000000000e+00
 0.000000000000000000e+00
 0.000000000000000000e+00
 0.000000000000000000e+00
 0.000000000000000000e+00
 0.000000000000000000e+00
 0.000000000000000000e+00
 0.000000000000000000e+00
 0.000000000000000000e+00
 0.000000000000000000e+00
 0.000000000000000000e+00
 0.000000000000000000e+00
 0.000000000000000000e+00
 0.000000000000000000e+00
 0.000000000000000000e+00
 0.000000000000000000e+00
 0.000000000000000000e+00
 0.000000000000000000e+00
 0.000000000000000000e+00
 0.000000000000000000e+00
 0.000000000000000000e+00
 0.000000000000000000e+00
 0.000000000000000000e+00
 0.000000000000000000e+00
 0.000000000000000000e+00
 0.000000000000000000e+00
 0.000000000000000000e+00
 0.000000000000000000e+00
 0.000000000000000000e+00
 0.000000000000000000e+00
 0.000000000000000000e+00
 0.000000000000000000e+00
 0.000000000000000000e+00
 0.000000000000000000e+00
 0.000000000000000000e+00
 0.000000000000000000e+00
 0.000000000000000000e+00
 0.000000000000000000e+00
 0.000000000000000000e+00
 0.000000000000000000e+00
 0.000000000000000000e+00
 0.000000000000000000e+00
 0.000000000000000000e+00
 0.000000000000000000e+00
 0.000000000000000000e+00
 0.000000000000000000e+00
 0.000000000000000000e+00
 0.000000000000000000e+00
 0.000000000000000000e+00
 0.000000000000000000e+00
 0.000000000000000000e+00
 0.000000000000000000e+00
 0.000000000000000000e+00
 0.000000000000000000e+00
 0.000000000000000000e+00
 0.000000000000000000e+00
 0.000000000000000000e+00
 0.000000000000000000e+00
 0.000000000000000000e+00
 0.000000000000000000e+00
 0.000000000000000000e+00
 0.000000000000000000e+00
 0.000000000000000000e+00
 0.000000000000000000e+00
 0.000000000000000000e+00
 </DataArray>
 <DataArray Name="massf[5]-NO" type="Float32" NumberOfComponents="1" format="ascii">
 0.000000000000000000e+00
 0.000000000000000000e+00
 0.000000000000000000e+00
 0.000000000000000000e+00
 0.000000000000000000e+00
 0.000000000000000000e+00
 0.000000000000000000e+00
 0.000000000000000000e+00
 0.000000000000000000e+00
 0.000000000000000000e+00
 0.000000000000000000e+00
 0.000000000000000000e+00
 0.000000000000000000e+00
 0.000000000000000000e+00
 0.000000000000000000e+00
 0.000000000000000000e+00
 0.000000000000000000e+00
 0.000000000000000000e+00
 0.000000000000000000e+00
 0.000000000000000000e+00
 0.000000000000000000e+00
 0.000000000000000000e+00
 0.000000000000000000e+00
 0.000000000000000000e+00
 0.000000000000000000e+00
 0.000000000000000000e+00
 0.000000000000000000e+00
 0.000000000000000000e+00
 0.000000000000000000e+00
 0.000000000000000000e+00
 0.000000000000000000e+00
 0.000000000000000000e+00
 0.000000000000000000e+00
 0.000000000000000000e+00
 0.000000000000000000e+00
 0.000000000000000000e+00
 0.000000000000000000e+00
 0.000000000000000000e+00
 0.000000000000000000e+00
 0.000000000000000000e+00
 0.000000000000000000e+00
 0.000000000000000000e+00
 0.000000000000000000e+00
 0.000000000000000000e+00
 0.000000000000000000e+00
 0.000000000000000000e+00
 0.000000000000000000e+00
 0.000000000000000000e+00
 0.000000000000000000e+00
 0.000000000000000000e+00
 0.000000000000000000e+00
 0.000000000000000000e+00
 0.000000000000000000e+00
 0.000000000000000000e+00
 0.000000000000000000e+00
 0.000000000000000000e+00
 0.000000000000000000e+00
 0.000000000000000000e+00
 0.000000000000000000e+00
 0.000000000000000000e+00
 0.000000000000000000e+00
 0.000000000000000000e+00
 0.000000000000000000e+00
 0.000000000000000000e+00
 0.000000000000000000e+00
 0.000000000000000000e+00
 0.000000000000000000e+00
 0.000000000000000000e+00
 0.000000000000000000e+00
 0.000000000000000000e+00
 0.000000000000000000e+00
 0.000000000000000000e+00
 0.000000000000000000e+00
 0.000000000000000000e+00
 0.000000000000000000e+00
 0.000000000000000000e+00
 0.000000000000000000e+00
 0.000000000000000000e+00
 0.000000000000000000e+00
 0.000000000000000000e+00
 0.000000000000000000e+00
 0.000000000000000000e+00
 0.000000000000000000e+00
 0.000000000000000000e+00
 0.000000000000000000e+00
 0.000000000000000000e+00
 0.000000000000000000e+00
 0.000000000000000000e+00
 0.000000000000000000e+00
 0.000000000000000000e+00
 0.000000000000000000e+00
 0.000000000000000000e+00
 0.000000000000000000e+00
 0.000000000000000000e+00
 0.000000000000000000e+00
 0.000000000000000000e+00
 0.000000000000000000e+00
 0.000000000000000000e+00
 0.000000000000000000e+00
 0.000000000000000000e+00
 0.000000000000000000e+00
 0.000000000000000000e+00
 0.000000000000000000e+00
 0.000000000000000000e+00
 0.000000000000000000e+00
 0.000000000000000000e+00
 0.000000000000000000e+00
 0.000000000000000000e+00
 0.000000000000000000e+00
 0.000000000000000000e+00
 0.000000000000000000e+00
 0.000000000000000000e+00
 0.000000000000000000e+00
 0.000000000000000000e+00
 0.000000000000000000e+00
 0.000000000000000000e+00
 0.000000000000000000e+00
 0.000000000000000000e+00
 0.000000000000000000e+00
 0.000000000000000000e+00
 0.000000000000000000e+00
 0.000000000000000000e+00
 0.000000000000000000e+00
 0.000000000000000000e+00
 0.000000000000000000e+00
 0.000000000000000000e+00
 0.000000000000000000e+00
 0.000000000000000000e+00
 0.000000000000000000e+00
 0.000000000000000000e+00
 0.000000000000000000e+00
 0.000000000000000000e+00
 0.000000000000000000e+00
 0.000000000000000000e+00
 0.000000000000000000e+00
 0.000000000000000000e+00
 0.000000000000000000e+00
 0.000000000000000000e+00
 0.000000000000000000e+00
 0.000000000000000000e+00
 0.000000000000000000e+00
 0.000000000000000000e+00
 0.000000000000000000e+00
 0.000000000000000000e+00
 0.000000000000000000e+00
 0.000000000000000000e+00
 0.000000000000000000e+00
 0.000000000000000000e+00
 0.000000000000000000e+00
 0.000000000000000000e+00
 0.000000000000000000e+00
 0.000000000000000000e+00
 0.000000000000000000e+00
 0.000000000000000000e+00
 0.000000000000000000e+00
 0.000000000000000000e+00
 0.000000000000000000e+00
 0.000000000000000000e+00
 0.000000000000000000e+00
 0.000000000000000000e+00
 0.000000000000000000e+00
 0.000000000000000000e+00
 0.000000000000000000e+00
 0.000000000000000000e+00
 0.000000000000000000e+00
 0.000000000000000000e+00
 0.000000000000000000e+00
 0.000000000000000000e+00
 0.000000000000000000e+00
 0.000000000000000000e+00
 0.000000000000000000e+00
 0.000000000000000000e+00
 0.000000000000000000e+00
 0.000000000000000000e+00
 0.000000000000000000e+00
 0.000000000000000000e+00
 0.000000000000000000e+00
 0.000000000000000000e+00
 0.000000000000000000e+00
 0.000000000000000000e+00
 0.000000000000000000e+00
 0.000000000000000000e+00
 0.000000000000000000e+00
 0.000000000000000000e+00
 0.000000000000000000e+00
 0.000000000000000000e+00
 0.000000000000000000e+00
 0.000000000000000000e+00
 0.000000000000000000e+00
 0.000000000000000000e+00
 0.000000000000000000e+00
 0.000000000000000000e+00
 0.000000000000000000e+00
 0.000000000000000000e+00
 0.000000000000000000e+00
 0.000000000000000000e+00
 0.000000000000000000e+00
 0.000000000000000000e+00
 0.000000000000000000e+00
 0.000000000000000000e+00
 0.000000000000000000e+00
 0.000000000000000000e+00
 0.000000000000000000e+00
 0.000000000000000000e+00
 0.000000000000000000e+00
 0.000000000000000000e+00
 0.000000000000000000e+00
 0.000000000000000000e+00
 0.000000000000000000e+00
 0.000000000000000000e+00
 0.000000000000000000e+00
 0.000000000000000000e+00
 0.000000000000000000e+00
 0.000000000000000000e+00
 0.000000000000000000e+00
 0.000000000000000000e+00
 0.000000000000000000e+00
 0.000000000000000000e+00
 0.000000000000000000e+00
 0.000000000000000000e+00
 0.000000000000000000e+00
 0.000000000000000000e+00
 0.000000000000000000e+00
 0.000000000000000000e+00
 0.000000000000000000e+00
 0.000000000000000000e+00
 0.000000000000000000e+00
 0.000000000000000000e+00
 0.000000000000000000e+00
 0.000000000000000000e+00
 0.000000000000000000e+00
 0.000000000000000000e+00
 0.000000000000000000e+00
 0.000000000000000000e+00
 0.000000000000000000e+00
 0.000000000000000000e+00
 0.000000000000000000e+00
 0.000000000000000000e+00
 0.000000000000000000e+00
 0.000000000000000000e+00
 0.000000000000000000e+00
 0.000000000000000000e+00
 0.000000000000000000e+00
 0.000000000000000000e+00
 0.000000000000000000e+00
 0.000000000000000000e+00
 0.000000000000000000e+00
 0.000000000000000000e+00
 0.000000000000000000e+00
 0.000000000000000000e+00
 0.000000000000000000e+00
 0.000000000000000000e+00
 0.000000000000000000e+00
 0.000000000000000000e+00
 0.000000000000000000e+00
 0.000000000000000000e+00
 0.000000000000000000e+00
 0.000000000000000000e+00
 0.000000000000000000e+00
 0.000000000000000000e+00
 0.000000000000000000e+00
 0.000000000000000000e+00
 0.000000000000000000e+00
 0.000000000000000000e+00
 0.000000000000000000e+00
 0.000000000000000000e+00
 0.000000000000000000e+00
 0.000000000000000000e+00
 0.000000000000000000e+00
 0.000000000000000000e+00
 0.000000000000000000e+00
 0.000000000000000000e+00
 0.000000000000000000e+00
 0.000000000000000000e+00
 0.000000000000000000e+00
 0.000000000000000000e+00
 0.000000000000000000e+00
 0.000000000000000000e+00
 0.000000000000000000e+00
 0.000000000000000000e+00
 0.000000000000000000e+00
 0.000000000000000000e+00
 0.000000000000000000e+00
 0.000000000000000000e+00
 0.000000000000000000e+00
 0.000000000000000000e+00
 0.000000000000000000e+00
 0.000000000000000000e+00
 0.000000000000000000e+00
 0.000000000000000000e+00
 0.000000000000000000e+00
 0.000000000000000000e+00
 0.000000000000000000e+00
 0.000000000000000000e+00
 0.000000000000000000e+00
 0.000000000000000000e+00
 0.000000000000000000e+00
 0.000000000000000000e+00
 0.000000000000000000e+00
 0.000000000000000000e+00
 0.000000000000000000e+00
 0.000000000000000000e+00
 0.000000000000000000e+00
 0.000000000000000000e+00
 0.000000000000000000e+00
 0.000000000000000000e+00
 0.000000000000000000e+00
 0.000000000000000000e+00
 0.000000000000000000e+00
 0.000000000000000000e+00
 0.000000000000000000e+00
 0.000000000000000000e+00
 0.000000000000000000e+00
 0.000000000000000000e+00
 0.000000000000000000e+00
 0.000000000000000000e+00
 0.000000000000000000e+00
 0.000000000000000000e+00
 0.000000000000000000e+00
 0.000000000000000000e+00
 0.000000000000000000e+00
 0.000000000000000000e+00
 0.000000000000000000e+00
 0.000000000000000000e+00
 0.000000000000000000e+00
 0.000000000000000000e+00
 0.000000000000000000e+00
 0.000000000000000000e+00
 0.000000000000000000e+00
 0.000000000000000000e+00
 0.000000000000000000e+00
 0.000000000000000000e+00
 0.000000000000000000e+00
 0.000000000000000000e+00
 0.000000000000000000e+00
 0.000000000000000000e+00
 0.000000000000000000e+00
 0.000000000000000000e+00
 0.000000000000000000e+00
 0.000000000000000000e+00
 0.000000000000000000e+00
 0.000000000000000000e+00
 0.000000000000000000e+00
 0.000000000000000000e+00
 0.000000000000000000e+00
 0.000000000000000000e+00
 0.000000000000000000e+00
 0.000000000000000000e+00
 0.000000000000000000e+00
 0.000000000000000000e+00
 0.000000000000000000e+00
 0.000000000000000000e+00
 0.000000000000000000e+00
 0.000000000000000000e+00
 0.000000000000000000e+00
 0.000000000000000000e+00
 0.000000000000000000e+00
 0.000000000000000000e+00
 0.000000000000000000e+00
 0.000000000000000000e+00
 0.000000000000000000e+00
 0.000000000000000000e+00
 0.000000000000000000e+00
 0.000000000000000000e+00
 0.000000000000000000e+00
 0.000000000000000000e+00
 0.000000000000000000e+00
 0.000000000000000000e+00
 0.000000000000000000e+00
 0.000000000000000000e+00
 0.000000000000000000e+00
 0.000000000000000000e+00
 0.000000000000000000e+00
 0.000000000000000000e+00
 0.000000000000000000e+00
 0.000000000000000000e+00
 0.000000000000000000e+00
 0.000000000000000000e+00
 0.000000000000000000e+00
 0.000000000000000000e+00
 0.000000000000000000e+00
 0.000000000000000000e+00
 0.000000000000000000e+00
 0.000000000000000000e+00
 0.000000000000000000e+00
 0.000000000000000000e+00
 0.000000000000000000e+00
 0.000000000000000000e+00
 0.000000000000000000e+00
 0.000000000000000000e+00
 0.000000000000000000e+00
 0.000000000000000000e+00
 0.000000000000000000e+00
 0.000000000000000000e+00
 0.000000000000000000e+00
 0.000000000000000000e+00
 0.000000000000000000e+00
 0.000000000000000000e+00
 0.000000000000000000e+00
 0.000000000000000000e+00
 0.000000000000000000e+00
 0.000000000000000000e+00
 0.000000000000000000e+00
 0.000000000000000000e+00
 0.000000000000000000e+00
 0.000000000000000000e+00
 0.000000000000000000e+00
 0.000000000000000000e+00
 0.000000000000000000e+00
 0.000000000000000000e+00
 0.000000000000000000e+00
 0.000000000000000000e+00
 0.000000000000000000e+00
 0.000000000000000000e+00
 0.000000000000000000e+00
 0.000000000000000000e+00
 0.000000000000000000e+00
 0.000000000000000000e+00
 0.000000000000000000e+00
 0.000000000000000000e+00
 0.000000000000000000e+00
 0.000000000000000000e+00
 0.000000000000000000e+00
 0.000000000000000000e+00
 0.000000000000000000e+00
 0.000000000000000000e+00
 0.000000000000000000e+00
 0.000000000000000000e+00
 0.000000000000000000e+00
 0.000000000000000000e+00
 0.000000000000000000e+00
 0.000000000000000000e+00
 0.000000000000000000e+00
 0.000000000000000000e+00
 0.000000000000000000e+00
 0.000000000000000000e+00
 0.000000000000000000e+00
 0.000000000000000000e+00
 0.000000000000000000e+00
 0.000000000000000000e+00
 0.000000000000000000e+00
 0.000000000000000000e+00
 0.000000000000000000e+00
 0.000000000000000000e+00
 0.000000000000000000e+00
 0.000000000000000000e+00
 0.000000000000000000e+00
 0.000000000000000000e+00
 0.000000000000000000e+00
 0.000000000000000000e+00
 0.000000000000000000e+00
 0.000000000000000000e+00
 0.000000000000000000e+00
 0.000000000000000000e+00
 0.000000000000000000e+00
 0.000000000000000000e+00
 0.000000000000000000e+00
 0.000000000000000000e+00
 0.000000000000000000e+00
 0.000000000000000000e+00
 0.000000000000000000e+00
 0.000000000000000000e+00
 0.000000000000000000e+00
 0.000000000000000000e+00
 0.000000000000000000e+00
 0.000000000000000000e+00
 0.000000000000000000e+00
 0.000000000000000000e+00
 0.000000000000000000e+00
 0.000000000000000000e+00
 0.000000000000000000e+00
 0.000000000000000000e+00
 0.000000000000000000e+00
 0.000000000000000000e+00
 0.000000000000000000e+00
 0.000000000000000000e+00
 0.000000000000000000e+00
 0.000000000000000000e+00
 0.000000000000000000e+00
 0.000000000000000000e+00
 0.000000000000000000e+00
 0.000000000000000000e+00
 0.000000000000000000e+00
 0.000000000000000000e+00
 0.000000000000000000e+00
 0.000000000000000000e+00
 0.000000000000000000e+00
 0.000000000000000000e+00
 0.000000000000000000e+00
 0.000000000000000000e+00
 0.000000000000000000e+00
 0.000000000000000000e+00
 0.000000000000000000e+00
 0.000000000000000000e+00
 0.000000000000000000e+00
 0.000000000000000000e+00
 0.000000000000000000e+00
 0.000000000000000000e+00
 0.000000000000000000e+00
 0.000000000000000000e+00
 </DataArray>
 <DataArray Name="dt_chem" type="Float32" NumberOfComponents="1" format="ascii">
 6.996669502907594086e-06
 6.996669502907594086e-06
 6.996669502907594086e-06
 6.996669502907594086e-06
 6.996669502907594086e-06
 6.996669502907594086e-06
 6.996669502907594086e-06
 6.996669502907594086e-06
 6.996669502907594086e-06
 6.996669502907594086e-06
 6.996669502907594086e-06
 6.996669502907594086e-06
 6.996669502907594086e-06
 6.996669502907594086e-06
 6.996669502907594086e-06
 6.996669502907594086e-06
 6.996669502907594086e-06
 6.996669502907594086e-06
 6.996669502907594086e-06
 6.996669502907594086e-06
 6.996669502907594086e-06
 6.996669502907594086e-06
 6.996669502907594086e-06
 6.996669502907594086e-06
 6.996669502907594086e-06
 6.996669502907594086e-06
 6.996669502907594086e-06
 6.996669502907594086e-06
 6.996669502907594086e-06
 6.996669502907594086e-06
 6.996669502907594086e-06
 6.996669502907594086e-06
 6.996669502907594086e-06
 6.996669502907594086e-06
 6.996669502907594086e-06
 6.996669502907594086e-06
 6.996669502907594086e-06
 6.996669502907594086e-06
 6.996669502907594086e-06
 6.996669502907594086e-06
 6.996669502907594086e-06
 6.996669502907594086e-06
 6.996669502907594086e-06
 6.996669502907594086e-06
 6.996669502907594086e-06
 6.996669502907594086e-06
 6.996669502907594086e-06
 6.996669502907594086e-06
 6.996669502907594086e-06
 6.996669502907594086e-06
 6.996669502907594086e-06
 6.996669502907594086e-06
 6.996669502907594086e-06
 6.996669502907594086e-06
 6.996669502907594086e-06
 6.996669502907594086e-06
 6.996669502907594086e-06
 6.996669502907594086e-06
 6.996669502907594086e-06
 6.996669502907594086e-06
 6.996669502907594086e-06
 6.996669502907594086e-06
 6.996669502907594086e-06
 6.996669502907594086e-06
 6.996669502907594086e-06
 6.996669502907594086e-06
 6.996669502907594086e-06
 6.996669502907594086e-06
 6.996669502907594086e-06
 6.996669502907594086e-06
 6.996669502907594086e-06
 6.996669502907594086e-06
 6.996669502907594086e-06
 6.996669502907594086e-06
 6.996669502907594086e-06
 6.996669502907594086e-06
 6.996669502907594086e-06
 6.996669502907594086e-06
 6.996669502907594086e-06
 6.996669502907594086e-06
 6.996669502907594086e-06
 6.996669502907594086e-06
 6.996669502907594086e-06
 6.996669502907594086e-06
 6.996669502907594086e-06
 6.996669502907594086e-06
 6.996669502907594086e-06
 6.996669502907594086e-06
 6.996669502907594086e-06
 6.996669502907594086e-06
 6.996669502907594086e-06
 6.996669502907594086e-06
 6.996669502907594086e-06
 6.996669502907594086e-06
 6.996669502907594086e-06
 6.996669502907594086e-06
 6.996669502907594086e-06
 6.996669502907594086e-06
 6.996669502907594086e-06
 6.996669502907594086e-06
 6.996669502907594086e-06
 6.996669502907594086e-06
 6.996669502907594086e-06
 6.996669502907594086e-06
 6.996669502907594086e-06
 6.996669502907594086e-06
 6.996669502907594086e-06
 6.996669502907594086e-06
 6.996669502907594086e-06
 6.996669502907594086e-06
 6.996669502907594086e-06
 6.996669502907594086e-06
 6.996669502907594086e-06
 6.996669502907594086e-06
 6.996669502907594086e-06
 6.996669502907594086e-06
 6.996669502907594086e-06
 6.996669502907594086e-06
 6.996669502907594086e-06
 6.996669502907594086e-06
 6.996669502907594086e-06
 6.996669502907594086e-06
 6.996669502907594086e-06
 6.996669502907594086e-06
 6.996669502907594086e-06
 6.996669502907594086e-06
 6.996669502907594086e-06
 6.996669502907594086e-06
 6.996669502907594086e-06
 6.996669502907594086e-06
 6.996669502907594086e-06
 6.996669502907594086e-06
 6.996669502907594086e-06
 6.996669502907594086e-06
 6.996669502907594086e-06
 6.996669502907594086e-06
 6.996669502907594086e-06
 6.996669502907594086e-06
 6.996669502907594086e-06
 6.996669502907594086e-06
 6.996669502907594086e-06
 6.996669502907594086e-06
 6.996669502907594086e-06
 6.996669502907594086e-06
 6.996669502907594086e-06
 6.996669502907594086e-06
 6.996669502907594086e-06
 6.996669502907594086e-06
 6.996669502907594086e-06
 6.996669502907594086e-06
 6.996669502907594086e-06
 6.996669502907594086e-06
 6.996669502907594086e-06
 6.996669502907594086e-06
 6.996669502907594086e-06
 6.996669502907594086e-06
 6.996669502907594086e-06
 6.996669502907594086e-06
 6.996669502907594086e-06
 6.996669502907594086e-06
 6.996669502907594086e-06
 6.996669502907594086e-06
 6.996669502907594086e-06
 6.996669502907594086e-06
 6.996669502907594086e-06
 6.996669502907594086e-06
 6.996669502907594086e-06
 6.996669502907594086e-06
 6.996669502907594086e-06
 6.996669502907594086e-06
 6.996669502907594086e-06
 6.996669502907594086e-06
 6.996669502907594086e-06
 6.996669502907594086e-06
 6.996669502907594086e-06
 6.996669502907594086e-06
 6.996669502907594086e-06
 6.996669502907594086e-06
 6.996669502907594086e-06
 6.996669502907594086e-06
 6.996669502907594086e-06
 6.996669502907594086e-06
 6.996669502907594086e-06
 6.996669502907594086e-06
 6.996669502907594086e-06
 6.996669502907594086e-06
 6.996669502907594086e-06
 6.996669502907594086e-06
 6.996669502907594086e-06
 6.996669502907594086e-06
 6.996669502907594086e-06
 6.996669502907594086e-06
 6.996669502907594086e-06
 6.996669502907594086e-06
 6.996669502907594086e-06
 6.996669502907594086e-06
 6.996669502907594086e-06
 6.996669502907594086e-06
 6.996669502907594086e-06
 6.996669502907594086e-06
 6.996669502907594086e-06
 6.996669502907594086e-06
 6.996669502907594086e-06
 6.996669502907594086e-06
 6.996669502907594086e-06
 6.996669502907594086e-06
 6.996669502907594086e-06
 6.996669502907594086e-06
 6.996669502907594086e-06
 6.996669502907594086e-06
 6.996669502907594086e-06
 6.996669502907594086e-06
 6.996669502907594086e-06
 6.996669502907594086e-06
 6.996669502907594086e-06
 6.996669502907594086e-06
 6.996669502907594086e-06
 6.996669502907594086e-06
 6.996669502907594086e-06
 6.996669502907594086e-06
 6.996669502907594086e-06
 6.996669502907594086e-06
 6.996669502907594086e-06
 6.996669502907594086e-06
 6.996669502907594086e-06
 6.996669502907594086e-06
 6.996669502907594086e-06
 6.996669502907594086e-06
 6.996669502907594086e-06
 6.996669502907594086e-06
 6.996669502907594086e-06
 6.996669502907594086e-06
 6.996669502907594086e-06
 6.996669502907594086e-06
 6.996669502907594086e-06
 6.996669502907594086e-06
 6.996669502907594086e-06
 6.996669502907594086e-06
 6.996669502907594086e-06
 6.996669502907594086e-06
 6.996669502907594086e-06
 6.996669502907594086e-06
 6.996669502907594086e-06
 6.996669502907594086e-06
 6.996669502907594086e-06
 6.996669502907594086e-06
 6.996669502907594086e-06
 6.996669502907594086e-06
 6.996669502907594086e-06
 6.996669502907594086e-06
 6.996669502907594086e-06
 6.996669502907594086e-06
 6.996669502907594086e-06
 6.996669502907594086e-06
 6.996669502907594086e-06
 6.996669502907594086e-06
 6.996669502907594086e-06
 6.996669502907594086e-06
 6.996669502907594086e-06
 6.996669502907594086e-06
 6.996669502907594086e-06
 6.996669502907594086e-06
 6.996669502907594086e-06
 6.996669502907594086e-06
 6.996669502907594086e-06
 6.996669502907594086e-06
 6.996669502907594086e-06
 6.996669502907594086e-06
 6.996669502907594086e-06
 6.996669502907594086e-06
 6.996669502907594086e-06
 6.996669502907594086e-06
 6.996669502907594086e-06
 6.996669502907594086e-06
 6.996669502907594086e-06
 6.996669502907594086e-06
 6.996669502907594086e-06
 6.996669502907594086e-06
 6.996669502907594086e-06
 6.996669502907594086e-06
 6.996669502907594086e-06
 6.996669502907594086e-06
 6.996669502907594086e-06
 6.996669502907594086e-06
 6.996669502907594086e-06
 6.996669502907594086e-06
 6.996669502907594086e-06
 6.996669502907594086e-06
 6.996669502907594086e-06
 6.996669502907594086e-06
 6.996669502907594086e-06
 6.996669502907594086e-06
 6.996669502907594086e-06
 6.996669502907594086e-06
 6.996669502907594086e-06
 6.996669502907594086e-06
 6.996669502907594086e-06
 6.996669502907594086e-06
 6.996669502907594086e-06
 6.996669502907594086e-06
 6.996669502907594086e-06
 6.996669502907594086e-06
 6.996669502907594086e-06
 6.996669502907594086e-06
 6.996669502907594086e-06
 6.996669502907594086e-06
 6.996669502907594086e-06
 6.996669502907594086e-06
 6.996669502907594086e-06
 6.996669502907594086e-06
 6.996669502907594086e-06
 6.996669502907594086e-06
 6.996669502907594086e-06
 6.996669502907594086e-06
 6.996669502907594086e-06
 6.996669502907594086e-06
 6.996669502907594086e-06
 6.996669502907594086e-06
 6.996669502907594086e-06
 6.996669502907594086e-06
 6.996669502907594086e-06
 6.996669502907594086e-06
 6.996669502907594086e-06
 6.996669502907594086e-06
 6.996669502907594086e-06
 6.996669502907594086e-06
 6.996669502907594086e-06
 6.996669502907594086e-06
 6.996669502907594086e-06
 6.996669502907594086e-06
 6.996669502907594086e-06
 6.996669502907594086e-06
 6.996669502907594086e-06
 6.996669502907594086e-06
 6.996669502907594086e-06
 6.996669502907594086e-06
 6.996669502907594086e-06
 6.996669502907594086e-06
 6.996669502907594086e-06
 6.996669502907594086e-06
 6.996669502907594086e-06
 6.996669502907594086e-06
 6.996669502907594086e-06
 6.996669502907594086e-06
 6.996669502907594086e-06
 6.996669502907594086e-06
 6.996669502907594086e-06
 6.996669502907594086e-06
 6.996669502907594086e-06
 6.996669502907594086e-06
 6.996669502907594086e-06
 6.996669502907594086e-06
 6.996669502907594086e-06
 6.996669502907594086e-06
 6.996669502907594086e-06
 6.996669502907594086e-06
 6.996669502907594086e-06
 6.996669502907594086e-06
 6.996669502907594086e-06
 6.996669502907594086e-06
 6.996669502907594086e-06
 6.996669502907594086e-06
 6.996669502907594086e-06
 6.996669502907594086e-06
 6.996669502907594086e-06
 6.996669502907594086e-06
 6.996669502907594086e-06
 6.996669502907594086e-06
 6.996669502907594086e-06
 6.996669502907594086e-06
 6.996669502907594086e-06
 6.996669502907594086e-06
 6.996669502907594086e-06
 6.996669502907594086e-06
 6.996669502907594086e-06
 6.996669502907594086e-06
 6.996669502907594086e-06
 6.996669502907594086e-06
 6.996669502907594086e-06
 6.996669502907594086e-06
 6.996669502907594086e-06
 6.996669502907594086e-06
 6.996669502907594086e-06
 6.996669502907594086e-06
 6.996669502907594086e-06
 6.996669502907594086e-06
 6.996669502907594086e-06
 6.996669502907594086e-06
 6.996669502907594086e-06
 6.996669502907594086e-06
 6.996669502907594086e-06
 6.996669502907594086e-06
 6.996669502907594086e-06
 6.996669502907594086e-06
 6.996669502907594086e-06
 6.996669502907594086e-06
 6.996669502907594086e-06
 6.996669502907594086e-06
 6.996669502907594086e-06
 6.996669502907594086e-06
 6.996669502907594086e-06
 6.996669502907594086e-06
 6.996669502907594086e-06
 6.996669502907594086e-06
 6.996669502907594086e-06
 6.996669502907594086e-06
 6.996669502907594086e-06
 6.996669502907594086e-06
 6.996669502907594086e-06
 6.996669502907594086e-06
 6.996669502907594086e-06
 6.996669502907594086e-06
 6.996669502907594086e-06
 6.996669502907594086e-06
 6.996669502907594086e-06
 6.996669502907594086e-06
 6.996669502907594086e-06
 6.996669502907594086e-06
 6.996669502907594086e-06
 6.996669502907594086e-06
 6.996669502907594086e-06
 6.996669502907594086e-06
 6.996669502907594086e-06
 6.996669502907594086e-06
 6.996669502907594086e-06
 6.996669502907594086e-06
 6.996669502907594086e-06
 6.996669502907594086e-06
 6.996669502907594086e-06
 6.996669502907594086e-06
 6.996669502907594086e-06
 6.996669502907594086e-06
 6.996669502907594086e-06
 6.996669502907594086e-06
 6.996669502907594086e-06
 6.996669502907594086e-06
 6.996669502907594086e-06
 6.996669502907594086e-06
 6.996669502907594086e-06
 6.996669502907594086e-06
 6.996669502907594086e-06
 6.996669502907594086e-06
 6.996669502907594086e-06
 6.996669502907594086e-06
 6.996669502907594086e-06
 6.996669502907594086e-06
 6.996669502907594086e-06
 6.996669502907594086e-06
 6.996669502907594086e-06
 6.996669502907594086e-06
 6.996669502907594086e-06
 6.996669502907594086e-06
 6.996669502907594086e-06
 6.996669502907594086e-06
 6.996669502907594086e-06
 6.996669502907594086e-06
 6.996669502907594086e-06
 6.996669502907594086e-06
 6.996669502907594086e-06
 6.996669502907594086e-06
 6.996669502907594086e-06
 6.996669502907594086e-06
 6.996669502907594086e-06
 6.996669502907594086e-06
 6.996669502907594086e-06
 6.996669502907594086e-06
 6.996669502907594086e-06
 6.996669502907594086e-06
 6.996669502907594086e-06
 6.996669502907594086e-06
 6.996669502907594086e-06
 6.996669502907594086e-06
 6.996669502907594086e-06
 6.996669502907594086e-06
 6.996669502907594086e-06
 6.996669502907594086e-06
 6.996669502907594086e-06
 6.996669502907594086e-06
 6.996669502907594086e-06
 6.996669502907594086e-06
 6.996669502907594086e-06
 6.996669502907594086e-06
 6.996669502907594086e-06
 6.996669502907594086e-06
 6.996669502907594086e-06
 6.996669502907594086e-06
 6.996669502907594086e-06
 6.996669502907594086e-06
 6.996669502907594086e-06
 6.996669502907594086e-06
 6.996669502907594086e-06
 6.996669502907594086e-06
 6.996669502907594086e-06
 6.996669502907594086e-06
 6.996669502907594086e-06
 6.996669502907594086e-06
 6.996669502907594086e-06
 6.996669502907594086e-06
 6.996669502907594086e-06
 6.996669502907594086e-06
 </DataArray>
 <DataArray Name="u" type="Float32" NumberOfComponents="1" format="ascii">
 6.329853377586830175e+04
 6.139367419711599359e+04
 5.948991469321068143e+04
 5.758725510333705461e+04
 5.568569526419759495e+04
 5.378523500997177325e+04
 5.188587417218141491e+04
 4.998761257951654261e+04
 4.809045005764777306e+04
 4.619438642905000597e+04
 4.429942151284811553e+04
 4.240555512467544759e+04
 4.051278707655478502e+04
 3.862111717678117566e+04
 3.673054522981960326e+04
 3.484107103619899135e+04
 3.295269439239718486e+04
 3.106541509073122870e+04
 2.917923291923227953e+04
 2.729414766151708318e+04
 2.541015909664903302e+04
 2.352726699899556115e+04
 2.164547113807022106e+04
 1.976477127837506123e+04
 1.788516717922838870e+04
 1.600665859458642080e+04
 1.412924527285469230e+04
 1.225292695668851957e+04
 1.037770338278671261e+04
 8.503574281667359173e+03
 6.630539377438253723e+03
 4.758598387552425265e+03
 2.887751022551441565e+03
 1.017996985791251063e+03
 -8.506640268444316462e+02
 -2.718232327249716036e+03
 -4.584708235413185321e+03
 -6.450092079763300717e+03
 -8.314384197525097989e+03
 -1.017758493510261178e+04
 -1.203969464848458301e+04
 -1.390071370367042255e+04
 -1.576064247713016812e+04
 -1.761948135628644377e+04
 -1.947723074003064539e+04
 -2.133389103927044198e+04
 -2.318946267751220148e+04
 -2.504394609148672316e+04
 -2.689734173180605285e+04
 -2.874965006367536262e+04
 -3.060087156764930114e+04
 -3.245100674043374602e+04
 -3.430005609575205017e+04
 -3.614802016526984517e+04
 -3.799489949958166108e+04
 -3.984069466927403118e+04
 -4.168540626606519800e+04
 -4.352903490402782336e+04
 -4.537158122090389952e+04
 -4.721304587952257134e+04
 -4.905342956932715606e+04
 -5.089273300802265294e+04
 -5.273095694335794542e+04
 -5.456810215505398810e+04
 -5.640416945688857231e+04
 -5.823915969896258321e+04
 -6.007307377015962265e+04
 -6.190591260082728695e+04
 -6.373767716568952892e+04
 -6.556836848703841679e+04
 -6.739798763821332250e+04
 -6.922653574741189368e+04
 -7.105401400188356638e+04
 -7.288042365252727177e+04
 -7.470576601896330249e+04
 -7.653004249513475224e+04
 -7.835325455550337210e+04
 -8.017540376191958785e+04
 -8.199649177127028815e+04
 -8.381652034400217235e+04
 -8.563549135364766698e+04
 -8.745340679751941934e+04
 -8.927026880872820038e+04
 -9.108607966976240277e+04
 -9.290084182786545716e+04
 -9.471455791251745541e+04
 -9.652723075541271828e+04
 -9.833886341335659381e+04
 -1.001494591946513392e+05
 -1.019590216896563070e+05
 -1.037675548063718015e+05
 -1.055750628121023765e+05
 -1.073815503825860796e+05
 -1.091870226602811599e+05
 -1.109914853240820812e+05
 -1.127949446733817458e+05
 -1.145974077303343220e+05
 -1.163988823655897286e+05
 -1.181993774544809712e+05
 -1.199989030737275025e+05
 -1.217974707521843957e+05
 -1.235950937965608900e+05
 -1.253917877203169046e+05
 -1.271875708245222922e+05
 -1.289824649952272885e+05
 -1.307764968489875318e+05
 -1.325696993976061931e+05
 -1.343621146581274224e+05
 -1.361537977971992223e+05
 -1.379448245826500934e+05
 -1.397353053014029283e+05
 -1.415254159376827301e+05
 -1.433154744708884973e+05
 -1.451061509657906136e+05
 -1.468988723458519671e+05
 -1.486847785003174795e+05
 -1.504672136348529020e+05
 -1.522471982977840817e+05
 -1.540251491991638904e+05
 -1.558012840693300823e+05
 -1.575757371340862010e+05
 -1.593486000862978399e+05
 -1.611199398391003488e+05
 -1.628898074997316580e+05
 -1.646582434322261252e+05
 -1.664252803471221123e+05
 -1.681909453004820971e+05
 -1.699552610473594395e+05
 -1.717182469921071315e+05
 -1.734799198760265717e+05
 -1.752402942875830922e+05
 -1.769993830493129790e+05
 -1.787571975166387856e+05
 -1.805137478124614572e+05
 -1.822690430140026147e+05
 -1.840230913034778787e+05
 -1.857759000910198083e+05
 -1.875274761159819318e+05
 -1.892778255311805988e+05
 -1.910269539735742146e+05
 -1.927748666239775484e+05
 -1.945215682578961132e+05
 -1.962670632890680572e+05
 -1.980113558069836581e+05
 -1.997544496093814960e+05
 -2.014963482305618236e+05
 -2.032370549661465921e+05
 -2.049765728948464384e+05
 -2.067149048976586200e+05
 -2.084520536748789018e+05
 -2.101880217612248380e+05
 -2.119228115393206244e+05
 -2.136564252517626155e+05
 -2.153888650119525846e+05
 -2.171201328138504177e+05
 -2.188502305407733656e+05
 -2.205791599733497715e+05
 -2.223069227967538172e+05
 -2.240335206072620349e+05
 -2.257589549182429910e+05
 -2.274832271656190278e+05
 -2.292063387128721224e+05
 -2.309282908556213370e+05
 -2.326490848258553306e+05
 -2.343687217957945541e+05
 -2.360872028814812656e+05
 -2.378045291460851440e+05
 -2.395207016029661754e+05
 -2.412357212185147218e+05
 -2.429495889147877460e+05
 -2.446623055719633121e+05
 -2.463738720306315226e+05
 -2.480842890939302742e+05
 -2.497935575295374729e+05
 -2.515016780715474160e+05
 -2.532086514222170226e+05
 -2.549144782536193961e+05
 -2.566191592091871426e+05
 -2.583226949051687261e+05
 -2.600250859320053132e+05
 -2.617263328556257766e+05
 -2.634264362186716171e+05
 -2.651253965416518040e+05
 -2.668232143240418518e+05
 -2.685198900453181705e+05
 -2.702154241659488762e+05
 -2.719098171283162665e+05
 -2.736030693576118210e+05
 -2.752951812626775354e+05
 -2.769861532367985928e+05
 -2.786759856584750814e+05
 -2.803646788921348052e+05
 -2.820522332888271194e+05
 -2.837386491868788144e+05
 -2.854239269125154242e+05
 -2.871080667804531986e+05
 -2.887910690944689559e+05
 -2.904729341479301220e+05
 -2.921536622243135935e+05
 -2.938332535976851359e+05
 -2.955117085331635317e+05
 -2.971890272873567883e+05
 -2.988652101087810006e+05
 -3.005402572382508079e+05
 -3.022141689092537854e+05
 -3.038869453483006218e+05
 -3.055585867752585327e+05
 -3.072290934036653489e+05
 -3.088984654410225339e+05
 -3.105667030890720198e+05
 -3.122338065440536011e+05
 -3.138997759969470790e+05
 -3.155646116336964769e+05
 -3.172283136354180751e+05
 -3.188908821785933105e+05
 -3.205523174352447968e+05
 -3.222126195730981417e+05
 -3.238717887557267677e+05
 -3.255298251426909119e+05
 -3.271867288896503160e+05
 -3.288425001484747045e+05
 -3.304971390673310962e+05
 -3.321506457907711156e+05
 -3.338030204597928096e+05
 -3.354542632119026966e+05
 -3.371043741811580257e+05
 -3.387533534982044948e+05
 -3.404012012902986025e+05
 -3.420479176813319791e+05
 -3.436935027918338310e+05
 -3.453379567389731528e+05
 -3.469812796365506947e+05
 -3.486234715949888341e+05
 -3.502645327213103883e+05
 -3.519044631191183580e+05
 -3.535432628885633312e+05
 -3.551809321263198508e+05
 -3.568174709255446214e+05
 -3.584528793758479878e+05
 -3.600871575632584281e+05
 -3.617203055701772682e+05
 -3.633523234753570287e+05
 -3.649832113538553240e+05
 -3.666129692770118127e+05
 -3.682415973124166485e+05
 -3.698690955238875467e+05
 -3.714954639714502264e+05
 -3.731207027113221120e+05
 -3.747448117959056981e+05
 -3.763677912737851730e+05
 6.329853377586975694e+04
 6.139367419711721595e+04
 5.948991469321091427e+04
 5.758725510333699640e+04
 5.568569526419724571e+04
 5.378523500997142401e+04
 5.188587417217926122e+04
 4.998761257951514563e+04
 4.809045005764614325e+04
 4.619438642904924927e+04
 4.429942151284706779e+04
 4.240555512467556400e+04
 4.051278707655426115e+04
 3.862111717678071000e+04
 3.673054522981948685e+04
 3.484107103619835107e+04
 3.295269439239706844e+04
 3.106541509073076304e+04
 2.917923291923169745e+04
 2.729414766151603544e+04
 2.541015909664996434e+04
 2.352726699899649248e+04
 2.164547113806987181e+04
 1.976477127837564331e+04
 1.788516717922943644e+04
 1.600665859458805062e+04
 1.412924527285539079e+04
 1.225292695668991655e+04
 1.037770338278764393e+04
 8.503574281668756157e+03
 6.630539377437089570e+03
 4.758598387551144697e+03
 2.887751022550626658e+03
 1.017996985790203325e+03
 -8.506640268458286300e+02
 -2.718232327250298113e+03
 -4.584708235412253998e+03
 -6.450092079762136564e+03
 -8.314384197523817420e+03
 -1.017758493510121480e+04
 -1.203969464848376811e+04
 -1.390071370366914198e+04
 -1.576064247712958604e+04
 -1.761948135628609452e+04
 -1.947723074003052898e+04
 -2.133389103927020915e+04
 -2.318946267751185223e+04
 -2.504394609148486052e+04
 -2.689734173180488870e+04
 -2.874965006367396563e+04
 -3.060087156764953397e+04
 -3.245100674043328036e+04
 -3.430005609575181734e+04
 -3.614802016526984517e+04
 -3.799489949958154466e+04
 -3.984069466927414760e+04
 -4.168540626606589649e+04
 -4.352903490402793977e+04
 -4.537158122090366669e+04
 -4.721304587952105794e+04
 -4.905342956932669040e+04
 -5.089273300802148879e+04
 -5.273095694335724693e+04
 -5.456810215505363885e+04
 -5.640416945688822307e+04
 -5.823915969896211755e+04
 -6.007307377015904058e+04
 -6.190591260082588997e+04
 -6.373767716568999458e+04
 -6.556836848703818396e+04
 -6.739798763821367174e+04
 -6.922653574741177727e+04
 -7.105401400188414846e+04
 -7.288042365252773743e+04
 -7.470576601896341890e+04
 -7.653004249513603281e+04
 -7.835325455550302286e+04
 -8.017540376191807445e+04
 -8.199649177126970608e+04
 -8.381652034400112461e+04
 -8.563549135364894755e+04
 -8.745340679751883727e+04
 -8.927026880872785114e+04
 -9.108607966976240277e+04
 -9.290084182786452584e+04
 -9.471455791251768824e+04
 -9.652723075541341677e+04
 -9.833886341335717589e+04
 -1.001494591946514556e+05
 -1.019590216896563070e+05
 -1.037675548063735478e+05
 -1.055750628121030750e+05
 -1.073815503825865453e+05
 -1.091870226602809271e+05
 -1.109914853240823140e+05
 -1.127949446733827936e+05
 -1.145974077303353697e+05
 -1.163988823655905435e+05
 -1.181993774544822518e+05
 -1.199989030737270368e+05
 -1.217974707521861419e+05
 -1.235950937965598423e+05
 -1.253917877203123644e+05
 -1.271875708245219430e+05
 -1.289824649952268228e+05
 -1.307764968489859020e+05
 -1.325696993975951336e+05
 -1.343621146581289358e+05
 -1.361537977971992223e+05
 -1.379448245826511411e+05
 -1.397353053013958270e+05
 -1.415254159376835451e+05
 -1.433154744708877988e+05
 -1.451061509657899151e+05
 -1.468988723458492896e+05
 -1.486847785003129393e+05
 -1.504672136348594213e+05
 -1.522471982977874577e+05
 -1.540251491991648218e+05
 -1.558012840693190228e+05
 -1.575757371340919053e+05
 -1.593486000863071531e+05
 -1.611199398391020950e+05
 -1.628898074997300282e+05
 -1.646582434322235640e+05
 -1.664252803471282823e+05
 -1.681909453004798852e+05
 -1.699552610473580426e+05
 -1.717182469921031734e+05
 -1.734799198760356521e+05
 -1.752402942875819281e+05
 -1.769993830493114656e+05
 -1.787571975166376214e+05
 -1.805137478124620393e+05
 -1.822690430140043609e+05
 -1.840230913034764817e+05
 -1.857759000910207396e+05
 -1.875274761159832124e+05
 -1.892778255311828107e+05
 -1.910269539735771250e+05
 -1.927748666239768500e+05
 -1.945215682578982087e+05
 -1.962670632890692214e+05
 -1.980113558069850551e+05
 -1.997544496093791677e+05
 -2.014963482305646176e+05
 -2.032370549661461264e+05
 -2.049765728948464384e+05
 -2.067149048976543127e+05
 -2.084520536748823943e+05
 -2.101880217612250708e+05
 -2.119228115393194603e+05
 -2.136564252517626155e+05
 -2.153888650119521189e+05
 -2.171201328138519311e+05
 -2.188502305407717358e+05
 -2.205791599733511684e+05
 -2.223069227967553306e+05
 -2.240335206072626170e+05
 -2.257589549182453193e+05
 -2.274832271656211233e+05
 -2.292063387128751492e+05
 -2.309282908556236653e+05
 -2.326490848258567275e+05
 -2.343687217957928078e+05
 -2.360872028814837104e+05
 -2.378045291460861918e+05
 -2.395207016029674560e+05
 -2.412357212185147218e+05
 -2.429495889147883281e+05
 -2.446623055719637778e+05
 -2.463738720306316391e+05
 -2.480842890939299250e+05
 -2.497935575295384042e+05
 -2.515016780715485802e+05
 -2.532086514222176047e+05
 -2.549144782536200946e+05
 -2.566191592091878410e+05
 -2.583226949051677948e+05
 -2.600250859320046147e+05
 -2.617263328556260094e+05
 -2.634264362186720828e+05
 -2.651253965416520368e+05
 -2.668232143240411533e+05
 -2.685198900453182869e+05
 -2.702154241659493418e+05
 -2.719098171283171978e+05
 -2.736030693576133344e+05
 -2.752951812626767205e+05
 -2.769861532367996406e+05
 -2.786759856584762456e+05
 -2.803646788921352709e+05
 -2.820522332888280507e+05
 -2.837386491868790472e+05
 -2.854239269125143765e+05
 -2.871080667804520344e+05
 -2.887910690944674425e+05
 -2.904729341479295399e+05
 -2.921536622243125457e+05
 -2.938332535976849031e+05
 -2.955117085331623675e+05
 -2.971890272873571375e+05
 -2.988652101087820483e+05
 -3.005402572382524377e+05
 -3.022141689092549495e+05
 -3.038869453482999234e+05
 -3.055585867752580671e+05
 -3.072290934036647668e+05
 -3.088984654410212534e+05
 -3.105667030890715541e+05
 -3.122338065440534847e+05
 -3.138997759969473118e+05
 -3.155646116336971754e+05
 -3.172283136354187736e+05
 -3.188908821785940090e+05
 -3.205523174352451460e+05
 -3.222126195730975596e+05
 -3.238717887557259528e+05
 -3.255298251426895149e+05
 -3.271867288896492682e+05
 -3.288425001484724926e+05
 -3.304971390673286514e+05
 -3.321506457907699514e+05
 -3.338030204597945558e+05
 -3.354542632119036280e+05
 -3.371043741811593063e+05
 -3.387533534982044948e+05
 -3.404012012902988354e+05
 -3.420479176813333761e+05
 -3.436935027918333653e+05
 -3.453379567389747826e+05
 -3.469812796365499962e+05
 -3.486234715949875535e+05
 -3.502645327213096898e+05
 -3.519044631191174267e+05
 -3.535432628885621671e+05
 -3.551809321263168240e+05
 -3.568174709255413618e+05
 -3.584528793758467073e+05
 -3.600871575632570311e+05
 -3.617203055701769190e+05
 -3.633523234753556317e+05
 -3.649832113538550911e+05
 -3.666129692770119291e+05
 -3.682415973124173470e+05
 -3.698690955238881288e+05
 -3.714954639714515069e+05
 -3.731207027113229269e+05
 -3.747448117959048832e+05
 -3.763677912737847073e+05
 </DataArray>
 <DataArray Name="T" type="Float32" NumberOfComponents="1" format="ascii">
 5.172312603018383470e+02
 5.166199278433103927e+02
 5.160089484351952933e+02
 5.153983220258821802e+02
 5.147880485629634677e+02
 5.141781279932216648e+02
 5.135685602625868569e+02
 5.129593453160798617e+02
 5.123504830977524307e+02
 5.117419735506312577e+02
 5.111338166166672181e+02
 5.105260122366910878e+02
 5.099185603503748325e+02
 5.093114608961937506e+02
 5.087047138113944129e+02
 5.080983190319599316e+02
 5.074922764925733532e+02
 5.068865861265820740e+02
 5.062812478659583917e+02
 5.056762616412578950e+02
 5.050716273815748423e+02
 5.044673450144958906e+02
 5.038634144660504148e+02
 5.032598356606595758e+02
 5.026566085210804999e+02
 5.020537329683496068e+02
 5.014512089217219000e+02
 5.008490362986069044e+02
 5.002472150145026717e+02
 4.996457449829234747e+02
 4.990446261153263094e+02
 4.984438583210326215e+02
 4.978434415071455987e+02
 4.972433755784624623e+02
 4.966436604373819819e+02
 4.960442959838070465e+02
 4.954452821150429713e+02
 4.948466187256859712e+02
 4.942483057075095871e+02
 4.936503429493411090e+02
 4.930527303369319725e+02
 4.924554677528209936e+02
 4.918585550761864056e+02
 4.912619921826914720e+02
 4.906657789443187880e+02
 4.900699152291943506e+02
 4.894744009014012249e+02
 4.888792358207779216e+02
 4.882844198427078481e+02
 4.876899528178915943e+02
 4.870958345921033015e+02
 4.865020650059335026e+02
 4.859086438945113287e+02
 4.853155710872078998e+02
 4.847228464073189684e+02
 4.841304696717244838e+02
 4.835384406905225774e+02
 4.829467592666368887e+02
 4.823554251953951280e+02
 4.817644382640734193e+02
 4.811737982514063674e+02
 4.805835049270590389e+02
 4.799935580510539239e+02
 4.794039573731525934e+02
 4.788147026321871067e+02
 4.782257935553319044e+02
 4.776372298573145940e+02
 4.770490112395561368e+02
 4.764611373892354322e+02
 4.758736079782647153e+02
 4.752864226621742318e+02
 4.746995810788880590e+02
 4.741130828473783367e+02
 4.735269275661903521e+02
 4.729411148118142592e+02
 4.723556441368874630e+02
 4.717705150682067483e+02
 4.711857271045224138e+02
 4.706012797140846260e+02
 4.700171723319078296e+02
 4.694334043567134813e+02
 4.688499751474979576e+02
 4.682668840196753877e+02
 4.676841302407196395e+02
 4.671017130252296283e+02
 4.665196315293178486e+02
 4.659378848441999708e+02
 4.653564719888460672e+02
 4.647753919015128190e+02
 4.641946434299346151e+02
 4.636142253199051311e+02
 4.630341362019050848e+02
 4.624543745753355211e+02
 4.618749387898115515e+02
 4.612958270227878188e+02
 4.607170372525806670e+02
 4.601385672255489112e+02
 4.595604144157402970e+02
 4.589825759747668599e+02
 4.584050486686762156e+02
 4.578278287974769114e+02
 4.572509120906060502e+02
 4.566742935692810761e+02
 4.560979673600829187e+02
 4.555219264390543685e+02
 4.549461622640620249e+02
 4.543706642405259117e+02
 4.537954188837866241e+02
 4.532204084890418585e+02
 4.526456087398885870e+02
 4.520709842416044921e+02
 4.514964785150297644e+02
 4.509219895100551412e+02
 4.503473021807278087e+02
 4.497719585801005451e+02
 4.491988022108395739e+02
 4.486267598067082645e+02
 4.480555038399851355e+02
 4.474849005746282842e+02
 4.469148801337686336e+02
 4.463453994399054068e+02
 4.457764290657645461e+02
 4.452079475367068540e+02
 4.446399384507292325e+02
 4.440723888536774666e+02
 4.435052882476577452e+02
 4.429386279494842711e+02
 4.423724006563078319e+02
 4.418066001406295413e+02
 4.412412210296118360e+02
 4.406762586413336180e+02
 4.401117088606187053e+02
 4.395475680431363230e+02
 4.389838329401129045e+02
 4.384205006383672867e+02
 4.378575685119562309e+02
 4.372950341827227021e+02
 4.367328954877852993e+02
 4.361711504525018199e+02
 4.356097972677854955e+02
 4.350488342709419385e+02
 4.344882599293530916e+02
 4.339280728265045468e+02
 4.333682716499433809e+02
 4.328088551808498323e+02
 4.322498222849497438e+02
 4.316911719045693303e+02
 4.311329030516483840e+02
 4.305750148015795276e+02
 4.300175062877484606e+02
 4.294603766966807257e+02
 4.289036252637130247e+02
 4.283472512691222960e+02
 4.277912540346476931e+02
 4.272356329203618088e+02
 4.266803873218456715e+02
 4.261255166676368731e+02
 4.255710204169070607e+02
 4.250168980573584463e+02
 4.244631491033010207e+02
 4.239097730938995596e+02
 4.233567695915677973e+02
 4.228041381804987964e+02
 4.222518784653063904e+02
 4.216999900697863950e+02
 4.211484726357639374e+02
 4.205973258220325306e+02
 4.200465493033716484e+02
 4.194961427696344458e+02
 4.189461059249026675e+02
 4.183964384866976047e+02
 4.178471401852464737e+02
 4.172982107627955770e+02
 4.167496499729716675e+02
 4.162014575801795786e+02
 4.156536333590418621e+02
 4.151061770938680979e+02
 4.145590885781595603e+02
 4.140123676141413966e+02
 4.134660140123217502e+02
 4.129200275910752111e+02
 4.123744081762503697e+02
 4.118291556007983445e+02
 4.112842697044212628e+02
 4.107397503332390443e+02
 4.101955973394724424e+02
 4.096518105811460941e+02
 4.091083899218021429e+02
 4.085653352302295502e+02
 4.080226463802102899e+02
 4.074803232502709989e+02
 4.069383657234548082e+02
 4.063967736870982890e+02
 4.058555470326213026e+02
 4.053146856553271959e+02
 4.047741894542131718e+02
 4.042340583317870824e+02
 4.036942921938977520e+02
 4.031548909495679140e+02
 4.026158545108409044e+02
 4.020771827926313335e+02
 4.015388757125853090e+02
 4.010009331909455454e+02
 4.004633551504267643e+02
 3.999261415160951856e+02
 3.993892922152559777e+02
 3.988528071773463921e+02
 3.983166863338349799e+02
 3.977809296181279706e+02
 3.972455369654795732e+02
 3.967105083129097807e+02
 3.961758435991271199e+02
 3.956415427644557781e+02
 3.951076057507696646e+02
 3.945740325014300538e+02
 3.940408229612291962e+02
 3.935079770763383635e+02
 3.929754947942613512e+02
 3.924433760637901401e+02
 3.919116208349682324e+02
 3.913802290590558073e+02
 3.908492006885009573e+02
 3.903185356769124041e+02
 3.897882339790392621e+02
 3.892582955507509723e+02
 3.887287203490242860e+02
 3.881995083319305309e+02
 3.876706594586290748e+02
 3.871421736893587422e+02
 3.866140509854379275e+02
 3.860862913092631175e+02
 3.855588946243120745e+02
 3.850318608951462807e+02
 3.845051900874188391e+02
 3.839788821678800446e+02
 3.834529371043882406e+02
 3.829273548659173798e+02
 3.824021354225703817e+02
 3.818772787455882849e+02
 3.813527848073618429e+02
 3.808286535814455647e+02
 3.803048850425652745e+02
 3.797814791666324936e+02
 3.792584359307518866e+02
 3.787357553132316639e+02
 3.782134372935905162e+02
 3.776914818525641522e+02
 3.771698889721107548e+02
 3.766486586354124029e+02
 3.761277908268769465e+02
 5.172312603018388018e+02
 5.166199278433108475e+02
 5.160089484351954070e+02
 5.153983220258821802e+02
 5.147880485629633540e+02
 5.141781279932216648e+02
 5.135685602625860611e+02
 5.129593453160794070e+02
 5.123504830977519759e+02
 5.117419735506309166e+02
 5.111338166166669339e+02
 5.105260122366912015e+02
 5.099185603503746052e+02
 5.093114608961936938e+02
 5.087047138113944698e+02
 5.080983190319597043e+02
 5.074922764925732395e+02
 5.068865861265819035e+02
 5.062812478659582780e+02
 5.056762616412576108e+02
 5.050716273815751265e+02
 5.044673450144961748e+02
 5.038634144660503011e+02
 5.032598356606598031e+02
 5.026566085210809547e+02
 5.020537329683501184e+02
 5.014512089217220705e+02
 5.008490362986073592e+02
 5.002472150145030128e+02
 4.996457449829238726e+02
 4.990446261153259115e+02
 4.984438583210322236e+02
 4.978434415071454282e+02
 4.972433755784620075e+02
 4.966436604373814703e+02
 4.960442959838068759e+02
 4.954452821150432555e+02
 4.948466187256863691e+02
 4.942483057075099850e+02
 4.936503429493415069e+02
 4.930527303369322567e+02
 4.924554677528214484e+02
 4.918585550761866330e+02
 4.912619921826916425e+02
 4.906657789443187880e+02
 4.900699152291944642e+02
 4.894744009014013955e+02
 4.888792358207783764e+02
 4.882844198427082461e+02
 4.876899528178921059e+02
 4.870958345921033015e+02
 4.865020650059336162e+02
 4.859086438945114423e+02
 4.853155710872078430e+02
 4.847228464073189684e+02
 4.841304696717244269e+02
 4.835384406905223500e+02
 4.829467592666368887e+02
 4.823554251953952985e+02
 4.817644382640738741e+02
 4.811737982514065379e+02
 4.805835049270594368e+02
 4.799935580510541513e+02
 4.794039573731527071e+02
 4.788147026321871635e+02
 4.782257935553320181e+02
 4.776372298573148214e+02
 4.770490112395566484e+02
 4.764611373892351480e+02
 4.758736079782647721e+02
 4.752864226621741750e+02
 4.746995810788880590e+02
 4.741130828473781094e+02
 4.735269275661900679e+02
 4.729411148118140886e+02
 4.723556441368871219e+02
 4.717705150682068052e+02
 4.711857271045228686e+02
 4.706012797140847397e+02
 4.700171723319081138e+02
 4.694334043567130834e+02
 4.688499751474981849e+02
 4.682668840196754445e+02
 4.676841302407196395e+02
 4.671017130252297989e+02
 4.665196315293176781e+02
 4.659378848441998002e+02
 4.653564719888459535e+02
 4.647753919015127622e+02
 4.641946434299345583e+02
 4.636142253199045626e+02
 4.630341362019048574e+02
 4.624543745753354074e+02
 4.618749387898114946e+02
 4.612958270227876483e+02
 4.607170372525803259e+02
 4.601385672255486270e+02
 4.595604144157401265e+02
 4.589825759747665188e+02
 4.584050486686762724e+02
 4.578278287974763998e+02
 4.572509120906063913e+02
 4.566742935692824403e+02
 4.560979673600830893e+02
 4.555219264390545959e+02
 4.549461622640625365e+02
 4.543706642405294360e+02
 4.537954188837861693e+02
 4.532204084890418017e+02
 4.526456087398881891e+02
 4.520709842416068227e+02
 4.514964785150294233e+02
 4.509219895100553117e+02
 4.503473021807280361e+02
 4.497719585801014546e+02
 4.491988022108411087e+02
 4.486267598067061613e+02
 4.480555038399841123e+02
 4.474849005746279431e+02
 4.469148801337721011e+02
 4.463453994399035878e+02
 4.457764290657614765e+02
 4.452079475367062855e+02
 4.446399384507298009e+02
 4.440723888536783193e+02
 4.435052882476556988e+02
 4.429386279494849532e+02
 4.423724006563082298e+02
 4.418066001406307919e+02
 4.412412210296088233e+02
 4.406762586413339591e+02
 4.401117088606191032e+02
 4.395475680431366641e+02
 4.389838329401126202e+02
 4.384205006383667751e+02
 4.378575685119565719e+02
 4.372950341827223042e+02
 4.367328954877847877e+02
 4.361711504525009673e+02
 4.356097972677846428e+02
 4.350488342709422227e+02
 4.344882599293523526e+02
 4.339280728265040352e+02
 4.333682716499429262e+02
 4.328088551808504576e+02
 4.322498222849488343e+02
 4.316911719045695008e+02
 4.311329030516483840e+02
 4.305750148015809486e+02
 4.300175062877474943e+02
 4.294603766966806688e+02
 4.289036252637134794e+02
 4.283472512691222391e+02
 4.277912540346479204e+02
 4.272356329203614109e+02
 4.266803873218462968e+02
 4.261255166676364752e+02
 4.255710204169066628e+02
 4.250168980573583326e+02
 4.244631491033002817e+02
 4.239097730938989912e+02
 4.233567695915669447e+02
 4.228041381804980574e+02
 4.222518784653058788e+02
 4.216999900697869634e+02
 4.211484726357630848e+02
 4.205973258220321895e+02
 4.200465493033711368e+02
 4.194961427696345595e+02
 4.189461059249023833e+02
 4.183964384866974910e+02
 4.178471401852463600e+02
 4.172982107627956339e+02
 4.167496499729713832e+02
 4.162014575801791239e+02
 4.156536333590416916e+02
 4.151061770938679842e+02
 4.145590885781592760e+02
 4.140123676141417377e+02
 4.134660140123219207e+02
 4.129200275910752111e+02
 4.123744081762501423e+02
 4.118291556007982877e+02
 4.112842697044215470e+02
 4.107397503332391011e+02
 4.101955973394722150e+02
 4.096518105811457531e+02
 4.091083899218016882e+02
 4.085653352302298913e+02
 4.080226463802100056e+02
 4.074803232502706010e+02
 4.069383657234546945e+02
 4.063967736870980048e+02
 4.058555470326212458e+02
 4.053146856553275370e+02
 4.047741894542135128e+02
 4.042340583317875939e+02
 4.036942921938978657e+02
 4.031548909495683120e+02
 4.026158545108410181e+02
 4.020771827926317314e+02
 4.015388757125851384e+02
 4.010009331909452044e+02
 4.004633551504263096e+02
 3.999261415160948445e+02
 3.993892922152561482e+02
 3.988528071773465058e+02
 3.983166863338352641e+02
 3.977809296181284253e+02
 3.972455369654797437e+02
 3.967105083129098375e+02
 3.961758435991270630e+02
 3.956415427644555507e+02
 3.951076057507694941e+02
 3.945740325014298264e+02
 3.940408229612290825e+02
 3.935079770763384772e+02
 3.929754947942615786e+02
 3.924433760637905380e+02
 3.919116208349685735e+02
 3.913802290590564894e+02
 3.908492006885018100e+02
 3.903185356769128020e+02
 3.897882339790386936e+02
 3.892582955507506881e+02
 3.887287203490238312e+02
 3.881995083319305877e+02
 3.876706594586289043e+02
 3.871421736893583443e+02
 3.866140509854380980e+02
 3.860862913092626627e+02
 3.855588946243123019e+02
 3.850318608951467354e+02
 3.845051900874190665e+02
 3.839788821678803856e+02
 3.834529371043885817e+02
 3.829273548659182893e+02
 3.824021354225714049e+02
 3.818772787455886828e+02
 3.813527848073622408e+02
 3.808286535814456215e+02
 3.803048850425657292e+02
 3.797814791666325505e+02
 3.792584359307518298e+02
 3.787357553132313797e+02
 3.782134372935903457e+02
 3.776914818525638111e+02
 3.771698889721104706e+02
 3.766486586354126871e+02
 3.761277908268770602e+02
 </DataArray>
 <DataArray Name="vel.vector" type="Float32" NumberOfComponents="3" format="ascii">
 9.781926269531250000e+02 1.267266185652621280e-13 0.000000000000000000e+00
 9.805657958984375000e+02 6.445523639559552764e-14 0.000000000000000000e+00
 9.829389648437500000e+02 4.274493831265234467e-14 0.000000000000000000e+00
 9.853121948242187500e+02 3.900508117448547862e-14 0.000000000000000000e+00
 9.876854248046875000e+02 1.192103598994520564e-13 0.000000000000000000e+00
 9.900587158203125000e+02 1.887722359612993561e-14 0.000000000000000000e+00
 9.924320678710937500e+02 1.214599709871422295e-13 0.000000000000000000e+00
 9.948054199218750000e+02 1.144487065882215937e-13 0.000000000000000000e+00
 9.971788330078125000e+02 1.250209110499264642e-13 0.000000000000000000e+00
 9.995522460937500000e+02 5.720376700536072834e-14 0.000000000000000000e+00
 1.001925659179687500e+03 7.562404343150128105e-14 0.000000000000000000e+00
 1.004299194335937500e+03 4.558952567128467248e-14 0.000000000000000000e+00
 1.006672729492187500e+03 2.345733911203896210e-14 0.000000000000000000e+00
 1.009046264648437500e+03 8.446998797043830942e-14 0.000000000000000000e+00
 1.011419860839843750e+03 2.869648691849330246e-14 0.000000000000000000e+00
 1.013793518066406250e+03 8.173642969053207530e-14 0.000000000000000000e+00
 1.016167175292968750e+03 7.061001495957050511e-14 0.000000000000000000e+00
 1.018540893554687500e+03 1.729327401764346739e-13 0.000000000000000000e+00
 1.020914672851562500e+03 1.207350598620912652e-13 0.000000000000000000e+00
 1.023288452148437500e+03 2.680396323732209263e-13 0.000000000000000000e+00
 1.025662231445312500e+03 2.376979093155623390e-13 0.000000000000000000e+00
 1.028036132812500000e+03 1.539778097777236288e-13 0.000000000000000000e+00
 1.030410034179687500e+03 1.368292821711178386e-13 0.000000000000000000e+00
 1.032783935546875000e+03 7.797796832071171580e-14 0.000000000000000000e+00
 1.035157958984375000e+03 1.149126366978281411e-13 0.000000000000000000e+00
 1.037531982421875000e+03 -6.908370224619972411e-15 0.000000000000000000e+00
 1.039906005859375000e+03 3.978584904021018054e-14 0.000000000000000000e+00
 1.042280151367187500e+03 -2.854399049480142725e-14 0.000000000000000000e+00
 1.044654296875000000e+03 5.111898046788326821e-15 0.000000000000000000e+00
 1.047028442382812500e+03 -1.617161266009858878e-13 0.000000000000000000e+00
 1.049402709960937500e+03 -1.349249488177828304e-13 0.000000000000000000e+00
 1.051776977539062500e+03 -5.932679071314964081e-14 0.000000000000000000e+00
 1.054151367187500000e+03 -1.725416955578734646e-14 0.000000000000000000e+00
 1.056525634765625000e+03 1.835364881450952945e-14 0.000000000000000000e+00
 1.058900024414062500e+03 3.045343992713785142e-14 0.000000000000000000e+00
 1.061274536132812500e+03 1.121224898407817416e-13 0.000000000000000000e+00
 1.063649047851562500e+03 7.734341867047384023e-14 0.000000000000000000e+00
 1.066023559570312500e+03 5.330232647404384294e-14 0.000000000000000000e+00
 1.068398193359375000e+03 8.067988144970852926e-14 0.000000000000000000e+00
 1.070772705078125000e+03 2.417319884301556698e-14 0.000000000000000000e+00
 1.073147460937500000e+03 9.091924262072392793e-14 0.000000000000000000e+00
 1.075522216796875000e+03 1.415249075700439341e-13 0.000000000000000000e+00
 1.077896972656250000e+03 1.729222911779973448e-13 0.000000000000000000e+00
 1.080271728515625000e+03 1.708531726469716960e-13 0.000000000000000000e+00
 1.082646606445312500e+03 2.452668602069552062e-13 0.000000000000000000e+00
 1.085021484375000000e+03 2.392594043894302747e-13 0.000000000000000000e+00
 1.087396484375000000e+03 2.912703715371445234e-13 0.000000000000000000e+00
 1.089771484375000000e+03 2.175949172364063933e-13 0.000000000000000000e+00
 1.092146606445312500e+03 2.614311490813786554e-13 0.000000000000000000e+00
 1.094521728515625000e+03 1.690229038545446039e-13 0.000000000000000000e+00
 1.096896850585937500e+03 2.150842709231631789e-13 0.000000000000000000e+00
 1.099272094726562500e+03 1.745907563487081315e-13 0.000000000000000000e+00
 1.101647460937500000e+03 1.476605025318294961e-13 0.000000000000000000e+00
 1.104022705078125000e+03 9.125824553500583303e-14 0.000000000000000000e+00
 1.106398193359375000e+03 7.731957977520631520e-14 0.000000000000000000e+00
 1.108773559570312500e+03 3.620140211907374450e-14 0.000000000000000000e+00
 1.111149169921875000e+03 1.223850935958697983e-13 0.000000000000000000e+00
 1.113524658203125000e+03 9.907401505096502525e-14 0.000000000000000000e+00
 1.115900268554687500e+03 1.988432747450363802e-13 0.000000000000000000e+00
 1.118276000976562500e+03 7.155945757827963938e-14 0.000000000000000000e+00
 1.120651733398437500e+03 9.474144830202285705e-14 0.000000000000000000e+00
 1.123027587890625000e+03 4.745275082162353497e-14 0.000000000000000000e+00
 1.125403442382812500e+03 -4.667754203313166303e-15 0.000000000000000000e+00
 1.127779418945312500e+03 -6.413860192738471411e-14 0.000000000000000000e+00
 1.130155395507812500e+03 -1.524320627404110451e-13 0.000000000000000000e+00
 1.132531494140625000e+03 -1.980466300937483437e-13 0.000000000000000000e+00
 1.134907592773437500e+03 -1.390311612581643375e-13 0.000000000000000000e+00
 1.137283813476562500e+03 -2.264942248510204426e-13 0.000000000000000000e+00
 1.139660156250000000e+03 -1.160116246774409166e-13 0.000000000000000000e+00
 1.142036499023437500e+03 -1.450931795500196020e-13 0.000000000000000000e+00
 1.144412963867187500e+03 -2.271474532718111700e-14 0.000000000000000000e+00
 1.146789428710937500e+03 -1.481533469581235163e-14 0.000000000000000000e+00
 1.149166015625000000e+03 7.441246105627588592e-14 0.000000000000000000e+00
 1.151542724609375000e+03 2.066534877248615842e-13 0.000000000000000000e+00
 1.153919433593750000e+03 2.393100637359396599e-13 0.000000000000000000e+00
 1.156296264648437500e+03 2.794031282379871861e-13 0.000000000000000000e+00
 1.158673217773437500e+03 2.820940638199875838e-13 0.000000000000000000e+00
 1.161050292968750000e+03 1.321924205299404576e-13 0.000000000000000000e+00
 1.163427368164062500e+03 1.823263084564305525e-13 0.000000000000000000e+00
 1.165804565429687500e+03 -1.325846611590231899e-14 0.000000000000000000e+00
 1.168181762695312500e+03 5.689664641121347510e-14 0.000000000000000000e+00
 1.170559204101562500e+03 1.510929748015695656e-14 0.000000000000000000e+00
 1.172936645507812500e+03 -7.649114767147371929e-14 0.000000000000000000e+00
 1.175314208984375000e+03 -9.874577284324503879e-14 0.000000000000000000e+00
 1.177691894531250000e+03 -2.124564223550742814e-13 0.000000000000000000e+00
 1.180069702148437500e+03 -1.937255829928888340e-13 0.000000000000000000e+00
 1.182447631835937500e+03 -1.357462319634406001e-13 0.000000000000000000e+00
 1.184825683593750000e+03 -1.523279657793252806e-13 0.000000000000000000e+00
 1.187203857421875000e+03 -9.529283964563109444e-14 0.000000000000000000e+00
 1.189582153320312500e+03 -2.075493504274592005e-13 0.000000000000000000e+00
 1.191960571289062500e+03 -1.935853143368235219e-13 0.000000000000000000e+00
 1.194339111328125000e+03 -1.717973094512992294e-13 0.000000000000000000e+00
 1.196717895507812500e+03 -1.563184938479025843e-13 0.000000000000000000e+00
 1.199096679687500000e+03 -1.959239384228747549e-13 0.000000000000000000e+00
 1.201475708007812500e+03 -1.731586065940177166e-13 0.000000000000000000e+00
 1.203854980468750000e+03 -2.006258521944012663e-13 0.000000000000000000e+00
 1.206234375000000000e+03 -1.124045077665041664e-14 0.000000000000000000e+00
 1.208613891601562500e+03 2.531725363410348116e-15 0.000000000000000000e+00
 1.210993652343750000e+03 1.147426609022367261e-13 0.000000000000000000e+00
 1.213373657226562500e+03 -5.610318999193890377e-14 0.000000000000000000e+00
 1.215753906250000000e+03 -7.718750362180684665e-15 0.000000000000000000e+00
 1.218134277343750000e+03 1.522801389109915138e-13 0.000000000000000000e+00
 1.220515014648437500e+03 -1.870946567160761131e-13 0.000000000000000000e+00
 1.222896118164062500e+03 -1.764215130321128422e-14 0.000000000000000000e+00
 1.225277465820312500e+03 -9.501581921429747002e-14 0.000000000000000000e+00
 1.227659179687500000e+03 3.862828297247072884e-13 0.000000000000000000e+00
 1.230041259765625000e+03 -5.302722779106094908e-13 0.000000000000000000e+00
 1.232423828125000000e+03 -2.321015016466809744e-13 0.000000000000000000e+00
 1.234807006835937500e+03 -2.812587131511418148e-13 0.000000000000000000e+00
 1.237190795898437500e+03 1.882857612227686883e-13 0.000000000000000000e+00
 1.239575317382812500e+03 -3.573344690890184472e-13 0.000000000000000000e+00
 1.241960815429687500e+03 -2.256253316774634032e-13 0.000000000000000000e+00
 1.244347900390625000e+03 -8.498652899046471587e-14 0.000000000000000000e+00
 1.246737182617187500e+03 -8.811597014112687587e-14 0.000000000000000000e+00
 1.249130859375000000e+03 2.476614392895020583e-14 0.000000000000000000e+00
 1.251516845703125000e+03 -6.964336876288945710e-13 0.000000000000000000e+00
 1.253899780273437500e+03 -2.450729506484061737e-13 0.000000000000000000e+00
 1.256281005859375000e+03 -1.164900153335229893e-13 0.000000000000000000e+00
 1.258660888671875000e+03 5.968363823993794171e-13 0.000000000000000000e+00
 1.261040039062500000e+03 -6.138847568303018587e-13 0.000000000000000000e+00
 1.263418334960937500e+03 -5.729956981982697872e-13 0.000000000000000000e+00
 1.265796020507812500e+03 2.124380857858321203e-13 0.000000000000000000e+00
 1.268173095703125000e+03 2.849306348588070970e-13 0.000000000000000000e+00
 1.270549804687500000e+03 4.315263424370385792e-13 0.000000000000000000e+00
 1.272926147460937500e+03 -7.859868761698682316e-14 0.000000000000000000e+00
 1.275302124023437500e+03 5.638657401239866029e-13 0.000000000000000000e+00
 1.277677734375000000e+03 3.279135047263431746e-13 0.000000000000000000e+00
 1.280052978515625000e+03 4.375797684266768961e-13 0.000000000000000000e+00
 1.282428100585937500e+03 -3.801585782281513559e-13 0.000000000000000000e+00
 1.284802856445312500e+03 4.130525131998408206e-13 0.000000000000000000e+00
 1.287177368164062500e+03 3.414336955526175998e-13 0.000000000000000000e+00
 1.289551757812500000e+03 1.742982792601530107e-13 0.000000000000000000e+00
 1.291925903320312500e+03 1.986534682140838476e-14 0.000000000000000000e+00
 1.294299926757812500e+03 -1.867756166742950974e-13 0.000000000000000000e+00
 1.296673706054687500e+03 -1.367767661283880720e-13 0.000000000000000000e+00
 1.299047241210937500e+03 -3.341604879088244662e-13 0.000000000000000000e+00
 1.301420776367187500e+03 -4.081024797611410015e-13 0.000000000000000000e+00
 1.303794067382812500e+03 -3.527637166753083697e-13 0.000000000000000000e+00
 1.306167236328125000e+03 -2.417130081158735955e-13 0.000000000000000000e+00
 1.308540405273437500e+03 9.934916523355111218e-14 0.000000000000000000e+00
 1.310913330078125000e+03 2.198448815368355715e-15 0.000000000000000000e+00
 1.313286132812500000e+03 1.342002409806392071e-13 0.000000000000000000e+00
 1.315658813476562500e+03 1.097217003126656210e-13 0.000000000000000000e+00
 1.318031494140625000e+03 3.158610254860166888e-13 0.000000000000000000e+00
 1.320404052734375000e+03 -1.970233194257750564e-14 0.000000000000000000e+00
 1.322776367187500000e+03 2.454191635071351074e-13 0.000000000000000000e+00
 1.325148803710937500e+03 1.640665142806085885e-13 0.000000000000000000e+00
 1.327520996093750000e+03 3.772928150458376706e-13 0.000000000000000000e+00
 1.329893188476562500e+03 5.193066842431454111e-14 0.000000000000000000e+00
 1.332265258789062500e+03 3.815948750561515279e-13 0.000000000000000000e+00
 1.334637329101562500e+03 4.976489055910637838e-13 0.000000000000000000e+00
 1.337009155273437500e+03 3.462672856779924757e-13 0.000000000000000000e+00
 1.339381103515625000e+03 2.802982997616998428e-13 0.000000000000000000e+00
 1.341752929687500000e+03 2.561806086817837447e-14 0.000000000000000000e+00
 1.344124633789062500e+03 6.041564140244967684e-14 0.000000000000000000e+00
 1.346496337890625000e+03 -1.821471033898458547e-13 0.000000000000000000e+00
 1.348867919921875000e+03 -2.797371438222756579e-13 0.000000000000000000e+00
 1.351239501953125000e+03 -2.501328408722330865e-13 0.000000000000000000e+00
 1.353610961914062500e+03 -3.444709253085098677e-13 0.000000000000000000e+00
 1.355982421875000000e+03 -2.513406420923819384e-13 0.000000000000000000e+00
 1.358353881835937500e+03 -3.160785977569802174e-13 0.000000000000000000e+00
 1.360725219726562500e+03 -2.772676294289511123e-13 0.000000000000000000e+00
 1.363096435546875000e+03 -3.477492274174542874e-13 0.000000000000000000e+00
 1.365467773437500000e+03 -2.388603908849012969e-13 0.000000000000000000e+00
 1.367838989257812500e+03 -3.854155221968275091e-13 0.000000000000000000e+00
 1.370210083007812500e+03 -1.569791388891794703e-13 0.000000000000000000e+00
 1.372581298828125000e+03 -6.243840351433799229e-14 0.000000000000000000e+00
 1.374952270507812500e+03 5.065150976055719789e-14 0.000000000000000000e+00
 1.377323364257812500e+03 2.101425722886643421e-14 0.000000000000000000e+00
 1.379694335937500000e+03 1.105251483325860040e-13 0.000000000000000000e+00
 1.382065307617187500e+03 1.860645562319976354e-13 0.000000000000000000e+00
 1.384436279296875000e+03 1.888754587843835542e-13 0.000000000000000000e+00
 1.386807128906250000e+03 1.878666357679401044e-13 0.000000000000000000e+00
 1.389178100585937500e+03 2.806782313079930757e-13 0.000000000000000000e+00
 1.391548828125000000e+03 3.044187623334193571e-13 0.000000000000000000e+00
 1.393919677734375000e+03 2.901142054454602937e-13 0.000000000000000000e+00
 1.396290405273437500e+03 2.863035058597168669e-13 0.000000000000000000e+00
 1.398661254882812500e+03 3.067958484915395134e-13 0.000000000000000000e+00
 1.401031860351562500e+03 1.712989830277705794e-13 0.000000000000000000e+00
 1.403402587890625000e+03 6.536496333347380228e-14 0.000000000000000000e+00
 1.405773193359375000e+03 3.467868082539932173e-14 0.000000000000000000e+00
 1.408143920898437500e+03 7.179462780575532332e-14 0.000000000000000000e+00
 1.410514526367187500e+03 2.057406979158460381e-13 0.000000000000000000e+00
 1.412885009765625000e+03 1.526151844873438468e-13 0.000000000000000000e+00
 1.415255615234375000e+03 8.513961833721966910e-14 0.000000000000000000e+00
 1.417626098632812500e+03 4.850659194514765626e-14 0.000000000000000000e+00
 1.419996582031250000e+03 -8.542074518428158236e-14 0.000000000000000000e+00
 1.422367065429687500e+03 -1.914497918108649249e-14 0.000000000000000000e+00
 1.424737548828125000e+03 -2.128544736301751783e-13 0.000000000000000000e+00
 1.427108032226562500e+03 -2.032410698071807076e-13 0.000000000000000000e+00
 1.429478393554687500e+03 -1.929720218254299402e-13 0.000000000000000000e+00
 1.431848754882812500e+03 -1.654081331538964639e-13 0.000000000000000000e+00
 1.434219116210937500e+03 -3.652804174045752583e-14 0.000000000000000000e+00
 1.436589477539062500e+03 8.720106613787498295e-14 0.000000000000000000e+00
 1.438959838867187500e+03 2.886428414534437936e-14 0.000000000000000000e+00
 1.441330078125000000e+03 5.504202372748692729e-14 0.000000000000000000e+00
 1.443700439453125000e+03 -1.442236392432908604e-14 0.000000000000000000e+00
 1.446070678710937500e+03 7.439363659605610635e-14 0.000000000000000000e+00
 1.448440917968750000e+03 8.261715422029636269e-14 0.000000000000000000e+00
 1.450811157226562500e+03 2.055601240440185773e-13 0.000000000000000000e+00
 1.453181396484375000e+03 1.781407595220774187e-13 0.000000000000000000e+00
 1.455551513671875000e+03 1.569652068912630316e-13 0.000000000000000000e+00
 1.457921752929687500e+03 1.391705354474373491e-13 0.000000000000000000e+00
 1.460291870117187500e+03 2.018879854959187981e-13 0.000000000000000000e+00
 1.462661987304687500e+03 2.200003688338642016e-13 0.000000000000000000e+00
 1.465032104492187500e+03 6.725261352587968977e-14 0.000000000000000000e+00
 1.467402221679687500e+03 -3.352176595658971914e-14 0.000000000000000000e+00
 1.469772338867187500e+03 2.566556586399218465e-14 0.000000000000000000e+00
 1.472142456054687500e+03 2.388321203132537374e-14 0.000000000000000000e+00
 1.474512451171875000e+03 1.884844412708766570e-13 0.000000000000000000e+00
 1.476882568359375000e+03 2.308102981744136750e-13 0.000000000000000000e+00
 1.479252563476562500e+03 2.416999434796951451e-13 0.000000000000000000e+00
 1.481622558593750000e+03 2.894046222286228431e-13 0.000000000000000000e+00
 1.483992553710937500e+03 3.299272476314091262e-13 0.000000000000000000e+00
 1.486362548828125000e+03 3.380583573492357274e-13 0.000000000000000000e+00
 1.488732543945312500e+03 3.592209537640889128e-13 0.000000000000000000e+00
 1.491102539062500000e+03 3.496899222011490282e-13 0.000000000000000000e+00
 1.493472412109375000e+03 2.984934348304602025e-13 0.000000000000000000e+00
 1.495842407226562500e+03 9.437622802395753685e-14 0.000000000000000000e+00
 1.498212280273437500e+03 5.499300423676342642e-14 0.000000000000000000e+00
 1.500582153320312500e+03 4.797035571503169282e-14 0.000000000000000000e+00
 1.502952148437500000e+03 -4.948729007961047421e-14 0.000000000000000000e+00
 1.505322021484375000e+03 -2.320719842425350565e-13 0.000000000000000000e+00
 1.507691894531250000e+03 -3.232570732359524301e-13 0.000000000000000000e+00
 1.510061645507812500e+03 -3.665064671025397569e-13 0.000000000000000000e+00
 1.512431518554687500e+03 -3.227170050287830882e-13 0.000000000000000000e+00
 1.514801391601562500e+03 -3.240385119517713575e-13 0.000000000000000000e+00
 1.517171142578125000e+03 -3.783529750351483090e-13 0.000000000000000000e+00
 1.519541015625000000e+03 -2.037027908548608157e-13 0.000000000000000000e+00
 1.521910766601562500e+03 -2.465838134808190363e-13 0.000000000000000000e+00
 1.524280517578125000e+03 -7.575300250365485377e-14 0.000000000000000000e+00
 1.526650390625000000e+03 -9.924748570449681145e-15 0.000000000000000000e+00
 1.529020141601562500e+03 -5.455886258184591830e-14 0.000000000000000000e+00
 1.531389892578125000e+03 -1.108126516436748477e-13 0.000000000000000000e+00
 1.533759643554687500e+03 -2.911356594172131995e-13 0.000000000000000000e+00
 1.536129272460937500e+03 -2.618548823954403026e-13 0.000000000000000000e+00
 1.538499023437500000e+03 -2.712304664719000780e-13 0.000000000000000000e+00
 1.540868774414062500e+03 -2.419943585796335839e-13 0.000000000000000000e+00
 1.543238403320312500e+03 -1.481314121929214189e-13 0.000000000000000000e+00
 1.545608154296875000e+03 -1.454525383600899224e-13 0.000000000000000000e+00
 1.547977783203125000e+03 -1.022905244123413493e-13 0.000000000000000000e+00
 1.550347412109375000e+03 -1.459579527553211964e-13 0.000000000000000000e+00
 1.552717163085937500e+03 -1.758370196409259067e-13 0.000000000000000000e+00
 1.555086791992187500e+03 -2.850976290984241768e-13 0.000000000000000000e+00
 1.557456420898437500e+03 -2.597418265713746788e-13 0.000000000000000000e+00
 1.559826049804687500e+03 -2.294397582081747489e-13 0.000000000000000000e+00
 1.562195678710937500e+03 -7.230786200915564899e-14 0.000000000000000000e+00
 1.564565185546875000e+03 9.591240697709793595e-14 0.000000000000000000e+00
 1.566934814453125000e+03 1.181650534799044694e-13 0.000000000000000000e+00
 1.569304443359375000e+03 1.171423391231260491e-13 0.000000000000000000e+00
 9.781926269531250000e+02 1.357031620321386134e-13 0.000000000000000000e+00
 9.805657958984375000e+02 -1.800966060311326444e-13 0.000000000000000000e+00
 9.829389648437500000e+02 -1.428161516998927016e-13 0.000000000000000000e+00
 9.853121948242187500e+02 -2.865273393982264993e-13 0.000000000000000000e+00
 9.876854248046875000e+02 1.954308568273555036e-13 0.000000000000000000e+00
 9.900587158203125000e+02 -1.536023505653918986e-13 0.000000000000000000e+00
 9.924320678710937500e+02 -3.727194334418593158e-14 0.000000000000000000e+00
 9.948054199218750000e+02 -1.293094998482471891e-13 0.000000000000000000e+00
 9.971788330078125000e+02 1.056409395182832112e-13 0.000000000000000000e+00
 9.995522460937500000e+02 -1.002044245647891463e-13 0.000000000000000000e+00
 1.001925659179687500e+03 -9.047775549608783052e-14 0.000000000000000000e+00
 1.004299194335937500e+03 -1.226593560879271627e-13 0.000000000000000000e+00
 1.006672729492187500e+03 -1.769981459575492577e-13 0.000000000000000000e+00
 1.009046264648437500e+03 -8.063202239412276678e-15 0.000000000000000000e+00
 1.011419860839843750e+03 -2.658275075756444394e-13 0.000000000000000000e+00
 1.013793518066406250e+03 -1.701044768367618309e-14 0.000000000000000000e+00
 1.016167175292968750e+03 -6.353830628953380244e-14 0.000000000000000000e+00
 1.018540893554687500e+03 1.714420841620115099e-13 0.000000000000000000e+00
 1.020914672851562500e+03 -1.949100603138020915e-13 0.000000000000000000e+00
 1.023288452148437500e+03 9.594480429326451842e-14 0.000000000000000000e+00
 1.025662231445312500e+03 3.799782483018127044e-13 0.000000000000000000e+00
 1.028036132812500000e+03 1.390244392046949273e-13 0.000000000000000000e+00
 1.030410034179687500e+03 2.091332207236618057e-13 0.000000000000000000e+00
 1.032783935546875000e+03 -2.962084380943655337e-14 0.000000000000000000e+00
 1.035157958984375000e+03 3.871569677262737263e-13 0.000000000000000000e+00
 1.037531982421875000e+03 -4.314995558671146092e-14 0.000000000000000000e+00
 1.039906005859375000e+03 1.474420256296782999e-14 0.000000000000000000e+00
 1.042280151367187500e+03 -1.444772578483577430e-13 0.000000000000000000e+00
 1.044654296875000000e+03 5.312614362101494847e-14 0.000000000000000000e+00
 1.047028442382812500e+03 -2.430632735014870427e-13 0.000000000000000000e+00
 1.049402709960937500e+03 -1.884455184128844274e-13 0.000000000000000000e+00
 1.051776977539062500e+03 -1.200835763291718816e-13 0.000000000000000000e+00
 1.054151367187500000e+03 -1.362294066616087651e-13 0.000000000000000000e+00
 1.056525634765625000e+03 1.191651435866617273e-14 0.000000000000000000e+00
 1.058900024414062500e+03 -1.921901629812691747e-13 0.000000000000000000e+00
 1.061274536132812500e+03 2.396991093567453490e-14 0.000000000000000000e+00
 1.063649047851562500e+03 4.151684218308727969e-14 0.000000000000000000e+00
 1.066023559570312500e+03 -7.535707219905388166e-14 0.000000000000000000e+00
 1.068398193359375000e+03 1.056133669017841892e-13 0.000000000000000000e+00
 1.070772705078125000e+03 -4.469125739511685402e-14 0.000000000000000000e+00
 1.073147460937500000e+03 1.186843083934938786e-15 0.000000000000000000e+00
 1.075522216796875000e+03 5.111633433695604578e-14 0.000000000000000000e+00
 1.077896972656250000e+03 1.525462021241194566e-13 0.000000000000000000e+00
 1.080271728515625000e+03 1.746356694237033436e-13 0.000000000000000000e+00
 1.082646606445312500e+03 2.636834977795543544e-13 0.000000000000000000e+00
 1.085021484375000000e+03 2.725337316933362786e-13 0.000000000000000000e+00
 1.087396484375000000e+03 3.792016613907156497e-13 0.000000000000000000e+00
 1.089771484375000000e+03 1.939976228704926031e-13 0.000000000000000000e+00
 1.092146606445312500e+03 4.475581418059842997e-13 0.000000000000000000e+00
 1.094521728515625000e+03 1.801391338613483883e-13 0.000000000000000000e+00
 1.096896850585937500e+03 2.202045647605246903e-13 0.000000000000000000e+00
 1.099272094726562500e+03 1.362408585470556432e-13 0.000000000000000000e+00
 1.101647460937500000e+03 6.805421162584326944e-14 0.000000000000000000e+00
 1.104022705078125000e+03 7.071323270045701964e-15 0.000000000000000000e+00
 1.106398193359375000e+03 6.172890669486116172e-15 0.000000000000000000e+00
 1.108773559570312500e+03 -2.792263253568409015e-14 0.000000000000000000e+00
 1.111149169921875000e+03 5.154066735034434910e-14 0.000000000000000000e+00
 1.113524658203125000e+03 -4.540555350327282746e-14 0.000000000000000000e+00
 1.115900268554687500e+03 1.990835339464591680e-13 0.000000000000000000e+00
 1.118276000976562500e+03 -2.537509116132437292e-14 0.000000000000000000e+00
 1.120651733398437500e+03 -7.627989934849439130e-15 0.000000000000000000e+00
 1.123027587890625000e+03 -6.148032793583044220e-14 0.000000000000000000e+00
 1.125403442382812500e+03 -1.175679833435167021e-13 0.000000000000000000e+00
 1.127779418945312500e+03 -1.668989653511726567e-13 0.000000000000000000e+00
 1.130155395507812500e+03 -2.416600719448019907e-13 0.000000000000000000e+00
 1.132531494140625000e+03 -2.678316010813752701e-13 0.000000000000000000e+00
 1.134907592773437500e+03 -1.662643411620354228e-13 0.000000000000000000e+00
 1.137283813476562500e+03 -3.058265717493374725e-13 0.000000000000000000e+00
 1.139660156250000000e+03 -5.934505951975602156e-14 0.000000000000000000e+00
 1.142036499023437500e+03 -1.410615331140507855e-13 0.000000000000000000e+00
 1.144412963867187500e+03 -5.652815658597175330e-14 0.000000000000000000e+00
 1.146789428710937500e+03 -4.708921783318914533e-14 0.000000000000000000e+00
 1.149166015625000000e+03 1.465155409919715462e-14 0.000000000000000000e+00
 1.151542724609375000e+03 1.376178224111665460e-13 0.000000000000000000e+00
 1.153919433593750000e+03 1.814200374129770754e-13 0.000000000000000000e+00
 1.156296264648437500e+03 2.068134888604661326e-13 0.000000000000000000e+00
 1.158673217773437500e+03 2.317786804498234154e-13 0.000000000000000000e+00
 1.161050292968750000e+03 -1.101482491642439415e-14 0.000000000000000000e+00
 1.163427368164062500e+03 2.353215007837999861e-13 0.000000000000000000e+00
 1.165804565429687500e+03 -7.307870942500210854e-14 0.000000000000000000e+00
 1.168181762695312500e+03 -9.582710313601290261e-16 0.000000000000000000e+00
 1.170559204101562500e+03 -2.839415375456393054e-14 0.000000000000000000e+00
 1.172936645507812500e+03 -1.286611333965737014e-13 0.000000000000000000e+00
 1.175314208984375000e+03 -1.448495457693349531e-13 0.000000000000000000e+00
 1.177691894531250000e+03 -2.603246394491942617e-13 0.000000000000000000e+00
 1.180069702148437500e+03 -2.643469210888982346e-13 0.000000000000000000e+00
 1.182447631835937500e+03 -1.758830982332565407e-13 0.000000000000000000e+00
 1.184825683593750000e+03 -2.481845295682766350e-13 0.000000000000000000e+00
 1.187203857421875000e+03 -3.108334783682477342e-15 0.000000000000000000e+00
 1.189582153320312500e+03 -2.380590841642715727e-13 0.000000000000000000e+00
 1.191960571289062500e+03 -2.290231535233971938e-13 0.000000000000000000e+00
 1.194339111328125000e+03 -2.258127360229775227e-13 0.000000000000000000e+00
 1.196717895507812500e+03 -2.026195780168577043e-13 0.000000000000000000e+00
 1.199096679687500000e+03 -2.348155849450639376e-13 0.000000000000000000e+00
 1.201475708007812500e+03 -1.556866208217780323e-13 0.000000000000000000e+00
 1.203854980468750000e+03 -1.997225762594492804e-13 0.000000000000000000e+00
 1.206234375000000000e+03 -3.911721817230658094e-14 0.000000000000000000e+00
 1.208613891601562500e+03 -1.021044414382249466e-13 0.000000000000000000e+00
 1.210993652343750000e+03 1.714866448713006641e-13 0.000000000000000000e+00
 1.213373657226562500e+03 -6.662929892065419524e-14 0.000000000000000000e+00
 1.215753906250000000e+03 -1.429842572467365791e-13 0.000000000000000000e+00
 1.218134277343750000e+03 2.012763328403111007e-13 0.000000000000000000e+00
 1.220515014648437500e+03 -2.598035176749891040e-13 0.000000000000000000e+00
 1.222896118164062500e+03 -4.905668224614891104e-14 0.000000000000000000e+00
 1.225277465820312500e+03 -2.824427161336046099e-13 0.000000000000000000e+00
 1.227659179687500000e+03 6.110472913246900450e-13 0.000000000000000000e+00
 1.230041259765625000e+03 -5.111820255282450987e-13 0.000000000000000000e+00
 1.232423828125000000e+03 -2.086253668735424394e-13 0.000000000000000000e+00
 1.234807006835937500e+03 -3.206848306867848830e-13 0.000000000000000000e+00
 1.237190795898437500e+03 3.313338644249375076e-13 0.000000000000000000e+00
 1.239575317382812500e+03 -3.709620230354232495e-13 0.000000000000000000e+00
 1.241960815429687500e+03 -2.522560881967200741e-13 0.000000000000000000e+00
 1.244347900390625000e+03 -1.400630642283545724e-13 0.000000000000000000e+00
 1.246737182617187500e+03 -1.880373976101065714e-13 0.000000000000000000e+00
 1.249130859375000000e+03 2.233423102222017315e-14 0.000000000000000000e+00
 1.251516845703125000e+03 -9.107520510323596774e-13 0.000000000000000000e+00
 1.253899780273437500e+03 -1.673761362798106833e-13 0.000000000000000000e+00
 1.256281005859375000e+03 -2.192562402253059317e-13 0.000000000000000000e+00
 1.258660888671875000e+03 6.102911687295986543e-13 0.000000000000000000e+00
 1.261040039062500000e+03 -8.786476320826741571e-13 0.000000000000000000e+00
 1.263418334960937500e+03 -7.646310884804052854e-13 0.000000000000000000e+00
 1.265796020507812500e+03 4.065622079447994697e-13 0.000000000000000000e+00
 1.268173095703125000e+03 2.828471235439417031e-13 0.000000000000000000e+00
 1.270549804687500000e+03 4.814136285793968462e-13 0.000000000000000000e+00
 1.272926147460937500e+03 -2.091672104617692263e-13 0.000000000000000000e+00
 1.275302124023437500e+03 7.778736422353604851e-13 0.000000000000000000e+00
 1.277677734375000000e+03 3.329737473158761452e-13 0.000000000000000000e+00
 1.280052978515625000e+03 5.342433309976635236e-13 0.000000000000000000e+00
 1.282428100585937500e+03 -4.204086080997204711e-13 0.000000000000000000e+00
 1.284802856445312500e+03 7.730563693526815161e-13 0.000000000000000000e+00
 1.287177368164062500e+03 4.712198513334708849e-13 0.000000000000000000e+00
 1.289551757812500000e+03 2.378973754102453597e-13 0.000000000000000000e+00
 1.291925903320312500e+03 8.383708495224989621e-14 0.000000000000000000e+00
 1.294299926757812500e+03 -1.718921635888645549e-13 0.000000000000000000e+00
 1.296673706054687500e+03 -4.440292399173970117e-14 0.000000000000000000e+00
 1.299047241210937500e+03 -5.048223666349882510e-13 0.000000000000000000e+00
 1.301420776367187500e+03 -4.356002049950985500e-13 0.000000000000000000e+00
 1.303794067382812500e+03 -3.378032445780498882e-13 0.000000000000000000e+00
 1.306167236328125000e+03 -2.442382776059182081e-13 0.000000000000000000e+00
 1.308540405273437500e+03 1.211584814680283229e-13 0.000000000000000000e+00
 1.310913330078125000e+03 -8.010796480372242567e-14 0.000000000000000000e+00
 1.313286132812500000e+03 2.606089443638742731e-13 0.000000000000000000e+00
 1.315658813476562500e+03 1.181233523538452457e-13 0.000000000000000000e+00
 1.318031494140625000e+03 3.660096314569982745e-13 0.000000000000000000e+00
 1.320404052734375000e+03 -9.531875207755349799e-14 0.000000000000000000e+00
 1.322776367187500000e+03 4.831611456410089822e-13 0.000000000000000000e+00
 1.325148803710937500e+03 1.760064262303767668e-13 0.000000000000000000e+00
 1.327520996093750000e+03 4.822790387534747758e-13 0.000000000000000000e+00
 1.329893188476562500e+03 -8.552795245034966465e-14 0.000000000000000000e+00
 1.332265258789062500e+03 7.819474776883661438e-13 0.000000000000000000e+00
 1.334637329101562500e+03 5.698047827844276991e-13 0.000000000000000000e+00
 1.337009155273437500e+03 3.716384567708369557e-13 0.000000000000000000e+00
 1.339381103515625000e+03 3.288585224449358524e-13 0.000000000000000000e+00
 1.341752929687500000e+03 5.797889024352492759e-14 0.000000000000000000e+00
 1.344124633789062500e+03 1.496692038967933902e-13 0.000000000000000000e+00
 1.346496337890625000e+03 -3.411040980921820065e-13 0.000000000000000000e+00
 1.348867919921875000e+03 -2.879517100023293308e-13 0.000000000000000000e+00
 1.351239501953125000e+03 -2.566101085961502992e-13 0.000000000000000000e+00
 1.353610961914062500e+03 -3.558675164445912475e-13 0.000000000000000000e+00
 1.355982421875000000e+03 -2.053343660466527831e-13 0.000000000000000000e+00
 1.358353881835937500e+03 -3.292872701940452451e-13 0.000000000000000000e+00
 1.360725219726562500e+03 -3.623122106694888489e-14 0.000000000000000000e+00
 1.363096435546875000e+03 -2.121174736509010006e-13 0.000000000000000000e+00
 1.365467773437500000e+03 -9.689956627888240970e-14 0.000000000000000000e+00
 1.367838989257812500e+03 -4.110338100698357477e-13 0.000000000000000000e+00
 1.370210083007812500e+03 1.293979978505763184e-13 0.000000000000000000e+00
 1.372581298828125000e+03 1.035364687966544833e-15 0.000000000000000000e+00
 1.374952270507812500e+03 9.747238416792439186e-14 0.000000000000000000e+00
 1.377323364257812500e+03 -4.556629833380506506e-15 0.000000000000000000e+00
 1.379694335937500000e+03 2.652597108979137808e-13 0.000000000000000000e+00
 1.382065307617187500e+03 1.978677773928697037e-13 0.000000000000000000e+00
 1.384436279296875000e+03 1.798632450660322957e-13 0.000000000000000000e+00
 1.386807128906250000e+03 1.462165620785133013e-13 0.000000000000000000e+00
 1.389178100585937500e+03 2.517452392380992165e-13 0.000000000000000000e+00
 1.391548828125000000e+03 3.073511226341779645e-13 0.000000000000000000e+00
 1.393919677734375000e+03 3.300636131596534906e-13 0.000000000000000000e+00
 1.396290405273437500e+03 3.238730084901414452e-13 0.000000000000000000e+00
 1.398661254882812500e+03 3.855246471454881751e-13 0.000000000000000000e+00
 1.401031860351562500e+03 1.031573643780342442e-13 0.000000000000000000e+00
 1.403402587890625000e+03 1.575365949886900485e-13 0.000000000000000000e+00
 1.405773193359375000e+03 -2.667889615450621133e-16 0.000000000000000000e+00
 1.408143920898437500e+03 1.975124131901786345e-14 0.000000000000000000e+00
 1.410514526367187500e+03 1.128290372915362327e-13 0.000000000000000000e+00
 1.412885009765625000e+03 5.985978450114351479e-14 0.000000000000000000e+00
 1.415255615234375000e+03 1.322863615659886430e-14 0.000000000000000000e+00
 1.417626098632812500e+03 -3.800411184752897076e-14 0.000000000000000000e+00
 1.419996582031250000e+03 -1.930139126868693489e-13 0.000000000000000000e+00
 1.422367065429687500e+03 -1.140910011864643137e-13 0.000000000000000000e+00
 1.424737548828125000e+03 -3.330175761886988717e-13 0.000000000000000000e+00
 1.427108032226562500e+03 -1.197443430219283234e-13 0.000000000000000000e+00
 1.429478393554687500e+03 -1.481950413079191620e-13 0.000000000000000000e+00
 1.431848754882812500e+03 -1.241220125812458885e-13 0.000000000000000000e+00
 1.434219116210937500e+03 9.413000909871786781e-15 0.000000000000000000e+00
 1.436589477539062500e+03 1.011288288895774434e-13 0.000000000000000000e+00
 1.438959838867187500e+03 5.318460922316622930e-14 0.000000000000000000e+00
 1.441330078125000000e+03 5.114072888583696963e-14 0.000000000000000000e+00
 1.443700439453125000e+03 -3.700956980657622852e-14 0.000000000000000000e+00
 1.446070678710937500e+03 3.165255736551145227e-14 0.000000000000000000e+00
 1.448440917968750000e+03 -5.304597364662322345e-14 0.000000000000000000e+00
 1.450811157226562500e+03 2.040356544743410216e-13 0.000000000000000000e+00
 1.453181396484375000e+03 7.646682088522857579e-14 0.000000000000000000e+00
 1.455551513671875000e+03 3.109243819441470658e-14 0.000000000000000000e+00
 1.457921752929687500e+03 2.081907712089652029e-14 0.000000000000000000e+00
 1.460291870117187500e+03 9.118365242553883032e-14 0.000000000000000000e+00
 1.462661987304687500e+03 1.176857412519757839e-13 0.000000000000000000e+00
 1.465032104492187500e+03 -4.043463223209371737e-14 0.000000000000000000e+00
 1.467402221679687500e+03 -1.805401666924236204e-13 0.000000000000000000e+00
 1.469772338867187500e+03 -7.018412001742746487e-14 0.000000000000000000e+00
 1.472142456054687500e+03 -1.054713364171885881e-13 0.000000000000000000e+00
 1.474512451171875000e+03 2.043475252292564770e-13 0.000000000000000000e+00
 1.476882568359375000e+03 1.574503738109231388e-13 0.000000000000000000e+00
 1.479252563476562500e+03 1.668915521188182871e-13 0.000000000000000000e+00
 1.481622558593750000e+03 2.452032175394303071e-13 0.000000000000000000e+00
 1.483992553710937500e+03 2.743137748201229797e-13 0.000000000000000000e+00
 1.486362548828125000e+03 2.646545092452323722e-13 0.000000000000000000e+00
 1.488732543945312500e+03 2.475572915064394586e-13 0.000000000000000000e+00
 1.491102539062500000e+03 2.196344912582318121e-13 0.000000000000000000e+00
 1.493472412109375000e+03 2.548506924156951348e-13 0.000000000000000000e+00
 1.495842407226562500e+03 3.156085757864170172e-14 0.000000000000000000e+00
 1.498212280273437500e+03 1.241984488344061166e-13 0.000000000000000000e+00
 1.500582153320312500e+03 -2.399305018172762788e-14 0.000000000000000000e+00
 1.502952148437500000e+03 -1.543115543114689792e-13 0.000000000000000000e+00
 1.505322021484375000e+03 -3.493225402950023151e-13 0.000000000000000000e+00
 1.507691894531250000e+03 -3.657105000776095238e-13 0.000000000000000000e+00
 1.510061645507812500e+03 -3.625758276514651213e-13 0.000000000000000000e+00
 1.512431518554687500e+03 -3.161466314433036828e-13 0.000000000000000000e+00
 1.514801391601562500e+03 -3.286007262733731116e-13 0.000000000000000000e+00
 1.517171142578125000e+03 -4.016346717011787248e-13 0.000000000000000000e+00
 1.519541015625000000e+03 -1.340124978219461860e-13 0.000000000000000000e+00
 1.521910766601562500e+03 -3.821783384552746021e-13 0.000000000000000000e+00
 1.524280517578125000e+03 2.786318810225896225e-13 0.000000000000000000e+00
 1.526650390625000000e+03 7.382451177066415293e-14 0.000000000000000000e+00
 1.529020141601562500e+03 -1.842046277338894866e-14 0.000000000000000000e+00
 1.531389892578125000e+03 -6.932725471172143661e-14 0.000000000000000000e+00
 1.533759643554687500e+03 -2.560033619553730988e-13 0.000000000000000000e+00
 1.536129272460937500e+03 -1.792238639398632816e-13 0.000000000000000000e+00
 1.538499023437500000e+03 -3.565789970152305477e-13 0.000000000000000000e+00
 1.540868774414062500e+03 -2.610476396679162203e-13 0.000000000000000000e+00
 1.543238403320312500e+03 -1.550222759405875395e-13 0.000000000000000000e+00
 1.545608154296875000e+03 -1.648184626973359101e-13 0.000000000000000000e+00
 1.547977783203125000e+03 -1.123728321224086446e-13 0.000000000000000000e+00
 1.550347412109375000e+03 -2.363705477008426481e-13 0.000000000000000000e+00
 1.552717163085937500e+03 -8.207351492222139666e-14 0.000000000000000000e+00
 1.555086791992187500e+03 -3.234342318709365616e-13 0.000000000000000000e+00
 1.557456420898437500e+03 -2.528529957027819686e-13 0.000000000000000000e+00
 1.559826049804687500e+03 -3.704000539443697004e-13 0.000000000000000000e+00
 1.562195678710937500e+03 1.613151344274921239e-13 0.000000000000000000e+00
 1.564565185546875000e+03 7.847932373405974715e-14 0.000000000000000000e+00
 1.566934814453125000e+03 5.631565296016459443e-14 0.000000000000000000e+00
 1.569304443359375000e+03 4.643515932011010872e-14 0.000000000000000000e+00
 </DataArray>
</CellData>
</Piece>
</UnstructuredGrid>
</VTKFile>
