<VTKFile type="UnstructuredGrid" byte_order="BigEndian">
<UnstructuredGrid><Piece NumberOfPoints="753" NumberOfCells="500">
<Points>
 <DataArray type="Float32" NumberOfComponents="3" format="ascii">
 4.875000000000000000e+00 0.000000000000000000e+00 0.000000000000000000e+00
 4.880499839782714844e+00 0.000000000000000000e+00 0.000000000000000000e+00
 4.886000156402587891e+00 0.000000000000000000e+00 0.000000000000000000e+00
 4.891499996185302734e+00 0.000000000000000000e+00 0.000000000000000000e+00
 4.896999835968017578e+00 0.000000000000000000e+00 0.000000000000000000e+00
 4.902500152587890625e+00 0.000000000000000000e+00 0.000000000000000000e+00
 4.907999992370605469e+00 0.000000000000000000e+00 0.000000000000000000e+00
 4.913499832153320312e+00 0.000000000000000000e+00 0.000000000000000000e+00
 4.919000148773193359e+00 0.000000000000000000e+00 0.000000000000000000e+00
 4.924499988555908203e+00 0.000000000000000000e+00 0.000000000000000000e+00
 4.929999828338623047e+00 0.000000000000000000e+00 0.000000000000000000e+00
 4.935500144958496094e+00 0.000000000000000000e+00 0.000000000000000000e+00
 4.940999984741210938e+00 0.000000000000000000e+00 0.000000000000000000e+00
 4.946499824523925781e+00 0.000000000000000000e+00 0.000000000000000000e+00
 4.952000141143798828e+00 0.000000000000000000e+00 0.000000000000000000e+00
 4.957499980926513672e+00 0.000000000000000000e+00 0.000000000000000000e+00
 4.962999820709228516e+00 0.000000000000000000e+00 0.000000000000000000e+00
 4.968500137329101562e+00 0.000000000000000000e+00 0.000000000000000000e+00
 4.973999977111816406e+00 0.000000000000000000e+00 0.000000000000000000e+00
 4.979499816894531250e+00 0.000000000000000000e+00 0.000000000000000000e+00
 4.985000133514404297e+00 0.000000000000000000e+00 0.000000000000000000e+00
 4.990499973297119141e+00 0.000000000000000000e+00 0.000000000000000000e+00
 4.995999813079833984e+00 0.000000000000000000e+00 0.000000000000000000e+00
 5.001500129699707031e+00 0.000000000000000000e+00 0.000000000000000000e+00
 5.006999969482421875e+00 0.000000000000000000e+00 0.000000000000000000e+00
 5.012499809265136719e+00 0.000000000000000000e+00 0.000000000000000000e+00
 5.018000125885009766e+00 0.000000000000000000e+00 0.000000000000000000e+00
 5.023499965667724609e+00 0.000000000000000000e+00 0.000000000000000000e+00
 5.028999805450439453e+00 0.000000000000000000e+00 0.000000000000000000e+00
 5.034500122070312500e+00 0.000000000000000000e+00 0.000000000000000000e+00
 5.039999961853027344e+00 0.000000000000000000e+00 0.000000000000000000e+00
 5.045499801635742188e+00 0.000000000000000000e+00 0.000000000000000000e+00
 5.051000118255615234e+00 0.000000000000000000e+00 0.000000000000000000e+00
 5.056499958038330078e+00 0.000000000000000000e+00 0.000000000000000000e+00
 5.061999797821044922e+00 0.000000000000000000e+00 0.000000000000000000e+00
 5.067500114440917969e+00 0.000000000000000000e+00 0.000000000000000000e+00
 5.072999954223632812e+00 0.000000000000000000e+00 0.000000000000000000e+00
 5.078499794006347656e+00 0.000000000000000000e+00 0.000000000000000000e+00
 5.084000110626220703e+00 0.000000000000000000e+00 0.000000000000000000e+00
 5.089499950408935547e+00 0.000000000000000000e+00 0.000000000000000000e+00
 5.094999790191650391e+00 0.000000000000000000e+00 0.000000000000000000e+00
 5.100500106811523438e+00 0.000000000000000000e+00 0.000000000000000000e+00
 5.105999946594238281e+00 0.000000000000000000e+00 0.000000000000000000e+00
 5.111499786376953125e+00 0.000000000000000000e+00 0.000000000000000000e+00
 5.117000102996826172e+00 0.000000000000000000e+00 0.000000000000000000e+00
 5.122499942779541016e+00 0.000000000000000000e+00 0.000000000000000000e+00
 5.127999782562255859e+00 0.000000000000000000e+00 0.000000000000000000e+00
 5.133500099182128906e+00 0.000000000000000000e+00 0.000000000000000000e+00
 5.138999938964843750e+00 0.000000000000000000e+00 0.000000000000000000e+00
 5.144499778747558594e+00 0.000000000000000000e+00 0.000000000000000000e+00
 5.150000095367431641e+00 0.000000000000000000e+00 0.000000000000000000e+00
 5.155499935150146484e+00 0.000000000000000000e+00 0.000000000000000000e+00
 5.160999774932861328e+00 0.000000000000000000e+00 0.000000000000000000e+00
 5.166500091552734375e+00 0.000000000000000000e+00 0.000000000000000000e+00
 5.171999931335449219e+00 0.000000000000000000e+00 0.000000000000000000e+00
 5.177499771118164062e+00 0.000000000000000000e+00 0.000000000000000000e+00
 5.183000087738037109e+00 0.000000000000000000e+00 0.000000000000000000e+00
 5.188499927520751953e+00 0.000000000000000000e+00 0.000000000000000000e+00
 5.193999767303466797e+00 0.000000000000000000e+00 0.000000000000000000e+00
 5.199500083923339844e+00 0.000000000000000000e+00 0.000000000000000000e+00
 5.204999923706054688e+00 0.000000000000000000e+00 0.000000000000000000e+00
 5.210499763488769531e+00 0.000000000000000000e+00 0.000000000000000000e+00
 5.216000080108642578e+00 0.000000000000000000e+00 0.000000000000000000e+00
 5.221499919891357422e+00 0.000000000000000000e+00 0.000000000000000000e+00
 5.227000236511230469e+00 0.000000000000000000e+00 0.000000000000000000e+00
 5.232500076293945312e+00 0.000000000000000000e+00 0.000000000000000000e+00
 5.237999916076660156e+00 0.000000000000000000e+00 0.000000000000000000e+00
 5.243500232696533203e+00 0.000000000000000000e+00 0.000000000000000000e+00
 5.249000072479248047e+00 0.000000000000000000e+00 0.000000000000000000e+00
 5.254499912261962891e+00 0.000000000000000000e+00 0.000000000000000000e+00
 5.260000228881835938e+00 0.000000000000000000e+00 0.000000000000000000e+00
 5.265500068664550781e+00 0.000000000000000000e+00 0.000000000000000000e+00
 5.270999908447265625e+00 0.000000000000000000e+00 0.000000000000000000e+00
 5.276500225067138672e+00 0.000000000000000000e+00 0.000000000000000000e+00
 5.282000064849853516e+00 0.000000000000000000e+00 0.000000000000000000e+00
 5.287499904632568359e+00 0.000000000000000000e+00 0.000000000000000000e+00
 5.293000221252441406e+00 0.000000000000000000e+00 0.000000000000000000e+00
 5.298500061035156250e+00 0.000000000000000000e+00 0.000000000000000000e+00
 5.303999900817871094e+00 0.000000000000000000e+00 0.000000000000000000e+00
 5.309500217437744141e+00 0.000000000000000000e+00 0.000000000000000000e+00
 5.315000057220458984e+00 0.000000000000000000e+00 0.000000000000000000e+00
 5.320499897003173828e+00 0.000000000000000000e+00 0.000000000000000000e+00
 5.326000213623046875e+00 0.000000000000000000e+00 0.000000000000000000e+00
 5.331500053405761719e+00 0.000000000000000000e+00 0.000000000000000000e+00
 5.336999893188476562e+00 0.000000000000000000e+00 0.000000000000000000e+00
 5.342500209808349609e+00 0.000000000000000000e+00 0.000000000000000000e+00
 5.348000049591064453e+00 0.000000000000000000e+00 0.000000000000000000e+00
 5.353499889373779297e+00 0.000000000000000000e+00 0.000000000000000000e+00
 5.359000205993652344e+00 0.000000000000000000e+00 0.000000000000000000e+00
 5.364500045776367188e+00 0.000000000000000000e+00 0.000000000000000000e+00
 5.369999885559082031e+00 0.000000000000000000e+00 0.000000000000000000e+00
 5.375500202178955078e+00 0.000000000000000000e+00 0.000000000000000000e+00
 5.381000041961669922e+00 0.000000000000000000e+00 0.000000000000000000e+00
 5.386499881744384766e+00 0.000000000000000000e+00 0.000000000000000000e+00
 5.392000198364257812e+00 0.000000000000000000e+00 0.000000000000000000e+00
 5.397500038146972656e+00 0.000000000000000000e+00 0.000000000000000000e+00
 5.402999877929687500e+00 0.000000000000000000e+00 0.000000000000000000e+00
 5.408500194549560547e+00 0.000000000000000000e+00 0.000000000000000000e+00
 5.414000034332275391e+00 0.000000000000000000e+00 0.000000000000000000e+00
 5.419499874114990234e+00 0.000000000000000000e+00 0.000000000000000000e+00
 5.425000190734863281e+00 0.000000000000000000e+00 0.000000000000000000e+00
 5.430500030517578125e+00 0.000000000000000000e+00 0.000000000000000000e+00
 5.435999870300292969e+00 0.000000000000000000e+00 0.000000000000000000e+00
 5.441500186920166016e+00 0.000000000000000000e+00 0.000000000000000000e+00
 5.447000026702880859e+00 0.000000000000000000e+00 0.000000000000000000e+00
 5.452499866485595703e+00 0.000000000000000000e+00 0.000000000000000000e+00
 5.458000183105468750e+00 0.000000000000000000e+00 0.000000000000000000e+00
 5.463500022888183594e+00 0.000000000000000000e+00 0.000000000000000000e+00
 5.468999862670898438e+00 0.000000000000000000e+00 0.000000000000000000e+00
 5.474500179290771484e+00 0.000000000000000000e+00 0.000000000000000000e+00
 5.480000019073486328e+00 0.000000000000000000e+00 0.000000000000000000e+00
 5.485499858856201172e+00 0.000000000000000000e+00 0.000000000000000000e+00
 5.491000175476074219e+00 0.000000000000000000e+00 0.000000000000000000e+00
 5.496500015258789062e+00 0.000000000000000000e+00 0.000000000000000000e+00
 5.501999855041503906e+00 0.000000000000000000e+00 0.000000000000000000e+00
 5.507500171661376953e+00 0.000000000000000000e+00 0.000000000000000000e+00
 5.513000011444091797e+00 0.000000000000000000e+00 0.000000000000000000e+00
 5.518499851226806641e+00 0.000000000000000000e+00 0.000000000000000000e+00
 5.524000167846679688e+00 0.000000000000000000e+00 0.000000000000000000e+00
 5.529500007629394531e+00 0.000000000000000000e+00 0.000000000000000000e+00
 5.534999847412109375e+00 0.000000000000000000e+00 0.000000000000000000e+00
 5.540500164031982422e+00 0.000000000000000000e+00 0.000000000000000000e+00
 5.546000003814697266e+00 0.000000000000000000e+00 0.000000000000000000e+00
 5.551499843597412109e+00 0.000000000000000000e+00 0.000000000000000000e+00
 5.557000160217285156e+00 0.000000000000000000e+00 0.000000000000000000e+00
 5.562500000000000000e+00 0.000000000000000000e+00 0.000000000000000000e+00
 5.567999839782714844e+00 0.000000000000000000e+00 0.000000000000000000e+00
 5.573500156402587891e+00 0.000000000000000000e+00 0.000000000000000000e+00
 5.578999996185302734e+00 0.000000000000000000e+00 0.000000000000000000e+00
 5.584499835968017578e+00 0.000000000000000000e+00 0.000000000000000000e+00
 5.590000152587890625e+00 0.000000000000000000e+00 0.000000000000000000e+00
 5.595499992370605469e+00 0.000000000000000000e+00 0.000000000000000000e+00
 5.600999832153320312e+00 0.000000000000000000e+00 0.000000000000000000e+00
 5.606500148773193359e+00 0.000000000000000000e+00 0.000000000000000000e+00
 5.611999988555908203e+00 0.000000000000000000e+00 0.000000000000000000e+00
 5.617499828338623047e+00 0.000000000000000000e+00 0.000000000000000000e+00
 5.623000144958496094e+00 0.000000000000000000e+00 0.000000000000000000e+00
 5.628499984741210938e+00 0.000000000000000000e+00 0.000000000000000000e+00
 5.633999824523925781e+00 0.000000000000000000e+00 0.000000000000000000e+00
 5.639500141143798828e+00 0.000000000000000000e+00 0.000000000000000000e+00
 5.644999980926513672e+00 0.000000000000000000e+00 0.000000000000000000e+00
 5.650499820709228516e+00 0.000000000000000000e+00 0.000000000000000000e+00
 5.656000137329101562e+00 0.000000000000000000e+00 0.000000000000000000e+00
 5.661499977111816406e+00 0.000000000000000000e+00 0.000000000000000000e+00
 5.666999816894531250e+00 0.000000000000000000e+00 0.000000000000000000e+00
 5.672500133514404297e+00 0.000000000000000000e+00 0.000000000000000000e+00
 5.677999973297119141e+00 0.000000000000000000e+00 0.000000000000000000e+00
 5.683499813079833984e+00 0.000000000000000000e+00 0.000000000000000000e+00
 5.689000129699707031e+00 0.000000000000000000e+00 0.000000000000000000e+00
 5.694499969482421875e+00 0.000000000000000000e+00 0.000000000000000000e+00
 5.699999809265136719e+00 0.000000000000000000e+00 0.000000000000000000e+00
 5.705500125885009766e+00 0.000000000000000000e+00 0.000000000000000000e+00
 5.710999965667724609e+00 0.000000000000000000e+00 0.000000000000000000e+00
 5.716499805450439453e+00 0.000000000000000000e+00 0.000000000000000000e+00
 5.722000122070312500e+00 0.000000000000000000e+00 0.000000000000000000e+00
 5.727499961853027344e+00 0.000000000000000000e+00 0.000000000000000000e+00
 5.732999801635742188e+00 0.000000000000000000e+00 0.000000000000000000e+00
 5.738500118255615234e+00 0.000000000000000000e+00 0.000000000000000000e+00
 5.743999958038330078e+00 0.000000000000000000e+00 0.000000000000000000e+00
 5.749499797821044922e+00 0.000000000000000000e+00 0.000000000000000000e+00
 5.755000114440917969e+00 0.000000000000000000e+00 0.000000000000000000e+00
 5.760499954223632812e+00 0.000000000000000000e+00 0.000000000000000000e+00
 5.765999794006347656e+00 0.000000000000000000e+00 0.000000000000000000e+00
 5.771500110626220703e+00 0.000000000000000000e+00 0.000000000000000000e+00
 5.776999950408935547e+00 0.000000000000000000e+00 0.000000000000000000e+00
 5.782499790191650391e+00 0.000000000000000000e+00 0.000000000000000000e+00
 5.788000106811523438e+00 0.000000000000000000e+00 0.000000000000000000e+00
 5.793499946594238281e+00 0.000000000000000000e+00 0.000000000000000000e+00
 5.798999786376953125e+00 0.000000000000000000e+00 0.000000000000000000e+00
 5.804500102996826172e+00 0.000000000000000000e+00 0.000000000000000000e+00
 5.809999942779541016e+00 0.000000000000000000e+00 0.000000000000000000e+00
 5.815499782562255859e+00 0.000000000000000000e+00 0.000000000000000000e+00
 5.821000099182128906e+00 0.000000000000000000e+00 0.000000000000000000e+00
 5.826499938964843750e+00 0.000000000000000000e+00 0.000000000000000000e+00
 5.831999778747558594e+00 0.000000000000000000e+00 0.000000000000000000e+00
 5.837500095367431641e+00 0.000000000000000000e+00 0.000000000000000000e+00
 5.842999935150146484e+00 0.000000000000000000e+00 0.000000000000000000e+00
 5.848499774932861328e+00 0.000000000000000000e+00 0.000000000000000000e+00
 5.854000091552734375e+00 0.000000000000000000e+00 0.000000000000000000e+00
 5.859499931335449219e+00 0.000000000000000000e+00 0.000000000000000000e+00
 5.864999771118164062e+00 0.000000000000000000e+00 0.000000000000000000e+00
 5.870500087738037109e+00 0.000000000000000000e+00 0.000000000000000000e+00
 5.875999927520751953e+00 0.000000000000000000e+00 0.000000000000000000e+00
 5.881499767303466797e+00 0.000000000000000000e+00 0.000000000000000000e+00
 5.887000083923339844e+00 0.000000000000000000e+00 0.000000000000000000e+00
 5.892499923706054688e+00 0.000000000000000000e+00 0.000000000000000000e+00
 5.897999763488769531e+00 0.000000000000000000e+00 0.000000000000000000e+00
 5.903500080108642578e+00 0.000000000000000000e+00 0.000000000000000000e+00
 5.908999919891357422e+00 0.000000000000000000e+00 0.000000000000000000e+00
 5.914500236511230469e+00 0.000000000000000000e+00 0.000000000000000000e+00
 5.920000076293945312e+00 0.000000000000000000e+00 0.000000000000000000e+00
 5.925499916076660156e+00 0.000000000000000000e+00 0.000000000000000000e+00
 5.931000232696533203e+00 0.000000000000000000e+00 0.000000000000000000e+00
 5.936500072479248047e+00 0.000000000000000000e+00 0.000000000000000000e+00
 5.941999912261962891e+00 0.000000000000000000e+00 0.000000000000000000e+00
 5.947500228881835938e+00 0.000000000000000000e+00 0.000000000000000000e+00
 5.953000068664550781e+00 0.000000000000000000e+00 0.000000000000000000e+00
 5.958499908447265625e+00 0.000000000000000000e+00 0.000000000000000000e+00
 5.964000225067138672e+00 0.000000000000000000e+00 0.000000000000000000e+00
 5.969500064849853516e+00 0.000000000000000000e+00 0.000000000000000000e+00
 5.974999904632568359e+00 0.000000000000000000e+00 0.000000000000000000e+00
 5.980500221252441406e+00 0.000000000000000000e+00 0.000000000000000000e+00
 5.986000061035156250e+00 0.000000000000000000e+00 0.000000000000000000e+00
 5.991499900817871094e+00 0.000000000000000000e+00 0.000000000000000000e+00
 5.997000217437744141e+00 0.000000000000000000e+00 0.000000000000000000e+00
 6.002500057220458984e+00 0.000000000000000000e+00 0.000000000000000000e+00
 6.007999897003173828e+00 0.000000000000000000e+00 0.000000000000000000e+00
 6.013500213623046875e+00 0.000000000000000000e+00 0.000000000000000000e+00
 6.019000053405761719e+00 0.000000000000000000e+00 0.000000000000000000e+00
 6.024499893188476562e+00 0.000000000000000000e+00 0.000000000000000000e+00
 6.030000209808349609e+00 0.000000000000000000e+00 0.000000000000000000e+00
 6.035500049591064453e+00 0.000000000000000000e+00 0.000000000000000000e+00
 6.040999889373779297e+00 0.000000000000000000e+00 0.000000000000000000e+00
 6.046500205993652344e+00 0.000000000000000000e+00 0.000000000000000000e+00
 6.052000045776367188e+00 0.000000000000000000e+00 0.000000000000000000e+00
 6.057499885559082031e+00 0.000000000000000000e+00 0.000000000000000000e+00
 6.063000202178955078e+00 0.000000000000000000e+00 0.000000000000000000e+00
 6.068500041961669922e+00 0.000000000000000000e+00 0.000000000000000000e+00
 6.073999881744384766e+00 0.000000000000000000e+00 0.000000000000000000e+00
 6.079500198364257812e+00 0.000000000000000000e+00 0.000000000000000000e+00
 6.085000038146972656e+00 0.000000000000000000e+00 0.000000000000000000e+00
 6.090499877929687500e+00 0.000000000000000000e+00 0.000000000000000000e+00
 6.096000194549560547e+00 0.000000000000000000e+00 0.000000000000000000e+00
 6.101500034332275391e+00 0.000000000000000000e+00 0.000000000000000000e+00
 6.106999874114990234e+00 0.000000000000000000e+00 0.000000000000000000e+00
 6.112500190734863281e+00 0.000000000000000000e+00 0.000000000000000000e+00
 6.118000030517578125e+00 0.000000000000000000e+00 0.000000000000000000e+00
 6.123499870300292969e+00 0.000000000000000000e+00 0.000000000000000000e+00
 6.129000186920166016e+00 0.000000000000000000e+00 0.000000000000000000e+00
 6.134500026702880859e+00 0.000000000000000000e+00 0.000000000000000000e+00
 6.139999866485595703e+00 0.000000000000000000e+00 0.000000000000000000e+00
 6.145500183105468750e+00 0.000000000000000000e+00 0.000000000000000000e+00
 6.151000022888183594e+00 0.000000000000000000e+00 0.000000000000000000e+00
 6.156499862670898438e+00 0.000000000000000000e+00 0.000000000000000000e+00
 6.162000179290771484e+00 0.000000000000000000e+00 0.000000000000000000e+00
 6.167500019073486328e+00 0.000000000000000000e+00 0.000000000000000000e+00
 6.172999858856201172e+00 0.000000000000000000e+00 0.000000000000000000e+00
 6.178500175476074219e+00 0.000000000000000000e+00 0.000000000000000000e+00
 6.184000015258789062e+00 0.000000000000000000e+00 0.000000000000000000e+00
 6.189499855041503906e+00 0.000000000000000000e+00 0.000000000000000000e+00
 6.195000171661376953e+00 0.000000000000000000e+00 0.000000000000000000e+00
 6.200500011444091797e+00 0.000000000000000000e+00 0.000000000000000000e+00
 6.205999851226806641e+00 0.000000000000000000e+00 0.000000000000000000e+00
 6.211500167846679688e+00 0.000000000000000000e+00 0.000000000000000000e+00
 6.217000007629394531e+00 0.000000000000000000e+00 0.000000000000000000e+00
 6.222499847412109375e+00 0.000000000000000000e+00 0.000000000000000000e+00
 6.228000164031982422e+00 0.000000000000000000e+00 0.000000000000000000e+00
 6.233500003814697266e+00 0.000000000000000000e+00 0.000000000000000000e+00
 6.238999843597412109e+00 0.000000000000000000e+00 0.000000000000000000e+00
 6.244500160217285156e+00 0.000000000000000000e+00 0.000000000000000000e+00
 6.250000000000000000e+00 0.000000000000000000e+00 0.000000000000000000e+00
 4.875000000000000000e+00 5.000000074505805969e-02 0.000000000000000000e+00
 4.880499839782714844e+00 5.000000074505805969e-02 0.000000000000000000e+00
 4.886000156402587891e+00 5.000000074505805969e-02 0.000000000000000000e+00
 4.891499996185302734e+00 5.000000074505805969e-02 0.000000000000000000e+00
 4.896999835968017578e+00 5.000000074505805969e-02 0.000000000000000000e+00
 4.902500152587890625e+00 5.000000074505805969e-02 0.000000000000000000e+00
 4.907999992370605469e+00 5.000000074505805969e-02 0.000000000000000000e+00
 4.913499832153320312e+00 5.000000074505805969e-02 0.000000000000000000e+00
 4.919000148773193359e+00 5.000000074505805969e-02 0.000000000000000000e+00
 4.924499988555908203e+00 5.000000074505805969e-02 0.000000000000000000e+00
 4.929999828338623047e+00 5.000000074505805969e-02 0.000000000000000000e+00
 4.935500144958496094e+00 5.000000074505805969e-02 0.000000000000000000e+00
 4.940999984741210938e+00 5.000000074505805969e-02 0.000000000000000000e+00
 4.946499824523925781e+00 5.000000074505805969e-02 0.000000000000000000e+00
 4.952000141143798828e+00 5.000000074505805969e-02 0.000000000000000000e+00
 4.957499980926513672e+00 5.000000074505805969e-02 0.000000000000000000e+00
 4.962999820709228516e+00 5.000000074505805969e-02 0.000000000000000000e+00
 4.968500137329101562e+00 5.000000074505805969e-02 0.000000000000000000e+00
 4.973999977111816406e+00 5.000000074505805969e-02 0.000000000000000000e+00
 4.979499816894531250e+00 5.000000074505805969e-02 0.000000000000000000e+00
 4.985000133514404297e+00 5.000000074505805969e-02 0.000000000000000000e+00
 4.990499973297119141e+00 5.000000074505805969e-02 0.000000000000000000e+00
 4.995999813079833984e+00 5.000000074505805969e-02 0.000000000000000000e+00
 5.001500129699707031e+00 5.000000074505805969e-02 0.000000000000000000e+00
 5.006999969482421875e+00 5.000000074505805969e-02 0.000000000000000000e+00
 5.012499809265136719e+00 5.000000074505805969e-02 0.000000000000000000e+00
 5.018000125885009766e+00 5.000000074505805969e-02 0.000000000000000000e+00
 5.023499965667724609e+00 5.000000074505805969e-02 0.000000000000000000e+00
 5.028999805450439453e+00 5.000000074505805969e-02 0.000000000000000000e+00
 5.034500122070312500e+00 5.000000074505805969e-02 0.000000000000000000e+00
 5.039999961853027344e+00 5.000000074505805969e-02 0.000000000000000000e+00
 5.045499801635742188e+00 5.000000074505805969e-02 0.000000000000000000e+00
 5.051000118255615234e+00 5.000000074505805969e-02 0.000000000000000000e+00
 5.056499958038330078e+00 5.000000074505805969e-02 0.000000000000000000e+00
 5.061999797821044922e+00 5.000000074505805969e-02 0.000000000000000000e+00
 5.067500114440917969e+00 5.000000074505805969e-02 0.000000000000000000e+00
 5.072999954223632812e+00 5.000000074505805969e-02 0.000000000000000000e+00
 5.078499794006347656e+00 5.000000074505805969e-02 0.000000000000000000e+00
 5.084000110626220703e+00 5.000000074505805969e-02 0.000000000000000000e+00
 5.089499950408935547e+00 5.000000074505805969e-02 0.000000000000000000e+00
 5.094999790191650391e+00 5.000000074505805969e-02 0.000000000000000000e+00
 5.100500106811523438e+00 5.000000074505805969e-02 0.000000000000000000e+00
 5.105999946594238281e+00 5.000000074505805969e-02 0.000000000000000000e+00
 5.111499786376953125e+00 5.000000074505805969e-02 0.000000000000000000e+00
 5.117000102996826172e+00 5.000000074505805969e-02 0.000000000000000000e+00
 5.122499942779541016e+00 5.000000074505805969e-02 0.000000000000000000e+00
 5.127999782562255859e+00 5.000000074505805969e-02 0.000000000000000000e+00
 5.133500099182128906e+00 5.000000074505805969e-02 0.000000000000000000e+00
 5.138999938964843750e+00 5.000000074505805969e-02 0.000000000000000000e+00
 5.144499778747558594e+00 5.000000074505805969e-02 0.000000000000000000e+00
 5.150000095367431641e+00 5.000000074505805969e-02 0.000000000000000000e+00
 5.155499935150146484e+00 5.000000074505805969e-02 0.000000000000000000e+00
 5.160999774932861328e+00 5.000000074505805969e-02 0.000000000000000000e+00
 5.166500091552734375e+00 5.000000074505805969e-02 0.000000000000000000e+00
 5.171999931335449219e+00 5.000000074505805969e-02 0.000000000000000000e+00
 5.177499771118164062e+00 5.000000074505805969e-02 0.000000000000000000e+00
 5.183000087738037109e+00 5.000000074505805969e-02 0.000000000000000000e+00
 5.188499927520751953e+00 5.000000074505805969e-02 0.000000000000000000e+00
 5.193999767303466797e+00 5.000000074505805969e-02 0.000000000000000000e+00
 5.199500083923339844e+00 5.000000074505805969e-02 0.000000000000000000e+00
 5.204999923706054688e+00 5.000000074505805969e-02 0.000000000000000000e+00
 5.210499763488769531e+00 5.000000074505805969e-02 0.000000000000000000e+00
 5.216000080108642578e+00 5.000000074505805969e-02 0.000000000000000000e+00
 5.221499919891357422e+00 5.000000074505805969e-02 0.000000000000000000e+00
 5.227000236511230469e+00 5.000000074505805969e-02 0.000000000000000000e+00
 5.232500076293945312e+00 5.000000074505805969e-02 0.000000000000000000e+00
 5.237999916076660156e+00 5.000000074505805969e-02 0.000000000000000000e+00
 5.243500232696533203e+00 5.000000074505805969e-02 0.000000000000000000e+00
 5.249000072479248047e+00 5.000000074505805969e-02 0.000000000000000000e+00
 5.254499912261962891e+00 5.000000074505805969e-02 0.000000000000000000e+00
 5.260000228881835938e+00 5.000000074505805969e-02 0.000000000000000000e+00
 5.265500068664550781e+00 5.000000074505805969e-02 0.000000000000000000e+00
 5.270999908447265625e+00 5.000000074505805969e-02 0.000000000000000000e+00
 5.276500225067138672e+00 5.000000074505805969e-02 0.000000000000000000e+00
 5.282000064849853516e+00 5.000000074505805969e-02 0.000000000000000000e+00
 5.287499904632568359e+00 5.000000074505805969e-02 0.000000000000000000e+00
 5.293000221252441406e+00 5.000000074505805969e-02 0.000000000000000000e+00
 5.298500061035156250e+00 5.000000074505805969e-02 0.000000000000000000e+00
 5.303999900817871094e+00 5.000000074505805969e-02 0.000000000000000000e+00
 5.309500217437744141e+00 5.000000074505805969e-02 0.000000000000000000e+00
 5.315000057220458984e+00 5.000000074505805969e-02 0.000000000000000000e+00
 5.320499897003173828e+00 5.000000074505805969e-02 0.000000000000000000e+00
 5.326000213623046875e+00 5.000000074505805969e-02 0.000000000000000000e+00
 5.331500053405761719e+00 5.000000074505805969e-02 0.000000000000000000e+00
 5.336999893188476562e+00 5.000000074505805969e-02 0.000000000000000000e+00
 5.342500209808349609e+00 5.000000074505805969e-02 0.000000000000000000e+00
 5.348000049591064453e+00 5.000000074505805969e-02 0.000000000000000000e+00
 5.353499889373779297e+00 5.000000074505805969e-02 0.000000000000000000e+00
 5.359000205993652344e+00 5.000000074505805969e-02 0.000000000000000000e+00
 5.364500045776367188e+00 5.000000074505805969e-02 0.000000000000000000e+00
 5.369999885559082031e+00 5.000000074505805969e-02 0.000000000000000000e+00
 5.375500202178955078e+00 5.000000074505805969e-02 0.000000000000000000e+00
 5.381000041961669922e+00 5.000000074505805969e-02 0.000000000000000000e+00
 5.386499881744384766e+00 5.000000074505805969e-02 0.000000000000000000e+00
 5.392000198364257812e+00 5.000000074505805969e-02 0.000000000000000000e+00
 5.397500038146972656e+00 5.000000074505805969e-02 0.000000000000000000e+00
 5.402999877929687500e+00 5.000000074505805969e-02 0.000000000000000000e+00
 5.408500194549560547e+00 5.000000074505805969e-02 0.000000000000000000e+00
 5.414000034332275391e+00 5.000000074505805969e-02 0.000000000000000000e+00
 5.419499874114990234e+00 5.000000074505805969e-02 0.000000000000000000e+00
 5.425000190734863281e+00 5.000000074505805969e-02 0.000000000000000000e+00
 5.430500030517578125e+00 5.000000074505805969e-02 0.000000000000000000e+00
 5.435999870300292969e+00 5.000000074505805969e-02 0.000000000000000000e+00
 5.441500186920166016e+00 5.000000074505805969e-02 0.000000000000000000e+00
 5.447000026702880859e+00 5.000000074505805969e-02 0.000000000000000000e+00
 5.452499866485595703e+00 5.000000074505805969e-02 0.000000000000000000e+00
 5.458000183105468750e+00 5.000000074505805969e-02 0.000000000000000000e+00
 5.463500022888183594e+00 5.000000074505805969e-02 0.000000000000000000e+00
 5.468999862670898438e+00 5.000000074505805969e-02 0.000000000000000000e+00
 5.474500179290771484e+00 5.000000074505805969e-02 0.000000000000000000e+00
 5.480000019073486328e+00 5.000000074505805969e-02 0.000000000000000000e+00
 5.485499858856201172e+00 5.000000074505805969e-02 0.000000000000000000e+00
 5.491000175476074219e+00 5.000000074505805969e-02 0.000000000000000000e+00
 5.496500015258789062e+00 5.000000074505805969e-02 0.000000000000000000e+00
 5.501999855041503906e+00 5.000000074505805969e-02 0.000000000000000000e+00
 5.507500171661376953e+00 5.000000074505805969e-02 0.000000000000000000e+00
 5.513000011444091797e+00 5.000000074505805969e-02 0.000000000000000000e+00
 5.518499851226806641e+00 5.000000074505805969e-02 0.000000000000000000e+00
 5.524000167846679688e+00 5.000000074505805969e-02 0.000000000000000000e+00
 5.529500007629394531e+00 5.000000074505805969e-02 0.000000000000000000e+00
 5.534999847412109375e+00 5.000000074505805969e-02 0.000000000000000000e+00
 5.540500164031982422e+00 5.000000074505805969e-02 0.000000000000000000e+00
 5.546000003814697266e+00 5.000000074505805969e-02 0.000000000000000000e+00
 5.551499843597412109e+00 5.000000074505805969e-02 0.000000000000000000e+00
 5.557000160217285156e+00 5.000000074505805969e-02 0.000000000000000000e+00
 5.562500000000000000e+00 5.000000074505805969e-02 0.000000000000000000e+00
 5.567999839782714844e+00 5.000000074505805969e-02 0.000000000000000000e+00
 5.573500156402587891e+00 5.000000074505805969e-02 0.000000000000000000e+00
 5.578999996185302734e+00 5.000000074505805969e-02 0.000000000000000000e+00
 5.584499835968017578e+00 5.000000074505805969e-02 0.000000000000000000e+00
 5.590000152587890625e+00 5.000000074505805969e-02 0.000000000000000000e+00
 5.595499992370605469e+00 5.000000074505805969e-02 0.000000000000000000e+00
 5.600999832153320312e+00 5.000000074505805969e-02 0.000000000000000000e+00
 5.606500148773193359e+00 5.000000074505805969e-02 0.000000000000000000e+00
 5.611999988555908203e+00 5.000000074505805969e-02 0.000000000000000000e+00
 5.617499828338623047e+00 5.000000074505805969e-02 0.000000000000000000e+00
 5.623000144958496094e+00 5.000000074505805969e-02 0.000000000000000000e+00
 5.628499984741210938e+00 5.000000074505805969e-02 0.000000000000000000e+00
 5.633999824523925781e+00 5.000000074505805969e-02 0.000000000000000000e+00
 5.639500141143798828e+00 5.000000074505805969e-02 0.000000000000000000e+00
 5.644999980926513672e+00 5.000000074505805969e-02 0.000000000000000000e+00
 5.650499820709228516e+00 5.000000074505805969e-02 0.000000000000000000e+00
 5.656000137329101562e+00 5.000000074505805969e-02 0.000000000000000000e+00
 5.661499977111816406e+00 5.000000074505805969e-02 0.000000000000000000e+00
 5.666999816894531250e+00 5.000000074505805969e-02 0.000000000000000000e+00
 5.672500133514404297e+00 5.000000074505805969e-02 0.000000000000000000e+00
 5.677999973297119141e+00 5.000000074505805969e-02 0.000000000000000000e+00
 5.683499813079833984e+00 5.000000074505805969e-02 0.000000000000000000e+00
 5.689000129699707031e+00 5.000000074505805969e-02 0.000000000000000000e+00
 5.694499969482421875e+00 5.000000074505805969e-02 0.000000000000000000e+00
 5.699999809265136719e+00 5.000000074505805969e-02 0.000000000000000000e+00
 5.705500125885009766e+00 5.000000074505805969e-02 0.000000000000000000e+00
 5.710999965667724609e+00 5.000000074505805969e-02 0.000000000000000000e+00
 5.716499805450439453e+00 5.000000074505805969e-02 0.000000000000000000e+00
 5.722000122070312500e+00 5.000000074505805969e-02 0.000000000000000000e+00
 5.727499961853027344e+00 5.000000074505805969e-02 0.000000000000000000e+00
 5.732999801635742188e+00 5.000000074505805969e-02 0.000000000000000000e+00
 5.738500118255615234e+00 5.000000074505805969e-02 0.000000000000000000e+00
 5.743999958038330078e+00 5.000000074505805969e-02 0.000000000000000000e+00
 5.749499797821044922e+00 5.000000074505805969e-02 0.000000000000000000e+00
 5.755000114440917969e+00 5.000000074505805969e-02 0.000000000000000000e+00
 5.760499954223632812e+00 5.000000074505805969e-02 0.000000000000000000e+00
 5.765999794006347656e+00 5.000000074505805969e-02 0.000000000000000000e+00
 5.771500110626220703e+00 5.000000074505805969e-02 0.000000000000000000e+00
 5.776999950408935547e+00 5.000000074505805969e-02 0.000000000000000000e+00
 5.782499790191650391e+00 5.000000074505805969e-02 0.000000000000000000e+00
 5.788000106811523438e+00 5.000000074505805969e-02 0.000000000000000000e+00
 5.793499946594238281e+00 5.000000074505805969e-02 0.000000000000000000e+00
 5.798999786376953125e+00 5.000000074505805969e-02 0.000000000000000000e+00
 5.804500102996826172e+00 5.000000074505805969e-02 0.000000000000000000e+00
 5.809999942779541016e+00 5.000000074505805969e-02 0.000000000000000000e+00
 5.815499782562255859e+00 5.000000074505805969e-02 0.000000000000000000e+00
 5.821000099182128906e+00 5.000000074505805969e-02 0.000000000000000000e+00
 5.826499938964843750e+00 5.000000074505805969e-02 0.000000000000000000e+00
 5.831999778747558594e+00 5.000000074505805969e-02 0.000000000000000000e+00
 5.837500095367431641e+00 5.000000074505805969e-02 0.000000000000000000e+00
 5.842999935150146484e+00 5.000000074505805969e-02 0.000000000000000000e+00
 5.848499774932861328e+00 5.000000074505805969e-02 0.000000000000000000e+00
 5.854000091552734375e+00 5.000000074505805969e-02 0.000000000000000000e+00
 5.859499931335449219e+00 5.000000074505805969e-02 0.000000000000000000e+00
 5.864999771118164062e+00 5.000000074505805969e-02 0.000000000000000000e+00
 5.870500087738037109e+00 5.000000074505805969e-02 0.000000000000000000e+00
 5.875999927520751953e+00 5.000000074505805969e-02 0.000000000000000000e+00
 5.881499767303466797e+00 5.000000074505805969e-02 0.000000000000000000e+00
 5.887000083923339844e+00 5.000000074505805969e-02 0.000000000000000000e+00
 5.892499923706054688e+00 5.000000074505805969e-02 0.000000000000000000e+00
 5.897999763488769531e+00 5.000000074505805969e-02 0.000000000000000000e+00
 5.903500080108642578e+00 5.000000074505805969e-02 0.000000000000000000e+00
 5.908999919891357422e+00 5.000000074505805969e-02 0.000000000000000000e+00
 5.914500236511230469e+00 5.000000074505805969e-02 0.000000000000000000e+00
 5.920000076293945312e+00 5.000000074505805969e-02 0.000000000000000000e+00
 5.925499916076660156e+00 5.000000074505805969e-02 0.000000000000000000e+00
 5.931000232696533203e+00 5.000000074505805969e-02 0.000000000000000000e+00
 5.936500072479248047e+00 5.000000074505805969e-02 0.000000000000000000e+00
 5.941999912261962891e+00 5.000000074505805969e-02 0.000000000000000000e+00
 5.947500228881835938e+00 5.000000074505805969e-02 0.000000000000000000e+00
 5.953000068664550781e+00 5.000000074505805969e-02 0.000000000000000000e+00
 5.958499908447265625e+00 5.000000074505805969e-02 0.000000000000000000e+00
 5.964000225067138672e+00 5.000000074505805969e-02 0.000000000000000000e+00
 5.969500064849853516e+00 5.000000074505805969e-02 0.000000000000000000e+00
 5.974999904632568359e+00 5.000000074505805969e-02 0.000000000000000000e+00
 5.980500221252441406e+00 5.000000074505805969e-02 0.000000000000000000e+00
 5.986000061035156250e+00 5.000000074505805969e-02 0.000000000000000000e+00
 5.991499900817871094e+00 5.000000074505805969e-02 0.000000000000000000e+00
 5.997000217437744141e+00 5.000000074505805969e-02 0.000000000000000000e+00
 6.002500057220458984e+00 5.000000074505805969e-02 0.000000000000000000e+00
 6.007999897003173828e+00 5.000000074505805969e-02 0.000000000000000000e+00
 6.013500213623046875e+00 5.000000074505805969e-02 0.000000000000000000e+00
 6.019000053405761719e+00 5.000000074505805969e-02 0.000000000000000000e+00
 6.024499893188476562e+00 5.000000074505805969e-02 0.000000000000000000e+00
 6.030000209808349609e+00 5.000000074505805969e-02 0.000000000000000000e+00
 6.035500049591064453e+00 5.000000074505805969e-02 0.000000000000000000e+00
 6.040999889373779297e+00 5.000000074505805969e-02 0.000000000000000000e+00
 6.046500205993652344e+00 5.000000074505805969e-02 0.000000000000000000e+00
 6.052000045776367188e+00 5.000000074505805969e-02 0.000000000000000000e+00
 6.057499885559082031e+00 5.000000074505805969e-02 0.000000000000000000e+00
 6.063000202178955078e+00 5.000000074505805969e-02 0.000000000000000000e+00
 6.068500041961669922e+00 5.000000074505805969e-02 0.000000000000000000e+00
 6.073999881744384766e+00 5.000000074505805969e-02 0.000000000000000000e+00
 6.079500198364257812e+00 5.000000074505805969e-02 0.000000000000000000e+00
 6.085000038146972656e+00 5.000000074505805969e-02 0.000000000000000000e+00
 6.090499877929687500e+00 5.000000074505805969e-02 0.000000000000000000e+00
 6.096000194549560547e+00 5.000000074505805969e-02 0.000000000000000000e+00
 6.101500034332275391e+00 5.000000074505805969e-02 0.000000000000000000e+00
 6.106999874114990234e+00 5.000000074505805969e-02 0.000000000000000000e+00
 6.112500190734863281e+00 5.000000074505805969e-02 0.000000000000000000e+00
 6.118000030517578125e+00 5.000000074505805969e-02 0.000000000000000000e+00
 6.123499870300292969e+00 5.000000074505805969e-02 0.000000000000000000e+00
 6.129000186920166016e+00 5.000000074505805969e-02 0.000000000000000000e+00
 6.134500026702880859e+00 5.000000074505805969e-02 0.000000000000000000e+00
 6.139999866485595703e+00 5.000000074505805969e-02 0.000000000000000000e+00
 6.145500183105468750e+00 5.000000074505805969e-02 0.000000000000000000e+00
 6.151000022888183594e+00 5.000000074505805969e-02 0.000000000000000000e+00
 6.156499862670898438e+00 5.000000074505805969e-02 0.000000000000000000e+00
 6.162000179290771484e+00 5.000000074505805969e-02 0.000000000000000000e+00
 6.167500019073486328e+00 5.000000074505805969e-02 0.000000000000000000e+00
 6.172999858856201172e+00 5.000000074505805969e-02 0.000000000000000000e+00
 6.178500175476074219e+00 5.000000074505805969e-02 0.000000000000000000e+00
 6.184000015258789062e+00 5.000000074505805969e-02 0.000000000000000000e+00
 6.189499855041503906e+00 5.000000074505805969e-02 0.000000000000000000e+00
 6.195000171661376953e+00 5.000000074505805969e-02 0.000000000000000000e+00
 6.200500011444091797e+00 5.000000074505805969e-02 0.000000000000000000e+00
 6.205999851226806641e+00 5.000000074505805969e-02 0.000000000000000000e+00
 6.211500167846679688e+00 5.000000074505805969e-02 0.000000000000000000e+00
 6.217000007629394531e+00 5.000000074505805969e-02 0.000000000000000000e+00
 6.222499847412109375e+00 5.000000074505805969e-02 0.000000000000000000e+00
 6.228000164031982422e+00 5.000000074505805969e-02 0.000000000000000000e+00
 6.233500003814697266e+00 5.000000074505805969e-02 0.000000000000000000e+00
 6.238999843597412109e+00 5.000000074505805969e-02 0.000000000000000000e+00
 6.244500160217285156e+00 5.000000074505805969e-02 0.000000000000000000e+00
 6.250000000000000000e+00 5.000000074505805969e-02 0.000000000000000000e+00
 4.875000000000000000e+00 1.000000014901161194e-01 0.000000000000000000e+00
 4.880499839782714844e+00 1.000000014901161194e-01 0.000000000000000000e+00
 4.886000156402587891e+00 1.000000014901161194e-01 0.000000000000000000e+00
 4.891499996185302734e+00 1.000000014901161194e-01 0.000000000000000000e+00
 4.896999835968017578e+00 1.000000014901161194e-01 0.000000000000000000e+00
 4.902500152587890625e+00 1.000000014901161194e-01 0.000000000000000000e+00
 4.907999992370605469e+00 1.000000014901161194e-01 0.000000000000000000e+00
 4.913499832153320312e+00 1.000000014901161194e-01 0.000000000000000000e+00
 4.919000148773193359e+00 1.000000014901161194e-01 0.000000000000000000e+00
 4.924499988555908203e+00 1.000000014901161194e-01 0.000000000000000000e+00
 4.929999828338623047e+00 1.000000014901161194e-01 0.000000000000000000e+00
 4.935500144958496094e+00 1.000000014901161194e-01 0.000000000000000000e+00
 4.940999984741210938e+00 1.000000014901161194e-01 0.000000000000000000e+00
 4.946499824523925781e+00 1.000000014901161194e-01 0.000000000000000000e+00
 4.952000141143798828e+00 1.000000014901161194e-01 0.000000000000000000e+00
 4.957499980926513672e+00 1.000000014901161194e-01 0.000000000000000000e+00
 4.962999820709228516e+00 1.000000014901161194e-01 0.000000000000000000e+00
 4.968500137329101562e+00 1.000000014901161194e-01 0.000000000000000000e+00
 4.973999977111816406e+00 1.000000014901161194e-01 0.000000000000000000e+00
 4.979499816894531250e+00 1.000000014901161194e-01 0.000000000000000000e+00
 4.985000133514404297e+00 1.000000014901161194e-01 0.000000000000000000e+00
 4.990499973297119141e+00 1.000000014901161194e-01 0.000000000000000000e+00
 4.995999813079833984e+00 1.000000014901161194e-01 0.000000000000000000e+00
 5.001500129699707031e+00 1.000000014901161194e-01 0.000000000000000000e+00
 5.006999969482421875e+00 1.000000014901161194e-01 0.000000000000000000e+00
 5.012499809265136719e+00 1.000000014901161194e-01 0.000000000000000000e+00
 5.018000125885009766e+00 1.000000014901161194e-01 0.000000000000000000e+00
 5.023499965667724609e+00 1.000000014901161194e-01 0.000000000000000000e+00
 5.028999805450439453e+00 1.000000014901161194e-01 0.000000000000000000e+00
 5.034500122070312500e+00 1.000000014901161194e-01 0.000000000000000000e+00
 5.039999961853027344e+00 1.000000014901161194e-01 0.000000000000000000e+00
 5.045499801635742188e+00 1.000000014901161194e-01 0.000000000000000000e+00
 5.051000118255615234e+00 1.000000014901161194e-01 0.000000000000000000e+00
 5.056499958038330078e+00 1.000000014901161194e-01 0.000000000000000000e+00
 5.061999797821044922e+00 1.000000014901161194e-01 0.000000000000000000e+00
 5.067500114440917969e+00 1.000000014901161194e-01 0.000000000000000000e+00
 5.072999954223632812e+00 1.000000014901161194e-01 0.000000000000000000e+00
 5.078499794006347656e+00 1.000000014901161194e-01 0.000000000000000000e+00
 5.084000110626220703e+00 1.000000014901161194e-01 0.000000000000000000e+00
 5.089499950408935547e+00 1.000000014901161194e-01 0.000000000000000000e+00
 5.094999790191650391e+00 1.000000014901161194e-01 0.000000000000000000e+00
 5.100500106811523438e+00 1.000000014901161194e-01 0.000000000000000000e+00
 5.105999946594238281e+00 1.000000014901161194e-01 0.000000000000000000e+00
 5.111499786376953125e+00 1.000000014901161194e-01 0.000000000000000000e+00
 5.117000102996826172e+00 1.000000014901161194e-01 0.000000000000000000e+00
 5.122499942779541016e+00 1.000000014901161194e-01 0.000000000000000000e+00
 5.127999782562255859e+00 1.000000014901161194e-01 0.000000000000000000e+00
 5.133500099182128906e+00 1.000000014901161194e-01 0.000000000000000000e+00
 5.138999938964843750e+00 1.000000014901161194e-01 0.000000000000000000e+00
 5.144499778747558594e+00 1.000000014901161194e-01 0.000000000000000000e+00
 5.150000095367431641e+00 1.000000014901161194e-01 0.000000000000000000e+00
 5.155499935150146484e+00 1.000000014901161194e-01 0.000000000000000000e+00
 5.160999774932861328e+00 1.000000014901161194e-01 0.000000000000000000e+00
 5.166500091552734375e+00 1.000000014901161194e-01 0.000000000000000000e+00
 5.171999931335449219e+00 1.000000014901161194e-01 0.000000000000000000e+00
 5.177499771118164062e+00 1.000000014901161194e-01 0.000000000000000000e+00
 5.183000087738037109e+00 1.000000014901161194e-01 0.000000000000000000e+00
 5.188499927520751953e+00 1.000000014901161194e-01 0.000000000000000000e+00
 5.193999767303466797e+00 1.000000014901161194e-01 0.000000000000000000e+00
 5.199500083923339844e+00 1.000000014901161194e-01 0.000000000000000000e+00
 5.204999923706054688e+00 1.000000014901161194e-01 0.000000000000000000e+00
 5.210499763488769531e+00 1.000000014901161194e-01 0.000000000000000000e+00
 5.216000080108642578e+00 1.000000014901161194e-01 0.000000000000000000e+00
 5.221499919891357422e+00 1.000000014901161194e-01 0.000000000000000000e+00
 5.227000236511230469e+00 1.000000014901161194e-01 0.000000000000000000e+00
 5.232500076293945312e+00 1.000000014901161194e-01 0.000000000000000000e+00
 5.237999916076660156e+00 1.000000014901161194e-01 0.000000000000000000e+00
 5.243500232696533203e+00 1.000000014901161194e-01 0.000000000000000000e+00
 5.249000072479248047e+00 1.000000014901161194e-01 0.000000000000000000e+00
 5.254499912261962891e+00 1.000000014901161194e-01 0.000000000000000000e+00
 5.260000228881835938e+00 1.000000014901161194e-01 0.000000000000000000e+00
 5.265500068664550781e+00 1.000000014901161194e-01 0.000000000000000000e+00
 5.270999908447265625e+00 1.000000014901161194e-01 0.000000000000000000e+00
 5.276500225067138672e+00 1.000000014901161194e-01 0.000000000000000000e+00
 5.282000064849853516e+00 1.000000014901161194e-01 0.000000000000000000e+00
 5.287499904632568359e+00 1.000000014901161194e-01 0.000000000000000000e+00
 5.293000221252441406e+00 1.000000014901161194e-01 0.000000000000000000e+00
 5.298500061035156250e+00 1.000000014901161194e-01 0.000000000000000000e+00
 5.303999900817871094e+00 1.000000014901161194e-01 0.000000000000000000e+00
 5.309500217437744141e+00 1.000000014901161194e-01 0.000000000000000000e+00
 5.315000057220458984e+00 1.000000014901161194e-01 0.000000000000000000e+00
 5.320499897003173828e+00 1.000000014901161194e-01 0.000000000000000000e+00
 5.326000213623046875e+00 1.000000014901161194e-01 0.000000000000000000e+00
 5.331500053405761719e+00 1.000000014901161194e-01 0.000000000000000000e+00
 5.336999893188476562e+00 1.000000014901161194e-01 0.000000000000000000e+00
 5.342500209808349609e+00 1.000000014901161194e-01 0.000000000000000000e+00
 5.348000049591064453e+00 1.000000014901161194e-01 0.000000000000000000e+00
 5.353499889373779297e+00 1.000000014901161194e-01 0.000000000000000000e+00
 5.359000205993652344e+00 1.000000014901161194e-01 0.000000000000000000e+00
 5.364500045776367188e+00 1.000000014901161194e-01 0.000000000000000000e+00
 5.369999885559082031e+00 1.000000014901161194e-01 0.000000000000000000e+00
 5.375500202178955078e+00 1.000000014901161194e-01 0.000000000000000000e+00
 5.381000041961669922e+00 1.000000014901161194e-01 0.000000000000000000e+00
 5.386499881744384766e+00 1.000000014901161194e-01 0.000000000000000000e+00
 5.392000198364257812e+00 1.000000014901161194e-01 0.000000000000000000e+00
 5.397500038146972656e+00 1.000000014901161194e-01 0.000000000000000000e+00
 5.402999877929687500e+00 1.000000014901161194e-01 0.000000000000000000e+00
 5.408500194549560547e+00 1.000000014901161194e-01 0.000000000000000000e+00
 5.414000034332275391e+00 1.000000014901161194e-01 0.000000000000000000e+00
 5.419499874114990234e+00 1.000000014901161194e-01 0.000000000000000000e+00
 5.425000190734863281e+00 1.000000014901161194e-01 0.000000000000000000e+00
 5.430500030517578125e+00 1.000000014901161194e-01 0.000000000000000000e+00
 5.435999870300292969e+00 1.000000014901161194e-01 0.000000000000000000e+00
 5.441500186920166016e+00 1.000000014901161194e-01 0.000000000000000000e+00
 5.447000026702880859e+00 1.000000014901161194e-01 0.000000000000000000e+00
 5.452499866485595703e+00 1.000000014901161194e-01 0.000000000000000000e+00
 5.458000183105468750e+00 1.000000014901161194e-01 0.000000000000000000e+00
 5.463500022888183594e+00 1.000000014901161194e-01 0.000000000000000000e+00
 5.468999862670898438e+00 1.000000014901161194e-01 0.000000000000000000e+00
 5.474500179290771484e+00 1.000000014901161194e-01 0.000000000000000000e+00
 5.480000019073486328e+00 1.000000014901161194e-01 0.000000000000000000e+00
 5.485499858856201172e+00 1.000000014901161194e-01 0.000000000000000000e+00
 5.491000175476074219e+00 1.000000014901161194e-01 0.000000000000000000e+00
 5.496500015258789062e+00 1.000000014901161194e-01 0.000000000000000000e+00
 5.501999855041503906e+00 1.000000014901161194e-01 0.000000000000000000e+00
 5.507500171661376953e+00 1.000000014901161194e-01 0.000000000000000000e+00
 5.513000011444091797e+00 1.000000014901161194e-01 0.000000000000000000e+00
 5.518499851226806641e+00 1.000000014901161194e-01 0.000000000000000000e+00
 5.524000167846679688e+00 1.000000014901161194e-01 0.000000000000000000e+00
 5.529500007629394531e+00 1.000000014901161194e-01 0.000000000000000000e+00
 5.534999847412109375e+00 1.000000014901161194e-01 0.000000000000000000e+00
 5.540500164031982422e+00 1.000000014901161194e-01 0.000000000000000000e+00
 5.546000003814697266e+00 1.000000014901161194e-01 0.000000000000000000e+00
 5.551499843597412109e+00 1.000000014901161194e-01 0.000000000000000000e+00
 5.557000160217285156e+00 1.000000014901161194e-01 0.000000000000000000e+00
 5.562500000000000000e+00 1.000000014901161194e-01 0.000000000000000000e+00
 5.567999839782714844e+00 1.000000014901161194e-01 0.000000000000000000e+00
 5.573500156402587891e+00 1.000000014901161194e-01 0.000000000000000000e+00
 5.578999996185302734e+00 1.000000014901161194e-01 0.000000000000000000e+00
 5.584499835968017578e+00 1.000000014901161194e-01 0.000000000000000000e+00
 5.590000152587890625e+00 1.000000014901161194e-01 0.000000000000000000e+00
 5.595499992370605469e+00 1.000000014901161194e-01 0.000000000000000000e+00
 5.600999832153320312e+00 1.000000014901161194e-01 0.000000000000000000e+00
 5.606500148773193359e+00 1.000000014901161194e-01 0.000000000000000000e+00
 5.611999988555908203e+00 1.000000014901161194e-01 0.000000000000000000e+00
 5.617499828338623047e+00 1.000000014901161194e-01 0.000000000000000000e+00
 5.623000144958496094e+00 1.000000014901161194e-01 0.000000000000000000e+00
 5.628499984741210938e+00 1.000000014901161194e-01 0.000000000000000000e+00
 5.633999824523925781e+00 1.000000014901161194e-01 0.000000000000000000e+00
 5.639500141143798828e+00 1.000000014901161194e-01 0.000000000000000000e+00
 5.644999980926513672e+00 1.000000014901161194e-01 0.000000000000000000e+00
 5.650499820709228516e+00 1.000000014901161194e-01 0.000000000000000000e+00
 5.656000137329101562e+00 1.000000014901161194e-01 0.000000000000000000e+00
 5.661499977111816406e+00 1.000000014901161194e-01 0.000000000000000000e+00
 5.666999816894531250e+00 1.000000014901161194e-01 0.000000000000000000e+00
 5.672500133514404297e+00 1.000000014901161194e-01 0.000000000000000000e+00
 5.677999973297119141e+00 1.000000014901161194e-01 0.000000000000000000e+00
 5.683499813079833984e+00 1.000000014901161194e-01 0.000000000000000000e+00
 5.689000129699707031e+00 1.000000014901161194e-01 0.000000000000000000e+00
 5.694499969482421875e+00 1.000000014901161194e-01 0.000000000000000000e+00
 5.699999809265136719e+00 1.000000014901161194e-01 0.000000000000000000e+00
 5.705500125885009766e+00 1.000000014901161194e-01 0.000000000000000000e+00
 5.710999965667724609e+00 1.000000014901161194e-01 0.000000000000000000e+00
 5.716499805450439453e+00 1.000000014901161194e-01 0.000000000000000000e+00
 5.722000122070312500e+00 1.000000014901161194e-01 0.000000000000000000e+00
 5.727499961853027344e+00 1.000000014901161194e-01 0.000000000000000000e+00
 5.732999801635742188e+00 1.000000014901161194e-01 0.000000000000000000e+00
 5.738500118255615234e+00 1.000000014901161194e-01 0.000000000000000000e+00
 5.743999958038330078e+00 1.000000014901161194e-01 0.000000000000000000e+00
 5.749499797821044922e+00 1.000000014901161194e-01 0.000000000000000000e+00
 5.755000114440917969e+00 1.000000014901161194e-01 0.000000000000000000e+00
 5.760499954223632812e+00 1.000000014901161194e-01 0.000000000000000000e+00
 5.765999794006347656e+00 1.000000014901161194e-01 0.000000000000000000e+00
 5.771500110626220703e+00 1.000000014901161194e-01 0.000000000000000000e+00
 5.776999950408935547e+00 1.000000014901161194e-01 0.000000000000000000e+00
 5.782499790191650391e+00 1.000000014901161194e-01 0.000000000000000000e+00
 5.788000106811523438e+00 1.000000014901161194e-01 0.000000000000000000e+00
 5.793499946594238281e+00 1.000000014901161194e-01 0.000000000000000000e+00
 5.798999786376953125e+00 1.000000014901161194e-01 0.000000000000000000e+00
 5.804500102996826172e+00 1.000000014901161194e-01 0.000000000000000000e+00
 5.809999942779541016e+00 1.000000014901161194e-01 0.000000000000000000e+00
 5.815499782562255859e+00 1.000000014901161194e-01 0.000000000000000000e+00
 5.821000099182128906e+00 1.000000014901161194e-01 0.000000000000000000e+00
 5.826499938964843750e+00 1.000000014901161194e-01 0.000000000000000000e+00
 5.831999778747558594e+00 1.000000014901161194e-01 0.000000000000000000e+00
 5.837500095367431641e+00 1.000000014901161194e-01 0.000000000000000000e+00
 5.842999935150146484e+00 1.000000014901161194e-01 0.000000000000000000e+00
 5.848499774932861328e+00 1.000000014901161194e-01 0.000000000000000000e+00
 5.854000091552734375e+00 1.000000014901161194e-01 0.000000000000000000e+00
 5.859499931335449219e+00 1.000000014901161194e-01 0.000000000000000000e+00
 5.864999771118164062e+00 1.000000014901161194e-01 0.000000000000000000e+00
 5.870500087738037109e+00 1.000000014901161194e-01 0.000000000000000000e+00
 5.875999927520751953e+00 1.000000014901161194e-01 0.000000000000000000e+00
 5.881499767303466797e+00 1.000000014901161194e-01 0.000000000000000000e+00
 5.887000083923339844e+00 1.000000014901161194e-01 0.000000000000000000e+00
 5.892499923706054688e+00 1.000000014901161194e-01 0.000000000000000000e+00
 5.897999763488769531e+00 1.000000014901161194e-01 0.000000000000000000e+00
 5.903500080108642578e+00 1.000000014901161194e-01 0.000000000000000000e+00
 5.908999919891357422e+00 1.000000014901161194e-01 0.000000000000000000e+00
 5.914500236511230469e+00 1.000000014901161194e-01 0.000000000000000000e+00
 5.920000076293945312e+00 1.000000014901161194e-01 0.000000000000000000e+00
 5.925499916076660156e+00 1.000000014901161194e-01 0.000000000000000000e+00
 5.931000232696533203e+00 1.000000014901161194e-01 0.000000000000000000e+00
 5.936500072479248047e+00 1.000000014901161194e-01 0.000000000000000000e+00
 5.941999912261962891e+00 1.000000014901161194e-01 0.000000000000000000e+00
 5.947500228881835938e+00 1.000000014901161194e-01 0.000000000000000000e+00
 5.953000068664550781e+00 1.000000014901161194e-01 0.000000000000000000e+00
 5.958499908447265625e+00 1.000000014901161194e-01 0.000000000000000000e+00
 5.964000225067138672e+00 1.000000014901161194e-01 0.000000000000000000e+00
 5.969500064849853516e+00 1.000000014901161194e-01 0.000000000000000000e+00
 5.974999904632568359e+00 1.000000014901161194e-01 0.000000000000000000e+00
 5.980500221252441406e+00 1.000000014901161194e-01 0.000000000000000000e+00
 5.986000061035156250e+00 1.000000014901161194e-01 0.000000000000000000e+00
 5.991499900817871094e+00 1.000000014901161194e-01 0.000000000000000000e+00
 5.997000217437744141e+00 1.000000014901161194e-01 0.000000000000000000e+00
 6.002500057220458984e+00 1.000000014901161194e-01 0.000000000000000000e+00
 6.007999897003173828e+00 1.000000014901161194e-01 0.000000000000000000e+00
 6.013500213623046875e+00 1.000000014901161194e-01 0.000000000000000000e+00
 6.019000053405761719e+00 1.000000014901161194e-01 0.000000000000000000e+00
 6.024499893188476562e+00 1.000000014901161194e-01 0.000000000000000000e+00
 6.030000209808349609e+00 1.000000014901161194e-01 0.000000000000000000e+00
 6.035500049591064453e+00 1.000000014901161194e-01 0.000000000000000000e+00
 6.040999889373779297e+00 1.000000014901161194e-01 0.000000000000000000e+00
 6.046500205993652344e+00 1.000000014901161194e-01 0.000000000000000000e+00
 6.052000045776367188e+00 1.000000014901161194e-01 0.000000000000000000e+00
 6.057499885559082031e+00 1.000000014901161194e-01 0.000000000000000000e+00
 6.063000202178955078e+00 1.000000014901161194e-01 0.000000000000000000e+00
 6.068500041961669922e+00 1.000000014901161194e-01 0.000000000000000000e+00
 6.073999881744384766e+00 1.000000014901161194e-01 0.000000000000000000e+00
 6.079500198364257812e+00 1.000000014901161194e-01 0.000000000000000000e+00
 6.085000038146972656e+00 1.000000014901161194e-01 0.000000000000000000e+00
 6.090499877929687500e+00 1.000000014901161194e-01 0.000000000000000000e+00
 6.096000194549560547e+00 1.000000014901161194e-01 0.000000000000000000e+00
 6.101500034332275391e+00 1.000000014901161194e-01 0.000000000000000000e+00
 6.106999874114990234e+00 1.000000014901161194e-01 0.000000000000000000e+00
 6.112500190734863281e+00 1.000000014901161194e-01 0.000000000000000000e+00
 6.118000030517578125e+00 1.000000014901161194e-01 0.000000000000000000e+00
 6.123499870300292969e+00 1.000000014901161194e-01 0.000000000000000000e+00
 6.129000186920166016e+00 1.000000014901161194e-01 0.000000000000000000e+00
 6.134500026702880859e+00 1.000000014901161194e-01 0.000000000000000000e+00
 6.139999866485595703e+00 1.000000014901161194e-01 0.000000000000000000e+00
 6.145500183105468750e+00 1.000000014901161194e-01 0.000000000000000000e+00
 6.151000022888183594e+00 1.000000014901161194e-01 0.000000000000000000e+00
 6.156499862670898438e+00 1.000000014901161194e-01 0.000000000000000000e+00
 6.162000179290771484e+00 1.000000014901161194e-01 0.000000000000000000e+00
 6.167500019073486328e+00 1.000000014901161194e-01 0.000000000000000000e+00
 6.172999858856201172e+00 1.000000014901161194e-01 0.000000000000000000e+00
 6.178500175476074219e+00 1.000000014901161194e-01 0.000000000000000000e+00
 6.184000015258789062e+00 1.000000014901161194e-01 0.000000000000000000e+00
 6.189499855041503906e+00 1.000000014901161194e-01 0.000000000000000000e+00
 6.195000171661376953e+00 1.000000014901161194e-01 0.000000000000000000e+00
 6.200500011444091797e+00 1.000000014901161194e-01 0.000000000000000000e+00
 6.205999851226806641e+00 1.000000014901161194e-01 0.000000000000000000e+00
 6.211500167846679688e+00 1.000000014901161194e-01 0.000000000000000000e+00
 6.217000007629394531e+00 1.000000014901161194e-01 0.000000000000000000e+00
 6.222499847412109375e+00 1.000000014901161194e-01 0.000000000000000000e+00
 6.228000164031982422e+00 1.000000014901161194e-01 0.000000000000000000e+00
 6.233500003814697266e+00 1.000000014901161194e-01 0.000000000000000000e+00
 6.238999843597412109e+00 1.000000014901161194e-01 0.000000000000000000e+00
 6.244500160217285156e+00 1.000000014901161194e-01 0.000000000000000000e+00
 6.250000000000000000e+00 1.000000014901161194e-01 0.000000000000000000e+00
 </DataArray>
</Points>
<Cells>
 <DataArray type="Int32" Name="connectivity" format="ascii">
 0 1 252 251
 1 2 253 252
 2 3 254 253
 3 4 255 254
 4 5 256 255
 5 6 257 256
 6 7 258 257
 7 8 259 258
 8 9 260 259
 9 10 261 260
 10 11 262 261
 11 12 263 262
 12 13 264 263
 13 14 265 264
 14 15 266 265
 15 16 267 266
 16 17 268 267
 17 18 269 268
 18 19 270 269
 19 20 271 270
 20 21 272 271
 21 22 273 272
 22 23 274 273
 23 24 275 274
 24 25 276 275
 25 26 277 276
 26 27 278 277
 27 28 279 278
 28 29 280 279
 29 30 281 280
 30 31 282 281
 31 32 283 282
 32 33 284 283
 33 34 285 284
 34 35 286 285
 35 36 287 286
 36 37 288 287
 37 38 289 288
 38 39 290 289
 39 40 291 290
 40 41 292 291
 41 42 293 292
 42 43 294 293
 43 44 295 294
 44 45 296 295
 45 46 297 296
 46 47 298 297
 47 48 299 298
 48 49 300 299
 49 50 301 300
 50 51 302 301
 51 52 303 302
 52 53 304 303
 53 54 305 304
 54 55 306 305
 55 56 307 306
 56 57 308 307
 57 58 309 308
 58 59 310 309
 59 60 311 310
 60 61 312 311
 61 62 313 312
 62 63 314 313
 63 64 315 314
 64 65 316 315
 65 66 317 316
 66 67 318 317
 67 68 319 318
 68 69 320 319
 69 70 321 320
 70 71 322 321
 71 72 323 322
 72 73 324 323
 73 74 325 324
 74 75 326 325
 75 76 327 326
 76 77 328 327
 77 78 329 328
 78 79 330 329
 79 80 331 330
 80 81 332 331
 81 82 333 332
 82 83 334 333
 83 84 335 334
 84 85 336 335
 85 86 337 336
 86 87 338 337
 87 88 339 338
 88 89 340 339
 89 90 341 340
 90 91 342 341
 91 92 343 342
 92 93 344 343
 93 94 345 344
 94 95 346 345
 95 96 347 346
 96 97 348 347
 97 98 349 348
 98 99 350 349
 99 100 351 350
 100 101 352 351
 101 102 353 352
 102 103 354 353
 103 104 355 354
 104 105 356 355
 105 106 357 356
 106 107 358 357
 107 108 359 358
 108 109 360 359
 109 110 361 360
 110 111 362 361
 111 112 363 362
 112 113 364 363
 113 114 365 364
 114 115 366 365
 115 116 367 366
 116 117 368 367
 117 118 369 368
 118 119 370 369
 119 120 371 370
 120 121 372 371
 121 122 373 372
 122 123 374 373
 123 124 375 374
 124 125 376 375
 125 126 377 376
 126 127 378 377
 127 128 379 378
 128 129 380 379
 129 130 381 380
 130 131 382 381
 131 132 383 382
 132 133 384 383
 133 134 385 384
 134 135 386 385
 135 136 387 386
 136 137 388 387
 137 138 389 388
 138 139 390 389
 139 140 391 390
 140 141 392 391
 141 142 393 392
 142 143 394 393
 143 144 395 394
 144 145 396 395
 145 146 397 396
 146 147 398 397
 147 148 399 398
 148 149 400 399
 149 150 401 400
 150 151 402 401
 151 152 403 402
 152 153 404 403
 153 154 405 404
 154 155 406 405
 155 156 407 406
 156 157 408 407
 157 158 409 408
 158 159 410 409
 159 160 411 410
 160 161 412 411
 161 162 413 412
 162 163 414 413
 163 164 415 414
 164 165 416 415
 165 166 417 416
 166 167 418 417
 167 168 419 418
 168 169 420 419
 169 170 421 420
 170 171 422 421
 171 172 423 422
 172 173 424 423
 173 174 425 424
 174 175 426 425
 175 176 427 426
 176 177 428 427
 177 178 429 428
 178 179 430 429
 179 180 431 430
 180 181 432 431
 181 182 433 432
 182 183 434 433
 183 184 435 434
 184 185 436 435
 185 186 437 436
 186 187 438 437
 187 188 439 438
 188 189 440 439
 189 190 441 440
 190 191 442 441
 191 192 443 442
 192 193 444 443
 193 194 445 444
 194 195 446 445
 195 196 447 446
 196 197 448 447
 197 198 449 448
 198 199 450 449
 199 200 451 450
 200 201 452 451
 201 202 453 452
 202 203 454 453
 203 204 455 454
 204 205 456 455
 205 206 457 456
 206 207 458 457
 207 208 459 458
 208 209 460 459
 209 210 461 460
 210 211 462 461
 211 212 463 462
 212 213 464 463
 213 214 465 464
 214 215 466 465
 215 216 467 466
 216 217 468 467
 217 218 469 468
 218 219 470 469
 219 220 471 470
 220 221 472 471
 221 222 473 472
 222 223 474 473
 223 224 475 474
 224 225 476 475
 225 226 477 476
 226 227 478 477
 227 228 479 478
 228 229 480 479
 229 230 481 480
 230 231 482 481
 231 232 483 482
 232 233 484 483
 233 234 485 484
 234 235 486 485
 235 236 487 486
 236 237 488 487
 237 238 489 488
 238 239 490 489
 239 240 491 490
 240 241 492 491
 241 242 493 492
 242 243 494 493
 243 244 495 494
 244 245 496 495
 245 246 497 496
 246 247 498 497
 247 248 499 498
 248 249 500 499
 249 250 501 500
 251 252 503 502
 252 253 504 503
 253 254 505 504
 254 255 506 505
 255 256 507 506
 256 257 508 507
 257 258 509 508
 258 259 510 509
 259 260 511 510
 260 261 512 511
 261 262 513 512
 262 263 514 513
 263 264 515 514
 264 265 516 515
 265 266 517 516
 266 267 518 517
 267 268 519 518
 268 269 520 519
 269 270 521 520
 270 271 522 521
 271 272 523 522
 272 273 524 523
 273 274 525 524
 274 275 526 525
 275 276 527 526
 276 277 528 527
 277 278 529 528
 278 279 530 529
 279 280 531 530
 280 281 532 531
 281 282 533 532
 282 283 534 533
 283 284 535 534
 284 285 536 535
 285 286 537 536
 286 287 538 537
 287 288 539 538
 288 289 540 539
 289 290 541 540
 290 291 542 541
 291 292 543 542
 292 293 544 543
 293 294 545 544
 294 295 546 545
 295 296 547 546
 296 297 548 547
 297 298 549 548
 298 299 550 549
 299 300 551 550
 300 301 552 551
 301 302 553 552
 302 303 554 553
 303 304 555 554
 304 305 556 555
 305 306 557 556
 306 307 558 557
 307 308 559 558
 308 309 560 559
 309 310 561 560
 310 311 562 561
 311 312 563 562
 312 313 564 563
 313 314 565 564
 314 315 566 565
 315 316 567 566
 316 317 568 567
 317 318 569 568
 318 319 570 569
 319 320 571 570
 320 321 572 571
 321 322 573 572
 322 323 574 573
 323 324 575 574
 324 325 576 575
 325 326 577 576
 326 327 578 577
 327 328 579 578
 328 329 580 579
 329 330 581 580
 330 331 582 581
 331 332 583 582
 332 333 584 583
 333 334 585 584
 334 335 586 585
 335 336 587 586
 336 337 588 587
 337 338 589 588
 338 339 590 589
 339 340 591 590
 340 341 592 591
 341 342 593 592
 342 343 594 593
 343 344 595 594
 344 345 596 595
 345 346 597 596
 346 347 598 597
 347 348 599 598
 348 349 600 599
 349 350 601 600
 350 351 602 601
 351 352 603 602
 352 353 604 603
 353 354 605 604
 354 355 606 605
 355 356 607 606
 356 357 608 607
 357 358 609 608
 358 359 610 609
 359 360 611 610
 360 361 612 611
 361 362 613 612
 362 363 614 613
 363 364 615 614
 364 365 616 615
 365 366 617 616
 366 367 618 617
 367 368 619 618
 368 369 620 619
 369 370 621 620
 370 371 622 621
 371 372 623 622
 372 373 624 623
 373 374 625 624
 374 375 626 625
 375 376 627 626
 376 377 628 627
 377 378 629 628
 378 379 630 629
 379 380 631 630
 380 381 632 631
 381 382 633 632
 382 383 634 633
 383 384 635 634
 384 385 636 635
 385 386 637 636
 386 387 638 637
 387 388 639 638
 388 389 640 639
 389 390 641 640
 390 391 642 641
 391 392 643 642
 392 393 644 643
 393 394 645 644
 394 395 646 645
 395 396 647 646
 396 397 648 647
 397 398 649 648
 398 399 650 649
 399 400 651 650
 400 401 652 651
 401 402 653 652
 402 403 654 653
 403 404 655 654
 404 405 656 655
 405 406 657 656
 406 407 658 657
 407 408 659 658
 408 409 660 659
 409 410 661 660
 410 411 662 661
 411 412 663 662
 412 413 664 663
 413 414 665 664
 414 415 666 665
 415 416 667 666
 416 417 668 667
 417 418 669 668
 418 419 670 669
 419 420 671 670
 420 421 672 671
 421 422 673 672
 422 423 674 673
 423 424 675 674
 424 425 676 675
 425 426 677 676
 426 427 678 677
 427 428 679 678
 428 429 680 679
 429 430 681 680
 430 431 682 681
 431 432 683 682
 432 433 684 683
 433 434 685 684
 434 435 686 685
 435 436 687 686
 436 437 688 687
 437 438 689 688
 438 439 690 689
 439 440 691 690
 440 441 692 691
 441 442 693 692
 442 443 694 693
 443 444 695 694
 444 445 696 695
 445 446 697 696
 446 447 698 697
 447 448 699 698
 448 449 700 699
 449 450 701 700
 450 451 702 701
 451 452 703 702
 452 453 704 703
 453 454 705 704
 454 455 706 705
 455 456 707 706
 456 457 708 707
 457 458 709 708
 458 459 710 709
 459 460 711 710
 460 461 712 711
 461 462 713 712
 462 463 714 713
 463 464 715 714
 464 465 716 715
 465 466 717 716
 466 467 718 717
 467 468 719 718
 468 469 720 719
 469 470 721 720
 470 471 722 721
 471 472 723 722
 472 473 724 723
 473 474 725 724
 474 475 726 725
 475 476 727 726
 476 477 728 727
 477 478 729 728
 478 479 730 729
 479 480 731 730
 480 481 732 731
 481 482 733 732
 482 483 734 733
 483 484 735 734
 484 485 736 735
 485 486 737 736
 486 487 738 737
 487 488 739 738
 488 489 740 739
 489 490 741 740
 490 491 742 741
 491 492 743 742
 492 493 744 743
 493 494 745 744
 494 495 746 745
 495 496 747 746
 496 497 748 747
 497 498 749 748
 498 499 750 749
 499 500 751 750
 500 501 752 751
 </DataArray>
 <DataArray type="Int32" Name="offsets" format="ascii">
 4
 8
 12
 16
 20
 24
 28
 32
 36
 40
 44
 48
 52
 56
 60
 64
 68
 72
 76
 80
 84
 88
 92
 96
 100
 104
 108
 112
 116
 120
 124
 128
 132
 136
 140
 144
 148
 152
 156
 160
 164
 168
 172
 176
 180
 184
 188
 192
 196
 200
 204
 208
 212
 216
 220
 224
 228
 232
 236
 240
 244
 248
 252
 256
 260
 264
 268
 272
 276
 280
 284
 288
 292
 296
 300
 304
 308
 312
 316
 320
 324
 328
 332
 336
 340
 344
 348
 352
 356
 360
 364
 368
 372
 376
 380
 384
 388
 392
 396
 400
 404
 408
 412
 416
 420
 424
 428
 432
 436
 440
 444
 448
 452
 456
 460
 464
 468
 472
 476
 480
 484
 488
 492
 496
 500
 504
 508
 512
 516
 520
 524
 528
 532
 536
 540
 544
 548
 552
 556
 560
 564
 568
 572
 576
 580
 584
 588
 592
 596
 600
 604
 608
 612
 616
 620
 624
 628
 632
 636
 640
 644
 648
 652
 656
 660
 664
 668
 672
 676
 680
 684
 688
 692
 696
 700
 704
 708
 712
 716
 720
 724
 728
 732
 736
 740
 744
 748
 752
 756
 760
 764
 768
 772
 776
 780
 784
 788
 792
 796
 800
 804
 808
 812
 816
 820
 824
 828
 832
 836
 840
 844
 848
 852
 856
 860
 864
 868
 872
 876
 880
 884
 888
 892
 896
 900
 904
 908
 912
 916
 920
 924
 928
 932
 936
 940
 944
 948
 952
 956
 960
 964
 968
 972
 976
 980
 984
 988
 992
 996
 1000
 1004
 1008
 1012
 1016
 1020
 1024
 1028
 1032
 1036
 1040
 1044
 1048
 1052
 1056
 1060
 1064
 1068
 1072
 1076
 1080
 1084
 1088
 1092
 1096
 1100
 1104
 1108
 1112
 1116
 1120
 1124
 1128
 1132
 1136
 1140
 1144
 1148
 1152
 1156
 1160
 1164
 1168
 1172
 1176
 1180
 1184
 1188
 1192
 1196
 1200
 1204
 1208
 1212
 1216
 1220
 1224
 1228
 1232
 1236
 1240
 1244
 1248
 1252
 1256
 1260
 1264
 1268
 1272
 1276
 1280
 1284
 1288
 1292
 1296
 1300
 1304
 1308
 1312
 1316
 1320
 1324
 1328
 1332
 1336
 1340
 1344
 1348
 1352
 1356
 1360
 1364
 1368
 1372
 1376
 1380
 1384
 1388
 1392
 1396
 1400
 1404
 1408
 1412
 1416
 1420
 1424
 1428
 1432
 1436
 1440
 1444
 1448
 1452
 1456
 1460
 1464
 1468
 1472
 1476
 1480
 1484
 1488
 1492
 1496
 1500
 1504
 1508
 1512
 1516
 1520
 1524
 1528
 1532
 1536
 1540
 1544
 1548
 1552
 1556
 1560
 1564
 1568
 1572
 1576
 1580
 1584
 1588
 1592
 1596
 1600
 1604
 1608
 1612
 1616
 1620
 1624
 1628
 1632
 1636
 1640
 1644
 1648
 1652
 1656
 1660
 1664
 1668
 1672
 1676
 1680
 1684
 1688
 1692
 1696
 1700
 1704
 1708
 1712
 1716
 1720
 1724
 1728
 1732
 1736
 1740
 1744
 1748
 1752
 1756
 1760
 1764
 1768
 1772
 1776
 1780
 1784
 1788
 1792
 1796
 1800
 1804
 1808
 1812
 1816
 1820
 1824
 1828
 1832
 1836
 1840
 1844
 1848
 1852
 1856
 1860
 1864
 1868
 1872
 1876
 1880
 1884
 1888
 1892
 1896
 1900
 1904
 1908
 1912
 1916
 1920
 1924
 1928
 1932
 1936
 1940
 1944
 1948
 1952
 1956
 1960
 1964
 1968
 1972
 1976
 1980
 1984
 1988
 1992
 1996
 2000
 </DataArray>
 <DataArray type="UInt8" Name="types" format="ascii">
 9
 9
 9
 9
 9
 9
 9
 9
 9
 9
 9
 9
 9
 9
 9
 9
 9
 9
 9
 9
 9
 9
 9
 9
 9
 9
 9
 9
 9
 9
 9
 9
 9
 9
 9
 9
 9
 9
 9
 9
 9
 9
 9
 9
 9
 9
 9
 9
 9
 9
 9
 9
 9
 9
 9
 9
 9
 9
 9
 9
 9
 9
 9
 9
 9
 9
 9
 9
 9
 9
 9
 9
 9
 9
 9
 9
 9
 9
 9
 9
 9
 9
 9
 9
 9
 9
 9
 9
 9
 9
 9
 9
 9
 9
 9
 9
 9
 9
 9
 9
 9
 9
 9
 9
 9
 9
 9
 9
 9
 9
 9
 9
 9
 9
 9
 9
 9
 9
 9
 9
 9
 9
 9
 9
 9
 9
 9
 9
 9
 9
 9
 9
 9
 9
 9
 9
 9
 9
 9
 9
 9
 9
 9
 9
 9
 9
 9
 9
 9
 9
 9
 9
 9
 9
 9
 9
 9
 9
 9
 9
 9
 9
 9
 9
 9
 9
 9
 9
 9
 9
 9
 9
 9
 9
 9
 9
 9
 9
 9
 9
 9
 9
 9
 9
 9
 9
 9
 9
 9
 9
 9
 9
 9
 9
 9
 9
 9
 9
 9
 9
 9
 9
 9
 9
 9
 9
 9
 9
 9
 9
 9
 9
 9
 9
 9
 9
 9
 9
 9
 9
 9
 9
 9
 9
 9
 9
 9
 9
 9
 9
 9
 9
 9
 9
 9
 9
 9
 9
 9
 9
 9
 9
 9
 9
 9
 9
 9
 9
 9
 9
 9
 9
 9
 9
 9
 9
 9
 9
 9
 9
 9
 9
 9
 9
 9
 9
 9
 9
 9
 9
 9
 9
 9
 9
 9
 9
 9
 9
 9
 9
 9
 9
 9
 9
 9
 9
 9
 9
 9
 9
 9
 9
 9
 9
 9
 9
 9
 9
 9
 9
 9
 9
 9
 9
 9
 9
 9
 9
 9
 9
 9
 9
 9
 9
 9
 9
 9
 9
 9
 9
 9
 9
 9
 9
 9
 9
 9
 9
 9
 9
 9
 9
 9
 9
 9
 9
 9
 9
 9
 9
 9
 9
 9
 9
 9
 9
 9
 9
 9
 9
 9
 9
 9
 9
 9
 9
 9
 9
 9
 9
 9
 9
 9
 9
 9
 9
 9
 9
 9
 9
 9
 9
 9
 9
 9
 9
 9
 9
 9
 9
 9
 9
 9
 9
 9
 9
 9
 9
 9
 9
 9
 9
 9
 9
 9
 9
 9
 9
 9
 9
 9
 9
 9
 9
 9
 9
 9
 9
 9
 9
 9
 9
 9
 9
 9
 9
 9
 9
 9
 9
 9
 9
 9
 9
 9
 9
 9
 9
 9
 9
 9
 9
 9
 9
 9
 9
 9
 9
 9
 9
 9
 9
 9
 9
 9
 9
 9
 9
 9
 9
 9
 9
 9
 9
 9
 9
 9
 9
 9
 9
 9
 9
 9
 9
 9
 9
 9
 9
 9
 9
 9
 9
 9
 9
 9
 9
 9
 9
 9
 9
 9
 9
 9
 9
 9
 9
 9
 9
 9
 9
 9
 9
 9
 9
 9
 9
 9
 9
 9
 9
 </DataArray>
</Cells>
<CellData>
 <DataArray Name="pos.x" type="Float32" NumberOfComponents="1" format="ascii">
 4.877750000000007802e+00
 4.883250000000133539e+00
 4.888750000000440465e+00
 4.894249999999761513e+00
 4.899750000000066663e+00
 4.905249999999475641e+00
 4.910750000000456694e+00
 4.916249999999513065e+00
 4.921749999999710745e+00
 4.927250000000405805e+00
 4.932750000000289070e+00
 4.938250000000236284e+00
 4.943750000000105338e+00
 4.949249999999554284e+00
 4.954750000000385235e+00
 4.960249999999374992e+00
 4.965750000000511477e+00
 4.971249999999345803e+00
 4.976750000000137675e+00
 4.982250000000481016e+00
 4.987750000000101380e+00
 4.993250000000180044e+00
 4.998749999999859028e+00
 5.004249999999873744e+00
 5.009750000000360082e+00
 5.015249999999909392e+00
 5.020749999999303270e+00
 5.026250000000347384e+00
 5.031750000000357659e+00
 5.037249999999558803e+00
 5.042750000000254751e+00
 5.048249999999722348e+00
 5.053749999999669562e+00
 5.059249999999616776e+00
 5.064749999999833996e+00
 5.070250000000804391e+00
 5.075750000000970097e+00
 5.081249999998700417e+00
 5.086750000000819227e+00
 5.092250000000378307e+00
 5.097750000000056403e+00
 5.103249999999196262e+00
 5.108749999999905533e+00
 5.114249999999672447e+00
 5.119750000000835577e+00
 5.125249999999524242e+00
 5.130750000000237954e+00
 5.136250000000226024e+00
 5.141749999999327692e+00
 5.147250000000928694e+00
 5.152749999998992081e+00
 5.158250000000518476e+00
 5.163749999999424745e+00
 5.169250000000448431e+00
 5.174750000001107075e+00
 5.180249999998789434e+00
 5.185750000000500570e+00
 5.191249999999699938e+00
 5.196749999999916270e+00
 5.202249999999595254e+00
 5.207750000000324064e+00
 5.213250000000027917e+00
 5.218750000000221156e+00
 5.224249999999922345e+00
 5.229750000000656485e+00
 5.235249999999817661e+00
 5.240749999999495756e+00
 5.246250000000232561e+00
 5.251749999999912433e+00
 5.257250000000159851e+00
 5.262749999999794426e+00
 5.268250000000040068e+00
 5.273749999999718163e+00
 5.279250000000462073e+00
 5.284750000000141057e+00
 5.290249999999836916e+00
 5.295749999999499913e+00
 5.301249999999724238e+00
 5.306750000000473477e+00
 5.312250000000156902e+00
 5.317750000000367017e+00
 5.323250000000053106e+00
 5.328750000000267661e+00
 5.334249999999946645e+00
 5.339750000000162977e+00
 5.345249999999303725e+00
 5.350750000000065398e+00
 5.356249999999726619e+00
 5.361749999999964267e+00
 5.367250000000714394e+00
 5.372749999999309800e+00
 5.378250000000602604e+00
 5.383749999999752234e+00
 5.389249999999958796e+00
 5.394749999999636891e+00
 5.400249999999854111e+00
 5.405750000000084654e+00
 5.411250000000286775e+00
 5.416749999999426635e+00
 5.422250000000199854e+00
 5.427750000000435726e+00
 5.433249999999496538e+00
 5.438750000000335483e+00
 5.444249999999432710e+00
 5.449750000000187278e+00
 5.455249999999890242e+00
 5.460750000000646587e+00
 5.466249999999733156e+00
 5.471750000000571212e+00
 5.477249999999655117e+00
 5.482750000000439883e+00
 5.488250000000088669e+00
 5.493749999998722267e+00
 5.499249999999948457e+00
 5.504750000000234067e+00
 5.510250000000452175e+00
 5.515750000000094744e+00
 5.521249999999772839e+00
 5.526750000000067331e+00
 5.532250000000164647e+00
 5.537749999999925343e+00
 5.543250000000680799e+00
 5.548749999999778915e+00
 5.554249999999457010e+00
 5.559750000000796000e+00
 5.565249999999889674e+00
 5.570750000000154856e+00
 5.576250000000323226e+00
 5.581750000000051060e+00
 5.587249999999679417e+00
 5.592749999999895749e+00
 5.598249999999574733e+00
 5.603750000000438547e+00
 5.609249999998819014e+00
 5.614750000000932495e+00
 5.620249999999901824e+00
 5.625750000000119044e+00
 5.631250000000394884e+00
 5.636749999998398764e+00
 5.642250000001306276e+00
 5.647749999999433612e+00
 5.653249999999586883e+00
 5.658750000000407177e+00
 5.664250000000019547e+00
 5.669750000000371770e+00
 5.675250000000382933e+00
 5.680749999999662236e+00
 5.686249999999271054e+00
 5.691749999999487386e+00
 5.697250000000241954e+00
 5.702750000001758579e+00
 5.708249999999446267e+00
 5.713750000001045493e+00
 5.719250000000109857e+00
 5.724749999999709793e+00
 5.730250000000464361e+00
 5.735749999998527748e+00
 5.741250000000441389e+00
 5.746750000000037772e+00
 5.752249999999715868e+00
 5.757750000000556589e+00
 5.763250000000322615e+00
 5.768749999998574296e+00
 5.774249999999683247e+00
 5.779750000000260179e+00
 5.785250000000476511e+00
 5.790750000000246978e+00
 5.796249999999926850e+00
 5.801749999999953999e+00
 5.807249999999918977e+00
 5.812749999999944350e+00
 5.818250000000797506e+00
 5.823749999999839666e+00
 5.829249999999617238e+00
 5.834749999999631953e+00
 5.840249999999514330e+00
 5.845750000001347146e+00
 5.851249999999845741e+00
 5.856749999999523837e+00
 5.862249999999953332e+00
 5.867749999999848143e+00
 5.873249999999743842e+00
 5.878750000000500187e+00
 5.884250000000068148e+00
 5.889749999999746244e+00
 5.895250000000076263e+00
 5.900749999999640671e+00
 5.906250000000511591e+00
 5.911750000000612459e+00
 5.917249999999332211e+00
 5.922750000000506887e+00
 5.928249999999108510e+00
 5.933749999999325730e+00
 5.939250000000862784e+00
 5.944749999998434120e+00
 5.950250000000886885e+00
 5.955749999999652822e+00
 5.961250000000946514e+00
 5.966750000000214271e+00
 5.972249999998149761e+00
 5.977750000001057273e+00
 5.983249999999252111e+00
 5.988750000000414353e+00
 5.994249999999687439e+00
 5.999750000000308781e+00
 6.005249999999584531e+00
 6.010750000001280569e+00
 6.016249999998266595e+00
 6.021750000000237080e+00
 6.027250000000314856e+00
 6.032749999999992951e+00
 6.038250000001174733e+00
 6.043749999999062261e+00
 6.049250000000931493e+00
 6.054749999999244459e+00
 6.060249999999460790e+00
 6.065749999999677122e+00
 6.071250000000580904e+00
 6.076750000000110674e+00
 6.082249999999939760e+00
 6.087750000000005102e+00
 6.093250000000913325e+00
 6.098749999998823057e+00
 6.104250000000116749e+00
 6.109750000001027637e+00
 6.115249999999092800e+00
 6.120750000001144109e+00
 6.126250000000764473e+00
 6.131749999999046352e+00
 6.137250000000339156e+00
 6.142750000000718913e+00
 6.148250000000397897e+00
 6.153749999999207354e+00
 6.159249999999756753e+00
 6.164749999999268759e+00
 6.170250000001268553e+00
 6.175749999999163187e+00
 6.181250000001337064e+00
 6.186749999999422656e+00
 6.192249999999448029e+00
 6.197750000000741721e+00
 6.203250000000245734e+00
 6.208749999999923830e+00
 6.214250000000496321e+00
 6.219749999998922085e+00
 6.225250000000395190e+00
 6.230750000000432998e+00
 6.236249999998853433e+00
 6.241750000000147125e+00
 6.247250000000009074e+00
 4.877750000000007802e+00
 4.883250000000133539e+00
 4.888750000000440465e+00
 4.894249999999761513e+00
 4.899750000000066663e+00
 4.905249999999475641e+00
 4.910750000000456694e+00
 4.916249999999513065e+00
 4.921749999999710745e+00
 4.927250000000405805e+00
 4.932750000000289070e+00
 4.938250000000236284e+00
 4.943750000000105338e+00
 4.949249999999554284e+00
 4.954750000000385235e+00
 4.960249999999374992e+00
 4.965750000000511477e+00
 4.971249999999345803e+00
 4.976750000000137675e+00
 4.982250000000481016e+00
 4.987750000000101380e+00
 4.993250000000180044e+00
 4.998749999999859028e+00
 5.004249999999873744e+00
 5.009750000000360082e+00
 5.015249999999909392e+00
 5.020749999999303270e+00
 5.026250000000347384e+00
 5.031750000000626777e+00
 5.037249999999827921e+00
 5.042750000000254751e+00
 5.048249999999722348e+00
 5.053749999999669562e+00
 5.059249999999616776e+00
 5.064749999999295760e+00
 5.070250000000266155e+00
 5.075750000000970097e+00
 5.081249999998700417e+00
 5.086750000000819227e+00
 5.092250000000378307e+00
 5.097750000000056403e+00
 5.103249999999196262e+00
 5.108749999999905533e+00
 5.114249999999672447e+00
 5.119750000000835577e+00
 5.125249999999524242e+00
 5.130750000000237954e+00
 5.136250000000226024e+00
 5.141749999999327692e+00
 5.147250000000928694e+00
 5.152749999998992081e+00
 5.158250000000518476e+00
 5.163749999999424745e+00
 5.169250000000448431e+00
 5.174750000001107075e+00
 5.180249999998789434e+00
 5.185750000000500570e+00
 5.191249999999699938e+00
 5.196749999999916270e+00
 5.202249999999595254e+00
 5.207750000000324064e+00
 5.213250000000027917e+00
 5.218750000000221156e+00
 5.224249999999922345e+00
 5.229750000000656485e+00
 5.235249999999817661e+00
 5.240749999999495756e+00
 5.246250000000232561e+00
 5.251749999999912433e+00
 5.257250000000159851e+00
 5.262749999999794426e+00
 5.268250000000040068e+00
 5.273749999999718163e+00
 5.279250000000462073e+00
 5.284750000000141057e+00
 5.290249999999836916e+00
 5.295749999999499913e+00
 5.301249999999724238e+00
 5.306750000000473477e+00
 5.312250000000156902e+00
 5.317750000000367017e+00
 5.323250000000053106e+00
 5.328750000000267661e+00
 5.334249999999946645e+00
 5.339750000000162977e+00
 5.345249999999303725e+00
 5.350750000000065398e+00
 5.356249999999726619e+00
 5.361749999999964267e+00
 5.367250000000714394e+00
 5.372749999999309800e+00
 5.378250000000602604e+00
 5.383749999999752234e+00
 5.389249999999958796e+00
 5.394749999999636891e+00
 5.400249999999854111e+00
 5.405750000000084654e+00
 5.411250000000286775e+00
 5.416749999999426635e+00
 5.422250000000199854e+00
 5.427750000000435726e+00
 5.433249999999496538e+00
 5.438750000000335483e+00
 5.444249999999432710e+00
 5.449750000000187278e+00
 5.455249999999890242e+00
 5.460750000000646587e+00
 5.466249999999733156e+00
 5.471750000000571212e+00
 5.477249999999655117e+00
 5.482750000000439883e+00
 5.488250000000088669e+00
 5.493749999998722267e+00
 5.499249999999948457e+00
 5.504750000000234067e+00
 5.510250000000452175e+00
 5.515750000000094744e+00
 5.521249999999772839e+00
 5.526750000000067331e+00
 5.532250000000164647e+00
 5.537749999999925343e+00
 5.543250000000142563e+00
 5.548749999999240679e+00
 5.554249999999457010e+00
 5.559750000000796000e+00
 5.565249999999889674e+00
 5.570750000000154856e+00
 5.576250000000323226e+00
 5.581750000000051060e+00
 5.587249999999679417e+00
 5.592749999999895749e+00
 5.598249999999574733e+00
 5.603750000000438547e+00
 5.609249999999357250e+00
 5.614750000001470731e+00
 5.620249999999901824e+00
 5.625750000000119044e+00
 5.631250000000394884e+00
 5.636749999998398764e+00
 5.642250000001306276e+00
 5.647749999999433612e+00
 5.653249999999586883e+00
 5.658750000000407177e+00
 5.664250000000019547e+00
 5.669750000000371770e+00
 5.675250000000382933e+00
 5.680749999999662236e+00
 5.686249999999271054e+00
 5.691749999999487386e+00
 5.697250000000241954e+00
 5.702750000001220343e+00
 5.708249999998908031e+00
 5.713750000001045493e+00
 5.719249999999571621e+00
 5.724749999999171557e+00
 5.730250000000464361e+00
 5.735749999998527748e+00
 5.741250000000441389e+00
 5.746750000000037772e+00
 5.752249999999715868e+00
 5.757750000000556589e+00
 5.763250000000322615e+00
 5.768749999999112532e+00
 5.774250000000221483e+00
 5.779750000000260179e+00
 5.785250000000476511e+00
 5.790750000000246978e+00
 5.796249999999926850e+00
 5.801749999999953999e+00
 5.807249999999918977e+00
 5.812749999999944350e+00
 5.818250000000797506e+00
 5.823749999999839666e+00
 5.829249999999617238e+00
 5.834749999999631953e+00
 5.840249999999514330e+00
 5.845750000001347146e+00
 5.851249999999845741e+00
 5.856749999999523837e+00
 5.862249999999953332e+00
 5.867749999999848143e+00
 5.873249999999743842e+00
 5.878750000000500187e+00
 5.884250000000068148e+00
 5.889749999999746244e+00
 5.895250000000076263e+00
 5.900749999999640671e+00
 5.906250000000511591e+00
 5.911750000000612459e+00
 5.917249999999332211e+00
 5.922750000000506887e+00
 5.928249999999646747e+00
 5.933749999999863967e+00
 5.939250000000862784e+00
 5.944749999998972356e+00
 5.950250000001425121e+00
 5.955749999999652822e+00
 5.961250000000946514e+00
 5.966750000000214271e+00
 5.972249999998149761e+00
 5.977750000001057273e+00
 5.983249999999252111e+00
 5.988750000000414353e+00
 5.994249999999687439e+00
 5.999750000000308781e+00
 6.005249999999584531e+00
 6.010750000001280569e+00
 6.016249999998266595e+00
 6.021750000000237080e+00
 6.027250000000314856e+00
 6.032749999999992951e+00
 6.038250000001174733e+00
 6.043749999999062261e+00
 6.049250000000931493e+00
 6.054749999999244459e+00
 6.060249999999460790e+00
 6.065749999999677122e+00
 6.071250000000580904e+00
 6.076750000000110674e+00
 6.082249999999939760e+00
 6.087750000000005102e+00
 6.093250000000913325e+00
 6.098749999998823057e+00
 6.104249999999578513e+00
 6.109750000000489401e+00
 6.115249999999092800e+00
 6.120750000000067637e+00
 6.126249999999688001e+00
 6.131749999999046352e+00
 6.137250000000339156e+00
 6.142750000000718913e+00
 6.148250000000397897e+00
 6.153749999999207354e+00
 6.159249999999756753e+00
 6.164749999999268759e+00
 6.170250000001268553e+00
 6.175749999999163187e+00
 6.181250000001337064e+00
 6.186749999999422656e+00
 6.192249999999448029e+00
 6.197750000000741721e+00
 6.203250000000245734e+00
 6.208749999999923830e+00
 6.214249999999958085e+00
 6.219749999998383849e+00
 6.225250000000395190e+00
 6.230750000001509470e+00
 6.236249999999929905e+00
 6.241750000000147125e+00
 6.247250000000009074e+00
 </DataArray>
 <DataArray Name="pos.y" type="Float32" NumberOfComponents="1" format="ascii">
 2.500000000000000833e-02
 2.500000000000101794e-02
 2.500000000000000833e-02
 2.500000000000101794e-02
 2.500000000000000833e-02
 2.499999999999866218e-02
 2.499999999999984179e-02
 2.499999999999950526e-02
 2.499999999999916178e-02
 2.500000000000185407e-02
 2.500000000000000833e-02
 2.500000000000000833e-02
 2.500000000000101794e-02
 2.499999999999849565e-02
 2.500000000000151754e-02
 2.499999999999950526e-02
 2.500000000000000833e-02
 2.499999999999849565e-02
 2.500000000000000833e-02
 2.500000000000202754e-02
 2.499999999999899525e-02
 2.500000000000101794e-02
 2.500000000000101794e-02
 2.500000000000000833e-02
 2.500000000000000833e-02
 2.499999999999933178e-02
 2.499999999999663949e-02
 2.500000000000202754e-02
 2.500000000000236408e-02
 2.499999999999866218e-02
 2.500000000000101794e-02
 2.500000000000000833e-02
 2.499999999999597336e-02
 2.500000000000000833e-02
 2.499999999999866218e-02
 2.500000000000236408e-02
 2.500000000000202754e-02
 2.499999999999663949e-02
 2.500000000000437983e-02
 2.500000000000000833e-02
 2.500000000000000833e-02
 2.499999999999597336e-02
 2.500000000000101794e-02
 2.499999999999899525e-02
 2.500000000000202754e-02
 2.500000000000000833e-02
 2.500000000000101794e-02
 2.500000000000000833e-02
 2.499999999999697950e-02
 2.500000000000404676e-02
 2.499999999999597336e-02
 2.500000000000101794e-02
 2.500000000000000833e-02
 2.500000000000000833e-02
 2.500000000000437983e-02
 2.499999999999663949e-02
 2.500000000000202754e-02
 2.499999999999731951e-02
 2.499999999999866218e-02
 2.500000000000000833e-02
 2.500000000000101794e-02
 2.500000000000000833e-02
 2.500000000000101794e-02
 2.500000000000000833e-02
 2.500000000000101794e-02
 2.500000000000000833e-02
 2.499999999999866218e-02
 2.500000000000236408e-02
 2.499999999999697950e-02
 2.500000000000168407e-02
 2.499999999999933178e-02
 2.500000000000000833e-02
 2.500000000000000833e-02
 2.500000000000101794e-02
 2.500000000000101794e-02
 2.499999999999899525e-02
 2.499999999999697950e-02
 2.500000000000000833e-02
 2.500000000000101794e-02
 2.500000000000000833e-02
 2.500000000000202754e-02
 2.499999999999899525e-02
 2.500000000000101794e-02
 2.500000000000101794e-02
 2.500000000000000833e-02
 2.500000000000000833e-02
 2.499999999999933178e-02
 2.499999999999663949e-02
 2.500000000000202754e-02
 2.500000000000236408e-02
 2.499999999999866218e-02
 2.500000000000000833e-02
 2.500000000000101794e-02
 2.500000000000000833e-02
 2.499999999999597336e-02
 2.500000000000000833e-02
 2.500000000000101794e-02
 2.500000000000000833e-02
 2.499999999999866218e-02
 2.500000000000236408e-02
 2.500000000000202754e-02
 2.499999999999663949e-02
 2.499999999999933178e-02
 2.500000000000000833e-02
 2.500000000000000833e-02
 2.500000000000101794e-02
 2.500000000000101794e-02
 2.499999999999899525e-02
 2.500000000000202754e-02
 2.500000000000000833e-02
 2.500000000000101794e-02
 2.500000000000000833e-02
 2.499999999999697950e-02
 2.499999999999899525e-02
 2.500000000000101794e-02
 2.500000000000101794e-02
 2.500000000000000833e-02
 2.500000000000000833e-02
 2.499999999999933178e-02
 2.500000000000168407e-02
 2.499999999999697950e-02
 2.500000000000236408e-02
 2.499999999999866218e-02
 2.500000000000000833e-02
 2.500000000000101794e-02
 2.500000000000000833e-02
 2.500000000000101794e-02
 2.500000000000000833e-02
 2.500000000000101794e-02
 2.500000000000000833e-02
 2.499999999999866218e-02
 2.499999999999731951e-02
 2.500000000000202754e-02
 2.499999999999663949e-02
 2.500000000000437983e-02
 2.500000000000000833e-02
 2.500000000000000833e-02
 2.500000000000101794e-02
 2.499999999999597336e-02
 2.500000000000404676e-02
 2.499999999999697950e-02
 2.500000000000000833e-02
 2.500000000000101794e-02
 2.500000000000000833e-02
 2.500000000000202754e-02
 2.499999999999899525e-02
 2.500000000000101794e-02
 2.499999999999597336e-02
 2.500000000000000833e-02
 2.500000000000000833e-02
 2.500000000000437983e-02
 2.499999999999663949e-02
 2.500000000000202754e-02
 2.500000000000236408e-02
 2.499999999999866218e-02
 2.500000000000000833e-02
 2.499999999999597336e-02
 2.500000000000101794e-02
 2.500000000000000833e-02
 2.499999999999866218e-02
 2.500000000000236408e-02
 2.500000000000202754e-02
 2.499999999999663949e-02
 2.499999999999933178e-02
 2.500000000000000833e-02
 2.500000000000000833e-02
 2.500000000000101794e-02
 2.500000000000101794e-02
 2.499999999999899525e-02
 2.500000000000202754e-02
 2.500000000000000833e-02
 2.500000000000101794e-02
 2.500000000000000833e-02
 2.499999999999697950e-02
 2.499999999999899525e-02
 2.500000000000101794e-02
 2.500000000000101794e-02
 2.500000000000000833e-02
 2.500000000000000833e-02
 2.499999999999933178e-02
 2.500000000000168407e-02
 2.499999999999697950e-02
 2.500000000000236408e-02
 2.499999999999866218e-02
 2.500000000000000833e-02
 2.500000000000101794e-02
 2.500000000000000833e-02
 2.500000000000101794e-02
 2.500000000000000833e-02
 2.500000000000101794e-02
 2.500000000000000833e-02
 2.499999999999866218e-02
 2.499999999999731951e-02
 2.500000000000202754e-02
 2.499999999999663949e-02
 2.500000000000437983e-02
 2.500000000000000833e-02
 2.500000000000000833e-02
 2.500000000000101794e-02
 2.499999999999597336e-02
 2.500000000000404676e-02
 2.499999999999697950e-02
 2.500000000000000833e-02
 2.500000000000101794e-02
 2.500000000000000833e-02
 2.499999999999697950e-02
 2.500000000000404676e-02
 2.499999999999597336e-02
 2.500000000000101794e-02
 2.500000000000000833e-02
 2.500000000000000833e-02
 2.500000000000437983e-02
 2.499999999999663949e-02
 2.500000000000202754e-02
 2.499999999999731951e-02
 2.499999999999866218e-02
 2.500000000000000833e-02
 2.500000000000101794e-02
 2.500000000000000833e-02
 2.500000000000101794e-02
 2.500000000000000833e-02
 2.500000000000101794e-02
 2.500000000000000833e-02
 2.499999999999866218e-02
 2.500000000000236408e-02
 2.499999999999697950e-02
 2.500000000000168407e-02
 2.499999999999933178e-02
 2.500000000000000833e-02
 2.500000000000000833e-02
 2.500000000000101794e-02
 2.500000000000101794e-02
 2.499999999999899525e-02
 2.499999999999697950e-02
 2.500000000000000833e-02
 2.500000000000101794e-02
 2.500000000000000833e-02
 2.500000000000202754e-02
 2.499999999999899525e-02
 2.500000000000101794e-02
 2.500000000000101794e-02
 2.500000000000000833e-02
 2.500000000000000833e-02
 2.499999999999933178e-02
 2.499999999999663949e-02
 2.500000000000202754e-02
 2.500000000000236408e-02
 2.499999999999866218e-02
 2.500000000000000833e-02
 2.500000000000101794e-02
 7.500000000000002498e-02
 7.500000000000306422e-02
 7.500000000000002498e-02
 7.500000000000306422e-02
 7.500000000000002498e-02
 7.499999999999329425e-02
 7.500000000000221767e-02
 7.499999999999852618e-02
 7.499999999999477918e-02
 7.500000000000826839e-02
 7.500000000000002498e-02
 7.500000000000002498e-02
 7.500000000000306422e-02
 7.499999999999548694e-02
 7.500000000000454914e-02
 7.499999999999852618e-02
 7.500000000000002498e-02
 7.499999999999548694e-02
 7.500000000000002498e-02
 7.500000000000608957e-02
 7.499999999999698574e-02
 7.500000000000306422e-02
 7.500000000000306422e-02
 7.500000000000002498e-02
 7.500000000000002498e-02
 7.500000000000070499e-02
 7.499999999998721578e-02
 7.500000000000608957e-02
 7.500000000000979494e-02
 7.499999999999329425e-02
 7.500000000000306422e-02
 7.500000000000002498e-02
 7.499999999998792355e-02
 7.500000000000002498e-02
 7.499999999999329425e-02
 7.500000000000979494e-02
 7.500000000000608957e-02
 7.499999999998721578e-02
 7.500000000001583178e-02
 7.500000000000002498e-02
 7.500000000000002498e-02
 7.499999999998792355e-02
 7.500000000000306422e-02
 7.499999999999698574e-02
 7.500000000000608957e-02
 7.500000000000002498e-02
 7.500000000000306422e-02
 7.500000000000002498e-02
 7.499999999999094891e-02
 7.500000000001214029e-02
 7.499999999998792355e-02
 7.500000000000306422e-02
 7.500000000000002498e-02
 7.500000000000002498e-02
 7.500000000001583178e-02
 7.499999999998721578e-02
 7.500000000000608957e-02
 7.499999999999465428e-02
 7.499999999999329425e-02
 7.500000000000002498e-02
 7.500000000000306422e-02
 7.500000000000002498e-02
 7.500000000000306422e-02
 7.500000000000002498e-02
 7.500000000000306422e-02
 7.500000000000002498e-02
 7.499999999999329425e-02
 7.500000000000979494e-02
 7.499999999999094891e-02
 7.500000000000235645e-02
 7.500000000000070499e-02
 7.500000000000002498e-02
 7.500000000000002498e-02
 7.500000000000306422e-02
 7.500000000000306422e-02
 7.499999999999698574e-02
 7.499999999999094891e-02
 7.500000000000002498e-02
 7.500000000000306422e-02
 7.500000000000002498e-02
 7.500000000000608957e-02
 7.499999999999698574e-02
 7.500000000000306422e-02
 7.500000000000306422e-02
 7.500000000000002498e-02
 7.500000000000002498e-02
 7.500000000000070499e-02
 7.499999999998721578e-02
 7.500000000000608957e-02
 7.500000000000979494e-02
 7.499999999999329425e-02
 7.500000000000002498e-02
 7.500000000000306422e-02
 7.500000000000002498e-02
 7.499999999998792355e-02
 7.500000000000002498e-02
 7.500000000000306422e-02
 7.500000000000002498e-02
 7.499999999999329425e-02
 7.500000000000979494e-02
 7.500000000000608957e-02
 7.499999999998721578e-02
 7.500000000000070499e-02
 7.500000000000002498e-02
 7.500000000000002498e-02
 7.500000000000306422e-02
 7.500000000000306422e-02
 7.499999999999698574e-02
 7.500000000000608957e-02
 7.500000000000002498e-02
 7.500000000000306422e-02
 7.500000000000002498e-02
 7.499999999999094891e-02
 7.499999999999698574e-02
 7.500000000000306422e-02
 7.500000000000306422e-02
 7.500000000000002498e-02
 7.500000000000002498e-02
 7.500000000000070499e-02
 7.500000000000235645e-02
 7.499999999999094891e-02
 7.500000000000979494e-02
 7.499999999999329425e-02
 7.500000000000002498e-02
 7.500000000000306422e-02
 7.500000000000002498e-02
 7.500000000000306422e-02
 7.500000000000002498e-02
 7.500000000000306422e-02
 7.500000000000002498e-02
 7.499999999999329425e-02
 7.499999999999465428e-02
 7.500000000000608957e-02
 7.499999999998721578e-02
 7.500000000001583178e-02
 7.500000000000002498e-02
 7.500000000000002498e-02
 7.500000000000306422e-02
 7.499999999998792355e-02
 7.500000000001214029e-02
 7.499999999999094891e-02
 7.500000000000002498e-02
 7.500000000000306422e-02
 7.500000000000002498e-02
 7.500000000000608957e-02
 7.499999999999698574e-02
 7.500000000000306422e-02
 7.499999999998792355e-02
 7.500000000000002498e-02
 7.500000000000002498e-02
 7.500000000001583178e-02
 7.499999999998721578e-02
 7.500000000000608957e-02
 7.500000000000979494e-02
 7.499999999999329425e-02
 7.500000000000002498e-02
 7.499999999998792355e-02
 7.500000000000306422e-02
 7.500000000000002498e-02
 7.499999999999329425e-02
 7.500000000000979494e-02
 7.500000000000608957e-02
 7.499999999998721578e-02
 7.500000000000070499e-02
 7.500000000000002498e-02
 7.500000000000002498e-02
 7.500000000000306422e-02
 7.500000000000306422e-02
 7.499999999999698574e-02
 7.500000000000608957e-02
 7.500000000000002498e-02
 7.500000000000306422e-02
 7.500000000000002498e-02
 7.499999999999094891e-02
 7.499999999999698574e-02
 7.500000000000306422e-02
 7.500000000000306422e-02
 7.500000000000002498e-02
 7.500000000000002498e-02
 7.500000000000070499e-02
 7.500000000000235645e-02
 7.499999999999094891e-02
 7.500000000000979494e-02
 7.499999999999329425e-02
 7.500000000000002498e-02
 7.500000000000306422e-02
 7.500000000000002498e-02
 7.500000000000306422e-02
 7.500000000000002498e-02
 7.500000000000306422e-02
 7.500000000000002498e-02
 7.499999999999329425e-02
 7.499999999999465428e-02
 7.500000000000608957e-02
 7.499999999998721578e-02
 7.500000000001583178e-02
 7.500000000000002498e-02
 7.500000000000002498e-02
 7.500000000000306422e-02
 7.499999999998792355e-02
 7.500000000001214029e-02
 7.499999999999094891e-02
 7.500000000000002498e-02
 7.500000000000306422e-02
 7.500000000000002498e-02
 7.499999999999094891e-02
 7.500000000001214029e-02
 7.499999999998792355e-02
 7.500000000000306422e-02
 7.500000000000002498e-02
 7.500000000000002498e-02
 7.500000000001583178e-02
 7.499999999998721578e-02
 7.500000000000608957e-02
 7.499999999999465428e-02
 7.499999999999329425e-02
 7.500000000000002498e-02
 7.500000000000306422e-02
 7.500000000000002498e-02
 7.500000000000306422e-02
 7.500000000000002498e-02
 7.500000000000306422e-02
 7.500000000000002498e-02
 7.499999999999329425e-02
 7.500000000000979494e-02
 7.499999999999094891e-02
 7.500000000000235645e-02
 7.500000000000070499e-02
 7.500000000000002498e-02
 7.500000000000002498e-02
 7.500000000000306422e-02
 7.500000000000306422e-02
 7.499999999999698574e-02
 7.499999999999094891e-02
 7.500000000000002498e-02
 7.500000000000306422e-02
 7.500000000000002498e-02
 7.500000000000608957e-02
 7.499999999999698574e-02
 7.500000000000306422e-02
 7.500000000000306422e-02
 7.500000000000002498e-02
 7.500000000000002498e-02
 7.500000000000070499e-02
 7.499999999998721578e-02
 7.500000000000608957e-02
 7.500000000000979494e-02
 7.499999999999329425e-02
 7.500000000000002498e-02
 7.500000000000306422e-02
 </DataArray>
 <DataArray Name="pos.z" type="Float32" NumberOfComponents="1" format="ascii">
 0.000000000000000000e+00
 0.000000000000000000e+00
 0.000000000000000000e+00
 0.000000000000000000e+00
 0.000000000000000000e+00
 0.000000000000000000e+00
 0.000000000000000000e+00
 0.000000000000000000e+00
 0.000000000000000000e+00
 0.000000000000000000e+00
 0.000000000000000000e+00
 0.000000000000000000e+00
 0.000000000000000000e+00
 0.000000000000000000e+00
 0.000000000000000000e+00
 0.000000000000000000e+00
 0.000000000000000000e+00
 0.000000000000000000e+00
 0.000000000000000000e+00
 0.000000000000000000e+00
 0.000000000000000000e+00
 0.000000000000000000e+00
 0.000000000000000000e+00
 0.000000000000000000e+00
 0.000000000000000000e+00
 0.000000000000000000e+00
 0.000000000000000000e+00
 0.000000000000000000e+00
 0.000000000000000000e+00
 0.000000000000000000e+00
 0.000000000000000000e+00
 0.000000000000000000e+00
 0.000000000000000000e+00
 0.000000000000000000e+00
 0.000000000000000000e+00
 0.000000000000000000e+00
 0.000000000000000000e+00
 0.000000000000000000e+00
 0.000000000000000000e+00
 0.000000000000000000e+00
 0.000000000000000000e+00
 0.000000000000000000e+00
 0.000000000000000000e+00
 0.000000000000000000e+00
 0.000000000000000000e+00
 0.000000000000000000e+00
 0.000000000000000000e+00
 0.000000000000000000e+00
 0.000000000000000000e+00
 0.000000000000000000e+00
 0.000000000000000000e+00
 0.000000000000000000e+00
 0.000000000000000000e+00
 0.000000000000000000e+00
 0.000000000000000000e+00
 0.000000000000000000e+00
 0.000000000000000000e+00
 0.000000000000000000e+00
 0.000000000000000000e+00
 0.000000000000000000e+00
 0.000000000000000000e+00
 0.000000000000000000e+00
 0.000000000000000000e+00
 0.000000000000000000e+00
 0.000000000000000000e+00
 0.000000000000000000e+00
 0.000000000000000000e+00
 0.000000000000000000e+00
 0.000000000000000000e+00
 0.000000000000000000e+00
 0.000000000000000000e+00
 0.000000000000000000e+00
 0.000000000000000000e+00
 0.000000000000000000e+00
 0.000000000000000000e+00
 0.000000000000000000e+00
 0.000000000000000000e+00
 0.000000000000000000e+00
 0.000000000000000000e+00
 0.000000000000000000e+00
 0.000000000000000000e+00
 0.000000000000000000e+00
 0.000000000000000000e+00
 0.000000000000000000e+00
 0.000000000000000000e+00
 0.000000000000000000e+00
 0.000000000000000000e+00
 0.000000000000000000e+00
 0.000000000000000000e+00
 0.000000000000000000e+00
 0.000000000000000000e+00
 0.000000000000000000e+00
 0.000000000000000000e+00
 0.000000000000000000e+00
 0.000000000000000000e+00
 0.000000000000000000e+00
 0.000000000000000000e+00
 0.000000000000000000e+00
 0.000000000000000000e+00
 0.000000000000000000e+00
 0.000000000000000000e+00
 0.000000000000000000e+00
 0.000000000000000000e+00
 0.000000000000000000e+00
 0.000000000000000000e+00
 0.000000000000000000e+00
 0.000000000000000000e+00
 0.000000000000000000e+00
 0.000000000000000000e+00
 0.000000000000000000e+00
 0.000000000000000000e+00
 0.000000000000000000e+00
 0.000000000000000000e+00
 0.000000000000000000e+00
 0.000000000000000000e+00
 0.000000000000000000e+00
 0.000000000000000000e+00
 0.000000000000000000e+00
 0.000000000000000000e+00
 0.000000000000000000e+00
 0.000000000000000000e+00
 0.000000000000000000e+00
 0.000000000000000000e+00
 0.000000000000000000e+00
 0.000000000000000000e+00
 0.000000000000000000e+00
 0.000000000000000000e+00
 0.000000000000000000e+00
 0.000000000000000000e+00
 0.000000000000000000e+00
 0.000000000000000000e+00
 0.000000000000000000e+00
 0.000000000000000000e+00
 0.000000000000000000e+00
 0.000000000000000000e+00
 0.000000000000000000e+00
 0.000000000000000000e+00
 0.000000000000000000e+00
 0.000000000000000000e+00
 0.000000000000000000e+00
 0.000000000000000000e+00
 0.000000000000000000e+00
 0.000000000000000000e+00
 0.000000000000000000e+00
 0.000000000000000000e+00
 0.000000000000000000e+00
 0.000000000000000000e+00
 0.000000000000000000e+00
 0.000000000000000000e+00
 0.000000000000000000e+00
 0.000000000000000000e+00
 0.000000000000000000e+00
 0.000000000000000000e+00
 0.000000000000000000e+00
 0.000000000000000000e+00
 0.000000000000000000e+00
 0.000000000000000000e+00
 0.000000000000000000e+00
 0.000000000000000000e+00
 0.000000000000000000e+00
 0.000000000000000000e+00
 0.000000000000000000e+00
 0.000000000000000000e+00
 0.000000000000000000e+00
 0.000000000000000000e+00
 0.000000000000000000e+00
 0.000000000000000000e+00
 0.000000000000000000e+00
 0.000000000000000000e+00
 0.000000000000000000e+00
 0.000000000000000000e+00
 0.000000000000000000e+00
 0.000000000000000000e+00
 0.000000000000000000e+00
 0.000000000000000000e+00
 0.000000000000000000e+00
 0.000000000000000000e+00
 0.000000000000000000e+00
 0.000000000000000000e+00
 0.000000000000000000e+00
 0.000000000000000000e+00
 0.000000000000000000e+00
 0.000000000000000000e+00
 0.000000000000000000e+00
 0.000000000000000000e+00
 0.000000000000000000e+00
 0.000000000000000000e+00
 0.000000000000000000e+00
 0.000000000000000000e+00
 0.000000000000000000e+00
 0.000000000000000000e+00
 0.000000000000000000e+00
 0.000000000000000000e+00
 0.000000000000000000e+00
 0.000000000000000000e+00
 0.000000000000000000e+00
 0.000000000000000000e+00
 0.000000000000000000e+00
 0.000000000000000000e+00
 0.000000000000000000e+00
 0.000000000000000000e+00
 0.000000000000000000e+00
 0.000000000000000000e+00
 0.000000000000000000e+00
 0.000000000000000000e+00
 0.000000000000000000e+00
 0.000000000000000000e+00
 0.000000000000000000e+00
 0.000000000000000000e+00
 0.000000000000000000e+00
 0.000000000000000000e+00
 0.000000000000000000e+00
 0.000000000000000000e+00
 0.000000000000000000e+00
 0.000000000000000000e+00
 0.000000000000000000e+00
 0.000000000000000000e+00
 0.000000000000000000e+00
 0.000000000000000000e+00
 0.000000000000000000e+00
 0.000000000000000000e+00
 0.000000000000000000e+00
 0.000000000000000000e+00
 0.000000000000000000e+00
 0.000000000000000000e+00
 0.000000000000000000e+00
 0.000000000000000000e+00
 0.000000000000000000e+00
 0.000000000000000000e+00
 0.000000000000000000e+00
 0.000000000000000000e+00
 0.000000000000000000e+00
 0.000000000000000000e+00
 0.000000000000000000e+00
 0.000000000000000000e+00
 0.000000000000000000e+00
 0.000000000000000000e+00
 0.000000000000000000e+00
 0.000000000000000000e+00
 0.000000000000000000e+00
 0.000000000000000000e+00
 0.000000000000000000e+00
 0.000000000000000000e+00
 0.000000000000000000e+00
 0.000000000000000000e+00
 0.000000000000000000e+00
 0.000000000000000000e+00
 0.000000000000000000e+00
 0.000000000000000000e+00
 0.000000000000000000e+00
 0.000000000000000000e+00
 0.000000000000000000e+00
 0.000000000000000000e+00
 0.000000000000000000e+00
 0.000000000000000000e+00
 0.000000000000000000e+00
 0.000000000000000000e+00
 0.000000000000000000e+00
 0.000000000000000000e+00
 0.000000000000000000e+00
 0.000000000000000000e+00
 0.000000000000000000e+00
 0.000000000000000000e+00
 0.000000000000000000e+00
 0.000000000000000000e+00
 0.000000000000000000e+00
 0.000000000000000000e+00
 0.000000000000000000e+00
 0.000000000000000000e+00
 0.000000000000000000e+00
 0.000000000000000000e+00
 0.000000000000000000e+00
 0.000000000000000000e+00
 0.000000000000000000e+00
 0.000000000000000000e+00
 0.000000000000000000e+00
 0.000000000000000000e+00
 0.000000000000000000e+00
 0.000000000000000000e+00
 0.000000000000000000e+00
 0.000000000000000000e+00
 0.000000000000000000e+00
 0.000000000000000000e+00
 0.000000000000000000e+00
 0.000000000000000000e+00
 0.000000000000000000e+00
 0.000000000000000000e+00
 0.000000000000000000e+00
 0.000000000000000000e+00
 0.000000000000000000e+00
 0.000000000000000000e+00
 0.000000000000000000e+00
 0.000000000000000000e+00
 0.000000000000000000e+00
 0.000000000000000000e+00
 0.000000000000000000e+00
 0.000000000000000000e+00
 0.000000000000000000e+00
 0.000000000000000000e+00
 0.000000000000000000e+00
 0.000000000000000000e+00
 0.000000000000000000e+00
 0.000000000000000000e+00
 0.000000000000000000e+00
 0.000000000000000000e+00
 0.000000000000000000e+00
 0.000000000000000000e+00
 0.000000000000000000e+00
 0.000000000000000000e+00
 0.000000000000000000e+00
 0.000000000000000000e+00
 0.000000000000000000e+00
 0.000000000000000000e+00
 0.000000000000000000e+00
 0.000000000000000000e+00
 0.000000000000000000e+00
 0.000000000000000000e+00
 0.000000000000000000e+00
 0.000000000000000000e+00
 0.000000000000000000e+00
 0.000000000000000000e+00
 0.000000000000000000e+00
 0.000000000000000000e+00
 0.000000000000000000e+00
 0.000000000000000000e+00
 0.000000000000000000e+00
 0.000000000000000000e+00
 0.000000000000000000e+00
 0.000000000000000000e+00
 0.000000000000000000e+00
 0.000000000000000000e+00
 0.000000000000000000e+00
 0.000000000000000000e+00
 0.000000000000000000e+00
 0.000000000000000000e+00
 0.000000000000000000e+00
 0.000000000000000000e+00
 0.000000000000000000e+00
 0.000000000000000000e+00
 0.000000000000000000e+00
 0.000000000000000000e+00
 0.000000000000000000e+00
 0.000000000000000000e+00
 0.000000000000000000e+00
 0.000000000000000000e+00
 0.000000000000000000e+00
 0.000000000000000000e+00
 0.000000000000000000e+00
 0.000000000000000000e+00
 0.000000000000000000e+00
 0.000000000000000000e+00
 0.000000000000000000e+00
 0.000000000000000000e+00
 0.000000000000000000e+00
 0.000000000000000000e+00
 0.000000000000000000e+00
 0.000000000000000000e+00
 0.000000000000000000e+00
 0.000000000000000000e+00
 0.000000000000000000e+00
 0.000000000000000000e+00
 0.000000000000000000e+00
 0.000000000000000000e+00
 0.000000000000000000e+00
 0.000000000000000000e+00
 0.000000000000000000e+00
 0.000000000000000000e+00
 0.000000000000000000e+00
 0.000000000000000000e+00
 0.000000000000000000e+00
 0.000000000000000000e+00
 0.000000000000000000e+00
 0.000000000000000000e+00
 0.000000000000000000e+00
 0.000000000000000000e+00
 0.000000000000000000e+00
 0.000000000000000000e+00
 0.000000000000000000e+00
 0.000000000000000000e+00
 0.000000000000000000e+00
 0.000000000000000000e+00
 0.000000000000000000e+00
 0.000000000000000000e+00
 0.000000000000000000e+00
 0.000000000000000000e+00
 0.000000000000000000e+00
 0.000000000000000000e+00
 0.000000000000000000e+00
 0.000000000000000000e+00
 0.000000000000000000e+00
 0.000000000000000000e+00
 0.000000000000000000e+00
 0.000000000000000000e+00
 0.000000000000000000e+00
 0.000000000000000000e+00
 0.000000000000000000e+00
 0.000000000000000000e+00
 0.000000000000000000e+00
 0.000000000000000000e+00
 0.000000000000000000e+00
 0.000000000000000000e+00
 0.000000000000000000e+00
 0.000000000000000000e+00
 0.000000000000000000e+00
 0.000000000000000000e+00
 0.000000000000000000e+00
 0.000000000000000000e+00
 0.000000000000000000e+00
 0.000000000000000000e+00
 0.000000000000000000e+00
 0.000000000000000000e+00
 0.000000000000000000e+00
 0.000000000000000000e+00
 0.000000000000000000e+00
 0.000000000000000000e+00
 0.000000000000000000e+00
 0.000000000000000000e+00
 0.000000000000000000e+00
 0.000000000000000000e+00
 0.000000000000000000e+00
 0.000000000000000000e+00
 0.000000000000000000e+00
 0.000000000000000000e+00
 0.000000000000000000e+00
 0.000000000000000000e+00
 0.000000000000000000e+00
 0.000000000000000000e+00
 0.000000000000000000e+00
 0.000000000000000000e+00
 0.000000000000000000e+00
 0.000000000000000000e+00
 0.000000000000000000e+00
 0.000000000000000000e+00
 0.000000000000000000e+00
 0.000000000000000000e+00
 0.000000000000000000e+00
 0.000000000000000000e+00
 0.000000000000000000e+00
 0.000000000000000000e+00
 0.000000000000000000e+00
 0.000000000000000000e+00
 0.000000000000000000e+00
 0.000000000000000000e+00
 0.000000000000000000e+00
 0.000000000000000000e+00
 0.000000000000000000e+00
 0.000000000000000000e+00
 0.000000000000000000e+00
 0.000000000000000000e+00
 0.000000000000000000e+00
 0.000000000000000000e+00
 0.000000000000000000e+00
 0.000000000000000000e+00
 0.000000000000000000e+00
 0.000000000000000000e+00
 0.000000000000000000e+00
 0.000000000000000000e+00
 0.000000000000000000e+00
 0.000000000000000000e+00
 0.000000000000000000e+00
 0.000000000000000000e+00
 0.000000000000000000e+00
 0.000000000000000000e+00
 0.000000000000000000e+00
 0.000000000000000000e+00
 0.000000000000000000e+00
 0.000000000000000000e+00
 0.000000000000000000e+00
 0.000000000000000000e+00
 0.000000000000000000e+00
 0.000000000000000000e+00
 0.000000000000000000e+00
 0.000000000000000000e+00
 0.000000000000000000e+00
 0.000000000000000000e+00
 0.000000000000000000e+00
 0.000000000000000000e+00
 0.000000000000000000e+00
 0.000000000000000000e+00
 0.000000000000000000e+00
 0.000000000000000000e+00
 0.000000000000000000e+00
 0.000000000000000000e+00
 0.000000000000000000e+00
 0.000000000000000000e+00
 0.000000000000000000e+00
 0.000000000000000000e+00
 0.000000000000000000e+00
 0.000000000000000000e+00
 0.000000000000000000e+00
 0.000000000000000000e+00
 0.000000000000000000e+00
 0.000000000000000000e+00
 0.000000000000000000e+00
 0.000000000000000000e+00
 0.000000000000000000e+00
 0.000000000000000000e+00
 0.000000000000000000e+00
 0.000000000000000000e+00
 0.000000000000000000e+00
 </DataArray>
 <DataArray Name="volume" type="Float32" NumberOfComponents="1" format="ascii">
 2.750000000000252243e-04
 2.749999999999697131e-04
 2.750000000000252243e-04
 2.749999999999697131e-04
 2.750000000000252243e-04
 2.750000000000252243e-04
 2.749999999999974687e-04
 2.749999999999419575e-04
 2.750000000001084910e-04
 2.749999999998864464e-04
 2.750000000000252243e-04
 2.750000000000252243e-04
 2.749999999999697131e-04
 2.749999999999974687e-04
 2.750000000000529798e-04
 2.749999999999419575e-04
 2.750000000000252243e-04
 2.749999999999974687e-04
 2.750000000000252243e-04
 2.749999999999142020e-04
 2.750000000000807354e-04
 2.749999999999697131e-04
 2.749999999999697131e-04
 2.750000000000252243e-04
 2.750000000000252243e-04
 2.749999999999142020e-04
 2.750000000001362466e-04
 2.749999999999142020e-04
 2.749999999999697131e-04
 2.750000000000252243e-04
 2.749999999999697131e-04
 2.750000000000252243e-04
 2.750000000000252243e-04
 2.750000000000252243e-04
 2.750000000000252243e-04
 2.749999999999697131e-04
 2.749999999999142020e-04
 2.750000000001362466e-04
 2.749999999998586908e-04
 2.750000000000252243e-04
 2.750000000000252243e-04
 2.750000000000252243e-04
 2.749999999999697131e-04
 2.750000000000807354e-04
 2.749999999999142020e-04
 2.750000000000252243e-04
 2.749999999999697131e-04
 2.750000000000252243e-04
 2.749999999999697131e-04
 2.750000000000252243e-04
 2.750000000000252243e-04
 2.749999999999697131e-04
 2.750000000000252243e-04
 2.750000000000252243e-04
 2.749999999998586908e-04
 2.750000000001362466e-04
 2.749999999999142020e-04
 2.750000000000252243e-04
 2.750000000000252243e-04
 2.750000000000252243e-04
 2.749999999999697131e-04
 2.750000000000252243e-04
 2.749999999999697131e-04
 2.750000000000252243e-04
 2.749999999999697131e-04
 2.750000000000252243e-04
 2.750000000000252243e-04
 2.749999999999697131e-04
 2.749999999999697131e-04
 2.750000000000807354e-04
 2.749999999999142020e-04
 2.750000000000252243e-04
 2.750000000000252243e-04
 2.749999999999697131e-04
 2.749999999999697131e-04
 2.750000000000807354e-04
 2.749999999999697131e-04
 2.750000000000252243e-04
 2.749999999999697131e-04
 2.750000000000252243e-04
 2.749999999999142020e-04
 2.750000000000807354e-04
 2.749999999999697131e-04
 2.749999999999697131e-04
 2.750000000000252243e-04
 2.750000000000252243e-04
 2.749999999999142020e-04
 2.750000000001362466e-04
 2.749999999999142020e-04
 2.749999999999697131e-04
 2.750000000000252243e-04
 2.750000000000252243e-04
 2.749999999999697131e-04
 2.750000000000252243e-04
 2.750000000000252243e-04
 2.750000000000252243e-04
 2.749999999999697131e-04
 2.750000000000252243e-04
 2.750000000000252243e-04
 2.749999999999697131e-04
 2.749999999999142020e-04
 2.750000000001362466e-04
 2.749999999999142020e-04
 2.750000000000252243e-04
 2.750000000000252243e-04
 2.749999999999697131e-04
 2.749999999999697131e-04
 2.750000000000807354e-04
 2.749999999999142020e-04
 2.750000000000252243e-04
 2.749999999999697131e-04
 2.750000000000252243e-04
 2.749999999999697131e-04
 2.750000000000807354e-04
 2.749999999999697131e-04
 2.749999999999697131e-04
 2.750000000000252243e-04
 2.750000000000252243e-04
 2.749999999999142020e-04
 2.750000000000807354e-04
 2.749999999999697131e-04
 2.749999999999697131e-04
 2.750000000000252243e-04
 2.750000000000252243e-04
 2.749999999999697131e-04
 2.750000000000252243e-04
 2.749999999999697131e-04
 2.750000000000252243e-04
 2.749999999999697131e-04
 2.750000000000252243e-04
 2.750000000000252243e-04
 2.750000000000252243e-04
 2.749999999999142020e-04
 2.750000000001362466e-04
 2.749999999998586908e-04
 2.750000000000252243e-04
 2.750000000000252243e-04
 2.749999999999697131e-04
 2.750000000000252243e-04
 2.750000000000252243e-04
 2.749999999999697131e-04
 2.750000000000252243e-04
 2.749999999999697131e-04
 2.750000000000252243e-04
 2.749999999999142020e-04
 2.750000000000807354e-04
 2.749999999999697131e-04
 2.750000000000252243e-04
 2.750000000000252243e-04
 2.750000000000252243e-04
 2.749999999998586908e-04
 2.750000000001362466e-04
 2.749999999999142020e-04
 2.749999999999697131e-04
 2.750000000000252243e-04
 2.750000000000252243e-04
 2.750000000000252243e-04
 2.749999999999697131e-04
 2.750000000000252243e-04
 2.750000000000252243e-04
 2.749999999999697131e-04
 2.749999999999142020e-04
 2.750000000001362466e-04
 2.749999999999142020e-04
 2.750000000000252243e-04
 2.750000000000252243e-04
 2.749999999999697131e-04
 2.749999999999697131e-04
 2.750000000000807354e-04
 2.749999999999142020e-04
 2.750000000000252243e-04
 2.749999999999697131e-04
 2.750000000000252243e-04
 2.749999999999697131e-04
 2.750000000000807354e-04
 2.749999999999697131e-04
 2.749999999999697131e-04
 2.750000000000252243e-04
 2.750000000000252243e-04
 2.749999999999142020e-04
 2.750000000000807354e-04
 2.749999999999697131e-04
 2.749999999999697131e-04
 2.750000000000252243e-04
 2.750000000000252243e-04
 2.749999999999697131e-04
 2.750000000000252243e-04
 2.749999999999697131e-04
 2.750000000000252243e-04
 2.749999999999697131e-04
 2.750000000000252243e-04
 2.750000000000252243e-04
 2.750000000000252243e-04
 2.749999999999142020e-04
 2.750000000001362466e-04
 2.749999999998586908e-04
 2.750000000000252243e-04
 2.750000000000252243e-04
 2.749999999999697131e-04
 2.750000000000252243e-04
 2.750000000000252243e-04
 2.749999999999697131e-04
 2.750000000000252243e-04
 2.749999999999697131e-04
 2.750000000000252243e-04
 2.749999999999697131e-04
 2.750000000000252243e-04
 2.750000000000252243e-04
 2.749999999999697131e-04
 2.750000000000252243e-04
 2.750000000000252243e-04
 2.749999999998586908e-04
 2.750000000001362466e-04
 2.749999999999142020e-04
 2.750000000000252243e-04
 2.750000000000252243e-04
 2.750000000000252243e-04
 2.749999999999697131e-04
 2.750000000000252243e-04
 2.749999999999697131e-04
 2.750000000000252243e-04
 2.749999999999697131e-04
 2.750000000000252243e-04
 2.750000000000252243e-04
 2.749999999999697131e-04
 2.749999999999697131e-04
 2.750000000000807354e-04
 2.749999999999142020e-04
 2.750000000000252243e-04
 2.750000000000252243e-04
 2.749999999999697131e-04
 2.749999999999697131e-04
 2.750000000000807354e-04
 2.749999999999697131e-04
 2.750000000000252243e-04
 2.749999999999697131e-04
 2.750000000000252243e-04
 2.749999999999142020e-04
 2.750000000000807354e-04
 2.749999999999697131e-04
 2.749999999999697131e-04
 2.750000000000252243e-04
 2.750000000000252243e-04
 2.749999999999142020e-04
 2.750000000001362466e-04
 2.749999999999142020e-04
 2.749999999999697131e-04
 2.750000000000252243e-04
 2.750000000000252243e-04
 2.749999999999697131e-04
 2.750000000000252243e-04
 2.749999999999697131e-04
 2.750000000000252243e-04
 2.749999999999697131e-04
 2.750000000000252243e-04
 2.750000000000252243e-04
 2.749999999999974687e-04
 2.749999999999419575e-04
 2.750000000001084910e-04
 2.749999999998864464e-04
 2.750000000000252243e-04
 2.750000000000252243e-04
 2.749999999999697131e-04
 2.749999999999974687e-04
 2.750000000000529798e-04
 2.749999999999419575e-04
 2.750000000000252243e-04
 2.749999999999974687e-04
 2.750000000000252243e-04
 2.749999999999142020e-04
 2.750000000000807354e-04
 2.749999999999697131e-04
 2.749999999999697131e-04
 2.750000000000252243e-04
 2.750000000000252243e-04
 2.749999999999142020e-04
 2.750000000001362466e-04
 2.749999999999142020e-04
 2.749999999999697131e-04
 2.750000000000252243e-04
 2.749999999999697131e-04
 2.750000000000252243e-04
 2.750000000000252243e-04
 2.750000000000252243e-04
 2.750000000000252243e-04
 2.749999999999697131e-04
 2.749999999999142020e-04
 2.750000000001362466e-04
 2.749999999998586908e-04
 2.750000000000252243e-04
 2.750000000000252243e-04
 2.750000000000252243e-04
 2.749999999999697131e-04
 2.750000000000807354e-04
 2.749999999999142020e-04
 2.750000000000252243e-04
 2.749999999999697131e-04
 2.750000000000252243e-04
 2.749999999999697131e-04
 2.750000000000252243e-04
 2.750000000000252243e-04
 2.749999999999697131e-04
 2.750000000000252243e-04
 2.750000000000252243e-04
 2.749999999998586908e-04
 2.750000000001362466e-04
 2.749999999999142020e-04
 2.750000000000252243e-04
 2.750000000000252243e-04
 2.750000000000252243e-04
 2.749999999999697131e-04
 2.750000000000252243e-04
 2.749999999999697131e-04
 2.750000000000252243e-04
 2.749999999999697131e-04
 2.750000000000252243e-04
 2.750000000000252243e-04
 2.749999999999697131e-04
 2.749999999999697131e-04
 2.750000000000807354e-04
 2.749999999999142020e-04
 2.750000000000252243e-04
 2.750000000000252243e-04
 2.749999999999697131e-04
 2.749999999999697131e-04
 2.750000000000807354e-04
 2.749999999999697131e-04
 2.750000000000252243e-04
 2.749999999999697131e-04
 2.750000000000252243e-04
 2.749999999999142020e-04
 2.750000000000807354e-04
 2.749999999999697131e-04
 2.749999999999697131e-04
 2.750000000000252243e-04
 2.750000000000252243e-04
 2.749999999999142020e-04
 2.750000000001362466e-04
 2.749999999999142020e-04
 2.749999999999697131e-04
 2.750000000000252243e-04
 2.750000000000252243e-04
 2.749999999999697131e-04
 2.750000000000252243e-04
 2.750000000000252243e-04
 2.750000000000252243e-04
 2.749999999999697131e-04
 2.750000000000252243e-04
 2.750000000000252243e-04
 2.749999999999697131e-04
 2.749999999999142020e-04
 2.750000000001362466e-04
 2.749999999999142020e-04
 2.750000000000252243e-04
 2.750000000000252243e-04
 2.749999999999697131e-04
 2.749999999999697131e-04
 2.750000000000807354e-04
 2.749999999999142020e-04
 2.750000000000252243e-04
 2.749999999999697131e-04
 2.750000000000252243e-04
 2.749999999999697131e-04
 2.750000000000807354e-04
 2.749999999999697131e-04
 2.749999999999697131e-04
 2.750000000000252243e-04
 2.750000000000252243e-04
 2.749999999999142020e-04
 2.750000000000807354e-04
 2.749999999999697131e-04
 2.749999999999697131e-04
 2.750000000000252243e-04
 2.750000000000252243e-04
 2.749999999999697131e-04
 2.750000000000252243e-04
 2.749999999999697131e-04
 2.750000000000252243e-04
 2.749999999999697131e-04
 2.750000000000252243e-04
 2.750000000000252243e-04
 2.750000000000252243e-04
 2.749999999999142020e-04
 2.750000000001362466e-04
 2.749999999998586908e-04
 2.750000000000252243e-04
 2.750000000000252243e-04
 2.749999999999697131e-04
 2.750000000000252243e-04
 2.750000000000252243e-04
 2.749999999999697131e-04
 2.750000000000252243e-04
 2.749999999999697131e-04
 2.750000000000252243e-04
 2.749999999999142020e-04
 2.750000000000807354e-04
 2.749999999999697131e-04
 2.750000000000252243e-04
 2.750000000000252243e-04
 2.750000000000252243e-04
 2.749999999998586908e-04
 2.750000000001362466e-04
 2.749999999999142020e-04
 2.749999999999697131e-04
 2.750000000000252243e-04
 2.750000000000252243e-04
 2.750000000000252243e-04
 2.749999999999697131e-04
 2.750000000000252243e-04
 2.750000000000252243e-04
 2.749999999999697131e-04
 2.749999999999142020e-04
 2.750000000001362466e-04
 2.749999999999142020e-04
 2.750000000000252243e-04
 2.750000000000252243e-04
 2.749999999999697131e-04
 2.749999999999697131e-04
 2.750000000000807354e-04
 2.749999999999142020e-04
 2.750000000000252243e-04
 2.749999999999697131e-04
 2.750000000000252243e-04
 2.749999999999697131e-04
 2.750000000000807354e-04
 2.749999999999697131e-04
 2.749999999999697131e-04
 2.750000000000252243e-04
 2.750000000000252243e-04
 2.749999999999142020e-04
 2.750000000000807354e-04
 2.749999999999697131e-04
 2.749999999999697131e-04
 2.750000000000252243e-04
 2.750000000000252243e-04
 2.749999999999697131e-04
 2.750000000000252243e-04
 2.749999999999697131e-04
 2.750000000000252243e-04
 2.749999999999697131e-04
 2.750000000000252243e-04
 2.750000000000252243e-04
 2.750000000000252243e-04
 2.749999999999142020e-04
 2.750000000001362466e-04
 2.749999999998586908e-04
 2.750000000000252243e-04
 2.750000000000252243e-04
 2.749999999999697131e-04
 2.750000000000252243e-04
 2.750000000000252243e-04
 2.749999999999697131e-04
 2.750000000000252243e-04
 2.749999999999697131e-04
 2.750000000000252243e-04
 2.749999999999697131e-04
 2.750000000000252243e-04
 2.750000000000252243e-04
 2.749999999999697131e-04
 2.750000000000252243e-04
 2.750000000000252243e-04
 2.749999999998586908e-04
 2.750000000001362466e-04
 2.749999999999142020e-04
 2.750000000000252243e-04
 2.750000000000252243e-04
 2.750000000000252243e-04
 2.749999999999697131e-04
 2.750000000000252243e-04
 2.749999999999697131e-04
 2.750000000000252243e-04
 2.749999999999697131e-04
 2.750000000000252243e-04
 2.750000000000252243e-04
 2.749999999999697131e-04
 2.749999999999697131e-04
 2.750000000000807354e-04
 2.749999999999142020e-04
 2.750000000000252243e-04
 2.750000000000252243e-04
 2.749999999999697131e-04
 2.749999999999697131e-04
 2.750000000000807354e-04
 2.749999999999697131e-04
 2.750000000000252243e-04
 2.749999999999697131e-04
 2.750000000000252243e-04
 2.749999999999142020e-04
 2.750000000000807354e-04
 2.749999999999697131e-04
 2.749999999999697131e-04
 2.750000000000252243e-04
 2.750000000000252243e-04
 2.749999999999142020e-04
 2.750000000001362466e-04
 2.749999999999142020e-04
 2.749999999999697131e-04
 2.750000000000252243e-04
 2.750000000000252243e-04
 2.749999999999697131e-04
 </DataArray>
 <DataArray Name="rho" type="Float32" NumberOfComponents="1" format="ascii">
 2.475645956897189887e-02
 2.472731039057882857e-02
 2.469787627980523162e-02
 2.466815717297653199e-02
 2.463815067525957497e-02
 2.460785849712527132e-02
 2.457728754658102324e-02
 2.454644586071185255e-02
 2.451533958275135816e-02
 2.448396695289578942e-02
 2.445231892769961571e-02
 2.442039169239148058e-02
 2.438818819318639558e-02
 2.435571487409851979e-02
 2.432298299912973027e-02
 2.429000069672399009e-02
 2.425677315143965479e-02
 2.422329415583989939e-02
 2.418953461485565462e-02
 2.415552066453991939e-02
 2.412134462155933468e-02
 2.408697516068268249e-02
 2.405226483706972979e-02
 2.401730567252836554e-02
 2.398246188636775703e-02
 2.394766197260934926e-02
 2.391198096855121774e-02
 2.387524844197360871e-02
 2.384005282350144458e-02
 2.380668623475499374e-02
 2.376811524675668738e-02
 2.370860259754477284e-02
 2.357226382896996861e-02
 2.312917269883931967e-02
 2.149938556120747912e-02
 1.591586508682705722e-02
 6.635693810951593871e-03
 3.723271015308077941e-03
 3.441930679943702633e-03
 3.429878722914912748e-03
 3.429639748089822245e-03
 3.429635331427546754e-03
 3.429635261342792781e-03
 3.429635260383523659e-03
 3.429635260369991515e-03
 3.429635260369789853e-03
 3.429635260369789853e-03
 3.429635260369789853e-03
 3.429635260369789853e-03
 3.429635260369789853e-03
 3.429635260369789853e-03
 3.429635260369789853e-03
 3.429635260369789853e-03
 3.429635260369789853e-03
 3.429635260369789853e-03
 3.429635260369789853e-03
 3.429635260369789853e-03
 3.429635260369789853e-03
 3.429635260369789853e-03
 3.429635260369789853e-03
 3.429635260369789853e-03
 3.429635260369789853e-03
 3.429635260369789853e-03
 3.429635260369789853e-03
 3.429635260369789853e-03
 3.429635260369789853e-03
 3.429635260369789853e-03
 3.429635260369789853e-03
 3.429635260369789853e-03
 3.429635260369789853e-03
 3.429635260369789853e-03
 3.429635260369789853e-03
 3.429635260369789853e-03
 3.429635260369789853e-03
 3.429635260369789853e-03
 3.429635260369789853e-03
 3.429635260369789853e-03
 3.429635260369789853e-03
 3.429635260369789853e-03
 3.429635260369789853e-03
 3.429635260369789853e-03
 3.429635260369789853e-03
 3.429635260369789853e-03
 3.429635260369789853e-03
 3.429635260369789853e-03
 3.429635260369789853e-03
 3.429635260369789853e-03
 3.429635260369789853e-03
 3.429635260369789853e-03
 3.429635260369789853e-03
 3.429635260369789853e-03
 3.429635260369789853e-03
 3.429635260369789853e-03
 3.429635260369789853e-03
 3.429635260369789853e-03
 3.429635260369789853e-03
 3.429635260369789853e-03
 3.429635260369789853e-03
 3.429635260369789853e-03
 3.429635260369789853e-03
 3.429635260369789853e-03
 3.429635260369789853e-03
 3.429635260369789853e-03
 3.429635260369789853e-03
 3.429635260369789853e-03
 3.429635260369789853e-03
 3.429635260369789853e-03
 3.429635260369789853e-03
 3.429635260369789853e-03
 3.429635260369789853e-03
 3.429635260369789853e-03
 3.429635260369789853e-03
 3.429635260369789853e-03
 3.429635260369789853e-03
 3.429635260369789853e-03
 3.429635260369789853e-03
 3.429635260369789853e-03
 3.429635260369789853e-03
 3.429635260369789853e-03
 3.429635260369789853e-03
 3.429635260369789853e-03
 3.429635260369789853e-03
 3.429635260369789853e-03
 3.429635260369789853e-03
 3.429635260369789853e-03
 3.429635260369789853e-03
 3.429635260369789853e-03
 3.429635260369789853e-03
 3.429635260369789853e-03
 3.429635260369789853e-03
 3.429635260369789853e-03
 3.429635260369789853e-03
 3.429635260369789853e-03
 3.429635260369789853e-03
 3.429635260369789853e-03
 3.429635260369789853e-03
 3.429635260369789853e-03
 3.429635260369789853e-03
 3.429635260369789853e-03
 3.429635260369789853e-03
 3.429635260369789853e-03
 3.429635260369789853e-03
 3.429635260369789853e-03
 3.429635260369789853e-03
 3.429635260369789853e-03
 3.429635260369789853e-03
 3.429635260369789853e-03
 3.429635260369789853e-03
 3.429635260369789853e-03
 3.429635260369789853e-03
 3.429635260369789853e-03
 3.429635260369789853e-03
 3.429635260369789853e-03
 3.429635260369789853e-03
 3.429635260369789853e-03
 3.429635260369789853e-03
 3.429635260369789853e-03
 3.429635260369789853e-03
 3.429635260369789853e-03
 3.429635260369789853e-03
 3.429635260369789853e-03
 3.429635260369789853e-03
 3.429635260369789853e-03
 3.429635260369789853e-03
 3.429635260369789853e-03
 3.429635260369789853e-03
 3.429635260369789853e-03
 3.429635260369789853e-03
 3.429635260369789853e-03
 3.429635260369789853e-03
 3.429635260369789853e-03
 3.429635260369789853e-03
 3.429635260369789853e-03
 3.429635260369789853e-03
 3.429635260369789853e-03
 3.429635260369789853e-03
 3.429635260369789853e-03
 3.429635260369789853e-03
 3.429635260369789853e-03
 3.429635260369789853e-03
 3.429635260369789853e-03
 3.429635260369789853e-03
 3.429635260369789853e-03
 3.429635260369789853e-03
 3.429635260369789853e-03
 3.429635260369789853e-03
 3.429635260369789853e-03
 3.429635260369789853e-03
 3.429635260369789853e-03
 3.429635260369789853e-03
 3.429635260369789853e-03
 3.429635260369789853e-03
 3.429635260369789853e-03
 3.429635260369789853e-03
 3.429635260369789853e-03
 3.429635260369789853e-03
 3.429635260369789853e-03
 3.429635260369789853e-03
 3.429635260369789853e-03
 3.429635260369789853e-03
 3.429635260369789853e-03
 3.429635260369789853e-03
 3.429635260369789853e-03
 3.429635260369789853e-03
 3.429635260369789853e-03
 3.429635260369789853e-03
 3.429635260369789853e-03
 3.429635260369789853e-03
 3.429635260369789853e-03
 3.429635260369789853e-03
 3.429635260369789853e-03
 3.429635260369789853e-03
 3.429635260369789853e-03
 3.429635260369789853e-03
 3.429635260369789853e-03
 3.429635260369789853e-03
 3.429635260369789853e-03
 3.429635260369789853e-03
 3.429635260369789853e-03
 3.429635260369789853e-03
 3.429635260369789853e-03
 3.429635260369789853e-03
 3.429635260369789853e-03
 3.429635260369789853e-03
 3.429635260369789853e-03
 3.429635260369789853e-03
 3.429635260369789853e-03
 3.429635260369789853e-03
 3.429635260369789853e-03
 3.429635260369789853e-03
 3.429635260369789853e-03
 3.429635260369789853e-03
 3.429635260369789853e-03
 3.429635260369789853e-03
 3.429635260369789853e-03
 3.429635260369789853e-03
 3.429635260369789853e-03
 3.429635260369789853e-03
 3.429635260369789853e-03
 3.429635260369789853e-03
 3.429635260369789853e-03
 3.429635260369789853e-03
 3.429635260369789853e-03
 3.429635260369789853e-03
 3.429635260369789853e-03
 3.429635260369789853e-03
 3.429635260369789853e-03
 3.429635260369789853e-03
 3.429635260369789853e-03
 3.429635260369789853e-03
 2.475645956897196132e-02
 2.472731039057885979e-02
 2.469787627980524897e-02
 2.466815717297654240e-02
 2.463815067525952987e-02
 2.460785849712519152e-02
 2.457728754658098161e-02
 2.454644586071185602e-02
 2.451533958275137551e-02
 2.448396695289579983e-02
 2.445231892769960877e-02
 2.442039169239146323e-02
 2.438818819318638517e-02
 2.435571487409855448e-02
 2.432298299912976150e-02
 2.429000069672397621e-02
 2.425677315143959928e-02
 2.422329415583985429e-02
 2.418953461485561646e-02
 2.415552066453988816e-02
 2.412134462155932774e-02
 2.408697516068267555e-02
 2.405226483706971591e-02
 2.401730567252836207e-02
 2.398246188636776396e-02
 2.394766197260936313e-02
 2.391198096855122121e-02
 2.387524844197360524e-02
 2.384005282350141683e-02
 2.380668623475494863e-02
 2.376811524675664228e-02
 2.370860259754473121e-02
 2.357226382896994779e-02
 2.312917269883930232e-02
 2.149938556120750688e-02
 1.591586508682711967e-02
 6.635693810951641576e-03
 3.723271015308082278e-03
 3.441930679943703067e-03
 3.429878722914912748e-03
 3.429639748089822245e-03
 3.429635331427546754e-03
 3.429635261342792781e-03
 3.429635260383523659e-03
 3.429635260369991515e-03
 3.429635260369789853e-03
 3.429635260369789853e-03
 3.429635260369789853e-03
 3.429635260369789853e-03
 3.429635260369789853e-03
 3.429635260369789853e-03
 3.429635260369789853e-03
 3.429635260369789853e-03
 3.429635260369789853e-03
 3.429635260369789853e-03
 3.429635260369789853e-03
 3.429635260369789853e-03
 3.429635260369789853e-03
 3.429635260369789853e-03
 3.429635260369789853e-03
 3.429635260369789853e-03
 3.429635260369789853e-03
 3.429635260369789853e-03
 3.429635260369789853e-03
 3.429635260369789853e-03
 3.429635260369789853e-03
 3.429635260369789853e-03
 3.429635260369789853e-03
 3.429635260369789853e-03
 3.429635260369789853e-03
 3.429635260369789853e-03
 3.429635260369789853e-03
 3.429635260369789853e-03
 3.429635260369789853e-03
 3.429635260369789853e-03
 3.429635260369789853e-03
 3.429635260369789853e-03
 3.429635260369789853e-03
 3.429635260369789853e-03
 3.429635260369789853e-03
 3.429635260369789853e-03
 3.429635260369789853e-03
 3.429635260369789853e-03
 3.429635260369789853e-03
 3.429635260369789853e-03
 3.429635260369789853e-03
 3.429635260369789853e-03
 3.429635260369789853e-03
 3.429635260369789853e-03
 3.429635260369789853e-03
 3.429635260369789853e-03
 3.429635260369789853e-03
 3.429635260369789853e-03
 3.429635260369789853e-03
 3.429635260369789853e-03
 3.429635260369789853e-03
 3.429635260369789853e-03
 3.429635260369789853e-03
 3.429635260369789853e-03
 3.429635260369789853e-03
 3.429635260369789853e-03
 3.429635260369789853e-03
 3.429635260369789853e-03
 3.429635260369789853e-03
 3.429635260369789853e-03
 3.429635260369789853e-03
 3.429635260369789853e-03
 3.429635260369789853e-03
 3.429635260369789853e-03
 3.429635260369789853e-03
 3.429635260369789853e-03
 3.429635260369789853e-03
 3.429635260369789853e-03
 3.429635260369789853e-03
 3.429635260369789853e-03
 3.429635260369789853e-03
 3.429635260369789853e-03
 3.429635260369789853e-03
 3.429635260369789853e-03
 3.429635260369789853e-03
 3.429635260369789853e-03
 3.429635260369789853e-03
 3.429635260369789853e-03
 3.429635260369789853e-03
 3.429635260369789853e-03
 3.429635260369789853e-03
 3.429635260369789853e-03
 3.429635260369789853e-03
 3.429635260369789853e-03
 3.429635260369789853e-03
 3.429635260369789853e-03
 3.429635260369789853e-03
 3.429635260369789853e-03
 3.429635260369789853e-03
 3.429635260369789853e-03
 3.429635260369789853e-03
 3.429635260369789853e-03
 3.429635260369789853e-03
 3.429635260369789853e-03
 3.429635260369789853e-03
 3.429635260369789853e-03
 3.429635260369789853e-03
 3.429635260369789853e-03
 3.429635260369789853e-03
 3.429635260369789853e-03
 3.429635260369789853e-03
 3.429635260369789853e-03
 3.429635260369789853e-03
 3.429635260369789853e-03
 3.429635260369789853e-03
 3.429635260369789853e-03
 3.429635260369789853e-03
 3.429635260369789853e-03
 3.429635260369789853e-03
 3.429635260369789853e-03
 3.429635260369789853e-03
 3.429635260369789853e-03
 3.429635260369789853e-03
 3.429635260369789853e-03
 3.429635260369789853e-03
 3.429635260369789853e-03
 3.429635260369789853e-03
 3.429635260369789853e-03
 3.429635260369789853e-03
 3.429635260369789853e-03
 3.429635260369789853e-03
 3.429635260369789853e-03
 3.429635260369789853e-03
 3.429635260369789853e-03
 3.429635260369789853e-03
 3.429635260369789853e-03
 3.429635260369789853e-03
 3.429635260369789853e-03
 3.429635260369789853e-03
 3.429635260369789853e-03
 3.429635260369789853e-03
 3.429635260369789853e-03
 3.429635260369789853e-03
 3.429635260369789853e-03
 3.429635260369789853e-03
 3.429635260369789853e-03
 3.429635260369789853e-03
 3.429635260369789853e-03
 3.429635260369789853e-03
 3.429635260369789853e-03
 3.429635260369789853e-03
 3.429635260369789853e-03
 3.429635260369789853e-03
 3.429635260369789853e-03
 3.429635260369789853e-03
 3.429635260369789853e-03
 3.429635260369789853e-03
 3.429635260369789853e-03
 3.429635260369789853e-03
 3.429635260369789853e-03
 3.429635260369789853e-03
 3.429635260369789853e-03
 3.429635260369789853e-03
 3.429635260369789853e-03
 3.429635260369789853e-03
 3.429635260369789853e-03
 3.429635260369789853e-03
 3.429635260369789853e-03
 3.429635260369789853e-03
 3.429635260369789853e-03
 3.429635260369789853e-03
 3.429635260369789853e-03
 3.429635260369789853e-03
 3.429635260369789853e-03
 3.429635260369789853e-03
 3.429635260369789853e-03
 3.429635260369789853e-03
 3.429635260369789853e-03
 3.429635260369789853e-03
 3.429635260369789853e-03
 3.429635260369789853e-03
 3.429635260369789853e-03
 3.429635260369789853e-03
 3.429635260369789853e-03
 3.429635260369789853e-03
 3.429635260369789853e-03
 3.429635260369789853e-03
 3.429635260369789853e-03
 3.429635260369789853e-03
 3.429635260369789853e-03
 3.429635260369789853e-03
 3.429635260369789853e-03
 3.429635260369789853e-03
 3.429635260369789853e-03
 3.429635260369789853e-03
 3.429635260369789853e-03
 3.429635260369789853e-03
 3.429635260369789853e-03
 3.429635260369789853e-03
 3.429635260369789853e-03
 3.429635260369789853e-03
 3.429635260369789853e-03
 3.429635260369789853e-03
 3.429635260369789853e-03
 3.429635260369789853e-03
 3.429635260369789853e-03
 3.429635260369789853e-03
 3.429635260369789853e-03
 3.429635260369789853e-03
 3.429635260369789853e-03
 3.429635260369789853e-03
 3.429635260369789853e-03
 3.429635260369789853e-03
 3.429635260369789853e-03
 3.429635260369789853e-03
 </DataArray>
 <DataArray Name="vel.x" type="Float32" NumberOfComponents="1" format="ascii">
 2.481386912719092834e+03
 2.480929986084788652e+03
 2.480466941638007029e+03
 2.479997974440714188e+03
 2.479523399939118917e+03
 2.479043333948418876e+03
 2.478557626150804481e+03
 2.478066041484084963e+03
 2.477568367949512322e+03
 2.477064655116108497e+03
 2.476555247931143640e+03
 2.476040321106095234e+03
 2.475519744163345422e+03
 2.474993020319004700e+03
 2.474459408237077696e+03
 2.473919051013343960e+03
 2.473372686429768237e+03
 2.472820104888437072e+03
 2.472261216882848657e+03
 2.471697105296953396e+03
 2.471129237225739871e+03
 2.470556538948148500e+03
 2.469972000402524827e+03
 2.469377339259278870e+03
 2.468793840577596711e+03
 2.468217589725586549e+03
 2.467599386214253627e+03
 2.466935700293556238e+03
 2.466348117578922029e+03
 2.465849752704412367e+03
 2.465153526594325740e+03
 2.463410606810332865e+03
 2.457651969330830525e+03
 2.436396637856412781e+03
 2.352921463255634080e+03
 2.011955842067366575e+03
 9.045462168390597526e+02
 6.594197260416233064e+01
 1.833682900135042093e+00
 3.242678544512204303e-02
 6.041271313091388937e-04
 1.180394582827992955e-05
 1.643126188959225385e-07
 2.232632422647363425e-09
 1.374375834713141099e-11
 3.492081984211300668e-14
 0.000000000000000000e+00
 0.000000000000000000e+00
 0.000000000000000000e+00
 0.000000000000000000e+00
 0.000000000000000000e+00
 0.000000000000000000e+00
 0.000000000000000000e+00
 0.000000000000000000e+00
 0.000000000000000000e+00
 0.000000000000000000e+00
 0.000000000000000000e+00
 0.000000000000000000e+00
 0.000000000000000000e+00
 0.000000000000000000e+00
 0.000000000000000000e+00
 0.000000000000000000e+00
 0.000000000000000000e+00
 0.000000000000000000e+00
 0.000000000000000000e+00
 0.000000000000000000e+00
 0.000000000000000000e+00
 0.000000000000000000e+00
 0.000000000000000000e+00
 0.000000000000000000e+00
 0.000000000000000000e+00
 0.000000000000000000e+00
 0.000000000000000000e+00
 0.000000000000000000e+00
 0.000000000000000000e+00
 0.000000000000000000e+00
 0.000000000000000000e+00
 0.000000000000000000e+00
 0.000000000000000000e+00
 0.000000000000000000e+00
 0.000000000000000000e+00
 0.000000000000000000e+00
 0.000000000000000000e+00
 0.000000000000000000e+00
 0.000000000000000000e+00
 0.000000000000000000e+00
 0.000000000000000000e+00
 0.000000000000000000e+00
 0.000000000000000000e+00
 0.000000000000000000e+00
 0.000000000000000000e+00
 0.000000000000000000e+00
 0.000000000000000000e+00
 0.000000000000000000e+00
 0.000000000000000000e+00
 0.000000000000000000e+00
 0.000000000000000000e+00
 0.000000000000000000e+00
 0.000000000000000000e+00
 0.000000000000000000e+00
 0.000000000000000000e+00
 0.000000000000000000e+00
 0.000000000000000000e+00
 0.000000000000000000e+00
 0.000000000000000000e+00
 0.000000000000000000e+00
 0.000000000000000000e+00
 0.000000000000000000e+00
 0.000000000000000000e+00
 0.000000000000000000e+00
 0.000000000000000000e+00
 0.000000000000000000e+00
 0.000000000000000000e+00
 0.000000000000000000e+00
 0.000000000000000000e+00
 0.000000000000000000e+00
 0.000000000000000000e+00
 0.000000000000000000e+00
 0.000000000000000000e+00
 0.000000000000000000e+00
 0.000000000000000000e+00
 0.000000000000000000e+00
 0.000000000000000000e+00
 0.000000000000000000e+00
 0.000000000000000000e+00
 0.000000000000000000e+00
 0.000000000000000000e+00
 0.000000000000000000e+00
 0.000000000000000000e+00
 0.000000000000000000e+00
 0.000000000000000000e+00
 0.000000000000000000e+00
 0.000000000000000000e+00
 0.000000000000000000e+00
 0.000000000000000000e+00
 0.000000000000000000e+00
 0.000000000000000000e+00
 0.000000000000000000e+00
 0.000000000000000000e+00
 0.000000000000000000e+00
 0.000000000000000000e+00
 0.000000000000000000e+00
 0.000000000000000000e+00
 0.000000000000000000e+00
 0.000000000000000000e+00
 0.000000000000000000e+00
 0.000000000000000000e+00
 0.000000000000000000e+00
 0.000000000000000000e+00
 0.000000000000000000e+00
 0.000000000000000000e+00
 0.000000000000000000e+00
 0.000000000000000000e+00
 0.000000000000000000e+00
 0.000000000000000000e+00
 0.000000000000000000e+00
 0.000000000000000000e+00
 0.000000000000000000e+00
 0.000000000000000000e+00
 0.000000000000000000e+00
 0.000000000000000000e+00
 0.000000000000000000e+00
 0.000000000000000000e+00
 0.000000000000000000e+00
 0.000000000000000000e+00
 0.000000000000000000e+00
 0.000000000000000000e+00
 0.000000000000000000e+00
 0.000000000000000000e+00
 0.000000000000000000e+00
 0.000000000000000000e+00
 0.000000000000000000e+00
 0.000000000000000000e+00
 0.000000000000000000e+00
 0.000000000000000000e+00
 0.000000000000000000e+00
 0.000000000000000000e+00
 0.000000000000000000e+00
 0.000000000000000000e+00
 0.000000000000000000e+00
 0.000000000000000000e+00
 0.000000000000000000e+00
 0.000000000000000000e+00
 0.000000000000000000e+00
 0.000000000000000000e+00
 0.000000000000000000e+00
 0.000000000000000000e+00
 0.000000000000000000e+00
 0.000000000000000000e+00
 0.000000000000000000e+00
 0.000000000000000000e+00
 0.000000000000000000e+00
 0.000000000000000000e+00
 0.000000000000000000e+00
 0.000000000000000000e+00
 0.000000000000000000e+00
 0.000000000000000000e+00
 0.000000000000000000e+00
 0.000000000000000000e+00
 0.000000000000000000e+00
 0.000000000000000000e+00
 0.000000000000000000e+00
 0.000000000000000000e+00
 0.000000000000000000e+00
 0.000000000000000000e+00
 0.000000000000000000e+00
 0.000000000000000000e+00
 0.000000000000000000e+00
 0.000000000000000000e+00
 0.000000000000000000e+00
 0.000000000000000000e+00
 0.000000000000000000e+00
 0.000000000000000000e+00
 0.000000000000000000e+00
 0.000000000000000000e+00
 0.000000000000000000e+00
 0.000000000000000000e+00
 0.000000000000000000e+00
 0.000000000000000000e+00
 0.000000000000000000e+00
 0.000000000000000000e+00
 0.000000000000000000e+00
 0.000000000000000000e+00
 0.000000000000000000e+00
 0.000000000000000000e+00
 0.000000000000000000e+00
 0.000000000000000000e+00
 0.000000000000000000e+00
 0.000000000000000000e+00
 0.000000000000000000e+00
 0.000000000000000000e+00
 0.000000000000000000e+00
 0.000000000000000000e+00
 0.000000000000000000e+00
 0.000000000000000000e+00
 0.000000000000000000e+00
 0.000000000000000000e+00
 0.000000000000000000e+00
 0.000000000000000000e+00
 0.000000000000000000e+00
 0.000000000000000000e+00
 0.000000000000000000e+00
 0.000000000000000000e+00
 0.000000000000000000e+00
 0.000000000000000000e+00
 0.000000000000000000e+00
 0.000000000000000000e+00
 0.000000000000000000e+00
 0.000000000000000000e+00
 0.000000000000000000e+00
 2.481386912719091924e+03
 2.480929986084788197e+03
 2.480466941638006574e+03
 2.479997974440712824e+03
 2.479523399939118917e+03
 2.479043333948419331e+03
 2.478557626150804026e+03
 2.478066041484084053e+03
 2.477568367949512322e+03
 2.477064655116109407e+03
 2.476555247931145914e+03
 2.476040321106096144e+03
 2.475519744163346331e+03
 2.474993020319004700e+03
 2.474459408237077241e+03
 2.473919051013343505e+03
 2.473372686429768692e+03
 2.472820104888436163e+03
 2.472261216882850022e+03
 2.471697105296955215e+03
 2.471129237225741235e+03
 2.470556538948150319e+03
 2.469972000402526646e+03
 2.469377339259280689e+03
 2.468793840577597621e+03
 2.468217589725587004e+03
 2.467599386214254992e+03
 2.466935700293558511e+03
 2.466348117578923848e+03
 2.465849752704413731e+03
 2.465153526594326650e+03
 2.463410606810333320e+03
 2.457651969330830980e+03
 2.436396637856411871e+03
 2.352921463255634535e+03
 2.011955842067368621e+03
 9.045462168390686202e+02
 6.594197260416366646e+01
 1.833682900135085614e+00
 3.242678544512006544e-02
 6.041271313091388937e-04
 1.180394582827992955e-05
 1.643126188959225385e-07
 2.232632422647363425e-09
 1.374375834713141099e-11
 3.492081984211300668e-14
 0.000000000000000000e+00
 0.000000000000000000e+00
 0.000000000000000000e+00
 0.000000000000000000e+00
 0.000000000000000000e+00
 0.000000000000000000e+00
 0.000000000000000000e+00
 0.000000000000000000e+00
 0.000000000000000000e+00
 0.000000000000000000e+00
 0.000000000000000000e+00
 0.000000000000000000e+00
 0.000000000000000000e+00
 0.000000000000000000e+00
 0.000000000000000000e+00
 0.000000000000000000e+00
 0.000000000000000000e+00
 0.000000000000000000e+00
 0.000000000000000000e+00
 0.000000000000000000e+00
 0.000000000000000000e+00
 0.000000000000000000e+00
 0.000000000000000000e+00
 0.000000000000000000e+00
 0.000000000000000000e+00
 0.000000000000000000e+00
 0.000000000000000000e+00
 0.000000000000000000e+00
 0.000000000000000000e+00
 0.000000000000000000e+00
 0.000000000000000000e+00
 0.000000000000000000e+00
 0.000000000000000000e+00
 0.000000000000000000e+00
 0.000000000000000000e+00
 0.000000000000000000e+00
 0.000000000000000000e+00
 0.000000000000000000e+00
 0.000000000000000000e+00
 0.000000000000000000e+00
 0.000000000000000000e+00
 0.000000000000000000e+00
 0.000000000000000000e+00
 0.000000000000000000e+00
 0.000000000000000000e+00
 0.000000000000000000e+00
 0.000000000000000000e+00
 0.000000000000000000e+00
 0.000000000000000000e+00
 0.000000000000000000e+00
 0.000000000000000000e+00
 0.000000000000000000e+00
 0.000000000000000000e+00
 0.000000000000000000e+00
 0.000000000000000000e+00
 0.000000000000000000e+00
 0.000000000000000000e+00
 0.000000000000000000e+00
 0.000000000000000000e+00
 0.000000000000000000e+00
 0.000000000000000000e+00
 0.000000000000000000e+00
 0.000000000000000000e+00
 0.000000000000000000e+00
 0.000000000000000000e+00
 0.000000000000000000e+00
 0.000000000000000000e+00
 0.000000000000000000e+00
 0.000000000000000000e+00
 0.000000000000000000e+00
 0.000000000000000000e+00
 0.000000000000000000e+00
 0.000000000000000000e+00
 0.000000000000000000e+00
 0.000000000000000000e+00
 0.000000000000000000e+00
 0.000000000000000000e+00
 0.000000000000000000e+00
 0.000000000000000000e+00
 0.000000000000000000e+00
 0.000000000000000000e+00
 0.000000000000000000e+00
 0.000000000000000000e+00
 0.000000000000000000e+00
 0.000000000000000000e+00
 0.000000000000000000e+00
 0.000000000000000000e+00
 0.000000000000000000e+00
 0.000000000000000000e+00
 0.000000000000000000e+00
 0.000000000000000000e+00
 0.000000000000000000e+00
 0.000000000000000000e+00
 0.000000000000000000e+00
 0.000000000000000000e+00
 0.000000000000000000e+00
 0.000000000000000000e+00
 0.000000000000000000e+00
 0.000000000000000000e+00
 0.000000000000000000e+00
 0.000000000000000000e+00
 0.000000000000000000e+00
 0.000000000000000000e+00
 0.000000000000000000e+00
 0.000000000000000000e+00
 0.000000000000000000e+00
 0.000000000000000000e+00
 0.000000000000000000e+00
 0.000000000000000000e+00
 0.000000000000000000e+00
 0.000000000000000000e+00
 0.000000000000000000e+00
 0.000000000000000000e+00
 0.000000000000000000e+00
 0.000000000000000000e+00
 0.000000000000000000e+00
 0.000000000000000000e+00
 0.000000000000000000e+00
 0.000000000000000000e+00
 0.000000000000000000e+00
 0.000000000000000000e+00
 0.000000000000000000e+00
 0.000000000000000000e+00
 0.000000000000000000e+00
 0.000000000000000000e+00
 0.000000000000000000e+00
 0.000000000000000000e+00
 0.000000000000000000e+00
 0.000000000000000000e+00
 0.000000000000000000e+00
 0.000000000000000000e+00
 0.000000000000000000e+00
 0.000000000000000000e+00
 0.000000000000000000e+00
 0.000000000000000000e+00
 0.000000000000000000e+00
 0.000000000000000000e+00
 0.000000000000000000e+00
 0.000000000000000000e+00
 0.000000000000000000e+00
 0.000000000000000000e+00
 0.000000000000000000e+00
 0.000000000000000000e+00
 0.000000000000000000e+00
 0.000000000000000000e+00
 0.000000000000000000e+00
 0.000000000000000000e+00
 0.000000000000000000e+00
 0.000000000000000000e+00
 0.000000000000000000e+00
 0.000000000000000000e+00
 0.000000000000000000e+00
 0.000000000000000000e+00
 0.000000000000000000e+00
 0.000000000000000000e+00
 0.000000000000000000e+00
 0.000000000000000000e+00
 0.000000000000000000e+00
 0.000000000000000000e+00
 0.000000000000000000e+00
 0.000000000000000000e+00
 0.000000000000000000e+00
 0.000000000000000000e+00
 0.000000000000000000e+00
 0.000000000000000000e+00
 0.000000000000000000e+00
 0.000000000000000000e+00
 0.000000000000000000e+00
 0.000000000000000000e+00
 0.000000000000000000e+00
 0.000000000000000000e+00
 0.000000000000000000e+00
 0.000000000000000000e+00
 0.000000000000000000e+00
 0.000000000000000000e+00
 0.000000000000000000e+00
 0.000000000000000000e+00
 0.000000000000000000e+00
 0.000000000000000000e+00
 0.000000000000000000e+00
 0.000000000000000000e+00
 0.000000000000000000e+00
 0.000000000000000000e+00
 0.000000000000000000e+00
 0.000000000000000000e+00
 0.000000000000000000e+00
 0.000000000000000000e+00
 0.000000000000000000e+00
 0.000000000000000000e+00
 0.000000000000000000e+00
 0.000000000000000000e+00
 0.000000000000000000e+00
 0.000000000000000000e+00
 0.000000000000000000e+00
 0.000000000000000000e+00
 0.000000000000000000e+00
 0.000000000000000000e+00
 0.000000000000000000e+00
 0.000000000000000000e+00
 0.000000000000000000e+00
 0.000000000000000000e+00
 0.000000000000000000e+00
 0.000000000000000000e+00
 0.000000000000000000e+00
 </DataArray>
 <DataArray Name="vel.y" type="Float32" NumberOfComponents="1" format="ascii">
 -3.955464782073578382e-13
 -3.908011440453212650e-13
 -3.719066674527434830e-13
 -4.154187237127474095e-13
 -4.171084202282467510e-13
 -3.149661666569204640e-13
 -1.289335540378702113e-13
 -6.524038459624008230e-14
 -5.512269967219547346e-14
 -1.517563265359515504e-14
 6.107092155950324807e-14
 1.781664431935270960e-13
 2.565082060515728401e-13
 2.370707563369440342e-13
 2.175653258871927611e-13
 2.555402864500956094e-13
 2.905639137800504491e-13
 1.882084735372710783e-13
 1.469471434818181772e-13
 2.162629085226360370e-13
 2.979410416962128637e-13
 2.800470573330135510e-13
 1.472584565563617566e-13
 2.257258523818785553e-13
 2.450799862213348232e-13
 4.478272419169016704e-13
 3.786089327601947902e-13
 1.205834494144471036e-13
 2.287301129280180305e-16
 -7.131930589110496844e-13
 -2.009130848771027743e-12
 -1.788928980843199955e-12
 4.431163559649136468e-13
 2.309411558477805640e-12
 4.179677343880529040e-12
 -7.040807938650263896e-12
 -3.511543694624523890e-12
 -5.788525565857707695e-14
 -3.258094323802500060e-14
 0.000000000000000000e+00
 0.000000000000000000e+00
 0.000000000000000000e+00
 0.000000000000000000e+00
 0.000000000000000000e+00
 0.000000000000000000e+00
 0.000000000000000000e+00
 0.000000000000000000e+00
 0.000000000000000000e+00
 0.000000000000000000e+00
 0.000000000000000000e+00
 0.000000000000000000e+00
 0.000000000000000000e+00
 0.000000000000000000e+00
 0.000000000000000000e+00
 0.000000000000000000e+00
 0.000000000000000000e+00
 0.000000000000000000e+00
 0.000000000000000000e+00
 0.000000000000000000e+00
 0.000000000000000000e+00
 0.000000000000000000e+00
 0.000000000000000000e+00
 0.000000000000000000e+00
 0.000000000000000000e+00
 0.000000000000000000e+00
 0.000000000000000000e+00
 0.000000000000000000e+00
 0.000000000000000000e+00
 0.000000000000000000e+00
 0.000000000000000000e+00
 0.000000000000000000e+00
 0.000000000000000000e+00
 0.000000000000000000e+00
 0.000000000000000000e+00
 0.000000000000000000e+00
 0.000000000000000000e+00
 0.000000000000000000e+00
 0.000000000000000000e+00
 0.000000000000000000e+00
 0.000000000000000000e+00
 0.000000000000000000e+00
 0.000000000000000000e+00
 0.000000000000000000e+00
 0.000000000000000000e+00
 0.000000000000000000e+00
 0.000000000000000000e+00
 0.000000000000000000e+00
 0.000000000000000000e+00
 0.000000000000000000e+00
 0.000000000000000000e+00
 0.000000000000000000e+00
 0.000000000000000000e+00
 0.000000000000000000e+00
 0.000000000000000000e+00
 0.000000000000000000e+00
 0.000000000000000000e+00
 0.000000000000000000e+00
 0.000000000000000000e+00
 0.000000000000000000e+00
 0.000000000000000000e+00
 0.000000000000000000e+00
 0.000000000000000000e+00
 0.000000000000000000e+00
 0.000000000000000000e+00
 0.000000000000000000e+00
 0.000000000000000000e+00
 0.000000000000000000e+00
 0.000000000000000000e+00
 0.000000000000000000e+00
 0.000000000000000000e+00
 0.000000000000000000e+00
 0.000000000000000000e+00
 0.000000000000000000e+00
 0.000000000000000000e+00
 0.000000000000000000e+00
 0.000000000000000000e+00
 0.000000000000000000e+00
 0.000000000000000000e+00
 0.000000000000000000e+00
 0.000000000000000000e+00
 0.000000000000000000e+00
 0.000000000000000000e+00
 0.000000000000000000e+00
 0.000000000000000000e+00
 0.000000000000000000e+00
 0.000000000000000000e+00
 0.000000000000000000e+00
 0.000000000000000000e+00
 0.000000000000000000e+00
 0.000000000000000000e+00
 0.000000000000000000e+00
 0.000000000000000000e+00
 0.000000000000000000e+00
 0.000000000000000000e+00
 0.000000000000000000e+00
 0.000000000000000000e+00
 0.000000000000000000e+00
 0.000000000000000000e+00
 0.000000000000000000e+00
 0.000000000000000000e+00
 0.000000000000000000e+00
 0.000000000000000000e+00
 0.000000000000000000e+00
 0.000000000000000000e+00
 0.000000000000000000e+00
 0.000000000000000000e+00
 0.000000000000000000e+00
 0.000000000000000000e+00
 0.000000000000000000e+00
 0.000000000000000000e+00
 0.000000000000000000e+00
 0.000000000000000000e+00
 0.000000000000000000e+00
 0.000000000000000000e+00
 0.000000000000000000e+00
 0.000000000000000000e+00
 0.000000000000000000e+00
 0.000000000000000000e+00
 0.000000000000000000e+00
 0.000000000000000000e+00
 0.000000000000000000e+00
 0.000000000000000000e+00
 0.000000000000000000e+00
 0.000000000000000000e+00
 0.000000000000000000e+00
 0.000000000000000000e+00
 0.000000000000000000e+00
 0.000000000000000000e+00
 0.000000000000000000e+00
 0.000000000000000000e+00
 0.000000000000000000e+00
 0.000000000000000000e+00
 0.000000000000000000e+00
 0.000000000000000000e+00
 0.000000000000000000e+00
 0.000000000000000000e+00
 0.000000000000000000e+00
 0.000000000000000000e+00
 0.000000000000000000e+00
 0.000000000000000000e+00
 0.000000000000000000e+00
 0.000000000000000000e+00
 0.000000000000000000e+00
 0.000000000000000000e+00
 0.000000000000000000e+00
 0.000000000000000000e+00
 0.000000000000000000e+00
 0.000000000000000000e+00
 0.000000000000000000e+00
 0.000000000000000000e+00
 0.000000000000000000e+00
 0.000000000000000000e+00
 0.000000000000000000e+00
 0.000000000000000000e+00
 0.000000000000000000e+00
 0.000000000000000000e+00
 0.000000000000000000e+00
 0.000000000000000000e+00
 0.000000000000000000e+00
 0.000000000000000000e+00
 0.000000000000000000e+00
 0.000000000000000000e+00
 0.000000000000000000e+00
 0.000000000000000000e+00
 0.000000000000000000e+00
 0.000000000000000000e+00
 0.000000000000000000e+00
 0.000000000000000000e+00
 0.000000000000000000e+00
 0.000000000000000000e+00
 0.000000000000000000e+00
 0.000000000000000000e+00
 0.000000000000000000e+00
 0.000000000000000000e+00
 0.000000000000000000e+00
 0.000000000000000000e+00
 0.000000000000000000e+00
 0.000000000000000000e+00
 0.000000000000000000e+00
 0.000000000000000000e+00
 0.000000000000000000e+00
 0.000000000000000000e+00
 0.000000000000000000e+00
 0.000000000000000000e+00
 0.000000000000000000e+00
 0.000000000000000000e+00
 0.000000000000000000e+00
 0.000000000000000000e+00
 0.000000000000000000e+00
 0.000000000000000000e+00
 0.000000000000000000e+00
 0.000000000000000000e+00
 0.000000000000000000e+00
 0.000000000000000000e+00
 0.000000000000000000e+00
 0.000000000000000000e+00
 0.000000000000000000e+00
 0.000000000000000000e+00
 0.000000000000000000e+00
 0.000000000000000000e+00
 0.000000000000000000e+00
 0.000000000000000000e+00
 0.000000000000000000e+00
 0.000000000000000000e+00
 0.000000000000000000e+00
 0.000000000000000000e+00
 0.000000000000000000e+00
 0.000000000000000000e+00
 0.000000000000000000e+00
 0.000000000000000000e+00
 -3.185287041483901514e-13
 -2.968919346794642778e-13
 -2.272084781051642030e-13
 -2.586930326359353752e-13
 -2.603329919978770972e-13
 -1.723761771746198458e-13
 -6.395418763874943934e-14
 -2.490105864985894874e-14
 2.270417123986493249e-15
 3.944501057800444448e-14
 1.048067635744644203e-13
 2.512419125992128436e-13
 3.782489733957264117e-13
 3.708066571520026942e-13
 3.674128996935473085e-13
 4.117643638184602616e-13
 4.752573006418490322e-13
 4.218054190081115803e-13
 3.196970808694346901e-13
 3.257044303172494509e-13
 3.596468382827892050e-13
 4.228626342751649785e-13
 5.608305809414469667e-13
 4.920598489082013003e-13
 3.614950751908585562e-13
 7.542352852708424642e-14
 -4.600653134517587487e-14
 -1.301914917347790138e-13
 -4.132066509819749617e-13
 -1.017984446613782393e-13
 7.645539302415024030e-13
 2.410301435352133613e-13
 -2.325881014987762211e-12
 -4.339883300108111222e-12
 -6.033869975826837706e-12
 5.776075589022741804e-12
 3.069682655478347138e-12
 5.136089009603591305e-14
 3.266303379533309206e-14
 0.000000000000000000e+00
 0.000000000000000000e+00
 0.000000000000000000e+00
 0.000000000000000000e+00
 0.000000000000000000e+00
 0.000000000000000000e+00
 0.000000000000000000e+00
 0.000000000000000000e+00
 0.000000000000000000e+00
 0.000000000000000000e+00
 0.000000000000000000e+00
 0.000000000000000000e+00
 0.000000000000000000e+00
 0.000000000000000000e+00
 0.000000000000000000e+00
 0.000000000000000000e+00
 0.000000000000000000e+00
 0.000000000000000000e+00
 0.000000000000000000e+00
 0.000000000000000000e+00
 0.000000000000000000e+00
 0.000000000000000000e+00
 0.000000000000000000e+00
 0.000000000000000000e+00
 0.000000000000000000e+00
 0.000000000000000000e+00
 0.000000000000000000e+00
 0.000000000000000000e+00
 0.000000000000000000e+00
 0.000000000000000000e+00
 0.000000000000000000e+00
 0.000000000000000000e+00
 0.000000000000000000e+00
 0.000000000000000000e+00
 0.000000000000000000e+00
 0.000000000000000000e+00
 0.000000000000000000e+00
 0.000000000000000000e+00
 0.000000000000000000e+00
 0.000000000000000000e+00
 0.000000000000000000e+00
 0.000000000000000000e+00
 0.000000000000000000e+00
 0.000000000000000000e+00
 0.000000000000000000e+00
 0.000000000000000000e+00
 0.000000000000000000e+00
 0.000000000000000000e+00
 0.000000000000000000e+00
 0.000000000000000000e+00
 0.000000000000000000e+00
 0.000000000000000000e+00
 0.000000000000000000e+00
 0.000000000000000000e+00
 0.000000000000000000e+00
 0.000000000000000000e+00
 0.000000000000000000e+00
 0.000000000000000000e+00
 0.000000000000000000e+00
 0.000000000000000000e+00
 0.000000000000000000e+00
 0.000000000000000000e+00
 0.000000000000000000e+00
 0.000000000000000000e+00
 0.000000000000000000e+00
 0.000000000000000000e+00
 0.000000000000000000e+00
 0.000000000000000000e+00
 0.000000000000000000e+00
 0.000000000000000000e+00
 0.000000000000000000e+00
 0.000000000000000000e+00
 0.000000000000000000e+00
 0.000000000000000000e+00
 0.000000000000000000e+00
 0.000000000000000000e+00
 0.000000000000000000e+00
 0.000000000000000000e+00
 0.000000000000000000e+00
 0.000000000000000000e+00
 0.000000000000000000e+00
 0.000000000000000000e+00
 0.000000000000000000e+00
 0.000000000000000000e+00
 0.000000000000000000e+00
 0.000000000000000000e+00
 0.000000000000000000e+00
 0.000000000000000000e+00
 0.000000000000000000e+00
 0.000000000000000000e+00
 0.000000000000000000e+00
 0.000000000000000000e+00
 0.000000000000000000e+00
 0.000000000000000000e+00
 0.000000000000000000e+00
 0.000000000000000000e+00
 0.000000000000000000e+00
 0.000000000000000000e+00
 0.000000000000000000e+00
 0.000000000000000000e+00
 0.000000000000000000e+00
 0.000000000000000000e+00
 0.000000000000000000e+00
 0.000000000000000000e+00
 0.000000000000000000e+00
 0.000000000000000000e+00
 0.000000000000000000e+00
 0.000000000000000000e+00
 0.000000000000000000e+00
 0.000000000000000000e+00
 0.000000000000000000e+00
 0.000000000000000000e+00
 0.000000000000000000e+00
 0.000000000000000000e+00
 0.000000000000000000e+00
 0.000000000000000000e+00
 0.000000000000000000e+00
 0.000000000000000000e+00
 0.000000000000000000e+00
 0.000000000000000000e+00
 0.000000000000000000e+00
 0.000000000000000000e+00
 0.000000000000000000e+00
 0.000000000000000000e+00
 0.000000000000000000e+00
 0.000000000000000000e+00
 0.000000000000000000e+00
 0.000000000000000000e+00
 0.000000000000000000e+00
 0.000000000000000000e+00
 0.000000000000000000e+00
 0.000000000000000000e+00
 0.000000000000000000e+00
 0.000000000000000000e+00
 0.000000000000000000e+00
 0.000000000000000000e+00
 0.000000000000000000e+00
 0.000000000000000000e+00
 0.000000000000000000e+00
 0.000000000000000000e+00
 0.000000000000000000e+00
 0.000000000000000000e+00
 0.000000000000000000e+00
 0.000000000000000000e+00
 0.000000000000000000e+00
 0.000000000000000000e+00
 0.000000000000000000e+00
 0.000000000000000000e+00
 0.000000000000000000e+00
 0.000000000000000000e+00
 0.000000000000000000e+00
 0.000000000000000000e+00
 0.000000000000000000e+00
 0.000000000000000000e+00
 0.000000000000000000e+00
 0.000000000000000000e+00
 0.000000000000000000e+00
 0.000000000000000000e+00
 0.000000000000000000e+00
 0.000000000000000000e+00
 0.000000000000000000e+00
 0.000000000000000000e+00
 0.000000000000000000e+00
 0.000000000000000000e+00
 0.000000000000000000e+00
 0.000000000000000000e+00
 0.000000000000000000e+00
 0.000000000000000000e+00
 0.000000000000000000e+00
 0.000000000000000000e+00
 0.000000000000000000e+00
 0.000000000000000000e+00
 0.000000000000000000e+00
 0.000000000000000000e+00
 0.000000000000000000e+00
 0.000000000000000000e+00
 0.000000000000000000e+00
 0.000000000000000000e+00
 0.000000000000000000e+00
 0.000000000000000000e+00
 0.000000000000000000e+00
 0.000000000000000000e+00
 0.000000000000000000e+00
 0.000000000000000000e+00
 0.000000000000000000e+00
 0.000000000000000000e+00
 0.000000000000000000e+00
 0.000000000000000000e+00
 0.000000000000000000e+00
 0.000000000000000000e+00
 0.000000000000000000e+00
 0.000000000000000000e+00
 0.000000000000000000e+00
 0.000000000000000000e+00
 0.000000000000000000e+00
 0.000000000000000000e+00
 0.000000000000000000e+00
 0.000000000000000000e+00
 0.000000000000000000e+00
 0.000000000000000000e+00
 0.000000000000000000e+00
 0.000000000000000000e+00
 0.000000000000000000e+00
 0.000000000000000000e+00
 0.000000000000000000e+00
 0.000000000000000000e+00
 0.000000000000000000e+00
 0.000000000000000000e+00
 0.000000000000000000e+00
 0.000000000000000000e+00
 0.000000000000000000e+00
 </DataArray>
 <DataArray Name="vel.z" type="Float32" NumberOfComponents="1" format="ascii">
 0.000000000000000000e+00
 0.000000000000000000e+00
 0.000000000000000000e+00
 0.000000000000000000e+00
 0.000000000000000000e+00
 0.000000000000000000e+00
 0.000000000000000000e+00
 0.000000000000000000e+00
 0.000000000000000000e+00
 0.000000000000000000e+00
 0.000000000000000000e+00
 0.000000000000000000e+00
 0.000000000000000000e+00
 0.000000000000000000e+00
 0.000000000000000000e+00
 0.000000000000000000e+00
 0.000000000000000000e+00
 0.000000000000000000e+00
 0.000000000000000000e+00
 0.000000000000000000e+00
 0.000000000000000000e+00
 0.000000000000000000e+00
 0.000000000000000000e+00
 0.000000000000000000e+00
 0.000000000000000000e+00
 0.000000000000000000e+00
 0.000000000000000000e+00
 0.000000000000000000e+00
 0.000000000000000000e+00
 0.000000000000000000e+00
 0.000000000000000000e+00
 0.000000000000000000e+00
 0.000000000000000000e+00
 0.000000000000000000e+00
 0.000000000000000000e+00
 0.000000000000000000e+00
 0.000000000000000000e+00
 0.000000000000000000e+00
 0.000000000000000000e+00
 0.000000000000000000e+00
 0.000000000000000000e+00
 0.000000000000000000e+00
 0.000000000000000000e+00
 0.000000000000000000e+00
 0.000000000000000000e+00
 0.000000000000000000e+00
 0.000000000000000000e+00
 0.000000000000000000e+00
 0.000000000000000000e+00
 0.000000000000000000e+00
 0.000000000000000000e+00
 0.000000000000000000e+00
 0.000000000000000000e+00
 0.000000000000000000e+00
 0.000000000000000000e+00
 0.000000000000000000e+00
 0.000000000000000000e+00
 0.000000000000000000e+00
 0.000000000000000000e+00
 0.000000000000000000e+00
 0.000000000000000000e+00
 0.000000000000000000e+00
 0.000000000000000000e+00
 0.000000000000000000e+00
 0.000000000000000000e+00
 0.000000000000000000e+00
 0.000000000000000000e+00
 0.000000000000000000e+00
 0.000000000000000000e+00
 0.000000000000000000e+00
 0.000000000000000000e+00
 0.000000000000000000e+00
 0.000000000000000000e+00
 0.000000000000000000e+00
 0.000000000000000000e+00
 0.000000000000000000e+00
 0.000000000000000000e+00
 0.000000000000000000e+00
 0.000000000000000000e+00
 0.000000000000000000e+00
 0.000000000000000000e+00
 0.000000000000000000e+00
 0.000000000000000000e+00
 0.000000000000000000e+00
 0.000000000000000000e+00
 0.000000000000000000e+00
 0.000000000000000000e+00
 0.000000000000000000e+00
 0.000000000000000000e+00
 0.000000000000000000e+00
 0.000000000000000000e+00
 0.000000000000000000e+00
 0.000000000000000000e+00
 0.000000000000000000e+00
 0.000000000000000000e+00
 0.000000000000000000e+00
 0.000000000000000000e+00
 0.000000000000000000e+00
 0.000000000000000000e+00
 0.000000000000000000e+00
 0.000000000000000000e+00
 0.000000000000000000e+00
 0.000000000000000000e+00
 0.000000000000000000e+00
 0.000000000000000000e+00
 0.000000000000000000e+00
 0.000000000000000000e+00
 0.000000000000000000e+00
 0.000000000000000000e+00
 0.000000000000000000e+00
 0.000000000000000000e+00
 0.000000000000000000e+00
 0.000000000000000000e+00
 0.000000000000000000e+00
 0.000000000000000000e+00
 0.000000000000000000e+00
 0.000000000000000000e+00
 0.000000000000000000e+00
 0.000000000000000000e+00
 0.000000000000000000e+00
 0.000000000000000000e+00
 0.000000000000000000e+00
 0.000000000000000000e+00
 0.000000000000000000e+00
 0.000000000000000000e+00
 0.000000000000000000e+00
 0.000000000000000000e+00
 0.000000000000000000e+00
 0.000000000000000000e+00
 0.000000000000000000e+00
 0.000000000000000000e+00
 0.000000000000000000e+00
 0.000000000000000000e+00
 0.000000000000000000e+00
 0.000000000000000000e+00
 0.000000000000000000e+00
 0.000000000000000000e+00
 0.000000000000000000e+00
 0.000000000000000000e+00
 0.000000000000000000e+00
 0.000000000000000000e+00
 0.000000000000000000e+00
 0.000000000000000000e+00
 0.000000000000000000e+00
 0.000000000000000000e+00
 0.000000000000000000e+00
 0.000000000000000000e+00
 0.000000000000000000e+00
 0.000000000000000000e+00
 0.000000000000000000e+00
 0.000000000000000000e+00
 0.000000000000000000e+00
 0.000000000000000000e+00
 0.000000000000000000e+00
 0.000000000000000000e+00
 0.000000000000000000e+00
 0.000000000000000000e+00
 0.000000000000000000e+00
 0.000000000000000000e+00
 0.000000000000000000e+00
 0.000000000000000000e+00
 0.000000000000000000e+00
 0.000000000000000000e+00
 0.000000000000000000e+00
 0.000000000000000000e+00
 0.000000000000000000e+00
 0.000000000000000000e+00
 0.000000000000000000e+00
 0.000000000000000000e+00
 0.000000000000000000e+00
 0.000000000000000000e+00
 0.000000000000000000e+00
 0.000000000000000000e+00
 0.000000000000000000e+00
 0.000000000000000000e+00
 0.000000000000000000e+00
 0.000000000000000000e+00
 0.000000000000000000e+00
 0.000000000000000000e+00
 0.000000000000000000e+00
 0.000000000000000000e+00
 0.000000000000000000e+00
 0.000000000000000000e+00
 0.000000000000000000e+00
 0.000000000000000000e+00
 0.000000000000000000e+00
 0.000000000000000000e+00
 0.000000000000000000e+00
 0.000000000000000000e+00
 0.000000000000000000e+00
 0.000000000000000000e+00
 0.000000000000000000e+00
 0.000000000000000000e+00
 0.000000000000000000e+00
 0.000000000000000000e+00
 0.000000000000000000e+00
 0.000000000000000000e+00
 0.000000000000000000e+00
 0.000000000000000000e+00
 0.000000000000000000e+00
 0.000000000000000000e+00
 0.000000000000000000e+00
 0.000000000000000000e+00
 0.000000000000000000e+00
 0.000000000000000000e+00
 0.000000000000000000e+00
 0.000000000000000000e+00
 0.000000000000000000e+00
 0.000000000000000000e+00
 0.000000000000000000e+00
 0.000000000000000000e+00
 0.000000000000000000e+00
 0.000000000000000000e+00
 0.000000000000000000e+00
 0.000000000000000000e+00
 0.000000000000000000e+00
 0.000000000000000000e+00
 0.000000000000000000e+00
 0.000000000000000000e+00
 0.000000000000000000e+00
 0.000000000000000000e+00
 0.000000000000000000e+00
 0.000000000000000000e+00
 0.000000000000000000e+00
 0.000000000000000000e+00
 0.000000000000000000e+00
 0.000000000000000000e+00
 0.000000000000000000e+00
 0.000000000000000000e+00
 0.000000000000000000e+00
 0.000000000000000000e+00
 0.000000000000000000e+00
 0.000000000000000000e+00
 0.000000000000000000e+00
 0.000000000000000000e+00
 0.000000000000000000e+00
 0.000000000000000000e+00
 0.000000000000000000e+00
 0.000000000000000000e+00
 0.000000000000000000e+00
 0.000000000000000000e+00
 0.000000000000000000e+00
 0.000000000000000000e+00
 0.000000000000000000e+00
 0.000000000000000000e+00
 0.000000000000000000e+00
 0.000000000000000000e+00
 0.000000000000000000e+00
 0.000000000000000000e+00
 0.000000000000000000e+00
 0.000000000000000000e+00
 0.000000000000000000e+00
 0.000000000000000000e+00
 0.000000000000000000e+00
 0.000000000000000000e+00
 0.000000000000000000e+00
 0.000000000000000000e+00
 0.000000000000000000e+00
 0.000000000000000000e+00
 0.000000000000000000e+00
 0.000000000000000000e+00
 0.000000000000000000e+00
 0.000000000000000000e+00
 0.000000000000000000e+00
 0.000000000000000000e+00
 0.000000000000000000e+00
 0.000000000000000000e+00
 0.000000000000000000e+00
 0.000000000000000000e+00
 0.000000000000000000e+00
 0.000000000000000000e+00
 0.000000000000000000e+00
 0.000000000000000000e+00
 0.000000000000000000e+00
 0.000000000000000000e+00
 0.000000000000000000e+00
 0.000000000000000000e+00
 0.000000000000000000e+00
 0.000000000000000000e+00
 0.000000000000000000e+00
 0.000000000000000000e+00
 0.000000000000000000e+00
 0.000000000000000000e+00
 0.000000000000000000e+00
 0.000000000000000000e+00
 0.000000000000000000e+00
 0.000000000000000000e+00
 0.000000000000000000e+00
 0.000000000000000000e+00
 0.000000000000000000e+00
 0.000000000000000000e+00
 0.000000000000000000e+00
 0.000000000000000000e+00
 0.000000000000000000e+00
 0.000000000000000000e+00
 0.000000000000000000e+00
 0.000000000000000000e+00
 0.000000000000000000e+00
 0.000000000000000000e+00
 0.000000000000000000e+00
 0.000000000000000000e+00
 0.000000000000000000e+00
 0.000000000000000000e+00
 0.000000000000000000e+00
 0.000000000000000000e+00
 0.000000000000000000e+00
 0.000000000000000000e+00
 0.000000000000000000e+00
 0.000000000000000000e+00
 0.000000000000000000e+00
 0.000000000000000000e+00
 0.000000000000000000e+00
 0.000000000000000000e+00
 0.000000000000000000e+00
 0.000000000000000000e+00
 0.000000000000000000e+00
 0.000000000000000000e+00
 0.000000000000000000e+00
 0.000000000000000000e+00
 0.000000000000000000e+00
 0.000000000000000000e+00
 0.000000000000000000e+00
 0.000000000000000000e+00
 0.000000000000000000e+00
 0.000000000000000000e+00
 0.000000000000000000e+00
 0.000000000000000000e+00
 0.000000000000000000e+00
 0.000000000000000000e+00
 0.000000000000000000e+00
 0.000000000000000000e+00
 0.000000000000000000e+00
 0.000000000000000000e+00
 0.000000000000000000e+00
 0.000000000000000000e+00
 0.000000000000000000e+00
 0.000000000000000000e+00
 0.000000000000000000e+00
 0.000000000000000000e+00
 0.000000000000000000e+00
 0.000000000000000000e+00
 0.000000000000000000e+00
 0.000000000000000000e+00
 0.000000000000000000e+00
 0.000000000000000000e+00
 0.000000000000000000e+00
 0.000000000000000000e+00
 0.000000000000000000e+00
 0.000000000000000000e+00
 0.000000000000000000e+00
 0.000000000000000000e+00
 0.000000000000000000e+00
 0.000000000000000000e+00
 0.000000000000000000e+00
 0.000000000000000000e+00
 0.000000000000000000e+00
 0.000000000000000000e+00
 0.000000000000000000e+00
 0.000000000000000000e+00
 0.000000000000000000e+00
 0.000000000000000000e+00
 0.000000000000000000e+00
 0.000000000000000000e+00
 0.000000000000000000e+00
 0.000000000000000000e+00
 0.000000000000000000e+00
 0.000000000000000000e+00
 0.000000000000000000e+00
 0.000000000000000000e+00
 0.000000000000000000e+00
 0.000000000000000000e+00
 0.000000000000000000e+00
 0.000000000000000000e+00
 0.000000000000000000e+00
 0.000000000000000000e+00
 0.000000000000000000e+00
 0.000000000000000000e+00
 0.000000000000000000e+00
 0.000000000000000000e+00
 0.000000000000000000e+00
 0.000000000000000000e+00
 0.000000000000000000e+00
 0.000000000000000000e+00
 0.000000000000000000e+00
 0.000000000000000000e+00
 0.000000000000000000e+00
 0.000000000000000000e+00
 0.000000000000000000e+00
 0.000000000000000000e+00
 0.000000000000000000e+00
 0.000000000000000000e+00
 0.000000000000000000e+00
 0.000000000000000000e+00
 0.000000000000000000e+00
 0.000000000000000000e+00
 0.000000000000000000e+00
 0.000000000000000000e+00
 0.000000000000000000e+00
 0.000000000000000000e+00
 0.000000000000000000e+00
 0.000000000000000000e+00
 0.000000000000000000e+00
 0.000000000000000000e+00
 0.000000000000000000e+00
 0.000000000000000000e+00
 0.000000000000000000e+00
 0.000000000000000000e+00
 0.000000000000000000e+00
 0.000000000000000000e+00
 0.000000000000000000e+00
 0.000000000000000000e+00
 0.000000000000000000e+00
 0.000000000000000000e+00
 0.000000000000000000e+00
 0.000000000000000000e+00
 0.000000000000000000e+00
 0.000000000000000000e+00
 0.000000000000000000e+00
 0.000000000000000000e+00
 0.000000000000000000e+00
 0.000000000000000000e+00
 0.000000000000000000e+00
 0.000000000000000000e+00
 0.000000000000000000e+00
 0.000000000000000000e+00
 0.000000000000000000e+00
 0.000000000000000000e+00
 0.000000000000000000e+00
 0.000000000000000000e+00
 0.000000000000000000e+00
 0.000000000000000000e+00
 0.000000000000000000e+00
 0.000000000000000000e+00
 0.000000000000000000e+00
 0.000000000000000000e+00
 0.000000000000000000e+00
 0.000000000000000000e+00
 0.000000000000000000e+00
 0.000000000000000000e+00
 0.000000000000000000e+00
 0.000000000000000000e+00
 0.000000000000000000e+00
 0.000000000000000000e+00
 0.000000000000000000e+00
 0.000000000000000000e+00
 0.000000000000000000e+00
 0.000000000000000000e+00
 0.000000000000000000e+00
 0.000000000000000000e+00
 0.000000000000000000e+00
 0.000000000000000000e+00
 0.000000000000000000e+00
 0.000000000000000000e+00
 0.000000000000000000e+00
 0.000000000000000000e+00
 0.000000000000000000e+00
 0.000000000000000000e+00
 0.000000000000000000e+00
 0.000000000000000000e+00
 0.000000000000000000e+00
 0.000000000000000000e+00
 0.000000000000000000e+00
 0.000000000000000000e+00
 0.000000000000000000e+00
 0.000000000000000000e+00
 0.000000000000000000e+00
 0.000000000000000000e+00
 0.000000000000000000e+00
 0.000000000000000000e+00
 0.000000000000000000e+00
 0.000000000000000000e+00
 0.000000000000000000e+00
 0.000000000000000000e+00
 0.000000000000000000e+00
 0.000000000000000000e+00
 0.000000000000000000e+00
 0.000000000000000000e+00
 0.000000000000000000e+00
 0.000000000000000000e+00
 0.000000000000000000e+00
 0.000000000000000000e+00
 0.000000000000000000e+00
 0.000000000000000000e+00
 0.000000000000000000e+00
 0.000000000000000000e+00
 0.000000000000000000e+00
 0.000000000000000000e+00
 0.000000000000000000e+00
 0.000000000000000000e+00
 0.000000000000000000e+00
 0.000000000000000000e+00
 0.000000000000000000e+00
 0.000000000000000000e+00
 0.000000000000000000e+00
 0.000000000000000000e+00
 0.000000000000000000e+00
 0.000000000000000000e+00
 0.000000000000000000e+00
 0.000000000000000000e+00
 0.000000000000000000e+00
 </DataArray>
 <DataArray Name="p" type="Float32" NumberOfComponents="1" format="ascii">
 2.475589353518834105e+04
 2.475279424244406619e+04
 2.474964417311186116e+04
 2.474644198098217385e+04
 2.474318227869341717e+04
 2.473986384877382079e+04
 2.473649123690341730e+04
 2.473306978238751253e+04
 2.472960221041304612e+04
 2.472608147396780623e+04
 2.472249175071486752e+04
 2.471882488207963252e+04
 2.471508216535289830e+04
 2.471126955381305379e+04
 2.470739971014643379e+04
 2.470347980083001312e+04
 2.469951122658319946e+04
 2.469547937320400888e+04
 2.469133624472026349e+04
 2.468710623443031000e+04
 2.468289901881840706e+04
 2.467865839812101694e+04
 2.467418288317561746e+04
 2.466957677840451652e+04
 2.466530673703548018e+04
 2.466127220902925546e+04
 2.465622639047221310e+04
 2.464994910567601983e+04
 2.464585341704086750e+04
 2.464435952620016178e+04
 2.463617720149489833e+04
 2.459873488088716113e+04
 2.445391556254635725e+04
 2.389255797972111759e+04
 2.176252933878712793e+04
 1.468873871528955715e+04
 3.503606553204142074e+03
 3.827871342396650221e+02
 2.915451075001462868e+02
 2.900288084812823399e+02
 2.900005307675429549e+02
 2.900000084040059392e+02
 2.900000001150770572e+02
 2.900000000016241302e+02
 2.900000000000237605e+02
 2.900000000000000000e+02
 2.900000000000000000e+02
 2.900000000000000000e+02
 2.900000000000000000e+02
 2.900000000000000000e+02
 2.900000000000000000e+02
 2.900000000000000000e+02
 2.900000000000000000e+02
 2.900000000000000000e+02
 2.900000000000000000e+02
 2.900000000000000000e+02
 2.900000000000000000e+02
 2.900000000000000000e+02
 2.900000000000000000e+02
 2.900000000000000000e+02
 2.900000000000000000e+02
 2.900000000000000000e+02
 2.900000000000000000e+02
 2.900000000000000000e+02
 2.900000000000000000e+02
 2.900000000000000000e+02
 2.900000000000000000e+02
 2.900000000000000000e+02
 2.900000000000000000e+02
 2.900000000000000000e+02
 2.900000000000000000e+02
 2.900000000000000000e+02
 2.900000000000000000e+02
 2.900000000000000000e+02
 2.900000000000000000e+02
 2.900000000000000000e+02
 2.900000000000000000e+02
 2.900000000000000000e+02
 2.900000000000000000e+02
 2.900000000000000000e+02
 2.900000000000000000e+02
 2.900000000000000000e+02
 2.900000000000000000e+02
 2.900000000000000000e+02
 2.900000000000000000e+02
 2.900000000000000000e+02
 2.900000000000000000e+02
 2.900000000000000000e+02
 2.900000000000000000e+02
 2.900000000000000000e+02
 2.900000000000000000e+02
 2.900000000000000000e+02
 2.900000000000000000e+02
 2.900000000000000000e+02
 2.900000000000000000e+02
 2.900000000000000000e+02
 2.900000000000000000e+02
 2.900000000000000000e+02
 2.900000000000000000e+02
 2.900000000000000000e+02
 2.900000000000000000e+02
 2.900000000000000000e+02
 2.900000000000000000e+02
 2.900000000000000000e+02
 2.900000000000000000e+02
 2.900000000000000000e+02
 2.900000000000000000e+02
 2.900000000000000000e+02
 2.900000000000000000e+02
 2.900000000000000000e+02
 2.900000000000000000e+02
 2.900000000000000000e+02
 2.900000000000000000e+02
 2.900000000000000000e+02
 2.900000000000000000e+02
 2.900000000000000000e+02
 2.900000000000000000e+02
 2.900000000000000000e+02
 2.900000000000000000e+02
 2.900000000000000000e+02
 2.900000000000000000e+02
 2.900000000000000000e+02
 2.900000000000000000e+02
 2.900000000000000000e+02
 2.900000000000000000e+02
 2.900000000000000000e+02
 2.900000000000000000e+02
 2.900000000000000000e+02
 2.900000000000000000e+02
 2.900000000000000000e+02
 2.900000000000000000e+02
 2.900000000000000000e+02
 2.900000000000000000e+02
 2.900000000000000000e+02
 2.900000000000000000e+02
 2.900000000000000000e+02
 2.900000000000000000e+02
 2.900000000000000000e+02
 2.900000000000000000e+02
 2.900000000000000000e+02
 2.900000000000000000e+02
 2.900000000000000000e+02
 2.900000000000000000e+02
 2.900000000000000000e+02
 2.900000000000000000e+02
 2.900000000000000000e+02
 2.900000000000000000e+02
 2.900000000000000000e+02
 2.900000000000000000e+02
 2.900000000000000000e+02
 2.900000000000000000e+02
 2.900000000000000000e+02
 2.900000000000000000e+02
 2.900000000000000000e+02
 2.900000000000000000e+02
 2.900000000000000000e+02
 2.900000000000000000e+02
 2.900000000000000000e+02
 2.900000000000000000e+02
 2.900000000000000000e+02
 2.900000000000000000e+02
 2.900000000000000000e+02
 2.900000000000000000e+02
 2.900000000000000000e+02
 2.900000000000000000e+02
 2.900000000000000000e+02
 2.900000000000000000e+02
 2.900000000000000000e+02
 2.900000000000000000e+02
 2.900000000000000000e+02
 2.900000000000000000e+02
 2.900000000000000000e+02
 2.900000000000000000e+02
 2.900000000000000000e+02
 2.900000000000000000e+02
 2.900000000000000000e+02
 2.900000000000000000e+02
 2.900000000000000000e+02
 2.900000000000000000e+02
 2.900000000000000000e+02
 2.900000000000000000e+02
 2.900000000000000000e+02
 2.900000000000000000e+02
 2.900000000000000000e+02
 2.900000000000000000e+02
 2.900000000000000000e+02
 2.900000000000000000e+02
 2.900000000000000000e+02
 2.900000000000000000e+02
 2.900000000000000000e+02
 2.900000000000000000e+02
 2.900000000000000000e+02
 2.900000000000000000e+02
 2.900000000000000000e+02
 2.900000000000000000e+02
 2.900000000000000000e+02
 2.900000000000000000e+02
 2.900000000000000000e+02
 2.900000000000000000e+02
 2.900000000000000000e+02
 2.900000000000000000e+02
 2.900000000000000000e+02
 2.900000000000000000e+02
 2.900000000000000000e+02
 2.900000000000000000e+02
 2.900000000000000000e+02
 2.900000000000000000e+02
 2.900000000000000000e+02
 2.900000000000000000e+02
 2.900000000000000000e+02
 2.900000000000000000e+02
 2.900000000000000000e+02
 2.900000000000000000e+02
 2.900000000000000000e+02
 2.900000000000000000e+02
 2.900000000000000000e+02
 2.900000000000000000e+02
 2.900000000000000000e+02
 2.900000000000000000e+02
 2.900000000000000000e+02
 2.900000000000000000e+02
 2.900000000000000000e+02
 2.900000000000000000e+02
 2.900000000000000000e+02
 2.900000000000000000e+02
 2.900000000000000000e+02
 2.900000000000000000e+02
 2.900000000000000000e+02
 2.900000000000000000e+02
 2.900000000000000000e+02
 2.900000000000000000e+02
 2.900000000000000000e+02
 2.900000000000000000e+02
 2.900000000000000000e+02
 2.900000000000000000e+02
 2.900000000000000000e+02
 2.900000000000000000e+02
 2.900000000000000000e+02
 2.900000000000000000e+02
 2.900000000000000000e+02
 2.900000000000000000e+02
 2.900000000000000000e+02
 2.900000000000000000e+02
 2.900000000000000000e+02
 2.900000000000000000e+02
 2.900000000000000000e+02
 2.900000000000000000e+02
 2.900000000000000000e+02
 2.900000000000000000e+02
 2.900000000000000000e+02
 2.475589353518837015e+04
 2.475279424244408438e+04
 2.474964417311186844e+04
 2.474644198098217748e+04
 2.474318227869337716e+04
 2.473986384877378077e+04
 2.473649123690337365e+04
 2.473306978238751253e+04
 2.472960221041303885e+04
 2.472608147396775530e+04
 2.472249175071480931e+04
 2.471882488207957795e+04
 2.471508216535288011e+04
 2.471126955381309381e+04
 2.470739971014648472e+04
 2.470347980083001676e+04
 2.469951122658314489e+04
 2.469547937320400524e+04
 2.469133624472022348e+04
 2.468710623443026998e+04
 2.468289901881838887e+04
 2.467865839812100603e+04
 2.467418288317557744e+04
 2.466957677840447650e+04
 2.466530673703548746e+04
 2.466127220902928093e+04
 2.465622639047222401e+04
 2.464994910567602346e+04
 2.464585341704084203e+04
 2.464435952620013632e+04
 2.463617720149484376e+04
 2.459873488088712111e+04
 2.445391556254635361e+04
 2.389255797972112123e+04
 2.176252933878714248e+04
 1.468873871528961718e+04
 3.503606553204189822e+03
 3.827871342396670684e+02
 2.915451075001464005e+02
 2.900288084812823399e+02
 2.900005307675429549e+02
 2.900000084040059392e+02
 2.900000001150770572e+02
 2.900000000016241302e+02
 2.900000000000237605e+02
 2.900000000000000000e+02
 2.900000000000000000e+02
 2.900000000000000000e+02
 2.900000000000000000e+02
 2.900000000000000000e+02
 2.900000000000000000e+02
 2.900000000000000000e+02
 2.900000000000000000e+02
 2.900000000000000000e+02
 2.900000000000000000e+02
 2.900000000000000000e+02
 2.900000000000000000e+02
 2.900000000000000000e+02
 2.900000000000000000e+02
 2.900000000000000000e+02
 2.900000000000000000e+02
 2.900000000000000000e+02
 2.900000000000000000e+02
 2.900000000000000000e+02
 2.900000000000000000e+02
 2.900000000000000000e+02
 2.900000000000000000e+02
 2.900000000000000000e+02
 2.900000000000000000e+02
 2.900000000000000000e+02
 2.900000000000000000e+02
 2.900000000000000000e+02
 2.900000000000000000e+02
 2.900000000000000000e+02
 2.900000000000000000e+02
 2.900000000000000000e+02
 2.900000000000000000e+02
 2.900000000000000000e+02
 2.900000000000000000e+02
 2.900000000000000000e+02
 2.900000000000000000e+02
 2.900000000000000000e+02
 2.900000000000000000e+02
 2.900000000000000000e+02
 2.900000000000000000e+02
 2.900000000000000000e+02
 2.900000000000000000e+02
 2.900000000000000000e+02
 2.900000000000000000e+02
 2.900000000000000000e+02
 2.900000000000000000e+02
 2.900000000000000000e+02
 2.900000000000000000e+02
 2.900000000000000000e+02
 2.900000000000000000e+02
 2.900000000000000000e+02
 2.900000000000000000e+02
 2.900000000000000000e+02
 2.900000000000000000e+02
 2.900000000000000000e+02
 2.900000000000000000e+02
 2.900000000000000000e+02
 2.900000000000000000e+02
 2.900000000000000000e+02
 2.900000000000000000e+02
 2.900000000000000000e+02
 2.900000000000000000e+02
 2.900000000000000000e+02
 2.900000000000000000e+02
 2.900000000000000000e+02
 2.900000000000000000e+02
 2.900000000000000000e+02
 2.900000000000000000e+02
 2.900000000000000000e+02
 2.900000000000000000e+02
 2.900000000000000000e+02
 2.900000000000000000e+02
 2.900000000000000000e+02
 2.900000000000000000e+02
 2.900000000000000000e+02
 2.900000000000000000e+02
 2.900000000000000000e+02
 2.900000000000000000e+02
 2.900000000000000000e+02
 2.900000000000000000e+02
 2.900000000000000000e+02
 2.900000000000000000e+02
 2.900000000000000000e+02
 2.900000000000000000e+02
 2.900000000000000000e+02
 2.900000000000000000e+02
 2.900000000000000000e+02
 2.900000000000000000e+02
 2.900000000000000000e+02
 2.900000000000000000e+02
 2.900000000000000000e+02
 2.900000000000000000e+02
 2.900000000000000000e+02
 2.900000000000000000e+02
 2.900000000000000000e+02
 2.900000000000000000e+02
 2.900000000000000000e+02
 2.900000000000000000e+02
 2.900000000000000000e+02
 2.900000000000000000e+02
 2.900000000000000000e+02
 2.900000000000000000e+02
 2.900000000000000000e+02
 2.900000000000000000e+02
 2.900000000000000000e+02
 2.900000000000000000e+02
 2.900000000000000000e+02
 2.900000000000000000e+02
 2.900000000000000000e+02
 2.900000000000000000e+02
 2.900000000000000000e+02
 2.900000000000000000e+02
 2.900000000000000000e+02
 2.900000000000000000e+02
 2.900000000000000000e+02
 2.900000000000000000e+02
 2.900000000000000000e+02
 2.900000000000000000e+02
 2.900000000000000000e+02
 2.900000000000000000e+02
 2.900000000000000000e+02
 2.900000000000000000e+02
 2.900000000000000000e+02
 2.900000000000000000e+02
 2.900000000000000000e+02
 2.900000000000000000e+02
 2.900000000000000000e+02
 2.900000000000000000e+02
 2.900000000000000000e+02
 2.900000000000000000e+02
 2.900000000000000000e+02
 2.900000000000000000e+02
 2.900000000000000000e+02
 2.900000000000000000e+02
 2.900000000000000000e+02
 2.900000000000000000e+02
 2.900000000000000000e+02
 2.900000000000000000e+02
 2.900000000000000000e+02
 2.900000000000000000e+02
 2.900000000000000000e+02
 2.900000000000000000e+02
 2.900000000000000000e+02
 2.900000000000000000e+02
 2.900000000000000000e+02
 2.900000000000000000e+02
 2.900000000000000000e+02
 2.900000000000000000e+02
 2.900000000000000000e+02
 2.900000000000000000e+02
 2.900000000000000000e+02
 2.900000000000000000e+02
 2.900000000000000000e+02
 2.900000000000000000e+02
 2.900000000000000000e+02
 2.900000000000000000e+02
 2.900000000000000000e+02
 2.900000000000000000e+02
 2.900000000000000000e+02
 2.900000000000000000e+02
 2.900000000000000000e+02
 2.900000000000000000e+02
 2.900000000000000000e+02
 2.900000000000000000e+02
 2.900000000000000000e+02
 2.900000000000000000e+02
 2.900000000000000000e+02
 2.900000000000000000e+02
 2.900000000000000000e+02
 2.900000000000000000e+02
 2.900000000000000000e+02
 2.900000000000000000e+02
 2.900000000000000000e+02
 2.900000000000000000e+02
 2.900000000000000000e+02
 2.900000000000000000e+02
 2.900000000000000000e+02
 2.900000000000000000e+02
 2.900000000000000000e+02
 2.900000000000000000e+02
 2.900000000000000000e+02
 2.900000000000000000e+02
 2.900000000000000000e+02
 2.900000000000000000e+02
 2.900000000000000000e+02
 2.900000000000000000e+02
 2.900000000000000000e+02
 2.900000000000000000e+02
 2.900000000000000000e+02
 2.900000000000000000e+02
 2.900000000000000000e+02
 2.900000000000000000e+02
 2.900000000000000000e+02
 2.900000000000000000e+02
 2.900000000000000000e+02
 2.900000000000000000e+02
 2.900000000000000000e+02
 2.900000000000000000e+02
 2.900000000000000000e+02
 2.900000000000000000e+02
 2.900000000000000000e+02
 2.900000000000000000e+02
 2.900000000000000000e+02
 2.900000000000000000e+02
 2.900000000000000000e+02
 </DataArray>
 <DataArray Name="a" type="Float32" NumberOfComponents="1" format="ascii">
 1.133567795533902427e+03
 1.134105938394036912e+03
 1.134649595927478913e+03
 1.135198752063369511e+03
 1.135753351402971020e+03
 1.136313338511949041e+03
 1.136878668773347954e+03
 1.137449288549304583e+03
 1.138025127469065637e+03
 1.138606074648247159e+03
 1.139191988253815680e+03
 1.139782781908615561e+03
 1.140378429309713283e+03
 1.140978929263921600e+03
 1.141584321644242664e+03
 1.142194591463279494e+03
 1.142809658736541905e+03
 1.143429342034396313e+03
 1.144053229339488780e+03
 1.144681276133405618e+03
 1.145313833619314209e+03
 1.145950346812852104e+03
 1.146589676606233297e+03
 1.147232050695381531e+03
 1.147879583008060536e+03
 1.148531650243498007e+03
 1.149181510936566156e+03
 1.149828234536857053e+03
 1.150488833690286356e+03
 1.151166076911284108e+03
 1.151814445643746467e+03
 1.152290060236296085e+03
 1.152127822548615313e+03
 1.149646054246215726e+03
 1.138177428904239832e+03
 1.087730961952299594e+03
 8.285777340480748308e+02
 3.789024634773815023e+02
 3.442011402843284600e+02
 3.439089858165847886e+02
 3.439042245591434721e+02
 3.439041367076121105e+02
 3.439041353136017278e+02
 3.439041352945215522e+02
 3.439041352942523986e+02
 3.439041352942484195e+02
 3.439041352942484195e+02
 3.439041352942484195e+02
 3.439041352942484195e+02
 3.439041352942484195e+02
 3.439041352942484195e+02
 3.439041352942484195e+02
 3.439041352942484195e+02
 3.439041352942484195e+02
 3.439041352942484195e+02
 3.439041352942484195e+02
 3.439041352942484195e+02
 3.439041352942484195e+02
 3.439041352942484195e+02
 3.439041352942484195e+02
 3.439041352942484195e+02
 3.439041352942484195e+02
 3.439041352942484195e+02
 3.439041352942484195e+02
 3.439041352942484195e+02
 3.439041352942484195e+02
 3.439041352942484195e+02
 3.439041352942484195e+02
 3.439041352942484195e+02
 3.439041352942484195e+02
 3.439041352942484195e+02
 3.439041352942484195e+02
 3.439041352942484195e+02
 3.439041352942484195e+02
 3.439041352942484195e+02
 3.439041352942484195e+02
 3.439041352942484195e+02
 3.439041352942484195e+02
 3.439041352942484195e+02
 3.439041352942484195e+02
 3.439041352942484195e+02
 3.439041352942484195e+02
 3.439041352942484195e+02
 3.439041352942484195e+02
 3.439041352942484195e+02
 3.439041352942484195e+02
 3.439041352942484195e+02
 3.439041352942484195e+02
 3.439041352942484195e+02
 3.439041352942484195e+02
 3.439041352942484195e+02
 3.439041352942484195e+02
 3.439041352942484195e+02
 3.439041352942484195e+02
 3.439041352942484195e+02
 3.439041352942484195e+02
 3.439041352942484195e+02
 3.439041352942484195e+02
 3.439041352942484195e+02
 3.439041352942484195e+02
 3.439041352942484195e+02
 3.439041352942484195e+02
 3.439041352942484195e+02
 3.439041352942484195e+02
 3.439041352942484195e+02
 3.439041352942484195e+02
 3.439041352942484195e+02
 3.439041352942484195e+02
 3.439041352942484195e+02
 3.439041352942484195e+02
 3.439041352942484195e+02
 3.439041352942484195e+02
 3.439041352942484195e+02
 3.439041352942484195e+02
 3.439041352942484195e+02
 3.439041352942484195e+02
 3.439041352942484195e+02
 3.439041352942484195e+02
 3.439041352942484195e+02
 3.439041352942484195e+02
 3.439041352942484195e+02
 3.439041352942484195e+02
 3.439041352942484195e+02
 3.439041352942484195e+02
 3.439041352942484195e+02
 3.439041352942484195e+02
 3.439041352942484195e+02
 3.439041352942484195e+02
 3.439041352942484195e+02
 3.439041352942484195e+02
 3.439041352942484195e+02
 3.439041352942484195e+02
 3.439041352942484195e+02
 3.439041352942484195e+02
 3.439041352942484195e+02
 3.439041352942484195e+02
 3.439041352942484195e+02
 3.439041352942484195e+02
 3.439041352942484195e+02
 3.439041352942484195e+02
 3.439041352942484195e+02
 3.439041352942484195e+02
 3.439041352942484195e+02
 3.439041352942484195e+02
 3.439041352942484195e+02
 3.439041352942484195e+02
 3.439041352942484195e+02
 3.439041352942484195e+02
 3.439041352942484195e+02
 3.439041352942484195e+02
 3.439041352942484195e+02
 3.439041352942484195e+02
 3.439041352942484195e+02
 3.439041352942484195e+02
 3.439041352942484195e+02
 3.439041352942484195e+02
 3.439041352942484195e+02
 3.439041352942484195e+02
 3.439041352942484195e+02
 3.439041352942484195e+02
 3.439041352942484195e+02
 3.439041352942484195e+02
 3.439041352942484195e+02
 3.439041352942484195e+02
 3.439041352942484195e+02
 3.439041352942484195e+02
 3.439041352942484195e+02
 3.439041352942484195e+02
 3.439041352942484195e+02
 3.439041352942484195e+02
 3.439041352942484195e+02
 3.439041352942484195e+02
 3.439041352942484195e+02
 3.439041352942484195e+02
 3.439041352942484195e+02
 3.439041352942484195e+02
 3.439041352942484195e+02
 3.439041352942484195e+02
 3.439041352942484195e+02
 3.439041352942484195e+02
 3.439041352942484195e+02
 3.439041352942484195e+02
 3.439041352942484195e+02
 3.439041352942484195e+02
 3.439041352942484195e+02
 3.439041352942484195e+02
 3.439041352942484195e+02
 3.439041352942484195e+02
 3.439041352942484195e+02
 3.439041352942484195e+02
 3.439041352942484195e+02
 3.439041352942484195e+02
 3.439041352942484195e+02
 3.439041352942484195e+02
 3.439041352942484195e+02
 3.439041352942484195e+02
 3.439041352942484195e+02
 3.439041352942484195e+02
 3.439041352942484195e+02
 3.439041352942484195e+02
 3.439041352942484195e+02
 3.439041352942484195e+02
 3.439041352942484195e+02
 3.439041352942484195e+02
 3.439041352942484195e+02
 3.439041352942484195e+02
 3.439041352942484195e+02
 3.439041352942484195e+02
 3.439041352942484195e+02
 3.439041352942484195e+02
 3.439041352942484195e+02
 3.439041352942484195e+02
 3.439041352942484195e+02
 3.439041352942484195e+02
 3.439041352942484195e+02
 3.439041352942484195e+02
 3.439041352942484195e+02
 3.439041352942484195e+02
 3.439041352942484195e+02
 3.439041352942484195e+02
 3.439041352942484195e+02
 3.439041352942484195e+02
 3.439041352942484195e+02
 3.439041352942484195e+02
 3.439041352942484195e+02
 3.439041352942484195e+02
 3.439041352942484195e+02
 3.439041352942484195e+02
 3.439041352942484195e+02
 3.439041352942484195e+02
 3.439041352942484195e+02
 3.439041352942484195e+02
 3.439041352942484195e+02
 3.439041352942484195e+02
 3.439041352942484195e+02
 3.439041352942484195e+02
 3.439041352942484195e+02
 3.439041352942484195e+02
 3.439041352942484195e+02
 3.439041352942484195e+02
 3.439041352942484195e+02
 3.439041352942484195e+02
 3.439041352942484195e+02
 3.439041352942484195e+02
 3.439041352942484195e+02
 3.439041352942484195e+02
 3.439041352942484195e+02
 3.439041352942484195e+02
 3.439041352942484195e+02
 3.439041352942484195e+02
 1.133567795533901517e+03
 1.134105938394036912e+03
 1.134649595927479140e+03
 1.135198752063369739e+03
 1.135753351402971020e+03
 1.136313338511949951e+03
 1.136878668773347954e+03
 1.137449288549304811e+03
 1.138025127469065183e+03
 1.138606074648246022e+03
 1.139191988253814316e+03
 1.139782781908614652e+03
 1.140378429309712828e+03
 1.140978929263921827e+03
 1.141584321644242664e+03
 1.142194591463279494e+03
 1.142809658736542133e+03
 1.143429342034397223e+03
 1.144053229339488553e+03
 1.144681276133405390e+03
 1.145313833619313982e+03
 1.145950346812851876e+03
 1.146589676606233297e+03
 1.147232050695380622e+03
 1.147879583008060536e+03
 1.148531650243498461e+03
 1.149181510936566610e+03
 1.149828234536857281e+03
 1.150488833690286356e+03
 1.151166076911284563e+03
 1.151814445643746694e+03
 1.152290060236296085e+03
 1.152127822548615768e+03
 1.149646054246216181e+03
 1.138177428904239605e+03
 1.087730961952299822e+03
 8.285777340480774456e+02
 3.789024634773823550e+02
 3.442011402843285168e+02
 3.439089858165847886e+02
 3.439042245591434721e+02
 3.439041367076121105e+02
 3.439041353136017278e+02
 3.439041352945215522e+02
 3.439041352942523986e+02
 3.439041352942484195e+02
 3.439041352942484195e+02
 3.439041352942484195e+02
 3.439041352942484195e+02
 3.439041352942484195e+02
 3.439041352942484195e+02
 3.439041352942484195e+02
 3.439041352942484195e+02
 3.439041352942484195e+02
 3.439041352942484195e+02
 3.439041352942484195e+02
 3.439041352942484195e+02
 3.439041352942484195e+02
 3.439041352942484195e+02
 3.439041352942484195e+02
 3.439041352942484195e+02
 3.439041352942484195e+02
 3.439041352942484195e+02
 3.439041352942484195e+02
 3.439041352942484195e+02
 3.439041352942484195e+02
 3.439041352942484195e+02
 3.439041352942484195e+02
 3.439041352942484195e+02
 3.439041352942484195e+02
 3.439041352942484195e+02
 3.439041352942484195e+02
 3.439041352942484195e+02
 3.439041352942484195e+02
 3.439041352942484195e+02
 3.439041352942484195e+02
 3.439041352942484195e+02
 3.439041352942484195e+02
 3.439041352942484195e+02
 3.439041352942484195e+02
 3.439041352942484195e+02
 3.439041352942484195e+02
 3.439041352942484195e+02
 3.439041352942484195e+02
 3.439041352942484195e+02
 3.439041352942484195e+02
 3.439041352942484195e+02
 3.439041352942484195e+02
 3.439041352942484195e+02
 3.439041352942484195e+02
 3.439041352942484195e+02
 3.439041352942484195e+02
 3.439041352942484195e+02
 3.439041352942484195e+02
 3.439041352942484195e+02
 3.439041352942484195e+02
 3.439041352942484195e+02
 3.439041352942484195e+02
 3.439041352942484195e+02
 3.439041352942484195e+02
 3.439041352942484195e+02
 3.439041352942484195e+02
 3.439041352942484195e+02
 3.439041352942484195e+02
 3.439041352942484195e+02
 3.439041352942484195e+02
 3.439041352942484195e+02
 3.439041352942484195e+02
 3.439041352942484195e+02
 3.439041352942484195e+02
 3.439041352942484195e+02
 3.439041352942484195e+02
 3.439041352942484195e+02
 3.439041352942484195e+02
 3.439041352942484195e+02
 3.439041352942484195e+02
 3.439041352942484195e+02
 3.439041352942484195e+02
 3.439041352942484195e+02
 3.439041352942484195e+02
 3.439041352942484195e+02
 3.439041352942484195e+02
 3.439041352942484195e+02
 3.439041352942484195e+02
 3.439041352942484195e+02
 3.439041352942484195e+02
 3.439041352942484195e+02
 3.439041352942484195e+02
 3.439041352942484195e+02
 3.439041352942484195e+02
 3.439041352942484195e+02
 3.439041352942484195e+02
 3.439041352942484195e+02
 3.439041352942484195e+02
 3.439041352942484195e+02
 3.439041352942484195e+02
 3.439041352942484195e+02
 3.439041352942484195e+02
 3.439041352942484195e+02
 3.439041352942484195e+02
 3.439041352942484195e+02
 3.439041352942484195e+02
 3.439041352942484195e+02
 3.439041352942484195e+02
 3.439041352942484195e+02
 3.439041352942484195e+02
 3.439041352942484195e+02
 3.439041352942484195e+02
 3.439041352942484195e+02
 3.439041352942484195e+02
 3.439041352942484195e+02
 3.439041352942484195e+02
 3.439041352942484195e+02
 3.439041352942484195e+02
 3.439041352942484195e+02
 3.439041352942484195e+02
 3.439041352942484195e+02
 3.439041352942484195e+02
 3.439041352942484195e+02
 3.439041352942484195e+02
 3.439041352942484195e+02
 3.439041352942484195e+02
 3.439041352942484195e+02
 3.439041352942484195e+02
 3.439041352942484195e+02
 3.439041352942484195e+02
 3.439041352942484195e+02
 3.439041352942484195e+02
 3.439041352942484195e+02
 3.439041352942484195e+02
 3.439041352942484195e+02
 3.439041352942484195e+02
 3.439041352942484195e+02
 3.439041352942484195e+02
 3.439041352942484195e+02
 3.439041352942484195e+02
 3.439041352942484195e+02
 3.439041352942484195e+02
 3.439041352942484195e+02
 3.439041352942484195e+02
 3.439041352942484195e+02
 3.439041352942484195e+02
 3.439041352942484195e+02
 3.439041352942484195e+02
 3.439041352942484195e+02
 3.439041352942484195e+02
 3.439041352942484195e+02
 3.439041352942484195e+02
 3.439041352942484195e+02
 3.439041352942484195e+02
 3.439041352942484195e+02
 3.439041352942484195e+02
 3.439041352942484195e+02
 3.439041352942484195e+02
 3.439041352942484195e+02
 3.439041352942484195e+02
 3.439041352942484195e+02
 3.439041352942484195e+02
 3.439041352942484195e+02
 3.439041352942484195e+02
 3.439041352942484195e+02
 3.439041352942484195e+02
 3.439041352942484195e+02
 3.439041352942484195e+02
 3.439041352942484195e+02
 3.439041352942484195e+02
 3.439041352942484195e+02
 3.439041352942484195e+02
 3.439041352942484195e+02
 3.439041352942484195e+02
 3.439041352942484195e+02
 3.439041352942484195e+02
 3.439041352942484195e+02
 3.439041352942484195e+02
 3.439041352942484195e+02
 3.439041352942484195e+02
 3.439041352942484195e+02
 3.439041352942484195e+02
 3.439041352942484195e+02
 3.439041352942484195e+02
 3.439041352942484195e+02
 3.439041352942484195e+02
 3.439041352942484195e+02
 3.439041352942484195e+02
 3.439041352942484195e+02
 3.439041352942484195e+02
 3.439041352942484195e+02
 3.439041352942484195e+02
 3.439041352942484195e+02
 3.439041352942484195e+02
 3.439041352942484195e+02
 3.439041352942484195e+02
 3.439041352942484195e+02
 3.439041352942484195e+02
 3.439041352942484195e+02
 3.439041352942484195e+02
 3.439041352942484195e+02
 3.439041352942484195e+02
 3.439041352942484195e+02
 3.439041352942484195e+02
 3.439041352942484195e+02
 3.439041352942484195e+02
 3.439041352942484195e+02
 3.439041352942484195e+02
 3.439041352942484195e+02
 3.439041352942484195e+02
 3.439041352942484195e+02
 3.439041352942484195e+02
 3.439041352942484195e+02
 3.439041352942484195e+02
 </DataArray>
 <DataArray Name="mu" type="Float32" NumberOfComponents="1" format="ascii">
 1.813928062146993983e-05
 1.813928062146993983e-05
 1.813928062146993983e-05
 1.813928062146993983e-05
 1.813928062146993983e-05
 1.813928062146993983e-05
 1.813928062146993983e-05
 1.813928062146993983e-05
 1.813928062146993983e-05
 1.813928062146993983e-05
 1.813928062146993983e-05
 1.813928062146993983e-05
 1.813928062146993983e-05
 1.813928062146993983e-05
 1.813928062146993983e-05
 1.813928062146993983e-05
 1.813928062146993983e-05
 1.813928062146993983e-05
 1.813928062146993983e-05
 1.813928062146993983e-05
 1.813928062146993983e-05
 1.813928062146993983e-05
 1.813928062146993983e-05
 1.813928062146993983e-05
 1.813928062146993983e-05
 1.813928062146993983e-05
 1.813928062146993983e-05
 1.813928062146993983e-05
 1.813928062146993983e-05
 1.813928062146993983e-05
 1.813928062146993983e-05
 1.813928062146993983e-05
 1.813928062146993983e-05
 1.813928062146993983e-05
 1.813928062146993983e-05
 1.813928062146993983e-05
 1.813928062146993983e-05
 1.813928062146993983e-05
 1.813928062146993983e-05
 1.813928062146993983e-05
 1.813928062146993983e-05
 1.813928062146993983e-05
 1.813928062146993983e-05
 1.813928062146993983e-05
 1.813928062146993983e-05
 1.813928062146993983e-05
 1.813928062146993983e-05
 1.813928062146993983e-05
 1.813928062146993983e-05
 1.813928062146993983e-05
 1.813928062146993983e-05
 1.813928062146993983e-05
 1.813928062146993983e-05
 1.813928062146993983e-05
 1.813928062146993983e-05
 1.813928062146993983e-05
 1.813928062146993983e-05
 1.813928062146993983e-05
 1.813928062146993983e-05
 1.813928062146993983e-05
 1.813928062146993983e-05
 1.813928062146993983e-05
 1.813928062146993983e-05
 1.813928062146993983e-05
 1.813928062146993983e-05
 1.813928062146993983e-05
 1.813928062146993983e-05
 1.813928062146993983e-05
 1.813928062146993983e-05
 1.813928062146993983e-05
 1.813928062146993983e-05
 1.813928062146993983e-05
 1.813928062146993983e-05
 1.813928062146993983e-05
 1.813928062146993983e-05
 1.813928062146993983e-05
 1.813928062146993983e-05
 1.813928062146993983e-05
 1.813928062146993983e-05
 1.813928062146993983e-05
 1.813928062146993983e-05
 1.813928062146993983e-05
 1.813928062146993983e-05
 1.813928062146993983e-05
 1.813928062146993983e-05
 1.813928062146993983e-05
 1.813928062146993983e-05
 1.813928062146993983e-05
 1.813928062146993983e-05
 1.813928062146993983e-05
 1.813928062146993983e-05
 1.813928062146993983e-05
 1.813928062146993983e-05
 1.813928062146993983e-05
 1.813928062146993983e-05
 1.813928062146993983e-05
 1.813928062146993983e-05
 1.813928062146993983e-05
 1.813928062146993983e-05
 1.813928062146993983e-05
 1.813928062146993983e-05
 1.813928062146993983e-05
 1.813928062146993983e-05
 1.813928062146993983e-05
 1.813928062146993983e-05
 1.813928062146993983e-05
 1.813928062146993983e-05
 1.813928062146993983e-05
 1.813928062146993983e-05
 1.813928062146993983e-05
 1.813928062146993983e-05
 1.813928062146993983e-05
 1.813928062146993983e-05
 1.813928062146993983e-05
 1.813928062146993983e-05
 1.813928062146993983e-05
 1.813928062146993983e-05
 1.813928062146993983e-05
 1.813928062146993983e-05
 1.813928062146993983e-05
 1.813928062146993983e-05
 1.813928062146993983e-05
 1.813928062146993983e-05
 1.813928062146993983e-05
 1.813928062146993983e-05
 1.813928062146993983e-05
 1.813928062146993983e-05
 1.813928062146993983e-05
 1.813928062146993983e-05
 1.813928062146993983e-05
 1.813928062146993983e-05
 1.813928062146993983e-05
 1.813928062146993983e-05
 1.813928062146993983e-05
 1.813928062146993983e-05
 1.813928062146993983e-05
 1.813928062146993983e-05
 1.813928062146993983e-05
 1.813928062146993983e-05
 1.813928062146993983e-05
 1.813928062146993983e-05
 1.813928062146993983e-05
 1.813928062146993983e-05
 1.813928062146993983e-05
 1.813928062146993983e-05
 1.813928062146993983e-05
 1.813928062146993983e-05
 1.813928062146993983e-05
 1.813928062146993983e-05
 1.813928062146993983e-05
 1.813928062146993983e-05
 1.813928062146993983e-05
 1.813928062146993983e-05
 1.813928062146993983e-05
 1.813928062146993983e-05
 1.813928062146993983e-05
 1.813928062146993983e-05
 1.813928062146993983e-05
 1.813928062146993983e-05
 1.813928062146993983e-05
 1.813928062146993983e-05
 1.813928062146993983e-05
 1.813928062146993983e-05
 1.813928062146993983e-05
 1.813928062146993983e-05
 1.813928062146993983e-05
 1.813928062146993983e-05
 1.813928062146993983e-05
 1.813928062146993983e-05
 1.813928062146993983e-05
 1.813928062146993983e-05
 1.813928062146993983e-05
 1.813928062146993983e-05
 1.813928062146993983e-05
 1.813928062146993983e-05
 1.813928062146993983e-05
 1.813928062146993983e-05
 1.813928062146993983e-05
 1.813928062146993983e-05
 1.813928062146993983e-05
 1.813928062146993983e-05
 1.813928062146993983e-05
 1.813928062146993983e-05
 1.813928062146993983e-05
 1.813928062146993983e-05
 1.813928062146993983e-05
 1.813928062146993983e-05
 1.813928062146993983e-05
 1.813928062146993983e-05
 1.813928062146993983e-05
 1.813928062146993983e-05
 1.813928062146993983e-05
 1.813928062146993983e-05
 1.813928062146993983e-05
 1.813928062146993983e-05
 1.813928062146993983e-05
 1.813928062146993983e-05
 1.813928062146993983e-05
 1.813928062146993983e-05
 1.813928062146993983e-05
 1.813928062146993983e-05
 1.813928062146993983e-05
 1.813928062146993983e-05
 1.813928062146993983e-05
 1.813928062146993983e-05
 1.813928062146993983e-05
 1.813928062146993983e-05
 1.813928062146993983e-05
 1.813928062146993983e-05
 1.813928062146993983e-05
 1.813928062146993983e-05
 1.813928062146993983e-05
 1.813928062146993983e-05
 1.813928062146993983e-05
 1.813928062146993983e-05
 1.813928062146993983e-05
 1.813928062146993983e-05
 1.813928062146993983e-05
 1.813928062146993983e-05
 1.813928062146993983e-05
 1.813928062146993983e-05
 1.813928062146993983e-05
 1.813928062146993983e-05
 1.813928062146993983e-05
 1.813928062146993983e-05
 1.813928062146993983e-05
 1.813928062146993983e-05
 1.813928062146993983e-05
 1.813928062146993983e-05
 1.813928062146993983e-05
 1.813928062146993983e-05
 1.813928062146993983e-05
 1.813928062146993983e-05
 1.813928062146993983e-05
 1.813928062146993983e-05
 1.813928062146993983e-05
 1.813928062146993983e-05
 1.813928062146993983e-05
 1.813928062146993983e-05
 1.813928062146993983e-05
 1.813928062146993983e-05
 1.813928062146993983e-05
 1.813928062146993983e-05
 1.813928062146993983e-05
 1.813928062146993983e-05
 1.813928062146993983e-05
 1.813928062146993983e-05
 1.813928062146993983e-05
 1.813928062146993983e-05
 1.813928062146993983e-05
 1.813928062146993983e-05
 1.813928062146993983e-05
 1.813928062146993983e-05
 1.813928062146993983e-05
 1.813928062146993983e-05
 1.813928062146993983e-05
 1.813928062146993983e-05
 1.813928062146993983e-05
 1.813928062146993983e-05
 1.813928062146993983e-05
 1.813928062146993983e-05
 1.813928062146993983e-05
 1.813928062146993983e-05
 1.813928062146993983e-05
 1.813928062146993983e-05
 1.813928062146993983e-05
 1.813928062146993983e-05
 1.813928062146993983e-05
 1.813928062146993983e-05
 1.813928062146993983e-05
 1.813928062146993983e-05
 1.813928062146993983e-05
 1.813928062146993983e-05
 1.813928062146993983e-05
 1.813928062146993983e-05
 1.813928062146993983e-05
 1.813928062146993983e-05
 1.813928062146993983e-05
 1.813928062146993983e-05
 1.813928062146993983e-05
 1.813928062146993983e-05
 1.813928062146993983e-05
 1.813928062146993983e-05
 1.813928062146993983e-05
 1.813928062146993983e-05
 1.813928062146993983e-05
 1.813928062146993983e-05
 1.813928062146993983e-05
 1.813928062146993983e-05
 1.813928062146993983e-05
 1.813928062146993983e-05
 1.813928062146993983e-05
 1.813928062146993983e-05
 1.813928062146993983e-05
 1.813928062146993983e-05
 1.813928062146993983e-05
 1.813928062146993983e-05
 1.813928062146993983e-05
 1.813928062146993983e-05
 1.813928062146993983e-05
 1.813928062146993983e-05
 1.813928062146993983e-05
 1.813928062146993983e-05
 1.813928062146993983e-05
 1.813928062146993983e-05
 1.813928062146993983e-05
 1.813928062146993983e-05
 1.813928062146993983e-05
 1.813928062146993983e-05
 1.813928062146993983e-05
 1.813928062146993983e-05
 1.813928062146993983e-05
 1.813928062146993983e-05
 1.813928062146993983e-05
 1.813928062146993983e-05
 1.813928062146993983e-05
 1.813928062146993983e-05
 1.813928062146993983e-05
 1.813928062146993983e-05
 1.813928062146993983e-05
 1.813928062146993983e-05
 1.813928062146993983e-05
 1.813928062146993983e-05
 1.813928062146993983e-05
 1.813928062146993983e-05
 1.813928062146993983e-05
 1.813928062146993983e-05
 1.813928062146993983e-05
 1.813928062146993983e-05
 1.813928062146993983e-05
 1.813928062146993983e-05
 1.813928062146993983e-05
 1.813928062146993983e-05
 1.813928062146993983e-05
 1.813928062146993983e-05
 1.813928062146993983e-05
 1.813928062146993983e-05
 1.813928062146993983e-05
 1.813928062146993983e-05
 1.813928062146993983e-05
 1.813928062146993983e-05
 1.813928062146993983e-05
 1.813928062146993983e-05
 1.813928062146993983e-05
 1.813928062146993983e-05
 1.813928062146993983e-05
 1.813928062146993983e-05
 1.813928062146993983e-05
 1.813928062146993983e-05
 1.813928062146993983e-05
 1.813928062146993983e-05
 1.813928062146993983e-05
 1.813928062146993983e-05
 1.813928062146993983e-05
 1.813928062146993983e-05
 1.813928062146993983e-05
 1.813928062146993983e-05
 1.813928062146993983e-05
 1.813928062146993983e-05
 1.813928062146993983e-05
 1.813928062146993983e-05
 1.813928062146993983e-05
 1.813928062146993983e-05
 1.813928062146993983e-05
 1.813928062146993983e-05
 1.813928062146993983e-05
 1.813928062146993983e-05
 1.813928062146993983e-05
 1.813928062146993983e-05
 1.813928062146993983e-05
 1.813928062146993983e-05
 1.813928062146993983e-05
 1.813928062146993983e-05
 1.813928062146993983e-05
 1.813928062146993983e-05
 1.813928062146993983e-05
 1.813928062146993983e-05
 1.813928062146993983e-05
 1.813928062146993983e-05
 1.813928062146993983e-05
 1.813928062146993983e-05
 1.813928062146993983e-05
 1.813928062146993983e-05
 1.813928062146993983e-05
 1.813928062146993983e-05
 1.813928062146993983e-05
 1.813928062146993983e-05
 1.813928062146993983e-05
 1.813928062146993983e-05
 1.813928062146993983e-05
 1.813928062146993983e-05
 1.813928062146993983e-05
 1.813928062146993983e-05
 1.813928062146993983e-05
 1.813928062146993983e-05
 1.813928062146993983e-05
 1.813928062146993983e-05
 1.813928062146993983e-05
 1.813928062146993983e-05
 1.813928062146993983e-05
 1.813928062146993983e-05
 1.813928062146993983e-05
 1.813928062146993983e-05
 1.813928062146993983e-05
 1.813928062146993983e-05
 1.813928062146993983e-05
 1.813928062146993983e-05
 1.813928062146993983e-05
 1.813928062146993983e-05
 1.813928062146993983e-05
 1.813928062146993983e-05
 1.813928062146993983e-05
 1.813928062146993983e-05
 1.813928062146993983e-05
 1.813928062146993983e-05
 1.813928062146993983e-05
 1.813928062146993983e-05
 1.813928062146993983e-05
 1.813928062146993983e-05
 1.813928062146993983e-05
 1.813928062146993983e-05
 1.813928062146993983e-05
 1.813928062146993983e-05
 1.813928062146993983e-05
 1.813928062146993983e-05
 1.813928062146993983e-05
 1.813928062146993983e-05
 1.813928062146993983e-05
 1.813928062146993983e-05
 1.813928062146993983e-05
 1.813928062146993983e-05
 1.813928062146993983e-05
 1.813928062146993983e-05
 1.813928062146993983e-05
 1.813928062146993983e-05
 1.813928062146993983e-05
 1.813928062146993983e-05
 1.813928062146993983e-05
 1.813928062146993983e-05
 1.813928062146993983e-05
 1.813928062146993983e-05
 1.813928062146993983e-05
 1.813928062146993983e-05
 1.813928062146993983e-05
 1.813928062146993983e-05
 1.813928062146993983e-05
 1.813928062146993983e-05
 1.813928062146993983e-05
 1.813928062146993983e-05
 1.813928062146993983e-05
 1.813928062146993983e-05
 1.813928062146993983e-05
 1.813928062146993983e-05
 1.813928062146993983e-05
 1.813928062146993983e-05
 1.813928062146993983e-05
 1.813928062146993983e-05
 1.813928062146993983e-05
 1.813928062146993983e-05
 1.813928062146993983e-05
 1.813928062146993983e-05
 1.813928062146993983e-05
 1.813928062146993983e-05
 1.813928062146993983e-05
 1.813928062146993983e-05
 1.813928062146993983e-05
 1.813928062146993983e-05
 1.813928062146993983e-05
 1.813928062146993983e-05
 1.813928062146993983e-05
 1.813928062146993983e-05
 1.813928062146993983e-05
 1.813928062146993983e-05
 1.813928062146993983e-05
 1.813928062146993983e-05
 1.813928062146993983e-05
 1.813928062146993983e-05
 1.813928062146993983e-05
 1.813928062146993983e-05
 1.813928062146993983e-05
 1.813928062146993983e-05
 1.813928062146993983e-05
 1.813928062146993983e-05
 1.813928062146993983e-05
 1.813928062146993983e-05
 1.813928062146993983e-05
 1.813928062146993983e-05
 1.813928062146993983e-05
 1.813928062146993983e-05
 1.813928062146993983e-05
 1.813928062146993983e-05
 1.813928062146993983e-05
 1.813928062146993983e-05
 1.813928062146993983e-05
 1.813928062146993983e-05
 1.813928062146993983e-05
 1.813928062146993983e-05
 1.813928062146993983e-05
 1.813928062146993983e-05
 1.813928062146993983e-05
 </DataArray>
 <DataArray Name="k" type="Float32" NumberOfComponents="1" format="ascii">
 2.576041171715383674e-02
 2.576041171715383674e-02
 2.576041171715383674e-02
 2.576041171715383674e-02
 2.576041171715383674e-02
 2.576041171715383674e-02
 2.576041171715383674e-02
 2.576041171715383674e-02
 2.576041171715383674e-02
 2.576041171715383674e-02
 2.576041171715383674e-02
 2.576041171715383674e-02
 2.576041171715383674e-02
 2.576041171715383674e-02
 2.576041171715383674e-02
 2.576041171715383674e-02
 2.576041171715383674e-02
 2.576041171715383674e-02
 2.576041171715383674e-02
 2.576041171715383674e-02
 2.576041171715383674e-02
 2.576041171715383674e-02
 2.576041171715383674e-02
 2.576041171715383674e-02
 2.576041171715383674e-02
 2.576041171715383674e-02
 2.576041171715383674e-02
 2.576041171715383674e-02
 2.576041171715383674e-02
 2.576041171715383674e-02
 2.576041171715383674e-02
 2.576041171715383674e-02
 2.576041171715383674e-02
 2.576041171715383674e-02
 2.576041171715383674e-02
 2.576041171715383674e-02
 2.576041171715383674e-02
 2.576041171715383674e-02
 2.576041171715383674e-02
 2.576041171715383674e-02
 2.576041171715383674e-02
 2.576041171715383674e-02
 2.576041171715383674e-02
 2.576041171715383674e-02
 2.576041171715383674e-02
 2.576041171715383674e-02
 2.576041171715383674e-02
 2.576041171715383674e-02
 2.576041171715383674e-02
 2.576041171715383674e-02
 2.576041171715383674e-02
 2.576041171715383674e-02
 2.576041171715383674e-02
 2.576041171715383674e-02
 2.576041171715383674e-02
 2.576041171715383674e-02
 2.576041171715383674e-02
 2.576041171715383674e-02
 2.576041171715383674e-02
 2.576041171715383674e-02
 2.576041171715383674e-02
 2.576041171715383674e-02
 2.576041171715383674e-02
 2.576041171715383674e-02
 2.576041171715383674e-02
 2.576041171715383674e-02
 2.576041171715383674e-02
 2.576041171715383674e-02
 2.576041171715383674e-02
 2.576041171715383674e-02
 2.576041171715383674e-02
 2.576041171715383674e-02
 2.576041171715383674e-02
 2.576041171715383674e-02
 2.576041171715383674e-02
 2.576041171715383674e-02
 2.576041171715383674e-02
 2.576041171715383674e-02
 2.576041171715383674e-02
 2.576041171715383674e-02
 2.576041171715383674e-02
 2.576041171715383674e-02
 2.576041171715383674e-02
 2.576041171715383674e-02
 2.576041171715383674e-02
 2.576041171715383674e-02
 2.576041171715383674e-02
 2.576041171715383674e-02
 2.576041171715383674e-02
 2.576041171715383674e-02
 2.576041171715383674e-02
 2.576041171715383674e-02
 2.576041171715383674e-02
 2.576041171715383674e-02
 2.576041171715383674e-02
 2.576041171715383674e-02
 2.576041171715383674e-02
 2.576041171715383674e-02
 2.576041171715383674e-02
 2.576041171715383674e-02
 2.576041171715383674e-02
 2.576041171715383674e-02
 2.576041171715383674e-02
 2.576041171715383674e-02
 2.576041171715383674e-02
 2.576041171715383674e-02
 2.576041171715383674e-02
 2.576041171715383674e-02
 2.576041171715383674e-02
 2.576041171715383674e-02
 2.576041171715383674e-02
 2.576041171715383674e-02
 2.576041171715383674e-02
 2.576041171715383674e-02
 2.576041171715383674e-02
 2.576041171715383674e-02
 2.576041171715383674e-02
 2.576041171715383674e-02
 2.576041171715383674e-02
 2.576041171715383674e-02
 2.576041171715383674e-02
 2.576041171715383674e-02
 2.576041171715383674e-02
 2.576041171715383674e-02
 2.576041171715383674e-02
 2.576041171715383674e-02
 2.576041171715383674e-02
 2.576041171715383674e-02
 2.576041171715383674e-02
 2.576041171715383674e-02
 2.576041171715383674e-02
 2.576041171715383674e-02
 2.576041171715383674e-02
 2.576041171715383674e-02
 2.576041171715383674e-02
 2.576041171715383674e-02
 2.576041171715383674e-02
 2.576041171715383674e-02
 2.576041171715383674e-02
 2.576041171715383674e-02
 2.576041171715383674e-02
 2.576041171715383674e-02
 2.576041171715383674e-02
 2.576041171715383674e-02
 2.576041171715383674e-02
 2.576041171715383674e-02
 2.576041171715383674e-02
 2.576041171715383674e-02
 2.576041171715383674e-02
 2.576041171715383674e-02
 2.576041171715383674e-02
 2.576041171715383674e-02
 2.576041171715383674e-02
 2.576041171715383674e-02
 2.576041171715383674e-02
 2.576041171715383674e-02
 2.576041171715383674e-02
 2.576041171715383674e-02
 2.576041171715383674e-02
 2.576041171715383674e-02
 2.576041171715383674e-02
 2.576041171715383674e-02
 2.576041171715383674e-02
 2.576041171715383674e-02
 2.576041171715383674e-02
 2.576041171715383674e-02
 2.576041171715383674e-02
 2.576041171715383674e-02
 2.576041171715383674e-02
 2.576041171715383674e-02
 2.576041171715383674e-02
 2.576041171715383674e-02
 2.576041171715383674e-02
 2.576041171715383674e-02
 2.576041171715383674e-02
 2.576041171715383674e-02
 2.576041171715383674e-02
 2.576041171715383674e-02
 2.576041171715383674e-02
 2.576041171715383674e-02
 2.576041171715383674e-02
 2.576041171715383674e-02
 2.576041171715383674e-02
 2.576041171715383674e-02
 2.576041171715383674e-02
 2.576041171715383674e-02
 2.576041171715383674e-02
 2.576041171715383674e-02
 2.576041171715383674e-02
 2.576041171715383674e-02
 2.576041171715383674e-02
 2.576041171715383674e-02
 2.576041171715383674e-02
 2.576041171715383674e-02
 2.576041171715383674e-02
 2.576041171715383674e-02
 2.576041171715383674e-02
 2.576041171715383674e-02
 2.576041171715383674e-02
 2.576041171715383674e-02
 2.576041171715383674e-02
 2.576041171715383674e-02
 2.576041171715383674e-02
 2.576041171715383674e-02
 2.576041171715383674e-02
 2.576041171715383674e-02
 2.576041171715383674e-02
 2.576041171715383674e-02
 2.576041171715383674e-02
 2.576041171715383674e-02
 2.576041171715383674e-02
 2.576041171715383674e-02
 2.576041171715383674e-02
 2.576041171715383674e-02
 2.576041171715383674e-02
 2.576041171715383674e-02
 2.576041171715383674e-02
 2.576041171715383674e-02
 2.576041171715383674e-02
 2.576041171715383674e-02
 2.576041171715383674e-02
 2.576041171715383674e-02
 2.576041171715383674e-02
 2.576041171715383674e-02
 2.576041171715383674e-02
 2.576041171715383674e-02
 2.576041171715383674e-02
 2.576041171715383674e-02
 2.576041171715383674e-02
 2.576041171715383674e-02
 2.576041171715383674e-02
 2.576041171715383674e-02
 2.576041171715383674e-02
 2.576041171715383674e-02
 2.576041171715383674e-02
 2.576041171715383674e-02
 2.576041171715383674e-02
 2.576041171715383674e-02
 2.576041171715383674e-02
 2.576041171715383674e-02
 2.576041171715383674e-02
 2.576041171715383674e-02
 2.576041171715383674e-02
 2.576041171715383674e-02
 2.576041171715383674e-02
 2.576041171715383674e-02
 2.576041171715383674e-02
 2.576041171715383674e-02
 2.576041171715383674e-02
 2.576041171715383674e-02
 2.576041171715383674e-02
 2.576041171715383674e-02
 2.576041171715383674e-02
 2.576041171715383674e-02
 2.576041171715383674e-02
 2.576041171715383674e-02
 2.576041171715383674e-02
 2.576041171715383674e-02
 2.576041171715383674e-02
 2.576041171715383674e-02
 2.576041171715383674e-02
 2.576041171715383674e-02
 2.576041171715383674e-02
 2.576041171715383674e-02
 2.576041171715383674e-02
 2.576041171715383674e-02
 2.576041171715383674e-02
 2.576041171715383674e-02
 2.576041171715383674e-02
 2.576041171715383674e-02
 2.576041171715383674e-02
 2.576041171715383674e-02
 2.576041171715383674e-02
 2.576041171715383674e-02
 2.576041171715383674e-02
 2.576041171715383674e-02
 2.576041171715383674e-02
 2.576041171715383674e-02
 2.576041171715383674e-02
 2.576041171715383674e-02
 2.576041171715383674e-02
 2.576041171715383674e-02
 2.576041171715383674e-02
 2.576041171715383674e-02
 2.576041171715383674e-02
 2.576041171715383674e-02
 2.576041171715383674e-02
 2.576041171715383674e-02
 2.576041171715383674e-02
 2.576041171715383674e-02
 2.576041171715383674e-02
 2.576041171715383674e-02
 2.576041171715383674e-02
 2.576041171715383674e-02
 2.576041171715383674e-02
 2.576041171715383674e-02
 2.576041171715383674e-02
 2.576041171715383674e-02
 2.576041171715383674e-02
 2.576041171715383674e-02
 2.576041171715383674e-02
 2.576041171715383674e-02
 2.576041171715383674e-02
 2.576041171715383674e-02
 2.576041171715383674e-02
 2.576041171715383674e-02
 2.576041171715383674e-02
 2.576041171715383674e-02
 2.576041171715383674e-02
 2.576041171715383674e-02
 2.576041171715383674e-02
 2.576041171715383674e-02
 2.576041171715383674e-02
 2.576041171715383674e-02
 2.576041171715383674e-02
 2.576041171715383674e-02
 2.576041171715383674e-02
 2.576041171715383674e-02
 2.576041171715383674e-02
 2.576041171715383674e-02
 2.576041171715383674e-02
 2.576041171715383674e-02
 2.576041171715383674e-02
 2.576041171715383674e-02
 2.576041171715383674e-02
 2.576041171715383674e-02
 2.576041171715383674e-02
 2.576041171715383674e-02
 2.576041171715383674e-02
 2.576041171715383674e-02
 2.576041171715383674e-02
 2.576041171715383674e-02
 2.576041171715383674e-02
 2.576041171715383674e-02
 2.576041171715383674e-02
 2.576041171715383674e-02
 2.576041171715383674e-02
 2.576041171715383674e-02
 2.576041171715383674e-02
 2.576041171715383674e-02
 2.576041171715383674e-02
 2.576041171715383674e-02
 2.576041171715383674e-02
 2.576041171715383674e-02
 2.576041171715383674e-02
 2.576041171715383674e-02
 2.576041171715383674e-02
 2.576041171715383674e-02
 2.576041171715383674e-02
 2.576041171715383674e-02
 2.576041171715383674e-02
 2.576041171715383674e-02
 2.576041171715383674e-02
 2.576041171715383674e-02
 2.576041171715383674e-02
 2.576041171715383674e-02
 2.576041171715383674e-02
 2.576041171715383674e-02
 2.576041171715383674e-02
 2.576041171715383674e-02
 2.576041171715383674e-02
 2.576041171715383674e-02
 2.576041171715383674e-02
 2.576041171715383674e-02
 2.576041171715383674e-02
 2.576041171715383674e-02
 2.576041171715383674e-02
 2.576041171715383674e-02
 2.576041171715383674e-02
 2.576041171715383674e-02
 2.576041171715383674e-02
 2.576041171715383674e-02
 2.576041171715383674e-02
 2.576041171715383674e-02
 2.576041171715383674e-02
 2.576041171715383674e-02
 2.576041171715383674e-02
 2.576041171715383674e-02
 2.576041171715383674e-02
 2.576041171715383674e-02
 2.576041171715383674e-02
 2.576041171715383674e-02
 2.576041171715383674e-02
 2.576041171715383674e-02
 2.576041171715383674e-02
 2.576041171715383674e-02
 2.576041171715383674e-02
 2.576041171715383674e-02
 2.576041171715383674e-02
 2.576041171715383674e-02
 2.576041171715383674e-02
 2.576041171715383674e-02
 2.576041171715383674e-02
 2.576041171715383674e-02
 2.576041171715383674e-02
 2.576041171715383674e-02
 2.576041171715383674e-02
 2.576041171715383674e-02
 2.576041171715383674e-02
 2.576041171715383674e-02
 2.576041171715383674e-02
 2.576041171715383674e-02
 2.576041171715383674e-02
 2.576041171715383674e-02
 2.576041171715383674e-02
 2.576041171715383674e-02
 2.576041171715383674e-02
 2.576041171715383674e-02
 2.576041171715383674e-02
 2.576041171715383674e-02
 2.576041171715383674e-02
 2.576041171715383674e-02
 2.576041171715383674e-02
 2.576041171715383674e-02
 2.576041171715383674e-02
 2.576041171715383674e-02
 2.576041171715383674e-02
 2.576041171715383674e-02
 2.576041171715383674e-02
 2.576041171715383674e-02
 2.576041171715383674e-02
 2.576041171715383674e-02
 2.576041171715383674e-02
 2.576041171715383674e-02
 2.576041171715383674e-02
 2.576041171715383674e-02
 2.576041171715383674e-02
 2.576041171715383674e-02
 2.576041171715383674e-02
 2.576041171715383674e-02
 2.576041171715383674e-02
 2.576041171715383674e-02
 2.576041171715383674e-02
 2.576041171715383674e-02
 2.576041171715383674e-02
 2.576041171715383674e-02
 2.576041171715383674e-02
 2.576041171715383674e-02
 2.576041171715383674e-02
 2.576041171715383674e-02
 2.576041171715383674e-02
 2.576041171715383674e-02
 2.576041171715383674e-02
 2.576041171715383674e-02
 2.576041171715383674e-02
 2.576041171715383674e-02
 2.576041171715383674e-02
 2.576041171715383674e-02
 2.576041171715383674e-02
 2.576041171715383674e-02
 2.576041171715383674e-02
 2.576041171715383674e-02
 2.576041171715383674e-02
 2.576041171715383674e-02
 2.576041171715383674e-02
 2.576041171715383674e-02
 2.576041171715383674e-02
 2.576041171715383674e-02
 2.576041171715383674e-02
 2.576041171715383674e-02
 2.576041171715383674e-02
 2.576041171715383674e-02
 2.576041171715383674e-02
 2.576041171715383674e-02
 2.576041171715383674e-02
 2.576041171715383674e-02
 2.576041171715383674e-02
 2.576041171715383674e-02
 2.576041171715383674e-02
 2.576041171715383674e-02
 2.576041171715383674e-02
 2.576041171715383674e-02
 2.576041171715383674e-02
 2.576041171715383674e-02
 2.576041171715383674e-02
 2.576041171715383674e-02
 2.576041171715383674e-02
 2.576041171715383674e-02
 2.576041171715383674e-02
 2.576041171715383674e-02
 2.576041171715383674e-02
 2.576041171715383674e-02
 2.576041171715383674e-02
 2.576041171715383674e-02
 2.576041171715383674e-02
 2.576041171715383674e-02
 2.576041171715383674e-02
 2.576041171715383674e-02
 2.576041171715383674e-02
 2.576041171715383674e-02
 2.576041171715383674e-02
 2.576041171715383674e-02
 2.576041171715383674e-02
 2.576041171715383674e-02
 2.576041171715383674e-02
 2.576041171715383674e-02
 2.576041171715383674e-02
 2.576041171715383674e-02
 2.576041171715383674e-02
 2.576041171715383674e-02
 </DataArray>
 <DataArray Name="mu_t" type="Float32" NumberOfComponents="1" format="ascii">
 0.000000000000000000e+00
 0.000000000000000000e+00
 0.000000000000000000e+00
 0.000000000000000000e+00
 0.000000000000000000e+00
 0.000000000000000000e+00
 0.000000000000000000e+00
 0.000000000000000000e+00
 0.000000000000000000e+00
 0.000000000000000000e+00
 0.000000000000000000e+00
 0.000000000000000000e+00
 0.000000000000000000e+00
 0.000000000000000000e+00
 0.000000000000000000e+00
 0.000000000000000000e+00
 0.000000000000000000e+00
 0.000000000000000000e+00
 0.000000000000000000e+00
 0.000000000000000000e+00
 0.000000000000000000e+00
 0.000000000000000000e+00
 0.000000000000000000e+00
 0.000000000000000000e+00
 0.000000000000000000e+00
 0.000000000000000000e+00
 0.000000000000000000e+00
 0.000000000000000000e+00
 0.000000000000000000e+00
 0.000000000000000000e+00
 0.000000000000000000e+00
 0.000000000000000000e+00
 0.000000000000000000e+00
 0.000000000000000000e+00
 0.000000000000000000e+00
 0.000000000000000000e+00
 0.000000000000000000e+00
 0.000000000000000000e+00
 0.000000000000000000e+00
 0.000000000000000000e+00
 0.000000000000000000e+00
 0.000000000000000000e+00
 0.000000000000000000e+00
 0.000000000000000000e+00
 0.000000000000000000e+00
 0.000000000000000000e+00
 0.000000000000000000e+00
 0.000000000000000000e+00
 0.000000000000000000e+00
 0.000000000000000000e+00
 0.000000000000000000e+00
 0.000000000000000000e+00
 0.000000000000000000e+00
 0.000000000000000000e+00
 0.000000000000000000e+00
 0.000000000000000000e+00
 0.000000000000000000e+00
 0.000000000000000000e+00
 0.000000000000000000e+00
 0.000000000000000000e+00
 0.000000000000000000e+00
 0.000000000000000000e+00
 0.000000000000000000e+00
 0.000000000000000000e+00
 0.000000000000000000e+00
 0.000000000000000000e+00
 0.000000000000000000e+00
 0.000000000000000000e+00
 0.000000000000000000e+00
 0.000000000000000000e+00
 0.000000000000000000e+00
 0.000000000000000000e+00
 0.000000000000000000e+00
 0.000000000000000000e+00
 0.000000000000000000e+00
 0.000000000000000000e+00
 0.000000000000000000e+00
 0.000000000000000000e+00
 0.000000000000000000e+00
 0.000000000000000000e+00
 0.000000000000000000e+00
 0.000000000000000000e+00
 0.000000000000000000e+00
 0.000000000000000000e+00
 0.000000000000000000e+00
 0.000000000000000000e+00
 0.000000000000000000e+00
 0.000000000000000000e+00
 0.000000000000000000e+00
 0.000000000000000000e+00
 0.000000000000000000e+00
 0.000000000000000000e+00
 0.000000000000000000e+00
 0.000000000000000000e+00
 0.000000000000000000e+00
 0.000000000000000000e+00
 0.000000000000000000e+00
 0.000000000000000000e+00
 0.000000000000000000e+00
 0.000000000000000000e+00
 0.000000000000000000e+00
 0.000000000000000000e+00
 0.000000000000000000e+00
 0.000000000000000000e+00
 0.000000000000000000e+00
 0.000000000000000000e+00
 0.000000000000000000e+00
 0.000000000000000000e+00
 0.000000000000000000e+00
 0.000000000000000000e+00
 0.000000000000000000e+00
 0.000000000000000000e+00
 0.000000000000000000e+00
 0.000000000000000000e+00
 0.000000000000000000e+00
 0.000000000000000000e+00
 0.000000000000000000e+00
 0.000000000000000000e+00
 0.000000000000000000e+00
 0.000000000000000000e+00
 0.000000000000000000e+00
 0.000000000000000000e+00
 0.000000000000000000e+00
 0.000000000000000000e+00
 0.000000000000000000e+00
 0.000000000000000000e+00
 0.000000000000000000e+00
 0.000000000000000000e+00
 0.000000000000000000e+00
 0.000000000000000000e+00
 0.000000000000000000e+00
 0.000000000000000000e+00
 0.000000000000000000e+00
 0.000000000000000000e+00
 0.000000000000000000e+00
 0.000000000000000000e+00
 0.000000000000000000e+00
 0.000000000000000000e+00
 0.000000000000000000e+00
 0.000000000000000000e+00
 0.000000000000000000e+00
 0.000000000000000000e+00
 0.000000000000000000e+00
 0.000000000000000000e+00
 0.000000000000000000e+00
 0.000000000000000000e+00
 0.000000000000000000e+00
 0.000000000000000000e+00
 0.000000000000000000e+00
 0.000000000000000000e+00
 0.000000000000000000e+00
 0.000000000000000000e+00
 0.000000000000000000e+00
 0.000000000000000000e+00
 0.000000000000000000e+00
 0.000000000000000000e+00
 0.000000000000000000e+00
 0.000000000000000000e+00
 0.000000000000000000e+00
 0.000000000000000000e+00
 0.000000000000000000e+00
 0.000000000000000000e+00
 0.000000000000000000e+00
 0.000000000000000000e+00
 0.000000000000000000e+00
 0.000000000000000000e+00
 0.000000000000000000e+00
 0.000000000000000000e+00
 0.000000000000000000e+00
 0.000000000000000000e+00
 0.000000000000000000e+00
 0.000000000000000000e+00
 0.000000000000000000e+00
 0.000000000000000000e+00
 0.000000000000000000e+00
 0.000000000000000000e+00
 0.000000000000000000e+00
 0.000000000000000000e+00
 0.000000000000000000e+00
 0.000000000000000000e+00
 0.000000000000000000e+00
 0.000000000000000000e+00
 0.000000000000000000e+00
 0.000000000000000000e+00
 0.000000000000000000e+00
 0.000000000000000000e+00
 0.000000000000000000e+00
 0.000000000000000000e+00
 0.000000000000000000e+00
 0.000000000000000000e+00
 0.000000000000000000e+00
 0.000000000000000000e+00
 0.000000000000000000e+00
 0.000000000000000000e+00
 0.000000000000000000e+00
 0.000000000000000000e+00
 0.000000000000000000e+00
 0.000000000000000000e+00
 0.000000000000000000e+00
 0.000000000000000000e+00
 0.000000000000000000e+00
 0.000000000000000000e+00
 0.000000000000000000e+00
 0.000000000000000000e+00
 0.000000000000000000e+00
 0.000000000000000000e+00
 0.000000000000000000e+00
 0.000000000000000000e+00
 0.000000000000000000e+00
 0.000000000000000000e+00
 0.000000000000000000e+00
 0.000000000000000000e+00
 0.000000000000000000e+00
 0.000000000000000000e+00
 0.000000000000000000e+00
 0.000000000000000000e+00
 0.000000000000000000e+00
 0.000000000000000000e+00
 0.000000000000000000e+00
 0.000000000000000000e+00
 0.000000000000000000e+00
 0.000000000000000000e+00
 0.000000000000000000e+00
 0.000000000000000000e+00
 0.000000000000000000e+00
 0.000000000000000000e+00
 0.000000000000000000e+00
 0.000000000000000000e+00
 0.000000000000000000e+00
 0.000000000000000000e+00
 0.000000000000000000e+00
 0.000000000000000000e+00
 0.000000000000000000e+00
 0.000000000000000000e+00
 0.000000000000000000e+00
 0.000000000000000000e+00
 0.000000000000000000e+00
 0.000000000000000000e+00
 0.000000000000000000e+00
 0.000000000000000000e+00
 0.000000000000000000e+00
 0.000000000000000000e+00
 0.000000000000000000e+00
 0.000000000000000000e+00
 0.000000000000000000e+00
 0.000000000000000000e+00
 0.000000000000000000e+00
 0.000000000000000000e+00
 0.000000000000000000e+00
 0.000000000000000000e+00
 0.000000000000000000e+00
 0.000000000000000000e+00
 0.000000000000000000e+00
 0.000000000000000000e+00
 0.000000000000000000e+00
 0.000000000000000000e+00
 0.000000000000000000e+00
 0.000000000000000000e+00
 0.000000000000000000e+00
 0.000000000000000000e+00
 0.000000000000000000e+00
 0.000000000000000000e+00
 0.000000000000000000e+00
 0.000000000000000000e+00
 0.000000000000000000e+00
 0.000000000000000000e+00
 0.000000000000000000e+00
 0.000000000000000000e+00
 0.000000000000000000e+00
 0.000000000000000000e+00
 0.000000000000000000e+00
 0.000000000000000000e+00
 0.000000000000000000e+00
 0.000000000000000000e+00
 0.000000000000000000e+00
 0.000000000000000000e+00
 0.000000000000000000e+00
 0.000000000000000000e+00
 0.000000000000000000e+00
 0.000000000000000000e+00
 0.000000000000000000e+00
 0.000000000000000000e+00
 0.000000000000000000e+00
 0.000000000000000000e+00
 0.000000000000000000e+00
 0.000000000000000000e+00
 0.000000000000000000e+00
 0.000000000000000000e+00
 0.000000000000000000e+00
 0.000000000000000000e+00
 0.000000000000000000e+00
 0.000000000000000000e+00
 0.000000000000000000e+00
 0.000000000000000000e+00
 0.000000000000000000e+00
 0.000000000000000000e+00
 0.000000000000000000e+00
 0.000000000000000000e+00
 0.000000000000000000e+00
 0.000000000000000000e+00
 0.000000000000000000e+00
 0.000000000000000000e+00
 0.000000000000000000e+00
 0.000000000000000000e+00
 0.000000000000000000e+00
 0.000000000000000000e+00
 0.000000000000000000e+00
 0.000000000000000000e+00
 0.000000000000000000e+00
 0.000000000000000000e+00
 0.000000000000000000e+00
 0.000000000000000000e+00
 0.000000000000000000e+00
 0.000000000000000000e+00
 0.000000000000000000e+00
 0.000000000000000000e+00
 0.000000000000000000e+00
 0.000000000000000000e+00
 0.000000000000000000e+00
 0.000000000000000000e+00
 0.000000000000000000e+00
 0.000000000000000000e+00
 0.000000000000000000e+00
 0.000000000000000000e+00
 0.000000000000000000e+00
 0.000000000000000000e+00
 0.000000000000000000e+00
 0.000000000000000000e+00
 0.000000000000000000e+00
 0.000000000000000000e+00
 0.000000000000000000e+00
 0.000000000000000000e+00
 0.000000000000000000e+00
 0.000000000000000000e+00
 0.000000000000000000e+00
 0.000000000000000000e+00
 0.000000000000000000e+00
 0.000000000000000000e+00
 0.000000000000000000e+00
 0.000000000000000000e+00
 0.000000000000000000e+00
 0.000000000000000000e+00
 0.000000000000000000e+00
 0.000000000000000000e+00
 0.000000000000000000e+00
 0.000000000000000000e+00
 0.000000000000000000e+00
 0.000000000000000000e+00
 0.000000000000000000e+00
 0.000000000000000000e+00
 0.000000000000000000e+00
 0.000000000000000000e+00
 0.000000000000000000e+00
 0.000000000000000000e+00
 0.000000000000000000e+00
 0.000000000000000000e+00
 0.000000000000000000e+00
 0.000000000000000000e+00
 0.000000000000000000e+00
 0.000000000000000000e+00
 0.000000000000000000e+00
 0.000000000000000000e+00
 0.000000000000000000e+00
 0.000000000000000000e+00
 0.000000000000000000e+00
 0.000000000000000000e+00
 0.000000000000000000e+00
 0.000000000000000000e+00
 0.000000000000000000e+00
 0.000000000000000000e+00
 0.000000000000000000e+00
 0.000000000000000000e+00
 0.000000000000000000e+00
 0.000000000000000000e+00
 0.000000000000000000e+00
 0.000000000000000000e+00
 0.000000000000000000e+00
 0.000000000000000000e+00
 0.000000000000000000e+00
 0.000000000000000000e+00
 0.000000000000000000e+00
 0.000000000000000000e+00
 0.000000000000000000e+00
 0.000000000000000000e+00
 0.000000000000000000e+00
 0.000000000000000000e+00
 0.000000000000000000e+00
 0.000000000000000000e+00
 0.000000000000000000e+00
 0.000000000000000000e+00
 0.000000000000000000e+00
 0.000000000000000000e+00
 0.000000000000000000e+00
 0.000000000000000000e+00
 0.000000000000000000e+00
 0.000000000000000000e+00
 0.000000000000000000e+00
 0.000000000000000000e+00
 0.000000000000000000e+00
 0.000000000000000000e+00
 0.000000000000000000e+00
 0.000000000000000000e+00
 0.000000000000000000e+00
 0.000000000000000000e+00
 0.000000000000000000e+00
 0.000000000000000000e+00
 0.000000000000000000e+00
 0.000000000000000000e+00
 0.000000000000000000e+00
 0.000000000000000000e+00
 0.000000000000000000e+00
 0.000000000000000000e+00
 0.000000000000000000e+00
 0.000000000000000000e+00
 0.000000000000000000e+00
 0.000000000000000000e+00
 0.000000000000000000e+00
 0.000000000000000000e+00
 0.000000000000000000e+00
 0.000000000000000000e+00
 0.000000000000000000e+00
 0.000000000000000000e+00
 0.000000000000000000e+00
 0.000000000000000000e+00
 0.000000000000000000e+00
 0.000000000000000000e+00
 0.000000000000000000e+00
 0.000000000000000000e+00
 0.000000000000000000e+00
 0.000000000000000000e+00
 0.000000000000000000e+00
 0.000000000000000000e+00
 0.000000000000000000e+00
 0.000000000000000000e+00
 0.000000000000000000e+00
 0.000000000000000000e+00
 0.000000000000000000e+00
 0.000000000000000000e+00
 0.000000000000000000e+00
 0.000000000000000000e+00
 0.000000000000000000e+00
 0.000000000000000000e+00
 0.000000000000000000e+00
 0.000000000000000000e+00
 0.000000000000000000e+00
 0.000000000000000000e+00
 0.000000000000000000e+00
 0.000000000000000000e+00
 0.000000000000000000e+00
 0.000000000000000000e+00
 0.000000000000000000e+00
 0.000000000000000000e+00
 0.000000000000000000e+00
 0.000000000000000000e+00
 0.000000000000000000e+00
 0.000000000000000000e+00
 0.000000000000000000e+00
 0.000000000000000000e+00
 0.000000000000000000e+00
 0.000000000000000000e+00
 0.000000000000000000e+00
 0.000000000000000000e+00
 0.000000000000000000e+00
 0.000000000000000000e+00
 0.000000000000000000e+00
 0.000000000000000000e+00
 0.000000000000000000e+00
 0.000000000000000000e+00
 0.000000000000000000e+00
 0.000000000000000000e+00
 0.000000000000000000e+00
 0.000000000000000000e+00
 0.000000000000000000e+00
 0.000000000000000000e+00
 0.000000000000000000e+00
 0.000000000000000000e+00
 0.000000000000000000e+00
 0.000000000000000000e+00
 0.000000000000000000e+00
 0.000000000000000000e+00
 0.000000000000000000e+00
 0.000000000000000000e+00
 0.000000000000000000e+00
 0.000000000000000000e+00
 0.000000000000000000e+00
 0.000000000000000000e+00
 0.000000000000000000e+00
 0.000000000000000000e+00
 0.000000000000000000e+00
 0.000000000000000000e+00
 0.000000000000000000e+00
 0.000000000000000000e+00
 0.000000000000000000e+00
 0.000000000000000000e+00
 0.000000000000000000e+00
 0.000000000000000000e+00
 0.000000000000000000e+00
 0.000000000000000000e+00
 0.000000000000000000e+00
 0.000000000000000000e+00
 </DataArray>
 <DataArray Name="k_t" type="Float32" NumberOfComponents="1" format="ascii">
 0.000000000000000000e+00
 0.000000000000000000e+00
 0.000000000000000000e+00
 0.000000000000000000e+00
 0.000000000000000000e+00
 0.000000000000000000e+00
 0.000000000000000000e+00
 0.000000000000000000e+00
 0.000000000000000000e+00
 0.000000000000000000e+00
 0.000000000000000000e+00
 0.000000000000000000e+00
 0.000000000000000000e+00
 0.000000000000000000e+00
 0.000000000000000000e+00
 0.000000000000000000e+00
 0.000000000000000000e+00
 0.000000000000000000e+00
 0.000000000000000000e+00
 0.000000000000000000e+00
 0.000000000000000000e+00
 0.000000000000000000e+00
 0.000000000000000000e+00
 0.000000000000000000e+00
 0.000000000000000000e+00
 0.000000000000000000e+00
 0.000000000000000000e+00
 0.000000000000000000e+00
 0.000000000000000000e+00
 0.000000000000000000e+00
 0.000000000000000000e+00
 0.000000000000000000e+00
 0.000000000000000000e+00
 0.000000000000000000e+00
 0.000000000000000000e+00
 0.000000000000000000e+00
 0.000000000000000000e+00
 0.000000000000000000e+00
 0.000000000000000000e+00
 0.000000000000000000e+00
 0.000000000000000000e+00
 0.000000000000000000e+00
 0.000000000000000000e+00
 0.000000000000000000e+00
 0.000000000000000000e+00
 0.000000000000000000e+00
 0.000000000000000000e+00
 0.000000000000000000e+00
 0.000000000000000000e+00
 0.000000000000000000e+00
 0.000000000000000000e+00
 0.000000000000000000e+00
 0.000000000000000000e+00
 0.000000000000000000e+00
 0.000000000000000000e+00
 0.000000000000000000e+00
 0.000000000000000000e+00
 0.000000000000000000e+00
 0.000000000000000000e+00
 0.000000000000000000e+00
 0.000000000000000000e+00
 0.000000000000000000e+00
 0.000000000000000000e+00
 0.000000000000000000e+00
 0.000000000000000000e+00
 0.000000000000000000e+00
 0.000000000000000000e+00
 0.000000000000000000e+00
 0.000000000000000000e+00
 0.000000000000000000e+00
 0.000000000000000000e+00
 0.000000000000000000e+00
 0.000000000000000000e+00
 0.000000000000000000e+00
 0.000000000000000000e+00
 0.000000000000000000e+00
 0.000000000000000000e+00
 0.000000000000000000e+00
 0.000000000000000000e+00
 0.000000000000000000e+00
 0.000000000000000000e+00
 0.000000000000000000e+00
 0.000000000000000000e+00
 0.000000000000000000e+00
 0.000000000000000000e+00
 0.000000000000000000e+00
 0.000000000000000000e+00
 0.000000000000000000e+00
 0.000000000000000000e+00
 0.000000000000000000e+00
 0.000000000000000000e+00
 0.000000000000000000e+00
 0.000000000000000000e+00
 0.000000000000000000e+00
 0.000000000000000000e+00
 0.000000000000000000e+00
 0.000000000000000000e+00
 0.000000000000000000e+00
 0.000000000000000000e+00
 0.000000000000000000e+00
 0.000000000000000000e+00
 0.000000000000000000e+00
 0.000000000000000000e+00
 0.000000000000000000e+00
 0.000000000000000000e+00
 0.000000000000000000e+00
 0.000000000000000000e+00
 0.000000000000000000e+00
 0.000000000000000000e+00
 0.000000000000000000e+00
 0.000000000000000000e+00
 0.000000000000000000e+00
 0.000000000000000000e+00
 0.000000000000000000e+00
 0.000000000000000000e+00
 0.000000000000000000e+00
 0.000000000000000000e+00
 0.000000000000000000e+00
 0.000000000000000000e+00
 0.000000000000000000e+00
 0.000000000000000000e+00
 0.000000000000000000e+00
 0.000000000000000000e+00
 0.000000000000000000e+00
 0.000000000000000000e+00
 0.000000000000000000e+00
 0.000000000000000000e+00
 0.000000000000000000e+00
 0.000000000000000000e+00
 0.000000000000000000e+00
 0.000000000000000000e+00
 0.000000000000000000e+00
 0.000000000000000000e+00
 0.000000000000000000e+00
 0.000000000000000000e+00
 0.000000000000000000e+00
 0.000000000000000000e+00
 0.000000000000000000e+00
 0.000000000000000000e+00
 0.000000000000000000e+00
 0.000000000000000000e+00
 0.000000000000000000e+00
 0.000000000000000000e+00
 0.000000000000000000e+00
 0.000000000000000000e+00
 0.000000000000000000e+00
 0.000000000000000000e+00
 0.000000000000000000e+00
 0.000000000000000000e+00
 0.000000000000000000e+00
 0.000000000000000000e+00
 0.000000000000000000e+00
 0.000000000000000000e+00
 0.000000000000000000e+00
 0.000000000000000000e+00
 0.000000000000000000e+00
 0.000000000000000000e+00
 0.000000000000000000e+00
 0.000000000000000000e+00
 0.000000000000000000e+00
 0.000000000000000000e+00
 0.000000000000000000e+00
 0.000000000000000000e+00
 0.000000000000000000e+00
 0.000000000000000000e+00
 0.000000000000000000e+00
 0.000000000000000000e+00
 0.000000000000000000e+00
 0.000000000000000000e+00
 0.000000000000000000e+00
 0.000000000000000000e+00
 0.000000000000000000e+00
 0.000000000000000000e+00
 0.000000000000000000e+00
 0.000000000000000000e+00
 0.000000000000000000e+00
 0.000000000000000000e+00
 0.000000000000000000e+00
 0.000000000000000000e+00
 0.000000000000000000e+00
 0.000000000000000000e+00
 0.000000000000000000e+00
 0.000000000000000000e+00
 0.000000000000000000e+00
 0.000000000000000000e+00
 0.000000000000000000e+00
 0.000000000000000000e+00
 0.000000000000000000e+00
 0.000000000000000000e+00
 0.000000000000000000e+00
 0.000000000000000000e+00
 0.000000000000000000e+00
 0.000000000000000000e+00
 0.000000000000000000e+00
 0.000000000000000000e+00
 0.000000000000000000e+00
 0.000000000000000000e+00
 0.000000000000000000e+00
 0.000000000000000000e+00
 0.000000000000000000e+00
 0.000000000000000000e+00
 0.000000000000000000e+00
 0.000000000000000000e+00
 0.000000000000000000e+00
 0.000000000000000000e+00
 0.000000000000000000e+00
 0.000000000000000000e+00
 0.000000000000000000e+00
 0.000000000000000000e+00
 0.000000000000000000e+00
 0.000000000000000000e+00
 0.000000000000000000e+00
 0.000000000000000000e+00
 0.000000000000000000e+00
 0.000000000000000000e+00
 0.000000000000000000e+00
 0.000000000000000000e+00
 0.000000000000000000e+00
 0.000000000000000000e+00
 0.000000000000000000e+00
 0.000000000000000000e+00
 0.000000000000000000e+00
 0.000000000000000000e+00
 0.000000000000000000e+00
 0.000000000000000000e+00
 0.000000000000000000e+00
 0.000000000000000000e+00
 0.000000000000000000e+00
 0.000000000000000000e+00
 0.000000000000000000e+00
 0.000000000000000000e+00
 0.000000000000000000e+00
 0.000000000000000000e+00
 0.000000000000000000e+00
 0.000000000000000000e+00
 0.000000000000000000e+00
 0.000000000000000000e+00
 0.000000000000000000e+00
 0.000000000000000000e+00
 0.000000000000000000e+00
 0.000000000000000000e+00
 0.000000000000000000e+00
 0.000000000000000000e+00
 0.000000000000000000e+00
 0.000000000000000000e+00
 0.000000000000000000e+00
 0.000000000000000000e+00
 0.000000000000000000e+00
 0.000000000000000000e+00
 0.000000000000000000e+00
 0.000000000000000000e+00
 0.000000000000000000e+00
 0.000000000000000000e+00
 0.000000000000000000e+00
 0.000000000000000000e+00
 0.000000000000000000e+00
 0.000000000000000000e+00
 0.000000000000000000e+00
 0.000000000000000000e+00
 0.000000000000000000e+00
 0.000000000000000000e+00
 0.000000000000000000e+00
 0.000000000000000000e+00
 0.000000000000000000e+00
 0.000000000000000000e+00
 0.000000000000000000e+00
 0.000000000000000000e+00
 0.000000000000000000e+00
 0.000000000000000000e+00
 0.000000000000000000e+00
 0.000000000000000000e+00
 0.000000000000000000e+00
 0.000000000000000000e+00
 0.000000000000000000e+00
 0.000000000000000000e+00
 0.000000000000000000e+00
 0.000000000000000000e+00
 0.000000000000000000e+00
 0.000000000000000000e+00
 0.000000000000000000e+00
 0.000000000000000000e+00
 0.000000000000000000e+00
 0.000000000000000000e+00
 0.000000000000000000e+00
 0.000000000000000000e+00
 0.000000000000000000e+00
 0.000000000000000000e+00
 0.000000000000000000e+00
 0.000000000000000000e+00
 0.000000000000000000e+00
 0.000000000000000000e+00
 0.000000000000000000e+00
 0.000000000000000000e+00
 0.000000000000000000e+00
 0.000000000000000000e+00
 0.000000000000000000e+00
 0.000000000000000000e+00
 0.000000000000000000e+00
 0.000000000000000000e+00
 0.000000000000000000e+00
 0.000000000000000000e+00
 0.000000000000000000e+00
 0.000000000000000000e+00
 0.000000000000000000e+00
 0.000000000000000000e+00
 0.000000000000000000e+00
 0.000000000000000000e+00
 0.000000000000000000e+00
 0.000000000000000000e+00
 0.000000000000000000e+00
 0.000000000000000000e+00
 0.000000000000000000e+00
 0.000000000000000000e+00
 0.000000000000000000e+00
 0.000000000000000000e+00
 0.000000000000000000e+00
 0.000000000000000000e+00
 0.000000000000000000e+00
 0.000000000000000000e+00
 0.000000000000000000e+00
 0.000000000000000000e+00
 0.000000000000000000e+00
 0.000000000000000000e+00
 0.000000000000000000e+00
 0.000000000000000000e+00
 0.000000000000000000e+00
 0.000000000000000000e+00
 0.000000000000000000e+00
 0.000000000000000000e+00
 0.000000000000000000e+00
 0.000000000000000000e+00
 0.000000000000000000e+00
 0.000000000000000000e+00
 0.000000000000000000e+00
 0.000000000000000000e+00
 0.000000000000000000e+00
 0.000000000000000000e+00
 0.000000000000000000e+00
 0.000000000000000000e+00
 0.000000000000000000e+00
 0.000000000000000000e+00
 0.000000000000000000e+00
 0.000000000000000000e+00
 0.000000000000000000e+00
 0.000000000000000000e+00
 0.000000000000000000e+00
 0.000000000000000000e+00
 0.000000000000000000e+00
 0.000000000000000000e+00
 0.000000000000000000e+00
 0.000000000000000000e+00
 0.000000000000000000e+00
 0.000000000000000000e+00
 0.000000000000000000e+00
 0.000000000000000000e+00
 0.000000000000000000e+00
 0.000000000000000000e+00
 0.000000000000000000e+00
 0.000000000000000000e+00
 0.000000000000000000e+00
 0.000000000000000000e+00
 0.000000000000000000e+00
 0.000000000000000000e+00
 0.000000000000000000e+00
 0.000000000000000000e+00
 0.000000000000000000e+00
 0.000000000000000000e+00
 0.000000000000000000e+00
 0.000000000000000000e+00
 0.000000000000000000e+00
 0.000000000000000000e+00
 0.000000000000000000e+00
 0.000000000000000000e+00
 0.000000000000000000e+00
 0.000000000000000000e+00
 0.000000000000000000e+00
 0.000000000000000000e+00
 0.000000000000000000e+00
 0.000000000000000000e+00
 0.000000000000000000e+00
 0.000000000000000000e+00
 0.000000000000000000e+00
 0.000000000000000000e+00
 0.000000000000000000e+00
 0.000000000000000000e+00
 0.000000000000000000e+00
 0.000000000000000000e+00
 0.000000000000000000e+00
 0.000000000000000000e+00
 0.000000000000000000e+00
 0.000000000000000000e+00
 0.000000000000000000e+00
 0.000000000000000000e+00
 0.000000000000000000e+00
 0.000000000000000000e+00
 0.000000000000000000e+00
 0.000000000000000000e+00
 0.000000000000000000e+00
 0.000000000000000000e+00
 0.000000000000000000e+00
 0.000000000000000000e+00
 0.000000000000000000e+00
 0.000000000000000000e+00
 0.000000000000000000e+00
 0.000000000000000000e+00
 0.000000000000000000e+00
 0.000000000000000000e+00
 0.000000000000000000e+00
 0.000000000000000000e+00
 0.000000000000000000e+00
 0.000000000000000000e+00
 0.000000000000000000e+00
 0.000000000000000000e+00
 0.000000000000000000e+00
 0.000000000000000000e+00
 0.000000000000000000e+00
 0.000000000000000000e+00
 0.000000000000000000e+00
 0.000000000000000000e+00
 0.000000000000000000e+00
 0.000000000000000000e+00
 0.000000000000000000e+00
 0.000000000000000000e+00
 0.000000000000000000e+00
 0.000000000000000000e+00
 0.000000000000000000e+00
 0.000000000000000000e+00
 0.000000000000000000e+00
 0.000000000000000000e+00
 0.000000000000000000e+00
 0.000000000000000000e+00
 0.000000000000000000e+00
 0.000000000000000000e+00
 0.000000000000000000e+00
 0.000000000000000000e+00
 0.000000000000000000e+00
 0.000000000000000000e+00
 0.000000000000000000e+00
 0.000000000000000000e+00
 0.000000000000000000e+00
 0.000000000000000000e+00
 0.000000000000000000e+00
 0.000000000000000000e+00
 0.000000000000000000e+00
 0.000000000000000000e+00
 0.000000000000000000e+00
 0.000000000000000000e+00
 0.000000000000000000e+00
 0.000000000000000000e+00
 0.000000000000000000e+00
 0.000000000000000000e+00
 0.000000000000000000e+00
 0.000000000000000000e+00
 0.000000000000000000e+00
 0.000000000000000000e+00
 0.000000000000000000e+00
 0.000000000000000000e+00
 0.000000000000000000e+00
 0.000000000000000000e+00
 0.000000000000000000e+00
 0.000000000000000000e+00
 0.000000000000000000e+00
 0.000000000000000000e+00
 0.000000000000000000e+00
 0.000000000000000000e+00
 0.000000000000000000e+00
 0.000000000000000000e+00
 0.000000000000000000e+00
 0.000000000000000000e+00
 0.000000000000000000e+00
 0.000000000000000000e+00
 0.000000000000000000e+00
 0.000000000000000000e+00
 0.000000000000000000e+00
 0.000000000000000000e+00
 0.000000000000000000e+00
 0.000000000000000000e+00
 0.000000000000000000e+00
 0.000000000000000000e+00
 0.000000000000000000e+00
 0.000000000000000000e+00
 0.000000000000000000e+00
 0.000000000000000000e+00
 0.000000000000000000e+00
 0.000000000000000000e+00
 0.000000000000000000e+00
 0.000000000000000000e+00
 0.000000000000000000e+00
 0.000000000000000000e+00
 0.000000000000000000e+00
 0.000000000000000000e+00
 0.000000000000000000e+00
 0.000000000000000000e+00
 0.000000000000000000e+00
 0.000000000000000000e+00
 0.000000000000000000e+00
 0.000000000000000000e+00
 0.000000000000000000e+00
 0.000000000000000000e+00
 0.000000000000000000e+00
 </DataArray>
 <DataArray Name="S" type="Float32" NumberOfComponents="1" format="ascii">
 0.000000000000000000e+00
 0.000000000000000000e+00
 0.000000000000000000e+00
 0.000000000000000000e+00
 0.000000000000000000e+00
 0.000000000000000000e+00
 0.000000000000000000e+00
 0.000000000000000000e+00
 0.000000000000000000e+00
 0.000000000000000000e+00
 0.000000000000000000e+00
 0.000000000000000000e+00
 0.000000000000000000e+00
 0.000000000000000000e+00
 0.000000000000000000e+00
 0.000000000000000000e+00
 0.000000000000000000e+00
 0.000000000000000000e+00
 0.000000000000000000e+00
 0.000000000000000000e+00
 0.000000000000000000e+00
 0.000000000000000000e+00
 0.000000000000000000e+00
 0.000000000000000000e+00
 0.000000000000000000e+00
 0.000000000000000000e+00
 0.000000000000000000e+00
 0.000000000000000000e+00
 0.000000000000000000e+00
 0.000000000000000000e+00
 0.000000000000000000e+00
 0.000000000000000000e+00
 0.000000000000000000e+00
 0.000000000000000000e+00
 0.000000000000000000e+00
 0.000000000000000000e+00
 0.000000000000000000e+00
 0.000000000000000000e+00
 0.000000000000000000e+00
 0.000000000000000000e+00
 0.000000000000000000e+00
 0.000000000000000000e+00
 0.000000000000000000e+00
 0.000000000000000000e+00
 0.000000000000000000e+00
 0.000000000000000000e+00
 0.000000000000000000e+00
 0.000000000000000000e+00
 0.000000000000000000e+00
 0.000000000000000000e+00
 0.000000000000000000e+00
 0.000000000000000000e+00
 0.000000000000000000e+00
 0.000000000000000000e+00
 0.000000000000000000e+00
 0.000000000000000000e+00
 0.000000000000000000e+00
 0.000000000000000000e+00
 0.000000000000000000e+00
 0.000000000000000000e+00
 0.000000000000000000e+00
 0.000000000000000000e+00
 0.000000000000000000e+00
 0.000000000000000000e+00
 0.000000000000000000e+00
 0.000000000000000000e+00
 0.000000000000000000e+00
 0.000000000000000000e+00
 0.000000000000000000e+00
 0.000000000000000000e+00
 0.000000000000000000e+00
 0.000000000000000000e+00
 0.000000000000000000e+00
 0.000000000000000000e+00
 0.000000000000000000e+00
 0.000000000000000000e+00
 0.000000000000000000e+00
 0.000000000000000000e+00
 0.000000000000000000e+00
 0.000000000000000000e+00
 0.000000000000000000e+00
 0.000000000000000000e+00
 0.000000000000000000e+00
 0.000000000000000000e+00
 0.000000000000000000e+00
 0.000000000000000000e+00
 0.000000000000000000e+00
 0.000000000000000000e+00
 0.000000000000000000e+00
 0.000000000000000000e+00
 0.000000000000000000e+00
 0.000000000000000000e+00
 0.000000000000000000e+00
 0.000000000000000000e+00
 0.000000000000000000e+00
 0.000000000000000000e+00
 0.000000000000000000e+00
 0.000000000000000000e+00
 0.000000000000000000e+00
 0.000000000000000000e+00
 0.000000000000000000e+00
 0.000000000000000000e+00
 0.000000000000000000e+00
 0.000000000000000000e+00
 0.000000000000000000e+00
 0.000000000000000000e+00
 0.000000000000000000e+00
 0.000000000000000000e+00
 0.000000000000000000e+00
 0.000000000000000000e+00
 0.000000000000000000e+00
 0.000000000000000000e+00
 0.000000000000000000e+00
 0.000000000000000000e+00
 0.000000000000000000e+00
 0.000000000000000000e+00
 0.000000000000000000e+00
 0.000000000000000000e+00
 0.000000000000000000e+00
 0.000000000000000000e+00
 0.000000000000000000e+00
 0.000000000000000000e+00
 0.000000000000000000e+00
 0.000000000000000000e+00
 0.000000000000000000e+00
 0.000000000000000000e+00
 0.000000000000000000e+00
 0.000000000000000000e+00
 0.000000000000000000e+00
 0.000000000000000000e+00
 0.000000000000000000e+00
 0.000000000000000000e+00
 0.000000000000000000e+00
 0.000000000000000000e+00
 0.000000000000000000e+00
 0.000000000000000000e+00
 0.000000000000000000e+00
 0.000000000000000000e+00
 0.000000000000000000e+00
 0.000000000000000000e+00
 0.000000000000000000e+00
 0.000000000000000000e+00
 0.000000000000000000e+00
 0.000000000000000000e+00
 0.000000000000000000e+00
 0.000000000000000000e+00
 0.000000000000000000e+00
 0.000000000000000000e+00
 0.000000000000000000e+00
 0.000000000000000000e+00
 0.000000000000000000e+00
 0.000000000000000000e+00
 0.000000000000000000e+00
 0.000000000000000000e+00
 0.000000000000000000e+00
 0.000000000000000000e+00
 0.000000000000000000e+00
 0.000000000000000000e+00
 0.000000000000000000e+00
 0.000000000000000000e+00
 0.000000000000000000e+00
 0.000000000000000000e+00
 0.000000000000000000e+00
 0.000000000000000000e+00
 0.000000000000000000e+00
 0.000000000000000000e+00
 0.000000000000000000e+00
 0.000000000000000000e+00
 0.000000000000000000e+00
 0.000000000000000000e+00
 0.000000000000000000e+00
 0.000000000000000000e+00
 0.000000000000000000e+00
 0.000000000000000000e+00
 0.000000000000000000e+00
 0.000000000000000000e+00
 0.000000000000000000e+00
 0.000000000000000000e+00
 0.000000000000000000e+00
 0.000000000000000000e+00
 0.000000000000000000e+00
 0.000000000000000000e+00
 0.000000000000000000e+00
 0.000000000000000000e+00
 0.000000000000000000e+00
 0.000000000000000000e+00
 0.000000000000000000e+00
 0.000000000000000000e+00
 0.000000000000000000e+00
 0.000000000000000000e+00
 0.000000000000000000e+00
 0.000000000000000000e+00
 0.000000000000000000e+00
 0.000000000000000000e+00
 0.000000000000000000e+00
 0.000000000000000000e+00
 0.000000000000000000e+00
 0.000000000000000000e+00
 0.000000000000000000e+00
 0.000000000000000000e+00
 0.000000000000000000e+00
 0.000000000000000000e+00
 0.000000000000000000e+00
 0.000000000000000000e+00
 0.000000000000000000e+00
 0.000000000000000000e+00
 0.000000000000000000e+00
 0.000000000000000000e+00
 0.000000000000000000e+00
 0.000000000000000000e+00
 0.000000000000000000e+00
 0.000000000000000000e+00
 0.000000000000000000e+00
 0.000000000000000000e+00
 0.000000000000000000e+00
 0.000000000000000000e+00
 0.000000000000000000e+00
 0.000000000000000000e+00
 0.000000000000000000e+00
 0.000000000000000000e+00
 0.000000000000000000e+00
 0.000000000000000000e+00
 0.000000000000000000e+00
 0.000000000000000000e+00
 0.000000000000000000e+00
 0.000000000000000000e+00
 0.000000000000000000e+00
 0.000000000000000000e+00
 0.000000000000000000e+00
 0.000000000000000000e+00
 0.000000000000000000e+00
 0.000000000000000000e+00
 0.000000000000000000e+00
 0.000000000000000000e+00
 0.000000000000000000e+00
 0.000000000000000000e+00
 0.000000000000000000e+00
 0.000000000000000000e+00
 0.000000000000000000e+00
 0.000000000000000000e+00
 0.000000000000000000e+00
 0.000000000000000000e+00
 0.000000000000000000e+00
 0.000000000000000000e+00
 0.000000000000000000e+00
 0.000000000000000000e+00
 0.000000000000000000e+00
 0.000000000000000000e+00
 0.000000000000000000e+00
 0.000000000000000000e+00
 0.000000000000000000e+00
 0.000000000000000000e+00
 0.000000000000000000e+00
 0.000000000000000000e+00
 0.000000000000000000e+00
 0.000000000000000000e+00
 0.000000000000000000e+00
 0.000000000000000000e+00
 0.000000000000000000e+00
 0.000000000000000000e+00
 0.000000000000000000e+00
 0.000000000000000000e+00
 0.000000000000000000e+00
 0.000000000000000000e+00
 0.000000000000000000e+00
 0.000000000000000000e+00
 0.000000000000000000e+00
 0.000000000000000000e+00
 0.000000000000000000e+00
 0.000000000000000000e+00
 0.000000000000000000e+00
 0.000000000000000000e+00
 0.000000000000000000e+00
 0.000000000000000000e+00
 0.000000000000000000e+00
 0.000000000000000000e+00
 0.000000000000000000e+00
 0.000000000000000000e+00
 0.000000000000000000e+00
 0.000000000000000000e+00
 0.000000000000000000e+00
 0.000000000000000000e+00
 0.000000000000000000e+00
 0.000000000000000000e+00
 0.000000000000000000e+00
 0.000000000000000000e+00
 0.000000000000000000e+00
 0.000000000000000000e+00
 0.000000000000000000e+00
 0.000000000000000000e+00
 0.000000000000000000e+00
 0.000000000000000000e+00
 0.000000000000000000e+00
 0.000000000000000000e+00
 0.000000000000000000e+00
 0.000000000000000000e+00
 0.000000000000000000e+00
 0.000000000000000000e+00
 0.000000000000000000e+00
 0.000000000000000000e+00
 0.000000000000000000e+00
 0.000000000000000000e+00
 0.000000000000000000e+00
 0.000000000000000000e+00
 0.000000000000000000e+00
 0.000000000000000000e+00
 0.000000000000000000e+00
 0.000000000000000000e+00
 0.000000000000000000e+00
 0.000000000000000000e+00
 0.000000000000000000e+00
 0.000000000000000000e+00
 0.000000000000000000e+00
 0.000000000000000000e+00
 0.000000000000000000e+00
 0.000000000000000000e+00
 0.000000000000000000e+00
 0.000000000000000000e+00
 0.000000000000000000e+00
 0.000000000000000000e+00
 0.000000000000000000e+00
 0.000000000000000000e+00
 0.000000000000000000e+00
 0.000000000000000000e+00
 0.000000000000000000e+00
 0.000000000000000000e+00
 0.000000000000000000e+00
 0.000000000000000000e+00
 0.000000000000000000e+00
 0.000000000000000000e+00
 0.000000000000000000e+00
 0.000000000000000000e+00
 0.000000000000000000e+00
 0.000000000000000000e+00
 0.000000000000000000e+00
 0.000000000000000000e+00
 0.000000000000000000e+00
 0.000000000000000000e+00
 0.000000000000000000e+00
 0.000000000000000000e+00
 0.000000000000000000e+00
 0.000000000000000000e+00
 0.000000000000000000e+00
 0.000000000000000000e+00
 0.000000000000000000e+00
 0.000000000000000000e+00
 0.000000000000000000e+00
 0.000000000000000000e+00
 0.000000000000000000e+00
 0.000000000000000000e+00
 0.000000000000000000e+00
 0.000000000000000000e+00
 0.000000000000000000e+00
 0.000000000000000000e+00
 0.000000000000000000e+00
 0.000000000000000000e+00
 0.000000000000000000e+00
 0.000000000000000000e+00
 0.000000000000000000e+00
 0.000000000000000000e+00
 0.000000000000000000e+00
 0.000000000000000000e+00
 0.000000000000000000e+00
 0.000000000000000000e+00
 0.000000000000000000e+00
 0.000000000000000000e+00
 0.000000000000000000e+00
 0.000000000000000000e+00
 0.000000000000000000e+00
 0.000000000000000000e+00
 0.000000000000000000e+00
 0.000000000000000000e+00
 0.000000000000000000e+00
 0.000000000000000000e+00
 0.000000000000000000e+00
 0.000000000000000000e+00
 0.000000000000000000e+00
 0.000000000000000000e+00
 0.000000000000000000e+00
 0.000000000000000000e+00
 0.000000000000000000e+00
 0.000000000000000000e+00
 0.000000000000000000e+00
 0.000000000000000000e+00
 0.000000000000000000e+00
 0.000000000000000000e+00
 0.000000000000000000e+00
 0.000000000000000000e+00
 0.000000000000000000e+00
 0.000000000000000000e+00
 0.000000000000000000e+00
 0.000000000000000000e+00
 0.000000000000000000e+00
 0.000000000000000000e+00
 0.000000000000000000e+00
 0.000000000000000000e+00
 0.000000000000000000e+00
 0.000000000000000000e+00
 0.000000000000000000e+00
 0.000000000000000000e+00
 0.000000000000000000e+00
 0.000000000000000000e+00
 0.000000000000000000e+00
 0.000000000000000000e+00
 0.000000000000000000e+00
 0.000000000000000000e+00
 0.000000000000000000e+00
 0.000000000000000000e+00
 0.000000000000000000e+00
 0.000000000000000000e+00
 0.000000000000000000e+00
 0.000000000000000000e+00
 0.000000000000000000e+00
 0.000000000000000000e+00
 0.000000000000000000e+00
 0.000000000000000000e+00
 0.000000000000000000e+00
 0.000000000000000000e+00
 0.000000000000000000e+00
 0.000000000000000000e+00
 0.000000000000000000e+00
 0.000000000000000000e+00
 0.000000000000000000e+00
 0.000000000000000000e+00
 0.000000000000000000e+00
 0.000000000000000000e+00
 0.000000000000000000e+00
 0.000000000000000000e+00
 0.000000000000000000e+00
 0.000000000000000000e+00
 0.000000000000000000e+00
 0.000000000000000000e+00
 0.000000000000000000e+00
 0.000000000000000000e+00
 0.000000000000000000e+00
 0.000000000000000000e+00
 0.000000000000000000e+00
 0.000000000000000000e+00
 0.000000000000000000e+00
 0.000000000000000000e+00
 0.000000000000000000e+00
 0.000000000000000000e+00
 0.000000000000000000e+00
 0.000000000000000000e+00
 0.000000000000000000e+00
 0.000000000000000000e+00
 0.000000000000000000e+00
 0.000000000000000000e+00
 0.000000000000000000e+00
 0.000000000000000000e+00
 0.000000000000000000e+00
 0.000000000000000000e+00
 0.000000000000000000e+00
 0.000000000000000000e+00
 0.000000000000000000e+00
 0.000000000000000000e+00
 0.000000000000000000e+00
 0.000000000000000000e+00
 0.000000000000000000e+00
 0.000000000000000000e+00
 0.000000000000000000e+00
 0.000000000000000000e+00
 0.000000000000000000e+00
 0.000000000000000000e+00
 0.000000000000000000e+00
 0.000000000000000000e+00
 0.000000000000000000e+00
 0.000000000000000000e+00
 0.000000000000000000e+00
 0.000000000000000000e+00
 0.000000000000000000e+00
 0.000000000000000000e+00
 0.000000000000000000e+00
 0.000000000000000000e+00
 0.000000000000000000e+00
 0.000000000000000000e+00
 0.000000000000000000e+00
 0.000000000000000000e+00
 0.000000000000000000e+00
 0.000000000000000000e+00
 0.000000000000000000e+00
 0.000000000000000000e+00
 0.000000000000000000e+00
 0.000000000000000000e+00
 0.000000000000000000e+00
 0.000000000000000000e+00
 0.000000000000000000e+00
 0.000000000000000000e+00
 0.000000000000000000e+00
 0.000000000000000000e+00
 0.000000000000000000e+00
 0.000000000000000000e+00
 0.000000000000000000e+00
 0.000000000000000000e+00
 0.000000000000000000e+00
 0.000000000000000000e+00
 0.000000000000000000e+00
 0.000000000000000000e+00
 0.000000000000000000e+00
 0.000000000000000000e+00
 </DataArray>
 <DataArray Name="massf[0]-He" type="Float32" NumberOfComponents="1" format="ascii">
 0.000000000000000000e+00
 0.000000000000000000e+00
 0.000000000000000000e+00
 0.000000000000000000e+00
 0.000000000000000000e+00
 0.000000000000000000e+00
 0.000000000000000000e+00
 0.000000000000000000e+00
 0.000000000000000000e+00
 0.000000000000000000e+00
 0.000000000000000000e+00
 0.000000000000000000e+00
 0.000000000000000000e+00
 0.000000000000000000e+00
 0.000000000000000000e+00
 0.000000000000000000e+00
 0.000000000000000000e+00
 0.000000000000000000e+00
 0.000000000000000000e+00
 0.000000000000000000e+00
 0.000000000000000000e+00
 0.000000000000000000e+00
 0.000000000000000000e+00
 0.000000000000000000e+00
 0.000000000000000000e+00
 0.000000000000000000e+00
 0.000000000000000000e+00
 0.000000000000000000e+00
 0.000000000000000000e+00
 0.000000000000000000e+00
 0.000000000000000000e+00
 0.000000000000000000e+00
 0.000000000000000000e+00
 0.000000000000000000e+00
 0.000000000000000000e+00
 0.000000000000000000e+00
 0.000000000000000000e+00
 0.000000000000000000e+00
 0.000000000000000000e+00
 0.000000000000000000e+00
 0.000000000000000000e+00
 0.000000000000000000e+00
 0.000000000000000000e+00
 0.000000000000000000e+00
 0.000000000000000000e+00
 0.000000000000000000e+00
 0.000000000000000000e+00
 0.000000000000000000e+00
 0.000000000000000000e+00
 0.000000000000000000e+00
 0.000000000000000000e+00
 0.000000000000000000e+00
 0.000000000000000000e+00
 0.000000000000000000e+00
 0.000000000000000000e+00
 0.000000000000000000e+00
 0.000000000000000000e+00
 0.000000000000000000e+00
 0.000000000000000000e+00
 0.000000000000000000e+00
 0.000000000000000000e+00
 0.000000000000000000e+00
 0.000000000000000000e+00
 0.000000000000000000e+00
 0.000000000000000000e+00
 0.000000000000000000e+00
 0.000000000000000000e+00
 0.000000000000000000e+00
 0.000000000000000000e+00
 0.000000000000000000e+00
 0.000000000000000000e+00
 0.000000000000000000e+00
 0.000000000000000000e+00
 0.000000000000000000e+00
 0.000000000000000000e+00
 0.000000000000000000e+00
 0.000000000000000000e+00
 0.000000000000000000e+00
 0.000000000000000000e+00
 0.000000000000000000e+00
 0.000000000000000000e+00
 0.000000000000000000e+00
 0.000000000000000000e+00
 0.000000000000000000e+00
 0.000000000000000000e+00
 0.000000000000000000e+00
 0.000000000000000000e+00
 0.000000000000000000e+00
 0.000000000000000000e+00
 0.000000000000000000e+00
 0.000000000000000000e+00
 0.000000000000000000e+00
 0.000000000000000000e+00
 0.000000000000000000e+00
 0.000000000000000000e+00
 0.000000000000000000e+00
 0.000000000000000000e+00
 0.000000000000000000e+00
 0.000000000000000000e+00
 0.000000000000000000e+00
 0.000000000000000000e+00
 0.000000000000000000e+00
 0.000000000000000000e+00
 0.000000000000000000e+00
 0.000000000000000000e+00
 0.000000000000000000e+00
 0.000000000000000000e+00
 0.000000000000000000e+00
 0.000000000000000000e+00
 0.000000000000000000e+00
 0.000000000000000000e+00
 0.000000000000000000e+00
 0.000000000000000000e+00
 0.000000000000000000e+00
 0.000000000000000000e+00
 0.000000000000000000e+00
 0.000000000000000000e+00
 0.000000000000000000e+00
 0.000000000000000000e+00
 0.000000000000000000e+00
 0.000000000000000000e+00
 0.000000000000000000e+00
 0.000000000000000000e+00
 0.000000000000000000e+00
 0.000000000000000000e+00
 0.000000000000000000e+00
 0.000000000000000000e+00
 0.000000000000000000e+00
 0.000000000000000000e+00
 0.000000000000000000e+00
 0.000000000000000000e+00
 0.000000000000000000e+00
 0.000000000000000000e+00
 0.000000000000000000e+00
 0.000000000000000000e+00
 0.000000000000000000e+00
 0.000000000000000000e+00
 0.000000000000000000e+00
 0.000000000000000000e+00
 0.000000000000000000e+00
 0.000000000000000000e+00
 0.000000000000000000e+00
 0.000000000000000000e+00
 0.000000000000000000e+00
 0.000000000000000000e+00
 0.000000000000000000e+00
 0.000000000000000000e+00
 0.000000000000000000e+00
 0.000000000000000000e+00
 0.000000000000000000e+00
 0.000000000000000000e+00
 0.000000000000000000e+00
 0.000000000000000000e+00
 0.000000000000000000e+00
 0.000000000000000000e+00
 0.000000000000000000e+00
 0.000000000000000000e+00
 0.000000000000000000e+00
 0.000000000000000000e+00
 0.000000000000000000e+00
 0.000000000000000000e+00
 0.000000000000000000e+00
 0.000000000000000000e+00
 0.000000000000000000e+00
 0.000000000000000000e+00
 0.000000000000000000e+00
 0.000000000000000000e+00
 0.000000000000000000e+00
 0.000000000000000000e+00
 0.000000000000000000e+00
 0.000000000000000000e+00
 0.000000000000000000e+00
 0.000000000000000000e+00
 0.000000000000000000e+00
 0.000000000000000000e+00
 0.000000000000000000e+00
 0.000000000000000000e+00
 0.000000000000000000e+00
 0.000000000000000000e+00
 0.000000000000000000e+00
 0.000000000000000000e+00
 0.000000000000000000e+00
 0.000000000000000000e+00
 0.000000000000000000e+00
 0.000000000000000000e+00
 0.000000000000000000e+00
 0.000000000000000000e+00
 0.000000000000000000e+00
 0.000000000000000000e+00
 0.000000000000000000e+00
 0.000000000000000000e+00
 0.000000000000000000e+00
 0.000000000000000000e+00
 0.000000000000000000e+00
 0.000000000000000000e+00
 0.000000000000000000e+00
 0.000000000000000000e+00
 0.000000000000000000e+00
 0.000000000000000000e+00
 0.000000000000000000e+00
 0.000000000000000000e+00
 0.000000000000000000e+00
 0.000000000000000000e+00
 0.000000000000000000e+00
 0.000000000000000000e+00
 0.000000000000000000e+00
 0.000000000000000000e+00
 0.000000000000000000e+00
 0.000000000000000000e+00
 0.000000000000000000e+00
 0.000000000000000000e+00
 0.000000000000000000e+00
 0.000000000000000000e+00
 0.000000000000000000e+00
 0.000000000000000000e+00
 0.000000000000000000e+00
 0.000000000000000000e+00
 0.000000000000000000e+00
 0.000000000000000000e+00
 0.000000000000000000e+00
 0.000000000000000000e+00
 0.000000000000000000e+00
 0.000000000000000000e+00
 0.000000000000000000e+00
 0.000000000000000000e+00
 0.000000000000000000e+00
 0.000000000000000000e+00
 0.000000000000000000e+00
 0.000000000000000000e+00
 0.000000000000000000e+00
 0.000000000000000000e+00
 0.000000000000000000e+00
 0.000000000000000000e+00
 0.000000000000000000e+00
 0.000000000000000000e+00
 0.000000000000000000e+00
 0.000000000000000000e+00
 0.000000000000000000e+00
 0.000000000000000000e+00
 0.000000000000000000e+00
 0.000000000000000000e+00
 0.000000000000000000e+00
 0.000000000000000000e+00
 0.000000000000000000e+00
 0.000000000000000000e+00
 0.000000000000000000e+00
 0.000000000000000000e+00
 0.000000000000000000e+00
 0.000000000000000000e+00
 0.000000000000000000e+00
 0.000000000000000000e+00
 0.000000000000000000e+00
 0.000000000000000000e+00
 0.000000000000000000e+00
 0.000000000000000000e+00
 0.000000000000000000e+00
 0.000000000000000000e+00
 0.000000000000000000e+00
 0.000000000000000000e+00
 0.000000000000000000e+00
 0.000000000000000000e+00
 0.000000000000000000e+00
 0.000000000000000000e+00
 0.000000000000000000e+00
 0.000000000000000000e+00
 0.000000000000000000e+00
 0.000000000000000000e+00
 0.000000000000000000e+00
 0.000000000000000000e+00
 0.000000000000000000e+00
 0.000000000000000000e+00
 0.000000000000000000e+00
 0.000000000000000000e+00
 0.000000000000000000e+00
 0.000000000000000000e+00
 0.000000000000000000e+00
 0.000000000000000000e+00
 0.000000000000000000e+00
 0.000000000000000000e+00
 0.000000000000000000e+00
 0.000000000000000000e+00
 0.000000000000000000e+00
 0.000000000000000000e+00
 0.000000000000000000e+00
 0.000000000000000000e+00
 0.000000000000000000e+00
 0.000000000000000000e+00
 0.000000000000000000e+00
 0.000000000000000000e+00
 0.000000000000000000e+00
 0.000000000000000000e+00
 0.000000000000000000e+00
 0.000000000000000000e+00
 0.000000000000000000e+00
 0.000000000000000000e+00
 0.000000000000000000e+00
 0.000000000000000000e+00
 0.000000000000000000e+00
 0.000000000000000000e+00
 0.000000000000000000e+00
 0.000000000000000000e+00
 0.000000000000000000e+00
 0.000000000000000000e+00
 0.000000000000000000e+00
 0.000000000000000000e+00
 0.000000000000000000e+00
 0.000000000000000000e+00
 0.000000000000000000e+00
 0.000000000000000000e+00
 0.000000000000000000e+00
 0.000000000000000000e+00
 0.000000000000000000e+00
 0.000000000000000000e+00
 0.000000000000000000e+00
 0.000000000000000000e+00
 0.000000000000000000e+00
 0.000000000000000000e+00
 0.000000000000000000e+00
 0.000000000000000000e+00
 0.000000000000000000e+00
 0.000000000000000000e+00
 0.000000000000000000e+00
 0.000000000000000000e+00
 0.000000000000000000e+00
 0.000000000000000000e+00
 0.000000000000000000e+00
 0.000000000000000000e+00
 0.000000000000000000e+00
 0.000000000000000000e+00
 0.000000000000000000e+00
 0.000000000000000000e+00
 0.000000000000000000e+00
 0.000000000000000000e+00
 0.000000000000000000e+00
 0.000000000000000000e+00
 0.000000000000000000e+00
 0.000000000000000000e+00
 0.000000000000000000e+00
 0.000000000000000000e+00
 0.000000000000000000e+00
 0.000000000000000000e+00
 0.000000000000000000e+00
 0.000000000000000000e+00
 0.000000000000000000e+00
 0.000000000000000000e+00
 0.000000000000000000e+00
 0.000000000000000000e+00
 0.000000000000000000e+00
 0.000000000000000000e+00
 0.000000000000000000e+00
 0.000000000000000000e+00
 0.000000000000000000e+00
 0.000000000000000000e+00
 0.000000000000000000e+00
 0.000000000000000000e+00
 0.000000000000000000e+00
 0.000000000000000000e+00
 0.000000000000000000e+00
 0.000000000000000000e+00
 0.000000000000000000e+00
 0.000000000000000000e+00
 0.000000000000000000e+00
 0.000000000000000000e+00
 0.000000000000000000e+00
 0.000000000000000000e+00
 0.000000000000000000e+00
 0.000000000000000000e+00
 0.000000000000000000e+00
 0.000000000000000000e+00
 0.000000000000000000e+00
 0.000000000000000000e+00
 0.000000000000000000e+00
 0.000000000000000000e+00
 0.000000000000000000e+00
 0.000000000000000000e+00
 0.000000000000000000e+00
 0.000000000000000000e+00
 0.000000000000000000e+00
 0.000000000000000000e+00
 0.000000000000000000e+00
 0.000000000000000000e+00
 0.000000000000000000e+00
 0.000000000000000000e+00
 0.000000000000000000e+00
 0.000000000000000000e+00
 0.000000000000000000e+00
 0.000000000000000000e+00
 0.000000000000000000e+00
 0.000000000000000000e+00
 0.000000000000000000e+00
 0.000000000000000000e+00
 0.000000000000000000e+00
 0.000000000000000000e+00
 0.000000000000000000e+00
 0.000000000000000000e+00
 0.000000000000000000e+00
 0.000000000000000000e+00
 0.000000000000000000e+00
 0.000000000000000000e+00
 0.000000000000000000e+00
 0.000000000000000000e+00
 0.000000000000000000e+00
 0.000000000000000000e+00
 0.000000000000000000e+00
 0.000000000000000000e+00
 0.000000000000000000e+00
 0.000000000000000000e+00
 0.000000000000000000e+00
 0.000000000000000000e+00
 0.000000000000000000e+00
 0.000000000000000000e+00
 0.000000000000000000e+00
 0.000000000000000000e+00
 0.000000000000000000e+00
 0.000000000000000000e+00
 0.000000000000000000e+00
 0.000000000000000000e+00
 0.000000000000000000e+00
 0.000000000000000000e+00
 0.000000000000000000e+00
 0.000000000000000000e+00
 0.000000000000000000e+00
 0.000000000000000000e+00
 0.000000000000000000e+00
 0.000000000000000000e+00
 0.000000000000000000e+00
 0.000000000000000000e+00
 0.000000000000000000e+00
 0.000000000000000000e+00
 0.000000000000000000e+00
 0.000000000000000000e+00
 0.000000000000000000e+00
 0.000000000000000000e+00
 0.000000000000000000e+00
 0.000000000000000000e+00
 0.000000000000000000e+00
 0.000000000000000000e+00
 0.000000000000000000e+00
 0.000000000000000000e+00
 0.000000000000000000e+00
 0.000000000000000000e+00
 0.000000000000000000e+00
 0.000000000000000000e+00
 0.000000000000000000e+00
 0.000000000000000000e+00
 0.000000000000000000e+00
 0.000000000000000000e+00
 0.000000000000000000e+00
 0.000000000000000000e+00
 0.000000000000000000e+00
 0.000000000000000000e+00
 0.000000000000000000e+00
 0.000000000000000000e+00
 0.000000000000000000e+00
 0.000000000000000000e+00
 0.000000000000000000e+00
 0.000000000000000000e+00
 0.000000000000000000e+00
 0.000000000000000000e+00
 0.000000000000000000e+00
 0.000000000000000000e+00
 0.000000000000000000e+00
 0.000000000000000000e+00
 0.000000000000000000e+00
 0.000000000000000000e+00
 0.000000000000000000e+00
 0.000000000000000000e+00
 0.000000000000000000e+00
 0.000000000000000000e+00
 0.000000000000000000e+00
 0.000000000000000000e+00
 0.000000000000000000e+00
 0.000000000000000000e+00
 0.000000000000000000e+00
 0.000000000000000000e+00
 0.000000000000000000e+00
 0.000000000000000000e+00
 0.000000000000000000e+00
 0.000000000000000000e+00
 0.000000000000000000e+00
 0.000000000000000000e+00
 0.000000000000000000e+00
 0.000000000000000000e+00
 0.000000000000000000e+00
 0.000000000000000000e+00
 0.000000000000000000e+00
 0.000000000000000000e+00
 0.000000000000000000e+00
 0.000000000000000000e+00
 0.000000000000000000e+00
 0.000000000000000000e+00
 0.000000000000000000e+00
 0.000000000000000000e+00
 0.000000000000000000e+00
 0.000000000000000000e+00
 0.000000000000000000e+00
 0.000000000000000000e+00
 0.000000000000000000e+00
 0.000000000000000000e+00
 0.000000000000000000e+00
 </DataArray>
 <DataArray Name="massf[1]-N2" type="Float32" NumberOfComponents="1" format="ascii">
 7.717416387713664783e-01
 7.720090304317118735e-01
 7.722747171010154732e-01
 7.725384589954613634e-01
 7.727999945304772078e-01
 7.730590408659377966e-01
 7.733152999176765574e-01
 7.735684639857176581e-01
 7.738182217995461798e-01
 7.740642708070542000e-01
 7.743063108649331783e-01
 7.745440390699949162e-01
 7.747771347392397034e-01
 7.750052431861169655e-01
 7.752280259087694914e-01
 7.754450747577947833e-01
 7.756559392741232406e-01
 7.758601873588404363e-01
 7.760572447247289229e-01
 7.762466932667050346e-01
 7.764280524703124353e-01
 7.766005877153331349e-01
 7.767641597201206949e-01
 7.769177272769548503e-01
 7.770609064388183107e-01
 7.771940357034130553e-01
 7.773151837418940113e-01
 7.774250870172628725e-01
 7.775257617770570118e-01
 7.776266878363857771e-01
 7.777534611683052379e-01
 7.778162111000690437e-01
 7.776058542833340637e-01
 7.770152843100434081e-01
 7.761624962416560081e-01
 7.755322258082791853e-01
 7.768243157544825195e-01
 7.777707017549726487e-01
 7.777999626503939723e-01
 7.777999999991751512e-01
 7.778000000000016012e-01
 7.778000000000002689e-01
 7.777999999999999359e-01
 7.777999999999999359e-01
 7.778000000000000469e-01
 7.778000000000000469e-01
 7.778000000000000469e-01
 7.778000000000000469e-01
 7.778000000000000469e-01
 7.778000000000000469e-01
 7.778000000000000469e-01
 7.778000000000000469e-01
 7.778000000000000469e-01
 7.778000000000000469e-01
 7.778000000000000469e-01
 7.778000000000000469e-01
 7.778000000000000469e-01
 7.778000000000000469e-01
 7.778000000000000469e-01
 7.778000000000000469e-01
 7.778000000000000469e-01
 7.778000000000000469e-01
 7.778000000000000469e-01
 7.778000000000000469e-01
 7.778000000000000469e-01
 7.778000000000000469e-01
 7.778000000000000469e-01
 7.778000000000000469e-01
 7.778000000000000469e-01
 7.778000000000000469e-01
 7.778000000000000469e-01
 7.778000000000000469e-01
 7.778000000000000469e-01
 7.778000000000000469e-01
 7.778000000000000469e-01
 7.778000000000000469e-01
 7.778000000000000469e-01
 7.778000000000000469e-01
 7.778000000000000469e-01
 7.778000000000000469e-01
 7.778000000000000469e-01
 7.778000000000000469e-01
 7.778000000000000469e-01
 7.778000000000000469e-01
 7.778000000000000469e-01
 7.778000000000000469e-01
 7.778000000000000469e-01
 7.778000000000000469e-01
 7.778000000000000469e-01
 7.778000000000000469e-01
 7.778000000000000469e-01
 7.778000000000000469e-01
 7.778000000000000469e-01
 7.778000000000000469e-01
 7.778000000000000469e-01
 7.778000000000000469e-01
 7.778000000000000469e-01
 7.778000000000000469e-01
 7.778000000000000469e-01
 7.778000000000000469e-01
 7.778000000000000469e-01
 7.778000000000000469e-01
 7.778000000000000469e-01
 7.778000000000000469e-01
 7.778000000000000469e-01
 7.778000000000000469e-01
 7.778000000000000469e-01
 7.778000000000000469e-01
 7.778000000000000469e-01
 7.778000000000000469e-01
 7.778000000000000469e-01
 7.778000000000000469e-01
 7.778000000000000469e-01
 7.778000000000000469e-01
 7.778000000000000469e-01
 7.778000000000000469e-01
 7.778000000000000469e-01
 7.778000000000000469e-01
 7.778000000000000469e-01
 7.778000000000000469e-01
 7.778000000000000469e-01
 7.778000000000000469e-01
 7.778000000000000469e-01
 7.778000000000000469e-01
 7.778000000000000469e-01
 7.778000000000000469e-01
 7.778000000000000469e-01
 7.778000000000000469e-01
 7.778000000000000469e-01
 7.778000000000000469e-01
 7.778000000000000469e-01
 7.778000000000000469e-01
 7.778000000000000469e-01
 7.778000000000000469e-01
 7.778000000000000469e-01
 7.778000000000000469e-01
 7.778000000000000469e-01
 7.778000000000000469e-01
 7.778000000000000469e-01
 7.778000000000000469e-01
 7.778000000000000469e-01
 7.778000000000000469e-01
 7.778000000000000469e-01
 7.778000000000000469e-01
 7.778000000000000469e-01
 7.778000000000000469e-01
 7.778000000000000469e-01
 7.778000000000000469e-01
 7.778000000000000469e-01
 7.778000000000000469e-01
 7.778000000000000469e-01
 7.778000000000000469e-01
 7.778000000000000469e-01
 7.778000000000000469e-01
 7.778000000000000469e-01
 7.778000000000000469e-01
 7.778000000000000469e-01
 7.778000000000000469e-01
 7.778000000000000469e-01
 7.778000000000000469e-01
 7.778000000000000469e-01
 7.778000000000000469e-01
 7.778000000000000469e-01
 7.778000000000000469e-01
 7.778000000000000469e-01
 7.778000000000000469e-01
 7.778000000000000469e-01
 7.778000000000000469e-01
 7.778000000000000469e-01
 7.778000000000000469e-01
 7.778000000000000469e-01
 7.778000000000000469e-01
 7.778000000000000469e-01
 7.778000000000000469e-01
 7.778000000000000469e-01
 7.778000000000000469e-01
 7.778000000000000469e-01
 7.778000000000000469e-01
 7.778000000000000469e-01
 7.778000000000000469e-01
 7.778000000000000469e-01
 7.778000000000000469e-01
 7.778000000000000469e-01
 7.778000000000000469e-01
 7.778000000000000469e-01
 7.778000000000000469e-01
 7.778000000000000469e-01
 7.778000000000000469e-01
 7.778000000000000469e-01
 7.778000000000000469e-01
 7.778000000000000469e-01
 7.778000000000000469e-01
 7.778000000000000469e-01
 7.778000000000000469e-01
 7.778000000000000469e-01
 7.778000000000000469e-01
 7.778000000000000469e-01
 7.778000000000000469e-01
 7.778000000000000469e-01
 7.778000000000000469e-01
 7.778000000000000469e-01
 7.778000000000000469e-01
 7.778000000000000469e-01
 7.778000000000000469e-01
 7.778000000000000469e-01
 7.778000000000000469e-01
 7.778000000000000469e-01
 7.778000000000000469e-01
 7.778000000000000469e-01
 7.778000000000000469e-01
 7.778000000000000469e-01
 7.778000000000000469e-01
 7.778000000000000469e-01
 7.778000000000000469e-01
 7.778000000000000469e-01
 7.778000000000000469e-01
 7.778000000000000469e-01
 7.778000000000000469e-01
 7.778000000000000469e-01
 7.778000000000000469e-01
 7.778000000000000469e-01
 7.778000000000000469e-01
 7.778000000000000469e-01
 7.778000000000000469e-01
 7.778000000000000469e-01
 7.778000000000000469e-01
 7.778000000000000469e-01
 7.778000000000000469e-01
 7.778000000000000469e-01
 7.778000000000000469e-01
 7.778000000000000469e-01
 7.778000000000000469e-01
 7.778000000000000469e-01
 7.778000000000000469e-01
 7.778000000000000469e-01
 7.778000000000000469e-01
 7.778000000000000469e-01
 7.778000000000000469e-01
 7.778000000000000469e-01
 7.778000000000000469e-01
 7.778000000000000469e-01
 7.778000000000000469e-01
 7.778000000000000469e-01
 7.778000000000000469e-01
 7.778000000000000469e-01
 7.778000000000000469e-01
 7.778000000000000469e-01
 7.778000000000000469e-01
 7.778000000000000469e-01
 7.778000000000000469e-01
 7.717416387713664783e-01
 7.720090304317118735e-01
 7.722747171010154732e-01
 7.725384589954614745e-01
 7.727999945304772078e-01
 7.730590408659376855e-01
 7.733152999176764464e-01
 7.735684639857177691e-01
 7.738182217995460688e-01
 7.740642708070540889e-01
 7.743063108649328452e-01
 7.745440390699946942e-01
 7.747771347392393704e-01
 7.750052431861169655e-01
 7.752280259087696024e-01
 7.754450747577950054e-01
 7.756559392741235737e-01
 7.758601873588407694e-01
 7.760572447247288119e-01
 7.762466932667050346e-01
 7.764280524703123243e-01
 7.766005877153331349e-01
 7.767641597201205839e-01
 7.769177272769544063e-01
 7.770609064388179776e-01
 7.771940357034127222e-01
 7.773151837418937893e-01
 7.774250870172626504e-01
 7.775257617770566787e-01
 7.776266878363856661e-01
 7.777534611683051269e-01
 7.778162111000688217e-01
 7.776058542833341747e-01
 7.770152843100434081e-01
 7.761624962416560081e-01
 7.755322258082792963e-01
 7.768243157544825195e-01
 7.777707017549727597e-01
 7.777999626503939723e-01
 7.777999999991751512e-01
 7.778000000000016012e-01
 7.778000000000002689e-01
 7.777999999999999359e-01
 7.777999999999999359e-01
 7.778000000000000469e-01
 7.778000000000000469e-01
 7.778000000000000469e-01
 7.778000000000000469e-01
 7.778000000000000469e-01
 7.778000000000000469e-01
 7.778000000000000469e-01
 7.778000000000000469e-01
 7.778000000000000469e-01
 7.778000000000000469e-01
 7.778000000000000469e-01
 7.778000000000000469e-01
 7.778000000000000469e-01
 7.778000000000000469e-01
 7.778000000000000469e-01
 7.778000000000000469e-01
 7.778000000000000469e-01
 7.778000000000000469e-01
 7.778000000000000469e-01
 7.778000000000000469e-01
 7.778000000000000469e-01
 7.778000000000000469e-01
 7.778000000000000469e-01
 7.778000000000000469e-01
 7.778000000000000469e-01
 7.778000000000000469e-01
 7.778000000000000469e-01
 7.778000000000000469e-01
 7.778000000000000469e-01
 7.778000000000000469e-01
 7.778000000000000469e-01
 7.778000000000000469e-01
 7.778000000000000469e-01
 7.778000000000000469e-01
 7.778000000000000469e-01
 7.778000000000000469e-01
 7.778000000000000469e-01
 7.778000000000000469e-01
 7.778000000000000469e-01
 7.778000000000000469e-01
 7.778000000000000469e-01
 7.778000000000000469e-01
 7.778000000000000469e-01
 7.778000000000000469e-01
 7.778000000000000469e-01
 7.778000000000000469e-01
 7.778000000000000469e-01
 7.778000000000000469e-01
 7.778000000000000469e-01
 7.778000000000000469e-01
 7.778000000000000469e-01
 7.778000000000000469e-01
 7.778000000000000469e-01
 7.778000000000000469e-01
 7.778000000000000469e-01
 7.778000000000000469e-01
 7.778000000000000469e-01
 7.778000000000000469e-01
 7.778000000000000469e-01
 7.778000000000000469e-01
 7.778000000000000469e-01
 7.778000000000000469e-01
 7.778000000000000469e-01
 7.778000000000000469e-01
 7.778000000000000469e-01
 7.778000000000000469e-01
 7.778000000000000469e-01
 7.778000000000000469e-01
 7.778000000000000469e-01
 7.778000000000000469e-01
 7.778000000000000469e-01
 7.778000000000000469e-01
 7.778000000000000469e-01
 7.778000000000000469e-01
 7.778000000000000469e-01
 7.778000000000000469e-01
 7.778000000000000469e-01
 7.778000000000000469e-01
 7.778000000000000469e-01
 7.778000000000000469e-01
 7.778000000000000469e-01
 7.778000000000000469e-01
 7.778000000000000469e-01
 7.778000000000000469e-01
 7.778000000000000469e-01
 7.778000000000000469e-01
 7.778000000000000469e-01
 7.778000000000000469e-01
 7.778000000000000469e-01
 7.778000000000000469e-01
 7.778000000000000469e-01
 7.778000000000000469e-01
 7.778000000000000469e-01
 7.778000000000000469e-01
 7.778000000000000469e-01
 7.778000000000000469e-01
 7.778000000000000469e-01
 7.778000000000000469e-01
 7.778000000000000469e-01
 7.778000000000000469e-01
 7.778000000000000469e-01
 7.778000000000000469e-01
 7.778000000000000469e-01
 7.778000000000000469e-01
 7.778000000000000469e-01
 7.778000000000000469e-01
 7.778000000000000469e-01
 7.778000000000000469e-01
 7.778000000000000469e-01
 7.778000000000000469e-01
 7.778000000000000469e-01
 7.778000000000000469e-01
 7.778000000000000469e-01
 7.778000000000000469e-01
 7.778000000000000469e-01
 7.778000000000000469e-01
 7.778000000000000469e-01
 7.778000000000000469e-01
 7.778000000000000469e-01
 7.778000000000000469e-01
 7.778000000000000469e-01
 7.778000000000000469e-01
 7.778000000000000469e-01
 7.778000000000000469e-01
 7.778000000000000469e-01
 7.778000000000000469e-01
 7.778000000000000469e-01
 7.778000000000000469e-01
 7.778000000000000469e-01
 7.778000000000000469e-01
 7.778000000000000469e-01
 7.778000000000000469e-01
 7.778000000000000469e-01
 7.778000000000000469e-01
 7.778000000000000469e-01
 7.778000000000000469e-01
 7.778000000000000469e-01
 7.778000000000000469e-01
 7.778000000000000469e-01
 7.778000000000000469e-01
 7.778000000000000469e-01
 7.778000000000000469e-01
 7.778000000000000469e-01
 7.778000000000000469e-01
 7.778000000000000469e-01
 7.778000000000000469e-01
 7.778000000000000469e-01
 7.778000000000000469e-01
 7.778000000000000469e-01
 7.778000000000000469e-01
 7.778000000000000469e-01
 7.778000000000000469e-01
 7.778000000000000469e-01
 7.778000000000000469e-01
 7.778000000000000469e-01
 7.778000000000000469e-01
 7.778000000000000469e-01
 7.778000000000000469e-01
 7.778000000000000469e-01
 7.778000000000000469e-01
 7.778000000000000469e-01
 7.778000000000000469e-01
 7.778000000000000469e-01
 7.778000000000000469e-01
 7.778000000000000469e-01
 7.778000000000000469e-01
 7.778000000000000469e-01
 7.778000000000000469e-01
 7.778000000000000469e-01
 7.778000000000000469e-01
 7.778000000000000469e-01
 7.778000000000000469e-01
 7.778000000000000469e-01
 7.778000000000000469e-01
 7.778000000000000469e-01
 7.778000000000000469e-01
 7.778000000000000469e-01
 7.778000000000000469e-01
 7.778000000000000469e-01
 7.778000000000000469e-01
 7.778000000000000469e-01
 7.778000000000000469e-01
 7.778000000000000469e-01
 7.778000000000000469e-01
 7.778000000000000469e-01
 7.778000000000000469e-01
 7.778000000000000469e-01
 7.778000000000000469e-01
 7.778000000000000469e-01
 7.778000000000000469e-01
 7.778000000000000469e-01
 7.778000000000000469e-01
 7.778000000000000469e-01
 7.778000000000000469e-01
 7.778000000000000469e-01
 7.778000000000000469e-01
 7.778000000000000469e-01
 7.778000000000000469e-01
 7.778000000000000469e-01
 7.778000000000000469e-01
 7.778000000000000469e-01
 7.778000000000000469e-01
 7.778000000000000469e-01
 7.778000000000000469e-01
 7.778000000000000469e-01
 7.778000000000000469e-01
 </DataArray>
 <DataArray Name="massf[2]-O2" type="Float32" NumberOfComponents="1" format="ascii">
 2.010322167558400708e-01
 2.016392533377366625e-01
 2.022495999052833227e-01
 2.028631350223396579e-01
 2.034797526840874116e-01
 2.040993610404347736e-01
 2.047218721290990917e-01
 2.053471893625528899e-01
 2.059751933247178091e-01
 2.066057221744408146e-01
 2.072385729278256594e-01
 2.078735046443153656e-01
 2.085102552405825871e-01
 2.091485610947846630e-01
 2.097881125317259399e-01
 2.104286463548038499e-01
 2.110699180540737130e-01
 2.117116419154860818e-01
 2.123536446698717217e-01
 2.129955587943835604e-01
 2.136370427773644221e-01
 2.142779504466565954e-01
 2.149174739717958360e-01
 2.155556557808359364e-01
 2.161918066295514529e-01
 2.168244677391747421e-01
 2.174543268529543771e-01
 2.180792927198761944e-01
 2.186959940526059798e-01
 2.192932228576037479e-01
 2.198429155593833451e-01
 2.204293725763950273e-01
 2.212445049184943724e-01
 2.223513984353391315e-01
 2.235647956926950231e-01
 2.243748619497417662e-01
 2.231497205192566613e-01
 2.222284705819414785e-01
 2.222000367413900224e-01
 2.222000000008249043e-01
 2.221999999999983710e-01
 2.221999999999995923e-01
 2.222000000000001196e-01
 2.221999999999999809e-01
 2.221999999999999809e-01
 2.222000000000000086e-01
 2.222000000000000086e-01
 2.222000000000000086e-01
 2.222000000000000086e-01
 2.222000000000000086e-01
 2.222000000000000086e-01
 2.222000000000000086e-01
 2.222000000000000086e-01
 2.222000000000000086e-01
 2.222000000000000086e-01
 2.222000000000000086e-01
 2.222000000000000086e-01
 2.222000000000000086e-01
 2.222000000000000086e-01
 2.222000000000000086e-01
 2.222000000000000086e-01
 2.222000000000000086e-01
 2.222000000000000086e-01
 2.222000000000000086e-01
 2.222000000000000086e-01
 2.222000000000000086e-01
 2.222000000000000086e-01
 2.222000000000000086e-01
 2.222000000000000086e-01
 2.222000000000000086e-01
 2.222000000000000086e-01
 2.222000000000000086e-01
 2.222000000000000086e-01
 2.222000000000000086e-01
 2.222000000000000086e-01
 2.222000000000000086e-01
 2.222000000000000086e-01
 2.222000000000000086e-01
 2.222000000000000086e-01
 2.222000000000000086e-01
 2.222000000000000086e-01
 2.222000000000000086e-01
 2.222000000000000086e-01
 2.222000000000000086e-01
 2.222000000000000086e-01
 2.222000000000000086e-01
 2.222000000000000086e-01
 2.222000000000000086e-01
 2.222000000000000086e-01
 2.222000000000000086e-01
 2.222000000000000086e-01
 2.222000000000000086e-01
 2.222000000000000086e-01
 2.222000000000000086e-01
 2.222000000000000086e-01
 2.222000000000000086e-01
 2.222000000000000086e-01
 2.222000000000000086e-01
 2.222000000000000086e-01
 2.222000000000000086e-01
 2.222000000000000086e-01
 2.222000000000000086e-01
 2.222000000000000086e-01
 2.222000000000000086e-01
 2.222000000000000086e-01
 2.222000000000000086e-01
 2.222000000000000086e-01
 2.222000000000000086e-01
 2.222000000000000086e-01
 2.222000000000000086e-01
 2.222000000000000086e-01
 2.222000000000000086e-01
 2.222000000000000086e-01
 2.222000000000000086e-01
 2.222000000000000086e-01
 2.222000000000000086e-01
 2.222000000000000086e-01
 2.222000000000000086e-01
 2.222000000000000086e-01
 2.222000000000000086e-01
 2.222000000000000086e-01
 2.222000000000000086e-01
 2.222000000000000086e-01
 2.222000000000000086e-01
 2.222000000000000086e-01
 2.222000000000000086e-01
 2.222000000000000086e-01
 2.222000000000000086e-01
 2.222000000000000086e-01
 2.222000000000000086e-01
 2.222000000000000086e-01
 2.222000000000000086e-01
 2.222000000000000086e-01
 2.222000000000000086e-01
 2.222000000000000086e-01
 2.222000000000000086e-01
 2.222000000000000086e-01
 2.222000000000000086e-01
 2.222000000000000086e-01
 2.222000000000000086e-01
 2.222000000000000086e-01
 2.222000000000000086e-01
 2.222000000000000086e-01
 2.222000000000000086e-01
 2.222000000000000086e-01
 2.222000000000000086e-01
 2.222000000000000086e-01
 2.222000000000000086e-01
 2.222000000000000086e-01
 2.222000000000000086e-01
 2.222000000000000086e-01
 2.222000000000000086e-01
 2.222000000000000086e-01
 2.222000000000000086e-01
 2.222000000000000086e-01
 2.222000000000000086e-01
 2.222000000000000086e-01
 2.222000000000000086e-01
 2.222000000000000086e-01
 2.222000000000000086e-01
 2.222000000000000086e-01
 2.222000000000000086e-01
 2.222000000000000086e-01
 2.222000000000000086e-01
 2.222000000000000086e-01
 2.222000000000000086e-01
 2.222000000000000086e-01
 2.222000000000000086e-01
 2.222000000000000086e-01
 2.222000000000000086e-01
 2.222000000000000086e-01
 2.222000000000000086e-01
 2.222000000000000086e-01
 2.222000000000000086e-01
 2.222000000000000086e-01
 2.222000000000000086e-01
 2.222000000000000086e-01
 2.222000000000000086e-01
 2.222000000000000086e-01
 2.222000000000000086e-01
 2.222000000000000086e-01
 2.222000000000000086e-01
 2.222000000000000086e-01
 2.222000000000000086e-01
 2.222000000000000086e-01
 2.222000000000000086e-01
 2.222000000000000086e-01
 2.222000000000000086e-01
 2.222000000000000086e-01
 2.222000000000000086e-01
 2.222000000000000086e-01
 2.222000000000000086e-01
 2.222000000000000086e-01
 2.222000000000000086e-01
 2.222000000000000086e-01
 2.222000000000000086e-01
 2.222000000000000086e-01
 2.222000000000000086e-01
 2.222000000000000086e-01
 2.222000000000000086e-01
 2.222000000000000086e-01
 2.222000000000000086e-01
 2.222000000000000086e-01
 2.222000000000000086e-01
 2.222000000000000086e-01
 2.222000000000000086e-01
 2.222000000000000086e-01
 2.222000000000000086e-01
 2.222000000000000086e-01
 2.222000000000000086e-01
 2.222000000000000086e-01
 2.222000000000000086e-01
 2.222000000000000086e-01
 2.222000000000000086e-01
 2.222000000000000086e-01
 2.222000000000000086e-01
 2.222000000000000086e-01
 2.222000000000000086e-01
 2.222000000000000086e-01
 2.222000000000000086e-01
 2.222000000000000086e-01
 2.222000000000000086e-01
 2.222000000000000086e-01
 2.222000000000000086e-01
 2.222000000000000086e-01
 2.222000000000000086e-01
 2.222000000000000086e-01
 2.222000000000000086e-01
 2.222000000000000086e-01
 2.222000000000000086e-01
 2.222000000000000086e-01
 2.222000000000000086e-01
 2.222000000000000086e-01
 2.222000000000000086e-01
 2.222000000000000086e-01
 2.222000000000000086e-01
 2.222000000000000086e-01
 2.222000000000000086e-01
 2.222000000000000086e-01
 2.222000000000000086e-01
 2.222000000000000086e-01
 2.222000000000000086e-01
 2.222000000000000086e-01
 2.222000000000000086e-01
 2.222000000000000086e-01
 2.222000000000000086e-01
 2.222000000000000086e-01
 2.222000000000000086e-01
 2.222000000000000086e-01
 2.222000000000000086e-01
 2.010322167558400985e-01
 2.016392533377365515e-01
 2.022495999052832949e-01
 2.028631350223396579e-01
 2.034797526840873838e-01
 2.040993610404348568e-01
 2.047218721290991195e-01
 2.053471893625531397e-01
 2.059751933247181421e-01
 2.066057221744412586e-01
 2.072385729278263256e-01
 2.078735046443159762e-01
 2.085102552405830589e-01
 2.091485610947849128e-01
 2.097881125317259121e-01
 2.104286463548036834e-01
 2.110699180540734632e-01
 2.117116419154858320e-01
 2.123536446698717495e-01
 2.129955587943835049e-01
 2.136370427773645053e-01
 2.142779504466567619e-01
 2.149174739717960858e-01
 2.155556557808362694e-01
 2.161918066295517860e-01
 2.168244677391750752e-01
 2.174543268529545992e-01
 2.180792927198763054e-01
 2.186959940526060908e-01
 2.192932228576039699e-01
 2.198429155593834561e-01
 2.204293725763951939e-01
 2.212445049184945112e-01
 2.223513984353391315e-01
 2.235647956926949675e-01
 2.243748619497417940e-01
 2.231497205192566613e-01
 2.222284705819414785e-01
 2.222000367413900501e-01
 2.222000000008249043e-01
 2.221999999999983710e-01
 2.221999999999995923e-01
 2.222000000000001196e-01
 2.221999999999999809e-01
 2.221999999999999809e-01
 2.222000000000000086e-01
 2.222000000000000086e-01
 2.222000000000000086e-01
 2.222000000000000086e-01
 2.222000000000000086e-01
 2.222000000000000086e-01
 2.222000000000000086e-01
 2.222000000000000086e-01
 2.222000000000000086e-01
 2.222000000000000086e-01
 2.222000000000000086e-01
 2.222000000000000086e-01
 2.222000000000000086e-01
 2.222000000000000086e-01
 2.222000000000000086e-01
 2.222000000000000086e-01
 2.222000000000000086e-01
 2.222000000000000086e-01
 2.222000000000000086e-01
 2.222000000000000086e-01
 2.222000000000000086e-01
 2.222000000000000086e-01
 2.222000000000000086e-01
 2.222000000000000086e-01
 2.222000000000000086e-01
 2.222000000000000086e-01
 2.222000000000000086e-01
 2.222000000000000086e-01
 2.222000000000000086e-01
 2.222000000000000086e-01
 2.222000000000000086e-01
 2.222000000000000086e-01
 2.222000000000000086e-01
 2.222000000000000086e-01
 2.222000000000000086e-01
 2.222000000000000086e-01
 2.222000000000000086e-01
 2.222000000000000086e-01
 2.222000000000000086e-01
 2.222000000000000086e-01
 2.222000000000000086e-01
 2.222000000000000086e-01
 2.222000000000000086e-01
 2.222000000000000086e-01
 2.222000000000000086e-01
 2.222000000000000086e-01
 2.222000000000000086e-01
 2.222000000000000086e-01
 2.222000000000000086e-01
 2.222000000000000086e-01
 2.222000000000000086e-01
 2.222000000000000086e-01
 2.222000000000000086e-01
 2.222000000000000086e-01
 2.222000000000000086e-01
 2.222000000000000086e-01
 2.222000000000000086e-01
 2.222000000000000086e-01
 2.222000000000000086e-01
 2.222000000000000086e-01
 2.222000000000000086e-01
 2.222000000000000086e-01
 2.222000000000000086e-01
 2.222000000000000086e-01
 2.222000000000000086e-01
 2.222000000000000086e-01
 2.222000000000000086e-01
 2.222000000000000086e-01
 2.222000000000000086e-01
 2.222000000000000086e-01
 2.222000000000000086e-01
 2.222000000000000086e-01
 2.222000000000000086e-01
 2.222000000000000086e-01
 2.222000000000000086e-01
 2.222000000000000086e-01
 2.222000000000000086e-01
 2.222000000000000086e-01
 2.222000000000000086e-01
 2.222000000000000086e-01
 2.222000000000000086e-01
 2.222000000000000086e-01
 2.222000000000000086e-01
 2.222000000000000086e-01
 2.222000000000000086e-01
 2.222000000000000086e-01
 2.222000000000000086e-01
 2.222000000000000086e-01
 2.222000000000000086e-01
 2.222000000000000086e-01
 2.222000000000000086e-01
 2.222000000000000086e-01
 2.222000000000000086e-01
 2.222000000000000086e-01
 2.222000000000000086e-01
 2.222000000000000086e-01
 2.222000000000000086e-01
 2.222000000000000086e-01
 2.222000000000000086e-01
 2.222000000000000086e-01
 2.222000000000000086e-01
 2.222000000000000086e-01
 2.222000000000000086e-01
 2.222000000000000086e-01
 2.222000000000000086e-01
 2.222000000000000086e-01
 2.222000000000000086e-01
 2.222000000000000086e-01
 2.222000000000000086e-01
 2.222000000000000086e-01
 2.222000000000000086e-01
 2.222000000000000086e-01
 2.222000000000000086e-01
 2.222000000000000086e-01
 2.222000000000000086e-01
 2.222000000000000086e-01
 2.222000000000000086e-01
 2.222000000000000086e-01
 2.222000000000000086e-01
 2.222000000000000086e-01
 2.222000000000000086e-01
 2.222000000000000086e-01
 2.222000000000000086e-01
 2.222000000000000086e-01
 2.222000000000000086e-01
 2.222000000000000086e-01
 2.222000000000000086e-01
 2.222000000000000086e-01
 2.222000000000000086e-01
 2.222000000000000086e-01
 2.222000000000000086e-01
 2.222000000000000086e-01
 2.222000000000000086e-01
 2.222000000000000086e-01
 2.222000000000000086e-01
 2.222000000000000086e-01
 2.222000000000000086e-01
 2.222000000000000086e-01
 2.222000000000000086e-01
 2.222000000000000086e-01
 2.222000000000000086e-01
 2.222000000000000086e-01
 2.222000000000000086e-01
 2.222000000000000086e-01
 2.222000000000000086e-01
 2.222000000000000086e-01
 2.222000000000000086e-01
 2.222000000000000086e-01
 2.222000000000000086e-01
 2.222000000000000086e-01
 2.222000000000000086e-01
 2.222000000000000086e-01
 2.222000000000000086e-01
 2.222000000000000086e-01
 2.222000000000000086e-01
 2.222000000000000086e-01
 2.222000000000000086e-01
 2.222000000000000086e-01
 2.222000000000000086e-01
 2.222000000000000086e-01
 2.222000000000000086e-01
 2.222000000000000086e-01
 2.222000000000000086e-01
 2.222000000000000086e-01
 2.222000000000000086e-01
 2.222000000000000086e-01
 2.222000000000000086e-01
 2.222000000000000086e-01
 2.222000000000000086e-01
 2.222000000000000086e-01
 2.222000000000000086e-01
 2.222000000000000086e-01
 2.222000000000000086e-01
 2.222000000000000086e-01
 2.222000000000000086e-01
 2.222000000000000086e-01
 2.222000000000000086e-01
 2.222000000000000086e-01
 2.222000000000000086e-01
 2.222000000000000086e-01
 2.222000000000000086e-01
 2.222000000000000086e-01
 2.222000000000000086e-01
 2.222000000000000086e-01
 2.222000000000000086e-01
 2.222000000000000086e-01
 2.222000000000000086e-01
 2.222000000000000086e-01
 2.222000000000000086e-01
 2.222000000000000086e-01
 2.222000000000000086e-01
 2.222000000000000086e-01
 2.222000000000000086e-01
 2.222000000000000086e-01
 2.222000000000000086e-01
 2.222000000000000086e-01
 2.222000000000000086e-01
 2.222000000000000086e-01
 2.222000000000000086e-01
 2.222000000000000086e-01
 2.222000000000000086e-01
 2.222000000000000086e-01
 2.222000000000000086e-01
 2.222000000000000086e-01
 2.222000000000000086e-01
 </DataArray>
 <DataArray Name="massf[3]-N" type="Float32" NumberOfComponents="1" format="ascii">
 4.524951473380357948e-06
 4.413262145176355607e-06
 4.301014183372459317e-06
 4.188207793367400311e-06
 4.074835057949203697e-06
 3.960881895700173237e-06
 3.846328755834746035e-06
 3.731149868593345944e-06
 3.615313443015097609e-06
 3.498780974304167923e-06
 3.381507642914578450e-06
 3.263445830922537865e-06
 3.144543062078097982e-06
 3.024737588572226240e-06
 2.903956929156819675e-06
 2.782109135762294720e-06
 2.659081001062729238e-06
 2.534735468499333939e-06
 2.408904798011097579e-06
 2.281416386850051160e-06
 2.152083965496792733e-06
 2.020661703549707522e-06
 1.886869963275225865e-06
 1.750435604637749725e-06
 1.611103921109008114e-06
 1.468496813169813781e-06
 1.322063816418554601e-06
 1.171412802842373186e-06
 1.016373284861580304e-06
 8.564549937511601231e-07
 6.908066362013855271e-07
 5.189636475523037875e-07
 3.446748840683261877e-07
 1.835085837443883053e-07
 6.500225081200852757e-08
 8.880824125118621854e-09
 2.142958138573997619e-13
 0.000000000000000000e+00
 0.000000000000000000e+00
 0.000000000000000000e+00
 0.000000000000000000e+00
 0.000000000000000000e+00
 0.000000000000000000e+00
 0.000000000000000000e+00
 0.000000000000000000e+00
 0.000000000000000000e+00
 0.000000000000000000e+00
 0.000000000000000000e+00
 0.000000000000000000e+00
 0.000000000000000000e+00
 0.000000000000000000e+00
 0.000000000000000000e+00
 0.000000000000000000e+00
 0.000000000000000000e+00
 0.000000000000000000e+00
 0.000000000000000000e+00
 0.000000000000000000e+00
 0.000000000000000000e+00
 0.000000000000000000e+00
 0.000000000000000000e+00
 0.000000000000000000e+00
 0.000000000000000000e+00
 0.000000000000000000e+00
 0.000000000000000000e+00
 0.000000000000000000e+00
 0.000000000000000000e+00
 0.000000000000000000e+00
 0.000000000000000000e+00
 0.000000000000000000e+00
 0.000000000000000000e+00
 0.000000000000000000e+00
 0.000000000000000000e+00
 0.000000000000000000e+00
 0.000000000000000000e+00
 0.000000000000000000e+00
 0.000000000000000000e+00
 0.000000000000000000e+00
 0.000000000000000000e+00
 0.000000000000000000e+00
 0.000000000000000000e+00
 0.000000000000000000e+00
 0.000000000000000000e+00
 0.000000000000000000e+00
 0.000000000000000000e+00
 0.000000000000000000e+00
 0.000000000000000000e+00
 0.000000000000000000e+00
 0.000000000000000000e+00
 0.000000000000000000e+00
 0.000000000000000000e+00
 0.000000000000000000e+00
 0.000000000000000000e+00
 0.000000000000000000e+00
 0.000000000000000000e+00
 0.000000000000000000e+00
 0.000000000000000000e+00
 0.000000000000000000e+00
 0.000000000000000000e+00
 0.000000000000000000e+00
 0.000000000000000000e+00
 0.000000000000000000e+00
 0.000000000000000000e+00
 0.000000000000000000e+00
 0.000000000000000000e+00
 0.000000000000000000e+00
 0.000000000000000000e+00
 0.000000000000000000e+00
 0.000000000000000000e+00
 0.000000000000000000e+00
 0.000000000000000000e+00
 0.000000000000000000e+00
 0.000000000000000000e+00
 0.000000000000000000e+00
 0.000000000000000000e+00
 0.000000000000000000e+00
 0.000000000000000000e+00
 0.000000000000000000e+00
 0.000000000000000000e+00
 0.000000000000000000e+00
 0.000000000000000000e+00
 0.000000000000000000e+00
 0.000000000000000000e+00
 0.000000000000000000e+00
 0.000000000000000000e+00
 0.000000000000000000e+00
 0.000000000000000000e+00
 0.000000000000000000e+00
 0.000000000000000000e+00
 0.000000000000000000e+00
 0.000000000000000000e+00
 0.000000000000000000e+00
 0.000000000000000000e+00
 0.000000000000000000e+00
 0.000000000000000000e+00
 0.000000000000000000e+00
 0.000000000000000000e+00
 0.000000000000000000e+00
 0.000000000000000000e+00
 0.000000000000000000e+00
 0.000000000000000000e+00
 0.000000000000000000e+00
 0.000000000000000000e+00
 0.000000000000000000e+00
 0.000000000000000000e+00
 0.000000000000000000e+00
 0.000000000000000000e+00
 0.000000000000000000e+00
 0.000000000000000000e+00
 0.000000000000000000e+00
 0.000000000000000000e+00
 0.000000000000000000e+00
 0.000000000000000000e+00
 0.000000000000000000e+00
 0.000000000000000000e+00
 0.000000000000000000e+00
 0.000000000000000000e+00
 0.000000000000000000e+00
 0.000000000000000000e+00
 0.000000000000000000e+00
 0.000000000000000000e+00
 0.000000000000000000e+00
 0.000000000000000000e+00
 0.000000000000000000e+00
 0.000000000000000000e+00
 0.000000000000000000e+00
 0.000000000000000000e+00
 0.000000000000000000e+00
 0.000000000000000000e+00
 0.000000000000000000e+00
 0.000000000000000000e+00
 0.000000000000000000e+00
 0.000000000000000000e+00
 0.000000000000000000e+00
 0.000000000000000000e+00
 0.000000000000000000e+00
 0.000000000000000000e+00
 0.000000000000000000e+00
 0.000000000000000000e+00
 0.000000000000000000e+00
 0.000000000000000000e+00
 0.000000000000000000e+00
 0.000000000000000000e+00
 0.000000000000000000e+00
 0.000000000000000000e+00
 0.000000000000000000e+00
 0.000000000000000000e+00
 0.000000000000000000e+00
 0.000000000000000000e+00
 0.000000000000000000e+00
 0.000000000000000000e+00
 0.000000000000000000e+00
 0.000000000000000000e+00
 0.000000000000000000e+00
 0.000000000000000000e+00
 0.000000000000000000e+00
 0.000000000000000000e+00
 0.000000000000000000e+00
 0.000000000000000000e+00
 0.000000000000000000e+00
 0.000000000000000000e+00
 0.000000000000000000e+00
 0.000000000000000000e+00
 0.000000000000000000e+00
 0.000000000000000000e+00
 0.000000000000000000e+00
 0.000000000000000000e+00
 0.000000000000000000e+00
 0.000000000000000000e+00
 0.000000000000000000e+00
 0.000000000000000000e+00
 0.000000000000000000e+00
 0.000000000000000000e+00
 0.000000000000000000e+00
 0.000000000000000000e+00
 0.000000000000000000e+00
 0.000000000000000000e+00
 0.000000000000000000e+00
 0.000000000000000000e+00
 0.000000000000000000e+00
 0.000000000000000000e+00
 0.000000000000000000e+00
 0.000000000000000000e+00
 0.000000000000000000e+00
 0.000000000000000000e+00
 0.000000000000000000e+00
 0.000000000000000000e+00
 0.000000000000000000e+00
 0.000000000000000000e+00
 0.000000000000000000e+00
 0.000000000000000000e+00
 0.000000000000000000e+00
 0.000000000000000000e+00
 0.000000000000000000e+00
 0.000000000000000000e+00
 0.000000000000000000e+00
 0.000000000000000000e+00
 0.000000000000000000e+00
 0.000000000000000000e+00
 0.000000000000000000e+00
 0.000000000000000000e+00
 0.000000000000000000e+00
 0.000000000000000000e+00
 0.000000000000000000e+00
 0.000000000000000000e+00
 0.000000000000000000e+00
 0.000000000000000000e+00
 0.000000000000000000e+00
 0.000000000000000000e+00
 0.000000000000000000e+00
 0.000000000000000000e+00
 4.524951473380310514e-06
 4.413262145176353066e-06
 4.301014183372474564e-06
 4.188207793367430804e-06
 4.074835057949251130e-06
 3.960881895700240153e-06
 3.846328755834751964e-06
 3.731149868593320110e-06
 3.615313443014995118e-06
 3.498780974304033245e-06
 3.381507642914455631e-06
 3.263445830922425633e-06
 3.144543062078011161e-06
 3.024737588572190665e-06
 2.903956929156815016e-06
 2.782109135762290909e-06
 2.659081001062727544e-06
 2.534735468499364855e-06
 2.408904798011083180e-06
 2.281416386850037184e-06
 2.152083965496784262e-06
 2.020661703549715992e-06
 1.886869963275229677e-06
 1.750435604637738926e-06
 1.611103921109024208e-06
 1.468496813169843004e-06
 1.322063816418584247e-06
 1.171412802842395632e-06
 1.016373284861602115e-06
 8.564549937511783343e-07
 6.908066362013965385e-07
 5.189636475523119402e-07
 3.446748840683310052e-07
 1.835085837443909258e-07
 6.500225081200871286e-08
 8.880824125118719462e-09
 2.142958138574314173e-13
 0.000000000000000000e+00
 0.000000000000000000e+00
 0.000000000000000000e+00
 0.000000000000000000e+00
 0.000000000000000000e+00
 0.000000000000000000e+00
 0.000000000000000000e+00
 0.000000000000000000e+00
 0.000000000000000000e+00
 0.000000000000000000e+00
 0.000000000000000000e+00
 0.000000000000000000e+00
 0.000000000000000000e+00
 0.000000000000000000e+00
 0.000000000000000000e+00
 0.000000000000000000e+00
 0.000000000000000000e+00
 0.000000000000000000e+00
 0.000000000000000000e+00
 0.000000000000000000e+00
 0.000000000000000000e+00
 0.000000000000000000e+00
 0.000000000000000000e+00
 0.000000000000000000e+00
 0.000000000000000000e+00
 0.000000000000000000e+00
 0.000000000000000000e+00
 0.000000000000000000e+00
 0.000000000000000000e+00
 0.000000000000000000e+00
 0.000000000000000000e+00
 0.000000000000000000e+00
 0.000000000000000000e+00
 0.000000000000000000e+00
 0.000000000000000000e+00
 0.000000000000000000e+00
 0.000000000000000000e+00
 0.000000000000000000e+00
 0.000000000000000000e+00
 0.000000000000000000e+00
 0.000000000000000000e+00
 0.000000000000000000e+00
 0.000000000000000000e+00
 0.000000000000000000e+00
 0.000000000000000000e+00
 0.000000000000000000e+00
 0.000000000000000000e+00
 0.000000000000000000e+00
 0.000000000000000000e+00
 0.000000000000000000e+00
 0.000000000000000000e+00
 0.000000000000000000e+00
 0.000000000000000000e+00
 0.000000000000000000e+00
 0.000000000000000000e+00
 0.000000000000000000e+00
 0.000000000000000000e+00
 0.000000000000000000e+00
 0.000000000000000000e+00
 0.000000000000000000e+00
 0.000000000000000000e+00
 0.000000000000000000e+00
 0.000000000000000000e+00
 0.000000000000000000e+00
 0.000000000000000000e+00
 0.000000000000000000e+00
 0.000000000000000000e+00
 0.000000000000000000e+00
 0.000000000000000000e+00
 0.000000000000000000e+00
 0.000000000000000000e+00
 0.000000000000000000e+00
 0.000000000000000000e+00
 0.000000000000000000e+00
 0.000000000000000000e+00
 0.000000000000000000e+00
 0.000000000000000000e+00
 0.000000000000000000e+00
 0.000000000000000000e+00
 0.000000000000000000e+00
 0.000000000000000000e+00
 0.000000000000000000e+00
 0.000000000000000000e+00
 0.000000000000000000e+00
 0.000000000000000000e+00
 0.000000000000000000e+00
 0.000000000000000000e+00
 0.000000000000000000e+00
 0.000000000000000000e+00
 0.000000000000000000e+00
 0.000000000000000000e+00
 0.000000000000000000e+00
 0.000000000000000000e+00
 0.000000000000000000e+00
 0.000000000000000000e+00
 0.000000000000000000e+00
 0.000000000000000000e+00
 0.000000000000000000e+00
 0.000000000000000000e+00
 0.000000000000000000e+00
 0.000000000000000000e+00
 0.000000000000000000e+00
 0.000000000000000000e+00
 0.000000000000000000e+00
 0.000000000000000000e+00
 0.000000000000000000e+00
 0.000000000000000000e+00
 0.000000000000000000e+00
 0.000000000000000000e+00
 0.000000000000000000e+00
 0.000000000000000000e+00
 0.000000000000000000e+00
 0.000000000000000000e+00
 0.000000000000000000e+00
 0.000000000000000000e+00
 0.000000000000000000e+00
 0.000000000000000000e+00
 0.000000000000000000e+00
 0.000000000000000000e+00
 0.000000000000000000e+00
 0.000000000000000000e+00
 0.000000000000000000e+00
 0.000000000000000000e+00
 0.000000000000000000e+00
 0.000000000000000000e+00
 0.000000000000000000e+00
 0.000000000000000000e+00
 0.000000000000000000e+00
 0.000000000000000000e+00
 0.000000000000000000e+00
 0.000000000000000000e+00
 0.000000000000000000e+00
 0.000000000000000000e+00
 0.000000000000000000e+00
 0.000000000000000000e+00
 0.000000000000000000e+00
 0.000000000000000000e+00
 0.000000000000000000e+00
 0.000000000000000000e+00
 0.000000000000000000e+00
 0.000000000000000000e+00
 0.000000000000000000e+00
 0.000000000000000000e+00
 0.000000000000000000e+00
 0.000000000000000000e+00
 0.000000000000000000e+00
 0.000000000000000000e+00
 0.000000000000000000e+00
 0.000000000000000000e+00
 0.000000000000000000e+00
 0.000000000000000000e+00
 0.000000000000000000e+00
 0.000000000000000000e+00
 0.000000000000000000e+00
 0.000000000000000000e+00
 0.000000000000000000e+00
 0.000000000000000000e+00
 0.000000000000000000e+00
 0.000000000000000000e+00
 0.000000000000000000e+00
 0.000000000000000000e+00
 0.000000000000000000e+00
 0.000000000000000000e+00
 0.000000000000000000e+00
 0.000000000000000000e+00
 0.000000000000000000e+00
 0.000000000000000000e+00
 0.000000000000000000e+00
 0.000000000000000000e+00
 0.000000000000000000e+00
 0.000000000000000000e+00
 0.000000000000000000e+00
 0.000000000000000000e+00
 0.000000000000000000e+00
 0.000000000000000000e+00
 0.000000000000000000e+00
 0.000000000000000000e+00
 0.000000000000000000e+00
 0.000000000000000000e+00
 0.000000000000000000e+00
 0.000000000000000000e+00
 0.000000000000000000e+00
 0.000000000000000000e+00
 0.000000000000000000e+00
 0.000000000000000000e+00
 0.000000000000000000e+00
 0.000000000000000000e+00
 0.000000000000000000e+00
 0.000000000000000000e+00
 0.000000000000000000e+00
 0.000000000000000000e+00
 0.000000000000000000e+00
 0.000000000000000000e+00
 0.000000000000000000e+00
 0.000000000000000000e+00
 0.000000000000000000e+00
 0.000000000000000000e+00
 0.000000000000000000e+00
 0.000000000000000000e+00
 0.000000000000000000e+00
 0.000000000000000000e+00
 0.000000000000000000e+00
 0.000000000000000000e+00
 0.000000000000000000e+00
 0.000000000000000000e+00
 0.000000000000000000e+00
 0.000000000000000000e+00
 0.000000000000000000e+00
 0.000000000000000000e+00
 0.000000000000000000e+00
 0.000000000000000000e+00
 0.000000000000000000e+00
 0.000000000000000000e+00
 </DataArray>
 <DataArray Name="massf[4]-O" type="Float32" NumberOfComponents="1" format="ascii">
 1.426080985967150515e-02
 1.395914827504042208e-02
 1.365208071749533097e-02
 1.333945929216721026e-02
 1.302112769224484344e-02
 1.269692027650353924e-02
 1.236666264724567248e-02
 1.203017364619042746e-02
 1.168726821719658429e-02
 1.133776042810471889e-02
 1.098146586424308263e-02
 1.061820275844112260e-02
 1.024779150761065231e-02
 9.870053029048059257e-03
 9.484805548429091002e-03
 9.091860128917854042e-03
 8.691019132888617993e-03
 8.282074052713911741e-03
 7.864806324745036645e-03
 7.438991313339090618e-03
 7.004395516558025586e-03
 6.560786759932793651e-03
 6.107940057128621349e-03
 5.645624509229518924e-03
 5.173621846681933541e-03
 4.691706234365719888e-03
 4.199671574630723520e-03
 3.697345202856748211e-03
 3.184504809923620252e-03
 2.661192093163903833e-03
 2.128186423772556769e-03
 1.589674570862758445e-03
 1.062716470964721657e-03
 5.941158801522691954e-04
 2.577673118888570807e-04
 8.775617191655841359e-05
 2.450231034956912331e-05
 7.827790002894984949e-07
 6.082159941346029607e-10
 0.000000000000000000e+00
 0.000000000000000000e+00
 0.000000000000000000e+00
 0.000000000000000000e+00
 0.000000000000000000e+00
 0.000000000000000000e+00
 0.000000000000000000e+00
 0.000000000000000000e+00
 0.000000000000000000e+00
 0.000000000000000000e+00
 0.000000000000000000e+00
 0.000000000000000000e+00
 0.000000000000000000e+00
 0.000000000000000000e+00
 0.000000000000000000e+00
 0.000000000000000000e+00
 0.000000000000000000e+00
 0.000000000000000000e+00
 0.000000000000000000e+00
 0.000000000000000000e+00
 0.000000000000000000e+00
 0.000000000000000000e+00
 0.000000000000000000e+00
 0.000000000000000000e+00
 0.000000000000000000e+00
 0.000000000000000000e+00
 0.000000000000000000e+00
 0.000000000000000000e+00
 0.000000000000000000e+00
 0.000000000000000000e+00
 0.000000000000000000e+00
 0.000000000000000000e+00
 0.000000000000000000e+00
 0.000000000000000000e+00
 0.000000000000000000e+00
 0.000000000000000000e+00
 0.000000000000000000e+00
 0.000000000000000000e+00
 0.000000000000000000e+00
 0.000000000000000000e+00
 0.000000000000000000e+00
 0.000000000000000000e+00
 0.000000000000000000e+00
 0.000000000000000000e+00
 0.000000000000000000e+00
 0.000000000000000000e+00
 0.000000000000000000e+00
 0.000000000000000000e+00
 0.000000000000000000e+00
 0.000000000000000000e+00
 0.000000000000000000e+00
 0.000000000000000000e+00
 0.000000000000000000e+00
 0.000000000000000000e+00
 0.000000000000000000e+00
 0.000000000000000000e+00
 0.000000000000000000e+00
 0.000000000000000000e+00
 0.000000000000000000e+00
 0.000000000000000000e+00
 0.000000000000000000e+00
 0.000000000000000000e+00
 0.000000000000000000e+00
 0.000000000000000000e+00
 0.000000000000000000e+00
 0.000000000000000000e+00
 0.000000000000000000e+00
 0.000000000000000000e+00
 0.000000000000000000e+00
 0.000000000000000000e+00
 0.000000000000000000e+00
 0.000000000000000000e+00
 0.000000000000000000e+00
 0.000000000000000000e+00
 0.000000000000000000e+00
 0.000000000000000000e+00
 0.000000000000000000e+00
 0.000000000000000000e+00
 0.000000000000000000e+00
 0.000000000000000000e+00
 0.000000000000000000e+00
 0.000000000000000000e+00
 0.000000000000000000e+00
 0.000000000000000000e+00
 0.000000000000000000e+00
 0.000000000000000000e+00
 0.000000000000000000e+00
 0.000000000000000000e+00
 0.000000000000000000e+00
 0.000000000000000000e+00
 0.000000000000000000e+00
 0.000000000000000000e+00
 0.000000000000000000e+00
 0.000000000000000000e+00
 0.000000000000000000e+00
 0.000000000000000000e+00
 0.000000000000000000e+00
 0.000000000000000000e+00
 0.000000000000000000e+00
 0.000000000000000000e+00
 0.000000000000000000e+00
 0.000000000000000000e+00
 0.000000000000000000e+00
 0.000000000000000000e+00
 0.000000000000000000e+00
 0.000000000000000000e+00
 0.000000000000000000e+00
 0.000000000000000000e+00
 0.000000000000000000e+00
 0.000000000000000000e+00
 0.000000000000000000e+00
 0.000000000000000000e+00
 0.000000000000000000e+00
 0.000000000000000000e+00
 0.000000000000000000e+00
 0.000000000000000000e+00
 0.000000000000000000e+00
 0.000000000000000000e+00
 0.000000000000000000e+00
 0.000000000000000000e+00
 0.000000000000000000e+00
 0.000000000000000000e+00
 0.000000000000000000e+00
 0.000000000000000000e+00
 0.000000000000000000e+00
 0.000000000000000000e+00
 0.000000000000000000e+00
 0.000000000000000000e+00
 0.000000000000000000e+00
 0.000000000000000000e+00
 0.000000000000000000e+00
 0.000000000000000000e+00
 0.000000000000000000e+00
 0.000000000000000000e+00
 0.000000000000000000e+00
 0.000000000000000000e+00
 0.000000000000000000e+00
 0.000000000000000000e+00
 0.000000000000000000e+00
 0.000000000000000000e+00
 0.000000000000000000e+00
 0.000000000000000000e+00
 0.000000000000000000e+00
 0.000000000000000000e+00
 0.000000000000000000e+00
 0.000000000000000000e+00
 0.000000000000000000e+00
 0.000000000000000000e+00
 0.000000000000000000e+00
 0.000000000000000000e+00
 0.000000000000000000e+00
 0.000000000000000000e+00
 0.000000000000000000e+00
 0.000000000000000000e+00
 0.000000000000000000e+00
 0.000000000000000000e+00
 0.000000000000000000e+00
 0.000000000000000000e+00
 0.000000000000000000e+00
 0.000000000000000000e+00
 0.000000000000000000e+00
 0.000000000000000000e+00
 0.000000000000000000e+00
 0.000000000000000000e+00
 0.000000000000000000e+00
 0.000000000000000000e+00
 0.000000000000000000e+00
 0.000000000000000000e+00
 0.000000000000000000e+00
 0.000000000000000000e+00
 0.000000000000000000e+00
 0.000000000000000000e+00
 0.000000000000000000e+00
 0.000000000000000000e+00
 0.000000000000000000e+00
 0.000000000000000000e+00
 0.000000000000000000e+00
 0.000000000000000000e+00
 0.000000000000000000e+00
 0.000000000000000000e+00
 0.000000000000000000e+00
 0.000000000000000000e+00
 0.000000000000000000e+00
 0.000000000000000000e+00
 0.000000000000000000e+00
 0.000000000000000000e+00
 0.000000000000000000e+00
 0.000000000000000000e+00
 0.000000000000000000e+00
 0.000000000000000000e+00
 0.000000000000000000e+00
 0.000000000000000000e+00
 0.000000000000000000e+00
 0.000000000000000000e+00
 0.000000000000000000e+00
 0.000000000000000000e+00
 0.000000000000000000e+00
 0.000000000000000000e+00
 0.000000000000000000e+00
 0.000000000000000000e+00
 0.000000000000000000e+00
 0.000000000000000000e+00
 0.000000000000000000e+00
 0.000000000000000000e+00
 0.000000000000000000e+00
 0.000000000000000000e+00
 0.000000000000000000e+00
 0.000000000000000000e+00
 0.000000000000000000e+00
 0.000000000000000000e+00
 0.000000000000000000e+00
 1.426080985967151035e-02
 1.395914827504044636e-02
 1.365208071749537955e-02
 1.333945929216729179e-02
 1.302112769224493365e-02
 1.269692027650360343e-02
 1.236666264724567421e-02
 1.203017364619037195e-02
 1.168726821719645072e-02
 1.133776042810453501e-02
 1.098146586424289355e-02
 1.061820275844094046e-02
 1.024779150761048578e-02
 9.870053029047936091e-03
 9.484805548429011204e-03
 9.091860128917798531e-03
 8.691019132888581564e-03
 8.282074052713883985e-03
 7.864806324745014093e-03
 7.438991313339068066e-03
 7.004395516558027321e-03
 6.560786759932819671e-03
 6.107940057128660380e-03
 5.645624509229574435e-03
 5.173621846681997725e-03
 4.691706234365791879e-03
 4.199671574630792908e-03
 3.697345202856814565e-03
 3.184504809923679233e-03
 2.661192093163954140e-03
 2.128186423772592331e-03
 1.589674570862782731e-03
 1.062716470964734667e-03
 5.941158801522748332e-04
 2.577673118888589780e-04
 8.775617191655922674e-05
 2.450231034956948584e-05
 7.827790002895271882e-07
 6.082159941346460775e-10
 0.000000000000000000e+00
 0.000000000000000000e+00
 0.000000000000000000e+00
 0.000000000000000000e+00
 0.000000000000000000e+00
 0.000000000000000000e+00
 0.000000000000000000e+00
 0.000000000000000000e+00
 0.000000000000000000e+00
 0.000000000000000000e+00
 0.000000000000000000e+00
 0.000000000000000000e+00
 0.000000000000000000e+00
 0.000000000000000000e+00
 0.000000000000000000e+00
 0.000000000000000000e+00
 0.000000000000000000e+00
 0.000000000000000000e+00
 0.000000000000000000e+00
 0.000000000000000000e+00
 0.000000000000000000e+00
 0.000000000000000000e+00
 0.000000000000000000e+00
 0.000000000000000000e+00
 0.000000000000000000e+00
 0.000000000000000000e+00
 0.000000000000000000e+00
 0.000000000000000000e+00
 0.000000000000000000e+00
 0.000000000000000000e+00
 0.000000000000000000e+00
 0.000000000000000000e+00
 0.000000000000000000e+00
 0.000000000000000000e+00
 0.000000000000000000e+00
 0.000000000000000000e+00
 0.000000000000000000e+00
 0.000000000000000000e+00
 0.000000000000000000e+00
 0.000000000000000000e+00
 0.000000000000000000e+00
 0.000000000000000000e+00
 0.000000000000000000e+00
 0.000000000000000000e+00
 0.000000000000000000e+00
 0.000000000000000000e+00
 0.000000000000000000e+00
 0.000000000000000000e+00
 0.000000000000000000e+00
 0.000000000000000000e+00
 0.000000000000000000e+00
 0.000000000000000000e+00
 0.000000000000000000e+00
 0.000000000000000000e+00
 0.000000000000000000e+00
 0.000000000000000000e+00
 0.000000000000000000e+00
 0.000000000000000000e+00
 0.000000000000000000e+00
 0.000000000000000000e+00
 0.000000000000000000e+00
 0.000000000000000000e+00
 0.000000000000000000e+00
 0.000000000000000000e+00
 0.000000000000000000e+00
 0.000000000000000000e+00
 0.000000000000000000e+00
 0.000000000000000000e+00
 0.000000000000000000e+00
 0.000000000000000000e+00
 0.000000000000000000e+00
 0.000000000000000000e+00
 0.000000000000000000e+00
 0.000000000000000000e+00
 0.000000000000000000e+00
 0.000000000000000000e+00
 0.000000000000000000e+00
 0.000000000000000000e+00
 0.000000000000000000e+00
 0.000000000000000000e+00
 0.000000000000000000e+00
 0.000000000000000000e+00
 0.000000000000000000e+00
 0.000000000000000000e+00
 0.000000000000000000e+00
 0.000000000000000000e+00
 0.000000000000000000e+00
 0.000000000000000000e+00
 0.000000000000000000e+00
 0.000000000000000000e+00
 0.000000000000000000e+00
 0.000000000000000000e+00
 0.000000000000000000e+00
 0.000000000000000000e+00
 0.000000000000000000e+00
 0.000000000000000000e+00
 0.000000000000000000e+00
 0.000000000000000000e+00
 0.000000000000000000e+00
 0.000000000000000000e+00
 0.000000000000000000e+00
 0.000000000000000000e+00
 0.000000000000000000e+00
 0.000000000000000000e+00
 0.000000000000000000e+00
 0.000000000000000000e+00
 0.000000000000000000e+00
 0.000000000000000000e+00
 0.000000000000000000e+00
 0.000000000000000000e+00
 0.000000000000000000e+00
 0.000000000000000000e+00
 0.000000000000000000e+00
 0.000000000000000000e+00
 0.000000000000000000e+00
 0.000000000000000000e+00
 0.000000000000000000e+00
 0.000000000000000000e+00
 0.000000000000000000e+00
 0.000000000000000000e+00
 0.000000000000000000e+00
 0.000000000000000000e+00
 0.000000000000000000e+00
 0.000000000000000000e+00
 0.000000000000000000e+00
 0.000000000000000000e+00
 0.000000000000000000e+00
 0.000000000000000000e+00
 0.000000000000000000e+00
 0.000000000000000000e+00
 0.000000000000000000e+00
 0.000000000000000000e+00
 0.000000000000000000e+00
 0.000000000000000000e+00
 0.000000000000000000e+00
 0.000000000000000000e+00
 0.000000000000000000e+00
 0.000000000000000000e+00
 0.000000000000000000e+00
 0.000000000000000000e+00
 0.000000000000000000e+00
 0.000000000000000000e+00
 0.000000000000000000e+00
 0.000000000000000000e+00
 0.000000000000000000e+00
 0.000000000000000000e+00
 0.000000000000000000e+00
 0.000000000000000000e+00
 0.000000000000000000e+00
 0.000000000000000000e+00
 0.000000000000000000e+00
 0.000000000000000000e+00
 0.000000000000000000e+00
 0.000000000000000000e+00
 0.000000000000000000e+00
 0.000000000000000000e+00
 0.000000000000000000e+00
 0.000000000000000000e+00
 0.000000000000000000e+00
 0.000000000000000000e+00
 0.000000000000000000e+00
 0.000000000000000000e+00
 0.000000000000000000e+00
 0.000000000000000000e+00
 0.000000000000000000e+00
 0.000000000000000000e+00
 0.000000000000000000e+00
 0.000000000000000000e+00
 0.000000000000000000e+00
 0.000000000000000000e+00
 0.000000000000000000e+00
 0.000000000000000000e+00
 0.000000000000000000e+00
 0.000000000000000000e+00
 0.000000000000000000e+00
 0.000000000000000000e+00
 0.000000000000000000e+00
 0.000000000000000000e+00
 0.000000000000000000e+00
 0.000000000000000000e+00
 0.000000000000000000e+00
 0.000000000000000000e+00
 0.000000000000000000e+00
 0.000000000000000000e+00
 0.000000000000000000e+00
 0.000000000000000000e+00
 0.000000000000000000e+00
 0.000000000000000000e+00
 0.000000000000000000e+00
 0.000000000000000000e+00
 0.000000000000000000e+00
 0.000000000000000000e+00
 0.000000000000000000e+00
 0.000000000000000000e+00
 0.000000000000000000e+00
 0.000000000000000000e+00
 0.000000000000000000e+00
 0.000000000000000000e+00
 0.000000000000000000e+00
 0.000000000000000000e+00
 0.000000000000000000e+00
 0.000000000000000000e+00
 0.000000000000000000e+00
 0.000000000000000000e+00
 0.000000000000000000e+00
 0.000000000000000000e+00
 0.000000000000000000e+00
 0.000000000000000000e+00
 0.000000000000000000e+00
 0.000000000000000000e+00
 0.000000000000000000e+00
 </DataArray>
 <DataArray Name="massf[5]-NO" type="Float32" NumberOfComponents="1" format="ascii">
 1.296080966164853479e-02
 1.238815469336593256e-02
 1.181930126202247744e-02
 1.125475848223831364e-02
 1.069505025813248175e-02
 1.014071693522818236e-02
 9.592318977222801663e-03
 9.050441855670277036e-03
 8.515701345096457139e-03
 7.988747809425975066e-03
 7.470268835355223756e-03
 6.960990081417725225e-03
 6.461673969505058943e-03
 5.973117952461686787e-03
 5.496152054146431071e-03
 5.031636649347777726e-03
 4.580464457913457389e-03
 4.143561937490997625e-03
 3.721895375856363632e-03
 3.316475209185521054e-03
 2.928357151799635284e-03
 2.558654416373802674e-03
 2.208539380991366308e-03
 1.879241997375169244e-03
 1.572053981027196666e-03
 1.288321826233314229e-03
 1.029495766704399250e-03
 7.971036472011727150e-04
 5.927229871286822426e-04
 4.180407578527730521e-04
 2.747460419027183032e-04
 1.642227890256354106e-04
 8.657965232258444353e-05
 3.901786588152489680e-05
 1.487575150939927197e-05
 5.147189238228755393e-06
 1.461415697010109313e-06
 4.488408555156757682e-08
 0.000000000000000000e+00
 0.000000000000000000e+00
 0.000000000000000000e+00
 0.000000000000000000e+00
 0.000000000000000000e+00
 0.000000000000000000e+00
 0.000000000000000000e+00
 0.000000000000000000e+00
 0.000000000000000000e+00
 0.000000000000000000e+00
 0.000000000000000000e+00
 0.000000000000000000e+00
 0.000000000000000000e+00
 0.000000000000000000e+00
 0.000000000000000000e+00
 0.000000000000000000e+00
 0.000000000000000000e+00
 0.000000000000000000e+00
 0.000000000000000000e+00
 0.000000000000000000e+00
 0.000000000000000000e+00
 0.000000000000000000e+00
 0.000000000000000000e+00
 0.000000000000000000e+00
 0.000000000000000000e+00
 0.000000000000000000e+00
 0.000000000000000000e+00
 0.000000000000000000e+00
 0.000000000000000000e+00
 0.000000000000000000e+00
 0.000000000000000000e+00
 0.000000000000000000e+00
 0.000000000000000000e+00
 0.000000000000000000e+00
 0.000000000000000000e+00
 0.000000000000000000e+00
 0.000000000000000000e+00
 0.000000000000000000e+00
 0.000000000000000000e+00
 0.000000000000000000e+00
 0.000000000000000000e+00
 0.000000000000000000e+00
 0.000000000000000000e+00
 0.000000000000000000e+00
 0.000000000000000000e+00
 0.000000000000000000e+00
 0.000000000000000000e+00
 0.000000000000000000e+00
 0.000000000000000000e+00
 0.000000000000000000e+00
 0.000000000000000000e+00
 0.000000000000000000e+00
 0.000000000000000000e+00
 0.000000000000000000e+00
 0.000000000000000000e+00
 0.000000000000000000e+00
 0.000000000000000000e+00
 0.000000000000000000e+00
 0.000000000000000000e+00
 0.000000000000000000e+00
 0.000000000000000000e+00
 0.000000000000000000e+00
 0.000000000000000000e+00
 0.000000000000000000e+00
 0.000000000000000000e+00
 0.000000000000000000e+00
 0.000000000000000000e+00
 0.000000000000000000e+00
 0.000000000000000000e+00
 0.000000000000000000e+00
 0.000000000000000000e+00
 0.000000000000000000e+00
 0.000000000000000000e+00
 0.000000000000000000e+00
 0.000000000000000000e+00
 0.000000000000000000e+00
 0.000000000000000000e+00
 0.000000000000000000e+00
 0.000000000000000000e+00
 0.000000000000000000e+00
 0.000000000000000000e+00
 0.000000000000000000e+00
 0.000000000000000000e+00
 0.000000000000000000e+00
 0.000000000000000000e+00
 0.000000000000000000e+00
 0.000000000000000000e+00
 0.000000000000000000e+00
 0.000000000000000000e+00
 0.000000000000000000e+00
 0.000000000000000000e+00
 0.000000000000000000e+00
 0.000000000000000000e+00
 0.000000000000000000e+00
 0.000000000000000000e+00
 0.000000000000000000e+00
 0.000000000000000000e+00
 0.000000000000000000e+00
 0.000000000000000000e+00
 0.000000000000000000e+00
 0.000000000000000000e+00
 0.000000000000000000e+00
 0.000000000000000000e+00
 0.000000000000000000e+00
 0.000000000000000000e+00
 0.000000000000000000e+00
 0.000000000000000000e+00
 0.000000000000000000e+00
 0.000000000000000000e+00
 0.000000000000000000e+00
 0.000000000000000000e+00
 0.000000000000000000e+00
 0.000000000000000000e+00
 0.000000000000000000e+00
 0.000000000000000000e+00
 0.000000000000000000e+00
 0.000000000000000000e+00
 0.000000000000000000e+00
 0.000000000000000000e+00
 0.000000000000000000e+00
 0.000000000000000000e+00
 0.000000000000000000e+00
 0.000000000000000000e+00
 0.000000000000000000e+00
 0.000000000000000000e+00
 0.000000000000000000e+00
 0.000000000000000000e+00
 0.000000000000000000e+00
 0.000000000000000000e+00
 0.000000000000000000e+00
 0.000000000000000000e+00
 0.000000000000000000e+00
 0.000000000000000000e+00
 0.000000000000000000e+00
 0.000000000000000000e+00
 0.000000000000000000e+00
 0.000000000000000000e+00
 0.000000000000000000e+00
 0.000000000000000000e+00
 0.000000000000000000e+00
 0.000000000000000000e+00
 0.000000000000000000e+00
 0.000000000000000000e+00
 0.000000000000000000e+00
 0.000000000000000000e+00
 0.000000000000000000e+00
 0.000000000000000000e+00
 0.000000000000000000e+00
 0.000000000000000000e+00
 0.000000000000000000e+00
 0.000000000000000000e+00
 0.000000000000000000e+00
 0.000000000000000000e+00
 0.000000000000000000e+00
 0.000000000000000000e+00
 0.000000000000000000e+00
 0.000000000000000000e+00
 0.000000000000000000e+00
 0.000000000000000000e+00
 0.000000000000000000e+00
 0.000000000000000000e+00
 0.000000000000000000e+00
 0.000000000000000000e+00
 0.000000000000000000e+00
 0.000000000000000000e+00
 0.000000000000000000e+00
 0.000000000000000000e+00
 0.000000000000000000e+00
 0.000000000000000000e+00
 0.000000000000000000e+00
 0.000000000000000000e+00
 0.000000000000000000e+00
 0.000000000000000000e+00
 0.000000000000000000e+00
 0.000000000000000000e+00
 0.000000000000000000e+00
 0.000000000000000000e+00
 0.000000000000000000e+00
 0.000000000000000000e+00
 0.000000000000000000e+00
 0.000000000000000000e+00
 0.000000000000000000e+00
 0.000000000000000000e+00
 0.000000000000000000e+00
 0.000000000000000000e+00
 0.000000000000000000e+00
 0.000000000000000000e+00
 0.000000000000000000e+00
 0.000000000000000000e+00
 0.000000000000000000e+00
 0.000000000000000000e+00
 0.000000000000000000e+00
 0.000000000000000000e+00
 0.000000000000000000e+00
 0.000000000000000000e+00
 0.000000000000000000e+00
 0.000000000000000000e+00
 0.000000000000000000e+00
 0.000000000000000000e+00
 0.000000000000000000e+00
 0.000000000000000000e+00
 0.000000000000000000e+00
 0.000000000000000000e+00
 0.000000000000000000e+00
 0.000000000000000000e+00
 0.000000000000000000e+00
 0.000000000000000000e+00
 0.000000000000000000e+00
 0.000000000000000000e+00
 0.000000000000000000e+00
 0.000000000000000000e+00
 0.000000000000000000e+00
 1.296080966164855908e-02
 1.238815469336597419e-02
 1.181930126202253815e-02
 1.125475848223838303e-02
 1.069505025813253900e-02
 1.014071693522821012e-02
 9.592318977222760029e-03
 9.050441855670167748e-03
 8.515701345096280198e-03
 7.988747809425761695e-03
 7.470268835355012987e-03
 6.960990081417536141e-03
 6.461673969504905420e-03
 5.973117952461570561e-03
 5.496152054146347804e-03
 5.031636649347722215e-03
 4.580464457913418358e-03
 4.143561937490975941e-03
 3.721895375856348019e-03
 3.316475209185511513e-03
 2.928357151799641789e-03
 2.558654416373820455e-03
 2.208539380991389293e-03
 1.879241997375195481e-03
 1.572053981027226590e-03
 1.288321826233345237e-03
 1.029495766704427223e-03
 7.971036472011957001e-04
 5.927229871287001319e-04
 4.180407578527856830e-04
 2.747460419027263805e-04
 1.642227890256399371e-04
 8.657965232258665259e-05
 3.901786588152585225e-05
 1.487575150939962772e-05
 5.147189238228883295e-06
 1.461415697010153994e-06
 4.488408555157003851e-08
 0.000000000000000000e+00
 0.000000000000000000e+00
 0.000000000000000000e+00
 0.000000000000000000e+00
 0.000000000000000000e+00
 0.000000000000000000e+00
 0.000000000000000000e+00
 0.000000000000000000e+00
 0.000000000000000000e+00
 0.000000000000000000e+00
 0.000000000000000000e+00
 0.000000000000000000e+00
 0.000000000000000000e+00
 0.000000000000000000e+00
 0.000000000000000000e+00
 0.000000000000000000e+00
 0.000000000000000000e+00
 0.000000000000000000e+00
 0.000000000000000000e+00
 0.000000000000000000e+00
 0.000000000000000000e+00
 0.000000000000000000e+00
 0.000000000000000000e+00
 0.000000000000000000e+00
 0.000000000000000000e+00
 0.000000000000000000e+00
 0.000000000000000000e+00
 0.000000000000000000e+00
 0.000000000000000000e+00
 0.000000000000000000e+00
 0.000000000000000000e+00
 0.000000000000000000e+00
 0.000000000000000000e+00
 0.000000000000000000e+00
 0.000000000000000000e+00
 0.000000000000000000e+00
 0.000000000000000000e+00
 0.000000000000000000e+00
 0.000000000000000000e+00
 0.000000000000000000e+00
 0.000000000000000000e+00
 0.000000000000000000e+00
 0.000000000000000000e+00
 0.000000000000000000e+00
 0.000000000000000000e+00
 0.000000000000000000e+00
 0.000000000000000000e+00
 0.000000000000000000e+00
 0.000000000000000000e+00
 0.000000000000000000e+00
 0.000000000000000000e+00
 0.000000000000000000e+00
 0.000000000000000000e+00
 0.000000000000000000e+00
 0.000000000000000000e+00
 0.000000000000000000e+00
 0.000000000000000000e+00
 0.000000000000000000e+00
 0.000000000000000000e+00
 0.000000000000000000e+00
 0.000000000000000000e+00
 0.000000000000000000e+00
 0.000000000000000000e+00
 0.000000000000000000e+00
 0.000000000000000000e+00
 0.000000000000000000e+00
 0.000000000000000000e+00
 0.000000000000000000e+00
 0.000000000000000000e+00
 0.000000000000000000e+00
 0.000000000000000000e+00
 0.000000000000000000e+00
 0.000000000000000000e+00
 0.000000000000000000e+00
 0.000000000000000000e+00
 0.000000000000000000e+00
 0.000000000000000000e+00
 0.000000000000000000e+00
 0.000000000000000000e+00
 0.000000000000000000e+00
 0.000000000000000000e+00
 0.000000000000000000e+00
 0.000000000000000000e+00
 0.000000000000000000e+00
 0.000000000000000000e+00
 0.000000000000000000e+00
 0.000000000000000000e+00
 0.000000000000000000e+00
 0.000000000000000000e+00
 0.000000000000000000e+00
 0.000000000000000000e+00
 0.000000000000000000e+00
 0.000000000000000000e+00
 0.000000000000000000e+00
 0.000000000000000000e+00
 0.000000000000000000e+00
 0.000000000000000000e+00
 0.000000000000000000e+00
 0.000000000000000000e+00
 0.000000000000000000e+00
 0.000000000000000000e+00
 0.000000000000000000e+00
 0.000000000000000000e+00
 0.000000000000000000e+00
 0.000000000000000000e+00
 0.000000000000000000e+00
 0.000000000000000000e+00
 0.000000000000000000e+00
 0.000000000000000000e+00
 0.000000000000000000e+00
 0.000000000000000000e+00
 0.000000000000000000e+00
 0.000000000000000000e+00
 0.000000000000000000e+00
 0.000000000000000000e+00
 0.000000000000000000e+00
 0.000000000000000000e+00
 0.000000000000000000e+00
 0.000000000000000000e+00
 0.000000000000000000e+00
 0.000000000000000000e+00
 0.000000000000000000e+00
 0.000000000000000000e+00
 0.000000000000000000e+00
 0.000000000000000000e+00
 0.000000000000000000e+00
 0.000000000000000000e+00
 0.000000000000000000e+00
 0.000000000000000000e+00
 0.000000000000000000e+00
 0.000000000000000000e+00
 0.000000000000000000e+00
 0.000000000000000000e+00
 0.000000000000000000e+00
 0.000000000000000000e+00
 0.000000000000000000e+00
 0.000000000000000000e+00
 0.000000000000000000e+00
 0.000000000000000000e+00
 0.000000000000000000e+00
 0.000000000000000000e+00
 0.000000000000000000e+00
 0.000000000000000000e+00
 0.000000000000000000e+00
 0.000000000000000000e+00
 0.000000000000000000e+00
 0.000000000000000000e+00
 0.000000000000000000e+00
 0.000000000000000000e+00
 0.000000000000000000e+00
 0.000000000000000000e+00
 0.000000000000000000e+00
 0.000000000000000000e+00
 0.000000000000000000e+00
 0.000000000000000000e+00
 0.000000000000000000e+00
 0.000000000000000000e+00
 0.000000000000000000e+00
 0.000000000000000000e+00
 0.000000000000000000e+00
 0.000000000000000000e+00
 0.000000000000000000e+00
 0.000000000000000000e+00
 0.000000000000000000e+00
 0.000000000000000000e+00
 0.000000000000000000e+00
 0.000000000000000000e+00
 0.000000000000000000e+00
 0.000000000000000000e+00
 0.000000000000000000e+00
 0.000000000000000000e+00
 0.000000000000000000e+00
 0.000000000000000000e+00
 0.000000000000000000e+00
 0.000000000000000000e+00
 0.000000000000000000e+00
 0.000000000000000000e+00
 0.000000000000000000e+00
 0.000000000000000000e+00
 0.000000000000000000e+00
 0.000000000000000000e+00
 0.000000000000000000e+00
 0.000000000000000000e+00
 0.000000000000000000e+00
 0.000000000000000000e+00
 0.000000000000000000e+00
 0.000000000000000000e+00
 0.000000000000000000e+00
 0.000000000000000000e+00
 0.000000000000000000e+00
 0.000000000000000000e+00
 0.000000000000000000e+00
 0.000000000000000000e+00
 0.000000000000000000e+00
 0.000000000000000000e+00
 0.000000000000000000e+00
 0.000000000000000000e+00
 0.000000000000000000e+00
 0.000000000000000000e+00
 0.000000000000000000e+00
 0.000000000000000000e+00
 0.000000000000000000e+00
 0.000000000000000000e+00
 0.000000000000000000e+00
 0.000000000000000000e+00
 0.000000000000000000e+00
 0.000000000000000000e+00
 0.000000000000000000e+00
 0.000000000000000000e+00
 0.000000000000000000e+00
 0.000000000000000000e+00
 0.000000000000000000e+00
 </DataArray>
 <DataArray Name="dt_chem" type="Float32" NumberOfComponents="1" format="ascii">
 5.907555226921558282e-06
 5.906697575772835312e-06
 5.906417384563383065e-06
 5.906624197419242257e-06
 5.907359736210236993e-06
 5.908830668243479560e-06
 5.911248271805023207e-06
 5.914732624257229573e-06
 5.919332654963880605e-06
 5.925008291070517745e-06
 5.931790255196677257e-06
 5.939944350382163293e-06
 5.949835230787122605e-06
 5.961850220762525201e-06
 5.976172334176298334e-06
 5.992594081987480369e-06
 6.011387846160512650e-06
 6.033430580153546832e-06
 6.058840504994303903e-06
 6.087443962051328039e-06
 6.120481361960588445e-06
 6.161136945326239664e-06
 6.211320138960676108e-06
 6.264237711977115387e-06
 6.319847985652920033e-06
 6.399704135768927374e-06
 6.518213378635595469e-06
 6.623621698160238444e-06
 6.721817645849492851e-06
 6.877628491188350617e-06
 6.996669502907594086e-06
 6.996669502907594086e-06
 6.996669502907594086e-06
 6.996669502907594086e-06
 6.996669502907594086e-06
 6.996669502907594086e-06
 6.996669502907594086e-06
 5.933485776104008968e-06
 -1.000000000000000000e+00
 -1.000000000000000000e+00
 -1.000000000000000000e+00
 -1.000000000000000000e+00
 -1.000000000000000000e+00
 -1.000000000000000000e+00
 -1.000000000000000000e+00
 -1.000000000000000000e+00
 -1.000000000000000000e+00
 -1.000000000000000000e+00
 -1.000000000000000000e+00
 -1.000000000000000000e+00
 -1.000000000000000000e+00
 -1.000000000000000000e+00
 -1.000000000000000000e+00
 -1.000000000000000000e+00
 -1.000000000000000000e+00
 -1.000000000000000000e+00
 -1.000000000000000000e+00
 -1.000000000000000000e+00
 -1.000000000000000000e+00
 -1.000000000000000000e+00
 -1.000000000000000000e+00
 -1.000000000000000000e+00
 -1.000000000000000000e+00
 -1.000000000000000000e+00
 -1.000000000000000000e+00
 -1.000000000000000000e+00
 -1.000000000000000000e+00
 -1.000000000000000000e+00
 -1.000000000000000000e+00
 -1.000000000000000000e+00
 -1.000000000000000000e+00
 -1.000000000000000000e+00
 -1.000000000000000000e+00
 -1.000000000000000000e+00
 -1.000000000000000000e+00
 -1.000000000000000000e+00
 -1.000000000000000000e+00
 -1.000000000000000000e+00
 -1.000000000000000000e+00
 -1.000000000000000000e+00
 -1.000000000000000000e+00
 -1.000000000000000000e+00
 -1.000000000000000000e+00
 -1.000000000000000000e+00
 -1.000000000000000000e+00
 -1.000000000000000000e+00
 -1.000000000000000000e+00
 -1.000000000000000000e+00
 -1.000000000000000000e+00
 -1.000000000000000000e+00
 -1.000000000000000000e+00
 -1.000000000000000000e+00
 -1.000000000000000000e+00
 -1.000000000000000000e+00
 -1.000000000000000000e+00
 -1.000000000000000000e+00
 -1.000000000000000000e+00
 -1.000000000000000000e+00
 -1.000000000000000000e+00
 -1.000000000000000000e+00
 -1.000000000000000000e+00
 -1.000000000000000000e+00
 -1.000000000000000000e+00
 -1.000000000000000000e+00
 -1.000000000000000000e+00
 -1.000000000000000000e+00
 -1.000000000000000000e+00
 -1.000000000000000000e+00
 -1.000000000000000000e+00
 -1.000000000000000000e+00
 -1.000000000000000000e+00
 -1.000000000000000000e+00
 -1.000000000000000000e+00
 -1.000000000000000000e+00
 -1.000000000000000000e+00
 -1.000000000000000000e+00
 -1.000000000000000000e+00
 -1.000000000000000000e+00
 -1.000000000000000000e+00
 -1.000000000000000000e+00
 -1.000000000000000000e+00
 -1.000000000000000000e+00
 -1.000000000000000000e+00
 -1.000000000000000000e+00
 -1.000000000000000000e+00
 -1.000000000000000000e+00
 -1.000000000000000000e+00
 -1.000000000000000000e+00
 -1.000000000000000000e+00
 -1.000000000000000000e+00
 -1.000000000000000000e+00
 -1.000000000000000000e+00
 -1.000000000000000000e+00
 -1.000000000000000000e+00
 -1.000000000000000000e+00
 -1.000000000000000000e+00
 -1.000000000000000000e+00
 -1.000000000000000000e+00
 -1.000000000000000000e+00
 -1.000000000000000000e+00
 -1.000000000000000000e+00
 -1.000000000000000000e+00
 -1.000000000000000000e+00
 -1.000000000000000000e+00
 -1.000000000000000000e+00
 -1.000000000000000000e+00
 -1.000000000000000000e+00
 -1.000000000000000000e+00
 -1.000000000000000000e+00
 -1.000000000000000000e+00
 -1.000000000000000000e+00
 -1.000000000000000000e+00
 -1.000000000000000000e+00
 -1.000000000000000000e+00
 -1.000000000000000000e+00
 -1.000000000000000000e+00
 -1.000000000000000000e+00
 -1.000000000000000000e+00
 -1.000000000000000000e+00
 -1.000000000000000000e+00
 -1.000000000000000000e+00
 -1.000000000000000000e+00
 -1.000000000000000000e+00
 -1.000000000000000000e+00
 -1.000000000000000000e+00
 -1.000000000000000000e+00
 -1.000000000000000000e+00
 -1.000000000000000000e+00
 -1.000000000000000000e+00
 -1.000000000000000000e+00
 -1.000000000000000000e+00
 -1.000000000000000000e+00
 -1.000000000000000000e+00
 -1.000000000000000000e+00
 -1.000000000000000000e+00
 -1.000000000000000000e+00
 -1.000000000000000000e+00
 -1.000000000000000000e+00
 -1.000000000000000000e+00
 -1.000000000000000000e+00
 -1.000000000000000000e+00
 -1.000000000000000000e+00
 -1.000000000000000000e+00
 -1.000000000000000000e+00
 -1.000000000000000000e+00
 -1.000000000000000000e+00
 -1.000000000000000000e+00
 -1.000000000000000000e+00
 -1.000000000000000000e+00
 -1.000000000000000000e+00
 -1.000000000000000000e+00
 -1.000000000000000000e+00
 -1.000000000000000000e+00
 -1.000000000000000000e+00
 -1.000000000000000000e+00
 -1.000000000000000000e+00
 -1.000000000000000000e+00
 -1.000000000000000000e+00
 -1.000000000000000000e+00
 -1.000000000000000000e+00
 -1.000000000000000000e+00
 -1.000000000000000000e+00
 -1.000000000000000000e+00
 -1.000000000000000000e+00
 -1.000000000000000000e+00
 -1.000000000000000000e+00
 -1.000000000000000000e+00
 -1.000000000000000000e+00
 -1.000000000000000000e+00
 -1.000000000000000000e+00
 -1.000000000000000000e+00
 -1.000000000000000000e+00
 -1.000000000000000000e+00
 -1.000000000000000000e+00
 -1.000000000000000000e+00
 -1.000000000000000000e+00
 -1.000000000000000000e+00
 -1.000000000000000000e+00
 -1.000000000000000000e+00
 -1.000000000000000000e+00
 -1.000000000000000000e+00
 -1.000000000000000000e+00
 -1.000000000000000000e+00
 -1.000000000000000000e+00
 -1.000000000000000000e+00
 -1.000000000000000000e+00
 -1.000000000000000000e+00
 -1.000000000000000000e+00
 -1.000000000000000000e+00
 -1.000000000000000000e+00
 -1.000000000000000000e+00
 -1.000000000000000000e+00
 -1.000000000000000000e+00
 -1.000000000000000000e+00
 -1.000000000000000000e+00
 -1.000000000000000000e+00
 -1.000000000000000000e+00
 -1.000000000000000000e+00
 -1.000000000000000000e+00
 -1.000000000000000000e+00
 -1.000000000000000000e+00
 -1.000000000000000000e+00
 -1.000000000000000000e+00
 -1.000000000000000000e+00
 -1.000000000000000000e+00
 -1.000000000000000000e+00
 -1.000000000000000000e+00
 -1.000000000000000000e+00
 -1.000000000000000000e+00
 -1.000000000000000000e+00
 5.907555226915142854e-06
 5.906697575769636069e-06
 5.906417381651618371e-06
 5.906624194493309243e-06
 5.907359736207052149e-06
 5.908830668245070288e-06
 5.911248271808208898e-06
 5.914732624258825383e-06
 5.919332654965479803e-06
 5.925008298953718707e-06
 5.931790255195062812e-06
 5.939944350382163293e-06
 5.949835191768062846e-06
 5.961850220760868405e-06
 5.976172334176298334e-06
 5.992594081985776139e-06
 6.011387846160512650e-06
 6.033430576623559894e-06
 6.058840504992492100e-06
 6.087443958324117103e-06
 6.120481361958666527e-06
 6.161136945329232231e-06
 6.211320138962767433e-06
 6.264237715851473734e-06
 6.319847985068308904e-06
 6.399704135768927374e-06
 6.518213381450567167e-06
 6.623621701650794304e-06
 6.721817642458941089e-06
 6.877628491189308611e-06
 6.996669502907594086e-06
 6.996669502907594086e-06
 6.996669502907594086e-06
 6.996669502907594086e-06
 6.996669502907594086e-06
 6.996669502907594086e-06
 6.996669502907594086e-06
 5.933485776104008968e-06
 -1.000000000000000000e+00
 -1.000000000000000000e+00
 -1.000000000000000000e+00
 -1.000000000000000000e+00
 -1.000000000000000000e+00
 -1.000000000000000000e+00
 -1.000000000000000000e+00
 -1.000000000000000000e+00
 -1.000000000000000000e+00
 -1.000000000000000000e+00
 -1.000000000000000000e+00
 -1.000000000000000000e+00
 -1.000000000000000000e+00
 -1.000000000000000000e+00
 -1.000000000000000000e+00
 -1.000000000000000000e+00
 -1.000000000000000000e+00
 -1.000000000000000000e+00
 -1.000000000000000000e+00
 -1.000000000000000000e+00
 -1.000000000000000000e+00
 -1.000000000000000000e+00
 -1.000000000000000000e+00
 -1.000000000000000000e+00
 -1.000000000000000000e+00
 -1.000000000000000000e+00
 -1.000000000000000000e+00
 -1.000000000000000000e+00
 -1.000000000000000000e+00
 -1.000000000000000000e+00
 -1.000000000000000000e+00
 -1.000000000000000000e+00
 -1.000000000000000000e+00
 -1.000000000000000000e+00
 -1.000000000000000000e+00
 -1.000000000000000000e+00
 -1.000000000000000000e+00
 -1.000000000000000000e+00
 -1.000000000000000000e+00
 -1.000000000000000000e+00
 -1.000000000000000000e+00
 -1.000000000000000000e+00
 -1.000000000000000000e+00
 -1.000000000000000000e+00
 -1.000000000000000000e+00
 -1.000000000000000000e+00
 -1.000000000000000000e+00
 -1.000000000000000000e+00
 -1.000000000000000000e+00
 -1.000000000000000000e+00
 -1.000000000000000000e+00
 -1.000000000000000000e+00
 -1.000000000000000000e+00
 -1.000000000000000000e+00
 -1.000000000000000000e+00
 -1.000000000000000000e+00
 -1.000000000000000000e+00
 -1.000000000000000000e+00
 -1.000000000000000000e+00
 -1.000000000000000000e+00
 -1.000000000000000000e+00
 -1.000000000000000000e+00
 -1.000000000000000000e+00
 -1.000000000000000000e+00
 -1.000000000000000000e+00
 -1.000000000000000000e+00
 -1.000000000000000000e+00
 -1.000000000000000000e+00
 -1.000000000000000000e+00
 -1.000000000000000000e+00
 -1.000000000000000000e+00
 -1.000000000000000000e+00
 -1.000000000000000000e+00
 -1.000000000000000000e+00
 -1.000000000000000000e+00
 -1.000000000000000000e+00
 -1.000000000000000000e+00
 -1.000000000000000000e+00
 -1.000000000000000000e+00
 -1.000000000000000000e+00
 -1.000000000000000000e+00
 -1.000000000000000000e+00
 -1.000000000000000000e+00
 -1.000000000000000000e+00
 -1.000000000000000000e+00
 -1.000000000000000000e+00
 -1.000000000000000000e+00
 -1.000000000000000000e+00
 -1.000000000000000000e+00
 -1.000000000000000000e+00
 -1.000000000000000000e+00
 -1.000000000000000000e+00
 -1.000000000000000000e+00
 -1.000000000000000000e+00
 -1.000000000000000000e+00
 -1.000000000000000000e+00
 -1.000000000000000000e+00
 -1.000000000000000000e+00
 -1.000000000000000000e+00
 -1.000000000000000000e+00
 -1.000000000000000000e+00
 -1.000000000000000000e+00
 -1.000000000000000000e+00
 -1.000000000000000000e+00
 -1.000000000000000000e+00
 -1.000000000000000000e+00
 -1.000000000000000000e+00
 -1.000000000000000000e+00
 -1.000000000000000000e+00
 -1.000000000000000000e+00
 -1.000000000000000000e+00
 -1.000000000000000000e+00
 -1.000000000000000000e+00
 -1.000000000000000000e+00
 -1.000000000000000000e+00
 -1.000000000000000000e+00
 -1.000000000000000000e+00
 -1.000000000000000000e+00
 -1.000000000000000000e+00
 -1.000000000000000000e+00
 -1.000000000000000000e+00
 -1.000000000000000000e+00
 -1.000000000000000000e+00
 -1.000000000000000000e+00
 -1.000000000000000000e+00
 -1.000000000000000000e+00
 -1.000000000000000000e+00
 -1.000000000000000000e+00
 -1.000000000000000000e+00
 -1.000000000000000000e+00
 -1.000000000000000000e+00
 -1.000000000000000000e+00
 -1.000000000000000000e+00
 -1.000000000000000000e+00
 -1.000000000000000000e+00
 -1.000000000000000000e+00
 -1.000000000000000000e+00
 -1.000000000000000000e+00
 -1.000000000000000000e+00
 -1.000000000000000000e+00
 -1.000000000000000000e+00
 -1.000000000000000000e+00
 -1.000000000000000000e+00
 -1.000000000000000000e+00
 -1.000000000000000000e+00
 -1.000000000000000000e+00
 -1.000000000000000000e+00
 -1.000000000000000000e+00
 -1.000000000000000000e+00
 -1.000000000000000000e+00
 -1.000000000000000000e+00
 -1.000000000000000000e+00
 -1.000000000000000000e+00
 -1.000000000000000000e+00
 -1.000000000000000000e+00
 -1.000000000000000000e+00
 -1.000000000000000000e+00
 -1.000000000000000000e+00
 -1.000000000000000000e+00
 -1.000000000000000000e+00
 -1.000000000000000000e+00
 -1.000000000000000000e+00
 -1.000000000000000000e+00
 -1.000000000000000000e+00
 -1.000000000000000000e+00
 -1.000000000000000000e+00
 -1.000000000000000000e+00
 -1.000000000000000000e+00
 -1.000000000000000000e+00
 -1.000000000000000000e+00
 -1.000000000000000000e+00
 -1.000000000000000000e+00
 -1.000000000000000000e+00
 -1.000000000000000000e+00
 -1.000000000000000000e+00
 -1.000000000000000000e+00
 -1.000000000000000000e+00
 -1.000000000000000000e+00
 -1.000000000000000000e+00
 -1.000000000000000000e+00
 -1.000000000000000000e+00
 -1.000000000000000000e+00
 -1.000000000000000000e+00
 -1.000000000000000000e+00
 -1.000000000000000000e+00
 -1.000000000000000000e+00
 -1.000000000000000000e+00
 -1.000000000000000000e+00
 -1.000000000000000000e+00
 -1.000000000000000000e+00
 -1.000000000000000000e+00
 -1.000000000000000000e+00
 -1.000000000000000000e+00
 -1.000000000000000000e+00
 -1.000000000000000000e+00
 -1.000000000000000000e+00
 -1.000000000000000000e+00
 -1.000000000000000000e+00
 -1.000000000000000000e+00
 -1.000000000000000000e+00
 -1.000000000000000000e+00
 -1.000000000000000000e+00
 -1.000000000000000000e+00
 -1.000000000000000000e+00
 -1.000000000000000000e+00
 -1.000000000000000000e+00
 -1.000000000000000000e+00
 -1.000000000000000000e+00
 -1.000000000000000000e+00
 -1.000000000000000000e+00
 -1.000000000000000000e+00
 -1.000000000000000000e+00
 </DataArray>
 <DataArray Name="u" type="Float32" NumberOfComponents="1" format="ascii">
 3.076454883105124347e+06
 3.074786932014429010e+06
 3.073111239310558420e+06
 3.071427827538442332e+06
 3.069736434179863892e+06
 3.068036754240729846e+06
 3.066328524038685486e+06
 3.064611429547373671e+06
 3.062885101482095663e+06
 3.061149003904037178e+06
 3.059402530061031692e+06
 3.057645569743020460e+06
 3.055878537764493376e+06
 3.054102136027628556e+06
 3.052317394332406577e+06
 3.050525036168390419e+06
 3.048725389726782218e+06
 3.046918106806610245e+06
 3.045101419255872257e+06
 3.043275920200353488e+06
 3.041444823571830988e+06
 3.039605789203799330e+06
 3.037752686186437495e+06
 3.035888687749915756e+06
 3.034029269226868637e+06
 3.032171964873069897e+06
 3.030275926452245563e+06
 3.028337411226684228e+06
 3.026468834410160314e+06
 3.024690107171625830e+06
 3.022706137226174586e+06
 3.019660563674521632e+06
 3.012772047570084687e+06
 2.991553880829769187e+06
 2.913480313999616541e+06
 2.593443089409700129e+06
 1.228246759111772757e+06
 -4.386392156622287439e+04
 -8.940330681093281601e+04
 -8.976562864420811820e+04
 -8.977153045111340180e+04
 -8.977163934645599511e+04
 -8.977164107438510109e+04
 -8.977164109803576139e+04
 -8.977164109836936404e+04
 -8.977164109837435535e+04
 -8.977164109837435535e+04
 -8.977164109837435535e+04
 -8.977164109837435535e+04
 -8.977164109837435535e+04
 -8.977164109837435535e+04
 -8.977164109837435535e+04
 -8.977164109837435535e+04
 -8.977164109837435535e+04
 -8.977164109837435535e+04
 -8.977164109837435535e+04
 -8.977164109837435535e+04
 -8.977164109837435535e+04
 -8.977164109837435535e+04
 -8.977164109837435535e+04
 -8.977164109837435535e+04
 -8.977164109837435535e+04
 -8.977164109837435535e+04
 -8.977164109837435535e+04
 -8.977164109837435535e+04
 -8.977164109837435535e+04
 -8.977164109837435535e+04
 -8.977164109837435535e+04
 -8.977164109837435535e+04
 -8.977164109837435535e+04
 -8.977164109837435535e+04
 -8.977164109837435535e+04
 -8.977164109837435535e+04
 -8.977164109837435535e+04
 -8.977164109837435535e+04
 -8.977164109837435535e+04
 -8.977164109837435535e+04
 -8.977164109837435535e+04
 -8.977164109837435535e+04
 -8.977164109837435535e+04
 -8.977164109837435535e+04
 -8.977164109837435535e+04
 -8.977164109837435535e+04
 -8.977164109837435535e+04
 -8.977164109837435535e+04
 -8.977164109837435535e+04
 -8.977164109837435535e+04
 -8.977164109837435535e+04
 -8.977164109837435535e+04
 -8.977164109837435535e+04
 -8.977164109837435535e+04
 -8.977164109837435535e+04
 -8.977164109837435535e+04
 -8.977164109837435535e+04
 -8.977164109837435535e+04
 -8.977164109837435535e+04
 -8.977164109837435535e+04
 -8.977164109837435535e+04
 -8.977164109837435535e+04
 -8.977164109837435535e+04
 -8.977164109837435535e+04
 -8.977164109837435535e+04
 -8.977164109837435535e+04
 -8.977164109837435535e+04
 -8.977164109837435535e+04
 -8.977164109837435535e+04
 -8.977164109837435535e+04
 -8.977164109837435535e+04
 -8.977164109837435535e+04
 -8.977164109837435535e+04
 -8.977164109837435535e+04
 -8.977164109837435535e+04
 -8.977164109837435535e+04
 -8.977164109837435535e+04
 -8.977164109837435535e+04
 -8.977164109837435535e+04
 -8.977164109837435535e+04
 -8.977164109837435535e+04
 -8.977164109837435535e+04
 -8.977164109837435535e+04
 -8.977164109837435535e+04
 -8.977164109837435535e+04
 -8.977164109837435535e+04
 -8.977164109837435535e+04
 -8.977164109837435535e+04
 -8.977164109837435535e+04
 -8.977164109837435535e+04
 -8.977164109837435535e+04
 -8.977164109837435535e+04
 -8.977164109837435535e+04
 -8.977164109837435535e+04
 -8.977164109837435535e+04
 -8.977164109837435535e+04
 -8.977164109837435535e+04
 -8.977164109837435535e+04
 -8.977164109837435535e+04
 -8.977164109837435535e+04
 -8.977164109837435535e+04
 -8.977164109837435535e+04
 -8.977164109837435535e+04
 -8.977164109837435535e+04
 -8.977164109837435535e+04
 -8.977164109837435535e+04
 -8.977164109837435535e+04
 -8.977164109837435535e+04
 -8.977164109837435535e+04
 -8.977164109837435535e+04
 -8.977164109837435535e+04
 -8.977164109837435535e+04
 -8.977164109837435535e+04
 -8.977164109837435535e+04
 -8.977164109837435535e+04
 -8.977164109837435535e+04
 -8.977164109837435535e+04
 -8.977164109837435535e+04
 -8.977164109837435535e+04
 -8.977164109837435535e+04
 -8.977164109837435535e+04
 -8.977164109837435535e+04
 -8.977164109837435535e+04
 -8.977164109837435535e+04
 -8.977164109837435535e+04
 -8.977164109837435535e+04
 -8.977164109837435535e+04
 -8.977164109837435535e+04
 -8.977164109837435535e+04
 -8.977164109837435535e+04
 -8.977164109837435535e+04
 -8.977164109837435535e+04
 -8.977164109837435535e+04
 -8.977164109837435535e+04
 -8.977164109837435535e+04
 -8.977164109837435535e+04
 -8.977164109837435535e+04
 -8.977164109837435535e+04
 -8.977164109837435535e+04
 -8.977164109837435535e+04
 -8.977164109837435535e+04
 -8.977164109837435535e+04
 -8.977164109837435535e+04
 -8.977164109837435535e+04
 -8.977164109837435535e+04
 -8.977164109837435535e+04
 -8.977164109837435535e+04
 -8.977164109837435535e+04
 -8.977164109837435535e+04
 -8.977164109837435535e+04
 -8.977164109837435535e+04
 -8.977164109837435535e+04
 -8.977164109837435535e+04
 -8.977164109837435535e+04
 -8.977164109837435535e+04
 -8.977164109837435535e+04
 -8.977164109837435535e+04
 -8.977164109837435535e+04
 -8.977164109837435535e+04
 -8.977164109837435535e+04
 -8.977164109837435535e+04
 -8.977164109837435535e+04
 -8.977164109837435535e+04
 -8.977164109837435535e+04
 -8.977164109837435535e+04
 -8.977164109837435535e+04
 -8.977164109837435535e+04
 -8.977164109837435535e+04
 -8.977164109837435535e+04
 -8.977164109837435535e+04
 -8.977164109837435535e+04
 -8.977164109837435535e+04
 -8.977164109837435535e+04
 -8.977164109837435535e+04
 -8.977164109837435535e+04
 -8.977164109837435535e+04
 -8.977164109837435535e+04
 -8.977164109837435535e+04
 -8.977164109837435535e+04
 -8.977164109837435535e+04
 -8.977164109837435535e+04
 -8.977164109837435535e+04
 -8.977164109837435535e+04
 -8.977164109837435535e+04
 -8.977164109837435535e+04
 -8.977164109837435535e+04
 -8.977164109837435535e+04
 -8.977164109837435535e+04
 -8.977164109837435535e+04
 -8.977164109837435535e+04
 -8.977164109837435535e+04
 -8.977164109837435535e+04
 -8.977164109837435535e+04
 -8.977164109837435535e+04
 -8.977164109837435535e+04
 -8.977164109837435535e+04
 -8.977164109837435535e+04
 -8.977164109837435535e+04
 -8.977164109837435535e+04
 -8.977164109837435535e+04
 -8.977164109837435535e+04
 -8.977164109837435535e+04
 -8.977164109837435535e+04
 -8.977164109837435535e+04
 -8.977164109837435535e+04
 -8.977164109837435535e+04
 -8.977164109837435535e+04
 -8.977164109837435535e+04
 -8.977164109837435535e+04
 -8.977164109837435535e+04
 -8.977164109837435535e+04
 -8.977164109837435535e+04
 -8.977164109837435535e+04
 3.076454883105119690e+06
 3.074786932014428545e+06
 3.073111239310557954e+06
 3.071427827538442798e+06
 3.069736434179865755e+06
 3.068036754240734503e+06
 3.066328524038686883e+06
 3.064611429547372274e+06
 3.062885101482090075e+06
 3.061149003904026467e+06
 3.059402530061022379e+06
 3.057645569743012544e+06
 3.055878537764489185e+06
 3.054102136027627625e+06
 3.052317394332407974e+06
 3.050525036168391816e+06
 3.048725389726783149e+06
 3.046918106806615368e+06
 3.045101419255871791e+06
 3.043275920200352091e+06
 3.041444823571829591e+06
 3.039605789203798398e+06
 3.037752686186435632e+06
 3.035888687749912031e+06
 3.034029269226869568e+06
 3.032171964873072691e+06
 3.030275926452247892e+06
 3.028337411226686090e+06
 3.026468834410161711e+06
 3.024690107171629090e+06
 3.022706137226175051e+06
 3.019660563674522098e+06
 3.012772047570086550e+06
 2.991553880829771515e+06
 2.913480313999614678e+06
 2.593443089409699664e+06
 1.228246759111783467e+06
 -4.386392156622170296e+04
 -8.940330681093280145e+04
 -8.976562864420811820e+04
 -8.977153045111340180e+04
 -8.977163934645599511e+04
 -8.977164107438510109e+04
 -8.977164109803576139e+04
 -8.977164109836936404e+04
 -8.977164109837435535e+04
 -8.977164109837435535e+04
 -8.977164109837435535e+04
 -8.977164109837435535e+04
 -8.977164109837435535e+04
 -8.977164109837435535e+04
 -8.977164109837435535e+04
 -8.977164109837435535e+04
 -8.977164109837435535e+04
 -8.977164109837435535e+04
 -8.977164109837435535e+04
 -8.977164109837435535e+04
 -8.977164109837435535e+04
 -8.977164109837435535e+04
 -8.977164109837435535e+04
 -8.977164109837435535e+04
 -8.977164109837435535e+04
 -8.977164109837435535e+04
 -8.977164109837435535e+04
 -8.977164109837435535e+04
 -8.977164109837435535e+04
 -8.977164109837435535e+04
 -8.977164109837435535e+04
 -8.977164109837435535e+04
 -8.977164109837435535e+04
 -8.977164109837435535e+04
 -8.977164109837435535e+04
 -8.977164109837435535e+04
 -8.977164109837435535e+04
 -8.977164109837435535e+04
 -8.977164109837435535e+04
 -8.977164109837435535e+04
 -8.977164109837435535e+04
 -8.977164109837435535e+04
 -8.977164109837435535e+04
 -8.977164109837435535e+04
 -8.977164109837435535e+04
 -8.977164109837435535e+04
 -8.977164109837435535e+04
 -8.977164109837435535e+04
 -8.977164109837435535e+04
 -8.977164109837435535e+04
 -8.977164109837435535e+04
 -8.977164109837435535e+04
 -8.977164109837435535e+04
 -8.977164109837435535e+04
 -8.977164109837435535e+04
 -8.977164109837435535e+04
 -8.977164109837435535e+04
 -8.977164109837435535e+04
 -8.977164109837435535e+04
 -8.977164109837435535e+04
 -8.977164109837435535e+04
 -8.977164109837435535e+04
 -8.977164109837435535e+04
 -8.977164109837435535e+04
 -8.977164109837435535e+04
 -8.977164109837435535e+04
 -8.977164109837435535e+04
 -8.977164109837435535e+04
 -8.977164109837435535e+04
 -8.977164109837435535e+04
 -8.977164109837435535e+04
 -8.977164109837435535e+04
 -8.977164109837435535e+04
 -8.977164109837435535e+04
 -8.977164109837435535e+04
 -8.977164109837435535e+04
 -8.977164109837435535e+04
 -8.977164109837435535e+04
 -8.977164109837435535e+04
 -8.977164109837435535e+04
 -8.977164109837435535e+04
 -8.977164109837435535e+04
 -8.977164109837435535e+04
 -8.977164109837435535e+04
 -8.977164109837435535e+04
 -8.977164109837435535e+04
 -8.977164109837435535e+04
 -8.977164109837435535e+04
 -8.977164109837435535e+04
 -8.977164109837435535e+04
 -8.977164109837435535e+04
 -8.977164109837435535e+04
 -8.977164109837435535e+04
 -8.977164109837435535e+04
 -8.977164109837435535e+04
 -8.977164109837435535e+04
 -8.977164109837435535e+04
 -8.977164109837435535e+04
 -8.977164109837435535e+04
 -8.977164109837435535e+04
 -8.977164109837435535e+04
 -8.977164109837435535e+04
 -8.977164109837435535e+04
 -8.977164109837435535e+04
 -8.977164109837435535e+04
 -8.977164109837435535e+04
 -8.977164109837435535e+04
 -8.977164109837435535e+04
 -8.977164109837435535e+04
 -8.977164109837435535e+04
 -8.977164109837435535e+04
 -8.977164109837435535e+04
 -8.977164109837435535e+04
 -8.977164109837435535e+04
 -8.977164109837435535e+04
 -8.977164109837435535e+04
 -8.977164109837435535e+04
 -8.977164109837435535e+04
 -8.977164109837435535e+04
 -8.977164109837435535e+04
 -8.977164109837435535e+04
 -8.977164109837435535e+04
 -8.977164109837435535e+04
 -8.977164109837435535e+04
 -8.977164109837435535e+04
 -8.977164109837435535e+04
 -8.977164109837435535e+04
 -8.977164109837435535e+04
 -8.977164109837435535e+04
 -8.977164109837435535e+04
 -8.977164109837435535e+04
 -8.977164109837435535e+04
 -8.977164109837435535e+04
 -8.977164109837435535e+04
 -8.977164109837435535e+04
 -8.977164109837435535e+04
 -8.977164109837435535e+04
 -8.977164109837435535e+04
 -8.977164109837435535e+04
 -8.977164109837435535e+04
 -8.977164109837435535e+04
 -8.977164109837435535e+04
 -8.977164109837435535e+04
 -8.977164109837435535e+04
 -8.977164109837435535e+04
 -8.977164109837435535e+04
 -8.977164109837435535e+04
 -8.977164109837435535e+04
 -8.977164109837435535e+04
 -8.977164109837435535e+04
 -8.977164109837435535e+04
 -8.977164109837435535e+04
 -8.977164109837435535e+04
 -8.977164109837435535e+04
 -8.977164109837435535e+04
 -8.977164109837435535e+04
 -8.977164109837435535e+04
 -8.977164109837435535e+04
 -8.977164109837435535e+04
 -8.977164109837435535e+04
 -8.977164109837435535e+04
 -8.977164109837435535e+04
 -8.977164109837435535e+04
 -8.977164109837435535e+04
 -8.977164109837435535e+04
 -8.977164109837435535e+04
 -8.977164109837435535e+04
 -8.977164109837435535e+04
 -8.977164109837435535e+04
 -8.977164109837435535e+04
 -8.977164109837435535e+04
 -8.977164109837435535e+04
 -8.977164109837435535e+04
 -8.977164109837435535e+04
 -8.977164109837435535e+04
 -8.977164109837435535e+04
 -8.977164109837435535e+04
 -8.977164109837435535e+04
 -8.977164109837435535e+04
 -8.977164109837435535e+04
 -8.977164109837435535e+04
 -8.977164109837435535e+04
 -8.977164109837435535e+04
 -8.977164109837435535e+04
 -8.977164109837435535e+04
 -8.977164109837435535e+04
 -8.977164109837435535e+04
 -8.977164109837435535e+04
 -8.977164109837435535e+04
 -8.977164109837435535e+04
 -8.977164109837435535e+04
 -8.977164109837435535e+04
 -8.977164109837435535e+04
 -8.977164109837435535e+04
 -8.977164109837435535e+04
 -8.977164109837435535e+04
 -8.977164109837435535e+04
 -8.977164109837435535e+04
 -8.977164109837435535e+04
 -8.977164109837435535e+04
 -8.977164109837435535e+04
 -8.977164109837435535e+04
 -8.977164109837435535e+04
 -8.977164109837435535e+04
 -8.977164109837435535e+04
 -8.977164109837435535e+04
 -8.977164109837435535e+04
 -8.977164109837435535e+04
 -8.977164109837435535e+04
 -8.977164109837435535e+04
 -8.977164109837435535e+04
 -8.977164109837435535e+04
 -8.977164109837435535e+04
 </DataArray>
 <DataArray Name="T" type="Float32" NumberOfComponents="1" format="ascii">
 3.421093945802142116e+03
 3.425617036345904580e+03
 3.430200067287566981e+03
 3.434843702064019908e+03
 3.439548408368921628e+03
 3.444314703071167514e+03
 3.449143213257672869e+03
 3.454034541958763839e+03
 3.458989204366451304e+03
 3.464007460387149422e+03
 3.469089365824054312e+03
 3.474235305764409077e+03
 3.479446035165894955e+03
 3.484722479039688551e+03
 3.490065819592642129e+03
 3.495476964661679176e+03
 3.500956474487236392e+03
 3.506504308436396968e+03
 3.512119096571196224e+03
 3.517801696769465252e+03
 3.523555512661326247e+03
 3.529378402296505101e+03
 3.535264183301909725e+03
 3.541215742676848549e+03
 3.547247425237698280e+03
 3.553356023156711217e+03
 3.559500874488419868e+03
 3.565676194317536556e+03
 3.571989068787326687e+03
 3.578451674121356064e+03
 3.584758233791924795e+03
 3.590027662183436860e+03
 3.591349684100760442e+03
 3.577918002592908579e+03
 3.507444128849571371e+03
 3.198626478112551467e+03
 1.829747702749821201e+03
 3.562472852502913838e+02
 2.935088482359975615e+02
 2.930083064608339214e+02
 2.930001528639283492e+02
 2.930000024203500288e+02
 2.930000000331421006e+02
 2.930000000004677077e+02
 2.930000000000068212e+02
 2.930000000000000000e+02
 2.930000000000000000e+02
 2.930000000000000000e+02
 2.930000000000000000e+02
 2.930000000000000000e+02
 2.930000000000000000e+02
 2.930000000000000000e+02
 2.930000000000000000e+02
 2.930000000000000000e+02
 2.930000000000000000e+02
 2.930000000000000000e+02
 2.930000000000000000e+02
 2.930000000000000000e+02
 2.930000000000000000e+02
 2.930000000000000000e+02
 2.930000000000000000e+02
 2.930000000000000000e+02
 2.930000000000000000e+02
 2.930000000000000000e+02
 2.930000000000000000e+02
 2.930000000000000000e+02
 2.930000000000000000e+02
 2.930000000000000000e+02
 2.930000000000000000e+02
 2.930000000000000000e+02
 2.930000000000000000e+02
 2.930000000000000000e+02
 2.930000000000000000e+02
 2.930000000000000000e+02
 2.930000000000000000e+02
 2.930000000000000000e+02
 2.930000000000000000e+02
 2.930000000000000000e+02
 2.930000000000000000e+02
 2.930000000000000000e+02
 2.930000000000000000e+02
 2.930000000000000000e+02
 2.930000000000000000e+02
 2.930000000000000000e+02
 2.930000000000000000e+02
 2.930000000000000000e+02
 2.930000000000000000e+02
 2.930000000000000000e+02
 2.930000000000000000e+02
 2.930000000000000000e+02
 2.930000000000000000e+02
 2.930000000000000000e+02
 2.930000000000000000e+02
 2.930000000000000000e+02
 2.930000000000000000e+02
 2.930000000000000000e+02
 2.930000000000000000e+02
 2.930000000000000000e+02
 2.930000000000000000e+02
 2.930000000000000000e+02
 2.930000000000000000e+02
 2.930000000000000000e+02
 2.930000000000000000e+02
 2.930000000000000000e+02
 2.930000000000000000e+02
 2.930000000000000000e+02
 2.930000000000000000e+02
 2.930000000000000000e+02
 2.930000000000000000e+02
 2.930000000000000000e+02
 2.930000000000000000e+02
 2.930000000000000000e+02
 2.930000000000000000e+02
 2.930000000000000000e+02
 2.930000000000000000e+02
 2.930000000000000000e+02
 2.930000000000000000e+02
 2.930000000000000000e+02
 2.930000000000000000e+02
 2.930000000000000000e+02
 2.930000000000000000e+02
 2.930000000000000000e+02
 2.930000000000000000e+02
 2.930000000000000000e+02
 2.930000000000000000e+02
 2.930000000000000000e+02
 2.930000000000000000e+02
 2.930000000000000000e+02
 2.930000000000000000e+02
 2.930000000000000000e+02
 2.930000000000000000e+02
 2.930000000000000000e+02
 2.930000000000000000e+02
 2.930000000000000000e+02
 2.930000000000000000e+02
 2.930000000000000000e+02
 2.930000000000000000e+02
 2.930000000000000000e+02
 2.930000000000000000e+02
 2.930000000000000000e+02
 2.930000000000000000e+02
 2.930000000000000000e+02
 2.930000000000000000e+02
 2.930000000000000000e+02
 2.930000000000000000e+02
 2.930000000000000000e+02
 2.930000000000000000e+02
 2.930000000000000000e+02
 2.930000000000000000e+02
 2.930000000000000000e+02
 2.930000000000000000e+02
 2.930000000000000000e+02
 2.930000000000000000e+02
 2.930000000000000000e+02
 2.930000000000000000e+02
 2.930000000000000000e+02
 2.930000000000000000e+02
 2.930000000000000000e+02
 2.930000000000000000e+02
 2.930000000000000000e+02
 2.930000000000000000e+02
 2.930000000000000000e+02
 2.930000000000000000e+02
 2.930000000000000000e+02
 2.930000000000000000e+02
 2.930000000000000000e+02
 2.930000000000000000e+02
 2.930000000000000000e+02
 2.930000000000000000e+02
 2.930000000000000000e+02
 2.930000000000000000e+02
 2.930000000000000000e+02
 2.930000000000000000e+02
 2.930000000000000000e+02
 2.930000000000000000e+02
 2.930000000000000000e+02
 2.930000000000000000e+02
 2.930000000000000000e+02
 2.930000000000000000e+02
 2.930000000000000000e+02
 2.930000000000000000e+02
 2.930000000000000000e+02
 2.930000000000000000e+02
 2.930000000000000000e+02
 2.930000000000000000e+02
 2.930000000000000000e+02
 2.930000000000000000e+02
 2.930000000000000000e+02
 2.930000000000000000e+02
 2.930000000000000000e+02
 2.930000000000000000e+02
 2.930000000000000000e+02
 2.930000000000000000e+02
 2.930000000000000000e+02
 2.930000000000000000e+02
 2.930000000000000000e+02
 2.930000000000000000e+02
 2.930000000000000000e+02
 2.930000000000000000e+02
 2.930000000000000000e+02
 2.930000000000000000e+02
 2.930000000000000000e+02
 2.930000000000000000e+02
 2.930000000000000000e+02
 2.930000000000000000e+02
 2.930000000000000000e+02
 2.930000000000000000e+02
 2.930000000000000000e+02
 2.930000000000000000e+02
 2.930000000000000000e+02
 2.930000000000000000e+02
 2.930000000000000000e+02
 2.930000000000000000e+02
 2.930000000000000000e+02
 2.930000000000000000e+02
 2.930000000000000000e+02
 2.930000000000000000e+02
 2.930000000000000000e+02
 2.930000000000000000e+02
 2.930000000000000000e+02
 2.930000000000000000e+02
 2.930000000000000000e+02
 2.930000000000000000e+02
 2.930000000000000000e+02
 2.930000000000000000e+02
 2.930000000000000000e+02
 2.930000000000000000e+02
 2.930000000000000000e+02
 2.930000000000000000e+02
 2.930000000000000000e+02
 2.930000000000000000e+02
 2.930000000000000000e+02
 2.930000000000000000e+02
 2.930000000000000000e+02
 2.930000000000000000e+02
 2.930000000000000000e+02
 2.930000000000000000e+02
 2.930000000000000000e+02
 2.930000000000000000e+02
 2.930000000000000000e+02
 2.930000000000000000e+02
 2.930000000000000000e+02
 2.930000000000000000e+02
 2.930000000000000000e+02
 2.930000000000000000e+02
 2.930000000000000000e+02
 2.930000000000000000e+02
 2.930000000000000000e+02
 2.930000000000000000e+02
 2.930000000000000000e+02
 3.421093945802138023e+03
 3.425617036345902761e+03
 3.430200067287565616e+03
 3.434843702064018089e+03
 3.439548408368921173e+03
 3.444314703071171607e+03
 3.449143213257673324e+03
 3.454034541958762475e+03
 3.458989204366448575e+03
 3.464007460387142601e+03
 3.469089365824048855e+03
 3.474235305764404984e+03
 3.479446035165894955e+03
 3.484722479039689006e+03
 3.490065819592644857e+03
 3.495476964661682359e+03
 3.500956474487237301e+03
 3.506504308436402425e+03
 3.512119096571196678e+03
 3.517801696769464343e+03
 3.523555512661324428e+03
 3.529378402296503737e+03
 3.535264183301906542e+03
 3.541215742676844002e+03
 3.547247425237698280e+03
 3.553356023156712581e+03
 3.559500874488420322e+03
 3.565676194317537465e+03
 3.571989068787327142e+03
 3.578451674121357883e+03
 3.584758233791923885e+03
 3.590027662183436860e+03
 3.591349684100761806e+03
 3.577918002592911762e+03
 3.507444128849569552e+03
 3.198626478112551467e+03
 1.829747702749833024e+03
 3.562472852502928049e+02
 2.935088482359976751e+02
 2.930083064608339214e+02
 2.930001528639283492e+02
 2.930000024203500288e+02
 2.930000000331421006e+02
 2.930000000004677077e+02
 2.930000000000068212e+02
 2.930000000000000000e+02
 2.930000000000000000e+02
 2.930000000000000000e+02
 2.930000000000000000e+02
 2.930000000000000000e+02
 2.930000000000000000e+02
 2.930000000000000000e+02
 2.930000000000000000e+02
 2.930000000000000000e+02
 2.930000000000000000e+02
 2.930000000000000000e+02
 2.930000000000000000e+02
 2.930000000000000000e+02
 2.930000000000000000e+02
 2.930000000000000000e+02
 2.930000000000000000e+02
 2.930000000000000000e+02
 2.930000000000000000e+02
 2.930000000000000000e+02
 2.930000000000000000e+02
 2.930000000000000000e+02
 2.930000000000000000e+02
 2.930000000000000000e+02
 2.930000000000000000e+02
 2.930000000000000000e+02
 2.930000000000000000e+02
 2.930000000000000000e+02
 2.930000000000000000e+02
 2.930000000000000000e+02
 2.930000000000000000e+02
 2.930000000000000000e+02
 2.930000000000000000e+02
 2.930000000000000000e+02
 2.930000000000000000e+02
 2.930000000000000000e+02
 2.930000000000000000e+02
 2.930000000000000000e+02
 2.930000000000000000e+02
 2.930000000000000000e+02
 2.930000000000000000e+02
 2.930000000000000000e+02
 2.930000000000000000e+02
 2.930000000000000000e+02
 2.930000000000000000e+02
 2.930000000000000000e+02
 2.930000000000000000e+02
 2.930000000000000000e+02
 2.930000000000000000e+02
 2.930000000000000000e+02
 2.930000000000000000e+02
 2.930000000000000000e+02
 2.930000000000000000e+02
 2.930000000000000000e+02
 2.930000000000000000e+02
 2.930000000000000000e+02
 2.930000000000000000e+02
 2.930000000000000000e+02
 2.930000000000000000e+02
 2.930000000000000000e+02
 2.930000000000000000e+02
 2.930000000000000000e+02
 2.930000000000000000e+02
 2.930000000000000000e+02
 2.930000000000000000e+02
 2.930000000000000000e+02
 2.930000000000000000e+02
 2.930000000000000000e+02
 2.930000000000000000e+02
 2.930000000000000000e+02
 2.930000000000000000e+02
 2.930000000000000000e+02
 2.930000000000000000e+02
 2.930000000000000000e+02
 2.930000000000000000e+02
 2.930000000000000000e+02
 2.930000000000000000e+02
 2.930000000000000000e+02
 2.930000000000000000e+02
 2.930000000000000000e+02
 2.930000000000000000e+02
 2.930000000000000000e+02
 2.930000000000000000e+02
 2.930000000000000000e+02
 2.930000000000000000e+02
 2.930000000000000000e+02
 2.930000000000000000e+02
 2.930000000000000000e+02
 2.930000000000000000e+02
 2.930000000000000000e+02
 2.930000000000000000e+02
 2.930000000000000000e+02
 2.930000000000000000e+02
 2.930000000000000000e+02
 2.930000000000000000e+02
 2.930000000000000000e+02
 2.930000000000000000e+02
 2.930000000000000000e+02
 2.930000000000000000e+02
 2.930000000000000000e+02
 2.930000000000000000e+02
 2.930000000000000000e+02
 2.930000000000000000e+02
 2.930000000000000000e+02
 2.930000000000000000e+02
 2.930000000000000000e+02
 2.930000000000000000e+02
 2.930000000000000000e+02
 2.930000000000000000e+02
 2.930000000000000000e+02
 2.930000000000000000e+02
 2.930000000000000000e+02
 2.930000000000000000e+02
 2.930000000000000000e+02
 2.930000000000000000e+02
 2.930000000000000000e+02
 2.930000000000000000e+02
 2.930000000000000000e+02
 2.930000000000000000e+02
 2.930000000000000000e+02
 2.930000000000000000e+02
 2.930000000000000000e+02
 2.930000000000000000e+02
 2.930000000000000000e+02
 2.930000000000000000e+02
 2.930000000000000000e+02
 2.930000000000000000e+02
 2.930000000000000000e+02
 2.930000000000000000e+02
 2.930000000000000000e+02
 2.930000000000000000e+02
 2.930000000000000000e+02
 2.930000000000000000e+02
 2.930000000000000000e+02
 2.930000000000000000e+02
 2.930000000000000000e+02
 2.930000000000000000e+02
 2.930000000000000000e+02
 2.930000000000000000e+02
 2.930000000000000000e+02
 2.930000000000000000e+02
 2.930000000000000000e+02
 2.930000000000000000e+02
 2.930000000000000000e+02
 2.930000000000000000e+02
 2.930000000000000000e+02
 2.930000000000000000e+02
 2.930000000000000000e+02
 2.930000000000000000e+02
 2.930000000000000000e+02
 2.930000000000000000e+02
 2.930000000000000000e+02
 2.930000000000000000e+02
 2.930000000000000000e+02
 2.930000000000000000e+02
 2.930000000000000000e+02
 2.930000000000000000e+02
 2.930000000000000000e+02
 2.930000000000000000e+02
 2.930000000000000000e+02
 2.930000000000000000e+02
 2.930000000000000000e+02
 2.930000000000000000e+02
 2.930000000000000000e+02
 2.930000000000000000e+02
 2.930000000000000000e+02
 2.930000000000000000e+02
 2.930000000000000000e+02
 2.930000000000000000e+02
 2.930000000000000000e+02
 2.930000000000000000e+02
 2.930000000000000000e+02
 2.930000000000000000e+02
 2.930000000000000000e+02
 2.930000000000000000e+02
 2.930000000000000000e+02
 2.930000000000000000e+02
 2.930000000000000000e+02
 2.930000000000000000e+02
 2.930000000000000000e+02
 2.930000000000000000e+02
 2.930000000000000000e+02
 2.930000000000000000e+02
 2.930000000000000000e+02
 2.930000000000000000e+02
 2.930000000000000000e+02
 2.930000000000000000e+02
 2.930000000000000000e+02
 2.930000000000000000e+02
 2.930000000000000000e+02
 2.930000000000000000e+02
 2.930000000000000000e+02
 2.930000000000000000e+02
 2.930000000000000000e+02
 2.930000000000000000e+02
 2.930000000000000000e+02
 2.930000000000000000e+02
 2.930000000000000000e+02
 2.930000000000000000e+02
 2.930000000000000000e+02
 2.930000000000000000e+02
 2.930000000000000000e+02
 2.930000000000000000e+02
 2.930000000000000000e+02
 2.930000000000000000e+02
 2.930000000000000000e+02
 </DataArray>
 <DataArray Name="vel.vector" type="Float32" NumberOfComponents="3" format="ascii">
 2.481386962890625000e+03 -3.955464699268579354e-13 0.000000000000000000e+00
 2.480929931640625000e+03 -3.908011338583233796e-13 0.000000000000000000e+00
 2.480467041015625000e+03 -3.719066612832555574e-13 0.000000000000000000e+00
 2.479998046875000000e+03 -4.154187302311818097e-13 0.000000000000000000e+00
 2.479523437500000000e+03 -4.171084322119461563e-13 0.000000000000000000e+00
 2.479043212890625000e+03 -3.149661792229557777e-13 0.000000000000000000e+00
 2.478557617187500000e+03 -1.289335527449378405e-13 0.000000000000000000e+00
 2.478066162109375000e+03 -6.524038172759163978e-14 0.000000000000000000e+00
 2.477568359375000000e+03 -5.512269853351521587e-14 0.000000000000000000e+00
 2.477064697265625000e+03 -1.517563201838822984e-14 0.000000000000000000e+00
 2.476555175781250000e+03 6.107091964297275966e-14 0.000000000000000000e+00
 2.476040283203125000e+03 1.781664415610381691e-13 0.000000000000000000e+00
 2.475519775390625000e+03 2.565081935919366618e-13 0.000000000000000000e+00
 2.474992919921875000e+03 2.370707525688880990e-13 0.000000000000000000e+00
 2.474459472656250000e+03 2.175653320696246951e-13 0.000000000000000000e+00
 2.473918945312500000e+03 2.555402992075045399e-13 0.000000000000000000e+00
 2.473372802734375000e+03 2.905639054015529688e-13 0.000000000000000000e+00
 2.472820068359375000e+03 1.882084711603976279e-13 0.000000000000000000e+00
 2.472261230468750000e+03 1.469471381599155024e-13 0.000000000000000000e+00
 2.471697021484375000e+03 2.162629071048721707e-13 0.000000000000000000e+00
 2.471129150390625000e+03 2.979410338235788380e-13 0.000000000000000000e+00
 2.470556640625000000e+03 2.800470630132806393e-13 0.000000000000000000e+00
 2.469971923828125000e+03 1.472584532612175590e-13 0.000000000000000000e+00
 2.469377441406250000e+03 2.257258507713799656e-13 0.000000000000000000e+00
 2.468793945312500000e+03 2.450799979625273295e-13 0.000000000000000000e+00
 2.468217529296875000e+03 4.478272407851952019e-13 0.000000000000000000e+00
 2.467599365234375000e+03 3.786089280630178244e-13 0.000000000000000000e+00
 2.466935791015625000e+03 1.205834477407963234e-13 0.000000000000000000e+00
 2.466348144531250000e+03 2.287301036288114922e-16 0.000000000000000000e+00
 2.465849853515625000e+03 -7.131930679707410015e-13 0.000000000000000000e+00
 2.465153564453125000e+03 -2.009130925864632822e-12 0.000000000000000000e+00
 2.463410644531250000e+03 -1.788929030951957877e-12 0.000000000000000000e+00
 2.457651855468750000e+03 4.431163552406913730e-13 0.000000000000000000e+00
 2.436396728515625000e+03 2.309411559556218130e-12 0.000000000000000000e+00
 2.352921386718750000e+03 4.179677437488038549e-12 0.000000000000000000e+00
 2.011955810546875000e+03 -7.040808040759127806e-12 0.000000000000000000e+00
 9.045462036132812500e+02 -3.511543703385577864e-12 0.000000000000000000e+00
 6.594197082519531250e+01 -5.788525583340364822e-14 0.000000000000000000e+00
 1.833682894706726074e+00 -3.258094274515184463e-14 0.000000000000000000e+00
 3.242678567767143250e-02 0.000000000000000000e+00 0.000000000000000000e+00
 6.041271262802183628e-04 0.000000000000000000e+00 0.000000000000000000e+00
 1.180394610855728388e-05 0.000000000000000000e+00 0.000000000000000000e+00
 1.643126239514458575e-07 0.000000000000000000e+00 0.000000000000000000e+00
 2.232632523302413574e-09 0.000000000000000000e+00 0.000000000000000000e+00
 1.374375873525179870e-11 0.000000000000000000e+00 0.000000000000000000e+00
 3.492082043996501406e-14 0.000000000000000000e+00 0.000000000000000000e+00
 0.000000000000000000e+00 0.000000000000000000e+00 0.000000000000000000e+00
 0.000000000000000000e+00 0.000000000000000000e+00 0.000000000000000000e+00
 0.000000000000000000e+00 0.000000000000000000e+00 0.000000000000000000e+00
 0.000000000000000000e+00 0.000000000000000000e+00 0.000000000000000000e+00
 0.000000000000000000e+00 0.000000000000000000e+00 0.000000000000000000e+00
 0.000000000000000000e+00 0.000000000000000000e+00 0.000000000000000000e+00
 0.000000000000000000e+00 0.000000000000000000e+00 0.000000000000000000e+00
 0.000000000000000000e+00 0.000000000000000000e+00 0.000000000000000000e+00
 0.000000000000000000e+00 0.000000000000000000e+00 0.000000000000000000e+00
 0.000000000000000000e+00 0.000000000000000000e+00 0.000000000000000000e+00
 0.000000000000000000e+00 0.000000000000000000e+00 0.000000000000000000e+00
 0.000000000000000000e+00 0.000000000000000000e+00 0.000000000000000000e+00
 0.000000000000000000e+00 0.000000000000000000e+00 0.000000000000000000e+00
 0.000000000000000000e+00 0.000000000000000000e+00 0.000000000000000000e+00
 0.000000000000000000e+00 0.000000000000000000e+00 0.000000000000000000e+00
 0.000000000000000000e+00 0.000000000000000000e+00 0.000000000000000000e+00
 0.000000000000000000e+00 0.000000000000000000e+00 0.000000000000000000e+00
 0.000000000000000000e+00 0.000000000000000000e+00 0.000000000000000000e+00
 0.000000000000000000e+00 0.000000000000000000e+00 0.000000000000000000e+00
 0.000000000000000000e+00 0.000000000000000000e+00 0.000000000000000000e+00
 0.000000000000000000e+00 0.000000000000000000e+00 0.000000000000000000e+00
 0.000000000000000000e+00 0.000000000000000000e+00 0.000000000000000000e+00
 0.000000000000000000e+00 0.000000000000000000e+00 0.000000000000000000e+00
 0.000000000000000000e+00 0.000000000000000000e+00 0.000000000000000000e+00
 0.000000000000000000e+00 0.000000000000000000e+00 0.000000000000000000e+00
 0.000000000000000000e+00 0.000000000000000000e+00 0.000000000000000000e+00
 0.000000000000000000e+00 0.000000000000000000e+00 0.000000000000000000e+00
 0.000000000000000000e+00 0.000000000000000000e+00 0.000000000000000000e+00
 0.000000000000000000e+00 0.000000000000000000e+00 0.000000000000000000e+00
 0.000000000000000000e+00 0.000000000000000000e+00 0.000000000000000000e+00
 0.000000000000000000e+00 0.000000000000000000e+00 0.000000000000000000e+00
 0.000000000000000000e+00 0.000000000000000000e+00 0.000000000000000000e+00
 0.000000000000000000e+00 0.000000000000000000e+00 0.000000000000000000e+00
 0.000000000000000000e+00 0.000000000000000000e+00 0.000000000000000000e+00
 0.000000000000000000e+00 0.000000000000000000e+00 0.000000000000000000e+00
 0.000000000000000000e+00 0.000000000000000000e+00 0.000000000000000000e+00
 0.000000000000000000e+00 0.000000000000000000e+00 0.000000000000000000e+00
 0.000000000000000000e+00 0.000000000000000000e+00 0.000000000000000000e+00
 0.000000000000000000e+00 0.000000000000000000e+00 0.000000000000000000e+00
 0.000000000000000000e+00 0.000000000000000000e+00 0.000000000000000000e+00
 0.000000000000000000e+00 0.000000000000000000e+00 0.000000000000000000e+00
 0.000000000000000000e+00 0.000000000000000000e+00 0.000000000000000000e+00
 0.000000000000000000e+00 0.000000000000000000e+00 0.000000000000000000e+00
 0.000000000000000000e+00 0.000000000000000000e+00 0.000000000000000000e+00
 0.000000000000000000e+00 0.000000000000000000e+00 0.000000000000000000e+00
 0.000000000000000000e+00 0.000000000000000000e+00 0.000000000000000000e+00
 0.000000000000000000e+00 0.000000000000000000e+00 0.000000000000000000e+00
 0.000000000000000000e+00 0.000000000000000000e+00 0.000000000000000000e+00
 0.000000000000000000e+00 0.000000000000000000e+00 0.000000000000000000e+00
 0.000000000000000000e+00 0.000000000000000000e+00 0.000000000000000000e+00
 0.000000000000000000e+00 0.000000000000000000e+00 0.000000000000000000e+00
 0.000000000000000000e+00 0.000000000000000000e+00 0.000000000000000000e+00
 0.000000000000000000e+00 0.000000000000000000e+00 0.000000000000000000e+00
 0.000000000000000000e+00 0.000000000000000000e+00 0.000000000000000000e+00
 0.000000000000000000e+00 0.000000000000000000e+00 0.000000000000000000e+00
 0.000000000000000000e+00 0.000000000000000000e+00 0.000000000000000000e+00
 0.000000000000000000e+00 0.000000000000000000e+00 0.000000000000000000e+00
 0.000000000000000000e+00 0.000000000000000000e+00 0.000000000000000000e+00
 0.000000000000000000e+00 0.000000000000000000e+00 0.000000000000000000e+00
 0.000000000000000000e+00 0.000000000000000000e+00 0.000000000000000000e+00
 0.000000000000000000e+00 0.000000000000000000e+00 0.000000000000000000e+00
 0.000000000000000000e+00 0.000000000000000000e+00 0.000000000000000000e+00
 0.000000000000000000e+00 0.000000000000000000e+00 0.000000000000000000e+00
 0.000000000000000000e+00 0.000000000000000000e+00 0.000000000000000000e+00
 0.000000000000000000e+00 0.000000000000000000e+00 0.000000000000000000e+00
 0.000000000000000000e+00 0.000000000000000000e+00 0.000000000000000000e+00
 0.000000000000000000e+00 0.000000000000000000e+00 0.000000000000000000e+00
 0.000000000000000000e+00 0.000000000000000000e+00 0.000000000000000000e+00
 0.000000000000000000e+00 0.000000000000000000e+00 0.000000000000000000e+00
 0.000000000000000000e+00 0.000000000000000000e+00 0.000000000000000000e+00
 0.000000000000000000e+00 0.000000000000000000e+00 0.000000000000000000e+00
 0.000000000000000000e+00 0.000000000000000000e+00 0.000000000000000000e+00
 0.000000000000000000e+00 0.000000000000000000e+00 0.000000000000000000e+00
 0.000000000000000000e+00 0.000000000000000000e+00 0.000000000000000000e+00
 0.000000000000000000e+00 0.000000000000000000e+00 0.000000000000000000e+00
 0.000000000000000000e+00 0.000000000000000000e+00 0.000000000000000000e+00
 0.000000000000000000e+00 0.000000000000000000e+00 0.000000000000000000e+00
 0.000000000000000000e+00 0.000000000000000000e+00 0.000000000000000000e+00
 0.000000000000000000e+00 0.000000000000000000e+00 0.000000000000000000e+00
 0.000000000000000000e+00 0.000000000000000000e+00 0.000000000000000000e+00
 0.000000000000000000e+00 0.000000000000000000e+00 0.000000000000000000e+00
 0.000000000000000000e+00 0.000000000000000000e+00 0.000000000000000000e+00
 0.000000000000000000e+00 0.000000000000000000e+00 0.000000000000000000e+00
 0.000000000000000000e+00 0.000000000000000000e+00 0.000000000000000000e+00
 0.000000000000000000e+00 0.000000000000000000e+00 0.000000000000000000e+00
 0.000000000000000000e+00 0.000000000000000000e+00 0.000000000000000000e+00
 0.000000000000000000e+00 0.000000000000000000e+00 0.000000000000000000e+00
 0.000000000000000000e+00 0.000000000000000000e+00 0.000000000000000000e+00
 0.000000000000000000e+00 0.000000000000000000e+00 0.000000000000000000e+00
 0.000000000000000000e+00 0.000000000000000000e+00 0.000000000000000000e+00
 0.000000000000000000e+00 0.000000000000000000e+00 0.000000000000000000e+00
 0.000000000000000000e+00 0.000000000000000000e+00 0.000000000000000000e+00
 0.000000000000000000e+00 0.000000000000000000e+00 0.000000000000000000e+00
 0.000000000000000000e+00 0.000000000000000000e+00 0.000000000000000000e+00
 0.000000000000000000e+00 0.000000000000000000e+00 0.000000000000000000e+00
 0.000000000000000000e+00 0.000000000000000000e+00 0.000000000000000000e+00
 0.000000000000000000e+00 0.000000000000000000e+00 0.000000000000000000e+00
 0.000000000000000000e+00 0.000000000000000000e+00 0.000000000000000000e+00
 0.000000000000000000e+00 0.000000000000000000e+00 0.000000000000000000e+00
 0.000000000000000000e+00 0.000000000000000000e+00 0.000000000000000000e+00
 0.000000000000000000e+00 0.000000000000000000e+00 0.000000000000000000e+00
 0.000000000000000000e+00 0.000000000000000000e+00 0.000000000000000000e+00
 0.000000000000000000e+00 0.000000000000000000e+00 0.000000000000000000e+00
 0.000000000000000000e+00 0.000000000000000000e+00 0.000000000000000000e+00
 0.000000000000000000e+00 0.000000000000000000e+00 0.000000000000000000e+00
 0.000000000000000000e+00 0.000000000000000000e+00 0.000000000000000000e+00
 0.000000000000000000e+00 0.000000000000000000e+00 0.000000000000000000e+00
 0.000000000000000000e+00 0.000000000000000000e+00 0.000000000000000000e+00
 0.000000000000000000e+00 0.000000000000000000e+00 0.000000000000000000e+00
 0.000000000000000000e+00 0.000000000000000000e+00 0.000000000000000000e+00
 0.000000000000000000e+00 0.000000000000000000e+00 0.000000000000000000e+00
 0.000000000000000000e+00 0.000000000000000000e+00 0.000000000000000000e+00
 0.000000000000000000e+00 0.000000000000000000e+00 0.000000000000000000e+00
 0.000000000000000000e+00 0.000000000000000000e+00 0.000000000000000000e+00
 0.000000000000000000e+00 0.000000000000000000e+00 0.000000000000000000e+00
 0.000000000000000000e+00 0.000000000000000000e+00 0.000000000000000000e+00
 0.000000000000000000e+00 0.000000000000000000e+00 0.000000000000000000e+00
 0.000000000000000000e+00 0.000000000000000000e+00 0.000000000000000000e+00
 0.000000000000000000e+00 0.000000000000000000e+00 0.000000000000000000e+00
 0.000000000000000000e+00 0.000000000000000000e+00 0.000000000000000000e+00
 0.000000000000000000e+00 0.000000000000000000e+00 0.000000000000000000e+00
 0.000000000000000000e+00 0.000000000000000000e+00 0.000000000000000000e+00
 0.000000000000000000e+00 0.000000000000000000e+00 0.000000000000000000e+00
 0.000000000000000000e+00 0.000000000000000000e+00 0.000000000000000000e+00
 0.000000000000000000e+00 0.000000000000000000e+00 0.000000000000000000e+00
 0.000000000000000000e+00 0.000000000000000000e+00 0.000000000000000000e+00
 0.000000000000000000e+00 0.000000000000000000e+00 0.000000000000000000e+00
 0.000000000000000000e+00 0.000000000000000000e+00 0.000000000000000000e+00
 0.000000000000000000e+00 0.000000000000000000e+00 0.000000000000000000e+00
 0.000000000000000000e+00 0.000000000000000000e+00 0.000000000000000000e+00
 0.000000000000000000e+00 0.000000000000000000e+00 0.000000000000000000e+00
 0.000000000000000000e+00 0.000000000000000000e+00 0.000000000000000000e+00
 0.000000000000000000e+00 0.000000000000000000e+00 0.000000000000000000e+00
 0.000000000000000000e+00 0.000000000000000000e+00 0.000000000000000000e+00
 0.000000000000000000e+00 0.000000000000000000e+00 0.000000000000000000e+00
 0.000000000000000000e+00 0.000000000000000000e+00 0.000000000000000000e+00
 0.000000000000000000e+00 0.000000000000000000e+00 0.000000000000000000e+00
 0.000000000000000000e+00 0.000000000000000000e+00 0.000000000000000000e+00
 0.000000000000000000e+00 0.000000000000000000e+00 0.000000000000000000e+00
 0.000000000000000000e+00 0.000000000000000000e+00 0.000000000000000000e+00
 0.000000000000000000e+00 0.000000000000000000e+00 0.000000000000000000e+00
 0.000000000000000000e+00 0.000000000000000000e+00 0.000000000000000000e+00
 0.000000000000000000e+00 0.000000000000000000e+00 0.000000000000000000e+00
 0.000000000000000000e+00 0.000000000000000000e+00 0.000000000000000000e+00
 0.000000000000000000e+00 0.000000000000000000e+00 0.000000000000000000e+00
 0.000000000000000000e+00 0.000000000000000000e+00 0.000000000000000000e+00
 0.000000000000000000e+00 0.000000000000000000e+00 0.000000000000000000e+00
 0.000000000000000000e+00 0.000000000000000000e+00 0.000000000000000000e+00
 0.000000000000000000e+00 0.000000000000000000e+00 0.000000000000000000e+00
 0.000000000000000000e+00 0.000000000000000000e+00 0.000000000000000000e+00
 0.000000000000000000e+00 0.000000000000000000e+00 0.000000000000000000e+00
 0.000000000000000000e+00 0.000000000000000000e+00 0.000000000000000000e+00
 0.000000000000000000e+00 0.000000000000000000e+00 0.000000000000000000e+00
 0.000000000000000000e+00 0.000000000000000000e+00 0.000000000000000000e+00
 0.000000000000000000e+00 0.000000000000000000e+00 0.000000000000000000e+00
 0.000000000000000000e+00 0.000000000000000000e+00 0.000000000000000000e+00
 0.000000000000000000e+00 0.000000000000000000e+00 0.000000000000000000e+00
 0.000000000000000000e+00 0.000000000000000000e+00 0.000000000000000000e+00
 0.000000000000000000e+00 0.000000000000000000e+00 0.000000000000000000e+00
 0.000000000000000000e+00 0.000000000000000000e+00 0.000000000000000000e+00
 0.000000000000000000e+00 0.000000000000000000e+00 0.000000000000000000e+00
 0.000000000000000000e+00 0.000000000000000000e+00 0.000000000000000000e+00
 0.000000000000000000e+00 0.000000000000000000e+00 0.000000000000000000e+00
 0.000000000000000000e+00 0.000000000000000000e+00 0.000000000000000000e+00
 0.000000000000000000e+00 0.000000000000000000e+00 0.000000000000000000e+00
 0.000000000000000000e+00 0.000000000000000000e+00 0.000000000000000000e+00
 0.000000000000000000e+00 0.000000000000000000e+00 0.000000000000000000e+00
 0.000000000000000000e+00 0.000000000000000000e+00 0.000000000000000000e+00
 0.000000000000000000e+00 0.000000000000000000e+00 0.000000000000000000e+00
 0.000000000000000000e+00 0.000000000000000000e+00 0.000000000000000000e+00
 0.000000000000000000e+00 0.000000000000000000e+00 0.000000000000000000e+00
 0.000000000000000000e+00 0.000000000000000000e+00 0.000000000000000000e+00
 0.000000000000000000e+00 0.000000000000000000e+00 0.000000000000000000e+00
 0.000000000000000000e+00 0.000000000000000000e+00 0.000000000000000000e+00
 0.000000000000000000e+00 0.000000000000000000e+00 0.000000000000000000e+00
 0.000000000000000000e+00 0.000000000000000000e+00 0.000000000000000000e+00
 0.000000000000000000e+00 0.000000000000000000e+00 0.000000000000000000e+00
 0.000000000000000000e+00 0.000000000000000000e+00 0.000000000000000000e+00
 0.000000000000000000e+00 0.000000000000000000e+00 0.000000000000000000e+00
 0.000000000000000000e+00 0.000000000000000000e+00 0.000000000000000000e+00
 0.000000000000000000e+00 0.000000000000000000e+00 0.000000000000000000e+00
 0.000000000000000000e+00 0.000000000000000000e+00 0.000000000000000000e+00
 0.000000000000000000e+00 0.000000000000000000e+00 0.000000000000000000e+00
 0.000000000000000000e+00 0.000000000000000000e+00 0.000000000000000000e+00
 0.000000000000000000e+00 0.000000000000000000e+00 0.000000000000000000e+00
 0.000000000000000000e+00 0.000000000000000000e+00 0.000000000000000000e+00
 0.000000000000000000e+00 0.000000000000000000e+00 0.000000000000000000e+00
 0.000000000000000000e+00 0.000000000000000000e+00 0.000000000000000000e+00
 0.000000000000000000e+00 0.000000000000000000e+00 0.000000000000000000e+00
 0.000000000000000000e+00 0.000000000000000000e+00 0.000000000000000000e+00
 0.000000000000000000e+00 0.000000000000000000e+00 0.000000000000000000e+00
 0.000000000000000000e+00 0.000000000000000000e+00 0.000000000000000000e+00
 0.000000000000000000e+00 0.000000000000000000e+00 0.000000000000000000e+00
 0.000000000000000000e+00 0.000000000000000000e+00 0.000000000000000000e+00
 0.000000000000000000e+00 0.000000000000000000e+00 0.000000000000000000e+00
 0.000000000000000000e+00 0.000000000000000000e+00 0.000000000000000000e+00
 0.000000000000000000e+00 0.000000000000000000e+00 0.000000000000000000e+00
 0.000000000000000000e+00 0.000000000000000000e+00 0.000000000000000000e+00
 0.000000000000000000e+00 0.000000000000000000e+00 0.000000000000000000e+00
 0.000000000000000000e+00 0.000000000000000000e+00 0.000000000000000000e+00
 0.000000000000000000e+00 0.000000000000000000e+00 0.000000000000000000e+00
 0.000000000000000000e+00 0.000000000000000000e+00 0.000000000000000000e+00
 0.000000000000000000e+00 0.000000000000000000e+00 0.000000000000000000e+00
 0.000000000000000000e+00 0.000000000000000000e+00 0.000000000000000000e+00
 2.481386962890625000e+03 -3.185287049314172725e-13 0.000000000000000000e+00
 2.480929931640625000e+03 -2.968919326964275518e-13 0.000000000000000000e+00
 2.480467041015625000e+03 -2.272084836897267368e-13 0.000000000000000000e+00
 2.479998046875000000e+03 -2.586930235998208261e-13 0.000000000000000000e+00
 2.479523437500000000e+03 -2.603329878059224001e-13 0.000000000000000000e+00
 2.479043212890625000e+03 -1.723761785437163963e-13 0.000000000000000000e+00
 2.478557617187500000e+03 -6.395418591410850784e-14 0.000000000000000000e+00
 2.478066162109375000e+03 -2.490105933678887079e-14 0.000000000000000000e+00
 2.477568359375000000e+03 2.270417181490054157e-15 0.000000000000000000e+00
 2.477064697265625000e+03 3.944500975849862812e-14 0.000000000000000000e+00
 2.476555175781250000e+03 1.048067611430364421e-13 0.000000000000000000e+00
 2.476040283203125000e+03 2.512419254845771333e-13 0.000000000000000000e+00
 2.475519775390625000e+03 3.782489729417526370e-13 0.000000000000000000e+00
 2.474992919921875000e+03 3.708066568641060767e-13 0.000000000000000000e+00
 2.474459472656250000e+03 3.674128872237919508e-13 0.000000000000000000e+00
 2.473918945312500000e+03 4.117643725987107928e-13 0.000000000000000000e+00
 2.473372802734375000e+03 4.752573118035896549e-13 0.000000000000000000e+00
 2.472820068359375000e+03 4.218054128635878586e-13 0.000000000000000000e+00
 2.472261230468750000e+03 3.196970682975419642e-13 0.000000000000000000e+00
 2.471697021484375000e+03 3.257044427999039593e-13 0.000000000000000000e+00
 2.471129150390625000e+03 3.596468283774412189e-13 0.000000000000000000e+00
 2.470556640625000000e+03 4.228626455070327861e-13 0.000000000000000000e+00
 2.469971923828125000e+03 5.608305703522220576e-13 0.000000000000000000e+00
 2.469377441406250000e+03 4.920598433919010084e-13 0.000000000000000000e+00
 2.468793945312500000e+03 3.614950678208772583e-13 0.000000000000000000e+00
 2.468217529296875000e+03 7.542352701596366504e-14 0.000000000000000000e+00
 2.467599365234375000e+03 -4.600653015561333159e-14 0.000000000000000000e+00
 2.466935791015625000e+03 -1.301914983155641470e-13 0.000000000000000000e+00
 2.466348144531250000e+03 -4.132066596437139472e-13 0.000000000000000000e+00
 2.465849853515625000e+03 -1.017984457038316470e-13 0.000000000000000000e+00
 2.465153564453125000e+03 7.645539474958329418e-13 0.000000000000000000e+00
 2.463410644531250000e+03 2.410301504825879126e-13 0.000000000000000000e+00
 2.457651855468750000e+03 -2.325881024237141936e-12 0.000000000000000000e+00
 2.436396728515625000e+03 -4.339883487303186627e-12 0.000000000000000000e+00
 2.352921386718750000e+03 -6.033870018212761366e-12 0.000000000000000000e+00
 2.011955810546875000e+03 5.776075798213931023e-12 0.000000000000000000e+00
 9.045462036132812500e+02 3.069682745840407456e-12 0.000000000000000000e+00
 6.594197082519531250e+01 5.136088968948730737e-14 0.000000000000000000e+00
 1.833682894706726074e+00 3.266303379026794240e-14 0.000000000000000000e+00
 3.242678567767143250e-02 0.000000000000000000e+00 0.000000000000000000e+00
 6.041271262802183628e-04 0.000000000000000000e+00 0.000000000000000000e+00
 1.180394610855728388e-05 0.000000000000000000e+00 0.000000000000000000e+00
 1.643126239514458575e-07 0.000000000000000000e+00 0.000000000000000000e+00
 2.232632523302413574e-09 0.000000000000000000e+00 0.000000000000000000e+00
 1.374375873525179870e-11 0.000000000000000000e+00 0.000000000000000000e+00
 3.492082043996501406e-14 0.000000000000000000e+00 0.000000000000000000e+00
 0.000000000000000000e+00 0.000000000000000000e+00 0.000000000000000000e+00
 0.000000000000000000e+00 0.000000000000000000e+00 0.000000000000000000e+00
 0.000000000000000000e+00 0.000000000000000000e+00 0.000000000000000000e+00
 0.000000000000000000e+00 0.000000000000000000e+00 0.000000000000000000e+00
 0.000000000000000000e+00 0.000000000000000000e+00 0.000000000000000000e+00
 0.000000000000000000e+00 0.000000000000000000e+00 0.000000000000000000e+00
 0.000000000000000000e+00 0.000000000000000000e+00 0.000000000000000000e+00
 0.000000000000000000e+00 0.000000000000000000e+00 0.000000000000000000e+00
 0.000000000000000000e+00 0.000000000000000000e+00 0.000000000000000000e+00
 0.000000000000000000e+00 0.000000000000000000e+00 0.000000000000000000e+00
 0.000000000000000000e+00 0.000000000000000000e+00 0.000000000000000000e+00
 0.000000000000000000e+00 0.000000000000000000e+00 0.000000000000000000e+00
 0.000000000000000000e+00 0.000000000000000000e+00 0.000000000000000000e+00
 0.000000000000000000e+00 0.000000000000000000e+00 0.000000000000000000e+00
 0.000000000000000000e+00 0.000000000000000000e+00 0.000000000000000000e+00
 0.000000000000000000e+00 0.000000000000000000e+00 0.000000000000000000e+00
 0.000000000000000000e+00 0.000000000000000000e+00 0.000000000000000000e+00
 0.000000000000000000e+00 0.000000000000000000e+00 0.000000000000000000e+00
 0.000000000000000000e+00 0.000000000000000000e+00 0.000000000000000000e+00
 0.000000000000000000e+00 0.000000000000000000e+00 0.000000000000000000e+00
 0.000000000000000000e+00 0.000000000000000000e+00 0.000000000000000000e+00
 0.000000000000000000e+00 0.000000000000000000e+00 0.000000000000000000e+00
 0.000000000000000000e+00 0.000000000000000000e+00 0.000000000000000000e+00
 0.000000000000000000e+00 0.000000000000000000e+00 0.000000000000000000e+00
 0.000000000000000000e+00 0.000000000000000000e+00 0.000000000000000000e+00
 0.000000000000000000e+00 0.000000000000000000e+00 0.000000000000000000e+00
 0.000000000000000000e+00 0.000000000000000000e+00 0.000000000000000000e+00
 0.000000000000000000e+00 0.000000000000000000e+00 0.000000000000000000e+00
 0.000000000000000000e+00 0.000000000000000000e+00 0.000000000000000000e+00
 0.000000000000000000e+00 0.000000000000000000e+00 0.000000000000000000e+00
 0.000000000000000000e+00 0.000000000000000000e+00 0.000000000000000000e+00
 0.000000000000000000e+00 0.000000000000000000e+00 0.000000000000000000e+00
 0.000000000000000000e+00 0.000000000000000000e+00 0.000000000000000000e+00
 0.000000000000000000e+00 0.000000000000000000e+00 0.000000000000000000e+00
 0.000000000000000000e+00 0.000000000000000000e+00 0.000000000000000000e+00
 0.000000000000000000e+00 0.000000000000000000e+00 0.000000000000000000e+00
 0.000000000000000000e+00 0.000000000000000000e+00 0.000000000000000000e+00
 0.000000000000000000e+00 0.000000000000000000e+00 0.000000000000000000e+00
 0.000000000000000000e+00 0.000000000000000000e+00 0.000000000000000000e+00
 0.000000000000000000e+00 0.000000000000000000e+00 0.000000000000000000e+00
 0.000000000000000000e+00 0.000000000000000000e+00 0.000000000000000000e+00
 0.000000000000000000e+00 0.000000000000000000e+00 0.000000000000000000e+00
 0.000000000000000000e+00 0.000000000000000000e+00 0.000000000000000000e+00
 0.000000000000000000e+00 0.000000000000000000e+00 0.000000000000000000e+00
 0.000000000000000000e+00 0.000000000000000000e+00 0.000000000000000000e+00
 0.000000000000000000e+00 0.000000000000000000e+00 0.000000000000000000e+00
 0.000000000000000000e+00 0.000000000000000000e+00 0.000000000000000000e+00
 0.000000000000000000e+00 0.000000000000000000e+00 0.000000000000000000e+00
 0.000000000000000000e+00 0.000000000000000000e+00 0.000000000000000000e+00
 0.000000000000000000e+00 0.000000000000000000e+00 0.000000000000000000e+00
 0.000000000000000000e+00 0.000000000000000000e+00 0.000000000000000000e+00
 0.000000000000000000e+00 0.000000000000000000e+00 0.000000000000000000e+00
 0.000000000000000000e+00 0.000000000000000000e+00 0.000000000000000000e+00
 0.000000000000000000e+00 0.000000000000000000e+00 0.000000000000000000e+00
 0.000000000000000000e+00 0.000000000000000000e+00 0.000000000000000000e+00
 0.000000000000000000e+00 0.000000000000000000e+00 0.000000000000000000e+00
 0.000000000000000000e+00 0.000000000000000000e+00 0.000000000000000000e+00
 0.000000000000000000e+00 0.000000000000000000e+00 0.000000000000000000e+00
 0.000000000000000000e+00 0.000000000000000000e+00 0.000000000000000000e+00
 0.000000000000000000e+00 0.000000000000000000e+00 0.000000000000000000e+00
 0.000000000000000000e+00 0.000000000000000000e+00 0.000000000000000000e+00
 0.000000000000000000e+00 0.000000000000000000e+00 0.000000000000000000e+00
 0.000000000000000000e+00 0.000000000000000000e+00 0.000000000000000000e+00
 0.000000000000000000e+00 0.000000000000000000e+00 0.000000000000000000e+00
 0.000000000000000000e+00 0.000000000000000000e+00 0.000000000000000000e+00
 0.000000000000000000e+00 0.000000000000000000e+00 0.000000000000000000e+00
 0.000000000000000000e+00 0.000000000000000000e+00 0.000000000000000000e+00
 0.000000000000000000e+00 0.000000000000000000e+00 0.000000000000000000e+00
 0.000000000000000000e+00 0.000000000000000000e+00 0.000000000000000000e+00
 0.000000000000000000e+00 0.000000000000000000e+00 0.000000000000000000e+00
 0.000000000000000000e+00 0.000000000000000000e+00 0.000000000000000000e+00
 0.000000000000000000e+00 0.000000000000000000e+00 0.000000000000000000e+00
 0.000000000000000000e+00 0.000000000000000000e+00 0.000000000000000000e+00
 0.000000000000000000e+00 0.000000000000000000e+00 0.000000000000000000e+00
 0.000000000000000000e+00 0.000000000000000000e+00 0.000000000000000000e+00
 0.000000000000000000e+00 0.000000000000000000e+00 0.000000000000000000e+00
 0.000000000000000000e+00 0.000000000000000000e+00 0.000000000000000000e+00
 0.000000000000000000e+00 0.000000000000000000e+00 0.000000000000000000e+00
 0.000000000000000000e+00 0.000000000000000000e+00 0.000000000000000000e+00
 0.000000000000000000e+00 0.000000000000000000e+00 0.000000000000000000e+00
 0.000000000000000000e+00 0.000000000000000000e+00 0.000000000000000000e+00
 0.000000000000000000e+00 0.000000000000000000e+00 0.000000000000000000e+00
 0.000000000000000000e+00 0.000000000000000000e+00 0.000000000000000000e+00
 0.000000000000000000e+00 0.000000000000000000e+00 0.000000000000000000e+00
 0.000000000000000000e+00 0.000000000000000000e+00 0.000000000000000000e+00
 0.000000000000000000e+00 0.000000000000000000e+00 0.000000000000000000e+00
 0.000000000000000000e+00 0.000000000000000000e+00 0.000000000000000000e+00
 0.000000000000000000e+00 0.000000000000000000e+00 0.000000000000000000e+00
 0.000000000000000000e+00 0.000000000000000000e+00 0.000000000000000000e+00
 0.000000000000000000e+00 0.000000000000000000e+00 0.000000000000000000e+00
 0.000000000000000000e+00 0.000000000000000000e+00 0.000000000000000000e+00
 0.000000000000000000e+00 0.000000000000000000e+00 0.000000000000000000e+00
 0.000000000000000000e+00 0.000000000000000000e+00 0.000000000000000000e+00
 0.000000000000000000e+00 0.000000000000000000e+00 0.000000000000000000e+00
 0.000000000000000000e+00 0.000000000000000000e+00 0.000000000000000000e+00
 0.000000000000000000e+00 0.000000000000000000e+00 0.000000000000000000e+00
 0.000000000000000000e+00 0.000000000000000000e+00 0.000000000000000000e+00
 0.000000000000000000e+00 0.000000000000000000e+00 0.000000000000000000e+00
 0.000000000000000000e+00 0.000000000000000000e+00 0.000000000000000000e+00
 0.000000000000000000e+00 0.000000000000000000e+00 0.000000000000000000e+00
 0.000000000000000000e+00 0.000000000000000000e+00 0.000000000000000000e+00
 0.000000000000000000e+00 0.000000000000000000e+00 0.000000000000000000e+00
 0.000000000000000000e+00 0.000000000000000000e+00 0.000000000000000000e+00
 0.000000000000000000e+00 0.000000000000000000e+00 0.000000000000000000e+00
 0.000000000000000000e+00 0.000000000000000000e+00 0.000000000000000000e+00
 0.000000000000000000e+00 0.000000000000000000e+00 0.000000000000000000e+00
 0.000000000000000000e+00 0.000000000000000000e+00 0.000000000000000000e+00
 0.000000000000000000e+00 0.000000000000000000e+00 0.000000000000000000e+00
 0.000000000000000000e+00 0.000000000000000000e+00 0.000000000000000000e+00
 0.000000000000000000e+00 0.000000000000000000e+00 0.000000000000000000e+00
 0.000000000000000000e+00 0.000000000000000000e+00 0.000000000000000000e+00
 0.000000000000000000e+00 0.000000000000000000e+00 0.000000000000000000e+00
 0.000000000000000000e+00 0.000000000000000000e+00 0.000000000000000000e+00
 0.000000000000000000e+00 0.000000000000000000e+00 0.000000000000000000e+00
 0.000000000000000000e+00 0.000000000000000000e+00 0.000000000000000000e+00
 0.000000000000000000e+00 0.000000000000000000e+00 0.000000000000000000e+00
 0.000000000000000000e+00 0.000000000000000000e+00 0.000000000000000000e+00
 0.000000000000000000e+00 0.000000000000000000e+00 0.000000000000000000e+00
 0.000000000000000000e+00 0.000000000000000000e+00 0.000000000000000000e+00
 0.000000000000000000e+00 0.000000000000000000e+00 0.000000000000000000e+00
 0.000000000000000000e+00 0.000000000000000000e+00 0.000000000000000000e+00
 0.000000000000000000e+00 0.000000000000000000e+00 0.000000000000000000e+00
 0.000000000000000000e+00 0.000000000000000000e+00 0.000000000000000000e+00
 0.000000000000000000e+00 0.000000000000000000e+00 0.000000000000000000e+00
 0.000000000000000000e+00 0.000000000000000000e+00 0.000000000000000000e+00
 0.000000000000000000e+00 0.000000000000000000e+00 0.000000000000000000e+00
 0.000000000000000000e+00 0.000000000000000000e+00 0.000000000000000000e+00
 0.000000000000000000e+00 0.000000000000000000e+00 0.000000000000000000e+00
 0.000000000000000000e+00 0.000000000000000000e+00 0.000000000000000000e+00
 0.000000000000000000e+00 0.000000000000000000e+00 0.000000000000000000e+00
 0.000000000000000000e+00 0.000000000000000000e+00 0.000000000000000000e+00
 0.000000000000000000e+00 0.000000000000000000e+00 0.000000000000000000e+00
 0.000000000000000000e+00 0.000000000000000000e+00 0.000000000000000000e+00
 0.000000000000000000e+00 0.000000000000000000e+00 0.000000000000000000e+00
 0.000000000000000000e+00 0.000000000000000000e+00 0.000000000000000000e+00
 0.000000000000000000e+00 0.000000000000000000e+00 0.000000000000000000e+00
 0.000000000000000000e+00 0.000000000000000000e+00 0.000000000000000000e+00
 0.000000000000000000e+00 0.000000000000000000e+00 0.000000000000000000e+00
 0.000000000000000000e+00 0.000000000000000000e+00 0.000000000000000000e+00
 0.000000000000000000e+00 0.000000000000000000e+00 0.000000000000000000e+00
 0.000000000000000000e+00 0.000000000000000000e+00 0.000000000000000000e+00
 0.000000000000000000e+00 0.000000000000000000e+00 0.000000000000000000e+00
 0.000000000000000000e+00 0.000000000000000000e+00 0.000000000000000000e+00
 0.000000000000000000e+00 0.000000000000000000e+00 0.000000000000000000e+00
 0.000000000000000000e+00 0.000000000000000000e+00 0.000000000000000000e+00
 0.000000000000000000e+00 0.000000000000000000e+00 0.000000000000000000e+00
 0.000000000000000000e+00 0.000000000000000000e+00 0.000000000000000000e+00
 0.000000000000000000e+00 0.000000000000000000e+00 0.000000000000000000e+00
 0.000000000000000000e+00 0.000000000000000000e+00 0.000000000000000000e+00
 0.000000000000000000e+00 0.000000000000000000e+00 0.000000000000000000e+00
 0.000000000000000000e+00 0.000000000000000000e+00 0.000000000000000000e+00
 0.000000000000000000e+00 0.000000000000000000e+00 0.000000000000000000e+00
 0.000000000000000000e+00 0.000000000000000000e+00 0.000000000000000000e+00
 0.000000000000000000e+00 0.000000000000000000e+00 0.000000000000000000e+00
 0.000000000000000000e+00 0.000000000000000000e+00 0.000000000000000000e+00
 0.000000000000000000e+00 0.000000000000000000e+00 0.000000000000000000e+00
 0.000000000000000000e+00 0.000000000000000000e+00 0.000000000000000000e+00
 0.000000000000000000e+00 0.000000000000000000e+00 0.000000000000000000e+00
 0.000000000000000000e+00 0.000000000000000000e+00 0.000000000000000000e+00
 0.000000000000000000e+00 0.000000000000000000e+00 0.000000000000000000e+00
 0.000000000000000000e+00 0.000000000000000000e+00 0.000000000000000000e+00
 0.000000000000000000e+00 0.000000000000000000e+00 0.000000000000000000e+00
 0.000000000000000000e+00 0.000000000000000000e+00 0.000000000000000000e+00
 0.000000000000000000e+00 0.000000000000000000e+00 0.000000000000000000e+00
 0.000000000000000000e+00 0.000000000000000000e+00 0.000000000000000000e+00
 0.000000000000000000e+00 0.000000000000000000e+00 0.000000000000000000e+00
 0.000000000000000000e+00 0.000000000000000000e+00 0.000000000000000000e+00
 0.000000000000000000e+00 0.000000000000000000e+00 0.000000000000000000e+00
 0.000000000000000000e+00 0.000000000000000000e+00 0.000000000000000000e+00
 0.000000000000000000e+00 0.000000000000000000e+00 0.000000000000000000e+00
 0.000000000000000000e+00 0.000000000000000000e+00 0.000000000000000000e+00
 0.000000000000000000e+00 0.000000000000000000e+00 0.000000000000000000e+00
 0.000000000000000000e+00 0.000000000000000000e+00 0.000000000000000000e+00
 0.000000000000000000e+00 0.000000000000000000e+00 0.000000000000000000e+00
 0.000000000000000000e+00 0.000000000000000000e+00 0.000000000000000000e+00
 0.000000000000000000e+00 0.000000000000000000e+00 0.000000000000000000e+00
 0.000000000000000000e+00 0.000000000000000000e+00 0.000000000000000000e+00
 0.000000000000000000e+00 0.000000000000000000e+00 0.000000000000000000e+00
 0.000000000000000000e+00 0.000000000000000000e+00 0.000000000000000000e+00
 0.000000000000000000e+00 0.000000000000000000e+00 0.000000000000000000e+00
 0.000000000000000000e+00 0.000000000000000000e+00 0.000000000000000000e+00
 0.000000000000000000e+00 0.000000000000000000e+00 0.000000000000000000e+00
 0.000000000000000000e+00 0.000000000000000000e+00 0.000000000000000000e+00
 0.000000000000000000e+00 0.000000000000000000e+00 0.000000000000000000e+00
 0.000000000000000000e+00 0.000000000000000000e+00 0.000000000000000000e+00
 0.000000000000000000e+00 0.000000000000000000e+00 0.000000000000000000e+00
 0.000000000000000000e+00 0.000000000000000000e+00 0.000000000000000000e+00
 0.000000000000000000e+00 0.000000000000000000e+00 0.000000000000000000e+00
 0.000000000000000000e+00 0.000000000000000000e+00 0.000000000000000000e+00
 0.000000000000000000e+00 0.000000000000000000e+00 0.000000000000000000e+00
 0.000000000000000000e+00 0.000000000000000000e+00 0.000000000000000000e+00
 0.000000000000000000e+00 0.000000000000000000e+00 0.000000000000000000e+00
 0.000000000000000000e+00 0.000000000000000000e+00 0.000000000000000000e+00
 0.000000000000000000e+00 0.000000000000000000e+00 0.000000000000000000e+00
 0.000000000000000000e+00 0.000000000000000000e+00 0.000000000000000000e+00
 0.000000000000000000e+00 0.000000000000000000e+00 0.000000000000000000e+00
 0.000000000000000000e+00 0.000000000000000000e+00 0.000000000000000000e+00
 0.000000000000000000e+00 0.000000000000000000e+00 0.000000000000000000e+00
 0.000000000000000000e+00 0.000000000000000000e+00 0.000000000000000000e+00
 0.000000000000000000e+00 0.000000000000000000e+00 0.000000000000000000e+00
 0.000000000000000000e+00 0.000000000000000000e+00 0.000000000000000000e+00
 0.000000000000000000e+00 0.000000000000000000e+00 0.000000000000000000e+00
 0.000000000000000000e+00 0.000000000000000000e+00 0.000000000000000000e+00
 0.000000000000000000e+00 0.000000000000000000e+00 0.000000000000000000e+00
 </DataArray>
</CellData>
</Piece>
</UnstructuredGrid>
</VTKFile>
