#t,ms t, Tev, K
0.003 1.000000000000000000e+04
0.005 1.000000000000000000e+04
0.008 1.000000000000000000e+04
0.01 1.000000000000000000e+04
0.0129324 1.000000000000000000e+04
0.0152784 1.000000000000000000e+04
0.0176291 1.000000000000000000e+04
0.0205694 1.000000000000000000e+04
0.0229245 1.000000000000000000e+04
0.0252824 1.000000000000000000e+04
0.0276402 1.000000000000000000e+04
0.0305804 1.000000000000000000e+04
0.0329326 1.000000000000000000e+04
0.0352671 1.000000000000000000e+04
0.0375956 1.000000000000000000e+04
0.040494 1.000000000000000000e+04
0.0427981 1.000000000000000000e+04
0.0451022 1.000000000000000000e+04
0.0479388 1.000000000000000000e+04
0.0502082 1.000000000000000000e+04
0.0530041 1.000000000000000000e+04
0.0552327 1.000000000000000000e+04
0.0579873 1.000000000000000000e+04
0.0601743 1.000000000000000000e+04
0.0628915 1.000000000000000000e+04
0.0650454 1.000000000000000000e+04
0.0677309 1.000000000000000000e+04
0.0703885 1.000000000000000000e+04
0.0725147 1.000000000000000000e+04
0.0751435 1.000000000000000000e+04
0.0777723 1.000000000000000000e+04
0.0803793 1.000000000000000000e+04
0.0829862 1.000000000000000000e+04
0.0850594 1.000000000000000000e+04
0.0876508 1.000000000000000000e+04
0.090234 1.000000000000000000e+04
0.0928152 1.000000000000000000e+04
0.0953792 1.000000000000000000e+04
0.0979388 1.000000000000000000e+04
0.100475 1.000000000000000000e+04
0.103006 1.000000000000000000e+04
0.105016 1.000000000000000000e+04
0.107524 1.000000000000000000e+04
0.11002 1.000000000000000000e+04
0.112509 1.000000000000000000e+04
0.115485 1.000000000000000000e+04
0.117961 1.000000000000000000e+04
0.120429 1.000000000000000000e+04
0.122896 1.000000000000000000e+04
0.125358 1.000000000000000000e+04
0.127819 1.000000000000000000e+04
0.130279 1.000000000000000000e+04
0.132739 1.000000000000000000e+04
0.135199 1.000000000000000000e+04
0.13766 1.000000000000000000e+04
0.140113 1.000000000000000000e+04
0.142564 1.000000000000000000e+04
0.145009 1.000000000000000000e+04
0.147941 1.000000000000000000e+04
0.150379 1.000000000000000000e+04
0.152817 1.000000000000000000e+04
0.155251 1.000000000000000000e+04
0.157686 1.000000000000000000e+04
0.160119 1.000000000000000000e+04
0.162553 1.000000000000000000e+04
0.165473 1.000000000000000000e+04
0.167908 1.000000000000000000e+04
0.170344 1.000000000000000000e+04
0.17278 1.000000000000000000e+04
0.175219 1.000000000000000000e+04
0.177658 1.000000000000000000e+04
0.180096 1.000000000000000000e+04
0.182534 1.000000000000000000e+04
0.185458 1.000000000000000000e+04
0.187895 1.000000000000000000e+04
0.190332 1.000000000000000000e+04
0.192769 1.000000000000000000e+04
0.195206 1.000000000000000000e+04
0.197644 1.000000000000000000e+04
0.200084 1.000000000000000000e+04
0.202524 1.000000000000000000e+04
0.205454 1.000000000000000000e+04
0.207897 1.000000000000000000e+04
0.210342 1.000000000000000000e+04
0.212788 1.000000000000000000e+04
0.215236 1.000000000000000000e+04
0.217684 1.000000000000000000e+04
0.220132 1.000000000000000000e+04
0.222581 1.000000000000000000e+04
0.225029 1.000000000000000000e+04
0.227969 1.000000000000000000e+04
0.23042 1.000000000000000000e+04
0.232872 1.000000000000000000e+04
0.235324 1.000000000000000000e+04
0.237778 1.000000000000000000e+04
0.240232 1.000000000000000000e+04
0.242687 1.000000000000000000e+04
0.245143 1.000000000000000000e+04
0.247601 1.000000000000000000e+04
0.250059 1.000000000000000000e+04
0.252517 1.000000000000000000e+04
0.255468 1.000000000000000000e+04
0.257927 1.000000000000000000e+04
0.260387 1.000000000000000000e+04
0.262847 1.000000000000000000e+04
0.265308 1.000000000000000000e+04
0.267769 1.000000000000000000e+04
0.27023 1.000000000000000000e+04
0.272692 1.000000000000000000e+04
0.275154 1.000000000000000000e+04
0.277616 1.000000000000000000e+04
0.280079 1.000000000000000000e+04
0.282542 1.000000000000000000e+04
0.285005 1.000000000000000000e+04
0.287961 1.000000000000000000e+04
0.290425 1.000000000000000000e+04
0.292888 1.000000000000000000e+04
0.295351 1.000000000000000000e+04
0.297815 1.000000000000000000e+04
0.300278 1.000000000000000000e+04
0.302742 1.000000000000000000e+04
0.305205 1.000000000000000000e+04
0.307668 1.000000000000000000e+04
0.310131 1.000000000000000000e+04
0.312594 1.000000000000000000e+04
0.315058 1.000000000000000000e+04
0.317521 1.000000000000000000e+04
0.320477 1.000000000000000000e+04
0.322941 1.000000000000000000e+04
0.325404 1.000000000000000000e+04
0.327867 1.000000000000000000e+04
0.33033 1.000000000000000000e+04
0.332793 1.000000000000000000e+04
0.335256 1.000000000000000000e+04
0.337719 1.000000000000000000e+04
0.340182 1.000000000000000000e+04
0.342644 1.000000000000000000e+04
0.345107 1.000000000000000000e+04
0.347569 1.000000000000000000e+04
0.350032 1.000000000000000000e+04
0.352987 1.000000000000000000e+04
0.355449 1.000000000000000000e+04
0.357912 1.000000000000000000e+04
0.360375 1.000000000000000000e+04
0.362838 1.000000000000000000e+04
0.365301 1.000000000000000000e+04
0.367764 1.000000000000000000e+04
0.370227 1.000000000000000000e+04
0.372691 1.000000000000000000e+04
0.375154 1.000000000000000000e+04
0.377618 1.000000000000000000e+04
0.380082 1.000000000000000000e+04
0.382546 1.000000000000000000e+04
0.38501 1.000000000000000000e+04
0.387967 1.000000000000000000e+04
0.390432 1.000000000000000000e+04
0.392896 1.000000000000000000e+04
0.395361 1.000000000000000000e+04
0.397825 1.000000000000000000e+04
0.40029 1.000000000000000000e+04
0.402754 1.000000000000000000e+04
0.405219 1.000000000000000000e+04
0.407684 1.000000000000000000e+04
0.410149 1.000000000000000000e+04
0.412614 1.000000000000000000e+04
0.41508 1.000000000000000000e+04
0.417545 1.000000000000000000e+04
0.42001 1.000000000000000000e+04
0.422969 1.000000000000000000e+04
0.425435 1.000000000000000000e+04
0.4279 1.000000000000000000e+04
0.430367 1.000000000000000000e+04
0.432833 1.000000000000000000e+04
0.4353 1.000000000000000000e+04
0.437766 1.000000000000000000e+04
0.440233 1.000000000000000000e+04
0.4427 1.000000000000000000e+04
0.445166 1.000000000000000000e+04
0.447633 1.000000000000000000e+04
0.4501 1.000000000000000000e+04
0.452567 1.000000000000000000e+04
0.455035 1.000000000000000000e+04
0.457502 1.000000000000000000e+04
0.460463 1.000000000000000000e+04
0.462931 1.000000000000000000e+04
0.465399 1.000000000000000000e+04
0.467867 1.000000000000000000e+04
0.470334 1.000000000000000000e+04
0.472802 1.000000000000000000e+04
0.475269 1.000000000000000000e+04
0.477736 1.000000000000000000e+04
0.480203 1.000000000000000000e+04
0.48267 1.000000000000000000e+04
0.485137 1.000000000000000000e+04
0.487604 1.000000000000000000e+04
0.490071 1.000000000000000000e+04
0.492538 1.000000000000000000e+04
0.495005 1.000000000000000000e+04
0.497965 1.000000000000000000e+04
0.500431 1.000000000000000000e+04
0.502898 1.000000000000000000e+04
0.505364 1.000000000000000000e+04
0.50783 1.000000000000000000e+04
0.510296 1.000000000000000000e+04
0.512761 1.000000000000000000e+04
0.515227 1.000000000000000000e+04
0.517693 1.000000000000000000e+04
0.520158 1.000000000000000000e+04
0.522624 1.000000000000000000e+04
0.525089 1.000000000000000000e+04
0.527554 1.000000000000000000e+04
0.530019 1.000000000000000000e+04
0.532976 1.000000000000000000e+04
0.53544 1.000000000000000000e+04
0.537904 1.000000000000000000e+04
0.540368 1.000000000000000000e+04
0.542831 1.000000000000000000e+04
0.545294 1.000000000000000000e+04
0.547757 1.000000000000000000e+04
0.55022 1.000000000000000000e+04
0.552682 1.000000000000000000e+04
0.555143 1.000000000000000000e+04
0.557605 1.000000000000000000e+04
0.560066 1.000000000000000000e+04
0.562527 1.000000000000000000e+04
0.56548 1.000000000000000000e+04
0.56794 1.000000000000000000e+04
0.5704 1.000000000000000000e+04
0.57286 1.000000000000000000e+04
0.57532 1.000000000000000000e+04
0.577779 1.000000000000000000e+04
0.580238 1.000000000000000000e+04
0.582696 1.000000000000000000e+04
0.585154 1.000000000000000000e+04
0.587611 1.000000000000000000e+04
0.590068 1.000000000000000000e+04
0.592525 1.000000000000000000e+04
0.595472 1.000000000000000000e+04
0.597928 1.000000000000000000e+04
0.600383 1.000000000000000000e+04
0.602838 1.000000000000000000e+04
0.605293 1.000000000000000000e+04
0.607747 1.000000000000000000e+04
0.6102 1.000000000000000000e+04
0.612653 1.000000000000000000e+04
0.615106 1.000000000000000000e+04
0.617558 1.000000000000000000e+04
0.62001 1.000000000000000000e+04
0.622952 1.000000000000000000e+04
0.625403 1.000000000000000000e+04
0.627854 1.000000000000000000e+04
0.630304 1.000000000000000000e+04
0.632754 1.000000000000000000e+04
0.635204 1.000000000000000000e+04
0.637652 1.000000000000000000e+04
0.640101 1.000000000000000000e+04
0.642549 1.000000000000000000e+04
0.645486 1.000000000000000000e+04
0.647933 1.000000000000000000e+04
0.650379 1.000000000000000000e+04
0.652825 1.000000000000000000e+04
0.65527 1.000000000000000000e+04
0.657715 1.000000000000000000e+04
0.660159 1.000000000000000000e+04
0.662603 1.000000000000000000e+04
0.665047 1.000000000000000000e+04
0.667978 1.000000000000000000e+04
0.67042 1.000000000000000000e+04
0.672862 1.000000000000000000e+04
0.675304 1.000000000000000000e+04
0.677745 1.000000000000000000e+04
0.680185 1.000000000000000000e+04
0.682625 1.000000000000000000e+04
0.685064 1.000000000000000000e+04
0.687503 1.000000000000000000e+04
0.690429 1.000000000000000000e+04
0.692867 1.000000000000000000e+04
0.695304 1.000000000000000000e+04
0.697741 1.000000000000000000e+04
0.700177 1.000000000000000000e+04
0.702612 1.000000000000000000e+04
0.705047 1.000000000000000000e+04
0.707968 1.000000000000000000e+04
0.710402 1.000000000000000000e+04
0.712835 1.000000000000000000e+04
0.715267 1.000000000000000000e+04
0.7177 1.000000000000000000e+04
0.720131 1.000000000000000000e+04
0.722562 1.000000000000000000e+04
0.725477 1.000000000000000000e+04
0.727907 1.000000000000000000e+04
0.730336 1.000000000000000000e+04
0.732764 1.000000000000000000e+04
0.735192 1.000000000000000000e+04
0.737619 1.000000000000000000e+04
0.740045 1.000000000000000000e+04
0.742957 1.000000000000000000e+04
0.745382 1.000000000000000000e+04
0.747807 1.000000000000000000e+04
0.75023 1.000000000000000000e+04
0.752654 1.000000000000000000e+04
0.755076 1.000000000000000000e+04
0.757982 1.000000000000000000e+04
0.760403 1.000000000000000000e+04
0.762822 1.000000000000000000e+04
0.765241 1.000000000000000000e+04
0.767658 1.000000000000000000e+04
0.770075 1.000000000000000000e+04
0.772973 1.000000000000000000e+04
0.775388 1.000000000000000000e+04
0.777801 1.000000000000000000e+04
0.780214 1.000000000000000000e+04
0.782625 1.000000000000000000e+04
0.785035 1.000000000000000000e+04
0.787926 1.000000000000000000e+04
0.790334 1.000000000000000000e+04
0.792739 1.000000000000000000e+04
0.795145 1.000000000000000000e+04
0.797548 1.000000000000000000e+04
0.800431 1.000000000000000000e+04
0.802831 1.000000000000000000e+04
0.805231 1.000000000000000000e+04
0.807629 1.000000000000000000e+04
0.810027 1.000000000000000000e+04
0.812902 1.000000000000000000e+04
0.815296 1.000000000000000000e+04
0.817689 1.000000000000000000e+04
0.820081 1.000000000000000000e+04
0.82295 2.000000000000000000e+02
0.825339 2.000000000000000000e+02
0.827728 1.000000000000000000e+04
0.830115 1.000000000000000000e+04
0.832501 1.000000000000000000e+04
0.835362 1.000000000000000000e+04
0.837745 1.000000000000000000e+04
0.840127 1.000000000000000000e+04
0.842508 1.000000000000000000e+04
0.845363 1.000000000000000000e+04
0.847741 1.000000000000000000e+04
0.850117 1.531860274934599584e+05
0.852968 2.010050109744065267e+05
0.855342 7.876300004931328294e+04
0.857715 3.258319638584140921e+05
0.860086 1.460327214536528336e+05
0.86293 8.120874792346321919e+04
0.865299 5.706163930069365597e+04
0.867666 4.320285049092679401e+04
0.870033 3.522485869791480218e+04
0.872871 2.988437603709954055e+04
0.875235 2.729067880905865968e+04
0.877597 2.557417879632853146e+04
0.880431 2.413033592203059015e+04
0.882791 2.321037019039595179e+04
0.88515 2.245434970655927464e+04
0.887508 2.183299362663979628e+04
0.890336 2.121628003838765653e+04
0.892691 2.076404711268670144e+04
0.895046 2.035041464064730826e+04
0.897869 1.990535585630494097e+04
0.900221 1.957542705845298042e+04
0.902572 1.927693711880405681e+04
0.905391 1.895244437892742280e+04
0.907739 1.870704874386304073e+04
0.910086 1.848302997513065202e+04
0.912901 1.824060753208210008e+04
0.915245 1.805867206786599127e+04
0.917589 1.789319365641283730e+04
0.920399 1.771404089762055446e+04
0.922741 1.757887650480317097e+04
0.92508 1.745484792680835380e+04
0.927887 1.731861062009792659e+04
0.930224 1.721428066820367167e+04
0.932562 1.711718926551367258e+04
0.935364 1.700912278118421455e+04
0.937699 1.692514393001388817e+04
0.940032 1.684606686922289373e+04
0.94283 1.675694749502725608e+04
0.945161 1.668720868289129430e+04
0.947956 1.660852053086808155e+04
0.950285 1.654688688382372857e+04
0.952612 1.648870746842251174e+04
0.955404 1.642330308896811766e+04
0.957728 1.637239191644345010e+04
0.960052 1.632462336631231483e+04
0.962839 1.627133949978004784e+04
0.965161 1.623014020951195016e+04
0.967945 1.618437006402211591e+04
0.970264 1.614903705439971964e+04
0.972582 1.611601627634291253e+04
0.975363 1.607896980042703035e+04
0.977678 1.604978959210904759e+04
0.980456 1.601612634139307374e+04
0.98277 1.598862826755910464e+04
0.985082 1.596118279698827791e+04
0.987856 1.592796816995052177e+04
0.990166 1.590006028272949516e+04
0.992938 1.586692503221419065e+04
0.995245 1.584048220911679346e+04
0.997553 1.581630444996385995e+04
1.00032 1.579241141942680770e+04
1.00262 1.577852711072969942e+04
1.00539 1.577199629988499873e+04
1.00769 1.577725060724318973e+04
1.01045 1.579929202141304631e+04
1.01275 1.583223187650716136e+04
1.01505 1.587942024053764544e+04
1.01781 1.595621333556020545e+04
1.02011 1.603864129925844099e+04
1.02286 1.616282477666795785e+04
1.02516 1.629128657822931746e+04
1.02791 1.648247984173289660e+04
1.0302 1.668042875937842837e+04
1.03295 1.697604979946526146e+04
1.03524 1.728009582846399280e+04
1.03753 1.764039763604722975e+04
1.04027 1.813435463329304184e+04
1.04256 1.856168403089251660e+04
1.0453 1.901131547130505714e+04
1.04759 1.925601020833594521e+04
1.05033 1.931525498196914850e+04
1.05261 1.914259970512226937e+04
1.05535 1.868142563075901853e+04
1.05763 1.811609615957400092e+04
1.06036 1.727401233031729498e+04
1.06264 1.647436869897523866e+04
1.06537 1.544548982823174447e+04
1.06765 1.455737531678295090e+04
1.07038 1.348634388922212202e+04
1.07265 1.261122836785273830e+04
1.07538 1.160834977379976044e+04
1.07765 1.082340252466889069e+04
1.08038 9.943073962787644632e+03
1.08264 9.258436108439635063e+03
1.08537 8.489807942810086388e+03
1.08763 7.890380604830785160e+03
1.09035 7.213344437293994815e+03
1.09262 6.681271351180349484e+03
1.09533 6.069159727781532638e+03
1.0976 5.570436814094106012e+03
1.10031 5.005225825875305418e+03
1.10257 4.500326870677228726e+03
1.10528 3.886318585067461754e+03
1.10754 3.384270671983655120e+03
1.11025 2.896943879692218161e+03
1.1125 2.577224652388945287e+03
1.11521 2.294336012181181104e+03
1.11791 2.120630133210299391e+03
1.12017 2.053208430115109877e+03
1.12287 2.053452735369141465e+03
1.12512 2.105846452990236685e+03
1.12782 2.201539360300661428e+03
1.13007 2.274432722652903976e+03
1.13276 2.291602985618325874e+03
1.13501 2.181137960585598648e+03
1.1377 1.791854909642002667e+03
1.14039 9.908206010402825541e+02
1.14264 2.000000000000000000e+02
1.14533 2.000000000000000000e+02
1.14757 2.000000000000000000e+02
1.15025 2.000000000000000000e+02
1.15294 2.000000000000000000e+02
1.15518 2.000000000000000000e+02
1.15786 2.000000000000000000e+02
1.1601 2.000000000000000000e+02
1.16278 2.000000000000000000e+02
1.16501 2.000000000000000000e+02
1.16769 2.000000000000000000e+02
1.17036 2.000000000000000000e+02
1.17259 2.000000000000000000e+02
1.17526 2.000000000000000000e+02
1.17794 2.000000000000000000e+02
1.18017 4.006289358941981391e+03
1.18284 1.060279948830014655e+04
1.18507 1.601932842994842031e+04
1.18775 2.162322355469872855e+04
1.19043 2.530181903543794033e+04
1.19267 2.657654432666829598e+04
1.19535 2.635617098074148453e+04
1.19758 2.530264338014308305e+04
1.20027 2.367681242790447868e+04
1.2025 2.238322556290269131e+04
1.20519 2.115157624450717776e+04
1.20788 2.036248308157319116e+04
1.21012 2.003565286711760928e+04
1.21281 1.997899917510481464e+04
1.21505 2.014663749483779247e+04
1.21774 2.051761915591129946e+04
1.22043 2.098246977822470581e+04
1.22268 2.138123644882516965e+04
1.22537 2.181971906262153789e+04
1.22762 2.212700562421420909e+04
1.23032 2.241811528297666518e+04
1.23257 2.260491495362241767e+04
1.23527 2.278574685768408381e+04
1.23752 2.292117018941519927e+04
1.24022 2.308720470326159557e+04
1.24292 2.327048358462263786e+04
1.24517 2.343751402614081599e+04
1.24788 2.364874474780581659e+04
1.25013 2.382378315309621394e+04
1.25284 2.402418099801624339e+04
1.2551 2.417809990364225087e+04
1.25781 2.434625269844454670e+04
1.26007 2.447748326648451621e+04
1.26278 2.463102834366770549e+04
1.26504 2.476537910141894099e+04
1.26776 2.492674888752190964e+04
1.27002 2.505693497811456109e+04
1.27274 2.520035133481044977e+04
1.275 2.531123311839742018e+04
1.27772 2.543983930768223217e+04
1.28044 2.557131745284239150e+04
1.28271 2.568817824300225766e+04
1.28543 2.584022669030971883e+04
1.2877 2.597619520204924993e+04
1.29043 2.614680734999723791e+04
1.2927 2.629206282192975050e+04
1.29543 2.646717894097006865e+04
1.2977 2.661377054589750333e+04
1.30043 2.679347003612781918e+04
1.30271 2.695027273961686660e+04
1.30544 2.715258526097438516e+04
1.30772 2.733645862000877605e+04
1.31045 2.758070864957513550e+04
1.31273 2.780650497807306601e+04
1.31501 2.805726952316363531e+04
1.31775 2.840036983267862524e+04
1.32003 2.872487965946209806e+04
1.32277 2.918748098801773449e+04
1.32506 2.964030681879364784e+04
1.3278 3.030899913566093892e+04
1.33008 3.103999499363872746e+04
1.33283 3.215761069433453304e+04
1.33512 3.345564383600265137e+04
1.33786 3.538427409603023989e+04
1.34015 3.849303520386988384e+04
1.3429 4.368726043394506269e+04
1.34519 6.877140829744114308e+04
1.34794 3.857778473347520921e+05
1.35024 1.000000000000000000e+04
1.35253 1.000000000000000000e+04
1.35528 1.000000000000000000e+04
1.35758 1.000000000000000000e+04
1.36033 1.000000000000000000e+04
1.36263 1.000000000000000000e+04
1.36539 1.000000000000000000e+04
1.36769 1.000000000000000000e+04
1.37045 1.000000000000000000e+04
1.37275 1.000000000000000000e+04
1.37505 1.000000000000000000e+04
1.37781 1.000000000000000000e+04
1.38012 1.000000000000000000e+04
1.38288 1.000000000000000000e+04
1.38518 1.000000000000000000e+04
1.38795 1.000000000000000000e+04
1.39026 1.000000000000000000e+04
1.39256 1.000000000000000000e+04
1.39533 1.000000000000000000e+04
1.39764 1.000000000000000000e+04
1.40041 1.000000000000000000e+04
1.40272 1.000000000000000000e+04
1.40504 1.000000000000000000e+04
1.40781 1.000000000000000000e+04
1.41012 1.000000000000000000e+04
1.4129 2.000000000000000000e+02
1.41521 2.000000000000000000e+02
1.41753 2.000000000000000000e+02
1.42031 2.000000000000000000e+02
1.42262 1.000000000000000000e+04
1.4254 1.000000000000000000e+04
1.42772 1.000000000000000000e+04
1.43004 1.000000000000000000e+04
1.43283 1.000000000000000000e+04
1.43515 1.000000000000000000e+04
1.43793 1.000000000000000000e+04
1.44025 1.000000000000000000e+04
1.44258 1.000000000000000000e+04
1.44536 1.000000000000000000e+04
1.44769 1.000000000000000000e+04
1.45001 1.000000000000000000e+04
1.4528 1.000000000000000000e+04
1.45513 1.000000000000000000e+04
1.45792 1.000000000000000000e+04
1.46025 1.000000000000000000e+04
1.46258 1.000000000000000000e+04
1.46538 1.000000000000000000e+04
1.46771 1.000000000000000000e+04
1.47004 1.000000000000000000e+04
1.47284 1.000000000000000000e+04
1.47517 1.000000000000000000e+04
1.4775 1.000000000000000000e+04
1.48031 1.000000000000000000e+04
1.48264 1.000000000000000000e+04
1.48545 1.000000000000000000e+04
1.48779 1.000000000000000000e+04
1.49013 1.000000000000000000e+04
1.49293 1.000000000000000000e+04
1.49528 1.000000000000000000e+04
1.49762 1.000000000000000000e+04
1.50043 1.000000000000000000e+04
1.50278 1.000000000000000000e+04
1.50513 1.000000000000000000e+04
1.50794 1.000000000000000000e+04
1.5103 1.000000000000000000e+04
1.51265 1.000000000000000000e+04
1.515 1.000000000000000000e+04
1.51783 1.000000000000000000e+04
1.52019 1.000000000000000000e+04
1.52255 1.000000000000000000e+04
1.52538 1.000000000000000000e+04
1.52775 1.000000000000000000e+04
1.53012 1.000000000000000000e+04
1.53297 1.000000000000000000e+04
1.53534 1.000000000000000000e+04
1.53772 1.000000000000000000e+04
1.5401 1.000000000000000000e+04
1.54297 1.000000000000000000e+04
1.54536 1.000000000000000000e+04
1.54775 1.000000000000000000e+04
1.55015 1.000000000000000000e+04
1.55255 1.000000000000000000e+04
1.55544 1.000000000000000000e+04
1.55785 1.000000000000000000e+04
1.56027 1.000000000000000000e+04
1.56269 1.000000000000000000e+04
1.56512 1.000000000000000000e+04
1.56755 1.000000000000000000e+04
1.57048 1.000000000000000000e+04
1.57293 1.000000000000000000e+04
1.57538 1.000000000000000000e+04
1.57784 1.000000000000000000e+04
1.58031 1.000000000000000000e+04
1.58278 1.000000000000000000e+04
1.58526 1.000000000000000000e+04
1.58775 1.000000000000000000e+04
1.59024 1.000000000000000000e+04
1.59274 1.000000000000000000e+04
1.59524 1.000000000000000000e+04
1.59776 1.000000000000000000e+04
1.60028 1.000000000000000000e+04
1.60281 1.000000000000000000e+04
1.60534 1.000000000000000000e+04
1.60789 1.000000000000000000e+04
1.61044 1.000000000000000000e+04
1.613 1.000000000000000000e+04
1.61505 1.000000000000000000e+04
1.61763 1.000000000000000000e+04
1.62021 1.000000000000000000e+04
1.62281 1.000000000000000000e+04
1.62541 1.000000000000000000e+04
1.6275 1.000000000000000000e+04
1.63012 1.000000000000000000e+04
1.63275 1.000000000000000000e+04
1.63539 1.000000000000000000e+04
1.6375 1.000000000000000000e+04
1.64016 1.000000000000000000e+04
1.64282 1.000000000000000000e+04
1.6455 1.000000000000000000e+04
1.64764 1.000000000000000000e+04
1.65034 1.000000000000000000e+04
1.65304 1.000000000000000000e+04
1.65521 1.000000000000000000e+04
1.65793 1.000000000000000000e+04
1.66011 1.000000000000000000e+04
1.66285 1.000000000000000000e+04
1.66505 1.000000000000000000e+04
1.6678 1.000000000000000000e+04
1.67001 1.000000000000000000e+04
1.67278 1.000000000000000000e+04
1.675 1.000000000000000000e+04
1.67779 1.000000000000000000e+04
1.68002 1.000000000000000000e+04
1.68282 1.000000000000000000e+04
1.68506 1.000000000000000000e+04
1.68788 1.000000000000000000e+04
1.69013 1.000000000000000000e+04
1.69296 1.000000000000000000e+04
1.69523 1.000000000000000000e+04
1.69807 1.000000000000000000e+04
1.70035 1.000000000000000000e+04
1.70263 1.000000000000000000e+04
1.7055 1.000000000000000000e+04
1.7078 1.000000000000000000e+04
1.7101 1.000000000000000000e+04
1.71299 1.000000000000000000e+04
1.7153 1.000000000000000000e+04
1.71763 1.000000000000000000e+04
1.72054 1.000000000000000000e+04
1.72287 1.000000000000000000e+04
1.72521 1.000000000000000000e+04
1.72756 1.000000000000000000e+04
1.7305 1.000000000000000000e+04
1.73285 1.000000000000000000e+04
1.7352 1.000000000000000000e+04
1.73755 1.000000000000000000e+04
1.74038 1.000000000000000000e+04
1.74265 1.000000000000000000e+04
1.74536 1.000000000000000000e+04
1.74803 1.000000000000000000e+04
1.7502 1.000000000000000000e+04
1.75291 1.000000000000000000e+04
1.75507 1.000000000000000000e+04
1.75774 1.000000000000000000e+04
1.76038 1.000000000000000000e+04
1.76298 1.000000000000000000e+04
1.76506 1.000000000000000000e+04
1.76768 1.000000000000000000e+04
1.77029 1.000000000000000000e+04
1.7729 1.000000000000000000e+04
1.77551 1.000000000000000000e+04
1.77758 1.000000000000000000e+04
1.78018 1.000000000000000000e+04
1.78281 1.000000000000000000e+04
1.78543 1.000000000000000000e+04
1.7875 1.000000000000000000e+04
1.7901 1.000000000000000000e+04
1.79275 1.000000000000000000e+04
1.79542 1.000000000000000000e+04
1.79754 1.000000000000000000e+04
1.80017 1.000000000000000000e+04
1.8028 1.000000000000000000e+04
1.80542 1.000000000000000000e+04
1.80752 1.000000000000000000e+04
1.81016 1.000000000000000000e+04
1.81279 1.000000000000000000e+04
1.81541 1.000000000000000000e+04
1.81751 1.000000000000000000e+04
1.82013 1.000000000000000000e+04
1.82276 1.000000000000000000e+04
1.82544 1.000000000000000000e+04
1.82759 1.000000000000000000e+04
1.83023 1.000000000000000000e+04
1.83288 1.000000000000000000e+04
1.83501 1.000000000000000000e+04
1.83768 1.000000000000000000e+04
1.84033 1.000000000000000000e+04
1.84297 1.000000000000000000e+04
1.84508 1.000000000000000000e+04
1.84771 1.000000000000000000e+04
1.85038 1.000000000000000000e+04
1.85253 1.000000000000000000e+04
1.85521 1.000000000000000000e+04
1.85789 1.000000000000000000e+04
1.86004 1.000000000000000000e+04
1.86273 1.000000000000000000e+04
1.86542 1.000000000000000000e+04
1.86754 1.000000000000000000e+04
1.8702 1.000000000000000000e+04
1.8729 1.000000000000000000e+04
1.87506 1.000000000000000000e+04
1.87775 1.000000000000000000e+04
1.88044 1.000000000000000000e+04
1.88259 1.000000000000000000e+04
1.88528 1.000000000000000000e+04
1.88798 1.000000000000000000e+04
1.89014 1.000000000000000000e+04
1.89283 1.000000000000000000e+04
1.89551 1.000000000000000000e+04
1.89765 1.000000000000000000e+04
1.90034 1.000000000000000000e+04
1.90302 1.000000000000000000e+04
1.90518 1.000000000000000000e+04
1.90787 1.000000000000000000e+04
1.91051 1.000000000000000000e+04
1.91263 1.000000000000000000e+04
1.91533 1.000000000000000000e+04
1.91803 1.000000000000000000e+04
1.92019 1.000000000000000000e+04
1.92288 1.000000000000000000e+04
1.92506 1.000000000000000000e+04
1.9278 1.000000000000000000e+04
1.93051 1.000000000000000000e+04
1.93263 1.000000000000000000e+04
1.9353 1.000000000000000000e+04
1.93798 1.000000000000000000e+04
1.94012 1.000000000000000000e+04
1.9428 1.000000000000000000e+04
1.94548 1.000000000000000000e+04
1.94764 1.000000000000000000e+04
1.95033 1.000000000000000000e+04
1.9525 1.000000000000000000e+04
1.95522 1.000000000000000000e+04
1.95793 1.000000000000000000e+04
1.96008 1.000000000000000000e+04
1.96278 1.000000000000000000e+04
1.96548 1.000000000000000000e+04
1.96763 1.000000000000000000e+04
1.9703 1.000000000000000000e+04
1.97298 1.000000000000000000e+04
1.97513 1.000000000000000000e+04
1.97782 1.000000000000000000e+04
1.9805 1.000000000000000000e+04
1.98264 1.000000000000000000e+04
1.98533 1.000000000000000000e+04
1.98801 1.000000000000000000e+04
1.99016 1.000000000000000000e+04
1.99285 1.000000000000000000e+04
1.995 1.000000000000000000e+04
1.9977 1.000000000000000000e+04
2.00039 1.000000000000000000e+04
2.00253 1.000000000000000000e+04
2.00521 1.000000000000000000e+04
2.00793 1.000000000000000000e+04
2.0101 1.000000000000000000e+04
2.0128 1.000000000000000000e+04
2.0155 1.000000000000000000e+04
2.01765 1.000000000000000000e+04
2.02033 1.000000000000000000e+04
2.02304 1.000000000000000000e+04
2.02521 1.000000000000000000e+04
2.02792 1.000000000000000000e+04
2.03009 1.000000000000000000e+04
2.03279 1.000000000000000000e+04
2.03549 1.000000000000000000e+04
2.03765 1.000000000000000000e+04
2.04033 1.000000000000000000e+04
2.04303 1.000000000000000000e+04
2.0452 1.000000000000000000e+04
2.04791 1.000000000000000000e+04
2.05008 1.000000000000000000e+04
2.0528 1.000000000000000000e+04
2.0555 1.000000000000000000e+04
2.05766 1.000000000000000000e+04
2.06037 1.000000000000000000e+04
2.06254 1.000000000000000000e+04
2.06525 1.000000000000000000e+04
2.06795 1.000000000000000000e+04
2.07011 1.000000000000000000e+04
2.07281 1.000000000000000000e+04
2.07552 1.000000000000000000e+04
2.07767 1.000000000000000000e+04
2.08036 1.000000000000000000e+04
2.08257 1.000000000000000000e+04
2.08533 1.000000000000000000e+04
2.08751 1.000000000000000000e+04
2.09022 1.000000000000000000e+04
2.09292 1.000000000000000000e+04
2.09508 1.000000000000000000e+04
2.09778 1.000000000000000000e+04
2.10048 1.000000000000000000e+04
2.10263 1.000000000000000000e+04
2.10533 1.000000000000000000e+04
2.10803 1.000000000000000000e+04
2.1102 1.000000000000000000e+04
2.11292 1.000000000000000000e+04
2.1151 1.000000000000000000e+04
2.11782 1.000000000000000000e+04
2.12053 1.000000000000000000e+04
2.12271 1.000000000000000000e+04
2.12542 1.000000000000000000e+04
2.12758 1.000000000000000000e+04
2.13028 1.000000000000000000e+04
2.13298 1.000000000000000000e+04
2.13514 1.000000000000000000e+04
2.13785 1.000000000000000000e+04
2.14002 1.000000000000000000e+04
2.14273 1.000000000000000000e+04
2.14543 1.000000000000000000e+04
2.1476 1.000000000000000000e+04
2.1503 1.000000000000000000e+04
2.153 1.000000000000000000e+04
2.15516 1.000000000000000000e+04
2.15786 1.000000000000000000e+04
2.16001 1.000000000000000000e+04
2.16271 1.000000000000000000e+04
2.16541 1.000000000000000000e+04
2.16758 1.000000000000000000e+04
2.17027 1.000000000000000000e+04
2.17297 1.000000000000000000e+04
2.17513 1.000000000000000000e+04
2.17784 1.000000000000000000e+04
2.1805 1.000000000000000000e+04
2.18263 1.000000000000000000e+04
2.18535 1.000000000000000000e+04
2.18754 1.000000000000000000e+04
2.19025 1.000000000000000000e+04
2.19296 1.000000000000000000e+04
2.19514 1.000000000000000000e+04
2.19787 1.000000000000000000e+04
2.20005 1.000000000000000000e+04
2.20272 1.000000000000000000e+04
2.20539 1.000000000000000000e+04
2.20753 1.000000000000000000e+04
2.21021 1.000000000000000000e+04
2.2129 1.000000000000000000e+04
2.21505 1.000000000000000000e+04
2.21773 1.000000000000000000e+04
2.22041 1.000000000000000000e+04
2.22257 1.000000000000000000e+04
2.22528 1.000000000000000000e+04
2.22797 1.000000000000000000e+04
2.23011 1.000000000000000000e+04
2.23279 1.000000000000000000e+04
2.23547 1.000000000000000000e+04
2.23763 1.000000000000000000e+04
2.24034 1.000000000000000000e+04
2.2425 1.000000000000000000e+04
2.24521 1.000000000000000000e+04
2.24791 1.000000000000000000e+04
2.25005 1.000000000000000000e+04
2.25272 1.000000000000000000e+04
2.2554 1.000000000000000000e+04
2.25754 1.000000000000000000e+04
2.26025 1.000000000000000000e+04
2.26297 1.000000000000000000e+04
2.26513 1.000000000000000000e+04
2.26782 1.000000000000000000e+04
2.2705 1.000000000000000000e+04
2.27264 1.000000000000000000e+04
2.27532 1.000000000000000000e+04
2.27801 1.000000000000000000e+04
2.28017 1.000000000000000000e+04
2.2829 1.000000000000000000e+04
2.28508 1.000000000000000000e+04
2.28777 1.000000000000000000e+04
2.29045 1.000000000000000000e+04
2.29259 1.000000000000000000e+04
2.29527 1.000000000000000000e+04
2.29797 1.000000000000000000e+04
2.30014 1.000000000000000000e+04
2.30283 1.000000000000000000e+04
2.30552 1.000000000000000000e+04
2.30767 1.000000000000000000e+04
2.31036 1.000000000000000000e+04
2.31252 1.000000000000000000e+04
2.31523 1.000000000000000000e+04
2.31794 1.000000000000000000e+04
2.3201 1.000000000000000000e+04
2.32281 1.000000000000000000e+04
2.32552 1.000000000000000000e+04
2.32767 1.000000000000000000e+04
2.3304 1.000000000000000000e+04
2.33259 1.000000000000000000e+04
2.33532 1.000000000000000000e+04
2.33802 1.000000000000000000e+04
2.34019 1.000000000000000000e+04
2.3429 1.000000000000000000e+04
2.34507 1.000000000000000000e+04
2.34778 1.000000000000000000e+04
2.35049 1.000000000000000000e+04
2.35264 1.000000000000000000e+04
2.35534 1.000000000000000000e+04
2.35803 1.000000000000000000e+04
2.36018 1.000000000000000000e+04
2.36288 1.000000000000000000e+04
2.36503 1.000000000000000000e+04
2.36775 1.000000000000000000e+04
2.37051 1.000000000000000000e+04
2.3727 1.000000000000000000e+04
2.3754 1.000000000000000000e+04
2.37756 1.000000000000000000e+04
2.38029 1.000000000000000000e+04
2.38301 1.000000000000000000e+04
2.38521 1.000000000000000000e+04
2.38795 1.000000000000000000e+04
2.39012 1.000000000000000000e+04
2.39282 1.000000000000000000e+04
2.39501 1.000000000000000000e+04
2.39777 1.000000000000000000e+04
2.40051 1.000000000000000000e+04
2.40267 1.000000000000000000e+04
2.40538 1.000000000000000000e+04
2.40755 1.000000000000000000e+04
2.41027 1.000000000000000000e+04
2.41298 1.000000000000000000e+04
2.41515 1.000000000000000000e+04
2.41786 1.000000000000000000e+04
2.42003 1.000000000000000000e+04
2.42276 1.000000000000000000e+04
2.4255 1.000000000000000000e+04
2.42768 1.000000000000000000e+04
2.43039 1.000000000000000000e+04
2.43256 1.000000000000000000e+04
2.4353 1.000000000000000000e+04
2.43805 1.000000000000000000e+04
2.44024 1.000000000000000000e+04
2.44299 1.000000000000000000e+04
2.44516 1.000000000000000000e+04
2.44787 1.000000000000000000e+04
2.45007 1.000000000000000000e+04
2.45283 1.000000000000000000e+04
2.45502 1.000000000000000000e+04
2.45773 1.000000000000000000e+04
2.46047 1.000000000000000000e+04
2.46268 1.000000000000000000e+04
2.46544 1.000000000000000000e+04
2.46762 1.000000000000000000e+04
2.47035 1.000000000000000000e+04
2.47255 1.000000000000000000e+04
2.4753 1.000000000000000000e+04
2.47804 1.000000000000000000e+04
2.48023 1.000000000000000000e+04
2.48296 1.000000000000000000e+04
2.48515 1.000000000000000000e+04
2.48788 1.000000000000000000e+04
2.49007 1.000000000000000000e+04
2.49282 1.000000000000000000e+04
2.49502 1.000000000000000000e+04
2.49777 1.000000000000000000e+04
2.50051 1.000000000000000000e+04
2.5027 1.000000000000000000e+04
2.50543 1.000000000000000000e+04
2.50761 1.000000000000000000e+04
2.51033 1.000000000000000000e+04
2.51252 1.000000000000000000e+04
2.51525 1.000000000000000000e+04
2.51799 1.000000000000000000e+04
2.52018 1.000000000000000000e+04
2.52293 1.000000000000000000e+04
2.52512 1.000000000000000000e+04
2.52787 1.000000000000000000e+04
2.53007 1.000000000000000000e+04
2.5328 1.000000000000000000e+04
2.53554 1.000000000000000000e+04
2.53771 1.000000000000000000e+04
2.54043 1.000000000000000000e+04
2.54261 1.000000000000000000e+04
2.54534 1.000000000000000000e+04
2.54752 1.000000000000000000e+04
2.55023 1.000000000000000000e+04
2.55296 1.000000000000000000e+04
2.55515 1.000000000000000000e+04
2.5579 1.000000000000000000e+04
2.56008 1.000000000000000000e+04
2.5628 1.000000000000000000e+04
2.56553 1.000000000000000000e+04
2.5677 1.000000000000000000e+04
2.57042 1.000000000000000000e+04
2.5726 1.000000000000000000e+04
2.57532 1.000000000000000000e+04
2.57751 1.000000000000000000e+04
2.58024 1.000000000000000000e+04
2.58297 1.000000000000000000e+04
2.58516 1.000000000000000000e+04
2.58792 1.000000000000000000e+04
2.59014 1.000000000000000000e+04
2.59288 1.000000000000000000e+04
2.59507 1.000000000000000000e+04
2.5978 1.000000000000000000e+04
2.60054 1.000000000000000000e+04
2.60273 1.000000000000000000e+04
2.60547 1.000000000000000000e+04
2.60767 1.000000000000000000e+04
2.61042 1.000000000000000000e+04
2.61262 1.000000000000000000e+04
2.61538 1.000000000000000000e+04
2.61759 1.000000000000000000e+04
2.62033 1.000000000000000000e+04
2.62252 1.000000000000000000e+04
2.62527 1.000000000000000000e+04
2.62804 1.000000000000000000e+04
2.63024 1.000000000000000000e+04
2.63298 1.000000000000000000e+04
2.63517 1.000000000000000000e+04
2.63792 1.000000000000000000e+04
2.64013 1.000000000000000000e+04
2.64287 1.000000000000000000e+04
2.64506 1.000000000000000000e+04
2.64782 1.000000000000000000e+04
2.65003 1.000000000000000000e+04
2.65279 1.000000000000000000e+04
2.65552 1.000000000000000000e+04
2.65772 1.000000000000000000e+04
2.66046 1.000000000000000000e+04
2.66266 1.000000000000000000e+04
2.66539 1.000000000000000000e+04
2.66758 1.000000000000000000e+04
2.67032 1.000000000000000000e+04
2.6725 1.000000000000000000e+04
2.67526 1.000000000000000000e+04
2.67801 1.000000000000000000e+04
2.68021 1.000000000000000000e+04
2.68296 1.000000000000000000e+04
2.68516 1.000000000000000000e+04
2.68792 1.000000000000000000e+04
2.69013 1.000000000000000000e+04
2.69287 1.000000000000000000e+04
2.69506 1.000000000000000000e+04
2.69782 1.000000000000000000e+04
2.70003 1.000000000000000000e+04
2.70278 1.000000000000000000e+04
2.70553 1.000000000000000000e+04
2.70773 1.000000000000000000e+04
2.71048 1.000000000000000000e+04
2.7127 1.000000000000000000e+04
2.71549 1.000000000000000000e+04
2.71772 1.000000000000000000e+04
2.72047 1.000000000000000000e+04
2.72267 1.000000000000000000e+04
2.72541 1.000000000000000000e+04
2.72761 1.000000000000000000e+04
2.73035 1.000000000000000000e+04
2.73254 1.000000000000000000e+04
2.73528 1.000000000000000000e+04
2.73802 1.000000000000000000e+04
2.74021 1.000000000000000000e+04
2.74296 1.000000000000000000e+04
2.74517 1.000000000000000000e+04
2.74792 1.000000000000000000e+04
2.75013 1.000000000000000000e+04
2.75287 1.000000000000000000e+04
2.75506 1.000000000000000000e+04
2.75779 1.000000000000000000e+04
2.76052 1.000000000000000000e+04
2.76272 1.000000000000000000e+04
2.76547 1.000000000000000000e+04
2.76767 1.000000000000000000e+04
2.77042 1.000000000000000000e+04
2.77263 1.000000000000000000e+04
2.7754 1.000000000000000000e+04
2.77761 1.000000000000000000e+04
2.78038 1.000000000000000000e+04
2.78259 1.000000000000000000e+04
2.78534 1.000000000000000000e+04
2.78754 1.000000000000000000e+04
2.79029 1.000000000000000000e+04
2.79304 1.000000000000000000e+04
2.79523 1.000000000000000000e+04
2.79796 1.000000000000000000e+04
2.80014 1.000000000000000000e+04
2.80289 1.000000000000000000e+04
2.80509 1.000000000000000000e+04
2.80783 1.000000000000000000e+04
2.81002 1.000000000000000000e+04
2.81277 1.000000000000000000e+04
2.81552 1.000000000000000000e+04
2.81773 1.000000000000000000e+04
2.82049 1.000000000000000000e+04
2.8227 1.000000000000000000e+04
2.82547 1.000000000000000000e+04
2.82767 1.000000000000000000e+04
2.83041 1.000000000000000000e+04
2.8326 1.000000000000000000e+04
2.83536 1.000000000000000000e+04
2.83756 1.000000000000000000e+04
2.84032 1.000000000000000000e+04
2.84252 1.000000000000000000e+04
2.84528 1.000000000000000000e+04
2.84804 1.000000000000000000e+04
2.85024 1.000000000000000000e+04
2.853 1.000000000000000000e+04
2.85521 1.000000000000000000e+04
2.85798 1.000000000000000000e+04
2.86019 1.000000000000000000e+04
2.86295 1.000000000000000000e+04
2.86515 1.000000000000000000e+04
2.8679 1.000000000000000000e+04
2.87011 1.000000000000000000e+04
2.87286 1.000000000000000000e+04
2.87505 1.000000000000000000e+04
2.8778 1.000000000000000000e+04
2.88001 1.000000000000000000e+04
2.88277 1.000000000000000000e+04
2.88553 1.000000000000000000e+04
2.88774 1.000000000000000000e+04
2.89052 1.000000000000000000e+04
2.89274 1.000000000000000000e+04
2.89551 1.000000000000000000e+04
2.89772 1.000000000000000000e+04
2.90048 1.000000000000000000e+04
2.90268 1.000000000000000000e+04
2.90544 1.000000000000000000e+04
2.90765 1.000000000000000000e+04
2.91042 1.000000000000000000e+04
2.91264 1.000000000000000000e+04
2.91541 1.000000000000000000e+04
2.91762 1.000000000000000000e+04
2.92039 1.000000000000000000e+04
2.92261 1.000000000000000000e+04
2.92538 1.000000000000000000e+04
2.9276 1.000000000000000000e+04
2.93036 1.000000000000000000e+04
2.93257 1.000000000000000000e+04
2.93531 1.000000000000000000e+04
2.93751 1.000000000000000000e+04
2.94028 1.000000000000000000e+04
2.94305 1.000000000000000000e+04
2.94526 1.000000000000000000e+04
2.94801 1.000000000000000000e+04
2.95022 1.000000000000000000e+04
2.95299 1.000000000000000000e+04
2.95519 1.000000000000000000e+04
2.95795 1.000000000000000000e+04
2.96016 1.000000000000000000e+04
2.96293 1.000000000000000000e+04
2.96515 1.000000000000000000e+04
2.96791 1.000000000000000000e+04
2.97012 1.000000000000000000e+04
2.97288 1.000000000000000000e+04
2.97508 1.000000000000000000e+04
2.97785 1.000000000000000000e+04
2.98007 1.000000000000000000e+04
2.98285 1.000000000000000000e+04
2.98508 1.000000000000000000e+04
2.98787 1.000000000000000000e+04
2.99008 1.000000000000000000e+04
2.99285 1.000000000000000000e+04
2.99507 1.000000000000000000e+04
2.99785 1.000000000000000000e+04
3.00006 1.000000000000000000e+04
3.00281 1.000000000000000000e+04
3.00502 1.000000000000000000e+04
3.00778 1.000000000000000000e+04
3.01054 1.000000000000000000e+04
3.01275 1.000000000000000000e+04
3.01552 1.000000000000000000e+04
3.01776 1.000000000000000000e+04
3.02055 1.000000000000000000e+04
3.02277 1.000000000000000000e+04
3.02554 1.000000000000000000e+04
3.02776 1.000000000000000000e+04
3.03054 1.000000000000000000e+04
3.03276 1.000000000000000000e+04
3.03553 1.000000000000000000e+04
3.03774 1.000000000000000000e+04
3.04051 1.000000000000000000e+04
3.04272 1.000000000000000000e+04
3.04549 1.000000000000000000e+04
3.04771 1.000000000000000000e+04
3.05048 1.000000000000000000e+04
3.0527 1.000000000000000000e+04
3.05548 1.000000000000000000e+04
3.05771 1.000000000000000000e+04
3.06049 1.000000000000000000e+04
3.06271 1.000000000000000000e+04
3.06548 1.000000000000000000e+04
3.0677 1.000000000000000000e+04
3.07047 1.000000000000000000e+04
3.0727 1.000000000000000000e+04
3.07548 1.000000000000000000e+04
3.0777 1.000000000000000000e+04
3.08047 1.000000000000000000e+04
3.08269 1.000000000000000000e+04
3.08549 1.000000000000000000e+04
3.08772 1.000000000000000000e+04
3.0905 1.000000000000000000e+04
3.09272 1.000000000000000000e+04
3.09548 1.000000000000000000e+04
3.09769 1.000000000000000000e+04
3.10047 1.000000000000000000e+04
3.10269 1.000000000000000000e+04
3.10547 1.000000000000000000e+04
3.1077 1.000000000000000000e+04
3.11048 1.000000000000000000e+04
3.11269 1.000000000000000000e+04
3.11546 1.000000000000000000e+04
3.11768 1.000000000000000000e+04
3.12046 2.000000000000000000e+02
3.1227 2.000000000000000000e+02
3.1255 2.000000000000000000e+02
3.12772 2.000000000000000000e+02
3.13049 2.000000000000000000e+02
3.1327 2.000000000000000000e+02
3.13549 2.000000000000000000e+02
3.13771 2.000000000000000000e+02
3.14049 2.000000000000000000e+02
3.14272 2.000000000000000000e+02
3.14549 2.000000000000000000e+02
3.1477 2.000000000000000000e+02
3.15048 2.000000000000000000e+02
3.1527 2.000000000000000000e+02
3.15548 1.000000000000000000e+04
3.15771 1.000000000000000000e+04
3.16049 1.000000000000000000e+04
3.16271 1.000000000000000000e+04
3.16549 1.000000000000000000e+04
3.16771 1.000000000000000000e+04
3.17049 2.000000000000000000e+02
3.17273 2.000000000000000000e+02
3.17552 2.000000000000000000e+02
3.17775 2.001347254640233296e+05
3.18052 2.000000000000000000e+02
3.18274 2.000000000000000000e+02
3.18553 9.199897862510326377e+04
3.18776 5.000000000000000000e+05
3.19054 5.000000000000000000e+05
3.19277 5.000000000000000000e+05
3.195 5.000000000000000000e+05
3.1978 1.773758325109324651e+05
3.20002 5.572858624742982647e+04
3.2028 2.444664196700681714e+04
3.20502 9.572623610280430512e+03
3.20781 2.000000000000000000e+02
3.21003 2.000000000000000000e+02
3.21281 2.000000000000000000e+02
3.21503 2.000000000000000000e+02
3.21781 2.000000000000000000e+02
3.22004 2.000000000000000000e+02
3.22282 2.000000000000000000e+02
3.22505 2.000000000000000000e+02
3.22784 2.000000000000000000e+02
3.23007 2.000000000000000000e+02
3.23286 2.000000000000000000e+02
3.23509 2.000000000000000000e+02
3.23788 2.000000000000000000e+02
3.24011 2.804139323792047799e+04
3.24289 3.344007194388547941e+04
3.24512 3.022646335235137667e+04
3.2479 2.371811921110469848e+04
3.25014 1.888126219529290756e+04
3.25294 1.383555934894462189e+04
3.25517 9.885147578418349440e+03
3.25795 4.416524848390107763e+03
3.26018 2.000000000000000000e+02
3.26298 2.000000000000000000e+02
3.26521 2.000000000000000000e+02
3.268 2.000000000000000000e+02
3.27024 2.000000000000000000e+02
3.27303 2.000000000000000000e+02
3.27525 2.000000000000000000e+02
3.27804 2.000000000000000000e+02
3.28028 2.000000000000000000e+02
3.28251 2.000000000000000000e+02
3.2853 2.000000000000000000e+02
3.28753 2.000000000000000000e+02
3.29031 2.000000000000000000e+02
3.29255 2.000000000000000000e+02
3.29533 2.000000000000000000e+02
3.29756 2.000000000000000000e+02
3.30036 2.000000000000000000e+02
3.3026 2.000000000000000000e+02
3.3054 2.000000000000000000e+02
3.30763 2.000000000000000000e+02
3.31042 2.000000000000000000e+02
3.31266 2.000000000000000000e+02
3.31545 2.000000000000000000e+02
3.31769 2.000000000000000000e+02
3.32049 2.000000000000000000e+02
3.32273 2.000000000000000000e+02
3.32552 2.000000000000000000e+02
3.32775 2.000000000000000000e+02
3.33055 2.000000000000000000e+02
3.33278 2.000000000000000000e+02
3.33502 2.000000000000000000e+02
3.33781 2.000000000000000000e+02
3.34005 2.000000000000000000e+02
3.34284 2.000000000000000000e+02
3.34507 2.000000000000000000e+02
3.34786 2.000000000000000000e+02
3.3501 2.000000000000000000e+02
3.3529 2.000000000000000000e+02
3.35514 2.000000000000000000e+02
3.35794 2.000000000000000000e+02
3.36017 2.000000000000000000e+02
3.36297 2.000000000000000000e+02
3.3652 2.000000000000000000e+02
3.368 2.000000000000000000e+02
3.37024 2.000000000000000000e+02
3.37304 2.000000000000000000e+02
3.37527 2.000000000000000000e+02
3.37751 2.000000000000000000e+02
3.3803 2.000000000000000000e+02
3.38254 2.000000000000000000e+02
3.38534 2.000000000000000000e+02
3.38758 2.000000000000000000e+02
3.39038 2.000000000000000000e+02
3.39262 2.000000000000000000e+02
3.39541 2.000000000000000000e+02
3.39765 2.000000000000000000e+02
3.40045 2.000000000000000000e+02
3.40269 2.000000000000000000e+02
3.40548 2.000000000000000000e+02
3.40772 2.000000000000000000e+02
3.41052 2.000000000000000000e+02
3.41276 2.000000000000000000e+02
3.41501 2.000000000000000000e+02
3.41781 2.000000000000000000e+02
3.42005 2.000000000000000000e+02
3.42284 2.000000000000000000e+02
3.42508 2.000000000000000000e+02
3.42788 2.000000000000000000e+02
3.43011 2.000000000000000000e+02
3.43291 2.000000000000000000e+02
3.43515 2.000000000000000000e+02
3.43796 2.000000000000000000e+02
3.4402 2.000000000000000000e+02
3.443 2.000000000000000000e+02
3.44524 2.000000000000000000e+02
3.44804 2.000000000000000000e+02
3.45028 2.000000000000000000e+02
3.45252 2.000000000000000000e+02
3.45532 2.000000000000000000e+02
3.45756 2.000000000000000000e+02
3.46037 2.000000000000000000e+02
3.46261 2.000000000000000000e+02
3.46542 2.000000000000000000e+02
3.46767 2.000000000000000000e+02
3.47047 2.000000000000000000e+02
3.47271 2.000000000000000000e+02
3.47551 2.000000000000000000e+02
3.47775 2.000000000000000000e+02
3.48056 2.000000000000000000e+02
3.4828 2.000000000000000000e+02
3.48505 2.000000000000000000e+02
3.48785 2.000000000000000000e+02
3.4901 2.000000000000000000e+02
3.4929 2.000000000000000000e+02
3.49514 2.000000000000000000e+02
3.49795 2.000000000000000000e+02
3.50019 2.000000000000000000e+02
3.50299 2.000000000000000000e+02
3.50523 2.000000000000000000e+02
3.50805 2.000000000000000000e+02
3.5103 2.000000000000000000e+02
3.51255 2.000000000000000000e+02
3.51535 2.000000000000000000e+02
3.5176 2.000000000000000000e+02
3.5204 2.000000000000000000e+02
3.52264 2.000000000000000000e+02
3.52546 2.000000000000000000e+02
3.52771 2.000000000000000000e+02
3.53052 2.000000000000000000e+02
3.53277 2.000000000000000000e+02
3.53501 2.000000000000000000e+02
3.53782 2.000000000000000000e+02
3.54007 2.000000000000000000e+02
3.54287 2.000000000000000000e+02
3.54512 2.000000000000000000e+02
3.54792 2.000000000000000000e+02
3.55017 2.000000000000000000e+02
3.55298 2.000000000000000000e+02
3.55524 2.000000000000000000e+02
3.55805 2.000000000000000000e+02
3.56029 2.000000000000000000e+02
3.56253 2.000000000000000000e+02
3.56535 2.000000000000000000e+02
3.5676 2.000000000000000000e+02
3.57041 2.000000000000000000e+02
3.57266 2.000000000000000000e+02
3.57547 2.000000000000000000e+02
3.57771 2.000000000000000000e+02
3.58053 2.000000000000000000e+02
3.58279 2.000000000000000000e+02
3.58505 2.000000000000000000e+02
3.58785 2.000000000000000000e+02
3.5901 2.000000000000000000e+02
3.59291 2.000000000000000000e+02
3.59517 2.000000000000000000e+02
3.59798 2.000000000000000000e+02
3.60023 2.000000000000000000e+02
3.60304 2.000000000000000000e+02
3.60528 2.000000000000000000e+02
3.60753 2.000000000000000000e+02
3.61034 2.000000000000000000e+02
3.6126 2.000000000000000000e+02
3.6154 2.000000000000000000e+02
3.61765 2.000000000000000000e+02
3.62046 2.000000000000000000e+02
3.62271 2.000000000000000000e+02
3.62552 2.000000000000000000e+02
3.62777 2.000000000000000000e+02
3.63002 2.000000000000000000e+02
3.63283 2.000000000000000000e+02
3.63507 2.000000000000000000e+02
3.63789 2.000000000000000000e+02
3.64014 2.000000000000000000e+02
3.64296 2.000000000000000000e+02
3.6452 2.000000000000000000e+02
3.64802 2.000000000000000000e+02
3.65028 2.000000000000000000e+02
3.65254 2.000000000000000000e+02
3.65535 2.000000000000000000e+02
3.6576 2.000000000000000000e+02
3.66042 2.000000000000000000e+02
3.66267 2.000000000000000000e+02
3.66549 2.000000000000000000e+02
3.66774 2.000000000000000000e+02
3.67056 2.000000000000000000e+02
3.67281 2.000000000000000000e+02
3.67507 2.000000000000000000e+02
3.67788 2.000000000000000000e+02
3.68014 2.000000000000000000e+02
3.68296 2.000000000000000000e+02
3.68522 2.000000000000000000e+02
3.68804 2.000000000000000000e+02
3.69029 2.000000000000000000e+02
3.69254 2.000000000000000000e+02
3.69537 2.000000000000000000e+02
3.69762 2.000000000000000000e+02
3.70044 2.000000000000000000e+02
3.70269 2.000000000000000000e+02
3.70551 2.000000000000000000e+02
3.70777 2.000000000000000000e+02
3.71002 2.000000000000000000e+02
3.71284 2.000000000000000000e+02
3.7151 2.000000000000000000e+02
3.71792 2.000000000000000000e+02
3.72017 2.000000000000000000e+02
3.723 2.000000000000000000e+02
3.72526 2.000000000000000000e+02
3.72751 2.000000000000000000e+02
3.73033 2.000000000000000000e+02
3.73259 2.000000000000000000e+02
3.73542 2.000000000000000000e+02
3.73767 2.000000000000000000e+02
3.74049 2.000000000000000000e+02
3.74274 2.000000000000000000e+02
3.74501 2.000000000000000000e+02
3.74785 2.000000000000000000e+02
3.7501 2.000000000000000000e+02
3.75292 2.000000000000000000e+02
3.75518 2.000000000000000000e+02
3.758 2.000000000000000000e+02
3.76026 2.000000000000000000e+02
3.76251 2.000000000000000000e+02
3.76533 2.000000000000000000e+02
3.76758 2.000000000000000000e+02
3.7704 2.000000000000000000e+02
3.77266 2.000000000000000000e+02
3.77548 2.000000000000000000e+02
3.77773 2.000000000000000000e+02
3.78055 2.000000000000000000e+02
3.78281 2.000000000000000000e+02
3.78508 2.000000000000000000e+02
3.7879 2.000000000000000000e+02
3.79016 2.000000000000000000e+02
3.79297 2.000000000000000000e+02
3.79523 2.000000000000000000e+02
3.79805 2.000000000000000000e+02
3.80031 2.000000000000000000e+02
3.80257 2.072391358160007826e+02
3.80539 3.212168152786504720e+02
3.80765 4.056845674335191916e+02
3.81047 5.013273762328407201e+02
3.81273 5.698611934464186106e+02
3.81555 6.489769059851861357e+02
3.81781 7.113999532476210561e+02
3.82006 7.760245045074381096e+02
3.82288 8.589645204341325098e+02
3.82514 9.240008339072840045e+02
3.82796 1.002847155361269074e+03
3.83022 1.067377053122537745e+03
3.83305 1.149409467507487989e+03
3.8353 1.213517428983361015e+03
3.83756 1.275145478244082824e+03
3.84038 1.346989689312517157e+03
3.84263 1.400101099736057222e+03
3.84546 1.462715450208920629e+03
3.84772 1.512262211794941095e+03
3.85054 1.576101334856512722e+03
3.8528 1.629800579081289470e+03
3.85506 1.685014220053186818e+03
3.85789 1.751181065361135097e+03
3.86014 1.800453430201452193e+03
3.86297 1.856227147316010814e+03
3.86524 1.895391026747198111e+03
3.86806 1.936914235315070755e+03
3.87032 1.964245201829032794e+03
3.87258 1.986645815205664803e+03
3.8754 2.007967298469864318e+03
3.87766 2.020491878697170932e+03
3.88049 2.031837647314780270e+03
3.88276 2.037834584549499141e+03
3.88502 2.042530287021508229e+03
3.88784 2.048640786439992098e+03
3.8901 2.054540998759536251e+03
3.89292 2.064079934740773297e+03
3.89518 2.073979675899307495e+03
3.89801 2.089444190036744203e+03
3.90028 2.104430480344913576e+03
3.90254 2.121392982141067023e+03
3.90537 2.145072628377435194e+03
3.90763 2.165979006265003591e+03
3.91045 2.195167539449933884e+03
3.91271 2.222077583135248915e+03
3.91555 2.262275043389950952e+03
3.91782 2.301043172691160635e+03
3.92009 2.346292189508366391e+03
3.92294 2.409712078844173448e+03
3.92519 2.462941145786752713e+03
3.92801 2.532161350619596760e+03
3.93028 2.589343880958496811e+03
3.93255 2.647692459837342540e+03
3.9354 2.722306343222276155e+03
3.93768 2.783482050219264238e+03
3.94054 2.861314035430933018e+03
3.9428 2.923938763600391667e+03
3.94506 2.986830472963766624e+03
3.94789 3.043873634128210597e+03
3.95015 3.083061654754412757e+03
3.95299 3.141823241821251031e+03
3.95527 3.187131480243152510e+03
3.95754 3.233729556001746914e+03
3.96037 3.293948059710698089e+03
3.96263 3.342884522509235467e+03
3.96546 3.404764233445581340e+03
3.96772 3.458367106786403383e+03
3.97055 3.533042513594843513e+03
3.97282 3.596247527805897334e+03
3.97509 3.661471483047024776e+03
3.97793 3.746146245393113986e+03
3.9802 3.816783569631930732e+03
3.98302 3.909474869266510723e+03
3.98528 3.988405362665820576e+03
3.98755 4.072277304000149343e+03
3.99038 4.182473993643067843e+03
3.99265 4.273226745665479029e+03
3.99549 4.388593822235719017e+03
3.99776 4.481240554040297866e+03
4.00002 4.573530949488067563e+03
4.00284 4.687928752166816594e+03
4.00511 4.777955589784667609e+03
4.00793 4.887424060924479818e+03
4.0102 4.972289377936376695e+03
4.01303 5.072172505322700090e+03
4.0153 5.146163049007144764e+03
4.01756 5.215489779838551840e+03
4.02039 5.296636262611557868e+03
4.02266 5.360725512692871234e+03
4.02548 5.441730511809054406e+03
4.02775 5.507514691564684654e+03
4.03001 5.574150650361314547e+03
4.03285 5.658011059789631872e+03
4.03512 5.722915998929610396e+03
4.03795 5.798580295521431253e+03
4.04021 5.856109620966495640e+03
4.04304 5.929690216369210248e+03
4.04531 5.989192315021529794e+03
4.04758 6.045316490125890596e+03
4.05041 6.111311503036735303e+03
4.05267 6.161243851647855990e+03
4.0555 6.220730013638949458e+03
4.05776 6.265820618287063553e+03
4.06003 6.307690893390001293e+03
4.06286 6.355338156914959654e+03
4.06512 6.389373009905457366e+03
4.06795 6.426126614443623112e+03
4.07022 6.450279883594992498e+03
4.07306 6.473201890796829503e+03
4.07532 6.485263311775042894e+03
4.07759 6.491416673678546431e+03
4.08042 6.491028866329947050e+03
4.08268 6.484355474889040124e+03
4.08552 6.466030869314232405e+03
4.08779 6.443977992031244867e+03
4.09005 6.416058411876742866e+03
4.09288 6.374274991040284476e+03
4.09515 6.338648339880105596e+03
4.09798 6.293497022500906496e+03
4.10025 6.257701343475244357e+03
4.10251 6.222587266885030658e+03
4.10535 6.179652621322764389e+03
4.10762 6.144548827393983629e+03
4.11046 6.096901824723929167e+03
4.11273 6.058798648965306711e+03
4.11556 6.015405367816129910e+03
4.11783 5.981916700150244651e+03
4.12009 5.946960151028340988e+03
4.12293 5.901891391374218983e+03
4.12519 5.865336765383584861e+03
4.12803 5.819279252708913191e+03
4.13029 5.781995145722054076e+03
4.13256 5.744639294246999270e+03
4.1354 5.697739270887886960e+03
4.13768 5.659867113626824903e+03
4.14051 5.611656518560857876e+03
4.14278 5.571908941379366297e+03
4.14505 5.530804450958632515e+03
4.14789 5.477346890614081531e+03
4.15017 5.433018500836948078e+03
4.153 5.376269209970481825e+03
4.15526 5.329188912547742802e+03
4.15754 5.279562713460447412e+03
4.16038 5.214890615487662217e+03
4.16264 5.161527787979142886e+03
4.16548 5.095263001680445996e+03
4.16774 5.044812467214364915e+03
4.17002 4.997328743945448878e+03
4.17286 4.942893650718367098e+03
4.17513 4.903767108192811065e+03
4.17798 4.860438339007636387e+03
4.18024 4.829640365402715361e+03
4.18251 4.801012331192644524e+03
4.18535 4.766074871157367852e+03
4.18762 4.739894540912710909e+03
4.19046 4.715255155902570550e+03
4.19273 4.701482240037920747e+03
4.19556 4.686058971356002985e+03
4.19784 4.674842306197620928e+03
4.20011 4.665326059299783992e+03
4.20295 4.656728014290356441e+03
4.20522 4.652857547602234263e+03
4.20805 4.651866795755803651e+03
4.21032 4.653899291424581861e+03
4.21259 4.658081047307031440e+03
4.21543 4.665821503811396724e+03
4.21771 4.673536982371782869e+03
4.22054 4.684751626479558581e+03
4.22281 4.695103937478640546e+03
4.22508 4.706324982111891586e+03
4.22792 4.720725758810981461e+03
4.23019 4.733027429815358119e+03
4.23302 4.749786462915774791e+03
4.23529 4.765131779084913433e+03
4.23757 4.784481437108335740e+03
4.24041 4.815239626450941614e+03
4.24268 4.845591685338877141e+03
4.24552 4.891414704312283902e+03
4.24778 4.934638524021929697e+03
4.25005 4.983453894696962379e+03
4.25289 5.051998647170690674e+03
4.25516 5.112695397216706624e+03
4.258 5.194688779370882912e+03
4.26026 5.264129006327201751e+03
4.26253 5.336535178200723749e+03
4.26537 5.431911908751090778e+03
4.26765 5.514191296628197961e+03
4.27049 5.628020164536478660e+03
4.27276 5.725774499341177034e+03
4.27503 5.825874452261158694e+03
4.27787 5.953718910701883033e+03
4.28013 6.059128985980287325e+03
4.28297 6.196600896561590162e+03
4.28525 6.310992344548185429e+03
4.28751 6.428827672741471360e+03
4.29035 6.580345304303539706e+03
4.29262 6.704311620344241419e+03
4.29546 6.861708558619739051e+03
4.29773 6.987907600984240162e+03
4.3 7.113953310598691132e+03
4.30284 7.271078635228511303e+03
4.30511 7.396882395184550660e+03
4.30796 7.556338315891723141e+03
4.31023 7.685928620244997546e+03
4.31251 7.817418794564449854e+03
4.31535 7.984355633117927027e+03
4.31761 8.119799061182217883e+03
4.32045 8.291118101583864700e+03
4.32272 8.429355909849611635e+03
4.32556 8.602686454649656298e+03
4.32783 8.740670498892306568e+03
4.3301 8.877355526043125792e+03
4.33294 9.046117810673533313e+03
4.33521 9.179047263125172321e+03
4.33806 9.341965458889277215e+03
4.34033 9.469516921759846809e+03
4.34261 9.594825424786657095e+03
4.34544 9.748836689931293222e+03
4.34771 9.871253097000841080e+03
4.35055 1.002448740090202955e+04
4.35283 1.014567467236757693e+04
4.3551 1.026254444641259215e+04
4.35793 1.040118934518122842e+04
4.3602 1.050635350531557015e+04
4.36304 1.063163358057235382e+04
4.36532 1.072765397724994000e+04
4.36759 1.081979198256237760e+04
4.37043 1.092880617968566185e+04
4.37271 1.101014175525417522e+04
4.37555 1.110191888176167413e+04
4.37782 1.116706750308622031e+04
4.3801 1.122512915594230981e+04
4.38294 1.129012967646145989e+04
4.38521 1.133662711433216282e+04
4.38805 1.138873835145015801e+04
4.39032 1.142606125319534112e+04
4.39259 1.145934839969142740e+04
4.39544 1.149515433617091367e+04
4.39771 1.151891918322045240e+04
4.40055 1.154167574577585219e+04
4.40282 1.155415256882685753e+04
4.4051 1.156142497228871616e+04
4.40794 1.156321218685648273e+04
4.41022 1.155891469646410042e+04
4.41306 1.154632797060976009e+04
4.41533 1.153076914638166272e+04
4.4176 1.151114007714207037e+04
4.42045 1.148227962595274585e+04
4.42272 1.145779907297662976e+04
4.42556 1.142559196477151636e+04
4.42783 1.139734523380423525e+04
4.43011 1.136423070858306710e+04
4.43295 1.131485305889545452e+04
4.43523 1.126891913583898713e+04
4.43807 1.120390143051390078e+04
4.44034 1.114654797696114474e+04
4.44262 1.108559846731654943e+04
4.44546 1.100517885932097124e+04
4.44774 1.093728243889910300e+04
4.45001 1.086573186262045056e+04
4.45285 1.076900990803661625e+04
4.45512 1.068537987800014162e+04
4.45797 1.057436075266720400e+04
4.46025 1.048294901095660316e+04
4.46253 1.039019592490730247e+04
4.46537 1.027350802354512052e+04
4.46764 1.017949975941513912e+04
4.47048 1.006102888076229465e+04
4.47276 9.965367006935370227e+03
4.47504 9.868862131378446065e+03
4.47788 9.747055777561730793e+03
4.48015 9.648730904841055235e+03
4.48299 9.524781088032950720e+03
4.48526 9.424668964286764094e+03
4.48755 9.323771313557354006e+03
4.4904 9.198338842562399805e+03
4.49267 9.100815955970412688e+03
4.49551 8.984759835491697231e+03
4.49779 8.895795684603113841e+03
4.50007 8.809002127485302481e+03
4.50292 8.699894616575817054e+03
4.50519 8.611597868845965422e+03
4.50803 8.499470539227175323e+03
4.51031 8.408696842947307232e+03
4.51258 8.317700790991504618e+03
4.51543 8.204687288226918099e+03
4.51771 8.115978801402167846e+03
4.52056 8.007687285551753121e+03
4.52283 7.922664428351661627e+03
4.5251 7.838404759290055154e+03
4.52795 7.732715350197890984e+03
4.53023 7.647203505114270229e+03
4.53251 7.561527091219496469e+03
4.53535 7.456309272082021380e+03
4.53763 7.375161764110558579e+03
4.54047 7.278387355083766124e+03
4.54275 7.204943297431684186e+03
4.54503 7.134895642723123274e+03
4.54788 7.051682724424184926e+03
4.55015 6.988119391430742326e+03
4.55299 6.911923826275202373e+03
4.55527 6.853032361289319851e+03
4.55756 6.796063881050294185e+03
4.5604 6.727668441361675832e+03
4.56268 6.675744450027887979e+03
4.56552 6.617896815526060891e+03
4.5678 6.578518309962912099e+03
4.57007 6.544629599665698152e+03
4.57292 6.505379224108101880e+03
4.5752 6.475054868555413123e+03
4.57805 6.437856511099073032e+03
4.58033 6.408522805452561443e+03
4.58261 6.380089077677792375e+03
4.58547 6.346580928744676385e+03
4.58775 6.322455621237221749e+03
4.59002 6.300878423889502301e+03
4.59287 6.277052938599091249e+03
4.59514 6.260008659493011692e+03
4.59799 6.240610898239538074e+03
4.60027 6.226281148951691648e+03
4.60255 6.211764877825115946e+03
4.6054 6.193211894285793278e+03
4.60767 6.178194447864491849e+03
4.61052 6.160915776788687253e+03
4.61281 6.149897106557797997e+03
4.61509 6.141827819337781875e+03
4.61794 6.136385295749498255e+03
4.62022 6.135508780605518041e+03
4.62306 6.138121031716299512e+03
4.62534 6.142306807489254425e+03
4.62762 6.147982737758435178e+03
4.63047 6.157029090500843267e+03
4.63275 6.165266085378945718e+03
4.63503 6.174147198005435712e+03
4.63787 6.186838239080582753e+03
4.64015 6.200062197837357417e+03
4.64301 6.222970546010667022e+03
4.64529 6.244637072913658812e+03
4.64757 6.266325129077555175e+03
4.65042 6.293049559204386242e+03
4.6527 6.314286180996694384e+03
4.65555 6.341279056015759124e+03
4.65783 6.363455773087983289e+03
4.66012 6.386714543868214605e+03
4.66296 6.417024816042170642e+03
4.66524 6.441954005290539499e+03
4.66752 6.467176251227704597e+03
4.67037 6.498806063533616907e+03
4.67265 6.522961713252899244e+03
4.6755 6.550409558115002255e+03
4.67778 6.570208964358203957e+03
4.68006 6.588251675441479165e+03
4.68291 6.610884570609921866e+03
4.68519 6.630002361040180404e+03
4.68805 6.655749924023229141e+03
4.69034 6.678211649918332114e+03
4.69261 6.702254044419751153e+03
4.69545 6.734173092015063958e+03
4.69774 6.760818202794673198e+03
4.70002 6.787562973029887871e+03
4.70287 6.820804557389627917e+03
4.70515 6.846886156324631884e+03
4.708 6.878832747000149539e+03
4.71028 6.903947146280931520e+03
4.71256 6.928822858839940636e+03
4.71542 6.959946367062771969e+03
4.71771 6.984946262093309088e+03
4.72056 7.016644304629080580e+03
4.72284 7.043279204135378677e+03
4.72512 7.071234347169622197e+03
4.72797 7.105850651428581841e+03
4.73025 7.132113518881373238e+03
4.73253 7.157510915270241640e+03
4.73539 7.188770454572227209e+03
4.73767 7.213554917446409490e+03
4.74051 7.244053732018344817e+03
4.74279 7.266784818791928046e+03
4.74508 7.287237795552669013e+03
4.74794 7.309261700826888045e+03
4.75022 7.324098050606938159e+03
4.7525 7.337877953474791866e+03
4.75535 7.354398864732530456e+03
4.75763 7.367557429484091699e+03
4.76049 7.384836266246552441e+03
4.76278 7.399483887230141590e+03
4.76506 7.414764150983844956e+03
4.76791 7.434590735375236363e+03
4.77019 7.450501840710854594e+03
4.77304 7.469921928923124142e+03
4.77532 7.484907024293062932e+03
4.77761 7.499320396645830442e+03
4.78046 7.516552460228116615e+03
4.78274 7.529760262717469232e+03
4.78502 7.542578733447867307e+03
4.78787 7.558222011345318606e+03
4.79016 7.570498732857859068e+03
4.79302 7.585504404727822475e+03
4.7953 7.597195383191609835e+03
4.79758 7.608652552622514122e+03
4.80043 7.622857869418289738e+03
4.80272 7.634437809865969939e+03
4.80557 7.649570953543656287e+03
4.80786 7.662373324975729702e+03
4.81014 7.675502083161607516e+03
4.81299 7.690845227242040892e+03
4.81527 7.701608003015820941e+03
4.81755 7.710665573166276772e+03
4.8204 7.719936353420862361e+03
4.82269 7.726168098446388285e+03
4.82555 7.733032449229930535e+03
4.82784 7.738141146545536685e+03
4.83012 7.743123873676890071e+03
4.83297 7.749385937523956272e+03
4.83526 7.754602621466661731e+03
4.83754 7.759878019387810127e+03
4.84039 7.766415483371019945e+03
4.84267 7.771524643663460665e+03
4.84552 7.777677851321009257e+03
4.8478 7.782382114369517694e+03
4.85008 7.786887769171515174e+03
4.85294 7.792251496067126936e+03
4.85523 7.796317894585478825e+03
4.85751 7.800178198467295260e+03
4.86037 7.804736846973594766e+03
4.86265 7.808188887327431075e+03
4.8655 7.812288854702782373e+03
4.86778 7.815414605723000932e+03
4.87008 7.818402000450219020e+03
4.87294 7.821946347440282807e+03
4.87522 7.824699784926735447e+03
4.8775 7.827530856848860822e+03
4.88036 7.831447626927008059e+03
4.88264 7.835035639705853100e+03
4.8855 7.840022612581292378e+03
4.88779 7.844015066223242684e+03
4.89008 7.847436199212637803e+03
4.89292 7.850327982565244383e+03
4.8952 7.851283543213652592e+03
4.89806 7.851118906590394545e+03
4.90035 7.850077599240848940e+03
4.90264 7.848271813127212226e+03
4.9055 7.845055952982546842e+03
4.90779 7.841845508107867317e+03
4.91007 7.838132057252818413e+03
4.91293 7.832893523219734561e+03
4.91521 7.828276586281588607e+03
4.91807 7.822056700552002440e+03
4.92035 7.816769982390272162e+03
4.92263 7.811216207094395031e+03
4.92549 7.803905335007068970e+03
4.92777 7.797761756401222556e+03
4.93005 7.791349392461183925e+03
4.93291 7.782938157521809444e+03
4.93521 7.775918233941571998e+03
4.93806 7.766775199935723322e+03
4.94035 7.759128317564367535e+03
4.94263 7.751184712001767366e+03
4.94548 7.740858107380689034e+03
4.94777 7.732298321101576221e+03
4.95006 7.723520400914960192e+03
4.95293 7.712374422085615151e+03
4.95521 7.703455737872742247e+03
4.95807 7.692501981662323487e+03
4.96036 7.684090684366364258e+03
4.96264 7.676100381006486714e+03
4.9655 7.666536045808201379e+03
4.96779 7.658808880929572297e+03
4.97008 7.650582903258526130e+03
4.97293 7.638945616187384076e+03
4.97521 7.628521576406697022e+03
4.97806 7.614274950565770268e+03
4.98035 7.602005890325261134e+03
4.98265 7.588955664931414503e+03
4.98552 7.571716254309272699e+03
4.98781 7.557349080609539669e+03
4.9901 7.542571673615238979e+03
4.99295 7.523646181770099247e+03
4.99524 7.508269639767586341e+03
4.99752 7.492820616152352159e+03
5.00038 7.473559021524440141e+03
5.00267 7.458321591394715142e+03
5.00553 7.439621704259791841e+03
5.00781 7.424950708615545409e+03
5.01009 7.410511867830338815e+03
5.01295 7.392771148434577299e+03
5.01524 7.378861424837858067e+03
5.01753 7.365181231919294078e+03
5.0204 7.348520855743389802e+03
5.02269 7.335617614905780101e+03
5.02554 7.319840591885698814e+03
5.02783 7.307529717493229327e+03
5.03011 7.295546480507446176e+03
5.03297 7.281165909218291745e+03
5.03527 7.270264941945695682e+03
5.03756 7.260062490717627952e+03
5.04042 7.248536886771878017e+03
5.0427 7.240459188051043384e+03
5.04556 7.231924783012806074e+03
5.04785 7.226253666212065582e+03
5.05014 7.221265000204603894e+03
5.05301 7.215183120032294028e+03
5.0553 7.210185264373460996e+03
5.05758 7.205044389898435838e+03
5.06043 7.198461486772467651e+03
5.06272 7.193117166796054335e+03
5.06501 7.187751194699691041e+03
5.06787 7.181075952536116347e+03
5.07017 7.175836032195040389e+03
5.07304 7.169660344406986042e+03
5.07533 7.165174264579604824e+03
5.07761 7.161207027860034032e+03
5.08047 7.157161434164127058e+03
5.08276 7.154773664386202654e+03
5.08505 7.153202349759494609e+03
5.08791 7.152420434163310347e+03
5.0902 7.152732365161156849e+03
5.09306 7.154245423862877033e+03
5.09534 7.156315780810725300e+03
5.09763 7.159128010558465576e+03
5.10049 7.163650027497193150e+03
5.10278 7.168073093092260024e+03
5.10508 7.173200666376079425e+03
5.10795 7.180541968848842771e+03
5.11023 7.187238268424160196e+03
5.11252 7.194713036975585055e+03
5.11538 7.204878749304881239e+03
5.11766 7.213659718023708592e+03
5.12053 7.225665814755102474e+03
5.12283 7.236268613899461343e+03
5.12512 7.247965994445200522e+03
5.12798 7.264328222959326013e+03
5.13027 7.278790002217946494e+03
5.13255 7.294393722154510215e+03
5.13542 7.315341735242627692e+03
5.13771 7.332845592329087594e+03
5.14001 7.350611810059000163e+03
5.14287 7.372785688907409167e+03
5.14516 7.390116419809153740e+03
5.14802 7.411168961431640128e+03
5.1503 7.427753901652871718e+03
5.15259 7.443924974406376350e+03
5.15546 7.463637357902091935e+03
5.15776 7.479113582682389278e+03
5.16005 7.494540245485874038e+03
5.16291 7.513930164564114421e+03
5.1652 7.529604165220394862e+03
5.16806 7.549503826923931229e+03
5.17035 7.565756361942833792e+03
5.17264 7.582343461898562055e+03
5.1755 7.603472658887720172e+03
5.17779 7.620607642097542339e+03
5.18008 7.637862212972452653e+03
5.18294 7.659447371693758214e+03
5.18522 7.676659855320166571e+03
5.18751 7.693807210304057662e+03
5.19038 7.715151504627859140e+03
5.19267 7.732090348269025526e+03
5.19554 7.753051384153775871e+03
5.19783 7.769612829906387560e+03
5.20012 7.785884973094798625e+03
5.20298 7.805885863762110603e+03
5.20526 7.821741858511828468e+03
5.20755 7.837567975557767568e+03
5.21041 7.857591257615516042e+03
5.21271 7.874046087229145996e+03
5.215 7.891393190425295870e+03
5.21787 7.914257188384372967e+03
5.22016 7.933117244153928368e+03
5.22302 7.956599615269174137e+03
5.22531 7.974275943571487005e+03
5.2276 7.990786112072352807e+03
5.23048 8.009663074572714322e+03
5.23279 8.023123250706456020e+03
5.23508 8.035162269821820701e+03
5.23795 8.048615071325300050e+03
5.24024 8.058431531220554461e+03
5.24252 8.067953850614647308e+03
5.24539 8.079795944856694405e+03
5.24768 8.089016347768596461e+03
5.25055 8.099387340980916633e+03
5.25284 8.105897269859528024e+03
5.25513 8.110787179103789640e+03
5.25799 8.115495800548663283e+03
5.26028 8.119129670184343922e+03
5.26257 8.122791505968676574e+03
5.26544 8.127610094138230124e+03
5.26773 8.131485731318282888e+03
5.27003 8.135232889757873636e+03
5.27289 8.139261753813626456e+03
5.27518 8.141898118897747736e+03
5.27804 8.144502890996539463e+03
5.28033 8.146063058125620046e+03
5.28262 8.147178954116378918e+03
5.28549 8.147957722283254952e+03
5.28778 8.148069550317187350e+03
5.29008 8.147708318053148105e+03
5.29294 8.146595857318227900e+03
5.29523 8.145317940241418910e+03
5.29752 8.144011396634440644e+03
5.30038 8.142707069815112845e+03
5.30268 8.142599988719376597e+03
5.30554 8.143514291263996711e+03
5.30784 8.144719648495554793e+03
5.31013 8.145405724785528946e+03
5.313 8.145259121348436565e+03
5.31529 8.144244576905401118e+03
5.31758 8.142261921834034183e+03
5.32044 8.138365509299799669e+03
5.32274 8.134155508785675011e+03
5.32504 8.129047066205849660e+03
5.32793 8.121804274167292533e+03
5.33024 8.115502188263150856e+03
5.33254 8.108902251495000201e+03
5.33542 8.100414088646785785e+03
5.33771 8.093650273406090491e+03
5.34 8.086929754268688157e+03
5.34287 8.078435840460018881e+03
5.34516 8.071373033140665939e+03
5.34803 8.061890496174374675e+03
5.35032 8.053636987584619419e+03
5.35261 8.044638871979063879e+03
5.35548 8.032228694963603630e+03
5.35776 8.021774649409840094e+03
5.36006 8.011647717496500263e+03
5.36293 7.999744660931401086e+03
5.36523 7.990806842429038625e+03
5.36754 7.982197384060526929e+03
5.37043 7.971754523622683337e+03
5.37272 7.963486054113325736e+03
5.37502 7.955300240796465914e+03
5.37788 7.945221044024619005e+03
5.38017 7.937234348998643327e+03
5.38303 7.927231850862001920e+03
5.38533 7.919335530534220197e+03
5.38763 7.911713858379194789e+03
5.39049 7.902887508987950241e+03
5.39278 7.896954534605001754e+03
5.39507 7.892063941653339498e+03
5.39794 7.887157589534704130e+03
5.40023 7.883473790945485234e+03
5.40254 7.879846742223876390e+03
5.40541 7.875280550008043065e+03
5.40772 7.871495725694900102e+03
5.41002 7.867635236922485092e+03
5.41289 7.862761676869475195e+03
5.41518 7.858947145305573940e+03
5.41804 7.854566050657453161e+03
5.42033 7.851420059483045407e+03
5.42263 7.848615460373771384e+03
5.4255 7.845402832055559884e+03
5.42779 7.843030017787757060e+03
5.43011 7.840853417551383245e+03
5.433 7.838498666892950496e+03
5.43531 7.837035158098316970e+03
5.43762 7.836038858086778419e+03
5.4405 7.835427737703905223e+03
5.44281 7.835362422402589800e+03
5.44511 7.835558933773842909e+03
5.44798 7.835966381384250781e+03
5.45028 7.836276014779169600e+03
5.45257 7.836424371561035514e+03
5.45544 7.836209179008809770e+03
5.45773 7.836013413622855296e+03
5.46003 7.836437087033064017e+03
5.46289 7.838227524795593126e+03
5.46519 7.840601847946477392e+03
5.46806 7.844463506151635556e+03
5.47037 7.848060094236730947e+03
5.47267 7.852005968741404104e+03
5.47555 7.857415154648658245e+03
5.47786 7.862113282790598532e+03
5.48017 7.867109962795909269e+03
5.48304 7.873832535126963194e+03
5.48534 7.879904278176573825e+03
5.48764 7.886738709076714258e+03
5.49051 7.896360444058735993e+03
5.4928 7.904709313807578837e+03
5.4951 7.913263130129123965e+03
5.49796 7.924115977026594010e+03
5.50026 7.932818879821361406e+03
5.50255 7.941454302139723950e+03
5.50542 7.952140888176428234e+03
5.50771 7.960557385600865018e+03
5.51002 7.968952450083759686e+03
5.5129 7.979435711243906553e+03
5.51521 7.987802310962826596e+03
5.51753 7.996134914652993757e+03
5.52042 8.006439037868490232e+03
5.52272 8.014548014398759733e+03
5.52503 8.022571392161771655e+03
5.5279 8.032455905525013804e+03
5.53019 8.040278463747710703e+03
5.53306 8.050019852875373545e+03
5.53535 8.057759340924067146e+03
5.53765 8.065399995660385684e+03
5.54053 8.074924348929466760e+03
5.54283 8.082413436442518105e+03
5.54513 8.089652353561603377e+03
5.54801 8.098048881804188568e+03
5.55033 8.104090651435539257e+03
5.55264 8.109233333311496608e+03
5.55554 8.114521900766480940e+03
5.55786 8.118306518749524912e+03
5.56018 8.122374680739803807e+03
5.56307 8.127936054099016474e+03
5.56538 8.132758120163750391e+03
5.56769 8.137665052608610495e+03
5.57057 8.143679028782468777e+03
5.57287 8.148131119877266428e+03
5.57517 8.152247165420785677e+03
5.57804 8.156963187511890283e+03
5.58034 8.160450134983071621e+03
5.58263 8.163746604422489327e+03
5.58551 8.167779955231560962e+03
5.58782 8.171154602059831632e+03
5.59012 8.174666228436864913e+03
5.59302 8.179203460176451699e+03
5.59534 8.182624956753367769e+03
5.59766 8.185734846681881208e+03
5.60056 8.189131187641706674e+03
5.60287 8.191387402299313180e+03
5.60518 8.193217340875296941e+03
5.60807 8.194918778230365206e+03
5.61037 8.195811252376064658e+03
5.61268 8.196367694980990564e+03
5.61555 8.196657147054966117e+03
5.61785 8.196567978620863869e+03
5.62015 8.196196735707684638e+03
5.62302 8.195343028468127159e+03
5.62532 8.194355186077384133e+03
5.62762 8.193107301828880736e+03
5.63049 8.191217351961045097e+03
5.63279 8.189495326079021652e+03
5.63509 8.187658762267527891e+03
5.63797 8.185302237997811062e+03
5.64027 8.183447329822402935e+03
5.64258 8.181648761538215695e+03
5.64546 8.179410844346866725e+03
5.64777 8.177531123140133786e+03
5.65008 8.175413076327899034e+03
5.65296 8.172252031786653788e+03
5.65527 8.169116311250922990e+03
5.65759 8.165312736415662584e+03
5.66047 8.159996390719802548e+03
5.66277 8.155833960701353135e+03
5.66507 8.152303473594550269e+03
5.66794 8.148795332158128076e+03
5.67024 8.146668284538058288e+03
5.67254 8.144993452872077796e+03
5.67542 8.143383942893324274e+03
5.67773 8.142292422714547683e+03
5.68004 8.141367652713535790e+03
5.68292 8.140477088962466951e+03
5.68522 8.139999176791247919e+03
5.68753 8.139747035531470829e+03
5.69041 8.139754720843253381e+03
5.69272 8.140009103232516281e+03
5.69503 8.140495046148864276e+03
5.69792 8.141526576132966511e+03
5.70024 8.142942613867947330e+03
5.70256 8.145053243257941176e+03
5.70546 8.148553217678187139e+03
5.70778 8.151650487389008958e+03
5.7101 8.154884202233682117e+03
5.713 8.159072862546222495e+03
5.71531 8.162547818586708672e+03
5.71762 8.166167792434755938e+03
5.7205 8.170932420781789915e+03
5.72281 8.175020593537280547e+03
5.72511 8.179372356588642106e+03
5.72799 8.185153489743884165e+03
5.73029 8.190017267067558350e+03
5.73259 8.195060370410266842e+03
5.73547 8.201572551106293758e+03
5.73778 8.206909026399851427e+03
5.74009 8.212344097988489011e+03
5.74298 8.219287747200149170e+03
5.74529 8.225004602780278219e+03
5.7476 8.230934081700606839e+03
5.7505 8.238733181510764553e+03
5.75282 8.245260696084285883e+03
5.75514 8.251982996502341848e+03
5.75804 8.260647943974425289e+03
5.76037 8.267556465468322131e+03
5.7627 8.274272950955881242e+03
5.76502 8.280463314584074396e+03
5.76793 8.287243752574835526e+03
5.77025 8.292067323697014217e+03
5.77256 8.296766536453045774e+03
5.77546 8.303149872616435459e+03
5.77777 8.308659021862973532e+03
5.78008 8.314635111882947967e+03
5.78296 8.322733686107663743e+03
5.78527 8.329611161595210433e+03
5.78757 8.336663137548315717e+03
5.79045 8.345436581028934597e+03
5.79276 8.352347715079282352e+03
5.79506 8.359113640512674465e+03
5.79794 8.367320036162765973e+03
5.80024 8.373674268684708295e+03
5.80255 8.379853858021589986e+03
5.80543 8.387363959949583659e+03
5.80773 8.393218675086489384e+03
5.81004 8.398954491006712487e+03
5.81292 8.405948687716983841e+03
5.81523 8.411390511150997554e+03
5.81754 8.416667951973919116e+03
5.82043 8.422972314992775864e+03
5.82275 8.427739880154673301e+03
5.82506 8.432227663435567592e+03
5.82795 8.437406528911458736e+03
5.83026 8.441191706215724480e+03
5.83257 8.444665724781963945e+03
5.83547 8.448600665306577866e+03
5.83778 8.451415016655930231e+03
5.8401 8.453936280309986614e+03
5.84299 8.456679143152319739e+03
5.84531 8.458529896326985181e+03
5.84763 8.460057833269787807e+03
5.85052 8.461489926014906814e+03
5.85284 8.462239947097352342e+03
5.85515 8.462628766869696847e+03
5.85803 8.462595776629586908e+03
5.86034 8.462146988580552716e+03
5.86265 8.461317575234728793e+03
5.86553 8.459742107908121397e+03
5.86784 8.458055934005942618e+03
5.87014 8.455999950330466163e+03
5.87303 8.452822884308341600e+03
5.87534 8.449785049372258072e+03
5.87765 8.446387515707012426e+03
5.88054 8.441804136594686497e+03
5.88285 8.438048605461819534e+03
5.88516 8.434234342951447616e+03
5.88805 8.429295812276979632e+03
5.89036 8.425126970584195078e+03
5.89268 8.420368810262221814e+03
5.89557 8.413437298508313688e+03
5.89788 8.407136637561834505e+03
5.9002 8.400449767369203983e+03
5.90251 8.393866592114241939e+03
5.90541 8.385993651391843741e+03
5.90773 8.380137933132071339e+03
5.91005 8.374795675895558816e+03
5.91296 8.368833348360294622e+03
5.91528 8.364648724207749183e+03
5.91761 8.360918921714768658e+03
5.92052 8.356614224544033277e+03
5.92284 8.353389679048832477e+03
5.92517 8.350327327371622232e+03
5.9275 8.347420864897612773e+03
5.93041 8.344042368407983304e+03
5.93275 8.341597732416163126e+03
5.93509 8.339454302348125566e+03
5.938 8.337294208705281562e+03
5.94033 8.336031402131851792e+03
5.94266 8.335206867585960936e+03
5.94556 8.334791521639133862e+03
5.94789 8.334933435209932213e+03
5.95021 8.335473621460872891e+03
5.95252 8.336393148778794057e+03
5.95542 8.338056329381126488e+03
5.95774 8.339796856778006259e+03
5.96005 8.341910150926465576e+03
5.96294 8.345099366519480100e+03
5.96525 8.348112017000381456e+03
5.96756 8.351553077133681654e+03
5.97045 8.356484144282621855e+03
5.97277 8.360951677786735672e+03
5.97508 8.365904242057975353e+03
5.97796 8.372796675175572091e+03
5.98027 8.378829308431930258e+03
5.98258 8.385302762916884603e+03
5.98547 8.394029307823102499e+03
5.98778 8.401522837743785203e+03
5.99009 8.409456529909171877e+03
5.99298 8.419926552880531744e+03
5.99529 8.428659447183665179e+03
5.9976 8.437704779804636928e+03
6.00049 8.449486363077965507e+03
6.0028 8.459335852890897513e+03
6.00511 8.469614196685022762e+03
6.008 8.483193318675774208e+03
6.01032 8.494685445154300396e+03
6.01263 8.506758149033721566e+03
6.01553 8.522639015267459399e+03
6.01785 8.535917591189894665e+03
6.02017 8.549541190726395143e+03
6.02306 8.566849451133288312e+03
6.02538 8.580738317631114114e+03
6.0277 8.594498644881523433e+03
6.03002 8.608055418408643163e+03
6.03292 8.624717857434105099e+03
6.03524 8.637950373427560407e+03
6.03756 8.651313260769207773e+03
6.04046 8.668581771071259936e+03
6.04279 8.683187760620641711e+03
6.04511 8.698325056993522594e+03
6.04802 8.717099342933712251e+03
6.05034 8.731586513394537178e+03
6.05267 8.745596375394063216e+03
6.055 8.759327557587064803e+03
6.05791 8.776361786387789834e+03
6.06025 8.790112223226267815e+03
6.06258 8.803882064070647175e+03
6.0655 8.820827498279177235e+03
6.06783 8.833714101187335473e+03
6.07016 8.845851110727358900e+03
6.07307 8.859866934151867099e+03
6.0754 8.870250925779868339e+03
6.07772 8.880313844490867268e+03
6.08005 8.890162566610397334e+03
6.08295 8.902287106662701262e+03
6.08527 8.911998786513549931e+03
6.08759 8.921773310576947551e+03
6.09049 8.933974665891140830e+03
6.09281 8.943655552803444152e+03
6.09512 8.953103925591502048e+03
6.09802 8.964319041374592416e+03
6.10034 8.972704527317975590e+03
6.10265 8.980504051044512380e+03
6.10554 8.989370326879601635e+03
6.10786 8.995744480947390912e+03
6.11017 9.001494634975082590e+03
6.11306 9.007847260271842970e+03
6.11538 9.012302346155740452e+03
6.11769 9.016231154823963152e+03
6.12 9.019653793195071557e+03
6.12289 9.023232790111158465e+03
6.12521 9.025533832274950328e+03
6.12752 9.027324209264479578e+03
6.13041 9.028820941169482467e+03
6.13272 9.029405089430940279e+03
6.13504 9.029428214352672512e+03
6.13793 9.028652240261006227e+03
6.14025 9.027381697662533043e+03
6.14256 9.025535819134722260e+03
6.14546 9.022432596406708399e+03
6.14777 9.019330250880919266e+03
6.15009 9.015697695579165156e+03
6.15299 9.010440045372439272e+03
6.1553 9.005689999699545297e+03
6.15762 9.000477195490460872e+03
6.16052 8.993341555687384243e+03
6.16284 8.987154238644485304e+03
6.16517 8.980554276193706755e+03
6.16807 8.971746254938416314e+03
6.17039 8.964268883909004217e+03
6.17271 8.956422170134093903e+03
6.17503 8.948225814645775245e+03
6.17793 8.937511262349402386e+03
6.18025 8.928590460448955128e+03
6.18257 8.919384861997496046e+03
6.18547 8.907513361997162065e+03
6.18778 8.897760883745737374e+03
6.1901 8.887808349693432319e+03
6.19299 8.875134795351861612e+03
6.19531 8.864841333096464950e+03
6.19763 8.854440788801162853e+03
6.20052 8.841301404166344582e+03
6.20283 8.830671714434567548e+03
6.20515 8.819973911704590137e+03
6.20804 8.806557483359836624e+03
6.21035 8.795834805211028652e+03
6.21267 8.785156910448358758e+03
6.21556 8.771926648083644977e+03
6.21787 8.761474430497855792e+03
6.22018 8.751175598896801603e+03
6.22308 8.738559981711496221e+03
6.22539 8.728709909664419683e+03
6.2277 8.719106684694710566e+03
6.23001 8.709732285445532398e+03
6.2329 8.698253184817802321e+03
6.23522 8.689310662123732982e+03
6.23753 8.680629587502768118e+03
6.24042 8.670134312706712080e+03
6.24273 8.662001042863163093e+03
6.24504 8.654162096828556969e+03
6.24793 8.644854365745224641e+03
6.25025 8.637814635742361133e+03
6.25256 8.631157737884192102e+03
6.25545 8.623435288102056802e+03
6.25776 8.617762805294532882e+03
6.26008 8.612558692241469544e+03
6.26297 8.606725225009691712e+03
6.26528 8.602598376360243492e+03
6.2676 8.598911298057613749e+03
6.27049 8.594886959461231527e+03
6.27281 8.592126642863195229e+03
6.27512 8.589771935385460893e+03
6.27801 8.587400497967544652e+03
6.28033 8.585963767192397427e+03
6.28264 8.584940459672696306e+03
6.28554 8.584248578061993612e+03
6.28786 8.584168500914094693e+03
6.29017 8.584509852303121079e+03
6.29307 8.585525928075569027e+03
6.29539 8.586804308664341079e+03
6.29771 8.588488645943310985e+03
6.30002 8.590568118488177788e+03
6.30292 8.593704140409612592e+03
6.30524 8.596628126304476609e+03
6.30756 8.599909225719264214e+03
6.31045 8.604496810214714060e+03
6.31277 8.608542144749577346e+03
6.31509 8.612909843777259084e+03
6.31799 8.618830332468669440e+03
6.3203 8.623938315085159047e+03
6.32262 8.629371314195581363e+03
6.32552 8.636604503625836514e+03
6.32784 8.642735115420193324e+03
6.33016 8.649232947226995748e+03
6.33305 8.657871813835623470e+03
6.33537 8.665158964722249948e+03
6.33769 8.672755616811726213e+03
6.34001 8.680637833827509894e+03
6.34291 8.690862035436723090e+03
6.34523 8.699302105125780145e+03
6.34755 8.707859853211599329e+03
6.35045 8.718637935724418639e+03
6.35277 8.727281190209712804e+03
6.35509 8.735912959270872307e+03
6.35799 8.746634648530982304e+03
6.36032 8.755126666516065598e+03
6.36264 8.763504401399131893e+03
6.36555 8.773783824271331468e+03
6.36787 8.781847534419061049e+03
6.3702 8.789762938344207214e+03
6.37252 8.797549580345479626e+03
6.37543 8.807097907788287557e+03
6.37775 8.814571651568398011e+03
6.38007 8.821887077979672540e+03
6.38298 8.830784300320114198e+03
6.3853 8.837682776413523243e+03
6.38762 8.844370011199027431e+03
6.39052 8.852399912644010328e+03
6.39284 8.858544217206632311e+03
6.39516 8.864420009191027930e+03
6.39806 8.871367541698953573e+03
6.40038 8.876591116538056667e+03
6.4027 8.881504683996097810e+03
6.40501 8.886099334826645645e+03
6.40791 8.891378519839010551e+03
6.41023 8.895223721103026037e+03
6.41254 8.898725296014179548e+03
6.41544 8.902613112904537047e+03
6.41775 8.905327589006903509e+03
6.42007 8.907687595373592558e+03
6.42296 8.910137291198167077e+03
6.42528 8.911695862969598238e+03
6.42759 8.912898495052033468e+03
6.43048 8.913902984109636236e+03
6.4328 8.914310340721494867e+03
6.43511 8.914368880352269116e+03
6.438 8.913957920114677108e+03
6.44032 8.913248120181715421e+03
6.44263 8.912206296764290528e+03
6.44552 8.910447968226308149e+03
6.44784 8.908686299748695092e+03
6.45015 8.906618828249402213e+03
6.45304 8.903619347390169423e+03
6.45536 8.900900625518499510e+03
6.45767 8.897910472673507684e+03
6.46056 8.893809079197857500e+03
6.46288 8.890252746204416326e+03
6.46519 8.886465166170914017e+03
6.46751 8.882460823094113948e+03
6.4704 8.877171210924689149e+03
6.47272 8.872730053602741464e+03
6.47503 8.868118860814218351e+03
6.47793 8.862137946778286278e+03
6.48024 8.857199846073937806e+03
6.48256 8.852140307083438529e+03
6.48546 8.845672632399731810e+03
6.48777 8.840401602971605826e+03
6.49009 8.835063356791170008e+03
6.49299 8.828320554678113695e+03
6.49531 8.822889880317812640e+03
6.49763 8.817446662965374344e+03
6.50053 8.810645542493854009e+03
6.50285 8.805231028090087420e+03
6.50518 8.799854598727411940e+03
6.5075 8.794534713236065727e+03
6.51041 8.787988046211095934e+03
6.51273 8.782851671424958113e+03
6.51506 8.777824246399151889e+03
6.51796 8.771717808426428746e+03
6.52029 8.766991207033252067e+03
6.52261 8.762421835841731081e+03
6.52552 8.756950789418979184e+03
6.52784 8.752782409157101938e+03
6.53016 8.748812869762858099e+03
6.53307 8.744148231479386595e+03
6.53539 8.740668254539490590e+03
6.53772 8.737423490210316231e+03
6.54004 8.734423897522334300e+03
6.54294 8.731033766772980016e+03
6.54527 8.728619735244470576e+03
6.54759 8.726479540594160426e+03
6.5505 8.724200931573381240e+03
6.55282 8.722703423683769870e+03
6.55515 8.721502191403164034e+03
6.55805 8.720425711213540126e+03
6.56038 8.719910174569044102e+03
6.5627 8.719706393893831773e+03
6.56502 8.719817586456305435e+03
6.56792 8.720403866237602415e+03
6.57024 8.721233307513695763e+03
6.57256 8.722385657156817615e+03
6.57546 8.724281819862910197e+03
6.57778 8.726165425631575999e+03
6.5801 8.728375803447996077e+03
6.583 8.731599519842829977e+03
6.58531 8.734548265800955051e+03
6.58763 8.737825464849956916e+03
6.59053 8.742385890738178205e+03
6.59284 8.746404438141733408e+03
6.59516 8.750753397252075956e+03
6.59805 8.756653821760453866e+03
6.60037 8.761745922491527381e+03
6.60268 8.767168974833060929e+03
6.60558 8.774413323922321069e+03
6.60789 8.780582122932832135e+03
6.61021 8.787083507319577620e+03
6.61252 8.793918002022883229e+03
6.61541 8.802931595855248815e+03
6.61773 8.810519862561177433e+03
6.62005 8.818444917081616950e+03
6.62294 8.828828059614013910e+03
6.62526 8.837515995687495888e+03
6.62757 8.846547998313624703e+03
6.63047 8.858319197922372041e+03
6.63279 8.868126642674948016e+03
6.63511 8.878280786664798143e+03
6.638 8.891464655511128512e+03
6.64032 8.902407809824229844e+03
6.64264 8.913700506230219617e+03
6.64554 8.928320362250608014e+03
6.64787 8.940411265877504775e+03
6.65019 8.952861564933322370e+03
6.65251 8.965665499713200916e+03
6.65542 8.982168703304412702e+03
6.65774 8.995770749338973474e+03
6.66007 9.009718035966850948e+03
6.66298 9.027653033388443873e+03
6.66531 9.042381236877028641e+03
6.66763 9.057429320661876773e+03
6.67054 9.076692924096416391e+03
6.67287 9.092453353175153097e+03
6.67519 9.108515471039649128e+03
6.67751 9.124881661641817118e+03
6.68041 9.145730694085359573e+03
6.68273 9.162729871244384412e+03
6.68505 9.179989615055612376e+03
6.68795 9.201925267183412871e+03
6.69027 9.219743926339400787e+03
6.69258 9.237786541862125887e+03
6.69548 9.260638574665506894e+03
6.69779 9.279131131159643701e+03
6.70011 9.297800291180228669e+03
6.703 9.321344821973918442e+03
6.70531 9.340326904306713914e+03
6.70762 9.359412485576902327e+03
6.71051 9.383378242348846470e+03
6.71283 9.402608725582989791e+03
6.71514 9.421858368590235841e+03
6.71803 9.445908034198726455e+03
6.72034 9.465098914079153474e+03
6.72265 9.484213552295732370e+03
6.72554 9.507949937989027603e+03
6.72785 9.526771539342111282e+03
6.73016 9.545406533724270048e+03
6.73305 9.568384573955518135e+03
6.73537 9.586466366265900433e+03
6.73768 9.604245974564995777e+03
6.74057 9.625978208250271564e+03
6.74288 9.642929050943241236e+03
6.7452 9.659447327999803747e+03
6.74751 9.675494479622548170e+03
6.75041 9.694837036465438359e+03
6.75272 9.709683477925662373e+03
6.75504 9.723941696899872113e+03
6.75794 9.740864229919867284e+03
6.76025 9.753646045887055152e+03
6.76257 9.765711417765285660e+03
6.76547 9.779729632152220802e+03
6.76779 9.790052220688536181e+03
6.77011 9.799544746352024958e+03
6.77301 9.810192364078493483e+03
6.77533 9.817696778383226047e+03
6.77765 9.824267795727109842e+03
6.78055 9.831124638414703441e+03
6.78287 9.835492869102108671e+03
6.78519 9.838841668391838539e+03
6.78751 9.841148835935629904e+03
6.79042 9.842539369851614538e+03
6.79274 9.842435746651548470e+03
6.79506 9.841235474008564779e+03
6.79797 9.838175442749943613e+03
6.80029 9.834471565601177645e+03
6.80261 9.829647114806975878e+03
6.80551 9.822036957649801479e+03
6.80783 9.814691484594837675e+03
6.81015 9.806227765658106364e+03
6.81305 9.794094325999300054e+03
6.81536 9.783151951656367601e+03
6.81768 9.771127034901091974e+03
6.82057 9.754597111718705492e+03
6.82289 9.740193460387845334e+03
6.8252 9.724767686883631541e+03
6.82752 9.708336963215962896e+03
6.83041 9.686430165024783491e+03
6.83272 9.667840555696413503e+03
6.83503 9.648338299196666412e+03
6.83792 9.622726737825509190e+03
6.84024 9.601291239473921451e+03
6.84255 9.579054549014959775e+03
6.84544 9.550191810500831707e+03
6.84775 9.526294286146210652e+03
6.85007 9.501729574084854903e+03
6.85296 9.470147646515606539e+03
6.85527 9.444239797872323834e+03
6.85759 9.417812954473882201e+03
6.86048 9.384116500892747354e+03
6.8628 9.356696124805328509e+03
6.86511 9.328882129285842893e+03
6.86801 9.293665542542958065e+03
6.87033 9.265181214244439616e+03
6.87265 9.236490274000721911e+03
6.87554 9.200415788445263388e+03
6.87787 9.171451086697263236e+03
6.88019 9.142470932047241149e+03
6.88251 9.113499614061644024e+03
6.88542 9.077434495642686670e+03
6.88774 9.048792814108304810e+03
6.89006 9.020390195124353340e+03
6.89296 8.985319853413515375e+03
6.89528 8.957686880083540018e+03
6.8976 8.930473685007780659e+03
6.90049 8.897169354384359394e+03
6.90281 8.871135117171093952e+03
6.90512 8.845719194420255008e+03
6.90802 8.814884394754632012e+03
6.91033 8.791032504409598914e+03
6.91264 8.767962906081538677e+03
6.91553 8.740295101457848432e+03
6.91784 8.719163062654626629e+03
6.92016 8.698965899592336427e+03
6.92304 8.675111225841757914e+03
6.92535 8.657191156126295027e+03
6.92767 8.640351939387190214e+03
6.93055 8.620884040174121765e+03
6.93286 8.606619779772005131e+03
6.93517 8.593558679883559307e+03
6.93806 8.578974761098479576e+03
6.94037 8.568736553621860367e+03
6.94268 8.559800030499649438e+03
6.94557 8.550494731152024542e+03
6.94788 8.544569562659669828e+03
6.9502 8.540014581849703973e+03
6.95251 8.536844457658844476e+03
6.9554 8.534849729944091450e+03
6.95771 8.534838919785996040e+03
6.96003 8.536243727086852232e+03
6.96292 8.539994386863585532e+03
6.96524 8.544588727883468891e+03
6.96755 8.550592621608780973e+03
6.97045 8.560065171498446944e+03
6.97277 8.569198525783414880e+03
6.97508 8.579693777906206378e+03
6.97798 8.594693755446336581e+03
6.9803 8.608166994493907623e+03
6.98261 8.622915246657001262e+03
6.98551 8.643091148104398599e+03
6.98783 8.660577379795220622e+03
6.99014 8.679209135241162585e+03
6.99304 8.704050312544433837e+03
6.99536 8.725092048778031312e+03
6.99768 8.747124406810515211e+03
7 8.770063996159662565e+03
7.0029 8.799917913670029520e+03
7.00523 8.824673895734935286e+03
7.00755 8.850124573511024209e+03
7.01046 8.882836332303997551e+03
7.01278 8.909623419215306058e+03
7.0151 8.936853736985738578e+03
7.018 8.971434453063477122e+03
7.02032 8.999438202818808350e+03
7.02264 9.027662286626054993e+03
7.02554 9.063157632657397698e+03
7.02785 9.091620124906707133e+03
7.03017 9.120081928200852417e+03
7.03306 9.155526125017433515e+03
7.03538 9.183699922659481672e+03
7.03769 9.211631224647737326e+03
7.04 9.239249053194545922e+03
7.04289 9.273209791179890090e+03
7.04521 9.299832580839189177e+03
7.04752 9.325906754011837620e+03
7.05041 9.357629657595036406e+03
7.05272 9.382241390603570835e+03
7.05503 9.406110746133475914e+03
7.05792 9.434820371473255364e+03
7.06023 9.456824344505388581e+03
7.06255 9.477921959697363491e+03
7.06544 9.502946613263291511e+03
7.06775 9.521846536235907479e+03
7.07006 9.539703648789929503e+03
7.07296 9.560513217145195085e+03
7.07527 9.575908180739421368e+03
7.07759 9.590154497070117941e+03
7.08048 9.606309711593467000e+03
7.0828 9.617875986467783150e+03
7.08512 9.628223486306384075e+03
7.08801 9.639403512932265585e+03
7.09034 9.646934113996485394e+03
7.09266 9.653192637989775903e+03
7.09556 9.659218609042156459e+03
7.09788 9.662598300310019113e+03
7.10021 9.664694523518690403e+03
7.10253 9.665511402915924918e+03
7.10544 9.664737284353312134e+03
7.10777 9.662692958680410811e+03
7.1101 9.659393296261412615e+03
7.113 9.653522439999218477e+03
7.11533 9.647446857288408864e+03
7.11765 9.640160997618968395e+03
7.12056 9.629383100827080852e+03
7.12288 9.619446036188695871e+03
7.1252 9.608366152640241125e+03
7.12753 9.596167516701305431e+03
7.13043 9.579381944561544515e+03
7.13275 9.564731337704432008e+03
7.13508 9.549023645481382118e+03
7.13798 9.527974493336934756e+03
7.1403 9.510039009543996144e+03
7.14262 9.491187910811760958e+03
7.14552 9.466387534093302747e+03
7.14784 9.445614193516712476e+03
7.15015 9.424061065094592777e+03
7.15305 9.396083581459899506e+03
7.15537 9.372938481277284154e+03
7.15768 9.349156963160405212e+03
7.16058 9.318619754631812611e+03
7.16289 9.293597856365144253e+03
7.16521 9.268107393595055328e+03
7.16752 9.242199198361295203e+03
7.17041 9.209293896873003177e+03
7.17273 9.182607983869691452e+03
7.17504 9.155648932733978654e+03
7.17793 9.121628815139500148e+03
7.18025 9.094215303854587546e+03
7.18256 9.066673484089593330e+03
7.18546 9.032142383873271683e+03
7.18778 9.004498348495229948e+03
7.19009 8.976884607559833967e+03
7.19299 8.942463376258117933e+03
7.19531 8.914958597307953823e+03
7.19763 8.887500562826171517e+03
7.20053 8.853255185824245928e+03
7.20285 8.825966710732294814e+03
7.20517 8.798775043388923223e+03
7.20808 8.764519239277364250e+03
7.2104 8.736956357901486626e+03
7.21273 8.709319638932123780e+03
7.21506 8.681723158501876242e+03
7.21796 8.647406316570508352e+03
7.22029 8.620158412060462069e+03
7.22261 8.593311961405743205e+03
7.22551 8.560651744484472147e+03
7.22783 8.535293004292827391e+03
7.23015 8.510713852553461038e+03
7.23305 8.481124303127471649e+03
7.23536 8.458434276006948494e+03
7.23768 8.436649944396187493e+03
7.24057 8.410744084899719383e+03
7.24289 8.391114405535878177e+03
7.2452 8.372472697017356040e+03
7.24751 8.354846350290668852e+03
7.2504 8.334245653287054665e+03
7.25272 8.318927779573683438e+03
7.25503 8.304648564086724946e+03
7.25792 8.288267425786632884e+03
7.26023 8.276341069847107065e+03
7.26254 8.265462154443255713e+03
7.26543 8.253334546656013117e+03
7.26774 8.244804126657019879e+03
7.27005 8.237307013382705918e+03
7.27294 8.229375839028340124e+03
7.27525 8.224168127366747285e+03
7.27757 8.219956368688423026e+03
7.28046 8.216067633735827258e+03
7.28277 8.214033603479010708e+03
7.28508 8.212934828866846146e+03
7.28798 8.212840781700606385e+03
7.29029 8.213759292479366195e+03
7.29261 8.215533429175351557e+03
7.29551 8.218914065408162060e+03
7.29782 8.222515660899309296e+03
7.30014 8.226888083638790704e+03
7.30304 8.233393146805752622e+03
7.30536 8.239397662697430860e+03
7.30768 8.246087125501404444e+03
7.31 8.253438707136239827e+03
7.3129 8.263526994983760233e+03
7.31522 8.272293264870317216e+03
7.31754 8.281659355956797299e+03
7.32044 8.294182830084640955e+03
7.32276 8.304839192243412981e+03
7.32509 8.316041745958182219e+03
7.32799 8.330794802877622715e+03
7.33031 8.343176574707627879e+03
7.33263 8.356062851695511199e+03
7.33554 8.372812802588423438e+03
7.33786 8.386642997543160163e+03
7.34017 8.400778107196045312e+03
7.34307 8.418803611901659679e+03
7.34539 8.433420878758724939e+03
7.34771 8.448151713952875070e+03
7.35002 8.462940247979158812e+03
7.35292 8.481425481893313190e+03
7.35523 8.496153501897071692e+03
7.35754 8.510661055151014807e+03
7.36044 8.528416794512086199e+03
7.36275 8.542302499432498735e+03
7.36506 8.555903804676319851e+03
7.36795 8.572505227663912592e+03
7.37027 8.585462200049716557e+03
7.37258 8.598124754918524559e+03
7.37547 8.613529174478246205e+03
7.37779 8.625501189070204418e+03
7.3801 8.637151777972872878e+03
7.38299 8.651241116401739419e+03
7.38531 8.662118611585992767e+03
7.38762 8.672630316345546817e+03
7.39051 8.685230874992357712e+03
7.39283 8.694865958203825357e+03
7.39515 8.704084665244683492e+03
7.39805 8.715009671502961282e+03
7.40036 8.723250292043703666e+03
7.40268 8.731036772915687834e+03
7.40501 8.738357455444163861e+03
7.40791 8.746834272447113108e+03
7.41023 8.753069875391032838e+03
7.41256 8.758805803904095228e+03
7.41546 8.765260899851480644e+03
7.41778 8.769848560074035049e+03
7.4201 8.773916980087493357e+03
7.423 8.778269287245180749e+03
7.42532 8.781163880589920154e+03
7.42764 8.783534048514678943e+03
7.43054 8.785762953210287378e+03
7.43285 8.786959180154743080e+03
7.43517 8.787637584076383064e+03
7.43806 8.787761932139928831e+03
7.44037 8.787287839364355023e+03
7.44268 8.786309380192215031e+03
7.44557 8.784386796192145994e+03
7.44788 8.782296969318069387e+03
7.45019 8.779725850802846253e+03
7.4525 8.776680701168324958e+03
7.45539 8.772221738821086547e+03
7.4577 8.768144632210238342e+03
7.46001 8.763625906358282009e+03
7.4629 8.757374913319037660e+03
7.46521 8.751908097630725024e+03
7.46752 8.746041096828210357e+03
7.47041 8.738168646285239447e+03
7.47272 8.731456639999165418e+03
7.47503 8.724394861523587679e+03
7.47792 8.715100154519559510e+03
7.48023 8.707310552209472007e+03
7.48255 8.699227988498858394e+03
7.48544 8.688733540972480114e+03
7.48775 8.680051850338681106e+03
7.49007 8.671105533532105255e+03
7.49297 8.659579370723487955e+03
7.49528 8.650115309702685408e+03
7.4976 8.640463455005548894e+03
7.5005 8.628177515907093039e+03
7.50281 8.618203203112459960e+03
7.50513 8.608129399808864036e+03
7.50803 8.595434662246789230e+03
7.51035 8.585233567081964793e+03
7.51267 8.575020993522703066e+03
7.51557 8.562284116282271498e+03
7.51789 8.552154733615592704e+03
7.52021 8.542106883589822246e+03
7.52253 8.532176797276672005e+03
7.52543 8.519966095268870049e+03
7.52776 8.510402440910156656e+03
7.53008 8.501052665659679406e+03
7.53299 8.489714279921558045e+03
7.53532 8.480967429605192592e+03
7.53764 8.472548897904749538e+03
7.54054 8.462520638385047278e+03
7.54286 8.454942092529641741e+03
7.54518 8.447782789543056424e+03
7.54808 8.439476333291819174e+03
7.55039 8.433381353551665597e+03
7.55271 8.427807715476203157e+03
7.55502 8.422788088882318334e+03
7.55792 8.417334545827376132e+03
7.56023 8.413667667115943914e+03
7.56254 8.410649355054092666e+03
7.56543 8.407833802221795850e+03
7.56775 8.406381492534866993e+03
7.57006 8.405667205397732687e+03
7.57295 8.405806309129087822e+03
7.57526 8.406765307311159631e+03
7.57757 8.408507902854265922e+03
7.58046 8.411828705255968089e+03
7.58278 8.415429688993794116e+03
7.58509 8.419894299163292089e+03
7.58798 8.426721286605614296e+03
7.59029 8.433203535200957049e+03
7.59261 8.440610012877015834e+03
7.5955 8.451196499293717352e+03
7.59781 8.460738629135064912e+03
7.60013 8.471251704921945930e+03
7.60303 8.485764641957906861e+03
7.60534 8.498482873061242572e+03
7.60766 8.512190820244784845e+03
7.61056 8.530713374631000988e+03
7.61289 8.546651405560354760e+03
7.61521 8.563567514225720515e+03
7.61753 8.581473862660666782e+03
7.62044 8.605218844341592558e+03
7.62276 8.625284576324173031e+03
7.62509 8.646285639193531097e+03
7.628 8.673822317577469221e+03
7.63032 8.696849741150243062e+03
7.63264 8.720747060547057117e+03
7.63555 8.751799387745511922e+03
7.63787 8.777555900403345731e+03
7.6402 8.804095014545660888e+03
7.64252 8.831385442772592796e+03
7.64543 8.866505067257854535e+03
7.64775 8.895365901701319672e+03
7.65008 8.924862444758964557e+03
7.65298 8.962528377489998093e+03
7.6553 8.993268641651226062e+03
7.65762 9.024492964095483330e+03
7.66052 9.064138168296800359e+03
7.66284 9.096300085923396182e+03
7.66515 9.128793130415228006e+03
7.66805 9.169829581214782593e+03
7.67037 9.202915974007082696e+03
7.67268 9.236193546107491784e+03
7.67558 9.277972905015452852e+03
7.67789 9.311481768837604250e+03
7.68021 9.345013084113334116e+03
7.68252 9.378511899814247954e+03
7.68542 9.420263872708623239e+03
7.68773 9.453506203196584465e+03
7.69005 9.486546888772612874e+03
7.69294 9.527490613339230549e+03
7.69526 9.559893360524391028e+03
7.69757 9.591926954869944893e+03
7.70047 9.631380694616967958e+03
7.70278 9.662398990725430849e+03
7.7051 9.692901891314853856e+03
7.708 9.730200138197758861e+03
7.71032 9.759338152907430413e+03
7.71264 9.787791136419520626e+03
7.71554 9.822328944887416583e+03
7.71787 9.849089871715992558e+03
7.72019 9.875014695234835017e+03
7.72252 9.900093964060028156e+03
7.72543 9.930137043204922520e+03
7.72775 9.953074400262597919e+03
7.73008 9.974991296581900315e+03
7.73299 1.000087306652144071e+04
7.73531 1.002025840927175705e+04
7.73763 1.003850750404099745e+04
7.74053 1.005957539827806431e+04
7.74285 1.007502744605791122e+04
7.74517 1.008920222978518359e+04
7.74806 1.010510991512723740e+04
7.75038 1.011636549099033255e+04
7.75269 1.012629662723290130e+04
7.75501 1.013489408391472898e+04
7.7579 1.014374054758300917e+04
7.76021 1.014929179265381208e+04
7.76252 1.015347706907973225e+04
7.76541 1.015678302791327769e+04
7.76773 1.015788512788896696e+04
7.77004 1.015761701612909928e+04
7.77292 1.015536048539658805e+04
7.77524 1.015202579463629081e+04
7.77755 1.014734119851889773e+04
7.78044 1.013960431279920158e+04
7.78275 1.013192834057864275e+04
7.78506 1.012294865831608513e+04
7.78795 1.010992160830498688e+04
7.79026 1.009808638792864622e+04
7.79257 1.008501829538859783e+04
7.79547 1.006700099877833964e+04
7.79778 1.005126807453879701e+04
7.8001 1.003438597842179297e+04
7.80299 1.001164700969795740e+04
7.80531 9.992229069463144697e+03
7.80763 9.971779407100990284e+03
7.81053 9.944807026377282455e+03
7.81285 9.922180266913432206e+03
7.81517 9.898673041270305475e+03
7.81807 9.868133756257593632e+03
7.82039 9.842832304271440080e+03
7.82271 9.816815555741413846e+03
7.82504 9.790131618503959544e+03
7.82794 9.755903420371027096e+03
7.83026 9.727894410775783399e+03
7.83259 9.699379303024699766e+03
7.83549 9.663099320003930188e+03
7.83781 9.633654706377248658e+03
7.84013 9.603870903492068464e+03
7.84303 9.566236915729987231e+03
7.84535 9.535868153933171925e+03
7.84767 9.505296089211766230e+03
7.85056 9.466892587356198419e+03
7.85287 9.436042049136729474e+03
7.85519 9.405134320694689450e+03
7.8575 9.374197319648013945e+03
7.8604 9.335538068676032708e+03
7.86271 9.304663956884844083e+03
7.86502 9.273866245486820844e+03
7.86791 9.235527916184864807e+03
7.87023 9.205016521787605598e+03
7.87254 9.174674486703383081e+03
7.87543 9.137028877304795969e+03
7.87774 9.107165142388106688e+03
7.88006 9.077552527166593791e+03
7.88295 9.040929131195689479e+03
7.88527 9.011961671659793865e+03
7.88758 8.983323624714803373e+03
7.89048 8.947996341841988396e+03
7.89279 8.920146578911691904e+03
7.89511 8.892671038635075092e+03
7.89801 8.858878610047846450e+03
7.90033 8.832308962785948097e+03
7.90265 8.806149518740125131e+03
7.90556 8.774080153436590990e+03
7.90788 8.748917212757949528e+03
7.91021 8.724228205738923862e+03
7.91253 8.700044145495152407e+03
7.91543 8.670536242979722374e+03
7.91775 8.647508729953724469e+03
7.92007 8.625023282518108317e+03
7.92297 8.597660341807353689e+03
7.92528 8.576401425500376718e+03
7.9276 8.555691542123826366e+03
7.93049 8.530603483942073581e+03
7.9328 8.511178554348194666e+03
7.93511 8.492332769471961001e+03
7.938 8.469608112035582963e+03
7.94032 8.452093743519451891e+03
7.94263 8.435185367850157490e+03
7.94551 8.414900853612007268e+03
7.94782 8.399363634365419784e+03
7.95013 8.384444480188261878e+03
7.95302 8.366671318200846144e+03
7.95533 8.353159276703325304e+03
7.95764 8.340280128020745906e+03
7.96053 8.325074610109320929e+03
7.96284 8.313632557154060123e+03
7.96515 8.302833408623839205e+03
7.96804 8.290247631807453217e+03
7.97035 8.280911725421436131e+03
7.97266 8.272230384319829682e+03
7.97556 8.262305358385738145e+03
7.97787 8.255105986708273122e+03
7.98019 8.248571121895232864e+03
7.9825 8.242697424751970175e+03
7.9854 8.236290682690241738e+03
7.98772 8.231913403021935665e+03
7.99003 8.228199495113907687e+03
7.99293 8.224486488145561452e+03
7.99525 8.222254435583423401e+03
7.99757 8.220674480301233416e+03
8.00047 8.219606573171460695e+03
8.00279 8.219469893263940321e+03
8.00511 8.219962254222960837e+03
8.00802 8.221448563808622566e+03
8.01034 8.223321664349628918e+03
8.01267 8.225792610501679519e+03
8.01557 8.229701139024602526e+03
8.0179 8.233465967888561863e+03
8.02022 8.237785385060506087e+03
8.02254 8.242641814902137412e+03
8.02545 8.249445033930767750e+03
8.02777 8.255457594926539969e+03
8.03008 8.261955403894688061e+03
8.03298 8.270745574604958165e+03
8.0353 8.278285339209991434e+03
8.03761 8.286266235986460742e+03
8.0405 8.296834014213907722e+03
8.04282 8.305743161077898549e+03
8.04513 8.315040342497663005e+03
8.04802 8.327179186105919143e+03
8.05033 8.337286854510266494e+03
8.05264 8.347725532108344851e+03
8.05553 8.361215376615071364e+03
8.05785 8.372337810842200270e+03
8.06016 8.383733592745753413e+03
8.06305 8.398334961375054263e+03
8.06536 8.410278412948267942e+03
8.06767 8.422432381943846849e+03
8.07056 8.437899483336255798e+03
8.07288 8.450463084021606846e+03
8.07519 8.463182502854853738e+03
8.07751 8.476034463106439944e+03
8.0804 8.492261717272778696e+03
8.08272 8.505355067782224069e+03
8.08504 8.518522375815095074e+03
8.08794 8.535081889484985368e+03
8.09026 8.548374398511690742e+03
8.09258 8.561705552734410958e+03
8.09549 8.578387637522380828e+03
8.09781 8.591733912690566285e+03
8.10014 8.605067556472042270e+03
8.10305 8.621685850021165606e+03
8.10537 8.634923215477248959e+03
8.1077 8.648103661794764776e+03
8.11002 8.661214809520981362e+03
8.11293 8.677496700689052886e+03
8.11525 8.690428773192259541e+03
8.11758 8.703271636248231516e+03
8.12048 8.719193772875394643e+03
8.12281 8.731822935975109431e+03
8.12513 8.744354050237350748e+03
8.12803 8.759863526045941398e+03
8.13036 8.772159053923252941e+03
8.13268 8.784353761126454629e+03
8.13557 8.799461606939801641e+03
8.13789 8.811448405253151577e+03
8.14021 8.823346548436065859e+03
8.14253 8.835168941121857642e+03
8.14542 8.849843871231643789e+03
8.14774 8.861514167606901538e+03
8.15005 8.873130657612871801e+03
8.15295 8.887589039059737843e+03
8.15526 8.899118720859598398e+03
8.15758 8.910625740632582165e+03
8.16047 8.924993532791613688e+03
8.16279 8.936490488400157119e+03
8.1651 8.947999612777135553e+03
8.168 8.962424914451983568e+03
8.17031 8.974009890511511912e+03
8.17263 8.985648349312014034e+03
8.17553 9.000296399872988331e+03
8.17785 9.012104723273681884e+03
8.18017 9.024019384639743294e+03
8.18307 9.039067242301307488e+03
8.18539 9.051257508317223255e+03
8.18771 9.063592196837376832e+03
8.19004 9.076086316451765015e+03
8.19295 9.091960776905863895e+03
8.19527 9.104869114980292579e+03
8.1976 9.117977627424355887e+03
8.20051 9.134665697395372263e+03
8.20283 9.148256814255952122e+03
8.20516 9.162085187795333695e+03
8.20806 9.179721910531920003e+03
8.21038 9.194123414918207345e+03
8.2127 9.208809431930430947e+03
8.21501 9.223774571000145443e+03
8.21791 9.242917310890097724e+03
8.22022 9.258583728692899967e+03
8.22254 9.274581023163615100e+03
8.22543 9.295057314697271067e+03
8.22774 9.311829877827125529e+03
8.23006 9.328964587772479717e+03
8.23295 9.350890403516041260e+03
8.23526 9.368850261843141197e+03
8.23757 9.387182108839257126e+03
8.24046 9.410625042134202886e+03
8.24277 9.429802828342104476e+03
8.24508 9.449355624630545208e+03
8.24797 9.474321500227308206e+03
8.25028 9.494712511285328219e+03
8.25259 9.515467337207366654e+03
8.25548 9.541922561892713929e+03
8.25779 9.563482015163064716e+03
8.26011 9.585389525620290442e+03
8.263 9.613247731493403990e+03
8.26532 9.635897538915012774e+03
8.26763 9.658867904896704204e+03
8.27053 9.687989140000672705e+03
8.27285 9.711620797613371906e+03
8.27516 9.735509031382580361e+03
8.27806 9.765720446823690509e+03
8.28039 9.790143134814687073e+03
8.28271 9.814763435859138553e+03
8.28503 9.839564224295030726e+03
8.28793 9.870774650870558617e+03
8.29026 9.895898302858122406e+03
8.29258 9.921118921594072162e+03
8.29549 9.952755656534447553e+03
8.29781 9.978117551014471246e+03
8.30013 1.000346251529020446e+04
8.30304 1.003506122531921028e+04
8.30536 1.006029544692730087e+04
8.30767 1.008540153163559262e+04
8.31057 1.011661531362947608e+04
8.31289 1.014139521231910658e+04
8.3152 1.016597831823980232e+04
8.31752 1.019033220369566880e+04
8.32041 1.022039060221727050e+04
8.32272 1.024409752281793408e+04
8.32504 1.026745524445830597e+04
8.32793 1.029611563847536308e+04
8.33024 1.031856745305208460e+04
8.33255 1.034055512026525503e+04
8.33544 1.036733078508590188e+04
8.33776 1.038813756026642841e+04
8.34007 1.040835458842801017e+04
8.34296 1.043274780703646502e+04
8.34528 1.045150387915835199e+04
8.34759 1.046955319058290843e+04
8.35049 1.049105335343679326e+04
8.35281 1.050736325088831109e+04
8.35512 1.052284222763889011e+04
8.35802 1.054096207074445920e+04
8.36034 1.055444158074894949e+04
8.36266 1.056696984976002386e+04
8.36557 1.058125948627680009e+04
8.36789 1.059154685117421468e+04
8.37022 1.060078400290688296e+04
8.37254 1.060894424577179234e+04
8.37545 1.061758891406636212e+04
8.37777 1.062322841838439126e+04
8.38009 1.062772048323369745e+04
8.38298 1.063169033789035348e+04
8.3853 1.063353573379097179e+04
8.38761 1.063418428282165041e+04
8.39051 1.063329736397811939e+04
8.39282 1.063121984912018161e+04
8.39513 1.062792156103516027e+04
8.39802 1.062207412712610312e+04
8.40033 1.061601835505076815e+04
8.40265 1.060873639828819250e+04
8.40553 1.059791705710558017e+04
8.40784 1.058789515902441235e+04
8.41015 1.057666694271459528e+04
8.41304 1.056095336266260711e+04
8.41535 1.054705508257348447e+04
8.41766 1.053199243816145827e+04
8.42055 1.051155862078440623e+04
8.42286 1.049394818405699516e+04
8.42517 1.047524242111811327e+04
8.42806 1.045035617255715624e+04
8.43037 1.042927551060337100e+04
8.43268 1.040719258584495219e+04
8.43557 1.037820683326531616e+04
8.43789 1.035397191214838313e+04
8.4402 1.032882842073181200e+04
8.44252 1.030282578397919497e+04
8.44542 1.026917150778106043e+04
8.44773 1.024137210213502840e+04
8.45005 1.021285350882476996e+04
8.45295 1.017625006852158185e+04
8.45527 1.014626744077934927e+04
8.45759 1.011570050367533804e+04
8.46049 1.007675473710591359e+04
8.46281 1.004506348550264738e+04
8.46513 1.001294255937741036e+04
8.46804 9.972274932185904618e+03
8.47036 9.939380285243742037e+03
8.47269 9.906234934161942874e+03
8.47501 9.872857380798181111e+03
8.47792 9.830918426823993286e+03
8.48025 9.797294554895077454e+03
8.48257 9.763663246253026955e+03
8.48547 9.721660218271092162e+03
8.4878 9.688174155934642840e+03
8.49012 9.654806617555088451e+03
8.49301 9.613372219633047280e+03
8.49533 9.580474600920882949e+03
8.49765 9.547853987499976938e+03
8.50054 9.507529688286093005e+03
8.50286 9.475672340876948510e+03
8.50517 9.444227158187721216e+03
8.50806 9.405539039091900122e+03
8.51037 9.375143779252226523e+03
8.51269 9.345271102335853357e+03
8.515 9.315960651824656452e+03
8.51789 9.280166112768869425e+03
8.5202 9.252242971969146311e+03
8.52252 9.224987369214948558e+03
8.52541 9.191903577852779563e+03
8.52772 9.166252800308311635e+03
8.53003 9.141363173086530878e+03
8.53292 9.111350348353600566e+03
8.53524 9.088250656613912724e+03
8.53755 9.065983770447903225e+03
8.54045 9.039342331944941179e+03
8.54276 9.019016527854455489e+03
8.54508 8.999566861255858385e+03
8.54798 8.976534942674450576e+03
8.5503 8.959132417307140713e+03
8.55262 8.942659428707705956e+03
8.55552 8.923383408352709012e+03
8.55785 8.909018982043226060e+03
8.56017 8.895608930086955297e+03
8.56308 8.880174483426440929e+03
8.56541 8.868904045762923488e+03
8.56773 8.858591217281058562e+03
8.57006 8.849229914380404807e+03
8.57297 8.838857086992105906e+03
8.57529 8.831613322873265133e+03
8.57762 8.825297254473400244e+03
8.58052 8.818689790891101438e+03
8.58285 8.814420469373822925e+03
8.58518 8.811041733503963769e+03
8.58808 8.808045109395989130e+03
8.5904 8.806609433672558225e+03
8.59273 8.806007976809110914e+03
8.59505 8.806220741764378545e+03
8.59795 8.807599128952178944e+03
8.60027 8.809565782437673988e+03
8.60258 8.812274492630591340e+03
8.60548 8.816668448579330288e+03
8.6078 8.820959439980224488e+03
8.61011 8.825911711324602948e+03
8.61301 8.832992376069491002e+03
8.61532 8.839334490456523781e+03
8.61764 8.846248827984914897e+03
8.62054 8.855651592411744787e+03
8.62285 8.863744544088029215e+03
8.62517 8.872312147091786755e+03
8.62806 8.883640499661103604e+03
8.63038 8.893158642128897554e+03
8.6327 8.903048535109999648e+03
8.63501 8.913273069148524883e+03
8.63791 8.926480573654389445e+03
8.64023 8.937342122415509948e+03
8.64255 8.948433373936164571e+03
8.64546 8.962568063565124248e+03
8.64778 8.974049142910978844e+03
8.6501 8.985655422465755692e+03
8.65301 9.000274906199760153e+03
8.65534 9.012037064528187329e+03
8.65766 9.023809910034569839e+03
8.66057 9.038501058355141140e+03
8.6629 9.050196894065667948e+03
8.66523 9.061803547487665128e+03
8.66756 9.073284215787734865e+03
8.67046 9.087443559783176170e+03
8.67278 9.098572274921367352e+03
8.6751 9.109517909149568368e+03
8.678 9.122902753844569816e+03
8.68032 9.133355171198407334e+03
8.68264 9.143566284532133068e+03
8.68553 9.155964552550982262e+03
8.68785 9.165585032291663083e+03
8.69016 9.174922583413883331e+03
8.69305 9.186196493825636935e+03
8.69537 9.194886654930045552e+03
8.69768 9.203282543468671065e+03
8.70057 9.213360658045929085e+03
8.70288 9.221087453370604635e+03
8.70519 9.228515094358761417e+03
8.7075 9.235640642686388674e+03
8.71039 9.244120312538881990e+03
8.7127 9.250552033363339433e+03
8.71502 9.256661318481135822e+03
8.71791 9.263856310829090944e+03
8.72022 9.269270537967006021e+03
8.72253 9.274391467461242428e+03
8.72542 9.280402002443272067e+03
8.72774 9.284911444496601689e+03
8.73005 9.289173569593029242e+03
8.73295 9.294175242334295035e+03
8.73526 9.297937862562253940e+03
8.73758 9.301508211836289775e+03
8.74048 9.305726973820572312e+03
8.7428 9.308918528001635423e+03
8.74512 9.311961739996471806e+03
8.74802 9.315592356922941690e+03
8.75034 9.318384216539012414e+03
8.75267 9.321102085585276654e+03
8.75557 9.324434003582200603e+03
8.75789 9.327079410857568291e+03
8.76022 9.329737346691032144e+03
8.76254 9.332434709130428018e+03
8.76545 9.335907101284976306e+03
8.76778 9.338798866216546230e+03
8.7701 9.341821374174613084e+03
8.77301 9.345825703088123191e+03
8.77533 9.349242460660780125e+03
8.77766 9.352874170533261349e+03
8.78056 9.357759829183014517e+03
8.78288 9.361969389500693069e+03
8.7852 9.366475606625421278e+03
8.78751 9.371298036795826192e+03
8.79041 9.377801872413914680e+03
8.79273 9.383409372433925455e+03
8.79504 9.389391101669973068e+03
8.79793 9.397426741813596891e+03
8.80024 9.404312984522790430e+03
8.80256 9.411625664068147671e+03
8.80545 9.421384371691765409e+03
8.80776 9.429697315428000366e+03
8.81007 9.438469386074571958e+03
8.81296 9.450092539269429835e+03
8.81527 9.459919933811881492e+03
8.81759 9.470227283190841263e+03
8.82048 9.483779306439491847e+03
8.8228 9.495161340232867587e+03
8.82511 9.507018123623867723e+03
8.82801 9.522503490581559163e+03
8.83033 9.535419482793467978e+03
8.83265 9.548790664573725735e+03
8.83555 9.566150394539443369e+03
8.83787 9.580527591250358455e+03
8.84019 9.595340739169922017e+03
8.84252 9.610567549195833635e+03
8.84542 9.630164176680744276e+03
8.84775 9.646276512312129853e+03
8.85008 9.662743541762400127e+03
8.85298 9.683760845091193914e+03
8.85531 9.700920890801991845e+03
8.85763 9.718343755454947313e+03
8.86053 9.740471964005333575e+03
8.86285 9.758416938976552046e+03
8.86516 9.776545465114693798e+03
8.86806 9.799430704710957798e+03
8.87038 9.817869875284199225e+03
8.87269 9.836404208861864390e+03
8.875 9.854989234475251578e+03
8.87789 9.878249870845738769e+03
8.88021 9.896836648710812369e+03
8.88252 9.915367669105839013e+03
8.88541 9.938403483554291597e+03
8.88772 9.956679938341754678e+03
8.89003 9.974786538033937177e+03
8.89292 9.997121520479280662e+03
8.89523 1.001466786888511706e+04
8.89754 1.003197278746945813e+04
8.90043 1.005313499615730689e+04
8.90274 1.006963615191374447e+04
8.90505 1.008573099681801978e+04
8.90793 1.010521892594077872e+04
8.91025 1.012026701967179361e+04
8.91256 1.013478908441588283e+04
8.91545 1.015215505220679006e+04
8.91776 1.016537522358151182e+04
8.92008 1.017796104122796169e+04
8.92297 1.019275752909928087e+04
8.92528 1.020380171806577710e+04
8.9276 1.021411890678697637e+04
8.9305 1.022593624506066953e+04
8.93282 1.023450189703972683e+04
8.93514 1.024224635348640913e+04
8.93804 1.025073816882840401e+04
8.94036 1.025655510360128937e+04
8.94268 1.026147837525517753e+04
8.94501 1.026549463111174009e+04
8.94791 1.026920934725750885e+04
8.95024 1.027111941197166016e+04
8.95257 1.027206990924513411e+04
8.95548 1.027189370447108195e+04
8.9578 1.027064937922067293e+04
8.96013 1.026841690262734119e+04
8.96304 1.026423795160240479e+04
8.96537 1.025977701566079304e+04
8.96769 1.025432777813843495e+04
8.97001 1.024788931356697503e+04
8.97291 1.023845771694410178e+04
8.97523 1.022981658097516629e+04
8.97755 1.022020573080727627e+04
8.98045 1.020685856323276130e+04
8.98276 1.019512053946009109e+04
8.98508 1.018246316209944052e+04
8.98797 1.016536832848525592e+04
8.99028 1.015069822059382932e+04
8.9926 1.013516741590292440e+04
8.99549 1.011457306088352016e+04
8.9978 1.009718512857982205e+04
9.00012 1.007901008632635785e+04
9.00301 1.005522665107579815e+04
9.00532 1.003539495206810534e+04
9.00763 1.001485565423010303e+04
9.01053 9.988235599289671882e+03
9.01284 9.966255367329153160e+03
9.01515 9.943678825619606869e+03
9.01805 9.914681190866116594e+03
9.02036 9.890890302333980799e+03
9.02268 9.866623573306207618e+03
9.02557 9.835661738439557666e+03
9.02789 9.810438055778900889e+03
9.03021 9.784851693395072289e+03
9.03253 9.758927145236864817e+03
9.03543 9.726130346227198970e+03
9.03775 9.699594917609978438e+03
9.04007 9.672863388185412987e+03
9.04298 9.639203656007844984e+03
9.0453 9.612132941087040308e+03
9.04763 9.584980523136277043e+03
9.05054 9.550961880886043218e+03
9.05287 9.523755227937457676e+03
9.0552 9.496604942662115718e+03
9.05752 9.469537019331079136e+03
9.06043 9.435873781426069399e+03
9.06276 9.409121168979443610e+03
9.06509 9.382560679171830998e+03
9.068 9.349677589667984648e+03
9.07032 9.323664430589271433e+03
9.07265 9.297946186801562362e+03
9.07556 9.266253465090281679e+03
9.07789 9.241320035383583672e+03
9.08021 9.216775026956931470e+03
9.08253 9.192641639339450194e+03
9.08544 9.163103504159082149e+03
9.08776 9.139983352226348870e+03
9.09008 9.117357750131461216e+03
9.09298 9.089772620332139923e+03
9.0953 9.068292889835862297e+03
9.09762 9.047347105489279784e+03
9.10051 9.021936195225645861e+03
9.10283 9.002240499085532065e+03
9.10515 8.983114016092573365e+03
9.10805 8.960023471200718632e+03
9.11036 8.942208887038896137e+03
9.11268 8.924983887669606702e+03
9.11558 8.904285844182501023e+03
9.11789 8.888393578166429506e+03
9.12021 8.873092832971055032e+03
9.12253 8.858383246121284174e+03
9.12543 8.840815538526656383e+03
9.12775 8.827417342436356194e+03
9.13007 8.814590522304821206e+03
9.13297 8.799357265838158128e+03
9.13529 8.787799541520384082e+03
9.13761 8.776792589612114170e+03
9.14051 8.763800030931066431e+03
9.14284 8.754003131660465442e+03
9.14516 8.744734890203613759e+03
9.14807 8.733869476214385941e+03
9.15039 8.725749176382421865e+03
9.15272 8.718124617031082380e+03
9.15505 8.710987949827973353e+03
9.15796 8.702748208487262673e+03
9.16029 8.696692593935757031e+03
9.16262 8.691100492259367456e+03
9.16553 8.684756166744571601e+03
9.16785 8.680180890935687785e+03
9.17018 8.676042317529138018e+03
9.17308 8.671469448086972989e+03
9.1754 8.668280322179556606e+03
9.17772 8.665502110867138981e+03
9.18004 8.663125776817687438e+03
9.18293 8.660713794621016859e+03
9.18525 8.659223409476117013e+03
9.18757 8.658118859088453974e+03
9.19046 8.657274515335853721e+03
9.19277 8.657023710594010481e+03
9.19509 8.657146809262987517e+03
9.19798 8.657821051829518183e+03
9.20029 8.658772196869007530e+03
9.20261 8.660085933721768015e+03
9.2055 8.662233088665547257e+03
9.20781 8.664351376241287653e+03
9.21012 8.666823189207185351e+03
9.21301 8.670407091627206682e+03
9.21532 8.673667792115789780e+03
9.21764 8.677278069251598936e+03
9.22053 8.682281638128109989e+03
9.22284 8.686678976363382390e+03
9.22515 8.691427941343459679e+03
9.22805 8.697862615516600272e+03
9.23036 8.703413321059699228e+03
9.23268 8.709324676087389889e+03
9.23557 8.717233047640189397e+03
9.23789 8.723977343979027864e+03
9.24021 8.731103634763006994e+03
9.24252 8.738615983975310883e+03
9.24542 8.748562449244280288e+03
9.24774 8.756976251219708502e+03
9.25006 8.765800962237188287e+03
9.25297 8.777436690411577729e+03
9.25529 8.787230224472972623e+03
9.25761 8.797471362898078951e+03
9.26052 8.810909738316606308e+03
9.26285 8.822181511327456974e+03
9.26517 8.833925844504330598e+03
9.26808 8.849279404809460175e+03
9.27041 8.862114437993997853e+03
9.27274 8.875441332247968603e+03
9.27506 8.889250763676416682e+03
9.27797 8.907211328879142457e+03
9.28029 8.922139318141489639e+03
9.28262 8.937566267795646127e+03
9.28552 8.957563651725744421e+03
9.28784 8.974124013337019278e+03
9.29016 8.991196137476832519e+03
9.29305 9.013241446792600982e+03
9.29537 9.031448018090512051e+03
9.29769 9.050156198347774989e+03
9.30001 9.069362549291685355e+03
9.3029 9.094070721208141549e+03
9.30522 9.114386869647492858e+03
9.30753 9.135190753765140471e+03
9.31043 9.161867746438592803e+03
9.31274 9.183740412044553523e+03
9.31506 9.206077323746772890e+03
9.31795 9.234637873990724984e+03
9.32027 9.257987239107107598e+03
9.32258 9.281773395752654324e+03
9.32548 9.312098255270613663e+03
9.32779 9.336827266472559131e+03
9.33011 9.361950977585325745e+03
9.33301 9.393901267945837390e+03
9.33533 9.419877598205366667e+03
9.33764 9.446207015875894285e+03
9.34054 9.479602544776666036e+03
9.34286 9.506669836644203315e+03
9.34519 9.534054707906376279e+03
9.34751 9.561712607521420068e+03
9.35041 9.596660893264966944e+03
9.35274 9.624888287268602653e+03
9.35506 9.653328234718275780e+03
9.35797 9.689162242900962156e+03
9.3603 9.717998623230996600e+03
9.36262 9.746942481806358046e+03
9.36553 9.783254974048393706e+03
9.36786 9.812344360833581959e+03
9.37018 9.841456752393371062e+03
9.37308 9.877831981888972223e+03
9.3754 9.906876295207139265e+03
9.37772 9.935858867479440960e+03
9.38004 9.964716443014021934e+03
9.38293 1.000061078347881812e+04
9.38525 1.002910225445304422e+04
9.38756 1.005741297428243161e+04
9.39045 1.009245546506875326e+04
9.39277 1.012017655897842633e+04
9.39508 1.014759325010511020e+04
9.39797 1.018136527203135665e+04
9.40028 1.020795589413157177e+04
9.40259 1.023412224551092186e+04
9.40548 1.026618712567640796e+04
9.40779 1.029128228170166767e+04
9.4101 1.031584494781912144e+04
9.41299 1.034575007561383973e+04
9.4153 1.036899459149846007e+04
9.41761 1.039159850166157776e+04
9.4205 1.041890669637312021e+04
9.42281 1.043995388647775326e+04
9.42512 1.046025915653143966e+04
9.42801 1.048454945753166248e+04
9.43033 1.050307073971817954e+04
9.43264 1.052075512914949468e+04
9.43553 1.054163072734686830e+04
9.43785 1.055732428579617408e+04
9.44016 1.057208465940056340e+04
9.44306 1.058919297612105038e+04
9.44537 1.060177387495071343e+04
9.44769 1.061334636904614490e+04
9.45001 1.062389355211561633e+04
9.45291 1.063559452577288721e+04
9.45523 1.064375516798801073e+04
9.45755 1.065082197761230054e+04
9.46045 1.065809982740406303e+04
9.46278 1.066265864584179508e+04
9.4651 1.066608068181688941e+04
9.46801 1.066874653022965504e+04
9.47033 1.066958012886581855e+04
9.47266 1.066925438669383766e+04
9.47557 1.066721392585062495e+04
9.4779 1.066427435014752700e+04
9.48023 1.066017710722201991e+04
9.48256 1.065493211099615291e+04
9.48547 1.064678471506764254e+04
9.4878 1.063900376756837795e+04
9.49012 1.063012923326288364e+04
9.49302 1.061751042260613940e+04
9.49535 1.060622928258335014e+04
9.49767 1.059391413147417916e+04
9.50057 1.057710583567416325e+04
9.50289 1.056256507831150338e+04
9.50521 1.054707528582017221e+04
9.50752 1.053068195477039626e+04
9.51042 1.050895383703854350e+04
9.51274 1.049063323336290523e+04
9.51505 1.047151463217051787e+04
9.51795 1.044655329319820339e+04
9.52026 1.042578467979124616e+04
9.52257 1.040434572538881548e+04
9.52547 1.037667614344827416e+04
9.52778 1.035389210497499516e+04
9.5301 1.033058124518060140e+04
9.53299 1.030077045487044052e+04
9.5353 1.027643874115332073e+04
9.53762 1.025172813992944793e+04
9.54051 1.022037922738736052e+04
9.54282 1.019498499088068093e+04
9.54514 1.016936715615194407e+04
9.54803 1.013709111003384351e+04
9.55035 1.011113150844594020e+04
9.55267 1.008509340808698107e+04
9.55556 1.005250688248256665e+04
9.55788 1.002648184643150853e+04
9.5602 1.000048757208379902e+04
9.56252 9.974640398726774947e+03
9.56542 9.942542764244530190e+03
9.56774 9.917098300016699795e+03
9.57006 9.891896057565649244e+03
9.57297 9.860795295917858311e+03
9.57529 9.836287485913922865e+03
9.57762 9.812134870491468973e+03
9.58053 9.782525233560336346e+03
9.58286 9.759311246286983078e+03
9.58519 9.736578446324650940e+03
9.58752 9.714354394438294548e+03
9.59043 9.687329601591834944e+03
9.59276 9.666344683809038543e+03
9.59509 9.645949768567075807e+03
9.598 9.621312484298427080e+03
9.60033 9.602309258416558805e+03
9.60266 9.583951506525971126e+03
9.60557 9.561930178288323077e+03
9.6079 9.545068659706470498e+03
9.61023 9.528892376769668772e+03
9.61255 9.513412655297499441e+03
9.61546 9.495040779460292470e+03
9.61779 9.481144665119381898e+03
9.62012 9.467947544459468190e+03
9.62302 9.452442022600378550e+03
9.62534 9.440824262535294110e+03
9.62767 9.429899190219428419e+03
9.63057 9.417212325519476508e+03
9.63289 9.407823526730999220e+03
9.63521 9.399106924723284465e+03
9.63753 9.391047207905576215e+03
9.64043 9.381882320683758735e+03
9.64275 9.375262891751714051e+03
9.64507 9.369262270056786292e+03
9.64797 9.362611587943676568e+03
9.65029 9.357952333376981187e+03
9.65261 9.353864802725134723e+03
9.6555 9.349534359990404482e+03
9.65782 9.346672631873558203e+03
9.66014 9.344327745618727931e+03
9.66304 9.342095461997681923e+03
9.66536 9.340845582537447626e+03
9.66768 9.340050968062179891e+03
9.67058 9.339666828109215203e+03
9.6729 9.339821856724935060e+03
9.67522 9.340365443460907045e+03
9.67754 9.341276875871162702e+03
9.68044 9.342902728932765967e+03
9.68277 9.344569125101519603e+03
9.68509 9.346539873671717942e+03
9.68799 9.349407572019248619e+03
9.69032 9.352004402024551382e+03
9.69265 9.354857388601136336e+03
9.69556 9.358764100499618507e+03
9.69788 9.362151106396642717e+03
9.70021 9.365762362326016955e+03
9.70254 9.369589486216576915e+03
9.70546 9.374675686797318122e+03
9.70779 9.378975646315477206e+03
9.71012 9.383472045176113170e+03
9.71304 9.389363353427452239e+03
9.71537 9.394283651667838058e+03
9.71769 9.399381144245442556e+03
9.72002 9.404653503096447821e+03
9.72293 9.411472020233957664e+03
9.72525 9.417109401608267945e+03
9.72757 9.422898707394440862e+03
9.73048 9.430347262862496791e+03
9.7328 9.436470331372454893e+03
9.73512 9.442736396116395554e+03
9.73802 9.450769880152236510e+03
9.74033 9.457354325603908364e+03
9.74265 9.464084339302677108e+03
9.74555 9.472697695488588579e+03
9.74786 9.479754421774227012e+03
9.75018 9.486960927621987139e+03
9.75307 9.496185688688228765e+03
9.75538 9.503745563851120096e+03
9.7577 9.511469562507951196e+03
9.76001 9.519365620640559428e+03
9.7629 9.529485410026250975e+03
9.76522 9.537790408755532553e+03
9.76753 9.546289221365457706e+03
9.77042 9.557197219832036353e+03
9.77273 9.566161770697230168e+03
9.77505 9.575347679969352612e+03
9.77794 9.587154301053462405e+03
9.78025 9.596871972776447365e+03
9.78257 9.606839728375729464e+03
9.78546 9.619667241151802955e+03
9.78777 9.630233381379683124e+03
9.79009 9.641078915423833678e+03
9.79298 9.655044114589620222e+03
9.7953 9.666547962242499125e+03
9.79762 9.678361587366996901e+03
9.80051 9.693563703912859637e+03
9.80283 9.706087451548315585e+03
9.80515 9.718934580037514024e+03
9.80805 9.735456812474971230e+03
9.81037 9.749051667904886926e+03
9.81269 9.762977818840756299e+03
9.81501 9.777250573982793867e+03
9.81792 9.795558993934821046e+03
9.82024 9.810591226984364766e+03
9.82257 9.825956769013204394e+03
9.82548 9.845630823042076372e+03
9.82781 9.861742412131614401e+03
9.83014 9.878167776078511451e+03
9.83305 9.899136084535253758e+03
9.83538 9.916244661490576618e+03
9.83771 9.933622455736143820e+03
9.84003 9.951269100106943370e+03
9.84294 9.973685382131821825e+03
9.84527 9.991884889217737509e+03
9.84759 1.001029003475241007e+04
9.85049 1.003360823157102459e+04
9.85281 1.005249068538042229e+04
9.85513 1.007153587128756953e+04
9.85803 1.009556814097933056e+04
9.86035 1.011494969488668539e+04
9.86267 1.013444775902167203e+04
9.86557 1.015895952664119795e+04
9.86789 1.017864886469532576e+04
9.87021 1.019839175982374582e+04
9.87252 1.021816040528773374e+04
9.87542 1.024287534455718560e+04
9.87774 1.026262018834236005e+04
9.88005 1.028231282221053152e+04
9.88295 1.030681680169973879e+04
9.88526 1.032629720909079333e+04
9.88758 1.034563819912407962e+04
9.89048 1.036957771427831540e+04
9.89279 1.038850278450407859e+04
9.89511 1.040719679704196278e+04
9.89801 1.043019336324304459e+04
9.90033 1.044825639790272544e+04
9.90264 1.046599353467276524e+04
9.90554 1.048765200185345930e+04
9.90786 1.050454101460078527e+04
9.91018 1.052099902972242307e+04
9.9125 1.053700142628434514e+04
9.9154 1.055631628918038768e+04
9.91773 1.057117861540873491e+04
9.92005 1.058549080924300506e+04
9.92295 1.060254969419808731e+04
9.92528 1.061550914333834771e+04
9.92761 1.062781505631314030e+04
9.93051 1.064224619220211571e+04
9.93284 1.065299441590952847e+04
9.93517 1.066300085504422168e+04
9.93808 1.067442623898265083e+04
9.94041 1.068267801351023809e+04
9.94273 1.069010711788875778e+04
