#t,ms p
0.003 4.270000000000000284e+01
0.005 4.270000000000000284e+01
0.008 4.270000000000000284e+01
0.01 4.270000000000000284e+01
0.0129324 4.270000000000000284e+01
0.0152784 4.270000000000000284e+01
0.0176291 4.270000000000000284e+01
0.0205694 4.270000000000000284e+01
0.0229245 4.270000000000000284e+01
0.0252824 4.270000000000000284e+01
0.0276402 4.270000000000000284e+01
0.0305804 4.270000000000000284e+01
0.0329326 4.270000000000000284e+01
0.0352671 4.270000000000000284e+01
0.0375956 4.270000000000000284e+01
0.040494 4.270000000000000284e+01
0.0427981 4.270000000000000284e+01
0.0451022 4.270000000000000284e+01
0.0479388 4.270000000000000284e+01
0.0502082 4.270000000000000284e+01
0.0530041 4.270000000000000284e+01
0.0552327 4.270000000000000284e+01
0.0579873 4.270000000000000284e+01
0.0601743 4.270000000000000284e+01
0.0628915 4.270000000000000284e+01
0.0650454 4.270000000000000284e+01
0.0677309 4.270000000000000284e+01
0.0703885 4.270000000000000284e+01
0.0725147 4.270000000000000284e+01
0.0751435 4.270000000000000284e+01
0.0777723 4.270000000000000284e+01
0.0803793 4.270000000000000284e+01
0.0829862 4.270000000000000284e+01
0.0850594 4.270000000000000284e+01
0.0876508 4.270000000000000284e+01
0.090234 4.270000000000000284e+01
0.0928152 4.270000000000000284e+01
0.0953792 4.270000000000000284e+01
0.0979388 4.270000000000000284e+01
0.100475 4.270000000000000284e+01
0.103006 4.270000000000000284e+01
0.105016 4.270000000000000284e+01
0.107524 4.270000000000000284e+01
0.11002 4.270000000000000284e+01
0.112509 4.270000000000000284e+01
0.115485 4.270000000000000284e+01
0.117961 4.270000000000000284e+01
0.120429 4.270000000000000284e+01
0.122896 4.270000000000000284e+01
0.125358 4.270000000000000284e+01
0.127819 4.270000000000000284e+01
0.130279 4.270000000000000284e+01
0.132739 4.270000000000000284e+01
0.135199 4.270000000000000284e+01
0.13766 4.270000000000000284e+01
0.140113 4.270000000000000284e+01
0.142564 4.270000000000000284e+01
0.145009 4.270000000000000284e+01
0.147941 4.270000000000000284e+01
0.150379 4.270000000000000284e+01
0.152817 4.270000000000000284e+01
0.155251 4.270000000000000284e+01
0.157686 4.270000000000000284e+01
0.160119 4.270000000000000284e+01
0.162553 4.270000000000000284e+01
0.165473 4.270000000000000284e+01
0.167908 4.270000000000000284e+01
0.170344 4.270000000000000284e+01
0.17278 4.270000000000000284e+01
0.175219 4.270000000000000284e+01
0.177658 4.270000000000000284e+01
0.180096 4.270000000000000284e+01
0.182534 4.270000000000000284e+01
0.185458 4.270000000000000284e+01
0.187895 4.270000000000000284e+01
0.190332 4.270000000000000284e+01
0.192769 4.270000000000000284e+01
0.195206 4.270000000000000284e+01
0.197644 4.270000000000000284e+01
0.200084 4.270000000000000284e+01
0.202524 4.270000000000000284e+01
0.205454 4.270000000000000284e+01
0.207897 4.270000000000000284e+01
0.210342 4.270000000000000284e+01
0.212788 4.270000000000000284e+01
0.215236 4.270000000000000284e+01
0.217684 4.270000000000000284e+01
0.220132 4.270000000000000284e+01
0.222581 4.270000000000000284e+01
0.225029 4.270000000000000284e+01
0.227969 4.270000000000000284e+01
0.23042 4.270000000000000284e+01
0.232872 4.270000000000000284e+01
0.235324 4.270000000000000284e+01
0.237778 4.270000000000000284e+01
0.240232 4.270000000000000284e+01
0.242687 4.270000000000000284e+01
0.245143 4.270000000000000284e+01
0.247601 4.270000000000000284e+01
0.250059 4.270000000000000284e+01
0.252517 4.270000000000000284e+01
0.255468 4.270000000000000284e+01
0.257927 4.270000000000000284e+01
0.260387 4.270000000000000284e+01
0.262847 4.270000000000000284e+01
0.265308 4.270000000000000284e+01
0.267769 4.270000000000000284e+01
0.27023 4.270000000000000284e+01
0.272692 4.270000000000000284e+01
0.275154 4.270000000000000284e+01
0.277616 4.270000000000000284e+01
0.280079 4.270000000000000284e+01
0.282542 4.270000000000000995e+01
0.285005 4.270000000000001705e+01
0.287961 4.270000000000001705e+01
0.290425 4.270000000000001705e+01
0.292888 4.270000000000001705e+01
0.295351 4.270000000000001705e+01
0.297815 4.270000000000001705e+01
0.300278 4.270000000000002416e+01
0.302742 4.270000000000002416e+01
0.305205 4.270000000000002416e+01
0.307668 4.270000000000004547e+01
0.310131 4.270000000000004547e+01
0.312594 4.270000000000004547e+01
0.315058 4.270000000000004547e+01
0.317521 4.270000000000004547e+01
0.320477 4.270000000000004547e+01
0.322941 4.270000000000004547e+01
0.325404 4.270000000000004547e+01
0.327867 4.270000000000004547e+01
0.33033 4.270000000000004547e+01
0.332793 4.270000000000004547e+01
0.335256 4.270000000000004547e+01
0.337719 4.270000000000004547e+01
0.340182 4.270000000000005258e+01
0.342644 4.270000000000005258e+01
0.345107 4.270000000000005258e+01
0.347569 4.270000000000005258e+01
0.350032 4.270000000000005258e+01
0.352987 4.270000000000005258e+01
0.355449 4.270000000000005258e+01
0.357912 4.270000000000005258e+01
0.360375 4.270000000000005258e+01
0.362838 4.270000000000005258e+01
0.365301 4.270000000000005258e+01
0.367764 4.270000000000005258e+01
0.370227 4.270000000000005258e+01
0.372691 4.270000000000005258e+01
0.375154 4.270000000000005258e+01
0.377618 4.270000000000005258e+01
0.380082 4.270000000000005258e+01
0.382546 4.270000000000005258e+01
0.38501 4.270000000000005258e+01
0.387967 4.270000000000005258e+01
0.390432 4.270000000000005258e+01
0.392896 4.270000000000005258e+01
0.395361 4.270000000000005258e+01
0.397825 4.270000000000005258e+01
0.40029 4.270000000000005258e+01
0.402754 4.270000000000005258e+01
0.405219 4.270000000000005258e+01
0.407684 4.270000000000005258e+01
0.410149 4.270000000000006679e+01
0.412614 4.270000000000006679e+01
0.41508 4.270000000000007390e+01
0.417545 4.270000000000007390e+01
0.42001 4.270000000000010942e+01
0.422969 4.270000000000010942e+01
0.425435 4.270000000000010942e+01
0.4279 4.270000000000010942e+01
0.430367 4.270000000000012363e+01
0.432833 4.270000000000012363e+01
0.4353 4.270000000000012363e+01
0.437766 4.270000000000012363e+01
0.440233 4.270000000000013785e+01
0.4427 4.270000000000013785e+01
0.445166 4.270000000000015206e+01
0.447633 4.270000000000015916e+01
0.4501 4.270000000000015916e+01
0.452567 4.270000000000015916e+01
0.455035 4.270000000000015916e+01
0.457502 4.270000000000015916e+01
0.460463 4.270000000000015916e+01
0.462931 4.270000000000015916e+01
0.465399 4.270000000000016627e+01
0.467867 4.270000000000018048e+01
0.470334 4.270000000000018048e+01
0.472802 4.270000000000018048e+01
0.475269 4.270000000000018048e+01
0.477736 4.270000000000018048e+01
0.480203 4.270000000000018048e+01
0.48267 4.270000000000018048e+01
0.485137 4.270000000000018048e+01
0.487604 4.270000000000018048e+01
0.490071 4.270000000000020890e+01
0.492538 4.270000000000020890e+01
0.495005 4.270000000000020890e+01
0.497965 4.270000000000020890e+01
0.500431 4.270000000000020890e+01
0.502898 4.270000000000020890e+01
0.505364 4.270000000000020890e+01
0.50783 4.270000000000020890e+01
0.510296 4.270000000000020890e+01
0.512761 4.270000000000020890e+01
0.515227 4.270000000000020890e+01
0.517693 4.270000000000023732e+01
0.520158 4.270000000000023732e+01
0.522624 4.270000000000023732e+01
0.525089 4.270000000000024443e+01
0.527554 4.270000000000024443e+01
0.530019 4.270000000000025864e+01
0.532976 4.270000000000025864e+01
0.53544 4.270000000000025864e+01
0.537904 4.270000000000025864e+01
0.540368 4.270000000000025864e+01
0.542831 4.270000000000025864e+01
0.545294 4.270000000000025864e+01
0.547757 4.270000000000025864e+01
0.55022 4.270000000000025864e+01
0.552682 4.270000000000025864e+01
0.555143 4.270000000000025864e+01
0.557605 4.270000000000025864e+01
0.560066 4.270000000000025864e+01
0.562527 4.270000000000025864e+01
0.56548 4.270000000000025864e+01
0.56794 4.270000000000025864e+01
0.5704 4.270000000000025864e+01
0.57286 4.270000000000025864e+01
0.57532 4.270000000000025864e+01
0.577779 4.270000000000025864e+01
0.580238 4.270000000000025864e+01
0.582696 4.270000000000025864e+01
0.585154 4.270000000000025864e+01
0.587611 4.270000000000025864e+01
0.590068 4.270000000000025864e+01
0.592525 4.270000000000025864e+01
0.595472 4.270000000000025864e+01
0.597928 4.270000000000025864e+01
0.600383 4.270000000000025864e+01
0.602838 4.270000000000025864e+01
0.605293 4.270000000000025864e+01
0.607747 4.270000000000025864e+01
0.6102 4.270000000000025864e+01
0.612653 4.270000000000025864e+01
0.615106 4.270000000000025864e+01
0.617558 4.270000000000025864e+01
0.62001 4.270000000000025864e+01
0.622952 4.270000000000025864e+01
0.625403 4.270000000000025864e+01
0.627854 4.270000000000025864e+01
0.630304 4.270000000000025864e+01
0.632754 4.270000000000025864e+01
0.635204 4.270000000000025864e+01
0.637652 4.270000000000025864e+01
0.640101 4.270000000000025864e+01
0.642549 4.270000000000025864e+01
0.645486 4.270000000000025864e+01
0.647933 4.270000000000025864e+01
0.650379 4.270000000000025864e+01
0.652825 4.270000000000025864e+01
0.65527 4.270000000000025864e+01
0.657715 4.270000000000025864e+01
0.660159 4.270000000000025864e+01
0.662603 4.270000000000025864e+01
0.665047 4.270000000000025864e+01
0.667978 4.270000000000025864e+01
0.67042 4.270000000000025864e+01
0.672862 4.270000000000025864e+01
0.675304 4.270000000000025864e+01
0.677745 4.270000000000025864e+01
0.680185 4.270000000000025864e+01
0.682625 4.270000000000025864e+01
0.685064 4.270000000000025864e+01
0.687503 4.270000000000025864e+01
0.690429 4.270000000000025864e+01
0.692867 4.270000000000025864e+01
0.695304 4.270000000000025864e+01
0.697741 4.270000000000025864e+01
0.700177 4.270000000000025864e+01
0.702612 4.270000000000025864e+01
0.705047 4.270000000000025864e+01
0.707968 4.270000000000025864e+01
0.710402 4.270000000000025864e+01
0.712835 4.270000000000025864e+01
0.715267 4.270000000000025864e+01
0.7177 4.270000000000025864e+01
0.720131 4.270000000000025864e+01
0.722562 4.270000000000025864e+01
0.725477 4.270000000000025864e+01
0.727907 4.270000000000025864e+01
0.730336 4.270000000000025864e+01
0.732764 4.270000000000025864e+01
0.735192 4.270000000000025864e+01
0.737619 4.270000000000025864e+01
0.740045 4.270000000000025864e+01
0.742957 4.270000000000025864e+01
0.745382 4.270000000000025864e+01
0.747807 4.270000000000025864e+01
0.75023 4.270000000000025864e+01
0.752654 4.270000000000025864e+01
0.755076 4.270000000000025864e+01
0.757982 4.270000000000025864e+01
0.760403 4.270000000000025864e+01
0.762822 4.270000000000025864e+01
0.765241 4.270000000000025864e+01
0.767658 4.270000000000025864e+01
0.770075 4.270000000000025864e+01
0.772973 4.270000000000027285e+01
0.775388 4.270000000000031548e+01
0.777801 4.270000000000031548e+01
0.780214 4.270000000000028706e+01
0.782625 4.269999999999996732e+01
0.785035 4.269999999999789253e+01
0.787926 4.269999999997686757e+01
0.790334 4.269999999984292316e+01
0.792739 4.269999999898418963e+01
0.795145 4.269999999317891337e+01
0.797548 4.269999995590833208e+01
0.800431 4.269999954044625667e+01
0.802831 4.269999725199656382e+01
0.805231 4.269998189218156170e+01
0.807629 4.269989823328572953e+01
0.810027 4.269933210199633322e+01
0.812902 4.269362326203440716e+01
0.815296 4.266923625566452927e+01
0.817689 4.236612143368724048e+01
0.820081 4.167704304460683318e+01
0.82295 7.582439111505606455e+00
0.825339 7.625573119579604153e+00
0.827728 7.781538126203156658e+00
0.830115 7.777449602568868414e+00
0.832501 7.775422135996032935e+00
0.835362 7.775666651750863245e+00
0.837745 7.775796788657006964e+00
0.840127 7.775961508107207543e+00
0.842508 7.776661131643209046e+00
0.845363 7.787229653984576672e+00
0.847741 7.906182568006115297e+00
0.850117 9.215840128267272391e+00
0.852968 2.809038106942118063e+01
0.855342 1.283644848804070477e+02
0.857715 5.979583353972045643e+02
0.860086 1.734490001816133827e+03
0.86293 3.558013556455830894e+03
0.865299 4.820865647066812016e+03
0.867666 5.600447688986692810e+03
0.870033 6.011031646030975935e+03
0.872871 6.237784219969154947e+03
0.875235 6.321614271544298390e+03
0.877597 6.363736710952702197e+03
0.880431 6.390503156058451168e+03
0.882791 6.402718081541672291e+03
0.88515 6.407321743518774383e+03
0.887508 6.405329771789240112e+03
0.890336 6.398362142302485154e+03
0.892691 6.392846395574194503e+03
0.895046 6.389870276936237133e+03
0.897869 6.389760093596268234e+03
0.900221 6.391481766782469094e+03
0.902572 6.393666764817406147e+03
0.905391 6.395728478407947478e+03
0.907739 6.396536627652733841e+03
0.910086 6.396571163690751746e+03
0.912901 6.396017232787301509e+03
0.915245 6.395440218306089264e+03
0.917589 6.394978879895796126e+03
0.920399 6.394647647811496427e+03
0.922741 6.394494936513057837e+03
0.92508 6.394366459570761435e+03
0.927887 6.394170270877538314e+03
0.930224 6.393969664473262128e+03
0.932562 6.393776307683830055e+03
0.935364 6.393630506465942744e+03
0.937699 6.393634821637081586e+03
0.940032 6.393781234415584549e+03
0.94283 6.394150423848393075e+03
0.945161 6.394607698263670500e+03
0.947956 6.395313924523873538e+03
0.950285 6.396020324270663878e+03
0.952612 6.396827671968490904e+03
0.955404 6.397924967288515290e+03
0.957728 6.398938953742580452e+03
0.960052 6.400032508414110453e+03
0.962839 6.401427535761140462e+03
0.965161 6.402639569554322406e+03
0.967945 6.404128608249965509e+03
0.970264 6.405385538395609728e+03
0.972582 6.406650639326491728e+03
0.975363 6.408181923427032416e+03
0.977678 6.409476823869807959e+03
0.980456 6.411071905060666722e+03
0.98277 6.412449583394537513e+03
0.985082 6.413883577520487961e+03
0.987856 6.415689500437473725e+03
0.990166 6.417264610253320825e+03
0.992938 6.419238681131477279e+03
0.995245 6.420939570508192446e+03
0.997553 6.422682139615143569e+03
1.00032 6.424811726809934953e+03
1.00262 6.426597989147948283e+03
1.00539 6.428743407819789354e+03
1.00769 6.430529800291259562e+03
1.01045 6.432666253187011534e+03
1.01275 6.434414002777966743e+03
1.01505 6.436094762965698465e+03
1.01781 6.437995050859814910e+03
1.02011 6.439485921561242321e+03
1.02286 6.441200461089102646e+03
1.02516 6.442619891057714995e+03
1.02791 6.444373564851081937e+03
1.0302 6.445908284699063188e+03
1.03295 6.447837989359039057e+03
1.03524 6.449491022403777606e+03
1.03753 6.451139314729847683e+03
1.04027 6.453031661633135627e+03
1.04256 6.454503943315302422e+03
1.0453 6.456168926103459853e+03
1.04759 6.457523395515576340e+03
1.05033 6.459165374925984906e+03
1.05261 6.460529287888025465e+03
1.05535 6.462184046572295301e+03
1.05763 6.463560766077593144e+03
1.06036 6.465239265208420875e+03
1.06264 6.466600754018300904e+03
1.06537 6.468100007828626076e+03
1.06765 6.469132031426342110e+03
1.07038 6.470099767029213581e+03
1.07265 6.470762815994517041e+03
1.07538 6.471573635526089674e+03
1.07765 6.472392558630333951e+03
1.08038 6.473627869871699659e+03
1.08264 6.474846205191036461e+03
1.08537 6.476400579565884073e+03
1.08763 6.477631576077917998e+03
1.09035 6.478869471203628564e+03
1.09262 6.479627767877378574e+03
1.09533 6.480223315198079035e+03
1.0976 6.480550517106964435e+03
1.10031 6.480912946372900478e+03
1.10257 6.481308152368993433e+03
1.10528 6.481971297466083342e+03
1.10754 6.482667896189122075e+03
1.11025 6.483585233848705684e+03
1.1125 6.484310573517916055e+03
1.11521 6.484998600101725060e+03
1.11791 6.485389164302092468e+03
1.12017 6.485467750576234721e+03
1.12287 6.485308855574324298e+03
1.12512 6.485027282953010399e+03
1.12782 6.484584646909490402e+03
1.13007 6.484156714640756036e+03
1.13276 6.483553119022387364e+03
1.13501 6.482919143513392555e+03
1.1377 6.481900792445379921e+03
1.14039 6.480501964821927686e+03
1.14264 6.479019114381265354e+03
1.14533 6.476938178405240251e+03
1.14757 6.475029930410423731e+03
1.15025 6.472721199714748764e+03
1.15294 6.470617892476471752e+03
1.15518 6.469160712674457500e+03
1.15786 6.467906072503249561e+03
1.1601 6.467293867653761481e+03
1.16278 6.467088587294369063e+03
1.16501 6.467238741048229713e+03
1.16769 6.467521658981823748e+03
1.17036 6.467654161325970563e+03
1.17259 6.467265574595434373e+03
1.17526 6.465928766515594361e+03
1.17794 6.463489628707936390e+03
1.18017 6.461030949002284615e+03
1.18284 6.458144171935587110e+03
1.18507 6.456298841477306269e+03
1.18775 6.454998515420924377e+03
1.19043 6.454187470833288899e+03
1.19267 6.453123635556459703e+03
1.19535 6.450640302798490666e+03
1.19758 6.447534810129254765e+03
1.20027 6.442804066685454018e+03
1.2025 6.438176194036199377e+03
1.20519 6.431588518430971817e+03
1.20788 6.423385882971335377e+03
1.21012 6.414844159775400840e+03
1.21281 6.402184178690943554e+03
1.21505 6.389680636097610659e+03
1.21774 6.372911661248502242e+03
1.22043 6.355114843968029163e+03
1.22268 6.340291755949353501e+03
1.22537 6.323352905307177934e+03
1.22762 6.310400613736102969e+03
1.23032 6.296484742472748621e+03
1.23257 6.286199538517090332e+03
1.23527 6.275155195314904631e+03
1.23752 6.266756691322342704e+03
1.24022 6.257269633732442344e+03
1.24292 6.248145473530335948e+03
1.24517 6.240645955748662345e+03
1.24788 6.231756950691428756e+03
1.25013 6.224377866150206501e+03
1.25284 6.215702304708355769e+03
1.2551 6.208738027226775557e+03
1.25781 6.200709763538215157e+03
1.26007 6.194589122042275449e+03
1.26278 6.188053039724450173e+03
1.26504 6.183612320450875814e+03
1.26776 6.178994026412728090e+03
1.27002 6.175249020864954218e+03
1.27274 6.170195363583296967e+03
1.275 6.164922648913509875e+03
1.27772 6.156853923891493650e+03
1.28044 6.146372965320775620e+03
1.28271 6.136063813406640293e+03
1.28543 6.122419479700955890e+03
1.2877 6.110803812740728972e+03
1.29043 6.098002938410211755e+03
1.2927 6.088845988338912321e+03
1.29543 6.078692728709534094e+03
1.2977 6.069460720160166602e+03
1.30043 6.055424613449298704e+03
1.30271 6.040700716050314441e+03
1.30544 6.019277694903814336e+03
1.30772 5.998067115119673872e+03
1.31045 5.968276638660501703e+03
1.31273 5.938286590674259060e+03
1.31501 5.901628041768452022e+03
1.31775 5.844887705040607216e+03
1.32003 5.782809993965461217e+03
1.32277 5.683700160406020586e+03
1.32506 5.573885593887590403e+03
1.3278 5.399344025339608379e+03
1.33008 5.208841692329621765e+03
1.33283 4.912823122027860336e+03
1.33512 4.596450757342704492e+03
1.33786 4.112596519518550849e+03
1.34015 3.610304642853574478e+03
1.3429 2.881111324767592123e+03
1.34519 2.204475715497682359e+03
1.34794 1.414796373674721735e+03
1.35024 8.745775267109302149e+02
1.35253 5.128432777135594733e+02
1.35528 2.789870724206089676e+02
1.35758 1.823805252097752714e+02
1.36033 1.247007348082233733e+02
1.36263 1.009218619904433751e+02
1.36539 8.644883324309716954e+01
1.36769 8.036398557107351337e+01
1.37045 7.660439603768521977e+01
1.37275 7.500383940922723980e+01
1.37505 7.412467181354134027e+01
1.37781 7.357005327775499381e+01
1.38012 7.332595222059325124e+01
1.38288 7.316514845023571922e+01
1.38518 7.308854098703899638e+01
1.38795 7.303206940867605113e+01
1.39026 7.300043382098297684e+01
1.39256 7.297622308297269456e+01
1.39533 7.295420664534454147e+01
1.39764 7.293796612863614826e+01
1.40041 7.292208177065519692e+01
1.40272 7.291045410201591892e+01
1.40504 7.289856300195408778e+01
1.40781 7.289141547824227985e+01
1.41012 7.288407354207545552e+01
1.4129 7.288425320759745318e+01
1.41521 7.288280552877928642e+01
1.41753 7.287549224806383563e+01
1.42031 7.290365395703389595e+01
1.42262 1.704866543750381425e+02
1.4254 2.779018857992426206e+02
1.42772 3.370652475244385187e+02
1.43004 3.718197391093765987e+02
1.43283 3.964459869116134882e+02
1.43515 4.086863358966599549e+02
1.43793 4.171676960126296194e+02
1.44025 4.211424063252524661e+02
1.44258 4.235037019894490982e+02
1.44536 4.251135824846663240e+02
1.44769 4.258699744057050225e+02
1.45001 4.263223717852548020e+02
1.4528 4.266326449936627228e+02
1.45513 4.267792924178762632e+02
1.45792 4.268801445020352503e+02
1.46025 4.269279088137040503e+02
1.46258 4.269566231267461376e+02
1.46538 4.269764153563475588e+02
1.46771 4.269858040215816004e+02
1.47004 4.269914542738406453e+02
1.47284 4.269953523844743586e+02
1.47517 4.269972022932100231e+02
1.4775 4.269983163209813597e+02
1.48031 4.269990847914064034e+02
1.48264 4.269994496935537427e+02
1.48545 4.269997013834674817e+02
1.48779 4.269998208824449080e+02
1.49013 4.269998928149003632e+02
1.49293 4.269999425014028702e+02
1.49528 4.269999661187200672e+02
1.49762 4.269999803997549748e+02
1.50043 4.269999903400031371e+02
1.50278 4.269999950915496925e+02
1.50513 4.269999979983239200e+02
1.50794 4.269999999570767955e+02
1.5103 4.270000007745135235e+02
1.51265 4.270000010540620110e+02
1.515 4.270000009225437339e+02
1.51783 4.270000005039994448e+02
1.52019 4.270000000736572474e+02
1.52255 4.269999997162776708e+02
1.52538 4.269999994783668740e+02
1.52775 4.269999994359106381e+02
1.53012 4.269999995216126081e+02
1.53297 4.269999997122872628e+02
1.53534 4.269999999022580823e+02
1.53772 4.270000000635580477e+02
1.5401 4.270000001656657105e+02
1.54297 4.270000002112465154e+02
1.54536 4.270000001880893024e+02
1.54775 4.270000001333864361e+02
1.55015 4.270000000602162800e+02
1.55255 4.269999999913172246e+02
1.55544 4.269999999362624976e+02
1.55785 4.269999999161649384e+02
1.56027 4.269999999200753678e+02
1.56269 4.269999999402057256e+02
1.56512 4.269999999681203917e+02
1.56755 4.269999999971179250e+02
1.57048 4.270000000222841550e+02
1.57293 4.270000000325335918e+02
1.57538 4.270000000328259944e+02
1.57784 4.270000000255595864e+02
1.58031 4.270000000148366439e+02
1.58278 4.270000000028951490e+02
1.58526 4.269999999933633035e+02
1.58775 4.269999999879852908e+02
1.59024 4.269999999866395797e+02
1.59274 4.269999999888605089e+02
1.59524 4.269999999928762691e+02
1.59776 4.269999999977673610e+02
1.60028 4.270000000019619506e+02
1.60281 4.270000000045187676e+02
1.60534 4.270000000054129146e+02
1.60789 4.270000000047437538e+02
1.61044 4.270000000032161438e+02
1.613 4.270000000012274199e+02
1.61505 4.269999999997742179e+02
1.61763 4.269999999985127488e+02
1.62021 4.269999999979404492e+02
1.62281 4.269999999980346388e+02
1.62541 4.269999999985949444e+02
1.6275 4.269999999992171524e+02
1.63012 4.270000000000009663e+02
1.63275 4.270000000005717880e+02
1.63539 4.270000000008546976e+02
1.6375 4.270000000008592451e+02
1.64016 4.270000000006821779e+02
1.64282 4.270000000003810783e+02
1.6455 4.270000000000654836e+02
1.64764 4.269999999998511839e+02
1.65034 4.269999999997008899e+02
1.65304 4.269999999996757651e+02
1.65521 4.269999999997390887e+02
1.65793 4.269999999998477733e+02
1.66011 4.269999999999560032e+02
1.66285 4.270000000000654268e+02
1.66505 4.270000000001218723e+02
1.6678 4.270000000001443254e+02
1.67001 4.270000000001367084e+02
1.67278 4.270000000000969180e+02
1.675 4.270000000000682689e+02
1.67779 4.270000000000289333e+02
1.68002 4.270000000000026148e+02
1.68282 4.269999999999781153e+02
1.68506 4.269999999999890861e+02
1.68788 4.270000000000073896e+02
1.69013 4.270000000000134150e+02
1.69296 4.270000000000318892e+02
1.69523 4.270000000000374030e+02
1.69807 4.270000000000385967e+02
1.70035 4.270000000000282512e+02
1.70263 4.270000000000372324e+02
1.7055 4.270000000000246700e+02
1.7078 4.270000000000089244e+02
1.7101 4.269999999999947704e+02
1.71299 4.269999999999961346e+02
1.7153 4.270000000000006253e+02
1.71763 4.270000000000026148e+02
1.72054 4.270000000000113118e+02
1.72287 4.270000000000112550e+02
1.72521 4.270000000000251816e+02
1.72756 4.270000000000296723e+02
1.7305 4.270000000000345608e+02
1.73285 4.270000000000378577e+02
1.7352 4.270000000000359250e+02
1.73755 4.270000000000334808e+02
1.74038 4.270000000000353566e+02
1.74265 4.270000000000455884e+02
1.74536 4.270000000000604814e+02
1.74803 4.270000000000705995e+02
1.7502 4.270000000000621299e+02
1.75291 4.270000000000719069e+02
1.75507 4.270000000000676437e+02
1.75774 4.270000000000677005e+02
1.76038 4.270000000000628688e+02
1.76298 4.270000000000713385e+02
1.76506 4.270000000000614477e+02
1.76768 4.270000000000554792e+02
1.77029 4.270000000000489990e+02
1.7729 4.270000000000418936e+02
1.77551 4.270000000000429168e+02
1.77758 4.270000000000486580e+02
1.78018 4.270000000000476916e+02
1.78281 4.270000000000322302e+02
1.78543 4.270000000000258069e+02
1.7875 4.270000000000026716e+02
1.7901 4.269999999999930651e+02
1.79275 4.269999999999753868e+02
1.79542 4.269999999999864713e+02
1.79754 4.269999999999853344e+02
1.80017 4.269999999999895408e+02
1.8028 4.269999999999901092e+02
1.80542 4.269999999999959073e+02
1.80752 4.269999999999883471e+02
1.81016 4.269999999999957367e+02
1.81279 4.270000000000034106e+02
1.81541 4.269999999999977263e+02
1.81751 4.269999999999915872e+02
1.82013 4.269999999999911324e+02
1.82276 4.269999999999816396e+02
1.82544 4.269999999999861870e+02
1.82759 4.269999999999897113e+02
1.83023 4.269999999999892566e+02
1.83288 4.269999999999978400e+02
1.83501 4.270000000000052296e+02
1.83768 4.270000000000081855e+02
1.84033 4.270000000000059686e+02
1.84297 4.269999999999988063e+02
1.84508 4.270000000000093223e+02
1.84771 4.270000000000199520e+02
1.85038 4.270000000000263185e+02
1.85253 4.270000000000323439e+02
1.85521 4.270000000000435989e+02
1.85789 4.270000000000551950e+02
1.86004 4.270000000000480327e+02
1.86273 4.270000000000457021e+02
1.86542 4.270000000000562181e+02
1.86754 4.270000000000566160e+02
1.8702 4.270000000000467821e+02
1.8729 4.270000000000349019e+02
1.87506 4.270000000000222826e+02
1.87775 4.270000000000076170e+02
1.88044 4.270000000000018758e+02
1.88259 4.270000000000069349e+02
1.88528 4.270000000000210321e+02
1.88798 4.270000000000322302e+02
1.89014 4.270000000000359250e+02
1.89283 4.270000000000267733e+02
1.89551 4.270000000000232490e+02
1.89765 4.270000000000155751e+02
1.90034 4.270000000000223963e+02
1.90302 4.270000000000296154e+02
1.90518 4.270000000000320028e+02
1.90787 4.270000000000305818e+02
1.91051 4.270000000000243858e+02
1.91263 4.270000000000267164e+02
1.91533 4.270000000000292175e+02
1.91803 4.270000000000311502e+02
1.92019 4.270000000000277396e+02
1.92288 4.270000000000240448e+02
1.92506 4.270000000000243858e+02
1.9278 4.270000000000240448e+02
1.93051 4.270000000000325144e+02
1.93263 4.270000000000316049e+02
1.9353 4.270000000000303544e+02
1.93798 4.270000000000288196e+02
1.94012 4.270000000000275691e+02
1.9428 4.270000000000440536e+02
1.94548 4.270000000000420073e+02
1.94764 4.270000000000357545e+02
1.95033 4.270000000000291607e+02
1.9525 4.270000000000226805e+02
1.95522 4.270000000000246132e+02
1.95793 4.270000000000259774e+02
1.96008 4.270000000000136993e+02
1.96278 4.270000000000183604e+02
1.96548 4.270000000000133014e+02
1.96763 4.270000000000135856e+02
1.9703 4.270000000000038085e+02
1.97298 4.270000000000041496e+02
1.97513 4.270000000000018190e+02
1.97782 4.269999999999868123e+02
1.9805 4.269999999999969305e+02
1.98264 4.269999999999945999e+02
1.98533 4.269999999999907914e+02
1.98801 4.270000000000019895e+02
1.99016 4.270000000000168825e+02
1.99285 4.270000000000232490e+02
1.995 4.270000000000456453e+02
1.9977 4.270000000000396199e+02
2.00039 4.270000000000360956e+02
2.00253 4.270000000000399041e+02
2.00521 4.270000000000415525e+02
2.00793 4.270000000000221689e+02
2.0101 4.270000000000119940e+02
2.0128 4.270000000000130171e+02
2.0155 4.270000000000134719e+02
2.01765 4.270000000000156319e+02
2.02033 4.270000000000210889e+02
2.02304 4.270000000000181899e+02
2.02521 4.270000000000176783e+02
2.02792 4.270000000000219416e+02
2.03009 4.270000000000095497e+02
2.03279 4.269999999999976694e+02
2.03549 4.270000000000006253e+02
2.03765 4.270000000000091518e+02
2.04033 4.270000000000089813e+02
2.04303 4.269999999999956799e+02
2.0452 4.269999999999922125e+02
2.04791 4.269999999999943157e+02
2.05008 4.269999999999826628e+02
2.0528 4.269999999999769784e+02
2.0555 4.269999999999947136e+02
2.05766 4.270000000000025580e+02
2.06037 4.270000000000109708e+02
2.06254 4.270000000000091518e+02
2.06525 4.269999999999981242e+02
2.06795 4.270000000000046043e+02
2.07011 4.269999999999961915e+02
2.07281 4.270000000000011369e+02
2.07552 4.269999999999959641e+02
2.07767 4.269999999999996021e+02
2.08036 4.269999999999886882e+02
2.08257 4.269999999999958504e+02
2.08533 4.269999999999930083e+02
2.08751 4.269999999999997726e+02
2.09022 4.270000000000151203e+02
2.09292 4.269999999999985221e+02
2.09508 4.269999999999918145e+02
2.09778 4.269999999999943157e+02
2.10048 4.269999999999789111e+02
2.10263 4.269999999999780584e+02
2.10533 4.269999999999731131e+02
2.10803 4.269999999999595843e+02
2.1102 4.269999999999602096e+02
2.11292 4.269999999999664055e+02
2.1151 4.269999999999638476e+02
2.11782 4.269999999999672582e+02
2.12053 4.269999999999666898e+02
2.12271 4.269999999999701572e+02
2.12542 4.269999999999745910e+02
2.12758 4.269999999999685087e+02
2.13028 4.269999999999764100e+02
2.13298 4.269999999999742499e+02
2.13514 4.269999999999801616e+02
2.13785 4.269999999999761826e+02
2.14002 4.269999999999715783e+02
2.14273 4.269999999999703846e+02
2.14543 4.269999999999813554e+02
2.1476 4.269999999999829470e+02
2.1503 4.269999999999920419e+02
2.153 4.269999999999915303e+02
2.15516 4.269999999999826628e+02
2.15786 4.269999999999915872e+02
2.16001 4.269999999999882334e+02
2.16271 4.269999999999849933e+02
2.16541 4.269999999999969305e+02
2.16758 4.269999999999964189e+02
2.17027 4.270000000000062528e+02
2.17297 4.270000000000043769e+02
2.17513 4.269999999999945999e+02
2.17784 4.269999999999966462e+02
2.1805 4.270000000000047748e+02
2.18263 4.270000000000119371e+02
2.18535 4.270000000000257501e+02
2.18754 4.270000000000234195e+02
2.19025 4.270000000000399609e+02
2.19296 4.270000000000267164e+02
2.19514 4.270000000000294449e+02
2.19787 4.270000000000262048e+02
2.20005 4.270000000000262048e+02
2.20272 4.270000000000254090e+02
2.20539 4.270000000000240448e+02
2.20753 4.270000000000135856e+02
2.21021 4.270000000000119371e+02
2.2129 4.270000000000195541e+02
2.21505 4.270000000000230216e+02
2.21773 4.270000000000268301e+02
2.22041 4.270000000000219416e+02
2.22257 4.270000000000129603e+02
2.22528 4.270000000000135856e+02
2.22797 4.270000000000147793e+02
2.23011 4.270000000000064233e+02
2.23279 4.270000000000025011e+02
2.23547 4.270000000000017053e+02
2.23763 4.269999999999996021e+02
2.24034 4.270000000000001137e+02
2.2425 4.270000000000146656e+02
2.24521 4.270000000000052296e+02
2.24791 4.270000000000147224e+02
2.25005 4.270000000000168257e+02
2.25272 4.270000000000059686e+02
2.2554 4.269999999999965894e+02
2.25754 4.269999999999974420e+02
2.26025 4.269999999999905071e+02
2.26297 4.270000000000123350e+02
2.26513 4.270000000000112550e+02
2.26782 4.270000000000205773e+02
2.2705 4.270000000000205773e+02
2.27264 4.270000000000284217e+02
2.27532 4.270000000000313776e+02
2.27801 4.270000000000330829e+02
2.28017 4.270000000000334808e+02
2.2829 4.270000000000422915e+02
2.28508 4.270000000000461569e+02
2.28777 4.270000000000349587e+02
2.29045 4.270000000000369482e+02
2.29259 4.270000000000388809e+02
2.29527 4.270000000000348450e+02
2.29797 4.270000000000254659e+02
2.30014 4.270000000000212594e+02
2.30283 4.270000000000205205e+02
2.30552 4.270000000000200089e+02
2.30767 4.270000000000210321e+02
2.31036 4.270000000000269438e+02
2.31252 4.270000000000253522e+02
2.31523 4.270000000000292744e+02
2.31794 4.270000000000346745e+02
2.3201 4.270000000000359819e+02
2.32281 4.270000000000388241e+02
2.32552 4.270000000000330260e+02
2.32767 4.270000000000358682e+02
2.3304 4.270000000000392220e+02
2.33259 4.270000000000413820e+02
2.33532 4.270000000000386535e+02
2.33802 4.270000000000486580e+02
2.34019 4.270000000000439400e+02
2.3429 4.270000000000570139e+02
2.34507 4.270000000000468390e+02
2.34778 4.270000000000361524e+02
2.35049 4.270000000000442810e+02
2.35264 4.270000000000437126e+02
2.35534 4.270000000000393356e+02
2.35803 4.270000000000361524e+02
2.36018 4.270000000000339924e+02
2.36288 4.270000000000337650e+02
2.36503 4.270000000000379146e+02
2.36775 4.270000000000478622e+02
2.37051 4.270000000000488853e+02
2.3727 4.270000000000484306e+02
2.3754 4.270000000000392220e+02
2.37756 4.270000000000285354e+02
2.38029 4.270000000000409273e+02
2.38301 4.270000000000342197e+02
2.38521 4.270000000000404157e+02
2.38795 4.270000000000417231e+02
2.39012 4.270000000000467821e+02
2.39282 4.270000000000286491e+02
2.39501 4.270000000000285354e+02
2.39777 4.270000000000463842e+02
2.40051 4.270000000000364366e+02
2.40267 4.270000000000356977e+02
2.40538 4.270000000000439400e+02
2.40755 4.270000000000522959e+02
2.41027 4.270000000000508749e+02
2.41298 4.270000000000395062e+02
2.41515 4.270000000000415525e+02
2.41786 4.270000000000324007e+02
2.42003 4.270000000000279670e+02
2.42276 4.270000000000216573e+02
2.4255 4.270000000000197247e+02
2.42768 4.270000000000285922e+02
2.43039 4.270000000000232490e+02
2.43256 4.270000000000241585e+02
2.4353 4.270000000000251248e+02
2.43805 4.270000000000223395e+02
2.44024 4.270000000000205773e+02
2.44299 4.270000000000187583e+02
2.44516 4.270000000000359819e+02
2.44787 4.270000000000343903e+02
2.45007 4.270000000000191562e+02
2.45283 4.270000000000037517e+02
2.45502 4.270000000000022737e+02
2.45773 4.270000000000005684e+02
2.46047 4.270000000000038085e+02
2.46268 4.270000000000032969e+02
2.46544 4.270000000000123919e+02
2.46762 4.270000000000221689e+02
2.47035 4.270000000000235332e+02
2.47255 4.270000000000206342e+02
2.4753 4.270000000000230784e+02
2.47804 4.270000000000258638e+02
2.48023 4.270000000000235332e+02
2.48296 4.270000000000215437e+02
2.48515 4.270000000000234195e+02
2.48788 4.270000000000299565e+02
2.49007 4.270000000000263753e+02
2.49282 4.270000000000179057e+02
2.49502 4.270000000000133014e+02
2.49777 4.270000000000079012e+02
2.50051 4.270000000000109708e+02
2.5027 4.270000000000186446e+02
2.50543 4.270000000000078444e+02
2.50761 4.270000000000118803e+02
2.51033 4.269999999999983515e+02
2.51252 4.270000000000132445e+02
2.51525 4.270000000000112550e+02
2.51799 4.270000000000100613e+02
2.52018 4.270000000000221121e+02
2.52293 4.270000000000206910e+02
2.52512 4.270000000000229079e+02
2.52787 4.270000000000112550e+02
2.53007 4.270000000000167120e+02
2.5328 4.270000000000216005e+02
2.53554 4.270000000000208615e+02
2.53771 4.270000000000101181e+02
2.54043 4.270000000000120508e+02
2.54261 4.270000000000188152e+02
2.54534 4.270000000000159730e+02
2.54752 4.270000000000188152e+02
2.55023 4.270000000000264890e+02
2.55296 4.270000000000213731e+02
2.55515 4.270000000000217710e+02
2.5579 4.270000000000370619e+02
2.56008 4.270000000000256364e+02
2.5628 4.270000000000246132e+02
2.56553 4.270000000000285922e+02
2.5677 4.270000000000225668e+02
2.57042 4.270000000000168257e+02
2.5726 4.270000000000234195e+02
2.57532 4.270000000000289333e+02
2.57751 4.270000000000285922e+02
2.58024 4.270000000000217142e+02
2.58297 4.270000000000268869e+02
2.58516 4.270000000000181899e+02
2.58792 4.270000000000126192e+02
2.59014 4.270000000000173941e+02
2.59288 4.270000000000166551e+02
2.59507 4.270000000000266596e+02
2.5978 4.270000000000181899e+02
2.60054 4.270000000000195541e+02
2.60273 4.270000000000177351e+02
2.60547 4.270000000000298428e+02
2.60767 4.270000000000290470e+02
2.61042 4.270000000000239879e+02
2.61262 4.270000000000194973e+02
2.61538 4.270000000000106866e+02
2.61759 4.270000000000111413e+02
2.62033 4.270000000000116529e+02
2.62252 4.270000000000027285e+02
2.62527 4.269999999999932925e+02
2.62804 4.269999999999877218e+02
2.63024 4.269999999999821512e+02
2.63298 4.269999999999845386e+02
2.63517 4.269999999999637339e+02
2.63792 4.269999999999645297e+02
2.64013 4.269999999999611759e+02
2.64287 4.269999999999751026e+02
2.64506 4.269999999999625402e+02
2.64782 4.269999999999587317e+02
2.65003 4.269999999999653824e+02
2.65279 4.269999999999771489e+02
2.65552 4.269999999999582201e+02
2.65772 4.269999999999631655e+02
2.66046 4.269999999999736815e+02
2.66266 4.269999999999756142e+02
2.66539 4.269999999999832880e+02
2.66758 4.269999999999910756e+02
2.67032 4.269999999999909051e+02
2.6725 4.269999999999994884e+02
2.67526 4.269999999999998863e+02
2.67801 4.270000000000002274e+02
2.68021 4.269999999999991473e+02
2.68296 4.269999999999982947e+02
2.68516 4.269999999999914735e+02
2.68792 4.269999999999839133e+02
2.69013 4.269999999999749889e+02
2.69287 4.269999999999696456e+02
2.69506 4.269999999999639044e+02
2.69782 4.269999999999486135e+02
2.70003 4.269999999999570832e+02
2.70278 4.269999999999753868e+02
2.70553 4.269999999999812417e+02
2.70773 4.269999999999736815e+02
2.71048 4.269999999999805027e+02
2.7127 4.269999999999866418e+02
2.71549 4.269999999999775468e+02
2.71772 4.269999999999817533e+02
2.72047 4.269999999999755573e+02
2.72267 4.269999999999679403e+02
2.72541 4.269999999999579927e+02
2.72761 4.269999999999570264e+02
2.73035 4.269999999999585043e+02
2.73254 4.269999999999661213e+02
2.73528 4.269999999999657234e+02
2.73802 4.269999999999461693e+02
2.74021 4.269999999999465103e+02
2.74296 4.269999999999208171e+02
2.74517 4.269999999999153601e+02
2.74792 4.269999999999069473e+02
2.75013 4.269999999999012630e+02
2.75287 4.269999999998799467e+02
2.75506 4.269999999998668159e+02
2.75779 4.269999999998402131e+02
2.76052 4.269999999998402700e+02
2.76272 4.269999999998352109e+02
2.76547 4.269999999998440785e+02
2.76767 4.269999999998514113e+02
2.77042 4.269999999998559588e+02
2.77263 4.269999999998609042e+02
2.7754 4.269999999998861426e+02
2.77761 4.269999999999079137e+02
2.78038 4.269999999999218403e+02
2.78259 4.269999999999347438e+02
2.78534 4.269999999999725446e+02
2.78754 4.269999999999754436e+02
2.79029 4.269999999999807869e+02
2.79304 4.269999999999929514e+02
2.79523 4.269999999999853344e+02
2.79796 4.269999999999890292e+02
2.80014 4.269999999999804459e+02
2.80289 4.269999999999533316e+02
2.80509 4.269999999999265015e+02
2.80783 4.269999999999034230e+02
2.81002 4.269999999998855742e+02
2.81277 4.269999999998575504e+02
2.81552 4.269999999998344151e+02
2.81773 4.269999999998137241e+02
2.82049 4.269999999998034923e+02
2.8227 4.269999999997996269e+02
2.82547 4.269999999998075850e+02
2.82767 4.269999999998262865e+02
2.83041 4.269999999998360636e+02
2.8326 4.269999999998642011e+02
2.83536 4.269999999999060378e+02
2.83756 4.269999999999475335e+02
2.84032 4.270000000000040927e+02
2.84252 4.270000000000486011e+02
2.84528 4.270000000000956675e+02
2.84804 4.270000000001301146e+02
2.85024 4.270000000001609806e+02
2.853 4.270000000001728608e+02
2.85521 4.270000000001490434e+02
2.85798 4.270000000001050466e+02
2.86019 4.270000000000281375e+02
2.86295 4.269999999998919407e+02
2.86515 4.269999999997448299e+02
2.8679 4.269999999995220605e+02
2.87011 4.269999999993214601e+02
2.87286 4.269999999990816946e+02
2.87505 4.269999999989206003e+02
2.8778 4.269999999987687715e+02
2.88001 4.269999999987060164e+02
2.88277 4.269999999987297201e+02
2.88553 4.269999999988503987e+02
2.88774 4.269999999990099013e+02
2.89052 4.269999999992859330e+02
2.89274 4.269999999995557118e+02
2.89551 4.269999999999786837e+02
2.89772 4.270000000003586251e+02
2.90048 4.270000000008919869e+02
2.90268 4.270000000013143335e+02
2.90544 4.270000000017947173e+02
2.90765 4.270000000020842776e+02
2.91042 4.270000000022964741e+02
2.91264 4.270000000023475195e+02
2.91541 4.270000000021992719e+02
2.91762 4.270000000019426807e+02
2.92039 4.270000000015201636e+02
2.92261 4.270000000011369252e+02
2.92538 4.270000000006234018e+02
2.9276 4.270000000002812044e+02
2.93036 4.269999999998922249e+02
2.93257 4.269999999996838369e+02
2.93531 4.269999999995094413e+02
2.93751 4.269999999994705604e+02
2.94028 4.269999999994824975e+02
2.94305 4.269999999995768007e+02
2.94526 4.269999999996555857e+02
2.94801 4.269999999997911573e+02
2.95022 4.269999999998776730e+02
2.95299 4.270000000000782165e+02
2.95519 4.270000000005383640e+02
2.95795 4.270000000018339961e+02
2.96016 4.270000000035365701e+02
2.96293 4.270000000063078005e+02
2.96515 4.270000000086890850e+02
2.96791 4.270000000112336238e+02
2.97012 4.270000000125804149e+02
2.97288 4.270000000130849571e+02
2.97508 4.270000000124970825e+02
2.97785 4.270000000106914513e+02
2.98007 4.270000000086380396e+02
2.98285 4.270000000057005991e+02
2.98508 4.270000000033524543e+02
2.98787 4.270000000007979111e+02
2.99008 4.269999999991668460e+02
2.99285 4.269999999978806500e+02
2.99507 4.269999999973819627e+02
2.99785 4.269999999973658760e+02
3.00006 4.269999999976997174e+02
3.00281 4.269999999983398311e+02
3.00502 4.269999999988800141e+02
3.00778 4.269999999994526547e+02
3.01054 4.269999999998784688e+02
3.01275 4.270000000000871978e+02
3.01552 4.270000000004011440e+02
3.01776 4.270000000010633698e+02
3.02055 4.270000000020376660e+02
3.02277 4.270000000026539624e+02
3.02554 4.270000000030416345e+02
3.02776 4.270000000030103138e+02
3.03054 4.270000000026095108e+02
3.03276 4.270000000021162236e+02
3.03553 4.270000000014151738e+02
3.03774 4.270000000008919869e+02
3.04051 4.270000000003375931e+02
3.04272 4.269999999998915996e+02
3.04549 4.269999999966958057e+02
3.04771 4.269999999933612003e+02
3.05048 4.269999999912683393e+02
3.0527 4.269999999912190560e+02
3.05548 4.269999999925235556e+02
3.05771 4.269999999941383066e+02
3.06049 4.269999999962725497e+02
3.06271 4.269999999977730454e+02
3.06548 4.269999999991124469e+02
3.0677 4.269999999998219664e+02
3.07047 4.270000000002810907e+02
3.0727 4.270000000004358753e+02
3.07548 4.270000000007997301e+02
3.0777 4.270000000014767920e+02
3.08047 4.270000000027785632e+02
3.08269 4.270000000197288159e+02
3.08549 4.270000000255079158e+02
3.08772 4.270000000181329369e+02
3.0905 4.270000000107641540e+02
3.09272 4.270000000063734547e+02
3.09548 4.270000000026162752e+02
3.09769 4.270000000007684662e+02
3.10047 4.269999999995474695e+02
3.10269 4.269999999983952534e+02
3.10547 4.269999999934278776e+02
3.1077 4.269999999865640348e+02
3.11048 4.269999999763593905e+02
3.11269 4.269999999682572138e+02
3.11546 4.269972421537389664e+02
3.11768 4.269931596968025929e+02
3.12046 7.677461639227654189e+01
3.1227 7.673613926739719204e+01
3.1255 7.670139899503334391e+01
3.12772 7.666435059373978333e+01
3.13049 7.660387692826439832e+01
3.1327 7.656366387894951231e+01
3.13549 7.652517999711999153e+01
3.13771 7.650235057850905207e+01
3.14049 7.648154812196767693e+01
3.14272 7.646964917806818107e+01
3.14549 7.645914694626843300e+01
3.1477 7.645326155583305194e+01
3.15048 7.644799517576601033e+01
3.1527 7.644728551945716788e+01
3.15548 1.028794444683428964e+02
3.15771 8.964543638312726159e+01
3.16049 8.206197298563931497e+01
3.16271 7.936554821471375476e+01
3.16549 7.781759874059595461e+01
3.16771 7.725646115705609418e+01
3.17049 7.729825532520423792e+01
3.17273 7.853458828267531544e+01
3.17552 8.286829039610333325e+01
3.17775 8.945190477341049018e+01
3.18052 1.690143584044077443e+02
3.18274 4.211902073536712692e+02
3.18553 1.062680680706075691e+03
3.18776 1.867424479022337209e+03
3.19054 3.201961395985672425e+03
3.19277 4.569035426199960057e+03
3.195 6.277325188988215814e+03
3.1978 9.014285631508100778e+03
3.20002 1.182842281633962193e+04
3.2028 1.632038381944114371e+04
3.20502 2.052286315051782003e+04
3.20781 2.585003011904771483e+04
3.21003 2.986933266537477175e+04
3.21281 3.442437518331879255e+04
3.21503 3.767211276268978690e+04
3.21781 4.128864418722966366e+04
3.22004 4.388133312396193651e+04
3.22282 4.689817396091364208e+04
3.22505 4.923384563332535618e+04
3.22784 5.209215368900477188e+04
3.23007 5.434479287828786619e+04
3.23286 5.708712435080108116e+04
3.23509 5.916270288523193449e+04
3.23788 6.142558632406836841e+04
3.24011 6.277542820153963112e+04
3.24289 6.386738133584114257e+04
3.24512 6.461413577383786469e+04
3.2479 6.574991980965025141e+04
3.25014 6.688237883740471443e+04
3.25294 6.845600651597039541e+04
3.25517 6.971452367075863003e+04
3.25795 7.108912212266873394e+04
3.26018 7.191764522052351094e+04
3.26298 7.257858817318044021e+04
3.26521 7.280767600812762976e+04
3.268 7.277299262693343917e+04
3.27024 7.255767854449029255e+04
3.27303 7.213565579812331998e+04
3.27525 7.174112511328677647e+04
3.27804 7.126123651832701580e+04
3.28028 7.092806269217640511e+04
3.28251 7.064297185904967773e+04
3.2853 7.037905662100133486e+04
3.28753 7.029521987478568917e+04
3.29031 7.043837581827332906e+04
3.29255 7.075682904275327746e+04
3.29533 7.135631232940296468e+04
3.29756 7.193751571947832417e+04
3.30036 7.266256036609597504e+04
3.3026 7.317967426536783751e+04
3.3054 7.364733673078136053e+04
3.30763 7.384768105789375841e+04
3.31042 7.386397157180924842e+04
3.31266 7.369736522141040768e+04
3.31545 7.332084725792227255e+04
3.31769 7.295828081725483935e+04
3.32049 7.246578364290035097e+04
3.32273 7.208746299667366839e+04
3.32552 7.169980739097305923e+04
3.32775 7.149849684417016397e+04
3.33055 7.138572728678978456e+04
3.33278 7.142086211816497962e+04
3.33502 7.158563284123846097e+04
3.33781 7.195353138536917686e+04
3.34005 7.232207790184304758e+04
3.34284 7.283069765241835557e+04
3.34507 7.322695917580704554e+04
3.34786 7.362702872982701228e+04
3.3501 7.382969380352528242e+04
3.3529 7.391616507748508593e+04
3.35514 7.381530918938395916e+04
3.35794 7.356116018640616676e+04
3.36017 7.331930834304977907e+04
3.36297 7.296473246842277877e+04
3.3652 7.261908342811507464e+04
3.368 7.219288390598251135e+04
3.37024 7.194570559841761133e+04
3.37304 7.175038676748221042e+04
3.37527 7.167687351702878368e+04
3.37751 7.170161099859076785e+04
3.3803 7.184815646178543102e+04
3.38254 7.202439791286131367e+04
3.38534 7.231323472687102912e+04
3.38758 7.259872621985591832e+04
3.39038 7.296762569020285446e+04
3.39262 7.318816873292102537e+04
3.39541 7.327870977047564520e+04
3.39765 7.322521546684711939e+04
3.40045 7.303043480447452748e+04
3.40269 7.282637545635043352e+04
3.40548 7.253773457249098283e+04
3.40772 7.226641621294349898e+04
3.41052 7.187464657778761466e+04
3.41276 7.159451737558563764e+04
3.41501 7.138858785693543905e+04
3.41781 7.122526250533775601e+04
3.42005 7.116598267743428005e+04
3.42284 7.119268803191088955e+04
3.42508 7.127081662823812803e+04
3.42788 7.142780231025547255e+04
3.43011 7.161759497216856107e+04
3.43291 7.192234485292504542e+04
3.43515 7.213188080943276873e+04
3.43796 7.227245835010860173e+04
3.4402 7.227026848064493970e+04
3.443 7.215398535839037504e+04
3.44524 7.198799395739813917e+04
3.44804 7.174616736145650793e+04
3.45028 7.152454231474401604e+04
3.45252 7.127128623090956535e+04
3.45532 7.094194352586372406e+04
3.45756 7.071797847254159569e+04
3.46037 7.050540524842345621e+04
3.46261 7.039554827909135201e+04
3.46542 7.034953770726802759e+04
3.46767 7.037350869958009571e+04
3.47047 7.045688957979643601e+04
3.47271 7.057086200766055845e+04
3.47551 7.078365677750592295e+04
3.47775 7.098565962893899996e+04
3.48056 7.118654934498317016e+04
3.4828 7.126312996279497747e+04
3.48505 7.125721554144342372e+04
3.48785 7.114618259306967957e+04
3.4901 7.098589419942685345e+04
3.4929 7.074918772216117941e+04
3.49514 7.053590554949459329e+04
3.49795 7.023964737516436435e+04
3.50019 6.999246677559222735e+04
3.50299 6.971640258796300623e+04
3.50523 6.953816089292087418e+04
3.50805 6.938686778126668651e+04
3.5103 6.933605261863325723e+04
3.51255 6.933652646125623141e+04
3.51535 6.939096020991301339e+04
3.5176 6.947500840350250655e+04
3.5204 6.964211559981896426e+04
3.52264 6.981800511635495059e+04
3.52546 7.003691356769397680e+04
3.52771 7.015644308181955421e+04
3.53052 7.020877916661562631e+04
3.53277 7.017115511388800223e+04
3.53501 7.006777654988801805e+04
3.53782 6.987053492411880870e+04
3.54007 6.968736090077173139e+04
3.54287 6.943235265091250767e+04
3.54512 6.921416001603081531e+04
3.54792 6.894144214148410538e+04
3.55017 6.873896319101737754e+04
3.55298 6.853694627985976695e+04
3.55524 6.844057562772787060e+04
3.55805 6.840894946567386796e+04
3.56029 6.843748430506675504e+04
3.56253 6.850434027863542724e+04
3.56535 6.863682345953040931e+04
3.5676 6.878456844292377355e+04
3.57041 6.901248783238630858e+04
3.57266 6.920708388444180309e+04
3.57547 6.940732551620743470e+04
3.57771 6.950511523141099315e+04
3.58053 6.953170869504894654e+04
3.58279 6.947713105251174420e+04
3.58505 6.935960304026276572e+04
3.58785 6.915371608557824220e+04
3.5901 6.896175621345294348e+04
3.59291 6.869696818870506831e+04
3.59517 6.847258488045603735e+04
3.59798 6.819294531909922080e+04
3.60023 6.799142067055751977e+04
3.60304 6.779180455632347730e+04
3.60528 6.769037770497586462e+04
3.60753 6.764515712792023260e+04
3.61034 6.766190420768407057e+04
3.6126 6.772398347462245147e+04
3.6154 6.785417301568845869e+04
3.61765 6.800457101453527866e+04
3.62046 6.823876974772720132e+04
3.62271 6.844599648773969966e+04
3.62552 6.868393661648464331e+04
3.62777 6.882224016549575026e+04
3.63002 6.889364314859425940e+04
3.63283 6.888457473851385294e+04
3.63507 6.880965770753064135e+04
3.63789 6.864012742512057594e+04
3.64014 6.846335056596764480e+04
3.64296 6.821281920003089181e+04
3.6452 6.799631977260691929e+04
3.64802 6.771438792079046834e+04
3.65028 6.749083390302724729e+04
3.65254 6.728753956438519526e+04
3.65535 6.708095539380614355e+04
3.6576 6.696800449959730031e+04
3.66042 6.689060423490763060e+04
3.66267 6.688430598164488038e+04
3.66549 6.694980038553793565e+04
3.66774 6.705799544254333887e+04
3.67056 6.725697535799068282e+04
3.67281 6.745658057401045517e+04
3.67507 6.768023723367201455e+04
3.67788 6.796826725592093135e+04
3.68014 6.817703567551533342e+04
3.68296 6.836911136973962130e+04
3.68522 6.844927432894878439e+04
3.68804 6.846229741100598767e+04
3.69029 6.841392717106979399e+04
3.69254 6.831608317683036148e+04
3.69537 6.813994072908934322e+04
3.69762 6.797080704588867957e+04
3.70044 6.773803997512512433e+04
3.70269 6.754015477409138111e+04
3.70551 6.729015718781274336e+04
3.70777 6.710290925482231250e+04
3.71002 6.694356990269235393e+04
3.71284 6.680089692349817778e+04
3.7151 6.673364426734113658e+04
3.71792 6.670191789920325391e+04
3.72017 6.672343589377736498e+04
3.723 6.681679418231833552e+04
3.72526 6.694937060934823239e+04
3.72751 6.712721497351658763e+04
3.73033 6.739831926125143946e+04
3.73259 6.763653267051573494e+04
3.73542 6.793121783123836212e+04
3.73767 6.813841511854992132e+04
3.74049 6.833526040317863226e+04
3.74274 6.842965690361900488e+04
3.74501 6.846718219248508103e+04
3.74785 6.844165121788707620e+04
3.7501 6.837260370272202999e+04
3.75292 6.823483588804909959e+04
3.75518 6.808909984058661212e+04
3.758 6.787600622394752281e+04
3.76026 6.769003848806607130e+04
3.76251 6.749531716455893184e+04
3.76533 6.724553383929299889e+04
3.76758 6.705665587932743074e+04
3.7704 6.685481993025832344e+04
3.77266 6.672911669437473756e+04
3.77548 6.661464981110472581e+04
3.77773 6.655903495109920914e+04
3.78055 6.654391856176359579e+04
3.78281 6.658612818811392935e+04
3.78508 6.667974827346432721e+04
3.7879 6.686144678133666457e+04
3.79016 6.704295951519221126e+04
3.79297 6.729161287840819568e+04
3.79523 6.749298989599164634e+04
3.79805 6.772485290052968776e+04
3.80031 6.787957519598702493e+04
3.80257 6.799701673038640001e+04
3.80539 6.808067778778972570e+04
3.80765 6.809495867466456548e+04
3.81047 6.805027611538628116e+04
3.81273 6.797125856679449498e+04
3.81555 6.783000733685561863e+04
3.81781 6.769205858216361958e+04
3.82006 6.753756896936749399e+04
3.82288 6.732806733084689768e+04
3.82514 6.715347419600705325e+04
3.82796 6.693539691156407935e+04
3.83022 6.676784898379039078e+04
3.83305 6.657680949628617964e+04
3.8353 6.644372787533736846e+04
3.83756 6.633172205063443107e+04
3.84038 6.622939042510704894e+04
3.84263 6.618676255879834935e+04
3.84546 6.619369068140054878e+04
3.84772 6.625066978725508670e+04
3.85054 6.638057703612057958e+04
3.8528 6.652171943468233803e+04
3.85506 6.668349502051314630e+04
3.85789 6.689366697912647214e+04
3.86014 6.705625824410612404e+04
3.86297 6.723902355141603039e+04
3.86524 6.736044002807854849e+04
3.86806 6.747238737711201247e+04
3.87032 6.752541807981062448e+04
3.87258 6.754379427739747916e+04
3.8754 6.751806811688494054e+04
3.87766 6.746165979427404818e+04
3.88049 6.735219129737021285e+04
3.88276 6.723911985140595061e+04
3.88502 6.710995740567173925e+04
3.88784 6.693371215381770162e+04
3.8901 6.678734675263584359e+04
3.89292 6.660405965632594598e+04
3.89518 6.646136461613248684e+04
3.89801 6.629354852224346541e+04
3.90028 6.617280569292597647e+04
3.90254 6.606835830237039772e+04
3.90537 6.596720805904953158e+04
3.90763 6.591570214215992019e+04
3.91045 6.589564395494556811e+04
3.91271 6.591925270115396415e+04
3.91555 6.599957009592439863e+04
3.91782 6.610047039342368953e+04
3.92009 6.622700090052466840e+04
3.92294 6.640631670843808388e+04
3.92519 6.655266942370969628e+04
3.92801 6.672952356988428801e+04
3.93028 6.686019580852579384e+04
3.93255 6.697619990494089143e+04
3.9354 6.709593328156585630e+04
3.93768 6.716771183863446640e+04
3.94054 6.722293257173278835e+04
3.9428 6.723795679256528092e+04
3.94506 6.722827582863801217e+04
3.94789 6.718322062440737500e+04
3.95015 6.712487846463524329e+04
3.95299 6.703055379932395590e+04
3.95527 6.694410137526907783e+04
3.95754 6.685130413226253586e+04
3.96037 6.672984732500703831e+04
3.96263 6.663147105856376584e+04
3.96546 6.651322456455009524e+04
3.96772 6.642829809982024017e+04
3.97055 6.633966601924083079e+04
3.97282 6.628517205058892432e+04
3.97509 6.624803899829617876e+04
3.97793 6.623156646841202746e+04
3.9802 6.624673748346221691e+04
3.98302 6.630431877913868811e+04
3.98528 6.638124481417164498e+04
3.98755 6.648307033336075256e+04
3.99038 6.663651832513073168e+04
3.99265 6.677201780156642781e+04
3.99549 6.694580431752845470e+04
3.99776 6.708092197000757733e+04
4.00002 6.720747746986721177e+04
4.00284 6.734805934349061863e+04
4.00511 6.744267897270272078e+04
4.00793 6.753404447744964273e+04
4.0102 6.758435479520083754e+04
4.01303 6.761758883504282858e+04
4.0153 6.762210568034014432e+04
4.01756 6.760941927386911993e+04
4.02039 6.757230184085210203e+04
4.02266 6.752952310467037023e+04
4.02548 6.746152712318126578e+04
4.02775 6.739651554162950197e+04
4.03001 6.732377469143574126e+04
4.03285 6.722594588616432156e+04
4.03512 6.714566682293111808e+04
4.03795 6.704958954673598055e+04
4.04021 6.698238053521304391e+04
4.04304 6.691877649054372159e+04
4.04531 6.688711333577983896e+04
4.04758 6.687294735578563996e+04
4.05041 6.688353557896423445e+04
4.05267 6.691672901423809526e+04
4.0555 6.698972644554922590e+04
4.05776 6.707097930397407617e+04
4.06003 6.716800244856424979e+04
4.06286 6.730447444595070556e+04
4.06512 6.741949084824549209e+04
4.06795 6.756157994914312440e+04
4.07022 6.766817609812560841e+04
4.07306 6.778678818228254386e+04
4.07532 6.786693659992664470e+04
4.07759 6.793149722038612526e+04
4.08042 6.798911952466264484e+04
4.08268 6.801668243977699603e+04
4.08552 6.802765332297945861e+04
4.08779 6.801955311123435968e+04
4.09005 6.799805350173234183e+04
4.09288 6.795450932632612239e+04
4.09515 6.790858333933075482e+04
4.09798 6.783848337554567843e+04
4.10025 6.777327734620154661e+04
4.10251 6.770130643397291715e+04
4.10535 6.760519490899959055e+04
4.10762 6.752671855144383153e+04
4.11046 6.743237785833863018e+04
4.11273 6.736693396114712232e+04
4.11556 6.730449279427171859e+04
4.11783 6.727191662582634308e+04
4.12009 6.725587756856087071e+04
4.12293 6.726257561292599712e+04
4.12519 6.729120496440568240e+04
4.12803 6.735542851974900987e+04
4.13029 6.742646380607126048e+04
4.13256 6.751096948901419819e+04
4.1354 6.762875773940367799e+04
4.13768 6.772652412373873813e+04
4.14051 6.784512369862420019e+04
4.14278 6.793246233769704122e+04
4.14505 6.801054567116760882e+04
4.14789 6.809256254522246309e+04
4.15017 6.814388379769107269e+04
4.153 6.818975473571372277e+04
4.15526 6.821192231846305367e+04
4.15754 6.822147274219339306e+04
4.16038 6.821743293482523586e+04
4.16264 6.820254748706897954e+04
4.16548 6.817106917220899777e+04
4.16774 6.813627574924904911e+04
4.17002 6.809258332527425955e+04
4.17286 6.802582880583670340e+04
4.17513 6.796406276525015710e+04
4.17798 6.787925836034031818e+04
4.18024 6.780818821172126627e+04
4.18251 6.773694595874645165e+04
4.18535 6.765215234800585313e+04
4.18762 6.759306230760013568e+04
4.19046 6.753933385473438830e+04
4.19273 6.751557590796214936e+04
4.19556 6.750917428092724003e+04
4.19784 6.752337770988317789e+04
4.20011 6.755548669197160052e+04
4.20295 6.761911503076950612e+04
4.20522 6.768542853849210951e+04
4.20805 6.778116885501214711e+04
4.21032 6.786275706773766433e+04
4.21259 6.794454083082953002e+04
4.21543 6.804212710177719418e+04
4.21771 6.811268779652882949e+04
4.22054 6.818864180663911975e+04
4.22281 6.823898409709200496e+04
4.22508 6.827931511724248412e+04
4.22792 6.831519665728238760e+04
4.23019 6.833304888545439462e+04
4.23302 6.834243552421005734e+04
4.23529 6.834024113799340557e+04
4.23757 6.833049234152083227e+04
4.24041 6.830685858870433003e+04
4.24268 6.827807034893870878e+04
4.24552 6.822948497961043904e+04
4.24778 6.818139336063605151e+04
4.25005 6.812604515228371019e+04
4.25289 6.804893421185199986e+04
4.25516 6.798355184097647725e+04
4.258 6.790078123817875166e+04
4.26026 6.783674688853714906e+04
4.26253 6.777781092455273028e+04
4.26537 6.771680967795323522e+04
4.26765 6.768387491556753230e+04
4.27049 6.766881155237030180e+04
4.27276 6.767662181337771472e+04
4.27503 6.769823970118052966e+04
4.27787 6.774152994324841711e+04
4.28013 6.778840963675598323e+04
4.28297 6.786077120844234014e+04
4.28525 6.792598306028537627e+04
4.28751 6.799413522126962198e+04
4.29035 6.807910533715809288e+04
4.29262 6.814388938228685583e+04
4.29546 6.821751596859339043e+04
4.29773 6.826857558002314181e+04
4.3 6.831213753478656872e+04
4.30284 6.835567685077611532e+04
4.30511 6.838173756439259159e+04
4.30796 6.840393525080852851e+04
4.31023 6.841261292595326086e+04
4.31251 6.841251718886042363e+04
4.31535 6.839961309242289281e+04
4.31761 6.837897878730701632e+04
4.32045 6.834004611204839603e+04
4.32272 6.829891784856058075e+04
4.32556 6.823670432573770813e+04
4.32783 6.817953530499634508e+04
4.3301 6.811758718150400091e+04
4.33294 6.803694331266108202e+04
4.33521 6.797291017862978333e+04
4.33806 6.789782489308157528e+04
4.34033 6.784510196339545655e+04
4.34261 6.780228385790680477e+04
4.34544 6.776726874515472446e+04
4.34771 6.775640495467995061e+04
4.35055 6.776481554632117331e+04
4.35283 6.778641037878931093e+04
4.3551 6.781723786970158108e+04
4.35793 6.786552561065531336e+04
4.3602 6.791086169747161330e+04
4.36304 6.797503684086386056e+04
4.36532 6.803059554235418909e+04
4.36759 6.808733253562561003e+04
4.37043 6.815614870900935784e+04
4.37271 6.820699006465320417e+04
4.37555 6.826182069790427340e+04
4.37782 6.829774110626771289e+04
4.3801 6.832617536093996023e+04
4.38294 6.835163691970422224e+04
4.38521 6.836314440638913948e+04
4.38805 6.836538860910787480e+04
4.39032 6.835682726876469678e+04
4.39259 6.833847332590361475e+04
4.39544 6.830190054956877430e+04
4.39771 6.826209264312323648e+04
4.40055 6.820002003913426597e+04
4.40282 6.814224547670008906e+04
4.4051 6.807929210967198014e+04
4.40794 6.799672107071973733e+04
4.41022 6.793061786092583498e+04
4.41306 6.785220926757264533e+04
4.41533 6.779606718604122580e+04
4.4176 6.774898950517932826e+04
4.42045 6.770698601977260842e+04
4.42272 6.768967652275034925e+04
4.42556 6.768785994978537201e+04
4.42783 6.769998838879732648e+04
4.43011 6.772097690725683060e+04
4.43295 6.775699454441321723e+04
4.43523 6.779244233475353394e+04
4.43807 6.784383971630249289e+04
4.44034 6.788982397568973829e+04
4.44262 6.793917195411557623e+04
4.44546 6.800215859797803569e+04
4.44774 6.805042791268478322e+04
4.45001 6.809383261851333373e+04
4.45285 6.813706459631462349e+04
4.45512 6.816194617712232866e+04
4.45797 6.818127053560162312e+04
4.46025 6.818795910157325852e+04
4.46253 6.818624159796965250e+04
4.46537 6.817178621777586523e+04
4.46764 6.814975747040634451e+04
4.47048 6.810888955646385148e+04
4.47276 6.806560533601802308e+04
4.47504 6.801384334975882666e+04
4.47788 6.793949666580944904e+04
4.48015 6.787465574383571220e+04
4.48299 6.779076448160033033e+04
4.48526 6.772443678161530988e+04
4.48755 6.766178670762194088e+04
4.4904 6.759354426186271303e+04
4.49267 6.755098711890359118e+04
4.49551 6.751661263028674875e+04
4.49779 6.750404432504941360e+04
4.50007 6.750334690815562499e+04
4.50292 6.751513140204714728e+04
4.50519 6.753341160654368286e+04
4.50803 6.756617263524957525e+04
4.51031 6.759979653677802708e+04
4.51258 6.763934304818908277e+04
4.51543 6.769560841482081742e+04
4.51771 6.774386331669687934e+04
4.52056 6.780333849282409938e+04
4.52283 6.784654576173050737e+04
4.5251 6.788316067241832206e+04
4.52795 6.791680217702787195e+04
4.53023 6.793283197837305488e+04
4.53251 6.793949631560080161e+04
4.53535 6.793619837066653417e+04
4.53763 6.792467714290591539e+04
4.54047 6.789866317531076493e+04
4.54275 6.786842368826417078e+04
4.54503 6.782954796639679989e+04
4.54788 6.776913383018840977e+04
4.55015 6.771243966751128028e+04
4.55299 6.763363757280567370e+04
4.55527 6.756639607959508430e+04
4.55756 6.749836601858762151e+04
4.5604 6.741673052867915248e+04
4.56268 6.735764430870499928e+04
4.56552 6.729787674539517320e+04
4.5678 6.726417877495876746e+04
4.57007 6.724352839580777800e+04
4.57292 6.723293710105426726e+04
4.5752 6.723534391201855033e+04
4.57805 6.725091980229401088e+04
4.58033 6.727284946279852011e+04
4.58261 6.730300455175676325e+04
4.58547 6.735047126405678864e+04
4.58775 6.739408207042436698e+04
4.59002 6.743967312359578500e+04
4.59287 6.749559913163451711e+04
4.59514 6.753622701491645421e+04
4.59799 6.757861311300341913e+04
4.60027 6.760439414903486613e+04
4.60255 6.762157043591720867e+04
4.6054 6.763115464184165467e+04
4.60767 6.762965747316478519e+04
4.61052 6.761735633804512327e+04
4.61281 6.759950875173858367e+04
4.61509 6.757396506207715720e+04
4.61794 6.753117062991023704e+04
4.62022 6.748823320289135154e+04
4.62306 6.742442450018049567e+04
4.62534 6.736632195661893638e+04
4.62762 6.730377157254885242e+04
4.63047 6.722255959788363543e+04
4.63275 6.715776110442572099e+04
4.63503 6.709597295258272788e+04
4.63787 6.702736052531996393e+04
4.64015 6.698388289714355778e+04
4.64301 6.694919028039569093e+04
4.64529 6.693679622421774548e+04
4.64757 6.693521972423991247e+04
4.65042 6.694653189182469214e+04
4.6527 6.696528598511025484e+04
4.65555 6.700025218955797027e+04
4.65783 6.703597799331825809e+04
4.66012 6.707653714986002888e+04
4.66296 6.712979088265652535e+04
4.66524 6.717167660817905562e+04
4.66752 6.721105876769029419e+04
4.67037 6.725476920295656601e+04
4.67265 6.728349985516323068e+04
4.6755 6.731050974169572874e+04
4.67778 6.732497386098245624e+04
4.68006 6.733292169461738376e+04
4.68291 6.733441857432547840e+04
4.68519 6.732808423066340038e+04
4.68805 6.730906270968343597e+04
4.69034 6.728437579723252566e+04
4.69261 6.725139045592342154e+04
4.69545 6.719912077225733083e+04
4.69774 6.714961532273243938e+04
4.70002 6.709466392131490284e+04
4.70287 6.702121427244732331e+04
4.70515 6.696099647965983604e+04
4.708 6.688748247817278025e+04
4.71028 6.683282775716602919e+04
4.71256 6.678459635229612468e+04
4.71542 6.673683993259137787e+04
4.71771 6.671150655962126621e+04
4.72056 6.669833525601361180e+04
4.72284 6.670236798431412899e+04
4.72512 6.671739560473947495e+04
4.72797 6.674708978048272547e+04
4.73025 6.677693630438615219e+04
4.73253 6.681129697977642354e+04
4.73539 6.685972761069837725e+04
4.73767 6.690122228959346830e+04
4.74051 6.695400133601926791e+04
4.74279 6.699441485972503142e+04
4.74508 6.703145921448308218e+04
4.74794 6.707210266380255052e+04
4.75022 6.709947966039969469e+04
4.7525 6.712231740016906406e+04
4.75535 6.714317297505385068e+04
4.75763 6.715246502090264403e+04
4.76049 6.715353917034460756e+04
4.76278 6.714506831171458180e+04
4.76506 6.712797388282176689e+04
4.76791 6.709483855988430150e+04
4.77019 6.705933965372531384e+04
4.77304 6.700539706871451926e+04
4.77532 6.695653409758859198e+04
4.77761 6.690436193571015610e+04
4.78046 6.683733434814514476e+04
4.78274 6.678471734340363764e+04
4.78502 6.673517164265428437e+04
4.78787 6.668078961501998128e+04
4.79016 6.664568536093040893e+04
4.79302 6.661540156486627529e+04
4.7953 6.660303757139458321e+04
4.79758 6.660089955428702524e+04
4.80043 6.661174946947074204e+04
4.80272 6.662978944839096221e+04
4.80557 6.666252203718680539e+04
4.80786 6.669605026993290812e+04
4.81014 6.673491894424820202e+04
4.81299 6.678830615574189869e+04
4.81527 6.683335594836095697e+04
4.81755 6.687910943358675286e+04
4.8204 6.693510532534144295e+04
4.82269 6.697717061713671137e+04
4.82555 6.702325067200577178e+04
4.82784 6.705398673519105068e+04
4.83012 6.707925545924348990e+04
4.83297 6.710210836838718387e+04
4.83526 6.711261142051071511e+04
4.83754 6.711550979666825151e+04
4.84039 6.710803685315199255e+04
4.84267 6.709327331852196949e+04
4.84552 6.706449384932947578e+04
4.8478 6.703406255333668378e+04
4.85008 6.699805564821396547e+04
4.85294 6.694665367732726736e+04
4.85523 6.690192779609354329e+04
4.85751 6.685556213999113243e+04
4.86037 6.679763863602085621e+04
4.86265 6.675360038692978560e+04
4.8655 6.670462549300483079e+04
4.86778 6.667255292768843356e+04
4.87008 6.664912607944046613e+04
4.87294 6.663327231974188180e+04
4.87522 6.663140482179011451e+04
4.8775 6.663833505330057233e+04
4.88036 6.665803529125869682e+04
4.88264 6.668217381285519514e+04
4.8855 6.672177230127723305e+04
4.88779 6.675977800355789077e+04
4.89008 6.680214620468052453e+04
4.89292 6.685884323280802346e+04
4.8952 6.690552741242556658e+04
4.89806 6.696374545622643200e+04
4.90035 6.700785516041227675e+04
4.90264 6.704802113906005980e+04
4.9055 6.709053320515649102e+04
4.90779 6.711790678709393251e+04
4.91007 6.713953172457321489e+04
4.91293 6.715897610728336440e+04
4.91521 6.716811168240313418e+04
4.91807 6.717094820662125130e+04
4.92035 6.716571495630820573e+04
4.92263 6.715345218493786524e+04
4.92549 6.712859537096263375e+04
4.92777 6.710169592702087539e+04
4.93005 6.706929164236572979e+04
4.93291 6.702226652162645769e+04
4.93521 6.698078867433787673e+04
4.93806 6.692622258659134968e+04
4.94035 6.688202796219805896e+04
4.94263 6.683901732660651032e+04
4.94548 6.678957839162445453e+04
4.94777 6.675573136640449229e+04
4.95006 6.672936585096034105e+04
4.95293 6.670935564265461289e+04
4.95521 6.670398593646002701e+04
4.95807 6.670903463220327103e+04
4.96036 6.672174847545118246e+04
4.96264 6.674164893468537775e+04
4.9655 6.677553402866904798e+04
4.96779 6.680898366898200766e+04
4.97008 6.684670061333266494e+04
4.97293 6.689760065807783394e+04
4.97521 6.693958932853834995e+04
4.97806 6.699111094377387781e+04
4.98035 6.702985719155539118e+04
4.98265 6.706548296353046317e+04
4.98552 6.710399914522637846e+04
4.98781 6.712951924794928345e+04
4.9901 6.715021878658054629e+04
4.99295 6.716951959079498192e+04
4.99524 6.717977823641398572e+04
4.99752 6.718495551827078452e+04
5.00038 6.718360920714351232e+04
5.00267 6.717575796326933778e+04
5.00553 6.715702312047440500e+04
5.00781 6.713489168910939770e+04
5.01009 6.710673855434652069e+04
5.01295 6.706416776842586114e+04
5.01524 6.702537850734579843e+04
5.01753 6.698340995169810776e+04
5.0204 6.692836195743652934e+04
5.02269 6.688383565192406240e+04
5.02554 6.682937229437845235e+04
5.02783 6.678832270974172570e+04
5.03011 6.675104224251891719e+04
5.03297 6.671231917749870627e+04
5.03527 6.668983252389376867e+04
5.03756 6.667638391278307245e+04
5.04042 6.667201464775850764e+04
5.0427 6.667701615077520546e+04
5.04556 6.669282468028078438e+04
5.04785 6.671231028202222660e+04
5.05014 6.673710905495587212e+04
5.05301 6.677370014440185332e+04
5.0553 6.680580892149539432e+04
5.05758 6.683863461186744098e+04
5.06043 6.687895770940695365e+04
5.06272 6.690958119776945387e+04
5.06501 6.693775575097721594e+04
5.06787 6.696897981307236478e+04
5.07017 6.699042340876003436e+04
5.07304 6.701228214216657216e+04
5.07533 6.702574190531391650e+04
5.07761 6.703534562042224570e+04
5.08047 6.704100392128212843e+04
5.08276 6.703971479336032644e+04
5.08505 6.703281012946604460e+04
5.08791 6.701572485440451419e+04
5.0902 6.699519121805284522e+04
5.09306 6.696136670592054725e+04
5.09534 6.692816164223372471e+04
5.09763 6.689018788990870235e+04
5.10049 6.683746761728127603e+04
5.10278 6.679212941499133012e+04
5.10508 6.674506213991658296e+04
5.10795 6.668544021302140027e+04
5.11023 6.663852414846724423e+04
5.11252 6.659343018769446644e+04
5.11538 6.654115253422597016e+04
5.11766 6.650407111795269884e+04
5.12053 6.646553989251417806e+04
5.12283 6.644235266544348269e+04
5.12512 6.642675629077514168e+04
5.12798 6.641792825623515819e+04
5.13027 6.641866078180578188e+04
5.13255 6.642495218050295080e+04
5.13542 6.643908949631599535e+04
5.13771 6.645442334863293217e+04
5.14001 6.647245744935423136e+04
5.14287 6.649714306696012500e+04
5.14516 6.651713415488300961e+04
5.14802 6.654122349279762420e+04
5.1503 6.655928552731158561e+04
5.15259 6.657566328627702023e+04
5.15546 6.659335541137904511e+04
5.15776 6.660506023664318491e+04
5.16005 6.661437602470410638e+04
5.16291 6.662185658547354979e+04
5.1652 6.662376012577871734e+04
5.16806 6.662009612357072183e+04
5.17035 6.661179567105218302e+04
5.17264 6.659821991371389595e+04
5.1755 6.657342552807596803e+04
5.17779 6.654729282589163631e+04
5.18008 6.651573354858043604e+04
5.18294 6.646920057828379504e+04
5.18522 6.642710357259953162e+04
5.18751 6.638144276835980418e+04
5.19038 6.632049567010262399e+04
5.19267 6.626977232834191818e+04
5.19554 6.620527198057803616e+04
5.19783 6.615382554446766153e+04
5.20012 6.610356511281587882e+04
5.20298 6.604386730023764540e+04
5.20526 6.599985164198302664e+04
5.20755 6.596020806644686672e+04
5.21041 6.591802883926140203e+04
5.21271 6.589066577646898804e+04
5.215 6.586933076511649415e+04
5.21787 6.585034789289312903e+04
5.22016 6.584024530781080830e+04
5.22302 6.583259718867830816e+04
5.22531 6.582937681019028241e+04
5.2276 6.582846422152305604e+04
5.23048 6.583045065704121953e+04
5.23279 6.583437916739721550e+04
5.23508 6.584035688152755029e+04
5.23795 6.585034948272551992e+04
5.24024 6.585964209122321336e+04
5.24252 6.586925458965121652e+04
5.24539 6.588020096924241807e+04
5.24768 6.588654579757079773e+04
5.25055 6.588932238533078635e+04
5.25284 6.588632407869270537e+04
5.25513 6.587866849369189003e+04
5.25799 6.586314930424522026e+04
5.26028 6.584640107589916443e+04
5.26257 6.582571105734875891e+04
5.26544 6.579438600420630246e+04
5.26773 6.576461610283069604e+04
5.27003 6.573052638293092605e+04
5.27289 6.568187592033877445e+04
5.27518 6.563878967388827004e+04
5.27804 6.558047317055506574e+04
5.28033 6.553089129757238697e+04
5.28262 6.547934957832725922e+04
5.28549 6.541307377761348471e+04
5.28778 6.535939537945057236e+04
5.29008 6.530608380058106559e+04
5.29294 6.524147403663139994e+04
5.29523 6.519227616791396576e+04
5.29752 6.514620498803376540e+04
5.30038 6.509391223539560451e+04
5.30268 6.505687058839435485e+04
5.30554 6.501617226128164475e+04
5.30784 6.498761442555044778e+04
5.31013 6.496184422177702800e+04
5.313 6.493349684555186832e+04
5.31529 6.491413345189271786e+04
5.31758 6.489782244529552554e+04
5.32044 6.488220424998699309e+04
5.32274 6.487383175427321839e+04
5.32504 6.486914506303727831e+04
5.32793 6.486820603943899914e+04
5.33024 6.487069045523821842e+04
5.33254 6.487520140551277291e+04
5.33542 6.488206708098693343e+04
5.33771 6.488723208248727315e+04
5.34 6.489081343064715475e+04
5.34287 6.489110002102622093e+04
5.34516 6.488682576448519831e+04
5.34803 6.487457943956777308e+04
5.35032 6.485883666131383507e+04
5.35261 6.483781991216145252e+04
5.35548 6.480464358757592709e+04
5.35776 6.477339891502411047e+04
5.36006 6.473898697014549543e+04
5.36293 6.469224470747300802e+04
5.36523 6.465220997782922495e+04
5.36754 6.460970904450920352e+04
5.37043 6.455337410027662554e+04
5.37272 6.450619693055863172e+04
5.37502 6.445733973107308702e+04
5.37788 6.439460808525817993e+04
5.38017 6.434356450205075089e+04
5.38303 6.427934982957710599e+04
5.38533 6.422848588593776367e+04
5.38763 6.417893449932186923e+04
5.39049 6.411986893076078559e+04
5.39278 6.407548408434161684e+04
5.39507 6.403378349486974912e+04
5.39794 6.398542405102394696e+04
5.40023 6.394933149676634639e+04
5.40254 6.391564907321736246e+04
5.40541 6.387737456266614754e+04
5.40772 6.385011090270218847e+04
5.41002 6.382629003492916672e+04
5.41289 6.380193403271746502e+04
5.41518 6.378701442181821039e+04
5.41804 6.377409731913109135e+04
5.42033 6.376795957687759073e+04
5.42263 6.376506193124021956e+04
5.4255 6.376497863828745176e+04
5.42779 6.376694262484952924e+04
5.43011 6.377000006434373790e+04
5.433 6.377415921221710596e+04
5.43531 6.377675308466685965e+04
5.43762 6.377774644445995364e+04
5.4405 6.377534460404683341e+04
5.44281 6.376947362134407012e+04
5.44511 6.375932231127021078e+04
5.44798 6.373997243135925964e+04
5.45028 6.371892430136543408e+04
5.45257 6.369306571510039794e+04
5.45544 6.365464335908531211e+04
5.45773 6.361997748260781373e+04
5.46003 6.358281952973291482e+04
5.46289 6.353368550847503502e+04
5.46519 6.349255599140798586e+04
5.46806 6.343927463854603411e+04
5.47037 6.339516950485074631e+04
5.47267 6.335017410266433581e+04
5.47555 6.329334357729566545e+04
5.47786 6.324800279520431650e+04
5.48017 6.320330056612712360e+04
5.48304 6.314901299868154456e+04
5.48534 6.310732624621598370e+04
5.48764 6.306756570238499990e+04
5.49051 6.302048590919410344e+04
5.4928 6.298490101890431833e+04
5.4951 6.295110092272111069e+04
5.49796 6.291164305762049480e+04
5.50026 6.288255619652404130e+04
5.50255 6.285589232967922726e+04
5.50542 6.282644995576591464e+04
5.50771 6.280638201770556770e+04
5.51002 6.278966227350720146e+04
5.5129 6.277369654483761406e+04
5.51521 6.276479105638264446e+04
5.51753 6.275916970636348560e+04
5.52042 6.275638139773326839e+04
5.52272 6.275706632274466392e+04
5.52503 6.275987780163023126e+04
5.5279 6.276567651263738662e+04
5.53019 6.277146162713265949e+04
5.53306 6.277911599566617951e+04
5.53535 6.278469187516470265e+04
5.53765 6.278888458705539233e+04
5.54053 6.279099636481944617e+04
5.54283 6.278913960032822797e+04
5.54513 6.278330412939207599e+04
5.54801 6.276960705317218526e+04
5.55033 6.275327658548489126e+04
5.55264 6.273228500408275431e+04
5.55554 6.270042849359630054e+04
5.55786 6.267142723700010538e+04
5.56018 6.264028079167938995e+04
5.56307 6.259911367084644735e+04
5.56538 6.256482102349823253e+04
5.56769 6.252962582090422075e+04
5.57057 6.248459738318438031e+04
5.57287 6.244804879501662072e+04
5.57517 6.241148705415506265e+04
5.57804 6.236631935603917373e+04
5.58034 6.233105098735053616e+04
5.58263 6.229685064369104657e+04
5.58551 6.225588307983370032e+04
5.58782 6.222483497980820539e+04
5.59012 6.219528631677364319e+04
5.59302 6.216052366037202592e+04
5.59534 6.213441447510303260e+04
5.59766 6.210985216614920500e+04
5.60056 6.208160589069912385e+04
5.60287 6.206122089974401752e+04
5.60518 6.204293633635045990e+04
5.60807 6.202342508792837907e+04
5.61037 6.201071429875515605e+04
5.61268 6.200079285461290419e+04
5.61555 6.199242742364536389e+04
5.61785 6.198891143494801508e+04
5.62015 6.198813962871329568e+04
5.62302 6.199085503548785346e+04
5.62532 6.199574880289065186e+04
5.62762 6.200278890993993991e+04
5.63049 6.201413976064225426e+04
5.63279 6.202477342693381070e+04
5.63509 6.203629637031053426e+04
5.63797 6.205119108920287545e+04
5.64027 6.206257171767255204e+04
5.64258 6.207258721217662242e+04
5.64546 6.208184553326632886e+04
5.64777 6.208569933165845578e+04
5.65008 6.208572787101139693e+04
5.65296 6.207996279179543490e+04
5.65527 6.207070123906247318e+04
5.65759 6.205764230812442111e+04
5.66047 6.203700565503908729e+04
5.66277 6.201789125065960980e+04
5.66507 6.199717272712333215e+04
5.66794 6.196942748305822897e+04
5.67024 6.194603761175182444e+04
5.67254 6.192162805475957430e+04
5.67542 6.188981466187260230e+04
5.67773 6.186338509830859402e+04
5.68004 6.183649767172712745e+04
5.68292 6.180275399799845036e+04
5.68522 6.177596298477245000e+04
5.68753 6.174961072425831662e+04
5.69041 6.171764888348702516e+04
5.69272 6.169315879157907329e+04
5.69503 6.166984087314756471e+04
5.69792 6.164281379574068706e+04
5.70024 6.162316439116890251e+04
5.70256 6.160543383782490127e+04
5.70546 6.158587296594585496e+04
5.70778 6.157203524333332462e+04
5.7101 6.155974475517422252e+04
5.713 6.154662681164534297e+04
5.71531 6.153795115242811153e+04
5.71762 6.153102628507318877e+04
5.7205 6.152491318698076066e+04
5.72281 6.152215298798852018e+04
5.72511 6.152127503619685740e+04
5.72799 6.152276536111497262e+04
5.73029 6.152599802954444021e+04
5.73259 6.153103882924105710e+04
5.73547 6.153987466132458940e+04
5.73778 6.154892647406979813e+04
5.74009 6.155967049045153544e+04
5.74298 6.157529403426372301e+04
5.74529 6.158922849197343749e+04
5.7476 6.160408655904786428e+04
5.7505 6.162320875102201535e+04
5.75282 6.163808493999596976e+04
5.75514 6.165170995623435010e+04
5.75804 6.166594684306716954e+04
5.76037 6.167426427284355304e+04
5.7627 6.167942583112460852e+04
5.76502 6.168119016725191614e+04
5.76793 6.167884761741697002e+04
5.77025 6.167384301292464806e+04
5.77256 6.166657541238773410e+04
5.77546 6.165500972952023585e+04
5.77777 6.164386961416931445e+04
5.78008 6.163127212577238242e+04
5.78296 6.161356563087217364e+04
5.78527 6.159775776091354055e+04
5.78757 6.158049795635912596e+04
5.79045 6.155706077360302152e+04
5.79276 6.153724418064972269e+04
5.79506 6.151688929821682541e+04
5.79794 6.149129981422372657e+04
5.80024 6.147123767641909217e+04
5.80255 6.145199208983754215e+04
5.80543 6.142965059779959847e+04
5.80773 6.141352621171993815e+04
5.81004 6.139916218420476071e+04
5.81292 6.138386954753291502e+04
5.81523 6.137378321276274801e+04
5.81754 6.136554411154192348e+04
5.82043 6.135767102249676100e+04
5.82275 6.135311968613358476e+04
5.82506 6.134993632857634657e+04
5.82795 6.134762758391848911e+04
5.83026 6.134692972524508514e+04
5.83257 6.134711154726888344e+04
5.83547 6.134841984042341937e+04
5.83778 6.135023641204462183e+04
5.8401 6.135269795876194257e+04
5.84299 6.135659196832925954e+04
5.84531 6.136031271483612363e+04
5.84763 6.136455276240917738e+04
5.85052 6.137056124530520174e+04
5.85284 6.137594039290727233e+04
5.85515 6.138185346112385014e+04
5.85803 6.139004625662262697e+04
5.86034 6.139731838765127031e+04
5.86265 6.140529763328474655e+04
5.86553 6.141639516463460313e+04
5.86784 6.142626855468880967e+04
5.87014 6.143708176845871640e+04
5.87303 6.145183165378872945e+04
5.87534 6.146450036286597606e+04
5.87765 6.147778178049847338e+04
5.88054 6.149492401783325477e+04
5.88285 6.150873724849026621e+04
5.88516 6.152218674535809259e+04
5.88805 6.153783850628900836e+04
5.89036 6.154901412619035546e+04
5.89268 6.155852979816419975e+04
5.89557 6.156792890564974368e+04
5.89788 6.157342864839862159e+04
5.9002 6.157720602176004468e+04
5.90251 6.157939700694529893e+04
5.90541 6.157963186714547192e+04
5.90773 6.157758539240753453e+04
5.91005 6.157337727754633670e+04
5.91296 6.156479533284912031e+04
5.91528 6.155524756867464021e+04
5.91761 6.154337444383220281e+04
5.92052 6.152554338672247104e+04
5.92284 6.150942243534401496e+04
5.92517 6.149219711508753244e+04
5.9275 6.147442252836928674e+04
5.93041 6.145236527100661624e+04
5.93275 6.143556317765032145e+04
5.93509 6.142012526397240435e+04
5.938 6.140341490282404266e+04
5.94033 6.139243306364843011e+04
5.94266 6.138372438099536521e+04
5.94556 6.137600809782089345e+04
5.94789 6.137222216395982105e+04
5.95021 6.137036115382042044e+04
5.95252 6.137020441971383116e+04
5.95542 6.137206839905118250e+04
5.95774 6.137495661467911123e+04
5.96005 6.137889100858016172e+04
5.96294 6.138505625464619516e+04
5.96525 6.139084905901026650e+04
5.96756 6.139731663725529506e+04
5.97045 6.140627213888954429e+04
5.97277 6.141410236381347931e+04
5.97508 6.142252593387664092e+04
5.97796 6.143389539053733461e+04
5.98027 6.144362316594193544e+04
5.98258 6.145389845032293670e+04
5.98547 6.146744845616759267e+04
5.98778 6.147873349173781753e+04
5.99009 6.149031807346780988e+04
5.99298 6.150499644852725760e+04
5.99529 6.151665160710828059e+04
5.9976 6.152803104675436043e+04
6.00049 6.154156904002710507e+04
6.0028 6.155158730542868580e+04
6.00511 6.156064140544481052e+04
6.008 6.157030021263906383e+04
6.01032 6.157641513252462755e+04
6.01263 6.158086906074354192e+04
6.01553 6.158387765398344345e+04
6.01785 6.158416372901124123e+04
6.02017 6.158257111837909179e+04
6.02306 6.157826639324263670e+04
6.02538 6.157339101861162635e+04
6.0277 6.156775600904533349e+04
6.03002 6.156198108757830778e+04
6.03292 6.155562972094835277e+04
6.03524 6.155214435811877047e+04
6.03756 6.155083270650235499e+04
6.04046 6.155301628348795930e+04
6.04279 6.155812434196037066e+04
6.04511 6.156595856316110439e+04
6.04802 6.157867754737204814e+04
6.05034 6.159066988086541824e+04
6.05267 6.160403592302349716e+04
6.055 6.161871969614580303e+04
6.05791 6.163874657614981697e+04
6.06025 6.165580539122292248e+04
6.06258 6.167319907550496282e+04
6.0655 6.169457818929321365e+04
6.06783 6.171076989651867916e+04
6.07016 6.172586841848324548e+04
6.07307 6.174291570497360954e+04
6.0754 6.175496484117184445e+04
6.07772 6.176563372451311443e+04
6.08005 6.177472250746160717e+04
6.08295 6.178346795682295487e+04
6.08527 6.178814021264186158e+04
6.08759 6.179051915269462188e+04
6.09049 6.178992685186093149e+04
6.09281 6.178652312610079389e+04
6.09512 6.178054704970997409e+04
6.09802 6.176976362549549958e+04
6.10034 6.175901265189012338e+04
6.10265 6.174689560501330561e+04
6.10554 6.173059813988426322e+04
6.10786 6.171728362462734367e+04
6.11017 6.170430351923021954e+04
6.11306 6.168930694341341587e+04
6.11538 6.167880645584400918e+04
6.11769 6.166999263380919001e+04
6.12 6.166308155476856336e+04
6.12289 6.165727881543582043e+04
6.12521 6.165491285560430697e+04
6.12752 6.165449070993939677e+04
6.13041 6.165649173334098305e+04
6.13272 6.165990432837048866e+04
6.13504 6.166471760508777515e+04
6.13793 6.167239252898810810e+04
6.14025 6.167961655368520587e+04
6.14256 6.168759491735129996e+04
6.14546 6.169835553620216524e+04
6.14777 6.170739088369092497e+04
6.15009 6.171663423074749880e+04
6.15299 6.172827003026943567e+04
6.1553 6.173747788670279260e+04
6.15762 6.174647257382245880e+04
6.16052 6.175725289070905274e+04
6.16284 6.176540068737744878e+04
6.16517 6.177304469782677916e+04
6.16807 6.178177197696725489e+04
6.17039 6.178805163545578398e+04
6.17271 6.179371031951300392e+04
6.17503 6.179876198505143111e+04
6.17793 6.180426068665200728e+04
6.18025 6.180805355029452767e+04
6.18257 6.181136754476937494e+04
6.18547 6.181494501964118535e+04
6.18778 6.181745276086372905e+04
6.1901 6.181974820890280535e+04
6.19299 6.182248127803261013e+04
6.19531 6.182470229210920661e+04
6.19763 6.182708467477815429e+04
6.20052 6.183045274539823731e+04
6.20283 6.183357310070272069e+04
6.20515 6.183719228296782967e+04
6.20804 6.184256430676669697e+04
6.21035 6.184762632597255288e+04
6.21267 6.185342166945960344e+04
6.21556 6.186172598223240493e+04
6.21787 6.186920403949839965e+04
6.22018 6.187738810000621743e+04
6.22308 6.188851116389155504e+04
6.22539 6.189802261804365844e+04
6.2277 6.190797125381065416e+04
6.23001 6.191823727318127931e+04
6.2329 6.193132700861352350e+04
6.23522 6.194192580858375004e+04
6.23753 6.195256969851257600e+04
6.24042 6.196582090983809030e+04
6.24273 6.197624490981493000e+04
6.24504 6.198644280419134157e+04
6.24793 6.199875213627416088e+04
6.25025 6.200810674350741465e+04
6.25256 6.201689957003729069e+04
6.25545 6.202697055571400415e+04
6.25776 6.203418250039276609e+04
6.26008 6.204057148104927910e+04
6.26297 6.204734748194112763e+04
6.26528 6.205179009641648736e+04
6.2676 6.205536033712876815e+04
6.27049 6.205867719611363282e+04
6.27281 6.206052276526725473e+04
6.27512 6.206176246665116196e+04
6.27801 6.206262589268565353e+04
6.28033 6.206289458481105248e+04
6.28264 6.206288358824466559e+04
6.28554 6.206259208351977577e+04
6.28786 6.206221414362781070e+04
6.29017 6.206176200731856807e+04
6.29307 6.206114906381107721e+04
6.29539 6.206065166957340261e+04
6.29771 6.206016600869943795e+04
6.30002 6.205970427746541100e+04
6.30292 6.205918348176594009e+04
6.30524 6.205884013931833033e+04
6.30756 6.205859079916384508e+04
6.31045 6.205845103694146383e+04
6.31277 6.205850496571631811e+04
6.31509 6.205873272333016212e+04
6.31799 6.205932449461080250e+04
6.3203 6.206007659720334777e+04
6.32262 6.206108681335824804e+04
6.32552 6.206271073248063476e+04
6.32784 6.206429618249427585e+04
6.33016 6.206617211228856468e+04
6.33305 6.206889412512904528e+04
6.33537 6.207133386467704258e+04
6.33769 6.207398931080061448e+04
6.34001 6.207685587674230192e+04
6.34291 6.208074343970604241e+04
6.34523 6.208410182586933661e+04
6.34755 6.208763713619793270e+04
6.35045 6.209229662757015467e+04
6.35277 6.209622540600367211e+04
6.35509 6.210034015441430529e+04
6.35799 6.210573828149580368e+04
6.36032 6.211024920442637085e+04
6.36264 6.211490168704524694e+04
6.36555 6.212088737383771513e+04
6.36787 6.212580724785558414e+04
6.3702 6.213083100776791252e+04
6.37252 6.213595596281594771e+04
6.37543 6.214245499617970199e+04
6.37775 6.214768467657209840e+04
6.38007 6.215291097778492258e+04
6.38298 6.215940051455491630e+04
6.3853 6.216453405050563015e+04
6.38762 6.216960553584556328e+04
6.39052 6.217584689456681372e+04
6.39284 6.218076650558754045e+04
6.39516 6.218562455763237813e+04
6.39806 6.219162493878213718e+04
6.40038 6.219637780989922612e+04
6.4027 6.220109759565575223e+04
6.40501 6.220579267688238906e+04
6.40791 6.221163216462291894e+04
6.41023 6.221628614831634331e+04
6.41254 6.222092421464546351e+04
6.41544 6.222669920192076097e+04
6.41775 6.223129769804852549e+04
6.42007 6.223587293383721408e+04
6.42296 6.224155287246137596e+04
6.42528 6.224605837376962154e+04
6.42759 6.225052422836184269e+04
6.43048 6.225604044873272505e+04
6.4328 6.226039294871880702e+04
6.43511 6.226468391639670153e+04
6.438 6.226994964172069012e+04
6.44032 6.227407426037229743e+04
6.44263 6.227811141100598616e+04
6.44552 6.228302165827409044e+04
6.44784 6.228683003412117250e+04
6.45015 6.229052219491021242e+04
6.45304 6.229496111569453205e+04
6.45536 6.229836136364307458e+04
6.45767 6.230161975075479859e+04
6.46056 6.230548455298459157e+04
6.46288 6.230840410233248986e+04
6.46519 6.231116817538534815e+04
6.46751 6.231377521182036435e+04
6.4704 6.231681526503811619e+04
6.47272 6.231907574853724509e+04
6.47503 6.232118896477569069e+04
6.47793 6.232363410832046793e+04
6.48024 6.232544290820710012e+04
6.48256 6.232713230129210569e+04
6.48546 6.232909221895923838e+04
6.48777 6.233055426702636032e+04
6.49009 6.233193592797685415e+04
6.49299 6.233357066077771015e+04
6.49531 6.233482137105979928e+04
6.49763 6.233603570630157628e+04
6.50053 6.233752396279725508e+04
6.50285 6.233870589668064349e+04
6.50518 6.233989447370562993e+04
6.5075 6.234110129096692253e+04
6.51041 6.234265312136503053e+04
6.51273 6.234394263815301383e+04
6.51506 6.234528518864413491e+04
6.51796 6.234705139308146317e+04
6.52029 6.234854521549709898e+04
6.52261 6.235011847771456814e+04
6.52552 6.235220652242846700e+04
6.52784 6.235398022051660519e+04
6.53016 6.235584972711269074e+04
6.53307 6.235832500951783004e+04
6.53539 6.236041683857759926e+04
6.53772 6.236260719394492480e+04
6.54004 6.236489410629638587e+04
6.54294 6.236788334334625688e+04
6.54527 6.237037398758436029e+04
6.54759 6.237294710555522033e+04
6.5505 6.237627008384921646e+04
6.55282 6.237900619227746211e+04
6.55515 6.238180329205265298e+04
6.55805 6.238537369696859241e+04
6.56038 6.238828046520685893e+04
6.5627 6.239122236328022700e+04
6.56502 6.239419093616572354e+04
6.56792 6.239792632205459086e+04
6.57024 6.240092034606287780e+04
6.57256 6.240390834880892362e+04
6.57546 6.240761212249089294e+04
6.57778 6.241053230843670462e+04
6.5801 6.241339479156615562e+04
6.583 6.241686176064122992e+04
6.58531 6.241952076835219486e+04
6.58763 6.242205291856436816e+04
6.59053 6.242500607512870920e+04
6.59284 6.242717117546209192e+04
6.59516 6.242913938351203979e+04
6.59805 6.243129633663042478e+04
6.60037 6.243276380633212830e+04
6.60268 6.243399414975420950e+04
6.60558 6.243519836990405747e+04
6.60789 6.243590389354592480e+04
6.61021 6.243639698943711846e+04
6.61252 6.243670135868774378e+04
6.61541 6.243686473381146061e+04
6.61773 6.243686929264637001e+04
6.62005 6.243681073529583955e+04
6.62294 6.243672522904686775e+04
6.62526 6.243671150628129544e+04
6.62757 6.243680444556236034e+04
6.63047 6.243714933695193031e+04
6.63279 6.243766617466179741e+04
6.63511 6.243844141245097853e+04
6.638 6.243982212417600385e+04
6.64032 6.244128191083089769e+04
6.64264 6.244306686280265421e+04
6.64554 6.244575092719552777e+04
6.64787 6.244823851943614864e+04
6.65019 6.245099923852088250e+04
6.65251 6.245399267822501133e+04
6.65542 6.245798943434301327e+04
6.65774 6.246132587281335145e+04
6.66007 6.246472230038476846e+04
6.66298 6.246896999731669348e+04
6.66531 6.247230008369698771e+04
6.66763 6.247551452372984932e+04
6.67054 6.247931206581050355e+04
6.67287 6.248213562914460636e+04
6.67519 6.248474652441168291e+04
6.67751 6.248713614443193364e+04
6.68041 6.248980744092050736e+04
6.68273 6.249170309926508344e+04
6.68505 6.249339741027732089e+04
6.68795 6.249526102845865535e+04
6.69027 6.249657309233636624e+04
6.69258 6.249774880469895288e+04
6.69548 6.249905705447083164e+04
6.69779 6.249999491126123030e+04
6.70011 6.250085130896741612e+04
6.703 6.250182123388797481e+04
6.70531 6.250252388328876987e+04
6.70762 6.250316388494397688e+04
6.71051 6.250387579026832100e+04
6.71283 6.250437372404031339e+04
6.71514 6.250480732171901764e+04
6.71803 6.250526093176050199e+04
6.72034 6.250555837630219321e+04
6.72265 6.250580679543066799e+04
6.72554 6.250606895287969382e+04
6.72785 6.250626282676264964e+04
6.73016 6.250646858433107263e+04
6.73305 6.250678619371169771e+04
6.73537 6.250712741881429974e+04
6.73768 6.250758266648505378e+04
6.74057 6.250836306734953541e+04
6.74288 6.250919529576148489e+04
6.7452 6.251024234388233890e+04
6.74751 6.251152634313589806e+04
6.75041 6.251348748065332620e+04
6.75272 6.251534760474739596e+04
6.75504 6.251746343372924457e+04
6.75794 6.252044161616856582e+04
6.76025 6.252306012198219105e+04
6.76257 6.252584758971678821e+04
6.76547 6.252949764390498603e+04
6.76779 6.253248483636971650e+04
6.77011 6.253546849797223695e+04
6.77301 6.253910117863173946e+04
6.77533 6.254185936360075721e+04
6.77765 6.254443002932877425e+04
6.78055 6.254731318537351763e+04
6.78287 6.254931462009606912e+04
6.78519 6.255101968361157924e+04
6.78751 6.255241635190663510e+04
6.79042 6.255372798335087282e+04
6.79274 6.255444008689546899e+04
6.79506 6.255487141810338653e+04
6.79797 6.255505296578716661e+04
6.80029 6.255494875044676155e+04
6.80261 6.255465946663048817e+04
6.80551 6.255409266815613228e+04
6.80783 6.255352127243987343e+04
6.81015 6.255288360223641212e+04
6.81305 6.255204398048071016e+04
6.81536 6.255137481525274779e+04
6.81768 6.255074883055410464e+04
6.82057 6.255006415216632740e+04
6.82289 6.254961029780942044e+04
6.8252 6.254925010177620425e+04
6.82752 6.254899010742889368e+04
6.83041 6.254881363984819473e+04
6.83272 6.254879552372107719e+04
6.83503 6.254888912443602749e+04
6.83792 6.254916560735030362e+04
6.84024 6.254951509836269543e+04
6.84255 6.254998045413524960e+04
6.84544 6.255073197105192230e+04
6.84775 6.255147552295750211e+04
6.85007 6.255235141108366224e+04
6.85296 6.255364059708261630e+04
6.85527 6.255483289725121722e+04
6.85759 6.255617172555271100e+04
6.86048 6.255805347425225045e+04
6.8628 6.255971991069139767e+04
6.86511 6.256151338984126050e+04
6.86801 6.256392462832941965e+04
6.87033 6.256598357124275208e+04
6.87265 6.256814930004230700e+04
6.87554 6.257099313969313516e+04
6.87787 6.257336530242821755e+04
6.88019 6.257581014892213716e+04
6.88251 6.257831891709134652e+04
6.88542 6.258152311500061478e+04
6.88774 6.258412585822146502e+04
6.89006 6.258675396019476466e+04
6.89296 6.259006173840740666e+04
6.89528 6.259271815778204473e+04
6.8976 6.259538141820001329e+04
6.90049 6.259871426991162298e+04
6.90281 6.260138632738653541e+04
6.90512 6.260406437703547999e+04
6.90802 6.260742679785561631e+04
6.91033 6.261013145265567437e+04
6.91264 6.261285049889872607e+04
6.91553 6.261626892991334171e+04
6.91784 6.261901368594038649e+04
6.92016 6.262176056051891646e+04
6.92304 6.262517974253633292e+04
6.92535 6.262788665443566424e+04
6.92767 6.263054856975525763e+04
6.93055 6.263377907762066752e+04
6.93286 6.263625541194927064e+04
6.93517 6.263860674356544041e+04
6.93806 6.264132952622834273e+04
6.94037 6.264330364284432289e+04
6.94268 6.264507032220833935e+04
6.94557 6.264695724535795307e+04
6.94788 6.264819071754171455e+04
6.9502 6.264916801812380436e+04
6.95251 6.264988578336945648e+04
6.9554 6.265042283041364863e+04
6.95771 6.265057739158139157e+04
6.96003 6.265050628191478609e+04
6.96292 6.265013776288000372e+04
6.96524 6.264965727563187102e+04
6.96755 6.264905358463792072e+04
6.97045 6.264818945486205484e+04
6.97277 6.264746394910921663e+04
6.97508 6.264675672075833427e+04
6.97798 6.264596430320840591e+04
6.9803 6.264545282347287866e+04
6.98261 6.264509146584141126e+04
6.98551 6.264490160285053571e+04
6.98783 6.264499397711316851e+04
6.99014 6.264532917338026164e+04
6.99304 6.264611916320832097e+04
6.99536 6.264706610816284956e+04
6.99768 6.264830449713543931e+04
7 6.264982574104657397e+04
7.0029 6.265212229823766393e+04
7.00523 6.265427572604302986e+04
7.00755 6.265670505284959654e+04
7.01046 6.266012096516797465e+04
7.01278 6.266314375417673000e+04
7.0151 6.266640858148742700e+04
7.018 6.267081389996390499e+04
7.02032 6.267458005584731291e+04
7.02264 6.267854511054056638e+04
7.02554 6.268376053005929134e+04
7.02785 6.268811817345550662e+04
7.03017 6.269262463161057531e+04
7.03306 6.269843419448634086e+04
7.03538 6.270319912162904802e+04
7.03769 6.270804382787320355e+04
7.04 6.271294480260278942e+04
7.04289 6.271909051069027191e+04
7.04521 6.272397593676300312e+04
7.04752 6.272879678606764355e+04
7.05041 6.273467202406212891e+04
7.05272 6.273920104067197099e+04
7.05503 6.274353503533736512e+04
7.05792 6.274862165288009419e+04
7.06023 6.275239458106710663e+04
7.06255 6.275587389340507070e+04
7.06544 6.275976180126815598e+04
7.06775 6.276246900313618971e+04
7.07006 6.276478702951015293e+04
7.07296 6.276710040660265076e+04
7.07527 6.276845372901264636e+04
7.07759 6.276934163413086208e+04
7.08048 6.276977528962846554e+04
7.0828 6.276956927501615428e+04
7.08512 6.276886196224654850e+04
7.08801 6.276726340330904350e+04
7.09034 6.276541008195430913e+04
7.09266 6.276305298625974683e+04
7.09556 6.275942020551756286e+04
7.09788 6.275599124900367315e+04
7.10021 6.275213152785418060e+04
7.10253 6.274786990782956855e+04
7.10544 6.274204505829230766e+04
7.10777 6.273704018486781570e+04
7.1101 6.273177376171066862e+04
7.113 6.272488920088618033e+04
7.11533 6.271919523816942819e+04
7.11765 6.271338311788510327e+04
7.12056 6.270602511354071612e+04
7.12288 6.270012026300767320e+04
7.1252 6.269426434614151367e+04
7.12753 6.268851362015161430e+04
7.13043 6.268154295202726644e+04
7.13275 6.267618061030524404e+04
7.13508 6.267106329038892000e+04
7.13798 6.266510327002075064e+04
7.1403 6.266075029578777321e+04
7.14262 6.265682942330616788e+04
7.14552 6.265261795523615001e+04
7.14784 6.264986305337656086e+04
7.15015 6.264770180045915913e+04
7.15305 6.264588242734660889e+04
7.15537 6.264515659565667011e+04
7.15768 6.264509093018341810e+04
7.16058 6.264594220323443005e+04
7.16289 6.264736443672667519e+04
7.16521 6.264943030235280457e+04
7.16752 6.265210880340368021e+04
7.17041 6.265625145995709318e+04
7.17273 6.266014536909100570e+04
7.17504 6.266451111054827925e+04
7.17793 6.267058566968814557e+04
7.18025 6.267591277895396343e+04
7.18256 6.268163914936473884e+04
7.18546 6.268933601557178190e+04
7.18778 6.269590299612899980e+04
7.19009 6.270281076508064143e+04
7.19299 6.271180893548837776e+04
7.19531 6.271916648966168577e+04
7.19763 6.272660790055428515e+04
7.20053 6.273603961113167315e+04
7.20285 6.274371727290353010e+04
7.20517 6.275151086059777299e+04
7.20808 6.276122588422553235e+04
7.2104 6.276909156181564322e+04
7.21273 6.277716109096613945e+04
7.21506 6.278545624620374292e+04
7.21796 6.279609410844074591e+04
7.22029 6.280474322923869477e+04
7.22261 6.281351801194575091e+04
7.22551 6.282462893509437708e+04
7.22783 6.283350782266587339e+04
7.23015 6.284225514445513545e+04
7.23305 6.285288178206347220e+04
7.23536 6.286104438676406426e+04
7.23768 6.286885466932609415e+04
7.24057 6.287807774767131195e+04
7.24289 6.288500510175611998e+04
7.2452 6.289153014315295877e+04
7.24751 6.289765550403934321e+04
7.2504 6.290473782574819052e+04
7.25272 6.290993052239773533e+04
7.25503 6.291468982654871070e+04
7.25792 6.292000403013225878e+04
7.26023 6.292372468276595464e+04
7.26254 6.292695454281431012e+04
7.26543 6.293027910065481410e+04
7.26774 6.293235178125747916e+04
7.27005 6.293389094122500683e+04
7.27294 6.293506700489007198e+04
7.27525 6.293542348679321003e+04
7.27757 6.293527912994616054e+04
7.28046 6.293442978318552196e+04
7.28277 6.293324891653524537e+04
7.28508 6.293165725728414691e+04
7.28798 6.292914098261555773e+04
7.29029 6.292674775081490952e+04
7.29261 6.292404839002230437e+04
7.29551 6.292028242198322550e+04
7.29782 6.291698015865075286e+04
7.30014 6.291343153033198178e+04
7.30304 6.290865822530114383e+04
7.30536 6.290456194254896400e+04
7.30768 6.290020140814297338e+04
7.31 6.289556786426208419e+04
7.3129 6.288937115865715896e+04
7.31522 6.288406200126335170e+04
7.31754 6.287841587085172068e+04
7.32044 6.287085759784897527e+04
7.32276 6.286439287463182700e+04
7.32509 6.285755495345154486e+04
7.32799 6.284849344295015180e+04
7.33031 6.284086283312065643e+04
7.33263 6.283296052564228012e+04
7.33554 6.282275509270762268e+04
7.33786 6.281436101518705982e+04
7.34017 6.280585301620640530e+04
7.34307 6.279518884229063406e+04
7.34539 6.278677059706576983e+04
7.34771 6.277857629435672425e+04
7.35002 6.277072620694308716e+04
7.35292 6.276158064903265040e+04
7.35523 6.275491574143025355e+04
7.35754 6.274886321572268207e+04
7.36044 6.274234445719289943e+04
7.36275 6.273811469307423977e+04
7.36506 6.273484882809028932e+04
7.36795 6.273217417695704353e+04
7.37027 6.273113846273356467e+04
7.37258 6.273101133999342710e+04
7.37547 6.273199316256187740e+04
7.37779 6.273356598364166712e+04
7.3801 6.273572087765321339e+04
7.38299 6.273906495087735675e+04
7.38531 6.274213467912192573e+04
7.38762 6.274545447367565066e+04
7.39051 6.274983621099026641e+04
7.39283 6.275345450160877954e+04
7.39515 6.275712553100772493e+04
7.39805 6.276175295824513159e+04
7.40036 6.276547070925099251e+04
7.40268 6.276920833108225634e+04
7.40501 6.277298214476186695e+04
7.40791 6.277778724772454007e+04
7.41023 6.278174245882122341e+04
7.41256 6.278582985244575684e+04
7.41546 6.279117394499414513e+04
7.41778 6.279567481990418310e+04
7.4201 6.280039921942276123e+04
7.423 6.280664267303619272e+04
7.42532 6.281191822103746381e+04
7.42764 6.281743771988103981e+04
7.43054 6.282467105191052542e+04
7.43285 6.283071102665847866e+04
7.43517 6.283695646381468396e+04
7.43806 6.284499124365815078e+04
7.44037 6.285156462579938670e+04
7.44268 6.285823797170793841e+04
7.44557 6.286668144237137312e+04
7.44788 6.287349524072482018e+04
7.45019 6.288034008468872344e+04
7.4525 6.288720552586094709e+04
7.45539 6.289580907081215992e+04
7.4577 6.290270927250509703e+04
7.46001 6.290962792612591147e+04
7.4629 6.291831086864416284e+04
7.46521 6.292529507794267556e+04
7.46752 6.293232424882859777e+04
7.47041 6.294118331981465599e+04
7.47272 6.294833324885657203e+04
7.47503 6.295553117882060178e+04
7.47792 6.296458118676560116e+04
7.48023 6.297184641702656518e+04
7.48255 6.297911089300974709e+04
7.48544 6.298815819130578166e+04
7.48775 6.299532413618738065e+04
7.49007 6.300236927455351542e+04
7.49297 6.301093241818316164e+04
7.49528 6.301753742982666881e+04
7.4976 6.302387597581647424e+04
7.5005 6.303135137254824804e+04
7.50281 6.303691287756402744e+04
7.50513 6.304204555154110858e+04
7.50803 6.304778641507303837e+04
7.51035 6.305178332094103826e+04
7.51267 6.305520732690135628e+04
7.51557 6.305862798280241259e+04
7.51789 6.306064251826474356e+04
7.52021 6.306199400392417010e+04
7.52253 6.306266996084302809e+04
7.52543 6.306256093997050630e+04
7.52776 6.306171697664135718e+04
7.53008 6.306021492688673607e+04
7.53299 6.305744409923730564e+04
7.53532 6.305454849305850075e+04
7.53764 6.305108846786192589e+04
7.54054 6.304602044279715483e+04
7.54286 6.304142450097998517e+04
7.54518 6.303638503786245565e+04
7.54808 6.302952566840728832e+04
7.55039 6.302363555893478770e+04
7.55271 6.301742596954139299e+04
7.55502 6.301093407183634554e+04
7.55792 6.300246519343432010e+04
7.56023 6.299544641866858728e+04
7.56254 6.298823550741629879e+04
7.56543 6.297899005130848673e+04
7.56775 6.297143548930388351e+04
7.57006 6.296376134979206108e+04
7.57295 6.295399898913317884e+04
7.57526 6.294607414768294257e+04
7.57757 6.293809133939067397e+04
7.58046 6.292807474620972062e+04
7.58278 6.292004755013311660e+04
7.58509 6.291202897498817765e+04
7.58798 6.290204843213554705e+04
7.59029 6.289412838542900863e+04
7.59261 6.288629959317969769e+04
7.5955 6.287668739789239771e+04
7.59781 6.286918376157929015e+04
7.60013 6.286187756582752627e+04
7.60303 6.285307532426539547e+04
7.60534 6.284633200487474096e+04
7.60766 6.283988869682800578e+04
7.61056 6.283230065179059602e+04
7.61289 6.282661599321750691e+04
7.61521 6.282129559247793804e+04
7.61753 6.281634691408347135e+04
7.62044 6.281071533986493159e+04
7.62276 6.280669345037294988e+04
7.62509 6.280311219340851676e+04
7.628 6.279927308133817132e+04
7.63032 6.279672034094876290e+04
7.63264 6.279463118800010125e+04
7.63555 6.279267377609666437e+04
7.63787 6.279162901642073120e+04
7.6402 6.279104566846160014e+04
7.64252 6.279092239956530830e+04
7.64543 6.279141780674527399e+04
7.64775 6.279234368333941529e+04
7.65008 6.279374083256145968e+04
7.65298 6.279614105267389823e+04
7.6553 6.279858093780932541e+04
7.65762 6.280148136948278261e+04
7.66052 6.280575751055255387e+04
7.66284 6.280970426418654097e+04
7.66515 6.281412145418496948e+04
7.66805 6.282031391939033347e+04
7.67037 6.282580460473352286e+04
7.67268 6.283177625806877040e+04
7.67558 6.283991392948124121e+04
7.67789 6.284695736421167385e+04
7.68021 6.285446558277630538e+04
7.68252 6.286242430953163421e+04
7.68542 6.287297665655473247e+04
7.68773 6.288187808318013413e+04
7.69005 6.289115909883318818e+04
7.69294 6.290323379362159176e+04
7.69526 6.291320912350458093e+04
7.69757 6.292340269467367762e+04
7.70047 6.293636214656266384e+04
7.70278 6.294682523786510865e+04
7.7051 6.295731648612659046e+04
7.708 6.297037314584234991e+04
7.71032 6.298071517893272539e+04
7.71264 6.299090674663361278e+04
7.71554 6.300336121508527867e+04
7.71787 6.301303652765049628e+04
7.72019 6.302239440218271193e+04
7.72252 6.303139625631525269e+04
7.72543 6.304205238100564748e+04
7.72775 6.305003941617997771e+04
7.73008 6.305749369320962433e+04
7.73299 6.306596744052557187e+04
7.73531 6.307199699790324667e+04
7.73763 6.307732800714916084e+04
7.74053 6.308299485841142450e+04
7.74285 6.308674413402823120e+04
7.74517 6.308980796721557999e+04
7.74806 6.309271103806956671e+04
7.75038 6.309432774421601061e+04
7.75269 6.309535598943725927e+04
7.75501 6.309583660907045851e+04
7.7579 6.309573891342661227e+04
7.76021 6.309515748378738499e+04
7.76252 6.309417389782311511e+04
7.76541 6.309243621311390598e+04
7.76773 6.309068187418947491e+04
7.77004 6.308863710493425606e+04
7.77292 6.308571072733406618e+04
7.77524 6.308309674016768986e+04
7.77755 6.308027152812996792e+04
7.78044 6.307644608713360503e+04
7.78275 6.307312891900300019e+04
7.78506 6.306956719539566257e+04
7.78795 6.306475516570427135e+04
7.79026 6.306061066145037330e+04
7.79257 6.305620224825217156e+04
7.79547 6.305033294314399245e+04
7.79778 6.304536025860744121e+04
7.8001 6.304014275103771797e+04
7.80299 6.303330965646434925e+04
7.80531 6.302764294578710542e+04
7.80763 6.302184820976287301e+04
7.81053 6.301447956561300089e+04
7.81285 6.300855304534793686e+04
7.81517 6.300266846676973364e+04
7.81807 6.299545095499765011e+04
7.82039 6.298983270579123200e+04
7.82271 6.298438380659690301e+04
7.82504 6.297912173417488520e+04
7.82794 6.297281800204346655e+04
7.83026 6.296799555935337412e+04
7.83259 6.296335706920027587e+04
7.83549 6.295778906445542816e+04
7.83781 6.295349304803813720e+04
7.84013 6.294930409482368850e+04
7.84303 6.294417224709011498e+04
7.84535 6.294011586635812273e+04
7.84767 6.293607351270167419e+04
7.85056 6.293101617193187849e+04
7.85287 6.292694921926004463e+04
7.85519 6.292285794400262239e+04
7.8575 6.291875947823184833e+04
7.8604 6.291366829555625736e+04
7.86271 6.290966033524890372e+04
7.86502 6.290574937787473755e+04
7.86791 6.290106108425332786e+04
7.87023 6.289752585195576103e+04
7.87254 6.289423368792003748e+04
7.87543 6.289053323163907771e+04
7.87774 6.288795895310262858e+04
7.88006 6.288577084274691879e+04
7.88295 6.288362680579245352e+04
7.88527 6.288240979307438101e+04
7.88758 6.288164617646585975e+04
7.89048 6.288132099582486990e+04
7.89279 6.288153757704576856e+04
7.89511 6.288214299345653853e+04
7.89801 6.288342392134614784e+04
7.90033 6.288481027757213451e+04
7.90265 6.288644800286403915e+04
7.90556 6.288873708461542265e+04
7.90788 6.289068053311008407e+04
7.91021 6.289264403900955222e+04
7.91253 6.289454790369729744e+04
7.91543 6.289674579593986709e+04
7.91775 6.289829726171096991e+04
7.92007 6.289961464542714384e+04
7.92297 6.290089080560469301e+04
7.92528 6.290161821077785862e+04
7.9276 6.290210037634635228e+04
7.93049 6.290239024168183823e+04
7.9328 6.290240355784547864e+04
7.93511 6.290225259205703333e+04
7.938 6.290186882329993387e+04
7.94032 6.290143299614734860e+04
7.94263 6.290090653412530810e+04
7.94551 6.290015008753685106e+04
7.94782 6.289948617016374192e+04
7.95013 6.289878470956317324e+04
7.95302 6.289787298195948824e+04
7.95533 6.289712946107507742e+04
7.95764 6.289638583067528816e+04
7.96053 6.289547628352127504e+04
7.96284 6.289478517842849396e+04
7.96515 6.289414929565189959e+04
7.96804 6.289347283485823573e+04
7.97035 6.289306514843281911e+04
7.97266 6.289281612721493730e+04
7.97556 6.289279130738077947e+04
7.97787 6.289305574244220043e+04
7.98019 6.289362336678005522e+04
7.9825 6.289454100057206233e+04
7.9854 6.289624698074549087e+04
7.98772 6.289810743902583636e+04
7.99003 6.290044526768111245e+04
7.99293 6.290407737604250724e+04
7.99525 6.290757117595135060e+04
7.99757 6.291159326753061760e+04
8.00047 6.291736100114915462e+04
8.00279 6.292254801793890510e+04
8.00511 6.292821987854872714e+04
8.00802 6.293593827955189045e+04
8.01034 6.294256077074892528e+04
8.01267 6.294952817902542301e+04
8.01557 6.295861956400315103e+04
8.0179 6.296611150281247683e+04
8.02022 6.297372385326165386e+04
8.02254 6.298137488442182803e+04
8.02545 6.299087513443292119e+04
8.02777 6.299832914751166390e+04
8.03008 6.300556350352992740e+04
8.03298 6.301420461429432180e+04
8.0353 6.302071800340791378e+04
8.03761 6.302683029815251211e+04
8.0405 6.303384471733074315e+04
8.04282 6.303892135880445130e+04
8.04513 6.304350184610261931e+04
8.04802 6.304851221339050971e+04
8.05033 6.305194659774637694e+04
8.05264 6.305487503079721500e+04
8.05553 6.305783795897101663e+04
8.05785 6.305966351978133753e+04
8.06016 6.306102191940440389e+04
8.06305 6.306209519457897113e+04
8.06536 6.306248350060887606e+04
8.06767 6.306248185167236079e+04
8.07056 6.306197158492751623e+04
8.07288 6.306118852480006899e+04
8.07519 6.306009831103255419e+04
8.07751 6.305872386149221711e+04
8.0804 6.305663476675161655e+04
8.08272 6.305468415601704328e+04
8.08504 6.305249879693664116e+04
8.08794 6.304944692845740792e+04
8.09026 6.304676097684956039e+04
8.09258 6.304386107567459112e+04
8.09549 6.303994588270211534e+04
8.09781 6.303658641253045789e+04
8.10014 6.303302944944499177e+04
8.10305 6.302831650717241428e+04
8.10537 6.302434121062944178e+04
8.1077 6.302018925034686254e+04
8.11002 6.301586897955994937e+04
8.11293 6.301024417947329493e+04
8.11525 6.300557682848909462e+04
8.11758 6.300077328559533635e+04
8.12048 6.299459769953972136e+04
8.12281 6.298953858189248422e+04
8.12513 6.298439173169495916e+04
8.12803 6.297786855401516368e+04
8.13036 6.297259678571398399e+04
8.13268 6.296730011302859202e+04
8.13557 6.296067371855633246e+04
8.13789 6.295538960051380855e+04
8.14021 6.295014285753431614e+04
8.14253 6.294495020408980781e+04
8.14542 6.293857183475188504e+04
8.14774 6.293358699523873656e+04
8.15005 6.292873601763641636e+04
8.15295 6.292290476684244641e+04
8.15526 6.291846333576842881e+04
8.15758 6.291425692521532619e+04
8.16047 6.290938284899621794e+04
8.16279 6.290583423126204434e+04
8.1651 6.290263796550293773e+04
8.168 6.289919257268701040e+04
8.17031 6.289691928063124215e+04
8.17263 6.289511059023426060e+04
8.17553 6.289354629593453137e+04
8.17785 6.289288177800008270e+04
8.18017 6.289275782939905184e+04
8.18307 6.289337896616112994e+04
8.18539 6.289449962038913509e+04
8.18771 6.289616686228117032e+04
8.19004 6.289836418424979638e+04
8.19295 6.290181900562265218e+04
8.19527 6.290510311470826855e+04
8.1976 6.290880056180595420e+04
8.20051 6.291392143954155472e+04
8.20283 6.291833715982031572e+04
8.20516 6.292296645578414609e+04
8.20806 6.292894335813416546e+04
8.21038 6.293378443769473961e+04
8.2127 6.293859909948167478e+04
8.21501 6.294330308756240993e+04
8.21791 6.294891801521065645e+04
8.22022 6.295310985062655527e+04
8.22254 6.295697371883005690e+04
8.22543 6.296127409694165544e+04
8.22774 6.296424707020309143e+04
8.23006 6.296677712575672194e+04
8.23295 6.296928906462696614e+04
8.23526 6.297076723314284027e+04
8.23757 6.297176981474439526e+04
8.24046 6.297236157788263517e+04
8.24277 6.297231873921455553e+04
8.24508 6.297183421797320625e+04
8.24797 6.297063930856365914e+04
8.25028 6.296924253522041545e+04
8.25259 6.296748560554353026e+04
8.25548 6.296483157422777731e+04
8.25779 6.296238531056890497e+04
8.26011 6.295969127859837317e+04
8.263 6.295603323474564968e+04
8.26532 6.295292109472332959e+04
8.26763 6.294968266359242989e+04
8.27053 6.294551410930413113e+04
8.27285 6.294211947805433738e+04
8.27516 6.293870796826529113e+04
8.27806 6.293445880011155532e+04
8.28039 6.293110210130073392e+04
8.28271 6.292780785111107252e+04
8.28503 6.292459514079179644e+04
8.28793 6.292072283045759104e+04
8.29026 6.291775857897876267e+04
8.29258 6.291493246066099528e+04
8.29549 6.291161648430247442e+04
8.29781 6.290915619192292070e+04
8.30013 6.290688521827784280e+04
8.30304 6.290433681686421187e+04
8.30536 6.290254391816525458e+04
8.30767 6.290098727131893975e+04
8.31057 6.289939377392938331e+04
8.31289 6.289841007875600189e+04
8.3152 6.289768862339451880e+04
8.31752 6.289723314002231928e+04
8.32041 6.289703688543324824e+04
8.32272 6.289717180109275068e+04
8.32504 6.289755013290892384e+04
8.32793 6.289834318326653010e+04
8.33024 6.289922497711906908e+04
8.33255 6.290031577350519365e+04
8.33544 6.290195440370206052e+04
8.33776 6.290346866137207689e+04
8.34007 6.290514820010625408e+04
8.34296 6.290746069804428407e+04
8.34528 6.290946640727812337e+04
8.34759 6.291160036636051518e+04
8.35049 6.291443352939846955e+04
8.35281 6.291681493418272294e+04
8.35512 6.291929574690959998e+04
8.35802 6.292254292722482933e+04
8.36034 6.292526735658702819e+04
8.36266 6.292810941070823901e+04
8.36557 6.293183954137795081e+04
8.36789 6.293496561964214197e+04
8.37022 6.293821905549561052e+04
8.37254 6.294159166687868128e+04
8.37545 6.294594380845109117e+04
8.37777 6.294949717713342397e+04
8.38009 6.295308089050042327e+04
8.38298 6.295753613897601463e+04
8.3853 6.296102960909632384e+04
8.38761 6.296440826906101574e+04
8.39051 6.296839801774337684e+04
8.39282 6.297134721831016941e+04
8.39513 6.297403144694498769e+04
8.39802 6.297695492469069723e+04
8.40033 6.297890326464966347e+04
8.40265 6.298047296831732092e+04
8.40553 6.298186610200125142e+04
8.40784 6.298250471381378156e+04
8.41015 6.298270903401118267e+04
8.41304 6.298234819857787807e+04
8.41535 6.298156955229036976e+04
8.41766 6.298036395301605080e+04
8.42055 6.297827712185110431e+04
8.42286 6.297616488316033065e+04
8.42517 6.297368254227868601e+04
8.42806 6.297009652778135205e+04
8.43037 6.296687437824681547e+04
8.43268 6.296337169804633595e+04
8.43557 6.295864503303630045e+04
8.43789 6.295463082387175382e+04
8.4402 6.295044795137618348e+04
8.44252 6.294613964660928468e+04
8.44542 6.294064569163061969e+04
8.44773 6.293622192984870344e+04
8.45005 6.293183153898243472e+04
8.45295 6.292647466773658380e+04
8.45527 6.292236829285575368e+04
8.45759 6.291848719930970401e+04
8.46049 6.291405201633553224e+04
8.46281 6.291091408291690459e+04
8.46513 6.290820835291518597e+04
8.46804 6.290552344309176260e+04
8.47036 6.290399560602044949e+04
8.47269 6.290306738547953864e+04
8.47501 6.290277113807677961e+04
8.47792 6.290332185525754176e+04
8.48025 6.290450545030969079e+04
8.48257 6.290633827504337387e+04
8.48547 6.290950509913462156e+04
8.4878 6.291268832188780652e+04
8.49012 6.291639503945635079e+04
8.49301 6.292166091915073775e+04
8.49533 6.292629144259618624e+04
8.49765 6.293120285018203140e+04
8.50054 6.293760420481432811e+04
8.50286 6.294282876088080229e+04
8.50517 6.294804931646837213e+04
8.50806 6.295444833440133516e+04
8.51037 6.295937263733441796e+04
8.51269 6.296405324192674016e+04
8.515 6.296843205854936241e+04
8.51789 6.297340991356221639e+04
8.5202 6.297695225076439965e+04
8.52252 6.298007465642446186e+04
8.52541 6.298336054574598529e+04
8.52772 6.298548483881256107e+04
8.53003 6.298715788068278198e+04
8.53292 6.298862202601514582e+04
8.53524 6.298930309374472563e+04
8.53755 6.298956297137688671e+04
8.54045 6.298931985091978277e+04
8.54276 6.298869204786820774e+04
8.54508 6.298769699463908910e+04
8.54798 6.298596290148459957e+04
8.5503 6.298420044044719543e+04
8.55262 6.298211939570682443e+04
8.55552 6.297908613310795045e+04
8.55785 6.297632352996148256e+04
8.56017 6.297327103918274952e+04
8.56308 6.296904984570554370e+04
8.56541 6.296535554163415509e+04
8.56773 6.296138294065388618e+04
8.57006 6.295713387672932731e+04
8.57297 6.295143581774196355e+04
8.57529 6.294657064976420224e+04
8.57762 6.294143721161608119e+04
8.58052 6.293465095578930050e+04
8.58285 6.292893759484188922e+04
8.58518 6.292298677488834801e+04
8.58808 6.291523384392408479e+04
8.5904 6.290880451699330297e+04
8.59273 6.290219627397563454e+04
8.59505 6.289542805384716485e+04
8.59795 6.288679057814630505e+04
8.60027 6.287976603472759598e+04
8.60258 6.287267767374028335e+04
8.60548 6.286377652404623950e+04
8.6078 6.285666757845302345e+04
8.61011 6.284961007946080645e+04
8.61301 6.284091754641848092e+04
8.61532 6.283411629282142530e+04
8.61764 6.282749398725041829e+04
8.62054 6.281953231050649629e+04
8.62285 6.281347019758234092e+04
8.62517 6.280773141971333825e+04
8.62806 6.280108542317519459e+04
8.63038 6.279624896407123742e+04
8.6327 6.279188910689001932e+04
8.63501 6.278805426612251904e+04
8.63791 6.278406497391143785e+04
8.64023 6.278157139812235255e+04
8.64255 6.277974195377877913e+04
8.64546 6.277844668953681685e+04
8.64778 6.277824361933316686e+04
8.6501 6.277881021628969029e+04
8.65301 6.278062883501008037e+04
8.65534 6.278299477679140546e+04
8.65766 6.278616580354105827e+04
8.66057 6.279124014676137449e+04
8.6629 6.279615792604095623e+04
8.66523 6.280179519444089965e+04
8.66756 6.280809376871280983e+04
8.67046 6.281680487340570107e+04
8.67278 6.282433721194403188e+04
8.6751 6.283229030407234677e+04
8.678 6.284268371653193753e+04
8.68032 6.285125779094795143e+04
8.68264 6.285997164342452015e+04
8.68553 6.287092391571994813e+04
8.68785 6.287963653375303693e+04
8.69016 6.288820747454374941e+04
8.69305 6.289860945238081331e+04
8.69537 6.290658565865729179e+04
8.69768 6.291418042367268208e+04
8.70057 6.292303980731008050e+04
8.70288 6.292954948814374075e+04
8.70519 6.293549203963211039e+04
8.7075 6.294082657666480372e+04
8.71039 6.294659688654908678e+04
8.7127 6.295046886406777048e+04
8.71502 6.295366972617616557e+04
8.71791 6.295675287421856774e+04
8.72022 6.295851917979639256e+04
8.72253 6.295970254286279669e+04
8.72542 6.296042942588656297e+04
8.72774 6.296046776433035848e+04
8.73005 6.296007835556854843e+04
8.73295 6.295906791297048039e+04
8.73526 6.295790054991676880e+04
8.73758 6.295646389115333295e+04
8.74048 6.295435124836680188e+04
8.7428 6.295243791964292905e+04
8.74512 6.295035759102887096e+04
8.74802 6.294756107111235178e+04
8.75034 6.294519623332739138e+04
8.75267 6.294273956934258604e+04
8.75557 6.293956511785995826e+04
8.75789 6.293695632951305743e+04
8.76022 6.293429446769862261e+04
8.76254 6.293159133561665658e+04
8.76545 6.292817641156259924e+04
8.76778 6.292543794392731797e+04
8.7701 6.292271393481427367e+04
8.77301 6.291935834011136467e+04
8.77533 6.291673884455634106e+04
8.77766 6.291420264098009648e+04
8.78056 6.291118026166006894e+04
8.78288 6.290891213505198539e+04
8.7852 6.290680007736681000e+04
8.78751 6.290486728145110101e+04
8.79041 6.290273318310885224e+04
8.79273 6.290127279859892587e+04
8.79504 6.290004427731772012e+04
8.79793 6.289884013547588984e+04
8.80024 6.289814368182718317e+04
8.80256 6.289768042518330913e+04
8.80545 6.289741974626234150e+04
8.80776 6.289745525967036519e+04
8.81007 6.289769645491717529e+04
8.81296 6.289827032512181904e+04
8.81527 6.289893377675920783e+04
8.81759 6.289976832310482132e+04
8.82048 6.290103824956742756e+04
8.8228 6.290222736597024050e+04
8.82511 6.290356395032771979e+04
8.82801 6.290543860448316264e+04
8.83033 6.290709480573073961e+04
8.83265 6.290888112563866162e+04
8.83555 6.291128603452871175e+04
8.83787 6.291333310412718129e+04
8.84019 6.291547903481419780e+04
8.84252 6.291770960090692824e+04
8.84542 6.292059552048709884e+04
8.84775 6.292296377225066681e+04
8.85008 6.292536427515201649e+04
8.85298 6.292837639358191518e+04
8.85531 6.293077420433894440e+04
8.85763 6.293313520707841963e+04
8.86053 6.293600225362441415e+04
8.86285 6.293819880505123001e+04
8.86516 6.294028242311331269e+04
8.86806 6.294269145197000034e+04
8.87038 6.294443047485520219e+04
8.87269 6.294597625731285370e+04
8.875 6.294730294171262358e+04
8.87789 6.294861693237231520e+04
8.88021 6.294936369221573113e+04
8.88252 6.294981527724080661e+04
8.88541 6.294993202679635579e+04
8.88772 6.294964265383080783e+04
8.89003 6.294899272253998060e+04
8.89292 6.294764782803719572e+04
8.89523 6.294612832204483857e+04
8.89754 6.294420214989933447e+04
8.90043 6.294121139281100477e+04
8.90274 6.293834883202907076e+04
8.90505 6.293507067231038673e+04
8.90793 6.293040250302286586e+04
8.91025 6.292622872916940833e+04
8.91256 6.292169072058111487e+04
8.91545 6.291555190445890184e+04
8.91776 6.291031661251524929e+04
8.92008 6.290484526596879005e+04
8.92297 6.289775842815885699e+04
8.92528 6.289197291283161030e+04
8.9276 6.288615582386633469e+04
8.9305 6.287896322497540677e+04
8.93282 6.287336282026079425e+04
8.93514 6.286798669403965323e+04
8.93804 6.286169663982553175e+04
8.94036 6.285709461477556761e+04
8.94268 6.285294738208882336e+04
8.94501 6.284930606875569356e+04
8.94791 6.284553704337945965e+04
8.95024 6.284318394931015791e+04
8.95257 6.284144609445879905e+04
8.95548 6.284016449726026622e+04
8.9578 6.283979841532178398e+04
8.96013 6.283996892921377730e+04
8.96304 6.284089572967988352e+04
8.96537 6.284214295438241243e+04
8.96769 6.284376541965758224e+04
8.97001 6.284570148511898878e+04
8.97291 6.284842845849732112e+04
8.97523 6.285073943198844790e+04
8.97755 6.285307407364044775e+04
8.98045 6.285590902696364356e+04
8.98276 6.285803452854375792e+04
8.98508 6.286000968561763875e+04
8.98797 6.286223071898189664e+04
8.99028 6.286375527986024827e+04
8.9926 6.286501838562991907e+04
8.99549 6.286621056476191006e+04
8.9978 6.286679748168518563e+04
9.00012 6.286701505964026728e+04
9.00301 6.286677302737630816e+04
9.00532 6.286618935609648179e+04
9.00763 6.286528876226990542e+04
9.01053 6.286377080889418721e+04
9.01284 6.286229023042255722e+04
9.01515 6.286061614606168587e+04
9.01805 6.285831090891528584e+04
9.02036 6.285633790854970721e+04
9.02268 6.285428376276534982e+04
9.02557 6.285163750724994316e+04
9.02789 6.284948047877678619e+04
9.03021 6.284730198035021749e+04
9.03253 6.284510874846387014e+04
9.03543 6.284235379086392641e+04
9.03775 6.284013573616476788e+04
9.04007 6.283790334930398240e+04
9.04298 6.283508060945385660e+04
9.0453 6.283278716695040930e+04
9.04763 6.283045259056161012e+04
9.05054 6.282745940444416192e+04
9.05287 6.282499453417099721e+04
9.0552 6.282245706074851478e+04
9.05752 6.281983650066882547e+04
9.06043 6.281643108796009619e+04
9.06276 6.281359417213038978e+04
9.06509 6.281065131761700468e+04
9.068 6.280681886844657856e+04
9.07032 6.280362901927212079e+04
9.07265 6.280033174706754653e+04
9.07556 6.279606569550727727e+04
9.07789 6.279254925863356766e+04
9.08021 6.278895261118182680e+04
9.08253 6.278529430649553251e+04
9.08544 6.278067620532339060e+04
9.08776 6.277698154269502993e+04
9.09008 6.277332794987854140e+04
9.09298 6.276887189897798817e+04
9.0953 6.276544518846706342e+04
9.09762 6.276218315906226053e+04
9.10051 6.275839598467615724e+04
9.10283 6.275564318839734187e+04
9.10515 6.275317191165708937e+04
9.10805 6.275052290756546427e+04
9.11036 6.274878393716742721e+04
9.11268 6.274740250666235806e+04
9.11558 6.274619726232945686e+04
9.11789 6.274565889022169722e+04
9.12021 6.274550152504377184e+04
9.12253 6.274572302353636042e+04
9.12543 6.274652386667577230e+04
9.12775 6.274757240340486896e+04
9.13007 6.274897147400053655e+04
9.13297 6.275119246193814615e+04
9.13529 6.275333004963175335e+04
9.13761 6.275577280186919961e+04
9.14051 6.275923285891674459e+04
9.14284 6.276231088881682808e+04
9.14516 6.276564555811868195e+04
9.14807 6.277014894982545229e+04
9.15039 6.277399452172558813e+04
9.15272 6.277804003782050859e+04
9.15505 6.278227322967372311e+04
9.15796 6.278781040486941492e+04
9.16029 6.279242261411328218e+04
9.16262 6.279718589135435468e+04
9.16553 6.280332062246993883e+04
9.16785 6.280835336414961785e+04
9.17018 6.281346811166657426e+04
9.17308 6.281993128086375509e+04
9.1754 6.282511802770131908e+04
9.17772 6.283027537991532154e+04
9.18004 6.283536777671976597e+04
9.18293 6.284157426677977492e+04
9.18525 6.284636494641585887e+04
9.18757 6.285095647317960538e+04
9.19046 6.285636029532102839e+04
9.19277 6.286037646013720951e+04
9.19509 6.286408911133594665e+04
9.19798 6.286827263627588400e+04
9.20029 6.287123548616154585e+04
9.20261 6.287385185136524524e+04
9.2055 6.287663867826060596e+04
9.20781 6.287849346876669006e+04
9.21012 6.288003280470732716e+04
9.21301 6.288154544108318078e+04
9.21532 6.288245562607007014e+04
9.21764 6.288312655952113710e+04
9.22053 6.288366570977388619e+04
9.22284 6.288388437452507060e+04
9.22515 6.288393430262766924e+04
9.22805 6.288378191417959169e+04
9.23036 6.288350093670543720e+04
9.23268 6.288308544950217038e+04
9.23557 6.288238182068607421e+04
9.23789 6.288167406122051034e+04
9.24021 6.288083668464589573e+04
9.24252 6.287986634363183111e+04
9.24542 6.287846347581128066e+04
9.24774 6.287719191605448577e+04
9.25006 6.287579835777325206e+04
9.25297 6.287390227585434332e+04
9.25529 6.287228201571737736e+04
9.25761 6.287058795103885495e+04
9.26052 6.286839923868639744e+04
9.26285 6.286661944149996270e+04
9.26517 6.286484108427966567e+04
9.26808 6.286266042944065703e+04
9.27041 6.286098073183953966e+04
9.27274 6.285938628331975633e+04
9.27506 6.285790091150633816e+04
9.27797 6.285622366530070576e+04
9.28029 6.285504219076344452e+04
9.28262 6.285401238349488995e+04
9.28552 6.285294343051582837e+04
9.28784 6.285225888292163290e+04
9.29016 6.285171633165817912e+04
9.29305 6.285121990020323574e+04
9.29537 6.285095033385544957e+04
9.29769 6.285077717667505203e+04
9.30001 6.285068455645091308e+04
9.3029 6.285065947052753472e+04
9.30522 6.285069653672381537e+04
9.30753 6.285077435785598936e+04
9.31043 6.285092073161245207e+04
9.31274 6.285107143225511390e+04
9.31506 6.285124909126665443e+04
9.31795 6.285150785091784201e+04
9.32027 6.285174515274693840e+04
9.32258 6.285201171088311094e+04
9.32548 6.285239095214420377e+04
9.32779 6.285273617499599641e+04
9.33011 6.285312318787866388e+04
9.33301 6.285367247218036209e+04
9.33533 6.285416899217524769e+04
9.33764 6.285471953565321746e+04
9.34054 6.285548661246187112e+04
9.34286 6.285616323925305915e+04
9.34519 6.285689464044324995e+04
9.34751 6.285767634174715204e+04
9.35041 6.285871552123120637e+04
9.35274 6.285958593319480860e+04
9.35506 6.286047902077876643e+04
9.35797 6.286160690554489702e+04
9.3603 6.286249758627539995e+04
9.36262 6.286335690419110324e+04
9.36553 6.286435488532770250e+04
9.36786 6.286506264738274331e+04
9.37018 6.286566281539714691e+04
9.37308 6.286622056447612704e+04
9.3754 6.286647869288456423e+04
9.37772 6.286653900423207233e+04
9.38004 6.286637328479254211e+04
9.38293 6.286580654613564548e+04
9.38525 6.286503456532705604e+04
9.38756 6.286395420593964809e+04
9.39045 6.286214023336544778e+04
9.39277 6.286029939095755981e+04
9.39508 6.285809943914699397e+04
9.39797 6.285483767798216286e+04
9.40028 6.285181816818249354e+04
9.40259 6.284844254603848094e+04
9.40548 6.284374313315051404e+04
9.40779 6.283962531503891660e+04
9.4101 6.283521919747027277e+04
9.41299 6.282935843746186583e+04
9.4153 6.282443668304453604e+04
9.41761 6.281935745732938813e+04
9.4205 6.281286326093785465e+04
9.42281 6.280761863231119787e+04
9.42512 6.280239119544556161e+04
9.42801 6.279597015148359060e+04
9.43033 6.279099486185898422e+04
9.43264 6.278622326314335078e+04
9.43553 6.278062984601109929e+04
9.43785 6.277650979910625028e+04
9.44016 6.277275544338680629e+04
9.44306 6.276863072537487460e+04
9.44537 6.276582124520962680e+04
9.44769 6.276346903949610714e+04
9.45001 6.276158329854998738e+04
9.45291 6.275988409249429242e+04
9.45523 6.275903794054275932e+04
9.45755 6.275862805961383128e+04
9.46045 6.275868523071713571e+04
9.46278 6.275914233928202157e+04
9.4651 6.275991830630621553e+04
9.46801 6.276126307383695530e+04
9.47033 6.276257295911142864e+04
9.47266 6.276403102844526438e+04
9.47557 6.276597461944018141e+04
9.4779 6.276756166656925052e+04
9.48023 6.276912255486848881e+04
9.48256 6.277061207480358280e+04
9.48547 6.277231602667903644e+04
9.4878 6.277352032621028047e+04
9.49012 6.277456046182873251e+04
9.49302 6.277561328217755363e+04
9.49535 6.277625023147856700e+04
9.49767 6.277670589814077539e+04
9.50057 6.277703048070509249e+04
9.50289 6.277710773669965420e+04
9.50521 6.277703863761579851e+04
9.50752 6.277684000423950056e+04
9.51042 6.277643615521374159e+04
9.51274 6.277600970306868112e+04
9.51505 6.277550864230648585e+04
9.51795 6.277479874823581486e+04
9.52026 6.277417812400114053e+04
9.52257 6.277351999086656724e+04
9.52547 6.277265329100651434e+04
9.52778 6.277192769056332327e+04
9.5301 6.277117313253101020e+04
9.53299 6.277018445055791381e+04
9.5353 6.276935043744427094e+04
9.53762 6.276847013031900860e+04
9.54051 6.276729081177589978e+04
9.54282 6.276627161042218358e+04
9.54514 6.276517360694294621e+04
9.54803 6.276367307486695063e+04
9.55035 6.276235741190592671e+04
9.55267 6.276092794333696656e+04
9.55556 6.275896689335293195e+04
9.55788 6.275724886543221510e+04
9.5602 6.275539003530028276e+04
9.56252 6.275338592447472183e+04
9.56542 6.275066858274862170e+04
9.56774 6.274832320899753540e+04
9.57006 6.274582369258968538e+04
9.57297 6.274248389378463617e+04
9.57529 6.273964321789424866e+04
9.57762 6.273665488127890421e+04
9.58053 6.273272330816276371e+04
9.58286 6.272942466270402656e+04
9.58519 6.272600150734931958e+04
9.58752 6.272246121030655195e+04
9.59043 6.271788542003321345e+04
9.59276 6.271411969430181489e+04
9.59509 6.271027741625124327e+04
9.598 6.270539379939570790e+04
9.60033 6.270144673512460577e+04
9.60266 6.269748802175101446e+04
9.60557 6.269255910183378001e+04
9.6079 6.268866069899424474e+04
9.61023 6.268482800503274484e+04
9.61255 6.268108444253733614e+04
9.61546 6.267656088706251467e+04
9.61779 6.267309569209478650e+04
9.62012 6.266978469581114041e+04
9.62302 6.266589335519949964e+04
9.62534 6.266299903757773427e+04
9.62767 6.266031717889729771e+04
9.63057 6.265729017437314906e+04
9.63289 6.265514786997259944e+04
9.63521 6.265327365424860182e+04
9.63753 6.265168415798120259e+04
9.64043 6.265012675526790554e+04
9.64275 6.264924824940383405e+04
9.64507 6.264871863295104413e+04
9.64797 6.264857991242781281e+04
9.65029 6.264891398594468046e+04
9.65261 6.264966678771825536e+04
9.6555 6.265122739685865236e+04
9.65782 6.265299366258265218e+04
9.66014 6.265523631151804148e+04
9.66304 6.265872562748704513e+04
9.66536 6.266207219077322225e+04
9.66768 6.266590923965433467e+04
9.67058 6.267137881665189343e+04
9.6729 6.267626712961328303e+04
9.67522 6.268158335587177862e+04
9.67754 6.268729136325417494e+04
9.68044 6.269491632591346570e+04
9.68277 6.270135261534733581e+04
9.68509 6.270802878425081872e+04
9.68799 6.271663116465008352e+04
9.69032 6.272363850904782157e+04
9.69265 6.273069372004147590e+04
9.69556 6.273947600929065084e+04
9.69788 6.274639598875708907e+04
9.70021 6.275315375827575190e+04
9.70254 6.275968512754482072e+04
9.70546 6.276745543663845456e+04
9.70779 6.277328475714790693e+04
9.71012 6.277871636140378541e+04
9.71304 6.278489431043049262e+04
9.71537 6.278931184841631330e+04
9.71769 6.279324451914946985e+04
9.72002 6.279668852777756547e+04
9.72293 6.280030651332950220e+04
9.72525 6.280267082736301381e+04
9.72757 6.280458410006113263e+04
9.73048 6.280638433885134873e+04
9.7328 6.280738915750670276e+04
9.73512 6.280804337426730490e+04
9.73802 6.280841956309235684e+04
9.74033 6.280840808713944716e+04
9.74265 6.280815216398286429e+04
9.74555 6.280752478206348314e+04
9.74786 6.280680217676822213e+04
9.75018 6.280590231144829886e+04
9.75307 6.280454955507851992e+04
9.75538 6.280329858139017597e+04
9.7577 6.280190630165253970e+04
9.76001 6.280037771839830384e+04
9.7629 6.279828204307088890e+04
9.76522 6.279646259257235943e+04
9.76753 6.279452276893950329e+04
9.77042 6.279194335953621339e+04
9.77273 6.278977307407208718e+04
9.77505 6.278752843643617234e+04
9.77794 6.278465585282579559e+04
9.78025 6.278234032041785395e+04
9.78257 6.278004714839186636e+04
9.78546 6.277727029573767504e+04
9.78777 6.277517077710929880e+04
9.79009 6.277322537865237973e+04
9.79298 6.277107312450500467e+04
9.7953 6.276962318313591095e+04
9.79762 6.276845197454316803e+04
9.80051 6.276742508646078932e+04
9.80283 6.276697933388855745e+04
9.80515 6.276688252731777902e+04
9.80805 6.276725851904162118e+04
9.81037 6.276795112832216546e+04
9.81269 6.276897680960825528e+04
9.81501 6.277031536758458242e+04
9.81792 6.277238195764316333e+04
9.82024 6.277430867232781748e+04
9.82257 6.277643544083271991e+04
9.82548 6.277931307959713013e+04
9.82781 6.278174082624678704e+04
9.83014 6.278423346621983364e+04
9.83305 6.278738042373011558e+04
9.83538 6.278987585444849537e+04
9.83771 6.279231167743852711e+04
9.84003 6.279465859258863929e+04
9.84294 6.279742596971030434e+04
9.84527 6.279947865481509507e+04
9.84759 6.280136894247825694e+04
9.85049 6.280347883694395568e+04
9.85281 6.280495232709239644e+04
9.85513 6.280622543201057852e+04
9.85803 6.280752761603076215e+04
9.86035 6.280833405433478038e+04
9.86267 6.280893013359270844e+04
9.86557 6.280938077175465151e+04
9.86789 6.280950857039894618e+04
9.87021 6.280943384831752337e+04
9.87252 6.280916199954305193e+04
9.87542 6.280855513979341049e+04
9.87774 6.280786553699221986e+04
9.88005 6.280700397545370652e+04
9.88295 6.280569936707004672e+04
9.88526 6.280448516215888230e+04
9.88758 6.280312939794598788e+04
9.89048 6.280124817606597935e+04
9.89279 6.279960271053156612e+04
9.89511 6.279783785851297580e+04
9.89801 6.279546835955033021e+04
9.90033 6.279344259038133896e+04
9.90264 6.279129823488965485e+04
9.90554 6.278844450912194588e+04
9.90786 6.278601265149729443e+04
9.91018 6.278343958322575054e+04
9.9125 6.278071359164524620e+04
9.9154 6.277707338960798370e+04
9.91773 6.277396117977743415e+04
9.92005 6.277065777314246225e+04
9.92295 6.276624840733848396e+04
9.92528 6.276248501013794157e+04
9.92761 6.275851112217397167e+04
9.93051 6.275324516927169316e+04
9.93284 6.274880000174902671e+04
9.93517 6.274416073576679628e+04
9.93808 6.273811217708051845e+04
9.94041 6.273309341299685912e+04
9.94273 6.272794506852548511e+04
